7542 external/tcmalloc+/tcmalloc/internal/system_allocator.h:713] Warning: Unable to mbind memory (errno=1, base=0x199dc0000000, nodemask=2)
{"event": "setup", "schema": "mojolearn.lm-step-memory-probe.v3", "shape": {"batch": 4, "length": 2048, "d_model": 768, "n_heads": 12, "n_kv": 12, "head_dim": 64, "intermediate": 2048, "n_layers": 12, "vocab_size": 50257}, "profile": "mojolearn.byte-lm.b4-l2048-d768-h12-kv12-hd64-ff2048-v50257-blocks12.fp32.v3", "parameters": 162147840, "n_tensors": 110, "tokens_per_step": 8192, "seed": 93261, "budget_seconds": 900.0, "resident": true, "step_result": "lean", "witness_every_step": false, "witness_source": "export_gradients(named=False) + export_state() once after the last untimed step", "corpus": null, "attention_arm": "stash_tiled_fgrid_r32_qres_pf_estash_dres_kvgrid_r32_bswz", "attention_arm_source": "binding", "attention_arm_requested": null, "attention_arm_default": "stash_tiled_fgrid_r32_qres_pf_estash_dres_kvgrid_r32_bswz", "attention_arm_is_default": true, "attention_arm_resolved_hd64": "stash_tiled_fgrid_r32_qres_pf_estash_dres_kvgrid_r32_bswz", "attention_arm_trial_build": false, "gemm_arm": null, "gemm_plan": null, "step_glue_arm": "optskip_noshadow_rows16", "step_glue_arm_requested": null, "step_glue_trial_build": false, "gemm_arm_requested": null, "attention_path_requested": null, "numeric_mode_env": "identical", "runtime": {"binding_file": "/root/mojolearn/python/mojolearn/identical/_mojolearn_byte_lm.so", "binding_sha256": "f1ce6c1c02dc29b43ffabefde99ab41dccc3b06c1a0bd533174bbffe3c8597d1", "native_attention_arm": {"arm": "stash_tiled_fgrid_r32_qres_pf_estash_dres_kvgrid_r32_bswz", "default": "stash_tiled_fgrid_r32_qres_pf_estash_dres_kvgrid_r32_bswz", "memory_profile": "v1-alias-y-estash", "resolved_hd64": "stash_tiled_fgrid_r32_qres_pf_estash_dres_kvgrid_r32_bswz", "retained_exp_bytes_per_layer": 805306368, "trial_build": false}, "native_numeric_mode": 1, "native_profile": "mojolearn.byte-lm.b2-l32-d32-h4-kv2-ff64-v256-blocks2.fp32.v1", "native_step_glue_arm": {"arm": "optskip_noshadow_rows16", "trial_build": false}, "native_vendor": "cuda", "source_scope": "available direct source files; binding SHA identifies the compiled artifact", "source_sha256": {"bindings/_mojolearn_byte_lm.mojo": "e969c5f1455ec8f4574f1a572d0dd4a68ee4944d54213d93fa1fec9b01779297", "loaded_python_wrapper": "e7ad90bc5f0855994dfee66f89aba9fa8ca731192bb0e49462e557dbb4e7e95b", "python/mojolearn/_byte_lm_config.py": "c9cb374bbbe97266ca08f2e3d0b185fc80b707ae45ec4ba425d793d261304acc", "python/mojolearn/_byte_lm_impl.py": "e7ad90bc5f0855994dfee66f89aba9fa8ca731192bb0e49462e557dbb4e7e95b", "python/mojolearn/language_model.py": "4e84ad0955cfc7b7dc0c884d1abcae7f59943d93bee337ac4a16b92be9718925", "training/byte_lm.mojo": "a319eb9f21b593fc55d6a688dad63ef0b483e1fa1aa8605720c2434044697a9e", "training/byte_lm_config.mojo": "753c00494553dd9c17a7eb082b75a6fab97f9d2b2272aaa848a4d8eae95cfbb2"}, "schema": "small-byte-lm.run-metadata.v1", "qualification": "authored/unqualified", "profile": "mojolearn.byte-lm.b4-l2048-d768-h12-kv12-hd64-ff2048-v50257-blocks12.fp32.v3", "device_state_lifetime": "resident", "step_result": "lean", "last_export_step": 0, "config": {"lr": 0.0010000000474974513, "beta1": 0.8999999761581421, "beta2": 0.9990000128746033, "eps": 9.99999993922529e-09, "weight_decay": 0.009999999776482582, "kind": 2, "momentum": 0.0, "dampening": 0.0, "nesterov": false, "max_norm": 0.0}, "data_schedule": {"batches": "synthetic uniform token ids, no corpus", "fixture": "lm step memory probe", "seed": 93261}, "completed_steps": 0, "next_batch_index": 0}, "initial_parameters_sha256": "0e36d8d036d8c4cf9704babd096061006e48071187c793c6ee471e05b449572e", "host_before_first_call": {"vm_rss_bytes": 2663010304, "vm_hwm_bytes": 3309166592, "ru_maxrss_bytes": 3309166592, "boundary": "process host memory (Python + native + pinned staging); not device memory"}, "device_tool": "nvidia-smi", "qualification": "complete-step probe at the named shape; not an opponent ratio, not a default gate", "t": 1790303011.818886}
{"event": "step_start", "step": 1, "first_call_includes_setup": true, "ids_sha256": "4c3173b59505e42cb35db9dfd2043e3d5f6b7a7c0a9a1ab02e22b7155592932f", "t": 1790303011.8193316}
7542 external/tcmalloc+/tcmalloc/internal/system_allocator.h:713] Warning: Unable to mbind memory (errno=1, base=0x199e00000000, nodemask=2)
7542 external/tcmalloc+/tcmalloc/internal/system_allocator.h:713] Warning: Unable to mbind memory (errno=1, base=0x199e40000000, nodemask=2)
{"event": "step_end", "step": 1, "seconds": 11.889353293925524, "tokens_per_second": 689.0198144070152, "first_call_includes_setup": true, "timing_boundary": "public train_step call; native binding synchronizes the context before publishing outputs; includes host readbacks, validation and gradient copies", "step_result": "lean", "witnessed": false, "witness_export_seconds": null, "loss": 10.953535079956055, "sha256": {"loss": "676298dabb30bfc447f559ec749969a51a51a5c8a60a884d6a185a0d75760e8e"}, "completed_steps": 1, "host": {"vm_rss_bytes": 2273009664, "vm_hwm_bytes": 8103612416, "ru_maxrss_bytes": 8103612416, "boundary": "process host memory (Python + native + pinned staging); not device memory"}, "device": {"tool": "nvidia-smi", "peak_process_bytes": 37346082816, "peak_device_bytes": 36820746240, "device_total_bytes": 85520809984, "sample_interval_seconds": 0.2, "samples_total": 31, "errors_total": 0, "boundary": "vendor tool polled at the interval; peaks shorter than one interval are missed; device-wide used memory includes other processes; torch.cuda allocator statistics do not cover Mojo allocations and are not used"}, "t": 1790303023.708926}
{"event": "final_witness", "step": 1, "completed_steps": 1, "sha256": {"gradients": "222551acedc86be39bdd374a7869c41751a7b05dbb50140370e93da8179466e9", "parameters": "5516ffe5f550c0ca9370e288f40aa4c0c0fd5165ea3748ec9a42edb05ddfed8c", "m": "4067b3e959bc497a39a9782c99a94314894d9df2a78a41346e1f0013ad63b6d3", "v": "d65224fdf2e00685f91db419898013f61f74371718aaf1a853b0e963bd9403e6", "flags": "360d579dbd14759b41afdf7fb5e80c0101e15150ae401d59f92a1e32d129f7cb"}, "export_seconds": 12.044220333918929, "source": "export_gradients(named=False) + export_state() once after the last untimed step", "t": 1790303035.7535841}
{"event": "component_timing_step_start", "timing_step": 1, "note": "MOJOLEARN_TRANSFORMER_TIMING=1; not a timing sample", "t": 1790303035.7541432}
timing step.py_tokens 0.6336783990263939 ms
timing step.py_tokens_bytes 32784 bytes
timing step.bind_scalar_admission 0.008221 ms
timing step.upload_inputs 0.217966 ms
timing step.upload_inputs_bytes 65536 bytes
timing step.unpack_weights 0.936742 ms
timing step.unpack_weights_bytes 648591360 bytes
timing step.embedding_forward 0.137958 ms
timing fwd.refuse_call 0.06994 ms
timing launches.fwd.refuse_call 2 count
timing syncs.fwd.refuse_call 2 count
timing fwd.norm1 0.184703 ms
timing launches.fwd.norm1 1 count
timing syncs.fwd.norm1 0 count
timing block.norm1 0.268442 ms
timing fwd.q_proj 0.483101 ms
timing launches.fwd.q_proj 0 count
timing syncs.fwd.q_proj 0 count
timing gemm.proj_fwd 0.483101 ms
timing launches.gemm.proj_fwd 0 count
timing syncs.gemm.proj_fwd 0 count
timing fwd.k_proj 0.476625 ms
timing launches.fwd.k_proj 0 count
timing syncs.fwd.k_proj 0 count
timing gemm.proj_fwd 0.476625 ms
timing launches.gemm.proj_fwd 0 count
timing syncs.gemm.proj_fwd 0 count
timing fwd.v_proj 0.47559 ms
timing launches.fwd.v_proj 0 count
timing syncs.fwd.v_proj 0 count
timing gemm.proj_fwd 0.47559 ms
timing launches.gemm.proj_fwd 0 count
timing syncs.gemm.proj_fwd 0 count
timing attn.qkv_proj 1.461444 ms
timing attn.rope_and_cache 0.255674 ms
timing attn.fwd_regime_scan 0.180782 ms
timing attn.fwd_r2_keep_kernel 5.728494 ms
timing attn.fwd_corner_flag 0.025832 ms
timing attn.core 5.942662 ms
timing fwd.o_proj 0.476136 ms
timing launches.fwd.o_proj 0 count
timing syncs.fwd.o_proj 0 count
timing gemm.proj_fwd 0.476136 ms
timing launches.gemm.proj_fwd 0 count
timing syncs.gemm.proj_fwd 0 count
timing attn.o_proj 0.486142 ms
timing block.attention_total 8.150632 ms
timing fwd.residual1_add 0.044797 ms
timing launches.fwd.residual1_add 1 count
timing syncs.fwd.residual1_add 0 count
timing fwd.norm2 0.194215 ms
timing launches.fwd.norm2 1 count
timing syncs.fwd.norm2 0 count
timing fwd.gate_proj 1.246587 ms
timing launches.fwd.gate_proj 0 count
timing syncs.fwd.gate_proj 0 count
timing gemm.gateup_fwd 1.246587 ms
timing launches.gemm.gateup_fwd 0 count
timing syncs.gemm.gateup_fwd 0 count
timing fwd.up_proj 1.244698 ms
timing launches.fwd.up_proj 0 count
timing syncs.fwd.up_proj 0 count
timing gemm.gateup_fwd 1.244698 ms
timing launches.gemm.gateup_fwd 0 count
timing syncs.gemm.gateup_fwd 0 count
timing fwd.silu 0.093145 ms
timing launches.fwd.silu 1 count
timing syncs.fwd.silu 0 count
timing fwd.gate_mul 0.094676 ms
timing launches.fwd.gate_mul 1 count
timing syncs.fwd.gate_mul 0 count
timing fwd.down_proj 1.268246 ms
timing launches.fwd.down_proj 0 count
timing syncs.fwd.down_proj 0 count
timing gemm.down_fwd 1.268246 ms
timing launches.gemm.down_fwd 0 count
timing syncs.gemm.down_fwd 0 count
timing fwd.residual2_add 0.044225 ms
timing launches.fwd.residual2_add 1 count
timing syncs.fwd.residual2_add 0 count
timing block.mlp_and_residuals 4.310788 ms
timing fwd.refuse_call 0.069795 ms
timing launches.fwd.refuse_call 2 count
timing syncs.fwd.refuse_call 2 count
timing fwd.norm1 0.177636 ms
timing launches.fwd.norm1 1 count
timing syncs.fwd.norm1 0 count
timing block.norm1 0.261411 ms
timing fwd.q_proj 0.478042 ms
timing launches.fwd.q_proj 0 count
timing syncs.fwd.q_proj 0 count
timing gemm.proj_fwd 0.478042 ms
timing launches.gemm.proj_fwd 0 count
timing syncs.gemm.proj_fwd 0 count
timing fwd.k_proj 0.478168 ms
timing launches.fwd.k_proj 0 count
timing syncs.fwd.k_proj 0 count
timing gemm.proj_fwd 0.478168 ms
timing launches.gemm.proj_fwd 0 count
timing syncs.gemm.proj_fwd 0 count
timing fwd.v_proj 0.474502 ms
timing launches.fwd.v_proj 0 count
timing syncs.fwd.v_proj 0 count
timing gemm.proj_fwd 0.474502 ms
timing launches.gemm.proj_fwd 0 count
timing syncs.gemm.proj_fwd 0 count
timing attn.qkv_proj 1.458562 ms
timing attn.rope_and_cache 0.252451 ms
timing attn.fwd_regime_scan 0.170194 ms
timing attn.fwd_r2_keep_kernel 5.701922 ms
timing attn.fwd_corner_flag 0.022086 ms
timing attn.core 5.90115 ms
timing fwd.o_proj 0.474705 ms
timing launches.fwd.o_proj 0 count
timing syncs.fwd.o_proj 0 count
timing gemm.proj_fwd 0.474705 ms
timing launches.gemm.proj_fwd 0 count
timing syncs.gemm.proj_fwd 0 count
timing attn.o_proj 0.484691 ms
timing block.attention_total 8.10057 ms
timing fwd.residual1_add 0.040925 ms
timing launches.fwd.residual1_add 1 count
timing syncs.fwd.residual1_add 0 count
timing fwd.norm2 0.197141 ms
timing launches.fwd.norm2 1 count
timing syncs.fwd.norm2 0 count
timing fwd.gate_proj 1.245125 ms
timing launches.fwd.gate_proj 0 count
timing syncs.fwd.gate_proj 0 count
timing gemm.gateup_fwd 1.245125 ms
timing launches.gemm.gateup_fwd 0 count
timing syncs.gemm.gateup_fwd 0 count
timing fwd.up_proj 1.235824 ms
timing launches.fwd.up_proj 0 count
timing syncs.fwd.up_proj 0 count
timing gemm.gateup_fwd 1.235824 ms
timing launches.gemm.gateup_fwd 0 count
timing syncs.gemm.gateup_fwd 0 count
timing fwd.silu 0.090979 ms
timing launches.fwd.silu 1 count
timing syncs.fwd.silu 0 count
timing fwd.gate_mul 0.090772 ms
timing launches.fwd.gate_mul 1 count
timing syncs.fwd.gate_mul 0 count
timing fwd.down_proj 1.267191 ms
timing launches.fwd.down_proj 0 count
timing syncs.fwd.down_proj 0 count
timing gemm.down_fwd 1.267191 ms
timing launches.gemm.down_fwd 0 count
timing syncs.gemm.down_fwd 0 count
timing fwd.residual2_add 0.042768 ms
timing launches.fwd.residual2_add 1 count
timing syncs.fwd.residual2_add 0 count
timing block.mlp_and_residuals 4.260221 ms
timing fwd.refuse_call 0.066721 ms
timing launches.fwd.refuse_call 2 count
timing syncs.fwd.refuse_call 2 count
timing fwd.norm1 0.185241 ms
timing launches.fwd.norm1 1 count
timing syncs.fwd.norm1 0 count
timing block.norm1 0.263121 ms
timing fwd.q_proj 0.476729 ms
timing launches.fwd.q_proj 0 count
timing syncs.fwd.q_proj 0 count
timing gemm.proj_fwd 0.476729 ms
timing launches.gemm.proj_fwd 0 count
timing syncs.gemm.proj_fwd 0 count
timing fwd.k_proj 0.476902 ms
timing launches.fwd.k_proj 0 count
timing syncs.fwd.k_proj 0 count
timing gemm.proj_fwd 0.476902 ms
timing launches.gemm.proj_fwd 0 count
timing syncs.gemm.proj_fwd 0 count
timing fwd.v_proj 0.476955 ms
timing launches.fwd.v_proj 0 count
timing syncs.fwd.v_proj 0 count
timing gemm.proj_fwd 0.476955 ms
timing launches.gemm.proj_fwd 0 count
timing syncs.gemm.proj_fwd 0 count
timing attn.qkv_proj 1.454009 ms
timing attn.rope_and_cache 0.251015 ms
timing attn.fwd_regime_scan 0.161094 ms
timing attn.fwd_r2_keep_kernel 5.710323 ms
timing attn.fwd_corner_flag 0.029071 ms
timing attn.core 5.910005 ms
timing fwd.o_proj 0.475698 ms
timing launches.fwd.o_proj 0 count
timing syncs.fwd.o_proj 0 count
timing gemm.proj_fwd 0.475698 ms
timing launches.gemm.proj_fwd 0 count
timing syncs.gemm.proj_fwd 0 count
timing attn.o_proj 0.48947 ms
timing block.attention_total 8.109753 ms
timing fwd.residual1_add 0.04165 ms
timing launches.fwd.residual1_add 1 count
timing syncs.fwd.residual1_add 0 count
timing fwd.norm2 0.194929 ms
timing launches.fwd.norm2 1 count
timing syncs.fwd.norm2 0 count
timing fwd.gate_proj 1.245965 ms
timing launches.fwd.gate_proj 0 count
timing syncs.fwd.gate_proj 0 count
timing gemm.gateup_fwd 1.245965 ms
timing launches.gemm.gateup_fwd 0 count
timing syncs.gemm.gateup_fwd 0 count
timing fwd.up_proj 1.246541 ms
timing launches.fwd.up_proj 0 count
timing syncs.fwd.up_proj 0 count
timing gemm.gateup_fwd 1.246541 ms
timing launches.gemm.gateup_fwd 0 count
timing syncs.gemm.gateup_fwd 0 count
timing fwd.silu 0.093206 ms
timing launches.fwd.silu 1 count
timing syncs.fwd.silu 0 count
timing fwd.gate_mul 0.089306 ms
timing launches.fwd.gate_mul 1 count
timing syncs.fwd.gate_mul 0 count
timing fwd.down_proj 1.264619 ms
timing launches.fwd.down_proj 0 count
timing syncs.fwd.down_proj 0 count
timing gemm.down_fwd 1.264619 ms
timing launches.gemm.down_fwd 0 count
timing syncs.gemm.down_fwd 0 count
timing fwd.residual2_add 0.044768 ms
timing launches.fwd.residual2_add 1 count
timing syncs.fwd.residual2_add 0 count
timing block.mlp_and_residuals 4.285416 ms
timing fwd.refuse_call 0.070764 ms
timing launches.fwd.refuse_call 2 count
timing syncs.fwd.refuse_call 2 count
timing fwd.norm1 0.178841 ms
timing launches.fwd.norm1 1 count
timing syncs.fwd.norm1 0 count
timing block.norm1 0.259147 ms
timing fwd.q_proj 0.480065 ms
timing launches.fwd.q_proj 0 count
timing syncs.fwd.q_proj 0 count
timing gemm.proj_fwd 0.480065 ms
timing launches.gemm.proj_fwd 0 count
timing syncs.gemm.proj_fwd 0 count
timing fwd.k_proj 0.477409 ms
timing launches.fwd.k_proj 0 count
timing syncs.fwd.k_proj 0 count
timing gemm.proj_fwd 0.477409 ms
timing launches.gemm.proj_fwd 0 count
timing syncs.gemm.proj_fwd 0 count
timing fwd.v_proj 0.482649 ms
timing launches.fwd.v_proj 0 count
timing syncs.fwd.v_proj 0 count
timing gemm.proj_fwd 0.482649 ms
timing launches.gemm.proj_fwd 0 count
timing syncs.gemm.proj_fwd 0 count
timing attn.qkv_proj 1.471202 ms
timing attn.rope_and_cache 0.253908 ms
timing attn.fwd_regime_scan 0.158653 ms
timing attn.fwd_r2_keep_kernel 5.712222 ms
timing attn.fwd_corner_flag 0.021724 ms
timing attn.core 5.897881 ms
timing fwd.o_proj 0.4748 ms
timing launches.fwd.o_proj 0 count
timing syncs.fwd.o_proj 0 count
timing gemm.proj_fwd 0.4748 ms
timing launches.gemm.proj_fwd 0 count
timing syncs.gemm.proj_fwd 0 count
timing attn.o_proj 0.491749 ms
timing block.attention_total 8.120612 ms
timing fwd.residual1_add 0.042556 ms
timing launches.fwd.residual1_add 1 count
timing syncs.fwd.residual1_add 0 count
timing fwd.norm2 0.194272 ms
timing launches.fwd.norm2 1 count
timing syncs.fwd.norm2 0 count
timing fwd.gate_proj 1.245279 ms
timing launches.fwd.gate_proj 0 count
timing syncs.fwd.gate_proj 0 count
timing gemm.gateup_fwd 1.245279 ms
timing launches.gemm.gateup_fwd 0 count
timing syncs.gemm.gateup_fwd 0 count
timing fwd.up_proj 1.244247 ms
timing launches.fwd.up_proj 0 count
timing syncs.fwd.up_proj 0 count
timing gemm.gateup_fwd 1.244247 ms
timing launches.gemm.gateup_fwd 0 count
timing syncs.gemm.gateup_fwd 0 count
timing fwd.silu 0.091625 ms
timing launches.fwd.silu 1 count
timing syncs.fwd.silu 0 count
timing fwd.gate_mul 0.08926 ms
timing launches.fwd.gate_mul 1 count
timing syncs.fwd.gate_mul 0 count
timing fwd.down_proj 1.261623 ms
timing launches.fwd.down_proj 0 count
timing syncs.fwd.down_proj 0 count
timing gemm.down_fwd 1.261623 ms
timing launches.gemm.down_fwd 0 count
timing syncs.gemm.down_fwd 0 count
timing fwd.residual2_add 0.039519 ms
timing launches.fwd.residual2_add 1 count
timing syncs.fwd.residual2_add 0 count
timing block.mlp_and_residuals 4.268275 ms
timing fwd.refuse_call 0.072048 ms
timing launches.fwd.refuse_call 2 count
timing syncs.fwd.refuse_call 2 count
timing fwd.norm1 0.17988 ms
timing launches.fwd.norm1 1 count
timing syncs.fwd.norm1 0 count
timing block.norm1 0.267258 ms
timing fwd.q_proj 0.478881 ms
timing launches.fwd.q_proj 0 count
timing syncs.fwd.q_proj 0 count
timing gemm.proj_fwd 0.478881 ms
timing launches.gemm.proj_fwd 0 count
timing syncs.gemm.proj_fwd 0 count
timing fwd.k_proj 0.476558 ms
timing launches.fwd.k_proj 0 count
timing syncs.fwd.k_proj 0 count
timing gemm.proj_fwd 0.476558 ms
timing launches.gemm.proj_fwd 0 count
timing syncs.gemm.proj_fwd 0 count
timing fwd.v_proj 0.475396 ms
timing launches.fwd.v_proj 0 count
timing syncs.fwd.v_proj 0 count
timing gemm.proj_fwd 0.475396 ms
timing launches.gemm.proj_fwd 0 count
timing syncs.gemm.proj_fwd 0 count
timing attn.qkv_proj 1.451693 ms
timing attn.rope_and_cache 0.250508 ms
timing attn.fwd_regime_scan 0.15035 ms
timing attn.fwd_r2_keep_kernel 5.711596 ms
timing attn.fwd_corner_flag 0.031134 ms
timing attn.core 5.89824 ms
timing fwd.o_proj 0.476875 ms
timing launches.fwd.o_proj 0 count
timing syncs.fwd.o_proj 0 count
timing gemm.proj_fwd 0.476875 ms
timing launches.gemm.proj_fwd 0 count
timing syncs.gemm.proj_fwd 0 count
timing attn.o_proj 0.490883 ms
timing block.attention_total 8.096626 ms
timing fwd.residual1_add 0.041074 ms
timing launches.fwd.residual1_add 1 count
timing syncs.fwd.residual1_add 0 count
timing fwd.norm2 0.192192 ms
timing launches.fwd.norm2 1 count
timing syncs.fwd.norm2 0 count
timing fwd.gate_proj 1.245174 ms
timing launches.fwd.gate_proj 0 count
timing syncs.fwd.gate_proj 0 count
timing gemm.gateup_fwd 1.245174 ms
timing launches.gemm.gateup_fwd 0 count
timing syncs.gemm.gateup_fwd 0 count
timing fwd.up_proj 1.253449 ms
timing launches.fwd.up_proj 0 count
timing syncs.fwd.up_proj 0 count
timing gemm.gateup_fwd 1.253449 ms
timing launches.gemm.gateup_fwd 0 count
timing syncs.gemm.gateup_fwd 0 count
timing fwd.silu 0.089064 ms
timing launches.fwd.silu 1 count
timing syncs.fwd.silu 0 count
timing fwd.gate_mul 0.091244 ms
timing launches.fwd.gate_mul 1 count
timing syncs.fwd.gate_mul 0 count
timing fwd.down_proj 1.264982 ms
timing launches.fwd.down_proj 0 count
timing syncs.fwd.down_proj 0 count
timing gemm.down_fwd 1.264982 ms
timing launches.gemm.down_fwd 0 count
timing syncs.gemm.down_fwd 0 count
timing fwd.residual2_add 0.039221 ms
timing launches.fwd.residual2_add 1 count
timing syncs.fwd.residual2_add 0 count
timing block.mlp_and_residuals 4.268833 ms
timing fwd.refuse_call 0.066936 ms
timing launches.fwd.refuse_call 2 count
timing syncs.fwd.refuse_call 2 count
timing fwd.norm1 0.185813 ms
timing launches.fwd.norm1 1 count
timing syncs.fwd.norm1 0 count
timing block.norm1 0.264733 ms
timing fwd.q_proj 0.477612 ms
timing launches.fwd.q_proj 0 count
timing syncs.fwd.q_proj 0 count
timing gemm.proj_fwd 0.477612 ms
timing launches.gemm.proj_fwd 0 count
timing syncs.gemm.proj_fwd 0 count
timing fwd.k_proj 0.480979 ms
timing launches.fwd.k_proj 0 count
timing syncs.fwd.k_proj 0 count
timing gemm.proj_fwd 0.480979 ms
timing launches.gemm.proj_fwd 0 count
timing syncs.gemm.proj_fwd 0 count
timing fwd.v_proj 0.478033 ms
timing launches.fwd.v_proj 0 count
timing syncs.fwd.v_proj 0 count
timing gemm.proj_fwd 0.478033 ms
timing launches.gemm.proj_fwd 0 count
timing syncs.gemm.proj_fwd 0 count
timing attn.qkv_proj 1.467098 ms
timing attn.rope_and_cache 0.253008 ms
timing attn.fwd_regime_scan 0.175959 ms
timing attn.fwd_r2_keep_kernel 5.703032 ms
timing attn.fwd_corner_flag 0.024019 ms
timing attn.core 5.910673 ms
timing fwd.o_proj 0.476223 ms
timing launches.fwd.o_proj 0 count
timing syncs.fwd.o_proj 0 count
timing gemm.proj_fwd 0.476223 ms
timing launches.gemm.proj_fwd 0 count
timing syncs.gemm.proj_fwd 0 count
timing attn.o_proj 0.487028 ms
timing block.attention_total 8.1234 ms
timing fwd.residual1_add 0.047681 ms
timing launches.fwd.residual1_add 1 count
timing syncs.fwd.residual1_add 0 count
timing fwd.norm2 0.191274 ms
timing launches.fwd.norm2 1 count
timing syncs.fwd.norm2 0 count
timing fwd.gate_proj 1.246926 ms
timing launches.fwd.gate_proj 0 count
timing syncs.fwd.gate_proj 0 count
timing gemm.gateup_fwd 1.246926 ms
timing launches.gemm.gateup_fwd 0 count
timing syncs.gemm.gateup_fwd 0 count
timing fwd.up_proj 1.245392 ms
timing launches.fwd.up_proj 0 count
timing syncs.fwd.up_proj 0 count
timing gemm.gateup_fwd 1.245392 ms
timing launches.gemm.gateup_fwd 0 count
timing syncs.gemm.gateup_fwd 0 count
timing fwd.silu 0.092147 ms
timing launches.fwd.silu 1 count
timing syncs.fwd.silu 0 count
timing fwd.gate_mul 0.089452 ms
timing launches.fwd.gate_mul 1 count
timing syncs.fwd.gate_mul 0 count
timing fwd.down_proj 1.262819 ms
timing launches.fwd.down_proj 0 count
timing syncs.fwd.down_proj 0 count
timing gemm.down_fwd 1.262819 ms
timing launches.gemm.down_fwd 0 count
timing syncs.gemm.down_fwd 0 count
timing fwd.residual2_add 0.0425 ms
timing launches.fwd.residual2_add 1 count
timing syncs.fwd.residual2_add 0 count
timing block.mlp_and_residuals 4.276471 ms
timing fwd.refuse_call 0.068937 ms
timing launches.fwd.refuse_call 2 count
timing syncs.fwd.refuse_call 2 count
timing fwd.norm1 0.184467 ms
timing launches.fwd.norm1 1 count
timing syncs.fwd.norm1 0 count
timing block.norm1 0.265066 ms
timing fwd.q_proj 0.478609 ms
timing launches.fwd.q_proj 0 count
timing syncs.fwd.q_proj 0 count
timing gemm.proj_fwd 0.478609 ms
timing launches.gemm.proj_fwd 0 count
timing syncs.gemm.proj_fwd 0 count
timing fwd.k_proj 0.478295 ms
timing launches.fwd.k_proj 0 count
timing syncs.fwd.k_proj 0 count
timing gemm.proj_fwd 0.478295 ms
timing launches.gemm.proj_fwd 0 count
timing syncs.gemm.proj_fwd 0 count
timing fwd.v_proj 0.475411 ms
timing launches.fwd.v_proj 0 count
timing syncs.fwd.v_proj 0 count
timing gemm.proj_fwd 0.475411 ms
timing launches.gemm.proj_fwd 0 count
timing syncs.gemm.proj_fwd 0 count
timing attn.qkv_proj 1.45936 ms
timing attn.rope_and_cache 0.25058 ms
timing attn.fwd_regime_scan 0.152133 ms
timing attn.fwd_r2_keep_kernel 5.713088 ms
timing attn.fwd_corner_flag 0.02206 ms
timing attn.core 5.892581 ms
timing fwd.o_proj 0.481322 ms
timing launches.fwd.o_proj 0 count
timing syncs.fwd.o_proj 0 count
timing gemm.proj_fwd 0.481322 ms
timing launches.gemm.proj_fwd 0 count
timing syncs.gemm.proj_fwd 0 count
timing attn.o_proj 0.49582 ms
timing block.attention_total 8.10387 ms
timing fwd.residual1_add 0.040707 ms
timing launches.fwd.residual1_add 1 count
timing syncs.fwd.residual1_add 0 count
timing fwd.norm2 0.196368 ms
timing launches.fwd.norm2 1 count
timing syncs.fwd.norm2 0 count
timing fwd.gate_proj 1.248468 ms
timing launches.fwd.gate_proj 0 count
timing syncs.fwd.gate_proj 0 count
timing gemm.gateup_fwd 1.248468 ms
timing launches.gemm.gateup_fwd 0 count
timing syncs.gemm.gateup_fwd 0 count
timing fwd.up_proj 1.247277 ms
timing launches.fwd.up_proj 0 count
timing syncs.fwd.up_proj 0 count
timing gemm.gateup_fwd 1.247277 ms
timing launches.gemm.gateup_fwd 0 count
timing syncs.gemm.gateup_fwd 0 count
timing fwd.silu 0.093958 ms
timing launches.fwd.silu 1 count
timing syncs.fwd.silu 0 count
timing fwd.gate_mul 0.090597 ms
timing launches.fwd.gate_mul 1 count
timing syncs.fwd.gate_mul 0 count
timing fwd.down_proj 1.268314 ms
timing launches.fwd.down_proj 0 count
timing syncs.fwd.down_proj 0 count
timing gemm.down_fwd 1.268314 ms
timing launches.gemm.down_fwd 0 count
timing syncs.gemm.down_fwd 0 count
timing fwd.residual2_add 0.043637 ms
timing launches.fwd.residual2_add 1 count
timing syncs.fwd.residual2_add 0 count
timing block.mlp_and_residuals 4.299597 ms
timing fwd.refuse_call 0.078401 ms
timing launches.fwd.refuse_call 2 count
timing syncs.fwd.refuse_call 2 count
timing fwd.norm1 0.180226 ms
timing launches.fwd.norm1 1 count
timing syncs.fwd.norm1 0 count
timing block.norm1 0.271725 ms
timing fwd.q_proj 0.479063 ms
timing launches.fwd.q_proj 0 count
timing syncs.fwd.q_proj 0 count
timing gemm.proj_fwd 0.479063 ms
timing launches.gemm.proj_fwd 0 count
timing syncs.gemm.proj_fwd 0 count
timing fwd.k_proj 0.478616 ms
timing launches.fwd.k_proj 0 count
timing syncs.fwd.k_proj 0 count
timing gemm.proj_fwd 0.478616 ms
timing launches.gemm.proj_fwd 0 count
timing syncs.gemm.proj_fwd 0 count
timing fwd.v_proj 0.47688 ms
timing launches.fwd.v_proj 0 count
timing syncs.fwd.v_proj 0 count
timing gemm.proj_fwd 0.47688 ms
timing launches.gemm.proj_fwd 0 count
timing syncs.gemm.proj_fwd 0 count
timing attn.qkv_proj 1.465998 ms
timing attn.rope_and_cache 0.257238 ms
timing attn.fwd_regime_scan 0.174883 ms
timing attn.fwd_r2_keep_kernel 5.711515 ms
timing attn.fwd_corner_flag 0.021563 ms
timing attn.core 5.914178 ms
timing fwd.o_proj 0.476011 ms
timing launches.fwd.o_proj 0 count
timing syncs.fwd.o_proj 0 count
timing gemm.proj_fwd 0.476011 ms
timing launches.gemm.proj_fwd 0 count
timing syncs.gemm.proj_fwd 0 count
timing attn.o_proj 0.485629 ms
timing block.attention_total 8.126593 ms
timing fwd.residual1_add 0.042803 ms
timing launches.fwd.residual1_add 1 count
timing syncs.fwd.residual1_add 0 count
timing fwd.norm2 0.193978 ms
timing launches.fwd.norm2 1 count
timing syncs.fwd.norm2 0 count
timing fwd.gate_proj 1.243786 ms
timing launches.fwd.gate_proj 0 count
timing syncs.fwd.gate_proj 0 count
timing gemm.gateup_fwd 1.243786 ms
timing launches.gemm.gateup_fwd 0 count
timing syncs.gemm.gateup_fwd 0 count
timing fwd.up_proj 1.248342 ms
timing launches.fwd.up_proj 0 count
timing syncs.fwd.up_proj 0 count
timing gemm.gateup_fwd 1.248342 ms
timing launches.gemm.gateup_fwd 0 count
timing syncs.gemm.gateup_fwd 0 count
timing fwd.silu 0.089231 ms
timing launches.fwd.silu 1 count
timing syncs.fwd.silu 0 count
timing fwd.gate_mul 0.089983 ms
timing launches.fwd.gate_mul 1 count
timing syncs.fwd.gate_mul 0 count
timing fwd.down_proj 1.26474 ms
timing launches.fwd.down_proj 0 count
timing syncs.fwd.down_proj 0 count
timing gemm.down_fwd 1.26474 ms
timing launches.gemm.down_fwd 0 count
timing syncs.gemm.down_fwd 0 count
timing fwd.residual2_add 0.039488 ms
timing launches.fwd.residual2_add 1 count
timing syncs.fwd.residual2_add 0 count
timing block.mlp_and_residuals 4.270536 ms
timing fwd.refuse_call 0.06201 ms
timing launches.fwd.refuse_call 2 count
timing syncs.fwd.refuse_call 2 count
timing fwd.norm1 0.181686 ms
timing launches.fwd.norm1 1 count
timing syncs.fwd.norm1 0 count
timing block.norm1 0.254707 ms
timing fwd.q_proj 0.477624 ms
timing launches.fwd.q_proj 0 count
timing syncs.fwd.q_proj 0 count
timing gemm.proj_fwd 0.477624 ms
timing launches.gemm.proj_fwd 0 count
timing syncs.gemm.proj_fwd 0 count
timing fwd.k_proj 0.477182 ms
timing launches.fwd.k_proj 0 count
timing syncs.fwd.k_proj 0 count
timing gemm.proj_fwd 0.477182 ms
timing launches.gemm.proj_fwd 0 count
timing syncs.gemm.proj_fwd 0 count
timing fwd.v_proj 0.479666 ms
timing launches.fwd.v_proj 0 count
timing syncs.fwd.v_proj 0 count
timing gemm.proj_fwd 0.479666 ms
timing launches.gemm.proj_fwd 0 count
timing syncs.gemm.proj_fwd 0 count
timing attn.qkv_proj 1.457944 ms
timing attn.rope_and_cache 0.250676 ms
timing attn.fwd_regime_scan 0.160084 ms
timing attn.fwd_r2_keep_kernel 5.71106 ms
timing attn.fwd_corner_flag 0.026475 ms
timing attn.core 5.904609 ms
timing fwd.o_proj 0.477175 ms
timing launches.fwd.o_proj 0 count
timing syncs.fwd.o_proj 0 count
timing gemm.proj_fwd 0.477175 ms
timing launches.gemm.proj_fwd 0 count
timing syncs.gemm.proj_fwd 0 count
timing attn.o_proj 0.489477 ms
timing block.attention_total 8.106383 ms
timing fwd.residual1_add 0.040631 ms
timing launches.fwd.residual1_add 1 count
timing syncs.fwd.residual1_add 0 count
timing fwd.norm2 0.190059 ms
timing launches.fwd.norm2 1 count
timing syncs.fwd.norm2 0 count
timing fwd.gate_proj 1.248836 ms
timing launches.fwd.gate_proj 0 count
timing syncs.fwd.gate_proj 0 count
timing gemm.gateup_fwd 1.248836 ms
timing launches.gemm.gateup_fwd 0 count
timing syncs.gemm.gateup_fwd 0 count
timing fwd.up_proj 1.247993 ms
timing launches.fwd.up_proj 0 count
timing syncs.fwd.up_proj 0 count
timing gemm.gateup_fwd 1.247993 ms
timing launches.gemm.gateup_fwd 0 count
timing syncs.gemm.gateup_fwd 0 count
timing fwd.silu 0.094394 ms
timing launches.fwd.silu 1 count
timing syncs.fwd.silu 0 count
timing fwd.gate_mul 0.091508 ms
timing launches.fwd.gate_mul 1 count
timing syncs.fwd.gate_mul 0 count
timing fwd.down_proj 1.271444 ms
timing launches.fwd.down_proj 0 count
timing syncs.fwd.down_proj 0 count
timing gemm.down_fwd 1.271444 ms
timing launches.gemm.down_fwd 0 count
timing syncs.gemm.down_fwd 0 count
timing fwd.residual2_add 0.040598 ms
timing launches.fwd.residual2_add 1 count
timing syncs.fwd.residual2_add 0 count
timing block.mlp_and_residuals 4.272167 ms
timing fwd.refuse_call 0.066974 ms
timing launches.fwd.refuse_call 2 count
timing syncs.fwd.refuse_call 2 count
timing fwd.norm1 0.184496 ms
timing launches.fwd.norm1 1 count
timing syncs.fwd.norm1 0 count
timing block.norm1 0.262762 ms
timing fwd.q_proj 0.47584 ms
timing launches.fwd.q_proj 0 count
timing syncs.fwd.q_proj 0 count
timing gemm.proj_fwd 0.47584 ms
timing launches.gemm.proj_fwd 0 count
timing syncs.gemm.proj_fwd 0 count
timing fwd.k_proj 0.475509 ms
timing launches.fwd.k_proj 0 count
timing syncs.fwd.k_proj 0 count
timing gemm.proj_fwd 0.475509 ms
timing launches.gemm.proj_fwd 0 count
timing syncs.gemm.proj_fwd 0 count
timing fwd.v_proj 0.475713 ms
timing launches.fwd.v_proj 0 count
timing syncs.fwd.v_proj 0 count
timing gemm.proj_fwd 0.475713 ms
timing launches.gemm.proj_fwd 0 count
timing syncs.gemm.proj_fwd 0 count
timing attn.qkv_proj 1.457846 ms
timing attn.rope_and_cache 0.254462 ms
timing attn.fwd_regime_scan 0.174704 ms
timing attn.fwd_r2_keep_kernel 5.713597 ms
timing attn.fwd_corner_flag 0.031199 ms
timing attn.core 5.927409 ms
timing fwd.o_proj 0.478513 ms
timing launches.fwd.o_proj 0 count
timing syncs.fwd.o_proj 0 count
timing gemm.proj_fwd 0.478513 ms
timing launches.gemm.proj_fwd 0 count
timing syncs.gemm.proj_fwd 0 count
timing attn.o_proj 0.491041 ms
timing block.attention_total 8.135658 ms
timing fwd.residual1_add 0.042521 ms
timing launches.fwd.residual1_add 1 count
timing syncs.fwd.residual1_add 0 count
timing fwd.norm2 0.1926 ms
timing launches.fwd.norm2 1 count
timing syncs.fwd.norm2 0 count
timing fwd.gate_proj 1.245678 ms
timing launches.fwd.gate_proj 0 count
timing syncs.fwd.gate_proj 0 count
timing gemm.gateup_fwd 1.245678 ms
timing launches.gemm.gateup_fwd 0 count
timing syncs.gemm.gateup_fwd 0 count
timing fwd.up_proj 1.247287 ms
timing launches.fwd.up_proj 0 count
timing syncs.fwd.up_proj 0 count
timing gemm.gateup_fwd 1.247287 ms
timing launches.gemm.gateup_fwd 0 count
timing syncs.gemm.gateup_fwd 0 count
timing fwd.silu 0.09342 ms
timing launches.fwd.silu 1 count
timing syncs.fwd.silu 0 count
timing fwd.gate_mul 0.089805 ms
timing launches.fwd.gate_mul 1 count
timing syncs.fwd.gate_mul 0 count
timing fwd.down_proj 1.266553 ms
timing launches.fwd.down_proj 0 count
timing syncs.fwd.down_proj 0 count
timing gemm.down_fwd 1.266553 ms
timing launches.gemm.down_fwd 0 count
timing syncs.gemm.down_fwd 0 count
timing fwd.residual2_add 0.042781 ms
timing launches.fwd.residual2_add 1 count
timing syncs.fwd.residual2_add 0 count
timing block.mlp_and_residuals 4.283138 ms
timing fwd.refuse_call 0.077677 ms
timing launches.fwd.refuse_call 2 count
timing syncs.fwd.refuse_call 2 count
timing fwd.norm1 0.178382 ms
timing launches.fwd.norm1 1 count
timing syncs.fwd.norm1 0 count
timing block.norm1 0.27215 ms
timing fwd.q_proj 0.476302 ms
timing launches.fwd.q_proj 0 count
timing syncs.fwd.q_proj 0 count
timing gemm.proj_fwd 0.476302 ms
timing launches.gemm.proj_fwd 0 count
timing syncs.gemm.proj_fwd 0 count
timing fwd.k_proj 0.476939 ms
timing launches.fwd.k_proj 0 count
timing syncs.fwd.k_proj 0 count
timing gemm.proj_fwd 0.476939 ms
timing launches.gemm.proj_fwd 0 count
timing syncs.gemm.proj_fwd 0 count
timing fwd.v_proj 0.47887 ms
timing launches.fwd.v_proj 0 count
timing syncs.fwd.v_proj 0 count
timing gemm.proj_fwd 0.47887 ms
timing launches.gemm.proj_fwd 0 count
timing syncs.gemm.proj_fwd 0 count
timing attn.qkv_proj 1.46024 ms
timing attn.rope_and_cache 0.254402 ms
timing attn.fwd_regime_scan 0.171591 ms
timing attn.fwd_r2_keep_kernel 5.725457 ms
timing attn.fwd_corner_flag 0.026964 ms
timing attn.core 5.928962 ms
timing fwd.o_proj 0.474695 ms
timing launches.fwd.o_proj 0 count
timing syncs.fwd.o_proj 0 count
timing gemm.proj_fwd 0.474695 ms
timing launches.gemm.proj_fwd 0 count
timing syncs.gemm.proj_fwd 0 count
timing attn.o_proj 0.486464 ms
timing block.attention_total 8.136052 ms
timing fwd.residual1_add 0.043477 ms
timing launches.fwd.residual1_add 1 count
timing syncs.fwd.residual1_add 0 count
timing fwd.norm2 0.197492 ms
timing launches.fwd.norm2 1 count
timing syncs.fwd.norm2 0 count
timing fwd.gate_proj 1.241613 ms
timing launches.fwd.gate_proj 0 count
timing syncs.fwd.gate_proj 0 count
timing gemm.gateup_fwd 1.241613 ms
timing launches.gemm.gateup_fwd 0 count
timing syncs.gemm.gateup_fwd 0 count
timing fwd.up_proj 1.244082 ms
timing launches.fwd.up_proj 0 count
timing syncs.fwd.up_proj 0 count
timing gemm.gateup_fwd 1.244082 ms
timing launches.gemm.gateup_fwd 0 count
timing syncs.gemm.gateup_fwd 0 count
timing fwd.silu 0.090265 ms
timing launches.fwd.silu 1 count
timing syncs.fwd.silu 0 count
timing fwd.gate_mul 0.090723 ms
timing launches.fwd.gate_mul 1 count
timing syncs.fwd.gate_mul 0 count
timing fwd.down_proj 1.26293 ms
timing launches.fwd.down_proj 0 count
timing syncs.fwd.down_proj 0 count
timing gemm.down_fwd 1.26293 ms
timing launches.gemm.down_fwd 0 count
timing syncs.gemm.down_fwd 0 count
timing fwd.residual2_add 0.042126 ms
timing launches.fwd.residual2_add 1 count
timing syncs.fwd.residual2_add 0 count
timing block.mlp_and_residuals 4.282141 ms
timing fwd.refuse_call 0.077299 ms
timing launches.fwd.refuse_call 2 count
timing syncs.fwd.refuse_call 2 count
timing fwd.norm1 0.183165 ms
timing launches.fwd.norm1 1 count
timing syncs.fwd.norm1 0 count
timing block.norm1 0.271838 ms
timing fwd.q_proj 0.477002 ms
timing launches.fwd.q_proj 0 count
timing syncs.fwd.q_proj 0 count
timing gemm.proj_fwd 0.477002 ms
timing launches.gemm.proj_fwd 0 count
timing syncs.gemm.proj_fwd 0 count
timing fwd.k_proj 0.479032 ms
timing launches.fwd.k_proj 0 count
timing syncs.fwd.k_proj 0 count
timing gemm.proj_fwd 0.479032 ms
timing launches.gemm.proj_fwd 0 count
timing syncs.gemm.proj_fwd 0 count
timing fwd.v_proj 0.479252 ms
timing launches.fwd.v_proj 0 count
timing syncs.fwd.v_proj 0 count
timing gemm.proj_fwd 0.479252 ms
timing launches.gemm.proj_fwd 0 count
timing syncs.gemm.proj_fwd 0 count
timing attn.qkv_proj 1.46442 ms
timing attn.rope_and_cache 0.255234 ms
timing attn.fwd_regime_scan 0.177687 ms
timing attn.fwd_r2_keep_kernel 5.693619 ms
timing attn.fwd_corner_flag 0.025841 ms
timing attn.core 5.905353 ms
timing fwd.o_proj 0.476522 ms
timing launches.fwd.o_proj 0 count
timing syncs.fwd.o_proj 0 count
timing gemm.proj_fwd 0.476522 ms
timing launches.gemm.proj_fwd 0 count
timing syncs.gemm.proj_fwd 0 count
timing attn.o_proj 0.495245 ms
timing block.attention_total 8.123929 ms
timing fwd.residual1_add 0.041544 ms
timing launches.fwd.residual1_add 1 count
timing syncs.fwd.residual1_add 0 count
timing fwd.norm2 0.194808 ms
timing launches.fwd.norm2 1 count
timing syncs.fwd.norm2 0 count
timing fwd.gate_proj 1.238911 ms
timing launches.fwd.gate_proj 0 count
timing syncs.fwd.gate_proj 0 count
timing gemm.gateup_fwd 1.238911 ms
timing launches.gemm.gateup_fwd 0 count
timing syncs.gemm.gateup_fwd 0 count
timing fwd.up_proj 1.2473 ms
timing launches.fwd.up_proj 0 count
timing syncs.fwd.up_proj 0 count
timing gemm.gateup_fwd 1.2473 ms
timing launches.gemm.gateup_fwd 0 count
timing syncs.gemm.gateup_fwd 0 count
timing fwd.silu 0.090185 ms
timing launches.fwd.silu 1 count
timing syncs.fwd.silu 0 count
timing fwd.gate_mul 0.092448 ms
timing launches.fwd.gate_mul 1 count
timing syncs.fwd.gate_mul 0 count
timing fwd.down_proj 1.261188 ms
timing launches.fwd.down_proj 0 count
timing syncs.fwd.down_proj 0 count
timing gemm.down_fwd 1.261188 ms
timing launches.gemm.down_fwd 0 count
timing syncs.gemm.down_fwd 0 count
timing fwd.residual2_add 0.041889 ms
timing launches.fwd.residual2_add 1 count
timing syncs.fwd.residual2_add 0 count
timing block.mlp_and_residuals 4.263266 ms
timing envelope.blocks_forward 152.032077 ms
timing gemm.head_fwd 30.702184 ms
timing launches.gemm.head_fwd 0 count
timing syncs.gemm.head_fwd 0 count
timing step.head_forward 30.71323 ms
timing step.ce_refuse_scan 1.37033 ms
timing step.ce_refuse_scan_bytes 1646821376 bytes
timing step.ce_refuse_scan_download_bytes 32768 bytes
timing step.ce_forward 8.908588 ms
timing step.loss_download 0.022642 ms
timing step.loss_download_bytes 4 bytes
timing step.ce_backward 3.865698 ms
timing gemm.head_dA 31.477564 ms
timing launches.gemm.head_dA 0 count
timing syncs.gemm.head_dA 0 count
timing step.head_backward_da 31.48996 ms
timing gemm.head_dB 29.668715 ms
timing launches.gemm.head_dB 0 count
timing syncs.gemm.head_dB 0 count
timing step.head_backward_db 29.672666 ms
timing grad.refuse_scan 0.057769 ms
timing launches.grad.refuse_scan 1 count
timing syncs.grad.refuse_scan 1 count
timing grad.residual2_copy 0.040369 ms
timing launches.grad.residual2_copy 1 count
timing syncs.grad.residual2_copy 0 count
timing grad.down_dA 1.229004 ms
timing launches.grad.down_dA 0 count
timing syncs.grad.down_dA 0 count
timing gemm.down_dA 1.229004 ms
timing launches.gemm.down_dA 0 count
timing syncs.gemm.down_dA 0 count
timing grad.down_dB 1.333981 ms
timing launches.grad.down_dB 1 count
timing syncs.grad.down_dB 0 count
timing gemm.down_dB 1.333981 ms
timing launches.gemm.down_dB 1 count
timing syncs.gemm.down_dB 0 count
timing grad.gate_mul 0.18624 ms
timing launches.grad.gate_mul 1 count
timing syncs.grad.gate_mul 0 count
timing grad.silu 0.001886 ms
timing launches.grad.silu 0 count
timing syncs.grad.silu 0 count
timing grad.gate_dB 1.322153 ms
timing launches.grad.gate_dB 1 count
timing syncs.grad.gate_dB 0 count
timing gemm.gateup_dB 1.322153 ms
timing launches.gemm.gateup_dB 1 count
timing syncs.gemm.gateup_dB 0 count
timing grad.up_dB 1.326369 ms
timing launches.grad.up_dB 1 count
timing syncs.grad.up_dB 0 count
timing gemm.gateup_dB 1.326369 ms
timing launches.gemm.gateup_dB 1 count
timing syncs.gemm.gateup_dB 0 count
timing grad.gate_dA 1.25813 ms
timing launches.grad.gate_dA 0 count
timing syncs.grad.gate_dA 0 count
timing gemm.gateup_dA 1.25813 ms
timing launches.gemm.gateup_dA 0 count
timing syncs.gemm.gateup_dA 0 count
timing grad.up_dA 1.25958 ms
timing launches.grad.up_dA 0 count
timing syncs.grad.up_dA 0 count
timing gemm.gateup_dA 1.25958 ms
timing launches.gemm.gateup_dA 0 count
timing syncs.gemm.gateup_dA 0 count
timing grad.gateup_fanin 0.040982 ms
timing launches.grad.gateup_fanin 1 count
timing syncs.grad.gateup_fanin 0 count
timing grad.norm2_kernels 0.191915 ms
timing launches.grad.norm2_kernels 3 count
timing syncs.grad.norm2_kernels 0 count
timing grad.norm2_dW 0.038596 ms
timing launches.grad.norm2_dW 2 count
timing syncs.grad.norm2_dW 1 count
timing gemm.norm_dW 0.038596 ms
timing launches.gemm.norm_dW 2 count
timing syncs.gemm.norm_dW 1 count
timing grad.residual1_add 0.001611 ms
timing launches.grad.residual1_add 0 count
timing syncs.grad.residual1_add 0 count
timing grad.o_copy 0.001673 ms
timing launches.grad.o_copy 0 count
timing syncs.grad.o_copy 0 count
timing grad.o_dA 0.473275 ms
timing launches.grad.o_dA 0 count
timing syncs.grad.o_dA 0 count
timing gemm.proj_dA 0.473275 ms
timing launches.gemm.proj_dA 0 count
timing syncs.gemm.proj_dA 0 count
timing grad.o_dB 0.540365 ms
timing launches.grad.o_dB 1 count
timing syncs.grad.o_dB 0 count
timing gemm.proj_dB 0.540365 ms
timing launches.gemm.proj_dB 1 count
timing syncs.gemm.proj_dB 0 count
timing bwd.mlp_through_oproj 9.404707 ms
timing launches.bwd.mlp_through_oproj 13 count
timing syncs.bwd.mlp_through_oproj 2 count
timing bwd.before_attention 0.001518 ms
timing attn.bwd_regime_scan 0.195078 ms
timing attn.bwd_scratch_alloc 0.013096 ms
timing attn.bwd_zdot_estash_dres_pf 2.833836 ms
timing attn.bwd_dq_tiled_pf 2.492111 ms
timing attn.bwd_kvgrid_dkdv_pf 2.118673 ms
timing attn.bwd_corner_flag 0.036945 ms
timing bwd.attention 7.698021 ms
timing grad.kv_slice 0.07759 ms
timing launches.grad.kv_slice 1 count
timing syncs.grad.kv_slice 0 count
timing grad.rope 0.145956 ms
timing launches.grad.rope 2 count
timing syncs.grad.rope 0 count
timing grad.q_dB 0.546551 ms
timing launches.grad.q_dB 1 count
timing syncs.grad.q_dB 0 count
timing gemm.proj_dB 0.546551 ms
timing launches.gemm.proj_dB 1 count
timing syncs.gemm.proj_dB 0 count
timing grad.k_dB 0.542642 ms
timing launches.grad.k_dB 1 count
timing syncs.grad.k_dB 0 count
timing gemm.proj_dB 0.542642 ms
timing launches.gemm.proj_dB 1 count
timing syncs.gemm.proj_dB 0 count
timing grad.v_dB 0.54528 ms
timing launches.grad.v_dB 1 count
timing syncs.grad.v_dB 0 count
timing gemm.proj_dB 0.54528 ms
timing launches.gemm.proj_dB 1 count
timing syncs.gemm.proj_dB 0 count
timing grad.q_dA 0.47507 ms
timing launches.grad.q_dA 0 count
timing syncs.grad.q_dA 0 count
timing gemm.proj_dA 0.47507 ms
timing launches.gemm.proj_dA 0 count
timing syncs.gemm.proj_dA 0 count
timing grad.k_dA 0.474987 ms
timing launches.grad.k_dA 0 count
timing syncs.grad.k_dA 0 count
timing gemm.proj_dA 0.474987 ms
timing launches.gemm.proj_dA 0 count
timing syncs.gemm.proj_dA 0 count
timing grad.v_dA 0.474969 ms
timing launches.grad.v_dA 0 count
timing syncs.grad.v_dA 0 count
timing gemm.proj_dA 0.474969 ms
timing launches.gemm.proj_dA 0 count
timing syncs.gemm.proj_dA 0 count
timing grad.qkv_fanin 0.050652 ms
timing launches.grad.qkv_fanin 1 count
timing syncs.grad.qkv_fanin 0 count
timing grad.norm1_kernels 0.178683 ms
timing launches.grad.norm1_kernels 3 count
timing syncs.grad.norm1_kernels 0 count
timing grad.norm1_dW 0.040326 ms
timing launches.grad.norm1_dW 2 count
timing syncs.grad.norm1_dW 1 count
timing gemm.norm_dW 0.040326 ms
timing launches.gemm.norm_dW 2 count
timing syncs.gemm.norm_dW 1 count
timing grad.x_add 0.04137 ms
timing launches.grad.x_add 1 count
timing syncs.grad.x_add 0 count
timing bwd.after_attention 3.690314 ms
timing grad.refuse_scan 0.055865 ms
timing launches.grad.refuse_scan 1 count
timing syncs.grad.refuse_scan 1 count
timing grad.residual2_copy 0.040608 ms
timing launches.grad.residual2_copy 1 count
timing syncs.grad.residual2_copy 0 count
timing grad.down_dA 1.233206 ms
timing launches.grad.down_dA 0 count
timing syncs.grad.down_dA 0 count
timing gemm.down_dA 1.233206 ms
timing launches.gemm.down_dA 0 count
timing syncs.gemm.down_dA 0 count
timing grad.down_dB 1.329656 ms
timing launches.grad.down_dB 1 count
timing syncs.grad.down_dB 0 count
timing gemm.down_dB 1.329656 ms
timing launches.gemm.down_dB 1 count
timing syncs.gemm.down_dB 0 count
timing grad.gate_mul 0.190035 ms
timing launches.grad.gate_mul 1 count
timing syncs.grad.gate_mul 0 count
timing grad.silu 0.002593 ms
timing launches.grad.silu 0 count
timing syncs.grad.silu 0 count
timing grad.gate_dB 1.328829 ms
timing launches.grad.gate_dB 1 count
timing syncs.grad.gate_dB 0 count
timing gemm.gateup_dB 1.328829 ms
timing launches.gemm.gateup_dB 1 count
timing syncs.gemm.gateup_dB 0 count
timing grad.up_dB 1.327406 ms
timing launches.grad.up_dB 1 count
timing syncs.grad.up_dB 0 count
timing gemm.gateup_dB 1.327406 ms
timing launches.gemm.gateup_dB 1 count
timing syncs.gemm.gateup_dB 0 count
timing grad.gate_dA 1.262261 ms
timing launches.grad.gate_dA 0 count
timing syncs.grad.gate_dA 0 count
timing gemm.gateup_dA 1.262261 ms
timing launches.gemm.gateup_dA 0 count
timing syncs.gemm.gateup_dA 0 count
timing grad.up_dA 1.25528 ms
timing launches.grad.up_dA 0 count
timing syncs.grad.up_dA 0 count
timing gemm.gateup_dA 1.25528 ms
timing launches.gemm.gateup_dA 0 count
timing syncs.gemm.gateup_dA 0 count
timing grad.gateup_fanin 0.039049 ms
timing launches.grad.gateup_fanin 1 count
timing syncs.grad.gateup_fanin 0 count
timing grad.norm2_kernels 0.190242 ms
timing launches.grad.norm2_kernels 3 count
timing syncs.grad.norm2_kernels 0 count
timing grad.norm2_dW 0.03605 ms
timing launches.grad.norm2_dW 2 count
timing syncs.grad.norm2_dW 1 count
timing gemm.norm_dW 0.03605 ms
timing launches.gemm.norm_dW 2 count
timing syncs.gemm.norm_dW 1 count
timing grad.residual1_add 0.003074 ms
timing launches.grad.residual1_add 0 count
timing syncs.grad.residual1_add 0 count
timing grad.o_copy 0.002391 ms
timing launches.grad.o_copy 0 count
timing syncs.grad.o_copy 0 count
timing grad.o_dA 0.476837 ms
timing launches.grad.o_dA 0 count
timing syncs.grad.o_dA 0 count
timing gemm.proj_dA 0.476837 ms
timing launches.gemm.proj_dA 0 count
timing syncs.gemm.proj_dA 0 count
timing grad.o_dB 0.545219 ms
timing launches.grad.o_dB 1 count
timing syncs.grad.o_dB 0 count
timing gemm.proj_dB 0.545219 ms
timing launches.gemm.proj_dB 1 count
timing syncs.gemm.proj_dB 0 count
timing bwd.mlp_through_oproj 9.442239 ms
timing launches.bwd.mlp_through_oproj 13 count
timing syncs.bwd.mlp_through_oproj 2 count
timing bwd.before_attention 0.002838 ms
timing attn.bwd_regime_scan 0.227592 ms
timing attn.bwd_scratch_alloc 0.012299 ms
timing attn.bwd_zdot_estash_dres_pf 2.840885 ms
timing attn.bwd_dq_tiled_pf 2.511174 ms
timing attn.bwd_kvgrid_dkdv_pf 2.128526 ms
timing attn.bwd_corner_flag 0.032877 ms
timing bwd.attention 7.759775 ms
timing grad.kv_slice 0.076265 ms
timing launches.grad.kv_slice 1 count
timing syncs.grad.kv_slice 0 count
timing grad.rope 0.1449 ms
timing launches.grad.rope 2 count
timing syncs.grad.rope 0 count
timing grad.q_dB 0.552333 ms
timing launches.grad.q_dB 1 count
timing syncs.grad.q_dB 0 count
timing gemm.proj_dB 0.552333 ms
timing launches.gemm.proj_dB 1 count
timing syncs.gemm.proj_dB 0 count
timing grad.k_dB 0.547857 ms
timing launches.grad.k_dB 1 count
timing syncs.grad.k_dB 0 count
timing gemm.proj_dB 0.547857 ms
timing launches.gemm.proj_dB 1 count
timing syncs.gemm.proj_dB 0 count
timing grad.v_dB 0.546834 ms
timing launches.grad.v_dB 1 count
timing syncs.grad.v_dB 0 count
timing gemm.proj_dB 0.546834 ms
timing launches.gemm.proj_dB 1 count
timing syncs.gemm.proj_dB 0 count
timing grad.q_dA 0.476701 ms
timing launches.grad.q_dA 0 count
timing syncs.grad.q_dA 0 count
timing gemm.proj_dA 0.476701 ms
timing launches.gemm.proj_dA 0 count
timing syncs.gemm.proj_dA 0 count
timing grad.k_dA 0.476334 ms
timing launches.grad.k_dA 0 count
timing syncs.grad.k_dA 0 count
timing gemm.proj_dA 0.476334 ms
timing launches.gemm.proj_dA 0 count
timing syncs.gemm.proj_dA 0 count
timing grad.v_dA 0.476718 ms
timing launches.grad.v_dA 0 count
timing syncs.grad.v_dA 0 count
timing gemm.proj_dA 0.476718 ms
timing launches.gemm.proj_dA 0 count
timing syncs.gemm.proj_dA 0 count
timing grad.qkv_fanin 0.048776 ms
timing launches.grad.qkv_fanin 1 count
timing syncs.grad.qkv_fanin 0 count
timing grad.norm1_kernels 0.175822 ms
timing launches.grad.norm1_kernels 3 count
timing syncs.grad.norm1_kernels 0 count
timing grad.norm1_dW 0.039509 ms
timing launches.grad.norm1_dW 2 count
timing syncs.grad.norm1_dW 1 count
timing gemm.norm_dW 0.039509 ms
timing launches.gemm.norm_dW 2 count
timing syncs.gemm.norm_dW 1 count
timing grad.x_add 0.041032 ms
timing launches.grad.x_add 1 count
timing syncs.grad.x_add 0 count
timing bwd.after_attention 3.682224 ms
timing grad.refuse_scan 0.048171 ms
timing launches.grad.refuse_scan 1 count
timing syncs.grad.refuse_scan 1 count
timing grad.residual2_copy 0.038147 ms
timing launches.grad.residual2_copy 1 count
timing syncs.grad.residual2_copy 0 count
timing grad.down_dA 1.237406 ms
timing launches.grad.down_dA 0 count
timing syncs.grad.down_dA 0 count
timing gemm.down_dA 1.237406 ms
timing launches.gemm.down_dA 0 count
timing syncs.gemm.down_dA 0 count
timing grad.down_dB 1.34404 ms
timing launches.grad.down_dB 1 count
timing syncs.grad.down_dB 0 count
timing gemm.down_dB 1.34404 ms
timing launches.gemm.down_dB 1 count
timing syncs.gemm.down_dB 0 count
timing grad.gate_mul 0.186337 ms
timing launches.grad.gate_mul 1 count
timing syncs.grad.gate_mul 0 count
timing grad.silu 0.001901 ms
timing launches.grad.silu 0 count
timing syncs.grad.silu 0 count
timing grad.gate_dB 1.331023 ms
timing launches.grad.gate_dB 1 count
timing syncs.grad.gate_dB 0 count
timing gemm.gateup_dB 1.331023 ms
timing launches.gemm.gateup_dB 1 count
timing syncs.gemm.gateup_dB 0 count
timing grad.up_dB 1.32952 ms
timing launches.grad.up_dB 1 count
timing syncs.grad.up_dB 0 count
timing gemm.gateup_dB 1.32952 ms
timing launches.gemm.gateup_dB 1 count
timing syncs.gemm.gateup_dB 0 count
timing grad.gate_dA 1.254019 ms
timing launches.grad.gate_dA 0 count
timing syncs.grad.gate_dA 0 count
timing gemm.gateup_dA 1.254019 ms
timing launches.gemm.gateup_dA 0 count
timing syncs.gemm.gateup_dA 0 count
timing grad.up_dA 1.245713 ms
timing launches.grad.up_dA 0 count
timing syncs.grad.up_dA 0 count
timing gemm.gateup_dA 1.245713 ms
timing launches.gemm.gateup_dA 0 count
timing syncs.gemm.gateup_dA 0 count
timing grad.gateup_fanin 0.04339 ms
timing launches.grad.gateup_fanin 1 count
timing syncs.grad.gateup_fanin 0 count
timing grad.norm2_kernels 0.189998 ms
timing launches.grad.norm2_kernels 3 count
timing syncs.grad.norm2_kernels 0 count
timing grad.norm2_dW 0.0411 ms
timing launches.grad.norm2_dW 2 count
timing syncs.grad.norm2_dW 1 count
timing gemm.norm_dW 0.0411 ms
timing launches.gemm.norm_dW 2 count
timing syncs.gemm.norm_dW 1 count
timing grad.residual1_add 0.00155 ms
timing launches.grad.residual1_add 0 count
timing syncs.grad.residual1_add 0 count
timing grad.o_copy 0.001654 ms
timing launches.grad.o_copy 0 count
timing syncs.grad.o_copy 0 count
timing grad.o_dA 0.474902 ms
timing launches.grad.o_dA 0 count
timing syncs.grad.o_dA 0 count
timing gemm.proj_dA 0.474902 ms
timing launches.gemm.proj_dA 0 count
timing syncs.gemm.proj_dA 0 count
timing grad.o_dB 0.545185 ms
timing launches.grad.o_dB 1 count
timing syncs.grad.o_dB 0 count
timing gemm.proj_dB 0.545185 ms
timing launches.gemm.proj_dB 1 count
timing syncs.gemm.proj_dB 0 count
timing bwd.mlp_through_oproj 9.427459 ms
timing launches.bwd.mlp_through_oproj 13 count
timing syncs.bwd.mlp_through_oproj 2 count
timing bwd.before_attention 0.001495 ms
timing attn.bwd_regime_scan 0.21605 ms
timing attn.bwd_scratch_alloc 0.016281 ms
timing attn.bwd_zdot_estash_dres_pf 2.83099 ms
timing attn.bwd_dq_tiled_pf 2.492554 ms
timing attn.bwd_kvgrid_dkdv_pf 2.113439 ms
timing attn.bwd_corner_flag 0.032838 ms
timing bwd.attention 7.709727 ms
timing grad.kv_slice 0.077415 ms
timing launches.grad.kv_slice 1 count
timing syncs.grad.kv_slice 0 count
timing grad.rope 0.146058 ms
timing launches.grad.rope 2 count
timing syncs.grad.rope 0 count
timing grad.q_dB 0.545581 ms
timing launches.grad.q_dB 1 count
timing syncs.grad.q_dB 0 count
timing gemm.proj_dB 0.545581 ms
timing launches.gemm.proj_dB 1 count
timing syncs.gemm.proj_dB 0 count
timing grad.k_dB 0.545568 ms
timing launches.grad.k_dB 1 count
timing syncs.grad.k_dB 0 count
timing gemm.proj_dB 0.545568 ms
timing launches.gemm.proj_dB 1 count
timing syncs.gemm.proj_dB 0 count
timing grad.v_dB 0.544936 ms
timing launches.grad.v_dB 1 count
timing syncs.grad.v_dB 0 count
timing gemm.proj_dB 0.544936 ms
timing launches.gemm.proj_dB 1 count
timing syncs.gemm.proj_dB 0 count
timing grad.q_dA 0.473275 ms
timing launches.grad.q_dA 0 count
timing syncs.grad.q_dA 0 count
timing gemm.proj_dA 0.473275 ms
timing launches.gemm.proj_dA 0 count
timing syncs.gemm.proj_dA 0 count
timing grad.k_dA 0.476748 ms
timing launches.grad.k_dA 0 count
timing syncs.grad.k_dA 0 count
timing gemm.proj_dA 0.476748 ms
timing launches.gemm.proj_dA 0 count
timing syncs.gemm.proj_dA 0 count
timing grad.v_dA 0.472978 ms
timing launches.grad.v_dA 0 count
timing syncs.grad.v_dA 0 count
timing gemm.proj_dA 0.472978 ms
timing launches.gemm.proj_dA 0 count
timing syncs.gemm.proj_dA 0 count
timing grad.qkv_fanin 0.048279 ms
timing launches.grad.qkv_fanin 1 count
timing syncs.grad.qkv_fanin 0 count
timing grad.norm1_kernels 0.174336 ms
timing launches.grad.norm1_kernels 3 count
timing syncs.grad.norm1_kernels 0 count
timing grad.norm1_dW 0.036123 ms
timing launches.grad.norm1_dW 2 count
timing syncs.grad.norm1_dW 1 count
timing gemm.norm_dW 0.036123 ms
timing launches.gemm.norm_dW 2 count
timing syncs.gemm.norm_dW 1 count
timing grad.x_add 0.040236 ms
timing launches.grad.x_add 1 count
timing syncs.grad.x_add 0 count
timing bwd.after_attention 3.675984 ms
timing grad.refuse_scan 0.052782 ms
timing launches.grad.refuse_scan 1 count
timing syncs.grad.refuse_scan 1 count
timing grad.residual2_copy 0.03919 ms
timing launches.grad.residual2_copy 1 count
timing syncs.grad.residual2_copy 0 count
timing grad.down_dA 1.232435 ms
timing launches.grad.down_dA 0 count
timing syncs.grad.down_dA 0 count
timing gemm.down_dA 1.232435 ms
timing launches.gemm.down_dA 0 count
timing syncs.gemm.down_dA 0 count
timing grad.down_dB 1.333023 ms
timing launches.grad.down_dB 1 count
timing syncs.grad.down_dB 0 count
timing gemm.down_dB 1.333023 ms
timing launches.gemm.down_dB 1 count
timing syncs.gemm.down_dB 0 count
timing grad.gate_mul 0.187125 ms
timing launches.grad.gate_mul 1 count
timing syncs.grad.gate_mul 0 count
timing grad.silu 0.003372 ms
timing launches.grad.silu 0 count
timing syncs.grad.silu 0 count
timing grad.gate_dB 1.333487 ms
timing launches.grad.gate_dB 1 count
timing syncs.grad.gate_dB 0 count
timing gemm.gateup_dB 1.333487 ms
timing launches.gemm.gateup_dB 1 count
timing syncs.gemm.gateup_dB 0 count
timing grad.up_dB 1.322582 ms
timing launches.grad.up_dB 1 count
timing syncs.grad.up_dB 0 count
timing gemm.gateup_dB 1.322582 ms
timing launches.gemm.gateup_dB 1 count
timing syncs.gemm.gateup_dB 0 count
timing grad.gate_dA 1.255089 ms
timing launches.grad.gate_dA 0 count
timing syncs.grad.gate_dA 0 count
timing gemm.gateup_dA 1.255089 ms
timing launches.gemm.gateup_dA 0 count
timing syncs.gemm.gateup_dA 0 count
timing grad.up_dA 1.254224 ms
timing launches.grad.up_dA 0 count
timing syncs.grad.up_dA 0 count
timing gemm.gateup_dA 1.254224 ms
timing launches.gemm.gateup_dA 0 count
timing syncs.gemm.gateup_dA 0 count
timing grad.gateup_fanin 0.041704 ms
timing launches.grad.gateup_fanin 1 count
timing syncs.grad.gateup_fanin 0 count
timing grad.norm2_kernels 0.191298 ms
timing launches.grad.norm2_kernels 3 count
timing syncs.grad.norm2_kernels 0 count
timing grad.norm2_dW 0.041732 ms
timing launches.grad.norm2_dW 2 count
timing syncs.grad.norm2_dW 1 count
timing gemm.norm_dW 0.041732 ms
timing launches.gemm.norm_dW 2 count
timing syncs.gemm.norm_dW 1 count
timing grad.residual1_add 0.002343 ms
timing launches.grad.residual1_add 0 count
timing syncs.grad.residual1_add 0 count
timing grad.o_copy 0.002408 ms
timing launches.grad.o_copy 0 count
timing syncs.grad.o_copy 0 count
timing grad.o_dA 0.475054 ms
timing launches.grad.o_dA 0 count
timing syncs.grad.o_dA 0 count
timing gemm.proj_dA 0.475054 ms
timing launches.gemm.proj_dA 0 count
timing syncs.gemm.proj_dA 0 count
timing grad.o_dB 0.54454 ms
timing launches.grad.o_dB 1 count
timing syncs.grad.o_dB 0 count
timing gemm.proj_dB 0.54454 ms
timing launches.gemm.proj_dB 1 count
timing syncs.gemm.proj_dB 0 count
timing bwd.mlp_through_oproj 9.434075 ms
timing launches.bwd.mlp_through_oproj 13 count
timing syncs.bwd.mlp_through_oproj 2 count
timing bwd.before_attention 0.001483 ms
timing attn.bwd_regime_scan 0.234767 ms
timing attn.bwd_scratch_alloc 0.011843 ms
timing attn.bwd_zdot_estash_dres_pf 2.848033 ms
timing attn.bwd_dq_tiled_pf 2.501694 ms
timing attn.bwd_kvgrid_dkdv_pf 2.113404 ms
timing attn.bwd_corner_flag 0.041337 ms
timing bwd.attention 7.757534 ms
timing grad.kv_slice 0.074897 ms
timing launches.grad.kv_slice 1 count
timing syncs.grad.kv_slice 0 count
timing grad.rope 0.144667 ms
timing launches.grad.rope 2 count
timing syncs.grad.rope 0 count
timing grad.q_dB 0.542622 ms
timing launches.grad.q_dB 1 count
timing syncs.grad.q_dB 0 count
timing gemm.proj_dB 0.542622 ms
timing launches.gemm.proj_dB 1 count
timing syncs.gemm.proj_dB 0 count
timing grad.k_dB 0.539751 ms
timing launches.grad.k_dB 1 count
timing syncs.grad.k_dB 0 count
timing gemm.proj_dB 0.539751 ms
timing launches.gemm.proj_dB 1 count
timing syncs.gemm.proj_dB 0 count
timing grad.v_dB 0.544337 ms
timing launches.grad.v_dB 1 count
timing syncs.grad.v_dB 0 count
timing gemm.proj_dB 0.544337 ms
timing launches.gemm.proj_dB 1 count
timing syncs.gemm.proj_dB 0 count
timing grad.q_dA 0.473683 ms
timing launches.grad.q_dA 0 count
timing syncs.grad.q_dA 0 count
timing gemm.proj_dA 0.473683 ms
timing launches.gemm.proj_dA 0 count
timing syncs.gemm.proj_dA 0 count
timing grad.k_dA 0.474959 ms
timing launches.grad.k_dA 0 count
timing syncs.grad.k_dA 0 count
timing gemm.proj_dA 0.474959 ms
timing launches.gemm.proj_dA 0 count
timing syncs.gemm.proj_dA 0 count
timing grad.v_dA 0.472914 ms
timing launches.grad.v_dA 0 count
timing syncs.grad.v_dA 0 count
timing gemm.proj_dA 0.472914 ms
timing launches.gemm.proj_dA 0 count
timing syncs.gemm.proj_dA 0 count
timing grad.qkv_fanin 0.051733 ms
timing launches.grad.qkv_fanin 1 count
timing syncs.grad.qkv_fanin 0 count
timing grad.norm1_kernels 0.173963 ms
timing launches.grad.norm1_kernels 3 count
timing syncs.grad.norm1_kernels 0 count
timing grad.norm1_dW 0.03731 ms
timing launches.grad.norm1_dW 2 count
timing syncs.grad.norm1_dW 1 count
timing gemm.norm_dW 0.03731 ms
timing launches.gemm.norm_dW 2 count
timing syncs.gemm.norm_dW 1 count
timing grad.x_add 0.039991 ms
timing launches.grad.x_add 1 count
timing syncs.grad.x_add 0 count
timing bwd.after_attention 3.665302 ms
timing grad.refuse_scan 0.05773 ms
timing launches.grad.refuse_scan 1 count
timing syncs.grad.refuse_scan 1 count
timing grad.residual2_copy 0.039686 ms
timing launches.grad.residual2_copy 1 count
timing syncs.grad.residual2_copy 0 count
timing grad.down_dA 1.228 ms
timing launches.grad.down_dA 0 count
timing syncs.grad.down_dA 0 count
timing gemm.down_dA 1.228 ms
timing launches.gemm.down_dA 0 count
timing syncs.gemm.down_dA 0 count
timing grad.down_dB 1.332477 ms
timing launches.grad.down_dB 1 count
timing syncs.grad.down_dB 0 count
timing gemm.down_dB 1.332477 ms
timing launches.gemm.down_dB 1 count
timing syncs.gemm.down_dB 0 count
timing grad.gate_mul 0.186448 ms
timing launches.grad.gate_mul 1 count
timing syncs.grad.gate_mul 0 count
timing grad.silu 0.001673 ms
timing launches.grad.silu 0 count
timing syncs.grad.silu 0 count
timing grad.gate_dB 1.325506 ms
timing launches.grad.gate_dB 1 count
timing syncs.grad.gate_dB 0 count
timing gemm.gateup_dB 1.325506 ms
timing launches.gemm.gateup_dB 1 count
timing syncs.gemm.gateup_dB 0 count
timing grad.up_dB 1.328723 ms
timing launches.grad.up_dB 1 count
timing syncs.grad.up_dB 0 count
timing gemm.gateup_dB 1.328723 ms
timing launches.gemm.gateup_dB 1 count
timing syncs.gemm.gateup_dB 0 count
timing grad.gate_dA 1.251922 ms
timing launches.grad.gate_dA 0 count
timing syncs.grad.gate_dA 0 count
timing gemm.gateup_dA 1.251922 ms
timing launches.gemm.gateup_dA 0 count
timing syncs.gemm.gateup_dA 0 count
timing grad.up_dA 1.258029 ms
timing launches.grad.up_dA 0 count
timing syncs.grad.up_dA 0 count
timing gemm.gateup_dA 1.258029 ms
timing launches.gemm.gateup_dA 0 count
timing syncs.gemm.gateup_dA 0 count
timing grad.gateup_fanin 0.041069 ms
timing launches.grad.gateup_fanin 1 count
timing syncs.grad.gateup_fanin 0 count
timing grad.norm2_kernels 0.192943 ms
timing launches.grad.norm2_kernels 3 count
timing syncs.grad.norm2_kernels 0 count
timing grad.norm2_dW 0.038996 ms
timing launches.grad.norm2_dW 2 count
timing syncs.grad.norm2_dW 1 count
timing gemm.norm_dW 0.038996 ms
timing launches.gemm.norm_dW 2 count
timing syncs.gemm.norm_dW 1 count
timing grad.residual1_add 0.002317 ms
timing launches.grad.residual1_add 0 count
timing syncs.grad.residual1_add 0 count
timing grad.o_copy 0.001603 ms
timing launches.grad.o_copy 0 count
timing syncs.grad.o_copy 0 count
timing grad.o_dA 0.473875 ms
timing launches.grad.o_dA 0 count
timing syncs.grad.o_dA 0 count
timing gemm.proj_dA 0.473875 ms
timing launches.gemm.proj_dA 0 count
timing syncs.gemm.proj_dA 0 count
timing grad.o_dB 0.544816 ms
timing launches.grad.o_dB 1 count
timing syncs.grad.o_dB 0 count
timing gemm.proj_dB 0.544816 ms
timing launches.gemm.proj_dB 1 count
timing syncs.gemm.proj_dB 0 count
timing bwd.mlp_through_oproj 9.40732 ms
timing launches.bwd.mlp_through_oproj 13 count
timing syncs.bwd.mlp_through_oproj 2 count
timing bwd.before_attention 0.002325 ms
timing attn.bwd_regime_scan 0.216668 ms
timing attn.bwd_scratch_alloc 0.011599 ms
timing attn.bwd_zdot_estash_dres_pf 2.836118 ms
timing attn.bwd_dq_tiled_pf 2.506891 ms
timing attn.bwd_kvgrid_dkdv_pf 2.1177 ms
timing attn.bwd_corner_flag 0.032706 ms
timing bwd.attention 7.727601 ms
timing grad.kv_slice 0.075679 ms
timing launches.grad.kv_slice 1 count
timing syncs.grad.kv_slice 0 count
timing grad.rope 0.145106 ms
timing launches.grad.rope 2 count
timing syncs.grad.rope 0 count
timing grad.q_dB 0.542557 ms
timing launches.grad.q_dB 1 count
timing syncs.grad.q_dB 0 count
timing gemm.proj_dB 0.542557 ms
timing launches.gemm.proj_dB 1 count
timing syncs.gemm.proj_dB 0 count
timing grad.k_dB 0.546634 ms
timing launches.grad.k_dB 1 count
timing syncs.grad.k_dB 0 count
timing gemm.proj_dB 0.546634 ms
timing launches.gemm.proj_dB 1 count
timing syncs.gemm.proj_dB 0 count
timing grad.v_dB 0.547684 ms
timing launches.grad.v_dB 1 count
timing syncs.grad.v_dB 0 count
timing gemm.proj_dB 0.547684 ms
timing launches.gemm.proj_dB 1 count
timing syncs.gemm.proj_dB 0 count
timing grad.q_dA 0.475597 ms
timing launches.grad.q_dA 0 count
timing syncs.grad.q_dA 0 count
timing gemm.proj_dA 0.475597 ms
timing launches.gemm.proj_dA 0 count
timing syncs.gemm.proj_dA 0 count
timing grad.k_dA 0.472967 ms
timing launches.grad.k_dA 0 count
timing syncs.grad.k_dA 0 count
timing gemm.proj_dA 0.472967 ms
timing launches.gemm.proj_dA 0 count
timing syncs.gemm.proj_dA 0 count
timing grad.v_dA 0.475509 ms
timing launches.grad.v_dA 0 count
timing syncs.grad.v_dA 0 count
timing gemm.proj_dA 0.475509 ms
timing launches.gemm.proj_dA 0 count
timing syncs.gemm.proj_dA 0 count
timing grad.qkv_fanin 0.047903 ms
timing launches.grad.qkv_fanin 1 count
timing syncs.grad.qkv_fanin 0 count
timing grad.norm1_kernels 0.176832 ms
timing launches.grad.norm1_kernels 3 count
timing syncs.grad.norm1_kernels 0 count
timing grad.norm1_dW 0.035633 ms
timing launches.grad.norm1_dW 2 count
timing syncs.grad.norm1_dW 1 count
timing gemm.norm_dW 0.035633 ms
timing launches.gemm.norm_dW 2 count
timing syncs.gemm.norm_dW 1 count
timing grad.x_add 0.038627 ms
timing launches.grad.x_add 1 count
timing syncs.grad.x_add 0 count
timing bwd.after_attention 3.663375 ms
timing grad.refuse_scan 0.042093 ms
timing launches.grad.refuse_scan 1 count
timing syncs.grad.refuse_scan 1 count
timing grad.residual2_copy 0.03837 ms
timing launches.grad.residual2_copy 1 count
timing syncs.grad.residual2_copy 0 count
timing grad.down_dA 1.230688 ms
timing launches.grad.down_dA 0 count
timing syncs.grad.down_dA 0 count
timing gemm.down_dA 1.230688 ms
timing launches.gemm.down_dA 0 count
timing syncs.gemm.down_dA 0 count
timing grad.down_dB 1.324296 ms
timing launches.grad.down_dB 1 count
timing syncs.grad.down_dB 0 count
timing gemm.down_dB 1.324296 ms
timing launches.gemm.down_dB 1 count
timing syncs.gemm.down_dB 0 count
timing grad.gate_mul 0.187369 ms
timing launches.grad.gate_mul 1 count
timing syncs.grad.gate_mul 0 count
timing grad.silu 0.002485 ms
timing launches.grad.silu 0 count
timing syncs.grad.silu 0 count
timing grad.gate_dB 1.328297 ms
timing launches.grad.gate_dB 1 count
timing syncs.grad.gate_dB 0 count
timing gemm.gateup_dB 1.328297 ms
timing launches.gemm.gateup_dB 1 count
timing syncs.gemm.gateup_dB 0 count
timing grad.up_dB 1.329747 ms
timing launches.grad.up_dB 1 count
timing syncs.grad.up_dB 0 count
timing gemm.gateup_dB 1.329747 ms
timing launches.gemm.gateup_dB 1 count
timing syncs.gemm.gateup_dB 0 count
timing grad.gate_dA 1.253476 ms
timing launches.grad.gate_dA 0 count
timing syncs.grad.gate_dA 0 count
timing gemm.gateup_dA 1.253476 ms
timing launches.gemm.gateup_dA 0 count
timing syncs.gemm.gateup_dA 0 count
timing grad.up_dA 1.252936 ms
timing launches.grad.up_dA 0 count
timing syncs.grad.up_dA 0 count
timing gemm.gateup_dA 1.252936 ms
timing launches.gemm.gateup_dA 0 count
timing syncs.gemm.gateup_dA 0 count
timing grad.gateup_fanin 0.041339 ms
timing launches.grad.gateup_fanin 1 count
timing syncs.grad.gateup_fanin 0 count
timing grad.norm2_kernels 0.195425 ms
timing launches.grad.norm2_kernels 3 count
timing syncs.grad.norm2_kernels 0 count
timing grad.norm2_dW 0.039385 ms
timing launches.grad.norm2_dW 2 count
timing syncs.grad.norm2_dW 1 count
timing gemm.norm_dW 0.039385 ms
timing launches.gemm.norm_dW 2 count
timing syncs.gemm.norm_dW 1 count
timing grad.residual1_add 0.002301 ms
timing launches.grad.residual1_add 0 count
timing syncs.grad.residual1_add 0 count
timing grad.o_copy 0.001595 ms
timing launches.grad.o_copy 0 count
timing syncs.grad.o_copy 0 count
timing grad.o_dA 0.471545 ms
timing launches.grad.o_dA 0 count
timing syncs.grad.o_dA 0 count
timing gemm.proj_dA 0.471545 ms
timing launches.gemm.proj_dA 0 count
timing syncs.gemm.proj_dA 0 count
timing grad.o_dB 0.543683 ms
timing launches.grad.o_dB 1 count
timing syncs.grad.o_dB 0 count
timing gemm.proj_dB 0.543683 ms
timing launches.gemm.proj_dB 1 count
timing syncs.gemm.proj_dB 0 count
timing bwd.mlp_through_oproj 9.403213 ms
timing launches.bwd.mlp_through_oproj 13 count
timing syncs.bwd.mlp_through_oproj 2 count
timing bwd.before_attention 0.003546 ms
timing attn.bwd_regime_scan 0.224785 ms
timing attn.bwd_scratch_alloc 0.015362 ms
timing attn.bwd_zdot_estash_dres_pf 2.843615 ms
timing attn.bwd_dq_tiled_pf 2.497837 ms
timing attn.bwd_kvgrid_dkdv_pf 2.116122 ms
timing attn.bwd_corner_flag 0.035914 ms
timing bwd.attention 7.739543 ms
timing grad.kv_slice 0.075256 ms
timing launches.grad.kv_slice 1 count
timing syncs.grad.kv_slice 0 count
timing grad.rope 0.147629 ms
timing launches.grad.rope 2 count
timing syncs.grad.rope 0 count
timing grad.q_dB 0.547666 ms
timing launches.grad.q_dB 1 count
timing syncs.grad.q_dB 0 count
timing gemm.proj_dB 0.547666 ms
timing launches.gemm.proj_dB 1 count
timing syncs.gemm.proj_dB 0 count
timing grad.k_dB 0.54641 ms
timing launches.grad.k_dB 1 count
timing syncs.grad.k_dB 0 count
timing gemm.proj_dB 0.54641 ms
timing launches.gemm.proj_dB 1 count
timing syncs.gemm.proj_dB 0 count
timing grad.v_dB 0.540221 ms
timing launches.grad.v_dB 1 count
timing syncs.grad.v_dB 0 count
timing gemm.proj_dB 0.540221 ms
timing launches.gemm.proj_dB 1 count
timing syncs.gemm.proj_dB 0 count
timing grad.q_dA 0.472441 ms
timing launches.grad.q_dA 0 count
timing syncs.grad.q_dA 0 count
timing gemm.proj_dA 0.472441 ms
timing launches.gemm.proj_dA 0 count
timing syncs.gemm.proj_dA 0 count
timing grad.k_dA 0.47844 ms
timing launches.grad.k_dA 0 count
timing syncs.grad.k_dA 0 count
timing gemm.proj_dA 0.47844 ms
timing launches.gemm.proj_dA 0 count
timing syncs.gemm.proj_dA 0 count
timing grad.v_dA 0.47485 ms
timing launches.grad.v_dA 0 count
timing syncs.grad.v_dA 0 count
timing gemm.proj_dA 0.47485 ms
timing launches.gemm.proj_dA 0 count
timing syncs.gemm.proj_dA 0 count
timing grad.qkv_fanin 0.048598 ms
timing launches.grad.qkv_fanin 1 count
timing syncs.grad.qkv_fanin 0 count
timing grad.norm1_kernels 0.17424 ms
timing launches.grad.norm1_kernels 3 count
timing syncs.grad.norm1_kernels 0 count
timing grad.norm1_dW 0.03565 ms
timing launches.grad.norm1_dW 2 count
timing syncs.grad.norm1_dW 1 count
timing gemm.norm_dW 0.03565 ms
timing launches.gemm.norm_dW 2 count
timing syncs.gemm.norm_dW 1 count
timing grad.x_add 0.041758 ms
timing launches.grad.x_add 1 count
timing syncs.grad.x_add 0 count
timing bwd.after_attention 3.673716 ms
timing grad.refuse_scan 0.048073 ms
timing launches.grad.refuse_scan 1 count
timing syncs.grad.refuse_scan 1 count
timing grad.residual2_copy 0.038475 ms
timing launches.grad.residual2_copy 1 count
timing syncs.grad.residual2_copy 0 count
timing grad.down_dA 1.23519 ms
timing launches.grad.down_dA 0 count
timing syncs.grad.down_dA 0 count
timing gemm.down_dA 1.23519 ms
timing launches.gemm.down_dA 0 count
timing syncs.gemm.down_dA 0 count
timing grad.down_dB 1.330215 ms
timing launches.grad.down_dB 1 count
timing syncs.grad.down_dB 0 count
timing gemm.down_dB 1.330215 ms
timing launches.gemm.down_dB 1 count
timing syncs.gemm.down_dB 0 count
timing grad.gate_mul 0.185147 ms
timing launches.grad.gate_mul 1 count
timing syncs.grad.gate_mul 0 count
timing grad.silu 0.003003 ms
timing launches.grad.silu 0 count
timing syncs.grad.silu 0 count
timing grad.gate_dB 1.326401 ms
timing launches.grad.gate_dB 1 count
timing syncs.grad.gate_dB 0 count
timing gemm.gateup_dB 1.326401 ms
timing launches.gemm.gateup_dB 1 count
timing syncs.gemm.gateup_dB 0 count
timing grad.up_dB 1.327213 ms
timing launches.grad.up_dB 1 count
timing syncs.grad.up_dB 0 count
timing gemm.gateup_dB 1.327213 ms
timing launches.gemm.gateup_dB 1 count
timing syncs.gemm.gateup_dB 0 count
timing grad.gate_dA 1.253307 ms
timing launches.grad.gate_dA 0 count
timing syncs.grad.gate_dA 0 count
timing gemm.gateup_dA 1.253307 ms
timing launches.gemm.gateup_dA 0 count
timing syncs.gemm.gateup_dA 0 count
timing grad.up_dA 1.250559 ms
timing launches.grad.up_dA 0 count
timing syncs.grad.up_dA 0 count
timing gemm.gateup_dA 1.250559 ms
timing launches.gemm.gateup_dA 0 count
timing syncs.gemm.gateup_dA 0 count
timing grad.gateup_fanin 0.04329 ms
timing launches.grad.gateup_fanin 1 count
timing syncs.grad.gateup_fanin 0 count
timing grad.norm2_kernels 0.191955 ms
timing launches.grad.norm2_kernels 3 count
timing syncs.grad.norm2_kernels 0 count
timing grad.norm2_dW 0.036903 ms
timing launches.grad.norm2_dW 2 count
timing syncs.grad.norm2_dW 1 count
timing gemm.norm_dW 0.036903 ms
timing launches.gemm.norm_dW 2 count
timing syncs.gemm.norm_dW 1 count
timing grad.residual1_add 0.001524 ms
timing launches.grad.residual1_add 0 count
timing syncs.grad.residual1_add 0 count
timing grad.o_copy 0.001576 ms
timing launches.grad.o_copy 0 count
timing syncs.grad.o_copy 0 count
timing grad.o_dA 0.472213 ms
timing launches.grad.o_dA 0 count
timing syncs.grad.o_dA 0 count
timing gemm.proj_dA 0.472213 ms
timing launches.gemm.proj_dA 0 count
timing syncs.gemm.proj_dA 0 count
timing grad.o_dB 0.548546 ms
timing launches.grad.o_dB 1 count
timing syncs.grad.o_dB 0 count
timing gemm.proj_dB 0.548546 ms
timing launches.gemm.proj_dB 1 count
timing syncs.gemm.proj_dB 0 count
timing bwd.mlp_through_oproj 9.412099 ms
timing launches.bwd.mlp_through_oproj 13 count
timing syncs.bwd.mlp_through_oproj 2 count
timing bwd.before_attention 0.001499 ms
timing attn.bwd_regime_scan 0.213341 ms
timing attn.bwd_scratch_alloc 0.015455 ms
timing attn.bwd_zdot_estash_dres_pf 2.83534 ms
timing attn.bwd_dq_tiled_pf 2.498252 ms
timing attn.bwd_kvgrid_dkdv_pf 2.116564 ms
timing attn.bwd_corner_flag 0.037152 ms
timing bwd.attention 7.72024 ms
timing grad.kv_slice 0.07592 ms
timing launches.grad.kv_slice 1 count
timing syncs.grad.kv_slice 0 count
timing grad.rope 0.144194 ms
timing launches.grad.rope 2 count
timing syncs.grad.rope 0 count
timing grad.q_dB 0.550143 ms
timing launches.grad.q_dB 1 count
timing syncs.grad.q_dB 0 count
timing gemm.proj_dB 0.550143 ms
timing launches.gemm.proj_dB 1 count
timing syncs.gemm.proj_dB 0 count
timing grad.k_dB 0.542733 ms
timing launches.grad.k_dB 1 count
timing syncs.grad.k_dB 0 count
timing gemm.proj_dB 0.542733 ms
timing launches.gemm.proj_dB 1 count
timing syncs.gemm.proj_dB 0 count
timing grad.v_dB 0.540801 ms
timing launches.grad.v_dB 1 count
timing syncs.grad.v_dB 0 count
timing gemm.proj_dB 0.540801 ms
timing launches.gemm.proj_dB 1 count
timing syncs.gemm.proj_dB 0 count
timing grad.q_dA 0.472399 ms
timing launches.grad.q_dA 0 count
timing syncs.grad.q_dA 0 count
timing gemm.proj_dA 0.472399 ms
timing launches.gemm.proj_dA 0 count
timing syncs.gemm.proj_dA 0 count
timing grad.k_dA 0.476431 ms
timing launches.grad.k_dA 0 count
timing syncs.grad.k_dA 0 count
timing gemm.proj_dA 0.476431 ms
timing launches.gemm.proj_dA 0 count
timing syncs.gemm.proj_dA 0 count
timing grad.v_dA 0.472837 ms
timing launches.grad.v_dA 0 count
timing syncs.grad.v_dA 0 count
timing gemm.proj_dA 0.472837 ms
timing launches.gemm.proj_dA 0 count
timing syncs.gemm.proj_dA 0 count
timing grad.qkv_fanin 0.051113 ms
timing launches.grad.qkv_fanin 1 count
timing syncs.grad.qkv_fanin 0 count
timing grad.norm1_kernels 0.172634 ms
timing launches.grad.norm1_kernels 3 count
timing syncs.grad.norm1_kernels 0 count
timing grad.norm1_dW 0.038548 ms
timing launches.grad.norm1_dW 2 count
timing syncs.grad.norm1_dW 1 count
timing gemm.norm_dW 0.038548 ms
timing launches.gemm.norm_dW 2 count
timing syncs.gemm.norm_dW 1 count
timing grad.x_add 0.041052 ms
timing launches.grad.x_add 1 count
timing syncs.grad.x_add 0 count
timing bwd.after_attention 3.665264 ms
timing grad.refuse_scan 0.054838 ms
timing launches.grad.refuse_scan 1 count
timing syncs.grad.refuse_scan 1 count
timing grad.residual2_copy 0.040486 ms
timing launches.grad.residual2_copy 1 count
timing syncs.grad.residual2_copy 0 count
timing grad.down_dA 1.22807 ms
timing launches.grad.down_dA 0 count
timing syncs.grad.down_dA 0 count
timing gemm.down_dA 1.22807 ms
timing launches.gemm.down_dA 0 count
timing syncs.gemm.down_dA 0 count
timing grad.down_dB 1.332529 ms
timing launches.grad.down_dB 1 count
timing syncs.grad.down_dB 0 count
timing gemm.down_dB 1.332529 ms
timing launches.gemm.down_dB 1 count
timing syncs.gemm.down_dB 0 count
timing grad.gate_mul 0.185705 ms
timing launches.grad.gate_mul 1 count
timing syncs.grad.gate_mul 0 count
timing grad.silu 0.001727 ms
timing launches.grad.silu 0 count
timing syncs.grad.silu 0 count
timing grad.gate_dB 1.326562 ms
timing launches.grad.gate_dB 1 count
timing syncs.grad.gate_dB 0 count
timing gemm.gateup_dB 1.326562 ms
timing launches.gemm.gateup_dB 1 count
timing syncs.gemm.gateup_dB 0 count
timing grad.up_dB 1.326862 ms
timing launches.grad.up_dB 1 count
timing syncs.grad.up_dB 0 count
timing gemm.gateup_dB 1.326862 ms
timing launches.gemm.gateup_dB 1 count
timing syncs.gemm.gateup_dB 0 count
timing grad.gate_dA 1.256423 ms
timing launches.grad.gate_dA 0 count
timing syncs.grad.gate_dA 0 count
timing gemm.gateup_dA 1.256423 ms
timing launches.gemm.gateup_dA 0 count
timing syncs.gemm.gateup_dA 0 count
timing grad.up_dA 1.261401 ms
timing launches.grad.up_dA 0 count
timing syncs.grad.up_dA 0 count
timing gemm.gateup_dA 1.261401 ms
timing launches.gemm.gateup_dA 0 count
timing syncs.gemm.gateup_dA 0 count
timing grad.gateup_fanin 0.040185 ms
timing launches.grad.gateup_fanin 1 count
timing syncs.grad.gateup_fanin 0 count
timing grad.norm2_kernels 0.195119 ms
timing launches.grad.norm2_kernels 3 count
timing syncs.grad.norm2_kernels 0 count
timing grad.norm2_dW 0.040311 ms
timing launches.grad.norm2_dW 2 count
timing syncs.grad.norm2_dW 1 count
timing gemm.norm_dW 0.040311 ms
timing launches.gemm.norm_dW 2 count
timing syncs.gemm.norm_dW 1 count
timing grad.residual1_add 0.001539 ms
timing launches.grad.residual1_add 0 count
timing syncs.grad.residual1_add 0 count
timing grad.o_copy 0.00161 ms
timing launches.grad.o_copy 0 count
timing syncs.grad.o_copy 0 count
timing grad.o_dA 0.477945 ms
timing launches.grad.o_dA 0 count
timing syncs.grad.o_dA 0 count
timing gemm.proj_dA 0.477945 ms
timing launches.gemm.proj_dA 0 count
timing syncs.gemm.proj_dA 0 count
timing grad.o_dB 0.551232 ms
timing launches.grad.o_dB 1 count
timing syncs.grad.o_dB 0 count
timing gemm.proj_dB 0.551232 ms
timing launches.gemm.proj_dB 1 count
timing syncs.gemm.proj_dB 0 count
timing bwd.mlp_through_oproj 9.446397 ms
timing launches.bwd.mlp_through_oproj 13 count
timing syncs.bwd.mlp_through_oproj 2 count
timing bwd.before_attention 0.001488 ms
timing attn.bwd_regime_scan 0.218184 ms
timing attn.bwd_scratch_alloc 0.017142 ms
timing attn.bwd_zdot_estash_dres_pf 2.847829 ms
timing attn.bwd_dq_tiled_pf 2.50155 ms
timing attn.bwd_kvgrid_dkdv_pf 2.118497 ms
timing attn.bwd_corner_flag 0.027482 ms
timing bwd.attention 7.734816 ms
timing grad.kv_slice 0.075616 ms
timing launches.grad.kv_slice 1 count
timing syncs.grad.kv_slice 0 count
timing grad.rope 0.144294 ms
timing launches.grad.rope 2 count
timing syncs.grad.rope 0 count
timing grad.q_dB 0.539862 ms
timing launches.grad.q_dB 1 count
timing syncs.grad.q_dB 0 count
timing gemm.proj_dB 0.539862 ms
timing launches.gemm.proj_dB 1 count
timing syncs.gemm.proj_dB 0 count
timing grad.k_dB 0.542635 ms
timing launches.grad.k_dB 1 count
timing syncs.grad.k_dB 0 count
timing gemm.proj_dB 0.542635 ms
timing launches.gemm.proj_dB 1 count
timing syncs.gemm.proj_dB 0 count
timing grad.v_dB 0.539833 ms
timing launches.grad.v_dB 1 count
timing syncs.grad.v_dB 0 count
timing gemm.proj_dB 0.539833 ms
timing launches.gemm.proj_dB 1 count
timing syncs.gemm.proj_dB 0 count
timing grad.q_dA 0.474212 ms
timing launches.grad.q_dA 0 count
timing syncs.grad.q_dA 0 count
timing gemm.proj_dA 0.474212 ms
timing launches.gemm.proj_dA 0 count
timing syncs.gemm.proj_dA 0 count
timing grad.k_dA 0.472372 ms
timing launches.grad.k_dA 0 count
timing syncs.grad.k_dA 0 count
timing gemm.proj_dA 0.472372 ms
timing launches.gemm.proj_dA 0 count
timing syncs.gemm.proj_dA 0 count
timing grad.v_dA 0.475565 ms
timing launches.grad.v_dA 0 count
timing syncs.grad.v_dA 0 count
timing gemm.proj_dA 0.475565 ms
timing launches.gemm.proj_dA 0 count
timing syncs.gemm.proj_dA 0 count
timing grad.qkv_fanin 0.050291 ms
timing launches.grad.qkv_fanin 1 count
timing syncs.grad.qkv_fanin 0 count
timing grad.norm1_kernels 0.173595 ms
timing launches.grad.norm1_kernels 3 count
timing syncs.grad.norm1_kernels 0 count
timing grad.norm1_dW 0.03798 ms
timing launches.grad.norm1_dW 2 count
timing syncs.grad.norm1_dW 1 count
timing gemm.norm_dW 0.03798 ms
timing launches.gemm.norm_dW 2 count
timing syncs.gemm.norm_dW 1 count
timing grad.x_add 0.039204 ms
timing launches.grad.x_add 1 count
timing syncs.grad.x_add 0 count
timing bwd.after_attention 3.644081 ms
timing grad.refuse_scan 0.047279 ms
timing launches.grad.refuse_scan 1 count
timing syncs.grad.refuse_scan 1 count
timing grad.residual2_copy 0.038361 ms
timing launches.grad.residual2_copy 1 count
timing syncs.grad.residual2_copy 0 count
timing grad.down_dA 1.226229 ms
timing launches.grad.down_dA 0 count
timing syncs.grad.down_dA 0 count
timing gemm.down_dA 1.226229 ms
timing launches.gemm.down_dA 0 count
timing syncs.gemm.down_dA 0 count
timing grad.down_dB 1.333756 ms
timing launches.grad.down_dB 1 count
timing syncs.grad.down_dB 0 count
timing gemm.down_dB 1.333756 ms
timing launches.gemm.down_dB 1 count
timing syncs.gemm.down_dB 0 count
timing grad.gate_mul 0.186684 ms
timing launches.grad.gate_mul 1 count
timing syncs.grad.gate_mul 0 count
timing grad.silu 0.001831 ms
timing launches.grad.silu 0 count
timing syncs.grad.silu 0 count
timing grad.gate_dB 1.319297 ms
timing launches.grad.gate_dB 1 count
timing syncs.grad.gate_dB 0 count
timing gemm.gateup_dB 1.319297 ms
timing launches.gemm.gateup_dB 1 count
timing syncs.gemm.gateup_dB 0 count
timing grad.up_dB 1.324971 ms
timing launches.grad.up_dB 1 count
timing syncs.grad.up_dB 0 count
timing gemm.gateup_dB 1.324971 ms
timing launches.gemm.gateup_dB 1 count
timing syncs.gemm.gateup_dB 0 count
timing grad.gate_dA 1.256991 ms
timing launches.grad.gate_dA 0 count
timing syncs.grad.gate_dA 0 count
timing gemm.gateup_dA 1.256991 ms
timing launches.gemm.gateup_dA 0 count
timing syncs.gemm.gateup_dA 0 count
timing grad.up_dA 1.254362 ms
timing launches.grad.up_dA 0 count
timing syncs.grad.up_dA 0 count
timing gemm.gateup_dA 1.254362 ms
timing launches.gemm.gateup_dA 0 count
timing syncs.gemm.gateup_dA 0 count
timing grad.gateup_fanin 0.039535 ms
timing launches.grad.gateup_fanin 1 count
timing syncs.grad.gateup_fanin 0 count
timing grad.norm2_kernels 0.190489 ms
timing launches.grad.norm2_kernels 3 count
timing syncs.grad.norm2_kernels 0 count
timing grad.norm2_dW 0.039781 ms
timing launches.grad.norm2_dW 2 count
timing syncs.grad.norm2_dW 1 count
timing gemm.norm_dW 0.039781 ms
timing launches.gemm.norm_dW 2 count
timing syncs.gemm.norm_dW 1 count
timing grad.residual1_add 0.001556 ms
timing launches.grad.residual1_add 0 count
timing syncs.grad.residual1_add 0 count
timing grad.o_copy 0.001576 ms
timing launches.grad.o_copy 0 count
timing syncs.grad.o_copy 0 count
timing grad.o_dA 0.474122 ms
timing launches.grad.o_dA 0 count
timing syncs.grad.o_dA 0 count
timing gemm.proj_dA 0.474122 ms
timing launches.gemm.proj_dA 0 count
timing syncs.gemm.proj_dA 0 count
timing grad.o_dB 0.540143 ms
timing launches.grad.o_dB 1 count
timing syncs.grad.o_dB 0 count
timing gemm.proj_dB 0.540143 ms
timing launches.gemm.proj_dB 1 count
timing syncs.gemm.proj_dB 0 count
timing bwd.mlp_through_oproj 9.379863 ms
timing launches.bwd.mlp_through_oproj 13 count
timing syncs.bwd.mlp_through_oproj 2 count
timing bwd.before_attention 0.002269 ms
timing attn.bwd_regime_scan 0.222267 ms
timing attn.bwd_scratch_alloc 0.017803 ms
timing attn.bwd_zdot_estash_dres_pf 2.829065 ms
timing attn.bwd_dq_tiled_pf 2.490867 ms
timing attn.bwd_kvgrid_dkdv_pf 2.109038 ms
timing attn.bwd_corner_flag 0.032707 ms
timing bwd.attention 7.707447 ms
timing grad.kv_slice 0.074252 ms
timing launches.grad.kv_slice 1 count
timing syncs.grad.kv_slice 0 count
timing grad.rope 0.14332 ms
timing launches.grad.rope 2 count
timing syncs.grad.rope 0 count
timing grad.q_dB 0.542374 ms
timing launches.grad.q_dB 1 count
timing syncs.grad.q_dB 0 count
timing gemm.proj_dB 0.542374 ms
timing launches.gemm.proj_dB 1 count
timing syncs.gemm.proj_dB 0 count
timing grad.k_dB 0.544253 ms
timing launches.grad.k_dB 1 count
timing syncs.grad.k_dB 0 count
timing gemm.proj_dB 0.544253 ms
timing launches.gemm.proj_dB 1 count
timing syncs.gemm.proj_dB 0 count
timing grad.v_dB 0.540025 ms
timing launches.grad.v_dB 1 count
timing syncs.grad.v_dB 0 count
timing gemm.proj_dB 0.540025 ms
timing launches.gemm.proj_dB 1 count
timing syncs.gemm.proj_dB 0 count
timing grad.q_dA 0.472783 ms
timing launches.grad.q_dA 0 count
timing syncs.grad.q_dA 0 count
timing gemm.proj_dA 0.472783 ms
timing launches.gemm.proj_dA 0 count
timing syncs.gemm.proj_dA 0 count
timing grad.k_dA 0.475644 ms
timing launches.grad.k_dA 0 count
timing syncs.grad.k_dA 0 count
timing gemm.proj_dA 0.475644 ms
timing launches.gemm.proj_dA 0 count
timing syncs.gemm.proj_dA 0 count
timing grad.v_dA 0.473467 ms
timing launches.grad.v_dA 0 count
timing syncs.grad.v_dA 0 count
timing gemm.proj_dA 0.473467 ms
timing launches.gemm.proj_dA 0 count
timing syncs.gemm.proj_dA 0 count
timing grad.qkv_fanin 0.047547 ms
timing launches.grad.qkv_fanin 1 count
timing syncs.grad.qkv_fanin 0 count
timing grad.norm1_kernels 0.173989 ms
timing launches.grad.norm1_kernels 3 count
timing syncs.grad.norm1_kernels 0 count
timing grad.norm1_dW 0.035048 ms
timing launches.grad.norm1_dW 2 count
timing syncs.grad.norm1_dW 1 count
timing gemm.norm_dW 0.035048 ms
timing launches.gemm.norm_dW 2 count
timing syncs.gemm.norm_dW 1 count
timing grad.x_add 0.041158 ms
timing launches.grad.x_add 1 count
timing syncs.grad.x_add 0 count
timing bwd.after_attention 3.637962 ms
timing grad.refuse_scan 0.048056 ms
timing launches.grad.refuse_scan 1 count
timing syncs.grad.refuse_scan 1 count
timing grad.residual2_copy 0.039323 ms
timing launches.grad.residual2_copy 1 count
timing syncs.grad.residual2_copy 0 count
timing grad.down_dA 1.23227 ms
timing launches.grad.down_dA 0 count
timing syncs.grad.down_dA 0 count
timing gemm.down_dA 1.23227 ms
timing launches.gemm.down_dA 0 count
timing syncs.gemm.down_dA 0 count
timing grad.down_dB 1.326337 ms
timing launches.grad.down_dB 1 count
timing syncs.grad.down_dB 0 count
timing gemm.down_dB 1.326337 ms
timing launches.gemm.down_dB 1 count
timing syncs.gemm.down_dB 0 count
timing grad.gate_mul 0.184227 ms
timing launches.grad.gate_mul 1 count
timing syncs.grad.gate_mul 0 count
timing grad.silu 0.001633 ms
timing launches.grad.silu 0 count
timing syncs.grad.silu 0 count
timing grad.gate_dB 1.319309 ms
timing launches.grad.gate_dB 1 count
timing syncs.grad.gate_dB 0 count
timing gemm.gateup_dB 1.319309 ms
timing launches.gemm.gateup_dB 1 count
timing syncs.gemm.gateup_dB 0 count
timing grad.up_dB 1.323061 ms
timing launches.grad.up_dB 1 count
timing syncs.grad.up_dB 0 count
timing gemm.gateup_dB 1.323061 ms
timing launches.gemm.gateup_dB 1 count
timing syncs.gemm.gateup_dB 0 count
timing grad.gate_dA 1.253167 ms
timing launches.grad.gate_dA 0 count
timing syncs.grad.gate_dA 0 count
timing gemm.gateup_dA 1.253167 ms
timing launches.gemm.gateup_dA 0 count
timing syncs.gemm.gateup_dA 0 count
timing grad.up_dA 1.257431 ms
timing launches.grad.up_dA 0 count
timing syncs.grad.up_dA 0 count
timing gemm.gateup_dA 1.257431 ms
timing launches.gemm.gateup_dA 0 count
timing syncs.gemm.gateup_dA 0 count
timing grad.gateup_fanin 0.039478 ms
timing launches.grad.gateup_fanin 1 count
timing syncs.grad.gateup_fanin 0 count
timing grad.norm2_kernels 0.189819 ms
timing launches.grad.norm2_kernels 3 count
timing syncs.grad.norm2_kernels 0 count
timing grad.norm2_dW 0.038202 ms
timing launches.grad.norm2_dW 2 count
timing syncs.grad.norm2_dW 1 count
timing gemm.norm_dW 0.038202 ms
timing launches.gemm.norm_dW 2 count
timing syncs.gemm.norm_dW 1 count
timing grad.residual1_add 0.002339 ms
timing launches.grad.residual1_add 0 count
timing syncs.grad.residual1_add 0 count
timing grad.o_copy 0.002356 ms
timing launches.grad.o_copy 0 count
timing syncs.grad.o_copy 0 count
timing grad.o_dA 0.475639 ms
timing launches.grad.o_dA 0 count
timing syncs.grad.o_dA 0 count
timing gemm.proj_dA 0.475639 ms
timing launches.gemm.proj_dA 0 count
timing syncs.gemm.proj_dA 0 count
timing grad.o_dB 0.544709 ms
timing launches.grad.o_dB 1 count
timing syncs.grad.o_dB 0 count
timing gemm.proj_dB 0.544709 ms
timing launches.gemm.proj_dB 1 count
timing syncs.gemm.proj_dB 0 count
timing bwd.mlp_through_oproj 9.43659 ms
timing launches.bwd.mlp_through_oproj 13 count
timing syncs.bwd.mlp_through_oproj 2 count
timing bwd.before_attention 0.001533 ms
timing attn.bwd_regime_scan 0.216577 ms
timing attn.bwd_scratch_alloc 0.015505 ms
timing attn.bwd_zdot_estash_dres_pf 2.844593 ms
timing attn.bwd_dq_tiled_pf 2.503576 ms
timing attn.bwd_kvgrid_dkdv_pf 2.114095 ms
timing attn.bwd_corner_flag 0.032756 ms
timing bwd.attention 7.731583 ms
timing grad.kv_slice 0.074724 ms
timing launches.grad.kv_slice 1 count
timing syncs.grad.kv_slice 0 count
timing grad.rope 0.14351 ms
timing launches.grad.rope 2 count
timing syncs.grad.rope 0 count
timing grad.q_dB 0.541481 ms
timing launches.grad.q_dB 1 count
timing syncs.grad.q_dB 0 count
timing gemm.proj_dB 0.541481 ms
timing launches.gemm.proj_dB 1 count
timing syncs.gemm.proj_dB 0 count
timing grad.k_dB 0.539493 ms
timing launches.grad.k_dB 1 count
timing syncs.grad.k_dB 0 count
timing gemm.proj_dB 0.539493 ms
timing launches.gemm.proj_dB 1 count
timing syncs.gemm.proj_dB 0 count
timing grad.v_dB 0.539996 ms
timing launches.grad.v_dB 1 count
timing syncs.grad.v_dB 0 count
timing gemm.proj_dB 0.539996 ms
timing launches.gemm.proj_dB 1 count
timing syncs.gemm.proj_dB 0 count
timing grad.q_dA 0.474422 ms
timing launches.grad.q_dA 0 count
timing syncs.grad.q_dA 0 count
timing gemm.proj_dA 0.474422 ms
timing launches.gemm.proj_dA 0 count
timing syncs.gemm.proj_dA 0 count
timing grad.k_dA 0.475962 ms
timing launches.grad.k_dA 0 count
timing syncs.grad.k_dA 0 count
timing gemm.proj_dA 0.475962 ms
timing launches.gemm.proj_dA 0 count
timing syncs.gemm.proj_dA 0 count
timing grad.v_dA 0.473461 ms
timing launches.grad.v_dA 0 count
timing syncs.grad.v_dA 0 count
timing gemm.proj_dA 0.473461 ms
timing launches.gemm.proj_dA 0 count
timing syncs.gemm.proj_dA 0 count
timing grad.qkv_fanin 0.047432 ms
timing launches.grad.qkv_fanin 1 count
timing syncs.grad.qkv_fanin 0 count
timing grad.norm1_kernels 0.1729 ms
timing launches.grad.norm1_kernels 3 count
timing syncs.grad.norm1_kernels 0 count
timing grad.norm1_dW 0.042791 ms
timing launches.grad.norm1_dW 2 count
timing syncs.grad.norm1_dW 1 count
timing gemm.norm_dW 0.042791 ms
timing launches.gemm.norm_dW 2 count
timing syncs.gemm.norm_dW 1 count
timing grad.x_add 0.038771 ms
timing launches.grad.x_add 1 count
timing syncs.grad.x_add 0 count
timing bwd.after_attention 3.635828 ms
timing grad.refuse_scan 0.053436 ms
timing launches.grad.refuse_scan 1 count
timing syncs.grad.refuse_scan 1 count
timing grad.residual2_copy 0.038318 ms
timing launches.grad.residual2_copy 1 count
timing syncs.grad.residual2_copy 0 count
timing grad.down_dA 1.236044 ms
timing launches.grad.down_dA 0 count
timing syncs.grad.down_dA 0 count
timing gemm.down_dA 1.236044 ms
timing launches.gemm.down_dA 0 count
timing syncs.gemm.down_dA 0 count
timing grad.down_dB 1.326554 ms
timing launches.grad.down_dB 1 count
timing syncs.grad.down_dB 0 count
timing gemm.down_dB 1.326554 ms
timing launches.gemm.down_dB 1 count
timing syncs.gemm.down_dB 0 count
timing grad.gate_mul 0.186512 ms
timing launches.grad.gate_mul 1 count
timing syncs.grad.gate_mul 0 count
timing grad.silu 0.001786 ms
timing launches.grad.silu 0 count
timing syncs.grad.silu 0 count
timing grad.gate_dB 1.332289 ms
timing launches.grad.gate_dB 1 count
timing syncs.grad.gate_dB 0 count
timing gemm.gateup_dB 1.332289 ms
timing launches.gemm.gateup_dB 1 count
timing syncs.gemm.gateup_dB 0 count
timing grad.up_dB 1.334287 ms
timing launches.grad.up_dB 1 count
timing syncs.grad.up_dB 0 count
timing gemm.gateup_dB 1.334287 ms
timing launches.gemm.gateup_dB 1 count
timing syncs.gemm.gateup_dB 0 count
timing grad.gate_dA 1.257151 ms
timing launches.grad.gate_dA 0 count
timing syncs.grad.gate_dA 0 count
timing gemm.gateup_dA 1.257151 ms
timing launches.gemm.gateup_dA 0 count
timing syncs.gemm.gateup_dA 0 count
timing grad.up_dA 1.258188 ms
timing launches.grad.up_dA 0 count
timing syncs.grad.up_dA 0 count
timing gemm.gateup_dA 1.258188 ms
timing launches.gemm.gateup_dA 0 count
timing syncs.gemm.gateup_dA 0 count
timing grad.gateup_fanin 0.039887 ms
timing launches.grad.gateup_fanin 1 count
timing syncs.grad.gateup_fanin 0 count
timing grad.norm2_kernels 0.190823 ms
timing launches.grad.norm2_kernels 3 count
timing syncs.grad.norm2_kernels 0 count
timing grad.norm2_dW 0.036344 ms
timing launches.grad.norm2_dW 2 count
timing syncs.grad.norm2_dW 1 count
timing gemm.norm_dW 0.036344 ms
timing launches.gemm.norm_dW 2 count
timing syncs.gemm.norm_dW 1 count
timing grad.residual1_add 0.001533 ms
timing launches.grad.residual1_add 0 count
timing syncs.grad.residual1_add 0 count
timing grad.o_copy 0.001582 ms
timing launches.grad.o_copy 0 count
timing syncs.grad.o_copy 0 count
timing grad.o_dA 0.473398 ms
timing launches.grad.o_dA 0 count
timing syncs.grad.o_dA 0 count
timing gemm.proj_dA 0.473398 ms
timing launches.gemm.proj_dA 0 count
timing syncs.gemm.proj_dA 0 count
timing grad.o_dB 0.544308 ms
timing launches.grad.o_dB 1 count
timing syncs.grad.o_dB 0 count
timing gemm.proj_dB 0.544308 ms
timing launches.gemm.proj_dB 1 count
timing syncs.gemm.proj_dB 0 count
timing bwd.mlp_through_oproj 9.417203 ms
timing launches.bwd.mlp_through_oproj 13 count
timing syncs.bwd.mlp_through_oproj 2 count
timing bwd.before_attention 0.00152 ms
timing attn.bwd_regime_scan 0.199241 ms
timing attn.bwd_scratch_alloc 0.011446 ms
timing attn.bwd_zdot_estash_dres_pf 2.834316 ms
timing attn.bwd_dq_tiled_pf 2.494679 ms
timing attn.bwd_kvgrid_dkdv_pf 2.112463 ms
timing attn.bwd_corner_flag 0.02639 ms
timing bwd.attention 7.682748 ms
timing grad.kv_slice 0.074328 ms
timing launches.grad.kv_slice 1 count
timing syncs.grad.kv_slice 0 count
timing grad.rope 0.143891 ms
timing launches.grad.rope 2 count
timing syncs.grad.rope 0 count
timing grad.q_dB 0.539986 ms
timing launches.grad.q_dB 1 count
timing syncs.grad.q_dB 0 count
timing gemm.proj_dB 0.539986 ms
timing launches.gemm.proj_dB 1 count
timing syncs.gemm.proj_dB 0 count
timing grad.k_dB 0.544722 ms
timing launches.grad.k_dB 1 count
timing syncs.grad.k_dB 0 count
timing gemm.proj_dB 0.544722 ms
timing launches.gemm.proj_dB 1 count
timing syncs.gemm.proj_dB 0 count
timing grad.v_dB 0.547473 ms
timing launches.grad.v_dB 1 count
timing syncs.grad.v_dB 0 count
timing gemm.proj_dB 0.547473 ms
timing launches.gemm.proj_dB 1 count
timing syncs.gemm.proj_dB 0 count
timing grad.q_dA 0.472344 ms
timing launches.grad.q_dA 0 count
timing syncs.grad.q_dA 0 count
timing gemm.proj_dA 0.472344 ms
timing launches.gemm.proj_dA 0 count
timing syncs.gemm.proj_dA 0 count
timing grad.k_dA 0.473235 ms
timing launches.grad.k_dA 0 count
timing syncs.grad.k_dA 0 count
timing gemm.proj_dA 0.473235 ms
timing launches.gemm.proj_dA 0 count
timing syncs.gemm.proj_dA 0 count
timing grad.v_dA 0.471924 ms
timing launches.grad.v_dA 0 count
timing syncs.grad.v_dA 0 count
timing gemm.proj_dA 0.471924 ms
timing launches.gemm.proj_dA 0 count
timing syncs.gemm.proj_dA 0 count
timing grad.qkv_fanin 0.048149 ms
timing launches.grad.qkv_fanin 1 count
timing syncs.grad.qkv_fanin 0 count
timing grad.norm1_kernels 0.173955 ms
timing launches.grad.norm1_kernels 3 count
timing syncs.grad.norm1_kernels 0 count
timing grad.norm1_dW 0.034918 ms
timing launches.grad.norm1_dW 2 count
timing syncs.grad.norm1_dW 1 count
timing gemm.norm_dW 0.034918 ms
timing launches.gemm.norm_dW 2 count
timing syncs.gemm.norm_dW 1 count
timing grad.x_add 0.040911 ms
timing launches.grad.x_add 1 count
timing syncs.grad.x_add 0 count
timing bwd.after_attention 3.642771 ms
timing grad.refuse_scan 0.049947 ms
timing launches.grad.refuse_scan 1 count
timing syncs.grad.refuse_scan 1 count
timing grad.residual2_copy 0.041295 ms
timing launches.grad.residual2_copy 1 count
timing syncs.grad.residual2_copy 0 count
timing grad.down_dA 1.233372 ms
timing launches.grad.down_dA 0 count
timing syncs.grad.down_dA 0 count
timing gemm.down_dA 1.233372 ms
timing launches.gemm.down_dA 0 count
timing syncs.gemm.down_dA 0 count
timing grad.down_dB 1.330539 ms
timing launches.grad.down_dB 1 count
timing syncs.grad.down_dB 0 count
timing gemm.down_dB 1.330539 ms
timing launches.gemm.down_dB 1 count
timing syncs.gemm.down_dB 0 count
timing grad.gate_mul 0.184878 ms
timing launches.grad.gate_mul 1 count
timing syncs.grad.gate_mul 0 count
timing grad.silu 0.001764 ms
timing launches.grad.silu 0 count
timing syncs.grad.silu 0 count
timing grad.gate_dB 1.329583 ms
timing launches.grad.gate_dB 1 count
timing syncs.grad.gate_dB 0 count
timing gemm.gateup_dB 1.329583 ms
timing launches.gemm.gateup_dB 1 count
timing syncs.gemm.gateup_dB 0 count
timing grad.up_dB 1.322296 ms
timing launches.grad.up_dB 1 count
timing syncs.grad.up_dB 0 count
timing gemm.gateup_dB 1.322296 ms
timing launches.gemm.gateup_dB 1 count
timing syncs.gemm.gateup_dB 0 count
timing grad.gate_dA 1.253127 ms
timing launches.grad.gate_dA 0 count
timing syncs.grad.gate_dA 0 count
timing gemm.gateup_dA 1.253127 ms
timing launches.gemm.gateup_dA 0 count
timing syncs.gemm.gateup_dA 0 count
timing grad.up_dA 1.252563 ms
timing launches.grad.up_dA 0 count
timing syncs.grad.up_dA 0 count
timing gemm.gateup_dA 1.252563 ms
timing launches.gemm.gateup_dA 0 count
timing syncs.gemm.gateup_dA 0 count
timing grad.gateup_fanin 0.044382 ms
timing launches.grad.gateup_fanin 1 count
timing syncs.grad.gateup_fanin 0 count
timing grad.norm2_kernels 0.193266 ms
timing launches.grad.norm2_kernels 3 count
timing syncs.grad.norm2_kernels 0 count
timing grad.norm2_dW 0.039726 ms
timing launches.grad.norm2_dW 2 count
timing syncs.grad.norm2_dW 1 count
timing gemm.norm_dW 0.039726 ms
timing launches.gemm.norm_dW 2 count
timing syncs.gemm.norm_dW 1 count
timing grad.residual1_add 0.001503 ms
timing launches.grad.residual1_add 0 count
timing syncs.grad.residual1_add 0 count
timing grad.o_copy 0.001605 ms
timing launches.grad.o_copy 0 count
timing syncs.grad.o_copy 0 count
timing grad.o_dA 0.476528 ms
timing launches.grad.o_dA 0 count
timing syncs.grad.o_dA 0 count
timing gemm.proj_dA 0.476528 ms
timing launches.gemm.proj_dA 0 count
timing syncs.gemm.proj_dA 0 count
timing grad.o_dB 0.543004 ms
timing launches.grad.o_dB 1 count
timing syncs.grad.o_dB 0 count
timing gemm.proj_dB 0.543004 ms
timing launches.gemm.proj_dB 1 count
timing syncs.gemm.proj_dB 0 count
timing bwd.mlp_through_oproj 9.425662 ms
timing launches.bwd.mlp_through_oproj 13 count
timing syncs.bwd.mlp_through_oproj 2 count
timing bwd.before_attention 0.003044 ms
timing attn.bwd_regime_scan 0.213351 ms
timing attn.bwd_scratch_alloc 0.017323 ms
timing attn.bwd_zdot_estash_dres_pf 2.848183 ms
timing attn.bwd_dq_tiled_pf 2.498057 ms
timing attn.bwd_kvgrid_dkdv_pf 2.113604 ms
timing attn.bwd_corner_flag 0.031723 ms
timing bwd.attention 7.730331 ms
timing grad.kv_slice 0.07843 ms
timing launches.grad.kv_slice 1 count
timing syncs.grad.kv_slice 0 count
timing grad.rope 0.146909 ms
timing launches.grad.rope 2 count
timing syncs.grad.rope 0 count
timing grad.q_dB 0.541976 ms
timing launches.grad.q_dB 1 count
timing syncs.grad.q_dB 0 count
timing gemm.proj_dB 0.541976 ms
timing launches.gemm.proj_dB 1 count
timing syncs.gemm.proj_dB 0 count
timing grad.k_dB 0.548035 ms
timing launches.grad.k_dB 1 count
timing syncs.grad.k_dB 0 count
timing gemm.proj_dB 0.548035 ms
timing launches.gemm.proj_dB 1 count
timing syncs.gemm.proj_dB 0 count
timing grad.v_dB 0.548589 ms
timing launches.grad.v_dB 1 count
timing syncs.grad.v_dB 0 count
timing gemm.proj_dB 0.548589 ms
timing launches.gemm.proj_dB 1 count
timing syncs.gemm.proj_dB 0 count
timing grad.q_dA 0.477468 ms
timing launches.grad.q_dA 0 count
timing syncs.grad.q_dA 0 count
timing gemm.proj_dA 0.477468 ms
timing launches.gemm.proj_dA 0 count
timing syncs.gemm.proj_dA 0 count
timing grad.k_dA 0.475931 ms
timing launches.grad.k_dA 0 count
timing syncs.grad.k_dA 0 count
timing gemm.proj_dA 0.475931 ms
timing launches.gemm.proj_dA 0 count
timing syncs.gemm.proj_dA 0 count
timing grad.v_dA 0.474668 ms
timing launches.grad.v_dA 0 count
timing syncs.grad.v_dA 0 count
timing gemm.proj_dA 0.474668 ms
timing launches.gemm.proj_dA 0 count
timing syncs.gemm.proj_dA 0 count
timing grad.qkv_fanin 0.048591 ms
timing launches.grad.qkv_fanin 1 count
timing syncs.grad.qkv_fanin 0 count
timing grad.norm1_kernels 0.172081 ms
timing launches.grad.norm1_kernels 3 count
timing syncs.grad.norm1_kernels 0 count
timing grad.norm1_dW 0.036334 ms
timing launches.grad.norm1_dW 2 count
timing syncs.grad.norm1_dW 1 count
timing gemm.norm_dW 0.036334 ms
timing launches.gemm.norm_dW 2 count
timing syncs.gemm.norm_dW 1 count
timing grad.x_add 0.0391 ms
timing launches.grad.x_add 1 count
timing syncs.grad.x_add 0 count
timing bwd.after_attention 3.684576 ms
timing envelope.blocks_backward 249.867143 ms
timing step.embedding_backward 3.477525 ms
timing step.pack_grads 0.915376 ms
timing step.pack_grads_bytes 648591360 bytes
timing step.validate_grads_scan 0.544823 ms
timing step.validate_grads_scan_bytes 648591360 bytes
timing step.optimizer 1.711033 ms
timing step.validate_after_scan 2.15137 ms
timing step.validate_after_scan_bytes 2594365440 bytes
timing step.bind_final_sync 0.001996 ms
timing count.launches 652 count
timing count.synchronizes 594 count
timing count.copies_h2d 2 count
timing count.copies_d2h 154 count
timing count.copies_d2d 24 count
timing count.device_allocs 193 count
timing count.host_allocs 151 count
timing count.native_steps 1 count
timing step.bind_publish 0.009731 ms
timing step.bind_publish_bytes 444 bytes
timing envelope.native_call 518.5478515923023 ms
timing step.py_flags 0.1276787370443344 ms
timing step.py_flags_bytes 440 bytes
{"event": "component_timing_step_end", "timing_step": 1, "seconds": 0.5195226930081844, "loss": 10.962727546691895, "t": 1790303036.2737818}
{"event": "component_timing_step_start", "timing_step": 2, "note": "MOJOLEARN_TRANSFORMER_TIMING=1; not a timing sample", "t": 1790303036.2740066}
timing step.py_tokens 0.4957476630806923 ms
timing step.py_tokens_bytes 32784 bytes
timing step.bind_scalar_admission 0.008568 ms
timing step.upload_inputs 0.1412 ms
timing step.upload_inputs_bytes 65536 bytes
timing step.unpack_weights 0.92443 ms
timing step.unpack_weights_bytes 648591360 bytes
timing step.embedding_forward 0.101875 ms
timing fwd.refuse_call 0.065463 ms
timing launches.fwd.refuse_call 2 count
timing syncs.fwd.refuse_call 2 count
timing fwd.norm1 0.185964 ms
timing launches.fwd.norm1 1 count
timing syncs.fwd.norm1 0 count
timing block.norm1 0.262885 ms
timing fwd.q_proj 0.479768 ms
timing launches.fwd.q_proj 0 count
timing syncs.fwd.q_proj 0 count
timing gemm.proj_fwd 0.479768 ms
timing launches.gemm.proj_fwd 0 count
timing syncs.gemm.proj_fwd 0 count
timing fwd.k_proj 0.481882 ms
timing launches.fwd.k_proj 0 count
timing syncs.fwd.k_proj 0 count
timing gemm.proj_fwd 0.481882 ms
timing launches.gemm.proj_fwd 0 count
timing syncs.gemm.proj_fwd 0 count
timing fwd.v_proj 0.476564 ms
timing launches.fwd.v_proj 0 count
timing syncs.fwd.v_proj 0 count
timing gemm.proj_fwd 0.476564 ms
timing launches.gemm.proj_fwd 0 count
timing syncs.gemm.proj_fwd 0 count
timing attn.qkv_proj 1.475952 ms
timing attn.rope_and_cache 0.253252 ms
timing attn.fwd_regime_scan 0.167243 ms
timing attn.fwd_r2_keep_kernel 5.729655 ms
timing attn.fwd_corner_flag 0.02371 ms
timing attn.core 5.925879 ms
timing fwd.o_proj 0.47741 ms
timing launches.fwd.o_proj 0 count
timing syncs.fwd.o_proj 0 count
timing gemm.proj_fwd 0.47741 ms
timing launches.gemm.proj_fwd 0 count
timing syncs.gemm.proj_fwd 0 count
timing attn.o_proj 0.495883 ms
timing block.attention_total 8.158094 ms
timing fwd.residual1_add 0.045105 ms
timing launches.fwd.residual1_add 1 count
timing syncs.fwd.residual1_add 0 count
timing fwd.norm2 0.19314 ms
timing launches.fwd.norm2 1 count
timing syncs.fwd.norm2 0 count
timing fwd.gate_proj 1.248107 ms
timing launches.fwd.gate_proj 0 count
timing syncs.fwd.gate_proj 0 count
timing gemm.gateup_fwd 1.248107 ms
timing launches.gemm.gateup_fwd 0 count
timing syncs.gemm.gateup_fwd 0 count
timing fwd.up_proj 1.249011 ms
timing launches.fwd.up_proj 0 count
timing syncs.fwd.up_proj 0 count
timing gemm.gateup_fwd 1.249011 ms
timing launches.gemm.gateup_fwd 0 count
timing syncs.gemm.gateup_fwd 0 count
timing fwd.silu 0.09669 ms
timing launches.fwd.silu 1 count
timing syncs.fwd.silu 0 count
timing fwd.gate_mul 0.093757 ms
timing launches.fwd.gate_mul 1 count
timing syncs.fwd.gate_mul 0 count
timing fwd.down_proj 1.265334 ms
timing launches.fwd.down_proj 0 count
timing syncs.fwd.down_proj 0 count
timing gemm.down_fwd 1.265334 ms
timing launches.gemm.down_fwd 0 count
timing syncs.gemm.down_fwd 0 count
timing fwd.residual2_add 0.041478 ms
timing launches.fwd.residual2_add 1 count
timing syncs.fwd.residual2_add 0 count
timing block.mlp_and_residuals 4.296871 ms
timing fwd.refuse_call 0.084423 ms
timing launches.fwd.refuse_call 2 count
timing syncs.fwd.refuse_call 2 count
timing fwd.norm1 0.181616 ms
timing launches.fwd.norm1 1 count
timing syncs.fwd.norm1 0 count
timing block.norm1 0.282872 ms
timing fwd.q_proj 0.478454 ms
timing launches.fwd.q_proj 0 count
timing syncs.fwd.q_proj 0 count
timing gemm.proj_fwd 0.478454 ms
timing launches.gemm.proj_fwd 0 count
timing syncs.gemm.proj_fwd 0 count
timing fwd.k_proj 0.476172 ms
timing launches.fwd.k_proj 0 count
timing syncs.fwd.k_proj 0 count
timing gemm.proj_fwd 0.476172 ms
timing launches.gemm.proj_fwd 0 count
timing syncs.gemm.proj_fwd 0 count
timing fwd.v_proj 0.477107 ms
timing launches.fwd.v_proj 0 count
timing syncs.fwd.v_proj 0 count
timing gemm.proj_fwd 0.477107 ms
timing launches.gemm.proj_fwd 0 count
timing syncs.gemm.proj_fwd 0 count
timing attn.qkv_proj 1.462332 ms
timing attn.rope_and_cache 0.256575 ms
timing attn.fwd_regime_scan 0.178295 ms
timing attn.fwd_r2_keep_kernel 5.711115 ms
timing attn.fwd_corner_flag 0.025477 ms
timing attn.core 5.921818 ms
timing fwd.o_proj 0.477499 ms
timing launches.fwd.o_proj 0 count
timing syncs.fwd.o_proj 0 count
timing gemm.proj_fwd 0.477499 ms
timing launches.gemm.proj_fwd 0 count
timing syncs.gemm.proj_fwd 0 count
timing attn.o_proj 0.496027 ms
timing block.attention_total 8.144639 ms
timing fwd.residual1_add 0.043596 ms
timing launches.fwd.residual1_add 1 count
timing syncs.fwd.residual1_add 0 count
timing fwd.norm2 0.194908 ms
timing launches.fwd.norm2 1 count
timing syncs.fwd.norm2 0 count
timing fwd.gate_proj 1.249775 ms
timing launches.fwd.gate_proj 0 count
timing syncs.fwd.gate_proj 0 count
timing gemm.gateup_fwd 1.249775 ms
timing launches.gemm.gateup_fwd 0 count
timing syncs.gemm.gateup_fwd 0 count
timing fwd.up_proj 1.244477 ms
timing launches.fwd.up_proj 0 count
timing syncs.fwd.up_proj 0 count
timing gemm.gateup_fwd 1.244477 ms
timing launches.gemm.gateup_fwd 0 count
timing syncs.gemm.gateup_fwd 0 count
timing fwd.silu 0.090154 ms
timing launches.fwd.silu 1 count
timing syncs.fwd.silu 0 count
timing fwd.gate_mul 0.093291 ms
timing launches.fwd.gate_mul 1 count
timing syncs.fwd.gate_mul 0 count
timing fwd.down_proj 1.267509 ms
timing launches.fwd.down_proj 0 count
timing syncs.fwd.down_proj 0 count
timing gemm.down_fwd 1.267509 ms
timing launches.gemm.down_fwd 0 count
timing syncs.gemm.down_fwd 0 count
timing fwd.residual2_add 0.042619 ms
timing launches.fwd.residual2_add 1 count
timing syncs.fwd.residual2_add 0 count
timing block.mlp_and_residuals 4.296724 ms
timing fwd.refuse_call 0.06914 ms
timing launches.fwd.refuse_call 2 count
timing syncs.fwd.refuse_call 2 count
timing fwd.norm1 0.179379 ms
timing launches.fwd.norm1 1 count
timing syncs.fwd.norm1 0 count
timing block.norm1 0.257889 ms
timing fwd.q_proj 0.479946 ms
timing launches.fwd.q_proj 0 count
timing syncs.fwd.q_proj 0 count
timing gemm.proj_fwd 0.479946 ms
timing launches.gemm.proj_fwd 0 count
timing syncs.gemm.proj_fwd 0 count
timing fwd.k_proj 0.476396 ms
timing launches.fwd.k_proj 0 count
timing syncs.fwd.k_proj 0 count
timing gemm.proj_fwd 0.476396 ms
timing launches.gemm.proj_fwd 0 count
timing syncs.gemm.proj_fwd 0 count
timing fwd.v_proj 0.481265 ms
timing launches.fwd.v_proj 0 count
timing syncs.fwd.v_proj 0 count
timing gemm.proj_fwd 0.481265 ms
timing launches.gemm.proj_fwd 0 count
timing syncs.gemm.proj_fwd 0 count
timing attn.qkv_proj 1.474723 ms
timing attn.rope_and_cache 0.252874 ms
timing attn.fwd_regime_scan 0.174262 ms
timing attn.fwd_r2_keep_kernel 5.719954 ms
timing attn.fwd_corner_flag 0.021105 ms
timing attn.core 5.922488 ms
timing fwd.o_proj 0.47654 ms
timing launches.fwd.o_proj 0 count
timing syncs.fwd.o_proj 0 count
timing gemm.proj_fwd 0.47654 ms
timing launches.gemm.proj_fwd 0 count
timing syncs.gemm.proj_fwd 0 count
timing attn.o_proj 0.491926 ms
timing block.attention_total 8.149658 ms
timing fwd.residual1_add 0.040367 ms
timing launches.fwd.residual1_add 1 count
timing syncs.fwd.residual1_add 0 count
timing fwd.norm2 0.192641 ms
timing launches.fwd.norm2 1 count
timing syncs.fwd.norm2 0 count
timing fwd.gate_proj 1.246372 ms
timing launches.fwd.gate_proj 0 count
timing syncs.fwd.gate_proj 0 count
timing gemm.gateup_fwd 1.246372 ms
timing launches.gemm.gateup_fwd 0 count
timing syncs.gemm.gateup_fwd 0 count
timing fwd.up_proj 1.243091 ms
timing launches.fwd.up_proj 0 count
timing syncs.fwd.up_proj 0 count
timing gemm.gateup_fwd 1.243091 ms
timing launches.gemm.gateup_fwd 0 count
timing syncs.gemm.gateup_fwd 0 count
timing fwd.silu 0.091358 ms
timing launches.fwd.silu 1 count
timing syncs.fwd.silu 0 count
timing fwd.gate_mul 0.091758 ms
timing launches.fwd.gate_mul 1 count
timing syncs.fwd.gate_mul 0 count
timing fwd.down_proj 1.267715 ms
timing launches.fwd.down_proj 0 count
timing syncs.fwd.down_proj 0 count
timing gemm.down_fwd 1.267715 ms
timing launches.gemm.down_fwd 0 count
timing syncs.gemm.down_fwd 0 count
timing fwd.residual2_add 0.041001 ms
timing launches.fwd.residual2_add 1 count
timing syncs.fwd.residual2_add 0 count
timing block.mlp_and_residuals 4.27626 ms
timing fwd.refuse_call 0.068826 ms
timing launches.fwd.refuse_call 2 count
timing syncs.fwd.refuse_call 2 count
timing fwd.norm1 0.183178 ms
timing launches.fwd.norm1 1 count
timing syncs.fwd.norm1 0 count
timing block.norm1 0.261792 ms
timing fwd.q_proj 0.477067 ms
timing launches.fwd.q_proj 0 count
timing syncs.fwd.q_proj 0 count
timing gemm.proj_fwd 0.477067 ms
timing launches.gemm.proj_fwd 0 count
timing syncs.gemm.proj_fwd 0 count
timing fwd.k_proj 0.477626 ms
timing launches.fwd.k_proj 0 count
timing syncs.fwd.k_proj 0 count
timing gemm.proj_fwd 0.477626 ms
timing launches.gemm.proj_fwd 0 count
timing syncs.gemm.proj_fwd 0 count
timing fwd.v_proj 0.478408 ms
timing launches.fwd.v_proj 0 count
timing syncs.fwd.v_proj 0 count
timing gemm.proj_fwd 0.478408 ms
timing launches.gemm.proj_fwd 0 count
timing syncs.gemm.proj_fwd 0 count
timing attn.qkv_proj 1.458427 ms
timing attn.rope_and_cache 0.251858 ms
timing attn.fwd_regime_scan 0.174484 ms
timing attn.fwd_r2_keep_kernel 5.710849 ms
timing attn.fwd_corner_flag 0.021136 ms
timing attn.core 5.910862 ms
timing fwd.o_proj 0.477059 ms
timing launches.fwd.o_proj 0 count
timing syncs.fwd.o_proj 0 count
timing gemm.proj_fwd 0.477059 ms
timing launches.gemm.proj_fwd 0 count
timing syncs.gemm.proj_fwd 0 count
timing attn.o_proj 0.490343 ms
timing block.attention_total 8.115236 ms
timing fwd.residual1_add 0.041504 ms
timing launches.fwd.residual1_add 1 count
timing syncs.fwd.residual1_add 0 count
timing fwd.norm2 0.191628 ms
timing launches.fwd.norm2 1 count
timing syncs.fwd.norm2 0 count
timing fwd.gate_proj 1.24307 ms
timing launches.fwd.gate_proj 0 count
timing syncs.fwd.gate_proj 0 count
timing gemm.gateup_fwd 1.24307 ms
timing launches.gemm.gateup_fwd 0 count
timing syncs.gemm.gateup_fwd 0 count
timing fwd.up_proj 1.241925 ms
timing launches.fwd.up_proj 0 count
timing syncs.fwd.up_proj 0 count
timing gemm.gateup_fwd 1.241925 ms
timing launches.gemm.gateup_fwd 0 count
timing syncs.gemm.gateup_fwd 0 count
timing fwd.silu 0.089225 ms
timing launches.fwd.silu 1 count
timing syncs.fwd.silu 0 count
timing fwd.gate_mul 0.091328 ms
timing launches.fwd.gate_mul 1 count
timing syncs.fwd.gate_mul 0 count
timing fwd.down_proj 1.264588 ms
timing launches.fwd.down_proj 0 count
timing syncs.fwd.down_proj 0 count
timing gemm.down_fwd 1.264588 ms
timing launches.gemm.down_fwd 0 count
timing syncs.gemm.down_fwd 0 count
timing fwd.residual2_add 0.041992 ms
timing launches.fwd.residual2_add 1 count
timing syncs.fwd.residual2_add 0 count
timing block.mlp_and_residuals 4.257491 ms
timing fwd.refuse_call 0.07403 ms
timing launches.fwd.refuse_call 2 count
timing syncs.fwd.refuse_call 2 count
timing fwd.norm1 0.187015 ms
timing launches.fwd.norm1 1 count
timing syncs.fwd.norm1 0 count
timing block.norm1 0.278624 ms
timing fwd.q_proj 0.479465 ms
timing launches.fwd.q_proj 0 count
timing syncs.fwd.q_proj 0 count
timing gemm.proj_fwd 0.479465 ms
timing launches.gemm.proj_fwd 0 count
timing syncs.gemm.proj_fwd 0 count
timing fwd.k_proj 0.47962 ms
timing launches.fwd.k_proj 0 count
timing syncs.fwd.k_proj 0 count
timing gemm.proj_fwd 0.47962 ms
timing launches.gemm.proj_fwd 0 count
timing syncs.gemm.proj_fwd 0 count
timing fwd.v_proj 0.477563 ms
timing launches.fwd.v_proj 0 count
timing syncs.fwd.v_proj 0 count
timing gemm.proj_fwd 0.477563 ms
timing launches.gemm.proj_fwd 0 count
timing syncs.gemm.proj_fwd 0 count
timing attn.qkv_proj 1.466529 ms
timing attn.rope_and_cache 0.253767 ms
timing attn.fwd_regime_scan 0.161851 ms
timing attn.fwd_r2_keep_kernel 5.714693 ms
timing attn.fwd_corner_flag 0.021316 ms
timing attn.core 5.903933 ms
timing fwd.o_proj 0.474087 ms
timing launches.fwd.o_proj 0 count
timing syncs.fwd.o_proj 0 count
timing gemm.proj_fwd 0.474087 ms
timing launches.gemm.proj_fwd 0 count
timing syncs.gemm.proj_fwd 0 count
timing attn.o_proj 0.483232 ms
timing block.attention_total 8.112546 ms
timing fwd.residual1_add 0.040109 ms
timing launches.fwd.residual1_add 1 count
timing syncs.fwd.residual1_add 0 count
timing fwd.norm2 0.189941 ms
timing launches.fwd.norm2 1 count
timing syncs.fwd.norm2 0 count
timing fwd.gate_proj 1.238376 ms
timing launches.fwd.gate_proj 0 count
timing syncs.fwd.gate_proj 0 count
timing gemm.gateup_fwd 1.238376 ms
timing launches.gemm.gateup_fwd 0 count
timing syncs.gemm.gateup_fwd 0 count
timing fwd.up_proj 1.244851 ms
timing launches.fwd.up_proj 0 count
timing syncs.fwd.up_proj 0 count
timing gemm.gateup_fwd 1.244851 ms
timing launches.gemm.gateup_fwd 0 count
timing syncs.gemm.gateup_fwd 0 count
timing fwd.silu 0.091678 ms
timing launches.fwd.silu 1 count
timing syncs.fwd.silu 0 count
timing fwd.gate_mul 0.091071 ms
timing launches.fwd.gate_mul 1 count
timing syncs.fwd.gate_mul 0 count
timing fwd.down_proj 1.266227 ms
timing launches.fwd.down_proj 0 count
timing syncs.fwd.down_proj 0 count
timing gemm.down_fwd 1.266227 ms
timing launches.gemm.down_fwd 0 count
timing syncs.gemm.down_fwd 0 count
timing fwd.residual2_add 0.041152 ms
timing launches.fwd.residual2_add 1 count
timing syncs.fwd.residual2_add 0 count
timing block.mlp_and_residuals 4.259233 ms
timing fwd.refuse_call 0.076413 ms
timing launches.fwd.refuse_call 2 count
timing syncs.fwd.refuse_call 2 count
timing fwd.norm1 0.178038 ms
timing launches.fwd.norm1 1 count
timing syncs.fwd.norm1 0 count
timing block.norm1 0.268286 ms
timing fwd.q_proj 0.479576 ms
timing launches.fwd.q_proj 0 count
timing syncs.fwd.q_proj 0 count
timing gemm.proj_fwd 0.479576 ms
timing launches.gemm.proj_fwd 0 count
timing syncs.gemm.proj_fwd 0 count
timing fwd.k_proj 0.476886 ms
timing launches.fwd.k_proj 0 count
timing syncs.fwd.k_proj 0 count
timing gemm.proj_fwd 0.476886 ms
timing launches.gemm.proj_fwd 0 count
timing syncs.gemm.proj_fwd 0 count
timing fwd.v_proj 0.475817 ms
timing launches.fwd.v_proj 0 count
timing syncs.fwd.v_proj 0 count
timing gemm.proj_fwd 0.475817 ms
timing launches.gemm.proj_fwd 0 count
timing syncs.gemm.proj_fwd 0 count
timing attn.qkv_proj 1.462079 ms
timing attn.rope_and_cache 0.256805 ms
timing attn.fwd_regime_scan 0.162164 ms
timing attn.fwd_r2_keep_kernel 5.702708 ms
timing attn.fwd_corner_flag 0.028712 ms
timing attn.core 5.90053 ms
timing fwd.o_proj 0.479184 ms
timing launches.fwd.o_proj 0 count
timing syncs.fwd.o_proj 0 count
timing gemm.proj_fwd 0.479184 ms
timing launches.gemm.proj_fwd 0 count
timing syncs.gemm.proj_fwd 0 count
timing attn.o_proj 0.489728 ms
timing block.attention_total 8.11352 ms
timing fwd.residual1_add 0.040136 ms
timing launches.fwd.residual1_add 1 count
timing syncs.fwd.residual1_add 0 count
timing fwd.norm2 0.193736 ms
timing launches.fwd.norm2 1 count
timing syncs.fwd.norm2 0 count
timing fwd.gate_proj 1.245967 ms
timing launches.fwd.gate_proj 0 count
timing syncs.fwd.gate_proj 0 count
timing gemm.gateup_fwd 1.245967 ms
timing launches.gemm.gateup_fwd 0 count
timing syncs.gemm.gateup_fwd 0 count
timing fwd.up_proj 1.246901 ms
timing launches.fwd.up_proj 0 count
timing syncs.fwd.up_proj 0 count
timing gemm.gateup_fwd 1.246901 ms
timing launches.gemm.gateup_fwd 0 count
timing syncs.gemm.gateup_fwd 0 count
timing fwd.silu 0.089273 ms
timing launches.fwd.silu 1 count
timing syncs.fwd.silu 0 count
timing fwd.gate_mul 0.089481 ms
timing launches.fwd.gate_mul 1 count
timing syncs.fwd.gate_mul 0 count
timing fwd.down_proj 1.26625 ms
timing launches.fwd.down_proj 0 count
timing syncs.fwd.down_proj 0 count
timing gemm.down_fwd 1.26625 ms
timing launches.gemm.down_fwd 0 count
timing syncs.gemm.down_fwd 0 count
timing fwd.residual2_add 0.042302 ms
timing launches.fwd.residual2_add 1 count
timing syncs.fwd.residual2_add 0 count
timing block.mlp_and_residuals 4.264554 ms
timing fwd.refuse_call 0.061641 ms
timing launches.fwd.refuse_call 2 count
timing syncs.fwd.refuse_call 2 count
timing fwd.norm1 0.183307 ms
timing launches.fwd.norm1 1 count
timing syncs.fwd.norm1 0 count
timing block.norm1 0.260048 ms
timing fwd.q_proj 0.476866 ms
timing launches.fwd.q_proj 0 count
timing syncs.fwd.q_proj 0 count
timing gemm.proj_fwd 0.476866 ms
timing launches.gemm.proj_fwd 0 count
timing syncs.gemm.proj_fwd 0 count
timing fwd.k_proj 0.479451 ms
timing launches.fwd.k_proj 0 count
timing syncs.fwd.k_proj 0 count
timing gemm.proj_fwd 0.479451 ms
timing launches.gemm.proj_fwd 0 count
timing syncs.gemm.proj_fwd 0 count
timing fwd.v_proj 0.476897 ms
timing launches.fwd.v_proj 0 count
timing syncs.fwd.v_proj 0 count
timing gemm.proj_fwd 0.476897 ms
timing launches.gemm.proj_fwd 0 count
timing syncs.gemm.proj_fwd 0 count
timing attn.qkv_proj 1.452639 ms
timing attn.rope_and_cache 0.250222 ms
timing attn.fwd_regime_scan 0.150049 ms
timing attn.fwd_r2_keep_kernel 5.718611 ms
timing attn.fwd_corner_flag 0.032142 ms
timing attn.core 5.907283 ms
timing fwd.o_proj 0.478598 ms
timing launches.fwd.o_proj 0 count
timing syncs.fwd.o_proj 0 count
timing gemm.proj_fwd 0.478598 ms
timing launches.gemm.proj_fwd 0 count
timing syncs.gemm.proj_fwd 0 count
timing attn.o_proj 0.493598 ms
timing block.attention_total 8.107532 ms
timing fwd.residual1_add 0.039694 ms
timing launches.fwd.residual1_add 1 count
timing syncs.fwd.residual1_add 0 count
timing fwd.norm2 0.195621 ms
timing launches.fwd.norm2 1 count
timing syncs.fwd.norm2 0 count
timing fwd.gate_proj 1.246868 ms
timing launches.fwd.gate_proj 0 count
timing syncs.fwd.gate_proj 0 count
timing gemm.gateup_fwd 1.246868 ms
timing launches.gemm.gateup_fwd 0 count
timing syncs.gemm.gateup_fwd 0 count
timing fwd.up_proj 1.247274 ms
timing launches.fwd.up_proj 0 count
timing syncs.fwd.up_proj 0 count
timing gemm.gateup_fwd 1.247274 ms
timing launches.gemm.gateup_fwd 0 count
timing syncs.gemm.gateup_fwd 0 count
timing fwd.silu 0.091451 ms
timing launches.fwd.silu 1 count
timing syncs.fwd.silu 0 count
timing fwd.gate_mul 0.089816 ms
timing launches.fwd.gate_mul 1 count
timing syncs.fwd.gate_mul 0 count
timing fwd.down_proj 1.26158 ms
timing launches.fwd.down_proj 0 count
timing syncs.fwd.down_proj 0 count
timing gemm.down_fwd 1.26158 ms
timing launches.gemm.down_fwd 0 count
timing syncs.gemm.down_fwd 0 count
timing fwd.residual2_add 0.04223 ms
timing launches.fwd.residual2_add 1 count
timing syncs.fwd.residual2_add 0 count
timing block.mlp_and_residuals 4.284904 ms
timing fwd.refuse_call 0.072751 ms
timing launches.fwd.refuse_call 2 count
timing syncs.fwd.refuse_call 2 count
timing fwd.norm1 0.183702 ms
timing launches.fwd.norm1 1 count
timing syncs.fwd.norm1 0 count
timing block.norm1 0.266393 ms
timing fwd.q_proj 0.479382 ms
timing launches.fwd.q_proj 0 count
timing syncs.fwd.q_proj 0 count
timing gemm.proj_fwd 0.479382 ms
timing launches.gemm.proj_fwd 0 count
timing syncs.gemm.proj_fwd 0 count
timing fwd.k_proj 0.479587 ms
timing launches.fwd.k_proj 0 count
timing syncs.fwd.k_proj 0 count
timing gemm.proj_fwd 0.479587 ms
timing launches.gemm.proj_fwd 0 count
timing syncs.gemm.proj_fwd 0 count
timing fwd.v_proj 0.477852 ms
timing launches.fwd.v_proj 0 count
timing syncs.fwd.v_proj 0 count
timing gemm.proj_fwd 0.477852 ms
timing launches.gemm.proj_fwd 0 count
timing syncs.gemm.proj_fwd 0 count
timing attn.qkv_proj 1.467463 ms
timing attn.rope_and_cache 0.252157 ms
timing attn.fwd_regime_scan 0.167381 ms
timing attn.fwd_r2_keep_kernel 5.703155 ms
timing attn.fwd_corner_flag 0.024446 ms
timing attn.core 5.900401 ms
timing fwd.o_proj 0.478023 ms
timing launches.fwd.o_proj 0 count
timing syncs.fwd.o_proj 0 count
timing gemm.proj_fwd 0.478023 ms
timing launches.gemm.proj_fwd 0 count
timing syncs.gemm.proj_fwd 0 count
timing attn.o_proj 0.488622 ms
timing block.attention_total 8.11286 ms
timing fwd.residual1_add 0.043241 ms
timing launches.fwd.residual1_add 1 count
timing syncs.fwd.residual1_add 0 count
timing fwd.norm2 0.190779 ms
timing launches.fwd.norm2 1 count
timing syncs.fwd.norm2 0 count
timing fwd.gate_proj 1.243882 ms
timing launches.fwd.gate_proj 0 count
timing syncs.fwd.gate_proj 0 count
timing gemm.gateup_fwd 1.243882 ms
timing launches.gemm.gateup_fwd 0 count
timing syncs.gemm.gateup_fwd 0 count
timing fwd.up_proj 1.242496 ms
timing launches.fwd.up_proj 0 count
timing syncs.fwd.up_proj 0 count
timing gemm.gateup_fwd 1.242496 ms
timing launches.gemm.gateup_fwd 0 count
timing syncs.gemm.gateup_fwd 0 count
timing fwd.silu 0.089327 ms
timing launches.fwd.silu 1 count
timing syncs.fwd.silu 0 count
timing fwd.gate_mul 0.089282 ms
timing launches.fwd.gate_mul 1 count
timing syncs.fwd.gate_mul 0 count
timing fwd.down_proj 1.265062 ms
timing launches.fwd.down_proj 0 count
timing syncs.fwd.down_proj 0 count
timing gemm.down_fwd 1.265062 ms
timing launches.gemm.down_fwd 0 count
timing syncs.gemm.down_fwd 0 count
timing fwd.residual2_add 0.044535 ms
timing launches.fwd.residual2_add 1 count
timing syncs.fwd.residual2_add 0 count
timing block.mlp_and_residuals 4.269081 ms
timing fwd.refuse_call 0.079338 ms
timing launches.fwd.refuse_call 2 count
timing syncs.fwd.refuse_call 2 count
timing fwd.norm1 0.182755 ms
timing launches.fwd.norm1 1 count
timing syncs.fwd.norm1 0 count
timing block.norm1 0.277806 ms
timing fwd.q_proj 0.476376 ms
timing launches.fwd.q_proj 0 count
timing syncs.fwd.q_proj 0 count
timing gemm.proj_fwd 0.476376 ms
timing launches.gemm.proj_fwd 0 count
timing syncs.gemm.proj_fwd 0 count
timing fwd.k_proj 0.477966 ms
timing launches.fwd.k_proj 0 count
timing syncs.fwd.k_proj 0 count
timing gemm.proj_fwd 0.477966 ms
timing launches.gemm.proj_fwd 0 count
timing syncs.gemm.proj_fwd 0 count
timing fwd.v_proj 0.479134 ms
timing launches.fwd.v_proj 0 count
timing syncs.fwd.v_proj 0 count
timing gemm.proj_fwd 0.479134 ms
timing launches.gemm.proj_fwd 0 count
timing syncs.gemm.proj_fwd 0 count
timing attn.qkv_proj 1.473916 ms
timing attn.rope_and_cache 0.25477 ms
timing attn.fwd_regime_scan 0.163209 ms
timing attn.fwd_r2_keep_kernel 5.705323 ms
timing attn.fwd_corner_flag 0.0258 ms
timing attn.core 5.901768 ms
timing fwd.o_proj 0.478113 ms
timing launches.fwd.o_proj 0 count
timing syncs.fwd.o_proj 0 count
timing gemm.proj_fwd 0.478113 ms
timing launches.gemm.proj_fwd 0 count
timing syncs.gemm.proj_fwd 0 count
timing attn.o_proj 0.495058 ms
timing block.attention_total 8.130731 ms
timing fwd.residual1_add 0.041137 ms
timing launches.fwd.residual1_add 1 count
timing syncs.fwd.residual1_add 0 count
timing fwd.norm2 0.194619 ms
timing launches.fwd.norm2 1 count
timing syncs.fwd.norm2 0 count
timing fwd.gate_proj 1.247203 ms
timing launches.fwd.gate_proj 0 count
timing syncs.fwd.gate_proj 0 count
timing gemm.gateup_fwd 1.247203 ms
timing launches.gemm.gateup_fwd 0 count
timing syncs.gemm.gateup_fwd 0 count
timing fwd.up_proj 1.24601 ms
timing launches.fwd.up_proj 0 count
timing syncs.fwd.up_proj 0 count
timing gemm.gateup_fwd 1.24601 ms
timing launches.gemm.gateup_fwd 0 count
timing syncs.gemm.gateup_fwd 0 count
timing fwd.silu 0.090738 ms
timing launches.fwd.silu 1 count
timing syncs.fwd.silu 0 count
timing fwd.gate_mul 0.089423 ms
timing launches.fwd.gate_mul 1 count
timing syncs.fwd.gate_mul 0 count
timing fwd.down_proj 1.261229 ms
timing launches.fwd.down_proj 0 count
timing syncs.fwd.down_proj 0 count
timing gemm.down_fwd 1.261229 ms
timing launches.gemm.down_fwd 0 count
timing syncs.gemm.down_fwd 0 count
timing fwd.residual2_add 0.039705 ms
timing launches.fwd.residual2_add 1 count
timing syncs.fwd.residual2_add 0 count
timing block.mlp_and_residuals 4.268917 ms
timing fwd.refuse_call 0.075907 ms
timing launches.fwd.refuse_call 2 count
timing syncs.fwd.refuse_call 2 count
timing fwd.norm1 0.184626 ms
timing launches.fwd.norm1 1 count
timing syncs.fwd.norm1 0 count
timing block.norm1 0.275417 ms
timing fwd.q_proj 0.477672 ms
timing launches.fwd.q_proj 0 count
timing syncs.fwd.q_proj 0 count
timing gemm.proj_fwd 0.477672 ms
timing launches.gemm.proj_fwd 0 count
timing syncs.gemm.proj_fwd 0 count
timing fwd.k_proj 0.47589 ms
timing launches.fwd.k_proj 0 count
timing syncs.fwd.k_proj 0 count
timing gemm.proj_fwd 0.47589 ms
timing launches.gemm.proj_fwd 0 count
timing syncs.gemm.proj_fwd 0 count
timing fwd.v_proj 0.475141 ms
timing launches.fwd.v_proj 0 count
timing syncs.fwd.v_proj 0 count
timing gemm.proj_fwd 0.475141 ms
timing launches.gemm.proj_fwd 0 count
timing syncs.gemm.proj_fwd 0 count
timing attn.qkv_proj 1.449489 ms
timing attn.rope_and_cache 0.250599 ms
timing attn.fwd_regime_scan 0.16238 ms
timing attn.fwd_r2_keep_kernel 5.710797 ms
timing attn.fwd_corner_flag 0.027702 ms
timing attn.core 5.907692 ms
timing fwd.o_proj 0.477598 ms
timing launches.fwd.o_proj 0 count
timing syncs.fwd.o_proj 0 count
timing gemm.proj_fwd 0.477598 ms
timing launches.gemm.proj_fwd 0 count
timing syncs.gemm.proj_fwd 0 count
timing attn.o_proj 0.489757 ms
timing block.attention_total 8.102594 ms
timing fwd.residual1_add 0.042638 ms
timing launches.fwd.residual1_add 1 count
timing syncs.fwd.residual1_add 0 count
timing fwd.norm2 0.193367 ms
timing launches.fwd.norm2 1 count
timing syncs.fwd.norm2 0 count
timing fwd.gate_proj 1.246398 ms
timing launches.fwd.gate_proj 0 count
timing syncs.fwd.gate_proj 0 count
timing gemm.gateup_fwd 1.246398 ms
timing launches.gemm.gateup_fwd 0 count
timing syncs.gemm.gateup_fwd 0 count
timing fwd.up_proj 1.245096 ms
timing launches.fwd.up_proj 0 count
timing syncs.fwd.up_proj 0 count
timing gemm.gateup_fwd 1.245096 ms
timing launches.gemm.gateup_fwd 0 count
timing syncs.gemm.gateup_fwd 0 count
timing fwd.silu 0.091275 ms
timing launches.fwd.silu 1 count
timing syncs.fwd.silu 0 count
timing fwd.gate_mul 0.088971 ms
timing launches.fwd.gate_mul 1 count
timing syncs.fwd.gate_mul 0 count
timing fwd.down_proj 1.260339 ms
timing launches.fwd.down_proj 0 count
timing syncs.fwd.down_proj 0 count
timing gemm.down_fwd 1.260339 ms
timing launches.gemm.down_fwd 0 count
timing syncs.gemm.down_fwd 0 count
timing fwd.residual2_add 0.040135 ms
timing launches.fwd.residual2_add 1 count
timing syncs.fwd.residual2_add 0 count
timing block.mlp_and_residuals 4.259905 ms
timing fwd.refuse_call 0.06685 ms
timing launches.fwd.refuse_call 2 count
timing syncs.fwd.refuse_call 2 count
timing fwd.norm1 0.177786 ms
timing launches.fwd.norm1 1 count
timing syncs.fwd.norm1 0 count
timing block.norm1 0.253917 ms
timing fwd.q_proj 0.478981 ms
timing launches.fwd.q_proj 0 count
timing syncs.fwd.q_proj 0 count
timing gemm.proj_fwd 0.478981 ms
timing launches.gemm.proj_fwd 0 count
timing syncs.gemm.proj_fwd 0 count
timing fwd.k_proj 0.479229 ms
timing launches.fwd.k_proj 0 count
timing syncs.fwd.k_proj 0 count
timing gemm.proj_fwd 0.479229 ms
timing launches.gemm.proj_fwd 0 count
timing syncs.gemm.proj_fwd 0 count
timing fwd.v_proj 0.480826 ms
timing launches.fwd.v_proj 0 count
timing syncs.fwd.v_proj 0 count
timing gemm.proj_fwd 0.480826 ms
timing launches.gemm.proj_fwd 0 count
timing syncs.gemm.proj_fwd 0 count
timing attn.qkv_proj 1.474835 ms
timing attn.rope_and_cache 0.250808 ms
timing attn.fwd_regime_scan 0.15818 ms
timing attn.fwd_r2_keep_kernel 5.719661 ms
timing attn.fwd_corner_flag 0.029012 ms
timing attn.core 5.913948 ms
timing fwd.o_proj 0.477795 ms
timing launches.fwd.o_proj 0 count
timing syncs.fwd.o_proj 0 count
timing gemm.proj_fwd 0.477795 ms
timing launches.gemm.proj_fwd 0 count
timing syncs.gemm.proj_fwd 0 count
timing attn.o_proj 0.49466 ms
timing block.attention_total 8.139395 ms
timing fwd.residual1_add 0.039779 ms
timing launches.fwd.residual1_add 1 count
timing syncs.fwd.residual1_add 0 count
timing fwd.norm2 0.193187 ms
timing launches.fwd.norm2 1 count
timing syncs.fwd.norm2 0 count
timing fwd.gate_proj 1.241265 ms
timing launches.fwd.gate_proj 0 count
timing syncs.fwd.gate_proj 0 count
timing gemm.gateup_fwd 1.241265 ms
timing launches.gemm.gateup_fwd 0 count
timing syncs.gemm.gateup_fwd 0 count
timing fwd.up_proj 1.239541 ms
timing launches.fwd.up_proj 0 count
timing syncs.fwd.up_proj 0 count
timing gemm.gateup_fwd 1.239541 ms
timing launches.gemm.gateup_fwd 0 count
timing syncs.gemm.gateup_fwd 0 count
timing fwd.silu 0.089082 ms
timing launches.fwd.silu 1 count
timing syncs.fwd.silu 0 count
timing fwd.gate_mul 0.090496 ms
timing launches.fwd.gate_mul 1 count
timing syncs.fwd.gate_mul 0 count
timing fwd.down_proj 1.269355 ms
timing launches.fwd.down_proj 0 count
timing syncs.fwd.down_proj 0 count
timing gemm.down_fwd 1.269355 ms
timing launches.gemm.down_fwd 0 count
timing syncs.gemm.down_fwd 0 count
timing fwd.residual2_add 0.042955 ms
timing launches.fwd.residual2_add 1 count
timing syncs.fwd.residual2_add 0 count
timing block.mlp_and_residuals 4.262776 ms
timing fwd.refuse_call 0.071083 ms
timing launches.fwd.refuse_call 2 count
timing syncs.fwd.refuse_call 2 count
timing fwd.norm1 0.179305 ms
timing launches.fwd.norm1 1 count
timing syncs.fwd.norm1 0 count
timing block.norm1 0.259776 ms
timing fwd.q_proj 0.475017 ms
timing launches.fwd.q_proj 0 count
timing syncs.fwd.q_proj 0 count
timing gemm.proj_fwd 0.475017 ms
timing launches.gemm.proj_fwd 0 count
timing syncs.gemm.proj_fwd 0 count
timing fwd.k_proj 0.475425 ms
timing launches.fwd.k_proj 0 count
timing syncs.fwd.k_proj 0 count
timing gemm.proj_fwd 0.475425 ms
timing launches.gemm.proj_fwd 0 count
timing syncs.gemm.proj_fwd 0 count
timing fwd.v_proj 0.475688 ms
timing launches.fwd.v_proj 0 count
timing syncs.fwd.v_proj 0 count
timing gemm.proj_fwd 0.475688 ms
timing launches.gemm.proj_fwd 0 count
timing syncs.gemm.proj_fwd 0 count
timing attn.qkv_proj 1.44764 ms
timing attn.rope_and_cache 0.249648 ms
timing attn.fwd_regime_scan 0.175737 ms
timing attn.fwd_r2_keep_kernel 5.673097 ms
timing attn.fwd_corner_flag 0.023958 ms
timing attn.core 5.879878 ms
timing fwd.o_proj 0.477579 ms
timing launches.fwd.o_proj 0 count
timing syncs.fwd.o_proj 0 count
timing gemm.proj_fwd 0.477579 ms
timing launches.gemm.proj_fwd 0 count
timing syncs.gemm.proj_fwd 0 count
timing attn.o_proj 0.495667 ms
timing block.attention_total 8.076447 ms
timing fwd.residual1_add 0.041048 ms
timing launches.fwd.residual1_add 1 count
timing syncs.fwd.residual1_add 0 count
timing fwd.norm2 0.196055 ms
timing launches.fwd.norm2 1 count
timing syncs.fwd.norm2 0 count
timing fwd.gate_proj 1.244044 ms
timing launches.fwd.gate_proj 0 count
timing syncs.fwd.gate_proj 0 count
timing gemm.gateup_fwd 1.244044 ms
timing launches.gemm.gateup_fwd 0 count
timing syncs.gemm.gateup_fwd 0 count
timing fwd.up_proj 1.245095 ms
timing launches.fwd.up_proj 0 count
timing syncs.fwd.up_proj 0 count
timing gemm.gateup_fwd 1.245095 ms
timing launches.gemm.gateup_fwd 0 count
timing syncs.gemm.gateup_fwd 0 count
timing fwd.silu 0.090309 ms
timing launches.fwd.silu 1 count
timing syncs.fwd.silu 0 count
timing fwd.gate_mul 0.089828 ms
timing launches.fwd.gate_mul 1 count
timing syncs.fwd.gate_mul 0 count
timing fwd.down_proj 1.266566 ms
timing launches.fwd.down_proj 0 count
timing syncs.fwd.down_proj 0 count
timing gemm.down_fwd 1.266566 ms
timing launches.gemm.down_fwd 0 count
timing syncs.gemm.down_fwd 0 count
timing fwd.residual2_add 0.039387 ms
timing launches.fwd.residual2_add 1 count
timing syncs.fwd.residual2_add 0 count
timing block.mlp_and_residuals 4.274946 ms
timing envelope.blocks_forward 152.004437 ms
timing gemm.head_fwd 30.700527 ms
timing launches.gemm.head_fwd 0 count
timing syncs.gemm.head_fwd 0 count
timing step.head_forward 30.70931 ms
timing step.ce_refuse_scan 1.372071 ms
timing step.ce_refuse_scan_bytes 1646821376 bytes
timing step.ce_refuse_scan_download_bytes 32768 bytes
timing step.ce_forward 8.8838 ms
timing step.loss_download 0.017847 ms
timing step.loss_download_bytes 4 bytes
timing step.ce_backward 3.865855 ms
timing gemm.head_dA 31.717715 ms
timing launches.gemm.head_dA 0 count
timing syncs.gemm.head_dA 0 count
timing step.head_backward_da 31.727631 ms
timing gemm.head_dB 29.716721 ms
timing launches.gemm.head_dB 0 count
timing syncs.gemm.head_dB 0 count
timing step.head_backward_db 29.720627 ms
timing grad.refuse_scan 0.050043 ms
timing launches.grad.refuse_scan 1 count
timing syncs.grad.refuse_scan 1 count
timing grad.residual2_copy 0.039033 ms
timing launches.grad.residual2_copy 1 count
timing syncs.grad.residual2_copy 0 count
timing grad.down_dA 1.22284 ms
timing launches.grad.down_dA 0 count
timing syncs.grad.down_dA 0 count
timing gemm.down_dA 1.22284 ms
timing launches.gemm.down_dA 0 count
timing syncs.gemm.down_dA 0 count
timing grad.down_dB 1.338317 ms
timing launches.grad.down_dB 1 count
timing syncs.grad.down_dB 0 count
timing gemm.down_dB 1.338317 ms
timing launches.gemm.down_dB 1 count
timing syncs.gemm.down_dB 0 count
timing grad.gate_mul 0.187183 ms
timing launches.grad.gate_mul 1 count
timing syncs.grad.gate_mul 0 count
timing grad.silu 0.001849 ms
timing launches.grad.silu 0 count
timing syncs.grad.silu 0 count
timing grad.gate_dB 1.324111 ms
timing launches.grad.gate_dB 1 count
timing syncs.grad.gate_dB 0 count
timing gemm.gateup_dB 1.324111 ms
timing launches.gemm.gateup_dB 1 count
timing syncs.gemm.gateup_dB 0 count
timing grad.up_dB 1.325377 ms
timing launches.grad.up_dB 1 count
timing syncs.grad.up_dB 0 count
timing gemm.gateup_dB 1.325377 ms
timing launches.gemm.gateup_dB 1 count
timing syncs.gemm.gateup_dB 0 count
timing grad.gate_dA 1.256546 ms
timing launches.grad.gate_dA 0 count
timing syncs.grad.gate_dA 0 count
timing gemm.gateup_dA 1.256546 ms
timing launches.gemm.gateup_dA 0 count
timing syncs.gemm.gateup_dA 0 count
timing grad.up_dA 1.248703 ms
timing launches.grad.up_dA 0 count
timing syncs.grad.up_dA 0 count
timing gemm.gateup_dA 1.248703 ms
timing launches.gemm.gateup_dA 0 count
timing syncs.gemm.gateup_dA 0 count
timing grad.gateup_fanin 0.040469 ms
timing launches.grad.gateup_fanin 1 count
timing syncs.grad.gateup_fanin 0 count
timing grad.norm2_kernels 0.190533 ms
timing launches.grad.norm2_kernels 3 count
timing syncs.grad.norm2_kernels 0 count
timing grad.norm2_dW 0.038254 ms
timing launches.grad.norm2_dW 2 count
timing syncs.grad.norm2_dW 1 count
timing gemm.norm_dW 0.038254 ms
timing launches.gemm.norm_dW 2 count
timing syncs.gemm.norm_dW 1 count
timing grad.residual1_add 0.001578 ms
timing launches.grad.residual1_add 0 count
timing syncs.grad.residual1_add 0 count
timing grad.o_copy 0.003207 ms
timing launches.grad.o_copy 0 count
timing syncs.grad.o_copy 0 count
timing grad.o_dA 0.476639 ms
timing launches.grad.o_dA 0 count
timing syncs.grad.o_dA 0 count
timing gemm.proj_dA 0.476639 ms
timing launches.gemm.proj_dA 0 count
timing syncs.gemm.proj_dA 0 count
timing grad.o_dB 0.545583 ms
timing launches.grad.o_dB 1 count
timing syncs.grad.o_dB 0 count
timing gemm.proj_dB 0.545583 ms
timing launches.gemm.proj_dB 1 count
timing syncs.gemm.proj_dB 0 count
timing bwd.mlp_through_oproj 9.387169 ms
timing launches.bwd.mlp_through_oproj 13 count
timing syncs.bwd.mlp_through_oproj 2 count
timing bwd.before_attention 0.001638 ms
timing attn.bwd_regime_scan 0.211232 ms
timing attn.bwd_scratch_alloc 0.013367 ms
timing attn.bwd_zdot_estash_dres_pf 2.831621 ms
timing attn.bwd_dq_tiled_pf 2.492649 ms
timing attn.bwd_kvgrid_dkdv_pf 2.117002 ms
timing attn.bwd_corner_flag 0.027282 ms
timing bwd.attention 7.698319 ms
timing grad.kv_slice 0.075978 ms
timing launches.grad.kv_slice 1 count
timing syncs.grad.kv_slice 0 count
timing grad.rope 0.144549 ms
timing launches.grad.rope 2 count
timing syncs.grad.rope 0 count
timing grad.q_dB 0.542533 ms
timing launches.grad.q_dB 1 count
timing syncs.grad.q_dB 0 count
timing gemm.proj_dB 0.542533 ms
timing launches.gemm.proj_dB 1 count
timing syncs.gemm.proj_dB 0 count
timing grad.k_dB 0.53989 ms
timing launches.grad.k_dB 1 count
timing syncs.grad.k_dB 0 count
timing gemm.proj_dB 0.53989 ms
timing launches.gemm.proj_dB 1 count
timing syncs.gemm.proj_dB 0 count
timing grad.v_dB 0.540708 ms
timing launches.grad.v_dB 1 count
timing syncs.grad.v_dB 0 count
timing gemm.proj_dB 0.540708 ms
timing launches.gemm.proj_dB 1 count
timing syncs.gemm.proj_dB 0 count
timing grad.q_dA 0.473515 ms
timing launches.grad.q_dA 0 count
timing syncs.grad.q_dA 0 count
timing gemm.proj_dA 0.473515 ms
timing launches.gemm.proj_dA 0 count
timing syncs.gemm.proj_dA 0 count
timing grad.k_dA 0.474958 ms
timing launches.grad.k_dA 0 count
timing syncs.grad.k_dA 0 count
timing gemm.proj_dA 0.474958 ms
timing launches.gemm.proj_dA 0 count
timing syncs.gemm.proj_dA 0 count
timing grad.v_dA 0.472602 ms
timing launches.grad.v_dA 0 count
timing syncs.grad.v_dA 0 count
timing gemm.proj_dA 0.472602 ms
timing launches.gemm.proj_dA 0 count
timing syncs.gemm.proj_dA 0 count
timing grad.qkv_fanin 0.047535 ms
timing launches.grad.qkv_fanin 1 count
timing syncs.grad.qkv_fanin 0 count
timing grad.norm1_kernels 0.172157 ms
timing launches.grad.norm1_kernels 3 count
timing syncs.grad.norm1_kernels 0 count
timing grad.norm1_dW 0.034276 ms
timing launches.grad.norm1_dW 2 count
timing syncs.grad.norm1_dW 1 count
timing gemm.norm_dW 0.034276 ms
timing launches.gemm.norm_dW 2 count
timing syncs.gemm.norm_dW 1 count
timing grad.x_add 0.03835 ms
timing launches.grad.x_add 1 count
timing syncs.grad.x_add 0 count
timing bwd.after_attention 3.62066 ms
timing grad.refuse_scan 0.047983 ms
timing launches.grad.refuse_scan 1 count
timing syncs.grad.refuse_scan 1 count
timing grad.residual2_copy 0.038019 ms
timing launches.grad.residual2_copy 1 count
timing syncs.grad.residual2_copy 0 count
timing grad.down_dA 1.227268 ms
timing launches.grad.down_dA 0 count
timing syncs.grad.down_dA 0 count
timing gemm.down_dA 1.227268 ms
timing launches.gemm.down_dA 0 count
timing syncs.gemm.down_dA 0 count
timing grad.down_dB 1.328084 ms
timing launches.grad.down_dB 1 count
timing syncs.grad.down_dB 0 count
timing gemm.down_dB 1.328084 ms
timing launches.gemm.down_dB 1 count
timing syncs.gemm.down_dB 0 count
timing grad.gate_mul 0.185591 ms
timing launches.grad.gate_mul 1 count
timing syncs.grad.gate_mul 0 count
timing grad.silu 0.002583 ms
timing launches.grad.silu 0 count
timing syncs.grad.silu 0 count
timing grad.gate_dB 1.330466 ms
timing launches.grad.gate_dB 1 count
timing syncs.grad.gate_dB 0 count
timing gemm.gateup_dB 1.330466 ms
timing launches.gemm.gateup_dB 1 count
timing syncs.gemm.gateup_dB 0 count
timing grad.up_dB 1.333244 ms
timing launches.grad.up_dB 1 count
timing syncs.grad.up_dB 0 count
timing gemm.gateup_dB 1.333244 ms
timing launches.gemm.gateup_dB 1 count
timing syncs.gemm.gateup_dB 0 count
timing grad.gate_dA 1.253657 ms
timing launches.grad.gate_dA 0 count
timing syncs.grad.gate_dA 0 count
timing gemm.gateup_dA 1.253657 ms
timing launches.gemm.gateup_dA 0 count
timing syncs.gemm.gateup_dA 0 count
timing grad.up_dA 1.253649 ms
timing launches.grad.up_dA 0 count
timing syncs.grad.up_dA 0 count
timing gemm.gateup_dA 1.253649 ms
timing launches.gemm.gateup_dA 0 count
timing syncs.gemm.gateup_dA 0 count
timing grad.gateup_fanin 0.040867 ms
timing launches.grad.gateup_fanin 1 count
timing syncs.grad.gateup_fanin 0 count
timing grad.norm2_kernels 0.193088 ms
timing launches.grad.norm2_kernels 3 count
timing syncs.grad.norm2_kernels 0 count
timing grad.norm2_dW 0.036994 ms
timing launches.grad.norm2_dW 2 count
timing syncs.grad.norm2_dW 1 count
timing gemm.norm_dW 0.036994 ms
timing launches.gemm.norm_dW 2 count
timing syncs.gemm.norm_dW 1 count
timing grad.residual1_add 0.002361 ms
timing launches.grad.residual1_add 0 count
timing syncs.grad.residual1_add 0 count
timing grad.o_copy 0.002392 ms
timing launches.grad.o_copy 0 count
timing syncs.grad.o_copy 0 count
timing grad.o_dA 0.47454 ms
timing launches.grad.o_dA 0 count
timing syncs.grad.o_dA 0 count
timing gemm.proj_dA 0.47454 ms
timing launches.gemm.proj_dA 0 count
timing syncs.gemm.proj_dA 0 count
timing grad.o_dB 0.545234 ms
timing launches.grad.o_dB 1 count
timing syncs.grad.o_dB 0 count
timing gemm.proj_dB 0.545234 ms
timing launches.gemm.proj_dB 1 count
timing syncs.gemm.proj_dB 0 count
timing bwd.mlp_through_oproj 9.414468 ms
timing launches.bwd.mlp_through_oproj 13 count
timing syncs.bwd.mlp_through_oproj 2 count
timing bwd.before_attention 0.00155 ms
timing attn.bwd_regime_scan 0.204474 ms
timing attn.bwd_scratch_alloc 0.011556 ms
timing attn.bwd_zdot_estash_dres_pf 2.841261 ms
timing attn.bwd_dq_tiled_pf 2.501866 ms
timing attn.bwd_kvgrid_dkdv_pf 2.115991 ms
timing attn.bwd_corner_flag 0.032106 ms
timing bwd.attention 7.712677 ms
timing grad.kv_slice 0.079316 ms
timing launches.grad.kv_slice 1 count
timing syncs.grad.kv_slice 0 count
timing grad.rope 0.142756 ms
timing launches.grad.rope 2 count
timing syncs.grad.rope 0 count
timing grad.q_dB 0.541743 ms
timing launches.grad.q_dB 1 count
timing syncs.grad.q_dB 0 count
timing gemm.proj_dB 0.541743 ms
timing launches.gemm.proj_dB 1 count
timing syncs.gemm.proj_dB 0 count
timing grad.k_dB 0.539065 ms
timing launches.grad.k_dB 1 count
timing syncs.grad.k_dB 0 count
timing gemm.proj_dB 0.539065 ms
timing launches.gemm.proj_dB 1 count
timing syncs.gemm.proj_dB 0 count
timing grad.v_dB 0.539235 ms
timing launches.grad.v_dB 1 count
timing syncs.grad.v_dB 0 count
timing gemm.proj_dB 0.539235 ms
timing launches.gemm.proj_dB 1 count
timing syncs.gemm.proj_dB 0 count
timing grad.q_dA 0.471519 ms
timing launches.grad.q_dA 0 count
timing syncs.grad.q_dA 0 count
timing gemm.proj_dA 0.471519 ms
timing launches.gemm.proj_dA 0 count
timing syncs.gemm.proj_dA 0 count
timing grad.k_dA 0.473037 ms
timing launches.grad.k_dA 0 count
timing syncs.grad.k_dA 0 count
timing gemm.proj_dA 0.473037 ms
timing launches.gemm.proj_dA 0 count
timing syncs.gemm.proj_dA 0 count
timing grad.v_dA 0.473786 ms
timing launches.grad.v_dA 0 count
timing syncs.grad.v_dA 0 count
timing gemm.proj_dA 0.473786 ms
timing launches.gemm.proj_dA 0 count
timing syncs.gemm.proj_dA 0 count
timing grad.qkv_fanin 0.04996 ms
timing launches.grad.qkv_fanin 1 count
timing syncs.grad.qkv_fanin 0 count
timing grad.norm1_kernels 0.175209 ms
timing launches.grad.norm1_kernels 3 count
timing syncs.grad.norm1_kernels 0 count
timing grad.norm1_dW 0.035826 ms
timing launches.grad.norm1_dW 2 count
timing syncs.grad.norm1_dW 1 count
timing gemm.norm_dW 0.035826 ms
timing launches.gemm.norm_dW 2 count
timing syncs.gemm.norm_dW 1 count
timing grad.x_add 0.040608 ms
timing launches.grad.x_add 1 count
timing syncs.grad.x_add 0 count
timing bwd.after_attention 3.635273 ms
timing grad.refuse_scan 0.051989 ms
timing launches.grad.refuse_scan 1 count
timing syncs.grad.refuse_scan 1 count
timing grad.residual2_copy 0.039858 ms
timing launches.grad.residual2_copy 1 count
timing syncs.grad.residual2_copy 0 count
timing grad.down_dA 1.229012 ms
timing launches.grad.down_dA 0 count
timing syncs.grad.down_dA 0 count
timing gemm.down_dA 1.229012 ms
timing launches.gemm.down_dA 0 count
timing syncs.gemm.down_dA 0 count
timing grad.down_dB 1.325402 ms
timing launches.grad.down_dB 1 count
timing syncs.grad.down_dB 0 count
timing gemm.down_dB 1.325402 ms
timing launches.gemm.down_dB 1 count
timing syncs.gemm.down_dB 0 count
timing grad.gate_mul 0.184846 ms
timing launches.grad.gate_mul 1 count
timing syncs.grad.gate_mul 0 count
timing grad.silu 0.002632 ms
timing launches.grad.silu 0 count
timing syncs.grad.silu 0 count
timing grad.gate_dB 1.32601 ms
timing launches.grad.gate_dB 1 count
timing syncs.grad.gate_dB 0 count
timing gemm.gateup_dB 1.32601 ms
timing launches.gemm.gateup_dB 1 count
timing syncs.gemm.gateup_dB 0 count
timing grad.up_dB 1.3287 ms
timing launches.grad.up_dB 1 count
timing syncs.grad.up_dB 0 count
timing gemm.gateup_dB 1.3287 ms
timing launches.gemm.gateup_dB 1 count
timing syncs.gemm.gateup_dB 0 count
timing grad.gate_dA 1.257434 ms
timing launches.grad.gate_dA 0 count
timing syncs.grad.gate_dA 0 count
timing gemm.gateup_dA 1.257434 ms
timing launches.gemm.gateup_dA 0 count
timing syncs.gemm.gateup_dA 0 count
timing grad.up_dA 1.259629 ms
timing launches.grad.up_dA 0 count
timing syncs.grad.up_dA 0 count
timing gemm.gateup_dA 1.259629 ms
timing launches.gemm.gateup_dA 0 count
timing syncs.gemm.gateup_dA 0 count
timing grad.gateup_fanin 0.040737 ms
timing launches.grad.gateup_fanin 1 count
timing syncs.grad.gateup_fanin 0 count
timing grad.norm2_kernels 0.189407 ms
timing launches.grad.norm2_kernels 3 count
timing syncs.grad.norm2_kernels 0 count
timing grad.norm2_dW 0.035835 ms
timing launches.grad.norm2_dW 2 count
timing syncs.grad.norm2_dW 1 count
timing gemm.norm_dW 0.035835 ms
timing launches.gemm.norm_dW 2 count
timing syncs.gemm.norm_dW 1 count
timing grad.residual1_add 0.001541 ms
timing launches.grad.residual1_add 0 count
timing syncs.grad.residual1_add 0 count
timing grad.o_copy 0.002918 ms
timing launches.grad.o_copy 0 count
timing syncs.grad.o_copy 0 count
timing grad.o_dA 0.475531 ms
timing launches.grad.o_dA 0 count
timing syncs.grad.o_dA 0 count
timing gemm.proj_dA 0.475531 ms
timing launches.gemm.proj_dA 0 count
timing syncs.gemm.proj_dA 0 count
timing grad.o_dB 0.542879 ms
timing launches.grad.o_dB 1 count
timing syncs.grad.o_dB 0 count
timing gemm.proj_dB 0.542879 ms
timing launches.gemm.proj_dB 1 count
timing syncs.gemm.proj_dB 0 count
timing bwd.mlp_through_oproj 9.40449 ms
timing launches.bwd.mlp_through_oproj 13 count
timing syncs.bwd.mlp_through_oproj 2 count
timing bwd.before_attention 0.002296 ms
timing attn.bwd_regime_scan 0.225184 ms
timing attn.bwd_scratch_alloc 0.012197 ms
timing attn.bwd_zdot_estash_dres_pf 2.837678 ms
timing attn.bwd_dq_tiled_pf 2.500363 ms
timing attn.bwd_kvgrid_dkdv_pf 2.109488 ms
timing attn.bwd_corner_flag 0.027011 ms
timing bwd.attention 7.716958 ms
timing grad.kv_slice 0.07428 ms
timing launches.grad.kv_slice 1 count
timing syncs.grad.kv_slice 0 count
timing grad.rope 0.142678 ms
timing launches.grad.rope 2 count
timing syncs.grad.rope 0 count
timing grad.q_dB 0.537881 ms
timing launches.grad.q_dB 1 count
timing syncs.grad.q_dB 0 count
timing gemm.proj_dB 0.537881 ms
timing launches.gemm.proj_dB 1 count
timing syncs.gemm.proj_dB 0 count
timing grad.k_dB 0.541645 ms
timing launches.grad.k_dB 1 count
timing syncs.grad.k_dB 0 count
timing gemm.proj_dB 0.541645 ms
timing launches.gemm.proj_dB 1 count
timing syncs.gemm.proj_dB 0 count
timing grad.v_dB 0.540922 ms
timing launches.grad.v_dB 1 count
timing syncs.grad.v_dB 0 count
timing gemm.proj_dB 0.540922 ms
timing launches.gemm.proj_dB 1 count
timing syncs.gemm.proj_dB 0 count
timing grad.q_dA 0.470491 ms
timing launches.grad.q_dA 0 count
timing syncs.grad.q_dA 0 count
timing gemm.proj_dA 0.470491 ms
timing launches.gemm.proj_dA 0 count
timing syncs.gemm.proj_dA 0 count
timing grad.k_dA 0.473367 ms
timing launches.grad.k_dA 0 count
timing syncs.grad.k_dA 0 count
timing gemm.proj_dA 0.473367 ms
timing launches.gemm.proj_dA 0 count
timing syncs.gemm.proj_dA 0 count
timing grad.v_dA 0.473472 ms
timing launches.grad.v_dA 0 count
timing syncs.grad.v_dA 0 count
timing gemm.proj_dA 0.473472 ms
timing launches.gemm.proj_dA 0 count
timing syncs.gemm.proj_dA 0 count
timing grad.qkv_fanin 0.046774 ms
timing launches.grad.qkv_fanin 1 count
timing syncs.grad.qkv_fanin 0 count
timing grad.norm1_kernels 0.174694 ms
timing launches.grad.norm1_kernels 3 count
timing syncs.grad.norm1_kernels 0 count
timing grad.norm1_dW 0.035912 ms
timing launches.grad.norm1_dW 2 count
timing syncs.grad.norm1_dW 1 count
timing gemm.norm_dW 0.035912 ms
timing launches.gemm.norm_dW 2 count
timing syncs.gemm.norm_dW 1 count
timing grad.x_add 0.039311 ms
timing launches.grad.x_add 1 count
timing syncs.grad.x_add 0 count
timing bwd.after_attention 3.617437 ms
timing grad.refuse_scan 0.047531 ms
timing launches.grad.refuse_scan 1 count
timing syncs.grad.refuse_scan 1 count
timing grad.residual2_copy 0.038708 ms
timing launches.grad.residual2_copy 1 count
timing syncs.grad.residual2_copy 0 count
timing grad.down_dA 1.230479 ms
timing launches.grad.down_dA 0 count
timing syncs.grad.down_dA 0 count
timing gemm.down_dA 1.230479 ms
timing launches.gemm.down_dA 0 count
timing syncs.gemm.down_dA 0 count
timing grad.down_dB 1.326443 ms
timing launches.grad.down_dB 1 count
timing syncs.grad.down_dB 0 count
timing gemm.down_dB 1.326443 ms
timing launches.gemm.down_dB 1 count
timing syncs.gemm.down_dB 0 count
timing grad.gate_mul 0.18514 ms
timing launches.grad.gate_mul 1 count
timing syncs.grad.gate_mul 0 count
timing grad.silu 0.001829 ms
timing launches.grad.silu 0 count
timing syncs.grad.silu 0 count
timing grad.gate_dB 1.32797 ms
timing launches.grad.gate_dB 1 count
timing syncs.grad.gate_dB 0 count
timing gemm.gateup_dB 1.32797 ms
timing launches.gemm.gateup_dB 1 count
timing syncs.gemm.gateup_dB 0 count
timing grad.up_dB 1.323362 ms
timing launches.grad.up_dB 1 count
timing syncs.grad.up_dB 0 count
timing gemm.gateup_dB 1.323362 ms
timing launches.gemm.gateup_dB 1 count
timing syncs.gemm.gateup_dB 0 count
timing grad.gate_dA 1.252088 ms
timing launches.grad.gate_dA 0 count
timing syncs.grad.gate_dA 0 count
timing gemm.gateup_dA 1.252088 ms
timing launches.gemm.gateup_dA 0 count
timing syncs.gemm.gateup_dA 0 count
timing grad.up_dA 1.252345 ms
timing launches.grad.up_dA 0 count
timing syncs.grad.up_dA 0 count
timing gemm.gateup_dA 1.252345 ms
timing launches.gemm.gateup_dA 0 count
timing syncs.gemm.gateup_dA 0 count
timing grad.gateup_fanin 0.039411 ms
timing launches.grad.gateup_fanin 1 count
timing syncs.grad.gateup_fanin 0 count
timing grad.norm2_kernels 0.191592 ms
timing launches.grad.norm2_kernels 3 count
timing syncs.grad.norm2_kernels 0 count
timing grad.norm2_dW 0.042152 ms
timing launches.grad.norm2_dW 2 count
timing syncs.grad.norm2_dW 1 count
timing gemm.norm_dW 0.042152 ms
timing launches.gemm.norm_dW 2 count
timing syncs.gemm.norm_dW 1 count
timing grad.residual1_add 0.002329 ms
timing launches.grad.residual1_add 0 count
timing syncs.grad.residual1_add 0 count
timing grad.o_copy 0.002395 ms
timing launches.grad.o_copy 0 count
timing syncs.grad.o_copy 0 count
timing grad.o_dA 0.474266 ms
timing launches.grad.o_dA 0 count
timing syncs.grad.o_dA 0 count
timing gemm.proj_dA 0.474266 ms
timing launches.gemm.proj_dA 0 count
timing syncs.gemm.proj_dA 0 count
timing grad.o_dB 0.540033 ms
timing launches.grad.o_dB 1 count
timing syncs.grad.o_dB 0 count
timing gemm.proj_dB 0.540033 ms
timing launches.gemm.proj_dB 1 count
timing syncs.gemm.proj_dB 0 count
timing bwd.mlp_through_oproj 9.378242 ms
timing launches.bwd.mlp_through_oproj 13 count
timing syncs.bwd.mlp_through_oproj 2 count
timing bwd.before_attention 0.001503 ms
timing attn.bwd_regime_scan 0.208387 ms
timing attn.bwd_scratch_alloc 0.011286 ms
timing attn.bwd_zdot_estash_dres_pf 2.841787 ms
timing attn.bwd_dq_tiled_pf 2.495468 ms
timing attn.bwd_kvgrid_dkdv_pf 2.117718 ms
timing attn.bwd_corner_flag 0.029666 ms
timing bwd.attention 7.711835 ms
timing grad.kv_slice 0.076481 ms
timing launches.grad.kv_slice 1 count
timing syncs.grad.kv_slice 0 count
timing grad.rope 0.144076 ms
timing launches.grad.rope 2 count
timing syncs.grad.rope 0 count
timing grad.q_dB 0.538944 ms
timing launches.grad.q_dB 1 count
timing syncs.grad.q_dB 0 count
timing gemm.proj_dB 0.538944 ms
timing launches.gemm.proj_dB 1 count
timing syncs.gemm.proj_dB 0 count
timing grad.k_dB 0.538637 ms
timing launches.grad.k_dB 1 count
timing syncs.grad.k_dB 0 count
timing gemm.proj_dB 0.538637 ms
timing launches.gemm.proj_dB 1 count
timing syncs.gemm.proj_dB 0 count
timing grad.v_dB 0.540731 ms
timing launches.grad.v_dB 1 count
timing syncs.grad.v_dB 0 count
timing gemm.proj_dB 0.540731 ms
timing launches.gemm.proj_dB 1 count
timing syncs.gemm.proj_dB 0 count
timing grad.q_dA 0.470789 ms
timing launches.grad.q_dA 0 count
timing syncs.grad.q_dA 0 count
timing gemm.proj_dA 0.470789 ms
timing launches.gemm.proj_dA 0 count
timing syncs.gemm.proj_dA 0 count
timing grad.k_dA 0.472451 ms
timing launches.grad.k_dA 0 count
timing syncs.grad.k_dA 0 count
timing gemm.proj_dA 0.472451 ms
timing launches.gemm.proj_dA 0 count
timing syncs.gemm.proj_dA 0 count
timing grad.v_dA 0.473413 ms
timing launches.grad.v_dA 0 count
timing syncs.grad.v_dA 0 count
timing gemm.proj_dA 0.473413 ms
timing launches.gemm.proj_dA 0 count
timing syncs.gemm.proj_dA 0 count
timing grad.qkv_fanin 0.046689 ms
timing launches.grad.qkv_fanin 1 count
timing syncs.grad.qkv_fanin 0 count
timing grad.norm1_kernels 0.172518 ms
timing launches.grad.norm1_kernels 3 count
timing syncs.grad.norm1_kernels 0 count
timing grad.norm1_dW 0.035378 ms
timing launches.grad.norm1_dW 2 count
timing syncs.grad.norm1_dW 1 count
timing gemm.norm_dW 0.035378 ms
timing launches.gemm.norm_dW 2 count
timing syncs.gemm.norm_dW 1 count
timing grad.x_add 0.038516 ms
timing launches.grad.x_add 1 count
timing syncs.grad.x_add 0 count
timing bwd.after_attention 3.611826 ms
timing grad.refuse_scan 0.052166 ms
timing launches.grad.refuse_scan 1 count
timing syncs.grad.refuse_scan 1 count
timing grad.residual2_copy 0.038465 ms
timing launches.grad.residual2_copy 1 count
timing syncs.grad.residual2_copy 0 count
timing grad.down_dA 1.235616 ms
timing launches.grad.down_dA 0 count
timing syncs.grad.down_dA 0 count
timing gemm.down_dA 1.235616 ms
timing launches.gemm.down_dA 0 count
timing syncs.gemm.down_dA 0 count
timing grad.down_dB 1.328121 ms
timing launches.grad.down_dB 1 count
timing syncs.grad.down_dB 0 count
timing gemm.down_dB 1.328121 ms
timing launches.gemm.down_dB 1 count
timing syncs.gemm.down_dB 0 count
timing grad.gate_mul 0.185355 ms
timing launches.grad.gate_mul 1 count
timing syncs.grad.gate_mul 0 count
timing grad.silu 0.001818 ms
timing launches.grad.silu 0 count
timing syncs.grad.silu 0 count
timing grad.gate_dB 1.322105 ms
timing launches.grad.gate_dB 1 count
timing syncs.grad.gate_dB 0 count
timing gemm.gateup_dB 1.322105 ms
timing launches.gemm.gateup_dB 1 count
timing syncs.gemm.gateup_dB 0 count
timing grad.up_dB 1.323743 ms
timing launches.grad.up_dB 1 count
timing syncs.grad.up_dB 0 count
timing gemm.gateup_dB 1.323743 ms
timing launches.gemm.gateup_dB 1 count
timing syncs.gemm.gateup_dB 0 count
timing grad.gate_dA 1.251927 ms
timing launches.grad.gate_dA 0 count
timing syncs.grad.gate_dA 0 count
timing gemm.gateup_dA 1.251927 ms
timing launches.gemm.gateup_dA 0 count
timing syncs.gemm.gateup_dA 0 count
timing grad.up_dA 1.256709 ms
timing launches.grad.up_dA 0 count
timing syncs.grad.up_dA 0 count
timing gemm.gateup_dA 1.256709 ms
timing launches.gemm.gateup_dA 0 count
timing syncs.gemm.gateup_dA 0 count
timing grad.gateup_fanin 0.039712 ms
timing launches.grad.gateup_fanin 1 count
timing syncs.grad.gateup_fanin 0 count
timing grad.norm2_kernels 0.190288 ms
timing launches.grad.norm2_kernels 3 count
timing syncs.grad.norm2_kernels 0 count
timing grad.norm2_dW 0.035651 ms
timing launches.grad.norm2_dW 2 count
timing syncs.grad.norm2_dW 1 count
timing gemm.norm_dW 0.035651 ms
timing launches.gemm.norm_dW 2 count
timing syncs.gemm.norm_dW 1 count
timing grad.residual1_add 0.001521 ms
timing launches.grad.residual1_add 0 count
timing syncs.grad.residual1_add 0 count
timing grad.o_copy 0.001604 ms
timing launches.grad.o_copy 0 count
timing syncs.grad.o_copy 0 count
timing grad.o_dA 0.472317 ms
timing launches.grad.o_dA 0 count
timing syncs.grad.o_dA 0 count
timing gemm.proj_dA 0.472317 ms
timing launches.gemm.proj_dA 0 count
timing syncs.gemm.proj_dA 0 count
timing grad.o_dB 0.537774 ms
timing launches.grad.o_dB 1 count
timing syncs.grad.o_dB 0 count
timing gemm.proj_dB 0.537774 ms
timing launches.gemm.proj_dB 1 count
timing syncs.gemm.proj_dB 0 count
timing bwd.mlp_through_oproj 9.364252 ms
timing launches.bwd.mlp_through_oproj 13 count
timing syncs.bwd.mlp_through_oproj 2 count
timing bwd.before_attention 0.00154 ms
timing attn.bwd_regime_scan 0.192445 ms
timing attn.bwd_scratch_alloc 0.011008 ms
timing attn.bwd_zdot_estash_dres_pf 2.833581 ms
timing attn.bwd_dq_tiled_pf 2.501013 ms
timing attn.bwd_kvgrid_dkdv_pf 2.114327 ms
timing attn.bwd_corner_flag 0.026522 ms
timing bwd.attention 7.683157 ms
timing grad.kv_slice 0.076154 ms
timing launches.grad.kv_slice 1 count
timing syncs.grad.kv_slice 0 count
timing grad.rope 0.148024 ms
timing launches.grad.rope 2 count
timing syncs.grad.rope 0 count
timing grad.q_dB 0.540545 ms
timing launches.grad.q_dB 1 count
timing syncs.grad.q_dB 0 count
timing gemm.proj_dB 0.540545 ms
timing launches.gemm.proj_dB 1 count
timing syncs.gemm.proj_dB 0 count
timing grad.k_dB 0.539245 ms
timing launches.grad.k_dB 1 count
timing syncs.grad.k_dB 0 count
timing gemm.proj_dB 0.539245 ms
timing launches.gemm.proj_dB 1 count
timing syncs.gemm.proj_dB 0 count
timing grad.v_dB 0.543115 ms
timing launches.grad.v_dB 1 count
timing syncs.grad.v_dB 0 count
timing gemm.proj_dB 0.543115 ms
timing launches.gemm.proj_dB 1 count
timing syncs.gemm.proj_dB 0 count
timing grad.q_dA 0.472444 ms
timing launches.grad.q_dA 0 count
timing syncs.grad.q_dA 0 count
timing gemm.proj_dA 0.472444 ms
timing launches.gemm.proj_dA 0 count
timing syncs.gemm.proj_dA 0 count
timing grad.k_dA 0.471986 ms
timing launches.grad.k_dA 0 count
timing syncs.grad.k_dA 0 count
timing gemm.proj_dA 0.471986 ms
timing launches.gemm.proj_dA 0 count
timing syncs.gemm.proj_dA 0 count
timing grad.v_dA 0.471665 ms
timing launches.grad.v_dA 0 count
timing syncs.grad.v_dA 0 count
timing gemm.proj_dA 0.471665 ms
timing launches.gemm.proj_dA 0 count
timing syncs.gemm.proj_dA 0 count
timing grad.qkv_fanin 0.04644 ms
timing launches.grad.qkv_fanin 1 count
timing syncs.grad.qkv_fanin 0 count
timing grad.norm1_kernels 0.172944 ms
timing launches.grad.norm1_kernels 3 count
timing syncs.grad.norm1_kernels 0 count
timing grad.norm1_dW 0.038029 ms
timing launches.grad.norm1_dW 2 count
timing syncs.grad.norm1_dW 1 count
timing gemm.norm_dW 0.038029 ms
timing launches.gemm.norm_dW 2 count
timing syncs.gemm.norm_dW 1 count
timing grad.x_add 0.042208 ms
timing launches.grad.x_add 1 count
timing syncs.grad.x_add 0 count
timing bwd.after_attention 3.640624 ms
timing grad.refuse_scan 0.051995 ms
timing launches.grad.refuse_scan 1 count
timing syncs.grad.refuse_scan 1 count
timing grad.residual2_copy 0.038587 ms
timing launches.grad.residual2_copy 1 count
timing syncs.grad.residual2_copy 0 count
timing grad.down_dA 1.226432 ms
timing launches.grad.down_dA 0 count
timing syncs.grad.down_dA 0 count
timing gemm.down_dA 1.226432 ms
timing launches.gemm.down_dA 0 count
timing syncs.gemm.down_dA 0 count
timing grad.down_dB 1.328023 ms
timing launches.grad.down_dB 1 count
timing syncs.grad.down_dB 0 count
timing gemm.down_dB 1.328023 ms
timing launches.gemm.down_dB 1 count
timing syncs.gemm.down_dB 0 count
timing grad.gate_mul 0.185048 ms
timing launches.grad.gate_mul 1 count
timing syncs.grad.gate_mul 0 count
timing grad.silu 0.001639 ms
timing launches.grad.silu 0 count
timing syncs.grad.silu 0 count
timing grad.gate_dB 1.326682 ms
timing launches.grad.gate_dB 1 count
timing syncs.grad.gate_dB 0 count
timing gemm.gateup_dB 1.326682 ms
timing launches.gemm.gateup_dB 1 count
timing syncs.gemm.gateup_dB 0 count
timing grad.up_dB 1.321274 ms
timing launches.grad.up_dB 1 count
timing syncs.grad.up_dB 0 count
timing gemm.gateup_dB 1.321274 ms
timing launches.gemm.gateup_dB 1 count
timing syncs.gemm.gateup_dB 0 count
timing grad.gate_dA 1.255184 ms
timing launches.grad.gate_dA 0 count
timing syncs.grad.gate_dA 0 count
timing gemm.gateup_dA 1.255184 ms
timing launches.gemm.gateup_dA 0 count
timing syncs.gemm.gateup_dA 0 count
timing grad.up_dA 1.254908 ms
timing launches.grad.up_dA 0 count
timing syncs.grad.up_dA 0 count
timing gemm.gateup_dA 1.254908 ms
timing launches.gemm.gateup_dA 0 count
timing syncs.gemm.gateup_dA 0 count
timing grad.gateup_fanin 0.041854 ms
timing launches.grad.gateup_fanin 1 count
timing syncs.grad.gateup_fanin 0 count
timing grad.norm2_kernels 0.192266 ms
timing launches.grad.norm2_kernels 3 count
timing syncs.grad.norm2_kernels 0 count
timing grad.norm2_dW 0.036666 ms
timing launches.grad.norm2_dW 2 count
timing syncs.grad.norm2_dW 1 count
timing gemm.norm_dW 0.036666 ms
timing launches.gemm.norm_dW 2 count
timing syncs.gemm.norm_dW 1 count
timing grad.residual1_add 0.001555 ms
timing launches.grad.residual1_add 0 count
timing syncs.grad.residual1_add 0 count
timing grad.o_copy 0.001595 ms
timing launches.grad.o_copy 0 count
timing syncs.grad.o_copy 0 count
timing grad.o_dA 0.470697 ms
timing launches.grad.o_dA 0 count
timing syncs.grad.o_dA 0 count
timing gemm.proj_dA 0.470697 ms
timing launches.gemm.proj_dA 0 count
timing syncs.gemm.proj_dA 0 count
timing grad.o_dB 0.540132 ms
timing launches.grad.o_dB 1 count
timing syncs.grad.o_dB 0 count
timing gemm.proj_dB 0.540132 ms
timing launches.gemm.proj_dB 1 count
timing syncs.gemm.proj_dB 0 count
timing bwd.mlp_through_oproj 9.3705 ms
timing launches.bwd.mlp_through_oproj 13 count
timing syncs.bwd.mlp_through_oproj 2 count
timing bwd.before_attention 0.001543 ms
timing attn.bwd_regime_scan 0.19164 ms
timing attn.bwd_scratch_alloc 0.011093 ms
timing attn.bwd_zdot_estash_dres_pf 2.84102 ms
timing attn.bwd_dq_tiled_pf 2.500662 ms
timing attn.bwd_kvgrid_dkdv_pf 2.112054 ms
timing attn.bwd_corner_flag 0.026483 ms
timing bwd.attention 7.687118 ms
timing grad.kv_slice 0.074278 ms
timing launches.grad.kv_slice 1 count
timing syncs.grad.kv_slice 0 count
timing grad.rope 0.142558 ms
timing launches.grad.rope 2 count
timing syncs.grad.rope 0 count
timing grad.q_dB 0.53971 ms
timing launches.grad.q_dB 1 count
timing syncs.grad.q_dB 0 count
timing gemm.proj_dB 0.53971 ms
timing launches.gemm.proj_dB 1 count
timing syncs.gemm.proj_dB 0 count
timing grad.k_dB 0.539796 ms
timing launches.grad.k_dB 1 count
timing syncs.grad.k_dB 0 count
timing gemm.proj_dB 0.539796 ms
timing launches.gemm.proj_dB 1 count
timing syncs.gemm.proj_dB 0 count
timing grad.v_dB 0.540884 ms
timing launches.grad.v_dB 1 count
timing syncs.grad.v_dB 0 count
timing gemm.proj_dB 0.540884 ms
timing launches.gemm.proj_dB 1 count
timing syncs.gemm.proj_dB 0 count
timing grad.q_dA 0.474825 ms
timing launches.grad.q_dA 0 count
timing syncs.grad.q_dA 0 count
timing gemm.proj_dA 0.474825 ms
timing launches.gemm.proj_dA 0 count
timing syncs.gemm.proj_dA 0 count
timing grad.k_dA 0.475213 ms
timing launches.grad.k_dA 0 count
timing syncs.grad.k_dA 0 count
timing gemm.proj_dA 0.475213 ms
timing launches.gemm.proj_dA 0 count
timing syncs.gemm.proj_dA 0 count
timing grad.v_dA 0.472773 ms
timing launches.grad.v_dA 0 count
timing syncs.grad.v_dA 0 count
timing gemm.proj_dA 0.472773 ms
timing launches.gemm.proj_dA 0 count
timing syncs.gemm.proj_dA 0 count
timing grad.qkv_fanin 0.049609 ms
timing launches.grad.qkv_fanin 1 count
timing syncs.grad.qkv_fanin 0 count
timing grad.norm1_kernels 0.172965 ms
timing launches.grad.norm1_kernels 3 count
timing syncs.grad.norm1_kernels 0 count
timing grad.norm1_dW 0.041615 ms
timing launches.grad.norm1_dW 2 count
timing syncs.grad.norm1_dW 1 count
timing gemm.norm_dW 0.041615 ms
timing launches.gemm.norm_dW 2 count
timing syncs.gemm.norm_dW 1 count
timing grad.x_add 0.039176 ms
timing launches.grad.x_add 1 count
timing syncs.grad.x_add 0 count
timing bwd.after_attention 3.638755 ms
timing grad.refuse_scan 0.052036 ms
timing launches.grad.refuse_scan 1 count
timing syncs.grad.refuse_scan 1 count
timing grad.residual2_copy 0.038474 ms
timing launches.grad.residual2_copy 1 count
timing syncs.grad.residual2_copy 0 count
timing grad.down_dA 1.23097 ms
timing launches.grad.down_dA 0 count
timing syncs.grad.down_dA 0 count
timing gemm.down_dA 1.23097 ms
timing launches.gemm.down_dA 0 count
timing syncs.gemm.down_dA 0 count
timing grad.down_dB 1.337092 ms
timing launches.grad.down_dB 1 count
timing syncs.grad.down_dB 0 count
timing gemm.down_dB 1.337092 ms
timing launches.gemm.down_dB 1 count
timing syncs.gemm.down_dB 0 count
timing grad.gate_mul 0.185916 ms
timing launches.grad.gate_mul 1 count
timing syncs.grad.gate_mul 0 count
timing grad.silu 0.001751 ms
timing launches.grad.silu 0 count
timing syncs.grad.silu 0 count
timing grad.gate_dB 1.319081 ms
timing launches.grad.gate_dB 1 count
timing syncs.grad.gate_dB 0 count
timing gemm.gateup_dB 1.319081 ms
timing launches.gemm.gateup_dB 1 count
timing syncs.gemm.gateup_dB 0 count
timing grad.up_dB 1.324095 ms
timing launches.grad.up_dB 1 count
timing syncs.grad.up_dB 0 count
timing gemm.gateup_dB 1.324095 ms
timing launches.gemm.gateup_dB 1 count
timing syncs.gemm.gateup_dB 0 count
timing grad.gate_dA 1.257315 ms
timing launches.grad.gate_dA 0 count
timing syncs.grad.gate_dA 0 count
timing gemm.gateup_dA 1.257315 ms
timing launches.gemm.gateup_dA 0 count
timing syncs.gemm.gateup_dA 0 count
timing grad.up_dA 1.24756 ms
timing launches.grad.up_dA 0 count
timing syncs.grad.up_dA 0 count
timing gemm.gateup_dA 1.24756 ms
timing launches.gemm.gateup_dA 0 count
timing syncs.gemm.gateup_dA 0 count
timing grad.gateup_fanin 0.038889 ms
timing launches.grad.gateup_fanin 1 count
timing syncs.grad.gateup_fanin 0 count
timing grad.norm2_kernels 0.189843 ms
timing launches.grad.norm2_kernels 3 count
timing syncs.grad.norm2_kernels 0 count
timing grad.norm2_dW 0.037497 ms
timing launches.grad.norm2_dW 2 count
timing syncs.grad.norm2_dW 1 count
timing gemm.norm_dW 0.037497 ms
timing launches.gemm.norm_dW 2 count
timing syncs.gemm.norm_dW 1 count
timing grad.residual1_add 0.001538 ms
timing launches.grad.residual1_add 0 count
timing syncs.grad.residual1_add 0 count
timing grad.o_copy 0.001602 ms
timing launches.grad.o_copy 0 count
timing syncs.grad.o_copy 0 count
timing grad.o_dA 0.47327 ms
timing launches.grad.o_dA 0 count
timing syncs.grad.o_dA 0 count
timing gemm.proj_dA 0.47327 ms
timing launches.gemm.proj_dA 0 count
timing syncs.gemm.proj_dA 0 count
timing grad.o_dB 0.549829 ms
timing launches.grad.o_dB 1 count
timing syncs.grad.o_dB 0 count
timing gemm.proj_dB 0.549829 ms
timing launches.gemm.proj_dB 1 count
timing syncs.gemm.proj_dB 0 count
timing bwd.mlp_through_oproj 9.390557 ms
timing launches.bwd.mlp_through_oproj 13 count
timing syncs.bwd.mlp_through_oproj 2 count
timing bwd.before_attention 0.002278 ms
timing attn.bwd_regime_scan 0.218564 ms
timing attn.bwd_scratch_alloc 0.011743 ms
timing attn.bwd_zdot_estash_dres_pf 2.836219 ms
timing attn.bwd_dq_tiled_pf 2.496087 ms
timing attn.bwd_kvgrid_dkdv_pf 2.115103 ms
timing attn.bwd_corner_flag 0.026919 ms
timing bwd.attention 7.710198 ms
timing grad.kv_slice 0.074551 ms
timing launches.grad.kv_slice 1 count
timing syncs.grad.kv_slice 0 count
timing grad.rope 0.147475 ms
timing launches.grad.rope 2 count
timing syncs.grad.rope 0 count
timing grad.q_dB 0.542302 ms
timing launches.grad.q_dB 1 count
timing syncs.grad.q_dB 0 count
timing gemm.proj_dB 0.542302 ms
timing launches.gemm.proj_dB 1 count
timing syncs.gemm.proj_dB 0 count
timing grad.k_dB 0.541135 ms
timing launches.grad.k_dB 1 count
timing syncs.grad.k_dB 0 count
timing gemm.proj_dB 0.541135 ms
timing launches.gemm.proj_dB 1 count
timing syncs.gemm.proj_dB 0 count
timing grad.v_dB 0.545468 ms
timing launches.grad.v_dB 1 count
timing syncs.grad.v_dB 0 count
timing gemm.proj_dB 0.545468 ms
timing launches.gemm.proj_dB 1 count
timing syncs.gemm.proj_dB 0 count
timing grad.q_dA 0.476229 ms
timing launches.grad.q_dA 0 count
timing syncs.grad.q_dA 0 count
timing gemm.proj_dA 0.476229 ms
timing launches.gemm.proj_dA 0 count
timing syncs.gemm.proj_dA 0 count
timing grad.k_dA 0.476153 ms
timing launches.grad.k_dA 0 count
timing syncs.grad.k_dA 0 count
timing gemm.proj_dA 0.476153 ms
timing launches.gemm.proj_dA 0 count
timing syncs.gemm.proj_dA 0 count
timing grad.v_dA 0.473245 ms
timing launches.grad.v_dA 0 count
timing syncs.grad.v_dA 0 count
timing gemm.proj_dA 0.473245 ms
timing launches.gemm.proj_dA 0 count
timing syncs.gemm.proj_dA 0 count
timing grad.qkv_fanin 0.047302 ms
timing launches.grad.qkv_fanin 1 count
timing syncs.grad.qkv_fanin 0 count
timing grad.norm1_kernels 0.173721 ms
timing launches.grad.norm1_kernels 3 count
timing syncs.grad.norm1_kernels 0 count
timing grad.norm1_dW 0.038182 ms
timing launches.grad.norm1_dW 2 count
timing syncs.grad.norm1_dW 1 count
timing gemm.norm_dW 0.038182 ms
timing launches.gemm.norm_dW 2 count
timing syncs.gemm.norm_dW 1 count
timing grad.x_add 0.041489 ms
timing launches.grad.x_add 1 count
timing syncs.grad.x_add 0 count
timing bwd.after_attention 3.663368 ms
timing grad.refuse_scan 0.048525 ms
timing launches.grad.refuse_scan 1 count
timing syncs.grad.refuse_scan 1 count
timing grad.residual2_copy 0.040613 ms
timing launches.grad.residual2_copy 1 count
timing syncs.grad.residual2_copy 0 count
timing grad.down_dA 1.226729 ms
timing launches.grad.down_dA 0 count
timing syncs.grad.down_dA 0 count
timing gemm.down_dA 1.226729 ms
timing launches.gemm.down_dA 0 count
timing syncs.gemm.down_dA 0 count
timing grad.down_dB 1.325715 ms
timing launches.grad.down_dB 1 count
timing syncs.grad.down_dB 0 count
timing gemm.down_dB 1.325715 ms
timing launches.gemm.down_dB 1 count
timing syncs.gemm.down_dB 0 count
timing grad.gate_mul 0.184442 ms
timing launches.grad.gate_mul 1 count
timing syncs.grad.gate_mul 0 count
timing grad.silu 0.001748 ms
timing launches.grad.silu 0 count
timing syncs.grad.silu 0 count
timing grad.gate_dB 1.327201 ms
timing launches.grad.gate_dB 1 count
timing syncs.grad.gate_dB 0 count
timing gemm.gateup_dB 1.327201 ms
timing launches.gemm.gateup_dB 1 count
timing syncs.gemm.gateup_dB 0 count
timing grad.up_dB 1.327605 ms
timing launches.grad.up_dB 1 count
timing syncs.grad.up_dB 0 count
timing gemm.gateup_dB 1.327605 ms
timing launches.gemm.gateup_dB 1 count
timing syncs.gemm.gateup_dB 0 count
timing grad.gate_dA 1.256522 ms
timing launches.grad.gate_dA 0 count
timing syncs.grad.gate_dA 0 count
timing gemm.gateup_dA 1.256522 ms
timing launches.gemm.gateup_dA 0 count
timing syncs.gemm.gateup_dA 0 count
timing grad.up_dA 1.249899 ms
timing launches.grad.up_dA 0 count
timing syncs.grad.up_dA 0 count
timing gemm.gateup_dA 1.249899 ms
timing launches.gemm.gateup_dA 0 count
timing syncs.gemm.gateup_dA 0 count
timing grad.gateup_fanin 0.039765 ms
timing launches.grad.gateup_fanin 1 count
timing syncs.grad.gateup_fanin 0 count
timing grad.norm2_kernels 0.18948 ms
timing launches.grad.norm2_kernels 3 count
timing syncs.grad.norm2_kernels 0 count
timing grad.norm2_dW 0.034373 ms
timing launches.grad.norm2_dW 2 count
timing syncs.grad.norm2_dW 1 count
timing gemm.norm_dW 0.034373 ms
timing launches.gemm.norm_dW 2 count
timing syncs.gemm.norm_dW 1 count
timing grad.residual1_add 0.001511 ms
timing launches.grad.residual1_add 0 count
timing syncs.grad.residual1_add 0 count
timing grad.o_copy 0.001573 ms
timing launches.grad.o_copy 0 count
timing syncs.grad.o_copy 0 count
timing grad.o_dA 0.473385 ms
timing launches.grad.o_dA 0 count
timing syncs.grad.o_dA 0 count
timing gemm.proj_dA 0.473385 ms
timing launches.gemm.proj_dA 0 count
timing syncs.gemm.proj_dA 0 count
timing grad.o_dB 0.538175 ms
timing launches.grad.o_dB 1 count
timing syncs.grad.o_dB 0 count
timing gemm.proj_dB 0.538175 ms
timing launches.gemm.proj_dB 1 count
timing syncs.gemm.proj_dB 0 count
timing bwd.mlp_through_oproj 9.360157 ms
timing launches.bwd.mlp_through_oproj 13 count
timing syncs.bwd.mlp_through_oproj 2 count
timing bwd.before_attention 0.001479 ms
timing attn.bwd_regime_scan 0.216264 ms
timing attn.bwd_scratch_alloc 0.014672 ms
timing attn.bwd_zdot_estash_dres_pf 2.842734 ms
timing attn.bwd_dq_tiled_pf 2.505456 ms
timing attn.bwd_kvgrid_dkdv_pf 2.121574 ms
timing attn.bwd_corner_flag 0.031462 ms
timing bwd.attention 7.740811 ms
timing grad.kv_slice 0.078464 ms
timing launches.grad.kv_slice 1 count
timing syncs.grad.kv_slice 0 count
timing grad.rope 0.146764 ms
timing launches.grad.rope 2 count
timing syncs.grad.rope 0 count
timing grad.q_dB 0.544745 ms
timing launches.grad.q_dB 1 count
timing syncs.grad.q_dB 0 count
timing gemm.proj_dB 0.544745 ms
timing launches.gemm.proj_dB 1 count
timing syncs.gemm.proj_dB 0 count
timing grad.k_dB 0.544688 ms
timing launches.grad.k_dB 1 count
timing syncs.grad.k_dB 0 count
timing gemm.proj_dB 0.544688 ms
timing launches.gemm.proj_dB 1 count
timing syncs.gemm.proj_dB 0 count
timing grad.v_dB 0.542656 ms
timing launches.grad.v_dB 1 count
timing syncs.grad.v_dB 0 count
timing gemm.proj_dB 0.542656 ms
timing launches.gemm.proj_dB 1 count
timing syncs.gemm.proj_dB 0 count
timing grad.q_dA 0.474629 ms
timing launches.grad.q_dA 0 count
timing syncs.grad.q_dA 0 count
timing gemm.proj_dA 0.474629 ms
timing launches.gemm.proj_dA 0 count
timing syncs.gemm.proj_dA 0 count
timing grad.k_dA 0.473232 ms
timing launches.grad.k_dA 0 count
timing syncs.grad.k_dA 0 count
timing gemm.proj_dA 0.473232 ms
timing launches.gemm.proj_dA 0 count
timing syncs.gemm.proj_dA 0 count
timing grad.v_dA 0.474846 ms
timing launches.grad.v_dA 0 count
timing syncs.grad.v_dA 0 count
timing gemm.proj_dA 0.474846 ms
timing launches.gemm.proj_dA 0 count
timing syncs.gemm.proj_dA 0 count
timing grad.qkv_fanin 0.047703 ms
timing launches.grad.qkv_fanin 1 count
timing syncs.grad.qkv_fanin 0 count
timing grad.norm1_kernels 0.172778 ms
timing launches.grad.norm1_kernels 3 count
timing syncs.grad.norm1_kernels 0 count
timing grad.norm1_dW 0.036872 ms
timing launches.grad.norm1_dW 2 count
timing syncs.grad.norm1_dW 1 count
timing gemm.norm_dW 0.036872 ms
timing launches.gemm.norm_dW 2 count
timing syncs.gemm.norm_dW 1 count
timing grad.x_add 0.038885 ms
timing launches.grad.x_add 1 count
timing syncs.grad.x_add 0 count
timing bwd.after_attention 3.648292 ms
timing grad.refuse_scan 0.049602 ms
timing launches.grad.refuse_scan 1 count
timing syncs.grad.refuse_scan 1 count
timing grad.residual2_copy 0.040539 ms
timing launches.grad.residual2_copy 1 count
timing syncs.grad.residual2_copy 0 count
timing grad.down_dA 1.228644 ms
timing launches.grad.down_dA 0 count
timing syncs.grad.down_dA 0 count
timing gemm.down_dA 1.228644 ms
timing launches.gemm.down_dA 0 count
timing syncs.gemm.down_dA 0 count
timing grad.down_dB 1.328004 ms
timing launches.grad.down_dB 1 count
timing syncs.grad.down_dB 0 count
timing gemm.down_dB 1.328004 ms
timing launches.gemm.down_dB 1 count
timing syncs.gemm.down_dB 0 count
timing grad.gate_mul 0.186114 ms
timing launches.grad.gate_mul 1 count
timing syncs.grad.gate_mul 0 count
timing grad.silu 0.00258 ms
timing launches.grad.silu 0 count
timing syncs.grad.silu 0 count
timing grad.gate_dB 1.331259 ms
timing launches.grad.gate_dB 1 count
timing syncs.grad.gate_dB 0 count
timing gemm.gateup_dB 1.331259 ms
timing launches.gemm.gateup_dB 1 count
timing syncs.gemm.gateup_dB 0 count
timing grad.up_dB 1.32045 ms
timing launches.grad.up_dB 1 count
timing syncs.grad.up_dB 0 count
timing gemm.gateup_dB 1.32045 ms
timing launches.gemm.gateup_dB 1 count
timing syncs.gemm.gateup_dB 0 count
timing grad.gate_dA 1.258326 ms
timing launches.grad.gate_dA 0 count
timing syncs.grad.gate_dA 0 count
timing gemm.gateup_dA 1.258326 ms
timing launches.gemm.gateup_dA 0 count
timing syncs.gemm.gateup_dA 0 count
timing grad.up_dA 1.250651 ms
timing launches.grad.up_dA 0 count
timing syncs.grad.up_dA 0 count
timing gemm.gateup_dA 1.250651 ms
timing launches.gemm.gateup_dA 0 count
timing syncs.gemm.gateup_dA 0 count
timing grad.gateup_fanin 0.039944 ms
timing launches.grad.gateup_fanin 1 count
timing syncs.grad.gateup_fanin 0 count
timing grad.norm2_kernels 0.189643 ms
timing launches.grad.norm2_kernels 3 count
timing syncs.grad.norm2_kernels 0 count
timing grad.norm2_dW 0.036819 ms
timing launches.grad.norm2_dW 2 count
timing syncs.grad.norm2_dW 1 count
timing gemm.norm_dW 0.036819 ms
timing launches.gemm.norm_dW 2 count
timing syncs.gemm.norm_dW 1 count
timing grad.residual1_add 0.001536 ms
timing launches.grad.residual1_add 0 count
timing syncs.grad.residual1_add 0 count
timing grad.o_copy 0.00158 ms
timing launches.grad.o_copy 0 count
timing syncs.grad.o_copy 0 count
timing grad.o_dA 0.472608 ms
timing launches.grad.o_dA 0 count
timing syncs.grad.o_dA 0 count
timing gemm.proj_dA 0.472608 ms
timing launches.gemm.proj_dA 0 count
timing syncs.gemm.proj_dA 0 count
timing grad.o_dB 0.547014 ms
timing launches.grad.o_dB 1 count
timing syncs.grad.o_dB 0 count
timing gemm.proj_dB 0.547014 ms
timing launches.gemm.proj_dB 1 count
timing syncs.gemm.proj_dB 0 count
timing bwd.mlp_through_oproj 9.385486 ms
timing launches.bwd.mlp_through_oproj 13 count
timing syncs.bwd.mlp_through_oproj 2 count
timing bwd.before_attention 0.003027 ms
timing attn.bwd_regime_scan 0.22669 ms
timing attn.bwd_scratch_alloc 0.01245 ms
timing attn.bwd_zdot_estash_dres_pf 2.839661 ms
timing attn.bwd_dq_tiled_pf 2.487706 ms
timing attn.bwd_kvgrid_dkdv_pf 2.116059 ms
timing attn.bwd_corner_flag 0.03554 ms
timing bwd.attention 7.724096 ms
timing grad.kv_slice 0.074599 ms
timing launches.grad.kv_slice 1 count
timing syncs.grad.kv_slice 0 count
timing grad.rope 0.146863 ms
timing launches.grad.rope 2 count
timing syncs.grad.rope 0 count
timing grad.q_dB 0.547277 ms
timing launches.grad.q_dB 1 count
timing syncs.grad.q_dB 0 count
timing gemm.proj_dB 0.547277 ms
timing launches.gemm.proj_dB 1 count
timing syncs.gemm.proj_dB 0 count
timing grad.k_dB 0.545083 ms
timing launches.grad.k_dB 1 count
timing syncs.grad.k_dB 0 count
timing gemm.proj_dB 0.545083 ms
timing launches.gemm.proj_dB 1 count
timing syncs.gemm.proj_dB 0 count
timing grad.v_dB 0.540597 ms
timing launches.grad.v_dB 1 count
timing syncs.grad.v_dB 0 count
timing gemm.proj_dB 0.540597 ms
timing launches.gemm.proj_dB 1 count
timing syncs.gemm.proj_dB 0 count
timing grad.q_dA 0.47395 ms
timing launches.grad.q_dA 0 count
timing syncs.grad.q_dA 0 count
timing gemm.proj_dA 0.47395 ms
timing launches.gemm.proj_dA 0 count
timing syncs.gemm.proj_dA 0 count
timing grad.k_dA 0.473949 ms
timing launches.grad.k_dA 0 count
timing syncs.grad.k_dA 0 count
timing gemm.proj_dA 0.473949 ms
timing launches.gemm.proj_dA 0 count
timing syncs.gemm.proj_dA 0 count
timing grad.v_dA 0.475088 ms
timing launches.grad.v_dA 0 count
timing syncs.grad.v_dA 0 count
timing gemm.proj_dA 0.475088 ms
timing launches.gemm.proj_dA 0 count
timing syncs.gemm.proj_dA 0 count
timing grad.qkv_fanin 0.047249 ms
timing launches.grad.qkv_fanin 1 count
timing syncs.grad.qkv_fanin 0 count
timing grad.norm1_kernels 0.17478 ms
timing launches.grad.norm1_kernels 3 count
timing syncs.grad.norm1_kernels 0 count
timing grad.norm1_dW 0.036374 ms
timing launches.grad.norm1_dW 2 count
timing syncs.grad.norm1_dW 1 count
timing gemm.norm_dW 0.036374 ms
timing launches.gemm.norm_dW 2 count
timing syncs.gemm.norm_dW 1 count
timing grad.x_add 0.041331 ms
timing launches.grad.x_add 1 count
timing syncs.grad.x_add 0 count
timing bwd.after_attention 3.657382 ms
timing grad.refuse_scan 0.047676 ms
timing launches.grad.refuse_scan 1 count
timing syncs.grad.refuse_scan 1 count
timing grad.residual2_copy 0.039643 ms
timing launches.grad.residual2_copy 1 count
timing syncs.grad.residual2_copy 0 count
timing grad.down_dA 1.237957 ms
timing launches.grad.down_dA 0 count
timing syncs.grad.down_dA 0 count
timing gemm.down_dA 1.237957 ms
timing launches.gemm.down_dA 0 count
timing syncs.gemm.down_dA 0 count
timing grad.down_dB 1.32771 ms
timing launches.grad.down_dB 1 count
timing syncs.grad.down_dB 0 count
timing gemm.down_dB 1.32771 ms
timing launches.gemm.down_dB 1 count
timing syncs.gemm.down_dB 0 count
timing grad.gate_mul 0.186659 ms
timing launches.grad.gate_mul 1 count
timing syncs.grad.gate_mul 0 count
timing grad.silu 0.002963 ms
timing launches.grad.silu 0 count
timing syncs.grad.silu 0 count
timing grad.gate_dB 1.323197 ms
timing launches.grad.gate_dB 1 count
timing syncs.grad.gate_dB 0 count
timing gemm.gateup_dB 1.323197 ms
timing launches.gemm.gateup_dB 1 count
timing syncs.gemm.gateup_dB 0 count
timing grad.up_dB 1.323051 ms
timing launches.grad.up_dB 1 count
timing syncs.grad.up_dB 0 count
timing gemm.gateup_dB 1.323051 ms
timing launches.gemm.gateup_dB 1 count
timing syncs.gemm.gateup_dB 0 count
timing grad.gate_dA 1.256808 ms
timing launches.grad.gate_dA 0 count
timing syncs.grad.gate_dA 0 count
timing gemm.gateup_dA 1.256808 ms
timing launches.gemm.gateup_dA 0 count
timing syncs.gemm.gateup_dA 0 count
timing grad.up_dA 1.257423 ms
timing launches.grad.up_dA 0 count
timing syncs.grad.up_dA 0 count
timing gemm.gateup_dA 1.257423 ms
timing launches.gemm.gateup_dA 0 count
timing syncs.gemm.gateup_dA 0 count
timing grad.gateup_fanin 0.03991 ms
timing launches.grad.gateup_fanin 1 count
timing syncs.grad.gateup_fanin 0 count
timing grad.norm2_kernels 0.189182 ms
timing launches.grad.norm2_kernels 3 count
timing syncs.grad.norm2_kernels 0 count
timing grad.norm2_dW 0.034805 ms
timing launches.grad.norm2_dW 2 count
timing syncs.grad.norm2_dW 1 count
timing gemm.norm_dW 0.034805 ms
timing launches.gemm.norm_dW 2 count
timing syncs.gemm.norm_dW 1 count
timing grad.residual1_add 0.001496 ms
timing launches.grad.residual1_add 0 count
timing syncs.grad.residual1_add 0 count
timing grad.o_copy 0.001578 ms
timing launches.grad.o_copy 0 count
timing syncs.grad.o_copy 0 count
timing grad.o_dA 0.471995 ms
timing launches.grad.o_dA 0 count
timing syncs.grad.o_dA 0 count
timing gemm.proj_dA 0.471995 ms
timing launches.gemm.proj_dA 0 count
timing syncs.gemm.proj_dA 0 count
timing grad.o_dB 0.545374 ms
timing launches.grad.o_dB 1 count
timing syncs.grad.o_dB 0 count
timing gemm.proj_dB 0.545374 ms
timing launches.gemm.proj_dB 1 count
timing syncs.gemm.proj_dB 0 count
timing bwd.mlp_through_oproj 9.392537 ms
timing launches.bwd.mlp_through_oproj 13 count
timing syncs.bwd.mlp_through_oproj 2 count
timing bwd.before_attention 0.001488 ms
timing attn.bwd_regime_scan 0.20243 ms
timing attn.bwd_scratch_alloc 0.011271 ms
timing attn.bwd_zdot_estash_dres_pf 2.843972 ms
timing attn.bwd_dq_tiled_pf 2.507226 ms
timing attn.bwd_kvgrid_dkdv_pf 2.122356 ms
timing attn.bwd_corner_flag 0.034281 ms
timing bwd.attention 7.726668 ms
timing grad.kv_slice 0.075953 ms
timing launches.grad.kv_slice 1 count
timing syncs.grad.kv_slice 0 count
timing grad.rope 0.145524 ms
timing launches.grad.rope 2 count
timing syncs.grad.rope 0 count
timing grad.q_dB 0.545834 ms
timing launches.grad.q_dB 1 count
timing syncs.grad.q_dB 0 count
timing gemm.proj_dB 0.545834 ms
timing launches.gemm.proj_dB 1 count
timing syncs.gemm.proj_dB 0 count
timing grad.k_dB 0.543268 ms
timing launches.grad.k_dB 1 count
timing syncs.grad.k_dB 0 count
timing gemm.proj_dB 0.543268 ms
timing launches.gemm.proj_dB 1 count
timing syncs.gemm.proj_dB 0 count
timing grad.v_dB 0.53897 ms
timing launches.grad.v_dB 1 count
timing syncs.grad.v_dB 0 count
timing gemm.proj_dB 0.53897 ms
timing launches.gemm.proj_dB 1 count
timing syncs.gemm.proj_dB 0 count
timing grad.q_dA 0.47494 ms
timing launches.grad.q_dA 0 count
timing syncs.grad.q_dA 0 count
timing gemm.proj_dA 0.47494 ms
timing launches.gemm.proj_dA 0 count
timing syncs.gemm.proj_dA 0 count
timing grad.k_dA 0.475437 ms
timing launches.grad.k_dA 0 count
timing syncs.grad.k_dA 0 count
timing gemm.proj_dA 0.475437 ms
timing launches.gemm.proj_dA 0 count
timing syncs.gemm.proj_dA 0 count
timing grad.v_dA 0.475917 ms
timing launches.grad.v_dA 0 count
timing syncs.grad.v_dA 0 count
timing gemm.proj_dA 0.475917 ms
timing launches.gemm.proj_dA 0 count
timing syncs.gemm.proj_dA 0 count
timing grad.qkv_fanin 0.050217 ms
timing launches.grad.qkv_fanin 1 count
timing syncs.grad.qkv_fanin 0 count
timing grad.norm1_kernels 0.172808 ms
timing launches.grad.norm1_kernels 3 count
timing syncs.grad.norm1_kernels 0 count
timing grad.norm1_dW 0.036 ms
timing launches.grad.norm1_dW 2 count
timing syncs.grad.norm1_dW 1 count
timing gemm.norm_dW 0.036 ms
timing launches.gemm.norm_dW 2 count
timing syncs.gemm.norm_dW 1 count
timing grad.x_add 0.039539 ms
timing launches.grad.x_add 1 count
timing syncs.grad.x_add 0 count
timing bwd.after_attention 3.669965 ms
timing grad.refuse_scan 0.0566 ms
timing launches.grad.refuse_scan 1 count
timing syncs.grad.refuse_scan 1 count
timing grad.residual2_copy 0.038246 ms
timing launches.grad.residual2_copy 1 count
timing syncs.grad.residual2_copy 0 count
timing grad.down_dA 1.228802 ms
timing launches.grad.down_dA 0 count
timing syncs.grad.down_dA 0 count
timing gemm.down_dA 1.228802 ms
timing launches.gemm.down_dA 0 count
timing syncs.gemm.down_dA 0 count
timing grad.down_dB 1.33307 ms
timing launches.grad.down_dB 1 count
timing syncs.grad.down_dB 0 count
timing gemm.down_dB 1.33307 ms
timing launches.gemm.down_dB 1 count
timing syncs.gemm.down_dB 0 count
timing grad.gate_mul 0.184705 ms
timing launches.grad.gate_mul 1 count
timing syncs.grad.gate_mul 0 count
timing grad.silu 0.002932 ms
timing launches.grad.silu 0 count
timing syncs.grad.silu 0 count
timing grad.gate_dB 1.330029 ms
timing launches.grad.gate_dB 1 count
timing syncs.grad.gate_dB 0 count
timing gemm.gateup_dB 1.330029 ms
timing launches.gemm.gateup_dB 1 count
timing syncs.gemm.gateup_dB 0 count
timing grad.up_dB 1.330062 ms
timing launches.grad.up_dB 1 count
timing syncs.grad.up_dB 0 count
timing gemm.gateup_dB 1.330062 ms
timing launches.gemm.gateup_dB 1 count
timing syncs.gemm.gateup_dB 0 count
timing grad.gate_dA 1.256949 ms
timing launches.grad.gate_dA 0 count
timing syncs.grad.gate_dA 0 count
timing gemm.gateup_dA 1.256949 ms
timing launches.gemm.gateup_dA 0 count
timing syncs.gemm.gateup_dA 0 count
timing grad.up_dA 1.256106 ms
timing launches.grad.up_dA 0 count
timing syncs.grad.up_dA 0 count
timing gemm.gateup_dA 1.256106 ms
timing launches.gemm.gateup_dA 0 count
timing syncs.gemm.gateup_dA 0 count
timing grad.gateup_fanin 0.040452 ms
timing launches.grad.gateup_fanin 1 count
timing syncs.grad.gateup_fanin 0 count
timing grad.norm2_kernels 0.189242 ms
timing launches.grad.norm2_kernels 3 count
timing syncs.grad.norm2_kernels 0 count
timing grad.norm2_dW 0.035034 ms
timing launches.grad.norm2_dW 2 count
timing syncs.grad.norm2_dW 1 count
timing gemm.norm_dW 0.035034 ms
timing launches.gemm.norm_dW 2 count
timing syncs.gemm.norm_dW 1 count
timing grad.residual1_add 0.001501 ms
timing launches.grad.residual1_add 0 count
timing syncs.grad.residual1_add 0 count
timing grad.o_copy 0.001575 ms
timing launches.grad.o_copy 0 count
timing syncs.grad.o_copy 0 count
timing grad.o_dA 0.473954 ms
timing launches.grad.o_dA 0 count
timing syncs.grad.o_dA 0 count
timing gemm.proj_dA 0.473954 ms
timing launches.gemm.proj_dA 0 count
timing syncs.gemm.proj_dA 0 count
timing grad.o_dB 0.541744 ms
timing launches.grad.o_dB 1 count
timing syncs.grad.o_dB 0 count
timing gemm.proj_dB 0.541744 ms
timing launches.gemm.proj_dB 1 count
timing syncs.gemm.proj_dB 0 count
timing bwd.mlp_through_oproj 9.401189 ms
timing launches.bwd.mlp_through_oproj 13 count
timing syncs.bwd.mlp_through_oproj 2 count
timing bwd.before_attention 0.001524 ms
timing attn.bwd_regime_scan 0.2158 ms
timing attn.bwd_scratch_alloc 0.01527 ms
timing attn.bwd_zdot_estash_dres_pf 2.831616 ms
timing attn.bwd_dq_tiled_pf 2.494806 ms
timing attn.bwd_kvgrid_dkdv_pf 2.11149 ms
timing attn.bwd_corner_flag 0.026287 ms
timing bwd.attention 7.699349 ms
timing grad.kv_slice 0.074059 ms
timing launches.grad.kv_slice 1 count
timing syncs.grad.kv_slice 0 count
timing grad.rope 0.142676 ms
timing launches.grad.rope 2 count
timing syncs.grad.rope 0 count
timing grad.q_dB 0.543676 ms
timing launches.grad.q_dB 1 count
timing syncs.grad.q_dB 0 count
timing gemm.proj_dB 0.543676 ms
timing launches.gemm.proj_dB 1 count
timing syncs.gemm.proj_dB 0 count
timing grad.k_dB 0.539309 ms
timing launches.grad.k_dB 1 count
timing syncs.grad.k_dB 0 count
timing gemm.proj_dB 0.539309 ms
timing launches.gemm.proj_dB 1 count
timing syncs.gemm.proj_dB 0 count
timing grad.v_dB 0.541678 ms
timing launches.grad.v_dB 1 count
timing syncs.grad.v_dB 0 count
timing gemm.proj_dB 0.541678 ms
timing launches.gemm.proj_dB 1 count
timing syncs.gemm.proj_dB 0 count
timing grad.q_dA 0.47214 ms
timing launches.grad.q_dA 0 count
timing syncs.grad.q_dA 0 count
timing gemm.proj_dA 0.47214 ms
timing launches.gemm.proj_dA 0 count
timing syncs.gemm.proj_dA 0 count
timing grad.k_dA 0.478306 ms
timing launches.grad.k_dA 0 count
timing syncs.grad.k_dA 0 count
timing gemm.proj_dA 0.478306 ms
timing launches.gemm.proj_dA 0 count
timing syncs.gemm.proj_dA 0 count
timing grad.v_dA 0.47676 ms
timing launches.grad.v_dA 0 count
timing syncs.grad.v_dA 0 count
timing gemm.proj_dA 0.47676 ms
timing launches.gemm.proj_dA 0 count
timing syncs.gemm.proj_dA 0 count
timing grad.qkv_fanin 0.050559 ms
timing launches.grad.qkv_fanin 1 count
timing syncs.grad.qkv_fanin 0 count
timing grad.norm1_kernels 0.174448 ms
timing launches.grad.norm1_kernels 3 count
timing syncs.grad.norm1_kernels 0 count
timing grad.norm1_dW 0.035227 ms
timing launches.grad.norm1_dW 2 count
timing syncs.grad.norm1_dW 1 count
timing gemm.norm_dW 0.035227 ms
timing launches.gemm.norm_dW 2 count
timing syncs.gemm.norm_dW 1 count
timing grad.x_add 0.040114 ms
timing launches.grad.x_add 1 count
timing syncs.grad.x_add 0 count
timing bwd.after_attention 3.658095 ms
timing grad.refuse_scan 0.042436 ms
timing launches.grad.refuse_scan 1 count
timing syncs.grad.refuse_scan 1 count
timing grad.residual2_copy 0.038072 ms
timing launches.grad.residual2_copy 1 count
timing syncs.grad.residual2_copy 0 count
timing grad.down_dA 1.233398 ms
timing launches.grad.down_dA 0 count
timing syncs.grad.down_dA 0 count
timing gemm.down_dA 1.233398 ms
timing launches.gemm.down_dA 0 count
timing syncs.gemm.down_dA 0 count
timing grad.down_dB 1.338939 ms
timing launches.grad.down_dB 1 count
timing syncs.grad.down_dB 0 count
timing gemm.down_dB 1.338939 ms
timing launches.gemm.down_dB 1 count
timing syncs.gemm.down_dB 0 count
timing grad.gate_mul 0.185593 ms
timing launches.grad.gate_mul 1 count
timing syncs.grad.gate_mul 0 count
timing grad.silu 0.002614 ms
timing launches.grad.silu 0 count
timing syncs.grad.silu 0 count
timing grad.gate_dB 1.325663 ms
timing launches.grad.gate_dB 1 count
timing syncs.grad.gate_dB 0 count
timing gemm.gateup_dB 1.325663 ms
timing launches.gemm.gateup_dB 1 count
timing syncs.gemm.gateup_dB 0 count
timing grad.up_dB 1.324424 ms
timing launches.grad.up_dB 1 count
timing syncs.grad.up_dB 0 count
timing gemm.gateup_dB 1.324424 ms
timing launches.gemm.gateup_dB 1 count
timing syncs.gemm.gateup_dB 0 count
timing grad.gate_dA 1.256777 ms
timing launches.grad.gate_dA 0 count
timing syncs.grad.gate_dA 0 count
timing gemm.gateup_dA 1.256777 ms
timing launches.gemm.gateup_dA 0 count
timing syncs.gemm.gateup_dA 0 count
timing grad.up_dA 1.254212 ms
timing launches.grad.up_dA 0 count
timing syncs.grad.up_dA 0 count
timing gemm.gateup_dA 1.254212 ms
timing launches.gemm.gateup_dA 0 count
timing syncs.gemm.gateup_dA 0 count
timing grad.gateup_fanin 0.039623 ms
timing launches.grad.gateup_fanin 1 count
timing syncs.grad.gateup_fanin 0 count
timing grad.norm2_kernels 0.190369 ms
timing launches.grad.norm2_kernels 3 count
timing syncs.grad.norm2_kernels 0 count
timing grad.norm2_dW 0.036693 ms
timing launches.grad.norm2_dW 2 count
timing syncs.grad.norm2_dW 1 count
timing gemm.norm_dW 0.036693 ms
timing launches.gemm.norm_dW 2 count
timing syncs.gemm.norm_dW 1 count
timing grad.residual1_add 0.001519 ms
timing launches.grad.residual1_add 0 count
timing syncs.grad.residual1_add 0 count
timing grad.o_copy 0.001601 ms
timing launches.grad.o_copy 0 count
timing syncs.grad.o_copy 0 count
timing grad.o_dA 0.472556 ms
timing launches.grad.o_dA 0 count
timing syncs.grad.o_dA 0 count
timing gemm.proj_dA 0.472556 ms
timing launches.gemm.proj_dA 0 count
timing syncs.gemm.proj_dA 0 count
timing grad.o_dB 0.541938 ms
timing launches.grad.o_dB 1 count
timing syncs.grad.o_dB 0 count
timing gemm.proj_dB 0.541938 ms
timing launches.gemm.proj_dB 1 count
timing syncs.gemm.proj_dB 0 count
timing bwd.mlp_through_oproj 9.395136 ms
timing launches.bwd.mlp_through_oproj 13 count
timing syncs.bwd.mlp_through_oproj 2 count
timing bwd.before_attention 0.002256 ms
timing attn.bwd_regime_scan 0.21838 ms
timing attn.bwd_scratch_alloc 0.017329 ms
timing attn.bwd_zdot_estash_dres_pf 2.840005 ms
timing attn.bwd_dq_tiled_pf 2.498353 ms
timing attn.bwd_kvgrid_dkdv_pf 2.112613 ms
timing attn.bwd_corner_flag 0.028243 ms
timing bwd.attention 7.718993 ms
timing grad.kv_slice 0.07502 ms
timing launches.grad.kv_slice 1 count
timing syncs.grad.kv_slice 0 count
timing grad.rope 0.143164 ms
timing launches.grad.rope 2 count
timing syncs.grad.rope 0 count
timing grad.q_dB 0.539016 ms
timing launches.grad.q_dB 1 count
timing syncs.grad.q_dB 0 count
timing gemm.proj_dB 0.539016 ms
timing launches.gemm.proj_dB 1 count
timing syncs.gemm.proj_dB 0 count
timing grad.k_dB 0.53928 ms
timing launches.grad.k_dB 1 count
timing syncs.grad.k_dB 0 count
timing gemm.proj_dB 0.53928 ms
timing launches.gemm.proj_dB 1 count
timing syncs.gemm.proj_dB 0 count
timing grad.v_dB 0.539693 ms
timing launches.grad.v_dB 1 count
timing syncs.grad.v_dB 0 count
timing gemm.proj_dB 0.539693 ms
timing launches.gemm.proj_dB 1 count
timing syncs.gemm.proj_dB 0 count
timing grad.q_dA 0.471924 ms
timing launches.grad.q_dA 0 count
timing syncs.grad.q_dA 0 count
timing gemm.proj_dA 0.471924 ms
timing launches.gemm.proj_dA 0 count
timing syncs.gemm.proj_dA 0 count
timing grad.k_dA 0.476504 ms
timing launches.grad.k_dA 0 count
timing syncs.grad.k_dA 0 count
timing gemm.proj_dA 0.476504 ms
timing launches.gemm.proj_dA 0 count
timing syncs.gemm.proj_dA 0 count
timing grad.v_dA 0.473645 ms
timing launches.grad.v_dA 0 count
timing syncs.grad.v_dA 0 count
timing gemm.proj_dA 0.473645 ms
timing launches.gemm.proj_dA 0 count
timing syncs.gemm.proj_dA 0 count
timing grad.qkv_fanin 0.047474 ms
timing launches.grad.qkv_fanin 1 count
timing syncs.grad.qkv_fanin 0 count
timing grad.norm1_kernels 0.177219 ms
timing launches.grad.norm1_kernels 3 count
timing syncs.grad.norm1_kernels 0 count
timing grad.norm1_dW 0.039826 ms
timing launches.grad.norm1_dW 2 count
timing syncs.grad.norm1_dW 1 count
timing gemm.norm_dW 0.039826 ms
timing launches.gemm.norm_dW 2 count
timing syncs.gemm.norm_dW 1 count
timing grad.x_add 0.038788 ms
timing launches.grad.x_add 1 count
timing syncs.grad.x_add 0 count
timing bwd.after_attention 3.640091 ms
timing envelope.blocks_backward 249.038983 ms
timing step.embedding_backward 3.490443 ms
timing step.pack_grads 0.919878 ms
timing step.pack_grads_bytes 648591360 bytes
timing step.validate_grads_scan 0.550128 ms
timing step.validate_grads_scan_bytes 648591360 bytes
timing step.optimizer 1.712404 ms
timing step.validate_after_scan 2.152741 ms
timing step.validate_after_scan_bytes 2594365440 bytes
timing step.bind_final_sync 0.001943 ms
timing count.launches 652 count
timing count.synchronizes 594 count
timing count.copies_h2d 2 count
timing count.copies_d2h 154 count
timing count.copies_d2d 24 count
timing count.device_allocs 193 count
timing count.host_allocs 151 count
timing count.native_steps 1 count
timing step.bind_publish 0.009668 ms
timing step.bind_publish_bytes 444 bytes
timing envelope.native_call 517.655061557889 ms
timing step.py_flags 0.09115692228078842 ms
timing step.py_flags_bytes 440 bytes
{"event": "component_timing_step_end", "timing_step": 2, "seconds": 0.5183677421882749, "loss": 10.981539726257324, "t": 1790303036.7924361}
