machine,race,dataset,shape,phase,arm,library,library_version,device,device_name,mode,median_ms,rounds,quality,peak_host_mb,peak_gpu_mb,status,verdict,params_check
nvidia,algos/ard/istella/rows=full,istella,X 100000x220; Xq 100000x220; y 100000; yq 100000,fit_or_operation,ours,mojolearn,0.8.25,gpu,NVIDIA L40S,identical,15000.627219676971,1,"{""finite"": true, ""r2"": -0.12291199017726262, ""rmse"": 0.8851834536481633}",1213.0,686.0,ok,LIKE-FOR-LIKE-SPAN,MATCHED
nvidia,algos/ard/istella/rows=full,istella,X 100000x220; Xq 100000x220; y 100000; yq 100000,fit_or_operation,sklearn-cpu,scikit-learn,1.7.2,cpu,AMD EPYC 9554 64-Core Processor,opponent,7400.833821855485,1,"{""finite"": true, ""r2"": 0.32740227902605457, ""rmse"": 0.6850750063221389}",1381.8,,ok,LIKE-FOR-LIKE-SPAN,MATCHED
nvidia,algos/ard/istella/rows=full,istella,,inference,ours,mojolearn,,gpu,,identical,5.1161739975214005,1,{},,,ok,LIKE-FOR-LIKE-SPAN,MATCHED
nvidia,algos/ard/istella/rows=full,istella,,inference,sklearn-cpu,scikit-learn,,cpu,,opponent,6.056821905076504,1,{},,,ok,LIKE-FOR-LIKE-SPAN,MATCHED
nvidia,algos/ard/taxi/rows=full,taxi,X 100000x11; Xq 100000x11; y 100000; yq 100000,fit_or_operation,ours,mojolearn,0.8.25,gpu,NVIDIA L40S,identical,32.73029159754515,1,"{""finite"": true, ""r2"": 0.90919271552619, ""rmse"": 4.799512589749553}",256.8,686.0,ok,LIKE-FOR-LIKE-SPAN,MATCHED
nvidia,algos/ard/taxi/rows=full,taxi,X 100000x11; Xq 100000x11; y 100000; yq 100000,fit_or_operation,sklearn-cpu,scikit-learn,1.7.2,cpu,AMD EPYC 9554 64-Core Processor,opponent,27.207364328205585,1,"{""finite"": true, ""r2"": 0.9091903984035863, ""rmse"": 4.799573823758641}",262.9,,ok,LIKE-FOR-LIKE-SPAN,MATCHED
nvidia,algos/ard/taxi/rows=full,taxi,,inference,ours,mojolearn,,gpu,,identical,0.41727442294359207,1,{},,,ok,LIKE-FOR-LIKE-SPAN,MATCHED
nvidia,algos/ard/taxi/rows=full,taxi,,inference,sklearn-cpu,scikit-learn,,cpu,,opponent,0.5249334499239922,1,{},,,ok,LIKE-FOR-LIKE-SPAN,MATCHED
nvidia,algos/bayesian-ridge/istella/rows=full,istella,X 1000000x220; Xq 100000x220; y 1000000; yq 100000,fit_or_operation,ours,mojolearn,0.8.25,gpu,NVIDIA L40S,identical,70103.23901847005,1,"{""finite"": true, ""r2"": -41643.6707468436, ""rmse"": 170.4669316547163}",1128.8,1454.0,ok,LIKE-FOR-LIKE-SPAN,MATCHED
nvidia,algos/bayesian-ridge/istella/rows=full,istella,X 1000000x220; Xq 100000x220; y 1000000; yq 100000,fit_or_operation,sklearn-cpu,scikit-learn,1.7.2,cpu,AMD EPYC 9554 64-Core Processor,opponent,8160.985998809338,1,"{""finite"": true, ""r2"": -395441.81896825874, ""rmse"": 525.29379937429}",3653.3,,ok,LIKE-FOR-LIKE-SPAN,MATCHED
nvidia,algos/bayesian-ridge/istella/rows=full,istella,,inference,ours,mojolearn,,gpu,,identical,5.509477108716965,1,{},,,ok,LIKE-FOR-LIKE-SPAN,MATCHED
nvidia,algos/bayesian-ridge/istella/rows=full,istella,,inference,sklearn-cpu,scikit-learn,,cpu,,opponent,5.858190357685089,1,{},,,ok,LIKE-FOR-LIKE-SPAN,MATCHED
nvidia,algos/bayesian-ridge/taxi/rows=full,taxi,X 1000000x11; Xq 100000x11; y 1000000; yq 100000,fit_or_operation,ours,mojolearn,0.8.25,gpu,NVIDIA L40S,identical,314.8151347413659,1,"{""finite"": true, ""r2"": 0.9089808407438985, ""rmse"": 4.805108524137696}",251.2,686.0,ok,LIKE-FOR-LIKE-SPAN,MATCHED
nvidia,algos/bayesian-ridge/taxi/rows=full,taxi,X 1000000x11; Xq 100000x11; y 1000000; yq 100000,fit_or_operation,sklearn-cpu,scikit-learn,1.7.2,cpu,AMD EPYC 9554 64-Core Processor,opponent,210.58921702206135,1,"{""finite"": true, ""r2"": 0.9089828491325207, ""rmse"": 4.8050555101426}",391.4,,ok,LIKE-FOR-LIKE-SPAN,MATCHED
nvidia,algos/bayesian-ridge/taxi/rows=full,taxi,,inference,ours,mojolearn,,gpu,,identical,1.0074591264128685,1,{},,,ok,LIKE-FOR-LIKE-SPAN,MATCHED
nvidia,algos/bayesian-ridge/taxi/rows=full,taxi,,inference,sklearn-cpu,scikit-learn,,cpu,,opponent,2.419901080429554,1,{},,,ok,LIKE-FOR-LIKE-SPAN,MATCHED
nvidia,algos/enet-cv/istella/rows=full,istella,X 1000000x220; Xq 100000x220; y 1000000; yq 100000,fit_or_operation,ours,mojolearn,0.8.25,gpu,NVIDIA L40S,identical,73680.51776010543,1,"{""finite"": true, ""r2"": 0.3165828533559415, ""rmse"": 0.6905630918123707}",1237.8,1454.0,ok,LIKE-FOR-LIKE-SPAN,MATCHED
nvidia,algos/enet-cv/istella/rows=full,istella,X 1000000x220; Xq 100000x220; y 1000000; yq 100000,fit_or_operation,sklearn-cpu,scikit-learn,1.7.2,cpu,AMD EPYC 9554 64-Core Processor,opponent,112446.53538055718,1,"{""finite"": true, ""r2"": 0.32680487132197755, ""rmse"": 0.6853791838676835}",8909.5,,ok,LIKE-FOR-LIKE-SPAN,MATCHED
nvidia,algos/enet-cv/istella/rows=full,istella,,inference,ours,mojolearn,,gpu,,identical,5.473888479173183,1,{},,,ok,LIKE-FOR-LIKE-SPAN,MATCHED
nvidia,algos/enet-cv/istella/rows=full,istella,,inference,sklearn-cpu,scikit-learn,,cpu,,opponent,24.47197027504444,1,{},,,ok,LIKE-FOR-LIKE-SPAN,MATCHED
nvidia,algos/enet-cv/taxi/rows=full,taxi,X 1000000x11; Xq 100000x11; y 1000000; yq 100000,fit_or_operation,ours,mojolearn,0.8.25,gpu,NVIDIA L40S,identical,2309.6278943121433,1,"{""finite"": true, ""r2"": 0.9090023922094241, ""rmse"": 4.8045396150073145}",357.7,686.0,ok,LIKE-FOR-LIKE-SPAN,MATCHED
nvidia,algos/enet-cv/taxi/rows=full,taxi,X 1000000x11; Xq 100000x11; y 1000000; yq 100000,fit_or_operation,sklearn-cpu,scikit-learn,1.7.2,cpu,AMD EPYC 9554 64-Core Processor,opponent,507.528523914516,1,"{""finite"": true, ""r2"": 0.9090044116198326, ""rmse"": 4.804486303764466}",645.0,,ok,LIKE-FOR-LIKE-SPAN,MATCHED
nvidia,algos/enet-cv/taxi/rows=full,taxi,,inference,ours,mojolearn,,gpu,,identical,1.2566912919282913,1,{},,,ok,LIKE-FOR-LIKE-SPAN,MATCHED
nvidia,algos/enet-cv/taxi/rows=full,taxi,,inference,sklearn-cpu,scikit-learn,,cpu,,opponent,0.7779765874147415,1,{},,,ok,LIKE-FOR-LIKE-SPAN,MATCHED
nvidia,algos/gamma/istella/rows=full,istella,X 1000000x220; Xq 100000x220; y 1000000; yq 100000,fit_or_operation,ours,mojolearn,0.8.25,gpu,NVIDIA L40S,identical,1047771.1433693767,1,"{""finite"": true, ""r2"": 0.027316309337054534, ""rmse"": 0.8238463931218037}",1171.1,1454.0,ok,LIKE-FOR-LIKE-SPAN,MATCHED
nvidia,algos/gamma/istella/rows=full,istella,X 1000000x220; Xq 100000x220; y 1000000; yq 100000,fit_or_operation,sklearn-cpu,scikit-learn,1.7.2,cpu,AMD EPYC 9554 64-Core Processor,opponent,157726.84128768742,1,"{""finite"": true, ""r2"": 0.18127836401563358, ""rmse"": 0.7558377197541312}",2813.1,,ok,LIKE-FOR-LIKE-SPAN,MATCHED
nvidia,algos/gamma/istella/rows=full,istella,,inference,ours,mojolearn,,gpu,,identical,5.272896029055119,1,{},,,ok,LIKE-FOR-LIKE-SPAN,MATCHED
nvidia,algos/gamma/istella/rows=full,istella,,inference,sklearn-cpu,scikit-learn,,cpu,,opponent,33.249786123633385,1,{},,,ok,LIKE-FOR-LIKE-SPAN,MATCHED
nvidia,algos/gamma/taxi/rows=full,taxi,X 1000000x11; Xq 100000x11; y 1000000; yq 100000,fit_or_operation,ours,mojolearn,0.8.25,gpu,NVIDIA L40S,identical,860.8231991529465,1,"{""finite"": true, ""r2"": -232.44971872768548, ""rmse"": 243.35118670266417}",296.9,686.0,ok,LIKE-FOR-LIKE-SPAN,MATCHED
nvidia,algos/gamma/taxi/rows=full,taxi,X 1000000x11; Xq 100000x11; y 1000000; yq 100000,fit_or_operation,sklearn-cpu,scikit-learn,1.7.2,cpu,AMD EPYC 9554 64-Core Processor,opponent,1738.8375271111727,1,"{""finite"": true, ""r2"": -232.95924714676798, ""rmse"": 243.61661165626126}",332.4,,ok,LIKE-FOR-LIKE-SPAN,MATCHED
nvidia,algos/gamma/taxi/rows=full,taxi,,inference,ours,mojolearn,,gpu,,identical,0.47091394662857056,1,{},,,ok,LIKE-FOR-LIKE-SPAN,MATCHED
nvidia,algos/gamma/taxi/rows=full,taxi,,inference,sklearn-cpu,scikit-learn,,cpu,,opponent,4.190307110548019,1,{},,,ok,LIKE-FOR-LIKE-SPAN,MATCHED
nvidia,algos/huber/istella/rows=full,istella,X 1000000x220; Xq 100000x220; y 1000000; yq 100000,fit_or_operation,ours,mojolearn,0.8.25,gpu,NVIDIA L40S,identical,35731.95329122245,1,"{""finite"": true, ""r2"": -0.009165590139036173, ""rmse"": 0.8391539526909465}",1228.8,1454.0,ok,LIKE-FOR-LIKE-SPAN,MATCHED
nvidia,algos/huber/istella/rows=full,istella,X 1000000x220; Xq 100000x220; y 1000000; yq 100000,fit_or_operation,sklearn-cpu,scikit-learn,1.7.2,cpu,AMD EPYC 9554 64-Core Processor,opponent,89054.91784028709,1,"{""finite"": true, ""r2"": -0.010175548663567513, ""rmse"": 0.8395737543360292}",3704.6,,ok,LIKE-FOR-LIKE-SPAN,MATCHED
nvidia,algos/huber/istella/rows=full,istella,,inference,ours,mojolearn,,gpu,,identical,5.210135132074356,1,{},,,ok,LIKE-FOR-LIKE-SPAN,MATCHED
nvidia,algos/huber/istella/rows=full,istella,,inference,sklearn-cpu,scikit-learn,,cpu,,opponent,41.64604935795069,1,{},,,ok,LIKE-FOR-LIKE-SPAN,MATCHED
nvidia,algos/huber/taxi/rows=full,taxi,X 1000000x11; Xq 100000x11; y 1000000; yq 100000,fit_or_operation,ours,mojolearn,0.8.25,gpu,NVIDIA L40S,identical,8069.597351364791,1,"{""finite"": true, ""r2"": 0.9002149553106352, ""rmse"": 5.031176103923879}",350.6,686.0,ok,LIKE-FOR-LIKE-SPAN,MATCHED
nvidia,algos/huber/taxi/rows=full,taxi,X 1000000x11; Xq 100000x11; y 1000000; yq 100000,fit_or_operation,sklearn-cpu,scikit-learn,1.7.2,cpu,AMD EPYC 9554 64-Core Processor,opponent,4318.559512495995,1,"{""finite"": true, ""r2"": 0.9002154555781746, ""rmse"": 5.031163492127933}",459.1,,ok,LIKE-FOR-LIKE-SPAN,MATCHED
nvidia,algos/huber/taxi/rows=full,taxi,,inference,ours,mojolearn,,gpu,,identical,1.4149118214845657,1,{},,,ok,LIKE-FOR-LIKE-SPAN,MATCHED
nvidia,algos/huber/taxi/rows=full,taxi,,inference,sklearn-cpu,scikit-learn,,cpu,,opponent,20.334836095571518,1,{},,,ok,LIKE-FOR-LIKE-SPAN,MATCHED
nvidia,algos/lars/istella/rows=full,istella,X 1000000x220; Xq 100000x220; y 1000000; yq 100000,fit_or_operation,ours,mojolearn,0.8.25,gpu,NVIDIA L40S,identical,15435.870565474033,1,"{""finite"": true, ""r2"": -1.3603499861402364, ""rmse"": 1.283360385763727}",1128.7,1454.0,ok,LIKE-FOR-LIKE-SPAN,MATCHED
nvidia,algos/lars/istella/rows=full,istella,X 1000000x220; Xq 100000x220; y 1000000; yq 100000,fit_or_operation,sklearn-cpu,scikit-learn,1.7.2,cpu,AMD EPYC 9554 64-Core Processor,opponent,922.6271817460656,1,"{""finite"": true, ""r2"": -42445420561779.24, ""rmse"": 5442216.91974666}",1975.3,,ok,LIKE-FOR-LIKE-SPAN,MATCHED
nvidia,algos/lars/istella/rows=full,istella,X 1000000x220; Xq 100000x220; y 1000000; yq 100000,fit_or_operation,cuml-gpu,cuml,26.08.00,gpu,NVIDIA L40S,opponent,64.24584425985813,1,"{""finite"": true, ""r2"": 0.32808810340853933, ""rmse"": 0.6847256437241399}",2966.9,1374.0,ok,LIKE-FOR-LIKE-SPAN,MATCHED
nvidia,algos/lars/istella/rows=full,istella,,inference,ours,mojolearn,,gpu,,identical,5.471357144415379,1,{},,,ok,LIKE-FOR-LIKE-SPAN,MATCHED
nvidia,algos/lars/istella/rows=full,istella,,inference,sklearn-cpu,scikit-learn,,cpu,,opponent,4.933031275868416,1,{},,,ok,LIKE-FOR-LIKE-SPAN,MATCHED
nvidia,algos/lars/istella/rows=full,istella,,inference,cuml-gpu,cuml,,gpu,,opponent,11.537809856235981,1,{},,,ok,LIKE-FOR-LIKE-SPAN,MATCHED
nvidia,algos/lars/taxi/rows=full,taxi,X 1000000x11; Xq 100000x11; y 1000000; yq 100000,fit_or_operation,ours,mojolearn,0.8.25,gpu,NVIDIA L40S,identical,155.46011365950108,1,"{""finite"": true, ""r2"": 0.9089808084420682, ""rmse"": 4.805109376781181}",251.5,686.0,ok,LIKE-FOR-LIKE-SPAN,MATCHED
nvidia,algos/lars/taxi/rows=full,taxi,X 1000000x11; Xq 100000x11; y 1000000; yq 100000,fit_or_operation,sklearn-cpu,scikit-learn,1.7.2,cpu,AMD EPYC 9554 64-Core Processor,opponent,50.751698203384876,1,"{""finite"": true, ""r2"": 0.9089828753722109, ""rmse"": 4.805054817508431}",292.2,,ok,LIKE-FOR-LIKE-SPAN,MATCHED
nvidia,algos/lars/taxi/rows=full,taxi,X 1000000x11; Xq 100000x11; y 1000000; yq 100000,fit_or_operation,cuml-gpu,cuml,26.08.00,gpu,NVIDIA L40S,opponent,5.4623764008283615,1,"{""finite"": true, ""r2"": 0.9089829998845671, ""rmse"": 4.805051530825271}",1043.5,498.0,ok,LIKE-FOR-LIKE-SPAN,MATCHED
nvidia,algos/lars/taxi/rows=full,taxi,,inference,ours,mojolearn,,gpu,,identical,0.4945741966366768,1,{},,,ok,LIKE-FOR-LIKE-SPAN,MATCHED
nvidia,algos/lars/taxi/rows=full,taxi,,inference,sklearn-cpu,scikit-learn,,cpu,,opponent,0.5484949797391891,1,{},,,ok,LIKE-FOR-LIKE-SPAN,MATCHED
nvidia,algos/lars/taxi/rows=full,taxi,,inference,cuml-gpu,cuml,,gpu,,opponent,0.6373059004545212,1,{},,,ok,LIKE-FOR-LIKE-SPAN,MATCHED
nvidia,algos/lasso-cv/istella/rows=full,istella,X 1000000x220; Xq 100000x220; y 1000000; yq 100000,fit_or_operation,ours,mojolearn,0.8.25,gpu,NVIDIA L40S,identical,72001.49625446647,1,"{""finite"": true, ""r2"": 0.31032916732439575, ""rmse"": 0.693715434673252}",1234.0,1454.0,ok,LIKE-FOR-LIKE-SPAN,MATCHED
nvidia,algos/lasso-cv/istella/rows=full,istella,X 1000000x220; Xq 100000x220; y 1000000; yq 100000,fit_or_operation,sklearn-cpu,scikit-learn,1.7.2,cpu,AMD EPYC 9554 64-Core Processor,opponent,97412.03555651009,1,"{""finite"": true, ""r2"": 0.32550654654568745, ""rmse"": 0.6860397769944239}",8911.4,,ok,LIKE-FOR-LIKE-SPAN,MATCHED
nvidia,algos/lasso-cv/istella/rows=full,istella,,inference,ours,mojolearn,,gpu,,identical,5.4274266585707664,1,{},,,ok,LIKE-FOR-LIKE-SPAN,MATCHED
nvidia,algos/lasso-cv/istella/rows=full,istella,,inference,sklearn-cpu,scikit-learn,,cpu,,opponent,8.91339685767889,1,{},,,ok,LIKE-FOR-LIKE-SPAN,MATCHED
nvidia,algos/lasso-cv/taxi/rows=full,taxi,X 1000000x11; Xq 100000x11; y 1000000; yq 100000,fit_or_operation,ours,mojolearn,0.8.25,gpu,NVIDIA L40S,identical,2310.0615488365293,1,"{""finite"": true, ""r2"": 0.9090587837878165, ""rmse"": 4.803050688172362}",358.9,686.0,ok,LIKE-FOR-LIKE-SPAN,MATCHED
nvidia,algos/lasso-cv/taxi/rows=full,taxi,X 1000000x11; Xq 100000x11; y 1000000; yq 100000,fit_or_operation,sklearn-cpu,scikit-learn,1.7.2,cpu,AMD EPYC 9554 64-Core Processor,opponent,313.05534299463034,1,"{""finite"": true, ""r2"": 0.9090382418655719, ""rmse"": 4.803593117265181}",610.4,,ok,LIKE-FOR-LIKE-SPAN,MATCHED
nvidia,algos/lasso-cv/taxi/rows=full,taxi,,inference,ours,mojolearn,,gpu,,identical,1.2875404208898544,1,{},,,ok,LIKE-FOR-LIKE-SPAN,MATCHED
nvidia,algos/lasso-cv/taxi/rows=full,taxi,,inference,sklearn-cpu,scikit-learn,,cpu,,opponent,3.733603283762932,1,{},,,ok,LIKE-FOR-LIKE-SPAN,MATCHED
nvidia,algos/lasso-lars/istella/rows=full,istella,X 1000000x220; Xq 100000x220; y 1000000; yq 100000,fit_or_operation,ours,mojolearn,0.8.25,gpu,NVIDIA L40S,identical,14760.239145718515,1,"{""finite"": true, ""r2"": 0.3103295596589488, ""rmse"": 0.6937152373555167}",1128.4,1454.0,ok,LIKE-FOR-LIKE-SPAN,MATCHED
nvidia,algos/lasso-lars/istella/rows=full,istella,X 1000000x220; Xq 100000x220; y 1000000; yq 100000,fit_or_operation,sklearn-cpu,scikit-learn,1.7.2,cpu,AMD EPYC 9554 64-Core Processor,opponent,904.7346338629723,1,"{""finite"": true, ""r2"": 0.3108164693576231, ""rmse"": 0.6934703114486245}",1969.5,,ok,LIKE-FOR-LIKE-SPAN,MATCHED
nvidia,algos/lasso-lars/istella/rows=full,istella,,inference,ours,mojolearn,,gpu,,identical,5.38218580186367,1,{},,,ok,LIKE-FOR-LIKE-SPAN,MATCHED
nvidia,algos/lasso-lars/istella/rows=full,istella,,inference,sklearn-cpu,scikit-learn,,cpu,,opponent,4.661831073462963,1,{},,,ok,LIKE-FOR-LIKE-SPAN,MATCHED
nvidia,algos/lasso-lars/taxi/rows=full,taxi,X 1000000x11; Xq 100000x11; y 1000000; yq 100000,fit_or_operation,ours,mojolearn,0.8.25,gpu,NVIDIA L40S,identical,135.3795975446701,1,"{""finite"": true, ""r2"": 0.908996372728375, ""rmse"": 4.804698522244566}",251.5,686.0,ok,LIKE-FOR-LIKE-SPAN,MATCHED
nvidia,algos/lasso-lars/taxi/rows=full,taxi,X 1000000x11; Xq 100000x11; y 1000000; yq 100000,fit_or_operation,sklearn-cpu,scikit-learn,1.7.2,cpu,AMD EPYC 9554 64-Core Processor,opponent,62.67559062689543,1,"{""finite"": true, ""r2"": 0.908997570941474, ""rmse"": 4.8046668912435315}",296.3,,ok,LIKE-FOR-LIKE-SPAN,MATCHED
nvidia,algos/lasso-lars/taxi/rows=full,taxi,,inference,ours,mojolearn,,gpu,,identical,0.46792253851890564,1,{},,,ok,LIKE-FOR-LIKE-SPAN,MATCHED
nvidia,algos/lasso-lars/taxi/rows=full,taxi,,inference,sklearn-cpu,scikit-learn,,cpu,,opponent,0.44570397585630417,1,{},,,ok,LIKE-FOR-LIKE-SPAN,MATCHED
nvidia,algos/pa-clf/istella/rows=full,istella,X 1000000x220; Xq 100000x220; y 1000000; yq 100000,fit_or_operation,ours,mojolearn,0.8.25,gpu,NVIDIA L40S,identical,135361.29606701434,1,"{""accuracy"": 0.9037}",1184.8,1454.0,ok,LIKE-FOR-LIKE-SPAN,MATCHED
nvidia,algos/pa-clf/istella/rows=full,istella,X 1000000x220; Xq 100000x220; y 1000000; yq 100000,fit_or_operation,sklearn-cpu,scikit-learn,1.7.2,cpu,AMD EPYC 9554 64-Core Processor,opponent,11001.165414229035,1,"{""accuracy"": 0.89048}",1138.3,,ok,LIKE-FOR-LIKE-SPAN,MATCHED
nvidia,algos/pa-clf/istella/rows=full,istella,,inference,ours,mojolearn,,gpu,,identical,16.43979176878929,1,{},,,ok,LIKE-FOR-LIKE-SPAN,MATCHED
nvidia,algos/pa-clf/istella/rows=full,istella,,inference,sklearn-cpu,scikit-learn,,cpu,,opponent,6.106092594563961,1,{},,,ok,LIKE-FOR-LIKE-SPAN,MATCHED
nvidia,algos/pa-clf/taxi/rows=full,taxi,X 1000000x11; Xq 100000x11; y 1000000; yq 100000,fit_or_operation,ours,mojolearn,0.8.25,gpu,NVIDIA L40S,identical,27089.22410570085,1,"{""accuracy"": 0.58383}",310.3,686.0,ok,LIKE-FOR-LIKE-SPAN,MATCHED
nvidia,algos/pa-clf/taxi/rows=full,taxi,X 1000000x11; Xq 100000x11; y 1000000; yq 100000,fit_or_operation,sklearn-cpu,scikit-learn,1.7.2,cpu,AMD EPYC 9554 64-Core Processor,opponent,2681.001572869718,1,"{""accuracy"": 0.74474}",265.7,,ok,LIKE-FOR-LIKE-SPAN,MATCHED
nvidia,algos/pa-clf/taxi/rows=full,taxi,,inference,ours,mojolearn,,gpu,,identical,13.366855680942535,1,{},,,ok,LIKE-FOR-LIKE-SPAN,MATCHED
nvidia,algos/pa-clf/taxi/rows=full,taxi,,inference,sklearn-cpu,scikit-learn,,cpu,,opponent,1.8213549628853798,1,{},,,ok,LIKE-FOR-LIKE-SPAN,MATCHED
nvidia,algos/pa-reg/istella/rows=full,istella,X 1000000x220; Xq 100000x220; y 1000000; yq 100000,fit_or_operation,ours,mojolearn,0.8.25,gpu,NVIDIA L40S,identical,135614.63214363903,1,"{""finite"": true, ""r2"": -0.2823116746977079, ""rmse"": 0.9459261373099601}",1128.5,1454.0,ok,LIKE-FOR-LIKE-SPAN,MATCHED
nvidia,algos/pa-reg/istella/rows=full,istella,X 1000000x220; Xq 100000x220; y 1000000; yq 100000,fit_or_operation,sklearn-cpu,scikit-learn,1.7.2,cpu,AMD EPYC 9554 64-Core Processor,opponent,13649.85975716263,1,"{""finite"": true, ""r2"": -0.12815502201423445, ""rmse"": 0.8872475692063727}",1133.9,,ok,LIKE-FOR-LIKE-SPAN,MATCHED
nvidia,algos/pa-reg/istella/rows=full,istella,,inference,ours,mojolearn,,gpu,,identical,5.371527746319771,1,{},,,ok,LIKE-FOR-LIKE-SPAN,MATCHED
nvidia,algos/pa-reg/istella/rows=full,istella,,inference,sklearn-cpu,scikit-learn,,cpu,,opponent,5.764489993453026,1,{},,,ok,LIKE-FOR-LIKE-SPAN,MATCHED
nvidia,algos/pa-reg/taxi/rows=full,taxi,X 1000000x11; Xq 100000x11; y 1000000; yq 100000,fit_or_operation,ours,mojolearn,0.8.25,gpu,NVIDIA L40S,identical,26018.774712458253,1,"{""finite"": true, ""r2"": 0.8539199322727802, ""rmse"": 6.087406051423754}",251.2,686.0,ok,LIKE-FOR-LIKE-SPAN,MATCHED
nvidia,algos/pa-reg/taxi/rows=full,taxi,X 1000000x11; Xq 100000x11; y 1000000; yq 100000,fit_or_operation,sklearn-cpu,scikit-learn,1.7.2,cpu,AMD EPYC 9554 64-Core Processor,opponent,2979.4540787115693,1,"{""finite"": true, ""r2"": 0.7951069779624125, ""rmse"": 7.209420795866035}",258.6,,ok,LIKE-FOR-LIKE-SPAN,MATCHED
nvidia,algos/pa-reg/taxi/rows=full,taxi,,inference,ours,mojolearn,,gpu,,identical,1.6273539513349533,1,{},,,ok,LIKE-FOR-LIKE-SPAN,MATCHED
nvidia,algos/pa-reg/taxi/rows=full,taxi,,inference,sklearn-cpu,scikit-learn,,cpu,,opponent,2.1947985514998436,1,{},,,ok,LIKE-FOR-LIKE-SPAN,MATCHED
nvidia,algos/perceptron/istella/rows=full,istella,X 1000000x220; Xq 100000x220; y 1000000; yq 100000,fit_or_operation,ours,mojolearn,0.8.25,gpu,NVIDIA L40S,identical,121296.91384080797,1,"{""accuracy"": 0.88248}",1184.5,1454.0,ok,LIKE-FOR-LIKE-SPAN,MATCHED
nvidia,algos/perceptron/istella/rows=full,istella,X 1000000x220; Xq 100000x220; y 1000000; yq 100000,fit_or_operation,sklearn-cpu,scikit-learn,1.7.2,cpu,AMD EPYC 9554 64-Core Processor,opponent,7226.238534785807,1,"{""accuracy"": 0.89613}",1139.5,,ok,LIKE-FOR-LIKE-SPAN,MATCHED
nvidia,algos/perceptron/istella/rows=full,istella,,inference,ours,mojolearn,,gpu,,identical,16.59222412854433,1,{},,,ok,LIKE-FOR-LIKE-SPAN,MATCHED
nvidia,algos/perceptron/istella/rows=full,istella,,inference,sklearn-cpu,scikit-learn,,cpu,,opponent,6.85849878937006,1,{},,,ok,LIKE-FOR-LIKE-SPAN,MATCHED
nvidia,algos/perceptron/taxi/rows=full,taxi,X 1000000x11; Xq 100000x11; y 1000000; yq 100000,fit_or_operation,ours,mojolearn,0.8.25,gpu,NVIDIA L40S,identical,25201.958587393165,1,"{""accuracy"": 0.46538}",307.1,686.0,ok,LIKE-FOR-LIKE-SPAN,MATCHED
nvidia,algos/perceptron/taxi/rows=full,taxi,X 1000000x11; Xq 100000x11; y 1000000; yq 100000,fit_or_operation,sklearn-cpu,scikit-learn,1.7.2,cpu,AMD EPYC 9554 64-Core Processor,opponent,1887.736157514155,1,"{""accuracy"": 0.75052}",261.1,,ok,LIKE-FOR-LIKE-SPAN,MATCHED
nvidia,algos/perceptron/taxi/rows=full,taxi,,inference,ours,mojolearn,,gpu,,identical,14.48618434369564,1,{},,,ok,LIKE-FOR-LIKE-SPAN,MATCHED
nvidia,algos/perceptron/taxi/rows=full,taxi,,inference,sklearn-cpu,scikit-learn,,cpu,,opponent,0.880868174135685,1,{},,,ok,LIKE-FOR-LIKE-SPAN,MATCHED
nvidia,algos/poisson/istella/rows=full,istella,X 1000000x220; Xq 100000x220; y 1000000; yq 100000,fit_or_operation,ours,mojolearn,0.8.25,gpu,NVIDIA L40S,identical,896842.9890759289,1,"{""finite"": true, ""r2"": 0.34082680064916726, ""rmse"": 0.6782037681709163}",1172.1,1454.0,ok,LIKE-FOR-LIKE-SPAN,MATCHED
nvidia,algos/poisson/istella/rows=full,istella,X 1000000x220; Xq 100000x220; y 1000000; yq 100000,fit_or_operation,sklearn-cpu,scikit-learn,1.7.2,cpu,AMD EPYC 9554 64-Core Processor,opponent,161169.08880416304,1,"{""finite"": true, ""r2"": 0.25507507854690425, ""rmse"": 0.7209691463076046}",2789.6,,ok,LIKE-FOR-LIKE-SPAN,MATCHED
nvidia,algos/poisson/istella/rows=full,istella,,inference,ours,mojolearn,,gpu,,identical,5.390615202486515,1,{},,,ok,LIKE-FOR-LIKE-SPAN,MATCHED
nvidia,algos/poisson/istella/rows=full,istella,,inference,sklearn-cpu,scikit-learn,,cpu,,opponent,33.11328496783972,1,{},,,ok,LIKE-FOR-LIKE-SPAN,MATCHED
nvidia,algos/poisson/taxi/rows=full,taxi,X 1000000x11; Xq 100000x11; y 1000000; yq 100000,fit_or_operation,ours,mojolearn,0.8.25,gpu,NVIDIA L40S,identical,47566.61505252123,1,"{""finite"": true, ""r2"": 0.035965304476761495, ""rmse"": 15.638068930927794}",288.8,686.0,ok,LIKE-FOR-LIKE-SPAN,MATCHED
nvidia,algos/poisson/taxi/rows=full,taxi,X 1000000x11; Xq 100000x11; y 1000000; yq 100000,fit_or_operation,sklearn-cpu,scikit-learn,1.7.2,cpu,AMD EPYC 9554 64-Core Processor,opponent,2143.7811627984047,1,"{""finite"": true, ""r2"": 0.03620474634716653, ""rmse"": 15.636126759642499}",349.6,,ok,LIKE-FOR-LIKE-SPAN,MATCHED
nvidia,algos/poisson/taxi/rows=full,taxi,,inference,ours,mojolearn,,gpu,,identical,1.3447720557451248,1,{},,,ok,LIKE-FOR-LIKE-SPAN,MATCHED
nvidia,algos/poisson/taxi/rows=full,taxi,,inference,sklearn-cpu,scikit-learn,,cpu,,opponent,3.4411801025271416,1,{},,,ok,LIKE-FOR-LIKE-SPAN,MATCHED
nvidia,algos/quantile/istella/rows=full,istella,X 100000x220; Xq 100000x220; y 100000; yq 100000,fit_or_operation,ours,mojolearn,0.8.25,gpu,NVIDIA L40S,identical,153754.77655604482,1,"{""finite"": false, ""r2"": NaN, ""rmse"": NaN}",1213.6,686.0,ok,LIKE-FOR-LIKE-SPAN,MATCHED
nvidia,algos/quantile/istella/rows=full,istella,X 100000x220; Xq 100000x220; y 100000; yq 100000,fit_or_operation,sklearn-cpu,scikit-learn,1.7.2,cpu,AMD EPYC 9554 64-Core Processor,opponent,1404477.0743902773,1,"{""finite"": true, ""r2"": -0.04477950087778848, ""rmse"": 0.8538326327402931}",7995.7,,ok,LIKE-FOR-LIKE-SPAN,MATCHED
nvidia,algos/quantile/istella/rows=full,istella,,inference,ours,mojolearn,,gpu,,identical,5.147204734385014,1,{},,,ok,LIKE-FOR-LIKE-SPAN,MATCHED
nvidia,algos/quantile/istella/rows=full,istella,,inference,sklearn-cpu,scikit-learn,,cpu,,opponent,21.74320723861456,1,{},,,ok,LIKE-FOR-LIKE-SPAN,MATCHED
nvidia,algos/quantile/taxi/rows=full,taxi,X 100000x11; Xq 100000x11; y 100000; yq 100000,fit_or_operation,ours,mojolearn,0.8.25,gpu,NVIDIA L40S,identical,35571.74885086715,1,"{""finite"": true, ""r2"": 0.9000388026659563, ""rmse"": 5.03561496644588}",256.3,686.0,ok,LIKE-FOR-LIKE-SPAN,MATCHED
nvidia,algos/quantile/taxi/rows=full,taxi,X 100000x11; Xq 100000x11; y 100000; yq 100000,fit_or_operation,sklearn-cpu,scikit-learn,1.7.2,cpu,AMD EPYC 9554 64-Core Processor,opponent,386298.650002107,1,"{""finite"": true, ""r2"": 0.8996775445525863, ""rmse"": 5.044706074663764}",926.3,,ok,LIKE-FOR-LIKE-SPAN,MATCHED
nvidia,algos/quantile/taxi/rows=full,taxi,,inference,ours,mojolearn,,gpu,,identical,1.5966733917593956,1,{},,,ok,LIKE-FOR-LIKE-SPAN,MATCHED
nvidia,algos/quantile/taxi/rows=full,taxi,,inference,sklearn-cpu,scikit-learn,,cpu,,opponent,4.277006722986698,1,{},,,ok,LIKE-FOR-LIKE-SPAN,MATCHED
nvidia,algos/ridge-clf/istella/rows=full,istella,X 1000000x220; Xq 100000x220; y 1000000; yq 100000,fit_or_operation,ours,mojolearn,0.8.25,gpu,NVIDIA L40S,identical,14854.46629859507,1,"{""accuracy"": 0.89433}",1190.0,1454.0,ok,LIKE-FOR-LIKE-SPAN,MATCHED
nvidia,algos/ridge-clf/istella/rows=full,istella,X 1000000x220; Xq 100000x220; y 1000000; yq 100000,fit_or_operation,sklearn-cpu,scikit-learn,1.7.2,cpu,AMD EPYC 9554 64-Core Processor,opponent,11222.302692942321,1,"{""accuracy"": 0.91054}",9513.3,,ok,LIKE-FOR-LIKE-SPAN,MATCHED
nvidia,algos/ridge-clf/istella/rows=full,istella,,inference,ours,mojolearn,,gpu,,identical,18.01895536482334,1,{},,,ok,LIKE-FOR-LIKE-SPAN,MATCHED
nvidia,algos/ridge-clf/istella/rows=full,istella,,inference,sklearn-cpu,scikit-learn,,cpu,,opponent,6.673007272183895,1,{},,,ok,LIKE-FOR-LIKE-SPAN,MATCHED
nvidia,algos/ridge-clf/taxi/rows=full,taxi,X 1000000x11; Xq 100000x11; y 1000000; yq 100000,fit_or_operation,ours,mojolearn,0.8.25,gpu,NVIDIA L40S,identical,361.03735864162445,1,"{""accuracy"": 0.76357}",311.3,686.0,ok,LIKE-FOR-LIKE-SPAN,MATCHED
nvidia,algos/ridge-clf/taxi/rows=full,taxi,X 1000000x11; Xq 100000x11; y 1000000; yq 100000,fit_or_operation,sklearn-cpu,scikit-learn,1.7.2,cpu,AMD EPYC 9554 64-Core Processor,opponent,128.95861361175776,1,"{""accuracy"": 0.76357}",388.3,,ok,LIKE-FOR-LIKE-SPAN,MATCHED
nvidia,algos/ridge-clf/taxi/rows=full,taxi,,inference,ours,mojolearn,,gpu,,identical,12.956141494214535,1,{},,,ok,LIKE-FOR-LIKE-SPAN,MATCHED
nvidia,algos/ridge-clf/taxi/rows=full,taxi,,inference,sklearn-cpu,scikit-learn,,cpu,,opponent,0.7298663258552551,1,{},,,ok,LIKE-FOR-LIKE-SPAN,MATCHED
nvidia,algos/ridge-cv/istella/rows=full,istella,X 1000000x220; Xq 100000x220; y 1000000; yq 100000,fit_or_operation,ours,mojolearn,0.8.25,gpu,NVIDIA L40S,identical,,0,{},,,"REFUSED(error: {""error"": ""ValueError('mojolearn RidgeCV: only cv=None, scoring=None, alpha_per_target=False are implemented')"", ""event"": ""error"", ""stage"": ""round 0""})",LIKE-FOR-LIKE-SPAN,MATCHED
nvidia,algos/ridge-cv/istella/rows=full,istella,X 1000000x220; Xq 100000x220; y 1000000; yq 100000,fit_or_operation,sklearn-cpu,scikit-learn,1.7.2,cpu,AMD EPYC 9554 64-Core Processor,opponent,188507.16174114496,1,"{""finite"": true, ""r2"": 0.3286826507806767, ""rmse"": 0.6844226338124346}",8535.6,,ok,LIKE-FOR-LIKE-SPAN,MATCHED
nvidia,algos/ridge-cv/istella/rows=full,istella,,inference,ours,mojolearn,,gpu,,identical,,0,{},,,"REFUSED(error: {""error"": ""ValueError('mojolearn RidgeCV: only cv=None, scoring=None, alpha_per_target=False are implemented')"", ""event"": ""error"", ""stage"": ""round 0""})",LIKE-FOR-LIKE-SPAN,MATCHED
nvidia,algos/ridge-cv/istella/rows=full,istella,,inference,sklearn-cpu,scikit-learn,,cpu,,opponent,6.005711853504181,1,{},,,ok,LIKE-FOR-LIKE-SPAN,MATCHED
nvidia,algos/ridge-cv/taxi/rows=full,taxi,X 1000000x11; Xq 100000x11; y 1000000; yq 100000,fit_or_operation,ours,mojolearn,0.8.25,gpu,NVIDIA L40S,identical,,0,{},,,"REFUSED(error: {""error"": ""ValueError('mojolearn RidgeCV: only cv=None, scoring=None, alpha_per_target=False are implemented')"", ""event"": ""error"", ""stage"": ""round 0""})",LIKE-FOR-LIKE-SPAN,MATCHED
nvidia,algos/ridge-cv/taxi/rows=full,taxi,X 1000000x11; Xq 100000x11; y 1000000; yq 100000,fit_or_operation,sklearn-cpu,scikit-learn,1.7.2,cpu,AMD EPYC 9554 64-Core Processor,opponent,2252.809064462781,1,"{""finite"": true, ""r2"": 0.9089828708883647, ""rmse"": 4.805054935865974}",378.4,,ok,LIKE-FOR-LIKE-SPAN,MATCHED
nvidia,algos/ridge-cv/taxi/rows=full,taxi,,inference,ours,mojolearn,,gpu,,identical,,0,{},,,"REFUSED(error: {""error"": ""ValueError('mojolearn RidgeCV: only cv=None, scoring=None, alpha_per_target=False are implemented')"", ""event"": ""error"", ""stage"": ""round 0""})",LIKE-FOR-LIKE-SPAN,MATCHED
nvidia,algos/ridge-cv/taxi/rows=full,taxi,,inference,sklearn-cpu,scikit-learn,,cpu,,opponent,0.43777283281087875,1,{},,,ok,LIKE-FOR-LIKE-SPAN,MATCHED
nvidia,algos/sgd-clf/istella/rows=full,istella,X 1000000x220; Xq 100000x220; y 1000000; yq 100000,fit_or_operation,ours,mojolearn,0.8.25,gpu,NVIDIA L40S,identical,614779.9123711884,1,"{""accuracy"": 0.90115}",1186.9,1454.0,ok,LIKE-FOR-LIKE-SPAN,MATCHED
nvidia,algos/sgd-clf/istella/rows=full,istella,X 1000000x220; Xq 100000x220; y 1000000; yq 100000,fit_or_operation,sklearn-cpu,scikit-learn,1.7.2,cpu,AMD EPYC 9554 64-Core Processor,opponent,36456.80688787252,1,"{""accuracy"": 0.9102}",1138.6,,ok,LIKE-FOR-LIKE-SPAN,MATCHED
nvidia,algos/sgd-clf/istella/rows=full,istella,X 1000000x220; Xq 100000x220; y 1000000; yq 100000,fit_or_operation,cuml-gpu,cuml,26.08.00,gpu,NVIDIA L40S,opponent,4933.879032731056,1,"{""accuracy"": 0.80935}",3014.7,1374.0,ok,LIKE-FOR-LIKE-SPAN,MATCHED
nvidia,algos/sgd-clf/istella/rows=full,istella,,inference,ours,mojolearn,,gpu,,identical,18.37516762316227,1,{},,,ok,LIKE-FOR-LIKE-SPAN,MATCHED
nvidia,algos/sgd-clf/istella/rows=full,istella,,inference,sklearn-cpu,scikit-learn,,cpu,,opponent,6.71685766428709,1,{},,,ok,LIKE-FOR-LIKE-SPAN,MATCHED
nvidia,algos/sgd-clf/istella/rows=full,istella,,inference,cuml-gpu,cuml,,gpu,,opponent,2.7723340317606926,1,{},,,ok,LIKE-FOR-LIKE-SPAN,MATCHED
nvidia,algos/sgd-clf/taxi/rows=full,taxi,X 1000000x11; Xq 100000x11; y 1000000; yq 100000,fit_or_operation,ours,mojolearn,0.8.25,gpu,NVIDIA L40S,identical,127982.13514406234,1,"{""accuracy"": 0.76641}",308.6,686.0,ok,LIKE-FOR-LIKE-SPAN,MATCHED
nvidia,algos/sgd-clf/taxi/rows=full,taxi,X 1000000x11; Xq 100000x11; y 1000000; yq 100000,fit_or_operation,sklearn-cpu,scikit-learn,1.7.2,cpu,AMD EPYC 9554 64-Core Processor,opponent,14132.780472747982,1,"{""accuracy"": 0.75252}",263.2,,ok,LIKE-FOR-LIKE-SPAN,MATCHED
nvidia,algos/sgd-clf/taxi/rows=full,taxi,X 1000000x11; Xq 100000x11; y 1000000; yq 100000,fit_or_operation,cuml-gpu,cuml,26.08.00,gpu,NVIDIA L40S,opponent,1642.7851635962725,1,"{""accuracy"": 0.70312}",1087.7,498.0,ok,LIKE-FOR-LIKE-SPAN,MATCHED
nvidia,algos/sgd-clf/taxi/rows=full,taxi,,inference,ours,mojolearn,,gpu,,identical,12.698860839009285,1,{},,,ok,LIKE-FOR-LIKE-SPAN,MATCHED
nvidia,algos/sgd-clf/taxi/rows=full,taxi,,inference,sklearn-cpu,scikit-learn,,cpu,,opponent,2.589401789009571,1,{},,,ok,LIKE-FOR-LIKE-SPAN,MATCHED
nvidia,algos/sgd-clf/taxi/rows=full,taxi,,inference,cuml-gpu,cuml,,gpu,,opponent,0.7854662835597992,1,{},,,ok,LIKE-FOR-LIKE-SPAN,MATCHED
nvidia,algos/sgd-ocsvm/istella/rows=full,istella,X 1000000x220; Xq 100000x220; y 1000000; yq 100000,fit_or_operation,ours,mojolearn,0.8.25,gpu,NVIDIA L40S,identical,124050.76428223401,1,"{""fraction_flagged"": 0.0, ""jaccard_vs_sklearn"": 0.0}",1135.2,1454.0,ok,LIKE-FOR-LIKE-SPAN,MATCHED
nvidia,algos/sgd-ocsvm/istella/rows=full,istella,X 1000000x220; Xq 100000x220; y 1000000; yq 100000,fit_or_operation,sklearn-cpu,scikit-learn,1.7.2,cpu,AMD EPYC 9554 64-Core Processor,opponent,7197.022912092507,1,"{""fraction_flagged"": 0.09334, ""jaccard_vs_sklearn"": 1.0}",1141.9,,ok,LIKE-FOR-LIKE-SPAN,MATCHED
nvidia,algos/sgd-ocsvm/istella/rows=full,istella,,inference,ours,mojolearn,,gpu,,identical,13.02363257855177,1,{},,,ok,LIKE-FOR-LIKE-SPAN,MATCHED
nvidia,algos/sgd-ocsvm/istella/rows=full,istella,,inference,sklearn-cpu,scikit-learn,,cpu,,opponent,5.3609563037753105,1,{},,,ok,LIKE-FOR-LIKE-SPAN,MATCHED
nvidia,algos/sgd-ocsvm/taxi/rows=full,taxi,X 1000000x11; Xq 100000x11; y 1000000; yq 100000,fit_or_operation,ours,mojolearn,0.8.25,gpu,NVIDIA L40S,identical,26835.2392623201,1,"{""fraction_flagged"": 0.0, ""jaccard_vs_sklearn"": 0.0}",258.4,686.0,ok,LIKE-FOR-LIKE-SPAN,MATCHED
nvidia,algos/sgd-ocsvm/taxi/rows=full,taxi,X 1000000x11; Xq 100000x11; y 1000000; yq 100000,fit_or_operation,sklearn-cpu,scikit-learn,1.7.2,cpu,AMD EPYC 9554 64-Core Processor,opponent,2009.5751443877816,1,"{""fraction_flagged"": 0.00702, ""jaccard_vs_sklearn"": 1.0}",264.6,,ok,LIKE-FOR-LIKE-SPAN,MATCHED
nvidia,algos/sgd-ocsvm/taxi/rows=full,taxi,,inference,ours,mojolearn,,gpu,,identical,9.381910786032677,1,{},,,ok,LIKE-FOR-LIKE-SPAN,MATCHED
nvidia,algos/sgd-ocsvm/taxi/rows=full,taxi,,inference,sklearn-cpu,scikit-learn,,cpu,,opponent,0.8791172876954079,1,{},,,ok,LIKE-FOR-LIKE-SPAN,MATCHED
nvidia,algos/sgd-reg/istella/rows=full,istella,X 1000000x220; Xq 100000x220; y 1000000; yq 100000,fit_or_operation,ours,mojolearn,0.8.25,gpu,NVIDIA L40S,identical,629928.8901295513,1,"{""finite"": true, ""r2"": -3.458740687810243e+24, ""rmse"": 1553529230350.6074}",1128.3,1454.0,ok,LIKE-FOR-LIKE-SPAN,MATCHED
nvidia,algos/sgd-reg/istella/rows=full,istella,X 1000000x220; Xq 100000x220; y 1000000; yq 100000,fit_or_operation,sklearn-cpu,scikit-learn,1.7.2,cpu,AMD EPYC 9554 64-Core Processor,opponent,55283.221462741494,1,"{""finite"": true, ""r2"": -2.1965470972638297e+24, ""rmse"": 1238028628359.7288}",1133.1,,ok,LIKE-FOR-LIKE-SPAN,MATCHED
nvidia,algos/sgd-reg/istella/rows=full,istella,X 1000000x220; Xq 100000x220; y 1000000; yq 100000,fit_or_operation,cuml-gpu,cuml,26.08.00,gpu,NVIDIA L40S,opponent,4959.841012023389,1,"{""finite"": true, ""r2"": 0.3277676920222754, ""rmse"": 0.6848888851734553}",2924.6,1374.0,ok,LIKE-FOR-LIKE-SPAN,MATCHED
nvidia,algos/sgd-reg/istella/rows=full,istella,,inference,ours,mojolearn,,gpu,,identical,5.963711068034172,1,{},,,ok,LIKE-FOR-LIKE-SPAN,MATCHED
nvidia,algos/sgd-reg/istella/rows=full,istella,,inference,sklearn-cpu,scikit-learn,,cpu,,opponent,7.492014206945896,1,{},,,ok,LIKE-FOR-LIKE-SPAN,MATCHED
nvidia,algos/sgd-reg/istella/rows=full,istella,,inference,cuml-gpu,cuml,,gpu,,opponent,2.4099312722682953,1,{},,,ok,LIKE-FOR-LIKE-SPAN,MATCHED
nvidia,algos/sgd-reg/taxi/rows=full,taxi,X 1000000x11; Xq 100000x11; y 1000000; yq 100000,fit_or_operation,ours,mojolearn,0.8.25,gpu,NVIDIA L40S,identical,127806.1852985993,1,"{""finite"": true, ""r2"": 0.8681272994864244, ""rmse"": 5.783812970272936}",252.0,686.0,ok,LIKE-FOR-LIKE-SPAN,MATCHED
nvidia,algos/sgd-reg/taxi/rows=full,taxi,X 1000000x11; Xq 100000x11; y 1000000; yq 100000,fit_or_operation,sklearn-cpu,scikit-learn,1.7.2,cpu,AMD EPYC 9554 64-Core Processor,opponent,13336.409111507237,1,"{""finite"": true, ""r2"": 0.880680749347573, ""rmse"": 5.501638487867195}",259.8,,ok,LIKE-FOR-LIKE-SPAN,MATCHED
nvidia,algos/sgd-reg/taxi/rows=full,taxi,X 1000000x11; Xq 100000x11; y 1000000; yq 100000,fit_or_operation,cuml-gpu,cuml,26.08.00,gpu,NVIDIA L40S,opponent,1678.8156041875482,1,"{""finite"": true, ""r2"": 0.9089785907125202, ""rmse"": 4.805167915908767}",968.0,498.0,ok,LIKE-FOR-LIKE-SPAN,MATCHED
nvidia,algos/sgd-reg/taxi/rows=full,taxi,,inference,ours,mojolearn,,gpu,,identical,1.6232943162322044,1,{},,,ok,LIKE-FOR-LIKE-SPAN,MATCHED
nvidia,algos/sgd-reg/taxi/rows=full,taxi,,inference,sklearn-cpu,scikit-learn,,cpu,,opponent,2.798243425786495,1,{},,,ok,LIKE-FOR-LIKE-SPAN,MATCHED
nvidia,algos/sgd-reg/taxi/rows=full,taxi,,inference,cuml-gpu,cuml,,gpu,,opponent,0.5538351833820343,1,{},,,ok,LIKE-FOR-LIKE-SPAN,MATCHED
nvidia,algos/tweedie/istella/rows=full,istella,X 1000000x220; Xq 100000x220; y 1000000; yq 100000,fit_or_operation,ours,mojolearn,0.8.25,gpu,NVIDIA L40S,identical,891396.4364882559,1,"{""finite"": true, ""r2"": -0.0894142450581179, ""rmse"": 0.8718804758637068}",1166.7,1454.0,ok,LIKE-FOR-LIKE-SPAN,MATCHED
nvidia,algos/tweedie/istella/rows=full,istella,X 1000000x220; Xq 100000x220; y 1000000; yq 100000,fit_or_operation,sklearn-cpu,scikit-learn,1.7.2,cpu,AMD EPYC 9554 64-Core Processor,opponent,160871.1848789826,1,"{""finite"": true, ""r2"": -21.706369447666372, ""rmse"": 3.980469289844959}",2783.6,,ok,LIKE-FOR-LIKE-SPAN,MATCHED
nvidia,algos/tweedie/istella/rows=full,istella,,inference,ours,mojolearn,,gpu,,identical,5.146734416484833,1,{},,,ok,LIKE-FOR-LIKE-SPAN,MATCHED
nvidia,algos/tweedie/istella/rows=full,istella,,inference,sklearn-cpu,scikit-learn,,cpu,,opponent,29.64470535516739,1,{},,,ok,LIKE-FOR-LIKE-SPAN,MATCHED
nvidia,algos/tweedie/taxi/rows=full,taxi,X 1000000x11; Xq 100000x11; y 1000000; yq 100000,fit_or_operation,ours,mojolearn,0.8.25,gpu,NVIDIA L40S,identical,630.6081302464008,1,"{""finite"": true, ""r2"": -10.070851417670527, ""rmse"": 52.994073284316954}",293.3,686.0,ok,LIKE-FOR-LIKE-SPAN,MATCHED
nvidia,algos/tweedie/taxi/rows=full,taxi,X 1000000x11; Xq 100000x11; y 1000000; yq 100000,fit_or_operation,sklearn-cpu,scikit-learn,1.7.2,cpu,AMD EPYC 9554 64-Core Processor,opponent,1608.0913348123431,1,"{""finite"": true, ""r2"": -10.073629273171369, ""rmse"": 53.00072140193932}",355.8,,ok,LIKE-FOR-LIKE-SPAN,MATCHED
nvidia,algos/tweedie/taxi/rows=full,taxi,,inference,ours,mojolearn,,gpu,,identical,0.4828134551644325,1,{},,,ok,LIKE-FOR-LIKE-SPAN,MATCHED
nvidia,algos/tweedie/taxi/rows=full,taxi,,inference,sklearn-cpu,scikit-learn,,cpu,,opponent,3.327499143779278,1,{},,,ok,LIKE-FOR-LIKE-SPAN,MATCHED
nvidia,classical/dbscan/istella/rows=full,istella,1000000x220,fit_or_operation,ours,mojolearn,0.8.25,gpu,NVIDIA L40S,identical,542218.2381534949,1,"{""n_clusters"": 40131, ""noise_fraction"": 0.219391, ""rows"": 1000000}",5632.2,8618.0,ok,LIKE-FOR-LIKE-SPAN,MATCHED
nvidia,classical/dbscan/istella/rows=full,istella,1000000x220,fit_or_operation,cuml-gpu,cuml,26.08.00,gpu,NVIDIA L40S,opponent,66379.07478492707,1,"{""ari_vs_ours"": 1.0, ""n_clusters"": 40131, ""noise_agreement_vs_ours"": 1.0, ""noise_fraction"": 0.219391, ""rows"": 1000000}",2599.0,1272.0,ok,SPAN-ASYMMETRIC(upload_outside_its_clock),MATCHED
nvidia,classical/dbscan/taxi/rows=full,taxi,1000000x11,fit_or_operation,ours,mojolearn,0.8.25,gpu,NVIDIA L40S,identical,,0,{},,,"REFUSED(error: {""error"": ""Exception('dbscan: the ball-cover neighbourhood has -1799116104 edges in one batch, which does not fit the int32 CSR this implementation uses. cuML requires int64 labels for RBC (runner.cuh)",LIKE-FOR-LIKE-SPAN,MATCHED
nvidia,classical/dbscan/taxi/rows=full,taxi,1000000x11,fit_or_operation,cuml-gpu,cuml,26.08.00,gpu,NVIDIA L40S,opponent,440431.544482708,1,"{""n_clusters"": 36, ""noise_fraction"": 0.000174, ""rows"": 1000000}",850.3,474.0,ok,SPAN-ASYMMETRIC(upload_outside_its_clock),MATCHED
nvidia,classical/hdbscan/istella/rows=full,istella,1000000x220,fit_or_operation,ours,mojolearn,0.8.25,gpu,NVIDIA L40S,identical,,0,{},,,"REFUSED(error: {""error"": ""Exception(\""hdbscan.build_mr_linkage: n_rows=100000 > 46340; the dense mutual reachability graph is m * m cells and hierarchy's PAIRWISE connectivity refuses past that bound (their value_id)",LIKE-FOR-LIKE-SPAN,MATCHED
nvidia,classical/hdbscan/istella/rows=full,istella,1000000x220,fit_or_operation,cuml-gpu,cuml,26.08.00,gpu,NVIDIA L40S,opponent,862.0627159252763,1,"{""n_clusters"": 53, ""noise_fraction"": 0.25628, ""rows"": 100000}",1864.3,526.0,ok,SPAN-ASYMMETRIC(upload_outside_its_clock),MATCHED
nvidia,classical/hdbscan/taxi/rows=full,taxi,1000000x11,fit_or_operation,ours,mojolearn,0.8.25,gpu,NVIDIA L40S,identical,,0,{},,,"REFUSED(error: {""error"": ""Exception(\""hdbscan.build_mr_linkage: n_rows=100000 > 46340; the dense mutual reachability graph is m * m cells and hierarchy's PAIRWISE connectivity refuses past that bound (their value_id)",LIKE-FOR-LIKE-SPAN,MATCHED
nvidia,classical/hdbscan/taxi/rows=full,taxi,1000000x11,fit_or_operation,cuml-gpu,cuml,26.08.00,gpu,NVIDIA L40S,opponent,371.22989632189274,1,"{""n_clusters"": 159, ""noise_fraction"": 0.13097, ""rows"": 100000}",969.5,448.0,ok,SPAN-ASYMMETRIC(upload_outside_its_clock),MATCHED
nvidia,classical/kde/istella/rows=full,istella,100000x220,fit_or_operation,ours,mojolearn,0.8.25,gpu,NVIDIA L40S,identical,43.694295920431614,1,"{""mean_log_likelihood"": -222.27058616638183, ""rows_without_density"": 0}",1580.8,1450.0,ok,LIKE-FOR-LIKE-SPAN,MATCHED
nvidia,classical/kde/istella/rows=full,istella,100000x220,fit_or_operation,cuml-gpu,cuml,26.08.00,gpu,NVIDIA L40S,opponent,6.886529736220837,1,"{""mean_log_likelihood"": -222.27058193206787, ""rows_without_density"": 0}",1001.5,514.0,ok,SPAN-ASYMMETRIC(upload_outside_its_clock),MATCHED
nvidia,classical/kde/taxi/rows=full,taxi,100000x11,fit_or_operation,ours,mojolearn,0.8.25,gpu,NVIDIA L40S,identical,34.31636467576027,1,"{""mean_log_likelihood"": -14.826460295200349, ""rows_without_density"": 0}",1499.6,1450.0,ok,LIKE-FOR-LIKE-SPAN,MATCHED
nvidia,classical/kde/taxi/rows=full,taxi,100000x11,fit_or_operation,cuml-gpu,cuml,26.08.00,gpu,NVIDIA L40S,opponent,1.886165700852871,1,"{""mean_log_likelihood"": -14.826437430858611, ""rows_without_density"": 0}",800.2,436.0,ok,SPAN-ASYMMETRIC(upload_outside_its_clock),MATCHED
nvidia,classical/kmeans/istella/rows=full,istella,2043304x220,fit_or_operation,ours,mojolearn,0.8.25,gpu,NVIDIA L40S,identical,800.8875213563442,1,"{""inertia"": 6.050717116872483e+17, ""inertia_over_ours"": 1.0, ""n_iter"": 33}",3647.9,2474.0,ok,LIKE-FOR-LIKE-SPAN,MATCHED
nvidia,classical/kmeans/istella/rows=full,istella,2043304x220,fit_or_operation,cuml-gpu,cuml,26.08.00,gpu,NVIDIA L40S,opponent,483.3838352933526,1,"{""inertia"": 6.110700983379928e+17, ""inertia_over_ours"": 1.0099135136131518, ""n_iter"": 20}",4957.5,2154.0,ok,SPAN-ASYMMETRIC(upload_outside_its_clock),MATCHED
nvidia,classical/kmeans/istella/rows=full,istella,2043304x220,fit_or_operation,torch-gpu,torch,2.13.0+cu129,gpu,NVIDIA L40S,opponent,857.5751194730401,1,"{""inertia"": 5.991151877375112e+17, ""inertia_over_ours"": 0.9901556727331918, ""n_iter"": 55}",3168.9,3468.9,ok,SPAN-ASYMMETRIC(upload_outside_its_clock),MATCHED
nvidia,classical/kmeans/istella/rows=full,istella,,inference,ours,mojolearn,,gpu,,identical,79.9913490191102,1,"{""eval_inertia"": 1.4173552267183102e+17, ""label_agreement_own_centers"": 1.0}",,,ok,LIKE-FOR-LIKE-SPAN,MATCHED
nvidia,classical/kmeans/istella/rows=full,istella,,inference,cuml-gpu,cuml,,gpu,,opponent,6.333594210445881,1,"{""agreement_vs_ours"": 0.76643, ""bits_equal_vs_ours"": false, ""eval_inertia"": 1.442425110276056e+17, ""label_agreement_own_centers"": 0.999998}",,,ok,SPAN-ASYMMETRIC(upload_outside_its_clock),MATCHED
nvidia,classical/kmeans/istella/rows=full,istella,,inference,torch-gpu,torch,,gpu,,opponent,1.2774812057614326,1,"{""agreement_vs_ours"": 0.03861, ""bits_equal_vs_ours"": false, ""eval_inertia"": 1.4022729623833202e+17, ""label_agreement_own_centers"": 1.0}",,,ok,SPAN-ASYMMETRIC(upload_outside_its_clock),MATCHED
nvidia,classical/kmeans/taxi/rows=full,taxi,4000000x11,fit_or_operation,ours,mojolearn,0.8.25,gpu,NVIDIA L40S,identical,323.88837076723576,1,"{""inertia"": 309303365.56516206, ""inertia_over_ours"": 1.0, ""n_iter"": 91}",1725.4,938.0,ok,LIKE-FOR-LIKE-SPAN,MATCHED
nvidia,classical/kmeans/taxi/rows=full,taxi,4000000x11,fit_or_operation,cuml-gpu,cuml,26.08.00,gpu,NVIDIA L40S,opponent,390.31458273530006,1,"{""inertia"": 309321763.85471165, ""inertia_over_ours"": 1.000059482991774, ""n_iter"": 42}",1227.3,614.0,ok,SPAN-ASYMMETRIC(upload_outside_its_clock),MATCHED
nvidia,classical/kmeans/taxi/rows=full,taxi,4000000x11,fit_or_operation,torch-gpu,torch,2.13.0+cu129,gpu,NVIDIA L40S,opponent,891.496991738677,1,"{""inertia"": 312871725.7983532, ""inertia_over_ours"": 1.0115367649707625, ""n_iter"": 85}",1254.7,438.0,ok,SPAN-ASYMMETRIC(upload_outside_its_clock),MATCHED
nvidia,classical/kmeans/taxi/rows=full,taxi,,inference,ours,mojolearn,,gpu,,identical,11.023775674402714,1,"{""eval_inertia"": 48239340.71589109, ""label_agreement_own_centers"": 0.999998}",,,ok,LIKE-FOR-LIKE-SPAN,MATCHED
nvidia,classical/kmeans/taxi/rows=full,taxi,,inference,cuml-gpu,cuml,,gpu,,opponent,2.8304141014814377,1,"{""agreement_vs_ours"": 4e-06, ""bits_equal_vs_ours"": false, ""eval_inertia"": 48211920.0988909, ""label_agreement_own_centers"": 1.0}",,,ok,SPAN-ASYMMETRIC(upload_outside_its_clock),MATCHED
nvidia,classical/kmeans/taxi/rows=full,taxi,,inference,torch-gpu,torch,,gpu,,opponent,0.5482053384184837,1,"{""agreement_vs_ours"": 0.540476, ""bits_equal_vs_ours"": false, ""eval_inertia"": 49217377.85597475, ""label_agreement_own_centers"": 1.0}",,,ok,SPAN-ASYMMETRIC(upload_outside_its_clock),MATCHED
nvidia,classical/knn/istella/rows=full,istella,400000x220,fit_or_operation,ours,mojolearn,0.8.25,gpu,NVIDIA L40S,identical,43.98360941559076,1,"{""recall_at_k"": 0.97625, ""rows_with_repeated_ids"": 0}",1841.0,2218.0,ok,LIKE-FOR-LIKE-SPAN,MATCHED
nvidia,classical/knn/istella/rows=full,istella,400000x220,fit_or_operation,cuml-gpu,cuml,26.08.00,gpu,NVIDIA L40S,opponent,73.19011073559523,1,"{""recall_at_k"": 0.97640234375, ""rows_with_repeated_ids"": 0}",1623.0,772.0,ok,SPAN-ASYMMETRIC(upload_outside_its_clock),MATCHED
nvidia,classical/knn/istella/rows=full,istella,400000x220,fit_or_operation,torch-gpu,torch,2.13.0+cu129,gpu,NVIDIA L40S,opponent,115.47073442488909,1,"{""recall_at_k"": 0.98101171875, ""rows_with_repeated_ids"": 0}",1219.7,3816.8,ok,SPAN-ASYMMETRIC(upload_outside_its_clock),MATCHED
nvidia,classical/knn/taxi/rows=full,taxi,400000x11,fit_or_operation,ours,mojolearn,0.8.25,gpu,NVIDIA L40S,identical,24.520662613213062,1,"{""recall_at_k"": 0.99975390625, ""rows_with_repeated_ids"": 0}",1519.2,1706.0,ok,LIKE-FOR-LIKE-SPAN,MATCHED
nvidia,classical/knn/taxi/rows=full,taxi,400000x11,fit_or_operation,cuml-gpu,cuml,26.08.00,gpu,NVIDIA L40S,opponent,40.31999874860048,1,"{""recall_at_k"": 0.9997421875, ""rows_with_repeated_ids"": 0}",818.7,452.0,ok,SPAN-ASYMMETRIC(upload_outside_its_clock),MATCHED
nvidia,classical/knn/taxi/rows=full,taxi,400000x11,fit_or_operation,torch-gpu,torch,2.13.0+cu129,gpu,NVIDIA L40S,opponent,96.38955164700747,1,"{""recall_at_k"": 0.9997734375, ""rows_with_repeated_ids"": 0}",895.3,3174.8,ok,SPAN-ASYMMETRIC(upload_outside_its_clock),MATCHED
nvidia,classical/ols/istella/rows=full,istella,2043304x220,fit_or_operation,ours,mojolearn,0.8.25,gpu,NVIDIA L40S,identical,910.8497174456716,1,"{""finite"": true, ""r2"": 0.3319443836684286, ""rmse"": 0.6820269439943614}",5261.5,5802.0,ok,LIKE-FOR-LIKE-SPAN,MATCHED
nvidia,classical/ols/istella/rows=full,istella,2043304x220,fit_or_operation,cuml-gpu,cuml,26.08.00,gpu,NVIDIA L40S,opponent,79.4342141598463,1,"{""finite"": true, ""r2"": -11031.855104629021, ""rmse"": 87.64742868340292}",5076.3,2154.0,ok,SPAN-ASYMMETRIC(upload_outside_its_clock),MATCHED
nvidia,classical/ols/istella/rows=full,istella,2043304x220,fit_or_operation,torch-gpu,torch,2.13.0+cu129,gpu,NVIDIA L40S,opponent,581.989424303174,1,"{""finite"": false, ""r2"": NaN, ""rmse"": NaN}",3013.1,8894.4,ok,SPAN-ASYMMETRIC(upload_outside_its_clock),MATCHED
nvidia,classical/ols/istella/rows=full,istella,2043304x220,fit_or_operation,torch-gpu-eigh,torch,2.13.0+cu129,gpu,NVIDIA L40S,opponent,19.936220720410347,1,"{""finite"": true, ""r2"": 0.1516040301195245, ""rmse"": 0.7685896304565804}",3044.6,3455.2,ok,SPAN-ASYMMETRIC(upload_outside_its_clock),MATCHED
nvidia,classical/ols/istella/rows=full,istella,,inference,ours,mojolearn,,gpu,,identical,29.472103342413902,1,"{""predict_max_rel_err_own_fp64"": 9.58131393081632e-07, ""r2_eval"": 0.3319443958891074, ""rmse_eval"": 0.6820269377562338}",,,ok,LIKE-FOR-LIKE-SPAN,MATCHED
nvidia,classical/ols/istella/rows=full,istella,,inference,cuml-gpu,cuml,,gpu,,opponent,3.9413832128047943,1,"{""bits_equal_vs_ours"": false, ""max_abs_diff_vs_ours"": 5603.25932431221, ""predict_max_rel_err_own_fp64"": 0.001280916224812198, ""r2_eval"": -11032.159107362168, ""rmse_eval"": 87.64863620738817}",,,ok,SPAN-ASYMMETRIC(upload_outside_its_clock),MATCHED
nvidia,classical/ols/istella/rows=full,istella,,inference,torch-gpu,torch,,gpu,,opponent,0.9506093338131905,1,"{""bits_equal_vs_ours"": false, ""max_abs_diff_vs_ours"": NaN, ""predict_max_rel_err_own_fp64"": NaN, ""r2_eval"": NaN, ""rmse_eval"": NaN}",,,ok,SPAN-ASYMMETRIC(upload_outside_its_clock),MATCHED
nvidia,classical/ols/istella/rows=full,istella,,inference,torch-gpu-eigh,torch,,gpu,,opponent,0.9660087525844574,1,"{""bits_equal_vs_ours"": false, ""max_abs_diff_vs_ours"": 6.699504375457764, ""predict_max_rel_err_own_fp64"": 7.287741895858824e-07, ""r2_eval"": 0.15160403808489598, ""rmse_eval"": 0.7685896268485353}",,,ok,SPAN-ASYMMETRIC(upload_outside_its_clock),MATCHED
nvidia,classical/ols/taxi/rows=full,taxi,4000000x11,fit_or_operation,ours,mojolearn,0.8.25,gpu,NVIDIA L40S,identical,260.47015469521284,1,"{""finite"": true, ""r2"": 0.9088369847359253, ""rmse"": 4.696465686426404}",1797.8,1194.0,ok,LIKE-FOR-LIKE-SPAN,MATCHED
nvidia,classical/ols/taxi/rows=full,taxi,4000000x11,fit_or_operation,cuml-gpu,cuml,26.08.00,gpu,NVIDIA L40S,opponent,22.687614895403385,1,"{""finite"": true, ""r2"": 0.9088361344383943, ""rmse"": 4.696487588860491}",1380.9,614.0,ok,SPAN-ASYMMETRIC(upload_outside_its_clock),MATCHED
nvidia,classical/ols/taxi/rows=full,taxi,4000000x11,fit_or_operation,torch-gpu,torch,2.13.0+cu129,gpu,NVIDIA L40S,opponent,39.1096668317914,1,"{""finite"": true, ""r2"": 0.9088364473366158, ""rmse"": 4.696479529066921}",1081.1,4649.6,ok,SPAN-ASYMMETRIC(upload_outside_its_clock),MATCHED
nvidia,classical/ols/taxi/rows=full,taxi,4000000x11,fit_or_operation,torch-gpu-eigh,torch,2.13.0+cu129,gpu,NVIDIA L40S,opponent,1.9696671515703201,1,"{""finite"": true, ""r2"": 0.9088360234990305, ""rmse"": 4.696490446490448}",1098.0,376.4,ok,SPAN-ASYMMETRIC(upload_outside_its_clock),MATCHED
nvidia,classical/ols/taxi/rows=full,taxi,,inference,ours,mojolearn,,gpu,,identical,2.679872326552868,1,"{""predict_max_rel_err_own_fp64"": 8.387224810034562e-08, ""r2_eval"": 0.9088369826304911, ""rmse_eval"": 4.69646574065947}",,,ok,LIKE-FOR-LIKE-SPAN,MATCHED
nvidia,classical/ols/taxi/rows=full,taxi,,inference,cuml-gpu,cuml,,gpu,,opponent,1.2565702199935913,1,"{""bits_equal_vs_ours"": false, ""max_abs_diff_vs_ours"": 0.06664657592773438, ""predict_max_rel_err_own_fp64"": 8.178996661659431e-08, ""r2_eval"": 0.9088361374684139, ""rmse_eval"": 4.696487510811752}",,,ok,SPAN-ASYMMETRIC(upload_outside_its_clock),MATCHED
nvidia,classical/ols/taxi/rows=full,taxi,,inference,torch-gpu,torch,,gpu,,opponent,0.3905026242136955,1,"{""bits_equal_vs_ours"": false, ""max_abs_diff_vs_ours"": 0.058063507080078125, ""predict_max_rel_err_own_fp64"": 1.0928990393556919e-07, ""r2_eval"": 0.9088364486679238, ""rmse_eval"": 4.696479494774376}",,,ok,SPAN-ASYMMETRIC(upload_outside_its_clock),MATCHED
nvidia,classical/ols/taxi/rows=full,taxi,,inference,torch-gpu-eigh,torch,,gpu,,opponent,0.39603374898433685,1,"{""bits_equal_vs_ours"": false, ""max_abs_diff_vs_ours"": 0.07419586181640625, ""predict_max_rel_err_own_fp64"": 1.4437889685962628e-07, ""r2_eval"": 0.9088360220045536, ""rmse_eval"": 4.6964904849858975}",,,ok,SPAN-ASYMMETRIC(upload_outside_its_clock),MATCHED
nvidia,classical/pca/istella/rows=full,istella,2043304x220,fit_or_operation,ours,mojolearn,0.8.25,gpu,NVIDIA L40S,identical,231.40032030642033,1,"{""explained_variance_ratio_sum"": 1.0000000601750403}",3641.2,5802.0,ok,LIKE-FOR-LIKE-SPAN,MATCHED
nvidia,classical/pca/istella/rows=full,istella,2043304x220,fit_or_operation,torch-gpu,torch,2.13.0+cu129,gpu,NVIDIA L40S,opponent,16.85558632016182,1,"{""explained_variance_ratio_sum"": 1.0000000496511028}",2997.8,3439.6,ok,SPAN-ASYMMETRIC(upload_outside_its_clock),MATCHED
nvidia,classical/pca/istella/rows=full,istella,2043304x220,fit_or_operation,cuml-gpu,cuml,26.08.00,gpu,NVIDIA L40S,opponent,78.70856951922178,1,"{""explained_variance_ratio_sum"": 1.0000000494070462}",5058.6,2190.0,ok,SPAN-ASYMMETRIC(upload_outside_its_clock),MATCHED
nvidia,classical/pca/istella/rows=full,istella,,inference,ours,mojolearn,,gpu,,identical,45.45394517481327,1,"{""transform_max_rel_err_own_fp64"": 3.75014958666863e-07}",,,ok,LIKE-FOR-LIKE-SPAN,MATCHED
nvidia,classical/pca/istella/rows=full,istella,,inference,torch-gpu,torch,,gpu,,opponent,2.326440066099167,1,"{""bits_equal_vs_ours"": false, ""max_abs_diff_vs_ours"": 3645200.375, ""transform_max_rel_err_own_fp64"": 4.1286404006384664e-07}",,,ok,SPAN-ASYMMETRIC(upload_outside_its_clock),MATCHED
nvidia,classical/pca/istella/rows=full,istella,,inference,cuml-gpu,cuml,,gpu,,opponent,10.378659702837467,1,"{""bits_equal_vs_ours"": false, ""max_abs_diff_vs_ours"": 112661.685546875, ""transform_max_rel_err_own_fp64"": 3.694189775972141e-07}",,,ok,SPAN-ASYMMETRIC(upload_outside_its_clock),MATCHED
nvidia,classical/pca/taxi/rows=full,taxi,4000000x11,fit_or_operation,ours,mojolearn,0.8.25,gpu,NVIDIA L40S,identical,12.651359662413597,1,"{""explained_variance_ratio_sum"": 0.999996394670572}",1700.9,938.0,ok,LIKE-FOR-LIKE-SPAN,MATCHED
nvidia,classical/pca/taxi/rows=full,taxi,4000000x11,fit_or_operation,torch-gpu,torch,2.13.0+cu129,gpu,NVIDIA L40S,opponent,1.43465306609869,1,"{""explained_variance_ratio_sum"": 0.9999959395309672}",1058.1,344.4,ok,SPAN-ASYMMETRIC(upload_outside_its_clock),MATCHED
nvidia,classical/pca/taxi/rows=full,taxi,4000000x11,fit_or_operation,cuml-gpu,cuml,26.08.00,gpu,NVIDIA L40S,opponent,19.28079593926668,1,"{""explained_variance_ratio_sum"": 0.9999961512713827}",1309.2,642.0,ok,SPAN-ASYMMETRIC(upload_outside_its_clock),MATCHED
nvidia,classical/pca/taxi/rows=full,taxi,,inference,ours,mojolearn,,gpu,,identical,22.7784076705575,1,"{""transform_max_rel_err_own_fp64"": 1.0851396779324888e-07}",,,ok,LIKE-FOR-LIKE-SPAN,MATCHED
nvidia,classical/pca/taxi/rows=full,taxi,,inference,torch-gpu,torch,,gpu,,opponent,0.5804449319839478,1,"{""bits_equal_vs_ours"": false, ""max_abs_diff_vs_ours"": 29.157851219177246, ""transform_max_rel_err_own_fp64"": 1.0720325822956e-07}",,,ok,SPAN-ASYMMETRIC(upload_outside_its_clock),MATCHED
nvidia,classical/pca/taxi/rows=full,taxi,,inference,cuml-gpu,cuml,,gpu,,opponent,1.8273955211043358,1,"{""bits_equal_vs_ours"": false, ""max_abs_diff_vs_ours"": 0.004157066345214844, ""transform_max_rel_err_own_fp64"": 1.0665570306895663e-07}",,,ok,SPAN-ASYMMETRIC(upload_outside_its_clock),MATCHED
nvidia,classical/svc/istella/rows=full,istella,10000x220,fit_or_operation,ours,mojolearn,0.8.25,gpu,NVIDIA L40S,identical,36.496044136583805,1,"{""accuracy"": 0.9222, ""n_support"": 2400}",1540.2,908.0,ok,LIKE-FOR-LIKE-SPAN,MATCHED
nvidia,classical/svc/istella/rows=full,istella,10000x220,fit_or_operation,cuml-gpu,cuml,26.08.00,gpu,NVIDIA L40S,opponent,22.967487573623657,1,"{""accuracy"": 0.9222, ""n_support"": 2401}",970.1,464.0,ok,SPAN-ASYMMETRIC(upload_outside_its_clock),MATCHED
nvidia,classical/svc/istella/rows=full,istella,,inference,ours,mojolearn,,gpu,,identical,18.145197071135044,1,"{""accuracy_eval"": 0.9222}",,,ok,LIKE-FOR-LIKE-SPAN,MATCHED
nvidia,classical/svc/istella/rows=full,istella,,inference,cuml-gpu,cuml,,gpu,,opponent,13.125482946634293,1,"{""accuracy_eval"": 0.9222, ""agreement_vs_ours"": 1.0, ""bits_equal_vs_ours"": true}",,,ok,SPAN-ASYMMETRIC(upload_outside_its_clock),MATCHED
nvidia,classical/svc/taxi/rows=full,taxi,10000x11,fit_or_operation,ours,mojolearn,0.8.25,gpu,NVIDIA L40S,identical,649.0601329132915,1,"{""accuracy"": 0.7675, ""n_support"": 5527}",1501.3,908.0,ok,LIKE-FOR-LIKE-SPAN,MATCHED
nvidia,classical/svc/taxi/rows=full,taxi,10000x11,fit_or_operation,cuml-gpu,cuml,26.08.00,gpu,NVIDIA L40S,opponent,377.88843642920256,1,"{""accuracy"": 0.7675, ""n_support"": 5541}",1028.3,440.0,ok,SPAN-ASYMMETRIC(upload_outside_its_clock),MATCHED
nvidia,classical/svc/taxi/rows=full,taxi,,inference,ours,mojolearn,,gpu,,identical,5.198964849114418,1,"{""accuracy_eval"": 0.7675}",,,ok,LIKE-FOR-LIKE-SPAN,MATCHED
nvidia,classical/svc/taxi/rows=full,taxi,,inference,cuml-gpu,cuml,,gpu,,opponent,5.279815755784512,1,"{""accuracy_eval"": 0.7675, ""agreement_vs_ours"": 1.0, ""bits_equal_vs_ours"": true}",,,ok,SPAN-ASYMMETRIC(upload_outside_its_clock),MATCHED
nvidia,classical2/agglomerative/istella/rows=full,istella,X 10000x220,fit_or_operation,ours,mojolearn,0.8.25,gpu,NVIDIA L40S,identical,96.51563223451376,1,"{""n_clusters"": 8, ""silhouette"": 0.7167277533704434}",2430.7,938.0,ok,LIKE-FOR-LIKE-SPAN,MATCHED
nvidia,classical2/agglomerative/istella/rows=full,istella,X 10000x220,fit_or_operation,cuml-gpu,cuml,26.08.00,gpu,NVIDIA L40S,opponent,56.46785534918308,1,"{""ari_vs_ours"": 1.0, ""n_clusters"": 8, ""silhouette"": 0.7167277533704434}",1695.4,440.0,ok,SPAN-ASYMMETRIC(upload_outside_its_clock),MATCHED
nvidia,classical2/agglomerative/taxi/rows=full,taxi,X 10000x11,fit_or_operation,ours,mojolearn,0.8.25,gpu,NVIDIA L40S,identical,21.372524090111256,1,"{""n_clusters"": 8, ""silhouette"": 0.6855242274703756}",1545.6,938.0,ok,LIKE-FOR-LIKE-SPAN,MATCHED
nvidia,classical2/agglomerative/taxi/rows=full,taxi,X 10000x11,fit_or_operation,cuml-gpu,cuml,26.08.00,gpu,NVIDIA L40S,opponent,71.38195540755987,1,"{""ari_vs_ours"": 1.0, ""n_clusters"": 8, ""silhouette"": 0.6855242274703756}",804.4,430.0,ok,SPAN-ASYMMETRIC(upload_outside_its_clock),MATCHED
nvidia,classical2/arima/synthetic/rows=full,synthetic,Yfit 64x2000; Yhold 64x100,fit_or_operation,ours,mojolearn,0.8.25,gpu,NVIDIA L40S,identical,547.0679411664605,1,"{""forecast_rmse"": 1.5155179577999125, ""insample_rmse"": 0.9993424389359997, ""mean_aic"": 5680.97696685791, ""mean_llf"": -2836.488483428955}",1497.1,762.0,ok,LIKE-FOR-LIKE-SPAN,MATCHED
nvidia,classical2/arima/synthetic/rows=full,synthetic,Yfit 64x2000; Yhold 64x100,fit_or_operation,cuml-gpu,cuml,26.08.00,gpu,NVIDIA L40S,opponent,785.4599850252271,1,"{""forecast_rmse"": 1.5154269934723639, ""insample_rmse"": 0.9993381091177467, ""mean_aic"": 5680.9571535319865, ""mean_llf"": -2836.4785767659932}",841.1,812.0,ok,SPAN-ASYMMETRIC(upload_outside_its_clock),MATCHED
nvidia,classical2/arima/synthetic/rows=full,synthetic,Yfit 64x2000; Yhold 64x100,fit_or_operation,statsmodels-cpu,statsmodels,0.15.0,cpu,AMD EPYC 9554 64-Core Processor,opponent,143.27753335237503,1,"{""forecast_rmse"": 1.515422600826412, ""insample_rmse"": 0.9993380913769274, ""mean_aic"": 5680.957160160408, ""mean_llf"": -2836.478580080204}",196.5,,ok,LIKE-FOR-LIKE-SPAN,MATCHED
nvidia,classical2/elasticnet/istella/rows=full,istella,X 1000000x220; Xq 100000x220; y 1000000; yq 100000,fit_or_operation,ours,mojolearn,0.8.25,gpu,NVIDIA L40S,identical,2316.4307130500674,1,"{""finite"": true, ""r2"": 0.2609218273934246, ""rmse"": 0.7181342099877039}",3252.0,1450.0,ok,LIKE-FOR-LIKE-SPAN,MATCHED
nvidia,classical2/elasticnet/istella/rows=full,istella,X 1000000x220; Xq 100000x220; y 1000000; yq 100000,fit_or_operation,cuml-gpu,cuml,26.08.00,gpu,NVIDIA L40S,opponent,316.1517633125186,1,"{""finite"": true, ""r2"": 0.2609218512943383, ""rmse"": 0.7181341983758985}",2909.6,1374.0,ok,SPAN-ASYMMETRIC(upload_outside_its_clock),MATCHED
nvidia,classical2/elasticnet/taxi/rows=full,taxi,X 1000000x11; Xq 100000x11; y 1000000; yq 100000,fit_or_operation,ours,mojolearn,0.8.25,gpu,NVIDIA L40S,identical,58.803606778383255,1,"{""finite"": true, ""r2"": 0.9073783178712727, ""rmse"": 4.847224369951755}",1576.2,682.0,ok,LIKE-FOR-LIKE-SPAN,MATCHED
nvidia,classical2/elasticnet/taxi/rows=full,taxi,X 1000000x11; Xq 100000x11; y 1000000; yq 100000,fit_or_operation,cuml-gpu,cuml,26.08.00,gpu,NVIDIA L40S,opponent,5.870130844414234,1,"{""finite"": true, ""r2"": 0.9073783491157731, ""rmse"": 4.8472235523833795}",959.3,498.0,ok,SPAN-ASYMMETRIC(upload_outside_its_clock),MATCHED
nvidia,classical2/ets/synthetic/rows=full,synthetic,Yfit 64x1440; Yhold 64x48,fit_or_operation,ours,mojolearn,0.8.25,gpu,NVIDIA L40S,identical,157.1580758318305,1,"{""forecast_rmse"": 0.9843924315379182, ""insample_rmse"": 0.9909714021119975}",1501.4,682.0,ok,LIKE-FOR-LIKE-SPAN,MATCHED
nvidia,classical2/ets/synthetic/rows=full,synthetic,Yfit 64x1440; Yhold 64x48,fit_or_operation,cuml-gpu,cuml,26.08.00,gpu,NVIDIA L40S,opponent,489.47184439748526,1,"{""forecast_rmse"": 1.0738144686414044}",924.3,480.0,ok,SPAN-ASYMMETRIC(upload_outside_its_clock),MATCHED
nvidia,classical2/ets/synthetic/rows=full,synthetic,Yfit 64x1440; Yhold 64x48,fit_or_operation,statsmodels-cpu,statsmodels,0.15.0,cpu,AMD EPYC 9554 64-Core Processor,opponent,459.84007604420185,1,"{""forecast_rmse"": 0.9846639528664181, ""insample_rmse"": 0.9920560696283929}",195.7,,ok,LIKE-FOR-LIKE-SPAN,MATCHED
nvidia,classical2/gmm/istella/rows=full,istella,X 100000x200; Xq 20000x200; _dropped_constant_columns 20,fit_or_operation,ours,mojolearn,0.8.25,gpu,NVIDIA L40S,identical,974.177404306829,1,"{""bic"": -38513909.71781584, ""mean_log_likelihood"": 200.79440303563425, ""n_iter"": 24}",2597.6,1164.0,ok,LIKE-FOR-LIKE-SPAN,MATCHED
nvidia,classical2/gmm/istella/rows=full,istella,X 100000x200; Xq 20000x200; _dropped_constant_columns 20,fit_or_operation,sklearn-cpu,scikit-learn,1.7.2,cpu,AMD EPYC 9554 64-Core Processor,opponent,48820.890189148486,1,"{""bic"": -39007502.080576636, ""mean_log_likelihood"": 200.76813782669672, ""n_iter"": 39}",1468.1,,ok,LIKE-FOR-LIKE-SPAN,MATCHED
nvidia,classical2/gmm/taxi/rows=full,taxi,X 100000x11; Xq 20000x11,fit_or_operation,ours,mojolearn,0.8.25,gpu,NVIDIA L40S,identical,180.7285165414214,1,"{""bic"": -3670014.8300711648, ""mean_log_likelihood"": 12.861940113438076, ""n_iter"": 32}",1567.8,682.0,ok,LIKE-FOR-LIKE-SPAN,MATCHED
nvidia,classical2/gmm/taxi/rows=full,taxi,X 100000x11; Xq 20000x11,fit_or_operation,sklearn-cpu,scikit-learn,1.7.2,cpu,AMD EPYC 9554 64-Core Processor,opponent,,0,{},,,"REFUSED(error: {""error"": ""ValueError('Fitting the mixture model failed because some components have ill-defined empirical covariance (for instance caused by singleton or collapsed samples). Try to decrease the numbe)",LIKE-FOR-LIKE-SPAN,MATCHED
nvidia,classical2/gpc/istella/rows=full,istella,X 3000x220; Xq 3000x220; y 3000; yq 3000,fit_or_operation,ours,mojolearn,0.8.25,gpu,NVIDIA L40S,identical,3108.11114218086,1,"{""accuracy"": 0.9013333333333333, ""logloss"": 0.2325895501363198, ""nonfinite_proba_rows"": 0}",2586.3,908.0,ok,LIKE-FOR-LIKE-SPAN,MATCHED
nvidia,classical2/gpc/istella/rows=full,istella,X 3000x220; Xq 3000x220; y 3000; yq 3000,fit_or_operation,sklearn-cpu,scikit-learn,1.7.2,cpu,AMD EPYC 9554 64-Core Processor,opponent,6759.02614928782,1,"{""accuracy"": 0.9013333333333333, ""logloss"": 0.23259660853842654, ""nonfinite_proba_rows"": 0}",1619.0,,ok,LIKE-FOR-LIKE-SPAN,MATCHED
nvidia,classical2/gpc/taxi/rows=full,taxi,X 3000x11; Xq 3000x11; y 3000; yq 3000,fit_or_operation,ours,mojolearn,0.8.25,gpu,NVIDIA L40S,identical,2376.737562008202,1,"{""accuracy"": 0.761, ""logloss"": 0.5412864834223782, ""nonfinite_proba_rows"": 0}",1700.2,908.0,ok,LIKE-FOR-LIKE-SPAN,MATCHED
nvidia,classical2/gpc/taxi/rows=full,taxi,X 3000x11; Xq 3000x11; y 3000; yq 3000,fit_or_operation,sklearn-cpu,scikit-learn,1.7.2,cpu,AMD EPYC 9554 64-Core Processor,opponent,2503.3352924510837,1,"{""accuracy"": 0.761, ""logloss"": 0.541358083885761, ""nonfinite_proba_rows"": 0}",734.4,,ok,LIKE-FOR-LIKE-SPAN,MATCHED
nvidia,classical2/gpr/istella/rows=full,istella,X 3000x220; Xq 3000x220; y 3000; yq 3000,fit_or_operation,ours,mojolearn,0.8.25,gpu,NVIDIA L40S,identical,583.0932324752212,1,"{""finite"": true, ""mean_log_predictive_density"": -9.285753999098805, ""r2"": 0.2353459478280211, ""rmse"": 0.7604393550345704}",2623.9,908.0,ok,LIKE-FOR-LIKE-SPAN,MATCHED
nvidia,classical2/gpr/istella/rows=full,istella,X 3000x220; Xq 3000x220; y 3000; yq 3000,fit_or_operation,sklearn-cpu,scikit-learn,1.7.2,cpu,AMD EPYC 9554 64-Core Processor,opponent,1486.525785177946,1,"{""finite"": true, ""mean_log_predictive_density"": -9.287148097534498, ""r2"": 0.2353682174820637, ""rmse"": 0.7604282815009824}",1412.4,,ok,LIKE-FOR-LIKE-SPAN,MATCHED
nvidia,classical2/gpr/taxi/rows=full,taxi,X 3000x11; Xq 3000x11; y 3000; yq 3000,fit_or_operation,ours,mojolearn,0.8.25,gpu,NVIDIA L40S,identical,498.7985258921981,1,"{""finite"": true, ""mean_log_predictive_density"": -311.4583940839855, ""r2"": 0.8896300104938847, ""rmse"": 5.041638653237045}",1781.9,908.0,ok,LIKE-FOR-LIKE-SPAN,MATCHED
nvidia,classical2/gpr/taxi/rows=full,taxi,X 3000x11; Xq 3000x11; y 3000; yq 3000,fit_or_operation,sklearn-cpu,scikit-learn,1.7.2,cpu,AMD EPYC 9554 64-Core Processor,opponent,304.8002365976572,1,"{""finite"": true, ""mean_log_predictive_density"": -311.53959406055714, ""r2"": 0.8896293891496367, ""rmse"": 5.04165284454386}",523.7,,ok,LIKE-FOR-LIKE-SPAN,MATCHED
nvidia,classical2/ivf/istella/rows=full,istella,index 400000x220; queries 4000x220,fit_or_operation,ours,mojolearn,0.8.25,gpu,NVIDIA L40S,identical,525639.9429980665,1,{},3579.2,1450.0,ok,LIKE-FOR-LIKE-SPAN,MATCHED
nvidia,classical2/ivf/istella/rows=full,istella,index 400000x220; queries 4000x220,fit_or_operation,cuvs-gpu,cuvs,26.08.01,gpu,NVIDIA L40S,opponent,429.4514488428831,1,{},1726.9,770.0,ok,SPAN-ASYMMETRIC(upload_outside_its_clock),MATCHED
nvidia,classical2/ivf/taxi/rows=full,taxi,index 400000x11; queries 4000x11,fit_or_operation,ours,mojolearn,0.8.25,gpu,NVIDIA L40S,identical,34850.656839087605,1,{},1610.6,682.0,ok,LIKE-FOR-LIKE-SPAN,MATCHED
nvidia,classical2/ivf/taxi/rows=full,taxi,index 400000x11; queries 4000x11,fit_or_operation,cuvs-gpu,cuvs,26.08.01,gpu,NVIDIA L40S,opponent,219.4591797888279,1,{},931.0,450.0,ok,SPAN-ASYMMETRIC(upload_outside_its_clock),MATCHED
nvidia,classical2/kernel-ridge/istella/rows=full,istella,X 10000x220; Xq 10000x220; y 10000; yq 10000,fit_or_operation,ours,mojolearn,0.8.25,gpu,NVIDIA L40S,identical,4913.660033605993,1,"{""finite"": true, ""r2"": 0.38542720764705185, ""rmse"": 0.6464072874785307}",2456.6,1676.0,ok,LIKE-FOR-LIKE-SPAN,MATCHED
nvidia,classical2/kernel-ridge/istella/rows=full,istella,X 10000x220; Xq 10000x220; y 10000; yq 10000,fit_or_operation,cuml-gpu,cuml,26.08.00,gpu,NVIDIA L40S,opponent,326.035319827497,1,"{""finite"": true, ""r2"": 0.38542731738234737, ""rmse"": 0.6464072297687697}",1804.1,494.0,ok,SPAN-ASYMMETRIC(upload_outside_its_clock),MATCHED
nvidia,classical2/kernel-ridge/taxi/rows=full,taxi,X 10000x11; Xq 10000x11; y 10000; yq 10000,fit_or_operation,ours,mojolearn,0.8.25,gpu,NVIDIA L40S,identical,4910.538677126169,1,"{""finite"": true, ""r2"": 0.7265428586333913, ""rmse"": 8.330373429807043}",1547.7,1420.0,ok,LIKE-FOR-LIKE-SPAN,MATCHED
nvidia,classical2/kernel-ridge/taxi/rows=full,taxi,X 10000x11; Xq 10000x11; y 10000; yq 10000,fit_or_operation,cuml-gpu,cuml,26.08.00,gpu,NVIDIA L40S,opponent,326.1758992448449,1,"{""finite"": true, ""r2"": 0.7265427335052357, ""rmse"": 8.33037533570743}",1045.9,474.0,ok,SPAN-ASYMMETRIC(upload_outside_its_clock),MATCHED
nvidia,classical2/knn-clf/istella/rows=full,istella,X 200000x220; Xq 4000x220; y 200000; yq 4000,fit_or_operation,ours,mojolearn,0.8.25,gpu,NVIDIA L40S,identical,51.53132416307926,1,"{""accuracy"": 0.92625}",2599.9,938.0,ok,LIKE-FOR-LIKE-SPAN,MATCHED
nvidia,classical2/knn-clf/istella/rows=full,istella,X 200000x220; Xq 4000x220; y 200000; yq 4000,fit_or_operation,cuml-gpu,cuml,26.08.00,gpu,NVIDIA L40S,opponent,69.87534090876579,1,"{""accuracy"": 0.92625}",2056.3,602.0,ok,SPAN-ASYMMETRIC(upload_outside_its_clock),MATCHED
nvidia,classical2/knn-clf/taxi/rows=full,taxi,X 200000x11; Xq 4000x11; y 200000; yq 4000,fit_or_operation,ours,mojolearn,0.8.25,gpu,NVIDIA L40S,identical,45.01373786479235,1,"{""accuracy"": 0.74175}",1560.1,682.0,ok,LIKE-FOR-LIKE-SPAN,MATCHED
nvidia,classical2/knn-clf/taxi/rows=full,taxi,X 200000x11; Xq 4000x11; y 200000; yq 4000,fit_or_operation,cuml-gpu,cuml,26.08.00,gpu,NVIDIA L40S,opponent,8.636564947664738,1,"{""accuracy"": 0.74175}",978.8,548.0,ok,SPAN-ASYMMETRIC(upload_outside_its_clock),MATCHED
nvidia,classical2/knn-reg/istella/rows=full,istella,X 200000x220; Xq 4000x220; y 200000; yq 4000,fit_or_operation,ours,mojolearn,0.8.25,gpu,NVIDIA L40S,identical,32.40782022476196,1,"{""finite"": true, ""r2"": 0.418144977111617, ""rmse"": 0.6253878797285024}",2594.9,938.0,ok,LIKE-FOR-LIKE-SPAN,MATCHED
nvidia,classical2/knn-reg/istella/rows=full,istella,X 200000x220; Xq 4000x220; y 200000; yq 4000,fit_or_operation,cuml-gpu,cuml,26.08.00,gpu,NVIDIA L40S,opponent,38.54667209088802,1,"{""finite"": true, ""r2"": 0.418144977111617, ""rmse"": 0.6253878797285024}",1958.2,602.0,ok,SPAN-ASYMMETRIC(upload_outside_its_clock),MATCHED
nvidia,classical2/knn-reg/taxi/rows=full,taxi,X 200000x11; Xq 4000x11; y 200000; yq 4000,fit_or_operation,ours,mojolearn,0.8.25,gpu,NVIDIA L40S,identical,11.49227935820818,1,"{""finite"": true, ""r2"": 0.9373226921180847, ""rmse"": 3.8420276428204088}",1554.8,682.0,ok,LIKE-FOR-LIKE-SPAN,MATCHED
nvidia,classical2/knn-reg/taxi/rows=full,taxi,X 200000x11; Xq 4000x11; y 200000; yq 4000,fit_or_operation,cuml-gpu,cuml,26.08.00,gpu,NVIDIA L40S,opponent,5.153384059667587,1,"{""finite"": true, ""r2"": 0.9373226921175178, ""rmse"": 3.8420276428377846}",837.1,440.0,ok,SPAN-ASYMMETRIC(upload_outside_its_clock),MATCHED
nvidia,classical2/lasso/istella/rows=full,istella,X 1000000x220; Xq 100000x220; y 1000000; yq 100000,fit_or_operation,ours,mojolearn,0.8.25,gpu,NVIDIA L40S,identical,5731.354017741978,1,"{""finite"": true, ""r2"": 0.3108369952151201, ""rmse"": 0.6934599846066856}",3250.9,1450.0,ok,LIKE-FOR-LIKE-SPAN,MATCHED
nvidia,classical2/lasso/istella/rows=full,istella,X 1000000x220; Xq 100000x220; y 1000000; yq 100000,fit_or_operation,cuml-gpu,cuml,26.08.00,gpu,NVIDIA L40S,opponent,953.1550398096442,1,"{""finite"": true, ""r2"": 0.31083699902955364, ""rmse"": 0.6934599826875772}",2909.8,1374.0,ok,SPAN-ASYMMETRIC(upload_outside_its_clock),MATCHED
nvidia,classical2/lasso/taxi/rows=full,taxi,X 1000000x11; Xq 100000x11; y 1000000; yq 100000,fit_or_operation,ours,mojolearn,0.8.25,gpu,NVIDIA L40S,identical,63.49027715623379,1,"{""finite"": true, ""r2"": 0.9089946304523631, ""rmse"": 4.804744515306408}",1581.0,682.0,ok,LIKE-FOR-LIKE-SPAN,MATCHED
nvidia,classical2/lasso/taxi/rows=full,taxi,X 1000000x11; Xq 100000x11; y 1000000; yq 100000,fit_or_operation,cuml-gpu,cuml,26.08.00,gpu,NVIDIA L40S,opponent,7.076671347022057,1,"{""finite"": true, ""r2"": 0.9089946124752087, ""rmse"": 4.804744989869776}",959.1,498.0,ok,SPAN-ASYMMETRIC(upload_outside_its_clock),MATCHED
nvidia,classical2/linearsvc/istella/rows=full,istella,X 1000000x220; Xq 100000x220; y 1000000; yq 100000,fit_or_operation,ours,mojolearn,0.8.25,gpu,NVIDIA L40S,identical,1198.2876621186733,1,"{""accuracy"": 0.92348}",2487.5,1450.0,ok,LIKE-FOR-LIKE-SPAN,MATCHED
nvidia,classical2/linearsvc/istella/rows=full,istella,X 1000000x220; Xq 100000x220; y 1000000; yq 100000,fit_or_operation,cuml-gpu,cuml,26.08.00,gpu,NVIDIA L40S,opponent,258.14878288656473,1,"{""accuracy"": 0.92288}",2995.8,1366.0,ok,SPAN-ASYMMETRIC(upload_outside_its_clock),MATCHED
nvidia,classical2/linearsvc/taxi/rows=full,taxi,X 1000000x11; Xq 100000x11; y 1000000; yq 100000,fit_or_operation,ours,mojolearn,0.8.25,gpu,NVIDIA L40S,identical,142.9984513670206,1,"{""accuracy"": 0.76333}",1607.1,682.0,ok,LIKE-FOR-LIKE-SPAN,MATCHED
nvidia,classical2/linearsvc/taxi/rows=full,taxi,X 1000000x11; Xq 100000x11; y 1000000; yq 100000,fit_or_operation,cuml-gpu,cuml,26.08.00,gpu,NVIDIA L40S,opponent,8.31983145326376,1,"{""accuracy"": 0.76299}",1078.8,490.0,ok,SPAN-ASYMMETRIC(upload_outside_its_clock),MATCHED
nvidia,classical2/linearsvr/istella/rows=full,istella,X 1000000x220; Xq 100000x220; y 1000000; yq 100000,fit_or_operation,ours,mojolearn,0.8.25,gpu,NVIDIA L40S,identical,1558.3122316747904,1,"{""finite"": true, ""r2"": -0.10675401361712411, ""rmse"": 0.8787917688693571}",2423.9,1450.0,ok,LIKE-FOR-LIKE-SPAN,MATCHED
nvidia,classical2/linearsvr/istella/rows=full,istella,X 1000000x220; Xq 100000x220; y 1000000; yq 100000,fit_or_operation,cuml-gpu,cuml,26.08.00,gpu,NVIDIA L40S,opponent,84.01730470359325,1,"{""finite"": true, ""r2"": -0.10676119926488736, ""rmse"": 0.878794621661297}",2901.5,1374.0,ok,SPAN-ASYMMETRIC(upload_outside_its_clock),MATCHED
nvidia,classical2/linearsvr/taxi/rows=full,taxi,X 1000000x11; Xq 100000x11; y 1000000; yq 100000,fit_or_operation,ours,mojolearn,0.8.25,gpu,NVIDIA L40S,identical,59.45984274148941,1,"{""finite"": true, ""r2"": 0.8998128753434574, ""rmse"": 5.041302377804632}",1546.7,682.0,ok,LIKE-FOR-LIKE-SPAN,MATCHED
nvidia,classical2/linearsvr/taxi/rows=full,taxi,X 1000000x11; Xq 100000x11; y 1000000; yq 100000,fit_or_operation,cuml-gpu,cuml,26.08.00,gpu,NVIDIA L40S,opponent,18.942473456263542,1,"{""finite"": true, ""r2"": 0.8998135297114696, ""rmse"": 5.041285914249993}",993.1,498.0,ok,SPAN-ASYMMETRIC(upload_outside_its_clock),MATCHED
nvidia,classical2/logreg/istella/rows=full,istella,X 1000000x220; Xq 100000x220; y 1000000; yq 100000,fit_or_operation,ours,mojolearn,0.8.25,gpu,NVIDIA L40S,identical,6282.151751220226,1,"{""accuracy"": 0.92454, ""logloss"": 0.18124485844866667, ""nonfinite_proba_rows"": 0}",2426.3,1450.0,ok,LIKE-FOR-LIKE-SPAN,MATCHED
nvidia,classical2/logreg/istella/rows=full,istella,X 1000000x220; Xq 100000x220; y 1000000; yq 100000,fit_or_operation,cuml-gpu,cuml,26.08.00,gpu,NVIDIA L40S,opponent,2136.1768199130893,1,"{""accuracy"": 0.92455, ""logloss"": 0.18126214876763708, ""nonfinite_proba_rows"": 0}",3012.6,1374.0,ok,SPAN-ASYMMETRIC(upload_outside_its_clock),MATCHED
nvidia,classical2/logreg/taxi/rows=full,taxi,X 1000000x11; Xq 100000x11; y 1000000; yq 100000,fit_or_operation,ours,mojolearn,0.8.25,gpu,NVIDIA L40S,identical,91.25310741364956,1,"{""accuracy"": 0.76334, ""logloss"": 0.538984424007247, ""nonfinite_proba_rows"": 0}",1548.8,682.0,ok,LIKE-FOR-LIKE-SPAN,MATCHED
nvidia,classical2/logreg/taxi/rows=full,taxi,X 1000000x11; Xq 100000x11; y 1000000; yq 100000,fit_or_operation,cuml-gpu,cuml,26.08.00,gpu,NVIDIA L40S,opponent,32.10737556219101,1,"{""accuracy"": 0.76334, ""logloss"": 0.5389837972600084, ""nonfinite_proba_rows"": 0}",1078.7,498.0,ok,SPAN-ASYMMETRIC(upload_outside_its_clock),MATCHED
nvidia,classical2/nystroem/istella/rows=full,istella,X 100000x220; Xcheck 1000x220,fit_or_operation,ours,mojolearn,0.8.25,gpu,NVIDIA L40S,identical,,0,{},,,"REFUSED(error: {""error"": ""Exception('km_basis_indices: n_samples 100000 exceeds KM_MAX_BASIS_POOL = 4096. The rank pass counts a total order over every pair of rows, which is n_samples^2 host comparisons. To close t)",LIKE-FOR-LIKE-SPAN,MATCHED
nvidia,classical2/nystroem/istella/rows=full,istella,X 100000x220; Xcheck 1000x220,fit_or_operation,sklearn-cpu,scikit-learn,1.7.2,cpu,AMD EPYC 9554 64-Core Processor,opponent,1477.05830167979,1,"{""kernel_rel_error"": 0.03895801522477504}",1731.3,,ok,LIKE-FOR-LIKE-SPAN,MATCHED
nvidia,classical2/nystroem/taxi/rows=full,taxi,X 100000x11; Xcheck 1000x11,fit_or_operation,ours,mojolearn,0.8.25,gpu,NVIDIA L40S,identical,,0,{},,,"REFUSED(error: {""error"": ""Exception('km_basis_indices: n_samples 100000 exceeds KM_MAX_BASIS_POOL = 4096. The rank pass counts a total order over every pair of rows, which is n_samples^2 host comparisons. To close t)",LIKE-FOR-LIKE-SPAN,MATCHED
nvidia,classical2/nystroem/taxi/rows=full,taxi,X 100000x11; Xcheck 1000x11,fit_or_operation,sklearn-cpu,scikit-learn,1.7.2,cpu,AMD EPYC 9554 64-Core Processor,opponent,912.6223511993885,1,"{""kernel_rel_error"": 0.04436862489945239}",693.7,,ok,LIKE-FOR-LIKE-SPAN,MATCHED
nvidia,classical2/rbf-sampler/istella/rows=full,istella,X 100000x220; Xcheck 1000x220,fit_or_operation,ours,mojolearn,0.8.25,gpu,NVIDIA L40S,identical,174.78738632053137,1,"{""kernel_rel_error"": 0.14197976520989541}",2793.3,908.0,ok,LIKE-FOR-LIKE-SPAN,MATCHED
nvidia,classical2/rbf-sampler/istella/rows=full,istella,X 100000x220; Xcheck 1000x220,fit_or_operation,sklearn-cpu,scikit-learn,1.7.2,cpu,AMD EPYC 9554 64-Core Processor,opponent,99.33526627719402,1,"{""kernel_rel_error"": 0.13740523636724947}",1463.4,,ok,LIKE-FOR-LIKE-SPAN,MATCHED
nvidia,classical2/rbf-sampler/taxi/rows=full,taxi,X 100000x11; Xcheck 1000x11,fit_or_operation,ours,mojolearn,0.8.25,gpu,NVIDIA L40S,identical,83.68740044534206,1,"{""kernel_rel_error"": 0.10854922362456007}",1741.2,908.0,ok,LIKE-FOR-LIKE-SPAN,MATCHED
nvidia,classical2/rbf-sampler/taxi/rows=full,taxi,X 100000x11; Xcheck 1000x11,fit_or_operation,sklearn-cpu,scikit-learn,1.7.2,cpu,AMD EPYC 9554 64-Core Processor,opponent,38.931865245103836,1,"{""kernel_rel_error"": 0.08377530461949176}",440.4,,ok,LIKE-FOR-LIKE-SPAN,MATCHED
nvidia,classical2/ridge/istella/rows=full,istella,X 1000000x220; Xq 100000x220; y 1000000; yq 100000,fit_or_operation,ours,mojolearn,0.8.25,gpu,NVIDIA L40S,identical,799.8486906290054,1,"{""finite"": true, ""r2"": 0.32868160848025274, ""rmse"": 0.6844231651362007}",3233.7,4010.0,ok,LIKE-FOR-LIKE-SPAN,MATCHED
nvidia,classical2/ridge/istella/rows=full,istella,X 1000000x220; Xq 100000x220; y 1000000; yq 100000,fit_or_operation,cuml-gpu,cuml,26.08.00,gpu,NVIDIA L40S,opponent,48.57380781322718,1,"{""finite"": true, ""r2"": -0.2512594696601147, ""rmse"": 0.9344027680665905}",2961.1,1410.0,ok,SPAN-ASYMMETRIC(upload_outside_its_clock),MATCHED
nvidia,classical2/ridge/taxi/rows=full,taxi,X 1000000x11; Xq 100000x11; y 1000000; yq 100000,fit_or_operation,ours,mojolearn,0.8.25,gpu,NVIDIA L40S,identical,77.00891327112913,1,"{""finite"": true, ""r2"": 0.9089833754793688, ""rmse"": 4.8050416164453384}",1550.8,682.0,ok,LIKE-FOR-LIKE-SPAN,MATCHED
nvidia,classical2/ridge/taxi/rows=full,taxi,X 1000000x11; Xq 100000x11; y 1000000; yq 100000,fit_or_operation,cuml-gpu,cuml,26.08.00,gpu,NVIDIA L40S,opponent,9.360769763588905,1,"{""finite"": true, ""r2"": 0.9089830087498776, ""rmse"": 4.8050512968125325}",990.5,534.0,ok,SPAN-ASYMMETRIC(upload_outside_its_clock),MATCHED
nvidia,classical2/spectral-embedding/istella/rows=full,istella,X 20000x220,fit_or_operation,ours,mojolearn,0.8.25,gpu,NVIDIA L40S,identical,133.93249455839396,1,"{""trustworthiness_k15"": 0.7993855849226611}",1535.2,682.0,ok,LIKE-FOR-LIKE-SPAN,MATCHED
nvidia,classical2/spectral-embedding/istella/rows=full,istella,X 20000x220,fit_or_operation,cuml-gpu,cuml,26.08.00,gpu,NVIDIA L40S,opponent,141.75332989543676,1,"{""trustworthiness_k15"": 0.8829037264520866}",1011.7,496.0,ok,SPAN-ASYMMETRIC(upload_outside_its_clock),MATCHED
nvidia,classical2/spectral-embedding/istella/rows=full,istella,X 20000x220,fit_or_operation,sklearn-cpu,scikit-learn,1.7.2,cpu,AMD EPYC 9554 64-Core Processor,opponent,18223.342766985297,1,"{""trustworthiness_k15"": 0.4614467959820461}",468.8,,ok,LIKE-FOR-LIKE-SPAN,MATCHED
nvidia,classical2/spectral-embedding/taxi/rows=full,taxi,X 20000x11,fit_or_operation,ours,mojolearn,0.8.25,gpu,NVIDIA L40S,identical,70.68698853254318,1,"{""trustworthiness_k15"": 0.8848890569154528}",1511.9,682.0,ok,LIKE-FOR-LIKE-SPAN,MATCHED
nvidia,classical2/spectral-embedding/taxi/rows=full,taxi,X 20000x11,fit_or_operation,cuml-gpu,cuml,26.08.00,gpu,NVIDIA L40S,opponent,73.20836000144482,1,"{""trustworthiness_k15"": 0.891594818374464}",995.2,478.0,ok,SPAN-ASYMMETRIC(upload_outside_its_clock),MATCHED
nvidia,classical2/spectral-embedding/taxi/rows=full,taxi,X 20000x11,fit_or_operation,sklearn-cpu,scikit-learn,1.7.2,cpu,AMD EPYC 9554 64-Core Processor,opponent,5264.234243892133,1,"{""trustworthiness_k15"": 0.8980115304266574}",244.2,,ok,LIKE-FOR-LIKE-SPAN,MATCHED
nvidia,classical2/spectral/istella/rows=full,istella,X 10000x220,fit_or_operation,ours,mojolearn,0.8.25,gpu,NVIDIA L40S,identical,92.25421492010355,1,"{""n_clusters"": 8, ""silhouette"": 0.1476683124794411}",2469.6,682.0,ok,LIKE-FOR-LIKE-SPAN,MATCHED
nvidia,classical2/spectral/istella/rows=full,istella,X 10000x220,fit_or_operation,cuml-gpu,cuml,26.08.00,gpu,NVIDIA L40S,opponent,123.04471991956234,1,"{""ari_vs_ours"": 0.9991058711400375, ""n_clusters"": 8, ""silhouette"": 0.1477565240603695}",1929.8,490.0,ok,SPAN-ASYMMETRIC(upload_outside_its_clock),MATCHED
nvidia,classical2/spectral/istella/rows=full,istella,X 10000x220,fit_or_operation,sklearn-cpu,scikit-learn,1.7.2,cpu,AMD EPYC 9554 64-Core Processor,opponent,2758.993884548545,1,"{""ari_vs_ours"": 0.9998260205714563, ""n_clusters"": 8, ""silhouette"": 0.14769865096907214}",1224.8,,ok,LIKE-FOR-LIKE-SPAN,MATCHED
nvidia,classical2/spectral/taxi/rows=full,taxi,X 10000x11,fit_or_operation,ours,mojolearn,0.8.25,gpu,NVIDIA L40S,identical,87.33281306922436,1,"{""n_clusters"": 8, ""silhouette"": 0.039910441568033445}",1557.1,682.0,ok,LIKE-FOR-LIKE-SPAN,MATCHED
nvidia,classical2/spectral/taxi/rows=full,taxi,X 10000x11,fit_or_operation,cuml-gpu,cuml,26.08.00,gpu,NVIDIA L40S,opponent,211.5394715219736,1,"{""ari_vs_ours"": 0.5740972796232715, ""n_clusters"": 8, ""silhouette"": 0.08760917457460066}",1039.2,480.0,ok,SPAN-ASYMMETRIC(upload_outside_its_clock),MATCHED
nvidia,classical2/spectral/taxi/rows=full,taxi,X 10000x11,fit_or_operation,sklearn-cpu,scikit-learn,1.7.2,cpu,AMD EPYC 9554 64-Core Processor,opponent,2015.3851294890046,1,"{""ari_vs_ours"": 0.5823133077234751, ""n_clusters"": 8, ""silhouette"": 0.08989405357276725}",276.4,,ok,LIKE-FOR-LIKE-SPAN,MATCHED
nvidia,classical2/svr/istella/rows=full,istella,X 10000x220; Xq 10000x220; y 10000; yq 10000,fit_or_operation,ours,mojolearn,0.8.25,gpu,NVIDIA L40S,identical,65.75718615204096,1,"{""finite"": true, ""r2"": 0.31825814626514914, ""rmse"": 0.6808156927626244}",2472.4,908.0,ok,LIKE-FOR-LIKE-SPAN,MATCHED
nvidia,classical2/svr/istella/rows=full,istella,X 10000x220; Xq 10000x220; y 10000; yq 10000,fit_or_operation,cuml-gpu,cuml,26.08.00,gpu,NVIDIA L40S,opponent,40.22172652184963,1,"{""finite"": true, ""r2"": 0.31823207274760623, ""rmse"": 0.6808287116862013}",1795.7,462.0,ok,SPAN-ASYMMETRIC(upload_outside_its_clock),MATCHED
nvidia,classical2/svr/taxi/rows=full,taxi,X 10000x11; Xq 10000x11; y 10000; yq 10000,fit_or_operation,ours,mojolearn,0.8.25,gpu,NVIDIA L40S,identical,56.41648545861244,1,"{""finite"": true, ""r2"": 0.7675511055719965, ""rmse"": 7.680395383275379}",1551.6,1164.0,ok,LIKE-FOR-LIKE-SPAN,MATCHED
nvidia,classical2/svr/taxi/rows=full,taxi,X 10000x11; Xq 10000x11; y 10000; yq 10000,fit_or_operation,cuml-gpu,cuml,26.08.00,gpu,NVIDIA L40S,opponent,44.18807104229927,1,"{""finite"": true, ""r2"": 0.7675505020547824, ""rmse"": 7.68040535374185}",903.7,442.0,ok,SPAN-ASYMMETRIC(upload_outside_its_clock),MATCHED
nvidia,classical2/tsvd/istella/rows=full,istella,X 1000000x220,fit_or_operation,ours,mojolearn,0.8.25,gpu,NVIDIA L40S,identical,96.42227832227945,1,"{""explained_variance_ratio_sum"": 0.9999921076474112, ""relative_reconstruction_error"": 0.0025539223380432992}",2334.4,2986.0,ok,LIKE-FOR-LIKE-SPAN,MATCHED
nvidia,classical2/tsvd/istella/rows=full,istella,X 1000000x220,fit_or_operation,cuml-gpu,cuml,26.08.00,gpu,NVIDIA L40S,opponent,35.314866341650486,1,"{""explained_variance_ratio_sum"": 0.9999997749275542, ""relative_reconstruction_error"": 0.00014715262099985094}",2738.7,1314.0,ok,SPAN-ASYMMETRIC(upload_outside_its_clock),MATCHED
nvidia,classical2/tsvd/taxi/rows=full,taxi,X 1000000x11,fit_or_operation,ours,mojolearn,0.8.25,gpu,NVIDIA L40S,identical,6.733677349984646,1,"{""explained_variance_ratio_sum"": 0.9999651766479792, ""relative_reconstruction_error"": 0.0032570735189924997}",1535.4,682.0,ok,LIKE-FOR-LIKE-SPAN,MATCHED
nvidia,classical2/tsvd/taxi/rows=full,taxi,X 1000000x11,fit_or_operation,cuml-gpu,cuml,26.08.00,gpu,NVIDIA L40S,opponent,5.938110873103142,1,"{""explained_variance_ratio_sum"": 0.9999642728589039, ""relative_reconstruction_error"": 0.003257073482141212}",973.4,516.0,ok,SPAN-ASYMMETRIC(upload_outside_its_clock),MATCHED
nvidia,classical2/umap/istella/rows=full,istella,X 20000x220,fit_or_operation,ours,mojolearn,0.8.25,gpu,NVIDIA L40S,identical,368.095301091671,1,"{""trustworthiness_k15"": 0.9799058423854099}",1572.8,682.0,ok,LIKE-FOR-LIKE-SPAN,MATCHED
nvidia,classical2/umap/istella/rows=full,istella,X 20000x220,fit_or_operation,cuml-gpu,cuml,26.08.00,gpu,NVIDIA L40S,opponent,515.2444681152701,1,"{""trustworthiness_k15"": 0.9799119287180257}",1027.6,606.0,ok,SPAN-ASYMMETRIC(upload_outside_its_clock),MATCHED
nvidia,classical2/umap/taxi/rows=full,taxi,X 20000x11,fit_or_operation,ours,mojolearn,0.8.25,gpu,NVIDIA L40S,identical,141.7277306318283,1,"{""trustworthiness_k15"": 0.9904804351671088}",1510.9,682.0,ok,LIKE-FOR-LIKE-SPAN,MATCHED
nvidia,classical2/umap/taxi/rows=full,taxi,X 20000x11,fit_or_operation,cuml-gpu,cuml,26.08.00,gpu,NVIDIA L40S,opponent,254.96510602533817,1,"{""trustworthiness_k15"": 0.9923054919824464}",980.8,588.0,ok,SPAN-ASYMMETRIC(upload_outside_its_clock),MATCHED
nvidia,neural/gemm-bf16/gaussian/shape=full,gaussian,4096x4096x4096,fit_or_operation,ours,mojolearn,0.8.25,gpu,NVIDIA L40S,identical,55.190916173160076,1,"{""max_rel_err_vs_fp64"": 1.1548914368712009e-07}",495.8,1164.0,ok,LIKE-FOR-LIKE-SPAN,MATCHED
nvidia,neural/gemm-bf16/gaussian/shape=full,gaussian,4096x4096x4096,fit_or_operation,torch-eager-bf16,torch,2.13.0+cu129,gpu,NVIDIA L40S,opponent,47.02913574874401,1,"{""max_abs_diff_vs_ours"": 1.0009765625, ""max_rel_diff_vs_ours"": 0.0027642356450209037, ""max_rel_err_vs_fp64"": 0.0027642217455072535}",1190.3,176.2,ok,LIKE-FOR-LIKE-SPAN,MATCHED
nvidia,neural/gemm-bf16/gaussian/shape=full,gaussian,4096x4096x4096,fit_or_operation,torch-compile-bf16,torch,2.13.0+cu129,gpu,NVIDIA L40S,opponent,46.64640314877033,1,"{""max_abs_diff_vs_ours"": 1.0009765625, ""max_rel_diff_vs_ours"": 0.0027642356450209037, ""max_rel_err_vs_fp64"": 0.0027642217455072535}",1400.4,176.2,ok,LIKE-FOR-LIKE-SPAN,MATCHED
nvidia,neural/gemm-int8/gaussian/shape=full,gaussian,4096x4096x4096,fit_or_operation,ours,mojolearn,0.8.25,gpu,NVIDIA L40S,identical,2917.068953625858,1,"{""max_rel_err_vs_fp64"": 0.0}",385.0,682.0,ok,LIKE-FOR-LIKE-SPAN,MATCHED
nvidia,neural/gemm-int8/gaussian/shape=full,gaussian,4096x4096x4096,fit_or_operation,torch-eager-int8,torch,2.13.0+cu129,gpu,NVIDIA L40S,opponent,48.169925808906555,1,"{""max_abs_diff_vs_ours"": 0.0, ""max_rel_diff_vs_ours"": 0.0, ""max_rel_err_vs_fp64"": 0.0}",803.9,160.0,ok,LIKE-FOR-LIKE-SPAN,MATCHED
nvidia,neural/gemm-int8/gaussian/shape=full,gaussian,4096x4096x4096,fit_or_operation,torch-compile-int8,torch,2.13.0+cu129,gpu,NVIDIA L40S,opponent,47.78925236314535,1,"{""max_abs_diff_vs_ours"": 0.0, ""max_rel_diff_vs_ours"": 0.0, ""max_rel_err_vs_fp64"": 0.0}",1010.3,160.0,ok,LIKE-FOR-LIKE-SPAN,MATCHED
nvidia,neural/gemm/gaussian/shape=full,gaussian,4096x4096x4096,fit_or_operation,ours,mojolearn,0.8.25,gpu,NVIDIA L40S,identical,56.374515406787395,1,"{""max_rel_err_vs_fp64"": 2.398716979667606e-07}",433.0,908.0,ok,LIKE-FOR-LIKE-SPAN,MATCHED
nvidia,neural/gemm/gaussian/shape=full,gaussian,4096x4096x4096,fit_or_operation,torch-eager-fp32,torch,2.13.0+cu129,gpu,NVIDIA L40S,opponent,50.969100557267666,1,"{""max_abs_diff_vs_ours"": 0.0005340576171875, ""max_rel_diff_vs_ours"": 1.4749596935657454e-06, ""max_rel_err_vs_fp64"": 1.4014786296173645e-06}",934.7,200.1,ok,LIKE-FOR-LIKE-SPAN,MATCHED
nvidia,neural/gemm/gaussian/shape=full,gaussian,4096x4096x4096,fit_or_operation,torch-eager-tf32,torch,2.13.0+cu129,gpu,NVIDIA L40S,opponent,49.39602594822645,1,"{""max_abs_diff_vs_ours"": 0.10082244873046875, ""max_rel_diff_vs_ours"": 0.0002784513192924475, ""max_rel_err_vs_fp64"": 0.0002784057221444868}",936.8,200.1,ok,LIKE-FOR-LIKE-SPAN,MATCHED
nvidia,neural/gemm/gaussian/shape=full,gaussian,4096x4096x4096,fit_or_operation,torch-compile-fp32,torch,2.13.0+cu129,gpu,NVIDIA L40S,opponent,52.2785410284996,1,"{""max_abs_diff_vs_ours"": 0.0005340576171875, ""max_rel_diff_vs_ours"": 1.4749596935657454e-06, ""max_rel_err_vs_fp64"": 1.4014786296173645e-06}",1135.0,200.1,ok,LIKE-FOR-LIKE-SPAN,MATCHED
nvidia,neural/gemm/gaussian/shape=full,gaussian,4096x4096x4096,fit_or_operation,torch-compile-tf32,torch,2.13.0+cu129,gpu,NVIDIA L40S,opponent,50.28624273836613,1,"{""max_abs_diff_vs_ours"": 0.10082244873046875, ""max_rel_diff_vs_ours"": 0.0002784513192924475, ""max_rel_err_vs_fp64"": 0.0002784057221444868}",1136.8,200.1,ok,LIKE-FOR-LIKE-SPAN,MATCHED
nvidia,neural/gemm/gaussian/shape=full,gaussian,4096x4096x4096,fit_or_operation,torch-eager-bf16,torch,2.13.0+cu129,gpu,NVIDIA L40S,opponent,46.984005719423294,1,"{""max_abs_diff_vs_ours"": 1.35833740234375, ""max_rel_diff_vs_ours"": 0.0037514546263206472, ""max_rel_err_vs_fp64"": 0.0037515023103755034}",1169.8,240.2,ok,LIKE-FOR-LIKE-SPAN,MATCHED
nvidia,neural/gemm/gaussian/shape=full,gaussian,4096x4096x4096,fit_or_operation,torch-compile-bf16,torch,2.13.0+cu129,gpu,NVIDIA L40S,opponent,49.669367261230946,1,"{""max_abs_diff_vs_ours"": 1.35833740234375, ""max_rel_diff_vs_ours"": 0.0037514546263206472, ""max_rel_err_vs_fp64"": 0.0037515023103755034}",1404.6,240.2,ok,LIKE-FOR-LIKE-SPAN,MATCHED
nvidia,neural/lm-forward/bytes/shape=full,bytes,B1 L2048 DM384 H6 KV6 HD64 FF1024 layers8 V8192,fit_or_operation,ours,mojolearn,0.8.25,gpu,NVIDIA L40S,identical,147.3545292392373,1,"{""mean_nll"": 9.01873340416645}",1812.5,4492.0,ok,LIKE-FOR-LIKE-SPAN,MATCHED
nvidia,neural/lm-forward/bytes/shape=full,bytes,B1 L2048 DM384 H6 KV6 HD64 FF1024 layers8 V8192,fit_or_operation,torch-eager-fp32,torch,2.13.0+cu129,gpu,NVIDIA L40S,opponent,49.826039001345634,1,"{""max_abs_diff_vs_ours"": 1.3709068298339844e-06, ""max_rel_diff_vs_ours"": 1.8819760453906437e-06, ""mean_nll"": 9.018733374242045}",1061.5,173.2,ok,LIKE-FOR-LIKE-SPAN,MATCHED
nvidia,neural/lm-forward/bytes/shape=full,bytes,B1 L2048 DM384 H6 KV6 HD64 FF1024 layers8 V8192,fit_or_operation,torch-eager-tf32,torch,2.13.0+cu129,gpu,NVIDIA L40S,opponent,46.49233166128397,1,"{""max_abs_diff_vs_ours"": 0.0007233032956719398, ""max_rel_diff_vs_ours"": 0.0009929482050735291, ""mean_nll"": 9.018732931864267}",1053.9,173.2,ok,LIKE-FOR-LIKE-SPAN,MATCHED
nvidia,neural/lm-forward/bytes/shape=full,bytes,B1 L2048 DM384 H6 KV6 HD64 FF1024 layers8 V8192,fit_or_operation,torch-compile-fp32,torch,2.13.0+cu129,gpu,NVIDIA L40S,opponent,48.500508069992065,1,"{""max_abs_diff_vs_ours"": 1.341104507446289e-06, ""max_rel_diff_vs_ours"": 1.8410635226647602e-06, ""mean_nll"": 9.018733375427612}",1172.1,154.7,ok,LIKE-FOR-LIKE-SPAN,MATCHED
nvidia,neural/lm-forward/bytes/shape=full,bytes,B1 L2048 DM384 H6 KV6 HD64 FF1024 layers8 V8192,fit_or_operation,torch-compile-tf32,torch,2.13.0+cu129,gpu,NVIDIA L40S,opponent,50.029330886900425,1,"{""max_abs_diff_vs_ours"": 0.0007183742709457874, ""max_rel_diff_vs_ours"": 0.0009861816573695685, ""mean_nll"": 9.018732321611843}",1166.8,154.7,ok,LIKE-FOR-LIKE-SPAN,MATCHED
nvidia,neural/lm-forward/bytes/shape=full,bytes,B1 L2048 DM384 H6 KV6 HD64 FF1024 layers8 V8192,fit_or_operation,torch-eager-bf16,torch,2.13.0+cu129,gpu,NVIDIA L40S,opponent,49.381835386157036,1,"{""max_abs_diff_vs_ours"": 0.006869867444038391, ""max_rel_diff_vs_ours"": 0.009430929719895686, ""mean_nll"": 9.01866352212987}",1181.6,192.5,ok,LIKE-FOR-LIKE-SPAN,MATCHED
nvidia,neural/lm-forward/bytes/shape=full,bytes,B1 L2048 DM384 H6 KV6 HD64 FF1024 layers8 V8192,fit_or_operation,torch-compile-bf16,torch,2.13.0+cu129,gpu,NVIDIA L40S,opponent,51.17667093873024,1,"{""max_abs_diff_vs_ours"": 0.006303519010543823, ""max_rel_diff_vs_ours"": 0.008653448594274358, ""mean_nll"": 9.018669105142353}",1329.1,192.5,ok,LIKE-FOR-LIKE-SPAN,MATCHED
nvidia,neural/lm-host-train-step/bytes/shape=full,bytes,B1 L512 DM384 H6 KV6 HD64 FF1024 layers8 V8192,fit_or_operation,ours,mojolearn,0.8.25,cpu,,identical,2941.0747718065977,1,"{""loss_first_step"": 9.017857551574707, ""loss_last_step"": 8.367768287658691, ""steps"": 2}",2172.0,,ok,LIKE-FOR-LIKE-SPAN,MATCHED
nvidia,neural/lm-host-train-step/bytes/shape=full,bytes,B1 L512 DM384 H6 KV6 HD64 FF1024 layers8 V8192,fit_or_operation,torch-cpu-eager-fp32,torch,2.13.0+cu129,cpu,AMD EPYC 9554 64-Core Processor,opponent,970.3395869582891,1,"{""loss_first_abs_diff_vs_ours"": 9.5367431640625e-07, ""loss_first_step"": 9.01785659790039, ""loss_last_abs_diff_vs_ours"": 9.5367431640625e-07, ""loss_last_step"": 8.367767333984375, ""steps"": 2}",1479.0,,ok,LIKE-FOR-LIKE-SPAN,MATCHED
nvidia,neural/lm-host-train-step/bytes/shape=full,bytes,B1 L512 DM384 H6 KV6 HD64 FF1024 layers8 V8192,fit_or_operation,torch-cpu-compile-fp32,torch,2.13.0+cu129,cpu,AMD EPYC 9554 64-Core Processor,opponent,314.3234336748719,1,"{""loss_first_abs_diff_vs_ours"": 9.5367431640625e-07, ""loss_first_step"": 9.01785659790039, ""loss_last_abs_diff_vs_ours"": 1.9073486328125e-06, ""loss_last_step"": 8.367766380310059, ""steps"": 2}",1486.4,,ok,LIKE-FOR-LIKE-SPAN,MATCHED
nvidia,neural/lm-host-train-step/bytes/shape=full,bytes,B1 L512 DM384 H6 KV6 HD64 FF1024 layers8 V8192,fit_or_operation,torch-cpu-eager-bf16,torch,2.13.0+cu129,cpu,AMD EPYC 9554 64-Core Processor,opponent,690.4132515192032,1,"{""loss_first_abs_diff_vs_ours"": 0.000110626220703125, ""loss_first_step"": 9.017746925354004, ""loss_last_abs_diff_vs_ours"": 0.000579833984375, ""loss_last_step"": 8.368348121643066, ""steps"": 2}",1357.8,,ok,LIKE-FOR-LIKE-SPAN,MATCHED
nvidia,neural/lm-host-train-step/bytes/shape=full,bytes,B1 L512 DM384 H6 KV6 HD64 FF1024 layers8 V8192,fit_or_operation,torch-cpu-compile-bf16,torch,2.13.0+cu129,cpu,AMD EPYC 9554 64-Core Processor,opponent,371.5258277952671,1,"{""loss_first_abs_diff_vs_ours"": 9.059906005859375e-05, ""loss_first_step"": 9.017766952514648, ""loss_last_abs_diff_vs_ours"": 1.430511474609375e-05, ""loss_last_step"": 8.367753982543945, ""steps"": 2}",1437.5,,ok,LIKE-FOR-LIKE-SPAN,MATCHED
nvidia,neural/lm-infer/bytes/shape=full,bytes,B1 L512 DM384 H6 KV6 HD64 FF1024 layers8 V8192,fit_or_operation,ours,mojolearn,0.8.25,cpu,,identical,1096.4229861274362,1,"{""mean_nll"": 9.017856651220221}",466.8,,ok,LIKE-FOR-LIKE-SPAN,MATCHED
nvidia,neural/lm-infer/bytes/shape=full,bytes,B1 L512 DM384 H6 KV6 HD64 FF1024 layers8 V8192,fit_or_operation,torch-cpu-eager-fp32,torch,2.13.0+cu129,cpu,AMD EPYC 9554 64-Core Processor,opponent,172.4949786439538,1,"{""max_abs_diff_vs_ours"": 7.227063179016113e-07, ""max_rel_diff_vs_ours"": 9.921286761026763e-07, ""mean_nll"": 9.017856646336305}",808.6,,ok,LIKE-FOR-LIKE-SPAN,MATCHED
nvidia,neural/lm-infer/bytes/shape=full,bytes,B1 L512 DM384 H6 KV6 HD64 FF1024 layers8 V8192,fit_or_operation,torch-cpu-compile-fp32,torch,2.13.0+cu129,cpu,AMD EPYC 9554 64-Core Processor,opponent,72.2011225298047,1,"{""max_abs_diff_vs_ours"": 6.705522537231445e-07, ""max_rel_diff_vs_ours"": 9.205317613323801e-07, ""mean_nll"": 9.017856652490957}",1162.0,,ok,LIKE-FOR-LIKE-SPAN,MATCHED
nvidia,neural/lm-infer/bytes/shape=full,bytes,B1 L512 DM384 H6 KV6 HD64 FF1024 layers8 V8192,fit_or_operation,torch-cpu-eager-bf16,torch,2.13.0+cu129,cpu,AMD EPYC 9554 64-Core Processor,opponent,310.20010728389025,1,"{""max_abs_diff_vs_ours"": 0.006180226802825928, ""max_rel_diff_vs_ours"": 0.008484193487757377, ""mean_nll"": 9.017748162846352}",816.7,,ok,LIKE-FOR-LIKE-SPAN,MATCHED
nvidia,neural/lm-infer/bytes/shape=full,bytes,B1 L512 DM384 H6 KV6 HD64 FF1024 layers8 V8192,fit_or_operation,torch-cpu-compile-bf16,torch,2.13.0+cu129,cpu,AMD EPYC 9554 64-Core Processor,opponent,77.73278094828129,1,"{""max_abs_diff_vs_ours"": 0.006584927439689636, ""max_rel_diff_vs_ours"": 0.009039765090113514, ""mean_nll"": 9.017760815424413}",1121.6,,ok,LIKE-FOR-LIKE-SPAN,MATCHED
nvidia,neural/lm-train-step/bytes/shape=full,bytes,B1 L2048 DM384 H6 KV6 HD64 FF1024 layers8 V8192,fit_or_operation,ours,mojolearn,0.8.25,gpu,NVIDIA L40S,identical,46.51639051735401,1,"{""loss_first_step"": 9.018733024597168, ""loss_last_step"": 8.42241096496582, ""steps"": 2}",1595.2,3724.0,ok,LIKE-FOR-LIKE-SPAN,MATCHED
nvidia,neural/lm-train-step/bytes/shape=full,bytes,B1 L2048 DM384 H6 KV6 HD64 FF1024 layers8 V8192,fit_or_operation,torch-eager-fp32,torch,2.13.0+cu129,gpu,NVIDIA L40S,opponent,22.08951022475958,1,"{""loss_first_abs_diff_vs_ours"": 0.0, ""loss_first_step"": 9.018733024597168, ""loss_last_abs_diff_vs_ours"": 3.814697265625e-06, ""loss_last_step"": 8.422414779663086, ""steps"": 2}",1261.1,959.2,ok,LIKE-FOR-LIKE-SPAN,MATCHED
nvidia,neural/lm-train-step/bytes/shape=full,bytes,B1 L2048 DM384 H6 KV6 HD64 FF1024 layers8 V8192,fit_or_operation,torch-eager-tf32,torch,2.13.0+cu129,gpu,NVIDIA L40S,opponent,17.68979150801897,1,"{""loss_first_abs_diff_vs_ours"": 9.5367431640625e-07, ""loss_first_step"": 9.018732070922852, ""loss_last_abs_diff_vs_ours"": 9.5367431640625e-05, ""loss_last_step"": 8.422506332397461, ""steps"": 2}",1251.7,959.2,ok,LIKE-FOR-LIKE-SPAN,MATCHED
nvidia,neural/lm-train-step/bytes/shape=full,bytes,B1 L2048 DM384 H6 KV6 HD64 FF1024 layers8 V8192,fit_or_operation,torch-compile-fp32,torch,2.13.0+cu129,gpu,NVIDIA L40S,opponent,19.534428603947163,1,"{""loss_first_abs_diff_vs_ours"": 9.5367431640625e-07, ""loss_first_step"": 9.018733978271484, ""loss_last_abs_diff_vs_ours"": 3.814697265625e-06, ""loss_last_step"": 8.422414779663086, ""steps"": 2}",1225.6,720.7,ok,LIKE-FOR-LIKE-SPAN,MATCHED
nvidia,neural/lm-train-step/bytes/shape=full,bytes,B1 L2048 DM384 H6 KV6 HD64 FF1024 layers8 V8192,fit_or_operation,torch-compile-tf32,torch,2.13.0+cu129,gpu,NVIDIA L40S,opponent,20.14176268130541,1,"{""loss_first_abs_diff_vs_ours"": 9.5367431640625e-07, ""loss_first_step"": 9.018732070922852, ""loss_last_abs_diff_vs_ours"": 0.0001049041748046875, ""loss_last_step"": 8.422515869140625, ""steps"": 2}",1222.7,727.2,ok,LIKE-FOR-LIKE-SPAN,MATCHED
nvidia,neural/lm-train-step/bytes/shape=full,bytes,B1 L2048 DM384 H6 KV6 HD64 FF1024 layers8 V8192,fit_or_operation,torch-eager-bf16,torch,2.13.0+cu129,gpu,NVIDIA L40S,opponent,18.619149923324585,1,"{""loss_first_abs_diff_vs_ours"": 0.00033092498779296875, ""loss_first_step"": 9.018402099609375, ""loss_last_abs_diff_vs_ours"": 0.0008411407470703125, ""loss_last_step"": 8.42156982421875, ""steps"": 2}",1387.8,796.6,ok,LIKE-FOR-LIKE-SPAN,MATCHED
nvidia,neural/lm-train-step/bytes/shape=full,bytes,B1 L2048 DM384 H6 KV6 HD64 FF1024 layers8 V8192,fit_or_operation,torch-compile-bf16,torch,2.13.0+cu129,gpu,NVIDIA L40S,opponent,10.976804420351982,1,"{""loss_first_abs_diff_vs_ours"": 6.389617919921875e-05, ""loss_first_step"": 9.018669128417969, ""loss_last_abs_diff_vs_ours"": 0.0021610260009765625, ""loss_last_step"": 8.420249938964844, ""steps"": 2}",1396.9,546.6,ok,LIKE-FOR-LIKE-SPAN,MATCHED
nvidia,neural/mamba1-forward/gaussian/shape=full,gaussian,B1 L2048 DM384,fit_or_operation,ours,mojolearn,0.8.25,gpu,NVIDIA L40S,identical,9.928585961461067,1,{},198.0,908.0,ok,LIKE-FOR-LIKE-SPAN,MATCHED
nvidia,neural/mamba1-forward/gaussian/shape=full,gaussian,B1 L2048 DM384,fit_or_operation,mamba-ssm-fp32,mamba-ssm,2.3.2.post1+ge9594ce1c732,gpu,NVIDIA L40S,opponent,3.506380133330822,1,"{""max_abs_diff_vs_ours"": 1.1920928955078125e-07, ""max_rel_diff_vs_ours"": 5.944827482889895e-08}",1247.2,54.6,ok,LIKE-FOR-LIKE-SPAN,MATCHED
nvidia,neural/mamba1-forward/gaussian/shape=full,gaussian,B1 L2048 DM384,fit_or_operation,mamba-ssm-tf32,mamba-ssm,2.3.2.post1+ge9594ce1c732,gpu,NVIDIA L40S,opponent,4.891622811555862,1,"{""max_abs_diff_vs_ours"": 3.814697265625e-06, ""max_rel_diff_vs_ours"": 1.9023447945247664e-06}",1225.3,54.6,ok,LIKE-FOR-LIKE-SPAN,MATCHED
nvidia,neural/mamba1-forward/gaussian/shape=full,gaussian,B1 L2048 DM384,fit_or_operation,torch-eager-bf16,torch,2.13.0+cu129,gpu,NVIDIA L40S,opponent,195.86618803441525,1,"{""max_abs_diff_vs_ours"": 5.14984130859375e-05, ""max_rel_diff_vs_ours"": 2.5681654726084346e-05}",1189.8,307.1,ok,LIKE-FOR-LIKE-SPAN,MATCHED
nvidia,neural/mamba1-forward/gaussian/shape=full,gaussian,B1 L2048 DM384,fit_or_operation,torch-eager-fp32,torch,2.13.0+cu129,gpu,NVIDIA L40S,opponent,149.62645899504423,1,"{""max_abs_diff_vs_ours"": 1.1920928955078125e-07, ""max_rel_diff_vs_ours"": 5.944827482889895e-08}",1062.5,354.3,ok,LIKE-FOR-LIKE-SPAN,MATCHED
nvidia,neural/mamba1-forward/gaussian/shape=full,gaussian,B1 L2048 DM384,fit_or_operation,torch-eager-tf32,torch,2.13.0+cu129,gpu,NVIDIA L40S,opponent,153.50455325096846,1,"{""max_abs_diff_vs_ours"": 3.814697265625e-06, ""max_rel_diff_vs_ours"": 1.9023447945247664e-06}",1041.7,354.3,ok,LIKE-FOR-LIKE-SPAN,MATCHED
nvidia,neural/mamba1-infer/gaussian/shape=full,gaussian,B1 L512 DM384,fit_or_operation,ours,mojolearn,0.8.25,cpu,,identical,80.93130681663752,1,{},114.6,,ok,LIKE-FOR-LIKE-SPAN,MATCHED
nvidia,neural/mamba1-infer/gaussian/shape=full,gaussian,B1 L512 DM384,fit_or_operation,torch-cpu-eager-fp32,torch,2.13.0+cu129,cpu,AMD EPYC 9554 64-Core Processor,opponent,121.76642008125782,1,"{""max_abs_diff_vs_ours"": 1.1920928955078125e-07, ""max_rel_diff_vs_ours"": 5.948106105171795e-08}",720.9,,ok,LIKE-FOR-LIKE-SPAN,MATCHED
nvidia,neural/mamba1-infer/gaussian/shape=full,gaussian,B1 L512 DM384,fit_or_operation,torch-cpu-eager-bf16,torch,2.13.0+cu129,cpu,AMD EPYC 9554 64-Core Processor,opponent,240.8188246190548,1,"{""max_abs_diff_vs_ours"": 5.14984130859375e-05, ""max_rel_diff_vs_ours"": 2.5695818374342154e-05}",812.8,,ok,LIKE-FOR-LIKE-SPAN,MATCHED
nvidia,neural/mamba2-forward/gaussian/shape=full,gaussian,B1 L2048 DM384,fit_or_operation,ours,mojolearn,0.8.25,gpu,NVIDIA L40S,identical,13.329745270311832,1,{},200.4,908.0,ok,LIKE-FOR-LIKE-SPAN,MATCHED
nvidia,neural/mamba2-forward/gaussian/shape=full,gaussian,B1 L2048 DM384,fit_or_operation,mamba-ssm-fp32,mamba-ssm,2.3.2.post1+ge9594ce1c732,gpu,NVIDIA L40S,opponent,3.925904631614685,1,"{""max_abs_diff_vs_ours"": 1.9073486328125e-06, ""max_rel_diff_vs_ours"": 6.484539722507092e-07}",1460.8,58.6,ok,LIKE-FOR-LIKE-SPAN,MATCHED
nvidia,neural/mamba2-forward/gaussian/shape=full,gaussian,B1 L2048 DM384,fit_or_operation,mamba-ssm-tf32,mamba-ssm,2.3.2.post1+ge9594ce1c732,gpu,NVIDIA L40S,opponent,2.9119355604052544,1,"{""max_abs_diff_vs_ours"": 0.0005125999450683594, ""max_rel_diff_vs_ours"": 0.00017427200504237808}",1289.7,58.6,ok,LIKE-FOR-LIKE-SPAN,MATCHED
nvidia,neural/mamba2-forward/gaussian/shape=full,gaussian,B1 L2048 DM384,fit_or_operation,torch-compile-bf16,torch,2.13.0+cu129,gpu,NVIDIA L40S,opponent,21.725687198340893,1,"{""max_abs_diff_vs_ours"": 0.007543683052062988, ""max_rel_diff_vs_ours"": 0.0025646759886248202}",1383.4,1692.8,ok,LIKE-FOR-LIKE-SPAN,MATCHED
nvidia,neural/mamba2-forward/gaussian/shape=full,gaussian,B1 L2048 DM384,fit_or_operation,torch-compile-fp32,torch,2.13.0+cu129,gpu,NVIDIA L40S,opponent,26.10443439334631,1,"{""max_abs_diff_vs_ours"": 2.1457672119140625e-06, ""max_rel_diff_vs_ours"": 7.295107187820478e-07}",1250.8,3228.4,ok,LIKE-FOR-LIKE-SPAN,MATCHED
nvidia,neural/mamba2-forward/gaussian/shape=full,gaussian,B1 L2048 DM384,fit_or_operation,torch-compile-tf32,torch,2.13.0+cu129,gpu,NVIDIA L40S,opponent,26.456987485289574,1,"{""max_abs_diff_vs_ours"": 0.0005090236663818359, ""max_rel_diff_vs_ours"": 0.00017305615384440802}",1208.0,3228.4,ok,LIKE-FOR-LIKE-SPAN,MATCHED
nvidia,neural/mamba2-forward/gaussian/shape=full,gaussian,B1 L2048 DM384,fit_or_operation,torch-eager-bf16,torch,2.13.0+cu129,gpu,NVIDIA L40S,opponent,21.68426662683487,1,"{""max_abs_diff_vs_ours"": 0.007543683052062988, ""max_rel_diff_vs_ours"": 0.0025646759886248202}",1326.0,1692.8,ok,LIKE-FOR-LIKE-SPAN,MATCHED
nvidia,neural/mamba2-forward/gaussian/shape=full,gaussian,B1 L2048 DM384,fit_or_operation,torch-eager-fp32,torch,2.13.0+cu129,gpu,NVIDIA L40S,opponent,25.814383290708065,1,"{""max_abs_diff_vs_ours"": 2.1457672119140625e-06, ""max_rel_diff_vs_ours"": 7.295107187820478e-07}",1192.2,3228.4,ok,LIKE-FOR-LIKE-SPAN,MATCHED
nvidia,neural/mamba2-forward/gaussian/shape=full,gaussian,B1 L2048 DM384,fit_or_operation,torch-eager-tf32,torch,2.13.0+cu129,gpu,NVIDIA L40S,opponent,25.70210210978985,1,"{""max_abs_diff_vs_ours"": 0.0005090236663818359, ""max_rel_diff_vs_ours"": 0.00017305615384440802}",1181.2,3228.4,ok,LIKE-FOR-LIKE-SPAN,MATCHED
nvidia,neural/mamba2-infer/gaussian/shape=full,gaussian,B1 L512 DM384,fit_or_operation,ours,mojolearn,0.8.25,cpu,,identical,82.850924693048,1,{},126.5,,ok,LIKE-FOR-LIKE-SPAN,MATCHED
nvidia,neural/mamba2-infer/gaussian/shape=full,gaussian,B1 L512 DM384,fit_or_operation,torch-cpu-eager-fp32,torch,2.13.0+cu129,cpu,AMD EPYC 9554 64-Core Processor,opponent,307.04519618302584,1,"{""max_abs_diff_vs_ours"": 7.748603820800781e-07, ""max_rel_diff_vs_ours"": 2.751383776723767e-07}",1428.2,,ok,LIKE-FOR-LIKE-SPAN,MATCHED
nvidia,neural/mamba2-infer/gaussian/shape=full,gaussian,B1 L512 DM384,fit_or_operation,torch-cpu-compile-fp32,torch,2.13.0+cu129,cpu,AMD EPYC 9554 64-Core Processor,opponent,291.91525653004646,1,"{""max_abs_diff_vs_ours"": 7.748603820800781e-07, ""max_rel_diff_vs_ours"": 2.751383776723767e-07}",1626.6,,ok,LIKE-FOR-LIKE-SPAN,MATCHED
nvidia,neural/mamba2-infer/gaussian/shape=full,gaussian,B1 L512 DM384,fit_or_operation,torch-cpu-eager-bf16,torch,2.13.0+cu129,cpu,AMD EPYC 9554 64-Core Processor,opponent,218.7620447948575,1,"{""max_abs_diff_vs_ours"": 0.00592041015625, ""max_rel_diff_vs_ours"": 0.00210222652134168}",1066.8,,ok,LIKE-FOR-LIKE-SPAN,MATCHED
nvidia,neural/mamba2-infer/gaussian/shape=full,gaussian,B1 L512 DM384,fit_or_operation,torch-cpu-compile-bf16,torch,2.13.0+cu129,cpu,AMD EPYC 9554 64-Core Processor,opponent,268.18268094211817,1,"{""max_abs_diff_vs_ours"": 0.00592041015625, ""max_rel_diff_vs_ours"": 0.00210222652134168}",1234.5,,ok,LIKE-FOR-LIKE-SPAN,MATCHED
nvidia,neural/mamba3-forward/gaussian/shape=full,gaussian,B1 L2048 DM384,fit_or_operation,ours,mojolearn,0.8.25,gpu,NVIDIA L40S,identical,5.737150087952614,1,{},1505.0,908.0,ok,LIKE-FOR-LIKE-SPAN,MATCHED
nvidia,neural/mamba3-forward/gaussian/shape=full,gaussian,B1 L2048 DM384,fit_or_operation,mamba-ssm-fp32,mamba-ssm,2.3.2.post1+ge9594ce1c732,gpu,NVIDIA L40S,opponent,4.455678164958954,1,"{""max_abs_diff_vs_ours"": 0.001234591007232666, ""max_rel_diff_vs_ours"": 0.0005401046968169886}",1414.9,70.0,ok,LIKE-FOR-LIKE-SPAN,MATCHED
nvidia,neural/mamba3-forward/gaussian/shape=full,gaussian,B1 L2048 DM384,fit_or_operation,mamba-ssm-tf32,mamba-ssm,2.3.2.post1+ge9594ce1c732,gpu,NVIDIA L40S,opponent,4.098204895853996,1,"{""max_abs_diff_vs_ours"": 0.001375686377286911, ""max_rel_diff_vs_ours"": 0.000601830621936308}",1410.9,70.0,ok,LIKE-FOR-LIKE-SPAN,MATCHED
nvidia,neural/mamba3-forward/gaussian/shape=full,gaussian,B1 L2048 DM384,fit_or_operation,torch-compile-bf16,torch,2.13.0+cu129,gpu,NVIDIA L40S,opponent,9.069698862731457,1,"{""max_abs_diff_vs_ours"": 0.0019822120666503906, ""max_rel_diff_vs_ours"": 0.0008671714284432854}",3809.6,90.5,ok,LIKE-FOR-LIKE-SPAN,MATCHED
nvidia,neural/mamba3-forward/gaussian/shape=full,gaussian,B1 L2048 DM384,fit_or_operation,torch-compile-fp32,torch,2.13.0+cu129,gpu,NVIDIA L40S,opponent,13.532286509871483,1,"{""max_abs_diff_vs_ours"": 4.76837158203125e-07, ""max_rel_diff_vs_ours"": 2.0860510667387188e-07}",3465.6,83.6,ok,LIKE-FOR-LIKE-SPAN,MATCHED
nvidia,neural/mamba3-forward/gaussian/shape=full,gaussian,B1 L2048 DM384,fit_or_operation,torch-compile-tf32,torch,2.13.0+cu129,gpu,NVIDIA L40S,opponent,9.33747086673975,1,"{""max_abs_diff_vs_ours"": 0.00017982721328735352, ""max_rel_diff_vs_ours"": 7.867020085438394e-05}",3068.5,83.6,ok,LIKE-FOR-LIKE-SPAN,MATCHED
nvidia,neural/mamba3-forward/gaussian/shape=full,gaussian,B1 L2048 DM384,fit_or_operation,torch-eager-bf16,torch,2.13.0+cu129,gpu,NVIDIA L40S,opponent,83.8224133476615,1,"{""max_abs_diff_vs_ours"": 0.0020946860313415527, ""max_rel_diff_vs_ours"": 0.000916376157979985}",1313.7,212.6,ok,LIKE-FOR-LIKE-SPAN,MATCHED
nvidia,neural/mamba3-forward/gaussian/shape=full,gaussian,B1 L2048 DM384,fit_or_operation,torch-eager-fp32,torch,2.13.0+cu129,gpu,NVIDIA L40S,opponent,83.65264162421227,1,"{""max_abs_diff_vs_ours"": 4.76837158203125e-07, ""max_rel_diff_vs_ours"": 2.0860510667387188e-07}",1190.9,219.7,ok,LIKE-FOR-LIKE-SPAN,MATCHED
nvidia,neural/mamba3-forward/gaussian/shape=full,gaussian,B1 L2048 DM384,fit_or_operation,torch-eager-tf32,torch,2.13.0+cu129,gpu,NVIDIA L40S,opponent,83.88905320316553,1,"{""max_abs_diff_vs_ours"": 0.00018271803855895996, ""max_rel_diff_vs_ours"": 7.993486931359428e-05}",1186.6,219.7,ok,LIKE-FOR-LIKE-SPAN,MATCHED
nvidia,neural/mamba3-infer/gaussian/shape=full,gaussian,B1 L512 DM384,fit_or_operation,ours,mojolearn,0.8.25,cpu,,identical,73.85968696326017,1,{},134.2,,ok,LIKE-FOR-LIKE-SPAN,MATCHED
nvidia,neural/mamba3-infer/gaussian/shape=full,gaussian,B1 L512 DM384,fit_or_operation,torch-cpu-eager-fp32,torch,2.13.0+cu129,cpu,AMD EPYC 9554 64-Core Processor,opponent,127.41320766508579,1,"{""max_abs_diff_vs_ours"": 2.384185791015625e-07, ""max_rel_diff_vs_ours"": 1.0595878288112951e-07}",766.1,,ok,LIKE-FOR-LIKE-SPAN,MATCHED
nvidia,neural/mamba3-infer/gaussian/shape=full,gaussian,B1 L512 DM384,fit_or_operation,torch-cpu-compile-fp32,torch,2.13.0+cu129,cpu,AMD EPYC 9554 64-Core Processor,opponent,66.5326938033104,1,"{""max_abs_diff_vs_ours"": 2.980232238769531e-07, ""max_rel_diff_vs_ours"": 1.3244847860141188e-07}",1151.0,,ok,LIKE-FOR-LIKE-SPAN,MATCHED
nvidia,neural/mamba3-infer/gaussian/shape=full,gaussian,B1 L512 DM384,fit_or_operation,torch-cpu-eager-bf16,torch,2.13.0+cu129,cpu,AMD EPYC 9554 64-Core Processor,opponent,30.543582513928413,1,"{""max_abs_diff_vs_ours"": 0.002148151397705078, ""max_rel_diff_vs_ours"": 0.0009546886337589768}",764.1,,ok,LIKE-FOR-LIKE-SPAN,MATCHED
nvidia,neural/mamba3-infer/gaussian/shape=full,gaussian,B1 L512 DM384,fit_or_operation,torch-cpu-compile-bf16,torch,2.13.0+cu129,cpu,AMD EPYC 9554 64-Core Processor,opponent,66.29222258925438,1,"{""max_abs_diff_vs_ours"": 0.0020397305488586426, ""max_rel_diff_vs_ours"": 0.0009065038772437832}",1151.6,,ok,LIKE-FOR-LIKE-SPAN,MATCHED
nvidia,neural/mlp-infer/gaussian/shape=full,gaussian,rows256 8-16-3,fit_or_operation,ours,mojolearn,0.8.25,cpu,,identical,0.2483520656824112,1,{},81.1,,ok,LIKE-FOR-LIKE-SPAN,MATCHED
nvidia,neural/mlp-infer/gaussian/shape=full,gaussian,rows256 8-16-3,fit_or_operation,torch-cpu-eager-fp32,torch,2.13.0+cu129,cpu,AMD EPYC 9554 64-Core Processor,opponent,29.596486128866673,1,"{""max_abs_diff_vs_ours"": 1.1920928955078125e-07, ""max_rel_diff_vs_ours"": 1.1004068424177787e-07}",515.2,,ok,LIKE-FOR-LIKE-SPAN,MATCHED
nvidia,neural/mlp-infer/gaussian/shape=full,gaussian,rows256 8-16-3,fit_or_operation,torch-cpu-compile-fp32,torch,2.13.0+cu129,cpu,AMD EPYC 9554 64-Core Processor,opponent,15.290381386876106,1,"{""max_abs_diff_vs_ours"": 1.1920928955078125e-07, ""max_rel_diff_vs_ours"": 1.1004068424177787e-07}",834.2,,ok,LIKE-FOR-LIKE-SPAN,MATCHED
nvidia,neural/mlp-infer/gaussian/shape=full,gaussian,rows256 8-16-3,fit_or_operation,torch-cpu-eager-bf16,torch,2.13.0+cu129,cpu,AMD EPYC 9554 64-Core Processor,opponent,16.309170983731747,1,"{""max_abs_diff_vs_ours"": 0.004285156726837158, ""max_rel_diff_vs_ours"": 0.003955577456097068}",534.4,,ok,LIKE-FOR-LIKE-SPAN,MATCHED
nvidia,neural/mlp-infer/gaussian/shape=full,gaussian,rows256 8-16-3,fit_or_operation,torch-cpu-compile-bf16,torch,2.13.0+cu129,cpu,AMD EPYC 9554 64-Core Processor,opponent,12.937632389366627,1,"{""max_abs_diff_vs_ours"": 0.004285156726837158, ""max_rel_diff_vs_ours"": 0.003955577456097068}",848.5,,ok,LIKE-FOR-LIKE-SPAN,MATCHED
nvidia,neural/mlp-train-step/gaussian/shape=full,gaussian,rows256 8-16-3,fit_or_operation,ours,mojolearn,0.8.25,gpu,NVIDIA L40S,identical,2.4486612528562546,1,"{""loss_first_step"": 1.1604011058807373, ""loss_last_step"": 1.1233608722686768, ""steps"": 2}",1493.4,682.0,ok,LIKE-FOR-LIKE-SPAN,MATCHED
nvidia,neural/mlp-train-step/gaussian/shape=full,gaussian,rows256 8-16-3,fit_or_operation,torch-eager-fp32,torch,2.13.0+cu129,gpu,NVIDIA L40S,opponent,1.770704984664917,1,"{""loss_first_abs_diff_vs_ours"": 2.384185791015625e-07, ""loss_first_step"": 1.1604008674621582, ""loss_last_abs_diff_vs_ours"": 2.384185791015625e-07, ""loss_last_step"": 1.1233611106872559, ""steps"": 2}",1013.9,16.3,ok,LIKE-FOR-LIKE-SPAN,MATCHED
nvidia,neural/mlp-train-step/gaussian/shape=full,gaussian,rows256 8-16-3,fit_or_operation,torch-eager-tf32,torch,2.13.0+cu129,gpu,NVIDIA L40S,opponent,1.6617141664028168,1,"{""loss_first_abs_diff_vs_ours"": 8.940696716308594e-06, ""loss_first_step"": 1.160392165184021, ""loss_last_abs_diff_vs_ours"": 5.4836273193359375e-06, ""loss_last_step"": 1.1233553886413574, ""steps"": 2}",1016.8,16.3,ok,LIKE-FOR-LIKE-SPAN,MATCHED
nvidia,neural/mlp-train-step/gaussian/shape=full,gaussian,rows256 8-16-3,fit_or_operation,torch-compile-fp32,torch,2.13.0+cu129,gpu,NVIDIA L40S,opponent,2.316359430551529,1,"{""loss_first_abs_diff_vs_ours"": 2.384185791015625e-07, ""loss_first_step"": 1.1604008674621582, ""loss_last_abs_diff_vs_ours"": 2.384185791015625e-07, ""loss_last_step"": 1.1233611106872559, ""steps"": 2}",1104.6,16.3,ok,LIKE-FOR-LIKE-SPAN,MATCHED
nvidia,neural/mlp-train-step/gaussian/shape=full,gaussian,rows256 8-16-3,fit_or_operation,torch-compile-tf32,torch,2.13.0+cu129,gpu,NVIDIA L40S,opponent,2.4310005828738213,1,"{""loss_first_abs_diff_vs_ours"": 8.940696716308594e-06, ""loss_first_step"": 1.160392165184021, ""loss_last_abs_diff_vs_ours"": 5.602836608886719e-06, ""loss_last_step"": 1.1233552694320679, ""steps"": 2}",1048.9,16.3,ok,LIKE-FOR-LIKE-SPAN,MATCHED
nvidia,neural/mlp-train-step/gaussian/shape=full,gaussian,rows256 8-16-3,fit_or_operation,torch-eager-bf16,torch,2.13.0+cu129,gpu,NVIDIA L40S,opponent,2.0172372460365295,1,"{""loss_first_abs_diff_vs_ours"": 9.655952453613281e-05, ""loss_first_step"": 1.1604976654052734, ""loss_last_abs_diff_vs_ours"": 0.00010061264038085938, ""loss_last_step"": 1.1234614849090576, ""steps"": 2}",1228.8,16.3,ok,LIKE-FOR-LIKE-SPAN,MATCHED
nvidia,neural/mlp-train-step/gaussian/shape=full,gaussian,rows256 8-16-3,fit_or_operation,torch-compile-bf16,torch,2.13.0+cu129,gpu,NVIDIA L40S,opponent,2.182338386774063,1,"{""loss_first_abs_diff_vs_ours"": 9.655952453613281e-05, ""loss_first_step"": 1.1604976654052734, ""loss_last_abs_diff_vs_ours"": 0.00010073184967041016, ""loss_last_step"": 1.1234616041183472, ""steps"": 2}",1295.5,16.3,ok,LIKE-FOR-LIKE-SPAN,MATCHED
nvidia,neural/samba-forward/bytes/shape=full,bytes,B2 L512 DM384 V256 H6 FF1024 layers mamba3+attention+mamba3+attention,fit_or_operation,ours,mojolearn,0.8.25,gpu,NVIDIA L40S,identical,12.016895227134228,1,"{""mean_nll"": 5.635909657868805}",1596.8,900.0,ok,LIKE-FOR-LIKE-SPAN,MATCHED
nvidia,neural/samba-forward/bytes/shape=full,bytes,B2 L512 DM384 V256 H6 FF1024 layers mamba3+attention+mamba3+attention,fit_or_operation,torch-eager-fp32,torch,2.13.0+cu129,gpu,NVIDIA L40S,opponent,46.11783195286989,1,"{""max_abs_diff_vs_ours"": 2.2351741790771484e-06, ""max_rel_diff_vs_ours"": 1.2566399177735262e-06, ""mean_nll"": 5.6359096626758}",1260.1,137.4,ok,LIKE-FOR-LIKE-SPAN,MATCHED
nvidia,neural/samba-forward/bytes/shape=full,bytes,B2 L512 DM384 V256 H6 FF1024 layers mamba3+attention+mamba3+attention,fit_or_operation,torch-eager-tf32,torch,2.13.0+cu129,gpu,NVIDIA L40S,opponent,46.440823934972286,1,"{""max_abs_diff_vs_ours"": 0.0015774667263031006, ""max_rel_diff_vs_ours"": 0.0008868694331689403, ""mean_nll"": 5.6359479304900955}",1238.9,137.4,ok,LIKE-FOR-LIKE-SPAN,MATCHED
nvidia,neural/samba-forward/bytes/shape=full,bytes,B2 L512 DM384 V256 H6 FF1024 layers mamba3+attention+mamba3+attention,fit_or_operation,torch-compile-fp32,torch,2.13.0+cu129,gpu,NVIDIA L40S,opponent,5.965392105281353,1,"{""max_abs_diff_vs_ours"": 2.0563602447509766e-06, ""max_rel_diff_vs_ours"": 1.1561087243516442e-06, ""mean_nll"": 5.635909665714902}",1861.2,64.2,ok,LIKE-FOR-LIKE-SPAN,MATCHED
nvidia,neural/samba-forward/bytes/shape=full,bytes,B2 L512 DM384 V256 H6 FF1024 layers mamba3+attention+mamba3+attention,fit_or_operation,torch-compile-tf32,torch,2.13.0+cu129,gpu,NVIDIA L40S,opponent,5.022924393415451,1,"{""max_abs_diff_vs_ours"": 0.0015095863491296768, ""max_rel_diff_vs_ours"": 0.0008487063260660898, ""mean_nll"": 5.635955500335601}",1723.9,64.2,ok,LIKE-FOR-LIKE-SPAN,MATCHED
nvidia,neural/samba-forward/bytes/shape=full,bytes,B2 L512 DM384 V256 H6 FF1024 layers mamba3+attention+mamba3+attention,fit_or_operation,torch-eager-bf16,torch,2.13.0+cu129,gpu,NVIDIA L40S,opponent,48.17013815045357,1,"{""max_abs_diff_vs_ours"": 0.019621405750513077, ""max_rel_diff_vs_ours"": 0.011031373724577504, ""mean_nll"": 5.635951736544965}",1365.6,142.8,ok,LIKE-FOR-LIKE-SPAN,MATCHED
nvidia,neural/samba-forward/bytes/shape=full,bytes,B2 L512 DM384 V256 H6 FF1024 layers mamba3+attention+mamba3+attention,fit_or_operation,torch-compile-bf16,torch,2.13.0+cu129,gpu,NVIDIA L40S,opponent,5.32605592161417,1,"{""max_abs_diff_vs_ours"": 0.016407370567321777, ""max_rel_diff_vs_ours"": 0.009224407204413828, ""mean_nll"": 5.635985353115783}",2105.1,73.6,ok,LIKE-FOR-LIKE-SPAN,MATCHED
nvidia,neural/samba-infer/bytes/shape=full,bytes,B2 L512 DM384 V256 H6 FF1024 layers mamba3+attention+mamba3+attention,fit_or_operation,ours,mojolearn,0.8.25,cpu,,identical,450.03928523510695,1,"{""mean_nll"": 5.635909657868805}",248.4,,ok,LIKE-FOR-LIKE-SPAN,MATCHED
nvidia,neural/samba-infer/bytes/shape=full,bytes,B2 L512 DM384 V256 H6 FF1024 layers mamba3+attention+mamba3+attention,fit_or_operation,torch-cpu-eager-fp32,torch,2.13.0+cu129,cpu,AMD EPYC 9554 64-Core Processor,opponent,384.6270302310586,1,"{""max_abs_diff_vs_ours"": 2.175569534301758e-06, ""max_rel_diff_vs_ours"": 1.2231295199662323e-06, ""mean_nll"": 5.635909676776871}",862.4,,ok,LIKE-FOR-LIKE-SPAN,MATCHED
nvidia,neural/samba-infer/bytes/shape=full,bytes,B2 L512 DM384 V256 H6 FF1024 layers mamba3+attention+mamba3+attention,fit_or_operation,torch-cpu-compile-fp32,torch,2.13.0+cu129,cpu,AMD EPYC 9554 64-Core Processor,opponent,282.69348107278347,1,"{""max_abs_diff_vs_ours"": 1.8477439880371094e-06, ""max_rel_diff_vs_ours"": 1.0388223320261151e-06, ""mean_nll"": 5.63590967149395}",1510.6,,ok,LIKE-FOR-LIKE-SPAN,MATCHED
nvidia,neural/samba-infer/bytes/shape=full,bytes,B2 L512 DM384 V256 H6 FF1024 layers mamba3+attention+mamba3+attention,fit_or_operation,torch-cpu-eager-bf16,torch,2.13.0+cu129,cpu,AMD EPYC 9554 64-Core Processor,opponent,221.36398125439882,1,"{""max_abs_diff_vs_ours"": 0.018278632313013077, ""max_rel_diff_vs_ours"": 0.010276451482774784, ""mean_nll"": 5.635976452710825}",922.3,,ok,LIKE-FOR-LIKE-SPAN,MATCHED
nvidia,neural/samba-infer/bytes/shape=full,bytes,B2 L512 DM384 V256 H6 FF1024 layers mamba3+attention+mamba3+attention,fit_or_operation,torch-cpu-compile-bf16,torch,2.13.0+cu129,cpu,AMD EPYC 9554 64-Core Processor,opponent,181.99806101620197,1,"{""max_abs_diff_vs_ours"": 0.01616556942462921, ""max_rel_diff_vs_ours"": 0.009088463898109089, ""mean_nll"": 5.635914233858429}",1521.3,,ok,LIKE-FOR-LIKE-SPAN,MATCHED
nvidia,neural/samba-train-step/bytes/shape=full,bytes,B2 L512 DM384 V256 H6 FF1024 layers mamba3+attention+mamba3+attention,fit_or_operation,ours,mojolearn,0.8.25,gpu,NVIDIA L40S,identical,159.37259700149298,1,"{""loss_first_step"": 5.6359100341796875, ""loss_last_step"": 4.8339338302612305, ""steps"": 2}",1676.1,1156.0,ok,LIKE-FOR-LIKE-SPAN,MATCHED
nvidia,neural/samba-train-step/bytes/shape=full,bytes,B2 L512 DM384 V256 H6 FF1024 layers mamba3+attention+mamba3+attention,fit_or_operation,torch-compile-bf16,torch,2.13.0+cu129,gpu,NVIDIA L40S,opponent,,0,{},,,REFUSED(timeout: null),LIKE-FOR-LIKE-SPAN,MATCHED
nvidia,neural/samba-train-step/bytes/shape=full,bytes,B2 L512 DM384 V256 H6 FF1024 layers mamba3+attention+mamba3+attention,fit_or_operation,torch-compile-fp32,torch,2.13.0+cu129,gpu,NVIDIA L40S,opponent,57.52381030470133,1,"{""loss_first_abs_diff_vs_ours"": 0.0, ""loss_first_step"": 5.6359100341796875, ""loss_last_abs_diff_vs_ours"": 4.76837158203125e-07, ""loss_last_step"": 4.833934307098389, ""steps"": 2}",2932.3,311.2,ok,LIKE-FOR-LIKE-SPAN,MATCHED
nvidia,neural/samba-train-step/bytes/shape=full,bytes,B2 L512 DM384 V256 H6 FF1024 layers mamba3+attention+mamba3+attention,fit_or_operation,torch-compile-tf32,torch,2.13.0+cu129,gpu,NVIDIA L40S,opponent,43.60312037169933,1,"{""loss_first_abs_diff_vs_ours"": 3.814697265625e-05, ""loss_first_step"": 5.635948181152344, ""loss_last_abs_diff_vs_ours"": 0.00018548965454101562, ""loss_last_step"": 4.8337483406066895, ""steps"": 2}",2371.0,316.8,ok,LIKE-FOR-LIKE-SPAN,MATCHED
nvidia,neural/samba-train-step/bytes/shape=full,bytes,B2 L512 DM384 V256 H6 FF1024 layers mamba3+attention+mamba3+attention,fit_or_operation,torch-eager-bf16,torch,2.13.0+cu129,gpu,NVIDIA L40S,opponent,157.48643968254328,1,"{""loss_first_abs_diff_vs_ours"": 4.1961669921875e-05, ""loss_first_step"": 5.635951995849609, ""loss_last_abs_diff_vs_ours"": 3.337860107421875e-05, ""loss_last_step"": 4.833967208862305, ""steps"": 2}",1519.5,330.6,ok,LIKE-FOR-LIKE-SPAN,MATCHED
nvidia,neural/samba-train-step/bytes/shape=full,bytes,B2 L512 DM384 V256 H6 FF1024 layers mamba3+attention+mamba3+attention,fit_or_operation,torch-eager-fp32,torch,2.13.0+cu129,gpu,NVIDIA L40S,opponent,134.21271741390228,1,"{""loss_first_abs_diff_vs_ours"": 4.76837158203125e-07, ""loss_first_step"": 5.635909557342529, ""loss_last_abs_diff_vs_ours"": 4.76837158203125e-07, ""loss_last_step"": 4.833934307098389, ""steps"": 2}",1400.9,382.4,ok,LIKE-FOR-LIKE-SPAN,MATCHED
nvidia,neural/samba-train-step/bytes/shape=full,bytes,B2 L512 DM384 V256 H6 FF1024 layers mamba3+attention+mamba3+attention,fit_or_operation,torch-eager-tf32,torch,2.13.0+cu129,gpu,NVIDIA L40S,opponent,147.6073833182454,1,"{""loss_first_abs_diff_vs_ours"": 3.814697265625e-05, ""loss_first_step"": 5.635948181152344, ""loss_last_abs_diff_vs_ours"": 0.00034332275390625, ""loss_last_step"": 4.833590507507324, ""steps"": 2}",1394.7,382.4,ok,LIKE-FOR-LIKE-SPAN,MATCHED
nvidia,neural/transformer-forward/gaussian/shape=full,gaussian,B1 L2048 DM384 H6 KV6 HD64 FF1024,fit_or_operation,ours,mojolearn,0.8.25,gpu,NVIDIA L40S,identical,6.510167382657528,1,{},1507.1,900.0,ok,LIKE-FOR-LIKE-SPAN,MATCHED
nvidia,neural/transformer-forward/gaussian/shape=full,gaussian,B1 L2048 DM384 H6 KV6 HD64 FF1024,fit_or_operation,torch-eager-fp32,torch,2.13.0+cu129,gpu,NVIDIA L40S,opponent,3.75154335051775,1,"{""max_abs_diff_vs_ours"": 4.76837158203125e-07, ""max_rel_diff_vs_ours"": 1.0202790667303321e-07}",1097.7,78.4,ok,LIKE-FOR-LIKE-SPAN,MATCHED
nvidia,neural/transformer-forward/gaussian/shape=full,gaussian,B1 L2048 DM384 H6 KV6 HD64 FF1024,fit_or_operation,torch-eager-tf32,torch,2.13.0+cu129,gpu,NVIDIA L40S,opponent,3.7931734696030617,1,"{""max_abs_diff_vs_ours"": 0.0002124309539794922, ""max_rel_diff_vs_ours"": 4.5453432422836294e-05}",1092.7,78.4,ok,LIKE-FOR-LIKE-SPAN,MATCHED
nvidia,neural/transformer-forward/gaussian/shape=full,gaussian,B1 L2048 DM384 H6 KV6 HD64 FF1024,fit_or_operation,torch-compile-fp32,torch,2.13.0+cu129,gpu,NVIDIA L40S,opponent,4.669461399316788,1,"{""max_abs_diff_vs_ours"": 4.76837158203125e-07, ""max_rel_diff_vs_ours"": 1.0202790667303321e-07}",994.8,46.9,ok,LIKE-FOR-LIKE-SPAN,MATCHED
nvidia,neural/transformer-forward/gaussian/shape=full,gaussian,B1 L2048 DM384 H6 KV6 HD64 FF1024,fit_or_operation,torch-compile-tf32,torch,2.13.0+cu129,gpu,NVIDIA L40S,opponent,3.4387297928333282,1,"{""max_abs_diff_vs_ours"": 0.0002124309539794922, ""max_rel_diff_vs_ours"": 4.5453432422836294e-05}",946.1,46.9,ok,LIKE-FOR-LIKE-SPAN,MATCHED
nvidia,neural/transformer-forward/gaussian/shape=full,gaussian,B1 L2048 DM384 H6 KV6 HD64 FF1024,fit_or_operation,torch-eager-bf16,torch,2.13.0+cu129,gpu,NVIDIA L40S,opponent,3.58573067933321,1,"{""max_abs_diff_vs_ours"": 0.0018194019794464111, ""max_rel_diff_vs_ours"": 0.0003892938546551253}",1287.2,80.1,ok,LIKE-FOR-LIKE-SPAN,MATCHED
nvidia,neural/transformer-forward/gaussian/shape=full,gaussian,B1 L2048 DM384 H6 KV6 HD64 FF1024,fit_or_operation,torch-compile-bf16,torch,2.13.0+cu129,gpu,NVIDIA L40S,opponent,4.2737554758787155,1,"{""max_abs_diff_vs_ours"": 0.0018194019794464111, ""max_rel_diff_vs_ours"": 0.0003892938546551253}",1228.9,41.8,ok,LIKE-FOR-LIKE-SPAN,MATCHED
nvidia,neural/transformer-infer/gaussian/shape=full,gaussian,B1 L512 DM384 H6 KV6 HD64 FF1024,fit_or_operation,ours,mojolearn,0.8.25,cpu,,identical,78.81152909249067,1,{},144.4,,ok,LIKE-FOR-LIKE-SPAN,MATCHED
nvidia,neural/transformer-infer/gaussian/shape=full,gaussian,B1 L512 DM384 H6 KV6 HD64 FF1024,fit_or_operation,torch-cpu-eager-fp32,torch,2.13.0+cu129,cpu,AMD EPYC 9554 64-Core Processor,opponent,93.19540299475193,1,"{""max_abs_diff_vs_ours"": 4.76837158203125e-07, ""max_rel_diff_vs_ours"": 1.0764667047233529e-07}",727.6,,ok,LIKE-FOR-LIKE-SPAN,MATCHED
nvidia,neural/transformer-infer/gaussian/shape=full,gaussian,B1 L512 DM384 H6 KV6 HD64 FF1024,fit_or_operation,torch-cpu-compile-fp32,torch,2.13.0+cu129,cpu,AMD EPYC 9554 64-Core Processor,opponent,7.844877429306507,1,"{""max_abs_diff_vs_ours"": 9.5367431640625e-07, ""max_rel_diff_vs_ours"": 2.1529334094467058e-07}",895.6,,ok,LIKE-FOR-LIKE-SPAN,MATCHED
nvidia,neural/transformer-infer/gaussian/shape=full,gaussian,B1 L512 DM384 H6 KV6 HD64 FF1024,fit_or_operation,torch-cpu-eager-bf16,torch,2.13.0+cu129,cpu,AMD EPYC 9554 64-Core Processor,opponent,8.038369007408619,1,"{""max_abs_diff_vs_ours"": 0.0019414722919464111, ""max_rel_diff_vs_ours"": 0.00043829014674501765}",740.1,,ok,LIKE-FOR-LIKE-SPAN,MATCHED
nvidia,neural/transformer-infer/gaussian/shape=full,gaussian,B1 L512 DM384 H6 KV6 HD64 FF1024,fit_or_operation,torch-cpu-compile-bf16,torch,2.13.0+cu129,cpu,AMD EPYC 9554 64-Core Processor,opponent,64.1457624733448,1,"{""max_abs_diff_vs_ours"": 0.0018194019794464111, ""max_rel_diff_vs_ours"": 0.0004107325991040998}",911.2,,ok,LIKE-FOR-LIKE-SPAN,MATCHED
nvidia,trees/et/istella/rows=full,istella,istella-2043304x220,fit_or_operation,ours,mojolearn,,gpu,NVIDIA L40S,identical,3763.248,1,"{""auc"": 0.937987, ""logloss"": 0.189989}",24132.4,,ok,COMPARABLE,MATCHED
nvidia,trees/et/istella/rows=full,istella,istella-2043304x220,fit_or_operation,sklearn-et-cpu,scikit-learn,1.7.2,cpu,,opponent,16539.655,1,"{""auc"": 0.937659, ""logloss"": 0.190177}",24890.4,,ok,COMPARABLE,MATCHED
nvidia,trees/et/istella/rows=full,istella,,inference,ours,mojolearn,,gpu,,identical,50.79,1,"{""auc"": 0.937987, ""auc_matches_fit"": true, ""logloss"": 0.189989, ""logloss_matches_fit"": true}",,,ok,COMPARABLE,MATCHED
nvidia,trees/et/istella/rows=full,istella,,inference,sklearn-et-cpu,scikit-learn,,cpu,,opponent,257.057,1,"{""auc"": 0.937659, ""auc_matches_fit"": true, ""logloss"": 0.190177, ""logloss_matches_fit"": true}",,,ok,COMPARABLE,MATCHED
nvidia,trees/et/istella/rows=full,istella,,inference,ours,mojolearn,,gpu,,identical,105.195,1,{},,,ok,COMPARABLE,MATCHED
nvidia,trees/et/istella/rows=full,istella,,inference,sklearn-et-cpu,scikit-learn,,cpu,,opponent,526.873,1,{},,,ok,COMPARABLE,MATCHED
nvidia,trees/et/taxi/rows=full,taxi,taxi-4110786x16,fit_or_operation,ours,mojolearn,,gpu,NVIDIA L40S,identical,2519.742,1,"{""auc"": 0.618907, ""logloss"": 0.526142}",10351.4,,ok,COMPARABLE,MATCHED
nvidia,trees/et/taxi/rows=full,taxi,taxi-4110786x16,fit_or_operation,sklearn-et-cpu,scikit-learn,1.7.2,cpu,,opponent,12501.477,1,"{""auc"": 0.619262, ""logloss"": 0.525951}",13627.4,,ok,COMPARABLE,MATCHED
nvidia,trees/et/taxi/rows=full,taxi,,inference,ours,mojolearn,,gpu,,identical,9.922,1,"{""auc"": 0.618907, ""auc_matches_fit"": true, ""logloss"": 0.526142, ""logloss_matches_fit"": true}",,,ok,COMPARABLE,MATCHED
nvidia,trees/et/taxi/rows=full,taxi,,inference,sklearn-et-cpu,scikit-learn,,cpu,,opponent,144.794,1,"{""auc"": 0.619262, ""auc_matches_fit"": true, ""logloss"": 0.525951, ""logloss_matches_fit"": true}",,,ok,COMPARABLE,MATCHED
nvidia,trees/et/taxi/rows=full,taxi,,inference,ours,mojolearn,,gpu,,identical,19.433,1,{},,,ok,COMPARABLE,MATCHED
nvidia,trees/et/taxi/rows=full,taxi,,inference,sklearn-et-cpu,scikit-learn,,cpu,,opponent,240.139,1,{},,,ok,COMPARABLE,MATCHED
nvidia,trees/gbdt-categorical/taxi/rows=full,taxi,taxicat-4110786x16,fit_or_operation,ours,mojolearn,,gpu,NVIDIA L40S,identical,15306.318,1,"{""auc"": 0.630363, ""logloss"": 0.528463}",5418.5,1524.0,ok,NOT-COMPARABLE,MATCHED
nvidia,trees/gbdt-categorical/taxi/rows=full,taxi,taxicat-4110786x16,fit_or_operation,catboost-gpu,catboost,1.2.10,gpu,NVIDIA L40S,opponent,26094.538,1,"{""auc"": 0.630433, ""logloss"": 0.528509}",6472.1,1524.0,ok,NOT-COMPARABLE,MATCHED
nvidia,trees/gbdt-categorical/taxi/rows=full,taxi,taxicat-4110786x16,fit_or_operation,xgboost-gpu,xgboost,3.2.0,gpu,NVIDIA L40S,opponent,13560.431,1,"{""auc"": 0.631978, ""logloss"": 0.528548}",4475.6,1524.0,ok,NOT-COMPARABLE,MATCHED
nvidia,trees/gbdt-categorical/taxi/rows=full,taxi,taxicat-4110786x16,fit_or_operation,lightgbm-cuda,lightgbm,4.7.0,gpu,NVIDIA L40S,opponent,,0,{},,,REFUSED(LightGBMError during warm-up: CUDA Tree Learner was not enabled in this build. Please recompile with CMake option),NOT-COMPARABLE,MATCHED
nvidia,trees/gbdt-categorical/taxi/rows=full,taxi,taxicat-4110786x16,fit_or_operation,catboost-cpu,catboost,,cpu,,opponent,,0,{},,,REFUSED(GPU-PATH-ONLY: catboost-cpu is a CPU arm and cpu was not requested on this accelerator box. On NVIDIA we compare against),NOT-COMPARABLE,MATCHED
nvidia,trees/gbdt-categorical/taxi/rows=full,taxi,taxicat-4110786x16,fit_or_operation,xgboost-cpu,xgboost,,cpu,,opponent,,0,{},,,REFUSED(GPU-PATH-ONLY: xgboost-cpu is a CPU arm and cpu was not requested on this accelerator box. On NVIDIA we compare against ),NOT-COMPARABLE,MATCHED
nvidia,trees/gbdt-categorical/taxi/rows=full,taxi,taxicat-4110786x16,fit_or_operation,lightgbm-cpu,lightgbm,,cpu,,opponent,,0,{},,,REFUSED(GPU-PATH-ONLY: lightgbm-cpu is a CPU arm and cpu was not requested on this accelerator box. On NVIDIA we compare against),NOT-COMPARABLE,MATCHED
nvidia,trees/gbdt-categorical/taxi/rows=full,taxi,,inference,ours,mojolearn,,gpu,,identical,171.607,1,"{""auc"": 0.630363, ""auc_matches_fit"": true, ""logloss"": 0.528463, ""logloss_matches_fit"": true}",,,ok,NOT-COMPARABLE,MATCHED
nvidia,trees/gbdt-categorical/taxi/rows=full,taxi,,inference,catboost-gpu,catboost,,gpu,,opponent,,0,{},,,"REFUSED(CatBoostError during warm-up: catboost/libs/model/cuda/evaluator.cpp:22: Model contains categorical features, GPU evaluation impossible)",NOT-COMPARABLE,MATCHED
nvidia,trees/gbdt-categorical/taxi/rows=full,taxi,,inference,xgboost-gpu,xgboost,,gpu,,opponent,69.201,1,"{""auc"": 0.631978, ""auc_matches_fit"": true, ""logloss"": 0.528548, ""logloss_matches_fit"": true}",,,ok,NOT-COMPARABLE,MATCHED
nvidia,trees/gbdt-categorical/taxi/rows=full,taxi,,inference,lightgbm-cuda,lightgbm,,gpu,,opponent,,0,{},,,UNKNOWN(no inference lines),NOT-COMPARABLE,MATCHED
nvidia,trees/gbdt-categorical/taxi/rows=full,taxi,,inference,ours,mojolearn,,gpu,,identical,309.846,1,{},,,ok,NOT-COMPARABLE,MATCHED
nvidia,trees/gbdt-categorical/taxi/rows=full,taxi,,inference,catboost-gpu,catboost,,gpu,,opponent,,0,{},,,"REFUSED(CatBoostError during warm-up: catboost/libs/model/cuda/evaluator.cpp:22: Model contains categorical features, GPU evaluation impossible)",NOT-COMPARABLE,MATCHED
nvidia,trees/gbdt-categorical/taxi/rows=full,taxi,,inference,xgboost-gpu,xgboost,,gpu,,opponent,193.751,1,{},,,ok,NOT-COMPARABLE,MATCHED
nvidia,trees/gbdt-categorical/taxi/rows=full,taxi,,inference,lightgbm-cuda,lightgbm,,gpu,,opponent,,0,{},,,UNKNOWN(no inference lines),NOT-COMPARABLE,MATCHED
nvidia,trees/gbdt-depthwise/istella/rows=full,istella,istella-2043304x220,fit_or_operation,ours,mojolearn,,gpu,NVIDIA L40S,identical,6410.048,1,"{""auc"": 0.979129, ""logloss"": 0.188483}",8697.5,1270.0,ok,NOT-COMPARABLE,MATCHED
nvidia,trees/gbdt-depthwise/istella/rows=full,istella,istella-2043304x220,fit_or_operation,catboost-gpu,catboost,1.2.10,gpu,NVIDIA L40S,opponent,9362.497,1,"{""auc"": 0.983291, ""logloss"": 0.155812}",7027.2,1270.0,ok,NOT-COMPARABLE,MATCHED
nvidia,trees/gbdt-depthwise/istella/rows=full,istella,istella-2043304x220,fit_or_operation,xgboost-gpu,xgboost,3.2.0,gpu,NVIDIA L40S,opponent,8075.526,1,"{""auc"": 0.983622, ""logloss"": 0.149263}",8157.7,1270.0,ok,NOT-COMPARABLE,MATCHED
nvidia,trees/gbdt-depthwise/istella/rows=full,istella,istella-2043304x220,fit_or_operation,catboost-cpu,catboost,,cpu,,opponent,,0,{},,,REFUSED(GPU-PATH-ONLY: catboost-cpu is a CPU arm and cpu was not requested on this accelerator box. On NVIDIA we compare against),NOT-COMPARABLE,MATCHED
nvidia,trees/gbdt-depthwise/istella/rows=full,istella,istella-2043304x220,fit_or_operation,xgboost-cpu,xgboost,,cpu,,opponent,,0,{},,,REFUSED(GPU-PATH-ONLY: xgboost-cpu is a CPU arm and cpu was not requested on this accelerator box. On NVIDIA we compare against ),NOT-COMPARABLE,MATCHED
nvidia,trees/gbdt-depthwise/istella/rows=full,istella,,inference,ours,mojolearn,,gpu,,identical,67.964,1,"{""auc"": 0.979129, ""auc_matches_fit"": true, ""logloss"": 0.188483, ""logloss_matches_fit"": true}",,,ok,NOT-COMPARABLE,MATCHED
nvidia,trees/gbdt-depthwise/istella/rows=full,istella,,inference,catboost-gpu,catboost,,gpu,,opponent,256.071,1,"{""auc"": 0.983291, ""auc_matches_fit"": true, ""logloss"": 0.155812, ""logloss_matches_fit"": true}",,,ok,NOT-COMPARABLE,MATCHED
nvidia,trees/gbdt-depthwise/istella/rows=full,istella,,inference,xgboost-gpu,xgboost,,gpu,,opponent,97.961,1,"{""auc"": 0.983622, ""auc_matches_fit"": true, ""logloss"": 0.149263, ""logloss_matches_fit"": true}",,,ok,NOT-COMPARABLE,MATCHED
nvidia,trees/gbdt-depthwise/istella/rows=full,istella,,inference,ours,mojolearn,,gpu,,identical,103.038,1,{},,,ok,NOT-COMPARABLE,MATCHED
nvidia,trees/gbdt-depthwise/istella/rows=full,istella,,inference,catboost-gpu,catboost,,gpu,,opponent,430.787,1,{},,,ok,NOT-COMPARABLE,MATCHED
nvidia,trees/gbdt-depthwise/istella/rows=full,istella,,inference,xgboost-gpu,xgboost,,gpu,,opponent,186.515,1,{},,,ok,NOT-COMPARABLE,MATCHED
nvidia,trees/gbdt-depthwise/taxi/rows=full,taxi,taxi-4110786x16,fit_or_operation,ours,mojolearn,,gpu,NVIDIA L40S,identical,4277.012,1,"{""auc"": 0.625417, ""logloss"": 0.530232}",3083.6,1266.0,ok,NOT-COMPARABLE,MATCHED
nvidia,trees/gbdt-depthwise/taxi/rows=full,taxi,taxi-4110786x16,fit_or_operation,catboost-gpu,catboost,1.2.10,gpu,NVIDIA L40S,opponent,6485.31,1,"{""auc"": 0.632248, ""logloss"": 0.528018}",2961.0,1266.0,ok,NOT-COMPARABLE,MATCHED
nvidia,trees/gbdt-depthwise/taxi/rows=full,taxi,taxi-4110786x16,fit_or_operation,xgboost-gpu,xgboost,3.2.0,gpu,NVIDIA L40S,opponent,3249.748,1,"{""auc"": 0.630969, ""logloss"": 0.528678}",2821.7,1266.0,ok,NOT-COMPARABLE,MATCHED
nvidia,trees/gbdt-depthwise/taxi/rows=full,taxi,taxi-4110786x16,fit_or_operation,catboost-cpu,catboost,,cpu,,opponent,,0,{},,,REFUSED(GPU-PATH-ONLY: catboost-cpu is a CPU arm and cpu was not requested on this accelerator box. On NVIDIA we compare against),NOT-COMPARABLE,MATCHED
nvidia,trees/gbdt-depthwise/taxi/rows=full,taxi,taxi-4110786x16,fit_or_operation,xgboost-cpu,xgboost,,cpu,,opponent,,0,{},,,REFUSED(GPU-PATH-ONLY: xgboost-cpu is a CPU arm and cpu was not requested on this accelerator box. On NVIDIA we compare against ),NOT-COMPARABLE,MATCHED
nvidia,trees/gbdt-depthwise/taxi/rows=full,taxi,,inference,ours,mojolearn,,gpu,,identical,39.35,1,"{""auc"": 0.625417, ""auc_matches_fit"": true, ""logloss"": 0.530232, ""logloss_matches_fit"": true}",,,ok,NOT-COMPARABLE,MATCHED
nvidia,trees/gbdt-depthwise/taxi/rows=full,taxi,,inference,catboost-gpu,catboost,,gpu,,opponent,178.318,1,"{""auc"": 0.632248, ""auc_matches_fit"": true, ""logloss"": 0.528018, ""logloss_matches_fit"": true}",,,ok,NOT-COMPARABLE,MATCHED
nvidia,trees/gbdt-depthwise/taxi/rows=full,taxi,,inference,xgboost-gpu,xgboost,,gpu,,opponent,10.621,1,"{""auc"": 0.630969, ""auc_matches_fit"": true, ""logloss"": 0.528678, ""logloss_matches_fit"": true}",,,ok,NOT-COMPARABLE,MATCHED
nvidia,trees/gbdt-depthwise/taxi/rows=full,taxi,,inference,ours,mojolearn,,gpu,,identical,46.352,1,{},,,ok,NOT-COMPARABLE,MATCHED
nvidia,trees/gbdt-depthwise/taxi/rows=full,taxi,,inference,catboost-gpu,catboost,,gpu,,opponent,307.427,1,{},,,ok,NOT-COMPARABLE,MATCHED
nvidia,trees/gbdt-depthwise/taxi/rows=full,taxi,,inference,xgboost-gpu,xgboost,,gpu,,opponent,18.813,1,{},,,ok,NOT-COMPARABLE,MATCHED
nvidia,trees/gbdt-lossguide/istella/rows=full,istella,istella-2043304x220,fit_or_operation,ours,mojolearn,,gpu,NVIDIA L40S,identical,20966.349,1,"{""auc"": 0.983749, ""logloss"": 0.149364}",9314.8,1266.0,ok,COMPARABLE,MATCHED
nvidia,trees/gbdt-lossguide/istella/rows=full,istella,istella-2043304x220,fit_or_operation,catboost-gpu,catboost,1.2.10,gpu,NVIDIA L40S,opponent,22265.583,1,"{""auc"": 0.983599, ""logloss"": 0.149896}",7621.2,1266.0,ok,COMPARABLE,MATCHED
nvidia,trees/gbdt-lossguide/istella/rows=full,istella,istella-2043304x220,fit_or_operation,xgboost-gpu,xgboost,3.2.0,gpu,NVIDIA L40S,opponent,11997.659,1,"{""auc"": 0.983622, ""logloss"": 0.149263}",8630.0,1266.0,ok,COMPARABLE,MATCHED
nvidia,trees/gbdt-lossguide/istella/rows=full,istella,istella-2043304x220,fit_or_operation,lightgbm-cuda,lightgbm,4.7.0,gpu,NVIDIA L40S,opponent,,0,{},,,REFUSED(LightGBMError during warm-up: CUDA Tree Learner was not enabled in this build. Please recompile with CMake option),COMPARABLE,MATCHED
nvidia,trees/gbdt-lossguide/istella/rows=full,istella,istella-2043304x220,fit_or_operation,catboost-cpu,catboost,,cpu,,opponent,,0,{},,,REFUSED(GPU-PATH-ONLY: catboost-cpu is a CPU arm and cpu was not requested on this accelerator box. On NVIDIA we compare against),COMPARABLE,MATCHED
nvidia,trees/gbdt-lossguide/istella/rows=full,istella,istella-2043304x220,fit_or_operation,xgboost-cpu,xgboost,,cpu,,opponent,,0,{},,,REFUSED(GPU-PATH-ONLY: xgboost-cpu is a CPU arm and cpu was not requested on this accelerator box. On NVIDIA we compare against ),COMPARABLE,MATCHED
nvidia,trees/gbdt-lossguide/istella/rows=full,istella,istella-2043304x220,fit_or_operation,lightgbm-cpu,lightgbm,,cpu,,opponent,,0,{},,,REFUSED(GPU-PATH-ONLY: lightgbm-cpu is a CPU arm and cpu was not requested on this accelerator box. On NVIDIA we compare against),COMPARABLE,MATCHED
nvidia,trees/gbdt-lossguide/istella/rows=full,istella,,inference,ours,mojolearn,,gpu,,identical,70.976,1,"{""auc"": 0.983749, ""auc_matches_fit"": true, ""logloss"": 0.149364, ""logloss_matches_fit"": true}",,,ok,COMPARABLE,MATCHED
nvidia,trees/gbdt-lossguide/istella/rows=full,istella,,inference,catboost-gpu,catboost,,gpu,,opponent,279.318,1,"{""auc"": 0.983599, ""auc_matches_fit"": true, ""logloss"": 0.149896, ""logloss_matches_fit"": true}",,,ok,COMPARABLE,MATCHED
nvidia,trees/gbdt-lossguide/istella/rows=full,istella,,inference,xgboost-gpu,xgboost,,gpu,,opponent,96.954,1,"{""auc"": 0.983622, ""auc_matches_fit"": true, ""logloss"": 0.149263, ""logloss_matches_fit"": true}",,,ok,COMPARABLE,MATCHED
nvidia,trees/gbdt-lossguide/istella/rows=full,istella,,inference,lightgbm-cuda,lightgbm,,gpu,,opponent,,0,{},,,UNKNOWN(no inference lines),COMPARABLE,MATCHED
nvidia,trees/gbdt-lossguide/istella/rows=full,istella,,inference,ours,mojolearn,,gpu,,identical,109.162,1,{},,,ok,COMPARABLE,MATCHED
nvidia,trees/gbdt-lossguide/istella/rows=full,istella,,inference,catboost-gpu,catboost,,gpu,,opponent,428.498,1,{},,,ok,COMPARABLE,MATCHED
nvidia,trees/gbdt-lossguide/istella/rows=full,istella,,inference,xgboost-gpu,xgboost,,gpu,,opponent,187.062,1,{},,,ok,COMPARABLE,MATCHED
nvidia,trees/gbdt-lossguide/istella/rows=full,istella,,inference,lightgbm-cuda,lightgbm,,gpu,,opponent,,0,{},,,UNKNOWN(no inference lines),COMPARABLE,MATCHED
nvidia,trees/gbdt-lossguide/taxi/rows=full,taxi,taxi-4110786x16,fit_or_operation,ours,mojolearn,,gpu,NVIDIA L40S,identical,8046.603,1,"{""auc"": 0.631154, ""logloss"": 0.528317}",3104.7,1266.0,ok,NOT-COMPARABLE,MATCHED
nvidia,trees/gbdt-lossguide/taxi/rows=full,taxi,taxi-4110786x16,fit_or_operation,catboost-gpu,catboost,1.2.10,gpu,NVIDIA L40S,opponent,15946.606,1,"{""auc"": 0.632012, ""logloss"": 0.528025}",2967.1,1266.0,ok,NOT-COMPARABLE,MATCHED
nvidia,trees/gbdt-lossguide/taxi/rows=full,taxi,taxi-4110786x16,fit_or_operation,xgboost-gpu,xgboost,3.2.0,gpu,NVIDIA L40S,opponent,6550.612,1,"{""auc"": 0.630969, ""logloss"": 0.528678}",2893.9,1266.0,ok,NOT-COMPARABLE,MATCHED
nvidia,trees/gbdt-lossguide/taxi/rows=full,taxi,taxi-4110786x16,fit_or_operation,lightgbm-cuda,lightgbm,4.7.0,gpu,NVIDIA L40S,opponent,,0,{},,,REFUSED(LightGBMError during warm-up: CUDA Tree Learner was not enabled in this build. Please recompile with CMake option),NOT-COMPARABLE,MATCHED
nvidia,trees/gbdt-lossguide/taxi/rows=full,taxi,taxi-4110786x16,fit_or_operation,catboost-cpu,catboost,,cpu,,opponent,,0,{},,,REFUSED(GPU-PATH-ONLY: catboost-cpu is a CPU arm and cpu was not requested on this accelerator box. On NVIDIA we compare against),NOT-COMPARABLE,MATCHED
nvidia,trees/gbdt-lossguide/taxi/rows=full,taxi,taxi-4110786x16,fit_or_operation,xgboost-cpu,xgboost,,cpu,,opponent,,0,{},,,REFUSED(GPU-PATH-ONLY: xgboost-cpu is a CPU arm and cpu was not requested on this accelerator box. On NVIDIA we compare against ),NOT-COMPARABLE,MATCHED
nvidia,trees/gbdt-lossguide/taxi/rows=full,taxi,taxi-4110786x16,fit_or_operation,lightgbm-cpu,lightgbm,,cpu,,opponent,,0,{},,,REFUSED(GPU-PATH-ONLY: lightgbm-cpu is a CPU arm and cpu was not requested on this accelerator box. On NVIDIA we compare against),NOT-COMPARABLE,MATCHED
nvidia,trees/gbdt-lossguide/taxi/rows=full,taxi,,inference,ours,mojolearn,,gpu,,identical,39.266,1,"{""auc"": 0.631154, ""auc_matches_fit"": true, ""logloss"": 0.528317, ""logloss_matches_fit"": true}",,,ok,NOT-COMPARABLE,MATCHED
nvidia,trees/gbdt-lossguide/taxi/rows=full,taxi,,inference,catboost-gpu,catboost,,gpu,,opponent,175.745,1,"{""auc"": 0.632012, ""auc_matches_fit"": true, ""logloss"": 0.528025, ""logloss_matches_fit"": true}",,,ok,NOT-COMPARABLE,MATCHED
nvidia,trees/gbdt-lossguide/taxi/rows=full,taxi,,inference,xgboost-gpu,xgboost,,gpu,,opponent,10.179,1,"{""auc"": 0.630969, ""auc_matches_fit"": true, ""logloss"": 0.528678, ""logloss_matches_fit"": true}",,,ok,NOT-COMPARABLE,MATCHED
nvidia,trees/gbdt-lossguide/taxi/rows=full,taxi,,inference,lightgbm-cuda,lightgbm,,gpu,,opponent,,0,{},,,UNKNOWN(no inference lines),NOT-COMPARABLE,MATCHED
nvidia,trees/gbdt-lossguide/taxi/rows=full,taxi,,inference,ours,mojolearn,,gpu,,identical,46.674,1,{},,,ok,NOT-COMPARABLE,MATCHED
nvidia,trees/gbdt-lossguide/taxi/rows=full,taxi,,inference,catboost-gpu,catboost,,gpu,,opponent,419.956,1,{},,,ok,NOT-COMPARABLE,MATCHED
nvidia,trees/gbdt-lossguide/taxi/rows=full,taxi,,inference,xgboost-gpu,xgboost,,gpu,,opponent,20.366,1,{},,,ok,NOT-COMPARABLE,MATCHED
nvidia,trees/gbdt-lossguide/taxi/rows=full,taxi,,inference,lightgbm-cuda,lightgbm,,gpu,,opponent,,0,{},,,UNKNOWN(no inference lines),NOT-COMPARABLE,MATCHED
nvidia,trees/gbdt-multiclass/istella/rows=full,istella,istellamc-2043304x220,fit_or_operation,ours,mojolearn,,gpu,NVIDIA L40S,identical,10314.665,1,"{""accuracy"": 0.903294, ""mlogloss"": 0.281958}",9323.7,1582.0,ok,NOT-COMPARABLE,MATCHED
nvidia,trees/gbdt-multiclass/istella/rows=full,istella,istellamc-2043304x220,fit_or_operation,catboost-gpu,catboost,1.2.10,gpu,NVIDIA L40S,opponent,14789.158,1,"{""accuracy"": 0.907846, ""mlogloss"": 0.25818}",7636.1,1582.0,ok,NOT-COMPARABLE,MATCHED
nvidia,trees/gbdt-multiclass/istella/rows=full,istella,istellamc-2043304x220,fit_or_operation,xgboost-gpu,xgboost,3.2.0,gpu,NVIDIA L40S,opponent,32408.559,1,"{""accuracy"": 0.91014, ""mlogloss"": 0.246803}",8690.1,1582.0,ok,NOT-COMPARABLE,MATCHED
nvidia,trees/gbdt-multiclass/istella/rows=full,istella,istellamc-2043304x220,fit_or_operation,lightgbm-cuda,lightgbm,4.7.0,gpu,NVIDIA L40S,opponent,,0,{},,,REFUSED(LightGBMError during warm-up: CUDA Tree Learner was not enabled in this build. Please recompile with CMake option),NOT-COMPARABLE,MATCHED
nvidia,trees/gbdt-multiclass/istella/rows=full,istella,istellamc-2043304x220,fit_or_operation,catboost-cpu,catboost,,cpu,,opponent,,0,{},,,REFUSED(GPU-PATH-ONLY: catboost-cpu is a CPU arm and cpu was not requested on this accelerator box. On NVIDIA we compare against),NOT-COMPARABLE,MATCHED
nvidia,trees/gbdt-multiclass/istella/rows=full,istella,istellamc-2043304x220,fit_or_operation,xgboost-cpu,xgboost,,cpu,,opponent,,0,{},,,REFUSED(GPU-PATH-ONLY: xgboost-cpu is a CPU arm and cpu was not requested on this accelerator box. On NVIDIA we compare against ),NOT-COMPARABLE,MATCHED
nvidia,trees/gbdt-multiclass/istella/rows=full,istella,istellamc-2043304x220,fit_or_operation,lightgbm-cpu,lightgbm,,cpu,,opponent,,0,{},,,REFUSED(GPU-PATH-ONLY: lightgbm-cpu is a CPU arm and cpu was not requested on this accelerator box. On NVIDIA we compare against),NOT-COMPARABLE,MATCHED
nvidia,trees/gbdt-multiclass/istella/rows=full,istella,,inference,ours,mojolearn,,gpu,,identical,46.881,1,"{""accuracy"": 0.903294, ""accuracy_matches_fit"": true, ""mlogloss"": 0.281958, ""mlogloss_matches_fit"": true}",,,ok,NOT-COMPARABLE,MATCHED
nvidia,trees/gbdt-multiclass/istella/rows=full,istella,,inference,catboost-gpu,catboost,,gpu,,opponent,141.675,1,"{""accuracy"": 0.907846, ""accuracy_matches_fit"": true, ""mlogloss"": 0.25818, ""mlogloss_matches_fit"": true}",,,ok,NOT-COMPARABLE,MATCHED
nvidia,trees/gbdt-multiclass/istella/rows=full,istella,,inference,xgboost-gpu,xgboost,,gpu,,opponent,511.438,1,"{""accuracy"": 0.91014, ""accuracy_matches_fit"": true, ""mlogloss"": 0.246803, ""mlogloss_matches_fit"": true}",,,ok,NOT-COMPARABLE,MATCHED
nvidia,trees/gbdt-multiclass/istella/rows=full,istella,,inference,lightgbm-cuda,lightgbm,,gpu,,opponent,,0,{},,,UNKNOWN(no inference lines),NOT-COMPARABLE,MATCHED
nvidia,trees/gbdt-multiclass/istella/rows=full,istella,,inference,ours,mojolearn,,gpu,,identical,86.141,1,{},,,ok,NOT-COMPARABLE,MATCHED
nvidia,trees/gbdt-multiclass/istella/rows=full,istella,,inference,catboost-gpu,catboost,,gpu,,opponent,201.492,1,{},,,ok,NOT-COMPARABLE,MATCHED
nvidia,trees/gbdt-multiclass/istella/rows=full,istella,,inference,xgboost-gpu,xgboost,,gpu,,opponent,997.4,1,{},,,ok,NOT-COMPARABLE,MATCHED
nvidia,trees/gbdt-multiclass/istella/rows=full,istella,,inference,lightgbm-cuda,lightgbm,,gpu,,opponent,,0,{},,,UNKNOWN(no inference lines),NOT-COMPARABLE,MATCHED
nvidia,trees/gbdt-multiclass/taxi/rows=full,taxi,taximc-4110786x16,fit_or_operation,ours,mojolearn,,gpu,NVIDIA L40S,identical,6633.374,1,"{""accuracy"": 0.596646, ""mlogloss"": 1.022664}",3175.4,1378.0,ok,NOT-COMPARABLE,MATCHED
nvidia,trees/gbdt-multiclass/taxi/rows=full,taxi,taximc-4110786x16,fit_or_operation,catboost-gpu,catboost,1.2.10,gpu,NVIDIA L40S,opponent,10105.198,1,"{""accuracy"": 0.59927, ""mlogloss"": 1.012704}",3052.7,1378.0,ok,NOT-COMPARABLE,MATCHED
nvidia,trees/gbdt-multiclass/taxi/rows=full,taxi,taximc-4110786x16,fit_or_operation,xgboost-gpu,xgboost,3.2.0,gpu,NVIDIA L40S,opponent,13072.606,1,"{""accuracy"": 0.6012, ""mlogloss"": 1.005204}",3284.4,1378.0,ok,NOT-COMPARABLE,MATCHED
nvidia,trees/gbdt-multiclass/taxi/rows=full,taxi,taximc-4110786x16,fit_or_operation,lightgbm-cuda,lightgbm,4.7.0,gpu,NVIDIA L40S,opponent,,0,{},,,REFUSED(LightGBMError during warm-up: CUDA Tree Learner was not enabled in this build. Please recompile with CMake option),NOT-COMPARABLE,MATCHED
nvidia,trees/gbdt-multiclass/taxi/rows=full,taxi,taximc-4110786x16,fit_or_operation,catboost-cpu,catboost,,cpu,,opponent,,0,{},,,REFUSED(GPU-PATH-ONLY: catboost-cpu is a CPU arm and cpu was not requested on this accelerator box. On NVIDIA we compare against),NOT-COMPARABLE,MATCHED
nvidia,trees/gbdt-multiclass/taxi/rows=full,taxi,taximc-4110786x16,fit_or_operation,xgboost-cpu,xgboost,,cpu,,opponent,,0,{},,,REFUSED(GPU-PATH-ONLY: xgboost-cpu is a CPU arm and cpu was not requested on this accelerator box. On NVIDIA we compare against ),NOT-COMPARABLE,MATCHED
nvidia,trees/gbdt-multiclass/taxi/rows=full,taxi,taximc-4110786x16,fit_or_operation,lightgbm-cpu,lightgbm,,cpu,,opponent,,0,{},,,REFUSED(GPU-PATH-ONLY: lightgbm-cpu is a CPU arm and cpu was not requested on this accelerator box. On NVIDIA we compare against),NOT-COMPARABLE,MATCHED
nvidia,trees/gbdt-multiclass/taxi/rows=full,taxi,,inference,ours,mojolearn,,gpu,,identical,15.142,1,"{""accuracy"": 0.596646, ""accuracy_matches_fit"": true, ""mlogloss"": 1.022664, ""mlogloss_matches_fit"": true}",,,ok,NOT-COMPARABLE,MATCHED
nvidia,trees/gbdt-multiclass/taxi/rows=full,taxi,,inference,catboost-gpu,catboost,,gpu,,opponent,71.459,1,"{""accuracy"": 0.59927, ""accuracy_matches_fit"": true, ""mlogloss"": 1.012704, ""mlogloss_matches_fit"": true}",,,ok,NOT-COMPARABLE,MATCHED
nvidia,trees/gbdt-multiclass/taxi/rows=full,taxi,,inference,xgboost-gpu,xgboost,,gpu,,opponent,32.336,1,"{""accuracy"": 0.6012, ""accuracy_matches_fit"": true, ""mlogloss"": 1.005204, ""mlogloss_matches_fit"": true}",,,ok,NOT-COMPARABLE,MATCHED
nvidia,trees/gbdt-multiclass/taxi/rows=full,taxi,,inference,lightgbm-cuda,lightgbm,,gpu,,opponent,,0,{},,,UNKNOWN(no inference lines),NOT-COMPARABLE,MATCHED
nvidia,trees/gbdt-multiclass/taxi/rows=full,taxi,,inference,ours,mojolearn,,gpu,,identical,25.722,1,{},,,ok,NOT-COMPARABLE,MATCHED
nvidia,trees/gbdt-multiclass/taxi/rows=full,taxi,,inference,catboost-gpu,catboost,,gpu,,opponent,92.426,1,{},,,ok,NOT-COMPARABLE,MATCHED
nvidia,trees/gbdt-multiclass/taxi/rows=full,taxi,,inference,xgboost-gpu,xgboost,,gpu,,opponent,59.089,1,{},,,ok,NOT-COMPARABLE,MATCHED
nvidia,trees/gbdt-multiclass/taxi/rows=full,taxi,,inference,lightgbm-cuda,lightgbm,,gpu,,opponent,,0,{},,,UNKNOWN(no inference lines),NOT-COMPARABLE,MATCHED
nvidia,trees/gbdt-ordered/istella/rows=full,istella,istella-2043304x220,fit_or_operation,ours,mojolearn,,gpu,NVIDIA L40S,identical,143456.71,1,"{""auc"": 0.972482, ""logloss"": 0.227811}",8001.8,4782.0,ok,NOT-COMPARABLE,MATCHED
nvidia,trees/gbdt-ordered/istella/rows=full,istella,istella-2043304x220,fit_or_operation,catboost-gpu,catboost,1.2.10,gpu,NVIDIA L40S,opponent,38075.99,1,"{""auc"": 0.979541, ""logloss"": 0.190146}",6338.1,4782.0,ok,NOT-COMPARABLE,MATCHED
nvidia,trees/gbdt-ordered/istella/rows=full,istella,istella-2043304x220,fit_or_operation,catboost-cpu,catboost,,cpu,,opponent,,0,{},,,REFUSED(GPU-PATH-ONLY: catboost-cpu is a CPU arm and cpu was not requested on this accelerator box. On NVIDIA we compare against),NOT-COMPARABLE,MATCHED
nvidia,trees/gbdt-ordered/istella/rows=full,istella,,inference,ours,mojolearn,,gpu,,identical,34.065,1,"{""auc"": 0.972482, ""auc_matches_fit"": true, ""logloss"": 0.227811, ""logloss_matches_fit"": true}",,,ok,NOT-COMPARABLE,MATCHED
nvidia,trees/gbdt-ordered/istella/rows=full,istella,,inference,catboost-gpu,catboost,,gpu,,opponent,736.029,1,"{""auc"": 0.979541, ""auc_matches_fit"": true, ""logloss"": 0.190146, ""logloss_matches_fit"": true}",,,ok,NOT-COMPARABLE,MATCHED
nvidia,trees/gbdt-ordered/istella/rows=full,istella,,inference,ours,mojolearn,,gpu,,identical,64.953,1,{},,,ok,NOT-COMPARABLE,MATCHED
nvidia,trees/gbdt-ordered/istella/rows=full,istella,,inference,catboost-gpu,catboost,,gpu,,opponent,1442.338,1,{},,,ok,NOT-COMPARABLE,MATCHED
nvidia,trees/gbdt-ordered/taxi/rows=full,taxi,taxi-4110786x16,fit_or_operation,ours,mojolearn,,gpu,NVIDIA L40S,identical,244418.998,1,"{""auc"": 0.620358, ""logloss"": 0.531519}",2764.5,7854.0,ok,NOT-COMPARABLE,MATCHED
nvidia,trees/gbdt-ordered/taxi/rows=full,taxi,taxi-4110786x16,fit_or_operation,catboost-gpu,catboost,1.2.10,gpu,NVIDIA L40S,opponent,20726.081,1,"{""auc"": 0.629073, ""logloss"": 0.528987}",2633.1,7854.0,ok,NOT-COMPARABLE,MATCHED
nvidia,trees/gbdt-ordered/taxi/rows=full,taxi,taxi-4110786x16,fit_or_operation,catboost-cpu,catboost,,cpu,,opponent,,0,{},,,REFUSED(GPU-PATH-ONLY: catboost-cpu is a CPU arm and cpu was not requested on this accelerator box. On NVIDIA we compare against),NOT-COMPARABLE,MATCHED
nvidia,trees/gbdt-ordered/taxi/rows=full,taxi,,inference,ours,mojolearn,,gpu,,identical,4.861,1,"{""auc"": 0.620358, ""auc_matches_fit"": true, ""logloss"": 0.531519, ""logloss_matches_fit"": true}",,,ok,NOT-COMPARABLE,MATCHED
nvidia,trees/gbdt-ordered/taxi/rows=full,taxi,,inference,catboost-gpu,catboost,,gpu,,opponent,67.542,1,"{""auc"": 0.629073, ""auc_matches_fit"": true, ""logloss"": 0.528987, ""logloss_matches_fit"": true}",,,ok,NOT-COMPARABLE,MATCHED
nvidia,trees/gbdt-ordered/taxi/rows=full,taxi,,inference,ours,mojolearn,,gpu,,identical,8.364,1,{},,,ok,NOT-COMPARABLE,MATCHED
nvidia,trees/gbdt-ordered/taxi/rows=full,taxi,,inference,catboost-gpu,catboost,,gpu,,opponent,149.241,1,{},,,ok,NOT-COMPARABLE,MATCHED
nvidia,trees/gbdt-rank-pairlogit/istella/rows=full,istella,istellarank-2043304x220,fit_or_operation,ours,mojolearn,,gpu,NVIDIA L40S,identical,4278.439,1,"{""map"": 0.844605, ""ndcg10"": 0.711712, ""ndcg5"": 0.641863}",10010.0,1836.0,ok,NOT-COMPARABLE,MATCHED
nvidia,trees/gbdt-rank-pairlogit/istella/rows=full,istella,istellarank-2043304x220,fit_or_operation,catboost-gpu,catboost,1.2.10,gpu,NVIDIA L40S,opponent,3806.704,1,"{""map"": 0.853929, ""ndcg10"": 0.719621, ""ndcg5"": 0.650025}",8509.7,1836.0,ok,NOT-COMPARABLE,MATCHED
nvidia,trees/gbdt-rank-pairlogit/istella/rows=full,istella,istellarank-2043304x220,fit_or_operation,xgboost-gpu,xgboost,3.2.0,gpu,NVIDIA L40S,opponent,3806.685,1,"{""map"": 0.872796, ""ndcg10"": 0.738397, ""ndcg5"": 0.670093}",9099.1,1836.0,ok,NOT-COMPARABLE,MATCHED
nvidia,trees/gbdt-rank-pairlogit/istella/rows=full,istella,istellarank-2043304x220,fit_or_operation,catboost-cpu,catboost,,cpu,,opponent,,0,{},,,REFUSED(GPU-PATH-ONLY: catboost-cpu is a CPU arm and cpu was not requested on this accelerator box. On NVIDIA we compare against),NOT-COMPARABLE,MATCHED
nvidia,trees/gbdt-rank-pairlogit/istella/rows=full,istella,istellarank-2043304x220,fit_or_operation,xgboost-cpu,xgboost,,cpu,,opponent,,0,{},,,REFUSED(GPU-PATH-ONLY: xgboost-cpu is a CPU arm and cpu was not requested on this accelerator box. On NVIDIA we compare against ),NOT-COMPARABLE,MATCHED
nvidia,trees/gbdt-rank-pairlogit/istella/rows=full,istella,,inference,ours,mojolearn,,gpu,,identical,47.396,1,"{""map"": 0.844605, ""map_matches_fit"": true, ""ndcg10"": 0.711712, ""ndcg10_matches_fit"": true, ""ndcg5"": 0.641863, ""ndcg5_matches_fit"": true}",,,ok,NOT-COMPARABLE,MATCHED
nvidia,trees/gbdt-rank-pairlogit/istella/rows=full,istella,,inference,catboost-gpu,catboost,,gpu,,opponent,77.033,1,"{""map"": 0.853929, ""map_matches_fit"": true, ""ndcg10"": 0.719621, ""ndcg10_matches_fit"": true, ""ndcg5"": 0.650025, ""ndcg5_matches_fit"": true}",,,ok,NOT-COMPARABLE,MATCHED
nvidia,trees/gbdt-rank-pairlogit/istella/rows=full,istella,,inference,xgboost-gpu,xgboost,,gpu,,opponent,75.697,1,"{""map"": 0.872796, ""map_matches_fit"": true, ""ndcg10"": 0.738397, ""ndcg10_matches_fit"": true, ""ndcg5"": 0.670093, ""ndcg5_matches_fit"": true}",,,ok,NOT-COMPARABLE,MATCHED
nvidia,trees/gbdt-rank-pairlogit/istella/rows=full,istella,,inference,ours,mojolearn,,gpu,,identical,65.01,1,{},,,ok,NOT-COMPARABLE,MATCHED
nvidia,trees/gbdt-rank-pairlogit/istella/rows=full,istella,,inference,catboost-gpu,catboost,,gpu,,opponent,104.509,1,{},,,ok,NOT-COMPARABLE,MATCHED
nvidia,trees/gbdt-rank-pairlogit/istella/rows=full,istella,,inference,xgboost-gpu,xgboost,,gpu,,opponent,87.933,1,{},,,ok,NOT-COMPARABLE,MATCHED
nvidia,trees/gbdt-rank-yetirank/istella/rows=full,istella,istellarank-2043304x220,fit_or_operation,ours,mojolearn,,gpu,NVIDIA L40S,identical,2602.825,1,"{""map"": 0.814902, ""ndcg10"": 0.680993, ""ndcg5"": 0.615076}",9378.6,1324.0,ok,COMPARABLE,MATCHED
nvidia,trees/gbdt-rank-yetirank/istella/rows=full,istella,istellarank-2043304x220,fit_or_operation,catboost-gpu,catboost,1.2.10,gpu,NVIDIA L40S,opponent,2562.026,1,"{""map"": 0.814091, ""ndcg10"": 0.681202, ""ndcg5"": 0.614769}",7719.8,1324.0,ok,COMPARABLE,MATCHED
nvidia,trees/gbdt-rank-yetirank/istella/rows=full,istella,istellarank-2043304x220,fit_or_operation,xgboost-gpu,xgboost,3.2.0,gpu,NVIDIA L40S,opponent,3984.901,1,"{""map"": 0.842476, ""ndcg10"": 0.725584, ""ndcg5"": 0.663588}",8660.5,1324.0,ok,COMPARABLE,MATCHED
nvidia,trees/gbdt-rank-yetirank/istella/rows=full,istella,istellarank-2043304x220,fit_or_operation,lightgbm-cuda,lightgbm,4.7.0,gpu,NVIDIA L40S,opponent,,0,{},,,REFUSED(LightGBMError during warm-up: CUDA Tree Learner was not enabled in this build. Please recompile with CMake option),COMPARABLE,MATCHED
nvidia,trees/gbdt-rank-yetirank/istella/rows=full,istella,istellarank-2043304x220,fit_or_operation,catboost-cpu,catboost,,cpu,,opponent,,0,{},,,REFUSED(GPU-PATH-ONLY: catboost-cpu is a CPU arm and cpu was not requested on this accelerator box. On NVIDIA we compare against),COMPARABLE,MATCHED
nvidia,trees/gbdt-rank-yetirank/istella/rows=full,istella,istellarank-2043304x220,fit_or_operation,xgboost-cpu,xgboost,,cpu,,opponent,,0,{},,,REFUSED(GPU-PATH-ONLY: xgboost-cpu is a CPU arm and cpu was not requested on this accelerator box. On NVIDIA we compare against ),COMPARABLE,MATCHED
nvidia,trees/gbdt-rank-yetirank/istella/rows=full,istella,istellarank-2043304x220,fit_or_operation,lightgbm-cpu,lightgbm,,cpu,,opponent,,0,{},,,REFUSED(GPU-PATH-ONLY: lightgbm-cpu is a CPU arm and cpu was not requested on this accelerator box. On NVIDIA we compare against),COMPARABLE,MATCHED
nvidia,trees/gbdt-rank-yetirank/istella/rows=full,istella,,inference,ours,mojolearn,,gpu,,identical,42.281,1,"{""map"": 0.814902, ""map_matches_fit"": true, ""ndcg10"": 0.680993, ""ndcg10_matches_fit"": true, ""ndcg5"": 0.615076, ""ndcg5_matches_fit"": true}",,,ok,COMPARABLE,MATCHED
nvidia,trees/gbdt-rank-yetirank/istella/rows=full,istella,,inference,catboost-gpu,catboost,,gpu,,opponent,69.535,1,"{""map"": 0.814091, ""map_matches_fit"": true, ""ndcg10"": 0.681202, ""ndcg10_matches_fit"": true, ""ndcg5"": 0.614769, ""ndcg5_matches_fit"": true}",,,ok,COMPARABLE,MATCHED
nvidia,trees/gbdt-rank-yetirank/istella/rows=full,istella,,inference,xgboost-gpu,xgboost,,gpu,,opponent,61.196,1,"{""map"": 0.842476, ""map_matches_fit"": true, ""ndcg10"": 0.725584, ""ndcg10_matches_fit"": true, ""ndcg5"": 0.663588, ""ndcg5_matches_fit"": true}",,,ok,COMPARABLE,MATCHED
nvidia,trees/gbdt-rank-yetirank/istella/rows=full,istella,,inference,lightgbm-cuda,lightgbm,,gpu,,opponent,,0,{},,,UNKNOWN(no inference lines),COMPARABLE,MATCHED
nvidia,trees/gbdt-rank-yetirank/istella/rows=full,istella,,inference,ours,mojolearn,,gpu,,identical,62.426,1,{},,,ok,COMPARABLE,MATCHED
nvidia,trees/gbdt-rank-yetirank/istella/rows=full,istella,,inference,catboost-gpu,catboost,,gpu,,opponent,72.075,1,{},,,ok,COMPARABLE,MATCHED
nvidia,trees/gbdt-rank-yetirank/istella/rows=full,istella,,inference,xgboost-gpu,xgboost,,gpu,,opponent,87.589,1,{},,,ok,COMPARABLE,MATCHED
nvidia,trees/gbdt-rank-yetirank/istella/rows=full,istella,,inference,lightgbm-cuda,lightgbm,,gpu,,opponent,,0,{},,,UNKNOWN(no inference lines),COMPARABLE,MATCHED
nvidia,trees/gbdt-symmetric-1000/istella/rows=full,istella,istella-2043304x220,fit_or_operation,ours,mojolearn,,gpu,NVIDIA L40S,identical,7657.263,1,"{""auc"": 0.977075, ""logloss"": 0.203751}",7978.2,1198.0,ok,NOT-COMPARABLE,MATCHED
nvidia,trees/gbdt-symmetric-1000/istella/rows=full,istella,istella-2043304x220,fit_or_operation,catboost-gpu,catboost,1.2.10,gpu,NVIDIA L40S,opponent,13830.688,1,"{""auc"": 0.982462, ""logloss"": 0.170387}",6341.5,1198.0,ok,NOT-COMPARABLE,MATCHED
nvidia,trees/gbdt-symmetric-1000/istella/rows=full,istella,istella-2043304x220,fit_or_operation,catboost-cpu,catboost,,cpu,,opponent,,0,{},,,REFUSED(GPU-PATH-ONLY: catboost-cpu is a CPU arm and cpu was not requested on this accelerator box. On NVIDIA we compare against),NOT-COMPARABLE,MATCHED
nvidia,trees/gbdt-symmetric-1000/istella/rows=full,istella,,inference,ours,mojolearn,,gpu,,identical,37.033,1,"{""auc"": 0.977075, ""auc_matches_fit"": true, ""logloss"": 0.203751, ""logloss_matches_fit"": true}",,,ok,NOT-COMPARABLE,MATCHED
nvidia,trees/gbdt-symmetric-1000/istella/rows=full,istella,,inference,catboost-gpu,catboost,,gpu,,opponent,778.792,1,"{""auc"": 0.982462, ""auc_matches_fit"": true, ""logloss"": 0.170387, ""logloss_matches_fit"": true}",,,ok,NOT-COMPARABLE,MATCHED
nvidia,trees/gbdt-symmetric-1000/istella/rows=full,istella,,inference,ours,mojolearn,,gpu,,identical,66.809,1,{},,,ok,NOT-COMPARABLE,MATCHED
nvidia,trees/gbdt-symmetric-1000/istella/rows=full,istella,,inference,catboost-gpu,catboost,,gpu,,opponent,1545.626,1,{},,,ok,NOT-COMPARABLE,MATCHED
nvidia,trees/gbdt-symmetric-1000/taxi/rows=full,taxi,taxi-4110786x16,fit_or_operation,ours,mojolearn,,gpu,NVIDIA L40S,identical,5850.827,1,"{""auc"": 0.62131, ""logloss"": 0.531329}",2616.6,940.0,ok,COMPARABLE,MATCHED
nvidia,trees/gbdt-symmetric-1000/taxi/rows=full,taxi,taxi-4110786x16,fit_or_operation,catboost-gpu,catboost,1.2.10,gpu,NVIDIA L40S,opponent,10274.184,1,"{""auc"": 0.631809, ""logloss"": 0.528128}",2482.6,940.0,ok,COMPARABLE,MATCHED
nvidia,trees/gbdt-symmetric-1000/taxi/rows=full,taxi,taxi-4110786x16,fit_or_operation,catboost-cpu,catboost,,cpu,,opponent,,0,{},,,REFUSED(GPU-PATH-ONLY: catboost-cpu is a CPU arm and cpu was not requested on this accelerator box. On NVIDIA we compare against),COMPARABLE,MATCHED
nvidia,trees/gbdt-symmetric-1000/taxi/rows=full,taxi,,inference,ours,mojolearn,,gpu,,identical,10.141,1,"{""auc"": 0.62131, ""auc_matches_fit"": true, ""logloss"": 0.531329, ""logloss_matches_fit"": true}",,,ok,COMPARABLE,MATCHED
nvidia,trees/gbdt-symmetric-1000/taxi/rows=full,taxi,,inference,catboost-gpu,catboost,,gpu,,opponent,81.461,1,"{""auc"": 0.631809, ""auc_matches_fit"": true, ""logloss"": 0.528128, ""logloss_matches_fit"": true}",,,ok,COMPARABLE,MATCHED
nvidia,trees/gbdt-symmetric-1000/taxi/rows=full,taxi,,inference,ours,mojolearn,,gpu,,identical,18.7,1,{},,,ok,COMPARABLE,MATCHED
nvidia,trees/gbdt-symmetric-1000/taxi/rows=full,taxi,,inference,catboost-gpu,catboost,,gpu,,opponent,162.481,1,{},,,ok,COMPARABLE,MATCHED
nvidia,trees/gbdt-symmetric/istella/rows=full,istella,istella-2043304x220,fit_or_operation,ours,mojolearn,,gpu,NVIDIA L40S,identical,5257.927,1,"{""auc"": 0.977075, ""logloss"": 0.203751}",7971.6,1198.0,ok,NOT-COMPARABLE,MATCHED
nvidia,trees/gbdt-symmetric/istella/rows=full,istella,istella-2043304x220,fit_or_operation,catboost-gpu,catboost,1.2.10,gpu,NVIDIA L40S,opponent,7580.64,1,"{""auc"": 0.98002, ""logloss"": 0.187222}",6320.6,1198.0,ok,NOT-COMPARABLE,MATCHED
nvidia,trees/gbdt-symmetric/istella/rows=full,istella,istella-2043304x220,fit_or_operation,catboost-cpu,catboost,,cpu,,opponent,,0,{},,,REFUSED(GPU-PATH-ONLY: catboost-cpu is a CPU arm and cpu was not requested on this accelerator box. On NVIDIA we compare against),NOT-COMPARABLE,MATCHED
nvidia,trees/gbdt-symmetric/istella/rows=full,istella,,inference,ours,mojolearn,,gpu,,identical,36.489,1,"{""auc"": 0.977075, ""auc_matches_fit"": true, ""logloss"": 0.203751, ""logloss_matches_fit"": true}",,,ok,NOT-COMPARABLE,MATCHED
nvidia,trees/gbdt-symmetric/istella/rows=full,istella,,inference,catboost-gpu,catboost,,gpu,,opponent,637.6,1,"{""auc"": 0.98002, ""auc_matches_fit"": true, ""logloss"": 0.187222, ""logloss_matches_fit"": true}",,,ok,NOT-COMPARABLE,MATCHED
nvidia,trees/gbdt-symmetric/istella/rows=full,istella,,inference,ours,mojolearn,,gpu,,identical,65.514,1,{},,,ok,NOT-COMPARABLE,MATCHED
nvidia,trees/gbdt-symmetric/istella/rows=full,istella,,inference,catboost-gpu,catboost,,gpu,,opponent,1263.248,1,{},,,ok,NOT-COMPARABLE,MATCHED
nvidia,trees/gbdt-symmetric/taxi/rows=full,taxi,taxi-4110786x16,fit_or_operation,ours,mojolearn,,gpu,NVIDIA L40S,identical,3141.06,1,"{""auc"": 0.62131, ""logloss"": 0.531329}",2596.8,940.0,ok,COMPARABLE,MATCHED
nvidia,trees/gbdt-symmetric/taxi/rows=full,taxi,taxi-4110786x16,fit_or_operation,catboost-gpu,catboost,1.2.10,gpu,NVIDIA L40S,opponent,5721.285,1,"{""auc"": 0.630348, ""logloss"": 0.528586}",2467.7,940.0,ok,COMPARABLE,MATCHED
nvidia,trees/gbdt-symmetric/taxi/rows=full,taxi,taxi-4110786x16,fit_or_operation,catboost-cpu,catboost,,cpu,,opponent,,0,{},,,REFUSED(GPU-PATH-ONLY: catboost-cpu is a CPU arm and cpu was not requested on this accelerator box. On NVIDIA we compare against),COMPARABLE,MATCHED
nvidia,trees/gbdt-symmetric/taxi/rows=full,taxi,,inference,ours,mojolearn,,gpu,,identical,6.67,1,"{""auc"": 0.62131, ""auc_matches_fit"": true, ""logloss"": 0.531329, ""logloss_matches_fit"": true}",,,ok,COMPARABLE,MATCHED
nvidia,trees/gbdt-symmetric/taxi/rows=full,taxi,,inference,catboost-gpu,catboost,,gpu,,opponent,71.261,1,"{""auc"": 0.630348, ""auc_matches_fit"": true, ""logloss"": 0.528586, ""logloss_matches_fit"": true}",,,ok,COMPARABLE,MATCHED
nvidia,trees/gbdt-symmetric/taxi/rows=full,taxi,,inference,ours,mojolearn,,gpu,,identical,11.905,1,{},,,ok,COMPARABLE,MATCHED
nvidia,trees/gbdt-symmetric/taxi/rows=full,taxi,,inference,catboost-gpu,catboost,,gpu,,opponent,143.452,1,{},,,ok,COMPARABLE,MATCHED
nvidia,trees/iforest/istella/rows=full,istella,istella-2043304x220,fit_or_operation,ours,mojolearn,,gpu,NVIDIA L40S,identical,502.781,1,"{""auc"": 0.830358}",21350.7,2222.0,ok,UNKNOWN,MATCHED
nvidia,trees/iforest/istella/rows=full,istella,istella-2043304x220,fit_or_operation,cuml-iforest-gpu,cuml,26.08.00,gpu,NVIDIA L40S,opponent,2575.1,1,"{""auc"": 0.830358}",21422.4,2222.0,ok,UNKNOWN,MATCHED
nvidia,trees/iforest/istella/rows=full,istella,,inference,ours,mojolearn,,gpu,,identical,947.718,1,"{""auc"": 0.830358, ""auc_matches_fit"": true}",,,ok,UNKNOWN,MATCHED
nvidia,trees/iforest/istella/rows=full,istella,,inference,cuml-iforest-gpu,cuml,,gpu,,opponent,78.031,1,"{""auc"": 0.830358, ""auc_matches_fit"": true}",,,ok,UNKNOWN,MATCHED
nvidia,trees/iforest/istella/rows=full,istella,,inference,ours,mojolearn,,gpu,,identical,2047.915,1,{},,,ok,UNKNOWN,MATCHED
nvidia,trees/iforest/istella/rows=full,istella,,inference,cuml-iforest-gpu,cuml,,gpu,,opponent,161.853,1,{},,,ok,UNKNOWN,MATCHED
nvidia,trees/iforest/taxi/rows=full,taxi,taxi-4110786x16,fit_or_operation,ours,mojolearn,,gpu,NVIDIA L40S,identical,158.272,1,"{""auc"": 0.551846}",2652.8,686.0,ok,UNKNOWN,MATCHED
nvidia,trees/iforest/taxi/rows=full,taxi,taxi-4110786x16,fit_or_operation,cuml-iforest-gpu,cuml,26.08.00,gpu,NVIDIA L40S,opponent,178.555,1,"{""auc"": 0.551846}",2694.1,686.0,ok,UNKNOWN,MATCHED
nvidia,trees/iforest/taxi/rows=full,taxi,,inference,ours,mojolearn,,gpu,,identical,166.278,1,"{""auc"": 0.551846, ""auc_matches_fit"": true}",,,ok,UNKNOWN,MATCHED
nvidia,trees/iforest/taxi/rows=full,taxi,,inference,cuml-iforest-gpu,cuml,,gpu,,opponent,6.86,1,"{""auc"": 0.551846, ""auc_matches_fit"": true}",,,ok,UNKNOWN,MATCHED
nvidia,trees/iforest/taxi/rows=full,taxi,,inference,ours,mojolearn,,gpu,,identical,245.848,1,{},,,ok,UNKNOWN,MATCHED
nvidia,trees/iforest/taxi/rows=full,taxi,,inference,cuml-iforest-gpu,cuml,,gpu,,opponent,15.874,1,{},,,ok,UNKNOWN,MATCHED
nvidia,trees/rf/istella/rows=full,istella,istella-2043304x220,fit_or_operation,ours,mojolearn,,gpu,NVIDIA L40S,identical,5045.278,1,"{""auc"": 0.945385, ""logloss"": 0.182017}",21618.1,3256.0,ok,UNKNOWN,MATCHED
nvidia,trees/rf/istella/rows=full,istella,istella-2043304x220,fit_or_operation,cuml-rf-gpu,cuml,26.08.00,gpu,NVIDIA L40S,opponent,24051.578,1,"{""auc"": 0.945348, ""logloss"": 0.182069}",21698.2,3260.0,ok,UNKNOWN,MATCHED
nvidia,trees/rf/istella/rows=full,istella,,inference,ours,mojolearn,,gpu,,identical,54.829,1,"{""auc"": 0.945385, ""auc_matches_fit"": true, ""logloss"": 0.182017, ""logloss_matches_fit"": true}",,,ok,UNKNOWN,MATCHED
nvidia,trees/rf/istella/rows=full,istella,,inference,cuml-rf-gpu,cuml,,gpu,,opponent,48.05,1,"{""auc"": 0.945348, ""auc_matches_fit"": true, ""logloss"": 0.182069, ""logloss_matches_fit"": true}",,,ok,UNKNOWN,MATCHED
nvidia,trees/rf/istella/rows=full,istella,,inference,ours,mojolearn,,gpu,,identical,108.315,1,{},,,ok,UNKNOWN,MATCHED
nvidia,trees/rf/istella/rows=full,istella,,inference,cuml-rf-gpu,cuml,,gpu,,opponent,100.268,1,{},,,ok,UNKNOWN,MATCHED
nvidia,trees/rf/taxi/rows=full,taxi,taxi-4110786x16,fit_or_operation,ours,mojolearn,,gpu,NVIDIA L40S,identical,5798.199,1,"{""auc"": 0.617838, ""logloss"": 0.525953}",2993.5,1720.0,ok,UNKNOWN,MATCHED
nvidia,trees/rf/taxi/rows=full,taxi,taxi-4110786x16,fit_or_operation,cuml-rf-gpu,cuml,26.08.00,gpu,NVIDIA L40S,opponent,21000.258,1,"{""auc"": 0.617836, ""logloss"": 0.525954}",3056.4,1724.0,ok,UNKNOWN,MATCHED
nvidia,trees/rf/taxi/rows=full,taxi,,inference,ours,mojolearn,,gpu,,identical,9.141,1,"{""auc"": 0.617838, ""auc_matches_fit"": true, ""logloss"": 0.525953, ""logloss_matches_fit"": true}",,,ok,UNKNOWN,MATCHED
nvidia,trees/rf/taxi/rows=full,taxi,,inference,cuml-rf-gpu,cuml,,gpu,,opponent,9.017,1,"{""auc"": 0.617836, ""auc_matches_fit"": true, ""logloss"": 0.525954, ""logloss_matches_fit"": true}",,,ok,UNKNOWN,MATCHED
nvidia,trees/rf/taxi/rows=full,taxi,,inference,ours,mojolearn,,gpu,,identical,18.812,1,{},,,ok,UNKNOWN,MATCHED
nvidia,trees/rf/taxi/rows=full,taxi,,inference,cuml-rf-gpu,cuml,,gpu,,opponent,19.231,1,{},,,ok,UNKNOWN,MATCHED
amd,algos/adafactor/synthetic/rows=full,synthetic,,fit_or_operation,ours,mojolearn,0.8.25,gpu,AMD Instinct Mi325X VF,identical,10744.280881015584,1,"{""rel_fro_vs_torch_eager_fp32"": 4.32398352400532e-05}",2936.0,674.3,ok,LIKE-FOR-LIKE-SPAN,MATCHED
amd,algos/adafactor/synthetic/rows=full,synthetic,,fit_or_operation,torch-eager-fp32,torch,2.13.0+rocm7.1,gpu,AMD Instinct Mi325X VF,opponent,5.839492019731551,1,{},2717.2,960.0,ok,SPAN-ASYMMETRIC(upload_outside_its_clock),MATCHED
amd,algos/adafactor/synthetic/rows=full,synthetic,,fit_or_operation,torch-compile-fp32,torch,2.13.0+rocm7.1,gpu,AMD Instinct Mi325X VF,opponent,102.56367101101205,1,"{""rel_fro_vs_torch_eager_fp32"": 0.0}",2807.9,1024.0,ok,SPAN-ASYMMETRIC(upload_outside_its_clock),MATCHED
amd,algos/adagrad/synthetic/rows=full,synthetic,,fit_or_operation,ours,mojolearn,0.8.25,gpu,AMD Instinct Mi325X VF,identical,125.71347001357935,1,"{""rel_fro_vs_torch_eager_fp32"": 3.207207365332837e-09}",2935.7,674.3,ok,LIKE-FOR-LIKE-SPAN,MATCHED
amd,algos/adagrad/synthetic/rows=full,synthetic,,fit_or_operation,torch-eager-fp32,torch,2.13.0+rocm7.1,gpu,AMD Instinct Mi325X VF,opponent,4.493403015658259,1,{},2621.6,960.0,ok,SPAN-ASYMMETRIC(upload_outside_its_clock),MATCHED
amd,algos/adagrad/synthetic/rows=full,synthetic,,fit_or_operation,torch-compile-fp32,torch,2.13.0+rocm7.1,gpu,AMD Instinct Mi325X VF,opponent,51.20731799979694,1,"{""rel_fro_vs_torch_eager_fp32"": 0.0}",3014.9,832.0,ok,SPAN-ASYMMETRIC(upload_outside_its_clock),MATCHED
amd,algos/adam/synthetic/rows=full,synthetic,,fit_or_operation,ours,mojolearn,0.8.25,gpu,AMD Instinct Mi325X VF,identical,149.9187329900451,1,"{""rel_fro_vs_torch_eager_fp32"": 3.3403179584276814e-08}",3000.0,674.3,"MODE-MISMATCH(requested identical, read back unknown)",LIKE-FOR-LIKE-SPAN,MATCHED
amd,algos/adam/synthetic/rows=full,synthetic,,fit_or_operation,torch-eager-fp32,torch,2.13.0+rocm7.1,gpu,AMD Instinct Mi325X VF,opponent,6.0545010201167315,1,{},2623.2,960.0,ok,SPAN-ASYMMETRIC(upload_outside_its_clock),MATCHED
amd,algos/adam/synthetic/rows=full,synthetic,,fit_or_operation,torch-compile-fp32,torch,2.13.0+rocm7.1,gpu,AMD Instinct Mi325X VF,opponent,79.26129500265233,1,"{""rel_fro_vs_torch_eager_fp32"": 5.1164617041832696e-08}",3135.3,896.0,ok,SPAN-ASYMMETRIC(upload_outside_its_clock),MATCHED
amd,algos/adamax/synthetic/rows=full,synthetic,,fit_or_operation,ours,mojolearn,0.8.25,gpu,AMD Instinct Mi325X VF,identical,176.32542800856754,1,"{""rel_fro_vs_torch_eager_fp32"": 4.144147622792964e-09}",2999.8,674.3,ok,LIKE-FOR-LIKE-SPAN,MATCHED
amd,algos/adamax/synthetic/rows=full,synthetic,,fit_or_operation,torch-eager-fp32,torch,2.13.0+rocm7.1,gpu,AMD Instinct Mi325X VF,opponent,5.717692984035239,1,{},2631.7,960.0,ok,SPAN-ASYMMETRIC(upload_outside_its_clock),MATCHED
amd,algos/adamax/synthetic/rows=full,synthetic,,fit_or_operation,torch-compile-fp32,torch,2.13.0+rocm7.1,gpu,AMD Instinct Mi325X VF,opponent,218.6434979957994,1,"{""rel_fro_vs_torch_eager_fp32"": 6.170472391443959e-09}",3145.7,896.0,ok,SPAN-ASYMMETRIC(upload_outside_its_clock),MATCHED
amd,algos/adamw/synthetic/rows=full,synthetic,,fit_or_operation,ours,mojolearn,0.8.25,gpu,AMD Instinct Mi325X VF,identical,150.20674001425505,1,"{""rel_fro_vs_torch_eager_fp32"": 3.340470547893278e-08}",3000.1,674.3,"MODE-MISMATCH(requested identical, read back unknown)",LIKE-FOR-LIKE-SPAN,MATCHED
amd,algos/adamw/synthetic/rows=full,synthetic,,fit_or_operation,torch-eager-fp32,torch,2.13.0+rocm7.1,gpu,AMD Instinct Mi325X VF,opponent,6.709650013362989,1,{},2623.2,960.0,ok,SPAN-ASYMMETRIC(upload_outside_its_clock),MATCHED
amd,algos/adamw/synthetic/rows=full,synthetic,,fit_or_operation,torch-compile-fp32,torch,2.13.0+rocm7.1,gpu,AMD Instinct Mi325X VF,opponent,84.47083699866198,1,"{""rel_fro_vs_torch_eager_fp32"": 2.2715781965131599e-07}",3134.2,896.0,ok,SPAN-ASYMMETRIC(upload_outside_its_clock),MATCHED
amd,algos/avgpool1d/synthetic/rows=full,synthetic,,fit_or_operation,ours,mojolearn,,gpu,,identical,,0,{},,,"REFUSED(not_ready: {""error"": ""ImportError('libamdhip64.so.7: cannot open shared object file: No such file or directory')"", ""event"": ""error"", ""stage"": ""ready""})",LIKE-FOR-LIKE-SPAN,MATCHED
amd,algos/avgpool1d/synthetic/rows=full,synthetic,,fit_or_operation,torch-eager-fp32,torch,2.13.0+rocm7.1,gpu,AMD Instinct Mi325X VF,opponent,0.7772879907861352,1,{},1599.6,224.0,ok,SPAN-ASYMMETRIC(upload_outside_its_clock),MATCHED
amd,algos/avgpool1d/synthetic/rows=full,synthetic,,fit_or_operation,torch-compile-fp32,torch,2.13.0+rocm7.1,gpu,AMD Instinct Mi325X VF,opponent,0.9785389993339777,1,"{""max_rel_diff_vs_torch_eager_fp32"": 0.0, ""rel_fro_vs_torch_eager_fp32"": 0.0}",2050.1,224.0,ok,SPAN-ASYMMETRIC(upload_outside_its_clock),MATCHED
amd,algos/avgpool1d/synthetic/rows=full,synthetic,,fit_or_operation,torch-eager-bf16,torch,2.13.0+rocm7.1,gpu,AMD Instinct Mi325X VF,opponent,0.7879689801484346,1,"{""max_rel_diff_vs_torch_eager_fp32"": 0.0, ""rel_fro_vs_torch_eager_fp32"": 0.0}",1599.5,224.0,ok,SPAN-ASYMMETRIC(upload_outside_its_clock),MATCHED
amd,algos/avgpool1d/synthetic/rows=full,synthetic,,fit_or_operation,torch-compile-bf16,torch,2.13.0+rocm7.1,gpu,AMD Instinct Mi325X VF,opponent,1.1423990072216839,1,"{""max_rel_diff_vs_torch_eager_fp32"": 0.0, ""rel_fro_vs_torch_eager_fp32"": 0.0}",1965.6,224.0,ok,SPAN-ASYMMETRIC(upload_outside_its_clock),MATCHED
amd,algos/avgpool1d/synthetic/rows=full,synthetic,,inference,ours,mojolearn,,gpu,,identical,,0,{},,,"REFUSED(not_ready: {""error"": ""ImportError('libamdhip64.so.7: cannot open shared object file: No such file or directory')"", ""event"": ""error"", ""stage"": ""ready""})",LIKE-FOR-LIKE-SPAN,MATCHED
amd,algos/avgpool1d/synthetic/rows=full,synthetic,,inference,torch-eager-fp32,torch,,gpu,,opponent,0.07099000504240394,1,{},,,ok,SPAN-ASYMMETRIC(upload_outside_its_clock),MATCHED
amd,algos/avgpool1d/synthetic/rows=full,synthetic,,inference,torch-compile-fp32,torch,,gpu,,opponent,0.12199001503176987,1,{},,,ok,SPAN-ASYMMETRIC(upload_outside_its_clock),MATCHED
amd,algos/avgpool1d/synthetic/rows=full,synthetic,,inference,torch-eager-bf16,torch,,gpu,,opponent,0.07550002192147076,1,{},,,ok,SPAN-ASYMMETRIC(upload_outside_its_clock),MATCHED
amd,algos/avgpool1d/synthetic/rows=full,synthetic,,inference,torch-compile-bf16,torch,,gpu,,opponent,0.1285090111196041,1,{},,,ok,SPAN-ASYMMETRIC(upload_outside_its_clock),MATCHED
amd,algos/avgpool2d/synthetic/rows=full,synthetic,,fit_or_operation,ours,mojolearn,,gpu,,identical,,0,{},,,"REFUSED(not_ready: {""error"": ""ImportError('libamdhip64.so.7: cannot open shared object file: No such file or directory')"", ""event"": ""error"", ""stage"": ""ready""})",LIKE-FOR-LIKE-SPAN,MATCHED
amd,algos/avgpool2d/synthetic/rows=full,synthetic,,fit_or_operation,torch-eager-fp32,torch,2.13.0+rocm7.1,gpu,AMD Instinct Mi325X VF,opponent,0.8870389719959348,1,{},1790.3,541.0,ok,SPAN-ASYMMETRIC(upload_outside_its_clock),MATCHED
amd,algos/avgpool2d/synthetic/rows=full,synthetic,,fit_or_operation,torch-compile-fp32,torch,2.13.0+rocm7.1,gpu,AMD Instinct Mi325X VF,opponent,1.286458020331338,1,"{""max_rel_diff_vs_torch_eager_fp32"": 0.0, ""rel_fro_vs_torch_eager_fp32"": 0.0}",2202.2,541.0,ok,SPAN-ASYMMETRIC(upload_outside_its_clock),MATCHED
amd,algos/avgpool2d/synthetic/rows=full,synthetic,,fit_or_operation,torch-eager-bf16,torch,2.13.0+rocm7.1,gpu,AMD Instinct Mi325X VF,opponent,0.9908989886753261,1,"{""max_rel_diff_vs_torch_eager_fp32"": 0.0, ""rel_fro_vs_torch_eager_fp32"": 0.0}",1790.0,541.0,ok,SPAN-ASYMMETRIC(upload_outside_its_clock),MATCHED
amd,algos/avgpool2d/synthetic/rows=full,synthetic,,fit_or_operation,torch-compile-bf16,torch,2.13.0+rocm7.1,gpu,AMD Instinct Mi325X VF,opponent,1.2952880060765892,1,"{""max_rel_diff_vs_torch_eager_fp32"": 0.0, ""rel_fro_vs_torch_eager_fp32"": 0.0}",2121.6,541.0,ok,SPAN-ASYMMETRIC(upload_outside_its_clock),MATCHED
amd,algos/avgpool2d/synthetic/rows=full,synthetic,,inference,ours,mojolearn,,gpu,,identical,,0,{},,,"REFUSED(not_ready: {""error"": ""ImportError('libamdhip64.so.7: cannot open shared object file: No such file or directory')"", ""event"": ""error"", ""stage"": ""ready""})",LIKE-FOR-LIKE-SPAN,MATCHED
amd,algos/avgpool2d/synthetic/rows=full,synthetic,,inference,torch-eager-fp32,torch,,gpu,,opponent,0.12025999603793025,1,{},,,ok,SPAN-ASYMMETRIC(upload_outside_its_clock),MATCHED
amd,algos/avgpool2d/synthetic/rows=full,synthetic,,inference,torch-compile-fp32,torch,,gpu,,opponent,0.16392001998610795,1,{},,,ok,SPAN-ASYMMETRIC(upload_outside_its_clock),MATCHED
amd,algos/avgpool2d/synthetic/rows=full,synthetic,,inference,torch-eager-bf16,torch,,gpu,,opponent,0.1273689849767834,1,{},,,ok,SPAN-ASYMMETRIC(upload_outside_its_clock),MATCHED
amd,algos/avgpool2d/synthetic/rows=full,synthetic,,inference,torch-compile-bf16,torch,,gpu,,opponent,0.16287999460473657,1,{},,,ok,SPAN-ASYMMETRIC(upload_outside_its_clock),MATCHED
amd,algos/batchnorm1d/synthetic/rows=full,synthetic,,fit_or_operation,ours,mojolearn,,gpu,,identical,,0,{},,,"REFUSED(not_ready: {""error"": ""ImportError('libamdhip64.so.7: cannot open shared object file: No such file or directory')"", ""event"": ""error"", ""stage"": ""ready""})",LIKE-FOR-LIKE-SPAN,MATCHED
amd,algos/batchnorm1d/synthetic/rows=full,synthetic,,fit_or_operation,torch-eager-fp32,torch,2.13.0+rocm7.1,gpu,AMD Instinct Mi325X VF,opponent,0.9178499749395996,1,{},2260.1,320.0,ok,SPAN-ASYMMETRIC(upload_outside_its_clock),MATCHED
amd,algos/batchnorm1d/synthetic/rows=full,synthetic,,fit_or_operation,torch-compile-fp32,torch,2.13.0+rocm7.1,gpu,AMD Instinct Mi325X VF,opponent,1.4807080151513219,1,"{""max_rel_diff_vs_torch_eager_fp32"": 0.002792603481793776, ""rel_fro_vs_torch_eager_fp32"": 5.248086208657463e-08}",2114.8,320.0,ok,SPAN-ASYMMETRIC(upload_outside_its_clock),MATCHED
amd,algos/batchnorm1d/synthetic/rows=full,synthetic,,fit_or_operation,torch-eager-bf16,torch,2.13.0+rocm7.1,gpu,AMD Instinct Mi325X VF,opponent,1.0293789964634925,1,"{""max_rel_diff_vs_torch_eager_fp32"": 0.0, ""rel_fro_vs_torch_eager_fp32"": 0.0}",1892.7,320.0,ok,SPAN-ASYMMETRIC(upload_outside_its_clock),MATCHED
amd,algos/batchnorm1d/synthetic/rows=full,synthetic,,fit_or_operation,torch-compile-bf16,torch,2.13.0+rocm7.1,gpu,AMD Instinct Mi325X VF,opponent,1.354167005047202,1,"{""max_rel_diff_vs_torch_eager_fp32"": 0.002792603481793776, ""rel_fro_vs_torch_eager_fp32"": 5.248086208657463e-08}",2008.9,320.0,ok,SPAN-ASYMMETRIC(upload_outside_its_clock),MATCHED
amd,algos/batchnorm1d/synthetic/rows=full,synthetic,,inference,ours,mojolearn,,gpu,,identical,,0,{},,,"REFUSED(not_ready: {""error"": ""ImportError('libamdhip64.so.7: cannot open shared object file: No such file or directory')"", ""event"": ""error"", ""stage"": ""ready""})",LIKE-FOR-LIKE-SPAN,MATCHED
amd,algos/batchnorm1d/synthetic/rows=full,synthetic,,inference,torch-eager-fp32,torch,,gpu,,opponent,0.11960900155827403,1,{},,,ok,SPAN-ASYMMETRIC(upload_outside_its_clock),MATCHED
amd,algos/batchnorm1d/synthetic/rows=full,synthetic,,inference,torch-compile-fp32,torch,,gpu,,opponent,0.1663189905229956,1,{},,,ok,SPAN-ASYMMETRIC(upload_outside_its_clock),MATCHED
amd,algos/batchnorm1d/synthetic/rows=full,synthetic,,inference,torch-eager-bf16,torch,,gpu,,opponent,0.1318400027230382,1,{},,,ok,SPAN-ASYMMETRIC(upload_outside_its_clock),MATCHED
amd,algos/batchnorm1d/synthetic/rows=full,synthetic,,inference,torch-compile-bf16,torch,,gpu,,opponent,0.17040999955497682,1,{},,,ok,SPAN-ASYMMETRIC(upload_outside_its_clock),MATCHED
amd,algos/batchnorm2d/synthetic/rows=full,synthetic,,fit_or_operation,ours,mojolearn,,gpu,,identical,,0,{},,,"REFUSED(not_ready: {""error"": ""ImportError('libamdhip64.so.7: cannot open shared object file: No such file or directory')"", ""event"": ""error"", ""stage"": ""ready""})",LIKE-FOR-LIKE-SPAN,MATCHED
amd,algos/batchnorm2d/synthetic/rows=full,synthetic,,fit_or_operation,torch-eager-fp32,torch,2.13.0+rocm7.1,gpu,AMD Instinct Mi325X VF,opponent,1.018348993966356,1,{},2193.7,250.0,ok,SPAN-ASYMMETRIC(upload_outside_its_clock),MATCHED
amd,algos/batchnorm2d/synthetic/rows=full,synthetic,,fit_or_operation,torch-compile-fp32,torch,2.13.0+rocm7.1,gpu,AMD Instinct Mi325X VF,opponent,1.3773780083283782,1,"{""max_rel_diff_vs_torch_eager_fp32"": 0.001470652932766825, ""rel_fro_vs_torch_eager_fp32"": 6.867786346190572e-08}",2083.4,250.0,ok,SPAN-ASYMMETRIC(upload_outside_its_clock),MATCHED
amd,algos/batchnorm2d/synthetic/rows=full,synthetic,,fit_or_operation,torch-eager-bf16,torch,2.13.0+rocm7.1,gpu,AMD Instinct Mi325X VF,opponent,0.9182490175589919,1,"{""max_rel_diff_vs_torch_eager_fp32"": 0.0, ""rel_fro_vs_torch_eager_fp32"": 0.0}",1827.8,250.0,ok,SPAN-ASYMMETRIC(upload_outside_its_clock),MATCHED
amd,algos/batchnorm2d/synthetic/rows=full,synthetic,,fit_or_operation,torch-compile-bf16,torch,2.13.0+rocm7.1,gpu,AMD Instinct Mi325X VF,opponent,1.396987005136907,1,"{""max_rel_diff_vs_torch_eager_fp32"": 0.001470652932766825, ""rel_fro_vs_torch_eager_fp32"": 6.867786346190572e-08}",1977.6,250.0,ok,SPAN-ASYMMETRIC(upload_outside_its_clock),MATCHED
amd,algos/batchnorm2d/synthetic/rows=full,synthetic,,inference,ours,mojolearn,,gpu,,identical,,0,{},,,"REFUSED(not_ready: {""error"": ""ImportError('libamdhip64.so.7: cannot open shared object file: No such file or directory')"", ""event"": ""error"", ""stage"": ""ready""})",LIKE-FOR-LIKE-SPAN,MATCHED
amd,algos/batchnorm2d/synthetic/rows=full,synthetic,,inference,torch-eager-fp32,torch,,gpu,,opponent,0.19046998932026327,1,{},,,ok,SPAN-ASYMMETRIC(upload_outside_its_clock),MATCHED
amd,algos/batchnorm2d/synthetic/rows=full,synthetic,,inference,torch-compile-fp32,torch,,gpu,,opponent,0.1837490126490593,1,{},,,ok,SPAN-ASYMMETRIC(upload_outside_its_clock),MATCHED
amd,algos/batchnorm2d/synthetic/rows=full,synthetic,,inference,torch-eager-bf16,torch,,gpu,,opponent,0.20059000235050917,1,{},,,ok,SPAN-ASYMMETRIC(upload_outside_its_clock),MATCHED
amd,algos/batchnorm2d/synthetic/rows=full,synthetic,,inference,torch-compile-bf16,torch,,gpu,,opponent,0.21975900745019317,1,{},,,ok,SPAN-ASYMMETRIC(upload_outside_its_clock),MATCHED
amd,algos/cholesky/synthetic/rows=full,synthetic,,fit_or_operation,ours,mojolearn,0.8.25,gpu,AMD Instinct Mi325X VF,identical,557.4014239828102,1,"{""relative_residual"": 2.9000699916434393e-07}",3905.4,3244.4,ok,LIKE-FOR-LIKE-SPAN,MATCHED
amd,algos/cholesky/synthetic/rows=full,synthetic,,fit_or_operation,numpy-cpu,numpy,2.5.3,cpu,AMD EPYC 9575F 64-Core Processor,opponent,7138.882439990994,1,"{""relative_residual"": 3.9281354968579786e-08}",2650.2,,ok,LIKE-FOR-LIKE-SPAN,MATCHED
amd,algos/cholesky/synthetic/rows=full,synthetic,,fit_or_operation,torch-gpu,torch,2.13.0+rocm7.1,gpu,AMD Instinct Mi325X VF,opponent,31.975249003153294,1,"{""relative_residual"": 2.51863168732312e-07}",2616.0,790.4,ok,SPAN-ASYMMETRIC(upload_outside_its_clock),MATCHED
amd,algos/clip-grad-norm/synthetic/rows=full,synthetic,,fit_or_operation,ours,mojolearn,0.8.25,gpu,AMD Instinct Mi325X VF,identical,25.702849990921095,1,"{""norm"": 1.0, ""norm_rel_diff_vs_ours"": 0.0}",2171.1,674.3,"MODE-MISMATCH(requested identical, read back unknown)",LIKE-FOR-LIKE-SPAN,MATCHED
amd,algos/clip-grad-norm/synthetic/rows=full,synthetic,,fit_or_operation,torch-eager-fp32,torch,2.13.0+rocm7.1,gpu,AMD Instinct Mi325X VF,opponent,0.633639981970191,1,"{""norm"": 1.0, ""norm_rel_diff_vs_ours"": 0.0}",1884.3,128.0,ok,SPAN-ASYMMETRIC(upload_outside_its_clock),MATCHED
amd,algos/clip-grad-norm/synthetic/rows=full,synthetic,,fit_or_operation,torch-compile-fp32,torch,2.13.0+rocm7.1,gpu,AMD Instinct Mi325X VF,opponent,92.30595600092784,1,"{""norm"": 1.0, ""norm_rel_diff_vs_ours"": 0.0}",2068.0,128.0,ok,SPAN-ASYMMETRIC(upload_outside_its_clock),MATCHED
amd,algos/cnn-clf/synthetic/rows=full,synthetic,X 20000x1x28x28; Xq 5000x1x28x28; y 20000; yq 5000,fit_or_operation,ours,mojolearn,0.8.25,gpu,AMD Instinct Mi325X VF,identical,179.23862897441722,1,"{""accuracy"": 1.0}",806.9,1690.5,ok,LIKE-FOR-LIKE-SPAN,MATCHED
amd,algos/cnn-clf/synthetic/rows=full,synthetic,X 20000x1x28x28; Xq 5000x1x28x28; y 20000; yq 5000,fit_or_operation,torch-eager-fp32,torch,2.13.0+rocm7.1,gpu,AMD Instinct Mi325X VF,opponent,178.1896210159175,1,"{""accuracy"": 1.0}",5759.4,423.5,ok,SPAN-ASYMMETRIC(upload_outside_its_clock),MATCHED
amd,algos/cnn-clf/synthetic/rows=full,synthetic,X 20000x1x28x28; Xq 5000x1x28x28; y 20000; yq 5000,fit_or_operation,torch-compile-fp32,torch,2.13.0+rocm7.1,gpu,AMD Instinct Mi325X VF,opponent,210.07368198479526,1,"{""accuracy"": 1.0}",5130.7,350.0,ok,SPAN-ASYMMETRIC(upload_outside_its_clock),MATCHED
amd,algos/cnn-clf/synthetic/rows=full,synthetic,X 20000x1x28x28; Xq 5000x1x28x28; y 20000; yq 5000,fit_or_operation,torch-eager-bf16,torch,2.13.0+rocm7.1,gpu,AMD Instinct Mi325X VF,opponent,258.4977689839434,1,"{""accuracy"": 1.0}",4287.9,431.6,ok,SPAN-ASYMMETRIC(upload_outside_its_clock),MATCHED
amd,algos/cnn-clf/synthetic/rows=full,synthetic,X 20000x1x28x28; Xq 5000x1x28x28; y 20000; yq 5000,fit_or_operation,torch-compile-bf16,torch,2.13.0+rocm7.1,gpu,AMD Instinct Mi325X VF,opponent,287.56487599457614,1,"{""accuracy"": 1.0}",3433.3,431.6,ok,SPAN-ASYMMETRIC(upload_outside_its_clock),MATCHED
amd,algos/cnn-clf/synthetic/rows=full,synthetic,,inference,ours,mojolearn,,gpu,,identical,6.399751000571996,1,{},,,ok,LIKE-FOR-LIKE-SPAN,MATCHED
amd,algos/cnn-clf/synthetic/rows=full,synthetic,,inference,torch-eager-fp32,torch,,gpu,,opponent,0.9350090113002807,1,{},,,ok,SPAN-ASYMMETRIC(upload_outside_its_clock),MATCHED
amd,algos/cnn-clf/synthetic/rows=full,synthetic,,inference,torch-compile-fp32,torch,,gpu,,opponent,0.8436990028712898,1,{},,,ok,SPAN-ASYMMETRIC(upload_outside_its_clock),MATCHED
amd,algos/cnn-clf/synthetic/rows=full,synthetic,,inference,torch-eager-bf16,torch,,gpu,,opponent,0.9950189851224422,1,{},,,ok,SPAN-ASYMMETRIC(upload_outside_its_clock),MATCHED
amd,algos/cnn-clf/synthetic/rows=full,synthetic,,inference,torch-compile-bf16,torch,,gpu,,opponent,0.8045379945542663,1,{},,,ok,SPAN-ASYMMETRIC(upload_outside_its_clock),MATCHED
amd,algos/conv1d/synthetic/rows=full,synthetic,,fit_or_operation,ours,mojolearn,,gpu,,identical,,0,{},,,"REFUSED(not_ready: {""error"": ""ImportError('libamdhip64.so.7: cannot open shared object file: No such file or directory')"", ""event"": ""error"", ""stage"": ""ready""})",LIKE-FOR-LIKE-SPAN,MATCHED
amd,algos/conv1d/synthetic/rows=full,synthetic,,fit_or_operation,torch-eager-fp32,torch,2.13.0+rocm7.1,gpu,AMD Instinct Mi325X VF,opponent,1.938216999405995,1,{},2747.7,896.6,ok,SPAN-ASYMMETRIC(upload_outside_its_clock),MATCHED
amd,algos/conv1d/synthetic/rows=full,synthetic,,fit_or_operation,torch-compile-fp32,torch,2.13.0+rocm7.1,gpu,AMD Instinct Mi325X VF,opponent,2.4408960016444325,1,"{""max_rel_diff_vs_torch_eager_fp32"": 0.0, ""rel_fro_vs_torch_eager_fp32"": 0.0}",2437.2,896.6,ok,SPAN-ASYMMETRIC(upload_outside_its_clock),MATCHED
amd,algos/conv1d/synthetic/rows=full,synthetic,,fit_or_operation,torch-eager-bf16,torch,2.13.0+rocm7.1,gpu,AMD Instinct Mi325X VF,opponent,1.3593279873020947,1,"{""max_rel_diff_vs_torch_eager_fp32"": 3418.0358052253723, ""rel_fro_vs_torch_eager_fp32"": 0.004376964241185431}",2994.4,832.4,ok,SPAN-ASYMMETRIC(upload_outside_its_clock),MATCHED
amd,algos/conv1d/synthetic/rows=full,synthetic,,fit_or_operation,torch-compile-bf16,torch,2.13.0+rocm7.1,gpu,AMD Instinct Mi325X VF,opponent,2.0428679999895394,1,"{""max_rel_diff_vs_torch_eager_fp32"": 3418.0358052253723, ""rel_fro_vs_torch_eager_fp32"": 0.004376964241185431}",2478.6,832.4,ok,SPAN-ASYMMETRIC(upload_outside_its_clock),MATCHED
amd,algos/conv1d/synthetic/rows=full,synthetic,,inference,ours,mojolearn,,gpu,,identical,,0,{},,,"REFUSED(not_ready: {""error"": ""ImportError('libamdhip64.so.7: cannot open shared object file: No such file or directory')"", ""event"": ""error"", ""stage"": ""ready""})",LIKE-FOR-LIKE-SPAN,MATCHED
amd,algos/conv1d/synthetic/rows=full,synthetic,,inference,torch-eager-fp32,torch,,gpu,,opponent,0.6542189803440124,1,{},,,ok,SPAN-ASYMMETRIC(upload_outside_its_clock),MATCHED
amd,algos/conv1d/synthetic/rows=full,synthetic,,inference,torch-compile-fp32,torch,,gpu,,opponent,0.684267986798659,1,{},,,ok,SPAN-ASYMMETRIC(upload_outside_its_clock),MATCHED
amd,algos/conv1d/synthetic/rows=full,synthetic,,inference,torch-eager-bf16,torch,,gpu,,opponent,0.37490998511202633,1,{},,,ok,SPAN-ASYMMETRIC(upload_outside_its_clock),MATCHED
amd,algos/conv1d/synthetic/rows=full,synthetic,,inference,torch-compile-bf16,torch,,gpu,,opponent,0.42922800639644265,1,{},,,ok,SPAN-ASYMMETRIC(upload_outside_its_clock),MATCHED
amd,algos/conv2d/synthetic/rows=full,synthetic,,fit_or_operation,ours,mojolearn,,gpu,,identical,,0,{},,,"REFUSED(not_ready: {""error"": ""ImportError('libamdhip64.so.7: cannot open shared object file: No such file or directory')"", ""event"": ""error"", ""stage"": ""ready""})",LIKE-FOR-LIKE-SPAN,MATCHED
amd,algos/conv2d/synthetic/rows=full,synthetic,,fit_or_operation,torch-eager-fp32,torch,2.13.0+rocm7.1,gpu,AMD Instinct Mi325X VF,opponent,1.2987289810553193,1,{},2396.5,347.4,ok,SPAN-ASYMMETRIC(upload_outside_its_clock),MATCHED
amd,algos/conv2d/synthetic/rows=full,synthetic,,fit_or_operation,torch-compile-fp32,torch,2.13.0+rocm7.1,gpu,AMD Instinct Mi325X VF,opponent,1.796676981030032,1,"{""max_rel_diff_vs_torch_eager_fp32"": 0.0, ""rel_fro_vs_torch_eager_fp32"": 0.0}",2278.0,347.4,ok,SPAN-ASYMMETRIC(upload_outside_its_clock),MATCHED
amd,algos/conv2d/synthetic/rows=full,synthetic,,fit_or_operation,torch-eager-bf16,torch,2.13.0+rocm7.1,gpu,AMD Instinct Mi325X VF,opponent,1.3855189899913967,1,"{""max_rel_diff_vs_torch_eager_fp32"": 3418.486565351486, ""rel_fro_vs_torch_eager_fp32"": 0.0033824277688701714}",2428.6,320.8,ok,SPAN-ASYMMETRIC(upload_outside_its_clock),MATCHED
amd,algos/conv2d/synthetic/rows=full,synthetic,,fit_or_operation,torch-compile-bf16,torch,2.13.0+rocm7.1,gpu,AMD Instinct Mi325X VF,opponent,1.6494670126121491,1,"{""max_rel_diff_vs_torch_eager_fp32"": 3418.486565351486, ""rel_fro_vs_torch_eager_fp32"": 0.0033824277688701714}",2329.5,320.8,ok,SPAN-ASYMMETRIC(upload_outside_its_clock),MATCHED
amd,algos/conv2d/synthetic/rows=full,synthetic,,inference,ours,mojolearn,,gpu,,identical,,0,{},,,"REFUSED(not_ready: {""error"": ""ImportError('libamdhip64.so.7: cannot open shared object file: No such file or directory')"", ""event"": ""error"", ""stage"": ""ready""})",LIKE-FOR-LIKE-SPAN,MATCHED
amd,algos/conv2d/synthetic/rows=full,synthetic,,inference,torch-eager-fp32,torch,,gpu,,opponent,0.2740289783105254,1,{},,,ok,SPAN-ASYMMETRIC(upload_outside_its_clock),MATCHED
amd,algos/conv2d/synthetic/rows=full,synthetic,,inference,torch-compile-fp32,torch,,gpu,,opponent,0.3388189943507314,1,{},,,ok,SPAN-ASYMMETRIC(upload_outside_its_clock),MATCHED
amd,algos/conv2d/synthetic/rows=full,synthetic,,inference,torch-eager-bf16,torch,,gpu,,opponent,0.25685899890959263,1,{},,,ok,SPAN-ASYMMETRIC(upload_outside_its_clock),MATCHED
amd,algos/conv2d/synthetic/rows=full,synthetic,,inference,torch-compile-bf16,torch,,gpu,,opponent,0.3090800018981099,1,{},,,ok,SPAN-ASYMMETRIC(upload_outside_its_clock),MATCHED
amd,algos/cross-entropy/synthetic/rows=full,synthetic,,fit_or_operation,ours,mojolearn,0.8.25,gpu,AMD Instinct Mi325X VF,identical,216.69769298750907,1,"{""loss_rel_err_vs_fp64"": 4.5643472537888876e-08}",2897.2,674.4,"MODE-MISMATCH(requested identical, read back unknown)",LIKE-FOR-LIKE-SPAN,MATCHED
amd,algos/cross-entropy/synthetic/rows=full,synthetic,,fit_or_operation,torch-eager-fp32,torch,2.13.0+rocm7.1,gpu,AMD Instinct Mi325X VF,opponent,8.366107009351254,1,"{""grad_max_rel_diff_vs_ours"": 4.1909693216575284e-09, ""loss_rel_err_vs_fp64"": 4.5643472537888876e-08}",2195.6,1024.1,ok,SPAN-ASYMMETRIC(upload_outside_its_clock),MATCHED
amd,algos/cross-entropy/synthetic/rows=full,synthetic,,fit_or_operation,torch-compile-fp32,torch,2.13.0+rocm7.1,gpu,AMD Instinct Mi325X VF,opponent,84.41316901007667,1,"{""grad_max_rel_diff_vs_ours"": 7.450612127391162e-09, ""loss_rel_err_vs_fp64"": 4.5643472537888876e-08}",2403.6,512.1,ok,SPAN-ASYMMETRIC(upload_outside_its_clock),MATCHED
amd,algos/dropout2d/synthetic/rows=full,synthetic,,fit_or_operation,ours,mojolearn,,gpu,,identical,,0,{},,,"REFUSED(not_ready: {""error"": ""ImportError('libamdhip64.so.7: cannot open shared object file: No such file or directory')"", ""event"": ""error"", ""stage"": ""ready""})",LIKE-FOR-LIKE-SPAN,MATCHED
amd,algos/dropout2d/synthetic/rows=full,synthetic,,fit_or_operation,torch-eager-fp32,torch,2.13.0+rocm7.1,gpu,AMD Instinct Mi325X VF,opponent,0.8594889950472862,1,{},1596.4,250.0,ok,SPAN-ASYMMETRIC(upload_outside_its_clock),MATCHED
amd,algos/dropout2d/synthetic/rows=full,synthetic,,fit_or_operation,torch-compile-fp32,torch,2.13.0+rocm7.1,gpu,AMD Instinct Mi325X VF,opponent,97.19449299154803,1,{},1833.4,250.0,ok,SPAN-ASYMMETRIC(upload_outside_its_clock),MATCHED
amd,algos/dropout2d/synthetic/rows=full,synthetic,,inference,ours,mojolearn,,gpu,,identical,,0,{},,,"REFUSED(not_ready: {""error"": ""ImportError('libamdhip64.so.7: cannot open shared object file: No such file or directory')"", ""event"": ""error"", ""stage"": ""ready""})",LIKE-FOR-LIKE-SPAN,MATCHED
amd,algos/dropout2d/synthetic/rows=full,synthetic,,inference,torch-eager-fp32,torch,,gpu,,opponent,0.08030000026337802,1,{},,,ok,SPAN-ASYMMETRIC(upload_outside_its_clock),MATCHED
amd,algos/dropout2d/synthetic/rows=full,synthetic,,inference,torch-compile-fp32,torch,,gpu,,opponent,0.1680599816609174,1,{},,,ok,SPAN-ASYMMETRIC(upload_outside_its_clock),MATCHED
amd,algos/eigh/synthetic/rows=full,synthetic,,fit_or_operation,ours,mojolearn,0.8.25,gpu,AMD Instinct Mi325X VF,identical,,0,{},,,REFUSED(timeout: null),LIKE-FOR-LIKE-SPAN,MATCHED
amd,algos/eigh/synthetic/rows=full,synthetic,,fit_or_operation,numpy-cpu,numpy,2.5.3,cpu,AMD EPYC 9575F 64-Core Processor,opponent,2356.5397879865486,1,"{""max_eigenvalue_error"": 3.49014511182305e-08, ""relative_residual"": 2.8236889953584005e-08}",970.0,,ok,LIKE-FOR-LIKE-SPAN,MATCHED
amd,algos/eigh/synthetic/rows=full,synthetic,,fit_or_operation,torch-gpu,torch,2.13.0+rocm7.1,gpu,AMD Instinct Mi325X VF,opponent,117.47917500906624,1,"{""max_eigenvalue_error"": 1.0440680754790996e-06, ""relative_residual"": 9.613883338456243e-07}",2037.8,400.7,ok,SPAN-ASYMMETRIC(upload_outside_its_clock),MATCHED
amd,algos/embedding/synthetic/rows=full,synthetic,,fit_or_operation,ours,mojolearn,,gpu,,identical,,0,{},,,"REFUSED(not_ready: {""error"": ""ImportError('libamdhip64.so.7: cannot open shared object file: No such file or directory')"", ""event"": ""error"", ""stage"": ""ready""})",LIKE-FOR-LIKE-SPAN,MATCHED
amd,algos/embedding/synthetic/rows=full,synthetic,,fit_or_operation,torch-eager-fp32,torch,2.13.0+rocm7.1,gpu,AMD Instinct Mi325X VF,opponent,1.129398006014526,1,{},2290.0,782.6,ok,SPAN-ASYMMETRIC(upload_outside_its_clock),MATCHED
amd,algos/embedding/synthetic/rows=full,synthetic,,fit_or_operation,torch-compile-fp32,torch,2.13.0+rocm7.1,gpu,AMD Instinct Mi325X VF,opponent,1.114416983909905,1,"{""max_rel_diff_vs_torch_eager_fp32"": 0.0, ""rel_fro_vs_torch_eager_fp32"": 0.0}",2342.8,640.2,ok,SPAN-ASYMMETRIC(upload_outside_its_clock),MATCHED
amd,algos/embedding/synthetic/rows=full,synthetic,,inference,ours,mojolearn,,gpu,,identical,,0,{},,,"REFUSED(not_ready: {""error"": ""ImportError('libamdhip64.so.7: cannot open shared object file: No such file or directory')"", ""event"": ""error"", ""stage"": ""ready""})",LIKE-FOR-LIKE-SPAN,MATCHED
amd,algos/embedding/synthetic/rows=full,synthetic,,inference,torch-eager-fp32,torch,,gpu,,opponent,0.1052799925673753,1,{},,,ok,SPAN-ASYMMETRIC(upload_outside_its_clock),MATCHED
amd,algos/embedding/synthetic/rows=full,synthetic,,inference,torch-compile-fp32,torch,,gpu,,opponent,0.16074097948148847,1,{},,,ok,SPAN-ASYMMETRIC(upload_outside_its_clock),MATCHED
amd,algos/gcn/istella/rows=full,istella,X 100000x220; indices 1521510; indptr 100001; y 100000,fit_or_operation,ours,mojolearn,,gpu,,identical,,0,{},,,"REFUSED(not_ready: {""error"": ""ImportError('libamdhip64.so.7: cannot open shared object file: No such file or directory')"", ""event"": ""error"", ""stage"": ""ready""})",LIKE-FOR-LIKE-SPAN,MATCHED
amd,algos/gcn/istella/rows=full,istella,X 100000x220; indices 1521510; indptr 100001; y 100000,fit_or_operation,torch-eager-fp32,torch,2.13.0+rocm7.1,gpu,AMD Instinct Mi325X VF,opponent,4.779603012138978,1,{},4551.2,2070.3,ok,SPAN-ASYMMETRIC(upload_outside_its_clock),MATCHED
amd,algos/gcn/istella/rows=full,istella,X 100000x220; indices 1521510; indptr 100001; y 100000,fit_or_operation,torch-compile-fp32,torch,2.13.0+rocm7.1,gpu,AMD Instinct Mi325X VF,opponent,3.9493149961344898,1,"{""max_rel_diff_vs_torch_eager_fp32"": 0.0077398548777210426, ""rel_fro_vs_torch_eager_fp32"": 9.043931546158383e-08}",4591.6,535.2,ok,SPAN-ASYMMETRIC(upload_outside_its_clock),MATCHED
amd,algos/gcn/istella/rows=full,istella,X 100000x220; indices 1521510; indptr 100001; y 100000,fit_or_operation,torch-eager-bf16,torch,2.13.0+rocm7.1,gpu,AMD Instinct Mi325X VF,opponent,4.922171996440738,1,"{""max_rel_diff_vs_torch_eager_fp32"": 2866.979199140016, ""rel_fro_vs_torch_eager_fp32"": 0.002187157641642923}",3211.8,2459.5,ok,SPAN-ASYMMETRIC(upload_outside_its_clock),MATCHED
amd,algos/gcn/istella/rows=full,istella,X 100000x220; indices 1521510; indptr 100001; y 100000,fit_or_operation,torch-compile-bf16,torch,2.13.0+rocm7.1,gpu,AMD Instinct Mi325X VF,opponent,3.1085060036275536,1,"{""max_rel_diff_vs_torch_eager_fp32"": 2866.9723192690135, ""rel_fro_vs_torch_eager_fp32"": 0.0021871579585740633}",3528.1,918.2,ok,SPAN-ASYMMETRIC(upload_outside_its_clock),MATCHED
amd,algos/gcn/istella/rows=full,istella,,inference,ours,mojolearn,,gpu,,identical,,0,{},,,"REFUSED(not_ready: {""error"": ""ImportError('libamdhip64.so.7: cannot open shared object file: No such file or directory')"", ""event"": ""error"", ""stage"": ""ready""})",LIKE-FOR-LIKE-SPAN,MATCHED
amd,algos/gcn/istella/rows=full,istella,,inference,torch-eager-fp32,torch,,gpu,,opponent,2.590916003100574,1,{},,,ok,SPAN-ASYMMETRIC(upload_outside_its_clock),MATCHED
amd,algos/gcn/istella/rows=full,istella,,inference,torch-compile-fp32,torch,,gpu,,opponent,1.943867013324052,1,{},,,ok,SPAN-ASYMMETRIC(upload_outside_its_clock),MATCHED
amd,algos/gcn/istella/rows=full,istella,,inference,torch-eager-bf16,torch,,gpu,,opponent,2.422546996967867,1,{},,,ok,SPAN-ASYMMETRIC(upload_outside_its_clock),MATCHED
amd,algos/gcn/istella/rows=full,istella,,inference,torch-compile-bf16,torch,,gpu,,opponent,1.803927996661514,1,{},,,ok,SPAN-ASYMMETRIC(upload_outside_its_clock),MATCHED
amd,algos/gcn/taxi/rows=full,taxi,X 100000x11; indices 1258298; indptr 100001; y 100000,fit_or_operation,ours,mojolearn,,gpu,,identical,,0,{},,,"REFUSED(not_ready: {""error"": ""ImportError('libamdhip64.so.7: cannot open shared object file: No such file or directory')"", ""event"": ""error"", ""stage"": ""ready""})",LIKE-FOR-LIKE-SPAN,MATCHED
amd,algos/gcn/taxi/rows=full,taxi,X 100000x11; indices 1258298; indptr 100001; y 100000,fit_or_operation,torch-eager-fp32,torch,2.13.0+rocm7.1,gpu,AMD Instinct Mi325X VF,opponent,4.158834024565294,1,{},4465.7,1725.4,ok,SPAN-ASYMMETRIC(upload_outside_its_clock),MATCHED
amd,algos/gcn/taxi/rows=full,taxi,X 100000x11; indices 1258298; indptr 100001; y 100000,fit_or_operation,torch-compile-fp32,torch,2.13.0+rocm7.1,gpu,AMD Instinct Mi325X VF,opponent,3.438724990701303,1,"{""max_rel_diff_vs_torch_eager_fp32"": 0.0027939677238464355, ""rel_fro_vs_torch_eager_fp32"": 7.648195862560471e-08}",5152.1,446.3,ok,SPAN-ASYMMETRIC(upload_outside_its_clock),MATCHED
amd,algos/gcn/taxi/rows=full,taxi,X 100000x11; indices 1258298; indptr 100001; y 100000,fit_or_operation,torch-eager-bf16,torch,2.13.0+rocm7.1,gpu,AMD Instinct Mi325X VF,opponent,4.082042985828593,1,"{""max_rel_diff_vs_torch_eager_fp32"": 1509.504159912467, ""rel_fro_vs_torch_eager_fp32"": 0.0023301756530696616}",3125.5,2010.7,ok,SPAN-ASYMMETRIC(upload_outside_its_clock),MATCHED
amd,algos/gcn/taxi/rows=full,taxi,X 100000x11; indices 1258298; indptr 100001; y 100000,fit_or_operation,torch-compile-bf16,torch,2.13.0+rocm7.1,gpu,AMD Instinct Mi325X VF,opponent,2.842646004864946,1,"{""max_rel_diff_vs_torch_eager_fp32"": 1509.5032285898924, ""rel_fro_vs_torch_eager_fp32"": 0.00233017660512425}",3444.2,726.3,ok,SPAN-ASYMMETRIC(upload_outside_its_clock),MATCHED
amd,algos/gcn/taxi/rows=full,taxi,,inference,ours,mojolearn,,gpu,,identical,,0,{},,,"REFUSED(not_ready: {""error"": ""ImportError('libamdhip64.so.7: cannot open shared object file: No such file or directory')"", ""event"": ""error"", ""stage"": ""ready""})",LIKE-FOR-LIKE-SPAN,MATCHED
amd,algos/gcn/taxi/rows=full,taxi,,inference,torch-eager-fp32,torch,,gpu,,opponent,2.0247070060577244,1,{},,,ok,SPAN-ASYMMETRIC(upload_outside_its_clock),MATCHED
amd,algos/gcn/taxi/rows=full,taxi,,inference,torch-compile-fp32,torch,,gpu,,opponent,1.569237996591255,1,{},,,ok,SPAN-ASYMMETRIC(upload_outside_its_clock),MATCHED
amd,algos/gcn/taxi/rows=full,taxi,,inference,torch-eager-bf16,torch,,gpu,,opponent,2.0590469939634204,1,{},,,ok,SPAN-ASYMMETRIC(upload_outside_its_clock),MATCHED
amd,algos/gcn/taxi/rows=full,taxi,,inference,torch-compile-bf16,torch,,gpu,,opponent,1.5788279997650534,1,{},,,ok,SPAN-ASYMMETRIC(upload_outside_its_clock),MATCHED
amd,algos/global-avgpool/synthetic/rows=full,synthetic,,fit_or_operation,ours,mojolearn,,gpu,,identical,,0,{},,,"REFUSED(not_ready: {""error"": ""ImportError('libamdhip64.so.7: cannot open shared object file: No such file or directory')"", ""event"": ""error"", ""stage"": ""ready""})",LIKE-FOR-LIKE-SPAN,MATCHED
amd,algos/global-avgpool/synthetic/rows=full,synthetic,,fit_or_operation,torch-eager-fp32,torch,2.13.0+rocm7.1,gpu,AMD Instinct Mi325X VF,opponent,0.6595990271307528,1,{},1634.8,12.6,ok,SPAN-ASYMMETRIC(upload_outside_its_clock),MATCHED
amd,algos/global-avgpool/synthetic/rows=full,synthetic,,fit_or_operation,torch-compile-fp32,torch,2.13.0+rocm7.1,gpu,AMD Instinct Mi325X VF,opponent,0.9992779814638197,1,"{""max_rel_diff_vs_torch_eager_fp32"": 0.007298524451471167, ""rel_fro_vs_torch_eager_fp32"": 1.0103796892861762e-07}",1965.6,12.6,ok,SPAN-ASYMMETRIC(upload_outside_its_clock),MATCHED
amd,algos/global-avgpool/synthetic/rows=full,synthetic,,fit_or_operation,torch-eager-bf16,torch,2.13.0+rocm7.1,gpu,AMD Instinct Mi325X VF,opponent,0.6471990200225264,1,"{""max_rel_diff_vs_torch_eager_fp32"": 0.0, ""rel_fro_vs_torch_eager_fp32"": 0.0}",1634.6,12.6,ok,SPAN-ASYMMETRIC(upload_outside_its_clock),MATCHED
amd,algos/global-avgpool/synthetic/rows=full,synthetic,,fit_or_operation,torch-compile-bf16,torch,2.13.0+rocm7.1,gpu,AMD Instinct Mi325X VF,opponent,1.0046389943454415,1,"{""max_rel_diff_vs_torch_eager_fp32"": 0.007298524451471167, ""rel_fro_vs_torch_eager_fp32"": 1.0103796892861762e-07}",1883.3,12.6,ok,SPAN-ASYMMETRIC(upload_outside_its_clock),MATCHED
amd,algos/global-avgpool/synthetic/rows=full,synthetic,,inference,ours,mojolearn,,gpu,,identical,,0,{},,,"REFUSED(not_ready: {""error"": ""ImportError('libamdhip64.so.7: cannot open shared object file: No such file or directory')"", ""event"": ""error"", ""stage"": ""ready""})",LIKE-FOR-LIKE-SPAN,MATCHED
amd,algos/global-avgpool/synthetic/rows=full,synthetic,,inference,torch-eager-fp32,torch,,gpu,,opponent,0.045930995838716626,1,{},,,ok,SPAN-ASYMMETRIC(upload_outside_its_clock),MATCHED
amd,algos/global-avgpool/synthetic/rows=full,synthetic,,inference,torch-compile-fp32,torch,,gpu,,opponent,0.1096090127248317,1,{},,,ok,SPAN-ASYMMETRIC(upload_outside_its_clock),MATCHED
amd,algos/global-avgpool/synthetic/rows=full,synthetic,,inference,torch-eager-bf16,torch,,gpu,,opponent,0.05500999395735562,1,{},,,ok,SPAN-ASYMMETRIC(upload_outside_its_clock),MATCHED
amd,algos/global-avgpool/synthetic/rows=full,synthetic,,inference,torch-compile-bf16,torch,,gpu,,opponent,0.1234480005223304,1,{},,,ok,SPAN-ASYMMETRIC(upload_outside_its_clock),MATCHED
amd,algos/global-maxpool/synthetic/rows=full,synthetic,,fit_or_operation,ours,mojolearn,,gpu,,identical,,0,{},,,"REFUSED(not_ready: {""error"": ""ImportError('libamdhip64.so.7: cannot open shared object file: No such file or directory')"", ""event"": ""error"", ""stage"": ""ready""})",LIKE-FOR-LIKE-SPAN,MATCHED
amd,algos/global-maxpool/synthetic/rows=full,synthetic,,fit_or_operation,torch-eager-fp32,torch,2.13.0+rocm7.1,gpu,AMD Instinct Mi325X VF,opponent,0.5613690009340644,1,{},1610.5,12.9,ok,SPAN-ASYMMETRIC(upload_outside_its_clock),MATCHED
amd,algos/global-maxpool/synthetic/rows=full,synthetic,,fit_or_operation,torch-compile-fp32,torch,2.13.0+rocm7.1,gpu,AMD Instinct Mi325X VF,opponent,1.1312580027151853,1,"{""max_rel_diff_vs_torch_eager_fp32"": 0.0, ""rel_fro_vs_torch_eager_fp32"": 0.0}",1993.0,12.9,ok,SPAN-ASYMMETRIC(upload_outside_its_clock),MATCHED
amd,algos/global-maxpool/synthetic/rows=full,synthetic,,fit_or_operation,torch-eager-bf16,torch,2.13.0+rocm7.1,gpu,AMD Instinct Mi325X VF,opponent,0.6220189970918,1,"{""max_rel_diff_vs_torch_eager_fp32"": 0.0, ""rel_fro_vs_torch_eager_fp32"": 0.0}",1610.4,12.9,ok,SPAN-ASYMMETRIC(upload_outside_its_clock),MATCHED
amd,algos/global-maxpool/synthetic/rows=full,synthetic,,fit_or_operation,torch-compile-bf16,torch,2.13.0+rocm7.1,gpu,AMD Instinct Mi325X VF,opponent,0.8296579762827605,1,"{""max_rel_diff_vs_torch_eager_fp32"": 0.0, ""rel_fro_vs_torch_eager_fp32"": 0.0}",1902.0,12.9,ok,SPAN-ASYMMETRIC(upload_outside_its_clock),MATCHED
amd,algos/global-maxpool/synthetic/rows=full,synthetic,,inference,ours,mojolearn,,gpu,,identical,,0,{},,,"REFUSED(not_ready: {""error"": ""ImportError('libamdhip64.so.7: cannot open shared object file: No such file or directory')"", ""event"": ""error"", ""stage"": ""ready""})",LIKE-FOR-LIKE-SPAN,MATCHED
amd,algos/global-maxpool/synthetic/rows=full,synthetic,,inference,torch-eager-fp32,torch,,gpu,,opponent,0.08846900891512632,1,{},,,ok,SPAN-ASYMMETRIC(upload_outside_its_clock),MATCHED
amd,algos/global-maxpool/synthetic/rows=full,synthetic,,inference,torch-compile-fp32,torch,,gpu,,opponent,0.10750000365078449,1,{},,,ok,SPAN-ASYMMETRIC(upload_outside_its_clock),MATCHED
amd,algos/global-maxpool/synthetic/rows=full,synthetic,,inference,torch-eager-bf16,torch,,gpu,,opponent,0.09873000090010464,1,{},,,ok,SPAN-ASYMMETRIC(upload_outside_its_clock),MATCHED
amd,algos/global-maxpool/synthetic/rows=full,synthetic,,inference,torch-compile-bf16,torch,,gpu,,opponent,0.11634000111371279,1,{},,,ok,SPAN-ASYMMETRIC(upload_outside_its_clock),MATCHED
amd,algos/graphsage/istella/rows=full,istella,X 100000x220; indices 1521510; indptr 100001; y 100000,fit_or_operation,ours,mojolearn,,gpu,,identical,,0,{},,,"REFUSED(not_ready: {""error"": ""ImportError('libamdhip64.so.7: cannot open shared object file: No such file or directory')"", ""event"": ""error"", ""stage"": ""ready""})",LIKE-FOR-LIKE-SPAN,MATCHED
amd,algos/graphsage/istella/rows=full,istella,X 100000x220; indices 1521510; indptr 100001; y 100000,fit_or_operation,torch-eager-fp32,torch,2.13.0+rocm7.1,gpu,AMD Instinct Mi325X VF,opponent,2.686346007976681,1,{},4278.1,1803.1,ok,SPAN-ASYMMETRIC(upload_outside_its_clock),MATCHED
amd,algos/graphsage/istella/rows=full,istella,X 100000x220; indices 1521510; indptr 100001; y 100000,fit_or_operation,torch-compile-fp32,torch,2.13.0+rocm7.1,gpu,AMD Instinct Mi325X VF,opponent,3.083205025177449,1,"{""max_rel_diff_vs_torch_eager_fp32"": 0.10810810810810811, ""rel_fro_vs_torch_eager_fp32"": 8.064984297657265e-08}",4493.5,539.5,ok,SPAN-ASYMMETRIC(upload_outside_its_clock),MATCHED
amd,algos/graphsage/istella/rows=full,istella,X 100000x220; indices 1521510; indptr 100001; y 100000,fit_or_operation,torch-eager-bf16,torch,2.13.0+rocm7.1,gpu,AMD Instinct Mi325X VF,opponent,2.602766006020829,1,"{""max_rel_diff_vs_torch_eager_fp32"": 3907.2036743164062, ""rel_fro_vs_torch_eager_fp32"": 0.0033662029868686025}",2936.5,1778.7,ok,SPAN-ASYMMETRIC(upload_outside_its_clock),MATCHED
amd,algos/graphsage/istella/rows=full,istella,X 100000x220; indices 1521510; indptr 100001; y 100000,fit_or_operation,torch-compile-bf16,torch,2.13.0+rocm7.1,gpu,AMD Instinct Mi325X VF,opponent,3.026413993211463,1,"{""max_rel_diff_vs_torch_eager_fp32"": 3678.1281232833862, ""rel_fro_vs_torch_eager_fp32"": 0.0030542820911564532}",3382.6,466.3,ok,SPAN-ASYMMETRIC(upload_outside_its_clock),MATCHED
amd,algos/graphsage/istella/rows=full,istella,,inference,ours,mojolearn,,gpu,,identical,,0,{},,,"REFUSED(not_ready: {""error"": ""ImportError('libamdhip64.so.7: cannot open shared object file: No such file or directory')"", ""event"": ""error"", ""stage"": ""ready""})",LIKE-FOR-LIKE-SPAN,MATCHED
amd,algos/graphsage/istella/rows=full,istella,,inference,torch-eager-fp32,torch,,gpu,,opponent,2.632694988278672,1,{},,,ok,SPAN-ASYMMETRIC(upload_outside_its_clock),MATCHED
amd,algos/graphsage/istella/rows=full,istella,,inference,torch-compile-fp32,torch,,gpu,,opponent,2.6331559929531068,1,{},,,ok,SPAN-ASYMMETRIC(upload_outside_its_clock),MATCHED
amd,algos/graphsage/istella/rows=full,istella,,inference,torch-eager-bf16,torch,,gpu,,opponent,2.5770860083866864,1,{},,,ok,SPAN-ASYMMETRIC(upload_outside_its_clock),MATCHED
amd,algos/graphsage/istella/rows=full,istella,,inference,torch-compile-bf16,torch,,gpu,,opponent,2.6145570154767483,1,{},,,ok,SPAN-ASYMMETRIC(upload_outside_its_clock),MATCHED
amd,algos/graphsage/taxi/rows=full,taxi,X 100000x11; indices 1258298; indptr 100001; y 100000,fit_or_operation,ours,mojolearn,,gpu,,identical,,0,{},,,"REFUSED(not_ready: {""error"": ""ImportError('libamdhip64.so.7: cannot open shared object file: No such file or directory')"", ""event"": ""error"", ""stage"": ""ready""})",LIKE-FOR-LIKE-SPAN,MATCHED
amd,algos/graphsage/taxi/rows=full,taxi,X 100000x11; indices 1258298; indptr 100001; y 100000,fit_or_operation,torch-eager-fp32,torch,2.13.0+rocm7.1,gpu,AMD Instinct Mi325X VF,opponent,1.5318680088967085,1,{},4191.6,424.5,ok,SPAN-ASYMMETRIC(upload_outside_its_clock),MATCHED
amd,algos/graphsage/taxi/rows=full,taxi,X 100000x11; indices 1258298; indptr 100001; y 100000,fit_or_operation,torch-compile-fp32,torch,2.13.0+rocm7.1,gpu,AMD Instinct Mi325X VF,opponent,1.7336769960820675,1,"{""max_rel_diff_vs_torch_eager_fp32"": 0.07450580596923828, ""rel_fro_vs_torch_eager_fp32"": 4.5656864285730305e-08}",4852.5,375.7,ok,SPAN-ASYMMETRIC(upload_outside_its_clock),MATCHED
amd,algos/graphsage/taxi/rows=full,taxi,X 100000x11; indices 1258298; indptr 100001; y 100000,fit_or_operation,torch-eager-bf16,torch,2.13.0+rocm7.1,gpu,AMD Instinct Mi325X VF,opponent,1.5222179936245084,1,"{""max_rel_diff_vs_torch_eager_fp32"": 5040.2307692307695, ""rel_fro_vs_torch_eager_fp32"": 0.003557203502219092}",2850.0,327.9,ok,SPAN-ASYMMETRIC(upload_outside_its_clock),MATCHED
amd,algos/graphsage/taxi/rows=full,taxi,X 100000x11; indices 1258298; indptr 100001; y 100000,fit_or_operation,torch-compile-bf16,torch,2.13.0+rocm7.1,gpu,AMD Instinct Mi325X VF,opponent,2.0234870025888085,1,"{""max_rel_diff_vs_torch_eager_fp32"": 4607.677459716797, ""rel_fro_vs_torch_eager_fp32"": 0.00328532154220061}",3299.8,302.5,ok,SPAN-ASYMMETRIC(upload_outside_its_clock),MATCHED
amd,algos/graphsage/taxi/rows=full,taxi,,inference,ours,mojolearn,,gpu,,identical,,0,{},,,"REFUSED(not_ready: {""error"": ""ImportError('libamdhip64.so.7: cannot open shared object file: No such file or directory')"", ""event"": ""error"", ""stage"": ""ready""})",LIKE-FOR-LIKE-SPAN,MATCHED
amd,algos/graphsage/taxi/rows=full,taxi,,inference,torch-eager-fp32,torch,,gpu,,opponent,0.3801989951170981,1,{},,,ok,SPAN-ASYMMETRIC(upload_outside_its_clock),MATCHED
amd,algos/graphsage/taxi/rows=full,taxi,,inference,torch-compile-fp32,torch,,gpu,,opponent,0.3629090206231922,1,{},,,ok,SPAN-ASYMMETRIC(upload_outside_its_clock),MATCHED
amd,algos/graphsage/taxi/rows=full,taxi,,inference,torch-eager-bf16,torch,,gpu,,opponent,0.3810299967881292,1,{},,,ok,SPAN-ASYMMETRIC(upload_outside_its_clock),MATCHED
amd,algos/graphsage/taxi/rows=full,taxi,,inference,torch-compile-bf16,torch,,gpu,,opponent,0.36169899976812303,1,{},,,ok,SPAN-ASYMMETRIC(upload_outside_its_clock),MATCHED
amd,algos/gru-clf/synthetic/rows=full,synthetic,X 72192x24x1; Xq 18432x24x1; y 72192; yq 18432,fit_or_operation,ours,mojolearn,0.8.25,gpu,AMD Instinct Mi325X VF,identical,918.646180012729,1,"{""accuracy"": 0.9718424479166666, ""logloss"": 0.06583483384004661}",2056.4,678.5,ok,LIKE-FOR-LIKE-SPAN,MATCHED
amd,algos/gru-clf/synthetic/rows=full,synthetic,X 72192x24x1; Xq 18432x24x1; y 72192; yq 18432,fit_or_operation,torch-eager-fp32,torch,2.13.0+rocm7.1,gpu,AMD Instinct Mi325X VF,opponent,1740.4414160118904,1,"{""accuracy"": 0.9718424479166666}",4839.2,476.7,ok,SPAN-ASYMMETRIC(upload_outside_its_clock),MATCHED
amd,algos/gru-clf/synthetic/rows=full,synthetic,X 72192x24x1; Xq 18432x24x1; y 72192; yq 18432,fit_or_operation,torch-compile-fp32,torch,2.13.0+rocm7.1,gpu,AMD Instinct Mi325X VF,opponent,1795.4723830043804,1,"{""accuracy"": 0.9718424479166666}",4886.9,476.7,ok,SPAN-ASYMMETRIC(upload_outside_its_clock),MATCHED
amd,algos/gru-clf/synthetic/rows=full,synthetic,X 72192x24x1; Xq 18432x24x1; y 72192; yq 18432,fit_or_operation,torch-eager-bf16,torch,2.13.0+rocm7.1,gpu,AMD Instinct Mi325X VF,opponent,1839.7383319970686,1,"{""accuracy"": 0.9716796875}",3216.3,320.7,ok,SPAN-ASYMMETRIC(upload_outside_its_clock),MATCHED
amd,algos/gru-clf/synthetic/rows=full,synthetic,X 72192x24x1; Xq 18432x24x1; y 72192; yq 18432,fit_or_operation,torch-compile-bf16,torch,2.13.0+rocm7.1,gpu,AMD Instinct Mi325X VF,opponent,1794.7468789934646,1,"{""accuracy"": 0.9716796875}",3265.1,320.7,ok,SPAN-ASYMMETRIC(upload_outside_its_clock),MATCHED
amd,algos/gru-clf/synthetic/rows=full,synthetic,,inference,ours,mojolearn,,gpu,,identical,12.893134000478312,1,{},,,ok,LIKE-FOR-LIKE-SPAN,MATCHED
amd,algos/gru-clf/synthetic/rows=full,synthetic,,inference,torch-eager-fp32,torch,,gpu,,opponent,6.18515198584646,1,{},,,ok,SPAN-ASYMMETRIC(upload_outside_its_clock),MATCHED
amd,algos/gru-clf/synthetic/rows=full,synthetic,,inference,torch-compile-fp32,torch,,gpu,,opponent,6.15806199493818,1,{},,,ok,SPAN-ASYMMETRIC(upload_outside_its_clock),MATCHED
amd,algos/gru-clf/synthetic/rows=full,synthetic,,inference,torch-eager-bf16,torch,,gpu,,opponent,6.115502008469775,1,{},,,ok,SPAN-ASYMMETRIC(upload_outside_its_clock),MATCHED
amd,algos/gru-clf/synthetic/rows=full,synthetic,,inference,torch-compile-bf16,torch,,gpu,,opponent,6.154162983875722,1,{},,,ok,SPAN-ASYMMETRIC(upload_outside_its_clock),MATCHED
amd,algos/gru-clf/taxi-hourly/rows=full,taxi-hourly,X 72192x24x1; Xq 18432x24x1; y 72192; yq 18432,fit_or_operation,ours,mojolearn,0.8.25,gpu,AMD Instinct Mi325X VF,identical,919.2139460064936,1,"{""accuracy"": 0.8656684027777778, ""logloss"": 0.3058408783689682}",2056.8,678.5,ok,LIKE-FOR-LIKE-SPAN,MATCHED
amd,algos/gru-clf/taxi-hourly/rows=full,taxi-hourly,X 72192x24x1; Xq 18432x24x1; y 72192; yq 18432,fit_or_operation,torch-eager-fp32,torch,2.13.0+rocm7.1,gpu,AMD Instinct Mi325X VF,opponent,1692.4824969901238,1,"{""accuracy"": 0.8656684027777778}",5229.5,476.7,ok,SPAN-ASYMMETRIC(upload_outside_its_clock),MATCHED
amd,algos/gru-clf/taxi-hourly/rows=full,taxi-hourly,X 72192x24x1; Xq 18432x24x1; y 72192; yq 18432,fit_or_operation,torch-compile-fp32,torch,2.13.0+rocm7.1,gpu,AMD Instinct Mi325X VF,opponent,1798.4023310127668,1,"{""accuracy"": 0.8656684027777778}",4887.1,476.7,ok,SPAN-ASYMMETRIC(upload_outside_its_clock),MATCHED
amd,algos/gru-clf/taxi-hourly/rows=full,taxi-hourly,X 72192x24x1; Xq 18432x24x1; y 72192; yq 18432,fit_or_operation,torch-eager-bf16,torch,2.13.0+rocm7.1,gpu,AMD Instinct Mi325X VF,opponent,1892.136259994004,1,"{""accuracy"": 0.8657769097222222}",3667.0,320.7,ok,SPAN-ASYMMETRIC(upload_outside_its_clock),MATCHED
amd,algos/gru-clf/taxi-hourly/rows=full,taxi-hourly,X 72192x24x1; Xq 18432x24x1; y 72192; yq 18432,fit_or_operation,torch-compile-bf16,torch,2.13.0+rocm7.1,gpu,AMD Instinct Mi325X VF,opponent,1898.86651901179,1,"{""accuracy"": 0.8657769097222222}",3266.8,320.7,ok,SPAN-ASYMMETRIC(upload_outside_its_clock),MATCHED
amd,algos/gru-clf/taxi-hourly/rows=full,taxi-hourly,,inference,ours,mojolearn,,gpu,,identical,12.898884015157819,1,{},,,ok,LIKE-FOR-LIKE-SPAN,MATCHED
amd,algos/gru-clf/taxi-hourly/rows=full,taxi-hourly,,inference,torch-eager-fp32,torch,,gpu,,opponent,6.012391997501254,1,{},,,ok,SPAN-ASYMMETRIC(upload_outside_its_clock),MATCHED
amd,algos/gru-clf/taxi-hourly/rows=full,taxi-hourly,,inference,torch-compile-fp32,torch,,gpu,,opponent,6.1895720136817545,1,{},,,ok,SPAN-ASYMMETRIC(upload_outside_its_clock),MATCHED
amd,algos/gru-clf/taxi-hourly/rows=full,taxi-hourly,,inference,torch-eager-bf16,torch,,gpu,,opponent,6.07444200431928,1,{},,,ok,SPAN-ASYMMETRIC(upload_outside_its_clock),MATCHED
amd,algos/gru-clf/taxi-hourly/rows=full,taxi-hourly,,inference,torch-compile-bf16,torch,,gpu,,opponent,6.32220198167488,1,{},,,ok,SPAN-ASYMMETRIC(upload_outside_its_clock),MATCHED
amd,algos/gru-reg/synthetic/rows=full,synthetic,X 72192x24x1; Xq 18432x24x1; y 72192; yq 18432,fit_or_operation,ours,mojolearn,0.8.25,gpu,AMD Instinct Mi325X VF,identical,916.0765669948887,1,"{""finite"": true, ""r2"": 0.9819458661166391, ""rmse"": 0.15567234370735727}",2055.4,678.4,ok,LIKE-FOR-LIKE-SPAN,MATCHED
amd,algos/gru-reg/synthetic/rows=full,synthetic,X 72192x24x1; Xq 18432x24x1; y 72192; yq 18432,fit_or_operation,torch-eager-fp32,torch,2.13.0+rocm7.1,gpu,AMD Instinct Mi325X VF,opponent,1801.3294209958985,1,"{""finite"": true, ""r2"": 0.9819458772985558, ""rmse"": 0.1556722954991338}",2921.5,476.4,ok,SPAN-ASYMMETRIC(upload_outside_its_clock),MATCHED
amd,algos/gru-reg/synthetic/rows=full,synthetic,X 72192x24x1; Xq 18432x24x1; y 72192; yq 18432,fit_or_operation,torch-compile-fp32,torch,2.13.0+rocm7.1,gpu,AMD Instinct Mi325X VF,opponent,1751.3088760024402,1,"{""finite"": true, ""r2"": 0.9819458772985558, ""rmse"": 0.1556722954991338}",2969.2,476.4,ok,SPAN-ASYMMETRIC(upload_outside_its_clock),MATCHED
amd,algos/gru-reg/synthetic/rows=full,synthetic,X 72192x24x1; Xq 18432x24x1; y 72192; yq 18432,fit_or_operation,torch-eager-bf16,torch,2.13.0+rocm7.1,gpu,AMD Instinct Mi325X VF,opponent,1893.321304989513,1,"{""finite"": true, ""r2"": 0.981980949753239, ""rmse"": 0.15552101526819057}",2650.5,320.4,ok,SPAN-ASYMMETRIC(upload_outside_its_clock),MATCHED
amd,algos/gru-reg/synthetic/rows=full,synthetic,X 72192x24x1; Xq 18432x24x1; y 72192; yq 18432,fit_or_operation,torch-compile-bf16,torch,2.13.0+rocm7.1,gpu,AMD Instinct Mi325X VF,opponent,1727.4332140223123,1,"{""finite"": true, ""r2"": 0.981980949753239, ""rmse"": 0.15552101526819057}",2698.5,320.4,ok,SPAN-ASYMMETRIC(upload_outside_its_clock),MATCHED
amd,algos/gru-reg/synthetic/rows=full,synthetic,,inference,ours,mojolearn,,gpu,,identical,6.470680993515998,1,{},,,ok,LIKE-FOR-LIKE-SPAN,MATCHED
amd,algos/gru-reg/synthetic/rows=full,synthetic,,inference,torch-eager-fp32,torch,,gpu,,opponent,6.114001997048035,1,{},,,ok,SPAN-ASYMMETRIC(upload_outside_its_clock),MATCHED
amd,algos/gru-reg/synthetic/rows=full,synthetic,,inference,torch-compile-fp32,torch,,gpu,,opponent,6.1870320059824735,1,{},,,ok,SPAN-ASYMMETRIC(upload_outside_its_clock),MATCHED
amd,algos/gru-reg/synthetic/rows=full,synthetic,,inference,torch-eager-bf16,torch,,gpu,,opponent,6.070242001442239,1,{},,,ok,SPAN-ASYMMETRIC(upload_outside_its_clock),MATCHED
amd,algos/gru-reg/synthetic/rows=full,synthetic,,inference,torch-compile-bf16,torch,,gpu,,opponent,6.0411220183596015,1,{},,,ok,SPAN-ASYMMETRIC(upload_outside_its_clock),MATCHED
amd,algos/gru-reg/taxi-hourly/rows=full,taxi-hourly,X 72192x24x1; Xq 18432x24x1; y 72192; yq 18432,fit_or_operation,ours,mojolearn,0.8.25,gpu,AMD Instinct Mi325X VF,identical,917.0118129986804,1,"{""finite"": true, ""r2"": 0.7482189168180452, ""rmse"": 0.5441818195374711}",2054.7,678.4,ok,LIKE-FOR-LIKE-SPAN,MATCHED
amd,algos/gru-reg/taxi-hourly/rows=full,taxi-hourly,X 72192x24x1; Xq 18432x24x1; y 72192; yq 18432,fit_or_operation,torch-eager-fp32,torch,2.13.0+rocm7.1,gpu,AMD Instinct Mi325X VF,opponent,1777.83543698024,1,"{""finite"": true, ""r2"": 0.7482189284130204, ""rmse"": 0.5441818070071915}",2921.5,476.4,ok,SPAN-ASYMMETRIC(upload_outside_its_clock),MATCHED
amd,algos/gru-reg/taxi-hourly/rows=full,taxi-hourly,X 72192x24x1; Xq 18432x24x1; y 72192; yq 18432,fit_or_operation,torch-compile-fp32,torch,2.13.0+rocm7.1,gpu,AMD Instinct Mi325X VF,opponent,1723.969566024607,1,"{""finite"": true, ""r2"": 0.7482189284130204, ""rmse"": 0.5441818070071915}",2969.4,476.4,ok,SPAN-ASYMMETRIC(upload_outside_its_clock),MATCHED
amd,algos/gru-reg/taxi-hourly/rows=full,taxi-hourly,X 72192x24x1; Xq 18432x24x1; y 72192; yq 18432,fit_or_operation,torch-eager-bf16,torch,2.13.0+rocm7.1,gpu,AMD Instinct Mi325X VF,opponent,1881.0537889949046,1,"{""finite"": true, ""r2"": 0.7482525883956525, ""rmse"": 0.5441454306380477}",2650.5,320.4,ok,SPAN-ASYMMETRIC(upload_outside_its_clock),MATCHED
amd,algos/gru-reg/taxi-hourly/rows=full,taxi-hourly,X 72192x24x1; Xq 18432x24x1; y 72192; yq 18432,fit_or_operation,torch-compile-bf16,torch,2.13.0+rocm7.1,gpu,AMD Instinct Mi325X VF,opponent,1727.7489780099131,1,"{""finite"": true, ""r2"": 0.7482525883956525, ""rmse"": 0.5441454306380477}",2698.4,320.4,ok,SPAN-ASYMMETRIC(upload_outside_its_clock),MATCHED
amd,algos/gru-reg/taxi-hourly/rows=full,taxi-hourly,,inference,ours,mojolearn,,gpu,,identical,6.564501993125305,1,{},,,ok,LIKE-FOR-LIKE-SPAN,MATCHED
amd,algos/gru-reg/taxi-hourly/rows=full,taxi-hourly,,inference,torch-eager-fp32,torch,,gpu,,opponent,6.158592004794627,1,{},,,ok,SPAN-ASYMMETRIC(upload_outside_its_clock),MATCHED
amd,algos/gru-reg/taxi-hourly/rows=full,taxi-hourly,,inference,torch-compile-fp32,torch,,gpu,,opponent,6.043942004907876,1,{},,,ok,SPAN-ASYMMETRIC(upload_outside_its_clock),MATCHED
amd,algos/gru-reg/taxi-hourly/rows=full,taxi-hourly,,inference,torch-eager-bf16,torch,,gpu,,opponent,6.081480998545885,1,{},,,ok,SPAN-ASYMMETRIC(upload_outside_its_clock),MATCHED
amd,algos/gru-reg/taxi-hourly/rows=full,taxi-hourly,,inference,torch-compile-bf16,torch,,gpu,,opponent,6.068211019737646,1,{},,,ok,SPAN-ASYMMETRIC(upload_outside_its_clock),MATCHED
amd,algos/layernorm/synthetic/rows=full,synthetic,,fit_or_operation,ours,mojolearn,,gpu,,identical,,0,{},,,"REFUSED(not_ready: {""error"": ""ImportError('libamdhip64.so.7: cannot open shared object file: No such file or directory')"", ""event"": ""error"", ""stage"": ""ready""})",LIKE-FOR-LIKE-SPAN,MATCHED
amd,algos/layernorm/synthetic/rows=full,synthetic,,fit_or_operation,torch-eager-fp32,torch,2.13.0+rocm7.1,gpu,AMD Instinct Mi325X VF,opponent,0.8812579908408225,1,{},1640.7,320.1,ok,SPAN-ASYMMETRIC(upload_outside_its_clock),MATCHED
amd,algos/layernorm/synthetic/rows=full,synthetic,,fit_or_operation,torch-compile-fp32,torch,2.13.0+rocm7.1,gpu,AMD Instinct Mi325X VF,opponent,1.4484169951174408,1,"{""max_rel_diff_vs_torch_eager_fp32"": 0.0075295361057214905, ""rel_fro_vs_torch_eager_fp32"": 5.325980540190883e-08}",2084.3,392.1,ok,SPAN-ASYMMETRIC(upload_outside_its_clock),MATCHED
amd,algos/layernorm/synthetic/rows=full,synthetic,,fit_or_operation,torch-eager-bf16,torch,2.13.0+rocm7.1,gpu,AMD Instinct Mi325X VF,opponent,0.8732890128158033,1,"{""max_rel_diff_vs_torch_eager_fp32"": 0.0, ""rel_fro_vs_torch_eager_fp32"": 0.0}",1640.3,320.1,ok,SPAN-ASYMMETRIC(upload_outside_its_clock),MATCHED
amd,algos/layernorm/synthetic/rows=full,synthetic,,fit_or_operation,torch-compile-bf16,torch,2.13.0+rocm7.1,gpu,AMD Instinct Mi325X VF,opponent,1.1865879932884127,1,"{""max_rel_diff_vs_torch_eager_fp32"": 0.0075295361057214905, ""rel_fro_vs_torch_eager_fp32"": 5.325980540190883e-08}",2011.5,392.1,ok,SPAN-ASYMMETRIC(upload_outside_its_clock),MATCHED
amd,algos/layernorm/synthetic/rows=full,synthetic,,inference,ours,mojolearn,,gpu,,identical,,0,{},,,"REFUSED(not_ready: {""error"": ""ImportError('libamdhip64.so.7: cannot open shared object file: No such file or directory')"", ""event"": ""error"", ""stage"": ""ready""})",LIKE-FOR-LIKE-SPAN,MATCHED
amd,algos/layernorm/synthetic/rows=full,synthetic,,inference,torch-eager-fp32,torch,,gpu,,opponent,0.07319997530430555,1,{},,,ok,SPAN-ASYMMETRIC(upload_outside_its_clock),MATCHED
amd,algos/layernorm/synthetic/rows=full,synthetic,,inference,torch-compile-fp32,torch,,gpu,,opponent,0.139409996336326,1,{},,,ok,SPAN-ASYMMETRIC(upload_outside_its_clock),MATCHED
amd,algos/layernorm/synthetic/rows=full,synthetic,,inference,torch-eager-bf16,torch,,gpu,,opponent,0.07579100201837718,1,{},,,ok,SPAN-ASYMMETRIC(upload_outside_its_clock),MATCHED
amd,algos/layernorm/synthetic/rows=full,synthetic,,inference,torch-compile-bf16,torch,,gpu,,opponent,0.11720898328348994,1,{},,,ok,SPAN-ASYMMETRIC(upload_outside_its_clock),MATCHED
amd,algos/lr-constant/synthetic/rows=full,synthetic,,fit_or_operation,ours,mojolearn,0.8.25,gpu,AMD Instinct Mi325X VF,identical,632.5490720046218,1,"{""max_rel_diff_vs_ours"": 0.0}",86.7,,"MODE-MISMATCH(requested identical, read back unknown)",LIKE-FOR-LIKE-SPAN,MATCHED
amd,algos/lr-constant/synthetic/rows=full,synthetic,,fit_or_operation,torch-cpu,torch,2.13.0+rocm7.1,cpu,AMD EPYC 9575F 64-Core Processor,opponent,102.81934900558554,1,"{""max_rel_diff_vs_ours"": 1.038274401602289e-07}",1228.7,,ok,LIKE-FOR-LIKE-SPAN,MATCHED
amd,algos/lr-exponential/synthetic/rows=full,synthetic,,fit_or_operation,ours,mojolearn,0.8.25,gpu,AMD Instinct Mi325X VF,identical,226.98314499575645,1,"{""max_rel_diff_vs_ours"": 0.0}",86.6,,ok,LIKE-FOR-LIKE-SPAN,MATCHED
amd,algos/lr-exponential/synthetic/rows=full,synthetic,,fit_or_operation,torch-cpu,torch,2.13.0+rocm7.1,cpu,AMD EPYC 9575F 64-Core Processor,opponent,93.47801300464198,1,"{""max_rel_diff_vs_ours"": 5.9330155002544145e-08}",1228.8,,ok,LIKE-FOR-LIKE-SPAN,MATCHED
amd,algos/lr-onecycle/synthetic/rows=full,synthetic,,fit_or_operation,ours,mojolearn,0.8.25,gpu,AMD Instinct Mi325X VF,identical,1276.2821379874367,1,"{""max_rel_diff_vs_ours"": 0.0}",86.8,,ok,LIKE-FOR-LIKE-SPAN,MATCHED
amd,algos/lr-onecycle/synthetic/rows=full,synthetic,,fit_or_operation,torch-cpu,torch,2.13.0+rocm7.1,cpu,AMD EPYC 9575F 64-Core Processor,opponent,135.65144798485562,1,"{""max_rel_diff_vs_ours"": 5.950861762015348e-08}",1228.7,,ok,LIKE-FOR-LIKE-SPAN,MATCHED
amd,algos/lr-step/synthetic/rows=full,synthetic,,fit_or_operation,ours,mojolearn,0.8.25,gpu,AMD Instinct Mi325X VF,identical,11.916530987946317,1,"{""max_rel_diff_vs_ours"": 0.0}",83.9,,ok,LIKE-FOR-LIKE-SPAN,MATCHED
amd,algos/lr-step/synthetic/rows=full,synthetic,,fit_or_operation,torch-cpu,torch,2.13.0+rocm7.1,cpu,AMD EPYC 9575F 64-Core Processor,opponent,103.37134898873046,1,"{""max_rel_diff_vs_ours"": 1.4901160916291903e-08}",1228.9,,ok,LIKE-FOR-LIKE-SPAN,MATCHED
amd,algos/lr-warmup-cosine/synthetic/rows=full,synthetic,,fit_or_operation,ours,mojolearn,0.8.25,gpu,AMD Instinct Mi325X VF,identical,332516.9214710186,1,"{""max_rel_diff_vs_ours"": 0.0}",93.0,,"MODE-MISMATCH(requested identical, read back unknown)",LIKE-FOR-LIKE-SPAN,MATCHED
amd,algos/lr-warmup-cosine/synthetic/rows=full,synthetic,,fit_or_operation,torch-cpu,torch,2.13.0+rocm7.1,cpu,AMD EPYC 9575F 64-Core Processor,opponent,127.31027798145078,1,"{""max_rel_diff_vs_ours"": 0.00015712519462659228}",1228.7,,ok,LIKE-FOR-LIKE-SPAN,MATCHED
amd,algos/lr-warmup-linear/synthetic/rows=full,synthetic,,fit_or_operation,ours,mojolearn,0.8.25,gpu,AMD Instinct Mi325X VF,identical,893.8466440013144,1,"{""max_rel_diff_vs_ours"": 0.0}",86.8,,"MODE-MISMATCH(requested identical, read back unknown)",LIKE-FOR-LIKE-SPAN,MATCHED
amd,algos/lr-warmup-linear/synthetic/rows=full,synthetic,,fit_or_operation,torch-cpu,torch,2.13.0+rocm7.1,cpu,AMD EPYC 9575F 64-Core Processor,opponent,115.63128902344033,1,"{""max_rel_diff_vs_ours"": 0.0010000252877666348}",1228.7,,ok,LIKE-FOR-LIKE-SPAN,MATCHED
amd,algos/lstm-clf/synthetic/rows=full,synthetic,X 72192x24x1; Xq 18432x24x1; y 72192; yq 18432,fit_or_operation,ours,mojolearn,0.8.25,gpu,AMD Instinct Mi325X VF,identical,1028.0392589920666,1,"{""accuracy"": 0.9686957465277778, ""logloss"": 0.0724409437081804}",2056.4,678.5,ok,LIKE-FOR-LIKE-SPAN,MATCHED
amd,algos/lstm-clf/synthetic/rows=full,synthetic,X 72192x24x1; Xq 18432x24x1; y 72192; yq 18432,fit_or_operation,torch-eager-fp32,torch,2.13.0+rocm7.1,gpu,AMD Instinct Mi325X VF,opponent,901.1000230093487,1,"{""accuracy"": 0.9686957465277778}",4838.6,502.8,ok,SPAN-ASYMMETRIC(upload_outside_its_clock),MATCHED
amd,algos/lstm-clf/synthetic/rows=full,synthetic,X 72192x24x1; Xq 18432x24x1; y 72192; yq 18432,fit_or_operation,torch-compile-fp32,torch,2.13.0+rocm7.1,gpu,AMD Instinct Mi325X VF,opponent,863.4076769812964,1,"{""accuracy"": 0.9686957465277778}",4886.7,502.8,ok,SPAN-ASYMMETRIC(upload_outside_its_clock),MATCHED
amd,algos/lstm-clf/synthetic/rows=full,synthetic,X 72192x24x1; Xq 18432x24x1; y 72192; yq 18432,fit_or_operation,torch-eager-bf16,torch,2.13.0+rocm7.1,gpu,AMD Instinct Mi325X VF,opponent,987.5254390062764,1,"{""accuracy"": 0.9689127604166666}",3217.8,334.8,ok,SPAN-ASYMMETRIC(upload_outside_its_clock),MATCHED
amd,algos/lstm-clf/synthetic/rows=full,synthetic,X 72192x24x1; Xq 18432x24x1; y 72192; yq 18432,fit_or_operation,torch-compile-bf16,torch,2.13.0+rocm7.1,gpu,AMD Instinct Mi325X VF,opponent,936.8535389949102,1,"{""accuracy"": 0.9689127604166666}",3266.1,334.8,ok,SPAN-ASYMMETRIC(upload_outside_its_clock),MATCHED
amd,algos/lstm-clf/synthetic/rows=full,synthetic,,inference,ours,mojolearn,,gpu,,identical,16.176201024791226,1,{},,,ok,LIKE-FOR-LIKE-SPAN,MATCHED
amd,algos/lstm-clf/synthetic/rows=full,synthetic,,inference,torch-eager-fp32,torch,,gpu,,opponent,3.2703869801480323,1,{},,,ok,SPAN-ASYMMETRIC(upload_outside_its_clock),MATCHED
amd,algos/lstm-clf/synthetic/rows=full,synthetic,,inference,torch-compile-fp32,torch,,gpu,,opponent,3.178226004820317,1,{},,,ok,SPAN-ASYMMETRIC(upload_outside_its_clock),MATCHED
amd,algos/lstm-clf/synthetic/rows=full,synthetic,,inference,torch-eager-bf16,torch,,gpu,,opponent,2.9740970057900995,1,{},,,ok,SPAN-ASYMMETRIC(upload_outside_its_clock),MATCHED
amd,algos/lstm-clf/synthetic/rows=full,synthetic,,inference,torch-compile-bf16,torch,,gpu,,opponent,3.1218059884849936,1,{},,,ok,SPAN-ASYMMETRIC(upload_outside_its_clock),MATCHED
amd,algos/lstm-clf/taxi-hourly/rows=full,taxi-hourly,X 72192x24x1; Xq 18432x24x1; y 72192; yq 18432,fit_or_operation,ours,mojolearn,0.8.25,gpu,AMD Instinct Mi325X VF,identical,1027.3759420088027,1,"{""accuracy"": 0.8682183159722222, ""logloss"": 0.2999010299360382}",2056.9,678.5,ok,LIKE-FOR-LIKE-SPAN,MATCHED
amd,algos/lstm-clf/taxi-hourly/rows=full,taxi-hourly,X 72192x24x1; Xq 18432x24x1; y 72192; yq 18432,fit_or_operation,torch-eager-fp32,torch,2.13.0+rocm7.1,gpu,AMD Instinct Mi325X VF,opponent,886.9748070137575,1,"{""accuracy"": 0.8682183159722222}",5225.7,502.8,ok,SPAN-ASYMMETRIC(upload_outside_its_clock),MATCHED
amd,algos/lstm-clf/taxi-hourly/rows=full,taxi-hourly,X 72192x24x1; Xq 18432x24x1; y 72192; yq 18432,fit_or_operation,torch-compile-fp32,torch,2.13.0+rocm7.1,gpu,AMD Instinct Mi325X VF,opponent,881.8545140093192,1,"{""accuracy"": 0.8682183159722222}",4886.4,502.8,ok,SPAN-ASYMMETRIC(upload_outside_its_clock),MATCHED
amd,algos/lstm-clf/taxi-hourly/rows=full,taxi-hourly,X 72192x24x1; Xq 18432x24x1; y 72192; yq 18432,fit_or_operation,torch-eager-bf16,torch,2.13.0+rocm7.1,gpu,AMD Instinct Mi325X VF,opponent,976.7791430058423,1,"{""accuracy"": 0.8680555555555556}",3685.3,334.8,ok,SPAN-ASYMMETRIC(upload_outside_its_clock),MATCHED
amd,algos/lstm-clf/taxi-hourly/rows=full,taxi-hourly,X 72192x24x1; Xq 18432x24x1; y 72192; yq 18432,fit_or_operation,torch-compile-bf16,torch,2.13.0+rocm7.1,gpu,AMD Instinct Mi325X VF,opponent,962.7896469901316,1,"{""accuracy"": 0.8680555555555556}",3266.3,334.8,ok,SPAN-ASYMMETRIC(upload_outside_its_clock),MATCHED
amd,algos/lstm-clf/taxi-hourly/rows=full,taxi-hourly,,inference,ours,mojolearn,,gpu,,identical,16.003361000912264,1,{},,,ok,LIKE-FOR-LIKE-SPAN,MATCHED
amd,algos/lstm-clf/taxi-hourly/rows=full,taxi-hourly,,inference,torch-eager-fp32,torch,,gpu,,opponent,3.273656009696424,1,{},,,ok,SPAN-ASYMMETRIC(upload_outside_its_clock),MATCHED
amd,algos/lstm-clf/taxi-hourly/rows=full,taxi-hourly,,inference,torch-compile-fp32,torch,,gpu,,opponent,3.237925993744284,1,{},,,ok,SPAN-ASYMMETRIC(upload_outside_its_clock),MATCHED
amd,algos/lstm-clf/taxi-hourly/rows=full,taxi-hourly,,inference,torch-eager-bf16,torch,,gpu,,opponent,2.9969459865242243,1,{},,,ok,SPAN-ASYMMETRIC(upload_outside_its_clock),MATCHED
amd,algos/lstm-clf/taxi-hourly/rows=full,taxi-hourly,,inference,torch-compile-bf16,torch,,gpu,,opponent,3.014337009517476,1,{},,,ok,SPAN-ASYMMETRIC(upload_outside_its_clock),MATCHED
amd,algos/lstm-reg/synthetic/rows=full,synthetic,X 72192x24x1; Xq 18432x24x1; y 72192; yq 18432,fit_or_operation,ours,mojolearn,0.8.25,gpu,AMD Instinct Mi325X VF,identical,1027.2238260076847,1,"{""finite"": true, ""r2"": 0.981013485620376, ""rmse"": 0.15964148384763496}",2055.1,678.4,ok,LIKE-FOR-LIKE-SPAN,MATCHED
amd,algos/lstm-reg/synthetic/rows=full,synthetic,X 72192x24x1; Xq 18432x24x1; y 72192; yq 18432,fit_or_operation,torch-eager-fp32,torch,2.13.0+rocm7.1,gpu,AMD Instinct Mi325X VF,opponent,874.9362149974331,1,"{""finite"": true, ""r2"": 0.9810134789431088, ""rmse"": 0.1596415119193691}",2920.6,502.5,ok,SPAN-ASYMMETRIC(upload_outside_its_clock),MATCHED
amd,algos/lstm-reg/synthetic/rows=full,synthetic,X 72192x24x1; Xq 18432x24x1; y 72192; yq 18432,fit_or_operation,torch-compile-fp32,torch,2.13.0+rocm7.1,gpu,AMD Instinct Mi325X VF,opponent,886.2010799930431,1,"{""finite"": true, ""r2"": 0.9810134789431088, ""rmse"": 0.1596415119193691}",2968.4,502.5,ok,SPAN-ASYMMETRIC(upload_outside_its_clock),MATCHED
amd,algos/lstm-reg/synthetic/rows=full,synthetic,X 72192x24x1; Xq 18432x24x1; y 72192; yq 18432,fit_or_operation,torch-eager-bf16,torch,2.13.0+rocm7.1,gpu,AMD Instinct Mi325X VF,opponent,993.594617000781,1,"{""finite"": true, ""r2"": 0.9810044692124505, ""rmse"": 0.15967938500910003}",2649.7,334.5,ok,SPAN-ASYMMETRIC(upload_outside_its_clock),MATCHED
amd,algos/lstm-reg/synthetic/rows=full,synthetic,X 72192x24x1; Xq 18432x24x1; y 72192; yq 18432,fit_or_operation,torch-compile-bf16,torch,2.13.0+rocm7.1,gpu,AMD Instinct Mi325X VF,opponent,1007.0949209912214,1,"{""finite"": true, ""r2"": 0.9810044692124505, ""rmse"": 0.15967938500910003}",2697.4,334.5,ok,SPAN-ASYMMETRIC(upload_outside_its_clock),MATCHED
amd,algos/lstm-reg/synthetic/rows=full,synthetic,,inference,ours,mojolearn,,gpu,,identical,8.245170000009239,1,{},,,ok,LIKE-FOR-LIKE-SPAN,MATCHED
amd,algos/lstm-reg/synthetic/rows=full,synthetic,,inference,torch-eager-fp32,torch,,gpu,,opponent,3.068107005674392,1,{},,,ok,SPAN-ASYMMETRIC(upload_outside_its_clock),MATCHED
amd,algos/lstm-reg/synthetic/rows=full,synthetic,,inference,torch-compile-fp32,torch,,gpu,,opponent,3.080277005210519,1,{},,,ok,SPAN-ASYMMETRIC(upload_outside_its_clock),MATCHED
amd,algos/lstm-reg/synthetic/rows=full,synthetic,,inference,torch-eager-bf16,torch,,gpu,,opponent,3.0429479957092553,1,{},,,ok,SPAN-ASYMMETRIC(upload_outside_its_clock),MATCHED
amd,algos/lstm-reg/synthetic/rows=full,synthetic,,inference,torch-compile-bf16,torch,,gpu,,opponent,3.139775973977521,1,{},,,ok,SPAN-ASYMMETRIC(upload_outside_its_clock),MATCHED
amd,algos/lstm-reg/taxi-hourly/rows=full,taxi-hourly,X 72192x24x1; Xq 18432x24x1; y 72192; yq 18432,fit_or_operation,ours,mojolearn,0.8.25,gpu,AMD Instinct Mi325X VF,identical,1026.6612980049103,1,"{""finite"": true, ""r2"": 0.7516792060403847, ""rmse"": 0.5404294704171005}",2055.2,678.4,ok,LIKE-FOR-LIKE-SPAN,MATCHED
amd,algos/lstm-reg/taxi-hourly/rows=full,taxi-hourly,X 72192x24x1; Xq 18432x24x1; y 72192; yq 18432,fit_or_operation,torch-eager-fp32,torch,2.13.0+rocm7.1,gpu,AMD Instinct Mi325X VF,opponent,849.2131849925499,1,"{""finite"": true, ""r2"": 0.7516792131292074, ""rmse"": 0.5404294627032709}",2930.9,502.5,ok,SPAN-ASYMMETRIC(upload_outside_its_clock),MATCHED
amd,algos/lstm-reg/taxi-hourly/rows=full,taxi-hourly,X 72192x24x1; Xq 18432x24x1; y 72192; yq 18432,fit_or_operation,torch-compile-fp32,torch,2.13.0+rocm7.1,gpu,AMD Instinct Mi325X VF,opponent,911.8227589933667,1,"{""finite"": true, ""r2"": 0.7516792131292074, ""rmse"": 0.5404294627032709}",2965.2,502.5,ok,SPAN-ASYMMETRIC(upload_outside_its_clock),MATCHED
amd,algos/lstm-reg/taxi-hourly/rows=full,taxi-hourly,X 72192x24x1; Xq 18432x24x1; y 72192; yq 18432,fit_or_operation,torch-eager-bf16,torch,2.13.0+rocm7.1,gpu,AMD Instinct Mi325X VF,opponent,948.1374640017748,1,"{""finite"": true, ""r2"": 0.7515908113311323, ""rmse"": 0.540525650150251}",2649.5,334.5,ok,SPAN-ASYMMETRIC(upload_outside_its_clock),MATCHED
amd,algos/lstm-reg/taxi-hourly/rows=full,taxi-hourly,X 72192x24x1; Xq 18432x24x1; y 72192; yq 18432,fit_or_operation,torch-compile-bf16,torch,2.13.0+rocm7.1,gpu,AMD Instinct Mi325X VF,opponent,954.5793849974871,1,"{""finite"": true, ""r2"": 0.7515908113311323, ""rmse"": 0.540525650150251}",2697.5,334.5,ok,SPAN-ASYMMETRIC(upload_outside_its_clock),MATCHED
amd,algos/lstm-reg/taxi-hourly/rows=full,taxi-hourly,,inference,ours,mojolearn,,gpu,,identical,8.356448990525678,1,{},,,ok,LIKE-FOR-LIKE-SPAN,MATCHED
amd,algos/lstm-reg/taxi-hourly/rows=full,taxi-hourly,,inference,torch-eager-fp32,torch,,gpu,,opponent,3.228405985282734,1,{},,,ok,SPAN-ASYMMETRIC(upload_outside_its_clock),MATCHED
amd,algos/lstm-reg/taxi-hourly/rows=full,taxi-hourly,,inference,torch-compile-fp32,torch,,gpu,,opponent,3.2310069946106523,1,{},,,ok,SPAN-ASYMMETRIC(upload_outside_its_clock),MATCHED
amd,algos/lstm-reg/taxi-hourly/rows=full,taxi-hourly,,inference,torch-eager-bf16,torch,,gpu,,opponent,3.056495974306017,1,{},,,ok,SPAN-ASYMMETRIC(upload_outside_its_clock),MATCHED
amd,algos/lstm-reg/taxi-hourly/rows=full,taxi-hourly,,inference,torch-compile-bf16,torch,,gpu,,opponent,3.1248159939423203,1,{},,,ok,SPAN-ASYMMETRIC(upload_outside_its_clock),MATCHED
amd,algos/lstsq/istella/rows=full,istella,X 1000000x220; Xq 100000x220; y 1000000; yq 100000,fit_or_operation,ours,mojolearn,0.8.25,gpu,AMD Instinct Mi325X VF,identical,20562.523636996048,1,"{""relative_residual"": 0.8499565470308287}",3808.3,676.4,ok,LIKE-FOR-LIKE-SPAN,MATCHED
amd,algos/lstsq/istella/rows=full,istella,X 1000000x220; Xq 100000x220; y 1000000; yq 100000,fit_or_operation,numpy-cpu,numpy,2.5.3,cpu,AMD EPYC 9575F 64-Core Processor,opponent,2526.758380001411,1,"{""relative_residual"": 0.8761060618911042}",4351.2,,ok,LIKE-FOR-LIKE-SPAN,MATCHED
amd,algos/lstsq/istella/rows=full,istella,X 1000000x220; Xq 100000x220; y 1000000; yq 100000,fit_or_operation,torch-gpu,torch,2.13.0+rocm7.1,gpu,AMD Instinct Mi325X VF,opponent,3342.063963995315,1,"{""relative_residual"": NaN}",2660.7,1819.9,ok,SPAN-ASYMMETRIC(upload_outside_its_clock),MATCHED
amd,algos/lstsq/taxi/rows=full,taxi,X 1000000x11; Xq 100000x11; y 1000000; yq 100000,fit_or_operation,ours,mojolearn,0.8.25,gpu,AMD Instinct Mi325X VF,identical,51.93507199874148,1,"{""relative_residual"": 0.7563658809250436}",2133.7,878.4,ok,LIKE-FOR-LIKE-SPAN,MATCHED
amd,algos/lstsq/taxi/rows=full,taxi,X 1000000x11; Xq 100000x11; y 1000000; yq 100000,fit_or_operation,numpy-cpu,numpy,2.5.3,cpu,AMD EPYC 9575F 64-Core Processor,opponent,91.47174199461006,1,"{""relative_residual"": 0.7563658809249437}",284.0,,ok,LIKE-FOR-LIKE-SPAN,MATCHED
amd,algos/lstsq/taxi/rows=full,taxi,X 1000000x11; Xq 100000x11; y 1000000; yq 100000,fit_or_operation,torch-gpu,torch,2.13.0+rocm7.1,gpu,AMD Instinct Mi325X VF,opponent,27.497018018038943,1,"{""relative_residual"": 0.7563658809249724}",1707.2,223.5,ok,SPAN-ASYMMETRIC(upload_outside_its_clock),MATCHED
amd,algos/lu-factor/synthetic/rows=full,synthetic,,fit_or_operation,ours,mojolearn,0.8.25,gpu,AMD Instinct Mi325X VF,identical,596834.2092270032,1,"{""relative_residual"": 3.2485170230898993e-06}",2274.8,1194.4,ok,LIKE-FOR-LIKE-SPAN,MATCHED
amd,algos/lu-factor/synthetic/rows=full,synthetic,,fit_or_operation,scipy-cpu,scipy,1.18.1,cpu,AMD EPYC 9575F 64-Core Processor,opponent,4553.939249017276,1,"{""relative_residual"": 3.4392127578820814e-07}",628.0,,ok,LIKE-FOR-LIKE-SPAN,MATCHED
amd,algos/lu-factor/synthetic/rows=full,synthetic,,fit_or_operation,torch-gpu,torch,2.13.0+rocm7.1,gpu,AMD Instinct Mi325X VF,opponent,85.03125398419797,1,"{""relative_residual"": 4.003413492599298e-07}",2080.1,710.0,ok,SPAN-ASYMMETRIC(upload_outside_its_clock),MATCHED
amd,algos/lu-solve/synthetic/rows=full,synthetic,,fit_or_operation,ours,mojolearn,0.8.25,gpu,AMD Instinct Mi325X VF,identical,615982.1568359912,1,"{""relative_residual"": 3.2485170230898993e-06}",2274.7,1194.4,ok,LIKE-FOR-LIKE-SPAN,MATCHED
amd,algos/lu-solve/synthetic/rows=full,synthetic,,fit_or_operation,numpy-cpu,numpy,2.5.3,cpu,AMD EPYC 9575F 64-Core Processor,opponent,5413.759010989452,1,"{""relative_residual"": 3.259480483371157e-08}",1389.2,,ok,LIKE-FOR-LIKE-SPAN,MATCHED
amd,algos/lu-solve/synthetic/rows=full,synthetic,,fit_or_operation,torch-gpu,torch,2.13.0+rocm7.1,gpu,AMD Instinct Mi325X VF,opponent,82.71772999432869,1,"{""relative_residual"": 4.003413492599298e-07}",2104.8,712.0,ok,SPAN-ASYMMETRIC(upload_outside_its_clock),MATCHED
amd,algos/maxpool1d/synthetic/rows=full,synthetic,,fit_or_operation,ours,mojolearn,,gpu,,identical,,0,{},,,"REFUSED(not_ready: {""error"": ""ImportError('libamdhip64.so.7: cannot open shared object file: No such file or directory')"", ""event"": ""error"", ""stage"": ""ready""})",LIKE-FOR-LIKE-SPAN,MATCHED
amd,algos/maxpool1d/synthetic/rows=full,synthetic,,fit_or_operation,torch-eager-fp32,torch,2.13.0+rocm7.1,gpu,AMD Instinct Mi325X VF,opponent,0.7539900252595544,1,{},1609.5,288.0,ok,SPAN-ASYMMETRIC(upload_outside_its_clock),MATCHED
amd,algos/maxpool1d/synthetic/rows=full,synthetic,,fit_or_operation,torch-compile-fp32,torch,2.13.0+rocm7.1,gpu,AMD Instinct Mi325X VF,opponent,1.4369270065799356,1,"{""max_rel_diff_vs_torch_eager_fp32"": 0.0, ""rel_fro_vs_torch_eager_fp32"": 0.0}",2138.9,232.0,ok,SPAN-ASYMMETRIC(upload_outside_its_clock),MATCHED
amd,algos/maxpool1d/synthetic/rows=full,synthetic,,fit_or_operation,torch-eager-bf16,torch,2.13.0+rocm7.1,gpu,AMD Instinct Mi325X VF,opponent,0.8482580014970154,1,"{""max_rel_diff_vs_torch_eager_fp32"": 0.0, ""rel_fro_vs_torch_eager_fp32"": 0.0}",1610.8,288.0,ok,SPAN-ASYMMETRIC(upload_outside_its_clock),MATCHED
amd,algos/maxpool1d/synthetic/rows=full,synthetic,,fit_or_operation,torch-compile-bf16,torch,2.13.0+rocm7.1,gpu,AMD Instinct Mi325X VF,opponent,1.1997289839200675,1,"{""max_rel_diff_vs_torch_eager_fp32"": 0.0, ""rel_fro_vs_torch_eager_fp32"": 0.0}",1976.3,232.0,ok,SPAN-ASYMMETRIC(upload_outside_its_clock),MATCHED
amd,algos/maxpool1d/synthetic/rows=full,synthetic,,inference,ours,mojolearn,,gpu,,identical,,0,{},,,"REFUSED(not_ready: {""error"": ""ImportError('libamdhip64.so.7: cannot open shared object file: No such file or directory')"", ""event"": ""error"", ""stage"": ""ready""})",LIKE-FOR-LIKE-SPAN,MATCHED
amd,algos/maxpool1d/synthetic/rows=full,synthetic,,inference,torch-eager-fp32,torch,,gpu,,opponent,0.08461897959932685,1,{},,,ok,SPAN-ASYMMETRIC(upload_outside_its_clock),MATCHED
amd,algos/maxpool1d/synthetic/rows=full,synthetic,,inference,torch-compile-fp32,torch,,gpu,,opponent,0.12815100490115583,1,{},,,ok,SPAN-ASYMMETRIC(upload_outside_its_clock),MATCHED
amd,algos/maxpool1d/synthetic/rows=full,synthetic,,inference,torch-eager-bf16,torch,,gpu,,opponent,0.09156001033261418,1,{},,,ok,SPAN-ASYMMETRIC(upload_outside_its_clock),MATCHED
amd,algos/maxpool1d/synthetic/rows=full,synthetic,,inference,torch-compile-bf16,torch,,gpu,,opponent,0.12368900934234262,1,{},,,ok,SPAN-ASYMMETRIC(upload_outside_its_clock),MATCHED
amd,algos/maxpool2d/synthetic/rows=full,synthetic,,fit_or_operation,ours,mojolearn,,gpu,,identical,,0,{},,,"REFUSED(not_ready: {""error"": ""ImportError('libamdhip64.so.7: cannot open shared object file: No such file or directory')"", ""event"": ""error"", ""stage"": ""ready""})",LIKE-FOR-LIKE-SPAN,MATCHED
amd,algos/maxpool2d/synthetic/rows=full,synthetic,,fit_or_operation,torch-eager-fp32,torch,2.13.0+rocm7.1,gpu,AMD Instinct Mi325X VF,opponent,0.7389980019070208,1,{},1801.1,639.0,ok,SPAN-ASYMMETRIC(upload_outside_its_clock),MATCHED
amd,algos/maxpool2d/synthetic/rows=full,synthetic,,fit_or_operation,torch-compile-fp32,torch,2.13.0+rocm7.1,gpu,AMD Instinct Mi325X VF,opponent,0.9553479903843254,1,"{""max_rel_diff_vs_torch_eager_fp32"": 0.0, ""rel_fro_vs_torch_eager_fp32"": 0.0}",2484.0,553.5,ok,SPAN-ASYMMETRIC(upload_outside_its_clock),MATCHED
amd,algos/maxpool2d/synthetic/rows=full,synthetic,,fit_or_operation,torch-eager-bf16,torch,2.13.0+rocm7.1,gpu,AMD Instinct Mi325X VF,opponent,0.9543480118736625,1,"{""max_rel_diff_vs_torch_eager_fp32"": 0.0, ""rel_fro_vs_torch_eager_fp32"": 0.0}",1801.3,639.0,ok,SPAN-ASYMMETRIC(upload_outside_its_clock),MATCHED
amd,algos/maxpool2d/synthetic/rows=full,synthetic,,fit_or_operation,torch-compile-bf16,torch,2.13.0+rocm7.1,gpu,AMD Instinct Mi325X VF,opponent,1.2618089967872947,1,"{""max_rel_diff_vs_torch_eager_fp32"": 0.0, ""rel_fro_vs_torch_eager_fp32"": 0.0}",2127.4,553.5,ok,SPAN-ASYMMETRIC(upload_outside_its_clock),MATCHED
amd,algos/maxpool2d/synthetic/rows=full,synthetic,,inference,ours,mojolearn,,gpu,,identical,,0,{},,,"REFUSED(not_ready: {""error"": ""ImportError('libamdhip64.so.7: cannot open shared object file: No such file or directory')"", ""event"": ""error"", ""stage"": ""ready""})",LIKE-FOR-LIKE-SPAN,MATCHED
amd,algos/maxpool2d/synthetic/rows=full,synthetic,,inference,torch-eager-fp32,torch,,gpu,,opponent,0.12988998787477612,1,{},,,ok,SPAN-ASYMMETRIC(upload_outside_its_clock),MATCHED
amd,algos/maxpool2d/synthetic/rows=full,synthetic,,inference,torch-compile-fp32,torch,,gpu,,opponent,0.1450400159228593,1,{},,,ok,SPAN-ASYMMETRIC(upload_outside_its_clock),MATCHED
amd,algos/maxpool2d/synthetic/rows=full,synthetic,,inference,torch-eager-bf16,torch,,gpu,,opponent,0.13378000585362315,1,{},,,ok,SPAN-ASYMMETRIC(upload_outside_its_clock),MATCHED
amd,algos/maxpool2d/synthetic/rows=full,synthetic,,inference,torch-compile-bf16,torch,,gpu,,opponent,0.168778991792351,1,{},,,ok,SPAN-ASYMMETRIC(upload_outside_its_clock),MATCHED
amd,algos/moe/synthetic/rows=full,synthetic,,fit_or_operation,ours,mojolearn,,gpu,,identical,,0,{},,,"REFUSED(not_ready: {""error"": ""ImportError('libamdhip64.so.7: cannot open shared object file: No such file or directory')"", ""event"": ""error"", ""stage"": ""ready""})",LIKE-FOR-LIKE-SPAN,MATCHED
amd,algos/moe/synthetic/rows=full,synthetic,,fit_or_operation,torch-eager-fp32,torch,2.13.0+rocm7.1,gpu,AMD Instinct Mi325X VF,opponent,4.459643998416141,1,{},3404.0,537.0,ok,SPAN-ASYMMETRIC(upload_outside_its_clock),MATCHED
amd,algos/moe/synthetic/rows=full,synthetic,,fit_or_operation,torch-compile-fp32,torch,2.13.0+rocm7.1,gpu,AMD Instinct Mi325X VF,opponent,4.981902980944142,1,"{""max_rel_diff_vs_torch_eager_fp32"": 0.017191977077363897, ""rel_fro_vs_torch_eager_fp32"": 1.0876452021305035e-07}",3676.5,514.6,ok,SPAN-ASYMMETRIC(upload_outside_its_clock),MATCHED
amd,algos/moe/synthetic/rows=full,synthetic,,fit_or_operation,torch-eager-bf16,torch,2.13.0+rocm7.1,gpu,AMD Instinct Mi325X VF,opponent,2.7132869872730225,1,"{""max_rel_diff_vs_torch_eager_fp32"": 22778.779951100245, ""rel_fro_vs_torch_eager_fp32"": 0.05522176349418195}",2792.9,641.3,ok,SPAN-ASYMMETRIC(upload_outside_its_clock),MATCHED
amd,algos/moe/synthetic/rows=full,synthetic,,fit_or_operation,torch-compile-bf16,torch,2.13.0+rocm7.1,gpu,AMD Instinct Mi325X VF,opponent,3.0830560135655105,1,"{""max_rel_diff_vs_torch_eager_fp32"": 22796.112469437652, ""rel_fro_vs_torch_eager_fp32"": 0.05519886786069775}",3061.3,501.4,ok,SPAN-ASYMMETRIC(upload_outside_its_clock),MATCHED
amd,algos/moe/synthetic/rows=full,synthetic,,inference,ours,mojolearn,,gpu,,identical,,0,{},,,"REFUSED(not_ready: {""error"": ""ImportError('libamdhip64.so.7: cannot open shared object file: No such file or directory')"", ""event"": ""error"", ""stage"": ""ready""})",LIKE-FOR-LIKE-SPAN,MATCHED
amd,algos/moe/synthetic/rows=full,synthetic,,inference,torch-eager-fp32,torch,,gpu,,opponent,3.8796649896539748,1,{},,,ok,SPAN-ASYMMETRIC(upload_outside_its_clock),MATCHED
amd,algos/moe/synthetic/rows=full,synthetic,,inference,torch-compile-fp32,torch,,gpu,,opponent,3.934734995709732,1,{},,,ok,SPAN-ASYMMETRIC(upload_outside_its_clock),MATCHED
amd,algos/moe/synthetic/rows=full,synthetic,,inference,torch-eager-bf16,torch,,gpu,,opponent,2.0668870129156858,1,{},,,ok,SPAN-ASYMMETRIC(upload_outside_its_clock),MATCHED
amd,algos/moe/synthetic/rows=full,synthetic,,inference,torch-compile-bf16,torch,,gpu,,opponent,2.1412060013972223,1,{},,,ok,SPAN-ASYMMETRIC(upload_outside_its_clock),MATCHED
amd,algos/nadam/synthetic/rows=full,synthetic,,fit_or_operation,ours,mojolearn,0.8.25,gpu,AMD Instinct Mi325X VF,identical,177.55583400139585,1,"{""rel_fro_vs_torch_eager_fp32"": 2.9454635118325385e-08}",2999.6,674.3,ok,LIKE-FOR-LIKE-SPAN,MATCHED
amd,algos/nadam/synthetic/rows=full,synthetic,,fit_or_operation,torch-eager-fp32,torch,2.13.0+rocm7.1,gpu,AMD Instinct Mi325X VF,opponent,7.037370000034571,1,{},2624.0,960.0,ok,SPAN-ASYMMETRIC(upload_outside_its_clock),MATCHED
amd,algos/nadam/synthetic/rows=full,synthetic,,fit_or_operation,torch-compile-fp32,torch,2.13.0+rocm7.1,gpu,AMD Instinct Mi325X VF,opponent,91.65896801277995,1,"{""rel_fro_vs_torch_eager_fp32"": 1.4640428045805313e-07}",3136.2,896.0,ok,SPAN-ASYMMETRIC(upload_outside_its_clock),MATCHED
amd,algos/poisson/taxi/rows=full,taxi,X 1000000x11; Xq 100000x11; y 1000000; yq 100000,fit_or_operation,ours,mojolearn,0.8.25,gpu,AMD Instinct Mi325X VF,identical,78273.9687509893,1,"{""finite"": true, ""r2"": 0.035965304476761495, ""rmse"": 15.638068930927794}",831.3,2305.2,ok,LIKE-FOR-LIKE-SPAN,MATCHED
amd,algos/poisson/taxi/rows=full,taxi,X 1000000x11; Xq 100000x11; y 1000000; yq 100000,fit_or_operation,sklearn-cpu,scikit-learn,1.7.2,cpu,AMD EPYC 9575F 64-Core Processor,opponent,1405.3065449988935,1,"{""finite"": true, ""r2"": 0.03620474634716653, ""rmse"": 15.636126759642499}",375.0,,ok,LIKE-FOR-LIKE-SPAN,MATCHED
amd,algos/poisson/taxi/rows=full,taxi,,inference,ours,mojolearn,,gpu,,identical,0.6679900106973946,1,{},,,ok,LIKE-FOR-LIKE-SPAN,MATCHED
amd,algos/poisson/taxi/rows=full,taxi,,inference,sklearn-cpu,scikit-learn,,cpu,,opponent,1.8141570035368204,1,{},,,ok,LIKE-FOR-LIKE-SPAN,MATCHED
amd,algos/qr/istella/rows=full,istella,X 1000000x220; Xq 100000x220; y 1000000; yq 100000,fit_or_operation,ours,mojolearn,0.8.25,gpu,AMD Instinct Mi325X VF,identical,76870.30359302298,1,"{""relative_gram_difference"": 0.0009027179930048397}",5850.5,674.3,ok,LIKE-FOR-LIKE-SPAN,MATCHED
amd,algos/qr/istella/rows=full,istella,X 1000000x220; Xq 100000x220; y 1000000; yq 100000,fit_or_operation,numpy-cpu,numpy,2.5.3,cpu,AMD EPYC 9575F 64-Core Processor,opponent,4646.608679991914,1,"{""relative_gram_difference"": 2.4620343691165053e-08}",8532.1,,ok,LIKE-FOR-LIKE-SPAN,MATCHED
amd,algos/qr/istella/rows=full,istella,X 1000000x220; Xq 100000x220; y 1000000; yq 100000,fit_or_operation,torch-gpu,torch,2.13.0+rocm7.1,gpu,AMD Instinct Mi325X VF,opponent,2664.9122859817,1,"{""relative_gram_difference"": 0.00016951756559835233}",2740.9,2520.9,ok,SPAN-ASYMMETRIC(upload_outside_its_clock),MATCHED
amd,algos/qr/taxi/rows=full,taxi,X 1000000x11; Xq 100000x11; y 1000000; yq 100000,fit_or_operation,ours,mojolearn,0.8.25,gpu,AMD Instinct Mi325X VF,identical,3985.192616994027,1,"{""relative_gram_difference"": 0.001995900098513438}",1071.1,674.3,ok,LIKE-FOR-LIKE-SPAN,MATCHED
amd,algos/qr/taxi/rows=full,taxi,X 1000000x11; Xq 100000x11; y 1000000; yq 100000,fit_or_operation,numpy-cpu,numpy,2.5.3,cpu,AMD EPYC 9575F 64-Core Processor,opponent,177.304640004877,1,"{""relative_gram_difference"": 3.023983999902309e-08}",478.4,,ok,LIKE-FOR-LIKE-SPAN,MATCHED
amd,algos/qr/taxi/rows=full,taxi,X 1000000x11; Xq 100000x11; y 1000000; yq 100000,fit_or_operation,torch-gpu,torch,2.13.0+rocm7.1,gpu,AMD Instinct Mi325X VF,opponent,26.95283098728396,1,"{""relative_gram_difference"": 9.539963857216174e-07}",1594.3,126.0,ok,SPAN-ASYMMETRIC(upload_outside_its_clock),MATCHED
amd,algos/randomized-svd/istella/rows=full,istella,X 900000x220; Xq 100000x220,fit_or_operation,ours,mojolearn,0.8.25,gpu,AMD Instinct Mi325X VF,identical,840.8242639852688,1,"{""relative_reconstruction_error"": 0.0002359458443493195}",3749.5,738.5,ok,LIKE-FOR-LIKE-SPAN,MATCHED
amd,algos/randomized-svd/istella/rows=full,istella,X 900000x220; Xq 100000x220,fit_or_operation,sklearn-cpu,scikit-learn,1.7.2,cpu,AMD EPYC 9575F 64-Core Processor,opponent,812.5770070182625,1,"{""relative_reconstruction_error"": 0.00023594584429396164}",1710.8,,ok,LIKE-FOR-LIKE-SPAN,MATCHED
amd,algos/randomized-svd/istella/rows=full,istella,X 900000x220; Xq 100000x220,fit_or_operation,torch-gpu,torch,2.13.0+rocm7.1,gpu,AMD Instinct Mi325X VF,opponent,206.84053798322566,1,"{""relative_reconstruction_error"": 0.00023594584493608311}",4516.2,1018.1,ok,SPAN-ASYMMETRIC(upload_outside_its_clock),MATCHED
amd,algos/randomized-svd/taxi/rows=full,taxi,X 900000x11; Xq 100000x11,fit_or_operation,ours,mojolearn,0.8.25,gpu,AMD Instinct Mi325X VF,identical,249.68879099469632,1,"{""relative_reconstruction_error"": 0.027196762550882474}",2255.1,934.5,ok,LIKE-FOR-LIKE-SPAN,MATCHED
amd,algos/randomized-svd/taxi/rows=full,taxi,X 900000x11; Xq 100000x11,fit_or_operation,sklearn-cpu,scikit-learn,1.7.2,cpu,AMD EPYC 9575F 64-Core Processor,opponent,375.3829679917544,1,"{""relative_reconstruction_error"": 0.027196762550980857}",476.9,,ok,LIKE-FOR-LIKE-SPAN,MATCHED
amd,algos/randomized-svd/taxi/rows=full,taxi,X 900000x11; Xq 100000x11,fit_or_operation,torch-gpu,torch,2.13.0+rocm7.1,gpu,AMD Instinct Mi325X VF,opponent,120.78867899253964,1,"{""relative_reconstruction_error"": 0.02719676255090767}",3715.1,228.0,ok,SPAN-ASYMMETRIC(upload_outside_its_clock),MATCHED
amd,algos/resnet-block/synthetic/rows=full,synthetic,,fit_or_operation,ours,mojolearn,,gpu,,identical,,0,{},,,"REFUSED(not_ready: {""error"": ""ImportError('libamdhip64.so.7: cannot open shared object file: No such file or directory')"", ""event"": ""error"", ""stage"": ""ready""})",LIKE-FOR-LIKE-SPAN,MATCHED
amd,algos/resnet-block/synthetic/rows=full,synthetic,,fit_or_operation,torch-eager-fp32,torch,2.13.0+rocm7.1,gpu,AMD Instinct Mi325X VF,opponent,2.0196760015096515,1,{},2322.0,547.6,ok,SPAN-ASYMMETRIC(upload_outside_its_clock),MATCHED
amd,algos/resnet-block/synthetic/rows=full,synthetic,,fit_or_operation,torch-compile-fp32,torch,2.13.0+rocm7.1,gpu,AMD Instinct Mi325X VF,opponent,2.1116859861649573,1,"{""max_rel_diff_vs_torch_eager_fp32"": 0.35762786865234375, ""rel_fro_vs_torch_eager_fp32"": 1.8088426548156875e-07}",2382.8,510.1,ok,SPAN-ASYMMETRIC(upload_outside_its_clock),MATCHED
amd,algos/resnet-block/synthetic/rows=full,synthetic,,fit_or_operation,torch-eager-bf16,torch,2.13.0+rocm7.1,gpu,AMD Instinct Mi325X VF,opponent,2.0499480015132576,1,"{""max_rel_diff_vs_torch_eager_fp32"": 24577.14080810547, ""rel_fro_vs_torch_eager_fp32"": 0.004173518676564586}",2472.7,471.0,ok,SPAN-ASYMMETRIC(upload_outside_its_clock),MATCHED
amd,algos/resnet-block/synthetic/rows=full,synthetic,,fit_or_operation,torch-compile-bf16,torch,2.13.0+rocm7.1,gpu,AMD Instinct Mi325X VF,opponent,2.0950670004822314,1,"{""max_rel_diff_vs_torch_eager_fp32"": 18499.135971069336, ""rel_fro_vs_torch_eager_fp32"": 0.003424696201172479}",2368.7,434.5,ok,SPAN-ASYMMETRIC(upload_outside_its_clock),MATCHED
amd,algos/resnet-block/synthetic/rows=full,synthetic,,inference,ours,mojolearn,,gpu,,identical,,0,{},,,"REFUSED(not_ready: {""error"": ""ImportError('libamdhip64.so.7: cannot open shared object file: No such file or directory')"", ""event"": ""error"", ""stage"": ""ready""})",LIKE-FOR-LIKE-SPAN,MATCHED
amd,algos/resnet-block/synthetic/rows=full,synthetic,,inference,torch-eager-fp32,torch,,gpu,,opponent,0.7973400061018765,1,{},,,ok,SPAN-ASYMMETRIC(upload_outside_its_clock),MATCHED
amd,algos/resnet-block/synthetic/rows=full,synthetic,,inference,torch-compile-fp32,torch,,gpu,,opponent,0.6143699865788221,1,{},,,ok,SPAN-ASYMMETRIC(upload_outside_its_clock),MATCHED
amd,algos/resnet-block/synthetic/rows=full,synthetic,,inference,torch-eager-bf16,torch,,gpu,,opponent,0.6630079878959805,1,{},,,ok,SPAN-ASYMMETRIC(upload_outside_its_clock),MATCHED
amd,algos/resnet-block/synthetic/rows=full,synthetic,,inference,torch-compile-bf16,torch,,gpu,,opponent,0.5130589997861534,1,{},,,ok,SPAN-ASYMMETRIC(upload_outside_its_clock),MATCHED
amd,algos/rmsprop/synthetic/rows=full,synthetic,,fit_or_operation,ours,mojolearn,0.8.25,gpu,AMD Instinct Mi325X VF,identical,120.19565000082366,1,"{""rel_fro_vs_torch_eager_fp32"": 3.8288468409798625e-08}",2935.6,674.3,ok,LIKE-FOR-LIKE-SPAN,MATCHED
amd,algos/rmsprop/synthetic/rows=full,synthetic,,fit_or_operation,torch-eager-fp32,torch,2.13.0+rocm7.1,gpu,AMD Instinct Mi325X VF,opponent,4.8914240032900125,1,{},2619.7,896.0,ok,SPAN-ASYMMETRIC(upload_outside_its_clock),MATCHED
amd,algos/rmsprop/synthetic/rows=full,synthetic,,fit_or_operation,torch-compile-fp32,torch,2.13.0+rocm7.1,gpu,AMD Instinct Mi325X VF,opponent,53.8164849858731,1,"{""rel_fro_vs_torch_eager_fp32"": 0.0}",3015.5,832.0,ok,SPAN-ASYMMETRIC(upload_outside_its_clock),MATCHED
amd,algos/rnn-clf/synthetic/rows=full,synthetic,X 72192x24x1; Xq 18432x24x1; y 72192; yq 18432,fit_or_operation,ours,mojolearn,0.8.25,gpu,AMD Instinct Mi325X VF,identical,693.0494290136266,1,"{""accuracy"": 0.9535590277777778, ""logloss"": 0.10369847862922178}",2056.3,678.5,ok,LIKE-FOR-LIKE-SPAN,MATCHED
amd,algos/rnn-clf/synthetic/rows=full,synthetic,X 72192x24x1; Xq 18432x24x1; y 72192; yq 18432,fit_or_operation,torch-eager-fp32,torch,2.13.0+rocm7.1,gpu,AMD Instinct Mi325X VF,opponent,837.7976620104164,1,"{""accuracy"": 0.9535590277777778}",4832.5,260.6,ok,SPAN-ASYMMETRIC(upload_outside_its_clock),MATCHED
amd,algos/rnn-clf/synthetic/rows=full,synthetic,X 72192x24x1; Xq 18432x24x1; y 72192; yq 18432,fit_or_operation,torch-compile-fp32,torch,2.13.0+rocm7.1,gpu,AMD Instinct Mi325X VF,opponent,797.2732770140283,1,"{""accuracy"": 0.9535590277777778}",4881.4,260.6,ok,SPAN-ASYMMETRIC(upload_outside_its_clock),MATCHED
amd,algos/rnn-clf/synthetic/rows=full,synthetic,X 72192x24x1; Xq 18432x24x1; y 72192; yq 18432,fit_or_operation,torch-eager-bf16,torch,2.13.0+rocm7.1,gpu,AMD Instinct Mi325X VF,opponent,936.174354981631,1,"{""accuracy"": 0.9533962673611112}",3218.4,212.6,ok,SPAN-ASYMMETRIC(upload_outside_its_clock),MATCHED
amd,algos/rnn-clf/synthetic/rows=full,synthetic,X 72192x24x1; Xq 18432x24x1; y 72192; yq 18432,fit_or_operation,torch-compile-bf16,torch,2.13.0+rocm7.1,gpu,AMD Instinct Mi325X VF,opponent,804.0568369906396,1,"{""accuracy"": 0.9533962673611112}",3267.1,212.6,ok,SPAN-ASYMMETRIC(upload_outside_its_clock),MATCHED
amd,algos/rnn-clf/synthetic/rows=full,synthetic,,inference,ours,mojolearn,,gpu,,identical,7.142520014895126,1,{},,,ok,LIKE-FOR-LIKE-SPAN,MATCHED
amd,algos/rnn-clf/synthetic/rows=full,synthetic,,inference,torch-eager-fp32,torch,,gpu,,opponent,2.4946269986685365,1,{},,,ok,SPAN-ASYMMETRIC(upload_outside_its_clock),MATCHED
amd,algos/rnn-clf/synthetic/rows=full,synthetic,,inference,torch-compile-fp32,torch,,gpu,,opponent,2.5683270068839192,1,{},,,ok,SPAN-ASYMMETRIC(upload_outside_its_clock),MATCHED
amd,algos/rnn-clf/synthetic/rows=full,synthetic,,inference,torch-eager-bf16,torch,,gpu,,opponent,2.925447013694793,1,{},,,ok,SPAN-ASYMMETRIC(upload_outside_its_clock),MATCHED
amd,algos/rnn-clf/synthetic/rows=full,synthetic,,inference,torch-compile-bf16,torch,,gpu,,opponent,2.647997025633231,1,{},,,ok,SPAN-ASYMMETRIC(upload_outside_its_clock),MATCHED
amd,algos/rnn-clf/taxi-hourly/rows=full,taxi-hourly,X 72192x24x1; Xq 18432x24x1; y 72192; yq 18432,fit_or_operation,ours,mojolearn,0.8.25,gpu,AMD Instinct Mi325X VF,identical,693.6221999931149,1,"{""accuracy"": 0.8680555555555556, ""logloss"": 0.30486351962676006}",2056.5,678.5,ok,LIKE-FOR-LIKE-SPAN,MATCHED
amd,algos/rnn-clf/taxi-hourly/rows=full,taxi-hourly,X 72192x24x1; Xq 18432x24x1; y 72192; yq 18432,fit_or_operation,torch-eager-fp32,torch,2.13.0+rocm7.1,gpu,AMD Instinct Mi325X VF,opponent,849.0679610113148,1,"{""accuracy"": 0.8680555555555556}",5176.5,260.6,ok,SPAN-ASYMMETRIC(upload_outside_its_clock),MATCHED
amd,algos/rnn-clf/taxi-hourly/rows=full,taxi-hourly,X 72192x24x1; Xq 18432x24x1; y 72192; yq 18432,fit_or_operation,torch-compile-fp32,torch,2.13.0+rocm7.1,gpu,AMD Instinct Mi325X VF,opponent,829.8655860126019,1,"{""accuracy"": 0.8680555555555556}",4881.0,260.6,ok,SPAN-ASYMMETRIC(upload_outside_its_clock),MATCHED
amd,algos/rnn-clf/taxi-hourly/rows=full,taxi-hourly,X 72192x24x1; Xq 18432x24x1; y 72192; yq 18432,fit_or_operation,torch-eager-bf16,torch,2.13.0+rocm7.1,gpu,AMD Instinct Mi325X VF,opponent,932.6185069803614,1,"{""accuracy"": 0.8680555555555556}",3568.2,212.6,ok,SPAN-ASYMMETRIC(upload_outside_its_clock),MATCHED
amd,algos/rnn-clf/taxi-hourly/rows=full,taxi-hourly,X 72192x24x1; Xq 18432x24x1; y 72192; yq 18432,fit_or_operation,torch-compile-bf16,torch,2.13.0+rocm7.1,gpu,AMD Instinct Mi325X VF,opponent,952.3905200185254,1,"{""accuracy"": 0.8680555555555556}",3267.2,212.6,ok,SPAN-ASYMMETRIC(upload_outside_its_clock),MATCHED
amd,algos/rnn-clf/taxi-hourly/rows=full,taxi-hourly,,inference,ours,mojolearn,,gpu,,identical,7.174809987191111,1,{},,,ok,LIKE-FOR-LIKE-SPAN,MATCHED
amd,algos/rnn-clf/taxi-hourly/rows=full,taxi-hourly,,inference,torch-eager-fp32,torch,,gpu,,opponent,2.5618469808250666,1,{},,,ok,SPAN-ASYMMETRIC(upload_outside_its_clock),MATCHED
amd,algos/rnn-clf/taxi-hourly/rows=full,taxi-hourly,,inference,torch-compile-fp32,torch,,gpu,,opponent,2.298226987477392,1,{},,,ok,SPAN-ASYMMETRIC(upload_outside_its_clock),MATCHED
amd,algos/rnn-clf/taxi-hourly/rows=full,taxi-hourly,,inference,torch-eager-bf16,torch,,gpu,,opponent,2.8976759931538254,1,{},,,ok,SPAN-ASYMMETRIC(upload_outside_its_clock),MATCHED
amd,algos/rnn-clf/taxi-hourly/rows=full,taxi-hourly,,inference,torch-compile-bf16,torch,,gpu,,opponent,3.132126003038138,1,{},,,ok,SPAN-ASYMMETRIC(upload_outside_its_clock),MATCHED
amd,algos/rnn-reg/synthetic/rows=full,synthetic,X 72192x24x1; Xq 18432x24x1; y 72192; yq 18432,fit_or_operation,ours,mojolearn,0.8.25,gpu,AMD Instinct Mi325X VF,identical,690.883784001926,1,"{""finite"": true, ""r2"": 0.9773475637686166, ""rmse"": 0.1743735434001108}",2055.1,678.4,ok,LIKE-FOR-LIKE-SPAN,MATCHED
amd,algos/rnn-reg/synthetic/rows=full,synthetic,X 72192x24x1; Xq 18432x24x1; y 72192; yq 18432,fit_or_operation,torch-eager-fp32,torch,2.13.0+rocm7.1,gpu,AMD Instinct Mi325X VF,opponent,856.8211339879781,1,"{""finite"": true, ""r2"": 0.9773475528959851, ""rmse"": 0.1743735852476859}",2934.7,260.3,ok,SPAN-ASYMMETRIC(upload_outside_its_clock),MATCHED
amd,algos/rnn-reg/synthetic/rows=full,synthetic,X 72192x24x1; Xq 18432x24x1; y 72192; yq 18432,fit_or_operation,torch-compile-fp32,torch,2.13.0+rocm7.1,gpu,AMD Instinct Mi325X VF,opponent,867.3466600012034,1,"{""finite"": true, ""r2"": 0.9773475528959851, ""rmse"": 0.1743735852476859}",2967.2,260.3,ok,SPAN-ASYMMETRIC(upload_outside_its_clock),MATCHED
amd,algos/rnn-reg/synthetic/rows=full,synthetic,X 72192x24x1; Xq 18432x24x1; y 72192; yq 18432,fit_or_operation,torch-eager-bf16,torch,2.13.0+rocm7.1,gpu,AMD Instinct Mi325X VF,opponent,939.1408680239692,1,"{""finite"": true, ""r2"": 0.9773828127638158, ""rmse"": 0.1742378210190518}",2642.9,212.3,ok,SPAN-ASYMMETRIC(upload_outside_its_clock),MATCHED
amd,algos/rnn-reg/synthetic/rows=full,synthetic,X 72192x24x1; Xq 18432x24x1; y 72192; yq 18432,fit_or_operation,torch-compile-bf16,torch,2.13.0+rocm7.1,gpu,AMD Instinct Mi325X VF,opponent,952.2664299875032,1,"{""finite"": true, ""r2"": 0.9773828127638158, ""rmse"": 0.1742378210190518}",2691.2,212.3,ok,SPAN-ASYMMETRIC(upload_outside_its_clock),MATCHED
amd,algos/rnn-reg/synthetic/rows=full,synthetic,,inference,ours,mojolearn,,gpu,,identical,3.711975004989654,1,{},,,ok,LIKE-FOR-LIKE-SPAN,MATCHED
amd,algos/rnn-reg/synthetic/rows=full,synthetic,,inference,torch-eager-fp32,torch,,gpu,,opponent,2.707487001316622,1,{},,,ok,SPAN-ASYMMETRIC(upload_outside_its_clock),MATCHED
amd,algos/rnn-reg/synthetic/rows=full,synthetic,,inference,torch-compile-fp32,torch,,gpu,,opponent,2.7401960105635226,1,{},,,ok,SPAN-ASYMMETRIC(upload_outside_its_clock),MATCHED
amd,algos/rnn-reg/synthetic/rows=full,synthetic,,inference,torch-eager-bf16,torch,,gpu,,opponent,2.99601600272581,1,{},,,ok,SPAN-ASYMMETRIC(upload_outside_its_clock),MATCHED
amd,algos/rnn-reg/synthetic/rows=full,synthetic,,inference,torch-compile-bf16,torch,,gpu,,opponent,3.1168950081337243,1,{},,,ok,SPAN-ASYMMETRIC(upload_outside_its_clock),MATCHED
amd,algos/rnn-reg/taxi-hourly/rows=full,taxi-hourly,X 72192x24x1; Xq 18432x24x1; y 72192; yq 18432,fit_or_operation,ours,mojolearn,0.8.25,gpu,AMD Instinct Mi325X VF,identical,691.3803019851912,1,"{""finite"": true, ""r2"": 0.7387958979075943, ""rmse"": 0.5542714080054465}",2055.1,678.4,ok,LIKE-FOR-LIKE-SPAN,MATCHED
amd,algos/rnn-reg/taxi-hourly/rows=full,taxi-hourly,X 72192x24x1; Xq 18432x24x1; y 72192; yq 18432,fit_or_operation,torch-eager-fp32,torch,2.13.0+rocm7.1,gpu,AMD Instinct Mi325X VF,opponent,845.0541209895164,1,"{""finite"": true, ""r2"": 0.7387959658440973, ""rmse"": 0.5542713359252928}",2933.1,260.3,ok,SPAN-ASYMMETRIC(upload_outside_its_clock),MATCHED
amd,algos/rnn-reg/taxi-hourly/rows=full,taxi-hourly,X 72192x24x1; Xq 18432x24x1; y 72192; yq 18432,fit_or_operation,torch-compile-fp32,torch,2.13.0+rocm7.1,gpu,AMD Instinct Mi325X VF,opponent,857.8013730002567,1,"{""finite"": true, ""r2"": 0.7387959658440973, ""rmse"": 0.5542713359252928}",2966.9,260.3,ok,SPAN-ASYMMETRIC(upload_outside_its_clock),MATCHED
amd,algos/rnn-reg/taxi-hourly/rows=full,taxi-hourly,X 72192x24x1; Xq 18432x24x1; y 72192; yq 18432,fit_or_operation,torch-eager-bf16,torch,2.13.0+rocm7.1,gpu,AMD Instinct Mi325X VF,opponent,916.4281410048716,1,"{""finite"": true, ""r2"": 0.7388859742109539, ""rmse"": 0.554175829444191}",2643.1,212.3,ok,SPAN-ASYMMETRIC(upload_outside_its_clock),MATCHED
amd,algos/rnn-reg/taxi-hourly/rows=full,taxi-hourly,X 72192x24x1; Xq 18432x24x1; y 72192; yq 18432,fit_or_operation,torch-compile-bf16,torch,2.13.0+rocm7.1,gpu,AMD Instinct Mi325X VF,opponent,973.7527009856422,1,"{""finite"": true, ""r2"": 0.7388859742109539, ""rmse"": 0.554175829444191}",2691.9,212.3,ok,SPAN-ASYMMETRIC(upload_outside_its_clock),MATCHED
amd,algos/rnn-reg/taxi-hourly/rows=full,taxi-hourly,,inference,ours,mojolearn,,gpu,,identical,3.6037350073456764,1,{},,,ok,LIKE-FOR-LIKE-SPAN,MATCHED
amd,algos/rnn-reg/taxi-hourly/rows=full,taxi-hourly,,inference,torch-eager-fp32,torch,,gpu,,opponent,2.6570259942673147,1,{},,,ok,SPAN-ASYMMETRIC(upload_outside_its_clock),MATCHED
amd,algos/rnn-reg/taxi-hourly/rows=full,taxi-hourly,,inference,torch-compile-fp32,torch,,gpu,,opponent,2.7258760237600654,1,{},,,ok,SPAN-ASYMMETRIC(upload_outside_its_clock),MATCHED
amd,algos/rnn-reg/taxi-hourly/rows=full,taxi-hourly,,inference,torch-eager-bf16,torch,,gpu,,opponent,3.018835006514564,1,{},,,ok,SPAN-ASYMMETRIC(upload_outside_its_clock),MATCHED
amd,algos/rnn-reg/taxi-hourly/rows=full,taxi-hourly,,inference,torch-compile-bf16,torch,,gpu,,opponent,3.135515988105908,1,{},,,ok,SPAN-ASYMMETRIC(upload_outside_its_clock),MATCHED
amd,algos/sgd-clf/istella/rows=full,istella,X 1000000x220; Xq 100000x220; y 1000000; yq 100000,fit_or_operation,ours,mojolearn,0.8.25,gpu,AMD Instinct Mi325X VF,identical,1665003.7115760206,1,"{""accuracy"": 0.90115}",1711.9,2305.2,ok,LIKE-FOR-LIKE-SPAN,MATCHED
amd,algos/sgd-clf/istella/rows=full,istella,X 1000000x220; Xq 100000x220; y 1000000; yq 100000,fit_or_operation,sklearn-cpu,scikit-learn,1.7.2,cpu,AMD EPYC 9575F 64-Core Processor,opponent,28098.74703202513,1,"{""accuracy"": 0.9102}",1143.5,,ok,LIKE-FOR-LIKE-SPAN,MATCHED
amd,algos/sgd-clf/istella/rows=full,istella,,inference,ours,mojolearn,,gpu,,identical,10.21668702014722,1,{},,,ok,LIKE-FOR-LIKE-SPAN,MATCHED
amd,algos/sgd-clf/istella/rows=full,istella,,inference,sklearn-cpu,scikit-learn,,cpu,,opponent,3.727835981408134,1,{},,,ok,LIKE-FOR-LIKE-SPAN,MATCHED
amd,algos/sgd-clf/taxi/rows=full,taxi,X 1000000x11; Xq 100000x11; y 1000000; yq 100000,fit_or_operation,ours,mojolearn,0.8.25,gpu,AMD Instinct Mi325X VF,identical,607156.6892350093,1,"{""accuracy"": 0.76641}",834.7,2305.2,ok,LIKE-FOR-LIKE-SPAN,MATCHED
amd,algos/sgd-clf/taxi/rows=full,taxi,X 1000000x11; Xq 100000x11; y 1000000; yq 100000,fit_or_operation,sklearn-cpu,scikit-learn,1.7.2,cpu,AMD EPYC 9575F 64-Core Processor,opponent,8379.145494982367,1,"{""accuracy"": 0.75252}",266.7,,ok,LIKE-FOR-LIKE-SPAN,MATCHED
amd,algos/sgd-clf/taxi/rows=full,taxi,,inference,ours,mojolearn,,gpu,,identical,8.204454992664978,1,{},,,ok,LIKE-FOR-LIKE-SPAN,MATCHED
amd,algos/sgd-clf/taxi/rows=full,taxi,,inference,sklearn-cpu,scikit-learn,,cpu,,opponent,0.6316900253295898,1,{},,,ok,LIKE-FOR-LIKE-SPAN,MATCHED
amd,algos/sgd-reg/istella/rows=full,istella,X 1000000x220; Xq 100000x220; y 1000000; yq 100000,fit_or_operation,ours,mojolearn,0.8.25,gpu,AMD Instinct Mi325X VF,identical,1649846.6727999912,1,"{""finite"": true, ""r2"": -3.458740687810243e+24, ""rmse"": 1553529230350.6074}",1655.2,2305.2,ok,LIKE-FOR-LIKE-SPAN,MATCHED
amd,algos/sgd-reg/istella/rows=full,istella,X 1000000x220; Xq 100000x220; y 1000000; yq 100000,fit_or_operation,sklearn-cpu,scikit-learn,1.7.2,cpu,AMD EPYC 9575F 64-Core Processor,opponent,42010.64880299964,1,"{""finite"": true, ""r2"": -2.196547097240627e+24, ""rmse"": 1238028628353.19}",1140.0,,ok,LIKE-FOR-LIKE-SPAN,MATCHED
amd,algos/sgd-reg/istella/rows=full,istella,,inference,ours,mojolearn,,gpu,,identical,2.2503070067614317,1,{},,,ok,LIKE-FOR-LIKE-SPAN,MATCHED
amd,algos/sgd-reg/istella/rows=full,istella,,inference,sklearn-cpu,scikit-learn,,cpu,,opponent,3.88016298529692,1,{},,,ok,LIKE-FOR-LIKE-SPAN,MATCHED
amd,algos/sgd-reg/taxi/rows=full,taxi,X 1000000x11; Xq 100000x11; y 1000000; yq 100000,fit_or_operation,ours,mojolearn,0.8.25,gpu,AMD Instinct Mi325X VF,identical,574141.90848,1,"{""finite"": true, ""r2"": 0.8681272994864244, ""rmse"": 5.783812970272936}",778.2,2305.2,ok,LIKE-FOR-LIKE-SPAN,MATCHED
amd,algos/sgd-reg/taxi/rows=full,taxi,X 1000000x11; Xq 100000x11; y 1000000; yq 100000,fit_or_operation,sklearn-cpu,scikit-learn,1.7.2,cpu,AMD EPYC 9575F 64-Core Processor,opponent,9778.06578099262,1,"{""finite"": true, ""r2"": 0.880680749347573, ""rmse"": 5.501638487867195}",262.7,,ok,LIKE-FOR-LIKE-SPAN,MATCHED
amd,algos/sgd-reg/taxi/rows=full,taxi,,inference,ours,mojolearn,,gpu,,identical,0.7113789906725287,1,{},,,ok,LIKE-FOR-LIKE-SPAN,MATCHED
amd,algos/sgd-reg/taxi/rows=full,taxi,,inference,sklearn-cpu,scikit-learn,,cpu,,opponent,0.7123389805201441,1,{},,,ok,LIKE-FOR-LIKE-SPAN,MATCHED
amd,algos/sgd/synthetic/rows=full,synthetic,,fit_or_operation,ours,mojolearn,0.8.25,gpu,AMD Instinct Mi325X VF,identical,149.28534399950877,1,"{""rel_fro_vs_torch_eager_fp32"": 0.0}",3000.1,674.3,"MODE-MISMATCH(requested identical, read back unknown)",LIKE-FOR-LIKE-SPAN,MATCHED
amd,algos/sgd/synthetic/rows=full,synthetic,,fit_or_operation,torch-eager-fp32,torch,2.13.0+rocm7.1,gpu,AMD Instinct Mi325X VF,opponent,3.7287539744284004,1,{},2599.9,832.0,ok,SPAN-ASYMMETRIC(upload_outside_its_clock),MATCHED
amd,algos/sgd/synthetic/rows=full,synthetic,,fit_or_operation,torch-compile-fp32,torch,2.13.0+rocm7.1,gpu,AMD Instinct Mi325X VF,opponent,103.84676899411716,1,"{""rel_fro_vs_torch_eager_fp32"": 6.771708022544911e-10}",3001.0,832.0,ok,SPAN-ASYMMETRIC(upload_outside_its_clock),MATCHED
amd,algos/svd/istella/rows=full,istella,X 1000000x220; Xq 100000x220; y 1000000; yq 100000,fit_or_operation,ours,mojolearn,0.8.25,gpu,AMD Instinct Mi325X VF,identical,95827.90833499166,1,"{""max_rel_singular_value_error"": 73.62809819813894, ""relative_reconstruction_error_100k_rows"": 0.0005441025933196567}",7944.2,1698.4,ok,LIKE-FOR-LIKE-SPAN,MATCHED
amd,algos/svd/istella/rows=full,istella,X 1000000x220; Xq 100000x220; y 1000000; yq 100000,fit_or_operation,numpy-cpu,numpy,2.5.3,cpu,AMD EPYC 9575F 64-Core Processor,opponent,3741.4459499996156,1,"{""max_rel_singular_value_error"": 0.9999999315167643, ""relative_reconstruction_error_100k_rows"": 4.099559577843133e-08}",8708.9,,ok,LIKE-FOR-LIKE-SPAN,MATCHED
amd,algos/svd/istella/rows=full,istella,X 1000000x220; Xq 100000x220; y 1000000; yq 100000,fit_or_operation,torch-gpu,torch,2.13.0+rocm7.1,gpu,AMD Instinct Mi325X VF,opponent,2939.026482985355,1,"{""max_rel_singular_value_error"": 270691198.5028114, ""relative_reconstruction_error_100k_rows"": 0.026533674336292487}",2916.8,3360.7,ok,SPAN-ASYMMETRIC(upload_outside_its_clock),MATCHED
amd,algos/svd/taxi/rows=full,taxi,X 1000000x11; Xq 100000x11; y 1000000; yq 100000,fit_or_operation,ours,mojolearn,0.8.25,gpu,AMD Instinct Mi325X VF,identical,4142.637350014411,1,"{""max_rel_singular_value_error"": 6.33228931077733e-07, ""relative_reconstruction_error_100k_rows"": 0.0003330177321485153}",2487.2,866.4,ok,LIKE-FOR-LIKE-SPAN,MATCHED
amd,algos/svd/taxi/rows=full,taxi,X 1000000x11; Xq 100000x11; y 1000000; yq 100000,fit_or_operation,numpy-cpu,numpy,2.5.3,cpu,AMD EPYC 9575F 64-Core Processor,opponent,130.52077000611462,1,"{""max_rel_singular_value_error"": 4.307764492587405e-08, ""relative_reconstruction_error_100k_rows"": 4.3141029223910104e-08}",485.8,,ok,LIKE-FOR-LIKE-SPAN,MATCHED
amd,algos/svd/taxi/rows=full,taxi,X 1000000x11; Xq 100000x11; y 1000000; yq 100000,fit_or_operation,torch-gpu,torch,2.13.0+rocm7.1,gpu,AMD Instinct Mi325X VF,opponent,272.13011001003906,1,"{""max_rel_singular_value_error"": 4.408768861444997e-05, ""relative_reconstruction_error_100k_rows"": 0.003043110838778584}",1865.6,168.0,ok,SPAN-ASYMMETRIC(upload_outside_its_clock),MATCHED
amd,algos/svgp/istella/rows=full,istella,X 100000x220; Xq 20000x220; y 100000; yq 20000,fit_or_operation,ours,mojolearn,0.8.25,gpu,AMD Instinct Mi325X VF,identical,948.6463879875373,1,"{""finite"": true, ""r2"": -0.10601568648444992, ""rmse"": 0.8783730780035839}",1761.3,676.3,ok,LIKE-FOR-LIKE-SPAN,MATCHED
amd,algos/svgp/istella/rows=full,istella,X 100000x220; Xq 20000x220; y 100000; yq 20000,fit_or_operation,gpytorch-gpu,gpytorch,1.15.2,gpu,AMD Instinct Mi325X VF,opponent,16.246276994934306,1,"{""finite"": true, ""r2"": -0.10604025821790564, ""rmse"": 0.8783828351117051}",5943.4,1687.8,ok,SPAN-ASYMMETRIC(upload_outside_its_clock),MATCHED
amd,algos/svgp/istella/rows=full,istella,X 100000x220; Xq 20000x220; y 100000; yq 20000,fit_or_operation,gpytorch-cpu,gpytorch,1.15.2,cpu,,opponent,671.9588800042402,1,"{""finite"": true, ""r2"": -0.10604025757151292, ""rmse"": 0.8783828348550325}",3457.1,,ok,SPAN-ASYMMETRIC(upload_outside_its_clock),MATCHED
amd,algos/svgp/istella/rows=full,istella,,inference,ours,mojolearn,,gpu,,identical,58.64972999552265,1,{},,,ok,LIKE-FOR-LIKE-SPAN,MATCHED
amd,algos/svgp/istella/rows=full,istella,,inference,gpytorch-gpu,gpytorch,,gpu,,opponent,3.207776986528188,1,{},,,ok,SPAN-ASYMMETRIC(upload_outside_its_clock),MATCHED
amd,algos/svgp/istella/rows=full,istella,,inference,gpytorch-cpu,gpytorch,,cpu,,opponent,240.64651000662707,1,{},,,ok,SPAN-ASYMMETRIC(upload_outside_its_clock),MATCHED
amd,algos/svgp/taxi/rows=full,taxi,X 100000x11; Xq 20000x11; y 100000; yq 20000,fit_or_operation,ours,mojolearn,0.8.25,gpu,AMD Instinct Mi325X VF,identical,,0,{},,,"REFUSED(error: {""error"": ""ValueError('SVGP: the inducing system is not positive definite; raise jitter or noise_variance')"", ""event"": ""error"", ""stage"": ""round 0""})",LIKE-FOR-LIKE-SPAN,MATCHED
amd,algos/svgp/taxi/rows=full,taxi,X 100000x11; Xq 20000x11; y 100000; yq 20000,fit_or_operation,gpytorch-gpu,gpytorch,1.15.2,gpu,AMD Instinct Mi325X VF,opponent,15.406346996314824,1,"{""finite"": true, ""r2"": -0.20952626553636056, ""rmse"": 17.831013835726772}",4970.7,1590.9,ok,SPAN-ASYMMETRIC(upload_outside_its_clock),MATCHED
amd,algos/svgp/taxi/rows=full,taxi,X 100000x11; Xq 20000x11; y 100000; yq 20000,fit_or_operation,gpytorch-cpu,gpytorch,1.15.2,cpu,,opponent,504.6224019897636,1,"{""finite"": true, ""r2"": -0.20953208138182777, ""rmse"": 17.831056704699233}",2461.6,,ok,SPAN-ASYMMETRIC(upload_outside_its_clock),MATCHED
amd,algos/svgp/taxi/rows=full,taxi,,inference,ours,mojolearn,,gpu,,identical,,0,{},,,"REFUSED(error: {""error"": ""ValueError('SVGP: the inducing system is not positive definite; raise jitter or noise_variance')"", ""event"": ""error"", ""stage"": ""round 0""})",LIKE-FOR-LIKE-SPAN,MATCHED
amd,algos/svgp/taxi/rows=full,taxi,,inference,gpytorch-gpu,gpytorch,,gpu,,opponent,2.6231170049868524,1,{},,,ok,SPAN-ASYMMETRIC(upload_outside_its_clock),MATCHED
amd,algos/svgp/taxi/rows=full,taxi,,inference,gpytorch-cpu,gpytorch,,cpu,,opponent,144.92132898885757,1,{},,,ok,SPAN-ASYMMETRIC(upload_outside_its_clock),MATCHED
amd,classical/dbscan/istella/rows=full,istella,1000000x220,fit_or_operation,ours,mojolearn,0.8.25,gpu,AMD Instinct Mi325X VF,identical,1140425.5561800092,1,"{""n_clusters"": 40131, ""noise_fraction"": 0.219391, ""rows"": 1000000}",5810.5,676.5,ok,LIKE-FOR-LIKE-SPAN,MATCHED
amd,classical/dbscan/istella/rows=full,istella,1000000x220,fit_or_operation,sklearn-cpu,scikit-learn,1.7.2,cpu,AMD EPYC 9575F 64-Core Processor,opponent,263657.65238698805,1,"{""ari_vs_ours"": 1.0, ""n_clusters"": 40131, ""noise_agreement_vs_ours"": 1.0, ""noise_fraction"": 0.219391, ""rows"": 1000000}",5971.6,,ok,LIKE-FOR-LIKE-SPAN,MATCHED
amd,classical/dbscan/taxi/rows=full,taxi,1000000x11,fit_or_operation,ours,mojolearn,0.8.25,gpu,AMD Instinct Mi325X VF,identical,,0,{},,,"REFUSED(error: {""error"": ""Exception('dbscan: the ball-cover neighbourhood has -80883285 edges in one batch, which does not fit the int32 CSR this implementation uses. cuML requires int64 labels for RBC (runner.cuh:1)",LIKE-FOR-LIKE-SPAN,MATCHED
amd,classical/dbscan/taxi/rows=full,taxi,1000000x11,fit_or_operation,sklearn-cpu,scikit-learn,1.7.2,cpu,AMD EPYC 9575F 64-Core Processor,opponent,,0,{},,,"HOST-MEMORY(killed at 143.0 GB: the driver's process tree held 153.6 GB, over 90% of the box's 168.8 GB)",LIKE-FOR-LIKE-SPAN,MATCHED
amd,classical/hdbscan/istella/rows=full,istella,1000000x220,fit_or_operation,ours,mojolearn,0.8.25,gpu,AMD Instinct Mi325X VF,identical,,0,{},,,"REFUSED(error: {""error"": ""Exception(\""hdbscan.build_mr_linkage: n_rows=100000 > 46340; the dense mutual reachability graph is m * m cells and hierarchy's PAIRWISE connectivity refuses past that bound (their value_id)",LIKE-FOR-LIKE-SPAN,MATCHED
amd,classical/hdbscan/istella/rows=full,istella,1000000x220,fit_or_operation,sklearn-cpu,scikit-learn,1.7.2,cpu,AMD EPYC 9575F 64-Core Processor,opponent,829354.3776570004,1,"{""n_clusters"": 52, ""noise_fraction"": 0.25257, ""rows"": 100000}",1462.1,,ok,LIKE-FOR-LIKE-SPAN,MATCHED
amd,classical/hdbscan/taxi/rows=full,taxi,1000000x11,fit_or_operation,ours,mojolearn,0.8.25,gpu,AMD Instinct Mi325X VF,identical,,0,{},,,"REFUSED(error: {""error"": ""Exception(\""hdbscan.build_mr_linkage: n_rows=100000 > 46340; the dense mutual reachability graph is m * m cells and hierarchy's PAIRWISE connectivity refuses past that bound (their value_id)",LIKE-FOR-LIKE-SPAN,MATCHED
amd,classical/hdbscan/taxi/rows=full,taxi,1000000x11,fit_or_operation,sklearn-cpu,scikit-learn,1.7.2,cpu,AMD EPYC 9575F 64-Core Processor,opponent,38362.08304899628,1,"{""n_clusters"": 161, ""noise_fraction"": 0.13463, ""rows"": 100000}",334.0,,ok,LIKE-FOR-LIKE-SPAN,MATCHED
amd,classical/kde/istella/rows=full,istella,100000x220,fit_or_operation,ours,mojolearn,0.8.25,gpu,AMD Instinct Mi325X VF,identical,39.56159800873138,1,"{""mean_log_likelihood"": -222.27058616638183, ""rows_without_density"": 0}",2112.1,1240.3,ok,LIKE-FOR-LIKE-SPAN,MATCHED
amd,classical/kde/istella/rows=full,istella,100000x220,fit_or_operation,sklearn-cpu,scikit-learn,1.7.2,cpu,AMD EPYC 9575F 64-Core Processor,opponent,57344.04930798337,1,"{""mean_log_likelihood"": -226.97740708830796, ""rows_without_density"": 0}",466.0,,ok,LIKE-FOR-LIKE-SPAN,MATCHED
amd,classical/kde/taxi/rows=full,taxi,100000x11,fit_or_operation,ours,mojolearn,0.8.25,gpu,AMD Instinct Mi325X VF,identical,29.183109989389777,1,"{""mean_log_likelihood"": -14.826460295200349, ""rows_without_density"": 0}",2030.5,1160.3,ok,LIKE-FOR-LIKE-SPAN,MATCHED
amd,classical/kde/taxi/rows=full,taxi,100000x11,fit_or_operation,sklearn-cpu,scikit-learn,1.7.2,cpu,AMD EPYC 9575F 64-Core Processor,opponent,7083.527295006206,1,"{""mean_log_likelihood"": -14.82643653815113, ""rows_without_density"": 0}",209.0,,ok,LIKE-FOR-LIKE-SPAN,MATCHED
amd,classical/kmeans/istella/rows=full,istella,2043304x220,fit_or_operation,ours,mojolearn,0.8.25,gpu,AMD Instinct Mi325X VF,identical,736.0188009915873,1,"{""inertia"": 6.050717116872483e+17, ""inertia_over_ours"": 1.0, ""n_iter"": 33}",4186.8,676.5,ok,LIKE-FOR-LIKE-SPAN,MATCHED
amd,classical/kmeans/istella/rows=full,istella,2043304x220,fit_or_operation,torch-gpu,torch,2.13.0+rocm7.1,gpu,AMD Instinct Mi325X VF,opponent,1882.37000600202,1,"{""inertia"": 5.991151606299598e+17, ""inertia_over_ours"": 0.9901556279326321, ""n_iter"": 57}",5867.6,3536.8,ok,SPAN-ASYMMETRIC(upload_outside_its_clock),MATCHED
amd,classical/kmeans/istella/rows=full,istella,2043304x220,fit_or_operation,sklearn-cpu,scikit-learn,1.7.2,cpu,AMD EPYC 9575F 64-Core Processor,opponent,5614.6440880256705,1,"{""inertia"": 6.049258547908342e+17, ""inertia_over_ours"": 0.9997589427937271, ""n_iter"": 24}",5794.7,,ok,LIKE-FOR-LIKE-SPAN,MATCHED
amd,classical/kmeans/istella/rows=full,istella,,inference,ours,mojolearn,,gpu,,identical,36.65196298970841,1,"{""eval_inertia"": 1.4173552267183102e+17, ""label_agreement_own_centers"": 1.0}",,,ok,LIKE-FOR-LIKE-SPAN,MATCHED
amd,classical/kmeans/istella/rows=full,istella,,inference,torch-gpu,torch,,gpu,,opponent,0.39577900315634906,1,"{""agreement_vs_ours"": 0.03861, ""bits_equal_vs_ours"": false, ""eval_inertia"": 1.4022704134233104e+17, ""label_agreement_own_centers"": 1.0}",,,ok,SPAN-ASYMMETRIC(upload_outside_its_clock),MATCHED
amd,classical/kmeans/istella/rows=full,istella,,inference,sklearn-cpu,scikit-learn,,cpu,,opponent,23.340168001595885,1,"{""agreement_vs_ours"": 0.031282, ""bits_equal_vs_ours"": false, ""eval_inertia"": 1.4175595313664955e+17, ""label_agreement_own_centers"": 1.0}",,,ok,LIKE-FOR-LIKE-SPAN,MATCHED
amd,classical/kmeans/taxi/rows=full,taxi,4000000x11,fit_or_operation,ours,mojolearn,0.8.25,gpu,AMD Instinct Mi325X VF,identical,395.99865302443504,1,"{""inertia"": 309303365.56516206, ""inertia_over_ours"": 1.0, ""n_iter"": 91}",2263.0,676.5,ok,LIKE-FOR-LIKE-SPAN,MATCHED
amd,classical/kmeans/taxi/rows=full,taxi,4000000x11,fit_or_operation,torch-gpu,torch,2.13.0+rocm7.1,gpu,AMD Instinct Mi325X VF,opponent,798.2909499842208,1,"{""inertia"": 312871291.68667215, ""inertia_over_ours"": 1.0115353614565128, ""n_iter"": 80}",3940.1,506.6,ok,SPAN-ASYMMETRIC(upload_outside_its_clock),MATCHED
amd,classical/kmeans/taxi/rows=full,taxi,4000000x11,fit_or_operation,sklearn-cpu,scikit-learn,1.7.2,cpu,AMD EPYC 9575F 64-Core Processor,opponent,2297.6010909769684,1,"{""inertia"": 309283895.17277735, ""inertia_over_ours"": 0.9999370508227444, ""n_iter"": 58}",772.1,,ok,LIKE-FOR-LIKE-SPAN,MATCHED
amd,classical/kmeans/taxi/rows=full,taxi,,inference,ours,mojolearn,,gpu,,identical,3.6798939981963485,1,"{""eval_inertia"": 48239340.71589109, ""label_agreement_own_centers"": 0.999998}",,,ok,LIKE-FOR-LIKE-SPAN,MATCHED
amd,classical/kmeans/taxi/rows=full,taxi,,inference,torch-gpu,torch,,gpu,,opponent,0.2596789854578674,1,"{""agreement_vs_ours"": 0.540178, ""bits_equal_vs_ours"": false, ""eval_inertia"": 49256437.1767824, ""label_agreement_own_centers"": 1.0}",,,ok,SPAN-ASYMMETRIC(upload_outside_its_clock),MATCHED
amd,classical/kmeans/taxi/rows=full,taxi,,inference,sklearn-cpu,scikit-learn,,cpu,,opponent,4.582335008308291,1,"{""agreement_vs_ours"": 0.003656, ""bits_equal_vs_ours"": false, ""eval_inertia"": 48159197.539247565, ""label_agreement_own_centers"": 1.0}",,,ok,LIKE-FOR-LIKE-SPAN,MATCHED
amd,classical/knn/istella/rows=full,istella,400000x220,fit_or_operation,ours,mojolearn,0.8.25,gpu,AMD Instinct Mi325X VF,identical,1183.846493018791,1,"{""recall_at_k"": 0.97625, ""rows_with_repeated_ids"": 0}",2368.8,1594.4,ok,LIKE-FOR-LIKE-SPAN,MATCHED
amd,classical/knn/istella/rows=full,istella,400000x220,fit_or_operation,torch-gpu,torch,2.13.0+rocm7.1,gpu,AMD Instinct Mi325X VF,opponent,29.058515006909147,1,"{""recall_at_k"": 0.97983984375, ""rows_with_repeated_ids"": 0}",3225.3,3884.6,ok,SPAN-ASYMMETRIC(upload_outside_its_clock),MATCHED
amd,classical/knn/istella/rows=full,istella,400000x220,fit_or_operation,sklearn-cpu,scikit-learn,1.7.2,cpu,AMD EPYC 9575F 64-Core Processor,opponent,536.9400700146798,1,"{""recall_at_k"": 1.0, ""rows_with_repeated_ids"": 0}",587.8,,ok,LIKE-FOR-LIKE-SPAN,MATCHED
amd,classical/knn/taxi/rows=full,taxi,400000x11,fit_or_operation,ours,mojolearn,0.8.25,gpu,AMD Instinct Mi325X VF,identical,1282.845609006472,1,"{""recall_at_k"": 0.99975390625, ""rows_with_repeated_ids"": 0}",2046.5,1276.4,ok,LIKE-FOR-LIKE-SPAN,MATCHED
amd,classical/knn/taxi/rows=full,taxi,400000x11,fit_or_operation,torch-gpu,torch,2.13.0+rocm7.1,gpu,AMD Instinct Mi325X VF,opponent,23.866453993832693,1,"{""recall_at_k"": 0.99973828125, ""rows_with_repeated_ids"": 0}",2903.6,3242.7,ok,SPAN-ASYMMETRIC(upload_outside_its_clock),MATCHED
amd,classical/knn/taxi/rows=full,taxi,400000x11,fit_or_operation,sklearn-cpu,scikit-learn,1.7.2,cpu,AMD EPYC 9575F 64-Core Processor,opponent,381.06442999560386,1,"{""recall_at_k"": 1.0, ""rows_with_repeated_ids"": 0}",238.1,,ok,LIKE-FOR-LIKE-SPAN,MATCHED
amd,classical/ols/istella/rows=full,istella,2043304x220,fit_or_operation,ours,mojolearn,0.8.25,gpu,AMD Instinct Mi325X VF,identical,1246.204035996925,1,"{""finite"": true, ""r2"": 0.3319443836684286, ""rmse"": 0.6820269439943614}",5892.2,674.5,ok,LIKE-FOR-LIKE-SPAN,MATCHED
amd,classical/ols/istella/rows=full,istella,2043304x220,fit_or_operation,torch-gpu,torch,2.13.0+rocm7.1,gpu,AMD Instinct Mi325X VF,opponent,6950.6955679971725,1,"{""finite"": false, ""r2"": NaN, ""rmse"": NaN}",3897.5,5304.1,ok,SPAN-ASYMMETRIC(upload_outside_its_clock),MATCHED
amd,classical/ols/istella/rows=full,istella,2043304x220,fit_or_operation,torch-gpu-eigh,torch,2.13.0+rocm7.1,gpu,AMD Instinct Mi325X VF,opponent,31.07096199528314,1,"{""finite"": true, ""r2"": 0.15160378065155355, ""rmse"": 0.7685897434571651}",4890.2,3650.2,ok,SPAN-ASYMMETRIC(upload_outside_its_clock),MATCHED
amd,classical/ols/istella/rows=full,istella,2043304x220,fit_or_operation,sklearn-cpu,scikit-learn,1.7.2,cpu,AMD EPYC 9575F 64-Core Processor,opponent,3980.589303013403,1,"{""finite"": true, ""r2"": 0.0018812414951135947, ""rmse"": 0.8336549462422593}",5793.0,,ok,LIKE-FOR-LIKE-SPAN,MATCHED
amd,classical/ols/istella/rows=full,istella,,inference,ours,mojolearn,,gpu,,identical,12.316690001171082,1,"{""predict_max_rel_err_own_fp64"": 9.58131393081632e-07, ""r2_eval"": 0.3319443958891074, ""rmse_eval"": 0.6820269377562338}",,,ok,LIKE-FOR-LIKE-SPAN,MATCHED
amd,classical/ols/istella/rows=full,istella,,inference,torch-gpu,torch,,gpu,,opponent,0.20501000108197331,1,"{""bits_equal_vs_ours"": false, ""max_abs_diff_vs_ours"": NaN, ""predict_max_rel_err_own_fp64"": NaN, ""r2_eval"": NaN, ""rmse_eval"": NaN}",,,ok,SPAN-ASYMMETRIC(upload_outside_its_clock),MATCHED
amd,classical/ols/istella/rows=full,istella,,inference,torch-gpu-eigh,torch,,gpu,,opponent,0.2712590212468058,1,"{""bits_equal_vs_ours"": false, ""max_abs_diff_vs_ours"": 6.699506521224976, ""predict_max_rel_err_own_fp64"": 3.5786441794790894e-07, ""r2_eval"": 0.15160378052515877, ""rmse_eval"": 0.7685897435144178}",,,ok,SPAN-ASYMMETRIC(upload_outside_its_clock),MATCHED
amd,classical/ols/istella/rows=full,istella,,inference,sklearn-cpu,scikit-learn,,cpu,,opponent,18.546429986599833,1,"{""bits_equal_vs_ours"": false, ""max_abs_diff_vs_ours"": 7.010309457778931, ""predict_max_rel_err_own_fp64"": 7.648017248248367e-08, ""r2_eval"": 0.0018812415140834204, ""rmse_eval"": 0.8336549462343372}",,,ok,LIKE-FOR-LIKE-SPAN,MATCHED
amd,classical/ols/taxi/rows=full,taxi,4000000x11,fit_or_operation,ours,mojolearn,0.8.25,gpu,AMD Instinct Mi325X VF,identical,170.60330699314363,1,"{""finite"": true, ""r2"": 0.9088369847359253, ""rmse"": 4.696465686426404}",2414.8,674.4,ok,LIKE-FOR-LIKE-SPAN,MATCHED
amd,classical/ols/taxi/rows=full,taxi,4000000x11,fit_or_operation,torch-gpu,torch,2.13.0+rocm7.1,gpu,AMD Instinct Mi325X VF,opponent,113.3369539747946,1,"{""finite"": true, ""r2"": 0.9088367340260959, ""rmse"": 4.69647214435947}",1892.4,695.4,ok,SPAN-ASYMMETRIC(upload_outside_its_clock),MATCHED
amd,classical/ols/taxi/rows=full,taxi,4000000x11,fit_or_operation,torch-gpu-eigh,torch,2.13.0+rocm7.1,gpu,AMD Instinct Mi325X VF,opponent,24.330022977665067,1,"{""finite"": true, ""r2"": 0.9088273166995217, ""rmse"": 4.696714715033656}",2871.0,572.0,ok,SPAN-ASYMMETRIC(upload_outside_its_clock),MATCHED
amd,classical/ols/taxi/rows=full,taxi,4000000x11,fit_or_operation,sklearn-cpu,scikit-learn,1.7.2,cpu,AMD EPYC 9575F 64-Core Processor,opponent,304.67854300513864,1,"{""finite"": true, ""r2"": 0.7248496192031624, ""rmse"": 8.159186723208599}",782.5,,ok,LIKE-FOR-LIKE-SPAN,MATCHED
amd,classical/ols/taxi/rows=full,taxi,,inference,ours,mojolearn,,gpu,,identical,1.5072480018716305,1,"{""predict_max_rel_err_own_fp64"": 8.387224810034562e-08, ""r2_eval"": 0.9088369826304911, ""rmse_eval"": 4.69646574065947}",,,ok,LIKE-FOR-LIKE-SPAN,MATCHED
amd,classical/ols/taxi/rows=full,taxi,,inference,torch-gpu,torch,,gpu,,opponent,0.1037800102494657,1,"{""bits_equal_vs_ours"": false, ""max_abs_diff_vs_ours"": 0.058048248291015625, ""predict_max_rel_err_own_fp64"": 9.855064699837384e-08, ""r2_eval"": 0.908836733472252, ""rmse_eval"": 4.696472158625702}",,,ok,SPAN-ASYMMETRIC(upload_outside_its_clock),MATCHED
amd,classical/ols/taxi/rows=full,taxi,,inference,torch-gpu-eigh,torch,,gpu,,opponent,0.09230998693965375,1,"{""bits_equal_vs_ours"": false, ""max_abs_diff_vs_ours"": 0.5332832336425781, ""predict_max_rel_err_own_fp64"": 7.819562693183413e-08, ""r2_eval"": 0.908827319622609, ""rmse_eval"": 4.6967146397429715}",,,ok,SPAN-ASYMMETRIC(upload_outside_its_clock),MATCHED
amd,classical/ols/taxi/rows=full,taxi,,inference,sklearn-cpu,scikit-learn,,cpu,,opponent,1.7784190131351352,1,"{""bits_equal_vs_ours"": false, ""max_abs_diff_vs_ours"": 197.96026611328125, ""predict_max_rel_err_own_fp64"": 1.385117200856408e-07, ""r2_eval"": 0.724849625302661, ""rmse_eval"": 8.159186632772691}",,,ok,LIKE-FOR-LIKE-SPAN,MATCHED
amd,classical/pca/istella/rows=full,istella,2043304x220,fit_or_operation,ours,mojolearn,0.8.25,gpu,AMD Instinct Mi325X VF,identical,287.6963610178791,1,"{""explained_variance_ratio_sum"": 1.0000000601750403}",4171.8,674.4,ok,LIKE-FOR-LIKE-SPAN,MATCHED
amd,classical/pca/istella/rows=full,istella,2043304x220,fit_or_operation,torch-gpu,torch,2.13.0+rocm7.1,gpu,AMD Instinct Mi325X VF,opponent,9.291065012803301,1,"{""explained_variance_ratio_sum"": 1.000000059988641}",4861.4,3506.7,ok,SPAN-ASYMMETRIC(upload_outside_its_clock),MATCHED
amd,classical/pca/istella/rows=full,istella,2043304x220,fit_or_operation,sklearn-cpu,scikit-learn,1.7.2,cpu,AMD EPYC 9575F 64-Core Processor,opponent,621.6950110101607,1,"{""explained_variance_ratio_sum"": 0.9999999501924924}",2342.9,,ok,LIKE-FOR-LIKE-SPAN,MATCHED
amd,classical/pca/istella/rows=full,istella,,inference,ours,mojolearn,,gpu,,identical,15.901125007076189,1,"{""transform_max_rel_err_own_fp64"": 3.75014958666863e-07}",,,ok,LIKE-FOR-LIKE-SPAN,MATCHED
amd,classical/pca/istella/rows=full,istella,,inference,torch-gpu,torch,,gpu,,opponent,0.6256889901123941,1,"{""bits_equal_vs_ours"": false, ""max_abs_diff_vs_ours"": 1678294.625, ""transform_max_rel_err_own_fp64"": 3.427495107815872e-07}",,,ok,SPAN-ASYMMETRIC(upload_outside_its_clock),MATCHED
amd,classical/pca/istella/rows=full,istella,,inference,sklearn-cpu,scikit-learn,,cpu,,opponent,24.683552997885272,1,"{""bits_equal_vs_ours"": false, ""max_abs_diff_vs_ours"": 64529.21875, ""transform_max_rel_err_own_fp64"": 3.8567748599866384e-07}",,,ok,LIKE-FOR-LIKE-SPAN,MATCHED
amd,classical/pca/taxi/rows=full,taxi,4000000x11,fit_or_operation,ours,mojolearn,0.8.25,gpu,AMD Instinct Mi325X VF,identical,20.2908479841426,1,"{""explained_variance_ratio_sum"": 0.999996394670572}",2233.1,674.3,ok,LIKE-FOR-LIKE-SPAN,MATCHED
amd,classical/pca/taxi/rows=full,taxi,4000000x11,fit_or_operation,torch-gpu,torch,2.13.0+rocm7.1,gpu,AMD Instinct Mi325X VF,opponent,1.1526579910423607,1,"{""explained_variance_ratio_sum"": 0.9999962339113068}",2908.1,412.0,ok,SPAN-ASYMMETRIC(upload_outside_its_clock),MATCHED
amd,classical/pca/taxi/rows=full,taxi,4000000x11,fit_or_operation,sklearn-cpu,scikit-learn,1.7.2,cpu,AMD EPYC 9575F 64-Core Processor,opponent,82.24478899501264,1,"{""explained_variance_ratio_sum"": 0.9999951377248743}",401.6,,ok,LIKE-FOR-LIKE-SPAN,MATCHED
amd,classical/pca/taxi/rows=full,taxi,,inference,ours,mojolearn,,gpu,,identical,7.477789011318237,1,"{""transform_max_rel_err_own_fp64"": 1.0851396779324888e-07}",,,ok,LIKE-FOR-LIKE-SPAN,MATCHED
amd,classical/pca/taxi/rows=full,taxi,,inference,torch-gpu,torch,,gpu,,opponent,0.26626899489201605,1,"{""bits_equal_vs_ours"": false, ""max_abs_diff_vs_ours"": 322.1781311035156, ""transform_max_rel_err_own_fp64"": 1.2453854183905528e-07}",,,ok,SPAN-ASYMMETRIC(upload_outside_its_clock),MATCHED
amd,classical/pca/taxi/rows=full,taxi,,inference,sklearn-cpu,scikit-learn,,cpu,,opponent,5.64144502277486,1,"{""bits_equal_vs_ours"": false, ""max_abs_diff_vs_ours"": 0.8977899551391602, ""transform_max_rel_err_own_fp64"": 1.2985637328028275e-07}",,,ok,LIKE-FOR-LIKE-SPAN,MATCHED
amd,classical/svc/istella/rows=full,istella,10000x220,fit_or_operation,ours,mojolearn,0.8.25,gpu,AMD Instinct Mi325X VF,identical,65.57983998209238,1,"{""accuracy"": 0.9222, ""n_support"": 2400}",2069.9,3246.7,ok,LIKE-FOR-LIKE-SPAN,MATCHED
amd,classical/svc/istella/rows=full,istella,10000x220,fit_or_operation,sklearn-cpu,scikit-learn,1.7.2,cpu,AMD EPYC 9575F 64-Core Processor,opponent,854.5012889953796,1,"{""accuracy"": 0.9222, ""n_support"": 2400}",335.4,,ok,LIKE-FOR-LIKE-SPAN,MATCHED
amd,classical/svc/istella/rows=full,istella,,inference,ours,mojolearn,,gpu,,identical,7.33436198788695,1,"{""accuracy_eval"": 0.9222}",,,ok,LIKE-FOR-LIKE-SPAN,MATCHED
amd,classical/svc/istella/rows=full,istella,,inference,sklearn-cpu,scikit-learn,,cpu,,opponent,1940.9107629908249,1,"{""accuracy_eval"": 0.9222, ""agreement_vs_ours"": 1.0, ""bits_equal_vs_ours"": true}",,,ok,LIKE-FOR-LIKE-SPAN,MATCHED
amd,classical/svc/taxi/rows=full,taxi,10000x11,fit_or_operation,ours,mojolearn,0.8.25,gpu,AMD Instinct Mi325X VF,identical,1454.6893769875169,1,"{""accuracy"": 0.7675, ""n_support"": 5527}",2030.5,3246.8,ok,LIKE-FOR-LIKE-SPAN,MATCHED
amd,classical/svc/taxi/rows=full,taxi,10000x11,fit_or_operation,sklearn-cpu,scikit-learn,1.7.2,cpu,AMD EPYC 9575F 64-Core Processor,opponent,1727.5028000003658,1,"{""accuracy"": 0.7675, ""n_support"": 5675}",455.3,,ok,LIKE-FOR-LIKE-SPAN,MATCHED
amd,classical/svc/taxi/rows=full,taxi,,inference,ours,mojolearn,,gpu,,identical,3.996475978055969,1,"{""accuracy_eval"": 0.7675}",,,ok,LIKE-FOR-LIKE-SPAN,MATCHED
amd,classical/svc/taxi/rows=full,taxi,,inference,sklearn-cpu,scikit-learn,,cpu,,opponent,1005.8827259927057,1,"{""accuracy_eval"": 0.7675, ""agreement_vs_ours"": 1.0, ""bits_equal_vs_ours"": true}",,,ok,LIKE-FOR-LIKE-SPAN,MATCHED
amd,classical2/agglomerative/istella/rows=full,istella,X 10000x220,fit_or_operation,ours,mojolearn,0.8.25,gpu,AMD Instinct Mi325X VF,identical,112.2916640015319,1,"{""n_clusters"": 8, ""silhouette"": 0.7167277533704434}",2961.0,676.5,ok,LIKE-FOR-LIKE-SPAN,MATCHED
amd,classical2/agglomerative/istella/rows=full,istella,X 10000x220,fit_or_operation,sklearn-cpu,scikit-learn,1.7.2,cpu,AMD EPYC 9575F 64-Core Processor,opponent,3592.6072120200843,1,"{""ari_vs_ours"": 1.0, ""n_clusters"": 8, ""silhouette"": 0.7167277533704434}",1146.4,,ok,LIKE-FOR-LIKE-SPAN,MATCHED
amd,classical2/agglomerative/taxi/rows=full,taxi,X 10000x11,fit_or_operation,ours,mojolearn,0.8.25,gpu,AMD Instinct Mi325X VF,identical,15.386405983008444,1,"{""n_clusters"": 8, ""silhouette"": 0.6855242274703756}",2076.1,676.5,ok,LIKE-FOR-LIKE-SPAN,MATCHED
amd,classical2/agglomerative/taxi/rows=full,taxi,X 10000x11,fit_or_operation,sklearn-cpu,scikit-learn,1.7.2,cpu,AMD EPYC 9575F 64-Core Processor,opponent,241.19874500320293,1,"{""ari_vs_ours"": 1.0, ""n_clusters"": 8, ""silhouette"": 0.6855242274703756}",245.3,,ok,LIKE-FOR-LIKE-SPAN,MATCHED
amd,classical2/arima/synthetic/rows=full,synthetic,Yfit 64x2000; Yhold 64x100,fit_or_operation,ours,mojolearn,0.8.25,gpu,AMD Instinct Mi325X VF,identical,1334.5774320187047,1,"{""forecast_rmse"": 1.5155179577999125, ""insample_rmse"": 0.9993424389359997, ""mean_aic"": 5680.97696685791, ""mean_llf"": -2836.488483428955}",2025.2,1608.5,ok,LIKE-FOR-LIKE-SPAN,MATCHED
amd,classical2/arima/synthetic/rows=full,synthetic,Yfit 64x2000; Yhold 64x100,fit_or_operation,statsmodels-cpu,statsmodels,0.15.0,cpu,AMD EPYC 9575F 64-Core Processor,opponent,184.23230800544843,1,"{""forecast_rmse"": 1.5154226008276719, ""insample_rmse"": 0.9993380913769122, ""mean_aic"": 5680.9571601604075, ""mean_llf"": -2836.4785800802038}",194.2,,ok,LIKE-FOR-LIKE-SPAN,MATCHED
amd,classical2/elasticnet/istella/rows=full,istella,X 1000000x220; Xq 100000x220; y 1000000; yq 100000,fit_or_operation,ours,mojolearn,0.8.25,gpu,AMD Instinct Mi325X VF,identical,1769.8431409953628,1,"{""finite"": true, ""r2"": 0.2609218273934246, ""rmse"": 0.7181342099877039}",3791.1,674.4,ok,LIKE-FOR-LIKE-SPAN,MATCHED
amd,classical2/elasticnet/istella/rows=full,istella,X 1000000x220; Xq 100000x220; y 1000000; yq 100000,fit_or_operation,sklearn-cpu,scikit-learn,1.7.2,cpu,AMD EPYC 9575F 64-Core Processor,opponent,2177.884378004819,1,"{""finite"": true, ""r2"": 0.26092187071453177, ""rmse"": 0.7181341889409658}",2803.2,,ok,LIKE-FOR-LIKE-SPAN,MATCHED
amd,classical2/elasticnet/taxi/rows=full,taxi,X 1000000x11; Xq 100000x11; y 1000000; yq 100000,fit_or_operation,ours,mojolearn,0.8.25,gpu,AMD Instinct Mi325X VF,identical,58.64082800690085,1,"{""finite"": true, ""r2"": 0.9073783178712727, ""rmse"": 4.847224369951755}",2116.7,674.4,ok,LIKE-FOR-LIKE-SPAN,MATCHED
amd,classical2/elasticnet/taxi/rows=full,taxi,X 1000000x11; Xq 100000x11; y 1000000; yq 100000,fit_or_operation,sklearn-cpu,scikit-learn,1.7.2,cpu,AMD EPYC 9575F 64-Core Processor,opponent,113.06649900507182,1,"{""finite"": true, ""r2"": 0.9073783394179786, ""rmse"": 4.847223806143576}",332.3,,ok,LIKE-FOR-LIKE-SPAN,MATCHED
amd,classical2/ets/synthetic/rows=full,synthetic,Yfit 64x1440; Yhold 64x48,fit_or_operation,ours,mojolearn,0.8.25,gpu,AMD Instinct Mi325X VF,identical,337.83681099885143,1,"{""forecast_rmse"": 0.9843924315379182, ""insample_rmse"": 0.9909714021119975}",2027.8,678.4,ok,LIKE-FOR-LIKE-SPAN,MATCHED
amd,classical2/ets/synthetic/rows=full,synthetic,Yfit 64x1440; Yhold 64x48,fit_or_operation,statsmodels-cpu,statsmodels,0.15.0,cpu,AMD EPYC 9575F 64-Core Processor,opponent,631.4527330105193,1,"{""forecast_rmse"": 0.9846639528664181, ""insample_rmse"": 0.9920560696283929}",193.1,,ok,LIKE-FOR-LIKE-SPAN,MATCHED
amd,classical2/gmm/istella/rows=full,istella,X 100000x200; Xq 20000x200; _dropped_constant_columns 20,fit_or_operation,ours,mojolearn,0.8.25,gpu,AMD Instinct Mi325X VF,identical,1691.3529679877684,1,"{""bic"": -38513909.71781584, ""mean_log_likelihood"": 200.79440303563416, ""n_iter"": 24}",3133.2,3249.0,ok,LIKE-FOR-LIKE-SPAN,MATCHED
amd,classical2/gmm/istella/rows=full,istella,X 100000x200; Xq 20000x200; _dropped_constant_columns 20,fit_or_operation,sklearn-cpu,scikit-learn,1.7.2,cpu,AMD EPYC 9575F 64-Core Processor,opponent,19489.52387997997,1,"{""bic"": -39007534.64461798, ""mean_log_likelihood"": 200.76833103208403, ""n_iter"": 39}",1544.3,,ok,LIKE-FOR-LIKE-SPAN,MATCHED
amd,classical2/gmm/taxi/rows=full,taxi,X 100000x11; Xq 20000x11,fit_or_operation,ours,mojolearn,0.8.25,gpu,AMD Instinct Mi325X VF,identical,302.63034597737715,1,"{""bic"": -3670014.8300711648, ""mean_log_likelihood"": 12.861940113438076, ""n_iter"": 32}",2097.3,678.8,ok,LIKE-FOR-LIKE-SPAN,MATCHED
amd,classical2/gmm/taxi/rows=full,taxi,X 100000x11; Xq 20000x11,fit_or_operation,sklearn-cpu,scikit-learn,1.7.2,cpu,AMD EPYC 9575F 64-Core Processor,opponent,,0,null,,,"REFUSED(scikit-learn 1.7.2 / OpenBLAS collapses a component at reg_covar 1e-6 on this box; it fits on the Macs; the library said: error: {""error"": ""ValueError('Fitting the mixture model failed because some components have ill-defined empirical covariance (for instance caused by singleton or collapsed samples). Try to decrease the numbe)",LIKE-FOR-LIKE-SPAN,MATCHED
amd,classical2/gpc/istella/rows=full,istella,X 3000x220; Xq 3000x220; y 3000; yq 3000,fit_or_operation,ours,mojolearn,0.8.25,gpu,AMD Instinct Mi325X VF,identical,8587.603769992711,1,"{""accuracy"": 0.9013333333333333, ""logloss"": 0.2325895501363198, ""nonfinite_proba_rows"": 0}",3124.8,3244.6,ok,LIKE-FOR-LIKE-SPAN,MATCHED
amd,classical2/gpc/istella/rows=full,istella,X 3000x220; Xq 3000x220; y 3000; yq 3000,fit_or_operation,sklearn-cpu,scikit-learn,1.7.2,cpu,AMD EPYC 9575F 64-Core Processor,opponent,2549.6584130160045,1,"{""accuracy"": 0.9013333333333333, ""logloss"": 0.23259660853844458, ""nonfinite_proba_rows"": 0}",1643.0,,ok,LIKE-FOR-LIKE-SPAN,MATCHED
amd,classical2/gpc/taxi/rows=full,taxi,X 3000x11; Xq 3000x11; y 3000; yq 3000,fit_or_operation,ours,mojolearn,0.8.25,gpu,AMD Instinct Mi325X VF,identical,6442.024165997282,1,"{""accuracy"": 0.761, ""logloss"": 0.5412864834223782, ""nonfinite_proba_rows"": 0}",2239.4,3244.6,ok,LIKE-FOR-LIKE-SPAN,MATCHED
amd,classical2/gpc/taxi/rows=full,taxi,X 3000x11; Xq 3000x11; y 3000; yq 3000,fit_or_operation,sklearn-cpu,scikit-learn,1.7.2,cpu,AMD EPYC 9575F 64-Core Processor,opponent,1653.6397659801878,1,"{""accuracy"": 0.761, ""logloss"": 0.541358083885699, ""nonfinite_proba_rows"": 0}",755.5,,ok,LIKE-FOR-LIKE-SPAN,MATCHED
amd,classical2/gpr/istella/rows=full,istella,X 3000x220; Xq 3000x220; y 3000; yq 3000,fit_or_operation,ours,mojolearn,0.8.25,gpu,AMD Instinct Mi325X VF,identical,1138.006235996727,1,"{""finite"": true, ""mean_log_predictive_density"": -9.285753999098805, ""r2"": 0.2353459478280211, ""rmse"": 0.7604393550345704}",3348.7,3424.0,ok,LIKE-FOR-LIKE-SPAN,MATCHED
amd,classical2/gpr/istella/rows=full,istella,X 3000x220; Xq 3000x220; y 3000; yq 3000,fit_or_operation,sklearn-cpu,scikit-learn,1.7.2,cpu,AMD EPYC 9575F 64-Core Processor,opponent,443.7203420093283,1,"{""finite"": true, ""mean_log_predictive_density"": -9.287148097534631, ""r2"": 0.23536821748206893, ""rmse"": 0.7604282815009797}",1430.9,,ok,LIKE-FOR-LIKE-SPAN,MATCHED
amd,classical2/gpr/taxi/rows=full,taxi,X 3000x11; Xq 3000x11; y 3000; yq 3000,fit_or_operation,ours,mojolearn,0.8.25,gpu,AMD Instinct Mi325X VF,identical,1175.016905006487,1,"{""finite"": true, ""mean_log_predictive_density"": -311.4583940839855, ""r2"": 0.8896300104938847, ""rmse"": 5.041638653237045}",2467.3,3424.0,ok,LIKE-FOR-LIKE-SPAN,MATCHED
amd,classical2/gpr/taxi/rows=full,taxi,X 3000x11; Xq 3000x11; y 3000; yq 3000,fit_or_operation,sklearn-cpu,scikit-learn,1.7.2,cpu,AMD EPYC 9575F 64-Core Processor,opponent,162.770602008095,1,"{""finite"": true, ""mean_log_predictive_density"": -311.5395940605876, ""r2"": 0.8896293891496345, ""rmse"": 5.041652844543912}",540.4,,ok,LIKE-FOR-LIKE-SPAN,MATCHED
amd,classical2/ivf/istella/rows=full,istella,index 400000x220; queries 4000x220,fit_or_operation,ours,mojolearn,0.8.25,gpu,AMD Instinct Mi325X VF,identical,264830.8374210028,1,{},4008.0,678.6,ok,LIKE-FOR-LIKE-SPAN,MATCHED
amd,classical2/ivf/istella/rows=full,istella,index 400000x220; queries 4000x220,fit_or_operation,faiss-cpu,faiss,1.15.1,cpu,AMD EPYC 9575F 64-Core Processor,opponent,3704.2459479998797,1,{},1286.6,,ok,LIKE-FOR-LIKE-SPAN,MATCHED
amd,classical2/ivf/taxi/rows=full,taxi,index 400000x11; queries 4000x11,fit_or_operation,ours,mojolearn,0.8.25,gpu,AMD Instinct Mi325X VF,identical,20382.160328997998,1,{},2141.7,678.6,ok,LIKE-FOR-LIKE-SPAN,MATCHED
amd,classical2/ivf/taxi/rows=full,taxi,index 400000x11; queries 4000x11,fit_or_operation,faiss-cpu,faiss,1.15.1,cpu,AMD EPYC 9575F 64-Core Processor,opponent,142.95150100952014,1,{},139.0,,ok,LIKE-FOR-LIKE-SPAN,MATCHED
amd,classical2/kernel-ridge/istella/rows=full,istella,X 10000x220; Xq 10000x220; y 10000; yq 10000,fit_or_operation,ours,mojolearn,0.8.25,gpu,AMD Instinct Mi325X VF,identical,11795.206227980088,1,"{""finite"": true, ""r2"": 0.38542720764705185, ""rmse"": 0.6464072874785307}",2986.2,3244.5,ok,LIKE-FOR-LIKE-SPAN,MATCHED
amd,classical2/kernel-ridge/istella/rows=full,istella,X 10000x220; Xq 10000x220; y 10000; yq 10000,fit_or_operation,sklearn-cpu,scikit-learn,1.7.2,cpu,AMD EPYC 9575F 64-Core Processor,opponent,843.6610380013008,1,"{""finite"": true, ""r2"": 0.3854271985730312, ""rmse"": 0.6464072922505555}",2336.5,,ok,LIKE-FOR-LIKE-SPAN,MATCHED
amd,classical2/kernel-ridge/taxi/rows=full,taxi,X 10000x11; Xq 10000x11; y 10000; yq 10000,fit_or_operation,ours,mojolearn,0.8.25,gpu,AMD Instinct Mi325X VF,identical,12069.792932015844,1,"{""finite"": true, ""r2"": 0.7265428586333913, ""rmse"": 8.330373429807043}",2076.9,3246.5,ok,LIKE-FOR-LIKE-SPAN,MATCHED
amd,classical2/kernel-ridge/taxi/rows=full,taxi,X 10000x11; Xq 10000x11; y 10000; yq 10000,fit_or_operation,sklearn-cpu,scikit-learn,1.7.2,cpu,AMD EPYC 9575F 64-Core Processor,opponent,825.3111150115728,1,"{""finite"": true, ""r2"": 0.7265428252197375, ""rmse"": 8.330373938750062}",1449.1,,ok,LIKE-FOR-LIKE-SPAN,MATCHED
amd,classical2/knn-clf/istella/rows=full,istella,X 200000x220; Xq 4000x220; y 200000; yq 4000,fit_or_operation,ours,mojolearn,0.8.25,gpu,AMD Instinct Mi325X VF,identical,44.61067300871946,1,"{""accuracy"": 0.92625}",3126.5,856.4,ok,LIKE-FOR-LIKE-SPAN,MATCHED
amd,classical2/knn-clf/istella/rows=full,istella,X 200000x220; Xq 4000x220; y 200000; yq 4000,fit_or_operation,sklearn-cpu,scikit-learn,1.7.2,cpu,AMD EPYC 9575F 64-Core Processor,opponent,281.4656929986086,1,"{""accuracy"": 0.92625}",1335.5,,ok,LIKE-FOR-LIKE-SPAN,MATCHED
amd,classical2/knn-clf/taxi/rows=full,taxi,X 200000x11; Xq 4000x11; y 200000; yq 4000,fit_or_operation,ours,mojolearn,0.8.25,gpu,AMD Instinct Mi325X VF,identical,25.950862996978685,1,"{""accuracy"": 0.74175}",2089.3,676.4,ok,LIKE-FOR-LIKE-SPAN,MATCHED
amd,classical2/knn-clf/taxi/rows=full,taxi,X 200000x11; Xq 4000x11; y 200000; yq 4000,fit_or_operation,sklearn-cpu,scikit-learn,1.7.2,cpu,AMD EPYC 9575F 64-Core Processor,opponent,102.6585130020976,1,"{""accuracy"": 0.74175}",267.3,,ok,LIKE-FOR-LIKE-SPAN,MATCHED
amd,classical2/knn-reg/istella/rows=full,istella,X 200000x220; Xq 4000x220; y 200000; yq 4000,fit_or_operation,ours,mojolearn,0.8.25,gpu,AMD Instinct Mi325X VF,identical,34.05956699862145,1,"{""finite"": true, ""r2"": 0.418144977111617, ""rmse"": 0.6253878797285024}",3123.8,856.4,ok,LIKE-FOR-LIKE-SPAN,MATCHED
amd,classical2/knn-reg/istella/rows=full,istella,X 200000x220; Xq 4000x220; y 200000; yq 4000,fit_or_operation,sklearn-cpu,scikit-learn,1.7.2,cpu,AMD EPYC 9575F 64-Core Processor,opponent,284.2421889945399,1,"{""finite"": true, ""r2"": 0.418144977111617, ""rmse"": 0.6253878797285024}",1333.6,,ok,LIKE-FOR-LIKE-SPAN,MATCHED
amd,classical2/knn-reg/taxi/rows=full,taxi,X 200000x11; Xq 4000x11; y 200000; yq 4000,fit_or_operation,ours,mojolearn,0.8.25,gpu,AMD Instinct Mi325X VF,identical,13.818597013596445,1,"{""finite"": true, ""r2"": 0.9373226921180847, ""rmse"": 3.8420276428204088}",2084.1,676.3,ok,LIKE-FOR-LIKE-SPAN,MATCHED
amd,classical2/knn-reg/taxi/rows=full,taxi,X 200000x11; Xq 4000x11; y 200000; yq 4000,fit_or_operation,sklearn-cpu,scikit-learn,1.7.2,cpu,AMD EPYC 9575F 64-Core Processor,opponent,95.17206798773259,1,"{""finite"": true, ""r2"": 0.9373226939479553, ""rmse"": 3.842027586736208}",265.5,,ok,LIKE-FOR-LIKE-SPAN,MATCHED
amd,classical2/lasso/istella/rows=full,istella,X 1000000x220; Xq 100000x220; y 1000000; yq 100000,fit_or_operation,ours,mojolearn,0.8.25,gpu,AMD Instinct Mi325X VF,identical,4636.739945010049,1,"{""finite"": true, ""r2"": 0.3108369952151201, ""rmse"": 0.6934599846066856}",3791.1,674.4,ok,LIKE-FOR-LIKE-SPAN,MATCHED
amd,classical2/lasso/istella/rows=full,istella,X 1000000x220; Xq 100000x220; y 1000000; yq 100000,fit_or_operation,sklearn-cpu,scikit-learn,1.7.2,cpu,AMD EPYC 9575F 64-Core Processor,opponent,7074.964027997339,1,"{""finite"": true, ""r2"": 0.31083699626092665, ""rmse"": 0.693459984080522}",2803.7,,ok,LIKE-FOR-LIKE-SPAN,MATCHED
amd,classical2/lasso/taxi/rows=full,taxi,X 1000000x11; Xq 100000x11; y 1000000; yq 100000,fit_or_operation,ours,mojolearn,0.8.25,gpu,AMD Instinct Mi325X VF,identical,55.54173400742002,1,"{""finite"": true, ""r2"": 0.9089946304523631, ""rmse"": 4.804744515306408}",2116.4,674.4,ok,LIKE-FOR-LIKE-SPAN,MATCHED
amd,classical2/lasso/taxi/rows=full,taxi,X 1000000x11; Xq 100000x11; y 1000000; yq 100000,fit_or_operation,sklearn-cpu,scikit-learn,1.7.2,cpu,AMD EPYC 9575F 64-Core Processor,opponent,123.81652899784967,1,"{""finite"": true, ""r2"": 0.9089946005117506, ""rmse"": 4.804745305682747}",332.5,,ok,LIKE-FOR-LIKE-SPAN,MATCHED
amd,classical2/linearsvc/istella/rows=full,istella,X 1000000x220; Xq 100000x220; y 1000000; yq 100000,fit_or_operation,ours,mojolearn,0.8.25,gpu,AMD Instinct Mi325X VF,identical,1977.2940620023292,1,"{""accuracy"": 0.92348}",3019.3,674.4,ok,LIKE-FOR-LIKE-SPAN,MATCHED
amd,classical2/linearsvc/istella/rows=full,istella,X 1000000x220; Xq 100000x220; y 1000000; yq 100000,fit_or_operation,sklearn-cpu,scikit-learn,1.7.2,cpu,AMD EPYC 9575F 64-Core Processor,opponent,802255.837839999,1,"{""accuracy"": 0.92354}",6004.6,,ok,LIKE-FOR-LIKE-SPAN,MATCHED
amd,classical2/linearsvc/taxi/rows=full,taxi,X 1000000x11; Xq 100000x11; y 1000000; yq 100000,fit_or_operation,ours,mojolearn,0.8.25,gpu,AMD Instinct Mi325X VF,identical,119.31820001336746,1,"{""accuracy"": 0.76333}",2142.3,674.4,ok,LIKE-FOR-LIKE-SPAN,MATCHED
amd,classical2/linearsvc/taxi/rows=full,taxi,X 1000000x11; Xq 100000x11; y 1000000; yq 100000,fit_or_operation,sklearn-cpu,scikit-learn,1.7.2,cpu,AMD EPYC 9575F 64-Core Processor,opponent,890.6987190130167,1,"{""accuracy"": 0.76357}",634.0,,ok,LIKE-FOR-LIKE-SPAN,MATCHED
amd,classical2/linearsvr/istella/rows=full,istella,X 1000000x220; Xq 100000x220; y 1000000; yq 100000,fit_or_operation,ours,mojolearn,0.8.25,gpu,AMD Instinct Mi325X VF,identical,2789.792412018869,1,"{""finite"": true, ""r2"": -0.10675401361712411, ""rmse"": 0.8787917688693571}",2952.2,674.4,ok,LIKE-FOR-LIKE-SPAN,MATCHED
amd,classical2/linearsvr/istella/rows=full,istella,X 1000000x220; Xq 100000x220; y 1000000; yq 100000,fit_or_operation,sklearn-cpu,scikit-learn,1.7.2,cpu,AMD EPYC 9575F 64-Core Processor,opponent,792181.6078039992,1,"{""finite"": true, ""r2"": -0.025728614423192075, ""rmse"": 0.8460122727355568}",6008.3,,ok,LIKE-FOR-LIKE-SPAN,MATCHED
amd,classical2/linearsvr/taxi/rows=full,taxi,X 1000000x11; Xq 100000x11; y 1000000; yq 100000,fit_or_operation,ours,mojolearn,0.8.25,gpu,AMD Instinct Mi325X VF,identical,306.01588598801754,1,"{""finite"": true, ""r2"": 0.8998128753434574, ""rmse"": 5.041302377804632}",2075.0,674.4,ok,LIKE-FOR-LIKE-SPAN,MATCHED
amd,classical2/linearsvr/taxi/rows=full,taxi,X 1000000x11; Xq 100000x11; y 1000000; yq 100000,fit_or_operation,sklearn-cpu,scikit-learn,1.7.2,cpu,AMD EPYC 9575F 64-Core Processor,opponent,106987.63451501145,1,"{""finite"": true, ""r2"": 0.8998029364141076, ""rmse"": 5.04155242942426}",637.4,,ok,LIKE-FOR-LIKE-SPAN,MATCHED
amd,classical2/logreg/istella/rows=full,istella,X 1000000x220; Xq 100000x220; y 1000000; yq 100000,fit_or_operation,ours,mojolearn,0.8.25,gpu,AMD Instinct Mi325X VF,identical,11491.65464399266,1,"{""accuracy"": 0.92454, ""logloss"": 0.18124485844866667, ""nonfinite_proba_rows"": 0}",2958.9,674.4,ok,LIKE-FOR-LIKE-SPAN,MATCHED
amd,classical2/logreg/istella/rows=full,istella,X 1000000x220; Xq 100000x220; y 1000000; yq 100000,fit_or_operation,sklearn-cpu,scikit-learn,1.7.2,cpu,AMD EPYC 9575F 64-Core Processor,opponent,20612.32032199041,1,"{""accuracy"": 0.92459, ""logloss"": 0.18126418380166048, ""nonfinite_proba_rows"": 0}",2833.9,,ok,LIKE-FOR-LIKE-SPAN,MATCHED
amd,classical2/logreg/taxi/rows=full,taxi,X 1000000x11; Xq 100000x11; y 1000000; yq 100000,fit_or_operation,ours,mojolearn,0.8.25,gpu,AMD Instinct Mi325X VF,identical,414.2910319787916,1,"{""accuracy"": 0.76334, ""logloss"": 0.538984424007247, ""nonfinite_proba_rows"": 0}",2082.1,674.4,ok,LIKE-FOR-LIKE-SPAN,MATCHED
amd,classical2/logreg/taxi/rows=full,taxi,X 1000000x11; Xq 100000x11; y 1000000; yq 100000,fit_or_operation,sklearn-cpu,scikit-learn,1.7.2,cpu,AMD EPYC 9575F 64-Core Processor,opponent,233.9258829888422,1,"{""accuracy"": 0.76332, ""logloss"": 0.5389801914400121, ""nonfinite_proba_rows"": 0}",367.1,,ok,LIKE-FOR-LIKE-SPAN,MATCHED
amd,classical2/nystroem/istella/rows=full,istella,X 100000x220; Xcheck 1000x220,fit_or_operation,ours,mojolearn,0.8.25,gpu,AMD Instinct Mi325X VF,identical,,0,{},,,"REFUSED(error: {""error"": ""Exception('km_basis_indices: n_samples 100000 exceeds KM_MAX_BASIS_POOL = 4096. The rank pass counts a total order over every pair of rows, which is n_samples^2 host comparisons. To close t)",LIKE-FOR-LIKE-SPAN,MATCHED
amd,classical2/nystroem/istella/rows=full,istella,X 100000x220; Xcheck 1000x220,fit_or_operation,sklearn-cpu,scikit-learn,1.7.2,cpu,AMD EPYC 9575F 64-Core Processor,opponent,574.0182930021547,1,"{""kernel_rel_error"": 0.038958015224775024}",1792.2,,ok,LIKE-FOR-LIKE-SPAN,MATCHED
amd,classical2/nystroem/taxi/rows=full,taxi,X 100000x11; Xcheck 1000x11,fit_or_operation,ours,mojolearn,0.8.25,gpu,AMD Instinct Mi325X VF,identical,,0,{},,,"REFUSED(error: {""error"": ""Exception('km_basis_indices: n_samples 100000 exceeds KM_MAX_BASIS_POOL = 4096. The rank pass counts a total order over every pair of rows, which is n_samples^2 host comparisons. To close t)",LIKE-FOR-LIKE-SPAN,MATCHED
amd,classical2/nystroem/taxi/rows=full,taxi,X 100000x11; Xcheck 1000x11,fit_or_operation,sklearn-cpu,scikit-learn,1.7.2,cpu,AMD EPYC 9575F 64-Core Processor,opponent,376.5111739921849,1,"{""kernel_rel_error"": 0.044368624899452376}",794.2,,ok,LIKE-FOR-LIKE-SPAN,MATCHED
amd,classical2/rbf-sampler/istella/rows=full,istella,X 100000x220; Xcheck 1000x220,fit_or_operation,ours,mojolearn,0.8.25,gpu,AMD Instinct Mi325X VF,identical,69.85489200451411,1,"{""kernel_rel_error"": 0.14197976520989541}",3337.3,3248.4,ok,LIKE-FOR-LIKE-SPAN,MATCHED
amd,classical2/rbf-sampler/istella/rows=full,istella,X 100000x220; Xcheck 1000x220,fit_or_operation,sklearn-cpu,scikit-learn,1.7.2,cpu,AMD EPYC 9575F 64-Core Processor,opponent,25.52984800422564,1,"{""kernel_rel_error"": 0.13740523636724947}",1490.2,,ok,LIKE-FOR-LIKE-SPAN,MATCHED
amd,classical2/rbf-sampler/taxi/rows=full,taxi,X 100000x11; Xcheck 1000x11,fit_or_operation,ours,mojolearn,0.8.25,gpu,AMD Instinct Mi325X VF,identical,36.4186959923245,1,"{""kernel_rel_error"": 0.10854922362456004}",2278.6,3246.3,ok,LIKE-FOR-LIKE-SPAN,MATCHED
amd,classical2/rbf-sampler/taxi/rows=full,taxi,X 100000x11; Xcheck 1000x11,fit_or_operation,sklearn-cpu,scikit-learn,1.7.2,cpu,AMD EPYC 9575F 64-Core Processor,opponent,16.434727993328124,1,"{""kernel_rel_error"": 0.08377530461949173}",449.0,,ok,LIKE-FOR-LIKE-SPAN,MATCHED
amd,classical2/ridge/istella/rows=full,istella,X 1000000x220; Xq 100000x220; y 1000000; yq 100000,fit_or_operation,ours,mojolearn,0.8.25,gpu,AMD Instinct Mi325X VF,identical,1157.5269900204148,1,"{""finite"": true, ""r2"": 0.32868160848025274, ""rmse"": 0.6844231651362007}",3794.1,674.5,ok,LIKE-FOR-LIKE-SPAN,MATCHED
amd,classical2/ridge/istella/rows=full,istella,X 1000000x220; Xq 100000x220; y 1000000; yq 100000,fit_or_operation,sklearn-cpu,scikit-learn,1.7.2,cpu,AMD EPYC 9575F 64-Core Processor,opponent,4288.78126401105,1,"{""finite"": true, ""r2"": 0.328675538325488, ""rmse"": 0.684426259454186}",8688.9,,ok,LIKE-FOR-LIKE-SPAN,MATCHED
amd,classical2/ridge/taxi/rows=full,taxi,X 1000000x11; Xq 100000x11; y 1000000; yq 100000,fit_or_operation,ours,mojolearn,0.8.25,gpu,AMD Instinct Mi325X VF,identical,54.780685022706166,1,"{""finite"": true, ""r2"": 0.9089833754793688, ""rmse"": 4.8050416164453384}",2120.2,674.5,ok,LIKE-FOR-LIKE-SPAN,MATCHED
amd,classical2/ridge/taxi/rows=full,taxi,X 1000000x11; Xq 100000x11; y 1000000; yq 100000,fit_or_operation,sklearn-cpu,scikit-learn,1.7.2,cpu,AMD EPYC 9575F 64-Core Processor,opponent,33.192848990438506,1,"{""finite"": true, ""r2"": 0.9089828255546725, ""rmse"": 4.805056132513554}",291.3,,ok,LIKE-FOR-LIKE-SPAN,MATCHED
amd,classical2/spectral-embedding/istella/rows=full,istella,X 20000x220,fit_or_operation,ours,mojolearn,0.8.25,gpu,AMD Instinct Mi325X VF,identical,159.85295697464608,1,"{""trustworthiness_k15"": 0.7993855849226611}",2076.5,858.7,ok,LIKE-FOR-LIKE-SPAN,MATCHED
amd,classical2/spectral-embedding/istella/rows=full,istella,X 20000x220,fit_or_operation,sklearn-cpu,scikit-learn,1.7.2,cpu,AMD EPYC 9575F 64-Core Processor,opponent,8794.348733994411,1,"{""trustworthiness_k15"": 0.8126823643857102}",460.1,,ok,LIKE-FOR-LIKE-SPAN,MATCHED
amd,classical2/spectral-embedding/taxi/rows=full,taxi,X 20000x11,fit_or_operation,ours,mojolearn,0.8.25,gpu,AMD Instinct Mi325X VF,identical,90.6057269894518,1,"{""trustworthiness_k15"": 0.8848890569154528}",2043.0,678.6,ok,LIKE-FOR-LIKE-SPAN,MATCHED
amd,classical2/spectral-embedding/taxi/rows=full,taxi,X 20000x11,fit_or_operation,sklearn-cpu,scikit-learn,1.7.2,cpu,AMD EPYC 9575F 64-Core Processor,opponent,2875.9464100003242,1,"{""trustworthiness_k15"": 0.8980115304266574}",255.2,,ok,LIKE-FOR-LIKE-SPAN,MATCHED
amd,classical2/spectral/istella/rows=full,istella,X 10000x220,fit_or_operation,ours,mojolearn,0.8.25,gpu,AMD Instinct Mi325X VF,identical,115.11380999581888,1,"{""n_clusters"": 8, ""silhouette"": 0.1476683124794411}",2982.3,858.9,ok,LIKE-FOR-LIKE-SPAN,MATCHED
amd,classical2/spectral/istella/rows=full,istella,X 10000x220,fit_or_operation,sklearn-cpu,scikit-learn,1.7.2,cpu,AMD EPYC 9575F 64-Core Processor,opponent,1577.760059008142,1,"{""ari_vs_ours"": 0.9998260205714563, ""n_clusters"": 8, ""silhouette"": 0.14769865096907214}",1229.8,,ok,LIKE-FOR-LIKE-SPAN,MATCHED
amd,classical2/spectral/taxi/rows=full,taxi,X 10000x11,fit_or_operation,ours,mojolearn,0.8.25,gpu,AMD Instinct Mi325X VF,identical,129.4099609949626,1,"{""n_clusters"": 8, ""silhouette"": 0.039910441568033445}",2087.0,678.8,ok,LIKE-FOR-LIKE-SPAN,MATCHED
amd,classical2/spectral/taxi/rows=full,taxi,X 10000x11,fit_or_operation,sklearn-cpu,scikit-learn,1.7.2,cpu,AMD EPYC 9575F 64-Core Processor,opponent,932.6785509765614,1,"{""ari_vs_ours"": 0.5823133077234751, ""n_clusters"": 8, ""silhouette"": 0.08989405357276725}",283.3,,ok,LIKE-FOR-LIKE-SPAN,MATCHED
amd,classical2/svr/istella/rows=full,istella,X 10000x220; Xq 10000x220; y 10000; yq 10000,fit_or_operation,ours,mojolearn,0.8.25,gpu,AMD Instinct Mi325X VF,identical,128.9290119893849,1,"{""finite"": true, ""r2"": 0.31825814626514914, ""rmse"": 0.6808156927626244}",3001.5,3246.7,ok,LIKE-FOR-LIKE-SPAN,MATCHED
amd,classical2/svr/istella/rows=full,istella,X 10000x220; Xq 10000x220; y 10000; yq 10000,fit_or_operation,sklearn-cpu,scikit-learn,1.7.2,cpu,AMD EPYC 9575F 64-Core Processor,opponent,1073.0483320076019,1,"{""finite"": true, ""r2"": 0.31824769835543143, ""rmse"": 0.6808209096006409}",1289.4,,ok,LIKE-FOR-LIKE-SPAN,MATCHED
amd,classical2/svr/taxi/rows=full,taxi,X 10000x11; Xq 10000x11; y 10000; yq 10000,fit_or_operation,ours,mojolearn,0.8.25,gpu,AMD Instinct Mi325X VF,identical,113.44397498760372,1,"{""finite"": true, ""r2"": 0.7675511055719965, ""rmse"": 7.680395383275379}",2079.5,3246.7,ok,LIKE-FOR-LIKE-SPAN,MATCHED
amd,classical2/svr/taxi/rows=full,taxi,X 10000x11; Xq 10000x11; y 10000; yq 10000,fit_or_operation,sklearn-cpu,scikit-learn,1.7.2,cpu,AMD EPYC 9575F 64-Core Processor,opponent,1296.8513529922348,1,"{""finite"": true, ""r2"": 0.767550286775569, ""rmse"": 7.680408910280484}",584.8,,ok,LIKE-FOR-LIKE-SPAN,MATCHED
amd,classical2/tsvd/istella/rows=full,istella,X 1000000x220,fit_or_operation,ours,mojolearn,0.8.25,gpu,AMD Instinct Mi325X VF,identical,66.38529500924051,1,"{""explained_variance_ratio_sum"": 0.9999921076474112, ""relative_reconstruction_error"": 0.0025539223380432992}",2864.6,674.4,ok,LIKE-FOR-LIKE-SPAN,MATCHED
amd,classical2/tsvd/istella/rows=full,istella,X 1000000x220,fit_or_operation,sklearn-cpu,scikit-learn,1.7.2,cpu,AMD EPYC 9575F 64-Core Processor,opponent,689.8258959990926,1,"{""explained_variance_ratio_sum"": 1.0000004574591823, ""relative_reconstruction_error"": 0.00012197694657773026}",2422.2,,ok,LIKE-FOR-LIKE-SPAN,MATCHED
amd,classical2/tsvd/taxi/rows=full,taxi,X 1000000x11,fit_or_operation,ours,mojolearn,0.8.25,gpu,AMD Instinct Mi325X VF,identical,14.170108013786376,1,"{""explained_variance_ratio_sum"": 0.9999651766479792, ""relative_reconstruction_error"": 0.0032570735189924997}",2066.2,674.4,ok,LIKE-FOR-LIKE-SPAN,MATCHED
amd,classical2/tsvd/taxi/rows=full,taxi,X 1000000x11,fit_or_operation,sklearn-cpu,scikit-learn,1.7.2,cpu,AMD EPYC 9575F 64-Core Processor,opponent,205.58072201674804,1,"{""explained_variance_ratio_sum"": 0.9999647287951866, ""relative_reconstruction_error"": 0.003257073483809866}",460.6,,ok,LIKE-FOR-LIKE-SPAN,MATCHED
amd,classical2/umap/istella/rows=full,istella,X 20000x220,fit_or_operation,ours,mojolearn,0.8.25,gpu,AMD Instinct Mi325X VF,identical,498.52851999457926,1,"{""trustworthiness_k15"": 0.9799058423854099}",2086.7,858.7,ok,LIKE-FOR-LIKE-SPAN,MATCHED
amd,classical2/umap/istella/rows=full,istella,X 20000x220,fit_or_operation,umap-learn-cpu,umap-learn,0.5.12,cpu,AMD EPYC 9575F 64-Core Processor,opponent,7336.510115972487,1,"{""trustworthiness_k15"": 0.9774393350686623}",670.6,,ok,LIKE-FOR-LIKE-SPAN,MATCHED
amd,classical2/umap/istella/rows=full,istella,X 20000x220,fit_or_operation,umap-learn-cpu-unseeded,umap-learn,0.5.12,cpu,AMD EPYC 9575F 64-Core Processor,opponent,1326.847985998029,1,"{""trustworthiness_k15"": 0.9774740059401645}",701.2,,ok,LIKE-FOR-LIKE-SPAN,MATCHED
amd,classical2/umap/taxi/rows=full,taxi,X 20000x11,fit_or_operation,ours,mojolearn,0.8.25,gpu,AMD Instinct Mi325X VF,identical,188.13972899806686,1,"{""trustworthiness_k15"": 0.9904804351671088}",2040.1,678.6,ok,LIKE-FOR-LIKE-SPAN,MATCHED
amd,classical2/umap/taxi/rows=full,taxi,X 20000x11,fit_or_operation,umap-learn-cpu,umap-learn,0.5.12,cpu,AMD EPYC 9575F 64-Core Processor,opponent,6542.196355003398,1,"{""trustworthiness_k15"": 0.9900605970199062}",648.9,,ok,LIKE-FOR-LIKE-SPAN,MATCHED
amd,classical2/umap/taxi/rows=full,taxi,X 20000x11,fit_or_operation,umap-learn-cpu-unseeded,umap-learn,0.5.12,cpu,AMD EPYC 9575F 64-Core Processor,opponent,1115.5994930013549,1,"{""trustworthiness_k15"": 0.990395802339357}",661.8,,ok,LIKE-FOR-LIKE-SPAN,MATCHED
amd,neural/gemm-bf16/gaussian/shape=full,gaussian,4096x4096x4096,fit_or_operation,ours,mojolearn,0.8.25,gpu,AMD Instinct Mi325X VF,identical,30.57189501123503,1,"{""max_rel_err_vs_fp64"": 1.1548914368712009e-07}",1035.6,3244.4,ok,LIKE-FOR-LIKE-SPAN,MATCHED
amd,neural/gemm-bf16/gaussian/shape=full,gaussian,4096x4096x4096,fit_or_operation,torch-eager-bf16,torch,2.13.0+rocm7.1,gpu,AMD Instinct Mi325X VF,opponent,13.582298997789621,1,"{""max_abs_diff_vs_ours"": 0.9990234375, ""max_rel_diff_vs_ours"": 0.0027588420144940336, ""max_rel_err_vs_fp64"": 0.002758856066062028}",2688.6,312.0,ok,LIKE-FOR-LIKE-SPAN,MATCHED
amd,neural/gemm-bf16/gaussian/shape=full,gaussian,4096x4096x4096,fit_or_operation,torch-compile-bf16,torch,2.13.0+rocm7.1,gpu,AMD Instinct Mi325X VF,opponent,39.15369798778556,1,"{""max_abs_diff_vs_ours"": 0.9990234375, ""max_rel_diff_vs_ours"": 0.0027588420144940336, ""max_rel_err_vs_fp64"": 0.002758856066062028}",2883.9,312.0,ok,LIKE-FOR-LIKE-SPAN,MATCHED
amd,neural/gemm-int8/gaussian/shape=full,gaussian,4096x4096x4096,fit_or_operation,ours,mojolearn,0.8.25,gpu,AMD Instinct Mi325X VF,identical,1799.01770001743,1,"{""max_rel_err_vs_fp64"": 0.0}",936.4,674.3,ok,LIKE-FOR-LIKE-SPAN,MATCHED
amd,neural/gemm/gaussian/shape=full,gaussian,4096x4096x4096,fit_or_operation,ours,mojolearn,0.8.25,gpu,AMD Instinct Mi325X VF,identical,27.425756998127326,1,"{""max_rel_err_vs_fp64"": 2.398716979667606e-07}",969.7,3244.3,ok,LIKE-FOR-LIKE-SPAN,MATCHED
amd,neural/gemm/gaussian/shape=full,gaussian,4096x4096x4096,fit_or_operation,torch-eager-fp32,torch,2.13.0+rocm7.1,gpu,AMD Instinct Mi325X VF,opponent,11.960313975578174,1,"{""max_abs_diff_vs_ours"": 0.00103759765625, ""max_rel_diff_vs_ours"": 2.865635976070591e-06, ""max_rel_err_vs_fp64"": 2.8016066256534633e-06}",1789.3,268.0,ok,LIKE-FOR-LIKE-SPAN,MATCHED
amd,neural/gemm/gaussian/shape=full,gaussian,4096x4096x4096,fit_or_operation,torch-compile-fp32,torch,2.13.0+rocm7.1,gpu,AMD Instinct Mi325X VF,opponent,14.462607010500506,1,"{""max_abs_diff_vs_ours"": 0.00103759765625, ""max_rel_diff_vs_ours"": 2.865635976070591e-06, ""max_rel_err_vs_fp64"": 2.8016066256534633e-06}",2017.8,268.0,ok,LIKE-FOR-LIKE-SPAN,MATCHED
amd,neural/gemm/gaussian/shape=full,gaussian,4096x4096x4096,fit_or_operation,torch-eager-bf16,torch,2.13.0+rocm7.1,gpu,AMD Instinct Mi325X VF,opponent,12.933011021232232,1,"{""max_abs_diff_vs_ours"": 1.35833740234375, ""max_rel_diff_vs_ours"": 0.0037514546263206472, ""max_rel_err_vs_fp64"": 0.0037515023103755034}",2626.3,376.0,ok,LIKE-FOR-LIKE-SPAN,MATCHED
amd,neural/gemm/gaussian/shape=full,gaussian,4096x4096x4096,fit_or_operation,torch-compile-bf16,torch,2.13.0+rocm7.1,gpu,AMD Instinct Mi325X VF,opponent,12.835051980800927,1,"{""max_abs_diff_vs_ours"": 1.35833740234375, ""max_rel_diff_vs_ours"": 0.0037514546263206472, ""max_rel_err_vs_fp64"": 0.0037515023103755034}",3071.1,376.0,ok,LIKE-FOR-LIKE-SPAN,MATCHED
amd,neural/lm-forward/bytes/shape=full,bytes,B1 L2048 DM384 H6 KV6 HD64 FF1024 layers8 V8192,fit_or_operation,ours,mojolearn,0.8.25,gpu,AMD Instinct Mi325X VF,identical,91.33288101293147,1,"{""mean_nll"": 9.01873340416645}",2352.1,7284.5,ok,LIKE-FOR-LIKE-SPAN,MATCHED
amd,neural/lm-forward/bytes/shape=full,bytes,B1 L2048 DM384 H6 KV6 HD64 FF1024 layers8 V8192,fit_or_operation,torch-eager-fp32,torch,2.13.0+rocm7.1,gpu,AMD Instinct Mi325X VF,opponent,11.255205987254158,1,"{""max_abs_diff_vs_ours"": 1.2218952178955078e-06, ""max_rel_diff_vs_ours"": 1.677413431761226e-06, ""mean_nll"": 9.018733398610435}",3072.9,241.0,ok,LIKE-FOR-LIKE-SPAN,MATCHED
amd,neural/lm-forward/bytes/shape=full,bytes,B1 L2048 DM384 H6 KV6 HD64 FF1024 layers8 V8192,fit_or_operation,torch-compile-fp32,torch,2.13.0+rocm7.1,gpu,AMD Instinct Mi325X VF,opponent,11.02869599708356,1,"{""max_abs_diff_vs_ours"": 1.1920928955078125e-06, ""max_rel_diff_vs_ours"": 1.6365009090353424e-06, ""mean_nll"": 9.0187334032954}",3255.9,222.5,ok,LIKE-FOR-LIKE-SPAN,MATCHED
amd,neural/lm-forward/bytes/shape=full,bytes,B1 L2048 DM384 H6 KV6 HD64 FF1024 layers8 V8192,fit_or_operation,torch-eager-bf16,torch,2.13.0+rocm7.1,gpu,AMD Instinct Mi325X VF,opponent,13.51292899926193,1,"{""max_abs_diff_vs_ours"": 0.006312757730484009, ""max_rel_diff_vs_ours"": 0.008666131476319382, ""mean_nll"": 9.018647327176133}",2797.4,327.5,ok,LIKE-FOR-LIKE-SPAN,MATCHED
amd,neural/lm-forward/bytes/shape=full,bytes,B1 L2048 DM384 H6 KV6 HD64 FF1024 layers8 V8192,fit_or_operation,torch-compile-bf16,torch,2.13.0+rocm7.1,gpu,AMD Instinct Mi325X VF,opponent,13.322659011464566,1,"{""max_abs_diff_vs_ours"": 0.006870396435260773, ""max_rel_diff_vs_ours"": 0.00943165591717407, ""mean_nll"": 9.0186531507442}",3011.1,327.5,ok,LIKE-FOR-LIKE-SPAN,MATCHED
amd,neural/lm-host-train-step/bytes/shape=full,bytes,B1 L512 DM384 H6 KV6 HD64 FF1024 layers8 V8192,fit_or_operation,ours,mojolearn,0.8.25,cpu,,identical,1549.7923670045566,1,"{""loss_first_step"": 9.017857551574707, ""loss_last_step"": 8.367768287658691, ""steps"": 2}",2134.2,,ok,LIKE-FOR-LIKE-SPAN,MATCHED
amd,neural/lm-host-train-step/bytes/shape=full,bytes,B1 L512 DM384 H6 KV6 HD64 FF1024 layers8 V8192,fit_or_operation,torch-cpu-eager-fp32,torch,2.13.0+rocm7.1,cpu,AMD EPYC 9575F 64-Core Processor,opponent,86.92848001373932,1,"{""loss_first_abs_diff_vs_ours"": 9.5367431640625e-07, ""loss_first_step"": 9.01785659790039, ""loss_last_abs_diff_vs_ours"": 9.5367431640625e-07, ""loss_last_step"": 8.367767333984375, ""steps"": 2}",1593.2,,ok,LIKE-FOR-LIKE-SPAN,MATCHED
amd,neural/lm-host-train-step/bytes/shape=full,bytes,B1 L512 DM384 H6 KV6 HD64 FF1024 layers8 V8192,fit_or_operation,torch-cpu-compile-fp32,torch,2.13.0+rocm7.1,cpu,AMD EPYC 9575F 64-Core Processor,opponent,75.58677799534053,1,"{""loss_first_abs_diff_vs_ours"": 9.5367431640625e-07, ""loss_first_step"": 9.01785659790039, ""loss_last_abs_diff_vs_ours"": 1.9073486328125e-06, ""loss_last_step"": 8.367766380310059, ""steps"": 2}",1636.2,,ok,LIKE-FOR-LIKE-SPAN,MATCHED
amd,neural/lm-host-train-step/bytes/shape=full,bytes,B1 L512 DM384 H6 KV6 HD64 FF1024 layers8 V8192,fit_or_operation,torch-cpu-eager-bf16,torch,2.13.0+rocm7.1,cpu,AMD EPYC 9575F 64-Core Processor,opponent,68.51732300128788,1,"{""loss_first_abs_diff_vs_ours"": 0.000110626220703125, ""loss_first_step"": 9.017746925354004, ""loss_last_abs_diff_vs_ours"": 0.000579833984375, ""loss_last_step"": 8.368348121643066, ""steps"": 2}",1538.1,,ok,LIKE-FOR-LIKE-SPAN,MATCHED
amd,neural/lm-host-train-step/bytes/shape=full,bytes,B1 L512 DM384 H6 KV6 HD64 FF1024 layers8 V8192,fit_or_operation,torch-cpu-compile-bf16,torch,2.13.0+rocm7.1,cpu,AMD EPYC 9575F 64-Core Processor,opponent,48.84480100008659,1,"{""loss_first_abs_diff_vs_ours"": 9.059906005859375e-05, ""loss_first_step"": 9.017766952514648, ""loss_last_abs_diff_vs_ours"": 1.239776611328125e-05, ""loss_last_step"": 8.367755889892578, ""steps"": 2}",1641.1,,ok,LIKE-FOR-LIKE-SPAN,MATCHED
amd,neural/lm-infer/bytes/shape=full,bytes,B1 L512 DM384 H6 KV6 HD64 FF1024 layers8 V8192,fit_or_operation,ours,mojolearn,0.8.25,cpu,,identical,778.4971739747562,1,"{""mean_nll"": 9.017856651220221}",460.3,,ok,LIKE-FOR-LIKE-SPAN,MATCHED
amd,neural/lm-infer/bytes/shape=full,bytes,B1 L512 DM384 H6 KV6 HD64 FF1024 layers8 V8192,fit_or_operation,torch-cpu-eager-fp32,torch,2.13.0+rocm7.1,cpu,AMD EPYC 9575F 64-Core Processor,opponent,25.722160004079342,1,"{""max_abs_diff_vs_ours"": 7.227063179016113e-07, ""max_rel_diff_vs_ours"": 9.921286761026763e-07, ""mean_nll"": 9.017856646336305}",1083.4,,ok,LIKE-FOR-LIKE-SPAN,MATCHED
amd,neural/lm-infer/bytes/shape=full,bytes,B1 L512 DM384 H6 KV6 HD64 FF1024 layers8 V8192,fit_or_operation,torch-cpu-compile-fp32,torch,2.13.0+rocm7.1,cpu,AMD EPYC 9575F 64-Core Processor,opponent,18.007595994276926,1,"{""max_abs_diff_vs_ours"": 6.705522537231445e-07, ""max_rel_diff_vs_ours"": 9.205317613323801e-07, ""mean_nll"": 9.017856652490957}",1323.9,,ok,LIKE-FOR-LIKE-SPAN,MATCHED
amd,neural/lm-infer/bytes/shape=full,bytes,B1 L512 DM384 H6 KV6 HD64 FF1024 layers8 V8192,fit_or_operation,torch-cpu-eager-bf16,torch,2.13.0+rocm7.1,cpu,AMD EPYC 9575F 64-Core Processor,opponent,17.248326999833807,1,"{""max_abs_diff_vs_ours"": 0.006180226802825928, ""max_rel_diff_vs_ours"": 0.008484193487757377, ""mean_nll"": 9.017748162846352}",1107.5,,ok,LIKE-FOR-LIKE-SPAN,MATCHED
amd,neural/lm-infer/bytes/shape=full,bytes,B1 L512 DM384 H6 KV6 HD64 FF1024 layers8 V8192,fit_or_operation,torch-cpu-compile-bf16,torch,2.13.0+rocm7.1,cpu,AMD EPYC 9575F 64-Core Processor,opponent,11.78139098919928,1,"{""max_abs_diff_vs_ours"": 0.006584927439689636, ""max_rel_diff_vs_ours"": 0.009039765090113514, ""mean_nll"": 9.017760815424413}",1331.1,,ok,LIKE-FOR-LIKE-SPAN,MATCHED
amd,neural/lm-train-step/bytes/shape=full,bytes,B1 L2048 DM384 H6 KV6 HD64 FF1024 layers8 V8192,fit_or_operation,ours,mojolearn,0.8.25,gpu,AMD Instinct Mi325X VF,identical,123.59957199078053,1,"{""loss_first_step"": 9.018733024597168, ""loss_last_step"": 8.42241096496582, ""steps"": 2}",2125.8,6505.1,ok,LIKE-FOR-LIKE-SPAN,MATCHED
amd,neural/lm-train-step/bytes/shape=full,bytes,B1 L2048 DM384 H6 KV6 HD64 FF1024 layers8 V8192,fit_or_operation,torch-eager-fp32,torch,2.13.0+rocm7.1,gpu,AMD Instinct Mi325X VF,opponent,12.754338997183368,1,"{""loss_first_abs_diff_vs_ours"": 9.5367431640625e-07, ""loss_first_step"": 9.018732070922852, ""loss_last_abs_diff_vs_ours"": 0.0, ""loss_last_step"": 8.42241096496582, ""steps"": 2}",4803.5,1089.6,ok,LIKE-FOR-LIKE-SPAN,MATCHED
amd,neural/lm-train-step/bytes/shape=full,bytes,B1 L2048 DM384 H6 KV6 HD64 FF1024 layers8 V8192,fit_or_operation,torch-compile-fp32,torch,2.13.0+rocm7.1,gpu,AMD Instinct Mi325X VF,opponent,10.275578999426216,1,"{""loss_first_abs_diff_vs_ours"": 9.5367431640625e-07, ""loss_first_step"": 9.018733978271484, ""loss_last_abs_diff_vs_ours"": 9.5367431640625e-07, ""loss_last_step"": 8.422411918640137, ""steps"": 2}",4852.1,859.6,ok,LIKE-FOR-LIKE-SPAN,MATCHED
amd,neural/lm-train-step/bytes/shape=full,bytes,B1 L2048 DM384 H6 KV6 HD64 FF1024 layers8 V8192,fit_or_operation,torch-eager-bf16,torch,2.13.0+rocm7.1,gpu,AMD Instinct Mi325X VF,opponent,13.4208970121108,1,"{""loss_first_abs_diff_vs_ours"": 5.626678466796875e-05, ""loss_first_step"": 9.0186767578125, ""loss_last_abs_diff_vs_ours"": 0.0020008087158203125, ""loss_last_step"": 8.42041015625, ""steps"": 2}",3061.0,930.6,ok,LIKE-FOR-LIKE-SPAN,MATCHED
amd,neural/lm-train-step/bytes/shape=full,bytes,B1 L2048 DM384 H6 KV6 HD64 FF1024 layers8 V8192,fit_or_operation,torch-compile-bf16,torch,2.13.0+rocm7.1,gpu,AMD Instinct Mi325X VF,opponent,45.720216003246605,1,"{""loss_first_abs_diff_vs_ours"": 8.0108642578125e-05, ""loss_first_step"": 9.01865291595459, ""loss_last_abs_diff_vs_ours"": 0.003032684326171875, ""loss_last_step"": 8.419378280639648, ""steps"": 2}",3070.1,688.1,ok,LIKE-FOR-LIKE-SPAN,MATCHED
amd,neural/mamba1-forward/gaussian/shape=full,gaussian,B1 L2048 DM384,fit_or_operation,ours,mojolearn,0.8.25,gpu,AMD Instinct Mi325X VF,identical,18.921746988780797,1,{},731.2,3246.6,ok,LIKE-FOR-LIKE-SPAN,MATCHED
amd,neural/mamba1-forward/gaussian/shape=full,gaussian,B1 L2048 DM384,fit_or_operation,torch-eager-fp32,torch,2.13.0+rocm7.1,gpu,AMD Instinct Mi325X VF,opponent,87.67223701579496,1,"{""max_abs_diff_vs_ours"": 2.384185791015625e-07, ""max_rel_diff_vs_ours"": 1.188965496577979e-07}",3964.5,422.2,ok,LIKE-FOR-LIKE-SPAN,MATCHED
amd,neural/mamba1-forward/gaussian/shape=full,gaussian,B1 L2048 DM384,fit_or_operation,torch-eager-bf16,torch,2.13.0+rocm7.1,gpu,AMD Instinct Mi325X VF,opponent,110.94409300130792,1,"{""max_abs_diff_vs_ours"": 5.435943603515625e-05, ""max_rel_diff_vs_ours"": 2.710841332197792e-05}",3654.8,442.5,ok,LIKE-FOR-LIKE-SPAN,MATCHED
amd,neural/mamba1-infer/gaussian/shape=full,gaussian,B1 L512 DM384,fit_or_operation,ours,mojolearn,0.8.25,cpu,,identical,48.48609698819928,1,{},104.6,,ok,LIKE-FOR-LIKE-SPAN,MATCHED
amd,neural/mamba1-infer/gaussian/shape=full,gaussian,B1 L512 DM384,fit_or_operation,torch-cpu-eager-fp32,torch,2.13.0+rocm7.1,cpu,AMD EPYC 9575F 64-Core Processor,opponent,24.34357302263379,1,"{""max_abs_diff_vs_ours"": 1.1920928955078125e-07, ""max_rel_diff_vs_ours"": 5.948106105171795e-08}",1124.2,,ok,LIKE-FOR-LIKE-SPAN,MATCHED
amd,neural/mamba1-infer/gaussian/shape=full,gaussian,B1 L512 DM384,fit_or_operation,torch-cpu-eager-bf16,torch,2.13.0+rocm7.1,cpu,AMD EPYC 9575F 64-Core Processor,opponent,38.63476400147192,1,"{""max_abs_diff_vs_ours"": 5.14984130859375e-05, ""max_rel_diff_vs_ours"": 2.5695818374342154e-05}",1156.3,,ok,LIKE-FOR-LIKE-SPAN,MATCHED
amd,neural/mamba2-forward/gaussian/shape=full,gaussian,B1 L2048 DM384,fit_or_operation,ours,mojolearn,0.8.25,gpu,AMD Instinct Mi325X VF,identical,16.635915002552792,1,{},734.9,3248.6,ok,LIKE-FOR-LIKE-SPAN,MATCHED
amd,neural/mamba2-forward/gaussian/shape=full,gaussian,B1 L2048 DM384,fit_or_operation,torch-eager-fp32,torch,2.13.0+rocm7.1,gpu,AMD Instinct Mi325X VF,opponent,8.98616501945071,1,"{""max_abs_diff_vs_ours"": 1.0728836059570312e-06, ""max_rel_diff_vs_ours"": 3.647553593910239e-07}",3394.8,3296.3,ok,LIKE-FOR-LIKE-SPAN,MATCHED
amd,neural/mamba2-forward/gaussian/shape=full,gaussian,B1 L2048 DM384,fit_or_operation,torch-compile-fp32,torch,2.13.0+rocm7.1,gpu,AMD Instinct Mi325X VF,opponent,10.524421988520771,1,"{""max_abs_diff_vs_ours"": 1.0728836059570312e-06, ""max_rel_diff_vs_ours"": 3.647553593910239e-07}",3709.4,3296.5,ok,LIKE-FOR-LIKE-SPAN,MATCHED
amd,neural/mamba2-forward/gaussian/shape=full,gaussian,B1 L2048 DM384,fit_or_operation,torch-eager-bf16,torch,2.13.0+rocm7.1,gpu,AMD Instinct Mi325X VF,opponent,8.176128001650795,1,"{""max_abs_diff_vs_ours"": 0.007143974304199219, ""max_rel_diff_vs_ours"": 0.002428784353065031}",3174.5,1828.8,ok,LIKE-FOR-LIKE-SPAN,MATCHED
amd,neural/mamba2-forward/gaussian/shape=full,gaussian,B1 L2048 DM384,fit_or_operation,torch-compile-bf16,torch,2.13.0+rocm7.1,gpu,AMD Instinct Mi325X VF,opponent,47.02539599384181,1,"{""max_abs_diff_vs_ours"": 0.007143974304199219, ""max_rel_diff_vs_ours"": 0.002428784353065031}",3467.4,1828.8,ok,LIKE-FOR-LIKE-SPAN,MATCHED
amd,neural/mamba2-infer/gaussian/shape=full,gaussian,B1 L512 DM384,fit_or_operation,ours,mojolearn,0.8.25,cpu,,identical,37.67877398058772,1,{},122.6,,ok,LIKE-FOR-LIKE-SPAN,MATCHED
amd,neural/mamba2-infer/gaussian/shape=full,gaussian,B1 L512 DM384,fit_or_operation,torch-cpu-eager-fp32,torch,2.13.0+rocm7.1,cpu,AMD EPYC 9575F 64-Core Processor,opponent,121.34099000832066,1,"{""max_abs_diff_vs_ours"": 7.748603820800781e-07, ""max_rel_diff_vs_ours"": 2.751383776723767e-07}",1836.8,,ok,LIKE-FOR-LIKE-SPAN,MATCHED
amd,neural/mamba2-infer/gaussian/shape=full,gaussian,B1 L512 DM384,fit_or_operation,torch-cpu-compile-fp32,torch,2.13.0+rocm7.1,cpu,AMD EPYC 9575F 64-Core Processor,opponent,118.74723600340076,1,"{""max_abs_diff_vs_ours"": 7.748603820800781e-07, ""max_rel_diff_vs_ours"": 2.751383776723767e-07}",1949.1,,ok,LIKE-FOR-LIKE-SPAN,MATCHED
amd,neural/mamba2-infer/gaussian/shape=full,gaussian,B1 L512 DM384,fit_or_operation,torch-cpu-eager-bf16,torch,2.13.0+rocm7.1,cpu,AMD EPYC 9575F 64-Core Processor,opponent,96.68069300823845,1,"{""max_abs_diff_vs_ours"": 0.00592041015625, ""max_rel_diff_vs_ours"": 0.00210222652134168}",1455.9,,ok,LIKE-FOR-LIKE-SPAN,MATCHED
amd,neural/mamba2-infer/gaussian/shape=full,gaussian,B1 L512 DM384,fit_or_operation,torch-cpu-compile-bf16,torch,2.13.0+rocm7.1,cpu,AMD EPYC 9575F 64-Core Processor,opponent,94.76186701795086,1,"{""max_abs_diff_vs_ours"": 0.00592041015625, ""max_rel_diff_vs_ours"": 0.00210222652134168}",1558.5,,ok,LIKE-FOR-LIKE-SPAN,MATCHED
amd,neural/mamba3-forward/gaussian/shape=full,gaussian,B1 L2048 DM384,fit_or_operation,ours,mojolearn,0.8.25,gpu,AMD Instinct Mi325X VF,identical,11.402758012991399,1,{},2038.2,3248.7,ok,LIKE-FOR-LIKE-SPAN,MATCHED
amd,neural/mamba3-forward/gaussian/shape=full,gaussian,B1 L2048 DM384,fit_or_operation,torch-eager-fp32,torch,2.13.0+rocm7.1,gpu,AMD Instinct Mi325X VF,opponent,69.29165401379578,1,"{""max_abs_diff_vs_ours"": 3.8743019104003906e-07, ""max_rel_diff_vs_ours"": 1.694916491725209e-07}",4951.0,287.5,ok,LIKE-FOR-LIKE-SPAN,MATCHED
amd,neural/mamba3-forward/gaussian/shape=full,gaussian,B1 L2048 DM384,fit_or_operation,torch-compile-fp32,torch,2.13.0+rocm7.1,gpu,AMD Instinct Mi325X VF,opponent,6.484007986728102,1,"{""max_abs_diff_vs_ours"": 4.76837158203125e-07, ""max_rel_diff_vs_ours"": 2.0860510667387188e-07}",8023.3,151.5,ok,LIKE-FOR-LIKE-SPAN,MATCHED
amd,neural/mamba3-forward/gaussian/shape=full,gaussian,B1 L2048 DM384,fit_or_operation,torch-eager-bf16,torch,2.13.0+rocm7.1,gpu,AMD Instinct Mi325X VF,opponent,70.3849229903426,1,"{""max_abs_diff_vs_ours"": 0.0020689964294433594, ""max_rel_diff_vs_ours"": 0.0009051375578579301}",3308.0,347.4,ok,LIKE-FOR-LIKE-SPAN,MATCHED
amd,neural/mamba3-forward/gaussian/shape=full,gaussian,B1 L2048 DM384,fit_or_operation,torch-compile-bf16,torch,2.13.0+rocm7.1,gpu,AMD Instinct Mi325X VF,opponent,7.1252359775826335,1,"{""max_abs_diff_vs_ours"": 0.0019822120666503906, ""max_rel_diff_vs_ours"": 0.0008671714284432854}",6694.3,226.2,ok,LIKE-FOR-LIKE-SPAN,MATCHED
amd,neural/mamba3-infer/gaussian/shape=full,gaussian,B1 L512 DM384,fit_or_operation,ours,mojolearn,0.8.25,cpu,,identical,40.305803006049246,1,{},128.3,,ok,LIKE-FOR-LIKE-SPAN,MATCHED
amd,neural/mamba3-infer/gaussian/shape=full,gaussian,B1 L512 DM384,fit_or_operation,torch-cpu-eager-fp32,torch,2.13.0+rocm7.1,cpu,AMD EPYC 9575F 64-Core Processor,opponent,11.55738698435016,1,"{""max_abs_diff_vs_ours"": 2.384185791015625e-07, ""max_rel_diff_vs_ours"": 1.0595878288112951e-07}",1097.6,,ok,LIKE-FOR-LIKE-SPAN,MATCHED
amd,neural/mamba3-infer/gaussian/shape=full,gaussian,B1 L512 DM384,fit_or_operation,torch-cpu-compile-fp32,torch,2.13.0+rocm7.1,cpu,AMD EPYC 9575F 64-Core Processor,opponent,4.0925210050772876,1,"{""max_abs_diff_vs_ours"": 2.980232238769531e-07, ""max_rel_diff_vs_ours"": 1.3244847860141188e-07}",1365.7,,ok,LIKE-FOR-LIKE-SPAN,MATCHED
amd,neural/mamba3-infer/gaussian/shape=full,gaussian,B1 L512 DM384,fit_or_operation,torch-cpu-eager-bf16,torch,2.13.0+rocm7.1,cpu,AMD EPYC 9575F 64-Core Processor,opponent,15.72870000381954,1,"{""max_abs_diff_vs_ours"": 0.002148151397705078, ""max_rel_diff_vs_ours"": 0.0009546886337589768}",1101.4,,ok,LIKE-FOR-LIKE-SPAN,MATCHED
amd,neural/mamba3-infer/gaussian/shape=full,gaussian,B1 L512 DM384,fit_or_operation,torch-cpu-compile-bf16,torch,2.13.0+rocm7.1,cpu,AMD EPYC 9575F 64-Core Processor,opponent,3.552562993718311,1,"{""max_abs_diff_vs_ours"": 0.0020397305488586426, ""max_rel_diff_vs_ours"": 0.0009065038772437832}",1361.3,,ok,LIKE-FOR-LIKE-SPAN,MATCHED
amd,neural/mlp-infer/gaussian/shape=full,gaussian,rows256 8-16-3,fit_or_operation,ours,mojolearn,0.8.25,cpu,,identical,0.19494799198582768,1,{},71.4,,ok,LIKE-FOR-LIKE-SPAN,MATCHED
amd,neural/mlp-infer/gaussian/shape=full,gaussian,rows256 8-16-3,fit_or_operation,torch-cpu-eager-fp32,torch,2.13.0+rocm7.1,cpu,AMD EPYC 9575F 64-Core Processor,opponent,0.3471300005912781,1,"{""max_abs_diff_vs_ours"": 1.1920928955078125e-07, ""max_rel_diff_vs_ours"": 1.1004068424177787e-07}",961.7,,ok,LIKE-FOR-LIKE-SPAN,MATCHED
amd,neural/mlp-infer/gaussian/shape=full,gaussian,rows256 8-16-3,fit_or_operation,torch-cpu-compile-fp32,torch,2.13.0+rocm7.1,cpu,AMD EPYC 9575F 64-Core Processor,opponent,0.5441800167318434,1,"{""max_abs_diff_vs_ours"": 1.1920928955078125e-07, ""max_rel_diff_vs_ours"": 1.1004068424177787e-07}",1140.4,,ok,LIKE-FOR-LIKE-SPAN,MATCHED
amd,neural/mlp-infer/gaussian/shape=full,gaussian,rows256 8-16-3,fit_or_operation,torch-cpu-eager-bf16,torch,2.13.0+rocm7.1,cpu,AMD EPYC 9575F 64-Core Processor,opponent,0.5016999784857035,1,"{""max_abs_diff_vs_ours"": 0.004285156726837158, ""max_rel_diff_vs_ours"": 0.003955577456097068}",978.8,,ok,LIKE-FOR-LIKE-SPAN,MATCHED
amd,neural/mlp-infer/gaussian/shape=full,gaussian,rows256 8-16-3,fit_or_operation,torch-cpu-compile-bf16,torch,2.13.0+rocm7.1,cpu,AMD EPYC 9575F 64-Core Processor,opponent,0.30132001847960055,1,"{""max_abs_diff_vs_ours"": 0.004285156726837158, ""max_rel_diff_vs_ours"": 0.003955577456097068}",1148.7,,ok,LIKE-FOR-LIKE-SPAN,MATCHED
amd,neural/mlp-train-step/gaussian/shape=full,gaussian,rows256 8-16-3,fit_or_operation,ours,mojolearn,0.8.25,gpu,AMD Instinct Mi325X VF,identical,2.817398024490103,1,"{""loss_first_step"": 1.1604011058807373, ""loss_last_step"": 1.1233608722686768, ""steps"": 2}",2031.5,676.5,ok,LIKE-FOR-LIKE-SPAN,MATCHED
amd,neural/mlp-train-step/gaussian/shape=full,gaussian,rows256 8-16-3,fit_or_operation,torch-eager-fp32,torch,2.13.0+rocm7.1,gpu,AMD Instinct Mi325X VF,opponent,1.7433789907954633,1,"{""loss_first_abs_diff_vs_ours"": 2.384185791015625e-07, ""loss_first_step"": 1.1604008674621582, ""loss_last_abs_diff_vs_ours"": 2.384185791015625e-07, ""loss_last_step"": 1.1233611106872559, ""steps"": 2}",4354.9,152.1,ok,LIKE-FOR-LIKE-SPAN,MATCHED
amd,neural/mlp-train-step/gaussian/shape=full,gaussian,rows256 8-16-3,fit_or_operation,torch-compile-fp32,torch,2.13.0+rocm7.1,gpu,AMD Instinct Mi325X VF,opponent,1.7757279856596142,1,"{""loss_first_abs_diff_vs_ours"": 2.384185791015625e-07, ""loss_first_step"": 1.1604008674621582, ""loss_last_abs_diff_vs_ours"": 2.384185791015625e-07, ""loss_last_step"": 1.1233611106872559, ""steps"": 2}",4263.6,152.1,ok,LIKE-FOR-LIKE-SPAN,MATCHED
amd,neural/mlp-train-step/gaussian/shape=full,gaussian,rows256 8-16-3,fit_or_operation,torch-eager-bf16,torch,2.13.0+rocm7.1,gpu,AMD Instinct Mi325X VF,opponent,1.4636790147051215,1,"{""loss_first_abs_diff_vs_ours"": 9.655952453613281e-05, ""loss_first_step"": 1.1604976654052734, ""loss_last_abs_diff_vs_ours"": 0.0001004934310913086, ""loss_last_step"": 1.123461365699768, ""steps"": 2}",2707.7,152.0,ok,LIKE-FOR-LIKE-SPAN,MATCHED
amd,neural/mlp-train-step/gaussian/shape=full,gaussian,rows256 8-16-3,fit_or_operation,torch-compile-bf16,torch,2.13.0+rocm7.1,gpu,AMD Instinct Mi325X VF,opponent,71.32427699980326,1,"{""loss_first_abs_diff_vs_ours"": 9.655952453613281e-05, ""loss_first_step"": 1.1604976654052734, ""loss_last_abs_diff_vs_ours"": 0.00010061264038085938, ""loss_last_step"": 1.1234614849090576, ""steps"": 2}",2828.7,152.0,ok,LIKE-FOR-LIKE-SPAN,MATCHED
amd,neural/samba-forward/bytes/shape=full,bytes,B2 L512 DM384 V256 H6 FF1024 layers mamba3+attention+mamba3+attention,fit_or_operation,ours,mojolearn,0.8.25,gpu,AMD Instinct Mi325X VF,identical,26.675283996155486,1,"{""mean_nll"": 5.635909657868805}",2493.0,8881.7,ok,LIKE-FOR-LIKE-SPAN,MATCHED
amd,neural/samba-forward/bytes/shape=full,bytes,B2 L512 DM384 V256 H6 FF1024 layers mamba3+attention+mamba3+attention,fit_or_operation,torch-eager-fp32,torch,2.13.0+rocm7.1,gpu,AMD Instinct Mi325X VF,opponent,40.50080699380487,1,"{""max_abs_diff_vs_ours"": 2.1457672119140625e-06, ""max_rel_diff_vs_ours"": 1.2063743210625853e-06, ""mean_nll"": 5.635909660968007}",3922.7,205.4,ok,LIKE-FOR-LIKE-SPAN,MATCHED
amd,neural/samba-forward/bytes/shape=full,bytes,B2 L512 DM384 V256 H6 FF1024 layers mamba3+attention+mamba3+attention,fit_or_operation,torch-compile-fp32,torch,2.13.0+rocm7.1,gpu,AMD Instinct Mi325X VF,opponent,4.388237983221188,1,"{""max_abs_diff_vs_ours"": 2.168118953704834e-06, ""max_rel_diff_vs_ours"": 1.2189407202403204e-06, ""mean_nll"": 5.6359096630444325}",4862.8,132.8,ok,LIKE-FOR-LIKE-SPAN,MATCHED
amd,neural/samba-forward/bytes/shape=full,bytes,B2 L512 DM384 V256 H6 FF1024 layers mamba3+attention+mamba3+attention,fit_or_operation,torch-eager-bf16,torch,2.13.0+rocm7.1,gpu,AMD Instinct Mi325X VF,opponent,40.317456994671375,1,"{""max_abs_diff_vs_ours"": 0.017179999500513077, ""max_rel_diff_vs_ours"": 0.00965878783039074, ""mean_nll"": 5.635949502800745}",3343.2,280.2,ok,LIKE-FOR-LIKE-SPAN,MATCHED
amd,neural/samba-forward/bytes/shape=full,bytes,B2 L512 DM384 V256 H6 FF1024 layers mamba3+attention+mamba3+attention,fit_or_operation,torch-compile-bf16,torch,2.13.0+rocm7.1,gpu,AMD Instinct Mi325X VF,opponent,4.4910580036230385,1,"{""max_abs_diff_vs_ours"": 0.01667797565460205, ""max_rel_diff_vs_ours"": 0.009376544410458943, ""mean_nll"": 5.635933327832982}",4269.0,209.3,ok,LIKE-FOR-LIKE-SPAN,MATCHED
amd,neural/samba-infer/bytes/shape=full,bytes,B2 L512 DM384 V256 H6 FF1024 layers mamba3+attention+mamba3+attention,fit_or_operation,ours,mojolearn,0.8.25,cpu,,identical,236.63603499880992,1,"{""mean_nll"": 5.635909657868805}",237.2,,ok,LIKE-FOR-LIKE-SPAN,MATCHED
amd,neural/samba-infer/bytes/shape=full,bytes,B2 L512 DM384 V256 H6 FF1024 layers mamba3+attention+mamba3+attention,fit_or_operation,torch-cpu-eager-fp32,torch,2.13.0+rocm7.1,cpu,AMD EPYC 9575F 64-Core Processor,opponent,39.14170200005174,1,"{""max_abs_diff_vs_ours"": 1.996755599975586e-06, ""max_rel_diff_vs_ours"": 1.12259832654435e-06, ""mean_nll"": 5.63590967967637}",1143.1,,ok,LIKE-FOR-LIKE-SPAN,MATCHED
amd,neural/samba-infer/bytes/shape=full,bytes,B2 L512 DM384 V256 H6 FF1024 layers mamba3+attention+mamba3+attention,fit_or_operation,torch-cpu-compile-fp32,torch,2.13.0+rocm7.1,cpu,AMD EPYC 9575F 64-Core Processor,opponent,21.734974026912823,1,"{""max_abs_diff_vs_ours"": 1.8477439880371094e-06, ""max_rel_diff_vs_ours"": 1.0388223320261151e-06, ""mean_nll"": 5.63590967149395}",1686.0,,ok,LIKE-FOR-LIKE-SPAN,MATCHED
amd,neural/samba-infer/bytes/shape=full,bytes,B2 L512 DM384 V256 H6 FF1024 layers mamba3+attention+mamba3+attention,fit_or_operation,torch-cpu-eager-bf16,torch,2.13.0+rocm7.1,cpu,AMD EPYC 9575F 64-Core Processor,opponent,45.48828600673005,1,"{""max_abs_diff_vs_ours"": 0.018278632313013077, ""max_rel_diff_vs_ours"": 0.010276451482774784, ""mean_nll"": 5.635976452710825}",1162.8,,ok,LIKE-FOR-LIKE-SPAN,MATCHED
amd,neural/samba-infer/bytes/shape=full,bytes,B2 L512 DM384 V256 H6 FF1024 layers mamba3+attention+mamba3+attention,fit_or_operation,torch-cpu-compile-bf16,torch,2.13.0+rocm7.1,cpu,AMD EPYC 9575F 64-Core Processor,opponent,14.39035902149044,1,"{""max_abs_diff_vs_ours"": 0.01616556942462921, ""max_rel_diff_vs_ours"": 0.009088463898109089, ""mean_nll"": 5.635914233858429}",1681.6,,ok,LIKE-FOR-LIKE-SPAN,MATCHED
amd,neural/samba-train-step/bytes/shape=full,bytes,B2 L512 DM384 V256 H6 FF1024 layers mamba3+attention+mamba3+attention,fit_or_operation,ours,mojolearn,0.8.25,gpu,AMD Instinct Mi325X VF,identical,239.625676011201,1,"{""loss_first_step"": 5.6359100341796875, ""loss_last_step"": 4.8339338302612305, ""steps"": 2}",2574.1,8962.7,ok,LIKE-FOR-LIKE-SPAN,MATCHED
amd,neural/samba-train-step/bytes/shape=full,bytes,B2 L512 DM384 V256 H6 FF1024 layers mamba3+attention+mamba3+attention,fit_or_operation,torch-eager-fp32,torch,2.13.0+rocm7.1,gpu,AMD Instinct Mi325X VF,opponent,116.1337670055218,1,"{""loss_first_abs_diff_vs_ours"": 4.76837158203125e-07, ""loss_first_step"": 5.635909557342529, ""loss_last_abs_diff_vs_ours"": 4.76837158203125e-07, ""loss_last_step"": 4.833934307098389, ""steps"": 2}",5209.4,534.3,ok,LIKE-FOR-LIKE-SPAN,MATCHED
amd,neural/samba-train-step/bytes/shape=full,bytes,B2 L512 DM384 V256 H6 FF1024 layers mamba3+attention+mamba3+attention,fit_or_operation,torch-compile-fp32,torch,2.13.0+rocm7.1,gpu,AMD Instinct Mi325X VF,opponent,30.399186012800783,1,"{""loss_first_abs_diff_vs_ours"": 9.5367431640625e-07, ""loss_first_step"": 5.635909080505371, ""loss_last_abs_diff_vs_ours"": 4.76837158203125e-07, ""loss_last_step"": 4.833934307098389, ""steps"": 2}",7777.2,449.6,ok,LIKE-FOR-LIKE-SPAN,MATCHED
amd,neural/samba-train-step/bytes/shape=full,bytes,B2 L512 DM384 V256 H6 FF1024 layers mamba3+attention+mamba3+attention,fit_or_operation,torch-eager-bf16,torch,2.13.0+rocm7.1,gpu,AMD Instinct Mi325X VF,opponent,113.85923600755632,1,"{""loss_first_abs_diff_vs_ours"": 3.910064697265625e-05, ""loss_first_step"": 5.63594913482666, ""loss_last_abs_diff_vs_ours"": 8.106231689453125e-05, ""loss_last_step"": 4.834014892578125, ""steps"": 2}",3500.1,485.2,ok,LIKE-FOR-LIKE-SPAN,MATCHED
amd,neural/samba-train-step/bytes/shape=full,bytes,B2 L512 DM384 V256 H6 FF1024 layers mamba3+attention+mamba3+attention,fit_or_operation,torch-compile-bf16,torch,2.13.0+rocm7.1,gpu,AMD Instinct Mi325X VF,opponent,,0,{},,,"REFUSED(error: {""error"": ""REFUSED: torch-compile-bf16 on cuda failed in round 0 (compile happens here): InductorError('RuntimeError: A compilation subprocess exited unexpectedly. This is likely due to a crash. To fa)",LIKE-FOR-LIKE-SPAN,MATCHED
amd,neural/transformer-forward/gaussian/shape=full,gaussian,B1 L2048 DM384 H6 KV6 HD64 FF1024,fit_or_operation,ours,mojolearn,0.8.25,gpu,AMD Instinct Mi325X VF,identical,14.405897003598511,1,{},2044.2,3248.5,ok,LIKE-FOR-LIKE-SPAN,MATCHED
amd,neural/transformer-forward/gaussian/shape=full,gaussian,B1 L2048 DM384 H6 KV6 HD64 FF1024,fit_or_operation,torch-eager-fp32,torch,2.13.0+rocm7.1,gpu,AMD Instinct Mi325X VF,opponent,1.9258240063209087,1,"{""max_abs_diff_vs_ours"": 4.76837158203125e-07, ""max_rel_diff_vs_ours"": 1.0202790667303321e-07}",2827.0,147.3,ok,LIKE-FOR-LIKE-SPAN,MATCHED
amd,neural/transformer-forward/gaussian/shape=full,gaussian,B1 L2048 DM384 H6 KV6 HD64 FF1024,fit_or_operation,torch-compile-fp32,torch,2.13.0+rocm7.1,gpu,AMD Instinct Mi325X VF,opponent,1.847082981839776,1,"{""max_abs_diff_vs_ours"": 4.76837158203125e-07, ""max_rel_diff_vs_ours"": 1.0202790667303321e-07}",3015.3,119.3,ok,LIKE-FOR-LIKE-SPAN,MATCHED
amd,neural/transformer-forward/gaussian/shape=full,gaussian,B1 L2048 DM384 H6 KV6 HD64 FF1024,fit_or_operation,torch-eager-bf16,torch,2.13.0+rocm7.1,gpu,AMD Instinct Mi325X VF,opponent,1.541356003144756,1,"{""max_abs_diff_vs_ours"": 0.0018194019794464111, ""max_rel_diff_vs_ours"": 0.0003892938546551253}",2661.9,215.1,ok,LIKE-FOR-LIKE-SPAN,MATCHED
amd,neural/transformer-forward/gaussian/shape=full,gaussian,B1 L2048 DM384 H6 KV6 HD64 FF1024,fit_or_operation,torch-compile-bf16,torch,2.13.0+rocm7.1,gpu,AMD Instinct Mi325X VF,opponent,65.76707700151019,1,"{""max_abs_diff_vs_ours"": 0.0018194019794464111, ""max_rel_diff_vs_ours"": 0.0003892938546551253}",2808.3,178.3,ok,LIKE-FOR-LIKE-SPAN,MATCHED
amd,neural/transformer-infer/gaussian/shape=full,gaussian,B1 L512 DM384 H6 KV6 HD64 FF1024,fit_or_operation,ours,mojolearn,0.8.25,cpu,,identical,26.502584980335087,1,{},143.3,,ok,LIKE-FOR-LIKE-SPAN,MATCHED
amd,neural/transformer-infer/gaussian/shape=full,gaussian,B1 L512 DM384 H6 KV6 HD64 FF1024,fit_or_operation,torch-cpu-eager-fp32,torch,2.13.0+rocm7.1,cpu,AMD EPYC 9575F 64-Core Processor,opponent,3.535410010954365,1,"{""max_abs_diff_vs_ours"": 4.76837158203125e-07, ""max_rel_diff_vs_ours"": 1.0764667047233529e-07}",1100.9,,ok,LIKE-FOR-LIKE-SPAN,MATCHED
amd,neural/transformer-infer/gaussian/shape=full,gaussian,B1 L512 DM384 H6 KV6 HD64 FF1024,fit_or_operation,torch-cpu-compile-fp32,torch,2.13.0+rocm7.1,cpu,AMD EPYC 9575F 64-Core Processor,opponent,2.983501006383449,1,"{""max_abs_diff_vs_ours"": 9.5367431640625e-07, ""max_rel_diff_vs_ours"": 2.1529334094467058e-07}",1161.2,,ok,LIKE-FOR-LIKE-SPAN,MATCHED
amd,neural/transformer-infer/gaussian/shape=full,gaussian,B1 L512 DM384 H6 KV6 HD64 FF1024,fit_or_operation,torch-cpu-eager-bf16,torch,2.13.0+rocm7.1,cpu,AMD EPYC 9575F 64-Core Processor,opponent,3.1324209994636476,1,"{""max_abs_diff_vs_ours"": 0.0019414722919464111, ""max_rel_diff_vs_ours"": 0.00043829014674501765}",1108.7,,ok,LIKE-FOR-LIKE-SPAN,MATCHED
amd,neural/transformer-infer/gaussian/shape=full,gaussian,B1 L512 DM384 H6 KV6 HD64 FF1024,fit_or_operation,torch-cpu-compile-bf16,torch,2.13.0+rocm7.1,cpu,AMD EPYC 9575F 64-Core Processor,opponent,2.023693989031017,1,"{""max_abs_diff_vs_ours"": 0.0018194019794464111, ""max_rel_diff_vs_ours"": 0.0004107325991040998}",1171.8,,ok,LIKE-FOR-LIKE-SPAN,MATCHED
amd,trees/et/istella/rows=full,istella,istella-2043304x220,fit_or_operation,ours,mojolearn,,gpu,AMD Instinct Mi325X VF,identical,1197.895,1,"{""auc"": 0.937987, ""logloss"": 0.189989}",40016.5,,ok,NOT-COMPARABLE,MATCHED
amd,trees/et/istella/rows=full,istella,istella-2043304x220,fit_or_operation,sklearn-et-cpu,scikit-learn,1.7.2,cpu,,opponent,18137.882,1,"{""auc"": 0.937659, ""logloss"": 0.190177}",42208.4,,ok,NOT-COMPARABLE,MATCHED
amd,trees/et/istella/rows=full,istella,istella-2043304x220,fit_or_operation,lightgbm-cpu,lightgbm,4.7.0,cpu,,opponent,77242.455,1,"{""auc"": 0.948128, ""logloss"": 0.19727}",50019.4,,ok,NOT-COMPARABLE,MATCHED
amd,trees/et/istella/rows=full,istella,,inference,ours,mojolearn,,gpu,,identical,32.905,1,"{""auc"": 0.937987, ""auc_matches_fit"": true, ""logloss"": 0.189989, ""logloss_matches_fit"": true}",,,ok,NOT-COMPARABLE,MATCHED
amd,trees/et/istella/rows=full,istella,,inference,sklearn-et-cpu,scikit-learn,,cpu,,opponent,192.082,1,"{""auc"": 0.937659, ""auc_matches_fit"": true, ""logloss"": 0.190177, ""logloss_matches_fit"": true}",,,ok,NOT-COMPARABLE,MATCHED
amd,trees/et/istella/rows=full,istella,,inference,lightgbm-cpu,lightgbm,,cpu,,opponent,344.431,1,"{""auc"": 0.948128, ""auc_matches_fit"": true, ""logloss"": 0.19727, ""logloss_matches_fit"": true}",,,ok,NOT-COMPARABLE,MATCHED
amd,trees/et/istella/rows=full,istella,,inference,ours,mojolearn,,gpu,,identical,61.91,1,{},,,ok,NOT-COMPARABLE,MATCHED
amd,trees/et/istella/rows=full,istella,,inference,sklearn-et-cpu,scikit-learn,,cpu,,opponent,368.664,1,{},,,ok,NOT-COMPARABLE,MATCHED
amd,trees/et/istella/rows=full,istella,,inference,lightgbm-cpu,lightgbm,,cpu,,opponent,683.571,1,{},,,ok,NOT-COMPARABLE,MATCHED
amd,trees/et/taxi/rows=full,taxi,taxi-4110786x16,fit_or_operation,ours,mojolearn,,gpu,AMD Instinct Mi325X VF,identical,889.193,1,"{""auc"": 0.618907, ""logloss"": 0.526142}",8660.9,,ok,NOT-COMPARABLE,MATCHED
amd,trees/et/taxi/rows=full,taxi,taxi-4110786x16,fit_or_operation,sklearn-et-cpu,scikit-learn,1.7.2,cpu,,opponent,12543.813,1,"{""auc"": 0.619262, ""logloss"": 0.525951}",11451.5,,ok,NOT-COMPARABLE,MATCHED
amd,trees/et/taxi/rows=full,taxi,taxi-4110786x16,fit_or_operation,lightgbm-cpu,lightgbm,4.7.0,cpu,,opponent,7161.024,1,"{""auc"": 0.611172, ""logloss"": 0.529303}",11258.4,,ok,NOT-COMPARABLE,MATCHED
amd,trees/et/taxi/rows=full,taxi,,inference,ours,mojolearn,,gpu,,identical,7.837,1,"{""auc"": 0.618907, ""auc_matches_fit"": true, ""logloss"": 0.526142, ""logloss_matches_fit"": true}",,,ok,NOT-COMPARABLE,MATCHED
amd,trees/et/taxi/rows=full,taxi,,inference,sklearn-et-cpu,scikit-learn,,cpu,,opponent,116.995,1,"{""auc"": 0.619262, ""auc_matches_fit"": true, ""logloss"": 0.525951, ""logloss_matches_fit"": true}",,,ok,NOT-COMPARABLE,MATCHED
amd,trees/et/taxi/rows=full,taxi,,inference,lightgbm-cpu,lightgbm,,cpu,,opponent,125.299,1,"{""auc"": 0.611172, ""auc_matches_fit"": true, ""logloss"": 0.529303, ""logloss_matches_fit"": true}",,,ok,NOT-COMPARABLE,MATCHED
amd,trees/et/taxi/rows=full,taxi,,inference,ours,mojolearn,,gpu,,identical,13.087,1,{},,,ok,NOT-COMPARABLE,MATCHED
amd,trees/et/taxi/rows=full,taxi,,inference,sklearn-et-cpu,scikit-learn,,cpu,,opponent,203.314,1,{},,,ok,NOT-COMPARABLE,MATCHED
amd,trees/et/taxi/rows=full,taxi,,inference,lightgbm-cpu,lightgbm,,cpu,,opponent,252.803,1,{},,,ok,NOT-COMPARABLE,MATCHED
amd,trees/gbdt-categorical/taxi/rows=full,taxi,taxicat-4110786x16,fit_or_operation,ours,mojolearn,,gpu,AMD Instinct Mi325X VF,identical,24361.044,1,"{""auc"": 0.630363, ""logloss"": 0.528463}",9400.3,,ok,NOT-COMPARABLE,MATCHED
amd,trees/gbdt-categorical/taxi/rows=full,taxi,taxicat-4110786x16,fit_or_operation,catboost-cpu,catboost,1.2.10,cpu,,opponent,97857.361,1,"{""auc"": 0.628772, ""logloss"": 0.528923}",11918.4,,ok,NOT-COMPARABLE,MATCHED
amd,trees/gbdt-categorical/taxi/rows=full,taxi,taxicat-4110786x16,fit_or_operation,xgboost-gpu,xgboost,3.2.0,gpu,AMD Instinct Mi325X VF,opponent,,0,null,,,REFUSED(PyPI xgboost 3.2.0 is a CUDA build; on AMD device=cuda trained on the host CPU; refused by name since ca1f47506),NOT-COMPARABLE,MATCHED
amd,trees/gbdt-categorical/taxi/rows=full,taxi,taxicat-4110786x16,fit_or_operation,xgboost-cpu,xgboost,3.2.0,cpu,,opponent,18924.773,1,"{""auc"": 0.631473, ""logloss"": 0.528686}",8838.5,,ok,NOT-COMPARABLE,MATCHED
amd,trees/gbdt-categorical/taxi/rows=full,taxi,taxicat-4110786x16,fit_or_operation,lightgbm-cpu,lightgbm,4.7.0,cpu,,opponent,10927.982,1,"{""auc"": 0.632665, ""logloss"": 0.528094}",8741.9,,ok,NOT-COMPARABLE,MATCHED
amd,trees/gbdt-categorical/taxi/rows=full,taxi,,inference,ours,mojolearn,,gpu,,identical,150.458,1,"{""auc"": 0.630363, ""auc_matches_fit"": true, ""logloss"": 0.528463, ""logloss_matches_fit"": true}",,,ok,NOT-COMPARABLE,MATCHED
amd,trees/gbdt-categorical/taxi/rows=full,taxi,,inference,catboost-cpu,catboost,,cpu,,opponent,622.985,1,"{""auc"": 0.628772, ""auc_matches_fit"": true, ""logloss"": 0.528923, ""logloss_matches_fit"": true}",,,ok,NOT-COMPARABLE,MATCHED
amd,trees/gbdt-categorical/taxi/rows=full,taxi,,inference,xgboost-gpu,xgboost,,gpu,,opponent,,0,null,,,REFUSED(PyPI xgboost 3.2.0 is a CUDA build; on AMD device=cuda trained on the host CPU; refused by name since ca1f47506),NOT-COMPARABLE,MATCHED
amd,trees/gbdt-categorical/taxi/rows=full,taxi,,inference,xgboost-cpu,xgboost,,cpu,,opponent,373.254,1,"{""auc"": 0.631473, ""auc_matches_fit"": true, ""logloss"": 0.528686, ""logloss_matches_fit"": true}",,,ok,NOT-COMPARABLE,MATCHED
amd,trees/gbdt-categorical/taxi/rows=full,taxi,,inference,lightgbm-cpu,lightgbm,,cpu,,opponent,912.482,1,"{""auc"": 0.632665, ""auc_matches_fit"": true, ""logloss"": 0.528094, ""logloss_matches_fit"": true}",,,ok,NOT-COMPARABLE,MATCHED
amd,trees/gbdt-categorical/taxi/rows=full,taxi,,inference,ours,mojolearn,,gpu,,identical,342.817,1,{},,,ok,NOT-COMPARABLE,MATCHED
amd,trees/gbdt-categorical/taxi/rows=full,taxi,,inference,catboost-cpu,catboost,,cpu,,opponent,1231.21,1,{},,,ok,NOT-COMPARABLE,MATCHED
amd,trees/gbdt-categorical/taxi/rows=full,taxi,,inference,xgboost-gpu,xgboost,,gpu,,opponent,,0,null,,,REFUSED(PyPI xgboost 3.2.0 is a CUDA build; on AMD device=cuda trained on the host CPU; refused by name since ca1f47506),NOT-COMPARABLE,MATCHED
amd,trees/gbdt-categorical/taxi/rows=full,taxi,,inference,xgboost-cpu,xgboost,,cpu,,opponent,748.887,1,{},,,ok,NOT-COMPARABLE,MATCHED
amd,trees/gbdt-categorical/taxi/rows=full,taxi,,inference,lightgbm-cpu,lightgbm,,cpu,,opponent,1790.812,1,{},,,ok,NOT-COMPARABLE,MATCHED
amd,trees/gbdt-depthwise/istella/rows=full,istella,istella-2043304x220,fit_or_operation,ours,mojolearn,,gpu,AMD Instinct Mi325X VF,identical,6971.832,1,"{""auc"": 0.979129, ""logloss"": 0.188483}",11771.2,,ok,NOT-COMPARABLE,MATCHED
amd,trees/gbdt-depthwise/istella/rows=full,istella,istella-2043304x220,fit_or_operation,catboost-cpu,catboost,1.2.10,cpu,,opponent,70785.742,1,"{""auc"": 0.983135, ""logloss"": 0.157692}",10524.7,,ok,NOT-COMPARABLE,MATCHED
amd,trees/gbdt-depthwise/istella/rows=full,istella,istella-2043304x220,fit_or_operation,xgboost-gpu,xgboost,3.2.0,gpu,AMD Instinct Mi325X VF,opponent,,0,null,,,REFUSED(PyPI xgboost 3.2.0 is a CUDA build; on AMD device=cuda trained on the host CPU; refused by name since ca1f47506),NOT-COMPARABLE,MATCHED
amd,trees/gbdt-depthwise/istella/rows=full,istella,istella-2043304x220,fit_or_operation,xgboost-cpu,xgboost,3.2.0,cpu,,opponent,16034.778,1,"{""auc"": 0.983622, ""logloss"": 0.149263}",11639.5,,ok,NOT-COMPARABLE,MATCHED
amd,trees/gbdt-depthwise/istella/rows=full,istella,,inference,ours,mojolearn,,gpu,,identical,110.792,1,"{""auc"": 0.979129, ""auc_matches_fit"": true, ""logloss"": 0.188483, ""logloss_matches_fit"": true}",,,ok,NOT-COMPARABLE,MATCHED
amd,trees/gbdt-depthwise/istella/rows=full,istella,,inference,catboost-cpu,catboost,,cpu,,opponent,206.074,1,"{""auc"": 0.983135, ""auc_matches_fit"": true, ""logloss"": 0.157692, ""logloss_matches_fit"": true}",,,ok,NOT-COMPARABLE,MATCHED
amd,trees/gbdt-depthwise/istella/rows=full,istella,,inference,xgboost-gpu,xgboost,,gpu,,opponent,,0,null,,,REFUSED(PyPI xgboost 3.2.0 is a CUDA build; on AMD device=cuda trained on the host CPU; refused by name since ca1f47506),NOT-COMPARABLE,MATCHED
amd,trees/gbdt-depthwise/istella/rows=full,istella,,inference,xgboost-cpu,xgboost,,cpu,,opponent,116.043,1,"{""auc"": 0.983622, ""auc_matches_fit"": true, ""logloss"": 0.149263, ""logloss_matches_fit"": true}",,,ok,NOT-COMPARABLE,MATCHED
amd,trees/gbdt-depthwise/istella/rows=full,istella,,inference,ours,mojolearn,,gpu,,identical,246.078,1,{},,,ok,NOT-COMPARABLE,MATCHED
amd,trees/gbdt-depthwise/istella/rows=full,istella,,inference,catboost-cpu,catboost,,cpu,,opponent,407.944,1,{},,,ok,NOT-COMPARABLE,MATCHED
amd,trees/gbdt-depthwise/istella/rows=full,istella,,inference,xgboost-gpu,xgboost,,gpu,,opponent,,0,null,,,REFUSED(PyPI xgboost 3.2.0 is a CUDA build; on AMD device=cuda trained on the host CPU; refused by name since ca1f47506),NOT-COMPARABLE,MATCHED
amd,trees/gbdt-depthwise/istella/rows=full,istella,,inference,xgboost-cpu,xgboost,,cpu,,opponent,244.942,1,{},,,ok,NOT-COMPARABLE,MATCHED
amd,trees/gbdt-depthwise/taxi/rows=full,taxi,taxi-4110786x16,fit_or_operation,ours,mojolearn,,gpu,AMD Instinct Mi325X VF,identical,6383.517,1,"{""auc"": 0.625417, ""logloss"": 0.530232}",6545.3,,ok,NOT-COMPARABLE,MATCHED
amd,trees/gbdt-depthwise/taxi/rows=full,taxi,taxi-4110786x16,fit_or_operation,catboost-cpu,catboost,1.2.10,cpu,,opponent,43791.147,1,"{""auc"": 0.632578, ""logloss"": 0.527851}",7279.6,,ok,NOT-COMPARABLE,MATCHED
amd,trees/gbdt-depthwise/taxi/rows=full,taxi,taxi-4110786x16,fit_or_operation,xgboost-gpu,xgboost,3.2.0,gpu,AMD Instinct Mi325X VF,opponent,,0,null,,,REFUSED(PyPI xgboost 3.2.0 is a CUDA build; on AMD device=cuda trained on the host CPU; refused by name since ca1f47506),NOT-COMPARABLE,MATCHED
amd,trees/gbdt-depthwise/taxi/rows=full,taxi,taxi-4110786x16,fit_or_operation,xgboost-cpu,xgboost,3.2.0,cpu,,opponent,8079.763,1,"{""auc"": 0.630968, ""logloss"": 0.528677}",7413.2,,ok,NOT-COMPARABLE,MATCHED
amd,trees/gbdt-depthwise/taxi/rows=full,taxi,,inference,ours,mojolearn,,gpu,,identical,94.781,1,"{""auc"": 0.625417, ""auc_matches_fit"": true, ""logloss"": 0.530232, ""logloss_matches_fit"": true}",,,ok,NOT-COMPARABLE,MATCHED
amd,trees/gbdt-depthwise/taxi/rows=full,taxi,,inference,catboost-cpu,catboost,,cpu,,opponent,183.946,1,"{""auc"": 0.632578, ""auc_matches_fit"": true, ""logloss"": 0.527851, ""logloss_matches_fit"": true}",,,ok,NOT-COMPARABLE,MATCHED
amd,trees/gbdt-depthwise/taxi/rows=full,taxi,,inference,xgboost-gpu,xgboost,,gpu,,opponent,,0,null,,,REFUSED(PyPI xgboost 3.2.0 is a CUDA build; on AMD device=cuda trained on the host CPU; refused by name since ca1f47506),NOT-COMPARABLE,MATCHED
amd,trees/gbdt-depthwise/taxi/rows=full,taxi,,inference,xgboost-cpu,xgboost,,cpu,,opponent,121.291,1,"{""auc"": 0.630968, ""auc_matches_fit"": true, ""logloss"": 0.528677, ""logloss_matches_fit"": true}",,,ok,NOT-COMPARABLE,MATCHED
amd,trees/gbdt-depthwise/taxi/rows=full,taxi,,inference,ours,mojolearn,,gpu,,identical,210.428,1,{},,,ok,NOT-COMPARABLE,MATCHED
amd,trees/gbdt-depthwise/taxi/rows=full,taxi,,inference,catboost-cpu,catboost,,cpu,,opponent,311.694,1,{},,,ok,NOT-COMPARABLE,MATCHED
amd,trees/gbdt-depthwise/taxi/rows=full,taxi,,inference,xgboost-gpu,xgboost,,gpu,,opponent,,0,null,,,REFUSED(PyPI xgboost 3.2.0 is a CUDA build; on AMD device=cuda trained on the host CPU; refused by name since ca1f47506),NOT-COMPARABLE,MATCHED
amd,trees/gbdt-depthwise/taxi/rows=full,taxi,,inference,xgboost-cpu,xgboost,,cpu,,opponent,203.546,1,{},,,ok,NOT-COMPARABLE,MATCHED
amd,trees/gbdt-lossguide/istella/rows=full,istella,istella-2043304x220,fit_or_operation,ours,mojolearn,,gpu,AMD Instinct Mi325X VF,identical,25520.202,1,"{""auc"": 0.983749, ""logloss"": 0.149364}",11828.3,,ok,NOT-COMPARABLE,MATCHED
amd,trees/gbdt-lossguide/istella/rows=full,istella,istella-2043304x220,fit_or_operation,catboost-cpu,catboost,1.2.10,cpu,,opponent,103179.683,1,"{""auc"": 0.983135, ""logloss"": 0.157692}",10528.0,,ok,NOT-COMPARABLE,MATCHED
amd,trees/gbdt-lossguide/istella/rows=full,istella,istella-2043304x220,fit_or_operation,xgboost-gpu,xgboost,3.2.0,gpu,AMD Instinct Mi325X VF,opponent,,0,null,,,REFUSED(PyPI xgboost 3.2.0 is a CUDA build; on AMD device=cuda trained on the host CPU; refused by name since ca1f47506),NOT-COMPARABLE,MATCHED
amd,trees/gbdt-lossguide/istella/rows=full,istella,istella-2043304x220,fit_or_operation,xgboost-cpu,xgboost,3.2.0,cpu,,opponent,23613.114,1,"{""auc"": 0.983622, ""logloss"": 0.149263}",11234.1,,ok,NOT-COMPARABLE,MATCHED
amd,trees/gbdt-lossguide/istella/rows=full,istella,istella-2043304x220,fit_or_operation,lightgbm-cpu,lightgbm,4.7.0,cpu,,opponent,19843.33,1,"{""auc"": 0.983778, ""logloss"": 0.149653}",11308.2,,ok,NOT-COMPARABLE,MATCHED
amd,trees/gbdt-lossguide/istella/rows=full,istella,,inference,ours,mojolearn,,gpu,,identical,117.738,1,"{""auc"": 0.983749, ""auc_matches_fit"": true, ""logloss"": 0.149364, ""logloss_matches_fit"": true}",,,ok,NOT-COMPARABLE,MATCHED
amd,trees/gbdt-lossguide/istella/rows=full,istella,,inference,catboost-cpu,catboost,,cpu,,opponent,230.579,1,"{""auc"": 0.983135, ""auc_matches_fit"": true, ""logloss"": 0.157692, ""logloss_matches_fit"": true}",,,ok,NOT-COMPARABLE,MATCHED
amd,trees/gbdt-lossguide/istella/rows=full,istella,,inference,xgboost-gpu,xgboost,,gpu,,opponent,,0,null,,,REFUSED(PyPI xgboost 3.2.0 is a CUDA build; on AMD device=cuda trained on the host CPU; refused by name since ca1f47506),NOT-COMPARABLE,MATCHED
amd,trees/gbdt-lossguide/istella/rows=full,istella,,inference,xgboost-cpu,xgboost,,cpu,,opponent,120.958,1,"{""auc"": 0.983622, ""auc_matches_fit"": true, ""logloss"": 0.149263, ""logloss_matches_fit"": true}",,,ok,NOT-COMPARABLE,MATCHED
amd,trees/gbdt-lossguide/istella/rows=full,istella,,inference,lightgbm-cpu,lightgbm,,cpu,,opponent,623.876,1,"{""auc"": 0.983778, ""auc_matches_fit"": true, ""logloss"": 0.149653, ""logloss_matches_fit"": true}",,,ok,NOT-COMPARABLE,MATCHED
amd,trees/gbdt-lossguide/istella/rows=full,istella,,inference,ours,mojolearn,,gpu,,identical,261.465,1,{},,,ok,NOT-COMPARABLE,MATCHED
amd,trees/gbdt-lossguide/istella/rows=full,istella,,inference,catboost-cpu,catboost,,cpu,,opponent,454.346,1,{},,,ok,NOT-COMPARABLE,MATCHED
amd,trees/gbdt-lossguide/istella/rows=full,istella,,inference,xgboost-gpu,xgboost,,gpu,,opponent,,0,null,,,REFUSED(PyPI xgboost 3.2.0 is a CUDA build; on AMD device=cuda trained on the host CPU; refused by name since ca1f47506),NOT-COMPARABLE,MATCHED
amd,trees/gbdt-lossguide/istella/rows=full,istella,,inference,xgboost-cpu,xgboost,,cpu,,opponent,240.905,1,{},,,ok,NOT-COMPARABLE,MATCHED
amd,trees/gbdt-lossguide/istella/rows=full,istella,,inference,lightgbm-cpu,lightgbm,,cpu,,opponent,1252.283,1,{},,,ok,NOT-COMPARABLE,MATCHED
amd,trees/gbdt-lossguide/taxi/rows=full,taxi,taxi-4110786x16,fit_or_operation,ours,mojolearn,,gpu,AMD Instinct Mi325X VF,identical,12994.579,1,"{""auc"": 0.631154, ""logloss"": 0.528317}",6313.4,,ok,NOT-COMPARABLE,MATCHED
amd,trees/gbdt-lossguide/taxi/rows=full,taxi,taxi-4110786x16,fit_or_operation,catboost-cpu,catboost,1.2.10,cpu,,opponent,77431.994,1,"{""auc"": 0.632578, ""logloss"": 0.527851}",6674.6,,ok,NOT-COMPARABLE,MATCHED
amd,trees/gbdt-lossguide/taxi/rows=full,taxi,taxi-4110786x16,fit_or_operation,xgboost-gpu,xgboost,3.2.0,gpu,AMD Instinct Mi325X VF,opponent,,0,null,,,REFUSED(PyPI xgboost 3.2.0 is a CUDA build; on AMD device=cuda trained on the host CPU; refused by name since ca1f47506),NOT-COMPARABLE,MATCHED
amd,trees/gbdt-lossguide/taxi/rows=full,taxi,taxi-4110786x16,fit_or_operation,xgboost-cpu,xgboost,3.2.0,cpu,,opponent,10350.39,1,"{""auc"": 0.630968, ""logloss"": 0.528677}",6853.6,,ok,NOT-COMPARABLE,MATCHED
amd,trees/gbdt-lossguide/taxi/rows=full,taxi,taxi-4110786x16,fit_or_operation,lightgbm-cpu,lightgbm,4.7.0,cpu,,opponent,10099.165,1,"{""auc"": 0.632243, ""logloss"": 0.528067}",6933.8,,ok,NOT-COMPARABLE,MATCHED
amd,trees/gbdt-lossguide/taxi/rows=full,taxi,,inference,ours,mojolearn,,gpu,,identical,94.738,1,"{""auc"": 0.631154, ""auc_matches_fit"": true, ""logloss"": 0.528317, ""logloss_matches_fit"": true}",,,ok,NOT-COMPARABLE,MATCHED
amd,trees/gbdt-lossguide/taxi/rows=full,taxi,,inference,catboost-cpu,catboost,,cpu,,opponent,155.434,1,"{""auc"": 0.632578, ""auc_matches_fit"": true, ""logloss"": 0.527851, ""logloss_matches_fit"": true}",,,ok,NOT-COMPARABLE,MATCHED
amd,trees/gbdt-lossguide/taxi/rows=full,taxi,,inference,xgboost-gpu,xgboost,,gpu,,opponent,,0,null,,,REFUSED(PyPI xgboost 3.2.0 is a CUDA build; on AMD device=cuda trained on the host CPU; refused by name since ca1f47506),NOT-COMPARABLE,MATCHED
amd,trees/gbdt-lossguide/taxi/rows=full,taxi,,inference,xgboost-cpu,xgboost,,cpu,,opponent,116.608,1,"{""auc"": 0.630968, ""auc_matches_fit"": true, ""logloss"": 0.528677, ""logloss_matches_fit"": true}",,,ok,NOT-COMPARABLE,MATCHED
amd,trees/gbdt-lossguide/taxi/rows=full,taxi,,inference,lightgbm-cpu,lightgbm,,cpu,,opponent,571.736,1,"{""auc"": 0.632243, ""auc_matches_fit"": true, ""logloss"": 0.528067, ""logloss_matches_fit"": true}",,,ok,NOT-COMPARABLE,MATCHED
amd,trees/gbdt-lossguide/taxi/rows=full,taxi,,inference,ours,mojolearn,,gpu,,identical,211.896,1,{},,,ok,NOT-COMPARABLE,MATCHED
amd,trees/gbdt-lossguide/taxi/rows=full,taxi,,inference,catboost-cpu,catboost,,cpu,,opponent,309.035,1,{},,,ok,NOT-COMPARABLE,MATCHED
amd,trees/gbdt-lossguide/taxi/rows=full,taxi,,inference,xgboost-gpu,xgboost,,gpu,,opponent,,0,null,,,REFUSED(PyPI xgboost 3.2.0 is a CUDA build; on AMD device=cuda trained on the host CPU; refused by name since ca1f47506),NOT-COMPARABLE,MATCHED
amd,trees/gbdt-lossguide/taxi/rows=full,taxi,,inference,xgboost-cpu,xgboost,,cpu,,opponent,211.549,1,{},,,ok,NOT-COMPARABLE,MATCHED
amd,trees/gbdt-lossguide/taxi/rows=full,taxi,,inference,lightgbm-cpu,lightgbm,,cpu,,opponent,1140.478,1,{},,,ok,NOT-COMPARABLE,MATCHED
amd,trees/gbdt-multiclass/istella/rows=full,istella,istellamc-2043304x220,fit_or_operation,ours,mojolearn,,gpu,AMD Instinct Mi325X VF,identical,7652.086,1,"{""accuracy"": 0.903294, ""mlogloss"": 0.281958}",12622.5,,ok,NOT-COMPARABLE,MATCHED
amd,trees/gbdt-multiclass/istella/rows=full,istella,istellamc-2043304x220,fit_or_operation,catboost-cpu,catboost,1.2.10,cpu,,opponent,561543.373,1,"{""accuracy"": 0.907768, ""mlogloss"": 0.258286}",11547.8,,ok,NOT-COMPARABLE,MATCHED
amd,trees/gbdt-multiclass/istella/rows=full,istella,istellamc-2043304x220,fit_or_operation,xgboost-gpu,xgboost,3.2.0,gpu,AMD Instinct Mi325X VF,opponent,,0,null,,,REFUSED(PyPI xgboost 3.2.0 is a CUDA build; on AMD device=cuda trained on the host CPU; refused by name since ca1f47506),NOT-COMPARABLE,MATCHED
amd,trees/gbdt-multiclass/istella/rows=full,istella,istellamc-2043304x220,fit_or_operation,xgboost-cpu,xgboost,3.2.0,cpu,,opponent,76053.876,1,"{""accuracy"": 0.91014, ""mlogloss"": 0.246803}",12606.4,,ok,NOT-COMPARABLE,MATCHED
amd,trees/gbdt-multiclass/istella/rows=full,istella,istellamc-2043304x220,fit_or_operation,lightgbm-cpu,lightgbm,4.7.0,cpu,,opponent,79078.649,1,"{""accuracy"": 0.910058, ""mlogloss"": 0.245916}",12549.6,,ok,NOT-COMPARABLE,MATCHED
amd,trees/gbdt-multiclass/istella/rows=full,istella,,inference,ours,mojolearn,,gpu,,identical,33.399,1,"{""accuracy"": 0.903294, ""accuracy_matches_fit"": true, ""mlogloss"": 0.281958, ""mlogloss_matches_fit"": true}",,,ok,NOT-COMPARABLE,MATCHED
amd,trees/gbdt-multiclass/istella/rows=full,istella,,inference,catboost-cpu,catboost,,cpu,,opponent,117.445,1,"{""accuracy"": 0.907768, ""accuracy_matches_fit"": true, ""mlogloss"": 0.258286, ""mlogloss_matches_fit"": true}",,,ok,NOT-COMPARABLE,MATCHED
amd,trees/gbdt-multiclass/istella/rows=full,istella,,inference,xgboost-gpu,xgboost,,gpu,,opponent,,0,null,,,REFUSED(PyPI xgboost 3.2.0 is a CUDA build; on AMD device=cuda trained on the host CPU; refused by name since ca1f47506),NOT-COMPARABLE,MATCHED
amd,trees/gbdt-multiclass/istella/rows=full,istella,,inference,xgboost-cpu,xgboost,,cpu,,opponent,560.725,1,"{""accuracy"": 0.91014, ""accuracy_matches_fit"": true, ""mlogloss"": 0.246803, ""mlogloss_matches_fit"": true}",,,ok,NOT-COMPARABLE,MATCHED
amd,trees/gbdt-multiclass/istella/rows=full,istella,,inference,lightgbm-cpu,lightgbm,,cpu,,opponent,3682.316,1,"{""accuracy"": 0.910058, ""accuracy_matches_fit"": true, ""mlogloss"": 0.245916, ""mlogloss_matches_fit"": true}",,,ok,NOT-COMPARABLE,MATCHED
amd,trees/gbdt-multiclass/istella/rows=full,istella,,inference,ours,mojolearn,,gpu,,identical,49.294,1,{},,,ok,NOT-COMPARABLE,MATCHED
amd,trees/gbdt-multiclass/istella/rows=full,istella,,inference,catboost-cpu,catboost,,cpu,,opponent,147.567,1,{},,,ok,NOT-COMPARABLE,MATCHED
amd,trees/gbdt-multiclass/istella/rows=full,istella,,inference,xgboost-gpu,xgboost,,gpu,,opponent,,0,null,,,REFUSED(PyPI xgboost 3.2.0 is a CUDA build; on AMD device=cuda trained on the host CPU; refused by name since ca1f47506),NOT-COMPARABLE,MATCHED
amd,trees/gbdt-multiclass/istella/rows=full,istella,,inference,xgboost-cpu,xgboost,,cpu,,opponent,1114.845,1,{},,,ok,NOT-COMPARABLE,MATCHED
amd,trees/gbdt-multiclass/istella/rows=full,istella,,inference,lightgbm-cpu,lightgbm,,cpu,,opponent,7295.77,1,{},,,ok,NOT-COMPARABLE,MATCHED
amd,trees/gbdt-multiclass/taxi/rows=full,taxi,taximc-4110786x16,fit_or_operation,ours,mojolearn,,gpu,AMD Instinct Mi325X VF,identical,5565.85,1,"{""accuracy"": 0.596646, ""mlogloss"": 1.022664}",7253.4,,ok,NOT-COMPARABLE,MATCHED
amd,trees/gbdt-multiclass/taxi/rows=full,taxi,taximc-4110786x16,fit_or_operation,catboost-cpu,catboost,1.2.10,cpu,,opponent,178349.943,1,"{""accuracy"": 0.59915, ""mlogloss"": 1.012734}",8021.3,,ok,NOT-COMPARABLE,MATCHED
amd,trees/gbdt-multiclass/taxi/rows=full,taxi,taximc-4110786x16,fit_or_operation,xgboost-gpu,xgboost,3.2.0,gpu,AMD Instinct Mi325X VF,opponent,,0,null,,,REFUSED(PyPI xgboost 3.2.0 is a CUDA build; on AMD device=cuda trained on the host CPU; refused by name since ca1f47506),NOT-COMPARABLE,MATCHED
amd,trees/gbdt-multiclass/taxi/rows=full,taxi,taximc-4110786x16,fit_or_operation,xgboost-cpu,xgboost,3.2.0,cpu,,opponent,35861.411,1,"{""accuracy"": 0.601128, ""mlogloss"": 1.005128}",8463.4,,ok,NOT-COMPARABLE,MATCHED
amd,trees/gbdt-multiclass/taxi/rows=full,taxi,taximc-4110786x16,fit_or_operation,lightgbm-cpu,lightgbm,4.7.0,cpu,,opponent,41539.935,1,"{""accuracy"": 0.60158, ""mlogloss"": 1.004282}",8711.3,,ok,NOT-COMPARABLE,MATCHED
amd,trees/gbdt-multiclass/taxi/rows=full,taxi,,inference,ours,mojolearn,,gpu,,identical,11.607,1,"{""accuracy"": 0.596646, ""accuracy_matches_fit"": true, ""mlogloss"": 1.022664, ""mlogloss_matches_fit"": true}",,,ok,NOT-COMPARABLE,MATCHED
amd,trees/gbdt-multiclass/taxi/rows=full,taxi,,inference,catboost-cpu,catboost,,cpu,,opponent,41.126,1,"{""accuracy"": 0.59915, ""accuracy_matches_fit"": true, ""mlogloss"": 1.012734, ""mlogloss_matches_fit"": true}",,,ok,NOT-COMPARABLE,MATCHED
amd,trees/gbdt-multiclass/taxi/rows=full,taxi,,inference,xgboost-gpu,xgboost,,gpu,,opponent,,0,null,,,REFUSED(PyPI xgboost 3.2.0 is a CUDA build; on AMD device=cuda trained on the host CPU; refused by name since ca1f47506),NOT-COMPARABLE,MATCHED
amd,trees/gbdt-multiclass/taxi/rows=full,taxi,,inference,xgboost-cpu,xgboost,,cpu,,opponent,421.622,1,"{""accuracy"": 0.601128, ""accuracy_matches_fit"": true, ""mlogloss"": 1.005128, ""mlogloss_matches_fit"": true}",,,ok,NOT-COMPARABLE,MATCHED
amd,trees/gbdt-multiclass/taxi/rows=full,taxi,,inference,lightgbm-cpu,lightgbm,,cpu,,opponent,3208.129,1,"{""accuracy"": 0.60158, ""accuracy_matches_fit"": true, ""mlogloss"": 1.004282, ""mlogloss_matches_fit"": true}",,,ok,NOT-COMPARABLE,MATCHED
amd,trees/gbdt-multiclass/taxi/rows=full,taxi,,inference,ours,mojolearn,,gpu,,identical,18.627,1,{},,,ok,NOT-COMPARABLE,MATCHED
amd,trees/gbdt-multiclass/taxi/rows=full,taxi,,inference,catboost-cpu,catboost,,cpu,,opponent,41.591,1,{},,,ok,NOT-COMPARABLE,MATCHED
amd,trees/gbdt-multiclass/taxi/rows=full,taxi,,inference,xgboost-gpu,xgboost,,gpu,,opponent,,0,null,,,REFUSED(PyPI xgboost 3.2.0 is a CUDA build; on AMD device=cuda trained on the host CPU; refused by name since ca1f47506),NOT-COMPARABLE,MATCHED
amd,trees/gbdt-multiclass/taxi/rows=full,taxi,,inference,xgboost-cpu,xgboost,,cpu,,opponent,840.134,1,{},,,ok,NOT-COMPARABLE,MATCHED
amd,trees/gbdt-multiclass/taxi/rows=full,taxi,,inference,lightgbm-cpu,lightgbm,,cpu,,opponent,6361.539,1,{},,,ok,NOT-COMPARABLE,MATCHED
amd,trees/gbdt-ordered/istella/rows=full,istella,istella-2043304x220,fit_or_operation,ours,mojolearn,,gpu,AMD Instinct Mi325X VF,identical,86042.72,1,"{""auc"": 0.972482, ""logloss"": 0.227811}",11885.8,,ok,NOT-COMPARABLE,MATCHED
amd,trees/gbdt-ordered/istella/rows=full,istella,istella-2043304x220,fit_or_operation,catboost-cpu,catboost,1.2.10,cpu,,opponent,273122.405,1,"{""auc"": 0.979221, ""logloss"": 0.192114}",11159.1,,ok,NOT-COMPARABLE,MATCHED
amd,trees/gbdt-ordered/istella/rows=full,istella,,inference,ours,mojolearn,,gpu,,identical,21.89,1,"{""auc"": 0.972482, ""auc_matches_fit"": true, ""logloss"": 0.227811, ""logloss_matches_fit"": true}",,,ok,NOT-COMPARABLE,MATCHED
amd,trees/gbdt-ordered/istella/rows=full,istella,,inference,catboost-cpu,catboost,,cpu,,opponent,44.408,1,"{""auc"": 0.979221, ""auc_matches_fit"": true, ""logloss"": 0.192114, ""logloss_matches_fit"": true}",,,ok,NOT-COMPARABLE,MATCHED
amd,trees/gbdt-ordered/istella/rows=full,istella,,inference,ours,mojolearn,,gpu,,identical,33.42,1,{},,,ok,NOT-COMPARABLE,MATCHED
amd,trees/gbdt-ordered/istella/rows=full,istella,,inference,catboost-cpu,catboost,,cpu,,opponent,118.142,1,{},,,ok,NOT-COMPARABLE,MATCHED
amd,trees/gbdt-ordered/taxi/rows=full,taxi,taxi-4110786x16,fit_or_operation,ours,mojolearn,,gpu,AMD Instinct Mi325X VF,identical,134646.259,1,"{""auc"": 0.620358, ""logloss"": 0.531519}",7545.2,,ok,NOT-COMPARABLE,MATCHED
amd,trees/gbdt-ordered/taxi/rows=full,taxi,taxi-4110786x16,fit_or_operation,catboost-cpu,catboost,1.2.10,cpu,,opponent,78566.06,1,"{""auc"": 0.628918, ""logloss"": 0.529083}",8753.0,,ok,NOT-COMPARABLE,MATCHED
amd,trees/gbdt-ordered/taxi/rows=full,taxi,,inference,ours,mojolearn,,gpu,,identical,3.353,1,"{""auc"": 0.620358, ""auc_matches_fit"": true, ""logloss"": 0.531519, ""logloss_matches_fit"": true}",,,ok,NOT-COMPARABLE,MATCHED
amd,trees/gbdt-ordered/taxi/rows=full,taxi,,inference,catboost-cpu,catboost,,cpu,,opponent,16.525,1,"{""auc"": 0.628918, ""auc_matches_fit"": true, ""logloss"": 0.529083, ""logloss_matches_fit"": true}",,,ok,NOT-COMPARABLE,MATCHED
amd,trees/gbdt-ordered/taxi/rows=full,taxi,,inference,ours,mojolearn,,gpu,,identical,5.36,1,{},,,ok,NOT-COMPARABLE,MATCHED
amd,trees/gbdt-ordered/taxi/rows=full,taxi,,inference,catboost-cpu,catboost,,cpu,,opponent,42.316,1,{},,,ok,NOT-COMPARABLE,MATCHED
amd,trees/gbdt-rank-pairlogit/istella/rows=full,istella,istellarank-2043304x220,fit_or_operation,ours,mojolearn,,gpu,AMD Instinct Mi325X VF,identical,2837.898,1,"{""map"": 0.844605, ""ndcg10"": 0.711712, ""ndcg5"": 0.641863}",13182.5,,ok,NOT-COMPARABLE,MATCHED
amd,trees/gbdt-rank-pairlogit/istella/rows=full,istella,istellarank-2043304x220,fit_or_operation,catboost-cpu,catboost,1.2.10,cpu,,opponent,31176.276,1,"{""map"": 0.846328, ""ndcg10"": 0.713361, ""ndcg5"": 0.643611}",12433.4,,ok,NOT-COMPARABLE,MATCHED
amd,trees/gbdt-rank-pairlogit/istella/rows=full,istella,istellarank-2043304x220,fit_or_operation,xgboost-gpu,xgboost,3.2.0,gpu,AMD Instinct Mi325X VF,opponent,,0,null,,,REFUSED(PyPI xgboost 3.2.0 is a CUDA build; on AMD device=cuda trained on the host CPU; refused by name since ca1f47506),NOT-COMPARABLE,MATCHED
amd,trees/gbdt-rank-pairlogit/istella/rows=full,istella,istellarank-2043304x220,fit_or_operation,xgboost-cpu,xgboost,3.2.0,cpu,,opponent,6075.942,1,"{""map"": 0.872796, ""ndcg10"": 0.738397, ""ndcg5"": 0.670093}",13581.1,,ok,NOT-COMPARABLE,MATCHED
amd,trees/gbdt-rank-pairlogit/istella/rows=full,istella,,inference,ours,mojolearn,,gpu,,identical,28.405,1,"{""map"": 0.844605, ""map_matches_fit"": true, ""ndcg10"": 0.711712, ""ndcg10_matches_fit"": true, ""ndcg5"": 0.641863, ""ndcg5_matches_fit"": true}",,,ok,NOT-COMPARABLE,MATCHED
amd,trees/gbdt-rank-pairlogit/istella/rows=full,istella,,inference,catboost-cpu,catboost,,cpu,,opponent,63.202,1,"{""map"": 0.846328, ""map_matches_fit"": true, ""ndcg10"": 0.713361, ""ndcg10_matches_fit"": true, ""ndcg5"": 0.643611, ""ndcg5_matches_fit"": true}",,,ok,NOT-COMPARABLE,MATCHED
amd,trees/gbdt-rank-pairlogit/istella/rows=full,istella,,inference,xgboost-gpu,xgboost,,gpu,,opponent,,0,null,,,REFUSED(PyPI xgboost 3.2.0 is a CUDA build; on AMD device=cuda trained on the host CPU; refused by name since ca1f47506),NOT-COMPARABLE,MATCHED
amd,trees/gbdt-rank-pairlogit/istella/rows=full,istella,,inference,xgboost-cpu,xgboost,,cpu,,opponent,46.989,1,"{""map"": 0.872796, ""map_matches_fit"": true, ""ndcg10"": 0.738397, ""ndcg10_matches_fit"": true, ""ndcg5"": 0.670093, ""ndcg5_matches_fit"": true}",,,ok,NOT-COMPARABLE,MATCHED
amd,trees/gbdt-rank-pairlogit/istella/rows=full,istella,,inference,ours,mojolearn,,gpu,,identical,36.405,1,{},,,ok,NOT-COMPARABLE,MATCHED
amd,trees/gbdt-rank-pairlogit/istella/rows=full,istella,,inference,catboost-cpu,catboost,,cpu,,opponent,102.889,1,{},,,ok,NOT-COMPARABLE,MATCHED
amd,trees/gbdt-rank-pairlogit/istella/rows=full,istella,,inference,xgboost-gpu,xgboost,,gpu,,opponent,,0,null,,,REFUSED(PyPI xgboost 3.2.0 is a CUDA build; on AMD device=cuda trained on the host CPU; refused by name since ca1f47506),NOT-COMPARABLE,MATCHED
amd,trees/gbdt-rank-pairlogit/istella/rows=full,istella,,inference,xgboost-cpu,xgboost,,cpu,,opponent,45.164,1,{},,,ok,NOT-COMPARABLE,MATCHED
amd,trees/gbdt-rank-yetirank/istella/rows=full,istella,istellarank-2043304x220,fit_or_operation,ours,mojolearn,,gpu,AMD Instinct Mi325X VF,identical,18629.784,1,"{""map"": 0.814902, ""ndcg10"": 0.680993, ""ndcg5"": 0.615076}",12084.4,,ok,COMPARABLE,MATCHED
amd,trees/gbdt-rank-yetirank/istella/rows=full,istella,istellarank-2043304x220,fit_or_operation,catboost-cpu,catboost,1.2.10,cpu,,opponent,29452.099,1,"{""map"": 0.85199, ""ndcg10"": 0.726111, ""ndcg5"": 0.660263}",10688.6,,ok,COMPARABLE,MATCHED
amd,trees/gbdt-rank-yetirank/istella/rows=full,istella,istellarank-2043304x220,fit_or_operation,xgboost-gpu,xgboost,3.2.0,gpu,AMD Instinct Mi325X VF,opponent,,0,null,,,REFUSED(PyPI xgboost 3.2.0 is a CUDA build; on AMD device=cuda trained on the host CPU; refused by name since ca1f47506),COMPARABLE,MATCHED
amd,trees/gbdt-rank-yetirank/istella/rows=full,istella,istellarank-2043304x220,fit_or_operation,xgboost-cpu,xgboost,3.2.0,cpu,,opponent,6452.098,1,"{""map"": 0.842929, ""ndcg10"": 0.726256, ""ndcg5"": 0.664249}",11613.2,,ok,COMPARABLE,MATCHED
amd,trees/gbdt-rank-yetirank/istella/rows=full,istella,istellarank-2043304x220,fit_or_operation,lightgbm-cpu,lightgbm,4.7.0,cpu,,opponent,5077.976,1,"{""map"": 0.858362, ""ndcg10"": 0.741515, ""ndcg5"": 0.680254}",11422.7,,ok,COMPARABLE,MATCHED
amd,trees/gbdt-rank-yetirank/istella/rows=full,istella,,inference,ours,mojolearn,,gpu,,identical,29.637,1,"{""map"": 0.814902, ""map_matches_fit"": true, ""ndcg10"": 0.680993, ""ndcg10_matches_fit"": true, ""ndcg5"": 0.615076, ""ndcg5_matches_fit"": true}",,,ok,COMPARABLE,MATCHED
amd,trees/gbdt-rank-yetirank/istella/rows=full,istella,,inference,catboost-cpu,catboost,,cpu,,opponent,48.79,1,"{""map"": 0.85199, ""map_matches_fit"": true, ""ndcg10"": 0.726111, ""ndcg10_matches_fit"": true, ""ndcg5"": 0.660263, ""ndcg5_matches_fit"": true}",,,ok,COMPARABLE,MATCHED
amd,trees/gbdt-rank-yetirank/istella/rows=full,istella,,inference,xgboost-gpu,xgboost,,gpu,,opponent,,0,null,,,REFUSED(PyPI xgboost 3.2.0 is a CUDA build; on AMD device=cuda trained on the host CPU; refused by name since ca1f47506),COMPARABLE,MATCHED
amd,trees/gbdt-rank-yetirank/istella/rows=full,istella,,inference,xgboost-cpu,xgboost,,cpu,,opponent,29.855,1,"{""map"": 0.842929, ""map_matches_fit"": true, ""ndcg10"": 0.726256, ""ndcg10_matches_fit"": true, ""ndcg5"": 0.664249, ""ndcg5_matches_fit"": true}",,,ok,COMPARABLE,MATCHED
amd,trees/gbdt-rank-yetirank/istella/rows=full,istella,,inference,lightgbm-cpu,lightgbm,,cpu,,opponent,139.334,1,"{""map"": 0.858362, ""map_matches_fit"": true, ""ndcg10"": 0.741515, ""ndcg10_matches_fit"": true, ""ndcg5"": 0.680254, ""ndcg5_matches_fit"": true}",,,ok,COMPARABLE,MATCHED
amd,trees/gbdt-rank-yetirank/istella/rows=full,istella,,inference,ours,mojolearn,,gpu,,identical,36.938,1,{},,,ok,COMPARABLE,MATCHED
amd,trees/gbdt-rank-yetirank/istella/rows=full,istella,,inference,catboost-cpu,catboost,,cpu,,opponent,63.263,1,{},,,ok,COMPARABLE,MATCHED
amd,trees/gbdt-rank-yetirank/istella/rows=full,istella,,inference,xgboost-gpu,xgboost,,gpu,,opponent,,0,null,,,REFUSED(PyPI xgboost 3.2.0 is a CUDA build; on AMD device=cuda trained on the host CPU; refused by name since ca1f47506),COMPARABLE,MATCHED
amd,trees/gbdt-rank-yetirank/istella/rows=full,istella,,inference,xgboost-cpu,xgboost,,cpu,,opponent,42.763,1,{},,,ok,COMPARABLE,MATCHED
amd,trees/gbdt-rank-yetirank/istella/rows=full,istella,,inference,lightgbm-cpu,lightgbm,,cpu,,opponent,204.642,1,{},,,ok,COMPARABLE,MATCHED
amd,trees/gbdt-symmetric-1000/istella/rows=full,istella,istella-2043304x220,fit_or_operation,ours,mojolearn,,gpu,AMD Instinct Mi325X VF,identical,8894.746,1,"{""auc"": 0.977075, ""logloss"": 0.203751}",10738.2,,ok,NOT-COMPARABLE,MATCHED
amd,trees/gbdt-symmetric-1000/istella/rows=full,istella,istella-2043304x220,fit_or_operation,catboost-cpu,catboost,1.2.10,cpu,,opponent,87705.751,1,"{""auc"": 0.982309, ""logloss"": 0.17162}",9422.8,,ok,NOT-COMPARABLE,MATCHED
amd,trees/gbdt-symmetric-1000/istella/rows=full,istella,,inference,ours,mojolearn,,gpu,,identical,21.488,1,"{""auc"": 0.977075, ""auc_matches_fit"": true, ""logloss"": 0.203751, ""logloss_matches_fit"": true}",,,ok,NOT-COMPARABLE,MATCHED
amd,trees/gbdt-symmetric-1000/istella/rows=full,istella,,inference,catboost-cpu,catboost,,cpu,,opponent,88.773,1,"{""auc"": 0.982309, ""auc_matches_fit"": true, ""logloss"": 0.17162, ""logloss_matches_fit"": true}",,,ok,NOT-COMPARABLE,MATCHED
amd,trees/gbdt-symmetric-1000/istella/rows=full,istella,,inference,ours,mojolearn,,gpu,,identical,36.545,1,{},,,ok,NOT-COMPARABLE,MATCHED
amd,trees/gbdt-symmetric-1000/istella/rows=full,istella,,inference,catboost-cpu,catboost,,cpu,,opponent,108.73,1,{},,,ok,NOT-COMPARABLE,MATCHED
amd,trees/gbdt-symmetric-1000/taxi/rows=full,taxi,taxi-4110786x16,fit_or_operation,ours,mojolearn,,gpu,AMD Instinct Mi325X VF,identical,6114.344,1,"{""auc"": 0.62131, ""logloss"": 0.531329}",5761.9,,ok,COMPARABLE,MATCHED
amd,trees/gbdt-symmetric-1000/taxi/rows=full,taxi,taxi-4110786x16,fit_or_operation,catboost-cpu,catboost,1.2.10,cpu,,opponent,41736.932,1,"{""auc"": 0.631642, ""logloss"": 0.528267}",5999.5,,ok,COMPARABLE,MATCHED
amd,trees/gbdt-symmetric-1000/taxi/rows=full,taxi,,inference,ours,mojolearn,,gpu,,identical,6.769,1,"{""auc"": 0.62131, ""auc_matches_fit"": true, ""logloss"": 0.531329, ""logloss_matches_fit"": true}",,,ok,COMPARABLE,MATCHED
amd,trees/gbdt-symmetric-1000/taxi/rows=full,taxi,,inference,catboost-cpu,catboost,,cpu,,opponent,24.435,1,"{""auc"": 0.631642, ""auc_matches_fit"": true, ""logloss"": 0.528267, ""logloss_matches_fit"": true}",,,ok,COMPARABLE,MATCHED
amd,trees/gbdt-symmetric-1000/taxi/rows=full,taxi,,inference,ours,mojolearn,,gpu,,identical,12.537,1,{},,,ok,COMPARABLE,MATCHED
amd,trees/gbdt-symmetric-1000/taxi/rows=full,taxi,,inference,catboost-cpu,catboost,,cpu,,opponent,55.044,1,{},,,ok,COMPARABLE,MATCHED
amd,trees/gbdt-symmetric/istella/rows=full,istella,istella-2043304x220,fit_or_operation,ours,mojolearn,,gpu,AMD Instinct Mi325X VF,identical,5610.479,1,"{""auc"": 0.977075, ""logloss"": 0.203751}",10739.5,,ok,NOT-COMPARABLE,MATCHED
amd,trees/gbdt-symmetric/istella/rows=full,istella,istella-2043304x220,fit_or_operation,catboost-cpu,catboost,1.2.10,cpu,,opponent,44398.544,1,"{""auc"": 0.979899, ""logloss"": 0.188093}",9400.6,,ok,NOT-COMPARABLE,MATCHED
amd,trees/gbdt-symmetric/istella/rows=full,istella,,inference,ours,mojolearn,,gpu,,identical,20.206,1,"{""auc"": 0.977075, ""auc_matches_fit"": true, ""logloss"": 0.203751, ""logloss_matches_fit"": true}",,,ok,NOT-COMPARABLE,MATCHED
amd,trees/gbdt-symmetric/istella/rows=full,istella,,inference,catboost-cpu,catboost,,cpu,,opponent,70.071,1,"{""auc"": 0.979899, ""auc_matches_fit"": true, ""logloss"": 0.188093, ""logloss_matches_fit"": true}",,,ok,NOT-COMPARABLE,MATCHED
amd,trees/gbdt-symmetric/istella/rows=full,istella,,inference,ours,mojolearn,,gpu,,identical,39.927,1,{},,,ok,NOT-COMPARABLE,MATCHED
amd,trees/gbdt-symmetric/istella/rows=full,istella,,inference,catboost-cpu,catboost,,cpu,,opponent,110.756,1,{},,,ok,NOT-COMPARABLE,MATCHED
amd,trees/gbdt-symmetric/taxi/rows=full,taxi,taxi-4110786x16,fit_or_operation,ours,mojolearn,,gpu,AMD Instinct Mi325X VF,identical,3215.782,1,"{""auc"": 0.62131, ""logloss"": 0.531329}",5747.2,,ok,COMPARABLE,MATCHED
amd,trees/gbdt-symmetric/taxi/rows=full,taxi,taxi-4110786x16,fit_or_operation,catboost-cpu,catboost,1.2.10,cpu,,opponent,21286.928,1,"{""auc"": 0.630269, ""logloss"": 0.52865}",5984.4,,ok,COMPARABLE,MATCHED
amd,trees/gbdt-symmetric/taxi/rows=full,taxi,,inference,ours,mojolearn,,gpu,,identical,4.422,1,"{""auc"": 0.62131, ""auc_matches_fit"": true, ""logloss"": 0.531329, ""logloss_matches_fit"": true}",,,ok,COMPARABLE,MATCHED
amd,trees/gbdt-symmetric/taxi/rows=full,taxi,,inference,catboost-cpu,catboost,,cpu,,opponent,16.814,1,"{""auc"": 0.630269, ""auc_matches_fit"": true, ""logloss"": 0.52865, ""logloss_matches_fit"": true}",,,ok,COMPARABLE,MATCHED
amd,trees/gbdt-symmetric/taxi/rows=full,taxi,,inference,ours,mojolearn,,gpu,,identical,7.848,1,{},,,ok,COMPARABLE,MATCHED
amd,trees/gbdt-symmetric/taxi/rows=full,taxi,,inference,catboost-cpu,catboost,,cpu,,opponent,42.696,1,{},,,ok,COMPARABLE,MATCHED
amd,trees/iforest/istella/rows=full,istella,istella-2043304x220,fit_or_operation,ours,mojolearn,,gpu,AMD Instinct Mi325X VF,identical,245.47,1,"{""auc"": 0.830358}",22566.1,,ok,UNKNOWN,MATCHED
amd,trees/iforest/istella/rows=full,istella,istella-2043304x220,fit_or_operation,sklearn-iforest-cpu,scikit-learn,1.7.2,cpu,,opponent,239.878,1,"{""auc"": 0.827914}",22740.9,,ok,UNKNOWN,MATCHED
amd,trees/iforest/istella/rows=full,istella,,inference,ours,mojolearn,,gpu,,identical,571.496,1,"{""auc"": 0.830358, ""auc_matches_fit"": true}",,,ok,UNKNOWN,MATCHED
amd,trees/iforest/istella/rows=full,istella,,inference,sklearn-iforest-cpu,scikit-learn,,cpu,,opponent,1997.816,1,"{""auc"": 0.827914, ""auc_matches_fit"": true}",,,ok,UNKNOWN,MATCHED
amd,trees/iforest/istella/rows=full,istella,,inference,ours,mojolearn,,gpu,,identical,1010.419,1,{},,,ok,UNKNOWN,MATCHED
amd,trees/iforest/istella/rows=full,istella,,inference,sklearn-iforest-cpu,scikit-learn,,cpu,,opponent,3985.782,1,{},,,ok,UNKNOWN,MATCHED
amd,trees/iforest/taxi/rows=full,taxi,taxi-4110786x16,fit_or_operation,ours,mojolearn,,gpu,AMD Instinct Mi325X VF,identical,173.252,1,"{""auc"": 0.551846}",5653.5,,ok,UNKNOWN,MATCHED
amd,trees/iforest/taxi/rows=full,taxi,taxi-4110786x16,fit_or_operation,sklearn-iforest-cpu,scikit-learn,1.7.2,cpu,,opponent,376.713,1,"{""auc"": 0.552849}",6800.6,,ok,UNKNOWN,MATCHED
amd,trees/iforest/taxi/rows=full,taxi,,inference,ours,mojolearn,,gpu,,identical,103.736,1,"{""auc"": 0.551846, ""auc_matches_fit"": true}",,,ok,UNKNOWN,MATCHED
amd,trees/iforest/taxi/rows=full,taxi,,inference,sklearn-iforest-cpu,scikit-learn,,cpu,,opponent,759.31,1,"{""auc"": 0.552849, ""auc_matches_fit"": true}",,,ok,UNKNOWN,MATCHED
amd,trees/iforest/taxi/rows=full,taxi,,inference,ours,mojolearn,,gpu,,identical,138.143,1,{},,,ok,UNKNOWN,MATCHED
amd,trees/iforest/taxi/rows=full,taxi,,inference,sklearn-iforest-cpu,scikit-learn,,cpu,,opponent,1474.963,1,{},,,ok,UNKNOWN,MATCHED
amd,trees/rf/istella/rows=full,istella,istella-2043304x220,fit_or_operation,ours,mojolearn,,gpu,AMD Instinct Mi325X VF,identical,5106.868,1,"{""auc"": 0.945385, ""logloss"": 0.182017}",23394.6,,ok,COMPARABLE,MATCHED
amd,trees/rf/istella/rows=full,istella,istella-2043304x220,fit_or_operation,sklearn-rf-cpu,scikit-learn,1.7.2,cpu,,opponent,90551.098,1,"{""auc"": 0.945303, ""logloss"": 0.182308}",26302.6,,ok,COMPARABLE,MATCHED
amd,trees/rf/istella/rows=full,istella,istella-2043304x220,fit_or_operation,lightgbm-cpu,lightgbm,4.7.0,cpu,,opponent,21418.095,1,"{""auc"": 0.945361, ""logloss"": 0.195422}",25240.8,,ok,COMPARABLE,MATCHED
amd,trees/rf/istella/rows=full,istella,,inference,ours,mojolearn,,gpu,,identical,59.796,1,"{""auc"": 0.945385, ""auc_matches_fit"": true, ""logloss"": 0.182017, ""logloss_matches_fit"": true}",,,ok,COMPARABLE,MATCHED
amd,trees/rf/istella/rows=full,istella,,inference,sklearn-rf-cpu,scikit-learn,,cpu,,opponent,637.215,1,"{""auc"": 0.945303, ""auc_matches_fit"": true, ""logloss"": 0.182308, ""logloss_matches_fit"": true}",,,ok,COMPARABLE,MATCHED
amd,trees/rf/istella/rows=full,istella,,inference,lightgbm-cpu,lightgbm,,cpu,,opponent,700.365,1,"{""auc"": 0.945361, ""auc_matches_fit"": true, ""logloss"": 0.195422, ""logloss_matches_fit"": true}",,,ok,COMPARABLE,MATCHED
amd,trees/rf/istella/rows=full,istella,,inference,ours,mojolearn,,gpu,,identical,118.765,1,{},,,ok,COMPARABLE,MATCHED
amd,trees/rf/istella/rows=full,istella,,inference,sklearn-rf-cpu,scikit-learn,,cpu,,opponent,1405.573,1,{},,,ok,COMPARABLE,MATCHED
amd,trees/rf/istella/rows=full,istella,,inference,lightgbm-cpu,lightgbm,,cpu,,opponent,1370.753,1,{},,,ok,COMPARABLE,MATCHED
amd,trees/rf/taxi/rows=full,taxi,taxi-4110786x16,fit_or_operation,ours,mojolearn,,gpu,AMD Instinct Mi325X VF,identical,6754.476,1,"{""auc"": 0.617838, ""logloss"": 0.525953}",9637.5,,ok,NOT-COMPARABLE,MATCHED
amd,trees/rf/taxi/rows=full,taxi,taxi-4110786x16,fit_or_operation,sklearn-rf-cpu,scikit-learn,1.7.2,cpu,,opponent,58857.089,1,"{""auc"": 0.617678, ""logloss"": 0.525532}",15207.1,,ok,NOT-COMPARABLE,MATCHED
amd,trees/rf/taxi/rows=full,taxi,taxi-4110786x16,fit_or_operation,lightgbm-cpu,lightgbm,4.7.0,cpu,,opponent,14318.321,1,"{""auc"": 0.61704, ""logloss"": 0.526421}",15138.9,,ok,NOT-COMPARABLE,MATCHED
amd,trees/rf/taxi/rows=full,taxi,,inference,ours,mojolearn,,gpu,,identical,12.874,1,"{""auc"": 0.617838, ""auc_matches_fit"": true, ""logloss"": 0.525953, ""logloss_matches_fit"": true}",,,ok,NOT-COMPARABLE,MATCHED
amd,trees/rf/taxi/rows=full,taxi,,inference,sklearn-rf-cpu,scikit-learn,,cpu,,opponent,302.585,1,"{""auc"": 0.617678, ""auc_matches_fit"": true, ""logloss"": 0.525532, ""logloss_matches_fit"": true}",,,ok,NOT-COMPARABLE,MATCHED
amd,trees/rf/taxi/rows=full,taxi,,inference,lightgbm-cpu,lightgbm,,cpu,,opponent,704.432,1,"{""auc"": 0.61704, ""auc_matches_fit"": true, ""logloss"": 0.526421, ""logloss_matches_fit"": true}",,,ok,NOT-COMPARABLE,MATCHED
amd,trees/rf/taxi/rows=full,taxi,,inference,ours,mojolearn,,gpu,,identical,22.569,1,{},,,ok,NOT-COMPARABLE,MATCHED
amd,trees/rf/taxi/rows=full,taxi,,inference,sklearn-rf-cpu,scikit-learn,,cpu,,opponent,561.56,1,{},,,ok,NOT-COMPARABLE,MATCHED
amd,trees/rf/taxi/rows=full,taxi,,inference,lightgbm-cpu,lightgbm,,cpu,,opponent,1404.502,1,{},,,ok,NOT-COMPARABLE,MATCHED
m2pro,classical/dbscan/taxi/rows=full,taxi,1000000x11,fit_or_operation,ours,mojolearn,0.8.25,gpu,Apple M2 Pro,identical,,0,{},,,"REFUSED(error: {""error"": ""Exception('dbscan: the ball-cover neighbourhood has -2138378046 edges in one batch, which does not fit the int32 CSR this implementation uses. cuML requires int64 labels for RBC (runner.cuh)",LIKE-FOR-LIKE-SPAN,MATCHED
m2pro,classical/dbscan/taxi/rows=full,taxi,1000000x11,fit_or_operation,ours-fast,mojolearn,0.8.25,gpu,Apple M2 Pro,fast,,0,{},,,"REFUSED(error: {""error"": ""Exception('dbscan: the ball-cover neighbourhood has -2138378046 edges in one batch, which does not fit the int32 CSR this implementation uses. cuML requires int64 labels for RBC (runner.cuh)",LIKE-FOR-LIKE-SPAN,MATCHED
m2pro,classical/dbscan/taxi/rows=full,taxi,1000000x11,fit_or_operation,sklearn-cpu,scikit-learn,1.7.2,cpu,arm,opponent,,0,{},,,"HOST-MEMORY(killed at 30.6 GB: the driver's process tree held 32.9 GB, over 90% of the box's 34.4 GB)",LIKE-FOR-LIKE-SPAN,MATCHED
m2pro,classical/hdbscan/istella/rows=full,istella,1000000x220,fit_or_operation,ours,mojolearn,0.8.25,gpu,Apple M2 Pro,identical,,0,{},,,"REFUSED(error: {""error"": ""Exception(\""hdbscan.build_mr_linkage: n_rows=100000 > 46340; the dense mutual reachability graph is m * m cells and hierarchy's PAIRWISE connectivity refuses past that bound (their value_id)",LIKE-FOR-LIKE-SPAN,MATCHED
m2pro,classical/hdbscan/istella/rows=full,istella,1000000x220,fit_or_operation,ours-fast,mojolearn,0.8.25,gpu,Apple M2 Pro,fast,,0,{},,,"REFUSED(error: {""error"": ""Exception(\""hdbscan.build_mr_linkage: n_rows=100000 > 46340; the dense mutual reachability graph is m * m cells and hierarchy's PAIRWISE connectivity refuses past that bound (their value_id)",LIKE-FOR-LIKE-SPAN,MATCHED
m2pro,classical/hdbscan/istella/rows=full,istella,1000000x220,fit_or_operation,sklearn-cpu,scikit-learn,1.7.2,cpu,arm,opponent,852655.6830419868,1,"{""n_clusters"": 52, ""noise_fraction"": 0.25257, ""rows"": 100000}",1368.1,,ok,LIKE-FOR-LIKE-SPAN,MATCHED
m2pro,classical/hdbscan/taxi/rows=full,taxi,1000000x11,fit_or_operation,ours,mojolearn,0.8.25,gpu,Apple M2 Pro,identical,,0,{},,,"REFUSED(error: {""error"": ""Exception(\""hdbscan.build_mr_linkage: n_rows=100000 > 46340; the dense mutual reachability graph is m * m cells and hierarchy's PAIRWISE connectivity refuses past that bound (their value_id)",LIKE-FOR-LIKE-SPAN,MATCHED
m2pro,classical/hdbscan/taxi/rows=full,taxi,1000000x11,fit_or_operation,ours-fast,mojolearn,0.8.25,gpu,Apple M2 Pro,fast,2443.9399160037283,1,"{""n_clusters"": 160, ""noise_fraction"": 0.14222, ""rows"": 100000}",229.6,,ok,LIKE-FOR-LIKE-SPAN,MATCHED
m2pro,classical/hdbscan/taxi/rows=full,taxi,1000000x11,fit_or_operation,sklearn-cpu,scikit-learn,1.7.2,cpu,arm,opponent,42033.311458013486,1,"{""n_clusters"": 161, ""noise_fraction"": 0.13462, ""rows"": 100000}",235.5,,ok,LIKE-FOR-LIKE-SPAN,MATCHED
m2pro,classical/kde/istella/rows=full,istella,100000x220,fit_or_operation,ours,mojolearn,0.8.25,gpu,Apple M2 Pro,identical,573.7298750027549,1,"{""mean_log_likelihood"": -222.27058616638183, ""rows_without_density"": 0}",1001.8,,ok,LIKE-FOR-LIKE-SPAN,MATCHED
m2pro,classical/kde/istella/rows=full,istella,100000x220,fit_or_operation,ours-fast,mojolearn,0.8.25,gpu,Apple M2 Pro,fast,2222.5324580213055,1,"{""mean_log_likelihood"": -222.27058627319337, ""rows_without_density"": 0}",234.7,,ok,LIKE-FOR-LIKE-SPAN,MATCHED
m2pro,classical/kde/istella/rows=full,istella,100000x220,fit_or_operation,sklearn-cpu,scikit-learn,1.7.2,cpu,arm,opponent,62876.89612500253,1,"{""mean_log_likelihood"": -226.97740308291563, ""rows_without_density"": 0}",408.1,,ok,LIKE-FOR-LIKE-SPAN,MATCHED
m2pro,classical/kde/taxi/rows=full,taxi,100000x11,fit_or_operation,ours,mojolearn,0.8.25,gpu,Apple M2 Pro,identical,262.1410420106258,1,"{""mean_log_likelihood"": -14.826460295200349, ""rows_without_density"": 0}",832.9,,ok,LIKE-FOR-LIKE-SPAN,MATCHED
m2pro,classical/kde/taxi/rows=full,taxi,100000x11,fit_or_operation,ours-fast,mojolearn,0.8.25,gpu,Apple M2 Pro,fast,72.79708300484344,1,"{""mean_log_likelihood"": -14.826460656642913, ""rows_without_density"": 0}",64.9,,ok,LIKE-FOR-LIKE-SPAN,MATCHED
m2pro,classical/kde/taxi/rows=full,taxi,100000x11,fit_or_operation,sklearn-cpu,scikit-learn,1.7.2,cpu,arm,opponent,8497.919624991482,1,"{""mean_log_likelihood"": -14.82643653815113, ""rows_without_density"": 0}",147.6,,ok,LIKE-FOR-LIKE-SPAN,MATCHED
m2pro,classical/kmeans/istella/rows=full,istella,2043304x220,fit_or_operation,ours,mojolearn,0.8.25,gpu,Apple M2 Pro,identical,7376.316292007687,1,"{""inertia"": 6.050717116872483e+17, ""inertia_over_ours"": 1.0, ""n_iter"": 33}",4059.9,,ok,LIKE-FOR-LIKE-SPAN,MATCHED
m2pro,classical/kmeans/istella/rows=full,istella,2043304x220,fit_or_operation,ours-fast,mojolearn,0.8.25,gpu,Apple M2 Pro,fast,7879.54166700365,1,"{""inertia"": 6.050717116872483e+17, ""inertia_over_ours"": 1.0, ""n_iter"": 33}",4052.3,,ok,LIKE-FOR-LIKE-SPAN,MATCHED
m2pro,classical/kmeans/istella/rows=full,istella,2043304x220,fit_or_operation,sklearn-cpu,scikit-learn,1.7.2,cpu,arm,opponent,5074.342874984723,1,"{""inertia"": 5.958592868090035e+17, ""inertia_over_ours"": 0.9847746561270303, ""n_iter"": 31}",5745.9,,ok,LIKE-FOR-LIKE-SPAN,MATCHED
m2pro,classical/kmeans/istella/rows=full,istella,2043304x220,fit_or_operation,torch-gpu,torch,2.13.0,gpu,Apple MPS,opponent,28126.10275001498,1,"{""inertia"": 5.991151949322342e+17, ""inertia_over_ours"": 0.9901556846238866, ""n_iter"": 63}",9251.8,6912.6,ok,SPAN-ASYMMETRIC(upload_outside_its_clock),MATCHED
m2pro,classical/kmeans/istella/rows=full,istella,,inference,ours,mojolearn,,gpu,,identical,169.82570799882524,1,"{""eval_inertia"": 1.4173552267183102e+17, ""label_agreement_own_centers"": 1.0}",,,ok,LIKE-FOR-LIKE-SPAN,MATCHED
m2pro,classical/kmeans/istella/rows=full,istella,,inference,ours-fast,mojolearn,,gpu,,fast,300.27800000971183,1,"{""agreement_vs_ours"": 1.0, ""bits_equal_vs_ours"": true, ""eval_inertia"": 1.4173552267183102e+17, ""label_agreement_own_centers"": 1.0}",,,ok,LIKE-FOR-LIKE-SPAN,MATCHED
m2pro,classical/kmeans/istella/rows=full,istella,,inference,sklearn-cpu,scikit-learn,,cpu,,opponent,66.87379200593568,1,"{""agreement_vs_ours"": 0.0, ""bits_equal_vs_ours"": false, ""eval_inertia"": 1.4118852544252498e+17, ""label_agreement_own_centers"": 1.0}",,,ok,LIKE-FOR-LIKE-SPAN,MATCHED
m2pro,classical/kmeans/istella/rows=full,istella,,inference,torch-gpu,torch,,gpu,,opponent,69.79929201770574,1,"{""agreement_vs_ours"": 0.001558, ""bits_equal_vs_ours"": false, ""eval_inertia"": 1.4022732654158643e+17, ""label_agreement_own_centers"": 1.0}",,,ok,SPAN-ASYMMETRIC(upload_outside_its_clock),MATCHED
m2pro,classical/kmeans/taxi/rows=full,taxi,4000000x11,fit_or_operation,ours,mojolearn,0.8.25,gpu,Apple M2 Pro,identical,3230.156249977881,1,"{""inertia"": 309303365.56516206, ""inertia_over_ours"": 1.0, ""n_iter"": 91}",680.0,,ok,LIKE-FOR-LIKE-SPAN,MATCHED
m2pro,classical/kmeans/taxi/rows=full,taxi,4000000x11,fit_or_operation,ours-fast,mojolearn,0.8.25,gpu,Apple M2 Pro,fast,2992.7069170225877,1,"{""inertia"": 309303365.56516206, ""inertia_over_ours"": 1.0, ""n_iter"": 91}",679.0,,ok,LIKE-FOR-LIKE-SPAN,MATCHED
m2pro,classical/kmeans/taxi/rows=full,taxi,4000000x11,fit_or_operation,sklearn-cpu,scikit-learn,1.7.2,cpu,arm,opponent,3981.405458005611,1,"{""inertia"": 316635277.02427024, ""inertia_over_ours"": 1.0237045964427554, ""n_iter"": 174}",407.0,,ok,LIKE-FOR-LIKE-SPAN,MATCHED
m2pro,classical/kmeans/taxi/rows=full,taxi,4000000x11,fit_or_operation,torch-gpu,torch,2.13.0,gpu,Apple MPS,opponent,7123.240999993868,1,"{""inertia"": 306002940.8724643, ""inertia_over_ours"": 0.9893294898790798, ""n_iter"": 65}",1628.4,1208.6,ok,SPAN-ASYMMETRIC(upload_outside_its_clock),MATCHED
m2pro,classical/kmeans/taxi/rows=full,taxi,,inference,ours,mojolearn,,gpu,,identical,33.418290986446664,1,"{""eval_inertia"": 48239340.71589109, ""label_agreement_own_centers"": 0.999998}",,,ok,LIKE-FOR-LIKE-SPAN,MATCHED
m2pro,classical/kmeans/taxi/rows=full,taxi,,inference,ours-fast,mojolearn,,gpu,,fast,28.5912080144044,1,"{""agreement_vs_ours"": 1.0, ""bits_equal_vs_ours"": true, ""eval_inertia"": 48239340.71589109, ""label_agreement_own_centers"": 0.999998}",,,ok,LIKE-FOR-LIKE-SPAN,MATCHED
m2pro,classical/kmeans/taxi/rows=full,taxi,,inference,sklearn-cpu,scikit-learn,,cpu,,opponent,14.86033300170675,1,"{""agreement_vs_ours"": 0.021912, ""bits_equal_vs_ours"": false, ""eval_inertia"": 50460242.095669694, ""label_agreement_own_centers"": 0.999998}",,,ok,LIKE-FOR-LIKE-SPAN,MATCHED
m2pro,classical/kmeans/taxi/rows=full,taxi,,inference,torch-gpu,torch,,gpu,,opponent,53.23129100725055,1,"{""agreement_vs_ours"": 0.020702, ""bits_equal_vs_ours"": false, ""eval_inertia"": 45712077.19976559, ""label_agreement_own_centers"": 1.0}",,,ok,SPAN-ASYMMETRIC(upload_outside_its_clock),MATCHED
m2pro,classical/knn/istella/rows=full,istella,400000x220,fit_or_operation,ours,mojolearn,0.8.25,gpu,Apple M2 Pro,identical,5407.581625011517,1,"{""recall_at_k"": 0.97625, ""rows_with_repeated_ids"": 0}",1375.2,,ok,LIKE-FOR-LIKE-SPAN,MATCHED
m2pro,classical/knn/istella/rows=full,istella,400000x220,fit_or_operation,ours-fast,mojolearn,0.8.25,gpu,Apple M2 Pro,fast,6671.17808299372,1,"{""recall_at_k"": 0.97661328125, ""rows_with_repeated_ids"": 0}",1337.3,,ok,LIKE-FOR-LIKE-SPAN,MATCHED
m2pro,classical/knn/istella/rows=full,istella,400000x220,fit_or_operation,sklearn-cpu,scikit-learn,1.7.2,cpu,arm,opponent,1391.0257919924334,1,"{""recall_at_k"": 1.0, ""rows_with_repeated_ids"": 0}",507.7,,ok,LIKE-FOR-LIKE-SPAN,MATCHED
m2pro,classical/knn/istella/rows=full,istella,400000x220,fit_or_operation,torch-gpu,torch,2.13.0,gpu,Apple MPS,opponent,2540.3214579855558,1,"{""recall_at_k"": 0.97997265625, ""rows_with_repeated_ids"": 0}",9403.5,8892.4,ok,SPAN-ASYMMETRIC(upload_outside_its_clock),MATCHED
m2pro,classical/knn/taxi/rows=full,taxi,400000x11,fit_or_operation,ours,mojolearn,0.8.25,gpu,Apple M2 Pro,identical,5939.323250000598,1,"{""recall_at_k"": 0.99975390625, ""rows_with_repeated_ids"": 0}",411.4,,ok,LIKE-FOR-LIKE-SPAN,MATCHED
m2pro,classical/knn/taxi/rows=full,taxi,400000x11,fit_or_operation,ours-fast,mojolearn,0.8.25,gpu,Apple M2 Pro,fast,809.3165830068756,1,"{""recall_at_k"": 0.99975390625, ""rows_with_repeated_ids"": 0}",690.0,,ok,LIKE-FOR-LIKE-SPAN,MATCHED
m2pro,classical/knn/taxi/rows=full,taxi,400000x11,fit_or_operation,sklearn-cpu,scikit-learn,1.7.2,cpu,arm,opponent,823.0545000114944,1,"{""recall_at_k"": 1.0, ""rows_with_repeated_ids"": 0}",174.4,,ok,LIKE-FOR-LIKE-SPAN,MATCHED
m2pro,classical/knn/taxi/rows=full,taxi,400000x11,fit_or_operation,torch-gpu,torch,2.13.0,gpu,Apple MPS,opponent,2417.9519999888726,1,"{""recall_at_k"": 0.99973828125, ""rows_with_repeated_ids"": 0}",9075.2,8886.4,ok,SPAN-ASYMMETRIC(upload_outside_its_clock),MATCHED
m2pro,classical/ols/istella/rows=full,istella,2043304x220,fit_or_operation,ours,mojolearn,0.8.25,gpu,Apple M2 Pro,identical,4609.922582982108,1,"{""finite"": true, ""r2"": 0.3319443836684286, ""rmse"": 0.6820269439943614}",9082.9,,ok,LIKE-FOR-LIKE-SPAN,MATCHED
m2pro,classical/ols/istella/rows=full,istella,2043304x220,fit_or_operation,ours-fast,mojolearn,0.8.25,gpu,Apple M2 Pro,fast,4985.236624983372,1,"{""finite"": true, ""r2"": 0.3210922685130948, ""rmse"": 0.6875441633718395}",9082.8,,ok,LIKE-FOR-LIKE-SPAN,MATCHED
m2pro,classical/ols/istella/rows=full,istella,2043304x220,fit_or_operation,sklearn-cpu,scikit-learn,1.7.2,cpu,arm,opponent,5117.031332978513,1,"{""finite"": true, ""r2"": 0.0018812499493927604, ""rmse"": 0.8336549427116416}",5723.9,,ok,LIKE-FOR-LIKE-SPAN,MATCHED
m2pro,classical/ols/istella/rows=full,istella,2043304x220,fit_or_operation,torch-gpu,torch,2.13.0,gpu,Apple MPS,opponent,,0,{},,,"REFUSED(error: {""error"": ""NotImplementedError(\""The operator 'aten::linalg_lstsq.out' is not currently implemented for the MPS device. If you want this op to be considered for addition please comment on https://gith)",SPAN-ASYMMETRIC(upload_outside_its_clock),MATCHED
m2pro,classical/ols/istella/rows=full,istella,,inference,ours,mojolearn,,gpu,,identical,109.43300000508316,1,"{""predict_max_rel_err_own_fp64"": 9.58131393081632e-07, ""r2_eval"": 0.3319443958891074, ""rmse_eval"": 0.6820269377562338}",,,ok,LIKE-FOR-LIKE-SPAN,MATCHED
m2pro,classical/ols/istella/rows=full,istella,,inference,ours-fast,mojolearn,,gpu,,fast,83.76529099768959,1,"{""bits_equal_vs_ours"": false, ""max_abs_diff_vs_ours"": 2.693978786468506, ""predict_max_rel_err_own_fp64"": 8.386775789860427e-07, ""r2_eval"": 0.32109226813909575, ""rmse_eval"": 0.687544163561218}",,,ok,LIKE-FOR-LIKE-SPAN,MATCHED
m2pro,classical/ols/istella/rows=full,istella,,inference,sklearn-cpu,scikit-learn,,cpu,,opponent,63.70895798318088,1,"{""bits_equal_vs_ours"": false, ""max_abs_diff_vs_ours"": 7.010309338569641, ""predict_max_rel_err_own_fp64"": 1.1804720748776936e-07, ""r2_eval"": 0.0018812500435287927, ""rmse_eval"": 0.8336549426723292}",,,ok,LIKE-FOR-LIKE-SPAN,MATCHED
m2pro,classical/ols/istella/rows=full,istella,,inference,torch-gpu,torch,,gpu,,opponent,,0,{},,,REFUSED(no_fit: null),SPAN-ASYMMETRIC(upload_outside_its_clock),MATCHED
m2pro,classical/ols/taxi/rows=full,taxi,4000000x11,fit_or_operation,ours,mojolearn,0.8.25,gpu,Apple M2 Pro,identical,151.56679198844358,1,"{""finite"": true, ""r2"": 0.9088369847359253, ""rmse"": 4.696465686426404}",797.5,,ok,LIKE-FOR-LIKE-SPAN,MATCHED
m2pro,classical/ols/taxi/rows=full,taxi,4000000x11,fit_or_operation,ours-fast,mojolearn,0.8.25,gpu,Apple M2 Pro,fast,137.27074998314492,1,"{""finite"": true, ""r2"": 0.9088378158593475, ""rmse"": 4.696444277790902}",797.6,,ok,LIKE-FOR-LIKE-SPAN,MATCHED
m2pro,classical/ols/taxi/rows=full,taxi,4000000x11,fit_or_operation,sklearn-cpu,scikit-learn,1.7.2,cpu,arm,opponent,306.31245899712667,1,"{""finite"": true, ""r2"": 0.7248478124790966, ""rmse"": 8.159213511059605}",376.4,,ok,LIKE-FOR-LIKE-SPAN,MATCHED
m2pro,classical/ols/taxi/rows=full,taxi,4000000x11,fit_or_operation,torch-gpu,torch,2.13.0,gpu,Apple MPS,opponent,,0,{},,,"REFUSED(error: {""error"": ""NotImplementedError(\""The operator 'aten::linalg_lstsq.out' is not currently implemented for the MPS device. If you want this op to be considered for addition please comment on https://gith)",SPAN-ASYMMETRIC(upload_outside_its_clock),MATCHED
m2pro,classical/ols/taxi/rows=full,taxi,,inference,ours,mojolearn,,gpu,,identical,23.54970801388845,1,"{""predict_max_rel_err_own_fp64"": 8.387224810034562e-08, ""r2_eval"": 0.9088369826304911, ""rmse_eval"": 4.69646574065947}",,,ok,LIKE-FOR-LIKE-SPAN,MATCHED
m2pro,classical/ols/taxi/rows=full,taxi,,inference,ours-fast,mojolearn,,gpu,,fast,24.41354200709611,1,"{""bits_equal_vs_ours"": false, ""max_abs_diff_vs_ours"": 0.0267333984375, ""predict_max_rel_err_own_fp64"": 1.149704000787901e-07, ""r2_eval"": 0.9088378167885579, ""rmse_eval"": 4.696444253855622}",,,ok,LIKE-FOR-LIKE-SPAN,MATCHED
m2pro,classical/ols/taxi/rows=full,taxi,,inference,sklearn-cpu,scikit-learn,,cpu,,opponent,6.566791998920962,1,"{""bits_equal_vs_ours"": false, ""max_abs_diff_vs_ours"": 197.9591064453125, ""predict_max_rel_err_own_fp64"": 1.016421919775188e-07, ""r2_eval"": 0.7248478136835294, ""rmse_eval"": 8.159213493201808}",,,ok,LIKE-FOR-LIKE-SPAN,MATCHED
m2pro,classical/ols/taxi/rows=full,taxi,,inference,torch-gpu,torch,,gpu,,opponent,,0,{},,,REFUSED(no_fit: null),SPAN-ASYMMETRIC(upload_outside_its_clock),MATCHED
m2pro,classical/pca/istella/rows=full,istella,2043304x220,fit_or_operation,ours,mojolearn,0.8.25,gpu,Apple M2 Pro,identical,3817.3647499934305,1,"{""explained_variance_ratio_sum"": 1.0000000601750403}",7349.3,,ok,LIKE-FOR-LIKE-SPAN,MATCHED
m2pro,classical/pca/istella/rows=full,istella,2043304x220,fit_or_operation,ours-fast,mojolearn,0.8.25,gpu,Apple M2 Pro,fast,4125.099625001894,1,"{""explained_variance_ratio_sum"": 1.0000000563033837}",7348.3,,ok,LIKE-FOR-LIKE-SPAN,MATCHED
m2pro,classical/pca/istella/rows=full,istella,2043304x220,fit_or_operation,sklearn-cpu,scikit-learn,1.7.2,cpu,arm,opponent,285.17033299431205,1,"{""explained_variance_ratio_sum"": 0.9999999491312511}",2280.2,,ok,LIKE-FOR-LIKE-SPAN,MATCHED
m2pro,classical/pca/istella/rows=full,istella,2043304x220,fit_or_operation,torch-gpu,torch,2.13.0,gpu,Apple MPS,opponent,,0,{},,,"REFUSED(error: {""error"": ""NotImplementedError(\""The operator 'aten::_linalg_eigh.eigenvalues' is not currently implemented for the MPS device. If you want this op to be considered for addition please comment on http)",SPAN-ASYMMETRIC(upload_outside_its_clock),MATCHED
m2pro,classical/pca/istella/rows=full,istella,,inference,ours,mojolearn,,gpu,,identical,223.85812501306646,1,"{""transform_max_rel_err_own_fp64"": 3.75014958666863e-07}",,,ok,LIKE-FOR-LIKE-SPAN,MATCHED
m2pro,classical/pca/istella/rows=full,istella,,inference,ours-fast,mojolearn,,gpu,,fast,202.93058300740086,1,"{""bits_equal_vs_ours"": false, ""max_abs_diff_vs_ours"": 62156.501953125, ""transform_max_rel_err_own_fp64"": 3.7814299177805e-07}",,,ok,LIKE-FOR-LIKE-SPAN,MATCHED
m2pro,classical/pca/istella/rows=full,istella,,inference,sklearn-cpu,scikit-learn,,cpu,,opponent,77.9011250124313,1,"{""bits_equal_vs_ours"": false, ""max_abs_diff_vs_ours"": 87980.7880859375, ""transform_max_rel_err_own_fp64"": 3.839388757293979e-07}",,,ok,LIKE-FOR-LIKE-SPAN,MATCHED
m2pro,classical/pca/istella/rows=full,istella,,inference,torch-gpu,torch,,gpu,,opponent,,0,{},,,REFUSED(no_fit: null),SPAN-ASYMMETRIC(upload_outside_its_clock),MATCHED
m2pro,classical/pca/taxi/rows=full,taxi,4000000x11,fit_or_operation,ours,mojolearn,0.8.25,gpu,Apple M2 Pro,identical,126.23929200344719,1,"{""explained_variance_ratio_sum"": 0.999996394670572}",766.5,,ok,LIKE-FOR-LIKE-SPAN,MATCHED
m2pro,classical/pca/taxi/rows=full,taxi,4000000x11,fit_or_operation,ours-fast,mojolearn,0.8.25,gpu,Apple M2 Pro,fast,82.09670797805302,1,"{""explained_variance_ratio_sum"": 0.9999966816329067}",765.5,,ok,LIKE-FOR-LIKE-SPAN,MATCHED
m2pro,classical/pca/taxi/rows=full,taxi,4000000x11,fit_or_operation,sklearn-cpu,scikit-learn,1.7.2,cpu,arm,opponent,142.6237499981653,1,"{""explained_variance_ratio_sum"": 0.999995959780684}",340.8,,ok,LIKE-FOR-LIKE-SPAN,MATCHED
m2pro,classical/pca/taxi/rows=full,taxi,4000000x11,fit_or_operation,torch-gpu,torch,2.13.0,gpu,Apple MPS,opponent,,0,{},,,"REFUSED(error: {""error"": ""NotImplementedError(\""The operator 'aten::_linalg_eigh.eigenvalues' is not currently implemented for the MPS device. If you want this op to be considered for addition please comment on http)",SPAN-ASYMMETRIC(upload_outside_its_clock),MATCHED
m2pro,classical/pca/taxi/rows=full,taxi,,inference,ours,mojolearn,,gpu,,identical,56.11787500674836,1,"{""transform_max_rel_err_own_fp64"": 1.0851396779324888e-07}",,,ok,LIKE-FOR-LIKE-SPAN,MATCHED
m2pro,classical/pca/taxi/rows=full,taxi,,inference,ours-fast,mojolearn,,gpu,,fast,49.00545801501721,1,"{""bits_equal_vs_ours"": false, ""max_abs_diff_vs_ours"": 0.0030172374099493027, ""transform_max_rel_err_own_fp64"": 1.1864323327505036e-07}",,,ok,LIKE-FOR-LIKE-SPAN,MATCHED
m2pro,classical/pca/taxi/rows=full,taxi,,inference,sklearn-cpu,scikit-learn,,cpu,,opponent,17.134291003458202,1,"{""bits_equal_vs_ours"": false, ""max_abs_diff_vs_ours"": 0.7199101448059082, ""transform_max_rel_err_own_fp64"": 1.160600844629448e-07}",,,ok,LIKE-FOR-LIKE-SPAN,MATCHED
m2pro,classical/pca/taxi/rows=full,taxi,,inference,torch-gpu,torch,,gpu,,opponent,,0,{},,,REFUSED(no_fit: null),SPAN-ASYMMETRIC(upload_outside_its_clock),MATCHED
m2pro,classical/svc/istella/rows=full,istella,10000x220,fit_or_operation,ours,mojolearn,0.8.25,gpu,Apple M2 Pro,identical,189.4803749746643,1,"{""accuracy"": 0.9222, ""n_support"": 2400}",168.7,,ok,LIKE-FOR-LIKE-SPAN,MATCHED
m2pro,classical/svc/istella/rows=full,istella,10000x220,fit_or_operation,ours-fast,mojolearn,0.8.25,gpu,Apple M2 Pro,fast,525.7400830159895,1,"{""accuracy"": 0.9222, ""n_support"": 2401}",205.2,,ok,LIKE-FOR-LIKE-SPAN,MATCHED
m2pro,classical/svc/istella/rows=full,istella,10000x220,fit_or_operation,sklearn-cpu,scikit-learn,1.7.2,cpu,arm,opponent,1320.6057919887826,1,"{""accuracy"": 0.9222, ""n_support"": 2400}",277.6,,ok,LIKE-FOR-LIKE-SPAN,MATCHED
m2pro,classical/svc/istella/rows=full,istella,,inference,ours,mojolearn,,gpu,,identical,90.00466598081402,1,"{""accuracy_eval"": 0.9222}",,,ok,LIKE-FOR-LIKE-SPAN,MATCHED
m2pro,classical/svc/istella/rows=full,istella,,inference,ours-fast,mojolearn,,gpu,,fast,181.61308401613496,1,"{""accuracy_eval"": 0.9222, ""agreement_vs_ours"": 1.0, ""bits_equal_vs_ours"": true}",,,ok,LIKE-FOR-LIKE-SPAN,MATCHED
m2pro,classical/svc/istella/rows=full,istella,,inference,sklearn-cpu,scikit-learn,,cpu,,opponent,2095.634874975076,1,"{""accuracy_eval"": 0.9222, ""agreement_vs_ours"": 1.0, ""bits_equal_vs_ours"": true}",,,ok,LIKE-FOR-LIKE-SPAN,MATCHED
m2pro,classical/svc/taxi/rows=full,taxi,10000x11,fit_or_operation,ours,mojolearn,0.8.25,gpu,Apple M2 Pro,identical,1132.990707992576,1,"{""accuracy"": 0.7675, ""n_support"": 5527}",122.4,,ok,LIKE-FOR-LIKE-SPAN,MATCHED
m2pro,classical/svc/taxi/rows=full,taxi,10000x11,fit_or_operation,ours-fast,mojolearn,0.8.25,gpu,Apple M2 Pro,fast,648.6689590092283,1,"{""accuracy"": 0.7675, ""n_support"": 5533}",153.5,,ok,LIKE-FOR-LIKE-SPAN,MATCHED
m2pro,classical/svc/taxi/rows=full,taxi,10000x11,fit_or_operation,sklearn-cpu,scikit-learn,1.7.2,cpu,arm,opponent,3106.165790988598,1,"{""accuracy"": 0.7675, ""n_support"": 5672}",431.1,,ok,LIKE-FOR-LIKE-SPAN,MATCHED
m2pro,classical/svc/taxi/rows=full,taxi,,inference,ours,mojolearn,,gpu,,identical,78.36466599837877,1,"{""accuracy_eval"": 0.7675}",,,ok,LIKE-FOR-LIKE-SPAN,MATCHED
m2pro,classical/svc/taxi/rows=full,taxi,,inference,ours-fast,mojolearn,,gpu,,fast,35.316666995640844,1,"{""accuracy_eval"": 0.7675, ""agreement_vs_ours"": 1.0, ""bits_equal_vs_ours"": true}",,,ok,LIKE-FOR-LIKE-SPAN,MATCHED
m2pro,classical/svc/taxi/rows=full,taxi,,inference,sklearn-cpu,scikit-learn,,cpu,,opponent,1565.4289160156623,1,"{""accuracy_eval"": 0.7675, ""agreement_vs_ours"": 1.0, ""bits_equal_vs_ours"": true}",,,ok,LIKE-FOR-LIKE-SPAN,MATCHED
m2pro,classical2/agglomerative/istella/rows=full,istella,X 10000x220,fit_or_operation,ours,mojolearn,0.8.25,gpu,Apple M2 Pro,identical,1395.5810420156922,1,"{""n_clusters"": 8, ""silhouette"": 0.7167277533704434}",1386.8,,ok,LIKE-FOR-LIKE-SPAN,MATCHED
m2pro,classical2/agglomerative/istella/rows=full,istella,X 10000x220,fit_or_operation,ours-fast,mojolearn,0.8.25,gpu,Apple M2 Pro,fast,416.32662501069717,1,"{""ari_vs_ours"": 1.0, ""n_clusters"": 8, ""silhouette"": 0.7167277533704434}",1384.8,,ok,LIKE-FOR-LIKE-SPAN,MATCHED
m2pro,classical2/agglomerative/istella/rows=full,istella,X 10000x220,fit_or_operation,sklearn-cpu,scikit-learn,1.7.2,cpu,arm,opponent,5994.206834002398,1,"{""ari_vs_ours"": 1.0, ""n_clusters"": 8, ""silhouette"": 0.7167277533704434}",1089.7,,ok,LIKE-FOR-LIKE-SPAN,MATCHED
m2pro,classical2/agglomerative/taxi/rows=full,taxi,X 10000x11,fit_or_operation,ours,mojolearn,0.8.25,gpu,Apple M2 Pro,identical,121.52958300430328,1,"{""n_clusters"": 8, ""silhouette"": 0.6855242274703756}",493.3,,ok,LIKE-FOR-LIKE-SPAN,MATCHED
m2pro,classical2/agglomerative/taxi/rows=full,taxi,X 10000x11,fit_or_operation,ours-fast,mojolearn,0.8.25,gpu,Apple M2 Pro,fast,144.6474999829661,1,"{""ari_vs_ours"": 1.0, ""n_clusters"": 8, ""silhouette"": 0.6855242274703756}",108.5,,ok,LIKE-FOR-LIKE-SPAN,MATCHED
m2pro,classical2/agglomerative/taxi/rows=full,taxi,X 10000x11,fit_or_operation,sklearn-cpu,scikit-learn,1.7.2,cpu,arm,opponent,317.2352499968838,1,"{""ari_vs_ours"": 1.0, ""n_clusters"": 8, ""silhouette"": 0.6855242274703756}",188.3,,ok,LIKE-FOR-LIKE-SPAN,MATCHED
m2pro,classical2/arima/synthetic/rows=full,synthetic,Yfit 64x2000; Yhold 64x100,fit_or_operation,ours,mojolearn,0.8.25,gpu,Apple M2 Pro,identical,131.72745899646543,1,"{""forecast_rmse"": 1.5155179577999125, ""insample_rmse"": 0.9993424389359997, ""mean_aic"": 5680.97696685791, ""mean_llf"": -2836.488483428955}",87.3,,ok,LIKE-FOR-LIKE-SPAN,MATCHED
m2pro,classical2/arima/synthetic/rows=full,synthetic,Yfit 64x2000; Yhold 64x100,fit_or_operation,ours-fast,mojolearn,0.8.25,gpu,Apple M2 Pro,fast,160.56429099990055,1,"{""forecast_rmse"": 1.51553991179234, ""insample_rmse"": 0.9993413659123215, ""mean_aic"": 5680.9716873168945, ""mean_llf"": -2836.4858436584473}",85.6,,ok,LIKE-FOR-LIKE-SPAN,MATCHED
m2pro,classical2/arima/synthetic/rows=full,synthetic,Yfit 64x2000; Yhold 64x100,fit_or_operation,statsmodels-cpu,statsmodels,0.15.0,cpu,arm,opponent,638.2327909814194,1,"{""forecast_rmse"": 1.5154226008034013, ""insample_rmse"": 0.9993380913769139, ""mean_aic"": 5680.95716016041, ""mean_llf"": -2836.478580080205}",139.5,,ok,LIKE-FOR-LIKE-SPAN,MATCHED
m2pro,classical2/elasticnet/istella/rows=full,istella,X 1000000x220; Xq 100000x220; y 1000000; yq 100000,fit_or_operation,ours,mojolearn,0.8.25,gpu,Apple M2 Pro,identical,3836.0544590104837,1,"{""finite"": true, ""r2"": 0.2609218273934246, ""rmse"": 0.7181342099877039}",2710.6,,ok,LIKE-FOR-LIKE-SPAN,MATCHED
m2pro,classical2/elasticnet/istella/rows=full,istella,X 1000000x220; Xq 100000x220; y 1000000; yq 100000,fit_or_operation,ours-fast,mojolearn,0.8.25,gpu,Apple M2 Pro,fast,484.5183329889551,1,"{""finite"": true, ""r2"": 0.2615541322277686, ""rmse"": 0.7178269509513873}",3522.9,,ok,LIKE-FOR-LIKE-SPAN,MATCHED
m2pro,classical2/elasticnet/istella/rows=full,istella,X 1000000x220; Xq 100000x220; y 1000000; yq 100000,fit_or_operation,sklearn-cpu,scikit-learn,1.7.2,cpu,arm,opponent,2116.605832998175,1,"{""finite"": true, ""r2"": 0.2609218578248057, ""rmse"": 0.7181341952031948}",2745.7,,ok,LIKE-FOR-LIKE-SPAN,MATCHED
m2pro,classical2/elasticnet/taxi/rows=full,taxi,X 1000000x11; Xq 100000x11; y 1000000; yq 100000,fit_or_operation,ours,mojolearn,0.8.25,gpu,Apple M2 Pro,identical,92.8614999866113,1,"{""finite"": true, ""r2"": 0.9073783178712727, ""rmse"": 4.847224369951755}",183.4,,ok,LIKE-FOR-LIKE-SPAN,MATCHED
m2pro,classical2/elasticnet/taxi/rows=full,taxi,X 1000000x11; Xq 100000x11; y 1000000; yq 100000,fit_or_operation,ours-fast,mojolearn,0.8.25,gpu,Apple M2 Pro,fast,35.966915980679914,1,"{""finite"": true, ""r2"": 0.9073783309512724, ""rmse"": 4.847224027690128}",211.0,,ok,LIKE-FOR-LIKE-SPAN,MATCHED
m2pro,classical2/elasticnet/taxi/rows=full,taxi,X 1000000x11; Xq 100000x11; y 1000000; yq 100000,fit_or_operation,sklearn-cpu,scikit-learn,1.7.2,cpu,arm,opponent,53.20162500720471,1,"{""finite"": true, ""r2"": 0.9073783656595982, ""rmse"": 4.847223119484475}",183.8,,ok,LIKE-FOR-LIKE-SPAN,MATCHED
m2pro,classical2/ets/synthetic/rows=full,synthetic,Yfit 64x1440; Yhold 64x48,fit_or_operation,ours,mojolearn,0.8.25,gpu,Apple M2 Pro,identical,537.7324580040295,1,"{""forecast_rmse"": 0.9843924315379182, ""insample_rmse"": 0.9909714021119975}",64.9,,ok,LIKE-FOR-LIKE-SPAN,MATCHED
m2pro,classical2/ets/synthetic/rows=full,synthetic,Yfit 64x1440; Yhold 64x48,fit_or_operation,ours-fast,mojolearn,0.8.25,gpu,Apple M2 Pro,fast,355.75274997972883,1,"{""forecast_rmse"": 0.9844731870402379, ""insample_rmse"": 0.990971331275225}",65.3,,ok,LIKE-FOR-LIKE-SPAN,MATCHED
m2pro,classical2/ets/synthetic/rows=full,synthetic,Yfit 64x1440; Yhold 64x48,fit_or_operation,statsmodels-cpu,statsmodels,0.15.0,cpu,arm,opponent,1878.7999999767635,1,"{""forecast_rmse"": 0.9844182893971815, ""insample_rmse"": 0.9918121473091908}",138.0,,ok,LIKE-FOR-LIKE-SPAN,MATCHED
m2pro,classical2/gmm/istella/rows=full,istella,X 100000x200; Xq 20000x200; _dropped_constant_columns 20,fit_or_operation,ours,mojolearn,0.8.25,gpu,Apple M2 Pro,identical,17177.930458972696,1,"{""bic"": -38513909.71781587, ""mean_log_likelihood"": 200.79440303563442, ""n_iter"": 24}",2171.3,,ok,LIKE-FOR-LIKE-SPAN,MATCHED
m2pro,classical2/gmm/istella/rows=full,istella,X 100000x200; Xq 20000x200; _dropped_constant_columns 20,fit_or_operation,ours-fast,mojolearn,0.8.25,gpu,Apple M2 Pro,fast,27076.02779197623,1,"{""bic"": -38513901.64211089, ""mean_log_likelihood"": 200.79440846584745, ""n_iter"": 24}",1670.0,,ok,LIKE-FOR-LIKE-SPAN,MATCHED
m2pro,classical2/gmm/istella/rows=full,istella,X 100000x200; Xq 20000x200; _dropped_constant_columns 20,fit_or_operation,sklearn-cpu,scikit-learn,1.7.2,cpu,arm,opponent,14760.529166989727,1,"{""bic"": -39006472.8932152, ""mean_log_likelihood"": 200.7763398432594, ""n_iter"": 30}",1185.2,,ok,LIKE-FOR-LIKE-SPAN,MATCHED
m2pro,classical2/gmm/taxi/rows=full,taxi,X 100000x11; Xq 20000x11,fit_or_operation,ours,mojolearn,0.8.25,gpu,Apple M2 Pro,identical,945.4471659846604,1,"{""bic"": -3670014.830069996, ""mean_log_likelihood"": 12.86194011340008, ""n_iter"": 32}",236.4,,ok,LIKE-FOR-LIKE-SPAN,MATCHED
m2pro,classical2/gmm/taxi/rows=full,taxi,X 100000x11; Xq 20000x11,fit_or_operation,ours-fast,mojolearn,0.8.25,gpu,Apple M2 Pro,fast,,0,{},,,"REFUSED(error: {""error"": ""Exception(\""GaussianMixture: fitting the mixture model failed because some components have ill-defined empirical covariance (for instance caused by singleton or collapsed samples). Try to d)",LIKE-FOR-LIKE-SPAN,MATCHED
m2pro,classical2/gmm/taxi/rows=full,taxi,X 100000x11; Xq 20000x11,fit_or_operation,sklearn-cpu,scikit-learn,1.7.2,cpu,arm,opponent,,0,{},,,"REFUSED(error: {""error"": ""ValueError('Fitting the mixture model failed because some components have ill-defined empirical covariance (for instance caused by singleton or collapsed samples). Try to decrease the numbe)",LIKE-FOR-LIKE-SPAN,MATCHED
m2pro,classical2/gpc/istella/rows=full,istella,X 3000x220; Xq 3000x220; y 3000; yq 3000,fit_or_operation,ours,mojolearn,0.8.25,gpu,Apple M2 Pro,identical,1560.599375021411,1,"{""accuracy"": 0.9013333333333333, ""logloss"": 0.2325895501363198, ""nonfinite_proba_rows"": 0}",1467.0,,ok,LIKE-FOR-LIKE-SPAN,MATCHED
m2pro,classical2/gpc/istella/rows=full,istella,X 3000x220; Xq 3000x220; y 3000; yq 3000,fit_or_operation,ours-fast,mojolearn,0.8.25,gpu,Apple M2 Pro,fast,811.2563750182744,1,"{""accuracy"": 0.9013333333333333, ""logloss"": 0.23259375027485368, ""nonfinite_proba_rows"": 0}",1490.4,,ok,LIKE-FOR-LIKE-SPAN,MATCHED
m2pro,classical2/gpc/istella/rows=full,istella,X 3000x220; Xq 3000x220; y 3000; yq 3000,fit_or_operation,sklearn-cpu,scikit-learn,1.7.2,cpu,arm,opponent,2007.011790992692,1,"{""accuracy"": 0.9013333333333333, ""logloss"": 0.23259660853842087, ""nonfinite_proba_rows"": 0}",1082.0,,ok,LIKE-FOR-LIKE-SPAN,MATCHED
m2pro,classical2/gpc/taxi/rows=full,taxi,X 3000x11; Xq 3000x11; y 3000; yq 3000,fit_or_operation,ours,mojolearn,0.8.25,gpu,Apple M2 Pro,identical,1081.7464170104358,1,"{""accuracy"": 0.761, ""logloss"": 0.5412864834223782, ""nonfinite_proba_rows"": 0}",595.7,,ok,LIKE-FOR-LIKE-SPAN,MATCHED
m2pro,classical2/gpc/taxi/rows=full,taxi,X 3000x11; Xq 3000x11; y 3000; yq 3000,fit_or_operation,ours-fast,mojolearn,0.8.25,gpu,Apple M2 Pro,fast,709.7070000017993,1,"{""accuracy"": 0.761, ""logloss"": 0.5413575883975124, ""nonfinite_proba_rows"": 0}",586.3,,ok,LIKE-FOR-LIKE-SPAN,MATCHED
m2pro,classical2/gpc/taxi/rows=full,taxi,X 3000x11; Xq 3000x11; y 3000; yq 3000,fit_or_operation,sklearn-cpu,scikit-learn,1.7.2,cpu,arm,opponent,1240.72937501478,1,"{""accuracy"": 0.761, ""logloss"": 0.5413580838858666, ""nonfinite_proba_rows"": 0}",197.5,,ok,LIKE-FOR-LIKE-SPAN,MATCHED
m2pro,classical2/gpr/istella/rows=full,istella,X 3000x220; Xq 3000x220; y 3000; yq 3000,fit_or_operation,ours,mojolearn,0.8.25,gpu,Apple M2 Pro,identical,453.46416599932127,1,"{""finite"": true, ""mean_log_predictive_density"": -9.285753999098805, ""r2"": 0.2353459478280211, ""rmse"": 0.7604393550345704}",1448.4,,ok,LIKE-FOR-LIKE-SPAN,MATCHED
m2pro,classical2/gpr/istella/rows=full,istella,X 3000x220; Xq 3000x220; y 3000; yq 3000,fit_or_operation,ours-fast,mojolearn,0.8.25,gpu,Apple M2 Pro,fast,378.5715839767363,1,"{""finite"": true, ""mean_log_predictive_density"": -9.28540502418925, ""r2"": 0.235382704971017, ""rmse"": 0.7604210775442782}",1447.3,,ok,LIKE-FOR-LIKE-SPAN,MATCHED
m2pro,classical2/gpr/istella/rows=full,istella,X 3000x220; Xq 3000x220; y 3000; yq 3000,fit_or_operation,sklearn-cpu,scikit-learn,1.7.2,cpu,arm,opponent,643.1851250235923,1,"{""finite"": true, ""mean_log_predictive_density"": -9.28714809753338, ""r2"": 0.23536821748218517, ""rmse"": 0.760428281500922}",1075.8,,ok,LIKE-FOR-LIKE-SPAN,MATCHED
m2pro,classical2/gpr/taxi/rows=full,taxi,X 3000x11; Xq 3000x11; y 3000; yq 3000,fit_or_operation,ours,mojolearn,0.8.25,gpu,Apple M2 Pro,identical,350.26958302478306,1,"{""finite"": true, ""mean_log_predictive_density"": -311.4583940839855, ""r2"": 0.8896300104938847, ""rmse"": 5.041638653237045}",562.3,,ok,LIKE-FOR-LIKE-SPAN,MATCHED
m2pro,classical2/gpr/taxi/rows=full,taxi,X 3000x11; Xq 3000x11; y 3000; yq 3000,fit_or_operation,ours-fast,mojolearn,0.8.25,gpu,Apple M2 Pro,fast,261.64254199829884,1,"{""finite"": true, ""mean_log_predictive_density"": -311.4714661055701, ""r2"": 0.8896286897456056, ""rmse"": 5.041668818663736}",556.1,,ok,LIKE-FOR-LIKE-SPAN,MATCHED
m2pro,classical2/gpr/taxi/rows=full,taxi,X 3000x11; Xq 3000x11; y 3000; yq 3000,fit_or_operation,sklearn-cpu,scikit-learn,1.7.2,cpu,arm,opponent,230.8605829894077,1,"{""finite"": true, ""mean_log_predictive_density"": -311.53959406054213, ""r2"": 0.8896293891496425, ""rmse"": 5.041652844543728}",186.0,,ok,LIKE-FOR-LIKE-SPAN,MATCHED
m2pro,classical2/ivf/istella/rows=full,istella,index 400000x220; queries 4000x220,fit_or_operation,ours,mojolearn,0.8.25,gpu,Apple M2 Pro,identical,20884.456416999456,1,{},1695.6,,ok,LIKE-FOR-LIKE-SPAN,MATCHED
m2pro,classical2/ivf/istella/rows=full,istella,index 400000x220; queries 4000x220,fit_or_operation,ours-fast,mojolearn,0.8.25,gpu,Apple M2 Pro,fast,19500.25124999229,1,{},2212.2,,ok,LIKE-FOR-LIKE-SPAN,MATCHED
m2pro,classical2/ivf/istella/rows=full,istella,index 400000x220; queries 4000x220,fit_or_operation,faiss-cpu,faiss,1.15.1,cpu,arm,opponent,14258.995958982268,1,{},1260.5,,ok,LIKE-FOR-LIKE-SPAN,MATCHED
m2pro,classical2/ivf/taxi/rows=full,taxi,index 400000x11; queries 4000x11,fit_or_operation,ours,mojolearn,0.8.25,gpu,Apple M2 Pro,identical,1828.4202919749077,1,{},443.0,,ok,LIKE-FOR-LIKE-SPAN,MATCHED
m2pro,classical2/ivf/taxi/rows=full,taxi,index 400000x11; queries 4000x11,fit_or_operation,ours-fast,mojolearn,0.8.25,gpu,Apple M2 Pro,fast,1003.8673749950249,1,{},466.1,,ok,LIKE-FOR-LIKE-SPAN,MATCHED
m2pro,classical2/ivf/taxi/rows=full,taxi,index 400000x11; queries 4000x11,fit_or_operation,faiss-cpu,faiss,1.15.1,cpu,arm,opponent,7542.79704100918,1,{},138.6,,ok,LIKE-FOR-LIKE-SPAN,MATCHED
m2pro,classical2/kernel-ridge/istella/rows=full,istella,X 10000x220; Xq 10000x220; y 10000; yq 10000,fit_or_operation,ours,mojolearn,0.8.25,gpu,Apple M2 Pro,identical,1890.8361659850925,1,"{""finite"": true, ""r2"": 0.38542720764705185, ""rmse"": 0.6464072874785307}",1817.3,,ok,LIKE-FOR-LIKE-SPAN,MATCHED
m2pro,classical2/kernel-ridge/istella/rows=full,istella,X 10000x220; Xq 10000x220; y 10000; yq 10000,fit_or_operation,ours-fast,mojolearn,0.8.25,gpu,Apple M2 Pro,fast,764.8139579978306,1,"{""finite"": true, ""r2"": 0.3854272489322327, ""rmse"": 0.6464072657666664}",1818.5,,ok,LIKE-FOR-LIKE-SPAN,MATCHED
m2pro,classical2/kernel-ridge/istella/rows=full,istella,X 10000x220; Xq 10000x220; y 10000; yq 10000,fit_or_operation,sklearn-cpu,scikit-learn,1.7.2,cpu,arm,opponent,1857.39449999528,1,"{""finite"": true, ""r2"": 0.38542717947883365, ""rmse"": 0.6464073022921879}",1854.2,,ok,LIKE-FOR-LIKE-SPAN,MATCHED
m2pro,classical2/kernel-ridge/taxi/rows=full,taxi,X 10000x11; Xq 10000x11; y 10000; yq 10000,fit_or_operation,ours,mojolearn,0.8.25,gpu,Apple M2 Pro,identical,1885.9147089824546,1,"{""finite"": true, ""r2"": 0.7265428586333913, ""rmse"": 8.330373429807043}",901.4,,ok,LIKE-FOR-LIKE-SPAN,MATCHED
m2pro,classical2/kernel-ridge/taxi/rows=full,taxi,X 10000x11; Xq 10000x11; y 10000; yq 10000,fit_or_operation,ours-fast,mojolearn,0.8.25,gpu,Apple M2 Pro,fast,460.41041699936613,1,"{""finite"": true, ""r2"": 0.7265428432558345, ""rmse"": 8.33037366403166}",897.7,,ok,LIKE-FOR-LIKE-SPAN,MATCHED
m2pro,classical2/kernel-ridge/taxi/rows=full,taxi,X 10000x11; Xq 10000x11; y 10000; yq 10000,fit_or_operation,sklearn-cpu,scikit-learn,1.7.2,cpu,arm,opponent,1850.3397080057766,1,"{""finite"": true, ""r2"": 0.7265424512242515, ""rmse"": 8.330379635293196}",975.3,,ok,LIKE-FOR-LIKE-SPAN,MATCHED
m2pro,classical2/knn-clf/istella/rows=full,istella,X 200000x220; Xq 4000x220; y 200000; yq 4000,fit_or_operation,ours,mojolearn,0.8.25,gpu,Apple M2 Pro,identical,593.9993329811841,1,"{""accuracy"": 0.92625}",1689.1,,ok,LIKE-FOR-LIKE-SPAN,MATCHED
m2pro,classical2/knn-clf/istella/rows=full,istella,X 200000x220; Xq 4000x220; y 200000; yq 4000,fit_or_operation,ours-fast,mojolearn,0.8.25,gpu,Apple M2 Pro,fast,3282.0086250139866,1,"{""accuracy"": 0.92625}",1623.9,,ok,LIKE-FOR-LIKE-SPAN,MATCHED
m2pro,classical2/knn-clf/istella/rows=full,istella,X 200000x220; Xq 4000x220; y 200000; yq 4000,fit_or_operation,sklearn-cpu,scikit-learn,1.7.2,cpu,arm,opponent,665.9215829859022,1,"{""accuracy"": 0.92625}",1257.3,,ok,LIKE-FOR-LIKE-SPAN,MATCHED
m2pro,classical2/knn-clf/taxi/rows=full,taxi,X 200000x11; Xq 4000x11; y 200000; yq 4000,fit_or_operation,ours,mojolearn,0.8.25,gpu,Apple M2 Pro,identical,132.04749999567866,1,"{""accuracy"": 0.74175}",307.9,,ok,LIKE-FOR-LIKE-SPAN,MATCHED
m2pro,classical2/knn-clf/taxi/rows=full,taxi,X 200000x11; Xq 4000x11; y 200000; yq 4000,fit_or_operation,ours-fast,mojolearn,0.8.25,gpu,Apple M2 Pro,fast,104.65708401170559,1,"{""accuracy"": 0.74175}",226.8,,ok,LIKE-FOR-LIKE-SPAN,MATCHED
m2pro,classical2/knn-clf/taxi/rows=full,taxi,X 200000x11; Xq 4000x11; y 200000; yq 4000,fit_or_operation,sklearn-cpu,scikit-learn,1.7.2,cpu,arm,opponent,312.17345799086615,1,"{""accuracy"": 0.74175}",206.8,,ok,LIKE-FOR-LIKE-SPAN,MATCHED
m2pro,classical2/knn-reg/istella/rows=full,istella,X 200000x220; Xq 4000x220; y 200000; yq 4000,fit_or_operation,ours,mojolearn,0.8.25,gpu,Apple M2 Pro,identical,572.6673750032205,1,"{""finite"": true, ""r2"": 0.418144977111617, ""rmse"": 0.6253878797285024}",1688.7,,ok,LIKE-FOR-LIKE-SPAN,MATCHED
m2pro,classical2/knn-reg/istella/rows=full,istella,X 200000x220; Xq 4000x220; y 200000; yq 4000,fit_or_operation,ours-fast,mojolearn,0.8.25,gpu,Apple M2 Pro,fast,3260.6459999806248,1,"{""finite"": true, ""r2"": 0.418144977111617, ""rmse"": 0.6253878797285024}",1619.4,,ok,LIKE-FOR-LIKE-SPAN,MATCHED
m2pro,classical2/knn-reg/istella/rows=full,istella,X 200000x220; Xq 4000x220; y 200000; yq 4000,fit_or_operation,sklearn-cpu,scikit-learn,1.7.2,cpu,arm,opponent,656.2352499749977,1,"{""finite"": true, ""r2"": 0.418144977111617, ""rmse"": 0.6253878797285024}",1261.5,,ok,LIKE-FOR-LIKE-SPAN,MATCHED
m2pro,classical2/knn-reg/taxi/rows=full,taxi,X 200000x11; Xq 4000x11; y 200000; yq 4000,fit_or_operation,ours,mojolearn,0.8.25,gpu,Apple M2 Pro,identical,104.5630419976078,1,"{""finite"": true, ""r2"": 0.9373226921180847, ""rmse"": 3.8420276428204088}",299.6,,ok,LIKE-FOR-LIKE-SPAN,MATCHED
m2pro,classical2/knn-reg/taxi/rows=full,taxi,X 200000x11; Xq 4000x11; y 200000; yq 4000,fit_or_operation,ours-fast,mojolearn,0.8.25,gpu,Apple M2 Pro,fast,84.653083991725,1,"{""finite"": true, ""r2"": 0.9373226921180847, ""rmse"": 3.8420276428204088}",226.1,,ok,LIKE-FOR-LIKE-SPAN,MATCHED
m2pro,classical2/knn-reg/taxi/rows=full,taxi,X 200000x11; Xq 4000x11; y 200000; yq 4000,fit_or_operation,sklearn-cpu,scikit-learn,1.7.2,cpu,arm,opponent,283.9365830004681,1,"{""finite"": true, ""r2"": 0.9373226939479553, ""rmse"": 3.842027586736208}",207.0,,ok,LIKE-FOR-LIKE-SPAN,MATCHED
m2pro,classical2/lasso/istella/rows=full,istella,X 1000000x220; Xq 100000x220; y 1000000; yq 100000,fit_or_operation,ours,mojolearn,0.8.25,gpu,Apple M2 Pro,identical,11129.470749991015,1,"{""finite"": true, ""r2"": 0.3108369952151201, ""rmse"": 0.6934599846066856}",2711.2,,ok,LIKE-FOR-LIKE-SPAN,MATCHED
m2pro,classical2/lasso/istella/rows=full,istella,X 1000000x220; Xq 100000x220; y 1000000; yq 100000,fit_or_operation,ours-fast,mojolearn,0.8.25,gpu,Apple M2 Pro,fast,488.4117080073338,1,"{""finite"": true, ""r2"": 0.3104723813346333, ""rmse"": 0.6936434039864189}",3522.3,,ok,LIKE-FOR-LIKE-SPAN,MATCHED
m2pro,classical2/lasso/istella/rows=full,istella,X 1000000x220; Xq 100000x220; y 1000000; yq 100000,fit_or_operation,sklearn-cpu,scikit-learn,1.7.2,cpu,arm,opponent,4656.914999999572,1,"{""finite"": true, ""r2"": 0.3108369899344797, ""rmse"": 0.6934599872634684}",2744.7,,ok,LIKE-FOR-LIKE-SPAN,MATCHED
m2pro,classical2/lasso/taxi/rows=full,taxi,X 1000000x11; Xq 100000x11; y 1000000; yq 100000,fit_or_operation,ours,mojolearn,0.8.25,gpu,Apple M2 Pro,identical,105.53754199645482,1,"{""finite"": true, ""r2"": 0.9089946304523631, ""rmse"": 4.804744515306408}",184.9,,ok,LIKE-FOR-LIKE-SPAN,MATCHED
m2pro,classical2/lasso/taxi/rows=full,taxi,X 1000000x11; Xq 100000x11; y 1000000; yq 100000,fit_or_operation,ours-fast,mojolearn,0.8.25,gpu,Apple M2 Pro,fast,49.1465840023011,1,"{""finite"": true, ""r2"": 0.9089946218582251, ""rmse"": 4.804744742175637}",212.0,,ok,LIKE-FOR-LIKE-SPAN,MATCHED
m2pro,classical2/lasso/taxi/rows=full,taxi,X 1000000x11; Xq 100000x11; y 1000000; yq 100000,fit_or_operation,sklearn-cpu,scikit-learn,1.7.2,cpu,arm,opponent,62.97937501221895,1,"{""finite"": true, ""r2"": 0.9089946120073558, ""rmse"": 4.804745002220221}",187.6,,ok,LIKE-FOR-LIKE-SPAN,MATCHED
m2pro,classical2/linearsvc/istella/rows=full,istella,X 1000000x220; Xq 100000x220; y 1000000; yq 100000,fit_or_operation,ours,mojolearn,0.8.25,gpu,Apple M2 Pro,identical,4570.171333005419,1,"{""accuracy"": 0.92348}",1875.4,,ok,LIKE-FOR-LIKE-SPAN,MATCHED
m2pro,classical2/linearsvc/istella/rows=full,istella,X 1000000x220; Xq 100000x220; y 1000000; yq 100000,fit_or_operation,ours-fast,mojolearn,0.8.25,gpu,Apple M2 Pro,fast,3419.1274589975365,1,"{""accuracy"": 0.92323}",1875.8,,ok,LIKE-FOR-LIKE-SPAN,MATCHED
m2pro,classical2/linearsvc/istella/rows=full,istella,X 1000000x220; Xq 100000x220; y 1000000; yq 100000,fit_or_operation,sklearn-cpu,scikit-learn,1.7.2,cpu,arm,opponent,636636.8938339874,1,"{""accuracy"": 0.92354}",5920.5,,ok,LIKE-FOR-LIKE-SPAN,MATCHED
m2pro,classical2/linearsvc/taxi/rows=full,taxi,X 1000000x11; Xq 100000x11; y 1000000; yq 100000,fit_or_operation,ours,mojolearn,0.8.25,gpu,Apple M2 Pro,identical,152.38920898991637,1,"{""accuracy"": 0.76333}",216.3,,ok,LIKE-FOR-LIKE-SPAN,MATCHED
m2pro,classical2/linearsvc/taxi/rows=full,taxi,X 1000000x11; Xq 100000x11; y 1000000; yq 100000,fit_or_operation,ours-fast,mojolearn,0.8.25,gpu,Apple M2 Pro,fast,145.21420799428597,1,"{""accuracy"": 0.76333}",198.7,,ok,LIKE-FOR-LIKE-SPAN,MATCHED
m2pro,classical2/linearsvc/taxi/rows=full,taxi,X 1000000x11; Xq 100000x11; y 1000000; yq 100000,fit_or_operation,sklearn-cpu,scikit-learn,1.7.2,cpu,arm,opponent,609.1639579972252,1,"{""accuracy"": 0.76357}",269.9,,ok,LIKE-FOR-LIKE-SPAN,MATCHED
m2pro,classical2/linearsvr/istella/rows=full,istella,X 1000000x220; Xq 100000x220; y 1000000; yq 100000,fit_or_operation,ours,mojolearn,0.8.25,gpu,Apple M2 Pro,identical,6522.633749991655,1,"{""finite"": true, ""r2"": -0.10675401361712411, ""rmse"": 0.8787917688693571}",1840.4,,ok,LIKE-FOR-LIKE-SPAN,MATCHED
m2pro,classical2/linearsvr/istella/rows=full,istella,X 1000000x220; Xq 100000x220; y 1000000; yq 100000,fit_or_operation,ours-fast,mojolearn,0.8.25,gpu,Apple M2 Pro,fast,4519.277500017779,1,"{""finite"": true, ""r2"": -0.10675414731194754, ""rmse"": 0.8787918219479569}",1838.3,,ok,LIKE-FOR-LIKE-SPAN,MATCHED
m2pro,classical2/linearsvr/istella/rows=full,istella,X 1000000x220; Xq 100000x220; y 1000000; yq 100000,fit_or_operation,sklearn-cpu,scikit-learn,1.7.2,cpu,arm,opponent,740853.520249977,1,"{""finite"": true, ""r2"": -0.025728614423192298, ""rmse"": 0.8460122727355569}",5950.5,,ok,LIKE-FOR-LIKE-SPAN,MATCHED
m2pro,classical2/linearsvr/taxi/rows=full,taxi,X 1000000x11; Xq 100000x11; y 1000000; yq 100000,fit_or_operation,ours,mojolearn,0.8.25,gpu,Apple M2 Pro,identical,249.49129202286713,1,"{""finite"": true, ""r2"": 0.8998128753434574, ""rmse"": 5.041302377804632}",163.6,,ok,LIKE-FOR-LIKE-SPAN,MATCHED
m2pro,classical2/linearsvr/taxi/rows=full,taxi,X 1000000x11; Xq 100000x11; y 1000000; yq 100000,fit_or_operation,ours-fast,mojolearn,0.8.25,gpu,Apple M2 Pro,fast,464.6694159891922,1,"{""finite"": true, ""r2"": 0.8998144728464655, ""rmse"": 5.041262185375491}",161.6,,ok,LIKE-FOR-LIKE-SPAN,MATCHED
m2pro,classical2/linearsvr/taxi/rows=full,taxi,X 1000000x11; Xq 100000x11; y 1000000; yq 100000,fit_or_operation,sklearn-cpu,scikit-learn,1.7.2,cpu,arm,opponent,90466.89562499523,1,"{""finite"": true, ""r2"": 0.8998029364141075, ""rmse"": 5.0415524294242635}",240.6,,ok,LIKE-FOR-LIKE-SPAN,MATCHED
m2pro,classical2/logreg/istella/rows=full,istella,X 1000000x220; Xq 100000x220; y 1000000; yq 100000,fit_or_operation,ours,mojolearn,0.8.25,gpu,Apple M2 Pro,identical,26847.2815839923,1,"{""accuracy"": 0.92454, ""logloss"": 0.18124485844866667, ""nonfinite_proba_rows"": 0}",1849.3,,ok,LIKE-FOR-LIKE-SPAN,MATCHED
m2pro,classical2/logreg/istella/rows=full,istella,X 1000000x220; Xq 100000x220; y 1000000; yq 100000,fit_or_operation,ours-fast,mojolearn,0.8.25,gpu,Apple M2 Pro,fast,19865.15529200551,1,"{""accuracy"": 0.92457, ""logloss"": 0.18125746119419456, ""nonfinite_proba_rows"": 0}",1849.4,,ok,LIKE-FOR-LIKE-SPAN,MATCHED
m2pro,classical2/logreg/istella/rows=full,istella,X 1000000x220; Xq 100000x220; y 1000000; yq 100000,fit_or_operation,sklearn-cpu,scikit-learn,1.7.2,cpu,arm,opponent,50824.89124999847,1,"{""accuracy"": 0.92447, ""logloss"": 0.18133655366662352, ""nonfinite_proba_rows"": 0}",2747.6,,ok,LIKE-FOR-LIKE-SPAN,MATCHED
m2pro,classical2/logreg/taxi/rows=full,taxi,X 1000000x11; Xq 100000x11; y 1000000; yq 100000,fit_or_operation,ours,mojolearn,0.8.25,gpu,Apple M2 Pro,identical,295.92154099373147,1,"{""accuracy"": 0.76334, ""logloss"": 0.538984424007247, ""nonfinite_proba_rows"": 0}",165.7,,ok,LIKE-FOR-LIKE-SPAN,MATCHED
m2pro,classical2/logreg/taxi/rows=full,taxi,X 1000000x11; Xq 100000x11; y 1000000; yq 100000,fit_or_operation,ours-fast,mojolearn,0.8.25,gpu,Apple M2 Pro,fast,367.7352919767145,1,"{""accuracy"": 0.76335, ""logloss"": 0.5389862550376008, ""nonfinite_proba_rows"": 0}",170.3,,ok,LIKE-FOR-LIKE-SPAN,MATCHED
m2pro,classical2/logreg/taxi/rows=full,taxi,X 1000000x11; Xq 100000x11; y 1000000; yq 100000,fit_or_operation,sklearn-cpu,scikit-learn,1.7.2,cpu,arm,opponent,374.4897499855142,1,"{""accuracy"": 0.76332, ""logloss"": 0.5389801914400121, ""nonfinite_proba_rows"": 0}",194.3,,ok,LIKE-FOR-LIKE-SPAN,MATCHED
m2pro,classical2/nystroem/istella/rows=full,istella,X 100000x220; Xcheck 1000x220,fit_or_operation,ours,mojolearn,0.8.25,gpu,Apple M2 Pro,identical,,0,{},,,"REFUSED(error: {""error"": ""Exception('km_basis_indices: n_samples 100000 exceeds KM_MAX_BASIS_POOL = 4096. The rank pass counts a total order over every pair of rows, which is n_samples^2 host comparisons. To close t)",LIKE-FOR-LIKE-SPAN,MATCHED
m2pro,classical2/nystroem/istella/rows=full,istella,X 100000x220; Xcheck 1000x220,fit_or_operation,ours-fast,mojolearn,0.8.25,gpu,Apple M2 Pro,fast,,0,{},,,"REFUSED(error: {""error"": ""Exception('km_basis_indices: n_samples 100000 exceeds KM_MAX_BASIS_POOL = 4096. The rank pass counts a total order over every pair of rows, which is n_samples^2 host comparisons. To close t)",LIKE-FOR-LIKE-SPAN,MATCHED
m2pro,classical2/nystroem/istella/rows=full,istella,X 100000x220; Xcheck 1000x220,fit_or_operation,sklearn-cpu,scikit-learn,1.7.2,cpu,arm,opponent,323.8038750132546,1,"{""kernel_rel_error"": 0.03895796430511047}",1342.8,,ok,LIKE-FOR-LIKE-SPAN,MATCHED
m2pro,classical2/nystroem/taxi/rows=full,taxi,X 100000x11; Xcheck 1000x11,fit_or_operation,ours,mojolearn,0.8.25,gpu,Apple M2 Pro,identical,,0,{},,,"REFUSED(error: {""error"": ""Exception('km_basis_indices: n_samples 100000 exceeds KM_MAX_BASIS_POOL = 4096. The rank pass counts a total order over every pair of rows, which is n_samples^2 host comparisons. To close t)",LIKE-FOR-LIKE-SPAN,MATCHED
m2pro,classical2/nystroem/taxi/rows=full,taxi,X 100000x11; Xcheck 1000x11,fit_or_operation,ours-fast,mojolearn,0.8.25,gpu,Apple M2 Pro,fast,,0,{},,,"REFUSED(error: {""error"": ""Exception('km_basis_indices: n_samples 100000 exceeds KM_MAX_BASIS_POOL = 4096. The rank pass counts a total order over every pair of rows, which is n_samples^2 host comparisons. To close t)",LIKE-FOR-LIKE-SPAN,MATCHED
m2pro,classical2/nystroem/taxi/rows=full,taxi,X 100000x11; Xcheck 1000x11,fit_or_operation,sklearn-cpu,scikit-learn,1.7.2,cpu,arm,opponent,260.4102500190493,1,"{""kernel_rel_error"": 0.04436950355990711}",393.6,,ok,LIKE-FOR-LIKE-SPAN,MATCHED
m2pro,classical2/rbf-sampler/istella/rows=full,istella,X 100000x220; Xcheck 1000x220,fit_or_operation,ours,mojolearn,0.8.25,gpu,Apple M2 Pro,identical,90.8078330103308,1,"{""kernel_rel_error"": 0.14197976520989547}",1597.5,,ok,LIKE-FOR-LIKE-SPAN,MATCHED
m2pro,classical2/rbf-sampler/istella/rows=full,istella,X 100000x220; Xcheck 1000x220,fit_or_operation,ours-fast,mojolearn,0.8.25,gpu,Apple M2 Pro,fast,159.88316701259464,1,"{""kernel_rel_error"": 0.1419797678184291}",1594.5,,ok,LIKE-FOR-LIKE-SPAN,MATCHED
m2pro,classical2/rbf-sampler/istella/rows=full,istella,X 100000x220; Xcheck 1000x220,fit_or_operation,sklearn-cpu,scikit-learn,1.7.2,cpu,arm,opponent,64.33504101005383,1,"{""kernel_rel_error"": 0.13740523636724952}",1344.6,,ok,LIKE-FOR-LIKE-SPAN,MATCHED
m2pro,classical2/rbf-sampler/taxi/rows=full,taxi,X 100000x11; Xcheck 1000x11,fit_or_operation,ours,mojolearn,0.8.25,gpu,Apple M2 Pro,identical,54.941333015449345,1,"{""kernel_rel_error"": 0.10854922362456006}",478.6,,ok,LIKE-FOR-LIKE-SPAN,MATCHED
m2pro,classical2/rbf-sampler/taxi/rows=full,taxi,X 100000x11; Xcheck 1000x11,fit_or_operation,ours-fast,mojolearn,0.8.25,gpu,Apple M2 Pro,fast,60.043917008442804,1,"{""kernel_rel_error"": 0.10854922636384987}",473.5,,ok,LIKE-FOR-LIKE-SPAN,MATCHED
m2pro,classical2/rbf-sampler/taxi/rows=full,taxi,X 100000x11; Xcheck 1000x11,fit_or_operation,sklearn-cpu,scikit-learn,1.7.2,cpu,arm,opponent,51.66779100545682,1,"{""kernel_rel_error"": 0.08377530461949169}",386.7,,ok,LIKE-FOR-LIKE-SPAN,MATCHED
m2pro,classical2/ridge/istella/rows=full,istella,X 1000000x220; Xq 100000x220; y 1000000; yq 100000,fit_or_operation,ours,mojolearn,0.8.25,gpu,Apple M2 Pro,identical,2874.9606249912176,1,"{""finite"": true, ""r2"": 0.32868160848025274, ""rmse"": 0.6844231651362007}",5192.5,,ok,LIKE-FOR-LIKE-SPAN,MATCHED
m2pro,classical2/ridge/istella/rows=full,istella,X 1000000x220; Xq 100000x220; y 1000000; yq 100000,fit_or_operation,ours-fast,mojolearn,0.8.25,gpu,Apple M2 Pro,fast,2168.6162499827333,1,"{""finite"": true, ""r2"": 0.3204506015326458, ""rmse"": 0.6886062241382304}",5186.2,,ok,LIKE-FOR-LIKE-SPAN,MATCHED
m2pro,classical2/ridge/istella/rows=full,istella,X 1000000x220; Xq 100000x220; y 1000000; yq 100000,fit_or_operation,sklearn-cpu,scikit-learn,1.7.2,cpu,arm,opponent,8827.116791973822,1,"{""finite"": true, ""r2"": 0.32867550789273225, ""rmse"": 0.6844262749675318}",8619.6,,ok,LIKE-FOR-LIKE-SPAN,MATCHED
m2pro,classical2/ridge/taxi/rows=full,taxi,X 1000000x11; Xq 100000x11; y 1000000; yq 100000,fit_or_operation,ours,mojolearn,0.8.25,gpu,Apple M2 Pro,identical,53.60145901795477,1,"{""finite"": true, ""r2"": 0.9089833754793688, ""rmse"": 4.8050416164453384}",281.6,,ok,LIKE-FOR-LIKE-SPAN,MATCHED
m2pro,classical2/ridge/taxi/rows=full,taxi,X 1000000x11; Xq 100000x11; y 1000000; yq 100000,fit_or_operation,ours-fast,mojolearn,0.8.25,gpu,Apple M2 Pro,fast,51.92683302448131,1,"{""finite"": true, ""r2"": 0.9089831477984005, ""rmse"": 4.805047626423458}",280.0,,ok,LIKE-FOR-LIKE-SPAN,MATCHED
m2pro,classical2/ridge/taxi/rows=full,taxi,X 1000000x11; Xq 100000x11; y 1000000; yq 100000,fit_or_operation,sklearn-cpu,scikit-learn,1.7.2,cpu,arm,opponent,44.60579200531356,1,"{""finite"": true, ""r2"": 0.9089881272841808, ""rmse"": 4.804916183767437}",185.9,,ok,LIKE-FOR-LIKE-SPAN,MATCHED
m2pro,classical2/spectral-embedding/istella/rows=full,istella,X 20000x220,fit_or_operation,ours,mojolearn,0.8.25,gpu,Apple M2 Pro,identical,666.4665830030572,1,"{""trustworthiness_k15"": 0.7993775481804075}",225.4,,ok,LIKE-FOR-LIKE-SPAN,MATCHED
m2pro,classical2/spectral-embedding/istella/rows=full,istella,X 20000x220,fit_or_operation,ours-fast,mojolearn,0.8.25,gpu,Apple M2 Pro,fast,1687.0845420053229,1,"{""trustworthiness_k15"": 0.8236404143097896}",188.0,,ok,LIKE-FOR-LIKE-SPAN,MATCHED
m2pro,classical2/spectral-embedding/istella/rows=full,istella,X 20000x220,fit_or_operation,sklearn-cpu,scikit-learn,1.7.2,cpu,arm,opponent,10499.045542004751,1,"{""trustworthiness_k15"": 0.812687557357628}",189.6,,ok,LIKE-FOR-LIKE-SPAN,MATCHED
m2pro,classical2/spectral-embedding/taxi/rows=full,taxi,X 20000x11,fit_or_operation,ours,mojolearn,0.8.25,gpu,Apple M2 Pro,identical,260.8323749736883,1,"{""trustworthiness_k15"": 0.8848890574160284}",119.8,,ok,LIKE-FOR-LIKE-SPAN,MATCHED
m2pro,classical2/spectral-embedding/taxi/rows=full,taxi,X 20000x11,fit_or_operation,ours-fast,mojolearn,0.8.25,gpu,Apple M2 Pro,fast,135.8145000122022,1,"{""trustworthiness_k15"": 0.8952360007341776}",99.5,,ok,LIKE-FOR-LIKE-SPAN,MATCHED
m2pro,classical2/spectral-embedding/taxi/rows=full,taxi,X 20000x11,fit_or_operation,sklearn-cpu,scikit-learn,1.7.2,cpu,arm,opponent,2464.5054590073414,1,"{""trustworthiness_k15"": 0.8980114593449133}",151.2,,ok,LIKE-FOR-LIKE-SPAN,MATCHED
m2pro,classical2/spectral/istella/rows=full,istella,X 10000x220,fit_or_operation,ours,mojolearn,0.8.25,gpu,Apple M2 Pro,identical,379.4145839929115,1,"{""n_clusters"": 8, ""silhouette"": 0.1476683124794411}",1088.6,,ok,LIKE-FOR-LIKE-SPAN,MATCHED
m2pro,classical2/spectral/istella/rows=full,istella,X 10000x220,fit_or_operation,ours-fast,mojolearn,0.8.25,gpu,Apple M2 Pro,fast,528.1814580084756,1,"{""ari_vs_ours"": 1.0, ""n_clusters"": 8, ""silhouette"": 0.1476683124794411}",1060.4,,ok,LIKE-FOR-LIKE-SPAN,MATCHED
m2pro,classical2/spectral/istella/rows=full,istella,X 10000x220,fit_or_operation,sklearn-cpu,scikit-learn,1.7.2,cpu,arm,opponent,1849.4165840093046,1,"{""ari_vs_ours"": 0.9998260205714563, ""n_clusters"": 8, ""silhouette"": 0.14769865096907211}",1116.2,,ok,LIKE-FOR-LIKE-SPAN,MATCHED
m2pro,classical2/spectral/taxi/rows=full,taxi,X 10000x11,fit_or_operation,ours,mojolearn,0.8.25,gpu,Apple M2 Pro,identical,437.7838330110535,1,"{""n_clusters"": 8, ""silhouette"": 0.03991044156803343}",156.6,,ok,LIKE-FOR-LIKE-SPAN,MATCHED
m2pro,classical2/spectral/taxi/rows=full,taxi,X 10000x11,fit_or_operation,ours-fast,mojolearn,0.8.25,gpu,Apple M2 Pro,fast,163.88979100156575,1,"{""ari_vs_ours"": 0.9970882575567205, ""n_clusters"": 8, ""silhouette"": 0.03988827121350256}",155.3,,ok,LIKE-FOR-LIKE-SPAN,MATCHED
m2pro,classical2/spectral/taxi/rows=full,taxi,X 10000x11,fit_or_operation,sklearn-cpu,scikit-learn,1.7.2,cpu,arm,opponent,997.5421660055872,1,"{""ari_vs_ours"": 0.5823133077234751, ""n_clusters"": 8, ""silhouette"": 0.08989405357276725}",199.1,,ok,LIKE-FOR-LIKE-SPAN,MATCHED
m2pro,classical2/svr/istella/rows=full,istella,X 10000x220; Xq 10000x220; y 10000; yq 10000,fit_or_operation,ours,mojolearn,0.8.25,gpu,Apple M2 Pro,identical,218.98441700614057,1,"{""finite"": true, ""r2"": 0.31825814626514914, ""rmse"": 0.6808156927626244}",1099.2,,ok,LIKE-FOR-LIKE-SPAN,MATCHED
m2pro,classical2/svr/istella/rows=full,istella,X 10000x220; Xq 10000x220; y 10000; yq 10000,fit_or_operation,ours-fast,mojolearn,0.8.25,gpu,Apple M2 Pro,fast,527.0882089971565,1,"{""finite"": true, ""r2"": 0.3182574804449215, ""rmse"": 0.6808160252203915}",1140.2,,ok,LIKE-FOR-LIKE-SPAN,MATCHED
m2pro,classical2/svr/istella/rows=full,istella,X 10000x220; Xq 10000x220; y 10000; yq 10000,fit_or_operation,sklearn-cpu,scikit-learn,1.7.2,cpu,arm,opponent,1772.8785839863122,1,"{""finite"": true, ""r2"": 0.31824769835543143, ""rmse"": 0.6808209096006409}",1136.5,,ok,LIKE-FOR-LIKE-SPAN,MATCHED
m2pro,classical2/svr/taxi/rows=full,taxi,X 10000x11; Xq 10000x11; y 10000; yq 10000,fit_or_operation,ours,mojolearn,0.8.25,gpu,Apple M2 Pro,identical,180.00562500674278,1,"{""finite"": true, ""r2"": 0.7675511055719965, ""rmse"": 7.680395383275379}",164.6,,ok,LIKE-FOR-LIKE-SPAN,MATCHED
m2pro,classical2/svr/taxi/rows=full,taxi,X 10000x11; Xq 10000x11; y 10000; yq 10000,fit_or_operation,ours-fast,mojolearn,0.8.25,gpu,Apple M2 Pro,fast,116.57450001803227,1,"{""finite"": true, ""r2"": 0.7675499150798744, ""rmse"": 7.680415050907084}",200.5,,ok,LIKE-FOR-LIKE-SPAN,MATCHED
m2pro,classical2/svr/taxi/rows=full,taxi,X 10000x11; Xq 10000x11; y 10000; yq 10000,fit_or_operation,sklearn-cpu,scikit-learn,1.7.2,cpu,arm,opponent,1488.0428750184365,1,"{""finite"": true, ""r2"": 0.7675499565606542, ""rmse"": 7.680414365620994}",507.6,,ok,LIKE-FOR-LIKE-SPAN,MATCHED
m2pro,classical2/tsvd/istella/rows=full,istella,X 1000000x220,fit_or_operation,ours,mojolearn,0.8.25,gpu,Apple M2 Pro,identical,1886.3141250039916,1,"{""explained_variance_ratio_sum"": 0.9999921076474112, ""relative_reconstruction_error"": 0.0025539223380432992}",3417.4,,ok,LIKE-FOR-LIKE-SPAN,MATCHED
m2pro,classical2/tsvd/istella/rows=full,istella,X 1000000x220,fit_or_operation,ours-fast,mojolearn,0.8.25,gpu,Apple M2 Pro,fast,603.4765419899486,1,"{""explained_variance_ratio_sum"": 0.9999921076474112, ""relative_reconstruction_error"": 0.0025539223380432992}",3416.9,,ok,LIKE-FOR-LIKE-SPAN,MATCHED
m2pro,classical2/tsvd/istella/rows=full,istella,X 1000000x220,fit_or_operation,sklearn-cpu,scikit-learn,1.7.2,cpu,arm,opponent,1970.0600419891998,1,"{""explained_variance_ratio_sum"": 1.0000002195709012, ""relative_reconstruction_error"": 0.00012198040527534835}",1825.5,,ok,LIKE-FOR-LIKE-SPAN,MATCHED
m2pro,classical2/tsvd/taxi/rows=full,taxi,X 1000000x11,fit_or_operation,ours,mojolearn,0.8.25,gpu,Apple M2 Pro,identical,50.046415999531746,1,"{""explained_variance_ratio_sum"": 0.9999651766479792, ""relative_reconstruction_error"": 0.0032570735189924997}",306.6,,ok,LIKE-FOR-LIKE-SPAN,MATCHED
m2pro,classical2/tsvd/taxi/rows=full,taxi,X 1000000x11,fit_or_operation,ours-fast,mojolearn,0.8.25,gpu,Apple M2 Pro,fast,59.93625000701286,1,"{""explained_variance_ratio_sum"": 0.999965196534627, ""relative_reconstruction_error"": 0.003257073512328592}",305.0,,ok,LIKE-FOR-LIKE-SPAN,MATCHED
m2pro,classical2/tsvd/taxi/rows=full,taxi,X 1000000x11,fit_or_operation,sklearn-cpu,scikit-learn,1.7.2,cpu,arm,opponent,199.62266698712483,1,"{""explained_variance_ratio_sum"": 0.9999647419411898, ""relative_reconstruction_error"": 0.0032570734801221925}",184.3,,ok,LIKE-FOR-LIKE-SPAN,MATCHED
m2pro,classical2/umap/istella/rows=full,istella,X 20000x220,fit_or_operation,ours,mojolearn,0.8.25,gpu,Apple M2 Pro,identical,1631.143833976239,1,"{""trustworthiness_k15"": 0.9799058422185514}",259.6,,ok,LIKE-FOR-LIKE-SPAN,MATCHED
m2pro,classical2/umap/istella/rows=full,istella,X 20000x220,fit_or_operation,ours-fast,mojolearn,0.8.25,gpu,Apple M2 Pro,fast,2461.1302499833982,1,"{""trustworthiness_k15"": 0.9817064624317966}",219.1,,ok,LIKE-FOR-LIKE-SPAN,MATCHED
m2pro,classical2/umap/istella/rows=full,istella,X 20000x220,fit_or_operation,umap-learn-cpu,umap-learn,0.5.12,cpu,arm,opponent,10997.829125000862,1,"{""trustworthiness_k15"": 0.9788221684937678}",487.3,,ok,LIKE-FOR-LIKE-SPAN,MATCHED
m2pro,classical2/umap/istella/rows=full,istella,X 20000x220,fit_or_operation,umap-learn-cpu-unseeded,umap-learn,0.5.12,cpu,arm,opponent,2837.7586670103483,1,"{""trustworthiness_k15"": 0.9775122515893278}",497.4,,ok,LIKE-FOR-LIKE-SPAN,MATCHED
m2pro,classical2/umap/taxi/rows=full,taxi,X 20000x11,fit_or_operation,ours,mojolearn,0.8.25,gpu,Apple M2 Pro,identical,568.1427500094287,1,"{""trustworthiness_k15"": 0.9904804350002503}",129.0,,ok,LIKE-FOR-LIKE-SPAN,MATCHED
m2pro,classical2/umap/taxi/rows=full,taxi,X 20000x11,fit_or_operation,ours-fast,mojolearn,0.8.25,gpu,Apple M2 Pro,fast,576.5621250029653,1,"{""trustworthiness_k15"": 0.9917289734861757}",115.8,,ok,LIKE-FOR-LIKE-SPAN,MATCHED
m2pro,classical2/umap/taxi/rows=full,taxi,X 20000x11,fit_or_operation,umap-learn-cpu,umap-learn,0.5.12,cpu,arm,opponent,9646.295125014149,1,"{""trustworthiness_k15"": 0.9895254484323639}",453.2,,ok,LIKE-FOR-LIKE-SPAN,MATCHED
m2pro,classical2/umap/taxi/rows=full,taxi,X 20000x11,fit_or_operation,umap-learn-cpu-unseeded,umap-learn,0.5.12,cpu,arm,opponent,2603.3137920021545,1,"{""trustworthiness_k15"": 0.990395101199713}",457.2,,ok,LIKE-FOR-LIKE-SPAN,MATCHED
m2pro,neural/gemm/gaussian/shape=full,gaussian,4096x4096x4096,fit_or_operation,ours,mojolearn,0.8.25,gpu,Apple M2 Pro,identical,159.99416599515826,1,"{""max_rel_err_vs_fp64"": 2.39871698830206e-07}",502.3,,ok,LIKE-FOR-LIKE-SPAN,MATCHED
m2pro,neural/gemm/gaussian/shape=full,gaussian,4096x4096x4096,fit_or_operation,torch-eager-fp32,torch,2.13.0,gpu,Apple MPS,opponent,43.76383402268402,1,"{""max_abs_diff_vs_ours"": 0.00103759765625, ""max_rel_diff_vs_ours"": 2.865635976070591e-06, ""max_rel_err_vs_fp64"": 2.842717704773494e-06}",1374.8,1024.4,ok,LIKE-FOR-LIKE-SPAN,MATCHED
m2pro,neural/gemm/gaussian/shape=full,gaussian,4096x4096x4096,fit_or_operation,torch-compile-fp32,torch,2.13.0,gpu,Apple MPS,opponent,28.837624995503575,1,"{""max_abs_diff_vs_ours"": 0.00103759765625, ""max_rel_diff_vs_ours"": 2.865635976070591e-06, ""max_rel_err_vs_fp64"": 2.842717704773494e-06}",1534.5,1024.4,ok,LIKE-FOR-LIKE-SPAN,MATCHED
m2pro,neural/gemm/gaussian/shape=full,gaussian,4096x4096x4096,fit_or_operation,torch-eager-bf16,torch,2.13.0,gpu,Apple MPS,opponent,52.78720799833536,1,"{""max_abs_diff_vs_ours"": 1.35833740234375, ""max_rel_diff_vs_ours"": 0.0037514546263206472, ""max_rel_err_vs_fp64"": 0.0037515023103723635}",1386.6,1032.4,ok,LIKE-FOR-LIKE-SPAN,MATCHED
m2pro,neural/gemm/gaussian/shape=full,gaussian,4096x4096x4096,fit_or_operation,torch-compile-bf16,torch,2.13.0,gpu,Apple MPS,opponent,53.32141599501483,1,"{""max_abs_diff_vs_ours"": 1.35833740234375, ""max_rel_diff_vs_ours"": 0.0037514546263206472, ""max_rel_err_vs_fp64"": 0.0037515023103723635}",1551.9,1032.4,ok,LIKE-FOR-LIKE-SPAN,MATCHED
m2pro,neural/lm-forward/bytes/shape=full,bytes,B1 L2048 DM384 H6 KV6 HD64 FF1024 layers8 V8192,fit_or_operation,ours,mojolearn,0.8.25,gpu,Apple M2 Pro,identical,447.3895829869434,1,"{""mean_nll"": 9.01873340416645}",4296.4,,ok,LIKE-FOR-LIKE-SPAN,MATCHED
m2pro,neural/lm-forward/bytes/shape=full,bytes,B1 L2048 DM384 H6 KV6 HD64 FF1024 layers8 V8192,fit_or_operation,torch-eager-fp32,torch,2.13.0,gpu,Apple MPS,opponent,53.215709020150825,1,"{""max_abs_diff_vs_ours"": 1.2405216693878174e-06, ""max_rel_diff_vs_ours"": 1.7029837584649031e-06, ""mean_nll"": 9.018733388562229}",1367.9,1048.4,ok,LIKE-FOR-LIKE-SPAN,MATCHED
m2pro,neural/lm-forward/bytes/shape=full,bytes,B1 L2048 DM384 H6 KV6 HD64 FF1024 layers8 V8192,fit_or_operation,torch-compile-fp32,torch,2.13.0,gpu,Apple MPS,opponent,37.51070800353773,1,"{""max_abs_diff_vs_ours"": 1.2367963790893555e-06, ""max_rel_diff_vs_ours"": 1.6978696931241678e-06, ""mean_nll"": 9.018733392398467}",1524.5,1048.4,ok,LIKE-FOR-LIKE-SPAN,MATCHED
m2pro,neural/lm-forward/bytes/shape=full,bytes,B1 L2048 DM384 H6 KV6 HD64 FF1024 layers8 V8192,fit_or_operation,torch-eager-bf16,torch,2.13.0,gpu,Apple MPS,opponent,66.82683399412781,1,"{""max_abs_diff_vs_ours"": 0.006709769368171692, ""max_rel_diff_vs_ours"": 0.009211147647812239, ""mean_nll"": 9.018646619430289}",1398.6,1080.6,ok,LIKE-FOR-LIKE-SPAN,MATCHED
m2pro,neural/lm-forward/bytes/shape=full,bytes,B1 L2048 DM384 H6 KV6 HD64 FF1024 layers8 V8192,fit_or_operation,torch-compile-bf16,torch,2.13.0,gpu,Apple MPS,opponent,37.4474169802852,1,"{""max_abs_diff_vs_ours"": 0.006709769368171692, ""max_rel_diff_vs_ours"": 0.009211147647812239, ""mean_nll"": 9.018634103648496}",1528.6,1048.6,ok,LIKE-FOR-LIKE-SPAN,MATCHED
m2pro,neural/lm-train-step/bytes/shape=full,bytes,B1 L2048 DM384 H6 KV6 HD64 FF1024 layers8 V8192,fit_or_operation,ours,mojolearn,0.8.25,gpu,Apple M2 Pro,identical,680.4295409820043,1,"{""loss_first_step"": 9.018733024597168, ""loss_last_step"": 8.42241096496582, ""steps"": 2}",3747.6,,ok,LIKE-FOR-LIKE-SPAN,MATCHED
m2pro,neural/lm-train-step/bytes/shape=full,bytes,B1 L2048 DM384 H6 KV6 HD64 FF1024 layers8 V8192,fit_or_operation,torch-eager-fp32,torch,2.13.0,gpu,Apple MPS,opponent,216.24100001645274,1,"{""loss_first_abs_diff_vs_ours"": 0.0, ""loss_first_step"": 9.018733024597168, ""loss_last_abs_diff_vs_ours"": 0.0, ""loss_last_step"": 8.42241096496582, ""steps"": 2}",3621.5,3226.6,ok,LIKE-FOR-LIKE-SPAN,MATCHED
m2pro,neural/lm-train-step/bytes/shape=full,bytes,B1 L2048 DM384 H6 KV6 HD64 FF1024 layers8 V8192,fit_or_operation,torch-compile-fp32,torch,2.13.0,gpu,Apple MPS,opponent,149.74566697492264,1,"{""loss_first_abs_diff_vs_ours"": 9.5367431640625e-07, ""loss_first_step"": 9.018733978271484, ""loss_last_abs_diff_vs_ours"": 1.9073486328125e-06, ""loss_last_step"": 8.422412872314453, ""steps"": 2}",2660.0,2168.4,ok,LIKE-FOR-LIKE-SPAN,MATCHED
m2pro,neural/lm-train-step/bytes/shape=full,bytes,B1 L2048 DM384 H6 KV6 HD64 FF1024 layers8 V8192,fit_or_operation,torch-eager-bf16,torch,2.13.0,gpu,Apple MPS,opponent,281.60791599657387,1,"{""loss_first_abs_diff_vs_ours"": 0.0033311843872070312, ""loss_first_step"": 9.022064208984375, ""loss_last_abs_diff_vs_ours"": 0.0036334991455078125, ""loss_last_step"": 8.418777465820312, ""steps"": 2}",2616.5,2226.6,ok,LIKE-FOR-LIKE-SPAN,MATCHED
m2pro,neural/lm-train-step/bytes/shape=full,bytes,B1 L2048 DM384 H6 KV6 HD64 FF1024 layers8 V8192,fit_or_operation,torch-compile-bf16,torch,2.13.0,gpu,Apple MPS,opponent,175.69554201327264,1,"{""loss_first_abs_diff_vs_ours"": 0.00033092498779296875, ""loss_first_step"": 9.018402099609375, ""loss_last_abs_diff_vs_ours"": 0.0021533966064453125, ""loss_last_step"": 8.420257568359375, ""steps"": 2}",2708.8,2200.6,ok,LIKE-FOR-LIKE-SPAN,MATCHED
m2pro,neural/mamba1-forward/gaussian/shape=full,gaussian,B1 L2048 DM384,fit_or_operation,ours,mojolearn,0.8.25,gpu,Apple M2 Pro,identical,30.119750008452684,1,{},140.0,,ok,LIKE-FOR-LIKE-SPAN,MATCHED
m2pro,neural/mamba1-forward/gaussian/shape=full,gaussian,B1 L2048 DM384,fit_or_operation,torch-eager-fp32,torch,2.13.0,gpu,Apple MPS,opponent,106.50533300940879,1,"{""max_abs_diff_vs_ours"": 2.384185791015625e-07, ""max_rel_diff_vs_ours"": 1.188965496577979e-07}",1487.8,1232.4,ok,LIKE-FOR-LIKE-SPAN,MATCHED
m2pro,neural/mamba1-forward/gaussian/shape=full,gaussian,B1 L2048 DM384,fit_or_operation,torch-eager-bf16,torch,2.13.0,gpu,Apple MPS,opponent,113.75024999142624,1,"{""max_abs_diff_vs_ours"": 5.14984130859375e-05, ""max_rel_diff_vs_ours"": 2.5681654726084346e-05}",1456.3,1200.6,ok,LIKE-FOR-LIKE-SPAN,MATCHED
m2pro,neural/mamba1-infer/gaussian/shape=full,gaussian,B1 L512 DM384,fit_or_operation,ours,mojolearn,0.8.25,cpu,,identical,92.8402499994263,1,{},80.1,,ok,LIKE-FOR-LIKE-SPAN,MATCHED
m2pro,neural/mamba1-infer/gaussian/shape=full,gaussian,B1 L512 DM384,fit_or_operation,torch-cpu-eager-fp32,torch,2.13.0,cpu,Apple M2 Pro,opponent,58.66762500954792,1,"{""max_abs_diff_vs_ours"": 1.1920928955078125e-07, ""max_rel_diff_vs_ours"": 5.948106105171795e-08}",269.9,,ok,LIKE-FOR-LIKE-SPAN,MATCHED
m2pro,neural/mamba1-infer/gaussian/shape=full,gaussian,B1 L512 DM384,fit_or_operation,torch-cpu-eager-bf16,torch,2.13.0,cpu,Apple M2 Pro,opponent,186.90854200394824,1,"{""max_abs_diff_vs_ours"": 5.14984130859375e-05, ""max_rel_diff_vs_ours"": 2.5695818374342154e-05}",256.7,,ok,LIKE-FOR-LIKE-SPAN,MATCHED
m2pro,neural/mamba2-forward/gaussian/shape=full,gaussian,B1 L2048 DM384,fit_or_operation,ours,mojolearn,0.8.25,gpu,Apple M2 Pro,identical,77.98229198670015,1,{},210.1,,ok,LIKE-FOR-LIKE-SPAN,MATCHED
m2pro,neural/mamba2-forward/gaussian/shape=full,gaussian,B1 L2048 DM384,fit_or_operation,torch-eager-fp32,torch,2.13.0,gpu,Apple MPS,opponent,1252.910624985816,1,"{""max_abs_diff_vs_ours"": 2.1457672119140625e-06, ""max_rel_diff_vs_ours"": 7.295107187820478e-07}",7491.2,7248.7,ok,LIKE-FOR-LIKE-SPAN,MATCHED
m2pro,neural/mamba2-forward/gaussian/shape=full,gaussian,B1 L2048 DM384,fit_or_operation,torch-compile-fp32,torch,2.13.0,gpu,Apple MPS,opponent,2765.4335830011405,1,"{""max_abs_diff_vs_ours"": 2.1457672119140625e-06, ""max_rel_diff_vs_ours"": 7.295107187820478e-07}",7601.6,7248.7,ok,LIKE-FOR-LIKE-SPAN,MATCHED
m2pro,neural/mamba2-forward/gaussian/shape=full,gaussian,B1 L2048 DM384,fit_or_operation,torch-eager-bf16,torch,2.13.0,gpu,Apple MPS,opponent,2546.9772089854814,1,"{""max_abs_diff_vs_ours"": 0.007543683052062988, ""max_rel_diff_vs_ours"": 0.0025646759886248202}",5988.3,5744.7,ok,LIKE-FOR-LIKE-SPAN,MATCHED
m2pro,neural/mamba2-forward/gaussian/shape=full,gaussian,B1 L2048 DM384,fit_or_operation,torch-compile-bf16,torch,2.13.0,gpu,Apple MPS,opponent,2438.9897090150043,1,"{""max_abs_diff_vs_ours"": 0.007543683052062988, ""max_rel_diff_vs_ours"": 0.0025646759886248202}",6100.1,5744.7,ok,LIKE-FOR-LIKE-SPAN,MATCHED
m2pro,neural/mamba2-infer/gaussian/shape=full,gaussian,B1 L512 DM384,fit_or_operation,ours,mojolearn,0.8.25,cpu,,identical,62.64741701306775,1,{},97.3,,ok,LIKE-FOR-LIKE-SPAN,MATCHED
m2pro,neural/mamba2-infer/gaussian/shape=full,gaussian,B1 L512 DM384,fit_or_operation,torch-cpu-eager-fp32,torch,2.13.0,cpu,Apple M2 Pro,opponent,127.14933400275186,1,"{""max_abs_diff_vs_ours"": 1.1920928955078125e-06, ""max_rel_diff_vs_ours"": 4.232898118036565e-07}",1014.0,,ok,LIKE-FOR-LIKE-SPAN,MATCHED
m2pro,neural/mamba2-infer/gaussian/shape=full,gaussian,B1 L512 DM384,fit_or_operation,torch-cpu-compile-fp32,torch,2.13.0,cpu,Apple M2 Pro,opponent,125.99999998928979,1,"{""max_abs_diff_vs_ours"": 1.1920928955078125e-06, ""max_rel_diff_vs_ours"": 4.232898118036565e-07}",1129.2,,ok,LIKE-FOR-LIKE-SPAN,MATCHED
m2pro,neural/mamba2-infer/gaussian/shape=full,gaussian,B1 L512 DM384,fit_or_operation,torch-cpu-eager-bf16,torch,2.13.0,cpu,Apple M2 Pro,opponent,120.24308397667482,1,"{""max_abs_diff_vs_ours"": 0.00592041015625, ""max_rel_diff_vs_ours"": 0.00210222652134168}",245.6,,ok,LIKE-FOR-LIKE-SPAN,MATCHED
m2pro,neural/mamba2-infer/gaussian/shape=full,gaussian,B1 L512 DM384,fit_or_operation,torch-cpu-compile-bf16,torch,2.13.0,cpu,Apple M2 Pro,opponent,118.80733401631005,1,"{""max_abs_diff_vs_ours"": 0.00592041015625, ""max_rel_diff_vs_ours"": 0.00210222652134168}",357.2,,ok,LIKE-FOR-LIKE-SPAN,MATCHED
m2pro,neural/transformer-forward/gaussian/shape=full,gaussian,B1 L2048 DM384 H6 KV6 HD64 FF1024,fit_or_operation,ours,mojolearn,0.8.25,gpu,Apple M2 Pro,identical,55.65208298503421,1,{},266.0,,ok,LIKE-FOR-LIKE-SPAN,MATCHED
m2pro,neural/transformer-forward/gaussian/shape=full,gaussian,B1 L2048 DM384 H6 KV6 HD64 FF1024,fit_or_operation,torch-eager-fp32,torch,2.13.0,gpu,Apple MPS,opponent,13.964999991003424,1,"{""max_abs_diff_vs_ours"": 4.76837158203125e-07, ""max_rel_diff_vs_ours"": 1.0202790667303321e-07}",356.5,112.4,ok,LIKE-FOR-LIKE-SPAN,MATCHED
m2pro,neural/transformer-forward/gaussian/shape=full,gaussian,B1 L2048 DM384 H6 KV6 HD64 FF1024,fit_or_operation,torch-compile-fp32,torch,2.13.0,gpu,Apple MPS,opponent,15.25224998476915,1,"{""max_abs_diff_vs_ours"": 4.76837158203125e-07, ""max_rel_diff_vs_ours"": 1.0202790667303321e-07}",1402.1,1064.4,ok,LIKE-FOR-LIKE-SPAN,MATCHED
m2pro,neural/transformer-forward/gaussian/shape=full,gaussian,B1 L2048 DM384 H6 KV6 HD64 FF1024,fit_or_operation,torch-eager-bf16,torch,2.13.0,gpu,Apple MPS,opponent,13.47879201057367,1,"{""max_abs_diff_vs_ours"": 0.0018194019794464111, ""max_rel_diff_vs_ours"": 0.0003892938546551253}",361.0,112.7,ok,LIKE-FOR-LIKE-SPAN,MATCHED
m2pro,neural/transformer-forward/gaussian/shape=full,gaussian,B1 L2048 DM384 H6 KV6 HD64 FF1024,fit_or_operation,torch-compile-bf16,torch,2.13.0,gpu,Apple MPS,opponent,6.866583978990093,1,"{""max_abs_diff_vs_ours"": 0.0018194019794464111, ""max_rel_diff_vs_ours"": 0.0003892938546551253}",387.2,40.6,ok,LIKE-FOR-LIKE-SPAN,MATCHED
m2pro,neural/transformer-infer/gaussian/shape=full,gaussian,B1 L512 DM384 H6 KV6 HD64 FF1024,fit_or_operation,ours,mojolearn,0.8.25,cpu,,identical,44.195291004143655,1,{},116.6,,ok,LIKE-FOR-LIKE-SPAN,MATCHED
m2pro,neural/transformer-infer/gaussian/shape=full,gaussian,B1 L512 DM384 H6 KV6 HD64 FF1024,fit_or_operation,torch-cpu-eager-fp32,torch,2.13.0,cpu,Apple M2 Pro,opponent,7.594124996103346,1,"{""max_abs_diff_vs_ours"": 4.76837158203125e-07, ""max_rel_diff_vs_ours"": 1.0764667047233529e-07}",235.6,,ok,LIKE-FOR-LIKE-SPAN,MATCHED
m2pro,neural/transformer-infer/gaussian/shape=full,gaussian,B1 L512 DM384 H6 KV6 HD64 FF1024,fit_or_operation,torch-cpu-compile-fp32,torch,2.13.0,cpu,Apple M2 Pro,opponent,5.504291009856388,1,"{""max_abs_diff_vs_ours"": 9.775161743164062e-06, ""max_rel_diff_vs_ours"": 2.2067567446828733e-06}",343.3,,ok,LIKE-FOR-LIKE-SPAN,MATCHED
m2pro,neural/transformer-infer/gaussian/shape=full,gaussian,B1 L512 DM384 H6 KV6 HD64 FF1024,fit_or_operation,torch-cpu-eager-bf16,torch,2.13.0,cpu,Apple M2 Pro,opponent,18.601207993924618,1,"{""max_abs_diff_vs_ours"": 0.0019414722919464111, ""max_rel_diff_vs_ours"": 0.00043829014674501765}",240.4,,ok,LIKE-FOR-LIKE-SPAN,MATCHED
m2pro,neural/transformer-infer/gaussian/shape=full,gaussian,B1 L512 DM384 H6 KV6 HD64 FF1024,fit_or_operation,torch-cpu-compile-bf16,torch,2.13.0,cpu,Apple M2 Pro,opponent,16.3259579858277,1,"{""max_abs_diff_vs_ours"": 0.0018194019794464111, ""max_rel_diff_vs_ours"": 0.0004107325991040998}",344.6,,ok,LIKE-FOR-LIKE-SPAN,MATCHED
m3ultra,algos/ard/istella/rows=full,istella,X 100000x220; Xq 100000x220; y 100000; yq 100000,fit_or_operation,ours,mojolearn,0.8.25,gpu,Apple M3 Ultra,identical,53883.975415999885,1,"{""finite"": true, ""r2"": -0.12291199017726262, ""rmse"": 0.8851834536481633}",1716.9,,ok,LIKE-FOR-LIKE-SPAN,MATCHED
m3ultra,algos/ard/istella/rows=full,istella,X 100000x220; Xq 100000x220; y 100000; yq 100000,fit_or_operation,ours-fast,mojolearn,0.8.25,gpu,Apple M3 Ultra,fast,48109.671874990454,1,"{""finite"": true, ""r2"": -0.12350100652222684, ""rmse"": 0.8854155818881099}",1701.7,,ok,LIKE-FOR-LIKE-SPAN,MATCHED
m3ultra,algos/ard/istella/rows=full,istella,X 100000x220; Xq 100000x220; y 100000; yq 100000,fit_or_operation,sklearn-cpu,scikit-learn,1.7.2,cpu,arm,opponent,10367.41979100043,1,"{""finite"": true, ""r2"": 0.32743602187144416, ""rmse"": 0.6850578217040304}",1337.9,,ok,LIKE-FOR-LIKE-SPAN,MATCHED
m3ultra,algos/ard/istella/rows=full,istella,,inference,ours,mojolearn,,gpu,,identical,14.60050001333002,1,{},,,ok,LIKE-FOR-LIKE-SPAN,MATCHED
m3ultra,algos/ard/istella/rows=full,istella,,inference,ours-fast,mojolearn,,gpu,,fast,15.108125007827766,1,{},,,ok,LIKE-FOR-LIKE-SPAN,MATCHED
m3ultra,algos/ard/istella/rows=full,istella,,inference,sklearn-cpu,scikit-learn,,cpu,,opponent,3.9617080037714913,1,{},,,ok,LIKE-FOR-LIKE-SPAN,MATCHED
m3ultra,algos/ard/taxi/rows=full,taxi,X 100000x11; Xq 100000x11; y 100000; yq 100000,fit_or_operation,ours,mojolearn,0.8.25,gpu,Apple M3 Ultra,identical,51.26941599883139,1,"{""finite"": true, ""r2"": 0.90919271552619, ""rmse"": 4.799512589749553}",533.5,,ok,LIKE-FOR-LIKE-SPAN,MATCHED
m3ultra,algos/ard/taxi/rows=full,taxi,X 100000x11; Xq 100000x11; y 100000; yq 100000,fit_or_operation,ours-fast,mojolearn,0.8.25,gpu,Apple M3 Ultra,fast,44.60187500808388,1,"{""finite"": true, ""r2"": 0.9091926953537497, ""rmse"": 4.799513122844866}",534.0,,ok,LIKE-FOR-LIKE-SPAN,MATCHED
m3ultra,algos/ard/taxi/rows=full,taxi,X 100000x11; Xq 100000x11; y 100000; yq 100000,fit_or_operation,sklearn-cpu,scikit-learn,1.7.2,cpu,arm,opponent,17.32983300462365,1,"{""finite"": true, ""r2"": 0.9091903457366448, ""rmse"": 4.799575215565412}",210.7,,ok,LIKE-FOR-LIKE-SPAN,MATCHED
m3ultra,algos/ard/taxi/rows=full,taxi,,inference,ours,mojolearn,,gpu,,identical,0.9080419986275956,1,{},,,ok,LIKE-FOR-LIKE-SPAN,MATCHED
m3ultra,algos/ard/taxi/rows=full,taxi,,inference,ours-fast,mojolearn,,gpu,,fast,0.9665000106906518,1,{},,,ok,LIKE-FOR-LIKE-SPAN,MATCHED
m3ultra,algos/ard/taxi/rows=full,taxi,,inference,sklearn-cpu,scikit-learn,,cpu,,opponent,0.3577919997042045,1,{},,,ok,LIKE-FOR-LIKE-SPAN,MATCHED
m3ultra,algos/bayesian-gmm/istella/rows=full,istella,X 100000x200; Xq 20000x200; y 100000; yq 20000,fit_or_operation,ours,mojolearn,0.8.29,gpu,Apple M3 Ultra,identical,39953.45333300065,1,"{""mean_log_likelihood"": 175.3220289210466}",2168.7,,ok,LIKE-FOR-LIKE-SPAN,MATCHED
m3ultra,algos/bayesian-gmm/istella/rows=full,istella,X 100000x200; Xq 20000x200; y 100000; yq 20000,fit_or_operation,ours-fast,mojolearn,0.8.29,gpu,Apple M3 Ultra,fast,70783.47370801202,1,"{""mean_log_likelihood"": 175.56176202983414}",1917.3,,ok,LIKE-FOR-LIKE-SPAN,MATCHED
m3ultra,algos/bayesian-gmm/istella/rows=full,istella,X 100000x200; Xq 20000x200; y 100000; yq 20000,fit_or_operation,sklearn-cpu,scikit-learn,1.7.2,cpu,arm,opponent,82775.65008400416,1,"{""mean_log_likelihood"": 201.77071583709954}",1441.8,,ok,LIKE-FOR-LIKE-SPAN,MATCHED
m3ultra,algos/bayesian-gmm/istella/rows=full,istella,,inference,ours,mojolearn,,gpu,,identical,55.92870799591765,1,{},,,ok,LIKE-FOR-LIKE-SPAN,MATCHED
m3ultra,algos/bayesian-gmm/istella/rows=full,istella,,inference,ours-fast,mojolearn,,gpu,,fast,55.23283399816137,1,{},,,ok,LIKE-FOR-LIKE-SPAN,MATCHED
m3ultra,algos/bayesian-gmm/istella/rows=full,istella,,inference,sklearn-cpu,scikit-learn,,cpu,,opponent,89.64695899339858,1,{},,,ok,LIKE-FOR-LIKE-SPAN,MATCHED
m3ultra,algos/bayesian-gmm/taxi/rows=full,taxi,X 100000x11; Xq 20000x11; y 100000; yq 20000,fit_or_operation,ours,mojolearn,0.8.29,gpu,Apple M3 Ultra,identical,2630.760125000961,1,"{""mean_log_likelihood"": 4.895580897830575}",449.4,,ok,LIKE-FOR-LIKE-SPAN,MATCHED
m3ultra,algos/bayesian-gmm/taxi/rows=full,taxi,X 100000x11; Xq 20000x11; y 100000; yq 20000,fit_or_operation,ours-fast,mojolearn,0.8.29,gpu,Apple M3 Ultra,fast,444.8675000021467,1,"{""mean_log_likelihood"": 4.895585628839217}",424.3,,ok,LIKE-FOR-LIKE-SPAN,MATCHED
m3ultra,algos/bayesian-gmm/taxi/rows=full,taxi,X 100000x11; Xq 20000x11; y 100000; yq 20000,fit_or_operation,sklearn-cpu,scikit-learn,1.7.2,cpu,arm,opponent,4017.670042012469,1,"{""mean_log_likelihood"": 6.178321136045334}",258.3,,ok,LIKE-FOR-LIKE-SPAN,MATCHED
m3ultra,algos/bayesian-gmm/taxi/rows=full,taxi,,inference,ours,mojolearn,,gpu,,identical,13.671166001586244,1,{},,,ok,LIKE-FOR-LIKE-SPAN,MATCHED
m3ultra,algos/bayesian-gmm/taxi/rows=full,taxi,,inference,ours-fast,mojolearn,,gpu,,fast,13.590166010544635,1,{},,,ok,LIKE-FOR-LIKE-SPAN,MATCHED
m3ultra,algos/bayesian-gmm/taxi/rows=full,taxi,,inference,sklearn-cpu,scikit-learn,,cpu,,opponent,5.93770899286028,1,{},,,ok,LIKE-FOR-LIKE-SPAN,MATCHED
m3ultra,algos/bayesian-ridge/istella/rows=full,istella,X 1000000x220; Xq 100000x220; y 1000000; yq 100000,fit_or_operation,ours,mojolearn,0.8.25,gpu,Apple M3 Ultra,identical,101826.78137499897,1,"{""finite"": true, ""r2"": -41643.6707468436, ""rmse"": 170.4669316547163}",2365.5,,ok,LIKE-FOR-LIKE-SPAN,MATCHED
m3ultra,algos/bayesian-ridge/istella/rows=full,istella,X 1000000x220; Xq 100000x220; y 1000000; yq 100000,fit_or_operation,ours-fast,mojolearn,0.8.25,gpu,Apple M3 Ultra,fast,92402.58970799914,1,"{""finite"": true, ""r2"": -41688.61769815514, ""rmse"": 170.55889903578358}",2389.7,,ok,LIKE-FOR-LIKE-SPAN,MATCHED
m3ultra,algos/bayesian-ridge/istella/rows=full,istella,X 1000000x220; Xq 100000x220; y 1000000; yq 100000,fit_or_operation,sklearn-cpu,scikit-learn,1.7.2,cpu,arm,opponent,6789.425291004591,1,"{""finite"": true, ""r2"": -890.1869166240635, ""rmse"": 24.937035796912046}",4654.0,,ok,LIKE-FOR-LIKE-SPAN,MATCHED
m3ultra,algos/bayesian-ridge/istella/rows=full,istella,,inference,ours,mojolearn,,gpu,,identical,23.53912500257138,1,{},,,ok,LIKE-FOR-LIKE-SPAN,MATCHED
m3ultra,algos/bayesian-ridge/istella/rows=full,istella,,inference,ours-fast,mojolearn,,gpu,,fast,15.778000000864267,1,{},,,ok,LIKE-FOR-LIKE-SPAN,MATCHED
m3ultra,algos/bayesian-ridge/istella/rows=full,istella,,inference,sklearn-cpu,scikit-learn,,cpu,,opponent,3.8594580109929666,1,{},,,ok,LIKE-FOR-LIKE-SPAN,MATCHED
m3ultra,algos/bayesian-ridge/taxi/rows=full,taxi,X 1000000x11; Xq 100000x11; y 1000000; yq 100000,fit_or_operation,ours,mojolearn,0.8.25,gpu,Apple M3 Ultra,identical,482.4837079941062,1,"{""finite"": true, ""r2"": 0.9089808407438985, ""rmse"": 4.805108524137696}",588.0,,ok,LIKE-FOR-LIKE-SPAN,MATCHED
m3ultra,algos/bayesian-ridge/taxi/rows=full,taxi,X 1000000x11; Xq 100000x11; y 1000000; yq 100000,fit_or_operation,ours-fast,mojolearn,0.8.25,gpu,Apple M3 Ultra,fast,435.461375003797,1,"{""finite"": true, ""r2"": 0.9089808628504785, ""rmse"": 4.805107940609329}",585.4,,ok,LIKE-FOR-LIKE-SPAN,MATCHED
m3ultra,algos/bayesian-ridge/taxi/rows=full,taxi,X 1000000x11; Xq 100000x11; y 1000000; yq 100000,fit_or_operation,sklearn-cpu,scikit-learn,1.7.2,cpu,arm,opponent,70.8235420024721,1,"{""finite"": true, ""r2"": 0.9089829741707048, ""rmse"": 4.805052209579925}",383.2,,ok,LIKE-FOR-LIKE-SPAN,MATCHED
m3ultra,algos/bayesian-ridge/taxi/rows=full,taxi,,inference,ours,mojolearn,,gpu,,identical,1.3938750053057447,1,{},,,ok,LIKE-FOR-LIKE-SPAN,MATCHED
m3ultra,algos/bayesian-ridge/taxi/rows=full,taxi,,inference,ours-fast,mojolearn,,gpu,,fast,1.2664169917115942,1,{},,,ok,LIKE-FOR-LIKE-SPAN,MATCHED
m3ultra,algos/bayesian-ridge/taxi/rows=full,taxi,,inference,sklearn-cpu,scikit-learn,,cpu,,opponent,0.48762500227894634,1,{},,,ok,LIKE-FOR-LIKE-SPAN,MATCHED
m3ultra,algos/enet-cv/istella/rows=full,istella,X 1000000x220; Xq 100000x220; y 1000000; yq 100000,fit_or_operation,ours,mojolearn,0.8.25,gpu,Apple M3 Ultra,identical,80217.14712498942,1,"{""finite"": true, ""r2"": 0.3165828533559415, ""rmse"": 0.6905630918123707}",2379.6,,ok,LIKE-FOR-LIKE-SPAN,MATCHED
m3ultra,algos/enet-cv/istella/rows=full,istella,X 1000000x220; Xq 100000x220; y 1000000; yq 100000,fit_or_operation,ours-fast,mojolearn,0.8.25,gpu,Apple M3 Ultra,fast,74002.4687499972,1,"{""finite"": true, ""r2"": 0.31658316291670785, ""rmse"": 0.6905629354135555}",2430.7,,ok,LIKE-FOR-LIKE-SPAN,MATCHED
m3ultra,algos/enet-cv/istella/rows=full,istella,X 1000000x220; Xq 100000x220; y 1000000; yq 100000,fit_or_operation,sklearn-cpu,scikit-learn,1.7.2,cpu,arm,opponent,7103.657915999065,1,"{""finite"": true, ""r2"": 0.31729224551739243, ""rmse"": 0.6902045939040704}",8037.5,,ok,LIKE-FOR-LIKE-SPAN,MATCHED
m3ultra,algos/enet-cv/istella/rows=full,istella,,inference,ours,mojolearn,,gpu,,identical,17.209625002578832,1,{},,,ok,LIKE-FOR-LIKE-SPAN,MATCHED
m3ultra,algos/enet-cv/istella/rows=full,istella,,inference,ours-fast,mojolearn,,gpu,,fast,16.430208008387126,1,{},,,ok,LIKE-FOR-LIKE-SPAN,MATCHED
m3ultra,algos/enet-cv/istella/rows=full,istella,,inference,sklearn-cpu,scikit-learn,,cpu,,opponent,3.990333992987871,1,{},,,ok,LIKE-FOR-LIKE-SPAN,MATCHED
m3ultra,algos/enet-cv/taxi/rows=full,taxi,X 1000000x11; Xq 100000x11; y 1000000; yq 100000,fit_or_operation,ours,mojolearn,0.8.25,gpu,Apple M3 Ultra,identical,3259.6096669876715,1,"{""finite"": true, ""r2"": 0.9090023922094241, ""rmse"": 4.8045396150073145}",627.4,,ok,LIKE-FOR-LIKE-SPAN,MATCHED
m3ultra,algos/enet-cv/taxi/rows=full,taxi,X 1000000x11; Xq 100000x11; y 1000000; yq 100000,fit_or_operation,ours-fast,mojolearn,0.8.25,gpu,Apple M3 Ultra,fast,3164.406333002262,1,"{""finite"": true, ""r2"": 0.9090023937526336, ""rmse"": 4.804539574267722}",626.0,,ok,LIKE-FOR-LIKE-SPAN,MATCHED
m3ultra,algos/enet-cv/taxi/rows=full,taxi,X 1000000x11; Xq 100000x11; y 1000000; yq 100000,fit_or_operation,sklearn-cpu,scikit-learn,1.7.2,cpu,arm,opponent,212.63687498867512,1,"{""finite"": true, ""r2"": 0.9090044061673993, ""rmse"": 4.8044864477062825}",496.5,,ok,LIKE-FOR-LIKE-SPAN,MATCHED
m3ultra,algos/enet-cv/taxi/rows=full,taxi,,inference,ours,mojolearn,,gpu,,identical,2.197041001636535,1,{},,,ok,LIKE-FOR-LIKE-SPAN,MATCHED
m3ultra,algos/enet-cv/taxi/rows=full,taxi,,inference,ours-fast,mojolearn,,gpu,,fast,2.2137920022942126,1,{},,,ok,LIKE-FOR-LIKE-SPAN,MATCHED
m3ultra,algos/enet-cv/taxi/rows=full,taxi,,inference,sklearn-cpu,scikit-learn,,cpu,,opponent,0.3522079932736233,1,{},,,ok,LIKE-FOR-LIKE-SPAN,MATCHED
m3ultra,algos/huber/istella/rows=full,istella,X 1000000x220; Xq 100000x220; y 1000000; yq 100000,fit_or_operation,ours,mojolearn,0.8.25,gpu,Apple M3 Ultra,identical,46713.12337499694,1,"{""finite"": true, ""r2"": -0.009165590139036173, ""rmse"": 0.8391539526909465}",3191.1,,ok,LIKE-FOR-LIKE-SPAN,MATCHED
m3ultra,algos/huber/istella/rows=full,istella,X 1000000x220; Xq 100000x220; y 1000000; yq 100000,fit_or_operation,ours-fast,mojolearn,0.8.25,gpu,Apple M3 Ultra,fast,48657.448832993396,1,"{""finite"": true, ""r2"": -0.008227222364809883, ""rmse"": 0.8387637203208393}",3104.3,,ok,LIKE-FOR-LIKE-SPAN,MATCHED
m3ultra,algos/huber/istella/rows=full,istella,X 1000000x220; Xq 100000x220; y 1000000; yq 100000,fit_or_operation,sklearn-cpu,scikit-learn,1.7.2,cpu,arm,opponent,45695.05725000636,1,"{""finite"": true, ""r2"": -0.010175850461547675, ""rmse"": 0.8395738797506883}",3838.2,,ok,LIKE-FOR-LIKE-SPAN,MATCHED
m3ultra,algos/huber/istella/rows=full,istella,,inference,ours,mojolearn,,gpu,,identical,8.034333004616201,1,{},,,ok,LIKE-FOR-LIKE-SPAN,MATCHED
m3ultra,algos/huber/istella/rows=full,istella,,inference,ours-fast,mojolearn,,gpu,,fast,10.897125001065433,1,{},,,ok,LIKE-FOR-LIKE-SPAN,MATCHED
m3ultra,algos/huber/istella/rows=full,istella,,inference,sklearn-cpu,scikit-learn,,cpu,,opponent,16.04712499829475,1,{},,,ok,LIKE-FOR-LIKE-SPAN,MATCHED
m3ultra,algos/huber/taxi/rows=full,taxi,X 1000000x11; Xq 100000x11; y 1000000; yq 100000,fit_or_operation,ours,mojolearn,0.8.25,gpu,Apple M3 Ultra,identical,20061.884041002486,1,"{""finite"": true, ""r2"": 0.9002149553106352, ""rmse"": 5.031176103923879}",710.4,,ok,LIKE-FOR-LIKE-SPAN,MATCHED
m3ultra,algos/huber/taxi/rows=full,taxi,X 1000000x11; Xq 100000x11; y 1000000; yq 100000,fit_or_operation,ours-fast,mojolearn,0.8.25,gpu,Apple M3 Ultra,fast,165697.84979100223,1,"{""finite"": true, ""r2"": 0.9002172399334396, ""rmse"": 5.031118508091316}",893.3,,ok,LIKE-FOR-LIKE-SPAN,MATCHED
m3ultra,algos/huber/taxi/rows=full,taxi,X 1000000x11; Xq 100000x11; y 1000000; yq 100000,fit_or_operation,sklearn-cpu,scikit-learn,1.7.2,cpu,arm,opponent,1851.4229169959435,1,"{""finite"": true, ""r2"": 0.9002154555781746, ""rmse"": 5.0311634921279325}",471.0,,ok,LIKE-FOR-LIKE-SPAN,MATCHED
m3ultra,algos/huber/taxi/rows=full,taxi,,inference,ours,mojolearn,,gpu,,identical,1.752416996168904,1,{},,,ok,LIKE-FOR-LIKE-SPAN,MATCHED
m3ultra,algos/huber/taxi/rows=full,taxi,,inference,ours-fast,mojolearn,,gpu,,fast,1.7791249993024394,1,{},,,ok,LIKE-FOR-LIKE-SPAN,MATCHED
m3ultra,algos/huber/taxi/rows=full,taxi,,inference,sklearn-cpu,scikit-learn,,cpu,,opponent,1.1476250074338168,1,{},,,ok,LIKE-FOR-LIKE-SPAN,MATCHED
m3ultra,algos/lars/istella/rows=full,istella,X 1000000x220; Xq 100000x220; y 1000000; yq 100000,fit_or_operation,ours,mojolearn,0.8.25,gpu,Apple M3 Ultra,identical,11639.633457991295,1,"{""finite"": true, ""r2"": -1.3603499861402364, ""rmse"": 1.283360385763727}",2412.7,,ok,LIKE-FOR-LIKE-SPAN,MATCHED
m3ultra,algos/lars/istella/rows=full,istella,X 1000000x220; Xq 100000x220; y 1000000; yq 100000,fit_or_operation,ours-fast,mojolearn,0.8.25,gpu,Apple M3 Ultra,fast,10382.798916994943,1,"{""finite"": true, ""r2"": -1.6325605499596576, ""rmse"": 1.3553442328431917}",2395.6,,ok,LIKE-FOR-LIKE-SPAN,MATCHED
m3ultra,algos/lars/istella/rows=full,istella,X 1000000x220; Xq 100000x220; y 1000000; yq 100000,fit_or_operation,sklearn-cpu,scikit-learn,1.7.2,cpu,arm,opponent,,0,{},,,"REFUSED(error: {""error"": ""OverflowError('int too large to convert to float')"", ""event"": ""error"", ""stage"": ""round 0""})",LIKE-FOR-LIKE-SPAN,MATCHED
m3ultra,algos/lars/istella/rows=full,istella,,inference,ours,mojolearn,,gpu,,identical,16.41120899876114,1,{},,,ok,LIKE-FOR-LIKE-SPAN,MATCHED
m3ultra,algos/lars/istella/rows=full,istella,,inference,ours-fast,mojolearn,,gpu,,fast,16.045458003645763,1,{},,,ok,LIKE-FOR-LIKE-SPAN,MATCHED
m3ultra,algos/lars/istella/rows=full,istella,,inference,sklearn-cpu,scikit-learn,,cpu,,opponent,,0,{},,,"REFUSED(error: {""error"": ""OverflowError('int too large to convert to float')"", ""event"": ""error"", ""stage"": ""round 0""})",LIKE-FOR-LIKE-SPAN,MATCHED
m3ultra,algos/lars/taxi/rows=full,taxi,X 1000000x11; Xq 100000x11; y 1000000; yq 100000,fit_or_operation,ours,mojolearn,0.8.25,gpu,Apple M3 Ultra,identical,170.97720799210947,1,"{""finite"": true, ""r2"": 0.9089808084420682, ""rmse"": 4.805109376781181}",587.6,,ok,LIKE-FOR-LIKE-SPAN,MATCHED
m3ultra,algos/lars/taxi/rows=full,taxi,X 1000000x11; Xq 100000x11; y 1000000; yq 100000,fit_or_operation,ours-fast,mojolearn,0.8.25,gpu,Apple M3 Ultra,fast,155.57758300565183,1,"{""finite"": true, ""r2"": 0.9089808085824885, ""rmse"": 4.805109373074626}",584.1,,ok,LIKE-FOR-LIKE-SPAN,MATCHED
m3ultra,algos/lars/taxi/rows=full,taxi,X 1000000x11; Xq 100000x11; y 1000000; yq 100000,fit_or_operation,sklearn-cpu,scikit-learn,1.7.2,cpu,arm,opponent,35.7845419930527,1,"{""finite"": true, ""r2"": 0.9089880803616119, ""rmse"": 4.804917422391445}",244.1,,ok,LIKE-FOR-LIKE-SPAN,MATCHED
m3ultra,algos/lars/taxi/rows=full,taxi,,inference,ours,mojolearn,,gpu,,identical,1.1133340012747794,1,{},,,ok,LIKE-FOR-LIKE-SPAN,MATCHED
m3ultra,algos/lars/taxi/rows=full,taxi,,inference,ours-fast,mojolearn,,gpu,,fast,1.0172920010518283,1,{},,,ok,LIKE-FOR-LIKE-SPAN,MATCHED
m3ultra,algos/lars/taxi/rows=full,taxi,,inference,sklearn-cpu,scikit-learn,,cpu,,opponent,0.3353749925736338,1,{},,,ok,LIKE-FOR-LIKE-SPAN,MATCHED
m3ultra,algos/lasso-cv/istella/rows=full,istella,X 1000000x220; Xq 100000x220; y 1000000; yq 100000,fit_or_operation,ours,mojolearn,0.8.25,gpu,Apple M3 Ultra,identical,76137.38012500107,1,"{""finite"": true, ""r2"": 0.31032916732439575, ""rmse"": 0.693715434673252}",2480.9,,ok,LIKE-FOR-LIKE-SPAN,MATCHED
m3ultra,algos/lasso-cv/istella/rows=full,istella,X 1000000x220; Xq 100000x220; y 1000000; yq 100000,fit_or_operation,ours-fast,mojolearn,0.8.25,gpu,Apple M3 Ultra,fast,70153.01312500378,1,"{""finite"": true, ""r2"": 0.3103291391009039, ""rmse"": 0.6937154488677567}",2478.2,,ok,LIKE-FOR-LIKE-SPAN,MATCHED
m3ultra,algos/lasso-cv/istella/rows=full,istella,X 1000000x220; Xq 100000x220; y 1000000; yq 100000,fit_or_operation,sklearn-cpu,scikit-learn,1.7.2,cpu,arm,opponent,5538.050666000345,1,"{""finite"": true, ""r2"": 0.3108369899344797, ""rmse"": 0.6934599872634684}",8020.4,,ok,LIKE-FOR-LIKE-SPAN,MATCHED
m3ultra,algos/lasso-cv/istella/rows=full,istella,,inference,ours,mojolearn,,gpu,,identical,17.312084004515782,1,{},,,ok,LIKE-FOR-LIKE-SPAN,MATCHED
m3ultra,algos/lasso-cv/istella/rows=full,istella,,inference,ours-fast,mojolearn,,gpu,,fast,17.39041699329391,1,{},,,ok,LIKE-FOR-LIKE-SPAN,MATCHED
m3ultra,algos/lasso-cv/istella/rows=full,istella,,inference,sklearn-cpu,scikit-learn,,cpu,,opponent,3.8668750057695433,1,{},,,ok,LIKE-FOR-LIKE-SPAN,MATCHED
m3ultra,algos/lasso-cv/taxi/rows=full,taxi,X 1000000x11; Xq 100000x11; y 1000000; yq 100000,fit_or_operation,ours,mojolearn,0.8.25,gpu,Apple M3 Ultra,identical,3251.6976249899017,1,"{""finite"": true, ""r2"": 0.9090587837878165, ""rmse"": 4.803050688172362}",632.9,,ok,LIKE-FOR-LIKE-SPAN,MATCHED
m3ultra,algos/lasso-cv/taxi/rows=full,taxi,X 1000000x11; Xq 100000x11; y 1000000; yq 100000,fit_or_operation,ours-fast,mojolearn,0.8.25,gpu,Apple M3 Ultra,fast,3172.055375005584,1,"{""finite"": true, ""r2"": 0.9090587837878165, ""rmse"": 4.803050688172362}",626.0,,ok,LIKE-FOR-LIKE-SPAN,MATCHED
m3ultra,algos/lasso-cv/taxi/rows=full,taxi,X 1000000x11; Xq 100000x11; y 1000000; yq 100000,fit_or_operation,sklearn-cpu,scikit-learn,1.7.2,cpu,arm,opponent,143.1952499988256,1,"{""finite"": true, ""r2"": 0.9090382338661919, ""rmse"": 4.803593328484525}",497.8,,ok,LIKE-FOR-LIKE-SPAN,MATCHED
m3ultra,algos/lasso-cv/taxi/rows=full,taxi,,inference,ours,mojolearn,,gpu,,identical,2.177332993596792,1,{},,,ok,LIKE-FOR-LIKE-SPAN,MATCHED
m3ultra,algos/lasso-cv/taxi/rows=full,taxi,,inference,ours-fast,mojolearn,,gpu,,fast,2.094208000926301,1,{},,,ok,LIKE-FOR-LIKE-SPAN,MATCHED
m3ultra,algos/lasso-cv/taxi/rows=full,taxi,,inference,sklearn-cpu,scikit-learn,,cpu,,opponent,0.3691669990075752,1,{},,,ok,LIKE-FOR-LIKE-SPAN,MATCHED
m3ultra,algos/lasso-lars/istella/rows=full,istella,X 1000000x220; Xq 100000x220; y 1000000; yq 100000,fit_or_operation,ours,mojolearn,0.8.25,gpu,Apple M3 Ultra,identical,8933.842083002673,1,"{""finite"": true, ""r2"": 0.3103295596589488, ""rmse"": 0.6937152373555167}",2408.5,,ok,LIKE-FOR-LIKE-SPAN,MATCHED
m3ultra,algos/lasso-lars/istella/rows=full,istella,X 1000000x220; Xq 100000x220; y 1000000; yq 100000,fit_or_operation,ours-fast,mojolearn,0.8.25,gpu,Apple M3 Ultra,fast,7872.077417006949,1,"{""finite"": true, ""r2"": 0.310329592121508, ""rmse"": 0.6937152210290431}",2375.3,,ok,LIKE-FOR-LIKE-SPAN,MATCHED
m3ultra,algos/lasso-lars/istella/rows=full,istella,X 1000000x220; Xq 100000x220; y 1000000; yq 100000,fit_or_operation,sklearn-cpu,scikit-learn,1.7.2,cpu,arm,opponent,229.38600000634324,1,"{""finite"": true, ""r2"": 0.31110353003704216, ""rmse"": 0.6933258732958496}",1919.7,,ok,LIKE-FOR-LIKE-SPAN,MATCHED
m3ultra,algos/lasso-lars/istella/rows=full,istella,,inference,ours,mojolearn,,gpu,,identical,15.019541999208741,1,{},,,ok,LIKE-FOR-LIKE-SPAN,MATCHED
m3ultra,algos/lasso-lars/istella/rows=full,istella,,inference,ours-fast,mojolearn,,gpu,,fast,15.039457997772843,1,{},,,ok,LIKE-FOR-LIKE-SPAN,MATCHED
m3ultra,algos/lasso-lars/istella/rows=full,istella,,inference,sklearn-cpu,scikit-learn,,cpu,,opponent,3.878082992741838,1,{},,,ok,LIKE-FOR-LIKE-SPAN,MATCHED
m3ultra,algos/lasso-lars/taxi/rows=full,taxi,X 1000000x11; Xq 100000x11; y 1000000; yq 100000,fit_or_operation,ours,mojolearn,0.8.25,gpu,Apple M3 Ultra,identical,172.19612500048243,1,"{""finite"": true, ""r2"": 0.908996372728375, ""rmse"": 4.804698522244566}",583.5,,ok,LIKE-FOR-LIKE-SPAN,MATCHED
m3ultra,algos/lasso-lars/taxi/rows=full,taxi,X 1000000x11; Xq 100000x11; y 1000000; yq 100000,fit_or_operation,ours-fast,mojolearn,0.8.25,gpu,Apple M3 Ultra,fast,148.7009999982547,1,"{""finite"": true, ""r2"": 0.9089963765290981, ""rmse"": 4.804698421911592}",581.8,,ok,LIKE-FOR-LIKE-SPAN,MATCHED
m3ultra,algos/lasso-lars/taxi/rows=full,taxi,X 1000000x11; Xq 100000x11; y 1000000; yq 100000,fit_or_operation,sklearn-cpu,scikit-learn,1.7.2,cpu,arm,opponent,34.70299999753479,1,"{""finite"": true, ""r2"": 0.9090028694453172, ""rmse"": 4.8045270163148}",242.6,,ok,LIKE-FOR-LIKE-SPAN,MATCHED
m3ultra,algos/lasso-lars/taxi/rows=full,taxi,,inference,ours,mojolearn,,gpu,,identical,1.3099580100970343,1,{},,,ok,LIKE-FOR-LIKE-SPAN,MATCHED
m3ultra,algos/lasso-lars/taxi/rows=full,taxi,,inference,ours-fast,mojolearn,,gpu,,fast,1.2401669955579564,1,{},,,ok,LIKE-FOR-LIKE-SPAN,MATCHED
m3ultra,algos/lasso-lars/taxi/rows=full,taxi,,inference,sklearn-cpu,scikit-learn,,cpu,,opponent,0.4422089987201616,1,{},,,ok,LIKE-FOR-LIKE-SPAN,MATCHED
m3ultra,algos/pa-clf/istella/rows=full,istella,X 1000000x220; Xq 100000x220; y 1000000; yq 100000,fit_or_operation,ours,mojolearn,0.8.25,gpu,Apple M3 Ultra,identical,249929.0058750048,1,"{""accuracy"": 0.9037}",2385.6,,ok,LIKE-FOR-LIKE-SPAN,MATCHED
m3ultra,algos/pa-clf/istella/rows=full,istella,X 1000000x220; Xq 100000x220; y 1000000; yq 100000,fit_or_operation,ours-fast,mojolearn,0.8.25,gpu,Apple M3 Ultra,fast,200552.13762499625,1,"{""accuracy"": 0.9037}",2385.1,,ok,LIKE-FOR-LIKE-SPAN,MATCHED
m3ultra,algos/pa-clf/istella/rows=full,istella,X 1000000x220; Xq 100000x220; y 1000000; yq 100000,fit_or_operation,sklearn-cpu,scikit-learn,1.7.2,cpu,arm,opponent,9373.4767499991,1,"{""accuracy"": 0.89048}",1088.0,,ok,LIKE-FOR-LIKE-SPAN,MATCHED
m3ultra,algos/pa-clf/istella/rows=full,istella,,inference,ours,mojolearn,,gpu,,identical,24.63250000437256,1,{},,,ok,LIKE-FOR-LIKE-SPAN,MATCHED
m3ultra,algos/pa-clf/istella/rows=full,istella,,inference,ours-fast,mojolearn,,gpu,,fast,24.39379099814687,1,{},,,ok,LIKE-FOR-LIKE-SPAN,MATCHED
m3ultra,algos/pa-clf/istella/rows=full,istella,,inference,sklearn-cpu,scikit-learn,,cpu,,opponent,4.589709002175368,1,{},,,ok,LIKE-FOR-LIKE-SPAN,MATCHED
m3ultra,algos/pa-clf/taxi/rows=full,taxi,X 1000000x11; Xq 100000x11; y 1000000; yq 100000,fit_or_operation,ours,mojolearn,0.8.25,gpu,Apple M3 Ultra,identical,23970.354207995115,1,"{""accuracy"": 0.58383}",691.0,,ok,LIKE-FOR-LIKE-SPAN,MATCHED
m3ultra,algos/pa-clf/taxi/rows=full,taxi,X 1000000x11; Xq 100000x11; y 1000000; yq 100000,fit_or_operation,ours-fast,mojolearn,0.8.25,gpu,Apple M3 Ultra,fast,39286.05537500698,1,"{""accuracy"": 0.58383}",659.3,,ok,LIKE-FOR-LIKE-SPAN,MATCHED
m3ultra,algos/pa-clf/taxi/rows=full,taxi,X 1000000x11; Xq 100000x11; y 1000000; yq 100000,fit_or_operation,sklearn-cpu,scikit-learn,1.7.2,cpu,arm,opponent,1215.9432499902323,1,"{""accuracy"": 0.74474}",204.4,,ok,LIKE-FOR-LIKE-SPAN,MATCHED
m3ultra,algos/pa-clf/taxi/rows=full,taxi,,inference,ours,mojolearn,,gpu,,identical,15.899959005764686,1,{},,,ok,LIKE-FOR-LIKE-SPAN,MATCHED
m3ultra,algos/pa-clf/taxi/rows=full,taxi,,inference,ours-fast,mojolearn,,gpu,,fast,16.358875000150874,1,{},,,ok,LIKE-FOR-LIKE-SPAN,MATCHED
m3ultra,algos/pa-clf/taxi/rows=full,taxi,,inference,sklearn-cpu,scikit-learn,,cpu,,opponent,0.9822909923968837,1,{},,,ok,LIKE-FOR-LIKE-SPAN,MATCHED
m3ultra,algos/pa-reg/istella/rows=full,istella,X 1000000x220; Xq 100000x220; y 1000000; yq 100000,fit_or_operation,ours,mojolearn,0.8.25,gpu,Apple M3 Ultra,identical,254962.94995800417,1,"{""finite"": true, ""r2"": -0.2823116746977079, ""rmse"": 0.9459261373099601}",2363.1,,ok,LIKE-FOR-LIKE-SPAN,MATCHED
m3ultra,algos/pa-reg/istella/rows=full,istella,X 1000000x220; Xq 100000x220; y 1000000; yq 100000,fit_or_operation,ours-fast,mojolearn,0.8.25,gpu,Apple M3 Ultra,fast,198976.859833012,1,"{""finite"": true, ""r2"": -0.2823116746977079, ""rmse"": 0.9459261373099601}",2367.4,,ok,LIKE-FOR-LIKE-SPAN,MATCHED
m3ultra,algos/pa-reg/istella/rows=full,istella,X 1000000x220; Xq 100000x220; y 1000000; yq 100000,fit_or_operation,sklearn-cpu,scikit-learn,1.7.2,cpu,arm,opponent,12373.626916989451,1,"{""finite"": true, ""r2"": -0.12815502671108692, ""rmse"": 0.8872475710533135}",1084.9,,ok,LIKE-FOR-LIKE-SPAN,MATCHED
m3ultra,algos/pa-reg/istella/rows=full,istella,,inference,ours,mojolearn,,gpu,,identical,21.168249993934296,1,{},,,ok,LIKE-FOR-LIKE-SPAN,MATCHED
m3ultra,algos/pa-reg/istella/rows=full,istella,,inference,ours-fast,mojolearn,,gpu,,fast,22.173249992192723,1,{},,,ok,LIKE-FOR-LIKE-SPAN,MATCHED
m3ultra,algos/pa-reg/istella/rows=full,istella,,inference,sklearn-cpu,scikit-learn,,cpu,,opponent,4.090582995559089,1,{},,,ok,LIKE-FOR-LIKE-SPAN,MATCHED
m3ultra,algos/pa-reg/taxi/rows=full,taxi,X 1000000x11; Xq 100000x11; y 1000000; yq 100000,fit_or_operation,ours,mojolearn,0.8.25,gpu,Apple M3 Ultra,identical,24670.865541003877,1,"{""finite"": true, ""r2"": 0.8539199322727802, ""rmse"": 6.087406051423754}",662.8,,ok,LIKE-FOR-LIKE-SPAN,MATCHED
m3ultra,algos/pa-reg/taxi/rows=full,taxi,X 1000000x11; Xq 100000x11; y 1000000; yq 100000,fit_or_operation,ours-fast,mojolearn,0.8.25,gpu,Apple M3 Ultra,fast,41674.232834004215,1,"{""finite"": true, ""r2"": 0.8539199322727802, ""rmse"": 6.087406051423754}",600.6,,ok,LIKE-FOR-LIKE-SPAN,MATCHED
m3ultra,algos/pa-reg/taxi/rows=full,taxi,X 1000000x11; Xq 100000x11; y 1000000; yq 100000,fit_or_operation,sklearn-cpu,scikit-learn,1.7.2,cpu,arm,opponent,1199.110166009632,1,"{""finite"": true, ""r2"": 0.795106985739587, ""rmse"": 7.209420659041159}",206.2,,ok,LIKE-FOR-LIKE-SPAN,MATCHED
m3ultra,algos/pa-reg/taxi/rows=full,taxi,,inference,ours,mojolearn,,gpu,,identical,12.436124990927055,1,{},,,ok,LIKE-FOR-LIKE-SPAN,MATCHED
m3ultra,algos/pa-reg/taxi/rows=full,taxi,,inference,ours-fast,mojolearn,,gpu,,fast,8.718582990695722,1,{},,,ok,LIKE-FOR-LIKE-SPAN,MATCHED
m3ultra,algos/pa-reg/taxi/rows=full,taxi,,inference,sklearn-cpu,scikit-learn,,cpu,,opponent,0.5173329991521314,1,{},,,ok,LIKE-FOR-LIKE-SPAN,MATCHED
m3ultra,algos/perceptron/istella/rows=full,istella,X 1000000x220; Xq 100000x220; y 1000000; yq 100000,fit_or_operation,ours,mojolearn,0.8.25,gpu,Apple M3 Ultra,identical,160515.63633300248,1,"{""accuracy"": 0.88248}",2310.3,,ok,LIKE-FOR-LIKE-SPAN,MATCHED
m3ultra,algos/perceptron/istella/rows=full,istella,X 1000000x220; Xq 100000x220; y 1000000; yq 100000,fit_or_operation,ours-fast,mojolearn,0.8.25,gpu,Apple M3 Ultra,fast,134524.3913329905,1,"{""accuracy"": 0.88248}",2384.3,,ok,LIKE-FOR-LIKE-SPAN,MATCHED
m3ultra,algos/perceptron/istella/rows=full,istella,X 1000000x220; Xq 100000x220; y 1000000; yq 100000,fit_or_operation,sklearn-cpu,scikit-learn,1.7.2,cpu,arm,opponent,5724.8577080026735,1,"{""accuracy"": 0.89613}",1087.9,,ok,LIKE-FOR-LIKE-SPAN,MATCHED
m3ultra,algos/perceptron/istella/rows=full,istella,,inference,ours,mojolearn,,gpu,,identical,23.561374997370876,1,{},,,ok,LIKE-FOR-LIKE-SPAN,MATCHED
m3ultra,algos/perceptron/istella/rows=full,istella,,inference,ours-fast,mojolearn,,gpu,,fast,24.501334002707154,1,{},,,ok,LIKE-FOR-LIKE-SPAN,MATCHED
m3ultra,algos/perceptron/istella/rows=full,istella,,inference,sklearn-cpu,scikit-learn,,cpu,,opponent,4.4430420093704015,1,{},,,ok,LIKE-FOR-LIKE-SPAN,MATCHED
m3ultra,algos/perceptron/taxi/rows=full,taxi,X 1000000x11; Xq 100000x11; y 1000000; yq 100000,fit_or_operation,ours,mojolearn,0.8.25,gpu,Apple M3 Ultra,identical,23038.7195420044,1,"{""accuracy"": 0.46538}",684.0,,ok,LIKE-FOR-LIKE-SPAN,MATCHED
m3ultra,algos/perceptron/taxi/rows=full,taxi,X 1000000x11; Xq 100000x11; y 1000000; yq 100000,fit_or_operation,ours-fast,mojolearn,0.8.25,gpu,Apple M3 Ultra,fast,40319.41379100317,1,"{""accuracy"": 0.46538}",670.4,,ok,LIKE-FOR-LIKE-SPAN,MATCHED
m3ultra,algos/perceptron/taxi/rows=full,taxi,X 1000000x11; Xq 100000x11; y 1000000; yq 100000,fit_or_operation,sklearn-cpu,scikit-learn,1.7.2,cpu,arm,opponent,907.3401659989031,1,"{""accuracy"": 0.75052}",200.3,,ok,LIKE-FOR-LIKE-SPAN,MATCHED
m3ultra,algos/perceptron/taxi/rows=full,taxi,,inference,ours,mojolearn,,gpu,,identical,15.870959003223106,1,{},,,ok,LIKE-FOR-LIKE-SPAN,MATCHED
m3ultra,algos/perceptron/taxi/rows=full,taxi,,inference,ours-fast,mojolearn,,gpu,,fast,15.966667007887736,1,{},,,ok,LIKE-FOR-LIKE-SPAN,MATCHED
m3ultra,algos/perceptron/taxi/rows=full,taxi,,inference,sklearn-cpu,scikit-learn,,cpu,,opponent,1.0006249940488487,1,{},,,ok,LIKE-FOR-LIKE-SPAN,MATCHED
m3ultra,algos/poisson/taxi/rows=full,taxi,X 1000000x11; Xq 100000x11; y 1000000; yq 100000,fit_or_operation,ours,mojolearn,0.8.25,gpu,Apple M3 Ultra,identical,55094.73150000849,1,"{""finite"": true, ""r2"": 0.035965304476761495, ""rmse"": 15.638068930927794}",667.8,,ok,LIKE-FOR-LIKE-SPAN,MATCHED
m3ultra,algos/poisson/taxi/rows=full,taxi,X 1000000x11; Xq 100000x11; y 1000000; yq 100000,fit_or_operation,ours-fast,mojolearn,0.8.25,gpu,Apple M3 Ultra,fast,42268.41799999238,1,"{""finite"": true, ""r2"": 0.035965478929443795, ""rmse"": 15.638067515987435}",643.8,,ok,LIKE-FOR-LIKE-SPAN,MATCHED
m3ultra,algos/poisson/taxi/rows=full,taxi,X 1000000x11; Xq 100000x11; y 1000000; yq 100000,fit_or_operation,sklearn-cpu,scikit-learn,1.7.2,cpu,arm,opponent,401.3143750053132,1,"{""finite"": true, ""r2"": 0.03620474634716753, ""rmse"": 15.636126759642492}",314.4,,ok,LIKE-FOR-LIKE-SPAN,MATCHED
m3ultra,algos/poisson/taxi/rows=full,taxi,,inference,ours,mojolearn,,gpu,,identical,8.179874988854863,1,{},,,ok,LIKE-FOR-LIKE-SPAN,MATCHED
m3ultra,algos/poisson/taxi/rows=full,taxi,,inference,ours-fast,mojolearn,,gpu,,fast,8.29983399307821,1,{},,,ok,LIKE-FOR-LIKE-SPAN,MATCHED
m3ultra,algos/poisson/taxi/rows=full,taxi,,inference,sklearn-cpu,scikit-learn,,cpu,,opponent,3.1354170059785247,1,{},,,ok,LIKE-FOR-LIKE-SPAN,MATCHED
m3ultra,algos/quantile/istella/rows=full,istella,X 100000x220; Xq 100000x220; y 100000; yq 100000,fit_or_operation,ours,mojolearn,0.8.25,gpu,Apple M3 Ultra,identical,235712.09329199337,1,"{""finite"": false, ""r2"": NaN, ""rmse"": NaN}",1734.7,,ok,LIKE-FOR-LIKE-SPAN,MATCHED
m3ultra,algos/quantile/istella/rows=full,istella,X 100000x220; Xq 100000x220; y 100000; yq 100000,fit_or_operation,ours-fast,mojolearn,0.8.25,gpu,Apple M3 Ultra,fast,211403.81141699618,1,"{""finite"": false, ""r2"": NaN, ""rmse"": NaN}",1736.1,,ok,LIKE-FOR-LIKE-SPAN,MATCHED
m3ultra,algos/quantile/istella/rows=full,istella,X 100000x220; Xq 100000x220; y 100000; yq 100000,fit_or_operation,sklearn-cpu,scikit-learn,1.7.2,cpu,arm,opponent,874304.1395409964,1,"{""finite"": true, ""r2"": -0.04477950087776872, ""rmse"": 0.8538326327402851}",3515.8,,ok,LIKE-FOR-LIKE-SPAN,MATCHED
m3ultra,algos/quantile/istella/rows=full,istella,,inference,ours,mojolearn,,gpu,,identical,18.487542009097524,1,{},,,ok,LIKE-FOR-LIKE-SPAN,MATCHED
m3ultra,algos/quantile/istella/rows=full,istella,,inference,ours-fast,mojolearn,,gpu,,fast,14.685583009850234,1,{},,,ok,LIKE-FOR-LIKE-SPAN,MATCHED
m3ultra,algos/quantile/istella/rows=full,istella,,inference,sklearn-cpu,scikit-learn,,cpu,,opponent,16.218374992604367,1,{},,,ok,LIKE-FOR-LIKE-SPAN,MATCHED
m3ultra,algos/quantile/taxi/rows=full,taxi,X 100000x11; Xq 100000x11; y 100000; yq 100000,fit_or_operation,ours,mojolearn,0.8.25,gpu,Apple M3 Ultra,identical,30505.106459007948,1,"{""finite"": true, ""r2"": 0.9000388026659563, ""rmse"": 5.03561496644588}",613.1,,ok,LIKE-FOR-LIKE-SPAN,MATCHED
m3ultra,algos/quantile/taxi/rows=full,taxi,X 100000x11; Xq 100000x11; y 100000; yq 100000,fit_or_operation,ours-fast,mojolearn,0.8.25,gpu,Apple M3 Ultra,fast,24477.041166988784,1,"{""finite"": true, ""r2"": 0.8998753095804071, ""rmse"": 5.039731323042278}",604.3,,ok,LIKE-FOR-LIKE-SPAN,MATCHED
m3ultra,algos/quantile/taxi/rows=full,taxi,X 100000x11; Xq 100000x11; y 100000; yq 100000,fit_or_operation,sklearn-cpu,scikit-learn,1.7.2,cpu,arm,opponent,216313.7293329928,1,"{""finite"": true, ""r2"": 0.8996775445525863, ""rmse"": 5.044706074663764}",464.2,,ok,LIKE-FOR-LIKE-SPAN,MATCHED
m3ultra,algos/quantile/taxi/rows=full,taxi,,inference,ours,mojolearn,,gpu,,identical,8.099999991827644,1,{},,,ok,LIKE-FOR-LIKE-SPAN,MATCHED
m3ultra,algos/quantile/taxi/rows=full,taxi,,inference,ours-fast,mojolearn,,gpu,,fast,8.26950000191573,1,{},,,ok,LIKE-FOR-LIKE-SPAN,MATCHED
m3ultra,algos/quantile/taxi/rows=full,taxi,,inference,sklearn-cpu,scikit-learn,,cpu,,opponent,1.3173749903216958,1,{},,,ok,LIKE-FOR-LIKE-SPAN,MATCHED
m3ultra,algos/ridge-clf/istella/rows=full,istella,X 1000000x220; Xq 100000x220; y 1000000; yq 100000,fit_or_operation,ours,mojolearn,0.8.25,gpu,Apple M3 Ultra,identical,8393.661125010112,1,"{""accuracy"": 0.89433}",2429.6,,ok,LIKE-FOR-LIKE-SPAN,MATCHED
m3ultra,algos/ridge-clf/istella/rows=full,istella,X 1000000x220; Xq 100000x220; y 1000000; yq 100000,fit_or_operation,ours-fast,mojolearn,0.8.25,gpu,Apple M3 Ultra,fast,9771.230917001958,1,"{""accuracy"": 0.89433}",2361.9,,ok,LIKE-FOR-LIKE-SPAN,MATCHED
m3ultra,algos/ridge-clf/istella/rows=full,istella,X 1000000x220; Xq 100000x220; y 1000000; yq 100000,fit_or_operation,sklearn-cpu,scikit-learn,1.7.2,cpu,arm,opponent,6439.719166999566,1,"{""accuracy"": 0.91054}",9500.9,,ok,LIKE-FOR-LIKE-SPAN,MATCHED
m3ultra,algos/ridge-clf/istella/rows=full,istella,,inference,ours,mojolearn,,gpu,,identical,21.870625001611188,1,{},,,ok,LIKE-FOR-LIKE-SPAN,MATCHED
m3ultra,algos/ridge-clf/istella/rows=full,istella,,inference,ours-fast,mojolearn,,gpu,,fast,22.35037500213366,1,{},,,ok,LIKE-FOR-LIKE-SPAN,MATCHED
m3ultra,algos/ridge-clf/istella/rows=full,istella,,inference,sklearn-cpu,scikit-learn,,cpu,,opponent,4.38645800750237,1,{},,,ok,LIKE-FOR-LIKE-SPAN,MATCHED
m3ultra,algos/ridge-clf/taxi/rows=full,taxi,X 1000000x11; Xq 100000x11; y 1000000; yq 100000,fit_or_operation,ours,mojolearn,0.8.25,gpu,Apple M3 Ultra,identical,384.60337500146125,1,"{""accuracy"": 0.76357}",645.5,,ok,LIKE-FOR-LIKE-SPAN,MATCHED
m3ultra,algos/ridge-clf/taxi/rows=full,taxi,X 1000000x11; Xq 100000x11; y 1000000; yq 100000,fit_or_operation,ours-fast,mojolearn,0.8.25,gpu,Apple M3 Ultra,fast,396.51704199786764,1,"{""accuracy"": 0.76357}",628.4,,ok,LIKE-FOR-LIKE-SPAN,MATCHED
m3ultra,algos/ridge-clf/taxi/rows=full,taxi,X 1000000x11; Xq 100000x11; y 1000000; yq 100000,fit_or_operation,sklearn-cpu,scikit-learn,1.7.2,cpu,arm,opponent,74.51770799525548,1,"{""accuracy"": 0.76358}",328.7,,ok,LIKE-FOR-LIKE-SPAN,MATCHED
m3ultra,algos/ridge-clf/taxi/rows=full,taxi,,inference,ours,mojolearn,,gpu,,identical,9.720000001834705,1,{},,,ok,LIKE-FOR-LIKE-SPAN,MATCHED
m3ultra,algos/ridge-clf/taxi/rows=full,taxi,,inference,ours-fast,mojolearn,,gpu,,fast,9.333041991339996,1,{},,,ok,LIKE-FOR-LIKE-SPAN,MATCHED
m3ultra,algos/ridge-clf/taxi/rows=full,taxi,,inference,sklearn-cpu,scikit-learn,,cpu,,opponent,0.8090829942375422,1,{},,,ok,LIKE-FOR-LIKE-SPAN,MATCHED
m3ultra,algos/ridge-cv/istella/rows=full,istella,X 1000000x220; Xq 100000x220; y 1000000; yq 100000,fit_or_operation,ours,mojolearn,0.8.25,gpu,Apple M3 Ultra,identical,,0,{},,,"REFUSED(error: {""error"": ""ValueError('mojolearn RidgeCV: only cv=None, scoring=None, alpha_per_target=False are implemented')"", ""event"": ""error"", ""stage"": ""round 0""})",LIKE-FOR-LIKE-SPAN,MATCHED
m3ultra,algos/ridge-cv/istella/rows=full,istella,X 1000000x220; Xq 100000x220; y 1000000; yq 100000,fit_or_operation,ours-fast,mojolearn,0.8.25,gpu,Apple M3 Ultra,fast,,0,{},,,"REFUSED(error: {""error"": ""ValueError('mojolearn RidgeCV: only cv=None, scoring=None, alpha_per_target=False are implemented')"", ""event"": ""error"", ""stage"": ""round 0""})",LIKE-FOR-LIKE-SPAN,MATCHED
m3ultra,algos/ridge-cv/istella/rows=full,istella,X 1000000x220; Xq 100000x220; y 1000000; yq 100000,fit_or_operation,sklearn-cpu,scikit-learn,1.7.2,cpu,arm,opponent,127082.44891600043,1,"{""finite"": true, ""r2"": 0.32868258274561857, ""rmse"": 0.6844226684940443}",8807.9,,ok,LIKE-FOR-LIKE-SPAN,MATCHED
m3ultra,algos/ridge-cv/istella/rows=full,istella,,inference,ours,mojolearn,,gpu,,identical,,0,{},,,"REFUSED(error: {""error"": ""ValueError('mojolearn RidgeCV: only cv=None, scoring=None, alpha_per_target=False are implemented')"", ""event"": ""error"", ""stage"": ""round 0""})",LIKE-FOR-LIKE-SPAN,MATCHED
m3ultra,algos/ridge-cv/istella/rows=full,istella,,inference,ours-fast,mojolearn,,gpu,,fast,,0,{},,,"REFUSED(error: {""error"": ""ValueError('mojolearn RidgeCV: only cv=None, scoring=None, alpha_per_target=False are implemented')"", ""event"": ""error"", ""stage"": ""round 0""})",LIKE-FOR-LIKE-SPAN,MATCHED
m3ultra,algos/ridge-cv/istella/rows=full,istella,,inference,sklearn-cpu,scikit-learn,,cpu,,opponent,3.922667005099356,1,{},,,ok,LIKE-FOR-LIKE-SPAN,MATCHED
m3ultra,algos/ridge-cv/taxi/rows=full,taxi,X 1000000x11; Xq 100000x11; y 1000000; yq 100000,fit_or_operation,ours,mojolearn,0.8.25,gpu,Apple M3 Ultra,identical,,0,{},,,"REFUSED(error: {""error"": ""ValueError('mojolearn RidgeCV: only cv=None, scoring=None, alpha_per_target=False are implemented')"", ""event"": ""error"", ""stage"": ""round 0""})",LIKE-FOR-LIKE-SPAN,MATCHED
m3ultra,algos/ridge-cv/taxi/rows=full,taxi,X 1000000x11; Xq 100000x11; y 1000000; yq 100000,fit_or_operation,ours-fast,mojolearn,0.8.25,gpu,Apple M3 Ultra,fast,,0,{},,,"REFUSED(error: {""error"": ""ValueError('mojolearn RidgeCV: only cv=None, scoring=None, alpha_per_target=False are implemented')"", ""event"": ""error"", ""stage"": ""round 0""})",LIKE-FOR-LIKE-SPAN,MATCHED
m3ultra,algos/ridge-cv/taxi/rows=full,taxi,X 1000000x11; Xq 100000x11; y 1000000; yq 100000,fit_or_operation,sklearn-cpu,scikit-learn,1.7.2,cpu,arm,opponent,952.1531250065891,1,"{""finite"": true, ""r2"": 0.9089880857913815, ""rmse"": 4.804917279060799}",335.8,,ok,LIKE-FOR-LIKE-SPAN,MATCHED
m3ultra,algos/ridge-cv/taxi/rows=full,taxi,,inference,ours,mojolearn,,gpu,,identical,,0,{},,,"REFUSED(error: {""error"": ""ValueError('mojolearn RidgeCV: only cv=None, scoring=None, alpha_per_target=False are implemented')"", ""event"": ""error"", ""stage"": ""round 0""})",LIKE-FOR-LIKE-SPAN,MATCHED
m3ultra,algos/ridge-cv/taxi/rows=full,taxi,,inference,ours-fast,mojolearn,,gpu,,fast,,0,{},,,"REFUSED(error: {""error"": ""ValueError('mojolearn RidgeCV: only cv=None, scoring=None, alpha_per_target=False are implemented')"", ""event"": ""error"", ""stage"": ""round 0""})",LIKE-FOR-LIKE-SPAN,MATCHED
m3ultra,algos/ridge-cv/taxi/rows=full,taxi,,inference,sklearn-cpu,scikit-learn,,cpu,,opponent,0.3545420040609315,1,{},,,ok,LIKE-FOR-LIKE-SPAN,MATCHED
m3ultra,algos/sgd-clf/istella/rows=full,istella,X 1000000x220; Xq 100000x220; y 1000000; yq 100000,fit_or_operation,ours,mojolearn,0.8.25,gpu,Apple M3 Ultra,identical,835179.057625006,1,"{""accuracy"": 0.90115}",2392.9,,ok,LIKE-FOR-LIKE-SPAN,MATCHED
m3ultra,algos/sgd-clf/istella/rows=full,istella,X 1000000x220; Xq 100000x220; y 1000000; yq 100000,fit_or_operation,ours-fast,mojolearn,0.8.25,gpu,Apple M3 Ultra,fast,753448.6331249936,1,"{""accuracy"": 0.90115}",2388.5,,ok,LIKE-FOR-LIKE-SPAN,MATCHED
m3ultra,algos/sgd-clf/istella/rows=full,istella,X 1000000x220; Xq 100000x220; y 1000000; yq 100000,fit_or_operation,sklearn-cpu,scikit-learn,1.7.2,cpu,arm,opponent,29000.618207996013,1,"{""accuracy"": 0.9102}",1086.6,,ok,LIKE-FOR-LIKE-SPAN,MATCHED
m3ultra,algos/sgd-clf/istella/rows=full,istella,,inference,ours,mojolearn,,gpu,,identical,23.208625003462657,1,{},,,ok,LIKE-FOR-LIKE-SPAN,MATCHED
m3ultra,algos/sgd-clf/istella/rows=full,istella,,inference,ours-fast,mojolearn,,gpu,,fast,23.823458002880216,1,{},,,ok,LIKE-FOR-LIKE-SPAN,MATCHED
m3ultra,algos/sgd-clf/istella/rows=full,istella,,inference,sklearn-cpu,scikit-learn,,cpu,,opponent,4.5586670021293685,1,{},,,ok,LIKE-FOR-LIKE-SPAN,MATCHED
m3ultra,algos/sgd-clf/taxi/rows=full,taxi,X 1000000x11; Xq 100000x11; y 1000000; yq 100000,fit_or_operation,ours,mojolearn,0.8.25,gpu,Apple M3 Ultra,identical,115209.3176250055,1,"{""accuracy"": 0.76641}",638.3,,ok,LIKE-FOR-LIKE-SPAN,MATCHED
m3ultra,algos/sgd-clf/taxi/rows=full,taxi,X 1000000x11; Xq 100000x11; y 1000000; yq 100000,fit_or_operation,ours-fast,mojolearn,0.8.25,gpu,Apple M3 Ultra,fast,195485.52104199916,1,"{""accuracy"": 0.76641}",668.9,,ok,LIKE-FOR-LIKE-SPAN,MATCHED
m3ultra,algos/sgd-clf/taxi/rows=full,taxi,X 1000000x11; Xq 100000x11; y 1000000; yq 100000,fit_or_operation,sklearn-cpu,scikit-learn,1.7.2,cpu,arm,opponent,5272.476416001155,1,"{""accuracy"": 0.75252}",206.1,,ok,LIKE-FOR-LIKE-SPAN,MATCHED
m3ultra,algos/sgd-clf/taxi/rows=full,taxi,,inference,ours,mojolearn,,gpu,,identical,14.076542000111658,1,{},,,ok,LIKE-FOR-LIKE-SPAN,MATCHED
m3ultra,algos/sgd-clf/taxi/rows=full,taxi,,inference,ours-fast,mojolearn,,gpu,,fast,16.118916995765176,1,{},,,ok,LIKE-FOR-LIKE-SPAN,MATCHED
m3ultra,algos/sgd-clf/taxi/rows=full,taxi,,inference,sklearn-cpu,scikit-learn,,cpu,,opponent,0.945166997553315,1,{},,,ok,LIKE-FOR-LIKE-SPAN,MATCHED
m3ultra,algos/sgd-ocsvm/istella/rows=full,istella,X 1000000x220; Xq 100000x220; y 1000000; yq 100000,fit_or_operation,ours,mojolearn,0.8.25,gpu,Apple M3 Ultra,identical,166821.28941599512,1,"{""fraction_flagged"": 0.0, ""jaccard_vs_sklearn"": 0.0}",2279.1,,ok,LIKE-FOR-LIKE-SPAN,MATCHED
m3ultra,algos/sgd-ocsvm/istella/rows=full,istella,X 1000000x220; Xq 100000x220; y 1000000; yq 100000,fit_or_operation,ours-fast,mojolearn,0.8.25,gpu,Apple M3 Ultra,fast,150867.34091599646,1,"{""fraction_flagged"": 0.0, ""jaccard_vs_sklearn"": 0.0}",2352.5,,ok,LIKE-FOR-LIKE-SPAN,MATCHED
m3ultra,algos/sgd-ocsvm/istella/rows=full,istella,X 1000000x220; Xq 100000x220; y 1000000; yq 100000,fit_or_operation,sklearn-cpu,scikit-learn,1.7.2,cpu,arm,opponent,5739.912165998248,1,"{""fraction_flagged"": 0.09334, ""jaccard_vs_sklearn"": 1.0}",1088.8,,ok,LIKE-FOR-LIKE-SPAN,MATCHED
m3ultra,algos/sgd-ocsvm/istella/rows=full,istella,,inference,ours,mojolearn,,gpu,,identical,22.96658299746923,1,{},,,ok,LIKE-FOR-LIKE-SPAN,MATCHED
m3ultra,algos/sgd-ocsvm/istella/rows=full,istella,,inference,ours-fast,mojolearn,,gpu,,fast,22.58195799367968,1,{},,,ok,LIKE-FOR-LIKE-SPAN,MATCHED
m3ultra,algos/sgd-ocsvm/istella/rows=full,istella,,inference,sklearn-cpu,scikit-learn,,cpu,,opponent,4.2550409998511896,1,{},,,ok,LIKE-FOR-LIKE-SPAN,MATCHED
m3ultra,algos/sgd-ocsvm/taxi/rows=full,taxi,X 1000000x11; Xq 100000x11; y 1000000; yq 100000,fit_or_operation,ours,mojolearn,0.8.25,gpu,Apple M3 Ultra,identical,23428.679832999478,1,"{""fraction_flagged"": 0.0, ""jaccard_vs_sklearn"": 0.0}",652.3,,ok,LIKE-FOR-LIKE-SPAN,MATCHED
m3ultra,algos/sgd-ocsvm/taxi/rows=full,taxi,X 1000000x11; Xq 100000x11; y 1000000; yq 100000,fit_or_operation,ours-fast,mojolearn,0.8.25,gpu,Apple M3 Ultra,fast,39435.67779099976,1,"{""fraction_flagged"": 0.0, ""jaccard_vs_sklearn"": 0.0}",636.7,,ok,LIKE-FOR-LIKE-SPAN,MATCHED
m3ultra,algos/sgd-ocsvm/taxi/rows=full,taxi,X 1000000x11; Xq 100000x11; y 1000000; yq 100000,fit_or_operation,sklearn-cpu,scikit-learn,1.7.2,cpu,arm,opponent,900.703582999995,1,"{""fraction_flagged"": 0.00702, ""jaccard_vs_sklearn"": 1.0}",209.0,,ok,LIKE-FOR-LIKE-SPAN,MATCHED
m3ultra,algos/sgd-ocsvm/taxi/rows=full,taxi,,inference,ours,mojolearn,,gpu,,identical,17.440208001062274,1,{},,,ok,LIKE-FOR-LIKE-SPAN,MATCHED
m3ultra,algos/sgd-ocsvm/taxi/rows=full,taxi,,inference,ours-fast,mojolearn,,gpu,,fast,17.67408399609849,1,{},,,ok,LIKE-FOR-LIKE-SPAN,MATCHED
m3ultra,algos/sgd-ocsvm/taxi/rows=full,taxi,,inference,sklearn-cpu,scikit-learn,,cpu,,opponent,0.5912089982302859,1,{},,,ok,LIKE-FOR-LIKE-SPAN,MATCHED
m3ultra,algos/sgd-reg/istella/rows=full,istella,X 1000000x220; Xq 100000x220; y 1000000; yq 100000,fit_or_operation,ours,mojolearn,0.8.25,gpu,Apple M3 Ultra,identical,840514.6425410057,1,"{""finite"": true, ""r2"": -3.458740687810243e+24, ""rmse"": 1553529230350.6074}",2369.9,,ok,LIKE-FOR-LIKE-SPAN,MATCHED
m3ultra,algos/sgd-reg/istella/rows=full,istella,X 1000000x220; Xq 100000x220; y 1000000; yq 100000,fit_or_operation,ours-fast,mojolearn,0.8.25,gpu,Apple M3 Ultra,fast,678615.5037080025,1,"{""finite"": true, ""r2"": -3.458740687810243e+24, ""rmse"": 1553529230350.6074}",2371.9,,ok,LIKE-FOR-LIKE-SPAN,MATCHED
m3ultra,algos/sgd-reg/istella/rows=full,istella,X 1000000x220; Xq 100000x220; y 1000000; yq 100000,fit_or_operation,sklearn-cpu,scikit-learn,1.7.2,cpu,arm,opponent,47324.944416992366,1,"{""finite"": true, ""r2"": -2.196547126433484e+24, ""rmse"": 1238028636580.1003}",1084.8,,ok,LIKE-FOR-LIKE-SPAN,MATCHED
m3ultra,algos/sgd-reg/istella/rows=full,istella,,inference,ours,mojolearn,,gpu,,identical,21.451874999911524,1,{},,,ok,LIKE-FOR-LIKE-SPAN,MATCHED
m3ultra,algos/sgd-reg/istella/rows=full,istella,,inference,ours-fast,mojolearn,,gpu,,fast,20.357457993668504,1,{},,,ok,LIKE-FOR-LIKE-SPAN,MATCHED
m3ultra,algos/sgd-reg/istella/rows=full,istella,,inference,sklearn-cpu,scikit-learn,,cpu,,opponent,4.148832987993956,1,{},,,ok,LIKE-FOR-LIKE-SPAN,MATCHED
m3ultra,algos/sgd-reg/taxi/rows=full,taxi,X 1000000x11; Xq 100000x11; y 1000000; yq 100000,fit_or_operation,ours,mojolearn,0.8.25,gpu,Apple M3 Ultra,identical,111773.9710409951,1,"{""finite"": true, ""r2"": 0.8681272994864244, ""rmse"": 5.783812970272936}",604.9,,ok,LIKE-FOR-LIKE-SPAN,MATCHED
m3ultra,algos/sgd-reg/taxi/rows=full,taxi,X 1000000x11; Xq 100000x11; y 1000000; yq 100000,fit_or_operation,ours-fast,mojolearn,0.8.25,gpu,Apple M3 Ultra,fast,197241.63275001047,1,"{""finite"": true, ""r2"": 0.8681272994864244, ""rmse"": 5.783812970272936}",634.8,,ok,LIKE-FOR-LIKE-SPAN,MATCHED
m3ultra,algos/sgd-reg/taxi/rows=full,taxi,X 1000000x11; Xq 100000x11; y 1000000; yq 100000,fit_or_operation,sklearn-cpu,scikit-learn,1.7.2,cpu,arm,opponent,5264.780916011659,1,"{""finite"": true, ""r2"": 0.8806807489108228, ""rmse"": 5.501638497936155}",201.6,,ok,LIKE-FOR-LIKE-SPAN,MATCHED
m3ultra,algos/sgd-reg/taxi/rows=full,taxi,,inference,ours,mojolearn,,gpu,,identical,8.759792006458156,1,{},,,ok,LIKE-FOR-LIKE-SPAN,MATCHED
m3ultra,algos/sgd-reg/taxi/rows=full,taxi,,inference,ours-fast,mojolearn,,gpu,,fast,11.860208003781736,1,{},,,ok,LIKE-FOR-LIKE-SPAN,MATCHED
m3ultra,algos/sgd-reg/taxi/rows=full,taxi,,inference,sklearn-cpu,scikit-learn,,cpu,,opponent,0.5712499987566844,1,{},,,ok,LIKE-FOR-LIKE-SPAN,MATCHED
m3ultra,classical/dbscan/istella/rows=full,istella,1000000x220,fit_or_operation,ours,mojolearn,0.8.29,gpu,Apple M3 Ultra,identical,255151.42112500325,1,"{""n_clusters"": 40131, ""noise_fraction"": 0.219391, ""rows"": 1000000}",4154.2,,ok,LIKE-FOR-LIKE-SPAN,MATCHED
m3ultra,classical/dbscan/istella/rows=full,istella,1000000x220,fit_or_operation,ours-fast,mojolearn,0.8.29,gpu,Apple M3 Ultra,fast,247363.7362080044,1,"{""ari_vs_ours"": 1.0, ""n_clusters"": 40131, ""noise_agreement_vs_ours"": 1.0, ""noise_fraction"": 0.219391, ""rows"": 1000000}",4119.5,,ok,LIKE-FOR-LIKE-SPAN,MATCHED
m3ultra,classical/dbscan/istella/rows=full,istella,1000000x220,fit_or_operation,sklearn-cpu,scikit-learn,1.7.2,cpu,arm,opponent,248662.68362499977,1,"{""ari_vs_ours"": 1.0, ""n_clusters"": 40131, ""noise_agreement_vs_ours"": 1.0, ""noise_fraction"": 0.219391, ""rows"": 1000000}",5648.5,,ok,LIKE-FOR-LIKE-SPAN,MATCHED
m3ultra,classical/dbscan/taxi/rows=full,taxi,1000000x11,fit_or_operation,ours,mojolearn,0.8.29,gpu,Apple M3 Ultra,identical,,0,{},,,REFUSED(timeout: null),LIKE-FOR-LIKE-SPAN,MATCHED
m3ultra,classical/dbscan/taxi/rows=full,taxi,1000000x11,fit_or_operation,ours-fast,mojolearn,0.8.29,gpu,Apple M3 Ultra,fast,758590.1830419898,1,"{""n_clusters"": 36, ""noise_fraction"": 0.000174, ""rows"": 1000000}",8888.6,,ok,LIKE-FOR-LIKE-SPAN,MATCHED
m3ultra,classical/dbscan/taxi/rows=full,taxi,1000000x11,fit_or_operation,sklearn-cpu,scikit-learn,1.7.2,cpu,arm,opponent,,0,{},,,"HOST-MEMORY(killed at 230.2 GB: the driver's process tree held 247.5 GB, over 90% of the box's 274.9 GB)",LIKE-FOR-LIKE-SPAN,MATCHED
m3ultra,classical/hdbscan/istella/rows=full,istella,1000000x220,fit_or_operation,ours,mojolearn,0.8.25,gpu,Apple M3 Ultra,identical,,0,{},,,"REFUSED(error: {""error"": ""Exception(\""hdbscan.build_mr_linkage: n_rows=100000 > 46340; the dense mutual reachability graph is m * m cells and hierarchy's PAIRWISE connectivity refuses past that bound (their value_id)",LIKE-FOR-LIKE-SPAN,MATCHED
m3ultra,classical/hdbscan/istella/rows=full,istella,1000000x220,fit_or_operation,ours-fast,mojolearn,0.8.25,gpu,Apple M3 Ultra,fast,,0,{},,,"REFUSED(error: {""error"": ""Exception(\""hdbscan.build_mr_linkage: n_rows=100000 > 46340; the dense mutual reachability graph is m * m cells and hierarchy's PAIRWISE connectivity refuses past that bound (their value_id)",LIKE-FOR-LIKE-SPAN,MATCHED
m3ultra,classical/hdbscan/istella/rows=full,istella,1000000x220,fit_or_operation,sklearn-cpu,scikit-learn,1.7.2,cpu,arm,opponent,651128.7165409958,1,"{""n_clusters"": 52, ""noise_fraction"": 0.25257, ""rows"": 100000}",1389.4,,ok,LIKE-FOR-LIKE-SPAN,MATCHED
m3ultra,classical/hdbscan/taxi/rows=full,taxi,1000000x11,fit_or_operation,ours,mojolearn,0.8.25,gpu,Apple M3 Ultra,identical,,0,{},,,"REFUSED(error: {""error"": ""Exception(\""hdbscan.build_mr_linkage: n_rows=100000 > 46340; the dense mutual reachability graph is m * m cells and hierarchy's PAIRWISE connectivity refuses past that bound (their value_id)",LIKE-FOR-LIKE-SPAN,MATCHED
m3ultra,classical/hdbscan/taxi/rows=full,taxi,1000000x11,fit_or_operation,ours-fast,mojolearn,0.8.25,gpu,Apple M3 Ultra,fast,1009.6444170048926,1,"{""n_clusters"": 160, ""noise_fraction"": 0.14222, ""rows"": 100000}",516.0,,ok,LIKE-FOR-LIKE-SPAN,MATCHED
m3ultra,classical/hdbscan/taxi/rows=full,taxi,1000000x11,fit_or_operation,sklearn-cpu,scikit-learn,1.7.2,cpu,arm,opponent,31945.724458004406,1,"{""n_clusters"": 161, ""noise_fraction"": 0.13462, ""rows"": 100000}",260.5,,ok,LIKE-FOR-LIKE-SPAN,MATCHED
m3ultra,classical/kde/istella/rows=full,istella,100000x220,fit_or_operation,ours,mojolearn,0.8.25,gpu,Apple M3 Ultra,identical,179.51995900511974,1,"{""mean_log_likelihood"": -222.27058616638183, ""rows_without_density"": 0}",1256.2,,ok,LIKE-FOR-LIKE-SPAN,MATCHED
m3ultra,classical/kde/istella/rows=full,istella,100000x220,fit_or_operation,ours-fast,mojolearn,0.8.25,gpu,Apple M3 Ultra,fast,1567.491624999093,1,"{""mean_log_likelihood"": -222.27058617401124, ""rows_without_density"": 0}",487.8,,ok,LIKE-FOR-LIKE-SPAN,MATCHED
m3ultra,classical/kde/istella/rows=full,istella,100000x220,fit_or_operation,sklearn-cpu,scikit-learn,1.7.2,cpu,arm,opponent,54439.79966700135,1,"{""mean_log_likelihood"": -226.97740308291563, ""rows_without_density"": 0}",402.3,,ok,LIKE-FOR-LIKE-SPAN,MATCHED
m3ultra,classical/kde/taxi/rows=full,taxi,100000x11,fit_or_operation,ours,mojolearn,0.8.25,gpu,Apple M3 Ultra,identical,115.88562499673571,1,"{""mean_log_likelihood"": -14.826460295200349, ""rows_without_density"": 0}",1088.2,,ok,LIKE-FOR-LIKE-SPAN,MATCHED
m3ultra,classical/kde/taxi/rows=full,taxi,100000x11,fit_or_operation,ours-fast,mojolearn,0.8.25,gpu,Apple M3 Ultra,fast,55.33387499599485,1,"{""mean_log_likelihood"": -14.82646031665802, ""rows_without_density"": 0}",324.5,,ok,LIKE-FOR-LIKE-SPAN,MATCHED
m3ultra,classical/kde/taxi/rows=full,taxi,100000x11,fit_or_operation,sklearn-cpu,scikit-learn,1.7.2,cpu,arm,opponent,6994.8213750030845,1,"{""mean_log_likelihood"": -14.82643653815113, ""rows_without_density"": 0}",148.9,,ok,LIKE-FOR-LIKE-SPAN,MATCHED
m3ultra,classical/kmeans/istella/rows=full,istella,2043304x220,fit_or_operation,ours,mojolearn,0.8.25,gpu,Apple M3 Ultra,identical,2117.936082999222,1,"{""inertia"": 6.050717116872483e+17, ""inertia_over_ours"": 1.0, ""n_iter"": 33}",4315.8,,ok,LIKE-FOR-LIKE-SPAN,MATCHED
m3ultra,classical/kmeans/istella/rows=full,istella,2043304x220,fit_or_operation,ours-fast,mojolearn,0.8.25,gpu,Apple M3 Ultra,fast,1502.3315830039792,1,"{""inertia"": 6.050717116872483e+17, ""inertia_over_ours"": 1.0, ""n_iter"": 33}",4317.7,,ok,LIKE-FOR-LIKE-SPAN,MATCHED
m3ultra,classical/kmeans/istella/rows=full,istella,2043304x220,fit_or_operation,sklearn-cpu,scikit-learn,1.7.2,cpu,arm,opponent,3288.108916996862,1,"{""inertia"": 5.958591227385558e+17, ""inertia_over_ours"": 0.9847743849683485, ""n_iter"": 36}",5862.2,,ok,LIKE-FOR-LIKE-SPAN,MATCHED
m3ultra,classical/kmeans/istella/rows=full,istella,2043304x220,fit_or_operation,torch-gpu,torch,2.13.0,gpu,Apple MPS,opponent,7789.939207999851,1,"{""inertia"": 5.991151702584297e+17, ""inertia_over_ours"": 0.9901556438455722, ""n_iter"": 68}",9542.5,6912.7,ok,SPAN-ASYMMETRIC(upload_outside_its_clock),MATCHED
m3ultra,classical/kmeans/istella/rows=full,istella,,inference,ours,mojolearn,,gpu,,identical,130.20612499531126,1,"{""eval_inertia"": 1.4173552267183102e+17, ""label_agreement_own_centers"": 1.0}",,,ok,LIKE-FOR-LIKE-SPAN,MATCHED
m3ultra,classical/kmeans/istella/rows=full,istella,,inference,ours-fast,mojolearn,,gpu,,fast,124.35370900493581,1,"{""agreement_vs_ours"": 1.0, ""bits_equal_vs_ours"": true, ""eval_inertia"": 1.4173552267183102e+17, ""label_agreement_own_centers"": 1.0}",,,ok,LIKE-FOR-LIKE-SPAN,MATCHED
m3ultra,classical/kmeans/istella/rows=full,istella,,inference,sklearn-cpu,scikit-learn,,cpu,,opponent,57.530250000127126,1,"{""agreement_vs_ours"": 0.0, ""bits_equal_vs_ours"": false, ""eval_inertia"": 1.4118488617535112e+17, ""label_agreement_own_centers"": 1.0}",,,ok,LIKE-FOR-LIKE-SPAN,MATCHED
m3ultra,classical/kmeans/istella/rows=full,istella,,inference,torch-gpu,torch,,gpu,,opponent,45.35899999609683,1,"{""agreement_vs_ours"": 0.001558, ""bits_equal_vs_ours"": false, ""eval_inertia"": 1.402271843263055e+17, ""label_agreement_own_centers"": 1.0}",,,ok,SPAN-ASYMMETRIC(upload_outside_its_clock),MATCHED
m3ultra,classical/kmeans/taxi/rows=full,taxi,4000000x11,fit_or_operation,ours,mojolearn,0.8.25,gpu,Apple M3 Ultra,identical,961.7224169996916,1,"{""inertia"": 309303365.56516206, ""inertia_over_ours"": 1.0, ""n_iter"": 91}",933.9,,ok,LIKE-FOR-LIKE-SPAN,MATCHED
m3ultra,classical/kmeans/taxi/rows=full,taxi,4000000x11,fit_or_operation,ours-fast,mojolearn,0.8.25,gpu,Apple M3 Ultra,fast,1030.459333996987,1,"{""inertia"": 309303365.56516206, ""inertia_over_ours"": 1.0, ""n_iter"": 91}",932.9,,ok,LIKE-FOR-LIKE-SPAN,MATCHED
m3ultra,classical/kmeans/taxi/rows=full,taxi,4000000x11,fit_or_operation,sklearn-cpu,scikit-learn,1.7.2,cpu,arm,opponent,1945.7687079993775,1,"{""inertia"": 316635389.8752121, ""inertia_over_ours"": 1.023704961297957, ""n_iter"": 100}",605.6,,ok,LIKE-FOR-LIKE-SPAN,MATCHED
m3ultra,classical/kmeans/taxi/rows=full,taxi,4000000x11,fit_or_operation,torch-gpu,torch,2.13.0,gpu,Apple MPS,opponent,2860.3468330038595,1,"{""inertia"": 306002942.77575207, ""inertia_over_ours"": 0.9893294960325458, ""n_iter"": 71}",1932.8,1210.7,ok,SPAN-ASYMMETRIC(upload_outside_its_clock),MATCHED
m3ultra,classical/kmeans/taxi/rows=full,taxi,,inference,ours,mojolearn,,gpu,,identical,39.28879200248048,1,"{""eval_inertia"": 48239340.71589109, ""label_agreement_own_centers"": 0.999998}",,,ok,LIKE-FOR-LIKE-SPAN,MATCHED
m3ultra,classical/kmeans/taxi/rows=full,taxi,,inference,ours-fast,mojolearn,,gpu,,fast,36.65987499698531,1,"{""agreement_vs_ours"": 1.0, ""bits_equal_vs_ours"": true, ""eval_inertia"": 48239340.71589109, ""label_agreement_own_centers"": 0.999998}",,,ok,LIKE-FOR-LIKE-SPAN,MATCHED
m3ultra,classical/kmeans/taxi/rows=full,taxi,,inference,sklearn-cpu,scikit-learn,,cpu,,opponent,15.615124997566454,1,"{""agreement_vs_ours"": 0.022278, ""bits_equal_vs_ours"": false, ""eval_inertia"": 50500811.01581168, ""label_agreement_own_centers"": 1.0}",,,ok,LIKE-FOR-LIKE-SPAN,MATCHED
m3ultra,classical/kmeans/taxi/rows=full,taxi,,inference,torch-gpu,torch,,gpu,,opponent,38.741416996344924,1,"{""agreement_vs_ours"": 0.040516, ""bits_equal_vs_ours"": false, ""eval_inertia"": 45716034.324939884, ""label_agreement_own_centers"": 1.0}",,,ok,SPAN-ASYMMETRIC(upload_outside_its_clock),MATCHED
m3ultra,classical/knn/istella/rows=full,istella,400000x220,fit_or_operation,ours,mojolearn,0.8.25,gpu,Apple M3 Ultra,identical,772.1986659962568,1,"{""recall_at_k"": 0.97625, ""rows_with_repeated_ids"": 0}",1712.5,,ok,LIKE-FOR-LIKE-SPAN,MATCHED
m3ultra,classical/knn/istella/rows=full,istella,400000x220,fit_or_operation,ours-fast,mojolearn,0.8.25,gpu,Apple M3 Ultra,fast,1605.6589170038933,1,"{""recall_at_k"": 0.97661328125, ""rows_with_repeated_ids"": 0}",1622.5,,ok,LIKE-FOR-LIKE-SPAN,MATCHED
m3ultra,classical/knn/istella/rows=full,istella,400000x220,fit_or_operation,sklearn-cpu,scikit-learn,1.7.2,cpu,arm,opponent,533.5109580046264,1,"{""recall_at_k"": 1.0, ""rows_with_repeated_ids"": 0}",566.3,,ok,LIKE-FOR-LIKE-SPAN,MATCHED
m3ultra,classical/knn/istella/rows=full,istella,400000x220,fit_or_operation,torch-gpu,torch,2.13.0,gpu,Apple MPS,opponent,674.53937499522,1,"{""recall_at_k"": 0.97997265625, ""rows_with_repeated_ids"": 0}",9659.6,8892.5,ok,SPAN-ASYMMETRIC(upload_outside_its_clock),MATCHED
m3ultra,classical/knn/taxi/rows=full,taxi,400000x11,fit_or_operation,ours,mojolearn,0.8.25,gpu,Apple M3 Ultra,identical,732.8352080003242,1,"{""recall_at_k"": 0.99975390625, ""rows_with_repeated_ids"": 0}",748.5,,ok,LIKE-FOR-LIKE-SPAN,MATCHED
m3ultra,classical/knn/taxi/rows=full,taxi,400000x11,fit_or_operation,ours-fast,mojolearn,0.8.25,gpu,Apple M3 Ultra,fast,225.77520799677586,1,"{""recall_at_k"": 0.99975390625, ""rows_with_repeated_ids"": 0}",948.9,,ok,LIKE-FOR-LIKE-SPAN,MATCHED
m3ultra,classical/knn/taxi/rows=full,taxi,400000x11,fit_or_operation,sklearn-cpu,scikit-learn,1.7.2,cpu,arm,opponent,422.98783300066134,1,"{""recall_at_k"": 1.0, ""rows_with_repeated_ids"": 0}",202.5,,ok,LIKE-FOR-LIKE-SPAN,MATCHED
m3ultra,classical/knn/taxi/rows=full,taxi,400000x11,fit_or_operation,torch-gpu,torch,2.13.0,gpu,Apple MPS,opponent,650.3440000014962,1,"{""recall_at_k"": 0.99973828125, ""rows_with_repeated_ids"": 0}",9331.1,8886.5,ok,SPAN-ASYMMETRIC(upload_outside_its_clock),MATCHED
m3ultra,classical/ols/istella/rows=full,istella,2043304x220,fit_or_operation,ours,mojolearn,0.8.25,gpu,Apple M3 Ultra,identical,1151.363584001956,1,"{""finite"": true, ""r2"": 0.3319443836684286, ""rmse"": 0.6820269439943614}",9340.0,,ok,LIKE-FOR-LIKE-SPAN,MATCHED
m3ultra,classical/ols/istella/rows=full,istella,2043304x220,fit_or_operation,ours-fast,mojolearn,0.8.25,gpu,Apple M3 Ultra,fast,1293.1819579971489,1,"{""finite"": true, ""r2"": 0.3210922685130948, ""rmse"": 0.6875441633718395}",9339.6,,ok,LIKE-FOR-LIKE-SPAN,MATCHED
m3ultra,classical/ols/istella/rows=full,istella,2043304x220,fit_or_operation,sklearn-cpu,scikit-learn,1.7.2,cpu,arm,opponent,3214.4047920010053,1,"{""finite"": true, ""r2"": 0.0018812499493927604, ""rmse"": 0.8336549427116416}",5748.7,,ok,LIKE-FOR-LIKE-SPAN,MATCHED
m3ultra,classical/ols/istella/rows=full,istella,2043304x220,fit_or_operation,torch-gpu,torch,2.13.0,gpu,Apple MPS,opponent,,0,{},,,"REFUSED(error: {""error"": ""NotImplementedError(\""The operator 'aten::linalg_lstsq.out' is not currently implemented for the MPS device. If you want this op to be considered for addition please comment on https://gith)",SPAN-ASYMMETRIC(upload_outside_its_clock),MATCHED
m3ultra,classical/ols/istella/rows=full,istella,,inference,ours,mojolearn,,gpu,,identical,72.5724590010941,1,"{""predict_max_rel_err_own_fp64"": 9.58131393081632e-07, ""r2_eval"": 0.3319443958891074, ""rmse_eval"": 0.6820269377562338}",,,ok,LIKE-FOR-LIKE-SPAN,MATCHED
m3ultra,classical/ols/istella/rows=full,istella,,inference,ours-fast,mojolearn,,gpu,,fast,84.25687500130152,1,"{""bits_equal_vs_ours"": false, ""max_abs_diff_vs_ours"": 2.693978786468506, ""predict_max_rel_err_own_fp64"": 8.386775789860427e-07, ""r2_eval"": 0.32109226813909575, ""rmse_eval"": 0.687544163561218}",,,ok,LIKE-FOR-LIKE-SPAN,MATCHED
m3ultra,classical/ols/istella/rows=full,istella,,inference,sklearn-cpu,scikit-learn,,cpu,,opponent,51.52625000482658,1,"{""bits_equal_vs_ours"": false, ""max_abs_diff_vs_ours"": 7.010309338569641, ""predict_max_rel_err_own_fp64"": 1.1804720748776936e-07, ""r2_eval"": 0.0018812500435287927, ""rmse_eval"": 0.8336549426723292}",,,ok,LIKE-FOR-LIKE-SPAN,MATCHED
m3ultra,classical/ols/istella/rows=full,istella,,inference,torch-gpu,torch,,gpu,,opponent,,0,{},,,REFUSED(no_fit: null),SPAN-ASYMMETRIC(upload_outside_its_clock),MATCHED
m3ultra,classical/ols/taxi/rows=full,taxi,4000000x11,fit_or_operation,ours,mojolearn,0.8.25,gpu,Apple M3 Ultra,identical,112.47516700677807,1,"{""finite"": true, ""r2"": 0.9088369847359253, ""rmse"": 4.696465686426404}",1223.5,,ok,LIKE-FOR-LIKE-SPAN,MATCHED
m3ultra,classical/ols/taxi/rows=full,taxi,4000000x11,fit_or_operation,ours-fast,mojolearn,0.8.25,gpu,Apple M3 Ultra,fast,68.9453750019311,1,"{""finite"": true, ""r2"": 0.9088378158593475, ""rmse"": 4.696444277790902}",1222.2,,ok,LIKE-FOR-LIKE-SPAN,MATCHED
m3ultra,classical/ols/taxi/rows=full,taxi,4000000x11,fit_or_operation,sklearn-cpu,scikit-learn,1.7.2,cpu,arm,opponent,247.9614580006455,1,"{""finite"": true, ""r2"": 0.7248478124790966, ""rmse"": 8.159213511059605}",602.5,,ok,LIKE-FOR-LIKE-SPAN,MATCHED
m3ultra,classical/ols/taxi/rows=full,taxi,4000000x11,fit_or_operation,torch-gpu,torch,2.13.0,gpu,Apple MPS,opponent,,0,{},,,"REFUSED(error: {""error"": ""NotImplementedError(\""The operator 'aten::linalg_lstsq.out' is not currently implemented for the MPS device. If you want this op to be considered for addition please comment on https://gith)",SPAN-ASYMMETRIC(upload_outside_its_clock),MATCHED
m3ultra,classical/ols/taxi/rows=full,taxi,,inference,ours,mojolearn,,gpu,,identical,32.421541000076104,1,"{""predict_max_rel_err_own_fp64"": 8.387224810034562e-08, ""r2_eval"": 0.9088369826304911, ""rmse_eval"": 4.69646574065947}",,,ok,LIKE-FOR-LIKE-SPAN,MATCHED
m3ultra,classical/ols/taxi/rows=full,taxi,,inference,ours-fast,mojolearn,,gpu,,fast,32.40637500130106,1,"{""bits_equal_vs_ours"": false, ""max_abs_diff_vs_ours"": 0.0267333984375, ""predict_max_rel_err_own_fp64"": 1.149704000787901e-07, ""r2_eval"": 0.9088378167885579, ""rmse_eval"": 4.696444253855622}",,,ok,LIKE-FOR-LIKE-SPAN,MATCHED
m3ultra,classical/ols/taxi/rows=full,taxi,,inference,sklearn-cpu,scikit-learn,,cpu,,opponent,6.876749997900333,1,"{""bits_equal_vs_ours"": false, ""max_abs_diff_vs_ours"": 197.9591064453125, ""predict_max_rel_err_own_fp64"": 1.016421919775188e-07, ""r2_eval"": 0.7248478136835294, ""rmse_eval"": 8.159213493201808}",,,ok,LIKE-FOR-LIKE-SPAN,MATCHED
m3ultra,classical/ols/taxi/rows=full,taxi,,inference,torch-gpu,torch,,gpu,,opponent,,0,{},,,REFUSED(no_fit: null),SPAN-ASYMMETRIC(upload_outside_its_clock),MATCHED
m3ultra,classical/pca/istella/rows=full,istella,2043304x220,fit_or_operation,ours,mojolearn,0.8.25,gpu,Apple M3 Ultra,identical,719.2587079989607,1,"{""explained_variance_ratio_sum"": 1.0000000601750403}",7638.8,,ok,LIKE-FOR-LIKE-SPAN,MATCHED
m3ultra,classical/pca/istella/rows=full,istella,2043304x220,fit_or_operation,ours-fast,mojolearn,0.8.25,gpu,Apple M3 Ultra,fast,924.159290996613,1,"{""explained_variance_ratio_sum"": 1.0000000563033837}",7639.5,,ok,LIKE-FOR-LIKE-SPAN,MATCHED
m3ultra,classical/pca/istella/rows=full,istella,2043304x220,fit_or_operation,sklearn-cpu,scikit-learn,1.7.2,cpu,arm,opponent,229.0325829962967,1,"{""explained_variance_ratio_sum"": 0.9999999491312511}",2285.9,,ok,LIKE-FOR-LIKE-SPAN,MATCHED
m3ultra,classical/pca/istella/rows=full,istella,2043304x220,fit_or_operation,torch-gpu,torch,2.13.0,gpu,Apple MPS,opponent,,0,{},,,"REFUSED(error: {""error"": ""NotImplementedError(\""The operator 'aten::_linalg_eigh.eigenvalues' is not currently implemented for the MPS device. If you want this op to be considered for addition please comment on http)",SPAN-ASYMMETRIC(upload_outside_its_clock),MATCHED
m3ultra,classical/pca/istella/rows=full,istella,,inference,ours,mojolearn,,gpu,,identical,120.9022080001887,1,"{""transform_max_rel_err_own_fp64"": 3.75014958666863e-07}",,,ok,LIKE-FOR-LIKE-SPAN,MATCHED
m3ultra,classical/pca/istella/rows=full,istella,,inference,ours-fast,mojolearn,,gpu,,fast,119.74233400542289,1,"{""bits_equal_vs_ours"": false, ""max_abs_diff_vs_ours"": 62156.501953125, ""transform_max_rel_err_own_fp64"": 3.7814299177805e-07}",,,ok,LIKE-FOR-LIKE-SPAN,MATCHED
m3ultra,classical/pca/istella/rows=full,istella,,inference,sklearn-cpu,scikit-learn,,cpu,,opponent,59.45087500003865,1,"{""bits_equal_vs_ours"": false, ""max_abs_diff_vs_ours"": 87980.7880859375, ""transform_max_rel_err_own_fp64"": 3.839388757293979e-07}",,,ok,LIKE-FOR-LIKE-SPAN,MATCHED
m3ultra,classical/pca/istella/rows=full,istella,,inference,torch-gpu,torch,,gpu,,opponent,,0,{},,,REFUSED(no_fit: null),SPAN-ASYMMETRIC(upload_outside_its_clock),MATCHED
m3ultra,classical/pca/taxi/rows=full,taxi,4000000x11,fit_or_operation,ours,mojolearn,0.8.25,gpu,Apple M3 Ultra,identical,105.20204200292937,1,"{""explained_variance_ratio_sum"": 0.999996394670572}",1054.8,,ok,LIKE-FOR-LIKE-SPAN,MATCHED
m3ultra,classical/pca/taxi/rows=full,taxi,4000000x11,fit_or_operation,ours-fast,mojolearn,0.8.25,gpu,Apple M3 Ultra,fast,50.79049999767449,1,"{""explained_variance_ratio_sum"": 0.9999966816329067}",1056.8,,ok,LIKE-FOR-LIKE-SPAN,MATCHED
m3ultra,classical/pca/taxi/rows=full,taxi,4000000x11,fit_or_operation,sklearn-cpu,scikit-learn,1.7.2,cpu,arm,opponent,126.49320899799932,1,"{""explained_variance_ratio_sum"": 0.999995959780684}",341.6,,ok,LIKE-FOR-LIKE-SPAN,MATCHED
m3ultra,classical/pca/taxi/rows=full,taxi,4000000x11,fit_or_operation,torch-gpu,torch,2.13.0,gpu,Apple MPS,opponent,,0,{},,,"REFUSED(error: {""error"": ""NotImplementedError(\""The operator 'aten::_linalg_eigh.eigenvalues' is not currently implemented for the MPS device. If you want this op to be considered for addition please comment on http)",SPAN-ASYMMETRIC(upload_outside_its_clock),MATCHED
m3ultra,classical/pca/taxi/rows=full,taxi,,inference,ours,mojolearn,,gpu,,identical,45.369624996965285,1,"{""transform_max_rel_err_own_fp64"": 1.0851396779324888e-07}",,,ok,LIKE-FOR-LIKE-SPAN,MATCHED
m3ultra,classical/pca/taxi/rows=full,taxi,,inference,ours-fast,mojolearn,,gpu,,fast,43.59858400130179,1,"{""bits_equal_vs_ours"": false, ""max_abs_diff_vs_ours"": 0.0030172374099493027, ""transform_max_rel_err_own_fp64"": 1.1864323327505036e-07}",,,ok,LIKE-FOR-LIKE-SPAN,MATCHED
m3ultra,classical/pca/taxi/rows=full,taxi,,inference,sklearn-cpu,scikit-learn,,cpu,,opponent,22.75154100061627,1,"{""bits_equal_vs_ours"": false, ""max_abs_diff_vs_ours"": 0.7199101448059082, ""transform_max_rel_err_own_fp64"": 1.160600844629448e-07}",,,ok,LIKE-FOR-LIKE-SPAN,MATCHED
m3ultra,classical/pca/taxi/rows=full,taxi,,inference,torch-gpu,torch,,gpu,,opponent,,0,{},,,REFUSED(no_fit: null),SPAN-ASYMMETRIC(upload_outside_its_clock),MATCHED
m3ultra,classical/svc/istella/rows=full,istella,10000x220,fit_or_operation,ours,mojolearn,0.8.25,gpu,Apple M3 Ultra,identical,108.55637500208104,1,"{""accuracy"": 0.9222, ""n_support"": 2400}",425.2,,ok,LIKE-FOR-LIKE-SPAN,MATCHED
m3ultra,classical/svc/istella/rows=full,istella,10000x220,fit_or_operation,ours-fast,mojolearn,0.8.25,gpu,Apple M3 Ultra,fast,172.994499997003,1,"{""accuracy"": 0.9222, ""n_support"": 2401}",466.1,,ok,LIKE-FOR-LIKE-SPAN,MATCHED
m3ultra,classical/svc/istella/rows=full,istella,10000x220,fit_or_operation,sklearn-cpu,scikit-learn,1.7.2,cpu,arm,opponent,1059.833791005076,1,"{""accuracy"": 0.9222, ""n_support"": 2400}",306.1,,ok,LIKE-FOR-LIKE-SPAN,MATCHED
m3ultra,classical/svc/istella/rows=full,istella,,inference,ours,mojolearn,,gpu,,identical,46.373290999326855,1,"{""accuracy_eval"": 0.9222}",,,ok,LIKE-FOR-LIKE-SPAN,MATCHED
m3ultra,classical/svc/istella/rows=full,istella,,inference,ours-fast,mojolearn,,gpu,,fast,75.32329099922208,1,"{""accuracy_eval"": 0.9222, ""agreement_vs_ours"": 1.0, ""bits_equal_vs_ours"": true}",,,ok,LIKE-FOR-LIKE-SPAN,MATCHED
m3ultra,classical/svc/istella/rows=full,istella,,inference,sklearn-cpu,scikit-learn,,cpu,,opponent,1831.6776670035324,1,"{""accuracy_eval"": 0.9222, ""agreement_vs_ours"": 1.0, ""bits_equal_vs_ours"": true}",,,ok,LIKE-FOR-LIKE-SPAN,MATCHED
m3ultra,classical/svc/taxi/rows=full,taxi,10000x11,fit_or_operation,ours,mojolearn,0.8.25,gpu,Apple M3 Ultra,identical,758.5547499984386,1,"{""accuracy"": 0.7675, ""n_support"": 5527}",571.3,,ok,LIKE-FOR-LIKE-SPAN,MATCHED
m3ultra,classical/svc/taxi/rows=full,taxi,10000x11,fit_or_operation,ours-fast,mojolearn,0.8.25,gpu,Apple M3 Ultra,fast,509.3815000000177,1,"{""accuracy"": 0.7675, ""n_support"": 5525}",415.1,,ok,LIKE-FOR-LIKE-SPAN,MATCHED
m3ultra,classical/svc/taxi/rows=full,taxi,10000x11,fit_or_operation,sklearn-cpu,scikit-learn,1.7.2,cpu,arm,opponent,2472.4525420024293,1,"{""accuracy"": 0.7675, ""n_support"": 5672}",379.7,,ok,LIKE-FOR-LIKE-SPAN,MATCHED
m3ultra,classical/svc/taxi/rows=full,taxi,,inference,ours,mojolearn,,gpu,,identical,65.39641600102186,1,"{""accuracy_eval"": 0.7675}",,,ok,LIKE-FOR-LIKE-SPAN,MATCHED
m3ultra,classical/svc/taxi/rows=full,taxi,,inference,ours-fast,mojolearn,,gpu,,fast,25.502791002509184,1,"{""accuracy_eval"": 0.7675, ""agreement_vs_ours"": 1.0, ""bits_equal_vs_ours"": true}",,,ok,LIKE-FOR-LIKE-SPAN,MATCHED
m3ultra,classical/svc/taxi/rows=full,taxi,,inference,sklearn-cpu,scikit-learn,,cpu,,opponent,1348.6046670004725,1,"{""accuracy_eval"": 0.7675, ""agreement_vs_ours"": 1.0, ""bits_equal_vs_ours"": true}",,,ok,LIKE-FOR-LIKE-SPAN,MATCHED
m3ultra,classical2/agglomerative/istella/rows=full,istella,X 10000x220,fit_or_operation,ours,mojolearn,0.8.25,gpu,Apple M3 Ultra,identical,153.91749999980675,1,"{""n_clusters"": 8, ""silhouette"": 0.7167277533704434}",1677.5,,ok,LIKE-FOR-LIKE-SPAN,MATCHED
m3ultra,classical2/agglomerative/istella/rows=full,istella,X 10000x220,fit_or_operation,ours-fast,mojolearn,0.8.25,gpu,Apple M3 Ultra,fast,140.59137499862118,1,"{""ari_vs_ours"": 1.0, ""n_clusters"": 8, ""silhouette"": 0.7167277533704434}",1674.6,,ok,LIKE-FOR-LIKE-SPAN,MATCHED
m3ultra,classical2/agglomerative/istella/rows=full,istella,X 10000x220,fit_or_operation,sklearn-cpu,scikit-learn,1.7.2,cpu,arm,opponent,4832.523416996992,1,"{""ari_vs_ours"": 1.0, ""n_clusters"": 8, ""silhouette"": 0.7167277533704434}",1089.0,,ok,LIKE-FOR-LIKE-SPAN,MATCHED
m3ultra,classical2/agglomerative/taxi/rows=full,taxi,X 10000x11,fit_or_operation,ours,mojolearn,0.8.25,gpu,Apple M3 Ultra,identical,71.76404200436082,1,"{""n_clusters"": 8, ""silhouette"": 0.6855242274703756}",782.3,,ok,LIKE-FOR-LIKE-SPAN,MATCHED
m3ultra,classical2/agglomerative/taxi/rows=full,taxi,X 10000x11,fit_or_operation,ours-fast,mojolearn,0.8.25,gpu,Apple M3 Ultra,fast,68.61737500003073,1,"{""ari_vs_ours"": 1.0, ""n_clusters"": 8, ""silhouette"": 0.6855242274703756}",367.2,,ok,LIKE-FOR-LIKE-SPAN,MATCHED
m3ultra,classical2/agglomerative/taxi/rows=full,taxi,X 10000x11,fit_or_operation,sklearn-cpu,scikit-learn,1.7.2,cpu,arm,opponent,224.62379199714633,1,"{""ari_vs_ours"": 1.0, ""n_clusters"": 8, ""silhouette"": 0.6855242274703756}",187.5,,ok,LIKE-FOR-LIKE-SPAN,MATCHED
m3ultra,classical2/arima/synthetic/rows=full,synthetic,Yfit 64x2000; Yhold 64x100,fit_or_operation,ours,mojolearn,0.8.25,gpu,Apple M3 Ultra,identical,99.31816600146703,1,"{""forecast_rmse"": 1.5155179577999125, ""insample_rmse"": 0.9993424389359997, ""mean_aic"": 5680.97696685791, ""mean_llf"": -2836.488483428955}",575.6,,ok,LIKE-FOR-LIKE-SPAN,MATCHED
m3ultra,classical2/arima/synthetic/rows=full,synthetic,Yfit 64x2000; Yhold 64x100,fit_or_operation,ours-fast,mojolearn,0.8.25,gpu,Apple M3 Ultra,fast,102.34491700248327,1,"{""forecast_rmse"": 1.51553991179234, ""insample_rmse"": 0.9993413659123215, ""mean_aic"": 5680.9716873168945, ""mean_llf"": -2836.4858436584473}",571.8,,ok,LIKE-FOR-LIKE-SPAN,MATCHED
m3ultra,classical2/arima/synthetic/rows=full,synthetic,Yfit 64x2000; Yhold 64x100,fit_or_operation,statsmodels-cpu,statsmodels,0.15.0,cpu,arm,opponent,303.11295799765503,1,"{""forecast_rmse"": 1.5154226008034013, ""insample_rmse"": 0.9993380913769139, ""mean_aic"": 5680.95716016041, ""mean_llf"": -2836.478580080205}",142.3,,ok,LIKE-FOR-LIKE-SPAN,MATCHED
m3ultra,classical2/elasticnet/istella/rows=full,istella,X 1000000x220; Xq 100000x220; y 1000000; yq 100000,fit_or_operation,ours,mojolearn,0.8.25,gpu,Apple M3 Ultra,identical,2915.294582999195,1,"{""finite"": true, ""r2"": 0.2609218273934246, ""rmse"": 0.7181342099877039}",3061.8,,ok,LIKE-FOR-LIKE-SPAN,MATCHED
m3ultra,classical2/elasticnet/istella/rows=full,istella,X 1000000x220; Xq 100000x220; y 1000000; yq 100000,fit_or_operation,ours-fast,mojolearn,0.8.25,gpu,Apple M3 Ultra,fast,357.30629099998623,1,"{""finite"": true, ""r2"": 0.2615541322277686, ""rmse"": 0.7178269509513873}",3866.0,,ok,LIKE-FOR-LIKE-SPAN,MATCHED
m3ultra,classical2/elasticnet/istella/rows=full,istella,X 1000000x220; Xq 100000x220; y 1000000; yq 100000,fit_or_operation,sklearn-cpu,scikit-learn,1.7.2,cpu,arm,opponent,1793.7774999954854,1,"{""finite"": true, ""r2"": 0.2609218578248057, ""rmse"": 0.7181341952031948}",2748.0,,ok,LIKE-FOR-LIKE-SPAN,MATCHED
m3ultra,classical2/elasticnet/taxi/rows=full,taxi,X 1000000x11; Xq 100000x11; y 1000000; yq 100000,fit_or_operation,ours,mojolearn,0.8.25,gpu,Apple M3 Ultra,identical,64.5859170035692,1,"{""finite"": true, ""r2"": 0.9073783178712727, ""rmse"": 4.847224369951755}",479.6,,ok,LIKE-FOR-LIKE-SPAN,MATCHED
m3ultra,classical2/elasticnet/taxi/rows=full,taxi,X 1000000x11; Xq 100000x11; y 1000000; yq 100000,fit_or_operation,ours-fast,mojolearn,0.8.25,gpu,Apple M3 Ultra,fast,59.81933300063247,1,"{""finite"": true, ""r2"": 0.9073783309512724, ""rmse"": 4.847224027690128}",513.0,,ok,LIKE-FOR-LIKE-SPAN,MATCHED
m3ultra,classical2/elasticnet/taxi/rows=full,taxi,X 1000000x11; Xq 100000x11; y 1000000; yq 100000,fit_or_operation,sklearn-cpu,scikit-learn,1.7.2,cpu,arm,opponent,37.73291599645745,1,"{""finite"": true, ""r2"": 0.9073783656595982, ""rmse"": 4.847223119484475}",275.9,,ok,LIKE-FOR-LIKE-SPAN,MATCHED
m3ultra,classical2/ets/synthetic/rows=full,synthetic,Yfit 64x1440; Yhold 64x48,fit_or_operation,ours,mojolearn,0.8.25,gpu,Apple M3 Ultra,identical,204.97537500341423,1,"{""forecast_rmse"": 0.9843924315379182, ""insample_rmse"": 0.9909714021119975}",339.9,,ok,LIKE-FOR-LIKE-SPAN,MATCHED
m3ultra,classical2/ets/synthetic/rows=full,synthetic,Yfit 64x1440; Yhold 64x48,fit_or_operation,ours-fast,mojolearn,0.8.25,gpu,Apple M3 Ultra,fast,189.44354200357338,1,"{""forecast_rmse"": 0.9844731870402379, ""insample_rmse"": 0.990971331275225}",338.8,,ok,LIKE-FOR-LIKE-SPAN,MATCHED
m3ultra,classical2/ets/synthetic/rows=full,synthetic,Yfit 64x1440; Yhold 64x48,fit_or_operation,statsmodels-cpu,statsmodels,0.15.0,cpu,arm,opponent,884.3663340012426,1,"{""forecast_rmse"": 0.9844182893971815, ""insample_rmse"": 0.9918121473091908}",140.6,,ok,LIKE-FOR-LIKE-SPAN,MATCHED
m3ultra,classical2/gmm/istella/rows=full,istella,X 100000x200; Xq 20000x200; _dropped_constant_columns 20,fit_or_operation,ours,mojolearn,0.8.25,gpu,Apple M3 Ultra,identical,9176.253334000648,1,"{""bic"": -38513909.71781587, ""mean_log_likelihood"": 200.79440303563442, ""n_iter"": 24}",2659.0,,ok,LIKE-FOR-LIKE-SPAN,MATCHED
m3ultra,classical2/gmm/istella/rows=full,istella,X 100000x200; Xq 20000x200; _dropped_constant_columns 20,fit_or_operation,ours-fast,mojolearn,0.8.25,gpu,Apple M3 Ultra,fast,6614.304292001179,1,"{""bic"": -38513914.270409934, ""mean_log_likelihood"": 200.79446895952205, ""n_iter"": 24}",2113.0,,ok,LIKE-FOR-LIKE-SPAN,MATCHED
m3ultra,classical2/gmm/istella/rows=full,istella,X 100000x200; Xq 20000x200; _dropped_constant_columns 20,fit_or_operation,sklearn-cpu,scikit-learn,1.7.2,cpu,arm,opponent,7479.211792000569,1,"{""bic"": -39006472.8932152, ""mean_log_likelihood"": 200.7763398432594, ""n_iter"": 30}",1244.8,,ok,LIKE-FOR-LIKE-SPAN,MATCHED
m3ultra,classical2/gmm/taxi/rows=full,taxi,X 100000x11; Xq 20000x11,fit_or_operation,ours,mojolearn,0.8.25,gpu,Apple M3 Ultra,identical,632.4161249940516,1,"{""bic"": -3670014.830069996, ""mean_log_likelihood"": 12.86194011340008, ""n_iter"": 32}",487.2,,ok,LIKE-FOR-LIKE-SPAN,MATCHED
m3ultra,classical2/gmm/taxi/rows=full,taxi,X 100000x11; Xq 20000x11,fit_or_operation,ours-fast,mojolearn,0.8.25,gpu,Apple M3 Ultra,fast,,0,{},,,"REFUSED(error: {""error"": ""Exception(\""GaussianMixture: fitting the mixture model failed because some components have ill-defined empirical covariance (for instance caused by singleton or collapsed samples). Try to d)",LIKE-FOR-LIKE-SPAN,MATCHED
m3ultra,classical2/gmm/taxi/rows=full,taxi,X 100000x11; Xq 20000x11,fit_or_operation,sklearn-cpu,scikit-learn,1.7.2,cpu,arm,opponent,,0,{},,,"REFUSED(error: {""error"": ""ValueError('Fitting the mixture model failed because some components have ill-defined empirical covariance (for instance caused by singleton or collapsed samples). Try to decrease the numbe)",LIKE-FOR-LIKE-SPAN,MATCHED
m3ultra,classical2/gpc/istella/rows=full,istella,X 3000x220; Xq 3000x220; y 3000; yq 3000,fit_or_operation,ours,mojolearn,0.8.25,gpu,Apple M3 Ultra,identical,801.3608749970444,1,"{""accuracy"": 0.9013333333333333, ""logloss"": 0.2325895501363198, ""nonfinite_proba_rows"": 0}",1772.6,,ok,LIKE-FOR-LIKE-SPAN,MATCHED
m3ultra,classical2/gpc/istella/rows=full,istella,X 3000x220; Xq 3000x220; y 3000; yq 3000,fit_or_operation,ours-fast,mojolearn,0.8.25,gpu,Apple M3 Ultra,fast,509.2933330015512,1,"{""accuracy"": 0.9013333333333333, ""logloss"": 0.23259150673774676, ""nonfinite_proba_rows"": 0}",1748.2,,ok,LIKE-FOR-LIKE-SPAN,MATCHED
m3ultra,classical2/gpc/istella/rows=full,istella,X 3000x220; Xq 3000x220; y 3000; yq 3000,fit_or_operation,sklearn-cpu,scikit-learn,1.7.2,cpu,arm,opponent,1162.4233339971397,1,"{""accuracy"": 0.9013333333333333, ""logloss"": 0.23259660853842087, ""nonfinite_proba_rows"": 0}",1269.3,,ok,LIKE-FOR-LIKE-SPAN,MATCHED
m3ultra,classical2/gpc/taxi/rows=full,taxi,X 3000x11; Xq 3000x11; y 3000; yq 3000,fit_or_operation,ours,mojolearn,0.8.25,gpu,Apple M3 Ultra,identical,576.9289169984404,1,"{""accuracy"": 0.761, ""logloss"": 0.5412864834223782, ""nonfinite_proba_rows"": 0}",870.9,,ok,LIKE-FOR-LIKE-SPAN,MATCHED
m3ultra,classical2/gpc/taxi/rows=full,taxi,X 3000x11; Xq 3000x11; y 3000; yq 3000,fit_or_operation,ours-fast,mojolearn,0.8.25,gpu,Apple M3 Ultra,fast,407.8290410034242,1,"{""accuracy"": 0.761, ""logloss"": 0.541354548347489, ""nonfinite_proba_rows"": 0}",846.8,,ok,LIKE-FOR-LIKE-SPAN,MATCHED
m3ultra,classical2/gpc/taxi/rows=full,taxi,X 3000x11; Xq 3000x11; y 3000; yq 3000,fit_or_operation,sklearn-cpu,scikit-learn,1.7.2,cpu,arm,opponent,640.8546250022482,1,"{""accuracy"": 0.761, ""logloss"": 0.5413580838858666, ""nonfinite_proba_rows"": 0}",381.9,,ok,LIKE-FOR-LIKE-SPAN,MATCHED
m3ultra,classical2/gpr/istella/rows=full,istella,X 3000x220; Xq 3000x220; y 3000; yq 3000,fit_or_operation,ours,mojolearn,0.8.25,gpu,Apple M3 Ultra,identical,258.9354580049985,1,"{""finite"": true, ""mean_log_predictive_density"": -9.285753999098805, ""r2"": 0.2353459478280211, ""rmse"": 0.7604393550345704}",1705.6,,ok,LIKE-FOR-LIKE-SPAN,MATCHED
m3ultra,classical2/gpr/istella/rows=full,istella,X 3000x220; Xq 3000x220; y 3000; yq 3000,fit_or_operation,ours-fast,mojolearn,0.8.25,gpu,Apple M3 Ultra,fast,214.65079100016737,1,"{""finite"": true, ""mean_log_predictive_density"": -9.285319087730693, ""r2"": 0.2353737217560964, ""rmse"": 0.7604255444886897}",1735.9,,ok,LIKE-FOR-LIKE-SPAN,MATCHED
m3ultra,classical2/gpr/istella/rows=full,istella,X 3000x220; Xq 3000x220; y 3000; yq 3000,fit_or_operation,sklearn-cpu,scikit-learn,1.7.2,cpu,arm,opponent,495.08841700298944,1,"{""finite"": true, ""mean_log_predictive_density"": -9.28714809753338, ""r2"": 0.23536821748218517, ""rmse"": 0.760428281500922}",1255.3,,ok,LIKE-FOR-LIKE-SPAN,MATCHED
m3ultra,classical2/gpr/taxi/rows=full,taxi,X 3000x11; Xq 3000x11; y 3000; yq 3000,fit_or_operation,ours,mojolearn,0.8.25,gpu,Apple M3 Ultra,identical,232.12062500533648,1,"{""finite"": true, ""mean_log_predictive_density"": -311.4583940839855, ""r2"": 0.8896300104938847, ""rmse"": 5.041638653237045}",852.7,,ok,LIKE-FOR-LIKE-SPAN,MATCHED
m3ultra,classical2/gpr/taxi/rows=full,taxi,X 3000x11; Xq 3000x11; y 3000; yq 3000,fit_or_operation,ours-fast,mojolearn,0.8.25,gpu,Apple M3 Ultra,fast,199.4406249941676,1,"{""finite"": true, ""mean_log_predictive_density"": -311.45443113977626, ""r2"": 0.889630099689397, ""rmse"": 5.0416366160363735}",814.1,,ok,LIKE-FOR-LIKE-SPAN,MATCHED
m3ultra,classical2/gpr/taxi/rows=full,taxi,X 3000x11; Xq 3000x11; y 3000; yq 3000,fit_or_operation,sklearn-cpu,scikit-learn,1.7.2,cpu,arm,opponent,136.84775000001537,1,"{""finite"": true, ""mean_log_predictive_density"": -311.53959406054213, ""r2"": 0.8896293891496425, ""rmse"": 5.041652844543728}",367.9,,ok,LIKE-FOR-LIKE-SPAN,MATCHED
m3ultra,classical2/ivf/istella/rows=full,istella,index 400000x220; queries 4000x220,fit_or_operation,ours,mojolearn,0.8.25,gpu,Apple M3 Ultra,identical,4865.806624999095,1,{},2044.4,,ok,LIKE-FOR-LIKE-SPAN,MATCHED
m3ultra,classical2/ivf/istella/rows=full,istella,index 400000x220; queries 4000x220,fit_or_operation,ours-fast,mojolearn,0.8.25,gpu,Apple M3 Ultra,fast,2528.411541999958,1,{},2499.0,,ok,LIKE-FOR-LIKE-SPAN,MATCHED
m3ultra,classical2/ivf/istella/rows=full,istella,index 400000x220; queries 4000x220,fit_or_operation,faiss-cpu,faiss,1.15.1,cpu,arm,opponent,4983.118624993949,1,{},1526.4,,ok,LIKE-FOR-LIKE-SPAN,MATCHED
m3ultra,classical2/ivf/taxi/rows=full,taxi,index 400000x11; queries 4000x11,fit_or_operation,ours,mojolearn,0.8.25,gpu,Apple M3 Ultra,identical,554.6606249990873,1,{},708.1,,ok,LIKE-FOR-LIKE-SPAN,MATCHED
m3ultra,classical2/ivf/taxi/rows=full,taxi,index 400000x11; queries 4000x11,fit_or_operation,ours-fast,mojolearn,0.8.25,gpu,Apple M3 Ultra,fast,480.0702499996987,1,{},726.0,,ok,LIKE-FOR-LIKE-SPAN,MATCHED
m3ultra,classical2/ivf/taxi/rows=full,taxi,index 400000x11; queries 4000x11,fit_or_operation,faiss-cpu,faiss,1.15.1,cpu,arm,opponent,3754.815874999622,1,{},157.9,,ok,LIKE-FOR-LIKE-SPAN,MATCHED
m3ultra,classical2/kernel-ridge/istella/rows=full,istella,X 10000x220; Xq 10000x220; y 10000; yq 10000,fit_or_operation,ours,mojolearn,0.8.25,gpu,Apple M3 Ultra,identical,647.2922079992713,1,"{""finite"": true, ""r2"": 0.38542720764705185, ""rmse"": 0.6464072874785307}",2118.7,,ok,LIKE-FOR-LIKE-SPAN,MATCHED
m3ultra,classical2/kernel-ridge/istella/rows=full,istella,X 10000x220; Xq 10000x220; y 10000; yq 10000,fit_or_operation,ours-fast,mojolearn,0.8.25,gpu,Apple M3 Ultra,fast,298.92116699920734,1,"{""finite"": true, ""r2"": 0.38542709842361733, ""rmse"": 0.646407344919099}",2082.0,,ok,LIKE-FOR-LIKE-SPAN,MATCHED
m3ultra,classical2/kernel-ridge/istella/rows=full,istella,X 10000x220; Xq 10000x220; y 10000; yq 10000,fit_or_operation,sklearn-cpu,scikit-learn,1.7.2,cpu,arm,opponent,778.0572499978007,1,"{""finite"": true, ""r2"": 0.38542717947883365, ""rmse"": 0.6464073022921879}",2055.9,,ok,LIKE-FOR-LIKE-SPAN,MATCHED
m3ultra,classical2/kernel-ridge/taxi/rows=full,taxi,X 10000x11; Xq 10000x11; y 10000; yq 10000,fit_or_operation,ours,mojolearn,0.8.25,gpu,Apple M3 Ultra,identical,673.6606249978649,1,"{""finite"": true, ""r2"": 0.7265428586333913, ""rmse"": 8.330373429807043}",1350.5,,ok,LIKE-FOR-LIKE-SPAN,MATCHED
m3ultra,classical2/kernel-ridge/taxi/rows=full,taxi,X 10000x11; Xq 10000x11; y 10000; yq 10000,fit_or_operation,ours-fast,mojolearn,0.8.25,gpu,Apple M3 Ultra,fast,219.98854100093013,1,"{""finite"": true, ""r2"": 0.7265428474978044, ""rmse"": 8.33037359941972}",1167.3,,ok,LIKE-FOR-LIKE-SPAN,MATCHED
m3ultra,classical2/kernel-ridge/taxi/rows=full,taxi,X 10000x11; Xq 10000x11; y 10000; yq 10000,fit_or_operation,sklearn-cpu,scikit-learn,1.7.2,cpu,arm,opponent,757.4921249979525,1,"{""finite"": true, ""r2"": 0.7265424512242515, ""rmse"": 8.330379635293196}",1170.2,,ok,LIKE-FOR-LIKE-SPAN,MATCHED
m3ultra,classical2/knn-clf/istella/rows=full,istella,X 200000x220; Xq 4000x220; y 200000; yq 4000,fit_or_operation,ours,mojolearn,0.8.25,gpu,Apple M3 Ultra,identical,214.41237500403076,1,"{""accuracy"": 0.92625}",1955.1,,ok,LIKE-FOR-LIKE-SPAN,MATCHED
m3ultra,classical2/knn-clf/istella/rows=full,istella,X 200000x220; Xq 4000x220; y 200000; yq 4000,fit_or_operation,ours-fast,mojolearn,0.8.25,gpu,Apple M3 Ultra,fast,827.5179579941323,1,"{""accuracy"": 0.92625}",1889.8,,ok,LIKE-FOR-LIKE-SPAN,MATCHED
m3ultra,classical2/knn-clf/istella/rows=full,istella,X 200000x220; Xq 4000x220; y 200000; yq 4000,fit_or_operation,sklearn-cpu,scikit-learn,1.7.2,cpu,arm,opponent,308.8232500012964,1,"{""accuracy"": 0.92625}",1312.6,,ok,LIKE-FOR-LIKE-SPAN,MATCHED
m3ultra,classical2/knn-clf/taxi/rows=full,taxi,X 200000x11; Xq 4000x11; y 200000; yq 4000,fit_or_operation,ours,mojolearn,0.8.25,gpu,Apple M3 Ultra,identical,57.08745800075121,1,"{""accuracy"": 0.74175}",602.7,,ok,LIKE-FOR-LIKE-SPAN,MATCHED
m3ultra,classical2/knn-clf/taxi/rows=full,taxi,X 200000x11; Xq 4000x11; y 200000; yq 4000,fit_or_operation,ours-fast,mojolearn,0.8.25,gpu,Apple M3 Ultra,fast,45.5354170044302,1,"{""accuracy"": 0.74175}",529.0,,ok,LIKE-FOR-LIKE-SPAN,MATCHED
m3ultra,classical2/knn-clf/taxi/rows=full,taxi,X 200000x11; Xq 4000x11; y 200000; yq 4000,fit_or_operation,sklearn-cpu,scikit-learn,1.7.2,cpu,arm,opponent,125.14720799663337,1,"{""accuracy"": 0.74175}",224.8,,ok,LIKE-FOR-LIKE-SPAN,MATCHED
m3ultra,classical2/knn-reg/istella/rows=full,istella,X 200000x220; Xq 4000x220; y 200000; yq 4000,fit_or_operation,ours,mojolearn,0.8.25,gpu,Apple M3 Ultra,identical,200.16695799859008,1,"{""finite"": true, ""r2"": 0.418144977111617, ""rmse"": 0.6253878797285024}",1947.7,,ok,LIKE-FOR-LIKE-SPAN,MATCHED
m3ultra,classical2/knn-reg/istella/rows=full,istella,X 200000x220; Xq 4000x220; y 200000; yq 4000,fit_or_operation,ours-fast,mojolearn,0.8.25,gpu,Apple M3 Ultra,fast,820.2486250011134,1,"{""finite"": true, ""r2"": 0.418144977111617, ""rmse"": 0.6253878797285024}",1880.0,,ok,LIKE-FOR-LIKE-SPAN,MATCHED
m3ultra,classical2/knn-reg/istella/rows=full,istella,X 200000x220; Xq 4000x220; y 200000; yq 4000,fit_or_operation,sklearn-cpu,scikit-learn,1.7.2,cpu,arm,opponent,261.34141700458713,1,"{""finite"": true, ""r2"": 0.418144977111617, ""rmse"": 0.6253878797285024}",1313.6,,ok,LIKE-FOR-LIKE-SPAN,MATCHED
m3ultra,classical2/knn-reg/taxi/rows=full,taxi,X 200000x11; Xq 4000x11; y 200000; yq 4000,fit_or_operation,ours,mojolearn,0.8.25,gpu,Apple M3 Ultra,identical,31.59054199932143,1,"{""finite"": true, ""r2"": 0.9373226921180847, ""rmse"": 3.8420276428204088}",596.5,,ok,LIKE-FOR-LIKE-SPAN,MATCHED
m3ultra,classical2/knn-reg/taxi/rows=full,taxi,X 200000x11; Xq 4000x11; y 200000; yq 4000,fit_or_operation,ours-fast,mojolearn,0.8.25,gpu,Apple M3 Ultra,fast,20.660707996285055,1,"{""finite"": true, ""r2"": 0.9373226921180847, ""rmse"": 3.8420276428204088}",513.6,,ok,LIKE-FOR-LIKE-SPAN,MATCHED
m3ultra,classical2/knn-reg/taxi/rows=full,taxi,X 200000x11; Xq 4000x11; y 200000; yq 4000,fit_or_operation,sklearn-cpu,scikit-learn,1.7.2,cpu,arm,opponent,130.4465840003104,1,"{""finite"": true, ""r2"": 0.9373226939479553, ""rmse"": 3.842027586736208}",219.8,,ok,LIKE-FOR-LIKE-SPAN,MATCHED
m3ultra,classical2/lasso/istella/rows=full,istella,X 1000000x220; Xq 100000x220; y 1000000; yq 100000,fit_or_operation,ours,mojolearn,0.8.25,gpu,Apple M3 Ultra,identical,8481.957916999818,1,"{""finite"": true, ""r2"": 0.3108369952151201, ""rmse"": 0.6934599846066856}",3062.4,,ok,LIKE-FOR-LIKE-SPAN,MATCHED
m3ultra,classical2/lasso/istella/rows=full,istella,X 1000000x220; Xq 100000x220; y 1000000; yq 100000,fit_or_operation,ours-fast,mojolearn,0.8.25,gpu,Apple M3 Ultra,fast,364.6231250022538,1,"{""finite"": true, ""r2"": 0.3104723813346333, ""rmse"": 0.6936434039864189}",3864.8,,ok,LIKE-FOR-LIKE-SPAN,MATCHED
m3ultra,classical2/lasso/istella/rows=full,istella,X 1000000x220; Xq 100000x220; y 1000000; yq 100000,fit_or_operation,sklearn-cpu,scikit-learn,1.7.2,cpu,arm,opponent,3842.069749996881,1,"{""finite"": true, ""r2"": 0.3108369899344797, ""rmse"": 0.6934599872634684}",2745.8,,ok,LIKE-FOR-LIKE-SPAN,MATCHED
m3ultra,classical2/lasso/taxi/rows=full,taxi,X 1000000x11; Xq 100000x11; y 1000000; yq 100000,fit_or_operation,ours,mojolearn,0.8.25,gpu,Apple M3 Ultra,identical,70.67600000300445,1,"{""finite"": true, ""r2"": 0.9089946304523631, ""rmse"": 4.804744515306408}",483.0,,ok,LIKE-FOR-LIKE-SPAN,MATCHED
m3ultra,classical2/lasso/taxi/rows=full,taxi,X 1000000x11; Xq 100000x11; y 1000000; yq 100000,fit_or_operation,ours-fast,mojolearn,0.8.25,gpu,Apple M3 Ultra,fast,60.33749999915017,1,"{""finite"": true, ""r2"": 0.9089946218582251, ""rmse"": 4.804744742175637}",513.6,,ok,LIKE-FOR-LIKE-SPAN,MATCHED
m3ultra,classical2/lasso/taxi/rows=full,taxi,X 1000000x11; Xq 100000x11; y 1000000; yq 100000,fit_or_operation,sklearn-cpu,scikit-learn,1.7.2,cpu,arm,opponent,44.54324999824166,1,"{""finite"": true, ""r2"": 0.9089946120073558, ""rmse"": 4.804745002220221}",278.1,,ok,LIKE-FOR-LIKE-SPAN,MATCHED
m3ultra,classical2/linearsvc/istella/rows=full,istella,X 1000000x220; Xq 100000x220; y 1000000; yq 100000,fit_or_operation,ours,mojolearn,0.8.25,gpu,Apple M3 Ultra,identical,762.6215829950524,1,"{""accuracy"": 0.92348}",2163.6,,ok,LIKE-FOR-LIKE-SPAN,MATCHED
m3ultra,classical2/linearsvc/istella/rows=full,istella,X 1000000x220; Xq 100000x220; y 1000000; yq 100000,fit_or_operation,ours-fast,mojolearn,0.8.25,gpu,Apple M3 Ultra,fast,754.3011249945266,1,"{""accuracy"": 0.92323}",2159.3,,ok,LIKE-FOR-LIKE-SPAN,MATCHED
m3ultra,classical2/linearsvc/istella/rows=full,istella,X 1000000x220; Xq 100000x220; y 1000000; yq 100000,fit_or_operation,sklearn-cpu,scikit-learn,1.7.2,cpu,arm,opponent,594659.5820000002,1,"{""accuracy"": 0.92354}",6163.2,,ok,LIKE-FOR-LIKE-SPAN,MATCHED
m3ultra,classical2/linearsvc/taxi/rows=full,taxi,X 1000000x11; Xq 100000x11; y 1000000; yq 100000,fit_or_operation,ours,mojolearn,0.8.25,gpu,Apple M3 Ultra,identical,108.70783300197218,1,"{""accuracy"": 0.76333}",475.9,,ok,LIKE-FOR-LIKE-SPAN,MATCHED
m3ultra,classical2/linearsvc/taxi/rows=full,taxi,X 1000000x11; Xq 100000x11; y 1000000; yq 100000,fit_or_operation,ours-fast,mojolearn,0.8.25,gpu,Apple M3 Ultra,fast,107.05904200585792,1,"{""accuracy"": 0.76333}",462.4,,ok,LIKE-FOR-LIKE-SPAN,MATCHED
m3ultra,classical2/linearsvc/taxi/rows=full,taxi,X 1000000x11; Xq 100000x11; y 1000000; yq 100000,fit_or_operation,sklearn-cpu,scikit-learn,1.7.2,cpu,arm,opponent,428.98212499858346,1,"{""accuracy"": 0.76357}",469.3,,ok,LIKE-FOR-LIKE-SPAN,MATCHED
m3ultra,classical2/linearsvr/istella/rows=full,istella,X 1000000x220; Xq 100000x220; y 1000000; yq 100000,fit_or_operation,ours,mojolearn,0.8.25,gpu,Apple M3 Ultra,identical,952.2689579971484,1,"{""finite"": true, ""r2"": -0.10675401361712411, ""rmse"": 0.8787917688693571}",2098.1,,ok,LIKE-FOR-LIKE-SPAN,MATCHED
m3ultra,classical2/linearsvr/istella/rows=full,istella,X 1000000x220; Xq 100000x220; y 1000000; yq 100000,fit_or_operation,ours-fast,mojolearn,0.8.25,gpu,Apple M3 Ultra,fast,905.8903750046738,1,"{""finite"": true, ""r2"": -0.10675414731194754, ""rmse"": 0.8787918219479569}",2099.9,,ok,LIKE-FOR-LIKE-SPAN,MATCHED
m3ultra,classical2/linearsvr/istella/rows=full,istella,X 1000000x220; Xq 100000x220; y 1000000; yq 100000,fit_or_operation,sklearn-cpu,scikit-learn,1.7.2,cpu,arm,opponent,691569.7191250001,1,"{""finite"": true, ""r2"": -0.025728614423192298, ""rmse"": 0.8460122727355569}",6137.4,,ok,LIKE-FOR-LIKE-SPAN,MATCHED
m3ultra,classical2/linearsvr/taxi/rows=full,taxi,X 1000000x11; Xq 100000x11; y 1000000; yq 100000,fit_or_operation,ours,mojolearn,0.8.25,gpu,Apple M3 Ultra,identical,101.53458399872761,1,"{""finite"": true, ""r2"": 0.8998128753434574, ""rmse"": 5.041302377804632}",422.2,,ok,LIKE-FOR-LIKE-SPAN,MATCHED
m3ultra,classical2/linearsvr/taxi/rows=full,taxi,X 1000000x11; Xq 100000x11; y 1000000; yq 100000,fit_or_operation,ours-fast,mojolearn,0.8.25,gpu,Apple M3 Ultra,fast,191.92075000319164,1,"{""finite"": true, ""r2"": 0.8998144728464655, ""rmse"": 5.041262185375491}",421.8,,ok,LIKE-FOR-LIKE-SPAN,MATCHED
m3ultra,classical2/linearsvr/taxi/rows=full,taxi,X 1000000x11; Xq 100000x11; y 1000000; yq 100000,fit_or_operation,sklearn-cpu,scikit-learn,1.7.2,cpu,arm,opponent,83288.98683399893,1,"{""finite"": true, ""r2"": 0.8998029364141075, ""rmse"": 5.0415524294242635}",511.0,,ok,LIKE-FOR-LIKE-SPAN,MATCHED
m3ultra,classical2/logreg/istella/rows=full,istella,X 1000000x220; Xq 100000x220; y 1000000; yq 100000,fit_or_operation,ours,mojolearn,0.8.25,gpu,Apple M3 Ultra,identical,3796.346082999662,1,"{""accuracy"": 0.92454, ""logloss"": 0.18124485844866667, ""nonfinite_proba_rows"": 0}",2108.3,,ok,LIKE-FOR-LIKE-SPAN,MATCHED
m3ultra,classical2/logreg/istella/rows=full,istella,X 1000000x220; Xq 100000x220; y 1000000; yq 100000,fit_or_operation,ours-fast,mojolearn,0.8.25,gpu,Apple M3 Ultra,fast,3922.4838330046623,1,"{""accuracy"": 0.92456, ""logloss"": 0.18124177262751226, ""nonfinite_proba_rows"": 0}",2109.8,,ok,LIKE-FOR-LIKE-SPAN,MATCHED
m3ultra,classical2/logreg/istella/rows=full,istella,X 1000000x220; Xq 100000x220; y 1000000; yq 100000,fit_or_operation,sklearn-cpu,scikit-learn,1.7.2,cpu,arm,opponent,28414.983624999877,1,"{""accuracy"": 0.92447, ""logloss"": 0.18133655366662352, ""nonfinite_proba_rows"": 0}",2939.8,,ok,LIKE-FOR-LIKE-SPAN,MATCHED
m3ultra,classical2/logreg/taxi/rows=full,taxi,X 1000000x11; Xq 100000x11; y 1000000; yq 100000,fit_or_operation,ours,mojolearn,0.8.25,gpu,Apple M3 Ultra,identical,132.9859999968903,1,"{""accuracy"": 0.76334, ""logloss"": 0.538984424007247, ""nonfinite_proba_rows"": 0}",427.5,,ok,LIKE-FOR-LIKE-SPAN,MATCHED
m3ultra,classical2/logreg/taxi/rows=full,taxi,X 1000000x11; Xq 100000x11; y 1000000; yq 100000,fit_or_operation,ours-fast,mojolearn,0.8.25,gpu,Apple M3 Ultra,fast,120.12904199946206,1,"{""accuracy"": 0.76331, ""logloss"": 0.5389869508389374, ""nonfinite_proba_rows"": 0}",425.2,,ok,LIKE-FOR-LIKE-SPAN,MATCHED
m3ultra,classical2/logreg/taxi/rows=full,taxi,X 1000000x11; Xq 100000x11; y 1000000; yq 100000,fit_or_operation,sklearn-cpu,scikit-learn,1.7.2,cpu,arm,opponent,303.99900000338675,1,"{""accuracy"": 0.76332, ""logloss"": 0.5389801914400121, ""nonfinite_proba_rows"": 0}",304.3,,ok,LIKE-FOR-LIKE-SPAN,MATCHED
m3ultra,classical2/nystroem/istella/rows=full,istella,X 100000x220; Xcheck 1000x220,fit_or_operation,ours,mojolearn,0.8.25,gpu,Apple M3 Ultra,identical,,0,{},,,"REFUSED(error: {""error"": ""Exception('km_basis_indices: n_samples 100000 exceeds KM_MAX_BASIS_POOL = 4096. The rank pass counts a total order over every pair of rows, which is n_samples^2 host comparisons. To close t)",LIKE-FOR-LIKE-SPAN,MATCHED
m3ultra,classical2/nystroem/istella/rows=full,istella,X 100000x220; Xcheck 1000x220,fit_or_operation,ours-fast,mojolearn,0.8.25,gpu,Apple M3 Ultra,fast,,0,{},,,"REFUSED(error: {""error"": ""Exception('km_basis_indices: n_samples 100000 exceeds KM_MAX_BASIS_POOL = 4096. The rank pass counts a total order over every pair of rows, which is n_samples^2 host comparisons. To close t)",LIKE-FOR-LIKE-SPAN,MATCHED
m3ultra,classical2/nystroem/istella/rows=full,istella,X 100000x220; Xcheck 1000x220,fit_or_operation,sklearn-cpu,scikit-learn,1.7.2,cpu,arm,opponent,467.4868330039317,1,"{""kernel_rel_error"": 0.03895796430511047}",1472.1,,ok,LIKE-FOR-LIKE-SPAN,MATCHED
m3ultra,classical2/nystroem/taxi/rows=full,taxi,X 100000x11; Xcheck 1000x11,fit_or_operation,ours,mojolearn,0.8.25,gpu,Apple M3 Ultra,identical,,0,{},,,"REFUSED(error: {""error"": ""Exception('km_basis_indices: n_samples 100000 exceeds KM_MAX_BASIS_POOL = 4096. The rank pass counts a total order over every pair of rows, which is n_samples^2 host comparisons. To close t)",LIKE-FOR-LIKE-SPAN,MATCHED
m3ultra,classical2/nystroem/taxi/rows=full,taxi,X 100000x11; Xcheck 1000x11,fit_or_operation,ours-fast,mojolearn,0.8.25,gpu,Apple M3 Ultra,fast,,0,{},,,"REFUSED(error: {""error"": ""Exception('km_basis_indices: n_samples 100000 exceeds KM_MAX_BASIS_POOL = 4096. The rank pass counts a total order over every pair of rows, which is n_samples^2 host comparisons. To close t)",LIKE-FOR-LIKE-SPAN,MATCHED
m3ultra,classical2/nystroem/taxi/rows=full,taxi,X 100000x11; Xcheck 1000x11,fit_or_operation,sklearn-cpu,scikit-learn,1.7.2,cpu,arm,opponent,295.6627500025206,1,"{""kernel_rel_error"": 0.04436950355990711}",492.4,,ok,LIKE-FOR-LIKE-SPAN,MATCHED
m3ultra,classical2/rbf-sampler/istella/rows=full,istella,X 100000x220; Xcheck 1000x220,fit_or_operation,ours,mojolearn,0.8.25,gpu,Apple M3 Ultra,identical,53.4937499978696,1,"{""kernel_rel_error"": 0.14197976520989547}",1903.0,,ok,LIKE-FOR-LIKE-SPAN,MATCHED
m3ultra,classical2/rbf-sampler/istella/rows=full,istella,X 100000x220; Xcheck 1000x220,fit_or_operation,ours-fast,mojolearn,0.8.25,gpu,Apple M3 Ultra,fast,76.84366700414103,1,"{""kernel_rel_error"": 0.14197975975110838}",1853.2,,ok,LIKE-FOR-LIKE-SPAN,MATCHED
m3ultra,classical2/rbf-sampler/istella/rows=full,istella,X 100000x220; Xcheck 1000x220,fit_or_operation,sklearn-cpu,scikit-learn,1.7.2,cpu,arm,opponent,47.53645900200354,1,"{""kernel_rel_error"": 0.13740523636724952}",1346.5,,ok,LIKE-FOR-LIKE-SPAN,MATCHED
m3ultra,classical2/rbf-sampler/taxi/rows=full,taxi,X 100000x11; Xcheck 1000x11,fit_or_operation,ours,mojolearn,0.8.25,gpu,Apple M3 Ultra,identical,26.44824999879347,1,"{""kernel_rel_error"": 0.10854922362456006}",926.7,,ok,LIKE-FOR-LIKE-SPAN,MATCHED
m3ultra,classical2/rbf-sampler/taxi/rows=full,taxi,X 100000x11; Xcheck 1000x11,fit_or_operation,ours-fast,mojolearn,0.8.25,gpu,Apple M3 Ultra,fast,27.347667004505638,1,"{""kernel_rel_error"": 0.10854922791118456}",734.0,,ok,LIKE-FOR-LIKE-SPAN,MATCHED
m3ultra,classical2/rbf-sampler/taxi/rows=full,taxi,X 100000x11; Xcheck 1000x11,fit_or_operation,sklearn-cpu,scikit-learn,1.7.2,cpu,arm,opponent,41.00699999980861,1,"{""kernel_rel_error"": 0.08377530461949169}",386.5,,ok,LIKE-FOR-LIKE-SPAN,MATCHED
m3ultra,classical2/ridge/istella/rows=full,istella,X 1000000x220; Xq 100000x220; y 1000000; yq 100000,fit_or_operation,ours,mojolearn,0.8.25,gpu,Apple M3 Ultra,identical,822.0520000031684,1,"{""finite"": true, ""r2"": 0.32868160848025274, ""rmse"": 0.6844231651362007}",5450.1,,ok,LIKE-FOR-LIKE-SPAN,MATCHED
m3ultra,classical2/ridge/istella/rows=full,istella,X 1000000x220; Xq 100000x220; y 1000000; yq 100000,fit_or_operation,ours-fast,mojolearn,0.8.25,gpu,Apple M3 Ultra,fast,844.6709170020767,1,"{""finite"": true, ""r2"": 0.3204506015326458, ""rmse"": 0.6886062241382304}",5452.2,,ok,LIKE-FOR-LIKE-SPAN,MATCHED
m3ultra,classical2/ridge/istella/rows=full,istella,X 1000000x220; Xq 100000x220; y 1000000; yq 100000,fit_or_operation,sklearn-cpu,scikit-learn,1.7.2,cpu,arm,opponent,6052.624874995672,1,"{""finite"": true, ""r2"": 0.32867550789273225, ""rmse"": 0.6844262749675318}",8646.4,,ok,LIKE-FOR-LIKE-SPAN,MATCHED
m3ultra,classical2/ridge/taxi/rows=full,taxi,X 1000000x11; Xq 100000x11; y 1000000; yq 100000,fit_or_operation,ours,mojolearn,0.8.25,gpu,Apple M3 Ultra,identical,23.073333002685104,1,"{""finite"": true, ""r2"": 0.9089833754793688, ""rmse"": 4.8050416164453384}",581.6,,ok,LIKE-FOR-LIKE-SPAN,MATCHED
m3ultra,classical2/ridge/taxi/rows=full,taxi,X 1000000x11; Xq 100000x11; y 1000000; yq 100000,fit_or_operation,ours-fast,mojolearn,0.8.25,gpu,Apple M3 Ultra,fast,28.104666002036538,1,"{""finite"": true, ""r2"": 0.9089831477984005, ""rmse"": 4.805047626423458}",582.8,,ok,LIKE-FOR-LIKE-SPAN,MATCHED
m3ultra,classical2/ridge/taxi/rows=full,taxi,X 1000000x11; Xq 100000x11; y 1000000; yq 100000,fit_or_operation,sklearn-cpu,scikit-learn,1.7.2,cpu,arm,opponent,34.757916000671685,1,"{""finite"": true, ""r2"": 0.9089881272841808, ""rmse"": 4.804916183767437}",230.4,,ok,LIKE-FOR-LIKE-SPAN,MATCHED
m3ultra,classical2/spectral-embedding/istella/rows=full,istella,X 20000x220,fit_or_operation,ours,mojolearn,0.8.25,gpu,Apple M3 Ultra,identical,460.4938340053195,1,"{""trustworthiness_k15"": 0.7993775481804075}",484.7,,ok,LIKE-FOR-LIKE-SPAN,MATCHED
m3ultra,classical2/spectral-embedding/istella/rows=full,istella,X 20000x220,fit_or_operation,ours-fast,mojolearn,0.8.25,gpu,Apple M3 Ultra,fast,435.24916600290453,1,"{""trustworthiness_k15"": 0.8236404143097896}",445.3,,ok,LIKE-FOR-LIKE-SPAN,MATCHED
m3ultra,classical2/spectral-embedding/istella/rows=full,istella,X 20000x220,fit_or_operation,sklearn-cpu,scikit-learn,1.7.2,cpu,arm,opponent,8207.356207996781,1,"{""trustworthiness_k15"": 0.812687557357628}",413.4,,ok,LIKE-FOR-LIKE-SPAN,MATCHED
m3ultra,classical2/spectral-embedding/taxi/rows=full,taxi,X 20000x11,fit_or_operation,ours,mojolearn,0.8.25,gpu,Apple M3 Ultra,identical,239.14804100058973,1,"{""trustworthiness_k15"": 0.8848890574160284}",406.9,,ok,LIKE-FOR-LIKE-SPAN,MATCHED
m3ultra,classical2/spectral-embedding/taxi/rows=full,taxi,X 20000x11,fit_or_operation,ours-fast,mojolearn,0.8.25,gpu,Apple M3 Ultra,fast,110.24275000090711,1,"{""trustworthiness_k15"": 0.8952360007341776}",393.2,,ok,LIKE-FOR-LIKE-SPAN,MATCHED
m3ultra,classical2/spectral-embedding/taxi/rows=full,taxi,X 20000x11,fit_or_operation,sklearn-cpu,scikit-learn,1.7.2,cpu,arm,opponent,2337.5583340020967,1,"{""trustworthiness_k15"": 0.8980114593449133}",200.4,,ok,LIKE-FOR-LIKE-SPAN,MATCHED
m3ultra,classical2/spectral/istella/rows=full,istella,X 10000x220,fit_or_operation,ours,mojolearn,0.8.25,gpu,Apple M3 Ultra,identical,396.82083299703663,1,"{""n_clusters"": 8, ""silhouette"": 0.1476683124794411}",1347.9,,ok,LIKE-FOR-LIKE-SPAN,MATCHED
m3ultra,classical2/spectral/istella/rows=full,istella,X 10000x220,fit_or_operation,ours-fast,mojolearn,0.8.25,gpu,Apple M3 Ultra,fast,249.03433400322683,1,"{""ari_vs_ours"": 1.0, ""n_clusters"": 8, ""silhouette"": 0.1476683124794411}",1336.1,,ok,LIKE-FOR-LIKE-SPAN,MATCHED
m3ultra,classical2/spectral/istella/rows=full,istella,X 10000x220,fit_or_operation,sklearn-cpu,scikit-learn,1.7.2,cpu,arm,opponent,1574.4962910030154,1,"{""ari_vs_ours"": 0.9998260205714563, ""n_clusters"": 8, ""silhouette"": 0.14769865096907211}",1199.7,,ok,LIKE-FOR-LIKE-SPAN,MATCHED
m3ultra,classical2/spectral/taxi/rows=full,taxi,X 10000x11,fit_or_operation,ours,mojolearn,0.8.25,gpu,Apple M3 Ultra,identical,445.51749999664025,1,"{""n_clusters"": 8, ""silhouette"": 0.03991044156803343}",448.4,,ok,LIKE-FOR-LIKE-SPAN,MATCHED
m3ultra,classical2/spectral/taxi/rows=full,taxi,X 10000x11,fit_or_operation,ours-fast,mojolearn,0.8.25,gpu,Apple M3 Ultra,fast,158.26945900334977,1,"{""ari_vs_ours"": 0.9970882575567205, ""n_clusters"": 8, ""silhouette"": 0.03988827121350256}",447.8,,ok,LIKE-FOR-LIKE-SPAN,MATCHED
m3ultra,classical2/spectral/taxi/rows=full,taxi,X 10000x11,fit_or_operation,sklearn-cpu,scikit-learn,1.7.2,cpu,arm,opponent,933.7387500054319,1,"{""ari_vs_ours"": 0.5823133077234751, ""n_clusters"": 8, ""silhouette"": 0.08989405357276725}",233.1,,ok,LIKE-FOR-LIKE-SPAN,MATCHED
m3ultra,classical2/svr/istella/rows=full,istella,X 10000x220; Xq 10000x220; y 10000; yq 10000,fit_or_operation,ours,mojolearn,0.8.25,gpu,Apple M3 Ultra,identical,120.30945900187362,1,"{""finite"": true, ""r2"": 0.31825814626514914, ""rmse"": 0.6808156927626244}",1355.9,,ok,LIKE-FOR-LIKE-SPAN,MATCHED
m3ultra,classical2/svr/istella/rows=full,istella,X 10000x220; Xq 10000x220; y 10000; yq 10000,fit_or_operation,ours-fast,mojolearn,0.8.25,gpu,Apple M3 Ultra,fast,182.71937499957858,1,"{""finite"": true, ""r2"": 0.3182575541712074, ""rmse"": 0.6808159884073449}",1398.5,,ok,LIKE-FOR-LIKE-SPAN,MATCHED
m3ultra,classical2/svr/istella/rows=full,istella,X 10000x220; Xq 10000x220; y 10000; yq 10000,fit_or_operation,sklearn-cpu,scikit-learn,1.7.2,cpu,arm,opponent,1425.640082998143,1,"{""finite"": true, ""r2"": 0.31824769835543143, ""rmse"": 0.6808209096006409}",1192.8,,ok,LIKE-FOR-LIKE-SPAN,MATCHED
m3ultra,classical2/svr/taxi/rows=full,taxi,X 10000x11; Xq 10000x11; y 10000; yq 10000,fit_or_operation,ours,mojolearn,0.8.25,gpu,Apple M3 Ultra,identical,112.55700000037905,1,"{""finite"": true, ""r2"": 0.7675511055719965, ""rmse"": 7.680395383275379}",616.4,,ok,LIKE-FOR-LIKE-SPAN,MATCHED
m3ultra,classical2/svr/taxi/rows=full,taxi,X 10000x11; Xq 10000x11; y 10000; yq 10000,fit_or_operation,ours-fast,mojolearn,0.8.25,gpu,Apple M3 Ultra,fast,92.22341699933168,1,"{""finite"": true, ""r2"": 0.7675502739339743, ""rmse"": 7.680409122431095}",461.3,,ok,LIKE-FOR-LIKE-SPAN,MATCHED
m3ultra,classical2/svr/taxi/rows=full,taxi,X 10000x11; Xq 10000x11; y 10000; yq 10000,fit_or_operation,sklearn-cpu,scikit-learn,1.7.2,cpu,arm,opponent,1142.065250001906,1,"{""finite"": true, ""r2"": 0.7675499565606542, ""rmse"": 7.680414365620994}",520.9,,ok,LIKE-FOR-LIKE-SPAN,MATCHED
m3ultra,classical2/tsvd/istella/rows=full,istella,X 1000000x220,fit_or_operation,ours,mojolearn,0.8.25,gpu,Apple M3 Ultra,identical,391.05341699905694,1,"{""explained_variance_ratio_sum"": 0.9999921076474112, ""relative_reconstruction_error"": 0.0025539223380432992}",3707.7,,ok,LIKE-FOR-LIKE-SPAN,MATCHED
m3ultra,classical2/tsvd/istella/rows=full,istella,X 1000000x220,fit_or_operation,ours-fast,mojolearn,0.8.25,gpu,Apple M3 Ultra,fast,345.40958300203783,1,"{""explained_variance_ratio_sum"": 0.9999921076474112, ""relative_reconstruction_error"": 0.0025539223380432992}",3707.5,,ok,LIKE-FOR-LIKE-SPAN,MATCHED
m3ultra,classical2/tsvd/istella/rows=full,istella,X 1000000x220,fit_or_operation,sklearn-cpu,scikit-learn,1.7.2,cpu,arm,opponent,1388.5373750017607,1,"{""explained_variance_ratio_sum"": 1.0000002195709012, ""relative_reconstruction_error"": 0.00012198040527534835}",2020.8,,ok,LIKE-FOR-LIKE-SPAN,MATCHED
m3ultra,classical2/tsvd/taxi/rows=full,taxi,X 1000000x11,fit_or_operation,ours,mojolearn,0.8.25,gpu,Apple M3 Ultra,identical,35.63550000399118,1,"{""explained_variance_ratio_sum"": 0.9999651766479792, ""relative_reconstruction_error"": 0.0032570735189924997}",595.7,,ok,LIKE-FOR-LIKE-SPAN,MATCHED
m3ultra,classical2/tsvd/taxi/rows=full,taxi,X 1000000x11,fit_or_operation,ours-fast,mojolearn,0.8.25,gpu,Apple M3 Ultra,fast,30.209249998733867,1,"{""explained_variance_ratio_sum"": 0.999965196534627, ""relative_reconstruction_error"": 0.003257073512328592}",592.9,,ok,LIKE-FOR-LIKE-SPAN,MATCHED
m3ultra,classical2/tsvd/taxi/rows=full,taxi,X 1000000x11,fit_or_operation,sklearn-cpu,scikit-learn,1.7.2,cpu,arm,opponent,150.55900000152178,1,"{""explained_variance_ratio_sum"": 0.9999647419411898, ""relative_reconstruction_error"": 0.0032570734801221925}",384.9,,ok,LIKE-FOR-LIKE-SPAN,MATCHED
m3ultra,classical2/umap/istella/rows=full,istella,X 20000x220,fit_or_operation,ours,mojolearn,0.8.25,gpu,Apple M3 Ultra,identical,1487.274792001699,1,"{""trustworthiness_k15"": 0.9799058422185514}",510.9,,ok,LIKE-FOR-LIKE-SPAN,MATCHED
m3ultra,classical2/umap/istella/rows=full,istella,X 20000x220,fit_or_operation,ours-fast,mojolearn,0.8.25,gpu,Apple M3 Ultra,fast,937.1593340038089,1,"{""trustworthiness_k15"": 0.9820911281306837}",479.0,,ok,LIKE-FOR-LIKE-SPAN,MATCHED
m3ultra,classical2/umap/istella/rows=full,istella,X 20000x220,fit_or_operation,umap-learn-cpu,umap-learn,0.5.12,cpu,arm,opponent,9060.981208000157,1,"{""trustworthiness_k15"": 0.9788221684937678}",580.4,,ok,LIKE-FOR-LIKE-SPAN,MATCHED
m3ultra,classical2/umap/istella/rows=full,istella,X 20000x220,fit_or_operation,umap-learn-cpu-unseeded,umap-learn,0.5.12,cpu,arm,opponent,1438.9099170002737,1,"{""trustworthiness_k15"": 0.9770780954764646}",609.2,,ok,LIKE-FOR-LIKE-SPAN,MATCHED
m3ultra,classical2/umap/taxi/rows=full,taxi,X 20000x11,fit_or_operation,ours,mojolearn,0.8.25,gpu,Apple M3 Ultra,identical,582.889334000356,1,"{""trustworthiness_k15"": 0.9904804350002503}",418.9,,ok,LIKE-FOR-LIKE-SPAN,MATCHED
m3ultra,classical2/umap/taxi/rows=full,taxi,X 20000x11,fit_or_operation,ours-fast,mojolearn,0.8.25,gpu,Apple M3 Ultra,fast,345.015416998649,1,"{""trustworthiness_k15"": 0.9914880087100165}",388.7,,ok,LIKE-FOR-LIKE-SPAN,MATCHED
m3ultra,classical2/umap/taxi/rows=full,taxi,X 20000x11,fit_or_operation,umap-learn-cpu,umap-learn,0.5.12,cpu,arm,opponent,8010.667499998817,1,"{""trustworthiness_k15"": 0.9895254484323639}",497.5,,ok,LIKE-FOR-LIKE-SPAN,MATCHED
m3ultra,classical2/umap/taxi/rows=full,taxi,X 20000x11,fit_or_operation,umap-learn-cpu-unseeded,umap-learn,0.5.12,cpu,arm,opponent,1348.425167001551,1,"{""trustworthiness_k15"": 0.9918755537201115}",523.3,,ok,LIKE-FOR-LIKE-SPAN,MATCHED
m3ultra,neural/gemm-bf16/gaussian/shape=full,gaussian,4096x4096x4096,fit_or_operation,ours,mojolearn,0.8.25,gpu,Apple M3 Ultra,identical,67.7289169980213,1,"{""max_rel_err_vs_fp64"": 1.1548914368712009e-07}",933.1,,ok,LIKE-FOR-LIKE-SPAN,MATCHED
m3ultra,neural/gemm-bf16/gaussian/shape=full,gaussian,4096x4096x4096,fit_or_operation,torch-eager-bf16,torch,2.13.0,gpu,Apple MPS,opponent,9.256249999452848,1,"{""max_abs_diff_vs_ours"": 0.9990234375, ""max_rel_diff_vs_ours"": 0.0027588420144940336, ""max_rel_err_vs_fp64"": 0.002758856066062028}",1706.3,1032.7,ok,LIKE-FOR-LIKE-SPAN,MATCHED
m3ultra,neural/gemm-bf16/gaussian/shape=full,gaussian,4096x4096x4096,fit_or_operation,torch-compile-bf16,torch,2.13.0,gpu,Apple MPS,opponent,10.23295900085941,1,"{""max_abs_diff_vs_ours"": 0.9990234375, ""max_rel_diff_vs_ours"": 0.0027588420144940336, ""max_rel_err_vs_fp64"": 0.002758856066062028}",1868.0,1032.7,ok,LIKE-FOR-LIKE-SPAN,MATCHED
m3ultra,neural/gemm-int8/gaussian/shape=full,gaussian,4096x4096x4096,fit_or_operation,ours,mojolearn,0.8.25,gpu,Apple M3 Ultra,identical,1954.7036250005476,1,"{""max_rel_err_vs_fp64"": 0.0}",620.0,,ok,LIKE-FOR-LIKE-SPAN,MATCHED
m3ultra,neural/gemm/gaussian/shape=full,gaussian,4096x4096x4096,fit_or_operation,ours,mojolearn,0.8.25,gpu,Apple M3 Ultra,identical,72.13191699702293,1,"{""max_rel_err_vs_fp64"": 2.39871698830206e-07}",805.3,,ok,LIKE-FOR-LIKE-SPAN,MATCHED
m3ultra,neural/gemm/gaussian/shape=full,gaussian,4096x4096x4096,fit_or_operation,torch-eager-fp32,torch,2.13.0,gpu,Apple MPS,opponent,11.504207999678329,1,"{""max_abs_diff_vs_ours"": 0.00103759765625, ""max_rel_diff_vs_ours"": 2.865635976070591e-06, ""max_rel_err_vs_fp64"": 2.842717704773494e-06}",1629.3,1024.5,ok,LIKE-FOR-LIKE-SPAN,MATCHED
m3ultra,neural/gemm/gaussian/shape=full,gaussian,4096x4096x4096,fit_or_operation,torch-compile-fp32,torch,2.13.0,gpu,Apple MPS,opponent,11.757917003706098,1,"{""max_abs_diff_vs_ours"": 0.00103759765625, ""max_rel_diff_vs_ours"": 2.865635976070591e-06, ""max_rel_err_vs_fp64"": 2.842717704773494e-06}",1795.0,1024.5,ok,LIKE-FOR-LIKE-SPAN,MATCHED
m3ultra,neural/gemm/gaussian/shape=full,gaussian,4096x4096x4096,fit_or_operation,torch-eager-bf16,torch,2.13.0,gpu,Apple MPS,opponent,10.797209004522301,1,"{""max_abs_diff_vs_ours"": 1.35833740234375, ""max_rel_diff_vs_ours"": 0.0037514546263206472, ""max_rel_err_vs_fp64"": 0.0037515023103723635}",1643.8,1032.7,ok,LIKE-FOR-LIKE-SPAN,MATCHED
m3ultra,neural/gemm/gaussian/shape=full,gaussian,4096x4096x4096,fit_or_operation,torch-compile-bf16,torch,2.13.0,gpu,Apple MPS,opponent,11.411915998905897,1,"{""max_abs_diff_vs_ours"": 1.35833740234375, ""max_rel_diff_vs_ours"": 0.0037514546263206472, ""max_rel_err_vs_fp64"": 0.0037515023103723635}",1809.0,1032.7,ok,LIKE-FOR-LIKE-SPAN,MATCHED
m3ultra,neural/lm-forward/bytes/shape=full,bytes,B1 L2048 DM384 H6 KV6 HD64 FF1024 layers8 V8192,fit_or_operation,ours,mojolearn,0.8.25,gpu,Apple M3 Ultra,identical,250.1116670027841,1,"{""mean_nll"": 9.01873340416645}",4596.7,,ok,LIKE-FOR-LIKE-SPAN,MATCHED
m3ultra,neural/lm-forward/bytes/shape=full,bytes,B1 L2048 DM384 H6 KV6 HD64 FF1024 layers8 V8192,fit_or_operation,torch-eager-fp32,torch,2.13.0,gpu,Apple MPS,opponent,25.49058300064644,1,"{""max_abs_diff_vs_ours"": 1.2516975402832031e-06, ""max_rel_diff_vs_ours"": 1.7183259544871096e-06, ""mean_nll"": 9.018733389535369}",1635.7,1048.5,ok,LIKE-FOR-LIKE-SPAN,MATCHED
m3ultra,neural/lm-forward/bytes/shape=full,bytes,B1 L2048 DM384 H6 KV6 HD64 FF1024 layers8 V8192,fit_or_operation,torch-compile-fp32,torch,2.13.0,gpu,Apple MPS,opponent,20.78941599756945,1,"{""max_abs_diff_vs_ours"": 1.296401023864746e-06, ""max_rel_diff_vs_ours"": 1.7796947385759348e-06, ""mean_nll"": 9.018733389343828}",1823.5,1048.7,ok,LIKE-FOR-LIKE-SPAN,MATCHED
m3ultra,neural/lm-forward/bytes/shape=full,bytes,B1 L2048 DM384 H6 KV6 HD64 FF1024 layers8 V8192,fit_or_operation,torch-eager-bf16,torch,2.13.0,gpu,Apple MPS,opponent,26.339416006521787,1,"{""max_abs_diff_vs_ours"": 0.006709769368171692, ""max_rel_diff_vs_ours"": 0.009211147647812239, ""mean_nll"": 9.018650130345602}",1668.8,1080.7,ok,LIKE-FOR-LIKE-SPAN,MATCHED
m3ultra,neural/lm-forward/bytes/shape=full,bytes,B1 L2048 DM384 H6 KV6 HD64 FF1024 layers8 V8192,fit_or_operation,torch-compile-bf16,torch,2.13.0,gpu,Apple MPS,opponent,12.532583001302555,1,"{""max_abs_diff_vs_ours"": 0.006709769368171692, ""max_rel_diff_vs_ours"": 0.009211147647812239, ""mean_nll"": 9.018661654846483}",1833.6,1048.7,ok,LIKE-FOR-LIKE-SPAN,MATCHED
m3ultra,neural/lm-host-train-step/bytes/shape=full,bytes,B1 L512 DM384 H6 KV6 HD64 FF1024 layers8 V8192,fit_or_operation,ours,mojolearn,0.8.25,cpu,,identical,1659.1429999971297,1,"{""loss_first_step"": 9.017857551574707, ""loss_last_step"": 8.367768287658691, ""steps"": 2}",2383.1,,ok,LIKE-FOR-LIKE-SPAN,MATCHED
m3ultra,neural/lm-host-train-step/bytes/shape=full,bytes,B1 L512 DM384 H6 KV6 HD64 FF1024 layers8 V8192,fit_or_operation,torch-cpu-compile-fp32,torch,2.13.0,cpu,Apple M3 Ultra,opponent,131.85425000847317,1,"{""loss_first_abs_diff_vs_ours"": 9.5367431640625e-07, ""loss_first_step"": 9.01785659790039, ""loss_last_abs_diff_vs_ours"": 3.814697265625e-06, ""loss_last_step"": 8.367764472961426, ""steps"": 2}",843.5,,ok,LIKE-FOR-LIKE-SPAN,MATCHED
m3ultra,neural/lm-host-train-step/bytes/shape=full,bytes,B1 L512 DM384 H6 KV6 HD64 FF1024 layers8 V8192,fit_or_operation,torch-cpu-compile-bf16,torch,2.13.0,cpu,Apple M3 Ultra,opponent,4583.70424999157,1,"{""loss_first_abs_diff_vs_ours"": 0.00013256072998046875, ""loss_first_step"": 9.017724990844727, ""loss_last_abs_diff_vs_ours"": 0.00027370452880859375, ""loss_last_step"": 8.367494583129883, ""steps"": 2}",822.6,,ok,LIKE-FOR-LIKE-SPAN,MATCHED
m3ultra,neural/lm-host-train-step/bytes/shape=full,bytes,B1 L512 DM384 H6 KV6 HD64 FF1024 layers8 V8192,fit_or_operation,torch-cpu-eager-bf16,torch,2.13.0,cpu,Apple M3 Ultra,opponent,4632.949165999889,1,"{""loss_first_abs_diff_vs_ours"": 9.1552734375e-05, ""loss_first_step"": 9.017765998840332, ""loss_last_abs_diff_vs_ours"": 0.00110626220703125, ""loss_last_step"": 8.368874549865723, ""steps"": 2}",675.7,,ok,LIKE-FOR-LIKE-SPAN,MATCHED
m3ultra,neural/lm-host-train-step/bytes/shape=full,bytes,B1 L512 DM384 H6 KV6 HD64 FF1024 layers8 V8192,fit_or_operation,torch-cpu-eager-fp32,torch,2.13.0,cpu,Apple M3 Ultra,opponent,175.81870799767785,1,"{""loss_first_abs_diff_vs_ours"": 9.5367431640625e-07, ""loss_first_step"": 9.01785659790039, ""loss_last_abs_diff_vs_ours"": 1.9073486328125e-06, ""loss_last_step"": 8.367766380310059, ""steps"": 2}",704.0,,ok,LIKE-FOR-LIKE-SPAN,MATCHED
m3ultra,neural/lm-infer/bytes/shape=full,bytes,B1 L512 DM384 H6 KV6 HD64 FF1024 layers8 V8192,fit_or_operation,ours,mojolearn,0.8.25,cpu,,identical,1367.8572500066366,1,"{""mean_nll"": 9.017856651220221}",515.0,,ok,LIKE-FOR-LIKE-SPAN,MATCHED
m3ultra,neural/lm-infer/bytes/shape=full,bytes,B1 L512 DM384 H6 KV6 HD64 FF1024 layers8 V8192,fit_or_operation,torch-cpu-compile-fp32,torch,2.13.0,cpu,Apple M3 Ultra,opponent,28.608582986635156,1,"{""max_abs_diff_vs_ours"": 1.0132789611816406e-06, ""max_rel_diff_vs_ours"": 1.391025772680041e-06, ""mean_nll"": 9.017856631415313}",548.3,,ok,LIKE-FOR-LIKE-SPAN,MATCHED
m3ultra,neural/lm-infer/bytes/shape=full,bytes,B1 L512 DM384 H6 KV6 HD64 FF1024 layers8 V8192,fit_or_operation,torch-cpu-compile-bf16,torch,2.13.0,cpu,Apple M3 Ultra,opponent,100.88070800702553,1,"{""max_abs_diff_vs_ours"": 0.006584927439689636, ""max_rel_diff_vs_ours"": 0.009039765090113514, ""mean_nll"": 9.017744468670884}",537.4,,ok,LIKE-FOR-LIKE-SPAN,MATCHED
m3ultra,neural/lm-infer/bytes/shape=full,bytes,B1 L512 DM384 H6 KV6 HD64 FF1024 layers8 V8192,fit_or_operation,torch-cpu-eager-bf16,torch,2.13.0,cpu,Apple M3 Ultra,opponent,121.65012500190642,1,"{""max_abs_diff_vs_ours"": 0.0061310529708862305, ""max_rel_diff_vs_ours"": 0.00841668782525967, ""mean_nll"": 9.017765543979213}",389.7,,ok,LIKE-FOR-LIKE-SPAN,MATCHED
m3ultra,neural/lm-infer/bytes/shape=full,bytes,B1 L512 DM384 H6 KV6 HD64 FF1024 layers8 V8192,fit_or_operation,torch-cpu-eager-fp32,torch,2.13.0,cpu,Apple M3 Ultra,opponent,46.74295799486572,1,"{""max_abs_diff_vs_ours"": 9.238719940185547e-07, ""max_rel_diff_vs_ours"": 1.2682882045023905e-06, ""mean_nll"": 9.017856636413974}",345.3,,ok,LIKE-FOR-LIKE-SPAN,MATCHED
m3ultra,neural/lm-train-step/bytes/shape=full,bytes,B1 L2048 DM384 H6 KV6 HD64 FF1024 layers8 V8192,fit_or_operation,ours,mojolearn,0.8.25,gpu,Apple M3 Ultra,identical,220.447209001577,1,"{""loss_first_step"": 9.018733024597168, ""loss_last_step"": 8.42241096496582, ""steps"": 2}",4057.8,,ok,LIKE-FOR-LIKE-SPAN,MATCHED
m3ultra,neural/lm-train-step/bytes/shape=full,bytes,B1 L2048 DM384 H6 KV6 HD64 FF1024 layers8 V8192,fit_or_operation,torch-eager-fp32,torch,2.13.0,gpu,Apple MPS,opponent,81.9093750033062,1,"{""loss_first_abs_diff_vs_ours"": 0.0, ""loss_first_step"": 9.018733024597168, ""loss_last_abs_diff_vs_ours"": 9.5367431640625e-07, ""loss_last_step"": 8.422411918640137, ""steps"": 2}",3900.0,3226.7,ok,LIKE-FOR-LIKE-SPAN,MATCHED
m3ultra,neural/lm-train-step/bytes/shape=full,bytes,B1 L2048 DM384 H6 KV6 HD64 FF1024 layers8 V8192,fit_or_operation,torch-compile-fp32,torch,2.13.0,gpu,Apple MPS,opponent,60.580290999496356,1,"{""loss_first_abs_diff_vs_ours"": 0.0, ""loss_first_step"": 9.018733024597168, ""loss_last_abs_diff_vs_ours"": 1.9073486328125e-06, ""loss_last_step"": 8.422412872314453, ""steps"": 2}",3010.0,2168.7,ok,LIKE-FOR-LIKE-SPAN,MATCHED
m3ultra,neural/lm-train-step/bytes/shape=full,bytes,B1 L2048 DM384 H6 KV6 HD64 FF1024 layers8 V8192,fit_or_operation,torch-eager-bf16,torch,2.13.0,gpu,Apple MPS,opponent,85.91770900238771,1,"{""loss_first_abs_diff_vs_ours"": 0.0032396316528320312, ""loss_first_step"": 9.02197265625, ""loss_last_abs_diff_vs_ours"": 0.0040760040283203125, ""loss_last_step"": 8.4183349609375, ""steps"": 2}",2908.1,2226.7,ok,LIKE-FOR-LIKE-SPAN,MATCHED
m3ultra,neural/lm-train-step/bytes/shape=full,bytes,B1 L2048 DM384 H6 KV6 HD64 FF1024 layers8 V8192,fit_or_operation,torch-compile-bf16,torch,2.13.0,gpu,Apple MPS,opponent,43.4605000045849,1,"{""loss_first_abs_diff_vs_ours"": 0.00020885467529296875, ""loss_first_step"": 9.018524169921875, ""loss_last_abs_diff_vs_ours"": 0.0022144317626953125, ""loss_last_step"": 8.420196533203125, ""steps"": 2}",3025.8,2200.7,ok,LIKE-FOR-LIKE-SPAN,MATCHED
m3ultra,neural/mamba1-forward/gaussian/shape=full,gaussian,B1 L2048 DM384,fit_or_operation,ours,mojolearn,0.8.25,gpu,Apple M3 Ultra,identical,24.864166000043042,1,{},592.0,,ok,LIKE-FOR-LIKE-SPAN,MATCHED
m3ultra,neural/mamba1-forward/gaussian/shape=full,gaussian,B1 L2048 DM384,fit_or_operation,torch-eager-fp32,torch,2.13.0,gpu,Apple MPS,opponent,94.92620899982285,1,"{""max_abs_diff_vs_ours"": 2.384185791015625e-07, ""max_rel_diff_vs_ours"": 1.188965496577979e-07}",1740.7,1232.5,ok,LIKE-FOR-LIKE-SPAN,MATCHED
m3ultra,neural/mamba1-forward/gaussian/shape=full,gaussian,B1 L2048 DM384,fit_or_operation,torch-eager-bf16,torch,2.13.0,gpu,Apple MPS,opponent,99.84791700117057,1,"{""max_abs_diff_vs_ours"": 5.14984130859375e-05, ""max_rel_diff_vs_ours"": 2.5681654726084346e-05}",1710.6,1200.7,ok,LIKE-FOR-LIKE-SPAN,MATCHED
m3ultra,neural/mamba1-infer/gaussian/shape=full,gaussian,B1 L512 DM384,fit_or_operation,ours,mojolearn,0.8.25,cpu,,identical,78.71533299476141,1,{},79.3,,ok,LIKE-FOR-LIKE-SPAN,MATCHED
m3ultra,neural/mamba1-infer/gaussian/shape=full,gaussian,B1 L512 DM384,fit_or_operation,torch-cpu-eager-fp32,torch,2.13.0,cpu,Apple M3 Ultra,opponent,97.5807499999064,1,"{""max_abs_diff_vs_ours"": 1.1920928955078125e-07, ""max_rel_diff_vs_ours"": 5.948106105171795e-08}",326.7,,ok,LIKE-FOR-LIKE-SPAN,MATCHED
m3ultra,neural/mamba1-infer/gaussian/shape=full,gaussian,B1 L512 DM384,fit_or_operation,torch-cpu-eager-bf16,torch,2.13.0,cpu,Apple M3 Ultra,opponent,240.2699579979526,1,"{""max_abs_diff_vs_ours"": 5.14984130859375e-05, ""max_rel_diff_vs_ours"": 2.5695818374342154e-05}",333.1,,ok,LIKE-FOR-LIKE-SPAN,MATCHED
m3ultra,neural/mamba2-forward/gaussian/shape=full,gaussian,B1 L2048 DM384,fit_or_operation,ours,mojolearn,0.8.25,gpu,Apple M3 Ultra,identical,32.675249996827915,1,{},483.8,,ok,LIKE-FOR-LIKE-SPAN,MATCHED
m3ultra,neural/mamba2-forward/gaussian/shape=full,gaussian,B1 L2048 DM384,fit_or_operation,torch-eager-fp32,torch,2.13.0,gpu,Apple MPS,opponent,226.96445799374487,1,"{""max_abs_diff_vs_ours"": 2.0265579223632812e-06, ""max_rel_diff_vs_ours"": 6.889823455163785e-07}",7749.2,7248.8,ok,LIKE-FOR-LIKE-SPAN,MATCHED
m3ultra,neural/mamba2-forward/gaussian/shape=full,gaussian,B1 L2048 DM384,fit_or_operation,torch-compile-fp32,torch,2.13.0,gpu,Apple MPS,opponent,225.93341700121528,1,"{""max_abs_diff_vs_ours"": 2.0265579223632812e-06, ""max_rel_diff_vs_ours"": 6.889823455163785e-07}",7862.1,7248.8,ok,LIKE-FOR-LIKE-SPAN,MATCHED
m3ultra,neural/mamba2-forward/gaussian/shape=full,gaussian,B1 L2048 DM384,fit_or_operation,torch-eager-bf16,torch,2.13.0,gpu,Apple MPS,opponent,190.34437499794876,1,"{""max_abs_diff_vs_ours"": 0.007543683052062988, ""max_rel_diff_vs_ours"": 0.0025646759886248202}",6245.3,5744.8,ok,LIKE-FOR-LIKE-SPAN,MATCHED
m3ultra,neural/mamba2-forward/gaussian/shape=full,gaussian,B1 L2048 DM384,fit_or_operation,torch-compile-bf16,torch,2.13.0,gpu,Apple MPS,opponent,176.15904100239277,1,"{""max_abs_diff_vs_ours"": 0.007543683052062988, ""max_rel_diff_vs_ours"": 0.0025646759886248202}",6358.1,5744.8,ok,LIKE-FOR-LIKE-SPAN,MATCHED
m3ultra,neural/mamba2-infer/gaussian/shape=full,gaussian,B1 L512 DM384,fit_or_operation,ours,mojolearn,0.8.25,cpu,,identical,52.78449998877477,1,{},100.5,,ok,LIKE-FOR-LIKE-SPAN,MATCHED
m3ultra,neural/mamba2-infer/gaussian/shape=full,gaussian,B1 L512 DM384,fit_or_operation,torch-cpu-compile-fp32,torch,2.13.0,cpu,Apple M3 Ultra,opponent,163.74925000127405,1,"{""max_abs_diff_vs_ours"": 1.1920928955078125e-06, ""max_rel_diff_vs_ours"": 4.232898118036565e-07}",1356.8,,ok,LIKE-FOR-LIKE-SPAN,MATCHED
m3ultra,neural/mamba2-infer/gaussian/shape=full,gaussian,B1 L512 DM384,fit_or_operation,torch-cpu-compile-bf16,torch,2.13.0,cpu,Apple M3 Ultra,opponent,161.9244999892544,1,"{""max_abs_diff_vs_ours"": 0.00592041015625, ""max_rel_diff_vs_ours"": 0.00210222652134168}",583.4,,ok,LIKE-FOR-LIKE-SPAN,MATCHED
m3ultra,neural/mamba2-infer/gaussian/shape=full,gaussian,B1 L512 DM384,fit_or_operation,torch-cpu-eager-bf16,torch,2.13.0,cpu,Apple M3 Ultra,opponent,163.3264580013929,1,"{""max_abs_diff_vs_ours"": 0.00592041015625, ""max_rel_diff_vs_ours"": 0.00210222652134168}",463.4,,ok,LIKE-FOR-LIKE-SPAN,MATCHED
m3ultra,neural/mamba2-infer/gaussian/shape=full,gaussian,B1 L512 DM384,fit_or_operation,torch-cpu-eager-fp32,torch,2.13.0,cpu,Apple M3 Ultra,opponent,165.76712499954738,1,"{""max_abs_diff_vs_ours"": 1.1920928955078125e-06, ""max_rel_diff_vs_ours"": 4.232898118036565e-07}",1227.2,,ok,LIKE-FOR-LIKE-SPAN,MATCHED
m3ultra,neural/mamba3-forward/gaussian/shape=full,gaussian,B1 L2048 DM384,fit_or_operation,ours,mojolearn,0.8.25,gpu,Apple M3 Ultra,identical,30.46416699362453,1,{},473.7,,ok,LIKE-FOR-LIKE-SPAN,MATCHED
m3ultra,neural/mamba3-forward/gaussian/shape=full,gaussian,B1 L2048 DM384,fit_or_operation,torch-eager-fp32,torch,2.13.0,gpu,Apple MPS,opponent,76.74483300070278,1,"{""max_abs_diff_vs_ours"": 8.344650268554688e-07, ""max_rel_diff_vs_ours"": 3.650589366792758e-07}",1636.8,1096.8,ok,LIKE-FOR-LIKE-SPAN,MATCHED
m3ultra,neural/mamba3-forward/gaussian/shape=full,gaussian,B1 L2048 DM384,fit_or_operation,torch-compile-fp32,torch,2.13.0,gpu,Apple MPS,opponent,,0,{},,,"REFUSED(error: {""error"": ""REFUSED: torch-compile-fp32 on mps failed in round 0 (compile happens here): InductorError('SyntaxError: failed to compile #include <c10/metal/reduction_utils.h>\\n#include <c10/metal/utils)",LIKE-FOR-LIKE-SPAN,MATCHED
m3ultra,neural/mamba3-forward/gaussian/shape=full,gaussian,B1 L2048 DM384,fit_or_operation,torch-eager-bf16,torch,2.13.0,gpu,Apple MPS,opponent,80.74562499677995,1,"{""max_abs_diff_vs_ours"": 0.0020946860313415527, ""max_rel_diff_vs_ours"": 0.000916376157979985}",1641.9,1096.8,ok,LIKE-FOR-LIKE-SPAN,MATCHED
m3ultra,neural/mamba3-forward/gaussian/shape=full,gaussian,B1 L2048 DM384,fit_or_operation,torch-compile-bf16,torch,2.13.0,gpu,Apple MPS,opponent,,0,{},,,"REFUSED(error: {""error"": ""REFUSED: torch-compile-bf16 on mps failed in round 0 (compile happens here): InductorError('SyntaxError: failed to compile #include <c10/metal/reduction_utils.h>\\n#include <c10/metal/utils)",LIKE-FOR-LIKE-SPAN,MATCHED
m3ultra,neural/mamba3-infer/gaussian/shape=full,gaussian,B1 L512 DM384,fit_or_operation,ours,mojolearn,0.8.25,cpu,,identical,56.60129200259689,1,{},106.2,,ok,LIKE-FOR-LIKE-SPAN,MATCHED
m3ultra,neural/mamba3-infer/gaussian/shape=full,gaussian,B1 L512 DM384,fit_or_operation,torch-cpu-compile-fp32,torch,2.13.0,cpu,Apple M3 Ultra,opponent,22.172875003889203,1,"{""max_abs_diff_vs_ours"": 4.76837158203125e-07, ""max_rel_diff_vs_ours"": 2.1191756576225902e-07}",453.4,,ok,LIKE-FOR-LIKE-SPAN,MATCHED
m3ultra,neural/mamba3-infer/gaussian/shape=full,gaussian,B1 L512 DM384,fit_or_operation,torch-cpu-compile-bf16,torch,2.13.0,cpu,Apple M3 Ultra,opponent,45.44362500018906,1,"{""max_abs_diff_vs_ours"": 0.0020397305488586426, ""max_rel_diff_vs_ours"": 0.0009065038772437832}",459.5,,ok,LIKE-FOR-LIKE-SPAN,MATCHED
m3ultra,neural/mamba3-infer/gaussian/shape=full,gaussian,B1 L512 DM384,fit_or_operation,torch-cpu-eager-bf16,torch,2.13.0,cpu,Apple M3 Ultra,opponent,56.85858299693791,1,"{""max_abs_diff_vs_ours"": 0.002148151397705078, ""max_rel_diff_vs_ours"": 0.0009546886337589768}",291.3,,ok,LIKE-FOR-LIKE-SPAN,MATCHED
m3ultra,neural/mamba3-infer/gaussian/shape=full,gaussian,B1 L512 DM384,fit_or_operation,torch-cpu-eager-fp32,torch,2.13.0,cpu,Apple M3 Ultra,opponent,29.846542005543597,1,"{""max_abs_diff_vs_ours"": 4.76837158203125e-07, ""max_rel_diff_vs_ours"": 2.1191756576225902e-07}",293.6,,ok,LIKE-FOR-LIKE-SPAN,MATCHED
m3ultra,neural/mlp-infer/gaussian/shape=full,gaussian,rows256 8-16-3,fit_or_operation,ours,mojolearn,0.8.25,cpu,,identical,0.2325830064364709,1,{},47.3,,ok,LIKE-FOR-LIKE-SPAN,MATCHED
m3ultra,neural/mlp-infer/gaussian/shape=full,gaussian,rows256 8-16-3,fit_or_operation,torch-cpu-eager-fp32,torch,2.13.0,cpu,Apple M3 Ultra,opponent,0.501292000990361,1,"{""max_abs_diff_vs_ours"": 0.0, ""max_rel_diff_vs_ours"": 0.0}",150.4,,ok,LIKE-FOR-LIKE-SPAN,MATCHED
m3ultra,neural/mlp-infer/gaussian/shape=full,gaussian,rows256 8-16-3,fit_or_operation,torch-cpu-compile-fp32,torch,2.13.0,cpu,Apple M3 Ultra,opponent,1.003916004265193,1,"{""max_abs_diff_vs_ours"": 0.0, ""max_rel_diff_vs_ours"": 0.0}",326.1,,ok,LIKE-FOR-LIKE-SPAN,MATCHED
m3ultra,neural/mlp-infer/gaussian/shape=full,gaussian,rows256 8-16-3,fit_or_operation,torch-cpu-eager-bf16,torch,2.13.0,cpu,Apple M3 Ultra,opponent,0.7759580039419234,1,"{""max_abs_diff_vs_ours"": 0.004285156726837158, ""max_rel_diff_vs_ours"": 0.003955577456097068}",152.8,,ok,LIKE-FOR-LIKE-SPAN,MATCHED
m3ultra,neural/mlp-infer/gaussian/shape=full,gaussian,rows256 8-16-3,fit_or_operation,torch-cpu-compile-bf16,torch,2.13.0,cpu,Apple M3 Ultra,opponent,1.0603330010781065,1,"{""max_abs_diff_vs_ours"": 0.004285156726837158, ""max_rel_diff_vs_ours"": 0.003955577456097068}",325.3,,ok,LIKE-FOR-LIKE-SPAN,MATCHED
m3ultra,neural/mlp-train-step/gaussian/shape=full,gaussian,rows256 8-16-3,fit_or_operation,ours,mojolearn,0.8.25,gpu,Apple M3 Ultra,identical,17.858582999906503,1,"{""loss_first_step"": 1.1604011058807373, ""loss_last_step"": 1.1233608722686768, ""steps"": 2}",314.3,,ok,LIKE-FOR-LIKE-SPAN,MATCHED
m3ultra,neural/mlp-train-step/gaussian/shape=full,gaussian,rows256 8-16-3,fit_or_operation,torch-eager-fp32,torch,2.13.0,gpu,Apple MPS,opponent,7.653874999959953,1,"{""loss_first_abs_diff_vs_ours"": 3.5762786865234375e-07, ""loss_first_step"": 1.1604007482528687, ""loss_last_abs_diff_vs_ours"": 2.384185791015625e-07, ""loss_last_step"": 1.1233611106872559, ""steps"": 2}",520.5,18.7,ok,LIKE-FOR-LIKE-SPAN,MATCHED
m3ultra,neural/mlp-train-step/gaussian/shape=full,gaussian,rows256 8-16-3,fit_or_operation,torch-compile-fp32,torch,2.13.0,gpu,Apple MPS,opponent,7.449832999554928,1,"{""loss_first_abs_diff_vs_ours"": 2.384185791015625e-07, ""loss_first_step"": 1.1604008674621582, ""loss_last_abs_diff_vs_ours"": 2.384185791015625e-07, ""loss_last_step"": 1.1233611106872559, ""steps"": 2}",619.2,16.5,ok,LIKE-FOR-LIKE-SPAN,MATCHED
m3ultra,neural/mlp-train-step/gaussian/shape=full,gaussian,rows256 8-16-3,fit_or_operation,torch-eager-bf16,torch,2.13.0,gpu,Apple MPS,opponent,4.169957996055018,1,"{""loss_first_abs_diff_vs_ours"": 9.655952453613281e-05, ""loss_first_step"": 1.1604976654052734, ""loss_last_abs_diff_vs_ours"": 0.00010061264038085938, ""loss_last_step"": 1.1234614849090576, ""steps"": 2}",523.7,18.7,ok,LIKE-FOR-LIKE-SPAN,MATCHED
m3ultra,neural/mlp-train-step/gaussian/shape=full,gaussian,rows256 8-16-3,fit_or_operation,torch-compile-bf16,torch,2.13.0,gpu,Apple MPS,opponent,4.267290998541284,1,"{""loss_first_abs_diff_vs_ours"": 9.655952453613281e-05, ""loss_first_step"": 1.1604976654052734, ""loss_last_abs_diff_vs_ours"": 0.00010061264038085938, ""loss_last_step"": 1.1234614849090576, ""steps"": 2}",619.6,16.7,ok,LIKE-FOR-LIKE-SPAN,MATCHED
m3ultra,neural/samba-forward/bytes/shape=full,bytes,B2 L512 DM384 V256 H6 FF1024 layers mamba3+attention+mamba3+attention,fit_or_operation,ours,mojolearn,0.8.25,gpu,Apple M3 Ultra,identical,61.91479200060712,1,"{""mean_nll"": 5.635909657868805}",613.2,,ok,LIKE-FOR-LIKE-SPAN,MATCHED
m3ultra,neural/samba-forward/bytes/shape=full,bytes,B2 L512 DM384 V256 H6 FF1024 layers mamba3+attention+mamba3+attention,fit_or_operation,torch-eager-fp32,torch,2.13.0,gpu,Apple MPS,opponent,42.788541002664715,1,"{""max_abs_diff_vs_ours"": 2.5033950805664062e-06, ""max_rel_diff_vs_ours"": 1.4074367079063495e-06, ""mean_nll"": 5.635909686637358}",727.2,168.8,ok,LIKE-FOR-LIKE-SPAN,MATCHED
m3ultra,neural/samba-forward/bytes/shape=full,bytes,B2 L512 DM384 V256 H6 FF1024 layers mamba3+attention+mamba3+attention,fit_or_operation,torch-compile-fp32,torch,2.13.0,gpu,Apple MPS,opponent,,0,{},,,"REFUSED(error: {""error"": ""REFUSED: torch-compile-fp32 on mps failed in round 0 (compile happens here): InductorError('SyntaxError: failed to compile #include <c10/metal/error.h>\\n#include <c10/metal/reduction_utils)",LIKE-FOR-LIKE-SPAN,MATCHED
m3ultra,neural/samba-forward/bytes/shape=full,bytes,B2 L512 DM384 V256 H6 FF1024 layers mamba3+attention+mamba3+attention,fit_or_operation,torch-eager-bf16,torch,2.13.0,gpu,Apple MPS,opponent,42.90962500090245,1,"{""max_abs_diff_vs_ours"": 0.017546210438013077, ""max_rel_diff_vs_ours"": 0.009864675714518755, ""mean_nll"": 5.636058820863879}",729.0,168.8,ok,LIKE-FOR-LIKE-SPAN,MATCHED
m3ultra,neural/samba-forward/bytes/shape=full,bytes,B2 L512 DM384 V256 H6 FF1024 layers mamba3+attention+mamba3+attention,fit_or_operation,torch-compile-bf16,torch,2.13.0,gpu,Apple MPS,opponent,,0,{},,,"REFUSED(error: {""error"": ""REFUSED: torch-compile-bf16 on mps failed in round 0 (compile happens here): InductorError('SyntaxError: failed to compile #include <c10/metal/error.h>\\n#include <c10/metal/reduction_utils)",LIKE-FOR-LIKE-SPAN,MATCHED
m3ultra,neural/samba-infer/bytes/shape=full,bytes,B2 L512 DM384 V256 H6 FF1024 layers mamba3+attention+mamba3+attention,fit_or_operation,ours,mojolearn,0.8.25,cpu,,identical,322.23045801219996,1,"{""mean_nll"": 5.635909657868805}",230.4,,ok,LIKE-FOR-LIKE-SPAN,MATCHED
m3ultra,neural/samba-infer/bytes/shape=full,bytes,B2 L512 DM384 V256 H6 FF1024 layers mamba3+attention+mamba3+attention,fit_or_operation,torch-cpu-compile-fp32,torch,2.13.0,cpu,Apple M3 Ultra,opponent,80.05608399980702,1,"{""max_abs_diff_vs_ours"": 3.6656856536865234e-06, ""max_rel_diff_vs_ours"": 2.060889465148583e-06, ""mean_nll"": 5.635909665409936}",643.9,,ok,LIKE-FOR-LIKE-SPAN,MATCHED
m3ultra,neural/samba-infer/bytes/shape=full,bytes,B2 L512 DM384 V256 H6 FF1024 layers mamba3+attention+mamba3+attention,fit_or_operation,torch-cpu-compile-bf16,torch,2.13.0,cpu,Apple M3 Ultra,opponent,206.4071659988258,1,"{""max_abs_diff_vs_ours"": 0.016022443771362305, ""max_rel_diff_vs_ours"": 0.009007997055374323, ""mean_nll"": 5.635867640823211}",646.8,,ok,LIKE-FOR-LIKE-SPAN,MATCHED
m3ultra,neural/samba-infer/bytes/shape=full,bytes,B2 L512 DM384 V256 H6 FF1024 layers mamba3+attention+mamba3+attention,fit_or_operation,torch-cpu-eager-bf16,torch,2.13.0,cpu,Apple M3 Ultra,opponent,262.8465829984634,1,"{""max_abs_diff_vs_ours"": 0.01882636547088623, ""max_rel_diff_vs_ours"": 0.01058439318902505, ""mean_nll"": 5.636031927898108}",308.7,,ok,LIKE-FOR-LIKE-SPAN,MATCHED
m3ultra,neural/samba-infer/bytes/shape=full,bytes,B2 L512 DM384 V256 H6 FF1024 layers mamba3+attention+mamba3+attention,fit_or_operation,torch-cpu-eager-fp32,torch,2.13.0,cpu,Apple M3 Ultra,opponent,82.47379199747229,1,"{""max_abs_diff_vs_ours"": 2.771615982055664e-06, ""max_rel_diff_vs_ours"": 1.5582334980391727e-06, ""mean_nll"": 5.635909668055879}",310.8,,ok,LIKE-FOR-LIKE-SPAN,MATCHED
m3ultra,neural/samba-train-step/bytes/shape=full,bytes,B2 L512 DM384 V256 H6 FF1024 layers mamba3+attention+mamba3+attention,fit_or_operation,ours,mojolearn,0.8.25,gpu,Apple M3 Ultra,identical,669.5250830016448,1,"{""loss_first_step"": 5.6359100341796875, ""loss_last_step"": 4.8339338302612305, ""steps"": 2}",871.1,,ok,LIKE-FOR-LIKE-SPAN,MATCHED
m3ultra,neural/samba-train-step/bytes/shape=full,bytes,B2 L512 DM384 V256 H6 FF1024 layers mamba3+attention+mamba3+attention,fit_or_operation,torch-eager-fp32,torch,2.13.0,gpu,Apple MPS,opponent,106.5033749982831,1,"{""loss_first_abs_diff_vs_ours"": 4.76837158203125e-07, ""loss_first_step"": 5.635909557342529, ""loss_last_abs_diff_vs_ours"": 4.76837158203125e-07, ""loss_last_step"": 4.833934307098389, ""steps"": 2}",1933.3,1322.8,ok,LIKE-FOR-LIKE-SPAN,MATCHED
m3ultra,neural/samba-train-step/bytes/shape=full,bytes,B2 L512 DM384 V256 H6 FF1024 layers mamba3+attention+mamba3+attention,fit_or_operation,torch-compile-fp32,torch,2.13.0,gpu,Apple MPS,opponent,,0,{},,,"REFUSED(error: {""error"": ""REFUSED: torch-compile-fp32 on mps failed in round 0 (compile happens here): InductorError('SyntaxError: failed to compile #include <c10/metal/error.h>\\n#include <c10/metal/reduction_utils)",LIKE-FOR-LIKE-SPAN,MATCHED
m3ultra,neural/samba-train-step/bytes/shape=full,bytes,B2 L512 DM384 V256 H6 FF1024 layers mamba3+attention+mamba3+attention,fit_or_operation,torch-eager-bf16,torch,2.13.0,gpu,Apple MPS,opponent,107.88399999728426,1,"{""loss_first_abs_diff_vs_ours"": 9.632110595703125e-05, ""loss_first_step"": 5.6360063552856445, ""loss_last_abs_diff_vs_ours"": 0.00016117095947265625, ""loss_last_step"": 4.833772659301758, ""steps"": 2}",1921.6,1295.9,ok,LIKE-FOR-LIKE-SPAN,MATCHED
m3ultra,neural/samba-train-step/bytes/shape=full,bytes,B2 L512 DM384 V256 H6 FF1024 layers mamba3+attention+mamba3+attention,fit_or_operation,torch-compile-bf16,torch,2.13.0,gpu,Apple MPS,opponent,,0,{},,,"REFUSED(error: {""error"": ""REFUSED: torch-compile-bf16 on mps failed in round 0 (compile happens here): InductorError('SyntaxError: failed to compile #include <c10/metal/error.h>\\n#include <c10/metal/reduction_utils)",LIKE-FOR-LIKE-SPAN,MATCHED
m3ultra,neural/transformer-forward/gaussian/shape=full,gaussian,B1 L2048 DM384 H6 KV6 HD64 FF1024,fit_or_operation,ours,mojolearn,0.8.25,gpu,Apple M3 Ultra,identical,31.135791999986395,1,{},522.1,,ok,LIKE-FOR-LIKE-SPAN,MATCHED
m3ultra,neural/transformer-forward/gaussian/shape=full,gaussian,B1 L2048 DM384 H6 KV6 HD64 FF1024,fit_or_operation,torch-eager-fp32,torch,2.13.0,gpu,Apple MPS,opponent,8.888917000149377,1,"{""max_abs_diff_vs_ours"": 4.76837158203125e-07, ""max_rel_diff_vs_ours"": 1.0202790667303321e-07}",616.5,112.8,ok,LIKE-FOR-LIKE-SPAN,MATCHED
m3ultra,neural/transformer-forward/gaussian/shape=full,gaussian,B1 L2048 DM384 H6 KV6 HD64 FF1024,fit_or_operation,torch-compile-fp32,torch,2.13.0,gpu,Apple MPS,opponent,20.302207994973287,1,"{""max_abs_diff_vs_ours"": 4.76837158203125e-07, ""max_rel_diff_vs_ours"": 1.0202790667303321e-07}",1667.6,1064.5,ok,LIKE-FOR-LIKE-SPAN,MATCHED
m3ultra,neural/transformer-forward/gaussian/shape=full,gaussian,B1 L2048 DM384 H6 KV6 HD64 FF1024,fit_or_operation,torch-eager-bf16,torch,2.13.0,gpu,Apple MPS,opponent,5.954000000201631,1,"{""max_abs_diff_vs_ours"": 0.0018194019794464111, ""max_rel_diff_vs_ours"": 0.0003892938546551253}",617.4,112.8,ok,LIKE-FOR-LIKE-SPAN,MATCHED
m3ultra,neural/transformer-forward/gaussian/shape=full,gaussian,B1 L2048 DM384 H6 KV6 HD64 FF1024,fit_or_operation,torch-compile-bf16,torch,2.13.0,gpu,Apple MPS,opponent,4.45495799795026,1,"{""max_abs_diff_vs_ours"": 0.0018194019794464111, ""max_rel_diff_vs_ours"": 0.0003892938546551253}",646.2,40.7,ok,LIKE-FOR-LIKE-SPAN,MATCHED
m3ultra,neural/transformer-infer/gaussian/shape=full,gaussian,B1 L512 DM384 H6 KV6 HD64 FF1024,fit_or_operation,ours,mojolearn,0.8.25,cpu,,identical,65.99125001230277,1,{},119.7,,ok,LIKE-FOR-LIKE-SPAN,MATCHED
m3ultra,neural/transformer-infer/gaussian/shape=full,gaussian,B1 L512 DM384 H6 KV6 HD64 FF1024,fit_or_operation,torch-cpu-compile-fp32,torch,2.13.0,cpu,Apple M3 Ultra,opponent,5.568624997977167,1,"{""max_abs_diff_vs_ours"": 9.775161743164062e-06, ""max_rel_diff_vs_ours"": 2.2067567446828733e-06}",364.0,,ok,LIKE-FOR-LIKE-SPAN,MATCHED
m3ultra,neural/transformer-infer/gaussian/shape=full,gaussian,B1 L512 DM384 H6 KV6 HD64 FF1024,fit_or_operation,torch-cpu-compile-bf16,torch,2.13.0,cpu,Apple M3 Ultra,opponent,14.027875004103407,1,"{""max_abs_diff_vs_ours"": 0.0018194019794464111, ""max_rel_diff_vs_ours"": 0.0004107325991040998}",346.6,,ok,LIKE-FOR-LIKE-SPAN,MATCHED
m3ultra,neural/transformer-infer/gaussian/shape=full,gaussian,B1 L512 DM384 H6 KV6 HD64 FF1024,fit_or_operation,torch-cpu-eager-bf16,torch,2.13.0,cpu,Apple M3 Ultra,opponent,17.348166002193466,1,"{""max_abs_diff_vs_ours"": 0.0019414722919464111, ""max_rel_diff_vs_ours"": 0.00043829014674501765}",265.3,,ok,LIKE-FOR-LIKE-SPAN,MATCHED
m3ultra,neural/transformer-infer/gaussian/shape=full,gaussian,B1 L512 DM384 H6 KV6 HD64 FF1024,fit_or_operation,torch-cpu-eager-fp32,torch,2.13.0,cpu,Apple M3 Ultra,opponent,11.408874997869134,1,"{""max_abs_diff_vs_ours"": 4.76837158203125e-07, ""max_rel_diff_vs_ours"": 1.0764667047233529e-07}",277.0,,ok,LIKE-FOR-LIKE-SPAN,MATCHED
m3ultra,trees/et/istella/rows=full,istella,istella-2043304x220,fit_or_operation,ours,mojolearn,,gpu,Apple M3 Ultra,identical,4401.797,1,"{""auc"": 0.937987, ""logloss"": 0.189989}",6813.7,,ok,NOT-COMPARABLE,MATCHED
m3ultra,trees/et/istella/rows=full,istella,istella-2043304x220,fit_or_operation,ours-ab,mojolearn,,gpu,Apple M3 Ultra,fast,4360.235,1,"{""auc"": 0.937987, ""logloss"": 0.189989}",8634.0,,ok,NOT-COMPARABLE,MATCHED
m3ultra,trees/et/istella/rows=full,istella,istella-2043304x220,fit_or_operation,sklearn-et-cpu,scikit-learn,1.7.2,cpu,,opponent,30616.598,1,"{""auc"": 0.937904, ""logloss"": 0.190078}",5476.8,,ok,NOT-COMPARABLE,MATCHED
m3ultra,trees/et/istella/rows=full,istella,istella-2043304x220,fit_or_operation,lightgbm-cpu,lightgbm,4.7.0,cpu,,opponent,520331.317,1,"{""auc"": 0.948128, ""logloss"": 0.19727}",25185.5,,ok,NOT-COMPARABLE,MATCHED
m3ultra,trees/et/istella/rows=full,istella,,inference,ours,mojolearn,,gpu,,identical,48.068,1,"{""auc"": 0.937987, ""auc_matches_fit"": true, ""logloss"": 0.189989, ""logloss_matches_fit"": true}",,,ok,NOT-COMPARABLE,MATCHED
m3ultra,trees/et/istella/rows=full,istella,,inference,ours-ab,mojolearn,,gpu,,fast,42.736,1,"{""auc"": 0.937987, ""auc_matches_fit"": true, ""bits_equal_vs_ours_identical"": true, ""logloss"": 0.189989, ""logloss_matches_fit"": true, ""max_abs_diff_vs_ours_identical"": 0.0}",,,ok,NOT-COMPARABLE,MATCHED
m3ultra,trees/et/istella/rows=full,istella,,inference,sklearn-et-cpu,scikit-learn,,cpu,,opponent,310.648,1,"{""auc"": 0.937904, ""auc_matches_fit"": true, ""logloss"": 0.190078, ""logloss_matches_fit"": true}",,,ok,NOT-COMPARABLE,MATCHED
m3ultra,trees/et/istella/rows=full,istella,,inference,lightgbm-cpu,lightgbm,,cpu,,opponent,471.855,1,"{""auc"": 0.948128, ""auc_matches_fit"": true, ""logloss"": 0.19727, ""logloss_matches_fit"": true}",,,ok,NOT-COMPARABLE,MATCHED
m3ultra,trees/et/istella/rows=full,istella,,inference,ours,mojolearn,,gpu,,identical,104.267,1,{},,,ok,NOT-COMPARABLE,MATCHED
m3ultra,trees/et/istella/rows=full,istella,,inference,ours-ab,mojolearn,,gpu,,fast,84.567,1,"{""bits_equal_vs_ours_identical"": true, ""max_abs_diff_vs_ours_identical"": 0.0}",,,ok,NOT-COMPARABLE,MATCHED
m3ultra,trees/et/istella/rows=full,istella,,inference,sklearn-et-cpu,scikit-learn,,cpu,,opponent,493.467,1,{},,,ok,NOT-COMPARABLE,MATCHED
m3ultra,trees/et/istella/rows=full,istella,,inference,lightgbm-cpu,lightgbm,,cpu,,opponent,927.783,1,{},,,ok,NOT-COMPARABLE,MATCHED
m3ultra,trees/et/taxi/rows=full,taxi,taxi-4110786x16,fit_or_operation,ours,mojolearn,,gpu,Apple M3 Ultra,identical,3399.702,1,"{""auc"": 0.618907, ""logloss"": 0.526142}",2492.0,,ok,NOT-COMPARABLE,MATCHED
m3ultra,trees/et/taxi/rows=full,taxi,taxi-4110786x16,fit_or_operation,ours-ab,mojolearn,,gpu,Apple M3 Ultra,fast,3375.985,1,"{""auc"": 0.618907, ""logloss"": 0.526142}",2579.7,,ok,NOT-COMPARABLE,MATCHED
m3ultra,trees/et/taxi/rows=full,taxi,taxi-4110786x16,fit_or_operation,sklearn-et-cpu,scikit-learn,1.7.2,cpu,,opponent,20628.743,1,"{""auc"": 0.618972, ""logloss"": 0.525976}",3907.4,,ok,NOT-COMPARABLE,MATCHED
m3ultra,trees/et/taxi/rows=full,taxi,taxi-4110786x16,fit_or_operation,lightgbm-cpu,lightgbm,4.7.0,cpu,,opponent,51349.233,1,"{""auc"": 0.611172, ""logloss"": 0.529303}",2350.3,,ok,NOT-COMPARABLE,MATCHED
m3ultra,trees/et/taxi/rows=full,taxi,,inference,ours,mojolearn,,gpu,,identical,19.443,1,"{""auc"": 0.618907, ""auc_matches_fit"": true, ""logloss"": 0.526142, ""logloss_matches_fit"": true}",,,ok,NOT-COMPARABLE,MATCHED
m3ultra,trees/et/taxi/rows=full,taxi,,inference,ours-ab,mojolearn,,gpu,,fast,16.615,1,"{""auc"": 0.618907, ""auc_matches_fit"": true, ""bits_equal_vs_ours_identical"": true, ""logloss"": 0.526142, ""logloss_matches_fit"": true, ""max_abs_diff_vs_ours_identical"": 0.0}",,,ok,NOT-COMPARABLE,MATCHED
m3ultra,trees/et/taxi/rows=full,taxi,,inference,sklearn-et-cpu,scikit-learn,,cpu,,opponent,135.406,1,"{""auc"": 0.618972, ""auc_matches_fit"": true, ""logloss"": 0.525976, ""logloss_matches_fit"": true}",,,ok,NOT-COMPARABLE,MATCHED
m3ultra,trees/et/taxi/rows=full,taxi,,inference,lightgbm-cpu,lightgbm,,cpu,,opponent,278.669,1,"{""auc"": 0.611172, ""auc_matches_fit"": true, ""logloss"": 0.529303, ""logloss_matches_fit"": true}",,,ok,NOT-COMPARABLE,MATCHED
m3ultra,trees/et/taxi/rows=full,taxi,,inference,ours,mojolearn,,gpu,,identical,32.359,1,{},,,ok,NOT-COMPARABLE,MATCHED
m3ultra,trees/et/taxi/rows=full,taxi,,inference,ours-ab,mojolearn,,gpu,,fast,31.852,1,"{""bits_equal_vs_ours_identical"": true, ""max_abs_diff_vs_ours_identical"": 0.0}",,,ok,NOT-COMPARABLE,MATCHED
m3ultra,trees/et/taxi/rows=full,taxi,,inference,sklearn-et-cpu,scikit-learn,,cpu,,opponent,303.42,1,{},,,ok,NOT-COMPARABLE,MATCHED
m3ultra,trees/et/taxi/rows=full,taxi,,inference,lightgbm-cpu,lightgbm,,cpu,,opponent,473.965,1,{},,,ok,NOT-COMPARABLE,MATCHED
m3ultra,trees/gbdt-categorical/taxi/rows=full,taxi,taxicat-4110786x16,fit_or_operation,ours,mojolearn,,gpu,Apple M3 Ultra,identical,62463.811,1,"{""auc"": 0.630363, ""logloss"": 0.528463}",6431.8,,ok,NOT-COMPARABLE,MATCHED
m3ultra,trees/gbdt-categorical/taxi/rows=full,taxi,taxicat-4110786x16,fit_or_operation,ours-ab,mojolearn,,gpu,Apple M3 Ultra,fast,63398.249,1,"{""auc"": 0.630212, ""logloss"": 0.528575}",6979.1,,ok,NOT-COMPARABLE,MATCHED
m3ultra,trees/gbdt-categorical/taxi/rows=full,taxi,taxicat-4110786x16,fit_or_operation,catboost-cpu,catboost,1.2.10,cpu,,opponent,95141.781,1,"{""auc"": 0.628462, ""logloss"": 0.529047}",9406.3,,ok,NOT-COMPARABLE,MATCHED
m3ultra,trees/gbdt-categorical/taxi/rows=full,taxi,taxicat-4110786x16,fit_or_operation,xgboost-cpu,xgboost,3.2.0,cpu,,opponent,60862.843,1,"{""auc"": 0.631472, ""logloss"": 0.528686}",7483.2,,ok,NOT-COMPARABLE,MATCHED
m3ultra,trees/gbdt-categorical/taxi/rows=full,taxi,taxicat-4110786x16,fit_or_operation,lightgbm-cpu,lightgbm,4.7.0,cpu,,opponent,46900.158,1,"{""auc"": 0.632665, ""logloss"": 0.528094}",7474.9,,ok,NOT-COMPARABLE,MATCHED
m3ultra,trees/gbdt-categorical/taxi/rows=full,taxi,,inference,ours,mojolearn,,gpu,,identical,402.859,1,"{""auc"": 0.630363, ""auc_matches_fit"": true, ""logloss"": 0.528463, ""logloss_matches_fit"": true}",,,ok,NOT-COMPARABLE,MATCHED
m3ultra,trees/gbdt-categorical/taxi/rows=full,taxi,,inference,ours-ab,mojolearn,,gpu,,fast,378.361,1,"{""auc"": 0.630212, ""auc_matches_fit"": true, ""bits_equal_vs_ours_identical"": false, ""logloss"": 0.528575, ""logloss_matches_fit"": true, ""max_abs_diff_vs_ours_identical"": 0.540728}",,,ok,NOT-COMPARABLE,MATCHED
m3ultra,trees/gbdt-categorical/taxi/rows=full,taxi,,inference,catboost-cpu,catboost,,cpu,,opponent,636.411,1,"{""auc"": 0.628462, ""auc_matches_fit"": true, ""logloss"": 0.529047, ""logloss_matches_fit"": true}",,,ok,NOT-COMPARABLE,MATCHED
m3ultra,trees/gbdt-categorical/taxi/rows=full,taxi,,inference,xgboost-cpu,xgboost,,cpu,,opponent,276.798,1,"{""auc"": 0.631472, ""auc_matches_fit"": true, ""logloss"": 0.528686, ""logloss_matches_fit"": true}",,,ok,NOT-COMPARABLE,MATCHED
m3ultra,trees/gbdt-categorical/taxi/rows=full,taxi,,inference,lightgbm-cpu,lightgbm,,cpu,,opponent,765.358,1,"{""auc"": 0.632665, ""auc_matches_fit"": true, ""logloss"": 0.528094, ""logloss_matches_fit"": true}",,,ok,NOT-COMPARABLE,MATCHED
m3ultra,trees/gbdt-categorical/taxi/rows=full,taxi,,inference,ours,mojolearn,,gpu,,identical,486.209,1,{},,,ok,NOT-COMPARABLE,MATCHED
m3ultra,trees/gbdt-categorical/taxi/rows=full,taxi,,inference,ours-ab,mojolearn,,gpu,,fast,477.199,1,"{""bits_equal_vs_ours_identical"": false, ""max_abs_diff_vs_ours_identical"": 0.504951}",,,ok,NOT-COMPARABLE,MATCHED
m3ultra,trees/gbdt-categorical/taxi/rows=full,taxi,,inference,catboost-cpu,catboost,,cpu,,opponent,1279.81,1,{},,,ok,NOT-COMPARABLE,MATCHED
m3ultra,trees/gbdt-categorical/taxi/rows=full,taxi,,inference,xgboost-cpu,xgboost,,cpu,,opponent,541.138,1,{},,,ok,NOT-COMPARABLE,MATCHED
m3ultra,trees/gbdt-categorical/taxi/rows=full,taxi,,inference,lightgbm-cpu,lightgbm,,cpu,,opponent,1562.358,1,{},,,ok,NOT-COMPARABLE,MATCHED
m3ultra,trees/gbdt-depthwise/istella/rows=full,istella,istella-2043304x220,fit_or_operation,ours,mojolearn,,gpu,Apple M3 Ultra,identical,16012.954,1,"{""auc"": 0.979129, ""logloss"": 0.188483}",8925.6,,ok,NOT-COMPARABLE,MATCHED
m3ultra,trees/gbdt-depthwise/istella/rows=full,istella,istella-2043304x220,fit_or_operation,ours-ab,mojolearn,,gpu,Apple M3 Ultra,fast,19061.937,1,"{""auc"": 0.980182, ""logloss"": 0.181879}",9849.8,,ok,NOT-COMPARABLE,MATCHED
m3ultra,trees/gbdt-depthwise/istella/rows=full,istella,istella-2043304x220,fit_or_operation,catboost-cpu,catboost,1.2.10,cpu,,opponent,85010.017,1,"{""auc"": 0.983136, ""logloss"": 0.157685}",8824.9,,ok,NOT-COMPARABLE,MATCHED
m3ultra,trees/gbdt-depthwise/istella/rows=full,istella,istella-2043304x220,fit_or_operation,xgboost-cpu,xgboost,3.2.0,cpu,,opponent,21589.988,1,"{""auc"": 0.983622, ""logloss"": 0.149263}",9074.0,,ok,NOT-COMPARABLE,MATCHED
m3ultra,trees/gbdt-depthwise/istella/rows=full,istella,,inference,ours,mojolearn,,gpu,,identical,387.891,1,"{""auc"": 0.979129, ""auc_matches_fit"": true, ""logloss"": 0.188483, ""logloss_matches_fit"": true}",,,ok,NOT-COMPARABLE,MATCHED
m3ultra,trees/gbdt-depthwise/istella/rows=full,istella,,inference,ours-ab,mojolearn,,gpu,,fast,388.115,1,"{""auc"": 0.980182, ""auc_matches_fit"": true, ""bits_equal_vs_ours_identical"": false, ""logloss"": 0.181879, ""logloss_matches_fit"": true, ""max_abs_diff_vs_ours_identical"": 0.469088}",,,ok,NOT-COMPARABLE,MATCHED
m3ultra,trees/gbdt-depthwise/istella/rows=full,istella,,inference,catboost-cpu,catboost,,cpu,,opponent,185.257,1,"{""auc"": 0.983136, ""auc_matches_fit"": true, ""logloss"": 0.157685, ""logloss_matches_fit"": true}",,,ok,NOT-COMPARABLE,MATCHED
m3ultra,trees/gbdt-depthwise/istella/rows=full,istella,,inference,xgboost-cpu,xgboost,,cpu,,opponent,102.517,1,"{""auc"": 0.983622, ""auc_matches_fit"": true, ""logloss"": 0.149263, ""logloss_matches_fit"": true}",,,ok,NOT-COMPARABLE,MATCHED
m3ultra,trees/gbdt-depthwise/istella/rows=full,istella,,inference,ours,mojolearn,,gpu,,identical,461.706,1,{},,,ok,NOT-COMPARABLE,MATCHED
m3ultra,trees/gbdt-depthwise/istella/rows=full,istella,,inference,ours-ab,mojolearn,,gpu,,fast,478.282,1,"{""bits_equal_vs_ours_identical"": false, ""max_abs_diff_vs_ours_identical"": 0.520389}",,,ok,NOT-COMPARABLE,MATCHED
m3ultra,trees/gbdt-depthwise/istella/rows=full,istella,,inference,catboost-cpu,catboost,,cpu,,opponent,364.694,1,{},,,ok,NOT-COMPARABLE,MATCHED
m3ultra,trees/gbdt-depthwise/istella/rows=full,istella,,inference,xgboost-cpu,xgboost,,cpu,,opponent,205.594,1,{},,,ok,NOT-COMPARABLE,MATCHED
m3ultra,trees/gbdt-depthwise/taxi/rows=full,taxi,taxi-4110786x16,fit_or_operation,ours,mojolearn,,gpu,Apple M3 Ultra,identical,16151.623,1,"{""auc"": 0.625417, ""logloss"": 0.530232}",3654.4,,ok,NOT-COMPARABLE,MATCHED
m3ultra,trees/gbdt-depthwise/taxi/rows=full,taxi,taxi-4110786x16,fit_or_operation,ours-ab,mojolearn,,gpu,Apple M3 Ultra,fast,13994.374,1,"{""auc"": 0.62584, ""logloss"": 0.530036}",3725.9,,ok,NOT-COMPARABLE,MATCHED
m3ultra,trees/gbdt-depthwise/taxi/rows=full,taxi,taxi-4110786x16,fit_or_operation,catboost-cpu,catboost,1.2.10,cpu,,opponent,52858.329,1,"{""auc"": 0.632459, ""logloss"": 0.527789}",3916.3,,ok,NOT-COMPARABLE,MATCHED
m3ultra,trees/gbdt-depthwise/taxi/rows=full,taxi,taxi-4110786x16,fit_or_operation,xgboost-cpu,xgboost,3.2.0,cpu,,opponent,9923.342,1,"{""auc"": 0.630969, ""logloss"": 0.528677}",3952.4,,ok,NOT-COMPARABLE,MATCHED
m3ultra,trees/gbdt-depthwise/taxi/rows=full,taxi,,inference,ours,mojolearn,,gpu,,identical,327.773,1,"{""auc"": 0.625417, ""auc_matches_fit"": true, ""logloss"": 0.530232, ""logloss_matches_fit"": true}",,,ok,NOT-COMPARABLE,MATCHED
m3ultra,trees/gbdt-depthwise/taxi/rows=full,taxi,,inference,ours-ab,mojolearn,,gpu,,fast,322.623,1,"{""auc"": 0.62584, ""auc_matches_fit"": true, ""bits_equal_vs_ours_identical"": false, ""logloss"": 0.530036, ""logloss_matches_fit"": true, ""max_abs_diff_vs_ours_identical"": 0.76817}",,,ok,NOT-COMPARABLE,MATCHED
m3ultra,trees/gbdt-depthwise/taxi/rows=full,taxi,,inference,catboost-cpu,catboost,,cpu,,opponent,137.401,1,"{""auc"": 0.632459, ""auc_matches_fit"": true, ""logloss"": 0.527789, ""logloss_matches_fit"": true}",,,ok,NOT-COMPARABLE,MATCHED
m3ultra,trees/gbdt-depthwise/taxi/rows=full,taxi,,inference,xgboost-cpu,xgboost,,cpu,,opponent,92.611,1,"{""auc"": 0.630969, ""auc_matches_fit"": true, ""logloss"": 0.528677, ""logloss_matches_fit"": true}",,,ok,NOT-COMPARABLE,MATCHED
m3ultra,trees/gbdt-depthwise/taxi/rows=full,taxi,,inference,ours,mojolearn,,gpu,,identical,374.707,1,{},,,ok,NOT-COMPARABLE,MATCHED
m3ultra,trees/gbdt-depthwise/taxi/rows=full,taxi,,inference,ours-ab,mojolearn,,gpu,,fast,389.865,1,"{""bits_equal_vs_ours_identical"": false, ""max_abs_diff_vs_ours_identical"": 0.680839}",,,ok,NOT-COMPARABLE,MATCHED
m3ultra,trees/gbdt-depthwise/taxi/rows=full,taxi,,inference,catboost-cpu,catboost,,cpu,,opponent,265.9,1,{},,,ok,NOT-COMPARABLE,MATCHED
m3ultra,trees/gbdt-depthwise/taxi/rows=full,taxi,,inference,xgboost-cpu,xgboost,,cpu,,opponent,185.374,1,{},,,ok,NOT-COMPARABLE,MATCHED
m3ultra,trees/gbdt-lossguide/istella/rows=full,istella,istella-2043304x220,fit_or_operation,ours,mojolearn,,gpu,Apple M3 Ultra,identical,97126.439,1,"{""auc"": 0.983749, ""logloss"": 0.149364}",8320.6,,ok,NOT-COMPARABLE,MATCHED
m3ultra,trees/gbdt-lossguide/istella/rows=full,istella,istella-2043304x220,fit_or_operation,ours-ab,mojolearn,,gpu,Apple M3 Ultra,fast,106296.07,1,"{""auc"": 0.98379, ""logloss"": 0.14881}",9246.8,,ok,NOT-COMPARABLE,MATCHED
m3ultra,trees/gbdt-lossguide/istella/rows=full,istella,istella-2043304x220,fit_or_operation,catboost-cpu,catboost,1.2.10,cpu,,opponent,105604.359,1,"{""auc"": 0.983136, ""logloss"": 0.157685}",8401.1,,ok,NOT-COMPARABLE,MATCHED
m3ultra,trees/gbdt-lossguide/istella/rows=full,istella,istella-2043304x220,fit_or_operation,xgboost-cpu,xgboost,3.2.0,cpu,,opponent,72236.859,1,"{""auc"": 0.983622, ""logloss"": 0.149263}",8433.8,,ok,NOT-COMPARABLE,MATCHED
m3ultra,trees/gbdt-lossguide/istella/rows=full,istella,istella-2043304x220,fit_or_operation,lightgbm-cpu,lightgbm,4.7.0,cpu,,opponent,54183.047,1,"{""auc"": 0.983778, ""logloss"": 0.149653}",8772.8,,ok,NOT-COMPARABLE,MATCHED
m3ultra,trees/gbdt-lossguide/istella/rows=full,istella,,inference,ours,mojolearn,,gpu,,identical,410.903,1,"{""auc"": 0.983749, ""auc_matches_fit"": true, ""logloss"": 0.149364, ""logloss_matches_fit"": true}",,,ok,NOT-COMPARABLE,MATCHED
m3ultra,trees/gbdt-lossguide/istella/rows=full,istella,,inference,ours-ab,mojolearn,,gpu,,fast,379.462,1,"{""auc"": 0.98379, ""auc_matches_fit"": true, ""bits_equal_vs_ours_identical"": false, ""logloss"": 0.14881, ""logloss_matches_fit"": true, ""max_abs_diff_vs_ours_identical"": 0.643391}",,,ok,NOT-COMPARABLE,MATCHED
m3ultra,trees/gbdt-lossguide/istella/rows=full,istella,,inference,catboost-cpu,catboost,,cpu,,opponent,187.076,1,"{""auc"": 0.983136, ""auc_matches_fit"": true, ""logloss"": 0.157685, ""logloss_matches_fit"": true}",,,ok,NOT-COMPARABLE,MATCHED
m3ultra,trees/gbdt-lossguide/istella/rows=full,istella,,inference,xgboost-cpu,xgboost,,cpu,,opponent,113.434,1,"{""auc"": 0.983622, ""auc_matches_fit"": true, ""logloss"": 0.149263, ""logloss_matches_fit"": true}",,,ok,NOT-COMPARABLE,MATCHED
m3ultra,trees/gbdt-lossguide/istella/rows=full,istella,,inference,lightgbm-cpu,lightgbm,,cpu,,opponent,620.263,1,"{""auc"": 0.983778, ""auc_matches_fit"": true, ""logloss"": 0.149653, ""logloss_matches_fit"": true}",,,ok,NOT-COMPARABLE,MATCHED
m3ultra,trees/gbdt-lossguide/istella/rows=full,istella,,inference,ours,mojolearn,,gpu,,identical,517.81,1,{},,,ok,NOT-COMPARABLE,MATCHED
m3ultra,trees/gbdt-lossguide/istella/rows=full,istella,,inference,ours-ab,mojolearn,,gpu,,fast,481.915,1,"{""bits_equal_vs_ours_identical"": false, ""max_abs_diff_vs_ours_identical"": 0.515789}",,,ok,NOT-COMPARABLE,MATCHED
m3ultra,trees/gbdt-lossguide/istella/rows=full,istella,,inference,catboost-cpu,catboost,,cpu,,opponent,370.318,1,{},,,ok,NOT-COMPARABLE,MATCHED
m3ultra,trees/gbdt-lossguide/istella/rows=full,istella,,inference,xgboost-cpu,xgboost,,cpu,,opponent,222.6,1,{},,,ok,NOT-COMPARABLE,MATCHED
m3ultra,trees/gbdt-lossguide/istella/rows=full,istella,,inference,lightgbm-cpu,lightgbm,,cpu,,opponent,1238.269,1,{},,,ok,NOT-COMPARABLE,MATCHED
m3ultra,trees/gbdt-lossguide/taxi/rows=full,taxi,taxi-4110786x16,fit_or_operation,ours,mojolearn,,gpu,Apple M3 Ultra,identical,47377.72,1,"{""auc"": 0.631154, ""logloss"": 0.528317}",3044.4,,ok,NOT-COMPARABLE,MATCHED
m3ultra,trees/gbdt-lossguide/taxi/rows=full,taxi,taxi-4110786x16,fit_or_operation,ours-ab,mojolearn,,gpu,Apple M3 Ultra,fast,44556.456,1,"{""auc"": 0.631046, ""logloss"": 0.528287}",3124.0,,ok,NOT-COMPARABLE,MATCHED
m3ultra,trees/gbdt-lossguide/taxi/rows=full,taxi,taxi-4110786x16,fit_or_operation,catboost-cpu,catboost,1.2.10,cpu,,opponent,71543.815,1,"{""auc"": 0.632459, ""logloss"": 0.527789}",3282.2,,ok,NOT-COMPARABLE,MATCHED
m3ultra,trees/gbdt-lossguide/taxi/rows=full,taxi,taxi-4110786x16,fit_or_operation,xgboost-cpu,xgboost,3.2.0,cpu,,opponent,52765.037,1,"{""auc"": 0.630969, ""logloss"": 0.528677}",3075.8,,ok,NOT-COMPARABLE,MATCHED
m3ultra,trees/gbdt-lossguide/taxi/rows=full,taxi,taxi-4110786x16,fit_or_operation,lightgbm-cpu,lightgbm,4.7.0,cpu,,opponent,41349.57,1,"{""auc"": 0.632243, ""logloss"": 0.528067}",2978.9,,ok,NOT-COMPARABLE,MATCHED
m3ultra,trees/gbdt-lossguide/taxi/rows=full,taxi,,inference,ours,mojolearn,,gpu,,identical,361.094,1,"{""auc"": 0.631154, ""auc_matches_fit"": true, ""logloss"": 0.528317, ""logloss_matches_fit"": true}",,,ok,NOT-COMPARABLE,MATCHED
m3ultra,trees/gbdt-lossguide/taxi/rows=full,taxi,,inference,ours-ab,mojolearn,,gpu,,fast,351.032,1,"{""auc"": 0.631046, ""auc_matches_fit"": true, ""bits_equal_vs_ours_identical"": false, ""logloss"": 0.528287, ""logloss_matches_fit"": true, ""max_abs_diff_vs_ours_identical"": 0.524101}",,,ok,NOT-COMPARABLE,MATCHED
m3ultra,trees/gbdt-lossguide/taxi/rows=full,taxi,,inference,catboost-cpu,catboost,,cpu,,opponent,137.306,1,"{""auc"": 0.632459, ""auc_matches_fit"": true, ""logloss"": 0.527789, ""logloss_matches_fit"": true}",,,ok,NOT-COMPARABLE,MATCHED
m3ultra,trees/gbdt-lossguide/taxi/rows=full,taxi,,inference,xgboost-cpu,xgboost,,cpu,,opponent,96.184,1,"{""auc"": 0.630969, ""auc_matches_fit"": true, ""logloss"": 0.528677, ""logloss_matches_fit"": true}",,,ok,NOT-COMPARABLE,MATCHED
m3ultra,trees/gbdt-lossguide/taxi/rows=full,taxi,,inference,lightgbm-cpu,lightgbm,,cpu,,opponent,726.09,1,"{""auc"": 0.632243, ""auc_matches_fit"": true, ""logloss"": 0.528067, ""logloss_matches_fit"": true}",,,ok,NOT-COMPARABLE,MATCHED
m3ultra,trees/gbdt-lossguide/taxi/rows=full,taxi,,inference,ours,mojolearn,,gpu,,identical,395.203,1,{},,,ok,NOT-COMPARABLE,MATCHED
m3ultra,trees/gbdt-lossguide/taxi/rows=full,taxi,,inference,ours-ab,mojolearn,,gpu,,fast,373.053,1,"{""bits_equal_vs_ours_identical"": false, ""max_abs_diff_vs_ours_identical"": 0.493518}",,,ok,NOT-COMPARABLE,MATCHED
m3ultra,trees/gbdt-lossguide/taxi/rows=full,taxi,,inference,catboost-cpu,catboost,,cpu,,opponent,267.935,1,{},,,ok,NOT-COMPARABLE,MATCHED
m3ultra,trees/gbdt-lossguide/taxi/rows=full,taxi,,inference,xgboost-cpu,xgboost,,cpu,,opponent,191.902,1,{},,,ok,NOT-COMPARABLE,MATCHED
m3ultra,trees/gbdt-lossguide/taxi/rows=full,taxi,,inference,lightgbm-cpu,lightgbm,,cpu,,opponent,1290.606,1,{},,,ok,NOT-COMPARABLE,MATCHED
m3ultra,trees/gbdt-multiclass/istella/rows=full,istella,istellamc-2043304x220,fit_or_operation,ours,mojolearn,,gpu,Apple M3 Ultra,identical,22808.069,1,"{""accuracy"": 0.903294, ""mlogloss"": 0.281958}",9627.9,,ok,NOT-COMPARABLE,MATCHED
m3ultra,trees/gbdt-multiclass/istella/rows=full,istella,istellamc-2043304x220,fit_or_operation,ours-ab,mojolearn,,gpu,Apple M3 Ultra,fast,21753.644,1,"{""accuracy"": 0.90331, ""mlogloss"": 0.280935}",10506.9,,ok,NOT-COMPARABLE,MATCHED
m3ultra,trees/gbdt-multiclass/istella/rows=full,istella,istellamc-2043304x220,fit_or_operation,catboost-cpu,catboost,1.2.10,cpu,,opponent,736396.956,1,"{""accuracy"": 0.907768, ""mlogloss"": 0.258286}",9490.4,,ok,NOT-COMPARABLE,MATCHED
m3ultra,trees/gbdt-multiclass/istella/rows=full,istella,istellamc-2043304x220,fit_or_operation,xgboost-cpu,xgboost,3.2.0,cpu,,opponent,100165.707,1,"{""accuracy"": 0.91014, ""mlogloss"": 0.246803}",9820.7,,ok,NOT-COMPARABLE,MATCHED
m3ultra,trees/gbdt-multiclass/istella/rows=full,istella,istellamc-2043304x220,fit_or_operation,lightgbm-cpu,lightgbm,4.7.0,cpu,,opponent,220452.084,1,"{""accuracy"": 0.910058, ""mlogloss"": 0.245916}",10034.5,,ok,NOT-COMPARABLE,MATCHED
m3ultra,trees/gbdt-multiclass/istella/rows=full,istella,,inference,ours,mojolearn,,gpu,,identical,136.851,1,"{""accuracy"": 0.903294, ""accuracy_matches_fit"": true, ""mlogloss"": 0.281958, ""mlogloss_matches_fit"": true}",,,ok,NOT-COMPARABLE,MATCHED
m3ultra,trees/gbdt-multiclass/istella/rows=full,istella,,inference,ours-ab,mojolearn,,gpu,,fast,127.483,1,"{""accuracy"": 0.90331, ""accuracy_matches_fit"": true, ""bits_equal_vs_ours_identical"": false, ""max_abs_diff_vs_ours_identical"": 0.296178, ""mlogloss"": 0.280935, ""mlogloss_matches_fit"": true}",,,ok,NOT-COMPARABLE,MATCHED
m3ultra,trees/gbdt-multiclass/istella/rows=full,istella,,inference,catboost-cpu,catboost,,cpu,,opponent,87.326,1,"{""accuracy"": 0.907768, ""accuracy_matches_fit"": true, ""mlogloss"": 0.258286, ""mlogloss_matches_fit"": true}",,,ok,NOT-COMPARABLE,MATCHED
m3ultra,trees/gbdt-multiclass/istella/rows=full,istella,,inference,xgboost-cpu,xgboost,,cpu,,opponent,597.024,1,"{""accuracy"": 0.91014, ""accuracy_matches_fit"": true, ""mlogloss"": 0.246803, ""mlogloss_matches_fit"": true}",,,ok,NOT-COMPARABLE,MATCHED
m3ultra,trees/gbdt-multiclass/istella/rows=full,istella,,inference,lightgbm-cpu,lightgbm,,cpu,,opponent,4064.846,1,"{""accuracy"": 0.910058, ""accuracy_matches_fit"": true, ""mlogloss"": 0.245916, ""mlogloss_matches_fit"": true}",,,ok,NOT-COMPARABLE,MATCHED
m3ultra,trees/gbdt-multiclass/istella/rows=full,istella,,inference,ours,mojolearn,,gpu,,identical,238.325,1,{},,,ok,NOT-COMPARABLE,MATCHED
m3ultra,trees/gbdt-multiclass/istella/rows=full,istella,,inference,ours-ab,mojolearn,,gpu,,fast,224.2,1,"{""bits_equal_vs_ours_identical"": false, ""max_abs_diff_vs_ours_identical"": 0.400457}",,,ok,NOT-COMPARABLE,MATCHED
m3ultra,trees/gbdt-multiclass/istella/rows=full,istella,,inference,catboost-cpu,catboost,,cpu,,opponent,163.757,1,{},,,ok,NOT-COMPARABLE,MATCHED
m3ultra,trees/gbdt-multiclass/istella/rows=full,istella,,inference,xgboost-cpu,xgboost,,cpu,,opponent,1198.857,1,{},,,ok,NOT-COMPARABLE,MATCHED
m3ultra,trees/gbdt-multiclass/istella/rows=full,istella,,inference,lightgbm-cpu,lightgbm,,cpu,,opponent,7987.469,1,{},,,ok,NOT-COMPARABLE,MATCHED
m3ultra,trees/gbdt-multiclass/taxi/rows=full,taxi,taximc-4110786x16,fit_or_operation,ours,mojolearn,,gpu,Apple M3 Ultra,identical,17555.891,1,"{""accuracy"": 0.596646, ""mlogloss"": 1.022664}",4194.9,,ok,NOT-COMPARABLE,MATCHED
m3ultra,trees/gbdt-multiclass/taxi/rows=full,taxi,taximc-4110786x16,fit_or_operation,ours-ab,mojolearn,,gpu,Apple M3 Ultra,fast,14684.936,1,"{""accuracy"": 0.596646, ""mlogloss"": 1.022664}",4193.2,,ok,NOT-COMPARABLE,MATCHED
m3ultra,trees/gbdt-multiclass/taxi/rows=full,taxi,taximc-4110786x16,fit_or_operation,catboost-cpu,catboost,1.2.10,cpu,,opponent,231474.722,1,"{""accuracy"": 0.59915, ""mlogloss"": 1.012734}",4749.1,,ok,NOT-COMPARABLE,MATCHED
m3ultra,trees/gbdt-multiclass/taxi/rows=full,taxi,taximc-4110786x16,fit_or_operation,xgboost-cpu,xgboost,3.2.0,cpu,,opponent,43845.871,1,"{""accuracy"": 0.601128, ""mlogloss"": 1.005128}",4528.5,,ok,NOT-COMPARABLE,MATCHED
m3ultra,trees/gbdt-multiclass/taxi/rows=full,taxi,taximc-4110786x16,fit_or_operation,lightgbm-cpu,lightgbm,4.7.0,cpu,,opponent,182718.039,1,"{""accuracy"": 0.60158, ""mlogloss"": 1.004282}",4515.5,,ok,NOT-COMPARABLE,MATCHED
m3ultra,trees/gbdt-multiclass/taxi/rows=full,taxi,,inference,ours,mojolearn,,gpu,,identical,64.591,1,"{""accuracy"": 0.596646, ""accuracy_matches_fit"": true, ""mlogloss"": 1.022664, ""mlogloss_matches_fit"": true}",,,ok,NOT-COMPARABLE,MATCHED
m3ultra,trees/gbdt-multiclass/taxi/rows=full,taxi,,inference,ours-ab,mojolearn,,gpu,,fast,62.339,1,"{""accuracy"": 0.596646, ""accuracy_matches_fit"": true, ""bits_equal_vs_ours_identical"": false, ""max_abs_diff_vs_ours_identical"": 5.36442e-07, ""mlogloss"": 1.022664, ""mlogloss_matches_fit"": true}",,,ok,NOT-COMPARABLE,MATCHED
m3ultra,trees/gbdt-multiclass/taxi/rows=full,taxi,,inference,catboost-cpu,catboost,,cpu,,opponent,35.599,1,"{""accuracy"": 0.59915, ""accuracy_matches_fit"": true, ""mlogloss"": 1.012734, ""mlogloss_matches_fit"": true}",,,ok,NOT-COMPARABLE,MATCHED
m3ultra,trees/gbdt-multiclass/taxi/rows=full,taxi,,inference,xgboost-cpu,xgboost,,cpu,,opponent,472.916,1,"{""accuracy"": 0.601128, ""accuracy_matches_fit"": true, ""mlogloss"": 1.005128, ""mlogloss_matches_fit"": true}",,,ok,NOT-COMPARABLE,MATCHED
m3ultra,trees/gbdt-multiclass/taxi/rows=full,taxi,,inference,lightgbm-cpu,lightgbm,,cpu,,opponent,3292.271,1,"{""accuracy"": 0.60158, ""accuracy_matches_fit"": true, ""mlogloss"": 1.004282, ""mlogloss_matches_fit"": true}",,,ok,NOT-COMPARABLE,MATCHED
m3ultra,trees/gbdt-multiclass/taxi/rows=full,taxi,,inference,ours,mojolearn,,gpu,,identical,104.319,1,{},,,ok,NOT-COMPARABLE,MATCHED
m3ultra,trees/gbdt-multiclass/taxi/rows=full,taxi,,inference,ours-ab,mojolearn,,gpu,,fast,104.136,1,"{""bits_equal_vs_ours_identical"": false, ""max_abs_diff_vs_ours_identical"": 5.66244e-07}",,,ok,NOT-COMPARABLE,MATCHED
m3ultra,trees/gbdt-multiclass/taxi/rows=full,taxi,,inference,catboost-cpu,catboost,,cpu,,opponent,66.814,1,{},,,ok,NOT-COMPARABLE,MATCHED
m3ultra,trees/gbdt-multiclass/taxi/rows=full,taxi,,inference,xgboost-cpu,xgboost,,cpu,,opponent,1030.897,1,{},,,ok,NOT-COMPARABLE,MATCHED
m3ultra,trees/gbdt-multiclass/taxi/rows=full,taxi,,inference,lightgbm-cpu,lightgbm,,cpu,,opponent,6501.708,1,{},,,ok,NOT-COMPARABLE,MATCHED
m3ultra,trees/gbdt-rank-pairlogit/istella/rows=full,istella,istellarank-2043304x220,fit_or_operation,ours,mojolearn,,gpu,Apple M3 Ultra,identical,4137.365,1,"{""map"": 0.844605, ""ndcg10"": 0.711712, ""ndcg5"": 0.641863}",11075.0,,ok,NOT-COMPARABLE,MATCHED
m3ultra,trees/gbdt-rank-pairlogit/istella/rows=full,istella,istellarank-2043304x220,fit_or_operation,ours-ab,mojolearn,,gpu,Apple M3 Ultra,fast,3996.686,1,"{""map"": 0.841358, ""ndcg10"": 0.709249, ""ndcg5"": 0.639753}",12313.8,,ok,NOT-COMPARABLE,MATCHED
m3ultra,trees/gbdt-rank-pairlogit/istella/rows=full,istella,istellarank-2043304x220,fit_or_operation,catboost-cpu,catboost,1.2.10,cpu,,opponent,39048.204,1,"{""map"": 0.846328, ""ndcg10"": 0.713361, ""ndcg5"": 0.643611}",11734.1,,ok,NOT-COMPARABLE,MATCHED
m3ultra,trees/gbdt-rank-pairlogit/istella/rows=full,istella,istellarank-2043304x220,fit_or_operation,xgboost-cpu,xgboost,3.2.0,cpu,,opponent,7482.123,1,"{""map"": 0.872796, ""ndcg10"": 0.738397, ""ndcg5"": 0.670093}",12001.5,,ok,NOT-COMPARABLE,MATCHED
m3ultra,trees/gbdt-rank-pairlogit/istella/rows=full,istella,,inference,ours,mojolearn,,gpu,,identical,64.052,1,"{""map"": 0.844605, ""map_matches_fit"": true, ""ndcg10"": 0.711712, ""ndcg10_matches_fit"": true, ""ndcg5"": 0.641863, ""ndcg5_matches_fit"": true}",,,ok,NOT-COMPARABLE,MATCHED
m3ultra,trees/gbdt-rank-pairlogit/istella/rows=full,istella,,inference,ours-ab,mojolearn,,gpu,,fast,71.92,1,"{""bits_equal_vs_ours_identical"": false, ""map"": 0.841358, ""map_matches_fit"": true, ""max_abs_diff_vs_ours_identical"": 0.699485, ""ndcg10"": 0.709249, ""ndcg10_matches_fit"": true, ""ndcg5"": 0.639753, ""ndcg5_matches_fit"": true}",,,ok,NOT-COMPARABLE,MATCHED
m3ultra,trees/gbdt-rank-pairlogit/istella/rows=full,istella,,inference,catboost-cpu,catboost,,cpu,,opponent,53.962,1,"{""map"": 0.846328, ""map_matches_fit"": true, ""ndcg10"": 0.713361, ""ndcg10_matches_fit"": true, ""ndcg5"": 0.643611, ""ndcg5_matches_fit"": true}",,,ok,NOT-COMPARABLE,MATCHED
m3ultra,trees/gbdt-rank-pairlogit/istella/rows=full,istella,,inference,xgboost-cpu,xgboost,,cpu,,opponent,30.071,1,"{""map"": 0.872796, ""map_matches_fit"": true, ""ndcg10"": 0.738397, ""ndcg10_matches_fit"": true, ""ndcg5"": 0.670093, ""ndcg5_matches_fit"": true}",,,ok,NOT-COMPARABLE,MATCHED
m3ultra,trees/gbdt-rank-pairlogit/istella/rows=full,istella,,inference,ours,mojolearn,,gpu,,identical,99.071,1,{},,,ok,NOT-COMPARABLE,MATCHED
m3ultra,trees/gbdt-rank-pairlogit/istella/rows=full,istella,,inference,ours-ab,mojolearn,,gpu,,fast,100.167,1,"{""bits_equal_vs_ours_identical"": false, ""max_abs_diff_vs_ours_identical"": 0.699445}",,,ok,NOT-COMPARABLE,MATCHED
m3ultra,trees/gbdt-rank-pairlogit/istella/rows=full,istella,,inference,catboost-cpu,catboost,,cpu,,opponent,77.012,1,{},,,ok,NOT-COMPARABLE,MATCHED
m3ultra,trees/gbdt-rank-pairlogit/istella/rows=full,istella,,inference,xgboost-cpu,xgboost,,cpu,,opponent,41.262,1,{},,,ok,NOT-COMPARABLE,MATCHED
m3ultra,trees/gbdt-rank-yetirank/istella/rows=full,istella,istellarank-2043304x220,fit_or_operation,ours,mojolearn,,gpu,Apple M3 Ultra,identical,22540.183,1,"{""map"": 0.814902, ""ndcg10"": 0.680993, ""ndcg5"": 0.615076}",8672.6,,ok,COMPARABLE,MATCHED
m3ultra,trees/gbdt-rank-yetirank/istella/rows=full,istella,istellarank-2043304x220,fit_or_operation,ours-ab,mojolearn,,gpu,Apple M3 Ultra,fast,25773.171,1,"{""map"": 0.814902, ""ndcg10"": 0.680982, ""ndcg5"": 0.615063}",9903.1,,ok,COMPARABLE,MATCHED
m3ultra,trees/gbdt-rank-yetirank/istella/rows=full,istella,istellarank-2043304x220,fit_or_operation,catboost-cpu,catboost,1.2.10,cpu,,opponent,25295.986,1,"{""map"": 0.85199, ""ndcg10"": 0.726111, ""ndcg5"": 0.660263}",9510.1,,ok,COMPARABLE,MATCHED
m3ultra,trees/gbdt-rank-yetirank/istella/rows=full,istella,istellarank-2043304x220,fit_or_operation,xgboost-cpu,xgboost,3.2.0,cpu,,opponent,7763.063,1,"{""map"": 0.842929, ""ndcg10"": 0.726256, ""ndcg5"": 0.664249}",9454.0,,ok,COMPARABLE,MATCHED
m3ultra,trees/gbdt-rank-yetirank/istella/rows=full,istella,istellarank-2043304x220,fit_or_operation,lightgbm-cpu,lightgbm,4.7.0,cpu,,opponent,6764.732,1,"{""map"": 0.858362, ""ndcg10"": 0.741515, ""ndcg5"": 0.680254}",9735.0,,ok,COMPARABLE,MATCHED
m3ultra,trees/gbdt-rank-yetirank/istella/rows=full,istella,,inference,ours,mojolearn,,gpu,,identical,71.428,1,"{""map"": 0.814902, ""map_matches_fit"": true, ""ndcg10"": 0.680993, ""ndcg10_matches_fit"": true, ""ndcg5"": 0.615076, ""ndcg5_matches_fit"": true}",,,ok,COMPARABLE,MATCHED
m3ultra,trees/gbdt-rank-yetirank/istella/rows=full,istella,,inference,ours-ab,mojolearn,,gpu,,fast,69.693,1,"{""bits_equal_vs_ours_identical"": false, ""map"": 0.814902, ""map_matches_fit"": true, ""max_abs_diff_vs_ours_identical"": 0.000141323, ""ndcg10"": 0.680982, ""ndcg10_matches_fit"": true, ""ndcg5"": 0.615063, ""ndcg5_matches_fit"": true}",,,ok,COMPARABLE,MATCHED
m3ultra,trees/gbdt-rank-yetirank/istella/rows=full,istella,,inference,catboost-cpu,catboost,,cpu,,opponent,53.173,1,"{""map"": 0.85199, ""map_matches_fit"": true, ""ndcg10"": 0.726111, ""ndcg10_matches_fit"": true, ""ndcg5"": 0.660263, ""ndcg5_matches_fit"": true}",,,ok,COMPARABLE,MATCHED
m3ultra,trees/gbdt-rank-yetirank/istella/rows=full,istella,,inference,xgboost-cpu,xgboost,,cpu,,opponent,30.898,1,"{""map"": 0.842929, ""map_matches_fit"": true, ""ndcg10"": 0.726256, ""ndcg10_matches_fit"": true, ""ndcg5"": 0.664249, ""ndcg5_matches_fit"": true}",,,ok,COMPARABLE,MATCHED
m3ultra,trees/gbdt-rank-yetirank/istella/rows=full,istella,,inference,lightgbm-cpu,lightgbm,,cpu,,opponent,113.181,1,"{""map"": 0.858362, ""map_matches_fit"": true, ""ndcg10"": 0.741515, ""ndcg10_matches_fit"": true, ""ndcg5"": 0.680254, ""ndcg5_matches_fit"": true}",,,ok,COMPARABLE,MATCHED
m3ultra,trees/gbdt-rank-yetirank/istella/rows=full,istella,,inference,ours,mojolearn,,gpu,,identical,102.331,1,{},,,ok,COMPARABLE,MATCHED
m3ultra,trees/gbdt-rank-yetirank/istella/rows=full,istella,,inference,ours-ab,mojolearn,,gpu,,fast,99.051,1,"{""bits_equal_vs_ours_identical"": false, ""max_abs_diff_vs_ours_identical"": 0.000143588}",,,ok,COMPARABLE,MATCHED
m3ultra,trees/gbdt-rank-yetirank/istella/rows=full,istella,,inference,catboost-cpu,catboost,,cpu,,opponent,71.129,1,{},,,ok,COMPARABLE,MATCHED
m3ultra,trees/gbdt-rank-yetirank/istella/rows=full,istella,,inference,xgboost-cpu,xgboost,,cpu,,opponent,40.354,1,{},,,ok,COMPARABLE,MATCHED
m3ultra,trees/gbdt-rank-yetirank/istella/rows=full,istella,,inference,lightgbm-cpu,lightgbm,,cpu,,opponent,163.276,1,{},,,ok,COMPARABLE,MATCHED
m3ultra,trees/gbdt-symmetric-1000/istella/rows=full,istella,istella-2043304x220,fit_or_operation,ours,mojolearn,,gpu,Apple M3 Ultra,identical,23713.325,1,"{""auc"": 0.977075, ""logloss"": 0.203751}",7857.6,,ok,NOT-COMPARABLE,MATCHED
m3ultra,trees/gbdt-symmetric-1000/istella/rows=full,istella,istella-2043304x220,fit_or_operation,ours-ab,mojolearn,,gpu,Apple M3 Ultra,fast,21363.612,1,"{""auc"": 0.975635, ""logloss"": 0.211169}",8775.2,,ok,NOT-COMPARABLE,MATCHED
m3ultra,trees/gbdt-symmetric-1000/istella/rows=full,istella,istella-2043304x220,fit_or_operation,catboost-cpu,catboost,1.2.10,cpu,,opponent,114370.518,1,"{""auc"": 0.982309, ""logloss"": 0.17162}",7981.4,,ok,NOT-COMPARABLE,MATCHED
m3ultra,trees/gbdt-symmetric-1000/istella/rows=full,istella,,inference,ours,mojolearn,,gpu,,identical,73.212,1,"{""auc"": 0.977075, ""auc_matches_fit"": true, ""logloss"": 0.203751, ""logloss_matches_fit"": true}",,,ok,NOT-COMPARABLE,MATCHED
m3ultra,trees/gbdt-symmetric-1000/istella/rows=full,istella,,inference,ours-ab,mojolearn,,gpu,,fast,80.176,1,"{""auc"": 0.975635, ""auc_matches_fit"": true, ""bits_equal_vs_ours_identical"": false, ""logloss"": 0.211169, ""logloss_matches_fit"": true, ""max_abs_diff_vs_ours_identical"": 0.385475}",,,ok,NOT-COMPARABLE,MATCHED
m3ultra,trees/gbdt-symmetric-1000/istella/rows=full,istella,,inference,catboost-cpu,catboost,,cpu,,opponent,70.259,1,"{""auc"": 0.982309, ""auc_matches_fit"": true, ""logloss"": 0.17162, ""logloss_matches_fit"": true}",,,ok,NOT-COMPARABLE,MATCHED
m3ultra,trees/gbdt-symmetric-1000/istella/rows=full,istella,,inference,ours,mojolearn,,gpu,,identical,124.193,1,{},,,ok,NOT-COMPARABLE,MATCHED
m3ultra,trees/gbdt-symmetric-1000/istella/rows=full,istella,,inference,ours-ab,mojolearn,,gpu,,fast,136.142,1,"{""bits_equal_vs_ours_identical"": false, ""max_abs_diff_vs_ours_identical"": 0.411415}",,,ok,NOT-COMPARABLE,MATCHED
m3ultra,trees/gbdt-symmetric-1000/istella/rows=full,istella,,inference,catboost-cpu,catboost,,cpu,,opponent,134.189,1,{},,,ok,NOT-COMPARABLE,MATCHED
m3ultra,trees/gbdt-symmetric-1000/taxi/rows=full,taxi,taxi-4110786x16,fit_or_operation,ours,mojolearn,,gpu,Apple M3 Ultra,identical,21501.558,1,"{""auc"": 0.62131, ""logloss"": 0.531329}",2504.6,,ok,COMPARABLE,MATCHED
m3ultra,trees/gbdt-symmetric-1000/taxi/rows=full,taxi,taxi-4110786x16,fit_or_operation,ours-ab,mojolearn,,gpu,Apple M3 Ultra,fast,19085.557,1,"{""auc"": 0.623944, ""logloss"": 0.530645}",2572.8,,ok,COMPARABLE,MATCHED
m3ultra,trees/gbdt-symmetric-1000/taxi/rows=full,taxi,taxi-4110786x16,fit_or_operation,catboost-cpu,catboost,1.2.10,cpu,,opponent,55515.955,1,"{""auc"": 0.631642, ""logloss"": 0.528267}",2847.1,,ok,COMPARABLE,MATCHED
m3ultra,trees/gbdt-symmetric-1000/taxi/rows=full,taxi,,inference,ours,mojolearn,,gpu,,identical,33.106,1,"{""auc"": 0.62131, ""auc_matches_fit"": true, ""logloss"": 0.531329, ""logloss_matches_fit"": true}",,,ok,COMPARABLE,MATCHED
m3ultra,trees/gbdt-symmetric-1000/taxi/rows=full,taxi,,inference,ours-ab,mojolearn,,gpu,,fast,45.351,1,"{""auc"": 0.623944, ""auc_matches_fit"": true, ""bits_equal_vs_ours_identical"": false, ""logloss"": 0.530645, ""logloss_matches_fit"": true, ""max_abs_diff_vs_ours_identical"": 0.149792}",,,ok,COMPARABLE,MATCHED
m3ultra,trees/gbdt-symmetric-1000/taxi/rows=full,taxi,,inference,catboost-cpu,catboost,,cpu,,opponent,34.133,1,"{""auc"": 0.631642, ""auc_matches_fit"": true, ""logloss"": 0.528267, ""logloss_matches_fit"": true}",,,ok,COMPARABLE,MATCHED
m3ultra,trees/gbdt-symmetric-1000/taxi/rows=full,taxi,,inference,ours,mojolearn,,gpu,,identical,59.292,1,{},,,ok,COMPARABLE,MATCHED
m3ultra,trees/gbdt-symmetric-1000/taxi/rows=full,taxi,,inference,ours-ab,mojolearn,,gpu,,fast,71.03,1,"{""bits_equal_vs_ours_identical"": false, ""max_abs_diff_vs_ours_identical"": 0.16756}",,,ok,COMPARABLE,MATCHED
m3ultra,trees/gbdt-symmetric-1000/taxi/rows=full,taxi,,inference,catboost-cpu,catboost,,cpu,,opponent,60.418,1,{},,,ok,COMPARABLE,MATCHED
m3ultra,trees/gbdt-symmetric/istella/rows=full,istella,istella-2043304x220,fit_or_operation,ours,mojolearn,,gpu,Apple M3 Ultra,identical,13431.619,1,"{""auc"": 0.977075, ""logloss"": 0.203751}",7842.1,,ok,NOT-COMPARABLE,MATCHED
m3ultra,trees/gbdt-symmetric/istella/rows=full,istella,istella-2043304x220,fit_or_operation,ours-ab,mojolearn,,gpu,Apple M3 Ultra,fast,11943.332,1,"{""auc"": 0.975635, ""logloss"": 0.211169}",8752.7,,ok,NOT-COMPARABLE,MATCHED
m3ultra,trees/gbdt-symmetric/istella/rows=full,istella,istella-2043304x220,fit_or_operation,catboost-cpu,catboost,1.2.10,cpu,,opponent,58002.427,1,"{""auc"": 0.979899, ""logloss"": 0.188093}",7970.1,,ok,NOT-COMPARABLE,MATCHED
m3ultra,trees/gbdt-symmetric/istella/rows=full,istella,,inference,ours,mojolearn,,gpu,,identical,62.429,1,"{""auc"": 0.977075, ""auc_matches_fit"": true, ""logloss"": 0.203751, ""logloss_matches_fit"": true}",,,ok,NOT-COMPARABLE,MATCHED
m3ultra,trees/gbdt-symmetric/istella/rows=full,istella,,inference,ours-ab,mojolearn,,gpu,,fast,68.312,1,"{""auc"": 0.975635, ""auc_matches_fit"": true, ""bits_equal_vs_ours_identical"": false, ""logloss"": 0.211169, ""logloss_matches_fit"": true, ""max_abs_diff_vs_ours_identical"": 0.385475}",,,ok,NOT-COMPARABLE,MATCHED
m3ultra,trees/gbdt-symmetric/istella/rows=full,istella,,inference,catboost-cpu,catboost,,cpu,,opponent,57.266,1,"{""auc"": 0.979899, ""auc_matches_fit"": true, ""logloss"": 0.188093, ""logloss_matches_fit"": true}",,,ok,NOT-COMPARABLE,MATCHED
m3ultra,trees/gbdt-symmetric/istella/rows=full,istella,,inference,ours,mojolearn,,gpu,,identical,114.235,1,{},,,ok,NOT-COMPARABLE,MATCHED
m3ultra,trees/gbdt-symmetric/istella/rows=full,istella,,inference,ours-ab,mojolearn,,gpu,,fast,113.173,1,"{""bits_equal_vs_ours_identical"": false, ""max_abs_diff_vs_ours_identical"": 0.411415}",,,ok,NOT-COMPARABLE,MATCHED
m3ultra,trees/gbdt-symmetric/istella/rows=full,istella,,inference,catboost-cpu,catboost,,cpu,,opponent,105.677,1,{},,,ok,NOT-COMPARABLE,MATCHED
m3ultra,trees/gbdt-symmetric/taxi/rows=full,taxi,taxi-4110786x16,fit_or_operation,ours,mojolearn,,gpu,Apple M3 Ultra,identical,10909.957,1,"{""auc"": 0.62131, ""logloss"": 0.531329}",2551.2,,ok,NOT-COMPARABLE,MATCHED
m3ultra,trees/gbdt-symmetric/taxi/rows=full,taxi,taxi-4110786x16,fit_or_operation,ours-ab,mojolearn,,gpu,Apple M3 Ultra,fast,9520.043,1,"{""auc"": 0.623944, ""logloss"": 0.530645}",2564.0,,ok,NOT-COMPARABLE,MATCHED
m3ultra,trees/gbdt-symmetric/taxi/rows=full,taxi,taxi-4110786x16,fit_or_operation,catboost-cpu,catboost,1.2.10,cpu,,opponent,28176.709,1,"{""auc"": 0.630269, ""logloss"": 0.52865}",2806.2,,ok,NOT-COMPARABLE,MATCHED
m3ultra,trees/gbdt-symmetric/taxi/rows=full,taxi,,inference,ours,mojolearn,,gpu,,identical,18.423,1,"{""auc"": 0.62131, ""auc_matches_fit"": true, ""logloss"": 0.531329, ""logloss_matches_fit"": true}",,,ok,NOT-COMPARABLE,MATCHED
m3ultra,trees/gbdt-symmetric/taxi/rows=full,taxi,,inference,ours-ab,mojolearn,,gpu,,fast,24.179,1,"{""auc"": 0.623944, ""auc_matches_fit"": true, ""bits_equal_vs_ours_identical"": false, ""logloss"": 0.530645, ""logloss_matches_fit"": true, ""max_abs_diff_vs_ours_identical"": 0.14979}",,,ok,NOT-COMPARABLE,MATCHED
m3ultra,trees/gbdt-symmetric/taxi/rows=full,taxi,,inference,catboost-cpu,catboost,,cpu,,opponent,24.195,1,"{""auc"": 0.630269, ""auc_matches_fit"": true, ""logloss"": 0.52865, ""logloss_matches_fit"": true}",,,ok,NOT-COMPARABLE,MATCHED
m3ultra,trees/gbdt-symmetric/taxi/rows=full,taxi,,inference,ours,mojolearn,,gpu,,identical,31.724,1,{},,,ok,NOT-COMPARABLE,MATCHED
m3ultra,trees/gbdt-symmetric/taxi/rows=full,taxi,,inference,ours-ab,mojolearn,,gpu,,fast,37.966,1,"{""bits_equal_vs_ours_identical"": false, ""max_abs_diff_vs_ours_identical"": 0.16756}",,,ok,NOT-COMPARABLE,MATCHED
m3ultra,trees/gbdt-symmetric/taxi/rows=full,taxi,,inference,catboost-cpu,catboost,,cpu,,opponent,38.233,1,{},,,ok,NOT-COMPARABLE,MATCHED
m3ultra,trees/iforest/istella/rows=full,istella,istella-2043304x220,fit_or_operation,ours,mojolearn,,gpu,Apple M3 Ultra,identical,446.968,1,"{""auc"": 0.830358}",6244.4,,ok,UNKNOWN,MATCHED
m3ultra,trees/iforest/istella/rows=full,istella,istella-2043304x220,fit_or_operation,ours-ab,mojolearn,,gpu,Apple M3 Ultra,fast,436.81,1,"{""auc"": 0.830358}",7182.6,,ok,UNKNOWN,MATCHED
m3ultra,trees/iforest/istella/rows=full,istella,istella-2043304x220,fit_or_operation,sklearn-iforest-cpu,scikit-learn,1.7.2,cpu,,opponent,281.902,1,"{""auc"": 0.827914}",3792.1,,ok,UNKNOWN,MATCHED
m3ultra,trees/iforest/istella/rows=full,istella,,inference,ours,mojolearn,,gpu,,identical,760.44,1,"{""auc"": 0.830358, ""auc_matches_fit"": true}",,,ok,UNKNOWN,MATCHED
m3ultra,trees/iforest/istella/rows=full,istella,,inference,ours-ab,mojolearn,,gpu,,fast,738.699,1,"{""auc"": 0.830358, ""auc_matches_fit"": true, ""bits_equal_vs_ours_identical"": false, ""max_abs_diff_vs_ours_identical"": 5.96046e-08}",,,ok,UNKNOWN,MATCHED
m3ultra,trees/iforest/istella/rows=full,istella,,inference,sklearn-iforest-cpu,scikit-learn,,cpu,,opponent,860.764,1,"{""auc"": 0.827914, ""auc_matches_fit"": true}",,,ok,UNKNOWN,MATCHED
m3ultra,trees/iforest/istella/rows=full,istella,,inference,ours,mojolearn,,gpu,,identical,1143.504,1,{},,,ok,UNKNOWN,MATCHED
m3ultra,trees/iforest/istella/rows=full,istella,,inference,ours-ab,mojolearn,,gpu,,fast,1138.155,1,"{""bits_equal_vs_ours_identical"": false, ""max_abs_diff_vs_ours_identical"": 8.9407e-08}",,,ok,UNKNOWN,MATCHED
m3ultra,trees/iforest/istella/rows=full,istella,,inference,sklearn-iforest-cpu,scikit-learn,,cpu,,opponent,1692.281,1,{},,,ok,UNKNOWN,MATCHED
m3ultra,trees/iforest/taxi/rows=full,taxi,taxi-4110786x16,fit_or_operation,ours,mojolearn,,gpu,Apple M3 Ultra,identical,123.171,1,"{""auc"": 0.551846}",1351.7,,ok,UNKNOWN,MATCHED
m3ultra,trees/iforest/taxi/rows=full,taxi,taxi-4110786x16,fit_or_operation,ours-ab,mojolearn,,gpu,Apple M3 Ultra,fast,118.918,1,"{""auc"": 0.551846}",1414.1,,ok,UNKNOWN,MATCHED
m3ultra,trees/iforest/taxi/rows=full,taxi,taxi-4110786x16,fit_or_operation,sklearn-iforest-cpu,scikit-learn,1.7.2,cpu,,opponent,464.517,1,"{""auc"": 0.552849}",949.8,,ok,UNKNOWN,MATCHED
m3ultra,trees/iforest/taxi/rows=full,taxi,,inference,ours,mojolearn,,gpu,,identical,137.42,1,"{""auc"": 0.551846, ""auc_matches_fit"": true}",,,ok,UNKNOWN,MATCHED
m3ultra,trees/iforest/taxi/rows=full,taxi,,inference,ours-ab,mojolearn,,gpu,,fast,136.626,1,"{""auc"": 0.551846, ""auc_matches_fit"": true, ""bits_equal_vs_ours_identical"": false, ""max_abs_diff_vs_ours_identical"": 5.96046e-08}",,,ok,UNKNOWN,MATCHED
m3ultra,trees/iforest/taxi/rows=full,taxi,,inference,sklearn-iforest-cpu,scikit-learn,,cpu,,opponent,841.984,1,"{""auc"": 0.552849, ""auc_matches_fit"": true}",,,ok,UNKNOWN,MATCHED
m3ultra,trees/iforest/taxi/rows=full,taxi,,inference,ours,mojolearn,,gpu,,identical,172.954,1,{},,,ok,UNKNOWN,MATCHED
m3ultra,trees/iforest/taxi/rows=full,taxi,,inference,ours-ab,mojolearn,,gpu,,fast,163.72,1,"{""bits_equal_vs_ours_identical"": false, ""max_abs_diff_vs_ours_identical"": 5.96046e-08}",,,ok,UNKNOWN,MATCHED
m3ultra,trees/iforest/taxi/rows=full,taxi,,inference,sklearn-iforest-cpu,scikit-learn,,cpu,,opponent,1656.72,1,{},,,ok,UNKNOWN,MATCHED
m3ultra,trees/rf/istella/rows=full,istella,istella-2043304x220,fit_or_operation,ours,mojolearn,,gpu,Apple M3 Ultra,identical,14019.967,1,"{""auc"": 0.945385, ""logloss"": 0.182017}",10034.9,,ok,COMPARABLE,MATCHED
m3ultra,trees/rf/istella/rows=full,istella,istella-2043304x220,fit_or_operation,ours-ab,mojolearn,,gpu,Apple M3 Ultra,fast,13809.997,1,"{""auc"": 0.945385, ""logloss"": 0.182017}",10481.3,,ok,COMPARABLE,MATCHED
m3ultra,trees/rf/istella/rows=full,istella,istella-2043304x220,fit_or_operation,sklearn-rf-cpu,scikit-learn,1.7.2,cpu,,opponent,92148.586,1,"{""auc"": 0.945284, ""logloss"": 0.182344}",9316.0,,ok,COMPARABLE,MATCHED
m3ultra,trees/rf/istella/rows=full,istella,istella-2043304x220,fit_or_operation,lightgbm-cpu,lightgbm,4.7.0,cpu,,opponent,67209.933,1,"{""auc"": 0.945361, ""logloss"": 0.195422}",7375.2,,ok,COMPARABLE,MATCHED
m3ultra,trees/rf/istella/rows=full,istella,,inference,ours,mojolearn,,gpu,,identical,119.812,1,"{""auc"": 0.945385, ""auc_matches_fit"": true, ""logloss"": 0.182017, ""logloss_matches_fit"": true}",,,ok,COMPARABLE,MATCHED
m3ultra,trees/rf/istella/rows=full,istella,,inference,ours-ab,mojolearn,,gpu,,fast,80.974,1,"{""auc"": 0.945385, ""auc_matches_fit"": true, ""bits_equal_vs_ours_identical"": true, ""logloss"": 0.182017, ""logloss_matches_fit"": true, ""max_abs_diff_vs_ours_identical"": 0.0}",,,ok,COMPARABLE,MATCHED
m3ultra,trees/rf/istella/rows=full,istella,,inference,sklearn-rf-cpu,scikit-learn,,cpu,,opponent,990.641,1,"{""auc"": 0.945284, ""auc_matches_fit"": true, ""logloss"": 0.182344, ""logloss_matches_fit"": true}",,,ok,COMPARABLE,MATCHED
m3ultra,trees/rf/istella/rows=full,istella,,inference,lightgbm-cpu,lightgbm,,cpu,,opponent,662.917,1,"{""auc"": 0.945361, ""auc_matches_fit"": true, ""logloss"": 0.195422, ""logloss_matches_fit"": true}",,,ok,COMPARABLE,MATCHED
m3ultra,trees/rf/istella/rows=full,istella,,inference,ours,mojolearn,,gpu,,identical,208.202,1,{},,,ok,COMPARABLE,MATCHED
m3ultra,trees/rf/istella/rows=full,istella,,inference,ours-ab,mojolearn,,gpu,,fast,159.761,1,"{""bits_equal_vs_ours_identical"": true, ""max_abs_diff_vs_ours_identical"": 0.0}",,,ok,COMPARABLE,MATCHED
m3ultra,trees/rf/istella/rows=full,istella,,inference,sklearn-rf-cpu,scikit-learn,,cpu,,opponent,1906.134,1,{},,,ok,COMPARABLE,MATCHED
m3ultra,trees/rf/istella/rows=full,istella,,inference,lightgbm-cpu,lightgbm,,cpu,,opponent,1312.144,1,{},,,ok,COMPARABLE,MATCHED
m3ultra,trees/rf/taxi/rows=full,taxi,taxi-4110786x16,fit_or_operation,ours,mojolearn,,gpu,Apple M3 Ultra,identical,10935.519,1,"{""auc"": 0.617838, ""logloss"": 0.525953}",2480.0,,ok,NOT-COMPARABLE,MATCHED
m3ultra,trees/rf/taxi/rows=full,taxi,taxi-4110786x16,fit_or_operation,ours-ab,mojolearn,,gpu,Apple M3 Ultra,fast,10796.369,1,"{""auc"": 0.617838, ""logloss"": 0.525953}",2536.1,,ok,NOT-COMPARABLE,MATCHED
m3ultra,trees/rf/taxi/rows=full,taxi,taxi-4110786x16,fit_or_operation,sklearn-rf-cpu,scikit-learn,1.7.2,cpu,,opponent,74151.078,1,"{""auc"": 0.617678, ""logloss"": 0.525532}",6064.0,,ok,NOT-COMPARABLE,MATCHED
m3ultra,trees/rf/taxi/rows=full,taxi,taxi-4110786x16,fit_or_operation,lightgbm-cpu,lightgbm,4.7.0,cpu,,opponent,53864.356,1,"{""auc"": 0.61704, ""logloss"": 0.526421}",1339.0,,ok,NOT-COMPARABLE,MATCHED
m3ultra,trees/rf/taxi/rows=full,taxi,,inference,ours,mojolearn,,gpu,,identical,60.795,1,"{""auc"": 0.617838, ""auc_matches_fit"": true, ""logloss"": 0.525953, ""logloss_matches_fit"": true}",,,ok,NOT-COMPARABLE,MATCHED
m3ultra,trees/rf/taxi/rows=full,taxi,,inference,ours-ab,mojolearn,,gpu,,fast,52.704,1,"{""auc"": 0.617838, ""auc_matches_fit"": true, ""bits_equal_vs_ours_identical"": true, ""logloss"": 0.525953, ""logloss_matches_fit"": true, ""max_abs_diff_vs_ours_identical"": 0.0}",,,ok,NOT-COMPARABLE,MATCHED
m3ultra,trees/rf/taxi/rows=full,taxi,,inference,sklearn-rf-cpu,scikit-learn,,cpu,,opponent,390.419,1,"{""auc"": 0.617678, ""auc_matches_fit"": true, ""logloss"": 0.525532, ""logloss_matches_fit"": true}",,,ok,NOT-COMPARABLE,MATCHED
m3ultra,trees/rf/taxi/rows=full,taxi,,inference,lightgbm-cpu,lightgbm,,cpu,,opponent,612.233,1,"{""auc"": 0.61704, ""auc_matches_fit"": true, ""logloss"": 0.526421, ""logloss_matches_fit"": true}",,,ok,NOT-COMPARABLE,MATCHED
m3ultra,trees/rf/taxi/rows=full,taxi,,inference,ours,mojolearn,,gpu,,identical,123.249,1,{},,,ok,NOT-COMPARABLE,MATCHED
m3ultra,trees/rf/taxi/rows=full,taxi,,inference,ours-ab,mojolearn,,gpu,,fast,105.003,1,"{""bits_equal_vs_ours_identical"": true, ""max_abs_diff_vs_ours_identical"": 0.0}",,,ok,NOT-COMPARABLE,MATCHED
m3ultra,trees/rf/taxi/rows=full,taxi,,inference,sklearn-rf-cpu,scikit-learn,,cpu,,opponent,774.601,1,{},,,ok,NOT-COMPARABLE,MATCHED
m3ultra,trees/rf/taxi/rows=full,taxi,,inference,lightgbm-cpu,lightgbm,,cpu,,opponent,1223.898,1,{},,,ok,NOT-COMPARABLE,MATCHED
