machine,race,gap,arm,detail
nvidia,algos/adaboost-clf/istella/rows=full,not_recorded,,
nvidia,algos/adaboost-clf/taxi/rows=full,not_recorded,,
nvidia,algos/adaboost-reg/istella/rows=full,not_recorded,,
nvidia,algos/adaboost-reg/taxi/rows=full,not_recorded,,
nvidia,algos/adafactor/synthetic/rows=full,not_recorded,,
nvidia,algos/adagrad/synthetic/rows=full,not_recorded,,
nvidia,algos/adam/synthetic/rows=full,not_recorded,,
nvidia,algos/adamax/synthetic/rows=full,not_recorded,,
nvidia,algos/adamw/synthetic/rows=full,not_recorded,,
nvidia,algos/additive-chi2/istella/rows=full,not_recorded,,
nvidia,algos/additive-chi2/taxi/rows=full,not_recorded,,
nvidia,algos/affinity-prop/istella/rows=full,not_recorded,,
nvidia,algos/affinity-prop/taxi/rows=full,not_recorded,,
nvidia,algos/als/taxi-zones/rows=full,not_recorded,,
nvidia,algos/als/text/rows=full,not_recorded,,
nvidia,algos/auto-theta/synthetic/rows=full,not_recorded,,
nvidia,algos/auto-theta/taxi-hourly/rows=full,not_recorded,,
nvidia,algos/autoarima/synthetic/rows=full,not_recorded,,
nvidia,algos/autoarima/taxi-hourly/rows=full,not_recorded,,
nvidia,algos/avgpool1d/synthetic/rows=full,not_recorded,,
nvidia,algos/avgpool2d/synthetic/rows=full,not_recorded,,
nvidia,algos/bagging-clf/istella/rows=full,not_recorded,,
nvidia,algos/bagging-clf/taxi/rows=full,not_recorded,,
nvidia,algos/bagging-reg/istella/rows=full,not_recorded,,
nvidia,algos/bagging-reg/taxi/rows=full,not_recorded,,
nvidia,algos/batchnorm1d/synthetic/rows=full,not_recorded,,
nvidia,algos/batchnorm2d/synthetic/rows=full,not_recorded,,
nvidia,algos/bayesian-gmm/istella/rows=full,not_recorded,,
nvidia,algos/bayesian-gmm/taxi/rows=full,not_recorded,,
nvidia,algos/bernoulli-nb/istella/rows=full,not_recorded,,
nvidia,algos/bernoulli-nb/taxi/rows=full,not_recorded,,
nvidia,algos/binarizer/istella/rows=full,not_recorded,,
nvidia,algos/binarizer/taxi/rows=full,not_recorded,,
nvidia,algos/bisecting-kmeans/istella/rows=full,not_recorded,,
nvidia,algos/bisecting-kmeans/taxi/rows=full,not_recorded,,
nvidia,algos/bootstrap/istella/rows=full,not_recorded,,
nvidia,algos/bootstrap/taxi/rows=full,not_recorded,,
nvidia,algos/bpe-encode/enwik8/rows=full,not_recorded,,
nvidia,algos/bpe-train/enwik8/rows=full,not_recorded,,
nvidia,algos/cagra/istella/rows=full,not_recorded,,
nvidia,algos/cagra/taxi/rows=full,not_recorded,,
nvidia,algos/calibrated/istella/rows=full,not_recorded,,
nvidia,algos/calibrated/taxi/rows=full,not_recorded,,
nvidia,algos/categorical-nb/istella/rows=full,not_recorded,,
nvidia,algos/categorical-nb/taxi/rows=full,not_recorded,,
nvidia,algos/cca/istella/rows=full,not_recorded,,
nvidia,algos/cca/taxi/rows=full,not_recorded,,
nvidia,algos/cholesky/synthetic/rows=full,not_recorded,,
nvidia,algos/classical-mds/istella/rows=full,not_recorded,,
nvidia,algos/classical-mds/taxi/rows=full,not_recorded,,
nvidia,algos/clip-grad-norm/synthetic/rows=full,not_recorded,,
nvidia,algos/cnn-clf/synthetic/rows=full,not_recorded,,
nvidia,algos/complement-nb/istella/rows=full,not_recorded,,
nvidia,algos/complement-nb/taxi/rows=full,not_recorded,,
nvidia,algos/complement-nb/text/rows=full,not_recorded,,
nvidia,algos/connected-components/istella/rows=full,not_recorded,,
nvidia,algos/connected-components/taxi/rows=full,not_recorded,,
nvidia,algos/conv1d/synthetic/rows=full,not_recorded,,
nvidia,algos/conv2d/synthetic/rows=full,not_recorded,,
nvidia,algos/cross-entropy/synthetic/rows=full,not_recorded,,
nvidia,algos/cross-val-score/istella/rows=full,not_recorded,,
nvidia,algos/cross-val-score/taxi/rows=full,not_recorded,,
nvidia,algos/croston-optimized/synthetic/rows=full,not_recorded,,
nvidia,algos/croston-optimized/taxi-hourly/rows=full,not_recorded,,
nvidia,algos/croston-sba/synthetic/rows=full,not_recorded,,
nvidia,algos/croston-sba/taxi-hourly/rows=full,not_recorded,,
nvidia,algos/croston/synthetic/rows=full,not_recorded,,
nvidia,algos/croston/taxi-hourly/rows=full,not_recorded,,
nvidia,algos/damped-ets/synthetic/rows=full,not_recorded,,
nvidia,algos/damped-ets/taxi-hourly/rows=full,not_recorded,,
nvidia,algos/dart-reg/istella/rows=full,not_recorded,,
nvidia,algos/dart-reg/taxi/rows=full,not_recorded,,
nvidia,algos/dart/istella/rows=full,not_recorded,,
nvidia,algos/dart/taxi/rows=full,not_recorded,,
nvidia,algos/decision-tree-clf/istella/rows=full,not_recorded,,
nvidia,algos/decision-tree-clf/taxi/rows=full,not_recorded,,
nvidia,algos/decision-tree-reg/istella/rows=full,not_recorded,,
nvidia,algos/decision-tree-reg/taxi/rows=full,not_recorded,,
nvidia,algos/dict-learning/istella/rows=full,not_recorded,,
nvidia,algos/dict-learning/taxi/rows=full,not_recorded,,
nvidia,algos/dropout2d/synthetic/rows=full,not_recorded,,
nvidia,algos/dynamic-optimized-theta/synthetic/rows=full,not_recorded,,
nvidia,algos/dynamic-optimized-theta/taxi-hourly/rows=full,not_recorded,,
nvidia,algos/dynamic-theta/synthetic/rows=full,not_recorded,,
nvidia,algos/dynamic-theta/taxi-hourly/rows=full,not_recorded,,
nvidia,algos/eigh/synthetic/rows=full,not_recorded,,
nvidia,algos/elliptic-envelope/istella/rows=full,not_recorded,,
nvidia,algos/elliptic-envelope/taxi/rows=full,not_recorded,,
nvidia,algos/embedding/synthetic/rows=full,not_recorded,,
nvidia,algos/factor-analysis/istella/rows=full,not_recorded,,
nvidia,algos/factor-analysis/taxi/rows=full,not_recorded,,
nvidia,algos/fastica/istella/rows=full,not_recorded,,
nvidia,algos/fastica/taxi/rows=full,not_recorded,,
nvidia,algos/garch/synthetic/rows=full,not_recorded,,
nvidia,algos/garch/taxi-hourly/rows=full,not_recorded,,
nvidia,algos/gaussian-nb/istella/rows=full,not_recorded,,
nvidia,algos/gaussian-nb/taxi/rows=full,not_recorded,,
nvidia,algos/gaussian-rp/istella/rows=full,not_recorded,,
nvidia,algos/gaussian-rp/taxi/rows=full,not_recorded,,
nvidia,algos/gcn/istella/rows=full,not_recorded,,
nvidia,algos/gcn/taxi/rows=full,not_recorded,,
nvidia,algos/global-avgpool/synthetic/rows=full,not_recorded,,
nvidia,algos/global-maxpool/synthetic/rows=full,not_recorded,,
nvidia,algos/graphsage/istella/rows=full,not_recorded,,
nvidia,algos/graphsage/taxi/rows=full,not_recorded,,
nvidia,algos/gru-clf/synthetic/rows=full,not_recorded,,
nvidia,algos/gru-clf/taxi-hourly/rows=full,not_recorded,,
nvidia,algos/gru-reg/synthetic/rows=full,not_recorded,,
nvidia,algos/gru-reg/taxi-hourly/rows=full,not_recorded,,
nvidia,algos/incremental-pca/istella/rows=full,not_recorded,,
nvidia,algos/incremental-pca/taxi/rows=full,not_recorded,,
nvidia,algos/isomap/istella/rows=full,not_recorded,,
nvidia,algos/isomap/taxi/rows=full,not_recorded,,
nvidia,algos/isotonic/istella/rows=full,not_recorded,,
nvidia,algos/isotonic/taxi/rows=full,not_recorded,,
nvidia,algos/iterative-imputer/istella/rows=full,not_recorded,,
nvidia,algos/iterative-imputer/taxi/rows=full,not_recorded,,
nvidia,algos/ivf-filter/istella/rows=full,not_recorded,,
nvidia,algos/ivf-filter/taxi/rows=full,not_recorded,,
nvidia,algos/ivf-pq/istella/rows=full,not_recorded,,
nvidia,algos/ivf-pq/taxi/rows=full,not_recorded,,
nvidia,algos/ivf-rabitq/istella/rows=full,not_recorded,,
nvidia,algos/ivf-rabitq/taxi/rows=full,not_recorded,,
nvidia,algos/ivf-refine/istella/rows=full,not_recorded,,
nvidia,algos/ivf-refine/taxi/rows=full,not_recorded,,
nvidia,algos/ivf-sq/istella/rows=full,not_recorded,,
nvidia,algos/ivf-sq/taxi/rows=full,not_recorded,,
nvidia,algos/jl-min-dim/synthetic/rows=full,not_recorded,,
nvidia,algos/kbins/istella/rows=full,not_recorded,,
nvidia,algos/kbins/taxi/rows=full,not_recorded,,
nvidia,algos/kernel-pca/istella/rows=full,not_recorded,,
nvidia,algos/kernel-pca/taxi/rows=full,not_recorded,,
nvidia,algos/kernel-shap/istella/rows=full,not_recorded,,
nvidia,algos/kernel-shap/taxi/rows=full,not_recorded,,
nvidia,algos/knn-imputer/istella/rows=full,not_recorded,,
nvidia,algos/knn-imputer/taxi/rows=full,not_recorded,,
nvidia,algos/kpss/synthetic/rows=full,not_recorded,,
nvidia,algos/kpss/taxi-hourly/rows=full,not_recorded,,
nvidia,algos/label-binarizer/istella/rows=full,not_recorded,,
nvidia,algos/label-binarizer/taxi/rows=full,not_recorded,,
nvidia,algos/label-encoder/istella/rows=full,not_recorded,,
nvidia,algos/label-encoder/taxi/rows=full,not_recorded,,
nvidia,algos/label-propagation/istella/rows=full,not_recorded,,
nvidia,algos/label-propagation/taxi/rows=full,not_recorded,,
nvidia,algos/label-spreading/istella/rows=full,not_recorded,,
nvidia,algos/label-spreading/taxi/rows=full,not_recorded,,
nvidia,algos/lamb/synthetic/rows=full,not_recorded,,
nvidia,algos/layernorm/synthetic/rows=full,not_recorded,,
nvidia,algos/lda-clf/istella/rows=full,not_recorded,,
nvidia,algos/lda-clf/taxi/rows=full,not_recorded,,
nvidia,algos/lda/taxi-zones/rows=full,not_recorded,,
nvidia,algos/lda/text/rows=full,not_recorded,,
nvidia,algos/lion/synthetic/rows=full,not_recorded,,
nvidia,algos/lle/istella/rows=full,not_recorded,,
nvidia,algos/lle/taxi/rows=full,not_recorded,,
nvidia,algos/lof/istella/rows=full,not_recorded,,
nvidia,algos/lof/taxi/rows=full,not_recorded,,
nvidia,algos/logreg-cv/istella/rows=full,not_recorded,,
nvidia,algos/logreg-cv/taxi/rows=full,not_recorded,,
nvidia,algos/louvain/istella/rows=full,not_recorded,,
nvidia,algos/louvain/taxi/rows=full,not_recorded,,
nvidia,algos/lr-constant/synthetic/rows=full,not_recorded,,
nvidia,algos/lr-exponential/synthetic/rows=full,not_recorded,,
nvidia,algos/lr-onecycle/synthetic/rows=full,not_recorded,,
nvidia,algos/lr-step/synthetic/rows=full,not_recorded,,
nvidia,algos/lr-warmup-cosine/synthetic/rows=full,not_recorded,,
nvidia,algos/lr-warmup-linear/synthetic/rows=full,not_recorded,,
nvidia,algos/lstm-clf/synthetic/rows=full,not_recorded,,
nvidia,algos/lstm-clf/taxi-hourly/rows=full,not_recorded,,
nvidia,algos/lstm-reg/synthetic/rows=full,not_recorded,,
nvidia,algos/lstm-reg/taxi-hourly/rows=full,not_recorded,,
nvidia,algos/lstsq/istella/rows=full,not_recorded,,
nvidia,algos/lstsq/taxi/rows=full,not_recorded,,
nvidia,algos/lu-factor/synthetic/rows=full,not_recorded,,
nvidia,algos/lu-solve/synthetic/rows=full,not_recorded,,
nvidia,algos/maxabs-scaler/istella/rows=full,not_recorded,,
nvidia,algos/maxabs-scaler/taxi/rows=full,not_recorded,,
nvidia,algos/maxpool1d/synthetic/rows=full,not_recorded,,
nvidia,algos/maxpool2d/synthetic/rows=full,not_recorded,,
nvidia,algos/mb-dict-learning/istella/rows=full,not_recorded,,
nvidia,algos/mb-dict-learning/taxi/rows=full,not_recorded,,
nvidia,algos/mb-sparse-pca/istella/rows=full,not_recorded,,
nvidia,algos/mb-sparse-pca/taxi/rows=full,not_recorded,,
nvidia,algos/mds/istella/rows=full,not_recorded,,
nvidia,algos/mds/taxi/rows=full,not_recorded,,
nvidia,algos/meanshift/istella/rows=full,not_recorded,,
nvidia,algos/meanshift/taxi/rows=full,not_recorded,,
nvidia,algos/min-cov-det/istella/rows=full,not_recorded,,
nvidia,algos/min-cov-det/taxi/rows=full,not_recorded,,
nvidia,algos/minibatch-kmeans/istella/rows=full,not_recorded,,
nvidia,algos/minibatch-kmeans/taxi/rows=full,not_recorded,,
nvidia,algos/minmax-scaler/istella/rows=full,not_recorded,,
nvidia,algos/minmax-scaler/taxi/rows=full,not_recorded,,
nvidia,algos/mlp-clf/istella/rows=full,not_recorded,,
nvidia,algos/mlp-clf/taxi/rows=full,not_recorded,,
nvidia,algos/mlp-reg/istella/rows=full,not_recorded,,
nvidia,algos/mlp-reg/taxi/rows=full,not_recorded,,
nvidia,algos/moe/synthetic/rows=full,not_recorded,,
nvidia,algos/multilabel-binarizer/istella/rows=full,not_recorded,,
nvidia,algos/multilabel-binarizer/taxi/rows=full,not_recorded,,
nvidia,algos/multinomial-nb/istella/rows=full,not_recorded,,
nvidia,algos/multinomial-nb/taxi/rows=full,not_recorded,,
nvidia,algos/multinomial-nb/text/rows=full,not_recorded,,
nvidia,algos/multioutput-clf/istella/rows=full,not_recorded,,
nvidia,algos/multioutput-clf/taxi/rows=full,not_recorded,,
nvidia,algos/multioutput-reg/istella/rows=full,not_recorded,,
nvidia,algos/multioutput-reg/taxi/rows=full,not_recorded,,
nvidia,algos/nadam/synthetic/rows=full,not_recorded,,
nvidia,algos/nearest-centroid/istella/rows=full,not_recorded,,
nvidia,algos/nearest-centroid/taxi/rows=full,not_recorded,,
nvidia,algos/nmf/istella/rows=full,not_recorded,,
nvidia,algos/nmf/taxi/rows=full,not_recorded,,
nvidia,algos/normalizer/istella/rows=full,not_recorded,,
nvidia,algos/normalizer/taxi/rows=full,not_recorded,,
nvidia,algos/ocsvm/istella/rows=full,not_recorded,,
nvidia,algos/ocsvm/taxi/rows=full,not_recorded,,
nvidia,algos/onehot/istella/rows=full,not_recorded,,
nvidia,algos/onehot/taxi/rows=full,not_recorded,,
nvidia,algos/optics/istella/rows=full,not_recorded,,
nvidia,algos/optics/taxi/rows=full,not_recorded,,
nvidia,algos/optimized-theta/synthetic/rows=full,not_recorded,,
nvidia,algos/optimized-theta/taxi-hourly/rows=full,not_recorded,,
nvidia,algos/ordinal/istella/rows=full,not_recorded,,
nvidia,algos/ordinal/taxi/rows=full,not_recorded,,
nvidia,algos/ovr/istella/rows=full,not_recorded,,
nvidia,algos/ovr/taxi/rows=full,not_recorded,,
nvidia,algos/pagerank/istella/rows=full,not_recorded,,
nvidia,algos/pagerank/taxi/rows=full,not_recorded,,
nvidia,algos/permutation-shap/istella/rows=full,not_recorded,,
nvidia,algos/permutation-shap/taxi/rows=full,not_recorded,,
nvidia,algos/permutation-test/istella/rows=full,not_recorded,,
nvidia,algos/permutation-test/taxi/rows=full,not_recorded,,
nvidia,algos/pls-canonical/istella/rows=full,not_recorded,,
nvidia,algos/pls-canonical/taxi/rows=full,not_recorded,,
nvidia,algos/pls/istella/rows=full,not_recorded,,
nvidia,algos/pls/taxi/rows=full,not_recorded,,
nvidia,algos/poly-count-sketch/istella/rows=full,not_recorded,,
nvidia,algos/poly-count-sketch/taxi/rows=full,not_recorded,,
nvidia,algos/poly-features/istella/rows=full,not_recorded,,
nvidia,algos/poly-features/taxi/rows=full,not_recorded,,
nvidia,algos/power-transformer/istella/rows=full,not_recorded,,
nvidia,algos/power-transformer/taxi/rows=full,not_recorded,,
nvidia,algos/prophet/synthetic/rows=full,not_recorded,,
nvidia,algos/prophet/taxi-hourly/rows=full,not_recorded,,
nvidia,algos/qda/istella/rows=full,not_recorded,,
nvidia,algos/qda/taxi/rows=full,not_recorded,,
nvidia,algos/qn-reg/istella/rows=full,not_recorded,,
nvidia,algos/qn-reg/taxi/rows=full,not_recorded,,
nvidia,algos/qr/istella/rows=full,not_recorded,,
nvidia,algos/qr/taxi/rows=full,not_recorded,,
nvidia,algos/quantile-transformer/istella/rows=full,not_recorded,,
nvidia,algos/quantile-transformer/taxi/rows=full,not_recorded,,
nvidia,algos/radius-neighbors/istella/rows=full,not_recorded,,
nvidia,algos/radius-neighbors/taxi/rows=full,not_recorded,,
nvidia,algos/random-trees-embedding/istella/rows=full,not_recorded,,
nvidia,algos/random-trees-embedding/taxi/rows=full,not_recorded,,
nvidia,algos/randomized-svd/istella/rows=full,not_recorded,,
nvidia,algos/randomized-svd/taxi/rows=full,not_recorded,,
nvidia,algos/resample/istella/rows=full,not_recorded,,
nvidia,algos/resample/taxi/rows=full,not_recorded,,
nvidia,algos/resnet-block/synthetic/rows=full,not_recorded,,
nvidia,algos/rfe/istella/rows=full,not_recorded,,
nvidia,algos/rfe/taxi/rows=full,not_recorded,,
nvidia,algos/rmsprop/synthetic/rows=full,not_recorded,,
nvidia,algos/rnn-clf/synthetic/rows=full,not_recorded,,
nvidia,algos/rnn-clf/taxi-hourly/rows=full,not_recorded,,
nvidia,algos/rnn-reg/synthetic/rows=full,not_recorded,,
nvidia,algos/rnn-reg/taxi-hourly/rows=full,not_recorded,,
nvidia,algos/robust-scaler/istella/rows=full,not_recorded,,
nvidia,algos/robust-scaler/taxi/rows=full,not_recorded,,
nvidia,algos/select-chi2/istella/rows=full,not_recorded,,
nvidia,algos/select-chi2/taxi/rows=full,not_recorded,,
nvidia,algos/select-d/synthetic/rows=full,not_recorded,,
nvidia,algos/select-d/taxi-hourly/rows=full,not_recorded,,
nvidia,algos/select-f-classif/istella/rows=full,not_recorded,,
nvidia,algos/select-f-classif/taxi/rows=full,not_recorded,,
nvidia,algos/select-f-regression/istella/rows=full,not_recorded,,
nvidia,algos/select-f-regression/taxi/rows=full,not_recorded,,
nvidia,algos/select-mutual-info-reg/istella/rows=full,not_recorded,,
nvidia,algos/select-mutual-info-reg/taxi/rows=full,not_recorded,,
nvidia,algos/select-mutual-info/istella/rows=full,not_recorded,,
nvidia,algos/select-mutual-info/taxi/rows=full,not_recorded,,
nvidia,algos/select-r-regression/istella/rows=full,not_recorded,,
nvidia,algos/select-r-regression/taxi/rows=full,not_recorded,,
nvidia,algos/sgd/synthetic/rows=full,not_recorded,,
nvidia,algos/simple-imputer/istella/rows=full,not_recorded,,
nvidia,algos/simple-imputer/taxi/rows=full,not_recorded,,
nvidia,algos/skewed-chi2/istella/rows=full,not_recorded,,
nvidia,algos/skewed-chi2/taxi/rows=full,not_recorded,,
nvidia,algos/sparse-coder/istella/rows=full,not_recorded,,
nvidia,algos/sparse-coder/taxi/rows=full,not_recorded,,
nvidia,algos/sparse-pca/istella/rows=full,not_recorded,,
nvidia,algos/sparse-pca/taxi/rows=full,not_recorded,,
nvidia,algos/sparse-rp/istella/rows=full,not_recorded,,
nvidia,algos/sparse-rp/taxi/rows=full,not_recorded,,
nvidia,algos/spline/istella/rows=full,not_recorded,,
nvidia,algos/spline/taxi/rows=full,not_recorded,,
nvidia,algos/stacking-clf/istella/rows=full,not_recorded,,
nvidia,algos/stacking-clf/taxi/rows=full,not_recorded,,
nvidia,algos/stacking-reg/istella/rows=full,not_recorded,,
nvidia,algos/stacking-reg/taxi/rows=full,not_recorded,,
nvidia,algos/standard-scaler/istella/rows=full,not_recorded,,
nvidia,algos/standard-scaler/taxi/rows=full,not_recorded,,
nvidia,algos/stl/synthetic/rows=full,not_recorded,,
nvidia,algos/stl/taxi-hourly/rows=full,not_recorded,,
nvidia,algos/svd/istella/rows=full,not_recorded,,
nvidia,algos/svd/taxi/rows=full,not_recorded,,
nvidia,algos/svgp/istella/rows=full,not_recorded,,
nvidia,algos/svgp/taxi/rows=full,not_recorded,,
nvidia,algos/target-encoder/istella/rows=full,not_recorded,,
nvidia,algos/target-encoder/taxi/rows=full,not_recorded,,
nvidia,algos/theta/synthetic/rows=full,not_recorded,,
nvidia,algos/theta/taxi-hourly/rows=full,not_recorded,,
nvidia,algos/tree-shap/istella/rows=full,not_recorded,,
nvidia,algos/tree-shap/taxi/rows=full,not_recorded,,
nvidia,algos/tsne/istella/rows=full,not_recorded,,
nvidia,algos/tsne/taxi/rows=full,not_recorded,,
nvidia,algos/var/synthetic/rows=full,not_recorded,,
nvidia,algos/var/taxi-hourly/rows=full,not_recorded,,
nvidia,algos/variance-threshold/istella/rows=full,not_recorded,,
nvidia,algos/variance-threshold/taxi/rows=full,not_recorded,,
nvidia,algos/voting-clf/istella/rows=full,not_recorded,,
nvidia,algos/voting-clf/taxi/rows=full,not_recorded,,
nvidia,algos/voting-reg/istella/rows=full,not_recorded,,
nvidia,algos/voting-reg/taxi/rows=full,not_recorded,,
nvidia,algos/ridge-cv/istella/rows=full,arm_without_ok_timing,ours,"REFUSED(error: {""error"": ""ValueError('mojolearn RidgeCV: only cv=None, scoring=None, alpha_per_target=False are implemented')"", ""event"": ""error"", ""stage"": ""round 0""})"
nvidia,algos/ridge-cv/istella/rows=full,arm_without_ok_timing,ours,"REFUSED(error: {""error"": ""ValueError('mojolearn RidgeCV: only cv=None, scoring=None, alpha_per_target=False are implemented')"", ""event"": ""error"", ""stage"": ""round 0""})"
nvidia,algos/ridge-cv/taxi/rows=full,arm_without_ok_timing,ours,"REFUSED(error: {""error"": ""ValueError('mojolearn RidgeCV: only cv=None, scoring=None, alpha_per_target=False are implemented')"", ""event"": ""error"", ""stage"": ""round 0""})"
nvidia,algos/ridge-cv/taxi/rows=full,arm_without_ok_timing,ours,"REFUSED(error: {""error"": ""ValueError('mojolearn RidgeCV: only cv=None, scoring=None, alpha_per_target=False are implemented')"", ""event"": ""error"", ""stage"": ""round 0""})"
nvidia,classical/dbscan/taxi/rows=full,arm_without_ok_timing,ours,"REFUSED(error: {""error"": ""Exception('dbscan: the ball-cover neighbourhood has -1799116104 edges in one batch, which does not fit the int32 CSR this implementation uses. cuML requires int64 labels for RBC (runner.cuh)"
nvidia,classical/hdbscan/istella/rows=full,arm_without_ok_timing,ours,"REFUSED(error: {""error"": ""Exception(\""hdbscan.build_mr_linkage: n_rows=100000 > 46340; the dense mutual reachability graph is m * m cells and hierarchy's PAIRWISE connectivity refuses past that bound (their value_id)"
nvidia,classical/hdbscan/taxi/rows=full,arm_without_ok_timing,ours,"REFUSED(error: {""error"": ""Exception(\""hdbscan.build_mr_linkage: n_rows=100000 > 46340; the dense mutual reachability graph is m * m cells and hierarchy's PAIRWISE connectivity refuses past that bound (their value_id)"
nvidia,classical2/gmm/taxi/rows=full,arm_without_ok_timing,sklearn-cpu,"REFUSED(error: {""error"": ""ValueError('Fitting the mixture model failed because some components have ill-defined empirical covariance (for instance caused by singleton or collapsed samples). Try to decrease the numbe)"
nvidia,classical2/nystroem/istella/rows=full,arm_without_ok_timing,ours,"REFUSED(error: {""error"": ""Exception('km_basis_indices: n_samples 100000 exceeds KM_MAX_BASIS_POOL = 4096. The rank pass counts a total order over every pair of rows, which is n_samples^2 host comparisons. To close t)"
nvidia,classical2/nystroem/taxi/rows=full,arm_without_ok_timing,ours,"REFUSED(error: {""error"": ""Exception('km_basis_indices: n_samples 100000 exceeds KM_MAX_BASIS_POOL = 4096. The rank pass counts a total order over every pair of rows, which is n_samples^2 host comparisons. To close t)"
nvidia,neural/samba-train-step/bytes/shape=full,arm_without_ok_timing,torch-compile-bf16,REFUSED(timeout: null)
nvidia,trees/gbdt-categorical/taxi/rows=full,arm_without_ok_timing,lightgbm-cuda,REFUSED(LightGBMError during warm-up: CUDA Tree Learner was not enabled in this build. Please recompile with CMake option)
nvidia,trees/gbdt-categorical/taxi/rows=full,arm_without_ok_timing,catboost-cpu,REFUSED(GPU-PATH-ONLY: catboost-cpu is a CPU arm and cpu was not requested on this accelerator box. On NVIDIA we compare against)
nvidia,trees/gbdt-categorical/taxi/rows=full,arm_without_ok_timing,xgboost-cpu,REFUSED(GPU-PATH-ONLY: xgboost-cpu is a CPU arm and cpu was not requested on this accelerator box. On NVIDIA we compare against )
nvidia,trees/gbdt-categorical/taxi/rows=full,arm_without_ok_timing,lightgbm-cpu,REFUSED(GPU-PATH-ONLY: lightgbm-cpu is a CPU arm and cpu was not requested on this accelerator box. On NVIDIA we compare against)
nvidia,trees/gbdt-categorical/taxi/rows=full,arm_without_ok_timing,catboost-gpu,"REFUSED(CatBoostError during warm-up: catboost/libs/model/cuda/evaluator.cpp:22: Model contains categorical features, GPU evaluation impossible)"
nvidia,trees/gbdt-categorical/taxi/rows=full,arm_without_ok_timing,lightgbm-cuda,UNKNOWN(no inference lines)
nvidia,trees/gbdt-categorical/taxi/rows=full,arm_without_ok_timing,catboost-gpu,"REFUSED(CatBoostError during warm-up: catboost/libs/model/cuda/evaluator.cpp:22: Model contains categorical features, GPU evaluation impossible)"
nvidia,trees/gbdt-categorical/taxi/rows=full,arm_without_ok_timing,lightgbm-cuda,UNKNOWN(no inference lines)
nvidia,trees/gbdt-depthwise/istella/rows=full,arm_without_ok_timing,catboost-cpu,REFUSED(GPU-PATH-ONLY: catboost-cpu is a CPU arm and cpu was not requested on this accelerator box. On NVIDIA we compare against)
nvidia,trees/gbdt-depthwise/istella/rows=full,arm_without_ok_timing,xgboost-cpu,REFUSED(GPU-PATH-ONLY: xgboost-cpu is a CPU arm and cpu was not requested on this accelerator box. On NVIDIA we compare against )
nvidia,trees/gbdt-depthwise/taxi/rows=full,arm_without_ok_timing,catboost-cpu,REFUSED(GPU-PATH-ONLY: catboost-cpu is a CPU arm and cpu was not requested on this accelerator box. On NVIDIA we compare against)
nvidia,trees/gbdt-depthwise/taxi/rows=full,arm_without_ok_timing,xgboost-cpu,REFUSED(GPU-PATH-ONLY: xgboost-cpu is a CPU arm and cpu was not requested on this accelerator box. On NVIDIA we compare against )
nvidia,trees/gbdt-lossguide/istella/rows=full,arm_without_ok_timing,lightgbm-cuda,REFUSED(LightGBMError during warm-up: CUDA Tree Learner was not enabled in this build. Please recompile with CMake option)
nvidia,trees/gbdt-lossguide/istella/rows=full,arm_without_ok_timing,catboost-cpu,REFUSED(GPU-PATH-ONLY: catboost-cpu is a CPU arm and cpu was not requested on this accelerator box. On NVIDIA we compare against)
nvidia,trees/gbdt-lossguide/istella/rows=full,arm_without_ok_timing,xgboost-cpu,REFUSED(GPU-PATH-ONLY: xgboost-cpu is a CPU arm and cpu was not requested on this accelerator box. On NVIDIA we compare against )
nvidia,trees/gbdt-lossguide/istella/rows=full,arm_without_ok_timing,lightgbm-cpu,REFUSED(GPU-PATH-ONLY: lightgbm-cpu is a CPU arm and cpu was not requested on this accelerator box. On NVIDIA we compare against)
nvidia,trees/gbdt-lossguide/istella/rows=full,arm_without_ok_timing,lightgbm-cuda,UNKNOWN(no inference lines)
nvidia,trees/gbdt-lossguide/istella/rows=full,arm_without_ok_timing,lightgbm-cuda,UNKNOWN(no inference lines)
nvidia,trees/gbdt-lossguide/taxi/rows=full,arm_without_ok_timing,lightgbm-cuda,REFUSED(LightGBMError during warm-up: CUDA Tree Learner was not enabled in this build. Please recompile with CMake option)
nvidia,trees/gbdt-lossguide/taxi/rows=full,arm_without_ok_timing,catboost-cpu,REFUSED(GPU-PATH-ONLY: catboost-cpu is a CPU arm and cpu was not requested on this accelerator box. On NVIDIA we compare against)
nvidia,trees/gbdt-lossguide/taxi/rows=full,arm_without_ok_timing,xgboost-cpu,REFUSED(GPU-PATH-ONLY: xgboost-cpu is a CPU arm and cpu was not requested on this accelerator box. On NVIDIA we compare against )
nvidia,trees/gbdt-lossguide/taxi/rows=full,arm_without_ok_timing,lightgbm-cpu,REFUSED(GPU-PATH-ONLY: lightgbm-cpu is a CPU arm and cpu was not requested on this accelerator box. On NVIDIA we compare against)
nvidia,trees/gbdt-lossguide/taxi/rows=full,arm_without_ok_timing,lightgbm-cuda,UNKNOWN(no inference lines)
nvidia,trees/gbdt-lossguide/taxi/rows=full,arm_without_ok_timing,lightgbm-cuda,UNKNOWN(no inference lines)
nvidia,trees/gbdt-multiclass/istella/rows=full,arm_without_ok_timing,lightgbm-cuda,REFUSED(LightGBMError during warm-up: CUDA Tree Learner was not enabled in this build. Please recompile with CMake option)
nvidia,trees/gbdt-multiclass/istella/rows=full,arm_without_ok_timing,catboost-cpu,REFUSED(GPU-PATH-ONLY: catboost-cpu is a CPU arm and cpu was not requested on this accelerator box. On NVIDIA we compare against)
nvidia,trees/gbdt-multiclass/istella/rows=full,arm_without_ok_timing,xgboost-cpu,REFUSED(GPU-PATH-ONLY: xgboost-cpu is a CPU arm and cpu was not requested on this accelerator box. On NVIDIA we compare against )
nvidia,trees/gbdt-multiclass/istella/rows=full,arm_without_ok_timing,lightgbm-cpu,REFUSED(GPU-PATH-ONLY: lightgbm-cpu is a CPU arm and cpu was not requested on this accelerator box. On NVIDIA we compare against)
nvidia,trees/gbdt-multiclass/istella/rows=full,arm_without_ok_timing,lightgbm-cuda,UNKNOWN(no inference lines)
nvidia,trees/gbdt-multiclass/istella/rows=full,arm_without_ok_timing,lightgbm-cuda,UNKNOWN(no inference lines)
nvidia,trees/gbdt-multiclass/taxi/rows=full,arm_without_ok_timing,lightgbm-cuda,REFUSED(LightGBMError during warm-up: CUDA Tree Learner was not enabled in this build. Please recompile with CMake option)
nvidia,trees/gbdt-multiclass/taxi/rows=full,arm_without_ok_timing,catboost-cpu,REFUSED(GPU-PATH-ONLY: catboost-cpu is a CPU arm and cpu was not requested on this accelerator box. On NVIDIA we compare against)
nvidia,trees/gbdt-multiclass/taxi/rows=full,arm_without_ok_timing,xgboost-cpu,REFUSED(GPU-PATH-ONLY: xgboost-cpu is a CPU arm and cpu was not requested on this accelerator box. On NVIDIA we compare against )
nvidia,trees/gbdt-multiclass/taxi/rows=full,arm_without_ok_timing,lightgbm-cpu,REFUSED(GPU-PATH-ONLY: lightgbm-cpu is a CPU arm and cpu was not requested on this accelerator box. On NVIDIA we compare against)
nvidia,trees/gbdt-multiclass/taxi/rows=full,arm_without_ok_timing,lightgbm-cuda,UNKNOWN(no inference lines)
nvidia,trees/gbdt-multiclass/taxi/rows=full,arm_without_ok_timing,lightgbm-cuda,UNKNOWN(no inference lines)
nvidia,trees/gbdt-ordered/istella/rows=full,arm_without_ok_timing,catboost-cpu,REFUSED(GPU-PATH-ONLY: catboost-cpu is a CPU arm and cpu was not requested on this accelerator box. On NVIDIA we compare against)
nvidia,trees/gbdt-ordered/taxi/rows=full,arm_without_ok_timing,catboost-cpu,REFUSED(GPU-PATH-ONLY: catboost-cpu is a CPU arm and cpu was not requested on this accelerator box. On NVIDIA we compare against)
nvidia,trees/gbdt-rank-pairlogit/istella/rows=full,arm_without_ok_timing,catboost-cpu,REFUSED(GPU-PATH-ONLY: catboost-cpu is a CPU arm and cpu was not requested on this accelerator box. On NVIDIA we compare against)
nvidia,trees/gbdt-rank-pairlogit/istella/rows=full,arm_without_ok_timing,xgboost-cpu,REFUSED(GPU-PATH-ONLY: xgboost-cpu is a CPU arm and cpu was not requested on this accelerator box. On NVIDIA we compare against )
nvidia,trees/gbdt-rank-yetirank/istella/rows=full,arm_without_ok_timing,lightgbm-cuda,REFUSED(LightGBMError during warm-up: CUDA Tree Learner was not enabled in this build. Please recompile with CMake option)
nvidia,trees/gbdt-rank-yetirank/istella/rows=full,arm_without_ok_timing,catboost-cpu,REFUSED(GPU-PATH-ONLY: catboost-cpu is a CPU arm and cpu was not requested on this accelerator box. On NVIDIA we compare against)
nvidia,trees/gbdt-rank-yetirank/istella/rows=full,arm_without_ok_timing,xgboost-cpu,REFUSED(GPU-PATH-ONLY: xgboost-cpu is a CPU arm and cpu was not requested on this accelerator box. On NVIDIA we compare against )
nvidia,trees/gbdt-rank-yetirank/istella/rows=full,arm_without_ok_timing,lightgbm-cpu,REFUSED(GPU-PATH-ONLY: lightgbm-cpu is a CPU arm and cpu was not requested on this accelerator box. On NVIDIA we compare against)
nvidia,trees/gbdt-rank-yetirank/istella/rows=full,arm_without_ok_timing,lightgbm-cuda,UNKNOWN(no inference lines)
nvidia,trees/gbdt-rank-yetirank/istella/rows=full,arm_without_ok_timing,lightgbm-cuda,UNKNOWN(no inference lines)
nvidia,trees/gbdt-symmetric-1000/istella/rows=full,arm_without_ok_timing,catboost-cpu,REFUSED(GPU-PATH-ONLY: catboost-cpu is a CPU arm and cpu was not requested on this accelerator box. On NVIDIA we compare against)
nvidia,trees/gbdt-symmetric-1000/taxi/rows=full,arm_without_ok_timing,catboost-cpu,REFUSED(GPU-PATH-ONLY: catboost-cpu is a CPU arm and cpu was not requested on this accelerator box. On NVIDIA we compare against)
nvidia,trees/gbdt-symmetric/istella/rows=full,arm_without_ok_timing,catboost-cpu,REFUSED(GPU-PATH-ONLY: catboost-cpu is a CPU arm and cpu was not requested on this accelerator box. On NVIDIA we compare against)
nvidia,trees/gbdt-symmetric/taxi/rows=full,arm_without_ok_timing,catboost-cpu,REFUSED(GPU-PATH-ONLY: catboost-cpu is a CPU arm and cpu was not requested on this accelerator box. On NVIDIA we compare against)
amd,algos/adaboost-clf/istella/rows=full,not_recorded,,
amd,algos/adaboost-clf/taxi/rows=full,not_recorded,,
amd,algos/adaboost-reg/istella/rows=full,not_recorded,,
amd,algos/adaboost-reg/taxi/rows=full,not_recorded,,
amd,algos/additive-chi2/istella/rows=full,not_recorded,,
amd,algos/additive-chi2/taxi/rows=full,not_recorded,,
amd,algos/affinity-prop/istella/rows=full,not_recorded,,
amd,algos/affinity-prop/taxi/rows=full,not_recorded,,
amd,algos/als/taxi-zones/rows=full,not_recorded,,
amd,algos/als/text/rows=full,not_recorded,,
amd,algos/ard/istella/rows=full,not_recorded,,
amd,algos/ard/taxi/rows=full,not_recorded,,
amd,algos/auto-theta/synthetic/rows=full,not_recorded,,
amd,algos/auto-theta/taxi-hourly/rows=full,not_recorded,,
amd,algos/autoarima/synthetic/rows=full,not_recorded,,
amd,algos/autoarima/taxi-hourly/rows=full,not_recorded,,
amd,algos/bagging-clf/istella/rows=full,not_recorded,,
amd,algos/bagging-clf/taxi/rows=full,not_recorded,,
amd,algos/bagging-reg/istella/rows=full,not_recorded,,
amd,algos/bagging-reg/taxi/rows=full,not_recorded,,
amd,algos/bayesian-gmm/istella/rows=full,not_recorded,,
amd,algos/bayesian-gmm/taxi/rows=full,not_recorded,,
amd,algos/bayesian-ridge/istella/rows=full,not_recorded,,
amd,algos/bayesian-ridge/taxi/rows=full,not_recorded,,
amd,algos/bernoulli-nb/istella/rows=full,not_recorded,,
amd,algos/bernoulli-nb/taxi/rows=full,not_recorded,,
amd,algos/binarizer/istella/rows=full,not_recorded,,
amd,algos/binarizer/taxi/rows=full,not_recorded,,
amd,algos/bisecting-kmeans/istella/rows=full,not_recorded,,
amd,algos/bisecting-kmeans/taxi/rows=full,not_recorded,,
amd,algos/bootstrap/istella/rows=full,not_recorded,,
amd,algos/bootstrap/taxi/rows=full,not_recorded,,
amd,algos/bpe-encode/enwik8/rows=full,not_recorded,,
amd,algos/bpe-train/enwik8/rows=full,not_recorded,,
amd,algos/cagra/istella/rows=full,not_recorded,,
amd,algos/cagra/taxi/rows=full,not_recorded,,
amd,algos/calibrated/istella/rows=full,not_recorded,,
amd,algos/calibrated/taxi/rows=full,not_recorded,,
amd,algos/categorical-nb/istella/rows=full,not_recorded,,
amd,algos/categorical-nb/taxi/rows=full,not_recorded,,
amd,algos/cca/istella/rows=full,not_recorded,,
amd,algos/cca/taxi/rows=full,not_recorded,,
amd,algos/classical-mds/istella/rows=full,not_recorded,,
amd,algos/classical-mds/taxi/rows=full,not_recorded,,
amd,algos/complement-nb/istella/rows=full,not_recorded,,
amd,algos/complement-nb/taxi/rows=full,not_recorded,,
amd,algos/complement-nb/text/rows=full,not_recorded,,
amd,algos/connected-components/istella/rows=full,not_recorded,,
amd,algos/connected-components/taxi/rows=full,not_recorded,,
amd,algos/cross-val-score/istella/rows=full,not_recorded,,
amd,algos/cross-val-score/taxi/rows=full,not_recorded,,
amd,algos/croston-optimized/synthetic/rows=full,not_recorded,,
amd,algos/croston-optimized/taxi-hourly/rows=full,not_recorded,,
amd,algos/croston-sba/synthetic/rows=full,not_recorded,,
amd,algos/croston-sba/taxi-hourly/rows=full,not_recorded,,
amd,algos/croston/synthetic/rows=full,not_recorded,,
amd,algos/croston/taxi-hourly/rows=full,not_recorded,,
amd,algos/damped-ets/synthetic/rows=full,not_recorded,,
amd,algos/damped-ets/taxi-hourly/rows=full,not_recorded,,
amd,algos/dart-reg/istella/rows=full,not_recorded,,
amd,algos/dart-reg/taxi/rows=full,not_recorded,,
amd,algos/dart/istella/rows=full,not_recorded,,
amd,algos/dart/taxi/rows=full,not_recorded,,
amd,algos/decision-tree-clf/istella/rows=full,not_recorded,,
amd,algos/decision-tree-clf/taxi/rows=full,not_recorded,,
amd,algos/decision-tree-reg/istella/rows=full,not_recorded,,
amd,algos/decision-tree-reg/taxi/rows=full,not_recorded,,
amd,algos/dict-learning/istella/rows=full,not_recorded,,
amd,algos/dict-learning/taxi/rows=full,not_recorded,,
amd,algos/dynamic-optimized-theta/synthetic/rows=full,not_recorded,,
amd,algos/dynamic-optimized-theta/taxi-hourly/rows=full,not_recorded,,
amd,algos/dynamic-theta/synthetic/rows=full,not_recorded,,
amd,algos/dynamic-theta/taxi-hourly/rows=full,not_recorded,,
amd,algos/elliptic-envelope/istella/rows=full,not_recorded,,
amd,algos/elliptic-envelope/taxi/rows=full,not_recorded,,
amd,algos/enet-cv/istella/rows=full,not_recorded,,
amd,algos/enet-cv/taxi/rows=full,not_recorded,,
amd,algos/factor-analysis/istella/rows=full,not_recorded,,
amd,algos/factor-analysis/taxi/rows=full,not_recorded,,
amd,algos/fastica/istella/rows=full,not_recorded,,
amd,algos/fastica/taxi/rows=full,not_recorded,,
amd,algos/gamma/istella/rows=full,not_recorded,,
amd,algos/gamma/taxi/rows=full,not_recorded,,
amd,algos/garch/synthetic/rows=full,not_recorded,,
amd,algos/garch/taxi-hourly/rows=full,not_recorded,,
amd,algos/gaussian-nb/istella/rows=full,not_recorded,,
amd,algos/gaussian-nb/taxi/rows=full,not_recorded,,
amd,algos/gaussian-rp/istella/rows=full,not_recorded,,
amd,algos/gaussian-rp/taxi/rows=full,not_recorded,,
amd,algos/huber/istella/rows=full,not_recorded,,
amd,algos/huber/taxi/rows=full,not_recorded,,
amd,algos/incremental-pca/istella/rows=full,not_recorded,,
amd,algos/incremental-pca/taxi/rows=full,not_recorded,,
amd,algos/isomap/istella/rows=full,not_recorded,,
amd,algos/isomap/taxi/rows=full,not_recorded,,
amd,algos/isotonic/istella/rows=full,not_recorded,,
amd,algos/isotonic/taxi/rows=full,not_recorded,,
amd,algos/iterative-imputer/istella/rows=full,not_recorded,,
amd,algos/iterative-imputer/taxi/rows=full,not_recorded,,
amd,algos/ivf-filter/istella/rows=full,not_recorded,,
amd,algos/ivf-filter/taxi/rows=full,not_recorded,,
amd,algos/ivf-pq/istella/rows=full,not_recorded,,
amd,algos/ivf-pq/taxi/rows=full,not_recorded,,
amd,algos/ivf-rabitq/istella/rows=full,not_recorded,,
amd,algos/ivf-rabitq/taxi/rows=full,not_recorded,,
amd,algos/ivf-refine/istella/rows=full,not_recorded,,
amd,algos/ivf-refine/taxi/rows=full,not_recorded,,
amd,algos/ivf-sq/istella/rows=full,not_recorded,,
amd,algos/ivf-sq/taxi/rows=full,not_recorded,,
amd,algos/jl-min-dim/synthetic/rows=full,not_recorded,,
amd,algos/kbins/istella/rows=full,not_recorded,,
amd,algos/kbins/taxi/rows=full,not_recorded,,
amd,algos/kernel-pca/istella/rows=full,not_recorded,,
amd,algos/kernel-pca/taxi/rows=full,not_recorded,,
amd,algos/kernel-shap/istella/rows=full,not_recorded,,
amd,algos/kernel-shap/taxi/rows=full,not_recorded,,
amd,algos/knn-imputer/istella/rows=full,not_recorded,,
amd,algos/knn-imputer/taxi/rows=full,not_recorded,,
amd,algos/kpss/synthetic/rows=full,not_recorded,,
amd,algos/kpss/taxi-hourly/rows=full,not_recorded,,
amd,algos/label-binarizer/istella/rows=full,not_recorded,,
amd,algos/label-binarizer/taxi/rows=full,not_recorded,,
amd,algos/label-encoder/istella/rows=full,not_recorded,,
amd,algos/label-encoder/taxi/rows=full,not_recorded,,
amd,algos/label-propagation/istella/rows=full,not_recorded,,
amd,algos/label-propagation/taxi/rows=full,not_recorded,,
amd,algos/label-spreading/istella/rows=full,not_recorded,,
amd,algos/label-spreading/taxi/rows=full,not_recorded,,
amd,algos/lamb/synthetic/rows=full,not_recorded,,
amd,algos/lars/istella/rows=full,not_recorded,,
amd,algos/lars/taxi/rows=full,not_recorded,,
amd,algos/lasso-cv/istella/rows=full,not_recorded,,
amd,algos/lasso-cv/taxi/rows=full,not_recorded,,
amd,algos/lasso-lars/istella/rows=full,not_recorded,,
amd,algos/lasso-lars/taxi/rows=full,not_recorded,,
amd,algos/lda-clf/istella/rows=full,not_recorded,,
amd,algos/lda-clf/taxi/rows=full,not_recorded,,
amd,algos/lda/taxi-zones/rows=full,not_recorded,,
amd,algos/lda/text/rows=full,not_recorded,,
amd,algos/lion/synthetic/rows=full,not_recorded,,
amd,algos/lle/istella/rows=full,not_recorded,,
amd,algos/lle/taxi/rows=full,not_recorded,,
amd,algos/lof/istella/rows=full,not_recorded,,
amd,algos/lof/taxi/rows=full,not_recorded,,
amd,algos/logreg-cv/istella/rows=full,not_recorded,,
amd,algos/logreg-cv/taxi/rows=full,not_recorded,,
amd,algos/louvain/istella/rows=full,not_recorded,,
amd,algos/louvain/taxi/rows=full,not_recorded,,
amd,algos/maxabs-scaler/istella/rows=full,not_recorded,,
amd,algos/maxabs-scaler/taxi/rows=full,not_recorded,,
amd,algos/mb-dict-learning/istella/rows=full,not_recorded,,
amd,algos/mb-dict-learning/taxi/rows=full,not_recorded,,
amd,algos/mb-sparse-pca/istella/rows=full,not_recorded,,
amd,algos/mb-sparse-pca/taxi/rows=full,not_recorded,,
amd,algos/mds/istella/rows=full,not_recorded,,
amd,algos/mds/taxi/rows=full,not_recorded,,
amd,algos/meanshift/istella/rows=full,not_recorded,,
amd,algos/meanshift/taxi/rows=full,not_recorded,,
amd,algos/min-cov-det/istella/rows=full,not_recorded,,
amd,algos/min-cov-det/taxi/rows=full,not_recorded,,
amd,algos/minibatch-kmeans/istella/rows=full,not_recorded,,
amd,algos/minibatch-kmeans/taxi/rows=full,not_recorded,,
amd,algos/minmax-scaler/istella/rows=full,not_recorded,,
amd,algos/minmax-scaler/taxi/rows=full,not_recorded,,
amd,algos/mlp-clf/istella/rows=full,not_recorded,,
amd,algos/mlp-clf/taxi/rows=full,not_recorded,,
amd,algos/mlp-reg/istella/rows=full,not_recorded,,
amd,algos/mlp-reg/taxi/rows=full,not_recorded,,
amd,algos/multilabel-binarizer/istella/rows=full,not_recorded,,
amd,algos/multilabel-binarizer/taxi/rows=full,not_recorded,,
amd,algos/multinomial-nb/istella/rows=full,not_recorded,,
amd,algos/multinomial-nb/taxi/rows=full,not_recorded,,
amd,algos/multinomial-nb/text/rows=full,not_recorded,,
amd,algos/multioutput-clf/istella/rows=full,not_recorded,,
amd,algos/multioutput-clf/taxi/rows=full,not_recorded,,
amd,algos/multioutput-reg/istella/rows=full,not_recorded,,
amd,algos/multioutput-reg/taxi/rows=full,not_recorded,,
amd,algos/nearest-centroid/istella/rows=full,not_recorded,,
amd,algos/nearest-centroid/taxi/rows=full,not_recorded,,
amd,algos/nmf/istella/rows=full,not_recorded,,
amd,algos/nmf/taxi/rows=full,not_recorded,,
amd,algos/normalizer/istella/rows=full,not_recorded,,
amd,algos/normalizer/taxi/rows=full,not_recorded,,
amd,algos/ocsvm/istella/rows=full,not_recorded,,
amd,algos/ocsvm/taxi/rows=full,not_recorded,,
amd,algos/onehot/istella/rows=full,not_recorded,,
amd,algos/onehot/taxi/rows=full,not_recorded,,
amd,algos/optics/istella/rows=full,not_recorded,,
amd,algos/optics/taxi/rows=full,not_recorded,,
amd,algos/optimized-theta/synthetic/rows=full,not_recorded,,
amd,algos/optimized-theta/taxi-hourly/rows=full,not_recorded,,
amd,algos/ordinal/istella/rows=full,not_recorded,,
amd,algos/ordinal/taxi/rows=full,not_recorded,,
amd,algos/ovr/istella/rows=full,not_recorded,,
amd,algos/ovr/taxi/rows=full,not_recorded,,
amd,algos/pa-clf/istella/rows=full,not_recorded,,
amd,algos/pa-clf/taxi/rows=full,not_recorded,,
amd,algos/pa-reg/istella/rows=full,not_recorded,,
amd,algos/pa-reg/taxi/rows=full,not_recorded,,
amd,algos/pagerank/istella/rows=full,not_recorded,,
amd,algos/pagerank/taxi/rows=full,not_recorded,,
amd,algos/perceptron/istella/rows=full,not_recorded,,
amd,algos/perceptron/taxi/rows=full,not_recorded,,
amd,algos/permutation-shap/istella/rows=full,not_recorded,,
amd,algos/permutation-shap/taxi/rows=full,not_recorded,,
amd,algos/permutation-test/istella/rows=full,not_recorded,,
amd,algos/permutation-test/taxi/rows=full,not_recorded,,
amd,algos/pls-canonical/istella/rows=full,not_recorded,,
amd,algos/pls-canonical/taxi/rows=full,not_recorded,,
amd,algos/pls/istella/rows=full,not_recorded,,
amd,algos/pls/taxi/rows=full,not_recorded,,
amd,algos/poisson/istella/rows=full,not_recorded,,
amd,algos/poly-count-sketch/istella/rows=full,not_recorded,,
amd,algos/poly-count-sketch/taxi/rows=full,not_recorded,,
amd,algos/poly-features/istella/rows=full,not_recorded,,
amd,algos/poly-features/taxi/rows=full,not_recorded,,
amd,algos/power-transformer/istella/rows=full,not_recorded,,
amd,algos/power-transformer/taxi/rows=full,not_recorded,,
amd,algos/prophet/synthetic/rows=full,not_recorded,,
amd,algos/prophet/taxi-hourly/rows=full,not_recorded,,
amd,algos/qda/istella/rows=full,not_recorded,,
amd,algos/qda/taxi/rows=full,not_recorded,,
amd,algos/qn-reg/istella/rows=full,not_recorded,,
amd,algos/qn-reg/taxi/rows=full,not_recorded,,
amd,algos/quantile-transformer/istella/rows=full,not_recorded,,
amd,algos/quantile-transformer/taxi/rows=full,not_recorded,,
amd,algos/quantile/istella/rows=full,not_recorded,,
amd,algos/quantile/taxi/rows=full,not_recorded,,
amd,algos/radius-neighbors/istella/rows=full,not_recorded,,
amd,algos/radius-neighbors/taxi/rows=full,not_recorded,,
amd,algos/random-trees-embedding/istella/rows=full,not_recorded,,
amd,algos/random-trees-embedding/taxi/rows=full,not_recorded,,
amd,algos/resample/istella/rows=full,not_recorded,,
amd,algos/resample/taxi/rows=full,not_recorded,,
amd,algos/rfe/istella/rows=full,not_recorded,,
amd,algos/rfe/taxi/rows=full,not_recorded,,
amd,algos/ridge-clf/istella/rows=full,not_recorded,,
amd,algos/ridge-clf/taxi/rows=full,not_recorded,,
amd,algos/ridge-cv/istella/rows=full,not_recorded,,
amd,algos/ridge-cv/taxi/rows=full,not_recorded,,
amd,algos/robust-scaler/istella/rows=full,not_recorded,,
amd,algos/robust-scaler/taxi/rows=full,not_recorded,,
amd,algos/select-chi2/istella/rows=full,not_recorded,,
amd,algos/select-chi2/taxi/rows=full,not_recorded,,
amd,algos/select-d/synthetic/rows=full,not_recorded,,
amd,algos/select-d/taxi-hourly/rows=full,not_recorded,,
amd,algos/select-f-classif/istella/rows=full,not_recorded,,
amd,algos/select-f-classif/taxi/rows=full,not_recorded,,
amd,algos/select-f-regression/istella/rows=full,not_recorded,,
amd,algos/select-f-regression/taxi/rows=full,not_recorded,,
amd,algos/select-mutual-info-reg/istella/rows=full,not_recorded,,
amd,algos/select-mutual-info-reg/taxi/rows=full,not_recorded,,
amd,algos/select-mutual-info/istella/rows=full,not_recorded,,
amd,algos/select-mutual-info/taxi/rows=full,not_recorded,,
amd,algos/select-r-regression/istella/rows=full,not_recorded,,
amd,algos/select-r-regression/taxi/rows=full,not_recorded,,
amd,algos/sgd-ocsvm/istella/rows=full,not_recorded,,
amd,algos/sgd-ocsvm/taxi/rows=full,not_recorded,,
amd,algos/simple-imputer/istella/rows=full,not_recorded,,
amd,algos/simple-imputer/taxi/rows=full,not_recorded,,
amd,algos/skewed-chi2/istella/rows=full,not_recorded,,
amd,algos/skewed-chi2/taxi/rows=full,not_recorded,,
amd,algos/sparse-coder/istella/rows=full,not_recorded,,
amd,algos/sparse-coder/taxi/rows=full,not_recorded,,
amd,algos/sparse-pca/istella/rows=full,not_recorded,,
amd,algos/sparse-pca/taxi/rows=full,not_recorded,,
amd,algos/sparse-rp/istella/rows=full,not_recorded,,
amd,algos/sparse-rp/taxi/rows=full,not_recorded,,
amd,algos/spline/istella/rows=full,not_recorded,,
amd,algos/spline/taxi/rows=full,not_recorded,,
amd,algos/stacking-clf/istella/rows=full,not_recorded,,
amd,algos/stacking-clf/taxi/rows=full,not_recorded,,
amd,algos/stacking-reg/istella/rows=full,not_recorded,,
amd,algos/stacking-reg/taxi/rows=full,not_recorded,,
amd,algos/standard-scaler/istella/rows=full,not_recorded,,
amd,algos/standard-scaler/taxi/rows=full,not_recorded,,
amd,algos/stl/synthetic/rows=full,not_recorded,,
amd,algos/stl/taxi-hourly/rows=full,not_recorded,,
amd,algos/target-encoder/istella/rows=full,not_recorded,,
amd,algos/target-encoder/taxi/rows=full,not_recorded,,
amd,algos/theta/synthetic/rows=full,not_recorded,,
amd,algos/theta/taxi-hourly/rows=full,not_recorded,,
amd,algos/tree-shap/istella/rows=full,not_recorded,,
amd,algos/tree-shap/taxi/rows=full,not_recorded,,
amd,algos/tsne/istella/rows=full,not_recorded,,
amd,algos/tsne/taxi/rows=full,not_recorded,,
amd,algos/tweedie/istella/rows=full,not_recorded,,
amd,algos/tweedie/taxi/rows=full,not_recorded,,
amd,algos/var/synthetic/rows=full,not_recorded,,
amd,algos/var/taxi-hourly/rows=full,not_recorded,,
amd,algos/variance-threshold/istella/rows=full,not_recorded,,
amd,algos/variance-threshold/taxi/rows=full,not_recorded,,
amd,algos/voting-clf/istella/rows=full,not_recorded,,
amd,algos/voting-clf/taxi/rows=full,not_recorded,,
amd,algos/voting-reg/istella/rows=full,not_recorded,,
amd,algos/voting-reg/taxi/rows=full,not_recorded,,
amd,classical/dbscan/taxi/rows=full,failed,,0
amd,classical/dbscan/taxi/rows=full,arm_without_ok_timing,ours,"REFUSED(error: {""error"": ""Exception('dbscan: the ball-cover neighbourhood has -80883285 edges in one batch, which does not fit the int32 CSR this implementation uses. cuML requires int64 labels for RBC (runner.cuh:1)"
amd,classical/dbscan/taxi/rows=full,arm_without_ok_timing,sklearn-cpu,"HOST-MEMORY(killed at 143.0 GB: the driver's process tree held 153.6 GB, over 90% of the box's 168.8 GB)"
amd,classical/hdbscan/istella/rows=full,arm_without_ok_timing,ours,"REFUSED(error: {""error"": ""Exception(\""hdbscan.build_mr_linkage: n_rows=100000 > 46340; the dense mutual reachability graph is m * m cells and hierarchy's PAIRWISE connectivity refuses past that bound (their value_id)"
amd,classical/hdbscan/taxi/rows=full,arm_without_ok_timing,ours,"REFUSED(error: {""error"": ""Exception(\""hdbscan.build_mr_linkage: n_rows=100000 > 46340; the dense mutual reachability graph is m * m cells and hierarchy's PAIRWISE connectivity refuses past that bound (their value_id)"
amd,classical2/gmm/taxi/rows=full,arm_without_ok_timing,sklearn-cpu,"REFUSED(scikit-learn 1.7.2 / OpenBLAS collapses a component at reg_covar 1e-6 on this box; it fits on the Macs; the library said: error: {""error"": ""ValueError('Fitting the mixture model failed because some components have ill-defined empirical covariance (for instance caused by singleton or collapsed samples). Try to decrease the numbe)"
amd,classical2/nystroem/istella/rows=full,arm_without_ok_timing,ours,"REFUSED(error: {""error"": ""Exception('km_basis_indices: n_samples 100000 exceeds KM_MAX_BASIS_POOL = 4096. The rank pass counts a total order over every pair of rows, which is n_samples^2 host comparisons. To close t)"
amd,classical2/nystroem/taxi/rows=full,arm_without_ok_timing,ours,"REFUSED(error: {""error"": ""Exception('km_basis_indices: n_samples 100000 exceeds KM_MAX_BASIS_POOL = 4096. The rank pass counts a total order over every pair of rows, which is n_samples^2 host comparisons. To close t)"
amd,algos/adam/synthetic/rows=full,arm_without_ok_timing,ours,"MODE-MISMATCH(requested identical, read back unknown)"
amd,algos/adamw/synthetic/rows=full,arm_without_ok_timing,ours,"MODE-MISMATCH(requested identical, read back unknown)"
amd,algos/avgpool1d/synthetic/rows=full,arm_without_ok_timing,ours,"REFUSED(not_ready: {""error"": ""ImportError('libamdhip64.so.7: cannot open shared object file: No such file or directory')"", ""event"": ""error"", ""stage"": ""ready""})"
amd,algos/avgpool1d/synthetic/rows=full,arm_without_ok_timing,ours,"REFUSED(not_ready: {""error"": ""ImportError('libamdhip64.so.7: cannot open shared object file: No such file or directory')"", ""event"": ""error"", ""stage"": ""ready""})"
amd,algos/avgpool2d/synthetic/rows=full,arm_without_ok_timing,ours,"REFUSED(not_ready: {""error"": ""ImportError('libamdhip64.so.7: cannot open shared object file: No such file or directory')"", ""event"": ""error"", ""stage"": ""ready""})"
amd,algos/avgpool2d/synthetic/rows=full,arm_without_ok_timing,ours,"REFUSED(not_ready: {""error"": ""ImportError('libamdhip64.so.7: cannot open shared object file: No such file or directory')"", ""event"": ""error"", ""stage"": ""ready""})"
amd,algos/batchnorm1d/synthetic/rows=full,arm_without_ok_timing,ours,"REFUSED(not_ready: {""error"": ""ImportError('libamdhip64.so.7: cannot open shared object file: No such file or directory')"", ""event"": ""error"", ""stage"": ""ready""})"
amd,algos/batchnorm1d/synthetic/rows=full,arm_without_ok_timing,ours,"REFUSED(not_ready: {""error"": ""ImportError('libamdhip64.so.7: cannot open shared object file: No such file or directory')"", ""event"": ""error"", ""stage"": ""ready""})"
amd,algos/batchnorm2d/synthetic/rows=full,arm_without_ok_timing,ours,"REFUSED(not_ready: {""error"": ""ImportError('libamdhip64.so.7: cannot open shared object file: No such file or directory')"", ""event"": ""error"", ""stage"": ""ready""})"
amd,algos/batchnorm2d/synthetic/rows=full,arm_without_ok_timing,ours,"REFUSED(not_ready: {""error"": ""ImportError('libamdhip64.so.7: cannot open shared object file: No such file or directory')"", ""event"": ""error"", ""stage"": ""ready""})"
amd,algos/clip-grad-norm/synthetic/rows=full,arm_without_ok_timing,ours,"MODE-MISMATCH(requested identical, read back unknown)"
amd,algos/conv1d/synthetic/rows=full,arm_without_ok_timing,ours,"REFUSED(not_ready: {""error"": ""ImportError('libamdhip64.so.7: cannot open shared object file: No such file or directory')"", ""event"": ""error"", ""stage"": ""ready""})"
amd,algos/conv1d/synthetic/rows=full,arm_without_ok_timing,ours,"REFUSED(not_ready: {""error"": ""ImportError('libamdhip64.so.7: cannot open shared object file: No such file or directory')"", ""event"": ""error"", ""stage"": ""ready""})"
amd,algos/conv2d/synthetic/rows=full,arm_without_ok_timing,ours,"REFUSED(not_ready: {""error"": ""ImportError('libamdhip64.so.7: cannot open shared object file: No such file or directory')"", ""event"": ""error"", ""stage"": ""ready""})"
amd,algos/conv2d/synthetic/rows=full,arm_without_ok_timing,ours,"REFUSED(not_ready: {""error"": ""ImportError('libamdhip64.so.7: cannot open shared object file: No such file or directory')"", ""event"": ""error"", ""stage"": ""ready""})"
amd,algos/cross-entropy/synthetic/rows=full,arm_without_ok_timing,ours,"MODE-MISMATCH(requested identical, read back unknown)"
amd,algos/dropout2d/synthetic/rows=full,arm_without_ok_timing,ours,"REFUSED(not_ready: {""error"": ""ImportError('libamdhip64.so.7: cannot open shared object file: No such file or directory')"", ""event"": ""error"", ""stage"": ""ready""})"
amd,algos/dropout2d/synthetic/rows=full,arm_without_ok_timing,ours,"REFUSED(not_ready: {""error"": ""ImportError('libamdhip64.so.7: cannot open shared object file: No such file or directory')"", ""event"": ""error"", ""stage"": ""ready""})"
amd,algos/eigh/synthetic/rows=full,arm_without_ok_timing,ours,REFUSED(timeout: null)
amd,algos/embedding/synthetic/rows=full,arm_without_ok_timing,ours,"REFUSED(not_ready: {""error"": ""ImportError('libamdhip64.so.7: cannot open shared object file: No such file or directory')"", ""event"": ""error"", ""stage"": ""ready""})"
amd,algos/embedding/synthetic/rows=full,arm_without_ok_timing,ours,"REFUSED(not_ready: {""error"": ""ImportError('libamdhip64.so.7: cannot open shared object file: No such file or directory')"", ""event"": ""error"", ""stage"": ""ready""})"
amd,algos/gcn/istella/rows=full,arm_without_ok_timing,ours,"REFUSED(not_ready: {""error"": ""ImportError('libamdhip64.so.7: cannot open shared object file: No such file or directory')"", ""event"": ""error"", ""stage"": ""ready""})"
amd,algos/gcn/istella/rows=full,arm_without_ok_timing,ours,"REFUSED(not_ready: {""error"": ""ImportError('libamdhip64.so.7: cannot open shared object file: No such file or directory')"", ""event"": ""error"", ""stage"": ""ready""})"
amd,algos/gcn/taxi/rows=full,arm_without_ok_timing,ours,"REFUSED(not_ready: {""error"": ""ImportError('libamdhip64.so.7: cannot open shared object file: No such file or directory')"", ""event"": ""error"", ""stage"": ""ready""})"
amd,algos/gcn/taxi/rows=full,arm_without_ok_timing,ours,"REFUSED(not_ready: {""error"": ""ImportError('libamdhip64.so.7: cannot open shared object file: No such file or directory')"", ""event"": ""error"", ""stage"": ""ready""})"
amd,algos/global-avgpool/synthetic/rows=full,arm_without_ok_timing,ours,"REFUSED(not_ready: {""error"": ""ImportError('libamdhip64.so.7: cannot open shared object file: No such file or directory')"", ""event"": ""error"", ""stage"": ""ready""})"
amd,algos/global-avgpool/synthetic/rows=full,arm_without_ok_timing,ours,"REFUSED(not_ready: {""error"": ""ImportError('libamdhip64.so.7: cannot open shared object file: No such file or directory')"", ""event"": ""error"", ""stage"": ""ready""})"
amd,algos/global-maxpool/synthetic/rows=full,arm_without_ok_timing,ours,"REFUSED(not_ready: {""error"": ""ImportError('libamdhip64.so.7: cannot open shared object file: No such file or directory')"", ""event"": ""error"", ""stage"": ""ready""})"
amd,algos/global-maxpool/synthetic/rows=full,arm_without_ok_timing,ours,"REFUSED(not_ready: {""error"": ""ImportError('libamdhip64.so.7: cannot open shared object file: No such file or directory')"", ""event"": ""error"", ""stage"": ""ready""})"
amd,algos/graphsage/istella/rows=full,arm_without_ok_timing,ours,"REFUSED(not_ready: {""error"": ""ImportError('libamdhip64.so.7: cannot open shared object file: No such file or directory')"", ""event"": ""error"", ""stage"": ""ready""})"
amd,algos/graphsage/istella/rows=full,arm_without_ok_timing,ours,"REFUSED(not_ready: {""error"": ""ImportError('libamdhip64.so.7: cannot open shared object file: No such file or directory')"", ""event"": ""error"", ""stage"": ""ready""})"
amd,algos/graphsage/taxi/rows=full,arm_without_ok_timing,ours,"REFUSED(not_ready: {""error"": ""ImportError('libamdhip64.so.7: cannot open shared object file: No such file or directory')"", ""event"": ""error"", ""stage"": ""ready""})"
amd,algos/graphsage/taxi/rows=full,arm_without_ok_timing,ours,"REFUSED(not_ready: {""error"": ""ImportError('libamdhip64.so.7: cannot open shared object file: No such file or directory')"", ""event"": ""error"", ""stage"": ""ready""})"
amd,algos/layernorm/synthetic/rows=full,arm_without_ok_timing,ours,"REFUSED(not_ready: {""error"": ""ImportError('libamdhip64.so.7: cannot open shared object file: No such file or directory')"", ""event"": ""error"", ""stage"": ""ready""})"
amd,algos/layernorm/synthetic/rows=full,arm_without_ok_timing,ours,"REFUSED(not_ready: {""error"": ""ImportError('libamdhip64.so.7: cannot open shared object file: No such file or directory')"", ""event"": ""error"", ""stage"": ""ready""})"
amd,algos/lr-constant/synthetic/rows=full,arm_without_ok_timing,ours,"MODE-MISMATCH(requested identical, read back unknown)"
amd,algos/lr-warmup-cosine/synthetic/rows=full,arm_without_ok_timing,ours,"MODE-MISMATCH(requested identical, read back unknown)"
amd,algos/lr-warmup-linear/synthetic/rows=full,arm_without_ok_timing,ours,"MODE-MISMATCH(requested identical, read back unknown)"
amd,algos/maxpool1d/synthetic/rows=full,arm_without_ok_timing,ours,"REFUSED(not_ready: {""error"": ""ImportError('libamdhip64.so.7: cannot open shared object file: No such file or directory')"", ""event"": ""error"", ""stage"": ""ready""})"
amd,algos/maxpool1d/synthetic/rows=full,arm_without_ok_timing,ours,"REFUSED(not_ready: {""error"": ""ImportError('libamdhip64.so.7: cannot open shared object file: No such file or directory')"", ""event"": ""error"", ""stage"": ""ready""})"
amd,algos/maxpool2d/synthetic/rows=full,arm_without_ok_timing,ours,"REFUSED(not_ready: {""error"": ""ImportError('libamdhip64.so.7: cannot open shared object file: No such file or directory')"", ""event"": ""error"", ""stage"": ""ready""})"
amd,algos/maxpool2d/synthetic/rows=full,arm_without_ok_timing,ours,"REFUSED(not_ready: {""error"": ""ImportError('libamdhip64.so.7: cannot open shared object file: No such file or directory')"", ""event"": ""error"", ""stage"": ""ready""})"
amd,algos/moe/synthetic/rows=full,arm_without_ok_timing,ours,"REFUSED(not_ready: {""error"": ""ImportError('libamdhip64.so.7: cannot open shared object file: No such file or directory')"", ""event"": ""error"", ""stage"": ""ready""})"
amd,algos/moe/synthetic/rows=full,arm_without_ok_timing,ours,"REFUSED(not_ready: {""error"": ""ImportError('libamdhip64.so.7: cannot open shared object file: No such file or directory')"", ""event"": ""error"", ""stage"": ""ready""})"
amd,algos/resnet-block/synthetic/rows=full,arm_without_ok_timing,ours,"REFUSED(not_ready: {""error"": ""ImportError('libamdhip64.so.7: cannot open shared object file: No such file or directory')"", ""event"": ""error"", ""stage"": ""ready""})"
amd,algos/resnet-block/synthetic/rows=full,arm_without_ok_timing,ours,"REFUSED(not_ready: {""error"": ""ImportError('libamdhip64.so.7: cannot open shared object file: No such file or directory')"", ""event"": ""error"", ""stage"": ""ready""})"
amd,algos/sgd/synthetic/rows=full,arm_without_ok_timing,ours,"MODE-MISMATCH(requested identical, read back unknown)"
amd,algos/svgp/taxi/rows=full,arm_without_ok_timing,ours,"REFUSED(error: {""error"": ""ValueError('SVGP: the inducing system is not positive definite; raise jitter or noise_variance')"", ""event"": ""error"", ""stage"": ""round 0""})"
amd,algos/svgp/taxi/rows=full,arm_without_ok_timing,ours,"REFUSED(error: {""error"": ""ValueError('SVGP: the inducing system is not positive definite; raise jitter or noise_variance')"", ""event"": ""error"", ""stage"": ""round 0""})"
amd,neural/samba-train-step/bytes/shape=full,arm_without_ok_timing,torch-compile-bf16,"REFUSED(error: {""error"": ""REFUSED: torch-compile-bf16 on cuda failed in round 0 (compile happens here): InductorError('RuntimeError: A compilation subprocess exited unexpectedly. This is likely due to a crash. To fa)"
m2pro,algos/adaboost-clf/istella/rows=full,not_recorded,,
m2pro,algos/adaboost-clf/taxi/rows=full,not_recorded,,
m2pro,algos/adaboost-reg/istella/rows=full,not_recorded,,
m2pro,algos/adaboost-reg/taxi/rows=full,not_recorded,,
m2pro,algos/adafactor/synthetic/rows=full,not_recorded,,
m2pro,algos/adagrad/synthetic/rows=full,not_recorded,,
m2pro,algos/adam/synthetic/rows=full,not_recorded,,
m2pro,algos/adamax/synthetic/rows=full,not_recorded,,
m2pro,algos/adamw/synthetic/rows=full,not_recorded,,
m2pro,algos/additive-chi2/istella/rows=full,not_recorded,,
m2pro,algos/additive-chi2/taxi/rows=full,not_recorded,,
m2pro,algos/affinity-prop/istella/rows=full,not_recorded,,
m2pro,algos/affinity-prop/taxi/rows=full,not_recorded,,
m2pro,algos/als/taxi-zones/rows=full,not_recorded,,
m2pro,algos/als/text/rows=full,not_recorded,,
m2pro,algos/ard/istella/rows=full,not_recorded,,
m2pro,algos/ard/taxi/rows=full,not_recorded,,
m2pro,algos/auto-theta/synthetic/rows=full,not_recorded,,
m2pro,algos/auto-theta/taxi-hourly/rows=full,not_recorded,,
m2pro,algos/autoarima/synthetic/rows=full,not_recorded,,
m2pro,algos/autoarima/taxi-hourly/rows=full,not_recorded,,
m2pro,algos/avgpool1d/synthetic/rows=full,not_recorded,,
m2pro,algos/avgpool2d/synthetic/rows=full,not_recorded,,
m2pro,algos/bagging-clf/istella/rows=full,not_recorded,,
m2pro,algos/bagging-clf/taxi/rows=full,not_recorded,,
m2pro,algos/bagging-reg/istella/rows=full,not_recorded,,
m2pro,algos/bagging-reg/taxi/rows=full,not_recorded,,
m2pro,algos/batchnorm1d/synthetic/rows=full,not_recorded,,
m2pro,algos/batchnorm2d/synthetic/rows=full,not_recorded,,
m2pro,algos/bayesian-gmm/istella/rows=full,not_recorded,,
m2pro,algos/bayesian-gmm/taxi/rows=full,not_recorded,,
m2pro,algos/bayesian-ridge/istella/rows=full,not_recorded,,
m2pro,algos/bayesian-ridge/taxi/rows=full,not_recorded,,
m2pro,algos/bernoulli-nb/istella/rows=full,not_recorded,,
m2pro,algos/bernoulli-nb/taxi/rows=full,not_recorded,,
m2pro,algos/binarizer/istella/rows=full,not_recorded,,
m2pro,algos/binarizer/taxi/rows=full,not_recorded,,
m2pro,algos/bisecting-kmeans/istella/rows=full,not_recorded,,
m2pro,algos/bisecting-kmeans/taxi/rows=full,not_recorded,,
m2pro,algos/bootstrap/istella/rows=full,not_recorded,,
m2pro,algos/bootstrap/taxi/rows=full,not_recorded,,
m2pro,algos/bpe-encode/enwik8/rows=full,not_recorded,,
m2pro,algos/bpe-train/enwik8/rows=full,not_recorded,,
m2pro,algos/cagra/istella/rows=full,not_recorded,,
m2pro,algos/cagra/taxi/rows=full,not_recorded,,
m2pro,algos/calibrated/istella/rows=full,not_recorded,,
m2pro,algos/calibrated/taxi/rows=full,not_recorded,,
m2pro,algos/categorical-nb/istella/rows=full,not_recorded,,
m2pro,algos/categorical-nb/taxi/rows=full,not_recorded,,
m2pro,algos/cca/istella/rows=full,not_recorded,,
m2pro,algos/cca/taxi/rows=full,not_recorded,,
m2pro,algos/cholesky/synthetic/rows=full,not_recorded,,
m2pro,algos/classical-mds/istella/rows=full,not_recorded,,
m2pro,algos/classical-mds/taxi/rows=full,not_recorded,,
m2pro,algos/clip-grad-norm/synthetic/rows=full,not_recorded,,
m2pro,algos/cnn-clf/synthetic/rows=full,not_recorded,,
m2pro,algos/complement-nb/istella/rows=full,not_recorded,,
m2pro,algos/complement-nb/taxi/rows=full,not_recorded,,
m2pro,algos/complement-nb/text/rows=full,not_recorded,,
m2pro,algos/connected-components/istella/rows=full,not_recorded,,
m2pro,algos/connected-components/taxi/rows=full,not_recorded,,
m2pro,algos/conv1d/synthetic/rows=full,not_recorded,,
m2pro,algos/conv2d/synthetic/rows=full,not_recorded,,
m2pro,algos/cross-entropy/synthetic/rows=full,not_recorded,,
m2pro,algos/cross-val-score/istella/rows=full,not_recorded,,
m2pro,algos/cross-val-score/taxi/rows=full,not_recorded,,
m2pro,algos/croston-optimized/synthetic/rows=full,not_recorded,,
m2pro,algos/croston-optimized/taxi-hourly/rows=full,not_recorded,,
m2pro,algos/croston-sba/synthetic/rows=full,not_recorded,,
m2pro,algos/croston-sba/taxi-hourly/rows=full,not_recorded,,
m2pro,algos/croston/synthetic/rows=full,not_recorded,,
m2pro,algos/croston/taxi-hourly/rows=full,not_recorded,,
m2pro,algos/damped-ets/synthetic/rows=full,not_recorded,,
m2pro,algos/damped-ets/taxi-hourly/rows=full,not_recorded,,
m2pro,algos/dart-reg/istella/rows=full,not_recorded,,
m2pro,algos/dart-reg/taxi/rows=full,not_recorded,,
m2pro,algos/dart/istella/rows=full,not_recorded,,
m2pro,algos/dart/taxi/rows=full,not_recorded,,
m2pro,algos/decision-tree-clf/istella/rows=full,not_recorded,,
m2pro,algos/decision-tree-clf/taxi/rows=full,not_recorded,,
m2pro,algos/decision-tree-reg/istella/rows=full,not_recorded,,
m2pro,algos/decision-tree-reg/taxi/rows=full,not_recorded,,
m2pro,algos/dict-learning/istella/rows=full,not_recorded,,
m2pro,algos/dict-learning/taxi/rows=full,not_recorded,,
m2pro,algos/dropout2d/synthetic/rows=full,not_recorded,,
m2pro,algos/dynamic-optimized-theta/synthetic/rows=full,not_recorded,,
m2pro,algos/dynamic-optimized-theta/taxi-hourly/rows=full,not_recorded,,
m2pro,algos/dynamic-theta/synthetic/rows=full,not_recorded,,
m2pro,algos/dynamic-theta/taxi-hourly/rows=full,not_recorded,,
m2pro,algos/eigh/synthetic/rows=full,not_recorded,,
m2pro,algos/elliptic-envelope/istella/rows=full,not_recorded,,
m2pro,algos/elliptic-envelope/taxi/rows=full,not_recorded,,
m2pro,algos/embedding/synthetic/rows=full,not_recorded,,
m2pro,algos/enet-cv/istella/rows=full,not_recorded,,
m2pro,algos/enet-cv/taxi/rows=full,not_recorded,,
m2pro,algos/factor-analysis/istella/rows=full,not_recorded,,
m2pro,algos/factor-analysis/taxi/rows=full,not_recorded,,
m2pro,algos/fastica/istella/rows=full,not_recorded,,
m2pro,algos/fastica/taxi/rows=full,not_recorded,,
m2pro,algos/garch/synthetic/rows=full,not_recorded,,
m2pro,algos/garch/taxi-hourly/rows=full,not_recorded,,
m2pro,algos/gaussian-nb/istella/rows=full,not_recorded,,
m2pro,algos/gaussian-nb/taxi/rows=full,not_recorded,,
m2pro,algos/gaussian-rp/istella/rows=full,not_recorded,,
m2pro,algos/gaussian-rp/taxi/rows=full,not_recorded,,
m2pro,algos/gcn/istella/rows=full,not_recorded,,
m2pro,algos/gcn/taxi/rows=full,not_recorded,,
m2pro,algos/global-avgpool/synthetic/rows=full,not_recorded,,
m2pro,algos/global-maxpool/synthetic/rows=full,not_recorded,,
m2pro,algos/graphsage/istella/rows=full,not_recorded,,
m2pro,algos/graphsage/taxi/rows=full,not_recorded,,
m2pro,algos/gru-clf/synthetic/rows=full,not_recorded,,
m2pro,algos/gru-clf/taxi-hourly/rows=full,not_recorded,,
m2pro,algos/gru-reg/synthetic/rows=full,not_recorded,,
m2pro,algos/gru-reg/taxi-hourly/rows=full,not_recorded,,
m2pro,algos/huber/istella/rows=full,not_recorded,,
m2pro,algos/huber/taxi/rows=full,not_recorded,,
m2pro,algos/incremental-pca/istella/rows=full,not_recorded,,
m2pro,algos/incremental-pca/taxi/rows=full,not_recorded,,
m2pro,algos/isomap/istella/rows=full,not_recorded,,
m2pro,algos/isomap/taxi/rows=full,not_recorded,,
m2pro,algos/isotonic/istella/rows=full,not_recorded,,
m2pro,algos/isotonic/taxi/rows=full,not_recorded,,
m2pro,algos/iterative-imputer/istella/rows=full,not_recorded,,
m2pro,algos/iterative-imputer/taxi/rows=full,not_recorded,,
m2pro,algos/ivf-filter/istella/rows=full,not_recorded,,
m2pro,algos/ivf-filter/taxi/rows=full,not_recorded,,
m2pro,algos/ivf-pq/istella/rows=full,not_recorded,,
m2pro,algos/ivf-pq/taxi/rows=full,not_recorded,,
m2pro,algos/ivf-rabitq/istella/rows=full,not_recorded,,
m2pro,algos/ivf-rabitq/taxi/rows=full,not_recorded,,
m2pro,algos/ivf-refine/istella/rows=full,not_recorded,,
m2pro,algos/ivf-refine/taxi/rows=full,not_recorded,,
m2pro,algos/ivf-sq/istella/rows=full,not_recorded,,
m2pro,algos/ivf-sq/taxi/rows=full,not_recorded,,
m2pro,algos/jl-min-dim/synthetic/rows=full,not_recorded,,
m2pro,algos/kbins/istella/rows=full,not_recorded,,
m2pro,algos/kbins/taxi/rows=full,not_recorded,,
m2pro,algos/kernel-pca/istella/rows=full,not_recorded,,
m2pro,algos/kernel-pca/taxi/rows=full,not_recorded,,
m2pro,algos/kernel-shap/istella/rows=full,not_recorded,,
m2pro,algos/kernel-shap/taxi/rows=full,not_recorded,,
m2pro,algos/knn-imputer/istella/rows=full,not_recorded,,
m2pro,algos/knn-imputer/taxi/rows=full,not_recorded,,
m2pro,algos/kpss/synthetic/rows=full,not_recorded,,
m2pro,algos/kpss/taxi-hourly/rows=full,not_recorded,,
m2pro,algos/label-binarizer/istella/rows=full,not_recorded,,
m2pro,algos/label-binarizer/taxi/rows=full,not_recorded,,
m2pro,algos/label-encoder/istella/rows=full,not_recorded,,
m2pro,algos/label-encoder/taxi/rows=full,not_recorded,,
m2pro,algos/label-propagation/istella/rows=full,not_recorded,,
m2pro,algos/label-propagation/taxi/rows=full,not_recorded,,
m2pro,algos/label-spreading/istella/rows=full,not_recorded,,
m2pro,algos/label-spreading/taxi/rows=full,not_recorded,,
m2pro,algos/lamb/synthetic/rows=full,not_recorded,,
m2pro,algos/lars/istella/rows=full,not_recorded,,
m2pro,algos/lars/taxi/rows=full,not_recorded,,
m2pro,algos/lasso-cv/istella/rows=full,not_recorded,,
m2pro,algos/lasso-cv/taxi/rows=full,not_recorded,,
m2pro,algos/lasso-lars/istella/rows=full,not_recorded,,
m2pro,algos/lasso-lars/taxi/rows=full,not_recorded,,
m2pro,algos/layernorm/synthetic/rows=full,not_recorded,,
m2pro,algos/lda-clf/istella/rows=full,not_recorded,,
m2pro,algos/lda-clf/taxi/rows=full,not_recorded,,
m2pro,algos/lda/taxi-zones/rows=full,not_recorded,,
m2pro,algos/lda/text/rows=full,not_recorded,,
m2pro,algos/lion/synthetic/rows=full,not_recorded,,
m2pro,algos/lle/istella/rows=full,not_recorded,,
m2pro,algos/lle/taxi/rows=full,not_recorded,,
m2pro,algos/lof/istella/rows=full,not_recorded,,
m2pro,algos/lof/taxi/rows=full,not_recorded,,
m2pro,algos/logreg-cv/istella/rows=full,not_recorded,,
m2pro,algos/logreg-cv/taxi/rows=full,not_recorded,,
m2pro,algos/louvain/istella/rows=full,not_recorded,,
m2pro,algos/louvain/taxi/rows=full,not_recorded,,
m2pro,algos/lr-constant/synthetic/rows=full,not_recorded,,
m2pro,algos/lr-exponential/synthetic/rows=full,not_recorded,,
m2pro,algos/lr-onecycle/synthetic/rows=full,not_recorded,,
m2pro,algos/lr-step/synthetic/rows=full,not_recorded,,
m2pro,algos/lr-warmup-cosine/synthetic/rows=full,not_recorded,,
m2pro,algos/lr-warmup-linear/synthetic/rows=full,not_recorded,,
m2pro,algos/lstm-clf/synthetic/rows=full,not_recorded,,
m2pro,algos/lstm-clf/taxi-hourly/rows=full,not_recorded,,
m2pro,algos/lstm-reg/synthetic/rows=full,not_recorded,,
m2pro,algos/lstm-reg/taxi-hourly/rows=full,not_recorded,,
m2pro,algos/lstsq/istella/rows=full,not_recorded,,
m2pro,algos/lstsq/taxi/rows=full,not_recorded,,
m2pro,algos/lu-factor/synthetic/rows=full,not_recorded,,
m2pro,algos/lu-solve/synthetic/rows=full,not_recorded,,
m2pro,algos/maxabs-scaler/istella/rows=full,not_recorded,,
m2pro,algos/maxabs-scaler/taxi/rows=full,not_recorded,,
m2pro,algos/maxpool1d/synthetic/rows=full,not_recorded,,
m2pro,algos/maxpool2d/synthetic/rows=full,not_recorded,,
m2pro,algos/mb-dict-learning/istella/rows=full,not_recorded,,
m2pro,algos/mb-dict-learning/taxi/rows=full,not_recorded,,
m2pro,algos/mb-sparse-pca/istella/rows=full,not_recorded,,
m2pro,algos/mb-sparse-pca/taxi/rows=full,not_recorded,,
m2pro,algos/mds/istella/rows=full,not_recorded,,
m2pro,algos/mds/taxi/rows=full,not_recorded,,
m2pro,algos/meanshift/istella/rows=full,not_recorded,,
m2pro,algos/meanshift/taxi/rows=full,not_recorded,,
m2pro,algos/min-cov-det/istella/rows=full,not_recorded,,
m2pro,algos/min-cov-det/taxi/rows=full,not_recorded,,
m2pro,algos/minibatch-kmeans/istella/rows=full,not_recorded,,
m2pro,algos/minibatch-kmeans/taxi/rows=full,not_recorded,,
m2pro,algos/minmax-scaler/istella/rows=full,not_recorded,,
m2pro,algos/minmax-scaler/taxi/rows=full,not_recorded,,
m2pro,algos/mlp-clf/istella/rows=full,not_recorded,,
m2pro,algos/mlp-clf/taxi/rows=full,not_recorded,,
m2pro,algos/mlp-reg/istella/rows=full,not_recorded,,
m2pro,algos/mlp-reg/taxi/rows=full,not_recorded,,
m2pro,algos/moe/synthetic/rows=full,not_recorded,,
m2pro,algos/multilabel-binarizer/istella/rows=full,not_recorded,,
m2pro,algos/multilabel-binarizer/taxi/rows=full,not_recorded,,
m2pro,algos/multinomial-nb/istella/rows=full,not_recorded,,
m2pro,algos/multinomial-nb/taxi/rows=full,not_recorded,,
m2pro,algos/multinomial-nb/text/rows=full,not_recorded,,
m2pro,algos/multioutput-clf/istella/rows=full,not_recorded,,
m2pro,algos/multioutput-clf/taxi/rows=full,not_recorded,,
m2pro,algos/multioutput-reg/istella/rows=full,not_recorded,,
m2pro,algos/multioutput-reg/taxi/rows=full,not_recorded,,
m2pro,algos/nadam/synthetic/rows=full,not_recorded,,
m2pro,algos/nearest-centroid/istella/rows=full,not_recorded,,
m2pro,algos/nearest-centroid/taxi/rows=full,not_recorded,,
m2pro,algos/nmf/istella/rows=full,not_recorded,,
m2pro,algos/nmf/taxi/rows=full,not_recorded,,
m2pro,algos/normalizer/istella/rows=full,not_recorded,,
m2pro,algos/normalizer/taxi/rows=full,not_recorded,,
m2pro,algos/ocsvm/istella/rows=full,not_recorded,,
m2pro,algos/ocsvm/taxi/rows=full,not_recorded,,
m2pro,algos/onehot/istella/rows=full,not_recorded,,
m2pro,algos/onehot/taxi/rows=full,not_recorded,,
m2pro,algos/optics/istella/rows=full,not_recorded,,
m2pro,algos/optics/taxi/rows=full,not_recorded,,
m2pro,algos/optimized-theta/synthetic/rows=full,not_recorded,,
m2pro,algos/optimized-theta/taxi-hourly/rows=full,not_recorded,,
m2pro,algos/ordinal/istella/rows=full,not_recorded,,
m2pro,algos/ordinal/taxi/rows=full,not_recorded,,
m2pro,algos/ovr/istella/rows=full,not_recorded,,
m2pro,algos/ovr/taxi/rows=full,not_recorded,,
m2pro,algos/pa-clf/istella/rows=full,not_recorded,,
m2pro,algos/pa-clf/taxi/rows=full,not_recorded,,
m2pro,algos/pa-reg/istella/rows=full,not_recorded,,
m2pro,algos/pa-reg/taxi/rows=full,not_recorded,,
m2pro,algos/pagerank/istella/rows=full,not_recorded,,
m2pro,algos/pagerank/taxi/rows=full,not_recorded,,
m2pro,algos/perceptron/istella/rows=full,not_recorded,,
m2pro,algos/perceptron/taxi/rows=full,not_recorded,,
m2pro,algos/permutation-shap/istella/rows=full,not_recorded,,
m2pro,algos/permutation-shap/taxi/rows=full,not_recorded,,
m2pro,algos/permutation-test/istella/rows=full,not_recorded,,
m2pro,algos/permutation-test/taxi/rows=full,not_recorded,,
m2pro,algos/pls-canonical/istella/rows=full,not_recorded,,
m2pro,algos/pls-canonical/taxi/rows=full,not_recorded,,
m2pro,algos/pls/istella/rows=full,not_recorded,,
m2pro,algos/pls/taxi/rows=full,not_recorded,,
m2pro,algos/poly-count-sketch/istella/rows=full,not_recorded,,
m2pro,algos/poly-count-sketch/taxi/rows=full,not_recorded,,
m2pro,algos/poly-features/istella/rows=full,not_recorded,,
m2pro,algos/poly-features/taxi/rows=full,not_recorded,,
m2pro,algos/power-transformer/istella/rows=full,not_recorded,,
m2pro,algos/power-transformer/taxi/rows=full,not_recorded,,
m2pro,algos/prophet/synthetic/rows=full,not_recorded,,
m2pro,algos/prophet/taxi-hourly/rows=full,not_recorded,,
m2pro,algos/qda/istella/rows=full,not_recorded,,
m2pro,algos/qda/taxi/rows=full,not_recorded,,
m2pro,algos/qn-reg/istella/rows=full,not_recorded,,
m2pro,algos/qn-reg/taxi/rows=full,not_recorded,,
m2pro,algos/qr/istella/rows=full,not_recorded,,
m2pro,algos/qr/taxi/rows=full,not_recorded,,
m2pro,algos/quantile-transformer/istella/rows=full,not_recorded,,
m2pro,algos/quantile-transformer/taxi/rows=full,not_recorded,,
m2pro,algos/quantile/istella/rows=full,not_recorded,,
m2pro,algos/quantile/taxi/rows=full,not_recorded,,
m2pro,algos/radius-neighbors/istella/rows=full,not_recorded,,
m2pro,algos/radius-neighbors/taxi/rows=full,not_recorded,,
m2pro,algos/random-trees-embedding/istella/rows=full,not_recorded,,
m2pro,algos/random-trees-embedding/taxi/rows=full,not_recorded,,
m2pro,algos/randomized-svd/istella/rows=full,not_recorded,,
m2pro,algos/randomized-svd/taxi/rows=full,not_recorded,,
m2pro,algos/resample/istella/rows=full,not_recorded,,
m2pro,algos/resample/taxi/rows=full,not_recorded,,
m2pro,algos/resnet-block/synthetic/rows=full,not_recorded,,
m2pro,algos/rfe/istella/rows=full,not_recorded,,
m2pro,algos/rfe/taxi/rows=full,not_recorded,,
m2pro,algos/ridge-clf/istella/rows=full,not_recorded,,
m2pro,algos/ridge-clf/taxi/rows=full,not_recorded,,
m2pro,algos/ridge-cv/istella/rows=full,not_recorded,,
m2pro,algos/ridge-cv/taxi/rows=full,not_recorded,,
m2pro,algos/rmsprop/synthetic/rows=full,not_recorded,,
m2pro,algos/rnn-clf/synthetic/rows=full,not_recorded,,
m2pro,algos/rnn-clf/taxi-hourly/rows=full,not_recorded,,
m2pro,algos/rnn-reg/synthetic/rows=full,not_recorded,,
m2pro,algos/rnn-reg/taxi-hourly/rows=full,not_recorded,,
m2pro,algos/robust-scaler/istella/rows=full,not_recorded,,
m2pro,algos/robust-scaler/taxi/rows=full,not_recorded,,
m2pro,algos/select-chi2/istella/rows=full,not_recorded,,
m2pro,algos/select-chi2/taxi/rows=full,not_recorded,,
m2pro,algos/select-d/synthetic/rows=full,not_recorded,,
m2pro,algos/select-d/taxi-hourly/rows=full,not_recorded,,
m2pro,algos/select-f-classif/istella/rows=full,not_recorded,,
m2pro,algos/select-f-classif/taxi/rows=full,not_recorded,,
m2pro,algos/select-f-regression/istella/rows=full,not_recorded,,
m2pro,algos/select-f-regression/taxi/rows=full,not_recorded,,
m2pro,algos/select-mutual-info-reg/istella/rows=full,not_recorded,,
m2pro,algos/select-mutual-info-reg/taxi/rows=full,not_recorded,,
m2pro,algos/select-mutual-info/istella/rows=full,not_recorded,,
m2pro,algos/select-mutual-info/taxi/rows=full,not_recorded,,
m2pro,algos/select-r-regression/istella/rows=full,not_recorded,,
m2pro,algos/select-r-regression/taxi/rows=full,not_recorded,,
m2pro,algos/sgd-ocsvm/istella/rows=full,not_recorded,,
m2pro,algos/sgd-ocsvm/taxi/rows=full,not_recorded,,
m2pro,algos/sgd/synthetic/rows=full,not_recorded,,
m2pro,algos/simple-imputer/istella/rows=full,not_recorded,,
m2pro,algos/simple-imputer/taxi/rows=full,not_recorded,,
m2pro,algos/skewed-chi2/istella/rows=full,not_recorded,,
m2pro,algos/skewed-chi2/taxi/rows=full,not_recorded,,
m2pro,algos/sparse-coder/istella/rows=full,not_recorded,,
m2pro,algos/sparse-coder/taxi/rows=full,not_recorded,,
m2pro,algos/sparse-pca/istella/rows=full,not_recorded,,
m2pro,algos/sparse-pca/taxi/rows=full,not_recorded,,
m2pro,algos/sparse-rp/istella/rows=full,not_recorded,,
m2pro,algos/sparse-rp/taxi/rows=full,not_recorded,,
m2pro,algos/spline/istella/rows=full,not_recorded,,
m2pro,algos/spline/taxi/rows=full,not_recorded,,
m2pro,algos/stacking-clf/istella/rows=full,not_recorded,,
m2pro,algos/stacking-clf/taxi/rows=full,not_recorded,,
m2pro,algos/stacking-reg/istella/rows=full,not_recorded,,
m2pro,algos/stacking-reg/taxi/rows=full,not_recorded,,
m2pro,algos/standard-scaler/istella/rows=full,not_recorded,,
m2pro,algos/standard-scaler/taxi/rows=full,not_recorded,,
m2pro,algos/stl/synthetic/rows=full,not_recorded,,
m2pro,algos/stl/taxi-hourly/rows=full,not_recorded,,
m2pro,algos/svd/istella/rows=full,not_recorded,,
m2pro,algos/svd/taxi/rows=full,not_recorded,,
m2pro,algos/svgp/istella/rows=full,not_recorded,,
m2pro,algos/svgp/taxi/rows=full,not_recorded,,
m2pro,algos/target-encoder/istella/rows=full,not_recorded,,
m2pro,algos/target-encoder/taxi/rows=full,not_recorded,,
m2pro,algos/theta/synthetic/rows=full,not_recorded,,
m2pro,algos/theta/taxi-hourly/rows=full,not_recorded,,
m2pro,algos/tree-shap/istella/rows=full,not_recorded,,
m2pro,algos/tree-shap/taxi/rows=full,not_recorded,,
m2pro,algos/tsne/istella/rows=full,not_recorded,,
m2pro,algos/tsne/taxi/rows=full,not_recorded,,
m2pro,algos/var/synthetic/rows=full,not_recorded,,
m2pro,algos/var/taxi-hourly/rows=full,not_recorded,,
m2pro,algos/variance-threshold/istella/rows=full,not_recorded,,
m2pro,algos/variance-threshold/taxi/rows=full,not_recorded,,
m2pro,algos/voting-clf/istella/rows=full,not_recorded,,
m2pro,algos/voting-clf/taxi/rows=full,not_recorded,,
m2pro,algos/voting-reg/istella/rows=full,not_recorded,,
m2pro,algos/voting-reg/taxi/rows=full,not_recorded,,
m2pro,neural/gemm-bf16/gaussian/shape=full,not_recorded,,
m2pro,neural/gemm-int8/gaussian/shape=full,not_recorded,,
m2pro,neural/lm-host-train-step/bytes/shape=full,not_recorded,,
m2pro,neural/lm-infer/bytes/shape=full,not_recorded,,
m2pro,neural/mamba3-forward/gaussian/shape=full,not_recorded,,
m2pro,neural/mamba3-infer/gaussian/shape=full,not_recorded,,
m2pro,neural/mlp-infer/gaussian/shape=full,not_recorded,,
m2pro,neural/mlp-train-step/gaussian/shape=full,not_recorded,,
m2pro,neural/samba-forward/bytes/shape=full,not_recorded,,
m2pro,neural/samba-infer/bytes/shape=full,not_recorded,,
m2pro,neural/samba-train-step/bytes/shape=full,not_recorded,,
m2pro,classical/hdbscan/istella/rows=full,arm_without_ok_timing,ours,"REFUSED(error: {""error"": ""Exception(\""hdbscan.build_mr_linkage: n_rows=100000 > 46340; the dense mutual reachability graph is m * m cells and hierarchy's PAIRWISE connectivity refuses past that bound (their value_id)"
m2pro,classical/hdbscan/istella/rows=full,arm_without_ok_timing,ours-fast,"REFUSED(error: {""error"": ""Exception(\""hdbscan.build_mr_linkage: n_rows=100000 > 46340; the dense mutual reachability graph is m * m cells and hierarchy's PAIRWISE connectivity refuses past that bound (their value_id)"
m2pro,classical/hdbscan/taxi/rows=full,arm_without_ok_timing,ours,"REFUSED(error: {""error"": ""Exception(\""hdbscan.build_mr_linkage: n_rows=100000 > 46340; the dense mutual reachability graph is m * m cells and hierarchy's PAIRWISE connectivity refuses past that bound (their value_id)"
m2pro,classical/ols/istella/rows=full,arm_without_ok_timing,torch-gpu,"REFUSED(error: {""error"": ""NotImplementedError(\""The operator 'aten::linalg_lstsq.out' is not currently implemented for the MPS device. If you want this op to be considered for addition please comment on https://gith)"
m2pro,classical/ols/istella/rows=full,arm_without_ok_timing,torch-gpu,REFUSED(no_fit: null)
m2pro,classical/ols/taxi/rows=full,arm_without_ok_timing,torch-gpu,"REFUSED(error: {""error"": ""NotImplementedError(\""The operator 'aten::linalg_lstsq.out' is not currently implemented for the MPS device. If you want this op to be considered for addition please comment on https://gith)"
m2pro,classical/ols/taxi/rows=full,arm_without_ok_timing,torch-gpu,REFUSED(no_fit: null)
m2pro,classical/pca/istella/rows=full,arm_without_ok_timing,torch-gpu,"REFUSED(error: {""error"": ""NotImplementedError(\""The operator 'aten::_linalg_eigh.eigenvalues' is not currently implemented for the MPS device. If you want this op to be considered for addition please comment on http)"
m2pro,classical/pca/istella/rows=full,arm_without_ok_timing,torch-gpu,REFUSED(no_fit: null)
m2pro,classical/pca/taxi/rows=full,arm_without_ok_timing,torch-gpu,"REFUSED(error: {""error"": ""NotImplementedError(\""The operator 'aten::_linalg_eigh.eigenvalues' is not currently implemented for the MPS device. If you want this op to be considered for addition please comment on http)"
m2pro,classical/pca/taxi/rows=full,arm_without_ok_timing,torch-gpu,REFUSED(no_fit: null)
m2pro,classical2/gmm/taxi/rows=full,arm_without_ok_timing,ours-fast,"REFUSED(error: {""error"": ""Exception(\""GaussianMixture: fitting the mixture model failed because some components have ill-defined empirical covariance (for instance caused by singleton or collapsed samples). Try to d)"
m2pro,classical2/gmm/taxi/rows=full,arm_without_ok_timing,sklearn-cpu,"REFUSED(error: {""error"": ""ValueError('Fitting the mixture model failed because some components have ill-defined empirical covariance (for instance caused by singleton or collapsed samples). Try to decrease the numbe)"
m2pro,classical2/nystroem/istella/rows=full,arm_without_ok_timing,ours,"REFUSED(error: {""error"": ""Exception('km_basis_indices: n_samples 100000 exceeds KM_MAX_BASIS_POOL = 4096. The rank pass counts a total order over every pair of rows, which is n_samples^2 host comparisons. To close t)"
m2pro,classical2/nystroem/istella/rows=full,arm_without_ok_timing,ours-fast,"REFUSED(error: {""error"": ""Exception('km_basis_indices: n_samples 100000 exceeds KM_MAX_BASIS_POOL = 4096. The rank pass counts a total order over every pair of rows, which is n_samples^2 host comparisons. To close t)"
m2pro,classical2/nystroem/taxi/rows=full,arm_without_ok_timing,ours,"REFUSED(error: {""error"": ""Exception('km_basis_indices: n_samples 100000 exceeds KM_MAX_BASIS_POOL = 4096. The rank pass counts a total order over every pair of rows, which is n_samples^2 host comparisons. To close t)"
m2pro,classical2/nystroem/taxi/rows=full,arm_without_ok_timing,ours-fast,"REFUSED(error: {""error"": ""Exception('km_basis_indices: n_samples 100000 exceeds KM_MAX_BASIS_POOL = 4096. The rank pass counts a total order over every pair of rows, which is n_samples^2 host comparisons. To close t)"
m3ultra,algos/adaboost-clf/istella/rows=full,not_recorded,,
m3ultra,algos/adaboost-clf/taxi/rows=full,not_recorded,,
m3ultra,algos/adaboost-reg/istella/rows=full,not_recorded,,
m3ultra,algos/adaboost-reg/taxi/rows=full,not_recorded,,
m3ultra,algos/adafactor/synthetic/rows=full,not_recorded,,
m3ultra,algos/adagrad/synthetic/rows=full,not_recorded,,
m3ultra,algos/adam/synthetic/rows=full,not_recorded,,
m3ultra,algos/adamax/synthetic/rows=full,not_recorded,,
m3ultra,algos/adamw/synthetic/rows=full,not_recorded,,
m3ultra,algos/additive-chi2/istella/rows=full,not_recorded,,
m3ultra,algos/additive-chi2/taxi/rows=full,not_recorded,,
m3ultra,algos/affinity-prop/istella/rows=full,not_recorded,,
m3ultra,algos/affinity-prop/taxi/rows=full,not_recorded,,
m3ultra,algos/als/taxi-zones/rows=full,not_recorded,,
m3ultra,algos/als/text/rows=full,not_recorded,,
m3ultra,algos/auto-theta/synthetic/rows=full,not_recorded,,
m3ultra,algos/auto-theta/taxi-hourly/rows=full,not_recorded,,
m3ultra,algos/autoarima/synthetic/rows=full,not_recorded,,
m3ultra,algos/autoarima/taxi-hourly/rows=full,not_recorded,,
m3ultra,algos/avgpool1d/synthetic/rows=full,not_recorded,,
m3ultra,algos/avgpool2d/synthetic/rows=full,not_recorded,,
m3ultra,algos/bagging-clf/istella/rows=full,not_recorded,,
m3ultra,algos/bagging-clf/taxi/rows=full,not_recorded,,
m3ultra,algos/bagging-reg/istella/rows=full,not_recorded,,
m3ultra,algos/bagging-reg/taxi/rows=full,not_recorded,,
m3ultra,algos/batchnorm1d/synthetic/rows=full,not_recorded,,
m3ultra,algos/batchnorm2d/synthetic/rows=full,not_recorded,,
m3ultra,algos/bernoulli-nb/istella/rows=full,not_recorded,,
m3ultra,algos/bernoulli-nb/taxi/rows=full,not_recorded,,
m3ultra,algos/binarizer/istella/rows=full,not_recorded,,
m3ultra,algos/binarizer/taxi/rows=full,not_recorded,,
m3ultra,algos/bisecting-kmeans/istella/rows=full,not_recorded,,
m3ultra,algos/bisecting-kmeans/taxi/rows=full,not_recorded,,
m3ultra,algos/bootstrap/istella/rows=full,not_recorded,,
m3ultra,algos/bootstrap/taxi/rows=full,not_recorded,,
m3ultra,algos/bpe-encode/enwik8/rows=full,not_recorded,,
m3ultra,algos/bpe-train/enwik8/rows=full,not_recorded,,
m3ultra,algos/cagra/istella/rows=full,not_recorded,,
m3ultra,algos/cagra/taxi/rows=full,not_recorded,,
m3ultra,algos/calibrated/istella/rows=full,not_recorded,,
m3ultra,algos/calibrated/taxi/rows=full,not_recorded,,
m3ultra,algos/categorical-nb/istella/rows=full,not_recorded,,
m3ultra,algos/categorical-nb/taxi/rows=full,not_recorded,,
m3ultra,algos/cca/istella/rows=full,not_recorded,,
m3ultra,algos/cca/taxi/rows=full,not_recorded,,
m3ultra,algos/cholesky/synthetic/rows=full,not_recorded,,
m3ultra,algos/classical-mds/istella/rows=full,not_recorded,,
m3ultra,algos/classical-mds/taxi/rows=full,not_recorded,,
m3ultra,algos/clip-grad-norm/synthetic/rows=full,not_recorded,,
m3ultra,algos/cnn-clf/synthetic/rows=full,not_recorded,,
m3ultra,algos/complement-nb/istella/rows=full,not_recorded,,
m3ultra,algos/complement-nb/taxi/rows=full,not_recorded,,
m3ultra,algos/complement-nb/text/rows=full,not_recorded,,
m3ultra,algos/connected-components/istella/rows=full,not_recorded,,
m3ultra,algos/connected-components/taxi/rows=full,not_recorded,,
m3ultra,algos/conv1d/synthetic/rows=full,not_recorded,,
m3ultra,algos/conv2d/synthetic/rows=full,not_recorded,,
m3ultra,algos/cross-entropy/synthetic/rows=full,not_recorded,,
m3ultra,algos/cross-val-score/istella/rows=full,not_recorded,,
m3ultra,algos/cross-val-score/taxi/rows=full,not_recorded,,
m3ultra,algos/croston-optimized/synthetic/rows=full,not_recorded,,
m3ultra,algos/croston-optimized/taxi-hourly/rows=full,not_recorded,,
m3ultra,algos/croston-sba/synthetic/rows=full,not_recorded,,
m3ultra,algos/croston-sba/taxi-hourly/rows=full,not_recorded,,
m3ultra,algos/croston/synthetic/rows=full,not_recorded,,
m3ultra,algos/croston/taxi-hourly/rows=full,not_recorded,,
m3ultra,algos/damped-ets/synthetic/rows=full,not_recorded,,
m3ultra,algos/damped-ets/taxi-hourly/rows=full,not_recorded,,
m3ultra,algos/dart-reg/istella/rows=full,not_recorded,,
m3ultra,algos/dart-reg/taxi/rows=full,not_recorded,,
m3ultra,algos/dart/istella/rows=full,not_recorded,,
m3ultra,algos/dart/taxi/rows=full,not_recorded,,
m3ultra,algos/decision-tree-clf/istella/rows=full,not_recorded,,
m3ultra,algos/decision-tree-clf/taxi/rows=full,not_recorded,,
m3ultra,algos/decision-tree-reg/istella/rows=full,not_recorded,,
m3ultra,algos/decision-tree-reg/taxi/rows=full,not_recorded,,
m3ultra,algos/dict-learning/istella/rows=full,not_recorded,,
m3ultra,algos/dict-learning/taxi/rows=full,not_recorded,,
m3ultra,algos/dropout2d/synthetic/rows=full,not_recorded,,
m3ultra,algos/dynamic-optimized-theta/synthetic/rows=full,not_recorded,,
m3ultra,algos/dynamic-optimized-theta/taxi-hourly/rows=full,not_recorded,,
m3ultra,algos/dynamic-theta/synthetic/rows=full,not_recorded,,
m3ultra,algos/dynamic-theta/taxi-hourly/rows=full,not_recorded,,
m3ultra,algos/eigh/synthetic/rows=full,not_recorded,,
m3ultra,algos/elliptic-envelope/istella/rows=full,not_recorded,,
m3ultra,algos/elliptic-envelope/taxi/rows=full,not_recorded,,
m3ultra,algos/embedding/synthetic/rows=full,not_recorded,,
m3ultra,algos/factor-analysis/istella/rows=full,not_recorded,,
m3ultra,algos/factor-analysis/taxi/rows=full,not_recorded,,
m3ultra,algos/fastica/istella/rows=full,not_recorded,,
m3ultra,algos/fastica/taxi/rows=full,not_recorded,,
m3ultra,algos/garch/synthetic/rows=full,not_recorded,,
m3ultra,algos/garch/taxi-hourly/rows=full,not_recorded,,
m3ultra,algos/gaussian-nb/istella/rows=full,not_recorded,,
m3ultra,algos/gaussian-nb/taxi/rows=full,not_recorded,,
m3ultra,algos/gaussian-rp/istella/rows=full,not_recorded,,
m3ultra,algos/gaussian-rp/taxi/rows=full,not_recorded,,
m3ultra,algos/gcn/istella/rows=full,not_recorded,,
m3ultra,algos/gcn/taxi/rows=full,not_recorded,,
m3ultra,algos/global-avgpool/synthetic/rows=full,not_recorded,,
m3ultra,algos/global-maxpool/synthetic/rows=full,not_recorded,,
m3ultra,algos/graphsage/istella/rows=full,not_recorded,,
m3ultra,algos/graphsage/taxi/rows=full,not_recorded,,
m3ultra,algos/gru-clf/synthetic/rows=full,not_recorded,,
m3ultra,algos/gru-clf/taxi-hourly/rows=full,not_recorded,,
m3ultra,algos/gru-reg/synthetic/rows=full,not_recorded,,
m3ultra,algos/gru-reg/taxi-hourly/rows=full,not_recorded,,
m3ultra,algos/incremental-pca/istella/rows=full,not_recorded,,
m3ultra,algos/incremental-pca/taxi/rows=full,not_recorded,,
m3ultra,algos/isomap/istella/rows=full,not_recorded,,
m3ultra,algos/isomap/taxi/rows=full,not_recorded,,
m3ultra,algos/isotonic/istella/rows=full,not_recorded,,
m3ultra,algos/isotonic/taxi/rows=full,not_recorded,,
m3ultra,algos/iterative-imputer/istella/rows=full,not_recorded,,
m3ultra,algos/iterative-imputer/taxi/rows=full,not_recorded,,
m3ultra,algos/ivf-filter/istella/rows=full,not_recorded,,
m3ultra,algos/ivf-filter/taxi/rows=full,not_recorded,,
m3ultra,algos/ivf-pq/istella/rows=full,not_recorded,,
m3ultra,algos/ivf-pq/taxi/rows=full,not_recorded,,
m3ultra,algos/ivf-rabitq/istella/rows=full,not_recorded,,
m3ultra,algos/ivf-rabitq/taxi/rows=full,not_recorded,,
m3ultra,algos/ivf-refine/istella/rows=full,not_recorded,,
m3ultra,algos/ivf-refine/taxi/rows=full,not_recorded,,
m3ultra,algos/ivf-sq/istella/rows=full,not_recorded,,
m3ultra,algos/ivf-sq/taxi/rows=full,not_recorded,,
m3ultra,algos/jl-min-dim/synthetic/rows=full,not_recorded,,
m3ultra,algos/kbins/istella/rows=full,not_recorded,,
m3ultra,algos/kbins/taxi/rows=full,not_recorded,,
m3ultra,algos/kernel-pca/istella/rows=full,not_recorded,,
m3ultra,algos/kernel-pca/taxi/rows=full,not_recorded,,
m3ultra,algos/kernel-shap/istella/rows=full,not_recorded,,
m3ultra,algos/kernel-shap/taxi/rows=full,not_recorded,,
m3ultra,algos/knn-imputer/istella/rows=full,not_recorded,,
m3ultra,algos/knn-imputer/taxi/rows=full,not_recorded,,
m3ultra,algos/kpss/synthetic/rows=full,not_recorded,,
m3ultra,algos/kpss/taxi-hourly/rows=full,not_recorded,,
m3ultra,algos/label-binarizer/istella/rows=full,not_recorded,,
m3ultra,algos/label-binarizer/taxi/rows=full,not_recorded,,
m3ultra,algos/label-encoder/istella/rows=full,not_recorded,,
m3ultra,algos/label-encoder/taxi/rows=full,not_recorded,,
m3ultra,algos/label-propagation/istella/rows=full,not_recorded,,
m3ultra,algos/label-propagation/taxi/rows=full,not_recorded,,
m3ultra,algos/label-spreading/istella/rows=full,not_recorded,,
m3ultra,algos/label-spreading/taxi/rows=full,not_recorded,,
m3ultra,algos/lamb/synthetic/rows=full,not_recorded,,
m3ultra,algos/layernorm/synthetic/rows=full,not_recorded,,
m3ultra,algos/lda-clf/istella/rows=full,not_recorded,,
m3ultra,algos/lda-clf/taxi/rows=full,not_recorded,,
m3ultra,algos/lda/taxi-zones/rows=full,not_recorded,,
m3ultra,algos/lda/text/rows=full,not_recorded,,
m3ultra,algos/lion/synthetic/rows=full,not_recorded,,
m3ultra,algos/lle/istella/rows=full,not_recorded,,
m3ultra,algos/lle/taxi/rows=full,not_recorded,,
m3ultra,algos/lof/istella/rows=full,not_recorded,,
m3ultra,algos/lof/taxi/rows=full,not_recorded,,
m3ultra,algos/logreg-cv/istella/rows=full,not_recorded,,
m3ultra,algos/logreg-cv/taxi/rows=full,not_recorded,,
m3ultra,algos/louvain/istella/rows=full,not_recorded,,
m3ultra,algos/louvain/taxi/rows=full,not_recorded,,
m3ultra,algos/lr-constant/synthetic/rows=full,not_recorded,,
m3ultra,algos/lr-exponential/synthetic/rows=full,not_recorded,,
m3ultra,algos/lr-onecycle/synthetic/rows=full,not_recorded,,
m3ultra,algos/lr-step/synthetic/rows=full,not_recorded,,
m3ultra,algos/lr-warmup-cosine/synthetic/rows=full,not_recorded,,
m3ultra,algos/lr-warmup-linear/synthetic/rows=full,not_recorded,,
m3ultra,algos/lstm-clf/synthetic/rows=full,not_recorded,,
m3ultra,algos/lstm-clf/taxi-hourly/rows=full,not_recorded,,
m3ultra,algos/lstm-reg/synthetic/rows=full,not_recorded,,
m3ultra,algos/lstm-reg/taxi-hourly/rows=full,not_recorded,,
m3ultra,algos/lstsq/istella/rows=full,not_recorded,,
m3ultra,algos/lstsq/taxi/rows=full,not_recorded,,
m3ultra,algos/lu-factor/synthetic/rows=full,not_recorded,,
m3ultra,algos/lu-solve/synthetic/rows=full,not_recorded,,
m3ultra,algos/maxabs-scaler/istella/rows=full,not_recorded,,
m3ultra,algos/maxabs-scaler/taxi/rows=full,not_recorded,,
m3ultra,algos/maxpool1d/synthetic/rows=full,not_recorded,,
m3ultra,algos/maxpool2d/synthetic/rows=full,not_recorded,,
m3ultra,algos/mb-dict-learning/istella/rows=full,not_recorded,,
m3ultra,algos/mb-dict-learning/taxi/rows=full,not_recorded,,
m3ultra,algos/mb-sparse-pca/istella/rows=full,not_recorded,,
m3ultra,algos/mb-sparse-pca/taxi/rows=full,not_recorded,,
m3ultra,algos/mds/istella/rows=full,not_recorded,,
m3ultra,algos/mds/taxi/rows=full,not_recorded,,
m3ultra,algos/meanshift/istella/rows=full,not_recorded,,
m3ultra,algos/meanshift/taxi/rows=full,not_recorded,,
m3ultra,algos/min-cov-det/istella/rows=full,not_recorded,,
m3ultra,algos/min-cov-det/taxi/rows=full,not_recorded,,
m3ultra,algos/minibatch-kmeans/istella/rows=full,not_recorded,,
m3ultra,algos/minibatch-kmeans/taxi/rows=full,not_recorded,,
m3ultra,algos/minmax-scaler/istella/rows=full,not_recorded,,
m3ultra,algos/minmax-scaler/taxi/rows=full,not_recorded,,
m3ultra,algos/mlp-clf/istella/rows=full,not_recorded,,
m3ultra,algos/mlp-clf/taxi/rows=full,not_recorded,,
m3ultra,algos/mlp-reg/istella/rows=full,not_recorded,,
m3ultra,algos/mlp-reg/taxi/rows=full,not_recorded,,
m3ultra,algos/moe/synthetic/rows=full,not_recorded,,
m3ultra,algos/multilabel-binarizer/istella/rows=full,not_recorded,,
m3ultra,algos/multilabel-binarizer/taxi/rows=full,not_recorded,,
m3ultra,algos/multinomial-nb/istella/rows=full,not_recorded,,
m3ultra,algos/multinomial-nb/taxi/rows=full,not_recorded,,
m3ultra,algos/multinomial-nb/text/rows=full,not_recorded,,
m3ultra,algos/multioutput-clf/istella/rows=full,not_recorded,,
m3ultra,algos/multioutput-clf/taxi/rows=full,not_recorded,,
m3ultra,algos/multioutput-reg/istella/rows=full,not_recorded,,
m3ultra,algos/multioutput-reg/taxi/rows=full,not_recorded,,
m3ultra,algos/nadam/synthetic/rows=full,not_recorded,,
m3ultra,algos/nearest-centroid/istella/rows=full,not_recorded,,
m3ultra,algos/nearest-centroid/taxi/rows=full,not_recorded,,
m3ultra,algos/nmf/istella/rows=full,not_recorded,,
m3ultra,algos/nmf/taxi/rows=full,not_recorded,,
m3ultra,algos/normalizer/istella/rows=full,not_recorded,,
m3ultra,algos/normalizer/taxi/rows=full,not_recorded,,
m3ultra,algos/ocsvm/istella/rows=full,not_recorded,,
m3ultra,algos/ocsvm/taxi/rows=full,not_recorded,,
m3ultra,algos/onehot/istella/rows=full,not_recorded,,
m3ultra,algos/onehot/taxi/rows=full,not_recorded,,
m3ultra,algos/optics/istella/rows=full,not_recorded,,
m3ultra,algos/optics/taxi/rows=full,not_recorded,,
m3ultra,algos/optimized-theta/synthetic/rows=full,not_recorded,,
m3ultra,algos/optimized-theta/taxi-hourly/rows=full,not_recorded,,
m3ultra,algos/ordinal/istella/rows=full,not_recorded,,
m3ultra,algos/ordinal/taxi/rows=full,not_recorded,,
m3ultra,algos/ovr/istella/rows=full,not_recorded,,
m3ultra,algos/ovr/taxi/rows=full,not_recorded,,
m3ultra,algos/pagerank/istella/rows=full,not_recorded,,
m3ultra,algos/pagerank/taxi/rows=full,not_recorded,,
m3ultra,algos/permutation-shap/istella/rows=full,not_recorded,,
m3ultra,algos/permutation-shap/taxi/rows=full,not_recorded,,
m3ultra,algos/permutation-test/istella/rows=full,not_recorded,,
m3ultra,algos/permutation-test/taxi/rows=full,not_recorded,,
m3ultra,algos/pls-canonical/istella/rows=full,not_recorded,,
m3ultra,algos/pls-canonical/taxi/rows=full,not_recorded,,
m3ultra,algos/pls/istella/rows=full,not_recorded,,
m3ultra,algos/pls/taxi/rows=full,not_recorded,,
m3ultra,algos/poly-count-sketch/istella/rows=full,not_recorded,,
m3ultra,algos/poly-count-sketch/taxi/rows=full,not_recorded,,
m3ultra,algos/poly-features/istella/rows=full,not_recorded,,
m3ultra,algos/poly-features/taxi/rows=full,not_recorded,,
m3ultra,algos/power-transformer/istella/rows=full,not_recorded,,
m3ultra,algos/power-transformer/taxi/rows=full,not_recorded,,
m3ultra,algos/prophet/synthetic/rows=full,not_recorded,,
m3ultra,algos/prophet/taxi-hourly/rows=full,not_recorded,,
m3ultra,algos/qda/istella/rows=full,not_recorded,,
m3ultra,algos/qda/taxi/rows=full,not_recorded,,
m3ultra,algos/qn-reg/istella/rows=full,not_recorded,,
m3ultra,algos/qn-reg/taxi/rows=full,not_recorded,,
m3ultra,algos/qr/istella/rows=full,not_recorded,,
m3ultra,algos/qr/taxi/rows=full,not_recorded,,
m3ultra,algos/quantile-transformer/istella/rows=full,not_recorded,,
m3ultra,algos/quantile-transformer/taxi/rows=full,not_recorded,,
m3ultra,algos/radius-neighbors/istella/rows=full,not_recorded,,
m3ultra,algos/radius-neighbors/taxi/rows=full,not_recorded,,
m3ultra,algos/random-trees-embedding/istella/rows=full,not_recorded,,
m3ultra,algos/random-trees-embedding/taxi/rows=full,not_recorded,,
m3ultra,algos/randomized-svd/istella/rows=full,not_recorded,,
m3ultra,algos/randomized-svd/taxi/rows=full,not_recorded,,
m3ultra,algos/resample/istella/rows=full,not_recorded,,
m3ultra,algos/resample/taxi/rows=full,not_recorded,,
m3ultra,algos/resnet-block/synthetic/rows=full,not_recorded,,
m3ultra,algos/rfe/istella/rows=full,not_recorded,,
m3ultra,algos/rfe/taxi/rows=full,not_recorded,,
m3ultra,algos/rmsprop/synthetic/rows=full,not_recorded,,
m3ultra,algos/rnn-clf/synthetic/rows=full,not_recorded,,
m3ultra,algos/rnn-clf/taxi-hourly/rows=full,not_recorded,,
m3ultra,algos/rnn-reg/synthetic/rows=full,not_recorded,,
m3ultra,algos/rnn-reg/taxi-hourly/rows=full,not_recorded,,
m3ultra,algos/robust-scaler/istella/rows=full,not_recorded,,
m3ultra,algos/robust-scaler/taxi/rows=full,not_recorded,,
m3ultra,algos/select-chi2/istella/rows=full,not_recorded,,
m3ultra,algos/select-chi2/taxi/rows=full,not_recorded,,
m3ultra,algos/select-d/synthetic/rows=full,not_recorded,,
m3ultra,algos/select-d/taxi-hourly/rows=full,not_recorded,,
m3ultra,algos/select-f-classif/istella/rows=full,not_recorded,,
m3ultra,algos/select-f-classif/taxi/rows=full,not_recorded,,
m3ultra,algos/select-f-regression/istella/rows=full,not_recorded,,
m3ultra,algos/select-f-regression/taxi/rows=full,not_recorded,,
m3ultra,algos/select-mutual-info-reg/istella/rows=full,not_recorded,,
m3ultra,algos/select-mutual-info-reg/taxi/rows=full,not_recorded,,
m3ultra,algos/select-mutual-info/istella/rows=full,not_recorded,,
m3ultra,algos/select-mutual-info/taxi/rows=full,not_recorded,,
m3ultra,algos/select-r-regression/istella/rows=full,not_recorded,,
m3ultra,algos/select-r-regression/taxi/rows=full,not_recorded,,
m3ultra,algos/sgd/synthetic/rows=full,not_recorded,,
m3ultra,algos/simple-imputer/istella/rows=full,not_recorded,,
m3ultra,algos/simple-imputer/taxi/rows=full,not_recorded,,
m3ultra,algos/skewed-chi2/istella/rows=full,not_recorded,,
m3ultra,algos/skewed-chi2/taxi/rows=full,not_recorded,,
m3ultra,algos/sparse-coder/istella/rows=full,not_recorded,,
m3ultra,algos/sparse-coder/taxi/rows=full,not_recorded,,
m3ultra,algos/sparse-pca/istella/rows=full,not_recorded,,
m3ultra,algos/sparse-pca/taxi/rows=full,not_recorded,,
m3ultra,algos/sparse-rp/istella/rows=full,not_recorded,,
m3ultra,algos/sparse-rp/taxi/rows=full,not_recorded,,
m3ultra,algos/spline/istella/rows=full,not_recorded,,
m3ultra,algos/spline/taxi/rows=full,not_recorded,,
m3ultra,algos/stacking-clf/istella/rows=full,not_recorded,,
m3ultra,algos/stacking-clf/taxi/rows=full,not_recorded,,
m3ultra,algos/stacking-reg/istella/rows=full,not_recorded,,
m3ultra,algos/stacking-reg/taxi/rows=full,not_recorded,,
m3ultra,algos/standard-scaler/istella/rows=full,not_recorded,,
m3ultra,algos/standard-scaler/taxi/rows=full,not_recorded,,
m3ultra,algos/stl/synthetic/rows=full,not_recorded,,
m3ultra,algos/stl/taxi-hourly/rows=full,not_recorded,,
m3ultra,algos/svd/istella/rows=full,not_recorded,,
m3ultra,algos/svd/taxi/rows=full,not_recorded,,
m3ultra,algos/svgp/istella/rows=full,not_recorded,,
m3ultra,algos/svgp/taxi/rows=full,not_recorded,,
m3ultra,algos/target-encoder/istella/rows=full,not_recorded,,
m3ultra,algos/target-encoder/taxi/rows=full,not_recorded,,
m3ultra,algos/theta/synthetic/rows=full,not_recorded,,
m3ultra,algos/theta/taxi-hourly/rows=full,not_recorded,,
m3ultra,algos/tree-shap/istella/rows=full,not_recorded,,
m3ultra,algos/tree-shap/taxi/rows=full,not_recorded,,
m3ultra,algos/tsne/istella/rows=full,not_recorded,,
m3ultra,algos/tsne/taxi/rows=full,not_recorded,,
m3ultra,algos/var/synthetic/rows=full,not_recorded,,
m3ultra,algos/var/taxi-hourly/rows=full,not_recorded,,
m3ultra,algos/variance-threshold/istella/rows=full,not_recorded,,
m3ultra,algos/variance-threshold/taxi/rows=full,not_recorded,,
m3ultra,algos/voting-clf/istella/rows=full,not_recorded,,
m3ultra,algos/voting-clf/taxi/rows=full,not_recorded,,
m3ultra,algos/voting-reg/istella/rows=full,not_recorded,,
m3ultra,algos/voting-reg/taxi/rows=full,not_recorded,,
m3ultra,algos/lars/istella/rows=full,arm_without_ok_timing,sklearn-cpu,"REFUSED(error: {""error"": ""OverflowError('int too large to convert to float')"", ""event"": ""error"", ""stage"": ""round 0""})"
m3ultra,algos/lars/istella/rows=full,arm_without_ok_timing,sklearn-cpu,"REFUSED(error: {""error"": ""OverflowError('int too large to convert to float')"", ""event"": ""error"", ""stage"": ""round 0""})"
m3ultra,algos/ridge-cv/istella/rows=full,arm_without_ok_timing,ours,"REFUSED(error: {""error"": ""ValueError('mojolearn RidgeCV: only cv=None, scoring=None, alpha_per_target=False are implemented')"", ""event"": ""error"", ""stage"": ""round 0""})"
m3ultra,algos/ridge-cv/istella/rows=full,arm_without_ok_timing,ours-fast,"REFUSED(error: {""error"": ""ValueError('mojolearn RidgeCV: only cv=None, scoring=None, alpha_per_target=False are implemented')"", ""event"": ""error"", ""stage"": ""round 0""})"
m3ultra,algos/ridge-cv/istella/rows=full,arm_without_ok_timing,ours,"REFUSED(error: {""error"": ""ValueError('mojolearn RidgeCV: only cv=None, scoring=None, alpha_per_target=False are implemented')"", ""event"": ""error"", ""stage"": ""round 0""})"
m3ultra,algos/ridge-cv/istella/rows=full,arm_without_ok_timing,ours-fast,"REFUSED(error: {""error"": ""ValueError('mojolearn RidgeCV: only cv=None, scoring=None, alpha_per_target=False are implemented')"", ""event"": ""error"", ""stage"": ""round 0""})"
m3ultra,algos/ridge-cv/taxi/rows=full,arm_without_ok_timing,ours,"REFUSED(error: {""error"": ""ValueError('mojolearn RidgeCV: only cv=None, scoring=None, alpha_per_target=False are implemented')"", ""event"": ""error"", ""stage"": ""round 0""})"
m3ultra,algos/ridge-cv/taxi/rows=full,arm_without_ok_timing,ours-fast,"REFUSED(error: {""error"": ""ValueError('mojolearn RidgeCV: only cv=None, scoring=None, alpha_per_target=False are implemented')"", ""event"": ""error"", ""stage"": ""round 0""})"
m3ultra,algos/ridge-cv/taxi/rows=full,arm_without_ok_timing,ours,"REFUSED(error: {""error"": ""ValueError('mojolearn RidgeCV: only cv=None, scoring=None, alpha_per_target=False are implemented')"", ""event"": ""error"", ""stage"": ""round 0""})"
m3ultra,algos/ridge-cv/taxi/rows=full,arm_without_ok_timing,ours-fast,"REFUSED(error: {""error"": ""ValueError('mojolearn RidgeCV: only cv=None, scoring=None, alpha_per_target=False are implemented')"", ""event"": ""error"", ""stage"": ""round 0""})"
m3ultra,classical/hdbscan/istella/rows=full,arm_without_ok_timing,ours,"REFUSED(error: {""error"": ""Exception(\""hdbscan.build_mr_linkage: n_rows=100000 > 46340; the dense mutual reachability graph is m * m cells and hierarchy's PAIRWISE connectivity refuses past that bound (their value_id)"
m3ultra,classical/hdbscan/istella/rows=full,arm_without_ok_timing,ours-fast,"REFUSED(error: {""error"": ""Exception(\""hdbscan.build_mr_linkage: n_rows=100000 > 46340; the dense mutual reachability graph is m * m cells and hierarchy's PAIRWISE connectivity refuses past that bound (their value_id)"
m3ultra,classical/hdbscan/taxi/rows=full,arm_without_ok_timing,ours,"REFUSED(error: {""error"": ""Exception(\""hdbscan.build_mr_linkage: n_rows=100000 > 46340; the dense mutual reachability graph is m * m cells and hierarchy's PAIRWISE connectivity refuses past that bound (their value_id)"
m3ultra,classical/ols/istella/rows=full,arm_without_ok_timing,torch-gpu,"REFUSED(error: {""error"": ""NotImplementedError(\""The operator 'aten::linalg_lstsq.out' is not currently implemented for the MPS device. If you want this op to be considered for addition please comment on https://gith)"
m3ultra,classical/ols/istella/rows=full,arm_without_ok_timing,torch-gpu,REFUSED(no_fit: null)
m3ultra,classical/ols/taxi/rows=full,arm_without_ok_timing,torch-gpu,"REFUSED(error: {""error"": ""NotImplementedError(\""The operator 'aten::linalg_lstsq.out' is not currently implemented for the MPS device. If you want this op to be considered for addition please comment on https://gith)"
m3ultra,classical/ols/taxi/rows=full,arm_without_ok_timing,torch-gpu,REFUSED(no_fit: null)
m3ultra,classical/pca/istella/rows=full,arm_without_ok_timing,torch-gpu,"REFUSED(error: {""error"": ""NotImplementedError(\""The operator 'aten::_linalg_eigh.eigenvalues' is not currently implemented for the MPS device. If you want this op to be considered for addition please comment on http)"
m3ultra,classical/pca/istella/rows=full,arm_without_ok_timing,torch-gpu,REFUSED(no_fit: null)
m3ultra,classical/pca/taxi/rows=full,arm_without_ok_timing,torch-gpu,"REFUSED(error: {""error"": ""NotImplementedError(\""The operator 'aten::_linalg_eigh.eigenvalues' is not currently implemented for the MPS device. If you want this op to be considered for addition please comment on http)"
m3ultra,classical/pca/taxi/rows=full,arm_without_ok_timing,torch-gpu,REFUSED(no_fit: null)
m3ultra,classical2/gmm/taxi/rows=full,arm_without_ok_timing,ours-fast,"REFUSED(error: {""error"": ""Exception(\""GaussianMixture: fitting the mixture model failed because some components have ill-defined empirical covariance (for instance caused by singleton or collapsed samples). Try to d)"
m3ultra,classical2/gmm/taxi/rows=full,arm_without_ok_timing,sklearn-cpu,"REFUSED(error: {""error"": ""ValueError('Fitting the mixture model failed because some components have ill-defined empirical covariance (for instance caused by singleton or collapsed samples). Try to decrease the numbe)"
m3ultra,classical2/nystroem/istella/rows=full,arm_without_ok_timing,ours,"REFUSED(error: {""error"": ""Exception('km_basis_indices: n_samples 100000 exceeds KM_MAX_BASIS_POOL = 4096. The rank pass counts a total order over every pair of rows, which is n_samples^2 host comparisons. To close t)"
m3ultra,classical2/nystroem/istella/rows=full,arm_without_ok_timing,ours-fast,"REFUSED(error: {""error"": ""Exception('km_basis_indices: n_samples 100000 exceeds KM_MAX_BASIS_POOL = 4096. The rank pass counts a total order over every pair of rows, which is n_samples^2 host comparisons. To close t)"
m3ultra,classical2/nystroem/taxi/rows=full,arm_without_ok_timing,ours,"REFUSED(error: {""error"": ""Exception('km_basis_indices: n_samples 100000 exceeds KM_MAX_BASIS_POOL = 4096. The rank pass counts a total order over every pair of rows, which is n_samples^2 host comparisons. To close t)"
m3ultra,classical2/nystroem/taxi/rows=full,arm_without_ok_timing,ours-fast,"REFUSED(error: {""error"": ""Exception('km_basis_indices: n_samples 100000 exceeds KM_MAX_BASIS_POOL = 4096. The rank pass counts a total order over every pair of rows, which is n_samples^2 host comparisons. To close t)"
m3ultra,neural/mamba3-forward/gaussian/shape=full,arm_without_ok_timing,torch-compile-fp32,"REFUSED(error: {""error"": ""REFUSED: torch-compile-fp32 on mps failed in round 0 (compile happens here): InductorError('SyntaxError: failed to compile #include <c10/metal/reduction_utils.h>\\n#include <c10/metal/utils)"
m3ultra,neural/mamba3-forward/gaussian/shape=full,arm_without_ok_timing,torch-compile-bf16,"REFUSED(error: {""error"": ""REFUSED: torch-compile-bf16 on mps failed in round 0 (compile happens here): InductorError('SyntaxError: failed to compile #include <c10/metal/reduction_utils.h>\\n#include <c10/metal/utils)"
m3ultra,neural/samba-forward/bytes/shape=full,arm_without_ok_timing,torch-compile-fp32,"REFUSED(error: {""error"": ""REFUSED: torch-compile-fp32 on mps failed in round 0 (compile happens here): InductorError('SyntaxError: failed to compile #include <c10/metal/error.h>\\n#include <c10/metal/reduction_utils)"
m3ultra,neural/samba-forward/bytes/shape=full,arm_without_ok_timing,torch-compile-bf16,"REFUSED(error: {""error"": ""REFUSED: torch-compile-bf16 on mps failed in round 0 (compile happens here): InductorError('SyntaxError: failed to compile #include <c10/metal/error.h>\\n#include <c10/metal/reduction_utils)"
m3ultra,neural/samba-train-step/bytes/shape=full,arm_without_ok_timing,torch-compile-fp32,"REFUSED(error: {""error"": ""REFUSED: torch-compile-fp32 on mps failed in round 0 (compile happens here): InductorError('SyntaxError: failed to compile #include <c10/metal/error.h>\\n#include <c10/metal/reduction_utils)"
m3ultra,neural/samba-train-step/bytes/shape=full,arm_without_ok_timing,torch-compile-bf16,"REFUSED(error: {""error"": ""REFUSED: torch-compile-bf16 on mps failed in round 0 (compile happens here): InductorError('SyntaxError: failed to compile #include <c10/metal/error.h>\\n#include <c10/metal/reduction_utils)"
