# vendor=cpu-amd-epyc-9965-192-core-processor commit=372609f8e819e680f9a3b2ab9e92bd1cd5624b09 (MOJOLEARN_COMMIT) host.cpu_model='AMD EPYC 9965 192-Core Processor' host.column=cpu host.families=['_mojolearn_arima_host', '_mojolearn_byte_lm_host', '_mojolearn_core_host', '_mojolearn_embedding_host', '_mojolearn_embedding_infer_host', '_mojolearn_estimators_host', '_mojolearn_forecast_host', '_mojolearn_forest_host', '_mojolearn_gbdt_host', '_mojolearn_gp_host', '_mojolearn_gp_infer_host', '_mojolearn_hdbscan_host', '_mojolearn_hdbscan_infer_host', '_mojolearn_ivf_host', '_mojolearn_ivf_search_host', '_mojolearn_kernel_methods_host', '_mojolearn_linalg_host', '_mojolearn_mamba_host', '_mojolearn_metrics_host', '_mojolearn_mixture_host', '_mojolearn_mixture_infer_host', '_mojolearn_neural_host', '_mojolearn_preprocessing_host', '_mojolearn_resample_host', '_mojolearn_rf_host', '_mojolearn_solver_host', '_mojolearn_svm_host', '_mojolearn_tokenizer_host', '_mojolearn_training_host', '_mojolearn_transformer_host', '_mojolearn_trees_host', '_mojolearn_tsa_host']
# identity_break  mode=identical  2026-09-17 20:17:16  Linux-6.8.0-136-generic-x86_64-with-glibc2.35
# per lane: the train row, then an `infer` row (held-out rows), a `model` row (saved bytes) and a `batch` row (whole batch vs rows alone, a split and prefixes) where the lane has them
| lane                   | base             | ties             | hashed           | wide             | denormal         | denormal_ftz     | dupes            | odd              | negative         |
|------------------------|------------------|------------------|------------------|------------------|------------------|------------------|------------------|------------------|------------------|
# START rf-reg/base repeat=1/train
# DONE rf-reg/base repeat=1/train 0.692s
# START rf-reg/base repeat=1/infer-save-reload
# DONE rf-reg/base repeat=1/infer-save-reload 0.033s
# START rf-reg/base repeat=1/batch
# DONE rf-reg/base repeat=1/batch 0.076s
# START rf-reg/base repeat=1/batchgrad
# DONE rf-reg/base repeat=1/batchgrad 0.000s
# START rf-reg/base repeat=1/batchscale
# DONE rf-reg/base repeat=1/batchscale 0.006s
# START rf-reg/base repeat=1/ragged
# DONE rf-reg/base repeat=1/ragged 0.000s
# START rf-reg/base repeat=1/stepfull
# DONE rf-reg/base repeat=1/stepfull 0.000s
# START rf-reg/base repeat=2/train
# DONE rf-reg/base repeat=2/train 0.693s
# START rf-reg/base repeat=2/infer-save-reload
# DONE rf-reg/base repeat=2/infer-save-reload 0.034s
# START rf-reg/base repeat=2/batch
# DONE rf-reg/base repeat=2/batch 0.084s
# START rf-reg/base repeat=2/batchgrad
# DONE rf-reg/base repeat=2/batchgrad 0.000s
# START rf-reg/base repeat=2/batchscale
# DONE rf-reg/base repeat=2/batchscale 0.006s
# START rf-reg/base repeat=2/ragged
# DONE rf-reg/base repeat=2/ragged 0.000s
# START rf-reg/base repeat=2/stepfull
# DONE rf-reg/base repeat=2/stepfull 0.000s
# CELL rf-reg/base STABLE 1.625s
# START rf-reg/ties repeat=1/train
# DONE rf-reg/ties repeat=1/train 0.614s
# START rf-reg/ties repeat=1/infer-save-reload
# DONE rf-reg/ties repeat=1/infer-save-reload 0.043s
# START rf-reg/ties repeat=1/batch
# DONE rf-reg/ties repeat=1/batch 0.076s
# START rf-reg/ties repeat=1/batchgrad
# DONE rf-reg/ties repeat=1/batchgrad 0.000s
# START rf-reg/ties repeat=1/batchscale
# DONE rf-reg/ties repeat=1/batchscale 0.007s
# START rf-reg/ties repeat=1/ragged
# DONE rf-reg/ties repeat=1/ragged 0.000s
# START rf-reg/ties repeat=1/stepfull
# DONE rf-reg/ties repeat=1/stepfull 0.000s
# START rf-reg/ties repeat=2/train
# DONE rf-reg/ties repeat=2/train 0.610s
# START rf-reg/ties repeat=2/infer-save-reload
# DONE rf-reg/ties repeat=2/infer-save-reload 0.039s
# START rf-reg/ties repeat=2/batch
# DONE rf-reg/ties repeat=2/batch 0.075s
# START rf-reg/ties repeat=2/batchgrad
# DONE rf-reg/ties repeat=2/batchgrad 0.000s
# START rf-reg/ties repeat=2/batchscale
# DONE rf-reg/ties repeat=2/batchscale 0.007s
# START rf-reg/ties repeat=2/ragged
# DONE rf-reg/ties repeat=2/ragged 0.000s
# START rf-reg/ties repeat=2/stepfull
# DONE rf-reg/ties repeat=2/stepfull 0.000s
# CELL rf-reg/ties STABLE 1.472s
# START rf-reg/hashed repeat=1/train
# DONE rf-reg/hashed repeat=1/train 0.690s
# START rf-reg/hashed repeat=1/infer-save-reload
# DONE rf-reg/hashed repeat=1/infer-save-reload 0.031s
# START rf-reg/hashed repeat=1/batch
# DONE rf-reg/hashed repeat=1/batch 0.077s
# START rf-reg/hashed repeat=1/batchgrad
# DONE rf-reg/hashed repeat=1/batchgrad 0.000s
# START rf-reg/hashed repeat=1/batchscale
# DONE rf-reg/hashed repeat=1/batchscale 0.006s
# START rf-reg/hashed repeat=1/ragged
# DONE rf-reg/hashed repeat=1/ragged 0.000s
# START rf-reg/hashed repeat=1/stepfull
# DONE rf-reg/hashed repeat=1/stepfull 0.000s
# START rf-reg/hashed repeat=2/train
# DONE rf-reg/hashed repeat=2/train 0.690s
# START rf-reg/hashed repeat=2/infer-save-reload
# DONE rf-reg/hashed repeat=2/infer-save-reload 0.034s
# START rf-reg/hashed repeat=2/batch
# DONE rf-reg/hashed repeat=2/batch 0.071s
# START rf-reg/hashed repeat=2/batchgrad
# DONE rf-reg/hashed repeat=2/batchgrad 0.000s
# START rf-reg/hashed repeat=2/batchscale
# DONE rf-reg/hashed repeat=2/batchscale 0.006s
# START rf-reg/hashed repeat=2/ragged
# DONE rf-reg/hashed repeat=2/ragged 0.000s
# START rf-reg/hashed repeat=2/stepfull
# DONE rf-reg/hashed repeat=2/stepfull 0.000s
# CELL rf-reg/hashed STABLE 1.605s
# START rf-reg/wide repeat=1/train
# DONE rf-reg/wide repeat=1/train 0.699s
# START rf-reg/wide repeat=1/infer-save-reload
# DONE rf-reg/wide repeat=1/infer-save-reload 0.034s
# START rf-reg/wide repeat=1/batch
# DONE rf-reg/wide repeat=1/batch 0.080s
# START rf-reg/wide repeat=1/batchgrad
# DONE rf-reg/wide repeat=1/batchgrad 0.000s
# START rf-reg/wide repeat=1/batchscale
# DONE rf-reg/wide repeat=1/batchscale 0.006s
# START rf-reg/wide repeat=1/ragged
# DONE rf-reg/wide repeat=1/ragged 0.000s
# START rf-reg/wide repeat=1/stepfull
# DONE rf-reg/wide repeat=1/stepfull 0.000s
# START rf-reg/wide repeat=2/train
# DONE rf-reg/wide repeat=2/train 0.693s
# START rf-reg/wide repeat=2/infer-save-reload
# DONE rf-reg/wide repeat=2/infer-save-reload 0.033s
# START rf-reg/wide repeat=2/batch
# DONE rf-reg/wide repeat=2/batch 0.070s
# START rf-reg/wide repeat=2/batchgrad
# DONE rf-reg/wide repeat=2/batchgrad 0.000s
# START rf-reg/wide repeat=2/batchscale
# DONE rf-reg/wide repeat=2/batchscale 0.006s
# START rf-reg/wide repeat=2/ragged
# DONE rf-reg/wide repeat=2/ragged 0.000s
# START rf-reg/wide repeat=2/stepfull
# DONE rf-reg/wide repeat=2/stepfull 0.000s
# CELL rf-reg/wide STABLE 1.622s
# START rf-reg/denormal repeat=1/train
# DONE rf-reg/denormal repeat=1/train 0.689s
# START rf-reg/denormal repeat=1/infer-save-reload
# DONE rf-reg/denormal repeat=1/infer-save-reload 0.034s
# START rf-reg/denormal repeat=1/batch
# DONE rf-reg/denormal repeat=1/batch 0.082s
# START rf-reg/denormal repeat=1/batchgrad
# DONE rf-reg/denormal repeat=1/batchgrad 0.000s
# START rf-reg/denormal repeat=1/batchscale
# DONE rf-reg/denormal repeat=1/batchscale 0.006s
# START rf-reg/denormal repeat=1/ragged
# DONE rf-reg/denormal repeat=1/ragged 0.000s
# START rf-reg/denormal repeat=1/stepfull
# DONE rf-reg/denormal repeat=1/stepfull 0.000s
# START rf-reg/denormal repeat=2/train
# DONE rf-reg/denormal repeat=2/train 0.686s
# START rf-reg/denormal repeat=2/infer-save-reload
# DONE rf-reg/denormal repeat=2/infer-save-reload 0.036s
# START rf-reg/denormal repeat=2/batch
# DONE rf-reg/denormal repeat=2/batch 0.070s
# START rf-reg/denormal repeat=2/batchgrad
# DONE rf-reg/denormal repeat=2/batchgrad 0.000s
# START rf-reg/denormal repeat=2/batchscale
# DONE rf-reg/denormal repeat=2/batchscale 0.006s
# START rf-reg/denormal repeat=2/ragged
# DONE rf-reg/denormal repeat=2/ragged 0.000s
# START rf-reg/denormal repeat=2/stepfull
# DONE rf-reg/denormal repeat=2/stepfull 0.000s
# CELL rf-reg/denormal STABLE 1.610s
# START rf-reg/denormal_ftz repeat=1/train
# DONE rf-reg/denormal_ftz repeat=1/train 0.684s
# START rf-reg/denormal_ftz repeat=1/infer-save-reload
# DONE rf-reg/denormal_ftz repeat=1/infer-save-reload 0.034s
# START rf-reg/denormal_ftz repeat=1/batch
# DONE rf-reg/denormal_ftz repeat=1/batch 0.082s
# START rf-reg/denormal_ftz repeat=1/batchgrad
# DONE rf-reg/denormal_ftz repeat=1/batchgrad 0.000s
# START rf-reg/denormal_ftz repeat=1/batchscale
# DONE rf-reg/denormal_ftz repeat=1/batchscale 0.007s
# START rf-reg/denormal_ftz repeat=1/ragged
# DONE rf-reg/denormal_ftz repeat=1/ragged 0.000s
# START rf-reg/denormal_ftz repeat=1/stepfull
# DONE rf-reg/denormal_ftz repeat=1/stepfull 0.000s
# START rf-reg/denormal_ftz repeat=2/train
# DONE rf-reg/denormal_ftz repeat=2/train 0.685s
# START rf-reg/denormal_ftz repeat=2/infer-save-reload
# DONE rf-reg/denormal_ftz repeat=2/infer-save-reload 0.037s
# START rf-reg/denormal_ftz repeat=2/batch
# DONE rf-reg/denormal_ftz repeat=2/batch 0.074s
# START rf-reg/denormal_ftz repeat=2/batchgrad
# DONE rf-reg/denormal_ftz repeat=2/batchgrad 0.000s
# START rf-reg/denormal_ftz repeat=2/batchscale
# DONE rf-reg/denormal_ftz repeat=2/batchscale 0.006s
# START rf-reg/denormal_ftz repeat=2/ragged
# DONE rf-reg/denormal_ftz repeat=2/ragged 0.000s
# START rf-reg/denormal_ftz repeat=2/stepfull
# DONE rf-reg/denormal_ftz repeat=2/stepfull 0.000s
# CELL rf-reg/denormal_ftz STABLE 1.610s
# START rf-reg/dupes repeat=1/train
# DONE rf-reg/dupes repeat=1/train 0.676s
# START rf-reg/dupes repeat=1/infer-save-reload
# DONE rf-reg/dupes repeat=1/infer-save-reload 0.037s
# START rf-reg/dupes repeat=1/batch
# DONE rf-reg/dupes repeat=1/batch 0.074s
# START rf-reg/dupes repeat=1/batchgrad
# DONE rf-reg/dupes repeat=1/batchgrad 0.000s
# START rf-reg/dupes repeat=1/batchscale
# DONE rf-reg/dupes repeat=1/batchscale 0.006s
# START rf-reg/dupes repeat=1/ragged
# DONE rf-reg/dupes repeat=1/ragged 0.000s
# START rf-reg/dupes repeat=1/stepfull
# DONE rf-reg/dupes repeat=1/stepfull 0.000s
# START rf-reg/dupes repeat=2/train
# DONE rf-reg/dupes repeat=2/train 0.674s
# START rf-reg/dupes repeat=2/infer-save-reload
# DONE rf-reg/dupes repeat=2/infer-save-reload 0.037s
# START rf-reg/dupes repeat=2/batch
# DONE rf-reg/dupes repeat=2/batch 0.083s
# START rf-reg/dupes repeat=2/batchgrad
# DONE rf-reg/dupes repeat=2/batchgrad 0.000s
# START rf-reg/dupes repeat=2/batchscale
# DONE rf-reg/dupes repeat=2/batchscale 0.007s
# START rf-reg/dupes repeat=2/ragged
# DONE rf-reg/dupes repeat=2/ragged 0.000s
# START rf-reg/dupes repeat=2/stepfull
# DONE rf-reg/dupes repeat=2/stepfull 0.000s
# CELL rf-reg/dupes STABLE 1.594s
# START rf-reg/odd repeat=1/train
# DONE rf-reg/odd repeat=1/train 0.597s
# START rf-reg/odd repeat=1/infer-save-reload
# DONE rf-reg/odd repeat=1/infer-save-reload 0.023s
# START rf-reg/odd repeat=1/batch
# DONE rf-reg/odd repeat=1/batch 0.048s
# START rf-reg/odd repeat=1/batchgrad
# DONE rf-reg/odd repeat=1/batchgrad 0.000s
# START rf-reg/odd repeat=1/batchscale
# DONE rf-reg/odd repeat=1/batchscale 0.006s
# START rf-reg/odd repeat=1/ragged
# DONE rf-reg/odd repeat=1/ragged 0.000s
# START rf-reg/odd repeat=1/stepfull
# DONE rf-reg/odd repeat=1/stepfull 0.000s
# START rf-reg/odd repeat=2/train
# DONE rf-reg/odd repeat=2/train 0.593s
# START rf-reg/odd repeat=2/infer-save-reload
# DONE rf-reg/odd repeat=2/infer-save-reload 0.024s
# START rf-reg/odd repeat=2/batch
# DONE rf-reg/odd repeat=2/batch 0.048s
# START rf-reg/odd repeat=2/batchgrad
# DONE rf-reg/odd repeat=2/batchgrad 0.000s
# START rf-reg/odd repeat=2/batchscale
# DONE rf-reg/odd repeat=2/batchscale 0.006s
# START rf-reg/odd repeat=2/ragged
# DONE rf-reg/odd repeat=2/ragged 0.000s
# START rf-reg/odd repeat=2/stepfull
# DONE rf-reg/odd repeat=2/stepfull 0.000s
# CELL rf-reg/odd STABLE 1.347s
# START rf-reg/negative repeat=1/train
# DONE rf-reg/negative repeat=1/train 0.688s
# START rf-reg/negative repeat=1/infer-save-reload
# DONE rf-reg/negative repeat=1/infer-save-reload 0.037s
# START rf-reg/negative repeat=1/batch
# DONE rf-reg/negative repeat=1/batch 0.084s
# START rf-reg/negative repeat=1/batchgrad
# DONE rf-reg/negative repeat=1/batchgrad 0.000s
# START rf-reg/negative repeat=1/batchscale
# DONE rf-reg/negative repeat=1/batchscale 0.006s
# START rf-reg/negative repeat=1/ragged
# DONE rf-reg/negative repeat=1/ragged 0.000s
# START rf-reg/negative repeat=1/stepfull
# DONE rf-reg/negative repeat=1/stepfull 0.000s
# START rf-reg/negative repeat=2/train
# DONE rf-reg/negative repeat=2/train 0.680s
# START rf-reg/negative repeat=2/infer-save-reload
# DONE rf-reg/negative repeat=2/infer-save-reload 0.037s
# START rf-reg/negative repeat=2/batch
# DONE rf-reg/negative repeat=2/batch 0.074s
# START rf-reg/negative repeat=2/batchgrad
# DONE rf-reg/negative repeat=2/batchgrad 0.000s
# START rf-reg/negative repeat=2/batchscale
# DONE rf-reg/negative repeat=2/batchscale 0.007s
# START rf-reg/negative repeat=2/ragged
# DONE rf-reg/negative repeat=2/ragged 0.000s
# START rf-reg/negative repeat=2/stepfull
# DONE rf-reg/negative repeat=2/stepfull 0.000s
# CELL rf-reg/negative STABLE 1.612s
| rf-reg                 | f032017cfd1c73dd | ec6e7b28cd0d16a9 | c755113ac878c8b9 | 8d9b05172d7a3777 | feed3869ba06eaf7 | feed3869ba06eaf7 | 55f5becd2a3a172c | 33f207a8fab32866 | cd81c456c75aaaf0 |
| rf-reg infer           | 16465c479f279614 | 9e088d6c6c1bf54b | c451d1194f8c47f5 | 1dddbff05a6645de | f2dbdf86d13054aa | f2dbdf86d13054aa | 76d74b876471a685 | c297fa86d8e8923e | b8e07686422213e6 |
| rf-reg model           | ee1ec176625ae198 | a35ee93f7a000cbd | 3ce6c16334ce58a2 | f252dc1602084e7d | 477f1583967a6e80 | 477f1583967a6e80 | 1836f0b40183be27 | 95f31ab2b2ce0d0e | 9deda76973ef536f |
| rf-reg batch           | f01eff208024fbd2 | cdda8ca2f47be0d0 | 2beefbce28d7b6fd | ab6df57a882a7235 | 348b6075bf065c1e | 348b6075bf065c1e | 437234d1b789556e | 263d83348195984e | a1dedfde3094b24b |
| rf-reg batchscale      | ad8c4905a151e05b | ba91f9ad5352d816 | d733d5626282fdd7 | a0b0ff154c73feec | 2fd591d9d252276d | 2fd591d9d252276d | ea388fa6f63e7b44 | 26a7e83ee9a69454 | 65b84d5b54828064 |
# START et-reg/base repeat=1/train
# DONE et-reg/base repeat=1/train 0.236s
# START et-reg/base repeat=1/infer-save-reload
# DONE et-reg/base repeat=1/infer-save-reload 0.043s
# START et-reg/base repeat=1/batch
# DONE et-reg/base repeat=1/batch 0.088s
# START et-reg/base repeat=1/batchgrad
# DONE et-reg/base repeat=1/batchgrad 0.000s
# START et-reg/base repeat=1/batchscale
# DONE et-reg/base repeat=1/batchscale 0.000s
# START et-reg/base repeat=1/ragged
# DONE et-reg/base repeat=1/ragged 0.000s
# START et-reg/base repeat=1/stepfull
# DONE et-reg/base repeat=1/stepfull 0.000s
# START et-reg/base repeat=2/train
# DONE et-reg/base repeat=2/train 0.231s
# START et-reg/base repeat=2/infer-save-reload
# DONE et-reg/base repeat=2/infer-save-reload 0.035s
# START et-reg/base repeat=2/batch
# DONE et-reg/base repeat=2/batch 0.075s
# START et-reg/base repeat=2/batchgrad
# DONE et-reg/base repeat=2/batchgrad 0.000s
# START et-reg/base repeat=2/batchscale
# DONE et-reg/base repeat=2/batchscale 0.000s
# START et-reg/base repeat=2/ragged
# DONE et-reg/base repeat=2/ragged 0.000s
# START et-reg/base repeat=2/stepfull
# DONE et-reg/base repeat=2/stepfull 0.000s
# CELL et-reg/base STABLE 0.709s
# START et-reg/ties repeat=1/train
# DONE et-reg/ties repeat=1/train 0.313s
# START et-reg/ties repeat=1/infer-save-reload
# DONE et-reg/ties repeat=1/infer-save-reload 0.036s
# START et-reg/ties repeat=1/batch
# DONE et-reg/ties repeat=1/batch 0.086s
# START et-reg/ties repeat=1/batchgrad
# DONE et-reg/ties repeat=1/batchgrad 0.000s
# START et-reg/ties repeat=1/batchscale
# DONE et-reg/ties repeat=1/batchscale 0.000s
# START et-reg/ties repeat=1/ragged
# DONE et-reg/ties repeat=1/ragged 0.000s
# START et-reg/ties repeat=1/stepfull
# DONE et-reg/ties repeat=1/stepfull 0.000s
# START et-reg/ties repeat=2/train
# DONE et-reg/ties repeat=2/train 0.312s
# START et-reg/ties repeat=2/infer-save-reload
# DONE et-reg/ties repeat=2/infer-save-reload 0.036s
# START et-reg/ties repeat=2/batch
# DONE et-reg/ties repeat=2/batch 0.077s
# START et-reg/ties repeat=2/batchgrad
# DONE et-reg/ties repeat=2/batchgrad 0.000s
# START et-reg/ties repeat=2/batchscale
# DONE et-reg/ties repeat=2/batchscale 0.000s
# START et-reg/ties repeat=2/ragged
# DONE et-reg/ties repeat=2/ragged 0.000s
# START et-reg/ties repeat=2/stepfull
# DONE et-reg/ties repeat=2/stepfull 0.000s
# CELL et-reg/ties STABLE 0.862s
# START et-reg/hashed repeat=1/train
# DONE et-reg/hashed repeat=1/train 0.295s
# START et-reg/hashed repeat=1/infer-save-reload
# DONE et-reg/hashed repeat=1/infer-save-reload 0.036s
# START et-reg/hashed repeat=1/batch
# DONE et-reg/hashed repeat=1/batch 0.079s
# START et-reg/hashed repeat=1/batchgrad
# DONE et-reg/hashed repeat=1/batchgrad 0.000s
# START et-reg/hashed repeat=1/batchscale
# DONE et-reg/hashed repeat=1/batchscale 0.000s
# START et-reg/hashed repeat=1/ragged
# DONE et-reg/hashed repeat=1/ragged 0.000s
# START et-reg/hashed repeat=1/stepfull
# DONE et-reg/hashed repeat=1/stepfull 0.000s
# START et-reg/hashed repeat=2/train
# DONE et-reg/hashed repeat=2/train 0.295s
# START et-reg/hashed repeat=2/infer-save-reload
# DONE et-reg/hashed repeat=2/infer-save-reload 0.036s
# START et-reg/hashed repeat=2/batch
# DONE et-reg/hashed repeat=2/batch 0.088s
# START et-reg/hashed repeat=2/batchgrad
# DONE et-reg/hashed repeat=2/batchgrad 0.000s
# START et-reg/hashed repeat=2/batchscale
# DONE et-reg/hashed repeat=2/batchscale 0.000s
# START et-reg/hashed repeat=2/ragged
# DONE et-reg/hashed repeat=2/ragged 0.000s
# START et-reg/hashed repeat=2/stepfull
# DONE et-reg/hashed repeat=2/stepfull 0.000s
# CELL et-reg/hashed STABLE 0.829s
# START et-reg/wide repeat=1/train
# DONE et-reg/wide repeat=1/train 0.213s
# START et-reg/wide repeat=1/infer-save-reload
# DONE et-reg/wide repeat=1/infer-save-reload 0.034s
# START et-reg/wide repeat=1/batch
# DONE et-reg/wide repeat=1/batch 0.074s
# START et-reg/wide repeat=1/batchgrad
# DONE et-reg/wide repeat=1/batchgrad 0.000s
# START et-reg/wide repeat=1/batchscale
# DONE et-reg/wide repeat=1/batchscale 0.000s
# START et-reg/wide repeat=1/ragged
# DONE et-reg/wide repeat=1/ragged 0.000s
# START et-reg/wide repeat=1/stepfull
# DONE et-reg/wide repeat=1/stepfull 0.000s
# START et-reg/wide repeat=2/train
# DONE et-reg/wide repeat=2/train 0.213s
# START et-reg/wide repeat=2/infer-save-reload
# DONE et-reg/wide repeat=2/infer-save-reload 0.034s
# START et-reg/wide repeat=2/batch
# DONE et-reg/wide repeat=2/batch 0.085s
# START et-reg/wide repeat=2/batchgrad
# DONE et-reg/wide repeat=2/batchgrad 0.000s
# START et-reg/wide repeat=2/batchscale
# DONE et-reg/wide repeat=2/batchscale 0.000s
# START et-reg/wide repeat=2/ragged
# DONE et-reg/wide repeat=2/ragged 0.000s
# START et-reg/wide repeat=2/stepfull
# DONE et-reg/wide repeat=2/stepfull 0.000s
# CELL et-reg/wide STABLE 0.653s
# START et-reg/denormal repeat=1/train
# DONE et-reg/denormal repeat=1/train 0.229s
# START et-reg/denormal repeat=1/infer-save-reload
# DONE et-reg/denormal repeat=1/infer-save-reload 0.035s
# START et-reg/denormal repeat=1/batch
# DONE et-reg/denormal repeat=1/batch 0.076s
# START et-reg/denormal repeat=1/batchgrad
# DONE et-reg/denormal repeat=1/batchgrad 0.000s
# START et-reg/denormal repeat=1/batchscale
# DONE et-reg/denormal repeat=1/batchscale 0.000s
# START et-reg/denormal repeat=1/ragged
# DONE et-reg/denormal repeat=1/ragged 0.000s
# START et-reg/denormal repeat=1/stepfull
# DONE et-reg/denormal repeat=1/stepfull 0.000s
# START et-reg/denormal repeat=2/train
# DONE et-reg/denormal repeat=2/train 0.229s
# START et-reg/denormal repeat=2/infer-save-reload
# DONE et-reg/denormal repeat=2/infer-save-reload 0.035s
# START et-reg/denormal repeat=2/batch
# DONE et-reg/denormal repeat=2/batch 0.087s
# START et-reg/denormal repeat=2/batchgrad
# DONE et-reg/denormal repeat=2/batchgrad 0.000s
# START et-reg/denormal repeat=2/batchscale
# DONE et-reg/denormal repeat=2/batchscale 0.000s
# START et-reg/denormal repeat=2/ragged
# DONE et-reg/denormal repeat=2/ragged 0.000s
# START et-reg/denormal repeat=2/stepfull
# DONE et-reg/denormal repeat=2/stepfull 0.000s
# CELL et-reg/denormal STABLE 0.691s
# START et-reg/denormal_ftz repeat=1/train
# DONE et-reg/denormal_ftz repeat=1/train 0.229s
# START et-reg/denormal_ftz repeat=1/infer-save-reload
# DONE et-reg/denormal_ftz repeat=1/infer-save-reload 0.035s
# START et-reg/denormal_ftz repeat=1/batch
# DONE et-reg/denormal_ftz repeat=1/batch 0.076s
# START et-reg/denormal_ftz repeat=1/batchgrad
# DONE et-reg/denormal_ftz repeat=1/batchgrad 0.000s
# START et-reg/denormal_ftz repeat=1/batchscale
# DONE et-reg/denormal_ftz repeat=1/batchscale 0.000s
# START et-reg/denormal_ftz repeat=1/ragged
# DONE et-reg/denormal_ftz repeat=1/ragged 0.000s
# START et-reg/denormal_ftz repeat=1/stepfull
# DONE et-reg/denormal_ftz repeat=1/stepfull 0.000s
# START et-reg/denormal_ftz repeat=2/train
# DONE et-reg/denormal_ftz repeat=2/train 0.228s
# START et-reg/denormal_ftz repeat=2/infer-save-reload
# DONE et-reg/denormal_ftz repeat=2/infer-save-reload 0.035s
# START et-reg/denormal_ftz repeat=2/batch
# DONE et-reg/denormal_ftz repeat=2/batch 0.077s
# START et-reg/denormal_ftz repeat=2/batchgrad
# DONE et-reg/denormal_ftz repeat=2/batchgrad 0.000s
# START et-reg/denormal_ftz repeat=2/batchscale
# DONE et-reg/denormal_ftz repeat=2/batchscale 0.000s
# START et-reg/denormal_ftz repeat=2/ragged
# DONE et-reg/denormal_ftz repeat=2/ragged 0.000s
# START et-reg/denormal_ftz repeat=2/stepfull
# DONE et-reg/denormal_ftz repeat=2/stepfull 0.000s
# CELL et-reg/denormal_ftz STABLE 0.680s
# START et-reg/dupes repeat=1/train
# DONE et-reg/dupes repeat=1/train 0.219s
# START et-reg/dupes repeat=1/infer-save-reload
# DONE et-reg/dupes repeat=1/infer-save-reload 0.034s
# START et-reg/dupes repeat=1/batch
# DONE et-reg/dupes repeat=1/batch 0.083s
# START et-reg/dupes repeat=1/batchgrad
# DONE et-reg/dupes repeat=1/batchgrad 0.000s
# START et-reg/dupes repeat=1/batchscale
# DONE et-reg/dupes repeat=1/batchscale 0.000s
# START et-reg/dupes repeat=1/ragged
# DONE et-reg/dupes repeat=1/ragged 0.000s
# START et-reg/dupes repeat=1/stepfull
# DONE et-reg/dupes repeat=1/stepfull 0.000s
# START et-reg/dupes repeat=2/train
# DONE et-reg/dupes repeat=2/train 0.220s
# START et-reg/dupes repeat=2/infer-save-reload
# DONE et-reg/dupes repeat=2/infer-save-reload 0.034s
# START et-reg/dupes repeat=2/batch
# DONE et-reg/dupes repeat=2/batch 0.074s
# START et-reg/dupes repeat=2/batchgrad
# DONE et-reg/dupes repeat=2/batchgrad 0.000s
# START et-reg/dupes repeat=2/batchscale
# DONE et-reg/dupes repeat=2/batchscale 0.000s
# START et-reg/dupes repeat=2/ragged
# DONE et-reg/dupes repeat=2/ragged 0.000s
# START et-reg/dupes repeat=2/stepfull
# DONE et-reg/dupes repeat=2/stepfull 0.000s
# CELL et-reg/dupes STABLE 0.666s
# START et-reg/odd repeat=1/train
# DONE et-reg/odd repeat=1/train 0.152s
# START et-reg/odd repeat=1/infer-save-reload
# DONE et-reg/odd repeat=1/infer-save-reload 0.022s
# START et-reg/odd repeat=1/batch
# DONE et-reg/odd repeat=1/batch 0.056s
# START et-reg/odd repeat=1/batchgrad
# DONE et-reg/odd repeat=1/batchgrad 0.000s
# START et-reg/odd repeat=1/batchscale
# DONE et-reg/odd repeat=1/batchscale 0.000s
# START et-reg/odd repeat=1/ragged
# DONE et-reg/odd repeat=1/ragged 0.000s
# START et-reg/odd repeat=1/stepfull
# DONE et-reg/odd repeat=1/stepfull 0.000s
# START et-reg/odd repeat=2/train
# DONE et-reg/odd repeat=2/train 0.153s
# START et-reg/odd repeat=2/infer-save-reload
# DONE et-reg/odd repeat=2/infer-save-reload 0.025s
# START et-reg/odd repeat=2/batch
# DONE et-reg/odd repeat=2/batch 0.050s
# START et-reg/odd repeat=2/batchgrad
# DONE et-reg/odd repeat=2/batchgrad 0.000s
# START et-reg/odd repeat=2/batchscale
# DONE et-reg/odd repeat=2/batchscale 0.000s
# START et-reg/odd repeat=2/ragged
# DONE et-reg/odd repeat=2/ragged 0.000s
# START et-reg/odd repeat=2/stepfull
# DONE et-reg/odd repeat=2/stepfull 0.000s
# CELL et-reg/odd STABLE 0.459s
# START et-reg/negative repeat=1/train
# DONE et-reg/negative repeat=1/train 0.238s
# START et-reg/negative repeat=1/infer-save-reload
# DONE et-reg/negative repeat=1/infer-save-reload 0.039s
# START et-reg/negative repeat=1/batch
# DONE et-reg/negative repeat=1/batch 0.076s
# START et-reg/negative repeat=1/batchgrad
# DONE et-reg/negative repeat=1/batchgrad 0.000s
# START et-reg/negative repeat=1/batchscale
# DONE et-reg/negative repeat=1/batchscale 0.000s
# START et-reg/negative repeat=1/ragged
# DONE et-reg/negative repeat=1/ragged 0.000s
# START et-reg/negative repeat=1/stepfull
# DONE et-reg/negative repeat=1/stepfull 0.000s
# START et-reg/negative repeat=2/train
# DONE et-reg/negative repeat=2/train 0.237s
# START et-reg/negative repeat=2/infer-save-reload
# DONE et-reg/negative repeat=2/infer-save-reload 0.038s
# START et-reg/negative repeat=2/batch
# DONE et-reg/negative repeat=2/batch 0.084s
# START et-reg/negative repeat=2/batchgrad
# DONE et-reg/negative repeat=2/batchgrad 0.000s
# START et-reg/negative repeat=2/batchscale
# DONE et-reg/negative repeat=2/batchscale 0.000s
# START et-reg/negative repeat=2/ragged
# DONE et-reg/negative repeat=2/ragged 0.000s
# START et-reg/negative repeat=2/stepfull
# DONE et-reg/negative repeat=2/stepfull 0.000s
# CELL et-reg/negative STABLE 0.712s
| et-reg                 | 754d8c127ecfc04d | e7072e1c8fe0083c | 4e0a0d9a4670ed5f | b745e53515f59cac | 19a23f6fea44befd | 19a23f6fea44befd | 9a63fea590f79a67 | c9fe7c90673c2661 | 3fd3dff94cc79fc2 |
| et-reg infer           | f67822ca39ef408b | 25c3d08ea7aaac22 | 1ddc98bb1d441cac | 62bb5a2df07afdb7 | 406ff2c63a669110 | 406ff2c63a669110 | a531191ff80bfa39 | 27c45b87272bc27f | 9579a3dac3b9af8b |
| et-reg model           | 1c0c6b20cc9be5bd | 0ae34e3bcc2b7391 | 029c99465d40dd66 | 6da81ae280958f67 | 8704471f45cc32d6 | 8704471f45cc32d6 | d99a54bf0717266d | d631aaa061d3f2e4 | 34d9143f7fc1fec7 |
| et-reg batch           | 42f0ba39adaa879d | c46241fb51ef3d87 | fe0c97142529574e | 3faffd9a3037b28e | 342ed44aaf4bda3b | 342ed44aaf4bda3b | 07a82dcea7f93e8d | 8716211bd7b6727f | b66d6fad4eb27ee4 |
# START knn-clf/base repeat=1/train
# DONE knn-clf/base repeat=1/train 0.015s
# START knn-clf/base repeat=1/infer-save-reload
# DONE knn-clf/base repeat=1/infer-save-reload 0.032s
# START knn-clf/base repeat=1/batch
# DONE knn-clf/base repeat=1/batch 0.103s
# START knn-clf/base repeat=1/batchgrad
# DONE knn-clf/base repeat=1/batchgrad 0.000s
# START knn-clf/base repeat=1/batchscale
# DONE knn-clf/base repeat=1/batchscale 0.000s
# START knn-clf/base repeat=1/ragged
# DONE knn-clf/base repeat=1/ragged 0.000s
# START knn-clf/base repeat=1/stepfull
# DONE knn-clf/base repeat=1/stepfull 0.000s
# START knn-clf/base repeat=2/train
# DONE knn-clf/base repeat=2/train 0.018s
# START knn-clf/base repeat=2/infer-save-reload
# DONE knn-clf/base repeat=2/infer-save-reload 0.035s
# START knn-clf/base repeat=2/batch
# DONE knn-clf/base repeat=2/batch 0.103s
# START knn-clf/base repeat=2/batchgrad
# DONE knn-clf/base repeat=2/batchgrad 0.000s
# START knn-clf/base repeat=2/batchscale
# DONE knn-clf/base repeat=2/batchscale 0.000s
# START knn-clf/base repeat=2/ragged
# DONE knn-clf/base repeat=2/ragged 0.000s
# START knn-clf/base repeat=2/stepfull
# DONE knn-clf/base repeat=2/stepfull 0.000s
# CELL knn-clf/base STABLE 0.307s
# START knn-clf/ties repeat=1/train
# DONE knn-clf/ties repeat=1/train 0.047s
# START knn-clf/ties repeat=1/infer-save-reload
# DONE knn-clf/ties repeat=1/infer-save-reload 0.061s
# START knn-clf/ties repeat=1/batch
# DONE knn-clf/ties repeat=1/batch 0.155s
# START knn-clf/ties repeat=1/batchgrad
# DONE knn-clf/ties repeat=1/batchgrad 0.000s
# START knn-clf/ties repeat=1/batchscale
# DONE knn-clf/ties repeat=1/batchscale 0.000s
# START knn-clf/ties repeat=1/ragged
# DONE knn-clf/ties repeat=1/ragged 0.000s
# START knn-clf/ties repeat=1/stepfull
# DONE knn-clf/ties repeat=1/stepfull 0.000s
# START knn-clf/ties repeat=2/train
# DONE knn-clf/ties repeat=2/train 0.035s
# START knn-clf/ties repeat=2/infer-save-reload
# DONE knn-clf/ties repeat=2/infer-save-reload 0.058s
# START knn-clf/ties repeat=2/batch
# DONE knn-clf/ties repeat=2/batch 0.155s
# START knn-clf/ties repeat=2/batchgrad
# DONE knn-clf/ties repeat=2/batchgrad 0.000s
# START knn-clf/ties repeat=2/batchscale
# DONE knn-clf/ties repeat=2/batchscale 0.000s
# START knn-clf/ties repeat=2/ragged
# DONE knn-clf/ties repeat=2/ragged 0.000s
# START knn-clf/ties repeat=2/stepfull
# DONE knn-clf/ties repeat=2/stepfull 0.000s
# CELL knn-clf/ties STABLE 0.513s
# START knn-clf/hashed repeat=1/train
# DONE knn-clf/hashed repeat=1/train 0.017s
# START knn-clf/hashed repeat=1/infer-save-reload
# DONE knn-clf/hashed repeat=1/infer-save-reload 0.035s
# START knn-clf/hashed repeat=1/batch
# DONE knn-clf/hashed repeat=1/batch 0.102s
# START knn-clf/hashed repeat=1/batchgrad
# DONE knn-clf/hashed repeat=1/batchgrad 0.000s
# START knn-clf/hashed repeat=1/batchscale
# DONE knn-clf/hashed repeat=1/batchscale 0.000s
# START knn-clf/hashed repeat=1/ragged
# DONE knn-clf/hashed repeat=1/ragged 0.000s
# START knn-clf/hashed repeat=1/stepfull
# DONE knn-clf/hashed repeat=1/stepfull 0.000s
# START knn-clf/hashed repeat=2/train
# DONE knn-clf/hashed repeat=2/train 0.018s
# START knn-clf/hashed repeat=2/infer-save-reload
# DONE knn-clf/hashed repeat=2/infer-save-reload 0.035s
# START knn-clf/hashed repeat=2/batch
# DONE knn-clf/hashed repeat=2/batch 0.102s
# START knn-clf/hashed repeat=2/batchgrad
# DONE knn-clf/hashed repeat=2/batchgrad 0.000s
# START knn-clf/hashed repeat=2/batchscale
# DONE knn-clf/hashed repeat=2/batchscale 0.000s
# START knn-clf/hashed repeat=2/ragged
# DONE knn-clf/hashed repeat=2/ragged 0.000s
# START knn-clf/hashed repeat=2/stepfull
# DONE knn-clf/hashed repeat=2/stepfull 0.000s
# CELL knn-clf/hashed STABLE 0.310s
# START knn-clf/wide repeat=1/train
# DONE knn-clf/wide repeat=1/train 0.018s
# START knn-clf/wide repeat=1/infer-save-reload
# DONE knn-clf/wide repeat=1/infer-save-reload 0.035s
# START knn-clf/wide repeat=1/batch
# DONE knn-clf/wide repeat=1/batch 0.104s
# START knn-clf/wide repeat=1/batchgrad
# DONE knn-clf/wide repeat=1/batchgrad 0.000s
# START knn-clf/wide repeat=1/batchscale
# DONE knn-clf/wide repeat=1/batchscale 0.000s
# START knn-clf/wide repeat=1/ragged
# DONE knn-clf/wide repeat=1/ragged 0.000s
# START knn-clf/wide repeat=1/stepfull
# DONE knn-clf/wide repeat=1/stepfull 0.000s
# START knn-clf/wide repeat=2/train
# DONE knn-clf/wide repeat=2/train 0.018s
# START knn-clf/wide repeat=2/infer-save-reload
# DONE knn-clf/wide repeat=2/infer-save-reload 0.035s
# START knn-clf/wide repeat=2/batch
# DONE knn-clf/wide repeat=2/batch 0.103s
# START knn-clf/wide repeat=2/batchgrad
# DONE knn-clf/wide repeat=2/batchgrad 0.000s
# START knn-clf/wide repeat=2/batchscale
# DONE knn-clf/wide repeat=2/batchscale 0.000s
# START knn-clf/wide repeat=2/ragged
# DONE knn-clf/wide repeat=2/ragged 0.000s
# START knn-clf/wide repeat=2/stepfull
# DONE knn-clf/wide repeat=2/stepfull 0.000s
# CELL knn-clf/wide STABLE 0.314s
# START knn-clf/denormal repeat=1/train
# DONE knn-clf/denormal repeat=1/train 0.019s
# START knn-clf/denormal repeat=1/infer-save-reload
# DONE knn-clf/denormal repeat=1/infer-save-reload 0.035s
# START knn-clf/denormal repeat=1/batch
# DONE knn-clf/denormal repeat=1/batch 0.105s
# START knn-clf/denormal repeat=1/batchgrad
# DONE knn-clf/denormal repeat=1/batchgrad 0.000s
# START knn-clf/denormal repeat=1/batchscale
# DONE knn-clf/denormal repeat=1/batchscale 0.000s
# START knn-clf/denormal repeat=1/ragged
# DONE knn-clf/denormal repeat=1/ragged 0.000s
# START knn-clf/denormal repeat=1/stepfull
# DONE knn-clf/denormal repeat=1/stepfull 0.000s
# START knn-clf/denormal repeat=2/train
# DONE knn-clf/denormal repeat=2/train 0.018s
# START knn-clf/denormal repeat=2/infer-save-reload
# DONE knn-clf/denormal repeat=2/infer-save-reload 0.036s
# START knn-clf/denormal repeat=2/batch
# DONE knn-clf/denormal repeat=2/batch 0.104s
# START knn-clf/denormal repeat=2/batchgrad
# DONE knn-clf/denormal repeat=2/batchgrad 0.000s
# START knn-clf/denormal repeat=2/batchscale
# DONE knn-clf/denormal repeat=2/batchscale 0.000s
# START knn-clf/denormal repeat=2/ragged
# DONE knn-clf/denormal repeat=2/ragged 0.000s
# START knn-clf/denormal repeat=2/stepfull
# DONE knn-clf/denormal repeat=2/stepfull 0.000s
# CELL knn-clf/denormal STABLE 0.317s
# START knn-clf/denormal_ftz repeat=1/train
# DONE knn-clf/denormal_ftz repeat=1/train 0.018s
# START knn-clf/denormal_ftz repeat=1/infer-save-reload
# DONE knn-clf/denormal_ftz repeat=1/infer-save-reload 0.034s
# START knn-clf/denormal_ftz repeat=1/batch
# DONE knn-clf/denormal_ftz repeat=1/batch 0.102s
# START knn-clf/denormal_ftz repeat=1/batchgrad
# DONE knn-clf/denormal_ftz repeat=1/batchgrad 0.000s
# START knn-clf/denormal_ftz repeat=1/batchscale
# DONE knn-clf/denormal_ftz repeat=1/batchscale 0.000s
# START knn-clf/denormal_ftz repeat=1/ragged
# DONE knn-clf/denormal_ftz repeat=1/ragged 0.000s
# START knn-clf/denormal_ftz repeat=1/stepfull
# DONE knn-clf/denormal_ftz repeat=1/stepfull 0.000s
# START knn-clf/denormal_ftz repeat=2/train
# DONE knn-clf/denormal_ftz repeat=2/train 0.018s
# START knn-clf/denormal_ftz repeat=2/infer-save-reload
# DONE knn-clf/denormal_ftz repeat=2/infer-save-reload 0.040s
# START knn-clf/denormal_ftz repeat=2/batch
# DONE knn-clf/denormal_ftz repeat=2/batch 0.102s
# START knn-clf/denormal_ftz repeat=2/batchgrad
# DONE knn-clf/denormal_ftz repeat=2/batchgrad 0.000s
# START knn-clf/denormal_ftz repeat=2/batchscale
# DONE knn-clf/denormal_ftz repeat=2/batchscale 0.000s
# START knn-clf/denormal_ftz repeat=2/ragged
# DONE knn-clf/denormal_ftz repeat=2/ragged 0.000s
# START knn-clf/denormal_ftz repeat=2/stepfull
# DONE knn-clf/denormal_ftz repeat=2/stepfull 0.000s
# CELL knn-clf/denormal_ftz STABLE 0.314s
# START knn-clf/dupes repeat=1/train
# DONE knn-clf/dupes repeat=1/train 0.018s
# START knn-clf/dupes repeat=1/infer-save-reload
# DONE knn-clf/dupes repeat=1/infer-save-reload 0.035s
# START knn-clf/dupes repeat=1/batch
# DONE knn-clf/dupes repeat=1/batch 0.103s
# START knn-clf/dupes repeat=1/batchgrad
# DONE knn-clf/dupes repeat=1/batchgrad 0.000s
# START knn-clf/dupes repeat=1/batchscale
# DONE knn-clf/dupes repeat=1/batchscale 0.000s
# START knn-clf/dupes repeat=1/ragged
# DONE knn-clf/dupes repeat=1/ragged 0.000s
# START knn-clf/dupes repeat=1/stepfull
# DONE knn-clf/dupes repeat=1/stepfull 0.000s
# START knn-clf/dupes repeat=2/train
# DONE knn-clf/dupes repeat=2/train 0.018s
# START knn-clf/dupes repeat=2/infer-save-reload
# DONE knn-clf/dupes repeat=2/infer-save-reload 0.035s
# START knn-clf/dupes repeat=2/batch
# DONE knn-clf/dupes repeat=2/batch 0.102s
# START knn-clf/dupes repeat=2/batchgrad
# DONE knn-clf/dupes repeat=2/batchgrad 0.000s
# START knn-clf/dupes repeat=2/batchscale
# DONE knn-clf/dupes repeat=2/batchscale 0.000s
# START knn-clf/dupes repeat=2/ragged
# DONE knn-clf/dupes repeat=2/ragged 0.000s
# START knn-clf/dupes repeat=2/stepfull
# DONE knn-clf/dupes repeat=2/stepfull 0.000s
# CELL knn-clf/dupes STABLE 0.312s
# START knn-clf/odd repeat=1/train
# DONE knn-clf/odd repeat=1/train 0.019s
# START knn-clf/odd repeat=1/infer-save-reload
# DONE knn-clf/odd repeat=1/infer-save-reload 0.036s
# START knn-clf/odd repeat=1/batch
# DONE knn-clf/odd repeat=1/batch 0.104s
# START knn-clf/odd repeat=1/batchgrad
# DONE knn-clf/odd repeat=1/batchgrad 0.000s
# START knn-clf/odd repeat=1/batchscale
# DONE knn-clf/odd repeat=1/batchscale 0.000s
# START knn-clf/odd repeat=1/ragged
# DONE knn-clf/odd repeat=1/ragged 0.000s
# START knn-clf/odd repeat=1/stepfull
# DONE knn-clf/odd repeat=1/stepfull 0.000s
# START knn-clf/odd repeat=2/train
# DONE knn-clf/odd repeat=2/train 0.019s
# START knn-clf/odd repeat=2/infer-save-reload
# DONE knn-clf/odd repeat=2/infer-save-reload 0.036s
# START knn-clf/odd repeat=2/batch
# DONE knn-clf/odd repeat=2/batch 0.104s
# START knn-clf/odd repeat=2/batchgrad
# DONE knn-clf/odd repeat=2/batchgrad 0.000s
# START knn-clf/odd repeat=2/batchscale
# DONE knn-clf/odd repeat=2/batchscale 0.000s
# START knn-clf/odd repeat=2/ragged
# DONE knn-clf/odd repeat=2/ragged 0.000s
# START knn-clf/odd repeat=2/stepfull
# DONE knn-clf/odd repeat=2/stepfull 0.000s
# CELL knn-clf/odd STABLE 0.320s
# START knn-clf/negative repeat=1/train
# DONE knn-clf/negative repeat=1/train 0.019s
# START knn-clf/negative repeat=1/infer-save-reload
# DONE knn-clf/negative repeat=1/infer-save-reload 0.035s
# START knn-clf/negative repeat=1/batch
# DONE knn-clf/negative repeat=1/batch 0.104s
# START knn-clf/negative repeat=1/batchgrad
# DONE knn-clf/negative repeat=1/batchgrad 0.000s
# START knn-clf/negative repeat=1/batchscale
# DONE knn-clf/negative repeat=1/batchscale 0.000s
# START knn-clf/negative repeat=1/ragged
# DONE knn-clf/negative repeat=1/ragged 0.000s
# START knn-clf/negative repeat=1/stepfull
# DONE knn-clf/negative repeat=1/stepfull 0.000s
# START knn-clf/negative repeat=2/train
# DONE knn-clf/negative repeat=2/train 0.018s
# START knn-clf/negative repeat=2/infer-save-reload
# DONE knn-clf/negative repeat=2/infer-save-reload 0.035s
# START knn-clf/negative repeat=2/batch
# DONE knn-clf/negative repeat=2/batch 0.103s
# START knn-clf/negative repeat=2/batchgrad
# DONE knn-clf/negative repeat=2/batchgrad 0.000s
# START knn-clf/negative repeat=2/batchscale
# DONE knn-clf/negative repeat=2/batchscale 0.000s
# START knn-clf/negative repeat=2/ragged
# DONE knn-clf/negative repeat=2/ragged 0.000s
# START knn-clf/negative repeat=2/stepfull
# DONE knn-clf/negative repeat=2/stepfull 0.000s
# CELL knn-clf/negative STABLE 0.315s
| knn-clf                | 7fb71bb7ee2b9cbf | e49edb14ac08e443 | 9ddcb99c00d6b865 | a3167e29faf6ab4f | eb1e9c1b10e931a6 | eb1e9c1b10e931a6 | 855703a33d6460e5 | b875a97832653115 | 14109bcae1b2b950 |
| knn-clf infer          | 8381d6badb2ee31b | d7292e53ec625170 | 7e895e275d390d17 | b128c6dd4d428648 | 3b26081dcfb54057 | 3b26081dcfb54057 | 20ea108e0746b7e5 | a593e7cc3b0f8144 | 4a407720c8a6509a |
| knn-clf model          | f0b9be0fd408466b | 02aa0eb5e36cffee | e87300eff71e3476 | 1823e75c34d7670f | 3ae6ad51532e6887 | 02916106bd5f4a5c | 937c7d9ac1a87689 | d52a45a13c74a487 | 1043a59bb6257373 |
| knn-clf batch          | ae9a520d4ce52431 | 1135607d7c883ed4 | aaf1244bb82e7340 | 76f0fdd33c616ffb | d72e6008f74ab0fa | d72e6008f74ab0fa | 6dc9aed4d01ef3d6 | 07d7acdc3bdcce71 | b63e40ed33fd3d37 |
# START pca/base repeat=1/train
# DONE pca/base repeat=1/train 0.007s
# START pca/base repeat=1/infer-save-reload
# DONE pca/base repeat=1/infer-save-reload 0.002s
# START pca/base repeat=1/batch
# DONE pca/base repeat=1/batch 0.002s
# START pca/base repeat=1/batchgrad
# DONE pca/base repeat=1/batchgrad 0.000s
# START pca/base repeat=1/batchscale
# DONE pca/base repeat=1/batchscale 0.003s
# START pca/base repeat=1/ragged
# DONE pca/base repeat=1/ragged 0.000s
# START pca/base repeat=1/stepfull
# DONE pca/base repeat=1/stepfull 0.000s
# START pca/base repeat=2/train
# DONE pca/base repeat=2/train 0.007s
# START pca/base repeat=2/infer-save-reload
# DONE pca/base repeat=2/infer-save-reload 0.001s
# START pca/base repeat=2/batch
# DONE pca/base repeat=2/batch 0.001s
# START pca/base repeat=2/batchgrad
# DONE pca/base repeat=2/batchgrad 0.000s
# START pca/base repeat=2/batchscale
# DONE pca/base repeat=2/batchscale 0.003s
# START pca/base repeat=2/ragged
# DONE pca/base repeat=2/ragged 0.000s
# START pca/base repeat=2/stepfull
# DONE pca/base repeat=2/stepfull 0.000s
# CELL pca/base STABLE 0.027s
# START pca/ties repeat=1/train
# DONE pca/ties repeat=1/train 0.009s
# START pca/ties repeat=1/infer-save-reload
# DONE pca/ties repeat=1/infer-save-reload 0.001s
# START pca/ties repeat=1/batch
# DONE pca/ties repeat=1/batch 0.001s
# START pca/ties repeat=1/batchgrad
# DONE pca/ties repeat=1/batchgrad 0.000s
# START pca/ties repeat=1/batchscale
# DONE pca/ties repeat=1/batchscale 0.003s
# START pca/ties repeat=1/ragged
# DONE pca/ties repeat=1/ragged 0.000s
# START pca/ties repeat=1/stepfull
# DONE pca/ties repeat=1/stepfull 0.000s
# START pca/ties repeat=2/train
# DONE pca/ties repeat=2/train 0.008s
# START pca/ties repeat=2/infer-save-reload
# DONE pca/ties repeat=2/infer-save-reload 0.001s
# START pca/ties repeat=2/batch
# DONE pca/ties repeat=2/batch 0.001s
# START pca/ties repeat=2/batchgrad
# DONE pca/ties repeat=2/batchgrad 0.000s
# START pca/ties repeat=2/batchscale
# DONE pca/ties repeat=2/batchscale 0.005s
# START pca/ties repeat=2/ragged
# DONE pca/ties repeat=2/ragged 0.000s
# START pca/ties repeat=2/stepfull
# DONE pca/ties repeat=2/stepfull 0.000s
# CELL pca/ties STABLE 0.030s
# START pca/hashed repeat=1/train
# DONE pca/hashed repeat=1/train 0.007s
# START pca/hashed repeat=1/infer-save-reload
# DONE pca/hashed repeat=1/infer-save-reload 0.001s
# START pca/hashed repeat=1/batch
# DONE pca/hashed repeat=1/batch 0.002s
# START pca/hashed repeat=1/batchgrad
# DONE pca/hashed repeat=1/batchgrad 0.000s
# START pca/hashed repeat=1/batchscale
# DONE pca/hashed repeat=1/batchscale 0.003s
# START pca/hashed repeat=1/ragged
# DONE pca/hashed repeat=1/ragged 0.000s
# START pca/hashed repeat=1/stepfull
# DONE pca/hashed repeat=1/stepfull 0.000s
# START pca/hashed repeat=2/train
# DONE pca/hashed repeat=2/train 0.007s
# START pca/hashed repeat=2/infer-save-reload
# DONE pca/hashed repeat=2/infer-save-reload 0.001s
# START pca/hashed repeat=2/batch
# DONE pca/hashed repeat=2/batch 0.001s
# START pca/hashed repeat=2/batchgrad
# DONE pca/hashed repeat=2/batchgrad 0.000s
# START pca/hashed repeat=2/batchscale
# DONE pca/hashed repeat=2/batchscale 0.003s
# START pca/hashed repeat=2/ragged
# DONE pca/hashed repeat=2/ragged 0.000s
# START pca/hashed repeat=2/stepfull
# DONE pca/hashed repeat=2/stepfull 0.000s
# CELL pca/hashed STABLE 0.026s
# START pca/wide repeat=1/train
# DONE pca/wide repeat=1/train 0.007s
# START pca/wide repeat=1/infer-save-reload
# DONE pca/wide repeat=1/infer-save-reload 0.001s
# START pca/wide repeat=1/batch
# DONE pca/wide repeat=1/batch 0.002s
# START pca/wide repeat=1/batchgrad
# DONE pca/wide repeat=1/batchgrad 0.000s
# START pca/wide repeat=1/batchscale
# DONE pca/wide repeat=1/batchscale 0.003s
# START pca/wide repeat=1/ragged
# DONE pca/wide repeat=1/ragged 0.000s
# START pca/wide repeat=1/stepfull
# DONE pca/wide repeat=1/stepfull 0.000s
# START pca/wide repeat=2/train
# DONE pca/wide repeat=2/train 0.007s
# START pca/wide repeat=2/infer-save-reload
# DONE pca/wide repeat=2/infer-save-reload 0.001s
# START pca/wide repeat=2/batch
# DONE pca/wide repeat=2/batch 0.002s
# START pca/wide repeat=2/batchgrad
# DONE pca/wide repeat=2/batchgrad 0.000s
# START pca/wide repeat=2/batchscale
# DONE pca/wide repeat=2/batchscale 0.003s
# START pca/wide repeat=2/ragged
# DONE pca/wide repeat=2/ragged 0.000s
# START pca/wide repeat=2/stepfull
# DONE pca/wide repeat=2/stepfull 0.000s
# CELL pca/wide STABLE 0.026s
# START pca/denormal repeat=1/train
# DONE pca/denormal repeat=1/train 0.007s
# START pca/denormal repeat=1/infer-save-reload
# DONE pca/denormal repeat=1/infer-save-reload 0.001s
# START pca/denormal repeat=1/batch
# DONE pca/denormal repeat=1/batch 0.002s
# START pca/denormal repeat=1/batchgrad
# DONE pca/denormal repeat=1/batchgrad 0.000s
# START pca/denormal repeat=1/batchscale
# DONE pca/denormal repeat=1/batchscale 0.003s
# START pca/denormal repeat=1/ragged
# DONE pca/denormal repeat=1/ragged 0.000s
# START pca/denormal repeat=1/stepfull
# DONE pca/denormal repeat=1/stepfull 0.000s
# START pca/denormal repeat=2/train
# DONE pca/denormal repeat=2/train 0.007s
# START pca/denormal repeat=2/infer-save-reload
# DONE pca/denormal repeat=2/infer-save-reload 0.002s
# START pca/denormal repeat=2/batch
# DONE pca/denormal repeat=2/batch 0.002s
# START pca/denormal repeat=2/batchgrad
# DONE pca/denormal repeat=2/batchgrad 0.000s
# START pca/denormal repeat=2/batchscale
# DONE pca/denormal repeat=2/batchscale 0.003s
# START pca/denormal repeat=2/ragged
# DONE pca/denormal repeat=2/ragged 0.000s
# START pca/denormal repeat=2/stepfull
# DONE pca/denormal repeat=2/stepfull 0.000s
# CELL pca/denormal STABLE 0.028s
# START pca/denormal_ftz repeat=1/train
# DONE pca/denormal_ftz repeat=1/train 0.007s
# START pca/denormal_ftz repeat=1/infer-save-reload
# DONE pca/denormal_ftz repeat=1/infer-save-reload 0.001s
# START pca/denormal_ftz repeat=1/batch
# DONE pca/denormal_ftz repeat=1/batch 0.002s
# START pca/denormal_ftz repeat=1/batchgrad
# DONE pca/denormal_ftz repeat=1/batchgrad 0.000s
# START pca/denormal_ftz repeat=1/batchscale
# DONE pca/denormal_ftz repeat=1/batchscale 0.004s
# START pca/denormal_ftz repeat=1/ragged
# DONE pca/denormal_ftz repeat=1/ragged 0.000s
# START pca/denormal_ftz repeat=1/stepfull
# DONE pca/denormal_ftz repeat=1/stepfull 0.000s
# START pca/denormal_ftz repeat=2/train
# DONE pca/denormal_ftz repeat=2/train 0.007s
# START pca/denormal_ftz repeat=2/infer-save-reload
# DONE pca/denormal_ftz repeat=2/infer-save-reload 0.002s
# START pca/denormal_ftz repeat=2/batch
# DONE pca/denormal_ftz repeat=2/batch 0.002s
# START pca/denormal_ftz repeat=2/batchgrad
# DONE pca/denormal_ftz repeat=2/batchgrad 0.000s
# START pca/denormal_ftz repeat=2/batchscale
# DONE pca/denormal_ftz repeat=2/batchscale 0.004s
# START pca/denormal_ftz repeat=2/ragged
# DONE pca/denormal_ftz repeat=2/ragged 0.000s
# START pca/denormal_ftz repeat=2/stepfull
# DONE pca/denormal_ftz repeat=2/stepfull 0.000s
# CELL pca/denormal_ftz STABLE 0.030s
# START pca/dupes repeat=1/train
# DONE pca/dupes repeat=1/train 0.007s
# START pca/dupes repeat=1/infer-save-reload
# DONE pca/dupes repeat=1/infer-save-reload 0.002s
# START pca/dupes repeat=1/batch
# DONE pca/dupes repeat=1/batch 0.002s
# START pca/dupes repeat=1/batchgrad
# DONE pca/dupes repeat=1/batchgrad 0.000s
# START pca/dupes repeat=1/batchscale
# DONE pca/dupes repeat=1/batchscale 0.005s
# START pca/dupes repeat=1/ragged
# DONE pca/dupes repeat=1/ragged 0.000s
# START pca/dupes repeat=1/stepfull
# DONE pca/dupes repeat=1/stepfull 0.000s
# START pca/dupes repeat=2/train
# DONE pca/dupes repeat=2/train 0.007s
# START pca/dupes repeat=2/infer-save-reload
# DONE pca/dupes repeat=2/infer-save-reload 0.001s
# START pca/dupes repeat=2/batch
# DONE pca/dupes repeat=2/batch 0.002s
# START pca/dupes repeat=2/batchgrad
# DONE pca/dupes repeat=2/batchgrad 0.000s
# START pca/dupes repeat=2/batchscale
# DONE pca/dupes repeat=2/batchscale 0.003s
# START pca/dupes repeat=2/ragged
# DONE pca/dupes repeat=2/ragged 0.000s
# START pca/dupes repeat=2/stepfull
# DONE pca/dupes repeat=2/stepfull 0.000s
# CELL pca/dupes STABLE 0.029s
# START pca/odd repeat=1/train
# DONE pca/odd repeat=1/train 0.004s
# START pca/odd repeat=1/infer-save-reload
# DONE pca/odd repeat=1/infer-save-reload 0.001s
# START pca/odd repeat=1/batch
# DONE pca/odd repeat=1/batch 0.002s
# START pca/odd repeat=1/batchgrad
# DONE pca/odd repeat=1/batchgrad 0.000s
# START pca/odd repeat=1/batchscale
# DONE pca/odd repeat=1/batchscale 0.003s
# START pca/odd repeat=1/ragged
# DONE pca/odd repeat=1/ragged 0.000s
# START pca/odd repeat=1/stepfull
# DONE pca/odd repeat=1/stepfull 0.000s
# START pca/odd repeat=2/train
# DONE pca/odd repeat=2/train 0.004s
# START pca/odd repeat=2/infer-save-reload
# DONE pca/odd repeat=2/infer-save-reload 0.001s
# START pca/odd repeat=2/batch
# DONE pca/odd repeat=2/batch 0.002s
# START pca/odd repeat=2/batchgrad
# DONE pca/odd repeat=2/batchgrad 0.000s
# START pca/odd repeat=2/batchscale
# DONE pca/odd repeat=2/batchscale 0.004s
# START pca/odd repeat=2/ragged
# DONE pca/odd repeat=2/ragged 0.000s
# START pca/odd repeat=2/stepfull
# DONE pca/odd repeat=2/stepfull 0.000s
# CELL pca/odd STABLE 0.021s
# START pca/negative repeat=1/train
# DONE pca/negative repeat=1/train 0.007s
# START pca/negative repeat=1/infer-save-reload
# DONE pca/negative repeat=1/infer-save-reload 0.001s
# START pca/negative repeat=1/batch
# DONE pca/negative repeat=1/batch 0.002s
# START pca/negative repeat=1/batchgrad
# DONE pca/negative repeat=1/batchgrad 0.000s
# START pca/negative repeat=1/batchscale
# DONE pca/negative repeat=1/batchscale 0.003s
# START pca/negative repeat=1/ragged
# DONE pca/negative repeat=1/ragged 0.000s
# START pca/negative repeat=1/stepfull
# DONE pca/negative repeat=1/stepfull 0.000s
# START pca/negative repeat=2/train
# DONE pca/negative repeat=2/train 0.007s
# START pca/negative repeat=2/infer-save-reload
# DONE pca/negative repeat=2/infer-save-reload 0.001s
# START pca/negative repeat=2/batch
# DONE pca/negative repeat=2/batch 0.002s
# START pca/negative repeat=2/batchgrad
# DONE pca/negative repeat=2/batchgrad 0.000s
# START pca/negative repeat=2/batchscale
# DONE pca/negative repeat=2/batchscale 0.003s
# START pca/negative repeat=2/ragged
# DONE pca/negative repeat=2/ragged 0.000s
# START pca/negative repeat=2/stepfull
# DONE pca/negative repeat=2/stepfull 0.000s
# CELL pca/negative STABLE 0.026s
| pca                    | 426e098860cb885e | 2cc3098a82f5e29c | 9c43c580f84b913e | ee30334357c2fe6e | 632dd2d41a856846 | 632dd2d41a856846 | f0d80567379e28e4 | 2bde4e929e103470 | c4903e2bddacb305 |
| pca infer              | 5ec98c317c9314a6 | 470065a905e144bf | da7f8a40931a091a | abbcfa36cfc4cc81 | d28a4176d38a79ad | d28a4176d38a79ad | 25b7f77104e4b5b3 | 9f765336b6cbcc11 | bed836c726c23255 |
| pca model              | b41a408ef6ffb8c9 | e3f6772a15daedcd | a9bcbe53314d1a00 | dec2221e136875c8 | 85752b8d4fc03a22 | 85752b8d4fc03a22 | 9c5913e3831259e4 | 87d34e709375c9b5 | 2a61ff40547fab89 |
| pca batch              | 65941b218439dea2 | d4c77e8aef2df217 | bb6c5927adc3043e | 7392d0d03806937b | c4efab49f835d5ac | c4efab49f835d5ac | 98bc7c4095374c13 | 7546b18e9c36ebe5 | c812e65b0525a6e8 |
| pca batchscale         | 2c48ab81b2b0946e | 3895fbcd5bd6008f | 28a6580601b6157f | 96fb0dfb6e0276e5 | d865fb6b7b9ac079 | d865fb6b7b9ac079 | a360c80d22e4bd3c | 83dd2f21daf3daa8 | 72bbf4cde2ee7f6a |
# START tsvd/base repeat=1/train
# DONE tsvd/base repeat=1/train 0.006s
# START tsvd/base repeat=1/infer-save-reload
# DONE tsvd/base repeat=1/infer-save-reload 0.001s
# START tsvd/base repeat=1/batch
# DONE tsvd/base repeat=1/batch 0.002s
# START tsvd/base repeat=1/batchgrad
# DONE tsvd/base repeat=1/batchgrad 0.000s
# START tsvd/base repeat=1/batchscale
# DONE tsvd/base repeat=1/batchscale 0.000s
# START tsvd/base repeat=1/ragged
# DONE tsvd/base repeat=1/ragged 0.000s
# START tsvd/base repeat=1/stepfull
# DONE tsvd/base repeat=1/stepfull 0.000s
# START tsvd/base repeat=2/train
# DONE tsvd/base repeat=2/train 0.006s
# START tsvd/base repeat=2/infer-save-reload
# DONE tsvd/base repeat=2/infer-save-reload 0.001s
# START tsvd/base repeat=2/batch
# DONE tsvd/base repeat=2/batch 0.002s
# START tsvd/base repeat=2/batchgrad
# DONE tsvd/base repeat=2/batchgrad 0.000s
# START tsvd/base repeat=2/batchscale
# DONE tsvd/base repeat=2/batchscale 0.000s
# START tsvd/base repeat=2/ragged
# DONE tsvd/base repeat=2/ragged 0.000s
# START tsvd/base repeat=2/stepfull
# DONE tsvd/base repeat=2/stepfull 0.000s
# CELL tsvd/base STABLE 0.017s
# START tsvd/ties repeat=1/train
# DONE tsvd/ties repeat=1/train 0.006s
# START tsvd/ties repeat=1/infer-save-reload
# DONE tsvd/ties repeat=1/infer-save-reload 0.001s
# START tsvd/ties repeat=1/batch
# DONE tsvd/ties repeat=1/batch 0.002s
# START tsvd/ties repeat=1/batchgrad
# DONE tsvd/ties repeat=1/batchgrad 0.000s
# START tsvd/ties repeat=1/batchscale
# DONE tsvd/ties repeat=1/batchscale 0.000s
# START tsvd/ties repeat=1/ragged
# DONE tsvd/ties repeat=1/ragged 0.000s
# START tsvd/ties repeat=1/stepfull
# DONE tsvd/ties repeat=1/stepfull 0.000s
# START tsvd/ties repeat=2/train
# DONE tsvd/ties repeat=2/train 0.006s
# START tsvd/ties repeat=2/infer-save-reload
# DONE tsvd/ties repeat=2/infer-save-reload 0.001s
# START tsvd/ties repeat=2/batch
# DONE tsvd/ties repeat=2/batch 0.002s
# START tsvd/ties repeat=2/batchgrad
# DONE tsvd/ties repeat=2/batchgrad 0.000s
# START tsvd/ties repeat=2/batchscale
# DONE tsvd/ties repeat=2/batchscale 0.000s
# START tsvd/ties repeat=2/ragged
# DONE tsvd/ties repeat=2/ragged 0.000s
# START tsvd/ties repeat=2/stepfull
# DONE tsvd/ties repeat=2/stepfull 0.000s
# CELL tsvd/ties STABLE 0.017s
# START tsvd/hashed repeat=1/train
# DONE tsvd/hashed repeat=1/train 0.006s
# START tsvd/hashed repeat=1/infer-save-reload
# DONE tsvd/hashed repeat=1/infer-save-reload 0.001s
# START tsvd/hashed repeat=1/batch
# DONE tsvd/hashed repeat=1/batch 0.002s
# START tsvd/hashed repeat=1/batchgrad
# DONE tsvd/hashed repeat=1/batchgrad 0.000s
# START tsvd/hashed repeat=1/batchscale
# DONE tsvd/hashed repeat=1/batchscale 0.000s
# START tsvd/hashed repeat=1/ragged
# DONE tsvd/hashed repeat=1/ragged 0.000s
# START tsvd/hashed repeat=1/stepfull
# DONE tsvd/hashed repeat=1/stepfull 0.000s
# START tsvd/hashed repeat=2/train
# DONE tsvd/hashed repeat=2/train 0.006s
# START tsvd/hashed repeat=2/infer-save-reload
# DONE tsvd/hashed repeat=2/infer-save-reload 0.001s
# START tsvd/hashed repeat=2/batch
# DONE tsvd/hashed repeat=2/batch 0.002s
# START tsvd/hashed repeat=2/batchgrad
# DONE tsvd/hashed repeat=2/batchgrad 0.000s
# START tsvd/hashed repeat=2/batchscale
# DONE tsvd/hashed repeat=2/batchscale 0.000s
# START tsvd/hashed repeat=2/ragged
# DONE tsvd/hashed repeat=2/ragged 0.000s
# START tsvd/hashed repeat=2/stepfull
# DONE tsvd/hashed repeat=2/stepfull 0.000s
# CELL tsvd/hashed STABLE 0.017s
# START tsvd/wide repeat=1/train
# DONE tsvd/wide repeat=1/train 0.006s
# START tsvd/wide repeat=1/infer-save-reload
# DONE tsvd/wide repeat=1/infer-save-reload 0.001s
# START tsvd/wide repeat=1/batch
# DONE tsvd/wide repeat=1/batch 0.002s
# START tsvd/wide repeat=1/batchgrad
# DONE tsvd/wide repeat=1/batchgrad 0.000s
# START tsvd/wide repeat=1/batchscale
# DONE tsvd/wide repeat=1/batchscale 0.000s
# START tsvd/wide repeat=1/ragged
# DONE tsvd/wide repeat=1/ragged 0.000s
# START tsvd/wide repeat=1/stepfull
# DONE tsvd/wide repeat=1/stepfull 0.000s
# START tsvd/wide repeat=2/train
# DONE tsvd/wide repeat=2/train 0.006s
# START tsvd/wide repeat=2/infer-save-reload
# DONE tsvd/wide repeat=2/infer-save-reload 0.001s
# START tsvd/wide repeat=2/batch
# DONE tsvd/wide repeat=2/batch 0.002s
# START tsvd/wide repeat=2/batchgrad
# DONE tsvd/wide repeat=2/batchgrad 0.000s
# START tsvd/wide repeat=2/batchscale
# DONE tsvd/wide repeat=2/batchscale 0.000s
# START tsvd/wide repeat=2/ragged
# DONE tsvd/wide repeat=2/ragged 0.000s
# START tsvd/wide repeat=2/stepfull
# DONE tsvd/wide repeat=2/stepfull 0.000s
# CELL tsvd/wide STABLE 0.017s
# START tsvd/denormal repeat=1/train
# DONE tsvd/denormal repeat=1/train 0.006s
# START tsvd/denormal repeat=1/infer-save-reload
# DONE tsvd/denormal repeat=1/infer-save-reload 0.001s
# START tsvd/denormal repeat=1/batch
# DONE tsvd/denormal repeat=1/batch 0.002s
# START tsvd/denormal repeat=1/batchgrad
# DONE tsvd/denormal repeat=1/batchgrad 0.000s
# START tsvd/denormal repeat=1/batchscale
# DONE tsvd/denormal repeat=1/batchscale 0.000s
# START tsvd/denormal repeat=1/ragged
# DONE tsvd/denormal repeat=1/ragged 0.000s
# START tsvd/denormal repeat=1/stepfull
# DONE tsvd/denormal repeat=1/stepfull 0.000s
# START tsvd/denormal repeat=2/train
# DONE tsvd/denormal repeat=2/train 0.006s
# START tsvd/denormal repeat=2/infer-save-reload
# DONE tsvd/denormal repeat=2/infer-save-reload 0.001s
# START tsvd/denormal repeat=2/batch
# DONE tsvd/denormal repeat=2/batch 0.002s
# START tsvd/denormal repeat=2/batchgrad
# DONE tsvd/denormal repeat=2/batchgrad 0.000s
# START tsvd/denormal repeat=2/batchscale
# DONE tsvd/denormal repeat=2/batchscale 0.000s
# START tsvd/denormal repeat=2/ragged
# DONE tsvd/denormal repeat=2/ragged 0.000s
# START tsvd/denormal repeat=2/stepfull
# DONE tsvd/denormal repeat=2/stepfull 0.000s
# CELL tsvd/denormal STABLE 0.017s
# START tsvd/denormal_ftz repeat=1/train
# DONE tsvd/denormal_ftz repeat=1/train 0.006s
# START tsvd/denormal_ftz repeat=1/infer-save-reload
# DONE tsvd/denormal_ftz repeat=1/infer-save-reload 0.001s
# START tsvd/denormal_ftz repeat=1/batch
# DONE tsvd/denormal_ftz repeat=1/batch 0.002s
# START tsvd/denormal_ftz repeat=1/batchgrad
# DONE tsvd/denormal_ftz repeat=1/batchgrad 0.000s
# START tsvd/denormal_ftz repeat=1/batchscale
# DONE tsvd/denormal_ftz repeat=1/batchscale 0.000s
# START tsvd/denormal_ftz repeat=1/ragged
# DONE tsvd/denormal_ftz repeat=1/ragged 0.000s
# START tsvd/denormal_ftz repeat=1/stepfull
# DONE tsvd/denormal_ftz repeat=1/stepfull 0.000s
# START tsvd/denormal_ftz repeat=2/train
# DONE tsvd/denormal_ftz repeat=2/train 0.006s
# START tsvd/denormal_ftz repeat=2/infer-save-reload
# DONE tsvd/denormal_ftz repeat=2/infer-save-reload 0.001s
# START tsvd/denormal_ftz repeat=2/batch
# DONE tsvd/denormal_ftz repeat=2/batch 0.002s
# START tsvd/denormal_ftz repeat=2/batchgrad
# DONE tsvd/denormal_ftz repeat=2/batchgrad 0.000s
# START tsvd/denormal_ftz repeat=2/batchscale
# DONE tsvd/denormal_ftz repeat=2/batchscale 0.000s
# START tsvd/denormal_ftz repeat=2/ragged
# DONE tsvd/denormal_ftz repeat=2/ragged 0.000s
# START tsvd/denormal_ftz repeat=2/stepfull
# DONE tsvd/denormal_ftz repeat=2/stepfull 0.000s
# CELL tsvd/denormal_ftz STABLE 0.018s
# START tsvd/dupes repeat=1/train
# DONE tsvd/dupes repeat=1/train 0.006s
# START tsvd/dupes repeat=1/infer-save-reload
# DONE tsvd/dupes repeat=1/infer-save-reload 0.001s
# START tsvd/dupes repeat=1/batch
# DONE tsvd/dupes repeat=1/batch 0.002s
# START tsvd/dupes repeat=1/batchgrad
# DONE tsvd/dupes repeat=1/batchgrad 0.000s
# START tsvd/dupes repeat=1/batchscale
# DONE tsvd/dupes repeat=1/batchscale 0.000s
# START tsvd/dupes repeat=1/ragged
# DONE tsvd/dupes repeat=1/ragged 0.000s
# START tsvd/dupes repeat=1/stepfull
# DONE tsvd/dupes repeat=1/stepfull 0.000s
# START tsvd/dupes repeat=2/train
# DONE tsvd/dupes repeat=2/train 0.006s
# START tsvd/dupes repeat=2/infer-save-reload
# DONE tsvd/dupes repeat=2/infer-save-reload 0.001s
# START tsvd/dupes repeat=2/batch
# DONE tsvd/dupes repeat=2/batch 0.002s
# START tsvd/dupes repeat=2/batchgrad
# DONE tsvd/dupes repeat=2/batchgrad 0.000s
# START tsvd/dupes repeat=2/batchscale
# DONE tsvd/dupes repeat=2/batchscale 0.000s
# START tsvd/dupes repeat=2/ragged
# DONE tsvd/dupes repeat=2/ragged 0.000s
# START tsvd/dupes repeat=2/stepfull
# DONE tsvd/dupes repeat=2/stepfull 0.000s
# CELL tsvd/dupes STABLE 0.020s
# START tsvd/odd repeat=1/train
# DONE tsvd/odd repeat=1/train 0.004s
# START tsvd/odd repeat=1/infer-save-reload
# DONE tsvd/odd repeat=1/infer-save-reload 0.002s
# START tsvd/odd repeat=1/batch
# DONE tsvd/odd repeat=1/batch 0.002s
# START tsvd/odd repeat=1/batchgrad
# DONE tsvd/odd repeat=1/batchgrad 0.000s
# START tsvd/odd repeat=1/batchscale
# DONE tsvd/odd repeat=1/batchscale 0.000s
# START tsvd/odd repeat=1/ragged
# DONE tsvd/odd repeat=1/ragged 0.000s
# START tsvd/odd repeat=1/stepfull
# DONE tsvd/odd repeat=1/stepfull 0.000s
# START tsvd/odd repeat=2/train
# DONE tsvd/odd repeat=2/train 0.004s
# START tsvd/odd repeat=2/infer-save-reload
# DONE tsvd/odd repeat=2/infer-save-reload 0.001s
# START tsvd/odd repeat=2/batch
# DONE tsvd/odd repeat=2/batch 0.001s
# START tsvd/odd repeat=2/batchgrad
# DONE tsvd/odd repeat=2/batchgrad 0.000s
# START tsvd/odd repeat=2/batchscale
# DONE tsvd/odd repeat=2/batchscale 0.000s
# START tsvd/odd repeat=2/ragged
# DONE tsvd/odd repeat=2/ragged 0.000s
# START tsvd/odd repeat=2/stepfull
# DONE tsvd/odd repeat=2/stepfull 0.000s
# CELL tsvd/odd STABLE 0.014s
# START tsvd/negative repeat=1/train
# DONE tsvd/negative repeat=1/train 0.006s
# START tsvd/negative repeat=1/infer-save-reload
# DONE tsvd/negative repeat=1/infer-save-reload 0.002s
# START tsvd/negative repeat=1/batch
# DONE tsvd/negative repeat=1/batch 0.003s
# START tsvd/negative repeat=1/batchgrad
# DONE tsvd/negative repeat=1/batchgrad 0.000s
# START tsvd/negative repeat=1/batchscale
# DONE tsvd/negative repeat=1/batchscale 0.000s
# START tsvd/negative repeat=1/ragged
# DONE tsvd/negative repeat=1/ragged 0.000s
# START tsvd/negative repeat=1/stepfull
# DONE tsvd/negative repeat=1/stepfull 0.000s
# START tsvd/negative repeat=2/train
# DONE tsvd/negative repeat=2/train 0.006s
# START tsvd/negative repeat=2/infer-save-reload
# DONE tsvd/negative repeat=2/infer-save-reload 0.001s
# START tsvd/negative repeat=2/batch
# DONE tsvd/negative repeat=2/batch 0.002s
# START tsvd/negative repeat=2/batchgrad
# DONE tsvd/negative repeat=2/batchgrad 0.000s
# START tsvd/negative repeat=2/batchscale
# DONE tsvd/negative repeat=2/batchscale 0.000s
# START tsvd/negative repeat=2/ragged
# DONE tsvd/negative repeat=2/ragged 0.000s
# START tsvd/negative repeat=2/stepfull
# DONE tsvd/negative repeat=2/stepfull 0.000s
# CELL tsvd/negative STABLE 0.020s
| tsvd                   | 8e8d20af1d08720c | 86d6e87cfc1f48c0 | 7eeaca88b0e6a8de | 975f2a167b1ac6d5 | 36d9e3d5aaadcd92 | 36d9e3d5aaadcd92 | 9a24cf55eff6013c | 452fd865062565da | 22e0958cc1ded92d |
| tsvd infer             | 36793a22ecfc11d9 | 441e224141ca3ef4 | a253da0a489ff1d7 | cef9d6af2957dea2 | fc4af18e4659ab46 | fc4af18e4659ab46 | b20d1e18ded5c227 | 4ca5ee061209a589 | 47e1b7225f50fa55 |
| tsvd model             | dad8484c8148cc3a | 5aa8d4139303b4c2 | 9b2cd491dca9241a | d1350f18d6205fbb | 3ddbcba0a9ba339d | 3ddbcba0a9ba339d | 0ccf336c88307c6c | efe0b4a3e0f314b8 | 27c536a4f0a5c619 |
| tsvd batch             | 82ce7144bbf6ecdb | 6f772af007dbdeaf | 7712efc6f107037c | 01c3cbd301ab9c8e | fe195d8a3551d078 | fe195d8a3551d078 | 0c723290ada8b005 | 6f1af89fe056c083 | 103aac49d3277730 |
# START kde/base repeat=1/train
# DONE kde/base repeat=1/train 0.014s
# START kde/base repeat=1/infer-save-reload
# DONE kde/base repeat=1/infer-save-reload 0.028s
# START kde/base repeat=1/batch
# DONE kde/base repeat=1/batch 0.031s
# START kde/base repeat=1/batchgrad
# DONE kde/base repeat=1/batchgrad 0.000s
# START kde/base repeat=1/batchscale
# DONE kde/base repeat=1/batchscale 0.000s
# START kde/base repeat=1/ragged
# DONE kde/base repeat=1/ragged 0.000s
# START kde/base repeat=1/stepfull
# DONE kde/base repeat=1/stepfull 0.000s
# START kde/base repeat=2/train
# DONE kde/base repeat=2/train 0.014s
# START kde/base repeat=2/infer-save-reload
# DONE kde/base repeat=2/infer-save-reload 0.028s
# START kde/base repeat=2/batch
# DONE kde/base repeat=2/batch 0.031s
# START kde/base repeat=2/batchgrad
# DONE kde/base repeat=2/batchgrad 0.000s
# START kde/base repeat=2/batchscale
# DONE kde/base repeat=2/batchscale 0.000s
# START kde/base repeat=2/ragged
# DONE kde/base repeat=2/ragged 0.000s
# START kde/base repeat=2/stepfull
# DONE kde/base repeat=2/stepfull 0.000s
# CELL kde/base STABLE 0.147s
# START kde/ties repeat=1/train
# DONE kde/ties repeat=1/train 0.020s
# START kde/ties repeat=1/infer-save-reload
# DONE kde/ties repeat=1/infer-save-reload 0.037s
# START kde/ties repeat=1/batch
# DONE kde/ties repeat=1/batch 0.040s
# START kde/ties repeat=1/batchgrad
# DONE kde/ties repeat=1/batchgrad 0.000s
# START kde/ties repeat=1/batchscale
# DONE kde/ties repeat=1/batchscale 0.000s
# START kde/ties repeat=1/ragged
# DONE kde/ties repeat=1/ragged 0.000s
# START kde/ties repeat=1/stepfull
# DONE kde/ties repeat=1/stepfull 0.000s
# START kde/ties repeat=2/train
# DONE kde/ties repeat=2/train 0.018s
# START kde/ties repeat=2/infer-save-reload
# DONE kde/ties repeat=2/infer-save-reload 0.036s
# START kde/ties repeat=2/batch
# DONE kde/ties repeat=2/batch 0.040s
# START kde/ties repeat=2/batchgrad
# DONE kde/ties repeat=2/batchgrad 0.000s
# START kde/ties repeat=2/batchscale
# DONE kde/ties repeat=2/batchscale 0.000s
# START kde/ties repeat=2/ragged
# DONE kde/ties repeat=2/ragged 0.000s
# START kde/ties repeat=2/stepfull
# DONE kde/ties repeat=2/stepfull 0.000s
# CELL kde/ties STABLE 0.192s
# START kde/hashed repeat=1/train
# DONE kde/hashed repeat=1/train 0.015s
# START kde/hashed repeat=1/infer-save-reload
# DONE kde/hashed repeat=1/infer-save-reload 0.028s
# START kde/hashed repeat=1/batch
# DONE kde/hashed repeat=1/batch 0.031s
# START kde/hashed repeat=1/batchgrad
# DONE kde/hashed repeat=1/batchgrad 0.000s
# START kde/hashed repeat=1/batchscale
# DONE kde/hashed repeat=1/batchscale 0.000s
# START kde/hashed repeat=1/ragged
# DONE kde/hashed repeat=1/ragged 0.000s
# START kde/hashed repeat=1/stepfull
# DONE kde/hashed repeat=1/stepfull 0.000s
# START kde/hashed repeat=2/train
# DONE kde/hashed repeat=2/train 0.014s
# START kde/hashed repeat=2/infer-save-reload
# DONE kde/hashed repeat=2/infer-save-reload 0.029s
# START kde/hashed repeat=2/batch
# DONE kde/hashed repeat=2/batch 0.031s
# START kde/hashed repeat=2/batchgrad
# DONE kde/hashed repeat=2/batchgrad 0.000s
# START kde/hashed repeat=2/batchscale
# DONE kde/hashed repeat=2/batchscale 0.000s
# START kde/hashed repeat=2/ragged
# DONE kde/hashed repeat=2/ragged 0.000s
# START kde/hashed repeat=2/stepfull
# DONE kde/hashed repeat=2/stepfull 0.000s
# CELL kde/hashed STABLE 0.148s
# START kde/wide repeat=1/train
# DONE kde/wide repeat=1/train 0.014s
# START kde/wide repeat=1/infer-save-reload
# DONE kde/wide repeat=1/infer-save-reload 0.028s
# START kde/wide repeat=1/batch
# DONE kde/wide repeat=1/batch 0.031s
# START kde/wide repeat=1/batchgrad
# DONE kde/wide repeat=1/batchgrad 0.000s
# START kde/wide repeat=1/batchscale
# DONE kde/wide repeat=1/batchscale 0.000s
# START kde/wide repeat=1/ragged
# DONE kde/wide repeat=1/ragged 0.000s
# START kde/wide repeat=1/stepfull
# DONE kde/wide repeat=1/stepfull 0.000s
# START kde/wide repeat=2/train
# DONE kde/wide repeat=2/train 0.014s
# START kde/wide repeat=2/infer-save-reload
# DONE kde/wide repeat=2/infer-save-reload 0.029s
# START kde/wide repeat=2/batch
# DONE kde/wide repeat=2/batch 0.031s
# START kde/wide repeat=2/batchgrad
# DONE kde/wide repeat=2/batchgrad 0.000s
# START kde/wide repeat=2/batchscale
# DONE kde/wide repeat=2/batchscale 0.000s
# START kde/wide repeat=2/ragged
# DONE kde/wide repeat=2/ragged 0.000s
# START kde/wide repeat=2/stepfull
# DONE kde/wide repeat=2/stepfull 0.000s
# CELL kde/wide STABLE 0.148s
# START kde/denormal repeat=1/train
# DONE kde/denormal repeat=1/train 0.014s
# START kde/denormal repeat=1/infer-save-reload
# DONE kde/denormal repeat=1/infer-save-reload 0.027s
# START kde/denormal repeat=1/batch
# DONE kde/denormal repeat=1/batch 0.029s
# START kde/denormal repeat=1/batchgrad
# DONE kde/denormal repeat=1/batchgrad 0.000s
# START kde/denormal repeat=1/batchscale
# DONE kde/denormal repeat=1/batchscale 0.000s
# START kde/denormal repeat=1/ragged
# DONE kde/denormal repeat=1/ragged 0.000s
# START kde/denormal repeat=1/stepfull
# DONE kde/denormal repeat=1/stepfull 0.000s
# START kde/denormal repeat=2/train
# DONE kde/denormal repeat=2/train 0.014s
# START kde/denormal repeat=2/infer-save-reload
# DONE kde/denormal repeat=2/infer-save-reload 0.027s
# START kde/denormal repeat=2/batch
# DONE kde/denormal repeat=2/batch 0.029s
# START kde/denormal repeat=2/batchgrad
# DONE kde/denormal repeat=2/batchgrad 0.000s
# START kde/denormal repeat=2/batchscale
# DONE kde/denormal repeat=2/batchscale 0.000s
# START kde/denormal repeat=2/ragged
# DONE kde/denormal repeat=2/ragged 0.000s
# START kde/denormal repeat=2/stepfull
# DONE kde/denormal repeat=2/stepfull 0.000s
# CELL kde/denormal STABLE 0.141s
# START kde/denormal_ftz repeat=1/train
# DONE kde/denormal_ftz repeat=1/train 0.014s
# START kde/denormal_ftz repeat=1/infer-save-reload
# DONE kde/denormal_ftz repeat=1/infer-save-reload 0.027s
# START kde/denormal_ftz repeat=1/batch
# DONE kde/denormal_ftz repeat=1/batch 0.030s
# START kde/denormal_ftz repeat=1/batchgrad
# DONE kde/denormal_ftz repeat=1/batchgrad 0.000s
# START kde/denormal_ftz repeat=1/batchscale
# DONE kde/denormal_ftz repeat=1/batchscale 0.000s
# START kde/denormal_ftz repeat=1/ragged
# DONE kde/denormal_ftz repeat=1/ragged 0.000s
# START kde/denormal_ftz repeat=1/stepfull
# DONE kde/denormal_ftz repeat=1/stepfull 0.000s
# START kde/denormal_ftz repeat=2/train
# DONE kde/denormal_ftz repeat=2/train 0.013s
# START kde/denormal_ftz repeat=2/infer-save-reload
# DONE kde/denormal_ftz repeat=2/infer-save-reload 0.027s
# START kde/denormal_ftz repeat=2/batch
# DONE kde/denormal_ftz repeat=2/batch 0.030s
# START kde/denormal_ftz repeat=2/batchgrad
# DONE kde/denormal_ftz repeat=2/batchgrad 0.000s
# START kde/denormal_ftz repeat=2/batchscale
# DONE kde/denormal_ftz repeat=2/batchscale 0.000s
# START kde/denormal_ftz repeat=2/ragged
# DONE kde/denormal_ftz repeat=2/ragged 0.000s
# START kde/denormal_ftz repeat=2/stepfull
# DONE kde/denormal_ftz repeat=2/stepfull 0.000s
# CELL kde/denormal_ftz STABLE 0.142s
# START kde/dupes repeat=1/train
# DONE kde/dupes repeat=1/train 0.014s
# START kde/dupes repeat=1/infer-save-reload
# DONE kde/dupes repeat=1/infer-save-reload 0.028s
# START kde/dupes repeat=1/batch
# DONE kde/dupes repeat=1/batch 0.031s
# START kde/dupes repeat=1/batchgrad
# DONE kde/dupes repeat=1/batchgrad 0.000s
# START kde/dupes repeat=1/batchscale
# DONE kde/dupes repeat=1/batchscale 0.000s
# START kde/dupes repeat=1/ragged
# DONE kde/dupes repeat=1/ragged 0.000s
# START kde/dupes repeat=1/stepfull
# DONE kde/dupes repeat=1/stepfull 0.000s
# START kde/dupes repeat=2/train
# DONE kde/dupes repeat=2/train 0.014s
# START kde/dupes repeat=2/infer-save-reload
# DONE kde/dupes repeat=2/infer-save-reload 0.028s
# START kde/dupes repeat=2/batch
# DONE kde/dupes repeat=2/batch 0.031s
# START kde/dupes repeat=2/batchgrad
# DONE kde/dupes repeat=2/batchgrad 0.000s
# START kde/dupes repeat=2/batchscale
# DONE kde/dupes repeat=2/batchscale 0.000s
# START kde/dupes repeat=2/ragged
# DONE kde/dupes repeat=2/ragged 0.000s
# START kde/dupes repeat=2/stepfull
# DONE kde/dupes repeat=2/stepfull 0.000s
# CELL kde/dupes STABLE 0.146s
# START kde/odd repeat=1/train
# DONE kde/odd repeat=1/train 0.014s
# START kde/odd repeat=1/infer-save-reload
# DONE kde/odd repeat=1/infer-save-reload 0.029s
# START kde/odd repeat=1/batch
# DONE kde/odd repeat=1/batch 0.031s
# START kde/odd repeat=1/batchgrad
# DONE kde/odd repeat=1/batchgrad 0.000s
# START kde/odd repeat=1/batchscale
# DONE kde/odd repeat=1/batchscale 0.000s
# START kde/odd repeat=1/ragged
# DONE kde/odd repeat=1/ragged 0.000s
# START kde/odd repeat=1/stepfull
# DONE kde/odd repeat=1/stepfull 0.000s
# START kde/odd repeat=2/train
# DONE kde/odd repeat=2/train 0.014s
# START kde/odd repeat=2/infer-save-reload
# DONE kde/odd repeat=2/infer-save-reload 0.028s
# START kde/odd repeat=2/batch
# DONE kde/odd repeat=2/batch 0.031s
# START kde/odd repeat=2/batchgrad
# DONE kde/odd repeat=2/batchgrad 0.000s
# START kde/odd repeat=2/batchscale
# DONE kde/odd repeat=2/batchscale 0.000s
# START kde/odd repeat=2/ragged
# DONE kde/odd repeat=2/ragged 0.000s
# START kde/odd repeat=2/stepfull
# DONE kde/odd repeat=2/stepfull 0.000s
# CELL kde/odd STABLE 0.147s
# START kde/negative repeat=1/train
# DONE kde/negative repeat=1/train 0.015s
# START kde/negative repeat=1/infer-save-reload
# DONE kde/negative repeat=1/infer-save-reload 0.029s
# START kde/negative repeat=1/batch
# DONE kde/negative repeat=1/batch 0.031s
# START kde/negative repeat=1/batchgrad
# DONE kde/negative repeat=1/batchgrad 0.000s
# START kde/negative repeat=1/batchscale
# DONE kde/negative repeat=1/batchscale 0.000s
# START kde/negative repeat=1/ragged
# DONE kde/negative repeat=1/ragged 0.000s
# START kde/negative repeat=1/stepfull
# DONE kde/negative repeat=1/stepfull 0.000s
# START kde/negative repeat=2/train
# DONE kde/negative repeat=2/train 0.014s
# START kde/negative repeat=2/infer-save-reload
# DONE kde/negative repeat=2/infer-save-reload 0.028s
# START kde/negative repeat=2/batch
# DONE kde/negative repeat=2/batch 0.031s
# START kde/negative repeat=2/batchgrad
# DONE kde/negative repeat=2/batchgrad 0.000s
# START kde/negative repeat=2/batchscale
# DONE kde/negative repeat=2/batchscale 0.000s
# START kde/negative repeat=2/ragged
# DONE kde/negative repeat=2/ragged 0.000s
# START kde/negative repeat=2/stepfull
# DONE kde/negative repeat=2/stepfull 0.000s
# CELL kde/negative STABLE 0.149s
| kde                    | e0d6e3d0623d6112 | 0a800c7b3cca66e4 | dc279c30b7c5d070 | 36c3cbb2ef71f768 | 2128392fe1eb228a | 2128392fe1eb228a | e0d6e3d0623d6112 | 8a2b6beee09a98f3 | 84ca35b6a157c265 |
| kde infer              | 1a2c3054b661b72a | 63b4da91ce458ab7 | f0d1cae79c88ca8a | 39622885a3c508a9 | 21caf753bc5b6352 | 21caf753bc5b6352 | 1a2c3054b661b72a | e49f797e443af916 | 30a64b99c13a89c4 |
| kde model              | cd5469f3b8854867 | c6b86284b81d2eea | 9d8fc4cff3c9ae8e | 4d511b1377a350b9 | ddc0470537b3c6d1 | 6e413286a1f8aebb | cd5469f3b8854867 | eaf7436bbd4ff68f | 14b5ed33ef52d808 |
| kde batch              | 6651a609fb572c44 | 42cfc4523132cd86 | e2fba14a5348aab0 | ff463469d5431eea | 3057d72e4203ed59 | 3057d72e4203ed59 | 6651a609fb572c44 | 0c6fa88005d660ff | 652c907c19e1f656 |
# START spectral/base repeat=1/train
# DONE spectral/base repeat=1/train 0.026s
# START spectral/base repeat=1/infer-save-reload
# DONE spectral/base repeat=1/infer-save-reload 0.006s
# START spectral/base repeat=1/batch
# DONE spectral/base repeat=1/batch 0.007s
# START spectral/base repeat=1/batchgrad
# DONE spectral/base repeat=1/batchgrad 0.000s
# START spectral/base repeat=1/batchscale
# DONE spectral/base repeat=1/batchscale 0.000s
# START spectral/base repeat=1/ragged
# DONE spectral/base repeat=1/ragged 0.000s
# START spectral/base repeat=1/stepfull
# DONE spectral/base repeat=1/stepfull 0.000s
# START spectral/base repeat=2/train
# DONE spectral/base repeat=2/train 0.023s
# START spectral/base repeat=2/infer-save-reload
# DONE spectral/base repeat=2/infer-save-reload 0.006s
# START spectral/base repeat=2/batch
# DONE spectral/base repeat=2/batch 0.007s
# START spectral/base repeat=2/batchgrad
# DONE spectral/base repeat=2/batchgrad 0.000s
# START spectral/base repeat=2/batchscale
# DONE spectral/base repeat=2/batchscale 0.000s
# START spectral/base repeat=2/ragged
# DONE spectral/base repeat=2/ragged 0.000s
# START spectral/base repeat=2/stepfull
# DONE spectral/base repeat=2/stepfull 0.000s
# CELL spectral/base STABLE 0.076s
# START spectral/ties repeat=1/train
# DONE spectral/ties repeat=1/train 0.027s
# START spectral/ties repeat=1/infer-save-reload
# DONE spectral/ties repeat=1/infer-save-reload 0.010s
# START spectral/ties repeat=1/batch
# DONE spectral/ties repeat=1/batch 0.008s
# START spectral/ties repeat=1/batchgrad
# DONE spectral/ties repeat=1/batchgrad 0.000s
# START spectral/ties repeat=1/batchscale
# DONE spectral/ties repeat=1/batchscale 0.000s
# START spectral/ties repeat=1/ragged
# DONE spectral/ties repeat=1/ragged 0.000s
# START spectral/ties repeat=1/stepfull
# DONE spectral/ties repeat=1/stepfull 0.000s
# START spectral/ties repeat=2/train
# DONE spectral/ties repeat=2/train 0.029s
# START spectral/ties repeat=2/infer-save-reload
# DONE spectral/ties repeat=2/infer-save-reload 0.012s
# START spectral/ties repeat=2/batch
# DONE spectral/ties repeat=2/batch 0.009s
# START spectral/ties repeat=2/batchgrad
# DONE spectral/ties repeat=2/batchgrad 0.000s
# START spectral/ties repeat=2/batchscale
# DONE spectral/ties repeat=2/batchscale 0.000s
# START spectral/ties repeat=2/ragged
# DONE spectral/ties repeat=2/ragged 0.000s
# START spectral/ties repeat=2/stepfull
# DONE spectral/ties repeat=2/stepfull 0.000s
# CELL spectral/ties STABLE 0.095s
# START spectral/hashed repeat=1/train
# DONE spectral/hashed repeat=1/train 0.029s
# START spectral/hashed repeat=1/infer-save-reload
# DONE spectral/hashed repeat=1/infer-save-reload 0.008s
# START spectral/hashed repeat=1/batch
# DONE spectral/hashed repeat=1/batch 0.008s
# START spectral/hashed repeat=1/batchgrad
# DONE spectral/hashed repeat=1/batchgrad 0.000s
# START spectral/hashed repeat=1/batchscale
# DONE spectral/hashed repeat=1/batchscale 0.000s
# START spectral/hashed repeat=1/ragged
# DONE spectral/hashed repeat=1/ragged 0.000s
# START spectral/hashed repeat=1/stepfull
# DONE spectral/hashed repeat=1/stepfull 0.000s
# START spectral/hashed repeat=2/train
# DONE spectral/hashed repeat=2/train 0.028s
# START spectral/hashed repeat=2/infer-save-reload
# DONE spectral/hashed repeat=2/infer-save-reload 0.006s
# START spectral/hashed repeat=2/batch
# DONE spectral/hashed repeat=2/batch 0.007s
# START spectral/hashed repeat=2/batchgrad
# DONE spectral/hashed repeat=2/batchgrad 0.000s
# START spectral/hashed repeat=2/batchscale
# DONE spectral/hashed repeat=2/batchscale 0.000s
# START spectral/hashed repeat=2/ragged
# DONE spectral/hashed repeat=2/ragged 0.000s
# START spectral/hashed repeat=2/stepfull
# DONE spectral/hashed repeat=2/stepfull 0.000s
# CELL spectral/hashed STABLE 0.087s
# START spectral/wide repeat=1/train
# DONE spectral/wide repeat=1/train 0.026s
# START spectral/wide repeat=1/infer-save-reload
# DONE spectral/wide repeat=1/infer-save-reload 0.006s
# START spectral/wide repeat=1/batch
# DONE spectral/wide repeat=1/batch 0.007s
# START spectral/wide repeat=1/batchgrad
# DONE spectral/wide repeat=1/batchgrad 0.000s
# START spectral/wide repeat=1/batchscale
# DONE spectral/wide repeat=1/batchscale 0.000s
# START spectral/wide repeat=1/ragged
# DONE spectral/wide repeat=1/ragged 0.000s
# START spectral/wide repeat=1/stepfull
# DONE spectral/wide repeat=1/stepfull 0.000s
# START spectral/wide repeat=2/train
# DONE spectral/wide repeat=2/train 0.028s
# START spectral/wide repeat=2/infer-save-reload
# DONE spectral/wide repeat=2/infer-save-reload 0.008s
# START spectral/wide repeat=2/batch
# DONE spectral/wide repeat=2/batch 0.007s
# START spectral/wide repeat=2/batchgrad
# DONE spectral/wide repeat=2/batchgrad 0.000s
# START spectral/wide repeat=2/batchscale
# DONE spectral/wide repeat=2/batchscale 0.000s
# START spectral/wide repeat=2/ragged
# DONE spectral/wide repeat=2/ragged 0.000s
# START spectral/wide repeat=2/stepfull
# DONE spectral/wide repeat=2/stepfull 0.000s
# CELL spectral/wide STABLE 0.084s
# START spectral/denormal repeat=1/train
# DONE spectral/denormal repeat=1/train 0.093s
# START spectral/denormal repeat=1/infer-save-reload
# DONE spectral/denormal repeat=1/infer-save-reload 0.008s
# START spectral/denormal repeat=1/batch
# DONE spectral/denormal repeat=1/batch 0.007s
# START spectral/denormal repeat=1/batchgrad
# DONE spectral/denormal repeat=1/batchgrad 0.000s
# START spectral/denormal repeat=1/batchscale
# DONE spectral/denormal repeat=1/batchscale 0.000s
# START spectral/denormal repeat=1/ragged
# DONE spectral/denormal repeat=1/ragged 0.000s
# START spectral/denormal repeat=1/stepfull
# DONE spectral/denormal repeat=1/stepfull 0.000s
# START spectral/denormal repeat=2/train
# DONE spectral/denormal repeat=2/train 0.092s
# START spectral/denormal repeat=2/infer-save-reload
# DONE spectral/denormal repeat=2/infer-save-reload 0.008s
# START spectral/denormal repeat=2/batch
# DONE spectral/denormal repeat=2/batch 0.008s
# START spectral/denormal repeat=2/batchgrad
# DONE spectral/denormal repeat=2/batchgrad 0.000s
# START spectral/denormal repeat=2/batchscale
# DONE spectral/denormal repeat=2/batchscale 0.000s
# START spectral/denormal repeat=2/ragged
# DONE spectral/denormal repeat=2/ragged 0.000s
# START spectral/denormal repeat=2/stepfull
# DONE spectral/denormal repeat=2/stepfull 0.000s
# CELL spectral/denormal STABLE 0.217s
# START spectral/denormal_ftz repeat=1/train
# DONE spectral/denormal_ftz repeat=1/train 0.093s
# START spectral/denormal_ftz repeat=1/infer-save-reload
# DONE spectral/denormal_ftz repeat=1/infer-save-reload 0.008s
# START spectral/denormal_ftz repeat=1/batch
# DONE spectral/denormal_ftz repeat=1/batch 0.007s
# START spectral/denormal_ftz repeat=1/batchgrad
# DONE spectral/denormal_ftz repeat=1/batchgrad 0.000s
# START spectral/denormal_ftz repeat=1/batchscale
# DONE spectral/denormal_ftz repeat=1/batchscale 0.000s
# START spectral/denormal_ftz repeat=1/ragged
# DONE spectral/denormal_ftz repeat=1/ragged 0.000s
# START spectral/denormal_ftz repeat=1/stepfull
# DONE spectral/denormal_ftz repeat=1/stepfull 0.000s
# START spectral/denormal_ftz repeat=2/train
# DONE spectral/denormal_ftz repeat=2/train 0.092s
# START spectral/denormal_ftz repeat=2/infer-save-reload
# DONE spectral/denormal_ftz repeat=2/infer-save-reload 0.008s
# START spectral/denormal_ftz repeat=2/batch
# DONE spectral/denormal_ftz repeat=2/batch 0.007s
# START spectral/denormal_ftz repeat=2/batchgrad
# DONE spectral/denormal_ftz repeat=2/batchgrad 0.000s
# START spectral/denormal_ftz repeat=2/batchscale
# DONE spectral/denormal_ftz repeat=2/batchscale 0.000s
# START spectral/denormal_ftz repeat=2/ragged
# DONE spectral/denormal_ftz repeat=2/ragged 0.000s
# START spectral/denormal_ftz repeat=2/stepfull
# DONE spectral/denormal_ftz repeat=2/stepfull 0.000s
# CELL spectral/denormal_ftz STABLE 0.216s
# START spectral/dupes repeat=1/train
# DONE spectral/dupes repeat=1/train 0.026s
# START spectral/dupes repeat=1/infer-save-reload
# DONE spectral/dupes repeat=1/infer-save-reload 0.008s
# START spectral/dupes repeat=1/batch
# DONE spectral/dupes repeat=1/batch 0.007s
# START spectral/dupes repeat=1/batchgrad
# DONE spectral/dupes repeat=1/batchgrad 0.000s
# START spectral/dupes repeat=1/batchscale
# DONE spectral/dupes repeat=1/batchscale 0.000s
# START spectral/dupes repeat=1/ragged
# DONE spectral/dupes repeat=1/ragged 0.000s
# START spectral/dupes repeat=1/stepfull
# DONE spectral/dupes repeat=1/stepfull 0.000s
# START spectral/dupes repeat=2/train
# DONE spectral/dupes repeat=2/train 0.026s
# START spectral/dupes repeat=2/infer-save-reload
# DONE spectral/dupes repeat=2/infer-save-reload 0.008s
# START spectral/dupes repeat=2/batch
# DONE spectral/dupes repeat=2/batch 0.007s
# START spectral/dupes repeat=2/batchgrad
# DONE spectral/dupes repeat=2/batchgrad 0.000s
# START spectral/dupes repeat=2/batchscale
# DONE spectral/dupes repeat=2/batchscale 0.000s
# START spectral/dupes repeat=2/ragged
# DONE spectral/dupes repeat=2/ragged 0.000s
# START spectral/dupes repeat=2/stepfull
# DONE spectral/dupes repeat=2/stepfull 0.000s
# CELL spectral/dupes STABLE 0.083s
# START spectral/odd repeat=1/train
# DONE spectral/odd repeat=1/train 0.026s
# START spectral/odd repeat=1/infer-save-reload
# DONE spectral/odd repeat=1/infer-save-reload 0.008s
# START spectral/odd repeat=1/batch
# DONE spectral/odd repeat=1/batch 0.007s
# START spectral/odd repeat=1/batchgrad
# DONE spectral/odd repeat=1/batchgrad 0.000s
# START spectral/odd repeat=1/batchscale
# DONE spectral/odd repeat=1/batchscale 0.000s
# START spectral/odd repeat=1/ragged
# DONE spectral/odd repeat=1/ragged 0.000s
# START spectral/odd repeat=1/stepfull
# DONE spectral/odd repeat=1/stepfull 0.000s
# START spectral/odd repeat=2/train
# DONE spectral/odd repeat=2/train 0.026s
# START spectral/odd repeat=2/infer-save-reload
# DONE spectral/odd repeat=2/infer-save-reload 0.008s
# START spectral/odd repeat=2/batch
# DONE spectral/odd repeat=2/batch 0.007s
# START spectral/odd repeat=2/batchgrad
# DONE spectral/odd repeat=2/batchgrad 0.000s
# START spectral/odd repeat=2/batchscale
# DONE spectral/odd repeat=2/batchscale 0.000s
# START spectral/odd repeat=2/ragged
# DONE spectral/odd repeat=2/ragged 0.000s
# START spectral/odd repeat=2/stepfull
# DONE spectral/odd repeat=2/stepfull 0.000s
# CELL spectral/odd STABLE 0.084s
# START spectral/negative repeat=1/train
# DONE spectral/negative repeat=1/train 0.023s
# START spectral/negative repeat=1/infer-save-reload
# DONE spectral/negative repeat=1/infer-save-reload 0.008s
# START spectral/negative repeat=1/batch
# DONE spectral/negative repeat=1/batch 0.008s
# START spectral/negative repeat=1/batchgrad
# DONE spectral/negative repeat=1/batchgrad 0.000s
# START spectral/negative repeat=1/batchscale
# DONE spectral/negative repeat=1/batchscale 0.000s
# START spectral/negative repeat=1/ragged
# DONE spectral/negative repeat=1/ragged 0.000s
# START spectral/negative repeat=1/stepfull
# DONE spectral/negative repeat=1/stepfull 0.000s
# START spectral/negative repeat=2/train
# DONE spectral/negative repeat=2/train 0.025s
# START spectral/negative repeat=2/infer-save-reload
# DONE spectral/negative repeat=2/infer-save-reload 0.006s
# START spectral/negative repeat=2/batch
# DONE spectral/negative repeat=2/batch 0.007s
# START spectral/negative repeat=2/batchgrad
# DONE spectral/negative repeat=2/batchgrad 0.000s
# START spectral/negative repeat=2/batchscale
# DONE spectral/negative repeat=2/batchscale 0.000s
# START spectral/negative repeat=2/ragged
# DONE spectral/negative repeat=2/ragged 0.000s
# START spectral/negative repeat=2/stepfull
# DONE spectral/negative repeat=2/stepfull 0.000s
# CELL spectral/negative STABLE 0.079s
| spectral               | 112c7b0d7556a6ff | 3976be59c005d8f8 | 63111a283f247f0c | a65623b09f32292e | 96081e4016bb85b3 | 96081e4016bb85b3 | 112c7b0d7556a6ff | c8c26f83355366a6 | 0ae906c32d701fe3 |
| spectral infer         | a7f3488317ff571e | 3a3fc8018ebcbca3 | 0227830c9fd1fe3e | 586e97f6021ef95f | 2afcfda3fa76f90f | 2afcfda3fa76f90f | a7f3488317ff571e | 39fdef517641e388 | 9125742811a1c301 |
| spectral model         | 3e34622ced4d3c60 | ad1e356159f986fd | dbca01a677a6db83 | a985160042099a54 | 508b97806e7b4642 | dbaf9dde2a1654b4 | 3e34622ced4d3c60 | 5b584f9ad9a4334f | f530608624dd3f0b |
| spectral batch         | fedcfcc1f97d1520 | fa770a3b846ea54d | 62a05c74d9804ffb | 1669b42120ecc80a | a34a571fd486b72b | a34a571fd486b72b | fedcfcc1f97d1520 | 3b67216c0796907b | bf7af370b26728ba |
# START svr/base repeat=1/train
# DONE svr/base repeat=1/train 0.380s
# START svr/base repeat=1/infer-save-reload
# DONE svr/base repeat=1/infer-save-reload 0.019s
# START svr/base repeat=1/batch
# DONE svr/base repeat=1/batch 0.020s
# START svr/base repeat=1/batchgrad
# DONE svr/base repeat=1/batchgrad 0.000s
# START svr/base repeat=1/batchscale
# DONE svr/base repeat=1/batchscale 0.000s
# START svr/base repeat=1/ragged
# DONE svr/base repeat=1/ragged 0.000s
# START svr/base repeat=1/stepfull
# DONE svr/base repeat=1/stepfull 0.000s
# START svr/base repeat=2/train
# DONE svr/base repeat=2/train 0.375s
# START svr/base repeat=2/infer-save-reload
# DONE svr/base repeat=2/infer-save-reload 0.019s
# START svr/base repeat=2/batch
# DONE svr/base repeat=2/batch 0.020s
# START svr/base repeat=2/batchgrad
# DONE svr/base repeat=2/batchgrad 0.000s
# START svr/base repeat=2/batchscale
# DONE svr/base repeat=2/batchscale 0.000s
# START svr/base repeat=2/ragged
# DONE svr/base repeat=2/ragged 0.000s
# START svr/base repeat=2/stepfull
# DONE svr/base repeat=2/stepfull 0.000s
# CELL svr/base STABLE 0.833s
# START svr/ties repeat=1/train
# DONE svr/ties repeat=1/train 0.436s
# START svr/ties repeat=1/infer-save-reload
# DONE svr/ties repeat=1/infer-save-reload 0.048s
# START svr/ties repeat=1/batch
# DONE svr/ties repeat=1/batch 0.053s
# START svr/ties repeat=1/batchgrad
# DONE svr/ties repeat=1/batchgrad 0.000s
# START svr/ties repeat=1/batchscale
# DONE svr/ties repeat=1/batchscale 0.000s
# START svr/ties repeat=1/ragged
# DONE svr/ties repeat=1/ragged 0.000s
# START svr/ties repeat=1/stepfull
# DONE svr/ties repeat=1/stepfull 0.000s
# START svr/ties repeat=2/train
# DONE svr/ties repeat=2/train 0.435s
# START svr/ties repeat=2/infer-save-reload
# DONE svr/ties repeat=2/infer-save-reload 0.049s
# START svr/ties repeat=2/batch
# DONE svr/ties repeat=2/batch 0.051s
# START svr/ties repeat=2/batchgrad
# DONE svr/ties repeat=2/batchgrad 0.000s
# START svr/ties repeat=2/batchscale
# DONE svr/ties repeat=2/batchscale 0.000s
# START svr/ties repeat=2/ragged
# DONE svr/ties repeat=2/ragged 0.000s
# START svr/ties repeat=2/stepfull
# DONE svr/ties repeat=2/stepfull 0.000s
# CELL svr/ties STABLE 1.072s
# START svr/hashed repeat=1/train
# DONE svr/hashed repeat=1/train 0.280s
# START svr/hashed repeat=1/infer-save-reload
# DONE svr/hashed repeat=1/infer-save-reload 0.020s
# START svr/hashed repeat=1/batch
# DONE svr/hashed repeat=1/batch 0.021s
# START svr/hashed repeat=1/batchgrad
# DONE svr/hashed repeat=1/batchgrad 0.000s
# START svr/hashed repeat=1/batchscale
# DONE svr/hashed repeat=1/batchscale 0.000s
# START svr/hashed repeat=1/ragged
# DONE svr/hashed repeat=1/ragged 0.000s
# START svr/hashed repeat=1/stepfull
# DONE svr/hashed repeat=1/stepfull 0.000s
# START svr/hashed repeat=2/train
# DONE svr/hashed repeat=2/train 0.279s
# START svr/hashed repeat=2/infer-save-reload
# DONE svr/hashed repeat=2/infer-save-reload 0.020s
# START svr/hashed repeat=2/batch
# DONE svr/hashed repeat=2/batch 0.021s
# START svr/hashed repeat=2/batchgrad
# DONE svr/hashed repeat=2/batchgrad 0.000s
# START svr/hashed repeat=2/batchscale
# DONE svr/hashed repeat=2/batchscale 0.000s
# START svr/hashed repeat=2/ragged
# DONE svr/hashed repeat=2/ragged 0.000s
# START svr/hashed repeat=2/stepfull
# DONE svr/hashed repeat=2/stepfull 0.000s
# CELL svr/hashed STABLE 0.642s
# START svr/wide repeat=1/train
# DONE svr/wide repeat=1/train 0.194s
# START svr/wide repeat=1/infer-save-reload
# DONE svr/wide repeat=1/infer-save-reload 0.021s
# START svr/wide repeat=1/batch
# DONE svr/wide repeat=1/batch 0.023s
# START svr/wide repeat=1/batchgrad
# DONE svr/wide repeat=1/batchgrad 0.000s
# START svr/wide repeat=1/batchscale
# DONE svr/wide repeat=1/batchscale 0.000s
# START svr/wide repeat=1/ragged
# DONE svr/wide repeat=1/ragged 0.000s
# START svr/wide repeat=1/stepfull
# DONE svr/wide repeat=1/stepfull 0.000s
# START svr/wide repeat=2/train
# DONE svr/wide repeat=2/train 0.194s
# START svr/wide repeat=2/infer-save-reload
# DONE svr/wide repeat=2/infer-save-reload 0.022s
# START svr/wide repeat=2/batch
# DONE svr/wide repeat=2/batch 0.023s
# START svr/wide repeat=2/batchgrad
# DONE svr/wide repeat=2/batchgrad 0.000s
# START svr/wide repeat=2/batchscale
# DONE svr/wide repeat=2/batchscale 0.000s
# START svr/wide repeat=2/ragged
# DONE svr/wide repeat=2/ragged 0.000s
# START svr/wide repeat=2/stepfull
# DONE svr/wide repeat=2/stepfull 0.000s
# CELL svr/wide STABLE 0.476s
# START svr/denormal repeat=1/train
# DONE svr/denormal repeat=1/train 0.378s
# START svr/denormal repeat=1/infer-save-reload
# DONE svr/denormal repeat=1/infer-save-reload 0.018s
# START svr/denormal repeat=1/batch
# DONE svr/denormal repeat=1/batch 0.019s
# START svr/denormal repeat=1/batchgrad
# DONE svr/denormal repeat=1/batchgrad 0.000s
# START svr/denormal repeat=1/batchscale
# DONE svr/denormal repeat=1/batchscale 0.000s
# START svr/denormal repeat=1/ragged
# DONE svr/denormal repeat=1/ragged 0.000s
# START svr/denormal repeat=1/stepfull
# DONE svr/denormal repeat=1/stepfull 0.000s
# START svr/denormal repeat=2/train
# DONE svr/denormal repeat=2/train 0.374s
# START svr/denormal repeat=2/infer-save-reload
# DONE svr/denormal repeat=2/infer-save-reload 0.018s
# START svr/denormal repeat=2/batch
# DONE svr/denormal repeat=2/batch 0.019s
# START svr/denormal repeat=2/batchgrad
# DONE svr/denormal repeat=2/batchgrad 0.000s
# START svr/denormal repeat=2/batchscale
# DONE svr/denormal repeat=2/batchscale 0.000s
# START svr/denormal repeat=2/ragged
# DONE svr/denormal repeat=2/ragged 0.000s
# START svr/denormal repeat=2/stepfull
# DONE svr/denormal repeat=2/stepfull 0.000s
# CELL svr/denormal STABLE 0.828s
# START svr/denormal_ftz repeat=1/train
# DONE svr/denormal_ftz repeat=1/train 0.379s
# START svr/denormal_ftz repeat=1/infer-save-reload
# DONE svr/denormal_ftz repeat=1/infer-save-reload 0.018s
# START svr/denormal_ftz repeat=1/batch
# DONE svr/denormal_ftz repeat=1/batch 0.019s
# START svr/denormal_ftz repeat=1/batchgrad
# DONE svr/denormal_ftz repeat=1/batchgrad 0.000s
# START svr/denormal_ftz repeat=1/batchscale
# DONE svr/denormal_ftz repeat=1/batchscale 0.000s
# START svr/denormal_ftz repeat=1/ragged
# DONE svr/denormal_ftz repeat=1/ragged 0.000s
# START svr/denormal_ftz repeat=1/stepfull
# DONE svr/denormal_ftz repeat=1/stepfull 0.000s
# START svr/denormal_ftz repeat=2/train
# DONE svr/denormal_ftz repeat=2/train 0.375s
# START svr/denormal_ftz repeat=2/infer-save-reload
# DONE svr/denormal_ftz repeat=2/infer-save-reload 0.018s
# START svr/denormal_ftz repeat=2/batch
# DONE svr/denormal_ftz repeat=2/batch 0.019s
# START svr/denormal_ftz repeat=2/batchgrad
# DONE svr/denormal_ftz repeat=2/batchgrad 0.000s
# START svr/denormal_ftz repeat=2/batchscale
# DONE svr/denormal_ftz repeat=2/batchscale 0.000s
# START svr/denormal_ftz repeat=2/ragged
# DONE svr/denormal_ftz repeat=2/ragged 0.000s
# START svr/denormal_ftz repeat=2/stepfull
# DONE svr/denormal_ftz repeat=2/stepfull 0.000s
# CELL svr/denormal_ftz STABLE 0.829s
# START svr/dupes repeat=1/train
# DONE svr/dupes repeat=1/train 0.371s
# START svr/dupes repeat=1/infer-save-reload
# DONE svr/dupes repeat=1/infer-save-reload 0.018s
# START svr/dupes repeat=1/batch
# DONE svr/dupes repeat=1/batch 0.019s
# START svr/dupes repeat=1/batchgrad
# DONE svr/dupes repeat=1/batchgrad 0.000s
# START svr/dupes repeat=1/batchscale
# DONE svr/dupes repeat=1/batchscale 0.000s
# START svr/dupes repeat=1/ragged
# DONE svr/dupes repeat=1/ragged 0.000s
# START svr/dupes repeat=1/stepfull
# DONE svr/dupes repeat=1/stepfull 0.000s
# START svr/dupes repeat=2/train
# DONE svr/dupes repeat=2/train 0.372s
# START svr/dupes repeat=2/infer-save-reload
# DONE svr/dupes repeat=2/infer-save-reload 0.017s
# START svr/dupes repeat=2/batch
# DONE svr/dupes repeat=2/batch 0.019s
# START svr/dupes repeat=2/batchgrad
# DONE svr/dupes repeat=2/batchgrad 0.000s
# START svr/dupes repeat=2/batchscale
# DONE svr/dupes repeat=2/batchscale 0.000s
# START svr/dupes repeat=2/ragged
# DONE svr/dupes repeat=2/ragged 0.000s
# START svr/dupes repeat=2/stepfull
# DONE svr/dupes repeat=2/stepfull 0.000s
# CELL svr/dupes STABLE 0.816s
# START svr/odd repeat=1/train
# DONE svr/odd repeat=1/train 0.283s
# START svr/odd repeat=1/infer-save-reload
# DONE svr/odd repeat=1/infer-save-reload 0.019s
# START svr/odd repeat=1/batch
# DONE svr/odd repeat=1/batch 0.021s
# START svr/odd repeat=1/batchgrad
# DONE svr/odd repeat=1/batchgrad 0.000s
# START svr/odd repeat=1/batchscale
# DONE svr/odd repeat=1/batchscale 0.000s
# START svr/odd repeat=1/ragged
# DONE svr/odd repeat=1/ragged 0.000s
# START svr/odd repeat=1/stepfull
# DONE svr/odd repeat=1/stepfull 0.000s
# START svr/odd repeat=2/train
# DONE svr/odd repeat=2/train 0.282s
# START svr/odd repeat=2/infer-save-reload
# DONE svr/odd repeat=2/infer-save-reload 0.019s
# START svr/odd repeat=2/batch
# DONE svr/odd repeat=2/batch 0.020s
# START svr/odd repeat=2/batchgrad
# DONE svr/odd repeat=2/batchgrad 0.000s
# START svr/odd repeat=2/batchscale
# DONE svr/odd repeat=2/batchscale 0.000s
# START svr/odd repeat=2/ragged
# DONE svr/odd repeat=2/ragged 0.000s
# START svr/odd repeat=2/stepfull
# DONE svr/odd repeat=2/stepfull 0.000s
# CELL svr/odd STABLE 0.646s
# START svr/negative repeat=1/train
# DONE svr/negative repeat=1/train 0.358s
# START svr/negative repeat=1/infer-save-reload
# DONE svr/negative repeat=1/infer-save-reload 0.014s
# START svr/negative repeat=1/batch
# DONE svr/negative repeat=1/batch 0.015s
# START svr/negative repeat=1/batchgrad
# DONE svr/negative repeat=1/batchgrad 0.000s
# START svr/negative repeat=1/batchscale
# DONE svr/negative repeat=1/batchscale 0.000s
# START svr/negative repeat=1/ragged
# DONE svr/negative repeat=1/ragged 0.000s
# START svr/negative repeat=1/stepfull
# DONE svr/negative repeat=1/stepfull 0.000s
# START svr/negative repeat=2/train
# DONE svr/negative repeat=2/train 0.356s
# START svr/negative repeat=2/infer-save-reload
# DONE svr/negative repeat=2/infer-save-reload 0.014s
# START svr/negative repeat=2/batch
# DONE svr/negative repeat=2/batch 0.015s
# START svr/negative repeat=2/batchgrad
# DONE svr/negative repeat=2/batchgrad 0.000s
# START svr/negative repeat=2/batchscale
# DONE svr/negative repeat=2/batchscale 0.000s
# START svr/negative repeat=2/ragged
# DONE svr/negative repeat=2/ragged 0.000s
# START svr/negative repeat=2/stepfull
# DONE svr/negative repeat=2/stepfull 0.000s
# CELL svr/negative STABLE 0.771s
| svr                    | 2afafe190450304b | d69c878738f75a68 | cab554d4bdf018d2 | 089b83a32233143b | e916e4426dcd5a14 | e916e4426dcd5a14 | 6e2a4421f6b02f85 | 07d6f7035db0e04b | 157297e596168454 |
| svr infer              | 021831e9ffd2bb9d | 0a371cbfd4cbe5c1 | 6ea59f77ab4b672a | 62661f1f0efa01f4 | 13643cd05c4a641d | 13643cd05c4a641d | 2d84831c33ef58e0 | 7a2173bef2f1dcbe | 9815b80b4546e3a3 |
| svr model              | e28c2681321f99df | 490b7d9dbdf08c50 | b8882cb69c8e01b2 | ed154067c6066391 | 08b0cf218897d8e3 | d85762954c84445a | 73d9170287e81a7d | 23cbc4642d1cc522 | 06c9310b80362f99 |
| svr batch              | ad4096a1ae4cc4d7 | c5728a83acf5f4c2 | 508e60b4ef6eed4c | 7589ad96ecc05db1 | e4e4083511a0e155 | e4e4083511a0e155 | 172b3f38f86ea64a | ad054e11a184f1bf | 903978a7a15fdc7a |
# START gpc-multiclass/base repeat=1/train
# DONE gpc-multiclass/base repeat=1/train 0.273s
# START gpc-multiclass/base repeat=1/infer-save-reload
# DONE gpc-multiclass/base repeat=1/infer-save-reload 0.128s
# START gpc-multiclass/base repeat=1/batch
# DONE gpc-multiclass/base repeat=1/batch 0.073s
# START gpc-multiclass/base repeat=1/batchgrad
# DONE gpc-multiclass/base repeat=1/batchgrad 0.000s
# START gpc-multiclass/base repeat=1/batchscale
# DONE gpc-multiclass/base repeat=1/batchscale 0.000s
# START gpc-multiclass/base repeat=1/ragged
# DONE gpc-multiclass/base repeat=1/ragged 0.000s
# START gpc-multiclass/base repeat=1/stepfull
# DONE gpc-multiclass/base repeat=1/stepfull 0.000s
# START gpc-multiclass/base repeat=2/train
# DONE gpc-multiclass/base repeat=2/train 0.276s
# START gpc-multiclass/base repeat=2/infer-save-reload
# DONE gpc-multiclass/base repeat=2/infer-save-reload 0.128s
# START gpc-multiclass/base repeat=2/batch
# DONE gpc-multiclass/base repeat=2/batch 0.073s
# START gpc-multiclass/base repeat=2/batchgrad
# DONE gpc-multiclass/base repeat=2/batchgrad 0.000s
# START gpc-multiclass/base repeat=2/batchscale
# DONE gpc-multiclass/base repeat=2/batchscale 0.000s
# START gpc-multiclass/base repeat=2/ragged
# DONE gpc-multiclass/base repeat=2/ragged 0.000s
# START gpc-multiclass/base repeat=2/stepfull
# DONE gpc-multiclass/base repeat=2/stepfull 0.000s
# CELL gpc-multiclass/base STABLE 0.952s
# START gpc-multiclass/ties repeat=1/train
# DONE gpc-multiclass/ties repeat=1/train 0.245s
# START gpc-multiclass/ties repeat=1/infer-save-reload
# DONE gpc-multiclass/ties repeat=1/infer-save-reload 0.134s
# START gpc-multiclass/ties repeat=1/batch
# DONE gpc-multiclass/ties repeat=1/batch 0.076s
# START gpc-multiclass/ties repeat=1/batchgrad
# DONE gpc-multiclass/ties repeat=1/batchgrad 0.000s
# START gpc-multiclass/ties repeat=1/batchscale
# DONE gpc-multiclass/ties repeat=1/batchscale 0.000s
# START gpc-multiclass/ties repeat=1/ragged
# DONE gpc-multiclass/ties repeat=1/ragged 0.000s
# START gpc-multiclass/ties repeat=1/stepfull
# DONE gpc-multiclass/ties repeat=1/stepfull 0.000s
# START gpc-multiclass/ties repeat=2/train
# DONE gpc-multiclass/ties repeat=2/train 0.254s
# START gpc-multiclass/ties repeat=2/infer-save-reload
# DONE gpc-multiclass/ties repeat=2/infer-save-reload 0.136s
# START gpc-multiclass/ties repeat=2/batch
# DONE gpc-multiclass/ties repeat=2/batch 0.076s
# START gpc-multiclass/ties repeat=2/batchgrad
# DONE gpc-multiclass/ties repeat=2/batchgrad 0.000s
# START gpc-multiclass/ties repeat=2/batchscale
# DONE gpc-multiclass/ties repeat=2/batchscale 0.000s
# START gpc-multiclass/ties repeat=2/ragged
# DONE gpc-multiclass/ties repeat=2/ragged 0.000s
# START gpc-multiclass/ties repeat=2/stepfull
# DONE gpc-multiclass/ties repeat=2/stepfull 0.000s
# CELL gpc-multiclass/ties STABLE 0.922s
# START gpc-multiclass/hashed repeat=1/train
# DONE gpc-multiclass/hashed repeat=1/train 0.299s
# START gpc-multiclass/hashed repeat=1/infer-save-reload
# DONE gpc-multiclass/hashed repeat=1/infer-save-reload 0.130s
# START gpc-multiclass/hashed repeat=1/batch
# DONE gpc-multiclass/hashed repeat=1/batch 0.073s
# START gpc-multiclass/hashed repeat=1/batchgrad
# DONE gpc-multiclass/hashed repeat=1/batchgrad 0.000s
# START gpc-multiclass/hashed repeat=1/batchscale
# DONE gpc-multiclass/hashed repeat=1/batchscale 0.000s
# START gpc-multiclass/hashed repeat=1/ragged
# DONE gpc-multiclass/hashed repeat=1/ragged 0.000s
# START gpc-multiclass/hashed repeat=1/stepfull
# DONE gpc-multiclass/hashed repeat=1/stepfull 0.000s
# START gpc-multiclass/hashed repeat=2/train
# DONE gpc-multiclass/hashed repeat=2/train 0.287s
# START gpc-multiclass/hashed repeat=2/infer-save-reload
# DONE gpc-multiclass/hashed repeat=2/infer-save-reload 0.129s
# START gpc-multiclass/hashed repeat=2/batch
# DONE gpc-multiclass/hashed repeat=2/batch 0.073s
# START gpc-multiclass/hashed repeat=2/batchgrad
# DONE gpc-multiclass/hashed repeat=2/batchgrad 0.000s
# START gpc-multiclass/hashed repeat=2/batchscale
# DONE gpc-multiclass/hashed repeat=2/batchscale 0.000s
# START gpc-multiclass/hashed repeat=2/ragged
# DONE gpc-multiclass/hashed repeat=2/ragged 0.000s
# START gpc-multiclass/hashed repeat=2/stepfull
# DONE gpc-multiclass/hashed repeat=2/stepfull 0.000s
# CELL gpc-multiclass/hashed STABLE 0.992s
# START gpc-multiclass/wide repeat=1/train
# DONE gpc-multiclass/wide repeat=1/train 0.217s
# START gpc-multiclass/wide repeat=1/infer-save-reload
# DONE gpc-multiclass/wide repeat=1/infer-save-reload 0.132s
# START gpc-multiclass/wide repeat=1/batch
# DONE gpc-multiclass/wide repeat=1/batch 0.076s
# START gpc-multiclass/wide repeat=1/batchgrad
# DONE gpc-multiclass/wide repeat=1/batchgrad 0.000s
# START gpc-multiclass/wide repeat=1/batchscale
# DONE gpc-multiclass/wide repeat=1/batchscale 0.000s
# START gpc-multiclass/wide repeat=1/ragged
# DONE gpc-multiclass/wide repeat=1/ragged 0.000s
# START gpc-multiclass/wide repeat=1/stepfull
# DONE gpc-multiclass/wide repeat=1/stepfull 0.000s
# START gpc-multiclass/wide repeat=2/train
# DONE gpc-multiclass/wide repeat=2/train 0.231s
# START gpc-multiclass/wide repeat=2/infer-save-reload
# DONE gpc-multiclass/wide repeat=2/infer-save-reload 0.131s
# START gpc-multiclass/wide repeat=2/batch
# DONE gpc-multiclass/wide repeat=2/batch 0.073s
# START gpc-multiclass/wide repeat=2/batchgrad
# DONE gpc-multiclass/wide repeat=2/batchgrad 0.000s
# START gpc-multiclass/wide repeat=2/batchscale
# DONE gpc-multiclass/wide repeat=2/batchscale 0.000s
# START gpc-multiclass/wide repeat=2/ragged
# DONE gpc-multiclass/wide repeat=2/ragged 0.000s
# START gpc-multiclass/wide repeat=2/stepfull
# DONE gpc-multiclass/wide repeat=2/stepfull 0.000s
# CELL gpc-multiclass/wide STABLE 0.861s
# START gpc-multiclass/denormal repeat=1/train
# DONE gpc-multiclass/denormal repeat=1/train 0.289s
# START gpc-multiclass/denormal repeat=1/infer-save-reload
# DONE gpc-multiclass/denormal repeat=1/infer-save-reload 0.130s
# START gpc-multiclass/denormal repeat=1/batch
# DONE gpc-multiclass/denormal repeat=1/batch 0.072s
# START gpc-multiclass/denormal repeat=1/batchgrad
# DONE gpc-multiclass/denormal repeat=1/batchgrad 0.000s
# START gpc-multiclass/denormal repeat=1/batchscale
# DONE gpc-multiclass/denormal repeat=1/batchscale 0.000s
# START gpc-multiclass/denormal repeat=1/ragged
# DONE gpc-multiclass/denormal repeat=1/ragged 0.000s
# START gpc-multiclass/denormal repeat=1/stepfull
# DONE gpc-multiclass/denormal repeat=1/stepfull 0.000s
# START gpc-multiclass/denormal repeat=2/train
# DONE gpc-multiclass/denormal repeat=2/train 0.283s
# START gpc-multiclass/denormal repeat=2/infer-save-reload
# DONE gpc-multiclass/denormal repeat=2/infer-save-reload 0.130s
# START gpc-multiclass/denormal repeat=2/batch
# DONE gpc-multiclass/denormal repeat=2/batch 0.071s
# START gpc-multiclass/denormal repeat=2/batchgrad
# DONE gpc-multiclass/denormal repeat=2/batchgrad 0.000s
# START gpc-multiclass/denormal repeat=2/batchscale
# DONE gpc-multiclass/denormal repeat=2/batchscale 0.000s
# START gpc-multiclass/denormal repeat=2/ragged
# DONE gpc-multiclass/denormal repeat=2/ragged 0.000s
# START gpc-multiclass/denormal repeat=2/stepfull
# DONE gpc-multiclass/denormal repeat=2/stepfull 0.000s
# CELL gpc-multiclass/denormal STABLE 0.976s
# START gpc-multiclass/denormal_ftz repeat=1/train
# DONE gpc-multiclass/denormal_ftz repeat=1/train 0.289s
# START gpc-multiclass/denormal_ftz repeat=1/infer-save-reload
# DONE gpc-multiclass/denormal_ftz repeat=1/infer-save-reload 0.130s
# START gpc-multiclass/denormal_ftz repeat=1/batch
# DONE gpc-multiclass/denormal_ftz repeat=1/batch 0.070s
# START gpc-multiclass/denormal_ftz repeat=1/batchgrad
# DONE gpc-multiclass/denormal_ftz repeat=1/batchgrad 0.000s
# START gpc-multiclass/denormal_ftz repeat=1/batchscale
# DONE gpc-multiclass/denormal_ftz repeat=1/batchscale 0.000s
# START gpc-multiclass/denormal_ftz repeat=1/ragged
# DONE gpc-multiclass/denormal_ftz repeat=1/ragged 0.000s
# START gpc-multiclass/denormal_ftz repeat=1/stepfull
# DONE gpc-multiclass/denormal_ftz repeat=1/stepfull 0.000s
# START gpc-multiclass/denormal_ftz repeat=2/train
# DONE gpc-multiclass/denormal_ftz repeat=2/train 0.279s
# START gpc-multiclass/denormal_ftz repeat=2/infer-save-reload
# DONE gpc-multiclass/denormal_ftz repeat=2/infer-save-reload 0.128s
# START gpc-multiclass/denormal_ftz repeat=2/batch
# DONE gpc-multiclass/denormal_ftz repeat=2/batch 0.070s
# START gpc-multiclass/denormal_ftz repeat=2/batchgrad
# DONE gpc-multiclass/denormal_ftz repeat=2/batchgrad 0.000s
# START gpc-multiclass/denormal_ftz repeat=2/batchscale
# DONE gpc-multiclass/denormal_ftz repeat=2/batchscale 0.000s
# START gpc-multiclass/denormal_ftz repeat=2/ragged
# DONE gpc-multiclass/denormal_ftz repeat=2/ragged 0.000s
# START gpc-multiclass/denormal_ftz repeat=2/stepfull
# DONE gpc-multiclass/denormal_ftz repeat=2/stepfull 0.000s
# CELL gpc-multiclass/denormal_ftz STABLE 0.967s
# START gpc-multiclass/dupes repeat=1/train
# DONE gpc-multiclass/dupes repeat=1/train 0.290s
# START gpc-multiclass/dupes repeat=1/infer-save-reload
# DONE gpc-multiclass/dupes repeat=1/infer-save-reload 0.130s
# START gpc-multiclass/dupes repeat=1/batch
# DONE gpc-multiclass/dupes repeat=1/batch 0.072s
# START gpc-multiclass/dupes repeat=1/batchgrad
# DONE gpc-multiclass/dupes repeat=1/batchgrad 0.000s
# START gpc-multiclass/dupes repeat=1/batchscale
# DONE gpc-multiclass/dupes repeat=1/batchscale 0.000s
# START gpc-multiclass/dupes repeat=1/ragged
# DONE gpc-multiclass/dupes repeat=1/ragged 0.000s
# START gpc-multiclass/dupes repeat=1/stepfull
# DONE gpc-multiclass/dupes repeat=1/stepfull 0.000s
# START gpc-multiclass/dupes repeat=2/train
# DONE gpc-multiclass/dupes repeat=2/train 0.293s
# START gpc-multiclass/dupes repeat=2/infer-save-reload
# DONE gpc-multiclass/dupes repeat=2/infer-save-reload 0.128s
# START gpc-multiclass/dupes repeat=2/batch
# DONE gpc-multiclass/dupes repeat=2/batch 0.073s
# START gpc-multiclass/dupes repeat=2/batchgrad
# DONE gpc-multiclass/dupes repeat=2/batchgrad 0.000s
# START gpc-multiclass/dupes repeat=2/batchscale
# DONE gpc-multiclass/dupes repeat=2/batchscale 0.000s
# START gpc-multiclass/dupes repeat=2/ragged
# DONE gpc-multiclass/dupes repeat=2/ragged 0.000s
# START gpc-multiclass/dupes repeat=2/stepfull
# DONE gpc-multiclass/dupes repeat=2/stepfull 0.000s
# CELL gpc-multiclass/dupes STABLE 0.987s
# START gpc-multiclass/odd repeat=1/train
# DONE gpc-multiclass/odd repeat=1/train 0.295s
# START gpc-multiclass/odd repeat=1/infer-save-reload
# DONE gpc-multiclass/odd repeat=1/infer-save-reload 0.130s
# START gpc-multiclass/odd repeat=1/batch
# DONE gpc-multiclass/odd repeat=1/batch 0.072s
# START gpc-multiclass/odd repeat=1/batchgrad
# DONE gpc-multiclass/odd repeat=1/batchgrad 0.000s
# START gpc-multiclass/odd repeat=1/batchscale
# DONE gpc-multiclass/odd repeat=1/batchscale 0.000s
# START gpc-multiclass/odd repeat=1/ragged
# DONE gpc-multiclass/odd repeat=1/ragged 0.000s
# START gpc-multiclass/odd repeat=1/stepfull
# DONE gpc-multiclass/odd repeat=1/stepfull 0.000s
# START gpc-multiclass/odd repeat=2/train
# DONE gpc-multiclass/odd repeat=2/train 0.282s
# START gpc-multiclass/odd repeat=2/infer-save-reload
# DONE gpc-multiclass/odd repeat=2/infer-save-reload 0.130s
# START gpc-multiclass/odd repeat=2/batch
# DONE gpc-multiclass/odd repeat=2/batch 0.072s
# START gpc-multiclass/odd repeat=2/batchgrad
# DONE gpc-multiclass/odd repeat=2/batchgrad 0.000s
# START gpc-multiclass/odd repeat=2/batchscale
# DONE gpc-multiclass/odd repeat=2/batchscale 0.000s
# START gpc-multiclass/odd repeat=2/ragged
# DONE gpc-multiclass/odd repeat=2/ragged 0.000s
# START gpc-multiclass/odd repeat=2/stepfull
# DONE gpc-multiclass/odd repeat=2/stepfull 0.000s
# CELL gpc-multiclass/odd STABLE 0.981s
# START gpc-multiclass/negative repeat=1/train
# DONE gpc-multiclass/negative repeat=1/train 0.280s
# START gpc-multiclass/negative repeat=1/infer-save-reload
# DONE gpc-multiclass/negative repeat=1/infer-save-reload 0.127s
# START gpc-multiclass/negative repeat=1/batch
# DONE gpc-multiclass/negative repeat=1/batch 0.071s
# START gpc-multiclass/negative repeat=1/batchgrad
# DONE gpc-multiclass/negative repeat=1/batchgrad 0.000s
# START gpc-multiclass/negative repeat=1/batchscale
# DONE gpc-multiclass/negative repeat=1/batchscale 0.000s
# START gpc-multiclass/negative repeat=1/ragged
# DONE gpc-multiclass/negative repeat=1/ragged 0.000s
# START gpc-multiclass/negative repeat=1/stepfull
# DONE gpc-multiclass/negative repeat=1/stepfull 0.000s
# START gpc-multiclass/negative repeat=2/train
# DONE gpc-multiclass/negative repeat=2/train 0.276s
# START gpc-multiclass/negative repeat=2/infer-save-reload
# DONE gpc-multiclass/negative repeat=2/infer-save-reload 0.131s
# START gpc-multiclass/negative repeat=2/batch
# DONE gpc-multiclass/negative repeat=2/batch 0.072s
# START gpc-multiclass/negative repeat=2/batchgrad
# DONE gpc-multiclass/negative repeat=2/batchgrad 0.000s
# START gpc-multiclass/negative repeat=2/batchscale
# DONE gpc-multiclass/negative repeat=2/batchscale 0.000s
# START gpc-multiclass/negative repeat=2/ragged
# DONE gpc-multiclass/negative repeat=2/ragged 0.000s
# START gpc-multiclass/negative repeat=2/stepfull
# DONE gpc-multiclass/negative repeat=2/stepfull 0.000s
# CELL gpc-multiclass/negative STABLE 0.959s
| gpc-multiclass         | 03d42b186d3d23de | 1de9790fa6022bd1 | 181acf0aafcb8d7f | 6ef9cd023801b550 | e2879b5eb341003a | e2879b5eb341003a | 03d42b186d3d23de | 12702bc35db689d4 | eba4fef6bf4f1391 |
| gpc-multiclass infer   | 84db38aa85e9efe3 | 5f34edf8c694f013 | ea81a2c3a726ff07 | b3674a9463aa4f92 | fb65a74653a8c928 | fb65a74653a8c928 | 84db38aa85e9efe3 | f57fd8a7a5d1e719 | d35fed113ef73176 |
| gpc-multiclass model   | a7da75ab43e33d59 | 3b3ac4079026dcdb | ad095c88a27ebcc8 | bde361487f19df87 | 6a06c6e9e1b52fbd | ec9bd2135d89a38a | a7da75ab43e33d59 | e09bd84a508af322 | dec1293907b2b18f |
| gpc-multiclass batch   | 772762bf3af9d5ab | f212e023f26bc35c | 29ed3923c985a394 | 7ad6723007e8de0c | 0b6b909883561caf | 0b6b909883561caf | 772762bf3af9d5ab | b117ad2778d35fd5 | 5fc9640b35c5fd5d |
# START minmax-scaler/base repeat=1/train
# DONE minmax-scaler/base repeat=1/train 0.001s
# START minmax-scaler/base repeat=1/infer-save-reload
# DONE minmax-scaler/base repeat=1/infer-save-reload 0.001s
# START minmax-scaler/base repeat=1/batch
# DONE minmax-scaler/base repeat=1/batch 0.002s
# START minmax-scaler/base repeat=1/batchgrad
# DONE minmax-scaler/base repeat=1/batchgrad 0.000s
# START minmax-scaler/base repeat=1/batchscale
# DONE minmax-scaler/base repeat=1/batchscale 0.000s
# START minmax-scaler/base repeat=1/ragged
# DONE minmax-scaler/base repeat=1/ragged 0.000s
# START minmax-scaler/base repeat=1/stepfull
# DONE minmax-scaler/base repeat=1/stepfull 0.000s
# START minmax-scaler/base repeat=2/train
# DONE minmax-scaler/base repeat=2/train 0.001s
# START minmax-scaler/base repeat=2/infer-save-reload
# DONE minmax-scaler/base repeat=2/infer-save-reload 0.001s
# START minmax-scaler/base repeat=2/batch
# DONE minmax-scaler/base repeat=2/batch 0.002s
# START minmax-scaler/base repeat=2/batchgrad
# DONE minmax-scaler/base repeat=2/batchgrad 0.000s
# START minmax-scaler/base repeat=2/batchscale
# DONE minmax-scaler/base repeat=2/batchscale 0.000s
# START minmax-scaler/base repeat=2/ragged
# DONE minmax-scaler/base repeat=2/ragged 0.000s
# START minmax-scaler/base repeat=2/stepfull
# DONE minmax-scaler/base repeat=2/stepfull 0.000s
# CELL minmax-scaler/base STABLE 0.009s
# START minmax-scaler/ties repeat=1/train
# DONE minmax-scaler/ties repeat=1/train 0.001s
# START minmax-scaler/ties repeat=1/infer-save-reload
# DONE minmax-scaler/ties repeat=1/infer-save-reload 0.001s
# START minmax-scaler/ties repeat=1/batch
# DONE minmax-scaler/ties repeat=1/batch 0.002s
# START minmax-scaler/ties repeat=1/batchgrad
# DONE minmax-scaler/ties repeat=1/batchgrad 0.000s
# START minmax-scaler/ties repeat=1/batchscale
# DONE minmax-scaler/ties repeat=1/batchscale 0.000s
# START minmax-scaler/ties repeat=1/ragged
# DONE minmax-scaler/ties repeat=1/ragged 0.000s
# START minmax-scaler/ties repeat=1/stepfull
# DONE minmax-scaler/ties repeat=1/stepfull 0.000s
# START minmax-scaler/ties repeat=2/train
# DONE minmax-scaler/ties repeat=2/train 0.001s
# START minmax-scaler/ties repeat=2/infer-save-reload
# DONE minmax-scaler/ties repeat=2/infer-save-reload 0.001s
# START minmax-scaler/ties repeat=2/batch
# DONE minmax-scaler/ties repeat=2/batch 0.002s
# START minmax-scaler/ties repeat=2/batchgrad
# DONE minmax-scaler/ties repeat=2/batchgrad 0.000s
# START minmax-scaler/ties repeat=2/batchscale
# DONE minmax-scaler/ties repeat=2/batchscale 0.000s
# START minmax-scaler/ties repeat=2/ragged
# DONE minmax-scaler/ties repeat=2/ragged 0.000s
# START minmax-scaler/ties repeat=2/stepfull
# DONE minmax-scaler/ties repeat=2/stepfull 0.000s
# CELL minmax-scaler/ties STABLE 0.008s
# START minmax-scaler/hashed repeat=1/train
# DONE minmax-scaler/hashed repeat=1/train 0.001s
# START minmax-scaler/hashed repeat=1/infer-save-reload
# DONE minmax-scaler/hashed repeat=1/infer-save-reload 0.001s
# START minmax-scaler/hashed repeat=1/batch
# DONE minmax-scaler/hashed repeat=1/batch 0.002s
# START minmax-scaler/hashed repeat=1/batchgrad
# DONE minmax-scaler/hashed repeat=1/batchgrad 0.000s
# START minmax-scaler/hashed repeat=1/batchscale
# DONE minmax-scaler/hashed repeat=1/batchscale 0.000s
# START minmax-scaler/hashed repeat=1/ragged
# DONE minmax-scaler/hashed repeat=1/ragged 0.000s
# START minmax-scaler/hashed repeat=1/stepfull
# DONE minmax-scaler/hashed repeat=1/stepfull 0.000s
# START minmax-scaler/hashed repeat=2/train
# DONE minmax-scaler/hashed repeat=2/train 0.001s
# START minmax-scaler/hashed repeat=2/infer-save-reload
# DONE minmax-scaler/hashed repeat=2/infer-save-reload 0.001s
# START minmax-scaler/hashed repeat=2/batch
# DONE minmax-scaler/hashed repeat=2/batch 0.002s
# START minmax-scaler/hashed repeat=2/batchgrad
# DONE minmax-scaler/hashed repeat=2/batchgrad 0.000s
# START minmax-scaler/hashed repeat=2/batchscale
# DONE minmax-scaler/hashed repeat=2/batchscale 0.000s
# START minmax-scaler/hashed repeat=2/ragged
# DONE minmax-scaler/hashed repeat=2/ragged 0.000s
# START minmax-scaler/hashed repeat=2/stepfull
# DONE minmax-scaler/hashed repeat=2/stepfull 0.000s
# CELL minmax-scaler/hashed STABLE 0.008s
# START minmax-scaler/wide repeat=1/train
# DONE minmax-scaler/wide repeat=1/train 0.001s
# START minmax-scaler/wide repeat=1/infer-save-reload
# DONE minmax-scaler/wide repeat=1/infer-save-reload 0.001s
# START minmax-scaler/wide repeat=1/batch
# DONE minmax-scaler/wide repeat=1/batch 0.002s
# START minmax-scaler/wide repeat=1/batchgrad
# DONE minmax-scaler/wide repeat=1/batchgrad 0.000s
# START minmax-scaler/wide repeat=1/batchscale
# DONE minmax-scaler/wide repeat=1/batchscale 0.000s
# START minmax-scaler/wide repeat=1/ragged
# DONE minmax-scaler/wide repeat=1/ragged 0.000s
# START minmax-scaler/wide repeat=1/stepfull
# DONE minmax-scaler/wide repeat=1/stepfull 0.000s
# START minmax-scaler/wide repeat=2/train
# DONE minmax-scaler/wide repeat=2/train 0.001s
# START minmax-scaler/wide repeat=2/infer-save-reload
# DONE minmax-scaler/wide repeat=2/infer-save-reload 0.001s
# START minmax-scaler/wide repeat=2/batch
# DONE minmax-scaler/wide repeat=2/batch 0.002s
# START minmax-scaler/wide repeat=2/batchgrad
# DONE minmax-scaler/wide repeat=2/batchgrad 0.000s
# START minmax-scaler/wide repeat=2/batchscale
# DONE minmax-scaler/wide repeat=2/batchscale 0.000s
# START minmax-scaler/wide repeat=2/ragged
# DONE minmax-scaler/wide repeat=2/ragged 0.000s
# START minmax-scaler/wide repeat=2/stepfull
# DONE minmax-scaler/wide repeat=2/stepfull 0.000s
# CELL minmax-scaler/wide STABLE 0.008s
# START minmax-scaler/denormal repeat=1/train
# DONE minmax-scaler/denormal repeat=1/train 0.001s
# START minmax-scaler/denormal repeat=1/infer-save-reload
# DONE minmax-scaler/denormal repeat=1/infer-save-reload 0.001s
# START minmax-scaler/denormal repeat=1/batch
# DONE minmax-scaler/denormal repeat=1/batch 0.002s
# START minmax-scaler/denormal repeat=1/batchgrad
# DONE minmax-scaler/denormal repeat=1/batchgrad 0.000s
# START minmax-scaler/denormal repeat=1/batchscale
# DONE minmax-scaler/denormal repeat=1/batchscale 0.000s
# START minmax-scaler/denormal repeat=1/ragged
# DONE minmax-scaler/denormal repeat=1/ragged 0.000s
# START minmax-scaler/denormal repeat=1/stepfull
# DONE minmax-scaler/denormal repeat=1/stepfull 0.000s
# START minmax-scaler/denormal repeat=2/train
# DONE minmax-scaler/denormal repeat=2/train 0.001s
# START minmax-scaler/denormal repeat=2/infer-save-reload
# DONE minmax-scaler/denormal repeat=2/infer-save-reload 0.001s
# START minmax-scaler/denormal repeat=2/batch
# DONE minmax-scaler/denormal repeat=2/batch 0.002s
# START minmax-scaler/denormal repeat=2/batchgrad
# DONE minmax-scaler/denormal repeat=2/batchgrad 0.000s
# START minmax-scaler/denormal repeat=2/batchscale
# DONE minmax-scaler/denormal repeat=2/batchscale 0.000s
# START minmax-scaler/denormal repeat=2/ragged
# DONE minmax-scaler/denormal repeat=2/ragged 0.000s
# START minmax-scaler/denormal repeat=2/stepfull
# DONE minmax-scaler/denormal repeat=2/stepfull 0.000s
# CELL minmax-scaler/denormal STABLE 0.008s
# START minmax-scaler/denormal_ftz repeat=1/train
# DONE minmax-scaler/denormal_ftz repeat=1/train 0.001s
# START minmax-scaler/denormal_ftz repeat=1/infer-save-reload
# DONE minmax-scaler/denormal_ftz repeat=1/infer-save-reload 0.001s
# START minmax-scaler/denormal_ftz repeat=1/batch
# DONE minmax-scaler/denormal_ftz repeat=1/batch 0.002s
# START minmax-scaler/denormal_ftz repeat=1/batchgrad
# DONE minmax-scaler/denormal_ftz repeat=1/batchgrad 0.000s
# START minmax-scaler/denormal_ftz repeat=1/batchscale
# DONE minmax-scaler/denormal_ftz repeat=1/batchscale 0.000s
# START minmax-scaler/denormal_ftz repeat=1/ragged
# DONE minmax-scaler/denormal_ftz repeat=1/ragged 0.000s
# START minmax-scaler/denormal_ftz repeat=1/stepfull
# DONE minmax-scaler/denormal_ftz repeat=1/stepfull 0.000s
# START minmax-scaler/denormal_ftz repeat=2/train
# DONE minmax-scaler/denormal_ftz repeat=2/train 0.001s
# START minmax-scaler/denormal_ftz repeat=2/infer-save-reload
# DONE minmax-scaler/denormal_ftz repeat=2/infer-save-reload 0.001s
# START minmax-scaler/denormal_ftz repeat=2/batch
# DONE minmax-scaler/denormal_ftz repeat=2/batch 0.002s
# START minmax-scaler/denormal_ftz repeat=2/batchgrad
# DONE minmax-scaler/denormal_ftz repeat=2/batchgrad 0.000s
# START minmax-scaler/denormal_ftz repeat=2/batchscale
# DONE minmax-scaler/denormal_ftz repeat=2/batchscale 0.000s
# START minmax-scaler/denormal_ftz repeat=2/ragged
# DONE minmax-scaler/denormal_ftz repeat=2/ragged 0.000s
# START minmax-scaler/denormal_ftz repeat=2/stepfull
# DONE minmax-scaler/denormal_ftz repeat=2/stepfull 0.000s
# CELL minmax-scaler/denormal_ftz STABLE 0.008s
# START minmax-scaler/dupes repeat=1/train
# DONE minmax-scaler/dupes repeat=1/train 0.001s
# START minmax-scaler/dupes repeat=1/infer-save-reload
# DONE minmax-scaler/dupes repeat=1/infer-save-reload 0.001s
# START minmax-scaler/dupes repeat=1/batch
# DONE minmax-scaler/dupes repeat=1/batch 0.002s
# START minmax-scaler/dupes repeat=1/batchgrad
# DONE minmax-scaler/dupes repeat=1/batchgrad 0.000s
# START minmax-scaler/dupes repeat=1/batchscale
# DONE minmax-scaler/dupes repeat=1/batchscale 0.000s
# START minmax-scaler/dupes repeat=1/ragged
# DONE minmax-scaler/dupes repeat=1/ragged 0.000s
# START minmax-scaler/dupes repeat=1/stepfull
# DONE minmax-scaler/dupes repeat=1/stepfull 0.000s
# START minmax-scaler/dupes repeat=2/train
# DONE minmax-scaler/dupes repeat=2/train 0.001s
# START minmax-scaler/dupes repeat=2/infer-save-reload
# DONE minmax-scaler/dupes repeat=2/infer-save-reload 0.001s
# START minmax-scaler/dupes repeat=2/batch
# DONE minmax-scaler/dupes repeat=2/batch 0.002s
# START minmax-scaler/dupes repeat=2/batchgrad
# DONE minmax-scaler/dupes repeat=2/batchgrad 0.000s
# START minmax-scaler/dupes repeat=2/batchscale
# DONE minmax-scaler/dupes repeat=2/batchscale 0.000s
# START minmax-scaler/dupes repeat=2/ragged
# DONE minmax-scaler/dupes repeat=2/ragged 0.000s
# START minmax-scaler/dupes repeat=2/stepfull
# DONE minmax-scaler/dupes repeat=2/stepfull 0.000s
# CELL minmax-scaler/dupes STABLE 0.008s
# START minmax-scaler/odd repeat=1/train
# DONE minmax-scaler/odd repeat=1/train 0.001s
# START minmax-scaler/odd repeat=1/infer-save-reload
# DONE minmax-scaler/odd repeat=1/infer-save-reload 0.001s
# START minmax-scaler/odd repeat=1/batch
# DONE minmax-scaler/odd repeat=1/batch 0.002s
# START minmax-scaler/odd repeat=1/batchgrad
# DONE minmax-scaler/odd repeat=1/batchgrad 0.000s
# START minmax-scaler/odd repeat=1/batchscale
# DONE minmax-scaler/odd repeat=1/batchscale 0.000s
# START minmax-scaler/odd repeat=1/ragged
# DONE minmax-scaler/odd repeat=1/ragged 0.000s
# START minmax-scaler/odd repeat=1/stepfull
# DONE minmax-scaler/odd repeat=1/stepfull 0.000s
# START minmax-scaler/odd repeat=2/train
# DONE minmax-scaler/odd repeat=2/train 0.001s
# START minmax-scaler/odd repeat=2/infer-save-reload
# DONE minmax-scaler/odd repeat=2/infer-save-reload 0.001s
# START minmax-scaler/odd repeat=2/batch
# DONE minmax-scaler/odd repeat=2/batch 0.002s
# START minmax-scaler/odd repeat=2/batchgrad
# DONE minmax-scaler/odd repeat=2/batchgrad 0.000s
# START minmax-scaler/odd repeat=2/batchscale
# DONE minmax-scaler/odd repeat=2/batchscale 0.000s
# START minmax-scaler/odd repeat=2/ragged
# DONE minmax-scaler/odd repeat=2/ragged 0.000s
# START minmax-scaler/odd repeat=2/stepfull
# DONE minmax-scaler/odd repeat=2/stepfull 0.000s
# CELL minmax-scaler/odd STABLE 0.008s
# START minmax-scaler/negative repeat=1/train
# DONE minmax-scaler/negative repeat=1/train 0.001s
# START minmax-scaler/negative repeat=1/infer-save-reload
# DONE minmax-scaler/negative repeat=1/infer-save-reload 0.001s
# START minmax-scaler/negative repeat=1/batch
# DONE minmax-scaler/negative repeat=1/batch 0.002s
# START minmax-scaler/negative repeat=1/batchgrad
# DONE minmax-scaler/negative repeat=1/batchgrad 0.000s
# START minmax-scaler/negative repeat=1/batchscale
# DONE minmax-scaler/negative repeat=1/batchscale 0.000s
# START minmax-scaler/negative repeat=1/ragged
# DONE minmax-scaler/negative repeat=1/ragged 0.000s
# START minmax-scaler/negative repeat=1/stepfull
# DONE minmax-scaler/negative repeat=1/stepfull 0.000s
# START minmax-scaler/negative repeat=2/train
# DONE minmax-scaler/negative repeat=2/train 0.001s
# START minmax-scaler/negative repeat=2/infer-save-reload
# DONE minmax-scaler/negative repeat=2/infer-save-reload 0.001s
# START minmax-scaler/negative repeat=2/batch
# DONE minmax-scaler/negative repeat=2/batch 0.002s
# START minmax-scaler/negative repeat=2/batchgrad
# DONE minmax-scaler/negative repeat=2/batchgrad 0.000s
# START minmax-scaler/negative repeat=2/batchscale
# DONE minmax-scaler/negative repeat=2/batchscale 0.000s
# START minmax-scaler/negative repeat=2/ragged
# DONE minmax-scaler/negative repeat=2/ragged 0.000s
# START minmax-scaler/negative repeat=2/stepfull
# DONE minmax-scaler/negative repeat=2/stepfull 0.000s
# CELL minmax-scaler/negative STABLE 0.009s
| minmax-scaler          | 646b46cf73ead58e | fcaf2c976dae67d9 | 4260fe8f43ec10b2 | 77b3a6c235e5a346 | 760381e656d7edc6 | 760381e656d7edc6 | 768f7054da806434 | 803149932ba8b2da | b1d799cf9b13f224 |
| minmax-scaler infer    | 5b934842e164f80f | 6717b6636f5595fc | b97dad3c566f105a | 6577f1b08a4a0b8d | 17c9e6cc1a1bfd82 | 17c9e6cc1a1bfd82 | cb07d5eb86d27807 | c170795fb6119629 | b386904f1b2473e2 |
| minmax-scaler model    | 24956a7dff42ccef | 6c83436d35af2540 | 0399ca7b1cb036ad | d32f2d26c235a8ff | 1f70dcfa4e160e3e | 1f70dcfa4e160e3e | a12a63eb85664923 | be72f1cc9a133351 | 4e293888067f4c42 |
| minmax-scaler batch    | bdcf978b59eaee06 | af35d3cfeccf029b | d39557bdc9e10862 | c85af33e17ebc9f1 | e470cfca3c51904a | e470cfca3c51904a | 92acfd69d9b04106 | 380e2675e1096b8e | b11bf2396e39a72a |
# START byte-lm-host-infer/base repeat=1/train
# DONE byte-lm-host-infer/base repeat=1/train 0.031s
# START byte-lm-host-infer/base repeat=1/infer-save-reload
# DONE byte-lm-host-infer/base repeat=1/infer-save-reload 0.009s
# START byte-lm-host-infer/base repeat=1/batch
# DONE byte-lm-host-infer/base repeat=1/batch 0.375s
# START byte-lm-host-infer/base repeat=1/batchgrad
# DONE byte-lm-host-infer/base repeat=1/batchgrad 0.000s
# START byte-lm-host-infer/base repeat=1/batchscale
# DONE byte-lm-host-infer/base repeat=1/batchscale 14.832s
# START byte-lm-host-infer/base repeat=1/ragged
# DONE byte-lm-host-infer/base repeat=1/ragged 0.976s
# START byte-lm-host-infer/base repeat=1/stepfull
# DONE byte-lm-host-infer/base repeat=1/stepfull 0.000s
# START byte-lm-host-infer/base repeat=1/rlpair
# DONE byte-lm-host-infer/base repeat=1/rlpair 0.271s
# START byte-lm-host-infer/base repeat=2/train
# DONE byte-lm-host-infer/base repeat=2/train 0.030s
# START byte-lm-host-infer/base repeat=2/infer-save-reload
# DONE byte-lm-host-infer/base repeat=2/infer-save-reload 0.009s
# START byte-lm-host-infer/base repeat=2/batch
# DONE byte-lm-host-infer/base repeat=2/batch 0.367s
# START byte-lm-host-infer/base repeat=2/batchgrad
# DONE byte-lm-host-infer/base repeat=2/batchgrad 0.000s
# START byte-lm-host-infer/base repeat=2/batchscale
# DONE byte-lm-host-infer/base repeat=2/batchscale 14.734s
# START byte-lm-host-infer/base repeat=2/ragged
# DONE byte-lm-host-infer/base repeat=2/ragged 0.977s
# START byte-lm-host-infer/base repeat=2/stepfull
# DONE byte-lm-host-infer/base repeat=2/stepfull 0.000s
# START byte-lm-host-infer/base repeat=2/rlpair
# DONE byte-lm-host-infer/base repeat=2/rlpair 0.260s
# CELL byte-lm-host-infer/base STABLE 32.872s
# START byte-lm-host-infer/ties repeat=1/train
# DONE byte-lm-host-infer/ties repeat=1/train 0.031s
# START byte-lm-host-infer/ties repeat=1/infer-save-reload
# DONE byte-lm-host-infer/ties repeat=1/infer-save-reload 0.009s
# START byte-lm-host-infer/ties repeat=1/batch
# DONE byte-lm-host-infer/ties repeat=1/batch 0.382s
# START byte-lm-host-infer/ties repeat=1/batchgrad
# DONE byte-lm-host-infer/ties repeat=1/batchgrad 0.000s
# START byte-lm-host-infer/ties repeat=1/batchscale
# DONE byte-lm-host-infer/ties repeat=1/batchscale 15.219s
# START byte-lm-host-infer/ties repeat=1/ragged
# DONE byte-lm-host-infer/ties repeat=1/ragged 1.003s
# START byte-lm-host-infer/ties repeat=1/stepfull
# DONE byte-lm-host-infer/ties repeat=1/stepfull 0.000s
# START byte-lm-host-infer/ties repeat=1/rlpair
# DONE byte-lm-host-infer/ties repeat=1/rlpair 0.268s
# START byte-lm-host-infer/ties repeat=2/train
# DONE byte-lm-host-infer/ties repeat=2/train 0.029s
# START byte-lm-host-infer/ties repeat=2/infer-save-reload
# DONE byte-lm-host-infer/ties repeat=2/infer-save-reload 0.009s
# START byte-lm-host-infer/ties repeat=2/batch
# DONE byte-lm-host-infer/ties repeat=2/batch 0.367s
# START byte-lm-host-infer/ties repeat=2/batchgrad
# DONE byte-lm-host-infer/ties repeat=2/batchgrad 0.000s
# START byte-lm-host-infer/ties repeat=2/batchscale
# DONE byte-lm-host-infer/ties repeat=2/batchscale 15.045s
# START byte-lm-host-infer/ties repeat=2/ragged
# DONE byte-lm-host-infer/ties repeat=2/ragged 1.005s
# START byte-lm-host-infer/ties repeat=2/stepfull
# DONE byte-lm-host-infer/ties repeat=2/stepfull 0.000s
# START byte-lm-host-infer/ties repeat=2/rlpair
# DONE byte-lm-host-infer/ties repeat=2/rlpair 0.265s
# CELL byte-lm-host-infer/ties STABLE 33.634s
# START byte-lm-host-infer/hashed repeat=1/train
# DONE byte-lm-host-infer/hashed repeat=1/train 0.029s
# START byte-lm-host-infer/hashed repeat=1/infer-save-reload
# DONE byte-lm-host-infer/hashed repeat=1/infer-save-reload 0.009s
# START byte-lm-host-infer/hashed repeat=1/batch
# DONE byte-lm-host-infer/hashed repeat=1/batch 0.360s
# START byte-lm-host-infer/hashed repeat=1/batchgrad
# DONE byte-lm-host-infer/hashed repeat=1/batchgrad 0.000s
# START byte-lm-host-infer/hashed repeat=1/batchscale
# DONE byte-lm-host-infer/hashed repeat=1/batchscale 15.187s
# START byte-lm-host-infer/hashed repeat=1/ragged
# DONE byte-lm-host-infer/hashed repeat=1/ragged 0.982s
# START byte-lm-host-infer/hashed repeat=1/stepfull
# DONE byte-lm-host-infer/hashed repeat=1/stepfull 0.000s
# START byte-lm-host-infer/hashed repeat=1/rlpair
# DONE byte-lm-host-infer/hashed repeat=1/rlpair 0.260s
# START byte-lm-host-infer/hashed repeat=2/train
# DONE byte-lm-host-infer/hashed repeat=2/train 0.029s
# START byte-lm-host-infer/hashed repeat=2/infer-save-reload
# DONE byte-lm-host-infer/hashed repeat=2/infer-save-reload 0.009s
# START byte-lm-host-infer/hashed repeat=2/batch
# DONE byte-lm-host-infer/hashed repeat=2/batch 0.370s
# START byte-lm-host-infer/hashed repeat=2/batchgrad
# DONE byte-lm-host-infer/hashed repeat=2/batchgrad 0.000s
# START byte-lm-host-infer/hashed repeat=2/batchscale
# DONE byte-lm-host-infer/hashed repeat=2/batchscale 14.743s
# START byte-lm-host-infer/hashed repeat=2/ragged
# DONE byte-lm-host-infer/hashed repeat=2/ragged 0.968s
# START byte-lm-host-infer/hashed repeat=2/stepfull
# DONE byte-lm-host-infer/hashed repeat=2/stepfull 0.000s
# START byte-lm-host-infer/hashed repeat=2/rlpair
# DONE byte-lm-host-infer/hashed repeat=2/rlpair 0.258s
# CELL byte-lm-host-infer/hashed STABLE 33.205s
# START byte-lm-host-infer/wide repeat=1/train
# DONE byte-lm-host-infer/wide repeat=1/train 0.030s
# START byte-lm-host-infer/wide repeat=1/infer-save-reload
# DONE byte-lm-host-infer/wide repeat=1/infer-save-reload 0.009s
# START byte-lm-host-infer/wide repeat=1/batch
# DONE byte-lm-host-infer/wide repeat=1/batch 0.372s
# START byte-lm-host-infer/wide repeat=1/batchgrad
# DONE byte-lm-host-infer/wide repeat=1/batchgrad 0.000s
# START byte-lm-host-infer/wide repeat=1/batchscale
# DONE byte-lm-host-infer/wide repeat=1/batchscale 15.521s
# START byte-lm-host-infer/wide repeat=1/ragged
# DONE byte-lm-host-infer/wide repeat=1/ragged 1.003s
# START byte-lm-host-infer/wide repeat=1/stepfull
# DONE byte-lm-host-infer/wide repeat=1/stepfull 0.000s
# START byte-lm-host-infer/wide repeat=1/rlpair
# DONE byte-lm-host-infer/wide repeat=1/rlpair 0.274s
# START byte-lm-host-infer/wide repeat=2/train
# DONE byte-lm-host-infer/wide repeat=2/train 0.031s
# START byte-lm-host-infer/wide repeat=2/infer-save-reload
# DONE byte-lm-host-infer/wide repeat=2/infer-save-reload 0.010s
# START byte-lm-host-infer/wide repeat=2/batch
# DONE byte-lm-host-infer/wide repeat=2/batch 0.392s
# START byte-lm-host-infer/wide repeat=2/batchgrad
# DONE byte-lm-host-infer/wide repeat=2/batchgrad 0.000s
# START byte-lm-host-infer/wide repeat=2/batchscale
# DONE byte-lm-host-infer/wide repeat=2/batchscale 15.477s
# START byte-lm-host-infer/wide repeat=2/ragged
# DONE byte-lm-host-infer/wide repeat=2/ragged 1.004s
# START byte-lm-host-infer/wide repeat=2/stepfull
# DONE byte-lm-host-infer/wide repeat=2/stepfull 0.000s
# START byte-lm-host-infer/wide repeat=2/rlpair
# DONE byte-lm-host-infer/wide repeat=2/rlpair 0.268s
# CELL byte-lm-host-infer/wide STABLE 34.392s
# START byte-lm-host-infer/denormal repeat=1/train
# DONE byte-lm-host-infer/denormal repeat=1/train 0.030s
# START byte-lm-host-infer/denormal repeat=1/infer-save-reload
# DONE byte-lm-host-infer/denormal repeat=1/infer-save-reload 0.009s
# START byte-lm-host-infer/denormal repeat=1/batch
# DONE byte-lm-host-infer/denormal repeat=1/batch 0.370s
# START byte-lm-host-infer/denormal repeat=1/batchgrad
# DONE byte-lm-host-infer/denormal repeat=1/batchgrad 0.000s
# START byte-lm-host-infer/denormal repeat=1/batchscale
# DONE byte-lm-host-infer/denormal repeat=1/batchscale 15.473s
# START byte-lm-host-infer/denormal repeat=1/ragged
# DONE byte-lm-host-infer/denormal repeat=1/ragged 1.013s
# START byte-lm-host-infer/denormal repeat=1/stepfull
# DONE byte-lm-host-infer/denormal repeat=1/stepfull 0.000s
# START byte-lm-host-infer/denormal repeat=1/rlpair
# DONE byte-lm-host-infer/denormal repeat=1/rlpair 0.265s
# START byte-lm-host-infer/denormal repeat=2/train
# DONE byte-lm-host-infer/denormal repeat=2/train 0.030s
# START byte-lm-host-infer/denormal repeat=2/infer-save-reload
# DONE byte-lm-host-infer/denormal repeat=2/infer-save-reload 0.009s
# START byte-lm-host-infer/denormal repeat=2/batch
# DONE byte-lm-host-infer/denormal repeat=2/batch 0.371s
# START byte-lm-host-infer/denormal repeat=2/batchgrad
# DONE byte-lm-host-infer/denormal repeat=2/batchgrad 0.000s
# START byte-lm-host-infer/denormal repeat=2/batchscale
# DONE byte-lm-host-infer/denormal repeat=2/batchscale 15.508s
# START byte-lm-host-infer/denormal repeat=2/ragged
# DONE byte-lm-host-infer/denormal repeat=2/ragged 1.006s
# START byte-lm-host-infer/denormal repeat=2/stepfull
# DONE byte-lm-host-infer/denormal repeat=2/stepfull 0.000s
# START byte-lm-host-infer/denormal repeat=2/rlpair
# DONE byte-lm-host-infer/denormal repeat=2/rlpair 0.265s
# CELL byte-lm-host-infer/denormal STABLE 34.349s
# START byte-lm-host-infer/denormal_ftz repeat=1/train
# DONE byte-lm-host-infer/denormal_ftz repeat=1/train 0.031s
# START byte-lm-host-infer/denormal_ftz repeat=1/infer-save-reload
# DONE byte-lm-host-infer/denormal_ftz repeat=1/infer-save-reload 0.009s
# START byte-lm-host-infer/denormal_ftz repeat=1/batch
# DONE byte-lm-host-infer/denormal_ftz repeat=1/batch 0.369s
# START byte-lm-host-infer/denormal_ftz repeat=1/batchgrad
# DONE byte-lm-host-infer/denormal_ftz repeat=1/batchgrad 0.000s
# START byte-lm-host-infer/denormal_ftz repeat=1/batchscale
# DONE byte-lm-host-infer/denormal_ftz repeat=1/batchscale 15.558s
# START byte-lm-host-infer/denormal_ftz repeat=1/ragged
# DONE byte-lm-host-infer/denormal_ftz repeat=1/ragged 0.992s
# START byte-lm-host-infer/denormal_ftz repeat=1/stepfull
# DONE byte-lm-host-infer/denormal_ftz repeat=1/stepfull 0.000s
# START byte-lm-host-infer/denormal_ftz repeat=1/rlpair
# DONE byte-lm-host-infer/denormal_ftz repeat=1/rlpair 0.266s
# START byte-lm-host-infer/denormal_ftz repeat=2/train
# DONE byte-lm-host-infer/denormal_ftz repeat=2/train 0.031s
# START byte-lm-host-infer/denormal_ftz repeat=2/infer-save-reload
# DONE byte-lm-host-infer/denormal_ftz repeat=2/infer-save-reload 0.010s
# START byte-lm-host-infer/denormal_ftz repeat=2/batch
# DONE byte-lm-host-infer/denormal_ftz repeat=2/batch 0.379s
# START byte-lm-host-infer/denormal_ftz repeat=2/batchgrad
# DONE byte-lm-host-infer/denormal_ftz repeat=2/batchgrad 0.000s
# START byte-lm-host-infer/denormal_ftz repeat=2/batchscale
# DONE byte-lm-host-infer/denormal_ftz repeat=2/batchscale 15.375s
# START byte-lm-host-infer/denormal_ftz repeat=2/ragged
# DONE byte-lm-host-infer/denormal_ftz repeat=2/ragged 0.989s
# START byte-lm-host-infer/denormal_ftz repeat=2/stepfull
# DONE byte-lm-host-infer/denormal_ftz repeat=2/stepfull 0.000s
# START byte-lm-host-infer/denormal_ftz repeat=2/rlpair
# DONE byte-lm-host-infer/denormal_ftz repeat=2/rlpair 0.271s
# CELL byte-lm-host-infer/denormal_ftz STABLE 34.279s
# START byte-lm-host-infer/dupes repeat=1/train
# DONE byte-lm-host-infer/dupes repeat=1/train 0.029s
# START byte-lm-host-infer/dupes repeat=1/infer-save-reload
# DONE byte-lm-host-infer/dupes repeat=1/infer-save-reload 0.009s
# START byte-lm-host-infer/dupes repeat=1/batch
# DONE byte-lm-host-infer/dupes repeat=1/batch 0.365s
# START byte-lm-host-infer/dupes repeat=1/batchgrad
# DONE byte-lm-host-infer/dupes repeat=1/batchgrad 0.000s
# START byte-lm-host-infer/dupes repeat=1/batchscale
# DONE byte-lm-host-infer/dupes repeat=1/batchscale 15.120s
# START byte-lm-host-infer/dupes repeat=1/ragged
# DONE byte-lm-host-infer/dupes repeat=1/ragged 0.976s
# START byte-lm-host-infer/dupes repeat=1/stepfull
# DONE byte-lm-host-infer/dupes repeat=1/stepfull 0.000s
# START byte-lm-host-infer/dupes repeat=1/rlpair
# DONE byte-lm-host-infer/dupes repeat=1/rlpair 0.262s
# START byte-lm-host-infer/dupes repeat=2/train
# DONE byte-lm-host-infer/dupes repeat=2/train 0.029s
# START byte-lm-host-infer/dupes repeat=2/infer-save-reload
# DONE byte-lm-host-infer/dupes repeat=2/infer-save-reload 0.009s
# START byte-lm-host-infer/dupes repeat=2/batch
# DONE byte-lm-host-infer/dupes repeat=2/batch 0.370s
# START byte-lm-host-infer/dupes repeat=2/batchgrad
# DONE byte-lm-host-infer/dupes repeat=2/batchgrad 0.000s
# START byte-lm-host-infer/dupes repeat=2/batchscale
# DONE byte-lm-host-infer/dupes repeat=2/batchscale 14.921s
# START byte-lm-host-infer/dupes repeat=2/ragged
# DONE byte-lm-host-infer/dupes repeat=2/ragged 0.973s
# START byte-lm-host-infer/dupes repeat=2/stepfull
# DONE byte-lm-host-infer/dupes repeat=2/stepfull 0.000s
# START byte-lm-host-infer/dupes repeat=2/rlpair
# DONE byte-lm-host-infer/dupes repeat=2/rlpair 0.266s
# CELL byte-lm-host-infer/dupes STABLE 33.329s
# START byte-lm-host-infer/odd repeat=1/train
# DONE byte-lm-host-infer/odd repeat=1/train 0.030s
# START byte-lm-host-infer/odd repeat=1/infer-save-reload
# DONE byte-lm-host-infer/odd repeat=1/infer-save-reload 0.009s
# START byte-lm-host-infer/odd repeat=1/batch
# DONE byte-lm-host-infer/odd repeat=1/batch 0.367s
# START byte-lm-host-infer/odd repeat=1/batchgrad
# DONE byte-lm-host-infer/odd repeat=1/batchgrad 0.000s
# START byte-lm-host-infer/odd repeat=1/batchscale
# DONE byte-lm-host-infer/odd repeat=1/batchscale 15.114s
# START byte-lm-host-infer/odd repeat=1/ragged
# DONE byte-lm-host-infer/odd repeat=1/ragged 0.981s
# START byte-lm-host-infer/odd repeat=1/stepfull
# DONE byte-lm-host-infer/odd repeat=1/stepfull 0.000s
# START byte-lm-host-infer/odd repeat=1/rlpair
# DONE byte-lm-host-infer/odd repeat=1/rlpair 0.263s
# START byte-lm-host-infer/odd repeat=2/train
# DONE byte-lm-host-infer/odd repeat=2/train 0.030s
# START byte-lm-host-infer/odd repeat=2/infer-save-reload
# DONE byte-lm-host-infer/odd repeat=2/infer-save-reload 0.009s
# START byte-lm-host-infer/odd repeat=2/batch
# DONE byte-lm-host-infer/odd repeat=2/batch 0.369s
# START byte-lm-host-infer/odd repeat=2/batchgrad
# DONE byte-lm-host-infer/odd repeat=2/batchgrad 0.000s
# START byte-lm-host-infer/odd repeat=2/batchscale
# DONE byte-lm-host-infer/odd repeat=2/batchscale 15.460s
# START byte-lm-host-infer/odd repeat=2/ragged
# DONE byte-lm-host-infer/odd repeat=2/ragged 0.974s
# START byte-lm-host-infer/odd repeat=2/stepfull
# DONE byte-lm-host-infer/odd repeat=2/stepfull 0.000s
# START byte-lm-host-infer/odd repeat=2/rlpair
# DONE byte-lm-host-infer/odd repeat=2/rlpair 0.257s
# CELL byte-lm-host-infer/odd STABLE 33.865s
# START byte-lm-host-infer/negative repeat=1/train
# DONE byte-lm-host-infer/negative repeat=1/train 0.030s
# START byte-lm-host-infer/negative repeat=1/infer-save-reload
# DONE byte-lm-host-infer/negative repeat=1/infer-save-reload 0.009s
# START byte-lm-host-infer/negative repeat=1/batch
# DONE byte-lm-host-infer/negative repeat=1/batch 0.369s
# START byte-lm-host-infer/negative repeat=1/batchgrad
# DONE byte-lm-host-infer/negative repeat=1/batchgrad 0.000s
# START byte-lm-host-infer/negative repeat=1/batchscale
# DONE byte-lm-host-infer/negative repeat=1/batchscale 14.906s
# START byte-lm-host-infer/negative repeat=1/ragged
# DONE byte-lm-host-infer/negative repeat=1/ragged 1.000s
# START byte-lm-host-infer/negative repeat=1/stepfull
# DONE byte-lm-host-infer/negative repeat=1/stepfull 0.000s
# START byte-lm-host-infer/negative repeat=1/rlpair
# DONE byte-lm-host-infer/negative repeat=1/rlpair 0.270s
# START byte-lm-host-infer/negative repeat=2/train
# DONE byte-lm-host-infer/negative repeat=2/train 0.031s
# START byte-lm-host-infer/negative repeat=2/infer-save-reload
# DONE byte-lm-host-infer/negative repeat=2/infer-save-reload 0.010s
# START byte-lm-host-infer/negative repeat=2/batch
# DONE byte-lm-host-infer/negative repeat=2/batch 0.384s
# START byte-lm-host-infer/negative repeat=2/batchgrad
# DONE byte-lm-host-infer/negative repeat=2/batchgrad 0.000s
# START byte-lm-host-infer/negative repeat=2/batchscale
# DONE byte-lm-host-infer/negative repeat=2/batchscale 15.414s
# START byte-lm-host-infer/negative repeat=2/ragged
# DONE byte-lm-host-infer/negative repeat=2/ragged 0.982s
# START byte-lm-host-infer/negative repeat=2/stepfull
# DONE byte-lm-host-infer/negative repeat=2/stepfull 0.000s
# START byte-lm-host-infer/negative repeat=2/rlpair
# DONE byte-lm-host-infer/negative repeat=2/rlpair 0.259s
# CELL byte-lm-host-infer/negative STABLE 33.665s
| byte-lm-host-infer     | 9a22cf6df14a6ca8 | 5eb6c37f486dcb83 | 23284f15a5a13f7e | 144b4e7374436e15 | dad5258f043269c3 | d1af362bc6ad2ecf | 21c1595573e0f858 | 9a22cf6df14a6ca8 | 957bc9055db7588f |
| byte-lm-host-infer infer | b67a1f3d482ffaca | 8ac5fad2d951d6cb | 25857576546d1442 | ec2a92c6e7abd69a | fa0cd27e307b2aba | e30c916c3d69584a | a53e0a81c9acf494 | b67a1f3d482ffaca | 418815fcec6e602a |
| byte-lm-host-infer batch | 2eccb20888ca5cee | 4247444b5e741c45 | 2e1facc4833a2235 | c2bbaa85ae76f739 | faffe97b72d9fe37 | 939402dcf3954d4f | 11238b320c9572d3 | 2eccb20888ca5cee | 50b6c632cc98d71b |
| byte-lm-host-infer rlpair | 22f7e367585a569c | 839a8419ba0bb3f8 | 7d2514bde61089b8 | 197fdc2b435c16f4 | 47d12f45b839ebe7 | a16267b9b260c0c6 | 22f7e367585a569c | 22f7e367585a569c | f2c3e79023b52c67 |
| byte-lm-host-infer batchscale | d32fe434ca7fc76f | 5b7abe2b97748696 | dcdaca6a5cb2a7a5 | 967bffa3614d948a | 44b1daf7c2391e52 | 0028cbab1620f761 | 6373480900826b06 | f7151fda09460daa | 2fbc7859cdaa4316 |
| byte-lm-host-infer ragged | e334556d75be6726 | f476430eaf6be594 | f7e51cc82584dd6e | d171565f9342beb9 | 05ae77bec3f4af02 | 56c61a680a819449 | ada5e62dace94cff | e334556d75be6726 | 84e39b4666d99ee0 |
# START mamba1-bf16w/base repeat=1/train
# DONE mamba1-bf16w/base repeat=1/train 0.011s
# START mamba1-bf16w/base repeat=1/infer-save-reload
# DONE mamba1-bf16w/base repeat=1/infer-save-reload 0.002s
# START mamba1-bf16w/base repeat=1/batch
# DONE mamba1-bf16w/base repeat=1/batch 0.034s
# START mamba1-bf16w/base repeat=1/batchgrad
# DONE mamba1-bf16w/base repeat=1/batchgrad 0.460s
# START mamba1-bf16w/base repeat=1/batchscale
# DONE mamba1-bf16w/base repeat=1/batchscale 1.942s
# START mamba1-bf16w/base repeat=1/ragged
# DONE mamba1-bf16w/base repeat=1/ragged 0.135s
# START mamba1-bf16w/base repeat=1/stepfull
# DONE mamba1-bf16w/base repeat=1/stepfull 0.005s
# START mamba1-bf16w/base repeat=1/rlpair
# DONE mamba1-bf16w/base repeat=1/rlpair 0.063s
# START mamba1-bf16w/base repeat=2/train
# DONE mamba1-bf16w/base repeat=2/train 0.009s
# START mamba1-bf16w/base repeat=2/infer-save-reload
# DONE mamba1-bf16w/base repeat=2/infer-save-reload 0.002s
# START mamba1-bf16w/base repeat=2/batch
# DONE mamba1-bf16w/base repeat=2/batch 0.034s
# START mamba1-bf16w/base repeat=2/batchgrad
# DONE mamba1-bf16w/base repeat=2/batchgrad 0.456s
# START mamba1-bf16w/base repeat=2/batchscale
# DONE mamba1-bf16w/base repeat=2/batchscale 1.988s
# START mamba1-bf16w/base repeat=2/ragged
# DONE mamba1-bf16w/base repeat=2/ragged 0.136s
# START mamba1-bf16w/base repeat=2/stepfull
# DONE mamba1-bf16w/base repeat=2/stepfull 0.005s
# START mamba1-bf16w/base repeat=2/rlpair
# DONE mamba1-bf16w/base repeat=2/rlpair 0.064s
# CELL mamba1-bf16w/base STABLE 5.344s
# START mamba1-bf16w/ties repeat=1/train
# DONE mamba1-bf16w/ties repeat=1/train 0.010s
# START mamba1-bf16w/ties repeat=1/infer-save-reload
# DONE mamba1-bf16w/ties repeat=1/infer-save-reload 0.002s
# START mamba1-bf16w/ties repeat=1/batch
# DONE mamba1-bf16w/ties repeat=1/batch 0.034s
# START mamba1-bf16w/ties repeat=1/batchgrad
# DONE mamba1-bf16w/ties repeat=1/batchgrad 0.476s
# START mamba1-bf16w/ties repeat=1/batchscale
# DONE mamba1-bf16w/ties repeat=1/batchscale 2.054s
# START mamba1-bf16w/ties repeat=1/ragged
# DONE mamba1-bf16w/ties repeat=1/ragged 0.133s
# START mamba1-bf16w/ties repeat=1/stepfull
# DONE mamba1-bf16w/ties repeat=1/stepfull 0.005s
# START mamba1-bf16w/ties repeat=1/rlpair
# DONE mamba1-bf16w/ties repeat=1/rlpair 0.064s
# START mamba1-bf16w/ties repeat=2/train
# DONE mamba1-bf16w/ties repeat=2/train 0.009s
# START mamba1-bf16w/ties repeat=2/infer-save-reload
# DONE mamba1-bf16w/ties repeat=2/infer-save-reload 0.002s
# START mamba1-bf16w/ties repeat=2/batch
# DONE mamba1-bf16w/ties repeat=2/batch 0.034s
# START mamba1-bf16w/ties repeat=2/batchgrad
# DONE mamba1-bf16w/ties repeat=2/batchgrad 0.468s
# START mamba1-bf16w/ties repeat=2/batchscale
# DONE mamba1-bf16w/ties repeat=2/batchscale 1.986s
# START mamba1-bf16w/ties repeat=2/ragged
# DONE mamba1-bf16w/ties repeat=2/ragged 0.134s
# START mamba1-bf16w/ties repeat=2/stepfull
# DONE mamba1-bf16w/ties repeat=2/stepfull 0.005s
# START mamba1-bf16w/ties repeat=2/rlpair
# DONE mamba1-bf16w/ties repeat=2/rlpair 0.064s
# CELL mamba1-bf16w/ties STABLE 5.481s
# START mamba1-bf16w/hashed repeat=1/train
# DONE mamba1-bf16w/hashed repeat=1/train 0.010s
# START mamba1-bf16w/hashed repeat=1/infer-save-reload
# DONE mamba1-bf16w/hashed repeat=1/infer-save-reload 0.002s
# START mamba1-bf16w/hashed repeat=1/batch
# DONE mamba1-bf16w/hashed repeat=1/batch 0.034s
# START mamba1-bf16w/hashed repeat=1/batchgrad
# DONE mamba1-bf16w/hashed repeat=1/batchgrad 0.454s
# START mamba1-bf16w/hashed repeat=1/batchscale
# DONE mamba1-bf16w/hashed repeat=1/batchscale 1.953s
# START mamba1-bf16w/hashed repeat=1/ragged
# DONE mamba1-bf16w/hashed repeat=1/ragged 0.134s
# START mamba1-bf16w/hashed repeat=1/stepfull
# DONE mamba1-bf16w/hashed repeat=1/stepfull 0.005s
# START mamba1-bf16w/hashed repeat=1/rlpair
# DONE mamba1-bf16w/hashed repeat=1/rlpair 0.063s
# START mamba1-bf16w/hashed repeat=2/train
# DONE mamba1-bf16w/hashed repeat=2/train 0.010s
# START mamba1-bf16w/hashed repeat=2/infer-save-reload
# DONE mamba1-bf16w/hashed repeat=2/infer-save-reload 0.002s
# START mamba1-bf16w/hashed repeat=2/batch
# DONE mamba1-bf16w/hashed repeat=2/batch 0.035s
# START mamba1-bf16w/hashed repeat=2/batchgrad
# DONE mamba1-bf16w/hashed repeat=2/batchgrad 0.467s
# START mamba1-bf16w/hashed repeat=2/batchscale
# DONE mamba1-bf16w/hashed repeat=2/batchscale 1.973s
# START mamba1-bf16w/hashed repeat=2/ragged
# DONE mamba1-bf16w/hashed repeat=2/ragged 0.138s
# START mamba1-bf16w/hashed repeat=2/stepfull
# DONE mamba1-bf16w/hashed repeat=2/stepfull 0.005s
# START mamba1-bf16w/hashed repeat=2/rlpair
# DONE mamba1-bf16w/hashed repeat=2/rlpair 0.064s
# CELL mamba1-bf16w/hashed STABLE 5.348s
# START mamba1-bf16w/wide repeat=1/train
# DONE mamba1-bf16w/wide repeat=1/train 0.010s
# START mamba1-bf16w/wide repeat=1/infer-save-reload
# DONE mamba1-bf16w/wide repeat=1/infer-save-reload 0.002s
# START mamba1-bf16w/wide repeat=1/batch
# DONE mamba1-bf16w/wide repeat=1/batch 0.033s
# START mamba1-bf16w/wide repeat=1/batchgrad
# DONE mamba1-bf16w/wide repeat=1/batchgrad 0.467s
# START mamba1-bf16w/wide repeat=1/batchscale
# DONE mamba1-bf16w/wide repeat=1/batchscale 1.974s
# START mamba1-bf16w/wide repeat=1/ragged
# DONE mamba1-bf16w/wide repeat=1/ragged 0.130s
# START mamba1-bf16w/wide repeat=1/stepfull
# DONE mamba1-bf16w/wide repeat=1/stepfull 0.005s
# START mamba1-bf16w/wide repeat=1/rlpair
# DONE mamba1-bf16w/wide repeat=1/rlpair 0.064s
# START mamba1-bf16w/wide repeat=2/train
# DONE mamba1-bf16w/wide repeat=2/train 0.009s
# START mamba1-bf16w/wide repeat=2/infer-save-reload
# DONE mamba1-bf16w/wide repeat=2/infer-save-reload 0.002s
# START mamba1-bf16w/wide repeat=2/batch
# DONE mamba1-bf16w/wide repeat=2/batch 0.033s
# START mamba1-bf16w/wide repeat=2/batchgrad
# DONE mamba1-bf16w/wide repeat=2/batchgrad 0.458s
# START mamba1-bf16w/wide repeat=2/batchscale
# DONE mamba1-bf16w/wide repeat=2/batchscale 1.968s
# START mamba1-bf16w/wide repeat=2/ragged
# DONE mamba1-bf16w/wide repeat=2/ragged 0.132s
# START mamba1-bf16w/wide repeat=2/stepfull
# DONE mamba1-bf16w/wide repeat=2/stepfull 0.005s
# START mamba1-bf16w/wide repeat=2/rlpair
# DONE mamba1-bf16w/wide repeat=2/rlpair 0.063s
# CELL mamba1-bf16w/wide STABLE 5.355s
# START mamba1-bf16w/denormal repeat=1/train
# DONE mamba1-bf16w/denormal repeat=1/train 0.009s
# START mamba1-bf16w/denormal repeat=1/infer-save-reload
# DONE mamba1-bf16w/denormal repeat=1/infer-save-reload 0.002s
# START mamba1-bf16w/denormal repeat=1/batch
# DONE mamba1-bf16w/denormal repeat=1/batch 0.033s
# START mamba1-bf16w/denormal repeat=1/batchgrad
# DONE mamba1-bf16w/denormal repeat=1/batchgrad 0.454s
# START mamba1-bf16w/denormal repeat=1/batchscale
# DONE mamba1-bf16w/denormal repeat=1/batchscale 2.014s
# START mamba1-bf16w/denormal repeat=1/ragged
# DONE mamba1-bf16w/denormal repeat=1/ragged 0.133s
# START mamba1-bf16w/denormal repeat=1/stepfull
# DONE mamba1-bf16w/denormal repeat=1/stepfull 0.005s
# START mamba1-bf16w/denormal repeat=1/rlpair
# DONE mamba1-bf16w/denormal repeat=1/rlpair 0.063s
# START mamba1-bf16w/denormal repeat=2/train
# DONE mamba1-bf16w/denormal repeat=2/train 0.009s
# START mamba1-bf16w/denormal repeat=2/infer-save-reload
# DONE mamba1-bf16w/denormal repeat=2/infer-save-reload 0.002s
# START mamba1-bf16w/denormal repeat=2/batch
# DONE mamba1-bf16w/denormal repeat=2/batch 0.033s
# START mamba1-bf16w/denormal repeat=2/batchgrad
# DONE mamba1-bf16w/denormal repeat=2/batchgrad 0.455s
# START mamba1-bf16w/denormal repeat=2/batchscale
# DONE mamba1-bf16w/denormal repeat=2/batchscale 1.996s
# START mamba1-bf16w/denormal repeat=2/ragged
# DONE mamba1-bf16w/denormal repeat=2/ragged 0.127s
# START mamba1-bf16w/denormal repeat=2/stepfull
# DONE mamba1-bf16w/denormal repeat=2/stepfull 0.005s
# START mamba1-bf16w/denormal repeat=2/rlpair
# DONE mamba1-bf16w/denormal repeat=2/rlpair 0.063s
# CELL mamba1-bf16w/denormal STABLE 5.400s
# START mamba1-bf16w/denormal_ftz repeat=1/train
# DONE mamba1-bf16w/denormal_ftz repeat=1/train 0.009s
# START mamba1-bf16w/denormal_ftz repeat=1/infer-save-reload
# DONE mamba1-bf16w/denormal_ftz repeat=1/infer-save-reload 0.002s
# START mamba1-bf16w/denormal_ftz repeat=1/batch
# DONE mamba1-bf16w/denormal_ftz repeat=1/batch 0.032s
# START mamba1-bf16w/denormal_ftz repeat=1/batchgrad
# DONE mamba1-bf16w/denormal_ftz repeat=1/batchgrad 0.449s
# START mamba1-bf16w/denormal_ftz repeat=1/batchscale
# DONE mamba1-bf16w/denormal_ftz repeat=1/batchscale 1.997s
# START mamba1-bf16w/denormal_ftz repeat=1/ragged
# DONE mamba1-bf16w/denormal_ftz repeat=1/ragged 0.126s
# START mamba1-bf16w/denormal_ftz repeat=1/stepfull
# DONE mamba1-bf16w/denormal_ftz repeat=1/stepfull 0.005s
# START mamba1-bf16w/denormal_ftz repeat=1/rlpair
# DONE mamba1-bf16w/denormal_ftz repeat=1/rlpair 0.062s
# START mamba1-bf16w/denormal_ftz repeat=2/train
# DONE mamba1-bf16w/denormal_ftz repeat=2/train 0.010s
# START mamba1-bf16w/denormal_ftz repeat=2/infer-save-reload
# DONE mamba1-bf16w/denormal_ftz repeat=2/infer-save-reload 0.002s
# START mamba1-bf16w/denormal_ftz repeat=2/batch
# DONE mamba1-bf16w/denormal_ftz repeat=2/batch 0.032s
# START mamba1-bf16w/denormal_ftz repeat=2/batchgrad
# DONE mamba1-bf16w/denormal_ftz repeat=2/batchgrad 0.447s
# START mamba1-bf16w/denormal_ftz repeat=2/batchscale
# DONE mamba1-bf16w/denormal_ftz repeat=2/batchscale 1.977s
# START mamba1-bf16w/denormal_ftz repeat=2/ragged
# DONE mamba1-bf16w/denormal_ftz repeat=2/ragged 0.128s
# START mamba1-bf16w/denormal_ftz repeat=2/stepfull
# DONE mamba1-bf16w/denormal_ftz repeat=2/stepfull 0.005s
# START mamba1-bf16w/denormal_ftz repeat=2/rlpair
# DONE mamba1-bf16w/denormal_ftz repeat=2/rlpair 0.062s
# CELL mamba1-bf16w/denormal_ftz STABLE 5.344s
# START mamba1-bf16w/dupes repeat=1/train
# DONE mamba1-bf16w/dupes repeat=1/train 0.009s
# START mamba1-bf16w/dupes repeat=1/infer-save-reload
# DONE mamba1-bf16w/dupes repeat=1/infer-save-reload 0.002s
# START mamba1-bf16w/dupes repeat=1/batch
# DONE mamba1-bf16w/dupes repeat=1/batch 0.033s
# START mamba1-bf16w/dupes repeat=1/batchgrad
# DONE mamba1-bf16w/dupes repeat=1/batchgrad 0.446s
# START mamba1-bf16w/dupes repeat=1/batchscale
# DONE mamba1-bf16w/dupes repeat=1/batchscale 1.906s
# START mamba1-bf16w/dupes repeat=1/ragged
# DONE mamba1-bf16w/dupes repeat=1/ragged 0.128s
# START mamba1-bf16w/dupes repeat=1/stepfull
# DONE mamba1-bf16w/dupes repeat=1/stepfull 0.005s
# START mamba1-bf16w/dupes repeat=1/rlpair
# DONE mamba1-bf16w/dupes repeat=1/rlpair 0.064s
# START mamba1-bf16w/dupes repeat=2/train
# DONE mamba1-bf16w/dupes repeat=2/train 0.009s
# START mamba1-bf16w/dupes repeat=2/infer-save-reload
# DONE mamba1-bf16w/dupes repeat=2/infer-save-reload 0.002s
# START mamba1-bf16w/dupes repeat=2/batch
# DONE mamba1-bf16w/dupes repeat=2/batch 0.033s
# START mamba1-bf16w/dupes repeat=2/batchgrad
# DONE mamba1-bf16w/dupes repeat=2/batchgrad 0.454s
# START mamba1-bf16w/dupes repeat=2/batchscale
# DONE mamba1-bf16w/dupes repeat=2/batchscale 1.981s
# START mamba1-bf16w/dupes repeat=2/ragged
# DONE mamba1-bf16w/dupes repeat=2/ragged 0.132s
# START mamba1-bf16w/dupes repeat=2/stepfull
# DONE mamba1-bf16w/dupes repeat=2/stepfull 0.005s
# START mamba1-bf16w/dupes repeat=2/rlpair
# DONE mamba1-bf16w/dupes repeat=2/rlpair 0.063s
# CELL mamba1-bf16w/dupes STABLE 5.272s
# START mamba1-bf16w/odd repeat=1/train
# DONE mamba1-bf16w/odd repeat=1/train 0.010s
# START mamba1-bf16w/odd repeat=1/infer-save-reload
# DONE mamba1-bf16w/odd repeat=1/infer-save-reload 0.002s
# START mamba1-bf16w/odd repeat=1/batch
# DONE mamba1-bf16w/odd repeat=1/batch 0.033s
# START mamba1-bf16w/odd repeat=1/batchgrad
# DONE mamba1-bf16w/odd repeat=1/batchgrad 0.462s
# START mamba1-bf16w/odd repeat=1/batchscale
# DONE mamba1-bf16w/odd repeat=1/batchscale 1.971s
# START mamba1-bf16w/odd repeat=1/ragged
# DONE mamba1-bf16w/odd repeat=1/ragged 0.129s
# START mamba1-bf16w/odd repeat=1/stepfull
# DONE mamba1-bf16w/odd repeat=1/stepfull 0.005s
# START mamba1-bf16w/odd repeat=1/rlpair
# DONE mamba1-bf16w/odd repeat=1/rlpair 0.063s
# START mamba1-bf16w/odd repeat=2/train
# DONE mamba1-bf16w/odd repeat=2/train 0.009s
# START mamba1-bf16w/odd repeat=2/infer-save-reload
# DONE mamba1-bf16w/odd repeat=2/infer-save-reload 0.002s
# START mamba1-bf16w/odd repeat=2/batch
# DONE mamba1-bf16w/odd repeat=2/batch 0.033s
# START mamba1-bf16w/odd repeat=2/batchgrad
# DONE mamba1-bf16w/odd repeat=2/batchgrad 0.452s
# START mamba1-bf16w/odd repeat=2/batchscale
# DONE mamba1-bf16w/odd repeat=2/batchscale 1.981s
# START mamba1-bf16w/odd repeat=2/ragged
# DONE mamba1-bf16w/odd repeat=2/ragged 0.130s
# START mamba1-bf16w/odd repeat=2/stepfull
# DONE mamba1-bf16w/odd repeat=2/stepfull 0.005s
# START mamba1-bf16w/odd repeat=2/rlpair
# DONE mamba1-bf16w/odd repeat=2/rlpair 0.063s
# CELL mamba1-bf16w/odd STABLE 5.349s
# START mamba1-bf16w/negative repeat=1/train
# DONE mamba1-bf16w/negative repeat=1/train 0.010s
# START mamba1-bf16w/negative repeat=1/infer-save-reload
# DONE mamba1-bf16w/negative repeat=1/infer-save-reload 0.002s
# START mamba1-bf16w/negative repeat=1/batch
# DONE mamba1-bf16w/negative repeat=1/batch 0.033s
# START mamba1-bf16w/negative repeat=1/batchgrad
# DONE mamba1-bf16w/negative repeat=1/batchgrad 0.455s
# START mamba1-bf16w/negative repeat=1/batchscale
# DONE mamba1-bf16w/negative repeat=1/batchscale 1.946s
# START mamba1-bf16w/negative repeat=1/ragged
# DONE mamba1-bf16w/negative repeat=1/ragged 0.131s
# START mamba1-bf16w/negative repeat=1/stepfull
# DONE mamba1-bf16w/negative repeat=1/stepfull 0.005s
# START mamba1-bf16w/negative repeat=1/rlpair
# DONE mamba1-bf16w/negative repeat=1/rlpair 0.063s
# START mamba1-bf16w/negative repeat=2/train
# DONE mamba1-bf16w/negative repeat=2/train 0.009s
# START mamba1-bf16w/negative repeat=2/infer-save-reload
# DONE mamba1-bf16w/negative repeat=2/infer-save-reload 0.002s
# START mamba1-bf16w/negative repeat=2/batch
# DONE mamba1-bf16w/negative repeat=2/batch 0.034s
# START mamba1-bf16w/negative repeat=2/batchgrad
# DONE mamba1-bf16w/negative repeat=2/batchgrad 0.457s
# START mamba1-bf16w/negative repeat=2/batchscale
# DONE mamba1-bf16w/negative repeat=2/batchscale 1.961s
# START mamba1-bf16w/negative repeat=2/ragged
# DONE mamba1-bf16w/negative repeat=2/ragged 0.131s
# START mamba1-bf16w/negative repeat=2/stepfull
# DONE mamba1-bf16w/negative repeat=2/stepfull 0.005s
# START mamba1-bf16w/negative repeat=2/rlpair
# DONE mamba1-bf16w/negative repeat=2/rlpair 0.063s
# CELL mamba1-bf16w/negative STABLE 5.306s
| mamba1-bf16w           | 3f5bc9d379c27d37 | 3afddceba75613c3 | d6c320e1b31fc8e0 | 37bafece4b8cc1e4 | 4f99057ae7c2950b | 4f99057ae7c2950b | cc8d1c78c43104ef | 3f5bc9d379c27d37 | 51873fa106b5ded0 |
| mamba1-bf16w infer     | 8feeb9c461557f5e | bc8f877befb93f61 | 7caf9c85dd9e4871 | c110afb4881b7b30 | 920ead5b7c4ddcf3 | 920ead5b7c4ddcf3 | 1455bca05ed2cf5b | 8feeb9c461557f5e | 3f167c1766663cf6 |
| mamba1-bf16w batch     | b0e3c410ad70f0d1 | ddb6aa95d06d5741 | de43e1a04f7a619c | 846e07be1248922d | fd7e84dbac951442 | fd7e84dbac951442 | 63da53f040e01efc | b0e3c410ad70f0d1 | 18f82730cb1100c5 |
| mamba1-bf16w rlpair    | 072fa93cce8433d3 | b1b958ab30e6fd3e | ded76587d3a257f9 | ff65bca8a737d552 | a8f265435592dcc3 | 28f8ad6d932ee115 | 072fa93cce8433d3 | 072fa93cce8433d3 | 609c80e81c001455 |
| mamba1-bf16w batchgrad | e64669712d206a43 | 1b73dc9a679527e8 | 99516f6ed2ba66f8 | 373c6c992e6931d2 | 9a807006331bf22b | 9a807006331bf22b | fd6cc2a3e4d6f5c9 | e64669712d206a43 | 75057193f3cf6510 |
| mamba1-bf16w batchscale | c5bd099ac636632a | 9c18ce43e0a81b22 | d1d7fb9f2a16af1e | d04d34e1f1475961 | a54afbdbc52e843a | a54afbdbc52e843a | f7a1dbef8371e449 | e86e26bcaf957d06 | ccd57aef9daeba9e |
| mamba1-bf16w ragged    | eef4ff22a4c04711 | 10eb6530342186bd | 9ca148a6e2ce9b5b | ff3adbc48533a095 | 54b62abb5985dcc4 | 54b62abb5985dcc4 | b50748160e63ba50 | eef4ff22a4c04711 | eb2db6add039369a |
| mamba1-bf16w stepfull  | 24b32bef93e2f25c | b9a98714ab482b6b | 14d649fdc6cdb009 | bd3dfe7a7b67270e | 44708fe6b3c65d0b | 44708fe6b3c65d0b | f7bdfcc643b3788c | 24b32bef93e2f25c | 2d083b9d4bc54963 |
# START mamba3-bf16w/base repeat=1/train
# DONE mamba3-bf16w/base repeat=1/train 0.083s
# START mamba3-bf16w/base repeat=1/infer-save-reload
# DONE mamba3-bf16w/base repeat=1/infer-save-reload 0.014s
# START mamba3-bf16w/base repeat=1/batch
# DONE mamba3-bf16w/base repeat=1/batch 0.369s
# START mamba3-bf16w/base repeat=1/batchgrad
# DONE mamba3-bf16w/base repeat=1/batchgrad 0.000s
# START mamba3-bf16w/base repeat=1/batchscale
# DONE mamba3-bf16w/base repeat=1/batchscale 15.807s
# START mamba3-bf16w/base repeat=1/ragged
# DONE mamba3-bf16w/base repeat=1/ragged 0.597s
# START mamba3-bf16w/base repeat=1/stepfull
# DONE mamba3-bf16w/base repeat=1/stepfull 0.203s
# START mamba3-bf16w/base repeat=1/rlpair
# DONE mamba3-bf16w/base repeat=1/rlpair 1.169s
# START mamba3-bf16w/base repeat=2/train
# DONE mamba3-bf16w/base repeat=2/train 0.083s
# START mamba3-bf16w/base repeat=2/infer-save-reload
# DONE mamba3-bf16w/base repeat=2/infer-save-reload 0.014s
# START mamba3-bf16w/base repeat=2/batch
# DONE mamba3-bf16w/base repeat=2/batch 0.367s
# START mamba3-bf16w/base repeat=2/batchgrad
# DONE mamba3-bf16w/base repeat=2/batchgrad 0.000s
# START mamba3-bf16w/base repeat=2/batchscale
# DONE mamba3-bf16w/base repeat=2/batchscale 15.225s
# START mamba3-bf16w/base repeat=2/ragged
# DONE mamba3-bf16w/base repeat=2/ragged 0.584s
# START mamba3-bf16w/base repeat=2/stepfull
# DONE mamba3-bf16w/base repeat=2/stepfull 0.197s
# START mamba3-bf16w/base repeat=2/rlpair
# DONE mamba3-bf16w/base repeat=2/rlpair 1.153s
# CELL mamba3-bf16w/base STABLE 35.867s
# START mamba3-bf16w/ties repeat=1/train
# DONE mamba3-bf16w/ties repeat=1/train 0.082s
# START mamba3-bf16w/ties repeat=1/infer-save-reload
# DONE mamba3-bf16w/ties repeat=1/infer-save-reload 0.014s
# START mamba3-bf16w/ties repeat=1/batch
# DONE mamba3-bf16w/ties repeat=1/batch 0.374s
# START mamba3-bf16w/ties repeat=1/batchgrad
# DONE mamba3-bf16w/ties repeat=1/batchgrad 0.000s
# START mamba3-bf16w/ties repeat=1/batchscale
# DONE mamba3-bf16w/ties repeat=1/batchscale 15.768s
# START mamba3-bf16w/ties repeat=1/ragged
# DONE mamba3-bf16w/ties repeat=1/ragged 0.589s
# START mamba3-bf16w/ties repeat=1/stepfull
# DONE mamba3-bf16w/ties repeat=1/stepfull 0.196s
# START mamba3-bf16w/ties repeat=1/rlpair
# DONE mamba3-bf16w/ties repeat=1/rlpair 1.171s
# START mamba3-bf16w/ties repeat=2/train
# DONE mamba3-bf16w/ties repeat=2/train 0.080s
# START mamba3-bf16w/ties repeat=2/infer-save-reload
# DONE mamba3-bf16w/ties repeat=2/infer-save-reload 0.014s
# START mamba3-bf16w/ties repeat=2/batch
# DONE mamba3-bf16w/ties repeat=2/batch 0.372s
# START mamba3-bf16w/ties repeat=2/batchgrad
# DONE mamba3-bf16w/ties repeat=2/batchgrad 0.000s
# START mamba3-bf16w/ties repeat=2/batchscale
# DONE mamba3-bf16w/ties repeat=2/batchscale 15.603s
# START mamba3-bf16w/ties repeat=2/ragged
# DONE mamba3-bf16w/ties repeat=2/ragged 0.564s
# START mamba3-bf16w/ties repeat=2/stepfull
# DONE mamba3-bf16w/ties repeat=2/stepfull 0.196s
# START mamba3-bf16w/ties repeat=2/rlpair
# DONE mamba3-bf16w/ties repeat=2/rlpair 1.144s
# CELL mamba3-bf16w/ties STABLE 36.169s
# START mamba3-bf16w/hashed repeat=1/train
# DONE mamba3-bf16w/hashed repeat=1/train 0.083s
# START mamba3-bf16w/hashed repeat=1/infer-save-reload
# DONE mamba3-bf16w/hashed repeat=1/infer-save-reload 0.014s
# START mamba3-bf16w/hashed repeat=1/batch
# DONE mamba3-bf16w/hashed repeat=1/batch 0.363s
# START mamba3-bf16w/hashed repeat=1/batchgrad
# DONE mamba3-bf16w/hashed repeat=1/batchgrad 0.000s
# START mamba3-bf16w/hashed repeat=1/batchscale
# DONE mamba3-bf16w/hashed repeat=1/batchscale 15.849s
# START mamba3-bf16w/hashed repeat=1/ragged
# DONE mamba3-bf16w/hashed repeat=1/ragged 0.588s
# START mamba3-bf16w/hashed repeat=1/stepfull
# DONE mamba3-bf16w/hashed repeat=1/stepfull 0.198s
# START mamba3-bf16w/hashed repeat=1/rlpair
# DONE mamba3-bf16w/hashed repeat=1/rlpair 1.172s
# START mamba3-bf16w/hashed repeat=2/train
# DONE mamba3-bf16w/hashed repeat=2/train 0.082s
# START mamba3-bf16w/hashed repeat=2/infer-save-reload
# DONE mamba3-bf16w/hashed repeat=2/infer-save-reload 0.014s
# START mamba3-bf16w/hashed repeat=2/batch
# DONE mamba3-bf16w/hashed repeat=2/batch 0.366s
# START mamba3-bf16w/hashed repeat=2/batchgrad
# DONE mamba3-bf16w/hashed repeat=2/batchgrad 0.000s
# START mamba3-bf16w/hashed repeat=2/batchscale
# DONE mamba3-bf16w/hashed repeat=2/batchscale 15.572s
# START mamba3-bf16w/hashed repeat=2/ragged
# DONE mamba3-bf16w/hashed repeat=2/ragged 0.577s
# START mamba3-bf16w/hashed repeat=2/stepfull
# DONE mamba3-bf16w/hashed repeat=2/stepfull 0.197s
# START mamba3-bf16w/hashed repeat=2/rlpair
# DONE mamba3-bf16w/hashed repeat=2/rlpair 1.142s
# CELL mamba3-bf16w/hashed STABLE 36.218s
# START mamba3-bf16w/wide repeat=1/train
# DONE mamba3-bf16w/wide repeat=1/train 0.082s
# START mamba3-bf16w/wide repeat=1/infer-save-reload
# DONE mamba3-bf16w/wide repeat=1/infer-save-reload 0.014s
# START mamba3-bf16w/wide repeat=1/batch
# DONE mamba3-bf16w/wide repeat=1/batch 0.368s
# START mamba3-bf16w/wide repeat=1/batchgrad
# DONE mamba3-bf16w/wide repeat=1/batchgrad 0.000s
# START mamba3-bf16w/wide repeat=1/batchscale
# DONE mamba3-bf16w/wide repeat=1/batchscale 15.612s
# START mamba3-bf16w/wide repeat=1/ragged
# DONE mamba3-bf16w/wide repeat=1/ragged 0.587s
# START mamba3-bf16w/wide repeat=1/stepfull
# DONE mamba3-bf16w/wide repeat=1/stepfull 0.197s
# START mamba3-bf16w/wide repeat=1/rlpair
# DONE mamba3-bf16w/wide repeat=1/rlpair 1.155s
# START mamba3-bf16w/wide repeat=2/train
# DONE mamba3-bf16w/wide repeat=2/train 0.081s
# START mamba3-bf16w/wide repeat=2/infer-save-reload
# DONE mamba3-bf16w/wide repeat=2/infer-save-reload 0.015s
# START mamba3-bf16w/wide repeat=2/batch
# DONE mamba3-bf16w/wide repeat=2/batch 0.373s
# START mamba3-bf16w/wide repeat=2/batchgrad
# DONE mamba3-bf16w/wide repeat=2/batchgrad 0.000s
# START mamba3-bf16w/wide repeat=2/batchscale
# DONE mamba3-bf16w/wide repeat=2/batchscale 15.944s
# START mamba3-bf16w/wide repeat=2/ragged
# DONE mamba3-bf16w/wide repeat=2/ragged 0.598s
# START mamba3-bf16w/wide repeat=2/stepfull
# DONE mamba3-bf16w/wide repeat=2/stepfull 0.201s
# START mamba3-bf16w/wide repeat=2/rlpair
# DONE mamba3-bf16w/wide repeat=2/rlpair 1.188s
# CELL mamba3-bf16w/wide STABLE 36.417s
# START mamba3-bf16w/denormal repeat=1/train
# DONE mamba3-bf16w/denormal repeat=1/train 0.080s
# START mamba3-bf16w/denormal repeat=1/infer-save-reload
# DONE mamba3-bf16w/denormal repeat=1/infer-save-reload 0.013s
# START mamba3-bf16w/denormal repeat=1/batch
# DONE mamba3-bf16w/denormal repeat=1/batch 0.358s
# START mamba3-bf16w/denormal repeat=1/batchgrad
# DONE mamba3-bf16w/denormal repeat=1/batchgrad 0.000s
# START mamba3-bf16w/denormal repeat=1/batchscale
# DONE mamba3-bf16w/denormal repeat=1/batchscale 15.528s
# START mamba3-bf16w/denormal repeat=1/ragged
# DONE mamba3-bf16w/denormal repeat=1/ragged 0.572s
# START mamba3-bf16w/denormal repeat=1/stepfull
# DONE mamba3-bf16w/denormal repeat=1/stepfull 0.203s
# START mamba3-bf16w/denormal repeat=1/rlpair
# DONE mamba3-bf16w/denormal repeat=1/rlpair 1.144s
# START mamba3-bf16w/denormal repeat=2/train
# DONE mamba3-bf16w/denormal repeat=2/train 0.082s
# START mamba3-bf16w/denormal repeat=2/infer-save-reload
# DONE mamba3-bf16w/denormal repeat=2/infer-save-reload 0.013s
# START mamba3-bf16w/denormal repeat=2/batch
# DONE mamba3-bf16w/denormal repeat=2/batch 0.361s
# START mamba3-bf16w/denormal repeat=2/batchgrad
# DONE mamba3-bf16w/denormal repeat=2/batchgrad 0.000s
# START mamba3-bf16w/denormal repeat=2/batchscale
# DONE mamba3-bf16w/denormal repeat=2/batchscale 15.871s
# START mamba3-bf16w/denormal repeat=2/ragged
# DONE mamba3-bf16w/denormal repeat=2/ragged 0.578s
# START mamba3-bf16w/denormal repeat=2/stepfull
# DONE mamba3-bf16w/denormal repeat=2/stepfull 0.198s
# START mamba3-bf16w/denormal repeat=2/rlpair
# DONE mamba3-bf16w/denormal repeat=2/rlpair 1.136s
# CELL mamba3-bf16w/denormal STABLE 36.140s
# START mamba3-bf16w/denormal_ftz repeat=1/train
# DONE mamba3-bf16w/denormal_ftz repeat=1/train 0.082s
# START mamba3-bf16w/denormal_ftz repeat=1/infer-save-reload
# DONE mamba3-bf16w/denormal_ftz repeat=1/infer-save-reload 0.014s
# START mamba3-bf16w/denormal_ftz repeat=1/batch
# DONE mamba3-bf16w/denormal_ftz repeat=1/batch 0.362s
# START mamba3-bf16w/denormal_ftz repeat=1/batchgrad
# DONE mamba3-bf16w/denormal_ftz repeat=1/batchgrad 0.000s
# START mamba3-bf16w/denormal_ftz repeat=1/batchscale
# DONE mamba3-bf16w/denormal_ftz repeat=1/batchscale 15.821s
# START mamba3-bf16w/denormal_ftz repeat=1/ragged
# DONE mamba3-bf16w/denormal_ftz repeat=1/ragged 0.574s
# START mamba3-bf16w/denormal_ftz repeat=1/stepfull
# DONE mamba3-bf16w/denormal_ftz repeat=1/stepfull 0.194s
# START mamba3-bf16w/denormal_ftz repeat=1/rlpair
# DONE mamba3-bf16w/denormal_ftz repeat=1/rlpair 1.136s
# START mamba3-bf16w/denormal_ftz repeat=2/train
# DONE mamba3-bf16w/denormal_ftz repeat=2/train 0.081s
# START mamba3-bf16w/denormal_ftz repeat=2/infer-save-reload
# DONE mamba3-bf16w/denormal_ftz repeat=2/infer-save-reload 0.014s
# START mamba3-bf16w/denormal_ftz repeat=2/batch
# DONE mamba3-bf16w/denormal_ftz repeat=2/batch 0.369s
# START mamba3-bf16w/denormal_ftz repeat=2/batchgrad
# DONE mamba3-bf16w/denormal_ftz repeat=2/batchgrad 0.000s
# START mamba3-bf16w/denormal_ftz repeat=2/batchscale
# DONE mamba3-bf16w/denormal_ftz repeat=2/batchscale 15.835s
# START mamba3-bf16w/denormal_ftz repeat=2/ragged
# DONE mamba3-bf16w/denormal_ftz repeat=2/ragged 0.568s
# START mamba3-bf16w/denormal_ftz repeat=2/stepfull
# DONE mamba3-bf16w/denormal_ftz repeat=2/stepfull 0.197s
# START mamba3-bf16w/denormal_ftz repeat=2/rlpair
# DONE mamba3-bf16w/denormal_ftz repeat=2/rlpair 1.124s
# CELL mamba3-bf16w/denormal_ftz STABLE 36.370s
# START mamba3-bf16w/dupes repeat=1/train
# DONE mamba3-bf16w/dupes repeat=1/train 0.081s
# START mamba3-bf16w/dupes repeat=1/infer-save-reload
# DONE mamba3-bf16w/dupes repeat=1/infer-save-reload 0.014s
# START mamba3-bf16w/dupes repeat=1/batch
# DONE mamba3-bf16w/dupes repeat=1/batch 0.357s
# START mamba3-bf16w/dupes repeat=1/batchgrad
# DONE mamba3-bf16w/dupes repeat=1/batchgrad 0.000s
# START mamba3-bf16w/dupes repeat=1/batchscale
# DONE mamba3-bf16w/dupes repeat=1/batchscale 15.753s
# START mamba3-bf16w/dupes repeat=1/ragged
# DONE mamba3-bf16w/dupes repeat=1/ragged 0.589s
# START mamba3-bf16w/dupes repeat=1/stepfull
# DONE mamba3-bf16w/dupes repeat=1/stepfull 0.194s
# START mamba3-bf16w/dupes repeat=1/rlpair
# DONE mamba3-bf16w/dupes repeat=1/rlpair 1.164s
# START mamba3-bf16w/dupes repeat=2/train
# DONE mamba3-bf16w/dupes repeat=2/train 0.082s
# START mamba3-bf16w/dupes repeat=2/infer-save-reload
# DONE mamba3-bf16w/dupes repeat=2/infer-save-reload 0.014s
# START mamba3-bf16w/dupes repeat=2/batch
# DONE mamba3-bf16w/dupes repeat=2/batch 0.373s
# START mamba3-bf16w/dupes repeat=2/batchgrad
# DONE mamba3-bf16w/dupes repeat=2/batchgrad 0.000s
# START mamba3-bf16w/dupes repeat=2/batchscale
# DONE mamba3-bf16w/dupes repeat=2/batchscale 15.405s
# START mamba3-bf16w/dupes repeat=2/ragged
# DONE mamba3-bf16w/dupes repeat=2/ragged 0.573s
# START mamba3-bf16w/dupes repeat=2/stepfull
# DONE mamba3-bf16w/dupes repeat=2/stepfull 0.198s
# START mamba3-bf16w/dupes repeat=2/rlpair
# DONE mamba3-bf16w/dupes repeat=2/rlpair 1.157s
# CELL mamba3-bf16w/dupes STABLE 35.952s
# START mamba3-bf16w/odd repeat=1/train
# DONE mamba3-bf16w/odd repeat=1/train 0.085s
# START mamba3-bf16w/odd repeat=1/infer-save-reload
# DONE mamba3-bf16w/odd repeat=1/infer-save-reload 0.014s
# START mamba3-bf16w/odd repeat=1/batch
# DONE mamba3-bf16w/odd repeat=1/batch 0.366s
# START mamba3-bf16w/odd repeat=1/batchgrad
# DONE mamba3-bf16w/odd repeat=1/batchgrad 0.000s
# START mamba3-bf16w/odd repeat=1/batchscale
# DONE mamba3-bf16w/odd repeat=1/batchscale 16.074s
# START mamba3-bf16w/odd repeat=1/ragged
# DONE mamba3-bf16w/odd repeat=1/ragged 0.570s
# START mamba3-bf16w/odd repeat=1/stepfull
# DONE mamba3-bf16w/odd repeat=1/stepfull 0.196s
# START mamba3-bf16w/odd repeat=1/rlpair
# DONE mamba3-bf16w/odd repeat=1/rlpair 1.127s
# START mamba3-bf16w/odd repeat=2/train
# DONE mamba3-bf16w/odd repeat=2/train 0.082s
# START mamba3-bf16w/odd repeat=2/infer-save-reload
# DONE mamba3-bf16w/odd repeat=2/infer-save-reload 0.014s
# START mamba3-bf16w/odd repeat=2/batch
# DONE mamba3-bf16w/odd repeat=2/batch 0.375s
# START mamba3-bf16w/odd repeat=2/batchgrad
# DONE mamba3-bf16w/odd repeat=2/batchgrad 0.000s
# START mamba3-bf16w/odd repeat=2/batchscale
# DONE mamba3-bf16w/odd repeat=2/batchscale 15.986s
# START mamba3-bf16w/odd repeat=2/ragged
# DONE mamba3-bf16w/odd repeat=2/ragged 0.571s
# START mamba3-bf16w/odd repeat=2/stepfull
# DONE mamba3-bf16w/odd repeat=2/stepfull 0.198s
# START mamba3-bf16w/odd repeat=2/rlpair
# DONE mamba3-bf16w/odd repeat=2/rlpair 1.135s
# CELL mamba3-bf16w/odd STABLE 36.792s
# START mamba3-bf16w/negative repeat=1/train
# DONE mamba3-bf16w/negative repeat=1/train 0.082s
# START mamba3-bf16w/negative repeat=1/infer-save-reload
# DONE mamba3-bf16w/negative repeat=1/infer-save-reload 0.014s
# START mamba3-bf16w/negative repeat=1/batch
# DONE mamba3-bf16w/negative repeat=1/batch 0.356s
# START mamba3-bf16w/negative repeat=1/batchgrad
# DONE mamba3-bf16w/negative repeat=1/batchgrad 0.000s
# START mamba3-bf16w/negative repeat=1/batchscale
# DONE mamba3-bf16w/negative repeat=1/batchscale 15.547s
# START mamba3-bf16w/negative repeat=1/ragged
# DONE mamba3-bf16w/negative repeat=1/ragged 0.577s
# START mamba3-bf16w/negative repeat=1/stepfull
# DONE mamba3-bf16w/negative repeat=1/stepfull 0.195s
# START mamba3-bf16w/negative repeat=1/rlpair
# DONE mamba3-bf16w/negative repeat=1/rlpair 1.136s
# START mamba3-bf16w/negative repeat=2/train
# DONE mamba3-bf16w/negative repeat=2/train 0.081s
# START mamba3-bf16w/negative repeat=2/infer-save-reload
# DONE mamba3-bf16w/negative repeat=2/infer-save-reload 0.014s
# START mamba3-bf16w/negative repeat=2/batch
# DONE mamba3-bf16w/negative repeat=2/batch 0.357s
# START mamba3-bf16w/negative repeat=2/batchgrad
# DONE mamba3-bf16w/negative repeat=2/batchgrad 0.000s
# START mamba3-bf16w/negative repeat=2/batchscale
# DONE mamba3-bf16w/negative repeat=2/batchscale 15.040s
# START mamba3-bf16w/negative repeat=2/ragged
# DONE mamba3-bf16w/negative repeat=2/ragged 0.566s
# START mamba3-bf16w/negative repeat=2/stepfull
# DONE mamba3-bf16w/negative repeat=2/stepfull 0.195s
# START mamba3-bf16w/negative repeat=2/rlpair
# DONE mamba3-bf16w/negative repeat=2/rlpair 1.147s
# CELL mamba3-bf16w/negative STABLE 35.308s
| mamba3-bf16w           | 420f9a4b19317b2a | 82b8d76284bb2ba6 | 4d6ceb333b1a178d | bebe0d228e48b3ac | fb2d8dfd53268614 | fb2d8dfd53268614 | 95e1bf57fead28ee | 420f9a4b19317b2a | 00dc16fa15da3368 |
| mamba3-bf16w infer     | cbc6288e8b94fad2 | 670338ffb561acef | fa83cf2f6e305294 | f9c3029034311f4b | 9cdfc8307b70eaf6 | 9cdfc8307b70eaf6 | e6277caf58d2af32 | cbc6288e8b94fad2 | d990f8ae41747c43 |
| mamba3-bf16w batch     | 08d14d79e96c938b | 6681e7dea57df968 | 46d10e8d5affad06 | bb2ef68e717c9256 | 5242f5bb7eb74b6b | 5242f5bb7eb74b6b | 80f217ab6aa47131 | 08d14d79e96c938b | 658ba6339c98e58c |
| mamba3-bf16w rlpair    | 59d1771ff80a816a | dcb84817a5576408 | 28413b942734e4ca | 8c98fab1ddf1ecc5 | 7a9d303025f2fbf1 | e0295d44bdd19523 | 59d1771ff80a816a | 59d1771ff80a816a | 7a267da3f7f189ff |
| mamba3-bf16w batchscale | a7a250dd76381ed7 | bf8994e070ee8ec7 | 43b90501a2a7414f | 78b6e531cfb4f3b5 | 86f331b8ef629fce | 86f331b8ef629fce | 8ba335383c73b505 | 1d3aec9c695cd9c0 | 6acf414a9fbcc164 |
| mamba3-bf16w ragged    | bbe009f30829aa49 | c930fb2af68adc25 | 0d2fc9e03e27c6b3 | 9e1cb01497619c86 | 7982e2bacd35377b | 7982e2bacd35377b | 43513ed733c281fc | bbe009f30829aa49 | 23a14234a141e782 |
| mamba3-bf16w stepfull  | 012c74eb215b11ac | 9fc27cebed59487f | 5f9ad430cec901d7 | 2dcf5ab3777c4520 | 7c681fc57b80ed31 | 7c681fc57b80ed31 | a2e561bfe04e1a71 | 012c74eb215b11ac | ac84b24eae60cf52 |
# START samba-bf16w/base repeat=1/train
# DONE samba-bf16w/base repeat=1/train 0.021s
# START samba-bf16w/base repeat=1/infer-save-reload
# DONE samba-bf16w/base repeat=1/infer-save-reload 0.087s
# START samba-bf16w/base repeat=1/batch
# DONE samba-bf16w/base repeat=1/batch 0.000s
# START samba-bf16w/base repeat=1/batchgrad
# DONE samba-bf16w/base repeat=1/batchgrad 0.000s
# START samba-bf16w/base repeat=1/batchscale
# DONE samba-bf16w/base repeat=1/batchscale 0.000s
# START samba-bf16w/base repeat=1/ragged
# DONE samba-bf16w/base repeat=1/ragged 0.000s
# START samba-bf16w/base repeat=1/stepfull
# DONE samba-bf16w/base repeat=1/stepfull 0.000s
# START samba-bf16w/base repeat=2/train
# DONE samba-bf16w/base repeat=2/train 0.021s
# START samba-bf16w/base repeat=2/infer-save-reload
# DONE samba-bf16w/base repeat=2/infer-save-reload 0.068s
# START samba-bf16w/base repeat=2/batch
# DONE samba-bf16w/base repeat=2/batch 0.000s
# START samba-bf16w/base repeat=2/batchgrad
# DONE samba-bf16w/base repeat=2/batchgrad 0.000s
# START samba-bf16w/base repeat=2/batchscale
# DONE samba-bf16w/base repeat=2/batchscale 0.000s
# START samba-bf16w/base repeat=2/ragged
# DONE samba-bf16w/base repeat=2/ragged 0.000s
# START samba-bf16w/base repeat=2/stepfull
# DONE samba-bf16w/base repeat=2/stepfull 0.000s
# CELL samba-bf16w/base STABLE 0.198s
# START samba-bf16w/ties repeat=1/train
# DONE samba-bf16w/ties repeat=1/train 0.020s
# START samba-bf16w/ties repeat=1/infer-save-reload
# DONE samba-bf16w/ties repeat=1/infer-save-reload 0.061s
# START samba-bf16w/ties repeat=1/batch
# DONE samba-bf16w/ties repeat=1/batch 0.000s
# START samba-bf16w/ties repeat=1/batchgrad
# DONE samba-bf16w/ties repeat=1/batchgrad 0.000s
# START samba-bf16w/ties repeat=1/batchscale
# DONE samba-bf16w/ties repeat=1/batchscale 0.000s
# START samba-bf16w/ties repeat=1/ragged
# DONE samba-bf16w/ties repeat=1/ragged 0.000s
# START samba-bf16w/ties repeat=1/stepfull
# DONE samba-bf16w/ties repeat=1/stepfull 0.000s
# START samba-bf16w/ties repeat=2/train
# DONE samba-bf16w/ties repeat=2/train 0.021s
# START samba-bf16w/ties repeat=2/infer-save-reload
# DONE samba-bf16w/ties repeat=2/infer-save-reload 0.085s
# START samba-bf16w/ties repeat=2/batch
# DONE samba-bf16w/ties repeat=2/batch 0.000s
# START samba-bf16w/ties repeat=2/batchgrad
# DONE samba-bf16w/ties repeat=2/batchgrad 0.000s
# START samba-bf16w/ties repeat=2/batchscale
# DONE samba-bf16w/ties repeat=2/batchscale 0.000s
# START samba-bf16w/ties repeat=2/ragged
# DONE samba-bf16w/ties repeat=2/ragged 0.000s
# START samba-bf16w/ties repeat=2/stepfull
# DONE samba-bf16w/ties repeat=2/stepfull 0.000s
# CELL samba-bf16w/ties STABLE 0.188s
# START samba-bf16w/hashed repeat=1/train
# DONE samba-bf16w/hashed repeat=1/train 0.021s
# START samba-bf16w/hashed repeat=1/infer-save-reload
# DONE samba-bf16w/hashed repeat=1/infer-save-reload 0.061s
# START samba-bf16w/hashed repeat=1/batch
# DONE samba-bf16w/hashed repeat=1/batch 0.000s
# START samba-bf16w/hashed repeat=1/batchgrad
# DONE samba-bf16w/hashed repeat=1/batchgrad 0.000s
# START samba-bf16w/hashed repeat=1/batchscale
# DONE samba-bf16w/hashed repeat=1/batchscale 0.000s
# START samba-bf16w/hashed repeat=1/ragged
# DONE samba-bf16w/hashed repeat=1/ragged 0.000s
# START samba-bf16w/hashed repeat=1/stepfull
# DONE samba-bf16w/hashed repeat=1/stepfull 0.000s
# START samba-bf16w/hashed repeat=2/train
# DONE samba-bf16w/hashed repeat=2/train 0.020s
# START samba-bf16w/hashed repeat=2/infer-save-reload
# DONE samba-bf16w/hashed repeat=2/infer-save-reload 0.062s
# START samba-bf16w/hashed repeat=2/batch
# DONE samba-bf16w/hashed repeat=2/batch 0.000s
# START samba-bf16w/hashed repeat=2/batchgrad
# DONE samba-bf16w/hashed repeat=2/batchgrad 0.000s
# START samba-bf16w/hashed repeat=2/batchscale
# DONE samba-bf16w/hashed repeat=2/batchscale 0.000s
# START samba-bf16w/hashed repeat=2/ragged
# DONE samba-bf16w/hashed repeat=2/ragged 0.000s
# START samba-bf16w/hashed repeat=2/stepfull
# DONE samba-bf16w/hashed repeat=2/stepfull 0.000s
# CELL samba-bf16w/hashed STABLE 0.165s
# START samba-bf16w/wide repeat=1/train
# DONE samba-bf16w/wide repeat=1/train 0.021s
# START samba-bf16w/wide repeat=1/infer-save-reload
# DONE samba-bf16w/wide repeat=1/infer-save-reload 0.064s
# START samba-bf16w/wide repeat=1/batch
# DONE samba-bf16w/wide repeat=1/batch 0.000s
# START samba-bf16w/wide repeat=1/batchgrad
# DONE samba-bf16w/wide repeat=1/batchgrad 0.000s
# START samba-bf16w/wide repeat=1/batchscale
# DONE samba-bf16w/wide repeat=1/batchscale 0.000s
# START samba-bf16w/wide repeat=1/ragged
# DONE samba-bf16w/wide repeat=1/ragged 0.000s
# START samba-bf16w/wide repeat=1/stepfull
# DONE samba-bf16w/wide repeat=1/stepfull 0.000s
# START samba-bf16w/wide repeat=2/train
# DONE samba-bf16w/wide repeat=2/train 0.021s
# START samba-bf16w/wide repeat=2/infer-save-reload
# DONE samba-bf16w/wide repeat=2/infer-save-reload 0.063s
# START samba-bf16w/wide repeat=2/batch
# DONE samba-bf16w/wide repeat=2/batch 0.000s
# START samba-bf16w/wide repeat=2/batchgrad
# DONE samba-bf16w/wide repeat=2/batchgrad 0.000s
# START samba-bf16w/wide repeat=2/batchscale
# DONE samba-bf16w/wide repeat=2/batchscale 0.000s
# START samba-bf16w/wide repeat=2/ragged
# DONE samba-bf16w/wide repeat=2/ragged 0.000s
# START samba-bf16w/wide repeat=2/stepfull
# DONE samba-bf16w/wide repeat=2/stepfull 0.000s
# CELL samba-bf16w/wide STABLE 0.169s
# START samba-bf16w/denormal repeat=1/train
# DONE samba-bf16w/denormal repeat=1/train 0.021s
# START samba-bf16w/denormal repeat=1/infer-save-reload
# DONE samba-bf16w/denormal repeat=1/infer-save-reload 0.102s
# START samba-bf16w/denormal repeat=1/batch
# DONE samba-bf16w/denormal repeat=1/batch 0.000s
# START samba-bf16w/denormal repeat=1/batchgrad
# DONE samba-bf16w/denormal repeat=1/batchgrad 0.000s
# START samba-bf16w/denormal repeat=1/batchscale
# DONE samba-bf16w/denormal repeat=1/batchscale 0.000s
# START samba-bf16w/denormal repeat=1/ragged
# DONE samba-bf16w/denormal repeat=1/ragged 0.000s
# START samba-bf16w/denormal repeat=1/stepfull
# DONE samba-bf16w/denormal repeat=1/stepfull 0.000s
# START samba-bf16w/denormal repeat=2/train
# DONE samba-bf16w/denormal repeat=2/train 0.021s
# START samba-bf16w/denormal repeat=2/infer-save-reload
# DONE samba-bf16w/denormal repeat=2/infer-save-reload 0.061s
# START samba-bf16w/denormal repeat=2/batch
# DONE samba-bf16w/denormal repeat=2/batch 0.000s
# START samba-bf16w/denormal repeat=2/batchgrad
# DONE samba-bf16w/denormal repeat=2/batchgrad 0.000s
# START samba-bf16w/denormal repeat=2/batchscale
# DONE samba-bf16w/denormal repeat=2/batchscale 0.000s
# START samba-bf16w/denormal repeat=2/ragged
# DONE samba-bf16w/denormal repeat=2/ragged 0.000s
# START samba-bf16w/denormal repeat=2/stepfull
# DONE samba-bf16w/denormal repeat=2/stepfull 0.000s
# CELL samba-bf16w/denormal STABLE 0.206s
# START samba-bf16w/denormal_ftz repeat=1/train
# DONE samba-bf16w/denormal_ftz repeat=1/train 0.021s
# START samba-bf16w/denormal_ftz repeat=1/infer-save-reload
# DONE samba-bf16w/denormal_ftz repeat=1/infer-save-reload 0.062s
# START samba-bf16w/denormal_ftz repeat=1/batch
# DONE samba-bf16w/denormal_ftz repeat=1/batch 0.000s
# START samba-bf16w/denormal_ftz repeat=1/batchgrad
# DONE samba-bf16w/denormal_ftz repeat=1/batchgrad 0.000s
# START samba-bf16w/denormal_ftz repeat=1/batchscale
# DONE samba-bf16w/denormal_ftz repeat=1/batchscale 0.000s
# START samba-bf16w/denormal_ftz repeat=1/ragged
# DONE samba-bf16w/denormal_ftz repeat=1/ragged 0.000s
# START samba-bf16w/denormal_ftz repeat=1/stepfull
# DONE samba-bf16w/denormal_ftz repeat=1/stepfull 0.000s
# START samba-bf16w/denormal_ftz repeat=2/train
# DONE samba-bf16w/denormal_ftz repeat=2/train 0.021s
# START samba-bf16w/denormal_ftz repeat=2/infer-save-reload
# DONE samba-bf16w/denormal_ftz repeat=2/infer-save-reload 0.065s
# START samba-bf16w/denormal_ftz repeat=2/batch
# DONE samba-bf16w/denormal_ftz repeat=2/batch 0.000s
# START samba-bf16w/denormal_ftz repeat=2/batchgrad
# DONE samba-bf16w/denormal_ftz repeat=2/batchgrad 0.000s
# START samba-bf16w/denormal_ftz repeat=2/batchscale
# DONE samba-bf16w/denormal_ftz repeat=2/batchscale 0.000s
# START samba-bf16w/denormal_ftz repeat=2/ragged
# DONE samba-bf16w/denormal_ftz repeat=2/ragged 0.000s
# START samba-bf16w/denormal_ftz repeat=2/stepfull
# DONE samba-bf16w/denormal_ftz repeat=2/stepfull 0.000s
# CELL samba-bf16w/denormal_ftz STABLE 0.170s
# START samba-bf16w/dupes repeat=1/train
# DONE samba-bf16w/dupes repeat=1/train 0.021s
# START samba-bf16w/dupes repeat=1/infer-save-reload
# DONE samba-bf16w/dupes repeat=1/infer-save-reload 0.061s
# START samba-bf16w/dupes repeat=1/batch
# DONE samba-bf16w/dupes repeat=1/batch 0.000s
# START samba-bf16w/dupes repeat=1/batchgrad
# DONE samba-bf16w/dupes repeat=1/batchgrad 0.000s
# START samba-bf16w/dupes repeat=1/batchscale
# DONE samba-bf16w/dupes repeat=1/batchscale 0.000s
# START samba-bf16w/dupes repeat=1/ragged
# DONE samba-bf16w/dupes repeat=1/ragged 0.000s
# START samba-bf16w/dupes repeat=1/stepfull
# DONE samba-bf16w/dupes repeat=1/stepfull 0.000s
# START samba-bf16w/dupes repeat=2/train
# DONE samba-bf16w/dupes repeat=2/train 0.021s
# START samba-bf16w/dupes repeat=2/infer-save-reload
# DONE samba-bf16w/dupes repeat=2/infer-save-reload 0.082s
# START samba-bf16w/dupes repeat=2/batch
# DONE samba-bf16w/dupes repeat=2/batch 0.000s
# START samba-bf16w/dupes repeat=2/batchgrad
# DONE samba-bf16w/dupes repeat=2/batchgrad 0.000s
# START samba-bf16w/dupes repeat=2/batchscale
# DONE samba-bf16w/dupes repeat=2/batchscale 0.000s
# START samba-bf16w/dupes repeat=2/ragged
# DONE samba-bf16w/dupes repeat=2/ragged 0.000s
# START samba-bf16w/dupes repeat=2/stepfull
# DONE samba-bf16w/dupes repeat=2/stepfull 0.000s
# CELL samba-bf16w/dupes STABLE 0.186s
# START samba-bf16w/odd repeat=1/train
# DONE samba-bf16w/odd repeat=1/train 0.021s
# START samba-bf16w/odd repeat=1/infer-save-reload
# DONE samba-bf16w/odd repeat=1/infer-save-reload 0.061s
# START samba-bf16w/odd repeat=1/batch
# DONE samba-bf16w/odd repeat=1/batch 0.000s
# START samba-bf16w/odd repeat=1/batchgrad
# DONE samba-bf16w/odd repeat=1/batchgrad 0.000s
# START samba-bf16w/odd repeat=1/batchscale
# DONE samba-bf16w/odd repeat=1/batchscale 0.000s
# START samba-bf16w/odd repeat=1/ragged
# DONE samba-bf16w/odd repeat=1/ragged 0.000s
# START samba-bf16w/odd repeat=1/stepfull
# DONE samba-bf16w/odd repeat=1/stepfull 0.000s
# START samba-bf16w/odd repeat=2/train
# DONE samba-bf16w/odd repeat=2/train 0.021s
# START samba-bf16w/odd repeat=2/infer-save-reload
# DONE samba-bf16w/odd repeat=2/infer-save-reload 0.066s
# START samba-bf16w/odd repeat=2/batch
# DONE samba-bf16w/odd repeat=2/batch 0.000s
# START samba-bf16w/odd repeat=2/batchgrad
# DONE samba-bf16w/odd repeat=2/batchgrad 0.000s
# START samba-bf16w/odd repeat=2/batchscale
# DONE samba-bf16w/odd repeat=2/batchscale 0.000s
# START samba-bf16w/odd repeat=2/ragged
# DONE samba-bf16w/odd repeat=2/ragged 0.000s
# START samba-bf16w/odd repeat=2/stepfull
# DONE samba-bf16w/odd repeat=2/stepfull 0.000s
# CELL samba-bf16w/odd STABLE 0.170s
# START samba-bf16w/negative repeat=1/train
# DONE samba-bf16w/negative repeat=1/train 0.021s
# START samba-bf16w/negative repeat=1/infer-save-reload
# DONE samba-bf16w/negative repeat=1/infer-save-reload 0.065s
# START samba-bf16w/negative repeat=1/batch
# DONE samba-bf16w/negative repeat=1/batch 0.000s
# START samba-bf16w/negative repeat=1/batchgrad
# DONE samba-bf16w/negative repeat=1/batchgrad 0.000s
# START samba-bf16w/negative repeat=1/batchscale
# DONE samba-bf16w/negative repeat=1/batchscale 0.000s
# START samba-bf16w/negative repeat=1/ragged
# DONE samba-bf16w/negative repeat=1/ragged 0.000s
# START samba-bf16w/negative repeat=1/stepfull
# DONE samba-bf16w/negative repeat=1/stepfull 0.000s
# START samba-bf16w/negative repeat=2/train
# DONE samba-bf16w/negative repeat=2/train 0.021s
# START samba-bf16w/negative repeat=2/infer-save-reload
# DONE samba-bf16w/negative repeat=2/infer-save-reload 0.066s
# START samba-bf16w/negative repeat=2/batch
# DONE samba-bf16w/negative repeat=2/batch 0.000s
# START samba-bf16w/negative repeat=2/batchgrad
# DONE samba-bf16w/negative repeat=2/batchgrad 0.000s
# START samba-bf16w/negative repeat=2/batchscale
# DONE samba-bf16w/negative repeat=2/batchscale 0.000s
# START samba-bf16w/negative repeat=2/ragged
# DONE samba-bf16w/negative repeat=2/ragged 0.000s
# START samba-bf16w/negative repeat=2/stepfull
# DONE samba-bf16w/negative repeat=2/stepfull 0.000s
# CELL samba-bf16w/negative STABLE 0.174s
| samba-bf16w            | 501528c4887bd54b | 4aac3696d9334aac | 950979811d965c3e | 4e15d620003335cd | ea34cb72985f6924 | 74b5ea29a2d304cc | 501528c4887bd54b | 501528c4887bd54b | c82167f7f39ef800 |
| samba-bf16w infer      | e7f99e1388ad7a50 | 4b2990b4b8d74d01 | 62e5360e5dd3ecf8 | a6e6f1e042287cdc | 9cf5976b90926770 | 17ace88847aaac79 | e7f99e1388ad7a50 | e7f99e1388ad7a50 | c940554aae2e2ec2 |
| samba-bf16w model      | 4c577f4f184b9549 | 4c577f4f184b9549 | 4c577f4f184b9549 | 4c577f4f184b9549 | 4c577f4f184b9549 | 4c577f4f184b9549 | 4c577f4f184b9549 | 4c577f4f184b9549 | 4c577f4f184b9549 |
# START rf-clf-balanced-parallel/base repeat=1/train
# DONE rf-clf-balanced-parallel/base repeat=1/train 0.211s
# START rf-clf-balanced-parallel/base repeat=1/infer-save-reload
# DONE rf-clf-balanced-parallel/base repeat=1/infer-save-reload 0.056s
# START rf-clf-balanced-parallel/base repeat=1/batch
# DONE rf-clf-balanced-parallel/base repeat=1/batch 0.123s
# START rf-clf-balanced-parallel/base repeat=1/batchgrad
# DONE rf-clf-balanced-parallel/base repeat=1/batchgrad 0.000s
# START rf-clf-balanced-parallel/base repeat=1/batchscale
# DONE rf-clf-balanced-parallel/base repeat=1/batchscale 0.000s
# START rf-clf-balanced-parallel/base repeat=1/ragged
# DONE rf-clf-balanced-parallel/base repeat=1/ragged 0.000s
# START rf-clf-balanced-parallel/base repeat=1/stepfull
# DONE rf-clf-balanced-parallel/base repeat=1/stepfull 0.000s
# START rf-clf-balanced-parallel/base repeat=2/train
# DONE rf-clf-balanced-parallel/base repeat=2/train 0.192s
# START rf-clf-balanced-parallel/base repeat=2/infer-save-reload
# DONE rf-clf-balanced-parallel/base repeat=2/infer-save-reload 0.044s
# START rf-clf-balanced-parallel/base repeat=2/batch
# DONE rf-clf-balanced-parallel/base repeat=2/batch 0.123s
# START rf-clf-balanced-parallel/base repeat=2/batchgrad
# DONE rf-clf-balanced-parallel/base repeat=2/batchgrad 0.000s
# START rf-clf-balanced-parallel/base repeat=2/batchscale
# DONE rf-clf-balanced-parallel/base repeat=2/batchscale 0.000s
# START rf-clf-balanced-parallel/base repeat=2/ragged
# DONE rf-clf-balanced-parallel/base repeat=2/ragged 0.000s
# START rf-clf-balanced-parallel/base repeat=2/stepfull
# DONE rf-clf-balanced-parallel/base repeat=2/stepfull 0.000s
# CELL rf-clf-balanced-parallel/base STABLE 0.750s
# START rf-clf-balanced-parallel/ties repeat=1/train
# DONE rf-clf-balanced-parallel/ties repeat=1/train 0.192s
# START rf-clf-balanced-parallel/ties repeat=1/infer-save-reload
# DONE rf-clf-balanced-parallel/ties repeat=1/infer-save-reload 0.042s
# START rf-clf-balanced-parallel/ties repeat=1/batch
# DONE rf-clf-balanced-parallel/ties repeat=1/batch 0.108s
# START rf-clf-balanced-parallel/ties repeat=1/batchgrad
# DONE rf-clf-balanced-parallel/ties repeat=1/batchgrad 0.000s
# START rf-clf-balanced-parallel/ties repeat=1/batchscale
# DONE rf-clf-balanced-parallel/ties repeat=1/batchscale 0.000s
# START rf-clf-balanced-parallel/ties repeat=1/ragged
# DONE rf-clf-balanced-parallel/ties repeat=1/ragged 0.000s
# START rf-clf-balanced-parallel/ties repeat=1/stepfull
# DONE rf-clf-balanced-parallel/ties repeat=1/stepfull 0.000s
# START rf-clf-balanced-parallel/ties repeat=2/train
# DONE rf-clf-balanced-parallel/ties repeat=2/train 0.198s
# START rf-clf-balanced-parallel/ties repeat=2/infer-save-reload
# DONE rf-clf-balanced-parallel/ties repeat=2/infer-save-reload 0.045s
# START rf-clf-balanced-parallel/ties repeat=2/batch
# DONE rf-clf-balanced-parallel/ties repeat=2/batch 0.118s
# START rf-clf-balanced-parallel/ties repeat=2/batchgrad
# DONE rf-clf-balanced-parallel/ties repeat=2/batchgrad 0.000s
# START rf-clf-balanced-parallel/ties repeat=2/batchscale
# DONE rf-clf-balanced-parallel/ties repeat=2/batchscale 0.000s
# START rf-clf-balanced-parallel/ties repeat=2/ragged
# DONE rf-clf-balanced-parallel/ties repeat=2/ragged 0.000s
# START rf-clf-balanced-parallel/ties repeat=2/stepfull
# DONE rf-clf-balanced-parallel/ties repeat=2/stepfull 0.000s
# CELL rf-clf-balanced-parallel/ties STABLE 0.705s
# START rf-clf-balanced-parallel/hashed repeat=1/train
# DONE rf-clf-balanced-parallel/hashed repeat=1/train 0.194s
# START rf-clf-balanced-parallel/hashed repeat=1/infer-save-reload
# DONE rf-clf-balanced-parallel/hashed repeat=1/infer-save-reload 0.052s
# START rf-clf-balanced-parallel/hashed repeat=1/batch
# DONE rf-clf-balanced-parallel/hashed repeat=1/batch 0.125s
# START rf-clf-balanced-parallel/hashed repeat=1/batchgrad
# DONE rf-clf-balanced-parallel/hashed repeat=1/batchgrad 0.000s
# START rf-clf-balanced-parallel/hashed repeat=1/batchscale
# DONE rf-clf-balanced-parallel/hashed repeat=1/batchscale 0.000s
# START rf-clf-balanced-parallel/hashed repeat=1/ragged
# DONE rf-clf-balanced-parallel/hashed repeat=1/ragged 0.000s
# START rf-clf-balanced-parallel/hashed repeat=1/stepfull
# DONE rf-clf-balanced-parallel/hashed repeat=1/stepfull 0.000s
# START rf-clf-balanced-parallel/hashed repeat=2/train
# DONE rf-clf-balanced-parallel/hashed repeat=2/train 0.186s
# START rf-clf-balanced-parallel/hashed repeat=2/infer-save-reload
# DONE rf-clf-balanced-parallel/hashed repeat=2/infer-save-reload 0.044s
# START rf-clf-balanced-parallel/hashed repeat=2/batch
# DONE rf-clf-balanced-parallel/hashed repeat=2/batch 0.127s
# START rf-clf-balanced-parallel/hashed repeat=2/batchgrad
# DONE rf-clf-balanced-parallel/hashed repeat=2/batchgrad 0.000s
# START rf-clf-balanced-parallel/hashed repeat=2/batchscale
# DONE rf-clf-balanced-parallel/hashed repeat=2/batchscale 0.000s
# START rf-clf-balanced-parallel/hashed repeat=2/ragged
# DONE rf-clf-balanced-parallel/hashed repeat=2/ragged 0.000s
# START rf-clf-balanced-parallel/hashed repeat=2/stepfull
# DONE rf-clf-balanced-parallel/hashed repeat=2/stepfull 0.000s
# CELL rf-clf-balanced-parallel/hashed STABLE 0.730s
# START rf-clf-balanced-parallel/wide repeat=1/train
# DONE rf-clf-balanced-parallel/wide repeat=1/train 0.198s
# START rf-clf-balanced-parallel/wide repeat=1/infer-save-reload
# DONE rf-clf-balanced-parallel/wide repeat=1/infer-save-reload 0.045s
# START rf-clf-balanced-parallel/wide repeat=1/batch
# DONE rf-clf-balanced-parallel/wide repeat=1/batch 0.127s
# START rf-clf-balanced-parallel/wide repeat=1/batchgrad
# DONE rf-clf-balanced-parallel/wide repeat=1/batchgrad 0.000s
# START rf-clf-balanced-parallel/wide repeat=1/batchscale
# DONE rf-clf-balanced-parallel/wide repeat=1/batchscale 0.000s
# START rf-clf-balanced-parallel/wide repeat=1/ragged
# DONE rf-clf-balanced-parallel/wide repeat=1/ragged 0.000s
# START rf-clf-balanced-parallel/wide repeat=1/stepfull
# DONE rf-clf-balanced-parallel/wide repeat=1/stepfull 0.000s
# START rf-clf-balanced-parallel/wide repeat=2/train
# DONE rf-clf-balanced-parallel/wide repeat=2/train 0.194s
# START rf-clf-balanced-parallel/wide repeat=2/infer-save-reload
# DONE rf-clf-balanced-parallel/wide repeat=2/infer-save-reload 0.045s
# START rf-clf-balanced-parallel/wide repeat=2/batch
# DONE rf-clf-balanced-parallel/wide repeat=2/batch 0.130s
# START rf-clf-balanced-parallel/wide repeat=2/batchgrad
# DONE rf-clf-balanced-parallel/wide repeat=2/batchgrad 0.000s
# START rf-clf-balanced-parallel/wide repeat=2/batchscale
# DONE rf-clf-balanced-parallel/wide repeat=2/batchscale 0.000s
# START rf-clf-balanced-parallel/wide repeat=2/ragged
# DONE rf-clf-balanced-parallel/wide repeat=2/ragged 0.000s
# START rf-clf-balanced-parallel/wide repeat=2/stepfull
# DONE rf-clf-balanced-parallel/wide repeat=2/stepfull 0.000s
# CELL rf-clf-balanced-parallel/wide STABLE 0.740s
# START rf-clf-balanced-parallel/denormal repeat=1/train
# DONE rf-clf-balanced-parallel/denormal repeat=1/train 0.192s
# START rf-clf-balanced-parallel/denormal repeat=1/infer-save-reload
# DONE rf-clf-balanced-parallel/denormal repeat=1/infer-save-reload 0.043s
# START rf-clf-balanced-parallel/denormal repeat=1/batch
# DONE rf-clf-balanced-parallel/denormal repeat=1/batch 0.130s
# START rf-clf-balanced-parallel/denormal repeat=1/batchgrad
# DONE rf-clf-balanced-parallel/denormal repeat=1/batchgrad 0.000s
# START rf-clf-balanced-parallel/denormal repeat=1/batchscale
# DONE rf-clf-balanced-parallel/denormal repeat=1/batchscale 0.000s
# START rf-clf-balanced-parallel/denormal repeat=1/ragged
# DONE rf-clf-balanced-parallel/denormal repeat=1/ragged 0.000s
# START rf-clf-balanced-parallel/denormal repeat=1/stepfull
# DONE rf-clf-balanced-parallel/denormal repeat=1/stepfull 0.000s
# START rf-clf-balanced-parallel/denormal repeat=2/train
# DONE rf-clf-balanced-parallel/denormal repeat=2/train 0.191s
# START rf-clf-balanced-parallel/denormal repeat=2/infer-save-reload
# DONE rf-clf-balanced-parallel/denormal repeat=2/infer-save-reload 0.048s
# START rf-clf-balanced-parallel/denormal repeat=2/batch
# DONE rf-clf-balanced-parallel/denormal repeat=2/batch 0.118s
# START rf-clf-balanced-parallel/denormal repeat=2/batchgrad
# DONE rf-clf-balanced-parallel/denormal repeat=2/batchgrad 0.000s
# START rf-clf-balanced-parallel/denormal repeat=2/batchscale
# DONE rf-clf-balanced-parallel/denormal repeat=2/batchscale 0.000s
# START rf-clf-balanced-parallel/denormal repeat=2/ragged
# DONE rf-clf-balanced-parallel/denormal repeat=2/ragged 0.000s
# START rf-clf-balanced-parallel/denormal repeat=2/stepfull
# DONE rf-clf-balanced-parallel/denormal repeat=2/stepfull 0.000s
# CELL rf-clf-balanced-parallel/denormal STABLE 0.723s
# START rf-clf-balanced-parallel/denormal_ftz repeat=1/train
# DONE rf-clf-balanced-parallel/denormal_ftz repeat=1/train 0.192s
# START rf-clf-balanced-parallel/denormal_ftz repeat=1/infer-save-reload
# DONE rf-clf-balanced-parallel/denormal_ftz repeat=1/infer-save-reload 0.047s
# START rf-clf-balanced-parallel/denormal_ftz repeat=1/batch
# DONE rf-clf-balanced-parallel/denormal_ftz repeat=1/batch 0.127s
# START rf-clf-balanced-parallel/denormal_ftz repeat=1/batchgrad
# DONE rf-clf-balanced-parallel/denormal_ftz repeat=1/batchgrad 0.000s
# START rf-clf-balanced-parallel/denormal_ftz repeat=1/batchscale
# DONE rf-clf-balanced-parallel/denormal_ftz repeat=1/batchscale 0.000s
# START rf-clf-balanced-parallel/denormal_ftz repeat=1/ragged
# DONE rf-clf-balanced-parallel/denormal_ftz repeat=1/ragged 0.000s
# START rf-clf-balanced-parallel/denormal_ftz repeat=1/stepfull
# DONE rf-clf-balanced-parallel/denormal_ftz repeat=1/stepfull 0.000s
# START rf-clf-balanced-parallel/denormal_ftz repeat=2/train
# DONE rf-clf-balanced-parallel/denormal_ftz repeat=2/train 0.193s
# START rf-clf-balanced-parallel/denormal_ftz repeat=2/infer-save-reload
# DONE rf-clf-balanced-parallel/denormal_ftz repeat=2/infer-save-reload 0.044s
# START rf-clf-balanced-parallel/denormal_ftz repeat=2/batch
# DONE rf-clf-balanced-parallel/denormal_ftz repeat=2/batch 0.129s
# START rf-clf-balanced-parallel/denormal_ftz repeat=2/batchgrad
# DONE rf-clf-balanced-parallel/denormal_ftz repeat=2/batchgrad 0.000s
# START rf-clf-balanced-parallel/denormal_ftz repeat=2/batchscale
# DONE rf-clf-balanced-parallel/denormal_ftz repeat=2/batchscale 0.000s
# START rf-clf-balanced-parallel/denormal_ftz repeat=2/ragged
# DONE rf-clf-balanced-parallel/denormal_ftz repeat=2/ragged 0.000s
# START rf-clf-balanced-parallel/denormal_ftz repeat=2/stepfull
# DONE rf-clf-balanced-parallel/denormal_ftz repeat=2/stepfull 0.000s
# CELL rf-clf-balanced-parallel/denormal_ftz STABLE 0.733s
# START rf-clf-balanced-parallel/dupes repeat=1/train
# DONE rf-clf-balanced-parallel/dupes repeat=1/train 0.177s
# START rf-clf-balanced-parallel/dupes repeat=1/infer-save-reload
# DONE rf-clf-balanced-parallel/dupes repeat=1/infer-save-reload 0.045s
# START rf-clf-balanced-parallel/dupes repeat=1/batch
# DONE rf-clf-balanced-parallel/dupes repeat=1/batch 0.130s
# START rf-clf-balanced-parallel/dupes repeat=1/batchgrad
# DONE rf-clf-balanced-parallel/dupes repeat=1/batchgrad 0.000s
# START rf-clf-balanced-parallel/dupes repeat=1/batchscale
# DONE rf-clf-balanced-parallel/dupes repeat=1/batchscale 0.000s
# START rf-clf-balanced-parallel/dupes repeat=1/ragged
# DONE rf-clf-balanced-parallel/dupes repeat=1/ragged 0.000s
# START rf-clf-balanced-parallel/dupes repeat=1/stepfull
# DONE rf-clf-balanced-parallel/dupes repeat=1/stepfull 0.000s
# START rf-clf-balanced-parallel/dupes repeat=2/train
# DONE rf-clf-balanced-parallel/dupes repeat=2/train 0.178s
# START rf-clf-balanced-parallel/dupes repeat=2/infer-save-reload
# DONE rf-clf-balanced-parallel/dupes repeat=2/infer-save-reload 0.048s
# START rf-clf-balanced-parallel/dupes repeat=2/batch
# DONE rf-clf-balanced-parallel/dupes repeat=2/batch 0.128s
# START rf-clf-balanced-parallel/dupes repeat=2/batchgrad
# DONE rf-clf-balanced-parallel/dupes repeat=2/batchgrad 0.000s
# START rf-clf-balanced-parallel/dupes repeat=2/batchscale
# DONE rf-clf-balanced-parallel/dupes repeat=2/batchscale 0.000s
# START rf-clf-balanced-parallel/dupes repeat=2/ragged
# DONE rf-clf-balanced-parallel/dupes repeat=2/ragged 0.000s
# START rf-clf-balanced-parallel/dupes repeat=2/stepfull
# DONE rf-clf-balanced-parallel/dupes repeat=2/stepfull 0.000s
# CELL rf-clf-balanced-parallel/dupes STABLE 0.706s
# START rf-clf-balanced-parallel/odd repeat=1/train
# DONE rf-clf-balanced-parallel/odd repeat=1/train 0.185s
# START rf-clf-balanced-parallel/odd repeat=1/infer-save-reload
# DONE rf-clf-balanced-parallel/odd repeat=1/infer-save-reload 0.038s
# START rf-clf-balanced-parallel/odd repeat=1/batch
# DONE rf-clf-balanced-parallel/odd repeat=1/batch 0.078s
# START rf-clf-balanced-parallel/odd repeat=1/batchgrad
# DONE rf-clf-balanced-parallel/odd repeat=1/batchgrad 0.000s
# START rf-clf-balanced-parallel/odd repeat=1/batchscale
# DONE rf-clf-balanced-parallel/odd repeat=1/batchscale 0.000s
# START rf-clf-balanced-parallel/odd repeat=1/ragged
# DONE rf-clf-balanced-parallel/odd repeat=1/ragged 0.000s
# START rf-clf-balanced-parallel/odd repeat=1/stepfull
# DONE rf-clf-balanced-parallel/odd repeat=1/stepfull 0.000s
# START rf-clf-balanced-parallel/odd repeat=2/train
# DONE rf-clf-balanced-parallel/odd repeat=2/train 0.186s
# START rf-clf-balanced-parallel/odd repeat=2/infer-save-reload
# DONE rf-clf-balanced-parallel/odd repeat=2/infer-save-reload 0.040s
# START rf-clf-balanced-parallel/odd repeat=2/batch
# DONE rf-clf-balanced-parallel/odd repeat=2/batch 0.090s
# START rf-clf-balanced-parallel/odd repeat=2/batchgrad
# DONE rf-clf-balanced-parallel/odd repeat=2/batchgrad 0.000s
# START rf-clf-balanced-parallel/odd repeat=2/batchscale
# DONE rf-clf-balanced-parallel/odd repeat=2/batchscale 0.000s
# START rf-clf-balanced-parallel/odd repeat=2/ragged
# DONE rf-clf-balanced-parallel/odd repeat=2/ragged 0.000s
# START rf-clf-balanced-parallel/odd repeat=2/stepfull
# DONE rf-clf-balanced-parallel/odd repeat=2/stepfull 0.000s
# CELL rf-clf-balanced-parallel/odd STABLE 0.618s
# START rf-clf-balanced-parallel/negative repeat=1/train
# DONE rf-clf-balanced-parallel/negative repeat=1/train 0.193s
# START rf-clf-balanced-parallel/negative repeat=1/infer-save-reload
# DONE rf-clf-balanced-parallel/negative repeat=1/infer-save-reload 0.053s
# START rf-clf-balanced-parallel/negative repeat=1/batch
# DONE rf-clf-balanced-parallel/negative repeat=1/batch 0.125s
# START rf-clf-balanced-parallel/negative repeat=1/batchgrad
# DONE rf-clf-balanced-parallel/negative repeat=1/batchgrad 0.000s
# START rf-clf-balanced-parallel/negative repeat=1/batchscale
# DONE rf-clf-balanced-parallel/negative repeat=1/batchscale 0.000s
# START rf-clf-balanced-parallel/negative repeat=1/ragged
# DONE rf-clf-balanced-parallel/negative repeat=1/ragged 0.000s
# START rf-clf-balanced-parallel/negative repeat=1/stepfull
# DONE rf-clf-balanced-parallel/negative repeat=1/stepfull 0.000s
# START rf-clf-balanced-parallel/negative repeat=2/train
# DONE rf-clf-balanced-parallel/negative repeat=2/train 0.183s
# START rf-clf-balanced-parallel/negative repeat=2/infer-save-reload
# DONE rf-clf-balanced-parallel/negative repeat=2/infer-save-reload 0.044s
# START rf-clf-balanced-parallel/negative repeat=2/batch
# DONE rf-clf-balanced-parallel/negative repeat=2/batch 0.124s
# START rf-clf-balanced-parallel/negative repeat=2/batchgrad
# DONE rf-clf-balanced-parallel/negative repeat=2/batchgrad 0.000s
# START rf-clf-balanced-parallel/negative repeat=2/batchscale
# DONE rf-clf-balanced-parallel/negative repeat=2/batchscale 0.000s
# START rf-clf-balanced-parallel/negative repeat=2/ragged
# DONE rf-clf-balanced-parallel/negative repeat=2/ragged 0.000s
# START rf-clf-balanced-parallel/negative repeat=2/stepfull
# DONE rf-clf-balanced-parallel/negative repeat=2/stepfull 0.000s
# CELL rf-clf-balanced-parallel/negative STABLE 0.723s
| rf-clf-balanced-parallel | 30cd3a2921bdfa0f | 37b1a8301b25dd3d | 5ceb05a4847b1e43 | 535665487edd91fb | 4586affe5f6d8471 | 4586affe5f6d8471 | 7b96b4fa4aa8cd33 | 221a8391dfe0431e | 556c7263e0162208 |
| rf-clf-balanced-parallel infer | 6eb9a132c1c2ca81 | f974c6df7af56a35 | 008f7bd1977e2928 | fc1a85360dee9c5b | f3cdb2c652b3cc8b | f3cdb2c652b3cc8b | 6c2bd0bab8f776c2 | f72134078bf171e3 | 0b7c2555098c3e15 |
| rf-clf-balanced-parallel model | a90bf75dddc42ff6 | 8775093dd835ddff | e0603d98abe78f84 | 3fd9a6a9ddbf0379 | 4e594718394b47d9 | 4e594718394b47d9 | 14b16ef73e1373a5 | d08bf59310a7e9ce | 8adc748a39b4a002 |
| rf-clf-balanced-parallel batch | bed580e05ed90678 | 53e97740f8434ba1 | c664ae00780800d4 | 04cc56c6ee5451ae | 46752dc389bdf7ea | 46752dc389bdf7ea | 77a735f74ccb7b22 | 23eda7e136efc87b | 018dc5fa6ba59708 |
# START et-reg-bootstrap-parallel/base repeat=1/train
# DONE et-reg-bootstrap-parallel/base repeat=1/train 0.063s
# START et-reg-bootstrap-parallel/base repeat=1/infer-save-reload
# DONE et-reg-bootstrap-parallel/base repeat=1/infer-save-reload 0.020s
# START et-reg-bootstrap-parallel/base repeat=1/batch
# DONE et-reg-bootstrap-parallel/base repeat=1/batch 0.063s
# START et-reg-bootstrap-parallel/base repeat=1/batchgrad
# DONE et-reg-bootstrap-parallel/base repeat=1/batchgrad 0.000s
# START et-reg-bootstrap-parallel/base repeat=1/batchscale
# DONE et-reg-bootstrap-parallel/base repeat=1/batchscale 0.000s
# START et-reg-bootstrap-parallel/base repeat=1/ragged
# DONE et-reg-bootstrap-parallel/base repeat=1/ragged 0.000s
# START et-reg-bootstrap-parallel/base repeat=1/stepfull
# DONE et-reg-bootstrap-parallel/base repeat=1/stepfull 0.000s
# START et-reg-bootstrap-parallel/base repeat=2/train
# DONE et-reg-bootstrap-parallel/base repeat=2/train 0.065s
# START et-reg-bootstrap-parallel/base repeat=2/infer-save-reload
# DONE et-reg-bootstrap-parallel/base repeat=2/infer-save-reload 0.030s
# START et-reg-bootstrap-parallel/base repeat=2/batch
# DONE et-reg-bootstrap-parallel/base repeat=2/batch 0.075s
# START et-reg-bootstrap-parallel/base repeat=2/batchgrad
# DONE et-reg-bootstrap-parallel/base repeat=2/batchgrad 0.000s
# START et-reg-bootstrap-parallel/base repeat=2/batchscale
# DONE et-reg-bootstrap-parallel/base repeat=2/batchscale 0.000s
# START et-reg-bootstrap-parallel/base repeat=2/ragged
# DONE et-reg-bootstrap-parallel/base repeat=2/ragged 0.000s
# START et-reg-bootstrap-parallel/base repeat=2/stepfull
# DONE et-reg-bootstrap-parallel/base repeat=2/stepfull 0.000s
# CELL et-reg-bootstrap-parallel/base STABLE 0.315s
# START et-reg-bootstrap-parallel/ties repeat=1/train
# DONE et-reg-bootstrap-parallel/ties repeat=1/train 0.080s
# START et-reg-bootstrap-parallel/ties repeat=1/infer-save-reload
# DONE et-reg-bootstrap-parallel/ties repeat=1/infer-save-reload 0.032s
# START et-reg-bootstrap-parallel/ties repeat=1/batch
# DONE et-reg-bootstrap-parallel/ties repeat=1/batch 0.062s
# START et-reg-bootstrap-parallel/ties repeat=1/batchgrad
# DONE et-reg-bootstrap-parallel/ties repeat=1/batchgrad 0.000s
# START et-reg-bootstrap-parallel/ties repeat=1/batchscale
# DONE et-reg-bootstrap-parallel/ties repeat=1/batchscale 0.000s
# START et-reg-bootstrap-parallel/ties repeat=1/ragged
# DONE et-reg-bootstrap-parallel/ties repeat=1/ragged 0.000s
# START et-reg-bootstrap-parallel/ties repeat=1/stepfull
# DONE et-reg-bootstrap-parallel/ties repeat=1/stepfull 0.000s
# START et-reg-bootstrap-parallel/ties repeat=2/train
# DONE et-reg-bootstrap-parallel/ties repeat=2/train 0.080s
# START et-reg-bootstrap-parallel/ties repeat=2/infer-save-reload
# DONE et-reg-bootstrap-parallel/ties repeat=2/infer-save-reload 0.031s
# START et-reg-bootstrap-parallel/ties repeat=2/batch
# DONE et-reg-bootstrap-parallel/ties repeat=2/batch 0.063s
# START et-reg-bootstrap-parallel/ties repeat=2/batchgrad
# DONE et-reg-bootstrap-parallel/ties repeat=2/batchgrad 0.000s
# START et-reg-bootstrap-parallel/ties repeat=2/batchscale
# DONE et-reg-bootstrap-parallel/ties repeat=2/batchscale 0.000s
# START et-reg-bootstrap-parallel/ties repeat=2/ragged
# DONE et-reg-bootstrap-parallel/ties repeat=2/ragged 0.000s
# START et-reg-bootstrap-parallel/ties repeat=2/stepfull
# DONE et-reg-bootstrap-parallel/ties repeat=2/stepfull 0.000s
# CELL et-reg-bootstrap-parallel/ties STABLE 0.351s
# START et-reg-bootstrap-parallel/hashed repeat=1/train
# DONE et-reg-bootstrap-parallel/hashed repeat=1/train 0.077s
# START et-reg-bootstrap-parallel/hashed repeat=1/infer-save-reload
# DONE et-reg-bootstrap-parallel/hashed repeat=1/infer-save-reload 0.031s
# START et-reg-bootstrap-parallel/hashed repeat=1/batch
# DONE et-reg-bootstrap-parallel/hashed repeat=1/batch 0.073s
# START et-reg-bootstrap-parallel/hashed repeat=1/batchgrad
# DONE et-reg-bootstrap-parallel/hashed repeat=1/batchgrad 0.000s
# START et-reg-bootstrap-parallel/hashed repeat=1/batchscale
# DONE et-reg-bootstrap-parallel/hashed repeat=1/batchscale 0.000s
# START et-reg-bootstrap-parallel/hashed repeat=1/ragged
# DONE et-reg-bootstrap-parallel/hashed repeat=1/ragged 0.000s
# START et-reg-bootstrap-parallel/hashed repeat=1/stepfull
# DONE et-reg-bootstrap-parallel/hashed repeat=1/stepfull 0.000s
# START et-reg-bootstrap-parallel/hashed repeat=2/train
# DONE et-reg-bootstrap-parallel/hashed repeat=2/train 0.077s
# START et-reg-bootstrap-parallel/hashed repeat=2/infer-save-reload
# DONE et-reg-bootstrap-parallel/hashed repeat=2/infer-save-reload 0.031s
# START et-reg-bootstrap-parallel/hashed repeat=2/batch
# DONE et-reg-bootstrap-parallel/hashed repeat=2/batch 0.062s
# START et-reg-bootstrap-parallel/hashed repeat=2/batchgrad
# DONE et-reg-bootstrap-parallel/hashed repeat=2/batchgrad 0.000s
# START et-reg-bootstrap-parallel/hashed repeat=2/batchscale
# DONE et-reg-bootstrap-parallel/hashed repeat=2/batchscale 0.000s
# START et-reg-bootstrap-parallel/hashed repeat=2/ragged
# DONE et-reg-bootstrap-parallel/hashed repeat=2/ragged 0.000s
# START et-reg-bootstrap-parallel/hashed repeat=2/stepfull
# DONE et-reg-bootstrap-parallel/hashed repeat=2/stepfull 0.000s
# CELL et-reg-bootstrap-parallel/hashed STABLE 0.353s
# START et-reg-bootstrap-parallel/wide repeat=1/train
# DONE et-reg-bootstrap-parallel/wide repeat=1/train 0.058s
# START et-reg-bootstrap-parallel/wide repeat=1/infer-save-reload
# DONE et-reg-bootstrap-parallel/wide repeat=1/infer-save-reload 0.025s
# START et-reg-bootstrap-parallel/wide repeat=1/batch
# DONE et-reg-bootstrap-parallel/wide repeat=1/batch 0.073s
# START et-reg-bootstrap-parallel/wide repeat=1/batchgrad
# DONE et-reg-bootstrap-parallel/wide repeat=1/batchgrad 0.000s
# START et-reg-bootstrap-parallel/wide repeat=1/batchscale
# DONE et-reg-bootstrap-parallel/wide repeat=1/batchscale 0.000s
# START et-reg-bootstrap-parallel/wide repeat=1/ragged
# DONE et-reg-bootstrap-parallel/wide repeat=1/ragged 0.000s
# START et-reg-bootstrap-parallel/wide repeat=1/stepfull
# DONE et-reg-bootstrap-parallel/wide repeat=1/stepfull 0.000s
# START et-reg-bootstrap-parallel/wide repeat=2/train
# DONE et-reg-bootstrap-parallel/wide repeat=2/train 0.061s
# START et-reg-bootstrap-parallel/wide repeat=2/infer-save-reload
# DONE et-reg-bootstrap-parallel/wide repeat=2/infer-save-reload 0.029s
# START et-reg-bootstrap-parallel/wide repeat=2/batch
# DONE et-reg-bootstrap-parallel/wide repeat=2/batch 0.065s
# START et-reg-bootstrap-parallel/wide repeat=2/batchgrad
# DONE et-reg-bootstrap-parallel/wide repeat=2/batchgrad 0.000s
# START et-reg-bootstrap-parallel/wide repeat=2/batchscale
# DONE et-reg-bootstrap-parallel/wide repeat=2/batchscale 0.000s
# START et-reg-bootstrap-parallel/wide repeat=2/ragged
# DONE et-reg-bootstrap-parallel/wide repeat=2/ragged 0.000s
# START et-reg-bootstrap-parallel/wide repeat=2/stepfull
# DONE et-reg-bootstrap-parallel/wide repeat=2/stepfull 0.000s
# CELL et-reg-bootstrap-parallel/wide STABLE 0.311s
# START et-reg-bootstrap-parallel/denormal repeat=1/train
# DONE et-reg-bootstrap-parallel/denormal repeat=1/train 0.065s
# START et-reg-bootstrap-parallel/denormal repeat=1/infer-save-reload
# DONE et-reg-bootstrap-parallel/denormal repeat=1/infer-save-reload 0.029s
# START et-reg-bootstrap-parallel/denormal repeat=1/batch
# DONE et-reg-bootstrap-parallel/denormal repeat=1/batch 0.075s
# START et-reg-bootstrap-parallel/denormal repeat=1/batchgrad
# DONE et-reg-bootstrap-parallel/denormal repeat=1/batchgrad 0.000s
# START et-reg-bootstrap-parallel/denormal repeat=1/batchscale
# DONE et-reg-bootstrap-parallel/denormal repeat=1/batchscale 0.000s
# START et-reg-bootstrap-parallel/denormal repeat=1/ragged
# DONE et-reg-bootstrap-parallel/denormal repeat=1/ragged 0.000s
# START et-reg-bootstrap-parallel/denormal repeat=1/stepfull
# DONE et-reg-bootstrap-parallel/denormal repeat=1/stepfull 0.000s
# START et-reg-bootstrap-parallel/denormal repeat=2/train
# DONE et-reg-bootstrap-parallel/denormal repeat=2/train 0.064s
# START et-reg-bootstrap-parallel/denormal repeat=2/infer-save-reload
# DONE et-reg-bootstrap-parallel/denormal repeat=2/infer-save-reload 0.030s
# START et-reg-bootstrap-parallel/denormal repeat=2/batch
# DONE et-reg-bootstrap-parallel/denormal repeat=2/batch 0.063s
# START et-reg-bootstrap-parallel/denormal repeat=2/batchgrad
# DONE et-reg-bootstrap-parallel/denormal repeat=2/batchgrad 0.000s
# START et-reg-bootstrap-parallel/denormal repeat=2/batchscale
# DONE et-reg-bootstrap-parallel/denormal repeat=2/batchscale 0.000s
# START et-reg-bootstrap-parallel/denormal repeat=2/ragged
# DONE et-reg-bootstrap-parallel/denormal repeat=2/ragged 0.000s
# START et-reg-bootstrap-parallel/denormal repeat=2/stepfull
# DONE et-reg-bootstrap-parallel/denormal repeat=2/stepfull 0.000s
# CELL et-reg-bootstrap-parallel/denormal STABLE 0.327s
# START et-reg-bootstrap-parallel/denormal_ftz repeat=1/train
# DONE et-reg-bootstrap-parallel/denormal_ftz repeat=1/train 0.063s
# START et-reg-bootstrap-parallel/denormal_ftz repeat=1/infer-save-reload
# DONE et-reg-bootstrap-parallel/denormal_ftz repeat=1/infer-save-reload 0.023s
# START et-reg-bootstrap-parallel/denormal_ftz repeat=1/batch
# DONE et-reg-bootstrap-parallel/denormal_ftz repeat=1/batch 0.063s
# START et-reg-bootstrap-parallel/denormal_ftz repeat=1/batchgrad
# DONE et-reg-bootstrap-parallel/denormal_ftz repeat=1/batchgrad 0.000s
# START et-reg-bootstrap-parallel/denormal_ftz repeat=1/batchscale
# DONE et-reg-bootstrap-parallel/denormal_ftz repeat=1/batchscale 0.000s
# START et-reg-bootstrap-parallel/denormal_ftz repeat=1/ragged
# DONE et-reg-bootstrap-parallel/denormal_ftz repeat=1/ragged 0.000s
# START et-reg-bootstrap-parallel/denormal_ftz repeat=1/stepfull
# DONE et-reg-bootstrap-parallel/denormal_ftz repeat=1/stepfull 0.000s
# START et-reg-bootstrap-parallel/denormal_ftz repeat=2/train
# DONE et-reg-bootstrap-parallel/denormal_ftz repeat=2/train 0.063s
# START et-reg-bootstrap-parallel/denormal_ftz repeat=2/infer-save-reload
# DONE et-reg-bootstrap-parallel/denormal_ftz repeat=2/infer-save-reload 0.028s
# START et-reg-bootstrap-parallel/denormal_ftz repeat=2/batch
# DONE et-reg-bootstrap-parallel/denormal_ftz repeat=2/batch 0.067s
# START et-reg-bootstrap-parallel/denormal_ftz repeat=2/batchgrad
# DONE et-reg-bootstrap-parallel/denormal_ftz repeat=2/batchgrad 0.000s
# START et-reg-bootstrap-parallel/denormal_ftz repeat=2/batchscale
# DONE et-reg-bootstrap-parallel/denormal_ftz repeat=2/batchscale 0.000s
# START et-reg-bootstrap-parallel/denormal_ftz repeat=2/ragged
# DONE et-reg-bootstrap-parallel/denormal_ftz repeat=2/ragged 0.000s
# START et-reg-bootstrap-parallel/denormal_ftz repeat=2/stepfull
# DONE et-reg-bootstrap-parallel/denormal_ftz repeat=2/stepfull 0.000s
# CELL et-reg-bootstrap-parallel/denormal_ftz STABLE 0.307s
# START et-reg-bootstrap-parallel/dupes repeat=1/train
# DONE et-reg-bootstrap-parallel/dupes repeat=1/train 0.059s
# START et-reg-bootstrap-parallel/dupes repeat=1/infer-save-reload
# DONE et-reg-bootstrap-parallel/dupes repeat=1/infer-save-reload 0.017s
# START et-reg-bootstrap-parallel/dupes repeat=1/batch
# DONE et-reg-bootstrap-parallel/dupes repeat=1/batch 0.058s
# START et-reg-bootstrap-parallel/dupes repeat=1/batchgrad
# DONE et-reg-bootstrap-parallel/dupes repeat=1/batchgrad 0.000s
# START et-reg-bootstrap-parallel/dupes repeat=1/batchscale
# DONE et-reg-bootstrap-parallel/dupes repeat=1/batchscale 0.000s
# START et-reg-bootstrap-parallel/dupes repeat=1/ragged
# DONE et-reg-bootstrap-parallel/dupes repeat=1/ragged 0.000s
# START et-reg-bootstrap-parallel/dupes repeat=1/stepfull
# DONE et-reg-bootstrap-parallel/dupes repeat=1/stepfull 0.000s
# START et-reg-bootstrap-parallel/dupes repeat=2/train
# DONE et-reg-bootstrap-parallel/dupes repeat=2/train 0.060s
# START et-reg-bootstrap-parallel/dupes repeat=2/infer-save-reload
# DONE et-reg-bootstrap-parallel/dupes repeat=2/infer-save-reload 0.029s
# START et-reg-bootstrap-parallel/dupes repeat=2/batch
# DONE et-reg-bootstrap-parallel/dupes repeat=2/batch 0.071s
# START et-reg-bootstrap-parallel/dupes repeat=2/batchgrad
# DONE et-reg-bootstrap-parallel/dupes repeat=2/batchgrad 0.000s
# START et-reg-bootstrap-parallel/dupes repeat=2/batchscale
# DONE et-reg-bootstrap-parallel/dupes repeat=2/batchscale 0.000s
# START et-reg-bootstrap-parallel/dupes repeat=2/ragged
# DONE et-reg-bootstrap-parallel/dupes repeat=2/ragged 0.000s
# START et-reg-bootstrap-parallel/dupes repeat=2/stepfull
# DONE et-reg-bootstrap-parallel/dupes repeat=2/stepfull 0.000s
# CELL et-reg-bootstrap-parallel/dupes STABLE 0.296s
# START et-reg-bootstrap-parallel/odd repeat=1/train
# DONE et-reg-bootstrap-parallel/odd repeat=1/train 0.041s
# START et-reg-bootstrap-parallel/odd repeat=1/infer-save-reload
# DONE et-reg-bootstrap-parallel/odd repeat=1/infer-save-reload 0.019s
# START et-reg-bootstrap-parallel/odd repeat=1/batch
# DONE et-reg-bootstrap-parallel/odd repeat=1/batch 0.048s
# START et-reg-bootstrap-parallel/odd repeat=1/batchgrad
# DONE et-reg-bootstrap-parallel/odd repeat=1/batchgrad 0.000s
# START et-reg-bootstrap-parallel/odd repeat=1/batchscale
# DONE et-reg-bootstrap-parallel/odd repeat=1/batchscale 0.000s
# START et-reg-bootstrap-parallel/odd repeat=1/ragged
# DONE et-reg-bootstrap-parallel/odd repeat=1/ragged 0.000s
# START et-reg-bootstrap-parallel/odd repeat=1/stepfull
# DONE et-reg-bootstrap-parallel/odd repeat=1/stepfull 0.000s
# START et-reg-bootstrap-parallel/odd repeat=2/train
# DONE et-reg-bootstrap-parallel/odd repeat=2/train 0.046s
# START et-reg-bootstrap-parallel/odd repeat=2/infer-save-reload
# DONE et-reg-bootstrap-parallel/odd repeat=2/infer-save-reload 0.022s
# START et-reg-bootstrap-parallel/odd repeat=2/batch
# DONE et-reg-bootstrap-parallel/odd repeat=2/batch 0.046s
# START et-reg-bootstrap-parallel/odd repeat=2/batchgrad
# DONE et-reg-bootstrap-parallel/odd repeat=2/batchgrad 0.000s
# START et-reg-bootstrap-parallel/odd repeat=2/batchscale
# DONE et-reg-bootstrap-parallel/odd repeat=2/batchscale 0.000s
# START et-reg-bootstrap-parallel/odd repeat=2/ragged
# DONE et-reg-bootstrap-parallel/odd repeat=2/ragged 0.000s
# START et-reg-bootstrap-parallel/odd repeat=2/stepfull
# DONE et-reg-bootstrap-parallel/odd repeat=2/stepfull 0.000s
# CELL et-reg-bootstrap-parallel/odd STABLE 0.224s
# START et-reg-bootstrap-parallel/negative repeat=1/train
# DONE et-reg-bootstrap-parallel/negative repeat=1/train 0.070s
# START et-reg-bootstrap-parallel/negative repeat=1/infer-save-reload
# DONE et-reg-bootstrap-parallel/negative repeat=1/infer-save-reload 0.035s
# START et-reg-bootstrap-parallel/negative repeat=1/batch
# DONE et-reg-bootstrap-parallel/negative repeat=1/batch 0.076s
# START et-reg-bootstrap-parallel/negative repeat=1/batchgrad
# DONE et-reg-bootstrap-parallel/negative repeat=1/batchgrad 0.000s
# START et-reg-bootstrap-parallel/negative repeat=1/batchscale
# DONE et-reg-bootstrap-parallel/negative repeat=1/batchscale 0.000s
# START et-reg-bootstrap-parallel/negative repeat=1/ragged
# DONE et-reg-bootstrap-parallel/negative repeat=1/ragged 0.000s
# START et-reg-bootstrap-parallel/negative repeat=1/stepfull
# DONE et-reg-bootstrap-parallel/negative repeat=1/stepfull 0.000s
# START et-reg-bootstrap-parallel/negative repeat=2/train
# DONE et-reg-bootstrap-parallel/negative repeat=2/train 0.064s
# START et-reg-bootstrap-parallel/negative repeat=2/infer-save-reload
# DONE et-reg-bootstrap-parallel/negative repeat=2/infer-save-reload 0.031s
# START et-reg-bootstrap-parallel/negative repeat=2/batch
# DONE et-reg-bootstrap-parallel/negative repeat=2/batch 0.060s
# START et-reg-bootstrap-parallel/negative repeat=2/batchgrad
# DONE et-reg-bootstrap-parallel/negative repeat=2/batchgrad 0.000s
# START et-reg-bootstrap-parallel/negative repeat=2/batchscale
# DONE et-reg-bootstrap-parallel/negative repeat=2/batchscale 0.000s
# START et-reg-bootstrap-parallel/negative repeat=2/ragged
# DONE et-reg-bootstrap-parallel/negative repeat=2/ragged 0.000s
# START et-reg-bootstrap-parallel/negative repeat=2/stepfull
# DONE et-reg-bootstrap-parallel/negative repeat=2/stepfull 0.000s
# CELL et-reg-bootstrap-parallel/negative STABLE 0.337s
| et-reg-bootstrap-parallel | 19364c9a090a07bf | f9f4327d4f1928cc | a62b714ab1e0ae24 | d1c206224be7d638 | 2db72056e0c1f349 | 2db72056e0c1f349 | 5e17e8c07de7964f | c7241fe5a82049b3 | a9c4589c8d79c6a9 |
| et-reg-bootstrap-parallel infer | 4628f803fa16fc96 | 69009e72583d36e1 | b3dfa1c2a57c95aa | aa7cdfe28fa86131 | 60c628e308470187 | 60c628e308470187 | 3c43291f31a34e53 | 67e9c720c16a404e | 096c906829aa0784 |
| et-reg-bootstrap-parallel model | cbe2b16ab7f8500f | dc8b0658ce886cf8 | 0dae8e0e9f7f86ca | 57d02fc9e8476c80 | 6117ff1aa7c8ba66 | 6117ff1aa7c8ba66 | 9b94ea715f42ed86 | ab4ac2e0785cb161 | fc1a41eacd8a22bc |
| et-reg-bootstrap-parallel batch | 8f0d2ec1e7b966f7 | 1b5250036fdc0f89 | 4909becd02eff0ad | f8f3f09344aef35f | d70de1307f3768be | d70de1307f3768be | d3dc64b4fa4eb59d | 1ef1925226b29440 | fe1281bf98c9ea96 |
# START gbdt-lossguide-newtoncosine/base repeat=1/train
# DONE gbdt-lossguide-newtoncosine/base repeat=1/train 0.820s
# START gbdt-lossguide-newtoncosine/base repeat=1/infer-save-reload
# DONE gbdt-lossguide-newtoncosine/base repeat=1/infer-save-reload 0.033s
# START gbdt-lossguide-newtoncosine/base repeat=1/batch
# DONE gbdt-lossguide-newtoncosine/base repeat=1/batch 0.108s
# START gbdt-lossguide-newtoncosine/base repeat=1/batchgrad
# DONE gbdt-lossguide-newtoncosine/base repeat=1/batchgrad 0.000s
# START gbdt-lossguide-newtoncosine/base repeat=1/batchscale
# DONE gbdt-lossguide-newtoncosine/base repeat=1/batchscale 0.000s
# START gbdt-lossguide-newtoncosine/base repeat=1/ragged
# DONE gbdt-lossguide-newtoncosine/base repeat=1/ragged 0.000s
# START gbdt-lossguide-newtoncosine/base repeat=1/stepfull
# DONE gbdt-lossguide-newtoncosine/base repeat=1/stepfull 0.000s
# START gbdt-lossguide-newtoncosine/base repeat=2/train
# DONE gbdt-lossguide-newtoncosine/base repeat=2/train 0.822s
# START gbdt-lossguide-newtoncosine/base repeat=2/infer-save-reload
# DONE gbdt-lossguide-newtoncosine/base repeat=2/infer-save-reload 0.034s
# START gbdt-lossguide-newtoncosine/base repeat=2/batch
# DONE gbdt-lossguide-newtoncosine/base repeat=2/batch 0.098s
# START gbdt-lossguide-newtoncosine/base repeat=2/batchgrad
# DONE gbdt-lossguide-newtoncosine/base repeat=2/batchgrad 0.000s
# START gbdt-lossguide-newtoncosine/base repeat=2/batchscale
# DONE gbdt-lossguide-newtoncosine/base repeat=2/batchscale 0.000s
# START gbdt-lossguide-newtoncosine/base repeat=2/ragged
# DONE gbdt-lossguide-newtoncosine/base repeat=2/ragged 0.000s
# START gbdt-lossguide-newtoncosine/base repeat=2/stepfull
# DONE gbdt-lossguide-newtoncosine/base repeat=2/stepfull 0.000s
# CELL gbdt-lossguide-newtoncosine/base STABLE 1.915s
# START gbdt-lossguide-newtoncosine/ties repeat=1/train
# DONE gbdt-lossguide-newtoncosine/ties repeat=1/train 0.692s
# START gbdt-lossguide-newtoncosine/ties repeat=1/infer-save-reload
# DONE gbdt-lossguide-newtoncosine/ties repeat=1/infer-save-reload 0.023s
# START gbdt-lossguide-newtoncosine/ties repeat=1/batch
# DONE gbdt-lossguide-newtoncosine/ties repeat=1/batch 0.088s
# START gbdt-lossguide-newtoncosine/ties repeat=1/batchgrad
# DONE gbdt-lossguide-newtoncosine/ties repeat=1/batchgrad 0.000s
# START gbdt-lossguide-newtoncosine/ties repeat=1/batchscale
# DONE gbdt-lossguide-newtoncosine/ties repeat=1/batchscale 0.000s
# START gbdt-lossguide-newtoncosine/ties repeat=1/ragged
# DONE gbdt-lossguide-newtoncosine/ties repeat=1/ragged 0.000s
# START gbdt-lossguide-newtoncosine/ties repeat=1/stepfull
# DONE gbdt-lossguide-newtoncosine/ties repeat=1/stepfull 0.000s
# START gbdt-lossguide-newtoncosine/ties repeat=2/train
# DONE gbdt-lossguide-newtoncosine/ties repeat=2/train 0.689s
# START gbdt-lossguide-newtoncosine/ties repeat=2/infer-save-reload
# DONE gbdt-lossguide-newtoncosine/ties repeat=2/infer-save-reload 0.027s
# START gbdt-lossguide-newtoncosine/ties repeat=2/batch
# DONE gbdt-lossguide-newtoncosine/ties repeat=2/batch 0.077s
# START gbdt-lossguide-newtoncosine/ties repeat=2/batchgrad
# DONE gbdt-lossguide-newtoncosine/ties repeat=2/batchgrad 0.000s
# START gbdt-lossguide-newtoncosine/ties repeat=2/batchscale
# DONE gbdt-lossguide-newtoncosine/ties repeat=2/batchscale 0.000s
# START gbdt-lossguide-newtoncosine/ties repeat=2/ragged
# DONE gbdt-lossguide-newtoncosine/ties repeat=2/ragged 0.000s
# START gbdt-lossguide-newtoncosine/ties repeat=2/stepfull
# DONE gbdt-lossguide-newtoncosine/ties repeat=2/stepfull 0.000s
# CELL gbdt-lossguide-newtoncosine/ties STABLE 1.597s
# START gbdt-lossguide-newtoncosine/hashed repeat=1/train
# DONE gbdt-lossguide-newtoncosine/hashed repeat=1/train 0.788s
# START gbdt-lossguide-newtoncosine/hashed repeat=1/infer-save-reload
# DONE gbdt-lossguide-newtoncosine/hashed repeat=1/infer-save-reload 0.033s
# START gbdt-lossguide-newtoncosine/hashed repeat=1/batch
# DONE gbdt-lossguide-newtoncosine/hashed repeat=1/batch 0.097s
# START gbdt-lossguide-newtoncosine/hashed repeat=1/batchgrad
# DONE gbdt-lossguide-newtoncosine/hashed repeat=1/batchgrad 0.000s
# START gbdt-lossguide-newtoncosine/hashed repeat=1/batchscale
# DONE gbdt-lossguide-newtoncosine/hashed repeat=1/batchscale 0.000s
# START gbdt-lossguide-newtoncosine/hashed repeat=1/ragged
# DONE gbdt-lossguide-newtoncosine/hashed repeat=1/ragged 0.000s
# START gbdt-lossguide-newtoncosine/hashed repeat=1/stepfull
# DONE gbdt-lossguide-newtoncosine/hashed repeat=1/stepfull 0.000s
# START gbdt-lossguide-newtoncosine/hashed repeat=2/train
# DONE gbdt-lossguide-newtoncosine/hashed repeat=2/train 0.800s
# START gbdt-lossguide-newtoncosine/hashed repeat=2/infer-save-reload
# DONE gbdt-lossguide-newtoncosine/hashed repeat=2/infer-save-reload 0.033s
# START gbdt-lossguide-newtoncosine/hashed repeat=2/batch
# DONE gbdt-lossguide-newtoncosine/hashed repeat=2/batch 0.108s
# START gbdt-lossguide-newtoncosine/hashed repeat=2/batchgrad
# DONE gbdt-lossguide-newtoncosine/hashed repeat=2/batchgrad 0.000s
# START gbdt-lossguide-newtoncosine/hashed repeat=2/batchscale
# DONE gbdt-lossguide-newtoncosine/hashed repeat=2/batchscale 0.000s
# START gbdt-lossguide-newtoncosine/hashed repeat=2/ragged
# DONE gbdt-lossguide-newtoncosine/hashed repeat=2/ragged 0.000s
# START gbdt-lossguide-newtoncosine/hashed repeat=2/stepfull
# DONE gbdt-lossguide-newtoncosine/hashed repeat=2/stepfull 0.000s
# CELL gbdt-lossguide-newtoncosine/hashed STABLE 1.860s
# START gbdt-lossguide-newtoncosine/wide repeat=1/train
# DONE gbdt-lossguide-newtoncosine/wide repeat=1/train 0.818s
# START gbdt-lossguide-newtoncosine/wide repeat=1/infer-save-reload
# DONE gbdt-lossguide-newtoncosine/wide repeat=1/infer-save-reload 0.035s
# START gbdt-lossguide-newtoncosine/wide repeat=1/batch
# DONE gbdt-lossguide-newtoncosine/wide repeat=1/batch 0.103s
# START gbdt-lossguide-newtoncosine/wide repeat=1/batchgrad
# DONE gbdt-lossguide-newtoncosine/wide repeat=1/batchgrad 0.000s
# START gbdt-lossguide-newtoncosine/wide repeat=1/batchscale
# DONE gbdt-lossguide-newtoncosine/wide repeat=1/batchscale 0.000s
# START gbdt-lossguide-newtoncosine/wide repeat=1/ragged
# DONE gbdt-lossguide-newtoncosine/wide repeat=1/ragged 0.000s
# START gbdt-lossguide-newtoncosine/wide repeat=1/stepfull
# DONE gbdt-lossguide-newtoncosine/wide repeat=1/stepfull 0.000s
# START gbdt-lossguide-newtoncosine/wide repeat=2/train
# DONE gbdt-lossguide-newtoncosine/wide repeat=2/train 0.818s
# START gbdt-lossguide-newtoncosine/wide repeat=2/infer-save-reload
# DONE gbdt-lossguide-newtoncosine/wide repeat=2/infer-save-reload 0.035s
# START gbdt-lossguide-newtoncosine/wide repeat=2/batch
# DONE gbdt-lossguide-newtoncosine/wide repeat=2/batch 0.109s
# START gbdt-lossguide-newtoncosine/wide repeat=2/batchgrad
# DONE gbdt-lossguide-newtoncosine/wide repeat=2/batchgrad 0.000s
# START gbdt-lossguide-newtoncosine/wide repeat=2/batchscale
# DONE gbdt-lossguide-newtoncosine/wide repeat=2/batchscale 0.000s
# START gbdt-lossguide-newtoncosine/wide repeat=2/ragged
# DONE gbdt-lossguide-newtoncosine/wide repeat=2/ragged 0.000s
# START gbdt-lossguide-newtoncosine/wide repeat=2/stepfull
# DONE gbdt-lossguide-newtoncosine/wide repeat=2/stepfull 0.000s
# CELL gbdt-lossguide-newtoncosine/wide STABLE 1.919s
# START gbdt-lossguide-newtoncosine/denormal repeat=1/train
# DONE gbdt-lossguide-newtoncosine/denormal repeat=1/train 0.827s
# START gbdt-lossguide-newtoncosine/denormal repeat=1/infer-save-reload
# DONE gbdt-lossguide-newtoncosine/denormal repeat=1/infer-save-reload 0.031s
# START gbdt-lossguide-newtoncosine/denormal repeat=1/batch
# DONE gbdt-lossguide-newtoncosine/denormal repeat=1/batch 0.095s
# START gbdt-lossguide-newtoncosine/denormal repeat=1/batchgrad
# DONE gbdt-lossguide-newtoncosine/denormal repeat=1/batchgrad 0.000s
# START gbdt-lossguide-newtoncosine/denormal repeat=1/batchscale
# DONE gbdt-lossguide-newtoncosine/denormal repeat=1/batchscale 0.000s
# START gbdt-lossguide-newtoncosine/denormal repeat=1/ragged
# DONE gbdt-lossguide-newtoncosine/denormal repeat=1/ragged 0.000s
# START gbdt-lossguide-newtoncosine/denormal repeat=1/stepfull
# DONE gbdt-lossguide-newtoncosine/denormal repeat=1/stepfull 0.000s
# START gbdt-lossguide-newtoncosine/denormal repeat=2/train
# DONE gbdt-lossguide-newtoncosine/denormal repeat=2/train 0.826s
# START gbdt-lossguide-newtoncosine/denormal repeat=2/infer-save-reload
# DONE gbdt-lossguide-newtoncosine/denormal repeat=2/infer-save-reload 0.032s
# START gbdt-lossguide-newtoncosine/denormal repeat=2/batch
# DONE gbdt-lossguide-newtoncosine/denormal repeat=2/batch 0.106s
# START gbdt-lossguide-newtoncosine/denormal repeat=2/batchgrad
# DONE gbdt-lossguide-newtoncosine/denormal repeat=2/batchgrad 0.000s
# START gbdt-lossguide-newtoncosine/denormal repeat=2/batchscale
# DONE gbdt-lossguide-newtoncosine/denormal repeat=2/batchscale 0.000s
# START gbdt-lossguide-newtoncosine/denormal repeat=2/ragged
# DONE gbdt-lossguide-newtoncosine/denormal repeat=2/ragged 0.000s
# START gbdt-lossguide-newtoncosine/denormal repeat=2/stepfull
# DONE gbdt-lossguide-newtoncosine/denormal repeat=2/stepfull 0.000s
# CELL gbdt-lossguide-newtoncosine/denormal STABLE 1.918s
# START gbdt-lossguide-newtoncosine/denormal_ftz repeat=1/train
# DONE gbdt-lossguide-newtoncosine/denormal_ftz repeat=1/train 0.825s
# START gbdt-lossguide-newtoncosine/denormal_ftz repeat=1/infer-save-reload
# DONE gbdt-lossguide-newtoncosine/denormal_ftz repeat=1/infer-save-reload 0.032s
# START gbdt-lossguide-newtoncosine/denormal_ftz repeat=1/batch
# DONE gbdt-lossguide-newtoncosine/denormal_ftz repeat=1/batch 0.094s
# START gbdt-lossguide-newtoncosine/denormal_ftz repeat=1/batchgrad
# DONE gbdt-lossguide-newtoncosine/denormal_ftz repeat=1/batchgrad 0.000s
# START gbdt-lossguide-newtoncosine/denormal_ftz repeat=1/batchscale
# DONE gbdt-lossguide-newtoncosine/denormal_ftz repeat=1/batchscale 0.000s
# START gbdt-lossguide-newtoncosine/denormal_ftz repeat=1/ragged
# DONE gbdt-lossguide-newtoncosine/denormal_ftz repeat=1/ragged 0.000s
# START gbdt-lossguide-newtoncosine/denormal_ftz repeat=1/stepfull
# DONE gbdt-lossguide-newtoncosine/denormal_ftz repeat=1/stepfull 0.000s
# START gbdt-lossguide-newtoncosine/denormal_ftz repeat=2/train
# DONE gbdt-lossguide-newtoncosine/denormal_ftz repeat=2/train 0.829s
# START gbdt-lossguide-newtoncosine/denormal_ftz repeat=2/infer-save-reload
# DONE gbdt-lossguide-newtoncosine/denormal_ftz repeat=2/infer-save-reload 0.031s
# START gbdt-lossguide-newtoncosine/denormal_ftz repeat=2/batch
# DONE gbdt-lossguide-newtoncosine/denormal_ftz repeat=2/batch 0.098s
# START gbdt-lossguide-newtoncosine/denormal_ftz repeat=2/batchgrad
# DONE gbdt-lossguide-newtoncosine/denormal_ftz repeat=2/batchgrad 0.000s
# START gbdt-lossguide-newtoncosine/denormal_ftz repeat=2/batchscale
# DONE gbdt-lossguide-newtoncosine/denormal_ftz repeat=2/batchscale 0.000s
# START gbdt-lossguide-newtoncosine/denormal_ftz repeat=2/ragged
# DONE gbdt-lossguide-newtoncosine/denormal_ftz repeat=2/ragged 0.000s
# START gbdt-lossguide-newtoncosine/denormal_ftz repeat=2/stepfull
# DONE gbdt-lossguide-newtoncosine/denormal_ftz repeat=2/stepfull 0.000s
# CELL gbdt-lossguide-newtoncosine/denormal_ftz STABLE 1.910s
# START gbdt-lossguide-newtoncosine/dupes repeat=1/train
# DONE gbdt-lossguide-newtoncosine/dupes repeat=1/train 0.808s
# START gbdt-lossguide-newtoncosine/dupes repeat=1/infer-save-reload
# DONE gbdt-lossguide-newtoncosine/dupes repeat=1/infer-save-reload 0.032s
# START gbdt-lossguide-newtoncosine/dupes repeat=1/batch
# DONE gbdt-lossguide-newtoncosine/dupes repeat=1/batch 0.107s
# START gbdt-lossguide-newtoncosine/dupes repeat=1/batchgrad
# DONE gbdt-lossguide-newtoncosine/dupes repeat=1/batchgrad 0.000s
# START gbdt-lossguide-newtoncosine/dupes repeat=1/batchscale
# DONE gbdt-lossguide-newtoncosine/dupes repeat=1/batchscale 0.000s
# START gbdt-lossguide-newtoncosine/dupes repeat=1/ragged
# DONE gbdt-lossguide-newtoncosine/dupes repeat=1/ragged 0.000s
# START gbdt-lossguide-newtoncosine/dupes repeat=1/stepfull
# DONE gbdt-lossguide-newtoncosine/dupes repeat=1/stepfull 0.000s
# START gbdt-lossguide-newtoncosine/dupes repeat=2/train
# DONE gbdt-lossguide-newtoncosine/dupes repeat=2/train 0.805s
# START gbdt-lossguide-newtoncosine/dupes repeat=2/infer-save-reload
# DONE gbdt-lossguide-newtoncosine/dupes repeat=2/infer-save-reload 0.034s
# START gbdt-lossguide-newtoncosine/dupes repeat=2/batch
# DONE gbdt-lossguide-newtoncosine/dupes repeat=2/batch 0.098s
# START gbdt-lossguide-newtoncosine/dupes repeat=2/batchgrad
# DONE gbdt-lossguide-newtoncosine/dupes repeat=2/batchgrad 0.000s
# START gbdt-lossguide-newtoncosine/dupes repeat=2/batchscale
# DONE gbdt-lossguide-newtoncosine/dupes repeat=2/batchscale 0.000s
# START gbdt-lossguide-newtoncosine/dupes repeat=2/ragged
# DONE gbdt-lossguide-newtoncosine/dupes repeat=2/ragged 0.000s
# START gbdt-lossguide-newtoncosine/dupes repeat=2/stepfull
# DONE gbdt-lossguide-newtoncosine/dupes repeat=2/stepfull 0.000s
# CELL gbdt-lossguide-newtoncosine/dupes STABLE 1.886s
# START gbdt-lossguide-newtoncosine/odd repeat=1/train
# DONE gbdt-lossguide-newtoncosine/odd repeat=1/train 0.786s
# START gbdt-lossguide-newtoncosine/odd repeat=1/infer-save-reload
# DONE gbdt-lossguide-newtoncosine/odd repeat=1/infer-save-reload 0.023s
# START gbdt-lossguide-newtoncosine/odd repeat=1/batch
# DONE gbdt-lossguide-newtoncosine/odd repeat=1/batch 0.082s
# START gbdt-lossguide-newtoncosine/odd repeat=1/batchgrad
# DONE gbdt-lossguide-newtoncosine/odd repeat=1/batchgrad 0.000s
# START gbdt-lossguide-newtoncosine/odd repeat=1/batchscale
# DONE gbdt-lossguide-newtoncosine/odd repeat=1/batchscale 0.000s
# START gbdt-lossguide-newtoncosine/odd repeat=1/ragged
# DONE gbdt-lossguide-newtoncosine/odd repeat=1/ragged 0.000s
# START gbdt-lossguide-newtoncosine/odd repeat=1/stepfull
# DONE gbdt-lossguide-newtoncosine/odd repeat=1/stepfull 0.000s
# START gbdt-lossguide-newtoncosine/odd repeat=2/train
# DONE gbdt-lossguide-newtoncosine/odd repeat=2/train 0.787s
# START gbdt-lossguide-newtoncosine/odd repeat=2/infer-save-reload
# DONE gbdt-lossguide-newtoncosine/odd repeat=2/infer-save-reload 0.025s
# START gbdt-lossguide-newtoncosine/odd repeat=2/batch
# DONE gbdt-lossguide-newtoncosine/odd repeat=2/batch 0.076s
# START gbdt-lossguide-newtoncosine/odd repeat=2/batchgrad
# DONE gbdt-lossguide-newtoncosine/odd repeat=2/batchgrad 0.000s
# START gbdt-lossguide-newtoncosine/odd repeat=2/batchscale
# DONE gbdt-lossguide-newtoncosine/odd repeat=2/batchscale 0.000s
# START gbdt-lossguide-newtoncosine/odd repeat=2/ragged
# DONE gbdt-lossguide-newtoncosine/odd repeat=2/ragged 0.000s
# START gbdt-lossguide-newtoncosine/odd repeat=2/stepfull
# DONE gbdt-lossguide-newtoncosine/odd repeat=2/stepfull 0.000s
# CELL gbdt-lossguide-newtoncosine/odd STABLE 1.780s
# START gbdt-lossguide-newtoncosine/negative repeat=1/train
# DONE gbdt-lossguide-newtoncosine/negative repeat=1/train 0.789s
# START gbdt-lossguide-newtoncosine/negative repeat=1/infer-save-reload
# DONE gbdt-lossguide-newtoncosine/negative repeat=1/infer-save-reload 0.033s
# START gbdt-lossguide-newtoncosine/negative repeat=1/batch
# DONE gbdt-lossguide-newtoncosine/negative repeat=1/batch 0.096s
# START gbdt-lossguide-newtoncosine/negative repeat=1/batchgrad
# DONE gbdt-lossguide-newtoncosine/negative repeat=1/batchgrad 0.000s
# START gbdt-lossguide-newtoncosine/negative repeat=1/batchscale
# DONE gbdt-lossguide-newtoncosine/negative repeat=1/batchscale 0.000s
# START gbdt-lossguide-newtoncosine/negative repeat=1/ragged
# DONE gbdt-lossguide-newtoncosine/negative repeat=1/ragged 0.000s
# START gbdt-lossguide-newtoncosine/negative repeat=1/stepfull
# DONE gbdt-lossguide-newtoncosine/negative repeat=1/stepfull 0.000s
# START gbdt-lossguide-newtoncosine/negative repeat=2/train
# DONE gbdt-lossguide-newtoncosine/negative repeat=2/train 0.789s
# START gbdt-lossguide-newtoncosine/negative repeat=2/infer-save-reload
# DONE gbdt-lossguide-newtoncosine/negative repeat=2/infer-save-reload 0.033s
# START gbdt-lossguide-newtoncosine/negative repeat=2/batch
# DONE gbdt-lossguide-newtoncosine/negative repeat=2/batch 0.106s
# START gbdt-lossguide-newtoncosine/negative repeat=2/batchgrad
# DONE gbdt-lossguide-newtoncosine/negative repeat=2/batchgrad 0.000s
# START gbdt-lossguide-newtoncosine/negative repeat=2/batchscale
# DONE gbdt-lossguide-newtoncosine/negative repeat=2/batchscale 0.000s
# START gbdt-lossguide-newtoncosine/negative repeat=2/ragged
# DONE gbdt-lossguide-newtoncosine/negative repeat=2/ragged 0.000s
# START gbdt-lossguide-newtoncosine/negative repeat=2/stepfull
# DONE gbdt-lossguide-newtoncosine/negative repeat=2/stepfull 0.000s
# CELL gbdt-lossguide-newtoncosine/negative STABLE 1.847s
| gbdt-lossguide-newtoncosine | b9a66e78b1e9dd1d | ffd8cb51686ba5e4 | 4f66908a915dd7f1 | a6038f9c277f01d3 | 6e1370724c044744 | 6e1370724c044744 | e3bb40e42372b082 | 3f2758d421e0a9a6 | 5fe92956c5744649 |
| gbdt-lossguide-newtoncosine infer | 8bf12d96090993c0 | 0bc7b024d6781e1e | 5733155d4547e868 | df54a29e672794ff | 973451d5c9f413f4 | 973451d5c9f413f4 | 0b10174ef5830bf7 | c14e53697544a3fc | 4a863719a8dc9dae |
| gbdt-lossguide-newtoncosine model | aacf88b161050230 | 7ce2f8e61394ebe2 | 621195424fb33e7c | ce84891a260c3448 | dc09d548fb949320 | dc09d548fb949320 | ae26b847752ee332 | 85e8253885aee245 | 02911ce74f61f007 |
| gbdt-lossguide-newtoncosine batch | 7a46de20ca608a86 | 2bc45ac3e9038e64 | 89e2d785093f685d | efa35c269d7dfc99 | d33d6db4220da13b | d33d6db4220da13b | 1d1ac063ba3ffecf | 898d4d40cc6f59ca | 4cd4c5613cb71ffe |
# START gbdt-categorical-ctr-tables/base repeat=1/train
# DONE gbdt-categorical-ctr-tables/base repeat=1/train 0.007s
# CELL gbdt-categorical-ctr-tables/base REFUSED 0.007s
# START gbdt-categorical-ctr-tables/ties repeat=1/train
# DONE gbdt-categorical-ctr-tables/ties repeat=1/train 0.003s
# CELL gbdt-categorical-ctr-tables/ties REFUSED 0.003s
# START gbdt-categorical-ctr-tables/hashed repeat=1/train
# DONE gbdt-categorical-ctr-tables/hashed repeat=1/train 0.005s
# CELL gbdt-categorical-ctr-tables/hashed REFUSED 0.005s
# START gbdt-categorical-ctr-tables/wide repeat=1/train
# DONE gbdt-categorical-ctr-tables/wide repeat=1/train 0.005s
# CELL gbdt-categorical-ctr-tables/wide REFUSED 0.005s
# START gbdt-categorical-ctr-tables/denormal repeat=1/train
# DONE gbdt-categorical-ctr-tables/denormal repeat=1/train 0.005s
# CELL gbdt-categorical-ctr-tables/denormal REFUSED 0.005s
# START gbdt-categorical-ctr-tables/denormal_ftz repeat=1/train
# DONE gbdt-categorical-ctr-tables/denormal_ftz repeat=1/train 0.005s
# CELL gbdt-categorical-ctr-tables/denormal_ftz REFUSED 0.005s
# START gbdt-categorical-ctr-tables/dupes repeat=1/train
# DONE gbdt-categorical-ctr-tables/dupes repeat=1/train 0.005s
# CELL gbdt-categorical-ctr-tables/dupes REFUSED 0.005s
# START gbdt-categorical-ctr-tables/odd repeat=1/train
# DONE gbdt-categorical-ctr-tables/odd repeat=1/train 0.003s
# CELL gbdt-categorical-ctr-tables/odd REFUSED 0.003s
# START gbdt-categorical-ctr-tables/negative repeat=1/train
# DONE gbdt-categorical-ctr-tables/negative repeat=1/train 0.005s
# CELL gbdt-categorical-ctr-tables/negative REFUSED 0.005s
| gbdt-categorical-ctr-tables | REFUSED          | REFUSED          | REFUSED          | REFUSED          | REFUSED          | REFUSED          | REFUSED          | REFUSED          | REFUSED          |
| gbdt-categorical-ctr-tables infer | REFUSED          | REFUSED          | REFUSED          | REFUSED          | REFUSED          | REFUSED          | REFUSED          | REFUSED          | REFUSED          |
| gbdt-categorical-ctr-tables model | REFUSED          | REFUSED          | REFUSED          | REFUSED          | REFUSED          | REFUSED          | REFUSED          | REFUSED          | REFUSED          |
| gbdt-categorical-ctr-tables batch | REFUSED          | REFUSED          | REFUSED          | REFUSED          | REFUSED          | REFUSED          | REFUSED          | REFUSED          | REFUSED          |
| gbdt-categorical-ctr-tables batchgrad | REFUSED          | REFUSED          | REFUSED          | REFUSED          | REFUSED          | REFUSED          | REFUSED          | REFUSED          | REFUSED          |
| gbdt-categorical-ctr-tables batchscale | REFUSED          | REFUSED          | REFUSED          | REFUSED          | REFUSED          | REFUSED          | REFUSED          | REFUSED          | REFUSED          |
| gbdt-categorical-ctr-tables ragged | REFUSED          | REFUSED          | REFUSED          | REFUSED          | REFUSED          | REFUSED          | REFUSED          | REFUSED          | REFUSED          |
| gbdt-categorical-ctr-tables stepfull | REFUSED          | REFUSED          | REFUSED          | REFUSED          | REFUSED          | REFUSED          | REFUSED          | REFUSED          | REFUSED          |
# START gbdt-adapter-reg/base repeat=1/train
# DONE gbdt-adapter-reg/base repeat=1/train 0.449s
# START gbdt-adapter-reg/base repeat=1/infer-save-reload
# DONE gbdt-adapter-reg/base repeat=1/infer-save-reload 0.012s
# START gbdt-adapter-reg/base repeat=1/batch
# DONE gbdt-adapter-reg/base repeat=1/batch 0.086s
# START gbdt-adapter-reg/base repeat=1/batchgrad
# DONE gbdt-adapter-reg/base repeat=1/batchgrad 0.000s
# START gbdt-adapter-reg/base repeat=1/batchscale
# DONE gbdt-adapter-reg/base repeat=1/batchscale 0.000s
# START gbdt-adapter-reg/base repeat=1/ragged
# DONE gbdt-adapter-reg/base repeat=1/ragged 0.000s
# START gbdt-adapter-reg/base repeat=1/stepfull
# DONE gbdt-adapter-reg/base repeat=1/stepfull 0.000s
# START gbdt-adapter-reg/base repeat=2/train
# DONE gbdt-adapter-reg/base repeat=2/train 0.450s
# START gbdt-adapter-reg/base repeat=2/infer-save-reload
# DONE gbdt-adapter-reg/base repeat=2/infer-save-reload 0.012s
# START gbdt-adapter-reg/base repeat=2/batch
# DONE gbdt-adapter-reg/base repeat=2/batch 0.096s
# START gbdt-adapter-reg/base repeat=2/batchgrad
# DONE gbdt-adapter-reg/base repeat=2/batchgrad 0.000s
# START gbdt-adapter-reg/base repeat=2/batchscale
# DONE gbdt-adapter-reg/base repeat=2/batchscale 0.000s
# START gbdt-adapter-reg/base repeat=2/ragged
# DONE gbdt-adapter-reg/base repeat=2/ragged 0.000s
# START gbdt-adapter-reg/base repeat=2/stepfull
# DONE gbdt-adapter-reg/base repeat=2/stepfull 0.000s
# CELL gbdt-adapter-reg/base STABLE 1.106s
# START gbdt-adapter-reg/ties repeat=1/train
# DONE gbdt-adapter-reg/ties repeat=1/train 0.585s
# START gbdt-adapter-reg/ties repeat=1/infer-save-reload
# DONE gbdt-adapter-reg/ties repeat=1/infer-save-reload 0.008s
# START gbdt-adapter-reg/ties repeat=1/batch
# DONE gbdt-adapter-reg/ties repeat=1/batch 0.070s
# START gbdt-adapter-reg/ties repeat=1/batchgrad
# DONE gbdt-adapter-reg/ties repeat=1/batchgrad 0.000s
# START gbdt-adapter-reg/ties repeat=1/batchscale
# DONE gbdt-adapter-reg/ties repeat=1/batchscale 0.000s
# START gbdt-adapter-reg/ties repeat=1/ragged
# DONE gbdt-adapter-reg/ties repeat=1/ragged 0.000s
# START gbdt-adapter-reg/ties repeat=1/stepfull
# DONE gbdt-adapter-reg/ties repeat=1/stepfull 0.000s
# START gbdt-adapter-reg/ties repeat=2/train
# DONE gbdt-adapter-reg/ties repeat=2/train 0.586s
# START gbdt-adapter-reg/ties repeat=2/infer-save-reload
# DONE gbdt-adapter-reg/ties repeat=2/infer-save-reload 0.008s
# START gbdt-adapter-reg/ties repeat=2/batch
# DONE gbdt-adapter-reg/ties repeat=2/batch 0.070s
# START gbdt-adapter-reg/ties repeat=2/batchgrad
# DONE gbdt-adapter-reg/ties repeat=2/batchgrad 0.000s
# START gbdt-adapter-reg/ties repeat=2/batchscale
# DONE gbdt-adapter-reg/ties repeat=2/batchscale 0.000s
# START gbdt-adapter-reg/ties repeat=2/ragged
# DONE gbdt-adapter-reg/ties repeat=2/ragged 0.000s
# START gbdt-adapter-reg/ties repeat=2/stepfull
# DONE gbdt-adapter-reg/ties repeat=2/stepfull 0.000s
# CELL gbdt-adapter-reg/ties STABLE 1.327s
# START gbdt-adapter-reg/hashed repeat=1/train
# DONE gbdt-adapter-reg/hashed repeat=1/train 0.456s
# START gbdt-adapter-reg/hashed repeat=1/infer-save-reload
# DONE gbdt-adapter-reg/hashed repeat=1/infer-save-reload 0.012s
# START gbdt-adapter-reg/hashed repeat=1/batch
# DONE gbdt-adapter-reg/hashed repeat=1/batch 0.096s
# START gbdt-adapter-reg/hashed repeat=1/batchgrad
# DONE gbdt-adapter-reg/hashed repeat=1/batchgrad 0.000s
# START gbdt-adapter-reg/hashed repeat=1/batchscale
# DONE gbdt-adapter-reg/hashed repeat=1/batchscale 0.000s
# START gbdt-adapter-reg/hashed repeat=1/ragged
# DONE gbdt-adapter-reg/hashed repeat=1/ragged 0.000s
# START gbdt-adapter-reg/hashed repeat=1/stepfull
# DONE gbdt-adapter-reg/hashed repeat=1/stepfull 0.000s
# START gbdt-adapter-reg/hashed repeat=2/train
# DONE gbdt-adapter-reg/hashed repeat=2/train 0.454s
# START gbdt-adapter-reg/hashed repeat=2/infer-save-reload
# DONE gbdt-adapter-reg/hashed repeat=2/infer-save-reload 0.012s
# START gbdt-adapter-reg/hashed repeat=2/batch
# DONE gbdt-adapter-reg/hashed repeat=2/batch 0.086s
# START gbdt-adapter-reg/hashed repeat=2/batchgrad
# DONE gbdt-adapter-reg/hashed repeat=2/batchgrad 0.000s
# START gbdt-adapter-reg/hashed repeat=2/batchscale
# DONE gbdt-adapter-reg/hashed repeat=2/batchscale 0.000s
# START gbdt-adapter-reg/hashed repeat=2/ragged
# DONE gbdt-adapter-reg/hashed repeat=2/ragged 0.000s
# START gbdt-adapter-reg/hashed repeat=2/stepfull
# DONE gbdt-adapter-reg/hashed repeat=2/stepfull 0.000s
# CELL gbdt-adapter-reg/hashed STABLE 1.117s
# START gbdt-adapter-reg/wide repeat=1/train
# DONE gbdt-adapter-reg/wide repeat=1/train 0.429s
# START gbdt-adapter-reg/wide repeat=1/infer-save-reload
# DONE gbdt-adapter-reg/wide repeat=1/infer-save-reload 0.012s
# START gbdt-adapter-reg/wide repeat=1/batch
# DONE gbdt-adapter-reg/wide repeat=1/batch 0.093s
# START gbdt-adapter-reg/wide repeat=1/batchgrad
# DONE gbdt-adapter-reg/wide repeat=1/batchgrad 0.000s
# START gbdt-adapter-reg/wide repeat=1/batchscale
# DONE gbdt-adapter-reg/wide repeat=1/batchscale 0.000s
# START gbdt-adapter-reg/wide repeat=1/ragged
# DONE gbdt-adapter-reg/wide repeat=1/ragged 0.000s
# START gbdt-adapter-reg/wide repeat=1/stepfull
# DONE gbdt-adapter-reg/wide repeat=1/stepfull 0.000s
# START gbdt-adapter-reg/wide repeat=2/train
# DONE gbdt-adapter-reg/wide repeat=2/train 0.427s
# START gbdt-adapter-reg/wide repeat=2/infer-save-reload
# DONE gbdt-adapter-reg/wide repeat=2/infer-save-reload 0.012s
# START gbdt-adapter-reg/wide repeat=2/batch
# DONE gbdt-adapter-reg/wide repeat=2/batch 0.084s
# START gbdt-adapter-reg/wide repeat=2/batchgrad
# DONE gbdt-adapter-reg/wide repeat=2/batchgrad 0.000s
# START gbdt-adapter-reg/wide repeat=2/batchscale
# DONE gbdt-adapter-reg/wide repeat=2/batchscale 0.000s
# START gbdt-adapter-reg/wide repeat=2/ragged
# DONE gbdt-adapter-reg/wide repeat=2/ragged 0.000s
# START gbdt-adapter-reg/wide repeat=2/stepfull
# DONE gbdt-adapter-reg/wide repeat=2/stepfull 0.000s
# CELL gbdt-adapter-reg/wide STABLE 1.058s
# START gbdt-adapter-reg/denormal repeat=1/train
# DONE gbdt-adapter-reg/denormal repeat=1/train 0.449s
# START gbdt-adapter-reg/denormal repeat=1/infer-save-reload
# DONE gbdt-adapter-reg/denormal repeat=1/infer-save-reload 0.012s
# START gbdt-adapter-reg/denormal repeat=1/batch
# DONE gbdt-adapter-reg/denormal repeat=1/batch 0.096s
# START gbdt-adapter-reg/denormal repeat=1/batchgrad
# DONE gbdt-adapter-reg/denormal repeat=1/batchgrad 0.000s
# START gbdt-adapter-reg/denormal repeat=1/batchscale
# DONE gbdt-adapter-reg/denormal repeat=1/batchscale 0.000s
# START gbdt-adapter-reg/denormal repeat=1/ragged
# DONE gbdt-adapter-reg/denormal repeat=1/ragged 0.000s
# START gbdt-adapter-reg/denormal repeat=1/stepfull
# DONE gbdt-adapter-reg/denormal repeat=1/stepfull 0.000s
# START gbdt-adapter-reg/denormal repeat=2/train
# DONE gbdt-adapter-reg/denormal repeat=2/train 0.448s
# START gbdt-adapter-reg/denormal repeat=2/infer-save-reload
# DONE gbdt-adapter-reg/denormal repeat=2/infer-save-reload 0.012s
# START gbdt-adapter-reg/denormal repeat=2/batch
# DONE gbdt-adapter-reg/denormal repeat=2/batch 0.085s
# START gbdt-adapter-reg/denormal repeat=2/batchgrad
# DONE gbdt-adapter-reg/denormal repeat=2/batchgrad 0.000s
# START gbdt-adapter-reg/denormal repeat=2/batchscale
# DONE gbdt-adapter-reg/denormal repeat=2/batchscale 0.000s
# START gbdt-adapter-reg/denormal repeat=2/ragged
# DONE gbdt-adapter-reg/denormal repeat=2/ragged 0.000s
# START gbdt-adapter-reg/denormal repeat=2/stepfull
# DONE gbdt-adapter-reg/denormal repeat=2/stepfull 0.000s
# CELL gbdt-adapter-reg/denormal STABLE 1.103s
# START gbdt-adapter-reg/denormal_ftz repeat=1/train
# DONE gbdt-adapter-reg/denormal_ftz repeat=1/train 0.446s
# START gbdt-adapter-reg/denormal_ftz repeat=1/infer-save-reload
# DONE gbdt-adapter-reg/denormal_ftz repeat=1/infer-save-reload 0.012s
# START gbdt-adapter-reg/denormal_ftz repeat=1/batch
# DONE gbdt-adapter-reg/denormal_ftz repeat=1/batch 0.085s
# START gbdt-adapter-reg/denormal_ftz repeat=1/batchgrad
# DONE gbdt-adapter-reg/denormal_ftz repeat=1/batchgrad 0.000s
# START gbdt-adapter-reg/denormal_ftz repeat=1/batchscale
# DONE gbdt-adapter-reg/denormal_ftz repeat=1/batchscale 0.000s
# START gbdt-adapter-reg/denormal_ftz repeat=1/ragged
# DONE gbdt-adapter-reg/denormal_ftz repeat=1/ragged 0.000s
# START gbdt-adapter-reg/denormal_ftz repeat=1/stepfull
# DONE gbdt-adapter-reg/denormal_ftz repeat=1/stepfull 0.000s
# START gbdt-adapter-reg/denormal_ftz repeat=2/train
# DONE gbdt-adapter-reg/denormal_ftz repeat=2/train 0.446s
# START gbdt-adapter-reg/denormal_ftz repeat=2/infer-save-reload
# DONE gbdt-adapter-reg/denormal_ftz repeat=2/infer-save-reload 0.012s
# START gbdt-adapter-reg/denormal_ftz repeat=2/batch
# DONE gbdt-adapter-reg/denormal_ftz repeat=2/batch 0.095s
# START gbdt-adapter-reg/denormal_ftz repeat=2/batchgrad
# DONE gbdt-adapter-reg/denormal_ftz repeat=2/batchgrad 0.000s
# START gbdt-adapter-reg/denormal_ftz repeat=2/batchscale
# DONE gbdt-adapter-reg/denormal_ftz repeat=2/batchscale 0.000s
# START gbdt-adapter-reg/denormal_ftz repeat=2/ragged
# DONE gbdt-adapter-reg/denormal_ftz repeat=2/ragged 0.000s
# START gbdt-adapter-reg/denormal_ftz repeat=2/stepfull
# DONE gbdt-adapter-reg/denormal_ftz repeat=2/stepfull 0.000s
# CELL gbdt-adapter-reg/denormal_ftz STABLE 1.098s
# START gbdt-adapter-reg/dupes repeat=1/train
# DONE gbdt-adapter-reg/dupes repeat=1/train 0.426s
# START gbdt-adapter-reg/dupes repeat=1/infer-save-reload
# DONE gbdt-adapter-reg/dupes repeat=1/infer-save-reload 0.011s
# START gbdt-adapter-reg/dupes repeat=1/batch
# DONE gbdt-adapter-reg/dupes repeat=1/batch 0.082s
# START gbdt-adapter-reg/dupes repeat=1/batchgrad
# DONE gbdt-adapter-reg/dupes repeat=1/batchgrad 0.000s
# START gbdt-adapter-reg/dupes repeat=1/batchscale
# DONE gbdt-adapter-reg/dupes repeat=1/batchscale 0.000s
# START gbdt-adapter-reg/dupes repeat=1/ragged
# DONE gbdt-adapter-reg/dupes repeat=1/ragged 0.000s
# START gbdt-adapter-reg/dupes repeat=1/stepfull
# DONE gbdt-adapter-reg/dupes repeat=1/stepfull 0.000s
# START gbdt-adapter-reg/dupes repeat=2/train
# DONE gbdt-adapter-reg/dupes repeat=2/train 0.423s
# START gbdt-adapter-reg/dupes repeat=2/infer-save-reload
# DONE gbdt-adapter-reg/dupes repeat=2/infer-save-reload 0.011s
# START gbdt-adapter-reg/dupes repeat=2/batch
# DONE gbdt-adapter-reg/dupes repeat=2/batch 0.093s
# START gbdt-adapter-reg/dupes repeat=2/batchgrad
# DONE gbdt-adapter-reg/dupes repeat=2/batchgrad 0.000s
# START gbdt-adapter-reg/dupes repeat=2/batchscale
# DONE gbdt-adapter-reg/dupes repeat=2/batchscale 0.000s
# START gbdt-adapter-reg/dupes repeat=2/ragged
# DONE gbdt-adapter-reg/dupes repeat=2/ragged 0.000s
# START gbdt-adapter-reg/dupes repeat=2/stepfull
# DONE gbdt-adapter-reg/dupes repeat=2/stepfull 0.000s
# CELL gbdt-adapter-reg/dupes STABLE 1.047s
# START gbdt-adapter-reg/odd repeat=1/train
# DONE gbdt-adapter-reg/odd repeat=1/train 0.395s
# START gbdt-adapter-reg/odd repeat=1/infer-save-reload
# DONE gbdt-adapter-reg/odd repeat=1/infer-save-reload 0.008s
# START gbdt-adapter-reg/odd repeat=1/batch
# DONE gbdt-adapter-reg/odd repeat=1/batch 0.063s
# START gbdt-adapter-reg/odd repeat=1/batchgrad
# DONE gbdt-adapter-reg/odd repeat=1/batchgrad 0.000s
# START gbdt-adapter-reg/odd repeat=1/batchscale
# DONE gbdt-adapter-reg/odd repeat=1/batchscale 0.000s
# START gbdt-adapter-reg/odd repeat=1/ragged
# DONE gbdt-adapter-reg/odd repeat=1/ragged 0.000s
# START gbdt-adapter-reg/odd repeat=1/stepfull
# DONE gbdt-adapter-reg/odd repeat=1/stepfull 0.000s
# START gbdt-adapter-reg/odd repeat=2/train
# DONE gbdt-adapter-reg/odd repeat=2/train 0.397s
# START gbdt-adapter-reg/odd repeat=2/infer-save-reload
# DONE gbdt-adapter-reg/odd repeat=2/infer-save-reload 0.008s
# START gbdt-adapter-reg/odd repeat=2/batch
# DONE gbdt-adapter-reg/odd repeat=2/batch 0.063s
# START gbdt-adapter-reg/odd repeat=2/batchgrad
# DONE gbdt-adapter-reg/odd repeat=2/batchgrad 0.000s
# START gbdt-adapter-reg/odd repeat=2/batchscale
# DONE gbdt-adapter-reg/odd repeat=2/batchscale 0.000s
# START gbdt-adapter-reg/odd repeat=2/ragged
# DONE gbdt-adapter-reg/odd repeat=2/ragged 0.000s
# START gbdt-adapter-reg/odd repeat=2/stepfull
# DONE gbdt-adapter-reg/odd repeat=2/stepfull 0.000s
# CELL gbdt-adapter-reg/odd STABLE 0.935s
# START gbdt-adapter-reg/negative repeat=1/train
# DONE gbdt-adapter-reg/negative repeat=1/train 0.446s
# START gbdt-adapter-reg/negative repeat=1/infer-save-reload
# DONE gbdt-adapter-reg/negative repeat=1/infer-save-reload 0.012s
# START gbdt-adapter-reg/negative repeat=1/batch
# DONE gbdt-adapter-reg/negative repeat=1/batch 0.096s
# START gbdt-adapter-reg/negative repeat=1/batchgrad
# DONE gbdt-adapter-reg/negative repeat=1/batchgrad 0.000s
# START gbdt-adapter-reg/negative repeat=1/batchscale
# DONE gbdt-adapter-reg/negative repeat=1/batchscale 0.000s
# START gbdt-adapter-reg/negative repeat=1/ragged
# DONE gbdt-adapter-reg/negative repeat=1/ragged 0.000s
# START gbdt-adapter-reg/negative repeat=1/stepfull
# DONE gbdt-adapter-reg/negative repeat=1/stepfull 0.000s
# START gbdt-adapter-reg/negative repeat=2/train
# DONE gbdt-adapter-reg/negative repeat=2/train 0.450s
# START gbdt-adapter-reg/negative repeat=2/infer-save-reload
# DONE gbdt-adapter-reg/negative repeat=2/infer-save-reload 0.012s
# START gbdt-adapter-reg/negative repeat=2/batch
# DONE gbdt-adapter-reg/negative repeat=2/batch 0.085s
# START gbdt-adapter-reg/negative repeat=2/batchgrad
# DONE gbdt-adapter-reg/negative repeat=2/batchgrad 0.000s
# START gbdt-adapter-reg/negative repeat=2/batchscale
# DONE gbdt-adapter-reg/negative repeat=2/batchscale 0.000s
# START gbdt-adapter-reg/negative repeat=2/ragged
# DONE gbdt-adapter-reg/negative repeat=2/ragged 0.000s
# START gbdt-adapter-reg/negative repeat=2/stepfull
# DONE gbdt-adapter-reg/negative repeat=2/stepfull 0.000s
# CELL gbdt-adapter-reg/negative STABLE 1.101s
| gbdt-adapter-reg       | 3f8aef8d73be249c | 88cba1574daa922e | a89dba586c0f1ab4 | 5ea3a06d9df1d862 | 400f099e655dc453 | 400f099e655dc453 | 49848bfd3c26b52e | 7b54ca9d69e29714 | e54f74cdab3f29f0 |
| gbdt-adapter-reg infer | ba6284898fcd7adb | 4044415de3b73aee | b79afaae27b8bdb6 | 3f008ec3ab37ef2f | 86db747723f31263 | 86db747723f31263 | da755bd965b6c511 | 88f9e64eea1b35df | 2f7db100a96ca46b |
| gbdt-adapter-reg batch | 3a53a53abfe321f6 | 1681c6f968f338d2 | 15a568bd232c8fbd | 288e6b1fb3347f2d | 24d0e532611fba96 | 24d0e532611fba96 | 17cffc317f1b3c99 | 6b459ed54f82865a | 36bc296fc8f0a3cf |
# START gbdt-adapter-score-weighted/base repeat=1/train
# DONE gbdt-adapter-score-weighted/base repeat=1/train 1.862s
# START gbdt-adapter-score-weighted/base repeat=1/infer-save-reload
# DONE gbdt-adapter-score-weighted/base repeat=1/infer-save-reload 0.000s
# START gbdt-adapter-score-weighted/base repeat=1/batch
# DONE gbdt-adapter-score-weighted/base repeat=1/batch 0.000s
# START gbdt-adapter-score-weighted/base repeat=1/batchgrad
# DONE gbdt-adapter-score-weighted/base repeat=1/batchgrad 0.000s
# START gbdt-adapter-score-weighted/base repeat=1/batchscale
# DONE gbdt-adapter-score-weighted/base repeat=1/batchscale 0.000s
# START gbdt-adapter-score-weighted/base repeat=1/ragged
# DONE gbdt-adapter-score-weighted/base repeat=1/ragged 0.000s
# START gbdt-adapter-score-weighted/base repeat=1/stepfull
# DONE gbdt-adapter-score-weighted/base repeat=1/stepfull 0.000s
# START gbdt-adapter-score-weighted/base repeat=2/train
# DONE gbdt-adapter-score-weighted/base repeat=2/train 1.853s
# START gbdt-adapter-score-weighted/base repeat=2/infer-save-reload
# DONE gbdt-adapter-score-weighted/base repeat=2/infer-save-reload 0.000s
# START gbdt-adapter-score-weighted/base repeat=2/batch
# DONE gbdt-adapter-score-weighted/base repeat=2/batch 0.000s
# START gbdt-adapter-score-weighted/base repeat=2/batchgrad
# DONE gbdt-adapter-score-weighted/base repeat=2/batchgrad 0.000s
# START gbdt-adapter-score-weighted/base repeat=2/batchscale
# DONE gbdt-adapter-score-weighted/base repeat=2/batchscale 0.000s
# START gbdt-adapter-score-weighted/base repeat=2/ragged
# DONE gbdt-adapter-score-weighted/base repeat=2/ragged 0.000s
# START gbdt-adapter-score-weighted/base repeat=2/stepfull
# DONE gbdt-adapter-score-weighted/base repeat=2/stepfull 0.000s
# CELL gbdt-adapter-score-weighted/base STABLE 3.716s
# START gbdt-adapter-score-weighted/ties repeat=1/train
# DONE gbdt-adapter-score-weighted/ties repeat=1/train 1.885s
# START gbdt-adapter-score-weighted/ties repeat=1/infer-save-reload
# DONE gbdt-adapter-score-weighted/ties repeat=1/infer-save-reload 0.000s
# START gbdt-adapter-score-weighted/ties repeat=1/batch
# DONE gbdt-adapter-score-weighted/ties repeat=1/batch 0.000s
# START gbdt-adapter-score-weighted/ties repeat=1/batchgrad
# DONE gbdt-adapter-score-weighted/ties repeat=1/batchgrad 0.000s
# START gbdt-adapter-score-weighted/ties repeat=1/batchscale
# DONE gbdt-adapter-score-weighted/ties repeat=1/batchscale 0.000s
# START gbdt-adapter-score-weighted/ties repeat=1/ragged
# DONE gbdt-adapter-score-weighted/ties repeat=1/ragged 0.000s
# START gbdt-adapter-score-weighted/ties repeat=1/stepfull
# DONE gbdt-adapter-score-weighted/ties repeat=1/stepfull 0.000s
# START gbdt-adapter-score-weighted/ties repeat=2/train
# DONE gbdt-adapter-score-weighted/ties repeat=2/train 1.887s
# START gbdt-adapter-score-weighted/ties repeat=2/infer-save-reload
# DONE gbdt-adapter-score-weighted/ties repeat=2/infer-save-reload 0.000s
# START gbdt-adapter-score-weighted/ties repeat=2/batch
# DONE gbdt-adapter-score-weighted/ties repeat=2/batch 0.000s
# START gbdt-adapter-score-weighted/ties repeat=2/batchgrad
# DONE gbdt-adapter-score-weighted/ties repeat=2/batchgrad 0.000s
# START gbdt-adapter-score-weighted/ties repeat=2/batchscale
# DONE gbdt-adapter-score-weighted/ties repeat=2/batchscale 0.000s
# START gbdt-adapter-score-weighted/ties repeat=2/ragged
# DONE gbdt-adapter-score-weighted/ties repeat=2/ragged 0.000s
# START gbdt-adapter-score-weighted/ties repeat=2/stepfull
# DONE gbdt-adapter-score-weighted/ties repeat=2/stepfull 0.000s
# CELL gbdt-adapter-score-weighted/ties STABLE 3.773s
# START gbdt-adapter-score-weighted/hashed repeat=1/train
# DONE gbdt-adapter-score-weighted/hashed repeat=1/train 1.855s
# START gbdt-adapter-score-weighted/hashed repeat=1/infer-save-reload
# DONE gbdt-adapter-score-weighted/hashed repeat=1/infer-save-reload 0.000s
# START gbdt-adapter-score-weighted/hashed repeat=1/batch
# DONE gbdt-adapter-score-weighted/hashed repeat=1/batch 0.000s
# START gbdt-adapter-score-weighted/hashed repeat=1/batchgrad
# DONE gbdt-adapter-score-weighted/hashed repeat=1/batchgrad 0.000s
# START gbdt-adapter-score-weighted/hashed repeat=1/batchscale
# DONE gbdt-adapter-score-weighted/hashed repeat=1/batchscale 0.000s
# START gbdt-adapter-score-weighted/hashed repeat=1/ragged
# DONE gbdt-adapter-score-weighted/hashed repeat=1/ragged 0.000s
# START gbdt-adapter-score-weighted/hashed repeat=1/stepfull
# DONE gbdt-adapter-score-weighted/hashed repeat=1/stepfull 0.000s
# START gbdt-adapter-score-weighted/hashed repeat=2/train
# DONE gbdt-adapter-score-weighted/hashed repeat=2/train 1.856s
# START gbdt-adapter-score-weighted/hashed repeat=2/infer-save-reload
# DONE gbdt-adapter-score-weighted/hashed repeat=2/infer-save-reload 0.000s
# START gbdt-adapter-score-weighted/hashed repeat=2/batch
# DONE gbdt-adapter-score-weighted/hashed repeat=2/batch 0.000s
# START gbdt-adapter-score-weighted/hashed repeat=2/batchgrad
# DONE gbdt-adapter-score-weighted/hashed repeat=2/batchgrad 0.000s
# START gbdt-adapter-score-weighted/hashed repeat=2/batchscale
# DONE gbdt-adapter-score-weighted/hashed repeat=2/batchscale 0.000s
# START gbdt-adapter-score-weighted/hashed repeat=2/ragged
# DONE gbdt-adapter-score-weighted/hashed repeat=2/ragged 0.000s
# START gbdt-adapter-score-weighted/hashed repeat=2/stepfull
# DONE gbdt-adapter-score-weighted/hashed repeat=2/stepfull 0.000s
# CELL gbdt-adapter-score-weighted/hashed STABLE 3.712s
# START gbdt-adapter-score-weighted/wide repeat=1/train
# DONE gbdt-adapter-score-weighted/wide repeat=1/train 1.835s
# START gbdt-adapter-score-weighted/wide repeat=1/infer-save-reload
# DONE gbdt-adapter-score-weighted/wide repeat=1/infer-save-reload 0.000s
# START gbdt-adapter-score-weighted/wide repeat=1/batch
# DONE gbdt-adapter-score-weighted/wide repeat=1/batch 0.000s
# START gbdt-adapter-score-weighted/wide repeat=1/batchgrad
# DONE gbdt-adapter-score-weighted/wide repeat=1/batchgrad 0.000s
# START gbdt-adapter-score-weighted/wide repeat=1/batchscale
# DONE gbdt-adapter-score-weighted/wide repeat=1/batchscale 0.000s
# START gbdt-adapter-score-weighted/wide repeat=1/ragged
# DONE gbdt-adapter-score-weighted/wide repeat=1/ragged 0.000s
# START gbdt-adapter-score-weighted/wide repeat=1/stepfull
# DONE gbdt-adapter-score-weighted/wide repeat=1/stepfull 0.000s
# START gbdt-adapter-score-weighted/wide repeat=2/train
# DONE gbdt-adapter-score-weighted/wide repeat=2/train 1.845s
# START gbdt-adapter-score-weighted/wide repeat=2/infer-save-reload
# DONE gbdt-adapter-score-weighted/wide repeat=2/infer-save-reload 0.000s
# START gbdt-adapter-score-weighted/wide repeat=2/batch
# DONE gbdt-adapter-score-weighted/wide repeat=2/batch 0.000s
# START gbdt-adapter-score-weighted/wide repeat=2/batchgrad
# DONE gbdt-adapter-score-weighted/wide repeat=2/batchgrad 0.000s
# START gbdt-adapter-score-weighted/wide repeat=2/batchscale
# DONE gbdt-adapter-score-weighted/wide repeat=2/batchscale 0.000s
# START gbdt-adapter-score-weighted/wide repeat=2/ragged
# DONE gbdt-adapter-score-weighted/wide repeat=2/ragged 0.000s
# START gbdt-adapter-score-weighted/wide repeat=2/stepfull
# DONE gbdt-adapter-score-weighted/wide repeat=2/stepfull 0.000s
# CELL gbdt-adapter-score-weighted/wide STABLE 3.681s
# START gbdt-adapter-score-weighted/denormal repeat=1/train
# DONE gbdt-adapter-score-weighted/denormal repeat=1/train 1.826s
# START gbdt-adapter-score-weighted/denormal repeat=1/infer-save-reload
# DONE gbdt-adapter-score-weighted/denormal repeat=1/infer-save-reload 0.000s
# START gbdt-adapter-score-weighted/denormal repeat=1/batch
# DONE gbdt-adapter-score-weighted/denormal repeat=1/batch 0.000s
# START gbdt-adapter-score-weighted/denormal repeat=1/batchgrad
# DONE gbdt-adapter-score-weighted/denormal repeat=1/batchgrad 0.000s
# START gbdt-adapter-score-weighted/denormal repeat=1/batchscale
# DONE gbdt-adapter-score-weighted/denormal repeat=1/batchscale 0.000s
# START gbdt-adapter-score-weighted/denormal repeat=1/ragged
# DONE gbdt-adapter-score-weighted/denormal repeat=1/ragged 0.000s
# START gbdt-adapter-score-weighted/denormal repeat=1/stepfull
# DONE gbdt-adapter-score-weighted/denormal repeat=1/stepfull 0.000s
# START gbdt-adapter-score-weighted/denormal repeat=2/train
# DONE gbdt-adapter-score-weighted/denormal repeat=2/train 1.833s
# START gbdt-adapter-score-weighted/denormal repeat=2/infer-save-reload
# DONE gbdt-adapter-score-weighted/denormal repeat=2/infer-save-reload 0.000s
# START gbdt-adapter-score-weighted/denormal repeat=2/batch
# DONE gbdt-adapter-score-weighted/denormal repeat=2/batch 0.000s
# START gbdt-adapter-score-weighted/denormal repeat=2/batchgrad
# DONE gbdt-adapter-score-weighted/denormal repeat=2/batchgrad 0.000s
# START gbdt-adapter-score-weighted/denormal repeat=2/batchscale
# DONE gbdt-adapter-score-weighted/denormal repeat=2/batchscale 0.000s
# START gbdt-adapter-score-weighted/denormal repeat=2/ragged
# DONE gbdt-adapter-score-weighted/denormal repeat=2/ragged 0.000s
# START gbdt-adapter-score-weighted/denormal repeat=2/stepfull
# DONE gbdt-adapter-score-weighted/denormal repeat=2/stepfull 0.000s
# CELL gbdt-adapter-score-weighted/denormal STABLE 3.659s
# START gbdt-adapter-score-weighted/denormal_ftz repeat=1/train
# DONE gbdt-adapter-score-weighted/denormal_ftz repeat=1/train 1.828s
# START gbdt-adapter-score-weighted/denormal_ftz repeat=1/infer-save-reload
# DONE gbdt-adapter-score-weighted/denormal_ftz repeat=1/infer-save-reload 0.000s
# START gbdt-adapter-score-weighted/denormal_ftz repeat=1/batch
# DONE gbdt-adapter-score-weighted/denormal_ftz repeat=1/batch 0.000s
# START gbdt-adapter-score-weighted/denormal_ftz repeat=1/batchgrad
# DONE gbdt-adapter-score-weighted/denormal_ftz repeat=1/batchgrad 0.000s
# START gbdt-adapter-score-weighted/denormal_ftz repeat=1/batchscale
# DONE gbdt-adapter-score-weighted/denormal_ftz repeat=1/batchscale 0.000s
# START gbdt-adapter-score-weighted/denormal_ftz repeat=1/ragged
# DONE gbdt-adapter-score-weighted/denormal_ftz repeat=1/ragged 0.000s
# START gbdt-adapter-score-weighted/denormal_ftz repeat=1/stepfull
# DONE gbdt-adapter-score-weighted/denormal_ftz repeat=1/stepfull 0.000s
# START gbdt-adapter-score-weighted/denormal_ftz repeat=2/train
# DONE gbdt-adapter-score-weighted/denormal_ftz repeat=2/train 1.836s
# START gbdt-adapter-score-weighted/denormal_ftz repeat=2/infer-save-reload
# DONE gbdt-adapter-score-weighted/denormal_ftz repeat=2/infer-save-reload 0.000s
# START gbdt-adapter-score-weighted/denormal_ftz repeat=2/batch
# DONE gbdt-adapter-score-weighted/denormal_ftz repeat=2/batch 0.000s
# START gbdt-adapter-score-weighted/denormal_ftz repeat=2/batchgrad
# DONE gbdt-adapter-score-weighted/denormal_ftz repeat=2/batchgrad 0.000s
# START gbdt-adapter-score-weighted/denormal_ftz repeat=2/batchscale
# DONE gbdt-adapter-score-weighted/denormal_ftz repeat=2/batchscale 0.000s
# START gbdt-adapter-score-weighted/denormal_ftz repeat=2/ragged
# DONE gbdt-adapter-score-weighted/denormal_ftz repeat=2/ragged 0.000s
# START gbdt-adapter-score-weighted/denormal_ftz repeat=2/stepfull
# DONE gbdt-adapter-score-weighted/denormal_ftz repeat=2/stepfull 0.000s
# CELL gbdt-adapter-score-weighted/denormal_ftz STABLE 3.665s
# START gbdt-adapter-score-weighted/dupes repeat=1/train
# DONE gbdt-adapter-score-weighted/dupes repeat=1/train 1.831s
# START gbdt-adapter-score-weighted/dupes repeat=1/infer-save-reload
# DONE gbdt-adapter-score-weighted/dupes repeat=1/infer-save-reload 0.000s
# START gbdt-adapter-score-weighted/dupes repeat=1/batch
# DONE gbdt-adapter-score-weighted/dupes repeat=1/batch 0.000s
# START gbdt-adapter-score-weighted/dupes repeat=1/batchgrad
# DONE gbdt-adapter-score-weighted/dupes repeat=1/batchgrad 0.000s
# START gbdt-adapter-score-weighted/dupes repeat=1/batchscale
# DONE gbdt-adapter-score-weighted/dupes repeat=1/batchscale 0.000s
# START gbdt-adapter-score-weighted/dupes repeat=1/ragged
# DONE gbdt-adapter-score-weighted/dupes repeat=1/ragged 0.000s
# START gbdt-adapter-score-weighted/dupes repeat=1/stepfull
# DONE gbdt-adapter-score-weighted/dupes repeat=1/stepfull 0.000s
# START gbdt-adapter-score-weighted/dupes repeat=2/train
# DONE gbdt-adapter-score-weighted/dupes repeat=2/train 1.841s
# START gbdt-adapter-score-weighted/dupes repeat=2/infer-save-reload
# DONE gbdt-adapter-score-weighted/dupes repeat=2/infer-save-reload 0.000s
# START gbdt-adapter-score-weighted/dupes repeat=2/batch
# DONE gbdt-adapter-score-weighted/dupes repeat=2/batch 0.000s
# START gbdt-adapter-score-weighted/dupes repeat=2/batchgrad
# DONE gbdt-adapter-score-weighted/dupes repeat=2/batchgrad 0.000s
# START gbdt-adapter-score-weighted/dupes repeat=2/batchscale
# DONE gbdt-adapter-score-weighted/dupes repeat=2/batchscale 0.000s
# START gbdt-adapter-score-weighted/dupes repeat=2/ragged
# DONE gbdt-adapter-score-weighted/dupes repeat=2/ragged 0.000s
# START gbdt-adapter-score-weighted/dupes repeat=2/stepfull
# DONE gbdt-adapter-score-weighted/dupes repeat=2/stepfull 0.000s
# CELL gbdt-adapter-score-weighted/dupes STABLE 3.673s
# START gbdt-adapter-score-weighted/odd repeat=1/train
# DONE gbdt-adapter-score-weighted/odd repeat=1/train 1.873s
# START gbdt-adapter-score-weighted/odd repeat=1/infer-save-reload
# DONE gbdt-adapter-score-weighted/odd repeat=1/infer-save-reload 0.000s
# START gbdt-adapter-score-weighted/odd repeat=1/batch
# DONE gbdt-adapter-score-weighted/odd repeat=1/batch 0.000s
# START gbdt-adapter-score-weighted/odd repeat=1/batchgrad
# DONE gbdt-adapter-score-weighted/odd repeat=1/batchgrad 0.000s
# START gbdt-adapter-score-weighted/odd repeat=1/batchscale
# DONE gbdt-adapter-score-weighted/odd repeat=1/batchscale 0.000s
# START gbdt-adapter-score-weighted/odd repeat=1/ragged
# DONE gbdt-adapter-score-weighted/odd repeat=1/ragged 0.000s
# START gbdt-adapter-score-weighted/odd repeat=1/stepfull
# DONE gbdt-adapter-score-weighted/odd repeat=1/stepfull 0.000s
# START gbdt-adapter-score-weighted/odd repeat=2/train
# DONE gbdt-adapter-score-weighted/odd repeat=2/train 1.868s
# START gbdt-adapter-score-weighted/odd repeat=2/infer-save-reload
# DONE gbdt-adapter-score-weighted/odd repeat=2/infer-save-reload 0.000s
# START gbdt-adapter-score-weighted/odd repeat=2/batch
# DONE gbdt-adapter-score-weighted/odd repeat=2/batch 0.000s
# START gbdt-adapter-score-weighted/odd repeat=2/batchgrad
# DONE gbdt-adapter-score-weighted/odd repeat=2/batchgrad 0.000s
# START gbdt-adapter-score-weighted/odd repeat=2/batchscale
# DONE gbdt-adapter-score-weighted/odd repeat=2/batchscale 0.000s
# START gbdt-adapter-score-weighted/odd repeat=2/ragged
# DONE gbdt-adapter-score-weighted/odd repeat=2/ragged 0.000s
# START gbdt-adapter-score-weighted/odd repeat=2/stepfull
# DONE gbdt-adapter-score-weighted/odd repeat=2/stepfull 0.000s
# CELL gbdt-adapter-score-weighted/odd STABLE 3.742s
# START gbdt-adapter-score-weighted/negative repeat=1/train
# DONE gbdt-adapter-score-weighted/negative repeat=1/train 1.888s
# START gbdt-adapter-score-weighted/negative repeat=1/infer-save-reload
# DONE gbdt-adapter-score-weighted/negative repeat=1/infer-save-reload 0.000s
# START gbdt-adapter-score-weighted/negative repeat=1/batch
# DONE gbdt-adapter-score-weighted/negative repeat=1/batch 0.000s
# START gbdt-adapter-score-weighted/negative repeat=1/batchgrad
# DONE gbdt-adapter-score-weighted/negative repeat=1/batchgrad 0.000s
# START gbdt-adapter-score-weighted/negative repeat=1/batchscale
# DONE gbdt-adapter-score-weighted/negative repeat=1/batchscale 0.000s
# START gbdt-adapter-score-weighted/negative repeat=1/ragged
# DONE gbdt-adapter-score-weighted/negative repeat=1/ragged 0.000s
# START gbdt-adapter-score-weighted/negative repeat=1/stepfull
# DONE gbdt-adapter-score-weighted/negative repeat=1/stepfull 0.000s
# START gbdt-adapter-score-weighted/negative repeat=2/train
# DONE gbdt-adapter-score-weighted/negative repeat=2/train 1.876s
# START gbdt-adapter-score-weighted/negative repeat=2/infer-save-reload
# DONE gbdt-adapter-score-weighted/negative repeat=2/infer-save-reload 0.000s
# START gbdt-adapter-score-weighted/negative repeat=2/batch
# DONE gbdt-adapter-score-weighted/negative repeat=2/batch 0.000s
# START gbdt-adapter-score-weighted/negative repeat=2/batchgrad
# DONE gbdt-adapter-score-weighted/negative repeat=2/batchgrad 0.000s
# START gbdt-adapter-score-weighted/negative repeat=2/batchscale
# DONE gbdt-adapter-score-weighted/negative repeat=2/batchscale 0.000s
# START gbdt-adapter-score-weighted/negative repeat=2/ragged
# DONE gbdt-adapter-score-weighted/negative repeat=2/ragged 0.000s
# START gbdt-adapter-score-weighted/negative repeat=2/stepfull
# DONE gbdt-adapter-score-weighted/negative repeat=2/stepfull 0.000s
# CELL gbdt-adapter-score-weighted/negative STABLE 3.765s
| gbdt-adapter-score-weighted | ae3c39664f27e85c | 49d69cf33455deff | 21cb86d4d5b0cf68 | 9e9bcf5b8c20ea67 | 711523108c778756 | 711523108c778756 | f699f0bcb8e65f40 | 8df47bf3ffefa2cb | bd79a273c43a8f2e |
# START byte-lm-resident/base repeat=1/train
# DONE byte-lm-resident/base repeat=1/train 0.033s
# START byte-lm-resident/base repeat=1/infer-save-reload
# DONE byte-lm-resident/base repeat=1/infer-save-reload 0.045s
# START byte-lm-resident/base repeat=1/batch
# DONE byte-lm-resident/base repeat=1/batch 0.026s
# START byte-lm-resident/base repeat=1/batchgrad
# DONE byte-lm-resident/base repeat=1/batchgrad 0.000s
# START byte-lm-resident/base repeat=1/batchscale
# DONE byte-lm-resident/base repeat=1/batchscale 0.296s
# START byte-lm-resident/base repeat=1/ragged
# DONE byte-lm-resident/base repeat=1/ragged 0.035s
# START byte-lm-resident/base repeat=1/stepfull
# DONE byte-lm-resident/base repeat=1/stepfull 0.000s
# START byte-lm-resident/base repeat=1/rlpair
# DONE byte-lm-resident/base repeat=1/rlpair 0.121s
# START byte-lm-resident/base repeat=2/train
# DONE byte-lm-resident/base repeat=2/train 0.028s
# START byte-lm-resident/base repeat=2/infer-save-reload
# DONE byte-lm-resident/base repeat=2/infer-save-reload 0.045s
# START byte-lm-resident/base repeat=2/batch
# DONE byte-lm-resident/base repeat=2/batch 0.021s
# START byte-lm-resident/base repeat=2/batchgrad
# DONE byte-lm-resident/base repeat=2/batchgrad 0.000s
# START byte-lm-resident/base repeat=2/batchscale
# DONE byte-lm-resident/base repeat=2/batchscale 0.287s
# START byte-lm-resident/base repeat=2/ragged
# DONE byte-lm-resident/base repeat=2/ragged 0.043s
# START byte-lm-resident/base repeat=2/stepfull
# DONE byte-lm-resident/base repeat=2/stepfull 0.000s
# START byte-lm-resident/base repeat=2/rlpair
# DONE byte-lm-resident/base repeat=2/rlpair 0.122s
# CELL byte-lm-resident/base STABLE 1.104s
# START byte-lm-resident/ties repeat=1/train
# DONE byte-lm-resident/ties repeat=1/train 0.030s
# START byte-lm-resident/ties repeat=1/infer-save-reload
# DONE byte-lm-resident/ties repeat=1/infer-save-reload 0.043s
# START byte-lm-resident/ties repeat=1/batch
# DONE byte-lm-resident/ties repeat=1/batch 0.021s
# START byte-lm-resident/ties repeat=1/batchgrad
# DONE byte-lm-resident/ties repeat=1/batchgrad 0.000s
# START byte-lm-resident/ties repeat=1/batchscale
# DONE byte-lm-resident/ties repeat=1/batchscale 0.253s
# START byte-lm-resident/ties repeat=1/ragged
# DONE byte-lm-resident/ties repeat=1/ragged 0.048s
# START byte-lm-resident/ties repeat=1/stepfull
# DONE byte-lm-resident/ties repeat=1/stepfull 0.000s
# START byte-lm-resident/ties repeat=1/rlpair
# DONE byte-lm-resident/ties repeat=1/rlpair 0.123s
# START byte-lm-resident/ties repeat=2/train
# DONE byte-lm-resident/ties repeat=2/train 0.028s
# START byte-lm-resident/ties repeat=2/infer-save-reload
# DONE byte-lm-resident/ties repeat=2/infer-save-reload 0.037s
# START byte-lm-resident/ties repeat=2/batch
# DONE byte-lm-resident/ties repeat=2/batch 0.021s
# START byte-lm-resident/ties repeat=2/batchgrad
# DONE byte-lm-resident/ties repeat=2/batchgrad 0.000s
# START byte-lm-resident/ties repeat=2/batchscale
# DONE byte-lm-resident/ties repeat=2/batchscale 0.278s
# START byte-lm-resident/ties repeat=2/ragged
# DONE byte-lm-resident/ties repeat=2/ragged 0.042s
# START byte-lm-resident/ties repeat=2/stepfull
# DONE byte-lm-resident/ties repeat=2/stepfull 0.000s
# START byte-lm-resident/ties repeat=2/rlpair
# DONE byte-lm-resident/ties repeat=2/rlpair 0.122s
# CELL byte-lm-resident/ties STABLE 1.049s
# START byte-lm-resident/hashed repeat=1/train
# DONE byte-lm-resident/hashed repeat=1/train 0.029s
# START byte-lm-resident/hashed repeat=1/infer-save-reload
# DONE byte-lm-resident/hashed repeat=1/infer-save-reload 0.035s
# START byte-lm-resident/hashed repeat=1/batch
# DONE byte-lm-resident/hashed repeat=1/batch 0.021s
# START byte-lm-resident/hashed repeat=1/batchgrad
# DONE byte-lm-resident/hashed repeat=1/batchgrad 0.000s
# START byte-lm-resident/hashed repeat=1/batchscale
# DONE byte-lm-resident/hashed repeat=1/batchscale 0.282s
# START byte-lm-resident/hashed repeat=1/ragged
# DONE byte-lm-resident/hashed repeat=1/ragged 0.076s
# START byte-lm-resident/hashed repeat=1/stepfull
# DONE byte-lm-resident/hashed repeat=1/stepfull 0.000s
# START byte-lm-resident/hashed repeat=1/rlpair
# DONE byte-lm-resident/hashed repeat=1/rlpair 0.128s
# START byte-lm-resident/hashed repeat=2/train
# DONE byte-lm-resident/hashed repeat=2/train 0.028s
# START byte-lm-resident/hashed repeat=2/infer-save-reload
# DONE byte-lm-resident/hashed repeat=2/infer-save-reload 0.049s
# START byte-lm-resident/hashed repeat=2/batch
# DONE byte-lm-resident/hashed repeat=2/batch 0.023s
# START byte-lm-resident/hashed repeat=2/batchgrad
# DONE byte-lm-resident/hashed repeat=2/batchgrad 0.000s
# START byte-lm-resident/hashed repeat=2/batchscale
# DONE byte-lm-resident/hashed repeat=2/batchscale 0.274s
# START byte-lm-resident/hashed repeat=2/ragged
# DONE byte-lm-resident/hashed repeat=2/ragged 0.059s
# START byte-lm-resident/hashed repeat=2/stepfull
# DONE byte-lm-resident/hashed repeat=2/stepfull 0.000s
# START byte-lm-resident/hashed repeat=2/rlpair
# DONE byte-lm-resident/hashed repeat=2/rlpair 0.125s
# CELL byte-lm-resident/hashed STABLE 1.131s
# START byte-lm-resident/wide repeat=1/train
# DONE byte-lm-resident/wide repeat=1/train 0.029s
# START byte-lm-resident/wide repeat=1/infer-save-reload
# DONE byte-lm-resident/wide repeat=1/infer-save-reload 0.048s
# START byte-lm-resident/wide repeat=1/batch
# DONE byte-lm-resident/wide repeat=1/batch 0.022s
# START byte-lm-resident/wide repeat=1/batchgrad
# DONE byte-lm-resident/wide repeat=1/batchgrad 0.000s
# START byte-lm-resident/wide repeat=1/batchscale
# DONE byte-lm-resident/wide repeat=1/batchscale 0.287s
# START byte-lm-resident/wide repeat=1/ragged
# DONE byte-lm-resident/wide repeat=1/ragged 0.068s
# START byte-lm-resident/wide repeat=1/stepfull
# DONE byte-lm-resident/wide repeat=1/stepfull 0.000s
# START byte-lm-resident/wide repeat=1/rlpair
# DONE byte-lm-resident/wide repeat=1/rlpair 0.120s
# START byte-lm-resident/wide repeat=2/train
# DONE byte-lm-resident/wide repeat=2/train 0.028s
# START byte-lm-resident/wide repeat=2/infer-save-reload
# DONE byte-lm-resident/wide repeat=2/infer-save-reload 0.041s
# START byte-lm-resident/wide repeat=2/batch
# DONE byte-lm-resident/wide repeat=2/batch 0.023s
# START byte-lm-resident/wide repeat=2/batchgrad
# DONE byte-lm-resident/wide repeat=2/batchgrad 0.000s
# START byte-lm-resident/wide repeat=2/batchscale
# DONE byte-lm-resident/wide repeat=2/batchscale 0.244s
# START byte-lm-resident/wide repeat=2/ragged
# DONE byte-lm-resident/wide repeat=2/ragged 0.044s
# START byte-lm-resident/wide repeat=2/stepfull
# DONE byte-lm-resident/wide repeat=2/stepfull 0.000s
# START byte-lm-resident/wide repeat=2/rlpair
# DONE byte-lm-resident/wide repeat=2/rlpair 0.121s
# CELL byte-lm-resident/wide STABLE 1.076s
# START byte-lm-resident/denormal repeat=1/train
# DONE byte-lm-resident/denormal repeat=1/train 0.029s
# START byte-lm-resident/denormal repeat=1/infer-save-reload
# DONE byte-lm-resident/denormal repeat=1/infer-save-reload 0.038s
# START byte-lm-resident/denormal repeat=1/batch
# DONE byte-lm-resident/denormal repeat=1/batch 0.023s
# START byte-lm-resident/denormal repeat=1/batchgrad
# DONE byte-lm-resident/denormal repeat=1/batchgrad 0.000s
# START byte-lm-resident/denormal repeat=1/batchscale
# DONE byte-lm-resident/denormal repeat=1/batchscale 0.281s
# START byte-lm-resident/denormal repeat=1/ragged
# DONE byte-lm-resident/denormal repeat=1/ragged 0.036s
# START byte-lm-resident/denormal repeat=1/stepfull
# DONE byte-lm-resident/denormal repeat=1/stepfull 0.000s
# START byte-lm-resident/denormal repeat=1/rlpair
# DONE byte-lm-resident/denormal repeat=1/rlpair 0.119s
# START byte-lm-resident/denormal repeat=2/train
# DONE byte-lm-resident/denormal repeat=2/train 0.028s
# START byte-lm-resident/denormal repeat=2/infer-save-reload
# DONE byte-lm-resident/denormal repeat=2/infer-save-reload 0.042s
# START byte-lm-resident/denormal repeat=2/batch
# DONE byte-lm-resident/denormal repeat=2/batch 0.023s
# START byte-lm-resident/denormal repeat=2/batchgrad
# DONE byte-lm-resident/denormal repeat=2/batchgrad 0.000s
# START byte-lm-resident/denormal repeat=2/batchscale
# DONE byte-lm-resident/denormal repeat=2/batchscale 0.272s
# START byte-lm-resident/denormal repeat=2/ragged
# DONE byte-lm-resident/denormal repeat=2/ragged 0.040s
# START byte-lm-resident/denormal repeat=2/stepfull
# DONE byte-lm-resident/denormal repeat=2/stepfull 0.000s
# START byte-lm-resident/denormal repeat=2/rlpair
# DONE byte-lm-resident/denormal repeat=2/rlpair 0.120s
# CELL byte-lm-resident/denormal STABLE 1.051s
# START byte-lm-resident/denormal_ftz repeat=1/train
# DONE byte-lm-resident/denormal_ftz repeat=1/train 0.029s
# START byte-lm-resident/denormal_ftz repeat=1/infer-save-reload
# DONE byte-lm-resident/denormal_ftz repeat=1/infer-save-reload 0.035s
# START byte-lm-resident/denormal_ftz repeat=1/batch
# DONE byte-lm-resident/denormal_ftz repeat=1/batch 0.022s
# START byte-lm-resident/denormal_ftz repeat=1/batchgrad
# DONE byte-lm-resident/denormal_ftz repeat=1/batchgrad 0.000s
# START byte-lm-resident/denormal_ftz repeat=1/batchscale
# DONE byte-lm-resident/denormal_ftz repeat=1/batchscale 0.235s
# START byte-lm-resident/denormal_ftz repeat=1/ragged
# DONE byte-lm-resident/denormal_ftz repeat=1/ragged 0.033s
# START byte-lm-resident/denormal_ftz repeat=1/stepfull
# DONE byte-lm-resident/denormal_ftz repeat=1/stepfull 0.000s
# START byte-lm-resident/denormal_ftz repeat=1/rlpair
# DONE byte-lm-resident/denormal_ftz repeat=1/rlpair 0.122s
# START byte-lm-resident/denormal_ftz repeat=2/train
# DONE byte-lm-resident/denormal_ftz repeat=2/train 0.028s
# START byte-lm-resident/denormal_ftz repeat=2/infer-save-reload
# DONE byte-lm-resident/denormal_ftz repeat=2/infer-save-reload 0.049s
# START byte-lm-resident/denormal_ftz repeat=2/batch
# DONE byte-lm-resident/denormal_ftz repeat=2/batch 0.021s
# START byte-lm-resident/denormal_ftz repeat=2/batchgrad
# DONE byte-lm-resident/denormal_ftz repeat=2/batchgrad 0.000s
# START byte-lm-resident/denormal_ftz repeat=2/batchscale
# DONE byte-lm-resident/denormal_ftz repeat=2/batchscale 0.276s
# START byte-lm-resident/denormal_ftz repeat=2/ragged
# DONE byte-lm-resident/denormal_ftz repeat=2/ragged 0.050s
# START byte-lm-resident/denormal_ftz repeat=2/stepfull
# DONE byte-lm-resident/denormal_ftz repeat=2/stepfull 0.000s
# START byte-lm-resident/denormal_ftz repeat=2/rlpair
# DONE byte-lm-resident/denormal_ftz repeat=2/rlpair 0.121s
# CELL byte-lm-resident/denormal_ftz STABLE 1.022s
# START byte-lm-resident/dupes repeat=1/train
# DONE byte-lm-resident/dupes repeat=1/train 0.028s
# START byte-lm-resident/dupes repeat=1/infer-save-reload
# DONE byte-lm-resident/dupes repeat=1/infer-save-reload 0.035s
# START byte-lm-resident/dupes repeat=1/batch
# DONE byte-lm-resident/dupes repeat=1/batch 0.020s
# START byte-lm-resident/dupes repeat=1/batchgrad
# DONE byte-lm-resident/dupes repeat=1/batchgrad 0.000s
# START byte-lm-resident/dupes repeat=1/batchscale
# DONE byte-lm-resident/dupes repeat=1/batchscale 0.268s
# START byte-lm-resident/dupes repeat=1/ragged
# DONE byte-lm-resident/dupes repeat=1/ragged 0.051s
# START byte-lm-resident/dupes repeat=1/stepfull
# DONE byte-lm-resident/dupes repeat=1/stepfull 0.000s
# START byte-lm-resident/dupes repeat=1/rlpair
# DONE byte-lm-resident/dupes repeat=1/rlpair 0.119s
# START byte-lm-resident/dupes repeat=2/train
# DONE byte-lm-resident/dupes repeat=2/train 0.028s
# START byte-lm-resident/dupes repeat=2/infer-save-reload
# DONE byte-lm-resident/dupes repeat=2/infer-save-reload 0.040s
# START byte-lm-resident/dupes repeat=2/batch
# DONE byte-lm-resident/dupes repeat=2/batch 0.029s
# START byte-lm-resident/dupes repeat=2/batchgrad
# DONE byte-lm-resident/dupes repeat=2/batchgrad 0.000s
# START byte-lm-resident/dupes repeat=2/batchscale
# DONE byte-lm-resident/dupes repeat=2/batchscale 0.238s
# START byte-lm-resident/dupes repeat=2/ragged
# DONE byte-lm-resident/dupes repeat=2/ragged 0.035s
# START byte-lm-resident/dupes repeat=2/stepfull
# DONE byte-lm-resident/dupes repeat=2/stepfull 0.000s
# START byte-lm-resident/dupes repeat=2/rlpair
# DONE byte-lm-resident/dupes repeat=2/rlpair 0.119s
# CELL byte-lm-resident/dupes STABLE 1.010s
# START byte-lm-resident/odd repeat=1/train
# DONE byte-lm-resident/odd repeat=1/train 0.029s
# START byte-lm-resident/odd repeat=1/infer-save-reload
# DONE byte-lm-resident/odd repeat=1/infer-save-reload 0.035s
# START byte-lm-resident/odd repeat=1/batch
# DONE byte-lm-resident/odd repeat=1/batch 0.021s
# START byte-lm-resident/odd repeat=1/batchgrad
# DONE byte-lm-resident/odd repeat=1/batchgrad 0.000s
# START byte-lm-resident/odd repeat=1/batchscale
# DONE byte-lm-resident/odd repeat=1/batchscale 0.261s
# START byte-lm-resident/odd repeat=1/ragged
# DONE byte-lm-resident/odd repeat=1/ragged 0.035s
# START byte-lm-resident/odd repeat=1/stepfull
# DONE byte-lm-resident/odd repeat=1/stepfull 0.000s
# START byte-lm-resident/odd repeat=1/rlpair
# DONE byte-lm-resident/odd repeat=1/rlpair 0.118s
# START byte-lm-resident/odd repeat=2/train
# DONE byte-lm-resident/odd repeat=2/train 0.027s
# START byte-lm-resident/odd repeat=2/infer-save-reload
# DONE byte-lm-resident/odd repeat=2/infer-save-reload 0.044s
# START byte-lm-resident/odd repeat=2/batch
# DONE byte-lm-resident/odd repeat=2/batch 0.022s
# START byte-lm-resident/odd repeat=2/batchgrad
# DONE byte-lm-resident/odd repeat=2/batchgrad 0.000s
# START byte-lm-resident/odd repeat=2/batchscale
# DONE byte-lm-resident/odd repeat=2/batchscale 0.245s
# START byte-lm-resident/odd repeat=2/ragged
# DONE byte-lm-resident/odd repeat=2/ragged 0.034s
# START byte-lm-resident/odd repeat=2/stepfull
# DONE byte-lm-resident/odd repeat=2/stepfull 0.000s
# START byte-lm-resident/odd repeat=2/rlpair
# DONE byte-lm-resident/odd repeat=2/rlpair 0.119s
# CELL byte-lm-resident/odd STABLE 0.991s
# START byte-lm-resident/negative repeat=1/train
# DONE byte-lm-resident/negative repeat=1/train 0.028s
# START byte-lm-resident/negative repeat=1/infer-save-reload
# DONE byte-lm-resident/negative repeat=1/infer-save-reload 0.035s
# START byte-lm-resident/negative repeat=1/batch
# DONE byte-lm-resident/negative repeat=1/batch 0.022s
# START byte-lm-resident/negative repeat=1/batchgrad
# DONE byte-lm-resident/negative repeat=1/batchgrad 0.000s
# START byte-lm-resident/negative repeat=1/batchscale
# DONE byte-lm-resident/negative repeat=1/batchscale 0.219s
# START byte-lm-resident/negative repeat=1/ragged
# DONE byte-lm-resident/negative repeat=1/ragged 0.040s
# START byte-lm-resident/negative repeat=1/stepfull
# DONE byte-lm-resident/negative repeat=1/stepfull 0.000s
# START byte-lm-resident/negative repeat=1/rlpair
# DONE byte-lm-resident/negative repeat=1/rlpair 0.120s
# START byte-lm-resident/negative repeat=2/train
# DONE byte-lm-resident/negative repeat=2/train 0.028s
# START byte-lm-resident/negative repeat=2/infer-save-reload
# DONE byte-lm-resident/negative repeat=2/infer-save-reload 0.042s
# START byte-lm-resident/negative repeat=2/batch
# DONE byte-lm-resident/negative repeat=2/batch 0.021s
# START byte-lm-resident/negative repeat=2/batchgrad
# DONE byte-lm-resident/negative repeat=2/batchgrad 0.000s
# START byte-lm-resident/negative repeat=2/batchscale
# DONE byte-lm-resident/negative repeat=2/batchscale 0.216s
# START byte-lm-resident/negative repeat=2/ragged
# DONE byte-lm-resident/negative repeat=2/ragged 0.030s
# START byte-lm-resident/negative repeat=2/stepfull
# DONE byte-lm-resident/negative repeat=2/stepfull 0.000s
# START byte-lm-resident/negative repeat=2/rlpair
# DONE byte-lm-resident/negative repeat=2/rlpair 0.119s
# CELL byte-lm-resident/negative STABLE 0.920s
| byte-lm-resident       | 927bd17804146a19 | 2629f45813116b52 | d8d7a74a4561e5e1 | a3a875b3bb416c51 | 37ba1aca6bef01e0 | 4e46b35272dc3503 | cee101dfc044a77b | 927bd17804146a19 | 78f0841203c636cc |
| byte-lm-resident infer | ffeae35e1b813aeb | f277350668fee3ff | ff7b20906d51dcea | 0f199b824dd067a2 | b4038b4b76ea0af7 | 7a412c5bdfe1889f | 3b51cc790aacad0b | ffeae35e1b813aeb | f472ba82a7e4aedb |
| byte-lm-resident model | c73f66c106f2d61a | 0ed59c7e6ce30e78 | 6cf828daaf35413f | 7a8858c6b2494bee | bc4f1d026135a2ff | 38595532d88109d6 | 310a869b95d631f0 | c73f66c106f2d61a | 68d79bfb5854996d |
| byte-lm-resident batch | ee2a9214267587a0 | f5f52b3359601e15 | 77536a601441c009 | b26e34c8fa493fc4 | c31fd69fbc46d445 | 2c3db4c362cae5c9 | a6214bcd27167a9d | ee2a9214267587a0 | 012698e8a71c8000 |
| byte-lm-resident rlpair | 665252bdfe8f1ea6 | a64f5ddbde30a180 | d08be9c4b226fb55 | 1c42e66807ea6852 | aba195f8c27de6bf | b0ab2fb0c52a5249 | 57c276fa4068f814 | 665252bdfe8f1ea6 | 007d95c6f3cc8fbd |
| byte-lm-resident batchscale | 90afa0a086162362 | 285cb51f2c85c182 | 72954068bffc9e9f | 5e60cf1664fa5bd0 | c9beb3603f7897ad | 1d5a5067ea2ff988 | e310f63c4002008b | 93ec00f83e1d8a5d | 0d33baab41c046d6 |
| byte-lm-resident ragged | 460826152a021cc9 | 687840cc9a6cd898 | 5c4bb66ba2f3f021 | 4083a9eb69d9b5fe | 3b835d89669e7975 | 465eed37c8b124dd | a9f9c46b736fcf5d | 460826152a021cc9 | 4891b7c424b08cdd |
# START kmeans-random/base repeat=1/train
# DONE kmeans-random/base repeat=1/train 2.358s
# START kmeans-random/base repeat=1/infer-save-reload
# DONE kmeans-random/base repeat=1/infer-save-reload 0.110s
# START kmeans-random/base repeat=1/batch
# DONE kmeans-random/base repeat=1/batch 0.142s
# START kmeans-random/base repeat=1/batchgrad
# DONE kmeans-random/base repeat=1/batchgrad 0.000s
# START kmeans-random/base repeat=1/batchscale
# DONE kmeans-random/base repeat=1/batchscale 0.000s
# START kmeans-random/base repeat=1/ragged
# DONE kmeans-random/base repeat=1/ragged 0.000s
# START kmeans-random/base repeat=1/stepfull
# DONE kmeans-random/base repeat=1/stepfull 0.000s
# START kmeans-random/base repeat=2/train
# DONE kmeans-random/base repeat=2/train 2.353s
# START kmeans-random/base repeat=2/infer-save-reload
# DONE kmeans-random/base repeat=2/infer-save-reload 0.108s
# START kmeans-random/base repeat=2/batch
# DONE kmeans-random/base repeat=2/batch 0.144s
# START kmeans-random/base repeat=2/batchgrad
# DONE kmeans-random/base repeat=2/batchgrad 0.000s
# START kmeans-random/base repeat=2/batchscale
# DONE kmeans-random/base repeat=2/batchscale 0.000s
# START kmeans-random/base repeat=2/ragged
# DONE kmeans-random/base repeat=2/ragged 0.000s
# START kmeans-random/base repeat=2/stepfull
# DONE kmeans-random/base repeat=2/stepfull 0.000s
# CELL kmeans-random/base STABLE 5.216s
# START kmeans-random/ties repeat=1/train
# DONE kmeans-random/ties repeat=1/train 7.607s
# START kmeans-random/ties repeat=1/infer-save-reload
# DONE kmeans-random/ties repeat=1/infer-save-reload 0.160s
# START kmeans-random/ties repeat=1/batch
# DONE kmeans-random/ties repeat=1/batch 0.172s
# START kmeans-random/ties repeat=1/batchgrad
# DONE kmeans-random/ties repeat=1/batchgrad 0.000s
# START kmeans-random/ties repeat=1/batchscale
# DONE kmeans-random/ties repeat=1/batchscale 0.000s
# START kmeans-random/ties repeat=1/ragged
# DONE kmeans-random/ties repeat=1/ragged 0.000s
# START kmeans-random/ties repeat=1/stepfull
# DONE kmeans-random/ties repeat=1/stepfull 0.000s
# START kmeans-random/ties repeat=2/train
# DONE kmeans-random/ties repeat=2/train 7.551s
# START kmeans-random/ties repeat=2/infer-save-reload
# DONE kmeans-random/ties repeat=2/infer-save-reload 0.160s
# START kmeans-random/ties repeat=2/batch
# DONE kmeans-random/ties repeat=2/batch 0.169s
# START kmeans-random/ties repeat=2/batchgrad
# DONE kmeans-random/ties repeat=2/batchgrad 0.000s
# START kmeans-random/ties repeat=2/batchscale
# DONE kmeans-random/ties repeat=2/batchscale 0.000s
# START kmeans-random/ties repeat=2/ragged
# DONE kmeans-random/ties repeat=2/ragged 0.000s
# START kmeans-random/ties repeat=2/stepfull
# DONE kmeans-random/ties repeat=2/stepfull 0.000s
# CELL kmeans-random/ties STABLE 15.819s
# START kmeans-random/hashed repeat=1/train
# DONE kmeans-random/hashed repeat=1/train 2.497s
# START kmeans-random/hashed repeat=1/infer-save-reload
# DONE kmeans-random/hashed repeat=1/infer-save-reload 0.106s
# START kmeans-random/hashed repeat=1/batch
# DONE kmeans-random/hashed repeat=1/batch 0.135s
# START kmeans-random/hashed repeat=1/batchgrad
# DONE kmeans-random/hashed repeat=1/batchgrad 0.000s
# START kmeans-random/hashed repeat=1/batchscale
# DONE kmeans-random/hashed repeat=1/batchscale 0.000s
# START kmeans-random/hashed repeat=1/ragged
# DONE kmeans-random/hashed repeat=1/ragged 0.000s
# START kmeans-random/hashed repeat=1/stepfull
# DONE kmeans-random/hashed repeat=1/stepfull 0.000s
# START kmeans-random/hashed repeat=2/train
# DONE kmeans-random/hashed repeat=2/train 2.511s
# START kmeans-random/hashed repeat=2/infer-save-reload
# DONE kmeans-random/hashed repeat=2/infer-save-reload 0.106s
# START kmeans-random/hashed repeat=2/batch
# DONE kmeans-random/hashed repeat=2/batch 0.139s
# START kmeans-random/hashed repeat=2/batchgrad
# DONE kmeans-random/hashed repeat=2/batchgrad 0.000s
# START kmeans-random/hashed repeat=2/batchscale
# DONE kmeans-random/hashed repeat=2/batchscale 0.000s
# START kmeans-random/hashed repeat=2/ragged
# DONE kmeans-random/hashed repeat=2/ragged 0.000s
# START kmeans-random/hashed repeat=2/stepfull
# DONE kmeans-random/hashed repeat=2/stepfull 0.000s
# CELL kmeans-random/hashed STABLE 5.495s
# START kmeans-random/wide repeat=1/train
# DONE kmeans-random/wide repeat=1/train 1.352s
# START kmeans-random/wide repeat=1/infer-save-reload
# DONE kmeans-random/wide repeat=1/infer-save-reload 0.101s
# START kmeans-random/wide repeat=1/batch
# DONE kmeans-random/wide repeat=1/batch 0.148s
# START kmeans-random/wide repeat=1/batchgrad
# DONE kmeans-random/wide repeat=1/batchgrad 0.000s
# START kmeans-random/wide repeat=1/batchscale
# DONE kmeans-random/wide repeat=1/batchscale 0.000s
# START kmeans-random/wide repeat=1/ragged
# DONE kmeans-random/wide repeat=1/ragged 0.000s
# START kmeans-random/wide repeat=1/stepfull
# DONE kmeans-random/wide repeat=1/stepfull 0.000s
# START kmeans-random/wide repeat=2/train
# DONE kmeans-random/wide repeat=2/train 1.357s
# START kmeans-random/wide repeat=2/infer-save-reload
# DONE kmeans-random/wide repeat=2/infer-save-reload 0.102s
# START kmeans-random/wide repeat=2/batch
# DONE kmeans-random/wide repeat=2/batch 0.151s
# START kmeans-random/wide repeat=2/batchgrad
# DONE kmeans-random/wide repeat=2/batchgrad 0.000s
# START kmeans-random/wide repeat=2/batchscale
# DONE kmeans-random/wide repeat=2/batchscale 0.000s
# START kmeans-random/wide repeat=2/ragged
# DONE kmeans-random/wide repeat=2/ragged 0.000s
# START kmeans-random/wide repeat=2/stepfull
# DONE kmeans-random/wide repeat=2/stepfull 0.000s
# CELL kmeans-random/wide STABLE 3.212s
# START kmeans-random/denormal repeat=1/train
# DONE kmeans-random/denormal repeat=1/train 2.081s
# START kmeans-random/denormal repeat=1/infer-save-reload
# DONE kmeans-random/denormal repeat=1/infer-save-reload 0.108s
# START kmeans-random/denormal repeat=1/batch
# DONE kmeans-random/denormal repeat=1/batch 0.147s
# START kmeans-random/denormal repeat=1/batchgrad
# DONE kmeans-random/denormal repeat=1/batchgrad 0.000s
# START kmeans-random/denormal repeat=1/batchscale
# DONE kmeans-random/denormal repeat=1/batchscale 0.000s
# START kmeans-random/denormal repeat=1/ragged
# DONE kmeans-random/denormal repeat=1/ragged 0.000s
# START kmeans-random/denormal repeat=1/stepfull
# DONE kmeans-random/denormal repeat=1/stepfull 0.000s
# START kmeans-random/denormal repeat=2/train
# DONE kmeans-random/denormal repeat=2/train 2.078s
# START kmeans-random/denormal repeat=2/infer-save-reload
# DONE kmeans-random/denormal repeat=2/infer-save-reload 0.106s
# START kmeans-random/denormal repeat=2/batch
# DONE kmeans-random/denormal repeat=2/batch 0.147s
# START kmeans-random/denormal repeat=2/batchgrad
# DONE kmeans-random/denormal repeat=2/batchgrad 0.000s
# START kmeans-random/denormal repeat=2/batchscale
# DONE kmeans-random/denormal repeat=2/batchscale 0.000s
# START kmeans-random/denormal repeat=2/ragged
# DONE kmeans-random/denormal repeat=2/ragged 0.000s
# START kmeans-random/denormal repeat=2/stepfull
# DONE kmeans-random/denormal repeat=2/stepfull 0.000s
# CELL kmeans-random/denormal STABLE 4.669s
# START kmeans-random/denormal_ftz repeat=1/train
# DONE kmeans-random/denormal_ftz repeat=1/train 1.993s
# START kmeans-random/denormal_ftz repeat=1/infer-save-reload
# DONE kmeans-random/denormal_ftz repeat=1/infer-save-reload 0.107s
# START kmeans-random/denormal_ftz repeat=1/batch
# DONE kmeans-random/denormal_ftz repeat=1/batch 0.138s
# START kmeans-random/denormal_ftz repeat=1/batchgrad
# DONE kmeans-random/denormal_ftz repeat=1/batchgrad 0.000s
# START kmeans-random/denormal_ftz repeat=1/batchscale
# DONE kmeans-random/denormal_ftz repeat=1/batchscale 0.000s
# START kmeans-random/denormal_ftz repeat=1/ragged
# DONE kmeans-random/denormal_ftz repeat=1/ragged 0.000s
# START kmeans-random/denormal_ftz repeat=1/stepfull
# DONE kmeans-random/denormal_ftz repeat=1/stepfull 0.000s
# START kmeans-random/denormal_ftz repeat=2/train
# DONE kmeans-random/denormal_ftz repeat=2/train 2.002s
# START kmeans-random/denormal_ftz repeat=2/infer-save-reload
# DONE kmeans-random/denormal_ftz repeat=2/infer-save-reload 0.105s
# START kmeans-random/denormal_ftz repeat=2/batch
# DONE kmeans-random/denormal_ftz repeat=2/batch 0.146s
# START kmeans-random/denormal_ftz repeat=2/batchgrad
# DONE kmeans-random/denormal_ftz repeat=2/batchgrad 0.000s
# START kmeans-random/denormal_ftz repeat=2/batchscale
# DONE kmeans-random/denormal_ftz repeat=2/batchscale 0.000s
# START kmeans-random/denormal_ftz repeat=2/ragged
# DONE kmeans-random/denormal_ftz repeat=2/ragged 0.000s
# START kmeans-random/denormal_ftz repeat=2/stepfull
# DONE kmeans-random/denormal_ftz repeat=2/stepfull 0.000s
# CELL kmeans-random/denormal_ftz STABLE 4.493s
# START kmeans-random/dupes repeat=1/train
# DONE kmeans-random/dupes repeat=1/train 3.109s
# START kmeans-random/dupes repeat=1/infer-save-reload
# DONE kmeans-random/dupes repeat=1/infer-save-reload 0.106s
# START kmeans-random/dupes repeat=1/batch
# DONE kmeans-random/dupes repeat=1/batch 0.128s
# START kmeans-random/dupes repeat=1/batchgrad
# DONE kmeans-random/dupes repeat=1/batchgrad 0.000s
# START kmeans-random/dupes repeat=1/batchscale
# DONE kmeans-random/dupes repeat=1/batchscale 0.000s
# START kmeans-random/dupes repeat=1/ragged
# DONE kmeans-random/dupes repeat=1/ragged 0.000s
# START kmeans-random/dupes repeat=1/stepfull
# DONE kmeans-random/dupes repeat=1/stepfull 0.000s
# START kmeans-random/dupes repeat=2/train
# DONE kmeans-random/dupes repeat=2/train 3.118s
# START kmeans-random/dupes repeat=2/infer-save-reload
# DONE kmeans-random/dupes repeat=2/infer-save-reload 0.106s
# START kmeans-random/dupes repeat=2/batch
# DONE kmeans-random/dupes repeat=2/batch 0.150s
# START kmeans-random/dupes repeat=2/batchgrad
# DONE kmeans-random/dupes repeat=2/batchgrad 0.000s
# START kmeans-random/dupes repeat=2/batchscale
# DONE kmeans-random/dupes repeat=2/batchscale 0.000s
# START kmeans-random/dupes repeat=2/ragged
# DONE kmeans-random/dupes repeat=2/ragged 0.000s
# START kmeans-random/dupes repeat=2/stepfull
# DONE kmeans-random/dupes repeat=2/stepfull 0.000s
# CELL kmeans-random/dupes STABLE 6.719s
# START kmeans-random/odd repeat=1/train
# DONE kmeans-random/odd repeat=1/train 1.367s
# START kmeans-random/odd repeat=1/infer-save-reload
# DONE kmeans-random/odd repeat=1/infer-save-reload 0.067s
# START kmeans-random/odd repeat=1/batch
# DONE kmeans-random/odd repeat=1/batch 0.093s
# START kmeans-random/odd repeat=1/batchgrad
# DONE kmeans-random/odd repeat=1/batchgrad 0.000s
# START kmeans-random/odd repeat=1/batchscale
# DONE kmeans-random/odd repeat=1/batchscale 0.000s
# START kmeans-random/odd repeat=1/ragged
# DONE kmeans-random/odd repeat=1/ragged 0.000s
# START kmeans-random/odd repeat=1/stepfull
# DONE kmeans-random/odd repeat=1/stepfull 0.000s
# START kmeans-random/odd repeat=2/train
# DONE kmeans-random/odd repeat=2/train 1.369s
# START kmeans-random/odd repeat=2/infer-save-reload
# DONE kmeans-random/odd repeat=2/infer-save-reload 0.067s
# START kmeans-random/odd repeat=2/batch
# DONE kmeans-random/odd repeat=2/batch 0.081s
# START kmeans-random/odd repeat=2/batchgrad
# DONE kmeans-random/odd repeat=2/batchgrad 0.000s
# START kmeans-random/odd repeat=2/batchscale
# DONE kmeans-random/odd repeat=2/batchscale 0.000s
# START kmeans-random/odd repeat=2/ragged
# DONE kmeans-random/odd repeat=2/ragged 0.000s
# START kmeans-random/odd repeat=2/stepfull
# DONE kmeans-random/odd repeat=2/stepfull 0.000s
# CELL kmeans-random/odd STABLE 3.044s
# START kmeans-random/negative repeat=1/train
# DONE kmeans-random/negative repeat=1/train 0.764s
# START kmeans-random/negative repeat=1/infer-save-reload
# DONE kmeans-random/negative repeat=1/infer-save-reload 0.106s
# START kmeans-random/negative repeat=1/batch
# DONE kmeans-random/negative repeat=1/batch 0.139s
# START kmeans-random/negative repeat=1/batchgrad
# DONE kmeans-random/negative repeat=1/batchgrad 0.000s
# START kmeans-random/negative repeat=1/batchscale
# DONE kmeans-random/negative repeat=1/batchscale 0.000s
# START kmeans-random/negative repeat=1/ragged
# DONE kmeans-random/negative repeat=1/ragged 0.000s
# START kmeans-random/negative repeat=1/stepfull
# DONE kmeans-random/negative repeat=1/stepfull 0.000s
# START kmeans-random/negative repeat=2/train
# DONE kmeans-random/negative repeat=2/train 0.765s
# START kmeans-random/negative repeat=2/infer-save-reload
# DONE kmeans-random/negative repeat=2/infer-save-reload 0.108s
# START kmeans-random/negative repeat=2/batch
# DONE kmeans-random/negative repeat=2/batch 0.156s
# START kmeans-random/negative repeat=2/batchgrad
# DONE kmeans-random/negative repeat=2/batchgrad 0.000s
# START kmeans-random/negative repeat=2/batchscale
# DONE kmeans-random/negative repeat=2/batchscale 0.000s
# START kmeans-random/negative repeat=2/ragged
# DONE kmeans-random/negative repeat=2/ragged 0.000s
# START kmeans-random/negative repeat=2/stepfull
# DONE kmeans-random/negative repeat=2/stepfull 0.000s
# CELL kmeans-random/negative STABLE 2.038s
| kmeans-random          | 2bab0cda9f319dbb | 9f90e48e2d5a4ce4 | 0b375d0049c4c87b | 2b64e3f5f82a82d8 | ddb08cf02222e6a3 | ddb08cf02222e6a3 | b8953eb119af6144 | f22e6751eeedc598 | 23ce9524cf23e596 |
| kmeans-random infer    | 45d941e241fdba4f | 6698384517f202cd | e73f5b76f598daad | 1b4870bfea4141d8 | f1b6a290aca7f88d | f1b6a290aca7f88d | 615650d1d33aa5a1 | df29a616a051e530 | 01c6af7e36729c93 |
| kmeans-random model    | 7f934305a96d1b77 | d25373be4895312d | 6a568c8e9b403e58 | 6945513fb5ac5415 | 8e8ece44376c7493 | 8e8ece44376c7493 | 5caae1d486d2182d | e0d1e2a7afc72753 | ec538ee79a5421b9 |
| kmeans-random batch    | 41f3015cf8e0680a | 9dba3245a60df276 | bc5e45c0121fa326 | fafa2ba50e2b1137 | 88799e781dfe5a5b | 88799e781dfe5a5b | d867364110410379 | 53b58fa53fc8a4c3 | 5e632c6cf0418456 |
# START dbscan-weighted/base repeat=1/train
# DONE dbscan-weighted/base repeat=1/train 0.183s
# START dbscan-weighted/base repeat=1/infer-save-reload
# DONE dbscan-weighted/base repeat=1/infer-save-reload 0.031s
# START dbscan-weighted/base repeat=1/batch
# DONE dbscan-weighted/base repeat=1/batch 0.010s
# START dbscan-weighted/base repeat=1/batchgrad
# DONE dbscan-weighted/base repeat=1/batchgrad 0.000s
# START dbscan-weighted/base repeat=1/batchscale
# DONE dbscan-weighted/base repeat=1/batchscale 0.000s
# START dbscan-weighted/base repeat=1/ragged
# DONE dbscan-weighted/base repeat=1/ragged 0.000s
# START dbscan-weighted/base repeat=1/stepfull
# DONE dbscan-weighted/base repeat=1/stepfull 0.000s
# START dbscan-weighted/base repeat=2/train
# DONE dbscan-weighted/base repeat=2/train 0.183s
# START dbscan-weighted/base repeat=2/infer-save-reload
# DONE dbscan-weighted/base repeat=2/infer-save-reload 0.030s
# START dbscan-weighted/base repeat=2/batch
# DONE dbscan-weighted/base repeat=2/batch 0.010s
# START dbscan-weighted/base repeat=2/batchgrad
# DONE dbscan-weighted/base repeat=2/batchgrad 0.000s
# START dbscan-weighted/base repeat=2/batchscale
# DONE dbscan-weighted/base repeat=2/batchscale 0.000s
# START dbscan-weighted/base repeat=2/ragged
# DONE dbscan-weighted/base repeat=2/ragged 0.000s
# START dbscan-weighted/base repeat=2/stepfull
# DONE dbscan-weighted/base repeat=2/stepfull 0.000s
# CELL dbscan-weighted/base STABLE 0.448s
# START dbscan-weighted/ties repeat=1/train
# DONE dbscan-weighted/ties repeat=1/train 0.140s
# START dbscan-weighted/ties repeat=1/infer-save-reload
# DONE dbscan-weighted/ties repeat=1/infer-save-reload 0.084s
# START dbscan-weighted/ties repeat=1/batch
# DONE dbscan-weighted/ties repeat=1/batch 0.025s
# START dbscan-weighted/ties repeat=1/batchgrad
# DONE dbscan-weighted/ties repeat=1/batchgrad 0.000s
# START dbscan-weighted/ties repeat=1/batchscale
# DONE dbscan-weighted/ties repeat=1/batchscale 0.000s
# START dbscan-weighted/ties repeat=1/ragged
# DONE dbscan-weighted/ties repeat=1/ragged 0.000s
# START dbscan-weighted/ties repeat=1/stepfull
# DONE dbscan-weighted/ties repeat=1/stepfull 0.000s
# START dbscan-weighted/ties repeat=2/train
# DONE dbscan-weighted/ties repeat=2/train 0.139s
# START dbscan-weighted/ties repeat=2/infer-save-reload
# DONE dbscan-weighted/ties repeat=2/infer-save-reload 0.083s
# START dbscan-weighted/ties repeat=2/batch
# DONE dbscan-weighted/ties repeat=2/batch 0.024s
# START dbscan-weighted/ties repeat=2/batchgrad
# DONE dbscan-weighted/ties repeat=2/batchgrad 0.000s
# START dbscan-weighted/ties repeat=2/batchscale
# DONE dbscan-weighted/ties repeat=2/batchscale 0.000s
# START dbscan-weighted/ties repeat=2/ragged
# DONE dbscan-weighted/ties repeat=2/ragged 0.000s
# START dbscan-weighted/ties repeat=2/stepfull
# DONE dbscan-weighted/ties repeat=2/stepfull 0.000s
# CELL dbscan-weighted/ties STABLE 0.496s
# START dbscan-weighted/hashed repeat=1/train
# DONE dbscan-weighted/hashed repeat=1/train 0.098s
# START dbscan-weighted/hashed repeat=1/infer-save-reload
# DONE dbscan-weighted/hashed repeat=1/infer-save-reload 0.031s
# START dbscan-weighted/hashed repeat=1/batch
# DONE dbscan-weighted/hashed repeat=1/batch 0.010s
# START dbscan-weighted/hashed repeat=1/batchgrad
# DONE dbscan-weighted/hashed repeat=1/batchgrad 0.000s
# START dbscan-weighted/hashed repeat=1/batchscale
# DONE dbscan-weighted/hashed repeat=1/batchscale 0.000s
# START dbscan-weighted/hashed repeat=1/ragged
# DONE dbscan-weighted/hashed repeat=1/ragged 0.000s
# START dbscan-weighted/hashed repeat=1/stepfull
# DONE dbscan-weighted/hashed repeat=1/stepfull 0.000s
# START dbscan-weighted/hashed repeat=2/train
# DONE dbscan-weighted/hashed repeat=2/train 0.098s
# START dbscan-weighted/hashed repeat=2/infer-save-reload
# DONE dbscan-weighted/hashed repeat=2/infer-save-reload 0.031s
# START dbscan-weighted/hashed repeat=2/batch
# DONE dbscan-weighted/hashed repeat=2/batch 0.010s
# START dbscan-weighted/hashed repeat=2/batchgrad
# DONE dbscan-weighted/hashed repeat=2/batchgrad 0.000s
# START dbscan-weighted/hashed repeat=2/batchscale
# DONE dbscan-weighted/hashed repeat=2/batchscale 0.000s
# START dbscan-weighted/hashed repeat=2/ragged
# DONE dbscan-weighted/hashed repeat=2/ragged 0.000s
# START dbscan-weighted/hashed repeat=2/stepfull
# DONE dbscan-weighted/hashed repeat=2/stepfull 0.000s
# CELL dbscan-weighted/hashed STABLE 0.278s
# START dbscan-weighted/wide repeat=1/train
# DONE dbscan-weighted/wide repeat=1/train 16.325s
# START dbscan-weighted/wide repeat=1/infer-save-reload
# DONE dbscan-weighted/wide repeat=1/infer-save-reload 0.036s
# START dbscan-weighted/wide repeat=1/batch
# DONE dbscan-weighted/wide repeat=1/batch 0.011s
# START dbscan-weighted/wide repeat=1/batchgrad
# DONE dbscan-weighted/wide repeat=1/batchgrad 0.000s
# START dbscan-weighted/wide repeat=1/batchscale
# DONE dbscan-weighted/wide repeat=1/batchscale 0.000s
# START dbscan-weighted/wide repeat=1/ragged
# DONE dbscan-weighted/wide repeat=1/ragged 0.000s
# START dbscan-weighted/wide repeat=1/stepfull
# DONE dbscan-weighted/wide repeat=1/stepfull 0.000s
# START dbscan-weighted/wide repeat=2/train
# DONE dbscan-weighted/wide repeat=2/train 16.315s
# START dbscan-weighted/wide repeat=2/infer-save-reload
# DONE dbscan-weighted/wide repeat=2/infer-save-reload 0.035s
# START dbscan-weighted/wide repeat=2/batch
# DONE dbscan-weighted/wide repeat=2/batch 0.011s
# START dbscan-weighted/wide repeat=2/batchgrad
# DONE dbscan-weighted/wide repeat=2/batchgrad 0.000s
# START dbscan-weighted/wide repeat=2/batchscale
# DONE dbscan-weighted/wide repeat=2/batchscale 0.000s
# START dbscan-weighted/wide repeat=2/ragged
# DONE dbscan-weighted/wide repeat=2/ragged 0.000s
# START dbscan-weighted/wide repeat=2/stepfull
# DONE dbscan-weighted/wide repeat=2/stepfull 0.000s
# CELL dbscan-weighted/wide STABLE 32.734s
# START dbscan-weighted/denormal repeat=1/train
# DONE dbscan-weighted/denormal repeat=1/train 2.995s
# START dbscan-weighted/denormal repeat=1/infer-save-reload
# DONE dbscan-weighted/denormal repeat=1/infer-save-reload 0.044s
# START dbscan-weighted/denormal repeat=1/batch
# DONE dbscan-weighted/denormal repeat=1/batch 0.013s
# START dbscan-weighted/denormal repeat=1/batchgrad
# DONE dbscan-weighted/denormal repeat=1/batchgrad 0.000s
# START dbscan-weighted/denormal repeat=1/batchscale
# DONE dbscan-weighted/denormal repeat=1/batchscale 0.000s
# START dbscan-weighted/denormal repeat=1/ragged
# DONE dbscan-weighted/denormal repeat=1/ragged 0.000s
# START dbscan-weighted/denormal repeat=1/stepfull
# DONE dbscan-weighted/denormal repeat=1/stepfull 0.000s
# START dbscan-weighted/denormal repeat=2/train
# DONE dbscan-weighted/denormal repeat=2/train 2.993s
# START dbscan-weighted/denormal repeat=2/infer-save-reload
# DONE dbscan-weighted/denormal repeat=2/infer-save-reload 0.044s
# START dbscan-weighted/denormal repeat=2/batch
# DONE dbscan-weighted/denormal repeat=2/batch 0.013s
# START dbscan-weighted/denormal repeat=2/batchgrad
# DONE dbscan-weighted/denormal repeat=2/batchgrad 0.000s
# START dbscan-weighted/denormal repeat=2/batchscale
# DONE dbscan-weighted/denormal repeat=2/batchscale 0.000s
# START dbscan-weighted/denormal repeat=2/ragged
# DONE dbscan-weighted/denormal repeat=2/ragged 0.000s
# START dbscan-weighted/denormal repeat=2/stepfull
# DONE dbscan-weighted/denormal repeat=2/stepfull 0.000s
# CELL dbscan-weighted/denormal STABLE 6.104s
# START dbscan-weighted/denormal_ftz repeat=1/train
# DONE dbscan-weighted/denormal_ftz repeat=1/train 2.987s
# START dbscan-weighted/denormal_ftz repeat=1/infer-save-reload
# DONE dbscan-weighted/denormal_ftz repeat=1/infer-save-reload 0.037s
# START dbscan-weighted/denormal_ftz repeat=1/batch
# DONE dbscan-weighted/denormal_ftz repeat=1/batch 0.012s
# START dbscan-weighted/denormal_ftz repeat=1/batchgrad
# DONE dbscan-weighted/denormal_ftz repeat=1/batchgrad 0.000s
# START dbscan-weighted/denormal_ftz repeat=1/batchscale
# DONE dbscan-weighted/denormal_ftz repeat=1/batchscale 0.000s
# START dbscan-weighted/denormal_ftz repeat=1/ragged
# DONE dbscan-weighted/denormal_ftz repeat=1/ragged 0.000s
# START dbscan-weighted/denormal_ftz repeat=1/stepfull
# DONE dbscan-weighted/denormal_ftz repeat=1/stepfull 0.000s
# START dbscan-weighted/denormal_ftz repeat=2/train
# DONE dbscan-weighted/denormal_ftz repeat=2/train 2.992s
# START dbscan-weighted/denormal_ftz repeat=2/infer-save-reload
# DONE dbscan-weighted/denormal_ftz repeat=2/infer-save-reload 0.038s
# START dbscan-weighted/denormal_ftz repeat=2/batch
# DONE dbscan-weighted/denormal_ftz repeat=2/batch 0.012s
# START dbscan-weighted/denormal_ftz repeat=2/batchgrad
# DONE dbscan-weighted/denormal_ftz repeat=2/batchgrad 0.000s
# START dbscan-weighted/denormal_ftz repeat=2/batchscale
# DONE dbscan-weighted/denormal_ftz repeat=2/batchscale 0.000s
# START dbscan-weighted/denormal_ftz repeat=2/ragged
# DONE dbscan-weighted/denormal_ftz repeat=2/ragged 0.000s
# START dbscan-weighted/denormal_ftz repeat=2/stepfull
# DONE dbscan-weighted/denormal_ftz repeat=2/stepfull 0.000s
# CELL dbscan-weighted/denormal_ftz STABLE 6.079s
# START dbscan-weighted/dupes repeat=1/train
# DONE dbscan-weighted/dupes repeat=1/train 0.185s
# START dbscan-weighted/dupes repeat=1/infer-save-reload
# DONE dbscan-weighted/dupes repeat=1/infer-save-reload 0.031s
# START dbscan-weighted/dupes repeat=1/batch
# DONE dbscan-weighted/dupes repeat=1/batch 0.010s
# START dbscan-weighted/dupes repeat=1/batchgrad
# DONE dbscan-weighted/dupes repeat=1/batchgrad 0.000s
# START dbscan-weighted/dupes repeat=1/batchscale
# DONE dbscan-weighted/dupes repeat=1/batchscale 0.000s
# START dbscan-weighted/dupes repeat=1/ragged
# DONE dbscan-weighted/dupes repeat=1/ragged 0.000s
# START dbscan-weighted/dupes repeat=1/stepfull
# DONE dbscan-weighted/dupes repeat=1/stepfull 0.000s
# START dbscan-weighted/dupes repeat=2/train
# DONE dbscan-weighted/dupes repeat=2/train 0.184s
# START dbscan-weighted/dupes repeat=2/infer-save-reload
# DONE dbscan-weighted/dupes repeat=2/infer-save-reload 0.031s
# START dbscan-weighted/dupes repeat=2/batch
# DONE dbscan-weighted/dupes repeat=2/batch 0.010s
# START dbscan-weighted/dupes repeat=2/batchgrad
# DONE dbscan-weighted/dupes repeat=2/batchgrad 0.000s
# START dbscan-weighted/dupes repeat=2/batchscale
# DONE dbscan-weighted/dupes repeat=2/batchscale 0.000s
# START dbscan-weighted/dupes repeat=2/ragged
# DONE dbscan-weighted/dupes repeat=2/ragged 0.000s
# START dbscan-weighted/dupes repeat=2/stepfull
# DONE dbscan-weighted/dupes repeat=2/stepfull 0.000s
# CELL dbscan-weighted/dupes STABLE 0.450s
# START dbscan-weighted/odd repeat=1/train
# DONE dbscan-weighted/odd repeat=1/train 0.178s
# START dbscan-weighted/odd repeat=1/infer-save-reload
# DONE dbscan-weighted/odd repeat=1/infer-save-reload 0.031s
# START dbscan-weighted/odd repeat=1/batch
# DONE dbscan-weighted/odd repeat=1/batch 0.010s
# START dbscan-weighted/odd repeat=1/batchgrad
# DONE dbscan-weighted/odd repeat=1/batchgrad 0.000s
# START dbscan-weighted/odd repeat=1/batchscale
# DONE dbscan-weighted/odd repeat=1/batchscale 0.000s
# START dbscan-weighted/odd repeat=1/ragged
# DONE dbscan-weighted/odd repeat=1/ragged 0.000s
# START dbscan-weighted/odd repeat=1/stepfull
# DONE dbscan-weighted/odd repeat=1/stepfull 0.000s
# START dbscan-weighted/odd repeat=2/train
# DONE dbscan-weighted/odd repeat=2/train 0.178s
# START dbscan-weighted/odd repeat=2/infer-save-reload
# DONE dbscan-weighted/odd repeat=2/infer-save-reload 0.030s
# START dbscan-weighted/odd repeat=2/batch
# DONE dbscan-weighted/odd repeat=2/batch 0.010s
# START dbscan-weighted/odd repeat=2/batchgrad
# DONE dbscan-weighted/odd repeat=2/batchgrad 0.000s
# START dbscan-weighted/odd repeat=2/batchscale
# DONE dbscan-weighted/odd repeat=2/batchscale 0.000s
# START dbscan-weighted/odd repeat=2/ragged
# DONE dbscan-weighted/odd repeat=2/ragged 0.000s
# START dbscan-weighted/odd repeat=2/stepfull
# DONE dbscan-weighted/odd repeat=2/stepfull 0.000s
# CELL dbscan-weighted/odd STABLE 0.437s
# START dbscan-weighted/negative repeat=1/train
# DONE dbscan-weighted/negative repeat=1/train 0.819s
# START dbscan-weighted/negative repeat=1/infer-save-reload
# DONE dbscan-weighted/negative repeat=1/infer-save-reload 0.035s
# START dbscan-weighted/negative repeat=1/batch
# DONE dbscan-weighted/negative repeat=1/batch 0.011s
# START dbscan-weighted/negative repeat=1/batchgrad
# DONE dbscan-weighted/negative repeat=1/batchgrad 0.000s
# START dbscan-weighted/negative repeat=1/batchscale
# DONE dbscan-weighted/negative repeat=1/batchscale 0.000s
# START dbscan-weighted/negative repeat=1/ragged
# DONE dbscan-weighted/negative repeat=1/ragged 0.000s
# START dbscan-weighted/negative repeat=1/stepfull
# DONE dbscan-weighted/negative repeat=1/stepfull 0.000s
# START dbscan-weighted/negative repeat=2/train
# DONE dbscan-weighted/negative repeat=2/train 0.814s
# START dbscan-weighted/negative repeat=2/infer-save-reload
# DONE dbscan-weighted/negative repeat=2/infer-save-reload 0.035s
# START dbscan-weighted/negative repeat=2/batch
# DONE dbscan-weighted/negative repeat=2/batch 0.011s
# START dbscan-weighted/negative repeat=2/batchgrad
# DONE dbscan-weighted/negative repeat=2/batchgrad 0.000s
# START dbscan-weighted/negative repeat=2/batchscale
# DONE dbscan-weighted/negative repeat=2/batchscale 0.000s
# START dbscan-weighted/negative repeat=2/ragged
# DONE dbscan-weighted/negative repeat=2/ragged 0.000s
# START dbscan-weighted/negative repeat=2/stepfull
# DONE dbscan-weighted/negative repeat=2/stepfull 0.000s
# CELL dbscan-weighted/negative STABLE 1.727s
| dbscan-weighted        | 3aa7f30692765cf2 | 525addc009cffb40 | d17808b4b9261d5d | d17808b4b9261d5d | d3c48a5338826d18 | d3c48a5338826d18 | 3aa7f30692765cf2 | 6a9b77cffd9e2493 | bb6bd31e075693e9 |
| dbscan-weighted infer  | 29d206737766caf0 | 9c8a2ca10937b6b1 | 3a6472714f51d8ab | 3a6472714f51d8ab | 3a6472714f51d8ab | 3a6472714f51d8ab | 29d206737766caf0 | 22e3872de99d04f6 | 3a6472714f51d8ab |
| dbscan-weighted model  | 0db3aac99393d616 | cca8baca73f60bac | 22074f6988a2878e | 12450128a5b4be8b | 0c1ef67464dfa955 | 64b59d15319ec18c | 0db3aac99393d616 | 2c5e1b04c08b5d97 | fd44ca1342fbd3c5 |
| dbscan-weighted batch  | f7e7d24690d3107e | 1b1361f65f9b5250 | a8e67882b424a053 | a8e67882b424a053 | a8e67882b424a053 | a8e67882b424a053 | f7e7d24690d3107e | ca397a1032011cd9 | a8e67882b424a053 |
# START kde-linear-cosine/base repeat=1/train
# DONE kde-linear-cosine/base repeat=1/train 0.027s
# START kde-linear-cosine/base repeat=1/infer-save-reload
# DONE kde-linear-cosine/base repeat=1/infer-save-reload 0.049s
# START kde-linear-cosine/base repeat=1/batch
# DONE kde-linear-cosine/base repeat=1/batch 0.067s
# START kde-linear-cosine/base repeat=1/batchgrad
# DONE kde-linear-cosine/base repeat=1/batchgrad 0.000s
# START kde-linear-cosine/base repeat=1/batchscale
# DONE kde-linear-cosine/base repeat=1/batchscale 0.000s
# START kde-linear-cosine/base repeat=1/ragged
# DONE kde-linear-cosine/base repeat=1/ragged 0.000s
# START kde-linear-cosine/base repeat=1/stepfull
# DONE kde-linear-cosine/base repeat=1/stepfull 0.000s
# START kde-linear-cosine/base repeat=2/train
# DONE kde-linear-cosine/base repeat=2/train 0.013s
# START kde-linear-cosine/base repeat=2/infer-save-reload
# DONE kde-linear-cosine/base repeat=2/infer-save-reload 0.026s
# START kde-linear-cosine/base repeat=2/batch
# DONE kde-linear-cosine/base repeat=2/batch 0.067s
# START kde-linear-cosine/base repeat=2/batchgrad
# DONE kde-linear-cosine/base repeat=2/batchgrad 0.000s
# START kde-linear-cosine/base repeat=2/batchscale
# DONE kde-linear-cosine/base repeat=2/batchscale 0.000s
# START kde-linear-cosine/base repeat=2/ragged
# DONE kde-linear-cosine/base repeat=2/ragged 0.000s
# START kde-linear-cosine/base repeat=2/stepfull
# DONE kde-linear-cosine/base repeat=2/stepfull 0.000s
# CELL kde-linear-cosine/base STABLE 0.248s
# START kde-linear-cosine/ties repeat=1/train
# DONE kde-linear-cosine/ties repeat=1/train 0.015s
# START kde-linear-cosine/ties repeat=1/infer-save-reload
# DONE kde-linear-cosine/ties repeat=1/infer-save-reload 0.030s
# START kde-linear-cosine/ties repeat=1/batch
# DONE kde-linear-cosine/ties repeat=1/batch 0.072s
# START kde-linear-cosine/ties repeat=1/batchgrad
# DONE kde-linear-cosine/ties repeat=1/batchgrad 0.000s
# START kde-linear-cosine/ties repeat=1/batchscale
# DONE kde-linear-cosine/ties repeat=1/batchscale 0.000s
# START kde-linear-cosine/ties repeat=1/ragged
# DONE kde-linear-cosine/ties repeat=1/ragged 0.000s
# START kde-linear-cosine/ties repeat=1/stepfull
# DONE kde-linear-cosine/ties repeat=1/stepfull 0.000s
# START kde-linear-cosine/ties repeat=2/train
# DONE kde-linear-cosine/ties repeat=2/train 0.015s
# START kde-linear-cosine/ties repeat=2/infer-save-reload
# DONE kde-linear-cosine/ties repeat=2/infer-save-reload 0.030s
# START kde-linear-cosine/ties repeat=2/batch
# DONE kde-linear-cosine/ties repeat=2/batch 0.071s
# START kde-linear-cosine/ties repeat=2/batchgrad
# DONE kde-linear-cosine/ties repeat=2/batchgrad 0.000s
# START kde-linear-cosine/ties repeat=2/batchscale
# DONE kde-linear-cosine/ties repeat=2/batchscale 0.000s
# START kde-linear-cosine/ties repeat=2/ragged
# DONE kde-linear-cosine/ties repeat=2/ragged 0.000s
# START kde-linear-cosine/ties repeat=2/stepfull
# DONE kde-linear-cosine/ties repeat=2/stepfull 0.000s
# CELL kde-linear-cosine/ties STABLE 0.234s
# START kde-linear-cosine/hashed repeat=1/train
# DONE kde-linear-cosine/hashed repeat=1/train 0.013s
# START kde-linear-cosine/hashed repeat=1/infer-save-reload
# DONE kde-linear-cosine/hashed repeat=1/infer-save-reload 0.026s
# START kde-linear-cosine/hashed repeat=1/batch
# DONE kde-linear-cosine/hashed repeat=1/batch 0.066s
# START kde-linear-cosine/hashed repeat=1/batchgrad
# DONE kde-linear-cosine/hashed repeat=1/batchgrad 0.000s
# START kde-linear-cosine/hashed repeat=1/batchscale
# DONE kde-linear-cosine/hashed repeat=1/batchscale 0.000s
# START kde-linear-cosine/hashed repeat=1/ragged
# DONE kde-linear-cosine/hashed repeat=1/ragged 0.000s
# START kde-linear-cosine/hashed repeat=1/stepfull
# DONE kde-linear-cosine/hashed repeat=1/stepfull 0.000s
# START kde-linear-cosine/hashed repeat=2/train
# DONE kde-linear-cosine/hashed repeat=2/train 0.013s
# START kde-linear-cosine/hashed repeat=2/infer-save-reload
# DONE kde-linear-cosine/hashed repeat=2/infer-save-reload 0.026s
# START kde-linear-cosine/hashed repeat=2/batch
# DONE kde-linear-cosine/hashed repeat=2/batch 0.065s
# START kde-linear-cosine/hashed repeat=2/batchgrad
# DONE kde-linear-cosine/hashed repeat=2/batchgrad 0.000s
# START kde-linear-cosine/hashed repeat=2/batchscale
# DONE kde-linear-cosine/hashed repeat=2/batchscale 0.000s
# START kde-linear-cosine/hashed repeat=2/ragged
# DONE kde-linear-cosine/hashed repeat=2/ragged 0.000s
# START kde-linear-cosine/hashed repeat=2/stepfull
# DONE kde-linear-cosine/hashed repeat=2/stepfull 0.000s
# CELL kde-linear-cosine/hashed STABLE 0.210s
# START kde-linear-cosine/wide repeat=1/train
# DONE kde-linear-cosine/wide repeat=1/train 0.015s
# START kde-linear-cosine/wide repeat=1/infer-save-reload
# DONE kde-linear-cosine/wide repeat=1/infer-save-reload 0.031s
# START kde-linear-cosine/wide repeat=1/batch
# DONE kde-linear-cosine/wide repeat=1/batch 0.074s
# START kde-linear-cosine/wide repeat=1/batchgrad
# DONE kde-linear-cosine/wide repeat=1/batchgrad 0.000s
# START kde-linear-cosine/wide repeat=1/batchscale
# DONE kde-linear-cosine/wide repeat=1/batchscale 0.000s
# START kde-linear-cosine/wide repeat=1/ragged
# DONE kde-linear-cosine/wide repeat=1/ragged 0.000s
# START kde-linear-cosine/wide repeat=1/stepfull
# DONE kde-linear-cosine/wide repeat=1/stepfull 0.000s
# START kde-linear-cosine/wide repeat=2/train
# DONE kde-linear-cosine/wide repeat=2/train 0.015s
# START kde-linear-cosine/wide repeat=2/infer-save-reload
# DONE kde-linear-cosine/wide repeat=2/infer-save-reload 0.032s
# START kde-linear-cosine/wide repeat=2/batch
# DONE kde-linear-cosine/wide repeat=2/batch 0.072s
# START kde-linear-cosine/wide repeat=2/batchgrad
# DONE kde-linear-cosine/wide repeat=2/batchgrad 0.000s
# START kde-linear-cosine/wide repeat=2/batchscale
# DONE kde-linear-cosine/wide repeat=2/batchscale 0.000s
# START kde-linear-cosine/wide repeat=2/ragged
# DONE kde-linear-cosine/wide repeat=2/ragged 0.000s
# START kde-linear-cosine/wide repeat=2/stepfull
# DONE kde-linear-cosine/wide repeat=2/stepfull 0.000s
# CELL kde-linear-cosine/wide STABLE 0.241s
# START kde-linear-cosine/denormal repeat=1/train
# DONE kde-linear-cosine/denormal repeat=1/train 0.014s
# START kde-linear-cosine/denormal repeat=1/infer-save-reload
# DONE kde-linear-cosine/denormal repeat=1/infer-save-reload 0.026s
# START kde-linear-cosine/denormal repeat=1/batch
# DONE kde-linear-cosine/denormal repeat=1/batch 0.066s
# START kde-linear-cosine/denormal repeat=1/batchgrad
# DONE kde-linear-cosine/denormal repeat=1/batchgrad 0.000s
# START kde-linear-cosine/denormal repeat=1/batchscale
# DONE kde-linear-cosine/denormal repeat=1/batchscale 0.000s
# START kde-linear-cosine/denormal repeat=1/ragged
# DONE kde-linear-cosine/denormal repeat=1/ragged 0.000s
# START kde-linear-cosine/denormal repeat=1/stepfull
# DONE kde-linear-cosine/denormal repeat=1/stepfull 0.000s
# START kde-linear-cosine/denormal repeat=2/train
# DONE kde-linear-cosine/denormal repeat=2/train 0.013s
# START kde-linear-cosine/denormal repeat=2/infer-save-reload
# DONE kde-linear-cosine/denormal repeat=2/infer-save-reload 0.027s
# START kde-linear-cosine/denormal repeat=2/batch
# DONE kde-linear-cosine/denormal repeat=2/batch 0.066s
# START kde-linear-cosine/denormal repeat=2/batchgrad
# DONE kde-linear-cosine/denormal repeat=2/batchgrad 0.000s
# START kde-linear-cosine/denormal repeat=2/batchscale
# DONE kde-linear-cosine/denormal repeat=2/batchscale 0.000s
# START kde-linear-cosine/denormal repeat=2/ragged
# DONE kde-linear-cosine/denormal repeat=2/ragged 0.000s
# START kde-linear-cosine/denormal repeat=2/stepfull
# DONE kde-linear-cosine/denormal repeat=2/stepfull 0.000s
# CELL kde-linear-cosine/denormal STABLE 0.213s
# START kde-linear-cosine/denormal_ftz repeat=1/train
# DONE kde-linear-cosine/denormal_ftz repeat=1/train 0.014s
# START kde-linear-cosine/denormal_ftz repeat=1/infer-save-reload
# DONE kde-linear-cosine/denormal_ftz repeat=1/infer-save-reload 0.027s
# START kde-linear-cosine/denormal_ftz repeat=1/batch
# DONE kde-linear-cosine/denormal_ftz repeat=1/batch 0.066s
# START kde-linear-cosine/denormal_ftz repeat=1/batchgrad
# DONE kde-linear-cosine/denormal_ftz repeat=1/batchgrad 0.000s
# START kde-linear-cosine/denormal_ftz repeat=1/batchscale
# DONE kde-linear-cosine/denormal_ftz repeat=1/batchscale 0.000s
# START kde-linear-cosine/denormal_ftz repeat=1/ragged
# DONE kde-linear-cosine/denormal_ftz repeat=1/ragged 0.000s
# START kde-linear-cosine/denormal_ftz repeat=1/stepfull
# DONE kde-linear-cosine/denormal_ftz repeat=1/stepfull 0.000s
# START kde-linear-cosine/denormal_ftz repeat=2/train
# DONE kde-linear-cosine/denormal_ftz repeat=2/train 0.013s
# START kde-linear-cosine/denormal_ftz repeat=2/infer-save-reload
# DONE kde-linear-cosine/denormal_ftz repeat=2/infer-save-reload 0.026s
# START kde-linear-cosine/denormal_ftz repeat=2/batch
# DONE kde-linear-cosine/denormal_ftz repeat=2/batch 0.066s
# START kde-linear-cosine/denormal_ftz repeat=2/batchgrad
# DONE kde-linear-cosine/denormal_ftz repeat=2/batchgrad 0.000s
# START kde-linear-cosine/denormal_ftz repeat=2/batchscale
# DONE kde-linear-cosine/denormal_ftz repeat=2/batchscale 0.000s
# START kde-linear-cosine/denormal_ftz repeat=2/ragged
# DONE kde-linear-cosine/denormal_ftz repeat=2/ragged 0.000s
# START kde-linear-cosine/denormal_ftz repeat=2/stepfull
# DONE kde-linear-cosine/denormal_ftz repeat=2/stepfull 0.000s
# CELL kde-linear-cosine/denormal_ftz STABLE 0.212s
# START kde-linear-cosine/dupes repeat=1/train
# DONE kde-linear-cosine/dupes repeat=1/train 0.013s
# START kde-linear-cosine/dupes repeat=1/infer-save-reload
# DONE kde-linear-cosine/dupes repeat=1/infer-save-reload 0.026s
# START kde-linear-cosine/dupes repeat=1/batch
# DONE kde-linear-cosine/dupes repeat=1/batch 0.065s
# START kde-linear-cosine/dupes repeat=1/batchgrad
# DONE kde-linear-cosine/dupes repeat=1/batchgrad 0.000s
# START kde-linear-cosine/dupes repeat=1/batchscale
# DONE kde-linear-cosine/dupes repeat=1/batchscale 0.000s
# START kde-linear-cosine/dupes repeat=1/ragged
# DONE kde-linear-cosine/dupes repeat=1/ragged 0.000s
# START kde-linear-cosine/dupes repeat=1/stepfull
# DONE kde-linear-cosine/dupes repeat=1/stepfull 0.000s
# START kde-linear-cosine/dupes repeat=2/train
# DONE kde-linear-cosine/dupes repeat=2/train 0.013s
# START kde-linear-cosine/dupes repeat=2/infer-save-reload
# DONE kde-linear-cosine/dupes repeat=2/infer-save-reload 0.026s
# START kde-linear-cosine/dupes repeat=2/batch
# DONE kde-linear-cosine/dupes repeat=2/batch 0.065s
# START kde-linear-cosine/dupes repeat=2/batchgrad
# DONE kde-linear-cosine/dupes repeat=2/batchgrad 0.000s
# START kde-linear-cosine/dupes repeat=2/batchscale
# DONE kde-linear-cosine/dupes repeat=2/batchscale 0.000s
# START kde-linear-cosine/dupes repeat=2/ragged
# DONE kde-linear-cosine/dupes repeat=2/ragged 0.000s
# START kde-linear-cosine/dupes repeat=2/stepfull
# DONE kde-linear-cosine/dupes repeat=2/stepfull 0.000s
# CELL kde-linear-cosine/dupes STABLE 0.209s
# START kde-linear-cosine/odd repeat=1/train
# DONE kde-linear-cosine/odd repeat=1/train 0.013s
# START kde-linear-cosine/odd repeat=1/infer-save-reload
# DONE kde-linear-cosine/odd repeat=1/infer-save-reload 0.027s
# START kde-linear-cosine/odd repeat=1/batch
# DONE kde-linear-cosine/odd repeat=1/batch 0.067s
# START kde-linear-cosine/odd repeat=1/batchgrad
# DONE kde-linear-cosine/odd repeat=1/batchgrad 0.000s
# START kde-linear-cosine/odd repeat=1/batchscale
# DONE kde-linear-cosine/odd repeat=1/batchscale 0.000s
# START kde-linear-cosine/odd repeat=1/ragged
# DONE kde-linear-cosine/odd repeat=1/ragged 0.000s
# START kde-linear-cosine/odd repeat=1/stepfull
# DONE kde-linear-cosine/odd repeat=1/stepfull 0.000s
# START kde-linear-cosine/odd repeat=2/train
# DONE kde-linear-cosine/odd repeat=2/train 0.012s
# START kde-linear-cosine/odd repeat=2/infer-save-reload
# DONE kde-linear-cosine/odd repeat=2/infer-save-reload 0.026s
# START kde-linear-cosine/odd repeat=2/batch
# DONE kde-linear-cosine/odd repeat=2/batch 0.066s
# START kde-linear-cosine/odd repeat=2/batchgrad
# DONE kde-linear-cosine/odd repeat=2/batchgrad 0.000s
# START kde-linear-cosine/odd repeat=2/batchscale
# DONE kde-linear-cosine/odd repeat=2/batchscale 0.000s
# START kde-linear-cosine/odd repeat=2/ragged
# DONE kde-linear-cosine/odd repeat=2/ragged 0.000s
# START kde-linear-cosine/odd repeat=2/stepfull
# DONE kde-linear-cosine/odd repeat=2/stepfull 0.000s
# CELL kde-linear-cosine/odd STABLE 0.211s
# START kde-linear-cosine/negative repeat=1/train
# DONE kde-linear-cosine/negative repeat=1/train 0.013s
# START kde-linear-cosine/negative repeat=1/infer-save-reload
# DONE kde-linear-cosine/negative repeat=1/infer-save-reload 0.026s
# START kde-linear-cosine/negative repeat=1/batch
# DONE kde-linear-cosine/negative repeat=1/batch 0.065s
# START kde-linear-cosine/negative repeat=1/batchgrad
# DONE kde-linear-cosine/negative repeat=1/batchgrad 0.000s
# START kde-linear-cosine/negative repeat=1/batchscale
# DONE kde-linear-cosine/negative repeat=1/batchscale 0.000s
# START kde-linear-cosine/negative repeat=1/ragged
# DONE kde-linear-cosine/negative repeat=1/ragged 0.000s
# START kde-linear-cosine/negative repeat=1/stepfull
# DONE kde-linear-cosine/negative repeat=1/stepfull 0.000s
# START kde-linear-cosine/negative repeat=2/train
# DONE kde-linear-cosine/negative repeat=2/train 0.013s
# START kde-linear-cosine/negative repeat=2/infer-save-reload
# DONE kde-linear-cosine/negative repeat=2/infer-save-reload 0.026s
# START kde-linear-cosine/negative repeat=2/batch
# DONE kde-linear-cosine/negative repeat=2/batch 0.065s
# START kde-linear-cosine/negative repeat=2/batchgrad
# DONE kde-linear-cosine/negative repeat=2/batchgrad 0.000s
# START kde-linear-cosine/negative repeat=2/batchscale
# DONE kde-linear-cosine/negative repeat=2/batchscale 0.000s
# START kde-linear-cosine/negative repeat=2/ragged
# DONE kde-linear-cosine/negative repeat=2/ragged 0.000s
# START kde-linear-cosine/negative repeat=2/stepfull
# DONE kde-linear-cosine/negative repeat=2/stepfull 0.000s
# CELL kde-linear-cosine/negative STABLE 0.209s
| kde-linear-cosine      | afa97b36fbe911fb | 038d0662d8a2348a | c6ac6acaf1551161 | a5caf2c8fa841881 | e5fa16ac419a08df | e5fa16ac419a08df | afa97b36fbe911fb | f41fe39918a6a2d5 | 97bb4ab75de5a992 |
| kde-linear-cosine infer | abf3fbff5c858cef | 07c4969f173c9414 | c0315d9bb1da6048 | 204c7da79d79af78 | 297d414f21e0e75e | 297d414f21e0e75e | abf3fbff5c858cef | 90a289b091484c96 | b247e880ea3a6a4b |
| kde-linear-cosine model | 13cf8ce7fe202391 | 799ff55929e006b7 | 753718d9fcec3f76 | 047b34653ea8eb71 | 7b4dc8fb3d40d436 | 7b4dc8fb3d40d436 | 13cf8ce7fe202391 | ae04ae4206c6620e | 4299096fe8a0893b |
| kde-linear-cosine batch | 9b366c6405ab66a7 | 5131de9bc1acdacd | 9c4546a5a15c60de | 6428c993be76a289 | c7c022838d3276ba | c7c022838d3276ba | 9b366c6405ab66a7 | 5486ec35e3824264 | bbdc8c94e37d40ae |
# START ols-no-intercept/base repeat=1/train
# DONE ols-no-intercept/base repeat=1/train 0.007s
# START ols-no-intercept/base repeat=1/infer-save-reload
# DONE ols-no-intercept/base repeat=1/infer-save-reload 0.001s
# START ols-no-intercept/base repeat=1/batch
# DONE ols-no-intercept/base repeat=1/batch 0.002s
# START ols-no-intercept/base repeat=1/batchgrad
# DONE ols-no-intercept/base repeat=1/batchgrad 0.000s
# START ols-no-intercept/base repeat=1/batchscale
# DONE ols-no-intercept/base repeat=1/batchscale 0.000s
# START ols-no-intercept/base repeat=1/ragged
# DONE ols-no-intercept/base repeat=1/ragged 0.000s
# START ols-no-intercept/base repeat=1/stepfull
# DONE ols-no-intercept/base repeat=1/stepfull 0.000s
# START ols-no-intercept/base repeat=2/train
# DONE ols-no-intercept/base repeat=2/train 0.007s
# START ols-no-intercept/base repeat=2/infer-save-reload
# DONE ols-no-intercept/base repeat=2/infer-save-reload 0.001s
# START ols-no-intercept/base repeat=2/batch
# DONE ols-no-intercept/base repeat=2/batch 0.003s
# START ols-no-intercept/base repeat=2/batchgrad
# DONE ols-no-intercept/base repeat=2/batchgrad 0.000s
# START ols-no-intercept/base repeat=2/batchscale
# DONE ols-no-intercept/base repeat=2/batchscale 0.000s
# START ols-no-intercept/base repeat=2/ragged
# DONE ols-no-intercept/base repeat=2/ragged 0.000s
# START ols-no-intercept/base repeat=2/stepfull
# DONE ols-no-intercept/base repeat=2/stepfull 0.000s
# CELL ols-no-intercept/base STABLE 0.023s
# START ols-no-intercept/ties repeat=1/train
# DONE ols-no-intercept/ties repeat=1/train 0.007s
# START ols-no-intercept/ties repeat=1/infer-save-reload
# DONE ols-no-intercept/ties repeat=1/infer-save-reload 0.001s
# START ols-no-intercept/ties repeat=1/batch
# DONE ols-no-intercept/ties repeat=1/batch 0.002s
# START ols-no-intercept/ties repeat=1/batchgrad
# DONE ols-no-intercept/ties repeat=1/batchgrad 0.000s
# START ols-no-intercept/ties repeat=1/batchscale
# DONE ols-no-intercept/ties repeat=1/batchscale 0.000s
# START ols-no-intercept/ties repeat=1/ragged
# DONE ols-no-intercept/ties repeat=1/ragged 0.000s
# START ols-no-intercept/ties repeat=1/stepfull
# DONE ols-no-intercept/ties repeat=1/stepfull 0.000s
# START ols-no-intercept/ties repeat=2/train
# DONE ols-no-intercept/ties repeat=2/train 0.007s
# START ols-no-intercept/ties repeat=2/infer-save-reload
# DONE ols-no-intercept/ties repeat=2/infer-save-reload 0.001s
# START ols-no-intercept/ties repeat=2/batch
# DONE ols-no-intercept/ties repeat=2/batch 0.002s
# START ols-no-intercept/ties repeat=2/batchgrad
# DONE ols-no-intercept/ties repeat=2/batchgrad 0.000s
# START ols-no-intercept/ties repeat=2/batchscale
# DONE ols-no-intercept/ties repeat=2/batchscale 0.000s
# START ols-no-intercept/ties repeat=2/ragged
# DONE ols-no-intercept/ties repeat=2/ragged 0.000s
# START ols-no-intercept/ties repeat=2/stepfull
# DONE ols-no-intercept/ties repeat=2/stepfull 0.000s
# CELL ols-no-intercept/ties STABLE 0.022s
# START ols-no-intercept/hashed repeat=1/train
# DONE ols-no-intercept/hashed repeat=1/train 0.007s
# START ols-no-intercept/hashed repeat=1/infer-save-reload
# DONE ols-no-intercept/hashed repeat=1/infer-save-reload 0.001s
# START ols-no-intercept/hashed repeat=1/batch
# DONE ols-no-intercept/hashed repeat=1/batch 0.002s
# START ols-no-intercept/hashed repeat=1/batchgrad
# DONE ols-no-intercept/hashed repeat=1/batchgrad 0.000s
# START ols-no-intercept/hashed repeat=1/batchscale
# DONE ols-no-intercept/hashed repeat=1/batchscale 0.000s
# START ols-no-intercept/hashed repeat=1/ragged
# DONE ols-no-intercept/hashed repeat=1/ragged 0.000s
# START ols-no-intercept/hashed repeat=1/stepfull
# DONE ols-no-intercept/hashed repeat=1/stepfull 0.000s
# START ols-no-intercept/hashed repeat=2/train
# DONE ols-no-intercept/hashed repeat=2/train 0.007s
# START ols-no-intercept/hashed repeat=2/infer-save-reload
# DONE ols-no-intercept/hashed repeat=2/infer-save-reload 0.001s
# START ols-no-intercept/hashed repeat=2/batch
# DONE ols-no-intercept/hashed repeat=2/batch 0.002s
# START ols-no-intercept/hashed repeat=2/batchgrad
# DONE ols-no-intercept/hashed repeat=2/batchgrad 0.000s
# START ols-no-intercept/hashed repeat=2/batchscale
# DONE ols-no-intercept/hashed repeat=2/batchscale 0.000s
# START ols-no-intercept/hashed repeat=2/ragged
# DONE ols-no-intercept/hashed repeat=2/ragged 0.000s
# START ols-no-intercept/hashed repeat=2/stepfull
# DONE ols-no-intercept/hashed repeat=2/stepfull 0.000s
# CELL ols-no-intercept/hashed STABLE 0.022s
# START ols-no-intercept/wide repeat=1/train
# DONE ols-no-intercept/wide repeat=1/train 0.007s
# START ols-no-intercept/wide repeat=1/infer-save-reload
# DONE ols-no-intercept/wide repeat=1/infer-save-reload 0.001s
# START ols-no-intercept/wide repeat=1/batch
# DONE ols-no-intercept/wide repeat=1/batch 0.002s
# START ols-no-intercept/wide repeat=1/batchgrad
# DONE ols-no-intercept/wide repeat=1/batchgrad 0.000s
# START ols-no-intercept/wide repeat=1/batchscale
# DONE ols-no-intercept/wide repeat=1/batchscale 0.000s
# START ols-no-intercept/wide repeat=1/ragged
# DONE ols-no-intercept/wide repeat=1/ragged 0.000s
# START ols-no-intercept/wide repeat=1/stepfull
# DONE ols-no-intercept/wide repeat=1/stepfull 0.000s
# START ols-no-intercept/wide repeat=2/train
# DONE ols-no-intercept/wide repeat=2/train 0.007s
# START ols-no-intercept/wide repeat=2/infer-save-reload
# DONE ols-no-intercept/wide repeat=2/infer-save-reload 0.001s
# START ols-no-intercept/wide repeat=2/batch
# DONE ols-no-intercept/wide repeat=2/batch 0.002s
# START ols-no-intercept/wide repeat=2/batchgrad
# DONE ols-no-intercept/wide repeat=2/batchgrad 0.000s
# START ols-no-intercept/wide repeat=2/batchscale
# DONE ols-no-intercept/wide repeat=2/batchscale 0.000s
# START ols-no-intercept/wide repeat=2/ragged
# DONE ols-no-intercept/wide repeat=2/ragged 0.000s
# START ols-no-intercept/wide repeat=2/stepfull
# DONE ols-no-intercept/wide repeat=2/stepfull 0.000s
# CELL ols-no-intercept/wide STABLE 0.022s
# START ols-no-intercept/denormal repeat=1/train
# DONE ols-no-intercept/denormal repeat=1/train 0.007s
# START ols-no-intercept/denormal repeat=1/infer-save-reload
# DONE ols-no-intercept/denormal repeat=1/infer-save-reload 0.001s
# START ols-no-intercept/denormal repeat=1/batch
# DONE ols-no-intercept/denormal repeat=1/batch 0.002s
# START ols-no-intercept/denormal repeat=1/batchgrad
# DONE ols-no-intercept/denormal repeat=1/batchgrad 0.000s
# START ols-no-intercept/denormal repeat=1/batchscale
# DONE ols-no-intercept/denormal repeat=1/batchscale 0.000s
# START ols-no-intercept/denormal repeat=1/ragged
# DONE ols-no-intercept/denormal repeat=1/ragged 0.000s
# START ols-no-intercept/denormal repeat=1/stepfull
# DONE ols-no-intercept/denormal repeat=1/stepfull 0.000s
# START ols-no-intercept/denormal repeat=2/train
# DONE ols-no-intercept/denormal repeat=2/train 0.007s
# START ols-no-intercept/denormal repeat=2/infer-save-reload
# DONE ols-no-intercept/denormal repeat=2/infer-save-reload 0.001s
# START ols-no-intercept/denormal repeat=2/batch
# DONE ols-no-intercept/denormal repeat=2/batch 0.002s
# START ols-no-intercept/denormal repeat=2/batchgrad
# DONE ols-no-intercept/denormal repeat=2/batchgrad 0.000s
# START ols-no-intercept/denormal repeat=2/batchscale
# DONE ols-no-intercept/denormal repeat=2/batchscale 0.000s
# START ols-no-intercept/denormal repeat=2/ragged
# DONE ols-no-intercept/denormal repeat=2/ragged 0.000s
# START ols-no-intercept/denormal repeat=2/stepfull
# DONE ols-no-intercept/denormal repeat=2/stepfull 0.000s
# CELL ols-no-intercept/denormal STABLE 0.021s
# START ols-no-intercept/denormal_ftz repeat=1/train
# DONE ols-no-intercept/denormal_ftz repeat=1/train 0.008s
# START ols-no-intercept/denormal_ftz repeat=1/infer-save-reload
# DONE ols-no-intercept/denormal_ftz repeat=1/infer-save-reload 0.001s
# START ols-no-intercept/denormal_ftz repeat=1/batch
# DONE ols-no-intercept/denormal_ftz repeat=1/batch 0.002s
# START ols-no-intercept/denormal_ftz repeat=1/batchgrad
# DONE ols-no-intercept/denormal_ftz repeat=1/batchgrad 0.000s
# START ols-no-intercept/denormal_ftz repeat=1/batchscale
# DONE ols-no-intercept/denormal_ftz repeat=1/batchscale 0.000s
# START ols-no-intercept/denormal_ftz repeat=1/ragged
# DONE ols-no-intercept/denormal_ftz repeat=1/ragged 0.000s
# START ols-no-intercept/denormal_ftz repeat=1/stepfull
# DONE ols-no-intercept/denormal_ftz repeat=1/stepfull 0.000s
# START ols-no-intercept/denormal_ftz repeat=2/train
# DONE ols-no-intercept/denormal_ftz repeat=2/train 0.007s
# START ols-no-intercept/denormal_ftz repeat=2/infer-save-reload
# DONE ols-no-intercept/denormal_ftz repeat=2/infer-save-reload 0.001s
# START ols-no-intercept/denormal_ftz repeat=2/batch
# DONE ols-no-intercept/denormal_ftz repeat=2/batch 0.002s
# START ols-no-intercept/denormal_ftz repeat=2/batchgrad
# DONE ols-no-intercept/denormal_ftz repeat=2/batchgrad 0.000s
# START ols-no-intercept/denormal_ftz repeat=2/batchscale
# DONE ols-no-intercept/denormal_ftz repeat=2/batchscale 0.000s
# START ols-no-intercept/denormal_ftz repeat=2/ragged
# DONE ols-no-intercept/denormal_ftz repeat=2/ragged 0.000s
# START ols-no-intercept/denormal_ftz repeat=2/stepfull
# DONE ols-no-intercept/denormal_ftz repeat=2/stepfull 0.000s
# CELL ols-no-intercept/denormal_ftz STABLE 0.022s
# START ols-no-intercept/dupes repeat=1/train
# DONE ols-no-intercept/dupes repeat=1/train 0.008s
# START ols-no-intercept/dupes repeat=1/infer-save-reload
# DONE ols-no-intercept/dupes repeat=1/infer-save-reload 0.001s
# START ols-no-intercept/dupes repeat=1/batch
# DONE ols-no-intercept/dupes repeat=1/batch 0.002s
# START ols-no-intercept/dupes repeat=1/batchgrad
# DONE ols-no-intercept/dupes repeat=1/batchgrad 0.000s
# START ols-no-intercept/dupes repeat=1/batchscale
# DONE ols-no-intercept/dupes repeat=1/batchscale 0.000s
# START ols-no-intercept/dupes repeat=1/ragged
# DONE ols-no-intercept/dupes repeat=1/ragged 0.000s
# START ols-no-intercept/dupes repeat=1/stepfull
# DONE ols-no-intercept/dupes repeat=1/stepfull 0.000s
# START ols-no-intercept/dupes repeat=2/train
# DONE ols-no-intercept/dupes repeat=2/train 0.007s
# START ols-no-intercept/dupes repeat=2/infer-save-reload
# DONE ols-no-intercept/dupes repeat=2/infer-save-reload 0.001s
# START ols-no-intercept/dupes repeat=2/batch
# DONE ols-no-intercept/dupes repeat=2/batch 0.002s
# START ols-no-intercept/dupes repeat=2/batchgrad
# DONE ols-no-intercept/dupes repeat=2/batchgrad 0.000s
# START ols-no-intercept/dupes repeat=2/batchscale
# DONE ols-no-intercept/dupes repeat=2/batchscale 0.000s
# START ols-no-intercept/dupes repeat=2/ragged
# DONE ols-no-intercept/dupes repeat=2/ragged 0.000s
# START ols-no-intercept/dupes repeat=2/stepfull
# DONE ols-no-intercept/dupes repeat=2/stepfull 0.000s
# CELL ols-no-intercept/dupes STABLE 0.022s
# START ols-no-intercept/odd repeat=1/train
# DONE ols-no-intercept/odd repeat=1/train 0.005s
# START ols-no-intercept/odd repeat=1/infer-save-reload
# DONE ols-no-intercept/odd repeat=1/infer-save-reload 0.001s
# START ols-no-intercept/odd repeat=1/batch
# DONE ols-no-intercept/odd repeat=1/batch 0.002s
# START ols-no-intercept/odd repeat=1/batchgrad
# DONE ols-no-intercept/odd repeat=1/batchgrad 0.000s
# START ols-no-intercept/odd repeat=1/batchscale
# DONE ols-no-intercept/odd repeat=1/batchscale 0.000s
# START ols-no-intercept/odd repeat=1/ragged
# DONE ols-no-intercept/odd repeat=1/ragged 0.000s
# START ols-no-intercept/odd repeat=1/stepfull
# DONE ols-no-intercept/odd repeat=1/stepfull 0.000s
# START ols-no-intercept/odd repeat=2/train
# DONE ols-no-intercept/odd repeat=2/train 0.004s
# START ols-no-intercept/odd repeat=2/infer-save-reload
# DONE ols-no-intercept/odd repeat=2/infer-save-reload 0.001s
# START ols-no-intercept/odd repeat=2/batch
# DONE ols-no-intercept/odd repeat=2/batch 0.002s
# START ols-no-intercept/odd repeat=2/batchgrad
# DONE ols-no-intercept/odd repeat=2/batchgrad 0.000s
# START ols-no-intercept/odd repeat=2/batchscale
# DONE ols-no-intercept/odd repeat=2/batchscale 0.000s
# START ols-no-intercept/odd repeat=2/ragged
# DONE ols-no-intercept/odd repeat=2/ragged 0.000s
# START ols-no-intercept/odd repeat=2/stepfull
# DONE ols-no-intercept/odd repeat=2/stepfull 0.000s
# CELL ols-no-intercept/odd STABLE 0.015s
# START ols-no-intercept/negative repeat=1/train
# DONE ols-no-intercept/negative repeat=1/train 0.007s
# START ols-no-intercept/negative repeat=1/infer-save-reload
# DONE ols-no-intercept/negative repeat=1/infer-save-reload 0.001s
# START ols-no-intercept/negative repeat=1/batch
# DONE ols-no-intercept/negative repeat=1/batch 0.002s
# START ols-no-intercept/negative repeat=1/batchgrad
# DONE ols-no-intercept/negative repeat=1/batchgrad 0.000s
# START ols-no-intercept/negative repeat=1/batchscale
# DONE ols-no-intercept/negative repeat=1/batchscale 0.000s
# START ols-no-intercept/negative repeat=1/ragged
# DONE ols-no-intercept/negative repeat=1/ragged 0.000s
# START ols-no-intercept/negative repeat=1/stepfull
# DONE ols-no-intercept/negative repeat=1/stepfull 0.000s
# START ols-no-intercept/negative repeat=2/train
# DONE ols-no-intercept/negative repeat=2/train 0.007s
# START ols-no-intercept/negative repeat=2/infer-save-reload
# DONE ols-no-intercept/negative repeat=2/infer-save-reload 0.001s
# START ols-no-intercept/negative repeat=2/batch
# DONE ols-no-intercept/negative repeat=2/batch 0.002s
# START ols-no-intercept/negative repeat=2/batchgrad
# DONE ols-no-intercept/negative repeat=2/batchgrad 0.000s
# START ols-no-intercept/negative repeat=2/batchscale
# DONE ols-no-intercept/negative repeat=2/batchscale 0.000s
# START ols-no-intercept/negative repeat=2/ragged
# DONE ols-no-intercept/negative repeat=2/ragged 0.000s
# START ols-no-intercept/negative repeat=2/stepfull
# DONE ols-no-intercept/negative repeat=2/stepfull 0.000s
# CELL ols-no-intercept/negative STABLE 0.021s
| ols-no-intercept       | bc9714aa8394d319 | c7741b3caaf46628 | 5400b995ec922d18 | 4339ec7acdc59c11 | 172fbbe0bc0a7c91 | 172fbbe0bc0a7c91 | 93ef26a5fe27fd51 | 3d456f2024b12b13 | 7309f31c6bb18bd1 |
| ols-no-intercept infer | 5fbab3a7de51017a | d86d457c4deed731 | 03c5834fb6a755fe | fee22f64b62d80da | 15ca54a4cd747c03 | 15ca54a4cd747c03 | 4dba21ec983fd44e | 2659af88e6d096ad | 23304e904ac46a38 |
| ols-no-intercept model | f3ef9126ad986141 | c04daec8f88a4585 | 2076321d9b32836b | d50e2658e2055960 | eb819356230f741a | eb819356230f741a | 8ddf302c2787689c | 6c6ad7bbc740a643 | e6f7874e0796186c |
| ols-no-intercept batch | dc55264f9670b923 | 9d1d8f455d92979f | e9f015d0a85eb328 | 8a32b2bb86b0169c | 6af1552ec8d1ebef | 6af1552ec8d1ebef | a238adf13af9728f | 316836dd567e0c8b | 422f481f4b1868be |
# START logistic-multiclass/base repeat=1/train
# DONE logistic-multiclass/base repeat=1/train 0.123s
# START logistic-multiclass/base repeat=1/infer-save-reload
# DONE logistic-multiclass/base repeat=1/infer-save-reload 0.002s
# START logistic-multiclass/base repeat=1/batch
# DONE logistic-multiclass/base repeat=1/batch 0.005s
# START logistic-multiclass/base repeat=1/batchgrad
# DONE logistic-multiclass/base repeat=1/batchgrad 0.000s
# START logistic-multiclass/base repeat=1/batchscale
# DONE logistic-multiclass/base repeat=1/batchscale 0.000s
# START logistic-multiclass/base repeat=1/ragged
# DONE logistic-multiclass/base repeat=1/ragged 0.000s
# START logistic-multiclass/base repeat=1/stepfull
# DONE logistic-multiclass/base repeat=1/stepfull 0.000s
# START logistic-multiclass/base repeat=2/train
# DONE logistic-multiclass/base repeat=2/train 0.107s
# START logistic-multiclass/base repeat=2/infer-save-reload
# DONE logistic-multiclass/base repeat=2/infer-save-reload 0.002s
# START logistic-multiclass/base repeat=2/batch
# DONE logistic-multiclass/base repeat=2/batch 0.005s
# START logistic-multiclass/base repeat=2/batchgrad
# DONE logistic-multiclass/base repeat=2/batchgrad 0.000s
# START logistic-multiclass/base repeat=2/batchscale
# DONE logistic-multiclass/base repeat=2/batchscale 0.000s
# START logistic-multiclass/base repeat=2/ragged
# DONE logistic-multiclass/base repeat=2/ragged 0.000s
# START logistic-multiclass/base repeat=2/stepfull
# DONE logistic-multiclass/base repeat=2/stepfull 0.000s
# CELL logistic-multiclass/base STABLE 0.245s
# START logistic-multiclass/ties repeat=1/train
# DONE logistic-multiclass/ties repeat=1/train 0.511s
# START logistic-multiclass/ties repeat=1/infer-save-reload
# DONE logistic-multiclass/ties repeat=1/infer-save-reload 0.002s
# START logistic-multiclass/ties repeat=1/batch
# DONE logistic-multiclass/ties repeat=1/batch 0.005s
# START logistic-multiclass/ties repeat=1/batchgrad
# DONE logistic-multiclass/ties repeat=1/batchgrad 0.000s
# START logistic-multiclass/ties repeat=1/batchscale
# DONE logistic-multiclass/ties repeat=1/batchscale 0.000s
# START logistic-multiclass/ties repeat=1/ragged
# DONE logistic-multiclass/ties repeat=1/ragged 0.000s
# START logistic-multiclass/ties repeat=1/stepfull
# DONE logistic-multiclass/ties repeat=1/stepfull 0.000s
# START logistic-multiclass/ties repeat=2/train
# DONE logistic-multiclass/ties repeat=2/train 0.483s
# START logistic-multiclass/ties repeat=2/infer-save-reload
# DONE logistic-multiclass/ties repeat=2/infer-save-reload 0.002s
# START logistic-multiclass/ties repeat=2/batch
# DONE logistic-multiclass/ties repeat=2/batch 0.005s
# START logistic-multiclass/ties repeat=2/batchgrad
# DONE logistic-multiclass/ties repeat=2/batchgrad 0.000s
# START logistic-multiclass/ties repeat=2/batchscale
# DONE logistic-multiclass/ties repeat=2/batchscale 0.000s
# START logistic-multiclass/ties repeat=2/ragged
# DONE logistic-multiclass/ties repeat=2/ragged 0.000s
# START logistic-multiclass/ties repeat=2/stepfull
# DONE logistic-multiclass/ties repeat=2/stepfull 0.000s
# CELL logistic-multiclass/ties STABLE 1.009s
# START logistic-multiclass/hashed repeat=1/train
# DONE logistic-multiclass/hashed repeat=1/train 0.106s
# START logistic-multiclass/hashed repeat=1/infer-save-reload
# DONE logistic-multiclass/hashed repeat=1/infer-save-reload 0.002s
# START logistic-multiclass/hashed repeat=1/batch
# DONE logistic-multiclass/hashed repeat=1/batch 0.005s
# START logistic-multiclass/hashed repeat=1/batchgrad
# DONE logistic-multiclass/hashed repeat=1/batchgrad 0.000s
# START logistic-multiclass/hashed repeat=1/batchscale
# DONE logistic-multiclass/hashed repeat=1/batchscale 0.000s
# START logistic-multiclass/hashed repeat=1/ragged
# DONE logistic-multiclass/hashed repeat=1/ragged 0.000s
# START logistic-multiclass/hashed repeat=1/stepfull
# DONE logistic-multiclass/hashed repeat=1/stepfull 0.000s
# START logistic-multiclass/hashed repeat=2/train
# DONE logistic-multiclass/hashed repeat=2/train 0.106s
# START logistic-multiclass/hashed repeat=2/infer-save-reload
# DONE logistic-multiclass/hashed repeat=2/infer-save-reload 0.002s
# START logistic-multiclass/hashed repeat=2/batch
# DONE logistic-multiclass/hashed repeat=2/batch 0.005s
# START logistic-multiclass/hashed repeat=2/batchgrad
# DONE logistic-multiclass/hashed repeat=2/batchgrad 0.000s
# START logistic-multiclass/hashed repeat=2/batchscale
# DONE logistic-multiclass/hashed repeat=2/batchscale 0.000s
# START logistic-multiclass/hashed repeat=2/ragged
# DONE logistic-multiclass/hashed repeat=2/ragged 0.000s
# START logistic-multiclass/hashed repeat=2/stepfull
# DONE logistic-multiclass/hashed repeat=2/stepfull 0.000s
# CELL logistic-multiclass/hashed STABLE 0.227s
# START logistic-multiclass/wide repeat=1/train
# DONE logistic-multiclass/wide repeat=1/train 0.130s
# START logistic-multiclass/wide repeat=1/infer-save-reload
# DONE logistic-multiclass/wide repeat=1/infer-save-reload 0.002s
# START logistic-multiclass/wide repeat=1/batch
# DONE logistic-multiclass/wide repeat=1/batch 0.005s
# START logistic-multiclass/wide repeat=1/batchgrad
# DONE logistic-multiclass/wide repeat=1/batchgrad 0.000s
# START logistic-multiclass/wide repeat=1/batchscale
# DONE logistic-multiclass/wide repeat=1/batchscale 0.000s
# START logistic-multiclass/wide repeat=1/ragged
# DONE logistic-multiclass/wide repeat=1/ragged 0.000s
# START logistic-multiclass/wide repeat=1/stepfull
# DONE logistic-multiclass/wide repeat=1/stepfull 0.000s
# START logistic-multiclass/wide repeat=2/train
# DONE logistic-multiclass/wide repeat=2/train 0.129s
# START logistic-multiclass/wide repeat=2/infer-save-reload
# DONE logistic-multiclass/wide repeat=2/infer-save-reload 0.002s
# START logistic-multiclass/wide repeat=2/batch
# DONE logistic-multiclass/wide repeat=2/batch 0.005s
# START logistic-multiclass/wide repeat=2/batchgrad
# DONE logistic-multiclass/wide repeat=2/batchgrad 0.000s
# START logistic-multiclass/wide repeat=2/batchscale
# DONE logistic-multiclass/wide repeat=2/batchscale 0.000s
# START logistic-multiclass/wide repeat=2/ragged
# DONE logistic-multiclass/wide repeat=2/ragged 0.000s
# START logistic-multiclass/wide repeat=2/stepfull
# DONE logistic-multiclass/wide repeat=2/stepfull 0.000s
# CELL logistic-multiclass/wide STABLE 0.272s
# START logistic-multiclass/denormal repeat=1/train
# DONE logistic-multiclass/denormal repeat=1/train 0.101s
# START logistic-multiclass/denormal repeat=1/infer-save-reload
# DONE logistic-multiclass/denormal repeat=1/infer-save-reload 0.002s
# START logistic-multiclass/denormal repeat=1/batch
# DONE logistic-multiclass/denormal repeat=1/batch 0.005s
# START logistic-multiclass/denormal repeat=1/batchgrad
# DONE logistic-multiclass/denormal repeat=1/batchgrad 0.000s
# START logistic-multiclass/denormal repeat=1/batchscale
# DONE logistic-multiclass/denormal repeat=1/batchscale 0.000s
# START logistic-multiclass/denormal repeat=1/ragged
# DONE logistic-multiclass/denormal repeat=1/ragged 0.000s
# START logistic-multiclass/denormal repeat=1/stepfull
# DONE logistic-multiclass/denormal repeat=1/stepfull 0.000s
# START logistic-multiclass/denormal repeat=2/train
# DONE logistic-multiclass/denormal repeat=2/train 0.106s
# START logistic-multiclass/denormal repeat=2/infer-save-reload
# DONE logistic-multiclass/denormal repeat=2/infer-save-reload 0.002s
# START logistic-multiclass/denormal repeat=2/batch
# DONE logistic-multiclass/denormal repeat=2/batch 0.005s
# START logistic-multiclass/denormal repeat=2/batchgrad
# DONE logistic-multiclass/denormal repeat=2/batchgrad 0.000s
# START logistic-multiclass/denormal repeat=2/batchscale
# DONE logistic-multiclass/denormal repeat=2/batchscale 0.000s
# START logistic-multiclass/denormal repeat=2/ragged
# DONE logistic-multiclass/denormal repeat=2/ragged 0.000s
# START logistic-multiclass/denormal repeat=2/stepfull
# DONE logistic-multiclass/denormal repeat=2/stepfull 0.000s
# CELL logistic-multiclass/denormal STABLE 0.221s
# START logistic-multiclass/denormal_ftz repeat=1/train
# DONE logistic-multiclass/denormal_ftz repeat=1/train 0.109s
# START logistic-multiclass/denormal_ftz repeat=1/infer-save-reload
# DONE logistic-multiclass/denormal_ftz repeat=1/infer-save-reload 0.002s
# START logistic-multiclass/denormal_ftz repeat=1/batch
# DONE logistic-multiclass/denormal_ftz repeat=1/batch 0.005s
# START logistic-multiclass/denormal_ftz repeat=1/batchgrad
# DONE logistic-multiclass/denormal_ftz repeat=1/batchgrad 0.000s
# START logistic-multiclass/denormal_ftz repeat=1/batchscale
# DONE logistic-multiclass/denormal_ftz repeat=1/batchscale 0.000s
# START logistic-multiclass/denormal_ftz repeat=1/ragged
# DONE logistic-multiclass/denormal_ftz repeat=1/ragged 0.000s
# START logistic-multiclass/denormal_ftz repeat=1/stepfull
# DONE logistic-multiclass/denormal_ftz repeat=1/stepfull 0.000s
# START logistic-multiclass/denormal_ftz repeat=2/train
# DONE logistic-multiclass/denormal_ftz repeat=2/train 0.109s
# START logistic-multiclass/denormal_ftz repeat=2/infer-save-reload
# DONE logistic-multiclass/denormal_ftz repeat=2/infer-save-reload 0.002s
# START logistic-multiclass/denormal_ftz repeat=2/batch
# DONE logistic-multiclass/denormal_ftz repeat=2/batch 0.005s
# START logistic-multiclass/denormal_ftz repeat=2/batchgrad
# DONE logistic-multiclass/denormal_ftz repeat=2/batchgrad 0.000s
# START logistic-multiclass/denormal_ftz repeat=2/batchscale
# DONE logistic-multiclass/denormal_ftz repeat=2/batchscale 0.000s
# START logistic-multiclass/denormal_ftz repeat=2/ragged
# DONE logistic-multiclass/denormal_ftz repeat=2/ragged 0.000s
# START logistic-multiclass/denormal_ftz repeat=2/stepfull
# DONE logistic-multiclass/denormal_ftz repeat=2/stepfull 0.000s
# CELL logistic-multiclass/denormal_ftz STABLE 0.232s
# START logistic-multiclass/dupes repeat=1/train
# DONE logistic-multiclass/dupes repeat=1/train 0.212s
# START logistic-multiclass/dupes repeat=1/infer-save-reload
# DONE logistic-multiclass/dupes repeat=1/infer-save-reload 0.002s
# START logistic-multiclass/dupes repeat=1/batch
# DONE logistic-multiclass/dupes repeat=1/batch 0.005s
# START logistic-multiclass/dupes repeat=1/batchgrad
# DONE logistic-multiclass/dupes repeat=1/batchgrad 0.000s
# START logistic-multiclass/dupes repeat=1/batchscale
# DONE logistic-multiclass/dupes repeat=1/batchscale 0.000s
# START logistic-multiclass/dupes repeat=1/ragged
# DONE logistic-multiclass/dupes repeat=1/ragged 0.000s
# START logistic-multiclass/dupes repeat=1/stepfull
# DONE logistic-multiclass/dupes repeat=1/stepfull 0.000s
# START logistic-multiclass/dupes repeat=2/train
# DONE logistic-multiclass/dupes repeat=2/train 0.214s
# START logistic-multiclass/dupes repeat=2/infer-save-reload
# DONE logistic-multiclass/dupes repeat=2/infer-save-reload 0.002s
# START logistic-multiclass/dupes repeat=2/batch
# DONE logistic-multiclass/dupes repeat=2/batch 0.005s
# START logistic-multiclass/dupes repeat=2/batchgrad
# DONE logistic-multiclass/dupes repeat=2/batchgrad 0.000s
# START logistic-multiclass/dupes repeat=2/batchscale
# DONE logistic-multiclass/dupes repeat=2/batchscale 0.000s
# START logistic-multiclass/dupes repeat=2/ragged
# DONE logistic-multiclass/dupes repeat=2/ragged 0.000s
# START logistic-multiclass/dupes repeat=2/stepfull
# DONE logistic-multiclass/dupes repeat=2/stepfull 0.000s
# CELL logistic-multiclass/dupes STABLE 0.440s
# START logistic-multiclass/odd repeat=1/train
# DONE logistic-multiclass/odd repeat=1/train 0.045s
# START logistic-multiclass/odd repeat=1/infer-save-reload
# DONE logistic-multiclass/odd repeat=1/infer-save-reload 0.003s
# START logistic-multiclass/odd repeat=1/batch
# DONE logistic-multiclass/odd repeat=1/batch 0.005s
# START logistic-multiclass/odd repeat=1/batchgrad
# DONE logistic-multiclass/odd repeat=1/batchgrad 0.000s
# START logistic-multiclass/odd repeat=1/batchscale
# DONE logistic-multiclass/odd repeat=1/batchscale 0.000s
# START logistic-multiclass/odd repeat=1/ragged
# DONE logistic-multiclass/odd repeat=1/ragged 0.000s
# START logistic-multiclass/odd repeat=1/stepfull
# DONE logistic-multiclass/odd repeat=1/stepfull 0.000s
# START logistic-multiclass/odd repeat=2/train
# DONE logistic-multiclass/odd repeat=2/train 0.044s
# START logistic-multiclass/odd repeat=2/infer-save-reload
# DONE logistic-multiclass/odd repeat=2/infer-save-reload 0.002s
# START logistic-multiclass/odd repeat=2/batch
# DONE logistic-multiclass/odd repeat=2/batch 0.005s
# START logistic-multiclass/odd repeat=2/batchgrad
# DONE logistic-multiclass/odd repeat=2/batchgrad 0.000s
# START logistic-multiclass/odd repeat=2/batchscale
# DONE logistic-multiclass/odd repeat=2/batchscale 0.000s
# START logistic-multiclass/odd repeat=2/ragged
# DONE logistic-multiclass/odd repeat=2/ragged 0.000s
# START logistic-multiclass/odd repeat=2/stepfull
# DONE logistic-multiclass/odd repeat=2/stepfull 0.000s
# CELL logistic-multiclass/odd STABLE 0.104s
# START logistic-multiclass/negative repeat=1/train
# DONE logistic-multiclass/negative repeat=1/train 0.477s
# START logistic-multiclass/negative repeat=1/infer-save-reload
# DONE logistic-multiclass/negative repeat=1/infer-save-reload 0.002s
# START logistic-multiclass/negative repeat=1/batch
# DONE logistic-multiclass/negative repeat=1/batch 0.005s
# START logistic-multiclass/negative repeat=1/batchgrad
# DONE logistic-multiclass/negative repeat=1/batchgrad 0.000s
# START logistic-multiclass/negative repeat=1/batchscale
# DONE logistic-multiclass/negative repeat=1/batchscale 0.000s
# START logistic-multiclass/negative repeat=1/ragged
# DONE logistic-multiclass/negative repeat=1/ragged 0.000s
# START logistic-multiclass/negative repeat=1/stepfull
# DONE logistic-multiclass/negative repeat=1/stepfull 0.000s
# START logistic-multiclass/negative repeat=2/train
# DONE logistic-multiclass/negative repeat=2/train 0.478s
# START logistic-multiclass/negative repeat=2/infer-save-reload
# DONE logistic-multiclass/negative repeat=2/infer-save-reload 0.002s
# START logistic-multiclass/negative repeat=2/batch
# DONE logistic-multiclass/negative repeat=2/batch 0.005s
# START logistic-multiclass/negative repeat=2/batchgrad
# DONE logistic-multiclass/negative repeat=2/batchgrad 0.000s
# START logistic-multiclass/negative repeat=2/batchscale
# DONE logistic-multiclass/negative repeat=2/batchscale 0.000s
# START logistic-multiclass/negative repeat=2/ragged
# DONE logistic-multiclass/negative repeat=2/ragged 0.000s
# START logistic-multiclass/negative repeat=2/stepfull
# DONE logistic-multiclass/negative repeat=2/stepfull 0.000s
# CELL logistic-multiclass/negative STABLE 0.969s
| logistic-multiclass    | b197f3db38cd7fab | 083b19eb8c842f52 | 453f615cf761f515 | d15222ad5dfec54f | ae4add4de101fdc6 | ae4add4de101fdc6 | 92b880ec6b23a858 | 237ff4f174ec0bbb | c8b3e52326ea542d |
| logistic-multiclass infer | 9603308580e1a294 | ec57465dcbb52769 | 2f2abf53a96c07f3 | c425664f9a79cdfc | 5a55ffdebeec9e6f | 5a55ffdebeec9e6f | 1a7502a44255504c | 335e25d487fe0eb0 | 776efb8677ed42eb |
| logistic-multiclass model | b4b216d91d0e4ba7 | 61105df92f03899b | 2673362e9e8716e4 | c9e4f0408b970bd5 | d218014d1003ca6f | d218014d1003ca6f | eba7445d0f4ff605 | f719d5ae4760729e | 534c14d079eed480 |
| logistic-multiclass batch | 65c83b052abd0434 | a215249040d7dade | 5ca13d2b791bad22 | 3ad954fd86549d13 | 645fbd470f6484a8 | 645fbd470f6484a8 | 5b85c4812792ede3 | 77f23c9706cbc655 | d2620a052334bacd |
# START svc-linear/base repeat=1/train
# DONE svc-linear/base repeat=1/train 0.109s
# START svc-linear/base repeat=1/infer-save-reload
# DONE svc-linear/base repeat=1/infer-save-reload 0.011s
# START svc-linear/base repeat=1/batch
# DONE svc-linear/base repeat=1/batch 0.013s
# START svc-linear/base repeat=1/batchgrad
# DONE svc-linear/base repeat=1/batchgrad 0.000s
# START svc-linear/base repeat=1/batchscale
# DONE svc-linear/base repeat=1/batchscale 0.000s
# START svc-linear/base repeat=1/ragged
# DONE svc-linear/base repeat=1/ragged 0.000s
# START svc-linear/base repeat=1/stepfull
# DONE svc-linear/base repeat=1/stepfull 0.000s
# START svc-linear/base repeat=2/train
# DONE svc-linear/base repeat=2/train 0.109s
# START svc-linear/base repeat=2/infer-save-reload
# DONE svc-linear/base repeat=2/infer-save-reload 0.011s
# START svc-linear/base repeat=2/batch
# DONE svc-linear/base repeat=2/batch 0.013s
# START svc-linear/base repeat=2/batchgrad
# DONE svc-linear/base repeat=2/batchgrad 0.000s
# START svc-linear/base repeat=2/batchscale
# DONE svc-linear/base repeat=2/batchscale 0.000s
# START svc-linear/base repeat=2/ragged
# DONE svc-linear/base repeat=2/ragged 0.000s
# START svc-linear/base repeat=2/stepfull
# DONE svc-linear/base repeat=2/stepfull 0.000s
# CELL svc-linear/base STABLE 0.265s
# START svc-linear/ties repeat=1/train
# DONE svc-linear/ties repeat=1/train 0.295s
# START svc-linear/ties repeat=1/infer-save-reload
# DONE svc-linear/ties repeat=1/infer-save-reload 0.033s
# START svc-linear/ties repeat=1/batch
# DONE svc-linear/ties repeat=1/batch 0.035s
# START svc-linear/ties repeat=1/batchgrad
# DONE svc-linear/ties repeat=1/batchgrad 0.000s
# START svc-linear/ties repeat=1/batchscale
# DONE svc-linear/ties repeat=1/batchscale 0.000s
# START svc-linear/ties repeat=1/ragged
# DONE svc-linear/ties repeat=1/ragged 0.000s
# START svc-linear/ties repeat=1/stepfull
# DONE svc-linear/ties repeat=1/stepfull 0.000s
# START svc-linear/ties repeat=2/train
# DONE svc-linear/ties repeat=2/train 0.295s
# START svc-linear/ties repeat=2/infer-save-reload
# DONE svc-linear/ties repeat=2/infer-save-reload 0.032s
# START svc-linear/ties repeat=2/batch
# DONE svc-linear/ties repeat=2/batch 0.034s
# START svc-linear/ties repeat=2/batchgrad
# DONE svc-linear/ties repeat=2/batchgrad 0.000s
# START svc-linear/ties repeat=2/batchscale
# DONE svc-linear/ties repeat=2/batchscale 0.000s
# START svc-linear/ties repeat=2/ragged
# DONE svc-linear/ties repeat=2/ragged 0.000s
# START svc-linear/ties repeat=2/stepfull
# DONE svc-linear/ties repeat=2/stepfull 0.000s
# CELL svc-linear/ties STABLE 0.725s
# START svc-linear/hashed repeat=1/train
# DONE svc-linear/hashed repeat=1/train 0.109s
# START svc-linear/hashed repeat=1/infer-save-reload
# DONE svc-linear/hashed repeat=1/infer-save-reload 0.011s
# START svc-linear/hashed repeat=1/batch
# DONE svc-linear/hashed repeat=1/batch 0.013s
# START svc-linear/hashed repeat=1/batchgrad
# DONE svc-linear/hashed repeat=1/batchgrad 0.000s
# START svc-linear/hashed repeat=1/batchscale
# DONE svc-linear/hashed repeat=1/batchscale 0.000s
# START svc-linear/hashed repeat=1/ragged
# DONE svc-linear/hashed repeat=1/ragged 0.000s
# START svc-linear/hashed repeat=1/stepfull
# DONE svc-linear/hashed repeat=1/stepfull 0.000s
# START svc-linear/hashed repeat=2/train
# DONE svc-linear/hashed repeat=2/train 0.109s
# START svc-linear/hashed repeat=2/infer-save-reload
# DONE svc-linear/hashed repeat=2/infer-save-reload 0.011s
# START svc-linear/hashed repeat=2/batch
# DONE svc-linear/hashed repeat=2/batch 0.013s
# START svc-linear/hashed repeat=2/batchgrad
# DONE svc-linear/hashed repeat=2/batchgrad 0.000s
# START svc-linear/hashed repeat=2/batchscale
# DONE svc-linear/hashed repeat=2/batchscale 0.000s
# START svc-linear/hashed repeat=2/ragged
# DONE svc-linear/hashed repeat=2/ragged 0.000s
# START svc-linear/hashed repeat=2/stepfull
# DONE svc-linear/hashed repeat=2/stepfull 0.000s
# CELL svc-linear/hashed STABLE 0.267s
# START svc-linear/wide repeat=1/train
# DONE svc-linear/wide repeat=1/train 0.097s
# START svc-linear/wide repeat=1/infer-save-reload
# DONE svc-linear/wide repeat=1/infer-save-reload 0.006s
# START svc-linear/wide repeat=1/batch
# DONE svc-linear/wide repeat=1/batch 0.008s
# START svc-linear/wide repeat=1/batchgrad
# DONE svc-linear/wide repeat=1/batchgrad 0.000s
# START svc-linear/wide repeat=1/batchscale
# DONE svc-linear/wide repeat=1/batchscale 0.000s
# START svc-linear/wide repeat=1/ragged
# DONE svc-linear/wide repeat=1/ragged 0.000s
# START svc-linear/wide repeat=1/stepfull
# DONE svc-linear/wide repeat=1/stepfull 0.000s
# START svc-linear/wide repeat=2/train
# DONE svc-linear/wide repeat=2/train 0.097s
# START svc-linear/wide repeat=2/infer-save-reload
# DONE svc-linear/wide repeat=2/infer-save-reload 0.006s
# START svc-linear/wide repeat=2/batch
# DONE svc-linear/wide repeat=2/batch 0.008s
# START svc-linear/wide repeat=2/batchgrad
# DONE svc-linear/wide repeat=2/batchgrad 0.000s
# START svc-linear/wide repeat=2/batchscale
# DONE svc-linear/wide repeat=2/batchscale 0.000s
# START svc-linear/wide repeat=2/ragged
# DONE svc-linear/wide repeat=2/ragged 0.000s
# START svc-linear/wide repeat=2/stepfull
# DONE svc-linear/wide repeat=2/stepfull 0.000s
# CELL svc-linear/wide STABLE 0.222s
# START svc-linear/denormal repeat=1/train
# DONE svc-linear/denormal repeat=1/train 0.108s
# START svc-linear/denormal repeat=1/infer-save-reload
# DONE svc-linear/denormal repeat=1/infer-save-reload 0.011s
# START svc-linear/denormal repeat=1/batch
# DONE svc-linear/denormal repeat=1/batch 0.013s
# START svc-linear/denormal repeat=1/batchgrad
# DONE svc-linear/denormal repeat=1/batchgrad 0.000s
# START svc-linear/denormal repeat=1/batchscale
# DONE svc-linear/denormal repeat=1/batchscale 0.000s
# START svc-linear/denormal repeat=1/ragged
# DONE svc-linear/denormal repeat=1/ragged 0.000s
# START svc-linear/denormal repeat=1/stepfull
# DONE svc-linear/denormal repeat=1/stepfull 0.000s
# START svc-linear/denormal repeat=2/train
# DONE svc-linear/denormal repeat=2/train 0.110s
# START svc-linear/denormal repeat=2/infer-save-reload
# DONE svc-linear/denormal repeat=2/infer-save-reload 0.011s
# START svc-linear/denormal repeat=2/batch
# DONE svc-linear/denormal repeat=2/batch 0.013s
# START svc-linear/denormal repeat=2/batchgrad
# DONE svc-linear/denormal repeat=2/batchgrad 0.000s
# START svc-linear/denormal repeat=2/batchscale
# DONE svc-linear/denormal repeat=2/batchscale 0.000s
# START svc-linear/denormal repeat=2/ragged
# DONE svc-linear/denormal repeat=2/ragged 0.000s
# START svc-linear/denormal repeat=2/stepfull
# DONE svc-linear/denormal repeat=2/stepfull 0.000s
# CELL svc-linear/denormal STABLE 0.265s
# START svc-linear/denormal_ftz repeat=1/train
# DONE svc-linear/denormal_ftz repeat=1/train 0.105s
# START svc-linear/denormal_ftz repeat=1/infer-save-reload
# DONE svc-linear/denormal_ftz repeat=1/infer-save-reload 0.010s
# START svc-linear/denormal_ftz repeat=1/batch
# DONE svc-linear/denormal_ftz repeat=1/batch 0.012s
# START svc-linear/denormal_ftz repeat=1/batchgrad
# DONE svc-linear/denormal_ftz repeat=1/batchgrad 0.000s
# START svc-linear/denormal_ftz repeat=1/batchscale
# DONE svc-linear/denormal_ftz repeat=1/batchscale 0.000s
# START svc-linear/denormal_ftz repeat=1/ragged
# DONE svc-linear/denormal_ftz repeat=1/ragged 0.000s
# START svc-linear/denormal_ftz repeat=1/stepfull
# DONE svc-linear/denormal_ftz repeat=1/stepfull 0.000s
# START svc-linear/denormal_ftz repeat=2/train
# DONE svc-linear/denormal_ftz repeat=2/train 0.105s
# START svc-linear/denormal_ftz repeat=2/infer-save-reload
# DONE svc-linear/denormal_ftz repeat=2/infer-save-reload 0.011s
# START svc-linear/denormal_ftz repeat=2/batch
# DONE svc-linear/denormal_ftz repeat=2/batch 0.013s
# START svc-linear/denormal_ftz repeat=2/batchgrad
# DONE svc-linear/denormal_ftz repeat=2/batchgrad 0.000s
# START svc-linear/denormal_ftz repeat=2/batchscale
# DONE svc-linear/denormal_ftz repeat=2/batchscale 0.000s
# START svc-linear/denormal_ftz repeat=2/ragged
# DONE svc-linear/denormal_ftz repeat=2/ragged 0.000s
# START svc-linear/denormal_ftz repeat=2/stepfull
# DONE svc-linear/denormal_ftz repeat=2/stepfull 0.000s
# CELL svc-linear/denormal_ftz STABLE 0.257s
# START svc-linear/dupes repeat=1/train
# DONE svc-linear/dupes repeat=1/train 0.108s
# START svc-linear/dupes repeat=1/infer-save-reload
# DONE svc-linear/dupes repeat=1/infer-save-reload 0.010s
# START svc-linear/dupes repeat=1/batch
# DONE svc-linear/dupes repeat=1/batch 0.013s
# START svc-linear/dupes repeat=1/batchgrad
# DONE svc-linear/dupes repeat=1/batchgrad 0.000s
# START svc-linear/dupes repeat=1/batchscale
# DONE svc-linear/dupes repeat=1/batchscale 0.000s
# START svc-linear/dupes repeat=1/ragged
# DONE svc-linear/dupes repeat=1/ragged 0.000s
# START svc-linear/dupes repeat=1/stepfull
# DONE svc-linear/dupes repeat=1/stepfull 0.000s
# START svc-linear/dupes repeat=2/train
# DONE svc-linear/dupes repeat=2/train 0.107s
# START svc-linear/dupes repeat=2/infer-save-reload
# DONE svc-linear/dupes repeat=2/infer-save-reload 0.011s
# START svc-linear/dupes repeat=2/batch
# DONE svc-linear/dupes repeat=2/batch 0.013s
# START svc-linear/dupes repeat=2/batchgrad
# DONE svc-linear/dupes repeat=2/batchgrad 0.000s
# START svc-linear/dupes repeat=2/batchscale
# DONE svc-linear/dupes repeat=2/batchscale 0.000s
# START svc-linear/dupes repeat=2/ragged
# DONE svc-linear/dupes repeat=2/ragged 0.000s
# START svc-linear/dupes repeat=2/stepfull
# DONE svc-linear/dupes repeat=2/stepfull 0.000s
# CELL svc-linear/dupes STABLE 0.262s
# START svc-linear/odd repeat=1/train
# DONE svc-linear/odd repeat=1/train 0.111s
# START svc-linear/odd repeat=1/infer-save-reload
# DONE svc-linear/odd repeat=1/infer-save-reload 0.011s
# START svc-linear/odd repeat=1/batch
# DONE svc-linear/odd repeat=1/batch 0.013s
# START svc-linear/odd repeat=1/batchgrad
# DONE svc-linear/odd repeat=1/batchgrad 0.000s
# START svc-linear/odd repeat=1/batchscale
# DONE svc-linear/odd repeat=1/batchscale 0.000s
# START svc-linear/odd repeat=1/ragged
# DONE svc-linear/odd repeat=1/ragged 0.000s
# START svc-linear/odd repeat=1/stepfull
# DONE svc-linear/odd repeat=1/stepfull 0.000s
# START svc-linear/odd repeat=2/train
# DONE svc-linear/odd repeat=2/train 0.112s
# START svc-linear/odd repeat=2/infer-save-reload
# DONE svc-linear/odd repeat=2/infer-save-reload 0.011s
# START svc-linear/odd repeat=2/batch
# DONE svc-linear/odd repeat=2/batch 0.014s
# START svc-linear/odd repeat=2/batchgrad
# DONE svc-linear/odd repeat=2/batchgrad 0.000s
# START svc-linear/odd repeat=2/batchscale
# DONE svc-linear/odd repeat=2/batchscale 0.000s
# START svc-linear/odd repeat=2/ragged
# DONE svc-linear/odd repeat=2/ragged 0.000s
# START svc-linear/odd repeat=2/stepfull
# DONE svc-linear/odd repeat=2/stepfull 0.000s
# CELL svc-linear/odd STABLE 0.273s
# START svc-linear/negative repeat=1/train
# DONE svc-linear/negative repeat=1/train 0.114s
# START svc-linear/negative repeat=1/infer-save-reload
# DONE svc-linear/negative repeat=1/infer-save-reload 0.013s
# START svc-linear/negative repeat=1/batch
# DONE svc-linear/negative repeat=1/batch 0.015s
# START svc-linear/negative repeat=1/batchgrad
# DONE svc-linear/negative repeat=1/batchgrad 0.000s
# START svc-linear/negative repeat=1/batchscale
# DONE svc-linear/negative repeat=1/batchscale 0.000s
# START svc-linear/negative repeat=1/ragged
# DONE svc-linear/negative repeat=1/ragged 0.000s
# START svc-linear/negative repeat=1/stepfull
# DONE svc-linear/negative repeat=1/stepfull 0.000s
# START svc-linear/negative repeat=2/train
# DONE svc-linear/negative repeat=2/train 0.114s
# START svc-linear/negative repeat=2/infer-save-reload
# DONE svc-linear/negative repeat=2/infer-save-reload 0.013s
# START svc-linear/negative repeat=2/batch
# DONE svc-linear/negative repeat=2/batch 0.015s
# START svc-linear/negative repeat=2/batchgrad
# DONE svc-linear/negative repeat=2/batchgrad 0.000s
# START svc-linear/negative repeat=2/batchscale
# DONE svc-linear/negative repeat=2/batchscale 0.000s
# START svc-linear/negative repeat=2/ragged
# DONE svc-linear/negative repeat=2/ragged 0.000s
# START svc-linear/negative repeat=2/stepfull
# DONE svc-linear/negative repeat=2/stepfull 0.000s
# CELL svc-linear/negative STABLE 0.286s
| svc-linear             | ea455a36adc828f6 | 00f7ef2e388552ce | 242efe7ec72f90f3 | 81a22bcf18af303a | de901b9dd9b1a5de | de901b9dd9b1a5de | ac51b25e0fe9f025 | 317e327ff51753d7 | 4960f9099fbcc78b |
| svc-linear infer       | 56f9c5365639a18c | 5f1ac2bd8cdedb37 | df8336c5f6f10c87 | 13a42e44c4f10341 | 4a5c2c031ec7dff0 | 4a5c2c031ec7dff0 | fadf613aac58bb2e | 3168620c6f3ae12c | b2c86345f107deb8 |
| svc-linear model       | 459c70b4ba8ff834 | 598ac7f417511df2 | c0ee95bb96c362c9 | d20d3409e8bbe13c | c19e40cd16fed228 | 4e307fa3c2c6fc08 | cd81cda921bf813f | 54e7b312a1b15a11 | 929a54ba699aa82a |
| svc-linear batch       | b49384ddf486bdce | 15c593e0eea77dab | 23de0c94df4e2a85 | 402897598350a2a1 | 09331b91251a0659 | 09331b91251a0659 | c0ebc4c51b20fd45 | dbc0417237073c0f | 21f729c2014bf74d |
# START knn-manhattan/base repeat=1/train
# DONE knn-manhattan/base repeat=1/train 0.012s
# START knn-manhattan/base repeat=1/infer-save-reload
# DONE knn-manhattan/base repeat=1/infer-save-reload 0.024s
# START knn-manhattan/base repeat=1/batch
# DONE knn-manhattan/base repeat=1/batch 0.027s
# START knn-manhattan/base repeat=1/batchgrad
# DONE knn-manhattan/base repeat=1/batchgrad 0.000s
# START knn-manhattan/base repeat=1/batchscale
# DONE knn-manhattan/base repeat=1/batchscale 0.000s
# START knn-manhattan/base repeat=1/ragged
# DONE knn-manhattan/base repeat=1/ragged 0.000s
# START knn-manhattan/base repeat=1/stepfull
# DONE knn-manhattan/base repeat=1/stepfull 0.000s
# START knn-manhattan/base repeat=2/train
# DONE knn-manhattan/base repeat=2/train 0.010s
# START knn-manhattan/base repeat=2/infer-save-reload
# DONE knn-manhattan/base repeat=2/infer-save-reload 0.014s
# START knn-manhattan/base repeat=2/batch
# DONE knn-manhattan/base repeat=2/batch 0.015s
# START knn-manhattan/base repeat=2/batchgrad
# DONE knn-manhattan/base repeat=2/batchgrad 0.000s
# START knn-manhattan/base repeat=2/batchscale
# DONE knn-manhattan/base repeat=2/batchscale 0.000s
# START knn-manhattan/base repeat=2/ragged
# DONE knn-manhattan/base repeat=2/ragged 0.000s
# START knn-manhattan/base repeat=2/stepfull
# DONE knn-manhattan/base repeat=2/stepfull 0.000s
# CELL knn-manhattan/base STABLE 0.102s
# START knn-manhattan/ties repeat=1/train
# DONE knn-manhattan/ties repeat=1/train 0.015s
# START knn-manhattan/ties repeat=1/infer-save-reload
# DONE knn-manhattan/ties repeat=1/infer-save-reload 0.030s
# START knn-manhattan/ties repeat=1/batch
# DONE knn-manhattan/ties repeat=1/batch 0.043s
# START knn-manhattan/ties repeat=1/batchgrad
# DONE knn-manhattan/ties repeat=1/batchgrad 0.000s
# START knn-manhattan/ties repeat=1/batchscale
# DONE knn-manhattan/ties repeat=1/batchscale 0.000s
# START knn-manhattan/ties repeat=1/ragged
# DONE knn-manhattan/ties repeat=1/ragged 0.000s
# START knn-manhattan/ties repeat=1/stepfull
# DONE knn-manhattan/ties repeat=1/stepfull 0.000s
# START knn-manhattan/ties repeat=2/train
# DONE knn-manhattan/ties repeat=2/train 0.013s
# START knn-manhattan/ties repeat=2/infer-save-reload
# DONE knn-manhattan/ties repeat=2/infer-save-reload 0.029s
# START knn-manhattan/ties repeat=2/batch
# DONE knn-manhattan/ties repeat=2/batch 0.042s
# START knn-manhattan/ties repeat=2/batchgrad
# DONE knn-manhattan/ties repeat=2/batchgrad 0.000s
# START knn-manhattan/ties repeat=2/batchscale
# DONE knn-manhattan/ties repeat=2/batchscale 0.000s
# START knn-manhattan/ties repeat=2/ragged
# DONE knn-manhattan/ties repeat=2/ragged 0.000s
# START knn-manhattan/ties repeat=2/stepfull
# DONE knn-manhattan/ties repeat=2/stepfull 0.000s
# CELL knn-manhattan/ties STABLE 0.172s
# START knn-manhattan/hashed repeat=1/train
# DONE knn-manhattan/hashed repeat=1/train 0.006s
# START knn-manhattan/hashed repeat=1/infer-save-reload
# DONE knn-manhattan/hashed repeat=1/infer-save-reload 0.011s
# START knn-manhattan/hashed repeat=1/batch
# DONE knn-manhattan/hashed repeat=1/batch 0.015s
# START knn-manhattan/hashed repeat=1/batchgrad
# DONE knn-manhattan/hashed repeat=1/batchgrad 0.000s
# START knn-manhattan/hashed repeat=1/batchscale
# DONE knn-manhattan/hashed repeat=1/batchscale 0.000s
# START knn-manhattan/hashed repeat=1/ragged
# DONE knn-manhattan/hashed repeat=1/ragged 0.000s
# START knn-manhattan/hashed repeat=1/stepfull
# DONE knn-manhattan/hashed repeat=1/stepfull 0.000s
# START knn-manhattan/hashed repeat=2/train
# DONE knn-manhattan/hashed repeat=2/train 0.005s
# START knn-manhattan/hashed repeat=2/infer-save-reload
# DONE knn-manhattan/hashed repeat=2/infer-save-reload 0.011s
# START knn-manhattan/hashed repeat=2/batch
# DONE knn-manhattan/hashed repeat=2/batch 0.015s
# START knn-manhattan/hashed repeat=2/batchgrad
# DONE knn-manhattan/hashed repeat=2/batchgrad 0.000s
# START knn-manhattan/hashed repeat=2/batchscale
# DONE knn-manhattan/hashed repeat=2/batchscale 0.000s
# START knn-manhattan/hashed repeat=2/ragged
# DONE knn-manhattan/hashed repeat=2/ragged 0.000s
# START knn-manhattan/hashed repeat=2/stepfull
# DONE knn-manhattan/hashed repeat=2/stepfull 0.000s
# CELL knn-manhattan/hashed STABLE 0.063s
# START knn-manhattan/wide repeat=1/train
# DONE knn-manhattan/wide repeat=1/train 0.005s
# START knn-manhattan/wide repeat=1/infer-save-reload
# DONE knn-manhattan/wide repeat=1/infer-save-reload 0.011s
# START knn-manhattan/wide repeat=1/batch
# DONE knn-manhattan/wide repeat=1/batch 0.015s
# START knn-manhattan/wide repeat=1/batchgrad
# DONE knn-manhattan/wide repeat=1/batchgrad 0.000s
# START knn-manhattan/wide repeat=1/batchscale
# DONE knn-manhattan/wide repeat=1/batchscale 0.000s
# START knn-manhattan/wide repeat=1/ragged
# DONE knn-manhattan/wide repeat=1/ragged 0.000s
# START knn-manhattan/wide repeat=1/stepfull
# DONE knn-manhattan/wide repeat=1/stepfull 0.000s
# START knn-manhattan/wide repeat=2/train
# DONE knn-manhattan/wide repeat=2/train 0.005s
# START knn-manhattan/wide repeat=2/infer-save-reload
# DONE knn-manhattan/wide repeat=2/infer-save-reload 0.011s
# START knn-manhattan/wide repeat=2/batch
# DONE knn-manhattan/wide repeat=2/batch 0.014s
# START knn-manhattan/wide repeat=2/batchgrad
# DONE knn-manhattan/wide repeat=2/batchgrad 0.000s
# START knn-manhattan/wide repeat=2/batchscale
# DONE knn-manhattan/wide repeat=2/batchscale 0.000s
# START knn-manhattan/wide repeat=2/ragged
# DONE knn-manhattan/wide repeat=2/ragged 0.000s
# START knn-manhattan/wide repeat=2/stepfull
# DONE knn-manhattan/wide repeat=2/stepfull 0.000s
# CELL knn-manhattan/wide STABLE 0.064s
# START knn-manhattan/denormal repeat=1/train
# DONE knn-manhattan/denormal repeat=1/train 0.005s
# START knn-manhattan/denormal repeat=1/infer-save-reload
# DONE knn-manhattan/denormal repeat=1/infer-save-reload 0.012s
# START knn-manhattan/denormal repeat=1/batch
# DONE knn-manhattan/denormal repeat=1/batch 0.015s
# START knn-manhattan/denormal repeat=1/batchgrad
# DONE knn-manhattan/denormal repeat=1/batchgrad 0.000s
# START knn-manhattan/denormal repeat=1/batchscale
# DONE knn-manhattan/denormal repeat=1/batchscale 0.000s
# START knn-manhattan/denormal repeat=1/ragged
# DONE knn-manhattan/denormal repeat=1/ragged 0.000s
# START knn-manhattan/denormal repeat=1/stepfull
# DONE knn-manhattan/denormal repeat=1/stepfull 0.000s
# START knn-manhattan/denormal repeat=2/train
# DONE knn-manhattan/denormal repeat=2/train 0.005s
# START knn-manhattan/denormal repeat=2/infer-save-reload
# DONE knn-manhattan/denormal repeat=2/infer-save-reload 0.011s
# START knn-manhattan/denormal repeat=2/batch
# DONE knn-manhattan/denormal repeat=2/batch 0.014s
# START knn-manhattan/denormal repeat=2/batchgrad
# DONE knn-manhattan/denormal repeat=2/batchgrad 0.000s
# START knn-manhattan/denormal repeat=2/batchscale
# DONE knn-manhattan/denormal repeat=2/batchscale 0.000s
# START knn-manhattan/denormal repeat=2/ragged
# DONE knn-manhattan/denormal repeat=2/ragged 0.000s
# START knn-manhattan/denormal repeat=2/stepfull
# DONE knn-manhattan/denormal repeat=2/stepfull 0.000s
# CELL knn-manhattan/denormal STABLE 0.063s
# START knn-manhattan/denormal_ftz repeat=1/train
# DONE knn-manhattan/denormal_ftz repeat=1/train 0.006s
# START knn-manhattan/denormal_ftz repeat=1/infer-save-reload
# DONE knn-manhattan/denormal_ftz repeat=1/infer-save-reload 0.011s
# START knn-manhattan/denormal_ftz repeat=1/batch
# DONE knn-manhattan/denormal_ftz repeat=1/batch 0.015s
# START knn-manhattan/denormal_ftz repeat=1/batchgrad
# DONE knn-manhattan/denormal_ftz repeat=1/batchgrad 0.000s
# START knn-manhattan/denormal_ftz repeat=1/batchscale
# DONE knn-manhattan/denormal_ftz repeat=1/batchscale 0.000s
# START knn-manhattan/denormal_ftz repeat=1/ragged
# DONE knn-manhattan/denormal_ftz repeat=1/ragged 0.000s
# START knn-manhattan/denormal_ftz repeat=1/stepfull
# DONE knn-manhattan/denormal_ftz repeat=1/stepfull 0.000s
# START knn-manhattan/denormal_ftz repeat=2/train
# DONE knn-manhattan/denormal_ftz repeat=2/train 0.005s
# START knn-manhattan/denormal_ftz repeat=2/infer-save-reload
# DONE knn-manhattan/denormal_ftz repeat=2/infer-save-reload 0.011s
# START knn-manhattan/denormal_ftz repeat=2/batch
# DONE knn-manhattan/denormal_ftz repeat=2/batch 0.015s
# START knn-manhattan/denormal_ftz repeat=2/batchgrad
# DONE knn-manhattan/denormal_ftz repeat=2/batchgrad 0.000s
# START knn-manhattan/denormal_ftz repeat=2/batchscale
# DONE knn-manhattan/denormal_ftz repeat=2/batchscale 0.000s
# START knn-manhattan/denormal_ftz repeat=2/ragged
# DONE knn-manhattan/denormal_ftz repeat=2/ragged 0.000s
# START knn-manhattan/denormal_ftz repeat=2/stepfull
# DONE knn-manhattan/denormal_ftz repeat=2/stepfull 0.000s
# CELL knn-manhattan/denormal_ftz STABLE 0.063s
# START knn-manhattan/dupes repeat=1/train
# DONE knn-manhattan/dupes repeat=1/train 0.005s
# START knn-manhattan/dupes repeat=1/infer-save-reload
# DONE knn-manhattan/dupes repeat=1/infer-save-reload 0.012s
# START knn-manhattan/dupes repeat=1/batch
# DONE knn-manhattan/dupes repeat=1/batch 0.014s
# START knn-manhattan/dupes repeat=1/batchgrad
# DONE knn-manhattan/dupes repeat=1/batchgrad 0.000s
# START knn-manhattan/dupes repeat=1/batchscale
# DONE knn-manhattan/dupes repeat=1/batchscale 0.000s
# START knn-manhattan/dupes repeat=1/ragged
# DONE knn-manhattan/dupes repeat=1/ragged 0.000s
# START knn-manhattan/dupes repeat=1/stepfull
# DONE knn-manhattan/dupes repeat=1/stepfull 0.000s
# START knn-manhattan/dupes repeat=2/train
# DONE knn-manhattan/dupes repeat=2/train 0.005s
# START knn-manhattan/dupes repeat=2/infer-save-reload
# DONE knn-manhattan/dupes repeat=2/infer-save-reload 0.011s
# START knn-manhattan/dupes repeat=2/batch
# DONE knn-manhattan/dupes repeat=2/batch 0.015s
# START knn-manhattan/dupes repeat=2/batchgrad
# DONE knn-manhattan/dupes repeat=2/batchgrad 0.000s
# START knn-manhattan/dupes repeat=2/batchscale
# DONE knn-manhattan/dupes repeat=2/batchscale 0.000s
# START knn-manhattan/dupes repeat=2/ragged
# DONE knn-manhattan/dupes repeat=2/ragged 0.000s
# START knn-manhattan/dupes repeat=2/stepfull
# DONE knn-manhattan/dupes repeat=2/stepfull 0.000s
# CELL knn-manhattan/dupes STABLE 0.063s
# START knn-manhattan/odd repeat=1/train
# DONE knn-manhattan/odd repeat=1/train 0.005s
# START knn-manhattan/odd repeat=1/infer-save-reload
# DONE knn-manhattan/odd repeat=1/infer-save-reload 0.012s
# START knn-manhattan/odd repeat=1/batch
# DONE knn-manhattan/odd repeat=1/batch 0.015s
# START knn-manhattan/odd repeat=1/batchgrad
# DONE knn-manhattan/odd repeat=1/batchgrad 0.000s
# START knn-manhattan/odd repeat=1/batchscale
# DONE knn-manhattan/odd repeat=1/batchscale 0.000s
# START knn-manhattan/odd repeat=1/ragged
# DONE knn-manhattan/odd repeat=1/ragged 0.000s
# START knn-manhattan/odd repeat=1/stepfull
# DONE knn-manhattan/odd repeat=1/stepfull 0.000s
# START knn-manhattan/odd repeat=2/train
# DONE knn-manhattan/odd repeat=2/train 0.005s
# START knn-manhattan/odd repeat=2/infer-save-reload
# DONE knn-manhattan/odd repeat=2/infer-save-reload 0.012s
# START knn-manhattan/odd repeat=2/batch
# DONE knn-manhattan/odd repeat=2/batch 0.015s
# START knn-manhattan/odd repeat=2/batchgrad
# DONE knn-manhattan/odd repeat=2/batchgrad 0.000s
# START knn-manhattan/odd repeat=2/batchscale
# DONE knn-manhattan/odd repeat=2/batchscale 0.000s
# START knn-manhattan/odd repeat=2/ragged
# DONE knn-manhattan/odd repeat=2/ragged 0.000s
# START knn-manhattan/odd repeat=2/stepfull
# DONE knn-manhattan/odd repeat=2/stepfull 0.000s
# CELL knn-manhattan/odd STABLE 0.065s
# START knn-manhattan/negative repeat=1/train
# DONE knn-manhattan/negative repeat=1/train 0.005s
# START knn-manhattan/negative repeat=1/infer-save-reload
# DONE knn-manhattan/negative repeat=1/infer-save-reload 0.011s
# START knn-manhattan/negative repeat=1/batch
# DONE knn-manhattan/negative repeat=1/batch 0.015s
# START knn-manhattan/negative repeat=1/batchgrad
# DONE knn-manhattan/negative repeat=1/batchgrad 0.000s
# START knn-manhattan/negative repeat=1/batchscale
# DONE knn-manhattan/negative repeat=1/batchscale 0.000s
# START knn-manhattan/negative repeat=1/ragged
# DONE knn-manhattan/negative repeat=1/ragged 0.000s
# START knn-manhattan/negative repeat=1/stepfull
# DONE knn-manhattan/negative repeat=1/stepfull 0.000s
# START knn-manhattan/negative repeat=2/train
# DONE knn-manhattan/negative repeat=2/train 0.005s
# START knn-manhattan/negative repeat=2/infer-save-reload
# DONE knn-manhattan/negative repeat=2/infer-save-reload 0.011s
# START knn-manhattan/negative repeat=2/batch
# DONE knn-manhattan/negative repeat=2/batch 0.015s
# START knn-manhattan/negative repeat=2/batchgrad
# DONE knn-manhattan/negative repeat=2/batchgrad 0.000s
# START knn-manhattan/negative repeat=2/batchscale
# DONE knn-manhattan/negative repeat=2/batchscale 0.000s
# START knn-manhattan/negative repeat=2/ragged
# DONE knn-manhattan/negative repeat=2/ragged 0.000s
# START knn-manhattan/negative repeat=2/stepfull
# DONE knn-manhattan/negative repeat=2/stepfull 0.000s
# CELL knn-manhattan/negative STABLE 0.063s
| knn-manhattan          | df1cd4d404b1a5c0 | 8fef9cc1bfef43c5 | c2109fa1c4ee57bb | d7489bca7dd97685 | 8f9ba3a71a19e94c | 8f9ba3a71a19e94c | df38b77bd3ed392d | 56a067bdc8b52a76 | 8484fc4952f900d5 |
| knn-manhattan infer    | 0c50c33ce8d101a4 | e1e159dd9c916c14 | d977799baeb8f042 | fae81abe9bed9aaa | 9f8d4c079e765688 | 9f8d4c079e765688 | e281a4103fbaaef2 | b06518cd286b18fe | 15defde8b5ddf06d |
| knn-manhattan model    | cd79f58159bc6f62 | 1016d1125951292d | 260f67359fc2f243 | de0412f2090931f3 | 79c426f53bdfd96b | ff1324196230341b | 4236e13a4f7525bd | 85d5f1e623f86eb1 | e4d91ae9fa60afe6 |
| knn-manhattan batch    | 10b3a84533d40806 | 59958372d6c83bfa | 7edca93aaf0a35f9 | d9b0dbbfc473e5f3 | ea6dbc7094c44c08 | ea6dbc7094c44c08 | edfd0b9b563f8873 | e741e1b093d15d57 | 0d77bb5976e91938 |
# START knn-rbc/base repeat=1/train
# DONE knn-rbc/base repeat=1/train 0.009s
# START knn-rbc/base repeat=1/infer-save-reload
# DONE knn-rbc/base repeat=1/infer-save-reload 0.020s
# START knn-rbc/base repeat=1/batch
# DONE knn-rbc/base repeat=1/batch 0.022s
# START knn-rbc/base repeat=1/batchgrad
# DONE knn-rbc/base repeat=1/batchgrad 0.000s
# START knn-rbc/base repeat=1/batchscale
# DONE knn-rbc/base repeat=1/batchscale 0.000s
# START knn-rbc/base repeat=1/ragged
# DONE knn-rbc/base repeat=1/ragged 0.000s
# START knn-rbc/base repeat=1/stepfull
# DONE knn-rbc/base repeat=1/stepfull 0.000s
# START knn-rbc/base repeat=2/train
# DONE knn-rbc/base repeat=2/train 0.009s
# START knn-rbc/base repeat=2/infer-save-reload
# DONE knn-rbc/base repeat=2/infer-save-reload 0.020s
# START knn-rbc/base repeat=2/batch
# DONE knn-rbc/base repeat=2/batch 0.022s
# START knn-rbc/base repeat=2/batchgrad
# DONE knn-rbc/base repeat=2/batchgrad 0.000s
# START knn-rbc/base repeat=2/batchscale
# DONE knn-rbc/base repeat=2/batchscale 0.000s
# START knn-rbc/base repeat=2/ragged
# DONE knn-rbc/base repeat=2/ragged 0.000s
# START knn-rbc/base repeat=2/stepfull
# DONE knn-rbc/base repeat=2/stepfull 0.000s
# CELL knn-rbc/base STABLE 0.102s
# START knn-rbc/ties repeat=1/train
# DONE knn-rbc/ties repeat=1/train 0.034s
# START knn-rbc/ties repeat=1/infer-save-reload
# DONE knn-rbc/ties repeat=1/infer-save-reload 0.069s
# START knn-rbc/ties repeat=1/batch
# DONE knn-rbc/ties repeat=1/batch 0.078s
# START knn-rbc/ties repeat=1/batchgrad
# DONE knn-rbc/ties repeat=1/batchgrad 0.000s
# START knn-rbc/ties repeat=1/batchscale
# DONE knn-rbc/ties repeat=1/batchscale 0.000s
# START knn-rbc/ties repeat=1/ragged
# DONE knn-rbc/ties repeat=1/ragged 0.000s
# START knn-rbc/ties repeat=1/stepfull
# DONE knn-rbc/ties repeat=1/stepfull 0.000s
# START knn-rbc/ties repeat=2/train
# DONE knn-rbc/ties repeat=2/train 0.034s
# START knn-rbc/ties repeat=2/infer-save-reload
# DONE knn-rbc/ties repeat=2/infer-save-reload 0.070s
# START knn-rbc/ties repeat=2/batch
# DONE knn-rbc/ties repeat=2/batch 0.077s
# START knn-rbc/ties repeat=2/batchgrad
# DONE knn-rbc/ties repeat=2/batchgrad 0.000s
# START knn-rbc/ties repeat=2/batchscale
# DONE knn-rbc/ties repeat=2/batchscale 0.000s
# START knn-rbc/ties repeat=2/ragged
# DONE knn-rbc/ties repeat=2/ragged 0.000s
# START knn-rbc/ties repeat=2/stepfull
# DONE knn-rbc/ties repeat=2/stepfull 0.000s
# CELL knn-rbc/ties STABLE 0.362s
# START knn-rbc/hashed repeat=1/train
# DONE knn-rbc/hashed repeat=1/train 0.009s
# START knn-rbc/hashed repeat=1/infer-save-reload
# DONE knn-rbc/hashed repeat=1/infer-save-reload 0.020s
# START knn-rbc/hashed repeat=1/batch
# DONE knn-rbc/hashed repeat=1/batch 0.022s
# START knn-rbc/hashed repeat=1/batchgrad
# DONE knn-rbc/hashed repeat=1/batchgrad 0.000s
# START knn-rbc/hashed repeat=1/batchscale
# DONE knn-rbc/hashed repeat=1/batchscale 0.000s
# START knn-rbc/hashed repeat=1/ragged
# DONE knn-rbc/hashed repeat=1/ragged 0.000s
# START knn-rbc/hashed repeat=1/stepfull
# DONE knn-rbc/hashed repeat=1/stepfull 0.000s
# START knn-rbc/hashed repeat=2/train
# DONE knn-rbc/hashed repeat=2/train 0.009s
# START knn-rbc/hashed repeat=2/infer-save-reload
# DONE knn-rbc/hashed repeat=2/infer-save-reload 0.020s
# START knn-rbc/hashed repeat=2/batch
# DONE knn-rbc/hashed repeat=2/batch 0.022s
# START knn-rbc/hashed repeat=2/batchgrad
# DONE knn-rbc/hashed repeat=2/batchgrad 0.000s
# START knn-rbc/hashed repeat=2/batchscale
# DONE knn-rbc/hashed repeat=2/batchscale 0.000s
# START knn-rbc/hashed repeat=2/ragged
# DONE knn-rbc/hashed repeat=2/ragged 0.000s
# START knn-rbc/hashed repeat=2/stepfull
# DONE knn-rbc/hashed repeat=2/stepfull 0.000s
# CELL knn-rbc/hashed STABLE 0.103s
# START knn-rbc/wide repeat=1/train
# DONE knn-rbc/wide repeat=1/train 0.010s
# START knn-rbc/wide repeat=1/infer-save-reload
# DONE knn-rbc/wide repeat=1/infer-save-reload 0.020s
# START knn-rbc/wide repeat=1/batch
# DONE knn-rbc/wide repeat=1/batch 0.022s
# START knn-rbc/wide repeat=1/batchgrad
# DONE knn-rbc/wide repeat=1/batchgrad 0.000s
# START knn-rbc/wide repeat=1/batchscale
# DONE knn-rbc/wide repeat=1/batchscale 0.000s
# START knn-rbc/wide repeat=1/ragged
# DONE knn-rbc/wide repeat=1/ragged 0.000s
# START knn-rbc/wide repeat=1/stepfull
# DONE knn-rbc/wide repeat=1/stepfull 0.000s
# START knn-rbc/wide repeat=2/train
# DONE knn-rbc/wide repeat=2/train 0.009s
# START knn-rbc/wide repeat=2/infer-save-reload
# DONE knn-rbc/wide repeat=2/infer-save-reload 0.020s
# START knn-rbc/wide repeat=2/batch
# DONE knn-rbc/wide repeat=2/batch 0.022s
# START knn-rbc/wide repeat=2/batchgrad
# DONE knn-rbc/wide repeat=2/batchgrad 0.000s
# START knn-rbc/wide repeat=2/batchscale
# DONE knn-rbc/wide repeat=2/batchscale 0.000s
# START knn-rbc/wide repeat=2/ragged
# DONE knn-rbc/wide repeat=2/ragged 0.000s
# START knn-rbc/wide repeat=2/stepfull
# DONE knn-rbc/wide repeat=2/stepfull 0.000s
# CELL knn-rbc/wide STABLE 0.103s
# START knn-rbc/denormal repeat=1/train
# DONE knn-rbc/denormal repeat=1/train 0.009s
# START knn-rbc/denormal repeat=1/infer-save-reload
# DONE knn-rbc/denormal repeat=1/infer-save-reload 0.019s
# START knn-rbc/denormal repeat=1/batch
# DONE knn-rbc/denormal repeat=1/batch 0.022s
# START knn-rbc/denormal repeat=1/batchgrad
# DONE knn-rbc/denormal repeat=1/batchgrad 0.000s
# START knn-rbc/denormal repeat=1/batchscale
# DONE knn-rbc/denormal repeat=1/batchscale 0.000s
# START knn-rbc/denormal repeat=1/ragged
# DONE knn-rbc/denormal repeat=1/ragged 0.000s
# START knn-rbc/denormal repeat=1/stepfull
# DONE knn-rbc/denormal repeat=1/stepfull 0.000s
# START knn-rbc/denormal repeat=2/train
# DONE knn-rbc/denormal repeat=2/train 0.009s
# START knn-rbc/denormal repeat=2/infer-save-reload
# DONE knn-rbc/denormal repeat=2/infer-save-reload 0.019s
# START knn-rbc/denormal repeat=2/batch
# DONE knn-rbc/denormal repeat=2/batch 0.022s
# START knn-rbc/denormal repeat=2/batchgrad
# DONE knn-rbc/denormal repeat=2/batchgrad 0.000s
# START knn-rbc/denormal repeat=2/batchscale
# DONE knn-rbc/denormal repeat=2/batchscale 0.000s
# START knn-rbc/denormal repeat=2/ragged
# DONE knn-rbc/denormal repeat=2/ragged 0.000s
# START knn-rbc/denormal repeat=2/stepfull
# DONE knn-rbc/denormal repeat=2/stepfull 0.000s
# CELL knn-rbc/denormal STABLE 0.101s
# START knn-rbc/denormal_ftz repeat=1/train
# DONE knn-rbc/denormal_ftz repeat=1/train 0.009s
# START knn-rbc/denormal_ftz repeat=1/infer-save-reload
# DONE knn-rbc/denormal_ftz repeat=1/infer-save-reload 0.019s
# START knn-rbc/denormal_ftz repeat=1/batch
# DONE knn-rbc/denormal_ftz repeat=1/batch 0.022s
# START knn-rbc/denormal_ftz repeat=1/batchgrad
# DONE knn-rbc/denormal_ftz repeat=1/batchgrad 0.000s
# START knn-rbc/denormal_ftz repeat=1/batchscale
# DONE knn-rbc/denormal_ftz repeat=1/batchscale 0.000s
# START knn-rbc/denormal_ftz repeat=1/ragged
# DONE knn-rbc/denormal_ftz repeat=1/ragged 0.000s
# START knn-rbc/denormal_ftz repeat=1/stepfull
# DONE knn-rbc/denormal_ftz repeat=1/stepfull 0.000s
# START knn-rbc/denormal_ftz repeat=2/train
# DONE knn-rbc/denormal_ftz repeat=2/train 0.009s
# START knn-rbc/denormal_ftz repeat=2/infer-save-reload
# DONE knn-rbc/denormal_ftz repeat=2/infer-save-reload 0.019s
# START knn-rbc/denormal_ftz repeat=2/batch
# DONE knn-rbc/denormal_ftz repeat=2/batch 0.022s
# START knn-rbc/denormal_ftz repeat=2/batchgrad
# DONE knn-rbc/denormal_ftz repeat=2/batchgrad 0.000s
# START knn-rbc/denormal_ftz repeat=2/batchscale
# DONE knn-rbc/denormal_ftz repeat=2/batchscale 0.000s
# START knn-rbc/denormal_ftz repeat=2/ragged
# DONE knn-rbc/denormal_ftz repeat=2/ragged 0.000s
# START knn-rbc/denormal_ftz repeat=2/stepfull
# DONE knn-rbc/denormal_ftz repeat=2/stepfull 0.000s
# CELL knn-rbc/denormal_ftz STABLE 0.101s
# START knn-rbc/dupes repeat=1/train
# DONE knn-rbc/dupes repeat=1/train 0.009s
# START knn-rbc/dupes repeat=1/infer-save-reload
# DONE knn-rbc/dupes repeat=1/infer-save-reload 0.020s
# START knn-rbc/dupes repeat=1/batch
# DONE knn-rbc/dupes repeat=1/batch 0.022s
# START knn-rbc/dupes repeat=1/batchgrad
# DONE knn-rbc/dupes repeat=1/batchgrad 0.000s
# START knn-rbc/dupes repeat=1/batchscale
# DONE knn-rbc/dupes repeat=1/batchscale 0.000s
# START knn-rbc/dupes repeat=1/ragged
# DONE knn-rbc/dupes repeat=1/ragged 0.000s
# START knn-rbc/dupes repeat=1/stepfull
# DONE knn-rbc/dupes repeat=1/stepfull 0.000s
# START knn-rbc/dupes repeat=2/train
# DONE knn-rbc/dupes repeat=2/train 0.009s
# START knn-rbc/dupes repeat=2/infer-save-reload
# DONE knn-rbc/dupes repeat=2/infer-save-reload 0.019s
# START knn-rbc/dupes repeat=2/batch
# DONE knn-rbc/dupes repeat=2/batch 0.022s
# START knn-rbc/dupes repeat=2/batchgrad
# DONE knn-rbc/dupes repeat=2/batchgrad 0.000s
# START knn-rbc/dupes repeat=2/batchscale
# DONE knn-rbc/dupes repeat=2/batchscale 0.000s
# START knn-rbc/dupes repeat=2/ragged
# DONE knn-rbc/dupes repeat=2/ragged 0.000s
# START knn-rbc/dupes repeat=2/stepfull
# DONE knn-rbc/dupes repeat=2/stepfull 0.000s
# CELL knn-rbc/dupes STABLE 0.101s
# START knn-rbc/odd repeat=1/train
# DONE knn-rbc/odd repeat=1/train 0.010s
# START knn-rbc/odd repeat=1/infer-save-reload
# DONE knn-rbc/odd repeat=1/infer-save-reload 0.021s
# START knn-rbc/odd repeat=1/batch
# DONE knn-rbc/odd repeat=1/batch 0.023s
# START knn-rbc/odd repeat=1/batchgrad
# DONE knn-rbc/odd repeat=1/batchgrad 0.000s
# START knn-rbc/odd repeat=1/batchscale
# DONE knn-rbc/odd repeat=1/batchscale 0.000s
# START knn-rbc/odd repeat=1/ragged
# DONE knn-rbc/odd repeat=1/ragged 0.000s
# START knn-rbc/odd repeat=1/stepfull
# DONE knn-rbc/odd repeat=1/stepfull 0.000s
# START knn-rbc/odd repeat=2/train
# DONE knn-rbc/odd repeat=2/train 0.010s
# START knn-rbc/odd repeat=2/infer-save-reload
# DONE knn-rbc/odd repeat=2/infer-save-reload 0.021s
# START knn-rbc/odd repeat=2/batch
# DONE knn-rbc/odd repeat=2/batch 0.023s
# START knn-rbc/odd repeat=2/batchgrad
# DONE knn-rbc/odd repeat=2/batchgrad 0.000s
# START knn-rbc/odd repeat=2/batchscale
# DONE knn-rbc/odd repeat=2/batchscale 0.000s
# START knn-rbc/odd repeat=2/ragged
# DONE knn-rbc/odd repeat=2/ragged 0.000s
# START knn-rbc/odd repeat=2/stepfull
# DONE knn-rbc/odd repeat=2/stepfull 0.000s
# CELL knn-rbc/odd STABLE 0.107s
# START knn-rbc/negative repeat=1/train
# DONE knn-rbc/negative repeat=1/train 0.009s
# START knn-rbc/negative repeat=1/infer-save-reload
# DONE knn-rbc/negative repeat=1/infer-save-reload 0.020s
# START knn-rbc/negative repeat=1/batch
# DONE knn-rbc/negative repeat=1/batch 0.022s
# START knn-rbc/negative repeat=1/batchgrad
# DONE knn-rbc/negative repeat=1/batchgrad 0.000s
# START knn-rbc/negative repeat=1/batchscale
# DONE knn-rbc/negative repeat=1/batchscale 0.000s
# START knn-rbc/negative repeat=1/ragged
# DONE knn-rbc/negative repeat=1/ragged 0.000s
# START knn-rbc/negative repeat=1/stepfull
# DONE knn-rbc/negative repeat=1/stepfull 0.000s
# START knn-rbc/negative repeat=2/train
# DONE knn-rbc/negative repeat=2/train 0.009s
# START knn-rbc/negative repeat=2/infer-save-reload
# DONE knn-rbc/negative repeat=2/infer-save-reload 0.020s
# START knn-rbc/negative repeat=2/batch
# DONE knn-rbc/negative repeat=2/batch 0.022s
# START knn-rbc/negative repeat=2/batchgrad
# DONE knn-rbc/negative repeat=2/batchgrad 0.000s
# START knn-rbc/negative repeat=2/batchscale
# DONE knn-rbc/negative repeat=2/batchscale 0.000s
# START knn-rbc/negative repeat=2/ragged
# DONE knn-rbc/negative repeat=2/ragged 0.000s
# START knn-rbc/negative repeat=2/stepfull
# DONE knn-rbc/negative repeat=2/stepfull 0.000s
# CELL knn-rbc/negative STABLE 0.102s
| knn-rbc                | 1d3aafd15744f092 | 23daf3a923d4c74f | 7e05fb5ad376e5b1 | 1feee6f8805973d2 | db2e42f33a66c6f6 | db2e42f33a66c6f6 | 48f8078b7abf02f5 | 9b810e50d7279e59 | 41939520e7b705d9 |
| knn-rbc infer          | 94547b3dc58e2d86 | 234e9e649f45c983 | b5c50681d55c154e | 2e7d2dc9f4939b14 | efaf6f918c3053ef | efaf6f918c3053ef | 590cec8ee362b9d0 | 5abacc5b3dc16b57 | f7159dbae89faf64 |
| knn-rbc model          | 88fe338f22e892ce | 0184787f1d03ee52 | 74e1d4bf6383b153 | db0673aa3230762c | 89332bf156119399 | 2f6461a7cebcf9cd | 71980f97cd4c3be7 | 36649907ba5db9d5 | 60a968568084d660 |
| knn-rbc batch          | 31bc51bc2d9dfaa4 | be9dd86463c63469 | 363211da474dc977 | 6726353ac9d76ed6 | 4b88ca48985e7fee | 4b88ca48985e7fee | 352ec9eda2d42de9 | 7c4eaead63d351b7 | 7e48f0fcc68cb7ba |
# START radius-chebyshev/base repeat=1/train
# DONE radius-chebyshev/base repeat=1/train 0.019s
# START radius-chebyshev/base repeat=1/infer-save-reload
# DONE radius-chebyshev/base repeat=1/infer-save-reload 0.039s
# START radius-chebyshev/base repeat=1/batch
# DONE radius-chebyshev/base repeat=1/batch 0.044s
# START radius-chebyshev/base repeat=1/batchgrad
# DONE radius-chebyshev/base repeat=1/batchgrad 0.000s
# START radius-chebyshev/base repeat=1/batchscale
# DONE radius-chebyshev/base repeat=1/batchscale 0.000s
# START radius-chebyshev/base repeat=1/ragged
# DONE radius-chebyshev/base repeat=1/ragged 0.000s
# START radius-chebyshev/base repeat=1/stepfull
# DONE radius-chebyshev/base repeat=1/stepfull 0.000s
# START radius-chebyshev/base repeat=2/train
# DONE radius-chebyshev/base repeat=2/train 0.019s
# START radius-chebyshev/base repeat=2/infer-save-reload
# DONE radius-chebyshev/base repeat=2/infer-save-reload 0.038s
# START radius-chebyshev/base repeat=2/batch
# DONE radius-chebyshev/base repeat=2/batch 0.044s
# START radius-chebyshev/base repeat=2/batchgrad
# DONE radius-chebyshev/base repeat=2/batchgrad 0.000s
# START radius-chebyshev/base repeat=2/batchscale
# DONE radius-chebyshev/base repeat=2/batchscale 0.000s
# START radius-chebyshev/base repeat=2/ragged
# DONE radius-chebyshev/base repeat=2/ragged 0.000s
# START radius-chebyshev/base repeat=2/stepfull
# DONE radius-chebyshev/base repeat=2/stepfull 0.000s
# CELL radius-chebyshev/base STABLE 0.203s
# START radius-chebyshev/ties repeat=1/train
# DONE radius-chebyshev/ties repeat=1/train 0.073s
# START radius-chebyshev/ties repeat=1/infer-save-reload
# DONE radius-chebyshev/ties repeat=1/infer-save-reload 0.146s
# START radius-chebyshev/ties repeat=1/batch
# DONE radius-chebyshev/ties repeat=1/batch 0.164s
# START radius-chebyshev/ties repeat=1/batchgrad
# DONE radius-chebyshev/ties repeat=1/batchgrad 0.000s
# START radius-chebyshev/ties repeat=1/batchscale
# DONE radius-chebyshev/ties repeat=1/batchscale 0.000s
# START radius-chebyshev/ties repeat=1/ragged
# DONE radius-chebyshev/ties repeat=1/ragged 0.000s
# START radius-chebyshev/ties repeat=1/stepfull
# DONE radius-chebyshev/ties repeat=1/stepfull 0.000s
# START radius-chebyshev/ties repeat=2/train
# DONE radius-chebyshev/ties repeat=2/train 0.073s
# START radius-chebyshev/ties repeat=2/infer-save-reload
# DONE radius-chebyshev/ties repeat=2/infer-save-reload 0.145s
# START radius-chebyshev/ties repeat=2/batch
# DONE radius-chebyshev/ties repeat=2/batch 0.164s
# START radius-chebyshev/ties repeat=2/batchgrad
# DONE radius-chebyshev/ties repeat=2/batchgrad 0.000s
# START radius-chebyshev/ties repeat=2/batchscale
# DONE radius-chebyshev/ties repeat=2/batchscale 0.000s
# START radius-chebyshev/ties repeat=2/ragged
# DONE radius-chebyshev/ties repeat=2/ragged 0.000s
# START radius-chebyshev/ties repeat=2/stepfull
# DONE radius-chebyshev/ties repeat=2/stepfull 0.000s
# CELL radius-chebyshev/ties STABLE 0.766s
# START radius-chebyshev/hashed repeat=1/train
# DONE radius-chebyshev/hashed repeat=1/train 0.019s
# START radius-chebyshev/hashed repeat=1/infer-save-reload
# DONE radius-chebyshev/hashed repeat=1/infer-save-reload 0.038s
# START radius-chebyshev/hashed repeat=1/batch
# DONE radius-chebyshev/hashed repeat=1/batch 0.044s
# START radius-chebyshev/hashed repeat=1/batchgrad
# DONE radius-chebyshev/hashed repeat=1/batchgrad 0.000s
# START radius-chebyshev/hashed repeat=1/batchscale
# DONE radius-chebyshev/hashed repeat=1/batchscale 0.000s
# START radius-chebyshev/hashed repeat=1/ragged
# DONE radius-chebyshev/hashed repeat=1/ragged 0.000s
# START radius-chebyshev/hashed repeat=1/stepfull
# DONE radius-chebyshev/hashed repeat=1/stepfull 0.000s
# START radius-chebyshev/hashed repeat=2/train
# DONE radius-chebyshev/hashed repeat=2/train 0.018s
# START radius-chebyshev/hashed repeat=2/infer-save-reload
# DONE radius-chebyshev/hashed repeat=2/infer-save-reload 0.038s
# START radius-chebyshev/hashed repeat=2/batch
# DONE radius-chebyshev/hashed repeat=2/batch 0.043s
# START radius-chebyshev/hashed repeat=2/batchgrad
# DONE radius-chebyshev/hashed repeat=2/batchgrad 0.000s
# START radius-chebyshev/hashed repeat=2/batchscale
# DONE radius-chebyshev/hashed repeat=2/batchscale 0.000s
# START radius-chebyshev/hashed repeat=2/ragged
# DONE radius-chebyshev/hashed repeat=2/ragged 0.000s
# START radius-chebyshev/hashed repeat=2/stepfull
# DONE radius-chebyshev/hashed repeat=2/stepfull 0.000s
# CELL radius-chebyshev/hashed STABLE 0.201s
# START radius-chebyshev/wide repeat=1/train
# DONE radius-chebyshev/wide repeat=1/train 0.062s
# START radius-chebyshev/wide repeat=1/infer-save-reload
# DONE radius-chebyshev/wide repeat=1/infer-save-reload 0.118s
# START radius-chebyshev/wide repeat=1/batch
# DONE radius-chebyshev/wide repeat=1/batch 0.135s
# START radius-chebyshev/wide repeat=1/batchgrad
# DONE radius-chebyshev/wide repeat=1/batchgrad 0.000s
# START radius-chebyshev/wide repeat=1/batchscale
# DONE radius-chebyshev/wide repeat=1/batchscale 0.000s
# START radius-chebyshev/wide repeat=1/ragged
# DONE radius-chebyshev/wide repeat=1/ragged 0.000s
# START radius-chebyshev/wide repeat=1/stepfull
# DONE radius-chebyshev/wide repeat=1/stepfull 0.000s
# START radius-chebyshev/wide repeat=2/train
# DONE radius-chebyshev/wide repeat=2/train 0.061s
# START radius-chebyshev/wide repeat=2/infer-save-reload
# DONE radius-chebyshev/wide repeat=2/infer-save-reload 0.121s
# START radius-chebyshev/wide repeat=2/batch
# DONE radius-chebyshev/wide repeat=2/batch 0.136s
# START radius-chebyshev/wide repeat=2/batchgrad
# DONE radius-chebyshev/wide repeat=2/batchgrad 0.000s
# START radius-chebyshev/wide repeat=2/batchscale
# DONE radius-chebyshev/wide repeat=2/batchscale 0.000s
# START radius-chebyshev/wide repeat=2/ragged
# DONE radius-chebyshev/wide repeat=2/ragged 0.000s
# START radius-chebyshev/wide repeat=2/stepfull
# DONE radius-chebyshev/wide repeat=2/stepfull 0.000s
# CELL radius-chebyshev/wide STABLE 0.633s
# START radius-chebyshev/denormal repeat=1/train
# DONE radius-chebyshev/denormal repeat=1/train 0.021s
# START radius-chebyshev/denormal repeat=1/infer-save-reload
# DONE radius-chebyshev/denormal repeat=1/infer-save-reload 0.042s
# START radius-chebyshev/denormal repeat=1/batch
# DONE radius-chebyshev/denormal repeat=1/batch 0.048s
# START radius-chebyshev/denormal repeat=1/batchgrad
# DONE radius-chebyshev/denormal repeat=1/batchgrad 0.000s
# START radius-chebyshev/denormal repeat=1/batchscale
# DONE radius-chebyshev/denormal repeat=1/batchscale 0.000s
# START radius-chebyshev/denormal repeat=1/ragged
# DONE radius-chebyshev/denormal repeat=1/ragged 0.000s
# START radius-chebyshev/denormal repeat=1/stepfull
# DONE radius-chebyshev/denormal repeat=1/stepfull 0.000s
# START radius-chebyshev/denormal repeat=2/train
# DONE radius-chebyshev/denormal repeat=2/train 0.020s
# START radius-chebyshev/denormal repeat=2/infer-save-reload
# DONE radius-chebyshev/denormal repeat=2/infer-save-reload 0.042s
# START radius-chebyshev/denormal repeat=2/batch
# DONE radius-chebyshev/denormal repeat=2/batch 0.048s
# START radius-chebyshev/denormal repeat=2/batchgrad
# DONE radius-chebyshev/denormal repeat=2/batchgrad 0.000s
# START radius-chebyshev/denormal repeat=2/batchscale
# DONE radius-chebyshev/denormal repeat=2/batchscale 0.000s
# START radius-chebyshev/denormal repeat=2/ragged
# DONE radius-chebyshev/denormal repeat=2/ragged 0.000s
# START radius-chebyshev/denormal repeat=2/stepfull
# DONE radius-chebyshev/denormal repeat=2/stepfull 0.000s
# CELL radius-chebyshev/denormal STABLE 0.221s
# START radius-chebyshev/denormal_ftz repeat=1/train
# DONE radius-chebyshev/denormal_ftz repeat=1/train 0.020s
# START radius-chebyshev/denormal_ftz repeat=1/infer-save-reload
# DONE radius-chebyshev/denormal_ftz repeat=1/infer-save-reload 0.042s
# START radius-chebyshev/denormal_ftz repeat=1/batch
# DONE radius-chebyshev/denormal_ftz repeat=1/batch 0.048s
# START radius-chebyshev/denormal_ftz repeat=1/batchgrad
# DONE radius-chebyshev/denormal_ftz repeat=1/batchgrad 0.000s
# START radius-chebyshev/denormal_ftz repeat=1/batchscale
# DONE radius-chebyshev/denormal_ftz repeat=1/batchscale 0.000s
# START radius-chebyshev/denormal_ftz repeat=1/ragged
# DONE radius-chebyshev/denormal_ftz repeat=1/ragged 0.000s
# START radius-chebyshev/denormal_ftz repeat=1/stepfull
# DONE radius-chebyshev/denormal_ftz repeat=1/stepfull 0.000s
# START radius-chebyshev/denormal_ftz repeat=2/train
# DONE radius-chebyshev/denormal_ftz repeat=2/train 0.020s
# START radius-chebyshev/denormal_ftz repeat=2/infer-save-reload
# DONE radius-chebyshev/denormal_ftz repeat=2/infer-save-reload 0.042s
# START radius-chebyshev/denormal_ftz repeat=2/batch
# DONE radius-chebyshev/denormal_ftz repeat=2/batch 0.048s
# START radius-chebyshev/denormal_ftz repeat=2/batchgrad
# DONE radius-chebyshev/denormal_ftz repeat=2/batchgrad 0.000s
# START radius-chebyshev/denormal_ftz repeat=2/batchscale
# DONE radius-chebyshev/denormal_ftz repeat=2/batchscale 0.000s
# START radius-chebyshev/denormal_ftz repeat=2/ragged
# DONE radius-chebyshev/denormal_ftz repeat=2/ragged 0.000s
# START radius-chebyshev/denormal_ftz repeat=2/stepfull
# DONE radius-chebyshev/denormal_ftz repeat=2/stepfull 0.000s
# CELL radius-chebyshev/denormal_ftz STABLE 0.222s
# START radius-chebyshev/dupes repeat=1/train
# DONE radius-chebyshev/dupes repeat=1/train 0.019s
# START radius-chebyshev/dupes repeat=1/infer-save-reload
# DONE radius-chebyshev/dupes repeat=1/infer-save-reload 0.040s
# START radius-chebyshev/dupes repeat=1/batch
# DONE radius-chebyshev/dupes repeat=1/batch 0.046s
# START radius-chebyshev/dupes repeat=1/batchgrad
# DONE radius-chebyshev/dupes repeat=1/batchgrad 0.000s
# START radius-chebyshev/dupes repeat=1/batchscale
# DONE radius-chebyshev/dupes repeat=1/batchscale 0.000s
# START radius-chebyshev/dupes repeat=1/ragged
# DONE radius-chebyshev/dupes repeat=1/ragged 0.000s
# START radius-chebyshev/dupes repeat=1/stepfull
# DONE radius-chebyshev/dupes repeat=1/stepfull 0.000s
# START radius-chebyshev/dupes repeat=2/train
# DONE radius-chebyshev/dupes repeat=2/train 0.019s
# START radius-chebyshev/dupes repeat=2/infer-save-reload
# DONE radius-chebyshev/dupes repeat=2/infer-save-reload 0.040s
# START radius-chebyshev/dupes repeat=2/batch
# DONE radius-chebyshev/dupes repeat=2/batch 0.046s
# START radius-chebyshev/dupes repeat=2/batchgrad
# DONE radius-chebyshev/dupes repeat=2/batchgrad 0.000s
# START radius-chebyshev/dupes repeat=2/batchscale
# DONE radius-chebyshev/dupes repeat=2/batchscale 0.000s
# START radius-chebyshev/dupes repeat=2/ragged
# DONE radius-chebyshev/dupes repeat=2/ragged 0.000s
# START radius-chebyshev/dupes repeat=2/stepfull
# DONE radius-chebyshev/dupes repeat=2/stepfull 0.000s
# CELL radius-chebyshev/dupes STABLE 0.211s
# START radius-chebyshev/odd repeat=1/train
# DONE radius-chebyshev/odd repeat=1/train 0.020s
# START radius-chebyshev/odd repeat=1/infer-save-reload
# DONE radius-chebyshev/odd repeat=1/infer-save-reload 0.041s
# START radius-chebyshev/odd repeat=1/batch
# DONE radius-chebyshev/odd repeat=1/batch 0.047s
# START radius-chebyshev/odd repeat=1/batchgrad
# DONE radius-chebyshev/odd repeat=1/batchgrad 0.000s
# START radius-chebyshev/odd repeat=1/batchscale
# DONE radius-chebyshev/odd repeat=1/batchscale 0.000s
# START radius-chebyshev/odd repeat=1/ragged
# DONE radius-chebyshev/odd repeat=1/ragged 0.000s
# START radius-chebyshev/odd repeat=1/stepfull
# DONE radius-chebyshev/odd repeat=1/stepfull 0.000s
# START radius-chebyshev/odd repeat=2/train
# DONE radius-chebyshev/odd repeat=2/train 0.020s
# START radius-chebyshev/odd repeat=2/infer-save-reload
# DONE radius-chebyshev/odd repeat=2/infer-save-reload 0.041s
# START radius-chebyshev/odd repeat=2/batch
# DONE radius-chebyshev/odd repeat=2/batch 0.047s
# START radius-chebyshev/odd repeat=2/batchgrad
# DONE radius-chebyshev/odd repeat=2/batchgrad 0.000s
# START radius-chebyshev/odd repeat=2/batchscale
# DONE radius-chebyshev/odd repeat=2/batchscale 0.000s
# START radius-chebyshev/odd repeat=2/ragged
# DONE radius-chebyshev/odd repeat=2/ragged 0.000s
# START radius-chebyshev/odd repeat=2/stepfull
# DONE radius-chebyshev/odd repeat=2/stepfull 0.000s
# CELL radius-chebyshev/odd STABLE 0.217s
# START radius-chebyshev/negative repeat=1/train
# DONE radius-chebyshev/negative repeat=1/train 0.023s
# START radius-chebyshev/negative repeat=1/infer-save-reload
# DONE radius-chebyshev/negative repeat=1/infer-save-reload 0.045s
# START radius-chebyshev/negative repeat=1/batch
# DONE radius-chebyshev/negative repeat=1/batch 0.052s
# START radius-chebyshev/negative repeat=1/batchgrad
# DONE radius-chebyshev/negative repeat=1/batchgrad 0.000s
# START radius-chebyshev/negative repeat=1/batchscale
# DONE radius-chebyshev/negative repeat=1/batchscale 0.000s
# START radius-chebyshev/negative repeat=1/ragged
# DONE radius-chebyshev/negative repeat=1/ragged 0.000s
# START radius-chebyshev/negative repeat=1/stepfull
# DONE radius-chebyshev/negative repeat=1/stepfull 0.000s
# START radius-chebyshev/negative repeat=2/train
# DONE radius-chebyshev/negative repeat=2/train 0.022s
# START radius-chebyshev/negative repeat=2/infer-save-reload
# DONE radius-chebyshev/negative repeat=2/infer-save-reload 0.045s
# START radius-chebyshev/negative repeat=2/batch
# DONE radius-chebyshev/negative repeat=2/batch 0.052s
# START radius-chebyshev/negative repeat=2/batchgrad
# DONE radius-chebyshev/negative repeat=2/batchgrad 0.000s
# START radius-chebyshev/negative repeat=2/batchscale
# DONE radius-chebyshev/negative repeat=2/batchscale 0.000s
# START radius-chebyshev/negative repeat=2/ragged
# DONE radius-chebyshev/negative repeat=2/ragged 0.000s
# START radius-chebyshev/negative repeat=2/stepfull
# DONE radius-chebyshev/negative repeat=2/stepfull 0.000s
# CELL radius-chebyshev/negative STABLE 0.240s
| radius-chebyshev       | 1be89376fd4bbea3 | 93e842a257c1cbb1 | d616368af4777cd7 | 345e90650359bb7f | 61ce01e6618e5028 | 61ce01e6618e5028 | 99b1b6404107eda5 | e5d80437361c13b9 | a251b503af39d952 |
| radius-chebyshev infer | 47f179252c05327e | 7b5a2419abc8f304 | 6f0dd5e75ecfd9e4 | abcd9366c6e9697a | 32fdf6cafa080fdd | 32fdf6cafa080fdd | 4f42e54d861fc686 | 43e568967a392b5e | 67e8e395dc4ee1ba |
| radius-chebyshev model | 8574229ff00211a8 | bf872c24d7a8d1fe | 0aace3ef999bbb6e | aec9f7d9470bfb08 | 05714d9a99844882 | ff352d0646ae192f | 368e386bc9afc1ce | fe3eb2f5e2415c40 | 12fa5e85b29c9861 |
| radius-chebyshev batch | 49212cdc3335248f | 5f798a0fb8253a07 | d45dd9c711c40e9e | d4f14c8e7f4394ad | 87eeb1e332711a36 | 87eeb1e332711a36 | d12572b1d2b4c056 | 8cd116af9f03e67c | b10293002d0f345a |
# START minmax-scaler-clip/base repeat=1/train
# DONE minmax-scaler-clip/base repeat=1/train 0.001s
# START minmax-scaler-clip/base repeat=1/infer-save-reload
# DONE minmax-scaler-clip/base repeat=1/infer-save-reload 0.001s
# START minmax-scaler-clip/base repeat=1/batch
# DONE minmax-scaler-clip/base repeat=1/batch 0.002s
# START minmax-scaler-clip/base repeat=1/batchgrad
# DONE minmax-scaler-clip/base repeat=1/batchgrad 0.000s
# START minmax-scaler-clip/base repeat=1/batchscale
# DONE minmax-scaler-clip/base repeat=1/batchscale 0.000s
# START minmax-scaler-clip/base repeat=1/ragged
# DONE minmax-scaler-clip/base repeat=1/ragged 0.000s
# START minmax-scaler-clip/base repeat=1/stepfull
# DONE minmax-scaler-clip/base repeat=1/stepfull 0.000s
# START minmax-scaler-clip/base repeat=2/train
# DONE minmax-scaler-clip/base repeat=2/train 0.000s
# START minmax-scaler-clip/base repeat=2/infer-save-reload
# DONE minmax-scaler-clip/base repeat=2/infer-save-reload 0.001s
# START minmax-scaler-clip/base repeat=2/batch
# DONE minmax-scaler-clip/base repeat=2/batch 0.002s
# START minmax-scaler-clip/base repeat=2/batchgrad
# DONE minmax-scaler-clip/base repeat=2/batchgrad 0.000s
# START minmax-scaler-clip/base repeat=2/batchscale
# DONE minmax-scaler-clip/base repeat=2/batchscale 0.000s
# START minmax-scaler-clip/base repeat=2/ragged
# DONE minmax-scaler-clip/base repeat=2/ragged 0.000s
# START minmax-scaler-clip/base repeat=2/stepfull
# DONE minmax-scaler-clip/base repeat=2/stepfull 0.000s
# CELL minmax-scaler-clip/base STABLE 0.007s
# START minmax-scaler-clip/ties repeat=1/train
# DONE minmax-scaler-clip/ties repeat=1/train 0.001s
# START minmax-scaler-clip/ties repeat=1/infer-save-reload
# DONE minmax-scaler-clip/ties repeat=1/infer-save-reload 0.001s
# START minmax-scaler-clip/ties repeat=1/batch
# DONE minmax-scaler-clip/ties repeat=1/batch 0.002s
# START minmax-scaler-clip/ties repeat=1/batchgrad
# DONE minmax-scaler-clip/ties repeat=1/batchgrad 0.000s
# START minmax-scaler-clip/ties repeat=1/batchscale
# DONE minmax-scaler-clip/ties repeat=1/batchscale 0.000s
# START minmax-scaler-clip/ties repeat=1/ragged
# DONE minmax-scaler-clip/ties repeat=1/ragged 0.000s
# START minmax-scaler-clip/ties repeat=1/stepfull
# DONE minmax-scaler-clip/ties repeat=1/stepfull 0.000s
# START minmax-scaler-clip/ties repeat=2/train
# DONE minmax-scaler-clip/ties repeat=2/train 0.001s
# START minmax-scaler-clip/ties repeat=2/infer-save-reload
# DONE minmax-scaler-clip/ties repeat=2/infer-save-reload 0.001s
# START minmax-scaler-clip/ties repeat=2/batch
# DONE minmax-scaler-clip/ties repeat=2/batch 0.002s
# START minmax-scaler-clip/ties repeat=2/batchgrad
# DONE minmax-scaler-clip/ties repeat=2/batchgrad 0.000s
# START minmax-scaler-clip/ties repeat=2/batchscale
# DONE minmax-scaler-clip/ties repeat=2/batchscale 0.000s
# START minmax-scaler-clip/ties repeat=2/ragged
# DONE minmax-scaler-clip/ties repeat=2/ragged 0.000s
# START minmax-scaler-clip/ties repeat=2/stepfull
# DONE minmax-scaler-clip/ties repeat=2/stepfull 0.000s
# CELL minmax-scaler-clip/ties STABLE 0.007s
# START minmax-scaler-clip/hashed repeat=1/train
# DONE minmax-scaler-clip/hashed repeat=1/train 0.001s
# START minmax-scaler-clip/hashed repeat=1/infer-save-reload
# DONE minmax-scaler-clip/hashed repeat=1/infer-save-reload 0.001s
# START minmax-scaler-clip/hashed repeat=1/batch
# DONE minmax-scaler-clip/hashed repeat=1/batch 0.002s
# START minmax-scaler-clip/hashed repeat=1/batchgrad
# DONE minmax-scaler-clip/hashed repeat=1/batchgrad 0.000s
# START minmax-scaler-clip/hashed repeat=1/batchscale
# DONE minmax-scaler-clip/hashed repeat=1/batchscale 0.000s
# START minmax-scaler-clip/hashed repeat=1/ragged
# DONE minmax-scaler-clip/hashed repeat=1/ragged 0.000s
# START minmax-scaler-clip/hashed repeat=1/stepfull
# DONE minmax-scaler-clip/hashed repeat=1/stepfull 0.000s
# START minmax-scaler-clip/hashed repeat=2/train
# DONE minmax-scaler-clip/hashed repeat=2/train 0.000s
# START minmax-scaler-clip/hashed repeat=2/infer-save-reload
# DONE minmax-scaler-clip/hashed repeat=2/infer-save-reload 0.001s
# START minmax-scaler-clip/hashed repeat=2/batch
# DONE minmax-scaler-clip/hashed repeat=2/batch 0.002s
# START minmax-scaler-clip/hashed repeat=2/batchgrad
# DONE minmax-scaler-clip/hashed repeat=2/batchgrad 0.000s
# START minmax-scaler-clip/hashed repeat=2/batchscale
# DONE minmax-scaler-clip/hashed repeat=2/batchscale 0.000s
# START minmax-scaler-clip/hashed repeat=2/ragged
# DONE minmax-scaler-clip/hashed repeat=2/ragged 0.000s
# START minmax-scaler-clip/hashed repeat=2/stepfull
# DONE minmax-scaler-clip/hashed repeat=2/stepfull 0.000s
# CELL minmax-scaler-clip/hashed STABLE 0.007s
# START minmax-scaler-clip/wide repeat=1/train
# DONE minmax-scaler-clip/wide repeat=1/train 0.001s
# START minmax-scaler-clip/wide repeat=1/infer-save-reload
# DONE minmax-scaler-clip/wide repeat=1/infer-save-reload 0.001s
# START minmax-scaler-clip/wide repeat=1/batch
# DONE minmax-scaler-clip/wide repeat=1/batch 0.002s
# START minmax-scaler-clip/wide repeat=1/batchgrad
# DONE minmax-scaler-clip/wide repeat=1/batchgrad 0.000s
# START minmax-scaler-clip/wide repeat=1/batchscale
# DONE minmax-scaler-clip/wide repeat=1/batchscale 0.000s
# START minmax-scaler-clip/wide repeat=1/ragged
# DONE minmax-scaler-clip/wide repeat=1/ragged 0.000s
# START minmax-scaler-clip/wide repeat=1/stepfull
# DONE minmax-scaler-clip/wide repeat=1/stepfull 0.000s
# START minmax-scaler-clip/wide repeat=2/train
# DONE minmax-scaler-clip/wide repeat=2/train 0.000s
# START minmax-scaler-clip/wide repeat=2/infer-save-reload
# DONE minmax-scaler-clip/wide repeat=2/infer-save-reload 0.001s
# START minmax-scaler-clip/wide repeat=2/batch
# DONE minmax-scaler-clip/wide repeat=2/batch 0.002s
# START minmax-scaler-clip/wide repeat=2/batchgrad
# DONE minmax-scaler-clip/wide repeat=2/batchgrad 0.000s
# START minmax-scaler-clip/wide repeat=2/batchscale
# DONE minmax-scaler-clip/wide repeat=2/batchscale 0.000s
# START minmax-scaler-clip/wide repeat=2/ragged
# DONE minmax-scaler-clip/wide repeat=2/ragged 0.000s
# START minmax-scaler-clip/wide repeat=2/stepfull
# DONE minmax-scaler-clip/wide repeat=2/stepfull 0.000s
# CELL minmax-scaler-clip/wide STABLE 0.007s
# START minmax-scaler-clip/denormal repeat=1/train
# DONE minmax-scaler-clip/denormal repeat=1/train 0.001s
# START minmax-scaler-clip/denormal repeat=1/infer-save-reload
# DONE minmax-scaler-clip/denormal repeat=1/infer-save-reload 0.001s
# START minmax-scaler-clip/denormal repeat=1/batch
# DONE minmax-scaler-clip/denormal repeat=1/batch 0.002s
# START minmax-scaler-clip/denormal repeat=1/batchgrad
# DONE minmax-scaler-clip/denormal repeat=1/batchgrad 0.000s
# START minmax-scaler-clip/denormal repeat=1/batchscale
# DONE minmax-scaler-clip/denormal repeat=1/batchscale 0.000s
# START minmax-scaler-clip/denormal repeat=1/ragged
# DONE minmax-scaler-clip/denormal repeat=1/ragged 0.000s
# START minmax-scaler-clip/denormal repeat=1/stepfull
# DONE minmax-scaler-clip/denormal repeat=1/stepfull 0.000s
# START minmax-scaler-clip/denormal repeat=2/train
# DONE minmax-scaler-clip/denormal repeat=2/train 0.000s
# START minmax-scaler-clip/denormal repeat=2/infer-save-reload
# DONE minmax-scaler-clip/denormal repeat=2/infer-save-reload 0.001s
# START minmax-scaler-clip/denormal repeat=2/batch
# DONE minmax-scaler-clip/denormal repeat=2/batch 0.002s
# START minmax-scaler-clip/denormal repeat=2/batchgrad
# DONE minmax-scaler-clip/denormal repeat=2/batchgrad 0.000s
# START minmax-scaler-clip/denormal repeat=2/batchscale
# DONE minmax-scaler-clip/denormal repeat=2/batchscale 0.000s
# START minmax-scaler-clip/denormal repeat=2/ragged
# DONE minmax-scaler-clip/denormal repeat=2/ragged 0.000s
# START minmax-scaler-clip/denormal repeat=2/stepfull
# DONE minmax-scaler-clip/denormal repeat=2/stepfull 0.000s
# CELL minmax-scaler-clip/denormal STABLE 0.007s
# START minmax-scaler-clip/denormal_ftz repeat=1/train
# DONE minmax-scaler-clip/denormal_ftz repeat=1/train 0.001s
# START minmax-scaler-clip/denormal_ftz repeat=1/infer-save-reload
# DONE minmax-scaler-clip/denormal_ftz repeat=1/infer-save-reload 0.001s
# START minmax-scaler-clip/denormal_ftz repeat=1/batch
# DONE minmax-scaler-clip/denormal_ftz repeat=1/batch 0.002s
# START minmax-scaler-clip/denormal_ftz repeat=1/batchgrad
# DONE minmax-scaler-clip/denormal_ftz repeat=1/batchgrad 0.000s
# START minmax-scaler-clip/denormal_ftz repeat=1/batchscale
# DONE minmax-scaler-clip/denormal_ftz repeat=1/batchscale 0.000s
# START minmax-scaler-clip/denormal_ftz repeat=1/ragged
# DONE minmax-scaler-clip/denormal_ftz repeat=1/ragged 0.000s
# START minmax-scaler-clip/denormal_ftz repeat=1/stepfull
# DONE minmax-scaler-clip/denormal_ftz repeat=1/stepfull 0.000s
# START minmax-scaler-clip/denormal_ftz repeat=2/train
# DONE minmax-scaler-clip/denormal_ftz repeat=2/train 0.000s
# START minmax-scaler-clip/denormal_ftz repeat=2/infer-save-reload
# DONE minmax-scaler-clip/denormal_ftz repeat=2/infer-save-reload 0.001s
# START minmax-scaler-clip/denormal_ftz repeat=2/batch
# DONE minmax-scaler-clip/denormal_ftz repeat=2/batch 0.002s
# START minmax-scaler-clip/denormal_ftz repeat=2/batchgrad
# DONE minmax-scaler-clip/denormal_ftz repeat=2/batchgrad 0.000s
# START minmax-scaler-clip/denormal_ftz repeat=2/batchscale
# DONE minmax-scaler-clip/denormal_ftz repeat=2/batchscale 0.000s
# START minmax-scaler-clip/denormal_ftz repeat=2/ragged
# DONE minmax-scaler-clip/denormal_ftz repeat=2/ragged 0.000s
# START minmax-scaler-clip/denormal_ftz repeat=2/stepfull
# DONE minmax-scaler-clip/denormal_ftz repeat=2/stepfull 0.000s
# CELL minmax-scaler-clip/denormal_ftz STABLE 0.007s
# START minmax-scaler-clip/dupes repeat=1/train
# DONE minmax-scaler-clip/dupes repeat=1/train 0.001s
# START minmax-scaler-clip/dupes repeat=1/infer-save-reload
# DONE minmax-scaler-clip/dupes repeat=1/infer-save-reload 0.001s
# START minmax-scaler-clip/dupes repeat=1/batch
# DONE minmax-scaler-clip/dupes repeat=1/batch 0.002s
# START minmax-scaler-clip/dupes repeat=1/batchgrad
# DONE minmax-scaler-clip/dupes repeat=1/batchgrad 0.000s
# START minmax-scaler-clip/dupes repeat=1/batchscale
# DONE minmax-scaler-clip/dupes repeat=1/batchscale 0.000s
# START minmax-scaler-clip/dupes repeat=1/ragged
# DONE minmax-scaler-clip/dupes repeat=1/ragged 0.000s
# START minmax-scaler-clip/dupes repeat=1/stepfull
# DONE minmax-scaler-clip/dupes repeat=1/stepfull 0.000s
# START minmax-scaler-clip/dupes repeat=2/train
# DONE minmax-scaler-clip/dupes repeat=2/train 0.000s
# START minmax-scaler-clip/dupes repeat=2/infer-save-reload
# DONE minmax-scaler-clip/dupes repeat=2/infer-save-reload 0.001s
# START minmax-scaler-clip/dupes repeat=2/batch
# DONE minmax-scaler-clip/dupes repeat=2/batch 0.002s
# START minmax-scaler-clip/dupes repeat=2/batchgrad
# DONE minmax-scaler-clip/dupes repeat=2/batchgrad 0.000s
# START minmax-scaler-clip/dupes repeat=2/batchscale
# DONE minmax-scaler-clip/dupes repeat=2/batchscale 0.000s
# START minmax-scaler-clip/dupes repeat=2/ragged
# DONE minmax-scaler-clip/dupes repeat=2/ragged 0.000s
# START minmax-scaler-clip/dupes repeat=2/stepfull
# DONE minmax-scaler-clip/dupes repeat=2/stepfull 0.000s
# CELL minmax-scaler-clip/dupes STABLE 0.007s
# START minmax-scaler-clip/odd repeat=1/train
# DONE minmax-scaler-clip/odd repeat=1/train 0.001s
# START minmax-scaler-clip/odd repeat=1/infer-save-reload
# DONE minmax-scaler-clip/odd repeat=1/infer-save-reload 0.001s
# START minmax-scaler-clip/odd repeat=1/batch
# DONE minmax-scaler-clip/odd repeat=1/batch 0.002s
# START minmax-scaler-clip/odd repeat=1/batchgrad
# DONE minmax-scaler-clip/odd repeat=1/batchgrad 0.000s
# START minmax-scaler-clip/odd repeat=1/batchscale
# DONE minmax-scaler-clip/odd repeat=1/batchscale 0.000s
# START minmax-scaler-clip/odd repeat=1/ragged
# DONE minmax-scaler-clip/odd repeat=1/ragged 0.000s
# START minmax-scaler-clip/odd repeat=1/stepfull
# DONE minmax-scaler-clip/odd repeat=1/stepfull 0.000s
# START minmax-scaler-clip/odd repeat=2/train
# DONE minmax-scaler-clip/odd repeat=2/train 0.000s
# START minmax-scaler-clip/odd repeat=2/infer-save-reload
# DONE minmax-scaler-clip/odd repeat=2/infer-save-reload 0.001s
# START minmax-scaler-clip/odd repeat=2/batch
# DONE minmax-scaler-clip/odd repeat=2/batch 0.002s
# START minmax-scaler-clip/odd repeat=2/batchgrad
# DONE minmax-scaler-clip/odd repeat=2/batchgrad 0.000s
# START minmax-scaler-clip/odd repeat=2/batchscale
# DONE minmax-scaler-clip/odd repeat=2/batchscale 0.000s
# START minmax-scaler-clip/odd repeat=2/ragged
# DONE minmax-scaler-clip/odd repeat=2/ragged 0.000s
# START minmax-scaler-clip/odd repeat=2/stepfull
# DONE minmax-scaler-clip/odd repeat=2/stepfull 0.000s
# CELL minmax-scaler-clip/odd STABLE 0.007s
# START minmax-scaler-clip/negative repeat=1/train
# DONE minmax-scaler-clip/negative repeat=1/train 0.001s
# START minmax-scaler-clip/negative repeat=1/infer-save-reload
# DONE minmax-scaler-clip/negative repeat=1/infer-save-reload 0.001s
# START minmax-scaler-clip/negative repeat=1/batch
# DONE minmax-scaler-clip/negative repeat=1/batch 0.002s
# START minmax-scaler-clip/negative repeat=1/batchgrad
# DONE minmax-scaler-clip/negative repeat=1/batchgrad 0.000s
# START minmax-scaler-clip/negative repeat=1/batchscale
# DONE minmax-scaler-clip/negative repeat=1/batchscale 0.000s
# START minmax-scaler-clip/negative repeat=1/ragged
# DONE minmax-scaler-clip/negative repeat=1/ragged 0.000s
# START minmax-scaler-clip/negative repeat=1/stepfull
# DONE minmax-scaler-clip/negative repeat=1/stepfull 0.000s
# START minmax-scaler-clip/negative repeat=2/train
# DONE minmax-scaler-clip/negative repeat=2/train 0.000s
# START minmax-scaler-clip/negative repeat=2/infer-save-reload
# DONE minmax-scaler-clip/negative repeat=2/infer-save-reload 0.001s
# START minmax-scaler-clip/negative repeat=2/batch
# DONE minmax-scaler-clip/negative repeat=2/batch 0.002s
# START minmax-scaler-clip/negative repeat=2/batchgrad
# DONE minmax-scaler-clip/negative repeat=2/batchgrad 0.000s
# START minmax-scaler-clip/negative repeat=2/batchscale
# DONE minmax-scaler-clip/negative repeat=2/batchscale 0.000s
# START minmax-scaler-clip/negative repeat=2/ragged
# DONE minmax-scaler-clip/negative repeat=2/ragged 0.000s
# START minmax-scaler-clip/negative repeat=2/stepfull
# DONE minmax-scaler-clip/negative repeat=2/stepfull 0.000s
# CELL minmax-scaler-clip/negative STABLE 0.007s
| minmax-scaler-clip     | 2c223d868d9144bd | f1298679b745b29b | 67c2166801048ab9 | edb2e0426b5c1e55 | 7dc0c86e7125bd63 | 7dc0c86e7125bd63 | 955c04cca5eb76be | 44e4955bb9a96707 | 366aed9379e98367 |
| minmax-scaler-clip infer | 601b3471b9f7478a | 5ba8c342c3d9c886 | d5f21c683499f346 | 942acca018084fd5 | 672201861cc97847 | 672201861cc97847 | 259a35479339e724 | 667e82d3d7ee49dd | 2439f220c2c8d2c1 |
| minmax-scaler-clip model | 2df3dff433519713 | 5de31ab8372b32af | 959ab1605dc0d3fa | c1b5af887f1b4190 | 8ff5b72119fa36fa | 534be28c41b4f2e0 | 591d09e82f9dc6ba | 03cc4e1eaeafb283 | 37de0ec5f5ea46cf |
| minmax-scaler-clip batch | 5d3b185c6df7c1b8 | 6a19b624718de001 | 5276c6ec3bafc907 | f56762965b3f73a1 | 1f03e7472d6c92a6 | 1f03e7472d6c92a6 | 4dfc057ae4ba288c | a6c1e06513ef4a67 | f40195d17e6f9bef |
# START arima-011/base repeat=1/train
# DONE arima-011/base repeat=1/train 0.041s
# START arima-011/base repeat=1/infer-save-reload
# DONE arima-011/base repeat=1/infer-save-reload 0.002s
# START arima-011/base repeat=1/batch
# DONE arima-011/base repeat=1/batch 0.001s
# START arima-011/base repeat=1/batchgrad
# DONE arima-011/base repeat=1/batchgrad 0.000s
# START arima-011/base repeat=1/batchscale
# DONE arima-011/base repeat=1/batchscale 0.000s
# START arima-011/base repeat=1/ragged
# DONE arima-011/base repeat=1/ragged 0.000s
# START arima-011/base repeat=1/stepfull
# DONE arima-011/base repeat=1/stepfull 0.000s
# START arima-011/base repeat=2/train
# DONE arima-011/base repeat=2/train 0.041s
# START arima-011/base repeat=2/infer-save-reload
# DONE arima-011/base repeat=2/infer-save-reload 0.002s
# START arima-011/base repeat=2/batch
# DONE arima-011/base repeat=2/batch 0.001s
# START arima-011/base repeat=2/batchgrad
# DONE arima-011/base repeat=2/batchgrad 0.000s
# START arima-011/base repeat=2/batchscale
# DONE arima-011/base repeat=2/batchscale 0.000s
# START arima-011/base repeat=2/ragged
# DONE arima-011/base repeat=2/ragged 0.000s
# START arima-011/base repeat=2/stepfull
# DONE arima-011/base repeat=2/stepfull 0.000s
# CELL arima-011/base STABLE 0.089s
# START arima-011/ties repeat=1/train
# DONE arima-011/ties repeat=1/train 0.006s
# START arima-011/ties repeat=1/infer-save-reload
# DONE arima-011/ties repeat=1/infer-save-reload 0.002s
# START arima-011/ties repeat=1/batch
# DONE arima-011/ties repeat=1/batch 0.001s
# START arima-011/ties repeat=1/batchgrad
# DONE arima-011/ties repeat=1/batchgrad 0.000s
# START arima-011/ties repeat=1/batchscale
# DONE arima-011/ties repeat=1/batchscale 0.000s
# START arima-011/ties repeat=1/ragged
# DONE arima-011/ties repeat=1/ragged 0.000s
# START arima-011/ties repeat=1/stepfull
# DONE arima-011/ties repeat=1/stepfull 0.000s
# START arima-011/ties repeat=2/train
# DONE arima-011/ties repeat=2/train 0.006s
# START arima-011/ties repeat=2/infer-save-reload
# DONE arima-011/ties repeat=2/infer-save-reload 0.002s
# START arima-011/ties repeat=2/batch
# DONE arima-011/ties repeat=2/batch 0.001s
# START arima-011/ties repeat=2/batchgrad
# DONE arima-011/ties repeat=2/batchgrad 0.000s
# START arima-011/ties repeat=2/batchscale
# DONE arima-011/ties repeat=2/batchscale 0.000s
# START arima-011/ties repeat=2/ragged
# DONE arima-011/ties repeat=2/ragged 0.000s
# START arima-011/ties repeat=2/stepfull
# DONE arima-011/ties repeat=2/stepfull 0.000s
# CELL arima-011/ties STABLE 0.018s
# START arima-011/hashed repeat=1/train
# DONE arima-011/hashed repeat=1/train 0.045s
# START arima-011/hashed repeat=1/infer-save-reload
# DONE arima-011/hashed repeat=1/infer-save-reload 0.002s
# START arima-011/hashed repeat=1/batch
# DONE arima-011/hashed repeat=1/batch 0.001s
# START arima-011/hashed repeat=1/batchgrad
# DONE arima-011/hashed repeat=1/batchgrad 0.000s
# START arima-011/hashed repeat=1/batchscale
# DONE arima-011/hashed repeat=1/batchscale 0.000s
# START arima-011/hashed repeat=1/ragged
# DONE arima-011/hashed repeat=1/ragged 0.000s
# START arima-011/hashed repeat=1/stepfull
# DONE arima-011/hashed repeat=1/stepfull 0.000s
# START arima-011/hashed repeat=2/train
# DONE arima-011/hashed repeat=2/train 0.045s
# START arima-011/hashed repeat=2/infer-save-reload
# DONE arima-011/hashed repeat=2/infer-save-reload 0.002s
# START arima-011/hashed repeat=2/batch
# DONE arima-011/hashed repeat=2/batch 0.001s
# START arima-011/hashed repeat=2/batchgrad
# DONE arima-011/hashed repeat=2/batchgrad 0.000s
# START arima-011/hashed repeat=2/batchscale
# DONE arima-011/hashed repeat=2/batchscale 0.000s
# START arima-011/hashed repeat=2/ragged
# DONE arima-011/hashed repeat=2/ragged 0.000s
# START arima-011/hashed repeat=2/stepfull
# DONE arima-011/hashed repeat=2/stepfull 0.000s
# CELL arima-011/hashed STABLE 0.096s
# START arima-011/wide repeat=1/train
# DONE arima-011/wide repeat=1/train 0.019s
# START arima-011/wide repeat=1/infer-save-reload
# DONE arima-011/wide repeat=1/infer-save-reload 0.002s
# START arima-011/wide repeat=1/batch
# DONE arima-011/wide repeat=1/batch 0.001s
# START arima-011/wide repeat=1/batchgrad
# DONE arima-011/wide repeat=1/batchgrad 0.000s
# START arima-011/wide repeat=1/batchscale
# DONE arima-011/wide repeat=1/batchscale 0.000s
# START arima-011/wide repeat=1/ragged
# DONE arima-011/wide repeat=1/ragged 0.000s
# START arima-011/wide repeat=1/stepfull
# DONE arima-011/wide repeat=1/stepfull 0.000s
# START arima-011/wide repeat=2/train
# DONE arima-011/wide repeat=2/train 0.019s
# START arima-011/wide repeat=2/infer-save-reload
# DONE arima-011/wide repeat=2/infer-save-reload 0.002s
# START arima-011/wide repeat=2/batch
# DONE arima-011/wide repeat=2/batch 0.001s
# START arima-011/wide repeat=2/batchgrad
# DONE arima-011/wide repeat=2/batchgrad 0.000s
# START arima-011/wide repeat=2/batchscale
# DONE arima-011/wide repeat=2/batchscale 0.000s
# START arima-011/wide repeat=2/ragged
# DONE arima-011/wide repeat=2/ragged 0.000s
# START arima-011/wide repeat=2/stepfull
# DONE arima-011/wide repeat=2/stepfull 0.000s
# CELL arima-011/wide STABLE 0.045s
# START arima-011/denormal repeat=1/train
# DONE arima-011/denormal repeat=1/train 0.041s
# START arima-011/denormal repeat=1/infer-save-reload
# DONE arima-011/denormal repeat=1/infer-save-reload 0.003s
# START arima-011/denormal repeat=1/batch
# DONE arima-011/denormal repeat=1/batch 0.001s
# START arima-011/denormal repeat=1/batchgrad
# DONE arima-011/denormal repeat=1/batchgrad 0.000s
# START arima-011/denormal repeat=1/batchscale
# DONE arima-011/denormal repeat=1/batchscale 0.000s
# START arima-011/denormal repeat=1/ragged
# DONE arima-011/denormal repeat=1/ragged 0.000s
# START arima-011/denormal repeat=1/stepfull
# DONE arima-011/denormal repeat=1/stepfull 0.000s
# START arima-011/denormal repeat=2/train
# DONE arima-011/denormal repeat=2/train 0.041s
# START arima-011/denormal repeat=2/infer-save-reload
# DONE arima-011/denormal repeat=2/infer-save-reload 0.002s
# START arima-011/denormal repeat=2/batch
# DONE arima-011/denormal repeat=2/batch 0.001s
# START arima-011/denormal repeat=2/batchgrad
# DONE arima-011/denormal repeat=2/batchgrad 0.000s
# START arima-011/denormal repeat=2/batchscale
# DONE arima-011/denormal repeat=2/batchscale 0.000s
# START arima-011/denormal repeat=2/ragged
# DONE arima-011/denormal repeat=2/ragged 0.000s
# START arima-011/denormal repeat=2/stepfull
# DONE arima-011/denormal repeat=2/stepfull 0.000s
# CELL arima-011/denormal STABLE 0.090s
# START arima-011/denormal_ftz repeat=1/train
# DONE arima-011/denormal_ftz repeat=1/train 0.042s
# START arima-011/denormal_ftz repeat=1/infer-save-reload
# DONE arima-011/denormal_ftz repeat=1/infer-save-reload 0.002s
# START arima-011/denormal_ftz repeat=1/batch
# DONE arima-011/denormal_ftz repeat=1/batch 0.001s
# START arima-011/denormal_ftz repeat=1/batchgrad
# DONE arima-011/denormal_ftz repeat=1/batchgrad 0.000s
# START arima-011/denormal_ftz repeat=1/batchscale
# DONE arima-011/denormal_ftz repeat=1/batchscale 0.000s
# START arima-011/denormal_ftz repeat=1/ragged
# DONE arima-011/denormal_ftz repeat=1/ragged 0.000s
# START arima-011/denormal_ftz repeat=1/stepfull
# DONE arima-011/denormal_ftz repeat=1/stepfull 0.000s
# START arima-011/denormal_ftz repeat=2/train
# DONE arima-011/denormal_ftz repeat=2/train 0.041s
# START arima-011/denormal_ftz repeat=2/infer-save-reload
# DONE arima-011/denormal_ftz repeat=2/infer-save-reload 0.002s
# START arima-011/denormal_ftz repeat=2/batch
# DONE arima-011/denormal_ftz repeat=2/batch 0.001s
# START arima-011/denormal_ftz repeat=2/batchgrad
# DONE arima-011/denormal_ftz repeat=2/batchgrad 0.000s
# START arima-011/denormal_ftz repeat=2/batchscale
# DONE arima-011/denormal_ftz repeat=2/batchscale 0.000s
# START arima-011/denormal_ftz repeat=2/ragged
# DONE arima-011/denormal_ftz repeat=2/ragged 0.000s
# START arima-011/denormal_ftz repeat=2/stepfull
# DONE arima-011/denormal_ftz repeat=2/stepfull 0.000s
# CELL arima-011/denormal_ftz STABLE 0.090s
# START arima-011/dupes repeat=1/train
# DONE arima-011/dupes repeat=1/train 0.041s
# START arima-011/dupes repeat=1/infer-save-reload
# DONE arima-011/dupes repeat=1/infer-save-reload 0.002s
# START arima-011/dupes repeat=1/batch
# DONE arima-011/dupes repeat=1/batch 0.001s
# START arima-011/dupes repeat=1/batchgrad
# DONE arima-011/dupes repeat=1/batchgrad 0.000s
# START arima-011/dupes repeat=1/batchscale
# DONE arima-011/dupes repeat=1/batchscale 0.000s
# START arima-011/dupes repeat=1/ragged
# DONE arima-011/dupes repeat=1/ragged 0.000s
# START arima-011/dupes repeat=1/stepfull
# DONE arima-011/dupes repeat=1/stepfull 0.000s
# START arima-011/dupes repeat=2/train
# DONE arima-011/dupes repeat=2/train 0.041s
# START arima-011/dupes repeat=2/infer-save-reload
# DONE arima-011/dupes repeat=2/infer-save-reload 0.002s
# START arima-011/dupes repeat=2/batch
# DONE arima-011/dupes repeat=2/batch 0.001s
# START arima-011/dupes repeat=2/batchgrad
# DONE arima-011/dupes repeat=2/batchgrad 0.000s
# START arima-011/dupes repeat=2/batchscale
# DONE arima-011/dupes repeat=2/batchscale 0.000s
# START arima-011/dupes repeat=2/ragged
# DONE arima-011/dupes repeat=2/ragged 0.000s
# START arima-011/dupes repeat=2/stepfull
# DONE arima-011/dupes repeat=2/stepfull 0.000s
# CELL arima-011/dupes STABLE 0.089s
# START arima-011/odd repeat=1/train
# DONE arima-011/odd repeat=1/train 0.006s
# START arima-011/odd repeat=1/infer-save-reload
# DONE arima-011/odd repeat=1/infer-save-reload 0.002s
# START arima-011/odd repeat=1/batch
# DONE arima-011/odd repeat=1/batch 0.001s
# START arima-011/odd repeat=1/batchgrad
# DONE arima-011/odd repeat=1/batchgrad 0.000s
# START arima-011/odd repeat=1/batchscale
# DONE arima-011/odd repeat=1/batchscale 0.000s
# START arima-011/odd repeat=1/ragged
# DONE arima-011/odd repeat=1/ragged 0.000s
# START arima-011/odd repeat=1/stepfull
# DONE arima-011/odd repeat=1/stepfull 0.000s
# START arima-011/odd repeat=2/train
# DONE arima-011/odd repeat=2/train 0.006s
# START arima-011/odd repeat=2/infer-save-reload
# DONE arima-011/odd repeat=2/infer-save-reload 0.002s
# START arima-011/odd repeat=2/batch
# DONE arima-011/odd repeat=2/batch 0.001s
# START arima-011/odd repeat=2/batchgrad
# DONE arima-011/odd repeat=2/batchgrad 0.000s
# START arima-011/odd repeat=2/batchscale
# DONE arima-011/odd repeat=2/batchscale 0.000s
# START arima-011/odd repeat=2/ragged
# DONE arima-011/odd repeat=2/ragged 0.000s
# START arima-011/odd repeat=2/stepfull
# DONE arima-011/odd repeat=2/stepfull 0.000s
# CELL arima-011/odd STABLE 0.018s
# START arima-011/negative repeat=1/train
# DONE arima-011/negative repeat=1/train 0.083s
# START arima-011/negative repeat=1/infer-save-reload
# DONE arima-011/negative repeat=1/infer-save-reload 0.002s
# START arima-011/negative repeat=1/batch
# DONE arima-011/negative repeat=1/batch 0.001s
# START arima-011/negative repeat=1/batchgrad
# DONE arima-011/negative repeat=1/batchgrad 0.000s
# START arima-011/negative repeat=1/batchscale
# DONE arima-011/negative repeat=1/batchscale 0.000s
# START arima-011/negative repeat=1/ragged
# DONE arima-011/negative repeat=1/ragged 0.000s
# START arima-011/negative repeat=1/stepfull
# DONE arima-011/negative repeat=1/stepfull 0.000s
# START arima-011/negative repeat=2/train
# DONE arima-011/negative repeat=2/train 0.083s
# START arima-011/negative repeat=2/infer-save-reload
# DONE arima-011/negative repeat=2/infer-save-reload 0.002s
# START arima-011/negative repeat=2/batch
# DONE arima-011/negative repeat=2/batch 0.001s
# START arima-011/negative repeat=2/batchgrad
# DONE arima-011/negative repeat=2/batchgrad 0.000s
# START arima-011/negative repeat=2/batchscale
# DONE arima-011/negative repeat=2/batchscale 0.000s
# START arima-011/negative repeat=2/ragged
# DONE arima-011/negative repeat=2/ragged 0.000s
# START arima-011/negative repeat=2/stepfull
# DONE arima-011/negative repeat=2/stepfull 0.000s
# CELL arima-011/negative STABLE 0.174s
| arima-011              | 444512355dd3dcc7 | 18ad2790f8b3319b | ed2fc6041b9e6b34 | dcaecce707040ce1 | 1ec68f0334b2a8f7 | 1ec68f0334b2a8f7 | 444512355dd3dcc7 | fe873ed580ec36a5 | 4510d9cca33c3880 |
| arima-011 infer        | 436e34843e2d7277 | b18657cbfbe91ac6 | 7ff4a9e790ef0f8b | f566c47f48821c72 | 395747692aa405a7 | 395747692aa405a7 | 436e34843e2d7277 | b17ec31edbdbf345 | 126a57415caeead2 |
| arima-011 model        | d10f42f4fa3ab9cb | 171b7c3c93902b38 | aff5062457b3d2e6 | a4b2a96029f6a692 | 944696485594466c | 223eca22fe4ed993 | d10f42f4fa3ab9cb | a1e2bf9001d05853 | 6f23846990695b23 |
| arima-011 batch        | 91fcd2a61774b596 | 26e5f53b13398024 | 903c1a2ac7948d1d | 8d82402c30a63f76 | e3462e27f217a8a9 | e3462e27f217a8a9 | 91fcd2a61774b596 | f37f4bc3878ceacb | 17db770f01fb74e1 |
# START gp-normalize-y/base repeat=1/train
# DONE gp-normalize-y/base repeat=1/train 0.018s
# START gp-normalize-y/base repeat=1/infer-save-reload
# DONE gp-normalize-y/base repeat=1/infer-save-reload 0.010s
# START gp-normalize-y/base repeat=1/batch
# DONE gp-normalize-y/base repeat=1/batch 0.012s
# START gp-normalize-y/base repeat=1/batchgrad
# DONE gp-normalize-y/base repeat=1/batchgrad 0.000s
# START gp-normalize-y/base repeat=1/batchscale
# DONE gp-normalize-y/base repeat=1/batchscale 0.000s
# START gp-normalize-y/base repeat=1/ragged
# DONE gp-normalize-y/base repeat=1/ragged 0.000s
# START gp-normalize-y/base repeat=1/stepfull
# DONE gp-normalize-y/base repeat=1/stepfull 0.000s
# START gp-normalize-y/base repeat=2/train
# DONE gp-normalize-y/base repeat=2/train 0.018s
# START gp-normalize-y/base repeat=2/infer-save-reload
# DONE gp-normalize-y/base repeat=2/infer-save-reload 0.011s
# START gp-normalize-y/base repeat=2/batch
# DONE gp-normalize-y/base repeat=2/batch 0.012s
# START gp-normalize-y/base repeat=2/batchgrad
# DONE gp-normalize-y/base repeat=2/batchgrad 0.000s
# START gp-normalize-y/base repeat=2/batchscale
# DONE gp-normalize-y/base repeat=2/batchscale 0.000s
# START gp-normalize-y/base repeat=2/ragged
# DONE gp-normalize-y/base repeat=2/ragged 0.000s
# START gp-normalize-y/base repeat=2/stepfull
# DONE gp-normalize-y/base repeat=2/stepfull 0.000s
# CELL gp-normalize-y/base STABLE 0.081s
# START gp-normalize-y/ties repeat=1/train
# DONE gp-normalize-y/ties repeat=1/train 0.022s
# START gp-normalize-y/ties repeat=1/infer-save-reload
# DONE gp-normalize-y/ties repeat=1/infer-save-reload 0.011s
# START gp-normalize-y/ties repeat=1/batch
# DONE gp-normalize-y/ties repeat=1/batch 0.013s
# START gp-normalize-y/ties repeat=1/batchgrad
# DONE gp-normalize-y/ties repeat=1/batchgrad 0.000s
# START gp-normalize-y/ties repeat=1/batchscale
# DONE gp-normalize-y/ties repeat=1/batchscale 0.000s
# START gp-normalize-y/ties repeat=1/ragged
# DONE gp-normalize-y/ties repeat=1/ragged 0.000s
# START gp-normalize-y/ties repeat=1/stepfull
# DONE gp-normalize-y/ties repeat=1/stepfull 0.000s
# START gp-normalize-y/ties repeat=2/train
# DONE gp-normalize-y/ties repeat=2/train 0.021s
# START gp-normalize-y/ties repeat=2/infer-save-reload
# DONE gp-normalize-y/ties repeat=2/infer-save-reload 0.012s
# START gp-normalize-y/ties repeat=2/batch
# DONE gp-normalize-y/ties repeat=2/batch 0.014s
# START gp-normalize-y/ties repeat=2/batchgrad
# DONE gp-normalize-y/ties repeat=2/batchgrad 0.000s
# START gp-normalize-y/ties repeat=2/batchscale
# DONE gp-normalize-y/ties repeat=2/batchscale 0.000s
# START gp-normalize-y/ties repeat=2/ragged
# DONE gp-normalize-y/ties repeat=2/ragged 0.000s
# START gp-normalize-y/ties repeat=2/stepfull
# DONE gp-normalize-y/ties repeat=2/stepfull 0.000s
# CELL gp-normalize-y/ties STABLE 0.094s
# START gp-normalize-y/hashed repeat=1/train
# DONE gp-normalize-y/hashed repeat=1/train 0.018s
# START gp-normalize-y/hashed repeat=1/infer-save-reload
# DONE gp-normalize-y/hashed repeat=1/infer-save-reload 0.011s
# START gp-normalize-y/hashed repeat=1/batch
# DONE gp-normalize-y/hashed repeat=1/batch 0.012s
# START gp-normalize-y/hashed repeat=1/batchgrad
# DONE gp-normalize-y/hashed repeat=1/batchgrad 0.000s
# START gp-normalize-y/hashed repeat=1/batchscale
# DONE gp-normalize-y/hashed repeat=1/batchscale 0.000s
# START gp-normalize-y/hashed repeat=1/ragged
# DONE gp-normalize-y/hashed repeat=1/ragged 0.000s
# START gp-normalize-y/hashed repeat=1/stepfull
# DONE gp-normalize-y/hashed repeat=1/stepfull 0.000s
# START gp-normalize-y/hashed repeat=2/train
# DONE gp-normalize-y/hashed repeat=2/train 0.018s
# START gp-normalize-y/hashed repeat=2/infer-save-reload
# DONE gp-normalize-y/hashed repeat=2/infer-save-reload 0.010s
# START gp-normalize-y/hashed repeat=2/batch
# DONE gp-normalize-y/hashed repeat=2/batch 0.012s
# START gp-normalize-y/hashed repeat=2/batchgrad
# DONE gp-normalize-y/hashed repeat=2/batchgrad 0.000s
# START gp-normalize-y/hashed repeat=2/batchscale
# DONE gp-normalize-y/hashed repeat=2/batchscale 0.000s
# START gp-normalize-y/hashed repeat=2/ragged
# DONE gp-normalize-y/hashed repeat=2/ragged 0.000s
# START gp-normalize-y/hashed repeat=2/stepfull
# DONE gp-normalize-y/hashed repeat=2/stepfull 0.000s
# CELL gp-normalize-y/hashed STABLE 0.080s
# START gp-normalize-y/wide repeat=1/train
# DONE gp-normalize-y/wide repeat=1/train 0.018s
# START gp-normalize-y/wide repeat=1/infer-save-reload
# DONE gp-normalize-y/wide repeat=1/infer-save-reload 0.011s
# START gp-normalize-y/wide repeat=1/batch
# DONE gp-normalize-y/wide repeat=1/batch 0.012s
# START gp-normalize-y/wide repeat=1/batchgrad
# DONE gp-normalize-y/wide repeat=1/batchgrad 0.000s
# START gp-normalize-y/wide repeat=1/batchscale
# DONE gp-normalize-y/wide repeat=1/batchscale 0.000s
# START gp-normalize-y/wide repeat=1/ragged
# DONE gp-normalize-y/wide repeat=1/ragged 0.000s
# START gp-normalize-y/wide repeat=1/stepfull
# DONE gp-normalize-y/wide repeat=1/stepfull 0.000s
# START gp-normalize-y/wide repeat=2/train
# DONE gp-normalize-y/wide repeat=2/train 0.018s
# START gp-normalize-y/wide repeat=2/infer-save-reload
# DONE gp-normalize-y/wide repeat=2/infer-save-reload 0.011s
# START gp-normalize-y/wide repeat=2/batch
# DONE gp-normalize-y/wide repeat=2/batch 0.012s
# START gp-normalize-y/wide repeat=2/batchgrad
# DONE gp-normalize-y/wide repeat=2/batchgrad 0.000s
# START gp-normalize-y/wide repeat=2/batchscale
# DONE gp-normalize-y/wide repeat=2/batchscale 0.000s
# START gp-normalize-y/wide repeat=2/ragged
# DONE gp-normalize-y/wide repeat=2/ragged 0.000s
# START gp-normalize-y/wide repeat=2/stepfull
# DONE gp-normalize-y/wide repeat=2/stepfull 0.000s
# CELL gp-normalize-y/wide STABLE 0.082s
# START gp-normalize-y/denormal repeat=1/train
# DONE gp-normalize-y/denormal repeat=1/train 0.018s
# START gp-normalize-y/denormal repeat=1/infer-save-reload
# DONE gp-normalize-y/denormal repeat=1/infer-save-reload 0.010s
# START gp-normalize-y/denormal repeat=1/batch
# DONE gp-normalize-y/denormal repeat=1/batch 0.012s
# START gp-normalize-y/denormal repeat=1/batchgrad
# DONE gp-normalize-y/denormal repeat=1/batchgrad 0.000s
# START gp-normalize-y/denormal repeat=1/batchscale
# DONE gp-normalize-y/denormal repeat=1/batchscale 0.000s
# START gp-normalize-y/denormal repeat=1/ragged
# DONE gp-normalize-y/denormal repeat=1/ragged 0.000s
# START gp-normalize-y/denormal repeat=1/stepfull
# DONE gp-normalize-y/denormal repeat=1/stepfull 0.000s
# START gp-normalize-y/denormal repeat=2/train
# DONE gp-normalize-y/denormal repeat=2/train 0.018s
# START gp-normalize-y/denormal repeat=2/infer-save-reload
# DONE gp-normalize-y/denormal repeat=2/infer-save-reload 0.011s
# START gp-normalize-y/denormal repeat=2/batch
# DONE gp-normalize-y/denormal repeat=2/batch 0.012s
# START gp-normalize-y/denormal repeat=2/batchgrad
# DONE gp-normalize-y/denormal repeat=2/batchgrad 0.000s
# START gp-normalize-y/denormal repeat=2/batchscale
# DONE gp-normalize-y/denormal repeat=2/batchscale 0.000s
# START gp-normalize-y/denormal repeat=2/ragged
# DONE gp-normalize-y/denormal repeat=2/ragged 0.000s
# START gp-normalize-y/denormal repeat=2/stepfull
# DONE gp-normalize-y/denormal repeat=2/stepfull 0.000s
# CELL gp-normalize-y/denormal STABLE 0.083s
# START gp-normalize-y/denormal_ftz repeat=1/train
# DONE gp-normalize-y/denormal_ftz repeat=1/train 0.018s
# START gp-normalize-y/denormal_ftz repeat=1/infer-save-reload
# DONE gp-normalize-y/denormal_ftz repeat=1/infer-save-reload 0.011s
# START gp-normalize-y/denormal_ftz repeat=1/batch
# DONE gp-normalize-y/denormal_ftz repeat=1/batch 0.012s
# START gp-normalize-y/denormal_ftz repeat=1/batchgrad
# DONE gp-normalize-y/denormal_ftz repeat=1/batchgrad 0.000s
# START gp-normalize-y/denormal_ftz repeat=1/batchscale
# DONE gp-normalize-y/denormal_ftz repeat=1/batchscale 0.000s
# START gp-normalize-y/denormal_ftz repeat=1/ragged
# DONE gp-normalize-y/denormal_ftz repeat=1/ragged 0.000s
# START gp-normalize-y/denormal_ftz repeat=1/stepfull
# DONE gp-normalize-y/denormal_ftz repeat=1/stepfull 0.000s
# START gp-normalize-y/denormal_ftz repeat=2/train
# DONE gp-normalize-y/denormal_ftz repeat=2/train 0.018s
# START gp-normalize-y/denormal_ftz repeat=2/infer-save-reload
# DONE gp-normalize-y/denormal_ftz repeat=2/infer-save-reload 0.011s
# START gp-normalize-y/denormal_ftz repeat=2/batch
# DONE gp-normalize-y/denormal_ftz repeat=2/batch 0.012s
# START gp-normalize-y/denormal_ftz repeat=2/batchgrad
# DONE gp-normalize-y/denormal_ftz repeat=2/batchgrad 0.000s
# START gp-normalize-y/denormal_ftz repeat=2/batchscale
# DONE gp-normalize-y/denormal_ftz repeat=2/batchscale 0.000s
# START gp-normalize-y/denormal_ftz repeat=2/ragged
# DONE gp-normalize-y/denormal_ftz repeat=2/ragged 0.000s
# START gp-normalize-y/denormal_ftz repeat=2/stepfull
# DONE gp-normalize-y/denormal_ftz repeat=2/stepfull 0.000s
# CELL gp-normalize-y/denormal_ftz STABLE 0.082s
# START gp-normalize-y/dupes repeat=1/train
# DONE gp-normalize-y/dupes repeat=1/train 0.018s
# START gp-normalize-y/dupes repeat=1/infer-save-reload
# DONE gp-normalize-y/dupes repeat=1/infer-save-reload 0.011s
# START gp-normalize-y/dupes repeat=1/batch
# DONE gp-normalize-y/dupes repeat=1/batch 0.012s
# START gp-normalize-y/dupes repeat=1/batchgrad
# DONE gp-normalize-y/dupes repeat=1/batchgrad 0.000s
# START gp-normalize-y/dupes repeat=1/batchscale
# DONE gp-normalize-y/dupes repeat=1/batchscale 0.000s
# START gp-normalize-y/dupes repeat=1/ragged
# DONE gp-normalize-y/dupes repeat=1/ragged 0.000s
# START gp-normalize-y/dupes repeat=1/stepfull
# DONE gp-normalize-y/dupes repeat=1/stepfull 0.000s
# START gp-normalize-y/dupes repeat=2/train
# DONE gp-normalize-y/dupes repeat=2/train 0.018s
# START gp-normalize-y/dupes repeat=2/infer-save-reload
# DONE gp-normalize-y/dupes repeat=2/infer-save-reload 0.011s
# START gp-normalize-y/dupes repeat=2/batch
# DONE gp-normalize-y/dupes repeat=2/batch 0.012s
# START gp-normalize-y/dupes repeat=2/batchgrad
# DONE gp-normalize-y/dupes repeat=2/batchgrad 0.000s
# START gp-normalize-y/dupes repeat=2/batchscale
# DONE gp-normalize-y/dupes repeat=2/batchscale 0.000s
# START gp-normalize-y/dupes repeat=2/ragged
# DONE gp-normalize-y/dupes repeat=2/ragged 0.000s
# START gp-normalize-y/dupes repeat=2/stepfull
# DONE gp-normalize-y/dupes repeat=2/stepfull 0.000s
# CELL gp-normalize-y/dupes STABLE 0.083s
# START gp-normalize-y/odd repeat=1/train
# DONE gp-normalize-y/odd repeat=1/train 0.018s
# START gp-normalize-y/odd repeat=1/infer-save-reload
# DONE gp-normalize-y/odd repeat=1/infer-save-reload 0.010s
# START gp-normalize-y/odd repeat=1/batch
# DONE gp-normalize-y/odd repeat=1/batch 0.012s
# START gp-normalize-y/odd repeat=1/batchgrad
# DONE gp-normalize-y/odd repeat=1/batchgrad 0.000s
# START gp-normalize-y/odd repeat=1/batchscale
# DONE gp-normalize-y/odd repeat=1/batchscale 0.000s
# START gp-normalize-y/odd repeat=1/ragged
# DONE gp-normalize-y/odd repeat=1/ragged 0.000s
# START gp-normalize-y/odd repeat=1/stepfull
# DONE gp-normalize-y/odd repeat=1/stepfull 0.000s
# START gp-normalize-y/odd repeat=2/train
# DONE gp-normalize-y/odd repeat=2/train 0.018s
# START gp-normalize-y/odd repeat=2/infer-save-reload
# DONE gp-normalize-y/odd repeat=2/infer-save-reload 0.011s
# START gp-normalize-y/odd repeat=2/batch
# DONE gp-normalize-y/odd repeat=2/batch 0.012s
# START gp-normalize-y/odd repeat=2/batchgrad
# DONE gp-normalize-y/odd repeat=2/batchgrad 0.000s
# START gp-normalize-y/odd repeat=2/batchscale
# DONE gp-normalize-y/odd repeat=2/batchscale 0.000s
# START gp-normalize-y/odd repeat=2/ragged
# DONE gp-normalize-y/odd repeat=2/ragged 0.000s
# START gp-normalize-y/odd repeat=2/stepfull
# DONE gp-normalize-y/odd repeat=2/stepfull 0.000s
# CELL gp-normalize-y/odd STABLE 0.082s
# START gp-normalize-y/negative repeat=1/train
# DONE gp-normalize-y/negative repeat=1/train 0.018s
# START gp-normalize-y/negative repeat=1/infer-save-reload
# DONE gp-normalize-y/negative repeat=1/infer-save-reload 0.010s
# START gp-normalize-y/negative repeat=1/batch
# DONE gp-normalize-y/negative repeat=1/batch 0.012s
# START gp-normalize-y/negative repeat=1/batchgrad
# DONE gp-normalize-y/negative repeat=1/batchgrad 0.000s
# START gp-normalize-y/negative repeat=1/batchscale
# DONE gp-normalize-y/negative repeat=1/batchscale 0.000s
# START gp-normalize-y/negative repeat=1/ragged
# DONE gp-normalize-y/negative repeat=1/ragged 0.000s
# START gp-normalize-y/negative repeat=1/stepfull
# DONE gp-normalize-y/negative repeat=1/stepfull 0.000s
# START gp-normalize-y/negative repeat=2/train
# DONE gp-normalize-y/negative repeat=2/train 0.018s
# START gp-normalize-y/negative repeat=2/infer-save-reload
# DONE gp-normalize-y/negative repeat=2/infer-save-reload 0.011s
# START gp-normalize-y/negative repeat=2/batch
# DONE gp-normalize-y/negative repeat=2/batch 0.012s
# START gp-normalize-y/negative repeat=2/batchgrad
# DONE gp-normalize-y/negative repeat=2/batchgrad 0.000s
# START gp-normalize-y/negative repeat=2/batchscale
# DONE gp-normalize-y/negative repeat=2/batchscale 0.000s
# START gp-normalize-y/negative repeat=2/ragged
# DONE gp-normalize-y/negative repeat=2/ragged 0.000s
# START gp-normalize-y/negative repeat=2/stepfull
# DONE gp-normalize-y/negative repeat=2/stepfull 0.000s
# CELL gp-normalize-y/negative STABLE 0.082s
| gp-normalize-y         | 295a3a943bb1e6c1 | dcd3de359f3c2074 | b3faa0b97f15bcba | 3f637d262c88b131 | 563ede6c2700528e | 563ede6c2700528e | 56127db3c25510e4 | c3c46d3bdd248167 | c162a835d708df60 |
| gp-normalize-y infer   | 7c5123dc7a512038 | 0e6c262796044cb8 | b77bf4a2d0da8736 | 13332a5abc671f44 | c9c056f09a65ff3b | c9c056f09a65ff3b | 3c0b639788527068 | e8873986c9e0f24f | e8c9793a64ffecd4 |
| gp-normalize-y model   | 988bc1c3b51246a4 | 4af86e76b34e092c | 78eb0a3ce16ce7c5 | 7aaddfff81162cc0 | 7838eff1539fb489 | 5f20cf42422bf2e9 | db1cd41ce6fd1b37 | 767941378d3c368a | f8b1eb8570f5e01b |
| gp-normalize-y batch   | 10f20ff36a173c93 | d3aaf331f5414e4b | 83463eae32c0bbe9 | f83ca2d738dfbae9 | 00079f14e3f462fc | 00079f14e3f462fc | cd8dc4dd4d12cb25 | 290d32315445165d | d4b37ced285cc86d |
# START gp-optimize-restarts/base repeat=1/train
# DONE gp-optimize-restarts/base repeat=1/train 0.192s
# START gp-optimize-restarts/base repeat=1/infer-save-reload
# DONE gp-optimize-restarts/base repeat=1/infer-save-reload 0.003s
# START gp-optimize-restarts/base repeat=1/batch
# DONE gp-optimize-restarts/base repeat=1/batch 0.003s
# START gp-optimize-restarts/base repeat=1/batchgrad
# DONE gp-optimize-restarts/base repeat=1/batchgrad 0.000s
# START gp-optimize-restarts/base repeat=1/batchscale
# DONE gp-optimize-restarts/base repeat=1/batchscale 0.000s
# START gp-optimize-restarts/base repeat=1/ragged
# DONE gp-optimize-restarts/base repeat=1/ragged 0.000s
# START gp-optimize-restarts/base repeat=1/stepfull
# DONE gp-optimize-restarts/base repeat=1/stepfull 0.000s
# START gp-optimize-restarts/base repeat=2/train
# DONE gp-optimize-restarts/base repeat=2/train 0.189s
# START gp-optimize-restarts/base repeat=2/infer-save-reload
# DONE gp-optimize-restarts/base repeat=2/infer-save-reload 0.003s
# START gp-optimize-restarts/base repeat=2/batch
# DONE gp-optimize-restarts/base repeat=2/batch 0.003s
# START gp-optimize-restarts/base repeat=2/batchgrad
# DONE gp-optimize-restarts/base repeat=2/batchgrad 0.000s
# START gp-optimize-restarts/base repeat=2/batchscale
# DONE gp-optimize-restarts/base repeat=2/batchscale 0.000s
# START gp-optimize-restarts/base repeat=2/ragged
# DONE gp-optimize-restarts/base repeat=2/ragged 0.000s
# START gp-optimize-restarts/base repeat=2/stepfull
# DONE gp-optimize-restarts/base repeat=2/stepfull 0.000s
# CELL gp-optimize-restarts/base STABLE 0.393s
# START gp-optimize-restarts/ties repeat=1/train
# DONE gp-optimize-restarts/ties repeat=1/train 0.284s
# START gp-optimize-restarts/ties repeat=1/infer-save-reload
# DONE gp-optimize-restarts/ties repeat=1/infer-save-reload 0.003s
# START gp-optimize-restarts/ties repeat=1/batch
# DONE gp-optimize-restarts/ties repeat=1/batch 0.003s
# START gp-optimize-restarts/ties repeat=1/batchgrad
# DONE gp-optimize-restarts/ties repeat=1/batchgrad 0.000s
# START gp-optimize-restarts/ties repeat=1/batchscale
# DONE gp-optimize-restarts/ties repeat=1/batchscale 0.000s
# START gp-optimize-restarts/ties repeat=1/ragged
# DONE gp-optimize-restarts/ties repeat=1/ragged 0.000s
# START gp-optimize-restarts/ties repeat=1/stepfull
# DONE gp-optimize-restarts/ties repeat=1/stepfull 0.000s
# START gp-optimize-restarts/ties repeat=2/train
# DONE gp-optimize-restarts/ties repeat=2/train 0.286s
# START gp-optimize-restarts/ties repeat=2/infer-save-reload
# DONE gp-optimize-restarts/ties repeat=2/infer-save-reload 0.003s
# START gp-optimize-restarts/ties repeat=2/batch
# DONE gp-optimize-restarts/ties repeat=2/batch 0.003s
# START gp-optimize-restarts/ties repeat=2/batchgrad
# DONE gp-optimize-restarts/ties repeat=2/batchgrad 0.000s
# START gp-optimize-restarts/ties repeat=2/batchscale
# DONE gp-optimize-restarts/ties repeat=2/batchscale 0.000s
# START gp-optimize-restarts/ties repeat=2/ragged
# DONE gp-optimize-restarts/ties repeat=2/ragged 0.000s
# START gp-optimize-restarts/ties repeat=2/stepfull
# DONE gp-optimize-restarts/ties repeat=2/stepfull 0.000s
# CELL gp-optimize-restarts/ties STABLE 0.582s
# START gp-optimize-restarts/hashed repeat=1/train
# DONE gp-optimize-restarts/hashed repeat=1/train 0.167s
# START gp-optimize-restarts/hashed repeat=1/infer-save-reload
# DONE gp-optimize-restarts/hashed repeat=1/infer-save-reload 0.003s
# START gp-optimize-restarts/hashed repeat=1/batch
# DONE gp-optimize-restarts/hashed repeat=1/batch 0.003s
# START gp-optimize-restarts/hashed repeat=1/batchgrad
# DONE gp-optimize-restarts/hashed repeat=1/batchgrad 0.000s
# START gp-optimize-restarts/hashed repeat=1/batchscale
# DONE gp-optimize-restarts/hashed repeat=1/batchscale 0.000s
# START gp-optimize-restarts/hashed repeat=1/ragged
# DONE gp-optimize-restarts/hashed repeat=1/ragged 0.000s
# START gp-optimize-restarts/hashed repeat=1/stepfull
# DONE gp-optimize-restarts/hashed repeat=1/stepfull 0.000s
# START gp-optimize-restarts/hashed repeat=2/train
# DONE gp-optimize-restarts/hashed repeat=2/train 0.168s
# START gp-optimize-restarts/hashed repeat=2/infer-save-reload
# DONE gp-optimize-restarts/hashed repeat=2/infer-save-reload 0.003s
# START gp-optimize-restarts/hashed repeat=2/batch
# DONE gp-optimize-restarts/hashed repeat=2/batch 0.003s
# START gp-optimize-restarts/hashed repeat=2/batchgrad
# DONE gp-optimize-restarts/hashed repeat=2/batchgrad 0.000s
# START gp-optimize-restarts/hashed repeat=2/batchscale
# DONE gp-optimize-restarts/hashed repeat=2/batchscale 0.000s
# START gp-optimize-restarts/hashed repeat=2/ragged
# DONE gp-optimize-restarts/hashed repeat=2/ragged 0.000s
# START gp-optimize-restarts/hashed repeat=2/stepfull
# DONE gp-optimize-restarts/hashed repeat=2/stepfull 0.000s
# CELL gp-optimize-restarts/hashed STABLE 0.348s
# START gp-optimize-restarts/wide repeat=1/train
# DONE gp-optimize-restarts/wide repeat=1/train 0.119s
# START gp-optimize-restarts/wide repeat=1/infer-save-reload
# DONE gp-optimize-restarts/wide repeat=1/infer-save-reload 0.002s
# START gp-optimize-restarts/wide repeat=1/batch
# DONE gp-optimize-restarts/wide repeat=1/batch 0.003s
# START gp-optimize-restarts/wide repeat=1/batchgrad
# DONE gp-optimize-restarts/wide repeat=1/batchgrad 0.000s
# START gp-optimize-restarts/wide repeat=1/batchscale
# DONE gp-optimize-restarts/wide repeat=1/batchscale 0.000s
# START gp-optimize-restarts/wide repeat=1/ragged
# DONE gp-optimize-restarts/wide repeat=1/ragged 0.000s
# START gp-optimize-restarts/wide repeat=1/stepfull
# DONE gp-optimize-restarts/wide repeat=1/stepfull 0.000s
# START gp-optimize-restarts/wide repeat=2/train
# DONE gp-optimize-restarts/wide repeat=2/train 0.119s
# START gp-optimize-restarts/wide repeat=2/infer-save-reload
# DONE gp-optimize-restarts/wide repeat=2/infer-save-reload 0.003s
# START gp-optimize-restarts/wide repeat=2/batch
# DONE gp-optimize-restarts/wide repeat=2/batch 0.003s
# START gp-optimize-restarts/wide repeat=2/batchgrad
# DONE gp-optimize-restarts/wide repeat=2/batchgrad 0.000s
# START gp-optimize-restarts/wide repeat=2/batchscale
# DONE gp-optimize-restarts/wide repeat=2/batchscale 0.000s
# START gp-optimize-restarts/wide repeat=2/ragged
# DONE gp-optimize-restarts/wide repeat=2/ragged 0.000s
# START gp-optimize-restarts/wide repeat=2/stepfull
# DONE gp-optimize-restarts/wide repeat=2/stepfull 0.000s
# CELL gp-optimize-restarts/wide STABLE 0.250s
# START gp-optimize-restarts/denormal repeat=1/train
# DONE gp-optimize-restarts/denormal repeat=1/train 0.193s
# START gp-optimize-restarts/denormal repeat=1/infer-save-reload
# DONE gp-optimize-restarts/denormal repeat=1/infer-save-reload 0.003s
# START gp-optimize-restarts/denormal repeat=1/batch
# DONE gp-optimize-restarts/denormal repeat=1/batch 0.003s
# START gp-optimize-restarts/denormal repeat=1/batchgrad
# DONE gp-optimize-restarts/denormal repeat=1/batchgrad 0.000s
# START gp-optimize-restarts/denormal repeat=1/batchscale
# DONE gp-optimize-restarts/denormal repeat=1/batchscale 0.000s
# START gp-optimize-restarts/denormal repeat=1/ragged
# DONE gp-optimize-restarts/denormal repeat=1/ragged 0.000s
# START gp-optimize-restarts/denormal repeat=1/stepfull
# DONE gp-optimize-restarts/denormal repeat=1/stepfull 0.000s
# START gp-optimize-restarts/denormal repeat=2/train
# DONE gp-optimize-restarts/denormal repeat=2/train 0.193s
# START gp-optimize-restarts/denormal repeat=2/infer-save-reload
# DONE gp-optimize-restarts/denormal repeat=2/infer-save-reload 0.003s
# START gp-optimize-restarts/denormal repeat=2/batch
# DONE gp-optimize-restarts/denormal repeat=2/batch 0.003s
# START gp-optimize-restarts/denormal repeat=2/batchgrad
# DONE gp-optimize-restarts/denormal repeat=2/batchgrad 0.000s
# START gp-optimize-restarts/denormal repeat=2/batchscale
# DONE gp-optimize-restarts/denormal repeat=2/batchscale 0.000s
# START gp-optimize-restarts/denormal repeat=2/ragged
# DONE gp-optimize-restarts/denormal repeat=2/ragged 0.000s
# START gp-optimize-restarts/denormal repeat=2/stepfull
# DONE gp-optimize-restarts/denormal repeat=2/stepfull 0.000s
# CELL gp-optimize-restarts/denormal STABLE 0.398s
# START gp-optimize-restarts/denormal_ftz repeat=1/train
# DONE gp-optimize-restarts/denormal_ftz repeat=1/train 0.193s
# START gp-optimize-restarts/denormal_ftz repeat=1/infer-save-reload
# DONE gp-optimize-restarts/denormal_ftz repeat=1/infer-save-reload 0.002s
# START gp-optimize-restarts/denormal_ftz repeat=1/batch
# DONE gp-optimize-restarts/denormal_ftz repeat=1/batch 0.003s
# START gp-optimize-restarts/denormal_ftz repeat=1/batchgrad
# DONE gp-optimize-restarts/denormal_ftz repeat=1/batchgrad 0.000s
# START gp-optimize-restarts/denormal_ftz repeat=1/batchscale
# DONE gp-optimize-restarts/denormal_ftz repeat=1/batchscale 0.000s
# START gp-optimize-restarts/denormal_ftz repeat=1/ragged
# DONE gp-optimize-restarts/denormal_ftz repeat=1/ragged 0.000s
# START gp-optimize-restarts/denormal_ftz repeat=1/stepfull
# DONE gp-optimize-restarts/denormal_ftz repeat=1/stepfull 0.000s
# START gp-optimize-restarts/denormal_ftz repeat=2/train
# DONE gp-optimize-restarts/denormal_ftz repeat=2/train 0.194s
# START gp-optimize-restarts/denormal_ftz repeat=2/infer-save-reload
# DONE gp-optimize-restarts/denormal_ftz repeat=2/infer-save-reload 0.002s
# START gp-optimize-restarts/denormal_ftz repeat=2/batch
# DONE gp-optimize-restarts/denormal_ftz repeat=2/batch 0.003s
# START gp-optimize-restarts/denormal_ftz repeat=2/batchgrad
# DONE gp-optimize-restarts/denormal_ftz repeat=2/batchgrad 0.000s
# START gp-optimize-restarts/denormal_ftz repeat=2/batchscale
# DONE gp-optimize-restarts/denormal_ftz repeat=2/batchscale 0.000s
# START gp-optimize-restarts/denormal_ftz repeat=2/ragged
# DONE gp-optimize-restarts/denormal_ftz repeat=2/ragged 0.000s
# START gp-optimize-restarts/denormal_ftz repeat=2/stepfull
# DONE gp-optimize-restarts/denormal_ftz repeat=2/stepfull 0.000s
# CELL gp-optimize-restarts/denormal_ftz STABLE 0.399s
# START gp-optimize-restarts/dupes repeat=1/train
# DONE gp-optimize-restarts/dupes repeat=1/train 0.159s
# START gp-optimize-restarts/dupes repeat=1/infer-save-reload
# DONE gp-optimize-restarts/dupes repeat=1/infer-save-reload 0.002s
# START gp-optimize-restarts/dupes repeat=1/batch
# DONE gp-optimize-restarts/dupes repeat=1/batch 0.003s
# START gp-optimize-restarts/dupes repeat=1/batchgrad
# DONE gp-optimize-restarts/dupes repeat=1/batchgrad 0.000s
# START gp-optimize-restarts/dupes repeat=1/batchscale
# DONE gp-optimize-restarts/dupes repeat=1/batchscale 0.000s
# START gp-optimize-restarts/dupes repeat=1/ragged
# DONE gp-optimize-restarts/dupes repeat=1/ragged 0.000s
# START gp-optimize-restarts/dupes repeat=1/stepfull
# DONE gp-optimize-restarts/dupes repeat=1/stepfull 0.000s
# START gp-optimize-restarts/dupes repeat=2/train
# DONE gp-optimize-restarts/dupes repeat=2/train 0.159s
# START gp-optimize-restarts/dupes repeat=2/infer-save-reload
# DONE gp-optimize-restarts/dupes repeat=2/infer-save-reload 0.003s
# START gp-optimize-restarts/dupes repeat=2/batch
# DONE gp-optimize-restarts/dupes repeat=2/batch 0.003s
# START gp-optimize-restarts/dupes repeat=2/batchgrad
# DONE gp-optimize-restarts/dupes repeat=2/batchgrad 0.000s
# START gp-optimize-restarts/dupes repeat=2/batchscale
# DONE gp-optimize-restarts/dupes repeat=2/batchscale 0.000s
# START gp-optimize-restarts/dupes repeat=2/ragged
# DONE gp-optimize-restarts/dupes repeat=2/ragged 0.000s
# START gp-optimize-restarts/dupes repeat=2/stepfull
# DONE gp-optimize-restarts/dupes repeat=2/stepfull 0.000s
# CELL gp-optimize-restarts/dupes STABLE 0.330s
# START gp-optimize-restarts/odd repeat=1/train
# DONE gp-optimize-restarts/odd repeat=1/train 0.182s
# START gp-optimize-restarts/odd repeat=1/infer-save-reload
# DONE gp-optimize-restarts/odd repeat=1/infer-save-reload 0.003s
# START gp-optimize-restarts/odd repeat=1/batch
# DONE gp-optimize-restarts/odd repeat=1/batch 0.003s
# START gp-optimize-restarts/odd repeat=1/batchgrad
# DONE gp-optimize-restarts/odd repeat=1/batchgrad 0.000s
# START gp-optimize-restarts/odd repeat=1/batchscale
# DONE gp-optimize-restarts/odd repeat=1/batchscale 0.000s
# START gp-optimize-restarts/odd repeat=1/ragged
# DONE gp-optimize-restarts/odd repeat=1/ragged 0.000s
# START gp-optimize-restarts/odd repeat=1/stepfull
# DONE gp-optimize-restarts/odd repeat=1/stepfull 0.000s
# START gp-optimize-restarts/odd repeat=2/train
# DONE gp-optimize-restarts/odd repeat=2/train 0.182s
# START gp-optimize-restarts/odd repeat=2/infer-save-reload
# DONE gp-optimize-restarts/odd repeat=2/infer-save-reload 0.002s
# START gp-optimize-restarts/odd repeat=2/batch
# DONE gp-optimize-restarts/odd repeat=2/batch 0.003s
# START gp-optimize-restarts/odd repeat=2/batchgrad
# DONE gp-optimize-restarts/odd repeat=2/batchgrad 0.000s
# START gp-optimize-restarts/odd repeat=2/batchscale
# DONE gp-optimize-restarts/odd repeat=2/batchscale 0.000s
# START gp-optimize-restarts/odd repeat=2/ragged
# DONE gp-optimize-restarts/odd repeat=2/ragged 0.000s
# START gp-optimize-restarts/odd repeat=2/stepfull
# DONE gp-optimize-restarts/odd repeat=2/stepfull 0.000s
# CELL gp-optimize-restarts/odd STABLE 0.376s
# START gp-optimize-restarts/negative repeat=1/train
# DONE gp-optimize-restarts/negative repeat=1/train 0.214s
# START gp-optimize-restarts/negative repeat=1/infer-save-reload
# DONE gp-optimize-restarts/negative repeat=1/infer-save-reload 0.002s
# START gp-optimize-restarts/negative repeat=1/batch
# DONE gp-optimize-restarts/negative repeat=1/batch 0.003s
# START gp-optimize-restarts/negative repeat=1/batchgrad
# DONE gp-optimize-restarts/negative repeat=1/batchgrad 0.000s
# START gp-optimize-restarts/negative repeat=1/batchscale
# DONE gp-optimize-restarts/negative repeat=1/batchscale 0.000s
# START gp-optimize-restarts/negative repeat=1/ragged
# DONE gp-optimize-restarts/negative repeat=1/ragged 0.000s
# START gp-optimize-restarts/negative repeat=1/stepfull
# DONE gp-optimize-restarts/negative repeat=1/stepfull 0.000s
# START gp-optimize-restarts/negative repeat=2/train
# DONE gp-optimize-restarts/negative repeat=2/train 0.214s
# START gp-optimize-restarts/negative repeat=2/infer-save-reload
# DONE gp-optimize-restarts/negative repeat=2/infer-save-reload 0.003s
# START gp-optimize-restarts/negative repeat=2/batch
# DONE gp-optimize-restarts/negative repeat=2/batch 0.003s
# START gp-optimize-restarts/negative repeat=2/batchgrad
# DONE gp-optimize-restarts/negative repeat=2/batchgrad 0.000s
# START gp-optimize-restarts/negative repeat=2/batchscale
# DONE gp-optimize-restarts/negative repeat=2/batchscale 0.000s
# START gp-optimize-restarts/negative repeat=2/ragged
# DONE gp-optimize-restarts/negative repeat=2/ragged 0.000s
# START gp-optimize-restarts/negative repeat=2/stepfull
# DONE gp-optimize-restarts/negative repeat=2/stepfull 0.000s
# CELL gp-optimize-restarts/negative STABLE 0.439s
| gp-optimize-restarts   | 4a28559715cdc8ec | 0ee3c9e45b0f7bca | bf40c4ab07b19545 | ad3c08ec3ec86cf6 | 241145049e69737d | 241145049e69737d | 68ddefb051044bfb | f395a8ef33556d7c | 09a54c640ace75fe |
| gp-optimize-restarts infer | ef23636025bb9281 | 0c96bbfb72d43730 | f5a4730d7ffec8ea | 94b2bc95a417dde6 | 05c7de81c15b85f5 | 05c7de81c15b85f5 | 23b519db92b82d92 | e1a9df9aa4175658 | 52cef6e4ee7965a0 |
| gp-optimize-restarts model | 2d77ffc98991757b | 52cb879b6fdaae2c | eef8b34542e4f68e | 2d9e4c16b007cf42 | 2c5bece2a202bc91 | 6447706be33a6e5b | f283ece17dce64b8 | 7134a5d923d8df90 | 52f601b888490db8 |
| gp-optimize-restarts batch | 976899114f971572 | b48564acfc5cfe1f | 7d4e78559b8f0401 | a0ceabc95c8821a7 | 6d1cb55cc731fa26 | 6d1cb55cc731fa26 | 65d7adefec71d1d8 | 49ae8f4f5aac8934 | 14724065c5e38105 |
# START gemm-transposed/base repeat=1/train
# DONE gemm-transposed/base repeat=1/train 0.004s
# START gemm-transposed/base repeat=1/infer-save-reload
# DONE gemm-transposed/base repeat=1/infer-save-reload 0.000s
# START gemm-transposed/base repeat=1/batch
# DONE gemm-transposed/base repeat=1/batch 0.011s
# START gemm-transposed/base repeat=1/batchgrad
# DONE gemm-transposed/base repeat=1/batchgrad 0.000s
# START gemm-transposed/base repeat=1/batchscale
# DONE gemm-transposed/base repeat=1/batchscale 0.000s
# START gemm-transposed/base repeat=1/ragged
# DONE gemm-transposed/base repeat=1/ragged 0.000s
# START gemm-transposed/base repeat=1/stepfull
# DONE gemm-transposed/base repeat=1/stepfull 0.000s
# START gemm-transposed/base repeat=2/train
# DONE gemm-transposed/base repeat=2/train 0.003s
# START gemm-transposed/base repeat=2/infer-save-reload
# DONE gemm-transposed/base repeat=2/infer-save-reload 0.000s
# START gemm-transposed/base repeat=2/batch
# DONE gemm-transposed/base repeat=2/batch 0.010s
# START gemm-transposed/base repeat=2/batchgrad
# DONE gemm-transposed/base repeat=2/batchgrad 0.000s
# START gemm-transposed/base repeat=2/batchscale
# DONE gemm-transposed/base repeat=2/batchscale 0.000s
# START gemm-transposed/base repeat=2/ragged
# DONE gemm-transposed/base repeat=2/ragged 0.000s
# START gemm-transposed/base repeat=2/stepfull
# DONE gemm-transposed/base repeat=2/stepfull 0.000s
# CELL gemm-transposed/base STABLE 0.028s
# START gemm-transposed/ties repeat=1/train
# DONE gemm-transposed/ties repeat=1/train 0.010s
# START gemm-transposed/ties repeat=1/infer-save-reload
# DONE gemm-transposed/ties repeat=1/infer-save-reload 0.000s
# START gemm-transposed/ties repeat=1/batch
# DONE gemm-transposed/ties repeat=1/batch 0.022s
# START gemm-transposed/ties repeat=1/batchgrad
# DONE gemm-transposed/ties repeat=1/batchgrad 0.000s
# START gemm-transposed/ties repeat=1/batchscale
# DONE gemm-transposed/ties repeat=1/batchscale 0.000s
# START gemm-transposed/ties repeat=1/ragged
# DONE gemm-transposed/ties repeat=1/ragged 0.000s
# START gemm-transposed/ties repeat=1/stepfull
# DONE gemm-transposed/ties repeat=1/stepfull 0.000s
# START gemm-transposed/ties repeat=2/train
# DONE gemm-transposed/ties repeat=2/train 0.009s
# START gemm-transposed/ties repeat=2/infer-save-reload
# DONE gemm-transposed/ties repeat=2/infer-save-reload 0.000s
# START gemm-transposed/ties repeat=2/batch
# DONE gemm-transposed/ties repeat=2/batch 0.022s
# START gemm-transposed/ties repeat=2/batchgrad
# DONE gemm-transposed/ties repeat=2/batchgrad 0.000s
# START gemm-transposed/ties repeat=2/batchscale
# DONE gemm-transposed/ties repeat=2/batchscale 0.000s
# START gemm-transposed/ties repeat=2/ragged
# DONE gemm-transposed/ties repeat=2/ragged 0.000s
# START gemm-transposed/ties repeat=2/stepfull
# DONE gemm-transposed/ties repeat=2/stepfull 0.000s
# CELL gemm-transposed/ties STABLE 0.063s
# START gemm-transposed/hashed repeat=1/train
# DONE gemm-transposed/hashed repeat=1/train 0.004s
# START gemm-transposed/hashed repeat=1/infer-save-reload
# DONE gemm-transposed/hashed repeat=1/infer-save-reload 0.000s
# START gemm-transposed/hashed repeat=1/batch
# DONE gemm-transposed/hashed repeat=1/batch 0.010s
# START gemm-transposed/hashed repeat=1/batchgrad
# DONE gemm-transposed/hashed repeat=1/batchgrad 0.000s
# START gemm-transposed/hashed repeat=1/batchscale
# DONE gemm-transposed/hashed repeat=1/batchscale 0.000s
# START gemm-transposed/hashed repeat=1/ragged
# DONE gemm-transposed/hashed repeat=1/ragged 0.000s
# START gemm-transposed/hashed repeat=1/stepfull
# DONE gemm-transposed/hashed repeat=1/stepfull 0.000s
# START gemm-transposed/hashed repeat=2/train
# DONE gemm-transposed/hashed repeat=2/train 0.003s
# START gemm-transposed/hashed repeat=2/infer-save-reload
# DONE gemm-transposed/hashed repeat=2/infer-save-reload 0.000s
# START gemm-transposed/hashed repeat=2/batch
# DONE gemm-transposed/hashed repeat=2/batch 0.010s
# START gemm-transposed/hashed repeat=2/batchgrad
# DONE gemm-transposed/hashed repeat=2/batchgrad 0.000s
# START gemm-transposed/hashed repeat=2/batchscale
# DONE gemm-transposed/hashed repeat=2/batchscale 0.000s
# START gemm-transposed/hashed repeat=2/ragged
# DONE gemm-transposed/hashed repeat=2/ragged 0.000s
# START gemm-transposed/hashed repeat=2/stepfull
# DONE gemm-transposed/hashed repeat=2/stepfull 0.000s
# CELL gemm-transposed/hashed STABLE 0.027s
# START gemm-transposed/wide repeat=1/train
# DONE gemm-transposed/wide repeat=1/train 0.004s
# START gemm-transposed/wide repeat=1/infer-save-reload
# DONE gemm-transposed/wide repeat=1/infer-save-reload 0.000s
# START gemm-transposed/wide repeat=1/batch
# DONE gemm-transposed/wide repeat=1/batch 0.010s
# START gemm-transposed/wide repeat=1/batchgrad
# DONE gemm-transposed/wide repeat=1/batchgrad 0.000s
# START gemm-transposed/wide repeat=1/batchscale
# DONE gemm-transposed/wide repeat=1/batchscale 0.000s
# START gemm-transposed/wide repeat=1/ragged
# DONE gemm-transposed/wide repeat=1/ragged 0.000s
# START gemm-transposed/wide repeat=1/stepfull
# DONE gemm-transposed/wide repeat=1/stepfull 0.000s
# START gemm-transposed/wide repeat=2/train
# DONE gemm-transposed/wide repeat=2/train 0.003s
# START gemm-transposed/wide repeat=2/infer-save-reload
# DONE gemm-transposed/wide repeat=2/infer-save-reload 0.000s
# START gemm-transposed/wide repeat=2/batch
# DONE gemm-transposed/wide repeat=2/batch 0.010s
# START gemm-transposed/wide repeat=2/batchgrad
# DONE gemm-transposed/wide repeat=2/batchgrad 0.000s
# START gemm-transposed/wide repeat=2/batchscale
# DONE gemm-transposed/wide repeat=2/batchscale 0.000s
# START gemm-transposed/wide repeat=2/ragged
# DONE gemm-transposed/wide repeat=2/ragged 0.000s
# START gemm-transposed/wide repeat=2/stepfull
# DONE gemm-transposed/wide repeat=2/stepfull 0.000s
# CELL gemm-transposed/wide STABLE 0.028s
# START gemm-transposed/denormal repeat=1/train
# DONE gemm-transposed/denormal repeat=1/train 0.004s
# START gemm-transposed/denormal repeat=1/infer-save-reload
# DONE gemm-transposed/denormal repeat=1/infer-save-reload 0.000s
# START gemm-transposed/denormal repeat=1/batch
# DONE gemm-transposed/denormal repeat=1/batch 0.010s
# START gemm-transposed/denormal repeat=1/batchgrad
# DONE gemm-transposed/denormal repeat=1/batchgrad 0.000s
# START gemm-transposed/denormal repeat=1/batchscale
# DONE gemm-transposed/denormal repeat=1/batchscale 0.000s
# START gemm-transposed/denormal repeat=1/ragged
# DONE gemm-transposed/denormal repeat=1/ragged 0.000s
# START gemm-transposed/denormal repeat=1/stepfull
# DONE gemm-transposed/denormal repeat=1/stepfull 0.000s
# START gemm-transposed/denormal repeat=2/train
# DONE gemm-transposed/denormal repeat=2/train 0.003s
# START gemm-transposed/denormal repeat=2/infer-save-reload
# DONE gemm-transposed/denormal repeat=2/infer-save-reload 0.000s
# START gemm-transposed/denormal repeat=2/batch
# DONE gemm-transposed/denormal repeat=2/batch 0.010s
# START gemm-transposed/denormal repeat=2/batchgrad
# DONE gemm-transposed/denormal repeat=2/batchgrad 0.000s
# START gemm-transposed/denormal repeat=2/batchscale
# DONE gemm-transposed/denormal repeat=2/batchscale 0.000s
# START gemm-transposed/denormal repeat=2/ragged
# DONE gemm-transposed/denormal repeat=2/ragged 0.000s
# START gemm-transposed/denormal repeat=2/stepfull
# DONE gemm-transposed/denormal repeat=2/stepfull 0.000s
# CELL gemm-transposed/denormal STABLE 0.027s
# START gemm-transposed/denormal_ftz repeat=1/train
# DONE gemm-transposed/denormal_ftz repeat=1/train 0.004s
# START gemm-transposed/denormal_ftz repeat=1/infer-save-reload
# DONE gemm-transposed/denormal_ftz repeat=1/infer-save-reload 0.000s
# START gemm-transposed/denormal_ftz repeat=1/batch
# DONE gemm-transposed/denormal_ftz repeat=1/batch 0.010s
# START gemm-transposed/denormal_ftz repeat=1/batchgrad
# DONE gemm-transposed/denormal_ftz repeat=1/batchgrad 0.000s
# START gemm-transposed/denormal_ftz repeat=1/batchscale
# DONE gemm-transposed/denormal_ftz repeat=1/batchscale 0.000s
# START gemm-transposed/denormal_ftz repeat=1/ragged
# DONE gemm-transposed/denormal_ftz repeat=1/ragged 0.000s
# START gemm-transposed/denormal_ftz repeat=1/stepfull
# DONE gemm-transposed/denormal_ftz repeat=1/stepfull 0.000s
# START gemm-transposed/denormal_ftz repeat=2/train
# DONE gemm-transposed/denormal_ftz repeat=2/train 0.003s
# START gemm-transposed/denormal_ftz repeat=2/infer-save-reload
# DONE gemm-transposed/denormal_ftz repeat=2/infer-save-reload 0.000s
# START gemm-transposed/denormal_ftz repeat=2/batch
# DONE gemm-transposed/denormal_ftz repeat=2/batch 0.010s
# START gemm-transposed/denormal_ftz repeat=2/batchgrad
# DONE gemm-transposed/denormal_ftz repeat=2/batchgrad 0.000s
# START gemm-transposed/denormal_ftz repeat=2/batchscale
# DONE gemm-transposed/denormal_ftz repeat=2/batchscale 0.000s
# START gemm-transposed/denormal_ftz repeat=2/ragged
# DONE gemm-transposed/denormal_ftz repeat=2/ragged 0.000s
# START gemm-transposed/denormal_ftz repeat=2/stepfull
# DONE gemm-transposed/denormal_ftz repeat=2/stepfull 0.000s
# CELL gemm-transposed/denormal_ftz STABLE 0.027s
# START gemm-transposed/dupes repeat=1/train
# DONE gemm-transposed/dupes repeat=1/train 0.004s
# START gemm-transposed/dupes repeat=1/infer-save-reload
# DONE gemm-transposed/dupes repeat=1/infer-save-reload 0.000s
# START gemm-transposed/dupes repeat=1/batch
# DONE gemm-transposed/dupes repeat=1/batch 0.010s
# START gemm-transposed/dupes repeat=1/batchgrad
# DONE gemm-transposed/dupes repeat=1/batchgrad 0.000s
# START gemm-transposed/dupes repeat=1/batchscale
# DONE gemm-transposed/dupes repeat=1/batchscale 0.000s
# START gemm-transposed/dupes repeat=1/ragged
# DONE gemm-transposed/dupes repeat=1/ragged 0.000s
# START gemm-transposed/dupes repeat=1/stepfull
# DONE gemm-transposed/dupes repeat=1/stepfull 0.000s
# START gemm-transposed/dupes repeat=2/train
# DONE gemm-transposed/dupes repeat=2/train 0.003s
# START gemm-transposed/dupes repeat=2/infer-save-reload
# DONE gemm-transposed/dupes repeat=2/infer-save-reload 0.000s
# START gemm-transposed/dupes repeat=2/batch
# DONE gemm-transposed/dupes repeat=2/batch 0.010s
# START gemm-transposed/dupes repeat=2/batchgrad
# DONE gemm-transposed/dupes repeat=2/batchgrad 0.000s
# START gemm-transposed/dupes repeat=2/batchscale
# DONE gemm-transposed/dupes repeat=2/batchscale 0.000s
# START gemm-transposed/dupes repeat=2/ragged
# DONE gemm-transposed/dupes repeat=2/ragged 0.000s
# START gemm-transposed/dupes repeat=2/stepfull
# DONE gemm-transposed/dupes repeat=2/stepfull 0.000s
# CELL gemm-transposed/dupes STABLE 0.027s
# START gemm-transposed/odd repeat=1/train
# DONE gemm-transposed/odd repeat=1/train 0.004s
# START gemm-transposed/odd repeat=1/infer-save-reload
# DONE gemm-transposed/odd repeat=1/infer-save-reload 0.000s
# START gemm-transposed/odd repeat=1/batch
# DONE gemm-transposed/odd repeat=1/batch 0.010s
# START gemm-transposed/odd repeat=1/batchgrad
# DONE gemm-transposed/odd repeat=1/batchgrad 0.000s
# START gemm-transposed/odd repeat=1/batchscale
# DONE gemm-transposed/odd repeat=1/batchscale 0.000s
# START gemm-transposed/odd repeat=1/ragged
# DONE gemm-transposed/odd repeat=1/ragged 0.000s
# START gemm-transposed/odd repeat=1/stepfull
# DONE gemm-transposed/odd repeat=1/stepfull 0.000s
# START gemm-transposed/odd repeat=2/train
# DONE gemm-transposed/odd repeat=2/train 0.003s
# START gemm-transposed/odd repeat=2/infer-save-reload
# DONE gemm-transposed/odd repeat=2/infer-save-reload 0.000s
# START gemm-transposed/odd repeat=2/batch
# DONE gemm-transposed/odd repeat=2/batch 0.010s
# START gemm-transposed/odd repeat=2/batchgrad
# DONE gemm-transposed/odd repeat=2/batchgrad 0.000s
# START gemm-transposed/odd repeat=2/batchscale
# DONE gemm-transposed/odd repeat=2/batchscale 0.000s
# START gemm-transposed/odd repeat=2/ragged
# DONE gemm-transposed/odd repeat=2/ragged 0.000s
# START gemm-transposed/odd repeat=2/stepfull
# DONE gemm-transposed/odd repeat=2/stepfull 0.000s
# CELL gemm-transposed/odd STABLE 0.028s
# START gemm-transposed/negative repeat=1/train
# DONE gemm-transposed/negative repeat=1/train 0.004s
# START gemm-transposed/negative repeat=1/infer-save-reload
# DONE gemm-transposed/negative repeat=1/infer-save-reload 0.000s
# START gemm-transposed/negative repeat=1/batch
# DONE gemm-transposed/negative repeat=1/batch 0.010s
# START gemm-transposed/negative repeat=1/batchgrad
# DONE gemm-transposed/negative repeat=1/batchgrad 0.000s
# START gemm-transposed/negative repeat=1/batchscale
# DONE gemm-transposed/negative repeat=1/batchscale 0.000s
# START gemm-transposed/negative repeat=1/ragged
# DONE gemm-transposed/negative repeat=1/ragged 0.000s
# START gemm-transposed/negative repeat=1/stepfull
# DONE gemm-transposed/negative repeat=1/stepfull 0.000s
# START gemm-transposed/negative repeat=2/train
# DONE gemm-transposed/negative repeat=2/train 0.003s
# START gemm-transposed/negative repeat=2/infer-save-reload
# DONE gemm-transposed/negative repeat=2/infer-save-reload 0.000s
# START gemm-transposed/negative repeat=2/batch
# DONE gemm-transposed/negative repeat=2/batch 0.010s
# START gemm-transposed/negative repeat=2/batchgrad
# DONE gemm-transposed/negative repeat=2/batchgrad 0.000s
# START gemm-transposed/negative repeat=2/batchscale
# DONE gemm-transposed/negative repeat=2/batchscale 0.000s
# START gemm-transposed/negative repeat=2/ragged
# DONE gemm-transposed/negative repeat=2/ragged 0.000s
# START gemm-transposed/negative repeat=2/stepfull
# DONE gemm-transposed/negative repeat=2/stepfull 0.000s
# CELL gemm-transposed/negative STABLE 0.027s
| gemm-transposed        | ddc8b55e6cddf5de | e13a4a9f5dad6f79 | 7afa12a82e80341e | c6f1aec707fad665 | df5a3c681bd376d1 | df5a3c681bd376d1 | c1b112fda0504296 | ad44389370e9df9e | 90fd8f4ad742b486 |
| gemm-transposed batch  | a06324eb1ab8f7cd | d8743261f9c7c6aa | e884ae0de34662e1 | 7e117cc92604b335 | 912735c7d7b11936 | 912735c7d7b11936 | 14e7e7d476627d63 | 2b9dc1ad7565f396 | b6cb84063c4f5696 |
# START metrics-classification/base repeat=1/train
# DONE metrics-classification/base repeat=1/train 0.460s
# START metrics-classification/base repeat=1/infer-save-reload
# DONE metrics-classification/base repeat=1/infer-save-reload 0.000s
# START metrics-classification/base repeat=1/batch
# DONE metrics-classification/base repeat=1/batch 0.056s
# START metrics-classification/base repeat=1/batchgrad
# DONE metrics-classification/base repeat=1/batchgrad 0.000s
# START metrics-classification/base repeat=1/batchscale
# DONE metrics-classification/base repeat=1/batchscale 0.000s
# START metrics-classification/base repeat=1/ragged
# DONE metrics-classification/base repeat=1/ragged 0.000s
# START metrics-classification/base repeat=1/stepfull
# DONE metrics-classification/base repeat=1/stepfull 0.000s
# START metrics-classification/base repeat=2/train
# DONE metrics-classification/base repeat=2/train 0.459s
# START metrics-classification/base repeat=2/infer-save-reload
# DONE metrics-classification/base repeat=2/infer-save-reload 0.000s
# START metrics-classification/base repeat=2/batch
# DONE metrics-classification/base repeat=2/batch 0.055s
# START metrics-classification/base repeat=2/batchgrad
# DONE metrics-classification/base repeat=2/batchgrad 0.000s
# START metrics-classification/base repeat=2/batchscale
# DONE metrics-classification/base repeat=2/batchscale 0.000s
# START metrics-classification/base repeat=2/ragged
# DONE metrics-classification/base repeat=2/ragged 0.000s
# START metrics-classification/base repeat=2/stepfull
# DONE metrics-classification/base repeat=2/stepfull 0.000s
# CELL metrics-classification/base STABLE 1.030s
# START metrics-classification/ties repeat=1/train
# DONE metrics-classification/ties repeat=1/train 0.668s
# START metrics-classification/ties repeat=1/infer-save-reload
# DONE metrics-classification/ties repeat=1/infer-save-reload 0.000s
# START metrics-classification/ties repeat=1/batch
# DONE metrics-classification/ties repeat=1/batch 0.080s
# START metrics-classification/ties repeat=1/batchgrad
# DONE metrics-classification/ties repeat=1/batchgrad 0.000s
# START metrics-classification/ties repeat=1/batchscale
# DONE metrics-classification/ties repeat=1/batchscale 0.000s
# START metrics-classification/ties repeat=1/ragged
# DONE metrics-classification/ties repeat=1/ragged 0.000s
# START metrics-classification/ties repeat=1/stepfull
# DONE metrics-classification/ties repeat=1/stepfull 0.000s
# START metrics-classification/ties repeat=2/train
# DONE metrics-classification/ties repeat=2/train 0.670s
# START metrics-classification/ties repeat=2/infer-save-reload
# DONE metrics-classification/ties repeat=2/infer-save-reload 0.000s
# START metrics-classification/ties repeat=2/batch
# DONE metrics-classification/ties repeat=2/batch 0.080s
# START metrics-classification/ties repeat=2/batchgrad
# DONE metrics-classification/ties repeat=2/batchgrad 0.000s
# START metrics-classification/ties repeat=2/batchscale
# DONE metrics-classification/ties repeat=2/batchscale 0.000s
# START metrics-classification/ties repeat=2/ragged
# DONE metrics-classification/ties repeat=2/ragged 0.000s
# START metrics-classification/ties repeat=2/stepfull
# DONE metrics-classification/ties repeat=2/stepfull 0.000s
# CELL metrics-classification/ties STABLE 1.499s
# START metrics-classification/hashed repeat=1/train
# DONE metrics-classification/hashed repeat=1/train 0.462s
# START metrics-classification/hashed repeat=1/infer-save-reload
# DONE metrics-classification/hashed repeat=1/infer-save-reload 0.000s
# START metrics-classification/hashed repeat=1/batch
# DONE metrics-classification/hashed repeat=1/batch 0.056s
# START metrics-classification/hashed repeat=1/batchgrad
# DONE metrics-classification/hashed repeat=1/batchgrad 0.000s
# START metrics-classification/hashed repeat=1/batchscale
# DONE metrics-classification/hashed repeat=1/batchscale 0.000s
# START metrics-classification/hashed repeat=1/ragged
# DONE metrics-classification/hashed repeat=1/ragged 0.000s
# START metrics-classification/hashed repeat=1/stepfull
# DONE metrics-classification/hashed repeat=1/stepfull 0.000s
# START metrics-classification/hashed repeat=2/train
# DONE metrics-classification/hashed repeat=2/train 0.462s
# START metrics-classification/hashed repeat=2/infer-save-reload
# DONE metrics-classification/hashed repeat=2/infer-save-reload 0.000s
# START metrics-classification/hashed repeat=2/batch
# DONE metrics-classification/hashed repeat=2/batch 0.056s
# START metrics-classification/hashed repeat=2/batchgrad
# DONE metrics-classification/hashed repeat=2/batchgrad 0.000s
# START metrics-classification/hashed repeat=2/batchscale
# DONE metrics-classification/hashed repeat=2/batchscale 0.000s
# START metrics-classification/hashed repeat=2/ragged
# DONE metrics-classification/hashed repeat=2/ragged 0.000s
# START metrics-classification/hashed repeat=2/stepfull
# DONE metrics-classification/hashed repeat=2/stepfull 0.000s
# CELL metrics-classification/hashed STABLE 1.037s
# START metrics-classification/wide repeat=1/train
# DONE metrics-classification/wide repeat=1/train 0.444s
# START metrics-classification/wide repeat=1/infer-save-reload
# DONE metrics-classification/wide repeat=1/infer-save-reload 0.000s
# START metrics-classification/wide repeat=1/batch
# DONE metrics-classification/wide repeat=1/batch 0.056s
# START metrics-classification/wide repeat=1/batchgrad
# DONE metrics-classification/wide repeat=1/batchgrad 0.000s
# START metrics-classification/wide repeat=1/batchscale
# DONE metrics-classification/wide repeat=1/batchscale 0.000s
# START metrics-classification/wide repeat=1/ragged
# DONE metrics-classification/wide repeat=1/ragged 0.000s
# START metrics-classification/wide repeat=1/stepfull
# DONE metrics-classification/wide repeat=1/stepfull 0.000s
# START metrics-classification/wide repeat=2/train
# DONE metrics-classification/wide repeat=2/train 0.444s
# START metrics-classification/wide repeat=2/infer-save-reload
# DONE metrics-classification/wide repeat=2/infer-save-reload 0.000s
# START metrics-classification/wide repeat=2/batch
# DONE metrics-classification/wide repeat=2/batch 0.056s
# START metrics-classification/wide repeat=2/batchgrad
# DONE metrics-classification/wide repeat=2/batchgrad 0.000s
# START metrics-classification/wide repeat=2/batchscale
# DONE metrics-classification/wide repeat=2/batchscale 0.000s
# START metrics-classification/wide repeat=2/ragged
# DONE metrics-classification/wide repeat=2/ragged 0.000s
# START metrics-classification/wide repeat=2/stepfull
# DONE metrics-classification/wide repeat=2/stepfull 0.000s
# CELL metrics-classification/wide STABLE 1.001s
# START metrics-classification/denormal repeat=1/train
# DONE metrics-classification/denormal repeat=1/train 0.447s
# START metrics-classification/denormal repeat=1/infer-save-reload
# DONE metrics-classification/denormal repeat=1/infer-save-reload 0.000s
# START metrics-classification/denormal repeat=1/batch
# DONE metrics-classification/denormal repeat=1/batch 0.055s
# START metrics-classification/denormal repeat=1/batchgrad
# DONE metrics-classification/denormal repeat=1/batchgrad 0.000s
# START metrics-classification/denormal repeat=1/batchscale
# DONE metrics-classification/denormal repeat=1/batchscale 0.000s
# START metrics-classification/denormal repeat=1/ragged
# DONE metrics-classification/denormal repeat=1/ragged 0.000s
# START metrics-classification/denormal repeat=1/stepfull
# DONE metrics-classification/denormal repeat=1/stepfull 0.000s
# START metrics-classification/denormal repeat=2/train
# DONE metrics-classification/denormal repeat=2/train 0.449s
# START metrics-classification/denormal repeat=2/infer-save-reload
# DONE metrics-classification/denormal repeat=2/infer-save-reload 0.000s
# START metrics-classification/denormal repeat=2/batch
# DONE metrics-classification/denormal repeat=2/batch 0.055s
# START metrics-classification/denormal repeat=2/batchgrad
# DONE metrics-classification/denormal repeat=2/batchgrad 0.000s
# START metrics-classification/denormal repeat=2/batchscale
# DONE metrics-classification/denormal repeat=2/batchscale 0.000s
# START metrics-classification/denormal repeat=2/ragged
# DONE metrics-classification/denormal repeat=2/ragged 0.000s
# START metrics-classification/denormal repeat=2/stepfull
# DONE metrics-classification/denormal repeat=2/stepfull 0.000s
# CELL metrics-classification/denormal STABLE 1.007s
# START metrics-classification/denormal_ftz repeat=1/train
# DONE metrics-classification/denormal_ftz repeat=1/train 0.450s
# START metrics-classification/denormal_ftz repeat=1/infer-save-reload
# DONE metrics-classification/denormal_ftz repeat=1/infer-save-reload 0.000s
# START metrics-classification/denormal_ftz repeat=1/batch
# DONE metrics-classification/denormal_ftz repeat=1/batch 0.055s
# START metrics-classification/denormal_ftz repeat=1/batchgrad
# DONE metrics-classification/denormal_ftz repeat=1/batchgrad 0.000s
# START metrics-classification/denormal_ftz repeat=1/batchscale
# DONE metrics-classification/denormal_ftz repeat=1/batchscale 0.000s
# START metrics-classification/denormal_ftz repeat=1/ragged
# DONE metrics-classification/denormal_ftz repeat=1/ragged 0.000s
# START metrics-classification/denormal_ftz repeat=1/stepfull
# DONE metrics-classification/denormal_ftz repeat=1/stepfull 0.000s
# START metrics-classification/denormal_ftz repeat=2/train
# DONE metrics-classification/denormal_ftz repeat=2/train 0.445s
# START metrics-classification/denormal_ftz repeat=2/infer-save-reload
# DONE metrics-classification/denormal_ftz repeat=2/infer-save-reload 0.000s
# START metrics-classification/denormal_ftz repeat=2/batch
# DONE metrics-classification/denormal_ftz repeat=2/batch 0.055s
# START metrics-classification/denormal_ftz repeat=2/batchgrad
# DONE metrics-classification/denormal_ftz repeat=2/batchgrad 0.000s
# START metrics-classification/denormal_ftz repeat=2/batchscale
# DONE metrics-classification/denormal_ftz repeat=2/batchscale 0.000s
# START metrics-classification/denormal_ftz repeat=2/ragged
# DONE metrics-classification/denormal_ftz repeat=2/ragged 0.000s
# START metrics-classification/denormal_ftz repeat=2/stepfull
# DONE metrics-classification/denormal_ftz repeat=2/stepfull 0.000s
# CELL metrics-classification/denormal_ftz STABLE 1.006s
# START metrics-classification/dupes repeat=1/train
# DONE metrics-classification/dupes repeat=1/train 0.466s
# START metrics-classification/dupes repeat=1/infer-save-reload
# DONE metrics-classification/dupes repeat=1/infer-save-reload 0.000s
# START metrics-classification/dupes repeat=1/batch
# DONE metrics-classification/dupes repeat=1/batch 0.056s
# START metrics-classification/dupes repeat=1/batchgrad
# DONE metrics-classification/dupes repeat=1/batchgrad 0.000s
# START metrics-classification/dupes repeat=1/batchscale
# DONE metrics-classification/dupes repeat=1/batchscale 0.000s
# START metrics-classification/dupes repeat=1/ragged
# DONE metrics-classification/dupes repeat=1/ragged 0.000s
# START metrics-classification/dupes repeat=1/stepfull
# DONE metrics-classification/dupes repeat=1/stepfull 0.000s
# START metrics-classification/dupes repeat=2/train
# DONE metrics-classification/dupes repeat=2/train 0.462s
# START metrics-classification/dupes repeat=2/infer-save-reload
# DONE metrics-classification/dupes repeat=2/infer-save-reload 0.000s
# START metrics-classification/dupes repeat=2/batch
# DONE metrics-classification/dupes repeat=2/batch 0.055s
# START metrics-classification/dupes repeat=2/batchgrad
# DONE metrics-classification/dupes repeat=2/batchgrad 0.000s
# START metrics-classification/dupes repeat=2/batchscale
# DONE metrics-classification/dupes repeat=2/batchscale 0.000s
# START metrics-classification/dupes repeat=2/ragged
# DONE metrics-classification/dupes repeat=2/ragged 0.000s
# START metrics-classification/dupes repeat=2/stepfull
# DONE metrics-classification/dupes repeat=2/stepfull 0.000s
# CELL metrics-classification/dupes STABLE 1.039s
# START metrics-classification/odd repeat=1/train
# DONE metrics-classification/odd repeat=1/train 0.454s
# START metrics-classification/odd repeat=1/infer-save-reload
# DONE metrics-classification/odd repeat=1/infer-save-reload 0.000s
# START metrics-classification/odd repeat=1/batch
# DONE metrics-classification/odd repeat=1/batch 0.055s
# START metrics-classification/odd repeat=1/batchgrad
# DONE metrics-classification/odd repeat=1/batchgrad 0.000s
# START metrics-classification/odd repeat=1/batchscale
# DONE metrics-classification/odd repeat=1/batchscale 0.000s
# START metrics-classification/odd repeat=1/ragged
# DONE metrics-classification/odd repeat=1/ragged 0.000s
# START metrics-classification/odd repeat=1/stepfull
# DONE metrics-classification/odd repeat=1/stepfull 0.000s
# START metrics-classification/odd repeat=2/train
# DONE metrics-classification/odd repeat=2/train 0.456s
# START metrics-classification/odd repeat=2/infer-save-reload
# DONE metrics-classification/odd repeat=2/infer-save-reload 0.000s
# START metrics-classification/odd repeat=2/batch
# DONE metrics-classification/odd repeat=2/batch 0.055s
# START metrics-classification/odd repeat=2/batchgrad
# DONE metrics-classification/odd repeat=2/batchgrad 0.000s
# START metrics-classification/odd repeat=2/batchscale
# DONE metrics-classification/odd repeat=2/batchscale 0.000s
# START metrics-classification/odd repeat=2/ragged
# DONE metrics-classification/odd repeat=2/ragged 0.000s
# START metrics-classification/odd repeat=2/stepfull
# DONE metrics-classification/odd repeat=2/stepfull 0.000s
# CELL metrics-classification/odd STABLE 1.020s
# START metrics-classification/negative repeat=1/train
/root/mojolearn/tools/identity_break.py:3445: RuntimeWarning: Precision is ill-defined and being set to 0.0 due to zero denominator; use zero_division to control this behavior.
  parts[f"{fn.__name__}:{avg}"] = _h(np.asarray(fn(yt, yp, average=avg), dtype=np.float64))
# DONE metrics-classification/negative repeat=1/train 0.452s
# START metrics-classification/negative repeat=1/infer-save-reload
# DONE metrics-classification/negative repeat=1/infer-save-reload 0.000s
# START metrics-classification/negative repeat=1/batch
# DONE metrics-classification/negative repeat=1/batch 0.055s
# START metrics-classification/negative repeat=1/batchgrad
# DONE metrics-classification/negative repeat=1/batchgrad 0.000s
# START metrics-classification/negative repeat=1/batchscale
# DONE metrics-classification/negative repeat=1/batchscale 0.000s
# START metrics-classification/negative repeat=1/ragged
# DONE metrics-classification/negative repeat=1/ragged 0.000s
# START metrics-classification/negative repeat=1/stepfull
# DONE metrics-classification/negative repeat=1/stepfull 0.000s
# START metrics-classification/negative repeat=2/train
# DONE metrics-classification/negative repeat=2/train 0.461s
# START metrics-classification/negative repeat=2/infer-save-reload
# DONE metrics-classification/negative repeat=2/infer-save-reload 0.000s
# START metrics-classification/negative repeat=2/batch
# DONE metrics-classification/negative repeat=2/batch 0.056s
# START metrics-classification/negative repeat=2/batchgrad
# DONE metrics-classification/negative repeat=2/batchgrad 0.000s
# START metrics-classification/negative repeat=2/batchscale
# DONE metrics-classification/negative repeat=2/batchscale 0.000s
# START metrics-classification/negative repeat=2/ragged
# DONE metrics-classification/negative repeat=2/ragged 0.000s
# START metrics-classification/negative repeat=2/stepfull
# DONE metrics-classification/negative repeat=2/stepfull 0.000s
# CELL metrics-classification/negative STABLE 1.025s
| metrics-classification | cfc3f690a8b5869b | 3757b56df29e9142 | 2394774c754f1f2a | 12cdcf15c29d74f2 | 677972ace9502d25 | 677972ace9502d25 | 53b54fc177085957 | 1fa28775897b6923 | a6a9d8361afa75db |
| metrics-classification batch | 7ad4c2154ecfc2b1 | 59ae3e19c610247a | 1d1071f2c508d40b | 6b5c02ff40efbb18 | 9eff2140c98aabc3 | 9eff2140c98aabc3 | 7ad4c2154ecfc2b1 | 10d07741c1238b7b | a717c35664360555 |
# START bpe-trainer/base repeat=1/train
# DONE bpe-trainer/base repeat=1/train 0.017s
# START bpe-trainer/base repeat=1/infer-save-reload
# DONE bpe-trainer/base repeat=1/infer-save-reload 0.000s
# START bpe-trainer/base repeat=1/batch
# DONE bpe-trainer/base repeat=1/batch 0.000s
# START bpe-trainer/base repeat=1/batchgrad
# DONE bpe-trainer/base repeat=1/batchgrad 0.000s
# START bpe-trainer/base repeat=1/batchscale
# DONE bpe-trainer/base repeat=1/batchscale 0.000s
# START bpe-trainer/base repeat=1/ragged
# DONE bpe-trainer/base repeat=1/ragged 0.000s
# START bpe-trainer/base repeat=1/stepfull
# DONE bpe-trainer/base repeat=1/stepfull 0.000s
# START bpe-trainer/base repeat=2/train
# DONE bpe-trainer/base repeat=2/train 0.016s
# START bpe-trainer/base repeat=2/infer-save-reload
# DONE bpe-trainer/base repeat=2/infer-save-reload 0.000s
# START bpe-trainer/base repeat=2/batch
# DONE bpe-trainer/base repeat=2/batch 0.000s
# START bpe-trainer/base repeat=2/batchgrad
# DONE bpe-trainer/base repeat=2/batchgrad 0.000s
# START bpe-trainer/base repeat=2/batchscale
# DONE bpe-trainer/base repeat=2/batchscale 0.000s
# START bpe-trainer/base repeat=2/ragged
# DONE bpe-trainer/base repeat=2/ragged 0.000s
# START bpe-trainer/base repeat=2/stepfull
# DONE bpe-trainer/base repeat=2/stepfull 0.000s
# CELL bpe-trainer/base STABLE 0.034s
# START bpe-trainer/ties repeat=1/train
# DONE bpe-trainer/ties repeat=1/train 0.006s
# START bpe-trainer/ties repeat=1/infer-save-reload
# DONE bpe-trainer/ties repeat=1/infer-save-reload 0.000s
# START bpe-trainer/ties repeat=1/batch
# DONE bpe-trainer/ties repeat=1/batch 0.000s
# START bpe-trainer/ties repeat=1/batchgrad
# DONE bpe-trainer/ties repeat=1/batchgrad 0.000s
# START bpe-trainer/ties repeat=1/batchscale
# DONE bpe-trainer/ties repeat=1/batchscale 0.000s
# START bpe-trainer/ties repeat=1/ragged
# DONE bpe-trainer/ties repeat=1/ragged 0.000s
# START bpe-trainer/ties repeat=1/stepfull
# DONE bpe-trainer/ties repeat=1/stepfull 0.000s
# START bpe-trainer/ties repeat=2/train
# DONE bpe-trainer/ties repeat=2/train 0.006s
# START bpe-trainer/ties repeat=2/infer-save-reload
# DONE bpe-trainer/ties repeat=2/infer-save-reload 0.000s
# START bpe-trainer/ties repeat=2/batch
# DONE bpe-trainer/ties repeat=2/batch 0.000s
# START bpe-trainer/ties repeat=2/batchgrad
# DONE bpe-trainer/ties repeat=2/batchgrad 0.000s
# START bpe-trainer/ties repeat=2/batchscale
# DONE bpe-trainer/ties repeat=2/batchscale 0.000s
# START bpe-trainer/ties repeat=2/ragged
# DONE bpe-trainer/ties repeat=2/ragged 0.000s
# START bpe-trainer/ties repeat=2/stepfull
# DONE bpe-trainer/ties repeat=2/stepfull 0.000s
# CELL bpe-trainer/ties STABLE 0.013s
# START bpe-trainer/hashed repeat=1/train
# DONE bpe-trainer/hashed repeat=1/train 0.018s
# START bpe-trainer/hashed repeat=1/infer-save-reload
# DONE bpe-trainer/hashed repeat=1/infer-save-reload 0.000s
# START bpe-trainer/hashed repeat=1/batch
# DONE bpe-trainer/hashed repeat=1/batch 0.000s
# START bpe-trainer/hashed repeat=1/batchgrad
# DONE bpe-trainer/hashed repeat=1/batchgrad 0.000s
# START bpe-trainer/hashed repeat=1/batchscale
# DONE bpe-trainer/hashed repeat=1/batchscale 0.000s
# START bpe-trainer/hashed repeat=1/ragged
# DONE bpe-trainer/hashed repeat=1/ragged 0.000s
# START bpe-trainer/hashed repeat=1/stepfull
# DONE bpe-trainer/hashed repeat=1/stepfull 0.000s
# START bpe-trainer/hashed repeat=2/train
# DONE bpe-trainer/hashed repeat=2/train 0.018s
# START bpe-trainer/hashed repeat=2/infer-save-reload
# DONE bpe-trainer/hashed repeat=2/infer-save-reload 0.000s
# START bpe-trainer/hashed repeat=2/batch
# DONE bpe-trainer/hashed repeat=2/batch 0.000s
# START bpe-trainer/hashed repeat=2/batchgrad
# DONE bpe-trainer/hashed repeat=2/batchgrad 0.000s
# START bpe-trainer/hashed repeat=2/batchscale
# DONE bpe-trainer/hashed repeat=2/batchscale 0.000s
# START bpe-trainer/hashed repeat=2/ragged
# DONE bpe-trainer/hashed repeat=2/ragged 0.000s
# START bpe-trainer/hashed repeat=2/stepfull
# DONE bpe-trainer/hashed repeat=2/stepfull 0.000s
# CELL bpe-trainer/hashed STABLE 0.038s
# START bpe-trainer/wide repeat=1/train
# DONE bpe-trainer/wide repeat=1/train 0.012s
# START bpe-trainer/wide repeat=1/infer-save-reload
# DONE bpe-trainer/wide repeat=1/infer-save-reload 0.000s
# START bpe-trainer/wide repeat=1/batch
# DONE bpe-trainer/wide repeat=1/batch 0.000s
# START bpe-trainer/wide repeat=1/batchgrad
# DONE bpe-trainer/wide repeat=1/batchgrad 0.000s
# START bpe-trainer/wide repeat=1/batchscale
# DONE bpe-trainer/wide repeat=1/batchscale 0.000s
# START bpe-trainer/wide repeat=1/ragged
# DONE bpe-trainer/wide repeat=1/ragged 0.000s
# START bpe-trainer/wide repeat=1/stepfull
# DONE bpe-trainer/wide repeat=1/stepfull 0.000s
# START bpe-trainer/wide repeat=2/train
# DONE bpe-trainer/wide repeat=2/train 0.011s
# START bpe-trainer/wide repeat=2/infer-save-reload
# DONE bpe-trainer/wide repeat=2/infer-save-reload 0.000s
# START bpe-trainer/wide repeat=2/batch
# DONE bpe-trainer/wide repeat=2/batch 0.000s
# START bpe-trainer/wide repeat=2/batchgrad
# DONE bpe-trainer/wide repeat=2/batchgrad 0.000s
# START bpe-trainer/wide repeat=2/batchscale
# DONE bpe-trainer/wide repeat=2/batchscale 0.000s
# START bpe-trainer/wide repeat=2/ragged
# DONE bpe-trainer/wide repeat=2/ragged 0.000s
# START bpe-trainer/wide repeat=2/stepfull
# DONE bpe-trainer/wide repeat=2/stepfull 0.000s
# CELL bpe-trainer/wide STABLE 0.024s
# START bpe-trainer/denormal repeat=1/train
# DONE bpe-trainer/denormal repeat=1/train 0.017s
# START bpe-trainer/denormal repeat=1/infer-save-reload
# DONE bpe-trainer/denormal repeat=1/infer-save-reload 0.000s
# START bpe-trainer/denormal repeat=1/batch
# DONE bpe-trainer/denormal repeat=1/batch 0.000s
# START bpe-trainer/denormal repeat=1/batchgrad
# DONE bpe-trainer/denormal repeat=1/batchgrad 0.000s
# START bpe-trainer/denormal repeat=1/batchscale
# DONE bpe-trainer/denormal repeat=1/batchscale 0.000s
# START bpe-trainer/denormal repeat=1/ragged
# DONE bpe-trainer/denormal repeat=1/ragged 0.000s
# START bpe-trainer/denormal repeat=1/stepfull
# DONE bpe-trainer/denormal repeat=1/stepfull 0.000s
# START bpe-trainer/denormal repeat=2/train
# DONE bpe-trainer/denormal repeat=2/train 0.017s
# START bpe-trainer/denormal repeat=2/infer-save-reload
# DONE bpe-trainer/denormal repeat=2/infer-save-reload 0.000s
# START bpe-trainer/denormal repeat=2/batch
# DONE bpe-trainer/denormal repeat=2/batch 0.000s
# START bpe-trainer/denormal repeat=2/batchgrad
# DONE bpe-trainer/denormal repeat=2/batchgrad 0.000s
# START bpe-trainer/denormal repeat=2/batchscale
# DONE bpe-trainer/denormal repeat=2/batchscale 0.000s
# START bpe-trainer/denormal repeat=2/ragged
# DONE bpe-trainer/denormal repeat=2/ragged 0.000s
# START bpe-trainer/denormal repeat=2/stepfull
# DONE bpe-trainer/denormal repeat=2/stepfull 0.000s
# CELL bpe-trainer/denormal STABLE 0.035s
# START bpe-trainer/denormal_ftz repeat=1/train
# DONE bpe-trainer/denormal_ftz repeat=1/train 0.015s
# START bpe-trainer/denormal_ftz repeat=1/infer-save-reload
# DONE bpe-trainer/denormal_ftz repeat=1/infer-save-reload 0.000s
# START bpe-trainer/denormal_ftz repeat=1/batch
# DONE bpe-trainer/denormal_ftz repeat=1/batch 0.000s
# START bpe-trainer/denormal_ftz repeat=1/batchgrad
# DONE bpe-trainer/denormal_ftz repeat=1/batchgrad 0.000s
# START bpe-trainer/denormal_ftz repeat=1/batchscale
# DONE bpe-trainer/denormal_ftz repeat=1/batchscale 0.000s
# START bpe-trainer/denormal_ftz repeat=1/ragged
# DONE bpe-trainer/denormal_ftz repeat=1/ragged 0.000s
# START bpe-trainer/denormal_ftz repeat=1/stepfull
# DONE bpe-trainer/denormal_ftz repeat=1/stepfull 0.000s
# START bpe-trainer/denormal_ftz repeat=2/train
# DONE bpe-trainer/denormal_ftz repeat=2/train 0.015s
# START bpe-trainer/denormal_ftz repeat=2/infer-save-reload
# DONE bpe-trainer/denormal_ftz repeat=2/infer-save-reload 0.000s
# START bpe-trainer/denormal_ftz repeat=2/batch
# DONE bpe-trainer/denormal_ftz repeat=2/batch 0.000s
# START bpe-trainer/denormal_ftz repeat=2/batchgrad
# DONE bpe-trainer/denormal_ftz repeat=2/batchgrad 0.000s
# START bpe-trainer/denormal_ftz repeat=2/batchscale
# DONE bpe-trainer/denormal_ftz repeat=2/batchscale 0.000s
# START bpe-trainer/denormal_ftz repeat=2/ragged
# DONE bpe-trainer/denormal_ftz repeat=2/ragged 0.000s
# START bpe-trainer/denormal_ftz repeat=2/stepfull
# DONE bpe-trainer/denormal_ftz repeat=2/stepfull 0.000s
# CELL bpe-trainer/denormal_ftz STABLE 0.031s
# START bpe-trainer/dupes repeat=1/train
# DONE bpe-trainer/dupes repeat=1/train 0.015s
# START bpe-trainer/dupes repeat=1/infer-save-reload
# DONE bpe-trainer/dupes repeat=1/infer-save-reload 0.000s
# START bpe-trainer/dupes repeat=1/batch
# DONE bpe-trainer/dupes repeat=1/batch 0.000s
# START bpe-trainer/dupes repeat=1/batchgrad
# DONE bpe-trainer/dupes repeat=1/batchgrad 0.000s
# START bpe-trainer/dupes repeat=1/batchscale
# DONE bpe-trainer/dupes repeat=1/batchscale 0.000s
# START bpe-trainer/dupes repeat=1/ragged
# DONE bpe-trainer/dupes repeat=1/ragged 0.000s
# START bpe-trainer/dupes repeat=1/stepfull
# DONE bpe-trainer/dupes repeat=1/stepfull 0.000s
# START bpe-trainer/dupes repeat=2/train
# DONE bpe-trainer/dupes repeat=2/train 0.014s
# START bpe-trainer/dupes repeat=2/infer-save-reload
# DONE bpe-trainer/dupes repeat=2/infer-save-reload 0.000s
# START bpe-trainer/dupes repeat=2/batch
# DONE bpe-trainer/dupes repeat=2/batch 0.000s
# START bpe-trainer/dupes repeat=2/batchgrad
# DONE bpe-trainer/dupes repeat=2/batchgrad 0.000s
# START bpe-trainer/dupes repeat=2/batchscale
# DONE bpe-trainer/dupes repeat=2/batchscale 0.000s
# START bpe-trainer/dupes repeat=2/ragged
# DONE bpe-trainer/dupes repeat=2/ragged 0.000s
# START bpe-trainer/dupes repeat=2/stepfull
# DONE bpe-trainer/dupes repeat=2/stepfull 0.000s
# CELL bpe-trainer/dupes STABLE 0.030s
# START bpe-trainer/odd repeat=1/train
# DONE bpe-trainer/odd repeat=1/train 0.016s
# START bpe-trainer/odd repeat=1/infer-save-reload
# DONE bpe-trainer/odd repeat=1/infer-save-reload 0.000s
# START bpe-trainer/odd repeat=1/batch
# DONE bpe-trainer/odd repeat=1/batch 0.000s
# START bpe-trainer/odd repeat=1/batchgrad
# DONE bpe-trainer/odd repeat=1/batchgrad 0.000s
# START bpe-trainer/odd repeat=1/batchscale
# DONE bpe-trainer/odd repeat=1/batchscale 0.000s
# START bpe-trainer/odd repeat=1/ragged
# DONE bpe-trainer/odd repeat=1/ragged 0.000s
# START bpe-trainer/odd repeat=1/stepfull
# DONE bpe-trainer/odd repeat=1/stepfull 0.000s
# START bpe-trainer/odd repeat=2/train
# DONE bpe-trainer/odd repeat=2/train 0.016s
# START bpe-trainer/odd repeat=2/infer-save-reload
# DONE bpe-trainer/odd repeat=2/infer-save-reload 0.000s
# START bpe-trainer/odd repeat=2/batch
# DONE bpe-trainer/odd repeat=2/batch 0.000s
# START bpe-trainer/odd repeat=2/batchgrad
# DONE bpe-trainer/odd repeat=2/batchgrad 0.000s
# START bpe-trainer/odd repeat=2/batchscale
# DONE bpe-trainer/odd repeat=2/batchscale 0.000s
# START bpe-trainer/odd repeat=2/ragged
# DONE bpe-trainer/odd repeat=2/ragged 0.000s
# START bpe-trainer/odd repeat=2/stepfull
# DONE bpe-trainer/odd repeat=2/stepfull 0.000s
# CELL bpe-trainer/odd STABLE 0.032s
# START bpe-trainer/negative repeat=1/train
# DONE bpe-trainer/negative repeat=1/train 0.007s
# START bpe-trainer/negative repeat=1/infer-save-reload
# DONE bpe-trainer/negative repeat=1/infer-save-reload 0.000s
# START bpe-trainer/negative repeat=1/batch
# DONE bpe-trainer/negative repeat=1/batch 0.000s
# START bpe-trainer/negative repeat=1/batchgrad
# DONE bpe-trainer/negative repeat=1/batchgrad 0.000s
# START bpe-trainer/negative repeat=1/batchscale
# DONE bpe-trainer/negative repeat=1/batchscale 0.000s
# START bpe-trainer/negative repeat=1/ragged
# DONE bpe-trainer/negative repeat=1/ragged 0.000s
# START bpe-trainer/negative repeat=1/stepfull
# DONE bpe-trainer/negative repeat=1/stepfull 0.000s
# START bpe-trainer/negative repeat=2/train
# DONE bpe-trainer/negative repeat=2/train 0.006s
# START bpe-trainer/negative repeat=2/infer-save-reload
# DONE bpe-trainer/negative repeat=2/infer-save-reload 0.000s
# START bpe-trainer/negative repeat=2/batch
# DONE bpe-trainer/negative repeat=2/batch 0.000s
# START bpe-trainer/negative repeat=2/batchgrad
# DONE bpe-trainer/negative repeat=2/batchgrad 0.000s
# START bpe-trainer/negative repeat=2/batchscale
# DONE bpe-trainer/negative repeat=2/batchscale 0.000s
# START bpe-trainer/negative repeat=2/ragged
# DONE bpe-trainer/negative repeat=2/ragged 0.000s
# START bpe-trainer/negative repeat=2/stepfull
# DONE bpe-trainer/negative repeat=2/stepfull 0.000s
# CELL bpe-trainer/negative STABLE 0.014s
| bpe-trainer            | 6ed8b49585df3d85 | 6e31039662bb21c0 | 228eeeab1e7e2a50 | 08115320ec780dad | 10fc06a0110e6188 | f02e7de54464b781 | 2f1dc3bb473bd2a1 | 6ed8b49585df3d85 | ce5f06bff1bca0ac |
# START kernel-ridge/base repeat=1/train
# DONE kernel-ridge/base repeat=1/train 0.017s
# START kernel-ridge/base repeat=1/infer-save-reload
# DONE kernel-ridge/base repeat=1/infer-save-reload 0.003s
# START kernel-ridge/base repeat=1/batch
# DONE kernel-ridge/base repeat=1/batch 0.004s
# START kernel-ridge/base repeat=1/batchgrad
# DONE kernel-ridge/base repeat=1/batchgrad 0.000s
# START kernel-ridge/base repeat=1/batchscale
# DONE kernel-ridge/base repeat=1/batchscale 0.000s
# START kernel-ridge/base repeat=1/ragged
# DONE kernel-ridge/base repeat=1/ragged 0.000s
# START kernel-ridge/base repeat=1/stepfull
# DONE kernel-ridge/base repeat=1/stepfull 0.000s
# START kernel-ridge/base repeat=2/train
# DONE kernel-ridge/base repeat=2/train 0.016s
# START kernel-ridge/base repeat=2/infer-save-reload
# DONE kernel-ridge/base repeat=2/infer-save-reload 0.003s
# START kernel-ridge/base repeat=2/batch
# DONE kernel-ridge/base repeat=2/batch 0.004s
# START kernel-ridge/base repeat=2/batchgrad
# DONE kernel-ridge/base repeat=2/batchgrad 0.000s
# START kernel-ridge/base repeat=2/batchscale
# DONE kernel-ridge/base repeat=2/batchscale 0.000s
# START kernel-ridge/base repeat=2/ragged
# DONE kernel-ridge/base repeat=2/ragged 0.000s
# START kernel-ridge/base repeat=2/stepfull
# DONE kernel-ridge/base repeat=2/stepfull 0.000s
# CELL kernel-ridge/base STABLE 0.047s
# START kernel-ridge/ties repeat=1/train
# DONE kernel-ridge/ties repeat=1/train 0.019s
# START kernel-ridge/ties repeat=1/infer-save-reload
# DONE kernel-ridge/ties repeat=1/infer-save-reload 0.004s
# START kernel-ridge/ties repeat=1/batch
# DONE kernel-ridge/ties repeat=1/batch 0.005s
# START kernel-ridge/ties repeat=1/batchgrad
# DONE kernel-ridge/ties repeat=1/batchgrad 0.000s
# START kernel-ridge/ties repeat=1/batchscale
# DONE kernel-ridge/ties repeat=1/batchscale 0.000s
# START kernel-ridge/ties repeat=1/ragged
# DONE kernel-ridge/ties repeat=1/ragged 0.000s
# START kernel-ridge/ties repeat=1/stepfull
# DONE kernel-ridge/ties repeat=1/stepfull 0.000s
# START kernel-ridge/ties repeat=2/train
# DONE kernel-ridge/ties repeat=2/train 0.020s
# START kernel-ridge/ties repeat=2/infer-save-reload
# DONE kernel-ridge/ties repeat=2/infer-save-reload 0.004s
# START kernel-ridge/ties repeat=2/batch
# DONE kernel-ridge/ties repeat=2/batch 0.005s
# START kernel-ridge/ties repeat=2/batchgrad
# DONE kernel-ridge/ties repeat=2/batchgrad 0.000s
# START kernel-ridge/ties repeat=2/batchscale
# DONE kernel-ridge/ties repeat=2/batchscale 0.000s
# START kernel-ridge/ties repeat=2/ragged
# DONE kernel-ridge/ties repeat=2/ragged 0.000s
# START kernel-ridge/ties repeat=2/stepfull
# DONE kernel-ridge/ties repeat=2/stepfull 0.000s
# CELL kernel-ridge/ties STABLE 0.058s
# START kernel-ridge/hashed repeat=1/train
# DONE kernel-ridge/hashed repeat=1/train 0.016s
# START kernel-ridge/hashed repeat=1/infer-save-reload
# DONE kernel-ridge/hashed repeat=1/infer-save-reload 0.003s
# START kernel-ridge/hashed repeat=1/batch
# DONE kernel-ridge/hashed repeat=1/batch 0.004s
# START kernel-ridge/hashed repeat=1/batchgrad
# DONE kernel-ridge/hashed repeat=1/batchgrad 0.000s
# START kernel-ridge/hashed repeat=1/batchscale
# DONE kernel-ridge/hashed repeat=1/batchscale 0.000s
# START kernel-ridge/hashed repeat=1/ragged
# DONE kernel-ridge/hashed repeat=1/ragged 0.000s
# START kernel-ridge/hashed repeat=1/stepfull
# DONE kernel-ridge/hashed repeat=1/stepfull 0.000s
# START kernel-ridge/hashed repeat=2/train
# DONE kernel-ridge/hashed repeat=2/train 0.016s
# START kernel-ridge/hashed repeat=2/infer-save-reload
# DONE kernel-ridge/hashed repeat=2/infer-save-reload 0.003s
# START kernel-ridge/hashed repeat=2/batch
# DONE kernel-ridge/hashed repeat=2/batch 0.004s
# START kernel-ridge/hashed repeat=2/batchgrad
# DONE kernel-ridge/hashed repeat=2/batchgrad 0.000s
# START kernel-ridge/hashed repeat=2/batchscale
# DONE kernel-ridge/hashed repeat=2/batchscale 0.000s
# START kernel-ridge/hashed repeat=2/ragged
# DONE kernel-ridge/hashed repeat=2/ragged 0.000s
# START kernel-ridge/hashed repeat=2/stepfull
# DONE kernel-ridge/hashed repeat=2/stepfull 0.000s
# CELL kernel-ridge/hashed STABLE 0.047s
# START kernel-ridge/wide repeat=1/train
# DONE kernel-ridge/wide repeat=1/train 0.016s
# START kernel-ridge/wide repeat=1/infer-save-reload
# DONE kernel-ridge/wide repeat=1/infer-save-reload 0.003s
# START kernel-ridge/wide repeat=1/batch
# DONE kernel-ridge/wide repeat=1/batch 0.004s
# START kernel-ridge/wide repeat=1/batchgrad
# DONE kernel-ridge/wide repeat=1/batchgrad 0.000s
# START kernel-ridge/wide repeat=1/batchscale
# DONE kernel-ridge/wide repeat=1/batchscale 0.000s
# START kernel-ridge/wide repeat=1/ragged
# DONE kernel-ridge/wide repeat=1/ragged 0.000s
# START kernel-ridge/wide repeat=1/stepfull
# DONE kernel-ridge/wide repeat=1/stepfull 0.000s
# START kernel-ridge/wide repeat=2/train
# DONE kernel-ridge/wide repeat=2/train 0.016s
# START kernel-ridge/wide repeat=2/infer-save-reload
# DONE kernel-ridge/wide repeat=2/infer-save-reload 0.003s
# START kernel-ridge/wide repeat=2/batch
# DONE kernel-ridge/wide repeat=2/batch 0.004s
# START kernel-ridge/wide repeat=2/batchgrad
# DONE kernel-ridge/wide repeat=2/batchgrad 0.000s
# START kernel-ridge/wide repeat=2/batchscale
# DONE kernel-ridge/wide repeat=2/batchscale 0.000s
# START kernel-ridge/wide repeat=2/ragged
# DONE kernel-ridge/wide repeat=2/ragged 0.000s
# START kernel-ridge/wide repeat=2/stepfull
# DONE kernel-ridge/wide repeat=2/stepfull 0.000s
# CELL kernel-ridge/wide STABLE 0.047s
# START kernel-ridge/denormal repeat=1/train
# DONE kernel-ridge/denormal repeat=1/train 0.016s
# START kernel-ridge/denormal repeat=1/infer-save-reload
# DONE kernel-ridge/denormal repeat=1/infer-save-reload 0.003s
# START kernel-ridge/denormal repeat=1/batch
# DONE kernel-ridge/denormal repeat=1/batch 0.004s
# START kernel-ridge/denormal repeat=1/batchgrad
# DONE kernel-ridge/denormal repeat=1/batchgrad 0.000s
# START kernel-ridge/denormal repeat=1/batchscale
# DONE kernel-ridge/denormal repeat=1/batchscale 0.000s
# START kernel-ridge/denormal repeat=1/ragged
# DONE kernel-ridge/denormal repeat=1/ragged 0.000s
# START kernel-ridge/denormal repeat=1/stepfull
# DONE kernel-ridge/denormal repeat=1/stepfull 0.000s
# START kernel-ridge/denormal repeat=2/train
# DONE kernel-ridge/denormal repeat=2/train 0.017s
# START kernel-ridge/denormal repeat=2/infer-save-reload
# DONE kernel-ridge/denormal repeat=2/infer-save-reload 0.003s
# START kernel-ridge/denormal repeat=2/batch
# DONE kernel-ridge/denormal repeat=2/batch 0.004s
# START kernel-ridge/denormal repeat=2/batchgrad
# DONE kernel-ridge/denormal repeat=2/batchgrad 0.000s
# START kernel-ridge/denormal repeat=2/batchscale
# DONE kernel-ridge/denormal repeat=2/batchscale 0.000s
# START kernel-ridge/denormal repeat=2/ragged
# DONE kernel-ridge/denormal repeat=2/ragged 0.000s
# START kernel-ridge/denormal repeat=2/stepfull
# DONE kernel-ridge/denormal repeat=2/stepfull 0.000s
# CELL kernel-ridge/denormal STABLE 0.048s
# START kernel-ridge/denormal_ftz repeat=1/train
# DONE kernel-ridge/denormal_ftz repeat=1/train 0.016s
# START kernel-ridge/denormal_ftz repeat=1/infer-save-reload
# DONE kernel-ridge/denormal_ftz repeat=1/infer-save-reload 0.003s
# START kernel-ridge/denormal_ftz repeat=1/batch
# DONE kernel-ridge/denormal_ftz repeat=1/batch 0.004s
# START kernel-ridge/denormal_ftz repeat=1/batchgrad
# DONE kernel-ridge/denormal_ftz repeat=1/batchgrad 0.000s
# START kernel-ridge/denormal_ftz repeat=1/batchscale
# DONE kernel-ridge/denormal_ftz repeat=1/batchscale 0.000s
# START kernel-ridge/denormal_ftz repeat=1/ragged
# DONE kernel-ridge/denormal_ftz repeat=1/ragged 0.000s
# START kernel-ridge/denormal_ftz repeat=1/stepfull
# DONE kernel-ridge/denormal_ftz repeat=1/stepfull 0.000s
# START kernel-ridge/denormal_ftz repeat=2/train
# DONE kernel-ridge/denormal_ftz repeat=2/train 0.016s
# START kernel-ridge/denormal_ftz repeat=2/infer-save-reload
# DONE kernel-ridge/denormal_ftz repeat=2/infer-save-reload 0.003s
# START kernel-ridge/denormal_ftz repeat=2/batch
# DONE kernel-ridge/denormal_ftz repeat=2/batch 0.004s
# START kernel-ridge/denormal_ftz repeat=2/batchgrad
# DONE kernel-ridge/denormal_ftz repeat=2/batchgrad 0.000s
# START kernel-ridge/denormal_ftz repeat=2/batchscale
# DONE kernel-ridge/denormal_ftz repeat=2/batchscale 0.000s
# START kernel-ridge/denormal_ftz repeat=2/ragged
# DONE kernel-ridge/denormal_ftz repeat=2/ragged 0.000s
# START kernel-ridge/denormal_ftz repeat=2/stepfull
# DONE kernel-ridge/denormal_ftz repeat=2/stepfull 0.000s
# CELL kernel-ridge/denormal_ftz STABLE 0.046s
# START kernel-ridge/dupes repeat=1/train
# DONE kernel-ridge/dupes repeat=1/train 0.017s
# START kernel-ridge/dupes repeat=1/infer-save-reload
# DONE kernel-ridge/dupes repeat=1/infer-save-reload 0.003s
# START kernel-ridge/dupes repeat=1/batch
# DONE kernel-ridge/dupes repeat=1/batch 0.004s
# START kernel-ridge/dupes repeat=1/batchgrad
# DONE kernel-ridge/dupes repeat=1/batchgrad 0.000s
# START kernel-ridge/dupes repeat=1/batchscale
# DONE kernel-ridge/dupes repeat=1/batchscale 0.000s
# START kernel-ridge/dupes repeat=1/ragged
# DONE kernel-ridge/dupes repeat=1/ragged 0.000s
# START kernel-ridge/dupes repeat=1/stepfull
# DONE kernel-ridge/dupes repeat=1/stepfull 0.000s
# START kernel-ridge/dupes repeat=2/train
# DONE kernel-ridge/dupes repeat=2/train 0.017s
# START kernel-ridge/dupes repeat=2/infer-save-reload
# DONE kernel-ridge/dupes repeat=2/infer-save-reload 0.003s
# START kernel-ridge/dupes repeat=2/batch
# DONE kernel-ridge/dupes repeat=2/batch 0.004s
# START kernel-ridge/dupes repeat=2/batchgrad
# DONE kernel-ridge/dupes repeat=2/batchgrad 0.000s
# START kernel-ridge/dupes repeat=2/batchscale
# DONE kernel-ridge/dupes repeat=2/batchscale 0.000s
# START kernel-ridge/dupes repeat=2/ragged
# DONE kernel-ridge/dupes repeat=2/ragged 0.000s
# START kernel-ridge/dupes repeat=2/stepfull
# DONE kernel-ridge/dupes repeat=2/stepfull 0.000s
# CELL kernel-ridge/dupes STABLE 0.049s
# START kernel-ridge/odd repeat=1/train
# DONE kernel-ridge/odd repeat=1/train 0.017s
# START kernel-ridge/odd repeat=1/infer-save-reload
# DONE kernel-ridge/odd repeat=1/infer-save-reload 0.003s
# START kernel-ridge/odd repeat=1/batch
# DONE kernel-ridge/odd repeat=1/batch 0.004s
# START kernel-ridge/odd repeat=1/batchgrad
# DONE kernel-ridge/odd repeat=1/batchgrad 0.000s
# START kernel-ridge/odd repeat=1/batchscale
# DONE kernel-ridge/odd repeat=1/batchscale 0.000s
# START kernel-ridge/odd repeat=1/ragged
# DONE kernel-ridge/odd repeat=1/ragged 0.000s
# START kernel-ridge/odd repeat=1/stepfull
# DONE kernel-ridge/odd repeat=1/stepfull 0.000s
# START kernel-ridge/odd repeat=2/train
# DONE kernel-ridge/odd repeat=2/train 0.016s
# START kernel-ridge/odd repeat=2/infer-save-reload
# DONE kernel-ridge/odd repeat=2/infer-save-reload 0.003s
# START kernel-ridge/odd repeat=2/batch
# DONE kernel-ridge/odd repeat=2/batch 0.004s
# START kernel-ridge/odd repeat=2/batchgrad
# DONE kernel-ridge/odd repeat=2/batchgrad 0.000s
# START kernel-ridge/odd repeat=2/batchscale
# DONE kernel-ridge/odd repeat=2/batchscale 0.000s
# START kernel-ridge/odd repeat=2/ragged
# DONE kernel-ridge/odd repeat=2/ragged 0.000s
# START kernel-ridge/odd repeat=2/stepfull
# DONE kernel-ridge/odd repeat=2/stepfull 0.000s
# CELL kernel-ridge/odd STABLE 0.047s
# START kernel-ridge/negative repeat=1/train
# DONE kernel-ridge/negative repeat=1/train 0.017s
# START kernel-ridge/negative repeat=1/infer-save-reload
# DONE kernel-ridge/negative repeat=1/infer-save-reload 0.003s
# START kernel-ridge/negative repeat=1/batch
# DONE kernel-ridge/negative repeat=1/batch 0.004s
# START kernel-ridge/negative repeat=1/batchgrad
# DONE kernel-ridge/negative repeat=1/batchgrad 0.000s
# START kernel-ridge/negative repeat=1/batchscale
# DONE kernel-ridge/negative repeat=1/batchscale 0.000s
# START kernel-ridge/negative repeat=1/ragged
# DONE kernel-ridge/negative repeat=1/ragged 0.000s
# START kernel-ridge/negative repeat=1/stepfull
# DONE kernel-ridge/negative repeat=1/stepfull 0.000s
# START kernel-ridge/negative repeat=2/train
# DONE kernel-ridge/negative repeat=2/train 0.016s
# START kernel-ridge/negative repeat=2/infer-save-reload
# DONE kernel-ridge/negative repeat=2/infer-save-reload 0.003s
# START kernel-ridge/negative repeat=2/batch
# DONE kernel-ridge/negative repeat=2/batch 0.004s
# START kernel-ridge/negative repeat=2/batchgrad
# DONE kernel-ridge/negative repeat=2/batchgrad 0.000s
# START kernel-ridge/negative repeat=2/batchscale
# DONE kernel-ridge/negative repeat=2/batchscale 0.000s
# START kernel-ridge/negative repeat=2/ragged
# DONE kernel-ridge/negative repeat=2/ragged 0.000s
# START kernel-ridge/negative repeat=2/stepfull
# DONE kernel-ridge/negative repeat=2/stepfull 0.000s
# CELL kernel-ridge/negative STABLE 0.048s
| kernel-ridge           | f556d0ce44d56b91 | 519567305d669e74 | 2112f71f7808ebc4 | 8d2e1f7927fc49e3 | 08fc4a04cb059cdc | 08fc4a04cb059cdc | de20961c4a738dd9 | 252bb6c9e80b6930 | 82ac11a5b457b40f |
| kernel-ridge infer     | 6d91b2e922c596c9 | bfeebc3156e1e424 | de94f80876ff02f7 | 1612aec06d73646e | 1d93958dfff6ae9c | 1d93958dfff6ae9c | 5dc3d83ab49d4668 | be1d82e6396343af | e528847c79f1c13e |
| kernel-ridge model     | 962ae4a3e685e49d | 6ca753f956952c93 | e159ba0a743f59ea | 8fd8c5b2b1944db4 | ed24c9b215022886 | 61c4061dca96b435 | 522265d3d744fb75 | dbfe86f6ed7a5b2a | 8afeb116c18be198 |
| kernel-ridge batch     | 013c14ab12301b2a | 6bf1b18d0b6d4ed3 | dca2c9d84591c452 | 26d27f602337ef9d | 84d10ac93d168343 | 84d10ac93d168343 | bb1e11e121d88be0 | e461f2292f79bcd5 | 995874ab8c21b563 |
# START gmm-random-init/base repeat=1/train
# DONE gmm-random-init/base repeat=1/train 0.030s
# START gmm-random-init/base repeat=1/infer-save-reload
# DONE gmm-random-init/base repeat=1/infer-save-reload 0.002s
# START gmm-random-init/base repeat=1/batch
# DONE gmm-random-init/base repeat=1/batch 0.001s
# START gmm-random-init/base repeat=1/batchgrad
# DONE gmm-random-init/base repeat=1/batchgrad 0.000s
# START gmm-random-init/base repeat=1/batchscale
# DONE gmm-random-init/base repeat=1/batchscale 0.000s
# START gmm-random-init/base repeat=1/ragged
# DONE gmm-random-init/base repeat=1/ragged 0.000s
# START gmm-random-init/base repeat=1/stepfull
# DONE gmm-random-init/base repeat=1/stepfull 0.000s
# START gmm-random-init/base repeat=2/train
# DONE gmm-random-init/base repeat=2/train 0.029s
# START gmm-random-init/base repeat=2/infer-save-reload
# DONE gmm-random-init/base repeat=2/infer-save-reload 0.001s
# START gmm-random-init/base repeat=2/batch
# DONE gmm-random-init/base repeat=2/batch 0.001s
# START gmm-random-init/base repeat=2/batchgrad
# DONE gmm-random-init/base repeat=2/batchgrad 0.000s
# START gmm-random-init/base repeat=2/batchscale
# DONE gmm-random-init/base repeat=2/batchscale 0.000s
# START gmm-random-init/base repeat=2/ragged
# DONE gmm-random-init/base repeat=2/ragged 0.000s
# START gmm-random-init/base repeat=2/stepfull
# DONE gmm-random-init/base repeat=2/stepfull 0.000s
# CELL gmm-random-init/base STABLE 0.065s
# START gmm-random-init/ties repeat=1/train
# DONE gmm-random-init/ties repeat=1/train 0.034s
# START gmm-random-init/ties repeat=1/infer-save-reload
# DONE gmm-random-init/ties repeat=1/infer-save-reload 0.002s
# START gmm-random-init/ties repeat=1/batch
# DONE gmm-random-init/ties repeat=1/batch 0.001s
# START gmm-random-init/ties repeat=1/batchgrad
# DONE gmm-random-init/ties repeat=1/batchgrad 0.000s
# START gmm-random-init/ties repeat=1/batchscale
# DONE gmm-random-init/ties repeat=1/batchscale 0.000s
# START gmm-random-init/ties repeat=1/ragged
# DONE gmm-random-init/ties repeat=1/ragged 0.000s
# START gmm-random-init/ties repeat=1/stepfull
# DONE gmm-random-init/ties repeat=1/stepfull 0.000s
# START gmm-random-init/ties repeat=2/train
# DONE gmm-random-init/ties repeat=2/train 0.034s
# START gmm-random-init/ties repeat=2/infer-save-reload
# DONE gmm-random-init/ties repeat=2/infer-save-reload 0.001s
# START gmm-random-init/ties repeat=2/batch
# DONE gmm-random-init/ties repeat=2/batch 0.001s
# START gmm-random-init/ties repeat=2/batchgrad
# DONE gmm-random-init/ties repeat=2/batchgrad 0.000s
# START gmm-random-init/ties repeat=2/batchscale
# DONE gmm-random-init/ties repeat=2/batchscale 0.000s
# START gmm-random-init/ties repeat=2/ragged
# DONE gmm-random-init/ties repeat=2/ragged 0.000s
# START gmm-random-init/ties repeat=2/stepfull
# DONE gmm-random-init/ties repeat=2/stepfull 0.000s
# CELL gmm-random-init/ties STABLE 0.075s
# START gmm-random-init/hashed repeat=1/train
# DONE gmm-random-init/hashed repeat=1/train 0.029s
# START gmm-random-init/hashed repeat=1/infer-save-reload
# DONE gmm-random-init/hashed repeat=1/infer-save-reload 0.001s
# START gmm-random-init/hashed repeat=1/batch
# DONE gmm-random-init/hashed repeat=1/batch 0.001s
# START gmm-random-init/hashed repeat=1/batchgrad
# DONE gmm-random-init/hashed repeat=1/batchgrad 0.000s
# START gmm-random-init/hashed repeat=1/batchscale
# DONE gmm-random-init/hashed repeat=1/batchscale 0.000s
# START gmm-random-init/hashed repeat=1/ragged
# DONE gmm-random-init/hashed repeat=1/ragged 0.000s
# START gmm-random-init/hashed repeat=1/stepfull
# DONE gmm-random-init/hashed repeat=1/stepfull 0.000s
# START gmm-random-init/hashed repeat=2/train
# DONE gmm-random-init/hashed repeat=2/train 0.029s
# START gmm-random-init/hashed repeat=2/infer-save-reload
# DONE gmm-random-init/hashed repeat=2/infer-save-reload 0.001s
# START gmm-random-init/hashed repeat=2/batch
# DONE gmm-random-init/hashed repeat=2/batch 0.001s
# START gmm-random-init/hashed repeat=2/batchgrad
# DONE gmm-random-init/hashed repeat=2/batchgrad 0.000s
# START gmm-random-init/hashed repeat=2/batchscale
# DONE gmm-random-init/hashed repeat=2/batchscale 0.000s
# START gmm-random-init/hashed repeat=2/ragged
# DONE gmm-random-init/hashed repeat=2/ragged 0.000s
# START gmm-random-init/hashed repeat=2/stepfull
# DONE gmm-random-init/hashed repeat=2/stepfull 0.000s
# CELL gmm-random-init/hashed STABLE 0.064s
# START gmm-random-init/wide repeat=1/train
# DONE gmm-random-init/wide repeat=1/train 0.030s
# START gmm-random-init/wide repeat=1/infer-save-reload
# DONE gmm-random-init/wide repeat=1/infer-save-reload 0.001s
# START gmm-random-init/wide repeat=1/batch
# DONE gmm-random-init/wide repeat=1/batch 0.001s
# START gmm-random-init/wide repeat=1/batchgrad
# DONE gmm-random-init/wide repeat=1/batchgrad 0.000s
# START gmm-random-init/wide repeat=1/batchscale
# DONE gmm-random-init/wide repeat=1/batchscale 0.000s
# START gmm-random-init/wide repeat=1/ragged
# DONE gmm-random-init/wide repeat=1/ragged 0.000s
# START gmm-random-init/wide repeat=1/stepfull
# DONE gmm-random-init/wide repeat=1/stepfull 0.000s
# START gmm-random-init/wide repeat=2/train
# DONE gmm-random-init/wide repeat=2/train 0.029s
# START gmm-random-init/wide repeat=2/infer-save-reload
# DONE gmm-random-init/wide repeat=2/infer-save-reload 0.001s
# START gmm-random-init/wide repeat=2/batch
# DONE gmm-random-init/wide repeat=2/batch 0.001s
# START gmm-random-init/wide repeat=2/batchgrad
# DONE gmm-random-init/wide repeat=2/batchgrad 0.000s
# START gmm-random-init/wide repeat=2/batchscale
# DONE gmm-random-init/wide repeat=2/batchscale 0.000s
# START gmm-random-init/wide repeat=2/ragged
# DONE gmm-random-init/wide repeat=2/ragged 0.000s
# START gmm-random-init/wide repeat=2/stepfull
# DONE gmm-random-init/wide repeat=2/stepfull 0.000s
# CELL gmm-random-init/wide STABLE 0.065s
# START gmm-random-init/denormal repeat=1/train
# DONE gmm-random-init/denormal repeat=1/train 0.072s
# START gmm-random-init/denormal repeat=1/infer-save-reload
# DONE gmm-random-init/denormal repeat=1/infer-save-reload 0.001s
# START gmm-random-init/denormal repeat=1/batch
# DONE gmm-random-init/denormal repeat=1/batch 0.001s
# START gmm-random-init/denormal repeat=1/batchgrad
# DONE gmm-random-init/denormal repeat=1/batchgrad 0.000s
# START gmm-random-init/denormal repeat=1/batchscale
# DONE gmm-random-init/denormal repeat=1/batchscale 0.000s
# START gmm-random-init/denormal repeat=1/ragged
# DONE gmm-random-init/denormal repeat=1/ragged 0.000s
# START gmm-random-init/denormal repeat=1/stepfull
# DONE gmm-random-init/denormal repeat=1/stepfull 0.000s
# START gmm-random-init/denormal repeat=2/train
# DONE gmm-random-init/denormal repeat=2/train 0.071s
# START gmm-random-init/denormal repeat=2/infer-save-reload
# DONE gmm-random-init/denormal repeat=2/infer-save-reload 0.001s
# START gmm-random-init/denormal repeat=2/batch
# DONE gmm-random-init/denormal repeat=2/batch 0.001s
# START gmm-random-init/denormal repeat=2/batchgrad
# DONE gmm-random-init/denormal repeat=2/batchgrad 0.000s
# START gmm-random-init/denormal repeat=2/batchscale
# DONE gmm-random-init/denormal repeat=2/batchscale 0.000s
# START gmm-random-init/denormal repeat=2/ragged
# DONE gmm-random-init/denormal repeat=2/ragged 0.000s
# START gmm-random-init/denormal repeat=2/stepfull
# DONE gmm-random-init/denormal repeat=2/stepfull 0.000s
# CELL gmm-random-init/denormal STABLE 0.150s
# START gmm-random-init/denormal_ftz repeat=1/train
# DONE gmm-random-init/denormal_ftz repeat=1/train 0.071s
# START gmm-random-init/denormal_ftz repeat=1/infer-save-reload
# DONE gmm-random-init/denormal_ftz repeat=1/infer-save-reload 0.001s
# START gmm-random-init/denormal_ftz repeat=1/batch
# DONE gmm-random-init/denormal_ftz repeat=1/batch 0.001s
# START gmm-random-init/denormal_ftz repeat=1/batchgrad
# DONE gmm-random-init/denormal_ftz repeat=1/batchgrad 0.000s
# START gmm-random-init/denormal_ftz repeat=1/batchscale
# DONE gmm-random-init/denormal_ftz repeat=1/batchscale 0.000s
# START gmm-random-init/denormal_ftz repeat=1/ragged
# DONE gmm-random-init/denormal_ftz repeat=1/ragged 0.000s
# START gmm-random-init/denormal_ftz repeat=1/stepfull
# DONE gmm-random-init/denormal_ftz repeat=1/stepfull 0.000s
# START gmm-random-init/denormal_ftz repeat=2/train
# DONE gmm-random-init/denormal_ftz repeat=2/train 0.071s
# START gmm-random-init/denormal_ftz repeat=2/infer-save-reload
# DONE gmm-random-init/denormal_ftz repeat=2/infer-save-reload 0.002s
# START gmm-random-init/denormal_ftz repeat=2/batch
# DONE gmm-random-init/denormal_ftz repeat=2/batch 0.001s
# START gmm-random-init/denormal_ftz repeat=2/batchgrad
# DONE gmm-random-init/denormal_ftz repeat=2/batchgrad 0.000s
# START gmm-random-init/denormal_ftz repeat=2/batchscale
# DONE gmm-random-init/denormal_ftz repeat=2/batchscale 0.000s
# START gmm-random-init/denormal_ftz repeat=2/ragged
# DONE gmm-random-init/denormal_ftz repeat=2/ragged 0.000s
# START gmm-random-init/denormal_ftz repeat=2/stepfull
# DONE gmm-random-init/denormal_ftz repeat=2/stepfull 0.000s
# CELL gmm-random-init/denormal_ftz STABLE 0.149s
# START gmm-random-init/dupes repeat=1/train
# DONE gmm-random-init/dupes repeat=1/train 0.029s
# START gmm-random-init/dupes repeat=1/infer-save-reload
# DONE gmm-random-init/dupes repeat=1/infer-save-reload 0.001s
# START gmm-random-init/dupes repeat=1/batch
# DONE gmm-random-init/dupes repeat=1/batch 0.001s
# START gmm-random-init/dupes repeat=1/batchgrad
# DONE gmm-random-init/dupes repeat=1/batchgrad 0.000s
# START gmm-random-init/dupes repeat=1/batchscale
# DONE gmm-random-init/dupes repeat=1/batchscale 0.000s
# START gmm-random-init/dupes repeat=1/ragged
# DONE gmm-random-init/dupes repeat=1/ragged 0.000s
# START gmm-random-init/dupes repeat=1/stepfull
# DONE gmm-random-init/dupes repeat=1/stepfull 0.000s
# START gmm-random-init/dupes repeat=2/train
# DONE gmm-random-init/dupes repeat=2/train 0.029s
# START gmm-random-init/dupes repeat=2/infer-save-reload
# DONE gmm-random-init/dupes repeat=2/infer-save-reload 0.001s
# START gmm-random-init/dupes repeat=2/batch
# DONE gmm-random-init/dupes repeat=2/batch 0.001s
# START gmm-random-init/dupes repeat=2/batchgrad
# DONE gmm-random-init/dupes repeat=2/batchgrad 0.000s
# START gmm-random-init/dupes repeat=2/batchscale
# DONE gmm-random-init/dupes repeat=2/batchscale 0.000s
# START gmm-random-init/dupes repeat=2/ragged
# DONE gmm-random-init/dupes repeat=2/ragged 0.000s
# START gmm-random-init/dupes repeat=2/stepfull
# DONE gmm-random-init/dupes repeat=2/stepfull 0.000s
# CELL gmm-random-init/dupes STABLE 0.065s
# START gmm-random-init/odd repeat=1/train
# DONE gmm-random-init/odd repeat=1/train 0.030s
# START gmm-random-init/odd repeat=1/infer-save-reload
# DONE gmm-random-init/odd repeat=1/infer-save-reload 0.002s
# START gmm-random-init/odd repeat=1/batch
# DONE gmm-random-init/odd repeat=1/batch 0.001s
# START gmm-random-init/odd repeat=1/batchgrad
# DONE gmm-random-init/odd repeat=1/batchgrad 0.000s
# START gmm-random-init/odd repeat=1/batchscale
# DONE gmm-random-init/odd repeat=1/batchscale 0.000s
# START gmm-random-init/odd repeat=1/ragged
# DONE gmm-random-init/odd repeat=1/ragged 0.000s
# START gmm-random-init/odd repeat=1/stepfull
# DONE gmm-random-init/odd repeat=1/stepfull 0.000s
# START gmm-random-init/odd repeat=2/train
# DONE gmm-random-init/odd repeat=2/train 0.029s
# START gmm-random-init/odd repeat=2/infer-save-reload
# DONE gmm-random-init/odd repeat=2/infer-save-reload 0.001s
# START gmm-random-init/odd repeat=2/batch
# DONE gmm-random-init/odd repeat=2/batch 0.001s
# START gmm-random-init/odd repeat=2/batchgrad
# DONE gmm-random-init/odd repeat=2/batchgrad 0.000s
# START gmm-random-init/odd repeat=2/batchscale
# DONE gmm-random-init/odd repeat=2/batchscale 0.000s
# START gmm-random-init/odd repeat=2/ragged
# DONE gmm-random-init/odd repeat=2/ragged 0.000s
# START gmm-random-init/odd repeat=2/stepfull
# DONE gmm-random-init/odd repeat=2/stepfull 0.000s
# CELL gmm-random-init/odd STABLE 0.065s
# START gmm-random-init/negative repeat=1/train
# DONE gmm-random-init/negative repeat=1/train 0.029s
# START gmm-random-init/negative repeat=1/infer-save-reload
# DONE gmm-random-init/negative repeat=1/infer-save-reload 0.001s
# START gmm-random-init/negative repeat=1/batch
# DONE gmm-random-init/negative repeat=1/batch 0.001s
# START gmm-random-init/negative repeat=1/batchgrad
# DONE gmm-random-init/negative repeat=1/batchgrad 0.000s
# START gmm-random-init/negative repeat=1/batchscale
# DONE gmm-random-init/negative repeat=1/batchscale 0.000s
# START gmm-random-init/negative repeat=1/ragged
# DONE gmm-random-init/negative repeat=1/ragged 0.000s
# START gmm-random-init/negative repeat=1/stepfull
# DONE gmm-random-init/negative repeat=1/stepfull 0.000s
# START gmm-random-init/negative repeat=2/train
# DONE gmm-random-init/negative repeat=2/train 0.029s
# START gmm-random-init/negative repeat=2/infer-save-reload
# DONE gmm-random-init/negative repeat=2/infer-save-reload 0.002s
# START gmm-random-init/negative repeat=2/batch
# DONE gmm-random-init/negative repeat=2/batch 0.001s
# START gmm-random-init/negative repeat=2/batchgrad
# DONE gmm-random-init/negative repeat=2/batchgrad 0.000s
# START gmm-random-init/negative repeat=2/batchscale
# DONE gmm-random-init/negative repeat=2/batchscale 0.000s
# START gmm-random-init/negative repeat=2/ragged
# DONE gmm-random-init/negative repeat=2/ragged 0.000s
# START gmm-random-init/negative repeat=2/stepfull
# DONE gmm-random-init/negative repeat=2/stepfull 0.000s
# CELL gmm-random-init/negative STABLE 0.066s
| gmm-random-init        | fc8ac51adc1813b2 | 01978ea4fe0c8e33 | 001e55e29fe4ed0a | c98fa8d16772495f | 6675c8b44ac323d1 | 6675c8b44ac323d1 | fc8ac51adc1813b2 | b678139187174269 | 6ece5078a619e34c |
| gmm-random-init infer  | 87226624dfab0f10 | 5c4f620623f43daf | fd048cfcf886325e | e1b61a11666f5959 | c9bd6b5bcb2c805a | c9bd6b5bcb2c805a | 87226624dfab0f10 | 057c020ccbbda789 | 880fe711ae976fb0 |
| gmm-random-init model  | de637910417c0f6a | 4bf7497302af00ff | 29f02d6785e39944 | 3d9bbe884dc72d8c | 7215e09b22afc315 | 7215e09b22afc315 | de637910417c0f6a | a0ac5c07569f6749 | ac301e8ebc5eac1d |
| gmm-random-init batch  | 15233a5b0b86b9b2 | 6f7b606277388c47 | af8df7d628a4f79e | 03237521921fc9f5 | 81f3e8a1665f0f1e | 81f3e8a1665f0f1e | 15233a5b0b86b9b2 | f20bd8076248b527 | 39ce4e2640511ac8 |
# START permutation-test/base repeat=1/train
# DONE permutation-test/base repeat=1/train 0.889s
# START permutation-test/base repeat=1/infer-save-reload
# DONE permutation-test/base repeat=1/infer-save-reload 0.000s
# START permutation-test/base repeat=1/batch
# DONE permutation-test/base repeat=1/batch 0.024s
# START permutation-test/base repeat=1/batchgrad
# DONE permutation-test/base repeat=1/batchgrad 0.000s
# START permutation-test/base repeat=1/batchscale
# DONE permutation-test/base repeat=1/batchscale 0.000s
# START permutation-test/base repeat=1/ragged
# DONE permutation-test/base repeat=1/ragged 0.000s
# START permutation-test/base repeat=1/stepfull
# DONE permutation-test/base repeat=1/stepfull 0.000s
# START permutation-test/base repeat=2/train
# DONE permutation-test/base repeat=2/train 0.894s
# START permutation-test/base repeat=2/infer-save-reload
# DONE permutation-test/base repeat=2/infer-save-reload 0.000s
# START permutation-test/base repeat=2/batch
# DONE permutation-test/base repeat=2/batch 0.024s
# START permutation-test/base repeat=2/batchgrad
# DONE permutation-test/base repeat=2/batchgrad 0.000s
# START permutation-test/base repeat=2/batchscale
# DONE permutation-test/base repeat=2/batchscale 0.000s
# START permutation-test/base repeat=2/ragged
# DONE permutation-test/base repeat=2/ragged 0.000s
# START permutation-test/base repeat=2/stepfull
# DONE permutation-test/base repeat=2/stepfull 0.000s
# CELL permutation-test/base STABLE 1.832s
# START permutation-test/ties repeat=1/train
# DONE permutation-test/ties repeat=1/train 0.895s
# START permutation-test/ties repeat=1/infer-save-reload
# DONE permutation-test/ties repeat=1/infer-save-reload 0.000s
# START permutation-test/ties repeat=1/batch
# DONE permutation-test/ties repeat=1/batch 0.024s
# START permutation-test/ties repeat=1/batchgrad
# DONE permutation-test/ties repeat=1/batchgrad 0.000s
# START permutation-test/ties repeat=1/batchscale
# DONE permutation-test/ties repeat=1/batchscale 0.000s
# START permutation-test/ties repeat=1/ragged
# DONE permutation-test/ties repeat=1/ragged 0.000s
# START permutation-test/ties repeat=1/stepfull
# DONE permutation-test/ties repeat=1/stepfull 0.000s
# START permutation-test/ties repeat=2/train
# DONE permutation-test/ties repeat=2/train 0.897s
# START permutation-test/ties repeat=2/infer-save-reload
# DONE permutation-test/ties repeat=2/infer-save-reload 0.000s
# START permutation-test/ties repeat=2/batch
# DONE permutation-test/ties repeat=2/batch 0.024s
# START permutation-test/ties repeat=2/batchgrad
# DONE permutation-test/ties repeat=2/batchgrad 0.000s
# START permutation-test/ties repeat=2/batchscale
# DONE permutation-test/ties repeat=2/batchscale 0.000s
# START permutation-test/ties repeat=2/ragged
# DONE permutation-test/ties repeat=2/ragged 0.000s
# START permutation-test/ties repeat=2/stepfull
# DONE permutation-test/ties repeat=2/stepfull 0.000s
# CELL permutation-test/ties STABLE 1.841s
# START permutation-test/hashed repeat=1/train
# DONE permutation-test/hashed repeat=1/train 0.883s
# START permutation-test/hashed repeat=1/infer-save-reload
# DONE permutation-test/hashed repeat=1/infer-save-reload 0.000s
# START permutation-test/hashed repeat=1/batch
# DONE permutation-test/hashed repeat=1/batch 0.024s
# START permutation-test/hashed repeat=1/batchgrad
# DONE permutation-test/hashed repeat=1/batchgrad 0.000s
# START permutation-test/hashed repeat=1/batchscale
# DONE permutation-test/hashed repeat=1/batchscale 0.000s
# START permutation-test/hashed repeat=1/ragged
# DONE permutation-test/hashed repeat=1/ragged 0.000s
# START permutation-test/hashed repeat=1/stepfull
# DONE permutation-test/hashed repeat=1/stepfull 0.000s
# START permutation-test/hashed repeat=2/train
# DONE permutation-test/hashed repeat=2/train 0.884s
# START permutation-test/hashed repeat=2/infer-save-reload
# DONE permutation-test/hashed repeat=2/infer-save-reload 0.000s
# START permutation-test/hashed repeat=2/batch
# DONE permutation-test/hashed repeat=2/batch 0.024s
# START permutation-test/hashed repeat=2/batchgrad
# DONE permutation-test/hashed repeat=2/batchgrad 0.000s
# START permutation-test/hashed repeat=2/batchscale
# DONE permutation-test/hashed repeat=2/batchscale 0.000s
# START permutation-test/hashed repeat=2/ragged
# DONE permutation-test/hashed repeat=2/ragged 0.000s
# START permutation-test/hashed repeat=2/stepfull
# DONE permutation-test/hashed repeat=2/stepfull 0.000s
# CELL permutation-test/hashed STABLE 1.815s
# START permutation-test/wide repeat=1/train
# DONE permutation-test/wide repeat=1/train 0.885s
# START permutation-test/wide repeat=1/infer-save-reload
# DONE permutation-test/wide repeat=1/infer-save-reload 0.000s
# START permutation-test/wide repeat=1/batch
# DONE permutation-test/wide repeat=1/batch 0.024s
# START permutation-test/wide repeat=1/batchgrad
# DONE permutation-test/wide repeat=1/batchgrad 0.000s
# START permutation-test/wide repeat=1/batchscale
# DONE permutation-test/wide repeat=1/batchscale 0.000s
# START permutation-test/wide repeat=1/ragged
# DONE permutation-test/wide repeat=1/ragged 0.000s
# START permutation-test/wide repeat=1/stepfull
# DONE permutation-test/wide repeat=1/stepfull 0.000s
# START permutation-test/wide repeat=2/train
# DONE permutation-test/wide repeat=2/train 0.887s
# START permutation-test/wide repeat=2/infer-save-reload
# DONE permutation-test/wide repeat=2/infer-save-reload 0.000s
# START permutation-test/wide repeat=2/batch
# DONE permutation-test/wide repeat=2/batch 0.024s
# START permutation-test/wide repeat=2/batchgrad
# DONE permutation-test/wide repeat=2/batchgrad 0.000s
# START permutation-test/wide repeat=2/batchscale
# DONE permutation-test/wide repeat=2/batchscale 0.000s
# START permutation-test/wide repeat=2/ragged
# DONE permutation-test/wide repeat=2/ragged 0.000s
# START permutation-test/wide repeat=2/stepfull
# DONE permutation-test/wide repeat=2/stepfull 0.000s
# CELL permutation-test/wide STABLE 1.820s
# START permutation-test/denormal repeat=1/train
# DONE permutation-test/denormal repeat=1/train 0.883s
# START permutation-test/denormal repeat=1/infer-save-reload
# DONE permutation-test/denormal repeat=1/infer-save-reload 0.000s
# START permutation-test/denormal repeat=1/batch
# DONE permutation-test/denormal repeat=1/batch 0.024s
# START permutation-test/denormal repeat=1/batchgrad
# DONE permutation-test/denormal repeat=1/batchgrad 0.000s
# START permutation-test/denormal repeat=1/batchscale
# DONE permutation-test/denormal repeat=1/batchscale 0.000s
# START permutation-test/denormal repeat=1/ragged
# DONE permutation-test/denormal repeat=1/ragged 0.000s
# START permutation-test/denormal repeat=1/stepfull
# DONE permutation-test/denormal repeat=1/stepfull 0.000s
# START permutation-test/denormal repeat=2/train
# DONE permutation-test/denormal repeat=2/train 0.885s
# START permutation-test/denormal repeat=2/infer-save-reload
# DONE permutation-test/denormal repeat=2/infer-save-reload 0.000s
# START permutation-test/denormal repeat=2/batch
# DONE permutation-test/denormal repeat=2/batch 0.024s
# START permutation-test/denormal repeat=2/batchgrad
# DONE permutation-test/denormal repeat=2/batchgrad 0.000s
# START permutation-test/denormal repeat=2/batchscale
# DONE permutation-test/denormal repeat=2/batchscale 0.000s
# START permutation-test/denormal repeat=2/ragged
# DONE permutation-test/denormal repeat=2/ragged 0.000s
# START permutation-test/denormal repeat=2/stepfull
# DONE permutation-test/denormal repeat=2/stepfull 0.000s
# CELL permutation-test/denormal STABLE 1.817s
# START permutation-test/denormal_ftz repeat=1/train
# DONE permutation-test/denormal_ftz repeat=1/train 0.885s
# START permutation-test/denormal_ftz repeat=1/infer-save-reload
# DONE permutation-test/denormal_ftz repeat=1/infer-save-reload 0.000s
# START permutation-test/denormal_ftz repeat=1/batch
# DONE permutation-test/denormal_ftz repeat=1/batch 0.024s
# START permutation-test/denormal_ftz repeat=1/batchgrad
# DONE permutation-test/denormal_ftz repeat=1/batchgrad 0.000s
# START permutation-test/denormal_ftz repeat=1/batchscale
# DONE permutation-test/denormal_ftz repeat=1/batchscale 0.000s
# START permutation-test/denormal_ftz repeat=1/ragged
# DONE permutation-test/denormal_ftz repeat=1/ragged 0.000s
# START permutation-test/denormal_ftz repeat=1/stepfull
# DONE permutation-test/denormal_ftz repeat=1/stepfull 0.000s
# START permutation-test/denormal_ftz repeat=2/train
# DONE permutation-test/denormal_ftz repeat=2/train 0.884s
# START permutation-test/denormal_ftz repeat=2/infer-save-reload
# DONE permutation-test/denormal_ftz repeat=2/infer-save-reload 0.000s
# START permutation-test/denormal_ftz repeat=2/batch
# DONE permutation-test/denormal_ftz repeat=2/batch 0.024s
# START permutation-test/denormal_ftz repeat=2/batchgrad
# DONE permutation-test/denormal_ftz repeat=2/batchgrad 0.000s
# START permutation-test/denormal_ftz repeat=2/batchscale
# DONE permutation-test/denormal_ftz repeat=2/batchscale 0.000s
# START permutation-test/denormal_ftz repeat=2/ragged
# DONE permutation-test/denormal_ftz repeat=2/ragged 0.000s
# START permutation-test/denormal_ftz repeat=2/stepfull
# DONE permutation-test/denormal_ftz repeat=2/stepfull 0.000s
# CELL permutation-test/denormal_ftz STABLE 1.817s
# START permutation-test/dupes repeat=1/train
# DONE permutation-test/dupes repeat=1/train 0.884s
# START permutation-test/dupes repeat=1/infer-save-reload
# DONE permutation-test/dupes repeat=1/infer-save-reload 0.000s
# START permutation-test/dupes repeat=1/batch
# DONE permutation-test/dupes repeat=1/batch 0.024s
# START permutation-test/dupes repeat=1/batchgrad
# DONE permutation-test/dupes repeat=1/batchgrad 0.000s
# START permutation-test/dupes repeat=1/batchscale
# DONE permutation-test/dupes repeat=1/batchscale 0.000s
# START permutation-test/dupes repeat=1/ragged
# DONE permutation-test/dupes repeat=1/ragged 0.000s
# START permutation-test/dupes repeat=1/stepfull
# DONE permutation-test/dupes repeat=1/stepfull 0.000s
# START permutation-test/dupes repeat=2/train
# DONE permutation-test/dupes repeat=2/train 0.886s
# START permutation-test/dupes repeat=2/infer-save-reload
# DONE permutation-test/dupes repeat=2/infer-save-reload 0.000s
# START permutation-test/dupes repeat=2/batch
# DONE permutation-test/dupes repeat=2/batch 0.024s
# START permutation-test/dupes repeat=2/batchgrad
# DONE permutation-test/dupes repeat=2/batchgrad 0.000s
# START permutation-test/dupes repeat=2/batchscale
# DONE permutation-test/dupes repeat=2/batchscale 0.000s
# START permutation-test/dupes repeat=2/ragged
# DONE permutation-test/dupes repeat=2/ragged 0.000s
# START permutation-test/dupes repeat=2/stepfull
# DONE permutation-test/dupes repeat=2/stepfull 0.000s
# CELL permutation-test/dupes STABLE 1.818s
# START permutation-test/odd repeat=1/train
# DONE permutation-test/odd repeat=1/train 0.886s
# START permutation-test/odd repeat=1/infer-save-reload
# DONE permutation-test/odd repeat=1/infer-save-reload 0.000s
# START permutation-test/odd repeat=1/batch
# DONE permutation-test/odd repeat=1/batch 0.024s
# START permutation-test/odd repeat=1/batchgrad
# DONE permutation-test/odd repeat=1/batchgrad 0.000s
# START permutation-test/odd repeat=1/batchscale
# DONE permutation-test/odd repeat=1/batchscale 0.000s
# START permutation-test/odd repeat=1/ragged
# DONE permutation-test/odd repeat=1/ragged 0.000s
# START permutation-test/odd repeat=1/stepfull
# DONE permutation-test/odd repeat=1/stepfull 0.000s
# START permutation-test/odd repeat=2/train
# DONE permutation-test/odd repeat=2/train 0.886s
# START permutation-test/odd repeat=2/infer-save-reload
# DONE permutation-test/odd repeat=2/infer-save-reload 0.000s
# START permutation-test/odd repeat=2/batch
# DONE permutation-test/odd repeat=2/batch 0.024s
# START permutation-test/odd repeat=2/batchgrad
# DONE permutation-test/odd repeat=2/batchgrad 0.000s
# START permutation-test/odd repeat=2/batchscale
# DONE permutation-test/odd repeat=2/batchscale 0.000s
# START permutation-test/odd repeat=2/ragged
# DONE permutation-test/odd repeat=2/ragged 0.000s
# START permutation-test/odd repeat=2/stepfull
# DONE permutation-test/odd repeat=2/stepfull 0.000s
# CELL permutation-test/odd STABLE 1.819s
# START permutation-test/negative repeat=1/train
# DONE permutation-test/negative repeat=1/train 0.886s
# START permutation-test/negative repeat=1/infer-save-reload
# DONE permutation-test/negative repeat=1/infer-save-reload 0.000s
# START permutation-test/negative repeat=1/batch
# DONE permutation-test/negative repeat=1/batch 0.024s
# START permutation-test/negative repeat=1/batchgrad
# DONE permutation-test/negative repeat=1/batchgrad 0.000s
# START permutation-test/negative repeat=1/batchscale
# DONE permutation-test/negative repeat=1/batchscale 0.000s
# START permutation-test/negative repeat=1/ragged
# DONE permutation-test/negative repeat=1/ragged 0.000s
# START permutation-test/negative repeat=1/stepfull
# DONE permutation-test/negative repeat=1/stepfull 0.000s
# START permutation-test/negative repeat=2/train
# DONE permutation-test/negative repeat=2/train 0.887s
# START permutation-test/negative repeat=2/infer-save-reload
# DONE permutation-test/negative repeat=2/infer-save-reload 0.000s
# START permutation-test/negative repeat=2/batch
# DONE permutation-test/negative repeat=2/batch 0.024s
# START permutation-test/negative repeat=2/batchgrad
# DONE permutation-test/negative repeat=2/batchgrad 0.000s
# START permutation-test/negative repeat=2/batchscale
# DONE permutation-test/negative repeat=2/batchscale 0.000s
# START permutation-test/negative repeat=2/ragged
# DONE permutation-test/negative repeat=2/ragged 0.000s
# START permutation-test/negative repeat=2/stepfull
# DONE permutation-test/negative repeat=2/stepfull 0.000s
# CELL permutation-test/negative STABLE 1.822s
| permutation-test       | 408ab7719820a671 | 82777b8257df6db9 | 8284bf64c2fa7c20 | 0a0cc802ced8598e | 0de28bbd113dc304 | 0de28bbd113dc304 | 6da89345115f2379 | 0a0a9b553bbf2e4e | 8cf696e8358b5ff8 |
| permutation-test batch | b7e7c03b9f400ef8 | bec37fa614e5f274 | cd623b1ce96fc4ec | 2dc337164e9b0230 | 46e390cfaa7dbeea | 46e390cfaa7dbeea | eb4789141a883b8e | 8e7ef2954a524c26 | 3a8d2aee0fe8cab1 |
# START ivf-euclidean/base repeat=1/train
# DONE ivf-euclidean/base repeat=1/train 0.194s
# START ivf-euclidean/base repeat=1/infer-save-reload
# DONE ivf-euclidean/base repeat=1/infer-save-reload 0.019s
# START ivf-euclidean/base repeat=1/batch
# DONE ivf-euclidean/base repeat=1/batch 0.052s
# START ivf-euclidean/base repeat=1/batchgrad
# DONE ivf-euclidean/base repeat=1/batchgrad 0.000s
# START ivf-euclidean/base repeat=1/batchscale
# DONE ivf-euclidean/base repeat=1/batchscale 0.000s
# START ivf-euclidean/base repeat=1/ragged
# DONE ivf-euclidean/base repeat=1/ragged 0.000s
# START ivf-euclidean/base repeat=1/stepfull
# DONE ivf-euclidean/base repeat=1/stepfull 0.000s
# START ivf-euclidean/base repeat=2/train
# DONE ivf-euclidean/base repeat=2/train 0.197s
# START ivf-euclidean/base repeat=2/infer-save-reload
# DONE ivf-euclidean/base repeat=2/infer-save-reload 0.019s
# START ivf-euclidean/base repeat=2/batch
# DONE ivf-euclidean/base repeat=2/batch 0.052s
# START ivf-euclidean/base repeat=2/batchgrad
# DONE ivf-euclidean/base repeat=2/batchgrad 0.000s
# START ivf-euclidean/base repeat=2/batchscale
# DONE ivf-euclidean/base repeat=2/batchscale 0.000s
# START ivf-euclidean/base repeat=2/ragged
# DONE ivf-euclidean/base repeat=2/ragged 0.000s
# START ivf-euclidean/base repeat=2/stepfull
# DONE ivf-euclidean/base repeat=2/stepfull 0.000s
# CELL ivf-euclidean/base STABLE 0.534s
# START ivf-euclidean/ties repeat=1/train
# DONE ivf-euclidean/ties repeat=1/train 0.834s
# START ivf-euclidean/ties repeat=1/infer-save-reload
# DONE ivf-euclidean/ties repeat=1/infer-save-reload 0.033s
# START ivf-euclidean/ties repeat=1/batch
# DONE ivf-euclidean/ties repeat=1/batch 0.074s
# START ivf-euclidean/ties repeat=1/batchgrad
# DONE ivf-euclidean/ties repeat=1/batchgrad 0.000s
# START ivf-euclidean/ties repeat=1/batchscale
# DONE ivf-euclidean/ties repeat=1/batchscale 0.000s
# START ivf-euclidean/ties repeat=1/ragged
# DONE ivf-euclidean/ties repeat=1/ragged 0.000s
# START ivf-euclidean/ties repeat=1/stepfull
# DONE ivf-euclidean/ties repeat=1/stepfull 0.000s
# START ivf-euclidean/ties repeat=2/train
# DONE ivf-euclidean/ties repeat=2/train 0.832s
# START ivf-euclidean/ties repeat=2/infer-save-reload
# DONE ivf-euclidean/ties repeat=2/infer-save-reload 0.034s
# START ivf-euclidean/ties repeat=2/batch
# DONE ivf-euclidean/ties repeat=2/batch 0.073s
# START ivf-euclidean/ties repeat=2/batchgrad
# DONE ivf-euclidean/ties repeat=2/batchgrad 0.000s
# START ivf-euclidean/ties repeat=2/batchscale
# DONE ivf-euclidean/ties repeat=2/batchscale 0.000s
# START ivf-euclidean/ties repeat=2/ragged
# DONE ivf-euclidean/ties repeat=2/ragged 0.000s
# START ivf-euclidean/ties repeat=2/stepfull
# DONE ivf-euclidean/ties repeat=2/stepfull 0.000s
# CELL ivf-euclidean/ties STABLE 1.880s
# START ivf-euclidean/hashed repeat=1/train
# DONE ivf-euclidean/hashed repeat=1/train 0.199s
# START ivf-euclidean/hashed repeat=1/infer-save-reload
# DONE ivf-euclidean/hashed repeat=1/infer-save-reload 0.019s
# START ivf-euclidean/hashed repeat=1/batch
# DONE ivf-euclidean/hashed repeat=1/batch 0.052s
# START ivf-euclidean/hashed repeat=1/batchgrad
# DONE ivf-euclidean/hashed repeat=1/batchgrad 0.000s
# START ivf-euclidean/hashed repeat=1/batchscale
# DONE ivf-euclidean/hashed repeat=1/batchscale 0.000s
# START ivf-euclidean/hashed repeat=1/ragged
# DONE ivf-euclidean/hashed repeat=1/ragged 0.000s
# START ivf-euclidean/hashed repeat=1/stepfull
# DONE ivf-euclidean/hashed repeat=1/stepfull 0.000s
# START ivf-euclidean/hashed repeat=2/train
# DONE ivf-euclidean/hashed repeat=2/train 0.198s
# START ivf-euclidean/hashed repeat=2/infer-save-reload
# DONE ivf-euclidean/hashed repeat=2/infer-save-reload 0.019s
# START ivf-euclidean/hashed repeat=2/batch
# DONE ivf-euclidean/hashed repeat=2/batch 0.052s
# START ivf-euclidean/hashed repeat=2/batchgrad
# DONE ivf-euclidean/hashed repeat=2/batchgrad 0.000s
# START ivf-euclidean/hashed repeat=2/batchscale
# DONE ivf-euclidean/hashed repeat=2/batchscale 0.000s
# START ivf-euclidean/hashed repeat=2/ragged
# DONE ivf-euclidean/hashed repeat=2/ragged 0.000s
# START ivf-euclidean/hashed repeat=2/stepfull
# DONE ivf-euclidean/hashed repeat=2/stepfull 0.000s
# CELL ivf-euclidean/hashed STABLE 0.540s
# START ivf-euclidean/wide repeat=1/train
# DONE ivf-euclidean/wide repeat=1/train 0.208s
# START ivf-euclidean/wide repeat=1/infer-save-reload
# DONE ivf-euclidean/wide repeat=1/infer-save-reload 0.026s
# START ivf-euclidean/wide repeat=1/batch
# DONE ivf-euclidean/wide repeat=1/batch 0.059s
# START ivf-euclidean/wide repeat=1/batchgrad
# DONE ivf-euclidean/wide repeat=1/batchgrad 0.000s
# START ivf-euclidean/wide repeat=1/batchscale
# DONE ivf-euclidean/wide repeat=1/batchscale 0.000s
# START ivf-euclidean/wide repeat=1/ragged
# DONE ivf-euclidean/wide repeat=1/ragged 0.000s
# START ivf-euclidean/wide repeat=1/stepfull
# DONE ivf-euclidean/wide repeat=1/stepfull 0.000s
# START ivf-euclidean/wide repeat=2/train
# DONE ivf-euclidean/wide repeat=2/train 0.204s
# START ivf-euclidean/wide repeat=2/infer-save-reload
# DONE ivf-euclidean/wide repeat=2/infer-save-reload 0.026s
# START ivf-euclidean/wide repeat=2/batch
# DONE ivf-euclidean/wide repeat=2/batch 0.059s
# START ivf-euclidean/wide repeat=2/batchgrad
# DONE ivf-euclidean/wide repeat=2/batchgrad 0.000s
# START ivf-euclidean/wide repeat=2/batchscale
# DONE ivf-euclidean/wide repeat=2/batchscale 0.000s
# START ivf-euclidean/wide repeat=2/ragged
# DONE ivf-euclidean/wide repeat=2/ragged 0.000s
# START ivf-euclidean/wide repeat=2/stepfull
# DONE ivf-euclidean/wide repeat=2/stepfull 0.000s
# CELL ivf-euclidean/wide STABLE 0.582s
# START ivf-euclidean/denormal repeat=1/train
# DONE ivf-euclidean/denormal repeat=1/train 0.204s
# START ivf-euclidean/denormal repeat=1/infer-save-reload
# DONE ivf-euclidean/denormal repeat=1/infer-save-reload 0.019s
# START ivf-euclidean/denormal repeat=1/batch
# DONE ivf-euclidean/denormal repeat=1/batch 0.051s
# START ivf-euclidean/denormal repeat=1/batchgrad
# DONE ivf-euclidean/denormal repeat=1/batchgrad 0.000s
# START ivf-euclidean/denormal repeat=1/batchscale
# DONE ivf-euclidean/denormal repeat=1/batchscale 0.000s
# START ivf-euclidean/denormal repeat=1/ragged
# DONE ivf-euclidean/denormal repeat=1/ragged 0.000s
# START ivf-euclidean/denormal repeat=1/stepfull
# DONE ivf-euclidean/denormal repeat=1/stepfull 0.000s
# START ivf-euclidean/denormal repeat=2/train
# DONE ivf-euclidean/denormal repeat=2/train 0.206s
# START ivf-euclidean/denormal repeat=2/infer-save-reload
# DONE ivf-euclidean/denormal repeat=2/infer-save-reload 0.019s
# START ivf-euclidean/denormal repeat=2/batch
# DONE ivf-euclidean/denormal repeat=2/batch 0.052s
# START ivf-euclidean/denormal repeat=2/batchgrad
# DONE ivf-euclidean/denormal repeat=2/batchgrad 0.000s
# START ivf-euclidean/denormal repeat=2/batchscale
# DONE ivf-euclidean/denormal repeat=2/batchscale 0.000s
# START ivf-euclidean/denormal repeat=2/ragged
# DONE ivf-euclidean/denormal repeat=2/ragged 0.000s
# START ivf-euclidean/denormal repeat=2/stepfull
# DONE ivf-euclidean/denormal repeat=2/stepfull 0.000s
# CELL ivf-euclidean/denormal STABLE 0.553s
# START ivf-euclidean/denormal_ftz repeat=1/train
# DONE ivf-euclidean/denormal_ftz repeat=1/train 0.195s
# START ivf-euclidean/denormal_ftz repeat=1/infer-save-reload
# DONE ivf-euclidean/denormal_ftz repeat=1/infer-save-reload 0.019s
# START ivf-euclidean/denormal_ftz repeat=1/batch
# DONE ivf-euclidean/denormal_ftz repeat=1/batch 0.051s
# START ivf-euclidean/denormal_ftz repeat=1/batchgrad
# DONE ivf-euclidean/denormal_ftz repeat=1/batchgrad 0.000s
# START ivf-euclidean/denormal_ftz repeat=1/batchscale
# DONE ivf-euclidean/denormal_ftz repeat=1/batchscale 0.000s
# START ivf-euclidean/denormal_ftz repeat=1/ragged
# DONE ivf-euclidean/denormal_ftz repeat=1/ragged 0.000s
# START ivf-euclidean/denormal_ftz repeat=1/stepfull
# DONE ivf-euclidean/denormal_ftz repeat=1/stepfull 0.000s
# START ivf-euclidean/denormal_ftz repeat=2/train
# DONE ivf-euclidean/denormal_ftz repeat=2/train 0.188s
# START ivf-euclidean/denormal_ftz repeat=2/infer-save-reload
# DONE ivf-euclidean/denormal_ftz repeat=2/infer-save-reload 0.019s
# START ivf-euclidean/denormal_ftz repeat=2/batch
# DONE ivf-euclidean/denormal_ftz repeat=2/batch 0.051s
# START ivf-euclidean/denormal_ftz repeat=2/batchgrad
# DONE ivf-euclidean/denormal_ftz repeat=2/batchgrad 0.000s
# START ivf-euclidean/denormal_ftz repeat=2/batchscale
# DONE ivf-euclidean/denormal_ftz repeat=2/batchscale 0.000s
# START ivf-euclidean/denormal_ftz repeat=2/ragged
# DONE ivf-euclidean/denormal_ftz repeat=2/ragged 0.000s
# START ivf-euclidean/denormal_ftz repeat=2/stepfull
# DONE ivf-euclidean/denormal_ftz repeat=2/stepfull 0.000s
# CELL ivf-euclidean/denormal_ftz STABLE 0.524s
# START ivf-euclidean/dupes repeat=1/train
# DONE ivf-euclidean/dupes repeat=1/train 0.193s
# START ivf-euclidean/dupes repeat=1/infer-save-reload
# DONE ivf-euclidean/dupes repeat=1/infer-save-reload 0.019s
# START ivf-euclidean/dupes repeat=1/batch
# DONE ivf-euclidean/dupes repeat=1/batch 0.051s
# START ivf-euclidean/dupes repeat=1/batchgrad
# DONE ivf-euclidean/dupes repeat=1/batchgrad 0.000s
# START ivf-euclidean/dupes repeat=1/batchscale
# DONE ivf-euclidean/dupes repeat=1/batchscale 0.000s
# START ivf-euclidean/dupes repeat=1/ragged
# DONE ivf-euclidean/dupes repeat=1/ragged 0.000s
# START ivf-euclidean/dupes repeat=1/stepfull
# DONE ivf-euclidean/dupes repeat=1/stepfull 0.000s
# START ivf-euclidean/dupes repeat=2/train
# DONE ivf-euclidean/dupes repeat=2/train 0.198s
# START ivf-euclidean/dupes repeat=2/infer-save-reload
# DONE ivf-euclidean/dupes repeat=2/infer-save-reload 0.019s
# START ivf-euclidean/dupes repeat=2/batch
# DONE ivf-euclidean/dupes repeat=2/batch 0.052s
# START ivf-euclidean/dupes repeat=2/batchgrad
# DONE ivf-euclidean/dupes repeat=2/batchgrad 0.000s
# START ivf-euclidean/dupes repeat=2/batchscale
# DONE ivf-euclidean/dupes repeat=2/batchscale 0.000s
# START ivf-euclidean/dupes repeat=2/ragged
# DONE ivf-euclidean/dupes repeat=2/ragged 0.000s
# START ivf-euclidean/dupes repeat=2/stepfull
# DONE ivf-euclidean/dupes repeat=2/stepfull 0.000s
# CELL ivf-euclidean/dupes STABLE 0.533s
# START ivf-euclidean/odd repeat=1/train
# DONE ivf-euclidean/odd repeat=1/train 0.205s
# START ivf-euclidean/odd repeat=1/infer-save-reload
# DONE ivf-euclidean/odd repeat=1/infer-save-reload 0.020s
# START ivf-euclidean/odd repeat=1/batch
# DONE ivf-euclidean/odd repeat=1/batch 0.052s
# START ivf-euclidean/odd repeat=1/batchgrad
# DONE ivf-euclidean/odd repeat=1/batchgrad 0.000s
# START ivf-euclidean/odd repeat=1/batchscale
# DONE ivf-euclidean/odd repeat=1/batchscale 0.000s
# START ivf-euclidean/odd repeat=1/ragged
# DONE ivf-euclidean/odd repeat=1/ragged 0.000s
# START ivf-euclidean/odd repeat=1/stepfull
# DONE ivf-euclidean/odd repeat=1/stepfull 0.000s
# START ivf-euclidean/odd repeat=2/train
# DONE ivf-euclidean/odd repeat=2/train 0.206s
# START ivf-euclidean/odd repeat=2/infer-save-reload
# DONE ivf-euclidean/odd repeat=2/infer-save-reload 0.020s
# START ivf-euclidean/odd repeat=2/batch
# DONE ivf-euclidean/odd repeat=2/batch 0.052s
# START ivf-euclidean/odd repeat=2/batchgrad
# DONE ivf-euclidean/odd repeat=2/batchgrad 0.000s
# START ivf-euclidean/odd repeat=2/batchscale
# DONE ivf-euclidean/odd repeat=2/batchscale 0.000s
# START ivf-euclidean/odd repeat=2/ragged
# DONE ivf-euclidean/odd repeat=2/ragged 0.000s
# START ivf-euclidean/odd repeat=2/stepfull
# DONE ivf-euclidean/odd repeat=2/stepfull 0.000s
# CELL ivf-euclidean/odd STABLE 0.556s
# START ivf-euclidean/negative repeat=1/train
# DONE ivf-euclidean/negative repeat=1/train 0.196s
# START ivf-euclidean/negative repeat=1/infer-save-reload
# DONE ivf-euclidean/negative repeat=1/infer-save-reload 0.021s
# START ivf-euclidean/negative repeat=1/batch
# DONE ivf-euclidean/negative repeat=1/batch 0.053s
# START ivf-euclidean/negative repeat=1/batchgrad
# DONE ivf-euclidean/negative repeat=1/batchgrad 0.000s
# START ivf-euclidean/negative repeat=1/batchscale
# DONE ivf-euclidean/negative repeat=1/batchscale 0.000s
# START ivf-euclidean/negative repeat=1/ragged
# DONE ivf-euclidean/negative repeat=1/ragged 0.000s
# START ivf-euclidean/negative repeat=1/stepfull
# DONE ivf-euclidean/negative repeat=1/stepfull 0.000s
# START ivf-euclidean/negative repeat=2/train
# DONE ivf-euclidean/negative repeat=2/train 0.200s
# START ivf-euclidean/negative repeat=2/infer-save-reload
# DONE ivf-euclidean/negative repeat=2/infer-save-reload 0.021s
# START ivf-euclidean/negative repeat=2/batch
# DONE ivf-euclidean/negative repeat=2/batch 0.053s
# START ivf-euclidean/negative repeat=2/batchgrad
# DONE ivf-euclidean/negative repeat=2/batchgrad 0.000s
# START ivf-euclidean/negative repeat=2/batchscale
# DONE ivf-euclidean/negative repeat=2/batchscale 0.000s
# START ivf-euclidean/negative repeat=2/ragged
# DONE ivf-euclidean/negative repeat=2/ragged 0.000s
# START ivf-euclidean/negative repeat=2/stepfull
# DONE ivf-euclidean/negative repeat=2/stepfull 0.000s
# CELL ivf-euclidean/negative STABLE 0.544s
| ivf-euclidean          | c96b7d6a7ed08e9b | 2167394d0c80cc41 | cdff352d363caa07 | d62c258ac8282595 | bc555903de75c40e | bc555903de75c40e | eb269ad65df502ed | ec9020ff5b2a6c07 | db3db68bcb7ef398 |
| ivf-euclidean infer    | f6f71f391727d74a | 6ce659c7ea10311d | 7d8a8506eeb9a78e | ee34cd995ead59ba | ab8f3fc0fb8f010c | ab8f3fc0fb8f010c | 5fb3dd756fa6a835 | 247b6a2b733e9ff2 | eacf2587f37d56cb |
| ivf-euclidean model    | 2c7ef8ed2b7dc541 | 3632c01ae6112aca | 1c67c6b91b2e570b | 74da9b4decbbf211 | 095ed72f60fec6ce | 5c190ab95e7501cd | 1d65036f19dde9e9 | 997e755024716b18 | 65dfdf6d49abc120 |
| ivf-euclidean batch    | 0d3b322b4f251d85 | a22713485f1d9568 | a69643bf03ceccb2 | 36fcc86c5ffc7e96 | e395801cb8474d82 | e395801cb8474d82 | 5fef40b00c474a24 | 4960b29bcd792dc0 | 1a302ceb75994c6f |
# START embedding/base repeat=1/train
# DONE embedding/base repeat=1/train 0.002s
# START embedding/base repeat=1/infer-save-reload
# DONE embedding/base repeat=1/infer-save-reload 0.000s
# START embedding/base repeat=1/batch
# DONE embedding/base repeat=1/batch 0.001s
# START embedding/base repeat=1/batchgrad
# DONE embedding/base repeat=1/batchgrad 0.003s
# START embedding/base repeat=1/batchscale
# DONE embedding/base repeat=1/batchscale 0.000s
# START embedding/base repeat=1/ragged
# DONE embedding/base repeat=1/ragged 0.000s
# START embedding/base repeat=1/stepfull
# DONE embedding/base repeat=1/stepfull 0.000s
# START embedding/base repeat=2/train
# DONE embedding/base repeat=2/train 0.001s
# START embedding/base repeat=2/infer-save-reload
# DONE embedding/base repeat=2/infer-save-reload 0.000s
# START embedding/base repeat=2/batch
# DONE embedding/base repeat=2/batch 0.001s
# START embedding/base repeat=2/batchgrad
# DONE embedding/base repeat=2/batchgrad 0.003s
# START embedding/base repeat=2/batchscale
# DONE embedding/base repeat=2/batchscale 0.000s
# START embedding/base repeat=2/ragged
# DONE embedding/base repeat=2/ragged 0.000s
# START embedding/base repeat=2/stepfull
# DONE embedding/base repeat=2/stepfull 0.000s
# CELL embedding/base STABLE 0.012s
# START embedding/ties repeat=1/train
# DONE embedding/ties repeat=1/train 0.002s
# START embedding/ties repeat=1/infer-save-reload
# DONE embedding/ties repeat=1/infer-save-reload 0.000s
# START embedding/ties repeat=1/batch
# DONE embedding/ties repeat=1/batch 0.001s
# START embedding/ties repeat=1/batchgrad
# DONE embedding/ties repeat=1/batchgrad 0.003s
# START embedding/ties repeat=1/batchscale
# DONE embedding/ties repeat=1/batchscale 0.000s
# START embedding/ties repeat=1/ragged
# DONE embedding/ties repeat=1/ragged 0.000s
# START embedding/ties repeat=1/stepfull
# DONE embedding/ties repeat=1/stepfull 0.000s
# START embedding/ties repeat=2/train
# DONE embedding/ties repeat=2/train 0.001s
# START embedding/ties repeat=2/infer-save-reload
# DONE embedding/ties repeat=2/infer-save-reload 0.000s
# START embedding/ties repeat=2/batch
# DONE embedding/ties repeat=2/batch 0.001s
# START embedding/ties repeat=2/batchgrad
# DONE embedding/ties repeat=2/batchgrad 0.003s
# START embedding/ties repeat=2/batchscale
# DONE embedding/ties repeat=2/batchscale 0.000s
# START embedding/ties repeat=2/ragged
# DONE embedding/ties repeat=2/ragged 0.000s
# START embedding/ties repeat=2/stepfull
# DONE embedding/ties repeat=2/stepfull 0.000s
# CELL embedding/ties STABLE 0.011s
# START embedding/hashed repeat=1/train
# DONE embedding/hashed repeat=1/train 0.002s
# START embedding/hashed repeat=1/infer-save-reload
# DONE embedding/hashed repeat=1/infer-save-reload 0.000s
# START embedding/hashed repeat=1/batch
# DONE embedding/hashed repeat=1/batch 0.001s
# START embedding/hashed repeat=1/batchgrad
# DONE embedding/hashed repeat=1/batchgrad 0.003s
# START embedding/hashed repeat=1/batchscale
# DONE embedding/hashed repeat=1/batchscale 0.000s
# START embedding/hashed repeat=1/ragged
# DONE embedding/hashed repeat=1/ragged 0.000s
# START embedding/hashed repeat=1/stepfull
# DONE embedding/hashed repeat=1/stepfull 0.000s
# START embedding/hashed repeat=2/train
# DONE embedding/hashed repeat=2/train 0.001s
# START embedding/hashed repeat=2/infer-save-reload
# DONE embedding/hashed repeat=2/infer-save-reload 0.000s
# START embedding/hashed repeat=2/batch
# DONE embedding/hashed repeat=2/batch 0.001s
# START embedding/hashed repeat=2/batchgrad
# DONE embedding/hashed repeat=2/batchgrad 0.003s
# START embedding/hashed repeat=2/batchscale
# DONE embedding/hashed repeat=2/batchscale 0.000s
# START embedding/hashed repeat=2/ragged
# DONE embedding/hashed repeat=2/ragged 0.000s
# START embedding/hashed repeat=2/stepfull
# DONE embedding/hashed repeat=2/stepfull 0.000s
# CELL embedding/hashed STABLE 0.011s
# START embedding/wide repeat=1/train
# DONE embedding/wide repeat=1/train 0.002s
# START embedding/wide repeat=1/infer-save-reload
# DONE embedding/wide repeat=1/infer-save-reload 0.000s
# START embedding/wide repeat=1/batch
# DONE embedding/wide repeat=1/batch 0.001s
# START embedding/wide repeat=1/batchgrad
# DONE embedding/wide repeat=1/batchgrad 0.003s
# START embedding/wide repeat=1/batchscale
# DONE embedding/wide repeat=1/batchscale 0.000s
# START embedding/wide repeat=1/ragged
# DONE embedding/wide repeat=1/ragged 0.000s
# START embedding/wide repeat=1/stepfull
# DONE embedding/wide repeat=1/stepfull 0.000s
# START embedding/wide repeat=2/train
# DONE embedding/wide repeat=2/train 0.001s
# START embedding/wide repeat=2/infer-save-reload
# DONE embedding/wide repeat=2/infer-save-reload 0.000s
# START embedding/wide repeat=2/batch
# DONE embedding/wide repeat=2/batch 0.001s
# START embedding/wide repeat=2/batchgrad
# DONE embedding/wide repeat=2/batchgrad 0.003s
# START embedding/wide repeat=2/batchscale
# DONE embedding/wide repeat=2/batchscale 0.000s
# START embedding/wide repeat=2/ragged
# DONE embedding/wide repeat=2/ragged 0.000s
# START embedding/wide repeat=2/stepfull
# DONE embedding/wide repeat=2/stepfull 0.000s
# CELL embedding/wide STABLE 0.012s
# START embedding/denormal repeat=1/train
# DONE embedding/denormal repeat=1/train 0.002s
# START embedding/denormal repeat=1/infer-save-reload
# DONE embedding/denormal repeat=1/infer-save-reload 0.000s
# START embedding/denormal repeat=1/batch
# DONE embedding/denormal repeat=1/batch 0.001s
# START embedding/denormal repeat=1/batchgrad
# DONE embedding/denormal repeat=1/batchgrad 0.003s
# START embedding/denormal repeat=1/batchscale
# DONE embedding/denormal repeat=1/batchscale 0.000s
# START embedding/denormal repeat=1/ragged
# DONE embedding/denormal repeat=1/ragged 0.000s
# START embedding/denormal repeat=1/stepfull
# DONE embedding/denormal repeat=1/stepfull 0.000s
# START embedding/denormal repeat=2/train
# DONE embedding/denormal repeat=2/train 0.001s
# START embedding/denormal repeat=2/infer-save-reload
# DONE embedding/denormal repeat=2/infer-save-reload 0.000s
# START embedding/denormal repeat=2/batch
# DONE embedding/denormal repeat=2/batch 0.001s
# START embedding/denormal repeat=2/batchgrad
# DONE embedding/denormal repeat=2/batchgrad 0.003s
# START embedding/denormal repeat=2/batchscale
# DONE embedding/denormal repeat=2/batchscale 0.000s
# START embedding/denormal repeat=2/ragged
# DONE embedding/denormal repeat=2/ragged 0.000s
# START embedding/denormal repeat=2/stepfull
# DONE embedding/denormal repeat=2/stepfull 0.000s
# CELL embedding/denormal STABLE 0.012s
# START embedding/denormal_ftz repeat=1/train
# DONE embedding/denormal_ftz repeat=1/train 0.002s
# START embedding/denormal_ftz repeat=1/infer-save-reload
# DONE embedding/denormal_ftz repeat=1/infer-save-reload 0.000s
# START embedding/denormal_ftz repeat=1/batch
# DONE embedding/denormal_ftz repeat=1/batch 0.001s
# START embedding/denormal_ftz repeat=1/batchgrad
# DONE embedding/denormal_ftz repeat=1/batchgrad 0.003s
# START embedding/denormal_ftz repeat=1/batchscale
# DONE embedding/denormal_ftz repeat=1/batchscale 0.000s
# START embedding/denormal_ftz repeat=1/ragged
# DONE embedding/denormal_ftz repeat=1/ragged 0.000s
# START embedding/denormal_ftz repeat=1/stepfull
# DONE embedding/denormal_ftz repeat=1/stepfull 0.000s
# START embedding/denormal_ftz repeat=2/train
# DONE embedding/denormal_ftz repeat=2/train 0.001s
# START embedding/denormal_ftz repeat=2/infer-save-reload
# DONE embedding/denormal_ftz repeat=2/infer-save-reload 0.000s
# START embedding/denormal_ftz repeat=2/batch
# DONE embedding/denormal_ftz repeat=2/batch 0.001s
# START embedding/denormal_ftz repeat=2/batchgrad
# DONE embedding/denormal_ftz repeat=2/batchgrad 0.003s
# START embedding/denormal_ftz repeat=2/batchscale
# DONE embedding/denormal_ftz repeat=2/batchscale 0.000s
# START embedding/denormal_ftz repeat=2/ragged
# DONE embedding/denormal_ftz repeat=2/ragged 0.000s
# START embedding/denormal_ftz repeat=2/stepfull
# DONE embedding/denormal_ftz repeat=2/stepfull 0.000s
# CELL embedding/denormal_ftz STABLE 0.012s
# START embedding/dupes repeat=1/train
# DONE embedding/dupes repeat=1/train 0.002s
# START embedding/dupes repeat=1/infer-save-reload
# DONE embedding/dupes repeat=1/infer-save-reload 0.000s
# START embedding/dupes repeat=1/batch
# DONE embedding/dupes repeat=1/batch 0.001s
# START embedding/dupes repeat=1/batchgrad
# DONE embedding/dupes repeat=1/batchgrad 0.003s
# START embedding/dupes repeat=1/batchscale
# DONE embedding/dupes repeat=1/batchscale 0.000s
# START embedding/dupes repeat=1/ragged
# DONE embedding/dupes repeat=1/ragged 0.000s
# START embedding/dupes repeat=1/stepfull
# DONE embedding/dupes repeat=1/stepfull 0.000s
# START embedding/dupes repeat=2/train
# DONE embedding/dupes repeat=2/train 0.001s
# START embedding/dupes repeat=2/infer-save-reload
# DONE embedding/dupes repeat=2/infer-save-reload 0.000s
# START embedding/dupes repeat=2/batch
# DONE embedding/dupes repeat=2/batch 0.001s
# START embedding/dupes repeat=2/batchgrad
# DONE embedding/dupes repeat=2/batchgrad 0.003s
# START embedding/dupes repeat=2/batchscale
# DONE embedding/dupes repeat=2/batchscale 0.000s
# START embedding/dupes repeat=2/ragged
# DONE embedding/dupes repeat=2/ragged 0.000s
# START embedding/dupes repeat=2/stepfull
# DONE embedding/dupes repeat=2/stepfull 0.000s
# CELL embedding/dupes STABLE 0.011s
# START embedding/odd repeat=1/train
# DONE embedding/odd repeat=1/train 0.001s
# START embedding/odd repeat=1/infer-save-reload
# DONE embedding/odd repeat=1/infer-save-reload 0.000s
# START embedding/odd repeat=1/batch
# DONE embedding/odd repeat=1/batch 0.001s
# START embedding/odd repeat=1/batchgrad
# DONE embedding/odd repeat=1/batchgrad 0.003s
# START embedding/odd repeat=1/batchscale
# DONE embedding/odd repeat=1/batchscale 0.000s
# START embedding/odd repeat=1/ragged
# DONE embedding/odd repeat=1/ragged 0.000s
# START embedding/odd repeat=1/stepfull
# DONE embedding/odd repeat=1/stepfull 0.000s
# START embedding/odd repeat=2/train
# DONE embedding/odd repeat=2/train 0.001s
# START embedding/odd repeat=2/infer-save-reload
# DONE embedding/odd repeat=2/infer-save-reload 0.000s
# START embedding/odd repeat=2/batch
# DONE embedding/odd repeat=2/batch 0.001s
# START embedding/odd repeat=2/batchgrad
# DONE embedding/odd repeat=2/batchgrad 0.003s
# START embedding/odd repeat=2/batchscale
# DONE embedding/odd repeat=2/batchscale 0.000s
# START embedding/odd repeat=2/ragged
# DONE embedding/odd repeat=2/ragged 0.000s
# START embedding/odd repeat=2/stepfull
# DONE embedding/odd repeat=2/stepfull 0.000s
# CELL embedding/odd STABLE 0.011s
# START embedding/negative repeat=1/train
# DONE embedding/negative repeat=1/train 0.001s
# START embedding/negative repeat=1/infer-save-reload
# DONE embedding/negative repeat=1/infer-save-reload 0.000s
# START embedding/negative repeat=1/batch
# DONE embedding/negative repeat=1/batch 0.001s
# START embedding/negative repeat=1/batchgrad
# DONE embedding/negative repeat=1/batchgrad 0.003s
# START embedding/negative repeat=1/batchscale
# DONE embedding/negative repeat=1/batchscale 0.000s
# START embedding/negative repeat=1/ragged
# DONE embedding/negative repeat=1/ragged 0.000s
# START embedding/negative repeat=1/stepfull
# DONE embedding/negative repeat=1/stepfull 0.000s
# START embedding/negative repeat=2/train
# DONE embedding/negative repeat=2/train 0.001s
# START embedding/negative repeat=2/infer-save-reload
# DONE embedding/negative repeat=2/infer-save-reload 0.000s
# START embedding/negative repeat=2/batch
# DONE embedding/negative repeat=2/batch 0.001s
# START embedding/negative repeat=2/batchgrad
# DONE embedding/negative repeat=2/batchgrad 0.003s
# START embedding/negative repeat=2/batchscale
# DONE embedding/negative repeat=2/batchscale 0.000s
# START embedding/negative repeat=2/ragged
# DONE embedding/negative repeat=2/ragged 0.000s
# START embedding/negative repeat=2/stepfull
# DONE embedding/negative repeat=2/stepfull 0.000s
# CELL embedding/negative STABLE 0.011s
| embedding              | bcc23cf76ecd9bd0 | 92011ef4bbaedb43 | fe5303d0bf6e8147 | ff761f415109a2ba | 59595db92ff1929f | 34cb2f8df00e959f | 7dfca2bcb83ca2c2 | bcc23cf76ecd9bd0 | b2593a24638e509d |
| embedding infer        | 9532e67b65b07c0b | b2974b34e85e96d7 | e69443c9c64a170e | 3da637530f040675 | d0c81bcb36e8ac05 | 9ed8984c16e728bb | 6097b151f828645e | 9532e67b65b07c0b | 06de8cf62a5b291f |
| embedding batch        | aed4235f48398286 | b0d9ee4cb0d2cc65 | 607b839f338610b4 | 7772d3b456315c74 | 1d46be5f79dc46ad | 15b6791b83727e32 | 87cc2100c8487475 | aed4235f48398286 | 6dc8528de4a26793 |
| embedding batchgrad    | ecc0aacf5059c13e | 3983631b8bdb67f6 | e8bcfb4416ffb9cd | d6863d33af00378f | 4b2c51116cd33b83 | a000e8209f86d0dc | 2b1d1bb8889484f9 | ecc0aacf5059c13e | c908c03dd4ea9583 |
# START kmeans-cosine/base repeat=1/train
# DONE kmeans-cosine/base repeat=1/train 0.001s
# START kmeans-cosine/base repeat=1/infer-save-reload
# DONE kmeans-cosine/base repeat=1/infer-save-reload 0.000s
# START kmeans-cosine/base repeat=1/batch
# DONE kmeans-cosine/base repeat=1/batch 0.000s
# START kmeans-cosine/base repeat=1/batchgrad
# DONE kmeans-cosine/base repeat=1/batchgrad 0.000s
# START kmeans-cosine/base repeat=1/batchscale
# DONE kmeans-cosine/base repeat=1/batchscale 0.000s
# START kmeans-cosine/base repeat=1/ragged
# DONE kmeans-cosine/base repeat=1/ragged 0.000s
# START kmeans-cosine/base repeat=1/stepfull
# DONE kmeans-cosine/base repeat=1/stepfull 0.000s
# START kmeans-cosine/base repeat=2/train
# DONE kmeans-cosine/base repeat=2/train 0.001s
# START kmeans-cosine/base repeat=2/infer-save-reload
# DONE kmeans-cosine/base repeat=2/infer-save-reload 0.000s
# START kmeans-cosine/base repeat=2/batch
# DONE kmeans-cosine/base repeat=2/batch 0.000s
# START kmeans-cosine/base repeat=2/batchgrad
# DONE kmeans-cosine/base repeat=2/batchgrad 0.000s
# START kmeans-cosine/base repeat=2/batchscale
# DONE kmeans-cosine/base repeat=2/batchscale 0.000s
# START kmeans-cosine/base repeat=2/ragged
# DONE kmeans-cosine/base repeat=2/ragged 0.000s
# START kmeans-cosine/base repeat=2/stepfull
# DONE kmeans-cosine/base repeat=2/stepfull 0.000s
# CELL kmeans-cosine/base STABLE 0.003s
# START kmeans-cosine/ties repeat=1/train
# DONE kmeans-cosine/ties repeat=1/train 0.001s
# START kmeans-cosine/ties repeat=1/infer-save-reload
# DONE kmeans-cosine/ties repeat=1/infer-save-reload 0.000s
# START kmeans-cosine/ties repeat=1/batch
# DONE kmeans-cosine/ties repeat=1/batch 0.000s
# START kmeans-cosine/ties repeat=1/batchgrad
# DONE kmeans-cosine/ties repeat=1/batchgrad 0.000s
# START kmeans-cosine/ties repeat=1/batchscale
# DONE kmeans-cosine/ties repeat=1/batchscale 0.000s
# START kmeans-cosine/ties repeat=1/ragged
# DONE kmeans-cosine/ties repeat=1/ragged 0.000s
# START kmeans-cosine/ties repeat=1/stepfull
# DONE kmeans-cosine/ties repeat=1/stepfull 0.000s
# START kmeans-cosine/ties repeat=2/train
# DONE kmeans-cosine/ties repeat=2/train 0.001s
# START kmeans-cosine/ties repeat=2/infer-save-reload
# DONE kmeans-cosine/ties repeat=2/infer-save-reload 0.000s
# START kmeans-cosine/ties repeat=2/batch
# DONE kmeans-cosine/ties repeat=2/batch 0.000s
# START kmeans-cosine/ties repeat=2/batchgrad
# DONE kmeans-cosine/ties repeat=2/batchgrad 0.000s
# START kmeans-cosine/ties repeat=2/batchscale
# DONE kmeans-cosine/ties repeat=2/batchscale 0.000s
# START kmeans-cosine/ties repeat=2/ragged
# DONE kmeans-cosine/ties repeat=2/ragged 0.000s
# START kmeans-cosine/ties repeat=2/stepfull
# DONE kmeans-cosine/ties repeat=2/stepfull 0.000s
# CELL kmeans-cosine/ties STABLE 0.002s
# START kmeans-cosine/hashed repeat=1/train
# DONE kmeans-cosine/hashed repeat=1/train 0.001s
# START kmeans-cosine/hashed repeat=1/infer-save-reload
# DONE kmeans-cosine/hashed repeat=1/infer-save-reload 0.000s
# START kmeans-cosine/hashed repeat=1/batch
# DONE kmeans-cosine/hashed repeat=1/batch 0.000s
# START kmeans-cosine/hashed repeat=1/batchgrad
# DONE kmeans-cosine/hashed repeat=1/batchgrad 0.000s
# START kmeans-cosine/hashed repeat=1/batchscale
# DONE kmeans-cosine/hashed repeat=1/batchscale 0.000s
# START kmeans-cosine/hashed repeat=1/ragged
# DONE kmeans-cosine/hashed repeat=1/ragged 0.000s
# START kmeans-cosine/hashed repeat=1/stepfull
# DONE kmeans-cosine/hashed repeat=1/stepfull 0.000s
# START kmeans-cosine/hashed repeat=2/train
# DONE kmeans-cosine/hashed repeat=2/train 0.001s
# START kmeans-cosine/hashed repeat=2/infer-save-reload
# DONE kmeans-cosine/hashed repeat=2/infer-save-reload 0.000s
# START kmeans-cosine/hashed repeat=2/batch
# DONE kmeans-cosine/hashed repeat=2/batch 0.000s
# START kmeans-cosine/hashed repeat=2/batchgrad
# DONE kmeans-cosine/hashed repeat=2/batchgrad 0.000s
# START kmeans-cosine/hashed repeat=2/batchscale
# DONE kmeans-cosine/hashed repeat=2/batchscale 0.000s
# START kmeans-cosine/hashed repeat=2/ragged
# DONE kmeans-cosine/hashed repeat=2/ragged 0.000s
# START kmeans-cosine/hashed repeat=2/stepfull
# DONE kmeans-cosine/hashed repeat=2/stepfull 0.000s
# CELL kmeans-cosine/hashed STABLE 0.002s
# START kmeans-cosine/wide repeat=1/train
# DONE kmeans-cosine/wide repeat=1/train 0.001s
# START kmeans-cosine/wide repeat=1/infer-save-reload
# DONE kmeans-cosine/wide repeat=1/infer-save-reload 0.000s
# START kmeans-cosine/wide repeat=1/batch
# DONE kmeans-cosine/wide repeat=1/batch 0.000s
# START kmeans-cosine/wide repeat=1/batchgrad
# DONE kmeans-cosine/wide repeat=1/batchgrad 0.000s
# START kmeans-cosine/wide repeat=1/batchscale
# DONE kmeans-cosine/wide repeat=1/batchscale 0.000s
# START kmeans-cosine/wide repeat=1/ragged
# DONE kmeans-cosine/wide repeat=1/ragged 0.000s
# START kmeans-cosine/wide repeat=1/stepfull
# DONE kmeans-cosine/wide repeat=1/stepfull 0.000s
# START kmeans-cosine/wide repeat=2/train
# DONE kmeans-cosine/wide repeat=2/train 0.001s
# START kmeans-cosine/wide repeat=2/infer-save-reload
# DONE kmeans-cosine/wide repeat=2/infer-save-reload 0.000s
# START kmeans-cosine/wide repeat=2/batch
# DONE kmeans-cosine/wide repeat=2/batch 0.000s
# START kmeans-cosine/wide repeat=2/batchgrad
# DONE kmeans-cosine/wide repeat=2/batchgrad 0.000s
# START kmeans-cosine/wide repeat=2/batchscale
# DONE kmeans-cosine/wide repeat=2/batchscale 0.000s
# START kmeans-cosine/wide repeat=2/ragged
# DONE kmeans-cosine/wide repeat=2/ragged 0.000s
# START kmeans-cosine/wide repeat=2/stepfull
# DONE kmeans-cosine/wide repeat=2/stepfull 0.000s
# CELL kmeans-cosine/wide STABLE 0.002s
# START kmeans-cosine/denormal repeat=1/train
# DONE kmeans-cosine/denormal repeat=1/train 0.001s
# START kmeans-cosine/denormal repeat=1/infer-save-reload
# DONE kmeans-cosine/denormal repeat=1/infer-save-reload 0.000s
# START kmeans-cosine/denormal repeat=1/batch
# DONE kmeans-cosine/denormal repeat=1/batch 0.000s
# START kmeans-cosine/denormal repeat=1/batchgrad
# DONE kmeans-cosine/denormal repeat=1/batchgrad 0.000s
# START kmeans-cosine/denormal repeat=1/batchscale
# DONE kmeans-cosine/denormal repeat=1/batchscale 0.000s
# START kmeans-cosine/denormal repeat=1/ragged
# DONE kmeans-cosine/denormal repeat=1/ragged 0.000s
# START kmeans-cosine/denormal repeat=1/stepfull
# DONE kmeans-cosine/denormal repeat=1/stepfull 0.000s
# START kmeans-cosine/denormal repeat=2/train
# DONE kmeans-cosine/denormal repeat=2/train 0.001s
# START kmeans-cosine/denormal repeat=2/infer-save-reload
# DONE kmeans-cosine/denormal repeat=2/infer-save-reload 0.000s
# START kmeans-cosine/denormal repeat=2/batch
# DONE kmeans-cosine/denormal repeat=2/batch 0.000s
# START kmeans-cosine/denormal repeat=2/batchgrad
# DONE kmeans-cosine/denormal repeat=2/batchgrad 0.000s
# START kmeans-cosine/denormal repeat=2/batchscale
# DONE kmeans-cosine/denormal repeat=2/batchscale 0.000s
# START kmeans-cosine/denormal repeat=2/ragged
# DONE kmeans-cosine/denormal repeat=2/ragged 0.000s
# START kmeans-cosine/denormal repeat=2/stepfull
# DONE kmeans-cosine/denormal repeat=2/stepfull 0.000s
# CELL kmeans-cosine/denormal STABLE 0.003s
# START kmeans-cosine/denormal_ftz repeat=1/train
# DONE kmeans-cosine/denormal_ftz repeat=1/train 0.001s
# START kmeans-cosine/denormal_ftz repeat=1/infer-save-reload
# DONE kmeans-cosine/denormal_ftz repeat=1/infer-save-reload 0.000s
# START kmeans-cosine/denormal_ftz repeat=1/batch
# DONE kmeans-cosine/denormal_ftz repeat=1/batch 0.000s
# START kmeans-cosine/denormal_ftz repeat=1/batchgrad
# DONE kmeans-cosine/denormal_ftz repeat=1/batchgrad 0.000s
# START kmeans-cosine/denormal_ftz repeat=1/batchscale
# DONE kmeans-cosine/denormal_ftz repeat=1/batchscale 0.000s
# START kmeans-cosine/denormal_ftz repeat=1/ragged
# DONE kmeans-cosine/denormal_ftz repeat=1/ragged 0.000s
# START kmeans-cosine/denormal_ftz repeat=1/stepfull
# DONE kmeans-cosine/denormal_ftz repeat=1/stepfull 0.000s
# START kmeans-cosine/denormal_ftz repeat=2/train
# DONE kmeans-cosine/denormal_ftz repeat=2/train 0.001s
# START kmeans-cosine/denormal_ftz repeat=2/infer-save-reload
# DONE kmeans-cosine/denormal_ftz repeat=2/infer-save-reload 0.000s
# START kmeans-cosine/denormal_ftz repeat=2/batch
# DONE kmeans-cosine/denormal_ftz repeat=2/batch 0.000s
# START kmeans-cosine/denormal_ftz repeat=2/batchgrad
# DONE kmeans-cosine/denormal_ftz repeat=2/batchgrad 0.000s
# START kmeans-cosine/denormal_ftz repeat=2/batchscale
# DONE kmeans-cosine/denormal_ftz repeat=2/batchscale 0.000s
# START kmeans-cosine/denormal_ftz repeat=2/ragged
# DONE kmeans-cosine/denormal_ftz repeat=2/ragged 0.000s
# START kmeans-cosine/denormal_ftz repeat=2/stepfull
# DONE kmeans-cosine/denormal_ftz repeat=2/stepfull 0.000s
# CELL kmeans-cosine/denormal_ftz STABLE 0.003s
# START kmeans-cosine/dupes repeat=1/train
# DONE kmeans-cosine/dupes repeat=1/train 0.001s
# START kmeans-cosine/dupes repeat=1/infer-save-reload
# DONE kmeans-cosine/dupes repeat=1/infer-save-reload 0.000s
# START kmeans-cosine/dupes repeat=1/batch
# DONE kmeans-cosine/dupes repeat=1/batch 0.000s
# START kmeans-cosine/dupes repeat=1/batchgrad
# DONE kmeans-cosine/dupes repeat=1/batchgrad 0.000s
# START kmeans-cosine/dupes repeat=1/batchscale
# DONE kmeans-cosine/dupes repeat=1/batchscale 0.000s
# START kmeans-cosine/dupes repeat=1/ragged
# DONE kmeans-cosine/dupes repeat=1/ragged 0.000s
# START kmeans-cosine/dupes repeat=1/stepfull
# DONE kmeans-cosine/dupes repeat=1/stepfull 0.000s
# START kmeans-cosine/dupes repeat=2/train
# DONE kmeans-cosine/dupes repeat=2/train 0.001s
# START kmeans-cosine/dupes repeat=2/infer-save-reload
# DONE kmeans-cosine/dupes repeat=2/infer-save-reload 0.000s
# START kmeans-cosine/dupes repeat=2/batch
# DONE kmeans-cosine/dupes repeat=2/batch 0.000s
# START kmeans-cosine/dupes repeat=2/batchgrad
# DONE kmeans-cosine/dupes repeat=2/batchgrad 0.000s
# START kmeans-cosine/dupes repeat=2/batchscale
# DONE kmeans-cosine/dupes repeat=2/batchscale 0.000s
# START kmeans-cosine/dupes repeat=2/ragged
# DONE kmeans-cosine/dupes repeat=2/ragged 0.000s
# START kmeans-cosine/dupes repeat=2/stepfull
# DONE kmeans-cosine/dupes repeat=2/stepfull 0.000s
# CELL kmeans-cosine/dupes STABLE 0.003s
# START kmeans-cosine/odd repeat=1/train
# DONE kmeans-cosine/odd repeat=1/train 0.001s
# START kmeans-cosine/odd repeat=1/infer-save-reload
# DONE kmeans-cosine/odd repeat=1/infer-save-reload 0.000s
# START kmeans-cosine/odd repeat=1/batch
# DONE kmeans-cosine/odd repeat=1/batch 0.000s
# START kmeans-cosine/odd repeat=1/batchgrad
# DONE kmeans-cosine/odd repeat=1/batchgrad 0.000s
# START kmeans-cosine/odd repeat=1/batchscale
# DONE kmeans-cosine/odd repeat=1/batchscale 0.000s
# START kmeans-cosine/odd repeat=1/ragged
# DONE kmeans-cosine/odd repeat=1/ragged 0.000s
# START kmeans-cosine/odd repeat=1/stepfull
# DONE kmeans-cosine/odd repeat=1/stepfull 0.000s
# START kmeans-cosine/odd repeat=2/train
# DONE kmeans-cosine/odd repeat=2/train 0.001s
# START kmeans-cosine/odd repeat=2/infer-save-reload
# DONE kmeans-cosine/odd repeat=2/infer-save-reload 0.000s
# START kmeans-cosine/odd repeat=2/batch
# DONE kmeans-cosine/odd repeat=2/batch 0.000s
# START kmeans-cosine/odd repeat=2/batchgrad
# DONE kmeans-cosine/odd repeat=2/batchgrad 0.000s
# START kmeans-cosine/odd repeat=2/batchscale
# DONE kmeans-cosine/odd repeat=2/batchscale 0.000s
# START kmeans-cosine/odd repeat=2/ragged
# DONE kmeans-cosine/odd repeat=2/ragged 0.000s
# START kmeans-cosine/odd repeat=2/stepfull
# DONE kmeans-cosine/odd repeat=2/stepfull 0.000s
# CELL kmeans-cosine/odd STABLE 0.002s
# START kmeans-cosine/negative repeat=1/train
# DONE kmeans-cosine/negative repeat=1/train 0.001s
# START kmeans-cosine/negative repeat=1/infer-save-reload
# DONE kmeans-cosine/negative repeat=1/infer-save-reload 0.000s
# START kmeans-cosine/negative repeat=1/batch
# DONE kmeans-cosine/negative repeat=1/batch 0.000s
# START kmeans-cosine/negative repeat=1/batchgrad
# DONE kmeans-cosine/negative repeat=1/batchgrad 0.000s
# START kmeans-cosine/negative repeat=1/batchscale
# DONE kmeans-cosine/negative repeat=1/batchscale 0.000s
# START kmeans-cosine/negative repeat=1/ragged
# DONE kmeans-cosine/negative repeat=1/ragged 0.000s
# START kmeans-cosine/negative repeat=1/stepfull
# DONE kmeans-cosine/negative repeat=1/stepfull 0.000s
# START kmeans-cosine/negative repeat=2/train
# DONE kmeans-cosine/negative repeat=2/train 0.001s
# START kmeans-cosine/negative repeat=2/infer-save-reload
# DONE kmeans-cosine/negative repeat=2/infer-save-reload 0.000s
# START kmeans-cosine/negative repeat=2/batch
# DONE kmeans-cosine/negative repeat=2/batch 0.000s
# START kmeans-cosine/negative repeat=2/batchgrad
# DONE kmeans-cosine/negative repeat=2/batchgrad 0.000s
# START kmeans-cosine/negative repeat=2/batchscale
# DONE kmeans-cosine/negative repeat=2/batchscale 0.000s
# START kmeans-cosine/negative repeat=2/ragged
# DONE kmeans-cosine/negative repeat=2/ragged 0.000s
# START kmeans-cosine/negative repeat=2/stepfull
# DONE kmeans-cosine/negative repeat=2/stepfull 0.000s
# CELL kmeans-cosine/negative STABLE 0.003s
| kmeans-cosine          | c9f16ec2e84f967d | c9f16ec2e84f967d | c9f16ec2e84f967d | c9f16ec2e84f967d | c9f16ec2e84f967d | c9f16ec2e84f967d | c9f16ec2e84f967d | c9f16ec2e84f967d | c9f16ec2e84f967d |
# START par-kmeans/base repeat=1/train
# DONE par-kmeans/base repeat=1/train 0.019s
# CELL par-kmeans/base REFUSED 0.019s
# START par-kmeans/ties repeat=1/train
# DONE par-kmeans/ties repeat=1/train 0.000s
# CELL par-kmeans/ties REFUSED 0.000s
# START par-kmeans/hashed repeat=1/train
# DONE par-kmeans/hashed repeat=1/train 0.000s
# CELL par-kmeans/hashed REFUSED 0.000s
# START par-kmeans/wide repeat=1/train
# DONE par-kmeans/wide repeat=1/train 0.000s
# CELL par-kmeans/wide REFUSED 0.000s
# START par-kmeans/denormal repeat=1/train
# DONE par-kmeans/denormal repeat=1/train 0.000s
# CELL par-kmeans/denormal REFUSED 0.000s
# START par-kmeans/denormal_ftz repeat=1/train
# DONE par-kmeans/denormal_ftz repeat=1/train 0.000s
# CELL par-kmeans/denormal_ftz REFUSED 0.000s
# START par-kmeans/dupes repeat=1/train
# DONE par-kmeans/dupes repeat=1/train 0.000s
# CELL par-kmeans/dupes REFUSED 0.000s
# START par-kmeans/odd repeat=1/train
# DONE par-kmeans/odd repeat=1/train 0.000s
# CELL par-kmeans/odd REFUSED 0.000s
# START par-kmeans/negative repeat=1/train
# DONE par-kmeans/negative repeat=1/train 0.001s
# CELL par-kmeans/negative REFUSED 0.001s
| par-kmeans             | REFUSED          | REFUSED          | REFUSED          | REFUSED          | REFUSED          | REFUSED          | REFUSED          | REFUSED          | REFUSED          |
| par-kmeans infer       | REFUSED          | REFUSED          | REFUSED          | REFUSED          | REFUSED          | REFUSED          | REFUSED          | REFUSED          | REFUSED          |
| par-kmeans model       | REFUSED          | REFUSED          | REFUSED          | REFUSED          | REFUSED          | REFUSED          | REFUSED          | REFUSED          | REFUSED          |
| par-kmeans batch       | REFUSED          | REFUSED          | REFUSED          | REFUSED          | REFUSED          | REFUSED          | REFUSED          | REFUSED          | REFUSED          |
| par-kmeans batchgrad   | REFUSED          | REFUSED          | REFUSED          | REFUSED          | REFUSED          | REFUSED          | REFUSED          | REFUSED          | REFUSED          |
| par-kmeans batchscale  | REFUSED          | REFUSED          | REFUSED          | REFUSED          | REFUSED          | REFUSED          | REFUSED          | REFUSED          | REFUSED          |
| par-kmeans ragged      | REFUSED          | REFUSED          | REFUSED          | REFUSED          | REFUSED          | REFUSED          | REFUSED          | REFUSED          | REFUSED          |
| par-kmeans stepfull    | REFUSED          | REFUSED          | REFUSED          | REFUSED          | REFUSED          | REFUSED          | REFUSED          | REFUSED          | REFUSED          |
# START par-svm/base repeat=1/train
# DONE par-svm/base repeat=1/train 0.000s
# CELL par-svm/base REFUSED 0.000s
# START par-svm/ties repeat=1/train
# DONE par-svm/ties repeat=1/train 0.000s
# CELL par-svm/ties REFUSED 0.000s
# START par-svm/hashed repeat=1/train
# DONE par-svm/hashed repeat=1/train 0.000s
# CELL par-svm/hashed REFUSED 0.000s
# START par-svm/wide repeat=1/train
# DONE par-svm/wide repeat=1/train 0.001s
# CELL par-svm/wide REFUSED 0.001s
# START par-svm/denormal repeat=1/train
# DONE par-svm/denormal repeat=1/train 0.000s
# CELL par-svm/denormal REFUSED 0.001s
# START par-svm/denormal_ftz repeat=1/train
# DONE par-svm/denormal_ftz repeat=1/train 0.001s
# CELL par-svm/denormal_ftz REFUSED 0.001s
# START par-svm/dupes repeat=1/train
# DONE par-svm/dupes repeat=1/train 0.000s
# CELL par-svm/dupes REFUSED 0.000s
# START par-svm/odd repeat=1/train
# DONE par-svm/odd repeat=1/train 0.000s
# CELL par-svm/odd REFUSED 0.000s
# START par-svm/negative repeat=1/train
# DONE par-svm/negative repeat=1/train 0.001s
# CELL par-svm/negative REFUSED 0.001s
| par-svm                | REFUSED          | REFUSED          | REFUSED          | REFUSED          | REFUSED          | REFUSED          | REFUSED          | REFUSED          | REFUSED          |
| par-svm infer          | REFUSED          | REFUSED          | REFUSED          | REFUSED          | REFUSED          | REFUSED          | REFUSED          | REFUSED          | REFUSED          |
| par-svm model          | REFUSED          | REFUSED          | REFUSED          | REFUSED          | REFUSED          | REFUSED          | REFUSED          | REFUSED          | REFUSED          |
| par-svm batch          | REFUSED          | REFUSED          | REFUSED          | REFUSED          | REFUSED          | REFUSED          | REFUSED          | REFUSED          | REFUSED          |
| par-svm batchgrad      | REFUSED          | REFUSED          | REFUSED          | REFUSED          | REFUSED          | REFUSED          | REFUSED          | REFUSED          | REFUSED          |
| par-svm batchscale     | REFUSED          | REFUSED          | REFUSED          | REFUSED          | REFUSED          | REFUSED          | REFUSED          | REFUSED          | REFUSED          |
| par-svm ragged         | REFUSED          | REFUSED          | REFUSED          | REFUSED          | REFUSED          | REFUSED          | REFUSED          | REFUSED          | REFUSED          |
| par-svm stepfull       | REFUSED          | REFUSED          | REFUSED          | REFUSED          | REFUSED          | REFUSED          | REFUSED          | REFUSED          | REFUSED          |
# START par-arima/base repeat=1/train
# DONE par-arima/base repeat=1/train 0.096s
# START par-arima/base repeat=1/infer-save-reload
# DONE par-arima/base repeat=1/infer-save-reload 0.002s
# START par-arima/base repeat=1/batch
# DONE par-arima/base repeat=1/batch 0.001s
# START par-arima/base repeat=1/batchgrad
# DONE par-arima/base repeat=1/batchgrad 0.000s
# START par-arima/base repeat=1/batchscale
# DONE par-arima/base repeat=1/batchscale 0.000s
# START par-arima/base repeat=1/ragged
# DONE par-arima/base repeat=1/ragged 0.000s
# START par-arima/base repeat=1/stepfull
# DONE par-arima/base repeat=1/stepfull 0.000s
# START par-arima/base repeat=2/train
# DONE par-arima/base repeat=2/train 0.093s
# START par-arima/base repeat=2/infer-save-reload
# DONE par-arima/base repeat=2/infer-save-reload 0.002s
# START par-arima/base repeat=2/batch
# DONE par-arima/base repeat=2/batch 0.001s
# START par-arima/base repeat=2/batchgrad
# DONE par-arima/base repeat=2/batchgrad 0.000s
# START par-arima/base repeat=2/batchscale
# DONE par-arima/base repeat=2/batchscale 0.000s
# START par-arima/base repeat=2/ragged
# DONE par-arima/base repeat=2/ragged 0.000s
# START par-arima/base repeat=2/stepfull
# DONE par-arima/base repeat=2/stepfull 0.000s
# CELL par-arima/base STABLE 0.195s
# START par-arima/ties repeat=1/train
# DONE par-arima/ties repeat=1/train 0.104s
# START par-arima/ties repeat=1/infer-save-reload
# DONE par-arima/ties repeat=1/infer-save-reload 0.002s
# START par-arima/ties repeat=1/batch
# DONE par-arima/ties repeat=1/batch 0.001s
# START par-arima/ties repeat=1/batchgrad
# DONE par-arima/ties repeat=1/batchgrad 0.000s
# START par-arima/ties repeat=1/batchscale
# DONE par-arima/ties repeat=1/batchscale 0.000s
# START par-arima/ties repeat=1/ragged
# DONE par-arima/ties repeat=1/ragged 0.000s
# START par-arima/ties repeat=1/stepfull
# DONE par-arima/ties repeat=1/stepfull 0.000s
# START par-arima/ties repeat=2/train
# DONE par-arima/ties repeat=2/train 0.104s
# START par-arima/ties repeat=2/infer-save-reload
# DONE par-arima/ties repeat=2/infer-save-reload 0.002s
# START par-arima/ties repeat=2/batch
# DONE par-arima/ties repeat=2/batch 0.001s
# START par-arima/ties repeat=2/batchgrad
# DONE par-arima/ties repeat=2/batchgrad 0.000s
# START par-arima/ties repeat=2/batchscale
# DONE par-arima/ties repeat=2/batchscale 0.000s
# START par-arima/ties repeat=2/ragged
# DONE par-arima/ties repeat=2/ragged 0.000s
# START par-arima/ties repeat=2/stepfull
# DONE par-arima/ties repeat=2/stepfull 0.000s
# CELL par-arima/ties STABLE 0.214s
# START par-arima/hashed repeat=1/train
# DONE par-arima/hashed repeat=1/train 0.099s
# START par-arima/hashed repeat=1/infer-save-reload
# DONE par-arima/hashed repeat=1/infer-save-reload 0.002s
# START par-arima/hashed repeat=1/batch
# DONE par-arima/hashed repeat=1/batch 0.001s
# START par-arima/hashed repeat=1/batchgrad
# DONE par-arima/hashed repeat=1/batchgrad 0.000s
# START par-arima/hashed repeat=1/batchscale
# DONE par-arima/hashed repeat=1/batchscale 0.000s
# START par-arima/hashed repeat=1/ragged
# DONE par-arima/hashed repeat=1/ragged 0.000s
# START par-arima/hashed repeat=1/stepfull
# DONE par-arima/hashed repeat=1/stepfull 0.000s
# START par-arima/hashed repeat=2/train
# DONE par-arima/hashed repeat=2/train 0.101s
# START par-arima/hashed repeat=2/infer-save-reload
# DONE par-arima/hashed repeat=2/infer-save-reload 0.002s
# START par-arima/hashed repeat=2/batch
# DONE par-arima/hashed repeat=2/batch 0.001s
# START par-arima/hashed repeat=2/batchgrad
# DONE par-arima/hashed repeat=2/batchgrad 0.000s
# START par-arima/hashed repeat=2/batchscale
# DONE par-arima/hashed repeat=2/batchscale 0.000s
# START par-arima/hashed repeat=2/ragged
# DONE par-arima/hashed repeat=2/ragged 0.000s
# START par-arima/hashed repeat=2/stepfull
# DONE par-arima/hashed repeat=2/stepfull 0.000s
# CELL par-arima/hashed STABLE 0.206s
# START par-arima/wide repeat=1/train
# DONE par-arima/wide repeat=1/train 0.119s
# START par-arima/wide repeat=1/infer-save-reload
# DONE par-arima/wide repeat=1/infer-save-reload 0.004s
# START par-arima/wide repeat=1/batch
# DONE par-arima/wide repeat=1/batch 0.001s
# START par-arima/wide repeat=1/batchgrad
# DONE par-arima/wide repeat=1/batchgrad 0.000s
# START par-arima/wide repeat=1/batchscale
# DONE par-arima/wide repeat=1/batchscale 0.000s
# START par-arima/wide repeat=1/ragged
# DONE par-arima/wide repeat=1/ragged 0.000s
# START par-arima/wide repeat=1/stepfull
# DONE par-arima/wide repeat=1/stepfull 0.000s
# START par-arima/wide repeat=2/train
# DONE par-arima/wide repeat=2/train 0.109s
# START par-arima/wide repeat=2/infer-save-reload
# DONE par-arima/wide repeat=2/infer-save-reload 0.002s
# START par-arima/wide repeat=2/batch
# DONE par-arima/wide repeat=2/batch 0.001s
# START par-arima/wide repeat=2/batchgrad
# DONE par-arima/wide repeat=2/batchgrad 0.000s
# START par-arima/wide repeat=2/batchscale
# DONE par-arima/wide repeat=2/batchscale 0.000s
# START par-arima/wide repeat=2/ragged
# DONE par-arima/wide repeat=2/ragged 0.000s
# START par-arima/wide repeat=2/stepfull
# DONE par-arima/wide repeat=2/stepfull 0.000s
# CELL par-arima/wide STABLE 0.236s
# START par-arima/denormal repeat=1/train
# DONE par-arima/denormal repeat=1/train 0.109s
# START par-arima/denormal repeat=1/infer-save-reload
# DONE par-arima/denormal repeat=1/infer-save-reload 0.002s
# START par-arima/denormal repeat=1/batch
# DONE par-arima/denormal repeat=1/batch 0.001s
# START par-arima/denormal repeat=1/batchgrad
# DONE par-arima/denormal repeat=1/batchgrad 0.000s
# START par-arima/denormal repeat=1/batchscale
# DONE par-arima/denormal repeat=1/batchscale 0.000s
# START par-arima/denormal repeat=1/ragged
# DONE par-arima/denormal repeat=1/ragged 0.000s
# START par-arima/denormal repeat=1/stepfull
# DONE par-arima/denormal repeat=1/stepfull 0.000s
# START par-arima/denormal repeat=2/train
# DONE par-arima/denormal repeat=2/train 0.113s
# START par-arima/denormal repeat=2/infer-save-reload
# DONE par-arima/denormal repeat=2/infer-save-reload 0.002s
# START par-arima/denormal repeat=2/batch
# DONE par-arima/denormal repeat=2/batch 0.001s
# START par-arima/denormal repeat=2/batchgrad
# DONE par-arima/denormal repeat=2/batchgrad 0.000s
# START par-arima/denormal repeat=2/batchscale
# DONE par-arima/denormal repeat=2/batchscale 0.000s
# START par-arima/denormal repeat=2/ragged
# DONE par-arima/denormal repeat=2/ragged 0.000s
# START par-arima/denormal repeat=2/stepfull
# DONE par-arima/denormal repeat=2/stepfull 0.000s
# CELL par-arima/denormal STABLE 0.228s
# START par-arima/denormal_ftz repeat=1/train
# DONE par-arima/denormal_ftz repeat=1/train 0.112s
# START par-arima/denormal_ftz repeat=1/infer-save-reload
# DONE par-arima/denormal_ftz repeat=1/infer-save-reload 0.002s
# START par-arima/denormal_ftz repeat=1/batch
# DONE par-arima/denormal_ftz repeat=1/batch 0.001s
# START par-arima/denormal_ftz repeat=1/batchgrad
# DONE par-arima/denormal_ftz repeat=1/batchgrad 0.000s
# START par-arima/denormal_ftz repeat=1/batchscale
# DONE par-arima/denormal_ftz repeat=1/batchscale 0.000s
# START par-arima/denormal_ftz repeat=1/ragged
# DONE par-arima/denormal_ftz repeat=1/ragged 0.000s
# START par-arima/denormal_ftz repeat=1/stepfull
# DONE par-arima/denormal_ftz repeat=1/stepfull 0.000s
# START par-arima/denormal_ftz repeat=2/train
# DONE par-arima/denormal_ftz repeat=2/train 0.110s
# START par-arima/denormal_ftz repeat=2/infer-save-reload
# DONE par-arima/denormal_ftz repeat=2/infer-save-reload 0.002s
# START par-arima/denormal_ftz repeat=2/batch
# DONE par-arima/denormal_ftz repeat=2/batch 0.001s
# START par-arima/denormal_ftz repeat=2/batchgrad
# DONE par-arima/denormal_ftz repeat=2/batchgrad 0.000s
# START par-arima/denormal_ftz repeat=2/batchscale
# DONE par-arima/denormal_ftz repeat=2/batchscale 0.000s
# START par-arima/denormal_ftz repeat=2/ragged
# DONE par-arima/denormal_ftz repeat=2/ragged 0.000s
# START par-arima/denormal_ftz repeat=2/stepfull
# DONE par-arima/denormal_ftz repeat=2/stepfull 0.000s
# CELL par-arima/denormal_ftz STABLE 0.229s
# START par-arima/dupes repeat=1/train
# DONE par-arima/dupes repeat=1/train 0.098s
# START par-arima/dupes repeat=1/infer-save-reload
# DONE par-arima/dupes repeat=1/infer-save-reload 0.002s
# START par-arima/dupes repeat=1/batch
# DONE par-arima/dupes repeat=1/batch 0.001s
# START par-arima/dupes repeat=1/batchgrad
# DONE par-arima/dupes repeat=1/batchgrad 0.000s
# START par-arima/dupes repeat=1/batchscale
# DONE par-arima/dupes repeat=1/batchscale 0.000s
# START par-arima/dupes repeat=1/ragged
# DONE par-arima/dupes repeat=1/ragged 0.000s
# START par-arima/dupes repeat=1/stepfull
# DONE par-arima/dupes repeat=1/stepfull 0.000s
# START par-arima/dupes repeat=2/train
# DONE par-arima/dupes repeat=2/train 0.098s
# START par-arima/dupes repeat=2/infer-save-reload
# DONE par-arima/dupes repeat=2/infer-save-reload 0.002s
# START par-arima/dupes repeat=2/batch
# DONE par-arima/dupes repeat=2/batch 0.001s
# START par-arima/dupes repeat=2/batchgrad
# DONE par-arima/dupes repeat=2/batchgrad 0.000s
# START par-arima/dupes repeat=2/batchscale
# DONE par-arima/dupes repeat=2/batchscale 0.000s
# START par-arima/dupes repeat=2/ragged
# DONE par-arima/dupes repeat=2/ragged 0.000s
# START par-arima/dupes repeat=2/stepfull
# DONE par-arima/dupes repeat=2/stepfull 0.000s
# CELL par-arima/dupes STABLE 0.202s
# START par-arima/odd repeat=1/train
# DONE par-arima/odd repeat=1/train 0.105s
# START par-arima/odd repeat=1/infer-save-reload
# DONE par-arima/odd repeat=1/infer-save-reload 0.002s
# START par-arima/odd repeat=1/batch
# DONE par-arima/odd repeat=1/batch 0.001s
# START par-arima/odd repeat=1/batchgrad
# DONE par-arima/odd repeat=1/batchgrad 0.000s
# START par-arima/odd repeat=1/batchscale
# DONE par-arima/odd repeat=1/batchscale 0.000s
# START par-arima/odd repeat=1/ragged
# DONE par-arima/odd repeat=1/ragged 0.000s
# START par-arima/odd repeat=1/stepfull
# DONE par-arima/odd repeat=1/stepfull 0.000s
# START par-arima/odd repeat=2/train
# DONE par-arima/odd repeat=2/train 0.103s
# START par-arima/odd repeat=2/infer-save-reload
# DONE par-arima/odd repeat=2/infer-save-reload 0.002s
# START par-arima/odd repeat=2/batch
# DONE par-arima/odd repeat=2/batch 0.001s
# START par-arima/odd repeat=2/batchgrad
# DONE par-arima/odd repeat=2/batchgrad 0.000s
# START par-arima/odd repeat=2/batchscale
# DONE par-arima/odd repeat=2/batchscale 0.000s
# START par-arima/odd repeat=2/ragged
# DONE par-arima/odd repeat=2/ragged 0.000s
# START par-arima/odd repeat=2/stepfull
# DONE par-arima/odd repeat=2/stepfull 0.000s
# CELL par-arima/odd STABLE 0.214s
# START par-arima/negative repeat=1/train
# DONE par-arima/negative repeat=1/train 0.237s
# START par-arima/negative repeat=1/infer-save-reload
# DONE par-arima/negative repeat=1/infer-save-reload 0.002s
# START par-arima/negative repeat=1/batch
# DONE par-arima/negative repeat=1/batch 0.001s
# START par-arima/negative repeat=1/batchgrad
# DONE par-arima/negative repeat=1/batchgrad 0.000s
# START par-arima/negative repeat=1/batchscale
# DONE par-arima/negative repeat=1/batchscale 0.000s
# START par-arima/negative repeat=1/ragged
# DONE par-arima/negative repeat=1/ragged 0.000s
# START par-arima/negative repeat=1/stepfull
# DONE par-arima/negative repeat=1/stepfull 0.000s
# START par-arima/negative repeat=2/train
# DONE par-arima/negative repeat=2/train 0.235s
# START par-arima/negative repeat=2/infer-save-reload
# DONE par-arima/negative repeat=2/infer-save-reload 0.002s
# START par-arima/negative repeat=2/batch
# DONE par-arima/negative repeat=2/batch 0.001s
# START par-arima/negative repeat=2/batchgrad
# DONE par-arima/negative repeat=2/batchgrad 0.000s
# START par-arima/negative repeat=2/batchscale
# DONE par-arima/negative repeat=2/batchscale 0.000s
# START par-arima/negative repeat=2/ragged
# DONE par-arima/negative repeat=2/ragged 0.000s
# START par-arima/negative repeat=2/stepfull
# DONE par-arima/negative repeat=2/stepfull 0.000s
# CELL par-arima/negative STABLE 0.478s
| par-arima              | 377790cb117abb61 | 990e96a6d7fd2874 | d4ed8b9405da9691 | 440f5eba6a3ddede | 7dbefd70378dfac6 | 7dbefd70378dfac6 | 377790cb117abb61 | 20bf64323fc5fa12 | 29f18fa209679839 |
| par-arima infer        | 9f76be0396a666ca | e699bca0934688f0 | 06461dad67cfb784 | 956bebc3f45a1c69 | aab930a9e876ec1e | aab930a9e876ec1e | 9f76be0396a666ca | 4aa662dbcc728e65 | 4e0defb4e0feb99f |
| par-arima model        | 30ba4efd0914b6c6 | 672e12505bacbd28 | 441a57bf23a7408f | c9805526ebbb0c08 | 6d298094debea801 | 78d2c912bd5e86b2 | 30ba4efd0914b6c6 | ebdb0efc8cbeae00 | d5e9006bec13eb62 |
| par-arima batch        | cef3c859431cbbaf | 7abdf42416059c68 | 4d744e464df6b3d6 | 9103785606065f64 | a5e918e8c07deeeb | a5e918e8c07deeeb | cef3c859431cbbaf | 8e0a0c4068873ad7 | a00b86402bf13b42 |
# START par-byte-lm/base repeat=1/train
# DONE par-byte-lm/base repeat=1/train 0.006s
# CELL par-byte-lm/base REFUSED 0.006s
# START par-byte-lm/ties repeat=1/train
# DONE par-byte-lm/ties repeat=1/train 0.005s
# CELL par-byte-lm/ties REFUSED 0.005s
# START par-byte-lm/hashed repeat=1/train
# DONE par-byte-lm/hashed repeat=1/train 0.005s
# CELL par-byte-lm/hashed REFUSED 0.005s
# START par-byte-lm/wide repeat=1/train
# DONE par-byte-lm/wide repeat=1/train 0.005s
# CELL par-byte-lm/wide REFUSED 0.005s
# START par-byte-lm/denormal repeat=1/train
# DONE par-byte-lm/denormal repeat=1/train 0.005s
# CELL par-byte-lm/denormal REFUSED 0.005s
# START par-byte-lm/denormal_ftz repeat=1/train
# DONE par-byte-lm/denormal_ftz repeat=1/train 0.005s
# CELL par-byte-lm/denormal_ftz REFUSED 0.005s
# START par-byte-lm/dupes repeat=1/train
# DONE par-byte-lm/dupes repeat=1/train 0.005s
# CELL par-byte-lm/dupes REFUSED 0.005s
# START par-byte-lm/odd repeat=1/train
# DONE par-byte-lm/odd repeat=1/train 0.005s
# CELL par-byte-lm/odd REFUSED 0.005s
# START par-byte-lm/negative repeat=1/train
# DONE par-byte-lm/negative repeat=1/train 0.005s
# CELL par-byte-lm/negative REFUSED 0.005s
| par-byte-lm            | REFUSED          | REFUSED          | REFUSED          | REFUSED          | REFUSED          | REFUSED          | REFUSED          | REFUSED          | REFUSED          |
| par-byte-lm infer      | REFUSED          | REFUSED          | REFUSED          | REFUSED          | REFUSED          | REFUSED          | REFUSED          | REFUSED          | REFUSED          |
| par-byte-lm model      | REFUSED          | REFUSED          | REFUSED          | REFUSED          | REFUSED          | REFUSED          | REFUSED          | REFUSED          | REFUSED          |
| par-byte-lm batch      | REFUSED          | REFUSED          | REFUSED          | REFUSED          | REFUSED          | REFUSED          | REFUSED          | REFUSED          | REFUSED          |
| par-byte-lm batchgrad  | REFUSED          | REFUSED          | REFUSED          | REFUSED          | REFUSED          | REFUSED          | REFUSED          | REFUSED          | REFUSED          |
| par-byte-lm batchscale | REFUSED          | REFUSED          | REFUSED          | REFUSED          | REFUSED          | REFUSED          | REFUSED          | REFUSED          | REFUSED          |
| par-byte-lm ragged     | REFUSED          | REFUSED          | REFUSED          | REFUSED          | REFUSED          | REFUSED          | REFUSED          | REFUSED          | REFUSED          |
| par-byte-lm stepfull   | REFUSED          | REFUSED          | REFUSED          | REFUSED          | REFUSED          | REFUSED          | REFUSED          | REFUSED          | REFUSED          |
# START par-reference-knn/base repeat=1/train
# DONE par-reference-knn/base repeat=1/train 0.203s
# START par-reference-knn/base repeat=1/infer-save-reload
# DONE par-reference-knn/base repeat=1/infer-save-reload 0.301s
# START par-reference-knn/base repeat=1/batch
# DONE par-reference-knn/base repeat=1/batch 0.551s
# START par-reference-knn/base repeat=1/batchgrad
# DONE par-reference-knn/base repeat=1/batchgrad 0.000s
# START par-reference-knn/base repeat=1/batchscale
# DONE par-reference-knn/base repeat=1/batchscale 0.000s
# START par-reference-knn/base repeat=1/ragged
# DONE par-reference-knn/base repeat=1/ragged 0.000s
# START par-reference-knn/base repeat=1/stepfull
# DONE par-reference-knn/base repeat=1/stepfull 0.000s
# START par-reference-knn/base repeat=2/train
# DONE par-reference-knn/base repeat=2/train 0.224s
# START par-reference-knn/base repeat=2/infer-save-reload
# DONE par-reference-knn/base repeat=2/infer-save-reload 0.319s
# START par-reference-knn/base repeat=2/batch
# DONE par-reference-knn/base repeat=2/batch 0.628s
# START par-reference-knn/base repeat=2/batchgrad
# DONE par-reference-knn/base repeat=2/batchgrad 0.000s
# START par-reference-knn/base repeat=2/batchscale
# DONE par-reference-knn/base repeat=2/batchscale 0.000s
# START par-reference-knn/base repeat=2/ragged
# DONE par-reference-knn/base repeat=2/ragged 0.000s
# START par-reference-knn/base repeat=2/stepfull
# DONE par-reference-knn/base repeat=2/stepfull 0.000s
# CELL par-reference-knn/base STABLE 2.227s
# START par-reference-knn/ties repeat=1/train
# DONE par-reference-knn/ties repeat=1/train 0.285s
# START par-reference-knn/ties repeat=1/infer-save-reload
# DONE par-reference-knn/ties repeat=1/infer-save-reload 0.307s
# START par-reference-knn/ties repeat=1/batch
# DONE par-reference-knn/ties repeat=1/batch 0.612s
# START par-reference-knn/ties repeat=1/batchgrad
# DONE par-reference-knn/ties repeat=1/batchgrad 0.000s
# START par-reference-knn/ties repeat=1/batchscale
# DONE par-reference-knn/ties repeat=1/batchscale 0.000s
# START par-reference-knn/ties repeat=1/ragged
# DONE par-reference-knn/ties repeat=1/ragged 0.000s
# START par-reference-knn/ties repeat=1/stepfull
# DONE par-reference-knn/ties repeat=1/stepfull 0.000s
# START par-reference-knn/ties repeat=2/train
# DONE par-reference-knn/ties repeat=2/train 0.273s
# START par-reference-knn/ties repeat=2/infer-save-reload
# DONE par-reference-knn/ties repeat=2/infer-save-reload 0.406s
# START par-reference-knn/ties repeat=2/batch
# DONE par-reference-knn/ties repeat=2/batch 0.671s
# START par-reference-knn/ties repeat=2/batchgrad
# DONE par-reference-knn/ties repeat=2/batchgrad 0.000s
# START par-reference-knn/ties repeat=2/batchscale
# DONE par-reference-knn/ties repeat=2/batchscale 0.000s
# START par-reference-knn/ties repeat=2/ragged
# DONE par-reference-knn/ties repeat=2/ragged 0.000s
# START par-reference-knn/ties repeat=2/stepfull
# DONE par-reference-knn/ties repeat=2/stepfull 0.000s
# CELL par-reference-knn/ties STABLE 2.555s
# START par-reference-knn/hashed repeat=1/train
# DONE par-reference-knn/hashed repeat=1/train 0.221s
# START par-reference-knn/hashed repeat=1/infer-save-reload
# DONE par-reference-knn/hashed repeat=1/infer-save-reload 0.324s
# START par-reference-knn/hashed repeat=1/batch
# DONE par-reference-knn/hashed repeat=1/batch 0.513s
# START par-reference-knn/hashed repeat=1/batchgrad
# DONE par-reference-knn/hashed repeat=1/batchgrad 0.000s
# START par-reference-knn/hashed repeat=1/batchscale
# DONE par-reference-knn/hashed repeat=1/batchscale 0.000s
# START par-reference-knn/hashed repeat=1/ragged
# DONE par-reference-knn/hashed repeat=1/ragged 0.000s
# START par-reference-knn/hashed repeat=1/stepfull
# DONE par-reference-knn/hashed repeat=1/stepfull 0.000s
# START par-reference-knn/hashed repeat=2/train
# DONE par-reference-knn/hashed repeat=2/train 0.236s
# START par-reference-knn/hashed repeat=2/infer-save-reload
# DONE par-reference-knn/hashed repeat=2/infer-save-reload 0.302s
# START par-reference-knn/hashed repeat=2/batch
# DONE par-reference-knn/hashed repeat=2/batch 0.515s
# START par-reference-knn/hashed repeat=2/batchgrad
# DONE par-reference-knn/hashed repeat=2/batchgrad 0.000s
# START par-reference-knn/hashed repeat=2/batchscale
# DONE par-reference-knn/hashed repeat=2/batchscale 0.000s
# START par-reference-knn/hashed repeat=2/ragged
# DONE par-reference-knn/hashed repeat=2/ragged 0.000s
# START par-reference-knn/hashed repeat=2/stepfull
# DONE par-reference-knn/hashed repeat=2/stepfull 0.000s
# CELL par-reference-knn/hashed STABLE 2.110s
# START par-reference-knn/wide repeat=1/train
# DONE par-reference-knn/wide repeat=1/train 0.238s
# START par-reference-knn/wide repeat=1/infer-save-reload
# DONE par-reference-knn/wide repeat=1/infer-save-reload 0.329s
# START par-reference-knn/wide repeat=1/batch
# DONE par-reference-knn/wide repeat=1/batch 0.508s
# START par-reference-knn/wide repeat=1/batchgrad
# DONE par-reference-knn/wide repeat=1/batchgrad 0.000s
# START par-reference-knn/wide repeat=1/batchscale
# DONE par-reference-knn/wide repeat=1/batchscale 0.000s
# START par-reference-knn/wide repeat=1/ragged
# DONE par-reference-knn/wide repeat=1/ragged 0.000s
# START par-reference-knn/wide repeat=1/stepfull
# DONE par-reference-knn/wide repeat=1/stepfull 0.000s
# START par-reference-knn/wide repeat=2/train
# DONE par-reference-knn/wide repeat=2/train 0.215s
# START par-reference-knn/wide repeat=2/infer-save-reload
# DONE par-reference-knn/wide repeat=2/infer-save-reload 0.317s
# START par-reference-knn/wide repeat=2/batch
# DONE par-reference-knn/wide repeat=2/batch 0.512s
# START par-reference-knn/wide repeat=2/batchgrad
# DONE par-reference-knn/wide repeat=2/batchgrad 0.000s
# START par-reference-knn/wide repeat=2/batchscale
# DONE par-reference-knn/wide repeat=2/batchscale 0.000s
# START par-reference-knn/wide repeat=2/ragged
# DONE par-reference-knn/wide repeat=2/ragged 0.000s
# START par-reference-knn/wide repeat=2/stepfull
# DONE par-reference-knn/wide repeat=2/stepfull 0.000s
# CELL par-reference-knn/wide STABLE 2.122s
# START par-reference-knn/denormal repeat=1/train
# DONE par-reference-knn/denormal repeat=1/train 0.219s
# START par-reference-knn/denormal repeat=1/infer-save-reload
# DONE par-reference-knn/denormal repeat=1/infer-save-reload 0.321s
# START par-reference-knn/denormal repeat=1/batch
# DONE par-reference-knn/denormal repeat=1/batch 0.518s
# START par-reference-knn/denormal repeat=1/batchgrad
# DONE par-reference-knn/denormal repeat=1/batchgrad 0.000s
# START par-reference-knn/denormal repeat=1/batchscale
# DONE par-reference-knn/denormal repeat=1/batchscale 0.000s
# START par-reference-knn/denormal repeat=1/ragged
# DONE par-reference-knn/denormal repeat=1/ragged 0.000s
# START par-reference-knn/denormal repeat=1/stepfull
# DONE par-reference-knn/denormal repeat=1/stepfull 0.000s
# START par-reference-knn/denormal repeat=2/train
# DONE par-reference-knn/denormal repeat=2/train 0.241s
# START par-reference-knn/denormal repeat=2/infer-save-reload
# DONE par-reference-knn/denormal repeat=2/infer-save-reload 0.329s
# START par-reference-knn/denormal repeat=2/batch
# DONE par-reference-knn/denormal repeat=2/batch 0.514s
# START par-reference-knn/denormal repeat=2/batchgrad
# DONE par-reference-knn/denormal repeat=2/batchgrad 0.000s
# START par-reference-knn/denormal repeat=2/batchscale
# DONE par-reference-knn/denormal repeat=2/batchscale 0.000s
# START par-reference-knn/denormal repeat=2/ragged
# DONE par-reference-knn/denormal repeat=2/ragged 0.000s
# START par-reference-knn/denormal repeat=2/stepfull
# DONE par-reference-knn/denormal repeat=2/stepfull 0.000s
# CELL par-reference-knn/denormal STABLE 2.142s
# START par-reference-knn/denormal_ftz repeat=1/train
# DONE par-reference-knn/denormal_ftz repeat=1/train 0.231s
# START par-reference-knn/denormal_ftz repeat=1/infer-save-reload
# DONE par-reference-knn/denormal_ftz repeat=1/infer-save-reload 0.311s
# START par-reference-knn/denormal_ftz repeat=1/batch
# DONE par-reference-knn/denormal_ftz repeat=1/batch 0.493s
# START par-reference-knn/denormal_ftz repeat=1/batchgrad
# DONE par-reference-knn/denormal_ftz repeat=1/batchgrad 0.000s
# START par-reference-knn/denormal_ftz repeat=1/batchscale
# DONE par-reference-knn/denormal_ftz repeat=1/batchscale 0.000s
# START par-reference-knn/denormal_ftz repeat=1/ragged
# DONE par-reference-knn/denormal_ftz repeat=1/ragged 0.000s
# START par-reference-knn/denormal_ftz repeat=1/stepfull
# DONE par-reference-knn/denormal_ftz repeat=1/stepfull 0.000s
# START par-reference-knn/denormal_ftz repeat=2/train
# DONE par-reference-knn/denormal_ftz repeat=2/train 0.205s
# START par-reference-knn/denormal_ftz repeat=2/infer-save-reload
# DONE par-reference-knn/denormal_ftz repeat=2/infer-save-reload 0.355s
# START par-reference-knn/denormal_ftz repeat=2/batch
# DONE par-reference-knn/denormal_ftz repeat=2/batch 0.586s
# START par-reference-knn/denormal_ftz repeat=2/batchgrad
# DONE par-reference-knn/denormal_ftz repeat=2/batchgrad 0.000s
# START par-reference-knn/denormal_ftz repeat=2/batchscale
# DONE par-reference-knn/denormal_ftz repeat=2/batchscale 0.000s
# START par-reference-knn/denormal_ftz repeat=2/ragged
# DONE par-reference-knn/denormal_ftz repeat=2/ragged 0.000s
# START par-reference-knn/denormal_ftz repeat=2/stepfull
# DONE par-reference-knn/denormal_ftz repeat=2/stepfull 0.000s
# CELL par-reference-knn/denormal_ftz STABLE 2.182s
# START par-reference-knn/dupes repeat=1/train
# DONE par-reference-knn/dupes repeat=1/train 0.250s
# START par-reference-knn/dupes repeat=1/infer-save-reload
# DONE par-reference-knn/dupes repeat=1/infer-save-reload 0.367s
# START par-reference-knn/dupes repeat=1/batch
# DONE par-reference-knn/dupes repeat=1/batch 0.618s
# START par-reference-knn/dupes repeat=1/batchgrad
# DONE par-reference-knn/dupes repeat=1/batchgrad 0.000s
# START par-reference-knn/dupes repeat=1/batchscale
# DONE par-reference-knn/dupes repeat=1/batchscale 0.000s
# START par-reference-knn/dupes repeat=1/ragged
# DONE par-reference-knn/dupes repeat=1/ragged 0.000s
# START par-reference-knn/dupes repeat=1/stepfull
# DONE par-reference-knn/dupes repeat=1/stepfull 0.000s
# START par-reference-knn/dupes repeat=2/train
# DONE par-reference-knn/dupes repeat=2/train 0.252s
# START par-reference-knn/dupes repeat=2/infer-save-reload
# DONE par-reference-knn/dupes repeat=2/infer-save-reload 0.345s
# START par-reference-knn/dupes repeat=2/batch
# DONE par-reference-knn/dupes repeat=2/batch 0.594s
# START par-reference-knn/dupes repeat=2/batchgrad
# DONE par-reference-knn/dupes repeat=2/batchgrad 0.000s
# START par-reference-knn/dupes repeat=2/batchscale
# DONE par-reference-knn/dupes repeat=2/batchscale 0.000s
# START par-reference-knn/dupes repeat=2/ragged
# DONE par-reference-knn/dupes repeat=2/ragged 0.000s
# START par-reference-knn/dupes repeat=2/stepfull
# DONE par-reference-knn/dupes repeat=2/stepfull 0.000s
# CELL par-reference-knn/dupes STABLE 2.427s
# START par-reference-knn/odd repeat=1/train
# DONE par-reference-knn/odd repeat=1/train 0.221s
# START par-reference-knn/odd repeat=1/infer-save-reload
# DONE par-reference-knn/odd repeat=1/infer-save-reload 0.336s
# START par-reference-knn/odd repeat=1/batch
# DONE par-reference-knn/odd repeat=1/batch 0.601s
# START par-reference-knn/odd repeat=1/batchgrad
# DONE par-reference-knn/odd repeat=1/batchgrad 0.000s
# START par-reference-knn/odd repeat=1/batchscale
# DONE par-reference-knn/odd repeat=1/batchscale 0.000s
# START par-reference-knn/odd repeat=1/ragged
# DONE par-reference-knn/odd repeat=1/ragged 0.000s
# START par-reference-knn/odd repeat=1/stepfull
# DONE par-reference-knn/odd repeat=1/stepfull 0.000s
# START par-reference-knn/odd repeat=2/train
# DONE par-reference-knn/odd repeat=2/train 0.251s
# START par-reference-knn/odd repeat=2/infer-save-reload
# DONE par-reference-knn/odd repeat=2/infer-save-reload 0.352s
# START par-reference-knn/odd repeat=2/batch
# DONE par-reference-knn/odd repeat=2/batch 0.591s
# START par-reference-knn/odd repeat=2/batchgrad
# DONE par-reference-knn/odd repeat=2/batchgrad 0.000s
# START par-reference-knn/odd repeat=2/batchscale
# DONE par-reference-knn/odd repeat=2/batchscale 0.000s
# START par-reference-knn/odd repeat=2/ragged
# DONE par-reference-knn/odd repeat=2/ragged 0.000s
# START par-reference-knn/odd repeat=2/stepfull
# DONE par-reference-knn/odd repeat=2/stepfull 0.000s
# CELL par-reference-knn/odd STABLE 2.355s
# START par-reference-knn/negative repeat=1/train
# DONE par-reference-knn/negative repeat=1/train 0.251s
# START par-reference-knn/negative repeat=1/infer-save-reload
# DONE par-reference-knn/negative repeat=1/infer-save-reload 0.346s
# START par-reference-knn/negative repeat=1/batch
# DONE par-reference-knn/negative repeat=1/batch 0.594s
# START par-reference-knn/negative repeat=1/batchgrad
# DONE par-reference-knn/negative repeat=1/batchgrad 0.000s
# START par-reference-knn/negative repeat=1/batchscale
# DONE par-reference-knn/negative repeat=1/batchscale 0.000s
# START par-reference-knn/negative repeat=1/ragged
# DONE par-reference-knn/negative repeat=1/ragged 0.000s
# START par-reference-knn/negative repeat=1/stepfull
# DONE par-reference-knn/negative repeat=1/stepfull 0.000s
# START par-reference-knn/negative repeat=2/train
# DONE par-reference-knn/negative repeat=2/train 0.236s
# START par-reference-knn/negative repeat=2/infer-save-reload
# DONE par-reference-knn/negative repeat=2/infer-save-reload 0.349s
# START par-reference-knn/negative repeat=2/batch
# DONE par-reference-knn/negative repeat=2/batch 0.612s
# START par-reference-knn/negative repeat=2/batchgrad
# DONE par-reference-knn/negative repeat=2/batchgrad 0.000s
# START par-reference-knn/negative repeat=2/batchscale
# DONE par-reference-knn/negative repeat=2/batchscale 0.000s
# START par-reference-knn/negative repeat=2/ragged
# DONE par-reference-knn/negative repeat=2/ragged 0.000s
# START par-reference-knn/negative repeat=2/stepfull
# DONE par-reference-knn/negative repeat=2/stepfull 0.000s
# CELL par-reference-knn/negative STABLE 2.389s
| par-reference-knn      | 4b0dd36744b84c37 | 853a07551e849373 | 71740d620eebff2c | dd6787fbab085855 | 4313fe10444c709c | 4313fe10444c709c | 6858f0a3a5c594bc | 17269e539cfec71f | 228cbed4badc1c43 |
| par-reference-knn infer | 8381d6badb2ee31b | d7292e53ec625170 | 7e895e275d390d17 | b128c6dd4d428648 | 3b26081dcfb54057 | 3b26081dcfb54057 | 20ea108e0746b7e5 | a593e7cc3b0f8144 | 4a407720c8a6509a |
| par-reference-knn model | f0b9be0fd408466b | 02aa0eb5e36cffee | e87300eff71e3476 | 1823e75c34d7670f | 3ae6ad51532e6887 | 02916106bd5f4a5c | 937c7d9ac1a87689 | d52a45a13c74a487 | 1043a59bb6257373 |
| par-reference-knn batch | 73020445ac91c2f7 | 7902b96b1a57fd33 | 4492dc26efaf8ff2 | 65813a17ec281f48 | eba1aa6ad4a6ef82 | eba1aa6ad4a6ef82 | 757f56d2a8b4e46f | 71c0d6aee494e8ee | 99c4c7bc7c4945b1 |
# START par-graph-umap/base repeat=1/train
# DONE par-graph-umap/base repeat=1/train 0.002s
# CELL par-graph-umap/base REFUSED 0.002s
# START par-graph-umap/ties repeat=1/train
# DONE par-graph-umap/ties repeat=1/train 0.001s
# CELL par-graph-umap/ties REFUSED 0.001s
# START par-graph-umap/hashed repeat=1/train
# DONE par-graph-umap/hashed repeat=1/train 0.001s
# CELL par-graph-umap/hashed REFUSED 0.001s
# START par-graph-umap/wide repeat=1/train
# DONE par-graph-umap/wide repeat=1/train 0.001s
# CELL par-graph-umap/wide REFUSED 0.001s
# START par-graph-umap/denormal repeat=1/train
# DONE par-graph-umap/denormal repeat=1/train 0.001s
# CELL par-graph-umap/denormal REFUSED 0.001s
# START par-graph-umap/denormal_ftz repeat=1/train
# DONE par-graph-umap/denormal_ftz repeat=1/train 0.001s
# CELL par-graph-umap/denormal_ftz REFUSED 0.001s
# START par-graph-umap/dupes repeat=1/train
# DONE par-graph-umap/dupes repeat=1/train 0.001s
# CELL par-graph-umap/dupes REFUSED 0.001s
# START par-graph-umap/odd repeat=1/train
# DONE par-graph-umap/odd repeat=1/train 0.000s
# CELL par-graph-umap/odd REFUSED 0.001s
# START par-graph-umap/negative repeat=1/train
# DONE par-graph-umap/negative repeat=1/train 0.001s
# CELL par-graph-umap/negative REFUSED 0.001s
| par-graph-umap         | REFUSED          | REFUSED          | REFUSED          | REFUSED          | REFUSED          | REFUSED          | REFUSED          | REFUSED          | REFUSED          |
| par-graph-umap infer   | REFUSED          | REFUSED          | REFUSED          | REFUSED          | REFUSED          | REFUSED          | REFUSED          | REFUSED          | REFUSED          |
| par-graph-umap model   | REFUSED          | REFUSED          | REFUSED          | REFUSED          | REFUSED          | REFUSED          | REFUSED          | REFUSED          | REFUSED          |
| par-graph-umap batch   | REFUSED          | REFUSED          | REFUSED          | REFUSED          | REFUSED          | REFUSED          | REFUSED          | REFUSED          | REFUSED          |
| par-graph-umap batchgrad | REFUSED          | REFUSED          | REFUSED          | REFUSED          | REFUSED          | REFUSED          | REFUSED          | REFUSED          | REFUSED          |
| par-graph-umap batchscale | REFUSED          | REFUSED          | REFUSED          | REFUSED          | REFUSED          | REFUSED          | REFUSED          | REFUSED          | REFUSED          |
| par-graph-umap ragged  | REFUSED          | REFUSED          | REFUSED          | REFUSED          | REFUSED          | REFUSED          | REFUSED          | REFUSED          | REFUSED          |
| par-graph-umap stepfull | REFUSED          | REFUSED          | REFUSED          | REFUSED          | REFUSED          | REFUSED          | REFUSED          | REFUSED          | REFUSED          |
# START par-holtwinters/base repeat=1/train
# DONE par-holtwinters/base repeat=1/train 0.111s
# START par-holtwinters/base repeat=1/infer-save-reload
# DONE par-holtwinters/base repeat=1/infer-save-reload 0.002s
# START par-holtwinters/base repeat=1/batch
# DONE par-holtwinters/base repeat=1/batch 0.000s
# START par-holtwinters/base repeat=1/batchgrad
# DONE par-holtwinters/base repeat=1/batchgrad 0.000s
# START par-holtwinters/base repeat=1/batchscale
# DONE par-holtwinters/base repeat=1/batchscale 0.000s
# START par-holtwinters/base repeat=1/ragged
# DONE par-holtwinters/base repeat=1/ragged 0.000s
# START par-holtwinters/base repeat=1/stepfull
# DONE par-holtwinters/base repeat=1/stepfull 0.000s
# START par-holtwinters/base repeat=2/train
# DONE par-holtwinters/base repeat=2/train 0.120s
# START par-holtwinters/base repeat=2/infer-save-reload
# DONE par-holtwinters/base repeat=2/infer-save-reload 0.004s
# START par-holtwinters/base repeat=2/batch
# DONE par-holtwinters/base repeat=2/batch 0.001s
# START par-holtwinters/base repeat=2/batchgrad
# DONE par-holtwinters/base repeat=2/batchgrad 0.000s
# START par-holtwinters/base repeat=2/batchscale
# DONE par-holtwinters/base repeat=2/batchscale 0.000s
# START par-holtwinters/base repeat=2/ragged
# DONE par-holtwinters/base repeat=2/ragged 0.000s
# START par-holtwinters/base repeat=2/stepfull
# DONE par-holtwinters/base repeat=2/stepfull 0.000s
# CELL par-holtwinters/base STABLE 0.237s
# START par-holtwinters/ties repeat=1/train
# DONE par-holtwinters/ties repeat=1/train 0.133s
# START par-holtwinters/ties repeat=1/infer-save-reload
# DONE par-holtwinters/ties repeat=1/infer-save-reload 0.003s
# START par-holtwinters/ties repeat=1/batch
# DONE par-holtwinters/ties repeat=1/batch 0.001s
# START par-holtwinters/ties repeat=1/batchgrad
# DONE par-holtwinters/ties repeat=1/batchgrad 0.000s
# START par-holtwinters/ties repeat=1/batchscale
# DONE par-holtwinters/ties repeat=1/batchscale 0.000s
# START par-holtwinters/ties repeat=1/ragged
# DONE par-holtwinters/ties repeat=1/ragged 0.000s
# START par-holtwinters/ties repeat=1/stepfull
# DONE par-holtwinters/ties repeat=1/stepfull 0.000s
# START par-holtwinters/ties repeat=2/train
# DONE par-holtwinters/ties repeat=2/train 0.131s
# START par-holtwinters/ties repeat=2/infer-save-reload
# DONE par-holtwinters/ties repeat=2/infer-save-reload 0.003s
# START par-holtwinters/ties repeat=2/batch
# DONE par-holtwinters/ties repeat=2/batch 0.001s
# START par-holtwinters/ties repeat=2/batchgrad
# DONE par-holtwinters/ties repeat=2/batchgrad 0.000s
# START par-holtwinters/ties repeat=2/batchscale
# DONE par-holtwinters/ties repeat=2/batchscale 0.000s
# START par-holtwinters/ties repeat=2/ragged
# DONE par-holtwinters/ties repeat=2/ragged 0.000s
# START par-holtwinters/ties repeat=2/stepfull
# DONE par-holtwinters/ties repeat=2/stepfull 0.000s
# CELL par-holtwinters/ties STABLE 0.272s
# START par-holtwinters/hashed repeat=1/train
# DONE par-holtwinters/hashed repeat=1/train 0.123s
# START par-holtwinters/hashed repeat=1/infer-save-reload
# DONE par-holtwinters/hashed repeat=1/infer-save-reload 0.003s
# START par-holtwinters/hashed repeat=1/batch
# DONE par-holtwinters/hashed repeat=1/batch 0.001s
# START par-holtwinters/hashed repeat=1/batchgrad
# DONE par-holtwinters/hashed repeat=1/batchgrad 0.000s
# START par-holtwinters/hashed repeat=1/batchscale
# DONE par-holtwinters/hashed repeat=1/batchscale 0.000s
# START par-holtwinters/hashed repeat=1/ragged
# DONE par-holtwinters/hashed repeat=1/ragged 0.000s
# START par-holtwinters/hashed repeat=1/stepfull
# DONE par-holtwinters/hashed repeat=1/stepfull 0.000s
# START par-holtwinters/hashed repeat=2/train
# DONE par-holtwinters/hashed repeat=2/train 0.121s
# START par-holtwinters/hashed repeat=2/infer-save-reload
# DONE par-holtwinters/hashed repeat=2/infer-save-reload 0.003s
# START par-holtwinters/hashed repeat=2/batch
# DONE par-holtwinters/hashed repeat=2/batch 0.001s
# START par-holtwinters/hashed repeat=2/batchgrad
# DONE par-holtwinters/hashed repeat=2/batchgrad 0.000s
# START par-holtwinters/hashed repeat=2/batchscale
# DONE par-holtwinters/hashed repeat=2/batchscale 0.000s
# START par-holtwinters/hashed repeat=2/ragged
# DONE par-holtwinters/hashed repeat=2/ragged 0.000s
# START par-holtwinters/hashed repeat=2/stepfull
# DONE par-holtwinters/hashed repeat=2/stepfull 0.000s
# CELL par-holtwinters/hashed STABLE 0.254s
# START par-holtwinters/wide repeat=1/train
# DONE par-holtwinters/wide repeat=1/train 0.107s
# START par-holtwinters/wide repeat=1/infer-save-reload
# DONE par-holtwinters/wide repeat=1/infer-save-reload 0.002s
# START par-holtwinters/wide repeat=1/batch
# DONE par-holtwinters/wide repeat=1/batch 0.000s
# START par-holtwinters/wide repeat=1/batchgrad
# DONE par-holtwinters/wide repeat=1/batchgrad 0.000s
# START par-holtwinters/wide repeat=1/batchscale
# DONE par-holtwinters/wide repeat=1/batchscale 0.000s
# START par-holtwinters/wide repeat=1/ragged
# DONE par-holtwinters/wide repeat=1/ragged 0.000s
# START par-holtwinters/wide repeat=1/stepfull
# DONE par-holtwinters/wide repeat=1/stepfull 0.000s
# START par-holtwinters/wide repeat=2/train
# DONE par-holtwinters/wide repeat=2/train 0.122s
# START par-holtwinters/wide repeat=2/infer-save-reload
# DONE par-holtwinters/wide repeat=2/infer-save-reload 0.003s
# START par-holtwinters/wide repeat=2/batch
# DONE par-holtwinters/wide repeat=2/batch 0.001s
# START par-holtwinters/wide repeat=2/batchgrad
# DONE par-holtwinters/wide repeat=2/batchgrad 0.000s
# START par-holtwinters/wide repeat=2/batchscale
# DONE par-holtwinters/wide repeat=2/batchscale 0.000s
# START par-holtwinters/wide repeat=2/ragged
# DONE par-holtwinters/wide repeat=2/ragged 0.000s
# START par-holtwinters/wide repeat=2/stepfull
# DONE par-holtwinters/wide repeat=2/stepfull 0.000s
# CELL par-holtwinters/wide STABLE 0.236s
# START par-holtwinters/denormal repeat=1/train
# DONE par-holtwinters/denormal repeat=1/train 0.103s
# START par-holtwinters/denormal repeat=1/infer-save-reload
# DONE par-holtwinters/denormal repeat=1/infer-save-reload 0.003s
# START par-holtwinters/denormal repeat=1/batch
# DONE par-holtwinters/denormal repeat=1/batch 0.001s
# START par-holtwinters/denormal repeat=1/batchgrad
# DONE par-holtwinters/denormal repeat=1/batchgrad 0.000s
# START par-holtwinters/denormal repeat=1/batchscale
# DONE par-holtwinters/denormal repeat=1/batchscale 0.000s
# START par-holtwinters/denormal repeat=1/ragged
# DONE par-holtwinters/denormal repeat=1/ragged 0.000s
# START par-holtwinters/denormal repeat=1/stepfull
# DONE par-holtwinters/denormal repeat=1/stepfull 0.000s
# START par-holtwinters/denormal repeat=2/train
# DONE par-holtwinters/denormal repeat=2/train 0.105s
# START par-holtwinters/denormal repeat=2/infer-save-reload
# DONE par-holtwinters/denormal repeat=2/infer-save-reload 0.003s
# START par-holtwinters/denormal repeat=2/batch
# DONE par-holtwinters/denormal repeat=2/batch 0.001s
# START par-holtwinters/denormal repeat=2/batchgrad
# DONE par-holtwinters/denormal repeat=2/batchgrad 0.000s
# START par-holtwinters/denormal repeat=2/batchscale
# DONE par-holtwinters/denormal repeat=2/batchscale 0.000s
# START par-holtwinters/denormal repeat=2/ragged
# DONE par-holtwinters/denormal repeat=2/ragged 0.000s
# START par-holtwinters/denormal repeat=2/stepfull
# DONE par-holtwinters/denormal repeat=2/stepfull 0.000s
# CELL par-holtwinters/denormal STABLE 0.217s
# START par-holtwinters/denormal_ftz repeat=1/train
# DONE par-holtwinters/denormal_ftz repeat=1/train 0.102s
# START par-holtwinters/denormal_ftz repeat=1/infer-save-reload
# DONE par-holtwinters/denormal_ftz repeat=1/infer-save-reload 0.002s
# START par-holtwinters/denormal_ftz repeat=1/batch
# DONE par-holtwinters/denormal_ftz repeat=1/batch 0.001s
# START par-holtwinters/denormal_ftz repeat=1/batchgrad
# DONE par-holtwinters/denormal_ftz repeat=1/batchgrad 0.000s
# START par-holtwinters/denormal_ftz repeat=1/batchscale
# DONE par-holtwinters/denormal_ftz repeat=1/batchscale 0.000s
# START par-holtwinters/denormal_ftz repeat=1/ragged
# DONE par-holtwinters/denormal_ftz repeat=1/ragged 0.000s
# START par-holtwinters/denormal_ftz repeat=1/stepfull
# DONE par-holtwinters/denormal_ftz repeat=1/stepfull 0.000s
# START par-holtwinters/denormal_ftz repeat=2/train
# DONE par-holtwinters/denormal_ftz repeat=2/train 0.098s
# START par-holtwinters/denormal_ftz repeat=2/infer-save-reload
# DONE par-holtwinters/denormal_ftz repeat=2/infer-save-reload 0.002s
# START par-holtwinters/denormal_ftz repeat=2/batch
# DONE par-holtwinters/denormal_ftz repeat=2/batch 0.000s
# START par-holtwinters/denormal_ftz repeat=2/batchgrad
# DONE par-holtwinters/denormal_ftz repeat=2/batchgrad 0.000s
# START par-holtwinters/denormal_ftz repeat=2/batchscale
# DONE par-holtwinters/denormal_ftz repeat=2/batchscale 0.000s
# START par-holtwinters/denormal_ftz repeat=2/ragged
# DONE par-holtwinters/denormal_ftz repeat=2/ragged 0.000s
# START par-holtwinters/denormal_ftz repeat=2/stepfull
# DONE par-holtwinters/denormal_ftz repeat=2/stepfull 0.000s
# CELL par-holtwinters/denormal_ftz STABLE 0.205s
# START par-holtwinters/dupes repeat=1/train
# DONE par-holtwinters/dupes repeat=1/train 0.107s
# START par-holtwinters/dupes repeat=1/infer-save-reload
# DONE par-holtwinters/dupes repeat=1/infer-save-reload 0.002s
# START par-holtwinters/dupes repeat=1/batch
# DONE par-holtwinters/dupes repeat=1/batch 0.000s
# START par-holtwinters/dupes repeat=1/batchgrad
# DONE par-holtwinters/dupes repeat=1/batchgrad 0.000s
# START par-holtwinters/dupes repeat=1/batchscale
# DONE par-holtwinters/dupes repeat=1/batchscale 0.000s
# START par-holtwinters/dupes repeat=1/ragged
# DONE par-holtwinters/dupes repeat=1/ragged 0.000s
# START par-holtwinters/dupes repeat=1/stepfull
# DONE par-holtwinters/dupes repeat=1/stepfull 0.000s
# START par-holtwinters/dupes repeat=2/train
# DONE par-holtwinters/dupes repeat=2/train 0.109s
# START par-holtwinters/dupes repeat=2/infer-save-reload
# DONE par-holtwinters/dupes repeat=2/infer-save-reload 0.002s
# START par-holtwinters/dupes repeat=2/batch
# DONE par-holtwinters/dupes repeat=2/batch 0.000s
# START par-holtwinters/dupes repeat=2/batchgrad
# DONE par-holtwinters/dupes repeat=2/batchgrad 0.000s
# START par-holtwinters/dupes repeat=2/batchscale
# DONE par-holtwinters/dupes repeat=2/batchscale 0.000s
# START par-holtwinters/dupes repeat=2/ragged
# DONE par-holtwinters/dupes repeat=2/ragged 0.000s
# START par-holtwinters/dupes repeat=2/stepfull
# DONE par-holtwinters/dupes repeat=2/stepfull 0.000s
# CELL par-holtwinters/dupes STABLE 0.220s
# START par-holtwinters/odd repeat=1/train
# DONE par-holtwinters/odd repeat=1/train 0.116s
# START par-holtwinters/odd repeat=1/infer-save-reload
# DONE par-holtwinters/odd repeat=1/infer-save-reload 0.002s
# START par-holtwinters/odd repeat=1/batch
# DONE par-holtwinters/odd repeat=1/batch 0.000s
# START par-holtwinters/odd repeat=1/batchgrad
# DONE par-holtwinters/odd repeat=1/batchgrad 0.000s
# START par-holtwinters/odd repeat=1/batchscale
# DONE par-holtwinters/odd repeat=1/batchscale 0.000s
# START par-holtwinters/odd repeat=1/ragged
# DONE par-holtwinters/odd repeat=1/ragged 0.000s
# START par-holtwinters/odd repeat=1/stepfull
# DONE par-holtwinters/odd repeat=1/stepfull 0.000s
# START par-holtwinters/odd repeat=2/train
# DONE par-holtwinters/odd repeat=2/train 0.115s
# START par-holtwinters/odd repeat=2/infer-save-reload
# DONE par-holtwinters/odd repeat=2/infer-save-reload 0.002s
# START par-holtwinters/odd repeat=2/batch
# DONE par-holtwinters/odd repeat=2/batch 0.000s
# START par-holtwinters/odd repeat=2/batchgrad
# DONE par-holtwinters/odd repeat=2/batchgrad 0.000s
# START par-holtwinters/odd repeat=2/batchscale
# DONE par-holtwinters/odd repeat=2/batchscale 0.000s
# START par-holtwinters/odd repeat=2/ragged
# DONE par-holtwinters/odd repeat=2/ragged 0.000s
# START par-holtwinters/odd repeat=2/stepfull
# DONE par-holtwinters/odd repeat=2/stepfull 0.000s
# CELL par-holtwinters/odd STABLE 0.235s
# START par-holtwinters/negative repeat=1/train
# DONE par-holtwinters/negative repeat=1/train 0.110s
# START par-holtwinters/negative repeat=1/infer-save-reload
# DONE par-holtwinters/negative repeat=1/infer-save-reload 0.002s
# START par-holtwinters/negative repeat=1/batch
# DONE par-holtwinters/negative repeat=1/batch 0.000s
# START par-holtwinters/negative repeat=1/batchgrad
# DONE par-holtwinters/negative repeat=1/batchgrad 0.000s
# START par-holtwinters/negative repeat=1/batchscale
# DONE par-holtwinters/negative repeat=1/batchscale 0.000s
# START par-holtwinters/negative repeat=1/ragged
# DONE par-holtwinters/negative repeat=1/ragged 0.000s
# START par-holtwinters/negative repeat=1/stepfull
# DONE par-holtwinters/negative repeat=1/stepfull 0.000s
# START par-holtwinters/negative repeat=2/train
# DONE par-holtwinters/negative repeat=2/train 0.114s
# START par-holtwinters/negative repeat=2/infer-save-reload
# DONE par-holtwinters/negative repeat=2/infer-save-reload 0.003s
# START par-holtwinters/negative repeat=2/batch
# DONE par-holtwinters/negative repeat=2/batch 0.000s
# START par-holtwinters/negative repeat=2/batchgrad
# DONE par-holtwinters/negative repeat=2/batchgrad 0.000s
# START par-holtwinters/negative repeat=2/batchscale
# DONE par-holtwinters/negative repeat=2/batchscale 0.000s
# START par-holtwinters/negative repeat=2/ragged
# DONE par-holtwinters/negative repeat=2/ragged 0.000s
# START par-holtwinters/negative repeat=2/stepfull
# DONE par-holtwinters/negative repeat=2/stepfull 0.000s
# CELL par-holtwinters/negative STABLE 0.230s
| par-holtwinters        | aa71e2e60daefca2 | 7e871bd012a3962e | 372d451f62fa6901 | e8ca2175544f1a73 | e33dcd8e2af3c5ed | e33dcd8e2af3c5ed | aa71e2e60daefca2 | 02b67bfea83a5c15 | 27548b32b8c6abe8 |
| par-holtwinters infer  | 649ba9e2deb0116b | 6174df6113828371 | 87e9ebb626a4a6aa | 600b74954f7ec426 | ae5d01a90ca7a3a0 | ae5d01a90ca7a3a0 | 649ba9e2deb0116b | a3554de5fcae28c3 | 8b0aed3120b09339 |
| par-holtwinters model  | 2b788f20f8d8c145 | dc2d6a661f911c91 | 0530ffbeced1027e | 3280cb2f403e61bb | 999974b61bbe0004 | 999974b61bbe0004 | 2b788f20f8d8c145 | 3c4ad8350c73bac5 | e97d48fa0ba847d0 |
| par-holtwinters batch  | 232d55481f01f239 | f061dca8388dc5d3 | f5419cbf7bf23ec0 | f035af87f7c31bfd | 61ee91ed7913e382 | 61ee91ed7913e382 | 232d55481f01f239 | 65da76de08e2f1f4 | 513abc3b48ebb80c |
# START par-forest-pool/base repeat=1/train
# DONE par-forest-pool/base repeat=1/train 0.389s
# CELL par-forest-pool/base REFUSED 0.389s
# START par-forest-pool/ties repeat=1/train
# DONE par-forest-pool/ties repeat=1/train 0.261s
# CELL par-forest-pool/ties REFUSED 0.262s
# START par-forest-pool/hashed repeat=1/train
# DONE par-forest-pool/hashed repeat=1/train 0.385s
# CELL par-forest-pool/hashed REFUSED 0.385s
# START par-forest-pool/wide repeat=1/train
# DONE par-forest-pool/wide repeat=1/train 0.397s
# CELL par-forest-pool/wide REFUSED 0.397s
# START par-forest-pool/denormal repeat=1/train
# DONE par-forest-pool/denormal repeat=1/train 0.385s
# CELL par-forest-pool/denormal REFUSED 0.385s
# START par-forest-pool/denormal_ftz repeat=1/train
# DONE par-forest-pool/denormal_ftz repeat=1/train 0.380s
# CELL par-forest-pool/denormal_ftz REFUSED 0.380s
# START par-forest-pool/dupes repeat=1/train
# DONE par-forest-pool/dupes repeat=1/train 0.361s
# CELL par-forest-pool/dupes REFUSED 0.361s
# START par-forest-pool/odd repeat=1/train
# DONE par-forest-pool/odd repeat=1/train 0.308s
# CELL par-forest-pool/odd REFUSED 0.308s
# START par-forest-pool/negative repeat=1/train
# DONE par-forest-pool/negative repeat=1/train 0.377s
# CELL par-forest-pool/negative REFUSED 0.377s
| par-forest-pool        | REFUSED          | REFUSED          | REFUSED          | REFUSED          | REFUSED          | REFUSED          | REFUSED          | REFUSED          | REFUSED          |
| par-forest-pool infer  | REFUSED          | REFUSED          | REFUSED          | REFUSED          | REFUSED          | REFUSED          | REFUSED          | REFUSED          | REFUSED          |
| par-forest-pool model  | REFUSED          | REFUSED          | REFUSED          | REFUSED          | REFUSED          | REFUSED          | REFUSED          | REFUSED          | REFUSED          |
| par-forest-pool batch  | REFUSED          | REFUSED          | REFUSED          | REFUSED          | REFUSED          | REFUSED          | REFUSED          | REFUSED          | REFUSED          |
| par-forest-pool batchgrad | REFUSED          | REFUSED          | REFUSED          | REFUSED          | REFUSED          | REFUSED          | REFUSED          | REFUSED          | REFUSED          |
| par-forest-pool batchscale | REFUSED          | REFUSED          | REFUSED          | REFUSED          | REFUSED          | REFUSED          | REFUSED          | REFUSED          | REFUSED          |
| par-forest-pool ragged | REFUSED          | REFUSED          | REFUSED          | REFUSED          | REFUSED          | REFUSED          | REFUSED          | REFUSED          | REFUSED          |
| par-forest-pool stepfull | REFUSED          | REFUSED          | REFUSED          | REFUSED          | REFUSED          | REFUSED          | REFUSED          | REFUSED          | REFUSED          |
# START par-cholesky/base repeat=1/train
# DONE par-cholesky/base repeat=1/train 0.004s
# CELL par-cholesky/base REFUSED 0.004s
# START par-cholesky/ties repeat=1/train
# DONE par-cholesky/ties repeat=1/train 0.003s
# CELL par-cholesky/ties REFUSED 0.003s
# START par-cholesky/hashed repeat=1/train
# DONE par-cholesky/hashed repeat=1/train 0.002s
# CELL par-cholesky/hashed REFUSED 0.002s
# START par-cholesky/wide repeat=1/train
# DONE par-cholesky/wide repeat=1/train 0.003s
# CELL par-cholesky/wide REFUSED 0.003s
# START par-cholesky/denormal repeat=1/train
# DONE par-cholesky/denormal repeat=1/train 0.002s
# CELL par-cholesky/denormal REFUSED 0.002s
# START par-cholesky/denormal_ftz repeat=1/train
# DONE par-cholesky/denormal_ftz repeat=1/train 0.003s
# CELL par-cholesky/denormal_ftz REFUSED 0.003s
# START par-cholesky/dupes repeat=1/train
# DONE par-cholesky/dupes repeat=1/train 0.002s
# CELL par-cholesky/dupes REFUSED 0.002s
# START par-cholesky/odd repeat=1/train
# DONE par-cholesky/odd repeat=1/train 0.003s
# CELL par-cholesky/odd REFUSED 0.003s
# START par-cholesky/negative repeat=1/train
# DONE par-cholesky/negative repeat=1/train 0.002s
# CELL par-cholesky/negative REFUSED 0.002s
| par-cholesky           | REFUSED          | REFUSED          | REFUSED          | REFUSED          | REFUSED          | REFUSED          | REFUSED          | REFUSED          | REFUSED          |
| par-cholesky infer     | REFUSED          | REFUSED          | REFUSED          | REFUSED          | REFUSED          | REFUSED          | REFUSED          | REFUSED          | REFUSED          |
| par-cholesky model     | REFUSED          | REFUSED          | REFUSED          | REFUSED          | REFUSED          | REFUSED          | REFUSED          | REFUSED          | REFUSED          |
| par-cholesky batch     | REFUSED          | REFUSED          | REFUSED          | REFUSED          | REFUSED          | REFUSED          | REFUSED          | REFUSED          | REFUSED          |
| par-cholesky batchgrad | REFUSED          | REFUSED          | REFUSED          | REFUSED          | REFUSED          | REFUSED          | REFUSED          | REFUSED          | REFUSED          |
| par-cholesky batchscale | REFUSED          | REFUSED          | REFUSED          | REFUSED          | REFUSED          | REFUSED          | REFUSED          | REFUSED          | REFUSED          |
| par-cholesky ragged    | REFUSED          | REFUSED          | REFUSED          | REFUSED          | REFUSED          | REFUSED          | REFUSED          | REFUSED          | REFUSED          |
| par-cholesky stepfull  | REFUSED          | REFUSED          | REFUSED          | REFUSED          | REFUSED          | REFUSED          | REFUSED          | REFUSED          | REFUSED          |
# START par-forest-reg/base repeat=1/train
# DONE par-forest-reg/base repeat=1/train 1.530s
# START par-forest-reg/base repeat=1/infer-save-reload
# DONE par-forest-reg/base repeat=1/infer-save-reload 0.031s
# START par-forest-reg/base repeat=1/batch
# DONE par-forest-reg/base repeat=1/batch 0.081s
# START par-forest-reg/base repeat=1/batchgrad
# DONE par-forest-reg/base repeat=1/batchgrad 0.000s
# START par-forest-reg/base repeat=1/batchscale
# DONE par-forest-reg/base repeat=1/batchscale 0.000s
# START par-forest-reg/base repeat=1/ragged
# DONE par-forest-reg/base repeat=1/ragged 0.000s
# START par-forest-reg/base repeat=1/stepfull
# DONE par-forest-reg/base repeat=1/stepfull 0.000s
# START par-forest-reg/base repeat=2/train
# DONE par-forest-reg/base repeat=2/train 1.506s
# START par-forest-reg/base repeat=2/infer-save-reload
# DONE par-forest-reg/base repeat=2/infer-save-reload 0.032s
# START par-forest-reg/base repeat=2/batch
# DONE par-forest-reg/base repeat=2/batch 0.070s
# START par-forest-reg/base repeat=2/batchgrad
# DONE par-forest-reg/base repeat=2/batchgrad 0.000s
# START par-forest-reg/base repeat=2/batchscale
# DONE par-forest-reg/base repeat=2/batchscale 0.000s
# START par-forest-reg/base repeat=2/ragged
# DONE par-forest-reg/base repeat=2/ragged 0.000s
# START par-forest-reg/base repeat=2/stepfull
# DONE par-forest-reg/base repeat=2/stepfull 0.000s
# CELL par-forest-reg/base STABLE 3.251s
# START par-forest-reg/ties repeat=1/train
# DONE par-forest-reg/ties repeat=1/train 1.350s
# START par-forest-reg/ties repeat=1/infer-save-reload
# DONE par-forest-reg/ties repeat=1/infer-save-reload 0.041s
# START par-forest-reg/ties repeat=1/batch
# DONE par-forest-reg/ties repeat=1/batch 0.066s
# START par-forest-reg/ties repeat=1/batchgrad
# DONE par-forest-reg/ties repeat=1/batchgrad 0.000s
# START par-forest-reg/ties repeat=1/batchscale
# DONE par-forest-reg/ties repeat=1/batchscale 0.000s
# START par-forest-reg/ties repeat=1/ragged
# DONE par-forest-reg/ties repeat=1/ragged 0.000s
# START par-forest-reg/ties repeat=1/stepfull
# DONE par-forest-reg/ties repeat=1/stepfull 0.000s
# START par-forest-reg/ties repeat=2/train
# DONE par-forest-reg/ties repeat=2/train 1.340s
# START par-forest-reg/ties repeat=2/infer-save-reload
# DONE par-forest-reg/ties repeat=2/infer-save-reload 0.022s
# START par-forest-reg/ties repeat=2/batch
# DONE par-forest-reg/ties repeat=2/batch 0.074s
# START par-forest-reg/ties repeat=2/batchgrad
# DONE par-forest-reg/ties repeat=2/batchgrad 0.000s
# START par-forest-reg/ties repeat=2/batchscale
# DONE par-forest-reg/ties repeat=2/batchscale 0.000s
# START par-forest-reg/ties repeat=2/ragged
# DONE par-forest-reg/ties repeat=2/ragged 0.000s
# START par-forest-reg/ties repeat=2/stepfull
# DONE par-forest-reg/ties repeat=2/stepfull 0.000s
# CELL par-forest-reg/ties STABLE 2.894s
# START par-forest-reg/hashed repeat=1/train
# DONE par-forest-reg/hashed repeat=1/train 1.505s
# START par-forest-reg/hashed repeat=1/infer-save-reload
# DONE par-forest-reg/hashed repeat=1/infer-save-reload 0.026s
# START par-forest-reg/hashed repeat=1/batch
# DONE par-forest-reg/hashed repeat=1/batch 0.064s
# START par-forest-reg/hashed repeat=1/batchgrad
# DONE par-forest-reg/hashed repeat=1/batchgrad 0.000s
# START par-forest-reg/hashed repeat=1/batchscale
# DONE par-forest-reg/hashed repeat=1/batchscale 0.000s
# START par-forest-reg/hashed repeat=1/ragged
# DONE par-forest-reg/hashed repeat=1/ragged 0.000s
# START par-forest-reg/hashed repeat=1/stepfull
# DONE par-forest-reg/hashed repeat=1/stepfull 0.000s
# START par-forest-reg/hashed repeat=2/train
# DONE par-forest-reg/hashed repeat=2/train 1.517s
# START par-forest-reg/hashed repeat=2/infer-save-reload
# DONE par-forest-reg/hashed repeat=2/infer-save-reload 0.031s
# START par-forest-reg/hashed repeat=2/batch
# DONE par-forest-reg/hashed repeat=2/batch 0.074s
# START par-forest-reg/hashed repeat=2/batchgrad
# DONE par-forest-reg/hashed repeat=2/batchgrad 0.000s
# START par-forest-reg/hashed repeat=2/batchscale
# DONE par-forest-reg/hashed repeat=2/batchscale 0.000s
# START par-forest-reg/hashed repeat=2/ragged
# DONE par-forest-reg/hashed repeat=2/ragged 0.000s
# START par-forest-reg/hashed repeat=2/stepfull
# DONE par-forest-reg/hashed repeat=2/stepfull 0.000s
# CELL par-forest-reg/hashed STABLE 3.218s
# START par-forest-reg/wide repeat=1/train
# DONE par-forest-reg/wide repeat=1/train 1.545s
# START par-forest-reg/wide repeat=1/infer-save-reload
# DONE par-forest-reg/wide repeat=1/infer-save-reload 0.031s
# START par-forest-reg/wide repeat=1/batch
# DONE par-forest-reg/wide repeat=1/batch 0.070s
# START par-forest-reg/wide repeat=1/batchgrad
# DONE par-forest-reg/wide repeat=1/batchgrad 0.000s
# START par-forest-reg/wide repeat=1/batchscale
# DONE par-forest-reg/wide repeat=1/batchscale 0.000s
# START par-forest-reg/wide repeat=1/ragged
# DONE par-forest-reg/wide repeat=1/ragged 0.000s
# START par-forest-reg/wide repeat=1/stepfull
# DONE par-forest-reg/wide repeat=1/stepfull 0.000s
# START par-forest-reg/wide repeat=2/train
# DONE par-forest-reg/wide repeat=2/train 1.541s
# START par-forest-reg/wide repeat=2/infer-save-reload
# DONE par-forest-reg/wide repeat=2/infer-save-reload 0.031s
# START par-forest-reg/wide repeat=2/batch
# DONE par-forest-reg/wide repeat=2/batch 0.075s
# START par-forest-reg/wide repeat=2/batchgrad
# DONE par-forest-reg/wide repeat=2/batchgrad 0.000s
# START par-forest-reg/wide repeat=2/batchscale
# DONE par-forest-reg/wide repeat=2/batchscale 0.000s
# START par-forest-reg/wide repeat=2/ragged
# DONE par-forest-reg/wide repeat=2/ragged 0.000s
# START par-forest-reg/wide repeat=2/stepfull
# DONE par-forest-reg/wide repeat=2/stepfull 0.000s
# CELL par-forest-reg/wide STABLE 3.294s
# START par-forest-reg/denormal repeat=1/train
# DONE par-forest-reg/denormal repeat=1/train 1.511s
# START par-forest-reg/denormal repeat=1/infer-save-reload
# DONE par-forest-reg/denormal repeat=1/infer-save-reload 0.033s
# START par-forest-reg/denormal repeat=1/batch
# DONE par-forest-reg/denormal repeat=1/batch 0.065s
# START par-forest-reg/denormal repeat=1/batchgrad
# DONE par-forest-reg/denormal repeat=1/batchgrad 0.000s
# START par-forest-reg/denormal repeat=1/batchscale
# DONE par-forest-reg/denormal repeat=1/batchscale 0.000s
# START par-forest-reg/denormal repeat=1/ragged
# DONE par-forest-reg/denormal repeat=1/ragged 0.000s
# START par-forest-reg/denormal repeat=1/stepfull
# DONE par-forest-reg/denormal repeat=1/stepfull 0.000s
# START par-forest-reg/denormal repeat=2/train
# DONE par-forest-reg/denormal repeat=2/train 1.511s
# START par-forest-reg/denormal repeat=2/infer-save-reload
# DONE par-forest-reg/denormal repeat=2/infer-save-reload 0.033s
# START par-forest-reg/denormal repeat=2/batch
# DONE par-forest-reg/denormal repeat=2/batch 0.082s
# START par-forest-reg/denormal repeat=2/batchgrad
# DONE par-forest-reg/denormal repeat=2/batchgrad 0.000s
# START par-forest-reg/denormal repeat=2/batchscale
# DONE par-forest-reg/denormal repeat=2/batchscale 0.000s
# START par-forest-reg/denormal repeat=2/ragged
# DONE par-forest-reg/denormal repeat=2/ragged 0.000s
# START par-forest-reg/denormal repeat=2/stepfull
# DONE par-forest-reg/denormal repeat=2/stepfull 0.000s
# CELL par-forest-reg/denormal STABLE 3.237s
# START par-forest-reg/denormal_ftz repeat=1/train
# DONE par-forest-reg/denormal_ftz repeat=1/train 1.516s
# START par-forest-reg/denormal_ftz repeat=1/infer-save-reload
# DONE par-forest-reg/denormal_ftz repeat=1/infer-save-reload 0.044s
# START par-forest-reg/denormal_ftz repeat=1/batch
# DONE par-forest-reg/denormal_ftz repeat=1/batch 0.074s
# START par-forest-reg/denormal_ftz repeat=1/batchgrad
# DONE par-forest-reg/denormal_ftz repeat=1/batchgrad 0.000s
# START par-forest-reg/denormal_ftz repeat=1/batchscale
# DONE par-forest-reg/denormal_ftz repeat=1/batchscale 0.000s
# START par-forest-reg/denormal_ftz repeat=1/ragged
# DONE par-forest-reg/denormal_ftz repeat=1/ragged 0.000s
# START par-forest-reg/denormal_ftz repeat=1/stepfull
# DONE par-forest-reg/denormal_ftz repeat=1/stepfull 0.000s
# START par-forest-reg/denormal_ftz repeat=2/train
# DONE par-forest-reg/denormal_ftz repeat=2/train 1.526s
# START par-forest-reg/denormal_ftz repeat=2/infer-save-reload
# DONE par-forest-reg/denormal_ftz repeat=2/infer-save-reload 0.033s
# START par-forest-reg/denormal_ftz repeat=2/batch
# DONE par-forest-reg/denormal_ftz repeat=2/batch 0.066s
# START par-forest-reg/denormal_ftz repeat=2/batchgrad
# DONE par-forest-reg/denormal_ftz repeat=2/batchgrad 0.000s
# START par-forest-reg/denormal_ftz repeat=2/batchscale
# DONE par-forest-reg/denormal_ftz repeat=2/batchscale 0.000s
# START par-forest-reg/denormal_ftz repeat=2/ragged
# DONE par-forest-reg/denormal_ftz repeat=2/ragged 0.000s
# START par-forest-reg/denormal_ftz repeat=2/stepfull
# DONE par-forest-reg/denormal_ftz repeat=2/stepfull 0.000s
# CELL par-forest-reg/denormal_ftz STABLE 3.260s
# START par-forest-reg/dupes repeat=1/train
# DONE par-forest-reg/dupes repeat=1/train 1.476s
# START par-forest-reg/dupes repeat=1/infer-save-reload
# DONE par-forest-reg/dupes repeat=1/infer-save-reload 0.032s
# START par-forest-reg/dupes repeat=1/batch
# DONE par-forest-reg/dupes repeat=1/batch 0.075s
# START par-forest-reg/dupes repeat=1/batchgrad
# DONE par-forest-reg/dupes repeat=1/batchgrad 0.000s
# START par-forest-reg/dupes repeat=1/batchscale
# DONE par-forest-reg/dupes repeat=1/batchscale 0.000s
# START par-forest-reg/dupes repeat=1/ragged
# DONE par-forest-reg/dupes repeat=1/ragged 0.000s
# START par-forest-reg/dupes repeat=1/stepfull
# DONE par-forest-reg/dupes repeat=1/stepfull 0.000s
# START par-forest-reg/dupes repeat=2/train
# DONE par-forest-reg/dupes repeat=2/train 1.480s
# START par-forest-reg/dupes repeat=2/infer-save-reload
# DONE par-forest-reg/dupes repeat=2/infer-save-reload 0.031s
# START par-forest-reg/dupes repeat=2/batch
# DONE par-forest-reg/dupes repeat=2/batch 0.063s
# START par-forest-reg/dupes repeat=2/batchgrad
# DONE par-forest-reg/dupes repeat=2/batchgrad 0.000s
# START par-forest-reg/dupes repeat=2/batchscale
# DONE par-forest-reg/dupes repeat=2/batchscale 0.000s
# START par-forest-reg/dupes repeat=2/ragged
# DONE par-forest-reg/dupes repeat=2/ragged 0.000s
# START par-forest-reg/dupes repeat=2/stepfull
# DONE par-forest-reg/dupes repeat=2/stepfull 0.000s
# CELL par-forest-reg/dupes STABLE 3.158s
# START par-forest-reg/odd repeat=1/train
# DONE par-forest-reg/odd repeat=1/train 1.326s
# START par-forest-reg/odd repeat=1/infer-save-reload
# DONE par-forest-reg/odd repeat=1/infer-save-reload 0.020s
# START par-forest-reg/odd repeat=1/batch
# DONE par-forest-reg/odd repeat=1/batch 0.059s
# START par-forest-reg/odd repeat=1/batchgrad
# DONE par-forest-reg/odd repeat=1/batchgrad 0.000s
# START par-forest-reg/odd repeat=1/batchscale
# DONE par-forest-reg/odd repeat=1/batchscale 0.000s
# START par-forest-reg/odd repeat=1/ragged
# DONE par-forest-reg/odd repeat=1/ragged 0.000s
# START par-forest-reg/odd repeat=1/stepfull
# DONE par-forest-reg/odd repeat=1/stepfull 0.000s
# START par-forest-reg/odd repeat=2/train
# DONE par-forest-reg/odd repeat=2/train 1.316s
# START par-forest-reg/odd repeat=2/infer-save-reload
# DONE par-forest-reg/odd repeat=2/infer-save-reload 0.020s
# START par-forest-reg/odd repeat=2/batch
# DONE par-forest-reg/odd repeat=2/batch 0.046s
# START par-forest-reg/odd repeat=2/batchgrad
# DONE par-forest-reg/odd repeat=2/batchgrad 0.000s
# START par-forest-reg/odd repeat=2/batchscale
# DONE par-forest-reg/odd repeat=2/batchscale 0.000s
# START par-forest-reg/odd repeat=2/ragged
# DONE par-forest-reg/odd repeat=2/ragged 0.000s
# START par-forest-reg/odd repeat=2/stepfull
# DONE par-forest-reg/odd repeat=2/stepfull 0.000s
# CELL par-forest-reg/odd STABLE 2.788s
# START par-forest-reg/negative repeat=1/train
# DONE par-forest-reg/negative repeat=1/train 1.513s
# START par-forest-reg/negative repeat=1/infer-save-reload
# DONE par-forest-reg/negative repeat=1/infer-save-reload 0.031s
# START par-forest-reg/negative repeat=1/batch
# DONE par-forest-reg/negative repeat=1/batch 0.064s
# START par-forest-reg/negative repeat=1/batchgrad
# DONE par-forest-reg/negative repeat=1/batchgrad 0.000s
# START par-forest-reg/negative repeat=1/batchscale
# DONE par-forest-reg/negative repeat=1/batchscale 0.000s
# START par-forest-reg/negative repeat=1/ragged
# DONE par-forest-reg/negative repeat=1/ragged 0.000s
# START par-forest-reg/negative repeat=1/stepfull
# DONE par-forest-reg/negative repeat=1/stepfull 0.000s
# START par-forest-reg/negative repeat=2/train
# DONE par-forest-reg/negative repeat=2/train 1.500s
# START par-forest-reg/negative repeat=2/infer-save-reload
# DONE par-forest-reg/negative repeat=2/infer-save-reload 0.024s
# START par-forest-reg/negative repeat=2/batch
# DONE par-forest-reg/negative repeat=2/batch 0.077s
# START par-forest-reg/negative repeat=2/batchgrad
# DONE par-forest-reg/negative repeat=2/batchgrad 0.000s
# START par-forest-reg/negative repeat=2/batchscale
# DONE par-forest-reg/negative repeat=2/batchscale 0.000s
# START par-forest-reg/negative repeat=2/ragged
# DONE par-forest-reg/negative repeat=2/ragged 0.000s
# START par-forest-reg/negative repeat=2/stepfull
# DONE par-forest-reg/negative repeat=2/stepfull 0.000s
# CELL par-forest-reg/negative STABLE 3.209s
| par-forest-reg         | f032017cfd1c73dd | ec6e7b28cd0d16a9 | c755113ac878c8b9 | 8d9b05172d7a3777 | feed3869ba06eaf7 | feed3869ba06eaf7 | 55f5becd2a3a172c | 33f207a8fab32866 | cd81c456c75aaaf0 |
| par-forest-reg infer   | 16465c479f279614 | 9e088d6c6c1bf54b | c451d1194f8c47f5 | 1dddbff05a6645de | f2dbdf86d13054aa | f2dbdf86d13054aa | 76d74b876471a685 | c297fa86d8e8923e | b8e07686422213e6 |
| par-forest-reg model   | ee1ec176625ae198 | a35ee93f7a000cbd | 3ce6c16334ce58a2 | f252dc1602084e7d | 477f1583967a6e80 | 477f1583967a6e80 | 1836f0b40183be27 | 95f31ab2b2ce0d0e | 9deda76973ef536f |
| par-forest-reg batch   | f01eff208024fbd2 | cdda8ca2f47be0d0 | 2beefbce28d7b6fd | ab6df57a882a7235 | 348b6075bf065c1e | 348b6075bf065c1e | 437234d1b789556e | 263d83348195984e | a1dedfde3094b24b |
# START par-gram-ols/base repeat=1/train
# DONE par-gram-ols/base repeat=1/train 0.000s
# CELL par-gram-ols/base REFUSED 0.000s
# START par-gram-ols/ties repeat=1/train
# DONE par-gram-ols/ties repeat=1/train 0.001s
# CELL par-gram-ols/ties REFUSED 0.001s
# START par-gram-ols/hashed repeat=1/train
# DONE par-gram-ols/hashed repeat=1/train 0.001s
# CELL par-gram-ols/hashed REFUSED 0.001s
# START par-gram-ols/wide repeat=1/train
# DONE par-gram-ols/wide repeat=1/train 0.001s
# CELL par-gram-ols/wide REFUSED 0.001s
# START par-gram-ols/denormal repeat=1/train
# DONE par-gram-ols/denormal repeat=1/train 0.001s
# CELL par-gram-ols/denormal REFUSED 0.001s
# START par-gram-ols/denormal_ftz repeat=1/train
# DONE par-gram-ols/denormal_ftz repeat=1/train 0.001s
# CELL par-gram-ols/denormal_ftz REFUSED 0.001s
# START par-gram-ols/dupes repeat=1/train
# DONE par-gram-ols/dupes repeat=1/train 0.001s
# CELL par-gram-ols/dupes REFUSED 0.001s
# START par-gram-ols/odd repeat=1/train
# DONE par-gram-ols/odd repeat=1/train 0.000s
# CELL par-gram-ols/odd REFUSED 0.000s
# START par-gram-ols/negative repeat=1/train
# DONE par-gram-ols/negative repeat=1/train 0.001s
# CELL par-gram-ols/negative REFUSED 0.001s
| par-gram-ols           | REFUSED          | REFUSED          | REFUSED          | REFUSED          | REFUSED          | REFUSED          | REFUSED          | REFUSED          | REFUSED          |
| par-gram-ols infer     | REFUSED          | REFUSED          | REFUSED          | REFUSED          | REFUSED          | REFUSED          | REFUSED          | REFUSED          | REFUSED          |
| par-gram-ols model     | REFUSED          | REFUSED          | REFUSED          | REFUSED          | REFUSED          | REFUSED          | REFUSED          | REFUSED          | REFUSED          |
| par-gram-ols batch     | REFUSED          | REFUSED          | REFUSED          | REFUSED          | REFUSED          | REFUSED          | REFUSED          | REFUSED          | REFUSED          |
| par-gram-ols batchgrad | REFUSED          | REFUSED          | REFUSED          | REFUSED          | REFUSED          | REFUSED          | REFUSED          | REFUSED          | REFUSED          |
| par-gram-ols batchscale | REFUSED          | REFUSED          | REFUSED          | REFUSED          | REFUSED          | REFUSED          | REFUSED          | REFUSED          | REFUSED          |
| par-gram-ols ragged    | REFUSED          | REFUSED          | REFUSED          | REFUSED          | REFUSED          | REFUSED          | REFUSED          | REFUSED          | REFUSED          |
| par-gram-ols stepfull  | REFUSED          | REFUSED          | REFUSED          | REFUSED          | REFUSED          | REFUSED          | REFUSED          | REFUSED          | REFUSED          |
# START par-svm-svr/base repeat=1/train
# DONE par-svm-svr/base repeat=1/train 0.000s
# CELL par-svm-svr/base REFUSED 0.001s
# START par-svm-svr/ties repeat=1/train
# DONE par-svm-svr/ties repeat=1/train 0.000s
# CELL par-svm-svr/ties REFUSED 0.001s
# START par-svm-svr/hashed repeat=1/train
# DONE par-svm-svr/hashed repeat=1/train 0.000s
# CELL par-svm-svr/hashed REFUSED 0.001s
# START par-svm-svr/wide repeat=1/train
# DONE par-svm-svr/wide repeat=1/train 0.000s
# CELL par-svm-svr/wide REFUSED 0.001s
# START par-svm-svr/denormal repeat=1/train
# DONE par-svm-svr/denormal repeat=1/train 0.000s
# CELL par-svm-svr/denormal REFUSED 0.001s
# START par-svm-svr/denormal_ftz repeat=1/train
# DONE par-svm-svr/denormal_ftz repeat=1/train 0.000s
# CELL par-svm-svr/denormal_ftz REFUSED 0.001s
# START par-svm-svr/dupes repeat=1/train
# DONE par-svm-svr/dupes repeat=1/train 0.000s
# CELL par-svm-svr/dupes REFUSED 0.001s
# START par-svm-svr/odd repeat=1/train
# DONE par-svm-svr/odd repeat=1/train 0.001s
# CELL par-svm-svr/odd REFUSED 0.001s
# START par-svm-svr/negative repeat=1/train
# DONE par-svm-svr/negative repeat=1/train 0.001s
# CELL par-svm-svr/negative REFUSED 0.001s
| par-svm-svr            | REFUSED          | REFUSED          | REFUSED          | REFUSED          | REFUSED          | REFUSED          | REFUSED          | REFUSED          | REFUSED          |
| par-svm-svr infer      | REFUSED          | REFUSED          | REFUSED          | REFUSED          | REFUSED          | REFUSED          | REFUSED          | REFUSED          | REFUSED          |
| par-svm-svr model      | REFUSED          | REFUSED          | REFUSED          | REFUSED          | REFUSED          | REFUSED          | REFUSED          | REFUSED          | REFUSED          |
| par-svm-svr batch      | REFUSED          | REFUSED          | REFUSED          | REFUSED          | REFUSED          | REFUSED          | REFUSED          | REFUSED          | REFUSED          |
| par-svm-svr batchgrad  | REFUSED          | REFUSED          | REFUSED          | REFUSED          | REFUSED          | REFUSED          | REFUSED          | REFUSED          | REFUSED          |
| par-svm-svr batchscale | REFUSED          | REFUSED          | REFUSED          | REFUSED          | REFUSED          | REFUSED          | REFUSED          | REFUSED          | REFUSED          |
| par-svm-svr ragged     | REFUSED          | REFUSED          | REFUSED          | REFUSED          | REFUSED          | REFUSED          | REFUSED          | REFUSED          | REFUSED          |
| par-svm-svr stepfull   | REFUSED          | REFUSED          | REFUSED          | REFUSED          | REFUSED          | REFUSED          | REFUSED          | REFUSED          | REFUSED          |

cells=495 stable=414 moved=0 refused=81
infer: stable=360 n/a=54
model: stable=315 n/a=99
batch: stable=378 n/a=36
rlpair: stable=36
batchgrad: stable=18 n/a=396
batchscale: stable=54 n/a=360
ragged: stable=36 n/a=378
stepfull: stable=18 n/a=396
n/a: arima-011 batchgrad n/a:no-backward, arima-011 batchscale n/a:not-in-the-serving-set, arima-011 ragged n/a:no-sequence-axis, arima-011 stepfull n/a:no-decode-state, bpe-trainer batch n/a:corpus-global-vocabulary-training (pair counts depend on the complete corpus; no per-row output), bpe-trainer batchgrad n/a:no-backward, bpe-trainer batchscale n/a:not-in-the-serving-set, bpe-trainer infer n/a:function, bpe-trainer model n/a:no-save, bpe-trainer ragged n/a:no-sequence-axis, bpe-trainer stepfull n/a:no-decode-state, byte-lm-host-infer batchgrad n/a:no-backward, byte-lm-host-infer model n/a:no-save, byte-lm-host-infer stepfull n/a:no-decode-state, byte-lm-resident batchgrad n/a:mean-reduction-fixed-batch (the byte LM trainers step mean cross-entropy over ids of the profile's fixed (batch, length + 1); ByteLanguageModelConfig.batch is part of the profile), byte-lm-resident stepfull n/a:no-decode-state, dbscan-weighted batchgrad n/a:no-backward, dbscan-weighted batchscale n/a:not-in-the-serving-set, dbscan-weighted ragged n/a:no-sequence-axis, dbscan-weighted stepfull n/a:no-decode-state, embedding batchscale n/a:not-in-the-serving-set, embedding model n/a:input-table, embedding ragged n/a:no-sequence-axis, embedding stepfull n/a:no-decode-state, et-reg batchgrad n/a:no-backward, et-reg batchscale n/a:not-in-the-serving-set, et-reg ragged n/a:no-sequence-axis, et-reg stepfull n/a:no-decode-state, et-reg-bootstrap-parallel batchgrad n/a:no-backward, et-reg-bootstrap-parallel batchscale n/a:not-in-the-serving-set, et-reg-bootstrap-parallel ragged n/a:no-sequence-axis, et-reg-bootstrap-parallel stepfull n/a:no-decode-state, gbdt-adapter-reg batchgrad n/a:no-backward, gbdt-adapter-reg batchscale n/a:not-in-the-serving-set, gbdt-adapter-reg model n/a:save-not-implemented, gbdt-adapter-reg ragged n/a:no-sequence-axis, gbdt-adapter-reg stepfull n/a:no-decode-state, gbdt-adapter-score-weighted batch n/a:scalar-reduction (score(X, y, sample_weight) returns one float over every row it is handed, python/mojolearn/_gbdt_adapters.py and _forest_protocol.py; the predict and predict_proba it wraps keep their batch parts on gbdt-adapter-clf, gbdt-adapter-reg, rf-clf and rf-reg), gbdt-adapter-score-weighted batchgrad n/a:no-backward, gbdt-adapter-score-weighted batchscale n/a:not-in-the-serving-set, gbdt-adapter-score-weighted infer n/a:function, gbdt-adapter-score-weighted model n/a:no-save, gbdt-adapter-score-weighted ragged n/a:no-sequence-axis, gbdt-adapter-score-weighted stepfull n/a:no-decode-state, gbdt-lossguide-newtoncosine batchgrad n/a:no-backward, gbdt-lossguide-newtoncosine batchscale n/a:not-in-the-serving-set, gbdt-lossguide-newtoncosine ragged n/a:no-sequence-axis, gbdt-lossguide-newtoncosine stepfull n/a:no-decode-state, gemm-transposed batchgrad n/a:no-backward, gemm-transposed batchscale n/a:not-in-the-serving-set, gemm-transposed infer n/a:function, gemm-transposed model n/a:no-save, gemm-transposed ragged n/a:no-sequence-axis, gemm-transposed stepfull n/a:no-decode-state, gmm-random-init batchgrad n/a:no-backward, gmm-random-init batchscale n/a:not-in-the-serving-set, gmm-random-init ragged n/a:no-sequence-axis, gmm-random-init stepfull n/a:no-decode-state, gp-normalize-y batchgrad n/a:no-backward, gp-normalize-y batchscale n/a:not-in-the-serving-set, gp-normalize-y ragged n/a:no-sequence-axis, gp-normalize-y stepfull n/a:no-decode-state, gp-optimize-restarts batchgrad n/a:no-backward, gp-optimize-restarts batchscale n/a:not-in-the-serving-set, gp-optimize-restarts ragged n/a:no-sequence-axis, gp-optimize-restarts stepfull n/a:no-decode-state, gpc-multiclass batchgrad n/a:no-backward, gpc-multiclass batchscale n/a:not-in-the-serving-set, gpc-multiclass ragged n/a:no-sequence-axis, gpc-multiclass stepfull n/a:no-decode-state, ivf-euclidean batchgrad n/a:no-backward, ivf-euclidean batchscale n/a:not-in-the-serving-set, ivf-euclidean ragged n/a:no-sequence-axis, ivf-euclidean stepfull n/a:no-decode-state, kde batchgrad n/a:no-backward, kde batchscale n/a:not-in-the-serving-set, kde ragged n/a:no-sequence-axis, kde stepfull n/a:no-decode-state, kde-linear-cosine batchgrad n/a:no-backward, kde-linear-cosine batchscale n/a:not-in-the-serving-set, kde-linear-cosine ragged n/a:no-sequence-axis, kde-linear-cosine stepfull n/a:no-decode-state, kernel-ridge batchgrad n/a:no-backward, kernel-ridge batchscale n/a:not-in-the-serving-set, kernel-ridge ragged n/a:no-sequence-axis, kernel-ridge stepfull n/a:no-decode-state, kmeans-cosine batch n/a:fit-refused, kmeans-cosine batchgrad n/a:no-backward, kmeans-cosine batchscale n/a:not-in-the-serving-set, kmeans-cosine infer n/a:function, kmeans-cosine model n/a:no-save, kmeans-cosine ragged n/a:no-sequence-axis, kmeans-cosine stepfull n/a:no-decode-state, kmeans-random batchgrad n/a:no-backward, kmeans-random batchscale n/a:not-in-the-serving-set, kmeans-random ragged n/a:no-sequence-axis, kmeans-random stepfull n/a:no-decode-state, knn-clf batchgrad n/a:no-backward, knn-clf batchscale n/a:not-in-the-serving-set, knn-clf ragged n/a:no-sequence-axis, knn-clf stepfull n/a:no-decode-state, knn-manhattan batchgrad n/a:no-backward, knn-manhattan batchscale n/a:not-in-the-serving-set, knn-manhattan ragged n/a:no-sequence-axis, knn-manhattan stepfull n/a:no-decode-state, knn-rbc batchgrad n/a:no-backward, knn-rbc batchscale n/a:not-in-the-serving-set, knn-rbc ragged n/a:no-sequence-axis, knn-rbc stepfull n/a:no-decode-state, logistic-multiclass batchgrad n/a:no-backward, logistic-multiclass batchscale n/a:not-in-the-serving-set, logistic-multiclass ragged n/a:no-sequence-axis, logistic-multiclass stepfull n/a:no-decode-state, mamba1-bf16w model n/a:no-save, mamba3-bf16w batchgrad n/a:no-backward, mamba3-bf16w model n/a:no-save, metrics-classification batchgrad n/a:no-backward, metrics-classification batchscale n/a:not-in-the-serving-set, metrics-classification infer n/a:function, metrics-classification model n/a:no-save, metrics-classification ragged n/a:no-sequence-axis, metrics-classification stepfull n/a:no-decode-state, minmax-scaler batchgrad n/a:no-backward, minmax-scaler batchscale n/a:not-in-the-serving-set, minmax-scaler ragged n/a:no-sequence-axis, minmax-scaler stepfull n/a:no-decode-state, minmax-scaler-clip batchgrad n/a:no-backward, minmax-scaler-clip batchscale n/a:not-in-the-serving-set, minmax-scaler-clip ragged n/a:no-sequence-axis, minmax-scaler-clip stepfull n/a:no-decode-state, ols-no-intercept batchgrad n/a:no-backward, ols-no-intercept batchscale n/a:not-in-the-serving-set, ols-no-intercept ragged n/a:no-sequence-axis, ols-no-intercept stepfull n/a:no-decode-state, par-arima batchgrad n/a:no-backward, par-arima batchscale n/a:not-in-the-serving-set, par-arima ragged n/a:no-sequence-axis, par-arima stepfull n/a:no-decode-state, par-forest-reg batchgrad n/a:no-backward, par-forest-reg batchscale n/a:not-in-the-serving-set, par-forest-reg ragged n/a:no-sequence-axis, par-forest-reg stepfull n/a:no-decode-state, par-holtwinters batchgrad n/a:no-backward, par-holtwinters batchscale n/a:not-in-the-serving-set, par-holtwinters ragged n/a:no-sequence-axis, par-holtwinters stepfull n/a:no-decode-state, par-reference-knn batchgrad n/a:no-backward, par-reference-knn batchscale n/a:not-in-the-serving-set, par-reference-knn ragged n/a:no-sequence-axis, par-reference-knn stepfull n/a:no-decode-state, pca batchgrad n/a:no-backward, pca ragged n/a:no-sequence-axis, pca stepfull n/a:no-decode-state, permutation-test batchgrad n/a:no-backward, permutation-test batchscale n/a:not-in-the-serving-set, permutation-test infer n/a:function, permutation-test model n/a:no-save, permutation-test ragged n/a:no-sequence-axis, permutation-test stepfull n/a:no-decode-state, radius-chebyshev batchgrad n/a:no-backward, radius-chebyshev batchscale n/a:not-in-the-serving-set, radius-chebyshev ragged n/a:no-sequence-axis, radius-chebyshev stepfull n/a:no-decode-state, rf-clf-balanced-parallel batchgrad n/a:no-backward, rf-clf-balanced-parallel batchscale n/a:not-in-the-serving-set, rf-clf-balanced-parallel ragged n/a:no-sequence-axis, rf-clf-balanced-parallel stepfull n/a:no-decode-state, rf-reg batchgrad n/a:no-backward, rf-reg ragged n/a:no-sequence-axis, rf-reg stepfull n/a:no-decode-state, samba-bf16w batch n/a:weight-format lane; the batch part is measured on its base lane, samba-bf16w batchgrad n/a:no-backward, samba-bf16w batchscale n/a:not-in-the-serving-set, samba-bf16w ragged n/a:no-sequence-axis, samba-bf16w stepfull n/a:no-decode-state, spectral batchgrad n/a:no-backward, spectral batchscale n/a:not-in-the-serving-set, spectral ragged n/a:no-sequence-axis, spectral stepfull n/a:no-decode-state, svc-linear batchgrad n/a:no-backward, svc-linear batchscale n/a:not-in-the-serving-set, svc-linear ragged n/a:no-sequence-axis, svc-linear stepfull n/a:no-decode-state, svr batchgrad n/a:no-backward, svr batchscale n/a:not-in-the-serving-set, svr ragged n/a:no-sequence-axis, svr stepfull n/a:no-decode-state, tsvd batchgrad n/a:no-backward, tsvd batchscale n/a:not-in-the-serving-set, tsvd ragged n/a:no-sequence-axis, tsvd stepfull n/a:no-decode-state
REFUSED gbdt-categorical-ctr-tables/base: RuntimeError: missing verification CTR model: /root/mojolearn/python/mojolearn/verify_reference/ctr_models/gbdt-categorical-ctr-tables.base.npz
REFUSED gbdt-categorical-ctr-tables/ties: RuntimeError: missing verification CTR model: /root/mojolearn/python/mojolearn/verify_reference/ctr_models/gbdt-categorical-ctr-tables.ties.npz
REFUSED gbdt-categorical-ctr-tables/hashed: RuntimeError: missing verification CTR model: /root/mojolearn/python/mojolearn/verify_reference/ctr_models/gbdt-categorical-ctr-tables.hashed.npz
REFUSED gbdt-categorical-ctr-tables/wide: RuntimeError: missing verification CTR model: /root/mojolearn/python/mojolearn/verify_reference/ctr_models/gbdt-categorical-ctr-tables.wide.npz
REFUSED gbdt-categorical-ctr-tables/denormal: RuntimeError: missing verification CTR model: /root/mojolearn/python/mojolearn/verify_reference/ctr_models/gbdt-categorical-ctr-tables.denormal.npz
REFUSED gbdt-categorical-ctr-tables/denormal_ftz: RuntimeError: missing verification CTR model: /root/mojolearn/python/mojolearn/verify_reference/ctr_models/gbdt-categorical-ctr-tables.denormal_ftz.npz
REFUSED gbdt-categorical-ctr-tables/dupes: RuntimeError: missing verification CTR model: /root/mojolearn/python/mojolearn/verify_reference/ctr_models/gbdt-categorical-ctr-tables.dupes.npz
REFUSED gbdt-categorical-ctr-tables/odd: RuntimeError: missing verification CTR model: /root/mojolearn/python/mojolearn/verify_reference/ctr_models/gbdt-categorical-ctr-tables.odd.npz
REFUSED gbdt-categorical-ctr-tables/negative: RuntimeError: missing verification CTR model: /root/mojolearn/python/mojolearn/verify_reference/ctr_models/gbdt-categorical-ctr-tables.negative.npz
REFUSED par-kmeans/base: NotImplementedError: no CPU implementation of the cooperative multi-GPU driver kmeans_fit yet: its shards are device row tiles, chunks or ranges inside the GPU binding, which no host binding restates
REFUSED par-kmeans/ties: NotImplementedError: no CPU implementation of the cooperative multi-GPU driver kmeans_fit yet: its shards are device row tiles, chunks or ranges inside the GPU binding, which no host binding restates
REFUSED par-kmeans/hashed: NotImplementedError: no CPU implementation of the cooperative multi-GPU driver kmeans_fit yet: its shards are device row tiles, chunks or ranges inside the GPU binding, which no host binding restates
REFUSED par-kmeans/wide: NotImplementedError: no CPU implementation of the cooperative multi-GPU driver kmeans_fit yet: its shards are device row tiles, chunks or ranges inside the GPU binding, which no host binding restates
REFUSED par-kmeans/denormal: NotImplementedError: no CPU implementation of the cooperative multi-GPU driver kmeans_fit yet: its shards are device row tiles, chunks or ranges inside the GPU binding, which no host binding restates
REFUSED par-kmeans/denormal_ftz: NotImplementedError: no CPU implementation of the cooperative multi-GPU driver kmeans_fit yet: its shards are device row tiles, chunks or ranges inside the GPU binding, which no host binding restates
REFUSED par-kmeans/dupes: NotImplementedError: no CPU implementation of the cooperative multi-GPU driver kmeans_fit yet: its shards are device row tiles, chunks or ranges inside the GPU binding, which no host binding restates
REFUSED par-kmeans/odd: NotImplementedError: no CPU implementation of the cooperative multi-GPU driver kmeans_fit yet: its shards are device row tiles, chunks or ranges inside the GPU binding, which no host binding restates
REFUSED par-kmeans/negative: NotImplementedError: no CPU implementation of the cooperative multi-GPU driver kmeans_fit yet: its shards are device row tiles, chunks or ranges inside the GPU binding, which no host binding restates
REFUSED par-svm/base: NotImplementedError: no CPU implementation of the cooperative multi-GPU driver svm_fit yet: its shards are device row tiles, chunks or ranges inside the GPU binding, which no host binding restates
REFUSED par-svm/ties: NotImplementedError: no CPU implementation of the cooperative multi-GPU driver svm_fit yet: its shards are device row tiles, chunks or ranges inside the GPU binding, which no host binding restates
REFUSED par-svm/hashed: NotImplementedError: no CPU implementation of the cooperative multi-GPU driver svm_fit yet: its shards are device row tiles, chunks or ranges inside the GPU binding, which no host binding restates
REFUSED par-svm/wide: NotImplementedError: no CPU implementation of the cooperative multi-GPU driver svm_fit yet: its shards are device row tiles, chunks or ranges inside the GPU binding, which no host binding restates
REFUSED par-svm/denormal: NotImplementedError: no CPU implementation of the cooperative multi-GPU driver svm_fit yet: its shards are device row tiles, chunks or ranges inside the GPU binding, which no host binding restates
REFUSED par-svm/denormal_ftz: NotImplementedError: no CPU implementation of the cooperative multi-GPU driver svm_fit yet: its shards are device row tiles, chunks or ranges inside the GPU binding, which no host binding restates
REFUSED par-svm/dupes: NotImplementedError: no CPU implementation of the cooperative multi-GPU driver svm_fit yet: its shards are device row tiles, chunks or ranges inside the GPU binding, which no host binding restates
REFUSED par-svm/odd: NotImplementedError: no CPU implementation of the cooperative multi-GPU driver svm_fit yet: its shards are device row tiles, chunks or ranges inside the GPU binding, which no host binding restates
REFUSED par-svm/negative: NotImplementedError: no CPU implementation of the cooperative multi-GPU driver svm_fit yet: its shards are device row tiles, chunks or ranges inside the GPU binding, which no host binding restates
REFUSED par-byte-lm/base: ImportError: rebuild bindings/build_byte_lm.sh for parallel training
REFUSED par-byte-lm/ties: ImportError: rebuild bindings/build_byte_lm.sh for parallel training
REFUSED par-byte-lm/hashed: ImportError: rebuild bindings/build_byte_lm.sh for parallel training
REFUSED par-byte-lm/wide: ImportError: rebuild bindings/build_byte_lm.sh for parallel training
REFUSED par-byte-lm/denormal: ImportError: rebuild bindings/build_byte_lm.sh for parallel training
REFUSED par-byte-lm/denormal_ftz: ImportError: rebuild bindings/build_byte_lm.sh for parallel training
REFUSED par-byte-lm/dupes: ImportError: rebuild bindings/build_byte_lm.sh for parallel training
REFUSED par-byte-lm/odd: ImportError: rebuild bindings/build_byte_lm.sh for parallel training
REFUSED par-byte-lm/negative: ImportError: rebuild bindings/build_byte_lm.sh for parallel training
REFUSED par-graph-umap/base: NotImplementedError: no CPU implementation of the cooperative multi-GPU driver graph_fit yet: its shards are device row tiles, chunks or ranges inside the GPU binding, which no host binding restates
REFUSED par-graph-umap/ties: NotImplementedError: no CPU implementation of the cooperative multi-GPU driver graph_fit yet: its shards are device row tiles, chunks or ranges inside the GPU binding, which no host binding restates
REFUSED par-graph-umap/hashed: NotImplementedError: no CPU implementation of the cooperative multi-GPU driver graph_fit yet: its shards are device row tiles, chunks or ranges inside the GPU binding, which no host binding restates
REFUSED par-graph-umap/wide: NotImplementedError: no CPU implementation of the cooperative multi-GPU driver graph_fit yet: its shards are device row tiles, chunks or ranges inside the GPU binding, which no host binding restates
REFUSED par-graph-umap/denormal: NotImplementedError: no CPU implementation of the cooperative multi-GPU driver graph_fit yet: its shards are device row tiles, chunks or ranges inside the GPU binding, which no host binding restates
REFUSED par-graph-umap/denormal_ftz: NotImplementedError: no CPU implementation of the cooperative multi-GPU driver graph_fit yet: its shards are device row tiles, chunks or ranges inside the GPU binding, which no host binding restates
REFUSED par-graph-umap/dupes: NotImplementedError: no CPU implementation of the cooperative multi-GPU driver graph_fit yet: its shards are device row tiles, chunks or ranges inside the GPU binding, which no host binding restates
REFUSED par-graph-umap/odd: NotImplementedError: no CPU implementation of the cooperative multi-GPU driver graph_fit yet: its shards are device row tiles, chunks or ranges inside the GPU binding, which no host binding restates
REFUSED par-graph-umap/negative: NotImplementedError: no CPU implementation of the cooperative multi-GPU driver graph_fit yet: its shards are device row tiles, chunks or ranges inside the GPU binding, which no host binding restates
REFUSED par-forest-pool/base: NotImplementedError: no CPU implementation of the cooperative multi-GPU driver forest_prepare yet: its shards are device row tiles, chunks or ranges inside the GPU binding, which no host binding restates
REFUSED par-forest-pool/ties: NotImplementedError: no CPU implementation of the cooperative multi-GPU driver forest_prepare yet: its shards are device row tiles, chunks or ranges inside the GPU binding, which no host binding restates
REFUSED par-forest-pool/hashed: NotImplementedError: no CPU implementation of the cooperative multi-GPU driver forest_prepare yet: its shards are device row tiles, chunks or ranges inside the GPU binding, which no host binding restates
REFUSED par-forest-pool/wide: NotImplementedError: no CPU implementation of the cooperative multi-GPU driver forest_prepare yet: its shards are device row tiles, chunks or ranges inside the GPU binding, which no host binding restates
REFUSED par-forest-pool/denormal: NotImplementedError: no CPU implementation of the cooperative multi-GPU driver forest_prepare yet: its shards are device row tiles, chunks or ranges inside the GPU binding, which no host binding restates
REFUSED par-forest-pool/denormal_ftz: NotImplementedError: no CPU implementation of the cooperative multi-GPU driver forest_prepare yet: its shards are device row tiles, chunks or ranges inside the GPU binding, which no host binding restates
REFUSED par-forest-pool/dupes: NotImplementedError: no CPU implementation of the cooperative multi-GPU driver forest_prepare yet: its shards are device row tiles, chunks or ranges inside the GPU binding, which no host binding restates
REFUSED par-forest-pool/odd: NotImplementedError: no CPU implementation of the cooperative multi-GPU driver forest_prepare yet: its shards are device row tiles, chunks or ranges inside the GPU binding, which no host binding restates
REFUSED par-forest-pool/negative: NotImplementedError: no CPU implementation of the cooperative multi-GPU driver forest_prepare yet: its shards are device row tiles, chunks or ranges inside the GPU binding, which no host binding restates
REFUSED par-cholesky/base: NotImplementedError: no CPU implementation of the cooperative multi-GPU driver cholesky_fit yet: its shards are device row tiles, chunks or ranges inside the GPU binding, which no host binding restates
REFUSED par-cholesky/ties: NotImplementedError: no CPU implementation of the cooperative multi-GPU driver cholesky_fit yet: its shards are device row tiles, chunks or ranges inside the GPU binding, which no host binding restates
REFUSED par-cholesky/hashed: NotImplementedError: no CPU implementation of the cooperative multi-GPU driver cholesky_fit yet: its shards are device row tiles, chunks or ranges inside the GPU binding, which no host binding restates
REFUSED par-cholesky/wide: NotImplementedError: no CPU implementation of the cooperative multi-GPU driver cholesky_fit yet: its shards are device row tiles, chunks or ranges inside the GPU binding, which no host binding restates
REFUSED par-cholesky/denormal: NotImplementedError: no CPU implementation of the cooperative multi-GPU driver cholesky_fit yet: its shards are device row tiles, chunks or ranges inside the GPU binding, which no host binding restates
REFUSED par-cholesky/denormal_ftz: NotImplementedError: no CPU implementation of the cooperative multi-GPU driver cholesky_fit yet: its shards are device row tiles, chunks or ranges inside the GPU binding, which no host binding restates
REFUSED par-cholesky/dupes: NotImplementedError: no CPU implementation of the cooperative multi-GPU driver cholesky_fit yet: its shards are device row tiles, chunks or ranges inside the GPU binding, which no host binding restates
REFUSED par-cholesky/odd: NotImplementedError: no CPU implementation of the cooperative multi-GPU driver cholesky_fit yet: its shards are device row tiles, chunks or ranges inside the GPU binding, which no host binding restates
REFUSED par-cholesky/negative: NotImplementedError: no CPU implementation of the cooperative multi-GPU driver cholesky_fit yet: its shards are device row tiles, chunks or ranges inside the GPU binding, which no host binding restates
REFUSED par-gram-ols/base: NotImplementedError: no CPU implementation of the cooperative multi-GPU driver gram_fit yet: its shards are device row tiles, chunks or ranges inside the GPU binding, which no host binding restates
REFUSED par-gram-ols/ties: NotImplementedError: no CPU implementation of the cooperative multi-GPU driver gram_fit yet: its shards are device row tiles, chunks or ranges inside the GPU binding, which no host binding restates
REFUSED par-gram-ols/hashed: NotImplementedError: no CPU implementation of the cooperative multi-GPU driver gram_fit yet: its shards are device row tiles, chunks or ranges inside the GPU binding, which no host binding restates
REFUSED par-gram-ols/wide: NotImplementedError: no CPU implementation of the cooperative multi-GPU driver gram_fit yet: its shards are device row tiles, chunks or ranges inside the GPU binding, which no host binding restates
REFUSED par-gram-ols/denormal: NotImplementedError: no CPU implementation of the cooperative multi-GPU driver gram_fit yet: its shards are device row tiles, chunks or ranges inside the GPU binding, which no host binding restates
REFUSED par-gram-ols/denormal_ftz: NotImplementedError: no CPU implementation of the cooperative multi-GPU driver gram_fit yet: its shards are device row tiles, chunks or ranges inside the GPU binding, which no host binding restates
REFUSED par-gram-ols/dupes: NotImplementedError: no CPU implementation of the cooperative multi-GPU driver gram_fit yet: its shards are device row tiles, chunks or ranges inside the GPU binding, which no host binding restates
REFUSED par-gram-ols/odd: NotImplementedError: no CPU implementation of the cooperative multi-GPU driver gram_fit yet: its shards are device row tiles, chunks or ranges inside the GPU binding, which no host binding restates
REFUSED par-gram-ols/negative: NotImplementedError: no CPU implementation of the cooperative multi-GPU driver gram_fit yet: its shards are device row tiles, chunks or ranges inside the GPU binding, which no host binding restates
REFUSED par-svm-svr/base: NotImplementedError: no CPU implementation of the cooperative multi-GPU driver svm_fit yet: its shards are device row tiles, chunks or ranges inside the GPU binding, which no host binding restates
REFUSED par-svm-svr/ties: NotImplementedError: no CPU implementation of the cooperative multi-GPU driver svm_fit yet: its shards are device row tiles, chunks or ranges inside the GPU binding, which no host binding restates
REFUSED par-svm-svr/hashed: NotImplementedError: no CPU implementation of the cooperative multi-GPU driver svm_fit yet: its shards are device row tiles, chunks or ranges inside the GPU binding, which no host binding restates
REFUSED par-svm-svr/wide: NotImplementedError: no CPU implementation of the cooperative multi-GPU driver svm_fit yet: its shards are device row tiles, chunks or ranges inside the GPU binding, which no host binding restates
REFUSED par-svm-svr/denormal: NotImplementedError: no CPU implementation of the cooperative multi-GPU driver svm_fit yet: its shards are device row tiles, chunks or ranges inside the GPU binding, which no host binding restates
REFUSED par-svm-svr/denormal_ftz: NotImplementedError: no CPU implementation of the cooperative multi-GPU driver svm_fit yet: its shards are device row tiles, chunks or ranges inside the GPU binding, which no host binding restates
REFUSED par-svm-svr/dupes: NotImplementedError: no CPU implementation of the cooperative multi-GPU driver svm_fit yet: its shards are device row tiles, chunks or ranges inside the GPU binding, which no host binding restates
REFUSED par-svm-svr/odd: NotImplementedError: no CPU implementation of the cooperative multi-GPU driver svm_fit yet: its shards are device row tiles, chunks or ranges inside the GPU binding, which no host binding restates
REFUSED par-svm-svr/negative: NotImplementedError: no CPU implementation of the cooperative multi-GPU driver svm_fit yet: its shards are device row tiles, chunks or ranges inside the GPU binding, which no host binding restates
REPORTED mamba1-bf16w/base batchgrad: backward weights: REPORTED (not claimed; a serial fold over tokens, not the v1 GEMM at k' = T; see GRAD_CLAIMED) moved at aligned splits: ['A2:A_log', 'A4:A_log']
REPORTED mamba1-bf16w/ties batchgrad: backward weights: REPORTED (not claimed; a serial fold over tokens, not the v1 GEMM at k' = T; see GRAD_CLAIMED) moved at aligned splits: ['A2:A_log', 'A4:A_log']
REPORTED mamba1-bf16w/hashed batchgrad: backward weights: REPORTED (not claimed; a serial fold over tokens, not the v1 GEMM at k' = T; see GRAD_CLAIMED) moved at aligned splits: ['A2:A_log', 'A4:A_log']
REPORTED mamba1-bf16w/wide batchgrad: backward weights: REPORTED (not claimed; a serial fold over tokens, not the v1 GEMM at k' = T; see GRAD_CLAIMED) moved at aligned splits: ['A2:A_log', 'A4:A_log']
REPORTED mamba1-bf16w/denormal batchgrad: backward weights: REPORTED (not claimed; a serial fold over tokens, not the v1 GEMM at k' = T; see GRAD_CLAIMED) moved at aligned splits: ['A2:A_log', 'A4:A_log']
REPORTED mamba1-bf16w/denormal_ftz batchgrad: backward weights: REPORTED (not claimed; a serial fold over tokens, not the v1 GEMM at k' = T; see GRAD_CLAIMED) moved at aligned splits: ['A2:A_log', 'A4:A_log']
REPORTED mamba1-bf16w/dupes batchgrad: backward weights: REPORTED (not claimed; a serial fold over tokens, not the v1 GEMM at k' = T; see GRAD_CLAIMED) moved at aligned splits: ['A2:A_log', 'A4:A_log']
REPORTED mamba1-bf16w/odd batchgrad: backward weights: REPORTED (not claimed; a serial fold over tokens, not the v1 GEMM at k' = T; see GRAD_CLAIMED) moved at aligned splits: ['A2:A_log', 'A4:A_log']
REPORTED mamba1-bf16w/negative batchgrad: backward weights: REPORTED (not claimed; a serial fold over tokens, not the v1 GEMM at k' = T; see GRAD_CLAIMED) moved at aligned splits: ['A2:A_log', 'A4:A_log']
wrote /root/leg_out/cpu-x86-shard2.json
