✨ Pixi task (check-gemm-int8-mma-tuned-sabotage in default): mojo run -D MOJOLEARN_NUMERIC_IDENTICAL=1 -D MOJOLEARN_INT8_TUNED_SABOTAGE=1 -I . gemm/checks/gemm_int8_mma_tuned_check.mojo
453517 external/tcmalloc+/tcmalloc/internal/system_allocator.h:713] Warning: Unable to mbind memory (errno=1, base=0x79c480000000, nodemask=2)
Imported from /root/mojolearn-lowbit-mma-speed/gemm/checks/gemm_int8_mma_tuned_check.mojo:77:
/root/mojolearn-lowbit-mma-speed/gemm/checks/gemm_int8_mma_tuned.mojo:749:10: warning: 'UnsafePointer' is deprecated, use 'Pointer' instead
    dst: UnsafePointer[Int32, MutUntrackedOrigin, address_space=AddressSpace.SHARED],
         ^~~~~~~~~~~~~
         Pointer
<unknown>:0: note: 'UnsafePointer' declared here
/root/mojolearn-lowbit-mma-speed/gemm/checks/gemm_int8_mma_tuned_check.mojo:271:17: warning: assignment to 'k' was never used; assign to '_' instead?
        var k = 0
                ^
/root/mojolearn-lowbit-mma-speed/gemm/checks/gemm_int8_mma_tuned_check.mojo:270:17: warning: assignment to 'n' was never used; assign to '_' instead?
        var n = 0
                ^
/root/mojolearn-lowbit-mma-speed/gemm/checks/gemm_int8_mma_tuned_check.mojo:269:17: warning: assignment to 'm' was never used; assign to '_' instead?
        var m = 0
                ^
== gemm/checks/gemm_int8_mma_tuned_check.mojo [IDENTICAL]  sabotage: STAGING_PAD_NOT_WRITTEN ==
   profile: mojolearn.identical.gemm.int8i32.v1, the tuned unit plans
   column: nvidia
   plan 0: staged.w16x16.b32x32.k32.l4
   plan 1: staged.w32x32.b64x64.k32.l4
   plan 2: staged.w64x64.b128x128.k32.l4
   plan 3: staged.w64x64.b128x256.k32.l4
   plan 4: staged.w64x64.b128x128.k32.l16
   plan 5: staged.w64x64.b128x128.k64.l16
   plan 6: staged.w64x64.b128x128.k128.l16
   plan 7: staged.w64x64.b128x256.k64.l16
   plan 8: staged.w16x64.b16x256.k64.l16
   plan 9: staged.w16x16.b32x32.k64.l16
   plan 10: staged.w32x32.b64x64.k64.l16
   plan 11: staged.w32x32.b128x128.k64.l16
   plan 12: staged.w16x32.b128x128.k64.l16
   plan 13: staged.w16x32.b64x256.k64.l16  NOT RUN on this column (a block of it is above 1024 threads), which is not a pass
   plan 14: staged.w32x32.b256x64.k64.l16
   plan 15: staged.w32x32.b512x32.k64.l16
   plan 16: staged.w32x16.b512x16.k64.l16
   ok int8 tuned 1x32x32
   ok int8 tuned 1x64x128
   !! int8 tuned 2x96x127 decode.n16.w4.c64 (decode vs oracle): 95 of 192 cells differ; first at 0 got -19.953125/0x0xc19fa000 want -20.3125/0x0xc1a28000
   !! int8 tuned 2x96x127 decode.n16.w8.c64 (decode vs oracle): 95 of 192 cells differ; first at 0 got -19.953125/0x0xc19fa000 want -20.3125/0x0xc1a28000
   !! int8 tuned 2x96x127 decode.n16.w16.c64 (decode vs oracle): 95 of 192 cells differ; first at 0 got -19.953125/0x0xc19fa000 want -20.3125/0x0xc1a28000
   !! int8 tuned 7x33x129 staged.w16x16.b32x32.k32.l4 (tuned vs oracle): 231 of 231 cells differ; first at 0 got 1377.0781/0x0x44ac2280 want 1078.9375/0x0x4486de00
   !! int8 tuned 7x33x129 staged.w32x32.b64x64.k32.l4 (tuned vs oracle): 231 of 231 cells differ; first at 0 got 1377.0781/0x0x44ac2280 want 1078.9375/0x0x4486de00
   !! int8 tuned 7x33x129 staged.w64x64.b128x128.k32.l4 (tuned vs oracle): 231 of 231 cells differ; first at 0 got 1377.0781/0x0x44ac2280 want 1078.9375/0x0x4486de00
   !! int8 tuned 7x33x129 staged.w64x64.b128x256.k32.l4 (tuned vs oracle): 231 of 231 cells differ; first at 0 got 1377.0781/0x0x44ac2280 want 1078.9375/0x0x4486de00
   !! int8 tuned 7x33x129 staged.w64x64.b128x128.k32.l16 (tuned vs oracle): 231 of 231 cells differ; first at 0 got 1276.6875/0x0x449f9600 want 1078.9375/0x0x4486de00
   !! int8 tuned 7x33x129 staged.w64x64.b128x128.k64.l16 (tuned vs oracle): 230 of 231 cells differ; first at 0 got 1295.0937/0x0x44a1e300 want 1078.9375/0x0x4486de00
   !! int8 tuned 7x33x129 staged.w64x64.b128x128.k128.l16 (tuned vs oracle): 231 of 231 cells differ; first at 0 got 1003.9375/0x0x447afc00 want 1078.9375/0x0x4486de00
   !! int8 tuned 7x33x129 staged.w64x64.b128x256.k64.l16 (tuned vs oracle): 230 of 231 cells differ; first at 0 got 1295.0937/0x0x44a1e300 want 1078.9375/0x0x4486de00
   !! int8 tuned 7x33x129 staged.w16x64.b16x256.k64.l16 (tuned vs oracle): 230 of 231 cells differ; first at 0 got 1295.0937/0x0x44a1e300 want 1078.9375/0x0x4486de00
   !! int8 tuned 7x33x129 staged.w16x16.b32x32.k64.l16 (tuned vs oracle): 230 of 231 cells differ; first at 0 got 1295.0937/0x0x44a1e300 want 1078.9375/0x0x4486de00
   !! int8 tuned 7x33x129 staged.w32x32.b64x64.k64.l16 (tuned vs oracle): 230 of 231 cells differ; first at 0 got 1295.0937/0x0x44a1e300 want 1078.9375/0x0x4486de00
   !! int8 tuned 7x33x129 staged.w32x32.b128x128.k64.l16 (tuned vs oracle): 230 of 231 cells differ; first at 0 got 1295.0937/0x0x44a1e300 want 1078.9375/0x0x4486de00
   !! int8 tuned 7x33x129 staged.w16x32.b128x128.k64.l16 (tuned vs oracle): 230 of 231 cells differ; first at 0 got 1295.0937/0x0x44a1e300 want 1078.9375/0x0x4486de00
   !! int8 tuned 7x33x129 staged.w32x32.b256x64.k64.l16 (tuned vs oracle): 230 of 231 cells differ; first at 0 got 1295.0937/0x0x44a1e300 want 1078.9375/0x0x4486de00
   !! int8 tuned 7x33x129 staged.w32x32.b512x32.k64.l16 (tuned vs oracle): 230 of 231 cells differ; first at 0 got 1295.0937/0x0x44a1e300 want 1078.9375/0x0x4486de00
   !! int8 tuned 7x33x129 staged.w32x16.b512x16.k64.l16 (tuned vs oracle): 230 of 231 cells differ; first at 0 got 1295.0937/0x0x44a1e300 want 1078.9375/0x0x4486de00
   !! int8 tuned 7x33x129 decode.n16.w4.c64 (decode vs oracle): 192 of 231 cells differ; first at 0 got 1263.7344/0x0x449df780 want 1078.9375/0x0x4486de00
   !! int8 tuned 7x33x129 decode.n16.w8.c64 (decode vs oracle): 192 of 231 cells differ; first at 0 got 1263.7344/0x0x449df780 want 1078.9375/0x0x4486de00
   !! int8 tuned 7x33x129 decode.n16.w16.c64 (decode vs oracle): 192 of 231 cells differ; first at 0 got 1263.7344/0x0x449df780 want 1078.9375/0x0x4486de00
   !! int8 tuned 16x64x1000 staged.w16x16.b32x32.k32.l4 (tuned vs oracle): 1024 of 1024 cells differ; first at 0 got -274.5/0x0xc3894000 want -95.3125/0x0xc2bea000
   !! int8 tuned 16x64x1000 staged.w32x32.b64x64.k32.l4 (tuned vs oracle): 1024 of 1024 cells differ; first at 0 got -274.5/0x0xc3894000 want -95.3125/0x0xc2bea000
   !! int8 tuned 16x64x1000 staged.w64x64.b128x128.k32.l4 (tuned vs oracle): 1024 of 1024 cells differ; first at 0 got -274.5/0x0xc3894000 want -95.3125/0x0xc2bea000
   !! int8 tuned 16x64x1000 staged.w64x64.b128x256.k32.l4 (tuned vs oracle): 1024 of 1024 cells differ; first at 0 got -274.5/0x0xc3894000 want -95.3125/0x0xc2bea000
   !! int8 tuned 16x64x1000 staged.w64x64.b128x128.k32.l16 (tuned vs oracle): 1024 of 1024 cells differ; first at 0 got -184.6875/0x0xc338b000 want -95.3125/0x0xc2bea000
   !! int8 tuned 16x64x1000 staged.w64x64.b128x128.k64.l16 (tuned vs oracle): 1024 of 1024 cells differ; first at 0 got -58.015625/0x0xc2681000 want -95.3125/0x0xc2bea000
   !! int8 tuned 16x64x1000 staged.w64x64.b128x128.k128.l16 (tuned vs oracle): 1024 of 1024 cells differ; first at 0 got -149.92188/0x0xc315ec00 want -95.3125/0x0xc2bea000
   !! int8 tuned 16x64x1000 staged.w64x64.b128x256.k64.l16 (tuned vs oracle): 1024 of 1024 cells differ; first at 0 got -58.015625/0x0xc2681000 want -95.3125/0x0xc2bea000
   !! int8 tuned 16x64x1000 staged.w16x64.b16x256.k64.l16 (tuned vs oracle): 1024 of 1024 cells differ; first at 0 got -58.015625/0x0xc2681000 want -95.3125/0x0xc2bea000
   !! int8 tuned 16x64x1000 staged.w16x16.b32x32.k64.l16 (tuned vs oracle): 1024 of 1024 cells differ; first at 0 got -58.015625/0x0xc2681000 want -95.3125/0x0xc2bea000
   !! int8 tuned 16x64x1000 staged.w32x32.b64x64.k64.l16 (tuned vs oracle): 1024 of 1024 cells differ; first at 0 got -58.015625/0x0xc2681000 want -95.3125/0x0xc2bea000
   !! int8 tuned 16x64x1000 staged.w32x32.b128x128.k64.l16 (tuned vs oracle): 1024 of 1024 cells differ; first at 0 got -58.015625/0x0xc2681000 want -95.3125/0x0xc2bea000
   !! int8 tuned 16x64x1000 staged.w16x32.b128x128.k64.l16 (tuned vs oracle): 1024 of 1024 cells differ; first at 0 got -58.015625/0x0xc2681000 want -95.3125/0x0xc2bea000
   !! int8 tuned 16x64x1000 staged.w32x32.b256x64.k64.l16 (tuned vs oracle): 1024 of 1024 cells differ; first at 0 got -58.015625/0x0xc2681000 want -95.3125/0x0xc2bea000
   !! int8 tuned 16x64x1000 staged.w32x32.b512x32.k64.l16 (tuned vs oracle): 1024 of 1024 cells differ; first at 0 got -58.015625/0x0xc2681000 want -95.3125/0x0xc2bea000
   !! int8 tuned 16x64x1000 staged.w32x16.b512x16.k64.l16 (tuned vs oracle): 1024 of 1024 cells differ; first at 0 got -58.015625/0x0xc2681000 want -95.3125/0x0xc2bea000
   !! int8 tuned 16x64x1000 decode.n16.w4.c64 (decode vs oracle): 945 of 1024 cells differ; first at 0 got -155.5625/0x0xc31b9000 want -95.3125/0x0xc2bea000
   !! int8 tuned 16x64x1000 decode.n16.w8.c64 (decode vs oracle): 945 of 1024 cells differ; first at 0 got -155.5625/0x0xc31b9000 want -95.3125/0x0xc2bea000
   !! int8 tuned 16x64x1000 decode.n16.w16.c64 (decode vs oracle): 945 of 1024 cells differ; first at 0 got -155.5625/0x0xc31b9000 want -95.3125/0x0xc2bea000
   ok int8 tuned 129x129x256
   ok int8 tuned 1x4096x512
   !! int8 tuned 3x5x17 staged.w16x16.b32x32.k32.l4 (tuned vs oracle): 2 of 15 cells differ; first at 1 got 2.8203125/0x0x40348000 want -9.75/0x0xc11c0000
   !! int8 tuned 3x5x17 staged.w32x32.b64x64.k32.l4 (tuned vs oracle): 2 of 15 cells differ; first at 1 got -59.445312/0x0xc26dc800 want -9.75/0x0xc11c0000
   !! int8 tuned 3x5x17 staged.w64x64.b128x128.k32.l4 (tuned vs oracle): 2 of 15 cells differ; first at 1 got -5.65625/0x0xc0b50000 want -9.75/0x0xc11c0000
   !! int8 tuned 3x5x17 staged.w64x64.b128x256.k32.l4 (tuned vs oracle): 2 of 15 cells differ; first at 1 got -5.65625/0x0xc0b50000 want -9.75/0x0xc11c0000
   !! int8 tuned 3x5x17 decode.n16.w4.c64 (decode vs oracle): 8 of 15 cells differ; first at 0 got -46.210938/0x0xc238d800 want 10.21875/0x0x41238000
   !! int8 tuned 3x5x17 decode.n16.w8.c64 (decode vs oracle): 8 of 15 cells differ; first at 0 got -46.210938/0x0xc238d800 want 10.21875/0x0x41238000
   !! int8 tuned 3x5x17 decode.n16.w16.c64 (decode vs oracle): 8 of 15 cells differ; first at 0 got -46.210938/0x0xc238d800 want 10.21875/0x0x41238000
   ok int8 tuned 17x33x31
   !! int8 tuned 33x17x33 staged.w16x16.b32x32.k32.l4 (tuned vs oracle): 561 of 561 cells differ; first at 0 got -123.140625/0x0xc2f64800 want -62.703125/0x0xc27ad000
   !! int8 tuned 33x17x33 staged.w32x32.b64x64.k32.l4 (tuned vs oracle): 561 of 561 cells differ; first at 0 got -123.140625/0x0xc2f64800 want -62.703125/0x0xc27ad000
   !! int8 tuned 33x17x33 staged.w64x64.b128x128.k32.l4 (tuned vs oracle): 561 of 561 cells differ; first at 0 got -123.140625/0x0xc2f64800 want -62.703125/0x0xc27ad000
   !! int8 tuned 33x17x33 staged.w64x64.b128x256.k32.l4 (tuned vs oracle): 561 of 561 cells differ; first at 0 got -123.140625/0x0xc2f64800 want -62.703125/0x0xc27ad000
   !! int8 tuned 33x17x33 staged.w64x64.b128x128.k32.l16 (tuned vs oracle): 560 of 561 cells differ; first at 0 got -133.57813/0x0xc3059400 want -62.703125/0x0xc27ad000
   !! int8 tuned 33x17x33 staged.w64x64.b128x128.k128.l16 (tuned vs oracle): 561 of 561 cells differ; first at 0 got 7.421875/0x0x40ed8000 want -62.703125/0x0xc27ad000
   !! int8 tuned 33x17x33 staged.w16x64.b16x256.k64.l16 (tuned vs oracle): 205 of 561 cells differ; first at 0 got -72.265625/0x0xc2908800 want -62.703125/0x0xc27ad000
   !! int8 tuned 33x17x33 staged.w16x16.b32x32.k64.l16 (tuned vs oracle): 337 of 561 cells differ; first at 0 got 10.609375/0x0x4129c000 want -62.703125/0x0xc27ad000
   !! int8 tuned 33x17x33 staged.w32x32.b64x64.k64.l16 (tuned vs oracle): 75 of 561 cells differ; first at 13 got -13.4375/0x0xc1570000 want -19.8125/0x0xc19e8000
   !! int8 tuned 33x17x33 staged.w32x32.b256x64.k64.l16 (tuned vs oracle): 425 of 561 cells differ; first at 0 got -66.953125/0x0xc285e800 want -62.703125/0x0xc27ad000
   !! int8 tuned 33x17x33 staged.w32x32.b512x32.k64.l16 (tuned vs oracle): 425 of 561 cells differ; first at 0 got -1.078125/0x0xbf8a0000 want -62.703125/0x0xc27ad000
   !! int8 tuned 33x17x33 staged.w32x16.b512x16.k64.l16 (tuned vs oracle): 414 of 561 cells differ; first at 0 got -1.078125/0x0xbf8a0000 want -62.703125/0x0xc27ad000
   !! int8 tuned 1x47x100 staged.w16x16.b32x32.k32.l4 (tuned vs oracle): 47 of 47 cells differ; first at 0 got -464.8125/0x0xc3e86800 want -303.39062/0x0xc397b200
   !! int8 tuned 1x47x100 staged.w32x32.b64x64.k32.l4 (tuned vs oracle): 47 of 47 cells differ; first at 0 got -464.8125/0x0xc3e86800 want -303.39062/0x0xc397b200
   !! int8 tuned 1x47x100 staged.w64x64.b128x128.k32.l4 (tuned vs oracle): 47 of 47 cells differ; first at 0 got -464.8125/0x0xc3e86800 want -303.39062/0x0xc397b200
   !! int8 tuned 1x47x100 staged.w64x64.b128x256.k32.l4 (tuned vs oracle): 47 of 47 cells differ; first at 0 got -464.8125/0x0xc3e86800 want -303.39062/0x0xc397b200
   !! int8 tuned 1x47x100 staged.w64x64.b128x128.k32.l16 (tuned vs oracle): 47 of 47 cells differ; first at 0 got -362.60938/0x0xc3b54e00 want -303.39062/0x0xc397b200
   !! int8 tuned 1x47x100 staged.w64x64.b128x128.k64.l16 (tuned vs oracle): 47 of 47 cells differ; first at 0 got -464.9375/0x0xc3e87800 want -303.39062/0x0xc397b200
   !! int8 tuned 1x47x100 staged.w64x64.b128x128.k128.l16 (tuned vs oracle): 47 of 47 cells differ; first at 0 got -288.51562/0x0xc3904200 want -303.39062/0x0xc397b200
   !! int8 tuned 1x47x100 staged.w64x64.b128x256.k64.l16 (tuned vs oracle): 47 of 47 cells differ; first at 0 got -464.9375/0x0xc3e87800 want -303.39062/0x0xc397b200
   !! int8 tuned 1x47x100 staged.w16x64.b16x256.k64.l16 (tuned vs oracle): 47 of 47 cells differ; first at 0 got -464.9375/0x0xc3e87800 want -303.39062/0x0xc397b200
   !! int8 tuned 1x47x100 staged.w16x16.b32x32.k64.l16 (tuned vs oracle): 47 of 47 cells differ; first at 0 got -464.9375/0x0xc3e87800 want -303.39062/0x0xc397b200
   !! int8 tuned 1x47x100 staged.w32x32.b64x64.k64.l16 (tuned vs oracle): 47 of 47 cells differ; first at 0 got -464.9375/0x0xc3e87800 want -303.39062/0x0xc397b200
   !! int8 tuned 1x47x100 staged.w32x32.b128x128.k64.l16 (tuned vs oracle): 47 of 47 cells differ; first at 0 got -464.9375/0x0xc3e87800 want -303.39062/0x0xc397b200
   !! int8 tuned 1x47x100 staged.w16x32.b128x128.k64.l16 (tuned vs oracle): 47 of 47 cells differ; first at 0 got -464.9375/0x0xc3e87800 want -303.39062/0x0xc397b200
   !! int8 tuned 1x47x100 staged.w32x32.b256x64.k64.l16 (tuned vs oracle): 47 of 47 cells differ; first at 0 got -464.9375/0x0xc3e87800 want -303.39062/0x0xc397b200
   !! int8 tuned 1x47x100 staged.w32x32.b512x32.k64.l16 (tuned vs oracle): 47 of 47 cells differ; first at 0 got -464.9375/0x0xc3e87800 want -303.39062/0x0xc397b200
   !! int8 tuned 1x47x100 staged.w32x16.b512x16.k64.l16 (tuned vs oracle): 47 of 47 cells differ; first at 0 got -464.9375/0x0xc3e87800 want -303.39062/0x0xc397b200
   !! int8 tuned 50x70x1000 staged.w16x16.b32x32.k32.l4 (tuned vs oracle): 3499 of 3500 cells differ; first at 0 got -552.9375/0x0xc40a3c00 want -565.5781/0x0xc40d6500
   !! int8 tuned 50x70x1000 staged.w32x32.b64x64.k32.l4 (tuned vs oracle): 3499 of 3500 cells differ; first at 0 got -552.9375/0x0xc40a3c00 want -565.5781/0x0xc40d6500
   !! int8 tuned 50x70x1000 staged.w64x64.b128x128.k32.l4 (tuned vs oracle): 3499 of 3500 cells differ; first at 0 got -552.9375/0x0xc40a3c00 want -565.5781/0x0xc40d6500
   !! int8 tuned 50x70x1000 staged.w64x64.b128x256.k32.l4 (tuned vs oracle): 3499 of 3500 cells differ; first at 0 got -552.9375/0x0xc40a3c00 want -565.5781/0x0xc40d6500
   !! int8 tuned 50x70x1000 staged.w64x64.b128x128.k32.l16 (tuned vs oracle): 3500 of 3500 cells differ; first at 0 got -578.3281/0x0xc4109500 want -565.5781/0x0xc40d6500
   !! int8 tuned 50x70x1000 staged.w64x64.b128x128.k64.l16 (tuned vs oracle): 3500 of 3500 cells differ; first at 0 got -374.14062/0x0xc3bb1200 want -565.5781/0x0xc40d6500
   !! int8 tuned 50x70x1000 staged.w64x64.b128x128.k128.l16 (tuned vs oracle): 3499 of 3500 cells differ; first at 0 got -399.5625/0x0xc3c7c800 want -565.5781/0x0xc40d6500
   !! int8 tuned 50x70x1000 staged.w64x64.b128x256.k64.l16 (tuned vs oracle): 3500 of 3500 cells differ; first at 0 got -374.14062/0x0xc3bb1200 want -565.5781/0x0xc40d6500
   !! int8 tuned 50x70x1000 staged.w16x64.b16x256.k64.l16 (tuned vs oracle): 3500 of 3500 cells differ; first at 0 got -374.14062/0x0xc3bb1200 want -565.5781/0x0xc40d6500
   !! int8 tuned 50x70x1000 staged.w16x16.b32x32.k64.l16 (tuned vs oracle): 3500 of 3500 cells differ; first at 0 got -374.14062/0x0xc3bb1200 want -565.5781/0x0xc40d6500
   !! int8 tuned 50x70x1000 staged.w32x32.b64x64.k64.l16 (tuned vs oracle): 3500 of 3500 cells differ; first at 0 got -374.14062/0x0xc3bb1200 want -565.5781/0x0xc40d6500
   !! int8 tuned 50x70x1000 staged.w32x32.b128x128.k64.l16 (tuned vs oracle): 3500 of 3500 cells differ; first at 0 got -374.14062/0x0xc3bb1200 want -565.5781/0x0xc40d6500
   !! int8 tuned 50x70x1000 staged.w16x32.b128x128.k64.l16 (tuned vs oracle): 3500 of 3500 cells differ; first at 0 got -374.14062/0x0xc3bb1200 want -565.5781/0x0xc40d6500
   !! int8 tuned 50x70x1000 staged.w32x32.b256x64.k64.l16 (tuned vs oracle): 3500 of 3500 cells differ; first at 0 got -374.14062/0x0xc3bb1200 want -565.5781/0x0xc40d6500
   !! int8 tuned 50x70x1000 staged.w32x32.b512x32.k64.l16 (tuned vs oracle): 3500 of 3500 cells differ; first at 0 got -374.14062/0x0xc3bb1200 want -565.5781/0x0xc40d6500
   !! int8 tuned 50x70x1000 staged.w32x16.b512x16.k64.l16 (tuned vs oracle): 3500 of 3500 cells differ; first at 0 got -374.14062/0x0xc3bb1200 want -565.5781/0x0xc40d6500
   !! int8 tuned 13x21x4097 staged.w16x16.b32x32.k32.l4 (tuned vs oracle): 273 of 273 cells differ; first at 0 got -2754.9219/0x0xc52c2ec0 want -2746.8438/0x0xc52bad80
   !! int8 tuned 13x21x4097 staged.w32x32.b64x64.k32.l4 (tuned vs oracle): 273 of 273 cells differ; first at 0 got -2754.9219/0x0xc52c2ec0 want -2746.8438/0x0xc52bad80
   !! int8 tuned 13x21x4097 staged.w64x64.b128x128.k32.l4 (tuned vs oracle): 273 of 273 cells differ; first at 0 got -2754.9219/0x0xc52c2ec0 want -2746.8438/0x0xc52bad80
   !! int8 tuned 13x21x4097 staged.w64x64.b128x256.k32.l4 (tuned vs oracle): 273 of 273 cells differ; first at 0 got -2754.9219/0x0xc52c2ec0 want -2746.8438/0x0xc52bad80
   !! int8 tuned 13x21x4097 staged.w64x64.b128x128.k32.l16 (tuned vs oracle): 273 of 273 cells differ; first at 0 got -2760.7969/0x0xc52c8cc0 want -2746.8438/0x0xc52bad80
   !! int8 tuned 13x21x4097 staged.w64x64.b128x128.k64.l16 (tuned vs oracle): 273 of 273 cells differ; first at 0 got -2762.2187/0x0xc52ca380 want -2746.8438/0x0xc52bad80
   !! int8 tuned 13x21x4097 staged.w64x64.b128x128.k128.l16 (tuned vs oracle): 273 of 273 cells differ; first at 0 got -2655.2187/0x0xc525f380 want -2746.8438/0x0xc52bad80
   !! int8 tuned 13x21x4097 staged.w64x64.b128x256.k64.l16 (tuned vs oracle): 273 of 273 cells differ; first at 0 got -2762.2187/0x0xc52ca380 want -2746.8438/0x0xc52bad80
   !! int8 tuned 13x21x4097 staged.w16x64.b16x256.k64.l16 (tuned vs oracle): 273 of 273 cells differ; first at 0 got -2762.2187/0x0xc52ca380 want -2746.8438/0x0xc52bad80
   !! int8 tuned 13x21x4097 staged.w16x16.b32x32.k64.l16 (tuned vs oracle): 273 of 273 cells differ; first at 0 got -2762.2187/0x0xc52ca380 want -2746.8438/0x0xc52bad80
   !! int8 tuned 13x21x4097 staged.w32x32.b64x64.k64.l16 (tuned vs oracle): 273 of 273 cells differ; first at 0 got -2762.2187/0x0xc52ca380 want -2746.8438/0x0xc52bad80
   !! int8 tuned 13x21x4097 staged.w32x32.b128x128.k64.l16 (tuned vs oracle): 273 of 273 cells differ; first at 0 got -2762.2187/0x0xc52ca380 want -2746.8438/0x0xc52bad80
   !! int8 tuned 13x21x4097 staged.w16x32.b128x128.k64.l16 (tuned vs oracle): 273 of 273 cells differ; first at 0 got -2762.2187/0x0xc52ca380 want -2746.8438/0x0xc52bad80
   !! int8 tuned 13x21x4097 staged.w32x32.b256x64.k64.l16 (tuned vs oracle): 273 of 273 cells differ; first at 0 got -2762.2187/0x0xc52ca380 want -2746.8438/0x0xc52bad80
   !! int8 tuned 13x21x4097 staged.w32x32.b512x32.k64.l16 (tuned vs oracle): 273 of 273 cells differ; first at 0 got -2762.2187/0x0xc52ca380 want -2746.8438/0x0xc52bad80
   !! int8 tuned 13x21x4097 staged.w32x16.b512x16.k64.l16 (tuned vs oracle): 273 of 273 cells differ; first at 0 got -2762.2187/0x0xc52ca380 want -2746.8438/0x0xc52bad80
   !! int8 tuned 13x21x4097 decode.n16.w4.c64 (decode vs oracle): 240 of 273 cells differ; first at 0 got -2588.2656/0x0xc521c440 want -2746.8438/0x0xc52bad80
   !! int8 tuned 13x21x4097 decode.n16.w8.c64 (decode vs oracle): 240 of 273 cells differ; first at 0 got -2588.2656/0x0xc521c440 want -2746.8438/0x0xc52bad80
   !! int8 tuned 13x21x4097 decode.n16.w16.c64 (decode vs oracle): 240 of 273 cells differ; first at 0 got -2588.2656/0x0xc521c440 want -2746.8438/0x0xc52bad80
   !! int8 tuned 2x16x32 decode.n16.w4.c64 (decode vs oracle): 15 of 32 cells differ; first at 0 got -170.19531/0x0xc32a3200 want -62.296875/0x0xc2793000
   !! int8 tuned 2x16x32 decode.n16.w8.c64 (decode vs oracle): 15 of 32 cells differ; first at 0 got -170.19531/0x0xc32a3200 want -62.296875/0x0xc2793000
   !! int8 tuned 2x16x32 decode.n16.w16.c64 (decode vs oracle): 15 of 32 cells differ; first at 0 got -170.19531/0x0xc32a3200 want -62.296875/0x0xc2793000
   ok int8 tuned 100x3x64
   ok int8 tuned 65x129x63
   !! int8 tuned 63x127x65 staged.w16x16.b32x32.k32.l4 (tuned vs oracle): 8001 of 8001 cells differ; first at 0 got 93.015625/0x0x42ba0800 want 64.796875/0x0x42819800
   !! int8 tuned 63x127x65 staged.w32x32.b64x64.k32.l4 (tuned vs oracle): 8001 of 8001 cells differ; first at 0 got 93.015625/0x0x42ba0800 want 64.796875/0x0x42819800
   !! int8 tuned 63x127x65 staged.w64x64.b128x128.k32.l4 (tuned vs oracle): 8001 of 8001 cells differ; first at 0 got 93.015625/0x0x42ba0800 want 64.796875/0x0x42819800
   !! int8 tuned 63x127x65 staged.w64x64.b128x256.k32.l4 (tuned vs oracle): 8001 of 8001 cells differ; first at 0 got 93.015625/0x0x42ba0800 want 64.796875/0x0x42819800
   !! int8 tuned 63x127x65 staged.w64x64.b128x128.k32.l16 (tuned vs oracle): 8001 of 8001 cells differ; first at 0 got 58.375/0x0x42698000 want 64.796875/0x0x42819800
   !! int8 tuned 63x127x65 staged.w64x64.b128x128.k64.l16 (tuned vs oracle): 7999 of 8001 cells differ; first at 0 got 176.40625/0x0x43306800 want 64.796875/0x0x42819800
   !! int8 tuned 63x127x65 staged.w64x64.b128x128.k128.l16 (tuned vs oracle): 6350 of 8001 cells differ; first at 0 got -28.015625/0x0xc1e02000 want 64.796875/0x0x42819800
   !! int8 tuned 63x127x65 staged.w64x64.b128x256.k64.l16 (tuned vs oracle): 7999 of 8001 cells differ; first at 0 got 176.40625/0x0x43306800 want 64.796875/0x0x42819800
   !! int8 tuned 63x127x65 staged.w16x64.b16x256.k64.l16 (tuned vs oracle): 7999 of 8001 cells differ; first at 0 got 176.40625/0x0x43306800 want 64.796875/0x0x42819800
   !! int8 tuned 63x127x65 staged.w16x16.b32x32.k64.l16 (tuned vs oracle): 7999 of 8001 cells differ; first at 0 got 176.40625/0x0x43306800 want 64.796875/0x0x42819800
   !! int8 tuned 63x127x65 staged.w32x32.b64x64.k64.l16 (tuned vs oracle): 7999 of 8001 cells differ; first at 0 got 176.40625/0x0x43306800 want 64.796875/0x0x42819800
   !! int8 tuned 63x127x65 staged.w32x32.b128x128.k64.l16 (tuned vs oracle): 7999 of 8001 cells differ; first at 0 got 176.40625/0x0x43306800 want 64.796875/0x0x42819800
   !! int8 tuned 63x127x65 staged.w16x32.b128x128.k64.l16 (tuned vs oracle): 7999 of 8001 cells differ; first at 0 got 176.40625/0x0x43306800 want 64.796875/0x0x42819800
   !! int8 tuned 63x127x65 staged.w32x32.b256x64.k64.l16 (tuned vs oracle): 7999 of 8001 cells differ; first at 0 got 176.40625/0x0x43306800 want 64.796875/0x0x42819800
   !! int8 tuned 63x127x65 staged.w32x32.b512x32.k64.l16 (tuned vs oracle): 7999 of 8001 cells differ; first at 0 got 176.40625/0x0x43306800 want 64.796875/0x0x42819800
   !! int8 tuned 63x127x65 staged.w32x16.b512x16.k64.l16 (tuned vs oracle): 7999 of 8001 cells differ; first at 0 got 176.40625/0x0x43306800 want 64.796875/0x0x42819800
   ok int8 tuned 129x65x127
   !! int8 tuned 127x257x129 staged.w16x16.b32x32.k32.l4 (tuned vs oracle): 32636 of 32639 cells differ; first at 0 got 413.78125/0x0x43cee400 want 202.03125/0x0x434a0800
   !! int8 tuned 127x257x129 staged.w32x32.b64x64.k32.l4 (tuned vs oracle): 32636 of 32639 cells differ; first at 0 got 413.78125/0x0x43cee400 want 202.03125/0x0x434a0800
   !! int8 tuned 127x257x129 staged.w64x64.b128x128.k32.l4 (tuned vs oracle): 32636 of 32639 cells differ; first at 0 got 413.78125/0x0x43cee400 want 202.03125/0x0x434a0800
   !! int8 tuned 127x257x129 staged.w64x64.b128x256.k32.l4 (tuned vs oracle): 32636 of 32639 cells differ; first at 0 got 413.78125/0x0x43cee400 want 202.03125/0x0x434a0800
   !! int8 tuned 127x257x129 staged.w64x64.b128x128.k32.l16 (tuned vs oracle): 32637 of 32639 cells differ; first at 0 got 144.34375/0x0x43105800 want 202.03125/0x0x434a0800
   !! int8 tuned 127x257x129 staged.w64x64.b128x128.k64.l16 (tuned vs oracle): 32634 of 32639 cells differ; first at 0 got 349.875/0x0x43aef000 want 202.03125/0x0x434a0800
   !! int8 tuned 127x257x129 staged.w64x64.b128x128.k128.l16 (tuned vs oracle): 32636 of 32639 cells differ; first at 0 got -77.34375/0x0xc29ab000 want 202.03125/0x0x434a0800
   !! int8 tuned 127x257x129 staged.w64x64.b128x256.k64.l16 (tuned vs oracle): 32634 of 32639 cells differ; first at 0 got 349.875/0x0x43aef000 want 202.03125/0x0x434a0800
   !! int8 tuned 127x257x129 staged.w16x64.b16x256.k64.l16 (tuned vs oracle): 32634 of 32639 cells differ; first at 0 got 349.875/0x0x43aef000 want 202.03125/0x0x434a0800
   !! int8 tuned 127x257x129 staged.w16x16.b32x32.k64.l16 (tuned vs oracle): 32634 of 32639 cells differ; first at 0 got 349.875/0x0x43aef000 want 202.03125/0x0x434a0800
   !! int8 tuned 127x257x129 staged.w32x32.b64x64.k64.l16 (tuned vs oracle): 32634 of 32639 cells differ; first at 0 got 349.875/0x0x43aef000 want 202.03125/0x0x434a0800
   !! int8 tuned 127x257x129 staged.w32x32.b128x128.k64.l16 (tuned vs oracle): 32634 of 32639 cells differ; first at 0 got 349.875/0x0x43aef000 want 202.03125/0x0x434a0800
   !! int8 tuned 127x257x129 staged.w16x32.b128x128.k64.l16 (tuned vs oracle): 32634 of 32639 cells differ; first at 0 got 349.875/0x0x43aef000 want 202.03125/0x0x434a0800
   !! int8 tuned 127x257x129 staged.w32x32.b256x64.k64.l16 (tuned vs oracle): 32634 of 32639 cells differ; first at 0 got 349.875/0x0x43aef000 want 202.03125/0x0x434a0800
   !! int8 tuned 127x257x129 staged.w32x32.b512x32.k64.l16 (tuned vs oracle): 32634 of 32639 cells differ; first at 0 got 349.875/0x0x43aef000 want 202.03125/0x0x434a0800
   !! int8 tuned 127x257x129 staged.w32x16.b512x16.k64.l16 (tuned vs oracle): 32634 of 32639 cells differ; first at 0 got 349.875/0x0x43aef000 want 202.03125/0x0x434a0800
   ok int8 tuned 130x255x191
   !! int8 tuned 17x300x4100 staged.w16x16.b32x32.k32.l4 (tuned vs oracle): 5100 of 5100 cells differ; first at 0 got -850.0469/0x0xc4548300 want -823.6719/0x0xc44deb00
   !! int8 tuned 17x300x4100 staged.w32x32.b64x64.k32.l4 (tuned vs oracle): 5100 of 5100 cells differ; first at 0 got -850.0469/0x0xc4548300 want -823.6719/0x0xc44deb00
   !! int8 tuned 17x300x4100 staged.w64x64.b128x128.k32.l4 (tuned vs oracle): 5100 of 5100 cells differ; first at 0 got -850.0469/0x0xc4548300 want -823.6719/0x0xc44deb00
   !! int8 tuned 17x300x4100 staged.w64x64.b128x256.k32.l4 (tuned vs oracle): 5100 of 5100 cells differ; first at 0 got -850.0469/0x0xc4548300 want -823.6719/0x0xc44deb00
   !! int8 tuned 17x300x4100 staged.w64x64.b128x128.k32.l16 (tuned vs oracle): 5100 of 5100 cells differ; first at 0 got -834.9375/0x0xc450bc00 want -823.6719/0x0xc44deb00
   !! int8 tuned 17x300x4100 staged.w64x64.b128x128.k64.l16 (tuned vs oracle): 5100 of 5100 cells differ; first at 0 got -762.03125/0x0xc43e8200 want -823.6719/0x0xc44deb00
   !! int8 tuned 17x300x4100 staged.w64x64.b128x128.k128.l16 (tuned vs oracle): 5099 of 5100 cells differ; first at 0 got -864.2656/0x0xc4581100 want -823.6719/0x0xc44deb00
   !! int8 tuned 17x300x4100 staged.w64x64.b128x256.k64.l16 (tuned vs oracle): 5100 of 5100 cells differ; first at 0 got -762.03125/0x0xc43e8200 want -823.6719/0x0xc44deb00
   !! int8 tuned 17x300x4100 staged.w16x64.b16x256.k64.l16 (tuned vs oracle): 5100 of 5100 cells differ; first at 0 got -762.03125/0x0xc43e8200 want -823.6719/0x0xc44deb00
   !! int8 tuned 17x300x4100 staged.w16x16.b32x32.k64.l16 (tuned vs oracle): 5100 of 5100 cells differ; first at 0 got -762.03125/0x0xc43e8200 want -823.6719/0x0xc44deb00
   !! int8 tuned 17x300x4100 staged.w32x32.b64x64.k64.l16 (tuned vs oracle): 5100 of 5100 cells differ; first at 0 got -762.03125/0x0xc43e8200 want -823.6719/0x0xc44deb00
   !! int8 tuned 17x300x4100 staged.w32x32.b128x128.k64.l16 (tuned vs oracle): 5100 of 5100 cells differ; first at 0 got -762.03125/0x0xc43e8200 want -823.6719/0x0xc44deb00
   !! int8 tuned 17x300x4100 staged.w16x32.b128x128.k64.l16 (tuned vs oracle): 5100 of 5100 cells differ; first at 0 got -762.03125/0x0xc43e8200 want -823.6719/0x0xc44deb00
   !! int8 tuned 17x300x4100 staged.w32x32.b256x64.k64.l16 (tuned vs oracle): 5100 of 5100 cells differ; first at 0 got -762.03125/0x0xc43e8200 want -823.6719/0x0xc44deb00
   !! int8 tuned 17x300x4100 staged.w32x32.b512x32.k64.l16 (tuned vs oracle): 5100 of 5100 cells differ; first at 0 got -762.03125/0x0xc43e8200 want -823.6719/0x0xc44deb00
   !! int8 tuned 17x300x4100 staged.w32x16.b512x16.k64.l16 (tuned vs oracle): 5100 of 5100 cells differ; first at 0 got -762.03125/0x0xc43e8200 want -823.6719/0x0xc44deb00
   !! int8 tuned 1x257x4104 staged.w16x16.b32x32.k32.l4 (tuned vs oracle): 257 of 257 cells differ; first at 0 got -2551.4375/0x0xc51f7700 want -2723.5156/0x0xc52a3840
   !! int8 tuned 1x257x4104 staged.w32x32.b64x64.k32.l4 (tuned vs oracle): 257 of 257 cells differ; first at 0 got -2551.4375/0x0xc51f7700 want -2723.5156/0x0xc52a3840
   !! int8 tuned 1x257x4104 staged.w64x64.b128x128.k32.l4 (tuned vs oracle): 257 of 257 cells differ; first at 0 got -2551.4375/0x0xc51f7700 want -2723.5156/0x0xc52a3840
   !! int8 tuned 1x257x4104 staged.w64x64.b128x256.k32.l4 (tuned vs oracle): 257 of 257 cells differ; first at 0 got -2551.4375/0x0xc51f7700 want -2723.5156/0x0xc52a3840
   !! int8 tuned 1x257x4104 staged.w64x64.b128x128.k32.l16 (tuned vs oracle): 257 of 257 cells differ; first at 0 got -2770.7969/0x0xc52d2cc0 want -2723.5156/0x0xc52a3840
   !! int8 tuned 1x257x4104 staged.w64x64.b128x128.k64.l16 (tuned vs oracle): 257 of 257 cells differ; first at 0 got -2774.453/0x0xc52d6740 want -2723.5156/0x0xc52a3840
   !! int8 tuned 1x257x4104 staged.w64x64.b128x128.k128.l16 (tuned vs oracle): 256 of 257 cells differ; first at 0 got -2755.8437/0x0xc52c3d80 want -2723.5156/0x0xc52a3840
   !! int8 tuned 1x257x4104 staged.w64x64.b128x256.k64.l16 (tuned vs oracle): 257 of 257 cells differ; first at 0 got -2774.453/0x0xc52d6740 want -2723.5156/0x0xc52a3840
   !! int8 tuned 1x257x4104 staged.w16x64.b16x256.k64.l16 (tuned vs oracle): 257 of 257 cells differ; first at 0 got -2774.453/0x0xc52d6740 want -2723.5156/0x0xc52a3840
   !! int8 tuned 1x257x4104 staged.w16x16.b32x32.k64.l16 (tuned vs oracle): 257 of 257 cells differ; first at 0 got -2774.453/0x0xc52d6740 want -2723.5156/0x0xc52a3840
   !! int8 tuned 1x257x4104 staged.w32x32.b64x64.k64.l16 (tuned vs oracle): 257 of 257 cells differ; first at 0 got -2774.453/0x0xc52d6740 want -2723.5156/0x0xc52a3840
   !! int8 tuned 1x257x4104 staged.w32x32.b128x128.k64.l16 (tuned vs oracle): 257 of 257 cells differ; first at 0 got -2774.453/0x0xc52d6740 want -2723.5156/0x0xc52a3840
   !! int8 tuned 1x257x4104 staged.w16x32.b128x128.k64.l16 (tuned vs oracle): 257 of 257 cells differ; first at 0 got -2774.453/0x0xc52d6740 want -2723.5156/0x0xc52a3840
   !! int8 tuned 1x257x4104 staged.w32x32.b256x64.k64.l16 (tuned vs oracle): 257 of 257 cells differ; first at 0 got -2774.453/0x0xc52d6740 want -2723.5156/0x0xc52a3840
   !! int8 tuned 1x257x4104 staged.w32x32.b512x32.k64.l16 (tuned vs oracle): 257 of 257 cells differ; first at 0 got -2774.453/0x0xc52d6740 want -2723.5156/0x0xc52a3840
   !! int8 tuned 1x257x4104 staged.w32x16.b512x16.k64.l16 (tuned vs oracle): 257 of 257 cells differ; first at 0 got -2774.453/0x0xc52d6740 want -2723.5156/0x0xc52a3840
   !! int8 tuned 16x513x4112 staged.w16x16.b32x32.k32.l4 (tuned vs oracle): 8206 of 8208 cells differ; first at 0 got 1536.5469/0x0x44c01180 want 1334.6094/0x0x44a6d380
   !! int8 tuned 16x513x4112 staged.w32x32.b64x64.k32.l4 (tuned vs oracle): 8206 of 8208 cells differ; first at 0 got 1536.5469/0x0x44c01180 want 1334.6094/0x0x44a6d380
   !! int8 tuned 16x513x4112 staged.w64x64.b128x128.k32.l4 (tuned vs oracle): 8206 of 8208 cells differ; first at 0 got 1536.5469/0x0x44c01180 want 1334.6094/0x0x44a6d380
   !! int8 tuned 16x513x4112 staged.w64x64.b128x256.k32.l4 (tuned vs oracle): 8206 of 8208 cells differ; first at 0 got 1536.5469/0x0x44c01180 want 1334.6094/0x0x44a6d380
   !! int8 tuned 16x513x4112 staged.w64x64.b128x128.k32.l16 (tuned vs oracle): 8206 of 8208 cells differ; first at 0 got 1536.5469/0x0x44c01180 want 1334.6094/0x0x44a6d380
   !! int8 tuned 16x513x4112 staged.w64x64.b128x128.k64.l16 (tuned vs oracle): 8208 of 8208 cells differ; first at 0 got 1393.3437/0x0x44ae2b00 want 1334.6094/0x0x44a6d380
   !! int8 tuned 16x513x4112 staged.w64x64.b128x128.k128.l16 (tuned vs oracle): 8207 of 8208 cells differ; first at 0 got 1138.9687/0x0x448e5f00 want 1334.6094/0x0x44a6d380
   !! int8 tuned 16x513x4112 staged.w64x64.b128x256.k64.l16 (tuned vs oracle): 8208 of 8208 cells differ; first at 0 got 1393.3437/0x0x44ae2b00 want 1334.6094/0x0x44a6d380
   !! int8 tuned 16x513x4112 staged.w16x64.b16x256.k64.l16 (tuned vs oracle): 8208 of 8208 cells differ; first at 0 got 1393.3437/0x0x44ae2b00 want 1334.6094/0x0x44a6d380
   !! int8 tuned 16x513x4112 staged.w16x16.b32x32.k64.l16 (tuned vs oracle): 8208 of 8208 cells differ; first at 0 got 1393.3437/0x0x44ae2b00 want 1334.6094/0x0x44a6d380
   !! int8 tuned 16x513x4112 staged.w32x32.b64x64.k64.l16 (tuned vs oracle): 8208 of 8208 cells differ; first at 0 got 1393.3437/0x0x44ae2b00 want 1334.6094/0x0x44a6d380
   !! int8 tuned 16x513x4112 staged.w32x32.b128x128.k64.l16 (tuned vs oracle): 8208 of 8208 cells differ; first at 0 got 1393.3437/0x0x44ae2b00 want 1334.6094/0x0x44a6d380
   !! int8 tuned 16x513x4112 staged.w16x32.b128x128.k64.l16 (tuned vs oracle): 8208 of 8208 cells differ; first at 0 got 1393.3437/0x0x44ae2b00 want 1334.6094/0x0x44a6d380
   !! int8 tuned 16x513x4112 staged.w32x32.b256x64.k64.l16 (tuned vs oracle): 8208 of 8208 cells differ; first at 0 got 1393.3437/0x0x44ae2b00 want 1334.6094/0x0x44a6d380
   !! int8 tuned 16x513x4112 staged.w32x32.b512x32.k64.l16 (tuned vs oracle): 8208 of 8208 cells differ; first at 0 got 1393.3437/0x0x44ae2b00 want 1334.6094/0x0x44a6d380
   !! int8 tuned 16x513x4112 staged.w32x16.b512x16.k64.l16 (tuned vs oracle): 8208 of 8208 cells differ; first at 0 got 1393.3437/0x0x44ae2b00 want 1334.6094/0x0x44a6d380
   !! int8 tuned 16x513x4112 decode.n16.w4.c64 (decode vs oracle): 7679 of 8208 cells differ; first at 0 got 1201.5625/0x0x44963200 want 1334.6094/0x0x44a6d380
   !! int8 tuned 16x513x4112 decode.n16.w8.c64 (decode vs oracle): 7679 of 8208 cells differ; first at 0 got 1201.5625/0x0x44963200 want 1334.6094/0x0x44a6d380
   !! int8 tuned 16x513x4112 decode.n16.w16.c64 (decode vs oracle): 7679 of 8208 cells differ; first at 0 got 1201.5625/0x0x44963200 want 1334.6094/0x0x44a6d380
   ok int8 tuned 8x128x4096
   ok int8 tuned 128x128x256
   !! int8 tuned 64x256x1000 staged.w16x16.b32x32.k32.l4 (tuned vs oracle): 16383 of 16384 cells differ; first at 0 got -551.1875/0x0xc409cc00 want -491.96875/0x0xc3f5fc00
   !! int8 tuned 64x256x1000 staged.w32x32.b64x64.k32.l4 (tuned vs oracle): 16383 of 16384 cells differ; first at 0 got -551.1875/0x0xc409cc00 want -491.96875/0x0xc3f5fc00
   !! int8 tuned 64x256x1000 staged.w64x64.b128x128.k32.l4 (tuned vs oracle): 16383 of 16384 cells differ; first at 0 got -551.1875/0x0xc409cc00 want -491.96875/0x0xc3f5fc00
   !! int8 tuned 64x256x1000 staged.w64x64.b128x256.k32.l4 (tuned vs oracle): 16383 of 16384 cells differ; first at 0 got -551.1875/0x0xc409cc00 want -491.96875/0x0xc3f5fc00
   !! int8 tuned 64x256x1000 staged.w64x64.b128x128.k32.l16 (tuned vs oracle): 16382 of 16384 cells differ; first at 0 got -536.71875/0x0xc4062e00 want -491.96875/0x0xc3f5fc00
   !! int8 tuned 64x256x1000 staged.w64x64.b128x128.k64.l16 (tuned vs oracle): 16383 of 16384 cells differ; first at 0 got -737.2969/0x0xc4385300 want -491.96875/0x0xc3f5fc00
   !! int8 tuned 64x256x1000 staged.w64x64.b128x128.k128.l16 (tuned vs oracle): 16382 of 16384 cells differ; first at 0 got -741.125/0x0xc4394800 want -491.96875/0x0xc3f5fc00
   !! int8 tuned 64x256x1000 staged.w64x64.b128x256.k64.l16 (tuned vs oracle): 16383 of 16384 cells differ; first at 0 got -737.2969/0x0xc4385300 want -491.96875/0x0xc3f5fc00
   !! int8 tuned 64x256x1000 staged.w16x64.b16x256.k64.l16 (tuned vs oracle): 16383 of 16384 cells differ; first at 0 got -737.2969/0x0xc4385300 want -491.96875/0x0xc3f5fc00
   !! int8 tuned 64x256x1000 staged.w16x16.b32x32.k64.l16 (tuned vs oracle): 16383 of 16384 cells differ; first at 0 got -737.2969/0x0xc4385300 want -491.96875/0x0xc3f5fc00
   !! int8 tuned 64x256x1000 staged.w32x32.b64x64.k64.l16 (tuned vs oracle): 16383 of 16384 cells differ; first at 0 got -737.2969/0x0xc4385300 want -491.96875/0x0xc3f5fc00
   !! int8 tuned 64x256x1000 staged.w32x32.b128x128.k64.l16 (tuned vs oracle): 16383 of 16384 cells differ; first at 0 got -737.2969/0x0xc4385300 want -491.96875/0x0xc3f5fc00
   !! int8 tuned 64x256x1000 staged.w16x32.b128x128.k64.l16 (tuned vs oracle): 16383 of 16384 cells differ; first at 0 got -737.2969/0x0xc4385300 want -491.96875/0x0xc3f5fc00
   !! int8 tuned 64x256x1000 staged.w32x32.b256x64.k64.l16 (tuned vs oracle): 16383 of 16384 cells differ; first at 0 got -737.2969/0x0xc4385300 want -491.96875/0x0xc3f5fc00
   !! int8 tuned 64x256x1000 staged.w32x32.b512x32.k64.l16 (tuned vs oracle): 16383 of 16384 cells differ; first at 0 got -737.2969/0x0xc4385300 want -491.96875/0x0xc3f5fc00
   !! int8 tuned 64x256x1000 staged.w32x16.b512x16.k64.l16 (tuned vs oracle): 16383 of 16384 cells differ; first at 0 got -737.2969/0x0xc4385300 want -491.96875/0x0xc3f5fc00
   ok int8 tuned 200x40x96
   shapes: 27
   quantized-fixture: 606 cases, 213 failed
!! GATE FAILED: check_tuned_plans_match_reference_flat_oracle
   213 of 606 quantized-fixture cases differ; first: int8 tuned 2x96x127 decode.n16.w4.c64 (decode vs oracle): 95 of 192 cells differ; first at 0 got -19.953125/0x0xc19fa000 want -20.3125/0x0xc1a28000
   ok int8 tuned planted all-positive 9x7x1024
   ok int8 tuned planted all-negative 9x7x1024
   ok int8 tuned planted cancel-halves 9x7x1024
   ok int8 tuned planted odd-windows 9x7x1024
   ok int8 tuned planted checkerboard 9x7x1024
   ok int8 tuned planted zero-rows 9x7x1024
   ok int8 tuned planted lone-last-step 9x7x1024
   !! int8 tuned planted all-positive 9x7x1025 staged.w16x16.b32x32.k32.l4 (tuned vs oracle): 63 of 63 cells differ; first at 0 got 2073.2222/0x0x4501938e want 2018.0939/0x0x44fc4301
   !! int8 tuned planted all-positive 9x7x1025 staged.w32x32.b64x64.k32.l4 (tuned vs oracle): 63 of 63 cells differ; first at 0 got 2073.2222/0x0x4501938e want 2018.0939/0x0x44fc4301
   !! int8 tuned planted all-positive 9x7x1025 staged.w64x64.b128x128.k32.l4 (tuned vs oracle): 63 of 63 cells differ; first at 0 got 2073.2222/0x0x4501938e want 2018.0939/0x0x44fc4301
   !! int8 tuned planted all-positive 9x7x1025 staged.w64x64.b128x256.k32.l4 (tuned vs oracle): 63 of 63 cells differ; first at 0 got 2073.2222/0x0x4501938e want 2018.0939/0x0x44fc4301
   !! int8 tuned planted all-positive 9x7x1025 staged.w64x64.b128x128.k32.l16 (tuned vs oracle): 63 of 63 cells differ; first at 0 got 2049.5957/0x0x45001988 want 2018.0939/0x0x44fc4301
   !! int8 tuned planted all-positive 9x7x1025 staged.w64x64.b128x128.k64.l16 (tuned vs oracle): 63 of 63 cells differ; first at 0 got 2049.5957/0x0x45001988 want 2018.0939/0x0x44fc4301
   !! int8 tuned planted all-positive 9x7x1025 staged.w64x64.b128x128.k128.l16 (tuned vs oracle): 63 of 63 cells differ; first at 0 got 2049.5957/0x0x45001988 want 2018.0939/0x0x44fc4301
   !! int8 tuned planted all-positive 9x7x1025 staged.w64x64.b128x256.k64.l16 (tuned vs oracle): 63 of 63 cells differ; first at 0 got 2049.5957/0x0x45001988 want 2018.0939/0x0x44fc4301
   !! int8 tuned planted all-positive 9x7x1025 staged.w16x64.b16x256.k64.l16 (tuned vs oracle): 63 of 63 cells differ; first at 0 got 2049.5957/0x0x45001988 want 2018.0939/0x0x44fc4301
   !! int8 tuned planted all-positive 9x7x1025 staged.w16x16.b32x32.k64.l16 (tuned vs oracle): 63 of 63 cells differ; first at 0 got 2049.5957/0x0x45001988 want 2018.0939/0x0x44fc4301
   !! int8 tuned planted all-positive 9x7x1025 staged.w32x32.b64x64.k64.l16 (tuned vs oracle): 63 of 63 cells differ; first at 0 got 2049.5957/0x0x45001988 want 2018.0939/0x0x44fc4301
   !! int8 tuned planted all-positive 9x7x1025 staged.w32x32.b128x128.k64.l16 (tuned vs oracle): 63 of 63 cells differ; first at 0 got 2049.5957/0x0x45001988 want 2018.0939/0x0x44fc4301
   !! int8 tuned planted all-positive 9x7x1025 staged.w16x32.b128x128.k64.l16 (tuned vs oracle): 63 of 63 cells differ; first at 0 got 2049.5957/0x0x45001988 want 2018.0939/0x0x44fc4301
   !! int8 tuned planted all-positive 9x7x1025 staged.w32x32.b256x64.k64.l16 (tuned vs oracle): 63 of 63 cells differ; first at 0 got 2049.5957/0x0x45001988 want 2018.0939/0x0x44fc4301
   !! int8 tuned planted all-positive 9x7x1025 staged.w32x32.b512x32.k64.l16 (tuned vs oracle): 63 of 63 cells differ; first at 0 got 2049.5957/0x0x45001988 want 2018.0939/0x0x44fc4301
   !! int8 tuned planted all-positive 9x7x1025 staged.w32x16.b512x16.k64.l16 (tuned vs oracle): 63 of 63 cells differ; first at 0 got 2049.5957/0x0x45001988 want 2018.0939/0x0x44fc4301
   !! int8 tuned planted all-positive 9x7x1025 decode.n16.w4.c64 (decode vs oracle): 48 of 63 cells differ; first at 0 got 2142.1328/0x0x4505e220 want 2018.0939/0x0x44fc4301
   !! int8 tuned planted all-positive 9x7x1025 decode.n16.w8.c64 (decode vs oracle): 48 of 63 cells differ; first at 0 got 2142.1328/0x0x4505e220 want 2018.0939/0x0x44fc4301
   !! int8 tuned planted all-positive 9x7x1025 decode.n16.w16.c64 (decode vs oracle): 48 of 63 cells differ; first at 0 got 2142.1328/0x0x4505e220 want 2018.0939/0x0x44fc4301
   !! int8 tuned planted all-negative 9x7x1025 staged.w16x16.b32x32.k32.l4 (tuned vs oracle): 63 of 63 cells differ; first at 0 got -2073.2222/0x0xc501938e want -2018.0939/0x0xc4fc4301
   !! int8 tuned planted all-negative 9x7x1025 staged.w32x32.b64x64.k32.l4 (tuned vs oracle): 63 of 63 cells differ; first at 0 got -2073.2222/0x0xc501938e want -2018.0939/0x0xc4fc4301
   !! int8 tuned planted all-negative 9x7x1025 staged.w64x64.b128x128.k32.l4 (tuned vs oracle): 63 of 63 cells differ; first at 0 got -2073.2222/0x0xc501938e want -2018.0939/0x0xc4fc4301
   !! int8 tuned planted all-negative 9x7x1025 staged.w64x64.b128x256.k32.l4 (tuned vs oracle): 63 of 63 cells differ; first at 0 got -2073.2222/0x0xc501938e want -2018.0939/0x0xc4fc4301
   !! int8 tuned planted all-negative 9x7x1025 staged.w64x64.b128x128.k32.l16 (tuned vs oracle): 63 of 63 cells differ; first at 0 got -2049.5957/0x0xc5001988 want -2018.0939/0x0xc4fc4301
   !! int8 tuned planted all-negative 9x7x1025 staged.w64x64.b128x128.k64.l16 (tuned vs oracle): 63 of 63 cells differ; first at 0 got -2049.5957/0x0xc5001988 want -2018.0939/0x0xc4fc4301
   !! int8 tuned planted all-negative 9x7x1025 staged.w64x64.b128x128.k128.l16 (tuned vs oracle): 63 of 63 cells differ; first at 0 got -2049.5957/0x0xc5001988 want -2018.0939/0x0xc4fc4301
   !! int8 tuned planted all-negative 9x7x1025 staged.w64x64.b128x256.k64.l16 (tuned vs oracle): 63 of 63 cells differ; first at 0 got -2049.5957/0x0xc5001988 want -2018.0939/0x0xc4fc4301
   !! int8 tuned planted all-negative 9x7x1025 staged.w16x64.b16x256.k64.l16 (tuned vs oracle): 63 of 63 cells differ; first at 0 got -2049.5957/0x0xc5001988 want -2018.0939/0x0xc4fc4301
   !! int8 tuned planted all-negative 9x7x1025 staged.w16x16.b32x32.k64.l16 (tuned vs oracle): 63 of 63 cells differ; first at 0 got -2049.5957/0x0xc5001988 want -2018.0939/0x0xc4fc4301
   !! int8 tuned planted all-negative 9x7x1025 staged.w32x32.b64x64.k64.l16 (tuned vs oracle): 63 of 63 cells differ; first at 0 got -2049.5957/0x0xc5001988 want -2018.0939/0x0xc4fc4301
   !! int8 tuned planted all-negative 9x7x1025 staged.w32x32.b128x128.k64.l16 (tuned vs oracle): 63 of 63 cells differ; first at 0 got -2049.5957/0x0xc5001988 want -2018.0939/0x0xc4fc4301
   !! int8 tuned planted all-negative 9x7x1025 staged.w16x32.b128x128.k64.l16 (tuned vs oracle): 63 of 63 cells differ; first at 0 got -2049.5957/0x0xc5001988 want -2018.0939/0x0xc4fc4301
   !! int8 tuned planted all-negative 9x7x1025 staged.w32x32.b256x64.k64.l16 (tuned vs oracle): 63 of 63 cells differ; first at 0 got -2049.5957/0x0xc5001988 want -2018.0939/0x0xc4fc4301
   !! int8 tuned planted all-negative 9x7x1025 staged.w32x32.b512x32.k64.l16 (tuned vs oracle): 63 of 63 cells differ; first at 0 got -2049.5957/0x0xc5001988 want -2018.0939/0x0xc4fc4301
   !! int8 tuned planted all-negative 9x7x1025 staged.w32x16.b512x16.k64.l16 (tuned vs oracle): 63 of 63 cells differ; first at 0 got -2049.5957/0x0xc5001988 want -2018.0939/0x0xc4fc4301
   !! int8 tuned planted all-negative 9x7x1025 decode.n16.w4.c64 (decode vs oracle): 48 of 63 cells differ; first at 0 got -2142.1328/0x0xc505e220 want -2018.0939/0x0xc4fc4301
   !! int8 tuned planted all-negative 9x7x1025 decode.n16.w8.c64 (decode vs oracle): 48 of 63 cells differ; first at 0 got -2142.1328/0x0xc505e220 want -2018.0939/0x0xc4fc4301
   !! int8 tuned planted all-negative 9x7x1025 decode.n16.w16.c64 (decode vs oracle): 48 of 63 cells differ; first at 0 got -2142.1328/0x0xc505e220 want -2018.0939/0x0xc4fc4301
   !! int8 tuned planted cancel-halves 9x7x1025 staged.w16x16.b32x32.k32.l4 (tuned vs oracle): 63 of 63 cells differ; first at 0 got -57.09729/0x0xc26463a0 want -1.9688721/0x0xbffc0400
   !! int8 tuned planted cancel-halves 9x7x1025 staged.w32x32.b64x64.k32.l4 (tuned vs oracle): 63 of 63 cells differ; first at 0 got -57.09729/0x0xc26463a0 want -1.9688721/0x0xbffc0400
   !! int8 tuned planted cancel-halves 9x7x1025 staged.w64x64.b128x128.k32.l4 (tuned vs oracle): 63 of 63 cells differ; first at 0 got -57.09729/0x0xc26463a0 want -1.9688721/0x0xbffc0400
   !! int8 tuned planted cancel-halves 9x7x1025 staged.w64x64.b128x256.k32.l4 (tuned vs oracle): 63 of 63 cells differ; first at 0 got -57.09729/0x0xc26463a0 want -1.9688721/0x0xbffc0400
   !! int8 tuned planted cancel-halves 9x7x1025 staged.w64x64.b128x128.k32.l16 (tuned vs oracle): 63 of 63 cells differ; first at 0 got -33.470825/0x0xc205e220 want -1.9688721/0x0xbffc0400
   !! int8 tuned planted cancel-halves 9x7x1025 staged.w64x64.b128x128.k64.l16 (tuned vs oracle): 63 of 63 cells differ; first at 0 got -33.470825/0x0xc205e220 want -1.9688721/0x0xbffc0400
   !! int8 tuned planted cancel-halves 9x7x1025 staged.w64x64.b128x128.k128.l16 (tuned vs oracle): 63 of 63 cells differ; first at 0 got -33.470825/0x0xc205e220 want -1.9688721/0x0xbffc0400
   !! int8 tuned planted cancel-halves 9x7x1025 staged.w64x64.b128x256.k64.l16 (tuned vs oracle): 63 of 63 cells differ; first at 0 got -33.470825/0x0xc205e220 want -1.9688721/0x0xbffc0400
   !! int8 tuned planted cancel-halves 9x7x1025 staged.w16x64.b16x256.k64.l16 (tuned vs oracle): 63 of 63 cells differ; first at 0 got -33.470825/0x0xc205e220 want -1.9688721/0x0xbffc0400
   !! int8 tuned planted cancel-halves 9x7x1025 staged.w16x16.b32x32.k64.l16 (tuned vs oracle): 63 of 63 cells differ; first at 0 got -33.470825/0x0xc205e220 want -1.9688721/0x0xbffc0400
   !! int8 tuned planted cancel-halves 9x7x1025 staged.w32x32.b64x64.k64.l16 (tuned vs oracle): 63 of 63 cells differ; first at 0 got -33.470825/0x0xc205e220 want -1.9688721/0x0xbffc0400
   !! int8 tuned planted cancel-halves 9x7x1025 staged.w32x32.b128x128.k64.l16 (tuned vs oracle): 63 of 63 cells differ; first at 0 got -33.470825/0x0xc205e220 want -1.9688721/0x0xbffc0400
   !! int8 tuned planted cancel-halves 9x7x1025 staged.w16x32.b128x128.k64.l16 (tuned vs oracle): 63 of 63 cells differ; first at 0 got -33.470825/0x0xc205e220 want -1.9688721/0x0xbffc0400
   !! int8 tuned planted cancel-halves 9x7x1025 staged.w32x32.b256x64.k64.l16 (tuned vs oracle): 63 of 63 cells differ; first at 0 got -33.470825/0x0xc205e220 want -1.9688721/0x0xbffc0400
   !! int8 tuned planted cancel-halves 9x7x1025 staged.w32x32.b512x32.k64.l16 (tuned vs oracle): 63 of 63 cells differ; first at 0 got -33.470825/0x0xc205e220 want -1.9688721/0x0xbffc0400
   !! int8 tuned planted cancel-halves 9x7x1025 staged.w32x16.b512x16.k64.l16 (tuned vs oracle): 63 of 63 cells differ; first at 0 got -33.470825/0x0xc205e220 want -1.9688721/0x0xbffc0400
   !! int8 tuned planted cancel-halves 9x7x1025 decode.n16.w4.c64 (decode vs oracle): 48 of 63 cells differ; first at 0 got 122.07007/0x0x42f423e0 want -1.9688721/0x0xbffc0400
   !! int8 tuned planted cancel-halves 9x7x1025 decode.n16.w8.c64 (decode vs oracle): 48 of 63 cells differ; first at 0 got 122.07007/0x0x42f423e0 want -1.9688721/0x0xbffc0400
   !! int8 tuned planted cancel-halves 9x7x1025 decode.n16.w16.c64 (decode vs oracle): 48 of 63 cells differ; first at 0 got 122.07007/0x0x42f423e0 want -1.9688721/0x0xbffc0400
   !! int8 tuned planted odd-windows 9x7x1025 staged.w16x16.b32x32.k32.l4 (tuned vs oracle): 63 of 63 cells differ; first at 0 got 2071.1758/0x0x450172d0 want 2016.094/0x0x44fc0302
   !! int8 tuned planted odd-windows 9x7x1025 staged.w32x32.b64x64.k32.l4 (tuned vs oracle): 63 of 63 cells differ; first at 0 got 2071.1758/0x0x450172d0 want 2016.094/0x0x44fc0302
   !! int8 tuned planted odd-windows 9x7x1025 staged.w64x64.b128x128.k32.l4 (tuned vs oracle): 63 of 63 cells differ; first at 0 got 2071.1758/0x0x450172d0 want 2016.094/0x0x44fc0302
   !! int8 tuned planted odd-windows 9x7x1025 staged.w64x64.b128x256.k32.l4 (tuned vs oracle): 63 of 63 cells differ; first at 0 got 2071.1758/0x0x450172d0 want 2016.094/0x0x44fc0302
   !! int8 tuned planted odd-windows 9x7x1025 staged.w64x64.b128x128.k32.l16 (tuned vs oracle): 63 of 63 cells differ; first at 0 got 2047.565/0x0x44fff214 want 2016.094/0x0x44fc0302
   !! int8 tuned planted odd-windows 9x7x1025 staged.w64x64.b128x128.k64.l16 (tuned vs oracle): 63 of 63 cells differ; first at 0 got 2047.565/0x0x44fff214 want 2016.094/0x0x44fc0302
   !! int8 tuned planted odd-windows 9x7x1025 staged.w64x64.b128x128.k128.l16 (tuned vs oracle): 63 of 63 cells differ; first at 0 got 2047.565/0x0x44fff214 want 2016.094/0x0x44fc0302
   !! int8 tuned planted odd-windows 9x7x1025 staged.w64x64.b128x256.k64.l16 (tuned vs oracle): 63 of 63 cells differ; first at 0 got 2047.565/0x0x44fff214 want 2016.094/0x0x44fc0302
   !! int8 tuned planted odd-windows 9x7x1025 staged.w16x64.b16x256.k64.l16 (tuned vs oracle): 63 of 63 cells differ; first at 0 got 2047.565/0x0x44fff214 want 2016.094/0x0x44fc0302
   !! int8 tuned planted odd-windows 9x7x1025 staged.w16x16.b32x32.k64.l16 (tuned vs oracle): 63 of 63 cells differ; first at 0 got 2047.565/0x0x44fff214 want 2016.094/0x0x44fc0302
   !! int8 tuned planted odd-windows 9x7x1025 staged.w32x32.b64x64.k64.l16 (tuned vs oracle): 63 of 63 cells differ; first at 0 got 2047.565/0x0x44fff214 want 2016.094/0x0x44fc0302
   !! int8 tuned planted odd-windows 9x7x1025 staged.w32x32.b128x128.k64.l16 (tuned vs oracle): 63 of 63 cells differ; first at 0 got 2047.565/0x0x44fff214 want 2016.094/0x0x44fc0302
   !! int8 tuned planted odd-windows 9x7x1025 staged.w16x32.b128x128.k64.l16 (tuned vs oracle): 63 of 63 cells differ; first at 0 got 2047.565/0x0x44fff214 want 2016.094/0x0x44fc0302
   !! int8 tuned planted odd-windows 9x7x1025 staged.w32x32.b256x64.k64.l16 (tuned vs oracle): 63 of 63 cells differ; first at 0 got 2047.565/0x0x44fff214 want 2016.094/0x0x44fc0302
   !! int8 tuned planted odd-windows 9x7x1025 staged.w32x32.b512x32.k64.l16 (tuned vs oracle): 63 of 63 cells differ; first at 0 got 2047.565/0x0x44fff214 want 2016.094/0x0x44fc0302
   !! int8 tuned planted odd-windows 9x7x1025 staged.w32x16.b512x16.k64.l16 (tuned vs oracle): 63 of 63 cells differ; first at 0 got 2047.565/0x0x44fff214 want 2016.094/0x0x44fc0302
   !! int8 tuned planted odd-windows 9x7x1025 decode.n16.w4.c64 (decode vs oracle): 48 of 63 cells differ; first at 0 got 2140.0088/0x0x4505c024 want 2016.094/0x0x44fc0302
   !! int8 tuned planted odd-windows 9x7x1025 decode.n16.w8.c64 (decode vs oracle): 48 of 63 cells differ; first at 0 got 2140.0088/0x0x4505c024 want 2016.094/0x0x44fc0302
   !! int8 tuned planted odd-windows 9x7x1025 decode.n16.w16.c64 (decode vs oracle): 48 of 63 cells differ; first at 0 got 2140.0088/0x0x4505c024 want 2016.094/0x0x44fc0302
   !! int8 tuned planted checkerboard 9x7x1025 staged.w16x16.b32x32.k32.l4 (tuned vs oracle): 63 of 63 cells differ; first at 0 got -2073.2222/0x0xc501938e want -2018.0939/0x0xc4fc4301
   !! int8 tuned planted checkerboard 9x7x1025 staged.w32x32.b64x64.k32.l4 (tuned vs oracle): 63 of 63 cells differ; first at 0 got -2073.2222/0x0xc501938e want -2018.0939/0x0xc4fc4301
   !! int8 tuned planted checkerboard 9x7x1025 staged.w64x64.b128x128.k32.l4 (tuned vs oracle): 63 of 63 cells differ; first at 0 got -2073.2222/0x0xc501938e want -2018.0939/0x0xc4fc4301
   !! int8 tuned planted checkerboard 9x7x1025 staged.w64x64.b128x256.k32.l4 (tuned vs oracle): 63 of 63 cells differ; first at 0 got -2073.2222/0x0xc501938e want -2018.0939/0x0xc4fc4301
   !! int8 tuned planted checkerboard 9x7x1025 staged.w64x64.b128x128.k32.l16 (tuned vs oracle): 63 of 63 cells differ; first at 0 got -2049.5957/0x0xc5001988 want -2018.0939/0x0xc4fc4301
   !! int8 tuned planted checkerboard 9x7x1025 staged.w64x64.b128x128.k64.l16 (tuned vs oracle): 63 of 63 cells differ; first at 0 got -2049.5957/0x0xc5001988 want -2018.0939/0x0xc4fc4301
   !! int8 tuned planted checkerboard 9x7x1025 staged.w64x64.b128x128.k128.l16 (tuned vs oracle): 63 of 63 cells differ; first at 0 got -2049.5957/0x0xc5001988 want -2018.0939/0x0xc4fc4301
   !! int8 tuned planted checkerboard 9x7x1025 staged.w64x64.b128x256.k64.l16 (tuned vs oracle): 63 of 63 cells differ; first at 0 got -2049.5957/0x0xc5001988 want -2018.0939/0x0xc4fc4301
   !! int8 tuned planted checkerboard 9x7x1025 staged.w16x64.b16x256.k64.l16 (tuned vs oracle): 63 of 63 cells differ; first at 0 got -2049.5957/0x0xc5001988 want -2018.0939/0x0xc4fc4301
   !! int8 tuned planted checkerboard 9x7x1025 staged.w16x16.b32x32.k64.l16 (tuned vs oracle): 63 of 63 cells differ; first at 0 got -2049.5957/0x0xc5001988 want -2018.0939/0x0xc4fc4301
   !! int8 tuned planted checkerboard 9x7x1025 staged.w32x32.b64x64.k64.l16 (tuned vs oracle): 63 of 63 cells differ; first at 0 got -2049.5957/0x0xc5001988 want -2018.0939/0x0xc4fc4301
   !! int8 tuned planted checkerboard 9x7x1025 staged.w32x32.b128x128.k64.l16 (tuned vs oracle): 63 of 63 cells differ; first at 0 got -2049.5957/0x0xc5001988 want -2018.0939/0x0xc4fc4301
   !! int8 tuned planted checkerboard 9x7x1025 staged.w16x32.b128x128.k64.l16 (tuned vs oracle): 63 of 63 cells differ; first at 0 got -2049.5957/0x0xc5001988 want -2018.0939/0x0xc4fc4301
   !! int8 tuned planted checkerboard 9x7x1025 staged.w32x32.b256x64.k64.l16 (tuned vs oracle): 63 of 63 cells differ; first at 0 got -2049.5957/0x0xc5001988 want -2018.0939/0x0xc4fc4301
   !! int8 tuned planted checkerboard 9x7x1025 staged.w32x32.b512x32.k64.l16 (tuned vs oracle): 63 of 63 cells differ; first at 0 got -2049.5957/0x0xc5001988 want -2018.0939/0x0xc4fc4301
   !! int8 tuned planted checkerboard 9x7x1025 staged.w32x16.b512x16.k64.l16 (tuned vs oracle): 63 of 63 cells differ; first at 0 got -2049.5957/0x0xc5001988 want -2018.0939/0x0xc4fc4301
   !! int8 tuned planted checkerboard 9x7x1025 decode.n16.w4.c64 (decode vs oracle): 48 of 63 cells differ; first at 0 got -2142.1328/0x0xc505e220 want -2018.0939/0x0xc4fc4301
   !! int8 tuned planted checkerboard 9x7x1025 decode.n16.w8.c64 (decode vs oracle): 48 of 63 cells differ; first at 0 got -2142.1328/0x0xc505e220 want -2018.0939/0x0xc4fc4301
   !! int8 tuned planted checkerboard 9x7x1025 decode.n16.w16.c64 (decode vs oracle): 48 of 63 cells differ; first at 0 got -2142.1328/0x0xc505e220 want -2018.0939/0x0xc4fc4301
   !! int8 tuned planted zero-rows 9x7x1025 staged.w16x16.b32x32.k32.l4 (tuned vs oracle): 36 of 63 cells differ; first at 0 got -2073.2222/0x0xc501938e want -2018.0939/0x0xc4fc4301
   !! int8 tuned planted zero-rows 9x7x1025 staged.w32x32.b64x64.k32.l4 (tuned vs oracle): 36 of 63 cells differ; first at 0 got -2073.2222/0x0xc501938e want -2018.0939/0x0xc4fc4301
   !! int8 tuned planted zero-rows 9x7x1025 staged.w64x64.b128x128.k32.l4 (tuned vs oracle): 36 of 63 cells differ; first at 0 got -2073.2222/0x0xc501938e want -2018.0939/0x0xc4fc4301
   !! int8 tuned planted zero-rows 9x7x1025 staged.w64x64.b128x256.k32.l4 (tuned vs oracle): 36 of 63 cells differ; first at 0 got -2073.2222/0x0xc501938e want -2018.0939/0x0xc4fc4301
   !! int8 tuned planted zero-rows 9x7x1025 staged.w64x64.b128x128.k32.l16 (tuned vs oracle): 36 of 63 cells differ; first at 0 got -2049.5957/0x0xc5001988 want -2018.0939/0x0xc4fc4301
   !! int8 tuned planted zero-rows 9x7x1025 staged.w64x64.b128x128.k64.l16 (tuned vs oracle): 36 of 63 cells differ; first at 0 got -2049.5957/0x0xc5001988 want -2018.0939/0x0xc4fc4301
   !! int8 tuned planted zero-rows 9x7x1025 staged.w64x64.b128x128.k128.l16 (tuned vs oracle): 36 of 63 cells differ; first at 0 got -2049.5957/0x0xc5001988 want -2018.0939/0x0xc4fc4301
   !! int8 tuned planted zero-rows 9x7x1025 staged.w64x64.b128x256.k64.l16 (tuned vs oracle): 36 of 63 cells differ; first at 0 got -2049.5957/0x0xc5001988 want -2018.0939/0x0xc4fc4301
   !! int8 tuned planted zero-rows 9x7x1025 staged.w16x64.b16x256.k64.l16 (tuned vs oracle): 36 of 63 cells differ; first at 0 got -2049.5957/0x0xc5001988 want -2018.0939/0x0xc4fc4301
   !! int8 tuned planted zero-rows 9x7x1025 staged.w16x16.b32x32.k64.l16 (tuned vs oracle): 36 of 63 cells differ; first at 0 got -2049.5957/0x0xc5001988 want -2018.0939/0x0xc4fc4301
   !! int8 tuned planted zero-rows 9x7x1025 staged.w32x32.b64x64.k64.l16 (tuned vs oracle): 36 of 63 cells differ; first at 0 got -2049.5957/0x0xc5001988 want -2018.0939/0x0xc4fc4301
   !! int8 tuned planted zero-rows 9x7x1025 staged.w32x32.b128x128.k64.l16 (tuned vs oracle): 36 of 63 cells differ; first at 0 got -2049.5957/0x0xc5001988 want -2018.0939/0x0xc4fc4301
   !! int8 tuned planted zero-rows 9x7x1025 staged.w16x32.b128x128.k64.l16 (tuned vs oracle): 36 of 63 cells differ; first at 0 got -2049.5957/0x0xc5001988 want -2018.0939/0x0xc4fc4301
   !! int8 tuned planted zero-rows 9x7x1025 staged.w32x32.b256x64.k64.l16 (tuned vs oracle): 36 of 63 cells differ; first at 0 got -2049.5957/0x0xc5001988 want -2018.0939/0x0xc4fc4301
   !! int8 tuned planted zero-rows 9x7x1025 staged.w32x32.b512x32.k64.l16 (tuned vs oracle): 36 of 63 cells differ; first at 0 got -2049.5957/0x0xc5001988 want -2018.0939/0x0xc4fc4301
   !! int8 tuned planted zero-rows 9x7x1025 staged.w32x16.b512x16.k64.l16 (tuned vs oracle): 36 of 63 cells differ; first at 0 got -2049.5957/0x0xc5001988 want -2018.0939/0x0xc4fc4301
   !! int8 tuned planted zero-rows 9x7x1025 decode.n16.w4.c64 (decode vs oracle): 25 of 63 cells differ; first at 7 got -248.07788/0x0xc37813f0 want 0.0/0x0x0
   !! int8 tuned planted zero-rows 9x7x1025 decode.n16.w8.c64 (decode vs oracle): 25 of 63 cells differ; first at 7 got -248.07788/0x0xc37813f0 want 0.0/0x0x0
   !! int8 tuned planted zero-rows 9x7x1025 decode.n16.w16.c64 (decode vs oracle): 25 of 63 cells differ; first at 7 got -248.07788/0x0xc37813f0 want 0.0/0x0x0
   ok int8 tuned planted lone-last-step 9x7x1025
   !! int8 tuned planted all-positive 3x5x1040 staged.w16x16.b32x32.k32.l4 (tuned vs oracle): 15 of 15 cells differ; first at 0 got 2079.129/0x0x4501f210 want 2047.627/0x0x44fff410
   !! int8 tuned planted all-positive 3x5x1040 staged.w32x32.b64x64.k32.l4 (tuned vs oracle): 15 of 15 cells differ; first at 0 got 2079.129/0x0x4501f210 want 2047.627/0x0x44fff410
   !! int8 tuned planted all-positive 3x5x1040 staged.w64x64.b128x128.k32.l4 (tuned vs oracle): 15 of 15 cells differ; first at 0 got 2079.129/0x0x4501f210 want 2047.627/0x0x44fff410
   !! int8 tuned planted all-positive 3x5x1040 staged.w64x64.b128x256.k32.l4 (tuned vs oracle): 15 of 15 cells differ; first at 0 got 2079.129/0x0x4501f210 want 2047.627/0x0x44fff410
   !! int8 tuned planted all-positive 3x5x1040 staged.w64x64.b128x128.k32.l16 (tuned vs oracle): 15 of 15 cells differ; first at 0 got 2079.129/0x0x4501f210 want 2047.627/0x0x44fff410
   !! int8 tuned planted all-positive 3x5x1040 staged.w64x64.b128x128.k64.l16 (tuned vs oracle): 15 of 15 cells differ; first at 0 got 2079.129/0x0x4501f210 want 2047.627/0x0x44fff410
   !! int8 tuned planted all-positive 3x5x1040 staged.w64x64.b128x128.k128.l16 (tuned vs oracle): 15 of 15 cells differ; first at 0 got 2079.129/0x0x4501f210 want 2047.627/0x0x44fff410
   !! int8 tuned planted all-positive 3x5x1040 staged.w64x64.b128x256.k64.l16 (tuned vs oracle): 15 of 15 cells differ; first at 0 got 2079.129/0x0x4501f210 want 2047.627/0x0x44fff410
   !! int8 tuned planted all-positive 3x5x1040 staged.w16x64.b16x256.k64.l16 (tuned vs oracle): 15 of 15 cells differ; first at 0 got 2079.129/0x0x4501f210 want 2047.627/0x0x44fff410
   !! int8 tuned planted all-positive 3x5x1040 staged.w16x16.b32x32.k64.l16 (tuned vs oracle): 15 of 15 cells differ; first at 0 got 2079.129/0x0x4501f210 want 2047.627/0x0x44fff410
   !! int8 tuned planted all-positive 3x5x1040 staged.w32x32.b64x64.k64.l16 (tuned vs oracle): 15 of 15 cells differ; first at 0 got 2079.129/0x0x4501f210 want 2047.627/0x0x44fff410
   !! int8 tuned planted all-positive 3x5x1040 staged.w32x32.b128x128.k64.l16 (tuned vs oracle): 15 of 15 cells differ; first at 0 got 2079.129/0x0x4501f210 want 2047.627/0x0x44fff410
   !! int8 tuned planted all-positive 3x5x1040 staged.w16x32.b128x128.k64.l16 (tuned vs oracle): 15 of 15 cells differ; first at 0 got 2079.129/0x0x4501f210 want 2047.627/0x0x44fff410
   !! int8 tuned planted all-positive 3x5x1040 staged.w32x32.b256x64.k64.l16 (tuned vs oracle): 15 of 15 cells differ; first at 0 got 2079.129/0x0x4501f210 want 2047.627/0x0x44fff410
   !! int8 tuned planted all-positive 3x5x1040 staged.w32x32.b512x32.k64.l16 (tuned vs oracle): 15 of 15 cells differ; first at 0 got 2079.129/0x0x4501f210 want 2047.627/0x0x44fff410
   !! int8 tuned planted all-positive 3x5x1040 staged.w32x16.b512x16.k64.l16 (tuned vs oracle): 15 of 15 cells differ; first at 0 got 2079.129/0x0x4501f210 want 2047.627/0x0x44fff410
   !! int8 tuned planted all-positive 3x5x1040 decode.n16.w4.c64 (decode vs oracle): 8 of 15 cells differ; first at 0 got 2142.1328/0x0x4505e220 want 2047.627/0x0x44fff410
   !! int8 tuned planted all-positive 3x5x1040 decode.n16.w8.c64 (decode vs oracle): 8 of 15 cells differ; first at 0 got 2142.1328/0x0x4505e220 want 2047.627/0x0x44fff410
   !! int8 tuned planted all-positive 3x5x1040 decode.n16.w16.c64 (decode vs oracle): 8 of 15 cells differ; first at 0 got 2142.1328/0x0x4505e220 want 2047.627/0x0x44fff410
   !! int8 tuned planted all-negative 3x5x1040 staged.w16x16.b32x32.k32.l4 (tuned vs oracle): 15 of 15 cells differ; first at 0 got -2079.129/0x0xc501f210 want -2047.627/0x0xc4fff410
   !! int8 tuned planted all-negative 3x5x1040 staged.w32x32.b64x64.k32.l4 (tuned vs oracle): 15 of 15 cells differ; first at 0 got -2079.129/0x0xc501f210 want -2047.627/0x0xc4fff410
   !! int8 tuned planted all-negative 3x5x1040 staged.w64x64.b128x128.k32.l4 (tuned vs oracle): 15 of 15 cells differ; first at 0 got -2079.129/0x0xc501f210 want -2047.627/0x0xc4fff410
   !! int8 tuned planted all-negative 3x5x1040 staged.w64x64.b128x256.k32.l4 (tuned vs oracle): 15 of 15 cells differ; first at 0 got -2079.129/0x0xc501f210 want -2047.627/0x0xc4fff410
   !! int8 tuned planted all-negative 3x5x1040 staged.w64x64.b128x128.k32.l16 (tuned vs oracle): 15 of 15 cells differ; first at 0 got -2079.129/0x0xc501f210 want -2047.627/0x0xc4fff410
   !! int8 tuned planted all-negative 3x5x1040 staged.w64x64.b128x128.k64.l16 (tuned vs oracle): 15 of 15 cells differ; first at 0 got -2079.129/0x0xc501f210 want -2047.627/0x0xc4fff410
   !! int8 tuned planted all-negative 3x5x1040 staged.w64x64.b128x128.k128.l16 (tuned vs oracle): 15 of 15 cells differ; first at 0 got -2079.129/0x0xc501f210 want -2047.627/0x0xc4fff410
   !! int8 tuned planted all-negative 3x5x1040 staged.w64x64.b128x256.k64.l16 (tuned vs oracle): 15 of 15 cells differ; first at 0 got -2079.129/0x0xc501f210 want -2047.627/0x0xc4fff410
   !! int8 tuned planted all-negative 3x5x1040 staged.w16x64.b16x256.k64.l16 (tuned vs oracle): 15 of 15 cells differ; first at 0 got -2079.129/0x0xc501f210 want -2047.627/0x0xc4fff410
   !! int8 tuned planted all-negative 3x5x1040 staged.w16x16.b32x32.k64.l16 (tuned vs oracle): 15 of 15 cells differ; first at 0 got -2079.129/0x0xc501f210 want -2047.627/0x0xc4fff410
   !! int8 tuned planted all-negative 3x5x1040 staged.w32x32.b64x64.k64.l16 (tuned vs oracle): 15 of 15 cells differ; first at 0 got -2079.129/0x0xc501f210 want -2047.627/0x0xc4fff410
   !! int8 tuned planted all-negative 3x5x1040 staged.w32x32.b128x128.k64.l16 (tuned vs oracle): 15 of 15 cells differ; first at 0 got -2079.129/0x0xc501f210 want -2047.627/0x0xc4fff410
   !! int8 tuned planted all-negative 3x5x1040 staged.w16x32.b128x128.k64.l16 (tuned vs oracle): 15 of 15 cells differ; first at 0 got -2079.129/0x0xc501f210 want -2047.627/0x0xc4fff410
   !! int8 tuned planted all-negative 3x5x1040 staged.w32x32.b256x64.k64.l16 (tuned vs oracle): 15 of 15 cells differ; first at 0 got -2079.129/0x0xc501f210 want -2047.627/0x0xc4fff410
   !! int8 tuned planted all-negative 3x5x1040 staged.w32x32.b512x32.k64.l16 (tuned vs oracle): 15 of 15 cells differ; first at 0 got -2079.129/0x0xc501f210 want -2047.627/0x0xc4fff410
   !! int8 tuned planted all-negative 3x5x1040 staged.w32x16.b512x16.k64.l16 (tuned vs oracle): 15 of 15 cells differ; first at 0 got -2079.129/0x0xc501f210 want -2047.627/0x0xc4fff410
   !! int8 tuned planted all-negative 3x5x1040 decode.n16.w4.c64 (decode vs oracle): 8 of 15 cells differ; first at 0 got -2142.1328/0x0xc505e220 want -2047.627/0x0xc4fff410
   !! int8 tuned planted all-negative 3x5x1040 decode.n16.w8.c64 (decode vs oracle): 8 of 15 cells differ; first at 0 got -2142.1328/0x0xc505e220 want -2047.627/0x0xc4fff410
   !! int8 tuned planted all-negative 3x5x1040 decode.n16.w16.c64 (decode vs oracle): 8 of 15 cells differ; first at 0 got -2142.1328/0x0xc505e220 want -2047.627/0x0xc4fff410
   !! int8 tuned planted cancel-halves 3x5x1040 staged.w16x16.b32x32.k32.l4 (tuned vs oracle): 15 of 15 cells differ; first at 0 got -31.501953/0x0xc1fc0400 want 0.0/0x0x0
   !! int8 tuned planted cancel-halves 3x5x1040 staged.w32x32.b64x64.k32.l4 (tuned vs oracle): 15 of 15 cells differ; first at 0 got -31.501953/0x0xc1fc0400 want 0.0/0x0x0
   !! int8 tuned planted cancel-halves 3x5x1040 staged.w64x64.b128x128.k32.l4 (tuned vs oracle): 15 of 15 cells differ; first at 0 got -31.501953/0x0xc1fc0400 want 0.0/0x0x0
   !! int8 tuned planted cancel-halves 3x5x1040 staged.w64x64.b128x256.k32.l4 (tuned vs oracle): 15 of 15 cells differ; first at 0 got -31.501953/0x0xc1fc0400 want 0.0/0x0x0
   !! int8 tuned planted cancel-halves 3x5x1040 staged.w64x64.b128x128.k32.l16 (tuned vs oracle): 15 of 15 cells differ; first at 0 got -31.501953/0x0xc1fc0400 want 0.0/0x0x0
   !! int8 tuned planted cancel-halves 3x5x1040 staged.w64x64.b128x128.k64.l16 (tuned vs oracle): 15 of 15 cells differ; first at 0 got -31.501953/0x0xc1fc0400 want 0.0/0x0x0
   !! int8 tuned planted cancel-halves 3x5x1040 staged.w64x64.b128x128.k128.l16 (tuned vs oracle): 15 of 15 cells differ; first at 0 got -31.501953/0x0xc1fc0400 want 0.0/0x0x0
   !! int8 tuned planted cancel-halves 3x5x1040 staged.w64x64.b128x256.k64.l16 (tuned vs oracle): 15 of 15 cells differ; first at 0 got -31.501953/0x0xc1fc0400 want 0.0/0x0x0
   !! int8 tuned planted cancel-halves 3x5x1040 staged.w16x64.b16x256.k64.l16 (tuned vs oracle): 15 of 15 cells differ; first at 0 got -31.501953/0x0xc1fc0400 want 0.0/0x0x0
   !! int8 tuned planted cancel-halves 3x5x1040 staged.w16x16.b32x32.k64.l16 (tuned vs oracle): 15 of 15 cells differ; first at 0 got -31.501953/0x0xc1fc0400 want 0.0/0x0x0
   !! int8 tuned planted cancel-halves 3x5x1040 staged.w32x32.b64x64.k64.l16 (tuned vs oracle): 15 of 15 cells differ; first at 0 got -31.501953/0x0xc1fc0400 want 0.0/0x0x0
   !! int8 tuned planted cancel-halves 3x5x1040 staged.w32x32.b128x128.k64.l16 (tuned vs oracle): 15 of 15 cells differ; first at 0 got -31.501953/0x0xc1fc0400 want 0.0/0x0x0
   !! int8 tuned planted cancel-halves 3x5x1040 staged.w16x32.b128x128.k64.l16 (tuned vs oracle): 15 of 15 cells differ; first at 0 got -31.501953/0x0xc1fc0400 want 0.0/0x0x0
   !! int8 tuned planted cancel-halves 3x5x1040 staged.w32x32.b256x64.k64.l16 (tuned vs oracle): 15 of 15 cells differ; first at 0 got -31.501953/0x0xc1fc0400 want 0.0/0x0x0
   !! int8 tuned planted cancel-halves 3x5x1040 staged.w32x32.b512x32.k64.l16 (tuned vs oracle): 15 of 15 cells differ; first at 0 got -31.501953/0x0xc1fc0400 want 0.0/0x0x0
   !! int8 tuned planted cancel-halves 3x5x1040 staged.w32x16.b512x16.k64.l16 (tuned vs oracle): 15 of 15 cells differ; first at 0 got -31.501953/0x0xc1fc0400 want 0.0/0x0x0
   !! int8 tuned planted cancel-halves 3x5x1040 decode.n16.w4.c64 (decode vs oracle): 8 of 15 cells differ; first at 0 got 94.50586/0x0x42bd0300 want 0.0/0x0x0
   !! int8 tuned planted cancel-halves 3x5x1040 decode.n16.w8.c64 (decode vs oracle): 8 of 15 cells differ; first at 0 got 94.50586/0x0x42bd0300 want 0.0/0x0x0
   !! int8 tuned planted cancel-halves 3x5x1040 decode.n16.w16.c64 (decode vs oracle): 8 of 15 cells differ; first at 0 got 94.50586/0x0x42bd0300 want 0.0/0x0x0
   !! int8 tuned planted odd-windows 3x5x1040 staged.w16x16.b32x32.k32.l4 (tuned vs oracle): 15 of 15 cells differ; first at 0 got 2077.0825/0x0x4501d152 want 2045.6116/0x0x44ffb392
   !! int8 tuned planted odd-windows 3x5x1040 staged.w32x32.b64x64.k32.l4 (tuned vs oracle): 15 of 15 cells differ; first at 0 got 2077.0825/0x0x4501d152 want 2045.6116/0x0x44ffb392
   !! int8 tuned planted odd-windows 3x5x1040 staged.w64x64.b128x128.k32.l4 (tuned vs oracle): 15 of 15 cells differ; first at 0 got 2077.0825/0x0x4501d152 want 2045.6116/0x0x44ffb392
   !! int8 tuned planted odd-windows 3x5x1040 staged.w64x64.b128x256.k32.l4 (tuned vs oracle): 15 of 15 cells differ; first at 0 got 2077.0825/0x0x4501d152 want 2045.6116/0x0x44ffb392
   !! int8 tuned planted odd-windows 3x5x1040 staged.w64x64.b128x128.k32.l16 (tuned vs oracle): 15 of 15 cells differ; first at 0 got 2077.0825/0x0x4501d152 want 2045.6116/0x0x44ffb392
   !! int8 tuned planted odd-windows 3x5x1040 staged.w64x64.b128x128.k64.l16 (tuned vs oracle): 15 of 15 cells differ; first at 0 got 2077.0825/0x0x4501d152 want 2045.6116/0x0x44ffb392
   !! int8 tuned planted odd-windows 3x5x1040 staged.w64x64.b128x128.k128.l16 (tuned vs oracle): 15 of 15 cells differ; first at 0 got 2077.0825/0x0x4501d152 want 2045.6116/0x0x44ffb392
   !! int8 tuned planted odd-windows 3x5x1040 staged.w64x64.b128x256.k64.l16 (tuned vs oracle): 15 of 15 cells differ; first at 0 got 2077.0825/0x0x4501d152 want 2045.6116/0x0x44ffb392
   !! int8 tuned planted odd-windows 3x5x1040 staged.w16x64.b16x256.k64.l16 (tuned vs oracle): 15 of 15 cells differ; first at 0 got 2077.0825/0x0x4501d152 want 2045.6116/0x0x44ffb392
   !! int8 tuned planted odd-windows 3x5x1040 staged.w16x16.b32x32.k64.l16 (tuned vs oracle): 15 of 15 cells differ; first at 0 got 2077.0825/0x0x4501d152 want 2045.6116/0x0x44ffb392
   !! int8 tuned planted odd-windows 3x5x1040 staged.w32x32.b64x64.k64.l16 (tuned vs oracle): 15 of 15 cells differ; first at 0 got 2077.0825/0x0x4501d152 want 2045.6116/0x0x44ffb392
   !! int8 tuned planted odd-windows 3x5x1040 staged.w32x32.b128x128.k64.l16 (tuned vs oracle): 15 of 15 cells differ; first at 0 got 2077.0825/0x0x4501d152 want 2045.6116/0x0x44ffb392
   !! int8 tuned planted odd-windows 3x5x1040 staged.w16x32.b128x128.k64.l16 (tuned vs oracle): 15 of 15 cells differ; first at 0 got 2077.0825/0x0x4501d152 want 2045.6116/0x0x44ffb392
   !! int8 tuned planted odd-windows 3x5x1040 staged.w32x32.b256x64.k64.l16 (tuned vs oracle): 15 of 15 cells differ; first at 0 got 2077.0825/0x0x4501d152 want 2045.6116/0x0x44ffb392
   !! int8 tuned planted odd-windows 3x5x1040 staged.w32x32.b512x32.k64.l16 (tuned vs oracle): 15 of 15 cells differ; first at 0 got 2077.0825/0x0x4501d152 want 2045.6116/0x0x44ffb392
   !! int8 tuned planted odd-windows 3x5x1040 staged.w32x16.b512x16.k64.l16 (tuned vs oracle): 15 of 15 cells differ; first at 0 got 2077.0825/0x0x4501d152 want 2045.6116/0x0x44ffb392
   !! int8 tuned planted odd-windows 3x5x1040 decode.n16.w4.c64 (decode vs oracle): 8 of 15 cells differ; first at 0 got 2140.0244/0x0x4505c064 want 2045.6116/0x0x44ffb392
   !! int8 tuned planted odd-windows 3x5x1040 decode.n16.w8.c64 (decode vs oracle): 8 of 15 cells differ; first at 0 got 2140.0244/0x0x4505c064 want 2045.6116/0x0x44ffb392
   !! int8 tuned planted odd-windows 3x5x1040 decode.n16.w16.c64 (decode vs oracle): 8 of 15 cells differ; first at 0 got 2140.0244/0x0x4505c064 want 2045.6116/0x0x44ffb392
   !! int8 tuned planted checkerboard 3x5x1040 staged.w16x16.b32x32.k32.l4 (tuned vs oracle): 15 of 15 cells differ; first at 0 got -2079.129/0x0xc501f210 want -2047.627/0x0xc4fff410
   !! int8 tuned planted checkerboard 3x5x1040 staged.w32x32.b64x64.k32.l4 (tuned vs oracle): 15 of 15 cells differ; first at 0 got -2079.129/0x0xc501f210 want -2047.627/0x0xc4fff410
   !! int8 tuned planted checkerboard 3x5x1040 staged.w64x64.b128x128.k32.l4 (tuned vs oracle): 15 of 15 cells differ; first at 0 got -2079.129/0x0xc501f210 want -2047.627/0x0xc4fff410
   !! int8 tuned planted checkerboard 3x5x1040 staged.w64x64.b128x256.k32.l4 (tuned vs oracle): 15 of 15 cells differ; first at 0 got -2079.129/0x0xc501f210 want -2047.627/0x0xc4fff410
   !! int8 tuned planted checkerboard 3x5x1040 staged.w64x64.b128x128.k32.l16 (tuned vs oracle): 15 of 15 cells differ; first at 0 got -2079.129/0x0xc501f210 want -2047.627/0x0xc4fff410
   !! int8 tuned planted checkerboard 3x5x1040 staged.w64x64.b128x128.k64.l16 (tuned vs oracle): 15 of 15 cells differ; first at 0 got -2079.129/0x0xc501f210 want -2047.627/0x0xc4fff410
   !! int8 tuned planted checkerboard 3x5x1040 staged.w64x64.b128x128.k128.l16 (tuned vs oracle): 15 of 15 cells differ; first at 0 got -2079.129/0x0xc501f210 want -2047.627/0x0xc4fff410
   !! int8 tuned planted checkerboard 3x5x1040 staged.w64x64.b128x256.k64.l16 (tuned vs oracle): 15 of 15 cells differ; first at 0 got -2079.129/0x0xc501f210 want -2047.627/0x0xc4fff410
   !! int8 tuned planted checkerboard 3x5x1040 staged.w16x64.b16x256.k64.l16 (tuned vs oracle): 15 of 15 cells differ; first at 0 got -2079.129/0x0xc501f210 want -2047.627/0x0xc4fff410
   !! int8 tuned planted checkerboard 3x5x1040 staged.w16x16.b32x32.k64.l16 (tuned vs oracle): 15 of 15 cells differ; first at 0 got -2079.129/0x0xc501f210 want -2047.627/0x0xc4fff410
   !! int8 tuned planted checkerboard 3x5x1040 staged.w32x32.b64x64.k64.l16 (tuned vs oracle): 15 of 15 cells differ; first at 0 got -2079.129/0x0xc501f210 want -2047.627/0x0xc4fff410
   !! int8 tuned planted checkerboard 3x5x1040 staged.w32x32.b128x128.k64.l16 (tuned vs oracle): 15 of 15 cells differ; first at 0 got -2079.129/0x0xc501f210 want -2047.627/0x0xc4fff410
   !! int8 tuned planted checkerboard 3x5x1040 staged.w16x32.b128x128.k64.l16 (tuned vs oracle): 15 of 15 cells differ; first at 0 got -2079.129/0x0xc501f210 want -2047.627/0x0xc4fff410
   !! int8 tuned planted checkerboard 3x5x1040 staged.w32x32.b256x64.k64.l16 (tuned vs oracle): 15 of 15 cells differ; first at 0 got -2079.129/0x0xc501f210 want -2047.627/0x0xc4fff410
   !! int8 tuned planted checkerboard 3x5x1040 staged.w32x32.b512x32.k64.l16 (tuned vs oracle): 15 of 15 cells differ; first at 0 got -2079.129/0x0xc501f210 want -2047.627/0x0xc4fff410
   !! int8 tuned planted checkerboard 3x5x1040 staged.w32x16.b512x16.k64.l16 (tuned vs oracle): 15 of 15 cells differ; first at 0 got -2079.129/0x0xc501f210 want -2047.627/0x0xc4fff410
   !! int8 tuned planted checkerboard 3x5x1040 decode.n16.w4.c64 (decode vs oracle): 8 of 15 cells differ; first at 0 got -2142.1328/0x0xc505e220 want -2047.627/0x0xc4fff410
   !! int8 tuned planted checkerboard 3x5x1040 decode.n16.w8.c64 (decode vs oracle): 8 of 15 cells differ; first at 0 got -2142.1328/0x0xc505e220 want -2047.627/0x0xc4fff410
   !! int8 tuned planted checkerboard 3x5x1040 decode.n16.w16.c64 (decode vs oracle): 8 of 15 cells differ; first at 0 got -2142.1328/0x0xc505e220 want -2047.627/0x0xc4fff410
   !! int8 tuned planted zero-rows 3x5x1040 staged.w16x16.b32x32.k32.l4 (tuned vs oracle): 8 of 15 cells differ; first at 0 got -2079.129/0x0xc501f210 want -2047.627/0x0xc4fff410
   !! int8 tuned planted zero-rows 3x5x1040 staged.w32x32.b64x64.k32.l4 (tuned vs oracle): 8 of 15 cells differ; first at 0 got -2079.129/0x0xc501f210 want -2047.627/0x0xc4fff410
   !! int8 tuned planted zero-rows 3x5x1040 staged.w64x64.b128x128.k32.l4 (tuned vs oracle): 8 of 15 cells differ; first at 0 got -2079.129/0x0xc501f210 want -2047.627/0x0xc4fff410
   !! int8 tuned planted zero-rows 3x5x1040 staged.w64x64.b128x256.k32.l4 (tuned vs oracle): 8 of 15 cells differ; first at 0 got -2079.129/0x0xc501f210 want -2047.627/0x0xc4fff410
   !! int8 tuned planted zero-rows 3x5x1040 staged.w64x64.b128x128.k32.l16 (tuned vs oracle): 8 of 15 cells differ; first at 0 got -2079.129/0x0xc501f210 want -2047.627/0x0xc4fff410
   !! int8 tuned planted zero-rows 3x5x1040 staged.w64x64.b128x128.k64.l16 (tuned vs oracle): 8 of 15 cells differ; first at 0 got -2079.129/0x0xc501f210 want -2047.627/0x0xc4fff410
   !! int8 tuned planted zero-rows 3x5x1040 staged.w64x64.b128x128.k128.l16 (tuned vs oracle): 8 of 15 cells differ; first at 0 got -2079.129/0x0xc501f210 want -2047.627/0x0xc4fff410
   !! int8 tuned planted zero-rows 3x5x1040 staged.w64x64.b128x256.k64.l16 (tuned vs oracle): 8 of 15 cells differ; first at 0 got -2079.129/0x0xc501f210 want -2047.627/0x0xc4fff410
   !! int8 tuned planted zero-rows 3x5x1040 staged.w16x64.b16x256.k64.l16 (tuned vs oracle): 8 of 15 cells differ; first at 0 got -2079.129/0x0xc501f210 want -2047.627/0x0xc4fff410
   !! int8 tuned planted zero-rows 3x5x1040 staged.w16x16.b32x32.k64.l16 (tuned vs oracle): 8 of 15 cells differ; first at 0 got -2079.129/0x0xc501f210 want -2047.627/0x0xc4fff410
   !! int8 tuned planted zero-rows 3x5x1040 staged.w32x32.b64x64.k64.l16 (tuned vs oracle): 8 of 15 cells differ; first at 0 got -2079.129/0x0xc501f210 want -2047.627/0x0xc4fff410
   !! int8 tuned planted zero-rows 3x5x1040 staged.w32x32.b128x128.k64.l16 (tuned vs oracle): 8 of 15 cells differ; first at 0 got -2079.129/0x0xc501f210 want -2047.627/0x0xc4fff410
   !! int8 tuned planted zero-rows 3x5x1040 staged.w16x32.b128x128.k64.l16 (tuned vs oracle): 8 of 15 cells differ; first at 0 got -2079.129/0x0xc501f210 want -2047.627/0x0xc4fff410
   !! int8 tuned planted zero-rows 3x5x1040 staged.w32x32.b256x64.k64.l16 (tuned vs oracle): 8 of 15 cells differ; first at 0 got -2079.129/0x0xc501f210 want -2047.627/0x0xc4fff410
   !! int8 tuned planted zero-rows 3x5x1040 staged.w32x32.b512x32.k64.l16 (tuned vs oracle): 8 of 15 cells differ; first at 0 got -2079.129/0x0xc501f210 want -2047.627/0x0xc4fff410
   !! int8 tuned planted zero-rows 3x5x1040 staged.w32x16.b512x16.k64.l16 (tuned vs oracle): 8 of 15 cells differ; first at 0 got -2079.129/0x0xc501f210 want -2047.627/0x0xc4fff410
   !! int8 tuned planted zero-rows 3x5x1040 decode.n16.w4.c64 (decode vs oracle): 3 of 15 cells differ; first at 5 got -189.01172/0x0xc33d0300 want 0.0/0x0x0
   !! int8 tuned planted zero-rows 3x5x1040 decode.n16.w8.c64 (decode vs oracle): 3 of 15 cells differ; first at 5 got -189.01172/0x0xc33d0300 want 0.0/0x0x0
   !! int8 tuned planted zero-rows 3x5x1040 decode.n16.w16.c64 (decode vs oracle): 3 of 15 cells differ; first at 5 got -189.01172/0x0xc33d0300 want 0.0/0x0x0
   ok int8 tuned planted lone-last-step 3x5x1040
   !! int8 tuned planted all-positive 3x5x1041 staged.w16x16.b32x32.k32.l4 (tuned vs oracle): 15 of 15 cells differ; first at 0 got 2073.2222/0x0x4501938e want 2049.5957/0x0x45001988
   !! int8 tuned planted all-positive 3x5x1041 staged.w32x32.b64x64.k32.l4 (tuned vs oracle): 15 of 15 cells differ; first at 0 got 2073.2222/0x0x4501938e want 2049.5957/0x0x45001988
   !! int8 tuned planted all-positive 3x5x1041 staged.w64x64.b128x128.k32.l4 (tuned vs oracle): 15 of 15 cells differ; first at 0 got 2073.2222/0x0x4501938e want 2049.5957/0x0x45001988
   !! int8 tuned planted all-positive 3x5x1041 staged.w64x64.b128x256.k32.l4 (tuned vs oracle): 15 of 15 cells differ; first at 0 got 2073.2222/0x0x4501938e want 2049.5957/0x0x45001988
   !! int8 tuned planted all-positive 3x5x1041 decode.n16.w4.c64 (decode vs oracle): 8 of 15 cells differ; first at 0 got 2142.1328/0x0x4505e220 want 2049.5957/0x0x45001988
   !! int8 tuned planted all-positive 3x5x1041 decode.n16.w8.c64 (decode vs oracle): 8 of 15 cells differ; first at 0 got 2142.1328/0x0x4505e220 want 2049.5957/0x0x45001988
   !! int8 tuned planted all-positive 3x5x1041 decode.n16.w16.c64 (decode vs oracle): 8 of 15 cells differ; first at 0 got 2142.1328/0x0x4505e220 want 2049.5957/0x0x45001988
   !! int8 tuned planted all-negative 3x5x1041 staged.w16x16.b32x32.k32.l4 (tuned vs oracle): 15 of 15 cells differ; first at 0 got -2073.2222/0x0xc501938e want -2049.5957/0x0xc5001988
   !! int8 tuned planted all-negative 3x5x1041 staged.w32x32.b64x64.k32.l4 (tuned vs oracle): 15 of 15 cells differ; first at 0 got -2073.2222/0x0xc501938e want -2049.5957/0x0xc5001988
   !! int8 tuned planted all-negative 3x5x1041 staged.w64x64.b128x128.k32.l4 (tuned vs oracle): 15 of 15 cells differ; first at 0 got -2073.2222/0x0xc501938e want -2049.5957/0x0xc5001988
   !! int8 tuned planted all-negative 3x5x1041 staged.w64x64.b128x256.k32.l4 (tuned vs oracle): 15 of 15 cells differ; first at 0 got -2073.2222/0x0xc501938e want -2049.5957/0x0xc5001988
   !! int8 tuned planted all-negative 3x5x1041 decode.n16.w4.c64 (decode vs oracle): 8 of 15 cells differ; first at 0 got -2142.1328/0x0xc505e220 want -2049.5957/0x0xc5001988
   !! int8 tuned planted all-negative 3x5x1041 decode.n16.w8.c64 (decode vs oracle): 8 of 15 cells differ; first at 0 got -2142.1328/0x0xc505e220 want -2049.5957/0x0xc5001988
   !! int8 tuned planted all-negative 3x5x1041 decode.n16.w16.c64 (decode vs oracle): 8 of 15 cells differ; first at 0 got -2142.1328/0x0xc505e220 want -2049.5957/0x0xc5001988
   !! int8 tuned planted cancel-halves 3x5x1041 staged.w16x16.b32x32.k32.l4 (tuned vs oracle): 15 of 15 cells differ; first at 0 got -25.595337/0x0xc1ccc340 want -1.9688721/0x0xbffc0400
   !! int8 tuned planted cancel-halves 3x5x1041 staged.w32x32.b64x64.k32.l4 (tuned vs oracle): 15 of 15 cells differ; first at 0 got -25.595337/0x0xc1ccc340 want -1.9688721/0x0xbffc0400
   !! int8 tuned planted cancel-halves 3x5x1041 staged.w64x64.b128x128.k32.l4 (tuned vs oracle): 15 of 15 cells differ; first at 0 got -25.595337/0x0xc1ccc340 want -1.9688721/0x0xbffc0400
   !! int8 tuned planted cancel-halves 3x5x1041 staged.w64x64.b128x256.k32.l4 (tuned vs oracle): 15 of 15 cells differ; first at 0 got -25.595337/0x0xc1ccc340 want -1.9688721/0x0xbffc0400
   !! int8 tuned planted cancel-halves 3x5x1041 decode.n16.w4.c64 (decode vs oracle): 8 of 15 cells differ; first at 0 got 90.568115/0x0x42b522e0 want -1.9688721/0x0xbffc0400
   !! int8 tuned planted cancel-halves 3x5x1041 decode.n16.w8.c64 (decode vs oracle): 8 of 15 cells differ; first at 0 got 90.568115/0x0x42b522e0 want -1.9688721/0x0xbffc0400
   !! int8 tuned planted cancel-halves 3x5x1041 decode.n16.w16.c64 (decode vs oracle): 8 of 15 cells differ; first at 0 got 90.568115/0x0x42b522e0 want -1.9688721/0x0xbffc0400
   !! int8 tuned planted odd-windows 3x5x1041 staged.w16x16.b32x32.k32.l4 (tuned vs oracle): 15 of 15 cells differ; first at 0 got 2071.1758/0x0x450172d0 want 2047.565/0x0x44fff214
   !! int8 tuned planted odd-windows 3x5x1041 staged.w32x32.b64x64.k32.l4 (tuned vs oracle): 15 of 15 cells differ; first at 0 got 2071.1758/0x0x450172d0 want 2047.565/0x0x44fff214
   !! int8 tuned planted odd-windows 3x5x1041 staged.w64x64.b128x128.k32.l4 (tuned vs oracle): 15 of 15 cells differ; first at 0 got 2071.1758/0x0x450172d0 want 2047.565/0x0x44fff214
   !! int8 tuned planted odd-windows 3x5x1041 staged.w64x64.b128x256.k32.l4 (tuned vs oracle): 15 of 15 cells differ; first at 0 got 2071.1758/0x0x450172d0 want 2047.565/0x0x44fff214
   !! int8 tuned planted odd-windows 3x5x1041 decode.n16.w4.c64 (decode vs oracle): 8 of 15 cells differ; first at 0 got 2140.0088/0x0x4505c024 want 2047.565/0x0x44fff214
   !! int8 tuned planted odd-windows 3x5x1041 decode.n16.w8.c64 (decode vs oracle): 8 of 15 cells differ; first at 0 got 2140.0088/0x0x4505c024 want 2047.565/0x0x44fff214
   !! int8 tuned planted odd-windows 3x5x1041 decode.n16.w16.c64 (decode vs oracle): 8 of 15 cells differ; first at 0 got 2140.0088/0x0x4505c024 want 2047.565/0x0x44fff214
   !! int8 tuned planted checkerboard 3x5x1041 staged.w16x16.b32x32.k32.l4 (tuned vs oracle): 15 of 15 cells differ; first at 0 got -2073.2222/0x0xc501938e want -2049.5957/0x0xc5001988
   !! int8 tuned planted checkerboard 3x5x1041 staged.w32x32.b64x64.k32.l4 (tuned vs oracle): 15 of 15 cells differ; first at 0 got -2073.2222/0x0xc501938e want -2049.5957/0x0xc5001988
   !! int8 tuned planted checkerboard 3x5x1041 staged.w64x64.b128x128.k32.l4 (tuned vs oracle): 15 of 15 cells differ; first at 0 got -2073.2222/0x0xc501938e want -2049.5957/0x0xc5001988
   !! int8 tuned planted checkerboard 3x5x1041 staged.w64x64.b128x256.k32.l4 (tuned vs oracle): 15 of 15 cells differ; first at 0 got -2073.2222/0x0xc501938e want -2049.5957/0x0xc5001988
   !! int8 tuned planted checkerboard 3x5x1041 decode.n16.w4.c64 (decode vs oracle): 8 of 15 cells differ; first at 0 got -2142.1328/0x0xc505e220 want -2049.5957/0x0xc5001988
   !! int8 tuned planted checkerboard 3x5x1041 decode.n16.w8.c64 (decode vs oracle): 8 of 15 cells differ; first at 0 got -2142.1328/0x0xc505e220 want -2049.5957/0x0xc5001988
   !! int8 tuned planted checkerboard 3x5x1041 decode.n16.w16.c64 (decode vs oracle): 8 of 15 cells differ; first at 0 got -2142.1328/0x0xc505e220 want -2049.5957/0x0xc5001988
   !! int8 tuned planted zero-rows 3x5x1041 staged.w16x16.b32x32.k32.l4 (tuned vs oracle): 8 of 15 cells differ; first at 0 got -2073.2222/0x0xc501938e want -2049.5957/0x0xc5001988
   !! int8 tuned planted zero-rows 3x5x1041 staged.w32x32.b64x64.k32.l4 (tuned vs oracle): 8 of 15 cells differ; first at 0 got -2073.2222/0x0xc501938e want -2049.5957/0x0xc5001988
   !! int8 tuned planted zero-rows 3x5x1041 staged.w64x64.b128x128.k32.l4 (tuned vs oracle): 8 of 15 cells differ; first at 0 got -2073.2222/0x0xc501938e want -2049.5957/0x0xc5001988
   !! int8 tuned planted zero-rows 3x5x1041 staged.w64x64.b128x256.k32.l4 (tuned vs oracle): 8 of 15 cells differ; first at 0 got -2073.2222/0x0xc501938e want -2049.5957/0x0xc5001988
   !! int8 tuned planted zero-rows 3x5x1041 decode.n16.w4.c64 (decode vs oracle): 3 of 15 cells differ; first at 5 got -185.07398/0x0xc33912f0 want 0.0/0x0x0
   !! int8 tuned planted zero-rows 3x5x1041 decode.n16.w8.c64 (decode vs oracle): 3 of 15 cells differ; first at 5 got -185.07398/0x0xc33912f0 want 0.0/0x0x0
   !! int8 tuned planted zero-rows 3x5x1041 decode.n16.w16.c64 (decode vs oracle): 3 of 15 cells differ; first at 5 got -185.07398/0x0xc33912f0 want 0.0/0x0x0
   ok int8 tuned planted lone-last-step 3x5x1041
   !! int8 tuned planted all-positive 70x9x2081 staged.w16x16.b32x32.k32.l4 (tuned vs oracle): 630 of 630 cells differ; first at 0 got 4152.351/0x0x4581c2cf want 4097.2227/0x0x458009c8
   !! int8 tuned planted all-positive 70x9x2081 staged.w32x32.b64x64.k32.l4 (tuned vs oracle): 630 of 630 cells differ; first at 0 got 4152.351/0x0x4581c2cf want 4097.2227/0x0x458009c8
   !! int8 tuned planted all-positive 70x9x2081 staged.w64x64.b128x128.k32.l4 (tuned vs oracle): 630 of 630 cells differ; first at 0 got 4152.351/0x0x4581c2cf want 4097.2227/0x0x458009c8
   !! int8 tuned planted all-positive 70x9x2081 staged.w64x64.b128x256.k32.l4 (tuned vs oracle): 630 of 630 cells differ; first at 0 got 4152.351/0x0x4581c2cf want 4097.2227/0x0x458009c8
   !! int8 tuned planted all-positive 70x9x2081 staged.w64x64.b128x128.k32.l16 (tuned vs oracle): 630 of 630 cells differ; first at 0 got 4128.7246/0x0x458105cc want 4097.2227/0x0x458009c8
   !! int8 tuned planted all-positive 70x9x2081 staged.w64x64.b128x128.k64.l16 (tuned vs oracle): 630 of 630 cells differ; first at 0 got 4128.7246/0x0x458105cc want 4097.2227/0x0x458009c8
   !! int8 tuned planted all-positive 70x9x2081 staged.w64x64.b128x128.k128.l16 (tuned vs oracle): 630 of 630 cells differ; first at 0 got 4128.7246/0x0x458105cc want 4097.2227/0x0x458009c8
   !! int8 tuned planted all-positive 70x9x2081 staged.w64x64.b128x256.k64.l16 (tuned vs oracle): 630 of 630 cells differ; first at 0 got 4128.7246/0x0x458105cc want 4097.2227/0x0x458009c8
   !! int8 tuned planted all-positive 70x9x2081 staged.w16x64.b16x256.k64.l16 (tuned vs oracle): 630 of 630 cells differ; first at 0 got 4128.7246/0x0x458105cc want 4097.2227/0x0x458009c8
   !! int8 tuned planted all-positive 70x9x2081 staged.w16x16.b32x32.k64.l16 (tuned vs oracle): 630 of 630 cells differ; first at 0 got 4128.7246/0x0x458105cc want 4097.2227/0x0x458009c8
   !! int8 tuned planted all-positive 70x9x2081 staged.w32x32.b64x64.k64.l16 (tuned vs oracle): 630 of 630 cells differ; first at 0 got 4128.7246/0x0x458105cc want 4097.2227/0x0x458009c8
   !! int8 tuned planted all-positive 70x9x2081 staged.w32x32.b128x128.k64.l16 (tuned vs oracle): 630 of 630 cells differ; first at 0 got 4128.7246/0x0x458105cc want 4097.2227/0x0x458009c8
   !! int8 tuned planted all-positive 70x9x2081 staged.w16x32.b128x128.k64.l16 (tuned vs oracle): 630 of 630 cells differ; first at 0 got 4128.7246/0x0x458105cc want 4097.2227/0x0x458009c8
   !! int8 tuned planted all-positive 70x9x2081 staged.w32x32.b256x64.k64.l16 (tuned vs oracle): 630 of 630 cells differ; first at 0 got 4128.7246/0x0x458105cc want 4097.2227/0x0x458009c8
   !! int8 tuned planted all-positive 70x9x2081 staged.w32x32.b512x32.k64.l16 (tuned vs oracle): 630 of 630 cells differ; first at 0 got 4128.7246/0x0x458105cc want 4097.2227/0x0x458009c8
   !! int8 tuned planted all-positive 70x9x2081 staged.w32x16.b512x16.k64.l16 (tuned vs oracle): 630 of 630 cells differ; first at 0 got 4128.7246/0x0x458105cc want 4097.2227/0x0x458009c8
   !! int8 tuned planted all-negative 70x9x2081 staged.w16x16.b32x32.k32.l4 (tuned vs oracle): 630 of 630 cells differ; first at 0 got -4152.351/0x0xc581c2cf want -4097.2227/0x0xc58009c8
   !! int8 tuned planted all-negative 70x9x2081 staged.w32x32.b64x64.k32.l4 (tuned vs oracle): 630 of 630 cells differ; first at 0 got -4152.351/0x0xc581c2cf want -4097.2227/0x0xc58009c8
   !! int8 tuned planted all-negative 70x9x2081 staged.w64x64.b128x128.k32.l4 (tuned vs oracle): 630 of 630 cells differ; first at 0 got -4152.351/0x0xc581c2cf want -4097.2227/0x0xc58009c8
   !! int8 tuned planted all-negative 70x9x2081 staged.w64x64.b128x256.k32.l4 (tuned vs oracle): 630 of 630 cells differ; first at 0 got -4152.351/0x0xc581c2cf want -4097.2227/0x0xc58009c8
   !! int8 tuned planted all-negative 70x9x2081 staged.w64x64.b128x128.k32.l16 (tuned vs oracle): 630 of 630 cells differ; first at 0 got -4128.7246/0x0xc58105cc want -4097.2227/0x0xc58009c8
   !! int8 tuned planted all-negative 70x9x2081 staged.w64x64.b128x128.k64.l16 (tuned vs oracle): 630 of 630 cells differ; first at 0 got -4128.7246/0x0xc58105cc want -4097.2227/0x0xc58009c8
   !! int8 tuned planted all-negative 70x9x2081 staged.w64x64.b128x128.k128.l16 (tuned vs oracle): 630 of 630 cells differ; first at 0 got -4128.7246/0x0xc58105cc want -4097.2227/0x0xc58009c8
   !! int8 tuned planted all-negative 70x9x2081 staged.w64x64.b128x256.k64.l16 (tuned vs oracle): 630 of 630 cells differ; first at 0 got -4128.7246/0x0xc58105cc want -4097.2227/0x0xc58009c8
   !! int8 tuned planted all-negative 70x9x2081 staged.w16x64.b16x256.k64.l16 (tuned vs oracle): 630 of 630 cells differ; first at 0 got -4128.7246/0x0xc58105cc want -4097.2227/0x0xc58009c8
   !! int8 tuned planted all-negative 70x9x2081 staged.w16x16.b32x32.k64.l16 (tuned vs oracle): 630 of 630 cells differ; first at 0 got -4128.7246/0x0xc58105cc want -4097.2227/0x0xc58009c8
   !! int8 tuned planted all-negative 70x9x2081 staged.w32x32.b64x64.k64.l16 (tuned vs oracle): 630 of 630 cells differ; first at 0 got -4128.7246/0x0xc58105cc want -4097.2227/0x0xc58009c8
   !! int8 tuned planted all-negative 70x9x2081 staged.w32x32.b128x128.k64.l16 (tuned vs oracle): 630 of 630 cells differ; first at 0 got -4128.7246/0x0xc58105cc want -4097.2227/0x0xc58009c8
   !! int8 tuned planted all-negative 70x9x2081 staged.w16x32.b128x128.k64.l16 (tuned vs oracle): 630 of 630 cells differ; first at 0 got -4128.7246/0x0xc58105cc want -4097.2227/0x0xc58009c8
   !! int8 tuned planted all-negative 70x9x2081 staged.w32x32.b256x64.k64.l16 (tuned vs oracle): 630 of 630 cells differ; first at 0 got -4128.7246/0x0xc58105cc want -4097.2227/0x0xc58009c8
   !! int8 tuned planted all-negative 70x9x2081 staged.w32x32.b512x32.k64.l16 (tuned vs oracle): 630 of 630 cells differ; first at 0 got -4128.7246/0x0xc58105cc want -4097.2227/0x0xc58009c8
   !! int8 tuned planted all-negative 70x9x2081 staged.w32x16.b512x16.k64.l16 (tuned vs oracle): 630 of 630 cells differ; first at 0 got -4128.7246/0x0xc58105cc want -4097.2227/0x0xc58009c8
   !! int8 tuned planted cancel-halves 70x9x2081 staged.w16x16.b32x32.k32.l4 (tuned vs oracle): 630 of 630 cells differ; first at 0 got -57.09729/0x0xc26463a0 want -1.9688721/0x0xbffc0400
   !! int8 tuned planted cancel-halves 70x9x2081 staged.w32x32.b64x64.k32.l4 (tuned vs oracle): 630 of 630 cells differ; first at 0 got -57.09729/0x0xc26463a0 want -1.9688721/0x0xbffc0400
   !! int8 tuned planted cancel-halves 70x9x2081 staged.w64x64.b128x128.k32.l4 (tuned vs oracle): 630 of 630 cells differ; first at 0 got -57.09729/0x0xc26463a0 want -1.9688721/0x0xbffc0400
   !! int8 tuned planted cancel-halves 70x9x2081 staged.w64x64.b128x256.k32.l4 (tuned vs oracle): 630 of 630 cells differ; first at 0 got -57.09729/0x0xc26463a0 want -1.9688721/0x0xbffc0400
   !! int8 tuned planted cancel-halves 70x9x2081 staged.w64x64.b128x128.k32.l16 (tuned vs oracle): 630 of 630 cells differ; first at 0 got -33.470825/0x0xc205e220 want -1.9688721/0x0xbffc0400
   !! int8 tuned planted cancel-halves 70x9x2081 staged.w64x64.b128x128.k64.l16 (tuned vs oracle): 630 of 630 cells differ; first at 0 got -33.470825/0x0xc205e220 want -1.9688721/0x0xbffc0400
   !! int8 tuned planted cancel-halves 70x9x2081 staged.w64x64.b128x128.k128.l16 (tuned vs oracle): 630 of 630 cells differ; first at 0 got -33.470825/0x0xc205e220 want -1.9688721/0x0xbffc0400
   !! int8 tuned planted cancel-halves 70x9x2081 staged.w64x64.b128x256.k64.l16 (tuned vs oracle): 630 of 630 cells differ; first at 0 got -33.470825/0x0xc205e220 want -1.9688721/0x0xbffc0400
   !! int8 tuned planted cancel-halves 70x9x2081 staged.w16x64.b16x256.k64.l16 (tuned vs oracle): 630 of 630 cells differ; first at 0 got -33.470825/0x0xc205e220 want -1.9688721/0x0xbffc0400
   !! int8 tuned planted cancel-halves 70x9x2081 staged.w16x16.b32x32.k64.l16 (tuned vs oracle): 630 of 630 cells differ; first at 0 got -33.470825/0x0xc205e220 want -1.9688721/0x0xbffc0400
   !! int8 tuned planted cancel-halves 70x9x2081 staged.w32x32.b64x64.k64.l16 (tuned vs oracle): 630 of 630 cells differ; first at 0 got -33.470825/0x0xc205e220 want -1.9688721/0x0xbffc0400
   !! int8 tuned planted cancel-halves 70x9x2081 staged.w32x32.b128x128.k64.l16 (tuned vs oracle): 630 of 630 cells differ; first at 0 got -33.470825/0x0xc205e220 want -1.9688721/0x0xbffc0400
   !! int8 tuned planted cancel-halves 70x9x2081 staged.w16x32.b128x128.k64.l16 (tuned vs oracle): 630 of 630 cells differ; first at 0 got -33.470825/0x0xc205e220 want -1.9688721/0x0xbffc0400
   !! int8 tuned planted cancel-halves 70x9x2081 staged.w32x32.b256x64.k64.l16 (tuned vs oracle): 630 of 630 cells differ; first at 0 got -33.470825/0x0xc205e220 want -1.9688721/0x0xbffc0400
   !! int8 tuned planted cancel-halves 70x9x2081 staged.w32x32.b512x32.k64.l16 (tuned vs oracle): 630 of 630 cells differ; first at 0 got -33.470825/0x0xc205e220 want -1.9688721/0x0xbffc0400
   !! int8 tuned planted cancel-halves 70x9x2081 staged.w32x16.b512x16.k64.l16 (tuned vs oracle): 630 of 630 cells differ; first at 0 got -33.470825/0x0xc205e220 want -1.9688721/0x0xbffc0400
   !! int8 tuned planted odd-windows 70x9x2081 staged.w16x16.b32x32.k32.l4 (tuned vs oracle): 630 of 630 cells differ; first at 0 got 4148.2583/0x0x4581a211 want 4093.1765/0x0x457fd2d3
   !! int8 tuned planted odd-windows 70x9x2081 staged.w32x32.b64x64.k32.l4 (tuned vs oracle): 630 of 630 cells differ; first at 0 got 4148.2583/0x0x4581a211 want 4093.1765/0x0x457fd2d3
   !! int8 tuned planted odd-windows 70x9x2081 staged.w64x64.b128x128.k32.l4 (tuned vs oracle): 630 of 630 cells differ; first at 0 got 4148.2583/0x0x4581a211 want 4093.1765/0x0x457fd2d3
   !! int8 tuned planted odd-windows 70x9x2081 staged.w64x64.b128x256.k32.l4 (tuned vs oracle): 630 of 630 cells differ; first at 0 got 4148.2583/0x0x4581a211 want 4093.1765/0x0x457fd2d3
   !! int8 tuned planted odd-windows 70x9x2081 staged.w64x64.b128x128.k32.l16 (tuned vs oracle): 630 of 630 cells differ; first at 0 got 4124.6475/0x0x4580e52e want 4093.1765/0x0x457fd2d3
   !! int8 tuned planted odd-windows 70x9x2081 staged.w64x64.b128x128.k64.l16 (tuned vs oracle): 630 of 630 cells differ; first at 0 got 4124.6475/0x0x4580e52e want 4093.1765/0x0x457fd2d3
   !! int8 tuned planted odd-windows 70x9x2081 staged.w64x64.b128x128.k128.l16 (tuned vs oracle): 630 of 630 cells differ; first at 0 got 4124.6475/0x0x4580e52e want 4093.1765/0x0x457fd2d3
   !! int8 tuned planted odd-windows 70x9x2081 staged.w64x64.b128x256.k64.l16 (tuned vs oracle): 630 of 630 cells differ; first at 0 got 4124.6475/0x0x4580e52e want 4093.1765/0x0x457fd2d3
   !! int8 tuned planted odd-windows 70x9x2081 staged.w16x64.b16x256.k64.l16 (tuned vs oracle): 630 of 630 cells differ; first at 0 got 4124.6475/0x0x4580e52e want 4093.1765/0x0x457fd2d3
   !! int8 tuned planted odd-windows 70x9x2081 staged.w16x16.b32x32.k64.l16 (tuned vs oracle): 630 of 630 cells differ; first at 0 got 4124.6475/0x0x4580e52e want 4093.1765/0x0x457fd2d3
   !! int8 tuned planted odd-windows 70x9x2081 staged.w32x32.b64x64.k64.l16 (tuned vs oracle): 630 of 630 cells differ; first at 0 got 4124.6475/0x0x4580e52e want 4093.1765/0x0x457fd2d3
   !! int8 tuned planted odd-windows 70x9x2081 staged.w32x32.b128x128.k64.l16 (tuned vs oracle): 630 of 630 cells differ; first at 0 got 4124.6475/0x0x4580e52e want 4093.1765/0x0x457fd2d3
   !! int8 tuned planted odd-windows 70x9x2081 staged.w16x32.b128x128.k64.l16 (tuned vs oracle): 630 of 630 cells differ; first at 0 got 4124.6475/0x0x4580e52e want 4093.1765/0x0x457fd2d3
   !! int8 tuned planted odd-windows 70x9x2081 staged.w32x32.b256x64.k64.l16 (tuned vs oracle): 630 of 630 cells differ; first at 0 got 4124.6475/0x0x4580e52e want 4093.1765/0x0x457fd2d3
   !! int8 tuned planted odd-windows 70x9x2081 staged.w32x32.b512x32.k64.l16 (tuned vs oracle): 630 of 630 cells differ; first at 0 got 4124.6475/0x0x4580e52e want 4093.1765/0x0x457fd2d3
   !! int8 tuned planted odd-windows 70x9x2081 staged.w32x16.b512x16.k64.l16 (tuned vs oracle): 630 of 630 cells differ; first at 0 got 4124.6475/0x0x4580e52e want 4093.1765/0x0x457fd2d3
   !! int8 tuned planted checkerboard 70x9x2081 staged.w16x16.b32x32.k32.l4 (tuned vs oracle): 630 of 630 cells differ; first at 0 got -4152.351/0x0xc581c2cf want -4097.2227/0x0xc58009c8
   !! int8 tuned planted checkerboard 70x9x2081 staged.w32x32.b64x64.k32.l4 (tuned vs oracle): 630 of 630 cells differ; first at 0 got -4152.351/0x0xc581c2cf want -4097.2227/0x0xc58009c8
   !! int8 tuned planted checkerboard 70x9x2081 staged.w64x64.b128x128.k32.l4 (tuned vs oracle): 630 of 630 cells differ; first at 0 got -4152.351/0x0xc581c2cf want -4097.2227/0x0xc58009c8
   !! int8 tuned planted checkerboard 70x9x2081 staged.w64x64.b128x256.k32.l4 (tuned vs oracle): 630 of 630 cells differ; first at 0 got -4152.351/0x0xc581c2cf want -4097.2227/0x0xc58009c8
   !! int8 tuned planted checkerboard 70x9x2081 staged.w64x64.b128x128.k32.l16 (tuned vs oracle): 630 of 630 cells differ; first at 0 got -4128.7246/0x0xc58105cc want -4097.2227/0x0xc58009c8
   !! int8 tuned planted checkerboard 70x9x2081 staged.w64x64.b128x128.k64.l16 (tuned vs oracle): 630 of 630 cells differ; first at 0 got -4128.7246/0x0xc58105cc want -4097.2227/0x0xc58009c8
   !! int8 tuned planted checkerboard 70x9x2081 staged.w64x64.b128x128.k128.l16 (tuned vs oracle): 630 of 630 cells differ; first at 0 got -4128.7246/0x0xc58105cc want -4097.2227/0x0xc58009c8
   !! int8 tuned planted checkerboard 70x9x2081 staged.w64x64.b128x256.k64.l16 (tuned vs oracle): 630 of 630 cells differ; first at 0 got -4128.7246/0x0xc58105cc want -4097.2227/0x0xc58009c8
   !! int8 tuned planted checkerboard 70x9x2081 staged.w16x64.b16x256.k64.l16 (tuned vs oracle): 630 of 630 cells differ; first at 0 got -4128.7246/0x0xc58105cc want -4097.2227/0x0xc58009c8
   !! int8 tuned planted checkerboard 70x9x2081 staged.w16x16.b32x32.k64.l16 (tuned vs oracle): 630 of 630 cells differ; first at 0 got -4128.7246/0x0xc58105cc want -4097.2227/0x0xc58009c8
   !! int8 tuned planted checkerboard 70x9x2081 staged.w32x32.b64x64.k64.l16 (tuned vs oracle): 630 of 630 cells differ; first at 0 got -4128.7246/0x0xc58105cc want -4097.2227/0x0xc58009c8
   !! int8 tuned planted checkerboard 70x9x2081 staged.w32x32.b128x128.k64.l16 (tuned vs oracle): 630 of 630 cells differ; first at 0 got -4128.7246/0x0xc58105cc want -4097.2227/0x0xc58009c8
   !! int8 tuned planted checkerboard 70x9x2081 staged.w16x32.b128x128.k64.l16 (tuned vs oracle): 630 of 630 cells differ; first at 0 got -4128.7246/0x0xc58105cc want -4097.2227/0x0xc58009c8
   !! int8 tuned planted checkerboard 70x9x2081 staged.w32x32.b256x64.k64.l16 (tuned vs oracle): 630 of 630 cells differ; first at 0 got -4128.7246/0x0xc58105cc want -4097.2227/0x0xc58009c8
   !! int8 tuned planted checkerboard 70x9x2081 staged.w32x32.b512x32.k64.l16 (tuned vs oracle): 630 of 630 cells differ; first at 0 got -4128.7246/0x0xc58105cc want -4097.2227/0x0xc58009c8
   !! int8 tuned planted checkerboard 70x9x2081 staged.w32x16.b512x16.k64.l16 (tuned vs oracle): 630 of 630 cells differ; first at 0 got -4128.7246/0x0xc58105cc want -4097.2227/0x0xc58009c8
   !! int8 tuned planted zero-rows 70x9x2081 staged.w16x16.b32x32.k32.l4 (tuned vs oracle): 329 of 630 cells differ; first at 0 got -4152.351/0x0xc581c2cf want -4097.2227/0x0xc58009c8
   !! int8 tuned planted zero-rows 70x9x2081 staged.w32x32.b64x64.k32.l4 (tuned vs oracle): 329 of 630 cells differ; first at 0 got -4152.351/0x0xc581c2cf want -4097.2227/0x0xc58009c8
   !! int8 tuned planted zero-rows 70x9x2081 staged.w64x64.b128x128.k32.l4 (tuned vs oracle): 329 of 630 cells differ; first at 0 got -4152.351/0x0xc581c2cf want -4097.2227/0x0xc58009c8
   !! int8 tuned planted zero-rows 70x9x2081 staged.w64x64.b128x256.k32.l4 (tuned vs oracle): 329 of 630 cells differ; first at 0 got -4152.351/0x0xc581c2cf want -4097.2227/0x0xc58009c8
   !! int8 tuned planted zero-rows 70x9x2081 staged.w64x64.b128x128.k32.l16 (tuned vs oracle): 329 of 630 cells differ; first at 0 got -4128.7246/0x0xc58105cc want -4097.2227/0x0xc58009c8
   !! int8 tuned planted zero-rows 70x9x2081 staged.w64x64.b128x128.k64.l16 (tuned vs oracle): 329 of 630 cells differ; first at 0 got -4128.7246/0x0xc58105cc want -4097.2227/0x0xc58009c8
   !! int8 tuned planted zero-rows 70x9x2081 staged.w64x64.b128x128.k128.l16 (tuned vs oracle): 329 of 630 cells differ; first at 0 got -4128.7246/0x0xc58105cc want -4097.2227/0x0xc58009c8
   !! int8 tuned planted zero-rows 70x9x2081 staged.w64x64.b128x256.k64.l16 (tuned vs oracle): 329 of 630 cells differ; first at 0 got -4128.7246/0x0xc58105cc want -4097.2227/0x0xc58009c8
   !! int8 tuned planted zero-rows 70x9x2081 staged.w16x64.b16x256.k64.l16 (tuned vs oracle): 329 of 630 cells differ; first at 0 got -4128.7246/0x0xc58105cc want -4097.2227/0x0xc58009c8
   !! int8 tuned planted zero-rows 70x9x2081 staged.w16x16.b32x32.k64.l16 (tuned vs oracle): 329 of 630 cells differ; first at 0 got -4128.7246/0x0xc58105cc want -4097.2227/0x0xc58009c8
   !! int8 tuned planted zero-rows 70x9x2081 staged.w32x32.b64x64.k64.l16 (tuned vs oracle): 329 of 630 cells differ; first at 0 got -4128.7246/0x0xc58105cc want -4097.2227/0x0xc58009c8
   !! int8 tuned planted zero-rows 70x9x2081 staged.w32x32.b128x128.k64.l16 (tuned vs oracle): 329 of 630 cells differ; first at 0 got -4128.7246/0x0xc58105cc want -4097.2227/0x0xc58009c8
   !! int8 tuned planted zero-rows 70x9x2081 staged.w16x32.b128x128.k64.l16 (tuned vs oracle): 329 of 630 cells differ; first at 0 got -4128.7246/0x0xc58105cc want -4097.2227/0x0xc58009c8
   !! int8 tuned planted zero-rows 70x9x2081 staged.w32x32.b256x64.k64.l16 (tuned vs oracle): 329 of 630 cells differ; first at 0 got -4128.7246/0x0xc58105cc want -4097.2227/0x0xc58009c8
   !! int8 tuned planted zero-rows 70x9x2081 staged.w32x32.b512x32.k64.l16 (tuned vs oracle): 329 of 630 cells differ; first at 0 got -4128.7246/0x0xc58105cc want -4097.2227/0x0xc58009c8
   !! int8 tuned planted zero-rows 70x9x2081 staged.w32x16.b512x16.k64.l16 (tuned vs oracle): 329 of 630 cells differ; first at 0 got -4128.7246/0x0xc58105cc want -4097.2227/0x0xc58009c8
   ok int8 tuned planted lone-last-step 70x9x2081
   ok int8 tuned planted all-positive 65x67x4096
   ok int8 tuned planted all-negative 65x67x4096
   ok int8 tuned planted cancel-halves 65x67x4096
   ok int8 tuned planted odd-windows 65x67x4096
   ok int8 tuned planted checkerboard 65x67x4096
   ok int8 tuned planted zero-rows 65x67x4096
   ok int8 tuned planted lone-last-step 65x67x4096
   !! int8 tuned planted all-positive 1x130x4097 staged.w16x16.b32x32.k32.l4 (tuned vs oracle): 130 of 130 cells differ; first at 0 got 8121.597/0x0x45fdccc7 want 8066.4688/0x0x45fc13c0
   !! int8 tuned planted all-positive 1x130x4097 staged.w32x32.b64x64.k32.l4 (tuned vs oracle): 130 of 130 cells differ; first at 0 got 8121.597/0x0x45fdccc7 want 8066.4688/0x0x45fc13c0
   !! int8 tuned planted all-positive 1x130x4097 staged.w64x64.b128x128.k32.l4 (tuned vs oracle): 130 of 130 cells differ; first at 0 got 8121.597/0x0x45fdccc7 want 8066.4688/0x0x45fc13c0
   !! int8 tuned planted all-positive 1x130x4097 staged.w64x64.b128x256.k32.l4 (tuned vs oracle): 130 of 130 cells differ; first at 0 got 8121.597/0x0x45fdccc7 want 8066.4688/0x0x45fc13c0
   !! int8 tuned planted all-positive 1x130x4097 staged.w64x64.b128x128.k32.l16 (tuned vs oracle): 130 of 130 cells differ; first at 0 got 8097.9707/0x0x45fd0fc4 want 8066.4688/0x0x45fc13c0
   !! int8 tuned planted all-positive 1x130x4097 staged.w64x64.b128x128.k64.l16 (tuned vs oracle): 130 of 130 cells differ; first at 0 got 8097.9707/0x0x45fd0fc4 want 8066.4688/0x0x45fc13c0
   !! int8 tuned planted all-positive 1x130x4097 staged.w64x64.b128x128.k128.l16 (tuned vs oracle): 130 of 130 cells differ; first at 0 got 8097.9707/0x0x45fd0fc4 want 8066.4688/0x0x45fc13c0
   !! int8 tuned planted all-positive 1x130x4097 staged.w64x64.b128x256.k64.l16 (tuned vs oracle): 130 of 130 cells differ; first at 0 got 8097.9707/0x0x45fd0fc4 want 8066.4688/0x0x45fc13c0
   !! int8 tuned planted all-positive 1x130x4097 staged.w16x64.b16x256.k64.l16 (tuned vs oracle): 130 of 130 cells differ; first at 0 got 8097.9707/0x0x45fd0fc4 want 8066.4688/0x0x45fc13c0
   !! int8 tuned planted all-positive 1x130x4097 staged.w16x16.b32x32.k64.l16 (tuned vs oracle): 130 of 130 cells differ; first at 0 got 8097.9707/0x0x45fd0fc4 want 8066.4688/0x0x45fc13c0
   !! int8 tuned planted all-positive 1x130x4097 staged.w32x32.b64x64.k64.l16 (tuned vs oracle): 130 of 130 cells differ; first at 0 got 8097.9707/0x0x45fd0fc4 want 8066.4688/0x0x45fc13c0
   !! int8 tuned planted all-positive 1x130x4097 staged.w32x32.b128x128.k64.l16 (tuned vs oracle): 130 of 130 cells differ; first at 0 got 8097.9707/0x0x45fd0fc4 want 8066.4688/0x0x45fc13c0
   !! int8 tuned planted all-positive 1x130x4097 staged.w16x32.b128x128.k64.l16 (tuned vs oracle): 130 of 130 cells differ; first at 0 got 8097.9707/0x0x45fd0fc4 want 8066.4688/0x0x45fc13c0
   !! int8 tuned planted all-positive 1x130x4097 staged.w32x32.b256x64.k64.l16 (tuned vs oracle): 130 of 130 cells differ; first at 0 got 8097.9707/0x0x45fd0fc4 want 8066.4688/0x0x45fc13c0
   !! int8 tuned planted all-positive 1x130x4097 staged.w32x32.b512x32.k64.l16 (tuned vs oracle): 130 of 130 cells differ; first at 0 got 8097.9707/0x0x45fd0fc4 want 8066.4688/0x0x45fc13c0
   !! int8 tuned planted all-positive 1x130x4097 staged.w32x16.b512x16.k64.l16 (tuned vs oracle): 130 of 130 cells differ; first at 0 got 8097.9707/0x0x45fd0fc4 want 8066.4688/0x0x45fc13c0
   !! int8 tuned planted all-negative 1x130x4097 staged.w16x16.b32x32.k32.l4 (tuned vs oracle): 130 of 130 cells differ; first at 0 got -8121.597/0x0xc5fdccc7 want -8066.4688/0x0xc5fc13c0
   !! int8 tuned planted all-negative 1x130x4097 staged.w32x32.b64x64.k32.l4 (tuned vs oracle): 130 of 130 cells differ; first at 0 got -8121.597/0x0xc5fdccc7 want -8066.4688/0x0xc5fc13c0
   !! int8 tuned planted all-negative 1x130x4097 staged.w64x64.b128x128.k32.l4 (tuned vs oracle): 130 of 130 cells differ; first at 0 got -8121.597/0x0xc5fdccc7 want -8066.4688/0x0xc5fc13c0
   !! int8 tuned planted all-negative 1x130x4097 staged.w64x64.b128x256.k32.l4 (tuned vs oracle): 130 of 130 cells differ; first at 0 got -8121.597/0x0xc5fdccc7 want -8066.4688/0x0xc5fc13c0
   !! int8 tuned planted all-negative 1x130x4097 staged.w64x64.b128x128.k32.l16 (tuned vs oracle): 130 of 130 cells differ; first at 0 got -8097.9707/0x0xc5fd0fc4 want -8066.4688/0x0xc5fc13c0
   !! int8 tuned planted all-negative 1x130x4097 staged.w64x64.b128x128.k64.l16 (tuned vs oracle): 130 of 130 cells differ; first at 0 got -8097.9707/0x0xc5fd0fc4 want -8066.4688/0x0xc5fc13c0
   !! int8 tuned planted all-negative 1x130x4097 staged.w64x64.b128x128.k128.l16 (tuned vs oracle): 130 of 130 cells differ; first at 0 got -8097.9707/0x0xc5fd0fc4 want -8066.4688/0x0xc5fc13c0
   !! int8 tuned planted all-negative 1x130x4097 staged.w64x64.b128x256.k64.l16 (tuned vs oracle): 130 of 130 cells differ; first at 0 got -8097.9707/0x0xc5fd0fc4 want -8066.4688/0x0xc5fc13c0
   !! int8 tuned planted all-negative 1x130x4097 staged.w16x64.b16x256.k64.l16 (tuned vs oracle): 130 of 130 cells differ; first at 0 got -8097.9707/0x0xc5fd0fc4 want -8066.4688/0x0xc5fc13c0
   !! int8 tuned planted all-negative 1x130x4097 staged.w16x16.b32x32.k64.l16 (tuned vs oracle): 130 of 130 cells differ; first at 0 got -8097.9707/0x0xc5fd0fc4 want -8066.4688/0x0xc5fc13c0
   !! int8 tuned planted all-negative 1x130x4097 staged.w32x32.b64x64.k64.l16 (tuned vs oracle): 130 of 130 cells differ; first at 0 got -8097.9707/0x0xc5fd0fc4 want -8066.4688/0x0xc5fc13c0
   !! int8 tuned planted all-negative 1x130x4097 staged.w32x32.b128x128.k64.l16 (tuned vs oracle): 130 of 130 cells differ; first at 0 got -8097.9707/0x0xc5fd0fc4 want -8066.4688/0x0xc5fc13c0
   !! int8 tuned planted all-negative 1x130x4097 staged.w16x32.b128x128.k64.l16 (tuned vs oracle): 130 of 130 cells differ; first at 0 got -8097.9707/0x0xc5fd0fc4 want -8066.4688/0x0xc5fc13c0
   !! int8 tuned planted all-negative 1x130x4097 staged.w32x32.b256x64.k64.l16 (tuned vs oracle): 130 of 130 cells differ; first at 0 got -8097.9707/0x0xc5fd0fc4 want -8066.4688/0x0xc5fc13c0
   !! int8 tuned planted all-negative 1x130x4097 staged.w32x32.b512x32.k64.l16 (tuned vs oracle): 130 of 130 cells differ; first at 0 got -8097.9707/0x0xc5fd0fc4 want -8066.4688/0x0xc5fc13c0
   !! int8 tuned planted all-negative 1x130x4097 staged.w32x16.b512x16.k64.l16 (tuned vs oracle): 130 of 130 cells differ; first at 0 got -8097.9707/0x0xc5fd0fc4 want -8066.4688/0x0xc5fc13c0
   !! int8 tuned planted cancel-halves 1x130x4097 staged.w16x16.b32x32.k32.l4 (tuned vs oracle): 130 of 130 cells differ; first at 0 got -57.09729/0x0xc26463a0 want -1.9688721/0x0xbffc0400
   !! int8 tuned planted cancel-halves 1x130x4097 staged.w32x32.b64x64.k32.l4 (tuned vs oracle): 130 of 130 cells differ; first at 0 got -57.09729/0x0xc26463a0 want -1.9688721/0x0xbffc0400
   !! int8 tuned planted cancel-halves 1x130x4097 staged.w64x64.b128x128.k32.l4 (tuned vs oracle): 130 of 130 cells differ; first at 0 got -57.09729/0x0xc26463a0 want -1.9688721/0x0xbffc0400
   !! int8 tuned planted cancel-halves 1x130x4097 staged.w64x64.b128x256.k32.l4 (tuned vs oracle): 130 of 130 cells differ; first at 0 got -57.09729/0x0xc26463a0 want -1.9688721/0x0xbffc0400
   !! int8 tuned planted cancel-halves 1x130x4097 staged.w64x64.b128x128.k32.l16 (tuned vs oracle): 130 of 130 cells differ; first at 0 got -33.470825/0x0xc205e220 want -1.9688721/0x0xbffc0400
   !! int8 tuned planted cancel-halves 1x130x4097 staged.w64x64.b128x128.k64.l16 (tuned vs oracle): 130 of 130 cells differ; first at 0 got -33.470825/0x0xc205e220 want -1.9688721/0x0xbffc0400
   !! int8 tuned planted cancel-halves 1x130x4097 staged.w64x64.b128x128.k128.l16 (tuned vs oracle): 130 of 130 cells differ; first at 0 got -33.470825/0x0xc205e220 want -1.9688721/0x0xbffc0400
   !! int8 tuned planted cancel-halves 1x130x4097 staged.w64x64.b128x256.k64.l16 (tuned vs oracle): 130 of 130 cells differ; first at 0 got -33.470825/0x0xc205e220 want -1.9688721/0x0xbffc0400
   !! int8 tuned planted cancel-halves 1x130x4097 staged.w16x64.b16x256.k64.l16 (tuned vs oracle): 130 of 130 cells differ; first at 0 got -33.470825/0x0xc205e220 want -1.9688721/0x0xbffc0400
   !! int8 tuned planted cancel-halves 1x130x4097 staged.w16x16.b32x32.k64.l16 (tuned vs oracle): 130 of 130 cells differ; first at 0 got -33.470825/0x0xc205e220 want -1.9688721/0x0xbffc0400
   !! int8 tuned planted cancel-halves 1x130x4097 staged.w32x32.b64x64.k64.l16 (tuned vs oracle): 130 of 130 cells differ; first at 0 got -33.470825/0x0xc205e220 want -1.9688721/0x0xbffc0400
   !! int8 tuned planted cancel-halves 1x130x4097 staged.w32x32.b128x128.k64.l16 (tuned vs oracle): 130 of 130 cells differ; first at 0 got -33.470825/0x0xc205e220 want -1.9688721/0x0xbffc0400
   !! int8 tuned planted cancel-halves 1x130x4097 staged.w16x32.b128x128.k64.l16 (tuned vs oracle): 130 of 130 cells differ; first at 0 got -33.470825/0x0xc205e220 want -1.9688721/0x0xbffc0400
   !! int8 tuned planted cancel-halves 1x130x4097 staged.w32x32.b256x64.k64.l16 (tuned vs oracle): 130 of 130 cells differ; first at 0 got -33.470825/0x0xc205e220 want -1.9688721/0x0xbffc0400
   !! int8 tuned planted cancel-halves 1x130x4097 staged.w32x32.b512x32.k64.l16 (tuned vs oracle): 130 of 130 cells differ; first at 0 got -33.470825/0x0xc205e220 want -1.9688721/0x0xbffc0400
   !! int8 tuned planted cancel-halves 1x130x4097 staged.w32x16.b512x16.k64.l16 (tuned vs oracle): 130 of 130 cells differ; first at 0 got -33.470825/0x0xc205e220 want -1.9688721/0x0xbffc0400
   !! int8 tuned planted odd-windows 1x130x4097 staged.w16x16.b32x32.k32.l4 (tuned vs oracle): 130 of 130 cells differ; first at 0 got 8113.5977/0x0x45fd8cc8 want 8058.5156/0x0x45fbd420
   !! int8 tuned planted odd-windows 1x130x4097 staged.w32x32.b64x64.k32.l4 (tuned vs oracle): 130 of 130 cells differ; first at 0 got 8113.5977/0x0x45fd8cc8 want 8058.5156/0x0x45fbd420
   !! int8 tuned planted odd-windows 1x130x4097 staged.w64x64.b128x128.k32.l4 (tuned vs oracle): 130 of 130 cells differ; first at 0 got 8113.5977/0x0x45fd8cc8 want 8058.5156/0x0x45fbd420
   !! int8 tuned planted odd-windows 1x130x4097 staged.w64x64.b128x256.k32.l4 (tuned vs oracle): 130 of 130 cells differ; first at 0 got 8113.5977/0x0x45fd8cc8 want 8058.5156/0x0x45fbd420
   !! int8 tuned planted odd-windows 1x130x4097 staged.w64x64.b128x128.k32.l16 (tuned vs oracle): 130 of 130 cells differ; first at 0 got 8089.987/0x0x45fccfe5 want 8058.5156/0x0x45fbd420
   !! int8 tuned planted odd-windows 1x130x4097 staged.w64x64.b128x128.k64.l16 (tuned vs oracle): 130 of 130 cells differ; first at 0 got 8089.987/0x0x45fccfe5 want 8058.5156/0x0x45fbd420
   !! int8 tuned planted odd-windows 1x130x4097 staged.w64x64.b128x128.k128.l16 (tuned vs oracle): 130 of 130 cells differ; first at 0 got 8089.987/0x0x45fccfe5 want 8058.5156/0x0x45fbd420
   !! int8 tuned planted odd-windows 1x130x4097 staged.w64x64.b128x256.k64.l16 (tuned vs oracle): 130 of 130 cells differ; first at 0 got 8089.987/0x0x45fccfe5 want 8058.5156/0x0x45fbd420
   !! int8 tuned planted odd-windows 1x130x4097 staged.w16x64.b16x256.k64.l16 (tuned vs oracle): 130 of 130 cells differ; first at 0 got 8089.987/0x0x45fccfe5 want 8058.5156/0x0x45fbd420
   !! int8 tuned planted odd-windows 1x130x4097 staged.w16x16.b32x32.k64.l16 (tuned vs oracle): 130 of 130 cells differ; first at 0 got 8089.987/0x0x45fccfe5 want 8058.5156/0x0x45fbd420
   !! int8 tuned planted odd-windows 1x130x4097 staged.w32x32.b64x64.k64.l16 (tuned vs oracle): 130 of 130 cells differ; first at 0 got 8089.987/0x0x45fccfe5 want 8058.5156/0x0x45fbd420
   !! int8 tuned planted odd-windows 1x130x4097 staged.w32x32.b128x128.k64.l16 (tuned vs oracle): 130 of 130 cells differ; first at 0 got 8089.987/0x0x45fccfe5 want 8058.5156/0x0x45fbd420
   !! int8 tuned planted odd-windows 1x130x4097 staged.w16x32.b128x128.k64.l16 (tuned vs oracle): 130 of 130 cells differ; first at 0 got 8089.987/0x0x45fccfe5 want 8058.5156/0x0x45fbd420
   !! int8 tuned planted odd-windows 1x130x4097 staged.w32x32.b256x64.k64.l16 (tuned vs oracle): 130 of 130 cells differ; first at 0 got 8089.987/0x0x45fccfe5 want 8058.5156/0x0x45fbd420
   !! int8 tuned planted odd-windows 1x130x4097 staged.w32x32.b512x32.k64.l16 (tuned vs oracle): 130 of 130 cells differ; first at 0 got 8089.987/0x0x45fccfe5 want 8058.5156/0x0x45fbd420
   !! int8 tuned planted odd-windows 1x130x4097 staged.w32x16.b512x16.k64.l16 (tuned vs oracle): 130 of 130 cells differ; first at 0 got 8089.987/0x0x45fccfe5 want 8058.5156/0x0x45fbd420
   !! int8 tuned planted checkerboard 1x130x4097 staged.w16x16.b32x32.k32.l4 (tuned vs oracle): 130 of 130 cells differ; first at 0 got -8121.597/0x0xc5fdccc7 want -8066.4688/0x0xc5fc13c0
   !! int8 tuned planted checkerboard 1x130x4097 staged.w32x32.b64x64.k32.l4 (tuned vs oracle): 130 of 130 cells differ; first at 0 got -8121.597/0x0xc5fdccc7 want -8066.4688/0x0xc5fc13c0
   !! int8 tuned planted checkerboard 1x130x4097 staged.w64x64.b128x128.k32.l4 (tuned vs oracle): 130 of 130 cells differ; first at 0 got -8121.597/0x0xc5fdccc7 want -8066.4688/0x0xc5fc13c0
   !! int8 tuned planted checkerboard 1x130x4097 staged.w64x64.b128x256.k32.l4 (tuned vs oracle): 130 of 130 cells differ; first at 0 got -8121.597/0x0xc5fdccc7 want -8066.4688/0x0xc5fc13c0
   !! int8 tuned planted checkerboard 1x130x4097 staged.w64x64.b128x128.k32.l16 (tuned vs oracle): 130 of 130 cells differ; first at 0 got -8097.9707/0x0xc5fd0fc4 want -8066.4688/0x0xc5fc13c0
   !! int8 tuned planted checkerboard 1x130x4097 staged.w64x64.b128x128.k64.l16 (tuned vs oracle): 130 of 130 cells differ; first at 0 got -8097.9707/0x0xc5fd0fc4 want -8066.4688/0x0xc5fc13c0
   !! int8 tuned planted checkerboard 1x130x4097 staged.w64x64.b128x128.k128.l16 (tuned vs oracle): 130 of 130 cells differ; first at 0 got -8097.9707/0x0xc5fd0fc4 want -8066.4688/0x0xc5fc13c0
   !! int8 tuned planted checkerboard 1x130x4097 staged.w64x64.b128x256.k64.l16 (tuned vs oracle): 130 of 130 cells differ; first at 0 got -8097.9707/0x0xc5fd0fc4 want -8066.4688/0x0xc5fc13c0
   !! int8 tuned planted checkerboard 1x130x4097 staged.w16x64.b16x256.k64.l16 (tuned vs oracle): 130 of 130 cells differ; first at 0 got -8097.9707/0x0xc5fd0fc4 want -8066.4688/0x0xc5fc13c0
   !! int8 tuned planted checkerboard 1x130x4097 staged.w16x16.b32x32.k64.l16 (tuned vs oracle): 130 of 130 cells differ; first at 0 got -8097.9707/0x0xc5fd0fc4 want -8066.4688/0x0xc5fc13c0
   !! int8 tuned planted checkerboard 1x130x4097 staged.w32x32.b64x64.k64.l16 (tuned vs oracle): 130 of 130 cells differ; first at 0 got -8097.9707/0x0xc5fd0fc4 want -8066.4688/0x0xc5fc13c0
   !! int8 tuned planted checkerboard 1x130x4097 staged.w32x32.b128x128.k64.l16 (tuned vs oracle): 130 of 130 cells differ; first at 0 got -8097.9707/0x0xc5fd0fc4 want -8066.4688/0x0xc5fc13c0
   !! int8 tuned planted checkerboard 1x130x4097 staged.w16x32.b128x128.k64.l16 (tuned vs oracle): 130 of 130 cells differ; first at 0 got -8097.9707/0x0xc5fd0fc4 want -8066.4688/0x0xc5fc13c0
   !! int8 tuned planted checkerboard 1x130x4097 staged.w32x32.b256x64.k64.l16 (tuned vs oracle): 130 of 130 cells differ; first at 0 got -8097.9707/0x0xc5fd0fc4 want -8066.4688/0x0xc5fc13c0
   !! int8 tuned planted checkerboard 1x130x4097 staged.w32x32.b512x32.k64.l16 (tuned vs oracle): 130 of 130 cells differ; first at 0 got -8097.9707/0x0xc5fd0fc4 want -8066.4688/0x0xc5fc13c0
   !! int8 tuned planted checkerboard 1x130x4097 staged.w32x16.b512x16.k64.l16 (tuned vs oracle): 130 of 130 cells differ; first at 0 got -8097.9707/0x0xc5fd0fc4 want -8066.4688/0x0xc5fc13c0
   !! int8 tuned planted zero-rows 1x130x4097 staged.w16x16.b32x32.k32.l4 (tuned vs oracle): 104 of 130 cells differ; first at 0 got -8121.597/0x0xc5fdccc7 want -8066.4688/0x0xc5fc13c0
   !! int8 tuned planted zero-rows 1x130x4097 staged.w32x32.b64x64.k32.l4 (tuned vs oracle): 104 of 130 cells differ; first at 0 got -8121.597/0x0xc5fdccc7 want -8066.4688/0x0xc5fc13c0
   !! int8 tuned planted zero-rows 1x130x4097 staged.w64x64.b128x128.k32.l4 (tuned vs oracle): 104 of 130 cells differ; first at 0 got -8121.597/0x0xc5fdccc7 want -8066.4688/0x0xc5fc13c0
   !! int8 tuned planted zero-rows 1x130x4097 staged.w64x64.b128x256.k32.l4 (tuned vs oracle): 104 of 130 cells differ; first at 0 got -8121.597/0x0xc5fdccc7 want -8066.4688/0x0xc5fc13c0
   !! int8 tuned planted zero-rows 1x130x4097 staged.w64x64.b128x128.k32.l16 (tuned vs oracle): 104 of 130 cells differ; first at 0 got -8097.9707/0x0xc5fd0fc4 want -8066.4688/0x0xc5fc13c0
   !! int8 tuned planted zero-rows 1x130x4097 staged.w64x64.b128x128.k64.l16 (tuned vs oracle): 104 of 130 cells differ; first at 0 got -8097.9707/0x0xc5fd0fc4 want -8066.4688/0x0xc5fc13c0
   !! int8 tuned planted zero-rows 1x130x4097 staged.w64x64.b128x128.k128.l16 (tuned vs oracle): 104 of 130 cells differ; first at 0 got -8097.9707/0x0xc5fd0fc4 want -8066.4688/0x0xc5fc13c0
   !! int8 tuned planted zero-rows 1x130x4097 staged.w64x64.b128x256.k64.l16 (tuned vs oracle): 104 of 130 cells differ; first at 0 got -8097.9707/0x0xc5fd0fc4 want -8066.4688/0x0xc5fc13c0
   !! int8 tuned planted zero-rows 1x130x4097 staged.w16x64.b16x256.k64.l16 (tuned vs oracle): 104 of 130 cells differ; first at 0 got -8097.9707/0x0xc5fd0fc4 want -8066.4688/0x0xc5fc13c0
   !! int8 tuned planted zero-rows 1x130x4097 staged.w16x16.b32x32.k64.l16 (tuned vs oracle): 104 of 130 cells differ; first at 0 got -8097.9707/0x0xc5fd0fc4 want -8066.4688/0x0xc5fc13c0
   !! int8 tuned planted zero-rows 1x130x4097 staged.w32x32.b64x64.k64.l16 (tuned vs oracle): 104 of 130 cells differ; first at 0 got -8097.9707/0x0xc5fd0fc4 want -8066.4688/0x0xc5fc13c0
   !! int8 tuned planted zero-rows 1x130x4097 staged.w32x32.b128x128.k64.l16 (tuned vs oracle): 104 of 130 cells differ; first at 0 got -8097.9707/0x0xc5fd0fc4 want -8066.4688/0x0xc5fc13c0
   !! int8 tuned planted zero-rows 1x130x4097 staged.w16x32.b128x128.k64.l16 (tuned vs oracle): 104 of 130 cells differ; first at 0 got -8097.9707/0x0xc5fd0fc4 want -8066.4688/0x0xc5fc13c0
   !! int8 tuned planted zero-rows 1x130x4097 staged.w32x32.b256x64.k64.l16 (tuned vs oracle): 104 of 130 cells differ; first at 0 got -8097.9707/0x0xc5fd0fc4 want -8066.4688/0x0xc5fc13c0
   !! int8 tuned planted zero-rows 1x130x4097 staged.w32x32.b512x32.k64.l16 (tuned vs oracle): 104 of 130 cells differ; first at 0 got -8097.9707/0x0xc5fd0fc4 want -8066.4688/0x0xc5fc13c0
   !! int8 tuned planted zero-rows 1x130x4097 staged.w32x16.b512x16.k64.l16 (tuned vs oracle): 104 of 130 cells differ; first at 0 got -8097.9707/0x0xc5fd0fc4 want -8066.4688/0x0xc5fc13c0
   ok int8 tuned planted lone-last-step 1x130x4097
   ok int8 tuned planted all-positive 8x129x14336
   ok int8 tuned planted all-negative 8x129x14336
   ok int8 tuned planted cancel-halves 8x129x14336
   ok int8 tuned planted odd-windows 8x129x14336
   ok int8 tuned planted checkerboard 8x129x14336
   ok int8 tuned planted zero-rows 8x129x14336
   ok int8 tuned planted lone-last-step 8x129x14336
   ok int8 tuned planted all-positive 2x3x131072
   ok int8 tuned planted all-negative 2x3x131072
   ok int8 tuned planted cancel-halves 2x3x131072
   ok int8 tuned planted odd-windows 2x3x131072
   ok int8 tuned planted checkerboard 2x3x131072
   ok int8 tuned planted zero-rows 2x3x131072
   ok int8 tuned planted lone-last-step 2x3x131072
   !! int8 tuned planted all-positive 3x5x1042 staged.w16x16.b32x32.k32.l4 (tuned vs oracle): 15 of 15 cells differ; first at 0 got 2075.1912/0x0x4501b30f want 2051.5647/0x0x45003909
   !! int8 tuned planted all-positive 3x5x1042 staged.w32x32.b64x64.k32.l4 (tuned vs oracle): 15 of 15 cells differ; first at 0 got 2075.1912/0x0x4501b30f want 2051.5647/0x0x45003909
   !! int8 tuned planted all-positive 3x5x1042 staged.w64x64.b128x128.k32.l4 (tuned vs oracle): 15 of 15 cells differ; first at 0 got 2075.1912/0x0x4501b30f want 2051.5647/0x0x45003909
   !! int8 tuned planted all-positive 3x5x1042 staged.w64x64.b128x256.k32.l4 (tuned vs oracle): 15 of 15 cells differ; first at 0 got 2075.1912/0x0x4501b30f want 2051.5647/0x0x45003909
   !! int8 tuned planted all-positive 3x5x1042 decode.n16.w4.c64 (decode vs oracle): 8 of 15 cells differ; first at 0 got 2142.1328/0x0x4505e220 want 2051.5647/0x0x45003909
   !! int8 tuned planted all-positive 3x5x1042 decode.n16.w8.c64 (decode vs oracle): 8 of 15 cells differ; first at 0 got 2142.1328/0x0x4505e220 want 2051.5647/0x0x45003909
   !! int8 tuned planted all-positive 3x5x1042 decode.n16.w16.c64 (decode vs oracle): 8 of 15 cells differ; first at 0 got 2142.1328/0x0x4505e220 want 2051.5647/0x0x45003909
   !! int8 tuned planted all-negative 3x5x1042 staged.w16x16.b32x32.k32.l4 (tuned vs oracle): 15 of 15 cells differ; first at 0 got -2075.1912/0x0xc501b30f want -2051.5647/0x0xc5003909
   !! int8 tuned planted all-negative 3x5x1042 staged.w32x32.b64x64.k32.l4 (tuned vs oracle): 15 of 15 cells differ; first at 0 got -2075.1912/0x0xc501b30f want -2051.5647/0x0xc5003909
   !! int8 tuned planted all-negative 3x5x1042 staged.w64x64.b128x128.k32.l4 (tuned vs oracle): 15 of 15 cells differ; first at 0 got -2075.1912/0x0xc501b30f want -2051.5647/0x0xc5003909
   !! int8 tuned planted all-negative 3x5x1042 staged.w64x64.b128x256.k32.l4 (tuned vs oracle): 15 of 15 cells differ; first at 0 got -2075.1912/0x0xc501b30f want -2051.5647/0x0xc5003909
   !! int8 tuned planted all-negative 3x5x1042 decode.n16.w4.c64 (decode vs oracle): 8 of 15 cells differ; first at 0 got -2142.1328/0x0xc505e220 want -2051.5647/0x0xc5003909
   !! int8 tuned planted all-negative 3x5x1042 decode.n16.w8.c64 (decode vs oracle): 8 of 15 cells differ; first at 0 got -2142.1328/0x0xc505e220 want -2051.5647/0x0xc5003909
   !! int8 tuned planted all-negative 3x5x1042 decode.n16.w16.c64 (decode vs oracle): 8 of 15 cells differ; first at 0 got -2142.1328/0x0xc505e220 want -2051.5647/0x0xc5003909
   !! int8 tuned planted cancel-halves 3x5x1042 staged.w16x16.b32x32.k32.l4 (tuned vs oracle): 15 of 15 cells differ; first at 0 got -23.626465/0x0xc1bd0300 want 0.0/0x0x0
   !! int8 tuned planted cancel-halves 3x5x1042 staged.w32x32.b64x64.k32.l4 (tuned vs oracle): 15 of 15 cells differ; first at 0 got -23.626465/0x0xc1bd0300 want 0.0/0x0x0
   !! int8 tuned planted cancel-halves 3x5x1042 staged.w64x64.b128x128.k32.l4 (tuned vs oracle): 15 of 15 cells differ; first at 0 got -23.626465/0x0xc1bd0300 want 0.0/0x0x0
   !! int8 tuned planted cancel-halves 3x5x1042 staged.w64x64.b128x256.k32.l4 (tuned vs oracle): 15 of 15 cells differ; first at 0 got -23.626465/0x0xc1bd0300 want 0.0/0x0x0
   !! int8 tuned planted cancel-halves 3x5x1042 decode.n16.w4.c64 (decode vs oracle): 8 of 15 cells differ; first at 0 got 90.568115/0x0x42b522e0 want 0.0/0x0x0
   !! int8 tuned planted cancel-halves 3x5x1042 decode.n16.w8.c64 (decode vs oracle): 8 of 15 cells differ; first at 0 got 90.568115/0x0x42b522e0 want 0.0/0x0x0
   !! int8 tuned planted cancel-halves 3x5x1042 decode.n16.w16.c64 (decode vs oracle): 8 of 15 cells differ; first at 0 got 90.568115/0x0x42b522e0 want 0.0/0x0x0
   !! int8 tuned planted odd-windows 3x5x1042 staged.w16x16.b32x32.k32.l4 (tuned vs oracle): 15 of 15 cells differ; first at 0 got 2073.1448/0x0x45019251 want 2049.5337/0x0x4500188a
   !! int8 tuned planted odd-windows 3x5x1042 staged.w32x32.b64x64.k32.l4 (tuned vs oracle): 15 of 15 cells differ; first at 0 got 2073.1448/0x0x45019251 want 2049.5337/0x0x4500188a
   !! int8 tuned planted odd-windows 3x5x1042 staged.w64x64.b128x128.k32.l4 (tuned vs oracle): 15 of 15 cells differ; first at 0 got 2073.1448/0x0x45019251 want 2049.5337/0x0x4500188a
   !! int8 tuned planted odd-windows 3x5x1042 staged.w64x64.b128x256.k32.l4 (tuned vs oracle): 15 of 15 cells differ; first at 0 got 2073.1448/0x0x45019251 want 2049.5337/0x0x4500188a
   !! int8 tuned planted odd-windows 3x5x1042 decode.n16.w4.c64 (decode vs oracle): 8 of 15 cells differ; first at 0 got 2140.0088/0x0x4505c024 want 2049.5337/0x0x4500188a
   !! int8 tuned planted odd-windows 3x5x1042 decode.n16.w8.c64 (decode vs oracle): 8 of 15 cells differ; first at 0 got 2140.0088/0x0x4505c024 want 2049.5337/0x0x4500188a
   !! int8 tuned planted odd-windows 3x5x1042 decode.n16.w16.c64 (decode vs oracle): 8 of 15 cells differ; first at 0 got 2140.0088/0x0x4505c024 want 2049.5337/0x0x4500188a
   !! int8 tuned planted checkerboard 3x5x1042 staged.w16x16.b32x32.k32.l4 (tuned vs oracle): 15 of 15 cells differ; first at 0 got -2075.1912/0x0xc501b30f want -2051.5647/0x0xc5003909
   !! int8 tuned planted checkerboard 3x5x1042 staged.w32x32.b64x64.k32.l4 (tuned vs oracle): 15 of 15 cells differ; first at 0 got -2075.1912/0x0xc501b30f want -2051.5647/0x0xc5003909
   !! int8 tuned planted checkerboard 3x5x1042 staged.w64x64.b128x128.k32.l4 (tuned vs oracle): 15 of 15 cells differ; first at 0 got -2075.1912/0x0xc501b30f want -2051.5647/0x0xc5003909
   !! int8 tuned planted checkerboard 3x5x1042 staged.w64x64.b128x256.k32.l4 (tuned vs oracle): 15 of 15 cells differ; first at 0 got -2075.1912/0x0xc501b30f want -2051.5647/0x0xc5003909
   !! int8 tuned planted checkerboard 3x5x1042 decode.n16.w4.c64 (decode vs oracle): 8 of 15 cells differ; first at 0 got -2142.1328/0x0xc505e220 want -2051.5647/0x0xc5003909
   !! int8 tuned planted checkerboard 3x5x1042 decode.n16.w8.c64 (decode vs oracle): 8 of 15 cells differ; first at 0 got -2142.1328/0x0xc505e220 want -2051.5647/0x0xc5003909
   !! int8 tuned planted checkerboard 3x5x1042 decode.n16.w16.c64 (decode vs oracle): 8 of 15 cells differ; first at 0 got -2142.1328/0x0xc505e220 want -2051.5647/0x0xc5003909
   !! int8 tuned planted zero-rows 3x5x1042 staged.w16x16.b32x32.k32.l4 (tuned vs oracle): 8 of 15 cells differ; first at 0 got -2075.1912/0x0xc501b30f want -2051.5647/0x0xc5003909
   !! int8 tuned planted zero-rows 3x5x1042 staged.w32x32.b64x64.k32.l4 (tuned vs oracle): 8 of 15 cells differ; first at 0 got -2075.1912/0x0xc501b30f want -2051.5647/0x0xc5003909
   !! int8 tuned planted zero-rows 3x5x1042 staged.w64x64.b128x128.k32.l4 (tuned vs oracle): 8 of 15 cells differ; first at 0 got -2075.1912/0x0xc501b30f want -2051.5647/0x0xc5003909
   !! int8 tuned planted zero-rows 3x5x1042 staged.w64x64.b128x256.k32.l4 (tuned vs oracle): 8 of 15 cells differ; first at 0 got -2075.1912/0x0xc501b30f want -2051.5647/0x0xc5003909
   !! int8 tuned planted zero-rows 3x5x1042 decode.n16.w4.c64 (decode vs oracle): 3 of 15 cells differ; first at 5 got -181.13623/0x0xc33522e0 want 0.0/0x0x0
   !! int8 tuned planted zero-rows 3x5x1042 decode.n16.w8.c64 (decode vs oracle): 3 of 15 cells differ; first at 5 got -181.13623/0x0xc33522e0 want 0.0/0x0x0
   !! int8 tuned planted zero-rows 3x5x1042 decode.n16.w16.c64 (decode vs oracle): 3 of 15 cells differ; first at 5 got -181.13623/0x0xc33522e0 want 0.0/0x0x0
   ok int8 tuned planted lone-last-step 3x5x1042
   !! int8 tuned planted all-positive 1x1x1041 staged.w16x16.b32x32.k32.l4 (tuned vs oracle): 1 of 1 cells differ; first at 0 got 2073.2222/0x0x4501938e want 2049.5957/0x0x45001988
   !! int8 tuned planted all-positive 1x1x1041 staged.w32x32.b64x64.k32.l4 (tuned vs oracle): 1 of 1 cells differ; first at 0 got 2073.2222/0x0x4501938e want 2049.5957/0x0x45001988
   !! int8 tuned planted all-positive 1x1x1041 staged.w64x64.b128x128.k32.l4 (tuned vs oracle): 1 of 1 cells differ; first at 0 got 2073.2222/0x0x4501938e want 2049.5957/0x0x45001988
   !! int8 tuned planted all-positive 1x1x1041 staged.w64x64.b128x256.k32.l4 (tuned vs oracle): 1 of 1 cells differ; first at 0 got 2073.2222/0x0x4501938e want 2049.5957/0x0x45001988
   !! int8 tuned planted all-negative 1x1x1041 staged.w16x16.b32x32.k32.l4 (tuned vs oracle): 1 of 1 cells differ; first at 0 got -2073.2222/0x0xc501938e want -2049.5957/0x0xc5001988
   !! int8 tuned planted all-negative 1x1x1041 staged.w32x32.b64x64.k32.l4 (tuned vs oracle): 1 of 1 cells differ; first at 0 got -2073.2222/0x0xc501938e want -2049.5957/0x0xc5001988
   !! int8 tuned planted all-negative 1x1x1041 staged.w64x64.b128x128.k32.l4 (tuned vs oracle): 1 of 1 cells differ; first at 0 got -2073.2222/0x0xc501938e want -2049.5957/0x0xc5001988
   !! int8 tuned planted all-negative 1x1x1041 staged.w64x64.b128x256.k32.l4 (tuned vs oracle): 1 of 1 cells differ; first at 0 got -2073.2222/0x0xc501938e want -2049.5957/0x0xc5001988
   !! int8 tuned planted cancel-halves 1x1x1041 staged.w16x16.b32x32.k32.l4 (tuned vs oracle): 1 of 1 cells differ; first at 0 got -25.595337/0x0xc1ccc340 want -1.9688721/0x0xbffc0400
   !! int8 tuned planted cancel-halves 1x1x1041 staged.w32x32.b64x64.k32.l4 (tuned vs oracle): 1 of 1 cells differ; first at 0 got -25.595337/0x0xc1ccc340 want -1.9688721/0x0xbffc0400
   !! int8 tuned planted cancel-halves 1x1x1041 staged.w64x64.b128x128.k32.l4 (tuned vs oracle): 1 of 1 cells differ; first at 0 got -25.595337/0x0xc1ccc340 want -1.9688721/0x0xbffc0400
   !! int8 tuned planted cancel-halves 1x1x1041 staged.w64x64.b128x256.k32.l4 (tuned vs oracle): 1 of 1 cells differ; first at 0 got -25.595337/0x0xc1ccc340 want -1.9688721/0x0xbffc0400
   !! int8 tuned planted odd-windows 1x1x1041 staged.w16x16.b32x32.k32.l4 (tuned vs oracle): 1 of 1 cells differ; first at 0 got 2071.1758/0x0x450172d0 want 2047.565/0x0x44fff214
   !! int8 tuned planted odd-windows 1x1x1041 staged.w32x32.b64x64.k32.l4 (tuned vs oracle): 1 of 1 cells differ; first at 0 got 2071.1758/0x0x450172d0 want 2047.565/0x0x44fff214
   !! int8 tuned planted odd-windows 1x1x1041 staged.w64x64.b128x128.k32.l4 (tuned vs oracle): 1 of 1 cells differ; first at 0 got 2071.1758/0x0x450172d0 want 2047.565/0x0x44fff214
   !! int8 tuned planted odd-windows 1x1x1041 staged.w64x64.b128x256.k32.l4 (tuned vs oracle): 1 of 1 cells differ; first at 0 got 2071.1758/0x0x450172d0 want 2047.565/0x0x44fff214
   !! int8 tuned planted checkerboard 1x1x1041 staged.w16x16.b32x32.k32.l4 (tuned vs oracle): 1 of 1 cells differ; first at 0 got -2073.2222/0x0xc501938e want -2049.5957/0x0xc5001988
   !! int8 tuned planted checkerboard 1x1x1041 staged.w32x32.b64x64.k32.l4 (tuned vs oracle): 1 of 1 cells differ; first at 0 got -2073.2222/0x0xc501938e want -2049.5957/0x0xc5001988
   !! int8 tuned planted checkerboard 1x1x1041 staged.w64x64.b128x128.k32.l4 (tuned vs oracle): 1 of 1 cells differ; first at 0 got -2073.2222/0x0xc501938e want -2049.5957/0x0xc5001988
   !! int8 tuned planted checkerboard 1x1x1041 staged.w64x64.b128x256.k32.l4 (tuned vs oracle): 1 of 1 cells differ; first at 0 got -2073.2222/0x0xc501938e want -2049.5957/0x0xc5001988
   !! int8 tuned planted zero-rows 1x1x1041 staged.w16x16.b32x32.k32.l4 (tuned vs oracle): 1 of 1 cells differ; first at 0 got -2073.2222/0x0xc501938e want -2049.5957/0x0xc5001988
   !! int8 tuned planted zero-rows 1x1x1041 staged.w32x32.b64x64.k32.l4 (tuned vs oracle): 1 of 1 cells differ; first at 0 got -2073.2222/0x0xc501938e want -2049.5957/0x0xc5001988
   !! int8 tuned planted zero-rows 1x1x1041 staged.w64x64.b128x128.k32.l4 (tuned vs oracle): 1 of 1 cells differ; first at 0 got -2073.2222/0x0xc501938e want -2049.5957/0x0xc5001988
   !! int8 tuned planted zero-rows 1x1x1041 staged.w64x64.b128x256.k32.l4 (tuned vs oracle): 1 of 1 cells differ; first at 0 got -2073.2222/0x0xc501938e want -2049.5957/0x0xc5001988
   ok int8 tuned planted lone-last-step 1x1x1041
   ok int8 tuned planted all-positive 129x257x96
   ok int8 tuned planted all-negative 129x257x96
   ok int8 tuned planted cancel-halves 129x257x96
   ok int8 tuned planted odd-windows 129x257x96
   ok int8 tuned planted checkerboard 129x257x96
   ok int8 tuned planted zero-rows 129x257x96
   ok int8 tuned planted lone-last-step 129x257x96
   !! int8 tuned planted all-positive 65x130x161 staged.w16x16.b32x32.k32.l4 (tuned vs oracle): 8450 of 8450 cells differ; first at 0 got 372.11682/0x0x43ba0ef4 want 316.9884/0x0x439e7e84
   !! int8 tuned planted all-positive 65x130x161 staged.w32x32.b64x64.k32.l4 (tuned vs oracle): 8450 of 8450 cells differ; first at 0 got 372.11682/0x0x43ba0ef4 want 316.9884/0x0x439e7e84
   !! int8 tuned planted all-positive 65x130x161 staged.w64x64.b128x128.k32.l4 (tuned vs oracle): 8450 of 8450 cells differ; first at 0 got 372.11682/0x0x43ba0ef4 want 316.9884/0x0x439e7e84
   !! int8 tuned planted all-positive 65x130x161 staged.w64x64.b128x256.k32.l4 (tuned vs oracle): 8450 of 8450 cells differ; first at 0 got 372.11682/0x0x43ba0ef4 want 316.9884/0x0x439e7e84
   !! int8 tuned planted all-positive 65x130x161 staged.w64x64.b128x128.k32.l16 (tuned vs oracle): 8450 of 8450 cells differ; first at 0 got 348.49036/0x0x43ae3ec4 want 316.9884/0x0x439e7e84
   !! int8 tuned planted all-positive 65x130x161 staged.w64x64.b128x128.k64.l16 (tuned vs oracle): 8450 of 8450 cells differ; first at 0 got 348.49036/0x0x43ae3ec4 want 316.9884/0x0x439e7e84
   !! int8 tuned planted all-positive 65x130x161 staged.w64x64.b128x128.k128.l16 (tuned vs oracle): 8450 of 8450 cells differ; first at 0 got 348.49036/0x0x43ae3ec4 want 316.9884/0x0x439e7e84
   !! int8 tuned planted all-positive 65x130x161 staged.w64x64.b128x256.k64.l16 (tuned vs oracle): 8450 of 8450 cells differ; first at 0 got 348.49036/0x0x43ae3ec4 want 316.9884/0x0x439e7e84
   !! int8 tuned planted all-positive 65x130x161 staged.w16x64.b16x256.k64.l16 (tuned vs oracle): 8450 of 8450 cells differ; first at 0 got 348.49036/0x0x43ae3ec4 want 316.9884/0x0x439e7e84
   !! int8 tuned planted all-positive 65x130x161 staged.w16x16.b32x32.k64.l16 (tuned vs oracle): 8450 of 8450 cells differ; first at 0 got 348.49036/0x0x43ae3ec4 want 316.9884/0x0x439e7e84
   !! int8 tuned planted all-positive 65x130x161 staged.w32x32.b64x64.k64.l16 (tuned vs oracle): 8450 of 8450 cells differ; first at 0 got 348.49036/0x0x43ae3ec4 want 316.9884/0x0x439e7e84
   !! int8 tuned planted all-positive 65x130x161 staged.w32x32.b128x128.k64.l16 (tuned vs oracle): 8450 of 8450 cells differ; first at 0 got 348.49036/0x0x43ae3ec4 want 316.9884/0x0x439e7e84
   !! int8 tuned planted all-positive 65x130x161 staged.w16x32.b128x128.k64.l16 (tuned vs oracle): 8450 of 8450 cells differ; first at 0 got 348.49036/0x0x43ae3ec4 want 316.9884/0x0x439e7e84
   !! int8 tuned planted all-positive 65x130x161 staged.w32x32.b256x64.k64.l16 (tuned vs oracle): 8450 of 8450 cells differ; first at 0 got 348.49036/0x0x43ae3ec4 want 316.9884/0x0x439e7e84
   !! int8 tuned planted all-positive 65x130x161 staged.w32x32.b512x32.k64.l16 (tuned vs oracle): 8450 of 8450 cells differ; first at 0 got 348.49036/0x0x43ae3ec4 want 316.9884/0x0x439e7e84
   !! int8 tuned planted all-positive 65x130x161 staged.w32x16.b512x16.k64.l16 (tuned vs oracle): 8450 of 8450 cells differ; first at 0 got 348.49036/0x0x43ae3ec4 want 316.9884/0x0x439e7e84
   !! int8 tuned planted all-negative 65x130x161 staged.w16x16.b32x32.k32.l4 (tuned vs oracle): 8450 of 8450 cells differ; first at 0 got -372.11682/0x0xc3ba0ef4 want -316.9884/0x0xc39e7e84
   !! int8 tuned planted all-negative 65x130x161 staged.w32x32.b64x64.k32.l4 (tuned vs oracle): 8450 of 8450 cells differ; first at 0 got -372.11682/0x0xc3ba0ef4 want -316.9884/0x0xc39e7e84
   !! int8 tuned planted all-negative 65x130x161 staged.w64x64.b128x128.k32.l4 (tuned vs oracle): 8450 of 8450 cells differ; first at 0 got -372.11682/0x0xc3ba0ef4 want -316.9884/0x0xc39e7e84
   !! int8 tuned planted all-negative 65x130x161 staged.w64x64.b128x256.k32.l4 (tuned vs oracle): 8450 of 8450 cells differ; first at 0 got -372.11682/0x0xc3ba0ef4 want -316.9884/0x0xc39e7e84
   !! int8 tuned planted all-negative 65x130x161 staged.w64x64.b128x128.k32.l16 (tuned vs oracle): 8450 of 8450 cells differ; first at 0 got -348.49036/0x0xc3ae3ec4 want -316.9884/0x0xc39e7e84
   !! int8 tuned planted all-negative 65x130x161 staged.w64x64.b128x128.k64.l16 (tuned vs oracle): 8450 of 8450 cells differ; first at 0 got -348.49036/0x0xc3ae3ec4 want -316.9884/0x0xc39e7e84
   !! int8 tuned planted all-negative 65x130x161 staged.w64x64.b128x128.k128.l16 (tuned vs oracle): 8450 of 8450 cells differ; first at 0 got -348.49036/0x0xc3ae3ec4 want -316.9884/0x0xc39e7e84
   !! int8 tuned planted all-negative 65x130x161 staged.w64x64.b128x256.k64.l16 (tuned vs oracle): 8450 of 8450 cells differ; first at 0 got -348.49036/0x0xc3ae3ec4 want -316.9884/0x0xc39e7e84
   !! int8 tuned planted all-negative 65x130x161 staged.w16x64.b16x256.k64.l16 (tuned vs oracle): 8450 of 8450 cells differ; first at 0 got -348.49036/0x0xc3ae3ec4 want -316.9884/0x0xc39e7e84
   !! int8 tuned planted all-negative 65x130x161 staged.w16x16.b32x32.k64.l16 (tuned vs oracle): 8450 of 8450 cells differ; first at 0 got -348.49036/0x0xc3ae3ec4 want -316.9884/0x0xc39e7e84
   !! int8 tuned planted all-negative 65x130x161 staged.w32x32.b64x64.k64.l16 (tuned vs oracle): 8450 of 8450 cells differ; first at 0 got -348.49036/0x0xc3ae3ec4 want -316.9884/0x0xc39e7e84
   !! int8 tuned planted all-negative 65x130x161 staged.w32x32.b128x128.k64.l16 (tuned vs oracle): 8450 of 8450 cells differ; first at 0 got -348.49036/0x0xc3ae3ec4 want -316.9884/0x0xc39e7e84
   !! int8 tuned planted all-negative 65x130x161 staged.w16x32.b128x128.k64.l16 (tuned vs oracle): 8450 of 8450 cells differ; first at 0 got -348.49036/0x0xc3ae3ec4 want -316.9884/0x0xc39e7e84
   !! int8 tuned planted all-negative 65x130x161 staged.w32x32.b256x64.k64.l16 (tuned vs oracle): 8450 of 8450 cells differ; first at 0 got -348.49036/0x0xc3ae3ec4 want -316.9884/0x0xc39e7e84
   !! int8 tuned planted all-negative 65x130x161 staged.w32x32.b512x32.k64.l16 (tuned vs oracle): 8450 of 8450 cells differ; first at 0 got -348.49036/0x0xc3ae3ec4 want -316.9884/0x0xc39e7e84
   !! int8 tuned planted all-negative 65x130x161 staged.w32x16.b512x16.k64.l16 (tuned vs oracle): 8450 of 8450 cells differ; first at 0 got -348.49036/0x0xc3ae3ec4 want -316.9884/0x0xc39e7e84
   !! int8 tuned planted cancel-halves 65x130x161 staged.w16x16.b32x32.k32.l4 (tuned vs oracle): 8450 of 8450 cells differ; first at 0 got -57.09729/0x0xc26463a0 want -1.9688721/0x0xbffc0400
   !! int8 tuned planted cancel-halves 65x130x161 staged.w32x32.b64x64.k32.l4 (tuned vs oracle): 8450 of 8450 cells differ; first at 0 got -57.09729/0x0xc26463a0 want -1.9688721/0x0xbffc0400
   !! int8 tuned planted cancel-halves 65x130x161 staged.w64x64.b128x128.k32.l4 (tuned vs oracle): 8450 of 8450 cells differ; first at 0 got -57.09729/0x0xc26463a0 want -1.9688721/0x0xbffc0400
   !! int8 tuned planted cancel-halves 65x130x161 staged.w64x64.b128x256.k32.l4 (tuned vs oracle): 8450 of 8450 cells differ; first at 0 got -57.09729/0x0xc26463a0 want -1.9688721/0x0xbffc0400
   !! int8 tuned planted cancel-halves 65x130x161 staged.w64x64.b128x128.k32.l16 (tuned vs oracle): 8450 of 8450 cells differ; first at 0 got -33.470825/0x0xc205e220 want -1.9688721/0x0xbffc0400
   !! int8 tuned planted cancel-halves 65x130x161 staged.w64x64.b128x128.k64.l16 (tuned vs oracle): 8450 of 8450 cells differ; first at 0 got -33.470825/0x0xc205e220 want -1.9688721/0x0xbffc0400
   !! int8 tuned planted cancel-halves 65x130x161 staged.w64x64.b128x128.k128.l16 (tuned vs oracle): 8450 of 8450 cells differ; first at 0 got 29.533081/0x0x41ec43c0 want -1.9688721/0x0xbffc0400
   !! int8 tuned planted cancel-halves 65x130x161 staged.w64x64.b128x256.k64.l16 (tuned vs oracle): 8450 of 8450 cells differ; first at 0 got -33.470825/0x0xc205e220 want -1.9688721/0x0xbffc0400
   !! int8 tuned planted cancel-halves 65x130x161 staged.w16x64.b16x256.k64.l16 (tuned vs oracle): 8450 of 8450 cells differ; first at 0 got -33.470825/0x0xc205e220 want -1.9688721/0x0xbffc0400
   !! int8 tuned planted cancel-halves 65x130x161 staged.w16x16.b32x32.k64.l16 (tuned vs oracle): 8450 of 8450 cells differ; first at 0 got -33.470825/0x0xc205e220 want -1.9688721/0x0xbffc0400
   !! int8 tuned planted cancel-halves 65x130x161 staged.w32x32.b64x64.k64.l16 (tuned vs oracle): 8450 of 8450 cells differ; first at 0 got -33.470825/0x0xc205e220 want -1.9688721/0x0xbffc0400
   !! int8 tuned planted cancel-halves 65x130x161 staged.w32x32.b128x128.k64.l16 (tuned vs oracle): 8450 of 8450 cells differ; first at 0 got -33.470825/0x0xc205e220 want -1.9688721/0x0xbffc0400
   !! int8 tuned planted cancel-halves 65x130x161 staged.w16x32.b128x128.k64.l16 (tuned vs oracle): 8450 of 8450 cells differ; first at 0 got -33.470825/0x0xc205e220 want -1.9688721/0x0xbffc0400
   !! int8 tuned planted cancel-halves 65x130x161 staged.w32x32.b256x64.k64.l16 (tuned vs oracle): 8450 of 8450 cells differ; first at 0 got -33.470825/0x0xc205e220 want -1.9688721/0x0xbffc0400
   !! int8 tuned planted cancel-halves 65x130x161 staged.w32x32.b512x32.k64.l16 (tuned vs oracle): 8450 of 8450 cells differ; first at 0 got -33.470825/0x0xc205e220 want -1.9688721/0x0xbffc0400
   !! int8 tuned planted cancel-halves 65x130x161 staged.w32x16.b512x16.k64.l16 (tuned vs oracle): 8450 of 8450 cells differ; first at 0 got -33.470825/0x0xc205e220 want -1.9688721/0x0xbffc0400
   !! int8 tuned planted odd-windows 65x130x161 staged.w16x16.b32x32.k32.l4 (tuned vs oracle): 8450 of 8450 cells differ; first at 0 got 371.74475/0x0x43b9df54 want 316.66284/0x0x439e54d8
   !! int8 tuned planted odd-windows 65x130x161 staged.w32x32.b64x64.k32.l4 (tuned vs oracle): 8450 of 8450 cells differ; first at 0 got 371.74475/0x0x43b9df54 want 316.66284/0x0x439e54d8
   !! int8 tuned planted odd-windows 65x130x161 staged.w64x64.b128x128.k32.l4 (tuned vs oracle): 8450 of 8450 cells differ; first at 0 got 371.74475/0x0x43b9df54 want 316.66284/0x0x439e54d8
   !! int8 tuned planted odd-windows 65x130x161 staged.w64x64.b128x256.k32.l4 (tuned vs oracle): 8450 of 8450 cells differ; first at 0 got 371.74475/0x0x43b9df54 want 316.66284/0x0x439e54d8
   !! int8 tuned planted odd-windows 65x130x161 staged.w64x64.b128x128.k32.l16 (tuned vs oracle): 8450 of 8450 cells differ; first at 0 got 348.1338/0x0x43ae1120 want 316.66284/0x0x439e54d8
   !! int8 tuned planted odd-windows 65x130x161 staged.w64x64.b128x128.k64.l16 (tuned vs oracle): 8450 of 8450 cells differ; first at 0 got 348.1338/0x0x43ae1120 want 316.66284/0x0x439e54d8
   !! int8 tuned planted odd-windows 65x130x161 staged.w64x64.b128x128.k128.l16 (tuned vs oracle): 8450 of 8450 cells differ; first at 0 got 348.1338/0x0x43ae1120 want 316.66284/0x0x439e54d8
   !! int8 tuned planted odd-windows 65x130x161 staged.w64x64.b128x256.k64.l16 (tuned vs oracle): 8450 of 8450 cells differ; first at 0 got 348.1338/0x0x43ae1120 want 316.66284/0x0x439e54d8
   !! int8 tuned planted odd-windows 65x130x161 staged.w16x64.b16x256.k64.l16 (tuned vs oracle): 8450 of 8450 cells differ; first at 0 got 348.1338/0x0x43ae1120 want 316.66284/0x0x439e54d8
   !! int8 tuned planted odd-windows 65x130x161 staged.w16x16.b32x32.k64.l16 (tuned vs oracle): 8450 of 8450 cells differ; first at 0 got 348.1338/0x0x43ae1120 want 316.66284/0x0x439e54d8
   !! int8 tuned planted odd-windows 65x130x161 staged.w32x32.b64x64.k64.l16 (tuned vs oracle): 8450 of 8450 cells differ; first at 0 got 348.1338/0x0x43ae1120 want 316.66284/0x0x439e54d8
   !! int8 tuned planted odd-windows 65x130x161 staged.w32x32.b128x128.k64.l16 (tuned vs oracle): 8450 of 8450 cells differ; first at 0 got 348.1338/0x0x43ae1120 want 316.66284/0x0x439e54d8
   !! int8 tuned planted odd-windows 65x130x161 staged.w16x32.b128x128.k64.l16 (tuned vs oracle): 8450 of 8450 cells differ; first at 0 got 348.1338/0x0x43ae1120 want 316.66284/0x0x439e54d8
   !! int8 tuned planted odd-windows 65x130x161 staged.w32x32.b256x64.k64.l16 (tuned vs oracle): 8450 of 8450 cells differ; first at 0 got 348.1338/0x0x43ae1120 want 316.66284/0x0x439e54d8
   !! int8 tuned planted odd-windows 65x130x161 staged.w32x32.b512x32.k64.l16 (tuned vs oracle): 8450 of 8450 cells differ; first at 0 got 348.1338/0x0x43ae1120 want 316.66284/0x0x439e54d8
   !! int8 tuned planted odd-windows 65x130x161 staged.w32x16.b512x16.k64.l16 (tuned vs oracle): 8450 of 8450 cells differ; first at 0 got 348.1338/0x0x43ae1120 want 316.66284/0x0x439e54d8
   !! int8 tuned planted checkerboard 65x130x161 staged.w16x16.b32x32.k32.l4 (tuned vs oracle): 8450 of 8450 cells differ; first at 0 got -372.11682/0x0xc3ba0ef4 want -316.9884/0x0xc39e7e84
   !! int8 tuned planted checkerboard 65x130x161 staged.w32x32.b64x64.k32.l4 (tuned vs oracle): 8450 of 8450 cells differ; first at 0 got -372.11682/0x0xc3ba0ef4 want -316.9884/0x0xc39e7e84
   !! int8 tuned planted checkerboard 65x130x161 staged.w64x64.b128x128.k32.l4 (tuned vs oracle): 8450 of 8450 cells differ; first at 0 got -372.11682/0x0xc3ba0ef4 want -316.9884/0x0xc39e7e84
   !! int8 tuned planted checkerboard 65x130x161 staged.w64x64.b128x256.k32.l4 (tuned vs oracle): 8450 of 8450 cells differ; first at 0 got -372.11682/0x0xc3ba0ef4 want -316.9884/0x0xc39e7e84
   !! int8 tuned planted checkerboard 65x130x161 staged.w64x64.b128x128.k32.l16 (tuned vs oracle): 8450 of 8450 cells differ; first at 0 got -348.49036/0x0xc3ae3ec4 want -316.9884/0x0xc39e7e84
   !! int8 tuned planted checkerboard 65x130x161 staged.w64x64.b128x128.k64.l16 (tuned vs oracle): 8450 of 8450 cells differ; first at 0 got -348.49036/0x0xc3ae3ec4 want -316.9884/0x0xc39e7e84
   !! int8 tuned planted checkerboard 65x130x161 staged.w64x64.b128x128.k128.l16 (tuned vs oracle): 8450 of 8450 cells differ; first at 0 got -348.49036/0x0xc3ae3ec4 want -316.9884/0x0xc39e7e84
   !! int8 tuned planted checkerboard 65x130x161 staged.w64x64.b128x256.k64.l16 (tuned vs oracle): 8450 of 8450 cells differ; first at 0 got -348.49036/0x0xc3ae3ec4 want -316.9884/0x0xc39e7e84
   !! int8 tuned planted checkerboard 65x130x161 staged.w16x64.b16x256.k64.l16 (tuned vs oracle): 8450 of 8450 cells differ; first at 0 got -348.49036/0x0xc3ae3ec4 want -316.9884/0x0xc39e7e84
   !! int8 tuned planted checkerboard 65x130x161 staged.w16x16.b32x32.k64.l16 (tuned vs oracle): 8450 of 8450 cells differ; first at 0 got -348.49036/0x0xc3ae3ec4 want -316.9884/0x0xc39e7e84
   !! int8 tuned planted checkerboard 65x130x161 staged.w32x32.b64x64.k64.l16 (tuned vs oracle): 8450 of 8450 cells differ; first at 0 got -348.49036/0x0xc3ae3ec4 want -316.9884/0x0xc39e7e84
   !! int8 tuned planted checkerboard 65x130x161 staged.w32x32.b128x128.k64.l16 (tuned vs oracle): 8450 of 8450 cells differ; first at 0 got -348.49036/0x0xc3ae3ec4 want -316.9884/0x0xc39e7e84
   !! int8 tuned planted checkerboard 65x130x161 staged.w16x32.b128x128.k64.l16 (tuned vs oracle): 8450 of 8450 cells differ; first at 0 got -348.49036/0x0xc3ae3ec4 want -316.9884/0x0xc39e7e84
   !! int8 tuned planted checkerboard 65x130x161 staged.w32x32.b256x64.k64.l16 (tuned vs oracle): 8450 of 8450 cells differ; first at 0 got -348.49036/0x0xc3ae3ec4 want -316.9884/0x0xc39e7e84
   !! int8 tuned planted checkerboard 65x130x161 staged.w32x32.b512x32.k64.l16 (tuned vs oracle): 8450 of 8450 cells differ; first at 0 got -348.49036/0x0xc3ae3ec4 want -316.9884/0x0xc39e7e84
   !! int8 tuned planted checkerboard 65x130x161 staged.w32x16.b512x16.k64.l16 (tuned vs oracle): 8450 of 8450 cells differ; first at 0 got -348.49036/0x0xc3ae3ec4 want -316.9884/0x0xc39e7e84
   !! int8 tuned planted zero-rows 65x130x161 staged.w16x16.b32x32.k32.l4 (tuned vs oracle): 4472 of 8450 cells differ; first at 0 got -372.11682/0x0xc3ba0ef4 want -316.9884/0x0xc39e7e84
   !! int8 tuned planted zero-rows 65x130x161 staged.w32x32.b64x64.k32.l4 (tuned vs oracle): 4472 of 8450 cells differ; first at 0 got -372.11682/0x0xc3ba0ef4 want -316.9884/0x0xc39e7e84
   !! int8 tuned planted zero-rows 65x130x161 staged.w64x64.b128x128.k32.l4 (tuned vs oracle): 4472 of 8450 cells differ; first at 0 got -372.11682/0x0xc3ba0ef4 want -316.9884/0x0xc39e7e84
   !! int8 tuned planted zero-rows 65x130x161 staged.w64x64.b128x256.k32.l4 (tuned vs oracle): 4472 of 8450 cells differ; first at 0 got -372.11682/0x0xc3ba0ef4 want -316.9884/0x0xc39e7e84
   !! int8 tuned planted zero-rows 65x130x161 staged.w64x64.b128x128.k32.l16 (tuned vs oracle): 4472 of 8450 cells differ; first at 0 got -348.49036/0x0xc3ae3ec4 want -316.9884/0x0xc39e7e84
   !! int8 tuned planted zero-rows 65x130x161 staged.w64x64.b128x128.k64.l16 (tuned vs oracle): 4472 of 8450 cells differ; first at 0 got -348.49036/0x0xc3ae3ec4 want -316.9884/0x0xc39e7e84
   !! int8 tuned planted zero-rows 65x130x161 staged.w64x64.b128x128.k128.l16 (tuned vs oracle): 4472 of 8450 cells differ; first at 0 got -348.49036/0x0xc3ae3ec4 want -316.9884/0x0xc39e7e84
   !! int8 tuned planted zero-rows 65x130x161 staged.w64x64.b128x256.k64.l16 (tuned vs oracle): 4472 of 8450 cells differ; first at 0 got -348.49036/0x0xc3ae3ec4 want -316.9884/0x0xc39e7e84
   !! int8 tuned planted zero-rows 65x130x161 staged.w16x64.b16x256.k64.l16 (tuned vs oracle): 4472 of 8450 cells differ; first at 0 got -348.49036/0x0xc3ae3ec4 want -316.9884/0x0xc39e7e84
   !! int8 tuned planted zero-rows 65x130x161 staged.w16x16.b32x32.k64.l16 (tuned vs oracle): 4472 of 8450 cells differ; first at 0 got -348.49036/0x0xc3ae3ec4 want -316.9884/0x0xc39e7e84
   !! int8 tuned planted zero-rows 65x130x161 staged.w32x32.b64x64.k64.l16 (tuned vs oracle): 4472 of 8450 cells differ; first at 0 got -348.49036/0x0xc3ae3ec4 want -316.9884/0x0xc39e7e84
   !! int8 tuned planted zero-rows 65x130x161 staged.w32x32.b128x128.k64.l16 (tuned vs oracle): 4472 of 8450 cells differ; first at 0 got -348.49036/0x0xc3ae3ec4 want -316.9884/0x0xc39e7e84
   !! int8 tuned planted zero-rows 65x130x161 staged.w16x32.b128x128.k64.l16 (tuned vs oracle): 4472 of 8450 cells differ; first at 0 got -348.49036/0x0xc3ae3ec4 want -316.9884/0x0xc39e7e84
   !! int8 tuned planted zero-rows 65x130x161 staged.w32x32.b256x64.k64.l16 (tuned vs oracle): 4472 of 8450 cells differ; first at 0 got -348.49036/0x0xc3ae3ec4 want -316.9884/0x0xc39e7e84
   !! int8 tuned planted zero-rows 65x130x161 staged.w32x32.b512x32.k64.l16 (tuned vs oracle): 4472 of 8450 cells differ; first at 0 got -348.49036/0x0xc3ae3ec4 want -316.9884/0x0xc39e7e84
   !! int8 tuned planted zero-rows 65x130x161 staged.w32x16.b512x16.k64.l16 (tuned vs oracle): 4472 of 8450 cells differ; first at 0 got -348.49036/0x0xc3ae3ec4 want -316.9884/0x0xc39e7e84
   ok int8 tuned planted lone-last-step 65x130x161
   !! int8 tuned planted all-positive 17x33x4100 staged.w16x16.b32x32.k32.l4 (tuned vs oracle): 561 of 561 cells differ; first at 0 got 8127.504/0x0x45fdfc08 want 8072.3755/0x0x45fc4301
   !! int8 tuned planted all-positive 17x33x4100 staged.w32x32.b64x64.k32.l4 (tuned vs oracle): 561 of 561 cells differ; first at 0 got 8127.504/0x0x45fdfc08 want 8072.3755/0x0x45fc4301
   !! int8 tuned planted all-positive 17x33x4100 staged.w64x64.b128x128.k32.l4 (tuned vs oracle): 561 of 561 cells differ; first at 0 got 8127.504/0x0x45fdfc08 want 8072.3755/0x0x45fc4301
   !! int8 tuned planted all-positive 17x33x4100 staged.w64x64.b128x256.k32.l4 (tuned vs oracle): 561 of 561 cells differ; first at 0 got 8127.504/0x0x45fdfc08 want 8072.3755/0x0x45fc4301
   !! int8 tuned planted all-positive 17x33x4100 staged.w64x64.b128x128.k32.l16 (tuned vs oracle): 561 of 561 cells differ; first at 0 got 8103.8774/0x0x45fd3f05 want 8072.3755/0x0x45fc4301
   !! int8 tuned planted all-positive 17x33x4100 staged.w64x64.b128x128.k64.l16 (tuned vs oracle): 561 of 561 cells differ; first at 0 got 8103.8774/0x0x45fd3f05 want 8072.3755/0x0x45fc4301
   !! int8 tuned planted all-positive 17x33x4100 staged.w64x64.b128x128.k128.l16 (tuned vs oracle): 561 of 561 cells differ; first at 0 got 8103.8774/0x0x45fd3f05 want 8072.3755/0x0x45fc4301
   !! int8 tuned planted all-positive 17x33x4100 staged.w64x64.b128x256.k64.l16 (tuned vs oracle): 561 of 561 cells differ; first at 0 got 8103.8774/0x0x45fd3f05 want 8072.3755/0x0x45fc4301
   !! int8 tuned planted all-positive 17x33x4100 staged.w16x64.b16x256.k64.l16 (tuned vs oracle): 561 of 561 cells differ; first at 0 got 8103.8774/0x0x45fd3f05 want 8072.3755/0x0x45fc4301
   !! int8 tuned planted all-positive 17x33x4100 staged.w16x16.b32x32.k64.l16 (tuned vs oracle): 561 of 561 cells differ; first at 0 got 8103.8774/0x0x45fd3f05 want 8072.3755/0x0x45fc4301
   !! int8 tuned planted all-positive 17x33x4100 staged.w32x32.b64x64.k64.l16 (tuned vs oracle): 561 of 561 cells differ; first at 0 got 8103.8774/0x0x45fd3f05 want 8072.3755/0x0x45fc4301
   !! int8 tuned planted all-positive 17x33x4100 staged.w32x32.b128x128.k64.l16 (tuned vs oracle): 561 of 561 cells differ; first at 0 got 8103.8774/0x0x45fd3f05 want 8072.3755/0x0x45fc4301
   !! int8 tuned planted all-positive 17x33x4100 staged.w16x32.b128x128.k64.l16 (tuned vs oracle): 561 of 561 cells differ; first at 0 got 8103.8774/0x0x45fd3f05 want 8072.3755/0x0x45fc4301
   !! int8 tuned planted all-positive 17x33x4100 staged.w32x32.b256x64.k64.l16 (tuned vs oracle): 561 of 561 cells differ; first at 0 got 8103.8774/0x0x45fd3f05 want 8072.3755/0x0x45fc4301
   !! int8 tuned planted all-positive 17x33x4100 staged.w32x32.b512x32.k64.l16 (tuned vs oracle): 561 of 561 cells differ; first at 0 got 8103.8774/0x0x45fd3f05 want 8072.3755/0x0x45fc4301
   !! int8 tuned planted all-positive 17x33x4100 staged.w32x16.b512x16.k64.l16 (tuned vs oracle): 561 of 561 cells differ; first at 0 got 8103.8774/0x0x45fd3f05 want 8072.3755/0x0x45fc4301
   !! int8 tuned planted all-negative 17x33x4100 staged.w16x16.b32x32.k32.l4 (tuned vs oracle): 561 of 561 cells differ; first at 0 got -8127.504/0x0xc5fdfc08 want -8072.3755/0x0xc5fc4301
   !! int8 tuned planted all-negative 17x33x4100 staged.w32x32.b64x64.k32.l4 (tuned vs oracle): 561 of 561 cells differ; first at 0 got -8127.504/0x0xc5fdfc08 want -8072.3755/0x0xc5fc4301
   !! int8 tuned planted all-negative 17x33x4100 staged.w64x64.b128x128.k32.l4 (tuned vs oracle): 561 of 561 cells differ; first at 0 got -8127.504/0x0xc5fdfc08 want -8072.3755/0x0xc5fc4301
   !! int8 tuned planted all-negative 17x33x4100 staged.w64x64.b128x256.k32.l4 (tuned vs oracle): 561 of 561 cells differ; first at 0 got -8127.504/0x0xc5fdfc08 want -8072.3755/0x0xc5fc4301
   !! int8 tuned planted all-negative 17x33x4100 staged.w64x64.b128x128.k32.l16 (tuned vs oracle): 561 of 561 cells differ; first at 0 got -8103.8774/0x0xc5fd3f05 want -8072.3755/0x0xc5fc4301
   !! int8 tuned planted all-negative 17x33x4100 staged.w64x64.b128x128.k64.l16 (tuned vs oracle): 561 of 561 cells differ; first at 0 got -8103.8774/0x0xc5fd3f05 want -8072.3755/0x0xc5fc4301
   !! int8 tuned planted all-negative 17x33x4100 staged.w64x64.b128x128.k128.l16 (tuned vs oracle): 561 of 561 cells differ; first at 0 got -8103.8774/0x0xc5fd3f05 want -8072.3755/0x0xc5fc4301
   !! int8 tuned planted all-negative 17x33x4100 staged.w64x64.b128x256.k64.l16 (tuned vs oracle): 561 of 561 cells differ; first at 0 got -8103.8774/0x0xc5fd3f05 want -8072.3755/0x0xc5fc4301
   !! int8 tuned planted all-negative 17x33x4100 staged.w16x64.b16x256.k64.l16 (tuned vs oracle): 561 of 561 cells differ; first at 0 got -8103.8774/0x0xc5fd3f05 want -8072.3755/0x0xc5fc4301
   !! int8 tuned planted all-negative 17x33x4100 staged.w16x16.b32x32.k64.l16 (tuned vs oracle): 561 of 561 cells differ; first at 0 got -8103.8774/0x0xc5fd3f05 want -8072.3755/0x0xc5fc4301
   !! int8 tuned planted all-negative 17x33x4100 staged.w32x32.b64x64.k64.l16 (tuned vs oracle): 561 of 561 cells differ; first at 0 got -8103.8774/0x0xc5fd3f05 want -8072.3755/0x0xc5fc4301
   !! int8 tuned planted all-negative 17x33x4100 staged.w32x32.b128x128.k64.l16 (tuned vs oracle): 561 of 561 cells differ; first at 0 got -8103.8774/0x0xc5fd3f05 want -8072.3755/0x0xc5fc4301
   !! int8 tuned planted all-negative 17x33x4100 staged.w16x32.b128x128.k64.l16 (tuned vs oracle): 561 of 561 cells differ; first at 0 got -8103.8774/0x0xc5fd3f05 want -8072.3755/0x0xc5fc4301
   !! int8 tuned planted all-negative 17x33x4100 staged.w32x32.b256x64.k64.l16 (tuned vs oracle): 561 of 561 cells differ; first at 0 got -8103.8774/0x0xc5fd3f05 want -8072.3755/0x0xc5fc4301
   !! int8 tuned planted all-negative 17x33x4100 staged.w32x32.b512x32.k64.l16 (tuned vs oracle): 561 of 561 cells differ; first at 0 got -8103.8774/0x0xc5fd3f05 want -8072.3755/0x0xc5fc4301
   !! int8 tuned planted all-negative 17x33x4100 staged.w32x16.b512x16.k64.l16 (tuned vs oracle): 561 of 561 cells differ; first at 0 got -8103.8774/0x0xc5fd3f05 want -8072.3755/0x0xc5fc4301
   !! int8 tuned planted cancel-halves 17x33x4100 staged.w16x16.b32x32.k32.l4 (tuned vs oracle): 561 of 561 cells differ; first at 0 got -55.128418/0x0xc25c8380 want 0.0/0x0x0
   !! int8 tuned planted cancel-halves 17x33x4100 staged.w32x32.b64x64.k32.l4 (tuned vs oracle): 561 of 561 cells differ; first at 0 got -55.128418/0x0xc25c8380 want 0.0/0x0x0
   !! int8 tuned planted cancel-halves 17x33x4100 staged.w64x64.b128x128.k32.l4 (tuned vs oracle): 561 of 561 cells differ; first at 0 got -55.128418/0x0xc25c8380 want 0.0/0x0x0
   !! int8 tuned planted cancel-halves 17x33x4100 staged.w64x64.b128x256.k32.l4 (tuned vs oracle): 561 of 561 cells differ; first at 0 got -55.128418/0x0xc25c8380 want 0.0/0x0x0
   !! int8 tuned planted cancel-halves 17x33x4100 staged.w64x64.b128x128.k32.l16 (tuned vs oracle): 561 of 561 cells differ; first at 0 got -31.501953/0x0xc1fc0400 want 0.0/0x0x0
   !! int8 tuned planted cancel-halves 17x33x4100 staged.w64x64.b128x128.k64.l16 (tuned vs oracle): 561 of 561 cells differ; first at 0 got -31.501953/0x0xc1fc0400 want 0.0/0x0x0
   !! int8 tuned planted cancel-halves 17x33x4100 staged.w64x64.b128x128.k128.l16 (tuned vs oracle): 561 of 561 cells differ; first at 0 got -31.501953/0x0xc1fc0400 want 0.0/0x0x0
   !! int8 tuned planted cancel-halves 17x33x4100 staged.w64x64.b128x256.k64.l16 (tuned vs oracle): 561 of 561 cells differ; first at 0 got -31.501953/0x0xc1fc0400 want 0.0/0x0x0
   !! int8 tuned planted cancel-halves 17x33x4100 staged.w16x64.b16x256.k64.l16 (tuned vs oracle): 561 of 561 cells differ; first at 0 got -31.501953/0x0xc1fc0400 want 0.0/0x0x0
   !! int8 tuned planted cancel-halves 17x33x4100 staged.w16x16.b32x32.k64.l16 (tuned vs oracle): 561 of 561 cells differ; first at 0 got -31.501953/0x0xc1fc0400 want 0.0/0x0x0
   !! int8 tuned planted cancel-halves 17x33x4100 staged.w32x32.b64x64.k64.l16 (tuned vs oracle): 561 of 561 cells differ; first at 0 got -31.501953/0x0xc1fc0400 want 0.0/0x0x0
   !! int8 tuned planted cancel-halves 17x33x4100 staged.w32x32.b128x128.k64.l16 (tuned vs oracle): 561 of 561 cells differ; first at 0 got -31.501953/0x0xc1fc0400 want 0.0/0x0x0
   !! int8 tuned planted cancel-halves 17x33x4100 staged.w16x32.b128x128.k64.l16 (tuned vs oracle): 561 of 561 cells differ; first at 0 got -31.501953/0x0xc1fc0400 want 0.0/0x0x0
   !! int8 tuned planted cancel-halves 17x33x4100 staged.w32x32.b256x64.k64.l16 (tuned vs oracle): 561 of 561 cells differ; first at 0 got -31.501953/0x0xc1fc0400 want 0.0/0x0x0
   !! int8 tuned planted cancel-halves 17x33x4100 staged.w32x32.b512x32.k64.l16 (tuned vs oracle): 561 of 561 cells differ; first at 0 got -31.501953/0x0xc1fc0400 want 0.0/0x0x0
   !! int8 tuned planted cancel-halves 17x33x4100 staged.w32x16.b512x16.k64.l16 (tuned vs oracle): 561 of 561 cells differ; first at 0 got -31.501953/0x0xc1fc0400 want 0.0/0x0x0
   !! int8 tuned planted odd-windows 17x33x4100 staged.w16x16.b32x32.k32.l4 (tuned vs oracle): 561 of 561 cells differ; first at 0 got 8119.5044/0x0x45fdbc09 want 8064.4224/0x0x45fc0361
   !! int8 tuned planted odd-windows 17x33x4100 staged.w32x32.b64x64.k32.l4 (tuned vs oracle): 561 of 561 cells differ; first at 0 got 8119.5044/0x0x45fdbc09 want 8064.4224/0x0x45fc0361
   !! int8 tuned planted odd-windows 17x33x4100 staged.w64x64.b128x128.k32.l4 (tuned vs oracle): 561 of 561 cells differ; first at 0 got 8119.5044/0x0x45fdbc09 want 8064.4224/0x0x45fc0361
   !! int8 tuned planted odd-windows 17x33x4100 staged.w64x64.b128x256.k32.l4 (tuned vs oracle): 561 of 561 cells differ; first at 0 got 8119.5044/0x0x45fdbc09 want 8064.4224/0x0x45fc0361
   !! int8 tuned planted odd-windows 17x33x4100 staged.w64x64.b128x128.k32.l16 (tuned vs oracle): 561 of 561 cells differ; first at 0 got 8095.8935/0x0x45fcff26 want 8064.4224/0x0x45fc0361
   !! int8 tuned planted odd-windows 17x33x4100 staged.w64x64.b128x128.k64.l16 (tuned vs oracle): 561 of 561 cells differ; first at 0 got 8095.8935/0x0x45fcff26 want 8064.4224/0x0x45fc0361
   !! int8 tuned planted odd-windows 17x33x4100 staged.w64x64.b128x128.k128.l16 (tuned vs oracle): 561 of 561 cells differ; first at 0 got 8095.8935/0x0x45fcff26 want 8064.4224/0x0x45fc0361
   !! int8 tuned planted odd-windows 17x33x4100 staged.w64x64.b128x256.k64.l16 (tuned vs oracle): 561 of 561 cells differ; first at 0 got 8095.8935/0x0x45fcff26 want 8064.4224/0x0x45fc0361
   !! int8 tuned planted odd-windows 17x33x4100 staged.w16x64.b16x256.k64.l16 (tuned vs oracle): 561 of 561 cells differ; first at 0 got 8095.8935/0x0x45fcff26 want 8064.4224/0x0x45fc0361
   !! int8 tuned planted odd-windows 17x33x4100 staged.w16x16.b32x32.k64.l16 (tuned vs oracle): 561 of 561 cells differ; first at 0 got 8095.8935/0x0x45fcff26 want 8064.4224/0x0x45fc0361
   !! int8 tuned planted odd-windows 17x33x4100 staged.w32x32.b64x64.k64.l16 (tuned vs oracle): 561 of 561 cells differ; first at 0 got 8095.8935/0x0x45fcff26 want 8064.4224/0x0x45fc0361
   !! int8 tuned planted odd-windows 17x33x4100 staged.w32x32.b128x128.k64.l16 (tuned vs oracle): 561 of 561 cells differ; first at 0 got 8095.8935/0x0x45fcff26 want 8064.4224/0x0x45fc0361
   !! int8 tuned planted odd-windows 17x33x4100 staged.w16x32.b128x128.k64.l16 (tuned vs oracle): 561 of 561 cells differ; first at 0 got 8095.8935/0x0x45fcff26 want 8064.4224/0x0x45fc0361
   !! int8 tuned planted odd-windows 17x33x4100 staged.w32x32.b256x64.k64.l16 (tuned vs oracle): 561 of 561 cells differ; first at 0 got 8095.8935/0x0x45fcff26 want 8064.4224/0x0x45fc0361
   !! int8 tuned planted odd-windows 17x33x4100 staged.w32x32.b512x32.k64.l16 (tuned vs oracle): 561 of 561 cells differ; first at 0 got 8095.8935/0x0x45fcff26 want 8064.4224/0x0x45fc0361
   !! int8 tuned planted odd-windows 17x33x4100 staged.w32x16.b512x16.k64.l16 (tuned vs oracle): 561 of 561 cells differ; first at 0 got 8095.8935/0x0x45fcff26 want 8064.4224/0x0x45fc0361
   !! int8 tuned planted checkerboard 17x33x4100 staged.w16x16.b32x32.k32.l4 (tuned vs oracle): 561 of 561 cells differ; first at 0 got -8127.504/0x0xc5fdfc08 want -8072.3755/0x0xc5fc4301
   !! int8 tuned planted checkerboard 17x33x4100 staged.w32x32.b64x64.k32.l4 (tuned vs oracle): 561 of 561 cells differ; first at 0 got -8127.504/0x0xc5fdfc08 want -8072.3755/0x0xc5fc4301
   !! int8 tuned planted checkerboard 17x33x4100 staged.w64x64.b128x128.k32.l4 (tuned vs oracle): 561 of 561 cells differ; first at 0 got -8127.504/0x0xc5fdfc08 want -8072.3755/0x0xc5fc4301
   !! int8 tuned planted checkerboard 17x33x4100 staged.w64x64.b128x256.k32.l4 (tuned vs oracle): 561 of 561 cells differ; first at 0 got -8127.504/0x0xc5fdfc08 want -8072.3755/0x0xc5fc4301
   !! int8 tuned planted checkerboard 17x33x4100 staged.w64x64.b128x128.k32.l16 (tuned vs oracle): 561 of 561 cells differ; first at 0 got -8103.8774/0x0xc5fd3f05 want -8072.3755/0x0xc5fc4301
   !! int8 tuned planted checkerboard 17x33x4100 staged.w64x64.b128x128.k64.l16 (tuned vs oracle): 561 of 561 cells differ; first at 0 got -8103.8774/0x0xc5fd3f05 want -8072.3755/0x0xc5fc4301
   !! int8 tuned planted checkerboard 17x33x4100 staged.w64x64.b128x128.k128.l16 (tuned vs oracle): 561 of 561 cells differ; first at 0 got -8103.8774/0x0xc5fd3f05 want -8072.3755/0x0xc5fc4301
   !! int8 tuned planted checkerboard 17x33x4100 staged.w64x64.b128x256.k64.l16 (tuned vs oracle): 561 of 561 cells differ; first at 0 got -8103.8774/0x0xc5fd3f05 want -8072.3755/0x0xc5fc4301
   !! int8 tuned planted checkerboard 17x33x4100 staged.w16x64.b16x256.k64.l16 (tuned vs oracle): 561 of 561 cells differ; first at 0 got -8103.8774/0x0xc5fd3f05 want -8072.3755/0x0xc5fc4301
   !! int8 tuned planted checkerboard 17x33x4100 staged.w16x16.b32x32.k64.l16 (tuned vs oracle): 561 of 561 cells differ; first at 0 got -8103.8774/0x0xc5fd3f05 want -8072.3755/0x0xc5fc4301
   !! int8 tuned planted checkerboard 17x33x4100 staged.w32x32.b64x64.k64.l16 (tuned vs oracle): 561 of 561 cells differ; first at 0 got -8103.8774/0x0xc5fd3f05 want -8072.3755/0x0xc5fc4301
   !! int8 tuned planted checkerboard 17x33x4100 staged.w32x32.b128x128.k64.l16 (tuned vs oracle): 561 of 561 cells differ; first at 0 got -8103.8774/0x0xc5fd3f05 want -8072.3755/0x0xc5fc4301
   !! int8 tuned planted checkerboard 17x33x4100 staged.w16x32.b128x128.k64.l16 (tuned vs oracle): 561 of 561 cells differ; first at 0 got -8103.8774/0x0xc5fd3f05 want -8072.3755/0x0xc5fc4301
   !! int8 tuned planted checkerboard 17x33x4100 staged.w32x32.b256x64.k64.l16 (tuned vs oracle): 561 of 561 cells differ; first at 0 got -8103.8774/0x0xc5fd3f05 want -8072.3755/0x0xc5fc4301
   !! int8 tuned planted checkerboard 17x33x4100 staged.w32x32.b512x32.k64.l16 (tuned vs oracle): 561 of 561 cells differ; first at 0 got -8103.8774/0x0xc5fd3f05 want -8072.3755/0x0xc5fc4301
   !! int8 tuned planted checkerboard 17x33x4100 staged.w32x16.b512x16.k64.l16 (tuned vs oracle): 561 of 561 cells differ; first at 0 got -8103.8774/0x0xc5fd3f05 want -8072.3755/0x0xc5fc4301
   !! int8 tuned planted zero-rows 17x33x4100 staged.w16x16.b32x32.k32.l4 (tuned vs oracle): 286 of 561 cells differ; first at 0 got -8127.504/0x0xc5fdfc08 want -8072.3755/0x0xc5fc4301
   !! int8 tuned planted zero-rows 17x33x4100 staged.w32x32.b64x64.k32.l4 (tuned vs oracle): 286 of 561 cells differ; first at 0 got -8127.504/0x0xc5fdfc08 want -8072.3755/0x0xc5fc4301
   !! int8 tuned planted zero-rows 17x33x4100 staged.w64x64.b128x128.k32.l4 (tuned vs oracle): 286 of 561 cells differ; first at 0 got -8127.504/0x0xc5fdfc08 want -8072.3755/0x0xc5fc4301
   !! int8 tuned planted zero-rows 17x33x4100 staged.w64x64.b128x256.k32.l4 (tuned vs oracle): 286 of 561 cells differ; first at 0 got -8127.504/0x0xc5fdfc08 want -8072.3755/0x0xc5fc4301
   !! int8 tuned planted zero-rows 17x33x4100 staged.w64x64.b128x128.k32.l16 (tuned vs oracle): 286 of 561 cells differ; first at 0 got -8103.8774/0x0xc5fd3f05 want -8072.3755/0x0xc5fc4301
   !! int8 tuned planted zero-rows 17x33x4100 staged.w64x64.b128x128.k64.l16 (tuned vs oracle): 286 of 561 cells differ; first at 0 got -8103.8774/0x0xc5fd3f05 want -8072.3755/0x0xc5fc4301
   !! int8 tuned planted zero-rows 17x33x4100 staged.w64x64.b128x128.k128.l16 (tuned vs oracle): 286 of 561 cells differ; first at 0 got -8103.8774/0x0xc5fd3f05 want -8072.3755/0x0xc5fc4301
   !! int8 tuned planted zero-rows 17x33x4100 staged.w64x64.b128x256.k64.l16 (tuned vs oracle): 286 of 561 cells differ; first at 0 got -8103.8774/0x0xc5fd3f05 want -8072.3755/0x0xc5fc4301
   !! int8 tuned planted zero-rows 17x33x4100 staged.w16x64.b16x256.k64.l16 (tuned vs oracle): 286 of 561 cells differ; first at 0 got -8103.8774/0x0xc5fd3f05 want -8072.3755/0x0xc5fc4301
   !! int8 tuned planted zero-rows 17x33x4100 staged.w16x16.b32x32.k64.l16 (tuned vs oracle): 286 of 561 cells differ; first at 0 got -8103.8774/0x0xc5fd3f05 want -8072.3755/0x0xc5fc4301
   !! int8 tuned planted zero-rows 17x33x4100 staged.w32x32.b64x64.k64.l16 (tuned vs oracle): 286 of 561 cells differ; first at 0 got -8103.8774/0x0xc5fd3f05 want -8072.3755/0x0xc5fc4301
   !! int8 tuned planted zero-rows 17x33x4100 staged.w32x32.b128x128.k64.l16 (tuned vs oracle): 286 of 561 cells differ; first at 0 got -8103.8774/0x0xc5fd3f05 want -8072.3755/0x0xc5fc4301
   !! int8 tuned planted zero-rows 17x33x4100 staged.w16x32.b128x128.k64.l16 (tuned vs oracle): 286 of 561 cells differ; first at 0 got -8103.8774/0x0xc5fd3f05 want -8072.3755/0x0xc5fc4301
   !! int8 tuned planted zero-rows 17x33x4100 staged.w32x32.b256x64.k64.l16 (tuned vs oracle): 286 of 561 cells differ; first at 0 got -8103.8774/0x0xc5fd3f05 want -8072.3755/0x0xc5fc4301
   !! int8 tuned planted zero-rows 17x33x4100 staged.w32x32.b512x32.k64.l16 (tuned vs oracle): 286 of 561 cells differ; first at 0 got -8103.8774/0x0xc5fd3f05 want -8072.3755/0x0xc5fc4301
   !! int8 tuned planted zero-rows 17x33x4100 staged.w32x16.b512x16.k64.l16 (tuned vs oracle): 286 of 561 cells differ; first at 0 got -8103.8774/0x0xc5fd3f05 want -8072.3755/0x0xc5fc4301
   ok int8 tuned planted lone-last-step 17x33x4100
   !! int8 tuned planted all-positive 3x300x4112 staged.w16x16.b32x32.k32.l4 (tuned vs oracle): 900 of 900 cells differ; first at 0 got 8127.504/0x0x45fdfc08 want 8096.002/0x0x45fd0004
   !! int8 tuned planted all-positive 3x300x4112 staged.w32x32.b64x64.k32.l4 (tuned vs oracle): 900 of 900 cells differ; first at 0 got 8127.504/0x0x45fdfc08 want 8096.002/0x0x45fd0004
   !! int8 tuned planted all-positive 3x300x4112 staged.w64x64.b128x128.k32.l4 (tuned vs oracle): 900 of 900 cells differ; first at 0 got 8127.504/0x0x45fdfc08 want 8096.002/0x0x45fd0004
   !! int8 tuned planted all-positive 3x300x4112 staged.w64x64.b128x256.k32.l4 (tuned vs oracle): 900 of 900 cells differ; first at 0 got 8127.504/0x0x45fdfc08 want 8096.002/0x0x45fd0004
   !! int8 tuned planted all-positive 3x300x4112 staged.w64x64.b128x128.k32.l16 (tuned vs oracle): 900 of 900 cells differ; first at 0 got 8127.504/0x0x45fdfc08 want 8096.002/0x0x45fd0004
   !! int8 tuned planted all-positive 3x300x4112 staged.w64x64.b128x128.k64.l16 (tuned vs oracle): 900 of 900 cells differ; first at 0 got 8127.504/0x0x45fdfc08 want 8096.002/0x0x45fd0004
   !! int8 tuned planted all-positive 3x300x4112 staged.w64x64.b128x128.k128.l16 (tuned vs oracle): 900 of 900 cells differ; first at 0 got 8127.504/0x0x45fdfc08 want 8096.002/0x0x45fd0004
   !! int8 tuned planted all-positive 3x300x4112 staged.w64x64.b128x256.k64.l16 (tuned vs oracle): 900 of 900 cells differ; first at 0 got 8127.504/0x0x45fdfc08 want 8096.002/0x0x45fd0004
   !! int8 tuned planted all-positive 3x300x4112 staged.w16x64.b16x256.k64.l16 (tuned vs oracle): 900 of 900 cells differ; first at 0 got 8127.504/0x0x45fdfc08 want 8096.002/0x0x45fd0004
   !! int8 tuned planted all-positive 3x300x4112 staged.w16x16.b32x32.k64.l16 (tuned vs oracle): 900 of 900 cells differ; first at 0 got 8127.504/0x0x45fdfc08 want 8096.002/0x0x45fd0004
   !! int8 tuned planted all-positive 3x300x4112 staged.w32x32.b64x64.k64.l16 (tuned vs oracle): 900 of 900 cells differ; first at 0 got 8127.504/0x0x45fdfc08 want 8096.002/0x0x45fd0004
   !! int8 tuned planted all-positive 3x300x4112 staged.w32x32.b128x128.k64.l16 (tuned vs oracle): 900 of 900 cells differ; first at 0 got 8127.504/0x0x45fdfc08 want 8096.002/0x0x45fd0004
   !! int8 tuned planted all-positive 3x300x4112 staged.w16x32.b128x128.k64.l16 (tuned vs oracle): 900 of 900 cells differ; first at 0 got 8127.504/0x0x45fdfc08 want 8096.002/0x0x45fd0004
   !! int8 tuned planted all-positive 3x300x4112 staged.w32x32.b256x64.k64.l16 (tuned vs oracle): 900 of 900 cells differ; first at 0 got 8127.504/0x0x45fdfc08 want 8096.002/0x0x45fd0004
   !! int8 tuned planted all-positive 3x300x4112 staged.w32x32.b512x32.k64.l16 (tuned vs oracle): 900 of 900 cells differ; first at 0 got 8127.504/0x0x45fdfc08 want 8096.002/0x0x45fd0004
   !! int8 tuned planted all-positive 3x300x4112 staged.w32x16.b512x16.k64.l16 (tuned vs oracle): 900 of 900 cells differ; first at 0 got 8127.504/0x0x45fdfc08 want 8096.002/0x0x45fd0004
   !! int8 tuned planted all-positive 3x300x4112 decode.n16.w4.c64 (decode vs oracle): 598 of 900 cells differ; first at 0 got 8190.508/0x0x45fff410 want 8096.002/0x0x45fd0004
   !! int8 tuned planted all-positive 3x300x4112 decode.n16.w8.c64 (decode vs oracle): 598 of 900 cells differ; first at 0 got 8190.508/0x0x45fff410 want 8096.002/0x0x45fd0004
   !! int8 tuned planted all-positive 3x300x4112 decode.n16.w16.c64 (decode vs oracle): 598 of 900 cells differ; first at 0 got 8190.508/0x0x45fff410 want 8096.002/0x0x45fd0004
   !! int8 tuned planted all-negative 3x300x4112 staged.w16x16.b32x32.k32.l4 (tuned vs oracle): 900 of 900 cells differ; first at 0 got -8127.504/0x0xc5fdfc08 want -8096.002/0x0xc5fd0004
   !! int8 tuned planted all-negative 3x300x4112 staged.w32x32.b64x64.k32.l4 (tuned vs oracle): 900 of 900 cells differ; first at 0 got -8127.504/0x0xc5fdfc08 want -8096.002/0x0xc5fd0004
   !! int8 tuned planted all-negative 3x300x4112 staged.w64x64.b128x128.k32.l4 (tuned vs oracle): 900 of 900 cells differ; first at 0 got -8127.504/0x0xc5fdfc08 want -8096.002/0x0xc5fd0004
   !! int8 tuned planted all-negative 3x300x4112 staged.w64x64.b128x256.k32.l4 (tuned vs oracle): 900 of 900 cells differ; first at 0 got -8127.504/0x0xc5fdfc08 want -8096.002/0x0xc5fd0004
   !! int8 tuned planted all-negative 3x300x4112 staged.w64x64.b128x128.k32.l16 (tuned vs oracle): 900 of 900 cells differ; first at 0 got -8127.504/0x0xc5fdfc08 want -8096.002/0x0xc5fd0004
   !! int8 tuned planted all-negative 3x300x4112 staged.w64x64.b128x128.k64.l16 (tuned vs oracle): 900 of 900 cells differ; first at 0 got -8127.504/0x0xc5fdfc08 want -8096.002/0x0xc5fd0004
   !! int8 tuned planted all-negative 3x300x4112 staged.w64x64.b128x128.k128.l16 (tuned vs oracle): 900 of 900 cells differ; first at 0 got -8127.504/0x0xc5fdfc08 want -8096.002/0x0xc5fd0004
   !! int8 tuned planted all-negative 3x300x4112 staged.w64x64.b128x256.k64.l16 (tuned vs oracle): 900 of 900 cells differ; first at 0 got -8127.504/0x0xc5fdfc08 want -8096.002/0x0xc5fd0004
   !! int8 tuned planted all-negative 3x300x4112 staged.w16x64.b16x256.k64.l16 (tuned vs oracle): 900 of 900 cells differ; first at 0 got -8127.504/0x0xc5fdfc08 want -8096.002/0x0xc5fd0004
   !! int8 tuned planted all-negative 3x300x4112 staged.w16x16.b32x32.k64.l16 (tuned vs oracle): 900 of 900 cells differ; first at 0 got -8127.504/0x0xc5fdfc08 want -8096.002/0x0xc5fd0004
   !! int8 tuned planted all-negative 3x300x4112 staged.w32x32.b64x64.k64.l16 (tuned vs oracle): 900 of 900 cells differ; first at 0 got -8127.504/0x0xc5fdfc08 want -8096.002/0x0xc5fd0004
   !! int8 tuned planted all-negative 3x300x4112 staged.w32x32.b128x128.k64.l16 (tuned vs oracle): 900 of 900 cells differ; first at 0 got -8127.504/0x0xc5fdfc08 want -8096.002/0x0xc5fd0004
   !! int8 tuned planted all-negative 3x300x4112 staged.w16x32.b128x128.k64.l16 (tuned vs oracle): 900 of 900 cells differ; first at 0 got -8127.504/0x0xc5fdfc08 want -8096.002/0x0xc5fd0004
   !! int8 tuned planted all-negative 3x300x4112 staged.w32x32.b256x64.k64.l16 (tuned vs oracle): 900 of 900 cells differ; first at 0 got -8127.504/0x0xc5fdfc08 want -8096.002/0x0xc5fd0004
   !! int8 tuned planted all-negative 3x300x4112 staged.w32x32.b512x32.k64.l16 (tuned vs oracle): 900 of 900 cells differ; first at 0 got -8127.504/0x0xc5fdfc08 want -8096.002/0x0xc5fd0004
   !! int8 tuned planted all-negative 3x300x4112 staged.w32x16.b512x16.k64.l16 (tuned vs oracle): 900 of 900 cells differ; first at 0 got -8127.504/0x0xc5fdfc08 want -8096.002/0x0xc5fd0004
   !! int8 tuned planted all-negative 3x300x4112 decode.n16.w4.c64 (decode vs oracle): 598 of 900 cells differ; first at 0 got -8190.508/0x0xc5fff410 want -8096.002/0x0xc5fd0004
   !! int8 tuned planted all-negative 3x300x4112 decode.n16.w8.c64 (decode vs oracle): 598 of 900 cells differ; first at 0 got -8190.508/0x0xc5fff410 want -8096.002/0x0xc5fd0004
   !! int8 tuned planted all-negative 3x300x4112 decode.n16.w16.c64 (decode vs oracle): 598 of 900 cells differ; first at 0 got -8190.508/0x0xc5fff410 want -8096.002/0x0xc5fd0004
   !! int8 tuned planted cancel-halves 3x300x4112 staged.w16x16.b32x32.k32.l4 (tuned vs oracle): 900 of 900 cells differ; first at 0 got -31.501953/0x0xc1fc0400 want 0.0/0x0x0
   !! int8 tuned planted cancel-halves 3x300x4112 staged.w32x32.b64x64.k32.l4 (tuned vs oracle): 900 of 900 cells differ; first at 0 got -31.501953/0x0xc1fc0400 want 0.0/0x0x0
   !! int8 tuned planted cancel-halves 3x300x4112 staged.w64x64.b128x128.k32.l4 (tuned vs oracle): 900 of 900 cells differ; first at 0 got -31.501953/0x0xc1fc0400 want 0.0/0x0x0
   !! int8 tuned planted cancel-halves 3x300x4112 staged.w64x64.b128x256.k32.l4 (tuned vs oracle): 900 of 900 cells differ; first at 0 got -31.501953/0x0xc1fc0400 want 0.0/0x0x0
   !! int8 tuned planted cancel-halves 3x300x4112 staged.w64x64.b128x128.k32.l16 (tuned vs oracle): 900 of 900 cells differ; first at 0 got -31.501953/0x0xc1fc0400 want 0.0/0x0x0
   !! int8 tuned planted cancel-halves 3x300x4112 staged.w64x64.b128x128.k64.l16 (tuned vs oracle): 900 of 900 cells differ; first at 0 got -31.501953/0x0xc1fc0400 want 0.0/0x0x0
   !! int8 tuned planted cancel-halves 3x300x4112 staged.w64x64.b128x128.k128.l16 (tuned vs oracle): 900 of 900 cells differ; first at 0 got -31.501953/0x0xc1fc0400 want 0.0/0x0x0
   !! int8 tuned planted cancel-halves 3x300x4112 staged.w64x64.b128x256.k64.l16 (tuned vs oracle): 900 of 900 cells differ; first at 0 got -31.501953/0x0xc1fc0400 want 0.0/0x0x0
   !! int8 tuned planted cancel-halves 3x300x4112 staged.w16x64.b16x256.k64.l16 (tuned vs oracle): 900 of 900 cells differ; first at 0 got -31.501953/0x0xc1fc0400 want 0.0/0x0x0
   !! int8 tuned planted cancel-halves 3x300x4112 staged.w16x16.b32x32.k64.l16 (tuned vs oracle): 900 of 900 cells differ; first at 0 got -31.501953/0x0xc1fc0400 want 0.0/0x0x0
   !! int8 tuned planted cancel-halves 3x300x4112 staged.w32x32.b64x64.k64.l16 (tuned vs oracle): 900 of 900 cells differ; first at 0 got -31.501953/0x0xc1fc0400 want 0.0/0x0x0
   !! int8 tuned planted cancel-halves 3x300x4112 staged.w32x32.b128x128.k64.l16 (tuned vs oracle): 900 of 900 cells differ; first at 0 got -31.501953/0x0xc1fc0400 want 0.0/0x0x0
   !! int8 tuned planted cancel-halves 3x300x4112 staged.w16x32.b128x128.k64.l16 (tuned vs oracle): 900 of 900 cells differ; first at 0 got -31.501953/0x0xc1fc0400 want 0.0/0x0x0
   !! int8 tuned planted cancel-halves 3x300x4112 staged.w32x32.b256x64.k64.l16 (tuned vs oracle): 900 of 900 cells differ; first at 0 got -31.501953/0x0xc1fc0400 want 0.0/0x0x0
   !! int8 tuned planted cancel-halves 3x300x4112 staged.w32x32.b512x32.k64.l16 (tuned vs oracle): 900 of 900 cells differ; first at 0 got -31.501953/0x0xc1fc0400 want 0.0/0x0x0
   !! int8 tuned planted cancel-halves 3x300x4112 staged.w32x16.b512x16.k64.l16 (tuned vs oracle): 900 of 900 cells differ; first at 0 got -31.501953/0x0xc1fc0400 want 0.0/0x0x0
   !! int8 tuned planted cancel-halves 3x300x4112 decode.n16.w4.c64 (decode vs oracle): 598 of 900 cells differ; first at 0 got 94.50586/0x0x42bd0300 want 0.0/0x0x0
   !! int8 tuned planted cancel-halves 3x300x4112 decode.n16.w8.c64 (decode vs oracle): 598 of 900 cells differ; first at 0 got 94.50586/0x0x42bd0300 want 0.0/0x0x0
   !! int8 tuned planted cancel-halves 3x300x4112 decode.n16.w16.c64 (decode vs oracle): 598 of 900 cells differ; first at 0 got 94.50586/0x0x42bd0300 want 0.0/0x0x0
   !! int8 tuned planted odd-windows 3x300x4112 staged.w16x16.b32x32.k32.l4 (tuned vs oracle): 900 of 900 cells differ; first at 0 got 8119.5044/0x0x45fdbc09 want 8088.033/0x0x45fcc044
   !! int8 tuned planted odd-windows 3x300x4112 staged.w32x32.b64x64.k32.l4 (tuned vs oracle): 900 of 900 cells differ; first at 0 got 8119.5044/0x0x45fdbc09 want 8088.033/0x0x45fcc044
   !! int8 tuned planted odd-windows 3x300x4112 staged.w64x64.b128x128.k32.l4 (tuned vs oracle): 900 of 900 cells differ; first at 0 got 8119.5044/0x0x45fdbc09 want 8088.033/0x0x45fcc044
   !! int8 tuned planted odd-windows 3x300x4112 staged.w64x64.b128x256.k32.l4 (tuned vs oracle): 900 of 900 cells differ; first at 0 got 8119.5044/0x0x45fdbc09 want 8088.033/0x0x45fcc044
   !! int8 tuned planted odd-windows 3x300x4112 staged.w64x64.b128x128.k32.l16 (tuned vs oracle): 900 of 900 cells differ; first at 0 got 8119.5044/0x0x45fdbc09 want 8088.033/0x0x45fcc044
   !! int8 tuned planted odd-windows 3x300x4112 staged.w64x64.b128x128.k64.l16 (tuned vs oracle): 900 of 900 cells differ; first at 0 got 8119.5044/0x0x45fdbc09 want 8088.033/0x0x45fcc044
   !! int8 tuned planted odd-windows 3x300x4112 staged.w64x64.b128x128.k128.l16 (tuned vs oracle): 900 of 900 cells differ; first at 0 got 8119.5044/0x0x45fdbc09 want 8088.033/0x0x45fcc044
   !! int8 tuned planted odd-windows 3x300x4112 staged.w64x64.b128x256.k64.l16 (tuned vs oracle): 900 of 900 cells differ; first at 0 got 8119.5044/0x0x45fdbc09 want 8088.033/0x0x45fcc044
   !! int8 tuned planted odd-windows 3x300x4112 staged.w16x64.b16x256.k64.l16 (tuned vs oracle): 900 of 900 cells differ; first at 0 got 8119.5044/0x0x45fdbc09 want 8088.033/0x0x45fcc044
   !! int8 tuned planted odd-windows 3x300x4112 staged.w16x16.b32x32.k64.l16 (tuned vs oracle): 900 of 900 cells differ; first at 0 got 8119.5044/0x0x45fdbc09 want 8088.033/0x0x45fcc044
   !! int8 tuned planted odd-windows 3x300x4112 staged.w32x32.b64x64.k64.l16 (tuned vs oracle): 900 of 900 cells differ; first at 0 got 8119.5044/0x0x45fdbc09 want 8088.033/0x0x45fcc044
   !! int8 tuned planted odd-windows 3x300x4112 staged.w32x32.b128x128.k64.l16 (tuned vs oracle): 900 of 900 cells differ; first at 0 got 8119.5044/0x0x45fdbc09 want 8088.033/0x0x45fcc044
   !! int8 tuned planted odd-windows 3x300x4112 staged.w16x32.b128x128.k64.l16 (tuned vs oracle): 900 of 900 cells differ; first at 0 got 8119.5044/0x0x45fdbc09 want 8088.033/0x0x45fcc044
   !! int8 tuned planted odd-windows 3x300x4112 staged.w32x32.b256x64.k64.l16 (tuned vs oracle): 900 of 900 cells differ; first at 0 got 8119.5044/0x0x45fdbc09 want 8088.033/0x0x45fcc044
   !! int8 tuned planted odd-windows 3x300x4112 staged.w32x32.b512x32.k64.l16 (tuned vs oracle): 900 of 900 cells differ; first at 0 got 8119.5044/0x0x45fdbc09 want 8088.033/0x0x45fcc044
   !! int8 tuned planted odd-windows 3x300x4112 staged.w32x16.b512x16.k64.l16 (tuned vs oracle): 900 of 900 cells differ; first at 0 got 8119.5044/0x0x45fdbc09 want 8088.033/0x0x45fcc044
   !! int8 tuned planted odd-windows 3x300x4112 decode.n16.w4.c64 (decode vs oracle): 598 of 900 cells differ; first at 0 got 8182.4463/0x0x45ffb392 want 8088.033/0x0x45fcc044
   !! int8 tuned planted odd-windows 3x300x4112 decode.n16.w8.c64 (decode vs oracle): 598 of 900 cells differ; first at 0 got 8182.4463/0x0x45ffb392 want 8088.033/0x0x45fcc044
   !! int8 tuned planted odd-windows 3x300x4112 decode.n16.w16.c64 (decode vs oracle): 598 of 900 cells differ; first at 0 got 8182.4463/0x0x45ffb392 want 8088.033/0x0x45fcc044
   !! int8 tuned planted checkerboard 3x300x4112 staged.w16x16.b32x32.k32.l4 (tuned vs oracle): 900 of 900 cells differ; first at 0 got -8127.504/0x0xc5fdfc08 want -8096.002/0x0xc5fd0004
   !! int8 tuned planted checkerboard 3x300x4112 staged.w32x32.b64x64.k32.l4 (tuned vs oracle): 900 of 900 cells differ; first at 0 got -8127.504/0x0xc5fdfc08 want -8096.002/0x0xc5fd0004
   !! int8 tuned planted checkerboard 3x300x4112 staged.w64x64.b128x128.k32.l4 (tuned vs oracle): 900 of 900 cells differ; first at 0 got -8127.504/0x0xc5fdfc08 want -8096.002/0x0xc5fd0004
   !! int8 tuned planted checkerboard 3x300x4112 staged.w64x64.b128x256.k32.l4 (tuned vs oracle): 900 of 900 cells differ; first at 0 got -8127.504/0x0xc5fdfc08 want -8096.002/0x0xc5fd0004
   !! int8 tuned planted checkerboard 3x300x4112 staged.w64x64.b128x128.k32.l16 (tuned vs oracle): 900 of 900 cells differ; first at 0 got -8127.504/0x0xc5fdfc08 want -8096.002/0x0xc5fd0004
   !! int8 tuned planted checkerboard 3x300x4112 staged.w64x64.b128x128.k64.l16 (tuned vs oracle): 900 of 900 cells differ; first at 0 got -8127.504/0x0xc5fdfc08 want -8096.002/0x0xc5fd0004
   !! int8 tuned planted checkerboard 3x300x4112 staged.w64x64.b128x128.k128.l16 (tuned vs oracle): 900 of 900 cells differ; first at 0 got -8127.504/0x0xc5fdfc08 want -8096.002/0x0xc5fd0004
   !! int8 tuned planted checkerboard 3x300x4112 staged.w64x64.b128x256.k64.l16 (tuned vs oracle): 900 of 900 cells differ; first at 0 got -8127.504/0x0xc5fdfc08 want -8096.002/0x0xc5fd0004
   !! int8 tuned planted checkerboard 3x300x4112 staged.w16x64.b16x256.k64.l16 (tuned vs oracle): 900 of 900 cells differ; first at 0 got -8127.504/0x0xc5fdfc08 want -8096.002/0x0xc5fd0004
   !! int8 tuned planted checkerboard 3x300x4112 staged.w16x16.b32x32.k64.l16 (tuned vs oracle): 900 of 900 cells differ; first at 0 got -8127.504/0x0xc5fdfc08 want -8096.002/0x0xc5fd0004
   !! int8 tuned planted checkerboard 3x300x4112 staged.w32x32.b64x64.k64.l16 (tuned vs oracle): 900 of 900 cells differ; first at 0 got -8127.504/0x0xc5fdfc08 want -8096.002/0x0xc5fd0004
   !! int8 tuned planted checkerboard 3x300x4112 staged.w32x32.b128x128.k64.l16 (tuned vs oracle): 900 of 900 cells differ; first at 0 got -8127.504/0x0xc5fdfc08 want -8096.002/0x0xc5fd0004
   !! int8 tuned planted checkerboard 3x300x4112 staged.w16x32.b128x128.k64.l16 (tuned vs oracle): 900 of 900 cells differ; first at 0 got -8127.504/0x0xc5fdfc08 want -8096.002/0x0xc5fd0004
   !! int8 tuned planted checkerboard 3x300x4112 staged.w32x32.b256x64.k64.l16 (tuned vs oracle): 900 of 900 cells differ; first at 0 got -8127.504/0x0xc5fdfc08 want -8096.002/0x0xc5fd0004
   !! int8 tuned planted checkerboard 3x300x4112 staged.w32x32.b512x32.k64.l16 (tuned vs oracle): 900 of 900 cells differ; first at 0 got -8127.504/0x0xc5fdfc08 want -8096.002/0x0xc5fd0004
   !! int8 tuned planted checkerboard 3x300x4112 staged.w32x16.b512x16.k64.l16 (tuned vs oracle): 900 of 900 cells differ; first at 0 got -8127.504/0x0xc5fdfc08 want -8096.002/0x0xc5fd0004
   !! int8 tuned planted checkerboard 3x300x4112 decode.n16.w4.c64 (decode vs oracle): 598 of 900 cells differ; first at 0 got -8190.508/0x0xc5fff410 want -8096.002/0x0xc5fd0004
   !! int8 tuned planted checkerboard 3x300x4112 decode.n16.w8.c64 (decode vs oracle): 598 of 900 cells differ; first at 0 got -8190.508/0x0xc5fff410 want -8096.002/0x0xc5fd0004
   !! int8 tuned planted checkerboard 3x300x4112 decode.n16.w16.c64 (decode vs oracle): 598 of 900 cells differ; first at 0 got -8190.508/0x0xc5fff410 want -8096.002/0x0xc5fd0004
   !! int8 tuned planted zero-rows 3x300x4112 staged.w16x16.b32x32.k32.l4 (tuned vs oracle): 480 of 900 cells differ; first at 0 got -8127.504/0x0xc5fdfc08 want -8096.002/0x0xc5fd0004
   !! int8 tuned planted zero-rows 3x300x4112 staged.w32x32.b64x64.k32.l4 (tuned vs oracle): 480 of 900 cells differ; first at 0 got -8127.504/0x0xc5fdfc08 want -8096.002/0x0xc5fd0004
   !! int8 tuned planted zero-rows 3x300x4112 staged.w64x64.b128x128.k32.l4 (tuned vs oracle): 480 of 900 cells differ; first at 0 got -8127.504/0x0xc5fdfc08 want -8096.002/0x0xc5fd0004
   !! int8 tuned planted zero-rows 3x300x4112 staged.w64x64.b128x256.k32.l4 (tuned vs oracle): 480 of 900 cells differ; first at 0 got -8127.504/0x0xc5fdfc08 want -8096.002/0x0xc5fd0004
   !! int8 tuned planted zero-rows 3x300x4112 staged.w64x64.b128x128.k32.l16 (tuned vs oracle): 480 of 900 cells differ; first at 0 got -8127.504/0x0xc5fdfc08 want -8096.002/0x0xc5fd0004
   !! int8 tuned planted zero-rows 3x300x4112 staged.w64x64.b128x128.k64.l16 (tuned vs oracle): 480 of 900 cells differ; first at 0 got -8127.504/0x0xc5fdfc08 want -8096.002/0x0xc5fd0004
   !! int8 tuned planted zero-rows 3x300x4112 staged.w64x64.b128x128.k128.l16 (tuned vs oracle): 480 of 900 cells differ; first at 0 got -8127.504/0x0xc5fdfc08 want -8096.002/0x0xc5fd0004
   !! int8 tuned planted zero-rows 3x300x4112 staged.w64x64.b128x256.k64.l16 (tuned vs oracle): 480 of 900 cells differ; first at 0 got -8127.504/0x0xc5fdfc08 want -8096.002/0x0xc5fd0004
   !! int8 tuned planted zero-rows 3x300x4112 staged.w16x64.b16x256.k64.l16 (tuned vs oracle): 480 of 900 cells differ; first at 0 got -8127.504/0x0xc5fdfc08 want -8096.002/0x0xc5fd0004
   !! int8 tuned planted zero-rows 3x300x4112 staged.w16x16.b32x32.k64.l16 (tuned vs oracle): 480 of 900 cells differ; first at 0 got -8127.504/0x0xc5fdfc08 want -8096.002/0x0xc5fd0004
   !! int8 tuned planted zero-rows 3x300x4112 staged.w32x32.b64x64.k64.l16 (tuned vs oracle): 480 of 900 cells differ; first at 0 got -8127.504/0x0xc5fdfc08 want -8096.002/0x0xc5fd0004
   !! int8 tuned planted zero-rows 3x300x4112 staged.w32x32.b128x128.k64.l16 (tuned vs oracle): 480 of 900 cells differ; first at 0 got -8127.504/0x0xc5fdfc08 want -8096.002/0x0xc5fd0004
   !! int8 tuned planted zero-rows 3x300x4112 staged.w16x32.b128x128.k64.l16 (tuned vs oracle): 480 of 900 cells differ; first at 0 got -8127.504/0x0xc5fdfc08 want -8096.002/0x0xc5fd0004
   !! int8 tuned planted zero-rows 3x300x4112 staged.w32x32.b256x64.k64.l16 (tuned vs oracle): 480 of 900 cells differ; first at 0 got -8127.504/0x0xc5fdfc08 want -8096.002/0x0xc5fd0004
   !! int8 tuned planted zero-rows 3x300x4112 staged.w32x32.b512x32.k64.l16 (tuned vs oracle): 480 of 900 cells differ; first at 0 got -8127.504/0x0xc5fdfc08 want -8096.002/0x0xc5fd0004
   !! int8 tuned planted zero-rows 3x300x4112 staged.w32x16.b512x16.k64.l16 (tuned vs oracle): 480 of 900 cells differ; first at 0 got -8127.504/0x0xc5fdfc08 want -8096.002/0x0xc5fd0004
   !! int8 tuned planted zero-rows 3x300x4112 decode.n16.w4.c64 (decode vs oracle): 239 of 900 cells differ; first at 300 got -189.01172/0x0xc33d0300 want 0.0/0x0x0
   !! int8 tuned planted zero-rows 3x300x4112 decode.n16.w8.c64 (decode vs oracle): 239 of 900 cells differ; first at 300 got -189.01172/0x0xc33d0300 want 0.0/0x0x0
   !! int8 tuned planted zero-rows 3x300x4112 decode.n16.w16.c64 (decode vs oracle): 239 of 900 cells differ; first at 300 got -189.01172/0x0xc33d0300 want 0.0/0x0x0
   ok int8 tuned planted lone-last-step 3x300x4112
   !! int8 tuned planted all-positive 131x5x33 staged.w16x16.b32x32.k32.l4 (tuned vs oracle): 655 of 655 cells differ; first at 0 got 120.1012/0x0x42f033d0 want 64.97278/0x0x4281f210
   !! int8 tuned planted all-positive 131x5x33 staged.w32x32.b64x64.k32.l4 (tuned vs oracle): 655 of 655 cells differ; first at 0 got 120.1012/0x0x42f033d0 want 64.97278/0x0x4281f210
   !! int8 tuned planted all-positive 131x5x33 staged.w64x64.b128x128.k32.l4 (tuned vs oracle): 655 of 655 cells differ; first at 0 got 120.1012/0x0x42f033d0 want 64.97278/0x0x4281f210
   !! int8 tuned planted all-positive 131x5x33 staged.w64x64.b128x256.k32.l4 (tuned vs oracle): 655 of 655 cells differ; first at 0 got 120.1012/0x0x42f033d0 want 64.97278/0x0x4281f210
   !! int8 tuned planted all-positive 131x5x33 staged.w64x64.b128x128.k32.l16 (tuned vs oracle): 655 of 655 cells differ; first at 0 got 96.47473/0x0x42c0f310 want 64.97278/0x0x4281f210
   !! int8 tuned planted all-positive 131x5x33 staged.w64x64.b128x128.k128.l16 (tuned vs oracle): 395 of 655 cells differ; first at 0 got 66.92615/0x0x4285da30 want 64.97278/0x0x4281f210
   !! int8 tuned planted all-positive 131x5x33 staged.w64x64.b128x256.k64.l16 (tuned vs oracle): 154 of 655 cells differ; first at 1 got 133.8833/0x0x4305e220 want 129.94556/0x0x4301f210
   !! int8 tuned planted all-positive 131x5x33 staged.w16x64.b16x256.k64.l16 (tuned vs oracle): 192 of 655 cells differ; first at 0 got 66.94165/0x0x4285e220 want 64.97278/0x0x4281f210
   !! int8 tuned planted all-positive 131x5x33 staged.w16x16.b32x32.k64.l16 (tuned vs oracle): 128 of 655 cells differ; first at 320 got 1071.0664/0x0x4485e220 want 1039.5644/0x0x4481f210
   !! int8 tuned planted all-positive 131x5x33 staged.w32x32.b64x64.k64.l16 (tuned vs oracle): 150 of 655 cells differ; first at 1 got 133.8833/0x0x4305e220 want 129.94556/0x0x4301f210
   !! int8 tuned planted all-positive 131x5x33 staged.w32x32.b128x128.k64.l16 (tuned vs oracle): 154 of 655 cells differ; first at 1 got 133.8833/0x0x4305e220 want 129.94556/0x0x4301f210
   !! int8 tuned planted all-positive 131x5x33 staged.w16x32.b128x128.k64.l16 (tuned vs oracle): 154 of 655 cells differ; first at 1 got 133.8833/0x0x4305e220 want 129.94556/0x0x4301f210
   !! int8 tuned planted all-positive 131x5x33 staged.w32x32.b256x64.k64.l16 (tuned vs oracle): 390 of 655 cells differ; first at 0 got 66.92615/0x0x4285da30 want 64.97278/0x0x4281f210
   !! int8 tuned planted all-positive 131x5x33 staged.w32x32.b512x32.k64.l16 (tuned vs oracle): 390 of 655 cells differ; first at 0 got 66.92615/0x0x4285da30 want 64.97278/0x0x4281f210
   !! int8 tuned planted all-positive 131x5x33 staged.w32x16.b512x16.k64.l16 (tuned vs oracle): 390 of 655 cells differ; first at 0 got 66.92615/0x0x4285da30 want 64.97278/0x0x4281f210
   !! int8 tuned planted all-negative 131x5x33 staged.w16x16.b32x32.k32.l4 (tuned vs oracle): 655 of 655 cells differ; first at 0 got -120.1012/0x0xc2f033d0 want -64.97278/0x0xc281f210
   !! int8 tuned planted all-negative 131x5x33 staged.w32x32.b64x64.k32.l4 (tuned vs oracle): 655 of 655 cells differ; first at 0 got -120.1012/0x0xc2f033d0 want -64.97278/0x0xc281f210
   !! int8 tuned planted all-negative 131x5x33 staged.w64x64.b128x128.k32.l4 (tuned vs oracle): 655 of 655 cells differ; first at 0 got -120.1012/0x0xc2f033d0 want -64.97278/0x0xc281f210
   !! int8 tuned planted all-negative 131x5x33 staged.w64x64.b128x256.k32.l4 (tuned vs oracle): 655 of 655 cells differ; first at 0 got -120.1012/0x0xc2f033d0 want -64.97278/0x0xc281f210
   !! int8 tuned planted all-negative 131x5x33 staged.w64x64.b128x128.k32.l16 (tuned vs oracle): 655 of 655 cells differ; first at 0 got -96.47473/0x0xc2c0f310 want -64.97278/0x0xc281f210
   !! int8 tuned planted all-negative 131x5x33 staged.w64x64.b128x128.k64.l16 (tuned vs oracle): 154 of 655 cells differ; first at 1 got -126.00781/0x0xc2fc0400 want -129.94556/0x0xc301f210
   !! int8 tuned planted all-negative 131x5x33 staged.w64x64.b128x128.k128.l16 (tuned vs oracle): 395 of 655 cells differ; first at 0 got -63.01941/0x0xc27c13e0 want -64.97278/0x0xc281f210
   !! int8 tuned planted all-negative 131x5x33 staged.w64x64.b128x256.k64.l16 (tuned vs oracle): 154 of 655 cells differ; first at 1 got -126.00781/0x0xc2fc0400 want -129.94556/0x0xc301f210
   !! int8 tuned planted all-negative 131x5x33 staged.w16x64.b16x256.k64.l16 (tuned vs oracle): 192 of 655 cells differ; first at 0 got -63.003906/0x0xc27c0400 want -64.97278/0x0xc281f210
   !! int8 tuned planted all-negative 131x5x33 staged.w16x16.b32x32.k64.l16 (tuned vs oracle): 128 of 655 cells differ; first at 320 got -1008.0625/0x0xc47c0400 want -1039.5644/0x0xc481f210
   !! int8 tuned planted all-negative 131x5x33 staged.w32x32.b64x64.k64.l16 (tuned vs oracle): 150 of 655 cells differ; first at 1 got -126.00781/0x0xc2fc0400 want -129.94556/0x0xc301f210
   !! int8 tuned planted all-negative 131x5x33 staged.w32x32.b128x128.k64.l16 (tuned vs oracle): 154 of 655 cells differ; first at 1 got -126.00781/0x0xc2fc0400 want -129.94556/0x0xc301f210
   !! int8 tuned planted all-negative 131x5x33 staged.w16x32.b128x128.k64.l16 (tuned vs oracle): 154 of 655 cells differ; first at 1 got -126.00781/0x0xc2fc0400 want -129.94556/0x0xc301f210
   !! int8 tuned planted all-negative 131x5x33 staged.w32x32.b256x64.k64.l16 (tuned vs oracle): 390 of 655 cells differ; first at 0 got -63.01941/0x0xc27c13e0 want -64.97278/0x0xc281f210
   !! int8 tuned planted all-negative 131x5x33 staged.w32x32.b512x32.k64.l16 (tuned vs oracle): 390 of 655 cells differ; first at 0 got -63.01941/0x0xc27c13e0 want -64.97278/0x0xc281f210
   !! int8 tuned planted all-negative 131x5x33 staged.w32x16.b512x16.k64.l16 (tuned vs oracle): 390 of 655 cells differ; first at 0 got -63.01941/0x0xc27c13e0 want -64.97278/0x0xc281f210
   !! int8 tuned planted cancel-halves 131x5x33 staged.w16x16.b32x32.k32.l4 (tuned vs oracle): 655 of 655 cells differ; first at 0 got -9.84436/0x0xc11d8280 want -1.9688721/0x0xbffc0400
   !! int8 tuned planted cancel-halves 131x5x33 staged.w32x32.b64x64.k32.l4 (tuned vs oracle): 655 of 655 cells differ; first at 0 got -9.84436/0x0xc11d8280 want -1.9688721/0x0xbffc0400
   !! int8 tuned planted cancel-halves 131x5x33 staged.w64x64.b128x128.k32.l4 (tuned vs oracle): 655 of 655 cells differ; first at 0 got -9.84436/0x0xc11d8280 want -1.9688721/0x0xbffc0400
   !! int8 tuned planted cancel-halves 131x5x33 staged.w64x64.b128x256.k32.l4 (tuned vs oracle): 655 of 655 cells differ; first at 0 got -9.84436/0x0xc11d8280 want -1.9688721/0x0xbffc0400
   !! int8 tuned planted cancel-halves 131x5x33 staged.w64x64.b128x128.k32.l16 (tuned vs oracle): 655 of 655 cells differ; first at 0 got -33.470825/0x0xc205e220 want -1.9688721/0x0xbffc0400
   !! int8 tuned planted cancel-halves 131x5x33 staged.w64x64.b128x128.k64.l16 (tuned vs oracle): 154 of 655 cells differ; first at 1 got 0.0/0x0x0 want -3.9377441/0x0xc07c0400
   !! int8 tuned planted cancel-halves 131x5x33 staged.w64x64.b128x128.k128.l16 (tuned vs oracle): 395 of 655 cells differ; first at 0 got -0.01550293/0x0xbc7e0000 want -1.9688721/0x0xbffc0400
   !! int8 tuned planted cancel-halves 131x5x33 staged.w64x64.b128x256.k64.l16 (tuned vs oracle): 154 of 655 cells differ; first at 1 got 0.0/0x0x0 want -3.9377441/0x0xc07c0400
   !! int8 tuned planted cancel-halves 131x5x33 staged.w16x64.b16x256.k64.l16 (tuned vs oracle): 192 of 655 cells differ; first at 0 got 0.0/0x0x0 want -1.9688721/0x0xbffc0400
   !! int8 tuned planted cancel-halves 131x5x33 staged.w16x16.b32x32.k64.l16 (tuned vs oracle): 128 of 655 cells differ; first at 320 got 0.0/0x0x0 want -31.501953/0x0xc1fc0400
   !! int8 tuned planted cancel-halves 131x5x33 staged.w32x32.b64x64.k64.l16 (tuned vs oracle): 150 of 655 cells differ; first at 1 got 0.0/0x0x0 want -3.9377441/0x0xc07c0400
   !! int8 tuned planted cancel-halves 131x5x33 staged.w32x32.b128x128.k64.l16 (tuned vs oracle): 154 of 655 cells differ; first at 1 got 0.0/0x0x0 want -3.9377441/0x0xc07c0400
   !! int8 tuned planted cancel-halves 131x5x33 staged.w16x32.b128x128.k64.l16 (tuned vs oracle): 154 of 655 cells differ; first at 1 got 0.0/0x0x0 want -3.9377441/0x0xc07c0400
   !! int8 tuned planted cancel-halves 131x5x33 staged.w32x32.b256x64.k64.l16 (tuned vs oracle): 390 of 655 cells differ; first at 0 got -0.01550293/0x0xbc7e0000 want -1.9688721/0x0xbffc0400
   !! int8 tuned planted cancel-halves 131x5x33 staged.w32x32.b512x32.k64.l16 (tuned vs oracle): 390 of 655 cells differ; first at 0 got -0.01550293/0x0xbc7e0000 want -1.9688721/0x0xbffc0400
   !! int8 tuned planted cancel-halves 131x5x33 staged.w32x16.b512x16.k64.l16 (tuned vs oracle): 390 of 655 cells differ; first at 0 got -0.01550293/0x0xbc7e0000 want -1.9688721/0x0xbffc0400
   !! int8 tuned planted odd-windows 131x5x33 staged.w16x16.b32x32.k32.l4 (tuned vs oracle): 655 of 655 cells differ; first at 0 got 119.97717/0x0x42eff450 want 64.89526/0x0x4281ca60
   !! int8 tuned planted odd-windows 131x5x33 staged.w32x32.b64x64.k32.l4 (tuned vs oracle): 655 of 655 cells differ; first at 0 got 119.97717/0x0x42eff450 want 64.89526/0x0x4281ca60
   !! int8 tuned planted odd-windows 131x5x33 staged.w64x64.b128x128.k32.l4 (tuned vs oracle): 655 of 655 cells differ; first at 0 got 119.97717/0x0x42eff450 want 64.89526/0x0x4281ca60
   !! int8 tuned planted odd-windows 131x5x33 staged.w64x64.b128x256.k32.l4 (tuned vs oracle): 655 of 655 cells differ; first at 0 got 119.97717/0x0x42eff450 want 64.89526/0x0x4281ca60
   !! int8 tuned planted odd-windows 131x5x33 staged.w64x64.b128x128.k32.l16 (tuned vs oracle): 655 of 655 cells differ; first at 0 got 96.36621/0x0x42c0bb80 want 64.89526/0x0x4281ca60
   !! int8 tuned planted odd-windows 131x5x33 staged.w64x64.b128x128.k64.l16 (tuned vs oracle): 154 of 655 cells differ; first at 1 got 133.72827/0x0x4305ba70 want 129.79053/0x0x4301ca60
   !! int8 tuned planted odd-windows 131x5x33 staged.w64x64.b128x128.k128.l16 (tuned vs oracle): 395 of 655 cells differ; first at 0 got 66.84863/0x0x4285b280 want 64.89526/0x0x4281ca60
   !! int8 tuned planted odd-windows 131x5x33 staged.w64x64.b128x256.k64.l16 (tuned vs oracle): 154 of 655 cells differ; first at 1 got 133.72827/0x0x4305ba70 want 129.79053/0x0x4301ca60
   !! int8 tuned planted odd-windows 131x5x33 staged.w16x64.b16x256.k64.l16 (tuned vs oracle): 192 of 655 cells differ; first at 0 got 66.864136/0x0x4285ba70 want 64.89526/0x0x4281ca60
   !! int8 tuned planted odd-windows 131x5x33 staged.w16x16.b32x32.k64.l16 (tuned vs oracle): 128 of 655 cells differ; first at 320 got 1069.8262/0x0x4485ba70 want 1038.3242/0x0x4481ca60
   !! int8 tuned planted odd-windows 131x5x33 staged.w32x32.b64x64.k64.l16 (tuned vs oracle): 150 of 655 cells differ; first at 1 got 133.72827/0x0x4305ba70 want 129.79053/0x0x4301ca60
   !! int8 tuned planted odd-windows 131x5x33 staged.w32x32.b128x128.k64.l16 (tuned vs oracle): 154 of 655 cells differ; first at 1 got 133.72827/0x0x4305ba70 want 129.79053/0x0x4301ca60
   !! int8 tuned planted odd-windows 131x5x33 staged.w16x32.b128x128.k64.l16 (tuned vs oracle): 154 of 655 cells differ; first at 1 got 133.72827/0x0x4305ba70 want 129.79053/0x0x4301ca60
   !! int8 tuned planted odd-windows 131x5x33 staged.w32x32.b256x64.k64.l16 (tuned vs oracle): 390 of 655 cells differ; first at 0 got 66.84863/0x0x4285b280 want 64.89526/0x0x4281ca60
   !! int8 tuned planted odd-windows 131x5x33 staged.w32x32.b512x32.k64.l16 (tuned vs oracle): 390 of 655 cells differ; first at 0 got 66.84863/0x0x4285b280 want 64.89526/0x0x4281ca60
   !! int8 tuned planted odd-windows 131x5x33 staged.w32x16.b512x16.k64.l16 (tuned vs oracle): 390 of 655 cells differ; first at 0 got 66.84863/0x0x4285b280 want 64.89526/0x0x4281ca60
   !! int8 tuned planted checkerboard 131x5x33 staged.w16x16.b32x32.k32.l4 (tuned vs oracle): 655 of 655 cells differ; first at 0 got -120.1012/0x0xc2f033d0 want -64.97278/0x0xc281f210
   !! int8 tuned planted checkerboard 131x5x33 staged.w32x32.b64x64.k32.l4 (tuned vs oracle): 655 of 655 cells differ; first at 0 got -120.1012/0x0xc2f033d0 want -64.97278/0x0xc281f210
   !! int8 tuned planted checkerboard 131x5x33 staged.w64x64.b128x128.k32.l4 (tuned vs oracle): 655 of 655 cells differ; first at 0 got -120.1012/0x0xc2f033d0 want -64.97278/0x0xc281f210
   !! int8 tuned planted checkerboard 131x5x33 staged.w64x64.b128x256.k32.l4 (tuned vs oracle): 655 of 655 cells differ; first at 0 got -120.1012/0x0xc2f033d0 want -64.97278/0x0xc281f210
   !! int8 tuned planted checkerboard 131x5x33 staged.w64x64.b128x128.k32.l16 (tuned vs oracle): 655 of 655 cells differ; first at 0 got -96.47473/0x0xc2c0f310 want -64.97278/0x0xc281f210
   !! int8 tuned planted checkerboard 131x5x33 staged.w64x64.b128x128.k64.l16 (tuned vs oracle): 154 of 655 cells differ; first at 1 got 126.00781/0x0x42fc0400 want 129.94556/0x0x4301f210
   !! int8 tuned planted checkerboard 131x5x33 staged.w64x64.b128x128.k128.l16 (tuned vs oracle): 395 of 655 cells differ; first at 0 got -66.92615/0x0xc285da30 want -64.97278/0x0xc281f210
   !! int8 tuned planted checkerboard 131x5x33 staged.w64x64.b128x256.k64.l16 (tuned vs oracle): 154 of 655 cells differ; first at 1 got 126.00781/0x0x42fc0400 want 129.94556/0x0x4301f210
   !! int8 tuned planted checkerboard 131x5x33 staged.w16x64.b16x256.k64.l16 (tuned vs oracle): 192 of 655 cells differ; first at 0 got -63.003906/0x0xc27c0400 want -64.97278/0x0xc281f210
   !! int8 tuned planted checkerboard 131x5x33 staged.w16x16.b32x32.k64.l16 (tuned vs oracle): 128 of 655 cells differ; first at 320 got -1071.0664/0x0xc485e220 want -1039.5644/0x0xc481f210
   !! int8 tuned planted checkerboard 131x5x33 staged.w32x32.b64x64.k64.l16 (tuned vs oracle): 150 of 655 cells differ; first at 1 got 133.8833/0x0x4305e220 want 129.94556/0x0x4301f210
   !! int8 tuned planted checkerboard 131x5x33 staged.w32x32.b128x128.k64.l16 (tuned vs oracle): 154 of 655 cells differ; first at 1 got 126.00781/0x0x42fc0400 want 129.94556/0x0x4301f210
   !! int8 tuned planted checkerboard 131x5x33 staged.w16x32.b128x128.k64.l16 (tuned vs oracle): 154 of 655 cells differ; first at 1 got 126.00781/0x0x42fc0400 want 129.94556/0x0x4301f210
   !! int8 tuned planted checkerboard 131x5x33 staged.w32x32.b256x64.k64.l16 (tuned vs oracle): 390 of 655 cells differ; first at 0 got -66.92615/0x0xc285da30 want -64.97278/0x0xc281f210
   !! int8 tuned planted checkerboard 131x5x33 staged.w32x32.b512x32.k64.l16 (tuned vs oracle): 390 of 655 cells differ; first at 0 got -66.92615/0x0xc285da30 want -64.97278/0x0xc281f210
   !! int8 tuned planted checkerboard 131x5x33 staged.w32x16.b512x16.k64.l16 (tuned vs oracle): 390 of 655 cells differ; first at 0 got -66.92615/0x0xc285da30 want -64.97278/0x0xc281f210
   !! int8 tuned planted zero-rows 131x5x33 staged.w16x16.b32x32.k32.l4 (tuned vs oracle): 348 of 655 cells differ; first at 0 got -120.1012/0x0xc2f033d0 want -64.97278/0x0xc281f210
   !! int8 tuned planted zero-rows 131x5x33 staged.w32x32.b64x64.k32.l4 (tuned vs oracle): 348 of 655 cells differ; first at 0 got -120.1012/0x0xc2f033d0 want -64.97278/0x0xc281f210
   !! int8 tuned planted zero-rows 131x5x33 staged.w64x64.b128x128.k32.l4 (tuned vs oracle): 348 of 655 cells differ; first at 0 got -120.1012/0x0xc2f033d0 want -64.97278/0x0xc281f210
   !! int8 tuned planted zero-rows 131x5x33 staged.w64x64.b128x256.k32.l4 (tuned vs oracle): 348 of 655 cells differ; first at 0 got -120.1012/0x0xc2f033d0 want -64.97278/0x0xc281f210
   !! int8 tuned planted zero-rows 131x5x33 staged.w64x64.b128x128.k32.l16 (tuned vs oracle): 348 of 655 cells differ; first at 0 got -96.47473/0x0xc2c0f310 want -64.97278/0x0xc281f210
   !! int8 tuned planted zero-rows 131x5x33 staged.w64x64.b128x128.k64.l16 (tuned vs oracle): 118 of 655 cells differ; first at 16 got -1008.0625/0x0xc47c0400 want -1039.5644/0x0xc481f210
   !! int8 tuned planted zero-rows 131x5x33 staged.w64x64.b128x128.k128.l16 (tuned vs oracle): 230 of 655 cells differ; first at 5 got 3.9067383/0x0x407a0800 want 0.0/0x0x0
   !! int8 tuned planted zero-rows 131x5x33 staged.w64x64.b128x256.k64.l16 (tuned vs oracle): 45 of 655 cells differ; first at 16 got -535.5332/0x0xc405e220 want -1039.5644/0x0xc481f210
   !! int8 tuned planted zero-rows 131x5x33 staged.w16x64.b16x256.k64.l16 (tuned vs oracle): 62 of 655 cells differ; first at 15 got -504.03125/0x0xc3fc0400 want -519.7822/0x0xc401f210
   !! int8 tuned planted zero-rows 131x5x33 staged.w16x16.b32x32.k64.l16 (tuned vs oracle): 45 of 655 cells differ; first at 335 got 126.00781/0x0x42fc0400 want 0.0/0x0x0
   !! int8 tuned planted zero-rows 131x5x33 staged.w32x32.b64x64.k64.l16 (tuned vs oracle): 28 of 655 cells differ; first at 19 got -535.5332/0x0xc405e220 want -1039.5644/0x0xc481f210
   !! int8 tuned planted zero-rows 131x5x33 staged.w32x32.b128x128.k64.l16 (tuned vs oracle): 45 of 655 cells differ; first at 16 got -535.5332/0x0xc405e220 want -1039.5644/0x0xc481f210
   !! int8 tuned planted zero-rows 131x5x33 staged.w16x32.b128x128.k64.l16 (tuned vs oracle): 45 of 655 cells differ; first at 16 got -535.5332/0x0xc405e220 want -1039.5644/0x0xc481f210
   !! int8 tuned planted zero-rows 131x5x33 staged.w32x32.b256x64.k64.l16 (tuned vs oracle): 230 of 655 cells differ; first at 15 got -269.75098/0x0xc386e020 want -519.7822/0x0xc401f210
   !! int8 tuned planted zero-rows 131x5x33 staged.w32x32.b512x32.k64.l16 (tuned vs oracle): 230 of 655 cells differ; first at 15 got -269.75098/0x0xc386e020 want -519.7822/0x0xc401f210
   !! int8 tuned planted zero-rows 131x5x33 staged.w32x16.b512x16.k64.l16 (tuned vs oracle): 230 of 655 cells differ; first at 15 got -269.75098/0x0xc386e020 want -519.7822/0x0xc401f210
   !! int8 tuned planted lone-last-step 131x5x33 staged.w64x64.b128x128.k64.l16 (tuned vs oracle): 44 of 655 cells differ; first at 1 got -7.8444824/0x0xc0fb0600 want -3.9067383/0x0xc07a0800
   !! int8 tuned planted lone-last-step 131x5x33 staged.w64x64.b128x128.k128.l16 (tuned vs oracle): 255 of 655 cells differ; first at 0 got -3.9067383/0x0xc07a0800 want -1.9533691/0x0xbffa0800
   !! int8 tuned planted lone-last-step 131x5x33 staged.w16x64.b16x256.k64.l16 (tuned vs oracle): 58 of 655 cells differ; first at 0 got 0.01550293/0x0x3c7e0000 want -1.9533691/0x0xbffa0800
   !! int8 tuned planted lone-last-step 131x5x33 staged.w16x16.b32x32.k64.l16 (tuned vs oracle): 32 of 655 cells differ; first at 321 got 0.49609375/0x0x3efe0000 want -62.507813/0x0xc27a0800
   !! int8 tuned planted lone-last-step 131x5x33 staged.w32x32.b256x64.k64.l16 (tuned vs oracle): 160 of 655 cells differ; first at 0 got -3.9067383/0x0xc07a0800 want -1.9533691/0x0xbffa0800
   !! int8 tuned planted lone-last-step 131x5x33 staged.w32x32.b512x32.k64.l16 (tuned vs oracle): 160 of 655 cells differ; first at 0 got -3.9067383/0x0xc07a0800 want -1.9533691/0x0xbffa0800
   !! int8 tuned planted lone-last-step 131x5x33 staged.w32x16.b512x16.k64.l16 (tuned vs oracle): 160 of 655 cells differ; first at 0 got -3.9067383/0x0xc07a0800 want -1.9533691/0x0xbffa0800
   planted: 2562 cases, 936 failed
!! GATE FAILED: check_tuned_planted_worst_cases
   936 of 2562 planted cases differ; first: int8 tuned planted all-positive 9x7x1025 staged.w16x16.b32x32.k32.l4 (tuned vs oracle): 63 of 63 cells differ; first at 0 got 2073.2222/0x0x4501938e want 2018.0939/0x0x44fc4301
   ok int8 decode, quantizer in the launch 1x257x4096
   !! int8 decode, quantizer in the launch 2x33x63 decode.n16.w4.c64 (vs oracle on the host quantizer's codes): 32 of 66 cells differ; first at 0 got -5.140625/0x0xc0a48000 want 10.1875/0x0x41230000
   !! int8 decode, quantizer in the launch 2x33x63 decode.n16.w8.c64 (vs oracle on the host quantizer's codes): 32 of 66 cells differ; first at 0 got -5.140625/0x0xc0a48000 want 10.1875/0x0x41230000
   !! int8 decode, quantizer in the launch 2x33x63 decode.n16.w16.c64 (vs oracle on the host quantizer's codes): 32 of 66 cells differ; first at 0 got -5.140625/0x0xc0a48000 want 10.1875/0x0x41230000
   !! int8 decode, quantizer in the launch 7x129x4100 decode.n16.w4.c64 (vs oracle on the host quantizer's codes): 765 of 903 cells differ; first at 0 got 9989.0/0x0x461c1400 want 9985.0/0x0x461c0400
   !! int8 decode, quantizer in the launch 7x129x4100 decode.n16.w8.c64 (vs oracle on the host quantizer's codes): 765 of 903 cells differ; first at 0 got 9989.0/0x0x461c1400 want 9985.0/0x0x461c0400
   !! int8 decode, quantizer in the launch 7x129x4100 decode.n16.w16.c64 (vs oracle on the host quantizer's codes): 765 of 903 cells differ; first at 0 got 9989.0/0x0x461c1400 want 9985.0/0x0x461c0400
   !! int8 decode, quantizer in the launch 8x300x4104 decode.n16.w4.c64 (vs oracle on the host quantizer's codes): 2083 of 2400 cells differ; first at 0 got 2805.0/0x0x452f5000 want 2752.0/0x0x452c0000
   !! int8 decode, quantizer in the launch 8x300x4104 decode.n16.w8.c64 (vs oracle on the host quantizer's codes): 2083 of 2400 cells differ; first at 0 got 2805.0/0x0x452f5000 want 2752.0/0x0x452c0000
   !! int8 decode, quantizer in the launch 8x300x4104 decode.n16.w16.c64 (vs oracle on the host quantizer's codes): 2083 of 2400 cells differ; first at 0 got 2805.0/0x0x452f5000 want 2752.0/0x0x452c0000
   !! int8 decode, quantizer in the launch 15x64x4112 decode.n16.w4.c64 (vs oracle on the host quantizer's codes): 873 of 960 cells differ; first at 0 got 1072.0/0x0x44860000 want 1277.0/0x0x449fa000
   !! int8 decode, quantizer in the launch 15x64x4112 decode.n16.w8.c64 (vs oracle on the host quantizer's codes): 873 of 960 cells differ; first at 0 got 1072.0/0x0x44860000 want 1277.0/0x0x449fa000
   !! int8 decode, quantizer in the launch 15x64x4112 decode.n16.w16.c64 (vs oracle on the host quantizer's codes): 873 of 960 cells differ; first at 0 got 1072.0/0x0x44860000 want 1277.0/0x0x449fa000
   !! int8 decode, quantizer in the launch 16x513x1000 decode.n16.w4.c64 (vs oracle on the host quantizer's codes): 7601 of 8208 cells differ; first at 0 got 13026.0/0x0x464b8800 want 13020.0/0x0x464b7000
   !! int8 decode, quantizer in the launch 16x513x1000 decode.n16.w8.c64 (vs oracle on the host quantizer's codes): 7601 of 8208 cells differ; first at 0 got 13026.0/0x0x464b8800 want 13020.0/0x0x464b7000
   !! int8 decode, quantizer in the launch 16x513x1000 decode.n16.w16.c64 (vs oracle on the host quantizer's codes): 7601 of 8208 cells differ; first at 0 got 13026.0/0x0x464b8800 want 13020.0/0x0x464b7000
   ok int8 decode, quantizer in the launch 1x40x14336
   !! int8 decode, quantizer in the launch 8x17x14338 decode.n16.w4.c64 (vs oracle on the host quantizer's codes): 112 of 136 cells differ; first at 0 got 6921.0/0x0x45d84800 want 6971.0/0x0x45d9d800
   !! int8 decode, quantizer in the launch 8x17x14338 decode.n16.w8.c64 (vs oracle on the host quantizer's codes): 112 of 136 cells differ; first at 0 got 6921.0/0x0x45d84800 want 6971.0/0x0x45d9d800
   !! int8 decode, quantizer in the launch 8x17x14338 decode.n16.w16.c64 (vs oracle on the host quantizer's codes): 112 of 136 cells differ; first at 0 got 6921.0/0x0x45d84800 want 6971.0/0x0x45d9d800
   !! int8 decode, quantizer in the launch 16x96x191 decode.n16.w4.c64 (vs oracle on the host quantizer's codes): 95 of 1536 cells differ; first at 0 got 152.0/0x0x43180000 want 155.0/0x0x431b0000
   !! int8 decode, quantizer in the launch 16x96x191 decode.n16.w8.c64 (vs oracle on the host quantizer's codes): 95 of 1536 cells differ; first at 0 got 152.0/0x0x43180000 want 155.0/0x0x431b0000
   !! int8 decode, quantizer in the launch 16x96x191 decode.n16.w16.c64 (vs oracle on the host quantizer's codes): 95 of 1536 cells differ; first at 0 got 152.0/0x0x43180000 want 155.0/0x0x431b0000
   decode-quant: 27 cases, 21 failed
!! GATE FAILED: check_decode_quant_in_launch
   21 of 27 decode-quant cases differ; first: int8 decode, quantizer in the launch 2x33x63 decode.n16.w4.c64 (vs oracle on the host quantizer's codes): 32 of 66 cells differ; first at 0 got -5.140625/0x0xc0a48000 want 10.1875/0x0x41230000
!! GATE FAILED: check_tuned_dispatch_is_batch_invariant
   tuned batch (dispatched vs oracle): 6000 of 6000 cells differ; first at 0 got -1259.0/0x0xc49d6000 want -1260.5469/0x0xc49d9180
== 4 gates, 4 failed ==
stack trace was not collected. Enable stack trace collection with environment variable `MODULAR_DEBUG=stack-trace-on-error`
Unhandled exception caught during execution: 4 of 4 gates failed
/root/mojolearn-lowbit-mma-speed/.pixi/envs/default/bin/mojo: error: execution exited with a non-zero result: 1
