✨ Pixi task (check-gemm-int15-sabotage in default): mojo run -D MOJOLEARN_NUMERIC_IDENTICAL=1 -D MOJOLEARN_LOWBIT_SABOTAGE=1 -I . gemm/checks/gemm_int15_check.mojo
276023 external/tcmalloc+/tcmalloc/internal/system_allocator.h:713] Warning: Unable to mbind memory (errno=1, base=0x39b3c0000000, nodemask=2)
276023 external/tcmalloc+/tcmalloc/internal/system_allocator.h:713] Warning: Unable to mbind memory (errno=1, base=0x117940000000, nodemask=1)
== gemm/checks/gemm_int15_check.mojo [IDENTICAL]  sabotage: LOWBIT_VALUE_FLIP  host sabotage: False ==
   profile: mojolearn.identical.gemm.int15i64.v1
   contract: gemm/IDENTICAL_LOWBIT_CONTRACT.md (THE FIFTEEN-BIT PROFILE)
   column: nvidia  int15 dispatch: mma (lib_int8_matrix_unit_for)
   ok 32767 codes split; 127 of them carry the high piece -128
ok check_int15_pieces_cover_every_code
   ok 73 planted sums, 48 of them inexact; the host's own conversion differs on 0
ok check_int15_sum_to_float_is_correctly_rounded
   ok 6134 of 6144 fixture values rounded, every error within a step
ok check_int15_quantizer_is_the_rule
   ok bounds: piece sum exact at k = 131071 and wrapped above; HL + LH exact at k = 66052 and wrapped above; the profile stops at 65536
ok check_int15_bounds_are_where_the_contract_says
   ok the pieces spelling equals the definition on 15 shapes
ok check_int15_pieces_oracle_matches_oracle
   NATIVE nvidia: the column's own int64 to float32 conversion differs from the correctly rounded word on 0 of 2121 planted sums
   ok 4312 recombinations and 2121 conversions equal the host
ok check_int15_device_integers_match_host
   ok 10280 codes, 40 exponents, the image and 32767 splits equal the host
ok check_int15_device_conversions_match_host
   DIGEST path-1x32x32 oracle 0x7b55f6c6c9a6d3d6
   DIGEST path-1x32x32 device 0xb940b3a85c3f3eaa
!! GATE FAILED: check_int15_device_matches_oracle
   int15 1x32x32: 32 of 32 cells differ; first at 0 got -17.126932/0x0xc18903f5 want -17.12693/0x0xc18903f4
   DIGEST plans-1x32x32 oracle 0x11b4a8af5ba13ce2
   DIGEST plans-1x32x32 flat 0x3cbe1331a17d61f4
   DIGEST plans-1x32x32 pieces 0x3cbe1331a17d61f4
   DIGEST plans-1x32x32 mma 0x3cbe1331a17d61f4
   DIGEST plans-1x32x32 dispatch-codes 0x3cbe1331a17d61f4
   DIGEST plans-1x32x32 dispatch-planes 0x3cbe1331a17d61f4
!! GATE FAILED: check_int15_plans_agree
   plans-1x32x32 (flat vs oracle): 32 of 32 cells differ; first at 0 got 57.35113/0x0x4265678f want 57.351128/0x0x4265678e; plans-1x32x32 (pieces vs oracle): 32 of 32 cells differ; first at 0 got 57.35113/0x0x4265678f want 57.351128/0x0x4265678e; plans-1x32x32 (mma vs oracle): 32 of 32 cells differ; first at 0 got 57.35113/0x0x4265678f want 57.351128/0x0x4265678e; plans-1x32x32 (dispatch-codes vs oracle): 32 of 32 cells differ; first at 0 got 57.35113/0x0x4265678f want 57.351128/0x0x4265678e; plans-1x32x32 (dispatch-planes vs oracle): 32 of 32 cells differ; first at 0 got 57.35113/0x0x4265678f want 57.351128/0x0x4265678e
   DIGEST planted-0.0-3x5x17 oracle 0xcce8ff9f34f2a1ea
   DIGEST planted-0.0-3x5x17 flat 0xd8f29d3b231072eb
   DIGEST planted-0.0-3x5x17 pieces 0xd8f29d3b231072eb
   DIGEST planted-0.0-3x5x17 mma 0xd8f29d3b231072eb
   DIGEST planted-0.0-3x5x17 dispatch-codes 0xd8f29d3b231072eb
   DIGEST planted-0.0-3x5x17 dispatch-planes 0xd8f29d3b231072eb
   DIGEST planted-0.1-3x5x17 oracle 0xb564081e55a67d6a
   DIGEST planted-0.1-3x5x17 flat 0x3b7612d59433d46b
   DIGEST planted-0.1-3x5x17 pieces 0x3b7612d59433d46b
   DIGEST planted-0.1-3x5x17 mma 0x3b7612d59433d46b
   DIGEST planted-0.1-3x5x17 dispatch-codes 0x3b7612d59433d46b
   DIGEST planted-0.1-3x5x17 dispatch-planes 0x3b7612d59433d46b
   DIGEST planted-0.2-3x5x17 oracle 0xe2fdb108394a3bda
   DIGEST planted-0.2-3x5x17 flat 0xeb4a2cd2af30de1b
   DIGEST planted-0.2-3x5x17 pieces 0xeb4a2cd2af30de1b
   DIGEST planted-0.2-3x5x17 mma 0xeb4a2cd2af30de1b
   DIGEST planted-0.2-3x5x17 dispatch-codes 0xeb4a2cd2af30de1b
   DIGEST planted-0.2-3x5x17 dispatch-planes 0xeb4a2cd2af30de1b
   DIGEST planted-0.3-3x5x17 oracle 0x151529fff6423281
   DIGEST planted-0.3-3x5x17 flat 0x98490377f3456860
   DIGEST planted-0.3-3x5x17 pieces 0x98490377f3456860
   DIGEST planted-0.3-3x5x17 mma 0x98490377f3456860
   DIGEST planted-0.3-3x5x17 dispatch-codes 0x98490377f3456860
   DIGEST planted-0.3-3x5x17 dispatch-planes 0x98490377f3456860
   DIGEST planted-0.4-3x5x17 oracle 0x5f0af7e8192efa35
   DIGEST planted-0.4-3x5x17 flat 0x978c303c2a6d4a35
   DIGEST planted-0.4-3x5x17 pieces 0x978c303c2a6d4a35
   DIGEST planted-0.4-3x5x17 mma 0x978c303c2a6d4a35
   DIGEST planted-0.4-3x5x17 dispatch-codes 0x978c303c2a6d4a35
   DIGEST planted-0.4-3x5x17 dispatch-planes 0x978c303c2a6d4a35
   DIGEST planted-0.5-3x5x17 oracle 0x5a3fe7cd06505bd9
   DIGEST planted-0.5-3x5x17 flat 0x5aea2a899bf86d6c
   DIGEST planted-0.5-3x5x17 pieces 0x5aea2a899bf86d6c
   DIGEST planted-0.5-3x5x17 mma 0x5aea2a899bf86d6c
   DIGEST planted-0.5-3x5x17 dispatch-codes 0x5aea2a899bf86d6c
   DIGEST planted-0.5-3x5x17 dispatch-planes 0x5aea2a899bf86d6c
   DIGEST planted-0.6-3x5x17 oracle 0xaad40ad0d4a1e55a
   DIGEST planted-0.6-3x5x17 flat 0x61c8dac99909949b
   DIGEST planted-0.6-3x5x17 pieces 0x61c8dac99909949b
   DIGEST planted-0.6-3x5x17 mma 0x61c8dac99909949b
   DIGEST planted-0.6-3x5x17 dispatch-codes 0x61c8dac99909949b
   DIGEST planted-0.6-3x5x17 dispatch-planes 0x61c8dac99909949b
   DIGEST planted-1.0-3x5x17 oracle 0xb564081e55a67d6a
   DIGEST planted-1.0-3x5x17 flat 0x3b7612d59433d46b
   DIGEST planted-1.0-3x5x17 pieces 0x3b7612d59433d46b
   DIGEST planted-1.0-3x5x17 mma 0x3b7612d59433d46b
   DIGEST planted-1.0-3x5x17 dispatch-codes 0x3b7612d59433d46b
   DIGEST planted-1.0-3x5x17 dispatch-planes 0x3b7612d59433d46b
   DIGEST planted-1.1-3x5x17 oracle 0xcce8ff9f34f2a1ea
   DIGEST planted-1.1-3x5x17 flat 0xd8f29d3b231072eb
   DIGEST planted-1.1-3x5x17 pieces 0xd8f29d3b231072eb
   DIGEST planted-1.1-3x5x17 mma 0xd8f29d3b231072eb
   DIGEST planted-1.1-3x5x17 dispatch-codes 0xd8f29d3b231072eb
   DIGEST planted-1.1-3x5x17 dispatch-planes 0xd8f29d3b231072eb
   DIGEST planted-1.2-3x5x17 oracle 0xaad40ad0d4a1e55a
   DIGEST planted-1.2-3x5x17 flat 0x61c8dac99909949b
   DIGEST planted-1.2-3x5x17 pieces 0x61c8dac99909949b
   DIGEST planted-1.2-3x5x17 mma 0x61c8dac99909949b
   DIGEST planted-1.2-3x5x17 dispatch-codes 0x61c8dac99909949b
   DIGEST planted-1.2-3x5x17 dispatch-planes 0x61c8dac99909949b
   DIGEST planted-1.3-3x5x17 oracle 0xfd1d72216f254d01
   DIGEST planted-1.3-3x5x17 flat 0xd0bdf9de5624c3e0
   DIGEST planted-1.3-3x5x17 pieces 0xd0bdf9de5624c3e0
   DIGEST planted-1.3-3x5x17 mma 0xd0bdf9de5624c3e0
   DIGEST planted-1.3-3x5x17 dispatch-codes 0xd0bdf9de5624c3e0
   DIGEST planted-1.3-3x5x17 dispatch-planes 0xd0bdf9de5624c3e0
   DIGEST planted-1.4-3x5x17 oracle 0x207a21bf4cf27b35
   DIGEST planted-1.4-3x5x17 flat 0xe25ef4ca25bacc35
   DIGEST planted-1.4-3x5x17 pieces 0xe25ef4ca25bacc35
   DIGEST planted-1.4-3x5x17 mma 0xe25ef4ca25bacc35
   DIGEST planted-1.4-3x5x17 dispatch-codes 0xe25ef4ca25bacc35
   DIGEST planted-1.4-3x5x17 dispatch-planes 0xe25ef4ca25bacc35
   DIGEST planted-1.5-3x5x17 oracle 0x2d36d75a8d935059
   DIGEST planted-1.5-3x5x17 flat 0x85a2df018cdccfec
   DIGEST planted-1.5-3x5x17 pieces 0x85a2df018cdccfec
   DIGEST planted-1.5-3x5x17 mma 0x85a2df018cdccfec
   DIGEST planted-1.5-3x5x17 dispatch-codes 0x85a2df018cdccfec
   DIGEST planted-1.5-3x5x17 dispatch-planes 0x85a2df018cdccfec
   DIGEST planted-1.6-3x5x17 oracle 0xe2fdb108394a3bda
   DIGEST planted-1.6-3x5x17 flat 0xeb4a2cd2af30de1b
   DIGEST planted-1.6-3x5x17 pieces 0xeb4a2cd2af30de1b
   DIGEST planted-1.6-3x5x17 mma 0xeb4a2cd2af30de1b
   DIGEST planted-1.6-3x5x17 dispatch-codes 0xeb4a2cd2af30de1b
   DIGEST planted-1.6-3x5x17 dispatch-planes 0xeb4a2cd2af30de1b
   DIGEST planted-2.0-3x5x17 oracle 0xe2fdb108394a3bda
   DIGEST planted-2.0-3x5x17 flat 0xeb4a2cd2af30de1b
   DIGEST planted-2.0-3x5x17 pieces 0xeb4a2cd2af30de1b
   DIGEST planted-2.0-3x5x17 mma 0xeb4a2cd2af30de1b
   DIGEST planted-2.0-3x5x17 dispatch-codes 0xeb4a2cd2af30de1b
   DIGEST planted-2.0-3x5x17 dispatch-planes 0xeb4a2cd2af30de1b
   DIGEST planted-2.1-3x5x17 oracle 0xaad40ad0d4a1e55a
   DIGEST planted-2.1-3x5x17 flat 0x61c8dac99909949b
   DIGEST planted-2.1-3x5x17 pieces 0x61c8dac99909949b
   DIGEST planted-2.1-3x5x17 mma 0x61c8dac99909949b
   DIGEST planted-2.1-3x5x17 dispatch-codes 0x61c8dac99909949b
   DIGEST planted-2.1-3x5x17 dispatch-planes 0x61c8dac99909949b
   DIGEST planted-2.2-3x5x17 oracle 0xf46c76fb950488eb
   DIGEST planted-2.2-3x5x17 flat 0x35e304f96eccc28a
   DIGEST planted-2.2-3x5x17 pieces 0x35e304f96eccc28a
   DIGEST planted-2.2-3x5x17 mma 0x35e304f96eccc28a
   DIGEST planted-2.2-3x5x17 dispatch-codes 0x35e304f96eccc28a
   DIGEST planted-2.2-3x5x17 dispatch-planes 0x35e304f96eccc28a
   DIGEST planted-2.3-3x5x17 oracle 0xefdd1fba721a3818
   DIGEST planted-2.3-3x5x17 flat 0x655c90995333ebf9
   DIGEST planted-2.3-3x5x17 pieces 0x655c90995333ebf9
   DIGEST planted-2.3-3x5x17 mma 0x655c90995333ebf9
   DIGEST planted-2.3-3x5x17 dispatch-codes 0x655c90995333ebf9
   DIGEST planted-2.3-3x5x17 dispatch-planes 0x655c90995333ebf9
   DIGEST planted-2.4-3x5x17 oracle 0x1c8841aac16eced
   DIGEST planted-2.4-3x5x17 flat 0xb9093ec38922c9cd
   DIGEST planted-2.4-3x5x17 pieces 0xb9093ec38922c9cd
   DIGEST planted-2.4-3x5x17 mma 0xb9093ec38922c9cd
   DIGEST planted-2.4-3x5x17 dispatch-codes 0xb9093ec38922c9cd
   DIGEST planted-2.4-3x5x17 dispatch-planes 0xb9093ec38922c9cd
   DIGEST planted-2.5-3x5x17 oracle 0x1f00862a46d2f28
   DIGEST planted-2.5-3x5x17 flat 0xa4511e502834abd1
   DIGEST planted-2.5-3x5x17 pieces 0xa4511e502834abd1
   DIGEST planted-2.5-3x5x17 mma 0xa4511e502834abd1
   DIGEST planted-2.5-3x5x17 dispatch-codes 0xa4511e502834abd1
   DIGEST planted-2.5-3x5x17 dispatch-planes 0xa4511e502834abd1
   DIGEST planted-2.6-3x5x17 oracle 0xcace0f495248a16b
   DIGEST planted-2.6-3x5x17 flat 0xf5eb54a70d93d80a
   DIGEST planted-2.6-3x5x17 pieces 0xf5eb54a70d93d80a
   DIGEST planted-2.6-3x5x17 mma 0xf5eb54a70d93d80a
   DIGEST planted-2.6-3x5x17 dispatch-codes 0xf5eb54a70d93d80a
   DIGEST planted-2.6-3x5x17 dispatch-planes 0xf5eb54a70d93d80a
   DIGEST planted-3.0-3x5x17 oracle 0x151529fff6423281
   DIGEST planted-3.0-3x5x17 flat 0x98490377f3456860
   DIGEST planted-3.0-3x5x17 pieces 0x98490377f3456860
   DIGEST planted-3.0-3x5x17 mma 0x98490377f3456860
   DIGEST planted-3.0-3x5x17 dispatch-codes 0x98490377f3456860
   DIGEST planted-3.0-3x5x17 dispatch-planes 0x98490377f3456860
   DIGEST planted-3.1-3x5x17 oracle 0xfd1d72216f254d01
   DIGEST planted-3.1-3x5x17 flat 0xd0bdf9de5624c3e0
   DIGEST planted-3.1-3x5x17 pieces 0xd0bdf9de5624c3e0
   DIGEST planted-3.1-3x5x17 mma 0xd0bdf9de5624c3e0
   DIGEST planted-3.1-3x5x17 dispatch-codes 0xd0bdf9de5624c3e0
   DIGEST planted-3.1-3x5x17 dispatch-planes 0xd0bdf9de5624c3e0
   DIGEST planted-3.2-3x5x17 oracle 0xefdd1fba721a3818
   DIGEST planted-3.2-3x5x17 flat 0x655c90995333ebf9
   DIGEST planted-3.2-3x5x17 pieces 0x655c90995333ebf9
   DIGEST planted-3.2-3x5x17 mma 0x655c90995333ebf9
   DIGEST planted-3.2-3x5x17 dispatch-codes 0x655c90995333ebf9
   DIGEST planted-3.2-3x5x17 dispatch-planes 0x655c90995333ebf9
   DIGEST planted-3.3-3x5x17 oracle 0xcce8ff9f34f2a1ea
   DIGEST planted-3.3-3x5x17 flat 0xd8f29d3b231072eb
   DIGEST planted-3.3-3x5x17 pieces 0xd8f29d3b231072eb
   DIGEST planted-3.3-3x5x17 mma 0xd8f29d3b231072eb
   DIGEST planted-3.3-3x5x17 dispatch-codes 0xd8f29d3b231072eb
   DIGEST planted-3.3-3x5x17 dispatch-planes 0xd8f29d3b231072eb
   DIGEST planted-3.4-3x5x17 oracle 0xbef38be739ce54c5
   DIGEST planted-3.4-3x5x17 flat 0xdac90ea36f5bb03d
   DIGEST planted-3.4-3x5x17 pieces 0xdac90ea36f5bb03d
   DIGEST planted-3.4-3x5x17 mma 0xdac90ea36f5bb03d
   DIGEST planted-3.4-3x5x17 dispatch-codes 0xdac90ea36f5bb03d
   DIGEST planted-3.4-3x5x17 dispatch-planes 0xdac90ea36f5bb03d
   DIGEST planted-3.5-3x5x17 oracle 0x64d0eb5ba6967141
   DIGEST planted-3.5-3x5x17 flat 0x803144589c332f14
   DIGEST planted-3.5-3x5x17 pieces 0x803144589c332f14
   DIGEST planted-3.5-3x5x17 mma 0x803144589c332f14
   DIGEST planted-3.5-3x5x17 dispatch-codes 0x803144589c332f14
   DIGEST planted-3.5-3x5x17 dispatch-planes 0x803144589c332f14
   DIGEST planted-3.6-3x5x17 oracle 0x79d80a379b0b598
   DIGEST planted-3.6-3x5x17 flat 0x334a5c216cb74479
   DIGEST planted-3.6-3x5x17 pieces 0x334a5c216cb74479
   DIGEST planted-3.6-3x5x17 mma 0x334a5c216cb74479
   DIGEST planted-3.6-3x5x17 dispatch-codes 0x334a5c216cb74479
   DIGEST planted-3.6-3x5x17 dispatch-planes 0x334a5c216cb74479
   DIGEST planted-4.0-3x5x17 oracle 0xa4e9d72699ad7965
   DIGEST planted-4.0-3x5x17 flat 0x8b02e260ab231725
   DIGEST planted-4.0-3x5x17 pieces 0x8b02e260ab231725
   DIGEST planted-4.0-3x5x17 mma 0x8b02e260ab231725
   DIGEST planted-4.0-3x5x17 dispatch-codes 0x8b02e260ab231725
   DIGEST planted-4.0-3x5x17 dispatch-planes 0x8b02e260ab231725
   DIGEST planted-4.1-3x5x17 oracle 0x9dd7ec7ea442c065
   DIGEST planted-4.1-3x5x17 flat 0x40903ed908847c25
   DIGEST planted-4.1-3x5x17 pieces 0x40903ed908847c25
   DIGEST planted-4.1-3x5x17 mma 0x40903ed908847c25
   DIGEST planted-4.1-3x5x17 dispatch-codes 0x40903ed908847c25
   DIGEST planted-4.1-3x5x17 dispatch-planes 0x40903ed908847c25
   DIGEST planted-4.2-3x5x17 oracle 0xc4c688abc8bbaa59
   DIGEST planted-4.2-3x5x17 flat 0xa6fab77e2894ab49
   DIGEST planted-4.2-3x5x17 pieces 0xa6fab77e2894ab49
   DIGEST planted-4.2-3x5x17 mma 0xa6fab77e2894ab49
   DIGEST planted-4.2-3x5x17 dispatch-codes 0xa6fab77e2894ab49
   DIGEST planted-4.2-3x5x17 dispatch-planes 0xa6fab77e2894ab49
   DIGEST planted-4.3-3x5x17 oracle 0xe5bfa54652cd279d
   DIGEST planted-4.3-3x5x17 flat 0x169509d0ff2accc1
   DIGEST planted-4.3-3x5x17 pieces 0x169509d0ff2accc1
   DIGEST planted-4.3-3x5x17 mma 0x169509d0ff2accc1
   DIGEST planted-4.3-3x5x17 dispatch-codes 0x169509d0ff2accc1
   DIGEST planted-4.3-3x5x17 dispatch-planes 0x169509d0ff2accc1
   DIGEST planted-4.4-3x5x17 oracle 0x45c3916e3afd3c95
   DIGEST planted-4.4-3x5x17 flat 0xdaaebd31b6ecc815
   DIGEST planted-4.4-3x5x17 pieces 0xdaaebd31b6ecc815
   DIGEST planted-4.4-3x5x17 mma 0xdaaebd31b6ecc815
   DIGEST planted-4.4-3x5x17 dispatch-codes 0xdaaebd31b6ecc815
   DIGEST planted-4.4-3x5x17 dispatch-planes 0xdaaebd31b6ecc815
   DIGEST planted-4.5-3x5x17 oracle 0xecfef9f9a4eb748d
   DIGEST planted-4.5-3x5x17 flat 0x9fdad5c47f4b1ccd
   DIGEST planted-4.5-3x5x17 pieces 0x9fdad5c47f4b1ccd
   DIGEST planted-4.5-3x5x17 mma 0x9fdad5c47f4b1ccd
   DIGEST planted-4.5-3x5x17 dispatch-codes 0x9fdad5c47f4b1ccd
   DIGEST planted-4.5-3x5x17 dispatch-planes 0x9fdad5c47f4b1ccd
   DIGEST planted-4.6-3x5x17 oracle 0x9d3920241044cf59
   DIGEST planted-4.6-3x5x17 flat 0x525963dc0014f849
   DIGEST planted-4.6-3x5x17 pieces 0x525963dc0014f849
   DIGEST planted-4.6-3x5x17 mma 0x525963dc0014f849
   DIGEST planted-4.6-3x5x17 dispatch-codes 0x525963dc0014f849
   DIGEST planted-4.6-3x5x17 dispatch-planes 0x525963dc0014f849
   DIGEST planted-5.0-3x5x17 oracle 0x8cc7ee5cfa9eeab2
   DIGEST planted-5.0-3x5x17 flat 0x14cdefaf9a3376c7
   DIGEST planted-5.0-3x5x17 pieces 0x14cdefaf9a3376c7
   DIGEST planted-5.0-3x5x17 mma 0x14cdefaf9a3376c7
   DIGEST planted-5.0-3x5x17 dispatch-codes 0x14cdefaf9a3376c7
   DIGEST planted-5.0-3x5x17 dispatch-planes 0x14cdefaf9a3376c7
   DIGEST planted-5.1-3x5x17 oracle 0x7cce0ff6a26f5532
   DIGEST planted-5.1-3x5x17 flat 0x6d9d6c6e242f2e47
   DIGEST planted-5.1-3x5x17 pieces 0x6d9d6c6e242f2e47
   DIGEST planted-5.1-3x5x17 mma 0x6d9d6c6e242f2e47
   DIGEST planted-5.1-3x5x17 dispatch-codes 0x6d9d6c6e242f2e47
   DIGEST planted-5.1-3x5x17 dispatch-planes 0x6d9d6c6e242f2e47
   DIGEST planted-5.2-3x5x17 oracle 0x399187c6f473448a
   DIGEST planted-5.2-3x5x17 flat 0xd6268bd44d8c0bb7
   DIGEST planted-5.2-3x5x17 pieces 0xd6268bd44d8c0bb7
   DIGEST planted-5.2-3x5x17 mma 0xd6268bd44d8c0bb7
   DIGEST planted-5.2-3x5x17 dispatch-codes 0xd6268bd44d8c0bb7
   DIGEST planted-5.2-3x5x17 dispatch-planes 0xd6268bd44d8c0bb7
   DIGEST planted-5.3-3x5x17 oracle 0xc7ad4b78eb7dd925
   DIGEST planted-5.3-3x5x17 flat 0x30585152c3154a5a
   DIGEST planted-5.3-3x5x17 pieces 0x30585152c3154a5a
   DIGEST planted-5.3-3x5x17 mma 0x30585152c3154a5a
   DIGEST planted-5.3-3x5x17 dispatch-codes 0x30585152c3154a5a
   DIGEST planted-5.3-3x5x17 dispatch-planes 0x30585152c3154a5a
   DIGEST planted-5.4-3x5x17 oracle 0x9d4958f5fc10242d
   DIGEST planted-5.4-3x5x17 flat 0xd5be3bb9965a4ed
   DIGEST planted-5.4-3x5x17 pieces 0xd5be3bb9965a4ed
   DIGEST planted-5.4-3x5x17 mma 0xd5be3bb9965a4ed
   DIGEST planted-5.4-3x5x17 dispatch-codes 0xd5be3bb9965a4ed
   DIGEST planted-5.4-3x5x17 dispatch-planes 0xd5be3bb9965a4ed
   DIGEST planted-5.5-3x5x17 oracle 0xc151a0a976112028
   DIGEST planted-5.5-3x5x17 flat 0xebdfd3de6ddcaf77
   DIGEST planted-5.5-3x5x17 pieces 0xebdfd3de6ddcaf77
   DIGEST planted-5.5-3x5x17 mma 0xebdfd3de6ddcaf77
   DIGEST planted-5.5-3x5x17 dispatch-codes 0xebdfd3de6ddcaf77
   DIGEST planted-5.5-3x5x17 dispatch-planes 0xebdfd3de6ddcaf77
   DIGEST planted-5.6-3x5x17 oracle 0xb6907078b2832d0a
   DIGEST planted-5.6-3x5x17 flat 0xc11e9e59a7221237
   DIGEST planted-5.6-3x5x17 pieces 0xc11e9e59a7221237
   DIGEST planted-5.6-3x5x17 mma 0xc11e9e59a7221237
   DIGEST planted-5.6-3x5x17 dispatch-codes 0xc11e9e59a7221237
   DIGEST planted-5.6-3x5x17 dispatch-planes 0xc11e9e59a7221237
   DIGEST planted-6.0-3x5x17 oracle 0xaad40ad0d4a1e55a
   DIGEST planted-6.0-3x5x17 flat 0x61c8dac99909949b
   DIGEST planted-6.0-3x5x17 pieces 0x61c8dac99909949b
   DIGEST planted-6.0-3x5x17 mma 0x61c8dac99909949b
   DIGEST planted-6.0-3x5x17 dispatch-codes 0x61c8dac99909949b
   DIGEST planted-6.0-3x5x17 dispatch-planes 0x61c8dac99909949b
   DIGEST planted-6.1-3x5x17 oracle 0xe2fdb108394a3bda
   DIGEST planted-6.1-3x5x17 flat 0xeb4a2cd2af30de1b
   DIGEST planted-6.1-3x5x17 pieces 0xeb4a2cd2af30de1b
   DIGEST planted-6.1-3x5x17 mma 0xeb4a2cd2af30de1b
   DIGEST planted-6.1-3x5x17 dispatch-codes 0xeb4a2cd2af30de1b
   DIGEST planted-6.1-3x5x17 dispatch-planes 0xeb4a2cd2af30de1b
   DIGEST planted-6.2-3x5x17 oracle 0xcace0f495248a16b
   DIGEST planted-6.2-3x5x17 flat 0xf5eb54a70d93d80a
   DIGEST planted-6.2-3x5x17 pieces 0xf5eb54a70d93d80a
   DIGEST planted-6.2-3x5x17 mma 0xf5eb54a70d93d80a
   DIGEST planted-6.2-3x5x17 dispatch-codes 0xf5eb54a70d93d80a
   DIGEST planted-6.2-3x5x17 dispatch-planes 0xf5eb54a70d93d80a
   DIGEST planted-6.3-3x5x17 oracle 0x79d80a379b0b598
   DIGEST planted-6.3-3x5x17 flat 0x334a5c216cb74479
   DIGEST planted-6.3-3x5x17 pieces 0x334a5c216cb74479
   DIGEST planted-6.3-3x5x17 mma 0x334a5c216cb74479
   DIGEST planted-6.3-3x5x17 dispatch-codes 0x334a5c216cb74479
   DIGEST planted-6.3-3x5x17 dispatch-planes 0x334a5c216cb74479
   DIGEST planted-6.4-3x5x17 oracle 0x804f01342470bed
   DIGEST planted-6.4-3x5x17 flat 0xc328c58af0d54ecd
   DIGEST planted-6.4-3x5x17 pieces 0xc328c58af0d54ecd
   DIGEST planted-6.4-3x5x17 mma 0xc328c58af0d54ecd
   DIGEST planted-6.4-3x5x17 dispatch-codes 0xc328c58af0d54ecd
   DIGEST planted-6.4-3x5x17 dispatch-planes 0xc328c58af0d54ecd
   DIGEST planted-6.5-3x5x17 oracle 0x15372a4197c9b7a8
   DIGEST planted-6.5-3x5x17 flat 0x1350497b8cb02851
   DIGEST planted-6.5-3x5x17 pieces 0x1350497b8cb02851
   DIGEST planted-6.5-3x5x17 mma 0x1350497b8cb02851
   DIGEST planted-6.5-3x5x17 dispatch-codes 0x1350497b8cb02851
   DIGEST planted-6.5-3x5x17 dispatch-planes 0x1350497b8cb02851
   DIGEST planted-6.6-3x5x17 oracle 0xf46c76fb950488eb
   DIGEST planted-6.6-3x5x17 flat 0x35e304f96eccc28a
   DIGEST planted-6.6-3x5x17 pieces 0x35e304f96eccc28a
   DIGEST planted-6.6-3x5x17 mma 0x35e304f96eccc28a
   DIGEST planted-6.6-3x5x17 dispatch-codes 0x35e304f96eccc28a
   DIGEST planted-6.6-3x5x17 dispatch-planes 0x35e304f96eccc28a
   DIGEST planted-0.0-17x33x1000 oracle 0xe939e416194b24c2
   DIGEST planted-0.0-17x33x1000 flat 0x22712914ba2ca387
   DIGEST planted-0.0-17x33x1000 pieces 0x22712914ba2ca387
   DIGEST planted-0.0-17x33x1000 mma 0x22712914ba2ca387
   DIGEST planted-0.0-17x33x1000 dispatch-codes 0x22712914ba2ca387
   DIGEST planted-0.0-17x33x1000 dispatch-planes 0x22712914ba2ca387
   DIGEST planted-0.1-17x33x1000 oracle 0x7756a1b254454b42
   DIGEST planted-0.1-17x33x1000 flat 0x44ceb61aca88ca07
   DIGEST planted-0.1-17x33x1000 pieces 0x44ceb61aca88ca07
   DIGEST planted-0.1-17x33x1000 mma 0x44ceb61aca88ca07
   DIGEST planted-0.1-17x33x1000 dispatch-codes 0x44ceb61aca88ca07
   DIGEST planted-0.1-17x33x1000 dispatch-planes 0x44ceb61aca88ca07
   DIGEST planted-0.2-17x33x1000 oracle 0x70fe7870e8298d0b
   DIGEST planted-0.2-17x33x1000 flat 0x161117c056d21396
   DIGEST planted-0.2-17x33x1000 pieces 0x161117c056d21396
   DIGEST planted-0.2-17x33x1000 mma 0x161117c056d21396
   DIGEST planted-0.2-17x33x1000 dispatch-codes 0x161117c056d21396
   DIGEST planted-0.2-17x33x1000 dispatch-planes 0x161117c056d21396
   DIGEST planted-0.3-17x33x1000 oracle 0xcb1e820bbe2ad2f5
   DIGEST planted-0.3-17x33x1000 flat 0x9d4e64f3f4463e75
   DIGEST planted-0.3-17x33x1000 pieces 0x9d4e64f3f4463e75
   DIGEST planted-0.3-17x33x1000 mma 0x9d4e64f3f4463e75
   DIGEST planted-0.3-17x33x1000 dispatch-codes 0x9d4e64f3f4463e75
   DIGEST planted-0.3-17x33x1000 dispatch-planes 0x9d4e64f3f4463e75
   DIGEST planted-0.4-17x33x1000 oracle 0xb36825cd84a2efb5
   DIGEST planted-0.4-17x33x1000 flat 0x3e7e3a550abdb675
   DIGEST planted-0.4-17x33x1000 pieces 0x3e7e3a550abdb675
   DIGEST planted-0.4-17x33x1000 mma 0x3e7e3a550abdb675
   DIGEST planted-0.4-17x33x1000 dispatch-codes 0x3e7e3a550abdb675
   DIGEST planted-0.4-17x33x1000 dispatch-planes 0x3e7e3a550abdb675
   DIGEST planted-0.6-17x33x1000 oracle 0xbc9f9a500546e68b
   DIGEST planted-0.6-17x33x1000 flat 0x38384d5bfebecb16
   DIGEST planted-0.6-17x33x1000 pieces 0x38384d5bfebecb16
   DIGEST planted-0.6-17x33x1000 mma 0x38384d5bfebecb16
   DIGEST planted-0.6-17x33x1000 dispatch-codes 0x38384d5bfebecb16
   DIGEST planted-0.6-17x33x1000 dispatch-planes 0x38384d5bfebecb16
   DIGEST planted-1.0-17x33x1000 oracle 0x7756a1b254454b42
   DIGEST planted-1.0-17x33x1000 flat 0x44ceb61aca88ca07
   DIGEST planted-1.0-17x33x1000 pieces 0x44ceb61aca88ca07
   DIGEST planted-1.0-17x33x1000 mma 0x44ceb61aca88ca07
   DIGEST planted-1.0-17x33x1000 dispatch-codes 0x44ceb61aca88ca07
   DIGEST planted-1.0-17x33x1000 dispatch-planes 0x44ceb61aca88ca07
   DIGEST planted-1.1-17x33x1000 oracle 0xe939e416194b24c2
   DIGEST planted-1.1-17x33x1000 flat 0x22712914ba2ca387
   DIGEST planted-1.1-17x33x1000 pieces 0x22712914ba2ca387
   DIGEST planted-1.1-17x33x1000 mma 0x22712914ba2ca387
   DIGEST planted-1.1-17x33x1000 dispatch-codes 0x22712914ba2ca387
   DIGEST planted-1.1-17x33x1000 dispatch-planes 0x22712914ba2ca387
   DIGEST planted-1.2-17x33x1000 oracle 0xbc9f9a500546e68b
   DIGEST planted-1.2-17x33x1000 flat 0x38384d5bfebecb16
   DIGEST planted-1.2-17x33x1000 pieces 0x38384d5bfebecb16
   DIGEST planted-1.2-17x33x1000 mma 0x38384d5bfebecb16
   DIGEST planted-1.2-17x33x1000 dispatch-codes 0x38384d5bfebecb16
   DIGEST planted-1.2-17x33x1000 dispatch-planes 0x38384d5bfebecb16
   DIGEST planted-1.3-17x33x1000 oracle 0xcb1e820bbe2ad2f5
   DIGEST planted-1.3-17x33x1000 flat 0x9d4e64f3f4463e75
   DIGEST planted-1.3-17x33x1000 pieces 0x9d4e64f3f4463e75
   DIGEST planted-1.3-17x33x1000 mma 0x9d4e64f3f4463e75
   DIGEST planted-1.3-17x33x1000 dispatch-codes 0x9d4e64f3f4463e75
   DIGEST planted-1.3-17x33x1000 dispatch-planes 0x9d4e64f3f4463e75
   DIGEST planted-1.4-17x33x1000 oracle 0xf976bbb0212db1b5
   DIGEST planted-1.4-17x33x1000 flat 0xcb97a9c738d4b675
   DIGEST planted-1.4-17x33x1000 pieces 0xcb97a9c738d4b675
   DIGEST planted-1.4-17x33x1000 mma 0xcb97a9c738d4b675
   DIGEST planted-1.4-17x33x1000 dispatch-codes 0xcb97a9c738d4b675
   DIGEST planted-1.4-17x33x1000 dispatch-planes 0xcb97a9c738d4b675
   DIGEST planted-1.6-17x33x1000 oracle 0x70fe7870e8298d0b
   DIGEST planted-1.6-17x33x1000 flat 0x161117c056d21396
   DIGEST planted-1.6-17x33x1000 pieces 0x161117c056d21396
   DIGEST planted-1.6-17x33x1000 mma 0x161117c056d21396
   DIGEST planted-1.6-17x33x1000 dispatch-codes 0x161117c056d21396
   DIGEST planted-1.6-17x33x1000 dispatch-planes 0x161117c056d21396
   DIGEST planted-2.0-17x33x1000 oracle 0x70fe7870e8298d0b
   DIGEST planted-2.0-17x33x1000 flat 0x161117c056d21396
   DIGEST planted-2.0-17x33x1000 pieces 0x161117c056d21396
   DIGEST planted-2.0-17x33x1000 mma 0x161117c056d21396
   DIGEST planted-2.0-17x33x1000 dispatch-codes 0x161117c056d21396
   DIGEST planted-2.0-17x33x1000 dispatch-planes 0x161117c056d21396
   DIGEST planted-2.1-17x33x1000 oracle 0xbc9f9a500546e68b
   DIGEST planted-2.1-17x33x1000 flat 0x38384d5bfebecb16
   DIGEST planted-2.1-17x33x1000 pieces 0x38384d5bfebecb16
   DIGEST planted-2.1-17x33x1000 mma 0x38384d5bfebecb16
   DIGEST planted-2.1-17x33x1000 dispatch-codes 0x38384d5bfebecb16
   DIGEST planted-2.1-17x33x1000 dispatch-planes 0x38384d5bfebecb16
   DIGEST planted-2.2-17x33x1000 oracle 0xda82cd17e2bf4944
   DIGEST planted-2.2-17x33x1000 flat 0xbf1cc2ef6e4ce2a1
   DIGEST planted-2.2-17x33x1000 pieces 0xbf1cc2ef6e4ce2a1
   DIGEST planted-2.2-17x33x1000 mma 0xbf1cc2ef6e4ce2a1
   DIGEST planted-2.2-17x33x1000 dispatch-codes 0xbf1cc2ef6e4ce2a1
   DIGEST planted-2.2-17x33x1000 dispatch-planes 0xbf1cc2ef6e4ce2a1
   DIGEST planted-2.3-17x33x1000 oracle 0xcb1e820bbe2ad2f5
   DIGEST planted-2.3-17x33x1000 flat 0x9d4e64f3f4463e75
   DIGEST planted-2.3-17x33x1000 pieces 0x9d4e64f3f4463e75
   DIGEST planted-2.3-17x33x1000 mma 0x9d4e64f3f4463e75
   DIGEST planted-2.3-17x33x1000 dispatch-codes 0x9d4e64f3f4463e75
   DIGEST planted-2.3-17x33x1000 dispatch-planes 0x9d4e64f3f4463e75
   DIGEST planted-2.4-17x33x1000 oracle 0xedf1c59295af2cf5
   DIGEST planted-2.4-17x33x1000 flat 0xc66130fe586df335
   DIGEST planted-2.4-17x33x1000 pieces 0xc66130fe586df335
   DIGEST planted-2.4-17x33x1000 mma 0xc66130fe586df335
   DIGEST planted-2.4-17x33x1000 dispatch-codes 0xc66130fe586df335
   DIGEST planted-2.4-17x33x1000 dispatch-planes 0xc66130fe586df335
   DIGEST planted-2.6-17x33x1000 oracle 0xcf08f74251bc77c4
   DIGEST planted-2.6-17x33x1000 flat 0x95523cd24afdbc21
   DIGEST planted-2.6-17x33x1000 pieces 0x95523cd24afdbc21
   DIGEST planted-2.6-17x33x1000 mma 0x95523cd24afdbc21
   DIGEST planted-2.6-17x33x1000 dispatch-codes 0x95523cd24afdbc21
   DIGEST planted-2.6-17x33x1000 dispatch-planes 0x95523cd24afdbc21
   DIGEST planted-3.0-17x33x1000 oracle 0xcb1e820bbe2ad2f5
   DIGEST planted-3.0-17x33x1000 flat 0x9d4e64f3f4463e75
   DIGEST planted-3.0-17x33x1000 pieces 0x9d4e64f3f4463e75
   DIGEST planted-3.0-17x33x1000 mma 0x9d4e64f3f4463e75
   DIGEST planted-3.0-17x33x1000 dispatch-codes 0x9d4e64f3f4463e75
   DIGEST planted-3.0-17x33x1000 dispatch-planes 0x9d4e64f3f4463e75
   DIGEST planted-3.1-17x33x1000 oracle 0xcb1e820bbe2ad2f5
   DIGEST planted-3.1-17x33x1000 flat 0x9d4e64f3f4463e75
   DIGEST planted-3.1-17x33x1000 pieces 0x9d4e64f3f4463e75
   DIGEST planted-3.1-17x33x1000 mma 0x9d4e64f3f4463e75
   DIGEST planted-3.1-17x33x1000 dispatch-codes 0x9d4e64f3f4463e75
   DIGEST planted-3.1-17x33x1000 dispatch-planes 0x9d4e64f3f4463e75
   DIGEST planted-3.2-17x33x1000 oracle 0xcb1e820bbe2ad2f5
   DIGEST planted-3.2-17x33x1000 flat 0x9d4e64f3f4463e75
   DIGEST planted-3.2-17x33x1000 pieces 0x9d4e64f3f4463e75
   DIGEST planted-3.2-17x33x1000 mma 0x9d4e64f3f4463e75
   DIGEST planted-3.2-17x33x1000 dispatch-codes 0x9d4e64f3f4463e75
   DIGEST planted-3.2-17x33x1000 dispatch-planes 0x9d4e64f3f4463e75
   DIGEST planted-3.3-17x33x1000 oracle 0xe939e416194b24c2
   DIGEST planted-3.3-17x33x1000 flat 0x22712914ba2ca387
   DIGEST planted-3.3-17x33x1000 pieces 0x22712914ba2ca387
   DIGEST planted-3.3-17x33x1000 mma 0x22712914ba2ca387
   DIGEST planted-3.3-17x33x1000 dispatch-codes 0x22712914ba2ca387
   DIGEST planted-3.3-17x33x1000 dispatch-planes 0x22712914ba2ca387
   DIGEST planted-3.4-17x33x1000 oracle 0xcb1e820bbe2ad2f5
   DIGEST planted-3.4-17x33x1000 flat 0x9d4e64f3f4463e75
   DIGEST planted-3.4-17x33x1000 pieces 0x9d4e64f3f4463e75
   DIGEST planted-3.4-17x33x1000 mma 0x9d4e64f3f4463e75
   DIGEST planted-3.4-17x33x1000 dispatch-codes 0x9d4e64f3f4463e75
   DIGEST planted-3.4-17x33x1000 dispatch-planes 0x9d4e64f3f4463e75
   DIGEST planted-3.6-17x33x1000 oracle 0xcb1e820bbe2ad2f5
   DIGEST planted-3.6-17x33x1000 flat 0x9d4e64f3f4463e75
   DIGEST planted-3.6-17x33x1000 pieces 0x9d4e64f3f4463e75
   DIGEST planted-3.6-17x33x1000 mma 0x9d4e64f3f4463e75
   DIGEST planted-3.6-17x33x1000 dispatch-codes 0x9d4e64f3f4463e75
   DIGEST planted-3.6-17x33x1000 dispatch-planes 0x9d4e64f3f4463e75
   DIGEST planted-4.0-17x33x1000 oracle 0x366ec63ade3a4655
   DIGEST planted-4.0-17x33x1000 flat 0x6777c66f37251a75
   DIGEST planted-4.0-17x33x1000 pieces 0x6777c66f37251a75
   DIGEST planted-4.0-17x33x1000 mma 0x6777c66f37251a75
   DIGEST planted-4.0-17x33x1000 dispatch-codes 0x6777c66f37251a75
   DIGEST planted-4.0-17x33x1000 dispatch-planes 0x6777c66f37251a75
   DIGEST planted-4.1-17x33x1000 oracle 0xbfd8d1dcd8ca9f55
   DIGEST planted-4.1-17x33x1000 flat 0x4b149293c5609a75
   DIGEST planted-4.1-17x33x1000 pieces 0x4b149293c5609a75
   DIGEST planted-4.1-17x33x1000 mma 0x4b149293c5609a75
   DIGEST planted-4.1-17x33x1000 dispatch-codes 0x4b149293c5609a75
   DIGEST planted-4.1-17x33x1000 dispatch-planes 0x4b149293c5609a75
   DIGEST planted-4.2-17x33x1000 oracle 0x4139285c38346ff5
   DIGEST planted-4.2-17x33x1000 flat 0x7e1d350e1ff84815
   DIGEST planted-4.2-17x33x1000 pieces 0x7e1d350e1ff84815
   DIGEST planted-4.2-17x33x1000 mma 0x7e1d350e1ff84815
   DIGEST planted-4.2-17x33x1000 dispatch-codes 0x7e1d350e1ff84815
   DIGEST planted-4.2-17x33x1000 dispatch-planes 0x7e1d350e1ff84815
   DIGEST planted-4.3-17x33x1000 oracle 0xcb1e820bbe2ad2f5
   DIGEST planted-4.3-17x33x1000 flat 0x9d4e64f3f4463e75
   DIGEST planted-4.3-17x33x1000 pieces 0x9d4e64f3f4463e75
   DIGEST planted-4.3-17x33x1000 mma 0x9d4e64f3f4463e75
   DIGEST planted-4.3-17x33x1000 dispatch-codes 0x9d4e64f3f4463e75
   DIGEST planted-4.3-17x33x1000 dispatch-planes 0x9d4e64f3f4463e75
   DIGEST planted-4.4-17x33x1000 oracle 0xf4892fda91cd4ef5
   DIGEST planted-4.4-17x33x1000 flat 0x6ce6d6fca142fe75
   DIGEST planted-4.4-17x33x1000 pieces 0x6ce6d6fca142fe75
   DIGEST planted-4.4-17x33x1000 mma 0x6ce6d6fca142fe75
   DIGEST planted-4.4-17x33x1000 dispatch-codes 0x6ce6d6fca142fe75
   DIGEST planted-4.4-17x33x1000 dispatch-planes 0x6ce6d6fca142fe75
   DIGEST planted-4.6-17x33x1000 oracle 0x8b4f498255b46ff5
   DIGEST planted-4.6-17x33x1000 flat 0xe1b0716d0dc7c515
   DIGEST planted-4.6-17x33x1000 pieces 0xe1b0716d0dc7c515
   DIGEST planted-4.6-17x33x1000 mma 0xe1b0716d0dc7c515
   DIGEST planted-4.6-17x33x1000 dispatch-codes 0xe1b0716d0dc7c515
   DIGEST planted-4.6-17x33x1000 dispatch-planes 0xe1b0716d0dc7c515
   DIGEST planted-5.5-17x33x1000 oracle 0x6d6fafdc5189925d
   DIGEST planted-5.5-17x33x1000 flat 0x464cb8b43c3817a1
   DIGEST planted-5.5-17x33x1000 pieces 0x464cb8b43c3817a1
   DIGEST planted-5.5-17x33x1000 mma 0x464cb8b43c3817a1
   DIGEST planted-5.5-17x33x1000 dispatch-codes 0x464cb8b43c3817a1
   DIGEST planted-5.5-17x33x1000 dispatch-planes 0x464cb8b43c3817a1
   DIGEST planted-6.0-17x33x1000 oracle 0xbc9f9a500546e68b
   DIGEST planted-6.0-17x33x1000 flat 0x38384d5bfebecb16
   DIGEST planted-6.0-17x33x1000 pieces 0x38384d5bfebecb16
   DIGEST planted-6.0-17x33x1000 mma 0x38384d5bfebecb16
   DIGEST planted-6.0-17x33x1000 dispatch-codes 0x38384d5bfebecb16
   DIGEST planted-6.0-17x33x1000 dispatch-planes 0x38384d5bfebecb16
   DIGEST planted-6.1-17x33x1000 oracle 0x70fe7870e8298d0b
   DIGEST planted-6.1-17x33x1000 flat 0x161117c056d21396
   DIGEST planted-6.1-17x33x1000 pieces 0x161117c056d21396
   DIGEST planted-6.1-17x33x1000 mma 0x161117c056d21396
   DIGEST planted-6.1-17x33x1000 dispatch-codes 0x161117c056d21396
   DIGEST planted-6.1-17x33x1000 dispatch-planes 0x161117c056d21396
   DIGEST planted-6.2-17x33x1000 oracle 0xcf08f74251bc77c4
   DIGEST planted-6.2-17x33x1000 flat 0x95523cd24afdbc21
   DIGEST planted-6.2-17x33x1000 pieces 0x95523cd24afdbc21
   DIGEST planted-6.2-17x33x1000 mma 0x95523cd24afdbc21
   DIGEST planted-6.2-17x33x1000 dispatch-codes 0x95523cd24afdbc21
   DIGEST planted-6.2-17x33x1000 dispatch-planes 0x95523cd24afdbc21
   DIGEST planted-6.3-17x33x1000 oracle 0xcb1e820bbe2ad2f5
   DIGEST planted-6.3-17x33x1000 flat 0x9d4e64f3f4463e75
   DIGEST planted-6.3-17x33x1000 pieces 0x9d4e64f3f4463e75
   DIGEST planted-6.3-17x33x1000 mma 0x9d4e64f3f4463e75
   DIGEST planted-6.3-17x33x1000 dispatch-codes 0x9d4e64f3f4463e75
   DIGEST planted-6.3-17x33x1000 dispatch-planes 0x9d4e64f3f4463e75
   DIGEST planted-6.4-17x33x1000 oracle 0x65b04ea110af2cf5
   DIGEST planted-6.4-17x33x1000 flat 0xac1b5f37f6eb8635
   DIGEST planted-6.4-17x33x1000 pieces 0xac1b5f37f6eb8635
   DIGEST planted-6.4-17x33x1000 mma 0xac1b5f37f6eb8635
   DIGEST planted-6.4-17x33x1000 dispatch-codes 0xac1b5f37f6eb8635
   DIGEST planted-6.4-17x33x1000 dispatch-planes 0xac1b5f37f6eb8635
   DIGEST planted-6.6-17x33x1000 oracle 0xda82cd17e2bf4944
   DIGEST planted-6.6-17x33x1000 flat 0xbf1cc2ef6e4ce2a1
   DIGEST planted-6.6-17x33x1000 pieces 0xbf1cc2ef6e4ce2a1
   DIGEST planted-6.6-17x33x1000 mma 0xbf1cc2ef6e4ce2a1
   DIGEST planted-6.6-17x33x1000 dispatch-codes 0xbf1cc2ef6e4ce2a1
   DIGEST planted-6.6-17x33x1000 dispatch-planes 0xbf1cc2ef6e4ce2a1
   DIGEST planted-0.0-1x40x4097 oracle 0xf1cd2c160ea14165
   DIGEST planted-0.0-1x40x4097 flat 0x56eeba774cb2f265
   DIGEST planted-0.0-1x40x4097 pieces 0x56eeba774cb2f265
   DIGEST planted-0.0-1x40x4097 mma 0x56eeba774cb2f265
   DIGEST planted-0.0-1x40x4097 dispatch-codes 0x56eeba774cb2f265
   DIGEST planted-0.0-1x40x4097 dispatch-planes 0x56eeba774cb2f265
   DIGEST planted-0.1-1x40x4097 oracle 0x7d5cd3eb9f4dff65
   DIGEST planted-0.1-1x40x4097 flat 0x9bde68cd8d6e7565
   DIGEST planted-0.1-1x40x4097 pieces 0x9bde68cd8d6e7565
   DIGEST planted-0.1-1x40x4097 mma 0x9bde68cd8d6e7565
   DIGEST planted-0.1-1x40x4097 dispatch-codes 0x9bde68cd8d6e7565
   DIGEST planted-0.1-1x40x4097 dispatch-planes 0x9bde68cd8d6e7565
   DIGEST planted-0.2-1x40x4097 oracle 0x6fd1f410698c9c85
   DIGEST planted-0.2-1x40x4097 flat 0x6d4f96fd9f1034a5
   DIGEST planted-0.2-1x40x4097 pieces 0x6d4f96fd9f1034a5
   DIGEST planted-0.2-1x40x4097 mma 0x6d4f96fd9f1034a5
   DIGEST planted-0.2-1x40x4097 dispatch-codes 0x6d4f96fd9f1034a5
   DIGEST planted-0.2-1x40x4097 dispatch-planes 0x6d4f96fd9f1034a5
   DIGEST planted-0.3-1x40x4097 oracle 0x12a70d29738a5a45
   DIGEST planted-0.3-1x40x4097 flat 0x147950c415bf0eb5
   DIGEST planted-0.3-1x40x4097 pieces 0x147950c415bf0eb5
   DIGEST planted-0.3-1x40x4097 mma 0x147950c415bf0eb5
   DIGEST planted-0.3-1x40x4097 dispatch-codes 0x147950c415bf0eb5
   DIGEST planted-0.3-1x40x4097 dispatch-planes 0x147950c415bf0eb5
   DIGEST planted-0.4-1x40x4097 oracle 0xd859e46b09ab2600
   DIGEST planted-0.4-1x40x4097 flat 0x41b1fa87b4214f81
   DIGEST planted-0.4-1x40x4097 pieces 0x41b1fa87b4214f81
   DIGEST planted-0.4-1x40x4097 mma 0x41b1fa87b4214f81
   DIGEST planted-0.4-1x40x4097 dispatch-codes 0x41b1fa87b4214f81
   DIGEST planted-0.4-1x40x4097 dispatch-planes 0x41b1fa87b4214f81
   DIGEST planted-0.6-1x40x4097 oracle 0xe929cb3b12380b85
   DIGEST planted-0.6-1x40x4097 flat 0x9c317b36da89f7a5
   DIGEST planted-0.6-1x40x4097 pieces 0x9c317b36da89f7a5
   DIGEST planted-0.6-1x40x4097 mma 0x9c317b36da89f7a5
   DIGEST planted-0.6-1x40x4097 dispatch-codes 0x9c317b36da89f7a5
   DIGEST planted-0.6-1x40x4097 dispatch-planes 0x9c317b36da89f7a5
   DIGEST planted-1.0-1x40x4097 oracle 0x7d5cd3eb9f4dff65
   DIGEST planted-1.0-1x40x4097 flat 0x9bde68cd8d6e7565
   DIGEST planted-1.0-1x40x4097 pieces 0x9bde68cd8d6e7565
   DIGEST planted-1.0-1x40x4097 mma 0x9bde68cd8d6e7565
   DIGEST planted-1.0-1x40x4097 dispatch-codes 0x9bde68cd8d6e7565
   DIGEST planted-1.0-1x40x4097 dispatch-planes 0x9bde68cd8d6e7565
   DIGEST planted-1.1-1x40x4097 oracle 0xf1cd2c160ea14165
   DIGEST planted-1.1-1x40x4097 flat 0x56eeba774cb2f265
   DIGEST planted-1.1-1x40x4097 pieces 0x56eeba774cb2f265
   DIGEST planted-1.1-1x40x4097 mma 0x56eeba774cb2f265
   DIGEST planted-1.1-1x40x4097 dispatch-codes 0x56eeba774cb2f265
   DIGEST planted-1.1-1x40x4097 dispatch-planes 0x56eeba774cb2f265
   DIGEST planted-1.2-1x40x4097 oracle 0xe929cb3b12380b85
   DIGEST planted-1.2-1x40x4097 flat 0x9c317b36da89f7a5
   DIGEST planted-1.2-1x40x4097 pieces 0x9c317b36da89f7a5
   DIGEST planted-1.2-1x40x4097 mma 0x9c317b36da89f7a5
   DIGEST planted-1.2-1x40x4097 dispatch-codes 0x9c317b36da89f7a5
   DIGEST planted-1.2-1x40x4097 dispatch-planes 0x9c317b36da89f7a5
   DIGEST planted-1.3-1x40x4097 oracle 0x63efb4fac09b8745
   DIGEST planted-1.3-1x40x4097 flat 0x2e78184ddf744eb5
   DIGEST planted-1.3-1x40x4097 pieces 0x2e78184ddf744eb5
   DIGEST planted-1.3-1x40x4097 mma 0x2e78184ddf744eb5
   DIGEST planted-1.3-1x40x4097 dispatch-codes 0x2e78184ddf744eb5
   DIGEST planted-1.3-1x40x4097 dispatch-planes 0x2e78184ddf744eb5
   DIGEST planted-1.4-1x40x4097 oracle 0x5ad18321450a0e80
   DIGEST planted-1.4-1x40x4097 flat 0x9a44ba48c70c6b01
   DIGEST planted-1.4-1x40x4097 pieces 0x9a44ba48c70c6b01
   DIGEST planted-1.4-1x40x4097 mma 0x9a44ba48c70c6b01
   DIGEST planted-1.4-1x40x4097 dispatch-codes 0x9a44ba48c70c6b01
   DIGEST planted-1.4-1x40x4097 dispatch-planes 0x9a44ba48c70c6b01
   DIGEST planted-1.6-1x40x4097 oracle 0x6fd1f410698c9c85
   DIGEST planted-1.6-1x40x4097 flat 0x6d4f96fd9f1034a5
   DIGEST planted-1.6-1x40x4097 pieces 0x6d4f96fd9f1034a5
   DIGEST planted-1.6-1x40x4097 mma 0x6d4f96fd9f1034a5
   DIGEST planted-1.6-1x40x4097 dispatch-codes 0x6d4f96fd9f1034a5
   DIGEST planted-1.6-1x40x4097 dispatch-planes 0x6d4f96fd9f1034a5
   DIGEST planted-2.0-1x40x4097 oracle 0x6fd1f410698c9c85
   DIGEST planted-2.0-1x40x4097 flat 0x6d4f96fd9f1034a5
   DIGEST planted-2.0-1x40x4097 pieces 0x6d4f96fd9f1034a5
   DIGEST planted-2.0-1x40x4097 mma 0x6d4f96fd9f1034a5
   DIGEST planted-2.0-1x40x4097 dispatch-codes 0x6d4f96fd9f1034a5
   DIGEST planted-2.0-1x40x4097 dispatch-planes 0x6d4f96fd9f1034a5
   DIGEST planted-2.1-1x40x4097 oracle 0xe929cb3b12380b85
   DIGEST planted-2.1-1x40x4097 flat 0x9c317b36da89f7a5
   DIGEST planted-2.1-1x40x4097 pieces 0x9c317b36da89f7a5
   DIGEST planted-2.1-1x40x4097 mma 0x9c317b36da89f7a5
   DIGEST planted-2.1-1x40x4097 dispatch-codes 0x9c317b36da89f7a5
   DIGEST planted-2.1-1x40x4097 dispatch-planes 0x9c317b36da89f7a5
   DIGEST planted-2.2-1x40x4097 oracle 0xa6be37d439cc33e5
   DIGEST planted-2.2-1x40x4097 flat 0xc1b8bbc118afd205
   DIGEST planted-2.2-1x40x4097 pieces 0xc1b8bbc118afd205
   DIGEST planted-2.2-1x40x4097 mma 0xc1b8bbc118afd205
   DIGEST planted-2.2-1x40x4097 dispatch-codes 0xc1b8bbc118afd205
   DIGEST planted-2.2-1x40x4097 dispatch-planes 0xc1b8bbc118afd205
   DIGEST planted-2.3-1x40x4097 oracle 0x358668cfe7879875
   DIGEST planted-2.3-1x40x4097 flat 0xf766c50f4fe34b05
   DIGEST planted-2.3-1x40x4097 pieces 0xf766c50f4fe34b05
   DIGEST planted-2.3-1x40x4097 mma 0xf766c50f4fe34b05
   DIGEST planted-2.3-1x40x4097 dispatch-codes 0xf766c50f4fe34b05
   DIGEST planted-2.3-1x40x4097 dispatch-planes 0xf766c50f4fe34b05
   DIGEST planted-2.4-1x40x4097 oracle 0x2c748c535984555b
   DIGEST planted-2.4-1x40x4097 flat 0x7b7823b6f019787a
   DIGEST planted-2.4-1x40x4097 pieces 0x7b7823b6f019787a
   DIGEST planted-2.4-1x40x4097 mma 0x7b7823b6f019787a
   DIGEST planted-2.4-1x40x4097 dispatch-codes 0x7b7823b6f019787a
   DIGEST planted-2.4-1x40x4097 dispatch-planes 0x7b7823b6f019787a
   DIGEST planted-2.6-1x40x4097 oracle 0x89753c5919a297e5
   DIGEST planted-2.6-1x40x4097 flat 0x93426ab44917d605
   DIGEST planted-2.6-1x40x4097 pieces 0x93426ab44917d605
   DIGEST planted-2.6-1x40x4097 mma 0x93426ab44917d605
   DIGEST planted-2.6-1x40x4097 dispatch-codes 0x93426ab44917d605
   DIGEST planted-2.6-1x40x4097 dispatch-planes 0x93426ab44917d605
   DIGEST planted-3.0-1x40x4097 oracle 0x12a70d29738a5a45
   DIGEST planted-3.0-1x40x4097 flat 0x147950c415bf0eb5
   DIGEST planted-3.0-1x40x4097 pieces 0x147950c415bf0eb5
   DIGEST planted-3.0-1x40x4097 mma 0x147950c415bf0eb5
   DIGEST planted-3.0-1x40x4097 dispatch-codes 0x147950c415bf0eb5
   DIGEST planted-3.0-1x40x4097 dispatch-planes 0x147950c415bf0eb5
   DIGEST planted-3.1-1x40x4097 oracle 0x63efb4fac09b8745
   DIGEST planted-3.1-1x40x4097 flat 0x2e78184ddf744eb5
   DIGEST planted-3.1-1x40x4097 pieces 0x2e78184ddf744eb5
   DIGEST planted-3.1-1x40x4097 mma 0x2e78184ddf744eb5
   DIGEST planted-3.1-1x40x4097 dispatch-codes 0x2e78184ddf744eb5
   DIGEST planted-3.1-1x40x4097 dispatch-planes 0x2e78184ddf744eb5
   DIGEST planted-3.2-1x40x4097 oracle 0x358668cfe7879875
   DIGEST planted-3.2-1x40x4097 flat 0xf766c50f4fe34b05
   DIGEST planted-3.2-1x40x4097 pieces 0xf766c50f4fe34b05
   DIGEST planted-3.2-1x40x4097 mma 0xf766c50f4fe34b05
   DIGEST planted-3.2-1x40x4097 dispatch-codes 0xf766c50f4fe34b05
   DIGEST planted-3.2-1x40x4097 dispatch-planes 0xf766c50f4fe34b05
   DIGEST planted-3.3-1x40x4097 oracle 0xf1cd2c160ea14165
   DIGEST planted-3.3-1x40x4097 flat 0x56eeba774cb2f265
   DIGEST planted-3.3-1x40x4097 pieces 0x56eeba774cb2f265
   DIGEST planted-3.3-1x40x4097 mma 0x56eeba774cb2f265
   DIGEST planted-3.3-1x40x4097 dispatch-codes 0x56eeba774cb2f265
   DIGEST planted-3.3-1x40x4097 dispatch-planes 0x56eeba774cb2f265
   DIGEST planted-3.4-1x40x4097 oracle 0xa3d2b3d218e05431
   DIGEST planted-3.4-1x40x4097 flat 0xc82b7d2b5a47f220
   DIGEST planted-3.4-1x40x4097 pieces 0xc82b7d2b5a47f220
   DIGEST planted-3.4-1x40x4097 mma 0xc82b7d2b5a47f220
   DIGEST planted-3.4-1x40x4097 dispatch-codes 0xc82b7d2b5a47f220
   DIGEST planted-3.4-1x40x4097 dispatch-planes 0xc82b7d2b5a47f220
   DIGEST planted-3.6-1x40x4097 oracle 0x67da607282c77375
   DIGEST planted-3.6-1x40x4097 flat 0x83322a2d3afb3805
   DIGEST planted-3.6-1x40x4097 pieces 0x83322a2d3afb3805
   DIGEST planted-3.6-1x40x4097 mma 0x83322a2d3afb3805
   DIGEST planted-3.6-1x40x4097 dispatch-codes 0x83322a2d3afb3805
   DIGEST planted-3.6-1x40x4097 dispatch-planes 0x83322a2d3afb3805
   DIGEST planted-4.0-1x40x4097 oracle 0x81b169c331cabfa5
   DIGEST planted-4.0-1x40x4097 flat 0xb24ae84cd731fda5
   DIGEST planted-4.0-1x40x4097 pieces 0xb24ae84cd731fda5
   DIGEST planted-4.0-1x40x4097 mma 0xb24ae84cd731fda5
   DIGEST planted-4.0-1x40x4097 dispatch-codes 0xb24ae84cd731fda5
   DIGEST planted-4.0-1x40x4097 dispatch-planes 0xb24ae84cd731fda5
   DIGEST planted-4.1-1x40x4097 oracle 0x81b169c331cabfa5
   DIGEST planted-4.1-1x40x4097 flat 0xb24ae84cd731fda5
   DIGEST planted-4.1-1x40x4097 pieces 0xb24ae84cd731fda5
   DIGEST planted-4.1-1x40x4097 mma 0xb24ae84cd731fda5
   DIGEST planted-4.1-1x40x4097 dispatch-codes 0xb24ae84cd731fda5
   DIGEST planted-4.1-1x40x4097 dispatch-planes 0xb24ae84cd731fda5
   DIGEST planted-4.2-1x40x4097 oracle 0x81b169c331cabfa5
   DIGEST planted-4.2-1x40x4097 flat 0xb24ae84cd731fda5
   DIGEST planted-4.2-1x40x4097 pieces 0xb24ae84cd731fda5
   DIGEST planted-4.2-1x40x4097 mma 0xb24ae84cd731fda5
   DIGEST planted-4.2-1x40x4097 dispatch-codes 0xb24ae84cd731fda5
   DIGEST planted-4.2-1x40x4097 dispatch-planes 0xb24ae84cd731fda5
   DIGEST planted-4.3-1x40x4097 oracle 0x81b169c331cabfa5
   DIGEST planted-4.3-1x40x4097 flat 0xb24ae84cd731fda5
   DIGEST planted-4.3-1x40x4097 pieces 0xb24ae84cd731fda5
   DIGEST planted-4.3-1x40x4097 mma 0xb24ae84cd731fda5
   DIGEST planted-4.3-1x40x4097 dispatch-codes 0xb24ae84cd731fda5
   DIGEST planted-4.3-1x40x4097 dispatch-planes 0xb24ae84cd731fda5
   DIGEST planted-4.4-1x40x4097 oracle 0x81b169c331cabfa5
   DIGEST planted-4.4-1x40x4097 flat 0xb24ae84cd731fda5
   DIGEST planted-4.4-1x40x4097 pieces 0xb24ae84cd731fda5
   DIGEST planted-4.4-1x40x4097 mma 0xb24ae84cd731fda5
   DIGEST planted-4.4-1x40x4097 dispatch-codes 0xb24ae84cd731fda5
   DIGEST planted-4.4-1x40x4097 dispatch-planes 0xb24ae84cd731fda5
   DIGEST planted-4.6-1x40x4097 oracle 0x81b169c331cabfa5
   DIGEST planted-4.6-1x40x4097 flat 0xb24ae84cd731fda5
   DIGEST planted-4.6-1x40x4097 pieces 0xb24ae84cd731fda5
   DIGEST planted-4.6-1x40x4097 mma 0xb24ae84cd731fda5
   DIGEST planted-4.6-1x40x4097 dispatch-codes 0xb24ae84cd731fda5
   DIGEST planted-4.6-1x40x4097 dispatch-planes 0xb24ae84cd731fda5
   DIGEST planted-5.5-1x40x4097 oracle 0x63ddce03bdda7083
   DIGEST planted-5.5-1x40x4097 flat 0x610c1d4f59a47859
   DIGEST planted-5.5-1x40x4097 pieces 0x610c1d4f59a47859
   DIGEST planted-5.5-1x40x4097 mma 0x610c1d4f59a47859
   DIGEST planted-5.5-1x40x4097 dispatch-codes 0x610c1d4f59a47859
   DIGEST planted-5.5-1x40x4097 dispatch-planes 0x610c1d4f59a47859
   DIGEST planted-6.0-1x40x4097 oracle 0xe929cb3b12380b85
   DIGEST planted-6.0-1x40x4097 flat 0x9c317b36da89f7a5
   DIGEST planted-6.0-1x40x4097 pieces 0x9c317b36da89f7a5
   DIGEST planted-6.0-1x40x4097 mma 0x9c317b36da89f7a5
   DIGEST planted-6.0-1x40x4097 dispatch-codes 0x9c317b36da89f7a5
   DIGEST planted-6.0-1x40x4097 dispatch-planes 0x9c317b36da89f7a5
   DIGEST planted-6.1-1x40x4097 oracle 0x6fd1f410698c9c85
   DIGEST planted-6.1-1x40x4097 flat 0x6d4f96fd9f1034a5
   DIGEST planted-6.1-1x40x4097 pieces 0x6d4f96fd9f1034a5
   DIGEST planted-6.1-1x40x4097 mma 0x6d4f96fd9f1034a5
   DIGEST planted-6.1-1x40x4097 dispatch-codes 0x6d4f96fd9f1034a5
   DIGEST planted-6.1-1x40x4097 dispatch-planes 0x6d4f96fd9f1034a5
   DIGEST planted-6.2-1x40x4097 oracle 0x89753c5919a297e5
   DIGEST planted-6.2-1x40x4097 flat 0x93426ab44917d605
   DIGEST planted-6.2-1x40x4097 pieces 0x93426ab44917d605
   DIGEST planted-6.2-1x40x4097 mma 0x93426ab44917d605
   DIGEST planted-6.2-1x40x4097 dispatch-codes 0x93426ab44917d605
   DIGEST planted-6.2-1x40x4097 dispatch-planes 0x93426ab44917d605
   DIGEST planted-6.3-1x40x4097 oracle 0x67da607282c77375
   DIGEST planted-6.3-1x40x4097 flat 0x83322a2d3afb3805
   DIGEST planted-6.3-1x40x4097 pieces 0x83322a2d3afb3805
   DIGEST planted-6.3-1x40x4097 mma 0x83322a2d3afb3805
   DIGEST planted-6.3-1x40x4097 dispatch-codes 0x83322a2d3afb3805
   DIGEST planted-6.3-1x40x4097 dispatch-planes 0x83322a2d3afb3805
   DIGEST planted-6.4-1x40x4097 oracle 0x652ea6abfc47cdb
   DIGEST planted-6.4-1x40x4097 flat 0x796c3266c65f57fa
   DIGEST planted-6.4-1x40x4097 pieces 0x796c3266c65f57fa
   DIGEST planted-6.4-1x40x4097 mma 0x796c3266c65f57fa
   DIGEST planted-6.4-1x40x4097 dispatch-codes 0x796c3266c65f57fa
   DIGEST planted-6.4-1x40x4097 dispatch-planes 0x796c3266c65f57fa
   DIGEST planted-6.6-1x40x4097 oracle 0xa6be37d439cc33e5
   DIGEST planted-6.6-1x40x4097 flat 0xc1b8bbc118afd205
   DIGEST planted-6.6-1x40x4097 pieces 0xc1b8bbc118afd205
   DIGEST planted-6.6-1x40x4097 mma 0xc1b8bbc118afd205
   DIGEST planted-6.6-1x40x4097 dispatch-codes 0xc1b8bbc118afd205
   DIGEST planted-6.6-1x40x4097 dispatch-planes 0xc1b8bbc118afd205
   DIGEST planted-0.0-2x3x65536 oracle 0x8952dd081175e95d
   DIGEST planted-0.0-2x3x65536 flat 0xc74d2a5fcc543709
   DIGEST planted-0.0-2x3x65536 pieces 0xc74d2a5fcc543709
   DIGEST planted-0.0-2x3x65536 mma 0xc74d2a5fcc543709
   DIGEST planted-0.0-2x3x65536 dispatch-codes 0xc74d2a5fcc543709
   DIGEST planted-0.0-2x3x65536 dispatch-planes 0xc74d2a5fcc543709
   DIGEST planted-0.1-2x3x65536 oracle 0xaf6eb4ffcd6d505d
   DIGEST planted-0.1-2x3x65536 flat 0x451baf5595b8c409
   DIGEST planted-0.1-2x3x65536 pieces 0x451baf5595b8c409
   DIGEST planted-0.1-2x3x65536 mma 0x451baf5595b8c409
   DIGEST planted-0.1-2x3x65536 dispatch-codes 0x451baf5595b8c409
   DIGEST planted-0.1-2x3x65536 dispatch-planes 0x451baf5595b8c409
   DIGEST planted-0.2-2x3x65536 oracle 0x51abebeb479a1449
   DIGEST planted-0.2-2x3x65536 flat 0x5b3fa8a22ed6b9bd
   DIGEST planted-0.2-2x3x65536 pieces 0x5b3fa8a22ed6b9bd
   DIGEST planted-0.2-2x3x65536 mma 0x5b3fa8a22ed6b9bd
   DIGEST planted-0.2-2x3x65536 dispatch-codes 0x5b3fa8a22ed6b9bd
   DIGEST planted-0.2-2x3x65536 dispatch-planes 0x5b3fa8a22ed6b9bd
   DIGEST planted-1.0-2x3x65536 oracle 0xaf6eb4ffcd6d505d
   DIGEST planted-1.0-2x3x65536 flat 0x451baf5595b8c409
   DIGEST planted-1.0-2x3x65536 pieces 0x451baf5595b8c409
   DIGEST planted-1.0-2x3x65536 mma 0x451baf5595b8c409
   DIGEST planted-1.0-2x3x65536 dispatch-codes 0x451baf5595b8c409
   DIGEST planted-1.0-2x3x65536 dispatch-planes 0x451baf5595b8c409
   DIGEST planted-1.1-2x3x65536 oracle 0x8952dd081175e95d
   DIGEST planted-1.1-2x3x65536 flat 0xc74d2a5fcc543709
   DIGEST planted-1.1-2x3x65536 pieces 0xc74d2a5fcc543709
   DIGEST planted-1.1-2x3x65536 mma 0xc74d2a5fcc543709
   DIGEST planted-1.1-2x3x65536 dispatch-codes 0xc74d2a5fcc543709
   DIGEST planted-1.1-2x3x65536 dispatch-planes 0xc74d2a5fcc543709
   DIGEST planted-1.2-2x3x65536 oracle 0x48ec425bceb3249
   DIGEST planted-1.2-2x3x65536 flat 0x489a75317344c1bd
   DIGEST planted-1.2-2x3x65536 pieces 0x489a75317344c1bd
   DIGEST planted-1.2-2x3x65536 mma 0x489a75317344c1bd
   DIGEST planted-1.2-2x3x65536 dispatch-codes 0x489a75317344c1bd
   DIGEST planted-1.2-2x3x65536 dispatch-planes 0x489a75317344c1bd
   DIGEST planted-2.0-2x3x65536 oracle 0x51abebeb479a1449
   DIGEST planted-2.0-2x3x65536 flat 0x5b3fa8a22ed6b9bd
   DIGEST planted-2.0-2x3x65536 pieces 0x5b3fa8a22ed6b9bd
   DIGEST planted-2.0-2x3x65536 mma 0x5b3fa8a22ed6b9bd
   DIGEST planted-2.0-2x3x65536 dispatch-codes 0x5b3fa8a22ed6b9bd
   DIGEST planted-2.0-2x3x65536 dispatch-planes 0x5b3fa8a22ed6b9bd
   DIGEST planted-2.1-2x3x65536 oracle 0x48ec425bceb3249
   DIGEST planted-2.1-2x3x65536 flat 0x489a75317344c1bd
   DIGEST planted-2.1-2x3x65536 pieces 0x489a75317344c1bd
   DIGEST planted-2.1-2x3x65536 mma 0x489a75317344c1bd
   DIGEST planted-2.1-2x3x65536 dispatch-codes 0x489a75317344c1bd
   DIGEST planted-2.1-2x3x65536 dispatch-planes 0x489a75317344c1bd
   DIGEST planted-2.2-2x3x65536 oracle 0x76d745ed091d068d
   DIGEST planted-2.2-2x3x65536 flat 0xe9d5c63c34decc41
   DIGEST planted-2.2-2x3x65536 pieces 0xe9d5c63c34decc41
   DIGEST planted-2.2-2x3x65536 mma 0xe9d5c63c34decc41
   DIGEST planted-2.2-2x3x65536 dispatch-codes 0xe9d5c63c34decc41
   DIGEST planted-2.2-2x3x65536 dispatch-planes 0xe9d5c63c34decc41
   DIGEST planted-3.0-2x3x65536 oracle 0x81d23fd7003c2305
   DIGEST planted-3.0-2x3x65536 flat 0x568cba6043a23205
   DIGEST planted-3.0-2x3x65536 pieces 0x568cba6043a23205
   DIGEST planted-3.0-2x3x65536 mma 0x568cba6043a23205
   DIGEST planted-3.0-2x3x65536 dispatch-codes 0x568cba6043a23205
   DIGEST planted-3.0-2x3x65536 dispatch-planes 0x568cba6043a23205
   DIGEST scale-127 oracle 0x2124895549aba7c5
   DIGEST scale-127 flat 0xbcc474ccb5a97175
   DIGEST scale-127 pieces 0xbcc474ccb5a97175
   DIGEST scale-127 mma 0xbcc474ccb5a97175
   DIGEST scale-127 dispatch-codes 0xbcc474ccb5a97175
   DIGEST scale-127 dispatch-planes 0xbcc474ccb5a97175
   DIGEST scale-128 oracle 0x94b78aae0094ede8
   DIGEST scale-128 flat 0x5ad8a7e3c686745
   DIGEST scale-128 pieces 0x5ad8a7e3c686745
   DIGEST scale-128 mma 0x5ad8a7e3c686745
   DIGEST scale-128 dispatch-codes 0x5ad8a7e3c686745
   DIGEST scale-128 dispatch-planes 0x5ad8a7e3c686745
   DIGEST scale--126 oracle 0x5407f33bab7aef55
   DIGEST scale--126 flat 0xad9ad8954e1c4005
   DIGEST scale--126 pieces 0xad9ad8954e1c4005
   DIGEST scale--126 mma 0xad9ad8954e1c4005
   DIGEST scale--126 dispatch-codes 0xad9ad8954e1c4005
   DIGEST scale--126 dispatch-planes 0xad9ad8954e1c4005
   DIGEST scale--127 oracle 0xec9075e202d5c755
   DIGEST scale--127 flat 0xc2a0a9fcfaaf1fd5
   DIGEST scale--127 pieces 0xc2a0a9fcfaaf1fd5
   DIGEST scale--127 mma 0xc2a0a9fcfaaf1fd5
   DIGEST scale--127 dispatch-codes 0xc2a0a9fcfaaf1fd5
   DIGEST scale--127 dispatch-planes 0xc2a0a9fcfaaf1fd5
   DIGEST scale-230 oracle 0x94b78aae0094ede8
   DIGEST scale-230 flat 0x5ad8a7e3c686745
   DIGEST scale-230 pieces 0x5ad8a7e3c686745
   DIGEST scale-230 mma 0x5ad8a7e3c686745
   DIGEST scale-230 dispatch-codes 0x5ad8a7e3c686745
   DIGEST scale-230 dispatch-planes 0x5ad8a7e3c686745
   DIGEST scale--278 oracle 0xec9075e202d5c755
   DIGEST scale--278 flat 0xc2a0a9fcfaaf1fd5
   DIGEST scale--278 pieces 0xc2a0a9fcfaaf1fd5
   DIGEST scale--278 mma 0xc2a0a9fcfaaf1fd5
   DIGEST scale--278 dispatch-codes 0xc2a0a9fcfaaf1fd5
   DIGEST scale--278 dispatch-planes 0xc2a0a9fcfaaf1fd5
   DIGEST largest-sum-scale-84 oracle 0x49a9902bce19a729
   DIGEST largest-sum-scale-84 flat 0xb6bfb15debb2a179
   DIGEST largest-sum-scale-84 pieces 0xb6bfb15debb2a179
   DIGEST largest-sum-scale-84 mma 0xb6bfb15debb2a179
   DIGEST largest-sum-scale-84 dispatch-codes 0xb6bfb15debb2a179
   DIGEST largest-sum-scale-84 dispatch-planes 0xb6bfb15debb2a179
   DIGEST largest-sum-scale-85 oracle 0x9fe5c70e212a15
   DIGEST largest-sum-scale-85 flat 0x974893680a444e15
   DIGEST largest-sum-scale-85 pieces 0x974893680a444e15
   DIGEST largest-sum-scale-85 mma 0x974893680a444e15
   DIGEST largest-sum-scale-85 dispatch-codes 0x974893680a444e15
   DIGEST largest-sum-scale-85 dispatch-planes 0x974893680a444e15
!! GATE FAILED: check_int15_planted_worst_cases
   planted-0.0-3x5x17 (flat vs oracle): 15 of 15 cells differ; first at 0 got 4562846000.0/0x0x4f87fbc1 want 4562845700.0/0x0x4f87fbc0; planted-0.0-3x5x17 (pieces vs oracle): 15 of 15 cells differ; first at 0 got 4562846000.0/0x0x4f87fbc1 want 4562845700.0/0x0x4f87fbc0; planted-0.0-3x5x17 (mma vs oracle): 15 of 15 cells differ; first at 0 got 4562846000.0/0x0x4f87fbc1 want 4562845700.0/0x0x4f87fbc0; planted-0.0-3x5x17 (dispatch-codes vs oracle): 15 of 15 cells differ; first at 0 got 4562846000.0/0x0x4f87fbc1 want 4562845700.0/0x0x4f87fbc0; planted-0.0-3x5x17 (dispatch-planes vs oracle): 15 of 15 cells differ; first at 0 got 4562846000.0/0x0x4f87fbc1 want 4562845700.0/0x0x4f87fbc0; planted-0.1-3x5x17 (flat vs oracle): 15 of 15 cells differ; first at 0 got -4562846000.0/0x0xcf87fbc1 want -4562845700.0/0x0xcf87fbc0; planted-0.1-3x5x17 (pieces vs oracle): 15 of 15 cells differ; first at 0 got -4562846000.0/0x0xcf87fbc1 want -4562845700.0/0x0xcf87fbc0; planted-0.1-3x5x17 (mma vs oracle): 15 of 15 cells differ; first at 0 got -4562846000.0/0x0xcf87fbc1 want -4562845700.0/0x0xcf87fbc0; planted-0.1-3x5x17 (dispatch-codes vs oracle): 15 of 15 cells differ; first at 0 got -4562846000.0/0x0xcf87fbc1 want -4562845700.0/0x0xcf87fbc0; planted-0.1-3x5x17 (dispatch-planes vs oracle): 15 of 15 cells differ; first at 0 got -4562846000.0/0x0xcf87fbc1 want -4562845700.0/0x0xcf87fbc0; planted-0.2-3x5x17 (flat vs oracle): 15 of 15 cells differ; first at 0 got -4527753700.0/0x0xcf86f005 want -4527753000.0/0x0xcf86f004; planted-0.2-3x5x17 (pieces vs oracle): 15 of 15 cells differ; first at 0 got -4527753700.0/0x0xcf86f005 want -4527753000.0/0x0xcf86f004; planted-0.2-3x5x17 (mma vs oracle): 15 of 15 cells differ; first at 0 got -4527753700.0/0x0xcf86f005 want -4527753000.0/0x0xcf86f004; planted-0.2-3x5x17 (dispatch-codes vs oracle): 15 of 15 cells differ; first at 0 got -4527753700.0/0x0xcf86f005 want -4527753000.0/0x0xcf86f004; planted-0.2-3x5x17 (dispatch-planes vs oracle): 15 of 15 cells differ; first at 0 got -4527753700.0/0x0xcf86f005 want -4527753000.0/0x0xcf86f004; planted-0.3-3x5x17 (flat vs oracle): 15 of 15 cells differ; first at 0 got -268402700.0/0x0xcd7ff801 want -268402690.0/0x0xcd7ff800; planted-0.3-3x5x17 (pieces vs oracle): 15 of 15 cells differ; first at 0 got -268402700.0/0x0xcd7ff801 want -268402690.0/0x0xcd7ff800; planted-0.3-3x5x17 (mma vs oracle): 15 of 15 cells differ; first at 0 got -268402700.0/0x0xcd7ff801 want -268402690.0/0x0xcd7ff800; planted-0.3-3x5x17 (dispatch-codes vs oracle): 15 of 15 cells differ; first at 0 got -268402700.0/0x0xcd7ff801 want -268402690.0/0x0xcd7ff800; planted-0.3-3x5x17 (dispatch-planes vs oracle): 15 of 15 cells differ; first at 0 got -268402700.0/0x0xcd7ff801 want -268402690.0/0x0xcd7ff800; planted-0.4-3x5x17 (flat vs oracle): 15 of 15 cells differ; first at 0 got 1.1754944e-38/0x0x800000 want 0.0/0x0x0; planted-0.4-3x5x17 (pieces vs oracle): 15 of 15 cells differ; first at 0 got 1.1754944e-38/0x0x800000 want 0.0/0x0x0; planted-0.4-3x5x17 (mma vs oracle): 15 of 15 cells differ; first at 0 got 1.1754944e-38/0x0x800000 want 0.0/0x0x0; planted-0.4-3x5x17 (dispatch-codes vs oracle): 15 of 15 cells differ; first at 0 got 1.1754944e-38/0x0x800000 want 0.0/0x0x0; planted-0.4-3x5x17 (dispatch-planes vs oracle): 15 of 15 cells differ; first at 0 got 1.1754944e-38/0x0x800000 want 0.0/0x0x0; planted-0.5-3x5x17 (flat vs oracle): 15 of 15 cells differ; first at 0 got -1162046300.0/0x0xce8a86d7 want -1162046200.0/0x0xce8a86d6; planted-0.5-3x5x17 (pieces vs oracle): 15 of 15 cells differ; first at 0 got -1162046300.0/0x0xce8a86d7 want -1162046200.0/0x0xce8a86d6; planted-0.5-3x5x17 (mma vs oracle): 15 of 15 cells differ; first at 0 got -1162046300.0/0x0xce8a86d7 want -1162046200.0/0x0xce8a86d6; planted-0.5-3x5x17 (dispatch-codes vs oracle): 15 of 15 cells differ; first at 0 got -1162046300.0/0x0xce8a86d7 want -1162046200.0/0x0xce8a86d6; planted-0.5-3x5x17 (dispatch-planes vs oracle): 15 of 15 cells differ; first at 0 got -1162046300.0/0x0xce8a86d7 want -1162046200.0/0x0xce8a86d6; planted-0.6-3x5x17 (flat vs oracle): 15 of 15 cells differ; first at 0 got 4527753700.0/0x0x4f86f005 want 4527753000.0/0x0x4f86f004; planted-0.6-3x5x17 (pieces vs oracle): 15 of 15 cells differ; first at 0 got 4527753700.0/0x0x4f86f005 want 4527753000.0/0x0x4f86f004; planted-0.6-3x5x17 (mma vs oracle): 15 of 15 cells differ; first at 0 got 4527753700.0/0x0x4f86f005 want 4527753000.0/0x0x4f86f004; planted-0.6-3x5x17 (dispatch-codes vs oracle): 15 of 15 cells differ; first at 0 got 4527753700.0/0x0x4f86f005 want 4527753000.0/0x0x4f86f004; planted-0.6-3x5x17 (dispatch-planes vs oracle): 15 of 15 cells differ; first at 0 got 4527753700.0/0x0x4f86f005 want 4527753000.0/0x0x4f86f004; planted-1.0-3x5x17 (flat vs oracle): 15 of 15 cells differ; first at 0 got -4562846000.0/0x0xcf87fbc1 want -4562845700.0/0x0xcf87fbc0; planted-1.0-3x5x17 (pieces vs oracle): 15 of 15 cells differ; first at 0 got -4562846000.0/0x0xcf87fbc1 want -4562845700.0/0x0xcf87fbc0; planted-1.0-3x5x17 (mma vs oracle): 15 of 15 cells differ; first at 0 got -4562846000.0/0x0xcf87fbc1 want -4562845700.0/0x0xcf87fbc0; planted-1.0-3x5x17 (dispatch-codes vs oracle): 15 of 15 cells differ; first at 0 got -4562846000.0/0x0xcf87fbc1 want -4562845700.0/0x0xcf87fbc0; planted-1.0-3x5x17 (dispatch-planes vs oracle): 15 of 15 cells differ; first at 0 got -4562846000.0/0x0xcf87fbc1 want -4562845700.0/0x0xcf87fbc0; planted-1.1-3x5x17 (flat vs oracle): 15 of 15 cells differ; first at 0 got 4562846000.0/0x0x4f87fbc1 want 4562845700.0/0x0x4f87fbc0; planted-1.1-3x5x17 (pieces vs oracle): 15 of 15 cells differ; first at 0 got 4562846000.0/0x0x4f87fbc1 want 4562845700.0/0x0x4f87fbc0; planted-1.1-3x5x17 (mma vs oracle): 15 of 15 cells differ; first at 0 got 4562846000.0/0x0x4f87fbc1 want 4562845700.0/0x0x4f87fbc0; planted-1.1-3x5x17 (dispatch-codes vs oracle): 15 of 15 cells differ; first at 0 got 4562846000.0/0x0x4f87fbc1 want 4562845700.0/0x0x4f87fbc0; planted-1.1-3x5x17 (dispatch-planes vs oracle): 15 of 15 cells differ; first at 0 got 4562846000.0/0x0x4f87fbc1 want 4562845700.0/0x0x4f87fbc0; planted-1.2-3x5x17 (flat vs oracle): 15 of 15 cells differ; first at 0 got 4527753700.0/0x0x4f86f005 want 4527753000.0/0x0x4f86f004; planted-1.2-3x5x17 (pieces vs oracle): 15 of 15 cells differ; first at 0 got 4527753700.0/0x0x4f86f005 want 4527753000.0/0x0x4f86f004; planted-1.2-3x5x17 (mma vs oracle): 15 of 15 cells differ; first at 0 got 4527753700.0/0x0x4f86f005 want 4527753000.0/0x0x4f86f004; planted-1.2-3x5x17 (dispatch-codes vs oracle): 15 of 15 cells differ; first at 0 got 4527753700.0/0x0x4f86f005 want 4527753000.0/0x0x4f86f004; planted-1.2-3x5x17 (dispatch-planes vs oracle): 15 of 15 cells differ; first at 0 got 4527753700.0/0x0x4f86f005 want 4527753000.0/0x0x4f86f004; planted-1.3-3x5x17 (flat vs oracle): 15 of 15 cells differ; first at 0 got 268402700.0/0x0x4d7ff801 want 268402690.0/0x0x4d7ff800; planted-1.3-3x5x17 (pieces vs oracle): 15 of 15 cells differ; first at 0 got 268402700.0/0x0x4d7ff801 want 268402690.0/0x0x4d7ff800; planted-1.3-3x5x17 (mma vs oracle): 15 of 15 cells differ; first at 0 got 268402700.0/0x0x4d7ff801 want 268402690.0/0x0x4d7ff800; planted-1.3-3x5x17 (dispatch-codes vs oracle): 15 of 15 cells differ; first at 0 got 268402700.0/0x0x4d7ff801 want 268402690.0/0x0x4d7ff800; planted-1.3-3x5x17 (dispatch-planes vs oracle): 15 of 15 cells differ; first at 0 got 268402700.0/0x0x4d7ff801 want 268402690.0/0x0x4d7ff800; planted-1.4-3x5x17 (flat vs oracle): 15 of 15 cells differ; first at 0 got 1.1754944e-38/0x0x800000 want 0.0/0x0x0; planted-1.4-3x5x17 (pieces vs oracle): 15 of 15 cells differ; first at 0 got 1.1754944e-38/0x0x800000 want 0.0/0x0x0; planted-1.4-3x5x17 (mma vs oracle): 15 of 15 cells differ; first at 0 got 1.1754944e-38/0x0x800000 want 0.0/0x0x0; planted-1.4-3x5x17 (dispatch-codes vs oracle): 15 of 15 cells differ; first at 0 got 1.1754944e-38/0x0x800000 want 0.0/0x0x0; planted-1.4-3x5x17 (dispatch-planes vs oracle): 15 of 15 cells differ; first at 0 got 1.1754944e-38/0x0x800000 want 0.0/0x0x0; planted-1.5-3x5x17 (flat vs oracle): 15 of 15 cells differ; first at 0 got 1162046300.0/0x0x4e8a86d7 want 1162046200.0/0x0x4e8a86d6; planted-1.5-3x5x17 (pieces vs oracle): 15 of 15 cells differ; first at 0 got 1162046300.0/0x0x4e8a86d7 want 1162046200.0/0x0x4e8a86d6; planted-1.5-3x5x17 (mma vs oracle): 15 of 15 cells differ; first at 0 got 1162046300.0/0x0x4e8a86d7 want 1162046200.0/0x0x4e8a86d6; planted-1.5-3x5x17 (dispatch-codes vs oracle): 15 of 15 cells differ; first at 0 got 1162046300.0/0x0x4e8a86d7 want 1162046200.0/0x0x4e8a86d6; planted-1.5-3x5x17 (dispatch-planes vs oracle): 15 of 15 cells differ; first at 0 got 1162046300.0/0x0x4e8a86d7 want 1162046200.0/0x0x4e8a86d6; planted-1.6-3x5x17 (flat vs oracle): 15 of 15 cells differ; first at 0 got -4527753700.0/0x0xcf86f005 want -4527753000.0/0x0xcf86f004; planted-1.6-3x5x17 (pieces vs oracle): 15 of 15 cells differ; first at 0 got -4527753700.0/0x0xcf86f005 want -4527753000.0/0x0xcf86f004; planted-1.6-3x5x17 (mma vs oracle): 15 of 15 cells differ; first at 0 got -4527753700.0/0x0xcf86f005 want -4527753000.0/0x0xcf86f004; planted-1.6-3x5x17 (dispatch-codes vs oracle): 15 of 15 cells differ; first at 0 got -4527753700.0/0x0xcf86f005 want -4527753000.0/0x0xcf86f004; planted-1.6-3x5x17 (dispatch-planes vs oracle): 15 of 15 cells differ; first at 0 got -4527753700.0/0x0xcf86f005 want -4527753000.0/0x0xcf86f004; planted-2.0-3x5x17 (flat vs oracle): 15 of 15 cells differ; first at 0 got -4527753700.0/0x0xcf86f005 want -4527753000.0/0x0xcf86f004; planted-2.0-3x5x17 (pieces vs oracle): 15 of 15 cells differ; first at 0 got -4527753700.0/0x0xcf86f005 want -4527753000.0/0x0xcf86f004; planted-2.0-3x5x17 (mma vs oracle): 15 of 15 cells differ; first at 0 got -4527753700.0/0x0xcf86f005 want -4527753000.0/0x0xcf86f004; planted-2.0-3x5x17 (dispatch-codes vs oracle): 15 of 15 cells differ; first at 0 got -4527753700.0/0x0xcf86f005 want -4527753000.0/0x0xcf86f004; planted-2.0-3x5x17 (dispatch-planes vs oracle): 15 of 15 cells differ; first at 0 got -4527753700.0/0x0xcf86f005 want -4527753000.0/0x0xcf86f004; planted-2.1-3x5x17 (flat vs oracle): 15 of 15 cells differ; first at 0 got 4527753700.0/0x0x4f86f005 want 4527753000.0/0x0x4f86f004; planted-2.1-3x5x17 (pieces vs oracle): 15 of 15 cells differ; first at 0 got 4527753700.0/0x0x4f86f005 want 4527753000.0/0x0x4f86f004; planted-2.1-3x5x17 (mma vs oracle): 15 of 15 cells differ; first at 0 got 4527753700.0/0x0x4f86f005 want 4527753000.0/0x0x4f86f004; planted-2.1-3x5x17 (dispatch-codes vs oracle): 15 of 15 cells differ; first at 0 got 4527753700.0/0x0x4f86f005 want 4527753000.0/0x0x4f86f004; planted-2.1-3x5x17 (dispatch-planes vs oracle): 15 of 15 cells differ; first at 0 got 4527753700.0/0x0x4f86f005 want 4527753000.0/0x0x4f86f004; planted-2.2-3x5x17 (flat vs oracle): 15 of 15 cells differ; first at 0 got 4492931600.0/0x0x4f85e659 want 4492931000.0/0x0x4f85e658; planted-2.2-3x5x17 (pieces vs oracle): 15 of 15 cells differ; first at 0 got 4492931600.0/0x0x4f85e659 want 4492931000.0/0x0x4f85e658; planted-2.2-3x5x17 (mma vs oracle): 15 of 15 cells differ; first at 0 got 4492931600.0/0x0x4f85e659 want 4492931000.0/0x0x4f85e658; planted-2.2-3x5x17 (dispatch-codes vs oracle): 15 of 15 cells differ; first at 0 got 4492931600.0/0x0x4f85e659 want 4492931000.0/0x0x4f85e658; planted-2.2-3x5x17 (dispatch-planes vs oracle): 15 of 15 cells differ; first at 0 got 4492931600.0/0x0x4f85e659 want 4492931000.0/0x0x4f85e658; planted-2.3-3x5x17 (flat vs oracle): 15 of 15 cells differ; first at 0 got 266338450.0/0x0x4d7e0009 want 266338430.0/0x0x4d7e0008; planted-2.3-3x5x17 (pieces vs oracle): 15 of 15 cells differ; first at 0 got 266338450.0/0x0x4d7e0009 want 266338430.0/0x0x4d7e0008; planted-2.3-3x5x17 (mma vs oracle): 15 of 15 cells differ; first at 0 got 266338450.0/0x0x4d7e0009 want 266338430.0/0x0x4d7e0008; planted-2.3-3x5x17 (dispatch-codes vs oracle): 15 of 15 cells differ; first at 0 got 266338450.0/0x0x4d7e0009 want 266338430.0/0x0x4d7e0008; planted-2.3-3x5x17 (dispatch-planes vs oracle): 15 of 15 cells differ; first at 0 got 266338450.0/0x0x4d7e0009 want 266338430.0/0x0x4d7e0008; planted-2.4-3x5x17 (flat vs oracle): 15 of 15 cells differ; first at 0 got 1.1754944e-38/0x0x800000 want 0.0/0x0x0; planted-2.4-3x5x17 (pieces vs oracle): 15 of 15 cells differ; first at 0 got 1.1754944e-38/0x0x800000 want 0.0/0x0x0; planted-2.4-3x5x17 (mma vs oracle): 15 of 15 cells differ; first at 0 got 1.1754944e-38/0x0x800000 want 0.0/0x0x0; planted-2.4-3x5x17 (dispatch-codes vs oracle): 15 of 15 cells differ; first at 0 got 1.1754944e-38/0x0x800000 want 0.0/0x0x0; planted-2.4-3x5x17 (dispatch-planes vs oracle): 15 of 15 cells differ; first at 0 got 1.1754944e-38/0x0x800000 want 0.0/0x0x0; planted-2.5-3x5x17 (flat vs oracle): 15 of 15 cells differ; first at 0 got 1153109100.0/0x0x4e897619 want 1153109000.0/0x0x4e897618; planted-2.5-3x5x17 (pieces vs oracle): 15 of 15 cells differ; first at 0 got 1153109100.0/0x0x4e897619 want 1153109000.0/0x0x4e897618; planted-2.5-3x5x17 (mma vs oracle): 15 of 15 cells differ; first at 0 got 1153109100.0/0x0x4e897619 want 1153109000.0/0x0x4e897618; planted-2.5-3x5x17 (dispatch-codes vs oracle): 15 of 15 cells differ; first at 0 got 1153109100.0/0x0x4e897619 want 1153109000.0/0x0x4e897618; planted-2.5-3x5x17 (dispatch-planes vs oracle): 15 of 15 cells differ; first at 0 got 1153109100.0/0x0x4e897619 want 1153109000.0/0x0x4e897618; planted-2.6-3x5x17 (flat vs oracle): 15 of 15 cells differ; first at 0 got -4492931600.0/0x0xcf85e659 want -4492931000.0/0x0xcf85e658; planted-2.6-3x5x17 (pieces vs oracle): 15 of 15 cells differ; first at 0 got -4492931600.0/0x0xcf85e659 want -4492931000.0/0x0xcf85e658; planted-2.6-3x5x17 (mma vs oracle): 15 of 15 cells differ; first at 0 got -4492931600.0/0x0xcf85e659 want -4492931000.0/0x0xcf85e658; planted-2.6-3x5x17 (dispatch-codes vs oracle): 15 of 15 cells differ; first at 0 got -4492931600.0/0x0xcf85e659 want -4492931000.0/0x0xcf85e658; planted-2.6-3x5x17 (dispatch-planes vs oracle): 15 of 15 cells differ; first at 0 got -4492931600.0/0x0xcf85e659 want -4492931000.0/0x0xcf85e658; planted-3.0-3x5x17 (flat vs oracle): 15 of 15 cells differ; first at 0 got -268402700.0/0x0xcd7ff801 want -268402690.0/0x0xcd7ff800; planted-3.0-3x5x17 (pieces vs oracle): 15 of 15 cells differ; first at 0 got -268402700.0/0x0xcd7ff801 want -268402690.0/0x0xcd7ff800; planted-3.0-3x5x17 (mma vs oracle): 15 of 15 cells differ; first at 0 got -268402700.0/0x0xcd7ff801 want -268402690.0/0x0xcd7ff800; planted-3.0-3x5x17 (dispatch-codes vs oracle): 15 of 15 cells differ; first at 0 got -268402700.0/0x0xcd7ff801 want -268402690.0/0x0xcd7ff800; planted-3.0-3x5x17 (dispatch-planes vs oracle): 15 of 15 cells differ; first at 0 got -268402700.0/0x0xcd7ff801 want -268402690.0/0x0xcd7ff800; planted-3.1-3x5x17 (flat vs oracle): 15 of 15 cells differ; first at 0 got 268402700.0/0x0x4d7ff801 want 268402690.0/0x0x4d7ff800; planted-3.1-3x5x17 (pieces vs oracle): 15 of 15 cells differ; first at 0 got 268402700.0/0x0x4d7ff801 want 268402690.0/0x0x4d7ff800; planted-3.1-3x5x17 (mma vs oracle): 15 of 15 cells differ; first at 0 got 268402700.0/0x0x4d7ff801 want 268402690.0/0x0x4d7ff800; planted-3.1-3x5x17 (dispatch-codes vs oracle): 15 of 15 cells differ; first at 0 got 268402700.0/0x0x4d7ff801 want 268402690.0/0x0x4d7ff800; planted-3.1-3x5x17 (dispatch-planes vs oracle): 15 of 15 cells differ; first at 0 got 268402700.0/0x0x4d7ff801 want 268402690.0/0x0x4d7ff800; planted-3.2-3x5x17 (flat vs oracle): 15 of 15 cells differ; first at 0 got 266338450.0/0x0x4d7e0009 want 266338430.0/0x0x4d7e0008; planted-3.2-3x5x17 (pieces vs oracle): 15 of 15 cells differ; first at 0 got 266338450.0/0x0x4d7e0009 want 266338430.0/0x0x4d7e0008; planted-3.2-3x5x17 (mma vs oracle): 15 of 15 cells differ; first at 0 got 266338450.0/0x0x4d7e0009 want 266338430.0/0x0x4d7e0008; planted-3.2-3x5x17 (dispatch-codes vs oracle): 15 of 15 cells differ; first at 0 got 266338450.0/0x0x4d7e0009 want 266338430.0/0x0x4d7e0008; planted-3.2-3x5x17 (dispatch-planes vs oracle): 15 of 15 cells differ; first at 0 got 266338450.0/0x0x4d7e0009 want 266338430.0/0x0x4d7e0008; planted-3.3-3x5x17 (flat vs oracle): 15 of 15 cells differ; first at 0 got 4562846000.0/0x0x4f87fbc1 want 4562845700.0/0x0x4f87fbc0; planted-3.3-3x5x17 (pieces vs oracle): 15 of 15 cells differ; first at 0 got 4562846000.0/0x0x4f87fbc1 want 4562845700.0/0x0x4f87fbc0; planted-3.3-3x5x17 (mma vs oracle): 15 of 15 cells differ; first at 0 got 4562846000.0/0x0x4f87fbc1 want 4562845700.0/0x0x4f87fbc0; planted-3.3-3x5x17 (dispatch-codes vs oracle): 15 of 15 cells differ; first at 0 got 4562846000.0/0x0x4f87fbc1 want 4562845700.0/0x0x4f87fbc0; planted-3.3-3x5x17 (dispatch-planes vs oracle): 15 of 15 cells differ; first at 0 got 4562846000.0/0x0x4f87fbc1 want 4562845700.0/0x0x4f87fbc0; planted-3.4-3x5x17 (flat vs oracle): 15 of 15 cells differ; first at 0 got 1.1754944e-38/0x0x800000 want 0.0/0x0x0; planted-3.4-3x5x17 (pieces vs oracle): 15 of 15 cells differ; first at 0 got 1.1754944e-38/0x0x800000 want 0.0/0x0x0; planted-3.4-3x5x17 (mma vs oracle): 15 of 15 cells differ; first at 0 got 1.1754944e-38/0x0x800000 want 0.0/0x0x0; planted-3.4-3x5x17 (dispatch-codes vs oracle): 15 of 15 cells differ; first at 0 got 1.1754944e-38/0x0x800000 want 0.0/0x0x0; planted-3.4-3x5x17 (dispatch-planes vs oracle): 15 of 15 cells differ; first at 0 got 1.1754944e-38/0x0x800000 want 0.0/0x0x0; planted-3.5-3x5x17 (flat vs oracle): 15 of 15 cells differ; first at 0 got -626846400.0/0x0xce1573ab want -626846340.0/0x0xce1573aa; planted-3.5-3x5x17 (pieces vs oracle): 15 of 15 cells differ; first at 0 got -626846400.0/0x0xce1573ab want -626846340.0/0x0xce1573aa; planted-3.5-3x5x17 (mma vs oracle): 15 of 15 cells differ; first at 0 got -626846400.0/0x0xce1573ab want -626846340.0/0x0xce1573aa; planted-3.5-3x5x17 (dispatch-codes vs oracle): 15 of 15 cells differ; first at 0 got -626846400.0/0x0xce1573ab want -626846340.0/0x0xce1573aa; planted-3.5-3x5x17 (dispatch-planes vs oracle): 15 of 15 cells differ; first at 0 got -626846400.0/0x0xce1573ab want -626846340.0/0x0xce1573aa; planted-3.6-3x5x17 (flat vs oracle): 15 of 15 cells differ; first at 0 got -266338450.0/0x0xcd7e0009 want -266338430.0/0x0xcd7e0008; planted-3.6-3x5x17 (pieces vs oracle): 15 of 15 cells differ; first at 0 got -266338450.0/0x0xcd7e0009 want -266338430.0/0x0xcd7e0008; planted-3.6-3x5x17 (mma vs oracle): 15 of 15 cells differ; first at 0 got -266338450.0/0x0xcd7e0009 want -266338430.0/0x0xcd7e0008; planted-3.6-3x5x17 (dispatch-codes vs oracle): 15 of 15 cells differ; first at 0 got -266338450.0/0x0xcd7e0009 want -266338430.0/0x0xcd7e0008; planted-3.6-3x5x17 (dispatch-planes vs oracle): 15 of 15 cells differ; first at 0 got -266338450.0/0x0xcd7e0009 want -266338430.0/0x0xcd7e0008; planted-4.0-3x5x17 (flat vs oracle): 15 of 15 cells differ; first at 0 got 1.1754944e-38/0x0x800000 want 0.0/0x0x0; planted-4.0-3x5x17 (pieces vs oracle): 15 of 15 cells differ; first at 0 got 1.1754944e-38/0x0x800000 want 0.0/0x0x0; planted-4.0-3x5x17 (mma vs oracle): 15 of 15 cells differ; first at 0 got 1.1754944e-38/0x0x800000 want 0.0/0x0x0; planted-4.0-3x5x17 (dispatch-codes vs oracle): 15 of 15 cells differ; first at 0 got 1.1754944e-38/0x0x800000 want 0.0/0x0x0; planted-4.0-3x5x17 (dispatch-planes vs oracle): 15 of 15 cells differ; first at 0 got 1.1754944e-38/0x0x800000 want 0.0/0x0x0; planted-4.1-3x5x17 (flat vs oracle): 15 of 15 cells differ; first at 0 got 1.1754944e-38/0x0x800000 want 0.0/0x0x0; planted-4.1-3x5x17 (pieces vs oracle): 15 of 15 cells differ; first at 0 got 1.1754944e-38/0x0x800000 want 0.0/0x0x0; planted-4.1-3x5x17 (mma vs oracle): 15 of 15 cells differ; first at 0 got 1.1754944e-38/0x0x800000 want 0.0/0x0x0; planted-4.1-3x5x17 (dispatch-codes vs oracle): 15 of 15 cells differ; first at 0 got 1.1754944e-38/0x0x800000 want 0.0/0x0x0; planted-4.1-3x5x17 (dispatch-planes vs oracle): 15 of 15 cells differ; first at 0 got 1.1754944e-38/0x0x800000 want 0.0/0x0x0; planted-4.2-3x5x17 (flat vs oracle): 15 of 15 cells differ; first at 0 got 1.1754944e-38/0x0x800000 want 0.0/0x0x0; planted-4.2-3x5x17 (pieces vs oracle): 15 of 15 cells differ; first at 0 got 1.1754944e-38/0x0x800000 want 0.0/0x0x0; planted-4.2-3x5x17 (mma vs oracle): 15 of 15 cells differ; first at 0 got 1.1754944e-38/0x0x800000 want 0.0/0x0x0; planted-4.2-3x5x17 (dispatch-codes vs oracle): 15 of 15 cells differ; first at 0 got 1.1754944e-38/0x0x800000 want 0.0/0x0x0; planted-4.2-3x5x17 (dispatch-planes vs oracle): 15 of 15 cells differ; first at 0 got 1.1754944e-38/0x0x800000 want 0.0/0x0x0; planted-4.3-3x5x17 (flat vs oracle): 15 of 15 cells differ; first at 0 got 1.1754944e-38/0x0x800000 want 0.0/0x0x0; planted-4.3-3x5x17 (pieces vs oracle): 15 of 15 cells differ; first at 0 got 1.1754944e-38/0x0x800000 want 0.0/0x0x0; planted-4.3-3x5x17 (mma vs oracle): 15 of 15 cells differ; first at 0 got 1.1754944e-38/0x0x800000 want 0.0/0x0x0; planted-4.3-3x5x17 (dispatch-codes vs oracle): 15 of 15 cells differ; first at 0 got 1.1754944e-38/0x0x800000 want 0.0/0x0x0; planted-4.3-3x5x17 (dispatch-planes vs oracle): 15 of 15 cells differ; first at 0 got 1.1754944e-38/0x0x800000 want 0.0/0x0x0; planted-4.4-3x5x17 (flat vs oracle): 15 of 15 cells differ; first at 0 got 1.1754944e-38/0x0x800000 want 0.0/0x0x0; planted-4.4-3x5x17 (pieces vs oracle): 15 of 15 cells differ; first at 0 got 1.1754944e-38/0x0x800000 want 0.0/0x0x0; planted-4.4-3x5x17 (mma vs oracle): 15 of 15 cells differ; first at 0 got 1.1754944e-38/0x0x800000 want 0.0/0x0x0; planted-4.4-3x5x17 (dispatch-codes vs oracle): 15 of 15 cells differ; first at 0 got 1.1754944e-38/0x0x800000 want 0.0/0x0x0; planted-4.4-3x5x17 (dispatch-planes vs oracle): 15 of 15 cells differ; first at 0 got 1.1754944e-38/0x0x800000 want 0.0/0x0x0; planted-4.5-3x5x17 (flat vs oracle): 15 of 15 cells differ; first at 0 got 1.1754944e-38/0x0x800000 want 0.0/0x0x0; planted-4.5-3x5x17 (pieces vs oracle): 15 of 15 cells differ; first at 0 got 1.1754944e-38/0x0x800000 want 0.0/0x0x0; planted-4.5-3x5x17 (mma vs oracle): 15 of 15 cells differ; first at 0 got 1.1754944e-38/0x0x800000 want 0.0/0x0x0; planted-4.5-3x5x17 (dispatch-codes vs oracle): 15 of 15 cells differ; first at 0 got 1.1754944e-38/0x0x800000 want 0.0/0x0x0; planted-4.5-3x5x17 (dispatch-planes vs oracle): 15 of 15 cells differ; first at 0 got 1.1754944e-38/0x0x800000 want 0.0/0x0x0; planted-4.6-3x5x17 (flat vs oracle): 15 of 15 cells differ; first at 0 got 1.1754944e-38/0x0x800000 want 0.0/0x0x0; planted-4.6-3x5x17 (pieces vs oracle): 15 of 15 cells differ; first at 0 got 1.1754944e-38/0x0x800000 want 0.0/0x0x0; planted-4.6-3x5x17 (mma vs oracle): 15 of 15 cells differ; first at 0 got 1.1754944e-38/0x0x800000 want 0.0/0x0x0; planted-4.6-3x5x17 (dispatch-codes vs oracle): 15 of 15 cells differ; first at 0 got 1.1754944e-38/0x0x800000 want 0.0/0x0x0; planted-4.6-3x5x17 (dispatch-planes vs oracle): 15 of 15 cells differ; first at 0 got 1.1754944e-38/0x0x800000 want 0.0/0x0x0; planted-5.0-3x5x17 (flat vs oracle): 15 of 15 cells differ; first at 0 got -1162046300.0/0x0xce8a86d7 want -1162046200.0/0x0xce8a86d6; planted-5.0-3x5x17 (pieces vs oracle): 15 of 15 cells differ; first at 0 got -1162046300.0/0x0xce8a86d7 want -1162046200.0/0x0xce8a86d6; planted-5.0-3x5x17 (mma vs oracle): 15 of 15 cells differ; first at 0 got -1162046300.0/0x0xce8a86d7 want -1162046200.0/0x0xce8a86d6; planted-5.0-3x5x17 (dispatch-codes vs oracle): 15 of 15 cells differ; first at 0 got -1162046300.0/0x0xce8a86d7 want -1162046200.0/0x0xce8a86d6; planted-5.0-3x5x17 (dispatch-planes vs oracle): 15 of 15 cells differ; first at 0 got -1162046300.0/0x0xce8a86d7 want -1162046200.0/0x0xce8a86d6; planted-5.1-3x5x17 (flat vs oracle): 15 of 15 cells differ; first at 0 got 1162046300.0/0x0x4e8a86d7 want 1162046200.0/0x0x4e8a86d6; planted-5.1-3x5x17 (pieces vs oracle): 15 of 15 cells differ; first at 0 got 1162046300.0/0x0x4e8a86d7 want 1162046200.0/0x0x4e8a86d6; planted-5.1-3x5x17 (mma vs oracle): 15 of 15 cells differ; first at 0 got 1162046300.0/0x0x4e8a86d7 want 1162046200.0/0x0x4e8a86d6; planted-5.1-3x5x17 (dispatch-codes vs oracle): 15 of 15 cells differ; first at 0 got 1162046300.0/0x0x4e8a86d7 want 1162046200.0/0x0x4e8a86d6; planted-5.1-3x5x17 (dispatch-planes vs oracle): 15 of 15 cells differ; first at 0 got 1162046300.0/0x0x4e8a86d7 want 1162046200.0/0x0x4e8a86d6; planted-5.2-3x5x17 (flat vs oracle): 15 of 15 cells differ; first at 0 got 1153109100.0/0x0x4e897619 want 1153109000.0/0x0x4e897618; planted-5.2-3x5x17 (pieces vs oracle): 15 of 15 cells differ; first at 0 got 1153109100.0/0x0x4e897619 want 1153109000.0/0x0x4e897618; planted-5.2-3x5x17 (mma vs oracle): 15 of 15 cells differ; first at 0 got 1153109100.0/0x0x4e897619 want 1153109000.0/0x0x4e897618; planted-5.2-3x5x17 (dispatch-codes vs oracle): 15 of 15 cells differ; first at 0 got 1153109100.0/0x0x4e897619 want 1153109000.0/0x0x4e897618; planted-5.2-3x5x17 (dispatch-planes vs oracle): 15 of 15 cells differ; first at 0 got 1153109100.0/0x0x4e897619 want 1153109000.0/0x0x4e897618; planted-5.3-3x5x17 (flat vs oracle): 15 of 15 cells differ; first at 0 got -626846400.0/0x0xce1573ab want -626846340.0/0x0xce1573aa; planted-5.3-3x5x17 (pieces vs oracle): 15 of 15 cells differ; first at 0 got -626846400.0/0x0xce1573ab want -626846340.0/0x0xce1573aa; planted-5.3-3x5x17 (mma vs oracle): 15 of 15 cells differ; first at 0 got -626846400.0/0x0xce1573ab want -626846340.0/0x0xce1573aa; planted-5.3-3x5x17 (dispatch-codes vs oracle): 15 of 15 cells differ; first at 0 got -626846400.0/0x0xce1573ab want -626846340.0/0x0xce1573aa; planted-5.3-3x5x17 (dispatch-planes vs oracle): 15 of 15 cells differ; first at 0 got -626846400.0/0x0xce1573ab want -626846340.0/0x0xce1573aa; planted-5.4-3x5x17 (flat vs oracle): 15 of 15 cells differ; first at 0 got 1.1754944e-38/0x0x800000 want 0.0/0x0x0; planted-5.4-3x5x17 (pieces vs oracle): 15 of 15 cells differ; first at 0 got 1.1754944e-38/0x0x800000 want 0.0/0x0x0; planted-5.4-3x5x17 (mma vs oracle): 15 of 15 cells differ; first at 0 got 1.1754944e-38/0x0x800000 want 0.0/0x0x0; planted-5.4-3x5x17 (dispatch-codes vs oracle): 15 of 15 cells differ; first at 0 got 1.1754944e-38/0x0x800000 want 0.0/0x0x0; planted-5.4-3x5x17 (dispatch-planes vs oracle): 15 of 15 cells differ; first at 0 got 1.1754944e-38/0x0x800000 want 0.0/0x0x0; planted-5.5-3x5x17 (flat vs oracle): 15 of 15 cells differ; first at 0 got 1759201500.0/0x0x4ed1b692 want 1759201400.0/0x0x4ed1b691; planted-5.5-3x5x17 (pieces vs oracle): 15 of 15 cells differ; first at 0 got 1759201500.0/0x0x4ed1b692 want 1759201400.0/0x0x4ed1b691; planted-5.5-3x5x17 (mma vs oracle): 15 of 15 cells differ; first at 0 got 1759201500.0/0x0x4ed1b692 want 1759201400.0/0x0x4ed1b691; planted-5.5-3x5x17 (dispatch-codes vs oracle): 15 of 15 cells differ; first at 0 got 1759201500.0/0x0x4ed1b692 want 1759201400.0/0x0x4ed1b691; planted-5.5-3x5x17 (dispatch-planes vs oracle): 15 of 15 cells differ; first at 0 got 1759201500.0/0x0x4ed1b692 want 1759201400.0/0x0x4ed1b691; planted-5.6-3x5x17 (flat vs oracle): 15 of 15 cells differ; first at 0 got -1153109100.0/0x0xce897619 want -1153109000.0/0x0xce897618; planted-5.6-3x5x17 (pieces vs oracle): 15 of 15 cells differ; first at 0 got -1153109100.0/0x0xce897619 want -1153109000.0/0x0xce897618; planted-5.6-3x5x17 (mma vs oracle): 15 of 15 cells differ; first at 0 got -1153109100.0/0x0xce897619 want -1153109000.0/0x0xce897618; planted-5.6-3x5x17 (dispatch-codes vs oracle): 15 of 15 cells differ; first at 0 got -1153109100.0/0x0xce897619 want -1153109000.0/0x0xce897618; planted-5.6-3x5x17 (dispatch-planes vs oracle): 15 of 15 cells differ; first at 0 got -1153109100.0/0x0xce897619 want -1153109000.0/0x0xce897618; planted-6.0-3x5x17 (flat vs oracle): 15 of 15 cells differ; first at 0 got 4527753700.0/0x0x4f86f005 want 4527753000.0/0x0x4f86f004; planted-6.0-3x5x17 (pieces vs oracle): 15 of 15 cells differ; first at 0 got 4527753700.0/0x0x4f86f005 want 4527753000.0/0x0x4f86f004; planted-6.0-3x5x17 (mma vs oracle): 15 of 15 cells differ; first at 0 got 4527753700.0/0x0x4f86f005 want 4527753000.0/0x0x4f86f004; planted-6.0-3x5x17 (dispatch-codes vs oracle): 15 of 15 cells differ; first at 0 got 4527753700.0/0x0x4f86f005 want 4527753000.0/0x0x4f86f004; planted-6.0-3x5x17 (dispatch-planes vs oracle): 15 of 15 cells differ; first at 0 got 4527753700.0/0x0x4f86f005 want 4527753000.0/0x0x4f86f004; planted-6.1-3x5x17 (flat vs oracle): 15 of 15 cells differ; first at 0 got -4527753700.0/0x0xcf86f005 want -4527753000.0/0x0xcf86f004; planted-6.1-3x5x17 (pieces vs oracle): 15 of 15 cells differ; first at 0 got -4527753700.0/0x0xcf86f005 want -4527753000.0/0x0xcf86f004; planted-6.1-3x5x17 (mma vs oracle): 15 of 15 cells differ; first at 0 got -4527753700.0/0x0xcf86f005 want -4527753000.0/0x0xcf86f004; planted-6.1-3x5x17 (dispatch-codes vs oracle): 15 of 15 cells differ; first at 0 got -4527753700.0/0x0xcf86f005 want -4527753000.0/0x0xcf86f004; planted-6.1-3x5x17 (dispatch-planes vs oracle): 15 of 15 cells differ; first at 0 got -4527753700.0/0x0xcf86f005 want -4527753000.0/0x0xcf86f004; planted-6.2-3x5x17 (flat vs oracle): 15 of 15 cells differ; first at 0 got -4492931600.0/0x0xcf85e659 want -4492931000.0/0x0xcf85e658; planted-6.2-3x5x17 (pieces vs oracle): 15 of 15 cells differ; first at 0 got -4492931600.0/0x0xcf85e659 want -4492931000.0/0x0xcf85e658; planted-6.2-3x5x17 (mma vs oracle): 15 of 15 cells differ; first at 0 got -4492931600.0/0x0xcf85e659 want -4492931000.0/0x0xcf85e658; planted-6.2-3x5x17 (dispatch-codes vs oracle): 15 of 15 cells differ; first at 0 got -4492931600.0/0x0xcf85e659 want -4492931000.0/0x0xcf85e658; planted-6.2-3x5x17 (dispatch-planes vs oracle): 15 of 15 cells differ; first at 0 got -4492931600.0/0x0xcf85e659 want -4492931000.0/0x0xcf85e658; planted-6.3-3x5x17 (flat vs oracle): 15 of 15 cells differ; first at 0 got -266338450.0/0x0xcd7e0009 want -266338430.0/0x0xcd7e0008; planted-6.3-3x5x17 (pieces vs oracle): 15 of 15 cells differ; first at 0 got -266338450.0/0x0xcd7e0009 want -266338430.0/0x0xcd7e0008; planted-6.3-3x5x17 (mma vs oracle): 15 of 15 cells differ; first at 0 got -266338450.0/0x0xcd7e0009 want -266338430.0/0x0xcd7e0008; planted-6.3-3x5x17 (dispatch-codes vs oracle): 15 of 15 cells differ; first at 0 got -266338450.0/0x0xcd7e0009 want -266338430.0/0x0xcd7e0008; planted-6.3-3x5x17 (dispatch-planes vs oracle): 15 of 15 cells differ; first at 0 got -266338450.0/0x0xcd7e0009 want -266338430.0/0x0xcd7e0008; planted-6.4-3x5x17 (flat vs oracle): 15 of 15 cells differ; first at 0 got 1.1754944e-38/0x0x800000 want 0.0/0x0x0; planted-6.4-3x5x17 (pieces vs oracle): 15 of 15 cells differ; first at 0 got 1.1754944e-38/0x0x800000 want 0.0/0x0x0; planted-6.4-3x5x17 (mma vs oracle): 15 of 15 cells differ; first at 0 got 1.1754944e-38/0x0x800000 want 0.0/0x0x0; planted-6.4-3x5x17 (dispatch-codes vs oracle): 15 of 15 cells differ; first at 0 got 1.1754944e-38/0x0x800000 want 0.0/0x0x0; planted-6.4-3x5x17 (dispatch-planes vs oracle): 15 of 15 cells differ; first at 0 got 1.1754944e-38/0x0x800000 want 0.0/0x0x0; planted-6.5-3x5x17 (flat vs oracle): 15 of 15 cells differ; first at 0 got -1153109100.0/0x0xce897619 want -1153109000.0/0x0xce897618; planted-6.5-3x5x17 (pieces vs oracle): 15 of 15 cells differ; first at 0 got -1153109100.0/0x0xce897619 want -1153109000.0/0x0xce897618; planted-6.5-3x5x17 (mma vs oracle): 15 of 15 cells differ; first at 0 got -1153109100.0/0x0xce897619 want -1153109000.0/0x0xce897618; planted-6.5-3x5x17 (dispatch-codes vs oracle): 15 of 15 cells differ; first at 0 got -1153109100.0/0x0xce897619 want -1153109000.0/0x0xce897618; planted-6.5-3x5x17 (dispatch-planes vs oracle): 15 of 15 cells differ; first at 0 got -1153109100.0/0x0xce897619 want -1153109000.0/0x0xce897618; planted-6.6-3x5x17 (flat vs oracle): 15 of 15 cells differ; first at 0 got 4492931600.0/0x0x4f85e659 want 4492931000.0/0x0x4f85e658; planted-6.6-3x5x17 (pieces vs oracle): 15 of 15 cells differ; first at 0 got 4492931600.0/0x0x4f85e659 want 4492931000.0/0x0x4f85e658; planted-6.6-3x5x17 (mma vs oracle): 15 of 15 cells differ; first at 0 got 4492931600.0/0x0x4f85e659 want 4492931000.0/0x0x4f85e658; planted-6.6-3x5x17 (dispatch-codes vs oracle): 15 of 15 cells differ; first at 0 got 4492931600.0/0x0x4f85e659 want 4492931000.0/0x0x4f85e658; planted-6.6-3x5x17 (dispatch-planes vs oracle): 15 of 15 cells differ; first at 0 got 4492931600.0/0x0x4f85e659 want 4492931000.0/0x0x4f85e658; planted-0.0-17x33x1000 (flat vs oracle): 561 of 561 cells differ; first at 0 got 268402700000.0/0x0x5279f831 want 268402690000.0/0x0x5279f830; planted-0.0-17x33x1000 (pieces vs oracle): 561 of 561 cells differ; first at 0 got 268402700000.0/0x0x5279f831 want 268402690000.0/0x0x5279f830; planted-0.0-17x33x1000 (mma vs oracle): 561 of 561 cells differ; first at 0 got 268402700000.0/0x0x5279f831 want 268402690000.0/0x0x5279f830; planted-0.0-17x33x1000 (dispatch-codes vs oracle): 561 of 561 cells differ; first at 0 got 268402700000.0/0x0x5279f831 want 268402690000.0/0x0x5279f830; planted-0.0-17x33x1000 (dispatch-planes vs oracle): 561 of 561 cells differ; first at 0 got 268402700000.0/0x0x5279f831 want 268402690000.0/0x0x5279f830; planted-0.1-17x33x1000 (flat vs oracle): 561 of 561 cells differ; first at 0 got -268402700000.0/0x0xd279f831 want -268402690000.0/0x0xd279f830; planted-0.1-17x33x1000 (pieces vs oracle): 561 of 561 cells differ; first at 0 got -268402700000.0/0x0xd279f831 want -268402690000.0/0x0xd279f830; planted-0.1-17x33x1000 (mma vs oracle): 561 of 561 cells differ; first at 0 got -268402700000.0/0x0xd279f831 want -268402690000.0/0x0xd279f830; planted-0.1-17x33x1000 (dispatch-codes vs oracle): 561 of 561 cells differ; first at 0 got -268402700000.0/0x0xd279f831 want -268402690000.0/0x0xd279f830; planted-0.1-17x33x1000 (dispatch-planes vs oracle): 561 of 561 cells differ; first at 0 got -268402700000.0/0x0xd279f831 want -268402690000.0/0x0xd279f830; planted-0.2-17x33x1000 (flat vs oracle): 561 of 561 cells differ; first at 0 got -266338450000.0/0x0xd2780c09 want -266338430000.0/0x0xd2780c08; planted-0.2-17x33x1000 (pieces vs oracle): 561 of 561 cells differ; first at 0 got -266338450000.0/0x0xd2780c09 want -266338430000.0/0x0xd2780c08; planted-0.2-17x33x1000 (mma vs oracle): 561 of 561 cells differ; first at 0 got -266338450000.0/0x0xd2780c09 want -266338430000.0/0x0xd2780c08; planted-0.2-17x33x1000 (dispatch-codes vs oracle): 561 of 561 cells differ; first at 0 got -266338450000.0/0x0xd2780c09 want -266338430000.0/0x0xd2780c08; planted-0.2-17x33x1000 (dispatch-planes vs oracle): 561 of 561 cells differ; first at 0 got -266338450000.0/0x0xd2780c09 want -266338430000.0/0x0xd2780c08; planted-0.3-17x33x1000 (flat vs oracle): 561 of 561 cells differ; first at 0 got 1.1754944e-38/0x0x800000 want 0.0/0x0x0; planted-0.3-17x33x1000 (pieces vs oracle): 561 of 561 cells differ; first at 0 got 1.1754944e-38/0x0x800000 want 0.0/0x0x0; planted-0.3-17x33x1000 (mma vs oracle): 561 of 561 cells differ; first at 0 got 1.1754944e-38/0x0x800000 want 0.0/0x0x0; planted-0.3-17x33x1000 (dispatch-codes vs oracle): 561 of 561 cells differ; first at 0 got 1.1754944e-38/0x0x800000 want 0.0/0x0x0; planted-0.3-17x33x1000 (dispatch-planes vs oracle): 561 of 561 cells differ; first at 0 got 1.1754944e-38/0x0x800000 want 0.0/0x0x0; planted-0.4-17x33x1000 (flat vs oracle): 561 of 561 cells differ; first at 0 got 1.1754944e-38/0x0x800000 want 0.0/0x0x0; planted-0.4-17x33x1000 (pieces vs oracle): 561 of 561 cells differ; first at 0 got 1.1754944e-38/0x0x800000 want 0.0/0x0x0; planted-0.4-17x33x1000 (mma vs oracle): 561 of 561 cells differ; first at 0 got 1.1754944e-38/0x0x800000 want 0.0/0x0x0; planted-0.4-17x33x1000 (dispatch-codes vs oracle): 561 of 561 cells differ; first at 0 got 1.1754944e-38/0x0x800000 want 0.0/0x0x0; planted-0.4-17x33x1000 (dispatch-planes vs oracle): 561 of 561 cells differ; first at 0 got 1.1754944e-38/0x0x800000 want 0.0/0x0x0; planted-0.6-17x33x1000 (flat vs oracle): 561 of 561 cells differ; first at 0 got 266338450000.0/0x0x52780c09 want 266338430000.0/0x0x52780c08; planted-0.6-17x33x1000 (pieces vs oracle): 561 of 561 cells differ; first at 0 got 266338450000.0/0x0x52780c09 want 266338430000.0/0x0x52780c08; planted-0.6-17x33x1000 (mma vs oracle): 561 of 561 cells differ; first at 0 got 266338450000.0/0x0x52780c09 want 266338430000.0/0x0x52780c08; planted-0.6-17x33x1000 (dispatch-codes vs oracle): 561 of 561 cells differ; first at 0 got 266338450000.0/0x0x52780c09 want 266338430000.0/0x0x52780c08; planted-0.6-17x33x1000 (dispatch-planes vs oracle): 561 of 561 cells differ; first at 0 got 266338450000.0/0x0x52780c09 want 266338430000.0/0x0x52780c08; planted-1.0-17x33x1000 (flat vs oracle): 561 of 561 cells differ; first at 0 got -268402700000.0/0x0xd279f831 want -268402690000.0/0x0xd279f830; planted-1.0-17x33x1000 (pieces vs oracle): 561 of 561 cells differ; first at 0 got -268402700000.0/0x0xd279f831 want -268402690000.0/0x0xd279f830; planted-1.0-17x33x1000 (mma vs oracle): 561 of 561 cells differ; first at 0 got -268402700000.0/0x0xd279f831 want -268402690000.0/0x0xd279f830; planted-1.0-17x33x1000 (dispatch-codes vs oracle): 561 of 561 cells differ; first at 0 got -268402700000.0/0x0xd279f831 want -268402690000.0/0x0xd279f830; planted-1.0-17x33x1000 (dispatch-planes vs oracle): 561 of 561 cells differ; first at 0 got -268402700000.0/0x0xd279f831 want -268402690000.0/0x0xd279f830; planted-1.1-17x33x1000 (flat vs oracle): 561 of 561 cells differ; first at 0 got 268402700000.0/0x0x5279f831 want 268402690000.0/0x0x5279f830; planted-1.1-17x33x1000 (pieces vs oracle): 561 of 561 cells differ; first at 0 got 268402700000.0/0x0x5279f831 want 268402690000.0/0x0x5279f830; planted-1.1-17x33x1000 (mma vs oracle): 561 of 561 cells differ; first at 0 got 268402700000.0/0x0x5279f831 want 268402690000.0/0x0x5279f830; planted-1.1-17x33x1000 (dispatch-codes vs oracle): 561 of 561 cells differ; first at 0 got 268402700000.0/0x0x5279f831 want 268402690000.0/0x0x5279f830; planted-1.1-17x33x1000 (dispatch-planes vs oracle): 561 of 561 cells differ; first at 0 got 268402700000.0/0x0x5279f831 want 268402690000.0/0x0x5279f830; planted-1.2-17x33x1000 (flat vs oracle): 561 of 561 cells differ; first at 0 got 266338450000.0/0x0x52780c09 want 266338430000.0/0x0x52780c08; planted-1.2-17x33x1000 (pieces vs oracle): 561 of 561 cells differ; first at 0 got 266338450000.0/0x0x52780c09 want 266338430000.0/0x0x52780c08; planted-1.2-17x33x1000 (mma vs oracle): 561 of 561 cells differ; first at 0 got 266338450000.0/0x0x52780c09 want 266338430000.0/0x0x52780c08; planted-1.2-17x33x1000 (dispatch-codes vs oracle): 561 of 561 cells differ; first at 0 got 266338450000.0/0x0x52780c09 want 266338430000.0/0x0x52780c08; planted-1.2-17x33x1000 (dispatch-planes vs oracle): 561 of 561 cells differ; first at 0 got 266338450000.0/0x0x52780c09 want 266338430000.0/0x0x52780c08; planted-1.3-17x33x1000 (flat vs oracle): 561 of 561 cells differ; first at 0 got 1.1754944e-38/0x0x800000 want 0.0/0x0x0; planted-1.3-17x33x1000 (pieces vs oracle): 561 of 561 cells differ; first at 0 got 1.1754944e-38/0x0x800000 want 0.0/0x0x0; planted-1.3-17x33x1000 (mma vs oracle): 561 of 561 cells differ; first at 0 got 1.1754944e-38/0x0x800000 want 0.0/0x0x0; planted-1.3-17x33x1000 (dispatch-codes vs oracle): 561 of 561 cells differ; first at 0 got 1.1754944e-38/0x0x800000 want 0.0/0x0x0; planted-1.3-17x33x1000 (dispatch-planes vs oracle): 561 of 561 cells differ; first at 0 got 1.1754944e-38/0x0x800000 want 0.0/0x0x0; planted-1.4-17x33x1000 (flat vs oracle): 561 of 561 cells differ; first at 0 got 1.1754944e-38/0x0x800000 want 0.0/0x0x0; planted-1.4-17x33x1000 (pieces vs oracle): 561 of 561 cells differ; first at 0 got 1.1754944e-38/0x0x800000 want 0.0/0x0x0; planted-1.4-17x33x1000 (mma vs oracle): 561 of 561 cells differ; first at 0 got 1.1754944e-38/0x0x800000 want 0.0/0x0x0; planted-1.4-17x33x1000 (dispatch-codes vs oracle): 561 of 561 cells differ; first at 0 got 1.1754944e-38/0x0x800000 want 0.0/0x0x0; planted-1.4-17x33x1000 (dispatch-planes vs oracle): 561 of 561 cells differ; first at 0 got 1.1754944e-38/0x0x800000 want 0.0/0x0x0; planted-1.6-17x33x1000 (flat vs oracle): 561 of 561 cells differ; first at 0 got -266338450000.0/0x0xd2780c09 want -266338430000.0/0x0xd2780c08; planted-1.6-17x33x1000 (pieces vs oracle): 561 of 561 cells differ; first at 0 got -266338450000.0/0x0xd2780c09 want -266338430000.0/0x0xd2780c08; planted-1.6-17x33x1000 (mma vs oracle): 561 of 561 cells differ; first at 0 got -266338450000.0/0x0xd2780c09 want -266338430000.0/0x0xd2780c08; planted-1.6-17x33x1000 (dispatch-codes vs oracle): 561 of 561 cells differ; first at 0 got -266338450000.0/0x0xd2780c09 want -266338430000.0/0x0xd2780c08; planted-1.6-17x33x1000 (dispatch-planes vs oracle): 561 of 561 cells differ; first at 0 got -266338450000.0/0x0xd2780c09 want -266338430000.0/0x0xd2780c08; planted-2.0-17x33x1000 (flat vs oracle): 561 of 561 cells differ; first at 0 got -266338450000.0/0x0xd2780c09 want -266338430000.0/0x0xd2780c08; planted-2.0-17x33x1000 (pieces vs oracle): 561 of 561 cells differ; first at 0 got -266338450000.0/0x0xd2780c09 want -266338430000.0/0x0xd2780c08; planted-2.0-17x33x1000 (mma vs oracle): 561 of 561 cells differ; first at 0 got -266338450000.0/0x0xd2780c09 want -266338430000.0/0x0xd2780c08; planted-2.0-17x33x1000 (dispatch-codes vs oracle): 561 of 561 cells differ; first at 0 got -266338450000.0/0x0xd2780c09 want -266338430000.0/0x0xd2780c08; planted-2.0-17x33x1000 (dispatch-planes vs oracle): 561 of 561 cells differ; first at 0 got -266338450000.0/0x0xd2780c09 want -266338430000.0/0x0xd2780c08; planted-2.1-17x33x1000 (flat vs oracle): 561 of 561 cells differ; first at 0 got 266338450000.0/0x0x52780c09 want 266338430000.0/0x0x52780c08; planted-2.1-17x33x1000 (pieces vs oracle): 561 of 561 cells differ; first at 0 got 266338450000.0/0x0x52780c09 want 266338430000.0/0x0x52780c08; planted-2.1-17x33x1000 (mma vs oracle): 561 of 561 cells differ; first at 0 got 266338450000.0/0x0x52780c09 want 266338430000.0/0x0x52780c08; planted-2.1-17x33x1000 (dispatch-codes vs oracle): 561 of 561 cells differ; first at 0 got 266338450000.0/0x0x52780c09 want 266338430000.0/0x0x52780c08; planted-2.1-17x33x1000 (dispatch-planes vs oracle): 561 of 561 cells differ; first at 0 got 266338450000.0/0x0x52780c09 want 266338430000.0/0x0x52780c08; planted-2.2-17x33x1000 (flat vs oracle): 561 of 561 cells differ; first at 0 got 264290060000.0/0x0x527623a9 want 264290040000.0/0x0x527623a8; planted-2.2-17x33x1000 (pieces vs oracle): 561 of 561 cells differ; first at 0 got 264290060000.0/0x0x527623a9 want 264290040000.0/0x0x527623a8; planted-2.2-17x33x1000 (mma vs oracle): 561 of 561 cells differ; first at 0 got 264290060000.0/0x0x527623a9 want 264290040000.0/0x0x527623a8; planted-2.2-17x33x1000 (dispatch-codes vs oracle): 561 of 561 cells differ; first at 0 got 264290060000.0/0x0x527623a9 want 264290040000.0/0x0x527623a8; planted-2.2-17x33x1000 (dispatch-planes vs oracle): 561 of 561 cells differ; first at 0 got 264290060000.0/0x0x527623a9 want 264290040000.0/0x0x527623a8; planted-2.3-17x33x1000 (flat vs oracle): 561 of 561 cells differ; first at 0 got 1.1754944e-38/0x0x800000 want 0.0/0x0x0; planted-2.3-17x33x1000 (pieces vs oracle): 561 of 561 cells differ; first at 0 got 1.1754944e-38/0x0x800000 want 0.0/0x0x0; planted-2.3-17x33x1000 (mma vs oracle): 561 of 561 cells differ; first at 0 got 1.1754944e-38/0x0x800000 want 0.0/0x0x0; planted-2.3-17x33x1000 (dispatch-codes vs oracle): 561 of 561 cells differ; first at 0 got 1.1754944e-38/0x0x800000 want 0.0/0x0x0; planted-2.3-17x33x1000 (dispatch-planes vs oracle): 561 of 561 cells differ; first at 0 got 1.1754944e-38/0x0x800000 want 0.0/0x0x0; planted-2.4-17x33x1000 (flat vs oracle): 561 of 561 cells differ; first at 0 got 1.1754944e-38/0x0x800000 want 0.0/0x0x0; planted-2.4-17x33x1000 (pieces vs oracle): 561 of 561 cells differ; first at 0 got 1.1754944e-38/0x0x800000 want 0.0/0x0x0; planted-2.4-17x33x1000 (mma vs oracle): 561 of 561 cells differ; first at 0 got 1.1754944e-38/0x0x800000 want 0.0/0x0x0; planted-2.4-17x33x1000 (dispatch-codes vs oracle): 561 of 561 cells differ; first at 0 got 1.1754944e-38/0x0x800000 want 0.0/0x0x0; planted-2.4-17x33x1000 (dispatch-planes vs oracle): 561 of 561 cells differ; first at 0 got 1.1754944e-38/0x0x800000 want 0.0/0x0x0; planted-2.6-17x33x1000 (flat vs oracle): 561 of 561 cells differ; first at 0 got -264290060000.0/0x0xd27623a9 want -264290040000.0/0x0xd27623a8; planted-2.6-17x33x1000 (pieces vs oracle): 561 of 561 cells differ; first at 0 got -264290060000.0/0x0xd27623a9 want -264290040000.0/0x0xd27623a8; planted-2.6-17x33x1000 (mma vs oracle): 561 of 561 cells differ; first at 0 got -264290060000.0/0x0xd27623a9 want -264290040000.0/0x0xd27623a8; planted-2.6-17x33x1000 (dispatch-codes vs oracle): 561 of 561 cells differ; first at 0 got -264290060000.0/0x0xd27623a9 want -264290040000.0/0x0xd27623a8; planted-2.6-17x33x1000 (dispatch-planes vs oracle): 561 of 561 cells differ; first at 0 got -264290060000.0/0x0xd27623a9 want -264290040000.0/0x0xd27623a8; planted-3.0-17x33x1000 (flat vs oracle): 561 of 561 cells differ; first at 0 got 1.1754944e-38/0x0x800000 want 0.0/0x0x0; planted-3.0-17x33x1000 (pieces vs oracle): 561 of 561 cells differ; first at 0 got 1.1754944e-38/0x0x800000 want 0.0/0x0x0; planted-3.0-17x33x1000 (mma vs oracle): 561 of 561 cells differ; first at 0 got 1.1754944e-38/0x0x800000 want 0.0/0x0x0; planted-3.0-17x33x1000 (dispatch-codes vs oracle): 561 of 561 cells differ; first at 0 got 1.1754944e-38/0x0x800000 want 0.0/0x0x0; planted-3.0-17x33x1000 (dispatch-planes vs oracle): 561 of 561 cells differ; first at 0 got 1.1754944e-38/0x0x800000 want 0.0/0x0x0; planted-3.1-17x33x1000 (flat vs oracle): 561 of 561 cells differ; first at 0 got 1.1754944e-38/0x0x800000 want 0.0/0x0x0; planted-3.1-17x33x1000 (pieces vs oracle): 561 of 561 cells differ; first at 0 got 1.1754944e-38/0x0x800000 want 0.0/0x0x0; planted-3.1-17x33x1000 (mma vs oracle): 561 of 561 cells differ; first at 0 got 1.1754944e-38/0x0x800000 want 0.0/0x0x0; planted-3.1-17x33x1000 (dispatch-codes vs oracle): 561 of 561 cells differ; first at 0 got 1.1754944e-38/0x0x800000 want 0.0/0x0x0; planted-3.1-17x33x1000 (dispatch-planes vs oracle): 561 of 561 cells differ; first at 0 got 1.1754944e-38/0x0x800000 want 0.0/0x0x0; planted-3.2-17x33x1000 (flat vs oracle): 561 of 561 cells differ; first at 0 got 1.1754944e-38/0x0x800000 want 0.0/0x0x0; planted-3.2-17x33x1000 (pieces vs oracle): 561 of 561 cells differ; first at 0 got 1.1754944e-38/0x0x800000 want 0.0/0x0x0; planted-3.2-17x33x1000 (mma vs oracle): 561 of 561 cells differ; first at 0 got 1.1754944e-38/0x0x800000 want 0.0/0x0x0; planted-3.2-17x33x1000 (dispatch-codes vs oracle): 561 of 561 cells differ; first at 0 got 1.1754944e-38/0x0x800000 want 0.0/0x0x0; planted-3.2-17x33x1000 (dispatch-planes vs oracle): 561 of 561 cells differ; first at 0 got 1.1754944e-38/0x0x800000 want 0.0/0x0x0; planted-3.3-17x33x1000 (flat vs oracle): 561 of 561 cells differ; first at 0 got 268402700000.0/0x0x5279f831 want 268402690000.0/0x0x5279f830; planted-3.3-17x33x1000 (pieces vs oracle): 561 of 561 cells differ; first at 0 got 268402700000.0/0x0x5279f831 want 268402690000.0/0x0x5279f830; planted-3.3-17x33x1000 (mma vs oracle): 561 of 561 cells differ; first at 0 got 268402700000.0/0x0x5279f831 want 268402690000.0/0x0x5279f830; planted-3.3-17x33x1000 (dispatch-codes vs oracle): 561 of 561 cells differ; first at 0 got 268402700000.0/0x0x5279f831 want 268402690000.0/0x0x5279f830; planted-3.3-17x33x1000 (dispatch-planes vs oracle): 561 of 561 cells differ; first at 0 got 268402700000.0/0x0x5279f831 want 268402690000.0/0x0x5279f830; planted-3.4-17x33x1000 (flat vs oracle): 561 of 561 cells differ; first at 0 got 1.1754944e-38/0x0x800000 want 0.0/0x0x0; planted-3.4-17x33x1000 (pieces vs oracle): 561 of 561 cells differ; first at 0 got 1.1754944e-38/0x0x800000 want 0.0/0x0x0; planted-3.4-17x33x1000 (mma vs oracle): 561 of 561 cells differ; first at 0 got 1.1754944e-38/0x0x800000 want 0.0/0x0x0; planted-3.4-17x33x1000 (dispatch-codes vs oracle): 561 of 561 cells differ; first at 0 got 1.1754944e-38/0x0x800000 want 0.0/0x0x0; planted-3.4-17x33x1000 (dispatch-planes vs oracle): 561 of 561 cells differ; first at 0 got 1.1754944e-38/0x0x800000 want 0.0/0x0x0; planted-3.6-17x33x1000 (flat vs oracle): 561 of 561 cells differ; first at 0 got 1.1754944e-38/0x0x800000 want 0.0/0x0x0; planted-3.6-17x33x1000 (pieces vs oracle): 561 of 561 cells differ; first at 0 got 1.1754944e-38/0x0x800000 want 0.0/0x0x0; planted-3.6-17x33x1000 (mma vs oracle): 561 of 561 cells differ; first at 0 got 1.1754944e-38/0x0x800000 want 0.0/0x0x0; planted-3.6-17x33x1000 (dispatch-codes vs oracle): 561 of 561 cells differ; first at 0 got 1.1754944e-38/0x0x800000 want 0.0/0x0x0; planted-3.6-17x33x1000 (dispatch-planes vs oracle): 561 of 561 cells differ; first at 0 got 1.1754944e-38/0x0x800000 want 0.0/0x0x0; planted-4.0-17x33x1000 (flat vs oracle): 561 of 561 cells differ; first at 0 got 1.1754944e-38/0x0x800000 want 0.0/0x0x0; planted-4.0-17x33x1000 (pieces vs oracle): 561 of 561 cells differ; first at 0 got 1.1754944e-38/0x0x800000 want 0.0/0x0x0; planted-4.0-17x33x1000 (mma vs oracle): 561 of 561 cells differ; first at 0 got 1.1754944e-38/0x0x800000 want 0.0/0x0x0; planted-4.0-17x33x1000 (dispatch-codes vs oracle): 561 of 561 cells differ; first at 0 got 1.1754944e-38/0x0x800000 want 0.0/0x0x0; planted-4.0-17x33x1000 (dispatch-planes vs oracle): 561 of 561 cells differ; first at 0 got 1.1754944e-38/0x0x800000 want 0.0/0x0x0; planted-4.1-17x33x1000 (flat vs oracle): 561 of 561 cells differ; first at 0 got 1.1754944e-38/0x0x800000 want 0.0/0x0x0; planted-4.1-17x33x1000 (pieces vs oracle): 561 of 561 cells differ; first at 0 got 1.1754944e-38/0x0x800000 want 0.0/0x0x0; planted-4.1-17x33x1000 (mma vs oracle): 561 of 561 cells differ; first at 0 got 1.1754944e-38/0x0x800000 want 0.0/0x0x0; planted-4.1-17x33x1000 (dispatch-codes vs oracle): 561 of 561 cells differ; first at 0 got 1.1754944e-38/0x0x800000 want 0.0/0x0x0; planted-4.1-17x33x1000 (dispatch-planes vs oracle): 561 of 561 cells differ; first at 0 got 1.1754944e-38/0x0x800000 want 0.0/0x0x0; planted-4.2-17x33x1000 (flat vs oracle): 561 of 561 cells differ; first at 0 got 1.1754944e-38/0x0x800000 want 0.0/0x0x0; planted-4.2-17x33x1000 (pieces vs oracle): 561 of 561 cells differ; first at 0 got 1.1754944e-38/0x0x800000 want 0.0/0x0x0; planted-4.2-17x33x1000 (mma vs oracle): 561 of 561 cells differ; first at 0 got 1.1754944e-38/0x0x800000 want 0.0/0x0x0; planted-4.2-17x33x1000 (dispatch-codes vs oracle): 561 of 561 cells differ; first at 0 got 1.1754944e-38/0x0x800000 want 0.0/0x0x0; planted-4.2-17x33x1000 (dispatch-planes vs oracle): 561 of 561 cells differ; first at 0 got 1.1754944e-38/0x0x800000 want 0.0/0x0x0; planted-4.3-17x33x1000 (flat vs oracle): 561 of 561 cells differ; first at 0 got 1.1754944e-38/0x0x800000 want 0.0/0x0x0; planted-4.3-17x33x1000 (pieces vs oracle): 561 of 561 cells differ; first at 0 got 1.1754944e-38/0x0x800000 want 0.0/0x0x0; planted-4.3-17x33x1000 (mma vs oracle): 561 of 561 cells differ; first at 0 got 1.1754944e-38/0x0x800000 want 0.0/0x0x0; planted-4.3-17x33x1000 (dispatch-codes vs oracle): 561 of 561 cells differ; first at 0 got 1.1754944e-38/0x0x800000 want 0.0/0x0x0; planted-4.3-17x33x1000 (dispatch-planes vs oracle): 561 of 561 cells differ; first at 0 got 1.1754944e-38/0x0x800000 want 0.0/0x0x0; planted-4.4-17x33x1000 (flat vs oracle): 561 of 561 cells differ; first at 0 got 1.1754944e-38/0x0x800000 want 0.0/0x0x0; planted-4.4-17x33x1000 (pieces vs oracle): 561 of 561 cells differ; first at 0 got 1.1754944e-38/0x0x800000 want 0.0/0x0x0; planted-4.4-17x33x1000 (mma vs oracle): 561 of 561 cells differ; first at 0 got 1.1754944e-38/0x0x800000 want 0.0/0x0x0; planted-4.4-17x33x1000 (dispatch-codes vs oracle): 561 of 561 cells differ; first at 0 got 1.1754944e-38/0x0x800000 want 0.0/0x0x0; planted-4.4-17x33x1000 (dispatch-planes vs oracle): 561 of 561 cells differ; first at 0 got 1.1754944e-38/0x0x800000 want 0.0/0x0x0; planted-4.6-17x33x1000 (flat vs oracle): 561 of 561 cells differ; first at 0 got 1.1754944e-38/0x0x800000 want 0.0/0x0x0; planted-4.6-17x33x1000 (pieces vs oracle): 561 of 561 cells differ; first at 0 got 1.1754944e-38/0x0x800000 want 0.0/0x0x0; planted-4.6-17x33x1000 (mma vs oracle): 561 of 561 cells differ; first at 0 got 1.1754944e-38/0x0x800000 want 0.0/0x0x0; planted-4.6-17x33x1000 (dispatch-codes vs oracle): 561 of 561 cells differ; first at 0 got 1.1754944e-38/0x0x800000 want 0.0/0x0x0; planted-4.6-17x33x1000 (dispatch-planes vs oracle): 561 of 561 cells differ; first at 0 got 1.1754944e-38/0x0x800000 want 0.0/0x0x0; planted-5.5-17x33x1000 (flat vs oracle): 561 of 561 cells differ; first at 0 got 90473054000.0/0x0x51a884ea want 90473050000.0/0x0x51a884e9; planted-5.5-17x33x1000 (pieces vs oracle): 561 of 561 cells differ; first at 0 got 90473054000.0/0x0x51a884ea want 90473050000.0/0x0x51a884e9; planted-5.5-17x33x1000 (mma vs oracle): 561 of 561 cells differ; first at 0 got 90473054000.0/0x0x51a884ea want 90473050000.0/0x0x51a884e9; planted-5.5-17x33x1000 (dispatch-codes vs oracle): 561 of 561 cells differ; first at 0 got 90473054000.0/0x0x51a884ea want 90473050000.0/0x0x51a884e9; planted-5.5-17x33x1000 (dispatch-planes vs oracle): 561 of 561 cells differ; first at 0 got 90473054000.0/0x0x51a884ea want 90473050000.0/0x0x51a884e9; planted-6.0-17x33x1000 (flat vs oracle): 561 of 561 cells differ; first at 0 got 266338450000.0/0x0x52780c09 want 266338430000.0/0x0x52780c08; planted-6.0-17x33x1000 (pieces vs oracle): 561 of 561 cells differ; first at 0 got 266338450000.0/0x0x52780c09 want 266338430000.0/0x0x52780c08; planted-6.0-17x33x1000 (mma vs oracle): 561 of 561 cells differ; first at 0 got 266338450000.0/0x0x52780c09 want 266338430000.0/0x0x52780c08; planted-6.0-17x33x1000 (dispatch-codes vs oracle): 561 of 561 cells differ; first at 0 got 266338450000.0/0x0x52780c09 want 266338430000.0/0x0x52780c08; planted-6.0-17x33x1000 (dispatch-planes vs oracle): 561 of 561 cells differ; first at 0 got 266338450000.0/0x0x52780c09 want 266338430000.0/0x0x52780c08; planted-6.1-17x33x1000 (flat vs oracle): 561 of 561 cells differ; first at 0 got -266338450000.0/0x0xd2780c09 want -266338430000.0/0x0xd2780c08; planted-6.1-17x33x1000 (pieces vs oracle): 561 of 561 cells differ; first at 0 got -266338450000.0/0x0xd2780c09 want -266338430000.0/0x0xd2780c08; planted-6.1-17x33x1000 (mma vs oracle): 561 of 561 cells differ; first at 0 got -266338450000.0/0x0xd2780c09 want -266338430000.0/0x0xd2780c08; planted-6.1-17x33x1000 (dispatch-codes vs oracle): 561 of 561 cells differ; first at 0 got -266338450000.0/0x0xd2780c09 want -266338430000.0/0x0xd2780c08; planted-6.1-17x33x1000 (dispatch-planes vs oracle): 561 of 561 cells differ; first at 0 got -266338450000.0/0x0xd2780c09 want -266338430000.0/0x0xd2780c08; planted-6.2-17x33x1000 (flat vs oracle): 561 of 561 cells differ; first at 0 got -264290060000.0/0x0xd27623a9 want -264290040000.0/0x0xd27623a8; planted-6.2-17x33x1000 (pieces vs oracle): 561 of 561 cells differ; first at 0 got -264290060000.0/0x0xd27623a9 want -264290040000.0/0x0xd27623a8; planted-6.2-17x33x1000 (mma vs oracle): 561 of 561 cells differ; first at 0 got -264290060000.0/0x0xd27623a9 want -264290040000.0/0x0xd27623a8; planted-6.2-17x33x1000 (dispatch-codes vs oracle): 561 of 561 cells differ; first at 0 got -264290060000.0/0x0xd27623a9 want -264290040000.0/0x0xd27623a8; planted-6.2-17x33x1000 (dispatch-planes vs oracle): 561 of 561 cells differ; first at 0 got -264290060000.0/0x0xd27623a9 want -264290040000.0/0x0xd27623a8; planted-6.3-17x33x1000 (flat vs oracle): 561 of 561 cells differ; first at 0 got 1.1754944e-38/0x0x800000 want 0.0/0x0x0; planted-6.3-17x33x1000 (pieces vs oracle): 561 of 561 cells differ; first at 0 got 1.1754944e-38/0x0x800000 want 0.0/0x0x0; planted-6.3-17x33x1000 (mma vs oracle): 561 of 561 cells differ; first at 0 got 1.1754944e-38/0x0x800000 want 0.0/0x0x0; planted-6.3-17x33x1000 (dispatch-codes vs oracle): 561 of 561 cells differ; first at 0 got 1.1754944e-38/0x0x800000 want 0.0/0x0x0; planted-6.3-17x33x1000 (dispatch-planes vs oracle): 561 of 561 cells differ; first at 0 got 1.1754944e-38/0x0x800000 want 0.0/0x0x0; planted-6.4-17x33x1000 (flat vs oracle): 561 of 561 cells differ; first at 0 got 1.1754944e-38/0x0x800000 want 0.0/0x0x0; planted-6.4-17x33x1000 (pieces vs oracle): 561 of 561 cells differ; first at 0 got 1.1754944e-38/0x0x800000 want 0.0/0x0x0; planted-6.4-17x33x1000 (mma vs oracle): 561 of 561 cells differ; first at 0 got 1.1754944e-38/0x0x800000 want 0.0/0x0x0; planted-6.4-17x33x1000 (dispatch-codes vs oracle): 561 of 561 cells differ; first at 0 got 1.1754944e-38/0x0x800000 want 0.0/0x0x0; planted-6.4-17x33x1000 (dispatch-planes vs oracle): 561 of 561 cells differ; first at 0 got 1.1754944e-38/0x0x800000 want 0.0/0x0x0; planted-6.6-17x33x1000 (flat vs oracle): 561 of 561 cells differ; first at 0 got 264290060000.0/0x0x527623a9 want 264290040000.0/0x0x527623a8; planted-6.6-17x33x1000 (pieces vs oracle): 561 of 561 cells differ; first at 0 got 264290060000.0/0x0x527623a9 want 264290040000.0/0x0x527623a8; planted-6.6-17x33x1000 (mma vs oracle): 561 of 561 cells differ; first at 0 got 264290060000.0/0x0x527623a9 want 264290040000.0/0x0x527623a8; planted-6.6-17x33x1000 (dispatch-codes vs oracle): 561 of 561 cells differ; first at 0 got 264290060000.0/0x0x527623a9 want 264290040000.0/0x0x527623a8; planted-6.6-17x33x1000 (dispatch-planes vs oracle): 561 of 561 cells differ; first at 0 got 264290060000.0/0x0x527623a9 want 264290040000.0/0x0x527623a8; planted-0.0-1x40x4097 (flat vs oracle): 40 of 40 cells differ; first at 0 got 1099646000000.0/0x0x53800401 want 1099645900000.0/0x0x53800400; planted-0.0-1x40x4097 (pieces vs oracle): 40 of 40 cells differ; first at 0 got 1099646000000.0/0x0x53800401 want 1099645900000.0/0x0x53800400; planted-0.0-1x40x4097 (mma vs oracle): 40 of 40 cells differ; first at 0 got 1099646000000.0/0x0x53800401 want 1099645900000.0/0x0x53800400; planted-0.0-1x40x4097 (dispatch-codes vs oracle): 40 of 40 cells differ; first at 0 got 1099646000000.0/0x0x53800401 want 1099645900000.0/0x0x53800400; planted-0.0-1x40x4097 (dispatch-planes vs oracle): 40 of 40 cells differ; first at 0 got 1099646000000.0/0x0x53800401 want 1099645900000.0/0x0x53800400; planted-0.1-1x40x4097 (flat vs oracle): 40 of 40 cells differ; first at 0 got -1099646000000.0/0x0xd3800401 want -1099645900000.0/0x0xd3800400; planted-0.1-1x40x4097 (pieces vs oracle): 40 of 40 cells differ; first at 0 got -1099646000000.0/0x0xd3800401 want -1099645900000.0/0x0xd3800400; planted-0.1-1x40x4097 (mma vs oracle): 40 of 40 cells differ; first at 0 got -1099646000000.0/0x0xd3800401 want -1099645900000.0/0x0xd3800400; planted-0.1-1x40x4097 (dispatch-codes vs oracle): 40 of 40 cells differ; first at 0 got -1099646000000.0/0x0xd3800401 want -1099645900000.0/0x0xd3800400; planted-0.1-1x40x4097 (dispatch-planes vs oracle): 40 of 40 cells differ; first at 0 got -1099646000000.0/0x0xd3800401 want -1099645900000.0/0x0xd3800400; planted-0.2-1x40x4097 (flat vs oracle): 40 of 40 cells differ; first at 0 got -1091188600000.0/0x0xd37e0fe9 want -1091188560000.0/0x0xd37e0fe8; planted-0.2-1x40x4097 (pieces vs oracle): 40 of 40 cells differ; first at 0 got -1091188600000.0/0x0xd37e0fe9 want -1091188560000.0/0x0xd37e0fe8; planted-0.2-1x40x4097 (mma vs oracle): 40 of 40 cells differ; first at 0 got -1091188600000.0/0x0xd37e0fe9 want -1091188560000.0/0x0xd37e0fe8; planted-0.2-1x40x4097 (dispatch-codes vs oracle): 40 of 40 cells differ; first at 0 got -1091188600000.0/0x0xd37e0fe9 want -1091188560000.0/0x0xd37e0fe8; planted-0.2-1x40x4097 (dispatch-planes vs oracle): 40 of 40 cells differ; first at 0 got -1091188600000.0/0x0xd37e0fe9 want -1091188560000.0/0x0xd37e0fe8; planted-0.3-1x40x4097 (flat vs oracle): 40 of 40 cells differ; first at 0 got -268402700.0/0x0xcd7ff801 want -268402690.0/0x0xcd7ff800; planted-0.3-1x40x4097 (pieces vs oracle): 40 of 40 cells differ; first at 0 got -268402700.0/0x0xcd7ff801 want -268402690.0/0x0xcd7ff800; planted-0.3-1x40x4097 (mma vs oracle): 40 of 40 cells differ; first at 0 got -268402700.0/0x0xcd7ff801 want -268402690.0/0x0xcd7ff800; planted-0.3-1x40x4097 (dispatch-codes vs oracle): 40 of 40 cells differ; first at 0 got -268402700.0/0x0xcd7ff801 want -268402690.0/0x0xcd7ff800; planted-0.3-1x40x4097 (dispatch-planes vs oracle): 40 of 40 cells differ; first at 0 got -268402700.0/0x0xcd7ff801 want -268402690.0/0x0xcd7ff800; planted-0.4-1x40x4097 (flat vs oracle): 40 of 40 cells differ; first at 0 got 1.1754944e-38/0x0x800000 want 0.0/0x0x0; planted-0.4-1x40x4097 (pieces vs oracle): 40 of 40 cells differ; first at 0 got 1.1754944e-38/0x0x800000 want 0.0/0x0x0; planted-0.4-1x40x4097 (mma vs oracle): 40 of 40 cells differ; first at 0 got 1.1754944e-38/0x0x800000 want 0.0/0x0x0; planted-0.4-1x40x4097 (dispatch-codes vs oracle): 40 of 40 cells differ; first at 0 got 1.1754944e-38/0x0x800000 want 0.0/0x0x0; planted-0.4-1x40x4097 (dispatch-planes vs oracle): 40 of 40 cells differ; first at 0 got 1.1754944e-38/0x0x800000 want 0.0/0x0x0; planted-0.6-1x40x4097 (flat vs oracle): 40 of 40 cells differ; first at 0 got 1091188600000.0/0x0x537e0fe9 want 1091188560000.0/0x0x537e0fe8; planted-0.6-1x40x4097 (pieces vs oracle): 40 of 40 cells differ; first at 0 got 1091188600000.0/0x0x537e0fe9 want 1091188560000.0/0x0x537e0fe8; planted-0.6-1x40x4097 (mma vs oracle): 40 of 40 cells differ; first at 0 got 1091188600000.0/0x0x537e0fe9 want 1091188560000.0/0x0x537e0fe8; planted-0.6-1x40x4097 (dispatch-codes vs oracle): 40 of 40 cells differ; first at 0 got 1091188600000.0/0x0x537e0fe9 want 1091188560000.0/0x0x537e0fe8; planted-0.6-1x40x4097 (dispatch-planes vs oracle): 40 of 40 cells differ; first at 0 got 1091188600000.0/0x0x537e0fe9 want 1091188560000.0/0x0x537e0fe8; planted-1.0-1x40x4097 (flat vs oracle): 40 of 40 cells differ; first at 0 got -1099646000000.0/0x0xd3800401 want -1099645900000.0/0x0xd3800400; planted-1.0-1x40x4097 (pieces vs oracle): 40 of 40 cells differ; first at 0 got -1099646000000.0/0x0xd3800401 want -1099645900000.0/0x0xd3800400; planted-1.0-1x40x4097 (mma vs oracle): 40 of 40 cells differ; first at 0 got -1099646000000.0/0x0xd3800401 want -1099645900000.0/0x0xd3800400; planted-1.0-1x40x4097 (dispatch-codes vs oracle): 40 of 40 cells differ; first at 0 got -1099646000000.0/0x0xd3800401 want -1099645900000.0/0x0xd3800400; planted-1.0-1x40x4097 (dispatch-planes vs oracle): 40 of 40 cells differ; first at 0 got -1099646000000.0/0x0xd3800401 want -1099645900000.0/0x0xd3800400; planted-1.1-1x40x4097 (flat vs oracle): 40 of 40 cells differ; first at 0 got 1099646000000.0/0x0x53800401 want 1099645900000.0/0x0x53800400; planted-1.1-1x40x4097 (pieces vs oracle): 40 of 40 cells differ; first at 0 got 1099646000000.0/0x0x53800401 want 1099645900000.0/0x0x53800400; planted-1.1-1x40x4097 (mma vs oracle): 40 of 40 cells differ; first at 0 got 1099646000000.0/0x0x53800401 want 1099645900000.0/0x0x53800400; planted-1.1-1x40x4097 (dispatch-codes vs oracle): 40 of 40 cells differ; first at 0 got 1099646000000.0/0x0x53800401 want 1099645900000.0/0x0x53800400; planted-1.1-1x40x4097 (dispatch-planes vs oracle): 40 of 40 cells differ; first at 0 got 1099646000000.0/0x0x53800401 want 1099645900000.0/0x0x53800400; planted-1.2-1x40x4097 (flat vs oracle): 40 of 40 cells differ; first at 0 got 1091188600000.0/0x0x537e0fe9 want 1091188560000.0/0x0x537e0fe8; planted-1.2-1x40x4097 (pieces vs oracle): 40 of 40 cells differ; first at 0 got 1091188600000.0/0x0x537e0fe9 want 1091188560000.0/0x0x537e0fe8; planted-1.2-1x40x4097 (mma vs oracle): 40 of 40 cells differ; first at 0 got 1091188600000.0/0x0x537e0fe9 want 1091188560000.0/0x0x537e0fe8; planted-1.2-1x40x4097 (dispatch-codes vs oracle): 40 of 40 cells differ; first at 0 got 1091188600000.0/0x0x537e0fe9 want 1091188560000.0/0x0x537e0fe8; planted-1.2-1x40x4097 (dispatch-planes vs oracle): 40 of 40 cells differ; first at 0 got 1091188600000.0/0x0x537e0fe9 want 1091188560000.0/0x0x537e0fe8; planted-1.3-1x40x4097 (flat vs oracle): 40 of 40 cells differ; first at 0 got 268402700.0/0x0x4d7ff801 want 268402690.0/0x0x4d7ff800; planted-1.3-1x40x4097 (pieces vs oracle): 40 of 40 cells differ; first at 0 got 268402700.0/0x0x4d7ff801 want 268402690.0/0x0x4d7ff800; planted-1.3-1x40x4097 (mma vs oracle): 40 of 40 cells differ; first at 0 got 268402700.0/0x0x4d7ff801 want 268402690.0/0x0x4d7ff800; planted-1.3-1x40x4097 (dispatch-codes vs oracle): 40 of 40 cells differ; first at 0 got 268402700.0/0x0x4d7ff801 want 268402690.0/0x0x4d7ff800; planted-1.3-1x40x4097 (dispatch-planes vs oracle): 40 of 40 cells differ; first at 0 got 268402700.0/0x0x4d7ff801 want 268402690.0/0x0x4d7ff800; planted-1.4-1x40x4097 (flat vs oracle): 40 of 40 cells differ; first at 0 got 1.1754944e-38/0x0x800000 want 0.0/0x0x0; planted-1.4-1x40x4097 (pieces vs oracle): 40 of 40 cells differ; first at 0 got 1.1754944e-38/0x0x800000 want 0.0/0x0x0; planted-1.4-1x40x4097 (mma vs oracle): 40 of 40 cells differ; first at 0 got 1.1754944e-38/0x0x800000 want 0.0/0x0x0; planted-1.4-1x40x4097 (dispatch-codes vs oracle): 40 of 40 cells differ; first at 0 got 1.1754944e-38/0x0x800000 want 0.0/0x0x0; planted-1.4-1x40x4097 (dispatch-planes vs oracle): 40 of 40 cells differ; first at 0 got 1.1754944e-38/0x0x800000 want 0.0/0x0x0; planted-1.6-1x40x4097 (flat vs oracle): 40 of 40 cells differ; first at 0 got -1091188600000.0/0x0xd37e0fe9 want -1091188560000.0/0x0xd37e0fe8; planted-1.6-1x40x4097 (pieces vs oracle): 40 of 40 cells differ; first at 0 got -1091188600000.0/0x0xd37e0fe9 want -1091188560000.0/0x0xd37e0fe8; planted-1.6-1x40x4097 (mma vs oracle): 40 of 40 cells differ; first at 0 got -1091188600000.0/0x0xd37e0fe9 want -1091188560000.0/0x0xd37e0fe8; planted-1.6-1x40x4097 (dispatch-codes vs oracle): 40 of 40 cells differ; first at 0 got -1091188600000.0/0x0xd37e0fe9 want -1091188560000.0/0x0xd37e0fe8; planted-1.6-1x40x4097 (dispatch-planes vs oracle): 40 of 40 cells differ; first at 0 got -1091188600000.0/0x0xd37e0fe9 want -1091188560000.0/0x0xd37e0fe8; planted-2.0-1x40x4097 (flat vs oracle): 40 of 40 cells differ; first at 0 got -1091188600000.0/0x0xd37e0fe9 want -1091188560000.0/0x0xd37e0fe8; planted-2.0-1x40x4097 (pieces vs oracle): 40 of 40 cells differ; first at 0 got -1091188600000.0/0x0xd37e0fe9 want -1091188560000.0/0x0xd37e0fe8; planted-2.0-1x40x4097 (mma vs oracle): 40 of 40 cells differ; first at 0 got -1091188600000.0/0x0xd37e0fe9 want -1091188560000.0/0x0xd37e0fe8; planted-2.0-1x40x4097 (dispatch-codes vs oracle): 40 of 40 cells differ; first at 0 got -1091188600000.0/0x0xd37e0fe9 want -1091188560000.0/0x0xd37e0fe8; planted-2.0-1x40x4097 (dispatch-planes vs oracle): 40 of 40 cells differ; first at 0 got -1091188600000.0/0x0xd37e0fe9 want -1091188560000.0/0x0xd37e0fe8; planted-2.1-1x40x4097 (flat vs oracle): 40 of 40 cells differ; first at 0 got 1091188600000.0/0x0x537e0fe9 want 1091188560000.0/0x0x537e0fe8; planted-2.1-1x40x4097 (pieces vs oracle): 40 of 40 cells differ; first at 0 got 1091188600000.0/0x0x537e0fe9 want 1091188560000.0/0x0x537e0fe8; planted-2.1-1x40x4097 (mma vs oracle): 40 of 40 cells differ; first at 0 got 1091188600000.0/0x0x537e0fe9 want 1091188560000.0/0x0x537e0fe8; planted-2.1-1x40x4097 (dispatch-codes vs oracle): 40 of 40 cells differ; first at 0 got 1091188600000.0/0x0x537e0fe9 want 1091188560000.0/0x0x537e0fe8; planted-2.1-1x40x4097 (dispatch-planes vs oracle): 40 of 40 cells differ; first at 0 got 1091188600000.0/0x0x537e0fe9 want 1091188560000.0/0x0x537e0fe8; planted-2.2-1x40x4097 (flat vs oracle): 40 of 40 cells differ; first at 0 got 1082796400000.0/0x0x537c1bb2 want 1082796340000.0/0x0x537c1bb1; planted-2.2-1x40x4097 (pieces vs oracle): 40 of 40 cells differ; first at 0 got 1082796400000.0/0x0x537c1bb2 want 1082796340000.0/0x0x537c1bb1; planted-2.2-1x40x4097 (mma vs oracle): 40 of 40 cells differ; first at 0 got 1082796400000.0/0x0x537c1bb2 want 1082796340000.0/0x0x537c1bb1; planted-2.2-1x40x4097 (dispatch-codes vs oracle): 40 of 40 cells differ; first at 0 got 1082796400000.0/0x0x537c1bb2 want 1082796340000.0/0x0x537c1bb1; planted-2.2-1x40x4097 (dispatch-planes vs oracle): 40 of 40 cells differ; first at 0 got 1082796400000.0/0x0x537c1bb2 want 1082796340000.0/0x0x537c1bb1; planted-2.3-1x40x4097 (flat vs oracle): 40 of 40 cells differ; first at 0 got 266338450.0/0x0x4d7e0009 want 266338430.0/0x0x4d7e0008; planted-2.3-1x40x4097 (pieces vs oracle): 40 of 40 cells differ; first at 0 got 266338450.0/0x0x4d7e0009 want 266338430.0/0x0x4d7e0008; planted-2.3-1x40x4097 (mma vs oracle): 40 of 40 cells differ; first at 0 got 266338450.0/0x0x4d7e0009 want 266338430.0/0x0x4d7e0008; planted-2.3-1x40x4097 (dispatch-codes vs oracle): 40 of 40 cells differ; first at 0 got 266338450.0/0x0x4d7e0009 want 266338430.0/0x0x4d7e0008; planted-2.3-1x40x4097 (dispatch-planes vs oracle): 40 of 40 cells differ; first at 0 got 266338450.0/0x0x4d7e0009 want 266338430.0/0x0x4d7e0008; planted-2.4-1x40x4097 (flat vs oracle): 40 of 40 cells differ; first at 0 got 1.1754944e-38/0x0x800000 want 0.0/0x0x0; planted-2.4-1x40x4097 (pieces vs oracle): 40 of 40 cells differ; first at 0 got 1.1754944e-38/0x0x800000 want 0.0/0x0x0; planted-2.4-1x40x4097 (mma vs oracle): 40 of 40 cells differ; first at 0 got 1.1754944e-38/0x0x800000 want 0.0/0x0x0; planted-2.4-1x40x4097 (dispatch-codes vs oracle): 40 of 40 cells differ; first at 0 got 1.1754944e-38/0x0x800000 want 0.0/0x0x0; planted-2.4-1x40x4097 (dispatch-planes vs oracle): 40 of 40 cells differ; first at 0 got 1.1754944e-38/0x0x800000 want 0.0/0x0x0; planted-2.6-1x40x4097 (flat vs oracle): 40 of 40 cells differ; first at 0 got -1082796400000.0/0x0xd37c1bb2 want -1082796340000.0/0x0xd37c1bb1; planted-2.6-1x40x4097 (pieces vs oracle): 40 of 40 cells differ; first at 0 got -1082796400000.0/0x0xd37c1bb2 want -1082796340000.0/0x0xd37c1bb1; planted-2.6-1x40x4097 (mma vs oracle): 40 of 40 cells differ; first at 0 got -1082796400000.0/0x0xd37c1bb2 want -1082796340000.0/0x0xd37c1bb1; planted-2.6-1x40x4097 (dispatch-codes vs oracle): 40 of 40 cells differ; first at 0 got -1082796400000.0/0x0xd37c1bb2 want -1082796340000.0/0x0xd37c1bb1; planted-2.6-1x40x4097 (dispatch-planes vs oracle): 40 of 40 cells differ; first at 0 got -1082796400000.0/0x0xd37c1bb2 want -1082796340000.0/0x0xd37c1bb1; planted-3.0-1x40x4097 (flat vs oracle): 40 of 40 cells differ; first at 0 got -268402700.0/0x0xcd7ff801 want -268402690.0/0x0xcd7ff800; planted-3.0-1x40x4097 (pieces vs oracle): 40 of 40 cells differ; first at 0 got -268402700.0/0x0xcd7ff801 want -268402690.0/0x0xcd7ff800; planted-3.0-1x40x4097 (mma vs oracle): 40 of 40 cells differ; first at 0 got -268402700.0/0x0xcd7ff801 want -268402690.0/0x0xcd7ff800; planted-3.0-1x40x4097 (dispatch-codes vs oracle): 40 of 40 cells differ; first at 0 got -268402700.0/0x0xcd7ff801 want -268402690.0/0x0xcd7ff800; planted-3.0-1x40x4097 (dispatch-planes vs oracle): 40 of 40 cells differ; first at 0 got -268402700.0/0x0xcd7ff801 want -268402690.0/0x0xcd7ff800; planted-3.1-1x40x4097 (flat vs oracle): 40 of 40 cells differ; first at 0 got 268402700.0/0x0x4d7ff801 want 268402690.0/0x0x4d7ff800; planted-3.1-1x40x4097 (pieces vs oracle): 40 of 40 cells differ; first at 0 got 268402700.0/0x0x4d7ff801 want 268402690.0/0x0x4d7ff800; planted-3.1-1x40x4097 (mma vs oracle): 40 of 40 cells differ; first at 0 got 268402700.0/0x0x4d7ff801 want 268402690.0/0x0x4d7ff800; planted-3.1-1x40x4097 (dispatch-codes vs oracle): 40 of 40 cells differ; first at 0 got 268402700.0/0x0x4d7ff801 want 268402690.0/0x0x4d7ff800; planted-3.1-1x40x4097 (dispatch-planes vs oracle): 40 of 40 cells differ; first at 0 got 268402700.0/0x0x4d7ff801 want 268402690.0/0x0x4d7ff800; planted-3.2-1x40x4097 (flat vs oracle): 40 of 40 cells differ; first at 0 got 266338450.0/0x0x4d7e0009 want 266338430.0/0x0x4d7e0008; planted-3.2-1x40x4097 (pieces vs oracle): 40 of 40 cells differ; first at 0 got 266338450.0/0x0x4d7e0009 want 266338430.0/0x0x4d7e0008; planted-3.2-1x40x4097 (mma vs oracle): 40 of 40 cells differ; first at 0 got 266338450.0/0x0x4d7e0009 want 266338430.0/0x0x4d7e0008; planted-3.2-1x40x4097 (dispatch-codes vs oracle): 40 of 40 cells differ; first at 0 got 266338450.0/0x0x4d7e0009 want 266338430.0/0x0x4d7e0008; planted-3.2-1x40x4097 (dispatch-planes vs oracle): 40 of 40 cells differ; first at 0 got 266338450.0/0x0x4d7e0009 want 266338430.0/0x0x4d7e0008; planted-3.3-1x40x4097 (flat vs oracle): 40 of 40 cells differ; first at 0 got 1099646000000.0/0x0x53800401 want 1099645900000.0/0x0x53800400; planted-3.3-1x40x4097 (pieces vs oracle): 40 of 40 cells differ; first at 0 got 1099646000000.0/0x0x53800401 want 1099645900000.0/0x0x53800400; planted-3.3-1x40x4097 (mma vs oracle): 40 of 40 cells differ; first at 0 got 1099646000000.0/0x0x53800401 want 1099645900000.0/0x0x53800400; planted-3.3-1x40x4097 (dispatch-codes vs oracle): 40 of 40 cells differ; first at 0 got 1099646000000.0/0x0x53800401 want 1099645900000.0/0x0x53800400; planted-3.3-1x40x4097 (dispatch-planes vs oracle): 40 of 40 cells differ; first at 0 got 1099646000000.0/0x0x53800401 want 1099645900000.0/0x0x53800400; planted-3.4-1x40x4097 (flat vs oracle): 40 of 40 cells differ; first at 0 got 1.1754944e-38/0x0x800000 want 0.0/0x0x0; planted-3.4-1x40x4097 (pieces vs oracle): 40 of 40 cells differ; first at 0 got 1.1754944e-38/0x0x800000 want 0.0/0x0x0; planted-3.4-1x40x4097 (mma vs oracle): 40 of 40 cells differ; first at 0 got 1.1754944e-38/0x0x800000 want 0.0/0x0x0; planted-3.4-1x40x4097 (dispatch-codes vs oracle): 40 of 40 cells differ; first at 0 got 1.1754944e-38/0x0x800000 want 0.0/0x0x0; planted-3.4-1x40x4097 (dispatch-planes vs oracle): 40 of 40 cells differ; first at 0 got 1.1754944e-38/0x0x800000 want 0.0/0x0x0; planted-3.6-1x40x4097 (flat vs oracle): 40 of 40 cells differ; first at 0 got -266338450.0/0x0xcd7e0009 want -266338430.0/0x0xcd7e0008; planted-3.6-1x40x4097 (pieces vs oracle): 40 of 40 cells differ; first at 0 got -266338450.0/0x0xcd7e0009 want -266338430.0/0x0xcd7e0008; planted-3.6-1x40x4097 (mma vs oracle): 40 of 40 cells differ; first at 0 got -266338450.0/0x0xcd7e0009 want -266338430.0/0x0xcd7e0008; planted-3.6-1x40x4097 (dispatch-codes vs oracle): 40 of 40 cells differ; first at 0 got -266338450.0/0x0xcd7e0009 want -266338430.0/0x0xcd7e0008; planted-3.6-1x40x4097 (dispatch-planes vs oracle): 40 of 40 cells differ; first at 0 got -266338450.0/0x0xcd7e0009 want -266338430.0/0x0xcd7e0008; planted-4.0-1x40x4097 (flat vs oracle): 40 of 40 cells differ; first at 0 got 1.1754944e-38/0x0x800000 want 0.0/0x0x0; planted-4.0-1x40x4097 (pieces vs oracle): 40 of 40 cells differ; first at 0 got 1.1754944e-38/0x0x800000 want 0.0/0x0x0; planted-4.0-1x40x4097 (mma vs oracle): 40 of 40 cells differ; first at 0 got 1.1754944e-38/0x0x800000 want 0.0/0x0x0; planted-4.0-1x40x4097 (dispatch-codes vs oracle): 40 of 40 cells differ; first at 0 got 1.1754944e-38/0x0x800000 want 0.0/0x0x0; planted-4.0-1x40x4097 (dispatch-planes vs oracle): 40 of 40 cells differ; first at 0 got 1.1754944e-38/0x0x800000 want 0.0/0x0x0; planted-4.1-1x40x4097 (flat vs oracle): 40 of 40 cells differ; first at 0 got 1.1754944e-38/0x0x800000 want 0.0/0x0x0; planted-4.1-1x40x4097 (pieces vs oracle): 40 of 40 cells differ; first at 0 got 1.1754944e-38/0x0x800000 want 0.0/0x0x0; planted-4.1-1x40x4097 (mma vs oracle): 40 of 40 cells differ; first at 0 got 1.1754944e-38/0x0x800000 want 0.0/0x0x0; planted-4.1-1x40x4097 (dispatch-codes vs oracle): 40 of 40 cells differ; first at 0 got 1.1754944e-38/0x0x800000 want 0.0/0x0x0; planted-4.1-1x40x4097 (dispatch-planes vs oracle): 40 of 40 cells differ; first at 0 got 1.1754944e-38/0x0x800000 want 0.0/0x0x0; planted-4.2-1x40x4097 (flat vs oracle): 40 of 40 cells differ; first at 0 got 1.1754944e-38/0x0x800000 want 0.0/0x0x0; planted-4.2-1x40x4097 (pieces vs oracle): 40 of 40 cells differ; first at 0 got 1.1754944e-38/0x0x800000 want 0.0/0x0x0; planted-4.2-1x40x4097 (mma vs oracle): 40 of 40 cells differ; first at 0 got 1.1754944e-38/0x0x800000 want 0.0/0x0x0; planted-4.2-1x40x4097 (dispatch-codes vs oracle): 40 of 40 cells differ; first at 0 got 1.1754944e-38/0x0x800000 want 0.0/0x0x0; planted-4.2-1x40x4097 (dispatch-planes vs oracle): 40 of 40 cells differ; first at 0 got 1.1754944e-38/0x0x800000 want 0.0/0x0x0; planted-4.3-1x40x4097 (flat vs oracle): 40 of 40 cells differ; first at 0 got 1.1754944e-38/0x0x800000 want 0.0/0x0x0; planted-4.3-1x40x4097 (pieces vs oracle): 40 of 40 cells differ; first at 0 got 1.1754944e-38/0x0x800000 want 0.0/0x0x0; planted-4.3-1x40x4097 (mma vs oracle): 40 of 40 cells differ; first at 0 got 1.1754944e-38/0x0x800000 want 0.0/0x0x0; planted-4.3-1x40x4097 (dispatch-codes vs oracle): 40 of 40 cells differ; first at 0 got 1.1754944e-38/0x0x800000 want 0.0/0x0x0; planted-4.3-1x40x4097 (dispatch-planes vs oracle): 40 of 40 cells differ; first at 0 got 1.1754944e-38/0x0x800000 want 0.0/0x0x0; planted-4.4-1x40x4097 (flat vs oracle): 40 of 40 cells differ; first at 0 got 1.1754944e-38/0x0x800000 want 0.0/0x0x0; planted-4.4-1x40x4097 (pieces vs oracle): 40 of 40 cells differ; first at 0 got 1.1754944e-38/0x0x800000 want 0.0/0x0x0; planted-4.4-1x40x4097 (mma vs oracle): 40 of 40 cells differ; first at 0 got 1.1754944e-38/0x0x800000 want 0.0/0x0x0; planted-4.4-1x40x4097 (dispatch-codes vs oracle): 40 of 40 cells differ; first at 0 got 1.1754944e-38/0x0x800000 want 0.0/0x0x0; planted-4.4-1x40x4097 (dispatch-planes vs oracle): 40 of 40 cells differ; first at 0 got 1.1754944e-38/0x0x800000 want 0.0/0x0x0; planted-4.6-1x40x4097 (flat vs oracle): 40 of 40 cells differ; first at 0 got 1.1754944e-38/0x0x800000 want 0.0/0x0x0; planted-4.6-1x40x4097 (pieces vs oracle): 40 of 40 cells differ; first at 0 got 1.1754944e-38/0x0x800000 want 0.0/0x0x0; planted-4.6-1x40x4097 (mma vs oracle): 40 of 40 cells differ; first at 0 got 1.1754944e-38/0x0x800000 want 0.0/0x0x0; planted-4.6-1x40x4097 (dispatch-codes vs oracle): 40 of 40 cells differ; first at 0 got 1.1754944e-38/0x0x800000 want 0.0/0x0x0; planted-4.6-1x40x4097 (dispatch-planes vs oracle): 40 of 40 cells differ; first at 0 got 1.1754944e-38/0x0x800000 want 0.0/0x0x0; planted-5.5-1x40x4097 (flat vs oracle): 40 of 40 cells differ; first at 0 got 366257440000.0/0x0x52aa8d4a want 366257400000.0/0x0x52aa8d49; planted-5.5-1x40x4097 (pieces vs oracle): 40 of 40 cells differ; first at 0 got 366257440000.0/0x0x52aa8d4a want 366257400000.0/0x0x52aa8d49; planted-5.5-1x40x4097 (mma vs oracle): 40 of 40 cells differ; first at 0 got 366257440000.0/0x0x52aa8d4a want 366257400000.0/0x0x52aa8d49; planted-5.5-1x40x4097 (dispatch-codes vs oracle): 40 of 40 cells differ; first at 0 got 366257440000.0/0x0x52aa8d4a want 366257400000.0/0x0x52aa8d49; planted-5.5-1x40x4097 (dispatch-planes vs oracle): 40 of 40 cells differ; first at 0 got 366257440000.0/0x0x52aa8d4a want 366257400000.0/0x0x52aa8d49; planted-6.0-1x40x4097 (flat vs oracle): 40 of 40 cells differ; first at 0 got 1091188600000.0/0x0x537e0fe9 want 1091188560000.0/0x0x537e0fe8; planted-6.0-1x40x4097 (pieces vs oracle): 40 of 40 cells differ; first at 0 got 1091188600000.0/0x0x537e0fe9 want 1091188560000.0/0x0x537e0fe8; planted-6.0-1x40x4097 (mma vs oracle): 40 of 40 cells differ; first at 0 got 1091188600000.0/0x0x537e0fe9 want 1091188560000.0/0x0x537e0fe8; planted-6.0-1x40x4097 (dispatch-codes vs oracle): 40 of 40 cells differ; first at 0 got 1091188600000.0/0x0x537e0fe9 want 1091188560000.0/0x0x537e0fe8; planted-6.0-1x40x4097 (dispatch-planes vs oracle): 40 of 40 cells differ; first at 0 got 1091188600000.0/0x0x537e0fe9 want 1091188560000.0/0x0x537e0fe8; planted-6.1-1x40x4097 (flat vs oracle): 40 of 40 cells differ; first at 0 got -1091188600000.0/0x0xd37e0fe9 want -1091188560000.0/0x0xd37e0fe8; planted-6.1-1x40x4097 (pieces vs oracle): 40 of 40 cells differ; first at 0 got -1091188600000.0/0x0xd37e0fe9 want -1091188560000.0/0x0xd37e0fe8; planted-6.1-1x40x4097 (mma vs oracle): 40 of 40 cells differ; first at 0 got -1091188600000.0/0x0xd37e0fe9 want -1091188560000.0/0x0xd37e0fe8; planted-6.1-1x40x4097 (dispatch-codes vs oracle): 40 of 40 cells differ; first at 0 got -1091188600000.0/0x0xd37e0fe9 want -1091188560000.0/0x0xd37e0fe8; planted-6.1-1x40x4097 (dispatch-planes vs oracle): 40 of 40 cells differ; first at 0 got -1091188600000.0/0x0xd37e0fe9 want -1091188560000.0/0x0xd37e0fe8; planted-6.2-1x40x4097 (flat vs oracle): 40 of 40 cells differ; first at 0 got -1082796400000.0/0x0xd37c1bb2 want -1082796340000.0/0x0xd37c1bb1; planted-6.2-1x40x4097 (pieces vs oracle): 40 of 40 cells differ; first at 0 got -1082796400000.0/0x0xd37c1bb2 want -1082796340000.0/0x0xd37c1bb1; planted-6.2-1x40x4097 (mma vs oracle): 40 of 40 cells differ; first at 0 got -1082796400000.0/0x0xd37c1bb2 want -1082796340000.0/0x0xd37c1bb1; planted-6.2-1x40x4097 (dispatch-codes vs oracle): 40 of 40 cells differ; first at 0 got -1082796400000.0/0x0xd37c1bb2 want -1082796340000.0/0x0xd37c1bb1; planted-6.2-1x40x4097 (dispatch-planes vs oracle): 40 of 40 cells differ; first at 0 got -1082796400000.0/0x0xd37c1bb2 want -1082796340000.0/0x0xd37c1bb1; planted-6.3-1x40x4097 (flat vs oracle): 40 of 40 cells differ; first at 0 got -266338450.0/0x0xcd7e0009 want -266338430.0/0x0xcd7e0008; planted-6.3-1x40x4097 (pieces vs oracle): 40 of 40 cells differ; first at 0 got -266338450.0/0x0xcd7e0009 want -266338430.0/0x0xcd7e0008; planted-6.3-1x40x4097 (mma vs oracle): 40 of 40 cells differ; first at 0 got -266338450.0/0x0xcd7e0009 want -266338430.0/0x0xcd7e0008; planted-6.3-1x40x4097 (dispatch-codes vs oracle): 40 of 40 cells differ; first at 0 got -266338450.0/0x0xcd7e0009 want -266338430.0/0x0xcd7e0008; planted-6.3-1x40x4097 (dispatch-planes vs oracle): 40 of 40 cells differ; first at 0 got -266338450.0/0x0xcd7e0009 want -266338430.0/0x0xcd7e0008; planted-6.4-1x40x4097 (flat vs oracle): 40 of 40 cells differ; first at 0 got 1.1754944e-38/0x0x800000 want 0.0/0x0x0; planted-6.4-1x40x4097 (pieces vs oracle): 40 of 40 cells differ; first at 0 got 1.1754944e-38/0x0x800000 want 0.0/0x0x0; planted-6.4-1x40x4097 (mma vs oracle): 40 of 40 cells differ; first at 0 got 1.1754944e-38/0x0x800000 want 0.0/0x0x0; planted-6.4-1x40x4097 (dispatch-codes vs oracle): 40 of 40 cells differ; first at 0 got 1.1754944e-38/0x0x800000 want 0.0/0x0x0; planted-6.4-1x40x4097 (dispatch-planes vs oracle): 40 of 40 cells differ; first at 0 got 1.1754944e-38/0x0x800000 want 0.0/0x0x0; planted-6.6-1x40x4097 (flat vs oracle): 40 of 40 cells differ; first at 0 got 1082796400000.0/0x0x537c1bb2 want 1082796340000.0/0x0x537c1bb1; planted-6.6-1x40x4097 (pieces vs oracle): 40 of 40 cells differ; first at 0 got 1082796400000.0/0x0x537c1bb2 want 1082796340000.0/0x0x537c1bb1; planted-6.6-1x40x4097 (mma vs oracle): 40 of 40 cells differ; first at 0 got 1082796400000.0/0x0x537c1bb2 want 1082796340000.0/0x0x537c1bb1; planted-6.6-1x40x4097 (dispatch-codes vs oracle): 40 of 40 cells differ; first at 0 got 1082796400000.0/0x0x537c1bb2 want 1082796340000.0/0x0x537c1bb1; planted-6.6-1x40x4097 (dispatch-planes vs oracle): 40 of 40 cells differ; first at 0 got 1082796400000.0/0x0x537c1bb2 want 1082796340000.0/0x0x537c1bb1; planted-0.0-2x3x65536 (flat vs oracle): 6 of 6 cells differ; first at 0 got 17590040000000.0/0x0x557ff801 want 17590038000000.0/0x0x557ff800; planted-0.0-2x3x65536 (pieces vs oracle): 6 of 6 cells differ; first at 0 got 17590040000000.0/0x0x557ff801 want 17590038000000.0/0x0x557ff800; planted-0.0-2x3x65536 (mma vs oracle): 6 of 6 cells differ; first at 0 got 17590040000000.0/0x0x557ff801 want 17590038000000.0/0x0x557ff800; planted-0.0-2x3x65536 (dispatch-codes vs oracle): 6 of 6 cells differ; first at 0 got 17590040000000.0/0x0x557ff801 want 17590038000000.0/0x0x557ff800; planted-0.0-2x3x65536 (dispatch-planes vs oracle): 6 of 6 cells differ; first at 0 got 17590040000000.0/0x0x557ff801 want 17590038000000.0/0x0x557ff800; planted-0.1-2x3x65536 (flat vs oracle): 6 of 6 cells differ; first at 0 got -17590040000000.0/0x0xd57ff801 want -17590038000000.0/0x0xd57ff800; planted-0.1-2x3x65536 (pieces vs oracle): 6 of 6 cells differ; first at 0 got -17590040000000.0/0x0xd57ff801 want -17590038000000.0/0x0xd57ff800; planted-0.1-2x3x65536 (mma vs oracle): 6 of 6 cells differ; first at 0 got -17590040000000.0/0x0xd57ff801 want -17590038000000.0/0x0xd57ff800; planted-0.1-2x3x65536 (dispatch-codes vs oracle): 6 of 6 cells differ; first at 0 got -17590040000000.0/0x0xd57ff801 want -17590038000000.0/0x0xd57ff800; planted-0.1-2x3x65536 (dispatch-planes vs oracle): 6 of 6 cells differ; first at 0 got -17590040000000.0/0x0xd57ff801 want -17590038000000.0/0x0xd57ff800; planted-0.2-2x3x65536 (flat vs oracle): 6 of 6 cells differ; first at 0 got -17454756000000.0/0x0xd57e0009 want -17454755000000.0/0x0xd57e0008; planted-0.2-2x3x65536 (pieces vs oracle): 6 of 6 cells differ; first at 0 got -17454756000000.0/0x0xd57e0009 want -17454755000000.0/0x0xd57e0008; planted-0.2-2x3x65536 (mma vs oracle): 6 of 6 cells differ; first at 0 got -17454756000000.0/0x0xd57e0009 want -17454755000000.0/0x0xd57e0008; planted-0.2-2x3x65536 (dispatch-codes vs oracle): 6 of 6 cells differ; first at 0 got -17454756000000.0/0x0xd57e0009 want -17454755000000.0/0x0xd57e0008; planted-0.2-2x3x65536 (dispatch-planes vs oracle): 6 of 6 cells differ; first at 0 got -17454756000000.0/0x0xd57e0009 want -17454755000000.0/0x0xd57e0008; planted-1.0-2x3x65536 (flat vs oracle): 6 of 6 cells differ; first at 0 got -17590040000000.0/0x0xd57ff801 want -17590038000000.0/0x0xd57ff800; planted-1.0-2x3x65536 (pieces vs oracle): 6 of 6 cells differ; first at 0 got -17590040000000.0/0x0xd57ff801 want -17590038000000.0/0x0xd57ff800; planted-1.0-2x3x65536 (mma vs oracle): 6 of 6 cells differ; first at 0 got -17590040000000.0/0x0xd57ff801 want -17590038000000.0/0x0xd57ff800; planted-1.0-2x3x65536 (dispatch-codes vs oracle): 6 of 6 cells differ; first at 0 got -17590040000000.0/0x0xd57ff801 want -17590038000000.0/0x0xd57ff800; planted-1.0-2x3x65536 (dispatch-planes vs oracle): 6 of 6 cells differ; first at 0 got -17590040000000.0/0x0xd57ff801 want -17590038000000.0/0x0xd57ff800; planted-1.1-2x3x65536 (flat vs oracle): 6 of 6 cells differ; first at 0 got 17590040000000.0/0x0x557ff801 want 17590038000000.0/0x0x557ff800; planted-1.1-2x3x65536 (pieces vs oracle): 6 of 6 cells differ; first at 0 got 17590040000000.0/0x0x557ff801 want 17590038000000.0/0x0x557ff800; planted-1.1-2x3x65536 (mma vs oracle): 6 of 6 cells differ; first at 0 got 17590040000000.0/0x0x557ff801 want 17590038000000.0/0x0x557ff800; planted-1.1-2x3x65536 (dispatch-codes vs oracle): 6 of 6 cells differ; first at 0 got 17590040000000.0/0x0x557ff801 want 17590038000000.0/0x0x557ff800; planted-1.1-2x3x65536 (dispatch-planes vs oracle): 6 of 6 cells differ; first at 0 got 17590040000000.0/0x0x557ff801 want 17590038000000.0/0x0x557ff800; planted-1.2-2x3x65536 (flat vs oracle): 6 of 6 cells differ; first at 0 got 17454756000000.0/0x0x557e0009 want 17454755000000.0/0x0x557e0008; planted-1.2-2x3x65536 (pieces vs oracle): 6 of 6 cells differ; first at 0 got 17454756000000.0/0x0x557e0009 want 17454755000000.0/0x0x557e0008; planted-1.2-2x3x65536 (mma vs oracle): 6 of 6 cells differ; first at 0 got 17454756000000.0/0x0x557e0009 want 17454755000000.0/0x0x557e0008; planted-1.2-2x3x65536 (dispatch-codes vs oracle): 6 of 6 cells differ; first at 0 got 17454756000000.0/0x0x557e0009 want 17454755000000.0/0x0x557e0008; planted-1.2-2x3x65536 (dispatch-planes vs oracle): 6 of 6 cells differ; first at 0 got 17454756000000.0/0x0x557e0009 want 17454755000000.0/0x0x557e0008; planted-2.0-2x3x65536 (flat vs oracle): 6 of 6 cells differ; first at 0 got -17454756000000.0/0x0xd57e0009 want -17454755000000.0/0x0xd57e0008; planted-2.0-2x3x65536 (pieces vs oracle): 6 of 6 cells differ; first at 0 got -17454756000000.0/0x0xd57e0009 want -17454755000000.0/0x0xd57e0008; planted-2.0-2x3x65536 (mma vs oracle): 6 of 6 cells differ; first at 0 got -17454756000000.0/0x0xd57e0009 want -17454755000000.0/0x0xd57e0008; planted-2.0-2x3x65536 (dispatch-codes vs oracle): 6 of 6 cells differ; first at 0 got -17454756000000.0/0x0xd57e0009 want -17454755000000.0/0x0xd57e0008; planted-2.0-2x3x65536 (dispatch-planes vs oracle): 6 of 6 cells differ; first at 0 got -17454756000000.0/0x0xd57e0009 want -17454755000000.0/0x0xd57e0008; planted-2.1-2x3x65536 (flat vs oracle): 6 of 6 cells differ; first at 0 got 17454756000000.0/0x0x557e0009 want 17454755000000.0/0x0x557e0008; planted-2.1-2x3x65536 (pieces vs oracle): 6 of 6 cells differ; first at 0 got 17454756000000.0/0x0x557e0009 want 17454755000000.0/0x0x557e0008; planted-2.1-2x3x65536 (mma vs oracle): 6 of 6 cells differ; first at 0 got 17454756000000.0/0x0x557e0009 want 17454755000000.0/0x0x557e0008; planted-2.1-2x3x65536 (dispatch-codes vs oracle): 6 of 6 cells differ; first at 0 got 17454756000000.0/0x0x557e0009 want 17454755000000.0/0x0x557e0008; planted-2.1-2x3x65536 (dispatch-planes vs oracle): 6 of 6 cells differ; first at 0 got 17454756000000.0/0x0x557e0009 want 17454755000000.0/0x0x557e0008; planted-2.2-2x3x65536 (flat vs oracle): 6 of 6 cells differ; first at 0 got 17320514000000.0/0x0x557c0bf1 want 17320513000000.0/0x0x557c0bf0; planted-2.2-2x3x65536 (pieces vs oracle): 6 of 6 cells differ; first at 0 got 17320514000000.0/0x0x557c0bf1 want 17320513000000.0/0x0x557c0bf0; planted-2.2-2x3x65536 (mma vs oracle): 6 of 6 cells differ; first at 0 got 17320514000000.0/0x0x557c0bf1 want 17320513000000.0/0x0x557c0bf0; planted-2.2-2x3x65536 (dispatch-codes vs oracle): 6 of 6 cells differ; first at 0 got 17320514000000.0/0x0x557c0bf1 want 17320513000000.0/0x0x557c0bf0; planted-2.2-2x3x65536 (dispatch-planes vs oracle): 6 of 6 cells differ; first at 0 got 17320514000000.0/0x0x557c0bf1 want 17320513000000.0/0x0x557c0bf0; planted-3.0-2x3x65536 (flat vs oracle): 6 of 6 cells differ; first at 0 got 1.1754944e-38/0x0x800000 want 0.0/0x0x0; planted-3.0-2x3x65536 (pieces vs oracle): 6 of 6 cells differ; first at 0 got 1.1754944e-38/0x0x800000 want 0.0/0x0x0; planted-3.0-2x3x65536 (mma vs oracle): 6 of 6 cells differ; first at 0 got 1.1754944e-38/0x0x800000 want 0.0/0x0x0; planted-3.0-2x3x65536 (dispatch-codes vs oracle): 6 of 6 cells differ; first at 0 got 1.1754944e-38/0x0x800000 want 0.0/0x0x0; planted-3.0-2x3x65536 (dispatch-planes vs oracle): 6 of 6 cells differ; first at 0 got 1.1754944e-38/0x0x800000 want 0.0/0x0x0; scale-127 (flat vs oracle): 15 of 15 cells differ; first at 0 got 1.1754944e-38/0x0x800000 want 0.0/0x0x0; scale-127 (pieces vs oracle): 15 of 15 cells differ; first at 0 got 1.1754944e-38/0x0x800000 want 0.0/0x0x0; scale-127 (mma vs oracle): 15 of 15 cells differ; first at 0 got 1.1754944e-38/0x0x800000 want 0.0/0x0x0; scale-127 (dispatch-codes vs oracle): 15 of 15 cells differ; first at 0 got 1.1754944e-38/0x0x800000 want 0.0/0x0x0; scale-127 (dispatch-planes vs oracle): 15 of 15 cells differ; first at 0 got 1.1754944e-38/0x0x800000 want 0.0/0x0x0; scale-128 (flat vs oracle): 15 of 15 cells differ; first at 0 got -0.0/0x0x80000000 want nan/0x0xffc00000; scale-128 (pieces vs oracle): 15 of 15 cells differ; first at 0 got -0.0/0x0x80000000 want nan/0x0xffc00000; scale-128 (mma vs oracle): 15 of 15 cells differ; first at 0 got -0.0/0x0x80000000 want nan/0x0xffc00000; scale-128 (dispatch-codes vs oracle): 15 of 15 cells differ; first at 0 got -0.0/0x0x80000000 want nan/0x0xffc00000; scale-128 (dispatch-planes vs oracle): 15 of 15 cells differ; first at 0 got -0.0/0x0x80000000 want nan/0x0xffc00000; scale--126 (flat vs oracle): 15 of 15 cells differ; first at 0 got 1.1754944e-38/0x0x800000 want 0.0/0x0x0; scale--126 (pieces vs oracle): 15 of 15 cells differ; first at 0 got 1.1754944e-38/0x0x800000 want 0.0/0x0x0; scale--126 (mma vs oracle): 15 of 15 cells differ; first at 0 got 1.1754944e-38/0x0x800000 want 0.0/0x0x0; scale--126 (dispatch-codes vs oracle): 15 of 15 cells differ; first at 0 got 1.1754944e-38/0x0x800000 want 0.0/0x0x0; scale--126 (dispatch-planes vs oracle): 15 of 15 cells differ; first at 0 got 1.1754944e-38/0x0x800000 want 0.0/0x0x0; scale--127 (flat vs oracle): 15 of 15 cells differ; first at 0 got 1.1754944e-38/0x0x800000 want 0.0/0x0x0; scale--127 (pieces vs oracle): 15 of 15 cells differ; first at 0 got 1.1754944e-38/0x0x800000 want 0.0/0x0x0; scale--127 (mma vs oracle): 15 of 15 cells differ; first at 0 got 1.1754944e-38/0x0x800000 want 0.0/0x0x0; scale--127 (dispatch-codes vs oracle): 15 of 15 cells differ; first at 0 got 1.1754944e-38/0x0x800000 want 0.0/0x0x0; scale--127 (dispatch-planes vs oracle): 15 of 15 cells differ; first at 0 got 1.1754944e-38/0x0x800000 want 0.0/0x0x0; scale-230 (flat vs oracle): 15 of 15 cells differ; first at 0 got -0.0/0x0x80000000 want nan/0x0xffc00000; scale-230 (pieces vs oracle): 15 of 15 cells differ; first at 0 got -0.0/0x0x80000000 want nan/0x0xffc00000; scale-230 (mma vs oracle): 15 of 15 cells differ; first at 0 got -0.0/0x0x80000000 want nan/0x0xffc00000; scale-230 (dispatch-codes vs oracle): 15 of 15 cells differ; first at 0 got -0.0/0x0x80000000 want nan/0x0xffc00000; scale-230 (dispatch-planes vs oracle): 15 of 15 cells differ; first at 0 got -0.0/0x0x80000000 want nan/0x0xffc00000; scale--278 (flat vs oracle): 15 of 15 cells differ; first at 0 got 1.1754944e-38/0x0x800000 want 0.0/0x0x0; scale--278 (pieces vs oracle): 15 of 15 cells differ; first at 0 got 1.1754944e-38/0x0x800000 want 0.0/0x0x0; scale--278 (mma vs oracle): 15 of 15 cells differ; first at 0 got 1.1754944e-38/0x0x800000 want 0.0/0x0x0; scale--278 (dispatch-codes vs oracle): 15 of 15 cells differ; first at 0 got 1.1754944e-38/0x0x800000 want 0.0/0x0x0; scale--278 (dispatch-planes vs oracle): 15 of 15 cells differ; first at 0 got 1.1754944e-38/0x0x800000 want 0.0/0x0x0; largest-sum-scale-84 (flat vs oracle): 6 of 6 cells differ; first at 0 got 3.4024085e+38/0x0x7f7ff801 want 3.4024083e+38/0x0x7f7ff800; largest-sum-scale-84 (pieces vs oracle): 6 of 6 cells differ; first at 0 got 3.4024085e+38/0x0x7f7ff801 want 3.4024083e+38/0x0x7f7ff800; largest-sum-scale-84 (mma vs oracle): 6 of 6 cells differ; first at 0 got 3.4024085e+38/0x0x7f7ff801 want 3.4024083e+38/0x0x7f7ff800; largest-sum-scale-84 (dispatch-codes vs oracle): 6 of 6 cells differ; first at 0 got 3.4024085e+38/0x0x7f7ff801 want 3.4024083e+38/0x0x7f7ff800; largest-sum-scale-84 (dispatch-planes vs oracle): 6 of 6 cells differ; first at 0 got 3.4024085e+38/0x0x7f7ff801 want 3.4024083e+38/0x0x7f7ff800; largest-sum-scale-85 (flat vs oracle): 6 of 6 cells differ; first at 0 got nan/0x0x7f800001 want inf/0x0x7f800000; largest-sum-scale-85 (pieces vs oracle): 6 of 6 cells differ; first at 0 got nan/0x0x7f800001 want inf/0x0x7f800000; largest-sum-scale-85 (mma vs oracle): 6 of 6 cells differ; first at 0 got nan/0x0x7f800001 want inf/0x0x7f800000; largest-sum-scale-85 (dispatch-codes vs oracle): 6 of 6 cells differ; first at 0 got nan/0x0x7f800001 want inf/0x0x7f800000; largest-sum-scale-85 (dispatch-planes vs oracle): 6 of 6 cells differ; first at 0 got nan/0x0x7f800001 want inf/0x0x7f800000
   ok 5 int15 rows agree with their single-row calls
ok check_int15_is_batch_invariant
   ok 14 bases are multiples of 8; the unit plan's fragment loads state their alignment
ok check_int15_unit_loads_state_their_alignment
   ok 4 launches refuse k = 65537
ok check_int15_device_refuses_above_max_k
== 13 gates, 3 failed ==
stack trace was not collected. Enable stack trace collection with environment variable `MODULAR_DEBUG=stack-trace-on-error`
Unhandled exception caught during execution: 3 gate(s) failed
/root/mojolearn-lowbit-int15/.pixi/envs/default/bin/mojo: error: execution exited with a non-zero result: 1
