{"event": "setup", "schema": "mojolearn.lm-step-memory-probe.v3", "shape": {"batch": 4, "length": 2048, "d_model": 768, "n_heads": 12, "n_kv": 12, "head_dim": 64, "intermediate": 2048, "n_layers": 12, "vocab_size": 50257}, "profile": "mojolearn.byte-lm.b4-l2048-d768-h12-kv12-hd64-ff2048-v50257-blocks12.fp32.v3", "parameters": 162147840, "n_tensors": 110, "tokens_per_step": 8192, "seed": 93261, "budget_seconds": 600.0, "resident": true, "step_result": "lean", "witness_every_step": false, "witness_source": "export_gradients(named=False) + export_state() once after the last untimed step", "corpus": null, "attention_arm": "stash_tiled_fgrid_r32_qres_pf_estash_dres_kvgrid_r32", "attention_arm_source": "binding", "attention_arm_requested": null, "attention_arm_default": "stash_tiled_fgrid_r32_qres_pf_estash_dres_kvgrid_r32", "attention_arm_is_default": true, "attention_arm_resolved_hd64": "stash_tiled_fgrid_r32_qres_pf_estash_dres_kvgrid_r32", "attention_arm_trial_build": false, "gemm_arm": null, "gemm_plan": null, "step_glue_arm": "optskip_noshadow_rows16", "step_glue_arm_requested": null, "step_glue_trial_build": false, "gemm_arm_requested": null, "attention_path_requested": null, "numeric_mode_env": "identical", "runtime": {"binding_file": "/root/mojolearn/python/mojolearn/identical/_mojolearn_byte_lm.so", "binding_sha256": "a6636e6cf37dceaca4719b9e6625b0e72a0d04726adae1487420717890f1d098", "native_attention_arm": {"arm": "stash_tiled_fgrid_r32_qres_pf_estash_dres_kvgrid_r32", "default": "stash_tiled_fgrid_r32_qres_pf_estash_dres_kvgrid_r32", "memory_profile": "v1-estash-default", "resolved_hd64": "stash_tiled_fgrid_r32_qres_pf_estash_dres_kvgrid_r32", "retained_exp_bytes_per_layer": 805306368, "trial_build": false}, "native_numeric_mode": 1, "native_profile": "mojolearn.byte-lm.b2-l32-d32-h4-kv2-ff64-v256-blocks2.fp32.v1", "native_step_glue_arm": {"arm": "optskip_noshadow_rows16", "trial_build": false}, "native_vendor": "hip", "source_scope": "available direct source files; binding SHA identifies the compiled artifact", "source_sha256": {"bindings/_mojolearn_byte_lm.mojo": "e969c5f1455ec8f4574f1a572d0dd4a68ee4944d54213d93fa1fec9b01779297", "loaded_python_wrapper": "e7ad90bc5f0855994dfee66f89aba9fa8ca731192bb0e49462e557dbb4e7e95b", "python/mojolearn/_byte_lm_config.py": "c9cb374bbbe97266ca08f2e3d0b185fc80b707ae45ec4ba425d793d261304acc", "python/mojolearn/_byte_lm_impl.py": "e7ad90bc5f0855994dfee66f89aba9fa8ca731192bb0e49462e557dbb4e7e95b", "python/mojolearn/language_model.py": "4e84ad0955cfc7b7dc0c884d1abcae7f59943d93bee337ac4a16b92be9718925", "training/byte_lm.mojo": "a319eb9f21b593fc55d6a688dad63ef0b483e1fa1aa8605720c2434044697a9e", "training/byte_lm_config.mojo": "753c00494553dd9c17a7eb082b75a6fab97f9d2b2272aaa848a4d8eae95cfbb2"}, "schema": "small-byte-lm.run-metadata.v1", "qualification": "authored/unqualified", "profile": "mojolearn.byte-lm.b4-l2048-d768-h12-kv12-hd64-ff2048-v50257-blocks12.fp32.v3", "device_state_lifetime": "resident", "step_result": "lean", "last_export_step": 0, "config": {"lr": 0.0010000000474974513, "beta1": 0.8999999761581421, "beta2": 0.9990000128746033, "eps": 9.99999993922529e-09, "weight_decay": 0.009999999776482582, "kind": 2, "momentum": 0.0, "dampening": 0.0, "nesterov": false, "max_norm": 0.0}, "data_schedule": {"batches": "synthetic uniform token ids, no corpus", "fixture": "lm step memory probe", "seed": 93261}, "completed_steps": 0, "next_batch_index": 0}, "initial_parameters_sha256": "0e36d8d036d8c4cf9704babd096061006e48071187c793c6ee471e05b449572e", "host_before_first_call": {"vm_rss_bytes": 2658131968, "vm_hwm_bytes": 3306344448, "ru_maxrss_bytes": 3306344448, "boundary": "process host memory (Python + native + pinned staging); not device memory"}, "device_tool": "rocm-smi", "qualification": "complete-step probe at the named shape; not an opponent ratio, not a default gate", "t": 1790269307.810156}
{"event": "step_start", "step": 1, "first_call_includes_setup": true, "ids_sha256": "4c3173b59505e42cb35db9dfd2043e3d5f6b7a7c0a9a1ab02e22b7155592932f", "t": 1790269307.8105423}
{"event": "step_end", "step": 1, "seconds": 13.997016444999929, "tokens_per_second": 585.2675841447897, "first_call_includes_setup": true, "timing_boundary": "public train_step call; native binding synchronizes the context before publishing outputs; includes host readbacks, validation and gradient copies", "step_result": "lean", "witnessed": false, "witness_export_seconds": null, "loss": 10.953535079956055, "sha256": {"loss": "676298dabb30bfc447f559ec749969a51a51a5c8a60a884d6a185a0d75760e8e"}, "completed_steps": 1, "host": {"vm_rss_bytes": 2821861376, "vm_hwm_bytes": 8654368768, "ru_maxrss_bytes": 8654368768, "boundary": "process host memory (Python + native + pinned staging); not device memory"}, "device": {"tool": "rocm-smi", "peak_process_bytes": "unavailable", "peak_device_bytes": 188633751552, "device_total_bytes": 205822885888, "sample_interval_seconds": 0.2, "samples_total": 32, "errors_total": 0, "boundary": "vendor tool polled at the interval; peaks shorter than one interval are missed; device-wide used memory includes other processes; torch.cuda allocator statistics do not cover Mojo allocations and are not used"}, "t": 1790269321.8077772}
{"event": "final_witness", "step": 1, "completed_steps": 1, "sha256": {"gradients": "222551acedc86be39bdd374a7869c41751a7b05dbb50140370e93da8179466e9", "parameters": "5516ffe5f550c0ca9370e288f40aa4c0c0fd5165ea3748ec9a42edb05ddfed8c", "m": "4067b3e959bc497a39a9782c99a94314894d9df2a78a41346e1f0013ad63b6d3", "v": "d65224fdf2e00685f91db419898013f61f74371718aaf1a853b0e963bd9403e6", "flags": "360d579dbd14759b41afdf7fb5e80c0101e15150ae401d59f92a1e32d129f7cb"}, "export_seconds": 13.062053007000031, "source": "export_gradients(named=False) + export_state() once after the last untimed step", "t": 1790269334.8700447}
{"event": "component_timing_step_start", "timing_step": 1, "note": "MOJOLEARN_TRANSFORMER_TIMING=1; not a timing sample", "t": 1790269334.8704793}
timing step.py_tokens 0.5091030000130559 ms
timing step.py_tokens_bytes 32784 bytes
timing step.bind_scalar_admission 0.009001 ms
timing step.upload_inputs 0.256464 ms
timing step.upload_inputs_bytes 65536 bytes
timing step.unpack_weights 0.754147 ms
timing step.unpack_weights_bytes 648591360 bytes
timing step.embedding_forward 0.105774 ms
timing fwd.refuse_call 0.102953 ms
timing launches.fwd.refuse_call 2 count
timing syncs.fwd.refuse_call 2 count
timing fwd.norm1 0.32257 ms
timing launches.fwd.norm1 1 count
timing syncs.fwd.norm1 0 count
timing block.norm1 0.44008 ms
timing fwd.q_proj 0.98674 ms
timing launches.fwd.q_proj 2 count
timing syncs.fwd.q_proj 1 count
timing gemm.proj_fwd 0.98674 ms
timing launches.gemm.proj_fwd 2 count
timing syncs.gemm.proj_fwd 1 count
timing fwd.k_proj 0.990447 ms
timing launches.fwd.k_proj 2 count
timing syncs.fwd.k_proj 1 count
timing gemm.proj_fwd 0.990447 ms
timing launches.gemm.proj_fwd 2 count
timing syncs.gemm.proj_fwd 1 count
timing fwd.v_proj 1.053023 ms
timing launches.fwd.v_proj 2 count
timing syncs.fwd.v_proj 1 count
timing gemm.proj_fwd 1.053023 ms
timing launches.gemm.proj_fwd 2 count
timing syncs.gemm.proj_fwd 1 count
timing attn.qkv_proj 3.060565 ms
timing attn.rope_and_cache 0.166044 ms
timing attn.fwd_regime_scan 0.229371 ms
timing attn.fwd_r2_keep_kernel 6.111931 ms
timing attn.fwd_corner_flag 0.053636 ms
timing attn.core 6.411604 ms
timing fwd.o_proj 1.091886 ms
timing launches.fwd.o_proj 2 count
timing syncs.fwd.o_proj 1 count
timing gemm.proj_fwd 1.091886 ms
timing launches.gemm.proj_fwd 2 count
timing syncs.gemm.proj_fwd 1 count
timing attn.o_proj 1.104594 ms
timing block.attention_total 10.747643 ms
timing fwd.residual1_add 0.040139 ms
timing launches.fwd.residual1_add 1 count
timing syncs.fwd.residual1_add 0 count
timing fwd.norm2 0.314067 ms
timing launches.fwd.norm2 1 count
timing syncs.fwd.norm2 0 count
timing fwd.gate_proj 2.486599 ms
timing launches.fwd.gate_proj 2 count
timing syncs.fwd.gate_proj 1 count
timing gemm.gateup_fwd 2.486599 ms
timing launches.gemm.gateup_fwd 2 count
timing syncs.gemm.gateup_fwd 1 count
timing fwd.up_proj 2.657067 ms
timing launches.fwd.up_proj 2 count
timing syncs.fwd.up_proj 1 count
timing gemm.gateup_fwd 2.657067 ms
timing launches.gemm.gateup_fwd 2 count
timing syncs.gemm.gateup_fwd 1 count
timing fwd.silu 0.091206 ms
timing launches.fwd.silu 1 count
timing syncs.fwd.silu 0 count
timing fwd.gate_mul 0.089169 ms
timing launches.fwd.gate_mul 1 count
timing syncs.fwd.gate_mul 0 count
timing fwd.down_proj 2.566034 ms
timing launches.fwd.down_proj 2 count
timing syncs.fwd.down_proj 1 count
timing gemm.down_fwd 2.566034 ms
timing launches.gemm.down_fwd 2 count
timing syncs.gemm.down_fwd 1 count
timing fwd.residual2_add 0.043164 ms
timing launches.fwd.residual2_add 1 count
timing syncs.fwd.residual2_add 0 count
timing block.mlp_and_residuals 8.346964 ms
timing fwd.refuse_call 0.089836 ms
timing launches.fwd.refuse_call 2 count
timing syncs.fwd.refuse_call 2 count
timing fwd.norm1 0.356054 ms
timing launches.fwd.norm1 1 count
timing syncs.fwd.norm1 0 count
timing block.norm1 0.45404 ms
timing fwd.q_proj 0.994357 ms
timing launches.fwd.q_proj 2 count
timing syncs.fwd.q_proj 1 count
timing gemm.proj_fwd 0.994357 ms
timing launches.gemm.proj_fwd 2 count
timing syncs.gemm.proj_fwd 1 count
timing fwd.k_proj 0.955116 ms
timing launches.fwd.k_proj 2 count
timing syncs.fwd.k_proj 1 count
timing gemm.proj_fwd 0.955116 ms
timing launches.gemm.proj_fwd 2 count
timing syncs.gemm.proj_fwd 1 count
timing fwd.v_proj 0.980197 ms
timing launches.fwd.v_proj 2 count
timing syncs.fwd.v_proj 1 count
timing gemm.proj_fwd 0.980197 ms
timing launches.gemm.proj_fwd 2 count
timing syncs.gemm.proj_fwd 1 count
timing attn.qkv_proj 2.949881 ms
timing attn.rope_and_cache 0.154145 ms
timing attn.fwd_regime_scan 0.224115 ms
timing attn.fwd_r2_keep_kernel 5.906836 ms
timing attn.fwd_corner_flag 0.049634 ms
timing attn.core 6.194006 ms
timing fwd.o_proj 0.961421 ms
timing launches.fwd.o_proj 2 count
timing syncs.fwd.o_proj 1 count
timing gemm.proj_fwd 0.961421 ms
timing launches.gemm.proj_fwd 2 count
timing syncs.gemm.proj_fwd 1 count
timing attn.o_proj 0.970667 ms
timing block.attention_total 10.271908 ms
timing fwd.residual1_add 0.037975 ms
timing launches.fwd.residual1_add 1 count
timing syncs.fwd.residual1_add 0 count
timing fwd.norm2 0.317526 ms
timing launches.fwd.norm2 1 count
timing syncs.fwd.norm2 0 count
timing fwd.gate_proj 2.486371 ms
timing launches.fwd.gate_proj 2 count
timing syncs.fwd.gate_proj 1 count
timing gemm.gateup_fwd 2.486371 ms
timing launches.gemm.gateup_fwd 2 count
timing syncs.gemm.gateup_fwd 1 count
timing fwd.up_proj 2.635452 ms
timing launches.fwd.up_proj 2 count
timing syncs.fwd.up_proj 1 count
timing gemm.gateup_fwd 2.635452 ms
timing launches.gemm.gateup_fwd 2 count
timing syncs.gemm.gateup_fwd 1 count
timing fwd.silu 0.086804 ms
timing launches.fwd.silu 1 count
timing syncs.fwd.silu 0 count
timing fwd.gate_mul 0.085517 ms
timing launches.fwd.gate_mul 1 count
timing syncs.fwd.gate_mul 0 count
timing fwd.down_proj 2.530169 ms
timing launches.fwd.down_proj 2 count
timing syncs.fwd.down_proj 1 count
timing gemm.down_fwd 2.530169 ms
timing launches.gemm.down_fwd 2 count
timing syncs.gemm.down_fwd 1 count
timing fwd.residual2_add 0.041743 ms
timing launches.fwd.residual2_add 1 count
timing syncs.fwd.residual2_add 0 count
timing block.mlp_and_residuals 8.26031 ms
timing fwd.refuse_call 0.091626 ms
timing launches.fwd.refuse_call 2 count
timing syncs.fwd.refuse_call 2 count
timing fwd.norm1 0.350241 ms
timing launches.fwd.norm1 1 count
timing syncs.fwd.norm1 0 count
timing block.norm1 0.449623 ms
timing fwd.q_proj 0.996253 ms
timing launches.fwd.q_proj 2 count
timing syncs.fwd.q_proj 1 count
timing gemm.proj_fwd 0.996253 ms
timing launches.gemm.proj_fwd 2 count
timing syncs.gemm.proj_fwd 1 count
timing fwd.k_proj 0.963145 ms
timing launches.fwd.k_proj 2 count
timing syncs.fwd.k_proj 1 count
timing gemm.proj_fwd 0.963145 ms
timing launches.gemm.proj_fwd 2 count
timing syncs.gemm.proj_fwd 1 count
timing fwd.v_proj 0.990348 ms
timing launches.fwd.v_proj 2 count
timing syncs.fwd.v_proj 1 count
timing gemm.proj_fwd 0.990348 ms
timing launches.gemm.proj_fwd 2 count
timing syncs.gemm.proj_fwd 1 count
timing attn.qkv_proj 2.972776 ms
timing attn.rope_and_cache 0.15635 ms
timing attn.fwd_regime_scan 0.211139 ms
timing attn.fwd_r2_keep_kernel 5.920756 ms
timing attn.fwd_corner_flag 0.047985 ms
timing attn.core 6.196638 ms
timing fwd.o_proj 0.963927 ms
timing launches.fwd.o_proj 2 count
timing syncs.fwd.o_proj 1 count
timing gemm.proj_fwd 0.963927 ms
timing launches.gemm.proj_fwd 2 count
timing syncs.gemm.proj_fwd 1 count
timing attn.o_proj 0.972767 ms
timing block.attention_total 10.301492 ms
timing fwd.residual1_add 0.03728 ms
timing launches.fwd.residual1_add 1 count
timing syncs.fwd.residual1_add 0 count
timing fwd.norm2 0.311687 ms
timing launches.fwd.norm2 1 count
timing syncs.fwd.norm2 0 count
timing fwd.gate_proj 2.476197 ms
timing launches.fwd.gate_proj 2 count
timing syncs.fwd.gate_proj 1 count
timing gemm.gateup_fwd 2.476197 ms
timing launches.gemm.gateup_fwd 2 count
timing syncs.gemm.gateup_fwd 1 count
timing fwd.up_proj 2.607168 ms
timing launches.fwd.up_proj 2 count
timing syncs.fwd.up_proj 1 count
timing gemm.gateup_fwd 2.607168 ms
timing launches.gemm.gateup_fwd 2 count
timing syncs.gemm.gateup_fwd 1 count
timing fwd.silu 0.086618 ms
timing launches.fwd.silu 1 count
timing syncs.fwd.silu 0 count
timing fwd.gate_mul 0.084848 ms
timing launches.fwd.gate_mul 1 count
timing syncs.fwd.gate_mul 0 count
timing fwd.down_proj 2.54786 ms
timing launches.fwd.down_proj 2 count
timing syncs.fwd.down_proj 1 count
timing gemm.down_fwd 2.54786 ms
timing launches.gemm.down_fwd 2 count
timing syncs.gemm.down_fwd 1 count
timing fwd.residual2_add 0.041315 ms
timing launches.fwd.residual2_add 1 count
timing syncs.fwd.residual2_add 0 count
timing block.mlp_and_residuals 8.230725 ms
timing fwd.refuse_call 0.088077 ms
timing launches.fwd.refuse_call 2 count
timing syncs.fwd.refuse_call 2 count
timing fwd.norm1 0.355987 ms
timing launches.fwd.norm1 1 count
timing syncs.fwd.norm1 0 count
timing block.norm1 0.451296 ms
timing fwd.q_proj 1.001909 ms
timing launches.fwd.q_proj 2 count
timing syncs.fwd.q_proj 1 count
timing gemm.proj_fwd 1.001909 ms
timing launches.gemm.proj_fwd 2 count
timing syncs.gemm.proj_fwd 1 count
timing fwd.k_proj 0.959797 ms
timing launches.fwd.k_proj 2 count
timing syncs.fwd.k_proj 1 count
timing gemm.proj_fwd 0.959797 ms
timing launches.gemm.proj_fwd 2 count
timing syncs.gemm.proj_fwd 1 count
timing fwd.v_proj 0.979953 ms
timing launches.fwd.v_proj 2 count
timing syncs.fwd.v_proj 1 count
timing gemm.proj_fwd 0.979953 ms
timing launches.gemm.proj_fwd 2 count
timing syncs.gemm.proj_fwd 1 count
timing attn.qkv_proj 2.965594 ms
timing attn.rope_and_cache 0.157823 ms
timing attn.fwd_regime_scan 0.21453 ms
timing attn.fwd_r2_keep_kernel 5.965531 ms
timing attn.fwd_corner_flag 0.047111 ms
timing attn.core 6.241353 ms
timing fwd.o_proj 0.959738 ms
timing launches.fwd.o_proj 2 count
timing syncs.fwd.o_proj 1 count
timing gemm.proj_fwd 0.959738 ms
timing launches.gemm.proj_fwd 2 count
timing syncs.gemm.proj_fwd 1 count
timing attn.o_proj 0.968431 ms
timing block.attention_total 10.335997 ms
timing fwd.residual1_add 0.03764 ms
timing launches.fwd.residual1_add 1 count
timing syncs.fwd.residual1_add 0 count
timing fwd.norm2 0.31841 ms
timing launches.fwd.norm2 1 count
timing syncs.fwd.norm2 0 count
timing fwd.gate_proj 2.482317 ms
timing launches.fwd.gate_proj 2 count
timing syncs.fwd.gate_proj 1 count
timing gemm.gateup_fwd 2.482317 ms
timing launches.gemm.gateup_fwd 2 count
timing syncs.gemm.gateup_fwd 1 count
timing fwd.up_proj 2.628763 ms
timing launches.fwd.up_proj 2 count
timing syncs.fwd.up_proj 1 count
timing gemm.gateup_fwd 2.628763 ms
timing launches.gemm.gateup_fwd 2 count
timing syncs.gemm.gateup_fwd 1 count
timing fwd.silu 0.087647 ms
timing launches.fwd.silu 1 count
timing syncs.fwd.silu 0 count
timing fwd.gate_mul 0.08547 ms
timing launches.fwd.gate_mul 1 count
timing syncs.fwd.gate_mul 0 count
timing fwd.down_proj 2.527861 ms
timing launches.fwd.down_proj 2 count
timing syncs.fwd.down_proj 1 count
timing gemm.down_fwd 2.527861 ms
timing launches.gemm.down_fwd 2 count
timing syncs.gemm.down_fwd 1 count
timing fwd.residual2_add 0.040721 ms
timing launches.fwd.residual2_add 1 count
timing syncs.fwd.residual2_add 0 count
timing block.mlp_and_residuals 8.249068 ms
timing fwd.refuse_call 0.089149 ms
timing launches.fwd.refuse_call 2 count
timing syncs.fwd.refuse_call 2 count
timing fwd.norm1 0.349252 ms
timing launches.fwd.norm1 1 count
timing syncs.fwd.norm1 0 count
timing block.norm1 0.446252 ms
timing fwd.q_proj 0.993648 ms
timing launches.fwd.q_proj 2 count
timing syncs.fwd.q_proj 1 count
timing gemm.proj_fwd 0.993648 ms
timing launches.gemm.proj_fwd 2 count
timing syncs.gemm.proj_fwd 1 count
timing fwd.k_proj 0.960683 ms
timing launches.fwd.k_proj 2 count
timing syncs.fwd.k_proj 1 count
timing gemm.proj_fwd 0.960683 ms
timing launches.gemm.proj_fwd 2 count
timing syncs.gemm.proj_fwd 1 count
timing fwd.v_proj 0.983299 ms
timing launches.fwd.v_proj 2 count
timing syncs.fwd.v_proj 1 count
timing gemm.proj_fwd 0.983299 ms
timing launches.gemm.proj_fwd 2 count
timing syncs.gemm.proj_fwd 1 count
timing attn.qkv_proj 2.957241 ms
timing attn.rope_and_cache 0.157108 ms
timing attn.fwd_regime_scan 0.21577 ms
timing attn.fwd_r2_keep_kernel 5.760792 ms
timing attn.fwd_corner_flag 0.056012 ms
timing attn.core 6.047481 ms
timing fwd.o_proj 0.961342 ms
timing launches.fwd.o_proj 2 count
timing syncs.fwd.o_proj 1 count
timing gemm.proj_fwd 0.961342 ms
timing launches.gemm.proj_fwd 2 count
timing syncs.gemm.proj_fwd 1 count
timing attn.o_proj 0.969599 ms
timing block.attention_total 10.134276 ms
timing fwd.residual1_add 0.037463 ms
timing launches.fwd.residual1_add 1 count
timing syncs.fwd.residual1_add 0 count
timing fwd.norm2 0.315167 ms
timing launches.fwd.norm2 1 count
timing syncs.fwd.norm2 0 count
timing fwd.gate_proj 2.503402 ms
timing launches.fwd.gate_proj 2 count
timing syncs.fwd.gate_proj 1 count
timing gemm.gateup_fwd 2.503402 ms
timing launches.gemm.gateup_fwd 2 count
timing syncs.gemm.gateup_fwd 1 count
timing fwd.up_proj 2.625001 ms
timing launches.fwd.up_proj 2 count
timing syncs.fwd.up_proj 1 count
timing gemm.gateup_fwd 2.625001 ms
timing launches.gemm.gateup_fwd 2 count
timing syncs.gemm.gateup_fwd 1 count
timing fwd.silu 0.086546 ms
timing launches.fwd.silu 1 count
timing syncs.fwd.silu 0 count
timing fwd.gate_mul 0.084268 ms
timing launches.fwd.gate_mul 1 count
timing syncs.fwd.gate_mul 0 count
timing fwd.down_proj 2.562528 ms
timing launches.fwd.down_proj 2 count
timing syncs.fwd.down_proj 1 count
timing gemm.down_fwd 2.562528 ms
timing launches.gemm.down_fwd 2 count
timing syncs.gemm.down_fwd 1 count
timing fwd.residual2_add 0.040429 ms
timing launches.fwd.residual2_add 1 count
timing syncs.fwd.residual2_add 0 count
timing block.mlp_and_residuals 8.293467 ms
timing fwd.refuse_call 0.085543 ms
timing launches.fwd.refuse_call 2 count
timing syncs.fwd.refuse_call 2 count
timing fwd.norm1 0.345751 ms
timing launches.fwd.norm1 1 count
timing syncs.fwd.norm1 0 count
timing block.norm1 0.438557 ms
timing fwd.q_proj 1.004761 ms
timing launches.fwd.q_proj 2 count
timing syncs.fwd.q_proj 1 count
timing gemm.proj_fwd 1.004761 ms
timing launches.gemm.proj_fwd 2 count
timing syncs.gemm.proj_fwd 1 count
timing fwd.k_proj 0.95346 ms
timing launches.fwd.k_proj 2 count
timing syncs.fwd.k_proj 1 count
timing gemm.proj_fwd 0.95346 ms
timing launches.gemm.proj_fwd 2 count
timing syncs.gemm.proj_fwd 1 count
timing fwd.v_proj 0.968238 ms
timing launches.fwd.v_proj 2 count
timing syncs.fwd.v_proj 1 count
timing gemm.proj_fwd 0.968238 ms
timing launches.gemm.proj_fwd 2 count
timing syncs.gemm.proj_fwd 1 count
timing attn.qkv_proj 2.946163 ms
timing attn.rope_and_cache 0.158993 ms
timing attn.fwd_regime_scan 0.212018 ms
timing attn.fwd_r2_keep_kernel 5.853561 ms
timing attn.fwd_corner_flag 0.050283 ms
timing attn.core 6.129316 ms
timing fwd.o_proj 0.957834 ms
timing launches.fwd.o_proj 2 count
timing syncs.fwd.o_proj 1 count
timing gemm.proj_fwd 0.957834 ms
timing launches.gemm.proj_fwd 2 count
timing syncs.gemm.proj_fwd 1 count
timing attn.o_proj 0.9671 ms
timing block.attention_total 10.204445 ms
timing fwd.residual1_add 0.037554 ms
timing launches.fwd.residual1_add 1 count
timing syncs.fwd.residual1_add 0 count
timing fwd.norm2 0.318732 ms
timing launches.fwd.norm2 1 count
timing syncs.fwd.norm2 0 count
timing fwd.gate_proj 2.522456 ms
timing launches.fwd.gate_proj 2 count
timing syncs.fwd.gate_proj 1 count
timing gemm.gateup_fwd 2.522456 ms
timing launches.gemm.gateup_fwd 2 count
timing syncs.gemm.gateup_fwd 1 count
timing fwd.up_proj 2.656824 ms
timing launches.fwd.up_proj 2 count
timing syncs.fwd.up_proj 1 count
timing gemm.gateup_fwd 2.656824 ms
timing launches.gemm.gateup_fwd 2 count
timing syncs.gemm.gateup_fwd 1 count
timing fwd.silu 0.087659 ms
timing launches.fwd.silu 1 count
timing syncs.fwd.silu 0 count
timing fwd.gate_mul 0.085909 ms
timing launches.fwd.gate_mul 1 count
timing syncs.fwd.gate_mul 0 count
timing fwd.down_proj 2.546091 ms
timing launches.fwd.down_proj 2 count
timing syncs.fwd.down_proj 1 count
timing gemm.down_fwd 2.546091 ms
timing launches.gemm.down_fwd 2 count
timing syncs.gemm.down_fwd 1 count
timing fwd.residual2_add 0.040201 ms
timing launches.fwd.residual2_add 1 count
timing syncs.fwd.residual2_add 0 count
timing block.mlp_and_residuals 8.340091 ms
timing fwd.refuse_call 0.086829 ms
timing launches.fwd.refuse_call 2 count
timing syncs.fwd.refuse_call 2 count
timing fwd.norm1 0.346826 ms
timing launches.fwd.norm1 1 count
timing syncs.fwd.norm1 0 count
timing block.norm1 0.440781 ms
timing fwd.q_proj 1.006861 ms
timing launches.fwd.q_proj 2 count
timing syncs.fwd.q_proj 1 count
timing gemm.proj_fwd 1.006861 ms
timing launches.gemm.proj_fwd 2 count
timing syncs.gemm.proj_fwd 1 count
timing fwd.k_proj 0.950791 ms
timing launches.fwd.k_proj 2 count
timing syncs.fwd.k_proj 1 count
timing gemm.proj_fwd 0.950791 ms
timing launches.gemm.proj_fwd 2 count
timing syncs.gemm.proj_fwd 1 count
timing fwd.v_proj 0.972867 ms
timing launches.fwd.v_proj 2 count
timing syncs.fwd.v_proj 1 count
timing gemm.proj_fwd 0.972867 ms
timing launches.gemm.proj_fwd 2 count
timing syncs.gemm.proj_fwd 1 count
timing attn.qkv_proj 2.950243 ms
timing attn.rope_and_cache 0.156144 ms
timing attn.fwd_regime_scan 0.216824 ms
timing attn.fwd_r2_keep_kernel 6.184966 ms
timing attn.fwd_corner_flag 0.046825 ms
timing attn.core 6.461974 ms
timing fwd.o_proj 0.959701 ms
timing launches.fwd.o_proj 2 count
timing syncs.fwd.o_proj 1 count
timing gemm.proj_fwd 0.959701 ms
timing launches.gemm.proj_fwd 2 count
timing syncs.gemm.proj_fwd 1 count
timing attn.o_proj 0.96864 ms
timing block.attention_total 10.540041 ms
timing fwd.residual1_add 0.037292 ms
timing launches.fwd.residual1_add 1 count
timing syncs.fwd.residual1_add 0 count
timing fwd.norm2 0.312176 ms
timing launches.fwd.norm2 1 count
timing syncs.fwd.norm2 0 count
timing fwd.gate_proj 2.470653 ms
timing launches.fwd.gate_proj 2 count
timing syncs.fwd.gate_proj 1 count
timing gemm.gateup_fwd 2.470653 ms
timing launches.gemm.gateup_fwd 2 count
timing syncs.gemm.gateup_fwd 1 count
timing fwd.up_proj 2.644953 ms
timing launches.fwd.up_proj 2 count
timing syncs.fwd.up_proj 1 count
timing gemm.gateup_fwd 2.644953 ms
timing launches.gemm.gateup_fwd 2 count
timing syncs.gemm.gateup_fwd 1 count
timing fwd.silu 0.090533 ms
timing launches.fwd.silu 1 count
timing syncs.fwd.silu 0 count
timing fwd.gate_mul 0.087464 ms
timing launches.fwd.gate_mul 1 count
timing syncs.fwd.gate_mul 0 count
timing fwd.down_proj 2.573817 ms
timing launches.fwd.down_proj 2 count
timing syncs.fwd.down_proj 1 count
timing gemm.down_fwd 2.573817 ms
timing launches.gemm.down_fwd 2 count
timing syncs.gemm.down_fwd 1 count
timing fwd.residual2_add 0.041983 ms
timing launches.fwd.residual2_add 1 count
timing syncs.fwd.residual2_add 0 count
timing block.mlp_and_residuals 8.296719 ms
timing fwd.refuse_call 0.085868 ms
timing launches.fwd.refuse_call 2 count
timing syncs.fwd.refuse_call 2 count
timing fwd.norm1 0.362168 ms
timing launches.fwd.norm1 1 count
timing syncs.fwd.norm1 0 count
timing block.norm1 0.456664 ms
timing fwd.q_proj 1.012086 ms
timing launches.fwd.q_proj 2 count
timing syncs.fwd.q_proj 1 count
timing gemm.proj_fwd 1.012086 ms
timing launches.gemm.proj_fwd 2 count
timing syncs.gemm.proj_fwd 1 count
timing fwd.k_proj 0.95979 ms
timing launches.fwd.k_proj 2 count
timing syncs.fwd.k_proj 1 count
timing gemm.proj_fwd 0.95979 ms
timing launches.gemm.proj_fwd 2 count
timing syncs.gemm.proj_fwd 1 count
timing fwd.v_proj 0.983295 ms
timing launches.fwd.v_proj 2 count
timing syncs.fwd.v_proj 1 count
timing gemm.proj_fwd 0.983295 ms
timing launches.gemm.proj_fwd 2 count
timing syncs.gemm.proj_fwd 1 count
timing attn.qkv_proj 2.97612 ms
timing attn.rope_and_cache 0.157361 ms
timing attn.fwd_regime_scan 0.208676 ms
timing attn.fwd_r2_keep_kernel 5.900489 ms
timing attn.fwd_corner_flag 0.047286 ms
timing attn.core 6.170934 ms
timing fwd.o_proj 0.962742 ms
timing launches.fwd.o_proj 2 count
timing syncs.fwd.o_proj 1 count
timing gemm.proj_fwd 0.962742 ms
timing launches.gemm.proj_fwd 2 count
timing syncs.gemm.proj_fwd 1 count
timing attn.o_proj 0.971751 ms
timing block.attention_total 10.279066 ms
timing fwd.residual1_add 0.037237 ms
timing launches.fwd.residual1_add 1 count
timing syncs.fwd.residual1_add 0 count
timing fwd.norm2 0.316512 ms
timing launches.fwd.norm2 1 count
timing syncs.fwd.norm2 0 count
timing fwd.gate_proj 2.476802 ms
timing launches.fwd.gate_proj 2 count
timing syncs.fwd.gate_proj 1 count
timing gemm.gateup_fwd 2.476802 ms
timing launches.gemm.gateup_fwd 2 count
timing syncs.gemm.gateup_fwd 1 count
timing fwd.up_proj 2.628326 ms
timing launches.fwd.up_proj 2 count
timing syncs.fwd.up_proj 1 count
timing gemm.gateup_fwd 2.628326 ms
timing launches.gemm.gateup_fwd 2 count
timing syncs.gemm.gateup_fwd 1 count
timing fwd.silu 0.087983 ms
timing launches.fwd.silu 1 count
timing syncs.fwd.silu 0 count
timing fwd.gate_mul 0.086206 ms
timing launches.fwd.gate_mul 1 count
timing syncs.fwd.gate_mul 0 count
timing fwd.down_proj 2.589161 ms
timing launches.fwd.down_proj 2 count
timing syncs.fwd.down_proj 1 count
timing gemm.down_fwd 2.589161 ms
timing launches.gemm.down_fwd 2 count
timing syncs.gemm.down_fwd 1 count
timing fwd.residual2_add 0.041358 ms
timing launches.fwd.residual2_add 1 count
timing syncs.fwd.residual2_add 0 count
timing block.mlp_and_residuals 8.301545 ms
timing fwd.refuse_call 0.086222 ms
timing launches.fwd.refuse_call 2 count
timing syncs.fwd.refuse_call 2 count
timing fwd.norm1 0.355188 ms
timing launches.fwd.norm1 1 count
timing syncs.fwd.norm1 0 count
timing block.norm1 0.450011 ms
timing fwd.q_proj 0.999712 ms
timing launches.fwd.q_proj 2 count
timing syncs.fwd.q_proj 1 count
timing gemm.proj_fwd 0.999712 ms
timing launches.gemm.proj_fwd 2 count
timing syncs.gemm.proj_fwd 1 count
timing fwd.k_proj 0.964633 ms
timing launches.fwd.k_proj 2 count
timing syncs.fwd.k_proj 1 count
timing gemm.proj_fwd 0.964633 ms
timing launches.gemm.proj_fwd 2 count
timing syncs.gemm.proj_fwd 1 count
timing fwd.v_proj 0.985122 ms
timing launches.fwd.v_proj 2 count
timing syncs.fwd.v_proj 1 count
timing gemm.proj_fwd 0.985122 ms
timing launches.gemm.proj_fwd 2 count
timing syncs.gemm.proj_fwd 1 count
timing attn.qkv_proj 2.969469 ms
timing attn.rope_and_cache 0.154363 ms
timing attn.fwd_regime_scan 0.210332 ms
timing attn.fwd_r2_keep_kernel 5.932858 ms
timing attn.fwd_corner_flag 0.049962 ms
timing attn.core 6.206574 ms
timing fwd.o_proj 0.957586 ms
timing launches.fwd.o_proj 2 count
timing syncs.fwd.o_proj 1 count
timing gemm.proj_fwd 0.957586 ms
timing launches.gemm.proj_fwd 2 count
timing syncs.gemm.proj_fwd 1 count
timing attn.o_proj 0.966572 ms
timing block.attention_total 10.299973 ms
timing fwd.residual1_add 0.037454 ms
timing launches.fwd.residual1_add 1 count
timing syncs.fwd.residual1_add 0 count
timing fwd.norm2 0.310907 ms
timing launches.fwd.norm2 1 count
timing syncs.fwd.norm2 0 count
timing fwd.gate_proj 2.466431 ms
timing launches.fwd.gate_proj 2 count
timing syncs.fwd.gate_proj 1 count
timing gemm.gateup_fwd 2.466431 ms
timing launches.gemm.gateup_fwd 2 count
timing syncs.gemm.gateup_fwd 1 count
timing fwd.up_proj 2.610158 ms
timing launches.fwd.up_proj 2 count
timing syncs.fwd.up_proj 1 count
timing gemm.gateup_fwd 2.610158 ms
timing launches.gemm.gateup_fwd 2 count
timing syncs.gemm.gateup_fwd 1 count
timing fwd.silu 0.086412 ms
timing launches.fwd.silu 1 count
timing syncs.fwd.silu 0 count
timing fwd.gate_mul 0.085355 ms
timing launches.fwd.gate_mul 1 count
timing syncs.fwd.gate_mul 0 count
timing fwd.down_proj 2.555966 ms
timing launches.fwd.down_proj 2 count
timing syncs.fwd.down_proj 1 count
timing gemm.down_fwd 2.555966 ms
timing launches.gemm.down_fwd 2 count
timing syncs.gemm.down_fwd 1 count
timing fwd.residual2_add 0.041038 ms
timing launches.fwd.residual2_add 1 count
timing syncs.fwd.residual2_add 0 count
timing block.mlp_and_residuals 8.233555 ms
timing fwd.refuse_call 0.086743 ms
timing launches.fwd.refuse_call 2 count
timing syncs.fwd.refuse_call 2 count
timing fwd.norm1 0.356358 ms
timing launches.fwd.norm1 1 count
timing syncs.fwd.norm1 0 count
timing block.norm1 0.451717 ms
timing fwd.q_proj 1.005007 ms
timing launches.fwd.q_proj 2 count
timing syncs.fwd.q_proj 1 count
timing gemm.proj_fwd 1.005007 ms
timing launches.gemm.proj_fwd 2 count
timing syncs.gemm.proj_fwd 1 count
timing fwd.k_proj 0.949068 ms
timing launches.fwd.k_proj 2 count
timing syncs.fwd.k_proj 1 count
timing gemm.proj_fwd 0.949068 ms
timing launches.gemm.proj_fwd 2 count
timing syncs.gemm.proj_fwd 1 count
timing fwd.v_proj 0.966216 ms
timing launches.fwd.v_proj 2 count
timing syncs.fwd.v_proj 1 count
timing gemm.proj_fwd 0.966216 ms
timing launches.gemm.proj_fwd 2 count
timing syncs.gemm.proj_fwd 1 count
timing attn.qkv_proj 2.939433 ms
timing attn.rope_and_cache 0.156814 ms
timing attn.fwd_regime_scan 0.21324 ms
timing attn.fwd_r2_keep_kernel 5.844898 ms
timing attn.fwd_corner_flag 0.047128 ms
timing attn.core 6.119698 ms
timing fwd.o_proj 0.957694 ms
timing launches.fwd.o_proj 2 count
timing syncs.fwd.o_proj 1 count
timing gemm.proj_fwd 0.957694 ms
timing launches.gemm.proj_fwd 2 count
timing syncs.gemm.proj_fwd 1 count
timing attn.o_proj 0.966568 ms
timing block.attention_total 10.185356 ms
timing fwd.residual1_add 0.037536 ms
timing launches.fwd.residual1_add 1 count
timing syncs.fwd.residual1_add 0 count
timing fwd.norm2 0.31612 ms
timing launches.fwd.norm2 1 count
timing syncs.fwd.norm2 0 count
timing fwd.gate_proj 2.47265 ms
timing launches.fwd.gate_proj 2 count
timing syncs.fwd.gate_proj 1 count
timing gemm.gateup_fwd 2.47265 ms
timing launches.gemm.gateup_fwd 2 count
timing syncs.gemm.gateup_fwd 1 count
timing fwd.up_proj 2.626733 ms
timing launches.fwd.up_proj 2 count
timing syncs.fwd.up_proj 1 count
timing gemm.gateup_fwd 2.626733 ms
timing launches.gemm.gateup_fwd 2 count
timing syncs.gemm.gateup_fwd 1 count
timing fwd.silu 0.08699 ms
timing launches.fwd.silu 1 count
timing syncs.fwd.silu 0 count
timing fwd.gate_mul 0.085741 ms
timing launches.fwd.gate_mul 1 count
timing syncs.fwd.gate_mul 0 count
timing fwd.down_proj 2.562834 ms
timing launches.fwd.down_proj 2 count
timing syncs.fwd.down_proj 1 count
timing gemm.down_fwd 2.562834 ms
timing launches.gemm.down_fwd 2 count
timing syncs.gemm.down_fwd 1 count
timing fwd.residual2_add 0.040262 ms
timing launches.fwd.residual2_add 1 count
timing syncs.fwd.residual2_add 0 count
timing block.mlp_and_residuals 8.266235 ms
timing fwd.refuse_call 0.087134 ms
timing launches.fwd.refuse_call 2 count
timing syncs.fwd.refuse_call 2 count
timing fwd.norm1 0.345701 ms
timing launches.fwd.norm1 1 count
timing syncs.fwd.norm1 0 count
timing block.norm1 0.440654 ms
timing fwd.q_proj 1.007726 ms
timing launches.fwd.q_proj 2 count
timing syncs.fwd.q_proj 1 count
timing gemm.proj_fwd 1.007726 ms
timing launches.gemm.proj_fwd 2 count
timing syncs.gemm.proj_fwd 1 count
timing fwd.k_proj 0.954891 ms
timing launches.fwd.k_proj 2 count
timing syncs.fwd.k_proj 1 count
timing gemm.proj_fwd 0.954891 ms
timing launches.gemm.proj_fwd 2 count
timing syncs.gemm.proj_fwd 1 count
timing fwd.v_proj 0.97866 ms
timing launches.fwd.v_proj 2 count
timing syncs.fwd.v_proj 1 count
timing gemm.proj_fwd 0.97866 ms
timing launches.gemm.proj_fwd 2 count
timing syncs.gemm.proj_fwd 1 count
timing attn.qkv_proj 2.960998 ms
timing attn.rope_and_cache 0.15388 ms
timing attn.fwd_regime_scan 0.206168 ms
timing attn.fwd_r2_keep_kernel 6.146221 ms
timing attn.fwd_corner_flag 0.047033 ms
timing attn.core 6.415399 ms
timing fwd.o_proj 0.962417 ms
timing launches.fwd.o_proj 2 count
timing syncs.fwd.o_proj 1 count
timing gemm.proj_fwd 0.962417 ms
timing launches.gemm.proj_fwd 2 count
timing syncs.gemm.proj_fwd 1 count
timing attn.o_proj 0.971679 ms
timing block.attention_total 10.504907 ms
timing fwd.residual1_add 0.037244 ms
timing launches.fwd.residual1_add 1 count
timing syncs.fwd.residual1_add 0 count
timing fwd.norm2 0.312334 ms
timing launches.fwd.norm2 1 count
timing syncs.fwd.norm2 0 count
timing fwd.gate_proj 2.465508 ms
timing launches.fwd.gate_proj 2 count
timing syncs.fwd.gate_proj 1 count
timing gemm.gateup_fwd 2.465508 ms
timing launches.gemm.gateup_fwd 2 count
timing syncs.gemm.gateup_fwd 1 count
timing fwd.up_proj 2.610225 ms
timing launches.fwd.up_proj 2 count
timing syncs.fwd.up_proj 1 count
timing gemm.gateup_fwd 2.610225 ms
timing launches.gemm.gateup_fwd 2 count
timing syncs.gemm.gateup_fwd 1 count
timing fwd.silu 0.086513 ms
timing launches.fwd.silu 1 count
timing syncs.fwd.silu 0 count
timing fwd.gate_mul 0.084927 ms
timing launches.fwd.gate_mul 1 count
timing syncs.fwd.gate_mul 0 count
timing fwd.down_proj 2.560274 ms
timing launches.fwd.down_proj 2 count
timing syncs.fwd.down_proj 1 count
timing gemm.down_fwd 2.560274 ms
timing launches.gemm.down_fwd 2 count
timing syncs.gemm.down_fwd 1 count
timing fwd.residual2_add 0.041634 ms
timing launches.fwd.residual2_add 1 count
timing syncs.fwd.residual2_add 0 count
timing block.mlp_and_residuals 8.237384 ms
timing fwd.refuse_call 0.086651 ms
timing launches.fwd.refuse_call 2 count
timing syncs.fwd.refuse_call 2 count
timing fwd.norm1 0.358695 ms
timing launches.fwd.norm1 1 count
timing syncs.fwd.norm1 0 count
timing block.norm1 0.453872 ms
timing fwd.q_proj 1.008959 ms
timing launches.fwd.q_proj 2 count
timing syncs.fwd.q_proj 1 count
timing gemm.proj_fwd 1.008959 ms
timing launches.gemm.proj_fwd 2 count
timing syncs.gemm.proj_fwd 1 count
timing fwd.k_proj 0.952042 ms
timing launches.fwd.k_proj 2 count
timing syncs.fwd.k_proj 1 count
timing gemm.proj_fwd 0.952042 ms
timing launches.gemm.proj_fwd 2 count
timing syncs.gemm.proj_fwd 1 count
timing fwd.v_proj 0.970814 ms
timing launches.fwd.v_proj 2 count
timing syncs.fwd.v_proj 1 count
timing gemm.proj_fwd 0.970814 ms
timing launches.gemm.proj_fwd 2 count
timing syncs.gemm.proj_fwd 1 count
timing attn.qkv_proj 2.951851 ms
timing attn.rope_and_cache 0.155634 ms
timing attn.fwd_regime_scan 0.206431 ms
timing attn.fwd_r2_keep_kernel 5.992167 ms
timing attn.fwd_corner_flag 0.047425 ms
timing attn.core 6.259389 ms
timing fwd.o_proj 0.958195 ms
timing launches.fwd.o_proj 2 count
timing syncs.fwd.o_proj 1 count
timing gemm.proj_fwd 0.958195 ms
timing launches.gemm.proj_fwd 2 count
timing syncs.gemm.proj_fwd 1 count
timing attn.o_proj 0.967101 ms
timing block.attention_total 10.336863 ms
timing fwd.residual1_add 0.037316 ms
timing launches.fwd.residual1_add 1 count
timing syncs.fwd.residual1_add 0 count
timing fwd.norm2 0.31626 ms
timing launches.fwd.norm2 1 count
timing syncs.fwd.norm2 0 count
timing fwd.gate_proj 2.47811 ms
timing launches.fwd.gate_proj 2 count
timing syncs.fwd.gate_proj 1 count
timing gemm.gateup_fwd 2.47811 ms
timing launches.gemm.gateup_fwd 2 count
timing syncs.gemm.gateup_fwd 1 count
timing fwd.up_proj 2.608555 ms
timing launches.fwd.up_proj 2 count
timing syncs.fwd.up_proj 1 count
timing gemm.gateup_fwd 2.608555 ms
timing launches.gemm.gateup_fwd 2 count
timing syncs.gemm.gateup_fwd 1 count
timing fwd.silu 0.086688 ms
timing launches.fwd.silu 1 count
timing syncs.fwd.silu 0 count
timing fwd.gate_mul 0.085566 ms
timing launches.fwd.gate_mul 1 count
timing syncs.fwd.gate_mul 0 count
timing fwd.down_proj 2.556581 ms
timing launches.fwd.down_proj 2 count
timing syncs.fwd.down_proj 1 count
timing gemm.down_fwd 2.556581 ms
timing launches.gemm.down_fwd 2 count
timing syncs.gemm.down_fwd 1 count
timing fwd.residual2_add 0.041466 ms
timing launches.fwd.residual2_add 1 count
timing syncs.fwd.residual2_add 0 count
timing block.mlp_and_residuals 8.251546 ms
timing envelope.blocks_forward 228.886089 ms
timing gemm.head_fwd 56.500319 ms
timing launches.gemm.head_fwd 1 count
timing syncs.gemm.head_fwd 0 count
timing step.head_forward 56.520717 ms
timing step.ce_refuse_scan 1.503305 ms
timing step.ce_refuse_scan_bytes 1646821376 bytes
timing step.ce_refuse_scan_download_bytes 32768 bytes
timing step.ce_forward 12.240357 ms
timing step.loss_download 0.039401 ms
timing step.loss_download_bytes 4 bytes
timing step.ce_backward 3.059471 ms
timing gemm.head_dA 57.988205 ms
timing launches.gemm.head_dA 2 count
timing syncs.gemm.head_dA 1 count
timing step.head_backward_da 57.998853 ms
timing gemm.head_dB 54.484859 ms
timing launches.gemm.head_dB 0 count
timing syncs.gemm.head_dB 0 count
timing step.head_backward_db 54.490057 ms
timing grad.refuse_scan 0.06437 ms
timing launches.grad.refuse_scan 1 count
timing syncs.grad.refuse_scan 1 count
timing grad.residual2_copy 0.038762 ms
timing launches.grad.residual2_copy 1 count
timing syncs.grad.residual2_copy 0 count
timing grad.down_dA 2.505272 ms
timing launches.grad.down_dA 2 count
timing syncs.grad.down_dA 1 count
timing gemm.down_dA 2.505272 ms
timing launches.gemm.down_dA 2 count
timing syncs.gemm.down_dA 1 count
timing grad.down_dB 2.576986 ms
timing launches.grad.down_dB 2 count
timing syncs.grad.down_dB 1 count
timing gemm.down_dB 2.576986 ms
timing launches.gemm.down_dB 2 count
timing syncs.gemm.down_dB 1 count
timing grad.gate_mul 0.16219 ms
timing launches.grad.gate_mul 1 count
timing syncs.grad.gate_mul 0 count
timing grad.silu 0.001375 ms
timing launches.grad.silu 0 count
timing syncs.grad.silu 0 count
timing grad.gate_dB 2.659767 ms
timing launches.grad.gate_dB 2 count
timing syncs.grad.gate_dB 1 count
timing gemm.gateup_dB 2.659767 ms
timing launches.gemm.gateup_dB 2 count
timing syncs.gemm.gateup_dB 1 count
timing grad.up_dB 2.580913 ms
timing launches.grad.up_dB 2 count
timing syncs.grad.up_dB 1 count
timing gemm.gateup_dB 2.580913 ms
timing launches.gemm.gateup_dB 2 count
timing syncs.gemm.gateup_dB 1 count
timing grad.gate_dA 2.637846 ms
timing launches.grad.gate_dA 2 count
timing syncs.grad.gate_dA 1 count
timing gemm.gateup_dA 2.637846 ms
timing launches.gemm.gateup_dA 2 count
timing syncs.gemm.gateup_dA 1 count
timing grad.up_dA 2.594396 ms
timing launches.grad.up_dA 2 count
timing syncs.grad.up_dA 1 count
timing gemm.gateup_dA 2.594396 ms
timing launches.gemm.gateup_dA 2 count
timing syncs.gemm.gateup_dA 1 count
timing grad.gateup_fanin 0.041389 ms
timing launches.grad.gateup_fanin 1 count
timing syncs.grad.gateup_fanin 0 count
timing grad.norm2_kernels 0.218783 ms
timing launches.grad.norm2_kernels 3 count
timing syncs.grad.norm2_kernels 0 count
timing grad.norm2_dW 0.065812 ms
timing launches.grad.norm2_dW 2 count
timing syncs.grad.norm2_dW 1 count
timing gemm.norm_dW 0.065812 ms
timing launches.gemm.norm_dW 2 count
timing syncs.gemm.norm_dW 1 count
timing grad.residual1_add 0.000838 ms
timing launches.grad.residual1_add 0 count
timing syncs.grad.residual1_add 0 count
timing grad.o_copy 0.000887 ms
timing launches.grad.o_copy 0 count
timing syncs.grad.o_copy 0 count
timing grad.o_dA 0.990524 ms
timing launches.grad.o_dA 2 count
timing syncs.grad.o_dA 1 count
timing gemm.proj_dA 0.990524 ms
timing launches.gemm.proj_dA 2 count
timing syncs.gemm.proj_dA 1 count
timing grad.o_dB 0.999312 ms
timing launches.grad.o_dB 2 count
timing syncs.grad.o_dB 1 count
timing gemm.proj_dB 0.999312 ms
timing launches.gemm.proj_dB 2 count
timing syncs.gemm.proj_dB 1 count
timing bwd.mlp_through_oproj 18.232424 ms
timing launches.bwd.mlp_through_oproj 25 count
timing syncs.bwd.mlp_through_oproj 10 count
timing bwd.before_attention 0.000696 ms
timing attn.bwd_regime_scan 0.297773 ms
timing attn.bwd_scratch_alloc 0.021129 ms
timing attn.bwd_zdot_estash_dres_pf 2.885355 ms
timing attn.bwd_dq_tiled_pf 5.376875 ms
timing attn.bwd_kvgrid_dkdv_pf 5.788488 ms
timing attn.bwd_corner_flag 0.062089 ms
timing bwd.attention 14.446774 ms
timing grad.kv_slice 0.05609 ms
timing launches.grad.kv_slice 1 count
timing syncs.grad.kv_slice 0 count
timing grad.rope 0.094137 ms
timing launches.grad.rope 2 count
timing syncs.grad.rope 0 count
timing grad.q_dB 0.973014 ms
timing launches.grad.q_dB 2 count
timing syncs.grad.q_dB 1 count
timing gemm.proj_dB 0.973014 ms
timing launches.gemm.proj_dB 2 count
timing syncs.gemm.proj_dB 1 count
timing grad.k_dB 0.969028 ms
timing launches.grad.k_dB 2 count
timing syncs.grad.k_dB 1 count
timing gemm.proj_dB 0.969028 ms
timing launches.gemm.proj_dB 2 count
timing syncs.gemm.proj_dB 1 count
timing grad.v_dB 1.023255 ms
timing launches.grad.v_dB 2 count
timing syncs.grad.v_dB 1 count
timing gemm.proj_dB 1.023255 ms
timing launches.gemm.proj_dB 2 count
timing syncs.gemm.proj_dB 1 count
timing grad.q_dA 1.050765 ms
timing launches.grad.q_dA 2 count
timing syncs.grad.q_dA 1 count
timing gemm.proj_dA 1.050765 ms
timing launches.gemm.proj_dA 2 count
timing syncs.gemm.proj_dA 1 count
timing grad.k_dA 1.033754 ms
timing launches.grad.k_dA 2 count
timing syncs.grad.k_dA 1 count
timing gemm.proj_dA 1.033754 ms
timing launches.gemm.proj_dA 2 count
timing syncs.gemm.proj_dA 1 count
timing grad.v_dA 1.016994 ms
timing launches.grad.v_dA 2 count
timing syncs.grad.v_dA 1 count
timing gemm.proj_dA 1.016994 ms
timing launches.gemm.proj_dA 2 count
timing syncs.gemm.proj_dA 1 count
timing grad.qkv_fanin 0.042316 ms
timing launches.grad.qkv_fanin 1 count
timing syncs.grad.qkv_fanin 0 count
timing grad.norm1_kernels 0.205807 ms
timing launches.grad.norm1_kernels 3 count
timing syncs.grad.norm1_kernels 0 count
timing grad.norm1_dW 0.063249 ms
timing launches.grad.norm1_dW 2 count
timing syncs.grad.norm1_dW 1 count
timing gemm.norm_dW 0.063249 ms
timing launches.gemm.norm_dW 2 count
timing syncs.gemm.norm_dW 1 count
timing grad.x_add 0.042031 ms
timing launches.grad.x_add 1 count
timing syncs.grad.x_add 0 count
timing bwd.after_attention 6.636877 ms
timing grad.refuse_scan 0.056833 ms
timing launches.grad.refuse_scan 1 count
timing syncs.grad.refuse_scan 1 count
timing grad.residual2_copy 0.039779 ms
timing launches.grad.residual2_copy 1 count
timing syncs.grad.residual2_copy 0 count
timing grad.down_dA 2.608095 ms
timing launches.grad.down_dA 2 count
timing syncs.grad.down_dA 1 count
timing gemm.down_dA 2.608095 ms
timing launches.gemm.down_dA 2 count
timing syncs.gemm.down_dA 1 count
timing grad.down_dB 2.57701 ms
timing launches.grad.down_dB 2 count
timing syncs.grad.down_dB 1 count
timing gemm.down_dB 2.57701 ms
timing launches.gemm.down_dB 2 count
timing syncs.gemm.down_dB 1 count
timing grad.gate_mul 0.159009 ms
timing launches.grad.gate_mul 1 count
timing syncs.grad.gate_mul 0 count
timing grad.silu 0.001164 ms
timing launches.grad.silu 0 count
timing syncs.grad.silu 0 count
timing grad.gate_dB 2.643017 ms
timing launches.grad.gate_dB 2 count
timing syncs.grad.gate_dB 1 count
timing gemm.gateup_dB 2.643017 ms
timing launches.gemm.gateup_dB 2 count
timing syncs.gemm.gateup_dB 1 count
timing grad.up_dB 2.615549 ms
timing launches.grad.up_dB 2 count
timing syncs.grad.up_dB 1 count
timing gemm.gateup_dB 2.615549 ms
timing launches.gemm.gateup_dB 2 count
timing syncs.gemm.gateup_dB 1 count
timing grad.gate_dA 2.573876 ms
timing launches.grad.gate_dA 2 count
timing syncs.grad.gate_dA 1 count
timing gemm.gateup_dA 2.573876 ms
timing launches.gemm.gateup_dA 2 count
timing syncs.gemm.gateup_dA 1 count
timing grad.up_dA 2.621868 ms
timing launches.grad.up_dA 2 count
timing syncs.grad.up_dA 1 count
timing gemm.gateup_dA 2.621868 ms
timing launches.gemm.gateup_dA 2 count
timing syncs.gemm.gateup_dA 1 count
timing grad.gateup_fanin 0.03943 ms
timing launches.grad.gateup_fanin 1 count
timing syncs.grad.gateup_fanin 0 count
timing grad.norm2_kernels 0.216252 ms
timing launches.grad.norm2_kernels 3 count
timing syncs.grad.norm2_kernels 0 count
timing grad.norm2_dW 0.062839 ms
timing launches.grad.norm2_dW 2 count
timing syncs.grad.norm2_dW 1 count
timing gemm.norm_dW 0.062839 ms
timing launches.gemm.norm_dW 2 count
timing syncs.gemm.norm_dW 1 count
timing grad.residual1_add 0.000802 ms
timing launches.grad.residual1_add 0 count
timing syncs.grad.residual1_add 0 count
timing grad.o_copy 0.000896 ms
timing launches.grad.o_copy 0 count
timing syncs.grad.o_copy 0 count
timing grad.o_dA 0.997788 ms
timing launches.grad.o_dA 2 count
timing syncs.grad.o_dA 1 count
timing gemm.proj_dA 0.997788 ms
timing launches.gemm.proj_dA 2 count
timing syncs.gemm.proj_dA 1 count
timing grad.o_dB 0.974153 ms
timing launches.grad.o_dB 2 count
timing syncs.grad.o_dB 1 count
timing gemm.proj_dB 0.974153 ms
timing launches.gemm.proj_dB 2 count
timing syncs.gemm.proj_dB 1 count
timing bwd.mlp_through_oproj 18.274021 ms
timing launches.bwd.mlp_through_oproj 25 count
timing syncs.bwd.mlp_through_oproj 10 count
timing bwd.before_attention 0.00075 ms
timing attn.bwd_regime_scan 0.3018 ms
timing attn.bwd_scratch_alloc 0.01808 ms
timing attn.bwd_zdot_estash_dres_pf 2.888479 ms
timing attn.bwd_dq_tiled_pf 5.366345 ms
timing attn.bwd_kvgrid_dkdv_pf 5.563306 ms
timing attn.bwd_corner_flag 0.059881 ms
timing bwd.attention 14.211437 ms
timing grad.kv_slice 0.054044 ms
timing launches.grad.kv_slice 1 count
timing syncs.grad.kv_slice 0 count
timing grad.rope 0.091956 ms
timing launches.grad.rope 2 count
timing syncs.grad.rope 0 count
timing grad.q_dB 0.974367 ms
timing launches.grad.q_dB 2 count
timing syncs.grad.q_dB 1 count
timing gemm.proj_dB 0.974367 ms
timing launches.gemm.proj_dB 2 count
timing syncs.gemm.proj_dB 1 count
timing grad.k_dB 0.980399 ms
timing launches.grad.k_dB 2 count
timing syncs.grad.k_dB 1 count
timing gemm.proj_dB 0.980399 ms
timing launches.gemm.proj_dB 2 count
timing syncs.gemm.proj_dB 1 count
timing grad.v_dB 1.037813 ms
timing launches.grad.v_dB 2 count
timing syncs.grad.v_dB 1 count
timing gemm.proj_dB 1.037813 ms
timing launches.gemm.proj_dB 2 count
timing syncs.gemm.proj_dB 1 count
timing grad.q_dA 1.043577 ms
timing launches.grad.q_dA 2 count
timing syncs.grad.q_dA 1 count
timing gemm.proj_dA 1.043577 ms
timing launches.gemm.proj_dA 2 count
timing syncs.gemm.proj_dA 1 count
timing grad.k_dA 1.030383 ms
timing launches.grad.k_dA 2 count
timing syncs.grad.k_dA 1 count
timing gemm.proj_dA 1.030383 ms
timing launches.gemm.proj_dA 2 count
timing syncs.gemm.proj_dA 1 count
timing grad.v_dA 1.018165 ms
timing launches.grad.v_dA 2 count
timing syncs.grad.v_dA 1 count
timing gemm.proj_dA 1.018165 ms
timing launches.gemm.proj_dA 2 count
timing syncs.gemm.proj_dA 1 count
timing grad.qkv_fanin 0.041665 ms
timing launches.grad.qkv_fanin 1 count
timing syncs.grad.qkv_fanin 0 count
timing grad.norm1_kernels 0.204374 ms
timing launches.grad.norm1_kernels 3 count
timing syncs.grad.norm1_kernels 0 count
timing grad.norm1_dW 0.067813 ms
timing launches.grad.norm1_dW 2 count
timing syncs.grad.norm1_dW 1 count
timing gemm.norm_dW 0.067813 ms
timing launches.gemm.norm_dW 2 count
timing syncs.gemm.norm_dW 1 count
timing grad.x_add 0.040469 ms
timing launches.grad.x_add 1 count
timing syncs.grad.x_add 0 count
timing bwd.after_attention 6.648077 ms
timing grad.refuse_scan 0.056267 ms
timing launches.grad.refuse_scan 1 count
timing syncs.grad.refuse_scan 1 count
timing grad.residual2_copy 0.039356 ms
timing launches.grad.residual2_copy 1 count
timing syncs.grad.residual2_copy 0 count
timing grad.down_dA 2.568582 ms
timing launches.grad.down_dA 2 count
timing syncs.grad.down_dA 1 count
timing gemm.down_dA 2.568582 ms
timing launches.gemm.down_dA 2 count
timing syncs.gemm.down_dA 1 count
timing grad.down_dB 2.606587 ms
timing launches.grad.down_dB 2 count
timing syncs.grad.down_dB 1 count
timing gemm.down_dB 2.606587 ms
timing launches.gemm.down_dB 2 count
timing syncs.gemm.down_dB 1 count
timing grad.gate_mul 0.158983 ms
timing launches.grad.gate_mul 1 count
timing syncs.grad.gate_mul 0 count
timing grad.silu 0.001152 ms
timing launches.grad.silu 0 count
timing syncs.grad.silu 0 count
timing grad.gate_dB 2.636306 ms
timing launches.grad.gate_dB 2 count
timing syncs.grad.gate_dB 1 count
timing gemm.gateup_dB 2.636306 ms
timing launches.gemm.gateup_dB 2 count
timing syncs.gemm.gateup_dB 1 count
timing grad.up_dB 2.611299 ms
timing launches.grad.up_dB 2 count
timing syncs.grad.up_dB 1 count
timing gemm.gateup_dB 2.611299 ms
timing launches.gemm.gateup_dB 2 count
timing syncs.gemm.gateup_dB 1 count
timing grad.gate_dA 2.574682 ms
timing launches.grad.gate_dA 2 count
timing syncs.grad.gate_dA 1 count
timing gemm.gateup_dA 2.574682 ms
timing launches.gemm.gateup_dA 2 count
timing syncs.gemm.gateup_dA 1 count
timing grad.up_dA 2.589958 ms
timing launches.grad.up_dA 2 count
timing syncs.grad.up_dA 1 count
timing gemm.gateup_dA 2.589958 ms
timing launches.gemm.gateup_dA 2 count
timing syncs.gemm.gateup_dA 1 count
timing grad.gateup_fanin 0.041251 ms
timing launches.grad.gateup_fanin 1 count
timing syncs.grad.gateup_fanin 0 count
timing grad.norm2_kernels 0.216958 ms
timing launches.grad.norm2_kernels 3 count
timing syncs.grad.norm2_kernels 0 count
timing grad.norm2_dW 0.061413 ms
timing launches.grad.norm2_dW 2 count
timing syncs.grad.norm2_dW 1 count
timing gemm.norm_dW 0.061413 ms
timing launches.gemm.norm_dW 2 count
timing syncs.gemm.norm_dW 1 count
timing grad.residual1_add 0.00082 ms
timing launches.grad.residual1_add 0 count
timing syncs.grad.residual1_add 0 count
timing grad.o_copy 0.000843 ms
timing launches.grad.o_copy 0 count
timing syncs.grad.o_copy 0 count
timing grad.o_dA 1.020865 ms
timing launches.grad.o_dA 2 count
timing syncs.grad.o_dA 1 count
timing gemm.proj_dA 1.020865 ms
timing launches.gemm.proj_dA 2 count
timing syncs.gemm.proj_dA 1 count
timing grad.o_dB 1.005248 ms
timing launches.grad.o_dB 2 count
timing syncs.grad.o_dB 1 count
timing gemm.proj_dB 1.005248 ms
timing launches.gemm.proj_dB 2 count
timing syncs.gemm.proj_dB 1 count
timing bwd.mlp_through_oproj 18.274028 ms
timing launches.bwd.mlp_through_oproj 25 count
timing syncs.bwd.mlp_through_oproj 10 count
timing bwd.before_attention 0.000704 ms
timing attn.bwd_regime_scan 0.297759 ms
timing attn.bwd_scratch_alloc 0.01809 ms
timing attn.bwd_zdot_estash_dres_pf 2.84208 ms
timing attn.bwd_dq_tiled_pf 5.3934 ms
timing attn.bwd_kvgrid_dkdv_pf 5.877462 ms
timing attn.bwd_corner_flag 0.065805 ms
timing bwd.attention 14.508473 ms
timing grad.kv_slice 0.053818 ms
timing launches.grad.kv_slice 1 count
timing syncs.grad.kv_slice 0 count
timing grad.rope 0.092257 ms
timing launches.grad.rope 2 count
timing syncs.grad.rope 0 count
timing grad.q_dB 0.974529 ms
timing launches.grad.q_dB 2 count
timing syncs.grad.q_dB 1 count
timing gemm.proj_dB 0.974529 ms
timing launches.gemm.proj_dB 2 count
timing syncs.gemm.proj_dB 1 count
timing grad.k_dB 1.002081 ms
timing launches.grad.k_dB 2 count
timing syncs.grad.k_dB 1 count
timing gemm.proj_dB 1.002081 ms
timing launches.gemm.proj_dB 2 count
timing syncs.gemm.proj_dB 1 count
timing grad.v_dB 1.039811 ms
timing launches.grad.v_dB 2 count
timing syncs.grad.v_dB 1 count
timing gemm.proj_dB 1.039811 ms
timing launches.gemm.proj_dB 2 count
timing syncs.gemm.proj_dB 1 count
timing grad.q_dA 1.04636 ms
timing launches.grad.q_dA 2 count
timing syncs.grad.q_dA 1 count
timing gemm.proj_dA 1.04636 ms
timing launches.gemm.proj_dA 2 count
timing syncs.gemm.proj_dA 1 count
timing grad.k_dA 1.067858 ms
timing launches.grad.k_dA 2 count
timing syncs.grad.k_dA 1 count
timing gemm.proj_dA 1.067858 ms
timing launches.gemm.proj_dA 2 count
timing syncs.gemm.proj_dA 1 count
timing grad.v_dA 1.030425 ms
timing launches.grad.v_dA 2 count
timing syncs.grad.v_dA 1 count
timing gemm.proj_dA 1.030425 ms
timing launches.gemm.proj_dA 2 count
timing syncs.gemm.proj_dA 1 count
timing grad.qkv_fanin 0.043384 ms
timing launches.grad.qkv_fanin 1 count
timing syncs.grad.qkv_fanin 0 count
timing grad.norm1_kernels 0.203895 ms
timing launches.grad.norm1_kernels 3 count
timing syncs.grad.norm1_kernels 0 count
timing grad.norm1_dW 0.066961 ms
timing launches.grad.norm1_dW 2 count
timing syncs.grad.norm1_dW 1 count
timing gemm.norm_dW 0.066961 ms
timing launches.gemm.norm_dW 2 count
timing syncs.gemm.norm_dW 1 count
timing grad.x_add 0.039872 ms
timing launches.grad.x_add 1 count
timing syncs.grad.x_add 0 count
timing bwd.after_attention 6.728289 ms
timing grad.refuse_scan 0.056937 ms
timing launches.grad.refuse_scan 1 count
timing syncs.grad.refuse_scan 1 count
timing grad.residual2_copy 0.039851 ms
timing launches.grad.residual2_copy 1 count
timing syncs.grad.residual2_copy 0 count
timing grad.down_dA 2.557161 ms
timing launches.grad.down_dA 2 count
timing syncs.grad.down_dA 1 count
timing gemm.down_dA 2.557161 ms
timing launches.gemm.down_dA 2 count
timing syncs.gemm.down_dA 1 count
timing grad.down_dB 2.631958 ms
timing launches.grad.down_dB 2 count
timing syncs.grad.down_dB 1 count
timing gemm.down_dB 2.631958 ms
timing launches.gemm.down_dB 2 count
timing syncs.gemm.down_dB 1 count
timing grad.gate_mul 0.160191 ms
timing launches.grad.gate_mul 1 count
timing syncs.grad.gate_mul 0 count
timing grad.silu 0.001353 ms
timing launches.grad.silu 0 count
timing syncs.grad.silu 0 count
timing grad.gate_dB 2.649922 ms
timing launches.grad.gate_dB 2 count
timing syncs.grad.gate_dB 1 count
timing gemm.gateup_dB 2.649922 ms
timing launches.gemm.gateup_dB 2 count
timing syncs.gemm.gateup_dB 1 count
timing grad.up_dB 2.641903 ms
timing launches.grad.up_dB 2 count
timing syncs.grad.up_dB 1 count
timing gemm.gateup_dB 2.641903 ms
timing launches.gemm.gateup_dB 2 count
timing syncs.gemm.gateup_dB 1 count
timing grad.gate_dA 2.561072 ms
timing launches.grad.gate_dA 2 count
timing syncs.grad.gate_dA 1 count
timing gemm.gateup_dA 2.561072 ms
timing launches.gemm.gateup_dA 2 count
timing syncs.gemm.gateup_dA 1 count
timing grad.up_dA 2.588059 ms
timing launches.grad.up_dA 2 count
timing syncs.grad.up_dA 1 count
timing gemm.gateup_dA 2.588059 ms
timing launches.gemm.gateup_dA 2 count
timing syncs.gemm.gateup_dA 1 count
timing grad.gateup_fanin 0.040486 ms
timing launches.grad.gateup_fanin 1 count
timing syncs.grad.gateup_fanin 0 count
timing grad.norm2_kernels 0.218168 ms
timing launches.grad.norm2_kernels 3 count
timing syncs.grad.norm2_kernels 0 count
timing grad.norm2_dW 0.063563 ms
timing launches.grad.norm2_dW 2 count
timing syncs.grad.norm2_dW 1 count
timing gemm.norm_dW 0.063563 ms
timing launches.gemm.norm_dW 2 count
timing syncs.gemm.norm_dW 1 count
timing grad.residual1_add 0.000822 ms
timing launches.grad.residual1_add 0 count
timing syncs.grad.residual1_add 0 count
timing grad.o_copy 0.000845 ms
timing launches.grad.o_copy 0 count
timing syncs.grad.o_copy 0 count
timing grad.o_dA 1.008124 ms
timing launches.grad.o_dA 2 count
timing syncs.grad.o_dA 1 count
timing gemm.proj_dA 1.008124 ms
timing launches.gemm.proj_dA 2 count
timing syncs.gemm.proj_dA 1 count
timing grad.o_dB 0.981807 ms
timing launches.grad.o_dB 2 count
timing syncs.grad.o_dB 1 count
timing gemm.proj_dB 0.981807 ms
timing launches.gemm.proj_dB 2 count
timing syncs.gemm.proj_dB 1 count
timing bwd.mlp_through_oproj 18.287474 ms
timing launches.bwd.mlp_through_oproj 25 count
timing syncs.bwd.mlp_through_oproj 10 count
timing bwd.before_attention 0.000678 ms
timing attn.bwd_regime_scan 0.296187 ms
timing attn.bwd_scratch_alloc 0.020571 ms
timing attn.bwd_zdot_estash_dres_pf 2.755843 ms
timing attn.bwd_dq_tiled_pf 5.647623 ms
timing attn.bwd_kvgrid_dkdv_pf 5.286367 ms
timing attn.bwd_corner_flag 0.062857 ms
timing bwd.attention 14.083083 ms
timing grad.kv_slice 0.052678 ms
timing launches.grad.kv_slice 1 count
timing syncs.grad.kv_slice 0 count
timing grad.rope 0.0873 ms
timing launches.grad.rope 2 count
timing syncs.grad.rope 0 count
timing grad.q_dB 0.987663 ms
timing launches.grad.q_dB 2 count
timing syncs.grad.q_dB 1 count
timing gemm.proj_dB 0.987663 ms
timing launches.gemm.proj_dB 2 count
timing syncs.gemm.proj_dB 1 count
timing grad.k_dB 0.988276 ms
timing launches.grad.k_dB 2 count
timing syncs.grad.k_dB 1 count
timing gemm.proj_dB 0.988276 ms
timing launches.gemm.proj_dB 2 count
timing syncs.gemm.proj_dB 1 count
timing grad.v_dB 1.036076 ms
timing launches.grad.v_dB 2 count
timing syncs.grad.v_dB 1 count
timing gemm.proj_dB 1.036076 ms
timing launches.gemm.proj_dB 2 count
timing syncs.gemm.proj_dB 1 count
timing grad.q_dA 1.052675 ms
timing launches.grad.q_dA 2 count
timing syncs.grad.q_dA 1 count
timing gemm.proj_dA 1.052675 ms
timing launches.gemm.proj_dA 2 count
timing syncs.gemm.proj_dA 1 count
timing grad.k_dA 1.033304 ms
timing launches.grad.k_dA 2 count
timing syncs.grad.k_dA 1 count
timing gemm.proj_dA 1.033304 ms
timing launches.gemm.proj_dA 2 count
timing syncs.gemm.proj_dA 1 count
timing grad.v_dA 1.010576 ms
timing launches.grad.v_dA 2 count
timing syncs.grad.v_dA 1 count
timing gemm.proj_dA 1.010576 ms
timing launches.gemm.proj_dA 2 count
timing syncs.gemm.proj_dA 1 count
timing grad.qkv_fanin 0.041569 ms
timing launches.grad.qkv_fanin 1 count
timing syncs.grad.qkv_fanin 0 count
timing grad.norm1_kernels 0.202673 ms
timing launches.grad.norm1_kernels 3 count
timing syncs.grad.norm1_kernels 0 count
timing grad.norm1_dW 0.061258 ms
timing launches.grad.norm1_dW 2 count
timing syncs.grad.norm1_dW 1 count
timing gemm.norm_dW 0.061258 ms
timing launches.gemm.norm_dW 2 count
timing syncs.gemm.norm_dW 1 count
timing grad.x_add 0.039022 ms
timing launches.grad.x_add 1 count
timing syncs.grad.x_add 0 count
timing bwd.after_attention 6.657735 ms
timing grad.refuse_scan 0.056105 ms
timing launches.grad.refuse_scan 1 count
timing syncs.grad.refuse_scan 1 count
timing grad.residual2_copy 0.038849 ms
timing launches.grad.residual2_copy 1 count
timing syncs.grad.residual2_copy 0 count
timing grad.down_dA 2.557735 ms
timing launches.grad.down_dA 2 count
timing syncs.grad.down_dA 1 count
timing gemm.down_dA 2.557735 ms
timing launches.gemm.down_dA 2 count
timing syncs.gemm.down_dA 1 count
timing grad.down_dB 2.597916 ms
timing launches.grad.down_dB 2 count
timing syncs.grad.down_dB 1 count
timing gemm.down_dB 2.597916 ms
timing launches.gemm.down_dB 2 count
timing syncs.gemm.down_dB 1 count
timing grad.gate_mul 0.159158 ms
timing launches.grad.gate_mul 1 count
timing syncs.grad.gate_mul 0 count
timing grad.silu 0.00143 ms
timing launches.grad.silu 0 count
timing syncs.grad.silu 0 count
timing grad.gate_dB 2.620541 ms
timing launches.grad.gate_dB 2 count
timing syncs.grad.gate_dB 1 count
timing gemm.gateup_dB 2.620541 ms
timing launches.gemm.gateup_dB 2 count
timing syncs.gemm.gateup_dB 1 count
timing grad.up_dB 2.560063 ms
timing launches.grad.up_dB 2 count
timing syncs.grad.up_dB 1 count
timing gemm.gateup_dB 2.560063 ms
timing launches.gemm.gateup_dB 2 count
timing syncs.gemm.gateup_dB 1 count
timing grad.gate_dA 2.588882 ms
timing launches.grad.gate_dA 2 count
timing syncs.grad.gate_dA 1 count
timing gemm.gateup_dA 2.588882 ms
timing launches.gemm.gateup_dA 2 count
timing syncs.gemm.gateup_dA 1 count
timing grad.up_dA 2.562758 ms
timing launches.grad.up_dA 2 count
timing syncs.grad.up_dA 1 count
timing gemm.gateup_dA 2.562758 ms
timing launches.gemm.gateup_dA 2 count
timing syncs.gemm.gateup_dA 1 count
timing grad.gateup_fanin 0.040585 ms
timing launches.grad.gateup_fanin 1 count
timing syncs.grad.gateup_fanin 0 count
timing grad.norm2_kernels 0.219656 ms
timing launches.grad.norm2_kernels 3 count
timing syncs.grad.norm2_kernels 0 count
timing grad.norm2_dW 0.063358 ms
timing launches.grad.norm2_dW 2 count
timing syncs.grad.norm2_dW 1 count
timing gemm.norm_dW 0.063358 ms
timing launches.gemm.norm_dW 2 count
timing syncs.gemm.norm_dW 1 count
timing grad.residual1_add 0.000807 ms
timing launches.grad.residual1_add 0 count
timing syncs.grad.residual1_add 0 count
timing grad.o_copy 0.000851 ms
timing launches.grad.o_copy 0 count
timing syncs.grad.o_copy 0 count
timing grad.o_dA 1.03695 ms
timing launches.grad.o_dA 2 count
timing syncs.grad.o_dA 1 count
timing gemm.proj_dA 1.03695 ms
timing launches.gemm.proj_dA 2 count
timing syncs.gemm.proj_dA 1 count
timing grad.o_dB 0.975159 ms
timing launches.grad.o_dB 2 count
timing syncs.grad.o_dB 1 count
timing gemm.proj_dB 0.975159 ms
timing launches.gemm.proj_dB 2 count
timing syncs.gemm.proj_dB 1 count
timing bwd.mlp_through_oproj 18.163514 ms
timing launches.bwd.mlp_through_oproj 25 count
timing syncs.bwd.mlp_through_oproj 10 count
timing bwd.before_attention 0.000696 ms
timing attn.bwd_regime_scan 0.289704 ms
timing attn.bwd_scratch_alloc 0.019287 ms
timing attn.bwd_zdot_estash_dres_pf 2.863981 ms
timing attn.bwd_dq_tiled_pf 5.453746 ms
timing attn.bwd_kvgrid_dkdv_pf 5.452574 ms
timing attn.bwd_corner_flag 0.061776 ms
timing bwd.attention 14.154695 ms
timing grad.kv_slice 0.05566 ms
timing launches.grad.kv_slice 1 count
timing syncs.grad.kv_slice 0 count
timing grad.rope 0.092898 ms
timing launches.grad.rope 2 count
timing syncs.grad.rope 0 count
timing grad.q_dB 0.968454 ms
timing launches.grad.q_dB 2 count
timing syncs.grad.q_dB 1 count
timing gemm.proj_dB 0.968454 ms
timing launches.gemm.proj_dB 2 count
timing syncs.gemm.proj_dB 1 count
timing grad.k_dB 0.996087 ms
timing launches.grad.k_dB 2 count
timing syncs.grad.k_dB 1 count
timing gemm.proj_dB 0.996087 ms
timing launches.gemm.proj_dB 2 count
timing syncs.gemm.proj_dB 1 count
timing grad.v_dB 1.050802 ms
timing launches.grad.v_dB 2 count
timing syncs.grad.v_dB 1 count
timing gemm.proj_dB 1.050802 ms
timing launches.gemm.proj_dB 2 count
timing syncs.gemm.proj_dB 1 count
timing grad.q_dA 1.050708 ms
timing launches.grad.q_dA 2 count
timing syncs.grad.q_dA 1 count
timing gemm.proj_dA 1.050708 ms
timing launches.gemm.proj_dA 2 count
timing syncs.gemm.proj_dA 1 count
timing grad.k_dA 1.036073 ms
timing launches.grad.k_dA 2 count
timing syncs.grad.k_dA 1 count
timing gemm.proj_dA 1.036073 ms
timing launches.gemm.proj_dA 2 count
timing syncs.gemm.proj_dA 1 count
timing grad.v_dA 1.034767 ms
timing launches.grad.v_dA 2 count
timing syncs.grad.v_dA 1 count
timing gemm.proj_dA 1.034767 ms
timing launches.gemm.proj_dA 2 count
timing syncs.gemm.proj_dA 1 count
timing grad.qkv_fanin 0.041705 ms
timing launches.grad.qkv_fanin 1 count
timing syncs.grad.qkv_fanin 0 count
timing grad.norm1_kernels 0.205616 ms
timing launches.grad.norm1_kernels 3 count
timing syncs.grad.norm1_kernels 0 count
timing grad.norm1_dW 0.06242 ms
timing launches.grad.norm1_dW 2 count
timing syncs.grad.norm1_dW 1 count
timing gemm.norm_dW 0.06242 ms
timing launches.gemm.norm_dW 2 count
timing syncs.gemm.norm_dW 1 count
timing grad.x_add 0.039921 ms
timing launches.grad.x_add 1 count
timing syncs.grad.x_add 0 count
timing bwd.after_attention 6.697109 ms
timing grad.refuse_scan 0.056511 ms
timing launches.grad.refuse_scan 1 count
timing syncs.grad.refuse_scan 1 count
timing grad.residual2_copy 0.039549 ms
timing launches.grad.residual2_copy 1 count
timing syncs.grad.residual2_copy 0 count
timing grad.down_dA 2.58794 ms
timing launches.grad.down_dA 2 count
timing syncs.grad.down_dA 1 count
timing gemm.down_dA 2.58794 ms
timing launches.gemm.down_dA 2 count
timing syncs.gemm.down_dA 1 count
timing grad.down_dB 2.569879 ms
timing launches.grad.down_dB 2 count
timing syncs.grad.down_dB 1 count
timing gemm.down_dB 2.569879 ms
timing launches.gemm.down_dB 2 count
timing syncs.gemm.down_dB 1 count
timing grad.gate_mul 0.158938 ms
timing launches.grad.gate_mul 1 count
timing syncs.grad.gate_mul 0 count
timing grad.silu 0.001371 ms
timing launches.grad.silu 0 count
timing syncs.grad.silu 0 count
timing grad.gate_dB 2.60951 ms
timing launches.grad.gate_dB 2 count
timing syncs.grad.gate_dB 1 count
timing gemm.gateup_dB 2.60951 ms
timing launches.gemm.gateup_dB 2 count
timing syncs.gemm.gateup_dB 1 count
timing grad.up_dB 2.633054 ms
timing launches.grad.up_dB 2 count
timing syncs.grad.up_dB 1 count
timing gemm.gateup_dB 2.633054 ms
timing launches.gemm.gateup_dB 2 count
timing syncs.gemm.gateup_dB 1 count
timing grad.gate_dA 2.582545 ms
timing launches.grad.gate_dA 2 count
timing syncs.grad.gate_dA 1 count
timing gemm.gateup_dA 2.582545 ms
timing launches.gemm.gateup_dA 2 count
timing syncs.gemm.gateup_dA 1 count
timing grad.up_dA 2.556671 ms
timing launches.grad.up_dA 2 count
timing syncs.grad.up_dA 1 count
timing gemm.gateup_dA 2.556671 ms
timing launches.gemm.gateup_dA 2 count
timing syncs.gemm.gateup_dA 1 count
timing grad.gateup_fanin 0.040547 ms
timing launches.grad.gateup_fanin 1 count
timing syncs.grad.gateup_fanin 0 count
timing grad.norm2_kernels 0.218185 ms
timing launches.grad.norm2_kernels 3 count
timing syncs.grad.norm2_kernels 0 count
timing grad.norm2_dW 0.065212 ms
timing launches.grad.norm2_dW 2 count
timing syncs.grad.norm2_dW 1 count
timing gemm.norm_dW 0.065212 ms
timing launches.gemm.norm_dW 2 count
timing syncs.gemm.norm_dW 1 count
timing grad.residual1_add 0.000801 ms
timing launches.grad.residual1_add 0 count
timing syncs.grad.residual1_add 0 count
timing grad.o_copy 0.000816 ms
timing launches.grad.o_copy 0 count
timing syncs.grad.o_copy 0 count
timing grad.o_dA 1.03407 ms
timing launches.grad.o_dA 2 count
timing syncs.grad.o_dA 1 count
timing gemm.proj_dA 1.03407 ms
timing launches.gemm.proj_dA 2 count
timing syncs.gemm.proj_dA 1 count
timing grad.o_dB 0.987782 ms
timing launches.grad.o_dB 2 count
timing syncs.grad.o_dB 1 count
timing gemm.proj_dB 0.987782 ms
timing launches.gemm.proj_dB 2 count
timing syncs.gemm.proj_dB 1 count
timing bwd.mlp_through_oproj 18.23205 ms
timing launches.bwd.mlp_through_oproj 25 count
timing syncs.bwd.mlp_through_oproj 10 count
timing bwd.before_attention 0.000693 ms
timing attn.bwd_regime_scan 0.29863 ms
timing attn.bwd_scratch_alloc 0.019543 ms
timing attn.bwd_zdot_estash_dres_pf 2.998999 ms
timing attn.bwd_dq_tiled_pf 5.42838 ms
timing attn.bwd_kvgrid_dkdv_pf 5.275402 ms
timing attn.bwd_corner_flag 0.06311 ms
timing bwd.attention 14.097691 ms
timing grad.kv_slice 0.053892 ms
timing launches.grad.kv_slice 1 count
timing syncs.grad.kv_slice 0 count
timing grad.rope 0.091716 ms
timing launches.grad.rope 2 count
timing syncs.grad.rope 0 count
timing grad.q_dB 0.979754 ms
timing launches.grad.q_dB 2 count
timing syncs.grad.q_dB 1 count
timing gemm.proj_dB 0.979754 ms
timing launches.gemm.proj_dB 2 count
timing syncs.gemm.proj_dB 1 count
timing grad.k_dB 0.983944 ms
timing launches.grad.k_dB 2 count
timing syncs.grad.k_dB 1 count
timing gemm.proj_dB 0.983944 ms
timing launches.gemm.proj_dB 2 count
timing syncs.gemm.proj_dB 1 count
timing grad.v_dB 1.030397 ms
timing launches.grad.v_dB 2 count
timing syncs.grad.v_dB 1 count
timing gemm.proj_dB 1.030397 ms
timing launches.gemm.proj_dB 2 count
timing syncs.gemm.proj_dB 1 count
timing grad.q_dA 1.026217 ms
timing launches.grad.q_dA 2 count
timing syncs.grad.q_dA 1 count
timing gemm.proj_dA 1.026217 ms
timing launches.gemm.proj_dA 2 count
timing syncs.gemm.proj_dA 1 count
timing grad.k_dA 1.025714 ms
timing launches.grad.k_dA 2 count
timing syncs.grad.k_dA 1 count
timing gemm.proj_dA 1.025714 ms
timing launches.gemm.proj_dA 2 count
timing syncs.gemm.proj_dA 1 count
timing grad.v_dA 1.025577 ms
timing launches.grad.v_dA 2 count
timing syncs.grad.v_dA 1 count
timing gemm.proj_dA 1.025577 ms
timing launches.gemm.proj_dA 2 count
timing syncs.gemm.proj_dA 1 count
timing grad.qkv_fanin 0.042032 ms
timing launches.grad.qkv_fanin 1 count
timing syncs.grad.qkv_fanin 0 count
timing grad.norm1_kernels 0.204205 ms
timing launches.grad.norm1_kernels 3 count
timing syncs.grad.norm1_kernels 0 count
timing grad.norm1_dW 0.061322 ms
timing launches.grad.norm1_dW 2 count
timing syncs.grad.norm1_dW 1 count
timing gemm.norm_dW 0.061322 ms
timing launches.gemm.norm_dW 2 count
timing syncs.gemm.norm_dW 1 count
timing grad.x_add 0.039599 ms
timing launches.grad.x_add 1 count
timing syncs.grad.x_add 0 count
timing bwd.after_attention 6.626221 ms
timing grad.refuse_scan 0.055963 ms
timing launches.grad.refuse_scan 1 count
timing syncs.grad.refuse_scan 1 count
timing grad.residual2_copy 0.03931 ms
timing launches.grad.residual2_copy 1 count
timing syncs.grad.residual2_copy 0 count
timing grad.down_dA 2.582052 ms
timing launches.grad.down_dA 2 count
timing syncs.grad.down_dA 1 count
timing gemm.down_dA 2.582052 ms
timing launches.gemm.down_dA 2 count
timing syncs.gemm.down_dA 1 count
timing grad.down_dB 2.612224 ms
timing launches.grad.down_dB 2 count
timing syncs.grad.down_dB 1 count
timing gemm.down_dB 2.612224 ms
timing launches.gemm.down_dB 2 count
timing syncs.gemm.down_dB 1 count
timing grad.gate_mul 0.158873 ms
timing launches.grad.gate_mul 1 count
timing syncs.grad.gate_mul 0 count
timing grad.silu 0.001416 ms
timing launches.grad.silu 0 count
timing syncs.grad.silu 0 count
timing grad.gate_dB 2.66099 ms
timing launches.grad.gate_dB 2 count
timing syncs.grad.gate_dB 1 count
timing gemm.gateup_dB 2.66099 ms
timing launches.gemm.gateup_dB 2 count
timing syncs.gemm.gateup_dB 1 count
timing grad.up_dB 2.654627 ms
timing launches.grad.up_dB 2 count
timing syncs.grad.up_dB 1 count
timing gemm.gateup_dB 2.654627 ms
timing launches.gemm.gateup_dB 2 count
timing syncs.gemm.gateup_dB 1 count
timing grad.gate_dA 2.563664 ms
timing launches.grad.gate_dA 2 count
timing syncs.grad.gate_dA 1 count
timing gemm.gateup_dA 2.563664 ms
timing launches.gemm.gateup_dA 2 count
timing syncs.gemm.gateup_dA 1 count
timing grad.up_dA 2.582357 ms
timing launches.grad.up_dA 2 count
timing syncs.grad.up_dA 1 count
timing gemm.gateup_dA 2.582357 ms
timing launches.gemm.gateup_dA 2 count
timing syncs.gemm.gateup_dA 1 count
timing grad.gateup_fanin 0.040955 ms
timing launches.grad.gateup_fanin 1 count
timing syncs.grad.gateup_fanin 0 count
timing grad.norm2_kernels 0.222364 ms
timing launches.grad.norm2_kernels 3 count
timing syncs.grad.norm2_kernels 0 count
timing grad.norm2_dW 0.063244 ms
timing launches.grad.norm2_dW 2 count
timing syncs.grad.norm2_dW 1 count
timing gemm.norm_dW 0.063244 ms
timing launches.gemm.norm_dW 2 count
timing syncs.gemm.norm_dW 1 count
timing grad.residual1_add 0.00081 ms
timing launches.grad.residual1_add 0 count
timing syncs.grad.residual1_add 0 count
timing grad.o_copy 0.000875 ms
timing launches.grad.o_copy 0 count
timing syncs.grad.o_copy 0 count
timing grad.o_dA 1.053602 ms
timing launches.grad.o_dA 2 count
timing syncs.grad.o_dA 1 count
timing gemm.proj_dA 1.053602 ms
timing launches.gemm.proj_dA 2 count
timing syncs.gemm.proj_dA 1 count
timing grad.o_dB 0.989136 ms
timing launches.grad.o_dB 2 count
timing syncs.grad.o_dB 1 count
timing gemm.proj_dB 0.989136 ms
timing launches.gemm.proj_dB 2 count
timing syncs.gemm.proj_dB 1 count
timing bwd.mlp_through_oproj 18.367016 ms
timing launches.bwd.mlp_through_oproj 25 count
timing syncs.bwd.mlp_through_oproj 10 count
timing bwd.before_attention 0.000665 ms
timing attn.bwd_regime_scan 0.290317 ms
timing attn.bwd_scratch_alloc 0.02033 ms
timing attn.bwd_zdot_estash_dres_pf 2.866256 ms
timing attn.bwd_dq_tiled_pf 5.43921 ms
timing attn.bwd_kvgrid_dkdv_pf 5.52501 ms
timing attn.bwd_corner_flag 0.061642 ms
timing bwd.attention 14.21638 ms
timing grad.kv_slice 0.054223 ms
timing launches.grad.kv_slice 1 count
timing syncs.grad.kv_slice 0 count
timing grad.rope 0.092111 ms
timing launches.grad.rope 2 count
timing syncs.grad.rope 0 count
timing grad.q_dB 0.972291 ms
timing launches.grad.q_dB 2 count
timing syncs.grad.q_dB 1 count
timing gemm.proj_dB 0.972291 ms
timing launches.gemm.proj_dB 2 count
timing syncs.gemm.proj_dB 1 count
timing grad.k_dB 1.006778 ms
timing launches.grad.k_dB 2 count
timing syncs.grad.k_dB 1 count
timing gemm.proj_dB 1.006778 ms
timing launches.gemm.proj_dB 2 count
timing syncs.gemm.proj_dB 1 count
timing grad.v_dB 1.048564 ms
timing launches.grad.v_dB 2 count
timing syncs.grad.v_dB 1 count
timing gemm.proj_dB 1.048564 ms
timing launches.gemm.proj_dB 2 count
timing syncs.gemm.proj_dB 1 count
timing grad.q_dA 1.053011 ms
timing launches.grad.q_dA 2 count
timing syncs.grad.q_dA 1 count
timing gemm.proj_dA 1.053011 ms
timing launches.gemm.proj_dA 2 count
timing syncs.gemm.proj_dA 1 count
timing grad.k_dA 1.039675 ms
timing launches.grad.k_dA 2 count
timing syncs.grad.k_dA 1 count
timing gemm.proj_dA 1.039675 ms
timing launches.gemm.proj_dA 2 count
timing syncs.gemm.proj_dA 1 count
timing grad.v_dA 1.029553 ms
timing launches.grad.v_dA 2 count
timing syncs.grad.v_dA 1 count
timing gemm.proj_dA 1.029553 ms
timing launches.gemm.proj_dA 2 count
timing syncs.gemm.proj_dA 1 count
timing grad.qkv_fanin 0.041576 ms
timing launches.grad.qkv_fanin 1 count
timing syncs.grad.qkv_fanin 0 count
timing grad.norm1_kernels 0.205944 ms
timing launches.grad.norm1_kernels 3 count
timing syncs.grad.norm1_kernels 0 count
timing grad.norm1_dW 0.06367 ms
timing launches.grad.norm1_dW 2 count
timing syncs.grad.norm1_dW 1 count
timing gemm.norm_dW 0.06367 ms
timing launches.gemm.norm_dW 2 count
timing syncs.gemm.norm_dW 1 count
timing grad.x_add 0.039494 ms
timing launches.grad.x_add 1 count
timing syncs.grad.x_add 0 count
timing bwd.after_attention 6.71049 ms
timing grad.refuse_scan 0.056528 ms
timing launches.grad.refuse_scan 1 count
timing syncs.grad.refuse_scan 1 count
timing grad.residual2_copy 0.039334 ms
timing launches.grad.residual2_copy 1 count
timing syncs.grad.residual2_copy 0 count
timing grad.down_dA 2.559899 ms
timing launches.grad.down_dA 2 count
timing syncs.grad.down_dA 1 count
timing gemm.down_dA 2.559899 ms
timing launches.gemm.down_dA 2 count
timing syncs.gemm.down_dA 1 count
timing grad.down_dB 2.580173 ms
timing launches.grad.down_dB 2 count
timing syncs.grad.down_dB 1 count
timing gemm.down_dB 2.580173 ms
timing launches.gemm.down_dB 2 count
timing syncs.gemm.down_dB 1 count
timing grad.gate_mul 0.158759 ms
timing launches.grad.gate_mul 1 count
timing syncs.grad.gate_mul 0 count
timing grad.silu 0.001053 ms
timing launches.grad.silu 0 count
timing syncs.grad.silu 0 count
timing grad.gate_dB 2.599008 ms
timing launches.grad.gate_dB 2 count
timing syncs.grad.gate_dB 1 count
timing gemm.gateup_dB 2.599008 ms
timing launches.gemm.gateup_dB 2 count
timing syncs.gemm.gateup_dB 1 count
timing grad.up_dB 2.649903 ms
timing launches.grad.up_dB 2 count
timing syncs.grad.up_dB 1 count
timing gemm.gateup_dB 2.649903 ms
timing launches.gemm.gateup_dB 2 count
timing syncs.gemm.gateup_dB 1 count
timing grad.gate_dA 2.558436 ms
timing launches.grad.gate_dA 2 count
timing syncs.grad.gate_dA 1 count
timing gemm.gateup_dA 2.558436 ms
timing launches.gemm.gateup_dA 2 count
timing syncs.gemm.gateup_dA 1 count
timing grad.up_dA 2.587794 ms
timing launches.grad.up_dA 2 count
timing syncs.grad.up_dA 1 count
timing gemm.gateup_dA 2.587794 ms
timing launches.gemm.gateup_dA 2 count
timing syncs.gemm.gateup_dA 1 count
timing grad.gateup_fanin 0.040867 ms
timing launches.grad.gateup_fanin 1 count
timing syncs.grad.gateup_fanin 0 count
timing grad.norm2_kernels 0.221635 ms
timing launches.grad.norm2_kernels 3 count
timing syncs.grad.norm2_kernels 0 count
timing grad.norm2_dW 0.063947 ms
timing launches.grad.norm2_dW 2 count
timing syncs.grad.norm2_dW 1 count
timing gemm.norm_dW 0.063947 ms
timing launches.gemm.norm_dW 2 count
timing syncs.gemm.norm_dW 1 count
timing grad.residual1_add 0.000821 ms
timing launches.grad.residual1_add 0 count
timing syncs.grad.residual1_add 0 count
timing grad.o_copy 0.000841 ms
timing launches.grad.o_copy 0 count
timing syncs.grad.o_copy 0 count
timing grad.o_dA 1.036185 ms
timing launches.grad.o_dA 2 count
timing syncs.grad.o_dA 1 count
timing gemm.proj_dA 1.036185 ms
timing launches.gemm.proj_dA 2 count
timing syncs.gemm.proj_dA 1 count
timing grad.o_dB 0.976688 ms
timing launches.grad.o_dB 2 count
timing syncs.grad.o_dB 1 count
timing gemm.proj_dB 0.976688 ms
timing launches.gemm.proj_dB 2 count
timing syncs.gemm.proj_dB 1 count
timing bwd.mlp_through_oproj 18.214239 ms
timing launches.bwd.mlp_through_oproj 25 count
timing syncs.bwd.mlp_through_oproj 10 count
timing bwd.before_attention 0.000687 ms
timing attn.bwd_regime_scan 0.285975 ms
timing attn.bwd_scratch_alloc 0.018359 ms
timing attn.bwd_zdot_estash_dres_pf 2.802181 ms
timing attn.bwd_dq_tiled_pf 5.456139 ms
timing attn.bwd_kvgrid_dkdv_pf 5.500754 ms
timing attn.bwd_corner_flag 0.061907 ms
timing bwd.attention 14.138786 ms
timing grad.kv_slice 0.053494 ms
timing launches.grad.kv_slice 1 count
timing syncs.grad.kv_slice 0 count
timing grad.rope 0.092149 ms
timing launches.grad.rope 2 count
timing syncs.grad.rope 0 count
timing grad.q_dB 0.973984 ms
timing launches.grad.q_dB 2 count
timing syncs.grad.q_dB 1 count
timing gemm.proj_dB 0.973984 ms
timing launches.gemm.proj_dB 2 count
timing syncs.gemm.proj_dB 1 count
timing grad.k_dB 1.000487 ms
timing launches.grad.k_dB 2 count
timing syncs.grad.k_dB 1 count
timing gemm.proj_dB 1.000487 ms
timing launches.gemm.proj_dB 2 count
timing syncs.gemm.proj_dB 1 count
timing grad.v_dB 1.050018 ms
timing launches.grad.v_dB 2 count
timing syncs.grad.v_dB 1 count
timing gemm.proj_dB 1.050018 ms
timing launches.gemm.proj_dB 2 count
timing syncs.gemm.proj_dB 1 count
timing grad.q_dA 1.03882 ms
timing launches.grad.q_dA 2 count
timing syncs.grad.q_dA 1 count
timing gemm.proj_dA 1.03882 ms
timing launches.gemm.proj_dA 2 count
timing syncs.gemm.proj_dA 1 count
timing grad.k_dA 1.035456 ms
timing launches.grad.k_dA 2 count
timing syncs.grad.k_dA 1 count
timing gemm.proj_dA 1.035456 ms
timing launches.gemm.proj_dA 2 count
timing syncs.gemm.proj_dA 1 count
timing grad.v_dA 1.039006 ms
timing launches.grad.v_dA 2 count
timing syncs.grad.v_dA 1 count
timing gemm.proj_dA 1.039006 ms
timing launches.gemm.proj_dA 2 count
timing syncs.gemm.proj_dA 1 count
timing grad.qkv_fanin 0.041046 ms
timing launches.grad.qkv_fanin 1 count
timing syncs.grad.qkv_fanin 0 count
timing grad.norm1_kernels 0.208296 ms
timing launches.grad.norm1_kernels 3 count
timing syncs.grad.norm1_kernels 0 count
timing grad.norm1_dW 0.062894 ms
timing launches.grad.norm1_dW 2 count
timing syncs.grad.norm1_dW 1 count
timing gemm.norm_dW 0.062894 ms
timing launches.gemm.norm_dW 2 count
timing syncs.gemm.norm_dW 1 count
timing grad.x_add 0.039537 ms
timing launches.grad.x_add 1 count
timing syncs.grad.x_add 0 count
timing bwd.after_attention 6.698024 ms
timing grad.refuse_scan 0.057302 ms
timing launches.grad.refuse_scan 1 count
timing syncs.grad.refuse_scan 1 count
timing grad.residual2_copy 0.039956 ms
timing launches.grad.residual2_copy 1 count
timing syncs.grad.residual2_copy 0 count
timing grad.down_dA 2.565004 ms
timing launches.grad.down_dA 2 count
timing syncs.grad.down_dA 1 count
timing gemm.down_dA 2.565004 ms
timing launches.gemm.down_dA 2 count
timing syncs.gemm.down_dA 1 count
timing grad.down_dB 2.62256 ms
timing launches.grad.down_dB 2 count
timing syncs.grad.down_dB 1 count
timing gemm.down_dB 2.62256 ms
timing launches.gemm.down_dB 2 count
timing syncs.gemm.down_dB 1 count
timing grad.gate_mul 0.159755 ms
timing launches.grad.gate_mul 1 count
timing syncs.grad.gate_mul 0 count
timing grad.silu 0.001122 ms
timing launches.grad.silu 0 count
timing syncs.grad.silu 0 count
timing grad.gate_dB 2.631921 ms
timing launches.grad.gate_dB 2 count
timing syncs.grad.gate_dB 1 count
timing gemm.gateup_dB 2.631921 ms
timing launches.gemm.gateup_dB 2 count
timing syncs.gemm.gateup_dB 1 count
timing grad.up_dB 2.585265 ms
timing launches.grad.up_dB 2 count
timing syncs.grad.up_dB 1 count
timing gemm.gateup_dB 2.585265 ms
timing launches.gemm.gateup_dB 2 count
timing syncs.gemm.gateup_dB 1 count
timing grad.gate_dA 2.591662 ms
timing launches.grad.gate_dA 2 count
timing syncs.grad.gate_dA 1 count
timing gemm.gateup_dA 2.591662 ms
timing launches.gemm.gateup_dA 2 count
timing syncs.gemm.gateup_dA 1 count
timing grad.up_dA 2.582935 ms
timing launches.grad.up_dA 2 count
timing syncs.grad.up_dA 1 count
timing gemm.gateup_dA 2.582935 ms
timing launches.gemm.gateup_dA 2 count
timing syncs.gemm.gateup_dA 1 count
timing grad.gateup_fanin 0.040491 ms
timing launches.grad.gateup_fanin 1 count
timing syncs.grad.gateup_fanin 0 count
timing grad.norm2_kernels 0.220103 ms
timing launches.grad.norm2_kernels 3 count
timing syncs.grad.norm2_kernels 0 count
timing grad.norm2_dW 0.063851 ms
timing launches.grad.norm2_dW 2 count
timing syncs.grad.norm2_dW 1 count
timing gemm.norm_dW 0.063851 ms
timing launches.gemm.norm_dW 2 count
timing syncs.gemm.norm_dW 1 count
timing grad.residual1_add 0.000828 ms
timing launches.grad.residual1_add 0 count
timing syncs.grad.residual1_add 0 count
timing grad.o_copy 0.000848 ms
timing launches.grad.o_copy 0 count
timing syncs.grad.o_copy 0 count
timing grad.o_dA 1.026293 ms
timing launches.grad.o_dA 2 count
timing syncs.grad.o_dA 1 count
timing gemm.proj_dA 1.026293 ms
timing launches.gemm.proj_dA 2 count
timing syncs.gemm.proj_dA 1 count
timing grad.o_dB 0.976643 ms
timing launches.grad.o_dB 2 count
timing syncs.grad.o_dB 1 count
timing gemm.proj_dB 0.976643 ms
timing launches.gemm.proj_dB 2 count
timing syncs.gemm.proj_dB 1 count
timing bwd.mlp_through_oproj 18.249709 ms
timing launches.bwd.mlp_through_oproj 25 count
timing syncs.bwd.mlp_through_oproj 10 count
timing bwd.before_attention 0.000723 ms
timing attn.bwd_regime_scan 0.290361 ms
timing attn.bwd_scratch_alloc 0.018213 ms
timing attn.bwd_zdot_estash_dres_pf 2.793213 ms
timing attn.bwd_dq_tiled_pf 5.437524 ms
timing attn.bwd_kvgrid_dkdv_pf 5.791349 ms
timing attn.bwd_corner_flag 0.06502 ms
timing bwd.attention 14.40893 ms
timing grad.kv_slice 0.054241 ms
timing launches.grad.kv_slice 1 count
timing syncs.grad.kv_slice 0 count
timing grad.rope 0.090926 ms
timing launches.grad.rope 2 count
timing syncs.grad.rope 0 count
timing grad.q_dB 0.974306 ms
timing launches.grad.q_dB 2 count
timing syncs.grad.q_dB 1 count
timing gemm.proj_dB 0.974306 ms
timing launches.gemm.proj_dB 2 count
timing syncs.gemm.proj_dB 1 count
timing grad.k_dB 0.985015 ms
timing launches.grad.k_dB 2 count
timing syncs.grad.k_dB 1 count
timing gemm.proj_dB 0.985015 ms
timing launches.gemm.proj_dB 2 count
timing syncs.gemm.proj_dB 1 count
timing grad.v_dB 1.039062 ms
timing launches.grad.v_dB 2 count
timing syncs.grad.v_dB 1 count
timing gemm.proj_dB 1.039062 ms
timing launches.gemm.proj_dB 2 count
timing syncs.gemm.proj_dB 1 count
timing grad.q_dA 1.050315 ms
timing launches.grad.q_dA 2 count
timing syncs.grad.q_dA 1 count
timing gemm.proj_dA 1.050315 ms
timing launches.gemm.proj_dA 2 count
timing syncs.gemm.proj_dA 1 count
timing grad.k_dA 1.045752 ms
timing launches.grad.k_dA 2 count
timing syncs.grad.k_dA 1 count
timing gemm.proj_dA 1.045752 ms
timing launches.gemm.proj_dA 2 count
timing syncs.gemm.proj_dA 1 count
timing grad.v_dA 1.020662 ms
timing launches.grad.v_dA 2 count
timing syncs.grad.v_dA 1 count
timing gemm.proj_dA 1.020662 ms
timing launches.gemm.proj_dA 2 count
timing syncs.gemm.proj_dA 1 count
timing grad.qkv_fanin 0.042624 ms
timing launches.grad.qkv_fanin 1 count
timing syncs.grad.qkv_fanin 0 count
timing grad.norm1_kernels 0.204075 ms
timing launches.grad.norm1_kernels 3 count
timing syncs.grad.norm1_kernels 0 count
timing grad.norm1_dW 0.061777 ms
timing launches.grad.norm1_dW 2 count
timing syncs.grad.norm1_dW 1 count
timing gemm.norm_dW 0.061777 ms
timing launches.gemm.norm_dW 2 count
timing syncs.gemm.norm_dW 1 count
timing grad.x_add 0.039361 ms
timing launches.grad.x_add 1 count
timing syncs.grad.x_add 0 count
timing bwd.after_attention 6.669405 ms
timing grad.refuse_scan 0.057265 ms
timing launches.grad.refuse_scan 1 count
timing syncs.grad.refuse_scan 1 count
timing grad.residual2_copy 0.041272 ms
timing launches.grad.residual2_copy 1 count
timing syncs.grad.residual2_copy 0 count
timing grad.down_dA 2.552866 ms
timing launches.grad.down_dA 2 count
timing syncs.grad.down_dA 1 count
timing gemm.down_dA 2.552866 ms
timing launches.gemm.down_dA 2 count
timing syncs.gemm.down_dA 1 count
timing grad.down_dB 2.612574 ms
timing launches.grad.down_dB 2 count
timing syncs.grad.down_dB 1 count
timing gemm.down_dB 2.612574 ms
timing launches.gemm.down_dB 2 count
timing syncs.gemm.down_dB 1 count
timing grad.gate_mul 0.161425 ms
timing launches.grad.gate_mul 1 count
timing syncs.grad.gate_mul 0 count
timing grad.silu 0.001093 ms
timing launches.grad.silu 0 count
timing syncs.grad.silu 0 count
timing grad.gate_dB 2.570933 ms
timing launches.grad.gate_dB 2 count
timing syncs.grad.gate_dB 1 count
timing gemm.gateup_dB 2.570933 ms
timing launches.gemm.gateup_dB 2 count
timing syncs.gemm.gateup_dB 1 count
timing grad.up_dB 2.610647 ms
timing launches.grad.up_dB 2 count
timing syncs.grad.up_dB 1 count
timing gemm.gateup_dB 2.610647 ms
timing launches.gemm.gateup_dB 2 count
timing syncs.gemm.gateup_dB 1 count
timing grad.gate_dA 2.581478 ms
timing launches.grad.gate_dA 2 count
timing syncs.grad.gate_dA 1 count
timing gemm.gateup_dA 2.581478 ms
timing launches.gemm.gateup_dA 2 count
timing syncs.gemm.gateup_dA 1 count
timing grad.up_dA 2.593404 ms
timing launches.grad.up_dA 2 count
timing syncs.grad.up_dA 1 count
timing gemm.gateup_dA 2.593404 ms
timing launches.gemm.gateup_dA 2 count
timing syncs.gemm.gateup_dA 1 count
timing grad.gateup_fanin 0.04039 ms
timing launches.grad.gateup_fanin 1 count
timing syncs.grad.gateup_fanin 0 count
timing grad.norm2_kernels 0.21807 ms
timing launches.grad.norm2_kernels 3 count
timing syncs.grad.norm2_kernels 0 count
timing grad.norm2_dW 0.062359 ms
timing launches.grad.norm2_dW 2 count
timing syncs.grad.norm2_dW 1 count
timing gemm.norm_dW 0.062359 ms
timing launches.gemm.norm_dW 2 count
timing syncs.gemm.norm_dW 1 count
timing grad.residual1_add 0.000825 ms
timing launches.grad.residual1_add 0 count
timing syncs.grad.residual1_add 0 count
timing grad.o_copy 0.000829 ms
timing launches.grad.o_copy 0 count
timing syncs.grad.o_copy 0 count
timing grad.o_dA 1.010295 ms
timing launches.grad.o_dA 2 count
timing syncs.grad.o_dA 1 count
timing gemm.proj_dA 1.010295 ms
timing launches.gemm.proj_dA 2 count
timing syncs.gemm.proj_dA 1 count
timing grad.o_dB 0.998294 ms
timing launches.grad.o_dB 2 count
timing syncs.grad.o_dB 1 count
timing gemm.proj_dB 0.998294 ms
timing launches.gemm.proj_dB 2 count
timing syncs.gemm.proj_dB 1 count
timing bwd.mlp_through_oproj 18.196659 ms
timing launches.bwd.mlp_through_oproj 25 count
timing syncs.bwd.mlp_through_oproj 10 count
timing bwd.before_attention 0.000719 ms
timing attn.bwd_regime_scan 0.289147 ms
timing attn.bwd_scratch_alloc 0.022845 ms
timing attn.bwd_zdot_estash_dres_pf 2.933792 ms
timing attn.bwd_dq_tiled_pf 5.33659 ms
timing attn.bwd_kvgrid_dkdv_pf 5.749261 ms
timing attn.bwd_corner_flag 0.063323 ms
timing bwd.attention 14.408607 ms
timing grad.kv_slice 0.054236 ms
timing launches.grad.kv_slice 1 count
timing syncs.grad.kv_slice 0 count
timing grad.rope 0.093241 ms
timing launches.grad.rope 2 count
timing syncs.grad.rope 0 count
timing grad.q_dB 0.973234 ms
timing launches.grad.q_dB 2 count
timing syncs.grad.q_dB 1 count
timing gemm.proj_dB 0.973234 ms
timing launches.gemm.proj_dB 2 count
timing syncs.gemm.proj_dB 1 count
timing grad.k_dB 0.968164 ms
timing launches.grad.k_dB 2 count
timing syncs.grad.k_dB 1 count
timing gemm.proj_dB 0.968164 ms
timing launches.gemm.proj_dB 2 count
timing syncs.gemm.proj_dB 1 count
timing grad.v_dB 1.014063 ms
timing launches.grad.v_dB 2 count
timing syncs.grad.v_dB 1 count
timing gemm.proj_dB 1.014063 ms
timing launches.gemm.proj_dB 2 count
timing syncs.gemm.proj_dB 1 count
timing grad.q_dA 1.026685 ms
timing launches.grad.q_dA 2 count
timing syncs.grad.q_dA 1 count
timing gemm.proj_dA 1.026685 ms
timing launches.gemm.proj_dA 2 count
timing syncs.gemm.proj_dA 1 count
timing grad.k_dA 1.032609 ms
timing launches.grad.k_dA 2 count
timing syncs.grad.k_dA 1 count
timing gemm.proj_dA 1.032609 ms
timing launches.gemm.proj_dA 2 count
timing syncs.gemm.proj_dA 1 count
timing grad.v_dA 1.02979 ms
timing launches.grad.v_dA 2 count
timing syncs.grad.v_dA 1 count
timing gemm.proj_dA 1.02979 ms
timing launches.gemm.proj_dA 2 count
timing syncs.gemm.proj_dA 1 count
timing grad.qkv_fanin 0.042938 ms
timing launches.grad.qkv_fanin 1 count
timing syncs.grad.qkv_fanin 0 count
timing grad.norm1_kernels 0.204953 ms
timing launches.grad.norm1_kernels 3 count
timing syncs.grad.norm1_kernels 0 count
timing grad.norm1_dW 0.060541 ms
timing launches.grad.norm1_dW 2 count
timing syncs.grad.norm1_dW 1 count
timing gemm.norm_dW 0.060541 ms
timing launches.gemm.norm_dW 2 count
timing syncs.gemm.norm_dW 1 count
timing grad.x_add 0.039086 ms
timing launches.grad.x_add 1 count
timing syncs.grad.x_add 0 count
timing bwd.after_attention 6.600891 ms
timing grad.refuse_scan 0.056351 ms
timing launches.grad.refuse_scan 1 count
timing syncs.grad.refuse_scan 1 count
timing grad.residual2_copy 0.039524 ms
timing launches.grad.residual2_copy 1 count
timing syncs.grad.residual2_copy 0 count
timing grad.down_dA 2.550387 ms
timing launches.grad.down_dA 2 count
timing syncs.grad.down_dA 1 count
timing gemm.down_dA 2.550387 ms
timing launches.gemm.down_dA 2 count
timing syncs.gemm.down_dA 1 count
timing grad.down_dB 2.637775 ms
timing launches.grad.down_dB 2 count
timing syncs.grad.down_dB 1 count
timing gemm.down_dB 2.637775 ms
timing launches.gemm.down_dB 2 count
timing syncs.gemm.down_dB 1 count
timing grad.gate_mul 0.160606 ms
timing launches.grad.gate_mul 1 count
timing syncs.grad.gate_mul 0 count
timing grad.silu 0.001096 ms
timing launches.grad.silu 0 count
timing syncs.grad.silu 0 count
timing grad.gate_dB 2.637795 ms
timing launches.grad.gate_dB 2 count
timing syncs.grad.gate_dB 1 count
timing gemm.gateup_dB 2.637795 ms
timing launches.gemm.gateup_dB 2 count
timing syncs.gemm.gateup_dB 1 count
timing grad.up_dB 2.614645 ms
timing launches.grad.up_dB 2 count
timing syncs.grad.up_dB 1 count
timing gemm.gateup_dB 2.614645 ms
timing launches.gemm.gateup_dB 2 count
timing syncs.gemm.gateup_dB 1 count
timing grad.gate_dA 2.586822 ms
timing launches.grad.gate_dA 2 count
timing syncs.grad.gate_dA 1 count
timing gemm.gateup_dA 2.586822 ms
timing launches.gemm.gateup_dA 2 count
timing syncs.gemm.gateup_dA 1 count
timing grad.up_dA 2.589964 ms
timing launches.grad.up_dA 2 count
timing syncs.grad.up_dA 1 count
timing gemm.gateup_dA 2.589964 ms
timing launches.gemm.gateup_dA 2 count
timing syncs.gemm.gateup_dA 1 count
timing grad.gateup_fanin 0.040136 ms
timing launches.grad.gateup_fanin 1 count
timing syncs.grad.gateup_fanin 0 count
timing grad.norm2_kernels 0.217773 ms
timing launches.grad.norm2_kernels 3 count
timing syncs.grad.norm2_kernels 0 count
timing grad.norm2_dW 0.063448 ms
timing launches.grad.norm2_dW 2 count
timing syncs.grad.norm2_dW 1 count
timing gemm.norm_dW 0.063448 ms
timing launches.gemm.norm_dW 2 count
timing syncs.gemm.norm_dW 1 count
timing grad.residual1_add 0.00081 ms
timing launches.grad.residual1_add 0 count
timing syncs.grad.residual1_add 0 count
timing grad.o_copy 0.000836 ms
timing launches.grad.o_copy 0 count
timing syncs.grad.o_copy 0 count
timing grad.o_dA 1.013363 ms
timing launches.grad.o_dA 2 count
timing syncs.grad.o_dA 1 count
timing gemm.proj_dA 1.013363 ms
timing launches.gemm.proj_dA 2 count
timing syncs.gemm.proj_dA 1 count
timing grad.o_dB 1.021385 ms
timing launches.grad.o_dB 2 count
timing syncs.grad.o_dB 1 count
timing gemm.proj_dB 1.021385 ms
timing launches.gemm.proj_dB 2 count
timing syncs.gemm.proj_dB 1 count
timing bwd.mlp_through_oproj 18.315363 ms
timing launches.bwd.mlp_through_oproj 25 count
timing syncs.bwd.mlp_through_oproj 10 count
timing bwd.before_attention 0.000743 ms
timing attn.bwd_regime_scan 0.295785 ms
timing attn.bwd_scratch_alloc 0.019141 ms
timing attn.bwd_zdot_estash_dres_pf 2.763163 ms
timing attn.bwd_dq_tiled_pf 5.37417 ms
timing attn.bwd_kvgrid_dkdv_pf 5.584303 ms
timing attn.bwd_corner_flag 0.06372 ms
timing bwd.attention 14.113716 ms
timing grad.kv_slice 0.054146 ms
timing launches.grad.kv_slice 1 count
timing syncs.grad.kv_slice 0 count
timing grad.rope 0.093548 ms
timing launches.grad.rope 2 count
timing syncs.grad.rope 0 count
timing grad.q_dB 0.971872 ms
timing launches.grad.q_dB 2 count
timing syncs.grad.q_dB 1 count
timing gemm.proj_dB 0.971872 ms
timing launches.gemm.proj_dB 2 count
timing syncs.gemm.proj_dB 1 count
timing grad.k_dB 0.968981 ms
timing launches.grad.k_dB 2 count
timing syncs.grad.k_dB 1 count
timing gemm.proj_dB 0.968981 ms
timing launches.gemm.proj_dB 2 count
timing syncs.gemm.proj_dB 1 count
timing grad.v_dB 1.030248 ms
timing launches.grad.v_dB 2 count
timing syncs.grad.v_dB 1 count
timing gemm.proj_dB 1.030248 ms
timing launches.gemm.proj_dB 2 count
timing syncs.gemm.proj_dB 1 count
timing grad.q_dA 1.031815 ms
timing launches.grad.q_dA 2 count
timing syncs.grad.q_dA 1 count
timing gemm.proj_dA 1.031815 ms
timing launches.gemm.proj_dA 2 count
timing syncs.gemm.proj_dA 1 count
timing grad.k_dA 1.031341 ms
timing launches.grad.k_dA 2 count
timing syncs.grad.k_dA 1 count
timing gemm.proj_dA 1.031341 ms
timing launches.gemm.proj_dA 2 count
timing syncs.gemm.proj_dA 1 count
timing grad.v_dA 1.021921 ms
timing launches.grad.v_dA 2 count
timing syncs.grad.v_dA 1 count
timing gemm.proj_dA 1.021921 ms
timing launches.gemm.proj_dA 2 count
timing syncs.gemm.proj_dA 1 count
timing grad.qkv_fanin 0.041773 ms
timing launches.grad.qkv_fanin 1 count
timing syncs.grad.qkv_fanin 0 count
timing grad.norm1_kernels 0.205942 ms
timing launches.grad.norm1_kernels 3 count
timing syncs.grad.norm1_kernels 0 count
timing grad.norm1_dW 0.061005 ms
timing launches.grad.norm1_dW 2 count
timing syncs.grad.norm1_dW 1 count
timing gemm.norm_dW 0.061005 ms
timing launches.gemm.norm_dW 2 count
timing syncs.gemm.norm_dW 1 count
timing grad.x_add 0.039711 ms
timing launches.grad.x_add 1 count
timing syncs.grad.x_add 0 count
timing bwd.after_attention 6.616359 ms
timing grad.refuse_scan 0.056277 ms
timing launches.grad.refuse_scan 1 count
timing syncs.grad.refuse_scan 1 count
timing grad.residual2_copy 0.03967 ms
timing launches.grad.residual2_copy 1 count
timing syncs.grad.residual2_copy 0 count
timing grad.down_dA 2.590385 ms
timing launches.grad.down_dA 2 count
timing syncs.grad.down_dA 1 count
timing gemm.down_dA 2.590385 ms
timing launches.gemm.down_dA 2 count
timing syncs.gemm.down_dA 1 count
timing grad.down_dB 2.614008 ms
timing launches.grad.down_dB 2 count
timing syncs.grad.down_dB 1 count
timing gemm.down_dB 2.614008 ms
timing launches.gemm.down_dB 2 count
timing syncs.gemm.down_dB 1 count
timing grad.gate_mul 0.160596 ms
timing launches.grad.gate_mul 1 count
timing syncs.grad.gate_mul 0 count
timing grad.silu 0.0014 ms
timing launches.grad.silu 0 count
timing syncs.grad.silu 0 count
timing grad.gate_dB 2.611664 ms
timing launches.grad.gate_dB 2 count
timing syncs.grad.gate_dB 1 count
timing gemm.gateup_dB 2.611664 ms
timing launches.gemm.gateup_dB 2 count
timing syncs.gemm.gateup_dB 1 count
timing grad.up_dB 2.588159 ms
timing launches.grad.up_dB 2 count
timing syncs.grad.up_dB 1 count
timing gemm.gateup_dB 2.588159 ms
timing launches.gemm.gateup_dB 2 count
timing syncs.gemm.gateup_dB 1 count
timing grad.gate_dA 2.588362 ms
timing launches.grad.gate_dA 2 count
timing syncs.grad.gate_dA 1 count
timing gemm.gateup_dA 2.588362 ms
timing launches.gemm.gateup_dA 2 count
timing syncs.gemm.gateup_dA 1 count
timing grad.up_dA 2.619817 ms
timing launches.grad.up_dA 2 count
timing syncs.grad.up_dA 1 count
timing gemm.gateup_dA 2.619817 ms
timing launches.gemm.gateup_dA 2 count
timing syncs.gemm.gateup_dA 1 count
timing grad.gateup_fanin 0.040196 ms
timing launches.grad.gateup_fanin 1 count
timing syncs.grad.gateup_fanin 0 count
timing grad.norm2_kernels 0.218718 ms
timing launches.grad.norm2_kernels 3 count
timing syncs.grad.norm2_kernels 0 count
timing grad.norm2_dW 0.068973 ms
timing launches.grad.norm2_dW 2 count
timing syncs.grad.norm2_dW 1 count
timing gemm.norm_dW 0.068973 ms
timing launches.gemm.norm_dW 2 count
timing syncs.gemm.norm_dW 1 count
timing grad.residual1_add 0.000859 ms
timing launches.grad.residual1_add 0 count
timing syncs.grad.residual1_add 0 count
timing grad.o_copy 0.000855 ms
timing launches.grad.o_copy 0 count
timing syncs.grad.o_copy 0 count
timing grad.o_dA 1.006977 ms
timing launches.grad.o_dA 2 count
timing syncs.grad.o_dA 1 count
timing gemm.proj_dA 1.006977 ms
timing launches.gemm.proj_dA 2 count
timing syncs.gemm.proj_dA 1 count
timing grad.o_dB 0.998588 ms
timing launches.grad.o_dB 2 count
timing syncs.grad.o_dB 1 count
timing gemm.proj_dB 0.998588 ms
timing launches.gemm.proj_dB 2 count
timing syncs.gemm.proj_dB 1 count
timing bwd.mlp_through_oproj 18.304453 ms
timing launches.bwd.mlp_through_oproj 25 count
timing syncs.bwd.mlp_through_oproj 10 count
timing bwd.before_attention 0.000698 ms
timing attn.bwd_regime_scan 0.294916 ms
timing attn.bwd_scratch_alloc 0.019503 ms
timing attn.bwd_zdot_estash_dres_pf 2.837462 ms
timing attn.bwd_dq_tiled_pf 5.410849 ms
timing attn.bwd_kvgrid_dkdv_pf 5.583421 ms
timing attn.bwd_corner_flag 0.063167 ms
timing bwd.attention 14.222555 ms
timing grad.kv_slice 0.055755 ms
timing launches.grad.kv_slice 1 count
timing syncs.grad.kv_slice 0 count
timing grad.rope 0.092258 ms
timing launches.grad.rope 2 count
timing syncs.grad.rope 0 count
timing grad.q_dB 0.972687 ms
timing launches.grad.q_dB 2 count
timing syncs.grad.q_dB 1 count
timing gemm.proj_dB 0.972687 ms
timing launches.gemm.proj_dB 2 count
timing syncs.gemm.proj_dB 1 count
timing grad.k_dB 0.972268 ms
timing launches.grad.k_dB 2 count
timing syncs.grad.k_dB 1 count
timing gemm.proj_dB 0.972268 ms
timing launches.gemm.proj_dB 2 count
timing syncs.gemm.proj_dB 1 count
timing grad.v_dB 1.016346 ms
timing launches.grad.v_dB 2 count
timing syncs.grad.v_dB 1 count
timing gemm.proj_dB 1.016346 ms
timing launches.gemm.proj_dB 2 count
timing syncs.gemm.proj_dB 1 count
timing grad.q_dA 1.032198 ms
timing launches.grad.q_dA 2 count
timing syncs.grad.q_dA 1 count
timing gemm.proj_dA 1.032198 ms
timing launches.gemm.proj_dA 2 count
timing syncs.gemm.proj_dA 1 count
timing grad.k_dA 1.028094 ms
timing launches.grad.k_dA 2 count
timing syncs.grad.k_dA 1 count
timing gemm.proj_dA 1.028094 ms
timing launches.gemm.proj_dA 2 count
timing syncs.gemm.proj_dA 1 count
timing grad.v_dA 1.039322 ms
timing launches.grad.v_dA 2 count
timing syncs.grad.v_dA 1 count
timing gemm.proj_dA 1.039322 ms
timing launches.gemm.proj_dA 2 count
timing syncs.gemm.proj_dA 1 count
timing grad.qkv_fanin 0.042215 ms
timing launches.grad.qkv_fanin 1 count
timing syncs.grad.qkv_fanin 0 count
timing grad.norm1_kernels 0.20613 ms
timing launches.grad.norm1_kernels 3 count
timing syncs.grad.norm1_kernels 0 count
timing grad.norm1_dW 0.06036 ms
timing launches.grad.norm1_dW 2 count
timing syncs.grad.norm1_dW 1 count
timing gemm.norm_dW 0.06036 ms
timing launches.gemm.norm_dW 2 count
timing syncs.gemm.norm_dW 1 count
timing grad.x_add 0.03912 ms
timing launches.grad.x_add 1 count
timing syncs.grad.x_add 0 count
timing bwd.after_attention 6.619099 ms
timing envelope.blocks_backward 470.132722 ms
timing step.embedding_backward 8.585646 ms
timing step.pack_grads 0.697675 ms
timing step.pack_grads_bytes 648591360 bytes
timing step.validate_grads_scan 0.579844 ms
timing step.validate_grads_scan_bytes 648591360 bytes
timing step.optimizer 1.654391 ms
timing step.validate_after_scan 2.58758 ms
timing step.validate_after_scan_bytes 2594365440 bytes
timing step.bind_final_sync 0.001339 ms
timing count.launches 1075 count
timing count.synchronizes 847 count
timing count.copies_h2d 2 count
timing count.copies_d2h 154 count
timing count.copies_d2d 24 count
timing count.device_allocs 446 count
timing count.host_allocs 151 count
timing count.native_steps 1 count
timing step.bind_publish 0.025509 ms
timing step.bind_publish_bytes 444 bytes
timing envelope.native_call 900.4511140000204 ms
timing step.py_flags 0.12419600000157516 ms
timing step.py_flags_bytes 440 bytes
{"event": "component_timing_step_end", "timing_step": 1, "seconds": 0.9012314230000129, "loss": 10.962727546691895, "t": 1790269335.7717767}
{"event": "component_timing_step_start", "timing_step": 2, "note": "MOJOLEARN_TRANSFORMER_TIMING=1; not a timing sample", "t": 1790269335.7719684}
timing step.py_tokens 0.4475779999211227 ms
timing step.py_tokens_bytes 32784 bytes
timing step.bind_scalar_admission 0.006639 ms
timing step.upload_inputs 0.196267 ms
timing step.upload_inputs_bytes 65536 bytes
timing step.unpack_weights 0.697978 ms
timing step.unpack_weights_bytes 648591360 bytes
timing step.embedding_forward 0.098808 ms
timing fwd.refuse_call 0.087916 ms
timing launches.fwd.refuse_call 2 count
timing syncs.fwd.refuse_call 2 count
timing fwd.norm1 0.317392 ms
timing launches.fwd.norm1 1 count
timing syncs.fwd.norm1 0 count
timing block.norm1 0.414231 ms
timing fwd.q_proj 0.958737 ms
timing launches.fwd.q_proj 2 count
timing syncs.fwd.q_proj 1 count
timing gemm.proj_fwd 0.958737 ms
timing launches.gemm.proj_fwd 2 count
timing syncs.gemm.proj_fwd 1 count
timing fwd.k_proj 0.956414 ms
timing launches.fwd.k_proj 2 count
timing syncs.fwd.k_proj 1 count
timing gemm.proj_fwd 0.956414 ms
timing launches.gemm.proj_fwd 2 count
timing syncs.gemm.proj_fwd 1 count
timing fwd.v_proj 1.026503 ms
timing launches.fwd.v_proj 2 count
timing syncs.fwd.v_proj 1 count
timing gemm.proj_fwd 1.026503 ms
timing launches.gemm.proj_fwd 2 count
timing syncs.gemm.proj_fwd 1 count
timing attn.qkv_proj 2.962836 ms
timing attn.rope_and_cache 0.152232 ms
timing attn.fwd_regime_scan 0.214302 ms
timing attn.fwd_r2_keep_kernel 6.211784 ms
timing attn.fwd_corner_flag 0.048425 ms
timing attn.core 6.48906 ms
timing fwd.o_proj 0.961124 ms
timing launches.fwd.o_proj 2 count
timing syncs.fwd.o_proj 1 count
timing gemm.proj_fwd 0.961124 ms
timing launches.gemm.proj_fwd 2 count
timing syncs.gemm.proj_fwd 1 count
timing attn.o_proj 0.976905 ms
timing block.attention_total 10.584565 ms
timing fwd.residual1_add 0.041032 ms
timing launches.fwd.residual1_add 1 count
timing syncs.fwd.residual1_add 0 count
timing fwd.norm2 0.311241 ms
timing launches.fwd.norm2 1 count
timing syncs.fwd.norm2 0 count
timing fwd.gate_proj 2.495358 ms
timing launches.fwd.gate_proj 2 count
timing syncs.fwd.gate_proj 1 count
timing gemm.gateup_fwd 2.495358 ms
timing launches.gemm.gateup_fwd 2 count
timing syncs.gemm.gateup_fwd 1 count
timing fwd.up_proj 2.656079 ms
timing launches.fwd.up_proj 2 count
timing syncs.fwd.up_proj 1 count
timing gemm.gateup_fwd 2.656079 ms
timing launches.gemm.gateup_fwd 2 count
timing syncs.gemm.gateup_fwd 1 count
timing fwd.silu 0.090371 ms
timing launches.fwd.silu 1 count
timing syncs.fwd.silu 0 count
timing fwd.gate_mul 0.087611 ms
timing launches.fwd.gate_mul 1 count
timing syncs.fwd.gate_mul 0 count
timing fwd.down_proj 2.57586 ms
timing launches.fwd.down_proj 2 count
timing syncs.fwd.down_proj 1 count
timing gemm.down_fwd 2.57586 ms
timing launches.gemm.down_fwd 2 count
timing syncs.gemm.down_fwd 1 count
timing fwd.residual2_add 0.041887 ms
timing launches.fwd.residual2_add 1 count
timing syncs.fwd.residual2_add 0 count
timing block.mlp_and_residuals 8.33971 ms
timing fwd.refuse_call 0.086805 ms
timing launches.fwd.refuse_call 2 count
timing syncs.fwd.refuse_call 2 count
timing fwd.norm1 0.355455 ms
timing launches.fwd.norm1 1 count
timing syncs.fwd.norm1 0 count
timing block.norm1 0.450574 ms
timing fwd.q_proj 0.996598 ms
timing launches.fwd.q_proj 2 count
timing syncs.fwd.q_proj 1 count
timing gemm.proj_fwd 0.996598 ms
timing launches.gemm.proj_fwd 2 count
timing syncs.gemm.proj_fwd 1 count
timing fwd.k_proj 0.960183 ms
timing launches.fwd.k_proj 2 count
timing syncs.fwd.k_proj 1 count
timing gemm.proj_fwd 0.960183 ms
timing launches.gemm.proj_fwd 2 count
timing syncs.gemm.proj_fwd 1 count
timing fwd.v_proj 0.992499 ms
timing launches.fwd.v_proj 2 count
timing syncs.fwd.v_proj 1 count
timing gemm.proj_fwd 0.992499 ms
timing launches.gemm.proj_fwd 2 count
timing syncs.gemm.proj_fwd 1 count
timing attn.qkv_proj 2.969266 ms
timing attn.rope_and_cache 0.162492 ms
timing attn.fwd_regime_scan 0.204898 ms
timing attn.fwd_r2_keep_kernel 5.866755 ms
timing attn.fwd_corner_flag 0.047568 ms
timing attn.core 6.133384 ms
timing fwd.o_proj 0.962263 ms
timing launches.fwd.o_proj 2 count
timing syncs.fwd.o_proj 1 count
timing gemm.proj_fwd 0.962263 ms
timing launches.gemm.proj_fwd 2 count
timing syncs.gemm.proj_fwd 1 count
timing attn.o_proj 0.971111 ms
timing block.attention_total 10.239273 ms
timing fwd.residual1_add 0.037751 ms
timing launches.fwd.residual1_add 1 count
timing syncs.fwd.residual1_add 0 count
timing fwd.norm2 0.316263 ms
timing launches.fwd.norm2 1 count
timing syncs.fwd.norm2 0 count
timing fwd.gate_proj 2.477238 ms
timing launches.fwd.gate_proj 2 count
timing syncs.fwd.gate_proj 1 count
timing gemm.gateup_fwd 2.477238 ms
timing launches.gemm.gateup_fwd 2 count
timing syncs.gemm.gateup_fwd 1 count
timing fwd.up_proj 2.635656 ms
timing launches.fwd.up_proj 2 count
timing syncs.fwd.up_proj 1 count
timing gemm.gateup_fwd 2.635656 ms
timing launches.gemm.gateup_fwd 2 count
timing syncs.gemm.gateup_fwd 1 count
timing fwd.silu 0.087169 ms
timing launches.fwd.silu 1 count
timing syncs.fwd.silu 0 count
timing fwd.gate_mul 0.083716 ms
timing launches.fwd.gate_mul 1 count
timing syncs.fwd.gate_mul 0 count
timing fwd.down_proj 2.562062 ms
timing launches.fwd.down_proj 2 count
timing syncs.fwd.down_proj 1 count
timing gemm.down_fwd 2.562062 ms
timing launches.gemm.down_fwd 2 count
timing syncs.gemm.down_fwd 1 count
timing fwd.residual2_add 0.041354 ms
timing launches.fwd.residual2_add 1 count
timing syncs.fwd.residual2_add 0 count
timing block.mlp_and_residuals 8.279924 ms
timing fwd.refuse_call 0.086284 ms
timing launches.fwd.refuse_call 2 count
timing syncs.fwd.refuse_call 2 count
timing fwd.norm1 0.356858 ms
timing launches.fwd.norm1 1 count
timing syncs.fwd.norm1 0 count
timing block.norm1 0.455526 ms
timing fwd.q_proj 1.003131 ms
timing launches.fwd.q_proj 2 count
timing syncs.fwd.q_proj 1 count
timing gemm.proj_fwd 1.003131 ms
timing launches.gemm.proj_fwd 2 count
timing syncs.gemm.proj_fwd 1 count
timing fwd.k_proj 0.959643 ms
timing launches.fwd.k_proj 2 count
timing syncs.fwd.k_proj 1 count
timing gemm.proj_fwd 0.959643 ms
timing launches.gemm.proj_fwd 2 count
timing syncs.gemm.proj_fwd 1 count
timing fwd.v_proj 0.995921 ms
timing launches.fwd.v_proj 2 count
timing syncs.fwd.v_proj 1 count
timing gemm.proj_fwd 0.995921 ms
timing launches.gemm.proj_fwd 2 count
timing syncs.gemm.proj_fwd 1 count
timing attn.qkv_proj 2.979219 ms
timing attn.rope_and_cache 0.150947 ms
timing attn.fwd_regime_scan 0.210235 ms
timing attn.fwd_r2_keep_kernel 5.881393 ms
timing attn.fwd_corner_flag 0.048321 ms
timing attn.core 6.1535 ms
timing fwd.o_proj 0.965209 ms
timing launches.fwd.o_proj 2 count
timing syncs.fwd.o_proj 1 count
timing gemm.proj_fwd 0.965209 ms
timing launches.gemm.proj_fwd 2 count
timing syncs.gemm.proj_fwd 1 count
timing attn.o_proj 0.974421 ms
timing block.attention_total 10.261041 ms
timing fwd.residual1_add 0.037654 ms
timing launches.fwd.residual1_add 1 count
timing syncs.fwd.residual1_add 0 count
timing fwd.norm2 0.311729 ms
timing launches.fwd.norm2 1 count
timing syncs.fwd.norm2 0 count
timing fwd.gate_proj 2.478153 ms
timing launches.fwd.gate_proj 2 count
timing syncs.fwd.gate_proj 1 count
timing gemm.gateup_fwd 2.478153 ms
timing launches.gemm.gateup_fwd 2 count
timing syncs.gemm.gateup_fwd 1 count
timing fwd.up_proj 2.618559 ms
timing launches.fwd.up_proj 2 count
timing syncs.fwd.up_proj 1 count
timing gemm.gateup_fwd 2.618559 ms
timing launches.gemm.gateup_fwd 2 count
timing syncs.gemm.gateup_fwd 1 count
timing fwd.silu 0.086698 ms
timing launches.fwd.silu 1 count
timing syncs.fwd.silu 0 count
timing fwd.gate_mul 0.084492 ms
timing launches.fwd.gate_mul 1 count
timing syncs.fwd.gate_mul 0 count
timing fwd.down_proj 2.559833 ms
timing launches.fwd.down_proj 2 count
timing syncs.fwd.down_proj 1 count
timing gemm.down_fwd 2.559833 ms
timing launches.gemm.down_fwd 2 count
timing syncs.gemm.down_fwd 1 count
timing fwd.residual2_add 0.040716 ms
timing launches.fwd.residual2_add 1 count
timing syncs.fwd.residual2_add 0 count
timing block.mlp_and_residuals 8.255202 ms
timing fwd.refuse_call 0.088217 ms
timing launches.fwd.refuse_call 2 count
timing syncs.fwd.refuse_call 2 count
timing fwd.norm1 0.357895 ms
timing launches.fwd.norm1 1 count
timing syncs.fwd.norm1 0 count
timing block.norm1 0.454014 ms
timing fwd.q_proj 1.009851 ms
timing launches.fwd.q_proj 2 count
timing syncs.fwd.q_proj 1 count
timing gemm.proj_fwd 1.009851 ms
timing launches.gemm.proj_fwd 2 count
timing syncs.gemm.proj_fwd 1 count
timing fwd.k_proj 0.947935 ms
timing launches.fwd.k_proj 2 count
timing syncs.fwd.k_proj 1 count
timing gemm.proj_fwd 0.947935 ms
timing launches.gemm.proj_fwd 2 count
timing syncs.gemm.proj_fwd 1 count
timing fwd.v_proj 0.958412 ms
timing launches.fwd.v_proj 2 count
timing syncs.fwd.v_proj 1 count
timing gemm.proj_fwd 0.958412 ms
timing launches.gemm.proj_fwd 2 count
timing syncs.gemm.proj_fwd 1 count
timing attn.qkv_proj 2.935798 ms
timing attn.rope_and_cache 0.158764 ms
timing attn.fwd_regime_scan 0.20772 ms
timing attn.fwd_r2_keep_kernel 5.70586 ms
timing attn.fwd_corner_flag 0.050539 ms
timing attn.core 5.97787 ms
timing fwd.o_proj 0.95422 ms
timing launches.fwd.o_proj 2 count
timing syncs.fwd.o_proj 1 count
timing gemm.proj_fwd 0.95422 ms
timing launches.gemm.proj_fwd 2 count
timing syncs.gemm.proj_fwd 1 count
timing attn.o_proj 0.963227 ms
timing block.attention_total 10.038633 ms
timing fwd.residual1_add 0.038024 ms
timing launches.fwd.residual1_add 1 count
timing syncs.fwd.residual1_add 0 count
timing fwd.norm2 0.319167 ms
timing launches.fwd.norm2 1 count
timing syncs.fwd.norm2 0 count
timing fwd.gate_proj 2.549595 ms
timing launches.fwd.gate_proj 2 count
timing syncs.fwd.gate_proj 1 count
timing gemm.gateup_fwd 2.549595 ms
timing launches.gemm.gateup_fwd 2 count
timing syncs.gemm.gateup_fwd 1 count
timing fwd.up_proj 2.623524 ms
timing launches.fwd.up_proj 2 count
timing syncs.fwd.up_proj 1 count
timing gemm.gateup_fwd 2.623524 ms
timing launches.gemm.gateup_fwd 2 count
timing syncs.gemm.gateup_fwd 1 count
timing fwd.silu 0.085901 ms
timing launches.fwd.silu 1 count
timing syncs.fwd.silu 0 count
timing fwd.gate_mul 0.083753 ms
timing launches.fwd.gate_mul 1 count
timing syncs.fwd.gate_mul 0 count
timing fwd.down_proj 2.573312 ms
timing launches.fwd.down_proj 2 count
timing syncs.fwd.down_proj 1 count
timing gemm.down_fwd 2.573312 ms
timing launches.gemm.down_fwd 2 count
timing syncs.gemm.down_fwd 1 count
timing fwd.residual2_add 0.040765 ms
timing launches.fwd.residual2_add 1 count
timing syncs.fwd.residual2_add 0 count
timing block.mlp_and_residuals 8.355903 ms
timing fwd.refuse_call 0.086239 ms
timing launches.fwd.refuse_call 2 count
timing syncs.fwd.refuse_call 2 count
timing fwd.norm1 0.353749 ms
timing launches.fwd.norm1 1 count
timing syncs.fwd.norm1 0 count
timing block.norm1 0.447213 ms
timing fwd.q_proj 1.023286 ms
timing launches.fwd.q_proj 2 count
timing syncs.fwd.q_proj 1 count
timing gemm.proj_fwd 1.023286 ms
timing launches.gemm.proj_fwd 2 count
timing syncs.gemm.proj_fwd 1 count
timing fwd.k_proj 0.954197 ms
timing launches.fwd.k_proj 2 count
timing syncs.fwd.k_proj 1 count
timing gemm.proj_fwd 0.954197 ms
timing launches.gemm.proj_fwd 2 count
timing syncs.gemm.proj_fwd 1 count
timing fwd.v_proj 0.977598 ms
timing launches.fwd.v_proj 2 count
timing syncs.fwd.v_proj 1 count
timing gemm.proj_fwd 0.977598 ms
timing launches.gemm.proj_fwd 2 count
timing syncs.gemm.proj_fwd 1 count
timing attn.qkv_proj 2.974945 ms
timing attn.rope_and_cache 0.154501 ms
timing attn.fwd_regime_scan 0.211101 ms
timing attn.fwd_r2_keep_kernel 5.971661 ms
timing attn.fwd_corner_flag 0.047601 ms
timing attn.core 6.244717 ms
timing fwd.o_proj 0.963467 ms
timing launches.fwd.o_proj 2 count
timing syncs.fwd.o_proj 1 count
timing gemm.proj_fwd 0.963467 ms
timing launches.gemm.proj_fwd 2 count
timing syncs.gemm.proj_fwd 1 count
timing attn.o_proj 0.972815 ms
timing block.attention_total 10.349895 ms
timing fwd.residual1_add 0.038015 ms
timing launches.fwd.residual1_add 1 count
timing syncs.fwd.residual1_add 0 count
timing fwd.norm2 0.314174 ms
timing launches.fwd.norm2 1 count
timing syncs.fwd.norm2 0 count
timing fwd.gate_proj 2.53341 ms
timing launches.fwd.gate_proj 2 count
timing syncs.fwd.gate_proj 1 count
timing gemm.gateup_fwd 2.53341 ms
timing launches.gemm.gateup_fwd 2 count
timing syncs.gemm.gateup_fwd 1 count
timing fwd.up_proj 2.630659 ms
timing launches.fwd.up_proj 2 count
timing syncs.fwd.up_proj 1 count
timing gemm.gateup_fwd 2.630659 ms
timing launches.gemm.gateup_fwd 2 count
timing syncs.gemm.gateup_fwd 1 count
timing fwd.silu 0.086693 ms
timing launches.fwd.silu 1 count
timing syncs.fwd.silu 0 count
timing fwd.gate_mul 0.083559 ms
timing launches.fwd.gate_mul 1 count
timing syncs.fwd.gate_mul 0 count
timing fwd.down_proj 2.550582 ms
timing launches.fwd.down_proj 2 count
timing syncs.fwd.down_proj 1 count
timing gemm.down_fwd 2.550582 ms
timing launches.gemm.down_fwd 2 count
timing syncs.gemm.down_fwd 1 count
timing fwd.residual2_add 0.041219 ms
timing launches.fwd.residual2_add 1 count
timing syncs.fwd.residual2_add 0 count
timing block.mlp_and_residuals 8.316202 ms
timing fwd.refuse_call 0.088085 ms
timing launches.fwd.refuse_call 2 count
timing syncs.fwd.refuse_call 2 count
timing fwd.norm1 0.354949 ms
timing launches.fwd.norm1 1 count
timing syncs.fwd.norm1 0 count
timing block.norm1 0.45034 ms
timing fwd.q_proj 1.022938 ms
timing launches.fwd.q_proj 2 count
timing syncs.fwd.q_proj 1 count
timing gemm.proj_fwd 1.022938 ms
timing launches.gemm.proj_fwd 2 count
timing syncs.gemm.proj_fwd 1 count
timing fwd.k_proj 0.949994 ms
timing launches.fwd.k_proj 2 count
timing syncs.fwd.k_proj 1 count
timing gemm.proj_fwd 0.949994 ms
timing launches.gemm.proj_fwd 2 count
timing syncs.gemm.proj_fwd 1 count
timing fwd.v_proj 0.962594 ms
timing launches.fwd.v_proj 2 count
timing syncs.fwd.v_proj 1 count
timing gemm.proj_fwd 0.962594 ms
timing launches.gemm.proj_fwd 2 count
timing syncs.gemm.proj_fwd 1 count
timing attn.qkv_proj 2.9621 ms
timing attn.rope_and_cache 0.154627 ms
timing attn.fwd_regime_scan 0.207781 ms
timing attn.fwd_r2_keep_kernel 5.923047 ms
timing attn.fwd_corner_flag 0.047101 ms
timing attn.core 6.190517 ms
timing fwd.o_proj 0.960569 ms
timing launches.fwd.o_proj 2 count
timing syncs.fwd.o_proj 1 count
timing gemm.proj_fwd 0.960569 ms
timing launches.gemm.proj_fwd 2 count
timing syncs.gemm.proj_fwd 1 count
timing attn.o_proj 0.96953 ms
timing block.attention_total 10.279914 ms
timing fwd.residual1_add 0.037803 ms
timing launches.fwd.residual1_add 1 count
timing syncs.fwd.residual1_add 0 count
timing fwd.norm2 0.318022 ms
timing launches.fwd.norm2 1 count
timing syncs.fwd.norm2 0 count
timing fwd.gate_proj 2.528381 ms
timing launches.fwd.gate_proj 2 count
timing syncs.fwd.gate_proj 1 count
timing gemm.gateup_fwd 2.528381 ms
timing launches.gemm.gateup_fwd 2 count
timing syncs.gemm.gateup_fwd 1 count
timing fwd.up_proj 2.627077 ms
timing launches.fwd.up_proj 2 count
timing syncs.fwd.up_proj 1 count
timing gemm.gateup_fwd 2.627077 ms
timing launches.gemm.gateup_fwd 2 count
timing syncs.gemm.gateup_fwd 1 count
timing fwd.silu 0.086772 ms
timing launches.fwd.silu 1 count
timing syncs.fwd.silu 0 count
timing fwd.gate_mul 0.084211 ms
timing launches.fwd.gate_mul 1 count
timing syncs.fwd.gate_mul 0 count
timing fwd.down_proj 2.560042 ms
timing launches.fwd.down_proj 2 count
timing syncs.fwd.down_proj 1 count
timing gemm.down_fwd 2.560042 ms
timing launches.gemm.down_fwd 2 count
timing syncs.gemm.down_fwd 1 count
timing fwd.residual2_add 0.040585 ms
timing launches.fwd.residual2_add 1 count
timing syncs.fwd.residual2_add 0 count
timing block.mlp_and_residuals 8.320752 ms
timing fwd.refuse_call 0.087367 ms
timing launches.fwd.refuse_call 2 count
timing syncs.fwd.refuse_call 2 count
timing fwd.norm1 0.360816 ms
timing launches.fwd.norm1 1 count
timing syncs.fwd.norm1 0 count
timing block.norm1 0.456099 ms
timing fwd.q_proj 1.029746 ms
timing launches.fwd.q_proj 2 count
timing syncs.fwd.q_proj 1 count
timing gemm.proj_fwd 1.029746 ms
timing launches.gemm.proj_fwd 2 count
timing syncs.gemm.proj_fwd 1 count
timing fwd.k_proj 0.952856 ms
timing launches.fwd.k_proj 2 count
timing syncs.fwd.k_proj 1 count
timing gemm.proj_fwd 0.952856 ms
timing launches.gemm.proj_fwd 2 count
timing syncs.gemm.proj_fwd 1 count
timing fwd.v_proj 0.977026 ms
timing launches.fwd.v_proj 2 count
timing syncs.fwd.v_proj 1 count
timing gemm.proj_fwd 0.977026 ms
timing launches.gemm.proj_fwd 2 count
timing syncs.gemm.proj_fwd 1 count
timing attn.qkv_proj 2.980057 ms
timing attn.rope_and_cache 0.155086 ms
timing attn.fwd_regime_scan 0.205099 ms
timing attn.fwd_r2_keep_kernel 5.970092 ms
timing attn.fwd_corner_flag 0.047219 ms
timing attn.core 6.241936 ms
timing fwd.o_proj 0.957426 ms
timing launches.fwd.o_proj 2 count
timing syncs.fwd.o_proj 1 count
timing gemm.proj_fwd 0.957426 ms
timing launches.gemm.proj_fwd 2 count
timing syncs.gemm.proj_fwd 1 count
timing attn.o_proj 0.966252 ms
timing block.attention_total 10.346307 ms
timing fwd.residual1_add 0.040913 ms
timing launches.fwd.residual1_add 1 count
timing syncs.fwd.residual1_add 0 count
timing fwd.norm2 0.311071 ms
timing launches.fwd.norm2 1 count
timing syncs.fwd.norm2 0 count
timing fwd.gate_proj 2.473925 ms
timing launches.fwd.gate_proj 2 count
timing syncs.fwd.gate_proj 1 count
timing gemm.gateup_fwd 2.473925 ms
timing launches.gemm.gateup_fwd 2 count
timing syncs.gemm.gateup_fwd 1 count
timing fwd.up_proj 2.625929 ms
timing launches.fwd.up_proj 2 count
timing syncs.fwd.up_proj 1 count
timing gemm.gateup_fwd 2.625929 ms
timing launches.gemm.gateup_fwd 2 count
timing syncs.gemm.gateup_fwd 1 count
timing fwd.silu 0.087303 ms
timing launches.fwd.silu 1 count
timing syncs.fwd.silu 0 count
timing fwd.gate_mul 0.084595 ms
timing launches.fwd.gate_mul 1 count
timing syncs.fwd.gate_mul 0 count
timing fwd.down_proj 2.556951 ms
timing launches.fwd.down_proj 2 count
timing syncs.fwd.down_proj 1 count
timing gemm.down_fwd 2.556951 ms
timing launches.gemm.down_fwd 2 count
timing syncs.gemm.down_fwd 1 count
timing fwd.residual2_add 0.04056 ms
timing launches.fwd.residual2_add 1 count
timing syncs.fwd.residual2_add 0 count
timing block.mlp_and_residuals 8.261461 ms
timing fwd.refuse_call 0.086269 ms
timing launches.fwd.refuse_call 2 count
timing syncs.fwd.refuse_call 2 count
timing fwd.norm1 0.352682 ms
timing launches.fwd.norm1 1 count
timing syncs.fwd.norm1 0 count
timing block.norm1 0.446865 ms
timing fwd.q_proj 1.009551 ms
timing launches.fwd.q_proj 2 count
timing syncs.fwd.q_proj 1 count
timing gemm.proj_fwd 1.009551 ms
timing launches.gemm.proj_fwd 2 count
timing syncs.gemm.proj_fwd 1 count
timing fwd.k_proj 0.953852 ms
timing launches.fwd.k_proj 2 count
timing syncs.fwd.k_proj 1 count
timing gemm.proj_fwd 0.953852 ms
timing launches.gemm.proj_fwd 2 count
timing syncs.gemm.proj_fwd 1 count
timing fwd.v_proj 0.962813 ms
timing launches.fwd.v_proj 2 count
timing syncs.fwd.v_proj 1 count
timing gemm.proj_fwd 0.962813 ms
timing launches.gemm.proj_fwd 2 count
timing syncs.gemm.proj_fwd 1 count
timing attn.qkv_proj 2.945931 ms
timing attn.rope_and_cache 0.158521 ms
timing attn.fwd_regime_scan 0.202643 ms
timing attn.fwd_r2_keep_kernel 5.881054 ms
timing attn.fwd_corner_flag 0.047349 ms
timing attn.core 6.145352 ms
timing fwd.o_proj 0.959915 ms
timing launches.fwd.o_proj 2 count
timing syncs.fwd.o_proj 1 count
timing gemm.proj_fwd 0.959915 ms
timing launches.gemm.proj_fwd 2 count
timing syncs.gemm.proj_fwd 1 count
timing attn.o_proj 0.968848 ms
timing block.attention_total 10.221502 ms
timing fwd.residual1_add 0.037685 ms
timing launches.fwd.residual1_add 1 count
timing syncs.fwd.residual1_add 0 count
timing fwd.norm2 0.316948 ms
timing launches.fwd.norm2 1 count
timing syncs.fwd.norm2 0 count
timing fwd.gate_proj 2.526179 ms
timing launches.fwd.gate_proj 2 count
timing syncs.fwd.gate_proj 1 count
timing gemm.gateup_fwd 2.526179 ms
timing launches.gemm.gateup_fwd 2 count
timing syncs.gemm.gateup_fwd 1 count
timing fwd.up_proj 2.623757 ms
timing launches.fwd.up_proj 2 count
timing syncs.fwd.up_proj 1 count
timing gemm.gateup_fwd 2.623757 ms
timing launches.gemm.gateup_fwd 2 count
timing syncs.gemm.gateup_fwd 1 count
timing fwd.silu 0.087014 ms
timing launches.fwd.silu 1 count
timing syncs.fwd.silu 0 count
timing fwd.gate_mul 0.08459 ms
timing launches.fwd.gate_mul 1 count
timing syncs.fwd.gate_mul 0 count
timing fwd.down_proj 2.55527 ms
timing launches.fwd.down_proj 2 count
timing syncs.fwd.down_proj 1 count
timing gemm.down_fwd 2.55527 ms
timing launches.gemm.down_fwd 2 count
timing syncs.gemm.down_fwd 1 count
timing fwd.residual2_add 0.04017 ms
timing launches.fwd.residual2_add 1 count
timing syncs.fwd.residual2_add 0 count
timing block.mlp_and_residuals 8.309286 ms
timing fwd.refuse_call 0.085944 ms
timing launches.fwd.refuse_call 2 count
timing syncs.fwd.refuse_call 2 count
timing fwd.norm1 0.353979 ms
timing launches.fwd.norm1 1 count
timing syncs.fwd.norm1 0 count
timing block.norm1 0.447625 ms
timing fwd.q_proj 1.017936 ms
timing launches.fwd.q_proj 2 count
timing syncs.fwd.q_proj 1 count
timing gemm.proj_fwd 1.017936 ms
timing launches.gemm.proj_fwd 2 count
timing syncs.gemm.proj_fwd 1 count
timing fwd.k_proj 0.952612 ms
timing launches.fwd.k_proj 2 count
timing syncs.fwd.k_proj 1 count
timing gemm.proj_fwd 0.952612 ms
timing launches.gemm.proj_fwd 2 count
timing syncs.gemm.proj_fwd 1 count
timing fwd.v_proj 0.975671 ms
timing launches.fwd.v_proj 2 count
timing syncs.fwd.v_proj 1 count
timing gemm.proj_fwd 0.975671 ms
timing launches.gemm.proj_fwd 2 count
timing syncs.gemm.proj_fwd 1 count
timing attn.qkv_proj 2.965938 ms
timing attn.rope_and_cache 0.153586 ms
timing attn.fwd_regime_scan 0.205939 ms
timing attn.fwd_r2_keep_kernel 6.014341 ms
timing attn.fwd_corner_flag 0.046495 ms
timing attn.core 6.281026 ms
timing fwd.o_proj 0.957829 ms
timing launches.fwd.o_proj 2 count
timing syncs.fwd.o_proj 1 count
timing gemm.proj_fwd 0.957829 ms
timing launches.gemm.proj_fwd 2 count
timing syncs.gemm.proj_fwd 1 count
timing attn.o_proj 0.96884 ms
timing block.attention_total 10.37231 ms
timing fwd.residual1_add 0.037439 ms
timing launches.fwd.residual1_add 1 count
timing syncs.fwd.residual1_add 0 count
timing fwd.norm2 0.313352 ms
timing launches.fwd.norm2 1 count
timing syncs.fwd.norm2 0 count
timing fwd.gate_proj 2.498027 ms
timing launches.fwd.gate_proj 2 count
timing syncs.fwd.gate_proj 1 count
timing gemm.gateup_fwd 2.498027 ms
timing launches.gemm.gateup_fwd 2 count
timing syncs.gemm.gateup_fwd 1 count
timing fwd.up_proj 2.648966 ms
timing launches.fwd.up_proj 2 count
timing syncs.fwd.up_proj 1 count
timing gemm.gateup_fwd 2.648966 ms
timing launches.gemm.gateup_fwd 2 count
timing syncs.gemm.gateup_fwd 1 count
timing fwd.silu 0.08685 ms
timing launches.fwd.silu 1 count
timing syncs.fwd.silu 0 count
timing fwd.gate_mul 0.08485 ms
timing launches.fwd.gate_mul 1 count
timing syncs.fwd.gate_mul 0 count
timing fwd.down_proj 2.552417 ms
timing launches.fwd.down_proj 2 count
timing syncs.fwd.down_proj 1 count
timing gemm.down_fwd 2.552417 ms
timing launches.gemm.down_fwd 2 count
timing syncs.gemm.down_fwd 1 count
timing fwd.residual2_add 0.040458 ms
timing launches.fwd.residual2_add 1 count
timing syncs.fwd.residual2_add 0 count
timing block.mlp_and_residuals 8.300294 ms
timing fwd.refuse_call 0.088002 ms
timing launches.fwd.refuse_call 2 count
timing syncs.fwd.refuse_call 2 count
timing fwd.norm1 0.353555 ms
timing launches.fwd.norm1 1 count
timing syncs.fwd.norm1 0 count
timing block.norm1 0.450265 ms
timing fwd.q_proj 1.015064 ms
timing launches.fwd.q_proj 2 count
timing syncs.fwd.q_proj 1 count
timing gemm.proj_fwd 1.015064 ms
timing launches.gemm.proj_fwd 2 count
timing syncs.gemm.proj_fwd 1 count
timing fwd.k_proj 0.95197 ms
timing launches.fwd.k_proj 2 count
timing syncs.fwd.k_proj 1 count
timing gemm.proj_fwd 0.95197 ms
timing launches.gemm.proj_fwd 2 count
timing syncs.gemm.proj_fwd 1 count
timing fwd.v_proj 0.965545 ms
timing launches.fwd.v_proj 2 count
timing syncs.fwd.v_proj 1 count
timing gemm.proj_fwd 0.965545 ms
timing launches.gemm.proj_fwd 2 count
timing syncs.gemm.proj_fwd 1 count
timing attn.qkv_proj 2.951606 ms
timing attn.rope_and_cache 0.158247 ms
timing attn.fwd_regime_scan 0.202581 ms
timing attn.fwd_r2_keep_kernel 5.899643 ms
timing attn.fwd_corner_flag 0.047494 ms
timing attn.core 6.163878 ms
timing fwd.o_proj 0.957094 ms
timing launches.fwd.o_proj 2 count
timing syncs.fwd.o_proj 1 count
timing gemm.proj_fwd 0.957094 ms
timing launches.gemm.proj_fwd 2 count
timing syncs.gemm.proj_fwd 1 count
timing attn.o_proj 0.965839 ms
timing block.attention_total 10.242523 ms
timing fwd.residual1_add 0.037685 ms
timing launches.fwd.residual1_add 1 count
timing syncs.fwd.residual1_add 0 count
timing fwd.norm2 0.317636 ms
timing launches.fwd.norm2 1 count
timing syncs.fwd.norm2 0 count
timing fwd.gate_proj 2.517555 ms
timing launches.fwd.gate_proj 2 count
timing syncs.fwd.gate_proj 1 count
timing gemm.gateup_fwd 2.517555 ms
timing launches.gemm.gateup_fwd 2 count
timing syncs.gemm.gateup_fwd 1 count
timing fwd.up_proj 2.556272 ms
timing launches.fwd.up_proj 2 count
timing syncs.fwd.up_proj 1 count
timing gemm.gateup_fwd 2.556272 ms
timing launches.gemm.gateup_fwd 2 count
timing syncs.gemm.gateup_fwd 1 count
timing fwd.silu 0.088269 ms
timing launches.fwd.silu 1 count
timing syncs.fwd.silu 0 count
timing fwd.gate_mul 0.085571 ms
timing launches.fwd.gate_mul 1 count
timing syncs.fwd.gate_mul 0 count
timing fwd.down_proj 2.571095 ms
timing launches.fwd.down_proj 2 count
timing syncs.fwd.down_proj 1 count
timing gemm.down_fwd 2.571095 ms
timing launches.gemm.down_fwd 2 count
timing syncs.gemm.down_fwd 1 count
timing fwd.residual2_add 0.040307 ms
timing launches.fwd.residual2_add 1 count
timing syncs.fwd.residual2_add 0 count
timing block.mlp_and_residuals 8.251818 ms
timing fwd.refuse_call 0.086153 ms
timing launches.fwd.refuse_call 2 count
timing syncs.fwd.refuse_call 2 count
timing fwd.norm1 0.341275 ms
timing launches.fwd.norm1 1 count
timing syncs.fwd.norm1 0 count
timing block.norm1 0.435311 ms
timing fwd.q_proj 1.002463 ms
timing launches.fwd.q_proj 2 count
timing syncs.fwd.q_proj 1 count
timing gemm.proj_fwd 1.002463 ms
timing launches.gemm.proj_fwd 2 count
timing syncs.gemm.proj_fwd 1 count
timing fwd.k_proj 0.953289 ms
timing launches.fwd.k_proj 2 count
timing syncs.fwd.k_proj 1 count
timing gemm.proj_fwd 0.953289 ms
timing launches.gemm.proj_fwd 2 count
timing syncs.gemm.proj_fwd 1 count
timing fwd.v_proj 0.965311 ms
timing launches.fwd.v_proj 2 count
timing syncs.fwd.v_proj 1 count
timing gemm.proj_fwd 0.965311 ms
timing launches.gemm.proj_fwd 2 count
timing syncs.gemm.proj_fwd 1 count
timing attn.qkv_proj 2.940491 ms
timing attn.rope_and_cache 0.155023 ms
timing attn.fwd_regime_scan 0.202191 ms
timing attn.fwd_r2_keep_kernel 5.985561 ms
timing attn.fwd_corner_flag 0.04705 ms
timing attn.core 6.249308 ms
timing fwd.o_proj 0.957825 ms
timing launches.fwd.o_proj 2 count
timing syncs.fwd.o_proj 1 count
timing gemm.proj_fwd 0.957825 ms
timing launches.gemm.proj_fwd 2 count
timing syncs.gemm.proj_fwd 1 count
timing attn.o_proj 0.966556 ms
timing block.attention_total 10.31621 ms
timing fwd.residual1_add 0.037522 ms
timing launches.fwd.residual1_add 1 count
timing syncs.fwd.residual1_add 0 count
timing fwd.norm2 0.311524 ms
timing launches.fwd.norm2 1 count
timing syncs.fwd.norm2 0 count
timing fwd.gate_proj 2.532036 ms
timing launches.fwd.gate_proj 2 count
timing syncs.fwd.gate_proj 1 count
timing gemm.gateup_fwd 2.532036 ms
timing launches.gemm.gateup_fwd 2 count
timing syncs.gemm.gateup_fwd 1 count
timing fwd.up_proj 2.621466 ms
timing launches.fwd.up_proj 2 count
timing syncs.fwd.up_proj 1 count
timing gemm.gateup_fwd 2.621466 ms
timing launches.gemm.gateup_fwd 2 count
timing syncs.gemm.gateup_fwd 1 count
timing fwd.silu 0.088323 ms
timing launches.fwd.silu 1 count
timing syncs.fwd.silu 0 count
timing fwd.gate_mul 0.085985 ms
timing launches.fwd.gate_mul 1 count
timing syncs.fwd.gate_mul 0 count
timing fwd.down_proj 2.562764 ms
timing launches.fwd.down_proj 2 count
timing syncs.fwd.down_proj 1 count
timing gemm.down_fwd 2.562764 ms
timing launches.gemm.down_fwd 2 count
timing syncs.gemm.down_fwd 1 count
timing fwd.residual2_add 0.04083 ms
timing launches.fwd.residual2_add 1 count
timing syncs.fwd.residual2_add 0 count
timing block.mlp_and_residuals 8.317749 ms
timing fwd.refuse_call 0.086008 ms
timing launches.fwd.refuse_call 2 count
timing syncs.fwd.refuse_call 2 count
timing fwd.norm1 0.349834 ms
timing launches.fwd.norm1 1 count
timing syncs.fwd.norm1 0 count
timing block.norm1 0.444383 ms
timing fwd.q_proj 1.011315 ms
timing launches.fwd.q_proj 2 count
timing syncs.fwd.q_proj 1 count
timing gemm.proj_fwd 1.011315 ms
timing launches.gemm.proj_fwd 2 count
timing syncs.gemm.proj_fwd 1 count
timing fwd.k_proj 0.950275 ms
timing launches.fwd.k_proj 2 count
timing syncs.fwd.k_proj 1 count
timing gemm.proj_fwd 0.950275 ms
timing launches.gemm.proj_fwd 2 count
timing syncs.gemm.proj_fwd 1 count
timing fwd.v_proj 0.957297 ms
timing launches.fwd.v_proj 2 count
timing syncs.fwd.v_proj 1 count
timing gemm.proj_fwd 0.957297 ms
timing launches.gemm.proj_fwd 2 count
timing syncs.gemm.proj_fwd 1 count
timing attn.qkv_proj 2.944257 ms
timing attn.rope_and_cache 0.155088 ms
timing attn.fwd_regime_scan 0.205585 ms
timing attn.fwd_r2_keep_kernel 6.25777 ms
timing attn.fwd_corner_flag 0.047719 ms
timing attn.core 6.525356 ms
timing fwd.o_proj 0.960364 ms
timing launches.fwd.o_proj 2 count
timing syncs.fwd.o_proj 1 count
timing gemm.proj_fwd 0.960364 ms
timing launches.gemm.proj_fwd 2 count
timing syncs.gemm.proj_fwd 1 count
timing attn.o_proj 0.969279 ms
timing block.attention_total 10.596862 ms
timing fwd.residual1_add 0.037471 ms
timing launches.fwd.residual1_add 1 count
timing syncs.fwd.residual1_add 0 count
timing fwd.norm2 0.317057 ms
timing launches.fwd.norm2 1 count
timing syncs.fwd.norm2 0 count
timing fwd.gate_proj 2.490216 ms
timing launches.fwd.gate_proj 2 count
timing syncs.fwd.gate_proj 1 count
timing gemm.gateup_fwd 2.490216 ms
timing launches.gemm.gateup_fwd 2 count
timing syncs.gemm.gateup_fwd 1 count
timing fwd.up_proj 2.638328 ms
timing launches.fwd.up_proj 2 count
timing syncs.fwd.up_proj 1 count
timing gemm.gateup_fwd 2.638328 ms
timing launches.gemm.gateup_fwd 2 count
timing syncs.gemm.gateup_fwd 1 count
timing fwd.silu 0.088249 ms
timing launches.fwd.silu 1 count
timing syncs.fwd.silu 0 count
timing fwd.gate_mul 0.085318 ms
timing launches.fwd.gate_mul 1 count
timing syncs.fwd.gate_mul 0 count
timing fwd.down_proj 2.603298 ms
timing launches.fwd.down_proj 2 count
timing syncs.fwd.down_proj 1 count
timing gemm.down_fwd 2.603298 ms
timing launches.gemm.down_fwd 2 count
timing syncs.gemm.down_fwd 1 count
timing fwd.residual2_add 0.041366 ms
timing launches.fwd.residual2_add 1 count
timing syncs.fwd.residual2_add 0 count
timing block.mlp_and_residuals 8.341459 ms
timing envelope.blocks_forward 228.912525 ms
timing gemm.head_fwd 56.535604 ms
timing launches.gemm.head_fwd 1 count
timing syncs.gemm.head_fwd 0 count
timing step.head_forward 56.55909 ms
timing step.ce_refuse_scan 1.492501 ms
timing step.ce_refuse_scan_bytes 1646821376 bytes
timing step.ce_refuse_scan_download_bytes 32768 bytes
timing step.ce_forward 12.2711 ms
timing step.loss_download 0.036925 ms
timing step.loss_download_bytes 4 bytes
timing step.ce_backward 3.073217 ms
timing gemm.head_dA 58.295929 ms
timing launches.gemm.head_dA 2 count
timing syncs.gemm.head_dA 1 count
timing step.head_backward_da 58.306503 ms
timing gemm.head_dB 54.570035 ms
timing launches.gemm.head_dB 0 count
timing syncs.gemm.head_dB 0 count
timing step.head_backward_db 54.576236 ms
timing grad.refuse_scan 0.064614 ms
timing launches.grad.refuse_scan 1 count
timing syncs.grad.refuse_scan 1 count
timing grad.residual2_copy 0.039131 ms
timing launches.grad.residual2_copy 1 count
timing syncs.grad.residual2_copy 0 count
timing grad.down_dA 2.505396 ms
timing launches.grad.down_dA 2 count
timing syncs.grad.down_dA 1 count
timing gemm.down_dA 2.505396 ms
timing launches.gemm.down_dA 2 count
timing syncs.gemm.down_dA 1 count
timing grad.down_dB 2.624521 ms
timing launches.grad.down_dB 2 count
timing syncs.grad.down_dB 1 count
timing gemm.down_dB 2.624521 ms
timing launches.gemm.down_dB 2 count
timing syncs.gemm.down_dB 1 count
timing grad.gate_mul 0.16022 ms
timing launches.grad.gate_mul 1 count
timing syncs.grad.gate_mul 0 count
timing grad.silu 0.001158 ms
timing launches.grad.silu 0 count
timing syncs.grad.silu 0 count
timing grad.gate_dB 2.603354 ms
timing launches.grad.gate_dB 2 count
timing syncs.grad.gate_dB 1 count
timing gemm.gateup_dB 2.603354 ms
timing launches.gemm.gateup_dB 2 count
timing syncs.gemm.gateup_dB 1 count
timing grad.up_dB 2.59064 ms
timing launches.grad.up_dB 2 count
timing syncs.grad.up_dB 1 count
timing gemm.gateup_dB 2.59064 ms
timing launches.gemm.gateup_dB 2 count
timing syncs.gemm.gateup_dB 1 count
timing grad.gate_dA 2.55625 ms
timing launches.grad.gate_dA 2 count
timing syncs.grad.gate_dA 1 count
timing gemm.gateup_dA 2.55625 ms
timing launches.gemm.gateup_dA 2 count
timing syncs.gemm.gateup_dA 1 count
timing grad.up_dA 2.59999 ms
timing launches.grad.up_dA 2 count
timing syncs.grad.up_dA 1 count
timing gemm.gateup_dA 2.59999 ms
timing launches.gemm.gateup_dA 2 count
timing syncs.gemm.gateup_dA 1 count
timing grad.gateup_fanin 0.041865 ms
timing launches.grad.gateup_fanin 1 count
timing syncs.grad.gateup_fanin 0 count
timing grad.norm2_kernels 0.220529 ms
timing launches.grad.norm2_kernels 3 count
timing syncs.grad.norm2_kernels 0 count
timing grad.norm2_dW 0.065228 ms
timing launches.grad.norm2_dW 2 count
timing syncs.grad.norm2_dW 1 count
timing gemm.norm_dW 0.065228 ms
timing launches.gemm.norm_dW 2 count
timing syncs.gemm.norm_dW 1 count
timing grad.residual1_add 0.000885 ms
timing launches.grad.residual1_add 0 count
timing syncs.grad.residual1_add 0 count
timing grad.o_copy 0.000894 ms
timing launches.grad.o_copy 0 count
timing syncs.grad.o_copy 0 count
timing grad.o_dA 1.032018 ms
timing launches.grad.o_dA 2 count
timing syncs.grad.o_dA 1 count
timing gemm.proj_dA 1.032018 ms
timing launches.gemm.proj_dA 2 count
timing syncs.gemm.proj_dA 1 count
timing grad.o_dB 0.98767 ms
timing launches.grad.o_dB 2 count
timing syncs.grad.o_dB 1 count
timing gemm.proj_dB 0.98767 ms
timing launches.gemm.proj_dB 2 count
timing syncs.gemm.proj_dB 1 count
timing bwd.mlp_through_oproj 18.181875 ms
timing launches.bwd.mlp_through_oproj 25 count
timing syncs.bwd.mlp_through_oproj 10 count
timing bwd.before_attention 0.00071 ms
timing attn.bwd_regime_scan 0.290242 ms
timing attn.bwd_scratch_alloc 0.024816 ms
timing attn.bwd_zdot_estash_dres_pf 2.836612 ms
timing attn.bwd_dq_tiled_pf 5.492282 ms
timing attn.bwd_kvgrid_dkdv_pf 5.602336 ms
timing attn.bwd_corner_flag 0.068675 ms
timing bwd.attention 14.331033 ms
timing grad.kv_slice 0.055803 ms
timing launches.grad.kv_slice 1 count
timing syncs.grad.kv_slice 0 count
timing grad.rope 0.093808 ms
timing launches.grad.rope 2 count
timing syncs.grad.rope 0 count
timing grad.q_dB 0.976335 ms
timing launches.grad.q_dB 2 count
timing syncs.grad.q_dB 1 count
timing gemm.proj_dB 0.976335 ms
timing launches.gemm.proj_dB 2 count
timing syncs.gemm.proj_dB 1 count
timing grad.k_dB 0.99639 ms
timing launches.grad.k_dB 2 count
timing syncs.grad.k_dB 1 count
timing gemm.proj_dB 0.99639 ms
timing launches.gemm.proj_dB 2 count
timing syncs.gemm.proj_dB 1 count
timing grad.v_dB 1.040261 ms
timing launches.grad.v_dB 2 count
timing syncs.grad.v_dB 1 count
timing gemm.proj_dB 1.040261 ms
timing launches.gemm.proj_dB 2 count
timing syncs.gemm.proj_dB 1 count
timing grad.q_dA 1.046006 ms
timing launches.grad.q_dA 2 count
timing syncs.grad.q_dA 1 count
timing gemm.proj_dA 1.046006 ms
timing launches.gemm.proj_dA 2 count
timing syncs.gemm.proj_dA 1 count
timing grad.k_dA 1.024309 ms
timing launches.grad.k_dA 2 count
timing syncs.grad.k_dA 1 count
timing gemm.proj_dA 1.024309 ms
timing launches.gemm.proj_dA 2 count
timing syncs.gemm.proj_dA 1 count
timing grad.v_dA 1.017221 ms
timing launches.grad.v_dA 2 count
timing syncs.grad.v_dA 1 count
timing gemm.proj_dA 1.017221 ms
timing launches.gemm.proj_dA 2 count
timing syncs.gemm.proj_dA 1 count
timing grad.qkv_fanin 0.044055 ms
timing launches.grad.qkv_fanin 1 count
timing syncs.grad.qkv_fanin 0 count
timing grad.norm1_kernels 0.204789 ms
timing launches.grad.norm1_kernels 3 count
timing syncs.grad.norm1_kernels 0 count
timing grad.norm1_dW 0.06219 ms
timing launches.grad.norm1_dW 2 count
timing syncs.grad.norm1_dW 1 count
timing gemm.norm_dW 0.06219 ms
timing launches.gemm.norm_dW 2 count
timing syncs.gemm.norm_dW 1 count
timing grad.x_add 0.039402 ms
timing launches.grad.x_add 1 count
timing syncs.grad.x_add 0 count
timing bwd.after_attention 6.664166 ms
timing grad.refuse_scan 0.056183 ms
timing launches.grad.refuse_scan 1 count
timing syncs.grad.refuse_scan 1 count
timing grad.residual2_copy 0.03935 ms
timing launches.grad.residual2_copy 1 count
timing syncs.grad.residual2_copy 0 count
timing grad.down_dA 2.584762 ms
timing launches.grad.down_dA 2 count
timing syncs.grad.down_dA 1 count
timing gemm.down_dA 2.584762 ms
timing launches.gemm.down_dA 2 count
timing syncs.gemm.down_dA 1 count
timing grad.down_dB 2.643594 ms
timing launches.grad.down_dB 2 count
timing syncs.grad.down_dB 1 count
timing gemm.down_dB 2.643594 ms
timing launches.gemm.down_dB 2 count
timing syncs.gemm.down_dB 1 count
timing grad.gate_mul 0.16174 ms
timing launches.grad.gate_mul 1 count
timing syncs.grad.gate_mul 0 count
timing grad.silu 0.00139 ms
timing launches.grad.silu 0 count
timing syncs.grad.silu 0 count
timing grad.gate_dB 2.638209 ms
timing launches.grad.gate_dB 2 count
timing syncs.grad.gate_dB 1 count
timing gemm.gateup_dB 2.638209 ms
timing launches.gemm.gateup_dB 2 count
timing syncs.gemm.gateup_dB 1 count
timing grad.up_dB 2.608722 ms
timing launches.grad.up_dB 2 count
timing syncs.grad.up_dB 1 count
timing gemm.gateup_dB 2.608722 ms
timing launches.gemm.gateup_dB 2 count
timing syncs.gemm.gateup_dB 1 count
timing grad.gate_dA 2.592602 ms
timing launches.grad.gate_dA 2 count
timing syncs.grad.gate_dA 1 count
timing gemm.gateup_dA 2.592602 ms
timing launches.gemm.gateup_dA 2 count
timing syncs.gemm.gateup_dA 1 count
timing grad.up_dA 2.584879 ms
timing launches.grad.up_dA 2 count
timing syncs.grad.up_dA 1 count
timing gemm.gateup_dA 2.584879 ms
timing launches.gemm.gateup_dA 2 count
timing syncs.gemm.gateup_dA 1 count
timing grad.gateup_fanin 0.040623 ms
timing launches.grad.gateup_fanin 1 count
timing syncs.grad.gateup_fanin 0 count
timing grad.norm2_kernels 0.219578 ms
timing launches.grad.norm2_kernels 3 count
timing syncs.grad.norm2_kernels 0 count
timing grad.norm2_dW 0.062487 ms
timing launches.grad.norm2_dW 2 count
timing syncs.grad.norm2_dW 1 count
timing gemm.norm_dW 0.062487 ms
timing launches.gemm.norm_dW 2 count
timing syncs.gemm.norm_dW 1 count
timing grad.residual1_add 0.000792 ms
timing launches.grad.residual1_add 0 count
timing syncs.grad.residual1_add 0 count
timing grad.o_copy 0.000863 ms
timing launches.grad.o_copy 0 count
timing syncs.grad.o_copy 0 count
timing grad.o_dA 1.01719 ms
timing launches.grad.o_dA 2 count
timing syncs.grad.o_dA 1 count
timing gemm.proj_dA 1.01719 ms
timing launches.gemm.proj_dA 2 count
timing syncs.gemm.proj_dA 1 count
timing grad.o_dB 0.994369 ms
timing launches.grad.o_dB 2 count
timing syncs.grad.o_dB 1 count
timing gemm.proj_dB 0.994369 ms
timing launches.gemm.proj_dB 2 count
timing syncs.gemm.proj_dB 1 count
timing bwd.mlp_through_oproj 18.336418 ms
timing launches.bwd.mlp_through_oproj 25 count
timing syncs.bwd.mlp_through_oproj 10 count
timing bwd.before_attention 0.000693 ms
timing attn.bwd_regime_scan 0.291926 ms
timing attn.bwd_scratch_alloc 0.019513 ms
timing attn.bwd_zdot_estash_dres_pf 2.772502 ms
timing attn.bwd_dq_tiled_pf 5.658985 ms
timing attn.bwd_kvgrid_dkdv_pf 5.784923 ms
timing attn.bwd_corner_flag 0.061283 ms
timing bwd.attention 14.603313 ms
timing grad.kv_slice 0.05394 ms
timing launches.grad.kv_slice 1 count
timing syncs.grad.kv_slice 0 count
timing grad.rope 0.092259 ms
timing launches.grad.rope 2 count
timing syncs.grad.rope 0 count
timing grad.q_dB 0.974519 ms
timing launches.grad.q_dB 2 count
timing syncs.grad.q_dB 1 count
timing gemm.proj_dB 0.974519 ms
timing launches.gemm.proj_dB 2 count
timing syncs.gemm.proj_dB 1 count
timing grad.k_dB 0.9752 ms
timing launches.grad.k_dB 2 count
timing syncs.grad.k_dB 1 count
timing gemm.proj_dB 0.9752 ms
timing launches.gemm.proj_dB 2 count
timing syncs.gemm.proj_dB 1 count
timing grad.v_dB 1.021272 ms
timing launches.grad.v_dB 2 count
timing syncs.grad.v_dB 1 count
timing gemm.proj_dB 1.021272 ms
timing launches.gemm.proj_dB 2 count
timing syncs.gemm.proj_dB 1 count
timing grad.q_dA 1.040036 ms
timing launches.grad.q_dA 2 count
timing syncs.grad.q_dA 1 count
timing gemm.proj_dA 1.040036 ms
timing launches.gemm.proj_dA 2 count
timing syncs.gemm.proj_dA 1 count
timing grad.k_dA 1.052075 ms
timing launches.grad.k_dA 2 count
timing syncs.grad.k_dA 1 count
timing gemm.proj_dA 1.052075 ms
timing launches.gemm.proj_dA 2 count
timing syncs.gemm.proj_dA 1 count
timing grad.v_dA 1.046318 ms
timing launches.grad.v_dA 2 count
timing syncs.grad.v_dA 1 count
timing gemm.proj_dA 1.046318 ms
timing launches.gemm.proj_dA 2 count
timing syncs.gemm.proj_dA 1 count
timing grad.qkv_fanin 0.041925 ms
timing launches.grad.qkv_fanin 1 count
timing syncs.grad.qkv_fanin 0 count
timing grad.norm1_kernels 0.21395 ms
timing launches.grad.norm1_kernels 3 count
timing syncs.grad.norm1_kernels 0 count
timing grad.norm1_dW 0.069326 ms
timing launches.grad.norm1_dW 2 count
timing syncs.grad.norm1_dW 1 count
timing gemm.norm_dW 0.069326 ms
timing launches.gemm.norm_dW 2 count
timing syncs.gemm.norm_dW 1 count
timing grad.x_add 0.040453 ms
timing launches.grad.x_add 1 count
timing syncs.grad.x_add 0 count
timing bwd.after_attention 6.683188 ms
timing grad.refuse_scan 0.056275 ms
timing launches.grad.refuse_scan 1 count
timing syncs.grad.refuse_scan 1 count
timing grad.residual2_copy 0.040791 ms
timing launches.grad.residual2_copy 1 count
timing syncs.grad.residual2_copy 0 count
timing grad.down_dA 2.615137 ms
timing launches.grad.down_dA 2 count
timing syncs.grad.down_dA 1 count
timing gemm.down_dA 2.615137 ms
timing launches.gemm.down_dA 2 count
timing syncs.gemm.down_dA 1 count
timing grad.down_dB 2.590779 ms
timing launches.grad.down_dB 2 count
timing syncs.grad.down_dB 1 count
timing gemm.down_dB 2.590779 ms
timing launches.gemm.down_dB 2 count
timing syncs.gemm.down_dB 1 count
timing grad.gate_mul 0.15974 ms
timing launches.grad.gate_mul 1 count
timing syncs.grad.gate_mul 0 count
timing grad.silu 0.001198 ms
timing launches.grad.silu 0 count
timing syncs.grad.silu 0 count
timing grad.gate_dB 2.628964 ms
timing launches.grad.gate_dB 2 count
timing syncs.grad.gate_dB 1 count
timing gemm.gateup_dB 2.628964 ms
timing launches.gemm.gateup_dB 2 count
timing syncs.gemm.gateup_dB 1 count
timing grad.up_dB 2.622225 ms
timing launches.grad.up_dB 2 count
timing syncs.grad.up_dB 1 count
timing gemm.gateup_dB 2.622225 ms
timing launches.gemm.gateup_dB 2 count
timing syncs.gemm.gateup_dB 1 count
timing grad.gate_dA 2.586411 ms
timing launches.grad.gate_dA 2 count
timing syncs.grad.gate_dA 1 count
timing gemm.gateup_dA 2.586411 ms
timing launches.gemm.gateup_dA 2 count
timing syncs.gemm.gateup_dA 1 count
timing grad.up_dA 2.590543 ms
timing launches.grad.up_dA 2 count
timing syncs.grad.up_dA 1 count
timing gemm.gateup_dA 2.590543 ms
timing launches.gemm.gateup_dA 2 count
timing syncs.gemm.gateup_dA 1 count
timing grad.gateup_fanin 0.041032 ms
timing launches.grad.gateup_fanin 1 count
timing syncs.grad.gateup_fanin 0 count
timing grad.norm2_kernels 0.214067 ms
timing launches.grad.norm2_kernels 3 count
timing syncs.grad.norm2_kernels 0 count
timing grad.norm2_dW 0.060421 ms
timing launches.grad.norm2_dW 2 count
timing syncs.grad.norm2_dW 1 count
timing gemm.norm_dW 0.060421 ms
timing launches.gemm.norm_dW 2 count
timing syncs.gemm.norm_dW 1 count
timing grad.residual1_add 0.00082 ms
timing launches.grad.residual1_add 0 count
timing syncs.grad.residual1_add 0 count
timing grad.o_copy 0.000854 ms
timing launches.grad.o_copy 0 count
timing syncs.grad.o_copy 0 count
timing grad.o_dA 1.013978 ms
timing launches.grad.o_dA 2 count
timing syncs.grad.o_dA 1 count
timing gemm.proj_dA 1.013978 ms
timing launches.gemm.proj_dA 2 count
timing syncs.gemm.proj_dA 1 count
timing grad.o_dB 1.012585 ms
timing launches.grad.o_dB 2 count
timing syncs.grad.o_dB 1 count
timing gemm.proj_dB 1.012585 ms
timing launches.gemm.proj_dB 2 count
timing syncs.gemm.proj_dB 1 count
timing bwd.mlp_through_oproj 18.318963 ms
timing launches.bwd.mlp_through_oproj 25 count
timing syncs.bwd.mlp_through_oproj 10 count
timing bwd.before_attention 0.000687 ms
timing attn.bwd_regime_scan 0.289425 ms
timing attn.bwd_scratch_alloc 0.018264 ms
timing attn.bwd_zdot_estash_dres_pf 2.8206 ms
timing attn.bwd_dq_tiled_pf 5.40886 ms
timing attn.bwd_kvgrid_dkdv_pf 5.718558 ms
timing attn.bwd_corner_flag 0.130185 ms
timing bwd.attention 14.399882 ms
timing grad.kv_slice 0.05372 ms
timing launches.grad.kv_slice 1 count
timing syncs.grad.kv_slice 0 count
timing grad.rope 0.093356 ms
timing launches.grad.rope 2 count
timing syncs.grad.rope 0 count
timing grad.q_dB 0.973143 ms
timing launches.grad.q_dB 2 count
timing syncs.grad.q_dB 1 count
timing gemm.proj_dB 0.973143 ms
timing launches.gemm.proj_dB 2 count
timing syncs.gemm.proj_dB 1 count
timing grad.k_dB 0.996855 ms
timing launches.grad.k_dB 2 count
timing syncs.grad.k_dB 1 count
timing gemm.proj_dB 0.996855 ms
timing launches.gemm.proj_dB 2 count
timing syncs.gemm.proj_dB 1 count
timing grad.v_dB 1.040872 ms
timing launches.grad.v_dB 2 count
timing syncs.grad.v_dB 1 count
timing gemm.proj_dB 1.040872 ms
timing launches.gemm.proj_dB 2 count
timing syncs.gemm.proj_dB 1 count
timing grad.q_dA 1.052775 ms
timing launches.grad.q_dA 2 count
timing syncs.grad.q_dA 1 count
timing gemm.proj_dA 1.052775 ms
timing launches.gemm.proj_dA 2 count
timing syncs.gemm.proj_dA 1 count
timing grad.k_dA 1.036774 ms
timing launches.grad.k_dA 2 count
timing syncs.grad.k_dA 1 count
timing gemm.proj_dA 1.036774 ms
timing launches.gemm.proj_dA 2 count
timing syncs.gemm.proj_dA 1 count
timing grad.v_dA 1.036165 ms
timing launches.grad.v_dA 2 count
timing syncs.grad.v_dA 1 count
timing gemm.proj_dA 1.036165 ms
timing launches.gemm.proj_dA 2 count
timing syncs.gemm.proj_dA 1 count
timing grad.qkv_fanin 0.042473 ms
timing launches.grad.qkv_fanin 1 count
timing syncs.grad.qkv_fanin 0 count
timing grad.norm1_kernels 0.206962 ms
timing launches.grad.norm1_kernels 3 count
timing syncs.grad.norm1_kernels 0 count
timing grad.norm1_dW 0.06147 ms
timing launches.grad.norm1_dW 2 count
timing syncs.grad.norm1_dW 1 count
timing gemm.norm_dW 0.06147 ms
timing launches.gemm.norm_dW 2 count
timing syncs.gemm.norm_dW 1 count
timing grad.x_add 0.041421 ms
timing launches.grad.x_add 1 count
timing syncs.grad.x_add 0 count
timing bwd.after_attention 6.69844 ms
timing grad.refuse_scan 0.057304 ms
timing launches.grad.refuse_scan 1 count
timing syncs.grad.refuse_scan 1 count
timing grad.residual2_copy 0.03979 ms
timing launches.grad.residual2_copy 1 count
timing syncs.grad.residual2_copy 0 count
timing grad.down_dA 2.606607 ms
timing launches.grad.down_dA 2 count
timing syncs.grad.down_dA 1 count
timing gemm.down_dA 2.606607 ms
timing launches.gemm.down_dA 2 count
timing syncs.gemm.down_dA 1 count
timing grad.down_dB 2.59566 ms
timing launches.grad.down_dB 2 count
timing syncs.grad.down_dB 1 count
timing gemm.down_dB 2.59566 ms
timing launches.gemm.down_dB 2 count
timing syncs.gemm.down_dB 1 count
timing grad.gate_mul 0.159606 ms
timing launches.grad.gate_mul 1 count
timing syncs.grad.gate_mul 0 count
timing grad.silu 0.001412 ms
timing launches.grad.silu 0 count
timing syncs.grad.silu 0 count
timing grad.gate_dB 2.633151 ms
timing launches.grad.gate_dB 2 count
timing syncs.grad.gate_dB 1 count
timing gemm.gateup_dB 2.633151 ms
timing launches.gemm.gateup_dB 2 count
timing syncs.gemm.gateup_dB 1 count
timing grad.up_dB 2.581171 ms
timing launches.grad.up_dB 2 count
timing syncs.grad.up_dB 1 count
timing gemm.gateup_dB 2.581171 ms
timing launches.gemm.gateup_dB 2 count
timing syncs.gemm.gateup_dB 1 count
timing grad.gate_dA 2.620274 ms
timing launches.grad.gate_dA 2 count
timing syncs.grad.gate_dA 1 count
timing gemm.gateup_dA 2.620274 ms
timing launches.gemm.gateup_dA 2 count
timing syncs.gemm.gateup_dA 1 count
timing grad.up_dA 2.599712 ms
timing launches.grad.up_dA 2 count
timing syncs.grad.up_dA 1 count
timing gemm.gateup_dA 2.599712 ms
timing launches.gemm.gateup_dA 2 count
timing syncs.gemm.gateup_dA 1 count
timing grad.gateup_fanin 0.040817 ms
timing launches.grad.gateup_fanin 1 count
timing syncs.grad.gateup_fanin 0 count
timing grad.norm2_kernels 0.220726 ms
timing launches.grad.norm2_kernels 3 count
timing syncs.grad.norm2_kernels 0 count
timing grad.norm2_dW 0.063501 ms
timing launches.grad.norm2_dW 2 count
timing syncs.grad.norm2_dW 1 count
timing gemm.norm_dW 0.063501 ms
timing launches.gemm.norm_dW 2 count
timing syncs.gemm.norm_dW 1 count
timing grad.residual1_add 0.000848 ms
timing launches.grad.residual1_add 0 count
timing syncs.grad.residual1_add 0 count
timing grad.o_copy 0.000873 ms
timing launches.grad.o_copy 0 count
timing syncs.grad.o_copy 0 count
timing grad.o_dA 1.03577 ms
timing launches.grad.o_dA 2 count
timing syncs.grad.o_dA 1 count
timing gemm.proj_dA 1.03577 ms
timing launches.gemm.proj_dA 2 count
timing syncs.gemm.proj_dA 1 count
timing grad.o_dB 0.97949 ms
timing launches.grad.o_dB 2 count
timing syncs.grad.o_dB 1 count
timing gemm.proj_dB 0.97949 ms
timing launches.gemm.proj_dB 2 count
timing syncs.gemm.proj_dB 1 count
timing bwd.mlp_through_oproj 18.319774 ms
timing launches.bwd.mlp_through_oproj 25 count
timing syncs.bwd.mlp_through_oproj 10 count
timing bwd.before_attention 0.000684 ms
timing attn.bwd_regime_scan 0.290904 ms
timing attn.bwd_scratch_alloc 0.019426 ms
timing attn.bwd_zdot_estash_dres_pf 2.756174 ms
timing attn.bwd_dq_tiled_pf 5.627414 ms
timing attn.bwd_kvgrid_dkdv_pf 5.496116 ms
timing attn.bwd_corner_flag 0.063775 ms
timing bwd.attention 14.267348 ms
timing grad.kv_slice 0.053275 ms
timing launches.grad.kv_slice 1 count
timing syncs.grad.kv_slice 0 count
timing grad.rope 0.08864 ms
timing launches.grad.rope 2 count
timing syncs.grad.rope 0 count
timing grad.q_dB 0.98172 ms
timing launches.grad.q_dB 2 count
timing syncs.grad.q_dB 1 count
timing gemm.proj_dB 0.98172 ms
timing launches.gemm.proj_dB 2 count
timing syncs.gemm.proj_dB 1 count
timing grad.k_dB 0.988651 ms
timing launches.grad.k_dB 2 count
timing syncs.grad.k_dB 1 count
timing gemm.proj_dB 0.988651 ms
timing launches.gemm.proj_dB 2 count
timing syncs.gemm.proj_dB 1 count
timing grad.v_dB 1.032639 ms
timing launches.grad.v_dB 2 count
timing syncs.grad.v_dB 1 count
timing gemm.proj_dB 1.032639 ms
timing launches.gemm.proj_dB 2 count
timing syncs.gemm.proj_dB 1 count
timing grad.q_dA 1.022539 ms
timing launches.grad.q_dA 2 count
timing syncs.grad.q_dA 1 count
timing gemm.proj_dA 1.022539 ms
timing launches.gemm.proj_dA 2 count
timing syncs.gemm.proj_dA 1 count
timing grad.k_dA 1.016709 ms
timing launches.grad.k_dA 2 count
timing syncs.grad.k_dA 1 count
timing gemm.proj_dA 1.016709 ms
timing launches.gemm.proj_dA 2 count
timing syncs.gemm.proj_dA 1 count
timing grad.v_dA 1.019202 ms
timing launches.grad.v_dA 2 count
timing syncs.grad.v_dA 1 count
timing gemm.proj_dA 1.019202 ms
timing launches.gemm.proj_dA 2 count
timing syncs.gemm.proj_dA 1 count
timing grad.qkv_fanin 0.042478 ms
timing launches.grad.qkv_fanin 1 count
timing syncs.grad.qkv_fanin 0 count
timing grad.norm1_kernels 0.203815 ms
timing launches.grad.norm1_kernels 3 count
timing syncs.grad.norm1_kernels 0 count
timing grad.norm1_dW 0.061162 ms
timing launches.grad.norm1_dW 2 count
timing syncs.grad.norm1_dW 1 count
timing gemm.norm_dW 0.061162 ms
timing launches.gemm.norm_dW 2 count
timing syncs.gemm.norm_dW 1 count
timing grad.x_add 0.039404 ms
timing launches.grad.x_add 1 count
timing syncs.grad.x_add 0 count
timing bwd.after_attention 6.612635 ms
timing grad.refuse_scan 0.057539 ms
timing launches.grad.refuse_scan 1 count
timing syncs.grad.refuse_scan 1 count
timing grad.residual2_copy 0.039904 ms
timing launches.grad.residual2_copy 1 count
timing syncs.grad.residual2_copy 0 count
timing grad.down_dA 2.596487 ms
timing launches.grad.down_dA 2 count
timing syncs.grad.down_dA 1 count
timing gemm.down_dA 2.596487 ms
timing launches.gemm.down_dA 2 count
timing syncs.gemm.down_dA 1 count
timing grad.down_dB 2.636085 ms
timing launches.grad.down_dB 2 count
timing syncs.grad.down_dB 1 count
timing gemm.down_dB 2.636085 ms
timing launches.gemm.down_dB 2 count
timing syncs.gemm.down_dB 1 count
timing grad.gate_mul 0.165048 ms
timing launches.grad.gate_mul 1 count
timing syncs.grad.gate_mul 0 count
timing grad.silu 0.00115 ms
timing launches.grad.silu 0 count
timing syncs.grad.silu 0 count
timing grad.gate_dB 2.628006 ms
timing launches.grad.gate_dB 2 count
timing syncs.grad.gate_dB 1 count
timing gemm.gateup_dB 2.628006 ms
timing launches.gemm.gateup_dB 2 count
timing syncs.gemm.gateup_dB 1 count
timing grad.up_dB 2.603476 ms
timing launches.grad.up_dB 2 count
timing syncs.grad.up_dB 1 count
timing gemm.gateup_dB 2.603476 ms
timing launches.gemm.gateup_dB 2 count
timing syncs.gemm.gateup_dB 1 count
timing grad.gate_dA 2.59906 ms
timing launches.grad.gate_dA 2 count
timing syncs.grad.gate_dA 1 count
timing gemm.gateup_dA 2.59906 ms
timing launches.gemm.gateup_dA 2 count
timing syncs.gemm.gateup_dA 1 count
timing grad.up_dA 2.628966 ms
timing launches.grad.up_dA 2 count
timing syncs.grad.up_dA 1 count
timing gemm.gateup_dA 2.628966 ms
timing launches.gemm.gateup_dA 2 count
timing syncs.gemm.gateup_dA 1 count
timing grad.gateup_fanin 0.043441 ms
timing launches.grad.gateup_fanin 1 count
timing syncs.grad.gateup_fanin 0 count
timing grad.norm2_kernels 0.220538 ms
timing launches.grad.norm2_kernels 3 count
timing syncs.grad.norm2_kernels 0 count
timing grad.norm2_dW 0.063247 ms
timing launches.grad.norm2_dW 2 count
timing syncs.grad.norm2_dW 1 count
timing gemm.norm_dW 0.063247 ms
timing launches.gemm.norm_dW 2 count
timing syncs.gemm.norm_dW 1 count
timing grad.residual1_add 0.000814 ms
timing launches.grad.residual1_add 0 count
timing syncs.grad.residual1_add 0 count
timing grad.o_copy 0.000865 ms
timing launches.grad.o_copy 0 count
timing syncs.grad.o_copy 0 count
timing grad.o_dA 1.016217 ms
timing launches.grad.o_dA 2 count
timing syncs.grad.o_dA 1 count
timing gemm.proj_dA 1.016217 ms
timing launches.gemm.proj_dA 2 count
timing syncs.gemm.proj_dA 1 count
timing grad.o_dB 0.99912 ms
timing launches.grad.o_dB 2 count
timing syncs.grad.o_dB 1 count
timing gemm.proj_dB 0.99912 ms
timing launches.gemm.proj_dB 2 count
timing syncs.gemm.proj_dB 1 count
timing bwd.mlp_through_oproj 18.384578 ms
timing launches.bwd.mlp_through_oproj 25 count
timing syncs.bwd.mlp_through_oproj 10 count
timing bwd.before_attention 0.000711 ms
timing attn.bwd_regime_scan 0.292034 ms
timing attn.bwd_scratch_alloc 0.018146 ms
timing attn.bwd_zdot_estash_dres_pf 2.712539 ms
timing attn.bwd_dq_tiled_pf 5.403941 ms
timing attn.bwd_kvgrid_dkdv_pf 5.734804 ms
timing attn.bwd_corner_flag 0.064946 ms
timing bwd.attention 14.240232 ms
timing grad.kv_slice 0.054382 ms
timing launches.grad.kv_slice 1 count
timing syncs.grad.kv_slice 0 count
timing grad.rope 0.09048 ms
timing launches.grad.rope 2 count
timing syncs.grad.rope 0 count
timing grad.q_dB 0.974811 ms
timing launches.grad.q_dB 2 count
timing syncs.grad.q_dB 1 count
timing gemm.proj_dB 0.974811 ms
timing launches.gemm.proj_dB 2 count
timing syncs.gemm.proj_dB 1 count
timing grad.k_dB 0.961282 ms
timing launches.grad.k_dB 2 count
timing syncs.grad.k_dB 1 count
timing gemm.proj_dB 0.961282 ms
timing launches.gemm.proj_dB 2 count
timing syncs.gemm.proj_dB 1 count
timing grad.v_dB 1.016861 ms
timing launches.grad.v_dB 2 count
timing syncs.grad.v_dB 1 count
timing gemm.proj_dB 1.016861 ms
timing launches.gemm.proj_dB 2 count
timing syncs.gemm.proj_dB 1 count
timing grad.q_dA 1.02604 ms
timing launches.grad.q_dA 2 count
timing syncs.grad.q_dA 1 count
timing gemm.proj_dA 1.02604 ms
timing launches.gemm.proj_dA 2 count
timing syncs.gemm.proj_dA 1 count
timing grad.k_dA 1.035758 ms
timing launches.grad.k_dA 2 count
timing syncs.grad.k_dA 1 count
timing gemm.proj_dA 1.035758 ms
timing launches.gemm.proj_dA 2 count
timing syncs.gemm.proj_dA 1 count
timing grad.v_dA 1.033411 ms
timing launches.grad.v_dA 2 count
timing syncs.grad.v_dA 1 count
timing gemm.proj_dA 1.033411 ms
timing launches.gemm.proj_dA 2 count
timing syncs.gemm.proj_dA 1 count
timing grad.qkv_fanin 0.041298 ms
timing launches.grad.qkv_fanin 1 count
timing syncs.grad.qkv_fanin 0 count
timing grad.norm1_kernels 0.205659 ms
timing launches.grad.norm1_kernels 3 count
timing syncs.grad.norm1_kernels 0 count
timing grad.norm1_dW 0.061628 ms
timing launches.grad.norm1_dW 2 count
timing syncs.grad.norm1_dW 1 count
timing gemm.norm_dW 0.061628 ms
timing launches.gemm.norm_dW 2 count
timing syncs.gemm.norm_dW 1 count
timing grad.x_add 0.039776 ms
timing launches.grad.x_add 1 count
timing syncs.grad.x_add 0 count
timing bwd.after_attention 6.602158 ms
timing grad.refuse_scan 0.057494 ms
timing launches.grad.refuse_scan 1 count
timing syncs.grad.refuse_scan 1 count
timing grad.residual2_copy 0.039524 ms
timing launches.grad.residual2_copy 1 count
timing syncs.grad.residual2_copy 0 count
timing grad.down_dA 2.580209 ms
timing launches.grad.down_dA 2 count
timing syncs.grad.down_dA 1 count
timing gemm.down_dA 2.580209 ms
timing launches.gemm.down_dA 2 count
timing syncs.gemm.down_dA 1 count
timing grad.down_dB 2.624848 ms
timing launches.grad.down_dB 2 count
timing syncs.grad.down_dB 1 count
timing gemm.down_dB 2.624848 ms
timing launches.gemm.down_dB 2 count
timing syncs.gemm.down_dB 1 count
timing grad.gate_mul 0.16102 ms
timing launches.grad.gate_mul 1 count
timing syncs.grad.gate_mul 0 count
timing grad.silu 0.001082 ms
timing launches.grad.silu 0 count
timing syncs.grad.silu 0 count
timing grad.gate_dB 2.620677 ms
timing launches.grad.gate_dB 2 count
timing syncs.grad.gate_dB 1 count
timing gemm.gateup_dB 2.620677 ms
timing launches.gemm.gateup_dB 2 count
timing syncs.gemm.gateup_dB 1 count
timing grad.up_dB 2.594511 ms
timing launches.grad.up_dB 2 count
timing syncs.grad.up_dB 1 count
timing gemm.gateup_dB 2.594511 ms
timing launches.gemm.gateup_dB 2 count
timing syncs.gemm.gateup_dB 1 count
timing grad.gate_dA 2.590001 ms
timing launches.grad.gate_dA 2 count
timing syncs.grad.gate_dA 1 count
timing gemm.gateup_dA 2.590001 ms
timing launches.gemm.gateup_dA 2 count
timing syncs.gemm.gateup_dA 1 count
timing grad.up_dA 2.577215 ms
timing launches.grad.up_dA 2 count
timing syncs.grad.up_dA 1 count
timing gemm.gateup_dA 2.577215 ms
timing launches.gemm.gateup_dA 2 count
timing syncs.gemm.gateup_dA 1 count
timing grad.gateup_fanin 0.040312 ms
timing launches.grad.gateup_fanin 1 count
timing syncs.grad.gateup_fanin 0 count
timing grad.norm2_kernels 0.217861 ms
timing launches.grad.norm2_kernels 3 count
timing syncs.grad.norm2_kernels 0 count
timing grad.norm2_dW 0.062972 ms
timing launches.grad.norm2_dW 2 count
timing syncs.grad.norm2_dW 1 count
timing gemm.norm_dW 0.062972 ms
timing launches.gemm.norm_dW 2 count
timing syncs.gemm.norm_dW 1 count
timing grad.residual1_add 0.000797 ms
timing launches.grad.residual1_add 0 count
timing syncs.grad.residual1_add 0 count
timing grad.o_copy 0.000846 ms
timing launches.grad.o_copy 0 count
timing syncs.grad.o_copy 0 count
timing grad.o_dA 1.005386 ms
timing launches.grad.o_dA 2 count
timing syncs.grad.o_dA 1 count
timing gemm.proj_dA 1.005386 ms
timing launches.gemm.proj_dA 2 count
timing syncs.gemm.proj_dA 1 count
timing grad.o_dB 0.993907 ms
timing launches.grad.o_dB 2 count
timing syncs.grad.o_dB 1 count
timing gemm.proj_dB 0.993907 ms
timing launches.gemm.proj_dB 2 count
timing syncs.gemm.proj_dB 1 count
timing bwd.mlp_through_oproj 18.253862 ms
timing launches.bwd.mlp_through_oproj 25 count
timing syncs.bwd.mlp_through_oproj 10 count
timing bwd.before_attention 0.000674 ms
timing attn.bwd_regime_scan 0.291585 ms
timing attn.bwd_scratch_alloc 0.018015 ms
timing attn.bwd_zdot_estash_dres_pf 2.895131 ms
timing attn.bwd_dq_tiled_pf 5.343458 ms
timing attn.bwd_kvgrid_dkdv_pf 5.540901 ms
timing attn.bwd_corner_flag 0.065487 ms
timing bwd.attention 14.168077 ms
timing grad.kv_slice 0.052665 ms
timing launches.grad.kv_slice 1 count
timing syncs.grad.kv_slice 0 count
timing grad.rope 0.088762 ms
timing launches.grad.rope 2 count
timing syncs.grad.rope 0 count
timing grad.q_dB 0.983516 ms
timing launches.grad.q_dB 2 count
timing syncs.grad.q_dB 1 count
timing gemm.proj_dB 0.983516 ms
timing launches.gemm.proj_dB 2 count
timing syncs.gemm.proj_dB 1 count
timing grad.k_dB 0.98858 ms
timing launches.grad.k_dB 2 count
timing syncs.grad.k_dB 1 count
timing gemm.proj_dB 0.98858 ms
timing launches.gemm.proj_dB 2 count
timing syncs.gemm.proj_dB 1 count
timing grad.v_dB 1.034921 ms
timing launches.grad.v_dB 2 count
timing syncs.grad.v_dB 1 count
timing gemm.proj_dB 1.034921 ms
timing launches.gemm.proj_dB 2 count
timing syncs.gemm.proj_dB 1 count
timing grad.q_dA 1.028866 ms
timing launches.grad.q_dA 2 count
timing syncs.grad.q_dA 1 count
timing gemm.proj_dA 1.028866 ms
timing launches.gemm.proj_dA 2 count
timing syncs.gemm.proj_dA 1 count
timing grad.k_dA 1.030356 ms
timing launches.grad.k_dA 2 count
timing syncs.grad.k_dA 1 count
timing gemm.proj_dA 1.030356 ms
timing launches.gemm.proj_dA 2 count
timing syncs.gemm.proj_dA 1 count
timing grad.v_dA 1.038345 ms
timing launches.grad.v_dA 2 count
timing syncs.grad.v_dA 1 count
timing gemm.proj_dA 1.038345 ms
timing launches.gemm.proj_dA 2 count
timing syncs.gemm.proj_dA 1 count
timing grad.qkv_fanin 0.042494 ms
timing launches.grad.qkv_fanin 1 count
timing syncs.grad.qkv_fanin 0 count
timing grad.norm1_kernels 0.203024 ms
timing launches.grad.norm1_kernels 3 count
timing syncs.grad.norm1_kernels 0 count
timing grad.norm1_dW 0.062594 ms
timing launches.grad.norm1_dW 2 count
timing syncs.grad.norm1_dW 1 count
timing gemm.norm_dW 0.062594 ms
timing launches.gemm.norm_dW 2 count
timing syncs.gemm.norm_dW 1 count
timing grad.x_add 0.039596 ms
timing launches.grad.x_add 1 count
timing syncs.grad.x_add 0 count
timing bwd.after_attention 6.656343 ms
timing grad.refuse_scan 0.05592 ms
timing launches.grad.refuse_scan 1 count
timing syncs.grad.refuse_scan 1 count
timing grad.residual2_copy 0.038866 ms
timing launches.grad.residual2_copy 1 count
timing syncs.grad.residual2_copy 0 count
timing grad.down_dA 2.56373 ms
timing launches.grad.down_dA 2 count
timing syncs.grad.down_dA 1 count
timing gemm.down_dA 2.56373 ms
timing launches.gemm.down_dA 2 count
timing syncs.gemm.down_dA 1 count
timing grad.down_dB 2.629573 ms
timing launches.grad.down_dB 2 count
timing syncs.grad.down_dB 1 count
timing gemm.down_dB 2.629573 ms
timing launches.gemm.down_dB 2 count
timing syncs.gemm.down_dB 1 count
timing grad.gate_mul 0.160076 ms
timing launches.grad.gate_mul 1 count
timing syncs.grad.gate_mul 0 count
timing grad.silu 0.001109 ms
timing launches.grad.silu 0 count
timing syncs.grad.silu 0 count
timing grad.gate_dB 2.642206 ms
timing launches.grad.gate_dB 2 count
timing syncs.grad.gate_dB 1 count
timing gemm.gateup_dB 2.642206 ms
timing launches.gemm.gateup_dB 2 count
timing syncs.gemm.gateup_dB 1 count
timing grad.up_dB 2.610135 ms
timing launches.grad.up_dB 2 count
timing syncs.grad.up_dB 1 count
timing gemm.gateup_dB 2.610135 ms
timing launches.gemm.gateup_dB 2 count
timing syncs.gemm.gateup_dB 1 count
timing grad.gate_dA 2.59631 ms
timing launches.grad.gate_dA 2 count
timing syncs.grad.gate_dA 1 count
timing gemm.gateup_dA 2.59631 ms
timing launches.gemm.gateup_dA 2 count
timing syncs.gemm.gateup_dA 1 count
timing grad.up_dA 2.59376 ms
timing launches.grad.up_dA 2 count
timing syncs.grad.up_dA 1 count
timing gemm.gateup_dA 2.59376 ms
timing launches.gemm.gateup_dA 2 count
timing syncs.gemm.gateup_dA 1 count
timing grad.gateup_fanin 0.041297 ms
timing launches.grad.gateup_fanin 1 count
timing syncs.grad.gateup_fanin 0 count
timing grad.norm2_kernels 0.220466 ms
timing launches.grad.norm2_kernels 3 count
timing syncs.grad.norm2_kernels 0 count
timing grad.norm2_dW 0.062688 ms
timing launches.grad.norm2_dW 2 count
timing syncs.grad.norm2_dW 1 count
timing gemm.norm_dW 0.062688 ms
timing launches.gemm.norm_dW 2 count
timing syncs.gemm.norm_dW 1 count
timing grad.residual1_add 0.000819 ms
timing launches.grad.residual1_add 0 count
timing syncs.grad.residual1_add 0 count
timing grad.o_copy 0.000862 ms
timing launches.grad.o_copy 0 count
timing syncs.grad.o_copy 0 count
timing grad.o_dA 1.017105 ms
timing launches.grad.o_dA 2 count
timing syncs.grad.o_dA 1 count
timing gemm.proj_dA 1.017105 ms
timing launches.gemm.proj_dA 2 count
timing syncs.gemm.proj_dA 1 count
timing grad.o_dB 0.994819 ms
timing launches.grad.o_dB 2 count
timing syncs.grad.o_dB 1 count
timing gemm.proj_dB 0.994819 ms
timing launches.gemm.proj_dB 2 count
timing syncs.gemm.proj_dB 1 count
timing bwd.mlp_through_oproj 18.315694 ms
timing launches.bwd.mlp_through_oproj 25 count
timing syncs.bwd.mlp_through_oproj 10 count
timing bwd.before_attention 0.000696 ms
timing attn.bwd_regime_scan 0.291502 ms
timing attn.bwd_scratch_alloc 0.018353 ms
timing attn.bwd_zdot_estash_dres_pf 2.791299 ms
timing attn.bwd_dq_tiled_pf 5.378045 ms
timing attn.bwd_kvgrid_dkdv_pf 5.442186 ms
timing attn.bwd_corner_flag 0.062207 ms
timing bwd.attention 13.997432 ms
timing grad.kv_slice 0.053514 ms
timing launches.grad.kv_slice 1 count
timing syncs.grad.kv_slice 0 count
timing grad.rope 0.089379 ms
timing launches.grad.rope 2 count
timing syncs.grad.rope 0 count
timing grad.q_dB 0.984201 ms
timing launches.grad.q_dB 2 count
timing syncs.grad.q_dB 1 count
timing gemm.proj_dB 0.984201 ms
timing launches.gemm.proj_dB 2 count
timing syncs.gemm.proj_dB 1 count
timing grad.k_dB 0.997639 ms
timing launches.grad.k_dB 2 count
timing syncs.grad.k_dB 1 count
timing gemm.proj_dB 0.997639 ms
timing launches.gemm.proj_dB 2 count
timing syncs.gemm.proj_dB 1 count
timing grad.v_dB 1.043517 ms
timing launches.grad.v_dB 2 count
timing syncs.grad.v_dB 1 count
timing gemm.proj_dB 1.043517 ms
timing launches.gemm.proj_dB 2 count
timing syncs.gemm.proj_dB 1 count
timing grad.q_dA 1.033602 ms
timing launches.grad.q_dA 2 count
timing syncs.grad.q_dA 1 count
timing gemm.proj_dA 1.033602 ms
timing launches.gemm.proj_dA 2 count
timing syncs.gemm.proj_dA 1 count
timing grad.k_dA 1.045614 ms
timing launches.grad.k_dA 2 count
timing syncs.grad.k_dA 1 count
timing gemm.proj_dA 1.045614 ms
timing launches.gemm.proj_dA 2 count
timing syncs.gemm.proj_dA 1 count
timing grad.v_dA 1.040588 ms
timing launches.grad.v_dA 2 count
timing syncs.grad.v_dA 1 count
timing gemm.proj_dA 1.040588 ms
timing launches.gemm.proj_dA 2 count
timing syncs.gemm.proj_dA 1 count
timing grad.qkv_fanin 0.042048 ms
timing launches.grad.qkv_fanin 1 count
timing syncs.grad.qkv_fanin 0 count
timing grad.norm1_kernels 0.211766 ms
timing launches.grad.norm1_kernels 3 count
timing syncs.grad.norm1_kernels 0 count
timing grad.norm1_dW 0.064659 ms
timing launches.grad.norm1_dW 2 count
timing syncs.grad.norm1_dW 1 count
timing gemm.norm_dW 0.064659 ms
timing launches.gemm.norm_dW 2 count
timing syncs.gemm.norm_dW 1 count
timing grad.x_add 0.040247 ms
timing launches.grad.x_add 1 count
timing syncs.grad.x_add 0 count
timing bwd.after_attention 6.714884 ms
timing grad.refuse_scan 0.057181 ms
timing launches.grad.refuse_scan 1 count
timing syncs.grad.refuse_scan 1 count
timing grad.residual2_copy 0.039778 ms
timing launches.grad.residual2_copy 1 count
timing syncs.grad.residual2_copy 0 count
timing grad.down_dA 2.604081 ms
timing launches.grad.down_dA 2 count
timing syncs.grad.down_dA 1 count
timing gemm.down_dA 2.604081 ms
timing launches.gemm.down_dA 2 count
timing syncs.gemm.down_dA 1 count
timing grad.down_dB 2.629312 ms
timing launches.grad.down_dB 2 count
timing syncs.grad.down_dB 1 count
timing gemm.down_dB 2.629312 ms
timing launches.gemm.down_dB 2 count
timing syncs.gemm.down_dB 1 count
timing grad.gate_mul 0.160213 ms
timing launches.grad.gate_mul 1 count
timing syncs.grad.gate_mul 0 count
timing grad.silu 0.001063 ms
timing launches.grad.silu 0 count
timing syncs.grad.silu 0 count
timing grad.gate_dB 2.624418 ms
timing launches.grad.gate_dB 2 count
timing syncs.grad.gate_dB 1 count
timing gemm.gateup_dB 2.624418 ms
timing launches.gemm.gateup_dB 2 count
timing syncs.gemm.gateup_dB 1 count
timing grad.up_dB 2.612296 ms
timing launches.grad.up_dB 2 count
timing syncs.grad.up_dB 1 count
timing gemm.gateup_dB 2.612296 ms
timing launches.gemm.gateup_dB 2 count
timing syncs.gemm.gateup_dB 1 count
timing grad.gate_dA 2.641396 ms
timing launches.grad.gate_dA 2 count
timing syncs.grad.gate_dA 1 count
timing gemm.gateup_dA 2.641396 ms
timing launches.gemm.gateup_dA 2 count
timing syncs.gemm.gateup_dA 1 count
timing grad.up_dA 2.587977 ms
timing launches.grad.up_dA 2 count
timing syncs.grad.up_dA 1 count
timing gemm.gateup_dA 2.587977 ms
timing launches.gemm.gateup_dA 2 count
timing syncs.gemm.gateup_dA 1 count
timing grad.gateup_fanin 0.040452 ms
timing launches.grad.gateup_fanin 1 count
timing syncs.grad.gateup_fanin 0 count
timing grad.norm2_kernels 0.219243 ms
timing launches.grad.norm2_kernels 3 count
timing syncs.grad.norm2_kernels 0 count
timing grad.norm2_dW 0.062839 ms
timing launches.grad.norm2_dW 2 count
timing syncs.grad.norm2_dW 1 count
timing gemm.norm_dW 0.062839 ms
timing launches.gemm.norm_dW 2 count
timing syncs.gemm.norm_dW 1 count
timing grad.residual1_add 0.000805 ms
timing launches.grad.residual1_add 0 count
timing syncs.grad.residual1_add 0 count
timing grad.o_copy 0.000831 ms
timing launches.grad.o_copy 0 count
timing syncs.grad.o_copy 0 count
timing grad.o_dA 1.010918 ms
timing launches.grad.o_dA 2 count
timing syncs.grad.o_dA 1 count
timing gemm.proj_dA 1.010918 ms
timing launches.gemm.proj_dA 2 count
timing syncs.gemm.proj_dA 1 count
timing grad.o_dB 0.995497 ms
timing launches.grad.o_dB 2 count
timing syncs.grad.o_dB 1 count
timing gemm.proj_dB 0.995497 ms
timing launches.gemm.proj_dB 2 count
timing syncs.gemm.proj_dB 1 count
timing bwd.mlp_through_oproj 18.369472 ms
timing launches.bwd.mlp_through_oproj 25 count
timing syncs.bwd.mlp_through_oproj 10 count
timing bwd.before_attention 0.00067 ms
timing attn.bwd_regime_scan 0.294036 ms
timing attn.bwd_scratch_alloc 0.019958 ms
timing attn.bwd_zdot_estash_dres_pf 2.827392 ms
timing attn.bwd_dq_tiled_pf 5.382413 ms
timing attn.bwd_kvgrid_dkdv_pf 5.86253 ms
timing attn.bwd_corner_flag 0.063003 ms
timing bwd.attention 14.463298 ms
timing grad.kv_slice 0.05389 ms
timing launches.grad.kv_slice 1 count
timing syncs.grad.kv_slice 0 count
timing grad.rope 0.09342 ms
timing launches.grad.rope 2 count
timing syncs.grad.rope 0 count
timing grad.q_dB 0.973499 ms
timing launches.grad.q_dB 2 count
timing syncs.grad.q_dB 1 count
timing gemm.proj_dB 0.973499 ms
timing launches.gemm.proj_dB 2 count
timing syncs.gemm.proj_dB 1 count
timing grad.k_dB 0.974814 ms
timing launches.grad.k_dB 2 count
timing syncs.grad.k_dB 1 count
timing gemm.proj_dB 0.974814 ms
timing launches.gemm.proj_dB 2 count
timing syncs.gemm.proj_dB 1 count
timing grad.v_dB 1.023869 ms
timing launches.grad.v_dB 2 count
timing syncs.grad.v_dB 1 count
timing gemm.proj_dB 1.023869 ms
timing launches.gemm.proj_dB 2 count
timing syncs.gemm.proj_dB 1 count
timing grad.q_dA 1.04349 ms
timing launches.grad.q_dA 2 count
timing syncs.grad.q_dA 1 count
timing gemm.proj_dA 1.04349 ms
timing launches.gemm.proj_dA 2 count
timing syncs.gemm.proj_dA 1 count
timing grad.k_dA 1.050903 ms
timing launches.grad.k_dA 2 count
timing syncs.grad.k_dA 1 count
timing gemm.proj_dA 1.050903 ms
timing launches.gemm.proj_dA 2 count
timing syncs.gemm.proj_dA 1 count
timing grad.v_dA 1.052784 ms
timing launches.grad.v_dA 2 count
timing syncs.grad.v_dA 1 count
timing gemm.proj_dA 1.052784 ms
timing launches.gemm.proj_dA 2 count
timing syncs.gemm.proj_dA 1 count
timing grad.qkv_fanin 0.041726 ms
timing launches.grad.qkv_fanin 1 count
timing syncs.grad.qkv_fanin 0 count
timing grad.norm1_kernels 0.208686 ms
timing launches.grad.norm1_kernels 3 count
timing syncs.grad.norm1_kernels 0 count
timing grad.norm1_dW 0.063357 ms
timing launches.grad.norm1_dW 2 count
timing syncs.grad.norm1_dW 1 count
timing gemm.norm_dW 0.063357 ms
timing launches.gemm.norm_dW 2 count
timing syncs.gemm.norm_dW 1 count
timing grad.x_add 0.040386 ms
timing launches.grad.x_add 1 count
timing syncs.grad.x_add 0 count
timing bwd.after_attention 6.68516 ms
timing grad.refuse_scan 0.057098 ms
timing launches.grad.refuse_scan 1 count
timing syncs.grad.refuse_scan 1 count
timing grad.residual2_copy 0.040183 ms
timing launches.grad.residual2_copy 1 count
timing syncs.grad.residual2_copy 0 count
timing grad.down_dA 2.623074 ms
timing launches.grad.down_dA 2 count
timing syncs.grad.down_dA 1 count
timing gemm.down_dA 2.623074 ms
timing launches.gemm.down_dA 2 count
timing syncs.gemm.down_dA 1 count
timing grad.down_dB 2.594533 ms
timing launches.grad.down_dB 2 count
timing syncs.grad.down_dB 1 count
timing gemm.down_dB 2.594533 ms
timing launches.gemm.down_dB 2 count
timing syncs.gemm.down_dB 1 count
timing grad.gate_mul 0.158816 ms
timing launches.grad.gate_mul 1 count
timing syncs.grad.gate_mul 0 count
timing grad.silu 0.001382 ms
timing launches.grad.silu 0 count
timing syncs.grad.silu 0 count
timing grad.gate_dB 2.59531 ms
timing launches.grad.gate_dB 2 count
timing syncs.grad.gate_dB 1 count
timing gemm.gateup_dB 2.59531 ms
timing launches.gemm.gateup_dB 2 count
timing syncs.gemm.gateup_dB 1 count
timing grad.up_dB 2.649445 ms
timing launches.grad.up_dB 2 count
timing syncs.grad.up_dB 1 count
timing gemm.gateup_dB 2.649445 ms
timing launches.gemm.gateup_dB 2 count
timing syncs.gemm.gateup_dB 1 count
timing grad.gate_dA 2.570519 ms
timing launches.grad.gate_dA 2 count
timing syncs.grad.gate_dA 1 count
timing gemm.gateup_dA 2.570519 ms
timing launches.gemm.gateup_dA 2 count
timing syncs.gemm.gateup_dA 1 count
timing grad.up_dA 2.616599 ms
timing launches.grad.up_dA 2 count
timing syncs.grad.up_dA 1 count
timing gemm.gateup_dA 2.616599 ms
timing launches.gemm.gateup_dA 2 count
timing syncs.gemm.gateup_dA 1 count
timing grad.gateup_fanin 0.043476 ms
timing launches.grad.gateup_fanin 1 count
timing syncs.grad.gateup_fanin 0 count
timing grad.norm2_kernels 0.217217 ms
timing launches.grad.norm2_kernels 3 count
timing syncs.grad.norm2_kernels 0 count
timing grad.norm2_dW 0.063037 ms
timing launches.grad.norm2_dW 2 count
timing syncs.grad.norm2_dW 1 count
timing gemm.norm_dW 0.063037 ms
timing launches.gemm.norm_dW 2 count
timing syncs.gemm.norm_dW 1 count
timing grad.residual1_add 0.000811 ms
timing launches.grad.residual1_add 0 count
timing syncs.grad.residual1_add 0 count
timing grad.o_copy 0.000857 ms
timing launches.grad.o_copy 0 count
timing syncs.grad.o_copy 0 count
timing grad.o_dA 0.999844 ms
timing launches.grad.o_dA 2 count
timing syncs.grad.o_dA 1 count
timing gemm.proj_dA 0.999844 ms
timing launches.gemm.proj_dA 2 count
timing syncs.gemm.proj_dA 1 count
timing grad.o_dB 1.00966 ms
timing launches.grad.o_dB 2 count
timing syncs.grad.o_dB 1 count
timing gemm.proj_dB 1.00966 ms
timing launches.gemm.proj_dB 2 count
timing syncs.gemm.proj_dB 1 count
timing bwd.mlp_through_oproj 18.327852 ms
timing launches.bwd.mlp_through_oproj 25 count
timing syncs.bwd.mlp_through_oproj 10 count
timing bwd.before_attention 0.000707 ms
timing attn.bwd_regime_scan 0.288052 ms
timing attn.bwd_scratch_alloc 0.01925 ms
timing attn.bwd_zdot_estash_dres_pf 2.881522 ms
timing attn.bwd_dq_tiled_pf 5.417083 ms
timing attn.bwd_kvgrid_dkdv_pf 5.976224 ms
timing attn.bwd_corner_flag 0.0637 ms
timing bwd.attention 14.659324 ms
timing grad.kv_slice 0.056486 ms
timing launches.grad.kv_slice 1 count
timing syncs.grad.kv_slice 0 count
timing grad.rope 0.092029 ms
timing launches.grad.rope 2 count
timing syncs.grad.rope 0 count
timing grad.q_dB 0.980109 ms
timing launches.grad.q_dB 2 count
timing syncs.grad.q_dB 1 count
timing gemm.proj_dB 0.980109 ms
timing launches.gemm.proj_dB 2 count
timing syncs.gemm.proj_dB 1 count
timing grad.k_dB 1.004238 ms
timing launches.grad.k_dB 2 count
timing syncs.grad.k_dB 1 count
timing gemm.proj_dB 1.004238 ms
timing launches.gemm.proj_dB 2 count
timing syncs.gemm.proj_dB 1 count
timing grad.v_dB 1.063487 ms
timing launches.grad.v_dB 2 count
timing syncs.grad.v_dB 1 count
timing gemm.proj_dB 1.063487 ms
timing launches.gemm.proj_dB 2 count
timing syncs.gemm.proj_dB 1 count
timing grad.q_dA 1.071236 ms
timing launches.grad.q_dA 2 count
timing syncs.grad.q_dA 1 count
timing gemm.proj_dA 1.071236 ms
timing launches.gemm.proj_dA 2 count
timing syncs.gemm.proj_dA 1 count
timing grad.k_dA 1.045249 ms
timing launches.grad.k_dA 2 count
timing syncs.grad.k_dA 1 count
timing gemm.proj_dA 1.045249 ms
timing launches.gemm.proj_dA 2 count
timing syncs.gemm.proj_dA 1 count
timing grad.v_dA 1.035871 ms
timing launches.grad.v_dA 2 count
timing syncs.grad.v_dA 1 count
timing gemm.proj_dA 1.035871 ms
timing launches.gemm.proj_dA 2 count
timing syncs.gemm.proj_dA 1 count
timing grad.qkv_fanin 0.041787 ms
timing launches.grad.qkv_fanin 1 count
timing syncs.grad.qkv_fanin 0 count
timing grad.norm1_kernels 0.205115 ms
timing launches.grad.norm1_kernels 3 count
timing syncs.grad.norm1_kernels 0 count
timing grad.norm1_dW 0.06281 ms
timing launches.grad.norm1_dW 2 count
timing syncs.grad.norm1_dW 1 count
timing gemm.norm_dW 0.06281 ms
timing launches.gemm.norm_dW 2 count
timing syncs.gemm.norm_dW 1 count
timing grad.x_add 0.040079 ms
timing launches.grad.x_add 1 count
timing syncs.grad.x_add 0 count
timing bwd.after_attention 6.759288 ms
timing grad.refuse_scan 0.057127 ms
timing launches.grad.refuse_scan 1 count
timing syncs.grad.refuse_scan 1 count
timing grad.residual2_copy 0.039194 ms
timing launches.grad.residual2_copy 1 count
timing syncs.grad.residual2_copy 0 count
timing grad.down_dA 2.60525 ms
timing launches.grad.down_dA 2 count
timing syncs.grad.down_dA 1 count
timing gemm.down_dA 2.60525 ms
timing launches.gemm.down_dA 2 count
timing syncs.gemm.down_dA 1 count
timing grad.down_dB 2.643275 ms
timing launches.grad.down_dB 2 count
timing syncs.grad.down_dB 1 count
timing gemm.down_dB 2.643275 ms
timing launches.gemm.down_dB 2 count
timing syncs.gemm.down_dB 1 count
timing grad.gate_mul 0.160656 ms
timing launches.grad.gate_mul 1 count
timing syncs.grad.gate_mul 0 count
timing grad.silu 0.001412 ms
timing launches.grad.silu 0 count
timing syncs.grad.silu 0 count
timing grad.gate_dB 2.591841 ms
timing launches.grad.gate_dB 2 count
timing syncs.grad.gate_dB 1 count
timing gemm.gateup_dB 2.591841 ms
timing launches.gemm.gateup_dB 2 count
timing syncs.gemm.gateup_dB 1 count
timing grad.up_dB 2.629652 ms
timing launches.grad.up_dB 2 count
timing syncs.grad.up_dB 1 count
timing gemm.gateup_dB 2.629652 ms
timing launches.gemm.gateup_dB 2 count
timing syncs.gemm.gateup_dB 1 count
timing grad.gate_dA 2.610328 ms
timing launches.grad.gate_dA 2 count
timing syncs.grad.gate_dA 1 count
timing gemm.gateup_dA 2.610328 ms
timing launches.gemm.gateup_dA 2 count
timing syncs.gemm.gateup_dA 1 count
timing grad.up_dA 2.587269 ms
timing launches.grad.up_dA 2 count
timing syncs.grad.up_dA 1 count
timing gemm.gateup_dA 2.587269 ms
timing launches.gemm.gateup_dA 2 count
timing syncs.gemm.gateup_dA 1 count
timing grad.gateup_fanin 0.040526 ms
timing launches.grad.gateup_fanin 1 count
timing syncs.grad.gateup_fanin 0 count
timing grad.norm2_kernels 0.218046 ms
timing launches.grad.norm2_kernels 3 count
timing syncs.grad.norm2_kernels 0 count
timing grad.norm2_dW 0.062856 ms
timing launches.grad.norm2_dW 2 count
timing syncs.grad.norm2_dW 1 count
timing gemm.norm_dW 0.062856 ms
timing launches.gemm.norm_dW 2 count
timing syncs.gemm.norm_dW 1 count
timing grad.residual1_add 0.000818 ms
timing launches.grad.residual1_add 0 count
timing syncs.grad.residual1_add 0 count
timing grad.o_copy 0.000823 ms
timing launches.grad.o_copy 0 count
timing syncs.grad.o_copy 0 count
timing grad.o_dA 1.015985 ms
timing launches.grad.o_dA 2 count
timing syncs.grad.o_dA 1 count
timing gemm.proj_dA 1.015985 ms
timing launches.gemm.proj_dA 2 count
timing syncs.gemm.proj_dA 1 count
timing grad.o_dB 1.017145 ms
timing launches.grad.o_dB 2 count
timing syncs.grad.o_dB 1 count
timing gemm.proj_dB 1.017145 ms
timing launches.gemm.proj_dB 2 count
timing syncs.gemm.proj_dB 1 count
timing bwd.mlp_through_oproj 18.365659 ms
timing launches.bwd.mlp_through_oproj 25 count
timing syncs.bwd.mlp_through_oproj 10 count
timing bwd.before_attention 0.000696 ms
timing attn.bwd_regime_scan 0.306792 ms
timing attn.bwd_scratch_alloc 0.019699 ms
timing attn.bwd_zdot_estash_dres_pf 2.81303 ms
timing attn.bwd_dq_tiled_pf 5.366347 ms
timing attn.bwd_kvgrid_dkdv_pf 5.560198 ms
timing attn.bwd_corner_flag 0.064528 ms
timing bwd.attention 14.144144 ms
timing grad.kv_slice 0.053059 ms
timing launches.grad.kv_slice 1 count
timing syncs.grad.kv_slice 0 count
timing grad.rope 0.093629 ms
timing launches.grad.rope 2 count
timing syncs.grad.rope 0 count
timing grad.q_dB 0.976315 ms
timing launches.grad.q_dB 2 count
timing syncs.grad.q_dB 1 count
timing gemm.proj_dB 0.976315 ms
timing launches.gemm.proj_dB 2 count
timing syncs.gemm.proj_dB 1 count
timing grad.k_dB 0.971708 ms
timing launches.grad.k_dB 2 count
timing syncs.grad.k_dB 1 count
timing gemm.proj_dB 0.971708 ms
timing launches.gemm.proj_dB 2 count
timing syncs.gemm.proj_dB 1 count
timing grad.v_dB 1.035079 ms
timing launches.grad.v_dB 2 count
timing syncs.grad.v_dB 1 count
timing gemm.proj_dB 1.035079 ms
timing launches.gemm.proj_dB 2 count
timing syncs.gemm.proj_dB 1 count
timing grad.q_dA 1.049936 ms
timing launches.grad.q_dA 2 count
timing syncs.grad.q_dA 1 count
timing gemm.proj_dA 1.049936 ms
timing launches.gemm.proj_dA 2 count
timing syncs.gemm.proj_dA 1 count
timing grad.k_dA 1.040537 ms
timing launches.grad.k_dA 2 count
timing syncs.grad.k_dA 1 count
timing gemm.proj_dA 1.040537 ms
timing launches.gemm.proj_dA 2 count
timing syncs.gemm.proj_dA 1 count
timing grad.v_dA 1.022684 ms
timing launches.grad.v_dA 2 count
timing syncs.grad.v_dA 1 count
timing gemm.proj_dA 1.022684 ms
timing launches.gemm.proj_dA 2 count
timing syncs.gemm.proj_dA 1 count
timing grad.qkv_fanin 0.043105 ms
timing launches.grad.qkv_fanin 1 count
timing syncs.grad.qkv_fanin 0 count
timing grad.norm1_kernels 0.204741 ms
timing launches.grad.norm1_kernels 3 count
timing syncs.grad.norm1_kernels 0 count
timing grad.norm1_dW 0.061967 ms
timing launches.grad.norm1_dW 2 count
timing syncs.grad.norm1_dW 1 count
timing gemm.norm_dW 0.061967 ms
timing launches.gemm.norm_dW 2 count
timing syncs.gemm.norm_dW 1 count
timing grad.x_add 0.039765 ms
timing launches.grad.x_add 1 count
timing syncs.grad.x_add 0 count
timing bwd.after_attention 6.653725 ms
timing grad.refuse_scan 0.056157 ms
timing launches.grad.refuse_scan 1 count
timing syncs.grad.refuse_scan 1 count
timing grad.residual2_copy 0.039297 ms
timing launches.grad.residual2_copy 1 count
timing syncs.grad.residual2_copy 0 count
timing grad.down_dA 2.560168 ms
timing launches.grad.down_dA 2 count
timing syncs.grad.down_dA 1 count
timing gemm.down_dA 2.560168 ms
timing launches.gemm.down_dA 2 count
timing syncs.gemm.down_dA 1 count
timing grad.down_dB 2.634207 ms
timing launches.grad.down_dB 2 count
timing syncs.grad.down_dB 1 count
timing gemm.down_dB 2.634207 ms
timing launches.gemm.down_dB 2 count
timing syncs.gemm.down_dB 1 count
timing grad.gate_mul 0.159995 ms
timing launches.grad.gate_mul 1 count
timing syncs.grad.gate_mul 0 count
timing grad.silu 0.001379 ms
timing launches.grad.silu 0 count
timing syncs.grad.silu 0 count
timing grad.gate_dB 2.652425 ms
timing launches.grad.gate_dB 2 count
timing syncs.grad.gate_dB 1 count
timing gemm.gateup_dB 2.652425 ms
timing launches.gemm.gateup_dB 2 count
timing syncs.gemm.gateup_dB 1 count
timing grad.up_dB 2.597881 ms
timing launches.grad.up_dB 2 count
timing syncs.grad.up_dB 1 count
timing gemm.gateup_dB 2.597881 ms
timing launches.gemm.gateup_dB 2 count
timing syncs.gemm.gateup_dB 1 count
timing grad.gate_dA 2.571166 ms
timing launches.grad.gate_dA 2 count
timing syncs.grad.gate_dA 1 count
timing gemm.gateup_dA 2.571166 ms
timing launches.gemm.gateup_dA 2 count
timing syncs.gemm.gateup_dA 1 count
timing grad.up_dA 2.594598 ms
timing launches.grad.up_dA 2 count
timing syncs.grad.up_dA 1 count
timing gemm.gateup_dA 2.594598 ms
timing launches.gemm.gateup_dA 2 count
timing syncs.gemm.gateup_dA 1 count
timing grad.gateup_fanin 0.040366 ms
timing launches.grad.gateup_fanin 1 count
timing syncs.grad.gateup_fanin 0 count
timing grad.norm2_kernels 0.21802 ms
timing launches.grad.norm2_kernels 3 count
timing syncs.grad.norm2_kernels 0 count
timing grad.norm2_dW 0.067008 ms
timing launches.grad.norm2_dW 2 count
timing syncs.grad.norm2_dW 1 count
timing gemm.norm_dW 0.067008 ms
timing launches.gemm.norm_dW 2 count
timing syncs.gemm.norm_dW 1 count
timing grad.residual1_add 0.000809 ms
timing launches.grad.residual1_add 0 count
timing syncs.grad.residual1_add 0 count
timing grad.o_copy 0.000821 ms
timing launches.grad.o_copy 0 count
timing syncs.grad.o_copy 0 count
timing grad.o_dA 1.01634 ms
timing launches.grad.o_dA 2 count
timing syncs.grad.o_dA 1 count
timing gemm.proj_dA 1.01634 ms
timing launches.gemm.proj_dA 2 count
timing syncs.gemm.proj_dA 1 count
timing grad.o_dB 1.0088 ms
timing launches.grad.o_dB 2 count
timing syncs.grad.o_dB 1 count
timing gemm.proj_dB 1.0088 ms
timing launches.gemm.proj_dB 2 count
timing syncs.gemm.proj_dB 1 count
timing bwd.mlp_through_oproj 18.303691 ms
timing launches.bwd.mlp_through_oproj 25 count
timing syncs.bwd.mlp_through_oproj 10 count
timing bwd.before_attention 0.000697 ms
timing attn.bwd_regime_scan 0.300104 ms
timing attn.bwd_scratch_alloc 0.019292 ms
timing attn.bwd_zdot_estash_dres_pf 2.857063 ms
timing attn.bwd_dq_tiled_pf 5.394537 ms
timing attn.bwd_kvgrid_dkdv_pf 5.777503 ms
timing attn.bwd_corner_flag 0.0635 ms
timing bwd.attention 14.425556 ms
timing grad.kv_slice 0.053338 ms
timing launches.grad.kv_slice 1 count
timing syncs.grad.kv_slice 0 count
timing grad.rope 0.092234 ms
timing launches.grad.rope 2 count
timing syncs.grad.rope 0 count
timing grad.q_dB 0.973336 ms
timing launches.grad.q_dB 2 count
timing syncs.grad.q_dB 1 count
timing gemm.proj_dB 0.973336 ms
timing launches.gemm.proj_dB 2 count
timing syncs.gemm.proj_dB 1 count
timing grad.k_dB 0.983255 ms
timing launches.grad.k_dB 2 count
timing syncs.grad.k_dB 1 count
timing gemm.proj_dB 0.983255 ms
timing launches.gemm.proj_dB 2 count
timing syncs.gemm.proj_dB 1 count
timing grad.v_dB 1.042882 ms
timing launches.grad.v_dB 2 count
timing syncs.grad.v_dB 1 count
timing gemm.proj_dB 1.042882 ms
timing launches.gemm.proj_dB 2 count
timing syncs.gemm.proj_dB 1 count
timing grad.q_dA 1.055202 ms
timing launches.grad.q_dA 2 count
timing syncs.grad.q_dA 1 count
timing gemm.proj_dA 1.055202 ms
timing launches.gemm.proj_dA 2 count
timing syncs.gemm.proj_dA 1 count
timing grad.k_dA 1.041502 ms
timing launches.grad.k_dA 2 count
timing syncs.grad.k_dA 1 count
timing gemm.proj_dA 1.041502 ms
timing launches.gemm.proj_dA 2 count
timing syncs.gemm.proj_dA 1 count
timing grad.v_dA 1.032159 ms
timing launches.grad.v_dA 2 count
timing syncs.grad.v_dA 1 count
timing gemm.proj_dA 1.032159 ms
timing launches.gemm.proj_dA 2 count
timing syncs.gemm.proj_dA 1 count
timing grad.qkv_fanin 0.041899 ms
timing launches.grad.qkv_fanin 1 count
timing syncs.grad.qkv_fanin 0 count
timing grad.norm1_kernels 0.205951 ms
timing launches.grad.norm1_kernels 3 count
timing syncs.grad.norm1_kernels 0 count
timing grad.norm1_dW 0.062229 ms
timing launches.grad.norm1_dW 2 count
timing syncs.grad.norm1_dW 1 count
timing gemm.norm_dW 0.062229 ms
timing launches.gemm.norm_dW 2 count
timing syncs.gemm.norm_dW 1 count
timing grad.x_add 0.039941 ms
timing launches.grad.x_add 1 count
timing syncs.grad.x_add 0 count
timing bwd.after_attention 6.692661 ms
timing grad.refuse_scan 0.060002 ms
timing launches.grad.refuse_scan 1 count
timing syncs.grad.refuse_scan 1 count
timing grad.residual2_copy 0.039201 ms
timing launches.grad.residual2_copy 1 count
timing syncs.grad.residual2_copy 0 count
timing grad.down_dA 2.566688 ms
timing launches.grad.down_dA 2 count
timing syncs.grad.down_dA 1 count
timing gemm.down_dA 2.566688 ms
timing launches.gemm.down_dA 2 count
timing syncs.gemm.down_dA 1 count
timing grad.down_dB 2.571534 ms
timing launches.grad.down_dB 2 count
timing syncs.grad.down_dB 1 count
timing gemm.down_dB 2.571534 ms
timing launches.gemm.down_dB 2 count
timing syncs.gemm.down_dB 1 count
timing grad.gate_mul 0.158039 ms
timing launches.grad.gate_mul 1 count
timing syncs.grad.gate_mul 0 count
timing grad.silu 0.001063 ms
timing launches.grad.silu 0 count
timing syncs.grad.silu 0 count
timing grad.gate_dB 2.661151 ms
timing launches.grad.gate_dB 2 count
timing syncs.grad.gate_dB 1 count
timing gemm.gateup_dB 2.661151 ms
timing launches.gemm.gateup_dB 2 count
timing syncs.gemm.gateup_dB 1 count
timing grad.up_dB 2.650912 ms
timing launches.grad.up_dB 2 count
timing syncs.grad.up_dB 1 count
timing gemm.gateup_dB 2.650912 ms
timing launches.gemm.gateup_dB 2 count
timing syncs.gemm.gateup_dB 1 count
timing grad.gate_dA 2.557168 ms
timing launches.grad.gate_dA 2 count
timing syncs.grad.gate_dA 1 count
timing gemm.gateup_dA 2.557168 ms
timing launches.gemm.gateup_dA 2 count
timing syncs.gemm.gateup_dA 1 count
timing grad.up_dA 2.609709 ms
timing launches.grad.up_dA 2 count
timing syncs.grad.up_dA 1 count
timing gemm.gateup_dA 2.609709 ms
timing launches.gemm.gateup_dA 2 count
timing syncs.gemm.gateup_dA 1 count
timing grad.gateup_fanin 0.040003 ms
timing launches.grad.gateup_fanin 1 count
timing syncs.grad.gateup_fanin 0 count
timing grad.norm2_kernels 0.216606 ms
timing launches.grad.norm2_kernels 3 count
timing syncs.grad.norm2_kernels 0 count
timing grad.norm2_dW 0.063243 ms
timing launches.grad.norm2_dW 2 count
timing syncs.grad.norm2_dW 1 count
timing gemm.norm_dW 0.063243 ms
timing launches.gemm.norm_dW 2 count
timing syncs.gemm.norm_dW 1 count
timing grad.residual1_add 0.000805 ms
timing launches.grad.residual1_add 0 count
timing syncs.grad.residual1_add 0 count
timing grad.o_copy 0.000822 ms
timing launches.grad.o_copy 0 count
timing syncs.grad.o_copy 0 count
timing grad.o_dA 1.033131 ms
timing launches.grad.o_dA 2 count
timing syncs.grad.o_dA 1 count
timing gemm.proj_dA 1.033131 ms
timing launches.gemm.proj_dA 2 count
timing syncs.gemm.proj_dA 1 count
timing grad.o_dB 0.999753 ms
timing launches.grad.o_dB 2 count
timing syncs.grad.o_dB 1 count
timing gemm.proj_dB 0.999753 ms
timing launches.gemm.proj_dB 2 count
timing syncs.gemm.proj_dB 1 count
timing bwd.mlp_through_oproj 18.311113 ms
timing launches.bwd.mlp_through_oproj 25 count
timing syncs.bwd.mlp_through_oproj 10 count
timing bwd.before_attention 0.000689 ms
timing attn.bwd_regime_scan 0.285278 ms
timing attn.bwd_scratch_alloc 0.018191 ms
timing attn.bwd_zdot_estash_dres_pf 2.985108 ms
timing attn.bwd_dq_tiled_pf 5.437594 ms
timing attn.bwd_kvgrid_dkdv_pf 5.517696 ms
timing attn.bwd_corner_flag 0.062897 ms
timing bwd.attention 14.320124 ms
timing grad.kv_slice 0.053656 ms
timing launches.grad.kv_slice 1 count
timing syncs.grad.kv_slice 0 count
timing grad.rope 0.090983 ms
timing launches.grad.rope 2 count
timing syncs.grad.rope 0 count
timing grad.q_dB 0.973912 ms
timing launches.grad.q_dB 2 count
timing syncs.grad.q_dB 1 count
timing gemm.proj_dB 0.973912 ms
timing launches.gemm.proj_dB 2 count
timing syncs.gemm.proj_dB 1 count
timing grad.k_dB 0.9868 ms
timing launches.grad.k_dB 2 count
timing syncs.grad.k_dB 1 count
timing gemm.proj_dB 0.9868 ms
timing launches.gemm.proj_dB 2 count
timing syncs.gemm.proj_dB 1 count
timing grad.v_dB 1.02416 ms
timing launches.grad.v_dB 2 count
timing syncs.grad.v_dB 1 count
timing gemm.proj_dB 1.02416 ms
timing launches.gemm.proj_dB 2 count
timing syncs.gemm.proj_dB 1 count
timing grad.q_dA 1.029758 ms
timing launches.grad.q_dA 2 count
timing syncs.grad.q_dA 1 count
timing gemm.proj_dA 1.029758 ms
timing launches.gemm.proj_dA 2 count
timing syncs.gemm.proj_dA 1 count
timing grad.k_dA 1.037945 ms
timing launches.grad.k_dA 2 count
timing syncs.grad.k_dA 1 count
timing gemm.proj_dA 1.037945 ms
timing launches.gemm.proj_dA 2 count
timing syncs.gemm.proj_dA 1 count
timing grad.v_dA 1.0389 ms
timing launches.grad.v_dA 2 count
timing syncs.grad.v_dA 1 count
timing gemm.proj_dA 1.0389 ms
timing launches.gemm.proj_dA 2 count
timing syncs.gemm.proj_dA 1 count
timing grad.qkv_fanin 0.047617 ms
timing launches.grad.qkv_fanin 1 count
timing syncs.grad.qkv_fanin 0 count
timing grad.norm1_kernels 0.207016 ms
timing launches.grad.norm1_kernels 3 count
timing syncs.grad.norm1_kernels 0 count
timing grad.norm1_dW 0.06348 ms
timing launches.grad.norm1_dW 2 count
timing syncs.grad.norm1_dW 1 count
timing gemm.norm_dW 0.06348 ms
timing launches.gemm.norm_dW 2 count
timing syncs.gemm.norm_dW 1 count
timing grad.x_add 0.039581 ms
timing launches.grad.x_add 1 count
timing syncs.grad.x_add 0 count
timing bwd.after_attention 6.655123 ms
timing envelope.blocks_backward 471.992642 ms
timing step.embedding_backward 8.86175 ms
timing step.pack_grads 0.698561 ms
timing step.pack_grads_bytes 648591360 bytes
timing step.validate_grads_scan 0.579048 ms
timing step.validate_grads_scan_bytes 648591360 bytes
timing step.optimizer 1.632793 ms
timing step.validate_after_scan 2.570573 ms
timing step.validate_after_scan_bytes 2594365440 bytes
timing step.bind_final_sync 0.001428 ms
timing count.launches 1075 count
timing count.synchronizes 847 count
timing count.copies_h2d 2 count
timing count.copies_d2h 154 count
timing count.copies_d2d 24 count
timing count.device_allocs 446 count
timing count.host_allocs 151 count
timing count.native_steps 1 count
timing step.bind_publish 0.010465 ms
timing step.bind_publish_bytes 444 bytes
timing envelope.native_call 902.8544070000635 ms
timing step.py_flags 0.11252100000547216 ms
timing step.py_flags_bytes 440 bytes
{"event": "component_timing_step_end", "timing_step": 2, "seconds": 0.9035344919999488, "loss": 10.981539726257324, "t": 1790269336.6755493}
