# seed	tree	idx	u32	uniform_f32_bits
0	0	0	3179217846	3f3d7f04
0	0	1	1883133293	3ee07cab
0	0	2	2220552389	3f045af1
0	0	3	674260989	3e20c1a0
0	0	4	306521119	3d922921
0	0	5	1986458431	3eeccde6
0	0	6	977720403	3e691b51
0	0	7	1414583917	3ea8a1ad
0	0	8	618755781	3e1385db
0	0	9	806591051	3e404e69
0	0	10	3931542097	3f6a5692
0	0	11	2319818371	3f0a459f
0	0	12	4186136636	3f798360
0	0	13	2351362526	3f0c26f2
0	0	14	2805302092	3f273583
0	0	15	988863877	3e6bc376
0	0	16	1455376252	3ead7e8f
0	0	17	3270140066	3f42ea61
0	0	18	2343684074	3f0bb1c8
0	0	19	4167391656	3f78655a
0	0	20	907067221	3e5842fd
0	0	21	4066962176	3f7268eb
0	0	22	2375104708	3f0d9139
0	0	23	4198548494	3f7a40c4
0	0	24	1323287391	3e9dbf87
0	0	25	774830514	3e38bbe7
0	0	26	1663029081	3ec63f9f
0	0	27	4022654361	3f6fc4d6
0	0	28	2966708753	3f30d462
0	0	29	3673117668	3f5aef54
0	0	30	2098853966	3efa33f1
0	0	31	809800445	3e41124c
0	0	32	2175506700	3f01ab99
0	0	33	88267520	3ca85b60
0	0	34	4115535644	3f754e17
0	0	35	3325287004	3f4633da
0	0	36	1796834923	3ed6330d
0	0	37	768636282	3e3741d6
0	0	38	1111386028	3e847ccf
0	0	39	2625250083	3f1c7a23
0	0	40	3865893169	3f666cd9
0	0	41	1915835896	3ee462ac
0	0	42	1424062511	3ea9c2f0
0	0	43	3136498817	3f3af32d
0	0	44	4190632495	3f79c7fa
0	0	45	3212351592	3f3f7898
0	0	46	2094260242	3ef9a7c0
0	0	47	1366043788	3ea2d859
0	0	48	3057685797	3f364095
0	0	49	1466709601	3eaed86d
0	0	50	2008079276	3eef61b7
0	0	51	1701260987	3ecace5d
0	0	52	5308342	3aa1ff6d
0	0	53	2543178050	3f1795d1
0	0	54	3736231485	3f5eb25e
0	0	55	2715932468	3f21e1d7
0	0	56	2669648651	3f1f1f9b
0	0	57	2385687522	3f0e32b4
0	0	58	4272080351	3f7ea2c6
0	0	59	2252829540	3f064773
0	0	60	1820567791	3ed90752
0	0	61	591616115	3e0d0d62
0	0	62	940880395	3e6052c8
0	0	63	3397024107	3f4a7a79
0	0	64	3664895701	3f5a71df
0	0	65	3862772365	3f663d3b
0	0	66	1884817628	3ee0b012
0	0	67	1240037360	3e93d2f0
0	0	68	955498208	3e63cefc
0	0	69	1971474320	3eeb049f
0	0	70	2367341738	3f0d1ac5
0	0	71	3208068213	3f3f373c
0	0	72	3214913892	3f3f9fb1
0	0	73	3814925783	3f636326
0	0	74	1463678842	3eae7bef
0	0	75	978167133	3e693695
0	0	76	908807404	3e58ad34
0	0	77	2040469523	3ef33e30
0	0	78	1573380580	3ebb8fc4
0	0	79	1900634208	3ee292c1
0	0	80	1186888132	3e8d7cf4
0	0	81	3477062414	3f4f3fc3
0	0	82	2557080425	3f1869f3
0	0	83	3210379283	3f3f5a80
0	0	84	1825590451	3ed9a099
0	0	85	2469161572	3f132c6a
0	0	86	3196616225	3f3e887e
0	0	87	1226361326	3e923194
0	0	88	777258183	3e395013
0	0	89	401739316	3dbf9072
0	0	90	185222434	3d30a452
0	0	91	306756248	3d9245d5
0	0	92	3179999858	3f3d8af2
0	0	93	3406757471	3f4b0efe
0	0	94	891447690	3e5489a6
0	0	95	3831841656	3f646543
0	0	96	3633786087	3f58972d
0	0	97	4156536683	3f77bfb7
0	0	98	3686442283	3f5bbaa5
0	0	99	2324259612	3f0a8963
0	0	100	1448816836	3eacb662
0	0	101	1779618143	3ed425a3
0	0	102	349609405	3da6b4ee
0	0	103	1129998052	3e86b4ce
0	0	104	3655855712	3f59e7ee
0	0	105	889435642	3e540ed8
0	0	106	1537030430	3eb73a72
0	0	107	3535514871	3f52bbad
0	0	108	4167527522	3f78676c
0	0	109	592577882	3e0d4815
0	0	110	3431470390	3f4c8815
0	0	111	864843913	3e4e31e2
0	0	112	580283031	3e0a59aa
0	0	113	3601459811	3f56a9ea
0	0	114	2416266752	3f10054e
0	0	115	3038147146	3f351672
0	0	116	530238892	3dfcd66d
0	0	117	3166622799	3f3cbed4
0	0	118	715408695	3e2a9115
0	0	119	3554583139	3f53dea2
0	0	120	1370223683	3ea357e9
0	0	121	1603350397	3ebf225f
0	0	122	307097963	3d926f8b
0	0	123	434699996	3dcf47f7
0	0	124	3898059116	3f6857a9
0	0	125	2434227220	3f11175c
0	0	126	1203571856	3e8f7a19
0	0	127	93427345	3cb232d2
0	0	128	1311422229	3e9c556e
0	0	129	3282595241	3f43a86e
0	0	130	2812344171	3f27a0f7
0	0	131	737944608	3e2ff090
0	0	132	1470346816	3eaf476c
0	0	133	562941168	3e063734
0	0	134	1194000541	3e8e5601
0	0	135	1512462956	3eb44cb5
0	0	136	3616845299	3f5794ae
0	0	137	2214278114	3f03fb34
0	0	138	2432596409	3f10fe7a
0	0	139	2772171562	3f253bfb
0	0	140	2534349963	3f170f1d
0	0	141	2808543133	3f2766f8
0	0	142	1380728885	3ea49880
0	0	143	489982948	3de9a45f
0	0	144	3538791480	3f52edac
0	0	145	2393308245	3f0ea6fc
0	0	146	4074740244	3f72df9a
0	0	147	707370585	3e28a679
0	0	148	1878316334	3edfe9aa
0	0	149	618086458	3e135d01
0	0	150	1075773182	3e803dfe
0	0	151	1539263291	3eb77e96
0	0	152	3779804968	3f614b3f
0	0	153	2665341417	3f1edde2
0	0	154	1338202888	3e9f86b6
0	0	155	787733266	3e3bcf6c
0	0	156	2487835748	3f14495c
0	0	157	3527113462	3f523b7b
0	0	158	2121039057	3efcd8fa
0	0	159	1547156413	3eb86f77
0	0	160	4254286473	3f7d9343
0	0	161	3903765899	3f68aebe
0	0	162	3098304571	3f38ac60
0	0	163	242851685	3d6799f6
0	0	164	3152758752	3f3beb48
0	0	165	2151120777	3f003780
0	0	166	551359391	3e03744e
0	0	167	1378066246	3ea4473f
0	0	168	2789862406	3f2649ec
0	0	169	686521349	3e23adf0
0	0	170	3397771535	3f4a85e1
0	0	171	1031326106	3e75e326
0	0	172	2961358226	3f3082be
0	0	173	1261512358	3e96624d
0	0	174	3397644224	3f4a83f0
0	0	175	398359970	3dbdf3ed
0	0	176	2646906466	3f1dc496
0	0	177	2861851940	3f2a9465
0	0	178	390145290	3dba0928
0	0	179	3563571391	3f5467c9
0	0	180	3144137974	3f3b67bd
0	0	181	211287085	3d497fc3
0	0	182	3673138130	3f5aefa4
0	0	183	1192239012	3e8e203f
0	0	184	921918456	3e5bcd70
0	0	185	2854272139	3f2a20bd
0	0	186	534802680	3dff0388
0	0	187	2560835101	3f18a33e
0	0	188	88269144	3ca85c2b
0	0	189	3724625206	3f5e0145
0	0	190	569239384	3e07b79d
0	0	191	3301387122	3f44c72b
0	0	192	2386179290	3f0e3a35
0	0	193	3174721049	3f3d3a66
0	0	194	380793949	3db593a3
0	0	195	4214452352	3f7b3370
0	0	196	220911303	3d52ad6c
0	0	197	343597212	3da3d705
0	0	198	1937044653	3ee6e9e9
0	0	199	2406189257	3f0f6b89
0	0	200	2481290540	3f13e57d
0	0	201	1111197858	3e847711
0	0	202	1956382602	3ee9380f
0	0	203	475642375	3de2cdd0
0	0	204	3856806941	3f65e234
0	0	205	2319741714	3f0a4473
0	0	206	26879216	3bcd1278
0	0	207	932035928	3e5e36f5
0	0	208	657103864	3e1caa70
0	0	209	1404905203	3ea77a4e
0	0	210	3837639838	3f64bdbd
0	0	211	4172211039	3f78aee3
0	0	212	1909092021	3ee394dd
0	0	213	1784895331	3ed4c6af
0	0	214	740434199	3e308884
0	0	215	3357886460	3f482548
0	0	216	1303283952	3e9b5d12
0	0	217	1020066807	3e7333f0
0	0	218	3055034852	3f361822
0	0	219	3627565357	3f583841
0	0	220	272611542	3d81fdc7
0	0	221	4037126342	3f70a1a9
0	0	222	4062418323	3f722396
0	0	223	847435938	3e4a0b63
0	0	224	3678634534	3f5b4382
0	0	225	2823853367	3f285095
0	0	226	270043107	3d80c43f
0	0	227	555118811	3e0459c3
0	0	228	284261814	3d878bee
0	0	229	2791171860	3f265de7
0	0	230	3880597843	3f674d39
0	0	231	3588169648	3f55df20
0	0	232	3229490459	3f407e1d
0	0	233	535244758	3dff397f
0	0	234	2091164440	3ef94946
0	0	235	1591527812	3ebdb993
0	0	236	2142578656	3eff6a50
0	0	237	2678177086	3f1fa1bd
0	0	238	4158936847	3f77e457
0	0	239	2284061419	3f082403
0	0	240	3873849353	3f66e640
0	0	241	1841923038	3edb9308
0	0	242	2896739102	3f2ca8bb
0	0	243	3697798311	3f5c67ed
0	0	244	3899071437	3f68671c
0	0	245	3230091282	3f408748
0	0	246	4031406275	3f704a61
0	0	247	2538189040	3f1749b1
0	0	248	3452580758	3f4dca34
0	0	249	769442735	3e37730f
0	0	250	716225024	3e2ac2e8
0	0	251	1921288948	3ee50916
0	0	252	342660476	3da364ac
0	0	253	2568594668	3f1919a5
0	0	254	3520122219	3f51d0cd
0	0	255	621581369	3e143251
0	0	256	2135907007	3efe9eb5
0	0	257	139412807	3d04f454
0	0	258	4290789463	3f7fc040
0	0	259	3559109693	3f5423b4
0	0	260	4122869249	3f75bdfe
0	0	261	2791117450	3f265d13
0	0	262	1224050633	3e91eb10
0	0	263	3328382013	3f466314
0	0	264	2282268869	3f0808a9
0	0	265	1663111297	3ec64221
0	0	266	3521259512	3f51e228
0	0	267	3306251844	3f451166
0	0	268	1044576649	3e790be6
0	0	269	1089418785	3e81de6c
0	0	270	2284493386	3f082a9a
0	0	271	3866999720	3f667dbc
0	0	272	1772965724	3ed35a9f
0	0	273	3951008738	3f6b7f9c
0	0	274	1545890270	3eb848d4
0	0	275	2337119603	3f0b4d9d
0	0	276	2337794685	3f0b57ea
0	0	277	3682379520	3f5b7ca7
0	0	278	4005151220	3f6eb9c2
0	0	279	825678793	3e44db6f
0	0	280	60320178	3c661a6c
0	0	281	1526174167	3eb5ef24
0	0	282	956593458	3e6411d5
0	0	283	1843734736	3edbca52
0	0	284	517988576	3df6ff07
0	0	285	1236144493	3e935c23
0	0	286	644360466	3e19a0a4
0	0	287	3984955916	3f6d859a
0	0	288	1414219189	3ea8968b
0	0	289	2664786038	3f1ed568
0	0	290	3299102181	3f44a44e
0	0	291	590002184	3e0caae0
0	0	292	2555076647	3f184b60
0	0	293	2570325369	3f19340d
0	0	294	2738653520	3f233c89
0	0	295	3133733984	3f3ac8fc
0	0	296	1905982965	3ee335fc
0	0	297	4116137849	3f755747
0	0	298	1105052831	3e83bb89
0	0	299	3676580890	3f5b242c
0	0	300	4239329250	3f7caf08
0	0	301	3190456752	3f3e2a82
0	0	302	2387632239	3f0e5060
0	0	303	3780825923	3f615ad3
0	0	304	1706358741	3ecb69f0
0	0	305	2850386545	3f29e572
0	0	306	831886222	3e46564e
0	0	307	251814431	3d702622
0	0	308	3520091235	3f51d054
0	0	309	521045473	3df8742f
0	0	310	3506916552	3f51074d
0	0	311	2556814585	3f1865e5
0	0	312	1755717415	3ed14c3e
0	0	313	256756080	3d74dc97
0	0	314	2883184326	3f2bd9e7
0	0	315	1203710771	3e8f7e56
0	0	316	649558281	3e1adde4
0	0	317	432954262	3dce72dd
0	0	318	2255143682	3f066ac3
0	0	319	3870332351	3f66b096
0	0	320	49921954	3c3e6fe8
0	0	321	3468931676	3f4ec3b2
0	0	322	1815237018	3ed864a3
0	0	323	2441465757	3f1185d0
0	0	324	1028448354	3e753382
0	0	325	3454391853	3f4de5d6
0	0	326	3302726244	3f44db9a
0	0	327	815730718	3e427c40
0	0	328	4230227020	3f7c2424
0	0	329	2802927704	3f271148
0	0	330	487218425	3de852e8
0	0	331	3002101461	3f32f06f
0	0	332	66502533	3c7dafe1
0	0	333	769119954	3e375f5b
0	0	334	790372472	3e3c7082
0	0	335	2401402599	3f0f227f
0	0	336	2663779767	3f1ec60e
0	0	337	3179743536	3f3d8709
0	0	338	2778497155	3f259c81
0	0	339	1073509830	3e7ff1d7
0	0	340	1061280057	3e7d0765
0	0	341	2037043836	3ef2d5a5
0	0	342	4215583906	3f7b44b5
0	0	343	461747723	3ddc2db0
0	0	344	2710055758	3f21882b
0	0	345	3134266314	3f3ad11c
0	0	346	750846022	3e330401
0	0	347	2440546527	3f1177c9
0	0	348	194178211	3d392eca
0	0	349	38715347	3c13aff5
0	0	350	1648021561	3ec475a0
0	0	351	3479743358	3f4f68ab
0	0	352	3345167556	3f476335
0	0	353	649030715	3e1abdb1
0	0	354	3473251902	3f4f059e
0	0	355	1807276800	3ed771b6
0	0	356	2508236632	3f1580a7
0	0	357	3047114453	3f359f47
0	0	358	489844415	3de99376
0	0	359	3216560872	3f3fb8d3
0	0	360	969976919	3e6742b1
0	0	361	838746644	3e47f908
0	0	362	540523783	3e00def4
0	0	363	2052149930	3ef4a2a5
0	0	364	14701288	3b6052e8
0	0	365	1418772469	3ea92180
0	0	366	2979995728	3f319f20
0	0	367	497706924	3ded533d
0	0	368	4067364920	3f726f10
0	0	369	1965299355	3eea482d
0	0	370	1359526708	3ea21176
0	0	371	2346729909	3f0be042
0	0	372	3947360044	3f6b47ef
0	0	373	3256768020	3f421e56
0	0	374	3210325848	3f3f59af
0	0	375	2713106245	3f21b6b7
0	0	376	2238727303	3f057045
0	0	377	4089585689	3f73c220
0	0	378	1807339505	3ed773a0
0	0	379	2011384946	3eefc699
0	0	380	3343364873	3f4747b3
0	0	381	1310535150	3e9c3a5c
0	0	382	3944007917	3f6b14c9
0	0	383	2503787338	3f153cc3
0	0	384	4064078716	3f723ceb
0	0	385	3509079398	3f51284d
0	0	386	2358360878	3f0c91bb
0	0	387	2817434909	3f27eea5
0	0	388	3912709274	3f693735
0	0	389	2570118293	3f1930e5
0	0	390	4294611232	3f7ffa91
0	0	391	72372237	3c8a0a02
0	0	392	2921972605	3f2e29c3
0	0	393	2894613529	3f2c884c
0	0	394	2694354040	3f209894
0	0	395	3954100683	3f6baeca
0	0	396	1159594652	3e8a3c05
0	0	397	3578664084	3f554e15
0	0	398	1253650931	3e957264
0	0	399	739505935	3e304fdc
0	0	400	4235355712	3f7c7266
0	0	401	2591541374	3f1a77c8
0	0	402	3233061258	3f40b49a
0	0	403	2723645576	3f225789
0	0	404	4274667501	3f7eca40
0	0	405	2784979453	3f25ff6a
0	0	406	175624646	3d277d1c
0	0	407	2136760152	3efeb8bf
0	0	408	2624471313	3f1c6e41
0	0	409	592587946	3e0d48b3
0	0	410	3671636795	3f5ad8bb
0	0	411	620527741	3e13f202
0	0	412	1127136141	3e865d77
0	0	413	2492143202	3f148b16
0	0	414	1168554174	3e8b4d71
0	0	415	3515969339	3f51916f
0	0	416	1258252517	3e95fed2
0	0	417	2880161144	3f2babc5
0	0	418	3027155899	3f346ebc
0	0	419	3895847033	3f6835e8
0	0	420	1909269527	3ee39a48
0	0	421	161171597	3d19b489
0	0	422	1808888491	3ed7a2e5
0	0	423	3713979258	3f5d5ed3
0	0	424	3377272923	3f494d18
0	0	425	3368030699	3f48c012
0	0	426	769053812	3e375b52
0	0	427	1575097074	3ebbc426
0	0	428	1726200645	3ecdc777
0	0	429	9029073	3b09c5d2
0	0	430	180199561	3d2bda09
0	0	431	689113996	3e244c2e
0	0	432	4124123502	3f75d121
0	0	433	3440552335	3f4d12aa
0	0	434	1267860297	3e972407
0	0	435	2038297041	3ef2fbe4
0	0	436	2099234272	3efa3f8c
0	0	437	165064200	3d1d6ae0
0	0	438	2163329997	3f00f1cc
0	0	439	3843343242	3f6514c4
0	0	440	1978002585	3eebcbd9
0	0	441	3911452664	3f692408
0	0	442	210215009	3d487a06
0	0	443	4016762946	3f6f6af0
0	0	444	3818656261	3f639c12
0	0	445	3717182424	3f5d8fb4
0	0	446	3295673070	3f446ffb
0	0	447	3612670719	3f5754fb
0	0	448	1721558067	3ecd39c8
0	0	449	3519132824	3f51c1b5
0	0	450	8184783	3af9c79f
0	0	451	79674393	3c97f783
0	0	452	2176593998	3f01bc30
0	0	453	306317892	3d921052
0	0	454	4253659936	3f7d89b3
0	0	455	2063963608	3ef60b2c
0	0	456	1097087265	3e82c872
0	0	457	1466863566	3eaedd20
0	0	458	1713108756	3ecc37ee
0	0	459	1578877759	3ebc3786
0	0	460	2083998207	3ef86e94
0	0	461	1687468940	3ec92977
0	0	462	3779516331	3f6146d8
0	0	463	1479609674	3eb0621b
0	0	464	2778847380	3f25a1d9
0	0	465	3166225358	3f3cb8c4
0	0	466	3388149020	3f49f30d
0	0	467	2226535052	3f04b63b
0	0	468	62339685	3c6dce99
0	0	469	3411940074	3f4b5e13
0	0	470	1355362647	3ea19263
0	0	471	2856862486	3f2a4843
0	0	472	4189135378	3f79b122
0	0	473	3183253865	3f3dbc99
0	0	474	96419596	3cb7e7e2
0	0	475	820842437	3e43b43f
0	0	476	847721055	3e4a1cc9
0	0	477	1763038340	3ed22ba9
0	0	478	3230012883	3f408616
0	0	479	1183199404	3e8d0c61
0	0	480	2114521546	3efc1214
0	0	481	3039620536	3f352cee
0	0	482	9246172	3b0d15dc
0	0	483	3166623518	3f3cbed7
0	0	484	4114178313	3f753961
0	0	485	1687484858	3ec929f3
0	0	486	1881222134	3ee04258
0	0	487	3543406473	3f533418
0	0	488	3739046126	3f5edd51
0	0	489	1441714346	3eabdda1
0	0	490	2048762237	3ef43b43
0	0	491	2306929163	3f0980f2
0	0	492	251880969	3d703661
0	0	493	4246703005	3f7d1f8c
0	0	494	4202048663	3f7a762d
0	0	495	2701379853	3f2103c9
0	0	496	1197752150	3e8ec87f
0	0	497	1954902324	3ee90ae2
0	0	498	186410879	3d31c678
0	0	499	3326830550	3f464b68
0	0	500	1154656305	3e89a550
0	0	501	4217368597	3f7b5ff0
0	0	502	4258300942	3f7dd084
0	0	503	2683536498	3f1ff384
0	0	504	1210391925	3e904a3b
0	0	505	1440781073	3eabc126
0	0	506	1951523556	3ee8a3c6
0	0	507	279729498	3d8562ab
0	0	508	445752859	3dd48d31
0	0	509	3360752139	3f485102
0	0	510	4188037444	3f79a061
0	0	511	3811392663	3f632d3d
0	0	512	2239480765	3f057bc4
0	0	513	150932066	3d0ff0a6
0	0	514	1909635847	3ee3a576
0	0	515	3351855425	3f47c941
0	0	516	1002449020	3e6f00a2
0	0	517	4068489414	3f728039
0	0	518	2474178910	3f1378f9
0	0	519	284477544	3d87a643
0	0	520	3784432459	3f6191db
0	0	521	1428653925	3eaa4f0f
0	0	522	2411932867	3f0fc32d
0	0	523	1396952903	3ea6879f
0	0	524	817649435	3e42f15c
0	0	525	164343235	3d1cbadc
0	0	526	4156702131	3f77c23e
0	0	527	1108187586	3e841b34
0	0	528	3525178730	3f521df5
0	0	529	2665588907	3f1ee1a9
0	0	530	11143694	3b2a0a0e
0	0	531	3048371052	3f35b273
0	0	532	3389864203	3f4a0d39
0	0	533	2655748544	3f1e4b82
0	0	534	3057940976	3f36447a
0	0	535	3215459577	3f3fa805
0	0	536	4095767103	3f742072
0	0	537	4001950278	3f6e88ea
0	0	538	3814029045	3f635577
0	0	539	4196431488	3f7a2076
0	0	540	999202828	3e6e3a80
0	0	541	390011863	3db9f8df
0	0	542	2364154720	3f0cea23
0	0	543	4018234390	3f6f8164
0	0	544	1933036947	3ee66f9b
0	0	545	837091623	3e479405
0	0	546	1578798869	3ebc351e
0	0	547	3523270126	3f5200d6
0	0	548	3407204668	3f4b15d1
0	0	549	3181297202	3f3d9ebe
0	0	550	4030299169	3f70397c
0	0	551	2300649715	3f092121
0	0	552	3922800020	3f69d12e
0	0	553	2304905940	3f096213
0	0	554	3387733249	3f49ecb5
0	0	555	1322357785	3e9da328
0	0	556	2296574243	3f08e2f1
0	0	557	177083322	3d28e13c
0	0	558	1556410373	3eb989e0
0	0	559	3648854762	3f597d1b
0	0	560	3787129069	3f61bb01
0	0	561	103322088	3cc5123d
0	0	562	1233382461	3e9307d8
0	0	563	2245104846	3f05d195
0	0	564	1971836143	3eeb0faa
0	0	565	2382829871	3f0e0719
0	0	566	1521683253	3eb56616
0	0	567	1502519717	3eb31d43
0	0	568	616803602	3e130eb4
0	0	569	2620223974	3f1c2d72
0	0	570	660770970	3e1d8a42
0	0	571	3218177965	3f3fd180
0	0	572	3027479580	3f3473ac
0	0	573	174576585	3d267d3d
0	0	574	2597707602	3f1ad5df
0	0	575	1155967374	3e89cd53
0	0	576	1623283578	3ec182af
0	0	577	1319312004	3e9d4635
0	0	578	2159090378	3f00b11b
0	0	579	2329280169	3f0ad5ff
0	0	580	2970715671	3f311186
0	0	581	3100570964	3f38cef5
0	0	582	3634746509	3f58a5d5
0	0	583	2425372801	3f109041
0	0	584	992847718	3e6cb69e
0	0	585	3477520776	3f4f46c2
0	0	586	1107664918	3e840b40
0	0	587	1871986731	3edf2880
0	0	588	2740915035	3f235f0b
0	0	589	129327469	3cf6ac2e
0	0	590	1026789313	3e74ce3f
0	0	591	2120218478	3efcbfef
0	0	592	2831253399	3f28c180
0	0	593	686612336	3e23b37e
0	0	594	5610943	3aab3b7f
0	0	595	2244796089	3f05ccdf
0	0	596	2351540763	3f0c29aa
0	0	597	3810293530	3f631c77
0	0	598	2195686860	3f02df86
0	0	599	794574124	3e3d70f5
0	0	600	2746128497	3f23ae98
0	0	601	1311915560	3e9c647c
0	0	602	730462547	3e2e27e5
0	0	603	1567744809	3ebae3c6
0	0	604	1506237030	3eb38eb5
0	0	605	3846894867	3f654af5
0	0	606	2249402375	3f061328
0	0	607	886929166	3e5375dc
0	0	608	2117409457	3efc6a35
0	0	609	2445154182	3f11be18
0	0	610	2262756805	3f06deee
0	0	611	2126726960	3efd868e
0	0	612	2791674004	3f266591
0	0	613	2828302395	3f289478
0	0	614	3779361066	3f614479
0	0	615	356418046	3da9f410
0	0	616	798894037	3e3e789f
0	0	617	1230738545	3e92b729
0	0	618	3907704520	3f68ead7
0	0	619	1909367959	3ee39d49
0	0	620	3592101619	3f561b1f
0	0	621	1412223527	3ea859a4
0	0	622	459893748	3ddb4b60
0	0	623	2910927998	3f2d813c
0	0	624	2983852674	3f31d9fb
0	0	625	1746412285	3ed03046
0	0	626	936440731	3e5f43ce
0	0	627	2741203061	3f236370
0	0	628	2595129747	3f1aae8a
0	0	629	675795458	3e211f48
0	0	630	3050751320	3f35d6c5
0	0	631	581677495	3e0aaec7
0	0	632	354998697	3da946cd
0	0	633	3498304550	3f5083e4
0	0	634	2649828867	3f1df12e
0	0	635	3443604196	3f4d413b
0	0	636	3796848561	3f624f50
0	0	637	1088893504	3e81ce64
0	0	638	2231702857	3f050515
0	0	639	1212278680	3e9083cf
0	0	640	1595913160	3ebe3f68
0	0	641	56348076	3c56f36b
0	0	642	2969544329	3f30ffa7
0	0	643	1420611061	3ea9599c
0	0	644	20297639	3b9adbd4
0	0	645	1778839705	3ed40de1
0	0	646	1700538684	3ecab852
0	0	647	2229512989	3f04e3ab
0	0	648	3692479123	3f5c16c3
0	0	649	3535743855	3f52bf2b
0	0	650	2051747589	3ef4965e
0	0	651	1993617111	3eeda85e
0	0	652	2015961236	3ef05241
0	0	653	2410073260	3f0fa6cd
0	0	654	867970871	3e4ef0bd
0	0	655	3708486371	3f5d0b03
0	0	656	3984029393	3f6d7777
0	0	657	3868156851	3f668f64
0	0	658	3939131087	3f6aca5f
0	0	659	427234150	3dcbb89b
0	0	660	2844902316	3f2991c4
0	0	661	196699023	3d3b9639
0	0	662	2892767915	3f2c6c23
0	0	663	427091825	3dcba73c
0	0	664	3353799744	3f47e6ec
0	0	665	286341624	3d8889d0
0	0	666	3154901484	3f3c0bfa
0	0	667	1430343022	3eaa829b
0	0	668	4012224240	3f6f25af
0	0	669	1449295504	3eacc4fd
0	0	670	590490462	3e0cc8ad
0	0	671	3383208983	3f49a7ac
0	0	672	4102196714	3f74828e
0	0	673	3668720407	3f5aac3b
0	0	674	3542159728	3f532111
0	0	675	2869151628	3f2b03c8
0	0	676	4047420891	3f713ebe
0	0	677	2972962412	3f3133ce
0	0	678	3404657635	3f4aeef4
0	0	679	2192075311	3f02a86a
0	0	680	2788633081	3f26372a
0	0	681	1209575452	3e903150
0	0	682	2487349376	3f1441f0
0	0	683	1647010144	3ec456c3
0	0	684	2302427675	3f093c42
0	0	685	1713753918	3ecc4b9e
0	0	686	747137995	3e3221af
0	0	687	1119897101	3e85808c
0	0	688	913272046	3e59bdb4
0	0	689	249456927	3d6de692
0	0	690	670567049	3e1fe02a
0	0	691	2451550631	3f121fb2
0	0	692	4235851838	3f7c79f8
0	0	693	3832874858	3f647507
0	0	694	1531819619	3eb69b6d
0	0	695	2164005760	3f00fc1c
0	0	696	548649142	3e02cee3
0	0	697	3637035315	3f58c8c1
0	0	698	722864274	3e2c5822
0	0	699	3645857674	3f594f60
0	0	700	3441754470	3f4d2501
0	0	701	7390874	3ae18d35
0	0	702	2681118970	3f1fcea1
0	0	703	2800178820	3f26e757
0	0	704	2757074844	3f2455a0
0	0	705	1359629817	3ea2149c
0	0	706	3098518002	3f38afa2
0	0	707	1272927223	3e97bea8
0	0	708	3473125312	3f4f03b0
0	0	709	2229038007	3f04dc6c
0	0	710	186381672	3d31bf56
0	0	711	2622400228	3f1c4ea7
0	0	712	3120645106	3f3a0144
0	0	713	2324014273	3f0a85a5
0	0	714	4148724737	3f774884
0	0	715	2108931618	3efb677c
0	0	716	897247113	3e55eb9e
0	0	717	694872914	3e25abad
0	0	718	193929099	3d38f1f9
0	0	719	2907846376	3f2d5237
0	0	720	4055353062	3f71b7c7
0	0	721	3383728284	3f49af99
0	0	722	1111087191	3e8473b1
0	0	723	2405953977	3f0f67f2
0	0	724	4018725443	3f6f88e2
0	0	725	2200924995	3f032f73
0	0	726	1803663794	3ed70373
0	0	727	1692037764	3ec9b4e5
0	0	728	2271869289	3f0769f9
0	0	729	1697923298	3eca6882
0	0	730	2835894599	3f290851
0	0	731	4227195052	3f7bf5e1
0	0	732	4052615019	3f718dff
0	0	733	1943131630	3ee7a3ac
0	0	734	89783368	3cab3f89
0	0	735	951373728	3e62d33e
0	0	736	1192080986	3e8e1b6d
0	0	737	2728391115	3f229ff2
0	0	738	2080369021	3ef7ffd3
0	0	739	2557152612	3f186b0d
0	0	740	4276835462	3f7eeb55
0	0	741	3527178947	3f523c7b
0	0	742	2645189881	3f1daa65
0	0	743	4204792405	3f7aa00a
0	0	744	3631520769	3f58749c
0	0	745	2476991276	3f13a3e3
0	0	746	1050472621	3e7a73c3
0	0	747	4050050955	3f7166e0
0	0	748	2849904358	3f29de17
0	0	749	2307072323	3f098321
0	0	750	2946768052	3f2fa41d
0	0	751	1990976636	3eed57c9
0	0	752	1759424109	3ed1bd5d
0	0	753	2868250502	3f2af608
0	0	754	2975241405	3f315695
0	0	755	3816404731	3f6379b7
0	0	756	2887834554	3f2c20dc
0	0	757	1164847236	3e8adc51
0	0	758	1855061879	3edd23ff
0	0	759	4081154743	3f73417b
0	0	760	4200221142	3f7a5a4a
0	0	761	894784816	3e555555
0	0	762	2088398366	3ef8f4dc
0	0	763	1355750327	3ea19e37
0	0	764	837874964	3e47c3d4
0	0	765	1755441396	3ed143d2
0	0	766	4034926080	3f708016
0	0	767	1350091363	3ea0f185
0	0	768	2982320013	3f31c298
0	0	769	2304019923	3f09548e
0	0	770	874452501	3e507c58
0	0	771	385956766	3db809dd
0	0	772	2378397056	3f0dc376
0	0	773	108472726	3ccee533
0	0	774	3560467104	3f54386b
0	0	775	2489542268	3f146366
0	0	776	483540777	3de691f9
0	0	777	2051884932	3ef49a8f
0	0	778	338770972	3da189e1
0	0	779	3434405143	3f4cb4dd
0	0	780	2402872156	3f0f38eb
0	0	781	1024251391	3e743358
0	0	782	2145839042	3effcdd0
0	0	783	1871205843	3edf10ac
0	0	784	228965105	3d5a5baf
0	0	785	1123227405	3e85e62e
0	0	786	3012754093	3f3392fb
0	0	787	822371808	3e441198
0	0	788	468018006	3ddf2b1b
0	0	789	187300629	3d329fb1
0	0	790	1834715057	3edab70f
0	0	791	3544165037	3f533fab
0	0	792	4110642500	3f75036d
0	0	793	2134218839	3efe6b31
0	0	794	2950068134	3f2fd678
0	0	795	1190730288	3e8df234
0	0	796	2824279581	3f285716
0	0	797	1340138544	3e9fc1c8
0	0	798	353929701	3da8c44f
0	0	799	901388338	3e56e861
0	0	800	3032469859	3f34bfd1
0	0	801	2792498598	3f267226
0	0	802	830356847	3e45f8f6
0	0	803	3459527644	3f4e3434
0	0	804	940042403	3e601fa3
0	0	805	710526579	3e29671a
0	0	806	3634729418	3f58a592
0	0	807	1069333230	3e7ef2ec
0	0	808	483086122	3de65a79
0	0	809	3811895727	3f6334ea
0	0	810	4091794412	3f73e3d4
0	0	811	1014003523	3e71c1dd
0	0	812	1129801907	3e86aed1
0	0	813	1523080926	3eb590be
0	0	814	2771511789	3f2531ea
0	0	815	2281555650	3f07fdc7
0	0	816	775057281	3e38c9be
0	0	817	584226208	3e0b4a56
0	0	818	3881768688	3f675f17
0	0	819	3477477631	3f4f4619
0	0	820	2426304670	3f109e79
0	0	821	2101076481	3efa77c4
0	0	822	1744456665	3ecff498
0	0	823	1498624841	3eb2a667
0	0	824	1200355487	3e8f17f1
0	0	825	2733596084	3f22ef5e
0	0	826	786181922	3e3b70bd
0	0	827	4047162210	3f713acb
0	0	828	231157170	3d5c72db
0	0	829	410148833	3dc392ff
0	0	830	614284592	3e1274f5
0	0	831	117354710	3cdfd61b
0	0	832	14199092	3b58a934
0	0	833	3879471266	3f673c09
0	0	834	2002654618	3eeebc2b
0	0	835	782117863	3e3a78b0
0	0	836	577331387	3e09a583
0	0	837	3758902332	3f600c4c
0	0	838	1310714324	3e9c3fd4
0	0	839	2517741838	3f1611b1
0	0	840	3659652852	3f5a21df
0	0	841	1753031255	3ed0fa45
0	0	842	1267695289	3e971efd
0	0	843	359754033	3dab8b4a
0	0	844	3409967333	3f4b3ff9
0	0	845	3791232200	3f61f99d
0	0	846	3305687297	3f4508c9
0	0	847	1549324480	3eb8b1a2
0	0	848	375608941	3db31ab3
0	0	849	4175366054	3f78df08
0	0	850	3471101489	3f4ee4ce
0	0	851	2965912863	3f30c83d
0	0	852	2641846991	3f1d7763
0	0	853	2464297079	3f12e230
0	0	854	4009032738	3f6ef4fc
0	0	855	2958405609	3f3055b0
0	0	856	817494943	3e42e7ee
0	0	857	2306953625	3f098152
0	0	858	2352062005	3f0c319e
0	0	859	1135439102	3e875ada
0	0	860	289505910	3d8a0c14
0	0	861	4212832221	3f7b1ab8
0	0	862	3296019108	3f447543
0	0	863	1326960986	3e9e2fa3
0	0	864	1080507237	3e80ce77
0	0	865	1105989734	3e83d821
0	0	866	841189369	3e488e20
0	0	867	2459281687	3f1295a9
0	0	868	2020625736	3ef0e09b
0	0	869	3494478268	3f504982
0	0	870	4009583651	3f6efd64
0	0	871	982419456	3e6a3a20
0	0	872	826180182	3e44fa09
0	0	873	3537476207	3f52d99a
0	0	874	1505280841	3eb37187
0	0	875	3084929415	3f37e04a
0	0	876	3669808257	3f5abcd5
0	0	877	1508647051	3eb3d841
0	0	878	1289691086	3e99be40
0	0	879	235844101	3d60eb20
0	0	880	3074368735	3f373f25
0	0	881	1573863133	3ebb9e7e
0	0	882	1256004774	3e95ba39
0	0	883	112595870	3cd6c274
0	0	884	2816855667	3f27e5ce
0	0	885	2713016856	3f21b55a
0	0	886	1685110826	3ec8e180
0	0	887	2597555925	3f1ad38f
0	0	888	3673590262	3f5af68a
0	0	889	448411723	3dd5d1c2
0	0	890	3684241640	3f5b9911
0	0	891	1932941179	3ee66caf
0	0	892	4162080738	3f781450
0	0	893	304298398	3d9119cd
0	0	894	3884019200	3f67816e
0	0	895	783158078	3e3ab82d
0	0	896	4019286399	3f6f9171
0	0	897	1505959207	3eb3863a
0	0	898	3234200773	3f40c5fd
0	0	899	1816925806	3ed8982d
0	0	900	3630147982	3f585faa
0	0	901	3721908823	3f5dd7d2
0	0	902	2146617858	3effe594
0	0	903	4210437518	3f7af62e
0	0	904	1468571727	3eaf1141
0	0	905	2372983836	3f0d70dc
0	0	906	3017809550	3f33e01f
0	0	907	498557595	3dedbb15
0	0	908	3699783403	3f5c8637
0	0	909	2621397426	3f1c3f5a
0	0	910	2746062199	3f23ad95
0	0	911	3334107094	3f46ba70
0	0	912	1944560419	3ee7cf46
0	0	913	3877460392	3f671d5a
0	0	914	1005864435	3e6fd118
0	0	915	3976380882	3f6d02c2
0	0	916	4125855820	3f75eb90
0	0	917	3378758682	3f4963c4
0	0	918	3740996758	3f5efb15
0	0	919	519037563	3df77f14
0	0	920	2851041985	3f29ef73
0	0	921	2931155311	3f2eb5e1
0	0	922	3338283674	3f46fa2b
0	0	923	3536951754	3f52d19a
0	0	924	4225395356	3f7bda6b
0	0	925	1013373349	3e719b67
0	0	926	3521908968	3f51ec11
0	0	927	2653008464	3f1e21b2
0	0	928	3098619480	3f38b12e
0	0	929	2420327266	3f104343
0	0	930	1068138899	3e7eaa06
0	0	931	348292622	3da61430
0	0	932	2435883216	3f1130a1
0	0	933	487732220	3de891a0
0	0	934	854315820	3e4baf4d
0	0	935	202264845	3d40e511
0	0	936	2082948766	3ef84e8d
0	0	937	1671244449	3ec73a55
0	0	938	2528257659	3f16b226
0	0	939	3144725773	3f3b70b5
0	0	940	4159210430	3f77e884
0	0	941	2735110840	3f23067b
0	0	942	1767045345	3ed2a5f2
0	0	943	2393403370	3f0ea870
0	0	944	1369159058	3ea3376b
0	0	945	3443577941	3f4d40d4
0	0	946	561878260	3e05f654
0	0	947	3866706500	3f667942
0	0	948	1996999341	3eee0f95
0	0	949	2944627236	3f2f8372
0	0	950	3257876832	3f422f41
0	0	951	55382749	3c5344b7
0	0	952	2936586933	3f2f08c3
0	0	953	435482110	3dcfa770
0	0	954	117642112	3ce06270
0	0	955	2591461951	3f1a7692
0	0	956	1049640240	3e7a40f5
0	0	957	3509330874	3f512c24
0	0	958	4255205925	3f7da14a
0	0	959	2242431343	3f05a8c9
0	0	960	841047331	3e488575
0	0	961	3644614024	3f593c66
0	0	962	474508761	3de2436f
0	0	963	3846308174	3f654201
0	0	964	1175326767	3e8c1c20
0	0	965	1937969679	3ee70624
0	0	966	211919425	3d4a1a24
0	0	967	1632270590	3ec294f2
0	0	968	3996552839	3f6e368f
0	0	969	2378584461	3f0dc652
0	0	970	774921127	3e38c16f
0	0	971	1255403607	3e95a7e1
0	0	972	9263403	3b0d592c
0	0	973	2201847332	3f033d86
0	0	974	3531186688	3f5279a2
0	0	975	103100620	3cc4a61a
0	0	976	4175198376	3f78dc79
0	0	977	2016491005	3ef0626c
0	0	978	2311924375	3f09cd2b
0	0	979	1295147060	3e9a64c0
0	0	980	26556007	3bca9b34
0	0	981	2718197949	3f220469
0	0	982	1505716725	3eb37ed4
0	0	983	2836981629	3f2918e7
0	0	984	714861313	3e2a6fac
0	0	985	2438111089	3f11529f
0	0	986	175033922	3d26ece4
0	0	987	2362275501	3f0ccd77
0	0	988	1391043550	3ea5d348
0	0	989	2391797183	3f0e8fee
0	0	990	2792977616	3f267975
0	0	991	1245718390	3e94804f
0	0	992	2351424410	3f0c27e4
0	0	993	239218409	3d6422ef
0	0	994	153946173	3d12d084
0	0	995	131149098	3cfa25a5
0	0	996	3882985616	3f6771a9
0	0	997	2128059021	3efdaf35
0	0	998	288204178	3d896d2d
0	0	999	312342528	3d94efc0
0	0	1000	755760154	3e342ff0
0	0	1001	4124194693	3f75d238
0	0	1002	4050701806	3f7170ce
0	0	1003	3441057119	3f4d1a5d
0	0	1004	2910962633	3f2d81c4
0	0	1005	99369700	3cbd885c
0	0	1006	2059706738	3ef58943
0	0	1007	2054304425	3ef4e465
0	0	1008	2551773157	3f1818f8
0	0	1009	4108046145	3f74dbcf
0	0	1010	763321915	3e35fd79
0	0	1011	3217508238	3f3fc748
0	0	1012	370563952	3db0b2dc
0	0	1013	2235226776	3f053adb
0	0	1014	3871535311	3f66c2f1
0	0	1015	11425154	3b2e5582
0	0	1016	567739855	3e075c17
0	0	1017	338947630	3da19f71
0	0	1018	1526155451	3eb5ee91
0	0	1019	1790154478	3ed5672e
0	0	1020	1205131939	3e8fa9b5
0	0	1021	1558484702	3eb9c92e
0	0	1022	915295117	3e5a392e
0	0	1023	3436001202	3f4ccd38
42	0	0	300737663	3d8f6724
42	0	1	2363150160	3f0cdacf
42	0	2	799977142	3e3ebabb
42	0	3	2317951200	3f0a2921
42	0	4	1151197823	3e893bc5
42	0	5	3621806847	3f57e063
42	0	6	3031260296	3f34ad5d
42	0	7	3889728505	3f67d88c
42	0	8	3345638942	3f476a66
42	0	9	3885205407	3f679388
42	0	10	535824468	3dff8043
42	0	11	3413603516	3f4b7775
42	0	12	766228293	3e36aedd
42	0	13	2285467614	3f083978
42	0	14	2916400270	3f2dd4bd
42	0	15	1647272020	3ec45ec1
42	0	16	231267788	3d5c8ddd
42	0	17	776285203	3e3914b0
42	0	18	572583503	3e0883b9
42	0	19	1418102323	3ea90d0c
42	0	20	699881162	3e26dd5b
42	0	21	1283605087	3e990485
42	0	22	3753373558	3f5fb7ef
42	0	23	219620740	3d517258
42	0	24	1214533131	3e90c89c
42	0	25	3258363840	3f4236b0
42	0	26	2327261561	3f0ab731
42	0	27	4262750893	3f7e146b
42	0	28	2466305378	3f1300d5
42	0	29	1327393161	3e9e3cd3
42	0	30	2593452952	3f1a94f4
42	0	31	3594963856	3f5646cc
42	0	32	721677957	3e2c0fba
42	0	33	2664301214	3f1ece03
42	0	34	2081818574	3ef82c10
42	0	35	4182011260	3f79446d
42	0	36	390631064	3dba4475
42	0	37	2750254306	3f23ed8d
42	0	38	2488670901	3f14561b
42	0	39	649942876	3e1af55d
42	0	40	4044988038	3f71199f
42	0	41	3583401517	3f55965e
42	0	42	3672866908	3f5aeb80
42	0	43	1043144900	3e78b483
42	0	44	3827738791	3f6426a9
42	0	45	4232952694	3f7c4dbb
42	0	46	2398647856	3f0ef876
42	0	47	3791514704	3f61fdec
42	0	48	1191365562	3e8e0597
42	0	49	1181250763	3e8cd0ea
42	0	50	4137506801	3f769d58
42	0	51	2125902647	3efd6d66
42	0	52	3633928585	3f58995a
42	0	53	3063584115	3f369a95
42	0	54	945320068	3e6161c2
42	0	55	516335060	3df6352f
42	0	56	1140889140	3e88012c
42	0	57	1140020646	3e87e6ab
42	0	58	3923977760	3f69e326
42	0	59	3473717953	3f4f0cbb
42	0	60	2133960106	3efe634b
42	0	61	1986112631	3eecc359
42	0	62	4200160074	3f7a595b
42	0	63	1334996709	3e9f24de
42	0	64	3296845217	3f4481de
42	0	65	913431236	3e59c76b
42	0	66	2731482145	3f22cf1c
42	0	67	513495748	3df4da96
42	0	68	856687382	3e4c400c
42	0	69	3289840295	3f4416fb
42	0	70	1230869809	3e92bb2a
42	0	71	14915359	3b639720
42	0	72	3854175533	3f65ba0d
42	0	73	3160203289	3f3c5ce0
42	0	74	171900520	3d23efe6
42	0	75	3127088927	3f3a6397
42	0	76	3132749524	3f3ab9f7
42	0	77	2145943326	3effd0fe
42	0	78	3968537367	3f6c8b13
42	0	79	2893511648	3f2c777c
42	0	80	97965996	3cbadaf6
42	0	81	1144706974	3e8875af
42	0	82	3522306524	3f51f222
42	0	83	319999521	3d989671
42	0	84	3544739255	3f53486e
42	0	85	505119220	3df0dc10
42	0	86	825091159	3e44b791
42	0	87	2668568643	3f1f0f20
42	0	88	4234916561	3f7c6bb3
42	0	89	3255673252	3f420da2
42	0	90	3125348029	3f3a4907
42	0	91	813901048	3e420c94
42	0	92	1923358494	3ee5483e
42	0	93	3856404949	3f65dc12
42	0	94	1183536909	3e8d16ae
42	0	95	164575986	3d1cf3af
42	0	96	2263931167	3f06f0d9
42	0	97	687292327	3e23dcff
42	0	98	4220007774	3f7b8835
42	0	99	3062426562	3f3688ec
42	0	100	1662442576	3ec62db9
42	0	101	2521279514	3f1647ac
42	0	102	4111336358	3f750e04
42	0	103	844307221	3e494c6c
42	0	104	2761005492	3f24919a
42	0	105	4153030417	3f778a37
42	0	106	3686852298	3f5bc0e7
42	0	107	3706757016	3f5cf0a0
42	0	108	800082712	3e3ec12c
42	0	109	2533663761	3f1704a4
42	0	110	1764105356	3ed24c39
42	0	111	2837262262	3f291d30
42	0	112	1443765407	3eac1c39
42	0	113	586838340	3e0be9c5
42	0	114	2233266094	3f051cf0
42	0	115	1082315507	3e8105a6
42	0	116	3409286316	3f4b3595
42	0	117	1385594930	3ea52d00
42	0	118	1302016014	3e9b3660
42	0	119	557344333	3e04e199
42	0	120	3941341912	3f6aec1b
42	0	121	77520070	3c93db99
42	0	122	1201871781	3e8f4637
42	0	123	3371823835	3f48f9f3
42	0	124	616068611	3e12e1d8
42	0	125	960061889	3e64e587
42	0	126	612208000	3e11f636
42	0	127	3684975675	3f5ba444
42	0	128	96882634	3cb8c9f9
42	0	129	3359365626	3f483bda
42	0	130	389459888	3db9b57e
42	0	131	1478948216	3eb04deb
42	0	132	2470763154	3f1344db
42	0	133	4061852170	3f721af2
42	0	134	1941112038	3ee7660a
42	0	135	1523051643	3eb58fd9
42	0	136	288505322	3d8991ef
42	0	137	582728793	3e0aeef1
42	0	138	2381789238	3f0df738
42	0	139	3511375852	3f514b58
42	0	140	2864989676	3f2ac446
42	0	141	2964865018	3f30b840
42	0	142	1476261067	3eaffbea
42	0	143	3970381342	3f6ca736
42	0	144	4281049898	3f7f2ba3
42	0	145	2151151862	3f0037f9
42	0	146	21921913	3ba7403c
42	0	147	3764574233	3f6062d8
42	0	148	1686693976	3ec911d1
42	0	149	4015509304	3f6f57cf
42	0	150	242632193	3d676460
42	0	151	2554637625	3f1844ad
42	0	152	3433611405	3f4ca8c1
42	0	153	1290929612	3e99e40c
42	0	154	14832488	3b625368
42	0	155	2682364303	3f1fe1a2
42	0	156	1353634572	3ea15da6
42	0	157	1713132898	3ecc38ab
42	0	158	4198137534	3f7a3a7f
42	0	159	3767870595	3f609525
42	0	160	2305957401	3f09721e
42	0	161	4153451091	3f7790a2
42	0	162	3034275896	3f34db60
42	0	163	838393334	3e47e378
42	0	164	1446633906	3eac73c3
42	0	165	25127113	3bbfb464
42	0	166	3217869200	3f3fccca
42	0	167	1193516155	3e8e4739
42	0	168	2427221019	3f10ac74
42	0	169	3227866714	3f406556
42	0	170	4168954784	3f787d34
42	0	171	1426898234	3eaa197a
42	0	172	317692538	3d977cd4
42	0	173	660631729	3e1d81c3
42	0	174	232852941	3d5e10dd
42	0	175	2645038184	3f1da814
42	0	176	4043293823	3f70ffc4
42	0	177	3572719230	3f54f35e
42	0	178	2521333780	3f164880
42	0	179	1914761528	3ee441e2
42	0	180	464443790	3ddd76cc
42	0	181	364336204	3dadbaa2
42	0	182	1490754031	3eb1b634
42	0	183	2455027997	3f1254c1
42	0	184	2323334092	3f0a7b44
42	0	185	3828436696	3f64314f
42	0	186	2466877107	3f13098f
42	0	187	1807708084	3ed77edf
42	0	188	1355039614	3ea18887
42	0	189	1372784361	3ea3a60e
42	0	190	2889803934	3f2c3ee9
42	0	191	3659882467	3f5a2560
42	0	192	3275626735	3f433e19
42	0	193	1748100887	3ed063ce
42	0	194	4160545705	3f77fce4
42	0	195	4018816005	3f6f8a44
42	0	196	1597304995	3ebe69e1
42	0	197	1393667591	3ea6235c
42	0	198	1149204081	3e88feed
42	0	199	3428859257	3f4c603d
42	0	200	2380329194	3f0de0f1
42	0	201	117724136	3ce08a7d
42	0	202	1961410811	3ee9d182
42	0	203	3199588654	3f3eb5d9
42	0	204	113294951	3cd817cd
42	0	205	1888376451	3ee11cad
42	0	206	1434001384	3eaaf240
42	0	207	819149867	3e434cf1
42	0	208	1614152871	3ec06c09
42	0	209	775502616	3e38e4ec
42	0	210	3211510772	3f3f6bc4
42	0	211	2636618026	3f1d2799
42	0	212	1372908872	3ea3a9db
42	0	213	179322020	3d2b03ca
42	0	214	2294101615	3f08bd36
42	0	215	3139133421	3f3b1b60
42	0	216	2457776926	3f127eb3
42	0	217	2149899317	3f0024dc
42	0	218	1266715674	3e970118
42	0	219	1915519987	3ee45908
42	0	220	557502571	3e04eb42
42	0	221	688265952	3e24186c
42	0	222	3403998328	3f4ae4e4
42	0	223	3854374210	3f65bd15
42	0	224	4244471931	3f7cfd80
42	0	225	2246397283	3f05e54d
42	0	226	1639579809	3ec37401
42	0	227	1411696949	3ea84992
42	0	228	2425269865	3f108eae
42	0	229	666500742	3e1ee7fa
42	0	230	2879157441	3f2b9c75
42	0	231	1018120855	3e72bd2a
42	0	232	1891055924	3ee16e72
42	0	233	2451064082	3f121845
42	0	234	2649411956	3f1dead1
42	0	235	1615465791	3ec0941a
42	0	236	1977355270	3eebb818
42	0	237	2357964503	3f0c8baf
42	0	238	876935817	3e5113ea
42	0	239	1828290637	3ed9f301
42	0	240	188547355	3d33d012
42	0	241	2528303521	3f16b2da
42	0	242	3082298786	3f37b826
42	0	243	286549081	3d88a323
42	0	244	1274380687	3e97eb03
42	0	245	1293570200	3e9a34a1
42	0	246	1874348289	3edf7092
42	0	247	1282220093	3e98da40
42	0	248	1417581561	3ea8fd28
42	0	249	3984567194	3f6d7fac
42	0	250	2785782486	3f260bab
42	0	251	3178406121	3f3d72a1
42	0	252	3665110145	3f5a7525
42	0	253	1665087578	3ec67e71
42	0	254	3697904928	3f5c698d
42	0	255	623529099	3e14a932
42	0	256	3381030713	3f49866f
42	0	257	3221596861	3f4005ab
42	0	258	1829433708	3eda15e3
42	0	259	2777610980	3f258efb
42	0	260	3352804426	3f47d7bc
42	0	261	2102362289	3efa9f01
42	0	262	1623482435	3ec188c1
42	0	263	2686859591	3f202639
42	0	264	620358173	3e13e7a8
42	0	265	2725678990	3f227690
42	0	266	3432640038	3f4c99ee
42	0	267	469631392	3ddff00d
42	0	268	3783332275	3f618112
42	0	269	1237031087	3e937731
42	0	270	1070000920	3e7f1bac
42	0	271	456320243	3dd99728
42	0	272	1624200034	3ec19ea7
42	0	273	4074901050	3f72e20e
42	0	274	3680666785	3f5b6285
42	0	275	2407523177	3f0f7fe3
42	0	276	327075751	3d9bf63d
42	0	277	1273947191	3e97ddc8
42	0	278	1102086513	3e836103
42	0	279	3476302267	3f4f342a
42	0	280	63403631	3c71dd9c
42	0	281	2791734906	3f26667e
42	0	282	1944872057	3ee7d8c9
42	0	283	2337134324	3f0b4dd7
42	0	284	3062751528	3f368de1
42	0	285	869673772	3e4f58ad
42	0	286	3216607678	3f3fb98a
42	0	287	824169866	3e447f56
42	0	288	1328104688	3e9e528a
42	0	289	4209330237	3f7ae548
42	0	290	3034871226	3f34e476
42	0	291	1335427000	3e9f31ff
42	0	292	2829431260	3f28a5b2
42	0	293	1104505556	3e83aad6
42	0	294	1487411420	3eb15032
42	0	295	2437218176	3f114500
42	0	296	1661949159	3ec61eaa
42	0	297	3838044979	3f64c3eb
42	0	298	883340848	3e529ad9
42	0	299	1451416607	3ead05b8
42	0	300	4261224727	3f7dfd21
42	0	301	1668904319	3ec6f2eb
42	0	302	241813172	3d669c6b
42	0	303	2376806227	3f0dab2f
42	0	304	530028313	3dfcbcb9
42	0	305	904164846	3e5791d8
42	0	306	1252308393	3e95496b
42	0	307	10782644	3b2487b4
42	0	308	3377168720	3f494b81
42	0	309	3651759535	3f59a96e
42	0	310	2864007958	3f2ab54b
42	0	311	1369652588	3ea3467b
42	0	312	1569773672	3ebb21b1
42	0	313	1987618497	3eecf14e
42	0	314	520868678	3df85e9a
42	0	315	3823785708	3f63ea57
42	0	316	3928650639	3f6a2a74
42	0	317	3296749777	3f448069
42	0	318	1981710868	3eec3d04
42	0	319	2406398795	3f0f6ebb
42	0	320	2648661429	3f1ddf5e
42	0	321	2382404700	3f0e009c
42	0	322	1862199746	3eddfdd4
42	0	323	294040781	3d8c35a6
42	0	324	4141628865	3f76dc3e
42	0	325	3081251533	3f37a82b
42	0	326	2029166265	3ef1e53d
42	0	327	2412869561	3f0fd178
42	0	328	1598952992	3ebe9c2c
42	0	329	2756509092	3f244cfe
42	0	330	471283919	3de0b9c6
42	0	331	2106066156	3efb100a
42	0	332	640123349	3e189e07
42	0	333	1148815973	3e88f315
42	0	334	2889054969	3f2c337b
42	0	335	3833548451	3f647f4f
42	0	336	147374497	3d0c8c1a
42	0	337	307025788	3d9266bc
42	0	338	4272754371	3f7ead0f
42	0	339	877394734	3e512fed
42	0	340	3345648846	3f476a8d
42	0	341	1021725715	3e739930
42	0	342	3912253607	3f693041
42	0	343	1634638822	3ec2dd38
42	0	344	104822130	3cc7eeae
42	0	345	2007240538	3eef481f
42	0	346	3391943404	3f4a2cf3
42	0	347	3353643803	3f47e48b
42	0	348	3140165822	3f3b2b21
42	0	349	1776668546	3ed3cb9f
42	0	350	958663120	3e649027
42	0	351	3428334680	3f4c583c
42	0	352	2166209407	3f011dbb
42	0	353	2492727583	3f149401
42	0	354	2721625884	3f2238b7
42	0	355	1919177584	3ee4c8a7
42	0	356	438587910	3dd12290
42	0	357	2934304496	3f2ee5ef
42	0	358	360004370	3daba9d9
42	0	359	1763257636	3ed2325a
42	0	360	2449220285	3f11fc23
42	0	361	2749048277	3f23db26
42	0	362	616440657	3e12f88d
42	0	363	2500404084	3f150923
42	0	364	3589244861	3f55ef88
42	0	365	1625934649	3ec1d396
42	0	366	3129195519	3f3a83bc
42	0	367	3679510287	3f5b50df
42	0	368	2228822831	3f04d923
42	0	369	470801832	3de07eed
42	0	370	1696052768	3eca2f6c
42	0	371	769395999	3e377034
42	0	372	1178479666	3e8c7c58
42	0	373	138746316	3d04519d
42	0	374	361568531	3dac68c9
42	0	375	1376719048	3ea41e22
42	0	376	2587529538	3f1a3a91
42	0	377	849044165	3e4a6d8b
42	0	378	2324173156	3f0a8811
42	0	379	3322413854	3f460803
42	0	380	3276809770	3f435026
42	0	381	1115546266	3e84fbc5
42	0	382	327451670	3d9c2421
42	0	383	3902916756	3f68a1c9
42	0	384	1921499406	3ee50f82
42	0	385	1228795029	3e927bd9
42	0	386	4041461700	3f70e3d0
42	0	387	25645828	3bc3a982
42	0	388	501359415	3def111a
42	0	389	2427986418	3f10b822
42	0	390	675937944	3e2127fa
42	0	391	2147835612	3f00055f
42	0	392	1756416776	3ed16196
42	0	393	1924209871	3ee5623a
42	0	394	2441323526	3f1183a4
42	0	395	351980990	3da7d66e
42	0	396	3831204165	3f645b89
42	0	397	1040784167	3e78246d
42	0	398	1919571773	3ee4d4ae
42	0	399	557785552	3e04fc87
42	0	400	1302569262	3e9b4742
42	0	401	469805297	3de00548
42	0	402	3019951750	3f3400cf
42	0	403	1983789418	3eec7c73
42	0	404	3046574754	3f35970b
42	0	405	2684346945	3f1fffe2
42	0	406	1078576910	3e80938e
42	0	407	3736762271	3f5eba78
42	0	408	3573192600	3f54fa98
42	0	409	1197844155	3e8ecb4d
42	0	410	2470959613	3f1347da
42	0	411	2502452491	3f152865
42	0	412	4159517972	3f77ed35
42	0	413	2043228696	3ef39264
42	0	414	3321923391	3f460087
42	0	415	3167919556	3f3cd29e
42	0	416	472530271	3de151eb
42	0	417	1513079123	3eb45f83
42	0	418	568080751	3e0770e6
42	0	419	860453486	3e4d25ea
42	0	420	2365900681	3f0d04c8
42	0	421	938720833	3e5fcef9
42	0	422	199808264	3d3e8d50
42	0	423	2693022546	3f208443
42	0	424	496946554	3decf66c
42	0	425	2638775488	3f1d4885
42	0	426	443745572	3dd39829
42	0	427	1690030324	3ec977a2
42	0	428	3728065472	3f5e35c4
42	0	429	3061551122	3f367b90
42	0	430	1503711037	3eb3419e
42	0	431	2801098373	3f26f55f
42	0	432	1788501937	3ed534bf
42	0	433	1433130212	3eaad7aa
42	0	434	3351046881	3f47bceb
42	0	435	1719120503	3eccef65
42	0	436	192732599	3d37cddb
42	0	437	2702561040	3f2115cf
42	0	438	220993428	3d52c179
42	0	439	774993208	3e38c5d5
42	0	440	1572885552	3ebb80a8
42	0	441	3238498523	3f410791
42	0	442	2325545719	3f0a9d03
42	0	443	4107587908	3f74d4d1
42	0	444	474704124	3de25b48
42	0	445	2305762998	3f096f27
42	0	446	4041585057	3f70e5b2
42	0	447	2812178965	3f279e72
42	0	448	811516481	3e417b09
42	0	449	3407168487	3f4b1544
42	0	450	1826304097	3ed9b661
42	0	451	2346463762	3f0bdc32
42	0	452	2519707996	3f162fb1
42	0	453	3132058821	3f3aaf6d
42	0	454	710464027	3e296348
42	0	455	1430940933	3eaa94da
42	0	456	661885568	3e1dce4a
42	0	457	729738470	3e2dfbb4
42	0	458	1765637735	3ed27afd
42	0	459	2597054461	3f1acbe8
42	0	460	3590142067	3f55fd38
42	0	461	2379746387	3f0dd80c
42	0	462	618439858	3e137293
42	0	463	327521744	3d9c2cae
42	0	464	3481501677	3f4f8380
42	0	465	1707927487	3ecb99cf
42	0	466	2430765729	3f10e28b
42	0	467	4086834186	3f739824
42	0	468	188257554	3d338951
42	0	469	1795548782	3ed60bcd
42	0	470	2067822848	3ef680f2
42	0	471	2721346476	3f223474
42	0	472	2318342693	3f0a2f1a
42	0	473	4227097340	3f7bf463
42	0	474	4017694300	3f6f7926
42	0	475	3315231950	3f459a6d
42	0	476	1014659205	3e71e9e2
42	0	477	3314337559	3f458cc7
42	0	478	787021201	3e3ba3f6
42	0	479	514634539	3df56599
42	0	480	4029875691	3f703306
42	0	481	2207071962	3f038d3f
42	0	482	2145054791	3effb5e1
42	0	483	1007732092	3e704316
42	0	484	771028850	3e37d3de
42	0	485	1540445499	3eb7a2aa
42	0	486	4119101129	3f75847f
42	0	487	3894696963	3f68245c
42	0	488	1188990751	3e8dbd1e
42	0	489	3728140358	3f5e36e8
42	0	490	2525658626	3f168a7e
42	0	491	3770111059	3f60b754
42	0	492	995250791	3e6d494a
42	0	493	32655429	3bf92422
42	0	494	1343903168	3ea034ac
42	0	495	3661669500	3f5a40a4
42	0	496	128058209	3cf4406c
42	0	497	1019346562	3e7307fa
42	0	498	2966732093	3f30d4bd
42	0	499	19675303	3b961c54
42	0	500	60398892	3c66674b
42	0	501	116835737	3cded8b3
42	0	502	814970373	3e424dd8
42	0	503	678850080	3e21d9b8
42	0	504	1637565804	3ec3368b
42	0	505	2630420810	3f1cc909
42	0	506	1391648	39a9e104
42	0	507	3089223920	3f3821d1
42	0	508	1608306458	3ebfb99e
42	0	509	520068717	3df7fcf3
42	0	510	3421745257	3f4bf3b0
42	0	511	1508412248	3eb3d117
42	0	512	1691329471	3ec99f47
42	0	513	4153109474	3f778b6c
42	0	514	725927639	3e2d131b
42	0	515	2968743098	3f30f36d
42	0	516	679098564	3e21e8e3
42	0	517	4064778598	3f724799
42	0	518	1047825028	3e79d22a
42	0	519	1906959444	3ee353c9
42	0	520	3637122029	3f58ca14
42	0	521	2261341643	3f06c956
42	0	522	3954848379	3f6bba32
42	0	523	1084880400	3e8153ec
42	0	524	1658572957	3ec5b7a1
42	0	525	1871186117	3edf1012
42	0	526	312015640	3d94c7d9
42	0	527	1299945355	3e9af72f
42	0	528	3655557542	3f59e362
42	0	529	3018361759	3f33e88c
42	0	530	1209711078	3e903574
42	0	531	1769732096	3ed2f7f0
42	0	532	1574148170	3ebba731
42	0	533	2663996051	3f1ec95b
42	0	534	3563075795	3f546039
42	0	535	3891466756	3f67f312
42	0	536	847544101	3e4a11fd
42	0	537	3625545498	3f58196f
42	0	538	741210268	3e30b7e2
42	0	539	3640560446	3f58fe8b
42	0	540	884288515	3e52d4b0
42	0	541	3275024649	3f4334e9
42	0	542	3719978169	3f5dba5d
42	0	543	3304128547	3f44f100
42	0	544	3107339887	3f39363e
42	0	545	2293634013	3f08b614
42	0	546	1052341055	3e7ae5cd
42	0	547	209463414	3d47c287
42	0	548	2239004250	3f05747e
42	0	549	3320544712	3f45eb7e
42	0	550	3329314928	3f467150
42	0	551	3346468006	3f47770d
42	0	552	4243305920	3f7cebb6
42	0	553	1094218229	3e8270e4
42	0	554	83658147	3c9f90b4
42	0	555	480980139	3de55965
42	0	556	2127567986	3efda039
42	0	557	1701758572	3ecadd8d
42	0	558	1555182392	3eb96466
42	0	559	3305231789	3f4501d6
42	0	560	3116618592	3f39c3d3
42	0	561	3603890257	3f56cf00
42	0	562	2004556938	3eeef639
42	0	563	2366224572	3f0d09b9
42	0	564	9781800	3b154228
42	0	565	243665384	3d68609e
42	0	566	1570552485	3ebb3975
42	0	567	708368983	3e28e369
42	0	568	1493383247	3eb20671
42	0	569	2365096022	3f0cf880
42	0	570	3730584414	3f5e5c33
42	0	571	2149081626	3f001862
42	0	572	796171825	3e3dd279
42	0	573	3399798403	3f4aa4cf
42	0	574	2130119762	3efdee19
42	0	575	2272075383	3f076d1e
42	0	576	2624355962	3f1c6c7e
42	0	577	2341578452	3f0b91a7
42	0	578	3823191852	3f63e147
42	0	579	2811448281	3f27934c
42	0	580	3177645390	3f3d6705
42	0	581	1656364210	3ec57439
42	0	582	729583470	3e2df23e
42	0	583	1839157380	3edb3ea1
42	0	584	1269074694	3e974916
42	0	585	1999468058	3eee5aec
42	0	586	3735319149	3f5ea472
42	0	587	3212076927	3f3f7467
42	0	588	4218656080	3f7b7395
42	0	589	777810067	3e3971c2
42	0	590	1420635731	3ea95a5d
42	0	591	1249146072	3e94e8ea
42	0	592	2538690364	3f175157
42	0	593	4060772611	3f720a79
42	0	594	2743816957	3f238b53
42	0	595	381440451	3db5e28e
42	0	596	3094020263	3f386b01
42	0	597	3660008872	3f5a274e
42	0	598	1336773739	3e9f5b19
42	0	599	1151013554	3e893625
42	0	600	1354726249	3ea17ef7
42	0	601	1021804664	3e739e02
42	0	602	2900039368	3f2cdb17
42	0	603	2221971436	3f047098
42	0	604	1430752804	3eaa8f1c
42	0	605	2195540401	3f02dd4a
42	0	606	527412198	3dfb7d5f
42	0	607	645526483	3e19e7cf
42	0	608	2236791189	3f0552ba
42	0	609	1472569637	3eaf8b42
42	0	610	1270611529	3e9777fd
42	0	611	862996411	3e4dc11f
42	0	612	3426682661	3f4c3f07
42	0	613	2468673409	3f1324f8
42	0	614	86064365	3ca4279e
42	0	615	3218130781	3f3fd0c7
42	0	616	69934454	3c8563af
42	0	617	4043592787	3f710454
42	0	618	2316991401	3f0a1a7c
42	0	619	1402250237	3ea72948
42	0	620	1035606153	3e76e862
42	0	621	2887297152	3f2c18a8
42	0	622	404654813	3dc0f457
42	0	623	307993507	3d92dcdd
42	0	624	2214486104	3f03fe60
42	0	625	423770524	3dca11cd
42	0	626	2184447308	3f023405
42	0	627	3004242100	3f331119
42	0	628	2241843180	3f059fd0
42	0	629	831558426	3e46424c
42	0	630	4130129568	3f762cc7
42	0	631	3230752130	3f40915e
42	0	632	2786376094	3f2614ba
42	0	633	274863948	3d8310ba
42	0	634	3568770561	3f54b71e
42	0	635	1844170729	3edbd7a0
42	0	636	3853404207	3f65ae48
42	0	637	594036060	3e0da115
42	0	638	531130048	3dfd4336
42	0	639	2026592506	3ef196b2
42	0	640	3241404726	3f4133e9
42	0	641	3647173361	3f596373
42	0	642	1946164818	3ee8003d
42	0	643	1709747398	3ecbd15a
42	0	644	4178182046	3f790a00
42	0	645	3277559511	3f435b97
42	0	646	2104657392	3efae50c
42	0	647	2032169670	3ef240e6
42	0	648	3310044812	3f454b47
42	0	649	1889641432	3ee14348
42	0	650	3581946519	3f55802b
42	0	651	1307476831	3e9bdd07
42	0	652	1368018038	3ea31499
42	0	653	3826090709	3f640d83
42	0	654	3236517622	3f40e957
42	0	655	2470580440	3f134211
42	0	656	4194977908	3f7a0a48
42	0	657	336571356	3da07d5f
42	0	658	3958519983	3f6bf239
42	0	659	3110656013	3f3968d8
42	0	660	3417653101	3f4bb53f
42	0	661	1568368880	3ebaf6d2
42	0	662	3476462666	3f4f369c
42	0	663	4217561264	3f7b62e1
42	0	664	2066544167	3ef659ec
42	0	665	621432346	3e142938
42	0	666	2292343656	3f08a263
42	0	667	888422869	3e53d107
42	0	668	459623753	3ddb2a6a
42	0	669	825772813	3e44e12c
42	0	670	2249620813	3f06167d
42	0	671	1533903650	3eb6db06
42	0	672	4142040141	3f76e284
42	0	673	276076803	3d83a4c8
42	0	674	4242615848	3f7ce12e
42	0	675	779609720	3e39df9a
42	0	676	491420886	3dea53e7
42	0	677	2737961030	3f2331f8
42	0	678	1725393257	3ecdaed3
42	0	679	2852319912	3f2a02f3
42	0	680	2668682879	3f1f10de
42	0	681	4034269523	3f707611
42	0	682	3278430563	3f4368e1
42	0	683	21346796	3ba2dcf6
42	0	684	196639572	3d3b87b5
42	0	685	385704144	3db7eb06
42	0	686	563228221	3e0648b9
42	0	687	112786450	3cd71f82
42	0	688	3788935270	3f61d690
42	0	689	1340903136	3e9fd91e
42	0	690	3035470244	3f34ed9a
42	0	691	4270523236	3f7e8b03
42	0	692	2451582874	3f122030
42	0	693	2202661899	3f0349f4
42	0	694	4237380164	3f7c914a
42	0	695	1799121172	3ed678d2
42	0	696	3906488660	3f68d849
42	0	697	3175064461	3f3d3fa4
42	0	698	1649616827	3ec4a64f
42	0	699	2532524132	3f16f340
42	0	700	4066535877	3f72626a
42	0	701	3928578586	3f6a295a
42	0	702	2607827544	3f1b704a
42	0	703	3685902031	3f5bb267
42	0	704	3577651303	3f553ea0
42	0	705	1826376038	3ed9b893
42	0	706	245243893	3d69e1ff
42	0	707	655818825	3e1c5c01
42	0	708	904441900	3e57a2c1
42	0	709	671507172	3e20198c
42	0	710	3108766469	3f394c03
42	0	711	2761011814	3f2491b2
42	0	712	3986379160	3f6d9b52
42	0	713	4015978242	3f6f5ef7
42	0	714	193204619	3d384119
42	0	715	2387672401	3f0e50fd
42	0	716	1462120108	3eae4c5d
42	0	717	540594956	3e00e34c
42	0	718	2813626016	3f27b487
42	0	719	2798104583	3f26c7b0
42	0	720	812423	39465878
42	0	721	571546433	3e08446d
42	0	722	4123136442	3f75c212
42	0	723	783202618	3e3abae5
42	0	724	1671960687	3ec75031
42	0	725	2518623173	3f161f24
42	0	726	3821565518	3f63c876
42	0	727	4059630834	3f71f90d
42	0	728	3540499503	3f5307bc
42	0	729	3914803288	3f695728
42	0	730	3066114613	3f36c132
42	0	731	2117571331	3efc6f26
42	0	732	1205945085	3e8fc286
42	0	733	857997799	3e4c9008
42	0	734	831028196	3e4621f0
42	0	735	2042138323	3ef3711e
42	0	736	144399464	3d09b5c6
42	0	737	2928826133	3f2e9257
42	0	738	2893029014	3f2c701f
42	0	739	1810937477	3ed7e16d
42	0	740	2730796079	3f22c4a4
42	0	741	2623404931	3f1c5dfc
42	0	742	29442495	3be0a0e0
42	0	743	3482862240	3f4f9843
42	0	744	2871498361	3f2b2796
42	0	745	707137934	3e289846
42	0	746	1462542416	3eae5941
42	0	747	4025015073	3f6fe8db
42	0	748	2408277709	3f0f8b67
42	0	749	1464663850	3eae99fe
42	0	750	2894131507	3f2c80f1
42	0	751	3102984494	3f38f3c9
42	0	752	2434312012	3f1118a7
42	0	753	2887104041	3f2c15b6
42	0	754	3490606208	3f500e6c
42	0	755	567549760	3e07507d
42	0	756	3494497823	3f5049ce
42	0	757	2673863532	3f1f5feb
42	0	758	1650139143	3ec4b640
42	0	759	3724532036	3f5dffd9
42	0	760	4125277501	3f75e2bd
42	0	761	1085588266	3e816986
42	0	762	3964662257	3f6c4ff2
42	0	763	391412712	3dbaa3df
42	0	764	439623349	3dd1a0f6
42	0	765	1484580581	3eb0f9ce
42	0	766	3566522281	3f5494d0
42	0	767	3582071109	3f558211
42	0	768	2033400062	3ef26672
42	0	769	2485386833	3f1423fe
42	0	770	29770016	3be32090
42	0	771	2598546223	3f1ae2ab
42	0	772	1283510963	3e9901a5
42	0	773	49219290	3c3bc1b6
42	0	774	1731888691	3ece750c
42	0	775	3445162748	3f4d5903
42	0	776	3700970814	3f5c9855
42	0	777	3566060384	3f548dc3
42	0	778	1965459593	3eea4d11
42	0	779	1005333997	3e6fb0b8
42	0	780	2627734844	3f1ca00d
42	0	781	1301058541	3e9b1928
42	0	782	2038845376	3ef30ca0
42	0	783	124663904	3cedc70c
42	0	784	2499793505	3f14ffd2
42	0	785	219881643	3d51b20b
42	0	786	4274431604	3f7ec6a6
42	0	787	1437771496	3eab654e
42	0	788	312806524	3d952864
42	0	789	1482124513	3eb0aeda
42	0	790	601641490	3e0f7148
42	0	791	1322661538	3e9dac6d
42	0	792	1173992709	3e8bf36a
42	0	793	103631477	3cc5a94f
42	0	794	2387368727	3f0e4c5b
42	0	795	3472963138	3f4f0136
42	0	796	2815294070	3f27cdfa
42	0	797	3864621838	3f665973
42	0	798	840745062	3e487302
42	0	799	86659068	3ca54a00
42	0	800	851626817	3e4b0b2d
42	0	801	2316752091	3f0a16d5
42	0	802	2893898911	3f2c7d65
42	0	803	2683048069	3f1fec11
42	0	804	4065569422	3f7253ab
42	0	805	3913878191	3f69490b
42	0	806	2898828032	3f2cc89b
42	0	807	891963006	3e54a91a
42	0	808	3790425247	3f61ed4d
42	0	809	4075924393	3f72f1ac
42	0	810	3624401722	3f5807fb
42	0	811	2719667096	3f221ad4
42	0	812	2075922589	3ef77821
42	0	813	1011952687	3e7144b1
42	0	814	2847160380	3f29b438
42	0	815	3766820250	3f60851e
42	0	816	1699062763	3eca8b48
42	0	817	1039592596	3e77dbb2
42	0	818	290768911	3d8aa640
42	0	819	3499022984	3f508edb
42	0	820	1236886364	3e9372c7
42	0	821	3157246321	3f3c2fc1
42	0	822	1870358459	3edef6cf
42	0	823	1066124927	3e7e2f1a
42	0	824	2080370486	3ef7ffde
42	0	825	2199357256	3f031787
42	0	826	1106728420	3e83eeac
42	0	827	679041940	3e21e56e
42	0	828	3190861853	3f3e30b0
42	0	829	2690065784	3f205725
42	0	830	2535829769	3f1725b1
42	0	831	1065040485	3e7decea
42	0	832	4131590165	3f764310
42	0	833	3879655202	3f673ed7
42	0	834	1777147104	3ed3da3a
42	0	835	1545319511	3eb83769
42	0	836	309930963	3d93c95f
42	0	837	3610648839	3f573621
42	0	838	2864264659	3f2ab936
42	0	839	643765180	3e197c4f
42	0	840	2946687712	3f2fa2e3
42	0	841	4134759474	3f76736c
42	0	842	1172933033	3e8bd313
42	0	843	1178731557	3e8c8408
42	0	844	2586130084	3f1a2537
42	0	845	3311890998	3f456772
42	0	846	2943174118	3f2f6d46
42	0	847	3571224658	3f54dc90
42	0	848	1540244421	3eb79c88
42	0	849	2387588705	3f0e4fb6
42	0	850	1096313343	3e82b0d4
42	0	851	2116407689	3efc4ba3
42	0	852	1013328453	3e7198a9
42	0	853	2076925921	3ef796c0
42	0	854	1260498106	3e964359
42	0	855	3039811716	3f352fd9
42	0	856	4273530126	3f7eb8e5
42	0	857	1673473847	3ec77e5e
42	0	858	1076461449	3e8052ff
42	0	859	1216983354	3e911362
42	0	860	1442760655	3eabfd90
42	0	861	659772320	3e1d4d4e
42	0	862	2908573714	3f2d5d50
42	0	863	2031807858	3ef235db
42	0	864	1147102929	3e88bece
42	0	865	4145600608	3f7718d8
42	0	866	2789460684	3f2643cb
42	0	867	3141504337	3f3b3f8d
42	0	868	1193453201	3e8e454d
42	0	869	2212139854	3f03da93
42	0	870	968437795	3e66e4c1
42	0	871	3982218311	3f6d5bd4
42	0	872	2308213549	3f09948b
42	0	873	1166941115	3e8b1c37
42	0	874	2288458001	3f086719
42	0	875	1003451833	3e6f3dd7
42	0	876	163858144	3d1c446e
42	0	877	3816764058	3f637f33
42	0	878	2218413233	3f043a4d
42	0	879	3578833457	3f5550aa
42	0	880	375588295	3db3182e
42	0	881	926030086	3e5cc864
42	0	882	409375705	3dc3349f
42	0	883	3016505682	3f33cc39
42	0	884	1440718175	3eabbf3b
42	0	885	562790525	3e062e02
42	0	886	382845858	3db68e1d
42	0	887	1350392324	3ea0fab4
42	0	888	3190118407	3f3e2558
42	0	889	3368458004	3f48c697
42	0	890	1942933423	3ee79d9f
42	0	891	95227174	3cb5a1a5
42	0	892	2581010979	3f19d71a
42	0	893	3033747239	3f34d34f
42	0	894	982587863	3e6a4467
42	0	895	3599711457	3f568f3d
42	0	896	2148956347	3f001679
42	0	897	2161626401	3f00d7cd
42	0	898	230779426	3d5c16a2
42	0	899	1396030867	3ea66b7b
42	0	900	3419027976	3f4bca3a
42	0	901	739710285	3e305c55
42	0	902	3468835322	3f4ec23a
42	0	903	29572476	3be19ebe
42	0	904	704181143	3e27e3ce
42	0	905	1209963266	3e903d26
42	0	906	2566202145	3f18f523
42	0	907	3640424398	3f58fc78
42	0	908	3512291437	3f515950
42	0	909	2495159105	3f14b91b
42	0	910	3077597079	3f377068
42	0	911	1350453547	3ea0fc92
42	0	912	2080060079	3ef7f665
42	0	913	1811635068	3ed7f6b7
42	0	914	1320025034	3e9d5bf8
42	0	915	2931993631	3f2ec2ac
42	0	916	3172017347	3f3d1125
42	0	917	1441191347	3eabcdab
42	0	918	2114960855	3efc1f7c
42	0	919	1915690853	3ee45e3f
42	0	920	764687357	3e3650d0
42	0	921	4294414525	3f7ff791
42	0	922	4102359041	3f748508
42	0	923	198540060	3d3d57b2
42	0	924	1871425116	3edf175d
42	0	925	3515718246	3f518d9a
42	0	926	1554317800	3eb94a04
42	0	927	4001131226	3f6e7c6b
42	0	928	3781703182	3f616836
42	0	929	2557013954	3f1868f0
42	0	930	3409031494	3f4b31b1
42	0	931	4016528128	3f6f675b
42	0	932	1778063520	3ed3f631
42	0	933	3622683079	3f57edc2
42	0	934	793262499	3e3d20e7
42	0	935	2737838960	3f23301b
42	0	936	1422464869	3ea9922f
42	0	937	1241232126	3e93f766
42	0	938	4107614221	3f74d538
42	0	939	4065360413	3f72507a
42	0	940	3868799141	3f669931
42	0	941	2174415699	3f019af3
42	0	942	2339399328	3f0b7067
42	0	943	3373545157	3f491437
42	0	944	3112531778	3f398577
42	0	945	3373324501	3f4910d9
42	0	946	4090886831	3f73d5fb
42	0	947	853364037	3e4b7535
42	0	948	3459543697	3f4e3473
42	0	949	2605395289	3f1b4b2d
42	0	950	2099536285	3efa48c3
42	0	951	3564332569	3f547366
42	0	952	3095550998	3f38825c
42	0	953	2485690662	3f1428a1
42	0	954	3317337564	3f45ba8e
42	0	955	3787323578	3f61bdf9
42	0	956	411890279	3dc46793
42	0	957	3914789670	3f6956f3
42	0	958	2320022349	3f0a48bb
42	0	959	2297103487	3f08eb04
42	0	960	3048736218	3f35b806
42	0	961	1306762143	3e9bc737
42	0	962	4148759069	3f77490a
42	0	963	1905708571	3ee32d9c
42	0	964	2776648654	3f25804c
42	0	965	975878906	3e68aaec
42	0	966	3416090920	3f4b9d69
42	0	967	2051162647	3ef48484
42	0	968	1160310328	3e8a51dc
42	0	969	4115037520	3f75467d
42	0	970	151117457	3d101de9
42	0	971	1274159255	3e97e441
42	0	972	3649707094	3f598a1c
42	0	973	3882463050	3f6769af
42	0	974	4204655009	3f7a9df2
42	0	975	1002510665	3e6f0465
42	0	976	2143520673	3eff870f
42	0	977	665927423	3e1ec4fc
42	0	978	800981186	3e3ef803
42	0	979	3751526959	3f5f9bc2
42	0	980	2742045346	3f23704b
42	0	981	2740134791	3f235324
42	0	982	1940041255	3ee7455c
42	0	983	2363534019	3f0ce0ab
42	0	984	2650690043	3f1dfe52
42	0	985	1345257978	3ea05e04
42	0	986	930205149	3e5dc737
42	0	987	2274024828	3f078add
42	0	988	523990050	3df9dba1
42	0	989	3469023581	3f4ec519
42	0	990	3975019989	3f6cedfe
42	0	991	2033163490	3ef25f3a
42	0	992	4186261342	3f798547
42	0	993	1680122759	3ec84947
42	0	994	3166921760	3f3cc364
42	0	995	1945849018	3ee7f699
42	0	996	2092963668	3ef9802f
42	0	997	3843972967	3f651e5f
42	0	998	1766324381	3ed28ff1
42	0	999	2735328478	3f2309cd
42	0	1000	3825910127	3f640ac1
42	0	1001	3527362517	3f523f48
42	0	1002	3967598188	3f6c7cbe
42	0	1003	2450925638	3f121628
42	0	1004	2588608083	3f1a4b06
42	0	1005	3318115301	3f45c66c
42	0	1006	904223947	3e579573
42	0	1007	2314872953	3f09fa28
42	0	1008	3920511775	3f69ae43
42	0	1009	2788919773	3f263b8a
42	0	1010	1248389240	3e94d1d1
42	0	1011	2490878642	3f1477cb
42	0	1012	3790796301	3f61f2f6
42	0	1013	1074997601	3e802653
42	0	1014	1347241983	3ea09a90
42	0	1015	1273297394	3e97c9f4
42	0	1016	3185247809	3f3ddb06
42	0	1017	2913290952	3f2da54b
42	0	1018	904996656	3e57c49d
42	0	1019	3986943725	3f6da3ef
42	0	1020	3119514847	3f39f005
42	0	1021	3591589466	3f56134e
42	0	1022	389877939	3db9e886
42	0	1023	628482242	3e15d783
42	1	0	687819970	3e23fd33
42	1	1	2592620328	3f1a883f
42	1	2	2975550928	3f315b4e
42	1	3	2672029660	3f1f43f0
42	1	4	1172961726	3e8bd3f3
42	1	5	1558250172	3eb9c205
42	1	6	33600639	3c002d20
42	1	7	3174686028	3f3d39dd
42	1	8	728523734	3e2db18f
42	1	9	1296765622	3e9a9625
42	1	10	73711805	3c8c9818
42	1	11	1313467614	3e9c93da
42	1	12	2695688905	3f20acf3
42	1	13	3427426736	3f4c4a62
42	1	14	2590492531	3f1a67c7
42	1	15	3713038060	3f5d5077
42	1	16	3541533858	3f531785
42	1	17	3763017098	3f604b16
42	1	18	1841563886	3edb8812
42	1	19	4069453706	3f728ef0
42	1	20	193255179	3d384d71
42	1	21	2062682003	3ef5e40f
42	1	22	253094977	3d715ec4
42	1	23	95191172	3cb59010
42	1	24	1272437501	3e97afb6
42	1	25	2258185155	3f06992c
42	1	26	1165827459	3e8afa3b
42	1	27	3676048038	3f5b1c0b
42	1	28	2721496971	3f2236c0
42	1	29	1916702827	3ee47d21
42	1	30	2693138856	3f20860a
42	1	31	1964243425	3eea27f4
42	1	32	1808244499	3ed78f3e
42	1	33	3758181235	3f60014b
42	1	34	3834654703	3f649030
42	1	35	3779777607	3f614ad4
42	1	36	1286185220	3e995342
42	1	37	4168353039	3f787405
42	1	38	1093284106	3e825462
42	1	39	2269910188	3f074c15
42	1	40	3097512020	3f38a048
42	1	41	3921767084	3f69c16b
42	1	42	3782890005	3f617a52
42	1	43	1264139262	3e96b278
42	1	44	684719897	3e233ffc
42	1	45	1084144698	3e813d78
42	1	46	1425950082	3ea9fc8b
42	1	47	1559242865	3eb9e051
42	1	48	2423207381	3f106f36
42	1	49	2090144939	3ef92a29
42	1	50	2027697210	3ef1b868
42	1	51	4024974119	3f6fe83b
42	1	52	4283469236	3f7f508e
42	1	53	729115766	3e2dd5b2
42	1	54	747029159	3e321b0b
42	1	55	742921329	3e312052
42	1	56	3107642207	3f393adb
42	1	57	2793089177	3f267b29
42	1	58	99662293	3cbe173b
42	1	59	2635539612	3f1d1725
42	1	60	1472181551	3eaf7f6a
42	1	61	2057933209	3ef55323
42	1	62	3474080958	3f4f1245
42	1	63	3588704201	3f55e748
42	1	64	4188811639	3f79ac31
42	1	65	2167551058	3f013234
42	1	66	3052584350	3f35f2be
42	1	67	1574108964	3ebba5fe
42	1	68	4240957763	3f7cc7e1
42	1	69	2699275553	3f20e3ad
42	1	70	1724876109	3ecd9f0b
42	1	71	2615607008	3f1be6ff
42	1	72	2279053348	3f07d798
42	1	73	1763137610	3ed22eb1
42	1	74	2489531998	3f14633e
42	1	75	3894436836	3f682064
42	1	76	820775066	3e43b022
42	1	77	4175034463	3f78d9f8
42	1	78	2061362603	3ef5bbcb
42	1	79	2552198596	3f181f76
42	1	80	2241985478	3f05a1fc
42	1	81	1181846597	3e8ce319
42	1	82	7014512	3ad610e1
42	1	83	1245795658	3e9482ab
42	1	84	3809565769	3f63115c
42	1	85	781428442	3e3a4e9b
42	1	86	400294904	3dbee020
42	1	87	3895744121	3f683456
42	1	88	3233583418	3f40bc91
42	1	89	150877036	3d0fe337
42	1	90	2242545673	3f05aa88
42	1	91	843727631	3e49290c
42	1	92	1564462252	3eba7f99
42	1	93	917600362	3e5ac5e2
42	1	94	3560249982	3f54351a
42	1	95	2017374318	3ef07d61
42	1	96	283232898	3d870e54
42	1	97	3777601522	3f6129a0
42	1	98	664037877	3e1e51a8
42	1	99	972450609	3e67d9ad
42	1	100	2187782656	3f0266ea
42	1	101	3986372998	3f6d9b3a
42	1	102	1910228920	3ee3b78f
42	1	103	1625712825	3ec1ccd1
42	1	104	2543796039	3f179f3f
42	1	105	1296059368	3e9a8098
42	1	106	2867613182	3f2aec4e
42	1	107	1148717254	3e88f012
42	1	108	1439837431	3eaba45a
42	1	109	1462809991	3eae616b
42	1	110	3653168596	3f59beee
42	1	111	1236447101	3e93655f
42	1	112	1774722275	3ed3903a
42	1	113	4153371776	3f778f6c
42	1	114	3376507749	3f49416b
42	1	115	2304734536	3f095f75
42	1	116	366380344	3daeb42a
42	1	117	1519380235	3eb51fce
42	1	118	2064351500	3ef61702
42	1	119	1876421389	3edfafd6
42	1	120	1466003648	3eaec2e2
42	1	121	847834031	3e4a23af
42	1	122	1123466957	3e85ed7e
42	1	123	4019188860	3f6f8ff4
42	1	124	1171868098	3e8bb294
42	1	125	1515450496	3eb4a7e1
42	1	126	3625057304	3f5811fc
42	1	127	2124404801	3efd3fb1
42	1	128	3853802151	3f65b45b
42	1	129	2113850560	3efbfd9a
42	1	130	2882629564	3f2bd170
42	1	131	2460412098	3f12a6e9
42	1	132	3129732479	3f3a8bed
42	1	133	1462308801	3eae5220
42	1	134	4175177814	3f78dc28
42	1	135	233629728	3d5ece82
42	1	136	3583930083	3f559e6f
42	1	137	1152561964	3e896566
42	1	138	1224898056	3e9204ec
42	1	139	103747186	3cc5e1ce
42	1	140	1296860612	3e9a990c
42	1	141	3482195593	3f4f8e17
42	1	142	2518911275	3f162389
42	1	143	901500356	3e56ef37
42	1	144	62535625	3c6e8df2
42	1	145	1119062973	3e856717
42	1	146	3445091075	3f4d57eb
42	1	147	1053098771	3e7b140c
42	1	148	1306539262	3e9bc06a
42	1	149	1928484141	3ee5e4aa
42	1	150	3001338907	3f32e4cc
42	1	151	593107114	3e0d6863
42	1	152	272139045	3d81c419
42	1	153	343096723	3da399ed
42	1	154	3609132690	3f571eff
42	1	155	4165707750	3f784ba8
42	1	156	3226545748	3f40512e
42	1	157	3993567016	3f6e08ff
42	1	158	2511860353	3f15b7f3
42	1	159	2622897299	3f1c563d
42	1	160	2876329485	3f2b714e
42	1	161	3484989713	3f4fb8b9
42	1	162	1345093821	3ea05901
42	1	163	2516023574	3f15f779
42	1	164	3035599054	3f34ef91
42	1	165	3776474766	3f61186f
42	1	166	3338423319	3f46fc4c
42	1	167	506849834	3df1af51
42	1	168	2797503116	3f26be83
42	1	169	3480314716	3f4f7163
42	1	170	1424978496	3ea9dee4
42	1	171	2973815631	3f3140d3
42	1	172	1640322951	3ec38aaf
42	1	173	964678110	3e65ff47
42	1	174	3871459338	3f66c1c8
42	1	175	2489353361	3f146085
42	1	176	933995675	3e5eae92
42	1	177	1667645332	3ec6cc7f
42	1	178	2930896294	3f2eb1ee
42	1	179	1047526657	3e79bff4
42	1	180	693956070	3e2573b8
42	1	181	3297175935	3f4486e9
42	1	182	3403556657	3f4ade27
42	1	183	1604933490	3ebf52af
42	1	184	1519706094	3eb529c0
42	1	185	3679463268	3f5b5027
42	1	186	74857429	3c8ec77b
42	1	187	1755390152	3ed14242
42	1	188	473446880	3de1c1cf
42	1	189	2672729545	3f1f4e9e
42	1	190	741137609	3e30b373
42	1	191	783921424	3e3ae6c4
42	1	192	3792736217	3f621090
42	1	193	595918152	3e0e13f5
42	1	194	1812774368	3ed8197c
42	1	195	3802636359	3f62a7a0
42	1	196	4027151325	3f700974
42	1	197	1962257656	3ee9eb5a
42	1	198	1817842451	3ed8b426
42	1	199	4258534364	3f7dd414
42	1	200	393526092	3dbba5da
42	1	201	1186106707	3e8d651b
42	1	202	2494631333	3f14b10e
42	1	203	1692986209	3ec9d1d7
42	1	204	4039202656	3f70c157
42	1	205	600268363	3e0f1d79
42	1	206	51738368	3c455dc0
42	1	207	771827207	3e380498
42	1	208	2905808331	3f2d331e
42	1	209	1879301050	3ee007b7
42	1	210	3265867572	3f42a92f
42	1	211	475298632	3de2a3da
42	1	212	2956348797	3f30364d
42	1	213	1001681170	3e6ed1c4
42	1	214	3424756386	3f4c21a3
42	1	215	2993791890	3f3271a4
42	1	216	1899277517	3ee2695a
42	1	217	3645263584	3f59464f
42	1	218	2237727275	3f056102
42	1	219	4088390666	3f73afe4
42	1	220	3151043362	3f3bd11b
42	1	221	1206167800	3e8fc952
42	1	222	1024010331	3e7424a1
42	1	223	1631786570	3ec2862d
42	1	224	3614612117	3f57729b
42	1	225	1146519438	3e88acff
42	1	226	3833214372	3f647a36
42	1	227	749136222	3e329ba5
42	1	228	3468398370	3f4ebb8f
42	1	229	1631955216	3ec28b52
42	1	230	2342813307	3f0ba47e
42	1	231	3299438961	3f44a971
42	1	232	3455182887	3f4df1e8
42	1	233	2650104682	3f1df563
42	1	234	684578308	3e233758
42	1	235	3076474680	3f375f47
42	1	236	1985807455	3eecba09
42	1	237	144553111	3d09db49
42	1	238	384984403	3db7932b
42	1	239	3843673459	3f6519cd
42	1	240	2461343588	3f12b51f
42	1	241	2632416515	3f1ce77d
42	1	242	2945153780	3f2f8b7b
42	1	243	3819970052	3f63b01e
42	1	244	2969921912	3f310569
42	1	245	3549612759	3f5392cb
42	1	246	4192947138	3f79eb4c
42	1	247	282178218	3d868d95
42	1	248	2537270906	3f173bae
42	1	249	1245627653	3e947d8a
42	1	250	4063258740	3f723068
42	1	251	2685177487	3f200c8f
42	1	252	4027738979	3f70126b
42	1	253	4178255351	3f790b1e
42	1	254	1661498677	3ec610ea
42	1	255	4006033549	3f6ec739
42	1	256	1122081051	3e85c332
42	1	257	3576065009	3f55266c
42	1	258	921021678	3e5b96b4
42	1	259	672620504	3e205d7f
42	1	260	937259768	3e5f75cc
42	1	261	3381363749	3f498b84
42	1	262	2193030366	3f02b6fd
42	1	263	2594004097	3f1a9d5d
42	1	264	4156829828	3f77c431
42	1	265	2145948943	3effd12a
42	1	266	1414226280	3ea896c3
42	1	267	248126728	3d6ca1d0
42	1	268	665916451	3e1ec451
42	1	269	2716380704	3f21e8ae
42	1	270	3294974260	3f446551
42	1	271	1475349957	3eafe01c
42	1	272	2767303210	3f24f1b2
42	1	273	3521371342	3f51e3dd
42	1	274	1193403350	3e8e43c8
42	1	275	3171623261	3f3d0b21
42	1	276	739294593	3e3042f6
42	1	277	4024583007	3f6fe243
42	1	278	4204775718	3f7a9fc9
42	1	279	1862096987	3eddfab1
42	1	280	1960179774	3ee9abf0
42	1	281	1813457658	3ed82e56
42	1	282	1918656475	3ee4b8c0
42	1	283	536414411	3dffc846
42	1	284	3341781209	3f472f89
42	1	285	2874789318	3f2b59ce
42	1	286	282538140	3d86b985
42	1	287	1337453819	3e9f6fda
42	1	288	3538465286	3f52e8b2
42	1	289	97520790	3cba0193
42	1	290	3044264290	3f3573c9
42	1	291	757394879	3e3493b7
42	1	292	2121444579	3efce55a
42	1	293	1677704472	3ec7ff7a
42	1	294	857925317	3e4c8b9b
42	1	295	2824541437	3f285b15
42	1	296	3412994897	3f4b6e2b
42	1	297	639105685	3e185fea
42	1	298	1152481999	3e8962f6
42	1	299	1409987405	3ea81567
42	1	300	2678768961	3f1faac5
42	1	301	3221955896	3f400b25
42	1	302	1431441484	3eaaa421
42	1	303	38209632	3c11c218
42	1	304	4123211601	3f75c337
42	1	305	2905902401	3f2d348d
42	1	306	3626269821	3f58247c
42	1	307	2234667314	3f053251
42	1	308	3644913742	3f5940f8
42	1	309	4293396511	3f7fe808
42	1	310	1337442880	3e9f6f84
42	1	311	832500187	3e467bc7
42	1	312	917598326	3e5ac5c2
42	1	313	1533443118	3eb6ccf8
42	1	314	2970238783	3f310a3f
42	1	315	3209510895	3f3f4d40
42	1	316	720532309	3e2bc9cd
42	1	317	2246168496	3f05e1d0
42	1	318	1580563253	3ebc6af6
42	1	319	3166506927	3f3cbd10
42	1	320	2550115541	3f17ffad
42	1	321	1567527412	3ebadd24
42	1	322	609500332	3e1150f3
42	1	323	3944370366	3f6b1a51
42	1	324	927448281	3e5d1ef3
42	1	325	3851655581	3f65939a
42	1	326	75372931	3c8fc330
42	1	327	1351393031	3ea1193e
42	1	328	352841309	3da83f73
42	1	329	953975085	3e637205
42	1	330	2370967768	3f0d5219
42	1	331	1841185874	3edb7c89
42	1	332	1019848001	3e732695
42	1	333	3743528605	3f5f21b7
42	1	334	1554464833	3eb94e81
42	1	335	4156598102	3f77c0a7
42	1	336	74275955	3c8dab8e
42	1	337	3992845883	3f6dfdfe
42	1	338	758291144	3e34ca6b
42	1	339	1681642733	3ec877aa
42	1	340	3866098614	3f666ffc
42	1	341	2570772041	3f193ade
42	1	342	1238523854	3e93a4c0
42	1	343	2562124421	3f18b6eb
42	1	344	2368187984	3f0d27ae
42	1	345	1944289522	3ee7c702
42	1	346	1710012796	3ecbd973
42	1	347	3621258524	3f57d805
42	1	348	2224773140	3f049b58
42	1	349	2479085662	3f13c3d8
42	1	350	3050386858	3f35d136
42	1	351	3351939698	3f47ca8a
42	1	352	674141814	3e20ba5a
42	1	353	4263254028	3f7e1c18
42	1	354	3092048426	3f384cea
42	1	355	3821855505	3f63cce3
42	1	356	2939247633	3f2f315c
42	1	357	1060743450	3e7ce6a4
42	1	358	523170896	3df977a2
42	1	359	42358936	3c219626
42	1	360	2490572060	3f14731d
42	1	361	180919484	3d2c89cc
42	1	362	2508950213	3f158b8b
42	1	363	3603070117	3f56c27d
42	1	364	791177323	3e3ca1a2
42	1	365	2540341806	3f176a8a
42	1	366	163114626	3d1b8ee8
42	1	367	1179762469	3e8ca37e
42	1	368	3348812496	3f479ad3
42	1	369	3461377294	3f4e506d
42	1	370	3771535464	3f60cd10
42	1	371	3771988037	3f60d3f8
42	1	372	3448795913	3f4d9073
42	1	373	2579556067	3f19c0e7
42	1	374	4175426506	3f78dff4
42	1	375	3583794625	3f559c5e
42	1	376	530409790	3dfceb4a
42	1	377	487455888	3de86fe4
42	1	378	3122223210	3f3a1958
42	1	379	3831585279	3f64615a
42	1	380	3229744438	3f4081fd
42	1	381	1481585243	3eb09e65
42	1	382	1113978482	3e84cbed
42	1	383	2890558616	3f2c4a6d
42	1	384	2986413784	3f32010f
42	1	385	2809498988	3f27758d
42	1	386	2559682282	3f1891a7
42	1	387	2775365471	3f256cb7
42	1	388	812131103	3e41a08c
42	1	389	123124519	3cead765
42	1	390	3134810779	3f3ad96b
42	1	391	789350373	3e3c3220
42	1	392	4065692297	3f72558b
42	1	393	2241505402	3f059aa8
42	1	394	1287726153	3e998249
42	1	395	344508555	3da44644
42	1	396	1056063289	3e7bc8fd
42	1	397	4062539714	3f722570
42	1	398	3356734652	3f4813b5
42	1	399	1683322932	3ec8aaf0
42	1	400	647361787	3e1a57d4
42	1	401	1298802301	3e9ad44d
42	1	402	1245010678	3e946ab6
42	1	403	3179451991	3f3d8296
42	1	404	227099750	3d589446
42	1	405	3497504895	3f5077b0
42	1	406	4164582557	3f783a7d
42	1	407	822385338	3e44126b
42	1	408	914364978	3e5a0069
42	1	409	2117232480	3efc64cf
42	1	410	2852968465	3f2a0cd8
42	1	411	4007917877	3f6ee3f9
42	1	412	3281024769	3f439077
42	1	413	2423223415	3f106f74
42	1	414	1498190490	3eb29925
42	1	415	2037078872	3ef2d6b7
42	1	416	484003791	3de6ca7e
42	1	417	109620123	3cd11573
42	1	418	265627440	3d7d5273
42	1	419	3051682575	3f35e4fb
42	1	420	2538604519	3f175008
42	1	421	1757375211	3ed17ed6
42	1	422	298585204	3d8e6064
42	1	423	4061601521	3f72171f
42	1	424	670501145	3e1fdc24
42	1	425	284726020	3d87c498
42	1	426	1979530164	3eebfa77
42	1	427	1461215677	3eae30c3
42	1	428	3469138528	3f4ec6da
42	1	429	4292371765	3f7fd865
42	1	430	21282889	3ba26024
42	1	431	2580502317	3f19cf57
42	1	432	3520964866	3f51dda9
42	1	433	2630676841	3f1cccf1
42	1	434	2087301248	3ef8d361
42	1	435	2684544915	3f2002e8
42	1	436	453362273	3dd82e13
42	1	437	1981689913	3eec3c60
42	1	438	4281475528	3f7f3222
42	1	439	1591776453	3ebdc12a
42	1	440	2210707176	3f03c4b7
42	1	441	1452763688	3ead2ed4
42	1	442	3942298226	3f6afab2
42	1	443	1618047706	3ec0e2e6
42	1	444	147200978	3d0c61bd
42	1	445	1423206758	3ea9a8d3
42	1	446	556955471	3e04c9dd
42	1	447	3822742837	3f63da6d
42	1	448	1079367532	3e80abaf
42	1	449	597129281	3e0e5de1
42	1	450	1871301823	3edf1399
42	1	451	777484898	3e395dea
42	1	452	1103201076	3e838306
42	1	453	2554795109	3f184714
42	1	454	1562606602	3eba46f8
42	1	455	679745352	3e22105d
42	1	456	678868019	3e21dad1
42	1	457	3692800881	3f5c1bab
42	1	458	2460393410	3f12a6a0
42	1	459	437119635	3dd06f55
42	1	460	455636877	3dd943bc
42	1	461	151057550	3d100f49
42	1	462	3647337601	3f5965f5
42	1	463	1649078403	3ec495e1
42	1	464	2365994192	3f0d0635
42	1	465	3402276245	3f4aca9e
42	1	466	1263066417	3e9691ba
42	1	467	3081559478	3f37acde
42	1	468	1733714958	3eceacc8
42	1	469	2039314630	3ef31af2
42	1	470	278105736	3d849c74
42	1	471	3417525272	3f4bb34c
42	1	472	190127314	3d3551cd
42	1	473	13045354	3b470e6a
42	1	474	2128276600	3efdb5d9
42	1	475	2628333076	3f1ca92e
42	1	476	2495450524	3f14bd8e
42	1	477	806154076	3e4033bd
42	1	478	4200633546	3f7a6095
42	1	479	1020259307	3e733fb0
42	1	480	1389466679	3ea5a328
42	1	481	2262017401	3f06d3a5
42	1	482	2724023858	3f225d4e
42	1	483	2386608417	3f0e40c1
42	1	484	39000021	3c14c5f5
42	1	485	2702600551	3f211669
42	1	486	3913686378	3f69461d
42	1	487	3077372064	3f376cf9
42	1	488	2928373504	3f2e8b6f
42	1	489	2549808657	3f17fafe
42	1	490	4031542760	3f704c76
42	1	491	376616209	3db395a9
42	1	492	1849653021	3edc7eee
42	1	493	2198814941	3f030f41
42	1	494	1512255840	3eb44663
42	1	495	1865619905	3ede6634
42	1	496	3388696037	3f49fb66
42	1	497	3177114886	3f3d5eed
42	1	498	1444876843	3eac3e24
42	1	499	654624289	3e1c1319
42	1	500	251531074	3d6fe0f4
42	1	501	1201607152	3e8f3e24
42	1	502	2350018533	3f0c1270
42	1	503	3525167570	3f521dca
42	1	504	747083046	3e321e55
42	1	505	3536518237	3f52cafc
42	1	506	364604357	3daddb5e
42	1	507	385362147	3db7c147
42	1	508	3687384077	3f5bc904
42	1	509	3543019004	3f532e2e
42	1	510	2864891010	3f2ac2c5
42	1	511	721717209	3e2c121f
42	1	512	2810495070	3f2784c0
42	1	513	208294055	3d46a50a
42	1	514	1688257432	3ec94187
42	1	515	3506732521	3f51047e
42	1	516	187512576	3d32d370
42	1	517	3627852963	3f583ca5
42	1	518	56946329	3c593ba6
42	1	519	2359345028	3f0ca0c0
42	1	520	3846704402	3f65480d
42	1	521	3237747091	3f40fc1a
42	1	522	1950805803	3ee88dde
42	1	523	1724757904	3ecd9b6f
42	1	524	1888236961	3ee1186b
42	1	525	2609175859	3f1b84dd
42	1	526	250048648	3d6e7708
42	1	527	3652466807	3f59b438
42	1	528	2736524826	3f231c0e
42	1	529	611775644	3e11dbd2
42	1	530	1668408124	3ec6e3c6
42	1	531	2047973130	3ef4232e
42	1	532	4012073883	3f6f2364
42	1	533	4071205153	3f72a9a9
42	1	534	2636336897	3f1d234f
42	1	535	2292174661	3f089fcf
42	1	536	3039540622	3f352bb6
42	1	537	1862512942	3ede0762
42	1	538	2502882190	3f152ef4
42	1	539	1563137785	3eba572e
42	1	540	3903022299	3f68a365
42	1	541	1616828004	3ec0bdad
42	1	542	1433776161	3eaaeb60
42	1	543	2150859274	3f003382
42	1	544	54939578	3c5193ee
42	1	545	1209582376	3e903186
42	1	546	110739959	3cd3383f
42	1	547	4164849008	3f783e8d
42	1	548	18494708	3b8d1a7a
42	1	549	1122020980	3e85c15d
42	1	550	2551094495	3f180e9d
42	1	551	1559702057	3eb9ee54
42	1	552	2288020154	3f08606b
42	1	553	1321960610	3e9d9709
42	1	554	3651137991	3f599ff2
42	1	555	3717476736	3f5d9432
42	1	556	2217398117	3f042acf
42	1	557	620080525	3e13d6b6
42	1	558	2074087971	3ef74024
42	1	559	3903475887	3f68aa51
42	1	560	3238465358	3f41070f
42	1	561	975843281	3e68a8bf
42	1	562	1139785338	3e87df7d
42	1	563	3574420642	3f550d55
42	1	564	1631190905	3ec273ff
42	1	565	3157988636	3f3c3b15
42	1	566	3178034329	3f3d6cf5
42	1	567	2259633327	3f06af45
42	1	568	1376134502	3ea40c4b
42	1	569	2330123780	3f0ae2de
42	1	570	977267019	3e68ffa5
42	1	571	3137541020	3f3b0314
42	1	572	1858649465	3edd917b
42	1	573	103974952	3cc65105
42	1	574	2989026538	3f3228ed
42	1	575	495123673	3dec17e7
42	1	576	3519196295	3f51c2ad
42	1	577	4198462789	3f7a3f75
42	1	578	2961691921	3f3087d5
42	1	579	3127204092	3f3a6559
42	1	580	364505455	3dadcf4b
42	1	581	4086874377	3f7398c1
42	1	582	1097917397	3e82e1c8
42	1	583	1118042671	3e8547f4
42	1	584	4060414459	3f720502
42	1	585	1212639944	3e908ed6
42	1	586	2678379890	3f1fa4d5
42	1	587	540462894	3e00db3d
42	1	588	2957671231	3f304a7b
42	1	589	3498312814	3f508404
42	1	590	1486589947	3eb13720
42	1	591	3565453853	3f548482
42	1	592	1015939125	3e723801
42	1	593	2264812260	3f06fe4b
42	1	594	1536018314	3eb71b8f
42	1	595	4255364584	3f7da3b6
42	1	596	2333471560	3f0b15f3
42	1	597	2424910434	3f108932
42	1	598	222224910	3d53ee21
42	1	599	1298684062	3e9ad0b1
42	1	600	2193155793	3f02b8e7
42	1	601	4031472916	3f704b65
42	1	602	2184095195	3f022ea6
42	1	603	3726562909	3f5e1ed6
42	1	604	1897090926	3ee2269f
42	1	605	4076057029	3f72f3b2
42	1	606	4035580481	3f708a12
42	1	607	2062523544	3ef5df39
42	1	608	1161097745	3e8a69e4
42	1	609	3075223621	3f374c30
42	1	610	1073586004	3e7ff67d
42	1	611	859444653	3e4ce857
42	1	612	2326747265	3f0aaf59
42	1	613	2087691406	3ef8df49
42	1	614	1557567240	3eb9ad2e
42	1	615	190705824	3d35df0a
42	1	616	84704971	3ca18fd9
42	1	617	3682888897	3f5b846d
42	1	618	3495068487	3f505283
42	1	619	949214305	3e624f72
42	1	620	2180209261	3f01f35a
42	1	621	3744346764	3f5f2e33
42	1	622	551183175	3e03698d
42	1	623	3783779267	3f6187e4
42	1	624	3536042503	3f52c3ba
42	1	625	1043619788	3e78d17f
42	1	626	3566001453	3f548cdd
42	1	627	671198782	3e2006b9
42	1	628	2832822046	3f28d96f
42	1	629	3934062974	3f6a7d09
42	1	630	1538524024	3eb76807
42	1	631	3327002895	3f464e09
42	1	632	1102727545	3e837493
42	1	633	784132055	3e3af39f
42	1	634	2274572453	3f079339
42	1	635	1602088587	3ebefbdd
42	1	636	3308670528	3f45364e
42	1	637	467405225	3ddee04d
42	1	638	4186667025	3f798b78
42	1	639	4028147580	3f7018a7
42	1	640	2492074319	3f148a09
42	1	641	2047450146	3ef41338
42	1	642	1294741354	3e9a585f
42	1	643	2036878887	3ef2d09c
42	1	644	304798784	3d9156e2
42	1	645	2603357694	3f1b2c16
42	1	646	2918865596	3f2dfa5b
42	1	647	1745814868	3ed01e0b
42	1	648	2850570732	3f29e842
42	1	649	4160859045	3f7801ac
42	1	650	3067741783	3f36da06
42	1	651	2570919466	3f193d1e
42	1	652	3038849671	3f35212b
42	1	653	1778254366	3ed3fc04
42	1	654	42495606	3c221b9e
42	1	655	38979848	3c14b242
42	1	656	2581793435	3f19e30b
42	1	657	3824111132	3f63ef4e
42	1	658	2756696902	3f244fdb
42	1	659	3690268294	3f5bf507
42	1	660	519239592	3df797bd
42	1	661	1290291041	3e99d08f
42	1	662	2153473665	3f005b67
42	1	663	2677833650	3f1f9c80
42	1	664	3840472708	3f64e8f7
42	1	665	5491879	3aa7994f
42	1	666	1516280489	3eb4c135
42	1	667	1596721600	3ebe5814
42	1	668	86134816	3ca44a04
42	1	669	1097499297	3e82d505
42	1	670	646271661	3e1a154b
42	1	671	1866335407	3ede7c09
42	1	672	2808405802	3f2764df
42	1	673	3182880957	3f3db6e9
42	1	674	1727960629	3ecdfd2c
42	1	675	4183557875	3f795c07
42	1	676	1156394842	3e89da5f
42	1	677	438517506	3dd119f8
42	1	678	1896473802	3ee213ca
42	1	679	1587775603	3ebd4711
42	1	680	1634033886	3ec2cac2
42	1	681	4005426451	3f6ebdf5
42	1	682	1816402742	3ed88836
42	1	683	3240408343	3f4124b5
42	1	684	588478471	3e0c4de0
42	1	685	1758245416	3ed19964
42	1	686	3420614677	3f4be270
42	1	687	2188418892	3f02709f
42	1	688	2972431670	3f312bb5
42	1	689	72636071	3c8a8ad5
42	1	690	3773692051	3f60edf9
42	1	691	1399899223	3ea6e189
42	1	692	2965602136	3f30c37f
42	1	693	5239397	3a9fe4cb
42	1	694	2021783415	3ef103ef
42	1	695	2179099954	3f01e26d
42	1	696	4289996450	3f7fb427
42	1	697	3523110981	3f51fe68
42	1	698	3091609570	3f384638
42	1	699	1399643089	3ea6d9b8
42	1	700	2971579291	3f311eb4
42	1	701	4240253041	3f7cbd20
42	1	702	3612342335	3f574ff8
42	1	703	2452979049	3f12357d
42	1	704	3986054489	3f6d965d
42	1	705	2927343533	3f2e7bb8
42	1	706	457486137	3dda257a
42	1	707	3694477132	3f5c353f
42	1	708	3541519203	3f53174b
42	1	709	3716671634	3f5d87e9
42	1	710	500803374	3deecd39
42	1	711	2228145748	3f04cece
42	1	712	3128682762	3f3a7be9
42	1	713	4617976	3a8cedf1
42	1	714	2555541239	3f185277
42	1	715	1882777533	3ee071cf
42	1	716	3678372202	3f5b3f81
42	1	717	892340144	3e54c01f
42	1	718	606207321	3e1087f5
42	1	719	2819103377	3f28081b
42	1	720	935393486	3e5f03e3
42	1	721	1583449009	3ebcc307
42	1	722	1525716119	3eb5e129
42	1	723	4255148258	3f7da069
42	1	724	2650197071	3f1df6cc
42	1	725	2649178078	3f1de740
42	1	726	3172650011	3f3d1acc
42	1	727	2787788321	3f262a46
42	1	728	2271467804	3f0763d9
42	1	729	739044173	3e3033ad
42	1	730	1025384107	3e74787b
42	1	731	3142458109	3f3b4e1b
42	1	732	857359408	3e4c6911
42	1	733	2985519547	3f31f36a
42	1	734	437318863	3dd087a6
42	1	735	1312420734	3e9c73e7
42	1	736	2077002279	3ef79914
42	1	737	2903976670	3f2d172b
42	1	738	925601688	3e5cae3e
42	1	739	1045859663	3e795a35
42	1	740	3805970982	3f62da82
42	1	741	2943417186	3f2f70fb
42	1	742	4078359701	3f7316d5
42	1	743	2751009496	3f23f913
42	1	744	3827696018	3f642602
42	1	745	95198428	3cb5939c
42	1	746	4221624551	3f7ba0e1
42	1	747	2470404593	3f133f62
42	1	748	2495971175	3f14c57f
42	1	749	2120910933	3efcd511
42	1	750	83221907	3c9ebbb2
42	1	751	178118471	3d29ddf4
42	1	752	3965474439	3f6c5c57
42	1	753	3948325264	3f6b56aa
42	1	754	925578443	3e5cacd3
42	1	755	1237017405	3e9376c6
42	1	756	1509336474	3eb3ed4b
42	1	757	4195354306	3f7a1007
42	1	758	1394488543	3ea63c6a
42	1	759	2620907476	3f1c37e0
42	1	760	2299181159	3f090ab8
42	1	761	1408082304	3ea7db43
42	1	762	856056303	3e4c1988
42	1	763	3487746532	3f4fe2ca
42	1	764	1658392933	3ec5b223
42	1	765	4169149457	3f78802c
42	1	766	3759667176	3f6017f8
42	1	767	3403467152	3f4adcca
42	1	768	4175647014	3f78e351
42	1	769	1966044061	3eea5ee7
42	1	770	1849098417	3edc6e01
42	1	771	1456260449	3ead998b
42	1	772	638170663	3e1826d9
42	1	773	617661036	3e13430a
42	1	774	2615294468	3f1be23a
42	1	775	3008971800	3f335944
42	1	776	1164076784	3e8ac4ce
42	1	777	2719630227	3f221a44
42	1	778	2674009530	3f1f6226
42	1	779	2960391519	3f3073fd
42	1	780	470422525	3de050a0
42	1	781	133026273	3cfdba3c
42	1	782	2815886902	3f27d706
42	1	783	561310076	3e05d3a6
42	1	784	3095110200	3f387ba2
42	1	785	3071732433	3f3716eb
42	1	786	3293985709	3f44563c
42	1	787	3440304839	3f4d0ee3
42	1	788	4232166052	3f7c41bb
42	1	789	2387733234	3f0e51eb
42	1	790	518390247	3df7300f
42	1	791	3483170922	3f4f9cf8
42	1	792	1028139110	3e7520a2
42	1	793	3166283222	3f3cb9a6
42	1	794	2795866877	3f26a58b
42	1	795	2393101564	3f0ea3d5
42	1	796	1196425806	3e8ea005
42	1	797	3554758545	3f53e150
42	1	798	2916599212	3f2dd7c6
42	1	799	1523099361	3eb5914e
42	1	800	1707038207	3ecb7eac
42	1	801	114901531	3cdb2843
42	1	802	831891771	3e4656a5
42	1	803	2304363004	3f0959ca
42	1	804	684695673	3e233e82
42	1	805	3630232281	3f5860f3
42	1	806	2849730306	3f29db6f
42	1	807	699757287	3e26d5cc
42	1	808	2481832779	3f13edc3
42	1	809	782870803	3e3aa6a4
42	1	810	2258251499	3f069a2f
42	1	811	1839114758	3edb3d54
42	1	812	3075962333	3f375776
42	1	813	786919884	3e3b9dc7
42	1	814	4181573785	3f793dc1
42	1	815	3014740032	3f33b148
42	1	816	220681044	3d527535
42	1	817	2074926437	3ef759bb
42	1	818	3863181630	3f664379
42	1	819	4280137425	3f7f1db7
42	1	820	1694588231	3eca02bb
42	1	821	3556311830	3f53f903
42	1	822	147754756	3d0ce8f0
42	1	823	1460919155	3eae27b7
42	1	824	1167309237	3e8b2773
42	1	825	2100458324	3efa64e7
42	1	826	1012835154	3e717a8d
42	1	827	2404584011	3f0f530a
42	1	828	2433212407	3f1107e0
42	1	829	3670458401	3f5ac6c0
42	1	830	1049848669	3e7a4dad
42	1	831	100077719	3cbee213
42	1	832	2693000738	3f2083ee
42	1	833	3799627187	3f6279b6
42	1	834	685142095	3e2359c1
42	1	835	3223226325	3f401e88
42	1	836	1246340946	3e94934f
42	1	837	2514583624	3f15e180
42	1	838	3555113227	3f53e6b9
42	1	839	3525736107	3f522677
42	1	840	4083278712	3f7361e3
42	1	841	1627015915	3ec1f496
42	1	842	4205569121	3f7aabe4
42	1	843	4047954887	3f7146e4
42	1	844	2336074061	3f0b3da9
42	1	845	3233813155	3f40c013
42	1	846	2743479202	3f23862c
42	1	847	1555498088	3eb96e09
42	1	848	3507322782	3f510d80
42	1	849	2595327923	3f1ab190
42	1	850	3546234441	3f535f3e
42	1	851	2496821542	3f14d279
42	1	852	15933200	3b731f10
42	1	853	2423738111	3f10774f
42	1	854	2764055790	3f24c025
42	1	855	2689556548	3f204f60
42	1	856	2283690962	3f081e5c
42	1	857	2593054515	3f1a8edf
42	1	858	1135876748	3e876835
42	1	859	2723879108	3f225b19
42	1	860	3276942377	3f43522c
42	1	861	2366711447	3f0d1127
42	1	862	1723188632	3ecd6b8b
42	1	863	1620028680	3ec11f5a
42	1	864	1457298206	3eadb936
42	1	865	1347069178	3ea0954a
42	1	866	953392871	3e634e7c
42	1	867	3617240835	3f579ab7
42	1	868	1432360943	3eaac030
42	1	869	2934618110	3f2eeab8
42	1	870	3709114930	3f5d149a
42	1	871	2647313354	3f1dcacc
42	1	872	1245686717	3e947f57
42	1	873	1784318818	3ed4b517
42	1	874	3228735714	3f407299
42	1	875	245017169	3d69aaa5
42	1	876	3981412557	3f6d4f89
42	1	877	4006961001	3f6ed55f
42	1	878	1560513407	3eba0717
42	1	879	3028850149	3f348896
42	1	880	954994905	3e63b043
42	1	881	1480822902	3eb08721
42	1	882	1107115370	3e83fa7b
42	1	883	497081653	3ded06ea
42	1	884	2575832265	3f198815
42	1	885	542539144	3e0159f6
42	1	886	519110297	3df787f5
42	1	887	1590708947	3ebda096
42	1	888	2699109308	3f20e124
42	1	889	2414192862	3f0fe5a9
42	1	890	1144695230	3e887553
42	1	891	3466426871	3f4e9d7a
42	1	892	3109996803	3f395ec9
42	1	893	270832826	3d8124a6
42	1	894	3978839075	3f6d2844
42	1	895	2254338608	3f065e7a
42	1	896	3211336022	3f3f6919
42	1	897	1054673198	3e7b7425
42	1	898	2489253669	3f145eff
42	1	899	801446915	3e3f1470
42	1	900	1535880625	3eb7175b
42	1	901	135130570	3d00dedd
42	1	902	3232101961	3f40a5f6
42	1	903	3429120198	3f4c6439
42	1	904	1200966593	3e8f2a98
42	1	905	3834088271	3f64878b
42	1	906	1429414524	3eaa6645
42	1	907	2256188741	3f067ab5
42	1	908	2997267544	3f32a6ac
42	1	909	1916494875	3ee476c8
42	1	910	3982181553	3f6d5b45
42	1	911	3344933391	3f475fa2
42	1	912	1205492798	3e8fb4b8
42	1	913	692883691	3e253244
42	1	914	1906640503	3ee34a0d
42	1	915	580308792	3e0a5b3d
42	1	916	2146272547	3effdb0a
42	1	917	2583001622	3f19f57a
42	1	918	3863612847	3f664a0e
42	1	919	3817750637	3f638e40
42	1	920	1492583636	3eb1ee0a
42	1	921	1818641246	3ed8cc87
42	1	922	806785968	3e405a4f
42	1	923	3465616609	3f4e911d
42	1	924	211850309	3d4a0944
42	1	925	3807161986	3f62ecaf
42	1	926	3232854899	3f40b173
42	1	927	2134510714	3efe7419
42	1	928	1651782884	3ec4e86a
42	1	929	2932068015	3f2ec3cf
42	1	930	3966045116	3f6c650c
42	1	931	1011091096	3e71101a
42	1	932	3700068928	3f5c8a92
42	1	933	480685475	3de5356d
42	1	934	1155475123	3e89be4d
42	1	935	2728087883	3f229b51
42	1	936	2739393146	3f2347d2
42	1	937	394496707	3dbc1c56
42	1	938	1427091347	3eaa1f5f
42	1	939	1078400191	3e808e29
42	1	940	1505221045	3eb36fb3
42	1	941	3657870957	3f5a06ae
42	1	942	1963799582	3eea1a68
42	1	943	3791704503	3f6200d2
42	1	944	2029246229	3ef1e7ae
42	1	945	4035292936	3f7085af
42	1	946	3781981201	3f616c74
42	1	947	2303288297	3f094964
42	1	948	2825563170	3f286aac
42	1	949	3966456988	3f6c6b55
42	1	950	685164987	3e235b27
42	1	951	293754853	3d8c12bf
42	1	952	22224157	3ba98e8e
42	1	953	2317859760	3f0a27bc
42	1	954	2101911727	3efa9141
42	1	955	4070148441	3f729989
42	1	956	3165166363	3f3ca89b
42	1	957	2499633883	3f14fd63
42	1	958	3191786346	3f3e3ecb
42	1	959	1634224558	3ec2d093
42	1	960	2998271686	3f32b5ff
42	1	961	996884972	3e6dad08
42	1	962	2045060218	3ef3ca49
42	1	963	1801758281	3ed6c94d
42	1	964	1193377264	3e8e42fc
42	1	965	1443601853	3eac173b
42	1	966	1180770981	3e8cc245
42	1	967	1468454591	3eaf0dad
42	1	968	2129224263	3efdd2c5
42	1	969	1197393508	3e8ebd8d
42	1	970	3794171243	3f622675
42	1	971	2001683305	3eee9e87
42	1	972	139897814	3d056abd
42	1	973	3399316352	3f4a9d74
42	1	974	990983006	3e6c44cd
42	1	975	153482417	3d125f4b
42	1	976	3309753315	3f4546d4
42	1	977	782244925	3e3a8071
42	1	978	1151286239	3e893e78
42	1	979	710269935	3e295770
42	1	980	4127527252	3f760511
42	1	981	3227394247	3f405e21
42	1	982	2553704533	3f183670
42	1	983	1227777525	3e925ccc
42	1	984	1923114969	3ee540d0
42	1	985	285007463	3d87e6f3
42	1	986	1781260558	3ed457c2
42	1	987	4063111814	3f722e2b
42	1	988	346281810	3da51ebb
42	1	989	3947844347	3f6b4f53
42	1	990	1083465139	3e8128bb
42	1	991	343576868	3da3d489
42	1	992	3433485220	3f4ca6d4
42	1	993	3311298337	3f455e67
42	1	994	3998283829	3f6e50f8
42	1	995	2735324367	3f2309bd
42	1	996	1355896438	3ea1a2ad
42	1	997	2170815725	3f016405
42	1	998	587468322	3e0c1039
42	1	999	1811030011	3ed7e440
42	1	1000	1717249183	3eccb649
42	1	1001	3903103227	3f68a4a1
42	1	1002	3076224518	3f375b76
42	1	1003	1399219809	3ea6cccd
42	1	1004	655138627	3e1c327d
42	1	1005	1360115785	3ea22371
42	1	1006	3841586240	3f64f9f4
42	1	1007	309895019	3d93c4fb
42	1	1008	4218936655	3f7b77dd
42	1	1009	1618439217	3ec0eed8
42	1	1010	1331956351	3e9ec815
42	1	1011	1098108125	3e82e79a
42	1	1012	2291223677	3f08914c
42	1	1013	2076452197	3ef7884b
42	1	1014	3988709898	3f6dbee2
42	1	1015	3282340588	3f43a48b
42	1	1016	2572331623	3f1952aa
42	1	1017	633300766	3e16fd9c
42	1	1018	656054123	3e1c6a5e
42	1	1019	2884900192	3f2bf415
42	1	1020	2993757771	3f32711e
42	1	1021	2966180359	3f30cc52
42	1	1022	4238856312	3f7ca7d0
42	1	1023	4118673307	3f757df8
42	7	0	467091836	3ddeba0c
42	7	1	1666773505	3ec6b1e4
42	7	2	3985452410	3f6d8d2d
42	7	3	4081944259	3f734d87
42	7	4	3437967554	3f4ceb39
42	7	5	2362980919	3f0cd83a
42	7	6	2698626076	3f20d9c4
42	7	7	3571566824	3f54e1c9
42	7	8	610470631	3e118c2c
42	7	9	247127978	3d6badfb
42	7	10	434232541	3dcf0ee7
42	7	11	218087452	3d4ffc02
42	7	12	1766852556	3ed2a010
42	7	13	4277760878	3f7ef973
42	7	14	2246291012	3f05e3ae
42	7	15	1138938917	3e87c5a8
42	7	16	137756919	3d03600f
42	7	17	2454087337	3f124667
42	7	18	4246215925	3f7d181d
42	7	19	4095633460	3f741e68
42	7	20	1606197426	3ebf7941
42	7	21	3815319494	3f636928
42	7	22	2159090701	3f00b11c
42	7	23	4283932954	3f7f57a1
42	7	24	1828937022	3eda06ba
42	7	25	2712751881	3f21b14f
42	7	26	3595358233	3f564cd0
42	7	27	2298512585	3f090085
42	7	28	2334087501	3f0b1f59
42	7	29	3449891834	3f4da12c
42	7	30	596665587	3e0e4194
42	7	31	768143645	3e3723c4
42	7	32	420775451	3dc8a431
42	7	33	1813074372	3ed822a4
42	7	34	324788271	3d9adf01
42	7	35	1466063341	3eaec4b4
42	7	36	4000162331	3f6e6da2
42	7	37	754121728	3e33cbf0
42	7	38	228381312	3d59cd28
42	7	39	971248554	3e67904f
42	7	40	3436040017	3f4ccdcf
42	7	41	319517575	3d985b9c
42	7	42	1731694595	3ece6f20
42	7	43	1605063551	3ebf56a7
42	7	44	2544964567	3f17b114
42	7	45	2590063434	3f1a613b
42	7	46	361514096	3dac6224
42	7	47	2353235069	3f0c4384
42	7	48	2920166347	3f2e0e34
42	7	49	1057049424	3e7c052d
42	7	50	2717847147	3f21ff0e
42	7	51	2847813405	3f29be2f
42	7	52	3655410935	3f59e125
42	7	53	757119828	3e3482ed
42	7	54	689239537	3e2453d8
42	7	55	3746891278	3f5f5506
42	7	56	3156496805	3f3c2452
42	7	57	1120810056	3e859c69
42	7	58	449900569	3dd68781
42	7	59	3516003676	3f5191f5
42	7	60	3734478385	3f5e979e
42	7	61	2607426819	3f1b6a2d
42	7	62	2813004364	3f27ab0a
42	7	63	1035065564	3e76c763
42	7	64	1617146888	3ec0c768
42	7	65	758583682	3e34dc46
42	7	66	2670406202	3f1f2b2a
42	7	67	646891051	3e1a3b19
42	7	68	3334701476	3f46c382
42	7	69	179384378	3d2b1304
42	7	70	1759558816	3ed1c179
42	7	71	2676641036	3f1f8a4d
42	7	72	2409507737	3f0f9e2c
42	7	73	8012927	3af488ff
42	7	74	2177610816	3f01cbb4
42	7	75	1885427726	3ee0c2b0
42	7	76	802417401	3e3f4fac
42	7	77	4277976198	3f7efcbd
42	7	78	3416649838	3f4ba5f0
42	7	79	3684407389	3f5b9b98
42	7	80	2323087453	3f0a7780
42	7	81	3569849155	3f54c793
42	7	82	1099101477	3e8305ea
42	7	83	3164509745	3f3c9e96
42	7	84	1105942995	3e83d6b4
42	7	85	4127787265	3f760909
42	7	86	3587521832	3f55d53d
42	7	87	1502043785	3eb30ebd
42	7	88	2134132291	3efe688d
42	7	89	1437708519	3eab6362
42	7	90	3113698641	3f399745
42	7	91	2463000019	3f12ce66
42	7	92	2468583436	3f132398
42	7	93	2693203117	3f208705
42	7	94	3184147873	3f3dca3e
42	7	95	3946626989	3f6b3cc0
42	7	96	2867073478	3f2ae412
42	7	97	3757676390	3f5ff997
42	7	98	2335120099	3f0b2f1b
42	7	99	2267912548	3f072d99
42	7	100	2289065820	3f08705f
42	7	101	2793259105	3f267dc0
42	7	102	3250164090	3f41b991
42	7	103	1781875605	3ed46a87
42	7	104	1054745475	3e7b788e
42	7	105	1021908463	3e73a458
42	7	106	2661791981	3f1ea7b9
42	7	107	3922595794	3f69ce10
42	7	108	1746276946	3ed02c25
42	7	109	218331431	3d503792
42	7	110	4212652589	3f7b17fa
42	7	111	427448058	3dcbd2b8
42	7	112	4198257503	3f7a3c53
42	7	113	1959565568	3ee99932
42	7	114	3543952477	3f533c6c
42	7	115	956204471	3e63fa17
42	7	116	3015813301	3f33c1a9
42	7	117	772999993	3e384c2d
42	7	118	771450106	3e37ed94
42	7	119	1621359105	3ec147f4
42	7	120	2680988651	3f1fcca4
42	7	121	356587464	3daa08be
42	7	122	1841518178	3edb86ad
42	7	123	2916503347	3f2dd64f
42	7	124	2402124858	3f0f2d84
42	7	125	3959021793	3f6bf9e1
42	7	126	1777245402	3ed3dd3a
42	7	127	3671719054	3f5ad9fd
42	7	128	726669287	3e2d4060
42	7	129	1482883586	3eb0c604
42	7	130	1649974256	3ec4b138
42	7	131	1510814487	3eb41a66
42	7	132	3025136490	3f344feb
42	7	133	3249150574	3f41aa1a
42	7	134	2587268612	3f1a3696
42	7	135	937424169	3e5f7fd5
42	7	136	1971071519	3eeaf854
42	7	137	1719022456	3eccec67
42	7	138	3541428028	3f5315e7
42	7	139	3627175841	3f583250
42	7	140	2489747790	3f146689
42	7	141	2832571302	3f28d59c
42	7	142	97608127	3cba2c38
42	7	143	1317279473	3e9d082e
42	7	144	3223822497	3f4027a1
42	7	145	3218142801	3f3fd0f6
42	7	146	1054491275	3e7b690a
42	7	147	2345931534	3f0bd413
42	7	148	1262507555	3e9680ac
42	7	149	961177160	3e652999
42	7	150	701829469	3e275445
42	7	151	1568331850	3ebaf5b1
42	7	152	2094753598	3ef9b6ce
42	7	153	955618408	3e63d652
42	7	154	2998730640	3f32bd00
42	7	155	2667196886	3f1efa32
42	7	156	2213333852	3f03eccb
42	7	157	2850208793	3f29e2bc
42	7	158	4095643170	3f741e8e
42	7	159	2681447377	3f1fd3a4
42	7	160	964355375	3e65eb95
42	7	161	2833475569	3f28e368
42	7	162	2594456807	3f1aa445
42	7	163	2503562056	3f153953
42	7	164	569017153	3e07aa0d
42	7	165	3654360989	3f59d120
42	7	166	1165526014	3e8af108
42	7	167	1682970566	3ec8a030
42	7	168	2861173757	3f2a8a0c
42	7	169	1318066767	3e9d2035
42	7	170	3479241342	3f4f6102
42	7	171	3575355666	3f551b99
42	7	172	3559487261	3f542977
42	7	173	277313689	3d843bc5
42	7	174	326952087	3d9be725
42	7	175	2226516984	3f04b5f4
42	7	176	3610913341	3f573a2a
42	7	177	724303518	3e2caffa
42	7	178	855959454	3e4c139e
42	7	179	2924986763	3f2e57c2
42	7	180	2794194479	3f268c06
42	7	181	2954464901	3f30198f
42	7	182	2389621940	3f0e6ebd
42	7	183	3080907179	3f37a2ea
42	7	184	2672621460	3f1f4cf8
42	7	185	1177118965	3e8c52d2
42	7	186	500276410	3dee8ce6
42	7	187	1465215087	3eaeaad1
42	7	188	3578790441	3f555002
42	7	189	3616409198	3f578e06
42	7	190	2047953022	3ef42291
42	7	191	1033261128	3e765941
42	7	192	3368459996	3f48c69f
42	7	193	1897294932	3ee22cd9
42	7	194	232453302	3d5daf4b
42	7	195	2799107628	3f26d6fe
42	7	196	813699358	3e420044
42	7	197	2181873819	3f020cc1
42	7	198	2841136217	3f29584c
42	7	199	2208681450	3f03a5ce
42	7	200	736271412	3e2f8a71
42	7	201	2928628272	3f2e8f52
42	7	202	2952223580	3f2ff75b
42	7	203	1061876465	3e7d2bcc
42	7	204	1167297949	3e8b271b
42	7	205	849537862	3e4a8bad
42	7	206	2205656229	3f0377a5
42	7	207	702030947	3e276092
42	7	208	3348404619	3f47949a
42	7	209	1399903388	3ea6e1a9
42	7	210	1179593324	3e8c9e55
42	7	211	4073955638	3f72d3a1
42	7	212	3987014518	3f6da503
42	7	213	121873867	3ce874b9
42	7	214	1970472679	3eeae60e
42	7	215	3309945959	3f4549c4
42	7	216	19927283	3b98087a
42	7	217	2444013491	3f11acb0
42	7	218	656199689	3e1c7340
42	7	219	1959748544	3ee99ec8
42	7	220	3636896927	3f58c6a5
42	7	221	1441044436	3eabc930
42	7	222	158093549	3d16c50f
42	7	223	2920782599	3f2e179b
42	7	224	1163307410	3e8aad53
42	7	225	1652454913	3ec4fcec
42	7	226	1783756336	3ed4a3ec
42	7	227	3192908424	3f3e4feb
42	7	228	2360574457	3f0cb382
42	7	229	1196517561	3e8ea2d1
42	7	230	1703828566	3ecb1cb9
42	7	231	2510627203	3f15a522
42	7	232	200146190	3d3edfd1
42	7	233	2862473168	3f2a9de0
42	7	234	916672918	3e5a8d46
42	7	235	660307576	3e1d6dfa
42	7	236	3082900082	3f37c152
42	7	237	2051243823	3ef486fe
42	7	238	2453748778	3f12413c
42	7	239	2849075149	3f29d170
42	7	240	241342830	3d662997
42	7	241	58613591	3c5f97d6
42	7	242	1264994322	3e96cc90
42	7	243	1605996877	3ebf7323
42	7	244	4237067491	3f7c8c85
42	7	245	286671546	3d88b216
42	7	246	2741833982	3f236d11
42	7	247	2377823560	3f0dbab5
42	7	248	79493863	3c979f5d
42	7	249	1672911399	3ec76d34
42	7	250	3889071444	3f67ce85
42	7	251	3959576912	3f6c0259
42	7	252	3347495964	3f4786bc
42	7	253	1915013770	3ee44995
42	7	254	2559175772	3f1889ec
42	7	255	3312623710	3f4572a0
42	7	256	3640151273	3f58f84d
42	7	257	446670247	3dd4fd2d
42	7	258	2401815182	3f0f28cb
42	7	259	3022251539	3f3423e6
42	7	260	1185641594	3e8d56e9
42	7	261	1940842773	3ee75dd2
42	7	262	2150483755	3f002dc7
42	7	263	1495965038	3eb2553b
42	7	264	2188920485	3f027847
42	7	265	1946606618	3ee80db8
42	7	266	1825261647	3ed99691
42	7	267	458254193	3dda833c
42	7	268	1890359378	3ee15931
42	7	269	1833788358	3eda9ac8
42	7	270	3886150544	3f67a1f4
42	7	271	4213297452	3f7b21d1
42	7	272	3173986258	3f3d2f30
42	7	273	1243500771	3e943ca2
42	7	274	1486178277	3eb12a90
42	7	275	1996032803	3eedf216
42	7	276	3842408172	3f65067f
42	7	277	2438667162	3f115b1c
42	7	278	2012371433	3eefe4b4
42	7	279	1477793786	3eb02ab0
42	7	280	598355401	3e0ea8b7
42	7	281	3090555997	3f383624
42	7	282	819332394	3e435815
42	7	283	4092231711	3f73ea80
42	7	284	532122575	3dfdbc5e
42	7	285	2899625620	3f2cd4c7
42	7	286	3471311394	3f4ee802
42	7	287	642035520	3e1912bd
42	7	288	1645549552	3ec42a30
42	7	289	3332537215	3f46a27b
42	7	290	28756826	3bdb65ad
42	7	291	3139752387	3f3b24d2
42	7	292	29425645	3be07ff6
42	7	293	460063763	3ddb6021
42	7	294	3860812159	3f661f51
42	7	295	2341651149	3f0b92c3
42	7	296	3347989872	3f478e45
42	7	297	1357513331	3ea1d405
42	7	298	3820842591	3f63bd6e
42	7	299	2230502048	3f04f2c3
42	7	300	2750553154	3f23f21c
42	7	301	3641912688	3f59132d
42	7	302	2066706949	3ef65ee4
42	7	303	1790140067	3ed566bd
42	7	304	316841290	3d9714ea
42	7	305	1823546639	3ed9623a
42	7	306	2913201437	3f2da3ed
42	7	307	3719012117	3f5dab9f
42	7	308	1733580783	3ecea8b0
42	7	309	312994937	3d953f64
42	7	310	1317979113	3e9d1d88
42	7	311	3815023612	3f6364a4
42	7	312	2233212749	3f051c1f
42	7	313	1995112894	3eedd603
42	7	314	3555884	3a5908b2
42	7	315	3248211753	3f419bc7
42	7	316	1433222116	3eaada78
42	7	317	356072674	3da9c9e7
42	7	318	209380323	3d47ae3e
42	7	319	1381180413	3ea4a648
42	7	320	1897113931	3ee22753
42	7	321	2549093019	3f17f013
42	7	322	3712591576	3f5d49a7
42	7	323	3664576048	3f5a6cfe
42	7	324	2546248156	3f17c4aa
42	7	325	1888127773	3ee11516
42	7	326	741224566	3e30b8c2
42	7	327	1181366613	3e8cd473
42	7	328	2485901046	3f142bd7
42	7	329	2451456956	3f121e44
42	7	330	3115959323	3f39b9c4
42	7	331	4181883091	3f794279
42	7	332	2489943637	3f146986
42	7	333	2405552964	3f0f61d3
42	7	334	1214212800	3e90bed6
42	7	335	3495987947	3f50608b
42	7	336	3621091544	3f57d579
42	7	337	2171769299	3f017292
42	7	338	1612668622	3ec03ebe
42	7	339	1351339894	3ea1179f
42	7	340	874034540	3e5062d6
42	7	341	2351137218	3f0c2382
42	7	342	4167946405	3f786dd1
42	7	343	3759144976	3f601000
42	7	344	2850295706	3f29e410
42	7	345	3691144432	3f5c0265
42	7	346	1650886951	3ec4cd12
42	7	347	153456809	3d12590b
42	7	348	3096806965	3f389586
42	7	349	3715702265	3f5d791e
42	7	350	359566324	3dab7460
42	7	351	1401023326	3ea703d7
42	7	352	1694054482	3ec9f271
42	7	353	3774082653	3f60f3ee
42	7	354	1349924923	3ea0ec70
42	7	355	528908534	3dfc3408
42	7	356	2316930849	3f0a198f
42	7	357	686205473	3e239aa9
42	7	358	2428748803	3f10c3c4
42	7	359	1046120968	3e796a28
42	7	360	2875905254	3f2b6ad5
42	7	361	1186902558	3e8d7d64
42	7	362	556088762	3e0494f7
42	7	363	2013943316	3ef014ac
42	7	364	3559542020	3f542a4d
42	7	365	1240236559	3e93d904
42	7	366	3262080068	3f426f64
42	7	367	1848473250	3edc5aed
42	7	368	4155998868	3f77b783
42	7	369	1702373650	3ecaf052
42	7	370	1645997849	3ec437de
42	7	371	1509820952	3eb3fc14
42	7	372	767546370	3e36ff50
42	7	373	538856457	3e007930
42	7	374	3065794169	3f36bc4e
42	7	375	3312051697	3f4569e6
42	7	376	3647374448	3f596684
42	7	377	2673343699	3f1f57fd
42	7	378	1232115043	3e92e12b
42	7	379	2054340396	3ef4e57e
42	7	380	2874618127	3f2b5731
42	7	381	1540166103	3eb79a24
42	7	382	1609195160	3ebfd4bd
42	7	383	487289905	3de85ba2
42	7	384	3413820403	3f4b7ac4
42	7	385	2800969606	3f26f368
42	7	386	3247834763	3f419607
42	7	387	1400102879	3ea6e7c0
42	7	388	4199077848	3f7a48d8
42	7	389	2418434971	3f102664
42	7	390	3365931780	3f48a00b
42	7	391	1245059861	3e946c36
42	7	392	407235417	3dc22f5b
42	7	393	2759754084	3f247e81
42	7	394	3664779760	3f5a701a
42	7	395	1506502421	3eb396ce
42	7	396	3942002007	3f6af62d
42	7	397	487368276	3de86533
42	7	398	1118962394	3e856406
42	7	399	2206321989	3f0381cd
42	7	400	1594580988	3ebe16c0
42	7	401	3625484217	3f581880
42	7	402	3067668180	3f36d8e7
42	7	403	1659978407	3ec5e285
42	7	404	1727682095	3ecdf4ac
42	7	405	2068485264	3ef69529
42	7	406	3383508503	3f49ac3e
42	7	407	424831325	3dca934b
42	7	408	45432611	3c2d4fc9
42	7	409	2248894212	3f060b67
42	7	410	1525605750	3eb5ddcb
42	7	411	3657485605	3f5a00cd
42	7	412	927779077	3e5d3324
42	7	413	3337686750	3f46f10f
42	7	414	2976490284	3f3169a3
42	7	415	731580887	3e2e6c27
42	7	416	4081723962	3f734a2a
42	7	417	485155241	3de7570d
42	7	418	171562125	3d239d49
42	7	419	3570397166	3f54cff0
42	7	420	2332139123	3f0b019e
42	7	421	1315070141	3e9cc4c1
42	7	422	2430431856	3f10dd72
42	7	423	1596218883	3ebe48bc
42	7	424	3492089013	3f50250d
42	7	425	321937261	3d9982fb
42	7	426	3556946728	3f5402b3
42	7	427	3107201754	3f393423
42	7	428	3275796256	3f4340af
42	7	429	2642069868	3f1d7ac9
42	7	430	2320109098	3f0a4a0e
42	7	431	3856672787	3f65e028
42	7	432	2026124818	3ef1886c
42	7	433	76891113	3c92a87d
42	7	434	2302058594	3f0936a0
42	7	435	3660730733	3f5a3251
42	7	436	3860008699	3f66130f
42	7	437	1219291919	3e9159d6
42	7	438	3071946954	3f371a31
42	7	439	3312966200	3f4577da
42	7	440	282436703	3d86ad23
42	7	441	1430360317	3eaa8322
42	7	442	1404728890	3ea774ec
42	7	443	2844311455	3f2988c0
42	7	444	1128730305	3e868e1e
42	7	445	831533791	3e4640cb
42	7	446	2126309191	3efd79cf
42	7	447	338080239	3da1358f
42	7	448	2555360793	3f184fb6
42	7	449	3548590077	3f538330
42	7	450	635549124	3e1786d7
42	7	451	1399090121	3ea6c8d8
42	7	452	818022132	3e43081c
42	7	453	2335801311	3f0b3980
42	7	454	3810929305	3f63262b
42	7	455	1977775931	3eebc4ee
42	7	456	1621639395	3ec15082
42	7	457	3870786897	3f66b785
42	7	458	131162590	3cfa2c3c
42	7	459	2053474723	3ef4cb13
42	7	460	2564497221	3f18db1f
42	7	461	2028013034	3ef1c20c
42	7	462	642048173	3e191383
42	7	463	1768941222	3ed2dfcd
42	7	464	1833038071	3eda83e2
42	7	465	310858138	3d943a8d
42	7	466	2035631161	3ef2aa88
42	7	467	2214975227	3f0405d7
42	7	468	136291880	3d01fa62
42	7	469	671511536	3e2019d0
42	7	470	2525046320	3f168126
42	7	471	2919033946	3f2dfcec
42	7	472	1003056711	3e6f25b9
42	7	473	2694780070	3f209f15
42	7	474	1192239028	3e8e203f
42	7	475	1466465842	3eaed0fc
42	7	476	3226605668	3f405218
42	7	477	1493983170	3eb218c0
42	7	478	2224686929	3f049a07
42	7	479	2546450809	3f17c7c1
42	7	480	2142773178	3eff703f
42	7	481	3452111268	3f4dc30a
42	7	482	488201073	3de8cadc
42	7	483	2836459798	3f2910f1
42	7	484	2555546037	3f18528a
42	7	485	1989522611	3eed2b69
42	7	486	1220568869	3e9180ce
42	7	487	996111599	3e6d7dd4
42	7	488	2410707991	3f0fb07c
42	7	489	441667192	3dd29a74
42	7	490	3691482	3a614f6a
42	7	491	1609160594	3ebfd3af
42	7	492	1231428851	3e92cc3a
42	7	493	3826838591	3f6418ec
42	7	494	53991968	3c4df688
42	7	495	266614166	3d7e4359
42	7	496	3250760939	3f41c2ad
42	7	497	174117913	3d260d42
42	7	498	3704239980	3f5cca37
42	7	499	1313322848	3e9c8f6f
42	7	500	51668969	3c4519fa
42	7	501	4260703038	3f7df52b
42	7	502	946730697	3e61b7db
42	7	503	2150521185	3f002e59
42	7	504	4248538138	3f7d3b8c
42	7	505	828319532	3e457c9d
42	7	506	1179966248	3e8ca9b6
42	7	507	137772701	3d0363ea
42	7	508	3776159560	3f61139f
42	7	509	453156054	3dd814e7
42	7	510	4275397474	3f7ed563
42	7	511	2243280575	3f05b5bf
42	7	512	497821648	3ded613e
42	7	513	599167597	3e0eda4a
42	7	514	1437974047	3eab6b7c
42	7	515	1753167672	3ed0fe6e
42	7	516	2529507491	3f16c539
42	7	517	2925495365	3f2e5f84
42	7	518	403841603	3dc09112
42	7	519	432350855	3dce2934
42	7	520	3953375942	3f6ba3bb
42	7	521	820766388	3e43af9b
42	7	522	593942893	3e0d9b66
42	7	523	1495123277	3eb23b8b
42	7	524	1895999300	3ee2054f
42	7	525	2632245503	3f1ce4e1
42	7	526	1803730011	3ed70579
42	7	527	1959631024	3ee99b31
42	7	528	732094665	3e2e8b83
42	7	529	1383068989	3ea4dfea
42	7	530	1765858000	3ed281b6
42	7	531	2661446950	3f1ea275
42	7	532	3798427310	3f626767
42	7	533	2310265693	3f09b3db
42	7	534	2979176811	3f3192a1
42	7	535	1291159068	3e99eb0c
42	7	536	1725604810	3ecdb548
42	7	537	4062884954	3f722ab4
42	7	538	3006656121	3f3335ee
42	7	539	2349411259	3f0c092c
42	7	540	3022594970	3f342924
42	7	541	712296020	3e29d319
42	7	542	2477401390	3f13aa25
42	7	543	2821901594	3f2832cd
42	7	544	3231384165	3f409b02
42	7	545	3385606356	3f49cc41
42	7	546	2455870143	3f12619b
42	7	547	869104031	3e4f35e6
42	7	548	3787375201	3f61bec2
42	7	549	780448337	3e3a12c9
42	7	550	140046807	3d058f1d
42	7	551	74392539	3c8de47b
42	7	552	1576772843	3ebbf74a
42	7	553	1663047593	3ec6402f
42	7	554	4171591547	3f78a56f
42	7	555	2952991606	3f300313
42	7	556	2619604662	3f1c23ff
42	7	557	2641786105	3f1d7675
42	7	558	2209777814	3f03b689
42	7	559	3063655157	3f369bab
42	7	560	1329074495	3e9e7022
42	7	561	2972059289	3f312607
42	7	562	722086971	3e2c28b1
42	7	563	4065202633	3f724e12
42	7	564	1162156441	3e8a8a33
42	7	565	2121225397	3efcdea9
42	7	566	1747437568	3ed04f90
42	7	567	3588693449	3f55e71e
42	7	568	2611614161	3f1baa12
42	7	569	3389411733	3f4a0652
42	7	570	2804547638	3f272a00
42	7	571	2546942328	3f17cf41
42	7	572	1331577473	3e9ebc85
42	7	573	2816404508	3f27deec
42	7	574	206193004	3d44a417
42	7	575	3721725631	3f5dd507
42	7	576	2454783972	3f125108
42	7	577	444303562	3dd3dc46
42	7	578	1740328299	3ecf769b
42	7	579	1344585956	3ea04982
42	7	580	136793383	3d0274d2
42	7	581	4029406214	3f702bdc
42	7	582	912191478	3e597bc0
42	7	583	3038528183	3f351c43
42	7	584	3866962909	3f667d2c
42	7	585	4249755560	3f7d4e20
42	7	586	2841441046	3f295cf3
42	7	587	2231964616	3f050914
42	7	588	3324155439	3f462296
42	7	589	2048644763	3ef437ad
42	7	590	3835215152	3f6498bd
42	7	591	799488255	3e3e9ce4
42	7	592	2883707876	3f2be1e4
42	7	593	1559855927	3eb9f306
42	7	594	966514179	3e666f58
42	7	595	3681347805	3f5b6ce9
42	7	596	3625213512	3f58145e
42	7	597	1211896751	3e907827
42	7	598	1046231973	3e7970ef
42	7	599	1546063984	3eb84e21
42	7	600	3389099707	3f4a018f
42	7	601	4052170202	3f718736
42	7	602	2391752231	3f0e8f3e
42	7	603	1830463017	3eda354c
42	7	604	2803870013	3f271fa9
42	7	605	436684940	3dd03a44
42	7	606	2372446342	3f0d68a9
42	7	607	2777478472	3f258cf5
42	7	608	901742428	3e56fdfd
42	7	609	283668905	3d87438d
42	7	610	1433686942	3eaae8a7
42	7	611	2059815310	3ef58c93
42	7	612	443393460	3dd36d2e
42	7	613	739660329	3e305949
42	7	614	2778524340	3f259ceb
42	7	615	4275600783	3f7ed87e
42	7	616	4290133873	3f7fb63f
42	7	617	1526051931	3eb5eb69
42	7	618	24915719	3bbe1784
42	7	619	4214155640	3f7b2ee9
42	7	620	1853248481	3edceca8
42	7	621	3872016400	3f66ca48
42	7	622	3174585387	3f3d3854
42	7	623	1500255143	3eb2d827
42	7	624	2682669776	3f1fe64b
42	7	625	313044426	3d95456e
42	7	626	3909316622	3f690370
42	7	627	2161867824	3f00db7c
42	7	628	4247869349	3f7d3158
42	7	629	3020541431	3f3409ce
42	7	630	2990743005	3f32431e
42	7	631	3320168656	3f45e5c1
42	7	632	4267592445	3f7e5e4b
42	7	633	3139090854	3f3b1aba
42	7	634	779615645	3e39dff6
42	7	635	1862062793	3eddf9a6
42	7	636	4230016109	3f7c20ec
42	7	637	3536047149	3f52c3cc
42	7	638	3407599188	3f4b1bd6
42	7	639	2561784473	3f18b1bb
42	7	640	2689120479	3f2048b9
42	7	641	3411701968	3f4b5a71
42	7	642	3993670965	3f6e0a95
42	7	643	2123547628	3efd2588
42	7	644	2948337855	3f2fbc11
42	7	645	62713399	3c6f3b8e
42	7	646	1298282496	3e9ac470
42	7	647	2380279705	3f0de030
42	7	648	2601361301	3f1b0da0
42	7	649	4010847942	3f6f10af
42	7	650	1653373569	3ec518f5
42	7	651	533796517	3dfe88b5
42	7	652	793865014	3e3d45ad
42	7	653	3799975798	3f627f07
42	7	654	316996169	3d9727d2
42	7	655	3731824789	3f5e6f21
42	7	656	761176808	3e357a8c
42	7	657	1525507744	3eb5dacd
42	7	658	3071058076	3f370ca1
42	7	659	3632090391	3f587d4d
42	7	660	434745275	3dcf4d7e
42	7	661	590227067	3e0cb89a
42	7	662	2743133212	3f2380e4
42	7	663	3026078730	3f345e4c
42	7	664	3201112978	3f3ecd1c
42	7	665	1094796146	3e828287
42	7	666	2083389498	3ef85c00
42	7	667	342547281	3da356db
42	7	668	266927473	3d7e8fd7
42	7	669	3270998447	3f42f77a
42	7	670	761982397	3e35abb7
42	7	671	633637397	3e171228
42	7	672	947774389	3e61f78f
42	7	673	630535885	3e1654db
42	7	674	1520873176	3eb54d5e
42	7	675	456579148	3dd9b6c2
42	7	676	1345000002	3ea05625
42	7	677	848298904	3e4a400e
42	7	678	2482784084	3f13fc47
42	7	679	180392423	3d2c091e
42	7	680	3074831799	3f374636
42	7	681	60936178	3c6873fc
42	7	682	2737443266	3f232a12
42	7	683	627026675	3e157eac
42	7	684	1294463902	3e9a4fe7
42	7	685	1831800260	3eda5e1c
42	7	686	403266164	3dc04ad4
42	7	687	867207040	3e4ec21e
42	7	688	1640374109	3ec38c3f
42	7	689	4161929369	3f781201
42	7	690	1971420000	3eeb02f7
42	7	691	1941036667	3ee763bd
42	7	692	1418335105	3ea91427
42	7	693	2335846011	3f0b3a2e
42	7	694	529912122	3dfcae8a
42	7	695	3855068639	3f65c7ae
42	7	696	1983607684	3eec76e7
42	7	697	1461911420	3eae45ff
42	7	698	2021726060	3ef1022f
42	7	699	2471676829	3f1352cc
42	7	700	2140612446	3eff2e4f
42	7	701	2303608927	3f094e48
42	7	702	2012372593	3eefe4bd
42	7	703	198688271	3d3d7be1
42	7	704	30955568	3bec2c18
42	7	705	3294557130	3f445ef4
42	7	706	907605057	3e5863d1
42	7	707	2924950422	3f2e5734
42	7	708	1595411161	3ebe3016
42	7	709	3113298471	3f39912a
42	7	710	412905417	3dc4e37e
42	7	711	1750668671	3ed0b22b
42	7	712	3430692527	3f4c7c37
42	7	713	3745790367	3f5f443a
42	7	714	4095323722	3f7419ae
42	7	715	1493656995	3eb20ecb
42	7	716	3362124800	3f4865f4
42	7	717	3696282352	3f5c50cb
42	7	718	4078053040	3f731227
42	7	719	361409290	3dac5558
42	7	720	2489796867	3f146749
42	7	721	3755222810	3f5fd427
42	7	722	862471326	3e4da112
42	7	723	1429508562	3eaa6924
42	7	724	3958960322	3f6bf8f1
42	7	725	3993911505	3f6e0e41
42	7	726	1827009755	3ed9cbea
42	7	727	3639332446	3f58ebce
42	7	728	373385541	3db20b4a
42	7	729	1287498632	3e997b57
42	7	730	3057421876	3f363c8e
42	7	731	1249615044	3e94f73a
42	7	732	2680933797	3f1fcbce
42	7	733	190055535	3d354047
42	7	734	283397624	3d872270
42	7	735	3297239650	3f4487e2
42	7	736	1052935764	3e7b0a19
42	7	737	140722103	3d0633fb
42	7	738	133101294	3cfddede
42	7	739	4151420500	3f7771a6
42	7	740	237770674	3d62c17b
42	7	741	343229709	3da3aa28
42	7	742	1189524631	3e8dcd69
42	7	743	1042805058	3e789fc5
42	7	744	2409178602	3f0f9926
42	7	745	4126817673	3f75fa3e
42	7	746	1332663056	3e9edda6
42	7	747	558195791	3e051591
42	7	748	4125705121	3f75e944
42	7	749	2229023813	3f04dc34
42	7	750	2480448778	3f13d8a5
42	7	751	341680293	3da2ed05
42	7	752	622019575	3e144d10
42	7	753	971283303	3e67926e
42	7	754	2470746630	3f13449a
42	7	755	4232506065	3f7c46eb
42	7	756	2802508757	3f270ae4
42	7	757	1532017379	3eb6a176
42	7	758	320090141	3d98a181
42	7	759	2177003470	3f01c270
42	7	760	759921838	3e352df3
42	7	761	3685126515	3f5ba691
42	7	762	2736347439	3f231959
42	7	763	1866442107	3ede7f4b
42	7	764	1898566048	3ee253a3
42	7	765	1918809641	3ee4bd6c
42	7	766	488644010	3de900ed
42	7	767	1719683550	3ecd0094
42	7	768	799927281	3e3eb7b0
42	7	769	1295580624	3e9a71fc
42	7	770	447159792	3dd538f0
42	7	771	4142676171	3f76ec39
42	7	772	2506435282	3f15652b
42	7	773	1565574623	3ebaa18c
42	7	774	642358536	3e192674
42	7	775	415109453	3dc5f08a
42	7	776	1016249698	3e724af6
42	7	777	1248290401	3e94cecd
42	7	778	2507034270	3f156e4f
42	7	779	1362707346	3ea27287
42	7	780	2774211608	3f255b1c
42	7	781	403612960	3dc07529
42	7	782	3368236299	3f48c335
42	7	783	4257794436	3f7dc8ca
42	7	784	214927777	3d4cf89a
42	7	785	2257795118	3f069338
42	7	786	3044194998	3f3572bb
42	7	787	1953345304	3ee8db5e
42	7	788	2257879931	3f069483
42	7	789	3796549760	3f624ac0
42	7	790	1960844927	3ee9c03d
42	7	791	2309224588	3f09a3f9
42	7	792	4104533903	3f74a638
42	7	793	2001639957	3eee9d34
42	7	794	2051198841	3ef4859f
42	7	795	471731854	3de0f074
42	7	796	171929213	3d23f6e8
42	7	797	1285988319	3e994d40
42	7	798	260686545	3d789c2d
42	7	799	576273575	3e0964f3
42	7	800	2013319367	3ef001a2
42	7	801	2423021332	3f106c5f
42	7	802	3428987887	3f4c6234
42	7	803	4094528548	3f740d8c
42	7	804	783660389	3e3ad6d6
42	7	805	277877835	3d8480a2
42	7	806	1500431041	3eb2dd86
42	7	807	1130907977	3e86d093
42	7	808	2163304999	3f00f16a
42	7	809	2222132660	3f04730e
42	7	810	2822145436	3f283686
42	7	811	461467175	3ddc0b71
42	7	812	1953141668	3ee8d527
42	7	813	929393102	3e5d95a7
42	7	814	3658416436	3f5a0f01
42	7	815	1939777740	3ee73d52
42	7	816	569573122	3e07cbfc
42	7	817	3953890040	3f6bab93
42	7	818	2503026838	3f153129
42	7	819	3729032565	3f5e4485
42	7	820	2312843102	3f09db2f
42	7	821	2039292832	3ef31a47
42	7	822	2810564075	3f2785ce
42	7	823	1128692520	3e868cf6
42	7	824	3358325785	3f482bfc
42	7	825	361455511	3dac5afd
42	7	826	3731760247	3f5e6e24
42	7	827	732186133	3e2e9118
42	7	828	3380627131	3f498047
42	7	829	3210657324	3f3f5ebe
42	7	830	266661918	3d7e4f02
42	7	831	3175230756	3f3d422d
42	7	832	2615348043	3f1be30b
42	7	833	2432209079	3f10f891
42	7	834	959398044	3e64bd02
42	7	835	1209281898	3e90285b
42	7	836	4182046661	3f7944f8
42	7	837	3454126454	3f4de1c9
42	7	838	3788532838	3f61d06c
42	7	839	3422816376	3f4c0408
42	7	840	27479525	3bd1a6f2
42	7	841	3737703746	3f5ec8d5
42	7	842	188870048	3d341eda
42	7	843	4110550054	3f750204
42	7	844	1658995962	3ec5c48a
42	7	845	2642088718	3f1d7b13
42	7	846	1253633586	3e9571dc
42	7	847	1476222025	3eaffab9
42	7	848	1495912239	3eb2539e
42	7	849	2144179510	3eff9b2a
42	7	850	2023698944	3ef13e64
42	7	851	1009361849	3e70a68f
42	7	852	2180946024	3f01fe98
42	7	853	3821602410	3f63c906
42	7	854	2972342827	3f312a5a
42	7	855	3113651968	3f39968f
42	7	856	657406974	3e1cbcf0
42	7	857	2343059789	3f0ba841
42	7	858	2075864838	3ef7765e
42	7	859	3384853662	3f49c0c5
42	7	860	2079488460	3ef7e4f4
42	7	861	4171535849	3f78a496
42	7	862	2888181473	3f2c2627
42	7	863	1278525912	3e986984
42	7	864	1610579746	3ebffefe
42	7	865	4240789594	3f7cc550
42	7	866	2424973482	3f108a29
42	7	867	4049266827	3f715ae9
42	7	868	739955251	3e306b49
42	7	869	2176023919	3f01b37d
42	7	870	1435005485	3eab10e4
42	7	871	3718203403	3f5d9f48
42	7	872	1226998072	3e924502
42	7	873	3234201594	3f40c600
42	7	874	2390135963	3f0e7695
42	7	875	1770526847	3ed31031
42	7	876	1810633589	3ed7d827
42	7	877	1398792755	3ea6bfc4
42	7	878	2751868355	3f24062e
42	7	879	2960236570	3f3071a0
42	7	880	2015023910	3ef035a6
42	7	881	793668069	3e3d39a8
42	7	882	1561090039	3eba18b0
42	7	883	2668172597	3f1f0915
42	7	884	320447403	3d98cd1d
42	7	885	268537580	3d800c77
42	7	886	1405039558	3ea77e68
42	7	887	517878094	3df6f18a
42	7	888	14934391	3b63e178
42	7	889	2949385481	3f2fcc0d
42	7	890	3894327424	3f681eb8
42	7	891	2508193242	3f157ffe
42	7	892	3495263311	3f50557c
42	7	893	1644938919	3ec4178d
42	7	894	2769832944	3f25184c
42	7	895	675683399	3e211871
42	7	896	2923428362	3f2e3ffa
42	7	897	479426621	3de49bc2
42	7	898	3331284262	3f468f5d
42	7	899	629635294	3e161de3
42	7	900	2639360831	3f1d5173
42	7	901	2869940813	3f2b0fd2
42	7	902	3084737319	3f37dd5b
42	7	903	2186213524	3f024ef9
42	7	904	2253786096	3f06560c
42	7	905	3901552057	3f688cf6
42	7	906	373986968	3db254b5
42	7	907	4138202619	3f76a7f6
42	7	908	3005186088	3f331f80
42	7	909	1771809694	3ed33757
42	7	910	2709057039	3f2178ee
42	7	911	670094724	3e1fc356
42	7	912	1143257775	3e884975
42	7	913	2687737640	3f20339f
42	7	914	3727129890	3f5e277d
42	7	915	2831802393	3f28c9e0
42	7	916	11941416	3b363628
42	7	917	1420492730	3ea955ff
42	7	918	614523245	3e128386
42	7	919	2115651953	3efc3493
42	7	920	4085442309	3f7382e7
42	7	921	3604523096	3f56d8a8
42	7	922	1204898957	3e8fa299
42	7	923	362004845	3dac9e0b
42	7	924	4202080532	3f7a76a9
42	7	925	637970800	3e181aa6
42	7	926	4218618141	3f7b7301
42	7	927	2938934486	3f2f2c95
42	7	928	443015835	3dd33f15
42	7	929	685784175	3e2380f2
42	7	930	2226327369	3f04b30f
42	7	931	772992675	3e384bbb
42	7	932	452629720	3dd7d4a7
42	7	933	438647213	3dd129cd
42	7	934	3764502105	3f6061be
42	7	935	2046794081	3ef3ff33
42	7	936	1006985612	3e701586
42	7	937	708950119	3e2906e2
42	7	938	596997794	3e0e55db
42	7	939	2323171167	3f0a78c7
42	7	940	628226218	3e15c7e3
42	7	941	4123661065	3f75ca13
42	7	942	4077856681	3f730f28
42	7	943	1991192907	3eed5e63
42	7	944	3922202241	3f69c80f
42	7	945	1309689264	3e9c208b
42	7	946	4060336252	3f7203d0
42	7	947	2318105607	3f0a2b7c
42	7	948	738770379	3e3022f7
42	7	949	4293302560	3f7fe699
42	7	950	4103029189	3f748f42
42	7	951	3696239233	3f5c5023
42	7	952	442744279	3dd31def
42	7	953	3642570113	3f591d36
42	7	954	3680479501	3f5b5fa9
42	7	955	2420679251	3f1048a2
42	7	956	1340925162	3e9fd9ca
42	7	957	2725255252	3f227018
42	7	958	972250067	3e67cd6f
42	7	959	549778036	3e0313ca
42	7	960	84932837	3ca1ff1d
42	7	961	1443943360	3eac21a8
42	7	962	197662947	3d3c818e
42	7	963	2321372945	3f0a5d57
42	7	964	2907421440	3f2d4bbb
42	7	965	1910068698	3ee3b2ac
42	7	966	2669927535	3f1f23dc
42	7	967	881947514	3e5245ce
42	7	968	4047302550	3f713cf0
42	7	969	2649404079	3f1deab3
42	7	970	134342168	3d001e62
42	7	971	1913995549	3ee42a82
42	7	972	3228384933	3f406d3f
42	7	973	1028912460	3e754fd5
42	7	974	2262847208	3f06e04f
42	7	975	4293175005	3f7fe4a7
42	7	976	1428437442	3eaa4874
42	7	977	2788826589	3f263a1e
42	7	978	1901925694	3ee2ba2a
42	7	979	3362821428	3f487095
42	7	980	3180249644	3f3d8ec2
42	7	981	344181270	3da41e51
42	7	982	804059274	3e3fb3e2
42	7	983	585724197	3e0ba5c5
42	7	984	3522766347	3f51f926
42	7	985	1265657119	3e96e0ca
42	7	986	925141711	3e5c922b
42	7	987	1140590044	3e87f80c
42	7	988	2967080892	3f30da10
42	7	989	375545007	3db312e5
42	7	990	769014581	3e3758ed
42	7	991	2887927443	3f2c2247
42	7	992	983984249	3e6a99a2
42	7	993	1412583335	3ea8649f
42	7	994	2947570830	3f2fb05d
42	7	995	2590949504	3f1a6ec0
42	7	996	1773961696	3ed37904
42	7	997	1350982723	3ea10cb9
42	7	998	1728427857	3ece0b6f
42	7	999	1869865840	3edee7c7
42	7	1000	1074620661	3e801ad2
42	7	1001	549601262	3e030900
42	7	1002	663371776	3e1e2900
42	7	1003	1265438775	3e96da20
42	7	1004	2584825643	3f1a114f
42	7	1005	762957761	3e35e73f
42	7	1006	800549122	3e3edda4
42	7	1007	1350173289	3ea0f405
42	7	1008	1467959297	3eaefe90
42	7	1009	502511741	3def9dc4
42	7	1010	2455707121	3f125f1e
42	7	1011	3770036942	3f60b633
42	7	1012	3387681045	3f49ebe9
42	7	1013	1182996858	3e8d0633
42	7	1014	3812134830	3f633890
42	7	1015	3074975450	3f374867
42	7	1016	1500137206	3eb2d48e
42	7	1017	4026646155	3f7001bf
42	7	1018	995855384	3e6d6e30
42	7	1019	280274832	3d85a53c
42	7	1020	2411251694	3f0fb8c8
42	7	1021	1386853109	3ea55366
42	7	1022	3316361116	3f45aba8
42	7	1023	3054373917	3f360e0c
16045690984503111693	3	0	4161790554	3f780fe2
16045690984503111693	3	1	4271150030	3f7e9494
16045690984503111693	3	2	583588182	3e0b2365
16045690984503111693	3	3	2838169066	3f292b06
16045690984503111693	3	4	2754299035	3f242b45
16045690984503111693	3	5	3036050238	3f34f673
16045690984503111693	3	6	2555279484	3f184e78
16045690984503111693	3	7	353448348	3da8898d
16045690984503111693	3	8	2993737744	3f3270d0
16045690984503111693	3	9	25293629	3bc0f99e
16045690984503111693	3	10	1767355912	3ed2af6c
16045690984503111693	3	11	2691808210	3f2071bc
16045690984503111693	3	12	1366731408	3ea2ed55
16045690984503111693	3	13	492565237	3deadf98
16045690984503111693	3	14	2939108840	3f2f2f3e
16045690984503111693	3	15	2167859864	3f0136eb
16045690984503111693	3	16	3217011868	3f3fbfb5
16045690984503111693	3	17	187927770	3d3338ce
16045690984503111693	3	18	986049406	3e6b17ae
16045690984503111693	3	19	1040109767	3e77fb43
16045690984503111693	3	20	2851759072	3f29fa64
16045690984503111693	3	21	2297750404	3f08f4e4
16045690984503111693	3	22	4109043443	3f74eb07
16045690984503111693	3	23	4061838067	3f721abb
16045690984503111693	3	24	636685992	3e17cc3b
16045690984503111693	3	25	2076007328	3ef77ab7
16045690984503111693	3	26	1850968644	3edca715
16045690984503111693	3	27	571240867	3e0831c7
16045690984503111693	3	28	1059018938	3e7c7d63
16045690984503111693	3	29	1333766945	3e9eff56
16045690984503111693	3	30	3461563045	3f4e5343
16045690984503111693	3	31	2295938278	3f08d93d
16045690984503111693	3	32	488358384	3de8de10
16045690984503111693	3	33	2841354814	3f295ba2
16045690984503111693	3	34	3535002441	3f52b3db
16045690984503111693	3	35	2766596684	3f24e6ea
16045690984503111693	3	36	3637003284	3f58c844
16045690984503111693	3	37	1043471983	3e78c87a
16045690984503111693	3	38	1693874239	3ec9ecf0
16045690984503111693	3	39	454176018	3dd89169
16045690984503111693	3	40	157840895	3d168760
16045690984503111693	3	41	3076401834	3f375e2b
16045690984503111693	3	42	2633086412	3f1cf1b6
16045690984503111693	3	43	3285612786	3f43d679
16045690984503111693	3	44	255671765	3d73d3dd
16045690984503111693	3	45	3525108622	3f521ce4
16045690984503111693	3	46	1664946827	3ec67a25
16045690984503111693	3	47	3139170346	3f3b1bf0
16045690984503111693	3	48	127238574	3cf2b036
16045690984503111693	3	49	1161596998	3e8a7921
16045690984503111693	3	50	100347383	3cbf65bf
16045690984503111693	3	51	3954317850	3f6bb21a
16045690984503111693	3	52	740647681	3e30958c
16045690984503111693	3	53	2756009905	3f244560
16045690984503111693	3	54	2221296923	3f04664d
16045690984503111693	3	55	2816555712	3f27e13b
16045690984503111693	3	56	1816674340	3ed89080
16045690984503111693	3	57	262584441	3d7a6b88
16045690984503111693	3	58	1619875934	3ec11ab1
16045690984503111693	3	59	3928978159	3f6a2f73
16045690984503111693	3	60	203448960	3d420628
16045690984503111693	3	61	1715686036	3ecc8695
16045690984503111693	3	62	1180349086	3e8cb565
16045690984503111693	3	63	3066508006	3f36c733
16045690984503111693	3	64	4226515059	3f7beb80
16045690984503111693	3	65	2153114671	3f0055ec
16045690984503111693	3	66	2393472111	3f0ea97c
16045690984503111693	3	67	298936708	3d8e8b4c
16045690984503111693	3	68	1746364628	3ed02ed2
16045690984503111693	3	69	4155553556	3f77b0b7
16045690984503111693	3	70	21631995	3ba509fe
16045690984503111693	3	71	2227060862	3f04be40
16045690984503111693	3	72	2027647745	3ef1b6e6
16045690984503111693	3	73	885069592	3e53045c
16045690984503111693	3	74	295297988	3d8ccf1e
16045690984503111693	3	75	3465655489	3f4e91b5
16045690984503111693	3	76	524939159	3dfa4f7d
16045690984503111693	3	77	3259398061	3f424678
16045690984503111693	3	78	3110898639	3f396c8c
16045690984503111693	3	79	2942407572	3f2f6194
16045690984503111693	3	80	1993395111	3eeda197
16045690984503111693	3	81	2193887547	3f02c411
16045690984503111693	3	82	505494611	3df109e3
16045690984503111693	3	83	3267358033	3f42bfed
16045690984503111693	3	84	2563426413	3f18cac8
16045690984503111693	3	85	4235539598	3f7c7535
16045690984503111693	3	86	3093778596	3f386751
16045690984503111693	3	87	1146221596	3e88a3e8
16045690984503111693	3	88	358666345	3dab0683
16045690984503111693	3	89	2721998967	3f223e68
16045690984503111693	3	90	1957920110	3ee966fb
16045690984503111693	3	91	614266498	3e1273da
16045690984503111693	3	92	185456164	3d30dd62
16045690984503111693	3	93	1895929494	3ee2032d
16045690984503111693	3	94	359616469	3dab7a7f
16045690984503111693	3	95	3893847483	3f681766
16045690984503111693	3	96	1696870537	3eca4861
16045690984503111693	3	97	1742665234	3ecfbdec
16045690984503111693	3	98	3220223277	3f3ff0b5
16045690984503111693	3	99	241959220	3d66c013
16045690984503111693	3	100	854616627	3e4bc1a9
16045690984503111693	3	101	4162587253	3f781c0a
16045690984503111693	3	102	2675734398	3f1f7c77
16045690984503111693	3	103	954829754	3e63a62f
16045690984503111693	3	104	34099297	3c021418
16045690984503111693	3	105	4248136828	3f7d356c
16045690984503111693	3	106	2662194350	3f1eaddd
16045690984503111693	3	107	2798149621	3f26c860
16045690984503111693	3	108	2613880582	3f1bcca7
16045690984503111693	3	109	3998618750	3f6e5614
16045690984503111693	3	110	1723185453	3ecd6b72
16045690984503111693	3	111	3721605015	3f5dd330
16045690984503111693	3	112	3117673441	3f39d3ec
16045690984503111693	3	113	801848412	3e3f2cf1
16045690984503111693	3	114	4192792873	3f79e8f1
16045690984503111693	3	115	2373134406	3f0d7328
16045690984503111693	3	116	2889967836	3f2c4169
16045690984503111693	3	117	1863821070	3ede2f4e
16045690984503111693	3	118	503652227	3df028fc
16045690984503111693	3	119	2218223442	3f043767
16045690984503111693	3	120	220315071	3d521bdc
16045690984503111693	3	121	4210995728	3f7afeb2
16045690984503111693	3	122	2115910911	3efc3c7a
16045690984503111693	3	123	3570152470	3f54cc34
16045690984503111693	3	124	2313692037	3f09e824
16045690984503111693	3	125	3291330042	3f442db6
16045690984503111693	3	126	4195760168	3f7a1638
16045690984503111693	3	127	4284006757	3f7f58c1
16045690984503111693	3	128	3180819664	3f3d9775
16045690984503111693	3	129	859711932	3e4cf8a7
16045690984503111693	3	130	2249556710	3f061583
16045690984503111693	3	131	2675542771	3f1f798b
16045690984503111693	3	132	682440070	3e22b4d6
16045690984503111693	3	133	899336669	3e566b27
16045690984503111693	3	134	3128767886	3f3a7d36
16045690984503111693	3	135	3579736830	3f555e73
16045690984503111693	3	136	1866132422	3ede75d8
16045690984503111693	3	137	612257731	3e11f93f
16045690984503111693	3	138	688260669	3e241819
16045690984503111693	3	139	810492268	3e413c86
16045690984503111693	3	140	3679030368	3f5b498c
16045690984503111693	3	141	1609129274	3ebfd2ba
16045690984503111693	3	142	4288789740	3f7fa1bd
16045690984503111693	3	143	1487339894	3eb14e03
16045690984503111693	3	144	2506658201	3f156892
16045690984503111693	3	145	608359329	3e110b4f
16045690984503111693	3	146	123757101	3cec0c46
16045690984503111693	3	147	408279375	3dc2aeca
16045690984503111693	3	148	422299545	3dc95e3d
16045690984503111693	3	149	297813543	3d8e0231
16045690984503111693	3	150	4215351	3a80a46f
16045690984503111693	3	151	2378277309	3f0dc1a2
16045690984503111693	3	152	4203988844	3f7a93c7
16045690984503111693	3	153	2300383123	3f091d10
16045690984503111693	3	154	3147609637	3f3b9cb6
16045690984503111693	3	155	2307529007	3f098a19
16045690984503111693	3	156	2932600050	3f2ecbed
16045690984503111693	3	157	358099144	3daac146
16045690984503111693	3	158	1829070814	3eda0ad0
16045690984503111693	3	159	1156642242	3e89e1ec
16045690984503111693	3	160	3571066103	3f54da25
16045690984503111693	3	161	3003800073	3f330a5a
16045690984503111693	3	162	1919528218	3ee4d35a
16045690984503111693	3	163	1149716983	3e890e94
16045690984503111693	3	164	2115107004	3efc23f1
16045690984503111693	3	165	1734378333	3ecec107
16045690984503111693	3	166	3231485103	3f409c8d
16045690984503111693	3	167	2236454130	3f054d95
16045690984503111693	3	168	1205214847	3e8fac3d
16045690984503111693	3	169	838839228	3e47feaf
16045690984503111693	3	170	900513836	3e56b301
16045690984503111693	3	171	1819631150	3ed8eabc
16045690984503111693	3	172	1113370073	3e84b95c
16045690984503111693	3	173	2851514442	3f29f6a8
16045690984503111693	3	174	214234233	3d4c4f48
16045690984503111693	3	175	2076376028	3ef785f8
16045690984503111693	3	176	4293151821	3f7fe44c
16045690984503111693	3	177	2560562674	3f189f16
16045690984503111693	3	178	889473336	3e541125
16045690984503111693	3	179	3191744380	3f3e3e27
16045690984503111693	3	180	313328564	3d95681e
16045690984503111693	3	181	3924407585	3f69e9b5
16045690984503111693	3	182	3347545126	3f47877c
16045690984503111693	3	183	922719248	3e5bfe50
16045690984503111693	3	184	1616288197	3ec0ad34
16045690984503111693	3	185	3616112608	3f578980
16045690984503111693	3	186	1040896169	3e782b43
16045690984503111693	3	187	2358493018	3f0c93bf
16045690984503111693	3	188	323562479	3d9a495f
16045690984503111693	3	189	178088336	3d29d699
16045690984503111693	3	190	742389630	3e30ffde
16045690984503111693	3	191	1954530411	3ee8ff89
16045690984503111693	3	192	4103541179	3f749712
16045690984503111693	3	193	4213344641	3f7b228a
16045690984503111693	3	194	1379292588	3ea46cab
16045690984503111693	3	195	1750960553	3ed0bb13
16045690984503111693	3	196	2939243976	3f2f314e
16045690984503111693	3	197	3076083670	3f375950
16045690984503111693	3	198	2456239580	3f12673e
16045690984503111693	3	199	1449264133	3eacc408
16045690984503111693	3	200	2387423976	3f0e4d33
16045690984503111693	3	201	2182106622	3f02104e
16045690984503111693	3	202	3356616883	3f4811e9
16045690984503111693	3	203	2527693147	3f16a989
16045690984503111693	3	204	2454808052	3f125166
16045690984503111693	3	205	851541755	3e4b05fc
16045690984503111693	3	206	3113415733	3f3992f4
16045690984503111693	3	207	3649096377	3f5980cb
16045690984503111693	3	208	2431256203	3f10ea07
16045690984503111693	3	209	1237137596	3e937a71
16045690984503111693	3	210	2522257383	3f165698
16045690984503111693	3	211	379301718	3db4dd7b
16045690984503111693	3	212	1789072898	3ed5462c
16045690984503111693	3	213	1261132928	3e9656b9
16045690984503111693	3	214	603531797	3e0fe4a8
16045690984503111693	3	215	2302049926	3f09367f
16045690984503111693	3	216	3107422671	3f393782
16045690984503111693	3	217	1910865863	3ee3cb00
16045690984503111693	3	218	3440637080	3f4d13f5
16045690984503111693	3	219	1724551357	3ecd9521
16045690984503111693	3	220	684004897	3e231459
16045690984503111693	3	221	2204145034	3f036096
16045690984503111693	3	222	2728507149	3f22a1b7
16045690984503111693	3	223	180619939	3d2c40aa
16045690984503111693	3	224	2492316271	3f148dba
16045690984503111693	3	225	2666778970	3f1ef3d1
16045690984503111693	3	226	1741379060	3ecf96ac
16045690984503111693	3	227	3266670301	3f42b56f
16045690984503111693	3	228	7779930	3aed6cb5
16045690984503111693	3	229	3886997229	3f67aedf
16045690984503111693	3	230	1420677492	3ea95ba3
16045690984503111693	3	231	1799824987	3ed68e4d
16045690984503111693	3	232	1654973721	3ec549ca
16045690984503111693	3	233	3750598095	3f5f8d96
16045690984503111693	3	234	3183684885	3f3dc32d
16045690984503111693	3	235	2975178107	3f31559d
16045690984503111693	3	236	4132422780	3f764fc4
16045690984503111693	3	237	3429098598	3f4c63e4
16045690984503111693	3	238	965082935	3e6617fd
16045690984503111693	3	239	1259596113	3e9627d3
16045690984503111693	3	240	2299005347	3f09080a
16045690984503111693	3	241	783373422	3e3ac552
16045690984503111693	3	242	742377201	3e30ff1c
16045690984503111693	3	243	2185463521	3f024387
16045690984503111693	3	244	720611205	3e2bce9e
16045690984503111693	3	245	1370309283	3ea35a85
16045690984503111693	3	246	134740547	3d007fa4
16045690984503111693	3	247	3846491188	3f6544cc
16045690984503111693	3	248	1296359109	3e9a89be
16045690984503111693	3	249	3900826057	3f6881e2
16045690984503111693	3	250	3921957104	3f69c451
16045690984503111693	3	251	3793187651	3f621773
16045690984503111693	3	252	3816731937	3f637eb5
16045690984503111693	3	253	826968650	3e452a29
16045690984503111693	3	254	954490140	3e639174
16045690984503111693	3	255	2227513682	3f04c529
16045690984503111693	3	256	3690493916	3f5bf878
16045690984503111693	3	257	149386083	3d0e7736
16045690984503111693	3	258	3870660227	3f66b597
16045690984503111693	3	259	4130471881	3f763200
16045690984503111693	3	260	1406990330	3ea7b9f0
16045690984503111693	3	261	619276646	3e13a5a6
16045690984503111693	3	262	3476828990	3f4f3c33
16045690984503111693	3	263	139807474	3d0554af
16045690984503111693	3	264	2594452285	3f1aa433
16045690984503111693	3	265	2859656819	3f2a72e6
16045690984503111693	3	266	1187176676	3e8d85c2
16045690984503111693	3	267	3259408335	3f4246a0
16045690984503111693	3	268	1170174182	3e8b7ee2
16045690984503111693	3	269	3536542865	3f52cb5d
16045690984503111693	3	270	3657149041	3f59fbaa
16045690984503111693	3	271	3212802094	3f3f7f78
16045690984503111693	3	272	4044221463	3f710dec
16045690984503111693	3	273	1462577878	3eae5a56
16045690984503111693	3	274	3502037745	3f50bcdb
16045690984503111693	3	275	715011377	3e2a78d5
16045690984503111693	3	276	1076042145	3e804633
16045690984503111693	3	277	1196071662	3e8e9536
16045690984503111693	3	278	2975955314	3f316179
16045690984503111693	3	279	1538638123	3eb76b82
16045690984503111693	3	280	3143192784	3f3b5951
16045690984503111693	3	281	2776541429	3f257ea9
16045690984503111693	3	282	1166022904	3e8b0032
16045690984503111693	3	283	125929522	3cf03106
16045690984503111693	3	284	4103110723	3f749080
16045690984503111693	3	285	2944598052	3f2f8300
16045690984503111693	3	286	2039665621	3ef325a8
16045690984503111693	3	287	1454479315	3ead6330
16045690984503111693	3	288	2574711005	3f1976f9
16045690984503111693	3	289	444792558	3dd417f7
16045690984503111693	3	290	2722294132	3f2242e9
16045690984503111693	3	291	4053399963	3f7199fa
16045690984503111693	3	292	1692398772	3ec9bfe9
16045690984503111693	3	293	3594348825	3f563d69
16045690984503111693	3	294	506827817	3df1aca1
16045690984503111693	3	295	3695726216	3f5c484f
16045690984503111693	3	296	646809058	3e1a3618
16045690984503111693	3	297	103556229	3cc58491
16045690984503111693	3	298	2336456452	3f0b437f
16045690984503111693	3	299	1833025870	3eda8383
16045690984503111693	3	300	2499978581	3f1502a5
16045690984503111693	3	301	2165587436	3f01143e
16045690984503111693	3	302	485438301	3de7799b
16045690984503111693	3	303	718408938	3e2b4834
16045690984503111693	3	304	3701049275	3f5c9988
16045690984503111693	3	305	3532296841	3f528a93
16045690984503111693	3	306	676139683	3e21344b
16045690984503111693	3	307	435401804	3dcf9da2
16045690984503111693	3	308	3614828703	3f5775e9
16045690984503111693	3	309	2397019391	3f0edf9d
16045690984503111693	3	310	2108326701	3efb5506
16045690984503111693	3	311	40692879	3c1b3b24
16045690984503111693	3	312	3044214400	3f357306
16045690984503111693	3	313	199944134	3d3eae7c
16045690984503111693	3	314	1340766816	3e9fd4f5
16045690984503111693	3	315	1930509383	3ee62279
16045690984503111693	3	316	3817259439	3f6386c2
16045690984503111693	3	317	3176822020	3f3d5a75
16045690984503111693	3	318	2793564246	3f268268
16045690984503111693	3	319	1818700384	3ed8ce55
16045690984503111693	3	320	3136525103	3f3af393
16045690984503111693	3	321	661402173	3e1db0c9
16045690984503111693	3	322	2213571653	3f03f06c
16045690984503111693	3	323	2217785136	3f0430b7
16045690984503111693	3	324	4036259979	3f709471
16045690984503111693	3	325	207783126	3d46284d
16045690984503111693	3	326	3799398191	3f627637
16045690984503111693	3	327	574790731	3e090a71
16045690984503111693	3	328	3842166825	3f6502d0
16045690984503111693	3	329	2808942946	3f276d11
16045690984503111693	3	330	1684309879	3ec8c90f
16045690984503111693	3	331	1727088151	3ecde28c
16045690984503111693	3	332	1274963756	3e97fcce
16045690984503111693	3	333	3582764930	3f558ca8
16045690984503111693	3	334	2675115321	3f1f7305
16045690984503111693	3	335	356478664	3da9fb76
16045690984503111693	3	336	436712135	3dd03d96
16045690984503111693	3	337	912847822	3e59a3cf
16045690984503111693	3	338	2301633650	3f093024
16045690984503111693	3	339	498016258	3ded7900
16045690984503111693	3	340	1977169703	3eebb26e
16045690984503111693	3	341	2819709504	3f28115a
16045690984503111693	3	342	2842355830	3f296ae8
16045690984503111693	3	343	3844666703	3f6528f5
16045690984503111693	3	344	3730145643	3f5e5581
16045690984503111693	3	345	1178954369	3e8c8ad5
16045690984503111693	3	346	624347626	3e14db28
16045690984503111693	3	347	1317408919	3e9d0c21
16045690984503111693	3	348	2678026087	3f1f9f6f
16045690984503111693	3	349	2093401441	3ef98d8b
16045690984503111693	3	350	2016652323	3ef06758
16045690984503111693	3	351	1062620680	3e7d5938
16045690984503111693	3	352	992317563	3e6c9642
16045690984503111693	3	353	2366653071	3f0d1043
16045690984503111693	3	354	1108692806	3e842a9f
16045690984503111693	3	355	827334087	3e454077
16045690984503111693	3	356	1758663736	3ed1a628
16045690984503111693	3	357	2010367038	3eefa788
16045690984503111693	3	358	3581129937	3f5573b5
16045690984503111693	3	359	871800587	3e4fda7c
16045690984503111693	3	360	1828784724	3eda0215
16045690984503111693	3	361	2461601806	3f12b910
16045690984503111693	3	362	4180405857	3f792bee
16045690984503111693	3	363	1636357923	3ec311ae
16045690984503111693	3	364	3739117936	3f5ede69
16045690984503111693	3	365	1992838164	3eed9098
16045690984503111693	3	366	3360458072	3f484c85
16045690984503111693	3	367	3154266875	3f3c024b
16045690984503111693	3	368	1125537735	3e862cb0
16045690984503111693	3	369	1718163075	3eccd22d
16045690984503111693	3	370	1488000687	3eb1622d
16045690984503111693	3	371	3941478108	3f6aee2f
16045690984503111693	3	372	2048406959	3ef4306b
16045690984503111693	3	373	1399708240	3ea6dbb5
16045690984503111693	3	374	108560084	3ccf0fda
16045690984503111693	3	375	3309400647	3f454172
16045690984503111693	3	376	3634110164	3f589c1f
16045690984503111693	3	377	3245266454	3f416ed6
16045690984503111693	3	378	2842198211	3f296881
16045690984503111693	3	379	2056718513	3ef52e11
16045690984503111693	3	380	978757047	3e695a97
16045690984503111693	3	381	1545717817	3eb84390
16045690984503111693	3	382	914238301	3e59f8ad
16045690984503111693	3	383	1100765833	3e8338b5
16045690984503111693	3	384	3408032320	3f4b2272
16045690984503111693	3	385	949517794	3e6261f8
16045690984503111693	3	386	3614273199	3f576d6f
16045690984503111693	3	387	3804638180	3f62c62c
16045690984503111693	3	388	1213016312	3e909a52
16045690984503111693	3	389	4195959983	3f7a1945
16045690984503111693	3	390	3868796876	3f669928
16045690984503111693	3	391	1289488635	3e99b812
16045690984503111693	3	392	3513857738	3f517137
16045690984503111693	3	393	2634726900	3f1d0abe
16045690984503111693	3	394	713322346	3e2a11be
16045690984503111693	3	395	2355991496	3f0c6d94
16045690984503111693	3	396	2554998657	3f184a30
16045690984503111693	3	397	8220826	3afae135
16045690984503111693	3	398	421901751	3dc92dae
16045690984503111693	3	399	755313000	3e3414a6
16045690984503111693	3	400	1101730664	3e835627
16045690984503111693	3	401	1111440363	3e847e78
16045690984503111693	3	402	144862763	3d0a26e3
16045690984503111693	3	403	4226247211	3f7be76a
16045690984503111693	3	404	874678408	3e508a22
16045690984503111693	3	405	2297450121	3f08f04f
16045690984503111693	3	406	1191918365	3e8e1676
16045690984503111693	3	407	2799481405	3f26dcb2
16045690984503111693	3	408	4201058421	3f7a6710
16045690984503111693	3	409	4213863541	3f7b2a74
16045690984503111693	3	410	3188863780	3f3e1233
16045690984503111693	3	411	3071017871	3f370c04
16045690984503111693	3	412	3361781554	3f4860b7
16045690984503111693	3	413	2301216167	3f0929c6
16045690984503111693	3	414	4113637952	3f753122
16045690984503111693	3	415	3712351297	3f5d45fc
16045690984503111693	3	416	2084340286	3ef87904
16045690984503111693	3	417	950408818	3e62985a
16045690984503111693	3	418	2921975932	3f2e29d0
16045690984503111693	3	419	330666067	3d9dac83
16045690984503111693	3	420	4022058363	3f6fbbbd
16045690984503111693	3	421	1196306211	3e8e9c5e
16045690984503111693	3	422	1727177916	3ecde549
16045690984503111693	3	423	382553297	3db66a67
16045690984503111693	3	424	2849033043	3f29d0cb
16045690984503111693	3	425	3212270432	3f3f775b
16045690984503111693	3	426	3039027911	3f3523e3
16045690984503111693	3	427	3538752199	3f52ed13
16045690984503111693	3	428	2836473389	3f291126
16045690984503111693	3	429	4196855149	3f7a26ed
16045690984503111693	3	430	1192728485	3e8e2f2f
16045690984503111693	3	431	341112168	3da2a7ab
16045690984503111693	3	432	4165892451	3f784e79
16045690984503111693	3	433	2613727179	3f1bca50
16045690984503111693	3	434	138464203	3d040cbd
16045690984503111693	3	435	3839831654	3f64df2e
16045690984503111693	3	436	2025545851	3ef176c1
16045690984503111693	3	437	948287669	3e6216e3
16045690984503111693	3	438	2466062689	3f12fd21
16045690984503111693	3	439	3263276361	3f4281a5
16045690984503111693	3	440	46902462	3c32eb30
16045690984503111693	3	441	2184417263	3f023390
16045690984503111693	3	442	58285391	3c5e5754
16045690984503111693	3	443	3995412725	3f6e2529
16045690984503111693	3	444	2263805925	3f06eef0
16045690984503111693	3	445	122918155	3cea72a1
16045690984503111693	3	446	2655328464	3f1e4519
16045690984503111693	3	447	2393832817	3f0eaefd
16045690984503111693	3	448	354959015	3da941f5
16045690984503111693	3	449	3537508301	3f52da18
16045690984503111693	3	450	2311620372	3f09c887
16045690984503111693	3	451	327921207	3d9c5d72
16045690984503111693	3	452	3481111955	3f4f7d8e
16045690984503111693	3	453	2432996808	3f110496
16045690984503111693	3	454	2961770661	3f308909
16045690984503111693	3	455	2814127916	3f27bc2f
16045690984503111693	3	456	1740373809	3ecf77fe
16045690984503111693	3	457	3595957132	3f5655f4
16045690984503111693	3	458	342328887	3da33c32
16045690984503111693	3	459	260931796	3d78d80d
16045690984503111693	3	460	2263121826	3f06e480
16045690984503111693	3	461	4107506334	3f74d393
16045690984503111693	3	462	298866441	3d8e82b8
16045690984503111693	3	463	1911200616	3ee3d537
16045690984503111693	3	464	890205477	3e543dd5
16045690984503111693	3	465	4218492587	3f7b7117
16045690984503111693	3	466	2278101688	3f07c913
16045690984503111693	3	467	1133507960	3e871feb
16045690984503111693	3	468	3694121429	3f5c2fd2
16045690984503111693	3	469	561885668	3e05f6c8
16045690984503111693	3	470	3826828434	3f6418c5
16045690984503111693	3	471	701467948	3e273e35
16045690984503111693	3	472	3527345670	3f523f06
16045690984503111693	3	473	3656770320	3f59f5e3
16045690984503111693	3	474	4038462636	3f70b60d
16045690984503111693	3	475	198376310	3d3d2fb7
16045690984503111693	3	476	584571180	3e0b5f65
16045690984503111693	3	477	876587762	3e50feac
16045690984503111693	3	478	3531621352	3f528044
16045690984503111693	3	479	821684399	3e43e7a3
16045690984503111693	3	480	1433007566	3eaad3ec
16045690984503111693	3	481	246239833	3d6ad526
16045690984503111693	3	482	3702375031	3f5cadc2
16045690984503111693	3	483	2933815756	3f2ede7a
16045690984503111693	3	484	1889101128	3ee132cb
16045690984503111693	3	485	665660614	3e1eb4b3
16045690984503111693	3	486	3086440794	3f37f759
16045690984503111693	3	487	1734415787	3ecec22b
16045690984503111693	3	488	1788983704	3ed54373
16045690984503111693	3	489	1765708006	3ed27d22
16045690984503111693	3	490	1694867535	3eca0b41
16045690984503111693	3	491	1906581149	3ee3483d
16045690984503111693	3	492	4152450850	3f77815f
16045690984503111693	3	493	2235686657	3f0541df
16045690984503111693	3	494	3460276813	3f4e3fa2
16045690984503111693	3	495	117322562	3cdfc668
16045690984503111693	3	496	1216251676	3e90fd0e
16045690984503111693	3	497	108868300	3ccfa65a
16045690984503111693	3	498	4179466087	3f791d97
16045690984503111693	3	499	1638246476	3ec34b51
16045690984503111693	3	500	192297589	3d3763a7
16045690984503111693	3	501	3691649671	3f5c0a1b
16045690984503111693	3	502	464761280	3ddd9d8e
16045690984503111693	3	503	1934835057	3ee6a67b
16045690984503111693	3	504	3322632242	3f460b58
16045690984503111693	3	505	2066997124	3ef667bf
16045690984503111693	3	506	4110383076	3f74ff78
16045690984503111693	3	507	1751578737	3ed0cdf1
16045690984503111693	3	508	1064296307	3e7dbf7e
16045690984503111693	3	509	1598664598	3ebe935f
16045690984503111693	3	510	2355210923	3f0c61ab
16045690984503111693	3	511	4221855324	3f7ba466
16045690984503111693	3	512	3342136879	3f4734f6
16045690984503111693	3	513	2210167628	3f03bc7b
16045690984503111693	3	514	3881968315	3f676223
16045690984503111693	3	515	87422546	3ca6beca
16045690984503111693	3	516	527692750	3dfb9f9e
16045690984503111693	3	517	2146285545	3effdb70
16045690984503111693	3	518	438223174	3dd0f60a
16045690984503111693	3	519	2095610776	3ef9d0f7
16045690984503111693	3	520	3162896874	3f3c85fa
16045690984503111693	3	521	1520946053	3eb54f97
16045690984503111693	3	522	1958539728	3ee979e4
16045690984503111693	3	523	528163205	3dfbd90c
16045690984503111693	3	524	3352880488	3f47d8e5
16045690984503111693	3	525	3849568889	3f6573c2
16045690984503111693	3	526	1671034306	3ec733ec
16045690984503111693	3	527	3966269740	3f6c6879
16045690984503111693	3	528	92258608	3caff826
16045690984503111693	3	529	3440682532	3f4d14a6
16045690984503111693	3	530	2222750061	3f047c79
16045690984503111693	3	531	699112527	3e26ae71
16045690984503111693	3	532	1313933149	3e9ca20f
16045690984503111693	3	533	1689741500	3ec96ed1
16045690984503111693	3	534	1356005663	3ea1a602
16045690984503111693	3	535	596746005	3e0e467c
16045690984503111693	3	536	2437537172	3f1149de
16045690984503111693	3	537	3829400848	3f644005
16045690984503111693	3	538	1384397538	3ea50876
16045690984503111693	3	539	939896932	3e6016c2
16045690984503111693	3	540	1415532637	3ea8bea1
16045690984503111693	3	541	1349752971	3ea0e731
16045690984503111693	3	542	3264122463	3f428e8e
16045690984503111693	3	543	2388621214	3f0e5f78
16045690984503111693	3	544	2155039275	3f00734a
16045690984503111693	3	545	1255057363	3e959d50
16045690984503111693	3	546	2865236830	3f2ac80b
16045690984503111693	3	547	1073721534	3e7ffec3
16045690984503111693	3	548	1527823964	3eb6217d
16045690984503111693	3	549	1941276126	3ee76b0c
16045690984503111693	3	550	789166346	3e3c26e4
16045690984503111693	3	551	2432547088	3f10fdb9
16045690984503111693	3	552	1560898215	3eba12d5
16045690984503111693	3	553	2943322988	3f2f6f8b
16045690984503111693	3	554	1415298363	3ea8b77a
16045690984503111693	3	555	3822393429	3f63d518
16045690984503111693	3	556	3347912486	3f478d17
16045690984503111693	3	557	1612739653	3ec040e9
16045690984503111693	3	558	3310567952	3f455342
16045690984503111693	3	559	2723555988	3f22562b
16045690984503111693	3	560	1499963212	3eb2cf3f
16045690984503111693	3	561	2779352311	3f25a98d
16045690984503111693	3	562	3599578001	3f568d34
16045690984503111693	3	563	475536976	3de2c0f2
16045690984503111693	3	564	1443715686	3eac1ab5
16045690984503111693	3	565	3254043378	3f41f4c3
16045690984503111693	3	566	798481051	3e3e5f6a
16045690984503111693	3	567	1200355252	3e8f17ef
16045690984503111693	3	568	3408983468	3f4b30f6
16045690984503111693	3	569	187388069	3d32b50a
16045690984503111693	3	570	2650705405	3f1dfe8e
16045690984503111693	3	571	3240524710	3f41267c
16045690984503111693	3	572	2783408450	3f25e771
16045690984503111693	3	573	2235287040	3f053bc6
16045690984503111693	3	574	3741207485	3f5efe4c
16045690984503111693	3	575	2817702561	3f27f2bb
16045690984503111693	3	576	3149592608	3f3bbaf8
16045690984503111693	3	577	3486522468	3f4fd01c
16045690984503111693	3	578	2247444359	3f05f548
16045690984503111693	3	579	2518267908	3f1619b8
16045690984503111693	3	580	1248660266	3e94da16
16045690984503111693	3	581	91616549	3caebea5
16045690984503111693	3	582	628256896	3e15c9c2
16045690984503111693	3	583	119172069	3ce34d7d
16045690984503111693	3	584	3813899000	3f63537b
16045690984503111693	3	585	2444452940	3f11b364
16045690984503111693	3	586	2431865514	3f10f353
16045690984503111693	3	587	1848969515	3edc6a12
16045690984503111693	3	588	2875616924	3f2b666f
16045690984503111693	3	589	3746118855	3f5f493d
16045690984503111693	3	590	2540549566	3f176db6
16045690984503111693	3	591	1585346831	3ebcfcf2
16045690984503111693	3	592	2712587909	3f21aecf
16045690984503111693	3	593	503479908	3df013f3
16045690984503111693	3	594	2200983550	3f033058
16045690984503111693	3	595	2871482231	3f2b2757
16045690984503111693	3	596	1857171609	3edd6461
16045690984503111693	3	597	395632512	3dbca6fc
16045690984503111693	3	598	2420749411	3f1049b4
16045690984503111693	3	599	3376601747	3f4942db
16045690984503111693	3	600	3680969372	3f5b6723
16045690984503111693	3	601	3708487667	3f5d0b08
16045690984503111693	3	602	1079750796	3e80b761
16045690984503111693	3	603	1732052975	3ece7a10
16045690984503111693	3	604	2829796238	3f28ab44
16045690984503111693	3	605	1538878680	3eb772da
16045690984503111693	3	606	4116605430	3f755e6a
16045690984503111693	3	607	2143117657	3eff7ac3
16045690984503111693	3	608	2812596126	3f27a4d0
16045690984503111693	3	609	2423698671	3f1076b5
16045690984503111693	3	610	2588016140	3f1a41fe
16045690984503111693	3	611	2787376151	3f2623fc
16045690984503111693	3	612	662000257	3e1dd54a
16045690984503111693	3	613	217479313	3d4f6789
16045690984503111693	3	614	2889607044	3f2c3be8
16045690984503111693	3	615	499876045	3dee5c06
16045690984503111693	3	616	1564557010	3eba827e
16045690984503111693	3	617	2184111659	3f022ee6
16045690984503111693	3	618	1741556060	3ecf9c13
16045690984503111693	3	619	1628415944	3ec21f50
16045690984503111693	3	620	1507303531	3eb3af41
16045690984503111693	3	621	4221925858	3f7ba57a
16045690984503111693	3	622	3303729570	3f44eaea
16045690984503111693	3	623	1323506541	3e9dc637
16045690984503111693	3	624	3268723135	3f42d4c2
16045690984503111693	3	625	2483142802	3f1401c1
16045690984503111693	3	626	1261395782	3e965ebf
16045690984503111693	3	627	3182929694	3f3db7a7
16045690984503111693	3	628	1766177839	3ed28b78
16045690984503111693	3	629	1244081650	3e944e5c
16045690984503111693	3	630	2305179791	3f096641
16045690984503111693	3	631	281301113	3d862284
16045690984503111693	3	632	2584280528	3f1a08fe
16045690984503111693	3	633	4032350714	3f7058ca
16045690984503111693	3	634	3449495568	3f4d9b20
16045690984503111693	3	635	1966655814	3eea7193
16045690984503111693	3	636	315542136	3d967654
16045690984503111693	3	637	1660379313	3ec5eec1
16045690984503111693	3	638	3545601598	3f535596
16045690984503111693	3	639	2936210140	3f2f0303
16045690984503111693	3	640	3101198735	3f38d88a
16045690984503111693	3	641	158087277	3d16c387
16045690984503111693	3	642	2485115796	3f141fdc
16045690984503111693	3	643	2411757601	3f0fc080
16045690984503111693	3	644	1084986287	3e815727
16045690984503111693	3	645	3112193362	3f39804d
16045690984503111693	3	646	429843159	3dccf717
16045690984503111693	3	647	3944039242	3f6b1543
16045690984503111693	3	648	337958095	3da126a6
16045690984503111693	3	649	3043821315	3f356d07
16045690984503111693	3	650	2000007659	3eee6b64
16045690984503111693	3	651	155749293	3d1488bb
16045690984503111693	3	652	835599186	3e4738ed
16045690984503111693	3	653	113604647	3cd8af05
16045690984503111693	3	654	4291547359	3f7fcbd1
16045690984503111693	3	655	3896479905	3f683f91
16045690984503111693	3	656	1660668577	3ec5f795
16045690984503111693	3	657	3020829395	3f340e33
16045690984503111693	3	658	3362372007	3f4869ba
16045690984503111693	3	659	3766126009	3f607a86
16045690984503111693	3	660	1737104393	3ecf1438
16045690984503111693	3	661	398922441	3dbe3896
16045690984503111693	3	662	4279980595	3f7f1b52
16045690984503111693	3	663	1226970884	3e92442e
16045690984503111693	3	664	3160279131	3f3c5e08
16045690984503111693	3	665	2766546786	3f24e627
16045690984503111693	3	666	3908036161	3f68efe6
16045690984503111693	3	667	4216443048	3f7b51d1
16045690984503111693	3	668	1824517040	3ed97fd7
16045690984503111693	3	669	800299116	3e3ece62
16045690984503111693	3	670	2118182099	3efc81ca
16045690984503111693	3	671	826943558	3e4528a1
16045690984503111693	3	672	3081154370	3f37a6af
16045690984503111693	3	673	109068380	3cd0080c
16045690984503111693	3	674	3122500048	3f3a1d92
16045690984503111693	3	675	3658193237	3f5a0b99
16045690984503111693	3	676	2540471831	3f176c86
16045690984503111693	3	677	1987166104	3eece37f
16045690984503111693	3	678	688734905	3e24350b
16045690984503111693	3	679	987679355	3e6b7b2a
16045690984503111693	3	680	3837080419	3f64b533
16045690984503111693	3	681	3517092321	3f51a292
16045690984503111693	3	682	1099047260	3e830443
16045690984503111693	3	683	4010519258	3f6f0bab
16045690984503111693	3	684	72228987	3c89c40f
16045690984503111693	3	685	2125198639	3efd57ea
16045690984503111693	3	686	3465411245	3f4e8dfb
16045690984503111693	3	687	3506296292	3f50fdd6
16045690984503111693	3	688	1871798286	3edf22c0
16045690984503111693	3	689	268751189	3d80268b
16045690984503111693	3	690	84205579	3ca09c01
16045690984503111693	3	691	605878408	3e1073e2
16045690984503111693	3	692	2116424074	3efc4c23
16045690984503111693	3	693	1904108516	3ee2fcc8
16045690984503111693	3	694	1338375919	3e9f8bfe
16045690984503111693	3	695	2406554279	3f0f711b
16045690984503111693	3	696	2105456103	3efafd6c
16045690984503111693	3	697	1383599009	3ea4f017
16045690984503111693	3	698	2744619559	3f239792
16045690984503111693	3	699	2366686515	3f0d10c5
16045690984503111693	3	700	153625937	3d128255
16045690984503111693	3	701	2128842920	3efdc721
16045690984503111693	3	702	2930250080	3f2ea811
16045690984503111693	3	703	331000975	3d9dd564
16045690984503111693	3	704	1916113139	3ee46b22
16045690984503111693	3	705	1262417946	3e967df0
16045690984503111693	3	706	605856619	3e10728e
16045690984503111693	3	707	2657073078	3f1e5fb8
16045690984503111693	3	708	1838846690	3edb3526
16045690984503111693	3	709	1880704206	3ee0328a
16045690984503111693	3	710	3074249533	3f373d53
16045690984503111693	3	711	3444558473	3f4d4fcb
16045690984503111693	3	712	2140724126	3eff31b7
16045690984503111693	3	713	1519433620	3eb5216f
16045690984503111693	3	714	91394087	3cae5205
16045690984503111693	3	715	3686094786	3f5bb558
16045690984503111693	3	716	626734452	3e156cd6
16045690984503111693	3	717	2750306656	3f23ee59
16045690984503111693	3	718	2857125397	3f2a4c46
16045690984503111693	3	719	164256232	3d1ca59e
16045690984503111693	3	720	4268336400	3f7e69a5
16045690984503111693	3	721	3900224097	3f6878b2
16045690984503111693	3	722	4032911404	3f706158
16045690984503111693	3	723	3287557631	3f43f426
16045690984503111693	3	724	2946759100	3f2fa3fa
16045690984503111693	3	725	3701816131	3f5ca53b
16045690984503111693	3	726	3835502651	3f649d20
16045690984503111693	3	727	1414686704	3ea8a4d0
16045690984503111693	3	728	3906865471	3f68de09
16045690984503111693	3	729	711784720	3e29b3e4
16045690984503111693	3	730	3796955955	3f6250f3
16045690984503111693	3	731	3190828060	3f3e302c
16045690984503111693	3	732	1238901953	3e93b04a
16045690984503111693	3	733	2201790734	3f033ca9
16045690984503111693	3	734	2791717380	3f26663a
16045690984503111693	3	735	2268257662	3f0732dd
16045690984503111693	3	736	1501539305	3eb2ff58
16045690984503111693	3	737	136290032	3d01f9ef
16045690984503111693	3	738	2559386133	3f188d22
16045690984503111693	3	739	1533233665	3eb6c694
16045690984503111693	3	740	2716081601	3f21e41e
16045690984503111693	3	741	2346988079	3f0be432
16045690984503111693	3	742	430625481	3dcd5696
16045690984503111693	3	743	230668209	3d5bfb7b
16045690984503111693	3	744	2939407430	3f2f33cc
16045690984503111693	3	745	147512647	3d0cadd4
16045690984503111693	3	746	1003250495	3e6f318d
16045690984503111693	3	747	2839834007	3f29446e
16045690984503111693	3	748	4120483381	3f759996
16045690984503111693	3	749	1728906733	3ece1a0c
16045690984503111693	3	750	187355084	3d32acfd
16045690984503111693	3	751	1859056661	3edd9de8
16045690984503111693	3	752	269813128	3d80a82c
16045690984503111693	3	753	1257261844	3e95e096
16045690984503111693	3	754	371739346	3db14257
16045690984503111693	3	755	1958555210	3ee97a5d
16045690984503111693	3	756	2287104369	3f085271
16045690984503111693	3	757	3576619154	3f552ee1
16045690984503111693	3	758	3650045749	3f598f47
16045690984503111693	3	759	2931962566	3f2ec233
16045690984503111693	3	760	3006862230	3f333914
16045690984503111693	3	761	4061080335	3f720f2b
16045690984503111693	3	762	1184868347	3e8d3f50
16045690984503111693	3	763	2247888464	3f05fc0e
16045690984503111693	3	764	4207194574	3f7ac4b2
16045690984503111693	3	765	3436458808	3f4cd433
16045690984503111693	3	766	3531499477	3f527e68
16045690984503111693	3	767	4121777827	3f75ad57
16045690984503111693	3	768	798782139	3e3e71cb
16045690984503111693	3	769	2097477564	3efa09ef
16045690984503111693	3	770	2601278345	3f1b0c5c
16045690984503111693	3	771	1427451440	3eaa2a5c
16045690984503111693	3	772	3477820325	3f4f4b54
16045690984503111693	3	773	3655465969	3f59e1fc
16045690984503111693	3	774	1349230794	3ea0d742
16045690984503111693	3	775	4212686237	3f7b187e
16045690984503111693	3	776	1349623595	3ea0e33e
16045690984503111693	3	777	3482301027	3f4f8fb2
16045690984503111693	3	778	1733869092	3eceb17c
16045690984503111693	3	779	398468756	3dbe0135
16045690984503111693	3	780	3479641267	3f4f671d
16045690984503111693	3	781	1079492577	3e80af80
16045690984503111693	3	782	3205635037	3f3f121c
16045690984503111693	3	783	2909250298	3f2d67a3
16045690984503111693	3	784	209177687	3d477cc5
16045690984503111693	3	785	3464872056	3f4e85c0
16045690984503111693	3	786	2574611043	3f197572
16045690984503111693	3	787	2059155588	3ef57871
16045690984503111693	3	788	1554736691	3eb956cc
16045690984503111693	3	789	4258106352	3f7dcd8c
16045690984503111693	3	790	341377974	3da2c81e
16045690984503111693	3	791	2231385846	3f05003f
16045690984503111693	3	792	3174390381	3f3d355a
16045690984503111693	3	793	142048708	3d0777dc
16045690984503111693	3	794	3687146209	3f5bc563
16045690984503111693	3	795	2150681598	3f0030cc
16045690984503111693	3	796	1702774908	3ecafc91
16045690984503111693	3	797	4060599347	3f7207d4
16045690984503111693	3	798	796364016	3e3dde34
16045690984503111693	3	799	2576019439	3f198af0
16045690984503111693	3	800	165023600	3d1d60f7
16045690984503111693	3	801	1795334563	3ed60543
16045690984503111693	3	802	1299022444	3e9adb05
16045690984503111693	3	803	1056735391	3e7bf202
16045690984503111693	3	804	3931544733	3f6a569d
16045690984503111693	3	805	2832041384	3f28cd86
16045690984503111693	3	806	889831544	3e542702
16045690984503111693	3	807	575852849	3e094b45
16045690984503111693	3	808	521233976	3df88b32
16045690984503111693	3	809	487155232	3de84b31
16045690984503111693	3	810	691662139	3e24e7b5
16045690984503111693	3	811	2702462074	3f21144c
16045690984503111693	3	812	1501896342	3eb30a3d
16045690984503111693	3	813	928752373	3e5d6e8c
16045690984503111693	3	814	2011029917	3eefbbc3
16045690984503111693	3	815	4255931055	3f7dac5b
16045690984503111693	3	816	718324971	3e2b4314
16045690984503111693	3	817	1461170502	3eae2f63
16045690984503111693	3	818	2277379938	3f07be0f
16045690984503111693	3	819	668252587	3e1f52e7
16045690984503111693	3	820	4063236053	3f723010
16045690984503111693	3	821	3521888721	3f51ebc2
16045690984503111693	3	822	548370555	3e02bde2
16045690984503111693	3	823	2716922800	3f21f0f4
16045690984503111693	3	824	3175087146	3f3d3ffc
16045690984503111693	3	825	2522008932	3f1652cd
16045690984503111693	3	826	44856705	3c2b1d60
16045690984503111693	3	827	542078586	3e013dda
16045690984503111693	3	828	2918259287	3f2df11a
16045690984503111693	3	829	2723209868	3f2250e3
16045690984503111693	3	830	1041875465	3e786708
16045690984503111693	3	831	383780104	3db70028
16045690984503111693	3	832	918152222	3e5ae790
16045690984503111693	3	833	3343373040	3f4747d3
16045690984503111693	3	834	4205389540	3f7aa927
16045690984503111693	3	835	1770067288	3ed3022b
16045690984503111693	3	836	548311873	3e02ba4d
16045690984503111693	3	837	315831593	3d9699a9
16045690984503111693	3	838	2198445331	3f03099d
16045690984503111693	3	839	305366986	3d919c3e
16045690984503111693	3	840	1029076820	3e7559dd
16045690984503111693	3	841	3114254973	3f399fc2
16045690984503111693	3	842	3480738312	3f4f77da
16045690984503111693	3	843	2292729131	3f08a845
16045690984503111693	3	844	3925219808	3f69f61a
16045690984503111693	3	845	2180616188	3f01f990
16045690984503111693	3	846	344672323	3da45a42
16045690984503111693	3	847	1459686397	3eae0218
16045690984503111693	3	848	918831283	3e5b1103
16045690984503111693	3	849	3269201483	3f42dc0e
16045690984503111693	3	850	2992974633	3f32652b
16045690984503111693	3	851	2011404094	3eefc72e
16045690984503111693	3	852	1853547675	3edcf5c9
16045690984503111693	3	853	614808273	3e1294eb
16045690984503111693	3	854	2688119373	3f203972
16045690984503111693	3	855	4037221808	3f70a31e
16045690984503111693	3	856	3952052859	3f6b8f8a
16045690984503111693	3	857	1325979524	3e9e11af
16045690984503111693	3	858	4284786009	3f7f64a5
16045690984503111693	3	859	1067951200	3e7e9e92
16045690984503111693	3	860	803096405	3e3f791d
16045690984503111693	3	861	716620831	3e2adb10
16045690984503111693	3	862	1974049996	3eeb533a
16045690984503111693	3	863	4284082917	3f7f59eb
16045690984503111693	3	864	3241388445	3f4133aa
16045690984503111693	3	865	3212320587	3f3f781f
16045690984503111693	3	866	3517872513	3f51ae7a
16045690984503111693	3	867	3749696799	3f5f7fd5
16045690984503111693	3	868	4057082146	3f71d229
16045690984503111693	3	869	3223321095	3f401ffa
16045690984503111693	3	870	2603962811	3f1b3552
16045690984503111693	3	871	2908295220	3f2d5910
16045690984503111693	3	872	1735682775	3ecee8d6
16045690984503111693	3	873	3724250307	3f5dfb8d
16045690984503111693	3	874	3852609353	3f65a227
16045690984503111693	3	875	2961763486	3f3088ed
16045690984503111693	3	876	3350417110	3f47b34f
16045690984503111693	3	877	2389880185	3f0e72ad
16045690984503111693	3	878	1912918165	3ee409a1
16045690984503111693	3	879	3670665574	3f5ac9e9
16045690984503111693	3	880	442495603	3dd2ff94
16045690984503111693	3	881	3539838846	3f52fda7
16045690984503111693	3	882	2086116055	3ef8af36
16045690984503111693	3	883	3634829558	3f58a719
16045690984503111693	3	884	2454990482	3f12542f
16045690984503111693	3	885	1753824930	3ed1127d
16045690984503111693	3	886	1182860944	3e8d020d
16045690984503111693	3	887	3481680653	3f4f863b
16045690984503111693	3	888	1094635110	3e827d9d
16045690984503111693	3	889	3132411244	3f3ab4cd
16045690984503111693	3	890	4006616602	3f6ed01e
16045690984503111693	3	891	2776316179	3f257b39
16045690984503111693	3	892	3874671250	3f66f2cb
16045690984503111693	3	893	833852776	3e46ce56
16045690984503111693	3	894	2118135675	3efc805f
16045690984503111693	3	895	1546963204	3eb86992
16045690984503111693	3	896	1719684326	3ecd009a
16045690984503111693	3	897	788390170	3e3bf784
16045690984503111693	3	898	1978448171	3eebd972
16045690984503111693	3	899	2458600574	3f128b44
16045690984503111693	3	900	1361368408	3ea249ab
16045690984503111693	3	901	4289279136	3f7fa935
16045690984503111693	3	902	2640338427	3f1d605e
16045690984503111693	3	903	3895498919	3f683099
16045690984503111693	3	904	3309142454	3f453d82
16045690984503111693	3	905	2673913200	3f1f60ad
16045690984503111693	3	906	3305812333	3f450ab1
16045690984503111693	3	907	775266938	3e38d68a
16045690984503111693	3	908	3406771994	3f4b0f37
16045690984503111693	3	909	683486768	3e22f4b9
16045690984503111693	3	910	1460359774	3eae16a5
16045690984503111693	3	911	3782909516	3f617a9e
16045690984503111693	3	912	3914470630	3f695215
16045690984503111693	3	913	2896531664	3f2ca591
16045690984503111693	3	914	3538902683	3f52ef5f
16045690984503111693	3	915	930333620	3e5dcf0f
16045690984503111693	3	916	1508721496	3eb3da87
16045690984503111693	3	917	2284558420	3f082b98
16045690984503111693	3	918	28899888	3bdc7d18
16045690984503111693	3	919	1877148902	3edfc60a
16045690984503111693	3	920	572979953	3e089bec
16045690984503111693	3	921	3602531253	3f56ba44
16045690984503111693	3	922	902585487	3e573172
16045690984503111693	3	923	3194127632	3f3e6285
16045690984503111693	3	924	4174103950	3f78cbc6
16045690984503111693	3	925	3633371038	3f5890d8
16045690984503111693	3	926	3154092327	3f3bffa1
16045690984503111693	3	927	423760752	3dca109c
16045690984503111693	3	928	3070591806	3f370583
16045690984503111693	3	929	502335295	3def883a
16045690984503111693	3	930	3409891304	3f4b3ed0
16045690984503111693	3	931	251563690	3d6fe8eb
16045690984503111693	3	932	3174281093	3f3d33b0
16045690984503111693	3	933	2257678005	3f06916f
16045690984503111693	3	934	2121355500	3efce2a2
16045690984503111693	3	935	3370652846	3f48e815
16045690984503111693	3	936	3181914890	3f3da82b
16045690984503111693	3	937	1653691460	3ec522a9
16045690984503111693	3	938	1874479350	3edf7492
16045690984503111693	3	939	488264100	3de8d28d
16045690984503111693	3	940	3985640420	3f6d900c
16045690984503111693	3	941	346844029	3da5635c
16045690984503111693	3	942	3979830974	3f6d3767
16045690984503111693	3	943	1316439896	3e9cee8f
16045690984503111693	3	944	3563349657	3f546467
16045690984503111693	3	945	2640424902	3f1d61b0
16045690984503111693	3	946	3649433732	3f5985f1
16045690984503111693	3	947	1334670237	3e9f1ae7
16045690984503111693	3	948	114405206	3cda35eb
16045690984503111693	3	949	3122169034	3f3a1885
16045690984503111693	3	950	55365154	3c533388
16045690984503111693	3	951	2285023821	3f0832b2
16045690984503111693	3	952	1489822415	3eb199c6
16045690984503111693	3	953	4239505076	3f7cb1b7
16045690984503111693	3	954	847479176	3e4a0e06
16045690984503111693	3	955	2102692198	3efaa913
16045690984503111693	3	956	4108103985	3f74dcb1
16045690984503111693	3	957	1079207522	3e80a6cd
16045690984503111693	3	958	876852931	3e510edb
16045690984503111693	3	959	749818905	3e32c550
16045690984503111693	3	960	2941095880	3f2f4d90
16045690984503111693	3	961	2482105531	3f13f1ed
16045690984503111693	3	962	2983678597	3f31d753
16045690984503111693	3	963	3499521742	3f509677
16045690984503111693	3	964	2997548358	3f32aaf5
16045690984503111693	3	965	3602147507	3f56b469
16045690984503111693	3	966	2378401947	3f0dc389
16045690984503111693	3	967	1582129399	3ebc9ac2
16045690984503111693	3	968	1794010938	3ed5dcde
16045690984503111693	3	969	2646935207	3f1dc507
16045690984503111693	3	970	3138996202	3f3b1948
16045690984503111693	3	971	2921953231	3f2e2978
16045690984503111693	3	972	3621331917	3f57d924
16045690984503111693	3	973	308880370	3d934920
16045690984503111693	3	974	3746462129	3f5f4e7a
16045690984503111693	3	975	3549178306	3f538c2a
16045690984503111693	3	976	3005259507	3f33209f
16045690984503111693	3	977	1247578587	3e94b914
16045690984503111693	3	978	1217547701	3e91249b
16045690984503111693	3	979	1600894877	3ebed76f
16045690984503111693	3	980	2373818158	3f0d7d97
16045690984503111693	3	981	1751743038	3ed0d2f4
16045690984503111693	3	982	2959263756	3f3062c8
16045690984503111693	3	983	3765391122	3f606f4f
16045690984503111693	3	984	1531278466	3eb68ae9
16045690984503111693	3	985	1307825217	3e9be7a9
16045690984503111693	3	986	760479184	3e354ff7
16045690984503111693	3	987	3993635018	3f6e0a09
16045690984503111693	3	988	3999489817	3f6e635f
16045690984503111693	3	989	2514011604	3f15d8c6
16045690984503111693	3	990	1268150292	3e972ce0
16045690984503111693	3	991	3554543274	3f53de07
16045690984503111693	3	992	3283264232	3f43b2a3
16045690984503111693	3	993	3627580465	3f58387c
16045690984503111693	3	994	2679442373	3f1fb50c
16045690984503111693	3	995	1200461757	3e8f1b2f
16045690984503111693	3	996	1914538288	3ee43b12
16045690984503111693	3	997	1319625549	3e9d4fc7
16045690984503111693	3	998	1920669409	3ee4f62e
16045690984503111693	3	999	3253698853	3f41ef81
16045690984503111693	3	1000	74055739	3c8d4007
16045690984503111693	3	1001	77202925	3c9340be
16045690984503111693	3	1002	357627179	3daa87a9
16045690984503111693	3	1003	284019149	3d876e4e
16045690984503111693	3	1004	198719526	3d3d8382
16045690984503111693	3	1005	3927490226	3f6a18bf
16045690984503111693	3	1006	2028727857	3ef1d7dc
16045690984503111693	3	1007	1637643079	3ec338e7
16045690984503111693	3	1008	3571368923	3f54dec4
16045690984503111693	3	1009	991216170	3e6c5309
16045690984503111693	3	1010	2304317514	3f095918
16045690984503111693	3	1011	3054393948	3f360e5a
16045690984503111693	3	1012	1641204010	3ec3a592
16045690984503111693	3	1013	3132082876	3f3aafcb
16045690984503111693	3	1014	1303950671	3e9b716b
16045690984503111693	3	1015	3755682186	3f5fdb2a
16045690984503111693	3	1016	4083733479	3f7368d4
16045690984503111693	3	1017	1532593881	3eb6b30e
16045690984503111693	3	1018	3553575465	3f53cf42
16045690984503111693	3	1019	974951421	3e687250
16045690984503111693	3	1020	2267665838	3f0729d6
16045690984503111693	3	1021	1270177857	3e976ac1
16045690984503111693	3	1022	1071448041	3e7f7400
16045690984503111693	3	1023	4148310150	3f774231
123456789	255	0	1949855887	3ee870e1
123456789	255	1	979880767	3e699f2d
123456789	255	2	3811427084	3f632dc3
123456789	255	3	3660089946	3f5a288a
123456789	255	4	120572268	3ce5f92e
123456789	255	5	1344484912	3ea0466c
123456789	255	6	2982109688	3f31bf62
123456789	255	7	384788940	3db77b4e
123456789	255	8	3283125807	3f43b086
123456789	255	9	326897048	3d9be06d
123456789	255	10	4121506360	3f75a932
123456789	255	11	3141627770	3f3b416f
123456789	255	12	3617646751	3f57a0e9
123456789	255	13	752711867	3e3375e3
123456789	255	14	1608774310	3ebfc7e5
123456789	255	15	3476711837	3f4f3a6a
123456789	255	16	1645732982	3ec42fc9
123456789	255	17	3809577631	3f63118b
123456789	255	18	3539646081	3f52fab7
123456789	255	19	3734664232	3f5e9a74
123456789	255	20	3058443506	3f364c25
123456789	255	21	3419211925	3f4bcd09
123456789	255	22	4292316319	3f7fd78d
123456789	255	23	1200379319	3e8f18ab
123456789	255	24	1118354868	3e85517b
123456789	255	25	657631869	3e1ccaaa
123456789	255	26	3542821453	3f532b2a
123456789	255	27	119571868	3ce410b4
123456789	255	28	2533755744	3f17060b
123456789	255	29	447679916	3dd5786d
123456789	255	30	2902590387	3f2d0204
123456789	255	31	2494264094	3f14ab73
123456789	255	32	2083997484	3ef86e8e
123456789	255	33	1909027726	3ee392e7
123456789	255	34	2044157925	3ef3aec0
123456789	255	35	1351287185	3ea11603
123456789	255	36	900139514	3e569c28
123456789	255	37	285110866	3d87f393
123456789	255	38	4089709831	3f73c405
123456789	255	39	4138584022	3f76adc8
123456789	255	40	1078165508	3e808700
123456789	255	41	2219392403	3f04493e
123456789	255	42	1951396276	3ee89fe3
123456789	255	43	79619361	3c97dca4
123456789	255	44	1549400550	3eb8b3f4
123456789	255	45	61245730	3c69a248
123456789	255	46	3031846693	3f34b64f
123456789	255	47	2652338195	3f1e1778
123456789	255	48	4039409005	3f70c47d
123456789	255	49	4224627501	3f7bceb3
123456789	255	50	2999077632	3f32c24b
123456789	255	51	800455664	3e3ed7f0
123456789	255	52	1708613845	3ecbaec2
123456789	255	53	864695693	3e4e28d6
123456789	255	54	1213835510	3e90b352
123456789	255	55	1858119389	3edd814e
123456789	255	56	3328315296	3f466210
123456789	255	57	3265862975	3f42a91d
123456789	255	58	561482249	3e05de28
123456789	255	59	381657518	3db5fd0d
123456789	255	60	116175386	3cdd9643
123456789	255	61	2446334423	3f11d01a
123456789	255	62	3668176323	3f5aa3ee
123456789	255	63	2340555403	3f0b820b
123456789	255	64	3964344725	3f6c4b1a
123456789	255	65	2742522478	3f237792
123456789	255	66	708136345	3e28d536
123456789	255	67	3707414601	3f5cfaa8
123456789	255	68	3763260176	3f604ecb
123456789	255	69	2024918620	3ef1639d
123456789	255	70	1704205441	3ecb2839
123456789	255	71	1897826215	3ee23d0f
123456789	255	72	526422773	3dfb0498
123456789	255	73	3112982083	3f398c56
123456789	255	74	3313074020	3f45797f
123456789	255	75	3557148517	3f5405c7
123456789	255	76	3633243895	3f588ee7
123456789	255	77	2714938927	3f21d2ae
123456789	255	78	665426638	3e1ea66b
123456789	255	79	3291881062	3f44361e
123456789	255	80	1512862823	3eb458e9
123456789	255	81	2959318258	3f30639d
123456789	255	82	816194523	3e42988f
123456789	255	83	3567026376	3f549c81
123456789	255	84	1783506255	3ed49c4b
123456789	255	85	3790626255	3f61f05e
123456789	255	86	1896428861	3ee2126a
123456789	255	87	2967383664	3f30deae
123456789	255	88	4106957461	3f74cb33
123456789	255	89	3327892008	3f465b9a
123456789	255	90	2981390415	3f31b468
123456789	255	91	1429943397	3eaa7669
123456789	255	92	974122955	3e683fbf
123456789	255	93	920763463	3e5b86f1
123456789	255	94	2891766826	3f2c5cdc
123456789	255	95	1425703248	3ea9f503
123456789	255	96	3076845853	3f3764f1
123456789	255	97	2196255439	3f02e833
123456789	255	98	1834327622	3edaab3d
123456789	255	99	2902045480	3f2cf9b3
123456789	255	100	3480722670	3f4f779d
123456789	255	101	143972548	3d094d8c
123456789	255	102	4158593528	3f77df1a
123456789	255	103	3819676380	3f63aba3
123456789	255	104	1120913181	3e859f8e
123456789	255	105	462023593	3ddc4f5d
123456789	255	106	2904490520	3f2d1f02
123456789	255	107	1362746738	3ea273bb
123456789	255	108	3752534875	3f5fab23
123456789	255	109	2735754377	3f23104d
123456789	255	110	2761756109	3f249d0e
123456789	255	111	4141151556	3f76d4f5
123456789	255	112	581372459	3e0a9c29
123456789	255	113	1112182197	3e84951b
123456789	255	114	3966298970	3f6c68eb
123456789	255	115	693389788	3e255127
123456789	255	116	378455469	3db4762d
123456789	255	117	500980876	3deee2e4
123456789	255	118	1082671347	3e811082
123456789	255	119	3451046510	3f4db2ca
123456789	255	120	1851679882	3edcbcc9
123456789	255	121	733665119	3e2eeb5d
123456789	255	122	2734820088	3f23020b
123456789	255	123	2302815512	3f09422d
123456789	255	124	1967298127	3eea852d
123456789	255	125	1421402289	3ea971c1
123456789	255	126	1677690293	3ec7ff0b
123456789	255	127	3576453600	3f552c5a
123456789	255	128	1891274251	3ee1751c
123456789	255	129	3196056412	3f3e7ff3
123456789	255	130	4000137643	3f6e6d42
123456789	255	131	1331460021	3e9eb8ef
123456789	255	132	1910718229	3ee3c67e
123456789	255	133	2709825000	3f2184a6
123456789	255	134	234847696	3d5ff7dd
123456789	255	135	3511786127	3f51519b
123456789	255	136	3436819366	3f4cd9b4
123456789	255	137	1225508221	3e92178b
123456789	255	138	1204087489	3e8f89d6
123456789	255	139	3032772747	3f34c471
123456789	255	140	705808467	3e284721
123456789	255	141	3458732552	3f4e2812
123456789	255	142	2250924699	3f062a63
123456789	255	143	1495618257	3eb24aa6
123456789	255	144	1740203175	3ecf72c9
123456789	255	145	2117592927	3efc6fcf
123456789	255	146	1510247453	3eb40918
123456789	255	147	3101704971	3f38e043
123456789	255	148	1807740666	3ed77fde
123456789	255	149	933734836	3e5e9ea7
123456789	255	150	205228640	3d43b8a6
123456789	255	151	2674487593	3f1f6971
123456789	255	152	1213449113	3e90a787
123456789	255	153	1402553048	3ea73286
123456789	255	154	2816512695	3f27e093
123456789	255	155	1124457761	3e860bba
123456789	255	156	89496264	3caab359
123456789	255	157	3439430515	3f4d018b
123456789	255	158	1347111498	3ea09695
123456789	255	159	3177992830	3f3d6c52
123456789	255	160	4218857910	3f7b76aa
123456789	255	161	1116679554	3e851e5b
123456789	255	162	764572160	3e3649c8
123456789	255	163	2110566830	3efb9963
123456789	255	164	2441994919	3f118de3
123456789	255	165	721756450	3e2c1485
123456789	255	166	3083587506	3f37cbd0
123456789	255	167	2828077613	3f28910a
123456789	255	168	2296680741	3f08e491
123456789	255	169	888771874	3e53e655
123456789	255	170	210871	384dede0
123456789	255	171	726989319	3e2d53e8
123456789	255	172	907713225	3e586a6b
123456789	255	173	2254380489	3f065f1e
123456789	255	174	2633492949	3f1cf7ea
123456789	255	175	2449727319	3f1203df
123456789	255	176	1841748754	3edb8db6
123456789	255	177	4096070980	3f742515
123456789	255	178	2794331193	3f268e1c
123456789	255	179	608980295	3e113135
123456789	255	180	1183600071	3e8d189c
123456789	255	181	1675734165	3ec7c359
123456789	255	182	3857309049	3f65e9dd
123456789	255	183	2795077315	3f26997f
123456789	255	184	2273790176	3f078749
123456789	255	185	1473082337	3eaf9ae8
123456789	255	186	1249465105	3e94f2a6
123456789	255	187	1425055600	3ea9e13f
123456789	255	188	3892598111	3f680455
123456789	255	189	2172745132	3f018176
123456789	255	190	846092916	3e49b96a
123456789	255	191	676181648	3e2136da
123456789	255	192	4224267709	3f7bc936
123456789	255	193	4182343082	3f79497e
123456789	255	194	3541420169	3f5315c9
123456789	255	195	434128206	3dcf022a
123456789	255	196	175179548	3d271072
123456789	255	197	975707326	3e68a073
123456789	255	198	382125136	3db63622
123456789	255	199	2314515784	3f09f4b5
123456789	255	200	1622323818	3ec16565
123456789	255	201	1032920199	3e764472
123456789	255	202	1268975727	3e974611
123456789	255	203	4103985673	3f749dda
123456789	255	204	2735330737	3f2309d6
123456789	255	205	2271175255	3f075f62
123456789	255	206	2607828793	3f1b704f
123456789	255	207	335966189	3da0337f
123456789	255	208	2958970421	3f305e4e
123456789	255	209	1210488923	3e904d31
123456789	255	210	3922758122	3f69d08a
123456789	255	211	1372611911	3ea3a0cb
123456789	255	212	468948131	3ddf9ca5
123456789	255	213	541518293	3e011ba7
123456789	255	214	1377675828	3ea43b54
123456789	255	215	2756467403	3f244c5b
123456789	255	216	2899396000	3f2cd146
123456789	255	217	1065297632	3e7dfc9c
123456789	255	218	1437078890	3eab502b
123456789	255	219	1996553745	3eee01fc
123456789	255	220	965917506	3e664aed
123456789	255	221	1516954007	3eb4d5c3
123456789	255	222	1889340960	3ee13a1c
123456789	255	223	979499621	3e6987ea
123456789	255	224	56009043	3c55a855
123456789	255	225	3585094438	3f55b033
123456789	255	226	3616311305	3f578c88
123456789	255	227	4157394005	3f77cccc
123456789	255	228	4210670083	3f7af9ba
123456789	255	229	1870615264	3edefea6
123456789	255	230	2078811779	3ef7d04d
123456789	255	231	3142692573	3f3b51af
123456789	255	232	2631755368	3f1cdd66
123456789	255	233	2236502316	3f054e51
123456789	255	234	1182421760	3e8cf4a6
123456789	255	235	2759258744	3f2476f2
123456789	255	236	328329444	3d9c8f47
123456789	255	237	1280385307	3e98a242
123456789	255	238	2879249035	3f2b9ddb
123456789	255	239	608514724	3e1114cb
123456789	255	240	3225637539	3f404353
123456789	255	241	3366400752	3f48a733
123456789	255	242	103238368	3cc4e95c
123456789	255	243	2862357904	3f2a9c1e
123456789	255	244	3110289745	3f396341
123456789	255	245	4193052366	3f79ece7
123456789	255	246	2017860061	3ef08c34
123456789	255	247	3092023436	3f384c89
123456789	255	248	3870477943	3f66b2ce
123456789	255	249	1754930023	3ed13437
123456789	255	250	323675671	3d9a5731
123456789	255	251	3726758285	3f5e21d2
123456789	255	252	3595902886	3f565520
123456789	255	253	2133890534	3efe612c
123456789	255	254	3434011878	3f4caedd
123456789	255	255	1980869626	3eec2358
123456789	255	256	476622041	3de34567
123456789	255	257	3607981613	3f570d6e
123456789	255	258	1028101825	3e751e5b
123456789	255	259	3937737628	3f6ab51c
123456789	255	260	3601247966	3f56a6af
123456789	255	261	3675217735	3f5b0f5f
123456789	255	262	2028478364	3ef1d03f
123456789	255	263	1679712590	3ec83cc3
123456789	255	264	4231580246	3f7c38ca
123456789	255	265	818329716	3e431ae2
123456789	255	266	832127309	3e466505
123456789	255	267	2297862882	3f08f69b
123456789	255	268	2929346345	3f2e9a47
123456789	255	269	2775909442	3f257504
123456789	255	270	1216205154	3e90fba3
123456789	255	271	2027653173	3ef1b710
123456789	255	272	3782534544	3f6174e6
123456789	255	273	354363206	3da8f93a
123456789	255	274	2263184765	3f06e575
123456789	255	275	3173056291	3f3d20ff
123456789	255	276	3930595877	3f6a4822
123456789	255	277	1151265744	3e893dd8
123456789	255	278	1675725543	3ec7c316
123456789	255	279	437250408	3dd07f4b
123456789	255	280	1581050252	3ebc79d3
123456789	255	281	1891387695	3ee17892
123456789	255	282	649531125	3e1adc3c
123456789	255	283	4161154342	3f78062d
123456789	255	284	386919212	3db87f59
123456789	255	285	158062910	3d16bd94
123456789	255	286	957119480	3e6431f0
123456789	255	287	224026901	3d55a611
123456789	255	288	955575781	3e63d3b8
123456789	255	289	3514983584	3f518265
123456789	255	290	2375806128	3f0d9bed
123456789	255	291	3477217916	3f4f4222
123456789	255	292	1988274792	3eed0555
123456789	255	293	2439208424	3f11635e
123456789	255	294	2952187635	3f2ff6cf
123456789	255	295	2101780430	3efa8d40
123456789	255	296	2497052326	3f14d5ff
123456789	255	297	1550933636	3eb8e2bd
123456789	255	298	3280896482	3f438e82
123456789	255	299	1596263734	3ebe4a1a
123456789	255	300	821844445	3e43f167
123456789	255	301	836800938	3e478247
123456789	255	302	1511460134	3eb42e1a
123456789	255	303	771803625	3e380328
123456789	255	304	2506435137	3f15652a
123456789	255	305	2100017352	3efa5772
123456789	255	306	301857141	3d8fefcc
123456789	255	307	1792928028	3ed5bbd2
123456789	255	308	2134328481	3efe6e89
123456789	255	309	2632969716	3f1cefee
123456789	255	310	3480187481	3f4f6f72
123456789	255	311	2100874260	3efa7198
123456789	255	312	166732324	3d1f0222
123456789	255	313	311943006	3d94befb
123456789	255	314	1146626841	3e88b046
123456789	255	315	1019128560	3e72faac
123456789	255	316	1702656199	3ecaf8f2
123456789	255	317	2020103977	3ef0d0ae
123456789	255	318	1294134780	3e9a45dc
123456789	255	319	108844734	3ccf9ad8
123456789	255	320	3667340651	3f5a972d
123456789	255	321	4158176078	3f77d8bb
123456789	255	322	96341591	3cb7c1cb
123456789	255	323	340310354	3da245cb
123456789	255	324	1766705611	3ed29b94
123456789	255	325	21425018	3ba375bd
123456789	255	326	420562135	3dc88a27
123456789	255	327	3343570547	3f474ad6
123456789	255	328	4080021460	3f733030
123456789	255	329	2207523386	3f039422
123456789	255	330	2874353225	3f2b5326
123456789	255	331	1731230514	3ece60f6
123456789	255	332	641739477	3e1900ab
123456789	255	333	3192302815	3f3e46ad
123456789	255	334	31258145	3bee7b10
123456789	255	335	951692769	3e62e6b8
123456789	255	336	4110295168	3f74fe20
123456789	255	337	539918177	3e00b9fe
123456789	255	338	106062622	3cca4c64
123456789	255	339	2770253777	3f251eb8
123456789	255	340	1966227360	3eea647f
123456789	255	341	3682908123	3f5b84b8
123456789	255	342	208912155	3d473bf2
123456789	255	343	3870615263	3f66b4e7
123456789	255	344	1979875375	3eec0500
123456789	255	345	3195903581	3f3e7d9e
123456789	255	346	2104331461	3efadb1a
123456789	255	347	3851455365	3f65908c
123456789	255	348	2228634901	3f04d645
123456789	255	349	3367675697	3f48baa7
123456789	255	350	1660851576	3ec5fd2b
123456789	255	351	3784341009	3f619076
123456789	255	352	104443894	3cc735ff
123456789	255	353	3827275939	3f641f99
123456789	255	354	3690213406	3f5bf430
123456789	255	355	362984346	3dad159d
123456789	255	356	1592926509	3ebde442
123456789	255	357	3583536636	3f55986e
123456789	255	358	2662640593	3f1eb4ac
123456789	255	359	1572871053	3ebb8037
123456789	255	360	4120046120	3f7592ea
123456789	255	361	3604718881	3f56dba5
123456789	255	362	2651461802	3f1e0a19
123456789	255	363	1200000047	3e8f0d18
123456789	255	364	2186203705	3f024ed2
123456789	255	365	2565349412	3f18e820
123456789	255	366	4276910808	3f7eec7b
123456789	255	367	1163756265	3e8abb06
123456789	255	368	1278398642	3e9865a1
123456789	255	369	2150693824	3f0030fc
123456789	255	370	2684010201	3f1ffabf
123456789	255	371	2373595843	3f0d7a33
123456789	255	372	3235244616	3f40d5ea
123456789	255	373	162434492	3d1ae8dc
123456789	255	374	3876004635	3f670723
123456789	255	375	2911436741	3f2d8900
123456789	255	376	741321583	3e30beae
123456789	255	377	1943434447	3ee7acea
123456789	255	378	754384188	3e33dbf5
123456789	255	379	1391568662	3ea5e34e
123456789	255	380	2769582336	3f251479
123456789	255	381	331956718	3d9e4a0f
123456789	255	382	3253904024	3f41f2a3
123456789	255	383	3980026466	3f6d3a62
123456789	255	384	126988736	3cf23638
123456789	255	385	1202962674	3e8f6782
123456789	255	386	1590114042	3ebd8e6e
123456789	255	387	2190327782	3f028dc0
123456789	255	388	2922481178	3f2e3186
123456789	255	389	1104875117	3e83b61d
123456789	255	390	2284587563	3f082c0a
123456789	255	391	2268448794	3f0735c8
123456789	255	392	1250442034	3e951076
123456789	255	393	501845173	3def4c66
123456789	255	394	704597255	3e27fd34
123456789	255	395	1863502939	3ede2599
123456789	255	396	2627885361	3f1ca259
123456789	255	397	2248553185	3f060633
123456789	255	398	687446638	3e23e66a
123456789	255	399	3950451082	3f6b771a
123456789	255	400	3600746354	3f569f07
123456789	255	401	2524974646	3f16800e
123456789	255	402	1230587241	3e92b28b
123456789	255	403	2316086974	3f0a0caf
123456789	255	404	865592944	3e4e5f9a
123456789	255	405	700235420	3e26f2fa
123456789	255	406	1647562055	3ec4679b
123456789	255	407	3980696893	3f6d449d
123456789	255	408	2244382877	3f05c691
123456789	255	409	4166101351	3f7851a9
123456789	255	410	128027220	3cf4314a
123456789	255	411	1046754045	3e7990cc
123456789	255	412	1631254139	3ec275ed
123456789	255	413	665988205	3e1ec8b2
123456789	255	414	2643313199	3f1d8dc2
123456789	255	415	1916624361	3ee47abc
123456789	255	416	329685088	3d9d34c3
123456789	255	417	1852400700	3edcd2c8
123456789	255	418	2117513122	3efc6d5f
123456789	255	419	3420693843	3f4be3a5
123456789	255	420	4217611164	3f7b63a4
123456789	255	421	1138103883	3e87ac2d
123456789	255	422	2789468397	3f2643e9
123456789	255	423	781596798	3e3a58e2
123456789	255	424	3083479566	3f37ca2a
123456789	255	425	466935683	3ddea6fc
123456789	255	426	602942691	3e0fc0b4
123456789	255	427	459715441	3ddb359c
123456789	255	428	940306368	3e602fbf
123456789	255	429	2632484831	3f1ce888
123456789	255	430	1883261094	3ee08091
123456789	255	431	3401695925	3f4ac1c3
123456789	255	432	3808432415	3f630011
123456789	255	433	3129395143	3f3a86c8
123456789	255	434	3428395228	3f4c5929
123456789	255	435	4216799255	3f7b5740
123456789	255	436	1496838065	3eb26fdf
123456789	255	437	1001510319	3e6ec757
123456789	255	438	1406384127	3ea7a770
123456789	255	439	1899120477	3ee2648f
123456789	255	440	1755788942	3ed14e6d
123456789	255	441	1426672456	3eaa1297
123456789	255	442	3541808687	3f531bb6
123456789	255	443	1848865514	3edc66e6
123456789	255	444	1896360406	3ee21054
123456789	255	445	274002109	3d82a786
123456789	255	446	2454633556	3f124ebc
123456789	255	447	1701578262	3ecad80c
123456789	255	448	3597276415	3f566a15
123456789	255	449	1667379027	3ec6c45f
123456789	255	450	4043099147	3f70fccc
123456789	255	451	533543656	3dfe69d7
123456789	255	452	3201930895	3f3ed997
123456789	255	453	1000414873	3e6e847a
123456789	255	454	3633735978	3f589669
123456789	255	455	1270846669	3e977f2a
123456789	255	456	3172920886	3f3d1eee
123456789	255	457	3672061333	3f5adf36
123456789	255	458	1143178548	3e88470a
123456789	255	459	863648676	3e4de8ef
123456789	255	460	2698245980	3f20d3f7
123456789	255	461	3128432909	3f3a7819
123456789	255	462	3460085346	3f4e3cb6
123456789	255	463	4066436934	3f7260e7
123456789	255	464	3134833014	3f3ad9c1
123456789	255	465	3674910257	3f5b0aae
123456789	255	466	1562867377	3eba4eed
123456789	255	467	4059907911	3f71fd47
123456789	255	468	3504570530	3f50e381
123456789	255	469	4028537109	3f701e99
123456789	255	470	1011335225	3e711f01
123456789	255	471	3402022313	3f4ac6be
123456789	255	472	1969255006	3eeac0e5
123456789	255	473	1326350659	3e9e1d03
123456789	255	474	1003939011	3e6f5b93
123456789	255	475	3726726102	3f5e2154
123456789	255	476	1516704889	3eb4ce29
123456789	255	477	2796665004	3f26b1b9
123456789	255	478	124975019	3cee5ef5
123456789	255	479	1627920946	3ec21034
123456789	255	480	2345056760	3f0bc6ba
123456789	255	481	2348645134	3f0bfd7b
123456789	255	482	4007324949	3f6edaed
123456789	255	483	3303026515	3f44e02f
123456789	255	484	3697804609	3f5c6805
123456789	255	485	1784033898	3ed4ac65
123456789	255	486	1035062095	3e76c72d
123456789	255	487	2077069802	3ef79b24
123456789	255	488	4137828850	3f76a242
123456789	255	489	3813407692	3f634bfc
123456789	255	490	2631350195	3f1cd738
123456789	255	491	2358147342	3f0c8e79
123456789	255	492	2392263650	3f0e970c
123456789	255	493	4106846936	3f74c983
123456789	255	494	4113249514	3f752b35
123456789	255	495	3941641861	3f6af0af
123456789	255	496	3184861823	3f3dd522
123456789	255	497	603078038	3e0fc8f6
123456789	255	498	847088210	3e49f629
123456789	255	499	183746544	3d2f3bff
123456789	255	500	3288562428	3f44037b
123456789	255	501	3296498736	3f447c94
123456789	255	502	999790427	3e6e5e5d
123456789	255	503	4207306340	3f7ac666
123456789	255	504	3471678935	3f4eed9e
123456789	255	505	2502899384	3f152f37
123456789	255	506	1934736332	3ee6a378
123456789	255	507	413748758	3dc54a71
123456789	255	508	3163318565	3f3c8c69
123456789	255	509	4012330591	3f6f274e
123456789	255	510	1789133462	3ed54805
123456789	255	511	2819611624	3f280fdc
123456789	255	512	3474101846	3f4f1296
123456789	255	513	2627957119	3f1ca371
123456789	255	514	1192480880	3e8e27a1
123456789	255	515	2843347323	3f297a09
123456789	255	516	4233091273	3f7c4fd9
123456789	255	517	3041893240	3f354f9b
123456789	255	518	2867153248	3f2ae549
123456789	255	519	1231404603	3e92cb7c
123456789	255	520	3611876827	3f5748de
123456789	255	521	337711393	3da10889
123456789	255	522	690008913	3e2482cd
123456789	255	523	3069817063	3f36f9b1
123456789	255	524	4224337488	3f7bca46
123456789	255	525	2984184093	3f31df09
123456789	255	526	953779511	3e636615
123456789	255	527	3293624569	3f4450b9
123456789	255	528	2620266200	3f1c2e17
123456789	255	529	162748650	3d1b358f
123456789	255	530	2815067024	3f27ca84
123456789	255	531	302333323	3d9029ec
123456789	255	532	880812684	3e52008a
123456789	255	533	3777283193	3f6124c4
123456789	255	534	1109438565	3e844161
123456789	255	535	4144792936	3f770c85
123456789	255	536	3349792138	3f47a9c6
123456789	255	537	874660783	3e50890f
123456789	255	538	3673955174	3f5afc1b
123456789	255	539	162033100	3d1a86dd
123456789	255	540	2563971890	3f18d31b
123456789	255	541	1671029922	3ec733c9
123456789	255	542	322031924	3d998e8a
123456789	255	543	3564808942	3f547aab
123456789	255	544	1959560592	3ee9990b
123456789	255	545	3310215215	3f454de0
123456789	255	546	748785690	3e328640
123456789	255	547	662082935	3e1dda56
123456789	255	548	1111977164	3e848eda
123456789	255	549	1535248023	3eb7040d
123456789	255	550	3944358869	3f6b1a24
123456789	255	551	529959888	3dfcb45e
123456789	255	552	4286617085	3f7f8096
123456789	255	553	3979827062	3f6d3757
123456789	255	554	3988099171	3f6db590
123456789	255	555	3362675911	3f486e5d
123456789	255	556	4273149429	3f7eb316
123456789	255	557	2625738043	3f1c8195
123456789	255	558	751515024	3e332cd6
123456789	255	559	2387551531	3f0e4f25
123456789	255	560	4187465206	3f7997a6
123456789	255	561	1123634887	3e85f29e
123456789	255	562	3953754401	3f6ba981
123456789	255	563	443998261	3dd3b702
123456789	255	564	1908658744	3ee387a4
123456789	255	565	529127655	3dfc4ec7
123456789	255	566	267400599	3d7f0359
123456789	255	567	2263204527	3f06e5c3
123456789	255	568	673737714	3e20a1b0
123456789	255	569	2566269936	3f18f62c
123456789	255	570	3403553197	3f4ade1a
123456789	255	571	3754571178	3f5fca36
123456789	255	572	3886148928	3f67a1ed
123456789	255	573	3362630918	3f486dad
123456789	255	574	3324418059	3f462698
123456789	255	575	2820485142	3f281d30
123456789	255	576	2653241167	3f1e253f
123456789	255	577	3981014323	3f6d4975
123456789	255	578	2061035215	3ef5b1ce
123456789	255	579	3916650205	3f697357
123456789	255	580	4255446068	3f7da4f4
123456789	255	581	2537486296	3f173ef8
123456789	255	582	1771232689	3ed325bb
123456789	255	583	4166483667	3f78577f
123456789	255	584	3523264740	3f5200c1
123456789	255	585	2817272947	3f27ec2c
123456789	255	586	2935736291	3f2efbc8
123456789	255	587	1328788856	3e9e676b
123456789	255	588	298292519	3d8e3ca9
123456789	255	589	2732035141	3f22d78c
123456789	255	590	1280076932	3e9898d9
123456789	255	591	3841785583	3f64fcff
123456789	255	592	2271929170	3f076ae3
123456789	255	593	876406397	3e50f39a
123456789	255	594	3947300811	3f6b4708
123456789	255	595	4095784384	3f7420b6
123456789	255	596	1064364372	3e7dc3a5
123456789	255	597	940117240	3e602434
123456789	255	598	2592281741	3f1a8315
123456789	255	599	1930288724	3ee61bbd
123456789	255	600	1972209395	3eeb1b0e
123456789	255	601	698086894	3e266fd8
123456789	255	602	2502487204	3f1528ed
123456789	255	603	1411570916	3ea845ba
123456789	255	604	1145960947	3e889bf4
123456789	255	605	1283419374	3e98feda
123456789	255	606	1822626793	3ed94628
123456789	255	607	544250183	3e01c265
123456789	255	608	3690692049	3f5bfb7e
123456789	255	609	372575817	3db1a872
123456789	255	610	3348099299	3f478ff1
123456789	255	611	395626824	3dbca64a
123456789	255	612	1919677058	3ee4d7e5
123456789	255	613	3660561389	3f5a2fbc
123456789	255	614	3245218827	3f416e1c
123456789	255	615	10180292	3b1b56c4
123456789	255	616	938929645	3e5fdbb8
123456789	255	617	2606772030	3f1b602f
123456789	255	618	3947556606	3f6b4aef
123456789	255	619	1793313476	3ed5c796
123456789	255	620	2532661099	3f16f557
123456789	255	621	3646969133	3f596055
123456789	255	622	4055742876	3f71bdba
123456789	255	623	2726075372	3f227c9c
123456789	255	624	1430087024	3eaa7acb
123456789	255	625	2362097124	3f0ccabe
123456789	255	626	4190144622	3f79c088
123456789	255	627	585178737	3e0b847a
123456789	255	628	3044478120	3f35770d
123456789	255	629	470057055	3de02403
123456789	255	630	1954563531	3ee9008c
123456789	255	631	2158946235	3f00aee8
123456789	255	632	2439832947	3f116ce5
123456789	255	633	36558563	3c0b75b9
123456789	255	634	1124833730	3e861734
123456789	255	635	870386660	3e4f8430
123456789	255	636	1923602041	3ee54fad
123456789	255	637	4167429344	3f7865ed
123456789	255	638	454705111	3dd8d1ff
123456789	255	639	3021419178	3f341733
123456789	255	640	3808847470	3f630666
123456789	255	641	3744068720	3f5f29f4
123456789	255	642	1841416526	3edb8393
123456789	255	643	1340847353	3e9fd76a
123456789	255	644	576215669	3e09616a
123456789	255	645	3063282710	3f3695fc
123456789	255	646	1744581961	3ecff86b
123456789	255	647	4063554465	3f7234ec
123456789	255	648	215471271	3d4d7d4a
123456789	255	649	1108498738	3e8424b2
123456789	255	650	1322880890	3e9db31f
123456789	255	651	1799179993	3ed67a9e
123456789	255	652	3311964878	3f456893
123456789	255	653	1066535318	3e7e4826
123456789	255	654	3750639456	3f5f8e37
123456789	255	655	4163077773	3f782387
123456789	255	656	2366808537	3f0d12a2
123456789	255	657	1173959075	3e8bf263
123456789	255	658	1449798015	3eacd453
123456789	255	659	3228049955	3f406822
123456789	255	660	114886039	3cdb20b3
123456789	255	661	860500996	3e4d28d0
123456789	255	662	706789533	3e288302
123456789	255	663	1926139951	3ee59d20
123456789	255	664	1024525701	3e744416
123456789	255	665	2847436530	3f29b86f
123456789	255	666	813863817	3e420a4e
123456789	255	667	3834940055	3f64948b
123456789	255	668	3132685379	3f3ab8fc
123456789	255	669	475615635	3de2ca8d
123456789	255	670	1487153159	3eb14850
123456789	255	671	4173511047	3f78c2ba
123456789	255	672	4077251546	3f7305ec
123456789	255	673	2710388820	3f218d40
123456789	255	674	2050966154	3ef47e85
123456789	255	675	809961457	3e411c20
123456789	255	676	2703594489	3f212594
123456789	255	677	3566156469	3f548f3b
123456789	255	678	403256785	3dc049af
123456789	255	679	1731727584	3ece7022
123456789	255	680	649552646	3e1add8c
123456789	255	681	164116110	3d1c8369
123456789	255	682	3813445516	3f634c90
123456789	255	683	1028745601	3e7545a6
123456789	255	684	640254991	3e18a610
123456789	255	685	3264117620	3f428e7b
123456789	255	686	3983938807	3f6d7615
123456789	255	687	3336203899	3f46da6e
123456789	255	688	3626841037	3f582d34
123456789	255	689	1319568826	3e9d4e0b
123456789	255	690	3962194575	3f6c2a4b
123456789	255	691	1256171666	3e95bf51
123456789	255	692	4250887349	3f7d5f65
123456789	255	693	2371775749	3f0d5e6d
123456789	255	694	2562910789	3f18c2ea
123456789	255	695	2455910723	3f126239
123456789	255	696	2861420584	3f2a8dd0
123456789	255	697	1915132255	3ee44d33
123456789	255	698	3485526475	3f4fc0ea
123456789	255	699	2568864343	3f191dc2
123456789	255	700	3267638354	3f42c434
123456789	255	701	1105839609	3e83d38c
123456789	255	702	489780237	3de98ba0
123456789	255	703	2156681954	3f008c5b
123456789	255	704	900990333	3e56d016
123456789	255	705	719698160	3e2b96e4
123456789	255	706	2807340157	3f27549c
123456789	255	707	497274157	3ded1e69
123456789	255	708	3908229123	3f68f2d8
123456789	255	709	2698277543	3f20d473
123456789	255	710	2645671418	3f1db1be
123456789	255	711	3706631575	3f5ceeb6
123456789	255	712	2898828324	3f2cc89c
123456789	255	713	2963801360	3f30a805
123456789	255	714	3743851881	3f5f26a5
123456789	255	715	3438216975	3f4cef07
123456789	255	716	3294880553	3f4463e3
123456789	255	717	697127575	3e26354a
123456789	255	718	3784001632	3f618b48
123456789	255	719	1474045578	3eafb84d
123456789	255	720	1349371747	3ea0db8f
123456789	255	721	3688103635	3f5bd3ff
123456789	255	722	2833311394	3f28e0e7
123456789	255	723	2126550112	3efd8129
123456789	255	724	2367570570	3f0d1e43
123456789	255	725	350490671	3da72081
123456789	255	726	2515811188	3f15f43b
123456789	255	727	1669504929	3ec7053f
123456789	255	728	2118587128	3efc8e26
123456789	255	729	3129088583	3f3a821a
123456789	255	730	4105811194	3f74b9b5
123456789	255	731	2316811729	3f0a17be
123456789	255	732	255545506	3d73b50a
123456789	255	733	3984466293	3f6d7e21
123456789	255	734	1207326367	3e8fecad
123456789	255	735	491698152	3dea75bf
123456789	255	736	2927759192	3f2e820f
123456789	255	737	3398615315	3f4a92c1
123456789	255	738	3379260461	3f496b6c
123456789	255	739	3628457802	3f5845df
123456789	255	740	1971326674	3eeb001e
123456789	255	741	537626483	3e002e1e
123456789	255	742	2701945236	3f210c6a
123456789	255	743	381858741	3db6159e
123456789	255	744	4012038412	3f6f22d9
123456789	255	745	346463273	3da534e1
123456789	255	746	3457042855	3f4e0e4a
123456789	255	747	2572205382	3f1950bd
123456789	255	748	1057595552	3e7c2682
123456789	255	749	3336512342	3f46df23
123456789	255	750	1013757388	3e71b2d7
123456789	255	751	881544216	3e522d30
123456789	255	752	3013415398	3f339d12
123456789	255	753	3063476792	3f3698f2
123456789	255	754	2548740974	3f17eab3
123456789	255	755	4132219797	3f764cac
123456789	255	756	2610770319	3f1b9d32
123456789	255	757	1604708402	3ebf4bd0
123456789	255	758	3985594123	3f6d8f57
123456789	255	759	3532264987	3f528a16
123456789	255	760	2478433414	3f13b9e5
123456789	255	761	1296481121	3e9a8d77
123456789	255	762	2168426982	3f013f92
123456789	255	763	434026936	3dcef5ce
123456789	255	764	3979033397	3f6d2b3b
123456789	255	765	3672726262	3f5ae95b
123456789	255	766	1438262954	3eab744d
123456789	255	767	2128259008	3efdb550
123456789	255	768	2153974627	3f00630b
123456789	255	769	654658912	3e1c1536
123456789	255	770	4057172002	3f71d388
123456789	255	771	3986737548	3f6da0ca
123456789	255	772	2101054646	3efa7719
123456789	255	773	3476253287	3f4f336a
123456789	255	774	235849790	3d60ec84
123456789	255	775	668576567	3e1f66ad
123456789	255	776	3575192969	3f55191e
123456789	255	777	3514868599	3f5180a3
123456789	255	778	2696401888	3f20b7d4
123456789	255	779	272704187	3d820916
123456789	255	780	973206109	3e6807c9
123456789	255	781	62981916	3c7041c7
123456789	255	782	1380675608	3ea496e0
123456789	255	783	1106400345	3e83e4a9
123456789	255	784	582688763	3e0aec80
123456789	255	785	910762006	3e592480
123456789	255	786	2239667453	3f057e9d
123456789	255	787	2928400567	3f2e8bd9
123456789	255	788	1088792872	3e81cb52
123456789	255	789	1113966639	3e84cb90
123456789	255	790	4195498854	3f7a123b
123456789	255	791	2699423775	3f20e5f0
123456789	255	792	4204355808	3f7a9961
123456789	255	793	2475962750	3f139431
123456789	255	794	2908877889	3f2d61f4
123456789	255	795	2200494866	3f0328e3
123456789	255	796	173164220	3d25246c
123456789	255	797	3721204145	3f5dcd12
123456789	255	798	3979864052	3f6d37e8
123456789	255	799	4030555716	3f703d66
123456789	255	800	1304318263	3e9b7ca2
123456789	255	801	4211716450	3f7b09b1
123456789	255	802	3935815581	3f6a97c8
123456789	255	803	939110698	3e5fe6c5
123456789	255	804	1278269455	3e9861b0
123456789	255	805	3196152543	3f3e816b
123456789	255	806	1611857509	3ec025fd
123456789	255	807	660722738	3e1d8751
123456789	255	808	2077661437	3ef7ad32
123456789	255	809	4022765780	3f6fc689
123456789	255	810	2214533235	3f03ff18
123456789	255	811	2489255115	3f145f05
123456789	255	812	1953149159	3ee8d562
123456789	255	813	1852010125	3edcc6dd
123456789	255	814	3329810519	3f4678e0
123456789	255	815	2669930566	3f1f23e8
123456789	255	816	2642213906	3f1d7cfc
123456789	255	817	660833685	3e1d8e16
123456789	255	818	3243385221	3f415222
123456789	255	819	560049764	3e0586ba
123456789	255	820	2043158411	3ef3903f
123456789	255	821	3101277881	3f38d9bf
123456789	255	822	492659200	3deaeb10
123456789	255	823	4101806083	3f747c98
123456789	255	824	722812931	3e2c5500
123456789	255	825	1393528655	3ea61f1f
123456789	255	826	4259295422	3f7ddfb1
123456789	255	827	2556052014	3f185a42
123456789	255	828	2686038937	3f2019b4
123456789	255	829	3201535548	3f3ed38e
123456789	255	830	3917980862	3f6987a5
123456789	255	831	3651209906	3f59a10b
123456789	255	832	1225962270	3e922566
123456789	255	833	4069170328	3f728a9d
123456789	255	834	1650082199	3ec4b483
123456789	255	835	1205231652	3e8facc0
123456789	255	836	3571074408	3f54da45
123456789	255	837	3976668709	3f6d0726
123456789	255	838	541644218	3e012357
123456789	255	839	1033481872	3e7666ba
123456789	255	840	3415645950	3f4b969f
123456789	255	841	2088192212	3ef8ee92
123456789	255	842	2070719646	3ef6d959
123456789	255	843	261090530	3d78fece
123456789	255	844	2383694514	3f0e144b
123456789	255	845	3281018785	3f439060
123456789	255	846	1927690563	3ee5cc73
123456789	255	847	3219292565	3f3fe282
123456789	255	848	1897550944	3ee234a9
123456789	255	849	2998246739	3f32b59d
123456789	255	850	1234778462	3e933273
123456789	255	851	1880501456	3ee02c5a
123456789	255	852	3427276816	3f4c4818
123456789	255	853	356392771	3da9f0fa
123456789	255	854	1795065288	3ed5fd0c
123456789	255	855	1337822194	3e9f7b18
123456789	255	856	2125696681	3efd671d
123456789	255	857	3023531635	3f34376e
123456789	255	858	2435529173	3f112b3a
123456789	255	859	3136015677	3f3aebcd
123456789	255	860	3505184381	3f50ecde
123456789	255	861	903538160	3e576b98
123456789	255	862	2159203171	3f00b2d3
123456789	255	863	355520456	3da9867e
123456789	255	864	1773898063	3ed37713
123456789	255	865	3179014934	3f3d7beb
123456789	255	866	706043368	3e285578
123456789	255	867	1480293930	3eb076fc
123456789	255	868	3047972522	3f35ac5f
123456789	255	869	1741709110	3ecfa0be
123456789	255	870	1230129457	3e92a492
123456789	255	871	2520941638	3f164284
123456789	255	872	1689571089	3ec9699e
123456789	255	873	579888248	3e0a4192
123456789	255	874	370559884	3db0b25c
123456789	255	875	658239977	3e1cefc8
123456789	255	876	2457545090	3f127b2a
123456789	255	877	3217225151	3f3fc2f6
123456789	255	878	100396962	3cbf7df4
123456789	255	879	1310968272	3e9c4794
123456789	255	880	1610261554	3ebff548
123456789	255	881	1514653869	3eb48f91
123456789	255	882	1561464298	3eba241c
123456789	255	883	2988884502	3f3226c2
123456789	255	884	2208672504	3f03a5ab
123456789	255	885	1538533804	3eb76853
123456789	255	886	160970485	3d19836f
123456789	255	887	1978480576	3eebda70
123456789	255	888	1339062892	3e9fa0f5
123456789	255	889	2742156406	3f2371fc
123456789	255	890	3018048567	3f33e3c4
123456789	255	891	1202909615	3e8f65e3
123456789	255	892	983030149	3e6a5f66
123456789	255	893	2223931085	3f048e7f
123456789	255	894	303216182	3d9095b2
123456789	255	895	2956632194	3f303aa1
123456789	255	896	1109307487	3e843d61
123456789	255	897	3876035168	3f67079a
123456789	255	898	3699670726	3f5c847f
123456789	255	899	2134791357	3efe7ca9
123456789	255	900	1747037195	3ed04358
123456789	255	901	2149102101	3f0018b2
123456789	255	902	1658057928	3ec5a7ea
123456789	255	903	1115383844	3e84f6d0
123456789	255	904	3707065221	3f5cf554
123456789	255	905	1461843129	3eae43e9
123456789	255	906	2237395445	3f055bf2
123456789	255	907	2624100585	3f1c6899
123456789	255	908	4281941264	3f7f393d
123456789	255	909	3653064714	3f59bd58
123456789	255	910	1426763132	3eaa155b
123456789	255	911	3282347581	3f43a4a6
123456789	255	912	225517341	3d5711f2
123456789	255	913	1219210901	3e91575d
123456789	255	914	3419110818	3f4bcb7e
123456789	255	915	730995381	3e2e486b
123456789	255	916	443759741	3dd399e4
123456789	255	917	1145129449	3e888294
123456789	255	918	3623563464	3f57fb31
123456789	255	919	2643517621	3f1d90e1
123456789	255	920	186153220	3d318790
123456789	255	921	2150930237	3f003497
123456789	255	922	3871029676	3f66bb3a
123456789	255	923	2123507190	3efd244c
123456789	255	924	1423731196	3ea9b8d4
123456789	255	925	3655935780	3f59e927
123456789	255	926	3063816891	3f369e23
123456789	255	927	1279611123	3e988aa2
123456789	255	928	2350410671	3f0c186c
123456789	255	929	3986669306	3f6d9fbf
123456789	255	930	703286255	3e27ad30
123456789	255	931	828893249	3e459fa1
123456789	255	932	3161764914	3f3c74b4
123456789	255	933	4026885974	3f700567
123456789	255	934	229608676	3d5af8ce
123456789	255	935	2263793660	3f06eec0
123456789	255	936	2950210358	3f2fd8a3
123456789	255	937	1700148347	3ecaac69
123456789	255	938	1102789769	3e837679
123456789	255	939	4273798104	3f7ebcfc
123456789	255	940	2173604713	3f018e93
123456789	255	941	1519779474	3eb52bfd
123456789	255	942	178574419	3d2a4d45
123456789	255	943	2680409655	3f1fc3ce
123456789	255	944	1881271226	3ee043d7
123456789	255	945	3829341764	3f643f1e
123456789	255	946	33717883	3c009f9f
123456789	255	947	1007416575	3e702fd4
123456789	255	948	3873196039	3f66dc48
123456789	255	949	1192912387	3e8e34cc
123456789	255	950	3015246471	3f33b903
123456789	255	951	1295300846	3e9a6972
123456789	255	952	1934885557	3ee6a805
123456789	255	953	901752982	3e56fea2
123456789	255	954	3768060458	3f60980a
123456789	255	955	867107683	3e4ebc0e
123456789	255	956	175208278	3d271775
123456789	255	957	2500289940	3f150766
123456789	255	958	1452832661	3ead30ef
123456789	255	959	64504706	3c7610e0
123456789	255	960	522583344	3df92fea
123456789	255	961	272866098	3d821cda
123456789	255	962	3918345387	3f698d35
123456789	255	963	1004472413	3e6f7c21
123456789	255	964	777906779	3e3977a9
123456789	255	965	3097660662	3f38a28d
123456789	255	966	52543122	3c486fa4
123456789	255	967	3248437501	3f419f39
123456789	255	968	1024116630	3e742b1e
123456789	255	969	3464498900	3f4e800f
123456789	255	970	2573550304	3f196543
123456789	255	971	3677423742	3f5b3108
123456789	255	972	4036648878	3f709a60
123456789	255	973	2236182351	3f05496f
123456789	255	974	128597365	3cf547af
123456789	255	975	1445628062	3eac5511
123456789	255	976	498004522	3ded7791
123456789	255	977	4259755978	3f7de6b8
123456789	255	978	2870010619	3f2b10e3
123456789	255	979	3295191449	3f4468a2
123456789	255	980	3230343614	3f408b22
123456789	255	981	316696280	3d970337
123456789	255	982	354890414	3da93995
123456789	255	983	2258498633	3f069df4
123456789	255	984	305741875	3d91ca02
123456789	255	985	590389915	3e0cc28a
123456789	255	986	3060404023	3f366a0f
123456789	255	987	2503128714	3f1532b7
123456789	255	988	1949417301	3ee8637f
123456789	255	989	3588055284	3f55dd61
123456789	255	990	3579196689	3f555635
123456789	255	991	2151192807	3f003899
123456789	255	992	1584305440	3ebcdd2a
123456789	255	993	392616013	3dbb36c2
123456789	255	994	3027431094	3f3472ef
123456789	255	995	3858811665	3f6600cb
123456789	255	996	671183457	3e2005ca
123456789	255	997	3594030564	3f56388e
123456789	255	998	88337081	3ca87d57
123456789	255	999	1820216683	3ed8fc9b
123456789	255	1000	2754880567	3f243424
123456789	255	1001	3490136511	3f500742
123456789	255	1002	2762293802	3f24a542
123456789	255	1003	970266709	3e675461
123456789	255	1004	4093891546	3f7403d4
123456789	255	1005	3078125894	3f377879
123456789	255	1006	3552086704	3f53b88b
123456789	255	1007	2674040465	3f1f629f
123456789	255	1008	3900764726	3f6880f2
123456789	255	1009	2955669963	3f302bf2
123456789	255	1010	1686882235	3ec9178f
123456789	255	1011	890574923	3e545461
123456789	255	1012	1707041714	3ecb7ec7
123456789	255	1013	866506477	3e4e975c
123456789	255	1014	2416983592	3f10103e
123456789	255	1015	412898367	3dc4e2a2
123456789	255	1016	890234207	3e543f95
123456789	255	1017	531935640	3dfda58d
123456789	255	1018	3092333064	3f385142
123456789	255	1019	3431477802	3f4c8832
123456789	255	1020	1062454980	3e7d4f1b
123456789	255	1021	2372720526	3f0d6cd8
123456789	255	1022	4124602125	3f75d86f
123456789	255	1023	1504334012	3eb354a1
