step	lr_f32_hex	loss_mean	seconds	hash_seconds	state_sha256	gradient_sha256	losses_sha256_16	hash_scheme	label
1001	3a14bbc0	3.927999	29.905	6.966	4316f0512bf5a69b76d1fba3dabfb3bc87ba415cc92373df72c88a198aab9368	5e26f89c5e96bff6df72fffff72a8ed3a179565984d63462e46cb116f19f59ab	de0879ba9bf30664	sliced-sha256-8.v2	nvidia-A-2
1002	3a14b609	3.895709	19.487	6.773	8f0519fd89054823e9e5cf9009c4668fc2a80b1f6aa4044d4479652ed880d290	bcea47d5e905c8ff9e2511d2245fde44931044311fea95a8a39d6d8f126231fb	38b1535048af980a	sliced-sha256-8.v2	nvidia-A-2
1003	3a14b050	3.950493	19.484	6.806	5c8ba6aeca8612d6af90fcd1304945775ee3a19bfae21042153f5e90caad45a1	9ecc7d93c221adce6c8559a2afb67e8a7fb4b9398e2372d87f38ca2785f911b8	bcf46d33872d96ab	sliced-sha256-8.v2	nvidia-A-2
1004	3a14aa96	3.956190	19.520	6.826	35845912df95c4ad7f90ebe59341731c5d77258e364f6e7c91c81c6236515493	7b0a6b34b5b6e684e01970052f2b5727a00888ceaa10e40984f806e4435d60ec	0ef93bad7214fa8d	sliced-sha256-8.v2	nvidia-A-2
1005	3a14a4da	3.951421	19.492	6.905	da53e2181aadbbc04b8419da1de2b50002076cc7d257b55aac808ad94426c9ef	445d5988b4b63e0acc47ed3915b59f5d9ffa1366b9fa91d8b85ad88a4476f90c	b6820aa73fb1db12	sliced-sha256-8.v2	nvidia-A-2
1006	3a149f1c	3.992345	19.489	6.777	911771ab1844f67e08c98cc91062dcbb5a1cd84e9d3573476f9e3b7d03c10374	ba23d44f1842675f264ec4e6ab0bcd03f42b9ac67f74aa73ebd3732a71488147	661d714a29df728d	sliced-sha256-8.v2	nvidia-A-2
1007	3a14995c	3.946059	19.488	6.703	61bb1a8e20f6984570aa6a3f9fb34b34b3c5259175cab30915d97c157f07fb06	1a65fb4d0f09191f5f0f498b3ad08f7d2a1124cb8cde279b0ce8e7750ee649e4	27f9ec645e2df1de	sliced-sha256-8.v2	nvidia-A-2
1008	3a14939a	3.908691	19.503	6.558	a50293e6e12cd51d72c11c70f3efcf6748816243c331b32acc8e794ba0860ff0	e01561ad014d05b3fd6b7e33b95d571eef57f873771afe2d15a9d4851f3d3a04	a3e088694074f02b	sliced-sha256-8.v2	nvidia-A-2
1009	3a148dd7	3.973915	19.490	6.517	e910840667a6707aba2a54f8f11bcf4e213c275916c52157c588af10dbc6fdca	169512ec0671a2bbbe5d3c19fe562ecc1326b343a057a112c32286c9c47254ea	9de8b5cc9d220cf0	sliced-sha256-8.v2	nvidia-A-2
1010	3a148812	3.946232	19.504	6.672	994e3b8e4029e69b9161a6b51e072355f465d253c32791585f260853bd922de9	e8d143eeda5ff25a48df29c66662b2708bae1406c2818f7d546f00498f814c87	8fbd501ea990ae3d	sliced-sha256-8.v2	nvidia-A-2
1011	3a14824b	3.991937	19.489	6.505	14b42fbc7e457d670d9827981f7b0f06504d77a56a8f44f90a1e0f5718836740	f7be36246d0cf8fd6666116846543f2514d16efb72b95968b0523f87e662f5da	539248d83f0bfce6	sliced-sha256-8.v2	nvidia-A-2
1012	3a147c83	3.952804	19.497	6.541	4b546aec3a475f2259fec22041e39142998b327633dc9f16c36b9081d7d931a7	4e8c43d565a4f883312a53a6f1ad6c7adc53d89c08bbd71b3d2caaec4691fb92	e468ffd2dda1d604	sliced-sha256-8.v2	nvidia-A-2
1013	3a1476b8	3.987961	19.484	6.167	aec06e3db3bdb1de63ae6cd7535cdd66cf0bceebe4cb5d948e8342d9efc30dce	ac9a6bd5c4752cf5f50503337f7a1edd611b0c4d5b791abdc2714609c5af50b0	85af8d6aaa305f1f	sliced-sha256-8.v2	nvidia-A-2
1014	3a1470ec	3.969548	19.502	6.427	90f56b50094e00ab2747be4eea99a74cefd68f141e98064c2365cafa21bbd3ca	d52973904c63e1320c68d3f881ce0450469f2fe415b519d9c35263052990b908	a5c533ac7e22bbff	sliced-sha256-8.v2	nvidia-A-2
1015	3a146b1e	3.950539	19.499	6.693	c0abbfb68343c2e6ddad2834f78345c81ea971305d83d10f434af4c9fe01071f	7f4d4f46dcdadc6b3c4a31014c500bdc334326894b99fb281d186031c6815a3c	27ad341fd816e392	sliced-sha256-8.v2	nvidia-A-2
1016	3a14654e	3.919541	19.499	6.689	776efda15da71080ace3379704d9e930d07640c220a4361ee3dd9b5184435929	d3bf6b0490f16b41d436c658afa09055537f4817e2c9ecd68cfbb90e99d7aed0	55d425119eb9cbac	sliced-sha256-8.v2	nvidia-A-2
1017	3a145f7d	4.005642	19.488	6.649	6adf09f464bb28c0aff7e5a64ac581e9f6b445e80ec037afb88c7785561d08a7	cdd5c716f99302b81e724977627a0f398fdd6083d6aeeeb0ed81982a2cad4443	c699c58235bad402	sliced-sha256-8.v2	nvidia-A-2
1018	3a1459a9	3.967480	19.506	6.665	42425f538939e7c7110608c16dfb8387dcbd7043facaf5129528e68701ba2571	99138c4b9538afa81cc03e7358151d72db1f33848315e8c97dbcdb57ae270193	19ad9bf9b7838528	sliced-sha256-8.v2	nvidia-A-2
1019	3a1453d4	3.930704	19.492	6.823	94ac1db62e81bfb8fa2df669b2d4a8102546e4e48eb2391d14229588b5dfb14a	b50ca31c890e05d9d1faab0cfbb0df246157d48c12341d0d1f520d38fb8daa4b	88c5d8f91c446410	sliced-sha256-8.v2	nvidia-A-2
1020	3a144dfe	3.961461	19.515	6.907	2cf2c34fb4e5ac1fc321205cc13d9b309bc52a885146e78fd6d9ae2cf996d142	5d22d6a1b7f6ac4e46023ae76e9ea05680fa2998016b5c33fef27aecd5e7acea	9275ada1df467cbd	sliced-sha256-8.v2	nvidia-A-2
1021	3a144825	3.935540	19.521	6.534	4100cbcccc574e9bdbc90c8427bc0459d591edcf491b83dca12549369d03cc32	40362e33dbdff750dfe30548224a35c5d336445ae7fbbc2caea235335b37e7b8	839becf52c21e559	sliced-sha256-8.v2	nvidia-A-2
1022	3a14424b	3.985538	19.499	6.526	e6b905e9a85ce894697aba1efa76bb480660ea5fbb1c00378f73597b394ae5e6	0c61275aa8cc34c011afac9f87cdf1e6b4b08c3c151dfedf76d11801e7bd7dd1	6fb5bd126d108c88	sliced-sha256-8.v2	nvidia-A-2
1023	3a143c6e	3.921658	19.501	6.598	16be67344d47428c1197fb95a000d29a2b5f5137e81238416c275b672e19c7d9	4a8a9cbacc7a374239a722346afe7de00c6b596930f60b46e41ff6fbba311237	bd1b2546e03c8a5f	sliced-sha256-8.v2	nvidia-A-2
1024	3a143691	3.909462	19.494	6.635	91cb5202edd76837d5f83285639922f91ec37de42f3e16289181bfe997875505	6b45aede58a830afe3460207b1d9c4fc165280c49548c63fa8bd6a141fbdea74	fbc4ef883574db07	sliced-sha256-8.v2	nvidia-A-2
1025	3a1430b1	3.919918	19.495	6.602	bb001528946c19417efcbffff3cbae72a3c3e26b0161bb16d40202dc8592893c	02f25abb37dfd66a598eb9b55b09006c2d57948c92092a3a9ccf16ca5bce73dc	4d9ce3b1f1bd35c9	sliced-sha256-8.v2	nvidia-A-2
1026	3a142acf	3.909298	19.493	6.598	98093214123578ce1c868ab990b0e70fc0c4546334690f9ac44edd09485e2cfa	16c77a6b71995dab680c46203a2bb756262046282e5e927a94b7469c64f44252	3ff874c819783a39	sliced-sha256-8.v2	nvidia-A-2
1027	3a1424ec	3.924219	19.494	6.658	3b134d37eb3c58682d244a7df3e76f41e1cd7534304584189131266577e43ded	1f8befdd16c7782e8fb5469f71f6efff1f40286d1424b55f5c3500bebd63ece2	cff3132932e33a83	sliced-sha256-8.v2	nvidia-A-2
1028	3a141f07	3.901288	19.514	6.584	31c0adab6ef7a50e82f4e56e4bf19e3618c53f0a41876f5b9bceae86366329e4	08b0ccd9de96293da9633811743786545c286cecd780ce22bef08ab83bfe6c53	7f71a56f208ceda3	sliced-sha256-8.v2	nvidia-A-2
1029	3a141920	3.899949	19.493	6.321	977fbecd691f37312bc6a39e395c266454eaed6811396c3fee2f7e9a8d68272d	020230e063a9a27cdd9fbe1fabb26247a251b7f9dddaf27abb523cd775f7bdea	7929e16c1ab5328a	sliced-sha256-8.v2	nvidia-A-2
1030	3a141338	3.866854	19.497	6.655	ccb5f182e24648f4e35cbf8ab7551530efe64072fb47b82ad1457e9c46b6ac41	c5c02ad1eeec1a97d4ef4462332a6bf620814f722ea3f438f84c3371b6c228f7	2385311b2d37ae06	sliced-sha256-8.v2	nvidia-A-2
1031	3a140d4e	3.916567	19.500	6.632	179c86ad03505c30b5094098af4f5602f6e420870b56bec1f14816da2d07c294	e0c349d8c331a227172e7f05f136957cb9e1a7e8d045c47a23b5748d8c919100	baed28dcdb708c66	sliced-sha256-8.v2	nvidia-A-2
1032	3a140762	3.896308	19.501	6.618	5650fa12660da0c2f6332f6043889f5157d9cc51df468b8d76ae8619845c360a	64bc7b709fb7d5c8a10cdf338ec4da408cb1ea4649ce486810d200eb1ad6ed87	27d5eae42ad79322	sliced-sha256-8.v2	nvidia-A-2
1033	3a140174	3.815319	19.498	6.581	8582057dbe3596879ab889e19f284804d409096c16225a30443d4e28bed5975f	46d313349e7fa262db114f2f5309ccd443fdee263f6f62b679b90fce50d9f993	6b5775757e19ccb7	sliced-sha256-8.v2	nvidia-A-2
1034	3a13fb84	3.791532	19.511	6.686	60e9a3dd802cdbe9f14d4b5edc65fc8f84407bb7cbe119cd7f87f62dd8df3fa6	024eac6970538240e052b123bfaa20820b06d067f3dfd696f1c72db92d946bb6	cb009dc379c6d868	sliced-sha256-8.v2	nvidia-A-2
1035	3a13f593	3.789898	19.512	6.618	059176b0942c9bd31558d60d42d3e3345ffb2b02666a73bcee09e342e12238b3	7c512308144e6d21505001663afb59b27e9398b79ca6a337d598e79f7559791a	0b456fcaeaef2e96	sliced-sha256-8.v2	nvidia-A-2
1036	3a13efa0	3.766784	19.508	6.630	417ebcced63af84d0b6788a2a3e4837533e14d72ac7d86c5709860c057528ad2	6889f8a723fea317a404313427a37409b560debb988bb2f94d71c4964b317945	608351f7bcbef3ca	sliced-sha256-8.v2	nvidia-A-2
1037	3a13e9ab	3.797119	19.497	6.625	99c19d85156a9af79ddf4b3770fea01326584f111cfa1938820f5000b238288d	b2259f60bd9e8a789416164d4f03a078a06b9e6566ba23d586a49479f52a0169	9e9d5e2b48371920	sliced-sha256-8.v2	nvidia-A-2
1038	3a13e3b4	3.790480	19.512	6.600	09e84a95d977c06946e8d524425b654f5734579c6ef4cc1f24b0a75aa6e8cab4	db08c00834b34e12d7cad68209e1b3fc8ae98233af7872b5772ec22015c1e139	8f847c3a5d3b27f4	sliced-sha256-8.v2	nvidia-A-2
1039	3a13ddbc	3.729378	19.524	6.369	39229b9b24af54f4bb9fa5b1018a723d450e4503422056da272a1a0827ec125a	fc2d87a8685ca981b2d319f4ffea295b259a6c3e7ca85b33bd142d367423d8d7	23b78b6a93875c36	sliced-sha256-8.v2	nvidia-A-2
1040	3a13d7c2	3.716815	19.515	6.614	6a559ca196cf0d93a15e4624c1cb2e75a570c7253753b2eabe5addce94814eb7	ee79de4dea8f1cb1cb0c6a8c2f001db10b07e28105c26e470d8b643ec30cd32b	4512bedf9a72cbbf	sliced-sha256-8.v2	nvidia-A-2
1041	3a13d1c6	3.797471	19.499	6.615	ffa0a0fead2c835f887152ff8d6a584c26e226f734f62e46ee5626204f45760f	dc6f65d2e174f2fdf1f7802a7216108cec88f9070429a201f2399e1e932ba8ef	de6320820ee9f5c7	sliced-sha256-8.v2	nvidia-A-2
1042	3a13cbc8	3.802439	19.500	6.586	1c84b5e9ce37dc969afea5afae526da3d5ddc06c0536209f25018dbbd4ff6780	5c2b5cd3847e702c69b4ee9d52a79b44b28b9028a199c6c50a89b98ece35f5d8	dcf8cb180bd21c77	sliced-sha256-8.v2	nvidia-A-2
1043	3a13c5c9	3.791606	19.499	6.583	68920438d44e55bed9f5060c4b6c7f1a6201cdc8772f1bd36ed5c4351dde1e1c	e958e215a7865ad52d48b8e9db3835a2498081649058978051fc52d11877289f	4e767d229de85391	sliced-sha256-8.v2	nvidia-A-2
1044	3a13bfc8	3.783819	19.497	6.708	d3ede9eac2e787826aba687ccd0da948c1dbfd4ab209f7d58cb67c43072ea377	e9b341897180886b889832af69ea911f2b618d2d362b990b31d53b0452bf93df	2a86f596c04fc76c	sliced-sha256-8.v2	nvidia-A-2
1045	3a13b9c5	3.826459	19.498	6.562	3f0af15c6c62492b7ca862aca135a7a44682453b210bcfb64fc761f67ba8f642	bf814f0388413e24b51c7a64355050d46e7a5351a682164f2e22b892f221ef39	9a29efea5a60ff0f	sliced-sha256-8.v2	nvidia-A-2
1046	3a13b3c0	3.985681	19.501	6.613	9ca5f0fb8f6d79c512980dcd3a4b55199fe7d7f6e422947096738fc82daa3610	eb21f6dcc47953ed1a947002ef12c609ee1944dd43218028e22bed9b97e80710	b8e7179145435fa7	sliced-sha256-8.v2	nvidia-A-2
1047	3a13adba	3.999883	19.512	6.601	8283800655c0733871ddf8d51a90d3f58df80cb65b8e0ad2d36b92ab2585b110	631e3f4c744a1373eca4624713f34192b71df4df0373c6c3b533ec993bf1ba25	461e4645b38aa905	sliced-sha256-8.v2	nvidia-A-2
1048	3a13a7b1	3.933821	19.520	6.595	671f023862bc3e9c22b30ba44df1fa4b1ce808a09441e4c7f47b0cc61ffc1451	bba818411310a24b76990b4ff38385251f9ca08f6ce8fe1ba71c7ab16af60478	a2491bb40970c6d3	sliced-sha256-8.v2	nvidia-A-2
1049	3a13a1a8	3.965922	19.502	6.590	69bc57ae5fc88d485fdc9c952e2c5f355c94b8570c35c8f27e1b08c715e2647a	6cf23a00e106ea456d189532dc81e25df8d31a444bbe694ccb0fd65f62f25858	e50b1fe4a9ee4a1b	sliced-sha256-8.v2	nvidia-A-2
1050	3a139b9c	3.892846	19.526	6.624	fb3748e8a178ccde0055fffd3d9d5b3c791e99dbcc79afef7c15320f3292956e	53cccd37b02d19a92fb08f273bd0229c00c089c6596acaf24736ae10e0971981	708c4fb5f0867b6f	sliced-sha256-8.v2	nvidia-A-2
1051	3a13958e	3.934210	19.519	6.508	ef83803d928ce509e2f667ad6cc2d946034bf73a2022eb22f538b060fad4f56d	2a0fe7ff3589d88dbe7a53ff8a4a13daaebceec0be86d5809d5f3d92db32e04e	e0d5e42b84bc46fe	sliced-sha256-8.v2	nvidia-A-2
1052	3a138f7f	3.940429	19.502	6.650	a009a7c881c9d2a0b2ca28882887914fc9434cd459c47638d1bcc53051e65bcb	a423221b8a40ca0500c4231774f8952effa66f4abcea8d0b567351041dd39bf9	bb65e2fed763766b	sliced-sha256-8.v2	nvidia-A-2
1053	3a13896e	3.937390	19.498	6.584	4116e15582182687264296e49b492cf56f7ea946aea5f550e9d14965f0031c12	f14c0cf798126973068642d3f6bd27e977956b7cdc31a3b01ec0521b67e78e96	4044ad2385c5de8c	sliced-sha256-8.v2	nvidia-A-2
1054	3a13835c	3.929473	19.506	6.294	3a154826ef5564d78ea98be5792820a4fbe5faaacdbce41def0ac598cfc598a0	85bcaca1916f974802585d5cb179e92f7b18a013cc862cd5409e82e442f0145e	ead75b24e85200be	sliced-sha256-8.v2	nvidia-A-2
1055	3a137d47	3.906972	19.502	6.479	43470611f1e8cff4c718c392141df91e9bcfcf4b0b56838466db5884ed35f451	8119139ebf865b592278d65073e3cc700e05068bbab1846c89ef187f3df38090	8c633da639acf0f0	sliced-sha256-8.v2	nvidia-A-2
1056	3a137731	3.937802	19.504	6.597	c2b5416a579fa824cd3eac0b3f895a738f254e723e2cb2158d9c16dee9ef6403	9ba0b4e4b1f109a1ce7313452eb70252cbaca4e3fe330e2a02602d7ba81da307	7b6f182ff5336fd7	sliced-sha256-8.v2	nvidia-A-2
1057	3a137119	3.887266	19.511	6.591	d576e07c6540116f2eaafb892b88834945e46a3ce95b9a9b8203edc6ab5c59be	f305265627fad295cafa7db78f0375acf8f93123649d559fb2680d81e06df337	5b434a9349477adf	sliced-sha256-8.v2	nvidia-A-2
1058	3a136aff	3.927325	19.522	6.573	eeac362a5e32b800ddcda7ebe73fadd2b2a4c616d8119fc6e966ad1f6f89263e	1899be489678cdf240217f979a913c531c9778ed358a626407e8e37082bb562c	7efe4b4bd6821789	sliced-sha256-8.v2	nvidia-A-2
1059	3a1364e4	3.921645	19.502	6.612	c72b2e6c07f434d988d8a3a62d2b6e8dd0177a1a9f3bf735c7ab4c9d14b0bd9c	219dfee0bd4da27c8361fe14d83ca84e43cfccf540903e94eeb92fbdbb7205b8	5ecfd45b4676c9c6	sliced-sha256-8.v2	nvidia-A-2
1060	3a135ec7	3.903769	19.499	6.519	25e0e36cc793541fc2cfc34831bd9104606e4182e6a1064ffa20c5a992409313	ad1429c0fc4488d2b7dce6d627a1a93073d3fca69cefff2fb327c44d4f2e4413	66de8e9d1b89d2a9	sliced-sha256-8.v2	nvidia-A-2
1061	3a1358a8	3.884246	19.499	6.559	db5f69162fe8468ecbd26fdc6ee2cb2d213ffb3d7ab6c10b9afd22f950fe31cb	2472c50c5a59cf98e1bf8448404ea28e8fe98794669a185d23e089c690570a74	9e3a8da2834d6f7f	sliced-sha256-8.v2	nvidia-A-2
1062	3a135287	3.921194	19.501	6.582	5264f649b499b2d6e9ee29a10f98c05fdab818afae201044ca6adcd6c37ea411	b1f965b8fb2033228d4cfd21f524249f50a1d0ba1aaff4c91d6eda3bd8de63f6	c7d01573d4768cc0	sliced-sha256-8.v2	nvidia-A-2
1063	3a134c65	3.890329	19.504	6.637	4a9e07ae56cb49d10dd516cd30fe5087ecf23098c1b30696b662cc529aa3c0b4	70d9449100dc2b2be5ab4206a70a61411f40a523c779299f55723d3a94ef129c	5bfbf2db73f5f115	sliced-sha256-8.v2	nvidia-A-2
1064	3a134641	3.921526	19.501	6.532	8ecc6417df6cd482d0936bdc4e2bc3c620670f6f780291dc48e9c729d7a36c33	2b7d9e741311d6bea8350f14d1e6b8f7fa2457071d9ab65d0593c44ce892e54c	90a8ede78f130301	sliced-sha256-8.v2	nvidia-A-2
1065	3a13401b	3.917998	19.503	6.567	715e5ca7ecc009dd3ebf4c3736693b8514cc0c850368ac1ccae671892e9bdc8e	c77726761ea522009926ed4b1f04dbcbe97b6770850ebdfdd8517abae4fa3c9b	3506006794b920b6	sliced-sha256-8.v2	nvidia-A-2
1066	3a1339f3	3.902764	19.513	6.556	51fe74b872b8d7389ddfc3ee3ac46c48ab2ecf3c8607aeb8b7d57afec9562292	3c9184345639753049a0c3b84aa38bcf76c924c046540bbaebc7c515fd9d6c9b	e0eec54626478800	sliced-sha256-8.v2	nvidia-A-2
1067	3a1333ca	3.866066	19.500	6.540	ac66dd581086ebd62dfcbf80768e1540e217bb28ba0780330db6863cd6567f5e	89837f6175949e8d5a309fdffaec9f457cf94c78305e96da0c4beb46d2986fed	b3c5c2aa82b7fab7	sliced-sha256-8.v2	nvidia-A-2
1068	3a132d9f	3.861402	19.497	6.560	539dbc96b36643444d1d6ec26213c063798ea438d7ef7b693da57cacd2894cf6	5c75ff3b09ecf1b3e2932c127f27da6187e47a6c7f34d25685528fc37a2a6470	3d51a46fbb2d1a1f	sliced-sha256-8.v2	nvidia-A-2
1069	3a132772	3.873580	19.495	6.517	e29f72733a70ad305b4215a1051e139e1fe1d2738babb2dc39d86c71964bfcf6	ecfe77e9e6eaea5130ffb0d3b66d5b5f1454eb386bc95c714f635e69e7c662f6	0db61ccdd56583b6	sliced-sha256-8.v2	nvidia-A-2
1070	3a132143	3.883466	19.498	6.562	ed7836855b36219a32d9bb0460374e9197708de26c81708508af6b6c55a8c895	9232b0124d259a6f7853b4f1e194dd0b57725946a0870afd5f5347d157e35761	9210622f03423035	sliced-sha256-8.v2	nvidia-A-2
1071	3a131b13	3.876210	19.500	6.553	db6104221c9fab539625ba79b41f7c33f8be776a6acf7630c25f166bf8851941	26cb1780fdf247eb9ae49bbe38db944cc5932159dbf8d50d7fe914adbd4fd668	4253c75859787ed0	sliced-sha256-8.v2	nvidia-A-2
1072	3a1314e1	3.814897	19.500	6.583	b9ad00d2a0edcc4efa61de0a370d72fc1162bdbab69782382aaaa96c23fe5c8a	65f1eda7d72aba62e987e1302757fbb48963762beec436af9ed9bd586a30dba3	cc991fc7dadd15a6	sliced-sha256-8.v2	nvidia-A-2
1073	3a130ead	3.900967	19.545	6.584	4e205d418d98c5885aee95997c69e91849fb5003c3d878011de6cbd1cc69e291	6f840190e7de16405c173f87a97c31be5d4d52cdef5c89e920f3ca3946073d08	add1598f6c5babf4	sliced-sha256-8.v2	nvidia-A-2
1074	3a130877	3.887785	19.518	6.597	e2f3e9daf99e2e3e091e24d2626fa06b5e144a0620b492391dacb456c740c3e7	0e2fada17ce8beba57719d530781299f84849aa251f8e292ea4e1119c9d15b65	46cabc09520e0167	sliced-sha256-8.v2	nvidia-A-2
1075	3a130240	3.902459	19.500	6.591	c0518a145ace72c77dddd81840fe04726d8e001d5d31c1beaf0ab645d30ac62a	0a5494641f03665ff827abf6dabdd0bc91dd0224ecd6a4f35e1f26f33b100dc6	4f901ee812f42a48	sliced-sha256-8.v2	nvidia-A-2
1076	3a12fc07	3.853143	19.517	6.597	13daf96f4e06a6b8a6eafbb80dfbee067805fb93415ddafe9e2cfc9a299fe9d4	c4318cfdea19e835b5316131826ec194723bbb22f3b0c97f3feb81ebf34facac	27f58d9f8fc22123	sliced-sha256-8.v2	nvidia-A-2
1077	3a12f5cc	3.911955	19.515	6.527	f3bf2272075567d5e91a0a368a97cb66769f8021d4216328842b1de64912c70c	20448e558b0493d1214c37e65419ae705128795cfb7dccfe599d2adf86bbb93e	47ae9fd74ae77b50	sliced-sha256-8.v2	nvidia-A-2
1078	3a12ef90	3.741561	19.497	6.607	97ae96a1a6529dc3293c04e996244c5f3d9bd3935c5b5477fdd660d202238952	86b3d2e032b9ca455eb4ad6fef6a1f7b7598a245974c2f1c202feaac1119e2e4	773ca15109efee89	sliced-sha256-8.v2	nvidia-A-2
1079	3a12e952	3.771511	19.511	6.580	ba870ffb696208e9b77ad008fc4ab0490ca194e1d17373f0b5133a4d4f74c75c	4cfb1bff5f9398d91c7916e25b774773bb8eb0339df64a603d6a826b8585de39	95356b27a9f943e8	sliced-sha256-8.v2	nvidia-A-2
1080	3a12e312	3.783842	19.500	6.553	18006740d3a29d808cfbd78b0a1c971e0297855babc1e61ed18941a1d2c7c236	a5490d4e20a39668d58ed518a38b88f24b6505253b97e7fb1a04689d270900f7	f54ec5b7c2e2a755	sliced-sha256-8.v2	nvidia-A-2
1081	3a12dcd0	3.733326	19.488	6.624	c04c07ccdd1f47ebcd2fc2445d0ba390ad01a5ade55a690e20c3d800fac1e240	44b2be217ab27ef997717ceed755bde60d989baa5f7baf77dff2602c089d333c	677216354c5e86d8	sliced-sha256-8.v2	nvidia-A-2
1082	3a12d68d	3.778100	19.504	6.595	894f4958e07bf43101d2741a06b8b1f6129f2146580741dffd59611f78e48477	83e082e6360cdfe79cbaeb87fc5ca2818558696abea4253b66e1cbced6246330	3af3a906585b1368	sliced-sha256-8.v2	nvidia-A-2
1083	3a12d048	3.709290	19.488	6.518	6d7eaf1f5e95c9b0e2f20eb027dc5e107dd6c049c018ff5be25e438b05519aba	7831d0baedbd7bafa3092281449f6e3be85a69f6611b59d3a47390b349829375	bd0a36fee6ea07e1	sliced-sha256-8.v2	nvidia-A-2
1084	3a12ca01	3.742838	19.492	6.625	2c808a4237106ecf7a6db5b16e499e13efb82e0ad12afefc97f51fde992ad319	0f2f50530422e8f95da92f8a9a8e250993fca159b08a2d328f3bd02bb5675c83	103a180cbfd62d07	sliced-sha256-8.v2	nvidia-A-2
1085	3a12c3b8	3.776234	19.488	6.611	b5d0bac6db940245ff74a15cf55957cc1524d99685945a74acdbe67dc4ce3c7a	9726d3c481187d0309497d29b16718b5073c1230cbd087ab82018e4262687492	9f070552af7dd73b	sliced-sha256-8.v2	nvidia-A-2
1086	3a12bd6e	3.776116	19.487	6.582	45e212634bde97930e3b0050b0f08df25c3736a2fd4fa379c673385f315885ad	c2a291c62900f1c7245a05cc929b200d384eac8a3345f1c99845a8803b3747de	cfdf3100007fdee6	sliced-sha256-8.v2	nvidia-A-2
1087	3a12b722	3.769800	19.487	6.214	958252b3861e8fe3e0ed8a234ab4b86aa0b650601546aa810ca928acc269e9b4	77c1aca4a8b0caec0ec3e8200dcf68bfbac6b1476fd1de5dc25a6f9d6f7fbd74	3a3b645501992789	sliced-sha256-8.v2	nvidia-A-2
1088	3a12b0d4	3.779919	19.494	6.482	7acec79f1374362ef29119aebea9555f8aca4fb60e133aff44e95ddcb9d35d86	d9021f6cc931885873ed030615408a7be1e669cafe51c517a1e99faaa873a102	6b2f6e9841674b41	sliced-sha256-8.v2	nvidia-A-2
1089	3a12aa84	3.788573	19.496	6.617	bddbd12f191939a8f4791e49100a34e7ac6da2c8a94af61219d4e6cb6c854259	d176e96d0c6854d99c7457d31837fd94a39414564af88c84ae39d66505ef8b34	2c52602b3208517f	sliced-sha256-8.v2	nvidia-A-2
1090	3a12a433	3.922450	19.521	6.603	69b4daf130155e5fc75203513eb6e8ec7bf1dd096752edf5ff6c298e215b913c	f82ff74ead98012185209e21dc2ba2e1be9f20b81113ab80c42d125b01b528de	342dc454a018e1f0	sliced-sha256-8.v2	nvidia-A-2
1091	3a129de0	3.930991	19.497	6.665	ecfc7066854667071abc4e32679b19aad8b1e1fb63e20b1f2f1c13c6e8a98b89	f9a109eba94c81680f86e912e582473083af657b69105221148f4b9c60bd20de	9585628958d564d3	sliced-sha256-8.v2	nvidia-A-2
1092	3a12978c	3.874312	19.495	6.261	28b579f275f05b34499545a949bf95db413e91ef07323a9b0c81dbbac19ca4e9	5bf19fcbf88ee0abd2aa40566886c16ce6eca88382ae628b66101923382ce7cf	d668c3e72ceae912	sliced-sha256-8.v2	nvidia-A-2
1093	3a129135	3.856816	19.514	6.539	488b4cea8fa870a75c6884ff0ed6062f47f72291e4087dc65b40484b36abf1eb	2a4d9f86d9eb0de3a0f349e0c37d76e1c4f10f76fe2937f4f931d5bedb9e3051	055f9ae2155b7510	sliced-sha256-8.v2	nvidia-A-2
1094	3a128add	3.898500	19.511	6.575	00279377deb4562c79898f799f4830257b5942034d0d211a079a124781ec68c9	5dd044e527c5675418ff5cc971ad671260abb2c5692615cd635e23ed5701cd89	7cdb3ac4091e263d	sliced-sha256-8.v2	nvidia-A-2
1095	3a128483	3.889465	19.495	6.616	9f085ad1ecf807acb31001f67f1986c822f74b36118fca920a7d4e1d397b83f1	fbb74bddabae45ac206265a01b73410ac9b1d3991ffa65f5bae9a4fd21079028	3262c29fd96256da	sliced-sha256-8.v2	nvidia-A-2
1096	3a127e28	3.942483	19.496	6.663	7cba6732c8839fbf1f6a91fdb5bab95d16b42c091c48b3b6e7a7d9939c9b4fbb	209c50d5497504b21f8c9bc3d7f9aaf56d0a771bda862f173947dcd987595013	4b6184c8102c0f52	sliced-sha256-8.v2	nvidia-A-2
1097	3a1277cb	3.863265	19.495	6.656	6fa3e38992b815dd0ad4a070a153d3b5f763a2c9962dfe75d15dab722a051b5b	e2ca115368aa9bf95cc595e61afae6b8409af851b6bc932b6edf26d80ef6f15c	b62a453da6039616	sliced-sha256-8.v2	nvidia-A-2
1098	3a12716c	3.994065	19.512	6.613	16048a49576bb6bb20db09f66f09e9ae0a76078bc8089b70a404499b35c62641	3d6735f87a7f88a4757d9dd469f1e4eea08ec4d88d00fa286cddabcbb1b8670d	fd5d59a965f969b6	sliced-sha256-8.v2	nvidia-A-2
1099	3a126b0b	3.845679	19.494	6.341	2153a9284613332116bdb95c20ce0e559fa9649c6c1aae5bf0a931c5862210f0	4ebd2d0d09b6b9e9d5be0b7571347727e5b1c3a035e67be743337fb7930263af	a0cebddfb5954a09	sliced-sha256-8.v2	nvidia-A-2
1100	3a1264a8	3.909716	19.512	6.544	d2647a1c0f45d65aaaeeda38e1b8c548df8f2fa64bb93a5d2dbb5b197e0d54de	6ec17deb9207fde3c86e6f734a3697171ed8778eb004caf8b66e08636abaa1ff	be6cc6552b784285	sliced-sha256-8.v2	nvidia-A-2
1101	3a125e44	3.905096	19.523	6.610	2f2b1212b2b9922181ce3cef550b002fe8bf656afb4475a9e3d0829b8464c7bd	a44c54ee79c2eb6ecf4c8a6154f9725da4173bfa536ee6b7dba1346e73a68660	a698d47d43d527d4	sliced-sha256-8.v2	nvidia-A-2
1102	3a1257de	3.925883	19.512	6.660	1e0bfd9eb3af81e21283edba0960ba5780dcd116e075ad68b128967bbd154517	58c08f11dbaaec90df88f080088ca5788fdba0bf954424774933b3ee629df564	a1c6abeec2216494	sliced-sha256-8.v2	nvidia-A-2
1103	3a125177	3.916364	19.494	6.690	40ee6fede33ee4ec3e7b370fc956d4e205414528ca1bd543dd44467ee90be73a	d6c48b08102a51177763a2686d03c857ffe0c96d961055bdafa40531b9c22a98	876f1152e74bbcb2	sliced-sha256-8.v2	nvidia-A-2
1104	3a124b0e	3.910657	19.494	6.558	be84d57c419481daa4d3a02d20d59d47ae2f3b64dafcbce4702f3f262c3a02bf	9e7f2be8b8583bb8b5a97825541e6ffd7907c9df3a22e3ed157d6e37a835d29c	dd877aa1cafef4b6	sliced-sha256-8.v2	nvidia-A-2
1105	3a1244a3	3.945118	19.497	6.645	e8f5fb36dfade7e957a6bdaafacfc91e519506f935941b2f68b73fbab76c26b6	ba41bef9d16172cd58c583f6f166e0eab1d970f9c07791f451ae28c34ef0330b	5d1f31af7e14b97e	sliced-sha256-8.v2	nvidia-A-2
1106	3a123e36	3.907544	19.496	6.594	e1d3564f771ad52df6c994ef3e66bb8c7a97e0d5292fcd82bc095f8e68dc1366	66b56309972347bcb0a4f555d58302bfdf5f2d67da7ee804836ff788716a6f46	ff8f82ce31ece682	sliced-sha256-8.v2	nvidia-A-2
1107	3a1237c7	3.858812	19.496	6.715	32b0b28735aedd3aaddd3fad7e247bcb183ac66cb6aa3aba9b21594279968915	2a0341c566cc509de51a6a946820391ce88bf6dd9b421f1f67de34c1d493161b	b19b2c2a004d9be1	sliced-sha256-8.v2	nvidia-A-2
1108	3a123157	3.891622	19.496	6.616	5c884fca7c7842c44d5f6e673b6e7b9496ce3e8907fa6f1a5d3c0969adfcc4b8	c12105f87c69c10cdefd7af70f7c1a84b82de143d51d133580af439e9c691553	3c133aee149637da	sliced-sha256-8.v2	nvidia-A-2
1109	3a122ae5	3.897004	19.501	6.601	de37a564ac3234babe9a1ab88c728a3a2a10abc6546e6fc2afc68886015e2dc9	d347b1fa4b13d955648a00c214915858a9696e328469c9bfecc2dc93760f1b71	ce7ed6da1b3e8ec2	sliced-sha256-8.v2	nvidia-A-2
1110	3a122472	3.933721	19.496	6.632	d76d55dc420e299db7f70d08f6b41e729f6c45929343c4a07e7300d9c5ec0793	4562a31af5439a402888c86cefaa4f94f9a32db0e655fbe65bfcb8c9a4007b32	62d086e842646d44	sliced-sha256-8.v2	nvidia-A-2
1111	3a121dfd	3.885492	19.495	6.525	630cfd18b43d80bbce5c32ce8ab798dee47ab2a377efe177194e57f43b73ae3f	624fba556bfc75323821c1605dc90b9cc604fc769d2423db3b18fde2cbcf97df	38538784ed253df2	sliced-sha256-8.v2	nvidia-A-2
1112	3a121786	3.880519	19.497	6.496	e348136186ef02da852e62877420d6790e5a3af4b0c9f92d96663c4e186d804b	348310899e3070346f88b3433e2c3f95dfc4e03e772fe011d4cbdf2973edd21d	644304fb2499459f	sliced-sha256-8.v2	nvidia-A-2
1113	3a12110d	3.878649	19.503	6.574	1220f911ffa4997c4ea94d44947728228444cb783949f67822808361cd8f5375	0a7a6cfc388928227ab9b4e162c56195bd59e9f3f40b638537e18bede5006ec5	b3a8abae9e525499	sliced-sha256-8.v2	nvidia-A-2
1114	3a120a93	3.825341	19.511	6.629	43484a3f1be292973b68879e6b15f1bd0a3e79aa54429f59083d97cdb75cbfbd	4cab33171690b553cb82bfe5344aefdf9003f96488bbd137938ff5831d886432	ef40fc5979296e46	sliced-sha256-8.v2	nvidia-A-2
1115	3a120416	3.825368	19.503	6.554	f96e0d1bb3a5ed43dc40523a862945cff4e5b11c45823034f935f58cbb9ac2a2	d47af1ea96013c953ddfa33a522016613f348d828a475272618115eea501b47d	4e4ed1eb3a2aed3e	sliced-sha256-8.v2	nvidia-A-2
1116	3a11fd99	3.850447	19.501	6.514	11567c5e33ef3e2fdbf88058f6ce8e5f0c242430992bcd950b571336e0e33c87	8a383c8939909c918dc7c5182d2b660f2a341d50ebed473d390434c4a94eed28	b514c91dd0c62854	sliced-sha256-8.v2	nvidia-A-2
1117	3a11f719	3.885495	19.500	6.629	c595677287c416f0a21a96a9d4d1cdd063a629735c36cc26b024dcbddde72f73	18efa8c3641212166db11a04a9f4b65ffdf8436e05ae7270e107c5b34e241ccd	d1a31d29aa22dd29	sliced-sha256-8.v2	nvidia-A-2
1118	3a11f098	3.824039	19.503	6.617	cacf4d58243277a74198d00b5460bfdaa8cee2e8c5389a4325c62ed2476509d3	513a0f336bd66dcfe12ebfba83fe7062eec729ccc97dbc9217ff570a9d862bcf	494ce5fe9c07c53a	sliced-sha256-8.v2	nvidia-A-2
1119	3a11ea15	3.820441	19.504	6.603	cbc92a6376a1dd9934d60ea2baa32f3d50caf97275e06bade27c7a5e57206b7c	00abf7083dec829cdfea996d6faca4b121114d2fd4229eb3276399e4a4513346	8dcb67e7c18255b7	sliced-sha256-8.v2	nvidia-A-2
1120	3a11e390	3.771199	19.502	6.603	3ea484e816fe4dbec2bf4751f5249468f588d5bc84415b5d7bf711bee7393a68	a92b433f96302f8757f15e9e1c72faceb82e8eb95834de2c18dcec1c559b734e	4a096846c9aea531	sliced-sha256-8.v2	nvidia-A-2
1121	3a11dd0a	3.837832	19.507	6.566	f546487e3dae2d8b766a961b9a0e9613b9bab264c7389432e85688be171aeb69	39e3825de7fbea5d5dd46397bbbfd064977edd2da2b3fba773f1eb337cd157f0	dad1f81076b68cea	sliced-sha256-8.v2	nvidia-A-2
1122	3a11d682	3.872982	19.516	6.560	ab3f5d121a40acf93d14ba1287fc34aa47124bcd3a4d0ed1c97e463ef5ed3e81	3264d009f7211f4a394355ecd2889cb3d67c0f68f3006c265a4a9583c94afa33	39ee2303db8e2f54	sliced-sha256-8.v2	nvidia-A-2
1123	3a11cff8	3.782529	19.497	6.618	ca874887eef20f96c7e5be09977848d476b926ed9ee58996947ac19c507d4e49	c4cfc3bde027cb84e61089c01fd1885bc6dc4e08bbf8fa1afee251801f79abf1	d51e6bc858656cde	sliced-sha256-8.v2	nvidia-A-2
1124	3a11c96d	3.751902	19.495	6.572	195eb5d4206a8b760012116ef4e147b7b80f787b0c55a1e4a30a6217119838ab	7fd8a6c9d7ce2643ad916c00202be3df8a509727ea9d32835704c2fcb248b9d1	a516b815c642f848	sliced-sha256-8.v2	nvidia-A-2
1125	3a11c2e0	3.720873	19.492	6.565	89a2a329cffa46253779244f3a9f7df49bbd69287ed6cd8327bd76fd8a88b481	ef7c385c73347d0de1b1c48a4541e87673d2bf1ba4f5b084b6ae4326bd1f7df5	61da8a2264ab00dd	sliced-sha256-8.v2	nvidia-A-2
1126	3a11bc51	3.709174	19.492	6.609	ca940de04af62c0936c7bf9283ce0894260c96c8948b4a3bbf6ecf41da318182	fcf627a2af16b4faa4536f7708ef9e4ebe0ccf2b9e8dfa249d073d344455e1bf	ce8a22242f860a6d	sliced-sha256-8.v2	nvidia-A-2
1127	3a11b5c0	3.783821	19.493	6.577	c254e86cd8c8f889d6d72c63744e9a0dcfc4732f4b01219a2d10ddfd1d6785a5	bc27f40b315fce88725daa8eddafc93d0f0aa6cb28bf16936e6194d36e641647	737b1cdbca692807	sliced-sha256-8.v2	nvidia-A-2
1128	3a11af2e	3.721480	19.491	6.630	44cee00f5af764320a9c85b1ec52c59d7cb5fc1b41ebc4d165162c4b7317ddba	776f5db251f794e19ae2551a82de0de780e44e98ad4a843a91e848d37b39d844	5cc43f5bad287dd3	sliced-sha256-8.v2	nvidia-A-2
1129	3a11a89a	3.721309	19.505	6.612	0849f2604265612997c107efbae57fecb1ab070f82d63b108af018dada2f7522	6b40e4e6771fa66f751a0515546bdde05499d8a8a9c953199a41dc4dcbf6ffaf	dbf2bbdc3dce7191	sliced-sha256-8.v2	nvidia-A-2
1130	3a11a205	3.722444	19.520	6.338	4da6b4ff0c3f637f6cf7ef14bfb51c55c2b7912682a53670cb2bad9fba15b389	6a1d6b6173cc69339103ddb20d8fa992755cdc5e20b946a9b170b8adb404ea02	e0d8be8b08b6e759	sliced-sha256-8.v2	nvidia-A-2
1131	3a119b6d	3.759240	19.499	6.407	81158e42d9d8ee0dd2f0ad30360ba50d813aac208030185aea489de372470a5c	42813befcab331905d8302b2caeb3c275e7d6a85e138d32ef291b5077a21f753	a78870fc04c7e947	sliced-sha256-8.v2	nvidia-A-2
1132	3a1194d4	3.750369	19.503	6.589	9277b2ba642ff59efd3f419674895216e5516e38c427962cf02e2715af0bb335	f6224f470b00374f61f9acc93ddaa99e058b60074833fda4457ae05bfd630657	7698c4ec06c17b9b	sliced-sha256-8.v2	nvidia-A-2
1133	3a118e3a	3.772646	19.511	6.557	0fac62c6a3b8ec34d796fa3cec404354ea3d32eb32c98059630d8fca07371de9	2ed1205000e80b9cdbb08469756b6a91c7a1263ddca332e338513952e04b3a38	306e364c24f10a33	sliced-sha256-8.v2	nvidia-A-2
1134	3a11879d	3.746148	19.506	6.520	14642f17a0328833c5e0753e30449b2a185a7e1ecc297c945208accbe324e5da	979612e77cfc874a33cc4313aa7c1291467f9a6e5e4b80d78184b799ceff2a9b	17cc358f133ff176	sliced-sha256-8.v2	nvidia-A-2
1135	3a1180ff	3.845571	19.540	6.676	86fe52ecbc88a14e38a4ba4a86ffbe5c2d096b453fa3eeefa8aaf609d239c0fd	441c232816824ab17a70aeaa34e9e4d3e4294f60aa7904c61fe1c445b6b2fb1a	dc44d92661b742c4	sliced-sha256-8.v2	nvidia-A-2
1136	3a117a5f	3.870752	19.506	6.637	13ab243f566a7f4aa54c8e12188ab62943faa6172eac28a9cd2033488c08cb50	612b7e4a59db63e324924cebbb76d4ccc0442d14a073a51e280c69ddc1448dcf	84eddb4cff71910a	sliced-sha256-8.v2	nvidia-A-2
1137	3a1173be	3.830864	19.513	6.561	6d107831e360e73e470f3e9ec3dc63a77f2cf68599003d31a8ea9d7c05a33826	5f2f14e60c874c404029aaad0ec631c6941bd5902da8f09c9d69fef205978b99	7f858fb8d22fe0b8	sliced-sha256-8.v2	nvidia-A-2
1138	3a116d1b	3.902062	19.524	6.537	6dd0e53cbc75f896f793191447dc3259ced823defcce8303a41f002bc694332b	2fd8d5ccd573884eba0613cec9aa85a346dd0a20ce7613732e38b8a9c47f628b	d09557a7773941a8	sliced-sha256-8.v2	nvidia-A-2
1139	3a116676	3.867532	19.514	6.466	df5a7a5fa887cefe1d1d97780340c2cb11d7e8da9d7772a5c512d5328e15563e	a8c5607cfa26e748ea8482c0ce4b1f6044e85658ef15f02f1229f1015ae94874	d57ae41b4b93d8e4	sliced-sha256-8.v2	nvidia-A-2
1140	3a115fcf	3.941063	19.516	6.247	8569f0a9b71fefbf8393c008118ad542976f9981a4611467deac7284d3baa83e	2125fe7ed5b4a2c5a147c3017a4fcf8d4ef72b3c6e0f1f9ebb36521174a6f02a	85e69f6ebfe2ed95	sliced-sha256-8.v2	nvidia-A-2
1141	3a115927	3.879756	19.516	6.412	8e74d7247c78770a05175f44f80775c4c2c1bd959c9d60e2b74166ebe30aae3c	e02d168bd50494b97c5a2608395fc33a25627a008736970464ddba1a052819b1	954198791c3f8259	sliced-sha256-8.v2	nvidia-A-2
1142	3a11527d	3.901289	19.517	6.558	b12bfb7a958253d1c21c8cef42245f49413926e2a36ccf47bf65bd40352b7a27	4d37b6b00b3c41031267162d1551ec4ae29995f747845efa1380c2d80af86810	b21c06bd78718ce0	sliced-sha256-8.v2	nvidia-A-2
1143	3a114bd2	3.835939	19.512	6.567	4b6acd78dd4e2c93b59881417524fa28bfbd7f2a15c74a33bc826486eb510c1b	b353b8207c5b3124b3d483b02b1174b87e04edd1a12a88c5cd6e8e110edf2051	3f4958347b350d83	sliced-sha256-8.v2	nvidia-A-2
1144	3a114524	3.838025	19.517	6.310	b593b6d8b7a71744274993cc51c912bbede683dac652e6406e15edd89521c47b	e743d6228afc92eca3ed50b488a3d4e9a21b80f1c3a0fb7f5b167abe60965721	a7a5bde779c5c0e7	sliced-sha256-8.v2	nvidia-A-2
1145	3a113e75	3.880656	19.523	6.619	eb9e047eca2e0fcbeb8ad9454a4e71f581613b9500f549fd55a588e85745cb5c	5569b253d34a5e54aff3d05d2bca0ef7e819d8e9592f06ffe0b35a720c29708a	ce84efb6b8deee8a	sliced-sha256-8.v2	nvidia-A-2
1146	3a1137c5	3.871642	19.516	6.629	d11a7446dea21d9ab4cfca130c93fa336778b5440e192e439c26916e01c0fdaf	acdfcaba5a3c8359ae5f55d76dabba689e432e04e35afc71dfd9ba0e03e93bf5	fbd846eed4dd36a9	sliced-sha256-8.v2	nvidia-A-2
1147	3a113112	3.863041	19.530	6.630	7fab23f17a2758133941cbabf62a9d31985b4ed7594c8fcd25b08c17c018bc45	b527438cf1cff0ec3bd62c2bc13714950f1939f22535ce4aa0eaf8eda2b83b05	d0f5d44c4c7ad2ac	sliced-sha256-8.v2	nvidia-A-2
1148	3a112a5e	3.836947	19.526	6.897	15be4b948ae7d9dd271846ad638b4d0939be4d8f19b138454685fffdcd97d086	6e27c9e84066ab33aced515e13e80948216437d7566f1c1a3f895bf4b9ee83b0	d06e55f4d1c543ee	sliced-sha256-8.v2	nvidia-A-2
1149	3a1123a9	3.892539	19.521	6.631	f5bdc8c19982ac5af0f8e8b3b70619d734405454d6cd642e399eecb35abec889	75522737cddfb6b21a1147374c5e50adedbf35aa82fc09bc39961414eb594d2a	afc575101abca864	sliced-sha256-8.v2	nvidia-A-2
1150	3a111cf1	3.823740	19.518	6.657	ead3102e2022498a1c061dd47a94ed92d67f758fdec3a32660a83f35333d18d7	144895d814be4eeaa682c70272219789a3e31b831da9ef261128956b02f52ee2	082484e1cf3c85c8	sliced-sha256-8.v2	nvidia-A-2
1151	3a111638	3.847808	19.514	6.704	8a51762302cf50d3b422542f54f402ca23c8b68a3b024b953fad491d27275045	cc5f1bec2a17a36ebf33f1a11afa90ccfc70ce779de7ba49c5a8599e351062a6	1db207fe2d2505aa	sliced-sha256-8.v2	nvidia-A-2
1152	3a110f7e	3.854824	19.513	6.600	c7a556987b635c5c6ba6d885c104c1da4bea91b4551ed57eb35e6ed6c95e8aad	a1fc0d03b667c11ae36ced180ee009fcd9e872a68826a0d127e096f453663004	cd87ea2c4efaa137	sliced-sha256-8.v2	nvidia-A-2
1153	3a1108c1	3.882813	19.515	6.508	72cfedd3a9e00428f4fde2424b2b0c14d7c46da76e125fd684881fa63081fc4a	85990aaaef06ca3e8d71eeeba4436b83e3a95a4bc4bbf421e9c263cf579bcefb	8bad915e9b942202	sliced-sha256-8.v2	nvidia-A-2
1154	3a110203	3.857538	19.516	6.544	b24b4a43b7ef23c5d30df61023f6d8104701ffbfe93c2140229562663d405e9f	97ee3e30528a023df7dd6226830ca1282447842a1981a522629787968ebe8312	adbf24b2e2adbe8f	sliced-sha256-8.v2	nvidia-A-2
1155	3a10fb43	3.795746	19.528	6.612	f4bb474761d90384b5b13adca924c4e0a2058257882a0651e0eb6a96c66ea37d	5befa8f024f96e21120229fb6b577a0b2d3e7a19c95f420395f13c4c3d9540ae	bb6979056d7a7c89	sliced-sha256-8.v2	nvidia-A-2
1156	3a10f482	3.836889	19.532	6.598	eeb9622fd98b47b507866beb923c0d85458c0a309cb80e87455bbb58ddd55810	a846b3cea40d18e1392aac068533f9fe3b144ef0478fd999b90fbb542e0e1258	3ee1d55aea3f7d82	sliced-sha256-8.v2	nvidia-A-2
1157	3a10edbf	3.832622	19.517	6.469	0a3ed048849fdcdab0e4881ea3089e48ea36a6086c9efb0a459551f39773ba55	0f733d7cc375dc5d84c50deaf0c0f7b96765db9234155c7c16a8af413b605fc2	ee87de676f0f5028	sliced-sha256-8.v2	nvidia-A-2
1158	3a10e6fa	3.792145	19.514	6.614	a15f5c08f240e01ba6a82b8a3c97b3bd9ee03d999a015170bd08d6465003ba03	b19189251e852c5b2e9f6cefcb0aed6a8307412ad40a8e755477b2cac42c6346	32f35420d9d83d88	sliced-sha256-8.v2	nvidia-A-2
1159	3a10e033	3.850875	19.515	6.560	d844b43fe6b62a3d1ea768bb8804318148cad58291d81530b941f4dd56250dcd	665bba700fe4bb0e894a4bad30f170bcbbf4429c469111b888935a7fd1367160	97d441f5b69974e3	sliced-sha256-8.v2	nvidia-A-2
1160	3a10d96b	3.807633	19.524	6.515	b701c9384bd0f116eb28ffe001a143aee840d0d085b9a33f99c0bbb5808ec1aa	aca421a3b84fadfe0749824f19449532034af083022e67d272784aab4558517c	3cfbd213b5294404	sliced-sha256-8.v2	nvidia-A-2
1161	3a10d2a2	3.793638	19.516	6.486	ef37f9595857ddaf957cda33e2c6cfb8b0d56c58bba7ccb84ddb4f828a8141cb	1cd1d79944f2a17f538d03ed42f8605b67e1b9065d9f1d56e11b5c0414d9d39f	fdfd0b1e36d3e5fc	sliced-sha256-8.v2	nvidia-A-2
1162	3a10cbd6	3.827685	19.515	6.585	73bebf62ac6bdaa9e523a63d6dd3ce531ec4995ccf86f1686af6b13e046eb5a1	567dc56989ea2b9260b8adf924014d9839d0ed792ad855abe396cb6c85c8c7f4	b0bc6ff99be89b7b	sliced-sha256-8.v2	nvidia-A-2
1163	3a10c509	3.808511	19.516	6.593	d693084030a125db57f519ddb5711e7f25f11012a04e1ec73a47f5630873e2df	f137d000c0edec25456f90201d83aff9918328a4fae675f7d10fddee4d0cd31a	f004afee9fd63e43	sliced-sha256-8.v2	nvidia-A-2
1164	3a10be3a	3.869351	19.521	6.712	af004b4d346e8c4f15f2a1554fa952716f0ca5287c9f5da5db3861499e87ea32	8b9139ec4bb8a012b24d5fba509b2c9b147b742549c8277a95079d860cb2a8f3	59cae5607379b47b	sliced-sha256-8.v2	nvidia-A-2
1165	3a10b76a	3.864221	19.515	6.633	965d661a7e396c5dac13e714455667e1fef175f82e64bdedde507b425ef3bd82	58c66b1fcee3db9e85917bad91101f548282cd95fa253d8701b7838b5d2d6488	72bee4a345a5d3df	sliced-sha256-8.v2	nvidia-A-2
1166	3a10b097	3.822019	19.515	6.662	1c3cc632a0480615c94616c6b593ec856f43e88e97ce7bb109752b0f931ff3b0	0790cabdb16772ca0a81d9d40e71eba160ccb5755a3d963c85095af154f1f63c	e45609d2db7261b1	sliced-sha256-8.v2	nvidia-A-2
1167	3a10a9c4	3.784163	19.500	6.666	c662194cc13b9addda9e008a69ad74147eef0bb8ffe25d9ea019802801918a76	4c054ddf112b76c1245479bf6de681d5d29a4a9c43bb4586b8056b920a110c63	174abdd23c136f6c	sliced-sha256-8.v2	nvidia-A-2
1168	3a10a2ee	3.733938	19.503	6.648	4d227f1596be06a2b86c97fd5469c7bd96af190c94858f163c3097eecc2be3e3	9054a00e5fad1ae0f5b0ca31f2327b21e63c2ff43650e1cdaed3ee5fcfe2503c	0bc1d6c54f858f23	sliced-sha256-8.v2	nvidia-A-2
1169	3a109c17	3.712174	19.500	6.358	c0aab7ffb394b1e87147c80b92331b90018d716cee08d0c1bb5cdf49202bb409	1a6a5e8f3966b98f077a0d931f75535098bde98a39931e73118aa122c553b61e	ef6109fef6a98ae0	sliced-sha256-8.v2	nvidia-A-2
1170	3a10953e	3.688758	19.532	6.452	d902db55a10e4dc0c5131718616abadcbf11b828ffca90866611b4c4a4d528f6	3235fdc51607426e039faaf4602865cf42632aa8b9185c352620616203c79b30	aff73189ce2a4981	sliced-sha256-8.v2	nvidia-A-2
1171	3a108e64	3.728950	19.510	6.637	49280dfc809abc6a790e4c23782d2c481c5bf27cb328274059ce115a6c317e8a	e3aa43ef9eac20019fe55c2e304e106032e4b279d6e7888e21c2248288d96aa3	cb93fd3d51906297	sliced-sha256-8.v2	nvidia-A-2
1172	3a108787	3.742398	19.509	6.576	b7afcdd0f469f12e01d125c811f840f59083325ea58691b8bcaffe340e533c0c	d451f0fdfc8acdb568d29c043f344d208b7218affe5104d104b389bd0ec92790	ef428ff201b50b0e	sliced-sha256-8.v2	nvidia-A-2
1173	3a1080aa	3.651110	19.525	6.651	8a97e34a771ad1d5b0bfa7e19521898df4d112e853a382a5de5518de45999e12	5e4eef0f77003bf8bc8e0236630b5a70c9f080b3bf6456eb1ae1681396b9fca4	69445318b5c37ca0	sliced-sha256-8.v2	nvidia-A-2
1174	3a1079ca	3.775602	19.516	6.704	3b3d7c3701557121dcb8fae7a66bb9fd994b789f7c8c8fa69970977796c2c922	9095589dca562115fc8a0bb64651c501c94027eb9623431be315d936baba0dcf	013b044d025d7cd9	sliced-sha256-8.v2	nvidia-A-2
1175	3a1072e9	3.716580	19.501	6.649	0e3123f74b5c042b15ef386ee55cb79eb0cfb42391243e63db228068387ab7d5	88b2e5189d9013f09661159064b7e8c3b1a7c956417300aa8b728561b431232c	62d17e36d7e0995e	sliced-sha256-8.v2	nvidia-A-2
1176	3a106c06	3.702397	19.502	6.636	1eddf120093a8b4fb5b334498a536beb6e62e349eeaa2b51151d844520c7eb91	7cf425a8fbff321ddd7e59df4f48dab01bfb3f265fa0d7880934f0f776b0b870	0d63972bb7ba34f4	sliced-sha256-8.v2	nvidia-A-2
1177	3a106522	3.662305	19.511	6.721	e01a0ea628c9cf77498eda947c4c582fe0d3d63d6d030cb6c37ee91ca649e069	aca734cf26f8cf8c4effa8381c01b0df2c46c00a91bffa1ed438080643097172	6a44ec2348d001f3	sliced-sha256-8.v2	nvidia-A-2
1178	3a105e3c	3.720215	19.511	6.710	361af8d2288e0d2704446d42b521a4ebf71c3d8ac9b1dc34b60ed5c3cf31c1cd	aae81ead5eaca1e39a55a3a0d29d3150fb8e294d44526796982d6c2443ce1d9a	28935ea4888d6723	sliced-sha256-8.v2	nvidia-A-2
1179	3a105754	3.769985	19.513	6.671	6f6c91530b0a37a75e388f17e43fba6c2efd63e7f4005ac82831c25b99573bd2	7bbd84a011a4929a232fc547f48c19dff316ad4b2d60955a344646b877c4ad05	7e80109fdc469d7f	sliced-sha256-8.v2	nvidia-A-2
1180	3a10506a	3.879570	19.511	6.683	41ed366880c982e926da7793dccf21fa093537ca239c7bca76bc7cb1cad8c9eb	90c679cc235c6a72443c6d2b23b37552bb371503f07634da971b8c9280234c00	1f8766d9e8dfb3b1	sliced-sha256-8.v2	nvidia-A-2
1181	3a10497f	3.873210	19.517	6.783	eb4ab532ea4cfbadd5f466095944c322c4b1dbc8f4904a05157a263e7f6b0b2f	7efed34617ef17c11117613775540924f7fc9b8c719b27531b1e4207102d9629	11821c39b303ea91	sliced-sha256-8.v2	nvidia-A-2
1182	3a104292	3.826336	19.521	6.590	866403672fb596ac50d8991421e5c0c9e67ac92cd1db58e46273277fc84d05cf	51228a9e6e89ea9dfcc31d0e6152c72197e461c34b2ca79541358b51c10ad695	380eaa32b66c7bb6	sliced-sha256-8.v2	nvidia-A-2
1183	3a103ba4	3.914247	19.514	6.616	9dcb6116e45fceab9e41fa0a5238e8730fc9c0dce4018d807a4be3e42ccd815b	35bfdd6185b40a7a6c8468fdc66bff35c23fa9f8dc83b2708a0a31511e33a257	014b7074a7241075	sliced-sha256-8.v2	nvidia-A-2
1184	3a1034b4	3.839340	19.526	6.652	5675cd6cb3e3acfda9c80a4d2571b10756a305b5a825c78688753c7e0c551558	b3f48c066b2f7241e7cc5323884a4f2d2c0e9342cd2425dad695c0aa1a44e183	2ceb9cf31d2cdc68	sliced-sha256-8.v2	nvidia-A-2
1185	3a102dc2	3.883723	19.507	6.642	05f5045656313ffcf99286175003e92bfa2ca346a4c16544197fa38cceed10c3	3b2f313da28986a88285c2652b0b7573863709b26953c70f3d9be12d26a93d54	10c3873951d40a52	sliced-sha256-8.v2	nvidia-A-2
1186	3a1026cf	3.882417	19.514	6.795	f6acd25102b649b8b5520e42af29e7bf4502610630be17ce89ce97e310328acd	d71d3c8aefdf9ffdb29fc12dee24e206fe8a2d871b9b7d5612cedfd0c2671b5c	9ab0e7f7720f577a	sliced-sha256-8.v2	nvidia-A-2
1187	3a101fda	3.857991	19.512	6.633	ba13b2bdb70b7f6b7545aa5b6c9e997d21605b7e86d34e9faf0a8413e589a019	bf3f1ec2669c7049d8eec5cd23d2c804b78dcbe6206a3c9826678355df8580fc	ef30a991cebdde65	sliced-sha256-8.v2	nvidia-A-2
1188	3a1018e3	3.839929	19.514	6.776	fae7f4ba598fae924e04b1aea25d0173ebfae48cc8e3c9e6407e8de5bd5aa2bc	f25336e507d047844d913003e0246d0163aeaa74605180cb6404e4188f871c45	19c7f59d6ccf5610	sliced-sha256-8.v2	nvidia-A-2
1189	3a1011eb	3.843853	19.508	6.621	638e589216c03a94c016cad96dc41d4931a77f0dffbdb9523dd564b8e714b55b	2e0bc9dc53548c96a01521e0e7d5bafab864b6f804360d16e6a23c7579b110d6	cfd1f8a48152b726	sliced-sha256-8.v2	nvidia-A-2
1190	3a100af1	3.885192	19.503	6.287	523402e5c2905a12980cd6068b9bcff8c94f12f06b60e5c7b02389c4eb63dc0b	80eb0e3e66f521e932a0d3dad081c02620bf5871b96a40e0cb0db396ffa32142	683b7a57b70b73e0	sliced-sha256-8.v2	nvidia-A-2
1191	3a1003f5	3.829000	19.539	7.061	9a964e3e1d9957a94ecd5964d2ea4e3f2c33ea058155d8b837d4c37d39b98e3f	9c435c2461dbc1afa59277caebb025424bfcf990d562839dafd3ed7062c1686c	2029828e169a6383	sliced-sha256-8.v2	nvidia-A-2
1192	3a0ffcf8	3.877129	19.525	6.787	cebdffe2c8ec65411b54a9e396d2df7f140b0ab47d9306288ea727f879680b78	3a32208110d2dc1159bd16361319be64c7607a56c18b41ca99f98ac78650d326	2a9df0ba8f17137c	sliced-sha256-8.v2	nvidia-A-2
1193	3a0ff5f9	3.852287	19.527	6.737	602e7c325e083526af33aefb87b09decf26d2b6cbe5c9c586f8007c7f37fd6c9	7654dd5b5ce3e8ee78f495b14538fc99df0a798cccf3ccd2ccd58f4da349ddb6	8e9914d89a0ddf52	sliced-sha256-8.v2	nvidia-A-2
1194	3a0feef8	3.875499	19.528	6.914	0dcbaa255f6ea98093eef8709d34fdfbd336f6a68e3ba0c22c4f62bd1fd48002	146aabddfec861a219eef44d580cda4da8f1c489a14413c2e0684566952797e9	1d32310a228fb97e	sliced-sha256-8.v2	nvidia-A-2
1195	3a0fe7f6	3.899135	19.514	6.567	3165f56c22f5899fd9d000cd39dcac8b62c58222641d4943dce472fc75783c6c	d2f5ffda08ca1ae0411c8936c1aa58bc56bc418a88c328c464575fa5304fb71e	33d8fd61d2d754a6	sliced-sha256-8.v2	nvidia-A-2
1196	3a0fe0f2	3.857254	19.513	6.634	0c9edd863baf6fe85a3435bce95e3748fbe5d8e3a99ba7a7d6e44492bdafbd8c	414afee57dcc913b5b4062afdf7dac309d4b71ece16979f9729f1d8f8ccee737	d5eccf74e24fdf98	sliced-sha256-8.v2	nvidia-A-2
1197	3a0fd9ed	3.835536	19.512	6.612	a35395a5067109a8cc214305bf707be5c2423445f2db48b1b964b17bdc4d5ca6	1ad3ab85c39636d791805f77cfaf8bfae829fd9ac10c9dbab7e1579ae8a64c74	746db3ce5d558abd	sliced-sha256-8.v2	nvidia-A-2
1198	3a0fd2e6	3.854849	19.510	6.612	0aca3bd6bae809df03d10795445f3f6bd93dec1b02f40a268274a2e3dbfbcde9	fa47e498b08a10f1e13b8a5e1fd3c35a2c95afa2c3cb28ff65859080a87b8902	2b01c9bfdf44a6d2	sliced-sha256-8.v2	nvidia-A-2
1199	3a0fcbdd	3.819435	19.510	6.501	0658ca424eac5080f6c9c9911e25b7096ccd31e6a2f75f829761e3678e397050	a5a920ffd1e76cbb695dca34e823261fefb3e1c2811d5b8c9c5267b652376eba	f2e43ccc75ec7878	sliced-sha256-8.v2	nvidia-A-2
1200	3a0fc4d2	3.808866	19.512	6.665	830a007c5781268d93df22f10f5d1b5f78feedf5f1dfabef95030d287af4e53e	9b9d1fee55239518a43b3ce7c600410a11721efa67cd8368537f7e0e67ed9049	38156394b7011a60	sliced-sha256-8.v2	nvidia-A-2
1201	3a0fbdc6	3.847225	19.512	6.751	9766fc4cc71e63d9c489015f276debd354b1a5e066cc22939e3a1cf6a80bcff5	fc701711e8c08dd957cdf9644b1f65746d3a7a7f91e2ed44ff2d2f18e94de2eb	38f4e6d4d00dfea0	sliced-sha256-8.v2	nvidia-A-2
1202	3a0fb6b9	3.813940	19.515	6.877	f095229c1844519b5ecacd2a13e03a1421c6c53ffcbee92b24f0502f5e15021f	f8566cfe9e4ab9d0969babca59cccfe14aa05b9db7f3cc21e261cce10a2d5a4f	971738cea40474e8	sliced-sha256-8.v2	nvidia-A-2
1203	3a0fafa9	3.764408	19.515	6.703	b34db388c50d628a94b5949525043f5f5e34952d7f190af60d34330962707ab7	ad5d744535d3b027286503818e5a5be88090d568d09660451d15aa6d498ad87c	2730da5f06536fb3	sliced-sha256-8.v2	nvidia-A-2
1204	3a0fa898	3.785799	19.527	6.681	e623c1200276ef71be7f203d12628ae42c069a88bed811f968227e28f7d51012	3a8d7c428f42453e6f16a50709559285b08b96cb2772b77eaef5373918357789	70a94a7bb5b21cfe	sliced-sha256-8.v2	nvidia-A-2
1205	3a0fa186	3.778888	19.511	6.672	037c01055353f165ef67b5a826169f4378094f8f654ccbb18b5f3622999fb527	ca5bdbec3689cce41a525f9d5323f3443023bb8c3e6d8b70d369e77f44381977	37d5786d3624773b	sliced-sha256-8.v2	nvidia-A-2
1206	3a0f9a71	3.832737	19.509	6.693	f88462154961a4656155b10b8aa417cc385698e069ebc1226acfbd2249a4affd	8ae5e4f7db3f0843327eaf15579103d5e54b8bc01a5a772a9ea271afb39c60d7	9b1f7e303f84c560	sliced-sha256-8.v2	nvidia-A-2
1207	3a0f935b	3.753319	19.508	6.690	dd9bdc0dfc3d7ecd7de4d5a8317edf66e5169a1fba1b86a4ec8798679c660a6b	bad173e17f9504ce2b62009543f96555f4f43bb97244657a7ac2449ca37979b1	2b66102d6eee5070	sliced-sha256-8.v2	nvidia-A-2
1208	3a0f8c44	3.765474	19.507	6.698	b60d45fc2ccff499f586cc9e49083de6aed8c00263d1f94323a68f793ee82662	de03655291db64e8eb1fb409e29dd4677b3fbaf5d91ceb653efbe01fc98d6613	726bb736c1e00ca2	sliced-sha256-8.v2	nvidia-A-2
1209	3a0f852b	3.837354	19.509	6.789	b7854a0873f0993f449624d38a8b94993dc178447233fede7929afea87cf0e38	753f8ed2e24f17debfb74fd0cecf66a1549a5b1135a3085bcc86943cd6b7adfd	a8699ac0b81d56ca	sliced-sha256-8.v2	nvidia-A-2
1210	3a0f7e10	3.779615	19.519	6.665	43adb8a8ef163f319ab85b72cc5dedec7ee6617464715b1460f6e81848bffc60	04e8308158a8bb9ff214fd93eb4fca77f80ba1168b0f9f43e68bb26def307173	b03e5ac4f50550f4	sliced-sha256-8.v2	nvidia-A-2
1211	3a0f76f3	3.780146	19.526	6.725	524049e9d66fceb3112d6ea6942508fa076030722c58e7fb793a0c1eda67500c	d164ab93a647daf02ff92d49a81c216324562a1077e920e5fd6b3e4ffe89a119	f55629951e8fcf3a	sliced-sha256-8.v2	nvidia-A-2
1212	3a0f6fd5	3.805912	19.532	6.550	8f3ed24c5c405fe80c634aa864709b34967a89bfd012a566d95f33d019ad427c	9d2d97ec9961b630633d5e7984614bd4c44e115c467dcd6a29c12b3e5c3fbd46	00cc8894da4181a3	sliced-sha256-8.v2	nvidia-A-2
1213	3a0f68b6	3.667290	19.510	6.628	951e1f181290635b538b1d10fabc78892f29d31df3e29f9aa79b1e37aebb9b40	75fad02f49ac00cf93546e20747e0c81ca7659c14d2013e7943b183dc9b621ab	a5753eda9983cc03	sliced-sha256-8.v2	nvidia-A-2
1214	3a0f6194	3.716598	19.506	6.665	92f3cc315a49ded11c62d0cdfa748a2738a58cf634bd90ac8ef8664bc409ad56	de2b34498ae70668a766477abc62e5ee1b4b73756223c141ea9e111cdaf18dc0	3e59f548aac6ddea	sliced-sha256-8.v2	nvidia-A-2
1215	3a0f5a71	3.696152	19.506	6.864	7d5b3cd5b01b13608116c5fb0254cf3246882f8c38b0e582c303bd71add8dcfc	d03a5cf50ffdc9769e0a66182bd0a961b8dd296236a3c2fe9bb7460a6c918deb	f9c8c58610ae0286	sliced-sha256-8.v2	nvidia-A-2
1216	3a0f534d	3.794105	19.509	6.776	1423808bf625ad12dad168d1bdadeaee0ef58bbc77df1d8aa126a7b0c09cdfc5	223a5a87b38b1164d1c7b953565a9b62695482e8d00944ca305a499c91e7713d	a4aab792415b50ab	sliced-sha256-8.v2	nvidia-A-2
1217	3a0f4c26	3.677598	19.511	6.598	e858d4d0bc0d780f0b0e5a7b9b4c1d8d75ed6605c8fab579506013f4689854f6	458ea34b8f93e2ccd15303268dc6d105d5131d410ce2faa861e7e81efe5cdd5d	249f8d704bc2d96c	sliced-sha256-8.v2	nvidia-A-2
1218	3a0f44ff	3.727915	19.511	6.706	3c407d8040e6890e3559b9da960e1003f002afea1afcd0cd09d008f976f3d3da	f6846dc09d5737667afe02b048665f8951e26ed0a814ce4ab65dad86980c9377	e0a13e1575625e5f	sliced-sha256-8.v2	nvidia-A-2
1219	3a0f3dd5	3.697702	19.536	6.658	a60c1edd9ab96d849c81f74240ed0e5b1e24227d0b46bcb6bcfe3b3f6dbbb9fc	25da223b3b32288587b47f0372b5e3cbd1cb7211e2b81dcc5f55e9b891087887	2de575e40ffd3c8b	sliced-sha256-8.v2	nvidia-A-2
1220	3a0f36aa	3.672864	19.521	6.666	98c02173dc6c2b1637f5d9581208bc375ffbd3cc31e2d062e73bb197a56413cc	a454bebe41b49fd6e00994ed4b51d5ecafd4efc5ff72ed5040a7069cd3ac8b48	8aa0252107a58f78	sliced-sha256-8.v2	nvidia-A-2
1221	3a0f2f7d	3.804929	19.522	6.700	2effe2b77fcf0f858cd14d72b42c15578ddd213c99185304aa7417b6d88b4acc	7597954de1152afc9f0f9350ee8e1caa2a032a2efb4667a77b53fcae97ad4834	1a4144f00fa65e94	sliced-sha256-8.v2	nvidia-A-2
1222	3a0f284f	3.659630	19.529	6.704	55f4824f9907698a056b3866670f5c6c71374ff4e676424d760cd045fd1c9a2a	1ab080c7b511e6e27a812db5309a93bbf6935bb242a7449d8dd73cc227bd62c5	cdf69658b80cafca	sliced-sha256-8.v2	nvidia-A-2
1223	3a0f211f	3.668847	19.518	6.738	2f3d0dddcccabc273a6e0c95cc33809b644a5548951c1b70f4e531cd1f1f1096	490b1287fcaf27b4bfca7712ffd412b6695f97f5afbb2fbdaa728814a3cf870e	8c56ec26543f7aa3	sliced-sha256-8.v2	nvidia-A-2
1224	3a0f19ed	3.821354	19.512	6.725	0981d52425be0083668c8749d58af4c31b1288c32835b4d5f9d06db517ebdeaa	bd53b02d1e8394304bec7a27fb4c774cb71e60c5819151baace369c6728eebe0	b77a11e260b8649a	sliced-sha256-8.v2	nvidia-A-2
1225	3a0f12ba	3.910802	19.505	6.571	3a8b80636ab4a13b42ad082315dcf36da3ad3bf1b0499e021ffddd86862ce864	0fb87dcfec18184f690e33f5c9ea0e3fe2809bd6847f4899b7a091680bcacc9a	bd6963161fb36ed2	sliced-sha256-8.v2	nvidia-A-2
1226	3a0f0b85	3.957868	19.520	6.511	1c3ff6dba91317e7920ba5e9317c7a33a15c18ae3cfa0e372759774d73a5a3a5	07e02bcceaad82cee86621c676397bb28f6b34848046b45c022631c957606ab7	0acdd4b51efffd5d	sliced-sha256-8.v2	nvidia-A-2
1227	3a0f044f	3.863102	19.513	6.678	129e5f7a6608ae96d92f480aef32c0b398c5d1ef42c9535c7e35d3232a4cd9f7	a03bf4876d44b1507297e73cfe7789f3b6a103121e75b7f49837af674c0ae3e5	99243f8b010b3974	sliced-sha256-8.v2	nvidia-A-2
1228	3a0efd17	3.840918	19.534	6.607	f5b6f9f3a7785aa623c74719c0ec59fb2f0c264b751bbaaacfc20c88f27e3dfb	58f52deb87e025efe2913f8a4645dc7fe62aa881839ddac8ca2c07736ea1964f	141cd7e87a19d488	sliced-sha256-8.v2	nvidia-A-2
1229	3a0ef5dd	3.846726	19.510	6.577	6d0a18622890968b751801f65d8885475275d9f2aad23c4649e5da555f863fdc	5d6edc310ed502b872ab34ef44ad5bde97945015359b5595a2963e63e4cd0b06	9c9b0b90d199261f	sliced-sha256-8.v2	nvidia-A-2
1230	3a0eeea2	3.852891	19.519	6.634	d2ed02fabba91e4240e6d54bf9b08a026d47850138d076450c05047311bdf456	249278ccd4cf9e24b4f4eaf0b96870a69fab5c6daf1e00d1ed804e715428c8ab	18c9440e67051eed	sliced-sha256-8.v2	nvidia-A-2
1231	3a0ee765	3.832284	19.510	6.623	0a642e968c204d7b7e35f6827beb6557678d7b90b1091b812bbe54a98ee98694	85f6f16d317340534e05e84d92f45a933a70f45890c74f0b54e497f10dc4fc8e	80adffebc5d2187c	sliced-sha256-8.v2	nvidia-A-2
1232	3a0ee026	3.835379	19.561	6.620	8ed209e6d84de54a04c314fbca996bd6d8ad996690ed32b98ba9bff1bab89aed	19b8be096c41d2bdd3d3398f4c3e83a78a58ca8e805b584bfe6afcfd108871ae	7f1e759ee085ee04	sliced-sha256-8.v2	nvidia-A-2
1233	3a0ed8e6	3.882758	19.496	6.784	ebcc5e84d200382403ab8e31df76e6ebe4092dfe9f8b39b65a96ca12e4e7fcf8	296d47617f7791c00789c20a8573d16dc71415f3ba406f0937afc95c490f5257	0fdbaf10b6690ed3	sliced-sha256-8.v2	nvidia-A-2
1234	3a0ed1a4	3.788967	19.506	6.862	7c845a7d2ca26d4b5bdb47e26f5be1561b249bce7cb3fe892a08da4e4ba11fbf	8afaa0677ba93c1fabe40c150324f95259aed84a56c664269ef5ee74e315666e	f8d44419657d904f	sliced-sha256-8.v2	nvidia-A-2
1235	3a0eca61	3.843494	19.514	6.770	69f943ac51e9596b46314b83318095a2b756d65182cc3dc9a67b7f8108c77a50	e0c7f56fa5bcb01e7880dc5f9c6a28acbfb4a5d9d19818a345470689ea088db6	1d59e65520a43c9d	sliced-sha256-8.v2	nvidia-A-2
1236	3a0ec31c	3.833741	19.518	6.725	5ec3b1f0de71b0069c1f2e75fc694684550b8ec13c6917489361aa397f5a422c	64bebf1c7a416d194df8087f59cf9a3bb217bb59339043a450d37a11568e01f7	f23f21de625b8f46	sliced-sha256-8.v2	nvidia-A-2
1237	3a0ebbd5	3.841604	19.524	6.684	735342577973f03ffc34b4f3f05b5f4a853cf558a0db0d9c84c0985a625e539c	9721a3c59cd3ee33902e74c66bc6036f338d9c61bc9f513e79bc204900e4e404	44461a8a925851e3	sliced-sha256-8.v2	nvidia-A-2
1238	3a0eb48d	3.870922	19.510	6.663	9429db915a58348bb26a5d8f9d2dd6ee80f7ea5e24a364ee4d6548d5a3d30c65	042da844a480ef187adc1ef042e02206d411b50e2fdbe75de55e8ee508ea4857	8b0c5044db4bb82e	sliced-sha256-8.v2	nvidia-A-2
1239	3a0ead43	3.850238	19.498	6.595	cfd7c978620a630d0e7c6ae7603b563b7d3bab7a69953749a39a8aad4a3baf63	8357a8a46df24fa524b5b9335088f595c86f97e6081c7a809ade3a045e89cd48	bd2ee934f2543546	sliced-sha256-8.v2	nvidia-A-2
1240	3a0ea5f7	3.865898	19.493	6.579	919e76db3710b5c8857d77f6a06b95e7f0a6451b8787685e9c1a72211ba5faeb	0469dff493b6dbbb0d7a6b7c42dd7ea810bb3457175821e71b91da793e81200e	203cf8c5375420c6	sliced-sha256-8.v2	nvidia-A-2
1241	3a0e9eaa	3.819964	19.494	6.634	e128f62d310189f2ca213c91b432281bc4ddf1feb7746500029465c11f496903	e7257af442fb51501dcb7b50b1231fc1ecdc2c6255e6aedcf7ea30dd09bc766c	5053339158d3e4e1	sliced-sha256-8.v2	nvidia-A-2
1242	3a0e975c	3.809186	19.510	6.568	590876fffe0ecc441c6255dc1e89706af0bd57100dfb919def5f05b9cf3552d4	90b9e0e4f541ed7491b8667fee3b2595df606a070967dd333c6226ef5881399e	c45798040cc784ee	sliced-sha256-8.v2	nvidia-A-2
1243	3a0e900b	3.795363	19.505	6.633	1587fa089c0cbb5c0247bc86127be0d02e41f22fea875d15ae8ec6512ce5dd7f	6cbffcbefe39662cb709e75bf6ac1a7d5b9496652f8b3f5b16f8cade50195e04	a1034699ebdd86ff	sliced-sha256-8.v2	nvidia-A-2
1244	3a0e88b9	3.855692	19.515	6.638	5839b02e053bfed99ca652600c6aef5e72bed2ce5b684ac85db1b5bdb3a7c2ec	9ee1ac12e07a5c3c0bd4f8a00361774a260e69ae6ce9f76c0894933ba5322db0	9117ced544086b52	sliced-sha256-8.v2	nvidia-A-2
1245	3a0e8166	3.814463	19.492	6.586	b8928c0b50b90060e15018e0397899055b88fc859b18cf0a6ab136f6fd15f5cd	642446edec0127da90a2bbd46ed3ee480e9789d219047882de6fbaf56e331479	817df0d9d220572e	sliced-sha256-8.v2	nvidia-A-2
1246	3a0e7a11	3.882211	19.493	6.520	a0fd8557e270cc2b7d4a9d483c7c30d7147a8d6aa545e34ec0c56d49aa48aafb	10f982293b2d048a247d202230dff2dad2c1491a5b709d4e324317573b8a5a34	93c10c602b196796	sliced-sha256-8.v2	nvidia-A-2
1247	3a0e72ba	3.804113	19.493	6.652	32bf0bdf6f763268dbe3cfe19d3b22202b9f2f10011f737d4a2ac1008ae9ab1d	5b883c20e780e0130b06052b4a17625a4446fd88167034fe4dc372394cb4d92a	25411889c4facb96	sliced-sha256-8.v2	nvidia-A-2
1248	3a0e6b62	3.883487	19.496	6.584	4e3162225b61fcbad1f69c12d117bd82987bf69fbf20732dd4810e1ace65a5a2	6a55ee47f2bf119cfaf7558b6841f373b22d4c6b82d6a90d1f1808181ba71ad0	3484ad0a51c75872	sliced-sha256-8.v2	nvidia-A-2
1249	3a0e6408	3.820837	19.497	6.642	e274ed1c8dbf31559f7c2af45c78f12a59cd0a3c02bb99f9cc86c2c0853f3c62	27d274cdfa0003be95b4241c2e4b03fc6fc8d488e4713c2975d93aadda4b82d0	cff0da4333c78406	sliced-sha256-8.v2	nvidia-A-2
1250	3a0e5cac	3.799094	19.506	6.636	c281fe5a066ff52fa667ff3deb5a28640e44ecc9ba01fbb3453b1cb568f8b60f	8f790814a1ad5982096d1b07f1eec116e71bada5b293815a2ea837577e581804	074dea3ccea25806	sliced-sha256-8.v2	nvidia-A-2
1251	3a0e554f	3.756106	19.494	6.602	91f9ebbe86f3ffd8da163e327527ffed16f8a625085dc55042d3ef5bad608660	77aa0a07e39e2fd095161064b3f1a8cc9f3a3b25690e2d4a1eb339e319dff62e	d5b895be8d11227f	sliced-sha256-8.v2	nvidia-A-2
1252	3a0e4df0	3.821790	19.497	6.575	a6c2aefaf7d1d3599dc6d6e76e0e6ade597f4fc7738b7dfac8b83a43c5aaed75	a3d8f0f0212b110b964cd86bf7a04beeab793cd5882470ad62fcb52e111112fe	e97138b7a3e3c6d7	sliced-sha256-8.v2	nvidia-A-2
1253	3a0e4690	3.760595	19.500	6.640	58bf0e9a4d8a491ce06818d625e4379aa4dbf51ff3736b2350f917a9c6052221	f57ff81a9c6e2be1280f662a4185ac44202d94d1d1c7ee8116d40e94808a0b56	14c120b3e674f386	sliced-sha256-8.v2	nvidia-A-2
1254	3a0e3f2e	3.842442	19.500	6.617	444d554e1432dbeff584a45a0323b8bb5bfc1e0c8a35f21f7d11487d92fa20fb	836aa81f22ecf3d334304a9ddd11e7839eaea4315e6de609f94b010b7c402502	9df8cbc504c78294	sliced-sha256-8.v2	nvidia-A-2
1255	3a0e37ca	3.815905	19.501	6.623	9f0db84dbcd240085d1952393ecf6eda5654741ed75f375660addd05eb8bc078	28bac48f8ab4c748b916e3d52d2e30a6e66f8d4ae0a3de5c1c91c98a55a6b14f	a7974d9c6dac38f0	sliced-sha256-8.v2	nvidia-A-2
1256	3a0e3065	3.764679	19.495	6.521	af509ca96a0f1f8da3f77ab434f729581c10c23a2273529ef20e137eb805b893	675f56db97e06dd25b373c5274d0a04e2c6f4c041fd907b5915e6a1da0e93213	de12afb9a3b0c079	sliced-sha256-8.v2	nvidia-A-2
1257	3a0e28ff	3.722348	19.511	6.622	2a140902e349c7a024a9f1587e177b289c3d402ae06bd1bf609b0d08984697c4	9a741ff4b501df42de55efdd7457ad61bf0c3c7bbf313f7d70e2ee76a791d544	780a7f4052de9f18	sliced-sha256-8.v2	nvidia-A-2
1258	3a0e2196	3.613454	19.504	6.761	4d7f5ae3f55ba8dd63f5c5602aaaa8174ec969c431e46665fa3c4e823cc0127b	6471c75c378dad3fed90c7e3e562d51f6d5ae8b91f1baae9345a628c29476217	7c4ac2c95bfce4bb	sliced-sha256-8.v2	nvidia-A-2
1259	3a0e1a2c	3.678114	19.499	6.661	ec390054cf95bd96cdd1681e9e3c3faec1116a226c3214378eccd797f3815201	94982af8bc81d94f344492790c4c7c904ac00bbc3bf52f673d679109dca769fe	e1959ebe49287898	sliced-sha256-8.v2	nvidia-A-2
1260	3a0e12c1	3.650100	19.495	6.701	8462bfc04776c3df33f8d4370f7a458cd2cbd3a2aeb0b2ce4db7aab0889fad95	2e1a5a517ad3a6c8804090c7e29dae0c97dafc04e04381d3c7f12e2e5350570d	f943b9c999da6b06	sliced-sha256-8.v2	nvidia-A-2
1261	3a0e0b54	3.656576	19.492	6.696	d419a42823c5beb5285d3ac4f36a82fbeffafb9773e92b62c8e5cbb335b9be85	6dd98f909b306b86e8297768011e8f37e66800afa9d2ae8d4f5decee255e253b	17f44d4a4da3b127	sliced-sha256-8.v2	nvidia-A-2
1262	3a0e03e5	3.610563	19.498	6.579	e33ac420b9e693a9a8e3f67c1e1b3c03cac02dc4864622d388fa7080621c858c	081b5aabb146d324dd51918779bb8707ea7c0e6def2e8c0ee30be3e084fcd8e1	5470137fbea7de6f	sliced-sha256-8.v2	nvidia-A-2
1263	3a0dfc75	3.609476	19.496	6.614	7710411464d431b0deae6509c83039ee491369f0632de0b86453786afcfa1230	3e5ac9f4beaf2d305336e9367ab1598a8e7fadb19527894d079d132371f38be0	1c4bc8d893f8a1f9	sliced-sha256-8.v2	nvidia-A-2
1264	3a0df503	3.747197	19.495	6.635	e956738273aab0e7db02b0b57d360358e9f58c09121ce702e6977c4313d90ba1	088102ff2be265e461c75f2c50e5b1f1634006b5c7b97ea4a4d0dd4ad339ef2e	3d6bacd4d05681e9	sliced-sha256-8.v2	nvidia-A-2
1265	3a0ded8f	3.707848	19.510	6.588	75931787f1b10007f3e5d411844a001084f0c9b930302cd88d9a58a4083690fc	6c0adf4abc20a6eeebf2d322b39362197fa315455c9fffbb24e4fb00e48ac506	97110cf50a61ee96	sliced-sha256-8.v2	nvidia-A-2
1266	3a0de61a	3.723748	19.517	6.678	bce1a0011fc127027d9fba5d96516d377fc6f579f2d8198d30ae2384ae9e69f6	55d47db55c55e654e1638affdf646c685bdbe10ccfd2f6509af9dfb2ee9c37b7	2863b552311c7c44	sliced-sha256-8.v2	nvidia-A-2
1267	3a0ddea4	3.664696	19.494	6.880	c7ecec98736bb3b3f619ea3e5f029ff78c2fe7ff1b52c6f156a6f1d7085cfab6	f23e7fbf19e2fdca5fda2347c774196fb1586e71df9c5160f5c6dd2a291b4568	fa18376ef7743b70	sliced-sha256-8.v2	nvidia-A-2
1268	3a0dd72b	3.720378	19.495	6.593	ef118fa546a86a537b142e12b4cf6ab28d6344c9f82cfbc3c42cdf017c76c342	810dbbe35f009f63df44454067ac1c23459c6dd62d63b2c2f3b8f3e13d760874	3ed2c2b1cd5714bb	sliced-sha256-8.v2	nvidia-A-2
1269	3a0dcfb2	3.733186	19.496	6.631	39945b1442cfb626f75b9372cb8c1d5ae4470fa4a67c164f1829d0f6e00c1913	404e8abca9d7df36269c7fd3d2f9d4d0140be20d364a9d8f7aa6c8be7e234ac1	9d13ea00e9ec4bf9	sliced-sha256-8.v2	nvidia-A-2
1270	3a0dc836	3.767802	19.496	6.581	4477fad9cc1fb132fac76ef7468e29b2370daaf880b922d3007e04b21bf1d25d	a561ec71991c57ac09dfe1df228b3bf5c6084725b571ed9fab12d53f9d83000e	7b8af2c23823dc43	sliced-sha256-8.v2	nvidia-A-2
1271	3a0dc0b9	3.776748	19.498	6.597	1303010d38cd233733211bd653a5c7033ec50e9872c4332e0015c7f4ac7d8216	b4b367f45b8ee8411ae4905f4bfe0d8765065b680fa300ed9d092a619da6511a	07e584ddec93a6fe	sliced-sha256-8.v2	nvidia-A-2
1272	3a0db93b	3.767920	19.498	6.622	81f65d4b85dd9642732dd31e5c23b76639f61c8fbbb8456cb30882e79f235973	2dae2ee66649a381a3091d7513f429270db6375862a0802c2c2182a89e6fadf9	8802bd4855940578	sliced-sha256-8.v2	nvidia-A-2
1273	3a0db1bb	3.813979	19.523	6.668	0a9b6a2b3d75d4177ace59e9f669115e889221ad8f69ca54e94a092fd3234075	f20fc921219d301a69967cca454c97b201460966084c418f67b75234d5301e44	303908e6f79f9700	sliced-sha256-8.v2	nvidia-A-2
1274	3a0daa39	3.758559	19.511	6.601	4b713f1dc88e553549b045686001385f356bda324d11d737ee43878fef719ae4	c135c7423440a941340ddfaf3e051778105028531efcaf744b7aa3073844ff30	29d2373655d359c2	sliced-sha256-8.v2	nvidia-A-2
1275	3a0da2b5	3.756734	19.493	6.660	86c712f5ec50769d89ba01b1c0405e5f3568cf37cea10600a8401f14c61c51c6	420672887cb4ced82e3b57a403c4d02a94b30a53a66227051640af9b8a24c4a8	a8a63231268e46db	sliced-sha256-8.v2	nvidia-A-2
1276	3a0d9b31	3.687334	19.491	6.745	0ab745b0ff831fd83f94236d9775beaf53b9c1d634157080774a6ea1819aaaaf	7c13aaac793cf331e5fd28555d5cd566620618bff38d14511c6fc0fe68a555d3	66b75c8ea411c9ee	sliced-sha256-8.v2	nvidia-A-2
1277	3a0d93aa	3.736621	19.497	6.647	24e76e6355dfb74264e82e57195513364dcd874093459d989b8731f75af3127d	61c3064bb86a51c2392b18e9f54371f3ae48c1d9f65f7ec27acdea16e4bdde9f	cb3902ba5e1459e2	sliced-sha256-8.v2	nvidia-A-2
1278	3a0d8c22	3.820073	19.494	6.664	9ea6d91a5db6612e991df8ade7ae25724519f74864749b4c7ddbeac680e79c12	931bf54c1818de0c86e51fb37f7f8b3fc04a97c22384ad88b3e3bb77ef3f16f9	bc08719640a1280f	sliced-sha256-8.v2	nvidia-A-2
1279	3a0d8498	3.777693	19.493	6.682	9f1947ff6fc23b9295581e9aa0c40e8176ea24e2eea2d234238b5381e165615c	3f3ec2bed567508e71b1de3d10ab331a71a215f4eec7eb200fe53d46ff8fbb24	c559673d5cf933ce	sliced-sha256-8.v2	nvidia-A-2
1280	3a0d7d0d	3.838018	19.496	6.750	2d6caaa05d6d39ab8b5d05c17d8669ca7722ff905f18c0d522545961a7c5fbac	63c7f554f27fa9d8b9b2c230325ff584db32440a8c5d5b4e0b4518bcb81db6eb	1a9db39a35d40839	sliced-sha256-8.v2	nvidia-A-2
1281	3a0d7580	3.816689	19.503	6.676	1ff20a86d19effad3a7a33e6c516bf3c34dd42712620270a5f5ef27e4bc8be09	90481f3883c1b442e5088ffdcbba822a084e24358082dbc6d4e7cbc13136fec4	17043304ed661bda	sliced-sha256-8.v2	nvidia-A-2
1282	3a0d6df2	3.815680	19.512	6.509	c30e42a9ccce8fa221842eaca4467ca41617a46ba630c0b22e70d1c0b37806f6	5c7b8e0476f8d271e39d9043a712e41b2bf4c720e34b7524fcffdb1ec2140ee3	34c13bf322ddd575	sliced-sha256-8.v2	nvidia-A-2
1283	3a0d6662	3.774763	19.494	6.647	ab61f141eab3f98d3bcb87edd1acc5623ee2fa0da5ef4017446d7fe8af2a6b00	04f0e15d5ee4e129b02f962a1c8dd94a23a3abc3ab4285ad44471e7d467ad454	31ce7ec48caa2d69	sliced-sha256-8.v2	nvidia-A-2
1284	3a0d5ed1	3.816679	19.497	6.673	96e32079dff37f6465c20fe652b9ea16ed5b5fa3351af3667edee5a402aaa071	479a10070fa2f2b5f049e38e0fbc8859e44f4a078640942d203a3c2a366a7edc	42df6c996d83fc9c	sliced-sha256-8.v2	nvidia-A-2
1285	3a0d573e	3.789628	19.513	6.694	e8b91ca3b658c7d501ffc8ffa02c59efd479e747167c68b3c932243a57d34b02	cc1c2b501508415d542ff73749f55ef914039165a5a9618dff1aa561b749a7f4	253c9c4fbebb8434	sliced-sha256-8.v2	nvidia-A-2
1286	3a0d4fa9	3.778980	19.512	6.591	dd35f2adaf32fa0c0ece571990b8a34c824bd2f577dca6afaed1cb808ae87e0f	e0ee6f7af89335ef61c6d84609b2dc9da9beaa73efca7ad964d01c2127f4a262	f9a80e5e0d13ac62	sliced-sha256-8.v2	nvidia-A-2
1287	3a0d4813	3.825825	19.505	6.683	355ad59f77e95f2f23c97937aad6220ecb1b5891f5df96105b8b2e15760ff5d4	829c8e148685ffe40a0b3bd8a7b1099de3afa2e21378ebad05c835b82d5378c6	d0b532761f878860	sliced-sha256-8.v2	nvidia-A-2
1288	3a0d407b	3.829848	19.522	6.663	dae4bf4bd0466455e6c8e49451decbcbfebd7eb3467746ee765be1c896bcb2d1	82b7c98551c2ba13a0d7abc3efc1db2eca35aa1d964aad10c68c951b6e12466d	333019d5c4532b5f	sliced-sha256-8.v2	nvidia-A-2
1289	3a0d38e1	3.795663	19.494	6.703	3768d30c999751a3f48a836751b754591e02d4c7030d98ab07ab937bea644851	3303dc0721e349267f2cb91a30b24dc6542d20d38a02065c1d16952fd4374d10	47dd1cbd6afcc1c7	sliced-sha256-8.v2	nvidia-A-2
1290	3a0d3147	3.800633	19.509	6.591	f8692463d49d7df1d76930ec62e2a3b0d24e0f53a1e8bd50dc27618aebddf057	5d489746a3c226851dd4ca979f5ed362d9574b7dbe6c66dc28210c9edf01d6ca	4d1c9f24906b670f	sliced-sha256-8.v2	nvidia-A-2
1291	3a0d29aa	3.847875	19.507	6.334	fbd99117e7e4f118a6560ba4f016d03caa1304b1679bfafc4bfebc2ba1a697f3	7be6575e2dae45e958b84018e9c7a3984fc16652dcc44a2e36eccba48821f385	72ff4e9d8c41cfa5	sliced-sha256-8.v2	nvidia-A-2
1292	3a0d220c	3.779092	19.513	6.629	4a418f70291cfb43569eb38ffb6b8e34b5f9a6db848894fe8b82e1f33ad3fc36	c2dfb2a158695686a0c4e05c2fcfa9521a9941bd9b8970c6feca6fe5d053995e	77e664f3604ec26d	sliced-sha256-8.v2	nvidia-A-2
1293	3a0d1a6c	3.767806	19.497	6.593	840cdc424f7940761e2390bdd00b3e93c03813c888d1b1e5cc4a4b7a28dbca45	6d548ac91098318f431d34ce33464a409fa31c308ecd4cab331b694b4fba08ed	07f26e71a9d6e2a2	sliced-sha256-8.v2	nvidia-A-2
1294	3a0d12cb	3.768698	19.498	6.599	700a61700d789811a2d7df80cb070b2da65735de19b5e4a0a2cac11e1255b2a6	3b052f49f9786a521562cab10cff0fd02f92dc5ffa4ee83f0830fce188da17e6	88859d0f709b4f41	sliced-sha256-8.v2	nvidia-A-2
1295	3a0d0b28	3.784888	19.496	6.591	3b823d47b6dfd2f5b06eb086c7aae790898e07dff1f9b19f84661e21da87e825	5134149c65adcdb91ac7a842eb6f160dab6c3768ab6ccc54f8b324d259400f69	98453e2c30a55759	sliced-sha256-8.v2	nvidia-A-2
1296	3a0d0384	3.810870	19.500	6.596	0e698d014defeb9a921a57468e2b0268d418e2353a71ce6908f2e7971e1a5be3	2ea9a6a29a53b57fbf8ee7ac5e57b5bdd6e74a11d2044511ad7f736fb0fff518	6acca740ea91c779	sliced-sha256-8.v2	nvidia-A-2
1297	3a0cfbde	3.830098	19.497	6.561	108d40edad8dd59df045dbf2c932d69e450eeee0cb30e568a63b12ee02176474	f234d4cd8836d7ce204ac2206d61ff0be1530960f36a7d5259b78b3656e861c1	5752f779809f6aec	sliced-sha256-8.v2	nvidia-A-2
1298	3a0cf437	3.795832	19.501	6.411	3d84335215197316995185888415cb8d5513516d446dd82f9d6bba4268f07f67	87b10fd523402da7d1c2d35b1fed8658b2d191bd109ee519b5ca976c4fddc5da	663b919e48055ab0	sliced-sha256-8.v2	nvidia-A-2
1299	3a0cec8e	3.767125	19.526	6.565	1920ae00c4d668c59c22edda1d8c125fe25ad2d0c195b296821dea183f1d8bd6	afcc12d868a913c1248a50b96985432548819582ad6ce6fb912822db86704b0a	e1aa6519ae6950d5	sliced-sha256-8.v2	nvidia-A-2
1300	3a0ce4e3	3.795999	19.515	6.573	0072b0ed6f5226fd106fdc084e6c4a0d66b3b73851daf6bc403f35296eb547fc	73f857876d049e0073ad76bee389268959b43c4f873e714ea27d6c856967f0eb	6e9b037e8b5c0dad	sliced-sha256-8.v2	nvidia-A-2
1301	3a0cdd37	3.780814	19.487	6.736	17d8917d3e06386a77815514dd2648c83840a9bd12f492d5d578fb7a8e60d06c	0d61cac1b3f94c28b6ea04661cd752b3d3959e2f2150a3f480e83ba8b4ae7492	8cd49591236e68e1	sliced-sha256-8.v2	nvidia-A-2
1302	3a0cd589	3.757815	19.508	6.534	b33b40ecaa3625f0bcab82b92ae96f600ffd0c722ce8c69df52b3bae86f7922e	909444ed9673a09ac290fcc7ccb086123fefcc5aad4f81f73302892bafd02c68	557ac67af07aba8b	sliced-sha256-8.v2	nvidia-A-2
1303	3a0ccdda	3.728630	19.514	6.651	add501e41e4e33000e87659f1dd1349595b18813ed696fcd21e799f4bda7bfce	8a2857a07bf0815f6c0bdf2ccedef80305cf34e9706f57a1cbdb61836d6f29bc	bfa54d60bd7c9ba5	sliced-sha256-8.v2	nvidia-A-2
1304	3a0cc629	3.622850	19.526	6.632	1348c34e635b03f6433e72fb926a009f262f65158877fd79f8d942e0113b506c	2d9857d73af207e0d0d8caffa7c9baeb50c9deb1089635eceb056d42ae83f270	cbd2b4b2f2cd3e05	sliced-sha256-8.v2	nvidia-A-2
1305	3a0cbe77	3.691768	19.497	6.636	79e7325aade4d0c0a17c64d835a53cce3a73e7aba3c746a26aca54f0e2ae3913	5521ab2190feef8de32bf1c61a91005a260c81d894302e8fd9ec0610bb67c61f	d8a08a41feb0c984	sliced-sha256-8.v2	nvidia-A-2
1306	3a0cb6c3	3.660515	19.496	6.606	5bb75eef6becde20a43f56310727d344e5fbcca5f017018be1f5bfc1b73c51cb	22e330de8d387e89de7f16826fe5b3f50e243d77d4a93dfef68d26076d55b18d	83421416c4c5b2a4	sliced-sha256-8.v2	nvidia-A-2
1307	3a0caf0d	3.604723	19.498	6.659	67b4b2f4a8b4622e4bef80efa3b709cf9b5741a267b6336e11fae130fc7813fa	34ed9bb86dec1a451214c4849a123bf7459951eca0344f44c326aad395f7f375	c6103ba60d35ba85	sliced-sha256-8.v2	nvidia-A-2
1308	3a0ca756	3.669748	19.496	6.349	7086bd824f8486301a555cee7f3b15f898e628a4617c90ee21c67e352e52d98d	ee3baf1353a63e1f525f9a13c62b873bff8bdf6a7acdcd8333d6279df2608bb0	653b0e6f3379add0	sliced-sha256-8.v2	nvidia-A-2
1309	3a0c9f9e	3.638308	19.496	6.615	9dfba86fd25047ce8dffe027eb0d32bb7ee1ae6ea4b3455cd1eeac7bf47c400d	70e781744b250194ce9ccb63e0b018f32f5d4efcf71a0f3f7929cf57c5222c7b	10283e350dde9c11	sliced-sha256-8.v2	nvidia-A-2
1310	3a0c97e4	3.637503	19.494	6.701	af925db13ecba0b0f977c2f9ae5f93ddbb1be7f19008d3369e6f7cd32f601bc0	0d4111cc5a4be36b74e942637cd9485f2b6901cd2529ab9513769ed5b99251e5	a720bfece7189010	sliced-sha256-8.v2	nvidia-A-2
1311	3a0c9028	3.648355	19.505	6.837	b8201b07030db62ce4443bd18dd6120b61486d720cb3039c232996d907e88d2e	9c435c177370b05221f8590ac39693926df73162b378b7459b0ea4dbccc0989a	aa7b0c8c76acb54e	sliced-sha256-8.v2	nvidia-A-2
1312	3a0c886b	3.630840	19.507	6.921	b457a52195a15b65757996eb4f493320177bd592d43496c90d0a9baf2c4d6745	5898277d204463a77693c4bbec53549032d19185a17e2ea663366c3a4badad36	ebd19d320736f5ef	sliced-sha256-8.v2	nvidia-A-2
1313	3a0c80ac	3.621945	19.495	6.771	577f71bde74f6bb50c6bae1ec5f07968710ef7ba76abca76e9ad25255afd555e	daf7e54917a586aef25069056278b2439b091929f883dcdd7a9933144791572c	8470dcd5d4bd8a09	sliced-sha256-8.v2	nvidia-A-2
1314	3a0c78ec	3.672369	19.510	6.571	3b1da2e9c27f685937b3b9d1755dba950bab4ff2b8393fa6159d587ffd22f490	7134ddfe5a773b4bbd1cb4145b061b04478e086c9080c6cfd2e1264c018914c2	d2a69abf2d11871f	sliced-sha256-8.v2	nvidia-A-2
1315	3a0c712a	3.743800	19.518	6.594	94bb9a04d9c2302986b6775ad9bb6013bf6f42fc743944dadee31d0d95f9f600	bf5940e439a888332234fec6d57198ab4819e675c3f91848afa9e255acfd18a5	b14bc74d5256134e	sliced-sha256-8.v2	nvidia-A-2
1316	3a0c6966	3.703430	19.494	6.645	b2afe7ad12c851302b3f74d69213bf6462e91b77b3292ff3dea34424264c5252	aca8fe83a0cd78936078a3a394dd5497ce89ca67a51de1e31092fc7b292522a4	11ca1bb4d293865b	sliced-sha256-8.v2	nvidia-A-2
1317	3a0c61a1	3.773329	19.494	6.647	5c6e9263458c18dcf40b2833f5e2070dbca411dd56d3259b66b6b60a4391c5d0	4bbe17177e7a5efa0f2a3fed6f1372f0afb8527608444d9e95e5f24333e726df	df054a59919320e2	sliced-sha256-8.v2	nvidia-A-2
1318	3a0c59db	3.787117	19.495	6.631	c5be2527e2f18322d2d5f2009e72ce5d8aee5f83973390da8efe8f4dfbec6dc6	d678958d87b3ddcdac8921b4641a28f639dbc5cf65602c470b2d0eff3202f30f	36fa9697ea9aff22	sliced-sha256-8.v2	nvidia-A-2
1319	3a0c5213	3.766586	19.497	6.583	6901d6082e9632f35feabb2292ce1053a442621b51e71a9ee132ec8031e6c7e8	9edec6434a4573d4020923a5c2a2e157c93a51adfdc51ee99c7363faefeec97a	f51eeb15d1dac7e1	sliced-sha256-8.v2	nvidia-A-2
1320	3a0c4a49	3.770915	19.502	6.645	add385eb19861d59c9dd92c8901d19382eefd9ea81e9d2c5f6e939b357c91694	d16ccc06087338d0c8a7b64e1ade2b3e176f02ae8aada2eab7b051fdb3ffee86	09d7c42b77b4015e	sliced-sha256-8.v2	nvidia-A-2
1321	3a0c427e	3.761186	19.514	6.680	d52d60e78ac7d39f140ba4dda28a3b14394ab6638dff4a400372f50f433f4928	5a8f801c8b54f844242ed959689a281ae6bd42aa40ec9ce3ddacdbb470e6d9cc	c54e5aadd7182f24	sliced-sha256-8.v2	nvidia-A-2
1322	3a0c3ab2	3.712872	19.495	6.659	7b51b7d4766b538a7b16f0920707c3e1517674acae6299d8c93e886a6ff376a8	0fb711f498c89aefb728c3c9fff4c463f4ecea3ae540422c190ed87fbdb0fdee	558558504e83a60d	sliced-sha256-8.v2	nvidia-A-2
1323	3a0c32e3	3.752143	19.503	6.658	0cdd7220491e821bdd1840e9a384415f8c33c6afa28e009ebae1edf2cef3eac7	0b738e5065ab1761fd1ae5a89c0aeb374c1eff3c82f9fdce2b487b6a2b622620	22459761698387ab	sliced-sha256-8.v2	nvidia-A-2
1324	3a0c2b14	3.785303	19.501	6.657	6e459275abc31a616e446644b953aeed27aef42890f29ddfff7eea391ee85e05	0655d00b505087d5db9e7d04257a0131752921e4c4bda30aef68b3a7abbb7395	f69c99a91255b43e	sliced-sha256-8.v2	nvidia-A-2
1325	3a0c2342	3.734612	19.521	6.673	b51f36488113df6515f0c3183a3f6f1b4612d614c84a69a81c1b81dff124d176	eef982edcaa4fb57b00ef7276f2514d705c2fa4fd61b49170ef0a80df5e9acb4	75d73caff088a966	sliced-sha256-8.v2	nvidia-A-2
1326	3a0c1b6f	3.872184	19.517	6.534	3f1b4662731ba4e6fab9725f5c6820e7bc418175eea2fd0926e005a20217307c	36c784cc5e00f9900fb1c3c3fe759a48ba13eb9c379af4c9e1f8138bf33de80f	c6a21a6d3fe51b9c	sliced-sha256-8.v2	nvidia-A-2
1327	3a0c139b	3.763996	19.534	6.569	d179ed1e7b755e66541d69d47517f1b86d9944463740930550326f229bb232ac	10865b28676ef1fcb0191eae8fc7ccf990fce66bfc865cfcd0febb78315c7c92	1139b2d770c9ce21	sliced-sha256-8.v2	nvidia-A-2
1328	3a0c0bc5	3.764432	19.498	6.617	0452cd3f62756febc8b5cf9a60e259423c89b154a6b08d2830a79fd8d47ca5ee	64243b11ece583771a4292dd657b86eca9b843e9bde56ec9d453405b2b2e1d31	862baf9e4b08a89b	sliced-sha256-8.v2	nvidia-A-2
1329	3a0c03ee	3.767499	19.500	6.569	c64ca6bb31609696cd27172806dd581fadb9b733ca4b2c37f65e366f30d40ce9	aa740719e6f24d29804c0137797cff48e557c89078dd5589f379eb5bf70da4a5	ba652a2486adc0f5	sliced-sha256-8.v2	nvidia-A-2
1330	3a0bfc15	3.761966	19.502	6.573	a618352645d0532d41f6fddcf4b2d63597a93e877e6d72528602b9c926d28ab8	27b425d6cb2c5a4961a9396bb51d5d054006863b098b332573af77f270bd5085	4be16feca110960d	sliced-sha256-8.v2	nvidia-A-2
1331	3a0bf43a	3.755475	19.498	6.604	b85134190612d0b274d4298da7e9a8b73f5f966a89fffd5d30ca5b6e720c40fc	7490c91ba83bdfeeffb4e100b2e44d68badc2c646b4c8fbf2280b8d6253be5ee	1ce89c02e2438c80	sliced-sha256-8.v2	nvidia-A-2
1332	3a0bec5e	3.781254	19.513	6.543	c7add839be9c003f43d1dd0c95e5d2a18f332e7bb57532ac3eb9ffae7706d45f	e7f66a9a48b4bb1d56f76e2d34e286e23fe285df9494d2d3e2809a28da1c228c	2b5d141001d70a42	sliced-sha256-8.v2	nvidia-A-2
1333	3a0be481	3.787953	19.498	6.627	7b34580284c0751fafb3eb3daad970108ae8dd337e17e4d8353992e86787223d	d3185e7d689d2c30afc1152edde4c5267bd899bfc2b826315229fca5d4583625	3743bd45657c6684	sliced-sha256-8.v2	nvidia-A-2
1334	3a0bdca2	3.791486	19.497	6.599	20cdd62359b37fe2461d5076fa3163dbbe22af450d7929fe9655e9103336133e	cde69d69f968934dd3bda305ecd524c99779b26fd05afa4a11903b54b2125d4a	ee943392344272f4	sliced-sha256-8.v2	nvidia-A-2
1335	3a0bd4c1	3.769263	19.502	6.580	cb2af0b265aa28483f7973885e2e7787f61f74315503a9206647208510a339bf	fbac4b699b62db13aa8a8756edcc4d4d8c2c6f4a76c65bf1ff46654822d71ed4	194743396cba0f1e	sliced-sha256-8.v2	nvidia-A-2
1336	3a0bccdf	3.714958	19.501	6.646	68f8509f7f26104beaf209f317c2f13b8da5d2d97ab5f5f91c27087efb266fe8	f39e0fffbf273a5be892e90b686ed5a1545568cc7026317cda266ff25f84ff5d	74c0373dbcdb6e6c	sliced-sha256-8.v2	nvidia-A-2
1337	3a0bc4fb	3.753904	19.490	6.601	1876fac73ec8dbef1db195701447f2b699074776fd3b1a5bb7fe98f3188a62f3	7a9e1055ee340a993b0913ccfaca11983b46b9460a21daabc0c37248bee4ce5f	323d9d0e0041222e	sliced-sha256-8.v2	nvidia-A-2
1338	3a0bbd16	3.777264	19.488	6.672	47dab4f883e80e303c67fac996522a256dcddf10f0b999ea3d8ed5262ab61295	ff137a4a8afce0a1512d1b04f27150d72cf60d20fe50ae7fcc523dfe17690e63	bedebdc0015860a3	sliced-sha256-8.v2	nvidia-A-2
1339	3a0bb52f	3.737393	19.503	6.571	c3f8ace3887a6b51ef8068cedb1a900843d18884fc8f1b7f269db752f6f6cac0	bf20674bf21c705e7ff46da28e0de7a0a456d0eefd1f689b78bbdf49e0169a21	9a9e1057986752a2	sliced-sha256-8.v2	nvidia-A-2
1340	3a0bad47	3.747415	19.502	6.592	f3fb4aa18e13524bb65490e6cc388172ff4f2264d66029b1098cb4fd96c488dc	6d457dd48f2a85da5faafacde81b2be6671364adade2da6ca467af6aaf0a2ee5	cda77f46c5e9834a	sliced-sha256-8.v2	nvidia-A-2
1341	3a0ba55d	3.749554	19.498	6.608	fa6e2c1ad40479a783d3f6dd77a53e90159afa13f865a92d01c72ee022ef4155	8652284eaea399b7c882954cbc99e62587b4a8c57e99dfc65aec5b5da280c8fa	2ffebcf924d16889	sliced-sha256-8.v2	nvidia-A-2
1342	3a0b9d72	3.791268	19.502	6.639	edf6c60e2e608e9525328be21fba6f025c2fd68deef539160d4b4deb966851a1	e3797e80f24507cea9b43024322729ccd55709590813918c698481934d0dda5f	c368cde9dd754a4b	sliced-sha256-8.v2	nvidia-A-2
1343	3a0b9585	3.745175	19.497	6.614	3ced4463c83f8baafc0d0bf788629ea7b47cddef00262d2a419498c1568542a4	5a90f77920f910e346f8b035e38784b92a324be8d0db4416c4e2d0e50d109d0d	99d4484286aa641d	sliced-sha256-8.v2	nvidia-A-2
1344	3a0b8d97	3.695760	19.501	6.852	5439def4ab47643052cedafdaf87f35de4bde5e83a344e5f71af7c457cfa9aa2	124ae72a6d7aa0c78e4c17e02c90ffd7ed4b84faff778bcdb1acb28600acc51a	e132ba4d28010a07	sliced-sha256-8.v2	nvidia-A-2
1345	3a0b85a7	3.685021	19.504	6.651	711b1bd65b9f1d2c53c72522d4f37d058a505af36a240fa246eee7e1ae58f8ef	537786c531f8a8d51f4a6c3ac5fcb2174025ce8481c958d491c7ebe883ae83b8	147f7b0b181f6181	sliced-sha256-8.v2	nvidia-A-2
1346	3a0b7db5	3.721496	19.506	6.682	64203e761e0cfab8dedece22e156403320c476454bc548d8f4a95e161f9210cd	8bf397de214e9175bd3bb33c5b0a6b01c1de3568d90d86a0a332146675bdf7f5	5762fb509a6bbabd	sliced-sha256-8.v2	nvidia-A-2
1347	3a0b75c2	3.763534	19.529	6.709	1b88537c5560ee2082479a59f6be7679191c6f897dc7e08a720f05dc34c48f37	30121aa8056f373d56095dd21adaeef6a8b88d568f68de2cdf987311fd220ac4	b579c66195d1dbf7	sliced-sha256-8.v2	nvidia-A-2
1348	3a0b6dce	3.664290	19.511	6.632	00c42c5dbb8bedbf33dda9f307b546e8b6d1a5bbab0fe201a534eed7e77efc94	9f540bc718c666d649baed3825b746e1aa23515e0e9348acd5cb5dd07c8a71d9	e3994de736d530ee	sliced-sha256-8.v2	nvidia-A-2
1349	3a0b65d8	3.638991	19.497	6.731	c16dec8bfcc5499936b60c280f07712b7f9c07ee6131f4e4c8a5760270c36dac	f3b8691a867489cd3c78942417c84f9397bc03d5bd6cdb5546594c4fb4500952	2a827e9c2c593e8e	sliced-sha256-8.v2	nvidia-A-2
1350	3a0b5de1	3.580260	19.497	6.718	dcde7596e8f5cf73c431a792812af348dfe1e03a0b0caefa492936fe58c40684	5725390a3d8db154d5727be058f84ebf576fa532e46098ddf56f9b5dff1189da	d0095f996ea1bfb4	sliced-sha256-8.v2	nvidia-A-2
1351	3a0b55e8	3.619230	19.498	6.747	34c2fa6c21be7c4a584634f621882772df054a17c5046528c4cfd416c8809522	7ef3eaa1c98f71e152b3dddbffeffaaa24924c0f78e25ee65d749bd3c345642a	428c8f5e7e763007	sliced-sha256-8.v2	nvidia-A-2
1352	3a0b4ded	3.662714	19.497	6.615	950dbc63ea1df2cd1898d821ab5c89fda76d140c513f4b26824208243dcd4119	4584d26b30d2d1ba675f9fbfa3d10eb663e551942ee8f02388bc45325ab0620a	fc81221c6ae45419	sliced-sha256-8.v2	nvidia-A-2
1353	3a0b45f1	3.644361	19.497	6.600	d0f0318b3bc7b717f56f914c4ffb2c93e7a719662d3823294a805b6df199bf63	71f3a78208e12e6372825c92e9f8c285c1fc221bd24ff873dc00f4e25e740409	9e71e7ea79415b8b	sliced-sha256-8.v2	nvidia-A-2
1354	3a0b3df4	3.619119	19.510	6.624	2b2f0f940ed551fa856406a336bbe19579ce231483eb36d9f81ac0d329f6a043	6808400b26bc92b616badd44bb9775d3d659399933ec98ddf3da99ac552008f1	7618ea10a0e2edeb	sliced-sha256-8.v2	nvidia-A-2
1355	3a0b35f5	3.636393	19.520	6.525	950dabaf0565242660eb02f6efb05b1ad0ddb969081a4e08a01b44400d126d4a	cc743f174eb3439e0f653de6bf0874b780848b236d1aa58dd024ffce398942d4	7ea95c25c4456db9	sliced-sha256-8.v2	nvidia-A-2
1356	3a0b2df4	3.591351	19.514	6.578	6c1fa58e73fcbdfa13e435fc7092660a4fee59f8f8c7428c366b3bccc87009dd	7ae736435e2ceb0cac3a1ce82aa9fe141aa058d27530a7cd8beb1643682d6ea3	6a40c1b11a6d3c75	sliced-sha256-8.v2	nvidia-A-2
1357	3a0b25f2	3.676617	19.498	6.608	6ee5d1b7b7d0e569f2232acd09c6ff83efd092c8ccaee237c77fb79ccb711ed0	cd171311e4a117019a8fbfdd903625582f8b79bfa0f9530606a8c9c3111e3173	034518b5bc0c4ef6	sliced-sha256-8.v2	nvidia-A-2
1358	3a0b1dee	3.662247	19.503	6.616	28d7fad05efa09c78f7ebe01576626cfad2eb86bf99c7801dddc6e1380e23457	2bc5d9bfc0fcf846438da3a948ef718322160692b6472808711f5cea70510f41	63366922140d70e2	sliced-sha256-8.v2	nvidia-A-2
1359	3a0b15e9	3.609412	19.500	6.604	e89f6bef9039dd6d7fbf42f4d7d4bba0ea79e8e535cfc06be3bbfcaa26ffcc83	0650e79a69029184195a7557757926d6616aa4e49a60d9296b8b136be9bf8b5f	b3ba6db74fe12f43	sliced-sha256-8.v2	nvidia-A-2
1360	3a0b0de3	3.619961	19.495	6.680	a9934a0f5eea15393477c7b5c25345dc76f685737b7cc503c36fc7dae0462fab	96ccfe72c933e357525ad30229c09da8ff96661f2329984ba2acd45968693e8f	00a76f69388e0800	sliced-sha256-8.v2	nvidia-A-2
1361	3a0b05db	3.717978	19.499	6.653	02b23ec9a00ddfc68b7c8dacb9bc4dc5ccc86bdba83dfbbcb13cb9c74ada20f7	310d1e1e64a265f1614cab027c5e9fe3b856d68d6adee0fea327611a08dc1a8c	8cd454f0b427587f	sliced-sha256-8.v2	nvidia-A-2
1362	3a0afdd1	3.756770	19.499	6.783	cbb1074e3a5e2b1c715d093e62c565295d2c100d0e9fd606ec38c2f0270fc78a	5b915de31ecbccb20ce44348297f497f465ab92f95038f53154511137a0ff6d3	1643f5ceb5d11315	sliced-sha256-8.v2	nvidia-A-2
1363	3a0af5c6	3.764980	19.514	6.679	9bfb74da57f9686bafe5bf23af877ce68256031468f566ddd9d96b18d4affc6d	31589fd53ee18b252c687d319b651168eb1ad475f160c9af279c857a9fe6490e	869696d25ae87e6a	sliced-sha256-8.v2	nvidia-A-2
1364	3a0aedb9	3.764583	19.514	6.418	8b8b9ae07d17c5e60a630c5cc55a38c63f968e46a209d955ab1bcf4c706f3d76	9a4cf111e259687a9ae855de2a08bf0a352948df82fee957d76864048e05720f	0338d3b399b9e397	sliced-sha256-8.v2	nvidia-A-2
1365	3a0ae5ab	3.749070	19.502	6.540	7113f60ac3116b82d60213f88f092c610fa9c7294771492f3e0a1b7a01607053	05de6b788e1a4426d8624e3327b38bf33401746733350f754047948c9ed861b7	5b3d95aca685623b	sliced-sha256-8.v2	nvidia-A-2
1366	3a0add9c	3.744840	19.497	6.575	12a37c9b25957dc0ca62e1a11c010aaa4036ec3f98cfeef6b4f39af1cd1f8f92	b26fab4eed5a64db08cbf85c6c12bbb77e3ca329ffdef31cd71bde32c21b3570	42fad496aba050e9	sliced-sha256-8.v2	nvidia-A-2
1367	3a0ad58b	3.757775	19.497	6.648	7040eafb486ecdf9d2bbf6248c27dc14a605a941a54eebb96320fd4a325dff1a	411b62a1f52737143d8990dc0998580ffd458164f37b8dce8a0767777aac0dc1	ded2feeaca586590	sliced-sha256-8.v2	nvidia-A-2
1368	3a0acd78	3.804881	19.501	6.597	fe24d609406663708914258647eb0caaf87691ec6cdc55a868a965d3b21c88df	93edf086c613edba9d010eb6eab6e077e7bd4ebe120755e604c7bb39885c07cd	a95f0fedeb29363b	sliced-sha256-8.v2	nvidia-A-2
1369	3a0ac564	3.707827	19.502	6.281	d10910bac5ab390079b00a7dfbb9663aaebea68ef9c2760ce568480d3f723884	25c31ccf7d0f557c335255756e9529bf0f4b6adb4906d246706367168e35973a	8824b115ffe1c737	sliced-sha256-8.v2	nvidia-A-2
1370	3a0abd4e	3.731567	19.506	6.547	1bfd99da6b57915ddd6aa9ead7b94842ac9b97b62043c1ec4856e9e8d799c16d	5f1443d4fa0e048c82e5735d3e02f8a36328197d596f8fa2b09becb335573fcb	f9666309a2b5b983	sliced-sha256-8.v2	nvidia-A-2
1371	3a0ab537	3.766131	19.507	6.553	d02849d5e9a50eca8673d5a2119d4c51dd7e00de66b40afba75c9f272b957c91	6663d3660c597b44c36b0bffede20df5974d8c9b48e4f1e954e896561a8e2887	43b101681f7b23e5	sliced-sha256-8.v2	nvidia-A-2
1372	3a0aad1f	3.727776	19.500	6.567	81073820387d85df028b360aac9ba3dcf5602a4f94db490903644334f6d4ae25	01faf2af8e3abbead921c41e4c77f456b6af8ff2bc23c6696956232b4a61a0a2	a6376237249bee95	sliced-sha256-8.v2	nvidia-A-2
1373	3a0aa504	3.753037	19.499	6.568	8a2fac7a454d86c6f7d6c36d1797fc2ccb9194ba969e698cf18036f3aae86008	4de7cfae05ced60fbe6dbfe51ba4ea51ae1f693664cc579ccf7e36dba39b48c0	c087002717f0cadf	sliced-sha256-8.v2	nvidia-A-2
1374	3a0a9ce9	3.768322	19.496	6.514	e71a1e10eba2e4e075eda75971e27f7c8257155a945a72e6d90d890323e8785a	229a376afa421494fab489c2a30fc0295cd74af0c61a48377f584c4d2dadfb40	8d33163da6d3accb	sliced-sha256-8.v2	nvidia-A-2
1375	3a0a94cc	3.783320	19.495	6.680	52245a5903d414e7f369ff21438392777881b779afd9fb99976c6dbff41f1088	e723f5c2c7dfe189fc66bd70c6d87d91c79c702b11335b86d2a91c8764b6609f	a7bc45bae8c65d74	sliced-sha256-8.v2	nvidia-A-2
1376	3a0a8cad	3.761745	19.497	6.611	d37be49193ca80ce0abd151df4c51b998448a785e1c415fff645c69b9fe8dc61	1aa4c416c3cdead40cd8ebe55c9dfebd64361241d4c0771ce865e99f3b2bc2f4	c3dcf211f0f4ae1f	sliced-sha256-8.v2	nvidia-A-2
1377	3a0a848d	3.731682	19.497	6.663	2fbdd1e5c23e05ebe18883858c5418d4924b82001e71ca3bbe5419e1cedb2b5a	a44dcc83c4582356fdb512f5269f4125a14cd848002460a068bfabc8942e0e85	464ea5e0d2bab33b	sliced-sha256-8.v2	nvidia-A-2
1378	3a0a7c6c	3.781747	19.496	6.597	0997cb1723d02756e002d45e091902c793f036b0d76cd570e11229671feccf3b	deee6485be77dc6a7366905e22f4bc863240fa043ffea0c91069e689a7a34af1	82c23b679f47956d	sliced-sha256-8.v2	nvidia-A-2
1379	3a0a7449	3.768396	19.515	6.599	a6fe87e65eadf668de0c9fd22212cb51c80a2a2af75507557f26626d2dcec879	ab749ff3f32d4eaf49db183fe28fc85b0e6c0428a053d3079e3f41aee5795cfb	0c4c23bf8d24c085	sliced-sha256-8.v2	nvidia-A-2
1380	3a0a6c24	3.699238	19.513	6.598	1282bfd0b66b26fbb5fc16dec340155db60e800e73c3851a35b43b3acaaf1bd6	7c2ce6153ea95a6d93780b4b715517b244921aea9fb1be2dfbf717dc51a9af2f	dea089149e4f1b09	sliced-sha256-8.v2	nvidia-A-2
1381	3a0a63fe	3.736821	19.509	6.537	e77e190fc6ab26eaf53d48d638a7fcda5c54c378f996b502fc876b77985405f0	bd1e9ec434903736d2994e11429e0d93f75bb4e62cb3f9db8504a237ac9a3749	bd0828180bde75d0	sliced-sha256-8.v2	nvidia-A-2
1382	3a0a5bd6	3.731300	19.496	6.537	e213b08432ce75fe7e5bf26d2df54911f0000584f87ad345141f82094c9290ff	8302606e85caa72b5a2c64b5c555612f48d2462b676669c5b8111156f45d8cf5	45b3917c1e9d1abb	sliced-sha256-8.v2	nvidia-A-2
1383	3a0a53ad	3.723987	19.493	6.555	c07f11b6e69999bef7c324ef62045e5d10bd1d14c118591a46bb8927ef3f42c2	e6225647b3ad2717649609dfbde832698f9155ddc10cdbbbb7038d899b828644	f10903b756d2c7e1	sliced-sha256-8.v2	nvidia-A-2
1384	3a0a4b83	3.676376	19.495	6.599	93366f3fc87f41ce09dc3686489ee96e9f0c9deeee7395038ca7d63a4797c929	55c0a197a552a98379c88052523a3579e8e014b76ab28940aea15e01373f2c33	ff73dbcc5f9132d2	sliced-sha256-8.v2	nvidia-A-2
1385	3a0a4357	3.692349	19.498	6.599	2ad40f4344db314076fb5ffb5a89daa5bd1ce43865e75c7db708c561dd09dd6f	ea642fce9739f36755a48056bccf9a4e14d3f844b038eb1c09e5e9149fab7755	a6fc29ee60bd00a8	sliced-sha256-8.v2	nvidia-A-2
1386	3a0a3b2a	3.723987	19.497	6.617	4a03c70c130795f498cd2884ae7269a83b1168c91ceeea569443cc8d28b3dde1	49152359ee3bda6f58d914bfdee4f45cba33d0d202edde92f528b059786b6d14	5a74b895f16134c6	sliced-sha256-8.v2	nvidia-A-2
1387	3a0a32fb	3.673886	19.499	6.614	37b4e539166f16693be6af91286a21184f8504846f936e0b4c05a6bca2421ae5	c39d86e55ce872dddfceba9f137a1e69872416c966b9623bdbd403550fae5d3f	6d4a06608f6a8c61	sliced-sha256-8.v2	nvidia-A-2
1388	3a0a2aca	3.704955	19.511	6.621	fd4f7f1726d8dfa1fe8927b39e87bcb5b923b59844826febed841ead65023610	b674972083c075b1b77e28142bc742649f4eca7edb632d53ad0cc71f09d5aa65	397f5c99b41772f0	sliced-sha256-8.v2	nvidia-A-2
1389	3a0a2298	3.733181	19.498	6.288	b86398ca669f0a92760258c4052c1eac1bda8cc21ccc22f8a41cd629f69755d6	6a2b0f67c6deaf9052103e30846c4d87845401a990971a30e93ab6fab4c0659a	4a3905ece706ae4a	sliced-sha256-8.v2	nvidia-A-2
1390	3a0a1a65	3.711079	19.495	6.578	aafc8ea888616874abcbb7d5e7948d7c718581d23894941f93d3bc8b75df7a30	6ac5bb05aad4e20bdce99be0be98e337ef64a9b91029285a7d614d5964a07e6f	05ee52f7cbbc8a56	sliced-sha256-8.v2	nvidia-A-2
1391	3a0a1230	3.689711	19.495	6.692	01a794b8e724377f3acda9bc91620df0f2c3f54612214242be09fc9f38db6cdc	8e117724e730a4c59dd1de9b3e464e24120e289dbc70b512b9b71f98210d6ac9	9aa2f80ca11ef432	sliced-sha256-8.v2	nvidia-A-2
1392	3a0a09fa	3.649612	19.496	6.610	aa626e811888257eb225ec6bec4dc249b0f9a90ec794f8ba8460b01580b3e9f2	e2faa43cbfed344b88eaa62aa655b875256703aceedc395d0c8e7b5302bad474	24cc55128cf9b70d	sliced-sha256-8.v2	nvidia-A-2
1393	3a0a01c2	3.665341	19.495	6.612	e0642b273f72ce199b9f474339085be11932baa26c48800f4417aa0ec2fe2ac9	e7e44f15b700249936b297bf8d5866186328addb5c68ad621c59846a64d1def3	14c8fce979a7b878	sliced-sha256-8.v2	nvidia-A-2
1394	3a09f989	3.720835	19.495	6.690	04355e94b8360559d26498a011b7d84b1a3f0e1c99cf0c8b620f5f4a17cba8aa	d6c69db77d2dd8c1c5779c997b2b31a5ecd75f4ff4dd64724741bd5293fb8e4d	b97d854850ea44d0	sliced-sha256-8.v2	nvidia-A-2
1395	3a09f14e	3.658148	19.507	6.650	93ebbd99894ce6d7fb4e9201091e1a51c1f73ee6103e50a0fc47f323f8a1564e	a18af40b59e82b3f2d32ee1c4c3bc80eb00e6a1fe8241f432391e72ec2059332	fc6467bcd1572819	sliced-sha256-8.v2	nvidia-A-2
1396	3a09e912	3.592650	19.540	6.624	da486ede25124cb0a6b76d65249c1a1029e362eb9c2ff2001db19abd2c2ba68b	5d45dc2000db9369ea0a6385877921a206de024a83210286f86e26706baa030b	938bfa75f24f77f5	sliced-sha256-8.v2	nvidia-A-2
1397	3a09e0d4	3.646617	19.496	6.754	b1220f0c59d3a30abbe550e2d62b3269c0b0fe41f24b313698995f52f4f8bdb9	ac37bee7d14cbc962233df24b6b5f10f5d7da7c8120bd0530e034e84acdcbe6e	492605e0854fdebb	sliced-sha256-8.v2	nvidia-A-2
1398	3a09d895	3.621287	19.494	6.645	316aaedf95bea0e436757cb8da88769bf89d84718efdf30cc6a9682ef23f5639	53465c088d6962e1fa7bae5b67d46f7b19c955e368d2bd45000a520fe81a9047	51f70c254e2105c9	sliced-sha256-8.v2	nvidia-A-2
1399	3a09d054	3.601612	19.495	6.552	807fd4458cf25e7d6feeae692a9354fd52969dfc1dd3e978cceaf906f2c336a3	2d274ff12465a3355228fadfc35d0ec481ee0378147e717e02efcf281c78838a	4abd8366c45677ee	sliced-sha256-8.v2	nvidia-A-2
1400	3a09c812	3.639312	19.511	6.543	90fce70e3e90fe9c9c710db15055e7054c7b0e01ed7dce0302b72b14c8aa8173	ec71ed0f723a23712fb3ceb6fc57137aee18e74fe2ba14de519dfef3dac19be3	3bcfb4d29de8c0ba	sliced-sha256-8.v2	nvidia-A-2
1401	3a09bfce	3.599693	19.496	6.751	6bf708527d1ec29d96a855e10bbdbca1eb75baf2ad9a06619acdbdae19b98c3a	d40966bcb5fbae0f72aff60a9895532d44c1f6b30660f0f0a4b447d45dfe4ad8	772c43113a334b67	sliced-sha256-8.v2	nvidia-A-2
1402	3a09b789	3.643276	19.499	6.545	341ebfba7dcad1c162c9d09ec53cae27be0c226bde42c1a971bfb0fb93bf5a6c	447908009bc7074a94de51010814c232a8534caef5be4548b13824a53d85aa00	9156c295cf985282	sliced-sha256-8.v2	nvidia-A-2
1403	3a09af43	3.610298	19.489	6.639	8cd93ef74ea0b422e9db741056b3d6560e145b7bafaaf070e7454e4b52af39b7	8c8e2a725e3e35419fa6314cd6726ed7055b351fea6ca566aff49ededdf4ea6a	be3d247dcc510da8	sliced-sha256-8.v2	nvidia-A-2
1404	3a09a6fb	3.576608	19.491	6.656	aa67b62b3385ba5836eccb13768986bf0e3f5d32b6b54eebbb94c2a27bbcd213	b356bcea9a2f635e5023a4a5285b839516da5c6cf40c60b90f275a3bbf5f1600	cbc08643b9c933a9	sliced-sha256-8.v2	nvidia-A-2
1405	3a099eb1	3.637578	19.490	6.595	82fec5a5b4dd5170288d10abf4246157ddec443fa14223e700a4a6f2cbf762f2	c89c4b7d0ced386be68e04fc80ad7e6edf180b86dbf62ea969526ad9b5cc5a1e	295ff17aa0c9c0e7	sliced-sha256-8.v2	nvidia-A-2
1406	3a099666	3.627550	19.490	6.635	00df16aa2b4b6ef86adabef26f045c0aad73b976852eb684de971d8832f4c63a	5bb9403ffad4ebc3df50ea5803110ac2264f82afc977cb1452200f3d68b6ca2d	d0f7b28f073adf22	sliced-sha256-8.v2	nvidia-A-2
1407	3a098e1a	3.680802	19.491	6.661	fd4c5b02346cd959e623bbe5f420a28bc6e2771d149c99a982473770177e0e4f	783af14edb5815bd9b8108d1bc83777e04cccdf520e21bb9ddd6562cbed80a66	69422e627283757f	sliced-sha256-8.v2	nvidia-A-2
1408	3a0985cc	3.702350	19.519	6.333	bb0dd020018f21b05e7b396c7362a655e11f5567109f3af303f37d56b09aa8eb	92a1330136c528e80979419d20b8b2faa33399c02d1be1134f6f702bae6182d1	bb0a952fefa4be0a	sliced-sha256-8.v2	nvidia-A-2
1409	3a097d7d	3.736503	19.504	6.566	36d7ebd97600282df6cc2edf82c645512f27f3fe7cbde68033e9f5dca3a889db	bf30ceb7f4c254a4e245f9d3f700a3fedb958196a17dd40b1beed3b28bc10d3d	53956f3e06df2743	sliced-sha256-8.v2	nvidia-A-2
1410	3a09752c	3.739486	19.528	6.721	548c193d0e0f849e5c4852c91592c0c8fc7692e2b67e9233d5e641563b79ed7d	dc5035d2078fc6e21101c3b4404191588d7f51c1d9a2a5c92ae2794a52e46e90	78338e683b8ca0d2	sliced-sha256-8.v2	nvidia-A-2
1411	3a096cda	3.706012	19.496	6.708	d43d0592976227855da1ee868d53c14246880163f9c93e5d5592637c773ddc24	5e77eefa4a16a48ea14bfa591a4bb954a0b4c0dc164a98281c99fce477f2612b	3346dadc15de103c	sliced-sha256-8.v2	nvidia-A-2
1412	3a096486	3.677325	19.500	6.842	4ddf8ae34cc12066506c0cf46d25251c978a71804ac6467c8137869c5f8d4fff	b32a8a62424f7d70b34377a34bdb7ebaa0a6bd74787546dadaf63364143b96a8	5ea10ea6f9a726d2	sliced-sha256-8.v2	nvidia-A-2
1413	3a095c31	3.771440	19.505	6.782	db2865d54c3a94aff706a832ab6580b6f571222d3696e24362540fd2f1e543ea	5193e91cd27d2aa8400b6bb7c03d09fbe433060e70275a25ad5e2bd6840b2026	60d8ad70ce9a6c61	sliced-sha256-8.v2	nvidia-A-2
1414	3a0953da	3.796971	19.499	6.710	28990610be7c6bbb3d12c110cbdcdd2c49f64bec8ce31bd8d4f81853d63fa63c	641132376c0673def31881a80819a4f98b5d2146248f68eec6a76686e7017ce9	3d06f8fdd1694c76	sliced-sha256-8.v2	nvidia-A-2
1415	3a094b82	3.692263	19.504	6.693	e316667b7f868ee096f7bcb7ab8450d844be460c705d4600279ca722c0f81ca6	5e901f3a9c141b027178f050d4c0a2b564946a3bc6dba4864b7c9980a91d71bb	a0d9d0f8c9e7be6f	sliced-sha256-8.v2	nvidia-A-2
1416	3a094329	3.679258	19.505	6.792	69571a6f65b6403b2f25282666d6f5ddbfafdafa07161e5527a62a038b0f86a0	35e18225e496b6c8de92f85cf5b415521c992715888679bf48f75d24fff8f9d8	6219e72d55f49ba1	sliced-sha256-8.v2	nvidia-A-2
1417	3a093ace	3.788934	19.517	6.678	c070a559edcfecfb180d9efe535b99740676637a16c9f2788ba43346bf3df66a	e49e6002b2801832edff91c7aff8b3913a4c45df1b05cd604c7020645570d90e	716b04bf28a48391	sliced-sha256-8.v2	nvidia-A-2
1418	3a093271	3.719474	19.515	6.704	60143333a0862d571a4d80c7a486f517372a5db39c50792eed75a73fd19d86aa	d13f685ae411e22b8091f9d29a56edf03090bd41ca797528b37b5933bc926643	e460fc744fe0d586	sliced-sha256-8.v2	nvidia-A-2
1419	3a092a13	3.701462	19.517	6.412	340d7614fef65c4b40a1d62636109ea72892a3d0d1c4d5427de3b69c4e84a68f	b4a5885358858dc330af146a58205b414ab80d0db25b7adc18f39c6333a11fca	f54a92358b577478	sliced-sha256-8.v2	nvidia-A-2
1420	3a0921b4	3.755446	19.517	6.714	987d6ea5988f37dea5db12c724329168e2ebfab2408ba14ff1f6515f1bbd2f9d	abc2e7263e7b32e7dd592368db893b6a2df79d3e54c698b1035f1929427b4b6d	55107176960dc79a	sliced-sha256-8.v2	nvidia-A-2
1421	3a091953	3.733239	19.514	6.682	e4f8f8bed1c43f9543b352ee5860eeb32947985f90d521560c18b1b65d54ba9b	a7d3b40dc0374b4ac49824244c5cbada03a05c35267eef5845a8f61551facb73	4b84d13e7d028e25	sliced-sha256-8.v2	nvidia-A-2
1422	3a0910f1	3.699033	19.519	6.756	bf4dc582acde02c63facb7887402db0690a1810b5fa773172db201fd2584348b	4282f12f8e5899d68c54f703bb74034cd4bee0b1653e31a1f5b9757eb0125a32	299cd01912c7ed0b	sliced-sha256-8.v2	nvidia-A-2
1423	3a09088d	3.731977	19.546	6.191	41f15c6ef22358d90b3f8379c8ea7a1c007ed046de742c024c73725d56ddada8	70d953e3c93cac5c3781433b19319723814184442607dd2a2f0df6b9c8aa7f67	c25a289b1a921be9	sliced-sha256-8.v2	nvidia-A-2
1424	3a090028	3.698819	19.526	6.633	595aaa49af5a681693e5cd0e41ed0fa396197a729d32d47734f9d010f688aba6	3d0cc7f645ce7442cf8c1abd4e11ffe627ed39c30e1863502916ed4232752567	12cab2b8f2a85bd7	sliced-sha256-8.v2	nvidia-A-2
1425	3a08f7c2	3.764729	19.569	6.534	190d60d8251f16f925db76fbbc60e97f4c54c235690cf3bdd4b5a384814a4962	9c69454c552a757ee3aaf44dc6d32a01c5ddb5d92b3db0fa1dac6ff12b27f1d0	c186558381704377	sliced-sha256-8.v2	nvidia-A-2
1426	3a08ef5a	3.725944	19.545	6.569	ed58af39128339cf7ce1be4c191283123aa821053ae51ce8d26cd47babba6f6b	2cff10155ef70a0fff3e39a00862ceb151da6e6118b04fa9345d95c9125c01ea	3800de86d856c496	sliced-sha256-8.v2	nvidia-A-2
1427	3a08e6f0	3.738543	19.538	6.748	6abd48c5fbe6b19edaf3e130301210c928f952797ba65fbbdcde7cd87a016f66	4abd6590c0deb13ce60388dae07c253f231407d5dfc050cf1147ea01d8a530a4	97eb2e5c800a2924	sliced-sha256-8.v2	nvidia-A-2
1428	3a08de85	3.695748	19.511	6.821	6a658cabe756994cdce9c3cc670cc17e1bbaded2dca7bae6f4ab7fbc3f4dbf64	67c1805a84f2dea1e40b3339b795493303bf2516dd7b581b7340a4d4a438eba7	eaac226dd70c44ac	sliced-sha256-8.v2	nvidia-A-2
1429	3a08d619	3.722521	19.506	7.071	8761fececf10b688cd2c82cd2b1c3c75c7aac54263ffc1e88ec10b1fba55e08b	fe38a0c7d525827ff5d4a9d32b4e3a24678169e3195d9c47ba6545a17082096b	b34513b14923ff73	sliced-sha256-8.v2	nvidia-A-2
1430	3a08cdab	3.701160	19.507	6.736	d2d55a70c0046dc4465389232bd789bdf87a840506be8a071271e921bcb247dc	96d5b4314f1c248f1d349d3785190533e9aa459b2c773b7ef842f997c56e6204	74575697ffc4cbde	sliced-sha256-8.v2	nvidia-A-2
1431	3a08c53c	3.652610	19.532	6.709	a51bce46b7e97a1a258b35a53a2b667eb51a1ea5e257c4d3a171789b6fd0e218	47f9ba7f57d35bc890c37a8cb2af3025cd9baef7674e80d13ffffbe02cc3f0c4	8581db4562bcdf4f	sliced-sha256-8.v2	nvidia-A-2
1432	3a08bccb	3.643981	19.505	6.697	0bc531448c078afc9105f6991ea3517f2eddba89a33ca06ca5c05d5213bd1cc6	9964d256ce506865489d209c28604b2774a63dd6ad2b154be5c4945109f19e31	1b84104db295869a	sliced-sha256-8.v2	nvidia-A-2
1433	3a08b459	3.668096	19.508	6.702	021ad36248f84c278777bf8270d190f22c95dfed91a1e8cc7749168f9949da98	e1bbd2b4c891afb9e5e0b0324373e468e355c136aece63cad44c47c70cbf37df	4e6b1524d7d47b4d	sliced-sha256-8.v2	nvidia-A-2
1434	3a08abe5	3.707029	19.507	6.700	a69e50941cc16fd865a81c5d1526d3051f4d7c694bb06a446e3825a4b2ed6ec7	279b0b63d202f999b663fd78e56006ed958643b4ce3e3a1d38fa24a3dcaa83ad	a5a4b74d304874de	sliced-sha256-8.v2	nvidia-A-2
1435	3a08a370	3.686926	19.507	6.702	a05b6c383305929ae9e44c124c242242c71d758063fb644a777fd9e6591679c1	5fcc21d84a44dbabb9d9ec2b9aadc4c0b1a2e8290f143e92ad8ec4a534359cf5	ec8f61099116a775	sliced-sha256-8.v2	nvidia-A-2
1436	3a089afa	3.672577	19.509	6.758	7678de559a6828ca8f441db1c69cc0e4363d96d68eeb1354ee0e4f3f93a8c6b0	a942b67e00895670b8c05b1be96af7ce96e9d1ad47847bee391c17929d2f08ad	6160c9d3688ff080	sliced-sha256-8.v2	nvidia-A-2
1437	3a089282	3.688673	19.519	6.726	51c208465218abd032aea4bcf592acad5b02cd81d547a6fa49f8111b9653b751	6b25f361ea432f90398aedbf68f0b9fb35ffe382ffc30d0db60446ffdfb0cbe6	9a09431348ad0982	sliced-sha256-8.v2	nvidia-A-2
1438	3a088a09	3.721201	19.505	6.646	bb4708d88aec7fdfe7d7152ef97c2071a0715f5e218aba04b29504441e1677ac	5c472e563350ac7f8e4f4b21188fa8543c401e06ef93a50c4363753f6ca3796c	e7ad3ece0712fd23	sliced-sha256-8.v2	nvidia-A-2
1439	3a08818e	3.685993	19.505	6.654	b0c6365ec45de5d22e95f104eb133e2d5b56abdfa24bcb29ea1bf5cd164b49d2	1d2b81de13a9b9b473f8d13af1ffce050364cd2006600b20e0a429f24b17121a	e554251eea7d5b04	sliced-sha256-8.v2	nvidia-A-2
1440	3a087912	3.652068	19.511	6.682	21230b6a4f394ac1cb9291e0b414b9c846616f91b22e01ba6b64cf1bf0ab85f8	efa87226510226f750954ee614b9847f6db283c1af94eac863869f95a4243311	5eba0e4ade5ba714	sliced-sha256-8.v2	nvidia-A-2
1441	3a087094	3.654056	19.517	6.703	7c43c45963df5cad22a387a5cd2dd3e8bcc561031067e4dcab4326c2f69f124f	13cf928a876f6ef07758e04d56aef16188d8d0afcfc2ded8830684121ab8f9c9	646c2ce79652bf96	sliced-sha256-8.v2	nvidia-A-2
1442	3a086815	3.706990	19.524	6.684	4c3bd086a579ec16d2f02f76d395b54c44f81eb31fea62c296fba0c2f2ea9d10	75bc207674fa86f2cee4128bcc5c7818c95b4c6efd754b4a4835cdff7edb0908	427b1a04e4c1ac87	sliced-sha256-8.v2	nvidia-A-2
1443	3a085f94	3.614004	19.521	6.415	544a877385f8394591ebeb2afaf9ef37043fef008756ad13c9864cb29bfd97b1	b7d07882ebc18ad4f00a0f92dc415f53cc53067d2f3cb512bf483505531be15f	1605a91ab0cc0e59	sliced-sha256-8.v2	nvidia-A-2
1444	3a085712	3.612241	19.524	6.616	7a59f1d3f7d1a692d621d500d1d120a461a6e5af95eb5138349174095a9c907a	7e39385578071d96ffd7e0fcd441693e8ced3194d97be7f93af1fac35e845731	901709af066585c4	sliced-sha256-8.v2	nvidia-A-2
1445	3a084e8f	3.574499	19.511	6.683	b2b6ddefdc933e1064a8ae86511f323cb2ca016f5d61e327c809d69a3b38ec0a	02508fa88681f87576bd459fa265ae22644106780c4d99d8ba4ed9c84bcf0f55	174925f8542a3aa5	sliced-sha256-8.v2	nvidia-A-2
1446	3a08460a	3.612163	19.507	6.630	158298de4e96897994097b833552ad06d4f835133f43b974760b524b80e29db5	20ef386748ff6d3a136efcafe5bf6f19a5b01a6a99a484b4058ecc21e709bf8e	30cad3919cda296a	sliced-sha256-8.v2	nvidia-A-2
1447	3a083d84	3.598326	19.507	6.685	d5172213b8a578364ff47aac46f670879830ed01fac4cbbea0a6b6fd529414d8	5449aac3693e8fe79ff14c2fe5091e3aa20127ecedad327dd05ab34139c23609	76f6e100e8c1ea02	sliced-sha256-8.v2	nvidia-A-2
1448	3a0834fd	3.528062	19.508	6.710	ee88fade14a9b8b44cd202910d7d174499469bda6d5e046b0682f473227b2f62	ef8513dc319eb59b45a544d67285556bfef0d38a08463f49b87726a8aa67aa60	c1fa0d56dfda183d	sliced-sha256-8.v2	nvidia-A-2
1449	3a082c73	3.589260	19.508	6.713	b250196f387a4fd3a82d31aa18c5c7311fceeea2d602b19bdbbe9f5e4e4ae17c	0b0ad79688324f913ef02ffd4999c7063de935effc61f56f6afe46cfa32035e3	d59d84a77c72ae50	sliced-sha256-8.v2	nvidia-A-2
1450	3a0823e9	3.545986	19.516	6.702	9052aaf7be220a3f56f37feeeec10695e43e5b02b79a2fa50d43bf4f21c55cd5	fb0c917983c96d7d2eef2d0cdb4858099f2978c6f40b063c96a564324dc88973	a1470ef32c8f8b8d	sliced-sha256-8.v2	nvidia-A-2
1451	3a081b5d	3.642038	19.529	6.565	4648d65c8ceab56592c9946d18c533d68e0d96771300373b7c6095b7be8edeb6	04390fb41acbda7837c7c6eeeb5552d17edbcd6222f5b04d18700c2010243f41	23a4c5a613cef7f4	sliced-sha256-8.v2	nvidia-A-2
1452	3a0812d0	3.573641	19.526	6.482	18de98a9188cccf5c350dec7faa4fa08b8b35b18b7392b0115ed192e672323df	f5df23d3e49f3a5c79d39e77ad860d81a69502c1e075079800fc61859781b73f	b44087ca9bc61ca5	sliced-sha256-8.v2	nvidia-A-2
1453	3a080a41	3.593985	19.505	6.552	f8d06c0d9db2c53c68c5c41b84a2aca5ffc944700f277d2f1dcda0aed72041b3	b1fcbd9f334e5888b264c177ac6a4844facde073faf10b6bcc116e4aed772d88	5b2b908b2e112a48	sliced-sha256-8.v2	nvidia-A-2
1454	3a0801b1	3.708607	19.502	6.698	2794dc5e64e19bda133f3356fab43fec8ebb9c71ca210d22100c5b5202424772	f74a927051b9527b5a6c3c7bbe306a8fd93eae4447826f4afbd98ba66e9bcdab	8bc2803e93342d4c	sliced-sha256-8.v2	nvidia-A-2
1455	3a07f91f	3.747053	19.530	6.603	19cc1f37af5b7336d55d2c3e703e0e99bf945e3c5536ca30568da0a8e7d94335	ff6b20efc17d9ea14d899322de7d4410a47b1ea74723db8e5a259f41081bd47f	fb7345b0cb9f8d4b	sliced-sha256-8.v2	nvidia-A-2
1456	3a07f08c	3.718034	19.518	6.369	a001ce035dfbf705dbca819105456eae597b354f172a94c5e487ff9611328765	84d67598e10062e8ad20fa151190f58293c111e3ec5cb288f45856c136784a1e	e12e1d4f72c4351a	sliced-sha256-8.v2	nvidia-A-2
1457	3a07e7f8	3.713569	19.514	6.618	3813b007f98118a2226249c152b3343d460037fc04118f90f5125c595e2bbf31	5ec85a2aaa4f9a870b4a91f3ea9c78e5dee4c7471d319bbbaed2a8488062a454	203dc04b28910d03	sliced-sha256-8.v2	nvidia-A-2
1458	3a07df62	3.734083	19.516	6.658	f93d173ca10b14935d231d8c5568ee0a38a586fb9aa782a21ab30f8ccb4bdd5e	5e29c150ede9b3d3cd8922476ed9c14fc201433daa15207770c7911550586031	f5864289814feebf	sliced-sha256-8.v2	nvidia-A-2
1459	3a07d6cb	3.705666	19.533	6.649	53375900e6439f29b3a7b3e192dd1475846cc7d7065d28722b2a6aaa6c4a429f	c0287cc9cdf3c42310ee5315b21d17a226cc1a86c78d828432a498b37f1e1931	22dc7410d7e65b1a	sliced-sha256-8.v2	nvidia-A-2
1460	3a07ce32	3.671720	19.506	6.686	6c0a52fbccce8566593816d85d25557226a593300d09baef7c7fbba05e9679fc	151e5a057eaca386d959ef0ae42cdfa5e06bd7736cd822c988e1a047639e234e	8821fd5fc8e40d2b	sliced-sha256-8.v2	nvidia-A-2
1461	3a07c598	3.743725	19.498	6.701	9551978e44ec26d2d6a263fde63b6ed2c7ff9d6e5b1d9f649c297e41d73046bd	11d0064af183e3794083aee955e45fd8d970267506bd64a16eab4aecde88b852	2c0825f167f9b10e	sliced-sha256-8.v2	nvidia-A-2
1462	3a07bcfd	3.747895	19.521	6.866	7f42dcc524c461a0490f1d61e7ce260a422b6be7854a6eea450a980f8094fa13	5388f7174e86138d9ec177bbaae311735526ff5692d13e1c7bf39dbf70917269	bb31090a203d34c4	sliced-sha256-8.v2	nvidia-A-2
1463	3a07b460	3.768242	19.511	6.695	ab897025eabeaedb479e6588404bb49edde5bf63d3f19f7651e059f480a95e5c	59accc4a2f9a7fbbed38e9111d92bcfff26e1e044515da3f370a400f936d0fcc	12a609019f0beede	sliced-sha256-8.v2	nvidia-A-2
1464	3a07abc1	3.661273	19.522	6.763	e2b13c4474e3fe45c8ced3e729e23f0da968ad2ff70b4bad8d0c2e07e0a3a4a8	a7151fb24893a52768ca7e5f42e4e1ffe40fe80cc25d254ff0604000c1ab351b	2f86b67b61e1e86e	sliced-sha256-8.v2	nvidia-A-2
1465	3a07a322	3.690661	19.511	6.632	d44d161dbe89c242c4d6b66b5b29eb9716375eff77e2802dea4af41b66eda08b	7d6969af214fffbfdfa514f5ab3148061376c357d84a31801c600a9f811bc408	54317cd9e1026a2a	sliced-sha256-8.v2	nvidia-A-2
1466	3a079a81	3.723469	19.516	6.763	140a5f1aae1cc33b0272a92d5f3929d2058b5985e187431ebefdefb8636115cb	7c4be3fdbedbc03e60ecc94dbdd52ecaab86677f01e4766be445fcb70685ac7a	9c7fef8b373a2bad	sliced-sha256-8.v2	nvidia-A-2
1467	3a0791de	3.705646	19.508	6.864	c0e0f83d53ab1920f11b9ecd7f0a8cd509b15ba1cace823a8ce413b92f261b80	f6646cde5dc93d583a77e490e2485051bde03e215f2646f3ac936170648e6784	82e53bfc9219aedf	sliced-sha256-8.v2	nvidia-A-2
1468	3a07893a	3.731802	19.508	6.978	4b01fd774a3b8d7297bf101dc6a81ad4f53cfb3ca542644e19bf09f94c1d3289	24d26e3c315450dfba373a39dfa5d7e51bec7359e2508facfbca06ab55a80b9a	a41b47054ce02ae7	sliced-sha256-8.v2	nvidia-A-2
1469	3a078095	3.736506	19.509	6.768	439f6d3e3d4f1814d75fd58644d18fb27834d60e95770fce93e3a4f991bcc939	ca29a16a519255f88722b40ecd0d825ae5891c783f0ab26562a83a499006db71	1fbe89036ddedf53	sliced-sha256-8.v2	nvidia-A-2
1470	3a0777ee	3.757304	19.509	6.825	3e06ce5af781f122fa6a55aad56bc1cc88946bc8c221fffc674c19167ce486d0	b1103c81fdf421ffa7d22ee1d5472a795efeac6814e4d2cc3b411358fea6b85b	6105bf2be272c13e	sliced-sha256-8.v2	nvidia-A-2
1471	3a076f46	3.705499	19.508	6.968	3005113ce41f5b99e87354e19de814b7fd0c7828b4416f242af1bb9fd299ddf6	27472c83a03a2b2ad04ebb0f8e9c94f5d59056f1c290d1ba3dcfa2709896d31e	1308d21c232e1873	sliced-sha256-8.v2	nvidia-A-2
1472	3a07669c	3.743688	19.512	6.716	ad751617ea1316d6b3ba937284586884ef766aaaeffb31711c8088bcae5f2bab	8dcb60e8675e318161f4559b77062bf283193db14df779f2dcc57b5c9015e391	4105cea7365cef97	sliced-sha256-8.v2	nvidia-A-2
1473	3a075df1	3.697674	19.526	6.339	d84ac7631b371bde967ef11a6cb3096be2ac967134bccec84265ea83c256015f	0ce26eaf211b35817e28a893c88c256f492b79cf63fbedef425fa2aa919e572b	b820a2a785d7e3a2	sliced-sha256-8.v2	nvidia-A-2
1474	3a075545	3.643611	19.523	6.519	89b071330afd66985e9982b359d5d719e142914f171e15df038af28ea768edf8	721e3271f387b46d5b8f22d179905d039fe2a1407bddc02a9891cced725871d4	df1c1b98e592369d	sliced-sha256-8.v2	nvidia-A-2
1475	3a074c97	3.691721	19.506	6.280	807558c90c906159abb67d8f2b0330d6b9066d43979745036e43765a2a815f74	1d72ef4c53a32dd247bfac7e730a44234b9ba23ce4a7631da9513ad32bc98ee3	b808cadd38251f4f	sliced-sha256-8.v2	nvidia-A-2
1476	3a0743e8	3.661936	19.510	6.640	7f2e61e3ecf35f34d3c86e018e8efd4eb8a3728e4f37a9ff71531d2e54697ab3	bee74131c40078788175fcff90ab196ed1e05da7eb0c9e1175c0ec7abc4a446d	2a8ec7345140784b	sliced-sha256-8.v2	nvidia-A-2
1477	3a073b37	3.657360	19.512	6.706	00f2ba65c5fed82b07fcbf13ebbb359589adc14300f9fe85bdd5bd98767d746f	1308066996cdb0a8e35902524ce11baff5df9ab3f10cefe4a0a196d79d2d0c9e	492e334db1536684	sliced-sha256-8.v2	nvidia-A-2
1478	3a073286	3.693291	19.515	6.676	9f23a1aae476c37050eb44a53954f6d64e89818896d30f0d71e909f3422ab12c	6e3f5d17d8fd960b3d4ce5dca3fbc5e6e4fbaf7ad8eaaaf3823b7fd8b192fed7	9aed73fe7a531187	sliced-sha256-8.v2	nvidia-A-2
1479	3a0729d2	3.676868	19.514	6.387	d59e0d355f77923d33e77506d9a45acdbb70e6ae72a2305324a326098e9d65d5	75d3f6856889bb460bbe6ec0c58cef55615e87f0557ec07fab8fd678b4f09a81	447ac8581d020d2a	sliced-sha256-8.v2	nvidia-A-2
1480	3a07211d	3.659755	19.520	6.315	12f8f6d7b8c66f095519e260694f08c32034759bc53bd7c2d533cd94bd9df76c	f39c68e648aeea9da6ce6159cce60e807ebc9cab0dd2127410745908648d04d7	a293829be391d3d2	sliced-sha256-8.v2	nvidia-A-2
1481	3a071867	3.696520	19.532	6.673	3d7b26e4924b3c43f8ab793f0e334007bc7359d599dea162f91a102133cc7cf5	0c4e3f0ab6f3aa5a2115258075c904136a0255528bb248d8b16ec29352f8fcce	af80cc646056b4ec	sliced-sha256-8.v2	nvidia-A-2
1482	3a070fb0	3.674584	19.527	6.677	23abaeffdfaa43a088e5026f91b260bd470584e395b4e9ca24dff5af7ce07a04	f7f390b7968cadd815fd2c9e0e9aaf0c5e7ef1ccbb64467c33e23c8a364e384e	e0eaa5d20157ba60	sliced-sha256-8.v2	nvidia-A-2
1483	3a0706f7	3.677626	19.514	6.744	202a24a198ece630871dc30aca16771c93722981927bca90f8a95108093c0294	7d419f4bfa826806336ba95959dac2e155fe5c15bff198e32982b1fd6bf89a71	07636ab2e311e7a8	sliced-sha256-8.v2	nvidia-A-2
1484	3a06fe3d	3.640039	19.513	6.932	16a41d4c98b6ae6d21a703b9a1fbeaad48b31b8ef3b90aa47062e182f374faea	ddbf55f2131679e67ae0d2f6ca777bf62539a11c76f938463b14f535fdacc8e3	bf32ee01e97cdd36	sliced-sha256-8.v2	nvidia-A-2
1485	3a06f581	3.656787	19.514	6.677	2692829cf0f739f83059997a50a455f45787478f2039570ff39b0cf9a082fd49	f1ab8662aebe009febfe477896d749897351757210587d1a565dc9965c3004a7	1eda4660d79b5e2c	sliced-sha256-8.v2	nvidia-A-2
1486	3a06ecc4	3.631069	19.510	6.746	bfeda8d9c67fa9cfc8c66ad77284e4a65174f7166ff39007801f054b943a2c7d	84b5b8d4a34672b399da640a2bac7a8d28c8c4f7a39c3182784a8cc71162e2c1	76511d9a642ed1d0	sliced-sha256-8.v2	nvidia-A-2
1487	3a06e405	3.700234	19.510	6.761	d23d080df56ae08144137433dfdc27d4f0f16047482807f7aefe7e3f447fe2cf	7b814f0425cb3b8f67907b3b6ae8433466d1c77bc58446fa4aa76a6c89208daa	ccb9de20dcb4bb88	sliced-sha256-8.v2	nvidia-A-2
1488	3a06db45	3.581564	19.527	6.736	41831da6285540892f91c2d8f1c5b76031411770812f09eb282944bf6763e53e	31ddaeb50eedafc632962bbfb0fcd545908f5c617e63e84c5eec353f0d5dd1ee	749962a9a79eaa7b	sliced-sha256-8.v2	nvidia-A-2
1489	3a06d284	3.661756	19.516	7.016	b3c28aa9d43deeb1806c8d928c654e5d8f58a320bc26eb98222dedb1c6fc8de0	84780ab1d459ef8862cbdce7739c047c1fcaf8b9c3ce8a9d5d414ca1eae6e398	ade235f51cfdb178	sliced-sha256-8.v2	nvidia-A-2
1490	3a06c9c2	3.548420	19.524	6.688	ce4dc9565acd72cac3447783c128575797021199202ff457ca9473231c907c00	58eb03a4477c22fea81abb503e8c4133a94edba4775872eaefd9f1d770934d39	c48a9f588e565835	sliced-sha256-8.v2	nvidia-A-2
1491	3a06c0fe	3.582487	19.510	6.641	75d25430a1f5fe2633539df51233bf51e870d39f601105629f764b5e121841ac	f6fc51b4f1e53c02ebf3ec67e0972fe9160b5bf14e3b2fda602f89f13b9529ea	b04e06ac14741937	sliced-sha256-8.v2	nvidia-A-2
1492	3a06b838	3.649260	19.530	6.633	0d0b613f08522955e4564a590c4f6444299024a2f77f1f0f258d70fcb2c31078	221643ab12b41e19024eb0722c6fc6d33699df1557e1deb8ffafb5e0de1f7c9a	2df74e8741e2d871	sliced-sha256-8.v2	nvidia-A-2
1493	3a06af71	3.594162	19.509	6.685	c3e5b7738b29685239c06aa79bf4a0dac9b8703b1d4eada9317a213f00995049	9b1858bfaf02670dd53990164d949f821e5221a9333dc8e78a875318ae3c173e	eae1a4bf982be26a	sliced-sha256-8.v2	nvidia-A-2
1494	3a06a6a9	3.556397	19.535	6.695	a29dda985b90f0e3e5bcecbc287f7932d7cc9b6bdb9d59494a1b050e43c5abda	85e08f790470b0867d12bd76b2c5f70b1feee4f4851490d66150dad52c334a9d	d24c6babca45bc0e	sliced-sha256-8.v2	nvidia-A-2
1495	3a069de0	3.598178	19.512	6.675	0df34751328c76a0e3f49d80e844b16011acfc0f89f240556f1c878e03fc7995	e3f659c469e4041fa2119fb46748f7ed2be2a8e995bae58539343239aae542f1	aa3e359699cc9c82	sliced-sha256-8.v2	nvidia-A-2
1496	3a069515	3.562142	19.508	6.795	4622ad3c70aa7a03481b74535117e3a2ce2de0d299ae18d3a35cc69ab8fc29c5	033659deee7370a7080caa9f7df0a84c62e48380576a0d9c8f093880ff757c95	9f6322cc537bee0f	sliced-sha256-8.v2	nvidia-A-2
1497	3a068c48	3.553061	19.510	6.656	685ad4bc82de5cccfc979d3bfed843d55c50f8af9fc197866216aff34d548401	2fe75dfce3e9de02aaa4c976bfa2909b966e0d2665213a52f03ee639725bc923	eed0fbdee936c809	sliced-sha256-8.v2	nvidia-A-2
1498	3a06837b	3.573210	19.506	6.721	3054df6c14320d627d948202b4071e6a04c6b5f9d0e9a531cd010371ba56038b	c9d36b4f0ebb154d874ba3577715aaf66c49066f4b3d162ce25a3c6aa6439337	407204ff419137fd	sliced-sha256-8.v2	nvidia-A-2
1499	3a067aac	3.689531	19.518	6.615	5134dbfa9cc9ed13283e6dd26342694fa13f92b2cd800ba155ff3639decefa34	4a8bda353bbef92c168451ec3fbf5be522701cfd2e601ed762b07e89fa119861	1ea46e09a51c7e5a	sliced-sha256-8.v2	nvidia-A-2
1500	3a0671db	3.691318	19.522	6.674	265c8b05d7c8b7bd8d7678d6c9795f6651285dd9584ce2b418e74ab60430368e	227decfbb25b7260e161a972573f057c33fbe0567889f5cfe54c1a9f53430de8	f4616c7360f39b32	sliced-sha256-8.v2	nvidia-A-2
1501	3a066909	3.729955	19.491	6.720	619f1dea73ca3b0012c14e91d7eaf49401f64b23b15ff8702d46615f126986a2	6f65bcfb6c0583e834ae5dd9ea7021f6edc05bc3bbeb328195080b15c237ebf7	bb79471aa207f725	sliced-sha256-8.v2	nvidia-A-2
1502	3a066036	3.712828	19.513	6.735	043cb77ccfc98406a4c53a3146340bf412a80101336b155e49d703088faad9ba	5bd5d4f8ba132a7e2c93fc8061074c77fcc8d18095e96d652cf93da728ebbe32	70489f0a2c556743	sliced-sha256-8.v2	nvidia-A-2
1503	3a065762	3.684735	19.503	6.873	d4373d7dc83d85ca1dea3b0922fd59c08f4d5e365b4c570f53ab908b9779d8bd	23217b5a8f61aabc721e4ff45ece6d8bbdc014098e67441ef01200cd87de9e9c	34085aa586bb7712	sliced-sha256-8.v2	nvidia-A-2
1504	3a064e8c	3.712091	19.567	6.411	042bf6090bf78c985f1eeb0e61d6e56f492a0d5a446b9d60b34c3f5e963f46d2	3d80fd880945c58284e85b221c15f5e7f9c8c3cfb281f85112c247c542c9dc6b	3787beb231726858	sliced-sha256-8.v2	nvidia-A-2
1505	3a0645b4	3.627728	19.532	6.641	834711f9d9f87e8af2a2f6a93c49c4b38ec8a669997bd98d8e786898a83994e6	6da8305fe89d6dd7211f270755040df12650a53d14da9db23fb6c6a726722bb6	cdb85d0780e7dd4e	sliced-sha256-8.v2	nvidia-A-2
1506	3a063cdc	3.703813	19.529	6.733	f810cdcd3679d5b92462ddff70b074733091ac67091c41ce5b2ba0ac69722ef1	077fc6c8be22e93f8e758944f5c305e6f50f02c6df1c10788c0996c4d1f06193	52362972fe4245ff	sliced-sha256-8.v2	nvidia-A-2
1507	3a063402	3.735568	19.578	6.895	bc6e2f053aa583a0e7a80cfe5a6404abeed7ab1efcce8f2eb92ce74e62f77b52	afc1c6e49d0ba046b66274284ad06bc43bcc8aa8a019e414a75ae5f0edd06ebe	a3cb6f78905f32a3	sliced-sha256-8.v2	nvidia-A-2
1508	3a062b26	3.638511	19.549	6.649	eb174181d956da04cb94eca750b0fed3324f1c984c40d025c73bface59bfb9b9	d07eaad9bb46bd29bf40a25c9574aaeb29a397fca06b87f70990163eac744811	0d08ce44642d5a20	sliced-sha256-8.v2	nvidia-A-2
1509	3a06224a	3.690399	19.541	6.595	b1d8eb9653fcd1814e32502757a93a819b085b6afcf7e4adb1f97590f8e3e2e2	6e61aa7311b9a335bc7ac8d6954ea474067678c452250b559d62a78b4b190ff5	6832d329a18ad072	sliced-sha256-8.v2	nvidia-A-2
1510	3a06196b	3.697082	19.517	6.688	4b245b134bd9726b2fb5cdc8c5baf7eeb1519e6f3dd7c16e817cb2feb0c333f5	64043413d71c76422b8eb684603a391bda0d87efb3c8e2dbccada6b2a7c55fdb	a46f3773b63d39ab	sliced-sha256-8.v2	nvidia-A-2
1511	3a06108c	3.673813	19.521	6.577	d6fbdf9b2855ca4491cf0075ef176eb0f047bc0aa46a37c6f59d542fc27c9406	0a57035f175ddb3a3afbf855b9ba4b671c8f24abfafbb5c36f7d82c5c65346aa	b7d68b01bf7cf346	sliced-sha256-8.v2	nvidia-A-2
1512	3a0607ab	3.777656	19.528	6.315	9f113f4bf26ae24901ad2e637213af9c59d73ec321d404d9544557797e9d8b20	f6d809a83c30b93cfa37eb579e2173ad78f1835710d7287d05be9bc571327c06	dd15a5ed81fbe9cb	sliced-sha256-8.v2	nvidia-A-2
1513	3a05fec9	3.730097	19.521	6.671	505cb29a9fe2de061dc39b15798d686d91a380a06113ec8546f43c5e42c50ffa	7ccdf14853d6f4e92f52236aae0cbd7113bf7749b21272cb9b7e12f45fd39bda	8acb89d5189b5e5b	sliced-sha256-8.v2	nvidia-A-2
1514	3a05f5e5	3.681516	19.529	6.638	bba695fa03b2009fcc9c30cce015a7241dc3b69ec9adf05e7868d30ca5f1234b	d8a078071f46e639aeb6184f8297daf2348d2d889599a796f7a4abbed3e70814	1d7787b0448aaa58	sliced-sha256-8.v2	nvidia-A-2
1515	3a05ed00	3.766628	19.510	6.616	91d33d288591c8b44d7ca0f657a2d685a7f9ecca78ea78a8d100a3270dcbed5b	7d4733b52b278988d51341d2bfad6d436837884b999e7aea058bf3578a489309	9fdbb9385fda6885	sliced-sha256-8.v2	nvidia-A-2
1516	3a05e41a	3.703697	19.507	6.626	59233d9d6deef06e173b2bb07aa04894f3fb72fa0943d96b68855da64e649efa	c8061561fd5868a3897df1eef2ebe959548c4062708415213a5b5d92fd87bb31	372a2220f84daa99	sliced-sha256-8.v2	nvidia-A-2
1517	3a05db32	3.743036	19.510	6.635	286dd84b1412e52f1bfefc4af4a5ed1278e05e2bef2ef0c9e4408ffd7d9e47a8	f601db6d8cffae7a1713785957917d389856ccdb2e4413c70825dbbbc17ca004	021cdbe88281c6b3	sliced-sha256-8.v2	nvidia-A-2
1518	3a05d249	3.716802	19.509	6.700	a8be186f31d0185612e106fe71d17a7a801d478a753f91402d8afcfcd25b5d26	3b3151f3cd3c4c858b0f55394fe186a82af1ace0c51d5cb4d879411779fe858a	05f0a29dfafe9a4b	sliced-sha256-8.v2	nvidia-A-2
1519	3a05c95f	3.712268	19.512	6.647	c318d7f9521506abf935bcd96f5a03cfea4210bfa42aa88e09d75af60d3f85a4	6c3417f35c0e991789d8905def81c1a13401a828c70799d6a3117404c852d346	65d58ff70fcb62cf	sliced-sha256-8.v2	nvidia-A-2
1520	3a05c073	3.695823	19.523	6.610	857b64471b820e838f5c4dbcdcf950b840def8d99e7bbbde52fb875e251acc86	1cb69150a8a5ac85266c2b498541460daf098edacd16124734ae39b5ec06d957	e1f3e2a7f4618c03	sliced-sha256-8.v2	nvidia-A-2
1521	3a05b786	3.665221	19.512	6.635	49800248935a44c8ca11c083277634588326944bdfab0e3e98b69d9610bd0b29	5c8e4012a1ca48b15f780da4e00f329822450a169734ae37c63a195e7a8248e5	f00f63c394fac0bb	sliced-sha256-8.v2	nvidia-A-2
1522	3a05ae98	3.668291	19.526	6.210	ee864dcdb67dd01980b5f92a54d03303160d1e10d24b3f2cae21c8ddbdc6c45c	7719ad9934c10953fe710132cabdd2ab9ec53c60167505bff63764eeb485a1b9	7c4bf5113bdbdcfa	sliced-sha256-8.v2	nvidia-A-2
1523	3a05a5a8	3.667344	19.509	6.509	4d892c978e8c8c2221414ff0d20499cf586da529ea78ea90fd6e7ed212ef2325	25b3ab075e1b4cb410cbd147aa87268853ee30808ca7a0c1fbb91d4c89cbaad9	b6050b20802f26ee	sliced-sha256-8.v2	nvidia-A-2
1524	3a059cb7	3.682188	19.515	6.661	9b9738aa0dab7536f73b2b51680dfa8d2b7a6718d37d3b915a3bc9e04d65b490	51812ba395e8b1db64b9fbeb143a70496599893940e0ccd998b6bc901bc6da24	006e0dd07b5deb67	sliced-sha256-8.v2	nvidia-A-2
1525	3a0593c4	3.647599	19.532	6.753	98b3a1fc42de970994021178a27dfd5994fad29086fe0b77701fdd03a88c9563	3596c060ab82b43f3756ef2a753353d0111900f8115c8738c1bb00cdac307650	c0888e8700d47047	sliced-sha256-8.v2	nvidia-A-2
1526	3a058ad0	3.664587	19.531	6.578	a4eabb4c3a144b9ff6b7e13332b80f5a2579b8f354e0c224c17426b7aee7d3fa	339bf3ae8a63c5b889fe91e51b5e7bd58ad579eb2358a4bce84ee825a0082af3	61ca4e1039f62ff7	sliced-sha256-8.v2	nvidia-A-2
1527	3a0581db	3.651554	19.511	6.611	8b69653215b7f5c6896004cfdbf661436c0d65bc245833069504a9b14445e857	02dabd370912d6e89b6d7c79bbd7ce192dda82755f27689c691c2e6b0f5b4239	8a80909359bc08b7	sliced-sha256-8.v2	nvidia-A-2
1528	3a0578e5	3.674831	19.527	7.460	e8196a8010289523d14765eeb7c81d9beebb94ea6be2a4c9d0300e41243cee77	641fda33ebf8b470f63d32e1092a970c56768231f287798b18c8c204b8af6605	ba7f8e39dfd0af36	sliced-sha256-8.v2	nvidia-A-2
1529	3a056fed	3.652619	19.528	7.174	bd756efdc8b54724f3e60dd8c73e33cbeedf102519da3f03e97c4f868665bac4	c3be3f36c081c5f379e43f296592fba9c9af3b743bf09d49e23874218445ed94	c14d933e1d8b5217	sliced-sha256-8.v2	nvidia-A-2
1530	3a0566f4	3.682158	19.520	6.723	142cb2d436392c8c97f6b640a1aed738dc85b953de1a489599a3bef4772d5910	1d5328d701f2ed1a35bc9dce703c11632078d9fa00eebb648b147ff0c716fbb5	f3258da7087db9e9	sliced-sha256-8.v2	nvidia-A-2
1531	3a055df9	3.662334	19.563	6.652	393b30d4ecdb03f8b0ec70a69b73dc90658a5f791f9126a37c679ea2937efff8	85dc0230345e0fe53f3646377e565a650c014886010edc29d5416cc39ea835e6	dc04433796f09917	sliced-sha256-8.v2	nvidia-A-2
1532	3a0554fd	3.661929	19.567	6.619	32dce49eb999f90e0c4d2b783578de2d4bb0aa58f44b256f0dc32392224bf541	4fdf0ac5db40a9b739a107a814dd4a8f465c6cc13c4441e3fda437dc9d337dc4	d09da109a36ac7ee	sliced-sha256-8.v2	nvidia-A-2
1533	3a054c00	3.671601	19.555	6.974	7c3f40c2a8e3d56c0ed73bddbc451215e51efb5ee6391adaea8523381b320775	4f428aad7b86f2aa82e51fc0216f2ac358371e481b25d88d81c6adaa3ed5a667	2862fd973eca4166	sliced-sha256-8.v2	nvidia-A-2
1534	3a054301	3.577055	19.560	7.088	f633444dd99d94de86b7f76bafa3173cfb8558bd634c655f457fc65748052c44	d76fb24c886d1e5f17fab5c0dea42c8b025e48f4aae46d3b62675244584c26cf	f922abd6f079463a	sliced-sha256-8.v2	nvidia-A-2
1535	3a053a01	3.640844	19.543	6.395	713b6f8eeeeb33364ba813f032faebaa3ec84d36aa3eda499bb222d47190b8be	60226b089ad6f7d3471ee7117428c8ec9e44b70ad537c911c5860afb3897b2fa	9c99ceec89e4c468	sliced-sha256-8.v2	nvidia-A-2
1536	3a053100	3.552282	19.530	6.448	c60ac7df5211cf631abff857acffbb9ee7e84904e589f209c304eba4cc910182	5f10f004fbf3e53ebd44686148c656ab90b4ce7d1d09e93b0acf89ca388e86ea	59d00c8614b34bc8	sliced-sha256-8.v2	nvidia-A-2
1537	3a0527fd	3.646289	19.535	6.258	d862a19021d9492701bf22c0cb0dc6d0a5fb997f07f7b05a712dbf038c4cfcac	81932c121eec4fd3f809d8603c2fe3f93edd88bdd66ca1451f1a9c99e447c51c	40a0a841dae3d764	sliced-sha256-8.v2	nvidia-A-2
1538	3a051efa	3.561972	19.531	6.702	83a999ace6557cd60a5689fc10060863d58fa576f5ad16113164fa0d2fb25570	40969452d7dea95312d1f06adb2fa24ad463ed653306332d521def074a35d218	bcb66fe57dc3370b	sliced-sha256-8.v2	nvidia-A-2
1539	3a0515f4	3.583890	19.537	6.199	2927d96975fcf8524ed2761c78c77359a3572880ce63e67fe0f413895c81e944	b233b8f8b6f3836955a19e5dbdf3585bbab5da8c49cf8915c7f3dc0e1eec4b4e	5c91a0dd16df04de	sliced-sha256-8.v2	nvidia-A-2
1540	3a050cee	3.561476	19.538	6.524	e0eacc0915a92ee59331f8bc2abfd756bcf8ea68a60d404d0a167b3fcc823dee	6e597b0c1771227fa3964a1f312641cef19e950b1f04dd0bfc98277f287c3a91	22556f57b5f73b1b	sliced-sha256-8.v2	nvidia-A-2
1541	3a0503e6	3.529279	19.535	6.256	fe2a1c2532f20f95ce3287e06b9045056b280c18b07972e9d71510b25cd3bd8d	821d646b097b6a3c596c0ae518dea4cc7361869fded198e28595d2163dea6acc	cdd9216a7c9b5295	sliced-sha256-8.v2	nvidia-A-2
1542	3a04fadc	3.596697	19.534	6.427	2d1f7696ba17335694f465e452411d58c2cfd9f406d1261f1ed1ad26370a947f	ccc5b1efd91dd3cd9ecd020a09d6beba567f45e23fe96e8058fe8bc069100a4e	ce7eab0eb40962e4	sliced-sha256-8.v2	nvidia-A-2
1543	3a04f1d2	3.564618	19.534	6.305	357779f198b1cb75ed3e831946c941e5df4a5ebb27b59699b9ca48c45a29904c	358683297c22609eb8ca960ccc5dd04a2ec8f5c75276d8b3c4636c659897c512	7174843c6f83962a	sliced-sha256-8.v2	nvidia-A-2
1544	3a04e8c6	3.579390	19.539	6.416	5d7b2672b13aa3ed93002d5c05133e8ef9ed026b95fe6edcba13743f0451c658	acf3ed190b24e99b6432ac7ab31c026abb5de6b52b03623fb82ade3009299d2e	a3114e74e7782c01	sliced-sha256-8.v2	nvidia-A-2
1545	3a04dfb8	3.588923	19.535	6.463	f0757c881600d8927a69153373b95fff52782ac037db4dff7b8cfe958dc3bb93	fe29410653deac911483f489e9caf54005a882054187d67c3b231280ddeb17f7	6fc7ffe4e8f169ed	sliced-sha256-8.v2	nvidia-A-2
1546	3a04d6aa	3.740615	19.564	6.383	5c4e5840e861772aa22aec7fcc04ac0def274c64f7e4d5de087061ba214df6ca	ec98ba2f7ed1e93e3a62cac408819efa3d169688b6c735c95b103c6d609fc678	bb34e228c517263f	sliced-sha256-8.v2	nvidia-A-2
1547	3a04cd9a	3.630297	19.534	6.465	e0144b9ac2bb26bac3037b6c8768cb286d966cdcc412a2365b81d181048d5233	dd09e92347c782347ffdb2e8ed3447b346cdaad78003e3f91e63f2ce68f8e7c5	674f3db563707e08	sliced-sha256-8.v2	nvidia-A-2
1548	3a04c489	3.692989	19.530	6.278	bcc34b7484596f9f40cf4f3e7c0b127b77d36873be3788e192ae9db921b4e484	920cbc2c4141768f7e7e4d08472e7ba960dbfa9395c3147cdaa3a879a7e5b7ae	57e5b03b4e3ec87f	sliced-sha256-8.v2	nvidia-A-2
1549	3a04bb76	3.688461	19.531	6.229	bfb2992210b004e808725c9a53a75033d8ec861b33274fcb855e72822db83fbd	4f9d2ba7284d02eb73df76ec50ff5705bbd36326973c6657e5d1d7342761a5d3	4b301d89b943d75e	sliced-sha256-8.v2	nvidia-A-2
1550	3a04b262	3.723523	19.532	6.127	7540be2cb6a9986848a7ea19665c641cc84f9d8bf5e3bbb2f57c0ad0d25bb489	f5007665a820697c725adc36a37403f316718bda53afc3511d5e7b61f5aa2bc4	0fe7a56da63f46be	sliced-sha256-8.v2	nvidia-A-2
1551	3a04a94d	3.758508	19.532	6.142	130fbb642c2513d04e7e58b2e121785c93d6dc70473b84cd3b36f0efae51c303	8b538f13a486a5394f568a5ffc2fce5801b49544008f2d241007688fc7f98009	cffad7c90c5822d7	sliced-sha256-8.v2	nvidia-A-2
1552	3a04a036	3.743034	19.527	6.345	8f30e617c598fba1155367981c8de9704dc6b2963fdd3d683beca8631abfb968	b3d9a1997c14e02aa4ae1246fb9527ef7c7691078c0f4d42dfd2461a0e335105	fe0641b3da125c6a	sliced-sha256-8.v2	nvidia-A-2
1553	3a04971e	3.691082	19.527	6.438	e0c9c52ca3659adcf76d8203231ba313d4684aa095a6d6ae73f77a5c25bfcc4d	fcf7a52c7ea0b97685698a8c26711fef3afa27056e63c1da38609e024d983386	3c829a96344f20eb	sliced-sha256-8.v2	nvidia-A-2
1554	3a048e05	3.619090	19.530	6.191	f9df872d40f6d7d842ca9a8d10fc61260a9f31b29addb65382732314e578dfe4	bcbf99747a511e7b4aa843897a3f42c422d043ca643522f2c24b071259335c89	c12df78a30178f2a	sliced-sha256-8.v2	nvidia-A-2
1555	3a0484eb	3.629305	19.526	6.084	987b2bfa53d69ee7e56d9243400ae8a14fa8555befc8435b335b9148f30310aa	96bb86df6fda800d41b0c51ffb6afcdbe59e969e6c9004d647710e2bc61a865b	de10b970575cd52c	sliced-sha256-8.v2	nvidia-A-2
1556	3a047bcf	3.665971	19.529	6.324	65ecee3bd1b2a90e2ff91bf7651f4b98833b9665966d8643e0f2645ad11cc0d9	cc84e17653437194f3ee4223719167cbb248cc61155ff9dc057788f66ae4d655	67ede3bb5ffc5e4f	sliced-sha256-8.v2	nvidia-A-2
1557	3a0472b2	3.724300	19.526	6.545	0df4d18a03252f288006fe6046301a9a622994fee6067e3b9e133d52c6e44483	9fa2424370e3f0386e651464344f32abd59cf105c18d9464bb24fb794a9174cf	19a9b6cab84a561d	sliced-sha256-8.v2	nvidia-A-2
1558	3a046993	3.680991	19.528	6.069	9066795eb7c99bff4c2f4e8853a6d5635468f5b2275a9a1eaebe840cf4ac3821	49103695e01bc942294a27434f18c5f5d5bbcf71a4357051a60785944aed12f7	ba94ed94faf063c6	sliced-sha256-8.v2	nvidia-A-2
1559	3a046073	3.702004	19.525	6.167	1ae7644a5f41514988c0789381263260984c0f39f47284dd4c1c5dd669377d07	c172c6ee1811b62ea295c6c3ca479cabf5887ea980d43a785da83dbcd1bdc3f4	5c6e4a300d78c047	sliced-sha256-8.v2	nvidia-A-2
1560	3a045752	3.675513	19.524	6.332	15cd0f8385b925002dbb77c1d40c5fec403702b4b59d9d2ddeef38ea1ce4f97b	5670cf3d963373d94180abd9a95a8af33a1a437a2ff25efa51cb1fd0e785b3e1	a256896614a53d5c	sliced-sha256-8.v2	nvidia-A-2
1561	3a044e30	3.675799	19.531	6.199	1ddd380b437f4bef2000d169c62b5b79aae7825167e36f5c3a52bcbc1b12a424	17c6d1602488a96792cb55a94e7e166385eb39cc99fa0f8a205d3478b6b27681	ceabf63fa5bd2d92	sliced-sha256-8.v2	nvidia-A-2
1562	3a04450c	3.668772	19.528	6.315	1d366e9cf7d28705b2aa66e8c28d19e0e79540edf90759b3c75f1c386a177fa7	c9adbfad18016039273568a91d377de8dbcf988a6a634c03eec709f01e89f92e	31ed76be0e5b9540	sliced-sha256-8.v2	nvidia-A-2
1563	3a043be7	3.633361	19.530	6.454	04e30fe37f2569afb909a6a2fce2c2b4f528bf763872b90b795913a5fe583a64	91b2f61e3c0dd5e615428f0316b7026918970323e4007f74b6738aef2e921a55	475dfa3948976741	sliced-sha256-8.v2	nvidia-A-2
1564	3a0432c1	3.699634	19.529	6.439	63b53ba4577348153d6d87e6412e80f60fdd33360b3d9a4ee46d834f2eb5afbe	cbff7938bf99707101003eea9dbc9f5111ff384f39cf36c6e17917aab4a78359	9865178042f0c4b6	sliced-sha256-8.v2	nvidia-A-2
1565	3a042999	3.700308	19.530	6.133	817a842562416cd218c3a66dbe7101de3ac5db175795dd5e0310314223c51dd9	7843ceb924142ff9bbfdea93b1928ae86db0d0ca1d6003dd2cba062449df31fc	2d80878fb5dc6f24	sliced-sha256-8.v2	nvidia-A-2
1566	3a042070	3.693792	19.527	6.226	f6eccadaec46acc972e0a105a6fa24106b552c3c59fdbb1b9ab6f7a45c3e808f	abbb5905073f772f0e89ff62bc39ed16509f34fb057401acf7142e9a8a1e6587	87e88b5568ca6e52	sliced-sha256-8.v2	nvidia-A-2
1567	3a041746	3.663257	19.530	6.511	7679151143a9a22459f39f0b43cbf013f880b32ae8216ed710f25f190273206b	4c5d8c4775391e818cd4d869a486d67301d601c8c0e8e196bfc128f1e27c952d	f7a7460486934942	sliced-sha256-8.v2	nvidia-A-2
1568	3a040e1a	3.676742	19.527	6.369	759fee8877df9c5e8cd6e9e68d6e7c7cc338f82ed53f64b67397c225e5bfbc3f	dbd89ad6f644ebaf2e9c4c42e175fc6c9cca7e92002715e247374433fea5a9ff	f84595f51840b1dc	sliced-sha256-8.v2	nvidia-A-2
1569	3a0404ed	3.641139	19.531	6.518	b9934d78df6c3cfbdf600eb2dc587adc61d2ebfb4315395de77ff7ec5b1ac1d1	8b71595170dd9008b5a520bc54447f47dab825cce891244bf4d9605aba30d61f	51a3649d25ae918a	sliced-sha256-8.v2	nvidia-A-2
1570	3a03fbbf	3.598145	19.535	6.128	81a0a7576592768c82677c7a49fedca1b72b4c8c5280f51968ed13f0dfa40794	4e4ea0bdab8b84f6c0b761ffa1f723c9e1c3a6395bbd2ce8ebfc5d9a371750f5	3560d8c4c7dc0633	sliced-sha256-8.v2	nvidia-A-2
1571	3a03f28f	3.624765	19.528	6.148	625ca212ec590feedda33b0f63fef48ff10f8b8b851b83873b03a7753e35d86f	d1a1dcd622f2df468af78326d6a12395f78d6d8c9d00975ff90b5fbc4f7b1508	ad4ed6061d992a81	sliced-sha256-8.v2	nvidia-A-2
1572	3a03e95f	3.617895	19.528	6.419	0f3d5fca92ebeb734ad1a6330aa492de5f3d7273090ea09ea4ecde0ecdba2799	0b869f5f72bf11207e5e17edc0259ab60bc73f47d1df6ea5e05b4df378544b8a	8fc0196533fb440b	sliced-sha256-8.v2	nvidia-A-2
1573	3a03e02c	3.604555	19.526	6.228	f273ce216398eb0894e9f45fea04e402ea0197481a7e11f1ab4886671bc6579e	f8b1dc50eb62c733840bf2737d8f83001a5cd304b66cbf17a5e41efd86003e05	0217375131b164f2	sliced-sha256-8.v2	nvidia-A-2
1574	3a03d6f9	3.640438	19.527	6.307	1f8d609706f3870cda26ced016feabfb1e58176565d57daf1a5343eff5425db7	dfb12aa20960d05e77ed2749b30912a7ccf8518de341a8549eee1d73c65dfaa3	8b91e2950e0267f5	sliced-sha256-8.v2	nvidia-A-2
1575	3a03cdc4	3.660635	19.531	6.380	4602ff20f74eb3167895547208a6aaa04d4814f73b64eb41e2c287533a5e496c	8bb6266131c1643b316e4b49adc96d8f439c026b55d99c66852b897a292fbcc3	931b27af34d03242	sliced-sha256-8.v2	nvidia-A-2
1576	3a03c48e	3.634003	19.541	6.173	9d64585675d6af0b5ac9393253ab1de1a7d6cd195f484eac29a23598c07edac7	5812c56922538e2841bb0e0157f388a0ee0784f22d1794f6c9db61b94e4b4814	49edbb9b0d936a1d	sliced-sha256-8.v2	nvidia-A-2
1577	3a03bb57	3.608664	19.529	6.428	d466c85d6933bf5b17b355fe11b11005310986c2bf8bd36decc8889eb219b2c0	5baa7972203dae1346e05acff45ddd2a55b02001104c1f97451eb61d4368fb22	4358030240900f47	sliced-sha256-8.v2	nvidia-A-2
1578	3a03b21e	3.644145	19.527	6.192	8fc2b66b5bf7a4870f6efaf87b14c9b404184d167425abe06503679abd4639ee	6965e7621588fd80f915b8def25148b3598dced38b2a82eb427543bf99e66bd3	3f7f1c2bd4c41163	sliced-sha256-8.v2	nvidia-A-2
1579	3a03a8e4	3.591344	19.527	6.168	64af442b277166cb14b25b55ca66e6f37439543a38277f9cf9df5691dac3c756	ce8caef7314551ac90870f65d70367fee1b2bcc830c280080e2acf7067c7ae5e	b459ac8e99b0c3ec	sliced-sha256-8.v2	nvidia-A-2
1580	3a039fa9	3.576981	19.527	6.376	862da5878a8e23e477a3bd200bb41fbdf58938cdcf473306dea1958a2a42b6de	2ae368c26cb7059efb4a33d1224e5f3d07261d89209eaeb1c674bb77e32ac8e3	f1dafb17acec0b7d	sliced-sha256-8.v2	nvidia-A-2
1581	3a03966d	3.603916	19.561	6.264	bc9c3690ee44b4549e63b367bebe663cf950d90c2159cb809fd9556620b313da	104d57f3dce21d54a6b7bdef2338f08009670bfb3b2a37a60d190442f0f71881	8ee21b5dfc9d70bf	sliced-sha256-8.v2	nvidia-A-2
1582	3a038d2f	3.566148	19.530	6.356	c380f68e9d8382af287111b5776eb5d579c786ddf4170163302db437f14144a3	223abf37886adf5389fa8c93e429e56711ba876d4a9b31f28a2863f8ffacd7b9	32fe58178d539d66	sliced-sha256-8.v2	nvidia-A-2
1583	3a0383f0	3.544694	19.527	6.368	a7fa6cbeca19b7ae3a739f44b8288d963e56580ec86abd401434cdd21c5b62b7	fe71ab597766215cd914127701f82edea4d7a5b92651eceb24fc5aca55e4b7ff	49d8851c8343fcc6	sliced-sha256-8.v2	nvidia-A-2
1584	3a037aaf	3.568368	19.527	6.135	34f7c4074c3e08570577079b325564037e6183a8ebf35fa5e053fcaac867d5e5	d7605cd20fca2cff4946dd823af21a7f3750aaed91202192017b387d8143480b	e6b5b033a15ab49b	sliced-sha256-8.v2	nvidia-A-2
1585	3a03716e	3.537490	19.529	6.149	e36c169afc71682f0e9f642eb541c3ffe9fc79fd87befbed7b5228bcd6933bf7	9e38cbda0c5be6a70e7ac5bf74e49cdd0b273bcf30569daa8e1ced8a765d50b4	bc52e957703abe5f	sliced-sha256-8.v2	nvidia-A-2
1586	3a03682b	3.534737	19.528	6.175	fa9327ffe88bd6a74ddea112335622aab55f18d883871f5812756a791bf3c40e	573079c86c1080a1be789448175e6a42dc1e02b5cdcf2486d2ae8d981591eb87	c2973d0e149f2518	sliced-sha256-8.v2	nvidia-A-2
1587	3a035ee7	3.598065	19.528	6.205	436d5cfc7813988e55e750c1d625dc6d629ef588a35ca3febd1619fdc0e545ad	a18bd4f0d2a060c68da73babcdba35c8e5962ff22c79221d41ad0daf6c006d8d	d7b781ff88262b96	sliced-sha256-8.v2	nvidia-A-2
1588	3a0355a1	3.561658	19.536	6.191	6175fe22aea3fc27738fa344674f98bea033abbfc3d82eb1120e589698092c27	b8526b9b620bb96aa61954c55c957a5a8d4bb23f63e4249e6c1b49b3b36a5a74	2b5124992d153dab	sliced-sha256-8.v2	nvidia-A-2
1589	3a034c5a	3.524616	19.533	6.626	5c10692f0cae80cce0e0321cebaaab0c0eb226544add01b0a8fd3a3f952553a4	aa11982dbb5f2f47c18726c4dfda1d1dd9bdc12fc207dcb77779cf51aea34134	8c3d81ad56bde2ff	sliced-sha256-8.v2	nvidia-A-2
1590	3a034312	3.520266	19.530	6.876	50bd751ba18fbdd29f38aeb49b909e35b9fa718499ba3dd2085ef061ac27844c	c6ce23d9c2b86295047286d4633598b20aef2cb6fd9999c6d5f8e9bb00e1cc13	11827680025d2804	sliced-sha256-8.v2	nvidia-A-2
1591	3a0339c9	3.709174	19.526	6.798	cd863275af44f051c3ef2b5f8faaef2c770285a06db5e15788f7c1b3c29f5de0	ad90ef41627d19ba33f79ffa76d0bdd3c13d91c7792123ee6e9dd5026a9cc48e	0bf2567cf3265b70	sliced-sha256-8.v2	nvidia-A-2
1592	3a03307e	3.697819	19.531	6.828	c068f59053ffcdcb037ca61334f7496cafd7445dcee121a090210d4679f2dae4	7dbd4e5b26fa1b60dde9831079408fce3014c8591b493c354f425c8c4705af6f	8426809d2c3796cc	sliced-sha256-8.v2	nvidia-A-2
1593	3a032732	3.689233	19.531	6.922	32dd37910174e5519e6a3ab51953e204adf54ebf7c788c0f0f896e4caf052d67	5cbf0959661dc3f7bc9045eeac26765cb8aa976b7137523220465429032fc889	462f5abaec5f3c7c	sliced-sha256-8.v2	nvidia-A-2
1594	3a031de5	3.678782	19.541	6.825	29935e6e3cf84f94e16eb61daca02383ba666ff56e4395e11a35c8fb15addd79	f761f6a293ee747761055ebce3a7fd2afef7afb92c2a62a43fe61b86e57aaaa9	f0b9c18d69fb16d7	sliced-sha256-8.v2	nvidia-A-2
1595	3a031497	3.660806	19.526	6.550	38c73ad59d4be8a16d008126420c7d8b36d83df2d72a28f15c8a5e2c84f3870d	1494b72d7525b40c98b3f770b3b9e7f729bba98e230a21fd56fdc475b76756d7	9ec1e0b8d94f85b5	sliced-sha256-8.v2	nvidia-A-2
1596	3a030b47	3.655820	19.523	6.396	506b7c79ecad7661ddc929a30b39dfd80d56471ac2da1a06aacb83448c8ea928	4cf9b718f6962947a6eba02a88acc892d8d91d859015654470e7eba57e6ea714	a8c949a67ed0b421	sliced-sha256-8.v2	nvidia-A-2
1597	3a0301f6	3.699444	19.522	6.701	3e0a5dea4b911d13d29e75b3cd81105f33a5bf8efcaa5b36421a7d15d3486bec	10c2a2bbbbfe54348671aa3ec1a5109174a73696dd217b032bbbf8ffb8d76ad1	afe23c62a8690564	sliced-sha256-8.v2	nvidia-A-2
1598	3a02f8a3	3.667715	19.525	6.796	67976b6b9cdbc34842c498c5e04211e1249a2543b2d8bbbd0ed225a0dd035639	e697381682ef79bdc8fb71d92614352f8a8d2e94968be7ae19e47fdbcf52dd9a	49dd60c8e7880a8b	sliced-sha256-8.v2	nvidia-A-2
1599	3a02ef50	3.654772	19.542	6.822	4516d0c87a9f07584b8fb29cc056de084f14cd58b6a76622e43a1e1ee9ab02af	aba318d6974b68a94fd2e37cc50692dfecea1a43a3e59b458ab37e43d156038d	5a52bbb946c1b66c	sliced-sha256-8.v2	nvidia-A-2
1600	3a02e5fb	3.716373	19.546	6.496	5a1c2cc85ec88500c6662dbe4f8b21e7aad80f3067b3cd35fe8984f79fb5fedb	ec0fe97f9b075a69b85edc925b22a1fada2c7f5593d3076482c590682345e1ef	e788309a2b2bfa13	sliced-sha256-8.v2	nvidia-A-2
1601	3a02dca5	3.654386	19.522	6.933	130d969cedf05658302c0c4ff1f853028cfe3e40911eb83f307a7769cb4a124e	20cd7d36018eef7269c1b92f3e7279da0359cc9e79db09f8f6539de31e8f9db2	39d4a197cb6fe99b	sliced-sha256-8.v2	nvidia-A-2
1602	3a02d34d	3.686026	19.541	6.927	4182051f9863a2da1bf1f20dc1fdeac438ec438ce138ec5b4d44f26aeedab880	a4b6c41a698e9a9e27510f7dcb8f5fc13cb7fbca8b3462ae77261e680beb7507	4eed77348d4982c1	sliced-sha256-8.v2	nvidia-A-2
1603	3a02c9f5	3.682976	19.529	7.031	68ebf21ae400bff99750ccbe2fe14097de3db30eaac2a77c5a5c919a6d213f64	ae6d53ae59eb9d2bb02388dcd9865d88dffab29e0f355524cd9c7b6d3abf36ed	e0ae971f4fbc83b1	sliced-sha256-8.v2	nvidia-A-2
1604	3a02c09b	3.684795	19.529	6.545	fe30f4d2eb39b318bf7deef160382e7de784cb8eafc78f4c4d1245564910429d	5e322c03835b51a056cd214d0745179042a8560c2b0ff26a64a0a471285a59b0	ed2a0de9a26109ef	sliced-sha256-8.v2	nvidia-A-2
1605	3a02b73f	3.683036	19.529	6.643	67a9f03922a795d97790203b62655b7daf1eb109bf350eb8003f882862cb1245	93799c1542e15c47888df7f127145223e4f3a584fae061c25feb669aea5d2643	030f6f063b250cb6	sliced-sha256-8.v2	nvidia-A-2
1606	3a02ade3	3.675195	19.525	7.149	60b1e9aadc8afa5b9a94389940e0ec9bd2fd2854fef473f15c8c72b083c9052f	dd2555ce1fca6549d996f56a2a5cc2d586d2ca0dd976a2efaf6ddcd0f6515f1d	f9a80eb78baaa749	sliced-sha256-8.v2	nvidia-A-2
1607	3a02a485	3.709601	19.544	6.758	9ce1007b2e20cb4bde5ac64476931eaaf452569bc9ced834d43131730b757932	35bc99fd6fb461e19e6d688b9d6545f02fac2bce314cd6024c87aabcf0f875da	1a65aff278a35839	sliced-sha256-8.v2	nvidia-A-2
1608	3a029b26	3.637947	19.543	6.695	b6a038d2f96d4b1b69a1bfe93057338d9e282ca6475a12cc0d81da36c29eea9b	a75390d8c2e0d852878337afc5c4ec1a6ce9e21951b5413074c85c643e4898be	eea669b8d5a0c788	sliced-sha256-8.v2	nvidia-A-2
1609	3a0291c6	3.702673	19.540	6.534	b2c8c656ed29522ac1236e4afadad4581db288fa18b7a94eeedfab12b9e7f424	3a186478cf4b4e652cda2d5e1a1855593bdae3f05946950a9646aaf4475b5f2a	2fade6287c2f0fcf	sliced-sha256-8.v2	nvidia-A-2
1610	3a028864	3.641319	19.528	6.696	7a574597b7b2b3ce04a02542ac4ce5304f91f55c98b618e507c96af393dc7d48	d0c12b7ad8b1a889a8df63d03882328678dfd1e520e3666048871879ec124586	f28179338b7825ac	sliced-sha256-8.v2	nvidia-A-2
1611	3a027f02	3.663834	19.530	6.369	604869761393d5109e826371bc145ed97c29371eb11b763197a7169c5d8d7b2e	1b7a9f8e04dd60a4548054130f08f0615827a9beac88f135814bd9d4df5639f0	3d7e34d4a4dadae2	sliced-sha256-8.v2	nvidia-A-2
1612	3a02759d	3.714417	19.528	6.623	56f6dadd53c8a26f1f9d600564bc59c865414db967ad3a7c86c0f3abbefde925	b96b5a529d4d26dc5675f4770faad3d37705a1209416b4df04e3d020d490f5b6	c36422a5d8a478f8	sliced-sha256-8.v2	nvidia-A-2
1613	3a026c38	3.716043	19.533	6.504	92e796b4179c6bacfa128b32aa92748fa8c187c65dbce8e4a6ebe032a9d10059	f3a1381f3a1757684886785ac6b1a6a445a0d0424ea4a189d9d0cc9011c2d0e4	5991ab3bcd29517a	sliced-sha256-8.v2	nvidia-A-2
1614	3a0262d2	3.623106	19.543	6.311	a522ea3a87a4c3702ed739be152b8d2641f17d18f34402a6b8a4f09fbe5d332e	8ba4205e9c03cbcc1e703798f886c6d89e77a142ecaade6b2568dc77f61f6e7f	8ad5587881702003	sliced-sha256-8.v2	nvidia-A-2
1615	3a02596a	3.651912	19.528	6.608	16d4b338a01a2b889122eae095dd5ad4b46f3545bd75a683dc8993aff439a421	c8358294b15a210b7c7f81b0342da5303e580981e9521fee83bfa0581c0bac41	275036f86cc0a5f2	sliced-sha256-8.v2	nvidia-A-2
1616	3a025001	3.639962	19.529	6.367	89178442c4a3dae10ac12890a7dc8f5df53287a44f2d91bab3666a0659e3deb6	a37eaf26b5192cea434d5058429b88c40cea078b44ca8fbc557fe59f41a43d0c	97101a832aa090d0	sliced-sha256-8.v2	nvidia-A-2
1617	3a024696	3.614030	19.528	6.447	fe96c578ca6acb8ba09b72c92414e7d43741afc4f9f45bb6090ff3b388fd781d	40ea88f035ee9a8e8cf90d4eceec9e418346c3b9a66a4453d159ec8abd982170	bdbdd07e57345804	sliced-sha256-8.v2	nvidia-A-2
1618	3a023d2b	3.684245	19.529	6.917	9e638307a9c6e04d986c6cd671df4aa5054141fe33798763b10bd557ab19a351	f905ab04bd83e5b186279aa4e5b8710eb3d519ece11b288d426d2eb358a92c90	2839b6032c03da83	sliced-sha256-8.v2	nvidia-A-2
1619	3a0233be	3.652786	19.555	6.748	b885c72d0d0e1c559e075de942f9c9a38a6ebc09ba9b17094ae5337efaa3356a	8c1bfb2c4be2179d112ad5fd8f9857323b75c7321794658d25dd8ecb53c924e1	efcf5ecfc04bd8d8	sliced-sha256-8.v2	nvidia-A-2
1620	3a022a50	3.660766	19.547	6.492	032a172d50b2a26cef5215ff5d5379b2b079a04ec1335da50507ddd6b2ac0bf3	b4f1cb7cf5ff03af2bb59761d8c0e5dd619dc47dca9b5a9890ba82b24044a7ae	19a9bbf26018f9f0	sliced-sha256-8.v2	nvidia-A-2
1621	3a0220e0	3.649776	19.530	6.693	8d2acc4917c407dc26acb7ac97c58d1e0ef2f4310cf9958d3ee737caacb38591	9272e630967b48035146be55c4188495b0655534390a45aac92b8ba7c2ef28ca	1eb14a154ba6ba78	sliced-sha256-8.v2	nvidia-A-2
1622	3a021770	3.642571	19.530	6.805	2a7a8665dd4e1ebf2cf3fd17f7459f0a4e9aa9442e4319c406e76e09dd7170a0	edd67fe994ad27b08e00fe721ffefc483deca4ef8e5f273b918284ab17c2d0e1	9de5b5d3a0e2067c	sliced-sha256-8.v2	nvidia-A-2
1623	3a020dfe	3.605937	19.530	6.986	59364bc085e4ee38bbeed3a3b77dae6f6043ac4e6352bfa274c05f2226d6dc01	efc4f7cbad66d6303abc578b5a9f7f34ffa46b5b201353f5e9b0422f2744e07a	162b244839cf4bec	sliced-sha256-8.v2	nvidia-A-2
1624	3a02048b	3.631001	19.540	6.807	c8d8d156497d5c1ceff0692c37062126895e205bd221ac675ff5494ef3686a73	45e9c658e170bbd0d3b5280780d14ef3f1495d48422cffadc5ffc8ceb0d583e5	47a359b7f92d25b6	sliced-sha256-8.v2	nvidia-A-2
1625	3a01fb16	3.543407	19.542	7.101	48b7f361d4e30b67cc002ddde9d7e03963149e379899f53b122d2df36400156a	0cae644efb9569d0fb79accd929472ec1f9607fa4d7cb90f7089681e0a54580f	b6e0cf272321898f	sliced-sha256-8.v2	nvidia-A-2
1626	3a01f1a1	3.635950	19.541	7.001	6f5907f0c25b26c14c6e1d2d28411745cd934a502f60cbf56c4b4dcb3c657f80	b472a47f232871814231c0ca1435828d25e1ba3acce190cefc6169b94385ad6c	9019aba5238d9454	sliced-sha256-8.v2	nvidia-A-2
1627	3a01e82a	3.543089	19.532	6.956	2003594257ca1e560329e2f2860844229e466d0ce494217e5686ef0eff3a0c39	b1de32d62ad215699da338bf040b5cbccc1985c725715eca01b2901831463701	845ce9715b512d42	sliced-sha256-8.v2	nvidia-A-2
1628	3a01deb2	3.535342	19.532	6.776	d5e4cdd570179c80f104404f288fa1d02add710e257c774855948520d9600dba	9d4e717e35edc415ede0f567c7efb47e88bddfe583b39c4914c9ab29c097558a	43336276f9bdb88a	sliced-sha256-8.v2	nvidia-A-2
1629	3a01d538	3.583938	19.541	6.495	515825afe858a7ff3e1be5f6c5ab045867b7b5ffc2453fa271b1f61dd77e3fcd	41271794973beb5197e0b487e2c1ec12f3ef0d1553eabeca85072b3bff77a9f7	7363af1cc106515b	sliced-sha256-8.v2	nvidia-A-2
1630	3a01cbbe	3.601875	19.542	6.345	2522a7569824f395c94d191ba3802cbda4d4cf2349aa9c05301b58acfd56bf98	c53608badae52e6f0af3ee2ecbea8aa9581f78db34bbce25dc533dc47cf401b8	23745a38bd3686b2	sliced-sha256-8.v2	nvidia-A-2
1631	3a01c242	3.538930	19.529	6.947	06192cfc93bd7feb5e75550cbe7060066b21e24397bc1ed8ce5b74e2031ad7fa	d20caf375a5a1c0b526e15d1391c6eba5cf8c5a9e9e1f60e4cc6b31313326e8d	6a89f0578ca9021c	sliced-sha256-8.v2	nvidia-A-2
1632	3a01b8c5	3.509747	19.529	6.706	72fe654aac9718c040f5fd8bac324296a6c0df8564aae9193b794031ecc56b54	802921aab68bd7c644c756d0d0d6346ac6a88bdcce9b47777994ec8bf844fb01	ee1f567e7725d70d	sliced-sha256-8.v2	nvidia-A-2
1633	3a01af46	3.512315	19.538	6.345	de5823aa54b74a06f26010ba137598b2f3df26cef8257c615b0d0bcb49721acb	565b1c35e6c5150961d06754b5d6668db7f74d4c2e551979810abe1865981537	ff35f5e1bdd93a15	sliced-sha256-8.v2	nvidia-A-2
1634	3a01a5c7	3.559699	19.543	6.654	0070be9dabca8f879ce2089e586039e79b0ad4f01562c5e740c90038f218fe11	443003532c7dadcd476ed5ed38a746e7d6ae74ac25177f56a6cd3058f6964af4	e3777980fd65356c	sliced-sha256-8.v2	nvidia-A-2
1635	3a019c46	3.506524	19.529	6.904	b704a2245e0f2eb3b2baab9bfc611a90549502a828bee0ebe995efea90a736de	5a4ca165244710a42325223366af247d25384634fb4aaad0133f09a1f26ef7bf	fb0d56cec041a80a	sliced-sha256-8.v2	nvidia-A-2
1636	3a0192c4	3.661051	19.528	7.023	db07147a9fb62ccf6210439054209ced744b4456cfb04735900e37890e94f5fd	5200ad8d973ef662d0a64621523b749bcf49239c40abb53c0021122f12ff459a	2bcd5d0591f58e2d	sliced-sha256-8.v2	nvidia-A-2
1637	3a018941	3.685231	19.529	7.167	26b0e0420af94575809fe747e5a964b60ce43524b89934b2e8acaffe1cf738f2	e1d04e5967d5937900af18209cf78feef03d7b062e31d6a9176ae5cfa1153654	2dc87aa13bf2feb8	sliced-sha256-8.v2	nvidia-A-2
1638	3a017fbc	3.660998	19.529	6.870	b65f241b69a97e6e9c82730f269fe73a9679b0c0a9eac34c836bd8842e987818	c8e371786ee90d12102415978f2e947241d10ebd03b217a4ff41129b0128fff5	11b312fdc00bf908	sliced-sha256-8.v2	nvidia-A-2
1639	3a017637	3.710702	19.548	6.482	20a0c819344d36192404a625f921d2449c979f06714a3c6f9052f704ad1440de	1d3b3ab81fd330885e815aec28b536175eeca3a43e24cc6c903cca84f70fda6e	872e974044f1befe	sliced-sha256-8.v2	nvidia-A-2
1640	3a016cb0	3.632472	19.542	6.739	86cefcd1f1ffe638967183443bafaa78600e5471c8d678a9c53eea6115a032fb	0fbde4d48f49dcdc62e510cd86076e4a2762b1ec0fe9dce532c157efc23eadf1	1df60c29f5e3655d	sliced-sha256-8.v2	nvidia-A-2
1641	3a016327	3.608525	19.526	6.792	90c5bd8fe231c51ca7c21a8699fb2a7672564ca7440ceceff1cf8d01071f4166	85c1b67ff46f7164f3a0754be4700f293bb32d3e429b2d2ac029d617799d5842	9c89fc67937390df	sliced-sha256-8.v2	nvidia-A-2
1642	3a01599e	3.720970	19.536	6.691	452b2c182a1c75bda44dd195f3e91682c92f996853bf91ae281308dda8b38872	89f1a85737bd000ac757d2e5230432666c87cad6eca17ce519de1d9b54fd70df	3d419d0bc4274cd5	sliced-sha256-8.v2	nvidia-A-2
1643	3a015013	3.662728	19.528	6.568	0f904b9872bacd6c8e08e1cfde705c36949bb871292e64164d11dfba4c25dcc7	7210bba84925bfe92d6bd5fef1170de5693e39242ab3f3282e31b42bcb4db20f	d40b8ac1e6895043	sliced-sha256-8.v2	nvidia-A-2
1644	3a014688	3.646631	19.575	6.775	9d03ad6d5eeeeda8dc30cad8691ae9fdfc0bf9b3333a0e4117c8ce32899add51	f8537a81c7e28f51c67008b6354d095dc00d0976e80dc71ce1b4b2371bf1b752	c7e4d978a6d91551	sliced-sha256-8.v2	nvidia-A-2
1645	3a013cfa	3.652855	19.535	7.136	3851d32799a0b051b6510c95dbf5c83ec42e32cd9126a2c064caae452e683dab	db9ff87f87b1183332f4652e027f6ff568709a65f554c81d7307d57822da6ee7	19c6101e71a8fa88	sliced-sha256-8.v2	nvidia-A-2
1646	3a01336c	3.636411	19.540	6.807	706de2230af9d0b74ebd84cf89d3d4059d51e9e7c13f5badbdf65f098b7d4910	0c101ff58c26f92626c2a5eb701422938479ca75845f3076387f28d9f91ea750	f34ba751e19c2222	sliced-sha256-8.v2	nvidia-A-2
1647	3a0129dd	3.688084	19.528	6.847	9c1883d53352d51e25a54ecb8bd45a225a951476ca00c81159bff95f60e0dad1	91b00b5435f442ba3f0173948b3dfe8008f965f16d43407091203e18e4314383	9018eb95c0704f23	sliced-sha256-8.v2	nvidia-A-2
1648	3a01204c	3.750182	19.524	6.585	2e96e6db7b1d39bea8f847dd91decea46e79cb81a31da37b8ecf55ebac506299	2dd210f70fec90b89d5d51be4db5dfe277d26d10e6258c94bbe89629f3520ecd	a40ebd18809885e2	sliced-sha256-8.v2	nvidia-A-2
1649	3a0116ba	3.663052	19.529	6.526	ebc4d9dcfb9d75fa60d1b5a9b139078526c25f4e2cf40e397169f1dc68476705	be95b97808fa9ee0039b92447703de67c6c9e6130b361c167ca191fb40c05f08	7f9868f4511a037e	sliced-sha256-8.v2	nvidia-A-2
1650	3a010d27	3.711257	19.525	6.678	c5a2808ec5b27a33146b6fef1e925722a295ceeef2ff8c8590682edbaa89ad15	e32814ced8836c8c810e7383260c9a80580e26c3799748819bd224c559d2cf2b	ec2ed0c645c073be	sliced-sha256-8.v2	nvidia-A-2
1651	3a010392	3.672143	19.542	6.759	bc251708c3fe43d2a68d47c76de3354e54373498091252af5f2239897fe55118	d6a4365fbc3b09af0dc6cac0b6e72a1865e251680609a6ca865ff3218a6e5f0f	aac0ce2f33886b86	sliced-sha256-8.v2	nvidia-A-2
1652	3a00f9fd	3.635567	19.549	6.546	180343aad27eb2c4b0be06383fafe0b1dcf6648e2fcaf46f778bff272a2196ba	648e94872ac43131e42e95efda24dd651eddb13a0e73046f1bc83626c922bfb4	e97e3b89924854de	sliced-sha256-8.v2	nvidia-A-2
1653	3a00f066	3.663815	19.529	6.753	78b562cd9b32aec5b783b0793550de871ae967a9c80c83e4caab7973eece897b	7a4de1dfbde6124698b62b10035cf504d2706233094a14ab5b7781575f513a78	45939792c5a66fae	sliced-sha256-8.v2	nvidia-A-2
1654	3a00e6ce	3.635534	19.535	6.605	934f1d6f5fa35692205235059d41485cbc9411a66c026610aca42549f591c9c6	229fc64e0f2a0f6f015d08cb5702c59012807a2223f224831cd247fb5b6b88ea	58c9f9b6e70fd06e	sliced-sha256-8.v2	nvidia-A-2
1655	3a00dd34	3.682312	19.529	6.671	bb9e55c7de9082f43de15ce0ad3c31b9bdb702d891c104245a978d4870138217	1a967c519adc36df968c402b11b6f419a8e61cb972e7b946c32b4ec2be078da1	1ea5bed066f61c7a	sliced-sha256-8.v2	nvidia-A-2
1656	3a00d39a	3.661316	19.527	6.280	76b0dc5538d28922ccfdf2f067c18be5bd49634b198793cb7bcc28a15636d8c0	c0d82581c2782fbf0e55642dd078e53467080d73b7af83442180e08a666f50a0	a11353eaf65f2087	sliced-sha256-8.v2	nvidia-A-2
1657	3a00c9fe	3.640442	19.533	6.770	0bcda8e31adbbb71a235ead55e2fe9f679cec6c01b0c196d2d20b20f85ee5229	e9e8661bdd20f3e28cb7403bd43a7d381a4456dbbc5eedacbf75ebe7622db408	2ddbde39242596f0	sliced-sha256-8.v2	nvidia-A-2
1658	3a00c061	3.644159	19.551	7.245	218f76499e4bfcd1489561b158b3969a49d9892c1ef51e7731f0f4684b3aff8e	fa674daa2d06a1f1a79bf613a37620b888067f3c8cb39af8583cc0dbdbb7b022	a23b83c64e7ef710	sliced-sha256-8.v2	nvidia-A-2
1659	3a00b6c3	3.637208	19.528	6.546	3715702105586c14f8abf375aeae2484f393aa63bf4ba204487a8b9e5b395614	b47e8b7d86a6ac4685d7e79b21dc6129110e25a27a13bfa1310c220b0f086577	fb79f8d347b55f59	sliced-sha256-8.v2	nvidia-A-2
1660	3a00ad24	3.628293	19.526	6.760	5147665b7ec7d6a0bbf479cb76eb56520d244cba8f6167457b78ede4c0ea6451	fc9eec1410b77420535354f048a1eba2044d59e2a1d91ddb44feffdcc9e7c02e	81ba2c189e585df9	sliced-sha256-8.v2	nvidia-A-2
1661	3a00a383	3.652424	19.530	6.410	89a5c1516c6bf6a54067a4248ab46b300d678a3d97811ec966746f4cb84c9ece	c88243f5a7edacc66faa92bfed36f071abb468896865efd089904a6db93e53f4	03a6753eb5b2a017	sliced-sha256-8.v2	nvidia-A-2
1662	3a0099e1	3.632321	19.529	6.449	e69eb0a508344d810de29790b59babebd8fdd46d2185a10033ed3daad68d3b9d	d76c6f100b2ea3572bc3cdbd48ec359b20db154d6384bce75f92d17e3372d3da	28d086f6d9f53bb5	sliced-sha256-8.v2	nvidia-A-2
1663	3a00903e	3.609578	19.528	6.748	3fc105c2a5fd60dfde9e3cbe154af88d5023d0dcc979349078083cb67ab1c04b	2c802e3eac2578f0a33e86c300f2d40aead175009cdda4cd1766a64a6b7de3db	fdafad722a1d0b16	sliced-sha256-8.v2	nvidia-A-2
1664	3a00869a	3.597004	19.537	6.524	00110c34cc114b1f75a8836d5f7e3cc17e04dbe6a140d94b58fdbe2d6cb326f9	335aa45129b4c53a5864f062ababdff84193b09d760a4a2586b717560601ef3d	d11554899c33b954	sliced-sha256-8.v2	nvidia-A-2
1665	3a007cf5	3.622685	19.524	6.443	cfa26695cc16d30c135a296b0341e042784a58510b41e4853de270ed7cf7a06f	eca91579a8b2f4167ef6bedd3d895dcb76ebc9f41b608dd50a52e7cb6ce69ed8	261d0bb9a2c1ca86	sliced-sha256-8.v2	nvidia-A-2
1666	3a00734e	3.628751	19.523	6.722	9863a3006b0862e50efa77c05b0d75080de606a065d5d22e678307823996cad1	60ba99b452d6572b75f8ff55c0ee0c4c26a9966eb1f014e709c0f0534d9f7033	c6474dafe937be8a	sliced-sha256-8.v2	nvidia-A-2
1667	3a0069a6	3.589987	19.525	6.474	4b2e822264dcc01b458e179a251d27237aab5c150cfea73e7675d82acbfedae2	5eba1b9458d0e9c79c19cd4d16c0f6a7218aa81ac1287d18f331a41dc416292e	ab009b81c43ca1b5	sliced-sha256-8.v2	nvidia-A-2
1668	3a005ffd	3.604205	19.528	6.498	0c49f0f1b938ce6aae16e8c55db4b110bd637fc9d4073b5c8b16dd70a28475e9	58ef2bfd1b680bff477615f6c5235320241414505f787e6e6c5da9023ce98ed9	d4d03dcf57739629	sliced-sha256-8.v2	nvidia-A-2
1669	3a005653	3.615027	19.539	6.650	11e65e615dadf97cc2acfbb684d7832a4c9e054917959ed44d36760404982482	86641ecdb4ffe49e5431de0315c3b4d0ad564ffe7ce73fbc88c01848e39f81b1	4ef1aed060fda7ee	sliced-sha256-8.v2	nvidia-A-2
1670	3a004ca8	3.618277	19.540	6.361	a378e8a5867ca1ea24957cdf88969d39ab3788633b0158040e9b429d4c6148bf	d95201d8fb07a5961130b26fcbdcc19ac346224bceb4501ce912861b151aae75	6f66f9fda6a998b9	sliced-sha256-8.v2	nvidia-A-2
1671	3a0042fb	3.528937	19.526	6.410	583037523784972feec1c510f09c739b82927a761a2c1caeb7bcf538edc36f31	dd203e79f085ec9e1697782295f57f9ef25f1330ec67451029e1debc5bcac3c2	f43cace3f0170680	sliced-sha256-8.v2	nvidia-A-2
1672	3a00394d	3.513270	19.528	6.466	c371401c1c560b6686b2348c617742554198f4991eae9e8aa616a53e6dd3032a	de1f32439d7c2ad1eecabccce404760ef0d948928ddb464a258aca6f88a92aa7	8082938b0402c357	sliced-sha256-8.v2	nvidia-A-2
1673	3a002f9e	3.575489	19.528	6.681	d043e67fe9c0e74b586c528ef480e372ec712a29d937bf4ce9b50de830bc7740	a29ea24e86fcfec0a876cc0a8eb4b81f0aa17cb8ce8ede1da113b16eeb140766	ac02492434282442	sliced-sha256-8.v2	nvidia-A-2
1674	3a0025ee	3.577987	19.534	6.529	67badb6d47fe947d8afb5550ce878ce5da8cf946ae237b107716d40b561ecfd4	f86ed9a7aa2e21c4828d9a559006d53209002f15b5fb020bddbca72d9c3ba84e	36eedb8e89110b7c	sliced-sha256-8.v2	nvidia-A-2
1675	3a001c3d	3.509767	19.544	6.485	7cb3a8f439904a078396df2cc6742c44609a173dc36a63b27943ecdd2c2948e0	a64b8a1eb8b8ffa0188665c5f669530951bc8219bdb2363896db2f84869b4217	218ae6a3bfaf209c	sliced-sha256-8.v2	nvidia-A-2
1676	3a00128a	3.499130	19.550	7.015	ff02004cbf9b277ba102b9780e8cceaca023706fb3c89b888bcb61731704f5a1	9b5491a4ed1a36edc76f6e785cc8bfb6a1796de96523c3b49d106e0fba54f6aa	28713691d6dd6678	sliced-sha256-8.v2	nvidia-A-2
1677	3a0008d6	3.509118	19.535	6.575	0b638869871d5d4346582f98c77a26d9ddccad8276147e85c0127c150f1da8f5	a28ac51140b85b3d4824b2d9b9ff0efed7899a39c4aea980fabd9a238d5f4fa8	749b69c3d58ba40e	sliced-sha256-8.v2	nvidia-A-2
1678	39fffe43	3.528362	19.555	6.480	f8945adfd9cb3833d41339d604587478fd90417ec6eb443952d319de1734c261	cad5db539ec5ed3309db461463f2190d715bbf94cebb844f267703a52b2bea94	ec3cb880c86163de	sliced-sha256-8.v2	nvidia-A-2
1679	39ffead7	3.517040	19.525	6.737	31d5c44269a345b52e01de74f1ce97730af6901fe19989bb47d158dd5db3067c	287810b7cf83629155a77022b3d4d2db6ca60b9ecefab568b16c7939a1aae0b3	93a8afc34fdeade9	sliced-sha256-8.v2	nvidia-A-2
1680	39ffd768	3.478547	19.522	6.799	c8b960c9d1de5c0ca21ed4e75e9293464f8e621b856ba210382981ad79881960	74e31d611420baf1ae0e09011370b22da3fb5ec35f31d579f0596fa96d4462c3	bc9ea51fb52f857e	sliced-sha256-8.v2	nvidia-A-2
1681	39ffc3f7	3.575586	19.535	6.707	e54e47e1f5cdd0547c8eb15ceab704f7f00cc1718f30666b325f3abbf5f52d3f	fc2d2aac2c15472de920ea6f9c2b694fc170a0fd07c4674c064a8adedfb81914	769125b45c839a98	sliced-sha256-8.v2	nvidia-A-2
1682	39ffb084	3.688549	19.547	6.664	71012706d1e870754b03b169db86d00b1ce290636efa2ec8d0ba78750a0ca6fc	52e8c6e1f637d959981948cf788802e36c7effd2919d8e492ec24e05669bd6bb	44c2eaf0e1dcbde7	sliced-sha256-8.v2	nvidia-A-2
1683	39ff9d0e	3.640290	19.522	6.304	f017211c22303b81a9dd24e601bb77215ccf23844ba21bbccf97c46bed5f2d30	48067510b1137262a834b01455e6db10e0dbc5a5bc36d99b06195968a64c92da	0254553d6b48b8dc	sliced-sha256-8.v2	nvidia-A-2
1684	39ff8996	3.686921	19.523	6.321	df58152925ed6a4509a4a91bc439e59ca4cf243ab75a32b503d8c275d047680d	761262b4ce43345267f6e32d44d71b65fadccc94fab3ace0227bb4521457e745	6294ea4c05589ce8	sliced-sha256-8.v2	nvidia-A-2
1685	39ff761b	3.668678	19.523	6.587	d36d8ff12ca7602093bcdef48eb0c6cd474bb7256022976e7de7c73cb572fca4	c0f50bd5f7f52ed35b7cfd00f3c40bb583d94954223b398230d09ebad72fd009	2b89d0d74acce5f3	sliced-sha256-8.v2	nvidia-A-2
1686	39ff629e	3.619728	19.523	6.564	1cdcce3c130fb4e3c4d63c2f7407469a745c1ff46a4145c14b7668e7777e68a8	065a83eb42e6679bd0984fc635f304587181d35ec88e117f8e0b450d0c51a458	3e79cbb4577cefba	sliced-sha256-8.v2	nvidia-A-2
1687	39ff4f1f	3.580920	19.542	6.386	43f9b6985344c309a03b63cf00c1ec093a2840cc52cefabe76bf902397a64104	72553bb83ac28105b7c82400fe9e380d5e2dbe58d2fb102e2b4be0565d3a55f5	15712d4412667c00	sliced-sha256-8.v2	nvidia-A-2
1688	39ff3b9d	3.703036	19.534	6.551	7e5060791ff8de470cdea07ae5977fc1b5b425300e2872023edb66f60770ac91	7520b0489b03c1af3f46b20a5cee95d764ae945d6d3164b2994fe833dd63c2b8	986fe233905c3485	sliced-sha256-8.v2	nvidia-A-2
1689	39ff2819	3.629758	19.528	6.283	c8c480fde0e26fd52951091e00276ed61d4fc4b53720f816ad968d4f912b2460	39576aa979e02531e7a28d237e6b05086605ddca5ec437b42550ae1c2f8478d0	19d497488b8ee625	sliced-sha256-8.v2	nvidia-A-2
1690	39ff1493	3.650833	19.525	6.592	17befe86af7b5e481578d838d4b0f3bf482e0524b4e7fa181b9379396ba438a2	c0b35af89b9512be407f3a834519a19f93d162cde51131135df040032ca52691	494a0499af2d12c3	sliced-sha256-8.v2	nvidia-A-2
1691	39ff010a	3.598771	19.526	6.658	d753b6b818d3be7ef3d892f1ad2a43fc0a0be126997dd2d61acbfec62ce47316	3f84f65e4ba053f60a8bbc4a2181d32471325f2ece768cf841104cab7508d235	3374bef40fe8abfb	sliced-sha256-8.v2	nvidia-A-2
1692	39feed7f	3.717564	19.527	6.627	a12f40d3a54058b8c5e8fc364ae1a4bc538cdb6f1bee2fa6ca2870d54e1e257d	096a08110938822871c81cc00ab2d0b6bfa939c7bda5a40f744c0f30e66520ba	a188d0021b8319a7	sliced-sha256-8.v2	nvidia-A-2
1693	39fed9f2	3.732529	19.523	6.614	37ef39f03373fab5d24c20b767b25680c2b85f54ce46bfcd38bca2a7ac44231d	5a3a95aafb4077db2e233a5deaee87d98229121db3ceb75b08e979ff34ee1a1c	a7831c0132ee6a1c	sliced-sha256-8.v2	nvidia-A-2
1694	39fec662	3.700015	19.544	6.293	8ce3265732bd9e44b492ff1bb74b701dc9b073cbf12d0386ba3bd3ab68e0283c	7ad9a2081ce22ea0e9563c51d8311caa08057f4c9ac0597509c93bcd5a9886a1	76950024add31d23	sliced-sha256-8.v2	nvidia-A-2
1695	39feb2d0	3.687794	19.540	6.694	5ce48cf12cbd232ec28fa99296edf29aa870cf477cc6dd5ccd17d6990c283e74	4cc3e32f271d46c91dd03a21376a7653b2d3e7f0bffddf3e65bceff28dd3e573	ee529a7b3cedc89b	sliced-sha256-8.v2	nvidia-A-2
1696	39fe9f3c	3.665725	19.535	7.180	6c7cad816f85c0e017ba530572a7f510c1055d95a7fc91c50c807e722d466bd4	0ce34bf74debc71d6c9c0cf7332370546e3bd5e3a023505138243fd199760593	af5c74eb90b7d031	sliced-sha256-8.v2	nvidia-A-2
1697	39fe8ba5	3.653119	19.512	7.152	eca4571e3b7aa6552e8cc489ea37c17eb08634f9ef6a435a8bc97410f201bcf4	08dd1fc3fa368d3806638f531395726032c3bb694717bad20aefce547d0c9acf	8c011e75dff447e4	sliced-sha256-8.v2	nvidia-A-2
1698	39fe780c	3.664749	19.521	7.001	98f74dd6e9a77026fb5bc090a0f104492a1e7c64b3d2fb39965141bf655b27cb	96feb0b7338c40647c7bfcd7d70f015a686ed8fe32c73a0401a05ee2a16f0524	e6025cf5d8cf4081	sliced-sha256-8.v2	nvidia-A-2
1699	39fe6471	3.640236	19.513	6.410	ad3f6dcd21512d64a7a155bd3fc6c5b3e61bc145e4b0758675b22f6128cd5b04	67e6a97efa7fef4d52dcf21098e65d01fb4e4a89857ef988e180262b96b6e9ac	4aa9c664d77ed225	sliced-sha256-8.v2	nvidia-A-2
1700	39fe50d3	3.629507	19.514	6.727	54cd8df204ce34825d886298fec9ddc173eeed93437bef0f16e79053affeff7c	f174c77b1fd0df7ec059c8d3572af0dfcb19c161acbd89227baadbc1d6df175e	6b0583a4c5c7682d	sliced-sha256-8.v2	nvidia-A-2
1701	39fe3d33	3.634234	19.512	6.760	ae103e618c9881b61d858cf5534f1f134d49fcfdf56da53a5c9e9655495c062d	2d17d3fbdb62956fd2e29dae7ce833eff3f24915b34ce031c2886539892c04c8	b7715220db28b74b	sliced-sha256-8.v2	nvidia-A-2
1702	39fe2990	3.647856	19.539	6.561	e4ad79f668813e111117d691cb57709e0a825bbb5921e416e66d2d335ff284ee	776e3ebdd1586eaccb7e4c78961888af8b794c95c7c9a1645fdb8a4a92d52d03	aacf8f7873513517	sliced-sha256-8.v2	nvidia-A-2
1703	39fe15ec	3.639587	19.525	6.974	76e0ac696e52c4393974ba8e7311f255e588cee6076add2e52d6403ff6796827	a4ff1d4a108c8b82c95bac9d491b0a1bf4d69bd0592d7e687b0ab7a76bd21a8c	1f1935d7e689fc6c	sliced-sha256-8.v2	nvidia-A-2
1704	39fe0245	3.597724	19.518	7.021	b9a4f8671f4e739a6daac9b02c441d7f3a7620fa9d515a0489dda90739bdf7fc	1291d2180f529796590e48da885fe45fd38b25a5c3d70e427ffead8adc20aa2f	86ab3471eed338ad	sliced-sha256-8.v2	nvidia-A-2
1705	39fdee9b	3.661966	19.558	6.733	792a43b437cdb05e7fd44965251bbfcbb35b540c1b9644a65fb582d111d18ec4	d5fb463c21ab317684acb04be66bb7e811ab3e57d469e42da8522ff67e9139b1	5b508857872e73e7	sliced-sha256-8.v2	nvidia-A-2
1706	39fddaf0	3.598033	19.527	6.371	635fe20be46a8829fbc4c2f3fc716d798ce41f7569bbeebb898e7ab446cc46c9	adfe62ea00d839c6556fcf2ed50bb5c3283e25ef5d47c5ec3e8c80891b65233b	7ccd9832024f3284	sliced-sha256-8.v2	nvidia-A-2
1707	39fdc742	3.643725	19.529	6.629	c8e4312995e40d55c523e5d4734fb1a0db381511d23d6d6ac38e3e7469024936	ba9a9d3def0ddde918ce995101249bd9652dbdc6db3c444bb4703c60289022d3	0a1139fd861a6415	sliced-sha256-8.v2	nvidia-A-2
1708	39fdb391	3.605496	19.545	6.644	820e6de20643ea5adf523784ee2661b2e62f221c549a28f7934158055659d07f	6cdc30f7553afcba8b256903b08bf050daf45a1028d2dc7bad2186d8fc3ed280	a46a5c7fa531cf8f	sliced-sha256-8.v2	nvidia-A-2
1709	39fd9fdf	3.608201	19.529	6.449	3ab30e92247fdc72a5d1652f8299b632779450a00ae9eba9d477d7ffbbfe10c1	8580662022b310709671a8aaed6f460fc3bcb0a93ee2c4e945b179274248139f	c85aaf20a429ae6a	sliced-sha256-8.v2	nvidia-A-2
1710	39fd8c2a	3.665476	19.526	6.916	0f58e51f3356e54aadc76f4836a7bcb1b76a9ed1627264953ad05df9933a1ad2	1e4d8688029964c6e8533812b8acb2398c7ad83f685b6173881b3df71b02e195	589582a6ba0f5587	sliced-sha256-8.v2	nvidia-A-2
1711	39fd7873	3.620394	19.525	6.465	edc160a147eb33c7fcd692ff59fd689e61aab290c498dd101a382895869f10b7	3a718eb2749b91dce74b19ebd8e9e0aa41e512beeebdc911ebd68438491aec93	df75f39f6cee374c	sliced-sha256-8.v2	nvidia-A-2
1712	39fd64b9	3.552754	19.526	6.717	e0bded190b89e18597746b2fe1436d0f66888ffc104f4a8a17717da52643e5d7	df367c2e73a01a548775ef7cfd101be398b10f9ae0a860d4a74c8f9b8560cdb4	1042d059dc2a46b0	sliced-sha256-8.v2	nvidia-A-2
1713	39fd50fd	3.578434	19.539	6.622	ed57f3333cd784cfa78664ac16ff08f6af0223bf3c8d8b377732ae5629119abb	6853fc967ad750ed05fc1cc12a2848d39c80b2d6ea72a0a3df38bdc13f0bc9af	c94ac7e0e31f8f63	sliced-sha256-8.v2	nvidia-A-2
1714	39fd3d3f	3.586364	19.536	6.373	02c51276edcf299cc2160010641f5401cb1aedb2266f9ab438180bf92e473c44	8805cbe7d4430f2f7fad4a565f4e86d55001ce6eeb01fb3047363419b9e8d872	33088814f63a5f6e	sliced-sha256-8.v2	nvidia-A-2
1715	39fd297e	3.575617	19.528	6.596	77f4d8084035507a2d8770dd65a0ae09b9898ba5f443fcc5a3fe4d8189c76b8f	29dc70da614e477c70875762d7b51104182c45d51cddd415b82609d37e802b80	9453cadf29c879f6	sliced-sha256-8.v2	nvidia-A-2
1716	39fd15bc	3.462888	19.528	6.670	6811d478edd302cc25a69df0a83ec6dc8281f8269fedde28e6aad55462077aea	3644f9c402adac2e391f67915c06b85d2872d5f8b2b5fdd8d02add40352a0657	20906ff9a0567a77	sliced-sha256-8.v2	nvidia-A-2
1717	39fd01f7	3.496351	19.525	6.638	e13c6f46ee6ddcfcc906143a5c865bb060fb38eb52564034b85d70d17aeb66b3	84c5c49b242c42494dce83c3735d9fbb145daca748b14e00a82768926a779f3b	a7003185ab4bbdee	sliced-sha256-8.v2	nvidia-A-2
1718	39fcee2f	3.563465	19.523	6.292	7434fd249c0158d8fe76504f19fd91b3dc457c513411e0e3e9d48b959ad4b6d5	f691e78ae46a5d8a8fafe3ab90acccc3602b28cf1610d3ea350404a657b01cf6	677a37c4b3b56b75	sliced-sha256-8.v2	nvidia-A-2
1719	39fcda66	3.506112	19.528	6.607	58393da6de8121d267c8df881334b36c50dc199d8a333ed063c733421cfee1e8	2f9290b0f370581f9b430885afda1c92f1c4e5baac905aab3242eb9fb7dd9791	12f26f2150f1771e	sliced-sha256-8.v2	nvidia-A-2
1720	39fcc69a	3.538527	19.540	6.346	ea9e7c8c4ed54380145a62dd78fb5e455d0901f62d81c41bb2be021f72403eef	4df2f80814707e5f228d641cdc7c5f3ef4909ee76c5e00340e2966e7c5e5e4a1	db9761b41097e61c	sliced-sha256-8.v2	nvidia-A-2
1721	39fcb2cb	3.484727	19.525	6.366	11e2f504487ac2144d5cfe427efa9d1a598506b96a53c16e46d719f95b911f66	c36910b9da348a31a2bfd83c4c53a1f3c74ec7a50da37c7c053eddc00aebb4af	387a148b74d1bfb6	sliced-sha256-8.v2	nvidia-A-2
1722	39fc9efb	3.531901	19.527	6.331	f396f30b0572f11a4f2801660fb597e5434d623a7ba37039b56f3fe1bec40874	37e8b53de85d7826d14539e03d4679627e405da77f8f4f456e8b487fe1b095b4	4bc35189c0de2236	sliced-sha256-8.v2	nvidia-A-2
1723	39fc8b28	3.561353	19.526	6.566	800c997901996c5368c9d2902cb13b16cf821f7eb7d641323af0aef9b89221c9	45858a9981bd8d44145bc75fd819e9c37118f4b3bcb4ba92d9e7a606189b24b2	a939877705dd2497	sliced-sha256-8.v2	nvidia-A-2
1724	39fc7753	3.496514	19.529	6.668	7183a969f10e3a584395af7775c15deadeeff35e7797ee86e38ec16af55ed9e0	5b1d2bebe71c0f0e9b7c068af19b0aa35a896afc667ef0fd3a8e440121664719	40ccd5d9d1b432b2	sliced-sha256-8.v2	nvidia-A-2
1725	39fc637c	3.495562	19.542	6.607	f8d173e893f2c9554eca0c981cc01977f95268a07edf7efc714e5fb3c2f3e5b1	badd634cd6d79da2a0699a986f4dfbb19ee4c1ccd7a1e5ad6403f729076c0369	51a5ddd41d238933	sliced-sha256-8.v2	nvidia-A-2
1726	39fc4fa2	3.524469	19.543	6.732	954847c525c52578cb324acbe97873993ddcfa4523c7fe795d993c970ae43ee7	57ccfbc26a9b9a0f3304f9ad463980270cb1350bfc7eb48a1c7c680c01dee287	d36f564108694889	sliced-sha256-8.v2	nvidia-A-2
1727	39fc3bc6	3.563388	19.528	6.656	1ebaeceb3a7de86051415e144458a822607fc932789e3c404ab8abb33aa323f3	8661de19dd4134dd9294798a4feccc5b36248a1a3eaa01aba3b376b129abf38a	dfa23386c368e250	sliced-sha256-8.v2	nvidia-A-2
1728	39fc27e8	3.627391	19.530	6.671	cea6f043f6e87e61bc549750bd6ec54a91903901f697be16e1b9a19259bcd30b	7c4591a98665ef506fdd0ec568036c4f6f7240632fb0bdbeb9e7668c80b4203a	755ba399fd72533f	sliced-sha256-8.v2	nvidia-A-2
1729	39fc1408	3.662097	19.529	6.640	c5003a29049075e28e91568d9f866de482f1813d1c12e84a6901c628e2430e2e	b15d5f9d874fda9481c2af457bf017865c373d9c90f289d1fb17520a7e2bf7d3	67df1b46c0acbb9f	sliced-sha256-8.v2	nvidia-A-2
1730	39fc0025	3.568942	19.529	6.669	bd6eb6bde9d28957f4fd7ea993ff92d36fcb36bc35e9333e3e862713d70708ef	920877567d6553a2772ea538a672ee1889ca6c3de267a92a65ecb220ff1426ab	879723dab8490008	sliced-sha256-8.v2	nvidia-A-2
1731	39fbec40	3.712585	19.539	6.810	6c59a0a2c12b04fd90df2f9a286cfd4ddfc1bf9066cfa1d9e25f98a418cd8a48	5eecbcc634cbfbb31f9a6f951fc2757311a0bfebdd4c651eb09986118235aa48	d8137199a067d446	sliced-sha256-8.v2	nvidia-A-2
1732	39fbd859	3.700921	19.546	7.110	ff1bd8927e6ea2fdd23a45df43a96a088a4b81f670aec2e939d3500d87fab1d6	6c09d5cb5d477f7e57dd7765e8de5b76a36530b954c992cb6e98c3084182c02c	b60a67c58a57ddfa	sliced-sha256-8.v2	nvidia-A-2
1733	39fbc46f	3.629521	19.526	6.788	a5150c7f87bc7328892b7cf210fff9c0f62ffdaf863a0700dced58c7514e108f	8bd674652e8a76332ee3efb78f4ffaaa2b005a12ed9f32639893363b8635f7b5	e2da3972adbfc558	sliced-sha256-8.v2	nvidia-A-2
1734	39fbb084	3.632121	19.526	7.170	1804caa63fc796513280bd79b219318c97abbcff0649ca8601fc929bcb95d53b	9acdd92be7077ca6be1165c3daa0d759e9b5359c8c50b564afe38cb784a574c1	d7e6b41306aade24	sliced-sha256-8.v2	nvidia-A-2
1735	39fb9c96	3.613349	19.528	6.677	3cb89fe8796cda423b0238b1fa99e45272ab614e1168e645392eb7d17534941a	3c469449aa28427ca6a83efb683257ad9f648fb92af029e41ae2124165d04bd1	d67072ceeb301b05	sliced-sha256-8.v2	nvidia-A-2
1736	39fb88a5	3.654084	19.527	6.379	dc09933abee7c5c8a3cd69e717255636bace22eab062773e38872618ab25c5f3	b1e72f37f8147efefaa318024999f9ab2edde3db90126d9a6f5fa44d914d399c	cfda6be9b9d3535f	sliced-sha256-8.v2	nvidia-A-2
1737	39fb74b3	3.604803	19.542	6.331	6aca74d82f3c779c059fd3c82728f021462be0c349174e7b17a685815f98bff4	67c1a7152efd5c4491cb912b1348e6a87c13ccf859c04057848186e1c93afa15	ab099a409c50f7e4	sliced-sha256-8.v2	nvidia-A-2
1738	39fb60be	3.629247	19.542	6.582	3041212a8cc63529962aac742afc3ab7379282de44d14aca989a853641e440d9	45148f6392b90a62f5dd766259892e053631b4c27dfde179f4d6bdc8d135a5ac	a9e4044d6838452b	sliced-sha256-8.v2	nvidia-A-2
1739	39fb4cc7	3.655559	19.556	6.352	65de0b931b0647fdb8ee66c7ea3b0c8f9fd7e3c18387e03af430a702350898c2	2d422fde10bad2205751d433d61fb3126db41fc0b0a21e1112f672bb6b12345c	3e1162f37185831d	sliced-sha256-8.v2	nvidia-A-2
1740	39fb38ce	3.602845	19.531	6.320	c13a3dfa3618ac6946de7702cb4c800e6586e17658935979ad6cbe05b2a3e6a1	264549c823e986123f6247cb44130d014455ca9c55964def838c8e6125c1a698	2190f1b300ff0f43	sliced-sha256-8.v2	nvidia-A-2
1741	39fb24d2	3.675949	19.527	6.457	43febcb1b63ddceabb78a84c937801a6f4689267c8ade6c7d796c6f11553557b	cb99a808768ce1d203c51ca09e59f652bdd76f895fbc3f0278310210b829de86	9b5f1184f6d93d34	sliced-sha256-8.v2	nvidia-A-2
1742	39fb10d5	3.619922	19.537	6.612	9432e369fc4fd6ed6fe261790c6fe1a0893fff1939d6ad96d099b6acc37f812a	343a40ca18db8345888de5c94ddc750de00e6e9b73378f2b862bf5c95a345ed1	65ce7f3d5f86398d	sliced-sha256-8.v2	nvidia-A-2
1743	39fafcd5	3.649559	19.540	6.477	7933ae4c25e24ea6dde93b7e66c1568610cdfbbf24a7e5b3412f7b6c3869f368	2df61ff2029ec93b8064f6db12c7188c10312e175be772aea5bc6e1b22fc6bc7	69c841943283752b	sliced-sha256-8.v2	nvidia-A-2
1744	39fae8d2	3.630186	19.540	6.253	4724f3b012373b550156b0fb0d0fb9a62c630976f0c4224f0c1b7585023fd2a1	67cb4afeadbbd13001c1c59d52c6ad019a7698253ea788112a0b31d286f65c79	103d69bd8f4f9429	sliced-sha256-8.v2	nvidia-A-2
1745	39fad4ce	3.638058	19.528	6.591	7f5c1350f0f15b65c237d8e66fb035c0338f031e05c1eef7d69797ee7e239c05	9f630f5621af4edf55c4e04ad3b7bf3ff69a222a62289835b8cb3763d477a73b	4527668f69670dd3	sliced-sha256-8.v2	nvidia-A-2
1746	39fac0c7	3.715785	19.529	6.319	cac0f1569ae8fb8a569b119db90331fe0ba6e78c08d8ef39593e1c354a143168	21ef8ce34d623a5ac95c8ea51656ffd9f9a1ee1bc35a977b6281ebc61089aff9	dc9596f3e674fe5c	sliced-sha256-8.v2	nvidia-A-2
1747	39faacbe	3.631846	19.525	6.633	16b743635499144b913c497a17796a0ddbcb95588c1918b6b58f3f183db2d4ee	c3d95fc1c0a75254fdb84c3317355481cc9bb79dc2aad95a6c42800b7b5d300a	bc50ed01094a0b4d	sliced-sha256-8.v2	nvidia-A-2
1748	39fa98b3	3.626111	19.528	6.576	712a640b250424bb6c494c30e2e6f42f5cccc665e10fde7fe285b3e62fa27971	898ea59cdf28335bd044a1001dcf908bb6d8c78d6e3e5d2901c7b36241fba912	284dea6522a3be0f	sliced-sha256-8.v2	nvidia-A-2
1749	39fa84a6	3.658089	19.538	6.635	7cceadd352553d833abead6cdf05329550ccc6aa77f0b62417e565069392094c	20dabf7401bb21a7e5314cffef084a366a38aa3fe44837b40267deb0fa5eff08	bbbf4fb84c995c25	sliced-sha256-8.v2	nvidia-A-2
1750	39fa7096	3.606495	19.544	6.376	14312c7c13fb09befb2dedc109cb3673b01b7be35a25d11e24ec3436f5d40c75	9c946d7c2d44acc0c519950c96a20b41edff1573031d59f3022c7b6b83985afd	d52178bc11c5013b	sliced-sha256-8.v2	nvidia-A-2
1751	39fa5c85	3.655859	19.527	6.397	98f843ef8e621cf0dcb3d526d54af9815d08e69600751c830ab9b78af8bc4da9	db0830be3f984267adbbfa5f94427aa90f67f89dde1cb7ffc5391ced97259dd4	e6daf1ee18393b9b	sliced-sha256-8.v2	nvidia-A-2
1752	39fa4871	3.576891	19.529	6.610	618759d48ad10ba2b875576a8b384824bcfd7c801178645fff06ff69fb8dbcd4	f345c87b0579b591965de2e0c14a309d1131e86fe8b0028901ee66d50b30b328	9a5b3749314cbd34	sliced-sha256-8.v2	nvidia-A-2
1753	39fa345a	3.605271	19.530	6.353	0f1a52647d9347894fdd60352076d65e7bde44f0d362b12b76dc3aa7c8861ac3	59c3b2c52909524c7115b7ee00afe7d82292e6adb542f8c1d15f00695cfeafeb	611aabbc85110dae	sliced-sha256-8.v2	nvidia-A-2
1754	39fa2042	3.610439	19.529	6.655	7ee9b98e9780d8e3d515d2de8bae20aa3ddf7a0c2ce6e48125f17be52fef3245	b6a0f87f2cea91e40262b11124ed819371af796ba24673aada39d3483b3a4513	6ff805fbd73919f2	sliced-sha256-8.v2	nvidia-A-2
1755	39fa0c27	3.595190	19.528	6.485	4bb8af919216d8063389adcad9a952d207464dc1e94bb665a393210f5231209b	6723cb3844ba87a02d5f84a8efdb695a10b994d15db801493a8bb09d76a40fd4	3426e7543795b555	sliced-sha256-8.v2	nvidia-A-2
1756	39f9f80b	3.685237	19.548	6.304	89436f6f4bd699a6bf20b18fc4d3677aeb72b86b7ffe67b2ebb11ca0929b1858	c57de8058eeb849a50d121907fa3b87f42e57168e67c6ecf30d5735fd84f7a24	0eee766fc465eb33	sliced-sha256-8.v2	nvidia-A-2
1757	39f9e3ec	3.581827	19.525	6.643	151ed24b34436e8eca471928f08ef8babd28151b4bdd5ec1d4410bb4d166e506	721ae35880e0546901cff075f0c61901e315e81d4105e908550011b3ffe91048	a956d4ce7ea820f7	sliced-sha256-8.v2	nvidia-A-2
1758	39f9cfca	3.598912	19.526	6.393	33dfe339a094d90686f7e5f7c40a7c8863bc0a09ea9ba773e286fb98de1d0c9b	a2b8ac34e8f197c324001b85055c8410c296c61cd30076b258620f5bbeab226b	057ff225bb1da7ae	sliced-sha256-8.v2	nvidia-A-2
1759	39f9bba7	3.563300	19.527	6.632	d8b597129d3a289c6cf383a24b352a7ff54d30e090c85ee1ab1da9918c030398	2afe968a69aec51b84afffde035efe1501461ea01b063fb64267e9b4ddfec75b	0298b8028d9c4caa	sliced-sha256-8.v2	nvidia-A-2
1760	39f9a781	3.629814	19.526	6.695	3a3980516c131f5eadedbacdf12e4c48d00264027297a9888f6f6e10b1ea9ee3	a8d612bbe67f3183a3263d2a04da1385ae2251aa36d20e592b96d9d0318d83c2	b6aa91bb5e8fa9b3	sliced-sha256-8.v2	nvidia-A-2
1761	39f99359	3.493952	19.535	6.349	ecfac6ed3d0d32f4d8112ba919930a402c4d5febd37743e2a1160cde38181d26	9165ea5107e1de72d7886016bb59daef7c3749552582d63b7e54b810089ba28f	9e41b0283b0ff96b	sliced-sha256-8.v2	nvidia-A-2
1762	39f97f2f	3.508139	19.541	6.675	d8f36fee91a9b3b56353787989fda7b5afa5fff60ecd0bd810fd92e4efa19cfa	225364019aefed4c85b42533bfee3a43005f03b6667e4bb3edaeed17d67bcf85	1d073e88c9c4b1a1	sliced-sha256-8.v2	nvidia-A-2
1763	39f96b03	3.499262	19.528	6.473	a50db85c6002d795950b0e4e96343e21e23e927c538a05ea89f89d9b58c3c747	ffb38111689d7a387a18dd01c81cd4eed7bcc41b63487e1c30e58bc78d11fbaa	6f7317d561dc2c1d	sliced-sha256-8.v2	nvidia-A-2
1764	39f956d5	3.489697	19.527	6.716	353cbcc31908ab6f57b23fbf797166d05fbd02dbfa53ad98287e6fee3c6bfa5e	a4333895e178d165670d0bd3296394f9e8af6faed69be81efee5d1c489a17608	bb4ec340de2e5970	sliced-sha256-8.v2	nvidia-A-2
1765	39f942a4	3.544112	19.525	6.467	be945c5ab684e9ed36057cce134376bea2020380c4a0217a92adcb0246b1975f	44c72ec5f859199d2b7359ddbc05cd5fe56d469b2be0f6a5ae7ffed3021e4861	7c0c9debaf71b088	sliced-sha256-8.v2	nvidia-A-2
1766	39f92e71	3.493692	19.530	6.309	c75b3b3d9d431e39023393caca77d49275c003e19170a56bad31a6b0fd30417c	800a312e77088ce1f033ee931bc2008dc98b0103a876c21bed01ac615a9cb1e6	6d5cfd87213bb6d5	sliced-sha256-8.v2	nvidia-A-2
1767	39f91a3c	3.482062	19.533	6.289	2f3e994aae80b8d99736b849f8af7587bebd9fd141d30bc6ae6e9de5c3668cc0	43dbc3f57907448fdf62fb6ae1a7905cb8aa19e8b8a79afe134fa1294d3eceac	91e86cfcc159e0c9	sliced-sha256-8.v2	nvidia-A-2
1768	39f90605	3.513398	19.540	6.610	11dfff48ff13bde74ec7e1c5acabbb8f02482e90188c187a77f5a06175bb3bae	c61cff391e9931a2276bb022f9a938761e5e8b5284ba19f20ec40b4b23146977	d6c23e419aa8a876	sliced-sha256-8.v2	nvidia-A-2
1769	39f8f1cc	3.516414	19.523	6.562	f2787e9530ee52024cf4760bc7f3a75ca89698c9082ee30ff4464a5a04d4b674	7006356be563b9a6ff24395771de894a8982d49e74e2c26758d0c8051488d833	bbad3d5e29946f5e	sliced-sha256-8.v2	nvidia-A-2
1770	39f8dd90	3.501774	19.520	6.620	d4a4dcf53df7980a82b1bda3ceb2e9a5db9919ba965f1e74d957194a03420f41	2c27564191c648159c543ab28d0c220e564bcae5ac8ab2bb22803fd0cfe182d7	348ac4a3beafe5d9	sliced-sha256-8.v2	nvidia-A-2
1771	39f8c952	3.451416	19.513	6.718	9f96b7ae3ba403091f8adce88ed915759f3b00c0af1e2017dd71fc572407700f	31536bbbbbaa2ea9c7bbdda942d8111ce0f763e152010f488746e9bfacec3d72	810966c0048d132e	sliced-sha256-8.v2	nvidia-A-2
1772	39f8b513	3.610753	19.521	6.450	959305542c1e71f2f298862afaf7adec41b96636a29998afdd2f8e119d798191	80c1db32d2a4df7e03b43b5f4f1f3c26659cdc2652c37a8cdc0167adeac6409a	9310d961b982d1ef	sliced-sha256-8.v2	nvidia-A-2
1773	39f8a0d1	3.646973	19.531	6.637	ac4f0618744d5c1460555745b94abeaa16ff562ce2c2447dff26d286fab2bf44	cae44b96589a76aee3a0ec92b3ec0787e15f6a5200e75b9563f1c9cd68a7ce3b	b9f1bad65b7df4b2	sliced-sha256-8.v2	nvidia-A-2
1774	39f88c8c	3.655136	19.574	6.667	752622c09479249253ed01f71b0c6476326a6cb224b568b2aa08e44cd8f98a0e	4ee79692793d333c9ab69e17f4a0d6b62f8182a48eea85b7146e259cc59960d1	f8749fcf093b1aea	sliced-sha256-8.v2	nvidia-A-2
1775	39f87846	3.661170	19.528	6.343	53ddb31be4a612c552609ee147d51063deec213066aa5f917491436bdb3e7437	943495c2939e63dbe91be68e8f7500689e50417c28fe962ec7c6edf964f57e0c	dbbb6a7f1b26d4fb	sliced-sha256-8.v2	nvidia-A-2
1776	39f863fd	3.696449	19.529	6.410	1d9dd798f0698c089e90488b485569085912e44a95ac150aec02f9fc041c77c1	096f99534390131ec7f9a5fce2c0147fc1ac23aa6e7086f351d8606c3568220d	cce2a8f8f5e5f244	sliced-sha256-8.v2	nvidia-A-2
1777	39f84fb3	3.647464	19.529	6.621	f61effc82c6a48d2b9f8dda57a9a63f6ab0ab03655ab5535a8bc1a381cdd8b1a	97e18a8da6f95828d00b2bfeaec9ecc1b5ada35de2ab66dd804262421118c854	0f36e15865aa3ccd	sliced-sha256-8.v2	nvidia-A-2
1778	39f83b66	3.665170	19.528	6.453	1fb28044c3381f9b9b02419ac9045887b76afdaf5306d1e23d2c76373953a3ff	2469e61e925bc31566405685260ebaa3900bc32bd26a86e3b1a22f6a3d5890c6	d6c55f6300458d00	sliced-sha256-8.v2	nvidia-A-2
1779	39f82717	3.634458	19.535	6.638	acbebae37915e266fc203ef15138a8640c2b6c64bc5f5c64d3977c2416f1e27c	6244953c9b62153a245086f525916dddbdee93605eb6b56ab244368c2e297285	28698e1b2319bc20	sliced-sha256-8.v2	nvidia-A-2
1780	39f812c6	3.652171	19.550	6.696	2f09c6c5d9c086861869f2f6f8ee66e12fc31b720b4dddb25ab9b778c07658dc	5dbbc97a30fa568cc0aa329b78bdc51918e7acf0c6f09fa668253c52f8b6d9b6	40b6b56eec32d14e	sliced-sha256-8.v2	nvidia-A-2
1781	39f7fe72	3.571885	19.528	6.398	5dca38ad7c06684165f44765955c88e4ce3d024997e541ff287e9391ca0fc689	4f4966b2462df12c9b5488b3760d1ee83878f60b72bb673bd0fa17bc1d208143	78bb1e98d3a6727f	sliced-sha256-8.v2	nvidia-A-2
1782	39f7ea1d	3.705907	19.528	6.561	70be03341c8b8f2a90c3b67b96cdbec522f36ba5886166a3592d216f2f8929d4	23da4b8d15ed77836e01c11707b8dc36d8ed714fb6a41bfeb6a8b092f97a2f6a	ee09fb40d4b07408	sliced-sha256-8.v2	nvidia-A-2
1783	39f7d5c5	3.623775	19.527	6.266	d9b0723fade95bde6d57d981bcfc759706ca1ac3ed6043cda4e0f6fb78f7b710	f63a1f08d0dd6d41b0eb5e6af36a2c380ce58b3fb68906c88f1d6dbc89a0d960	9209df27c5477b8f	sliced-sha256-8.v2	nvidia-A-2
1784	39f7c16c	3.606588	19.527	6.288	62edf64b786142d906fc4772acc5d709802c2c4ee3527e5bc22701ea2cc2a0f8	7e717a522c2f36ebc972d21aec8f80b638bba37091c076c86da3a0b53f97098f	09c26de2640f3d9f	sliced-sha256-8.v2	nvidia-A-2
1785	39f7ad10	3.571844	19.531	6.603	c4196099d623c0b48a03c7f2c316aba0f2947f458073286cddf9efcc7657f35a	c1e4c501e818c153742b5b05e7dd7a74d6dd4eca273c81b959758dda4a1a4154	1012bcbd8c40d16b	sliced-sha256-8.v2	nvidia-A-2
1786	39f798b2	3.587062	19.545	6.572	4c0204b9f840ebfde4ff3d6f0e55007c9d79d5cb8d89f93c75e15b3e99035021	01d218d34acf09079e151dabed6bc1722d4851f6f1788add0829cf6d0183d82a	005b1cb7533ccae3	sliced-sha256-8.v2	nvidia-A-2
1787	39f78451	3.625563	19.529	6.399	b478628d29be27b712abfeecb3f2fbbb3aa1aff906e48277775435a162f675fe	0a9cb771f7119f650e6552adbc4188b5b53c72ef6e6b76e96b30bc48c0cfbcf9	0f535087af2ba7c0	sliced-sha256-8.v2	nvidia-A-2
1788	39f76fef	3.643376	19.531	6.614	c44dc808596f8180f66557ec28af6678093bd11462e71d3a84dc039f6ab15ab8	2ba0b94e066b8cd2224cd2a9464ea78aec30730037839752097d3fa989e56e64	f45067b61854324b	sliced-sha256-8.v2	nvidia-A-2
1789	39f75b8b	3.634619	19.528	6.694	198a142f5f3098522ffafd7aeee2841110aa56fc9ff553fd1bc0ac6e5a9f5f3c	b4b1fa438aba18a96fb054e3fd429517b14caee4eb782e47621d3e0c97aec741	ac62ce04903c7a40	sliced-sha256-8.v2	nvidia-A-2
1790	39f74724	3.542952	19.528	6.304	d30bf9d4cb6fa95b80c9da8cdfd18d74ad2aae8a97a86fae6f0233555ee48de7	15427413e7714dfc57e93a960a3f6ff0fca07a39f30175a2dd1198f14985978a	fbecd0669c7bb42d	sliced-sha256-8.v2	nvidia-A-2
1791	39f732bb	3.622050	19.534	6.513	9d80052eb16406d63294745e5569fa5d2a3a8a30f5a8f78e7a8a854b05f99ce4	3994394f2d6c34ff60e1a5f97166e3172a8d2f72033f3e877e60b47850ac8444	48f394b2ea9ca992	sliced-sha256-8.v2	nvidia-A-2
1792	39f71e51	3.592900	19.547	6.718	9a2c3212fda75ffbe19353603df9511991de1e51bfc3aab9a60625728eeb2f51	37cfe268387470c77878c263f6cc98ee5b0caf67a8b20b93c4819064ed7314a3	c476f09e1274af9c	sliced-sha256-8.v2	nvidia-A-2
1793	39f709e4	3.581107	19.527	6.289	17bad5c23fd78a5f1259e764987ca486bea530973adc5114a3f2c2d5dfa3a412	91415f700ab2f9b62b797bd78eaf37198802e6841a374abab57ea1b579920d1c	a95622f0dbf02018	sliced-sha256-8.v2	nvidia-A-2
1794	39f6f574	3.641493	19.529	6.319	18b0f121ce7758ab517aa519a557a0ce408c5fb18bde3c16009a96078853e308	12fd14b0b7525376fdf3d9042052b17e8c7e6d989d1c23775519cf7583426bfd	5e89c88a98f4020e	sliced-sha256-8.v2	nvidia-A-2
1795	39f6e103	3.620584	19.529	6.574	459915b1abb7a703034ce8ddd7f84d25ae393d5a0bc4cc08dfcf69f9d3e6b12f	593253e54d2d7c58e42b6837ad58464f6f5f3b35ebf1657ceed11a185f990ae7	e0aaa849fd23bf2b	sliced-sha256-8.v2	nvidia-A-2
1796	39f6cc90	3.544263	19.528	6.597	2c00eaaddf8f107643ad208e1e2effd1fb41cdae99b049826ef5f2c504410cd4	15a1d2766b94297034ae755cccec9abc930e606a3caff16fb003d0dfafc2c5d6	b7c7fdab8f9f7252	sliced-sha256-8.v2	nvidia-A-2
1797	39f6b81b	3.613643	19.527	6.569	6acbab6a4e240f8869a98ef2b9e53d36f147fd37edb0357bbbe5c7b2958dabb9	39950236a34cc833cbcfa5c0d03491919696b0478b4eb6d7ddb3c6ce4894c149	12ab00ca43354378	sliced-sha256-8.v2	nvidia-A-2
1798	39f6a3a3	3.581376	19.542	6.318	a04d0ae311a5480f9dc55f9304cdcfc91be06b0a903ddf452cb1cf7699f54ba7	7c1a7b6e80e745790c2ef82ca6a38bf1225e19a81d637f33cc68a474f4278f0e	6adfdad448a5dbf6	sliced-sha256-8.v2	nvidia-A-2
1799	39f68f29	3.597258	19.530	6.356	cc920330a71ad23e534400c8de96a8a1b09f3e1f4cdd1fd20cebf9c20ebe2636	a7dacc0d0c0192077e98cf84e7b8b1827863c35799f55eee09e0fb16432734e8	935a01143ecd022e	sliced-sha256-8.v2	nvidia-A-2
1800	39f67aae	3.594252	19.532	6.603	638b0b5962415faf6d12d2388ea088910bfe658920c387acb030e1b57dcef7ca	45c5e4dc5e4d329732e56c0af261c6969f6b1816bb9ffff443f1507d5b4e454e	69b4daafa673ae59	sliced-sha256-8.v2	nvidia-A-2
1801	39f66630	3.551322	19.534	6.341	6b0f1ba3629d675205b741cf042aae6dfcb6b04f18bad679fc4f67ef92ad538b	1414c128877416de0246108ee06c6792f631e527352c4350920a98daf8199c56	63e2e6c2c6227a59	sliced-sha256-8.v2	nvidia-A-2
1802	39f651b0	3.569271	19.549	6.330	67602f1668931b6a409e36d8fe0b3b4b3fb1c630052ff7f68ec589d466c5a406	a1366c886d18f49ffe7ca4ee6cdb1add47c910e03ec7107fdee9c8dabe758f6e	6782bfbe7468381f	sliced-sha256-8.v2	nvidia-A-2
1803	39f63d2e	3.541097	19.494	6.627	150d3493d1a9925004f1b6dd058373f4b2c7d8976ec5883042678d06476efb00	52748949c99b424901b4fa590621654b84a9108235c7bce010b9304018546d0b	b64ca830b0fd0ebd	sliced-sha256-8.v2	nvidia-A-2
1804	39f628a9	3.638327	19.486	6.429	de68314fba509b20be8a9c4a0883142f051f933a336fd5c2a6d43acd0495425e	8cf2471581ea026a223f049edfa38d892d307c6ce2c426a171980b5a9ed76f7d	b7d9a2dccfedddfb	sliced-sha256-8.v2	nvidia-A-2
1805	39f61423	3.544443	19.492	6.346	698b6ad40c90e21eac2023dac9c45289733fdbd3abf5fb4f1c4a188a935ff8e5	ea9244366bc499999b03e28a5eca60ad2f6bfd422788d46f19f26475f5b0b129	1d58d04408c82f69	sliced-sha256-8.v2	nvidia-A-2
1806	39f5ff9b	3.472721	19.492	6.540	2d7ee6eea8c79c90ee126e80a2d7fa9b38525bf06790e429cea72a03fdc0c90f	fb4255a3415251a4d0fab95a31a45afc3f596efb94c26abe7d184c2be93a5649	735534349188d5ad	sliced-sha256-8.v2	nvidia-A-2
1807	39f5eb10	3.511371	19.494	6.363	fc577e026b1af5bd3728bf6e5feafa11f518e5dd57150d4bcf40ae88220ab18c	edf1722800f542b2b2dd0d1b16944bc2d30a9a06c56b445988e06946cebd663b	2a335b8870085b87	sliced-sha256-8.v2	nvidia-A-2
1808	39f5d684	3.556554	19.516	6.619	081ed43c4ee13bd3ec3d924b5a175a1a5f6f57b7d90e91860b83d21415ee5079	0045029c35a382de32b88ed25f098383aead99c0c2450928540f47e434fd38bb	87e8d8d8418ddd83	sliced-sha256-8.v2	nvidia-A-2
1809	39f5c1f5	3.501216	19.491	6.457	4491c0d6bdfe0b6ec13394260c2c408e658df5b50d160d5355afd34fe6d867a6	11e31ed10408293f8c0ba5a8af995c39438b60777cb5c7bae620456d04bb1968	4dcd5ad358bdefe4	sliced-sha256-8.v2	nvidia-A-2
1810	39f5ad64	3.473178	19.491	6.634	178726674c0b6458e728e3dde50fb84c60f6e86add876e082a4bdeb86d7e199f	29f8405458ab1fe6042d0804ce3787872c35c9c0f805200b5e593338ff23fdcc	a1dd73a79324def5	sliced-sha256-8.v2	nvidia-A-2
1811	39f598d2	3.575880	19.494	6.325	3ee87d4fa1a4e7e6f078f76d92ac64c2c04b27e1fb129da44d9d3d28f4133f19	734a9040c93d0a41a1cc284fe5549cb745bfd04797a6c56a54359005f5225f11	9e4555dac71c099a	sliced-sha256-8.v2	nvidia-A-2
1812	39f5843d	3.484726	19.488	6.392	e6000fb8a5f76ab0a2e77c73fa5a18a5a040e6efd2e4a080343424d6dde67e28	8d858ce540f0e5cfa8e95253d446548ae2b9c0969b08071c88c37653c02aad99	7aca60a7657ca046	sliced-sha256-8.v2	nvidia-A-2
1813	39f56fa6	3.617206	19.496	6.317	3b99bd09576e5dda849e6fffac1136bcf9194ec719468294c8f7ea701fd13549	b55df46051a1f0ae24a085453c1f95b3b9f7510c3c4eb10865b208751ffa2b23	9af3a9bf625a4b53	sliced-sha256-8.v2	nvidia-A-2
1814	39f55b0d	3.504047	19.498	6.596	d47e8f868427c98ec1b4cfd31e2e921b307db323255414d5e0ee2ec5c6eca1d2	2ea013421ac9a5e1c84684547ca6a743a42d7f52bfc7595322837336147f7b3a	67457c13d8763017	sliced-sha256-8.v2	nvidia-A-2
1815	39f54672	3.507952	19.490	6.754	e139a400a901718856b79685d0c540227dbabb7d7b7d83a46d79fcdeec443bbe	ef576e214fbb9b153e4e16ea2d6bec2cc45684837320cf3c08da0abfebecfa1a	4c86e9d5377a502d	sliced-sha256-8.v2	nvidia-A-2
1816	39f531d4	3.543936	19.488	6.489	7dd0bf7dc7c9e9fecfd2d54352c83edb043cc2ee2fa54920c45440bcc7ce526a	c7043e8e0247b54c6c53d1ac20d87e144f55d04d20ef17061be3a49d7ccbf283	556cdae658d919e2	sliced-sha256-8.v2	nvidia-A-2
1817	39f51d35	3.440485	19.487	6.745	535a2667c9881935f756ca96112a9d2fa34f2641b2ceebbd9dd7f14257333dfe	69f7b18613f6e3a81423ef9012a92c133212b4b529f9d6a92a369b66e50c6c61	cecc642de94fd5b1	sliced-sha256-8.v2	nvidia-A-2
1818	39f50894	3.560938	19.486	6.504	a537f07393099ddec2fcae3bf7e0cbe2895c9e62486b6e7cce14b0ca9765761e	4d940cc451f075c3eb6a79b205d6675d1d795b1535c4b775a6b3fd149e6a8e27	41fa91dc569c317d	sliced-sha256-8.v2	nvidia-A-2
1819	39f4f3f0	3.636659	19.487	6.710	3a3127ce03763b7c3e2b699f3f85da543ae34811b93b773d24001f25efaa26bf	bd56c9fc320795aa3ef243498ac409043ea0a7bbc82b8b5bee0f061b4f441f98	2ba112359678dea5	sliced-sha256-8.v2	nvidia-A-2
1820	39f4df4b	3.607834	19.505	6.420	e4c5df3ea6d84e1a5b5a8a0c355822eef738294a3272f2496eb44d4395814770	8b063820565a448ac5af68dbe5c88c41cd6948e937c6853ec1bb401197f43e03	765f0184c69564ea	sliced-sha256-8.v2	nvidia-A-2
1821	39f4caa3	3.654961	19.490	6.659	a9592d5ded0be3f307102fd34deec90494f94bbe3fea3df32a54230cf6d0cabc	271a09120eaec531d72e576c0c169f22913cd20fddf84a593e41e73b8a26af77	e0547cc0f4104eaf	sliced-sha256-8.v2	nvidia-A-2
1822	39f4b5fa	3.627805	19.486	6.341	c44a2930ec8d3f7fd5cccb1579b60d3147ea3b62b8504b92bfc3908cf8bdb857	831a499081f11125e20e04f19ce8e0092caa15f7acac9b1e9fedd3452d0aac44	bec7b8b5599af063	sliced-sha256-8.v2	nvidia-A-2
1823	39f4a14e	3.653952	19.489	6.394	6a89dd6a8fe891cf6834cf4a2611d00845f650db06da97a9191efcf130fad008	604e505e83d95c2a716b231e16d9e80743d57a139d476af05b34d1cb08b99b53	a397dc36d3adea38	sliced-sha256-8.v2	nvidia-A-2
1824	39f48ca1	3.633915	19.495	6.594	1ee025798427319bd7353731aef83f9a7e24cd4fecb800f38b5baca6c5161e80	7ffcdce1d2221bc0eece2ce67c623ca835b995b6f6c3a184db19ec77a0a07fca	24797e78766b1af0	sliced-sha256-8.v2	nvidia-A-2
1825	39f477f1	3.656803	19.493	6.374	567ef4bd1d00e74cd42b5828292b914e2bfe8dcb3f18f460beed9316f848a547	066185be1556646162e8164fc843872d92f46825709ebaf5e8a72bdd6b146c3d	1c86342f8352cf48	sliced-sha256-8.v2	nvidia-A-2
1826	39f4633f	3.628754	19.504	6.587	4b30805af13b3d7ae7cbc21a97f9c9400b2abd0bff6678ec7442413885f8b15c	11c5d099d47541a7f0aae2e36c070e97c9ed10a156eef67519312c21ee03717e	99d3da1522828b1f	sliced-sha256-8.v2	nvidia-A-2
1827	39f44e8b	3.555087	19.490	6.438	421ed607d4b8759a3c7f2522310d6f33411482b99e97214d0ed1675af65060b8	1ab6fcd6bd5ce00b9da815291d1803d7ea173d70cb072e00671286026783cacf	9bc355dd722c3072	sliced-sha256-8.v2	nvidia-A-2
1828	39f439d5	3.602885	19.487	6.283	3869241e8f1f847bd9dffb2d574c302d84ce7fa2163eefeccd1f7885fd37e512	368c5e19d8a283c4af1fa7e1ad83ba04d58b2bc5df044506eec541c2f1be7164	477aad71e17d5052	sliced-sha256-8.v2	nvidia-A-2
1829	39f4251d	3.589787	19.485	6.609	48418afba1a680b83af210fb138fd70726caa4f6c1790067d0ee24267be51fb1	41ffbd052b9a009cc3256f1b7d6e8cd290c806362d30177c7be17cbb7d46dd14	a5ca3d9607e7595f	sliced-sha256-8.v2	nvidia-A-2
1830	39f41064	3.660045	19.485	6.303	128d2a7e57c4d6d4181b27a3f12e560e40464f86363372d5ad927bf23ca4a702	559c3b2dae900cd4ea75f1795ccb4c648cb6c313086b96e39dcc6eb00ea3aa2c	e7d3e81edcbeb1f0	sliced-sha256-8.v2	nvidia-A-2
1831	39f3fba8	3.672263	19.501	6.494	22db0c7bb9313ec01509221f3918da8582126572c634a863e25ca7453efd0c17	b2e894f95ee842e18bebf3ff618b64bee3c04bd36a22907972a7430b6d2be643	29bc644fc14e7c03	sliced-sha256-8.v2	nvidia-A-2
1832	39f3e6ea	3.610895	19.510	6.754	31196d820119d6ff8df78538f9e98ab7f1227aae7402d2ef436febd17d8b756a	bf340a3184f4ba44eeebcbcf5a17894be23e85b61f166d2e729fe1ba8c53ec32	ef5465580861493b	sliced-sha256-8.v2	nvidia-A-2
1833	39f3d229	3.632878	19.490	6.324	2be624c849d35464da0b93a42f339bc1d2cb93dc61947c2c6eb5458cb3964b24	9d35e9f17d00f37aa9eae1de8275703965c2fef62ec153681ebd1a5b35b94735	0945f9e276e82beb	sliced-sha256-8.v2	nvidia-A-2
1834	39f3bd67	3.644746	19.489	6.365	54f4068ceeb729568065ac88d1628e739b0e2e7dcd6f87cab9ed4c609a90cd8c	65a0977f34ecef685f03928ed1214e1f118b3191e3141f0b714d9704e56d5068	18e4cb4368f9c0b6	sliced-sha256-8.v2	nvidia-A-2
1835	39f3a8a3	3.641902	19.487	6.304	5ac19764c8542410eb8a6ceed2cc8af3d4bbc5e0c96a47a7e4bc0dc374dcd9d1	ce2279c991b72314882609afef47489602aee415ee72a4f5414b987687cc8ed5	b3341e09998d0588	sliced-sha256-8.v2	nvidia-A-2
1836	39f393dd	3.660759	19.488	6.272	01e850aa32f546a0fee62f5ce35d2f480ea1c297ced196552adb52e1ab8e2016	e35bcd4e7d675af47624970e4e7526de3898e9b33d470d8046f915b152d9ae72	98af76a8c18a790f	sliced-sha256-8.v2	nvidia-A-2
1837	39f37f15	3.648036	19.527	6.625	f980c789bf21ee2faf8196ce23f12596ad67e19164479328678141efdc563b6a	2e988511b8509e7794aee3f563d5d612691b695800ba1a79bac8696d49e78f20	bedde6ad959e6d02	sliced-sha256-8.v2	nvidia-A-2
1838	39f36a4b	3.622414	19.491	6.411	8fd0f016a1067a35a4c5e4979b9cc14f9458add5d6327de0ecdabcc5bfc6f61d	7ebfbc05cc56db71ec35ab9874dde350182d1037a66536bedabd1786cea3498a	19ed0b58118c6997	sliced-sha256-8.v2	nvidia-A-2
1839	39f3557f	3.608130	19.514	6.789	1044d725f5c6fdf11575b6b0dc1ce63775c1b5ab0bd042aa8d5674cc91cdfdfc	f50c9c57918317e213ed741004214ab9d34560516dfd0edc082159c9d8dac827	d0c68791ec52e82f	sliced-sha256-8.v2	nvidia-A-2
1840	39f340b0	3.619989	19.504	6.665	cf5dd1804a5220d4f928537253fcf375ca719fa79cc5c34d1456ffccd1a9b989	96945a8ab7d7174fb39763f6f4f4597b870950cc25a2c24d28960bc5492b0fe8	5f596603049ca0d1	sliced-sha256-8.v2	nvidia-A-2
1841	39f32be0	3.601790	19.490	6.438	bdffb17f521ee6d170c0c3a97e3df9caaa703687db319d449dd0e6822c54932f	eb0b7c11ed3db2076ca04b918aa975536bd54743e5937e2effe9e0b5548533b6	02ec7a9d8633139d	sliced-sha256-8.v2	nvidia-A-2
1842	39f3170e	3.602485	19.489	6.615	449085d0bdc9b65038189009fbbf78cf040f07bf47d55cfac5ce414b99e1ca36	c5c0478545571636d5aa469d112a7b6f4ea7b76f68e8718c710057db3e408b03	52a03beee118f44c	sliced-sha256-8.v2	nvidia-A-2
1843	39f3023a	3.559434	19.489	6.657	9bfee63d72aa38f3fcbbefec30ae3a3eff141a9191a328a761482fa3c0763079	a648e858114c910661644ea3dfc0faf03e6de0ec5e5c0328c8960e69f9672929	72448bcc848a174c	sliced-sha256-8.v2	nvidia-A-2
1844	39f2ed63	3.572765	19.490	6.644	50f2e738a94361dd4e486ef524d877e82a982c9502fdbb1635766ba3ce69a66a	116952fe43c2e329c998b5e92516964a86982aa848dfe5337fd3ab360c1e1302	89063dcb6e470754	sliced-sha256-8.v2	nvidia-A-2
1845	39f2d88b	3.596428	19.496	6.714	51697486f120b0d55209777deb2764939d62a068ef75f5cd3c869c8e42a9fff2	e4019747a456a1ea5b7df02e624bedf59b4f67dc75b6cd62e4eba82f8c8da9a5	c1ff40d181c8b884	sliced-sha256-8.v2	nvidia-A-2
1846	39f2c3b1	3.552925	19.502	6.322	d56c2a282066a41b7ddfd4deac951faed3ca3ff2eb6f4134850df7f8249a4634	7c8c1cbc8d2b9170523732d9bbcab8caf9d6048ef7a2e21e6d3cc998b92d11c0	51a56b2fac24ab14	sliced-sha256-8.v2	nvidia-A-2
1847	39f2aed5	3.605740	19.490	6.333	fbd1c5a40848c116583d4e6b4467e7f157ed2dc7e78e84f980adfdfa1e6d5da7	2483c7d6c37fa767f3334029b0e4a9451f14a91679d5f492343ec541e7a7ee89	ac4c6c0e3b712f00	sliced-sha256-8.v2	nvidia-A-2
1848	39f299f6	3.539190	19.488	6.287	2c1bf8c9044e7aef0b150e290dda35940d5dc6eff4b13c74a04a87652c5d93df	cba22340e06f96f82654648956820bbb17ee9389b514e71b00c452c9ca14c0b3	adc760aeeb8c9f0d	sliced-sha256-8.v2	nvidia-A-2
1849	39f28516	3.602540	19.493	6.672	3671d5d29f8159378fa558d30b0ea526e08e682d9d99c672e276282388360a0a	983556d9badabb7da5fa1e4cafbd8149e400f034679f96032b058939345d891a	e3470bebc3c9f6f4	sliced-sha256-8.v2	nvidia-A-2
1850	39f27034	3.548281	19.490	6.438	f3b80793fe958d00da4546fb2524255dd216d41b364a78468586f38598c38367	23551155e940dfba53df166daa573cf61eca3fc12bf5f17449b343a4cdfd9b74	2465fb61a55a6539	sliced-sha256-8.v2	nvidia-A-2
1851	39f25b50	3.534035	19.494	6.706	2fb86c5eb399ed68eaa58e75848b4ba4a5ff03f697f6b72113e6fd0071dbec75	7d41e88247a029de90bd5ae569483a9e59319580fba1484c46eefee30f005fa2	08f0dadc85b45426	sliced-sha256-8.v2	nvidia-A-2
1852	39f24669	3.597712	19.516	6.350	187f9a2905d2af87d9744157b1aa0f8488df68e4b71beaba73b3b5a4a44863b5	9b8bf2739659bde010ebd371bb758796981d1c358a4e8914813943e9dcea6d37	b91cc6ea3064a98f	sliced-sha256-8.v2	nvidia-A-2
1853	39f23181	3.552353	19.502	6.375	fe4ac332435f6ae71c230cb561b7d6fc572d8aec5747770d52a93d573edd0edc	b6062d1638835038d3261c27f933640145f4c07a03eccbc902a4b6124d712232	6fa11f1b89c9b249	sliced-sha256-8.v2	nvidia-A-2
1854	39f21c97	3.478799	19.499	6.661	960772f878b8460ac87acbb1b87eca5b0104851ba8ebd33a5eeb1e050977bf15	8806225dc4709ddebcefd95a696faa050578dab7302362e5d3d51e6a1e20f415	5c68de14262a75c0	sliced-sha256-8.v2	nvidia-A-2
1855	39f207ab	3.484647	19.494	6.568	5908f0762c23fa722907a8ed99814b95cedca4ee6f997acefc1bdf466ecdbb75	fc314b439ffbc3eff51ced6cda796d73b6356d3012b817dbc831dc53e6420916	8b11704d5734a9e9	sliced-sha256-8.v2	nvidia-A-2
1856	39f1f2bd	3.453792	19.482	6.341	695c3752634c52e5649d5a7ce3fb339e0c47bb810e44d21bfad4880d72e491ab	43f9bb80c3c87ad5dd1587281b073e923696768e2b0072b05617f873c1e595c6	4c69de3fb23b96d9	sliced-sha256-8.v2	nvidia-A-2
1857	39f1ddcd	3.478152	19.485	6.407	7bd90d11109896971ffcfd532e29c0bea5b848070d7f9ae39f0df32a0ee47620	24782aa6eaab5bc1d2e35c652f37aa2e30df814eee6c3a15f1b7fea2b5666c8c	7b2c9be7c06040e0	sliced-sha256-8.v2	nvidia-A-2
1858	39f1c8db	3.479396	19.492	6.330	77aa7da99a55c408dec0db66df49b0907bed406d76856a2df2e30924e6c2199e	53ffc982fdfef4775dcbe971ee0aaf4537dcf24780acbc635bdf31bb92bf056b	1c5f4fb3bacd9606	sliced-sha256-8.v2	nvidia-A-2
1859	39f1b3e6	3.466517	19.480	6.589	67270666af7bea7b538020da8949f7c36ae8c79d9ff5c4aed4e5d499b28e7be1	39fe6bebbdaeee6732f49bd60a3c7d9a61583e5a50ca1bcba33b20881e67a2c1	8aa3878cdd7ba31c	sliced-sha256-8.v2	nvidia-A-2
1860	39f19ef0	3.449789	19.486	6.323	21efdc83ee8b50f92a67d42487526b09e1336a57524bb0e370bdcf5ecfe3766f	2798897e9aad1f7be143cfdb0a133fb9b75e407616f2e82625586c7cd047b5ca	20f58039b9967d9d	sliced-sha256-8.v2	nvidia-A-2
1861	39f189f8	3.469521	19.487	6.587	40cf6bb7b4098a956eda75aaf359c634074f6af056f4608b4f692b39b4ca0a40	f0e48ab933184756cdc02ae5579e6aa79ac2b4f12dde03669650e88d880b7db3	40f75bcdb0b292f6	sliced-sha256-8.v2	nvidia-A-2
1862	39f174fe	3.437739	19.488	6.705	4da87058c65f15c9626e5b6cd68ad7246df8a0304f6d57dc4d88469abfced673	804823b39b5aecee5bd6e5ad48f370ae849ba0a3017a6641e383d70f437c64d3	e0149cdb32dec752	sliced-sha256-8.v2	nvidia-A-2
1863	39f16003	3.540746	19.502	6.445	02972eee7327c6e1cc2ec0b594aaa4654cf675e773297c2e76e8bd081ecfadc9	0726e98877e42553ff547e4c2935240a069e2dca8a34ba00b1aa254978c00a05	bdae1215518b18cb	sliced-sha256-8.v2	nvidia-A-2
1864	39f14b05	3.539045	19.498	6.386	45b876819ac3a339484acc27f2520e4cb784de805d6bbb8040682c668bf543ce	2d305f5c4b478a3e2310c0345acbf0f310407066bd873d0818c73091ffeb1738	04b316605120682d	sliced-sha256-8.v2	nvidia-A-2
1865	39f13605	3.664691	19.488	6.353	1b1afbcc391d0fc4d0eef1d2ef40bc033f5e7345e36b3a61c09036989ea6a1e8	61347135bca593bb73c1be3553e0ad5c46390590c1e43b59402ae94d546ded7f	aff8b9be1dc0e824	sliced-sha256-8.v2	nvidia-A-2
1866	39f12103	3.701585	19.488	6.633	93c74375f731bc8c5564fa6ab13a70838f6441691e4f9fb8a171919a9e70dc26	cb6c677ad2c4e88633224fd0e16f14cdad7b680ecdd3f1d3eaf88cd781f39ee6	db49c4cf0cec7e6f	sliced-sha256-8.v2	nvidia-A-2
1867	39f10bff	3.569272	19.488	6.664	659c94dd5a1bf8228c54ec4387608f05cf2444ed3f4709f3cf364d4452bb6707	a17fb60075fa9d12111682594da4371325d17c15570da51534049972a4e3f4e5	afead03edc6425e6	sliced-sha256-8.v2	nvidia-A-2
1868	39f0f6fa	3.616334	19.489	6.382	a4be12d914a42dc7454bc4dda01e0ed6eda75f2fe98f3e893b9afc170ec56cea	c27c99eb9ec592a665f50c28f26a8ef7c6f4dad5f266fdd7243220a44306b2f0	a4e80728b2bdf6e0	sliced-sha256-8.v2	nvidia-A-2
1869	39f0e1f2	3.618888	19.500	6.390	67af7323d9726d2c8d0b2dc0952fbd035fc712c30dffc8179ee5954a7916fa7d	73facb88dafcb977797be6adc5fd4160e656fcb9eaedff98b74967f167cf9863	7eada150ac65949c	sliced-sha256-8.v2	nvidia-A-2
1870	39f0cce8	3.604577	19.502	6.554	74166ce32cae244afbd218833dc9100b34b68d8e7806afb4843e6470ed8f3329	f37a9d1ec414afb6b9f47ba7785cabf2e04f7f2f06bcc139f6fab313e8083e32	338d8744e1af6c74	sliced-sha256-8.v2	nvidia-A-2
1871	39f0b7dd	3.598952	19.488	6.710	a6e89d255f4f2cda1525b63ae8c01efd20d7bfb7d75063fd174251b19c3daea4	a2add9e3d4e5af63cdb172df145034def5a1d2450ba25a30cb14a6bc71fb2303	d2d1f279da9935e1	sliced-sha256-8.v2	nvidia-A-2
1872	39f0a2cf	3.585247	19.523	6.588	d7597d58fd6865413c77c945f90136c28dfdc531fc44e913bce5433e39454641	0af025a3e0c9a7912b3b208a326e30d23bacdce42e80ec2b198b0d13de9b853b	af1b1698bdb66e2f	sliced-sha256-8.v2	nvidia-A-2
1873	39f08dc0	3.654575	19.490	6.605	eaba94ac643e098de9ff428e8a518834b03986e87b02cc9ecb9eb6a358805c51	6c3c644cf2f7e77decf06d28f0f8cd241755311c000cefdb78d6744118d26f61	428ac660635991b5	sliced-sha256-8.v2	nvidia-A-2
1874	39f078ae	3.596165	19.493	6.440	8a6034cbbf3f843cea8796f5fdd7c7b9b174b825b0888b9cf650636309debad7	20baaeefa13d6eb9f4f025b3c5726883d6cc90b1043162dc6b9e50084bfa2ccd	806a25612c54b8b0	sliced-sha256-8.v2	nvidia-A-2
1875	39f0639b	3.586704	19.512	6.506	5493f3694d9ceaf4f0f8753711d827438284e31f3295493eeedaa054e84aab9b	c6ec8dc3c04e356ce7951de39828b1c1e14e721fdae5c4ebd21b1454c2b59046	f0a5553da486f707	sliced-sha256-8.v2	nvidia-A-2
1876	39f04e86	3.612597	19.488	6.409	9d2266e846520be2ed15bac314cec867d56ec70c018b4fbca0ab84cfd9b61c3d	f70fe970bca705fa0a12c00b7f9e5504fc29b1ff6b86fe1f39aab1033f0ff52e	c1357f9b5d2d7371	sliced-sha256-8.v2	nvidia-A-2
1877	39f0396f	3.609223	19.506	6.398	09677520cd095c19042747a0ffc5e23c2ef09727889007d3893f334f04061be7	21f0b10d60a1fa7ebc26e88a301df0e1fd51d29e3fac2de626759f756227b1e2	71c4a3cbcef32fee	sliced-sha256-8.v2	nvidia-A-2
1878	39f02456	3.633261	19.498	6.405	c91696fb6a600d8e0cfe90cc999e6f96d64e7992071a36c4bd17441112984a43	26b37b32ef0145b4416ea723451e8a42d411442e62938d46b561302974830127	2392731201ba1152	sliced-sha256-8.v2	nvidia-A-2
1879	39f00f3b	3.544112	19.505	6.639	347857f5d91d1a26180297f766980db824354976d0910ea0844d2d2d0029578b	04c2eab6bfbe754728b29f33e5cdf1f9d6dae9454ea708f0e5aae7ac273ae945	c8d0a9fc0f312d88	sliced-sha256-8.v2	nvidia-A-2
1880	39effa1e	3.673897	19.488	6.899	20ed8730dab709b32ad6aea62eaf3dcf838a2f55ea2b335f84c23b7d6526bbad	4a5663304180a5b683d2927ca940adf44d5b90427e0280647bdf0f8ae1ed13d9	5a0d92c62bccefe6	sliced-sha256-8.v2	nvidia-A-2
1881	39efe4ff	3.587675	19.488	6.443	e1bca4d07b3cc0c6898b49236c7c52935809e5551caa14baaae7b4643fc2c6a6	8f80b4b843affd8baf53cc550ff59ba2e0af1c0d9e661a3dab95a8c958a783b8	86e5628da82047b1	sliced-sha256-8.v2	nvidia-A-2
1882	39efcfde	3.570854	19.489	6.276	c6c8aedd26397f067b07177685fda6ba7d167d9732265c520402a96342d7f353	6708fb27713218aa1d8b73fdb1e76bb13e530352ec6dd15289a9d8b06103e93d	812d2f10cb2c502b	sliced-sha256-8.v2	nvidia-A-2
1883	39efbabc	3.628547	19.487	6.592	d1680d480919d1eee0fed1b7a3d6c8e01a97038a410b03b0c08ad942d61ca2ea	27fcf9bb04e337007fdd70941d1760a305d9b2f5dd8f7d84ec86dbc4f6afb5e7	950e9f7dfa1d3868	sliced-sha256-8.v2	nvidia-A-2
1884	39efa597	3.575696	19.489	6.714	39f819d1570012cca27a7eab4a6acc532beebe13fdd65f7b6de55093ced01675	f4a75ccac7a1bc2c4d34892240a18d46a429eaec30da4b3903c6cd3aebde1539	c293fbcab66eda3f	sliced-sha256-8.v2	nvidia-A-2
1885	39ef9070	3.561588	19.504	6.502	78d357721de9116fa6ad69ad0b4b56a11a5718353dbe7c4096765309fc66e5c5	ee21822fe60d53b431e14b779298220cced6e67cb04c68003d51f4a8079a762c	e4df822ebef7a280	sliced-sha256-8.v2	nvidia-A-2
1886	39ef7b48	3.604859	19.505	6.250	28f9d7427eeaf4e1b9ea8b6017f83358bd52e9062c3974fa99c0d516db080987	39a5150fbf97a70c24c3bd71e8dd58588dd7643c2fcb919c978964c24f44c9f2	e19343c49747596f	sliced-sha256-8.v2	nvidia-A-2
1887	39ef661e	3.571956	19.488	6.635	ec7ef54f34b29914a1cbeb4fa9f53583765bff92f387169e96bbe301218d5942	3c7d5c40e12b478659bb33f4cc5d0d62c903016b6f0ddda07c3131e33d5df918	6fc39933ef744c94	sliced-sha256-8.v2	nvidia-A-2
1888	39ef50f1	3.570343	19.491	6.411	cc8d78f1b82b0e83bef9873f745069a16456d0a8f1e093d9a7844a6cfa461bf8	bf74ccc8b8247229cb42aeab2716d0dbeede7b37578878fb440258412e6fe938	180067214acfab74	sliced-sha256-8.v2	nvidia-A-2
1889	39ef3bc3	3.571276	19.493	6.300	b14b1e91f1e01e1b3d6ae228b12df64c449c3d2f0b6c78e389cf338cbd5255cd	5a8dc4a86b149ccfeac44af950305ff29683b665595af82d12274e2802d8678c	9ec9b33e6249719f	sliced-sha256-8.v2	nvidia-A-2
1890	39ef2693	3.543320	19.490	6.617	13bc69970a672651f79c73e108fe58aea62c85e638888adc1c5169d534388444	a3a9daecb1ca0a03efaced95b7e81176e5067c4e9b03c34a99ceee867e4617c8	016b748ccdf3020e	sliced-sha256-8.v2	nvidia-A-2
1891	39ef1161	3.552783	19.506	6.748	0da01c0bf74b5b97f84f48e7eb8d6af79b2c880e547fc70d18334c253f4dffdc	287845523e3a46e5e712111ab22cb254d367b090945c1abc27d7a763979578e6	8280e80519a6bf66	sliced-sha256-8.v2	nvidia-A-2
1892	39eefc2e	3.574271	19.514	6.767	45b8412e83a189ecede2dd8d0a806fb0c03599f26694560522242756900e17ef	c7769d66909d48c86c9b883f634ce3d0fdd90485ac3b179c28b2e51349411237	f8c678713621658a	sliced-sha256-8.v2	nvidia-A-2
1893	39eee6f8	3.565654	19.506	6.987	f6617baf040186dca5ae0bf1b0a6cf071bc3231c0d93bedf334a98a99c3c65f9	6f13947ff0531ac80cf1e7eebb2fb7fdde2a64eed7a390552473828c38368ce8	73ff2f597ee9ea93	sliced-sha256-8.v2	nvidia-A-2
1894	39eed1c0	3.571580	19.512	6.559	4593cd0eb59f883caa83be6a982534d69a3407b7fb4b769a71eb5c30fa8500f0	6dcba3ab177ed15f9be93be2e192a840774d8b701d123d22a58c76dd5bfaac69	dfd2eca218a97867	sliced-sha256-8.v2	nvidia-A-2
1895	39eebc87	3.594466	19.511	6.714	6e33f0652000b4996912445419316bb756155a47adaf81ff6a204b1b72e393b3	59c630b289e08151e1ee6ab04cb876ba2fa9d9f02450336d0a39d3b88cc087b3	3b271a166adfe125	sliced-sha256-8.v2	nvidia-A-2
1896	39eea74c	3.569205	19.505	6.596	17f2cb70d929ba307de49e45eb616a58bedbe4cc52ca09acf566cff1531a580b	363bcf724c61da0867d36cd2ff0ebc1a69ebf642093f832d53aa8aa09675abef	6891cb81cccd3294	sliced-sha256-8.v2	nvidia-A-2
1897	39ee920e	3.568321	19.489	7.034	b134eb24393f163f87b509ddcb5f03422f7f31c014153659412155aa39eeac76	6afba9da07e8c69f74df72db7cbb74f559094fa1d36f40c17d0abfcbbd6b08b8	fdeec292b36b71d5	sliced-sha256-8.v2	nvidia-A-2
1898	39ee7ccf	3.418757	19.488	6.358	ae97cb288b20861801d996168dfe676d20c3865361e10c0920444690761e99b3	e9de5d29dccaecf0e3d9dfdd74a4da6dfaa59adb5d43ec38a20f239dce8f3a63	ccf579add6e2463b	sliced-sha256-8.v2	nvidia-A-2
1899	39ee678e	3.467785	19.490	6.454	208d6d16da80b9f0e595a3c9d23f0327c941b51c7b6c89c421f2ce0445f39a5b	a6540dfbef3f3bc0f153b7772ebca62c3607917cce6ece367be257dd895c2505	8a88c7ab7bd9bd0d	sliced-sha256-8.v2	nvidia-A-2
1900	39ee524b	3.475548	19.494	6.662	af326d87f6a9ff31c269250f6531f593b83188628474f77b5a762f60fd2587fd	d76718716f0c3ced6e27179b67b9344504054ca232c6f102f4375aedd3a76e56	b107c71c12e3d4f9	sliced-sha256-8.v2	nvidia-A-2
1901	39ee3d07	3.467363	19.537	6.809	fdf8b95d7001a6afa8fcac4ff1b8cd87dea70ff7d8a9c0af2663db5075f88d25	72665f0c190451d0dd022ad5d12ed8c54f27aab2f0fbd92357c1a0c926ec15ec	1336850aebff2f32	sliced-sha256-8.v2	nvidia-A-2
1902	39ee27c0	3.462747	19.527	6.423	af1d1bd9fba266b8859ba20c30b8bceb2e2fc2ff3f7a6c4b7b0138bd5acb7c58	724d356904c6be8ec94c8585771e33d37c5d08a57d9adb0baef83ac0860b1b12	a71777b63d8161b2	sliced-sha256-8.v2	nvidia-A-2
1903	39ee1277	3.444589	19.530	6.419	e69cc1f69d616ecf7665a5dbc29f0c46b0abc9495363d671121600cb0ad19ec2	3cfd00d3c007d184e2576685df09449bccdeefad6aa0f21bf2a119a1e12beb05	e6ecb9e40d23047d	sliced-sha256-8.v2	nvidia-A-2
1904	39edfd2d	3.461166	19.533	7.105	67f39708056a62fea25d9404d011b302cdad668311120b811a9cfd39faa6b16d	7e72345704972c05fdfbf54933d1e99e8649077f3222e3786916c49a92597f45	a8a992d0edc4fcdf	sliced-sha256-8.v2	nvidia-A-2
1905	39ede7e1	3.462223	19.545	6.576	067d4d3efec39396475198a5eae338f74a733d9c31d5c25d30f5857c3fb875ba	4d4fba17fa9b7b1d6c2c033d4fa69fb68b35fd9c1cfb835e01db6999a4b3d37b	052ab4fb6a150074	sliced-sha256-8.v2	nvidia-A-2
1906	39edd293	3.484191	19.546	6.593	b5cc3ec5e973205f3596e04ffb82e84296f6f288eb27da0aa843cf9f2be19412	2c6c92e0842b8d2dffedbdb70477ef11fcb09c931e03e9ad233c0d88e300b58c	2c25467d8749240f	sliced-sha256-8.v2	nvidia-A-2
1907	39edbd43	3.473295	19.550	6.637	98cb7194b42b0c438a63b489083a4c5d4364e69e92cd4ca4f256cc4fe274ea23	76990f835c66c94b4e9bcc8485f893a4c1f0d9162f0c17880ae9ef83c16b77be	023b311195e95f18	sliced-sha256-8.v2	nvidia-A-2
1908	39eda7f1	3.523467	19.553	6.367	a548cf15a4c5aaeac4b5670a47a603210c049dee3dc89033102eda98cca73262	d7e78bbaf04516c4d13196821ad30fc1e9025f852c322124ce86b67adc9549b1	2cb70c0daab80552	sliced-sha256-8.v2	nvidia-A-2
1909	39ed929e	3.603054	19.531	6.689	6f353b0a2f0f8a88c0dd0b4ba6d72df14e7b4583f2f3d4bfcce33920fa89fd89	5ec4e6d31a6dc8297e1ccb156ce7b18783590cc22584085f26412d941dfe5925	59411f8ea44bb1fd	sliced-sha256-8.v2	nvidia-A-2
1910	39ed7d48	3.600100	19.533	6.238	35875c78861ba43eb842d0d718992811cd9b3a10daa4344a950b98892c63f942	95c78918e1250a87b90d770f0d9dd269b9fb0b467483ae1df8e4769cf3099012	091563e2fffecf21	sliced-sha256-8.v2	nvidia-A-2
1911	39ed67f1	3.543420	19.528	6.395	cac29209c4a55e83f366c697d3ee0d769f159bbeb49b2893a39cb7c07f65b990	3acca586b1e36770ca42a3929093161e5c3506f7ff7a12ff5549b5139296a468	be19a4c461692ea6	sliced-sha256-8.v2	nvidia-A-2
1912	39ed5298	3.574908	19.534	6.686	453420feb19dfb5e4382f2777d977cbd5716b1ae1dad0aee557369b19d9ca3c0	a94d4f7294ee5072412cb94282e6f8903d8167874da3721cd901d456bf3d6c53	8789aa6c9f2be17b	sliced-sha256-8.v2	nvidia-A-2
1913	39ed3d3d	3.573629	19.542	6.701	fb6939686be82c42a32e9203d35434f8cfa087950a4410d16f2d66bafa04f6ec	f93f7edad23503d1792bad4f5f1313e230c0dfad62821e9ea9e7bf50eae289e2	b4bafed4bc05b762	sliced-sha256-8.v2	nvidia-A-2
1914	39ed27e0	3.607712	19.542	6.411	d5f8abeee7763230a2d890b236bb5690ac235350cd7a07c664e0daec689762cc	e941d8f19212bf4a9308703d9b12d2bffdd37c9c5751655e5160cc6e87fb8eba	faec5f3355628660	sliced-sha256-8.v2	nvidia-A-2
1915	39ed1281	3.553065	19.531	6.618	25902aa5a4e886456ec5daecb2a683c065be1051a2f0b08a3a88848edce6177b	f926886a32be4c3bf0d508617801790260441bd015ca33e029a696c7450a14ac	b227085a53237c21	sliced-sha256-8.v2	nvidia-A-2
1916	39ecfd20	3.573560	19.530	6.302	c91a6f030620d729ea5a3478e971197dc5afd1324f0bde566c5e27f1a087fd02	d0ff70f111b00a9f0b80b0b267243cab0eebefeaced6b38a9472ceafaddd1063	ba0232e5aaa9d69f	sliced-sha256-8.v2	nvidia-A-2
1917	39ece7be	3.634938	19.531	6.370	a9f23a0dfa851e4120a7c03d83f7a298083fe3dc04790c6c10ca0fe4886dbd4b	5a19471aacc1f9a59e606f887333c1d90c3e0afde1a83c08fc6baac148928c4f	e07ac598640cbe96	sliced-sha256-8.v2	nvidia-A-2
1918	39ecd25a	3.585733	19.531	6.701	92cd26db82ee6b434c4e9bbf7e8ae227353506e58d5c93cba1a2b3a245eea176	6d004bfa35a1f3dfcf0bd1e4d86baede4c595337b78f18a998e9c5999dd9fe9a	1dc46f3a3938f9ce	sliced-sha256-8.v2	nvidia-A-2
1919	39ecbcf4	3.539918	19.544	6.729	95eae0fa21388590b3bb652bb73f255f6a055450054d9b46e8158fe7c2b3ff7a	33f90e92e2b93ecf18d91906e5151e0116387adac0a13efacc280b1e1d704441	ff6582bfd3789288	sliced-sha256-8.v2	nvidia-A-2
1920	39eca78c	3.635862	19.542	6.668	94b3e5fe6e4444da695aa637e3e3b9569cf61ee3c8936382856dcccb0e84df3e	4a51040f971e3fdaac9474c8353895ff54f1fb5848ccfc41bbc92c8ff6d846b7	3d38e60b9b112c80	sliced-sha256-8.v2	nvidia-A-2
1921	39ec9222	3.584075	19.537	6.448	b89c1a45edec1ea5b948819c63e4daf138276fe726bc15128b0328004b4442af	0108dc27939f00137a72a2f2ceb40d8eefc3e8a1af662bdf7429b7073cb93782	b59e881dcabd0631	sliced-sha256-8.v2	nvidia-A-2
1922	39ec7cb7	3.593677	19.553	6.378	3ec51ed67fe45ffe93ec7df13a5f57b8d6d467f5cef56d9e905f4d4587f1cd0f	b5c3bd6149b7d479242d8944c0cc21b5639840d275f643e913382552807e6e7e	5fb905df4a75c761	sliced-sha256-8.v2	nvidia-A-2
1923	39ec6749	3.603827	19.532	6.491	57151858fc6019f6e46f3b2d1015167e3c75a1a00a3277b5819e2a9ca10eb677	dadaa3115583f596c9790fcce780433c46e4df97fcf0d37b6bb80857224cc5c1	e64bcc771dbad62b	sliced-sha256-8.v2	nvidia-A-2
1924	39ec51da	3.591954	19.533	6.336	d4d171012c12eb130a5551ca064b150897509869f1473997d7646cc505c6320f	c98b986cfe444fcef846a8aeaabdbc798b8fc3badce5d12234a9194bf9230b0a	82437a4d3a694f87	sliced-sha256-8.v2	nvidia-A-2
1925	39ec3c69	3.630318	19.529	6.641	addcce930cbaa0dcdc799ff30af210a31aafdbd2daa1b340b6f3f72de020cc0d	33d583afc3465d98e6018b9933b13564222e01b48909216c0ed803a82e37ce03	6f78d559dda981a3	sliced-sha256-8.v2	nvidia-A-2
1926	39ec26f7	3.592740	19.534	6.783	9b48d48ea5dc38406f795a1d6e169ac4f117e56fb2d4dc4167e9f56e89267756	b1c3925ca3e329f6c5d2c918414d5f8ed41e6907981e00c9f62e6184e1d089a8	047a2aabac5b4a3a	sliced-sha256-8.v2	nvidia-A-2
1927	39ec1182	3.561486	19.543	6.336	f70249026992c1b0ea8a02b12cd88d3b0bf248fb43ffcf2c8569d73f5c03a1ad	ba9485693ed4e6e274a503633eaad9b8ae4cfc26a08a8359f01b40f77686b9ab	4ba38503f7edac51	sliced-sha256-8.v2	nvidia-A-2
1928	39ebfc0c	3.624662	19.548	6.693	fa0c4fc2772d96fb5e9f1f4bf073fc539862d897315bb2bb6dc5abeed53046b9	e5875da9cc095245a782f418c8bd96e0b9efa21d59033702a4ac36ad2d726392	0930f7ca4176fb1f	sliced-sha256-8.v2	nvidia-A-2
1929	39ebe693	3.595651	19.546	6.397	2830b79f5ad12a64fbaa052e0fe4656daf1a6202e3c67b10fd15fe14010a793a	393e27ea1e9b1e63a4f198ca41efbac4eadfcb5f9365f667e7057f7c358d929e	525f11ea8f3b6ae8	sliced-sha256-8.v2	nvidia-A-2
1930	39ebd119	3.582552	19.530	6.697	d523dbda54363b8b2f145f4b8ad0e265cf148338b61420d26438fdf5d65a45d1	081cca7195a0a293b89ead7f5f4a69abd5c78121e8691e848c0c24b925dfac4e	43246cacbc2a23b6	sliced-sha256-8.v2	nvidia-A-2
1931	39ebbb9e	3.553663	19.530	6.735	cc3ae7a25a388e997cb2bd23d7c38aea266507d7ed5e0238c3c83a1976f51f93	2334109fe2a5d69ea5b7708eeef903ae444935890f4ef15b28f03ed993e049e7	8f98cf61d4ad194b	sliced-sha256-8.v2	nvidia-A-2
1932	39eba620	3.560024	19.530	6.482	f75b87d84c8ff4fcf4ba7df119af1baae298b318350d6a78738684ba3bd0c373	39b62b80ee61f582fafd5f37ba135d69ec05dd0bd9717bb5714b53daa62a3e9a	a263ff5ac660bbee	sliced-sha256-8.v2	nvidia-A-2
1933	39eb90a1	3.503763	19.527	6.441	efa6732eb27434e3a27f5553cc96bbdb7e6bc7bbdcbc931e54b3f9d6ee204541	8c9cce7aa652f960c4eb7f5a658a62af29c5e6f2cceb27f633a179899fc25880	e57d1d426e2027f6	sliced-sha256-8.v2	nvidia-A-2
1934	39eb7b1f	3.527655	19.553	6.553	0292d7d924d2cc3e37ff7d9dc3854ab886df2d2fbe009e3b0822572d3c5e1d66	80c7beff0a039ba65ed24c85151e0d01a34294aff6267dc2abb0a330f8eed0e8	239c0365a3c1087d	sliced-sha256-8.v2	nvidia-A-2
1935	39eb659c	3.560206	19.546	6.625	678017dfcd29b9185096c527301d744f00eb95a3af7c1297c9768e11a4a4c529	8b38c4ff0c0f7fb95a317d196ea31381cce52a86b730ac917eb77d377e665cca	a618c3591483665a	sliced-sha256-8.v2	nvidia-A-2
1936	39eb5018	3.572945	19.540	6.424	a8c2122e0ecb2f19de6b6e83b4d49f3f261cc4ad5ed8a01f249bf517d3051587	c8db8915de68eaffbab85aaa1d4e03f907d044f6746bc07c83ac71d815253fa7	6d80aa522d158a77	sliced-sha256-8.v2	nvidia-A-2
1937	39eb3a91	3.575107	19.527	6.405	f2574357ac2607975fc81ca715896633847eb7de458743cca26c38398884c626	10b8c2cc996aceab49e132a6c6f2447e1083c5e915b1ed8a2849e4de90fa46fb	8e09cd34854abb72	sliced-sha256-8.v2	nvidia-A-2
1938	39eb2509	3.559462	19.529	6.640	7caa48393b2fade2b14ae2d99483795851dea5bf03df7eae36394e6dca2d5bc7	afd6b934426e9301497088b9de2615616cdc355f3e093d5136fca8d8501b2b5c	4ac1fde70b7e4c4f	sliced-sha256-8.v2	nvidia-A-2
1939	39eb0f7f	3.476813	19.529	6.444	37da75ac2c59698ecd5dfb80603bfc9adc4eeed0e4bf33fe84ee69349326af2e	0868fcbf124e622bf952e5d08c3536c5a90845b824adfd0b95223cfdb45e0875	9b19c7c9a6841966	sliced-sha256-8.v2	nvidia-A-2
1940	39eaf9f3	3.545506	19.530	6.406	2e90ddef9eda2b6b34622cad6ab875d66c38b70ab8a304567cef496f73ed29fd	e1933cdf567c3c197a976c52dd716576dcd373f559b7a0720dda1b8482832e2f	3bb162c2e22173b1	sliced-sha256-8.v2	nvidia-A-2
1941	39eae465	3.482713	19.531	6.509	6f4ba9d2ed5e090f4a69c67e11b7669e067a7bdc811c52d6e7b27c95a1e6329e	8a319449c95764ed65309370195cc42da5bba62c8a778379ff0b56b271ee0079	cfb7b02adff808e7	sliced-sha256-8.v2	nvidia-A-2
1942	39eaced6	3.479977	19.537	6.627	64e7981d108425f27f65559e1e91129e374f56d781233b0f7275f3e280066e01	d539e5e88025b3eb5fb0c0a16b2d8031cb84237dee6ae82dad39701e0833b6f6	0098041943911860	sliced-sha256-8.v2	nvidia-A-2
1943	39eab945	3.477891	19.552	6.303	ec7dcc94831d84fd1154267f6dea982f552f16f0a0de731ebddb7b941dba7dce	9dc0701c099f529b3730b7200c226f40a6ac8ee70484fac617d3dc97bfe748d9	ed19daf66f81c897	sliced-sha256-8.v2	nvidia-A-2
1944	39eaa3b2	3.421798	19.529	6.368	419f068d4419a8f0342ac347c689cc9e5ea5889aae8caf339929464729e9542a	55f9151d73e083887ee72fbe112213122c67a8210d497c499ba3e7027ab73907	f14979ba8ba5c934	sliced-sha256-8.v2	nvidia-A-2
1945	39ea8e1d	3.465663	19.530	6.671	484b4de377d6ad4ce7f8bea35d4b8ea818e8d8b99dd26a2d09223ee31e595c65	b92d92a413c9b96f9042dc95562ea211d713e295e97de27d70082a5ee04f9605	f090b9529d5734f3	sliced-sha256-8.v2	nvidia-A-2
1946	39ea7886	3.507306	19.529	6.343	1abd179a665c8eb9de62f2c628f98e0ffca2a8a4d5d52c6f99c304e8db64778d	ccd9f54ebba62800e1dbbf368b8c24b9474d66deb435c54871b17dc174f981ec	ac467c284bceccc3	sliced-sha256-8.v2	nvidia-A-2
1947	39ea62ee	3.432576	19.533	6.322	2fc5c58b2b4dacb0ca4bc4c1a4a360f21ab6b67edd61baeefd2f12be815e6d5d	a961ee0e8b381da72536a766c1f7ebd02df04bf84da9aa94cd2604366972c9b2	e9ea015a9f7c5b7a	sliced-sha256-8.v2	nvidia-A-2
1948	39ea4d54	3.457747	19.541	6.451	df9211806da93769561b8906772f373a077871c78242afff837aa229264e2674	c301815028280b420f2a218441e5db29a74cd4094b56b7a93a5e9ad3951082ce	2a60650eedcb790b	sliced-sha256-8.v2	nvidia-A-2
1949	39ea37b8	3.510586	19.537	6.252	744fa0eba89c25617b2ad8823e3742a202adc63de01f7292a510b8d77042ddd9	67356b1c8a0ac7f5d65e10796ed980ad7f36fa0d87690b27ae6c66ff0189eb7b	36a5deaf54a160b6	sliced-sha256-8.v2	nvidia-A-2
1950	39ea221b	3.450695	19.537	6.508	7c11904737bf6404f0a4dbf2ae3a3f625a682c7181cc01cd4a5645ae4dd39c91	72e4b7b7a775ef5fd93a0567f818d3814ac605fe88f9e58fa437bf7521c8c0b2	97931f4e0f056f48	sliced-sha256-8.v2	nvidia-A-2
1951	39ea0c7b	3.491202	19.524	6.332	fe45e0fc30bd7102259ea8da57624ce1e1619b8fccd3437ffeb3a3967d5db2db	3af76790694ced8f74798b4f4e843204423b5e34947864dde4bbe9f05b769d93	3885cba2e826caa7	sliced-sha256-8.v2	nvidia-A-2
1952	39e9f6da	3.392284	19.523	6.609	49dd8363a599a27573b0ff0b7ec8466445b5f50ff11cc3a458d9094ed04140eb	a32bfe375465352d218fa2968488ad97b92cfb86a241eb32f65dbec9d81478dd	3c3cc4921a9f7a38	sliced-sha256-8.v2	nvidia-A-2
1953	39e9e138	3.498861	19.526	6.649	95f02adaef62949a5164014006f79d8e91b55ecdc809dd4cb87984999b58eae6	e394ecc41be9cfd3af84dc3a9ddca7beb54d32d3d9de87a3909dfb6e895d76ee	7d3e9170b5474953	sliced-sha256-8.v2	nvidia-A-2
1954	39e9cb93	3.547998	19.527	6.409	3a79d33cbb0dfbe91e00c58a99a9626ebdc30c996e9f8063d2b941ab1425a298	5e86b5f8d42cea6f816ceac3c0ac2fc470c81c6c56dda1380e1e69afcb154927	3ca3df2e5183802c	sliced-sha256-8.v2	nvidia-A-2
1955	39e9b5ed	3.630703	19.536	6.299	3a9d0e54de35fb23b90ff063e35039fb61abb97e50bfc8776ba1996bedb2ea02	52dec52ab05f2ae80c6ebfabe525c096101e0fe1b600d8e109ac79aa82c42cf9	60dfe6f0798edc94	sliced-sha256-8.v2	nvidia-A-2
1956	39e9a045	3.519795	19.541	6.593	9c1668fbde99ffc98528aefad0676cd114c0ac1b26a5654910d711a7c4d6dea2	80d3f081ed4c52c8e9da53675b45cca9fdfad963765c7dc3d054dae57d47c760	a62a5d1275c8f611	sliced-sha256-8.v2	nvidia-A-2
1957	39e98a9b	3.578578	19.528	6.664	21c0206da4fad6c9aba3d6c67a15dd4ea2b6a9bac366b715073a2ac147c5207b	7449ce1ebbcac71ab5635b59c2b19db7bc02a8f91f52d850b2bfd86e223d948b	5a9420c82469dc1f	sliced-sha256-8.v2	nvidia-A-2
1958	39e974ef	3.625758	19.529	6.564	043d4e2ec856b5e4599726d038a6e10929568be0c1457710053ea9bd18a5cea7	d690de6f8426af97f824d725dfc69489befef90c5253a29c765135f2bb98806e	f30653705ef8b2a4	sliced-sha256-8.v2	nvidia-A-2
1959	39e95f42	3.583563	19.525	6.588	530bfe077844ef3a73962c61dc3863917aac263e2cb59749f09c0623b2f0dd6a	dc759774ca79131f290e918b2dce7857c0f572c857ca3276ea2ebef8a2e4e8a9	46d79b94af2b6dc6	sliced-sha256-8.v2	nvidia-A-2
1960	39e94993	3.604205	19.528	6.320	e9301a478ce14a07c7d17bd7d90754e1356e2618953235202f7a1bd505706b40	4420dc0d239bc558ccd87725640326299568ebd9486a3559411acde4584dbc32	ac5afba87fda2f38	sliced-sha256-8.v2	nvidia-A-2
1961	39e933e3	3.585734	19.546	6.573	268dbb511ac4bff99580175e31a31a25bf6066caace2e82956e30a653b974d3f	8deb04fc7fa0de5d5d67e26382de783de6c66a8c755602afde21e34af403faa4	4019136d23b809a9	sliced-sha256-8.v2	nvidia-A-2
1962	39e91e30	3.574451	19.535	6.605	af0e3b572bc77ff598699416209b0a42975200560cfbe788ff1240e3d2ee4518	01fc229b5195e757bec76fbd9fbd262c8c930481559c52002a6e7ac3d5c30a07	9bb07bc439cf49c1	sliced-sha256-8.v2	nvidia-A-2
1963	39e9087c	3.589550	19.557	6.507	75a8ce578ba718c9a98b4aadcbbd602a80242bbbe831eed3be8ac74c605df62e	edab4d7bf6cc191963be4f77cb3d332b82ec0da36e25ef5f63e4d9343dd80675	fb744f51b86b5fcd	sliced-sha256-8.v2	nvidia-A-2
1964	39e8f2c6	3.528182	19.552	6.605	bcfa8863044d1c599dba853d5df8ac61dc115cc567e73783e88e63484099c066	1499cafab9e76806a019486edc98b38dc2ad4298f4e786f0c334c46fe9634a4e	1cd9ee3b42015faa	sliced-sha256-8.v2	nvidia-A-2
1965	39e8dd0f	3.623646	19.530	6.533	b924cbe4356878fff4e5ebb567cb842a8c5185700a6a503c5ad87705f268acfd	98e34ae5002668e83646ca3da87af984f37902606ebf26c54b8fd2fe0c2ed4f1	390c623af2a5a7ac	sliced-sha256-8.v2	nvidia-A-2
1966	39e8c755	3.630197	19.527	6.367	e8406d0778f86a94991176a7c00bbe91055c46b4aa395fe4e5ed6af19d50d6d6	1a90486271de62dd897a3a9ffe63d8b7521f162558397fdef3fce6fe773eece7	4f4e18ad0b1156ae	sliced-sha256-8.v2	nvidia-A-2
1967	39e8b19a	3.574296	19.528	6.177	3d0cc46b7ccc065269257c030be8e645565b257e1bc857ba559e643e2a2bf032	c03c12e5da63555830196a466d07c70f805be61f43c5b94fe163a29d1c6455bc	815e473d94e86841	sliced-sha256-8.v2	nvidia-A-2
1968	39e89bde	3.598252	19.532	6.250	082dcc0a79b896f2e32f3aaed3efbdeab1d1b753ba38624383095e029ae2f1eb	aca18b87db033a1f6ab5678fdc6864206de33d3fb5bf245512a9c016c5d0fcdf	506d3d56715fe364	sliced-sha256-8.v2	nvidia-A-2
1969	39e8861f	3.612630	19.577	6.321	612957b320c805874d483a2c865b48afeb7b6f5c974133d07850c9256ef37ce3	5efdca32dfdfc785eb320b3cac05b69742cdb9aae892940f470ee6285761616c	2c622b1eecc63f9e	sliced-sha256-8.v2	nvidia-A-2
1970	39e8705f	3.570108	19.527	6.601	c0729eb01bb0196eeb451c66a775a541df2a29cf8c904c6cbfac0853d587a0d0	5f9df6c26adfceb90f3caac992726376ffb9d3a21d230d1204e8551870944507	a76b2bd3eb03b20b	sliced-sha256-8.v2	nvidia-A-2
1971	39e85a9d	3.613969	19.531	6.688	ce29d95a1e41cca50e20c1f877d13e6aa50a71e79cbf9171cefd6e1bd98968d1	a88e29a3f4c12eacd2f94431ab04005327b132d27d1bb7a5d9940185cae36963	5007279cfd4b150a	sliced-sha256-8.v2	nvidia-A-2
1972	39e844da	3.597253	19.534	6.299	d1c784bac1c3cf11548b11d9291c485eecf7f0f93042f31cf7657a69960285ed	11d2f4443987c200d6bfffdfe18f895cd392b3f33ff4c6be614596eb1fb75a6f	57753b71314d437f	sliced-sha256-8.v2	nvidia-A-2
1973	39e82f14	3.589023	19.537	6.389	6e8af5037a1d655cdd8f4cd0439c33fa4daa8d906620ed6ac7930f4f8e680ee3	5dafbb4cfd8eda9b6f5a3f1a58012b3566ac32de610a4171915e89fe091fdfa8	58a5394bc0a56dd4	sliced-sha256-8.v2	nvidia-A-2
1974	39e8194e	3.699282	19.539	6.615	fb7cba5beac6ba17389191bf714b3d99d965cdef6fa0f3499804a7669c164a76	edc934ccd03849b8957d12e78a8be94c0dac60f566b3c458519e2640618dc60b	38ff1d732f4a2607	sliced-sha256-8.v2	nvidia-A-2
1975	39e80385	3.622821	19.556	6.723	7dce30dfff3ae940a8755a1732e66616fa41bc79482e1172c544f5f5f7ea0e15	cc233e33ff6374f9fc71f84d0c9b2dff43062e245fdb18988b679e0dad455bf1	6a535b2bf3050450	sliced-sha256-8.v2	nvidia-A-2
1976	39e7edbb	3.556027	19.552	6.435	388e5e4eae7f6b39d216251f89699d2310a4551b4075fd450d6e5ad29dadcda5	01d4dbe1d3797d1e17f95d2cdff8d526ed46d9a8e46788486a44d2e5763679a4	f128269f68b96a89	sliced-sha256-8.v2	nvidia-A-2
1977	39e7d7ef	3.554322	19.529	6.658	35db39f765f9519de214e0e773523b932e4239b67cafc4fe40a57da9e63dd8bb	285c31bd55c1e0bedc5ecfd1485133d345259287d315e007e26dba87a971f56e	fe97a5fc0c542c88	sliced-sha256-8.v2	nvidia-A-2
1978	39e7c221	3.533031	19.533	6.440	be0f693aaa76801c51e4c109ebe60b41c5fb8e98abc0d7cb8c3d73d6e0120f6f	98f3c3cfea393bf1382d13ef01de82c1b888291fb9f246904b5a72c1dfd47b8c	12062d2c30b2d2a7	sliced-sha256-8.v2	nvidia-A-2
1979	39e7ac52	3.537344	19.529	6.332	5ce2286fd75fa2347ef433a07cce860066156bcec9ff8e4d9bb0f6daca3d1e3c	177f5c9406d14fca460b0fb1f6e32f4fb588e82ba938fc3e1d45a6bfa2deb93f	a5410cd5e17962e9	sliced-sha256-8.v2	nvidia-A-2
1980	39e79680	3.535931	19.532	6.656	7f8850237d3591282ab483beb8a6b5b61db534e54cbdac1892007ddeee90cf60	288f42119ecbcfe50cec1217badcfd261af8c8d60f17d4dad4f8839b2de65947	e92bf2a69491df56	sliced-sha256-8.v2	nvidia-A-2
1981	39e780ae	3.561842	19.550	6.784	9c19ca121bd0be78747e87e421d29495ab19fdc645100db921f79cc58f19795e	fd385681ecbb30881c337833545fd6591da2ecf188194dd9e8980084b81028f1	35de1d2d3b73a066	sliced-sha256-8.v2	nvidia-A-2
1982	39e76ad9	3.562120	19.553	6.441	bbc6abb53d3bcf578f2baf562086f55ebf131cb1c9c3ff8ff78bf48e6dc33b21	7a6b948e64641d619a6db0f878b1327a4fbfac4dd42a49c97fbdf1899256e584	978f82dd6cdb957b	sliced-sha256-8.v2	nvidia-A-2
1983	39e75503	3.543331	19.533	6.319	812f9df9f10653f145ecee0216afa11d593bd3195e93175a7ccf8b0df106234c	48c7a40efe15854c60ec6d5908a6cc99edfbeb11b99eff087b558b2112a599ec	6ca385072852ea4b	sliced-sha256-8.v2	nvidia-A-2
1984	39e73f2c	3.607037	19.560	6.701	bfcde5d6b920601fca987959ee91e4f5e8fe661fcd10d0e9f2a5067d7ecb56fb	f125c8c60684e225f37b18f0e675817ecd9be976d9281e686750f362e38a61a5	d8717e5919a9bdc9	sliced-sha256-8.v2	nvidia-A-2
1985	39e72952	3.539913	19.553	6.433	c199623d16fcf339c4045e05ab8b800dc4c0944357bedbde2385b94d14ebb362	902a9482d1c48190db99ffc194a60a939c5682d339e41bcdcd492b6f3359fb5d	a2a30c83d9dd7c24	sliced-sha256-8.v2	nvidia-A-2
1986	39e71377	3.574048	19.539	6.537	fe78b453525746577e3e3748342acafb85475b0e1efe0e2755403bd651706731	705033bb9d77f74b005ad389770df2328a955c4f10ab4a7597d70fa041d0dade	da31447c2449f0ae	sliced-sha256-8.v2	nvidia-A-2
1987	39e6fd9a	3.470539	19.529	6.428	37171631a28d4e2923abe5f038117c84d81c502b72fda9d6e422a3dd18f8aef9	04a11e0682816cc0efdc489e0e5f6d2032582c2f361b40b9a9cf7c5b912abd27	ee69c4727dfff024	sliced-sha256-8.v2	nvidia-A-2
1988	39e6e7bc	3.420591	19.524	6.384	0ea491efb245b3e4f4ea61c483023d09ec1d3fe43a637115a773be19d4bd5909	e847442bd9dcc262136969bb5d2b06d387492f9d01b6d07d04e4c2747938ddd3	793854778e790029	sliced-sha256-8.v2	nvidia-A-2
1989	39e6d1dc	3.471818	19.521	6.405	fbb3fed06df577384a59ba5aae10bb2091a06e8847e7e6040d4be7f95c125d37	2b3a02695fb59fac28f623ce8d81fe2004c0447d7c6f1136f6cb9a1a9f5ca5f8	fafe2a32b82301f8	sliced-sha256-8.v2	nvidia-A-2
1990	39e6bbfa	3.421969	19.525	6.379	f5e2dd9c9334ce8969e2698ce651219396c29b23cceacf4d98a57126384f6216	2229eae037176d9b6da29601b2e57f20d3389473724da7f10045079638b71652	74e77b7a84361a6e	sliced-sha256-8.v2	nvidia-A-2
1991	39e6a617	3.418831	19.559	6.465	baee472e1a932390e8150aba3418ca591af58d2ed3c2f6d7bef7969c7772911f	8fc005114bc47da889f48699db4a6e2b3eb2add95c2f0694e41078ed15b894a5	7209029d9e136f8e	sliced-sha256-8.v2	nvidia-A-2
1992	39e69032	3.412164	19.537	6.612	0c55ea15c0fe56479fb6d666a4141e2ccdb46bd4086f64d68c15f7285ea70415	21fdec14e1774676525e2c856ad10a533c0da5fb837b25634b164723b394ffc0	cf4cdb0d8b7f72d1	sliced-sha256-8.v2	nvidia-A-2
1993	39e67a4b	3.471251	19.529	6.464	771063e4fa3f3729b80f5510412934b2b58bde7e6b2fadba443dbd68dadf2c99	ef0be8a0e1fac57ef78d08c07c21b91200711cd203042f42a7b513a35c61cc6c	89ba045014cabd22	sliced-sha256-8.v2	nvidia-A-2
1994	39e66463	3.506236	19.531	6.900	0fd252c2dab0d3a90adbec755ef0ceb19fa3855ffaeedef44bc2cda505853855	b91f9574d9c2ac43de17862d28357d27c3f89003e0afc52df7ef16a9221e0c36	dffe4ecfb084548b	sliced-sha256-8.v2	nvidia-A-2
1995	39e64e79	3.399254	19.521	6.697	ff640844bc6b0b1c4eab9aa939e7fa079bb0e090059ed73384ba3466355536c5	5e6db296b5597848a0f5d5ab1239d2a24a3b297041343fd66640991554c97729	16ebc21f56811244	sliced-sha256-8.v2	nvidia-A-2
1996	39e6388d	3.413504	19.519	6.593	48d1846c3c8ec8fd3974504d19c04c6c2af5cd8541e0f4aa5bb4122c95c12b92	589f9e7adf7911fedf8a19d882cb8307cd8774c80819069e0f06e0f04297b040	53872bc8bc9303ff	sliced-sha256-8.v2	nvidia-A-2
1997	39e622a0	3.451456	19.534	6.359	de8750969f0935a2d0340b38690fc4ac0265b83efd1976dcab20aaf909a89bef	ef9c2683a580bac6db30f8e8d2b28d2dbb9b67853d1accbf5f8d35e46481189a	9966794322518632	sliced-sha256-8.v2	nvidia-A-2
1998	39e60cb1	3.541475	19.515	6.633	bcf572cbf42c5e16eeb3fffa855594b42fa16fc62406273a70eea4c503b717c0	06c633b940c4d3db5daf88db51286b9a022663eacba84faf1f6fe1a61dcc4b1e	7581dd5dfbb2bf39	sliced-sha256-8.v2	nvidia-A-2
1999	39e5f6c0	3.527984	19.519	6.819	dcb05e4e668a81e15ee65072357a930a80e5c30f6aa4bd659913d45284c1d4fc	6170c58b93c1ec4a5909794252e2ab6a3d10113aca2f3ea3a89646c7d8d6cb10	f95b24cd3ada3bd9	sliced-sha256-8.v2	nvidia-A-2
2000	39e5e0ce	3.553770	19.547	6.346	0e39ed2bfe9bcbaed6320440d701d075ab95e3186504b424826ddc6a519bbd37	7c100f6927db84d3bc0c8671691174c69e920c914c60367fbb3ff5551d691db6	637cc632670aab4e	sliced-sha256-8.v2	nvidia-A-2
