columns 6
column 0 2048
1131675648
1091567616
1130889216
1128464384
1110179840
1124597760
1128792064
1124532224
1115684864
1117913088
1129381888
1131544576
1124335616
1104674816
1118830592
1120141312
1107296256
1129381888
1125646336
1103626240
1110441984
1124401152
1117913088
1129906176
1128792064
1110441984
1130954752
1113587712
1118437376
1105723392
1125187584
1120796672
1128660992
1112276992
1127809024
1116733440
1118568448
1105199104
1118175232
1117913088
1126105088
1131675648
1119617024
1115947008
1107558400
1124270080
1121976320
1106247680
1125842944
1088421888
1114374144
1101004800
1127088128
1106247680
1124466688
1124925440
1125187584
1117913088
1125711872
1105723392
1125908480
1124401152
1107820544
1120534528
1108082688
1119617024
1126563840
1126563840
1119617024
1115422720
1123942400
1125122048
1109917696
1129512960
1132199936
1126301696
1112539136
1101529088
1131937792
1124663296
1125842944
1117913088
1126105088
1122238464
1107558400
1106247680
1126825984
1130168320
1129578496
1117519872
1097859072
1090519040
1130627072
1094713344
1084227584
1124466688
1116471296
1118175232
1128071168
1124859904
1119617024
1122631680
1105199104
1123680256
1120665600
1119617024
1131479040
1093664768
1125449728
1124728832
1119354880
1128398848
1124990976
1110966272
1132199936
1114898432
1130299392
1131544576
1124270080
1116340224
1129971712
1127874560
1129054208
1128398848
1113063424
1131675648
1127481344
1125253120
1121320960
1131806720
1125777408
1131216896
1130299392
1129906176
1120534528
1120796672
1124204544
1130299392
1132199936
1126825984
1127219200
1126694912
1082130432
1127677952
1130823680
1116602368
1127874560
1103101952
1112276992
1126039552
1125646336
1127743488
1107820544
1127612416
1121320960
1115160576
1124270080
1120927744
1127088128
1108606976
1132003328
1118699520
1120403456
1128464384
1129447424
1114636288
1128792064
1120272384
1124532224
1104674816
1131479040
1105199104
1112276992
1131937792
1098907648
1131151360
1117650944
1122893824
1125646336
1120010240
1132331008
1109655552
1126039552
1120665600
1110179840
1111752704
1127350272
1124663296
1124270080
1127546880
1116864512
1125711872
1129840640
1093664768
1125580800
1127612416
1116864512
1126694912
1121189888
1119617024
1121189888
1130233856
1130037248
1103626240
1121845248
1130102784
1127940096
1112276992
1119485952
1120272384
1084227584
1114112000
1101004800
1120534528
1117519872
1128136704
1120927744
1109655552
1127415808
1128398848
1121845248
1107820544
1125974016
1114112000
1131937792
1129971712
1124139008
1073741824
1117650944
1073741824
1111228416
1127809024
1116995584
1119748096
1124335616
1084227584
1121583104
1127677952
1126629376
1130758144
1111752704
1127153664
1108344832
1115422720
1127874560
1095761920
1126367232
1117126656
1109917696
1117388800
1131151360
1128595456
1113849856
1095761920
1130430464
1118699520
1105723392
1128398848
1107558400
1131872256
1121189888
1129775104
1131937792
1131020288
1131020288
1117257728
1122631680
1099431936
1127677952
1112801280
1121976320
1127612416
1102053376
1125908480
1129644032
1132003328
1126629376
1124204544
1128660992
1124794368
1131282432
1131610112
1126891520
1124139008
1120141312
1129775104
1124728832
1113587712
1132199936
1119223808
1126105088
1126432768
1130889216
1108606976
1127284736
1104150528
1125318656
1096810496
1114112000
1126301696
1123418112
1116471296
1092616192
1126432768
1130561536
1122893824
1112801280
1088421888
1086324736
1127350272
1128792064
1124794368
1065353216
1131282432
1126367232
1116471296
1131675648
1122238464
1130496000
1099431936
1124401152
1120927744
1128464384
1126891520
1114898432
1117782016
1123680256
1129840640
1125122048
1123549184
1128595456
1127284736
1128857600
1127219200
1099956224
1124204544
1108082688
1124925440
1095761920
1125122048
1082130432
1102053376
1091567616
1122631680
1086324736
1130889216
1130430464
1118699520
1123811328
1110179840
1128398848
1128857600
1126825984
1125122048
1131216896
1120272384
1123811328
1126825984
1120010240
1128923136
1125711872
1126498304
1077936128
1120272384
1132003328
1123549184
1124073472
1128333312
1092616192
1130823680
1099431936
1094713344
1111228416
1121452032
1129054208
1127940096
1114112000
1107558400
1111490560
1116078080
1124335616
1128923136
1116078080
1117519872
1124728832
1120665600
1131347968
1118830592
1116995584
1120665600
1094713344
1128726528
1128923136
1128136704
1131085824
1125515264
1088421888
1104150528
1129250816
1130037248
1107296256
1107296256
1126301696
1125122048
1125187584
1126825984
1129054208
1129185280
1130823680
1126498304
1124335616
1126498304
1077936128
1125515264
0
1084227584
1126432768
1125318656
1120141312
1128595456
1130430464
1121058816
1128398848
1107296256
1125908480
0
1131872256
1119092736
1125187584
1130168320
1103101952
1114636288
1127940096
1117388800
1126563840
1116078080
1116471296
1086324736
1130430464
1124073472
1128136704
1129906176
1129447424
1126891520
1126825984
1130823680
1101004800
1132134400
1102053376
1122631680
1105723392
1118568448
1101529088
1126563840
1113849856
1124728832
1102577664
1117650944
1100480512
1128595456
1129840640
1127153664
1116209152
1122631680
1130430464
1123287040
1130758144
1119879168
1131282432
1090519040
1129250816
1131151360
1109393408
1121583104
1112276992
1126367232
1125449728
1128726528
1119223808
1118699520
1112276992
1123287040
1127415808
1130692608
1125711872
1102577664
1110441984
1124794368
1121320960
1124073472
1120272384
1124728832
1123287040
1128202240
1128398848
1132003328
1124859904
1114112000
1132265472
1131216896
1124925440
1120927744
1128202240
1128792064
1120010240
1124532224
1110966272
1121845248
1108344832
1109917696
1110179840
1120927744
1125056512
1125122048
1130954752
1122893824
1122631680
1102053376
1132134400
1130364928
1130102784
1125122048
1126105088
1117782016
1101004800
1113587712
1130233856
1101529088
1129971712
1119485952
1131479040
1129644032
1125646336
1130102784
1123287040
1116209152
1111228416
1127481344
1121714176
1125187584
1125842944
1122107392
1114112000
1105199104
1112276992
1131872256
1127284736
1129709568
1130233856
1131216896
1121583104
1126694912
1120010240
1123287040
1125318656
1124728832
1130889216
1129971712
1112801280
1097859072
1132003328
1113587712
1126629376
1118437376
1121845248
1132134400
1129447424
1131544576
1128267776
1107820544
1119485952
1114898432
1125056512
1120272384
1115422720
1126694912
1122238464
1132331008
1120796672
1120272384
1124925440
1106247680
1129447424
1131020288
1113325568
1125646336
1130102784
1122762752
1117913088
1127743488
1124990976
1126891520
1099431936
1102577664
1129840640
1130496000
1131413504
1113063424
1116733440
1119617024
1131806720
1092616192
1131675648
1124859904
1122500608
1127022592
1126236160
1116995584
1110966272
1131479040
1112276992
1129250816
1106771968
1129381888
1131020288
1090519040
1116995584
1117650944
1113325568
1124794368
1124663296
1117126656
1132199936
1130299392
1082130432
1131806720
1132265472
1129971712
1121976320
1121058816
1097859072
1122500608
1106247680
1119748096
1113587712
1131347968
1114898432
1124401152
1116602368
1123024896
1121714176
1122238464
1114636288
1119748096
1099956224
1125253120
1128660992
1124466688
1121583104
1119223808
1116078080
1126039552
1099956224
1113849856
1124990976
1123811328
1126825984
1117388800
1127415808
1129775104
1126629376
1111752704
1130692608
1120272384
1127350272
1128267776
1130168320
1128333312
1132199936
1122631680
1118568448
1126236160
1120272384
1125646336
1129054208
1116078080
1123418112
1123680256
1116209152
1111752704
1129644032
1129644032
1119485952
1129971712
1126039552
1127546880
1125842944
1131282432
1117782016
1129840640
1102577664
1100480512
1126432768
1108082688
1117782016
1115160576
1130430464
0
1125122048
1128071168
1125449728
1102053376
1128071168
1120141312
1116864512
1091567616
1122107392
1130102784
1117257728
1104674816
1097859072
1115947008
1128464384
1129644032
1131544576
1128202240
1117519872
1127940096
1102577664
1129971712
1119223808
1130233856
1124270080
1125384192
1120796672
1132134400
1113063424
1130364928
1119879168
1131675648
1130823680
1113849856
1121189888
1126367232
1111228416
1092616192
1128136704
1132068864
1131872256
1127481344
1114898432
1084227584
1127219200
1126629376
1130168320
1119223808
1117913088
1121845248
1116340224
1130889216
1130954752
1131610112
1119879168
1125777408
1093664768
1128726528
1124728832
1125187584
1131741184
1123811328
1091567616
1090519040
1124270080
1131347968
1129250816
1127874560
1094713344
1129906176
1103626240
1130823680
1117257728
1084227584
1132396544
1116471296
1128595456
1125711872
1129775104
1129709568
1118699520
1103101952
1125449728
1126432768
1092616192
1114374144
1096810496
1124663296
1128792064
1129578496
1118437376
1128792064
1124204544
1112801280
1128529920
1130758144
1120403456
1102577664
1120141312
1130758144
1100480512
1116340224
1128857600
1130496000
1127546880
1117388800
1124270080
1125384192
1124335616
1129119744
1118830592
1117782016
1129054208
1101004800
1117913088
1130823680
1120141312
1122631680
1123680256
1111490560
1127677952
1129512960
1088421888
1073741824
1128398848
1108606976
1116078080
1125449728
1129447424
1125253120
1132199936
1114112000
1112539136
1108082688
1117782016
1128333312
1126760448
1128595456
1103626240
1106771968
1126039552
1111490560
1127874560
1129381888
1121583104
1130168320
1091567616
1132331008
1128529920
1124073472
1096810496
1128660992
1113587712
1125842944
0
1109393408
1115947008
1119617024
1109655552
1131282432
1115815936
1128333312
1112539136
1124663296
1129250816
1065353216
1122369536
1106247680
1124990976
1114636288
1129119744
1115684864
1124204544
1128923136
1093664768
1119748096
1114898432
1124728832
1118437376
1131872256
1131675648
1125318656
1123942400
1131610112
1113587712
0
1130299392
1127677952
1102053376
1127612416
1132199936
1119879168
1113587712
1124073472
1118175232
1130037248
1128988672
1098907648
1127481344
1120272384
1112014848
1129512960
1090519040
1113063424
1128202240
1131937792
1124073472
1099431936
1128398848
1127677952
1121320960
1118044160
1126039552
1128529920
1111228416
1121976320
1127940096
1127022592
1106771968
1105199104
1118306304
1121452032
1127350272
1082130432
1126563840
1115947008
1125580800
1123942400
1128792064
1131544576
1112276992
1121058816
1129512960
1117257728
1121976320
1130692608
1112014848
1114636288
1116733440
1109655552
1113063424
1119879168
1125777408
1121583104
1119485952
1131020288
1110179840
1119354880
1109655552
1098907648
1130430464
1124401152
1092616192
1120665600
1106771968
1115684864
1113587712
1118568448
1131806720
1114374144
1130168320
1113849856
1130299392
1123549184
1115684864
1110704128
1077936128
1132003328
1103626240
1125842944
1106771968
1116864512
1122762752
1123680256
1129578496
1118175232
1128398848
1126891520
1107820544
1124139008
1128726528
1127153664
1132068864
1092616192
1123287040
1125908480
1108082688
1129447424
1128071168
1120796672
1116733440
1128136704
1111752704
1125842944
1126629376
1127415808
1129578496
1129775104
1125908480
1125122048
1128136704
1126957056
1129119744
1127546880
1104674816
1091567616
1111752704
1098907648
1128792064
1125056512
1130364928
1132396544
1110179840
1120272384
1120665600
1131347968
1119092736
1131872256
1131610112
1120665600
1125187584
1117388800
0
1132068864
1124466688
1130496000
1106771968
1132265472
1108344832
1108606976
1125974016
1118044160
1130692608
1106247680
1113063424
1127219200
1125253120
1127481344
1127546880
1128923136
1127350272
1108344832
1116209152
1126760448
1126105088
1129054208
1110966272
1125515264
1127284736
1082130432
1130627072
1107296256
1116340224
1121714176
1126432768
1129381888
1119223808
1131151360
1126367232
1130102784
1111228416
1113325568
1097859072
1132331008
1131347968
1109131264
1128267776
1118568448
1132265472
1113325568
1129447424
1125580800
1123287040
1113849856
1128923136
1088421888
1116209152
1131675648
1118699520
1119617024
1127219200
1108606976
1130102784
1127481344
1130692608
1105199104
1120010240
1127874560
1120796672
1129316352
1117388800
1095761920
1099431936
1119354880
1130954752
1092616192
1088421888
1118568448
1103626240
1129119744
1117650944
1128464384
1126957056
1114636288
1129381888
1124270080
1120665600
1130168320
1105199104
1117913088
1120403456
1108606976
1125842944
1118699520
1118044160
1126825984
1131282432
1124532224
1127546880
1119879168
1091567616
1094713344
1108869120
1130430464
1116602368
1113063424
1122762752
1114374144
1123024896
1123024896
1110441984
1127350272
1126498304
1107820544
1117519872
1127874560
1121845248
1123942400
1121845248
1127809024
1130364928
1129906176
1132134400
1105199104
1114898432
1117257728
1125056512
1098907648
1121452032
1124728832
1120272384
1130823680
1112801280
1127546880
1121714176
1129775104
1124073472
1125974016
1130168320
1131610112
1125711872
1130364928
1125908480
1103101952
1122500608
1127219200
1119879168
1125974016
1124335616
1116078080
1130692608
1131085824
1122107392
1131806720
1128660992
1115815936
1094713344
1121320960
1126105088
1102053376
1117388800
1128792064
1110966272
1121189888
1129185280
1122631680
1121845248
1117913088
1131479040
1126563840
1124859904
1127350272
1108869120
1131347968
1127809024
1119617024
1115947008
1093664768
1131544576
1113063424
1130889216
1115160576
1122893824
1129971712
1114374144
1109917696
1131806720
1110179840
1103101952
1126236160
1125580800
1131937792
1121058816
1128988672
1126694912
1109131264
1128988672
1118961664
1106247680
1125842944
1093664768
1103101952
1102053376
1124859904
1124139008
1128005632
1105199104
1118175232
1127284736
1130168320
1122107392
1110179840
1090519040
1090519040
1096810496
1125842944
1127677952
1118568448
1127481344
1107558400
1129971712
1119223808
1118306304
1122631680
1111490560
1125974016
1092616192
1119223808
1073741824
1111228416
1112014848
1129709568
1113849856
1131020288
1129644032
1125122048
1129906176
1112539136
1112801280
1129840640
1082130432
1124532224
1119748096
1119617024
1115815936
1121058816
1124597760
1130758144
1126170624
1109917696
1127874560
1126498304
1128267776
1124663296
1119748096
1122762752
1129447424
1121320960
1105723392
1129775104
1129644032
1131151360
1122762752
1125515264
1130037248
1131479040
1130627072
1127677952
1131151360
1101004800
1125056512
1126629376
1128988672
1132396544
1129971712
1117913088
1117126656
1120927744
1119748096
1119748096
1077936128
1118568448
1123024896
1122893824
1129447424
1127022592
1131216896
1127153664
1130692608
1096810496
1102053376
1127809024
1120927744
1116995584
1130233856
1120010240
1130758144
1121714176
1103101952
1125122048
1110179840
1118437376
1118306304
1128136704
1077936128
1119748096
1130299392
1131610112
1127546880
1122893824
1114636288
1127415808
1117650944
1124597760
1129644032
1117257728
1108869120
1129250816
1123942400
1086324736
1125908480
1118699520
1132331008
1128005632
1111752704
1115684864
1086324736
1128071168
1131085824
1132068864
1101004800
1128923136
1106771968
1129381888
1126563840
1128792064
1108606976
1110966272
1124532224
1103101952
1128005632
1128988672
1113849856
1124270080
1101529088
1113849856
1130692608
1127153664
1130496000
1111752704
1124597760
1099431936
1114112000
1131610112
1123155968
1119092736
1127743488
1113849856
1102053376
1132199936
1118830592
1131216896
1108082688
1118830592
1117388800
1121320960
1121714176
1127809024
1115422720
1131282432
1127153664
1117913088
1130692608
1121320960
1113849856
1117126656
1126825984
1121845248
1131544576
1120403456
1127284736
1115815936
1086324736
0
1125711872
1131675648
1128464384
1111228416
1099956224
1116471296
1130496000
1122762752
1119748096
1125842944
1112014848
1131216896
1132134400
1113587712
1131413504
1124532224
1130496000
1118830592
1111490560
1099431936
1125122048
1109393408
1129709568
1114898432
1126563840
1130496000
1124794368
1117913088
1130889216
1118306304
1132134400
1125908480
1128398848
1131020288
1088421888
1120272384
1110179840
1122107392
1082130432
1131741184
1107296256
1112014848
1123942400
1116995584
1129250816
1125842944
1082130432
1125187584
1115422720
1120403456
1086324736
1127415808
1122762752
1113063424
1121189888
1120141312
1125777408
1126891520
1113849856
1118699520
1130954752
1120927744
1128595456
1127415808
1130889216
1102053376
1106771968
1127022592
1127809024
1104674816
1118306304
1118568448
1129906176
1104674816
1125122048
1108869120
1082130432
1131479040
1128464384
1107296256
1125580800
1116471296
1128136704
1082130432
1130692608
1073741824
1086324736
1126825984
1082130432
1128202240
1132134400
1130496000
1109393408
1129840640
1128923136
1130823680
1131741184
1125974016
1115947008
1099431936
1121320960
1125122048
1127612416
1132068864
1127546880
1128726528
1122238464
1103626240
1124925440
1132003328
1121452032
1128333312
1123680256
1127677952
1112014848
1130233856
1086324736
1126760448
1128792064
1131151360
1108344832
1129185280
1101529088
1119354880
1132331008
1114636288
1112014848
1115422720
1131347968
1102053376
1124728832
1120927744
1132199936
1118830592
1130037248
1116733440
1125384192
1128398848
1106247680
1119092736
1127153664
1124532224
1114374144
1110966272
1127612416
1132134400
1120796672
1123155968
1124859904
1108606976
1128923136
1124335616
1108606976
1104150528
1129840640
1108344832
1114112000
1124597760
1127546880
1112801280
1131610112
1132068864
1103626240
1132134400
1130233856
1114374144
1131413504
1120534528
1132068864
1116209152
0
1091567616
1119485952
1111752704
1118568448
1125974016
1127088128
1110441984
1127088128
1129054208
1131282432
1131020288
1126498304
1128529920
1115160576
1132199936
1105199104
1098907648
1129447424
1125449728
1129709568
1108869120
1109131264
1132265472
1124794368
1113849856
1129906176
1114112000
1127415808
1124073472
1131479040
1123287040
1124204544
1116733440
1110441984
1127677952
1127874560
1130102784
1130299392
1101529088
1128792064
1105723392
1129512960
1124990976
1126039552
1103101952
1103626240
1128792064
1128333312
1100480512
1123549184
1120272384
1128071168
1118175232
1128792064
1121320960
1131479040
1117519872
1077936128
1111228416
1127481344
1131216896
1116471296
1122631680
1124335616
1127088128
1125842944
1113063424
1113849856
1116471296
1114898432
1127153664
1132199936
1111752704
1132068864
1125515264
1129447424
1130364928
1111752704
1086324736
1121583104
1108082688
1128529920
1123287040
1125580800
1108869120
1126367232
1126301696
1129971712
1129054208
1121452032
1131741184
1129447424
1102053376
1126039552
1132068864
1123549184
1129840640
1127546880
1127874560
1130168320
1117519872
1132199936
1128398848
1129709568
1126301696
1110179840
1112539136
1128398848
1128333312
1107558400
1124335616
1127809024
1127481344
1123942400
1130168320
1120927744
1122238464
1101004800
1107820544
1120141312
1125777408
1125515264
1131741184
1128988672
1130758144
1127284736
1128595456
1127022592
1126367232
1130037248
1115160576
1127546880
1128267776
1121058816
1132199936
1108344832
1119223808
1125515264
1121583104
1120796672
1125253120
1126498304
1124401152
1119092736
1129447424
1124401152
1131806720
1129840640
1097859072
1126039552
1119748096
1105723392
1129512960
1127153664
1122107392
1106771968
1128529920
1128464384
1130758144
1125253120
1103101952
1099431936
1132199936
1119485952
1118699520
1121714176
1130430464
1131020288
1103101952
1119354880
1131872256
1126105088
1127481344
1131937792
1117650944
1123549184
1115815936
1115422720
1097859072
1088421888
1118568448
1106771968
1131347968
1120534528
1130037248
1125253120
1125056512
1122631680
1129906176
1110441984
1121714176
1123549184
1128071168
1099431936
1129119744
1128923136
1073741824
1094713344
1116864512
1128595456
1105723392
1108606976
1128923136
1124794368
1130889216
1127481344
1124728832
1129906176
1119485952
1130561536
1102577664
1129971712
1127350272
1123549184
1120796672
1124335616
1126236160
1107558400
1128136704
1124859904
1077936128
1086324736
1126957056
1122631680
1123155968
1127415808
1131806720
1120927744
1120010240
1115815936
1100480512
1127481344
1127219200
1127219200
1091567616
1100480512
1126760448
1131085824
1125449728
1128464384
1119092736
1109917696
1117913088
1125122048
1111752704
1117913088
1130299392
1112276992
1115422720
1115684864
1122369536
1130823680
1129447424
1125253120
1127284736
1118699520
1095761920
1126301696
1126432768
1122369536
1127088128
1117388800
1130168320
1132199936
1125580800
1131544576
1130299392
1115422720
1126039552
1131020288
1129512960
1123024896
1124532224
1118306304
1113849856
1125384192
1119748096
1100480512
1082130432
1065353216
1126760448
1115947008
1130496000
1128464384
1131282432
1122369536
1129512960
1124990976
1127088128
1127874560
1124925440
1129840640
1128333312
1129185280
1125711872
1131610112
1126432768
1119748096
1117782016
1108869120
1129447424
1120796672
1127088128
1127546880
1125122048
1132265472
1119354880
1114898432
1120403456
1114374144
1127874560
1128726528
1125318656
1109393408
1112276992
1120272384
1128136704
1121976320
1129381888
1124204544
1077936128
1124728832
1126039552
1132068864
1123680256
1128136704
1127415808
1082130432
1131675648
1125122048
1128660992
1124597760
1130102784
1097859072
1090519040
1108606976
1113587712
1120534528
1129971712
1111752704
1109131264
1124728832
1125056512
1106247680
1130364928
1124532224
1130954752
1124859904
1125646336
1128005632
1118175232
1115815936
1122500608
1132003328
1126170624
1120927744
1101004800
1127022592
1108082688
1124925440
1101529088
1122631680
1132199936
1129381888
1126760448
1132134400
1130430464
1113063424
1132331008
1117650944
1107820544
1117126656
1114636288
1123811328
1123811328
1104674816
1130430464
1117257728
1131872256
1127415808
1131282432
1115160576
1126498304
1122107392
1086324736
1121320960
1126301696
1130102784
1112276992
1102577664
1120141312
1130364928
1127874560
1115947008
1122500608
1115422720
1101529088
1128529920
1125711872
1095761920
1115815936
1102577664
1096810496
1124204544
1096810496
1118830592
1131413504
1126498304
1131347968
1131675648
1123680256
1104150528
1131872256
1101004800
1131020288
1119879168
1096810496
1084227584
1082130432
1122762752
1103626240
1129578496
1124925440
1121714176
1130692608
1126957056
1122107392
1117388800
1107558400
1132199936
1129775104
1107820544
1129971712
1119879168
1130823680
1131806720
1117257728
1101004800
1127809024
1128464384
1126891520
1127219200
1128202240
1130233856
1129447424
1125777408
1126694912
1130692608
1127153664
1126367232
1127415808
1090519040
1111752704
1109655552
1131282432
1116471296
1114898432
1132199936
1129971712
1126301696
1086324736
1129578496
1121189888
1126760448
1115947008
1119748096
1119223808
1116733440
1129054208
1131085824
1124401152
1120010240
1126891520
1117650944
1130299392
column 1 3000
1061687407
3207791880
3217587491
3200935429
1023605392
3213921289
3185048033
1054777706
3213292411
1018773330
1063482062
3215029914
1050244975
1031649500
3207158898
1047596823
3212921328
3192168719
3216998788
1061720929
1038553849
3207870386
1065558391
3205316829
3202345237
3205036293
3189522549
3211184227
3203893825
3213310579
1067353959
1060882919
1001230869
1059913659
1067735337
1068040383
3197747669
3214721264
1042543801
1069600391
3196508003
1058282123
3197812526
3214649650
1074360288
1057010979
1073379985
1068839293
3187345593
1061708695
1064938901
1046912671
1061451750
1056034153
3201902081
1039092885
1053718384
3213162986
1057666953
1061341854
3194263688
3212833614
1052006921
3215417137
3192359197
1074626358
3216950101
1050090833
3208623549
3206093638
1066360797
1065915066
1058093872
3202656443
1064799955
3200007887
1023692686
3209033317
1049724593
3208899758
3200251134
3189630031
3211955860
1046193776
3214872323
3202178124
1074048854
3207192741
1068866953
1019227436
1072808794
1065556912
1039927711
3213268484
1034553195
1020008355
1047745849
1046257475
1070413475
1008255371
3221745099
3206185455
3217459034
1042385934
1049084271
3221567184
1077006202
3182642920
1066870229
3216173735
1052323617
1051432123
1075257851
1065488236
3222590909
3193654193
3212622863
3213997695
3211401639
3191471620
1055100103
1058172017
3196086124
3199769991
1068722746
3214863737
1051360893
1044323993
1049754419
1066682651
1057494703
3209721851
3198219766
3207853086
1073753116
1062841590
1065455443
1065855516
3204743209
3196018685
3183979352
3184216143
3184779375
3225556187
3218912930
1057223772
1048242528
3206368436
1063954753
1060016925
1055714955
3191776097
1066696945
1064104027
3222967836
1048938215
3211304100
1065919838
1068056327
3208502057
1053305602
1072697766
1072380015
3208408550
1071985158
3215662241
3214735846
1071017069
3208690374
3207776397
1064629734
3209306921
3213971811
3220658331
3193872207
1074077067
1072681417
3213024255
1048654312
1060244956
3220719937
1070323178
3221336985
3211654934
3192058601
1045886266
1034274940
1063005987
3172309690
3214480434
1058045278
3219958622
3209415599
3214486630
3200059760
1065354470
1067969552
3205124491
1062441486
1061267088
3182330300
1052305097
3211778633
3205229360
1058629768
1061063320
3216278508
3205957513
3199752805
3162445981
3222365448
3212931985
3197831415
3214146806
3171406043
3222912707
1074666062
3205470051
3211137928
3215283173
3198286072
3196878037
3213775149
3200906168
1062894632
1077369553
3214502611
3213969099
3210427318
1064805907
3221507266
3221455574
1065567585
1060145351
1033212574
1051813087
1071933452
1054156389
3197584808
1073206559
3214765782
1039650548
1071739103
3216645036
1068111446
1057779156
3208861538
3201766041
3180264284
1068744004
1067304630
3200295714
1049243587
3217657861
1056971090
3201013041
1047947678
3184001500
1060812673
1059213191
3209696395
1057289390
1065651699
1027144956
1062340726
3206422210
3214874135
3200250992
3210192111
3193690208
1062868101
3174258199
3214730527
3207642245
3210780508
1067692761
1070047372
1073878811
3197449973
1059561292
1068770392
1048930942
1065813652
1067561481
3190268576
1067969521
3221750640
3177342522
3214990455
3213635701
1051454733
3190232830
3217311912
1075105572
1063556993
3164815773
3193192958
1074913865
1073551090
1062001836
1050837347
3196261734
3198486613
3220214867
3213308463
1062453516
3194026461
1042365533
3204870324
1015770510
1032495631
3211442768
3208973968
1054207011
1064165580
3206983048
1072655075
1058224781
1072529429
1074860171
1052035887
1061526298
3200648618
3213385536
1043067416
1046891196
1051348911
3213164460
1061918445
1049216477
3181913106
1054295798
1048619763
1069046218
3218813675
1060677323
1066095287
3162875424
3222153513
3214898348
3197045063
3206023866
3203960541
3218263032
3217424770
1053498981
1067599646
3221850108
1064069952
1071843627
3198987036
3204833161
3196320302
3217453177
3207890368
3196273496
3195143865
1066263744
1053758689
3222390099
3214317013
3214351333
1044640684
1025565737
3210125482
3214734480
3209161676
1049074247
1055515759
3213270481
1047704157
3202093392
1057103176
1049199236
3214707079
1051438384
3221890941
3214752065
1073988564
3176563362
3198141708
1052661542
1065722082
1072840182
3203866969
3223378756
3199774164
1071666882
1063431793
3213417796
1059146156
1043113385
3207703933
1059206382
1063758124
1055393522
1071766180
3206608821
3189693386
3183493925
3204350394
3198854003
1047510294
1065019424
3227096702
1051495144
3213515460
3205995139
3179713858
3198017449
1048372649
1050198030
3190819872
3198407939
1072314821
1064427472
1069897275
1035608994
1074597427
1068022587
1036198488
3193898796
3215128597
1058304729
1074515717
3185217012
3225241269
3200243445
1070391083
1075003762
1043025331
1062396130
1050005095
3206526471
987466601
3188930739
3213214184
1061652300
1055177972
1070363653
3211501455
1056931710
3196460111
1069721246
3215952647
3205347256
3215043730
1069838199
1063304440
1058901721
3209483710
1069877529
3218917220
3206871978
1057568837
3205884096
1065290584
1076736080
1036289478
1068254042
3203008702
3213299223
1054933337
3210455464
1053040552
1043121681
1067232100
3208125805
3196383155
1067005992
3186782896
3197401978
1072311438
3211865944
1061678881
1072637919
1055877759
1058020220
1032697235
3211760613
1041221202
3211010806
3213148675
1066632646
1054319893
1037070851
3218436167
984198028
3193205686
3198970766
1058311221
1065997954
3206484068
1069452756
3192033542
1057902886
3172916516
3216629050
1067692567
3209441504
1049438863
1077248624
3196993031
3212555179
1057494543
1062775371
1046775432
1065875309
1045822649
1066715705
3216922280
1070919458
3214194600
3213019722
3177831231
3167247944
3214662223
1058844018
1057881093
3206816487
3201679583
1059077913
3214344100
3211864825
3218694488
1066116729
1070220380
3205450182
3188926895
3224975207
3212736606
3192189966
1066404529
1060241327
1040406140
3202465142
3211869350
1073901234
1070407207
3221968553
3207702797
3212343892
3201362964
1062839511
3218966441
1056871168
3207731146
1046192922
1069476612
3194785982
1070198592
3172359496
1059283715
1030475001
3208314082
1077726611
3216126894
3210241985
3194225667
1061558225
3208104593
3214189803
3189766265
1061049214
3215203536
1053261720
3205290036
1072598486
3222663562
3213462793
1039767573
3217360399
3216464348
1067193641
1075142559
3221608494
3213085147
3212847073
3202987105
3221437760
3206970967
3212470864
1050931824
1057161373
3217007608
3203881196
3214539407
3207183569
1067051447
1073536696
3221393849
3198553179
1071710909
3206148598
1074496672
3213760022
3210911222
3210288213
1058944316
3196801269
1061356855
3199371542
3184355433
1063810337
1068078312
3214101732
3212565065
1065400830
1066539779
3199768520
1062710348
1071140745
3206955943
3206060316
1075433515
1059010163
1077030273
1057983935
1015562672
3207631319
3206079875
3188185279
3207114433
3200857067
1042409236
1047791348
3213401644
3212945869
3217388011
3185818830
3207559902
3204491649
1052804200
1050438146
3196652150
3217112211
3210785731
1038595788
1046161110
1044148001
3223047247
1064218933
3196139903
3198637474
3220762119
1065241524
1075967527
3168225660
1068590267
3171532369
1039077949
1056986704
3163012666
1074338106
1066062784
3198024884
1061976089
3207729866
1043091333
3190346307
1064934947
1057231982
1047025031
3208765388
1045135557
1048906536
1069108181
1072642276
1033617214
3215148610
3218033098
3198378857
3213631670
3197039905
1040200437
1026689682
1067726540
3197658001
3208967641
1057562971
1038565196
3203158659
1065769569
3196445088
3216254439
1054290927
3205876333
3172143985
1063566826
3204408136
3213158836
3207970412
1039380924
1069105438
3195508913
1073912613
1032959084
1054542029
3200442318
3142560662
3215410285
3214054908
1067399048
3203270862
1046191390
3197701741
1052337954
1063002662
3205483565
1049634824
3201731091
1059432332
1066948189
3205545964
1059378270
3202059210
3199060573
1042346965
1062833789
3208707849
1057210819
1042132735
3216719076
3197151238
3222037021
1070694258
1060699875
3210567804
1058791455
3213880160
3174424748
3206584928
3207380019
3204028539
1066989952
1056449412
1061595604
3216058782
1066971817
1043301874
1056572196
1068707141
3214652056
1065522044
3208326688
3195938699
1061382841
1060524417
3188777422
3194017415
1048778559
1059831890
3220849603
3216163487
3212713984
1061751387
1070956598
1053034344
1062621782
1045859360
1058620333
1068139518
3210514661
3213362686
3210066774
3221806680
3200539838
1063923689
1051885953
1033544913
3179990192
3214776414
3212449569
1058315684
1049389957
1072111574
3177514020
3206738371
3206837411
3192546965
3182419621
1066926976
1066858608
1042156696
1058423081
1055082566
3197512962
1077522846
1058896672
3210594180
3213710664
1069080622
3207274852
3189505530
1059181731
1052302121
1055776759
1057187195
1059367769
3210685387
1060861791
1053184103
1048292953
1068720154
3212989573
3208175132
3203054339
1065547459
3210072260
1060678141
1044380656
1054203838
3209539003
1047242763
3197386074
3168799124
1073056166
3206440610
3196659422
3141659938
1064934851
3209909707
3216119022
1059907052
1054979561
3199491392
1040225000
1067628328
3182236968
3210054705
3202026029
3218409199
1058659936
1044749215
1047550422
1070654265
3194454305
3210658485
3206515576
1071434643
3205244574
1056819733
3213821883
1069373841
3200656362
3216375243
3220642454
3214843303
1066799838
3202230829
3222580579
1060468366
1050875589
1059034386
3198180371
3189103300
1012676205
1065872818
3223443372
3222540297
1045944422
3197494235
3210177300
1017836709
1048198150
1034235017
3206513842
1067625918
1040523624
3226103464
1041644768
1071591713
1058911414
1057398948
3199668622
3192954484
1066992648
1053382142
3216855496
1063810848
3217228759
3217645721
1063337990
3198623551
3209353376
1048032095
3186989579
1051207159
1045586052
3190975199
1075379523
3221842858
3209029877
3207814738
3223645446
1033229065
3192796890
3223152487
1028622823
3206699458
1034760083
3213070050
1037833541
1044479031
3205104851
3207322563
3215769801
3221707977
1065978175
1058832217
3166229305
3206280410
1064014837
1022069592
1047669662
3200095048
1056974187
1063369968
1068156136
3213512648
3213656315
1069639534
1058252237
1065894024
3221996227
1068087857
1066465241
1072466166
3203242111
1066850100
3213029263
1068641377
1046089718
1056266116
1067360172
1039187582
3212432442
1065261082
3169508156
3202449170
3195492028
3212142140
3221319221
1061692481
1063181558
3192663964
3192668905
1025769386
1066875973
3196372828
1029325292
3217288988
1068040089
3206066806
3216874894
3208521411
1040694357
1068281019
1066958707
3214492534
3210980126
1066109205
3205237221
3200149284
3210346907
1072321249
1061162272
3204878380
3190320296
1063624215
1057185728
3221512694
1048560539
3202701679
3193703144
3218144477
1067419414
1064085717
3218467519
1073368232
3204931563
1062228486
3214170499
1044793186
1050574895
1042594247
3210422902
3213966450
1060796364
1058062858
3210408933
3204585647
3182178724
1048749379
3212582794
3174870480
3221558782
1060306453
1068253642
1062888670
1069697708
1053672637
1069209723
3219373587
1046646028
1077842028
3212185784
1054317975
3215079999
3213306502
3199630134
1025992412
3203486589
3195117862
1059276048
1052362412
1057070519
1059949323
1066825348
3214114593
1065448446
1063588760
3171349397
3210905915
3211339558
3203710814
1054418049
1074355821
1046883979
3210522483
1047005409
3213593332
1069839429
1072571235
3175283006
3216953609
3212928941
1062391756
3187969572
1059511621
3218862855
1065760397
3213876584
1064349261
3197435594
1062991367
3206669170
1069989126
3205240915
1043955245
3212973953
1066669353
1056313622
3214013773
1062343700
1056919829
1053345550
1050998114
3205432305
3210655929
1026812224
1066910396
3209476184
3175592889
1065959496
1009665296
1072527131
1066016283
3204841691
1016797546
1061963572
1057686397
3210926359
3216935793
1055367222
3220846684
3220513272
1045096387
1069528483
3215749588
3216454419
1067541021
1054170290
3199663236
1061617402
3215748471
3204959074
1071619602
3221763173
3210417827
3199410652
3199755966
3204974458
1060844916
3217320329
1074744022
3208335565
1061725105
1029271339
3209466698
1047868455
1041693513
1072972929
1061714274
3216512677
3220607751
3176771146
1043607908
1061562473
1063356543
1066798237
3206692214
3190939075
3219157997
1072260098
3187597935
3211406932
3215368848
1063235017
1036409916
3204181529
3210916684
3205540175
3201783058
1073042115
3209811925
3219303757
3197798388
3189158786
3214054175
1058570733
1026721184
3216480945
3207698359
3198692047
3215159184
1053168346
1061653466
3217049126
1062284912
1059912093
3203348297
3210615821
1039312732
3186868432
1057373417
3193628855
1067823687
1057523992
3218098597
1059334783
3209661928
3189352994
3218915688
3223016922
3215301468
3216295710
3207673588
3221238712
3186066659
3222665839
3204165549
3198155852
1050847679
3193176773
1073234972
1058789929
3217504682
1067343977
1033460381
3217971267
1060521798
1060395305
1076642307
1057438769
3202813090
3214174710
1073827195
3214068288
1057281411
3210883158
1069234206
3215992696
3213813046
3187667207
1042551492
3180774718
3212996377
1060750024
3209345027
1063168713
1062059556
1047055649
3217281857
1057163200
3217878211
3213916550
1030362608
3212089815
3215381430
3202366052
3214314918
3205412046
1053520095
1057729789
1042400424
3218456172
1066891245
1067260506
1059260418
3194624025
1055850236
3178289438
1004453543
3222112732
3218577602
3205785534
3207966820
1070994574
3205086632
3204609344
3159916607
3209587699
3192796847
1072660600
3205908887
3208004954
3201152011
1062263213
1063924340
1067823661
3204662687
1053393045
1063245347
1070992698
3205565317
1066057610
1055329538
3201280223
3202040847
3210403164
1040589312
1067906399
3219766869
1049591647
1060753480
1070550700
3216403584
3184165529
1060145747
3213313209
3207139342
1062933967
1060056894
1032937927
3194687086
1058714380
1052444049
1074915523
3205522280
3214760224
1066153589
1047831879
1071656412
1073824002
3191137223
3205423475
3209564954
1061967657
3218179076
1035712856
1038985170
3214700281
1042947941
1067723035
1063331685
3213448546
1054039384
3211154564
3214338377
3214123280
1051135827
3186487485
1054615996
1066325824
1059588737
1071434250
3198173511
1055056762
1045352825
1044742522
1052533736
1044872343
3220154672
3181576516
1046892028
1053416122
1061297831
1065445070
3205992587
1050586963
3216307022
3206264480
3209323914
3201432064
3196209604
1070808141
3218346424
3196275239
3209568372
3211818405
3217047294
1059815987
3217790831
1041303736
1067730295
1062188419
1060088631
1048991941
3197103693
3204072588
1047655351
3207633996
3214333903
1031476359
1066462369
3154979813
1069881673
1067799244
3197659040
1068137848
3210887394
3158503860
3178703279
3206939052
1043626111
3183489337
3188320803
3211516457
3204515155
3187408764
1057208129
1054736897
1070271630
3202845338
3219908265
1049685393
3213189683
1073817325
1068505528
3210139078
3212346442
3189585740
3214110821
3160838390
1065944557
1025305242
3202422173
3207429095
3198902123
1066248529
1061373306
3195753171
1057780660
1064601345
3221718491
3200476595
3189364042
1065788249
3209417334
1057347156
1067591296
1079331301
1051829491
1059194874
1049823972
3221685358
1044225254
1065122937
1060297846
3205835410
1054958035
1063297522
1059289038
3198774272
3198742179
3160111441
3180606916
3204848393
1061196282
1066354450
3199584511
1063150865
3210890628
1062765477
3181328829
1069512697
3219888273
3203246137
1059593104
1066438767
1068360512
1066296164
3213288292
1062997991
1041686522
1064401253
3195192533
1065388933
3212862667
3205022815
1055717921
1073900066
3203191507
1073158216
3204779617
1059893447
3207313867
1068699784
3212265226
3188235909
3198588174
3151620217
1065896199
3203853052
3213778549
1076262978
1069316329
3219068919
3210038019
1051251460
3216167404
1058864519
3210619885
3216861432
3213323665
1039152554
1024763742
3211583667
3196946653
3216810137
3200527885
3201143736
1046481747
3212828247
1057557448
3224936430
3225398387
3216877807
1033254286
1061875098
1064829236
3218940504
3190838944
1060332580
1058264899
1060094225
1067538209
1049384618
3200553431
3220532320
1059353272
3207282453
3213361809
1074738342
1035424101
1071728249
3217353101
1070549210
1051632511
1056551610
3206973820
3216931996
1048051551
1028218709
3203801809
1071896141
3214491837
1058823588
1055876739
3193883803
3219710054
3208576782
1062569901
1066728100
1063588542
3175829574
1038931433
1053220725
1058291510
3218330574
3199535503
3180824047
3217218654
1064488174
3204046362
1058472526
3218993365
1044995906
3216361016
1047361226
3198140313
1032701043
1065958930
1054431664
3193130049
1070397306
1069674550
1065125901
1048907633
3218337757
1072604225
1057243322
3204540694
1066498257
3205962092
3212083347
3207823588
1059187484
3216490844
3209545673
1039782094
1059495475
1069019872
3212945774
3210904901
3215165765
1069085650
1056925403
3217844922
3212754329
3207092055
3194960351
1051231174
1059140736
3197244056
3204630842
1065974662
1065370622
3223464516
1023660547
3204758798
1073070986
3189825822
3218031568
1070580965
1069837873
1062585138
3200259630
1065068949
3222340447
1061621983
1048699206
3209614633
1057672655
1062309618
1072691693
3217189758
995059821
1041499291
3189880931
1054178546
3208509462
3204251116
3205033728
1074480331
3200096809
1065968202
1065386049
1038446202
3216432711
3197472724
3202592135
1062758007
1069035208
1046704920
3212598183
3206811258
1051215659
1054321200
3213684210
3206732507
3210193571
3196457674
1058024906
1036051457
3211552280
1049852773
1064513464
3222798155
1069996361
1070080126
3201894209
3214236088
3195291856
1055792556
1026803170
1046842539
1073402430
1042747450
1068758060
1043307988
3189337235
3204069615
3195247116
1067752964
3212023864
1073092993
1050868212
1046663049
3196728348
1000642766
3202577531
1039370124
3209225540
3218876440
3202914429
1060951121
3162912731
1028026994
1058697378
1066533072
3216935020
1057544161
3194144608
1070489315
3206335941
3207971181
1053691586
1069464707
3216616142
1059710420
3218221278
3204494811
1050900223
3205305985
1064531024
3211211672
1044538913
1058318794
1070817001
1049934858
3215063048
3212487937
3213291960
3215792400
1050082735
3214305777
1067923032
3215932244
3196924334
3208525318
3199925094
1058596866
1062877226
3210735053
3210680987
1069858332
3223992016
3211699921
3207220521
3212300883
1056202504
1060034439
1053392449
3174393010
3217519345
3198044425
3204750189
3209840365
1032102123
1068337944
1065765958
3215592925
3215664165
1071924228
3208781740
3206312729
3181646320
3191294318
3198463960
1034659686
1070065282
1058033119
3215535320
1068244479
3179613300
1038903725
1076075826
3214098459
1065751904
1070058197
3195368170
1055909624
3215987090
1053252544
1063469109
1069146321
1072918642
3201604998
3207253136
1070021076
1074260683
3212209982
1043399222
1046677670
3193630541
1061803020
1065101336
1072328754
3204855983
3191948213
1035392485
3188358113
3182358112
3207285934
3215709125
1021305382
3206787553
3206413617
3206945961
3192318006
3187236792
1048892426
3212633315
3196698337
1055922164
1069431728
1057218405
1052125163
3162631627
3160469183
3190843660
1039158734
1060462285
3216391325
1063976773
1069422417
1067504634
1057034279
3201721637
1056829941
1064525977
1067383514
3197972313
1053845649
3198339719
3200341178
3212062175
1007878514
3189191518
1061231265
3211699226
1048929033
1051250029
3204681378
3219380817
1058425449
3215747667
1068405283
3159903029
1064991336
1065814522
1074606751
3185819018
3216812646
1064812944
1058409431
1056236264
1068977681
1060469673
1034205788
1054304517
3179900978
3222271536
1058105720
1060421928
3216495281
3214268948
3205304824
1050672006
1049077100
3222642055
3219080798
3205684422
1063475155
1068597257
1075005466
3207025069
1045951900
3172448763
1062253675
3214724263
3217311014
3197037992
1066975179
1061868520
3202711733
1041685304
1060992431
1023924039
3192721189
1036052942
1063146554
1061510166
3188141010
1060371600
1060604036
1054875509
3181142725
1065523552
1037411573
3205290462
3157533578
3188990003
1072160928
3213286559
1053197644
1068558813
1067250446
1050506010
3214159279
3180006582
3190746066
3206569075
3202389827
3209214439
1062825884
3211829198
1061029132
1062554938
1066388417
1062212046
3210249719
1044488854
1059979709
1070720719
1058094946
3214454605
1063972940
3192339880
3210063512
3212717084
3201807614
1047733707
1020832974
1045508960
3215237072
1060414334
3201795015
1060196278
1042268632
1056029832
1056693094
1049807686
1038910685
1063347127
3229234679
3222192408
1060256907
3214492764
3198090429
1069328209
3223260692
3211315254
1057351831
3215704536
1033362859
1061466785
3187394641
3222653545
1066206851
1067499918
1054489503
1066227867
1055818158
3203676208
3220955211
1048967733
3197193999
1013604717
3208025469
3206421800
3219394795
1033696828
1069530636
3213696267
1059539516
1071604668
1061772626
1069864404
3184508551
1058135342
3217574749
1048639447
1057201029
3188487919
3205185886
3188894784
1054440783
1067145289
1041353868
1070638579
3205419722
3205609745
1055935448
1067715652
1057448811
3187056379
1061291516
1046708382
1048200467
1073968180
1049940070
3218429260
3192122844
3201443653
3165979115
3213951745
3207830979
1059022720
1064963056
1050134217
1059465499
3211950839
3201821644
1071655692
3208810236
3167116711
1062452627
3183590193
3220446091
1056104980
3208325139
3213145695
1057375166
3215999462
3193442522
1055473627
3213627378
1066481557
1070188856
3205551750
3193451462
1043634770
3196290700
1069047577
3213074391
3216043274
1067529371
1061690967
1057383935
3200167421
3204534762
3188050610
1065764239
3209664562
3184420775
3194437963
1045348436
3191480767
3196001309
3223328164
1043242747
1056538725
3207267609
1056327856
3215484796
1028904112
3206218219
3204598126
3198725217
1053519088
1067435064
1049861496
3213700052
1067799325
1073304121
3177518315
3187900792
3197997033
3208140072
3208492293
3162208518
1064424343
1054591728
3205591077
3199786822
1051690876
3196416462
3183009527
1062476643
3216862451
3213975063
3211645235
3194801238
1025598514
1064685210
1051317877
3212254823
3211956179
1066653222
1044812614
1063435002
3191465050
3213314571
3201129847
3214568694
3194687615
3208266126
3211338400
3217913046
1052471134
1061394427
3208205318
1062291750
1059357542
1077093041
3193916446
3221681673
1053276114
1079076791
1051689323
3163971577
1073565380
3205713019
1058659148
3147042668
1049327808
1060828677
3203224991
3214642850
3189126517
3216875910
3182493185
3191336588
3188669746
1057490442
3209545079
3193910210
3218378592
3213929610
3147472586
3196196416
3189367127
1042909518
1071713711
3217978519
1061423398
1064692531
1052516665
1052076944
3218041340
3199016786
3218787460
1071970378
1053536731
3204472614
1064094566
1060062424
3220200786
3194137267
1053681823
3207965934
1035518447
3204837430
1062414862
1061047079
1061443211
3213223090
1063647041
1058126812
3208768727
3170156283
3202564583
3190015562
3202659525
3210423043
3163732302
3214909173
1045695700
3214506525
3214616872
3201313155
1049864784
1074040013
1073083611
1060556890
3219576202
1054802887
1066445616
3210479896
3198747422
3211309886
3225389878
1049867257
1048693169
1039008813
1042954668
1038403466
3210203008
1075276925
1046522787
3206578292
1062827627
3206872426
3211734953
3211336419
1063918617
1067714410
3207758732
3206081681
3178840758
3183324113
3216255642
1057625426
1060630613
1053300300
1060586926
3197632615
3195377555
3198286953
3190973066
1045559452
3209078294
1047526679
1026461982
1048406702
1038261662
3178607203
3207674604
3224007186
3216763507
1065764255
3215913169
1068871497
1068935019
1058431863
3209607670
3215450212
3212498437
3214489134
1046724265
3205303724
1067208240
1075258550
3218187870
3193601314
1067169444
3208661130
1066832729
1036115534
1049823135
1040536632
3198098328
1053223331
3207355275
3211711806
1066256213
3210843708
1076041326
3201912426
1064008525
1043207734
3221671203
1056340362
1058498696
3221698725
1072643428
1063364609
3204653289
1063861906
1051291074
1074782851
3190584732
3214389721
1069262102
1056721206
3215016234
3207322643
1054371908
3210420128
3187567854
1065950828
1067735657
1043774699
3208058786
3221298162
1062880172
3214848520
3214375721
1074208644
1064379092
3201368169
1061856057
1043570490
1074174670
3206936545
1025556450
3205959010
3201356189
1053276081
1076667615
3201796188
1058488144
3210763778
1066344290
3169358752
3188555757
3210761549
3212938789
1047987876
3212605923
3201608623
1042883554
1059792000
1066885221
3218400990
3223000369
1060221246
3206698988
3222199603
3212475933
3207162343
3216230869
1050697645
3167747390
3205079277
3205104271
3211215569
1057293930
1050101481
3200448545
3214309905
1057434064
1069978631
1064958661
3205520130
1064391470
1061798640
3202263819
3216048091
3201527514
3207947815
3194043014
1071521312
1056102912
1069336141
3198815199
3215199070
3216560413
3180781040
1066073508
1053580324
1072287860
1072208976
1065942377
1058347011
1067164420
3214383643
1048981008
3209943365
3172359639
1051255521
1068048068
1075813203
1067320864
3210380219
3226094509
1008138549
3201992524
1056875356
3203496756
1061488033
1066439399
1041445682
1060838843
1042002270
3207202845
3220467745
1053154545
3186060767
1051402656
3193846728
1048198990
1061019749
1025185744
3189319574
3196044170
1072858218
1068873616
1069250531
1069278884
1052012158
1065125738
1056888770
1074288253
3216812945
3199542482
3188862655
1060682877
3182693145
1057935794
3212882469
3164538725
3216426085
1068775098
3190883405
1051132996
1028955978
1068880211
1048568242
1073960028
1048164572
1052514146
1070590518
3207943643
3199719898
3209581409
1055215923
3211606068
3206004641
3181181021
1053281575
3210296612
1066539191
1070325248
1064623253
1052180607
1044735044
1054385783
1049207735
3196794417
1067798310
3211403646
3200608035
1068644435
1068113514
1066580423
3164729724
1067702158
3203835433
1060598075
3197545575
1065454986
1067552187
3188561663
3221762871
1055732560
1063962414
1055368707
3211963118
1060123022
1041639207
1059046618
3209920493
1055569280
1057285088
1073257623
3203497016
3207202799
1065974231
1067944288
3207832722
1064123208
1057896264
1073377863
1062173055
1052200235
1047733044
3217315742
3210591472
3202074374
3216652276
1061481093
3211232071
3212748658
3182775601
3213851178
1068946000
3195809102
3188596310
1041183363
1060722781
3175583015
3151912694
3202582001
1068329214
1051288916
1059740448
1063954816
3183474080
3171114143
1038942911
1046400876
3197626412
3198755294
3191878104
1075688980
1054342018
3206101409
3207941722
3204805284
3219292905
1058605715
3196729321
1060022782
3222884363
1074599347
1071763651
3198204960
1063955282
3200079217
3210386829
1052190697
1057988756
3206123144
3213175428
1065246382
1065275179
3222433540
1074286541
3197891579
3210016045
3200477219
1059257325
3180903513
1060603557
1063933339
1069908751
3198085625
1035530413
1002738445
3202195108
3212027939
3219590131
3205354641
1066166255
1042740149
3198685495
1067777547
1061580189
1060006872
3215883720
3199522680
3187216581
1068929176
1061739415
3202499609
3221592400
3174855791
3180239362
3199780834
1070355152
1061351709
3215551939
1071507091
1075096832
1073725699
1038602144
3212994208
3215576324
3214594019
1054827554
1061077320
3203012025
1058742150
3193825140
1010407324
1032890122
3205674303
3156363284
3186640755
3200139257
1058962894
3220400599
1014143443
1047594154
3201262463
1036014432
3197782548
3213863530
1058587378
3188405743
1069580036
1050395310
1065085681
3221524771
1043776876
1074215100
1060805875
3208753756
3193533848
3214597132
3220449577
1069223935
3207383164
1073742630
3210666404
3216542222
3196690502
1074852468
1064515068
3197750510
3196518165
3204591680
1066367295
1076095870
3211939892
1075723550
1047990130
1059649067
1055665335
3209748691
1060947427
3205870992
1043687456
3217116589
3178580805
3188274286
3214511343
1059553802
1056350599
3171212921
3220576447
3220040185
3202298947
3203001641
1068587134
3221733092
1055685018
1061553058
1068761947
1073829688
3197986058
1061967627
3213471852
1068626961
1065199645
1068792274
1074868350
3209551280
1057718912
1069356929
1072978462
1018341101
1066436137
1051122373
3208978746
3163908813
3205661188
3211815761
3205234783
3181051149
3204723619
1063181975
3201502100
3201244793
3198293129
1054220833
1075936448
3218946709
3213421314
1059298227
3211803863
3200497105
3216675849
1050736092
3196660695
1058640591
3213899741
1064111452
3217734707
1063782400
3214068148
3208954427
3185993954
1049725408
1066542017
3215373001
3205979067
3218518751
3207343622
3193118712
1067152286
1070889562
3202445539
1059583030
1054921225
3205230758
1060043643
1058047660
1036858965
1071495988
1066957928
3205411196
3180640110
1071255497
3213513547
1067390148
1067341144
1070454987
3192420467
1064427243
1058641784
1058303077
3218823829
1068426397
3190352006
1062632263
3192244453
3195746872
3204292022
1066760898
1033528849
1028489037
1070091583
1055980673
1063356112
3211062486
1071296118
3219025755
3215456739
1041352309
1039298829
1060140800
3203996218
3201406125
3208468146
3209356446
1003923602
3210698320
3214031824
1075619592
3209343116
3214960679
1071321474
3202605587
1056827936
1025997256
1064094860
3193600612
3212184048
1058438161
3210344398
1063876621
3171301957
1057057473
1068670091
3214154081
3209940120
3204825902
1062447044
3206781312
1063858340
3204728111
3197850209
3156108427
1073681193
1066001741
3215193124
1057744072
1065404580
1059772882
1062267524
3199395685
1068862932
3203433527
3209029925
1074418129
1066146489
1061076144
1053204231
1064072048
3190690670
3185576559
1053267647
1040796100
3198784164
1051711362
1049504648
3175226860
3204858891
1065719426
1058783598
1067728228
3178812230
3204350968
1052031826
3187053916
1075035744
1055398455
1065620297
3212928914
1066705589
3188476509
1059959794
3183112686
3214580260
3214469562
1055639988
1066068956
3212086097
3190932833
3218419413
3213384239
1064679501
3211947291
3218834350
3195353147
3213985157
1074019196
3212782473
1065850708
3205988586
3210486743
3218583334
3215745613
3208378218
1049032317
1061892746
1071142365
3200936386
1042019030
3198122197
3206025381
3213540775
1064845683
1050294149
3205084934
3215348530
1045924940
3198907794
3203168892
3204986560
3221524151
1056364659
1059916738
3212563639
1056275597
3216177999
3200487272
1068176599
3188647658
1066402179
3215896564
1073998687
1033684367
996932467
3213729594
3198033604
1044688455
3205369186
1035079586
1068200353
1068274741
1065803988
3210393715
1048665761
3176210624
1069143284
1066077337
1049373584
3220318050
3184489598
1067713097
1053993846
3205468514
3178321190
3216560175
3218790267
1055179979
1060397911
1053718585
3207106138
1041132966
3217808690
1056764321
3213049339
1037069584
3216027408
1066183611
1062394621
1058034168
1058770577
3208480745
1061030310
3204477704
1062595144
1058765623
3195598354
3218848718
1057606848
3198116450
1023002032
3212530169
1069576778
1041874463
3189443536
3207674350
3147690956
3207953484
3184827032
3205453776
1057101886
1075145507
1034130578
3212658270
1055860876
3205428165
3215609517
3210479197
3188587473
3204084333
1065609806
1063420755
3213161182
3216691419
3210695548
3179110520
3216503521
1074200819
1071715410
3217407135
3210188925
3202343076
3210671286
1061281210
1066992985
1042444510
1047258044
1045346642
3203024322
1060381534
3205308378
3216115692
1059059403
1069303743
1070943549
3184365821
1060798641
1062244742
3204717624
3185560525
3221499640
3214211284
1071096257
1055390161
1061712746
1067462462
3203015266
1073966250
3190445203
3215634870
3215709361
1050907031
1036799743
1070620085
1065934459
1056309603
1066270411
1027508786
1032063752
3222790564
1049525438
3213513901
3195350290
1065629238
1062354762
1062060411
3210229522
3208579389
3205868536
3216626009
1050698044
1067486847
1040038225
3179984957
1056284908
3212813681
1065424705
3210116529
1036498513
1054089578
1057427586
1073142181
1059139433
3222354294
1061835517
1066491886
1065317411
1070654605
3206441445
3223555131
1063011929
3204713711
1055443860
3203008106
3212328827
1006178401
3207864117
3208179256
1062607304
3203327867
1034114523
3207372911
3215537968
1067127581
3189997191
3214915533
1056101283
3204422817
3204386770
1059949280
3206769047
1057705150
1066247009
1061882976
3206478684
3221433943
3185282992
3149673543
3196241752
3220068751
1041874391
3206999354
1036523855
1073565986
3161306439
3218608276
1067174760
3214465630
1047866039
1051891590
1075765235
1065418219
3216815644
3195982111
3212576700
3216840430
3198474972
1051366672
3189807345
1055587753
3221386673
3211755328
1036720497
1064616353
1060995852
3144735826
3167072659
3200314642
1057997411
3204639940
1062189365
1062915599
1066197539
3212743630
1059083441
1052068833
3207840969
1065741299
1061319155
3211945077
1060102036
3183812553
3198191286
3213537162
3207272154
1057209690
3196712742
1063583908
1022789960
1058200784
3189991525
1077629080
1049391500
1026841726
3197280179
3220319074
1059779783
1055148428
3213567295
1066328950
3207530481
3206083394
1057341140
1065038009
3203921858
3211163315
1059791631
3197261979
3180535027
3196763570
3212065141
1056283733
1073570291
3215318405
1065378139
1053400652
column 2 2500
1078081571
1044398841
1066034175
1033067875
1058988960
1087158413
1059868703
1042264590
1066623375
1051525593
1056827423
1064492696
1041031657
1072896977
1092098985
1053946742
1076161075
1036588576
1049271514
1033355115
1078333671
1069280782
1040483913
1074465690
1102286704
1080716442
1038479954
1039074377
1045117199
1065550525
1033789194
1070502367
1108008151
1058110649
1074072452
1060921542
1043903332
1050046523
1020609771
1043413672
1037957687
1093366850
1072031951
1050163767
1026245758
1062309873
1071761530
1044903884
1043131412
1104237492
1018660184
1077597296
1016470425
1060703708
1077543821
1055601639
1055662330
1034748199
1076643552
1072009924
1062008636
1067695232
1045109602
1060416395
1127373361
1091291996
1025555308
1055955325
1033057690
1061328173
1054037229
1067882416
1062879016
1066610897
1048843431
1062342757
1048768651
1052013890
1046091758
1083571496
1035028883
1044310180
1065464080
1040552177
1056076974
1067151036
1023125206
1046129994
1081809516
1051240020
1082373124
1047045256
1066161288
1076898504
1044165854
1079826320
1087872891
1061789365
1070774518
1040827272
1041347454
1051148494
1045090502
1043074097
1028002764
1088403434
1082007199
1058143627
1054024970
1044766057
1050534840
1069648787
1037493147
1068668737
1063724799
1074410008
1052299963
1054108423
1101567972
1048997238
1099482625
1069499989
1029804733
1066767143
1027760448
1034265079
1032226516
1052095494
1021299653
1049779243
1086573863
1063778094
1074177755
1070015719
1075981459
1073414709
1074935736
1072091859
1065937319
1070393849
1008942805
1049161940
1096752784
1081965776
1038233582
1091284443
1084395967
1102927412
1107371754
1043900386
1091251378
1058382681
1070900678
1058128404
1052422310
1074434591
1073003627
1070832796
1066524167
1007693165
1086222307
1075272021
1105935037
1075081370
1072576177
1041836023
1016974270
1094500977
1043501375
1067822307
1094439964
1035185813
1039185372
1064928988
1040290673
1070678999
1107810741
1077480225
1092747437
1034689193
1059244999
1060010857
1114477341
1065354209
1100527968
1068483067
1062298499
1094162532
1041043480
1048724637
1082251634
1050343020
1061983331
1097920797
1093690997
1035736191
1053258891
1070045360
1069374180
1086720166
1075536979
1118389353
1073387711
1054936966
1035618032
1067185053
1076879810
1020984510
1053996793
1060108325
1056810891
1066557491
1066481259
1079004548
1063461041
1067492518
1050811966
1063488854
1067985208
1089248179
1060349741
1082988978
1101810549
1059044962
1070314750
1049791338
1067155359
1121737440
1057891831
1073920513
1029565365
1062967025
1071023629
1074437607
1039115476
1122589788
1064887802
1011877058
1044391018
1059112239
1040090281
1052294896
1034592619
1042223072
1113309727
1041313186
1049211877
1063852171
1085560275
1073826643
1066854686
1098841047
1042572066
1042020921
1043796844
1040103358
1084091236
1065692440
1049663724
1099106881
1077614401
1048944274
1032384272
1080548660
1107997603
1074940370
1047232371
1019956749
1064319503
1075591840
1073165570
1065594076
1037154227
1079793597
1059524739
1054741629
1087923176
1070139954
1078483485
1025692898
1081970237
1071603568
1075335184
1100055689
1097309542
1076324141
1067273607
1059196859
1108715906
1046260828
1039045788
1034607176
1089210043
1112964656
1068442318
1095944323
1066852872
1041382702
1072182405
1132929926
1027639612
1032441028
1083365834
1050254919
1039347249
1063324905
1121019088
1059173206
999275368
1015089225
1057329250
1058307225
1069353758
1041644155
1062186098
1039255139
1086730114
1059129438
1062703767
1068342997
1048718904
1061487258
1027266440
1051414768
1081592947
1048286127
1070501176
1068182708
1081785258
1094904492
1046342066
1106841632
1044454498
1071208525
1079388290
1082608686
1052340982
1063732150
1075354243
1038998221
1077466938
1058708677
1045410568
1073174053
1046217070
1101423168
1060258011
1062186065
1060215276
1085827521
1050318559
1083724909
1056813596
1076725597
1069513073
1091188142
1101128785
1052590239
1080844842
1039267282
1105803252
1060443691
1070375345
1092744495
1085211312
1065142810
1049254752
1083705647
1067225315
1069840042
1067797405
1090601200
1112906440
1041636593
1106151370
1027672066
1101219742
1025524285
1085350788
1068026754
1080120677
1085327744
1047693959
1107790977
1074717232
1032440845
1058779499
1036984714
1068503142
1064508010
1073784292
1069117648
1059031245
1099408560
1082353021
1098181217
1052487162
1062980312
1072128141
1047605678
1107765555
1065949811
1053528602
1081343145
1049314221
1059509638
1044316974
1086101988
1047358229
1058101777
1024734527
1084660922
1072093279
1068469380
1073528277
1079837884
1031563822
1043711551
1113202106
1050946154
1065244012
1092147700
1037029205
1083683465
1052817144
1019991687
1061677838
1076058397
1057612846
1036890631
1077762623
1061426694
1031066377
1093519166
1046684917
1103889888
1072000082
1025129052
1055842125
1101776012
1064190384
1052059795
1056915462
1060907086
1114039608
1054155357
1103161855
1049441333
1049645318
1098841445
1100091282
1042165684
1028810700
1072996780
1062695351
1050695086
1105565846
1091779799
1055255738
1066155751
1083344049
1071254735
1100720018
1050180437
1112600108
1079648650
1046761587
1066321355
1055514613
1066821626
1076822188
1060076733
1034660207
1042161384
1061028157
1053493379
1060236418
1058174810
1057103633
1004716404
1057881494
1034643247
1078265928
1079489218
1033705521
1079517767
1079662903
1064934778
1076961483
1031602382
1052731397
1112137111
1028114841
1067006499
1028845421
1049076225
1068141152
1049044708
1041330749
1054314625
1043910140
1049463190
1095578651
1041419135
1075614062
1050854194
1051976008
1067287481
1057536149
1082207223
1040101401
1073263591
1082682912
1057740415
1079564165
1076625672
1057558472
1069491225
1096873334
1059309751
1096496753
1092334588
1068099157
1071003313
1095189308
1043332153
1090977268
1035425783
1077287954
1045205618
1102388777
1010203803
1120418570
1062115860
1052886326
1051126147
1051268497
1084025091
1115490427
1078656968
1035118786
1051535798
1033392304
1017795094
1098633376
1040748828
1054785278
1083813282
1026920724
1090141590
1065382172
1023594397
1092442731
1108854530
1076706790
1062947678
1057985952
1057931610
1093218304
1011154709
1037420485
1065412252
1078671758
1050826993
1074735350
1094436307
1091057735
998269646
1088245461
1055106970
1049800635
1095513159
1047926322
1064486866
1097041189
1039471259
1082685281
1071222911
1068151021
1073433734
1051639788
1069928498
1043794434
1078480837
1032584539
1095068648
1086292033
1049213212
1080664373
1053859454
1107464817
1040811959
1082375065
1101060303
1087896075
1035586925
1018696767
1058261804
1056428745
1060048410
1096826111
1050801430
1024222305
1063592959
1094837739
1061186938
1080438728
1028913864
1064069685
1103392964
1052839475
1110882069
1052945662
1040668460
1046813516
1090381404
1053135894
1059518799
1040607859
1068026797
1046245953
1029725511
1047149173
1012997004
1100100522
1026837876
1055799454
1075297392
1072154047
1070041729
1059267549
1054902002
1076926341
1047716457
1030704373
1030734539
1036594110
1047045989
1076790672
1046465638
1063900077
1077390528
1021491232
1057120480
1074457651
1054178598
1008590637
1077765932
1059437514
1071099564
1060832492
1089026723
1032985297
1064152866
1058675398
1042486949
1030894110
1045320392
1019749787
1064737605
1046695002
1103777689
1059808010
1068611625
1085082866
1083960680
1091216900
1018495844
1025074073
1041353291
1071692208
1062779480
1076654591
1046518875
1066784640
1093684230
1084125962
1041232693
1039195408
1023688358
1044781401
1091492584
1031965232
1056587535
1078511834
1032430744
1057634256
1074343086
1034774552
1060038569
1033081508
1067274797
1054419515
1085660751
1071892815
1090352376
1110129719
1095263584
1083816976
1054818907
1100342883
1063003605
1096583277
1082229351
1055761195
1083427014
1036221610
1102712059
1072784659
1065894136
1095929094
1095773336
1049853440
1087507065
1063750282
1068686082
1060981464
1053198685
1059943819
1071176487
1088227311
1095873007
1071835527
1087219261
1069048874
1057734680
1075747104
1058638518
1069831083
1062406393
1064049375
1048611351
1074651115
1105925980
1056202593
1081902230
1043396795
1015377261
1067000463
1092913504
1090791023
1068395664
1029514822
1079894134
1121225343
1082756030
1052241504
1056412432
1066325248
1077428610
1061890369
1020700458
1056129097
1059915404
1109969312
1055320648
1058896458
1077654210
1045901795
1082797817
1071501817
1090190537
1070245705
1069275870
1059721808
1099460644
1121370387
1078110598
1072333051
1079692346
1043729932
1070406508
1085964331
1066013740
1035782711
1048988735
1047980934
1096952244
1046416745
1019438902
1040325941
1090648127
1088974948
1068579294
1036553872
1037268888
1069168794
1066898018
1070482405
1040789087
1059643475
1040335227
1053016102
1074085275
1087199256
1074353888
1074743767
1069617577
1062419426
1078708873
1045203016
1100612581
1040726078
1094318465
1028819593
1022805146
1042831170
1037221180
1042684819
1059040188
1075092466
1034601489
1049170777
1088597787
1080228287
1054541165
1068113451
1079063513
1067208717
1061405361
1066512671
1038026838
1052845675
1114981083
1061462098
1061148911
1056431478
1070709369
1101293397
1057536441
1087747957
1046893186
1044031577
1082368334
1090859758
1091707907
1036437016
1085407231
1079019065
1026270086
1070427542
1063478259
1016159076
1083444219
1054991243
1026436333
1057154840
1082229425
1114020506
1059312647
1042289089
1056688107
1082747367
1073296587
1068025499
1068928172
1034081779
1077817821
1023044769
1044505020
1046297447
1149794284
1062612337
1057108319
1058331587
1050414548
1049362211
1065838534
1057961066
1037622414
1091300867
1059833306
1047086793
1066763144
1057247409
1074830007
1067053899
1067073316
1125000948
1067780141
1083933287
1030250442
1054440033
1107511849
1032841816
1082506434
1051352762
1070475329
1097627209
1023020344
1056826503
1066335543
1066114401
1090933312
1044993416
1037120761
1053488455
1051461068
1058027798
1045737421
1049639447
1036169966
1045271580
1048752509
1051614296
1055569921
1065367527
1062158172
1078073962
1064222052
1060585890
1085439680
1067863816
1055757523
1077631557
1066525287
1086809292
1047077263
1071903761
1060035166
1064186067
1059245940
1060934720
1060331956
1091454662
1091641197
1045634121
1089518266
1103347523
1088811344
1096546591
1048195276
1063183653
1082684785
1082882669
1035653258
1090872409
1091763306
1053688237
1065204565
1072734993
1050779687
1085638962
1056072892
1032902678
1047649959
1096424390
1083789766
1109938083
1024940132
1096562347
1102912174
1091586711
1055525694
1060459888
1058897785
1083149804
1066529240
1099252347
1045559548
1057683709
1098995905
1082922635
1076876372
1037277176
1099469087
1024778343
1083723081
1065526747
1048933637
1079572846
1099827134
1038281081
1057003811
1062885734
1057546065
1082108277
1084085407
1071277868
1058790316
1035395190
1079323770
1053171490
1080281826
1062985351
1076699259
1069553839
1061034181
1078663153
1041268447
1052516872
1074419597
1076382365
1055823084
1063281147
1056978133
1074352921
1090960668
1028144574
1060012155
1045850755
1054579704
1058336274
1090545774
1016702994
1089477780
1053776374
1122490573
1065425238
1045662272
1049229560
1107741078
1082653282
1014663738
1061126840
1074408187
1091545234
1077879195
1084172336
1042880683
1068924138
1052356401
1031782311
1065726579
1079071970
1074735605
1077531228
1036601927
1059387740
1050317890
1066752646
1037058451
1068637242
1088725178
1086024564
1050926281
1024275998
1098450116
1072132905
1085600296
1103727541
1034802258
1074719076
1054639224
1063417538
1058707635
1039734999
1125312390
1081574088
1061220415
1039250966
1067762684
1073705664
1069035808
1073880471
1051746295
1087765338
1032372183
1077759812
1052919358
1077872754
1107092781
1032769338
1054758426
1068382097
1037636025
1043112684
1083237773
1066998725
1082940382
1094558206
1072199024
1042943689
1088260078
1011407430
1028515960
1082723263
1032206193
1084708365
1093582309
1056736386
1037540205
1080063492
1107043285
1075044726
1060616604
1007817035
1082233061
1084812322
1066347915
1048674183
1088122518
1061109403
1036577390
1031158606
1067810147
1026581202
1035732459
1066531619
1076023501
1051549002
1071065525
1095421696
1075406691
1090726285
1038929853
1074280905
1068551764
1071170728
1062958849
1051930511
1071527228
1095893142
1028553846
1078037937
1027156535
1027101847
1045271178
1078350113
1049663107
1041858772
1057263289
1086410664
1043280716
1054372166
1064478684
1057037534
1058056680
1089822192
1023984046
1044312402
1040363455
1065465268
1069048715
1067608345
1059773470
1029792591
1089234265
1051181608
1045302382
1056845450
1064247208
1033580472
1067241432
1096081051
1085988797
1028519168
1064065480
1071336649
1091172934
1061201828
1040197685
1064829834
1102849329
1082589132
1089460309
1036107649
1077719250
1054937067
1070234712
1087418765
1065353057
1053770300
1085247835
1030998523
1028996608
1105484934
1066641659
1053770109
1068469563
1062048255
1069440011
1060067680
1073371648
1010150316
1088400409
1112653435
1108197401
1116962325
1082930147
1052502730
1063714355
1042242374
1053926796
1074852738
1048114006
1032822771
1040528964
1052209837
1062954112
1055498121
1056859763
1057437532
1037542637
1028842157
1062066510
1016738837
1067699761
1072808601
1062205070
1068859468
1065919433
1020112936
1072735015
1054765312
1043900649
1051125218
1039427270
1077843875
1039161640
1024540312
1040332169
1048972341
1065518411
1058384553
1067923136
1082812896
1042634651
1062770118
1048176244
1099143039
1055071623
1093583425
1042757422
1045916193
1047585992
1063442177
1047169691
1058280634
1028694214
1062572157
1093025940
1066218687
1049300181
1062787369
1086586339
1055612750
1096205211
1050226127
1064928499
1057884038
1036588710
1067037184
1099725479
1043008251
1067609664
1000063130
1057459172
1059363729
1060094102
1038703696
1067844647
1089373308
1025568809
1067712909
1082666171
1097026000
1069337289
1033693838
1056926727
1054032262
1090461283
1059604293
1071274216
1069131798
1047184363
1079634726
1063091973
1008773406
1049863069
983125828
1079063784
1045901772
1063035247
1089720843
1035125974
1056229173
1057059498
1090024163
1026379366
1095212959
1058763276
1091390798
1093733607
1049688854
999625113
1061839412
1093322449
1076618127
1066288309
1049938916
1048967883
1040649385
1043090459
1051706059
1054634111
1076048107
1007878672
1051749152
1079072204
1073694077
1045666337
1051690628
1074171161
1005101739
1059795103
1080161319
1093391207
1077519571
1097751853
1041651532
1061686122
1048022472
1082574056
1075913097
1078854011
1065833036
1079402819
1084046975
1037616792
1043073227
1039174185
1049206153
1043376073
1035754410
1076446072
1079190579
1074282165
1044291698
1054795608
1086153550
1049811640
1068686860
1039215524
1111764124
1073288447
1085467246
1083430329
1048864683
1058835740
1036760814
1072181150
1063696744
1065980119
1016385641
1013377252
1066396122
1086612530
1103833729
1085897161
1034400728
1069589194
1079836905
1064228871
1062305928
1016436798
1026928949
1091346687
1044425667
1044383419
1063355470
1058716168
1082929467
1053109099
1081178455
1016288764
1100139689
1047164765
1089570626
1076638424
1038951365
1042016558
1081994046
1061255988
1111524941
1051466718
1045309338
1083236906
1028889877
1050779187
1038280986
1079252146
1071398076
1074255092
1057381507
1122128550
1041851259
1033940218
1090062272
1097198137
1063108365
1085391597
1044411299
1079053023
1083296664
1012618544
1049773265
1089280355
1051126541
1077391643
1034811587
1063734780
1042541407
1065977286
1039803497
1074563270
1051926812
1042154568
1020567686
1048500975
1083272995
1076051762
1104406785
1062338676
1075370515
1077364992
1020592281
1082796831
1015311619
1058119104
1048726691
1049608660
1075491313
1083189672
1022930421
1117067402
1066717677
1026768281
1060475183
1076576339
1075831829
1055492771
1076908671
1151498209
1073829612
1098453993
1083409008
1069154971
1066105415
1055406373
1038224581
1049561739
1050908576
1071496756
1041996536
1036521270
1115710964
1050664258
1029084384
1059184687
1102455407
1074806460
1048997083
1090269978
1073660642
1058823149
1100308303
1059226110
1068134203
1058617073
1054446680
1090136551
1113805644
1076917091
1070759095
1073756906
1060203854
1031824359
1044573874
1083037832
1088304598
1065770854
1091714107
1119691705
1090752349
1059739359
1053264790
1058148385
1062477697
1058736573
1104311568
1076536054
1045706280
1067615069
1061029929
1091617121
1051115478
1076070347
1067933937
1046366522
1067810215
1060153127
1094070282
1081991773
1065467720
1077429111
1059522408
1102370878
1062179932
1063257534
1096373754
1030137894
1099770191
1042745129
1095064500
1066903070
1045992907
1057135061
1023995008
1065540427
1091149939
1060420151
1066290922
1072950379
1045998868
1040281168
1107558208
1035997578
1099900573
1034742320
1077684318
1051298934
1100921403
1036626224
1051109216
1077286427
1089612224
1069357339
1060723009
1073705097
1073722587
1036032301
1018859102
1059305784
1099201442
1045678996
1084218247
1053383129
1069017604
1062399561
1077918131
1029966118
1048395756
1074583226
1071953370
1067381911
1091049183
1033147989
1053264496
1083035212
1074732306
1057558897
1075370271
1057574899
1034158936
1093775927
1072469444
1108579307
1105903902
1050050075
1047511892
1061976360
1072045078
1096765992
1061924159
1039379460
1026690763
1081714364
1058906675
1088909383
1086975098
1016455940
1065916508
1092374697
1082702110
1043121721
1060507560
1050277298
1108762027
1022920011
1061520893
1039219592
1028480339
1056653298
1040630290
1101057606
1066247986
1045923768
1069529230
1092234018
1066683077
1059780765
1077144725
1091431547
1058028666
1099263353
1086819679
1057855038
1051335916
1086824000
1068075193
1076110585
1071289247
1039752924
1108664942
1078942935
1068095608
1055888051
1056641166
1079166165
1056583239
1087672687
1073967946
1037111922
1060481996
1048974956
1051750532
1085608803
1082496679
1043501697
1049401528
1074298446
1098131095
1023082075
1023883127
1094083797
1047483896
1032917055
1055099741
1042512860
1055265545
1034267049
1066720741
1055900454
1084404778
1073173074
1053349160
1033298055
1049203617
1102455278
1068070169
1081950928
1040722661
1069802896
1037999606
1011248952
1065491276
1079663503
1064327352
1034353473
1103508062
1032000500
1077708654
1058883529
1077815870
1052979099
1027272497
1076075155
1114743139
1028408159
1052339449
1092019485
1068356527
1053868443
1052537855
1071983054
1102166268
1096173846
1108490263
1083282843
1084926055
1075107492
1071572966
1059360296
1033550447
1094362532
1031838262
1001774751
1059468205
1041909694
1090571965
1074751525
1065167487
1059077703
1032620966
1061740166
1056704260
1057036458
1038516724
1096447435
1065982877
1080888777
1067656023
1041615035
1017910321
1075620311
1024470342
1061506105
1069680613
1093689597
1099723746
1005558347
1035585146
1051673259
1089973325
1062992975
1063222087
1088902248
1065773817
1057237250
1095909478
1052826703
1070498822
1061881014
1093679724
1069595859
1061693675
1069471882
1072045221
1066550911
1055002621
1068638226
1053953926
1062932399
1054182412
1115689400
1039181074
1066779331
1055620048
1053163509
1068404085
1064745397
1109913256
1099314070
1041534457
1058801628
1035318649
1069353452
1083885377
1081269438
1068388627
1040015188
1120516067
1070850101
1084959165
1065844897
1085127952
1059884961
1053387261
1075831321
1057771047
1058143542
1084493284
1049590423
1051912955
1054916844
1082660318
1049099465
1055904502
1074300440
1077245090
1071840931
1040962192
1058908041
1050390225
1074922822
1042243490
1079917516
1065981699
1030664451
1066041870
1048752452
1023895584
1072632796
1030602726
1052451146
1061712980
1071227774
1075089818
1081757445
1072328496
1087880377
1063472523
1057392254
1025388714
1049777055
1061240734
1091909574
1065407352
1067107175
1100013404
1083773589
1042732738
1066420837
1036952065
1086696016
1054163423
1041710487
1082447899
1087035746
1008800749
1076351421
1034039216
1062837118
1050163144
1102883009
1073715347
1017489048
1077558438
1108440828
1087221622
1021734659
1053746475
1022509783
1049563961
1061816316
1113166747
1029130359
1091090452
1074354858
1073165534
1051588563
1033902492
1095193673
1065669821
1025725084
1063697372
1111646133
1046947249
1074881615
1065153690
1081653382
1020941096
1076304720
1033708714
1050160882
1089913186
1059535687
1076732306
1076921950
1058323569
1091326794
1092436001
1036190786
1056450929
1074127955
1074479522
1135945900
1079528380
1092995432
1100620647
1049830672
1024469257
1099890738
1086529128
1036380829
1035474885
1061227045
1057714203
1108090131
1036162093
1083136974
1047401448
1048467054
1058517882
1105580278
1087415665
1025269591
1058044322
1077377442
1043611890
1068266832
1037960918
1084533520
1039343157
1096217077
1083834922
1024396213
1073547099
1026112000
1049665133
1083935052
1055334825
1098156333
1113130274
1061404551
1116075541
1085155324
1066050650
1074570180
1030621546
1081396482
1046156984
1089883059
1019962664
1084506863
1046252072
1103688403
1117479327
1050114192
1068064097
1043559346
1075626191
1053591514
1064736550
1034519584
1061159403
1085095003
1101284514
1077780318
1075349894
1057462777
1033046145
1065996253
1081003091
1064989635
1074333100
1051739140
1110328267
1086170785
1074849262
1055850790
1029785628
1103880772
1083004220
1058262362
1062729914
999908793
1068817885
1057750193
1106830351
1081782768
1032542017
1041912702
1073062916
1023963963
1027008927
1023230179
1104795757
1060177151
1078028068
1097934532
1037778706
1053162067
1042728632
1095770020
1070798532
1042033136
1062877059
1111675032
1082900853
1092980135
1108578030
1067344189
1047144668
1051371651
1099480131
1017874120
1082564279
1066263115
1076571756
1075196435
1060601831
1097374816
1057471955
1059594969
1079917086
1086190085
1041948746
1076005759
1087520148
1064220825
1054841270
1049615879
1116393747
1061902650
1042430797
1051136278
1091635086
1094113208
1042509482
1036586620
1062767488
1067544636
1036725654
1083401260
1029596519
1059159621
1052430271
1075811149
1058340910
1084366718
1058093172
1058684182
1060442929
1094061278
1091010055
1064489459
1046122069
1054815086
1105445130
1090529888
1081676419
1080529966
1112627593
1083454184
1068496911
1023677452
1049361281
1054045938
1077738342
1055946017
1039523060
1049089557
1077401679
1063498038
1081203291
1029737874
1090993684
1027089689
1043789178
1058645296
1075940701
1052485970
1089040633
1056989431
1033728221
1055078844
1098110281
1073492084
1053750292
1092106941
1055069046
1058900774
1076143644
1016165456
1059532196
1061611356
1011206701
1065477597
1078469459
1060000441
1098210110
1043536682
1050683070
1069235247
1042940009
1055780429
1073956853
1092933480
1062097756
1026651527
1093560216
1074140734
1043404760
1057626579
1052914344
1058433867
1056422302
1070553850
1078218129
1022551710
1030321060
1042699901
1076137636
1085707768
1044672095
1084551020
1081494043
1033246971
1048522205
1063048111
1035625911
1068689430
1024287556
1044221358
1080088368
1072705135
1112823173
1086201362
1048575941
1009459939
1074947564
1095465707
1057226806
1058381134
1071944999
1045340426
1056918154
1082749873
1109808268
1066587291
1075903572
1016669465
1078347731
1041147555
1059871178
1122504339
1034958057
1034120341
1024424220
1071949829
1033652893
1084152265
1048006529
1020338870
1095791823
1019658085
1052179745
1114332047
1073731218
1058732635
1067729653
1050390619
1076288194
1093783427
1089066409
1032756499
1059871495
1039590201
1052977194
1123953208
1057791845
1087754840
1084181268
1084607849
1059125536
1095272037
1009796182
1041760158
1067109236
1040744915
1066412983
1059621102
1052177317
1053679440
1101358221
1059258243
1059361839
1049269244
1064998063
1084191478
1061203406
1064907469
1047816002
1098698789
1078586559
1052211335
1056603378
1034955641
1031135891
1026671354
1019804247
1076878379
1090401704
1064127931
1085110725
1046076708
1060291451
1074639433
1077546045
1049697387
1083665404
1101816664
1079734256
1051665463
1084160084
1073857179
1061899323
1103064474
1049274979
1049736359
1075111754
1061084609
1035021647
1086453397
1091986825
1067259747
1133075707
1082397935
1079859926
1048743817
1115154168
1052310332
1059912853
1092306769
1079079383
1093012430
1052784083
1050914986
1068908732
1119740361
1042299673
1087667278
1061435269
1071064658
1086646350
1090846577
1085126923
1085826244
1050197273
1040532473
1094841691
1028321698
1055684664
1084222930
1049200661
1058826310
1096443851
1066560495
1068289151
1051134374
1043341878
1065000806
1020455177
1072033329
1044137747
1100025474
1084641573
1043633607
1023182188
1074082422
1052001398
1044647344
1074680466
1057782778
1024521871
1050218137
1067160611
1091618530
1064996242
1100522127
1042064514
1058707747
1058371734
1048634833
1046700534
1026223687
1066901955
1049426190
1027029739
1035698276
1049049938
1099031549
1087965906
1061575465
1052607615
1104390749
1061312273
1031443326
1054226955
1059499428
993126502
1040951393
1052353779
1099707691
1049027697
1063425450
1069525078
1033283622
1048598864
1049854217
1062371205
1048823254
1039999411
1037588705
1019058006
1051043756
1067354642
1084370538
1041937587
1050751019
1043169853
1089640269
1095839058
1050425863
1058705078
1087359375
1046767242
1091321674
1062096114
1038159374
1080590034
1083581763
1059264320
1021300965
1061534445
1017299568
1101506505
1089736468
1077179818
1068514015
1072030112
1096383340
1061504771
1054640901
1097447992
1085214176
1094806960
1041929155
1084750306
1056765392
1035938861
1080795186
1039103825
1082381205
1029554962
1088072673
1066461719
1063002284
1093902331
1040944381
1078662361
1062043411
1072185268
1065895899
1069151715
1041648258
1061110850
1080154627
1086784323
1044432899
1092710258
1073851619
1134111142
1086792084
1092043534
1043382890
1088295138
1068487650
1088556856
1075726232
1071857212
1072584307
1080263357
1050602667
1027294351
1051841223
1085503643
1108780846
1107318132
1047748194
1037225699
1069604204
1062136071
1049726580
1088602370
1072180594
1052842602
1068629516
1053987710
1045135729
1077973170
1078041081
1057377257
1051303275
1089965087
1043122163
1058793223
1070473367
1119376934
1079695516
1075829710
1074274711
1044474290
1059226159
1072587061
1053384216
1049753524
1035302967
1056943961
1052631105
1078480625
1048860353
1018236731
1099669537
1030236506
1066679216
1076925718
1035802225
1069653426
1057598749
1149720865
1050780433
1024851380
1068255203
1074731221
1033721563
1119031623
1052761854
1065438750
1104734371
1127059244
1082173201
1065645393
1102407268
1050897522
1054373650
1056067608
1069859795
1120110663
1049611225
1067570616
1054831584
1076213154
1034955215
1083479966
1036480423
1071984980
1103175056
1109264052
1046764606
1062429463
1116267662
1060136320
1062903026
1078002069
1032927381
1048674967
1051856718
1058024494
1068916385
1068212775
1095312216
1066713315
1046248126
1043450319
1054519668
1059704484
1058810155
1079470978
1051534117
1038435782
1062706094
1053778612
1075238578
1097485703
1083504990
1100304798
1061216879
1062433720
1051069986
1066207399
1026037810
1075016405
1065811928
1076059661
1058777223
1046384272
1075762352
1090145039
1088944968
1082176999
1065813778
1049426678
1083754420
1124750542
1074148113
1082962661
1096729982
1062478986
1097522993
1033144030
1060233484
1057964015
1055911054
1081885989
1022540978
1037547552
1049795022
1051027606
1063746465
1075206716
1051035803
1036238918
1074776552
1008946999
1068945495
1071685704
1082813036
1084815266
1041323511
1046119332
1095969396
1061370354
1079262041
1063375512
1088834985
1100182224
1048076607
1048729893
1088200042
1057112757
1040193021
1061266967
1061123154
1089924429
1051530796
1048255750
1045634970
column 3 1500
1093664768
1088421888
3212836864
3212836864
1088421888
3225419776
1093664768
0
1073741824
1073741824
3212836864
1093664768
1093664768
0
1093664768
3212836864
3225419776
1056964608
1093664768
3212836864
1056964608
1073741824
1088421888
0
1088421888
3225419776
1093664768
1073741824
1088421888
1093664768
1093664768
3212836864
3225419776
1056964608
3212836864
0
1056964608
1088421888
3212836864
1073741824
3225419776
1073741824
1056964608
0
1088421888
1088421888
1073741824
1093664768
1088421888
1073741824
1093664768
1093664768
1088421888
1056964608
1073741824
3212836864
3212836864
1056964608
3212836864
1093664768
3225419776
1093664768
1073741824
1093664768
1056964608
3225419776
3225419776
3212836864
1073741824
0
1073741824
1088421888
3225419776
1073741824
1073741824
1093664768
3212836864
3212836864
1088421888
3225419776
1088421888
0
3212836864
1056964608
1093664768
3212836864
1056964608
3225419776
1088421888
1056964608
1093664768
1056964608
3225419776
1073741824
1056964608
1056964608
1093664768
1073741824
3212836864
1093664768
3212836864
3225419776
0
3212836864
3212836864
1073741824
1088421888
3212836864
3225419776
0
0
3212836864
1088421888
1073741824
1073741824
3212836864
3225419776
3225419776
1056964608
3212836864
3225419776
3212836864
1088421888
1088421888
3212836864
3212836864
1093664768
1093664768
1056964608
1073741824
3225419776
0
3225419776
0
1088421888
3212836864
1056964608
3212836864
3225419776
1093664768
0
0
1073741824
1088421888
3225419776
3225419776
3225419776
1093664768
1088421888
1088421888
1073741824
3225419776
1056964608
1093664768
0
1093664768
3212836864
1093664768
1056964608
3212836864
3212836864
1093664768
3212836864
1088421888
0
0
1073741824
0
0
0
0
1088421888
3212836864
1093664768
0
3225419776
1073741824
1093664768
1056964608
0
1073741824
1073741824
3225419776
3212836864
0
3212836864
3212836864
1056964608
3212836864
3225419776
1056964608
1093664768
0
1073741824
0
1056964608
1073741824
3212836864
1088421888
1088421888
1088421888
1088421888
3225419776
1088421888
0
1056964608
1088421888
1056964608
1073741824
1056964608
3225419776
1073741824
3212836864
1088421888
3212836864
1088421888
1088421888
1088421888
1093664768
1056964608
3212836864
1056964608
1073741824
1093664768
0
3225419776
1093664768
1088421888
3212836864
1088421888
1093664768
3225419776
3225419776
3225419776
3212836864
0
3212836864
3225419776
0
3212836864
1073741824
1073741824
3225419776
0
1073741824
0
3212836864
1056964608
1093664768
0
1088421888
1073741824
1093664768
3212836864
1088421888
1056964608
3225419776
1093664768
1056964608
1056964608
1073741824
3212836864
3225419776
3212836864
3212836864
1088421888
3212836864
1093664768
1093664768
3225419776
1088421888
1056964608
1073741824
0
1056964608
1056964608
3225419776
1073741824
1093664768
1088421888
1093664768
1056964608
1088421888
1093664768
1093664768
3212836864
3225419776
3225419776
1073741824
1073741824
1093664768
3225419776
0
1056964608
1073741824
0
3212836864
1073741824
3225419776
1093664768
0
1073741824
1056964608
3225419776
1088421888
1073741824
1073741824
1093664768
1088421888
1088421888
0
0
3225419776
1088421888
1073741824
1093664768
0
0
0
3212836864
1056964608
3212836864
1088421888
0
1056964608
1056964608
1088421888
3225419776
1073741824
1093664768
3225419776
0
1088421888
1073741824
3212836864
0
0
1073741824
1093664768
1056964608
1073741824
0
1056964608
1093664768
3212836864
3225419776
1088421888
3212836864
1088421888
3212836864
1056964608
1056964608
0
3225419776
3225419776
3212836864
1088421888
1093664768
1056964608
1088421888
3225419776
1073741824
1073741824
0
3212836864
1093664768
1088421888
3212836864
1088421888
1056964608
3212836864
1056964608
1093664768
1088421888
3225419776
3225419776
3212836864
1073741824
1093664768
1056964608
1073741824
1056964608
3212836864
1088421888
3225419776
1073741824
1056964608
1056964608
1088421888
0
0
1088421888
3225419776
1093664768
0
1056964608
0
0
3212836864
0
1056964608
1056964608
3212836864
3225419776
1093664768
3225419776
1073741824
0
1073741824
1093664768
3225419776
1088421888
1073741824
1093664768
1056964608
0
3225419776
1056964608
1073741824
1093664768
1056964608
1056964608
0
1073741824
1056964608
1088421888
1088421888
1073741824
1056964608
1056964608
1088421888
1073741824
1088421888
0
0
0
0
0
0
1073741824
3225419776
1093664768
1073741824
1088421888
1088421888
1093664768
3212836864
3225419776
1073741824
1073741824
3225419776
1073741824
1056964608
3212836864
1088421888
1073741824
3225419776
0
1088421888
1088421888
0
1073741824
1056964608
1088421888
3225419776
1088421888
3212836864
1093664768
0
3225419776
1093664768
1088421888
3212836864
1073741824
1093664768
1088421888
1093664768
1073741824
1073741824
3212836864
1073741824
3225419776
3212836864
1088421888
1073741824
1088421888
1073741824
3212836864
1073741824
1093664768
3225419776
3212836864
0
1093664768
3225419776
1056964608
1093664768
3225419776
3212836864
1093664768
0
1056964608
1093664768
1056964608
1073741824
3225419776
1093664768
3212836864
3225419776
0
1088421888
1093664768
3212836864
3225419776
1073741824
1073741824
1073741824
1093664768
1088421888
1088421888
3212836864
1088421888
1073741824
1073741824
3212836864
3212836864
3225419776
1093664768
1056964608
1088421888
1073741824
3212836864
0
1088421888
3212836864
0
1088421888
3212836864
1073741824
3212836864
1073741824
0
3225419776
0
1088421888
1073741824
3212836864
3225419776
1088421888
0
3212836864
1093664768
1088421888
1056964608
3225419776
1093664768
1088421888
1088421888
3225419776
1073741824
1056964608
1088421888
1088421888
1093664768
1088421888
1088421888
1093664768
1093664768
0
1093664768
1088421888
1093664768
1073741824
1088421888
0
3225419776
1073741824
1088421888
1056964608
0
1073741824
1088421888
1088421888
1073741824
1088421888
3225419776
0
3225419776
1056964608
1093664768
1073741824
1093664768
1088421888
1056964608
1073741824
1073741824
3225419776
3212836864
3212836864
1073741824
3212836864
3225419776
3225419776
1093664768
1056964608
1093664768
1073741824
0
3225419776
1073741824
1056964608
3225419776
3225419776
3225419776
0
0
3212836864
3225419776
1073741824
1056964608
1093664768
1088421888
1056964608
3212836864
1093664768
1073741824
3212836864
1093664768
3212836864
3212836864
1056964608
0
0
3212836864
3212836864
1073741824
1093664768
1056964608
1088421888
0
1073741824
1088421888
3225419776
1056964608
1093664768
3212836864
1093664768
1056964608
3212836864
3225419776
1056964608
1093664768
0
0
1056964608
0
1088421888
1088421888
1088421888
1088421888
1088421888
1088421888
1093664768
1088421888
1073741824
0
1056964608
3225419776
1073741824
0
3225419776
0
1056964608
1088421888
3212836864
1093664768
1073741824
3212836864
1056964608
1093664768
1093664768
1093664768
1093664768
0
1056964608
0
1056964608
1088421888
3212836864
3225419776
0
1093664768
3225419776
1088421888
3212836864
1093664768
1093664768
1056964608
1088421888
1073741824
3212836864
3212836864
1093664768
1056964608
1088421888
3225419776
1056964608
3212836864
0
1088421888
1088421888
1073741824
1056964608
1088421888
3212836864
1056964608
3225419776
0
0
1073741824
1056964608
3225419776
0
1093664768
3225419776
0
1056964608
3212836864
3225419776
3212836864
1093664768
3225419776
1088421888
1056964608
3212836864
1093664768
1073741824
1056964608
0
3225419776
1093664768
1088421888
1073741824
0
1093664768
3225419776
3212836864
1093664768
1073741824
3212836864
1073741824
3212836864
3212836864
1073741824
3225419776
1093664768
1088421888
1056964608
3225419776
0
1093664768
0
1056964608
3225419776
1073741824
1056964608
3225419776
1093664768
3225419776
1073741824
1073741824
1093664768
1073741824
3225419776
3225419776
1093664768
1073741824
1088421888
1088421888
1088421888
1093664768
1056964608
1093664768
1093664768
3212836864
1093664768
1093664768
1056964608
1056964608
1088421888
1088421888
3225419776
1073741824
1073741824
1088421888
1093664768
3212836864
1093664768
3212836864
1088421888
1093664768
3212836864
3212836864
3225419776
1056964608
0
0
3212836864
3225419776
1093664768
1088421888
1056964608
1073741824
1093664768
3225419776
3225419776
1093664768
0
0
1093664768
1093664768
0
3225419776
3212836864
1093664768
3212836864
1088421888
3225419776
1093664768
3212836864
3212836864
0
3212836864
3225419776
1093664768
1073741824
1073741824
3225419776
0
1088421888
0
3225419776
1056964608
1073741824
3212836864
3212836864
3212836864
1093664768
1088421888
1093664768
1056964608
1056964608
0
0
3212836864
3212836864
1088421888
1088421888
3212836864
1093664768
1073741824
1093664768
1073741824
0
1056964608
1073741824
1088421888
1088421888
0
3212836864
1073741824
1073741824
1088421888
1093664768
3212836864
1088421888
1093664768
1073741824
1056964608
1088421888
3225419776
3225419776
1056964608
1088421888
1056964608
1056964608
1088421888
1056964608
0
1056964608
0
3212836864
0
0
1093664768
0
0
1088421888
0
1093664768
1056964608
3212836864
1056964608
1088421888
1056964608
1088421888
1093664768
3225419776
3212836864
3212836864
3225419776
1088421888
1093664768
1088421888
1088421888
1056964608
1056964608
1073741824
1088421888
1073741824
1093664768
3212836864
0
1056964608
1056964608
1073741824
0
3225419776
1073741824
1088421888
1093664768
1073741824
0
3212836864
0
0
1093664768
1056964608
3212836864
3212836864
1093664768
0
3212836864
1056964608
3212836864
1073741824
0
0
1093664768
1073741824
3225419776
1093664768
3225419776
1056964608
1073741824
1056964608
3225419776
1088421888
1088421888
3212836864
1093664768
3212836864
1056964608
1088421888
1073741824
1056964608
1093664768
3225419776
0
1056964608
1093664768
3225419776
1056964608
1056964608
1056964608
3212836864
1093664768
0
1088421888
3212836864
3212836864
3212836864
1056964608
3212836864
1093664768
1088421888
1088421888
1056964608
1093664768
3225419776
1093664768
1056964608
1073741824
3212836864
1093664768
1088421888
1056964608
1088421888
1093664768
1088421888
1073741824
1073741824
1093664768
1073741824
1088421888
1088421888
3212836864
1088421888
0
0
1073741824
0
1073741824
1088421888
3212836864
1056964608
1088421888
3212836864
3212836864
3225419776
1073741824
3225419776
3212836864
0
1088421888
0
1056964608
0
1073741824
1093664768
3212836864
3212836864
3212836864
1056964608
1088421888
1073741824
0
1093664768
3225419776
1088421888
3212836864
1093664768
1073741824
3212836864
3225419776
1088421888
3225419776
3212836864
1073741824
3212836864
1073741824
3225419776
3225419776
1093664768
3225419776
3225419776
1093664768
3225419776
3212836864
1056964608
1073741824
3225419776
3225419776
1073741824
1093664768
3212836864
1093664768
3212836864
1073741824
3225419776
3212836864
1073741824
1056964608
3212836864
3212836864
1088421888
1088421888
1056964608
1073741824
1093664768
1056964608
3212836864
1056964608
1093664768
1056964608
0
0
0
1056964608
1088421888
1073741824
1073741824
0
1056964608
1056964608
1073741824
3212836864
3225419776
3212836864
3225419776
3225419776
1056964608
3212836864
1056964608
1056964608
3225419776
0
0
1093664768
1093664768
3225419776
1056964608
1073741824
1093664768
1056964608
1093664768
1093664768
1093664768
1056964608
3225419776
1056964608
1088421888
3225419776
1088421888
3225419776
3212836864
1093664768
1088421888
1093664768
3212836864
1056964608
0
1056964608
1056964608
3212836864
0
1056964608
1093664768
1056964608
1088421888
1093664768
1093664768
1073741824
1093664768
3212836864
0
3225419776
3225419776
1073741824
0
1073741824
0
1056964608
1088421888
1073741824
1093664768
0
3212836864
3212836864
3212836864
0
1056964608
0
1056964608
1073741824
3225419776
1056964608
0
1073741824
1093664768
1056964608
3225419776
3225419776
3225419776
1056964608
1088421888
1088421888
1093664768
3225419776
1073741824
1056964608
1073741824
3225419776
1093664768
1073741824
1056964608
1056964608
1056964608
3212836864
3212836864
0
1093664768
1073741824
1073741824
1088421888
1073741824
1093664768
3212836864
1056964608
1073741824
3225419776
3225419776
3225419776
1056964608
3225419776
1088421888
1093664768
3225419776
1073741824
0
3212836864
1073741824
1093664768
0
1088421888
1056964608
1056964608
1056964608
3225419776
1056964608
0
1056964608
1056964608
3225419776
1093664768
3225419776
1093664768
1056964608
1056964608
1093664768
0
0
0
1093664768
3212836864
1056964608
1093664768
1073741824
0
1093664768
1073741824
1073741824
1073741824
1093664768
3225419776
0
1056964608
1056964608
3212836864
1088421888
1056964608
3212836864
1093664768
3212836864
3225419776
1073741824
1056964608
1056964608
0
3225419776
1073741824
1056964608
1056964608
1088421888
1073741824
1073741824
1088421888
3225419776
1093664768
1073741824
3212836864
1056964608
3212836864
1056964608
1073741824
1093664768
3225419776
3212836864
1093664768
3225419776
0
1088421888
1073741824
0
1073741824
3212836864
3225419776
1088421888
1088421888
0
1093664768
3225419776
1093664768
3225419776
1073741824
0
1093664768
1093664768
1056964608
1056964608
1056964608
3225419776
3212836864
1088421888
3212836864
1056964608
3212836864
1093664768
1088421888
3225419776
1088421888
3225419776
1088421888
1088421888
0
0
1093664768
0
1093664768
3225419776
1056964608
1073741824
1056964608
1088421888
3212836864
1056964608
1056964608
3225419776
0
1056964608
1073741824
0
1088421888
1073741824
1056964608
0
1056964608
3225419776
1088421888
1093664768
1073741824
1093664768
1073741824
1073741824
1056964608
1088421888
3225419776
1088421888
0
3212836864
3225419776
3212836864
1073741824
1056964608
1056964608
1088421888
1088421888
0
1073741824
1093664768
3225419776
0
1093664768
1073741824
1073741824
1093664768
1073741824
3212836864
3225419776
1093664768
3225419776
1088421888
3212836864
1093664768
3212836864
1056964608
1056964608
1073741824
1056964608
1073741824
3212836864
0
0
0
1088421888
1073741824
0
3225419776
1093664768
3212836864
1073741824
1093664768
3225419776
3212836864
0
3212836864
3225419776
3225419776
0
0
1088421888
3225419776
1056964608
1088421888
1093664768
1056964608
0
3225419776
3212836864
1056964608
1088421888
3225419776
1088421888
3225419776
3225419776
1093664768
1088421888
1088421888
1088421888
3212836864
1073741824
1056964608
1093664768
1056964608
3225419776
3225419776
1056964608
1093664768
3212836864
1093664768
1056964608
1056964608
0
3212836864
1093664768
1093664768
1088421888
3225419776
1088421888
3225419776
3212836864
0
1088421888
1056964608
1093664768
3225419776
3212836864
3225419776
1073741824
3212836864
1093664768
1073741824
0
3212836864
1073741824
1093664768
1088421888
3225419776
1093664768
1088421888
1073741824
3225419776
3225419776
3212836864
1093664768
0
1093664768
1073741824
1056964608
3225419776
1073741824
3225419776
1056964608
1093664768
3225419776
1073741824
3212836864
3212836864
0
0
1056964608
1056964608
1073741824
1056964608
1093664768
1088421888
1056964608
3212836864
1073741824
1073741824
1093664768
1093664768
3212836864
0
3212836864
1088421888
0
1088421888
0
1073741824
column 4 2000
1071644672
3196059648
3222274048
1056964608
3219128320
3208642560
3212836864
2147483648
1056964608
1074790400
3208642560
3217031168
1061158912
3223322624
1061158912
1071644672
1056964608
3208642560
3196059648
1056964608
3204448256
1067450368
2147483648
3196059648
3214934016
3214934016
3223322624
3219128320
2147483648
3217031168
1061158912
3204448256
1065353216
3204448256
1056964608
1065353216
3208642560
0
1048576000
1071644672
3204448256
0
1071644672
1061158912
2147483648
1065353216
3196059648
3196059648
1061158912
3208642560
1048576000
3196059648
3204448256
3212836864
1067450368
3204448256
3204448256
3214934016
1061158912
3208642560
3196059648
3208642560
3212836864
3208642560
3196059648
3208642560
3196059648
1069547520
1061158912
0
1056964608
1048576000
3223322624
0
3212836864
2147483648
3196059648
0
3204448256
3196059648
1056964608
3204448256
1048576000
1056964608
1065353216
3214934016
1061158912
1048576000
0
3204448256
1061158912
1071644672
1069547520
1065353216
0
1061158912
3196059648
1071644672
3214934016
1067450368
3204448256
3204448256
1048576000
1056964608
3217031168
3222274048
0
0
1067450368
1067450368
2147483648
0
3208642560
3204448256
0
1076887552
1061158912
3204448256
2147483648
1061158912
3217031168
3204448256
1061158912
1061158912
3196059648
3204448256
3208642560
3204448256
1048576000
3196059648
1048576000
2147483648
3212836864
3208642560
1056964608
3221225472
1067450368
3196059648
2147483648
2147483648
1048576000
1056964608
3204448256
3204448256
3208642560
3214934016
3208642560
3208642560
1065353216
1048576000
0
3208642560
3204448256
1056964608
3196059648
0
1048576000
3204448256
2147483648
1056964608
3196059648
3222274048
3217031168
3204448256
1067450368
1056964608
3221225472
1048576000
3204448256
1056964608
3208642560
1061158912
1074790400
3204448256
3196059648
3196059648
3217031168
3214934016
3204448256
1048576000
3196059648
3196059648
3217031168
3196059648
3208642560
3208642560
1061158912
1056964608
1065353216
3219128320
3214934016
3196059648
2147483648
3221225472
3221225472
1065353216
1061158912
3212836864
1056964608
3217031168
1056964608
3204448256
3208642560
3196059648
1071644672
1065353216
1056964608
3217031168
3204448256
3204448256
3196059648
1061158912
1048576000
3208642560
1065353216
1056964608
3196059648
1048576000
1065353216
0
3212836864
2147483648
3219128320
1056964608
1071644672
2147483648
3212836864
1048576000
1056964608
3196059648
1061158912
3212836864
3196059648
1065353216
1074790400
3196059648
3212836864
3196059648
3196059648
1071644672
1061158912
1056964608
3208642560
3208642560
1073741824
1056964608
3196059648
3217031168
1061158912
3214934016
1056964608
1069547520
3196059648
1061158912
3208642560
3196059648
3212836864
1069547520
3219128320
0
3208642560
3196059648
1067450368
3219128320
3204448256
3196059648
1065353216
1056964608
3204448256
3214934016
3212836864
1056964608
3196059648
1048576000
1056964608
1061158912
1056964608
1065353216
1048576000
1048576000
1061158912
1061158912
3196059648
3204448256
3217031168
0
1061158912
3196059648
1048576000
1048576000
1048576000
1069547520
1069547520
3204448256
3204448256
1056964608
1069547520
3208642560
3223322624
3204448256
1061158912
1056964608
3208642560
1061158912
3214934016
3212836864
3204448256
1061158912
1069547520
1056964608
3196059648
1048576000
1071644672
3204448256
1069547520
1048576000
1056964608
3196059648
3217031168
1065353216
3208642560
3212836864
1061158912
1067450368
1061158912
1074790400
1056964608
1067450368
1061158912
3212836864
3219128320
2147483648
3196059648
2147483648
1073741824
2147483648
1071644672
3196059648
1048576000
3196059648
2147483648
3208642560
3208642560
1061158912
1048576000
3204448256
1073741824
3214934016
1056964608
3212836864
1056964608
1061158912
3219128320
1073741824
1056964608
3212836864
2147483648
3212836864
1065353216
3217031168
3196059648
3208642560
3204448256
1069547520
1067450368
2147483648
3204448256
3196059648
1048576000
1056964608
3212836864
3217031168
3214934016
1073741824
1065353216
3204448256
3204448256
1048576000
3214934016
1069547520
1071644672
1056964608
3212836864
1071644672
1067450368
1056964608
1071644672
3212836864
3196059648
1048576000
1065353216
1056964608
3212836864
2147483648
1056964608
3196059648
3212836864
3204448256
1056964608
1048576000
1048576000
3217031168
1067450368
1056964608
3204448256
3222274048
3196059648
0
1048576000
2147483648
2147483648
1065353216
3212836864
3221225472
1065353216
1056964608
3208642560
1069547520
2147483648
1069547520
0
1061158912
3196059648
1061158912
1056964608
1069547520
1067450368
3214934016
3217031168
3196059648
3196059648
1056964608
1073741824
3196059648
1048576000
1065353216
3204448256
1056964608
1061158912
3196059648
1061158912
3196059648
1061158912
1069547520
1069547520
3214934016
3204448256
1061158912
3212836864
1065353216
3204448256
3208642560
1048576000
3214934016
1048576000
1067450368
1069547520
1061158912
1069547520
1065353216
1077936128
3217031168
1071644672
3196059648
3204448256
1073741824
1069547520
2147483648
3214934016
1075838976
3196059648
1065353216
1071644672
3214934016
3208642560
1048576000
1069547520
1048576000
3196059648
0
3212836864
3212836864
3196059648
1048576000
3217031168
1048576000
1056964608
1048576000
1056964608
1061158912
3208642560
3196059648
3196059648
2147483648
3204448256
3212836864
1048576000
3204448256
3196059648
3212836864
1069547520
1065353216
3196059648
1048576000
3214934016
1048576000
3221225472
1061158912
1067450368
1065353216
3224371200
3208642560
3214934016
1069547520
3212836864
1075838976
1069547520
2147483648
3196059648
1061158912
1061158912
3219128320
1067450368
3223322624
0
3222274048
1056964608
3208642560
3204448256
1071644672
3196059648
1061158912
1067450368
3196059648
1065353216
1056964608
3212836864
1061158912
1065353216
1076887552
1048576000
1067450368
1067450368
3196059648
1067450368
1056964608
1056964608
0
1067450368
3196059648
1069547520
3204448256
3208642560
3212836864
3219128320
1061158912
0
1065353216
3196059648
3208642560
2147483648
3196059648
3212836864
3221225472
3196059648
0
0
2147483648
3204448256
1048576000
3196059648
3204448256
1061158912
2147483648
1065353216
1065353216
1048576000
3196059648
1069547520
1056964608
3217031168
1067450368
1048576000
3204448256
2147483648
1048576000
1056964608
3204448256
0
3196059648
1065353216
3223322624
3221225472
3212836864
1065353216
3208642560
3212836864
1056964608
0
3208642560
3208642560
3219128320
3208642560
0
3208642560
1067450368
1056964608
3214934016
3212836864
1073741824
3219128320
3204448256
1065353216
0
1048576000
3196059648
1048576000
3204448256
0
1067450368
3204448256
3208642560
0
1067450368
1056964608
3208642560
1065353216
1056964608
3212836864
1061158912
3196059648
1069547520
3217031168
3196059648
3204448256
3196059648
3225419776
3214934016
3208642560
3208642560
0
3212836864
0
1067450368
0
1065353216
3196059648
3208642560
3196059648
3204448256
1065353216
3204448256
1048576000
3217031168
1067450368
1071644672
1048576000
1056964608
3204448256
1067450368
3217031168
2147483648
1056964608
3196059648
3212836864
3196059648
3208642560
3196059648
1061158912
0
3217031168
0
3214934016
1056964608
3214934016
0
3217031168
3214934016
3217031168
3208642560
3196059648
2147483648
1061158912
3196059648
0
1067450368
3204448256
1061158912
1056964608
1073741824
3204448256
3219128320
1048576000
3219128320
3219128320
3196059648
1048576000
3196059648
1056964608
1067450368
3208642560
3204448256
1069547520
1061158912
1056964608
3208642560
3196059648
1061158912
3208642560
3212836864
1056964608
3217031168
1061158912
3214934016
1065353216
1065353216
3196059648
3212836864
2147483648
3221225472
1048576000
3208642560
0
1056964608
2147483648
1069547520
3208642560
0
1061158912
3212836864
1048576000
2147483648
3204448256
1048576000
3222274048
3208642560
3196059648
3204448256
1048576000
3196059648
1061158912
1048576000
3196059648
1056964608
1056964608
3196059648
1056964608
1061158912
3212836864
3217031168
1048576000
3196059648
1056964608
3212836864
3212836864
0
2147483648
1056964608
1056964608
0
1056964608
3212836864
3196059648
3204448256
3204448256
1071644672
3212836864
1069547520
1061158912
2147483648
1061158912
3196059648
1071644672
3217031168
2147483648
1056964608
1065353216
3196059648
1048576000
3217031168
1056964608
3214934016
3208642560
3219128320
0
2147483648
3214934016
1067450368
0
1048576000
3196059648
3196059648
1056964608
3212836864
1056964608
3212836864
3212836864
1065353216
3208642560
1069547520
1073741824
0
3222274048
1067450368
3214934016
1065353216
3196059648
1048576000
1056964608
3214934016
1061158912
3196059648
3208642560
1048576000
3208642560
3208642560
3212836864
1074790400
3196059648
1073741824
3204448256
1056964608
0
3204448256
1061158912
1056964608
1061158912
1061158912
2147483648
3212836864
1061158912
3196059648
2147483648
0
1048576000
3196059648
3212836864
1048576000
1056964608
3196059648
3196059648
3217031168
0
3214934016
3204448256
1056964608
1061158912
2147483648
3204448256
1067450368
3204448256
3212836864
2147483648
3208642560
3219128320
1067450368
1048576000
1067450368
1056964608
2147483648
1071644672
1069547520
3217031168
1067450368
1048576000
2147483648
1056964608
3214934016
3214934016
1061158912
1061158912
3222274048
3208642560
3204448256
1065353216
1067450368
1048576000
3212836864
1056964608
3204448256
3222274048
1073741824
3208642560
3196059648
3222274048
1048576000
1061158912
3196059648
1067450368
3196059648
1056964608
1061158912
1069547520
1067450368
1061158912
1065353216
3208642560
3212836864
2147483648
3208642560
1048576000
3219128320
3212836864
1065353216
3212836864
1048576000
3219128320
1067450368
1048576000
1065353216
1073741824
3212836864
3196059648
3204448256
3217031168
3208642560
3208642560
0
0
3221225472
2147483648
3204448256
0
0
1061158912
3221225472
1048576000
3196059648
3204448256
3212836864
1048576000
1067450368
1048576000
3212836864
3208642560
3204448256
3219128320
3196059648
1071644672
1065353216
3219128320
1056964608
2147483648
3196059648
3208642560
1056964608
1056964608
1071644672
1048576000
3196059648
3208642560
3208642560
3204448256
1048576000
1065353216
2147483648
1069547520
3204448256
3196059648
0
3196059648
3196059648
1061158912
1075838976
1061158912
1074790400
1067450368
1067450368
3217031168
1056964608
2147483648
1069547520
3214934016
2147483648
1073741824
3204448256
3208642560
1056964608
1048576000
3208642560
1061158912
2147483648
1065353216
0
3208642560
1067450368
3204448256
1067450368
1065353216
3196059648
3196059648
1071644672
3222274048
3212836864
1061158912
3196059648
1048576000
1056964608
3196059648
3212836864
1065353216
1073741824
3222274048
3219128320
3217031168
1056964608
1067450368
3222274048
3208642560
3219128320
3212836864
1071644672
0
3204448256
1048576000
1061158912
1056964608
3219128320
1048576000
1073741824
3219128320
1048576000
3196059648
2147483648
0
3196059648
1067450368
1056964608
1048576000
1067450368
3196059648
1056964608
3204448256
1048576000
3196059648
3217031168
3212836864
3196059648
3208642560
1065353216
1048576000
1048576000
1056964608
0
0
2147483648
3214934016
3204448256
1065353216
3204448256
3204448256
2147483648
1073741824
3208642560
1048576000
1048576000
1067450368
3204448256
3208642560
1048576000
0
1065353216
3196059648
2147483648
1069547520
1071644672
1048576000
1067450368
3204448256
3212836864
3208642560
1061158912
0
3204448256
2147483648
1048576000
3208642560
1071644672
1056964608
3196059648
1048576000
1065353216
1048576000
1069547520
3212836864
3212836864
1065353216
1075838976
3214934016
3208642560
1067450368
3208642560
1071644672
2147483648
3196059648
3219128320
0
1061158912
3208642560
1061158912
1065353216
3196059648
3204448256
0
1069547520
1061158912
3219128320
3222274048
1075838976
3204448256
1061158912
1056964608
2147483648
0
1065353216
1056964608
3217031168
2147483648
1061158912
1071644672
3196059648
1069547520
3196059648
3196059648
3217031168
3208642560
3212836864
1056964608
1065353216
1061158912
3214934016
3204448256
3221225472
3212836864
3196059648
3214934016
1048576000
3196059648
1061158912
3204448256
3219128320
3204448256
1073741824
1056964608
3204448256
1048576000
1048576000
1048576000
1048576000
3204448256
1056964608
3208642560
0
1069547520
1061158912
1056964608
1061158912
2147483648
1061158912
1061158912
1048576000
3204448256
1056964608
1069547520
1069547520
1069547520
1048576000
2147483648
3219128320
3204448256
3196059648
3196059648
0
3196059648
3204448256
1065353216
2147483648
3224371200
1048576000
1048576000
3214934016
1048576000
1056964608
1067450368
3204448256
0
1048576000
3212836864
3196059648
3204448256
1048576000
3196059648
1065353216
3217031168
3208642560
3219128320
3204448256
1056964608
1048576000
1056964608
1056964608
1056964608
1065353216
3204448256
3196059648
2147483648
3222274048
1069547520
3217031168
3212836864
1048576000
1073741824
3208642560
3204448256
0
1048576000
1048576000
0
0
1073741824
2147483648
3212836864
1048576000
2147483648
1067450368
3204448256
1061158912
3208642560
3217031168
1061158912
1061158912
3196059648
3196059648
1065353216
3208642560
3196059648
3196059648
1048576000
1071644672
3196059648
3221225472
3196059648
1075838976
3208642560
1048576000
1056964608
1069547520
3221225472
1048576000
2147483648
0
3223322624
1048576000
3214934016
1061158912
3212836864
0
1075838976
3223322624
1056964608
1048576000
1071644672
2147483648
1056964608
0
1048576000
1073741824
3208642560
3208642560
0
1065353216
3212836864
1065353216
1069547520
1048576000
1056964608
3196059648
1056964608
3212836864
1048576000
1061158912
3204448256
3196059648
3196059648
1056964608
3212836864
2147483648
3219128320
1048576000
1067450368
3204448256
3217031168
3208642560
0
0
3204448256
3196059648
3217031168
1056964608
1056964608
1069547520
1069547520
1067450368
3204448256
3214934016
1061158912
3196059648
1056964608
1071644672
3212836864
3212836864
3196059648
1067450368
1048576000
3196059648
3204448256
3208642560
1065353216
1048576000
1065353216
3217031168
1061158912
1065353216
1065353216
3196059648
3204448256
1069547520
3196059648
1061158912
3222274048
1067450368
3219128320
3208642560
3196059648
3217031168
1061158912
3196059648
1048576000
1056964608
1076887552
3196059648
3204448256
1065353216
3212836864
3221225472
2147483648
1065353216
1061158912
1076887552
2147483648
3208642560
1056964608
1069547520
1067450368
3196059648
1048576000
3212836864
3212836864
2147483648
3208642560
1048576000
3196059648
1073741824
3214934016
3224371200
3204448256
1071644672
1048576000
2147483648
1061158912
1071644672
3217031168
3217031168
2147483648
3217031168
3208642560
1048576000
1065353216
2147483648
3212836864
1061158912
3196059648
3196059648
1061158912
3212836864
1075838976
0
1067450368
1073741824
1056964608
3214934016
2147483648
1069547520
1069547520
3221225472
0
3212836864
3212836864
1065353216
3208642560
3223322624
1056964608
3217031168
1067450368
3204448256
1067450368
1056964608
1061158912
1056964608
1067450368
1061158912
3214934016
3204448256
1048576000
3214934016
1069547520
0
1048576000
3212836864
3212836864
3204448256
1048576000
3214934016
1074790400
3208642560
1048576000
1069547520
1073741824
3214934016
3212836864
2147483648
1048576000
2147483648
3196059648
3196059648
0
3221225472
0
3217031168
0
1048576000
1069547520
1065353216
3204448256
3221225472
3219128320
1056964608
1071644672
1048576000
1048576000
1061158912
1056964608
0
0
3196059648
1056964608
3219128320
0
3204448256
1069547520
1065353216
3208642560
1074790400
1069547520
1069547520
1056964608
1071644672
1065353216
1048576000
1061158912
3196059648
2147483648
1069547520
1056964608
1048576000
1056964608
3204448256
1048576000
1056964608
3204448256
3219128320
3214934016
3217031168
3196059648
1048576000
1069547520
1061158912
3196059648
1048576000
3214934016
3219128320
1048576000
3212836864
1065353216
3208642560
3214934016
3208642560
1065353216
3219128320
0
3222274048
3217031168
3219128320
3208642560
2147483648
3204448256
3204448256
3208642560
1061158912
3221225472
3212836864
1067450368
1061158912
3196059648
3196059648
1048576000
1056964608
3214934016
3208642560
3212836864
1069547520
3217031168
1071644672
1071644672
1071644672
1056964608
3212836864
1065353216
3196059648
0
0
3204448256
3196059648
3217031168
1071644672
1065353216
1048576000
3196059648
1065353216
3196059648
3204448256
1065353216
3196059648
3196059648
3196059648
3224371200
3204448256
1048576000
1048576000
3225419776
3204448256
1056964608
1061158912
1056964608
1067450368
1061158912
1071644672
3217031168
3221225472
1061158912
3212836864
1073741824
1067450368
1067450368
1076887552
3208642560
2147483648
3204448256
3217031168
1074790400
1067450368
2147483648
3212836864
3196059648
3204448256
2147483648
3196059648
3214934016
3208642560
3208642560
1048576000
1048576000
1048576000
3196059648
1069547520
3204448256
3214934016
2147483648
3208642560
3212836864
0
1056964608
1061158912
3204448256
1065353216
3204448256
3212836864
3212836864
3196059648
3204448256
3221225472
3217031168
1048576000
3212836864
3196059648
3208642560
1048576000
1065353216
1048576000
2147483648
3208642560
3212836864
3221225472
1048576000
0
1048576000
1065353216
3196059648
3208642560
3204448256
3208642560
3219128320
2147483648
3208642560
0
3204448256
1071644672
0
1048576000
1080033280
1056964608
0
1071644672
3212836864
3214934016
3196059648
3214934016
1048576000
2147483648
3208642560
2147483648
3217031168
0
0
3196059648
1048576000
3196059648
1056964608
1056964608
1071644672
1069547520
1067450368
3196059648
3212836864
3212836864
2147483648
3214934016
0
3196059648
1048576000
3208642560
3208642560
3212836864
1056964608
3214934016
1065353216
3204448256
2147483648
3212836864
1067450368
3217031168
1069547520
0
3208642560
3204448256
3204448256
1056964608
3204448256
3204448256
0
3212836864
3212836864
3223322624
1061158912
1056964608
1061158912
3204448256
1056964608
1061158912
1075838976
3196059648
3196059648
1061158912
1065353216
3214934016
3196059648
3208642560
1048576000
1056964608
1056964608
1056964608
3217031168
1069547520
1061158912
3222274048
1056964608
3204448256
3208642560
1065353216
1067450368
3196059648
1065353216
1065353216
1075838976
0
3196059648
3196059648
1048576000
3208642560
3221225472
3219128320
3212836864
1061158912
3208642560
1073741824
3204448256
3217031168
3208642560
1061158912
1061158912
0
2147483648
1056964608
1056964608
3196059648
1048576000
1076887552
0
3204448256
1065353216
3208642560
3222274048
3204448256
1056964608
1061158912
1069547520
1061158912
3204448256
3212836864
1056964608
3196059648
1061158912
0
1074790400
1048576000
0
3204448256
3217031168
1061158912
1067450368
3196059648
3221225472
1056964608
1065353216
1056964608
2147483648
1048576000
1067450368
1056964608
1048576000
3217031168
3219128320
3204448256
1056964608
3219128320
1061158912
1048576000
1048576000
1048576000
3214934016
3208642560
1075838976
1061158912
0
3208642560
1048576000
3219128320
1056964608
1056964608
3212836864
1061158912
1056964608
0
3196059648
1069547520
1056964608
3217031168
3196059648
3212836864
1067450368
2147483648
2147483648
2147483648
0
1069547520
3196059648
1071644672
1061158912
1067450368
1074790400
3225419776
1065353216
2147483648
2147483648
0
3212836864
1065353216
1065353216
3212836864
3196059648
3204448256
3212836864
3196059648
3196059648
1065353216
1074790400
2147483648
0
1056964608
1048576000
3217031168
3212836864
1061158912
1065353216
1061158912
3214934016
1069547520
1048576000
1056964608
3196059648
1065353216
1048576000
3196059648
1065353216
1065353216
1061158912
3223322624
1048576000
1061158912
1048576000
3196059648
2147483648
1067450368
2147483648
1048576000
3196059648
1056964608
3204448256
1061158912
1061158912
1071644672
1067450368
3204448256
1061158912
3221225472
3221225472
1065353216
3217031168
0
1061158912
1067450368
1056964608
1061158912
1069547520
3196059648
3196059648
1056964608
3208642560
3217031168
3196059648
3204448256
1061158912
1056964608
3208642560
3196059648
3196059648
3224371200
1067450368
1048576000
1061158912
3204448256
1071644672
1048576000
2147483648
1071644672
1065353216
2147483648
3222274048
2147483648
0
0
1071644672
3208642560
1056964608
3196059648
1048576000
2147483648
1056964608
1067450368
1048576000
1048576000
3208642560
1073741824
1065353216
1061158912
1056964608
1067450368
3214934016
1067450368
3204448256
1061158912
1061158912
3208642560
1056964608
3222274048
1048576000
1048576000
1056964608
1065353216
3196059648
1061158912
3196059648
1067450368
1065353216
1048576000
2147483648
1067450368
3214934016
0
1065353216
3219128320
1048576000
3214934016
3204448256
3214934016
3208642560
3196059648
1048576000
3221225472
1056964608
3208642560
1075838976
3212836864
3219128320
3204448256
3196059648
1048576000
1048576000
3224371200
1067450368
3196059648
0
1067450368
1065353216
1067450368
3196059648
3196059648
3214934016
0
3222274048
1061158912
0
1061158912
1069547520
1067450368
3208642560
1069547520
1056964608
3214934016
3208642560
1071644672
3196059648
3196059648
1048576000
1065353216
1061158912
2147483648
0
1056964608
3208642560
1056964608
1071644672
3214934016
1056964608
3212836864
3214934016
3196059648
3196059648
3222274048
3196059648
column 5 2000
1032494539
0
0
0
1075772012
0
0
0
1028824334
0
0
1077705350
1074949473
0
0
1046577043
1088079540
0
0
1074190025
0
1072164465
0
1070211596
0
1057712455
0
0
1084906122
0
1085500721
1060682306
0
1093420174
1078568226
1091309419
0
0
0
1072381397
0
0
1072794705
1033636685
1068370384
0
1059627828
0
0
1068345710
0
1069969882
0
0
1082477546
1081555041
1084134401
1051871467
0
1069740256
1042240156
1047435651
0
0
0
1080113777
1064295166
0
0
0
1082561823
1076182929
0
0
1088869302
1034550852
1072254178
1074972393
1074909660
969691855
1078002626
0
1067484319
1072185342
1074922827
0
1087122341
1062431439
0
0
1089085140
1055840905
1068139953
1073914905
0
1051403077
1090157351
0
1072692369
1066584168
1084075454
0
1094903931
0
1064330279
1054760215
1078517572
0
0
0
1068456434
1073096999
0
0
0
1075067795
0
0
1071150373
1066979890
1064268454
1052415224
1067850188
1082813459
1073555916
1089153197
0
1090534651
1066333020
0
1057568048
1087849633
0
0
0
1065466892
0
0
1054285307
1085725044
1062210448
1080807296
1072818020
1065829552
0
1058004959
0
1088144290
1071248747
0
1057385383
1073900224
0
0
1085085765
1047398763
0
0
0
0
1077243045
0
1076967586
1074864235
1070266102
1068944469
0
1057826199
0
0
1075152255
1044451154
1086523220
1089224400
1059020288
0
0
1076050944
0
0
1091036348
1063414285
1089058477
1076951902
1006887480
0
1042761959
0
1088855081
1064970262
1052137893
0
0
0
1059452598
0
1096762535
1071513132
1066114663
1069565321
1075920427
1064652240
0
0
1049758374
0
1091166507
0
0
0
1063822662
0
0
1088198817
1086644830
1067764130
0
1077979116
0
1077535332
0
1092995741
1085704026
1070380076
1075543552
0
0
0
1058228239
1058011108
1084809665
0
0
0
1079066373
0
0
0
0
1064722287
1082994240
1055726351
0
1047544404
1087072556
1055515282
1079171556
0
0
1079629518
1031780122
1069262531
1055061748
1083092897
0
1097456344
1066858007
0
1043567248
0
1082723313
1077767852
0
0
1086421306
1058518031
1071224867
0
0
1060190974
0
0
0
1069195331
1015626877
1062341196
1070243108
1075561879
1074054154
0
1100913208
1060860992
1067653845
1071176169
1097135782
1091161684
1078207837
1059355709
1084853808
0
1076329131
0
1082935337
1085424762
0
0
1064788783
0
1076960679
1056392604
1046143807
0
1065856174
1079772928
1077286390
1084427745
1077274655
1084629595
0
1059563029
1075579729
0
1082489314
0
1076139892
0
0
1090715364
1080274779
1074941531
1048301913
1083918067
1085266083
1074982459
0
0
0
1076615795
1068757525
1058086679
0
0
1075707317
0
0
1078143571
0
0
1089452830
1069649619
1102517650
1065052650
0
1081140167
1074734857
1077159967
1059936525
0
1082588356
0
1032782042
1084664525
1075550340
1101865805
1066615658
1077714315
1083095552
0
1075610247
0
1070559095
1083859528
1089750163
0
1069781159
0
1066676688
1045282842
1066720832
1087044320
1067460256
0
1074005171
1075317618
1087767895
1090040293
1050536212
0
0
0
0
0
1050873431
1081177751
1081450996
1094639140
1056933567
0
0
1086460084
0
1085885078
1069383809
0
1086983858
1065098786
0
1092627712
1087309579
0
0
1068736726
0
0
1051299227
1070255764
1058076973
1076962041
1050921162
1049205578
1059171958
0
0
0
0
1093322985
1093861311
1076124419
1052493236
0
1083792390
1055454397
1038705696
1094228138
1058898247
1072404401
1077202073
1076175031
1037906826
0
0
1060237856
1068618049
1066349782
1071259195
1074177196
1071783707
1083403682
0
1078114947
0
0
0
1071727600
1091670111
1082419215
0
1059973600
0
0
1075836148
0
1073704224
1065939353
1091548970
1100560922
1034409086
1070551153
0
0
1085271221
1061998246
0
0
1077678637
0
0
1083376516
1076775568
0
0
1084186983
1075839614
0
1065757221
1054281762
1074919257
0
0
0
0
1068663977
0
995085663
0
1060072388
0
0
1061798617
0
1065586894
1057765103
1067271801
0
1076457652
0
1076710017
0
0
0
1043101938
0
1074903484
1078002391
0
0
0
0
1062165863
1070546849
1056535451
1073929639
1106335725
1091909835
1079901734
1053648755
1074274549
1084745637
0
1049769419
1082676448
0
0
0
1045750413
0
1059632086
1082327988
1074498366
0
0
1073932505
0
0
1069930548
1042324355
1025864934
0
1063704385
0
0
1084879924
1039199522
0
1072641949
0
1060431122
1091705006
0
1058501073
1085467551
0
0
1069322641
1084308510
1096605775
0
1069395948
0
0
0
1051706141
0
0
1081993640
0
1043326919
1076761060
1054711820
0
1079770372
1039271146
0
1071869093
1087781428
0
1062317980
1085204843
0
1088106211
1081856590
1075215219
1088262945
0
1073827271
0
1075540563
0
0
0
0
0
0
1077178319
1073930298
1073629000
1057280425
0
0
1060873526
0
0
0
0
1043594135
0
0
1077478887
1074920787
0
0
0
0
0
1088509837
1049334034
0
0
0
0
1054333144
0
0
1088256308
1065896401
0
1078315709
0
0
1091978789
0
1066751908
0
1051392727
0
1072987631
0
0
0
1077093624
0
1060675706
1053663247
1078802110
0
1075837916
1077541067
0
1093109485
0
0
0
1075624333
1085722535
0
1054980160
1074836558
0
1085366896
1076033868
1071078059
0
0
1075466475
1064410560
0
0
1079577335
0
0
0
1078976197
0
1062564740
1082155205
1087688039
1057732347
1068275123
1071526726
1089040663
1077210929
1084126807
1078402431
0
0
0
0
1038017738
1071336768
1068416733
1088091993
1007290946
0
0
1063329671
0
0
1060632979
1027233475
0
0
0
1075479043
0
1077127046
1061336939
1050035134
1075573912
1067122122
1075560140
1094710950
0
1066291432
1086599796
1085992971
0
1085903730
0
0
1066658871
1075083166
1066490722
1051848810
0
1057622286
0
0
0
1075527009
0
1061567159
0
1080103975
0
0
1061760427
1083376692
1093198813
1084986246
0
1060883350
1090539947
1060221080
0
1071863901
0
0
1075822916
0
1078990548
0
0
1067497381
0
0
1074855661
1068517514
1076909472
1068074611
1068193867
1073922514
1086656507
0
1078836907
0
1089112624
1074819188
1037898469
1073264235
1064559435
1059457203
1068673822
1072672715
1069547799
0
1078335516
0
0
0
1069682906
0
0
0
1063254655
0
1076924181
1086203282
1068213472
0
0
0
1084852710
0
0
1078018060
1075728687
1062778480
0
0
0
1058077043
0
1077605904
1056947433
1041623801
0
1069155159
0
1052414796
0
0
1026417649
0
0
1068456344
0
1048968390
0
0
1070833313
1076495346
1089382118
0
0
1034323635
1055085088
1087945251
0
0
0
1076258445
0
0
1076447171
1079409900
1086007578
1080333154
1079869565
1069702596
1087314481
0
1086622281
1075099108
0
0
1075885155
0
1076168863
1067105839
1062171311
1089233745
0
1036810546
0
1068479042
1069647391
1090345274
1090926856
1083569692
1084298144
0
1091590567
0
1075900009
0
1065724507
0
0
1088676904
1049636201
1041400445
0
1082124785
0
1080266649
1067699359
0
0
1077717063
1066754345
1076080118
1054763175
0
0
0
0
1087621757
0
1047678353
1065982221
1046765950
0
0
1065311008
1044853478
0
1082457547
1039438718
0
0
1048681375
1082719667
1063448288
0
0
0
1052819531
0
0
1090568855
0
0
0
1065851147
1065453433
0
1065210181
1077490736
0
0
0
1075906126
0
1078161713
1048816398
1078763007
0
1091527494
0
0
1063819609
1073910091
1070084437
0
0
1058689142
1092315638
0
1082514551
1070733148
0
0
0
1083098133
1073629923
1082325385
1069791633
0
0
1063235076
1067395489
1083904391
1081051389
0
1073946657
0
0
0
1070274068
1083376803
1080814513
1091011685
0
1074414149
1069806162
1084949432
0
1083343257
0
1091041770
1086249711
1073200516
1089556946
1066925312
1040527899
0
0
1083927400
0
0
1084066604
0
1081799145
0
1075948681
1068497386
1069352305
0
1083020368
0
0
1073607731
0
0
0
0
1074694484
1065246832
1076547013
1079213379
1050668966
0
0
0
0
0
0
1078304278
1072595729
0
1075061181
1066832848
1070927575
1051173842
0
0
1071442063
0
0
0
1079914246
0
1074923361
1071743848
1050518675
0
0
1083157537
0
1078873072
0
0
1074063128
0
1039533772
0
1088306661
0
1062879438
1077835269
0
0
0
1073741187
1059060429
0
0
0
0
0
0
0
1069242989
1036819673
0
1078045953
0
0
0
1043901940
0
1057811513
0
0
1081932001
0
0
0
0
0
0
1082184343
1076356171
1073903851
1085370968
1058984980
0
0
1084334107
0
0
0
1084587548
0
0
1074939212
0
1079996734
0
1047575967
1083530545
1057741099
1085286293
1068499875
1040696236
1084114222
1092166070
1068482438
1073996240
1051440325
0
1088600510
1057381710
1084526833
0
0
0
0
1086307054
0
0
0
1072009845
0
0
1020076085
0
1090733909
0
1088070390
1065955880
0
0
1060690093
1075228072
0
0
0
0
0
1088902421
1052902931
1081535440
0
0
1082267273
1074326386
1066300577
0
1078072504
1055823136
1067884238
1086449733
1050541543
0
1041800804
0
0
1089859605
0
1082657315
0
0
1066069361
0
1083498440
0
0
0
0
0
1088458050
1041866673
1067656947
1083043501
0
1079744906
1038031280
0
0
1063067344
0
1080779406
0
0
1066358509
0
1083205067
0
1081530138
1090770077
1074635483
1066931433
0
0
1063979140
0
1083666100
0
1089674119
1073616267
1083881222
1075893897
1054350693
0
1083622821
0
1075931856
1074797937
0
1085892349
0
0
0
1083424147
1044958598
1089344306
1053601044
0
0
1087866531
0
0
0
0
1058168805
1075520338
1047206217
1097912612
1050409076
1083932742
1088618659
0
1038803704
1066268526
1077512155
1088536142
1069937008
0
1098452575
1050874590
1049830268
1079122344
0
1080338210
1078414755
1075933375
1072264649
1078941478
0
0
1072846606
1082995018
0
1078902120
0
0
1086179776
1057077762
0
1088047394
1079954458
1085515680
0
1085047384
1094005310
0
0
0
0
0
0
1084347956
0
1060514075
0
1042511477
1074587278
0
0
0
1090209244
0
0
0
0
0
1083783081
0
1064133198
1077803836
0
0
0
0
1071503235
1074601819
1058657258
0
1074086014
0
1060473212
1073339823
0
1088282123
1079239151
1055919775
1043872156
1061053961
0
1092405455
1090651219
1061084912
1089370018
1066874860
1070260392
1062234419
0
0
1087664052
1087767158
1069450102
0
1079948227
1076625113
0
1069254498
0
1089849495
0
0
0
1087065276
0
1044202171
1098512267
0
0
0
0
0
0
0
0
0
0
0
1059173001
0
1077003393
1060087631
0
1051516345
1073983548
0
1090847240
0
0
0
1086321956
0
0
0
0
0
1080523903
1068503857
1061015529
1070728215
0
1085209973
0
0
0
0
0
0
0
0
1083351023
1063074773
0
0
1100124051
0
1077979778
0
0
0
0
0
1077776606
0
1059554708
0
1084344709
1084851343
1073002183
0
0
0
1063298918
0
1065868228
0
1016378307
1097204597
0
1071102827
0
1074068346
1065840669
1071286948
1089551016
1071769730
1072753885
1077419671
1055521551
1077826641
0
0
1062817917
1059331471
0
0
0
1057935599
0
0
1081522852
0
1081946893
0
0
0
0
0
1090492102
0
1075093253
0
0
0
1081853804
1050483847
1068609780
0
1064062903
0
0
0
1070319113
1082939616
0
1081532296
1071148369
0
0
1076053407
1059791925
1037639670
0
1075266737
1070706463
1082984090
1083281179
1092177618
1064563030
0
1066459897
1074431959
0
0
1083194140
0
0
1067767297
1038964338
0
1058613069
1064330952
1076575281
1061579511
0
0
0
0
1080090543
0
1087691598
0
1046848933
0
0
0
0
1061197260
0
0
1048619196
1051577275
1097222040
1057412342
0
1042942445
0
1059691667
1085555116
0
0
1080625535
0
1037475017
0
1073009034
0
1062788821
0
0
0
0
1063525670
0
1049253180
1065140725
1082860812
1081308791
1084955290
1064368804
0
0
0
0
0
1079275569
1066123099
1092807006
1064083361
1085339222
1081608975
0
1053022353
1073856164
1076818980
0
1085190015
0
0
0
0
0
1064235734
0
1069478686
1079397017
1075788775
1052430823
1076320146
1036542509
1059548740
1074985583
1067047525
1091358807
0
0
1077952788
0
1070789873
0
0
1071516585
0
0
0
0
0
1051825930
1069911944
1063683258
0
1050789777
0
1078786925
1070630879
0
1078578620
1059245183
1079302392
0
0
1044401243
1066927014
1037472519
1072939843
1061355393
0
1077046672
0
0
0
1046151213
1073944969
0
1076132180
0
1077761204
1093838279
0
1081414774
0
0
1062033091
1094457483
1072967637
1078862146
1070737255
0
1027905618
0
0
0
0
0
1084289744
1063557396
0
1087489128
1085979282
0
1062887242
1074161446
1076930169
0
1068523763
964334699
0
0
1092785078
0
1092279493
0
1085183601
0
1083260111
0
0
1045109327
1068905858
0
0
0
0
0
1057862557
0
1077685215
0
1067084493
1087759717
0
0
1082770285
1082601275
1049921527
1075650719
1086074466
0
0
0
1073893307
1052588095
1066752810
0
0
1088031706
1071120478
1055735585
1082137528
0
1056173639
1067652939
1082501428
1079583295
0
1036747823
1059198568
0
1069604917
1069078073
0
0
1065582460
1052911489
1065591812
1072943796
1086893307
0
1074181100
0
0
1032002856
0
1087334234
0
0
0
1075713954
1066490269
1077026995
1058317091
1083785411
0
0
1066401847
1067790689
1073680339
0
0
1075353622
0
0
0
1051758722
1069113374
0
1068866634
1039637648
0
1061328202
0
1074600145
1069199482
0
0
0
1067154763
0
0
0
1083911976
1080534112
1092890535
1047760962
0
1067072708
0
0
1054937600
1063606301
1068027494
1083651289
1057767179
0
1092550143
1087689762
0
0
0
1084617048
0
0
1060496795
1058579715
1065710128
1087893226
1086532253
1067964167
0
0
0
1082215245
1082107930
1072443336
0
1087398853
1046441709
1089410266
0
1062874563
0
0
0
0
1059612994
1073474373
0
0
1085118068
1074226289
0
0
1077213802
1063227687
1087836556
0
1066581603
0
1085284590
1071103510
1065954701
0
0
0
0
0
0
1049949371
1081994459
0
1065530273
0
1089167148
0
1084310379
0
1095545056
1082177702
1057087443
1090124936
1096326570
1083225842
1068228561
0
0
0
1087690123
0
1087127003
1093608522
1077930878
1050435039
1073816051
1085767688
1072329460
1070865608
1055254197
1082136174
0
0
1099377844
0
0
1065194040
0
1098964066
1058192554
0
1059022837
0
1092124779
0
1096628707
0
1074277807
0
1069191417
1053576189
0
0
1073253779
0
1067987333
0
0
0
1073977723
0
0
1044197911
1087262027
0
0
1083627017
1043136206
0
0
0
1062579156
0
0
1077327472
1080572874
1093076005
0
1091178736
0
0
1092464620
1032546220
1086833638
0
1028796547
1083244597
1051993260
1050748717
0
1049677841
1080711527
0
1083003791
0
0
0
0
0
1043429457
0
0
1058299367
0
0
0
0
0
0
1070178681
0
0
1089509063
1084520413
0
0
1071008399
1071319730
0
1082209928
0
0
0
1058028146
0
1089165962
0
0
0
1066682416
1065494050
0
1068365730
1051906298
1085495135
0
1077598389
1062137506
1046009009
1069371608
1032523435
0
1087022826
0
0
1069710188
0
1075334493
0
1083628611
1079386839
1075616706
0
0
0
1066312377
0
1069575483
1036945600
1083407250
0
1075876151
1092474801
1053685683
1088926956
1080270792
1087034137
0
1029836238
0
0
1082802670
0
1082315711
1069046466
1060985456
1058569982
0
1072755425
1076919210
0
0
0
0
0
1084090867
1070239966
0
1066110166
1067458936
1083035978
1049570736
0
1052243480
0
0
1072849829
0
0
0
0
1078194390
0
1084880040
cases 294
case 0 GreedyLogSum 1 1
1124171776
case 0 GreedyLogSum 7 7
1106509824
1115029504
1119813632
1124171776
1126334464
1128431616
1130397696
case 0 GreedyLogSum 15 15
1098383360
1106509824
1111621632
1115029504
1117716480
1119813632
1121779712
1124171776
1125154816
1126334464
1127448576
1128431616
1129480192
1130397696
1131446272
case 0 GreedyLogSum 32 32
1089470464
1098383360
1102315520
1106509824
1109000192
1111621632
1113456640
1115029504
1116536832
1117716480
1118765056
1119813632
1120731136
1121779712
1122828288
1124171776
1124696064
1125154816
1125744640
1126334464
1126596608
1126924288
1127448576
1127907328
1128431616
1128890368
1129480192
1129938944
1130397696
1130921984
1131446272
1131970560
case 0 GreedyLogSum 63 63
1083179008
1089470464
1094189056
1098383360
1100742656
1102315520
1104412672
1106509824
1107951616
1109000192
1110310912
1111621632
1112408064
1113456640
1114243072
1115029504
1115881472
1116536832
1117192192
1117716480
1118240768
1118765056
1119420416
1119813632
1120206848
1120731136
1121255424
1121779712
1122304000
1122828288
1123614720
1124171776
1124368384
1124696064
1124958208
1125154816
1125482496
1125744640
1126006784
1126334464
1126596608
1126924288
1127186432
1127448576
1127645184
1127907328
1128169472
1128431616
1128628224
1128890368
1129218048
1129480192
1129742336
1129938944
1130135552
1130397696
1130725376
1130921984
1131184128
1131446272
1131708416
1131970560
1132167168
case 0 GreedyLogSum 128 128
1075838976
1083179008
1087373312
1089470464
1092091904
1094189056
1096286208
1098383360
1099694080
1100742656
1101791232
1102315520
1103364096
1104412672
1105461248
1106509824
1107427328
1107951616
1108475904
1109000192
1109786624
1110310912
1111097344
1111621632
1111883776
1112408064
1112932352
1113456640
1113718784
1113980928
1114243072
1114767360
1115029504
1115553792
1115881472
1116143616
1116536832
1116930048
1117192192
1117454336
1117716480
1117978624
1118240768
1118502912
1118765056
1119158272
1119420416
1119682560
1119813632
1119944704
1120206848
1120337920
1120731136
1120993280
1121255424
1121517568
1121779712
1122041856
1122304000
1122566144
1122828288
1123221504
1123614720
1123876864
1124171776
1124302848
1124368384
1124499456
1124696064
1124827136
1124958208
1125089280
1125154816
1125285888
1125482496
1125613568
1125744640
1125875712
1126006784
1126137856
1126334464
1126465536
1126596608
1126793216
1126924288
1127055360
1127186432
1127317504
1127448576
1127514112
1127645184
1127776256
1127907328
1128103936
1128169472
1128366080
1128431616
1128497152
1128628224
1128759296
1128890368
1129021440
1129218048
1129414656
1129480192
1129611264
1129742336
1129873408
1129938944
1130004480
1130135552
1130266624
1130397696
1130528768
1130725376
1130856448
1130921984
1131053056
1131184128
1131315200
1131446272
1131577344
1131708416
1131839488
1131970560
1132101632
1132167168
1132232704
case 0 GreedyLogSum 254 254
1056964608
1069547520
1075838976
1080033280
1083179008
1085276160
1087373312
1089470464
1091043328
1092091904
1093140480
1094189056
1095237632
1096286208
1097334784
1098383360
1099169792
1099694080
1100218368
1100742656
1101266944
1101791232
1102315520
1102839808
1103364096
1103888384
1104412672
1104936960
1105461248
1105985536
1106509824
1107034112
1107427328
1107689472
1107951616
1108213760
1108475904
1108738048
1109000192
1109262336
1109524480
1109786624
1110048768
1110310912
1110573056
1110835200
1111097344
1111359488
1111621632
1111883776
1112145920
1112408064
1112670208
1112932352
1113194496
1113456640
1113718784
1113980928
1114243072
1114505216
1114767360
1115029504
1115291648
1115553792
1115750400
1115881472
1116012544
1116143616
1116274688
1116405760
1116536832
1116667904
1116798976
1116930048
1117061120
1117192192
1117323264
1117454336
1117585408
1117716480
1117847552
1117978624
1118109696
1118240768
1118371840
1118502912
1118633984
1118765056
1118896128
1119158272
1119289344
1119420416
1119551488
1119682560
1119813632
1119944704
1120075776
1120206848
1120337920
1120468992
1120600064
1120731136
1120862208
1120993280
1121124352
1121255424
1121386496
1121517568
1121648640
1121779712
1121910784
1122041856
1122172928
1122304000
1122435072
1122566144
1122697216
1122828288
1122959360
1123090432
1123221504
1123352576
1123483648
1123614720
1123745792
1123876864
1124007936
1124106240
1124171776
1124237312
1124302848
1124368384
1124433920
1124499456
1124564992
1124630528
1124696064
1124761600
1124827136
1124892672
1124958208
1125023744
1125089280
1125154816
1125220352
1125285888
1125351424
1125416960
1125482496
1125548032
1125613568
1125679104
1125744640
1125810176
1125875712
1125941248
1126006784
1126072320
1126137856
1126203392
1126268928
1126334464
1126400000
1126465536
1126531072
1126596608
1126662144
1126727680
1126793216
1126858752
1126924288
1126989824
1127055360
1127120896
1127186432
1127251968
1127317504
1127383040
1127448576
1127514112
1127579648
1127645184
1127710720
1127776256
1127841792
1127907328
1127972864
1128038400
1128103936
1128169472
1128235008
1128300544
1128366080
1128431616
1128497152
1128562688
1128628224
1128693760
1128759296
1128824832
1128890368
1128955904
1129021440
1129086976
1129152512
1129218048
1129283584
1129349120
1129414656
1129480192
1129545728
1129611264
1129676800
1129742336
1129807872
1129873408
1129938944
1130004480
1130070016
1130135552
1130201088
1130266624
1130332160
1130397696
1130463232
1130528768
1130594304
1130659840
1130725376
1130790912
1130856448
1130921984
1130987520
1131053056
1131118592
1131184128
1131249664
1131315200
1131380736
1131446272
1131511808
1131577344
1131642880
1131708416
1131773952
1131839488
1131905024
1131970560
1132036096
1132101632
1132167168
1132232704
1132298240
1132363776
case 0 Median 1 1
1124171776
case 0 Median 7 7
1105985536
1115029504
1119813632
1124171776
1126334464
1128366080
1130397696
case 0 Median 15 15
1097334784
1105985536
1111359488
1115029504
1117716480
1119813632
1121779712
1124171776
1125154816
1126334464
1127383040
1128366080
1129480192
1130397696
1131446272
case 0 Median 32 32
1087373312
1097334784
1101791232
1105985536
1108475904
1111097344
1112932352
1114505216
1116143616
1117454336
1118502912
1119551488
1120337920
1121255424
1122435072
1123614720
1124433920
1124958208
1125482496
1125941248
1126531072
1127120896
1127514112
1128038400
1128497152
1129021440
1129545728
1130004480
1130397696
1130921984
1131446272
1131970560
case 0 Median 63 63
1080033280
1087373312
1093140480
1097334784
1100742656
1102315520
1104412672
1105985536
1107689472
1108738048
1110048768
1111359488
1112145920
1113456640
1113980928
1115029504
1115881472
1116536832
1117192192
1117716480
1118240768
1118765056
1119420416
1119813632
1120206848
1120731136
1121255424
1121779712
1122435072
1122959360
1123614720
1124171776
1124433920
1124696064
1124958208
1125154816
1125482496
1125810176
1126006784
1126334464
1126596608
1126858752
1127186432
1127383040
1127579648
1127841792
1128169472
1128366080
1128628224
1128890368
1129218048
1129480192
1129742336
1129938944
1130135552
1130397696
1130659840
1130921984
1131184128
1131446272
1131642880
1131970560
1132167168
case 0 Median 128 128
1069547520
1080033280
1085276160
1087373312
1091043328
1093140480
1095237632
1097334784
1099169792
1100742656
1101266944
1102315520
1102839808
1103888384
1104936960
1105985536
1107034112
1107689472
1108213760
1108475904
1109262336
1110048768
1110835200
1111359488
1111621632
1112145920
1112670208
1113194496
1113718784
1113980928
1114505216
1114767360
1115291648
1115750400
1116012544
1116405760
1116798976
1117192192
1117323264
1117585408
1117847552
1118109696
1118502912
1118633984
1119027200
1119289344
1119551488
1119682560
1119944704
1120206848
1120337920
1120600064
1120862208
1121124352
1121386496
1121648640
1121910784
1122172928
1122566144
1122697216
1123221504
1123483648
1123745792
1124106240
1124237312
1124368384
1124499456
1124630528
1124761600
1124892672
1125023744
1125089280
1125220352
1125416960
1125548032
1125679104
1125810176
1125941248
1126072320
1126268928
1126400000
1126531072
1126662144
1126793216
1126924288
1127120896
1127186432
1127317504
1127448576
1127514112
1127645184
1127776256
1127841792
1128038400
1128169472
1128366080
1128431616
1128562688
1128693760
1128759296
1128890368
1129021440
1129218048
1129414656
1129480192
1129611264
1129807872
1129873408
1129938944
1130070016
1130135552
1130266624
1130397696
1130463232
1130659840
1130790912
1130921984
1131053056
1131184128
1131315200
1131446272
1131577344
1131642880
1131839488
1131970560
1132036096
1132167168
1132232704
case 0 Median 254 219
1056964608
1069547520
1075838976
1080033280
1083179008
1085276160
1087373312
1089470464
1091043328
1092091904
1093140480
1094189056
1095237632
1096286208
1097334784
1099169792
1100218368
1100742656
1101266944
1101791232
1102315520
1102839808
1103364096
1104412672
1104936960
1105461248
1105985536
1106509824
1107034112
1107427328
1107689472
1107951616
1108213760
1108475904
1108738048
1109262336
1109524480
1109786624
1110048768
1110310912
1110835200
1111097344
1111359488
1111621632
1111883776
1112145920
1112670208
1112932352
1113456640
1113718784
1113980928
1114243072
1114505216
1114767360
1115029504
1115291648
1115553792
1115750400
1115881472
1116012544
1116274688
1116405760
1116536832
1116798976
1116930048
1117192192
1117323264
1117454336
1117585408
1117716480
1117847552
1117978624
1118109696
1118371840
1118502912
1118633984
1118765056
1119027200
1119158272
1119289344
1119420416
1119551488
1119682560
1119813632
1119944704
1120075776
1120206848
1120337920
1120600064
1120731136
1120862208
1120993280
1121124352
1121255424
1121386496
1121517568
1121648640
1121779712
1121910784
1122041856
1122304000
1122435072
1122566144
1122697216
1122828288
1122959360
1123221504
1123483648
1123614720
1123745792
1123876864
1124007936
1124106240
1124237312
1124302848
1124368384
1124499456
1124630528
1124696064
1124761600
1124827136
1124892672
1125023744
1125089280
1125154816
1125220352
1125285888
1125416960
1125482496
1125548032
1125613568
1125679104
1125744640
1125810176
1125875712
1125941248
1126006784
1126072320
1126268928
1126334464
1126400000
1126465536
1126531072
1126596608
1126662144
1126727680
1126793216
1126858752
1126924288
1127055360
1127120896
1127186432
1127251968
1127317504
1127383040
1127448576
1127514112
1127579648
1127645184
1127710720
1127776256
1127841792
1127907328
1127972864
1128103936
1128169472
1128300544
1128366080
1128431616
1128497152
1128562688
1128628224
1128693760
1128759296
1128890368
1128955904
1129021440
1129086976
1129218048
1129349120
1129414656
1129480192
1129545728
1129611264
1129676800
1129742336
1129807872
1129873408
1129938944
1130004480
1130070016
1130135552
1130201088
1130266624
1130332160
1130397696
1130463232
1130594304
1130659840
1130725376
1130790912
1130856448
1130987520
1131118592
1131184128
1131249664
1131315200
1131446272
1131511808
1131577344
1131642880
1131773952
1131839488
1131905024
1131970560
1132036096
1132101632
1132167168
1132298240
case 0 Uniform 1 1
1124007936
case 0 Uniform 7 7
1107230720
1115619328
1119830016
1124007936
1126129664
1128218624
1130307584
case 0 Uniform 15 15
1098842112
1107230720
1111441408
1115619328
1117741056
1119830016
1121918976
1124007936
1125085184
1126129664
1127174144
1128218624
1129263104
1130307584
1131352064
case 0 Uniform 32 32
1089947089
1098335697
1102672989
1106724305
1109035939
1111061597
1113087255
1115112913
1116411718
1117424547
1118437376
1119450205
1120463034
1121475863
1122488692
1123501521
1124293911
1124800326
1125306740
1125813155
1126319569
1126825984
1127332399
1127838813
1128345228
1128851642
1129358057
1129864471
1130370886
1130877300
1131383715
1131890129
case 0 Uniform 63 63
1082064896
1090453504
1094664192
1098842112
1100963840
1103052800
1105141760
1107230720
1108307968
1109352448
1110396928
1111441408
1112485888
1113530368
1114574848
1115619328
1116174336
1116696576
1117218816
1117741056
1118263296
1118785536
1119307776
1119830016
1120352256
1120874496
1121396736
1121918976
1122441216
1122963456
1123485696
1124007936
1124301824
1124562944
1124824064
1125085184
1125346304
1125607424
1125868544
1126129664
1126390784
1126651904
1126913024
1127174144
1127435264
1127696384
1127957504
1128218624
1128479744
1128740864
1129001984
1129263104
1129524224
1129785344
1130046464
1130307584
1130568704
1130829824
1131090944
1131352064
1131613184
1131874304
1132135424
case 0 Uniform 128 128
1073546740
1081935348
1086178423
1090323956
1092494265
1094567031
1096639798
1098712564
1099846489
1100882873
1101919256
1102955639
1103992022
1105028406
1106064789
1107101172
1107716906
1108235097
1108753289
1109271481
1109789672
1110307864
1110826055
1111344247
1111862439
1112380630
1112898822
1113417014
1113935205
1114453397
1114971588
1115489780
1115846418
1116105514
1116364609
1116623705
1116882801
1117141897
1117400993
1117660089
1117919184
1118178280
1118437376
1118696472
1118955568
1119214663
1119473759
1119732855
1119991951
1120251047
1120510143
1120769238
1121028334
1121287430
1121546526
1121805622
1122064717
1122323813
1122582909
1122842005
1123101101
1123360196
1123619292
1123878388
1124105478
1124235026
1124364574
1124494122
1124623670
1124753217
1124882765
1125012313
1125141861
1125271409
1125400957
1125530505
1125660053
1125789601
1125919149
1126048697
1126178244
1126307792
1126437340
1126566888
1126696436
1126825984
1126955532
1127085080
1127214628
1127344176
1127473724
1127603271
1127732819
1127862367
1127991915
1128121463
1128251011
1128380559
1128510107
1128639655
1128769203
1128898751
1129028298
1129157846
1129287394
1129416942
1129546490
1129676038
1129805586
1129935134
1130064682
1130194230
1130323777
1130453325
1130582873
1130712421
1130841969
1130971517
1131101065
1131230613
1131360161
1131489709
1131619257
1131748804
1131878352
1132007900
1132137448
1132266996
case 0 Uniform 254 254
1065353216
1073741824
1077936128
1082130432
1084227584
1086324736
1088421888
1090519040
1091567616
1092616192
1093664768
1094713344
1095761920
1096810496
1097859072
1098907648
1099431936
1099956224
1100480512
1101004800
1101529088
1102053376
1102577664
1103101952
1103626240
1104150528
1104674816
1105199104
1105723392
1106247680
1106771968
1107296256
1107558400
1107820544
1108082688
1108344832
1108606976
1108869120
1109131264
1109393408
1109655552
1109917696
1110179840
1110441984
1110704128
1110966272
1111228416
1111490560
1111752704
1112014848
1112276992
1112539136
1112801280
1113063424
1113325568
1113587712
1113849856
1114112000
1114374144
1114636288
1114898432
1115160576
1115422720
1115684864
1115815936
1115947008
1116078080
1116209152
1116340224
1116471296
1116602368
1116733440
1116864512
1116995584
1117126656
1117257728
1117388800
1117519872
1117650944
1117782016
1117913088
1118044160
1118175232
1118306304
1118437376
1118568448
1118699520
1118830592
1118961664
1119092736
1119223808
1119354880
1119485952
1119617024
1119748096
1119879168
1120010240
1120141312
1120272384
1120403456
1120534528
1120665600
1120796672
1120927744
1121058816
1121189888
1121320960
1121452032
1121583104
1121714176
1121845248
1121976320
1122107392
1122238464
1122369536
1122500608
1122631680
1122762752
1122893824
1123024896
1123155968
1123287040
1123418112
1123549184
1123680256
1123811328
1123942400
1124073472
1124139008
1124204544
1124270080
1124335616
1124401152
1124466688
1124532224
1124597760
1124663296
1124728832
1124794368
1124859904
1124925440
1124990976
1125056512
1125122048
1125187584
1125253120
1125318656
1125384192
1125449728
1125515264
1125580800
1125646336
1125711872
1125777408
1125842944
1125908480
1125974016
1126039552
1126105088
1126170624
1126236160
1126301696
1126367232
1126432768
1126498304
1126563840
1126629376
1126694912
1126760448
1126825984
1126891520
1126957056
1127022592
1127088128
1127153664
1127219200
1127284736
1127350272
1127415808
1127481344
1127546880
1127612416
1127677952
1127743488
1127809024
1127874560
1127940096
1128005632
1128071168
1128136704
1128202240
1128267776
1128333312
1128398848
1128464384
1128529920
1128595456
1128660992
1128726528
1128792064
1128857600
1128923136
1128988672
1129054208
1129119744
1129185280
1129250816
1129316352
1129381888
1129447424
1129512960
1129578496
1129644032
1129709568
1129775104
1129840640
1129906176
1129971712
1130037248
1130102784
1130168320
1130233856
1130299392
1130364928
1130430464
1130496000
1130561536
1130627072
1130692608
1130758144
1130823680
1130889216
1130954752
1131020288
1131085824
1131151360
1131216896
1131282432
1131347968
1131413504
1131479040
1131544576
1131610112
1131675648
1131741184
1131806720
1131872256
1131937792
1132003328
1132068864
1132134400
1132199936
1132265472
1132331008
case 0 UniformAndQuantiles 1 1
1124171776
case 0 UniformAndQuantiles 7 7
1112145920
1115553792
1120600064
1124007936
1125875712
1128235008
1129349120
case 0 UniformAndQuantiles 15 15
1104412672
1107034112
1113456640
1115553792
1118502912
1119813632
1122041856
1124007936
1125089280
1126137856
1127120896
1128235008
1128824832
1130332160
1130659840
case 0 UniformAndQuantiles 32 31
1096286208
1097334784
1105461248
1105985536
1110310912
1110573056
1113980928
1114505216
1117061120
1117192192
1119027200
1119158272
1120862208
1120993280
1122959360
1124499456
1124696064
1125482496
1125679104
1126465536
1126727680
1127448576
1127645184
1128431616
1128628224
1129414656
1129676800
1130397696
1130463232
1131380736
1131511808
case 0 UniformAndQuantiles 63 63
1087373312
1089470464
1097334784
1098383360
1101791232
1102839808
1105985536
1107034112
1108475904
1109262336
1111097344
1111359488
1112932352
1113456640
1114505216
1115553792
1116143616
1116667904
1117454336
1117716480
1118502912
1118765056
1119551488
1119813632
1120337920
1120862208
1121255424
1121910784
1122435072
1122959360
1123614720
1124007936
1124433920
1124564992
1124958208
1125089280
1125482496
1125613568
1125941248
1126137856
1126531072
1126662144
1127120896
1127186432
1127514112
1127710720
1128038400
1128235008
1128497152
1128759296
1129021440
1129283584
1129545728
1129807872
1130004480
1130332160
1130397696
1130856448
1130921984
1131380736
1131446272
1131905024
1131970560
case 0 UniformAndQuantiles 128 110
1080033280
1087373312
1089470464
1093140480
1094189056
1097334784
1098383360
1100742656
1102315520
1102839808
1103888384
1104936960
1105985536
1107034112
1107689472
1108213760
1108475904
1109262336
1110048768
1110310912
1111097344
1111359488
1112145920
1112932352
1113194496
1113980928
1114243072
1114767360
1115291648
1115750400
1116012544
1116405760
1116536832
1117061120
1117585408
1118109696
1118633984
1119158272
1119682560
1120075776
1120206848
1120600064
1120993280
1121124352
1121517568
1121648640
1122041856
1122172928
1122566144
1122697216
1123221504
1123745792
1124007936
1124171776
1124302848
1124433920
1124564992
1124696064
1124827136
1124958208
1125089280
1125220352
1125285888
1125482496
1125613568
1125679104
1125875712
1125941248
1126072320
1126203392
1126465536
1126727680
1126989824
1127251968
1127448576
1127514112
1127645184
1127776256
1127907328
1128038400
1128235008
1128300544
1128431616
1128562688
1128693760
1128824832
1128955904
1129021440
1129283584
1129349120
1129480192
1129545728
1129807872
1129938944
1130070016
1130201088
1130332160
1130397696
1130594304
1130659840
1130856448
1130921984
1131118592
1131184128
1131380736
1131446272
1131642880
1131905024
1131970560
1132167168
case 0 UniformAndQuantiles 254 187
1069547520
1080033280
1085276160
1087373312
1089470464
1091043328
1092091904
1093140480
1094189056
1095237632
1096286208
1097334784
1098383360
1099169792
1099694080
1100742656
1101791232
1102315520
1102839808
1103888384
1104412672
1104936960
1105461248
1105985536
1107034112
1107689472
1108213760
1108738048
1109262336
1109524480
1109786624
1110048768
1110310912
1110835200
1111359488
1111883776
1112145920
1112408064
1112932352
1113456640
1113718784
1113980928
1114505216
1115029504
1115553792
1115881472
1116143616
1116405760
1116536832
1116667904
1116930048
1117192192
1117454336
1117716480
1117847552
1117978624
1118240768
1118502912
1118765056
1119027200
1119158272
1119289344
1119420416
1119551488
1119682560
1119813632
1120075776
1120206848
1120337920
1120468992
1120600064
1120731136
1120862208
1120993280
1121124352
1121255424
1121386496
1121517568
1121648640
1121779712
1121910784
1122041856
1122172928
1122435072
1122566144
1122697216
1122959360
1123221504
1123483648
1123614720
1123745792
1124007936
1124171776
1124302848
1124433920
1124564992
1124696064
1124827136
1124958208
1125089280
1125154816
1125220352
1125351424
1125482496
1125613568
1125679104
1125744640
1125810176
1125875712
1126006784
1126137856
1126203392
1126268928
1126334464
1126400000
1126465536
1126531072
1126596608
1126662144
1126793216
1126858752
1126924288
1127055360
1127186432
1127317504
1127383040
1127448576
1127514112
1127579648
1127710720
1127776256
1127841792
1127972864
1128038400
1128103936
1128169472
1128235008
1128300544
1128366080
1128497152
1128628224
1128759296
1128890368
1129021440
1129152512
1129218048
1129283584
1129414656
1129480192
1129545728
1129611264
1129676800
1129742336
1129807872
1129873408
1129938944
1130070016
1130135552
1130201088
1130266624
1130332160
1130397696
1130463232
1130594304
1130659840
1130725376
1130790912
1130856448
1130921984
1130987520
1131118592
1131184128
1131249664
1131315200
1131380736
1131446272
1131511808
1131577344
1131642880
1131773952
1131839488
1131905024
1131970560
1132036096
1132167168
1132232704
1132298240
case 0 MaxLogSum 1 1
1124171776
case 0 MaxLogSum 7 7
1106509824
1115291648
1119944704
1124237312
1126400000
1128431616
1130397696
case 0 MaxLogSum 15 15
1098383360
1106509824
1111621632
1115291648
1117847552
1119944704
1121910784
1124237312
1125220352
1126400000
1127448576
1128431616
1129480192
1130397696
1131446272
case 0 MaxLogSum 32 32
1089470464
1099169792
1102839808
1106509824
1108738048
1111359488
1113194496
1114767360
1116274688
1117585408
1118633984
1119682560
1120468992
1121386496
1122566144
1123745792
1124433920
1124958208
1125482496
1126006784
1126531072
1127120896
1127514112
1128038400
1128497152
1129021440
1129611264
1130070016
1130463232
1130987520
1131511808
1131970560
case 0 MaxLogSum 63 63
1083179008
1089470464
1094189056
1099169792
1101266944
1102839808
1104936960
1106509824
1107951616
1109000192
1110310912
1111621632
1112408064
1113456640
1114243072
1115291648
1116012544
1116667904
1117323264
1117847552
1118371840
1118896128
1119551488
1119944704
1120337920
1120862208
1121386496
1121910784
1122566144
1123090432
1123745792
1124237312
1124499456
1124761600
1125089280
1125285888
1125613568
1125875712
1126137856
1126465536
1126727680
1127055360
1127317504
1127514112
1127776256
1128038400
1128300544
1128497152
1128759296
1129021440
1129414656
1129611264
1129873408
1130070016
1130266624
1130463232
1130725376
1130987520
1131249664
1131511808
1131708416
1131970560
1132167168
case 0 MaxLogSum 128 128
1069547520
1080033280
1083179008
1087373312
1091043328
1093140480
1095237632
1097334784
1099169792
1100218368
1101266944
1102315520
1103364096
1104412672
1105461248
1106509824
1107427328
1107951616
1108475904
1109000192
1109786624
1110310912
1111097344
1111621632
1112145920
1112670208
1113194496
1113718784
1113980928
1114505216
1115029504
1115553792
1115881472
1116143616
1116536832
1116930048
1117323264
1117585408
1117847552
1117978624
1118371840
1118633984
1118765056
1119158272
1119420416
1119682560
1119944704
1120206848
1120337920
1120600064
1120862208
1121124352
1121386496
1121648640
1121910784
1122172928
1122566144
1122697216
1122959360
1123352576
1123745792
1124007936
1124171776
1124302848
1124433920
1124564992
1124696064
1124827136
1124958208
1125089280
1125154816
1125285888
1125482496
1125613568
1125744640
1125875712
1126006784
1126137856
1126334464
1126465536
1126596608
1126727680
1126858752
1126989824
1127120896
1127251968
1127383040
1127448576
1127514112
1127579648
1127710720
1127841792
1127907328
1128103936
1128235008
1128366080
1128431616
1128497152
1128628224
1128759296
1128890368
1129021440
1129218048
1129414656
1129480192
1129611264
1129742336
1129873408
1129938944
1130004480
1130135552
1130201088
1130332160
1130463232
1130659840
1130725376
1130856448
1130987520
1131118592
1131249664
1131380736
1131511808
1131642880
1131773952
1131905024
1132036096
1132167168
1132232704
case 0 MaxLogSum 254 254
1056964608
1069547520
1075838976
1080033280
1083179008
1085276160
1087373312
1089470464
1091043328
1092091904
1093140480
1094189056
1095237632
1096286208
1097334784
1098383360
1099169792
1099694080
1100218368
1100742656
1101266944
1101791232
1102315520
1102839808
1103364096
1103888384
1104412672
1104936960
1105461248
1105985536
1106509824
1107034112
1107427328
1107689472
1107951616
1108213760
1108475904
1108738048
1109000192
1109262336
1109524480
1109786624
1110048768
1110310912
1110573056
1110835200
1111097344
1111359488
1111621632
1111883776
1112145920
1112408064
1112670208
1112932352
1113194496
1113456640
1113718784
1113980928
1114243072
1114505216
1114767360
1115029504
1115291648
1115553792
1115750400
1115881472
1116012544
1116143616
1116274688
1116405760
1116536832
1116667904
1116798976
1116930048
1117061120
1117192192
1117323264
1117454336
1117585408
1117716480
1117847552
1117978624
1118109696
1118240768
1118371840
1118502912
1118633984
1118765056
1118896128
1119158272
1119289344
1119420416
1119551488
1119682560
1119813632
1119944704
1120075776
1120206848
1120337920
1120468992
1120600064
1120731136
1120862208
1120993280
1121124352
1121255424
1121386496
1121517568
1121648640
1121779712
1121910784
1122041856
1122172928
1122304000
1122435072
1122566144
1122697216
1122828288
1122959360
1123090432
1123221504
1123352576
1123483648
1123614720
1123745792
1123876864
1124007936
1124106240
1124171776
1124237312
1124302848
1124368384
1124433920
1124499456
1124564992
1124630528
1124696064
1124761600
1124827136
1124892672
1124958208
1125023744
1125089280
1125154816
1125220352
1125285888
1125351424
1125416960
1125482496
1125548032
1125613568
1125679104
1125744640
1125810176
1125875712
1125941248
1126006784
1126072320
1126137856
1126203392
1126268928
1126334464
1126400000
1126465536
1126531072
1126596608
1126662144
1126727680
1126793216
1126858752
1126924288
1126989824
1127055360
1127120896
1127186432
1127251968
1127317504
1127383040
1127448576
1127514112
1127579648
1127645184
1127710720
1127776256
1127841792
1127907328
1127972864
1128038400
1128103936
1128169472
1128235008
1128300544
1128366080
1128431616
1128497152
1128562688
1128628224
1128693760
1128759296
1128824832
1128890368
1128955904
1129021440
1129086976
1129152512
1129218048
1129283584
1129349120
1129414656
1129480192
1129545728
1129611264
1129676800
1129742336
1129807872
1129873408
1129938944
1130004480
1130070016
1130135552
1130201088
1130266624
1130332160
1130397696
1130463232
1130528768
1130594304
1130659840
1130725376
1130790912
1130856448
1130921984
1130987520
1131053056
1131118592
1131184128
1131249664
1131315200
1131380736
1131446272
1131511808
1131577344
1131642880
1131708416
1131773952
1131839488
1131905024
1131970560
1132036096
1132101632
1132167168
1132232704
1132298240
1132363776
case 0 MinEntropy 1 1
1124171776
case 0 MinEntropy 7 7
1106509824
1115291648
1119944704
1124237312
1126400000
1128431616
1130397696
case 0 MinEntropy 15 15
1098383360
1106509824
1111621632
1115291648
1117847552
1119944704
1121910784
1124237312
1125220352
1126400000
1127448576
1128431616
1129480192
1130397696
1131446272
case 0 MinEntropy 32 32
1089470464
1099169792
1102839808
1106509824
1108738048
1111359488
1113194496
1114767360
1116274688
1117585408
1118633984
1119682560
1120468992
1121386496
1122566144
1123745792
1124433920
1124958208
1125482496
1126006784
1126531072
1127120896
1127514112
1128038400
1128497152
1129021440
1129611264
1130070016
1130463232
1130987520
1131511808
1131970560
case 0 MinEntropy 63 63
1083179008
1089470464
1094189056
1099169792
1101266944
1102839808
1104936960
1106509824
1107951616
1109000192
1110310912
1111621632
1112408064
1113456640
1114243072
1115291648
1116012544
1116667904
1117323264
1117847552
1118371840
1118896128
1119551488
1119944704
1120337920
1120862208
1121386496
1121910784
1122566144
1123090432
1123745792
1124237312
1124499456
1124761600
1125089280
1125285888
1125613568
1125875712
1126137856
1126465536
1126727680
1127055360
1127317504
1127514112
1127776256
1128038400
1128300544
1128497152
1128759296
1129021440
1129414656
1129611264
1129873408
1130070016
1130266624
1130463232
1130725376
1130987520
1131249664
1131511808
1131708416
1131970560
1132167168
case 0 MinEntropy 128 128
1069547520
1080033280
1083179008
1087373312
1091043328
1093140480
1095237632
1097334784
1099169792
1100218368
1101266944
1102315520
1103364096
1104412672
1105461248
1106509824
1107427328
1107951616
1108475904
1109000192
1109786624
1110310912
1111097344
1111621632
1112145920
1112670208
1113194496
1113718784
1113980928
1114505216
1115029504
1115553792
1115881472
1116143616
1116536832
1116930048
1117323264
1117585408
1117847552
1117978624
1118371840
1118633984
1118765056
1119158272
1119420416
1119682560
1119813632
1120075776
1120206848
1120337920
1120600064
1120862208
1121124352
1121386496
1121648640
1121910784
1122172928
1122566144
1122697216
1122959360
1123352576
1123745792
1124007936
1124171776
1124302848
1124433920
1124564992
1124696064
1124827136
1124958208
1125089280
1125154816
1125285888
1125482496
1125613568
1125744640
1125875712
1126006784
1126137856
1126334464
1126465536
1126596608
1126727680
1126858752
1127055360
1127186432
1127317504
1127448576
1127514112
1127579648
1127710720
1127841792
1127907328
1128103936
1128235008
1128366080
1128431616
1128497152
1128628224
1128759296
1128890368
1129021440
1129218048
1129414656
1129480192
1129611264
1129742336
1129873408
1129938944
1130004480
1130135552
1130201088
1130332160
1130463232
1130659840
1130725376
1130856448
1130987520
1131118592
1131249664
1131380736
1131511808
1131642880
1131773952
1131905024
1132036096
1132167168
1132232704
case 0 MinEntropy 254 254
1056964608
1069547520
1075838976
1080033280
1083179008
1085276160
1087373312
1089470464
1091043328
1092091904
1093140480
1094189056
1095237632
1096286208
1097334784
1098383360
1099169792
1099694080
1100218368
1100742656
1101266944
1101791232
1102315520
1102839808
1103364096
1103888384
1104412672
1104936960
1105461248
1105985536
1106509824
1107034112
1107427328
1107689472
1107951616
1108213760
1108475904
1108738048
1109000192
1109262336
1109524480
1109786624
1110048768
1110310912
1110573056
1110835200
1111097344
1111359488
1111621632
1111883776
1112145920
1112408064
1112670208
1112932352
1113194496
1113456640
1113718784
1113980928
1114243072
1114505216
1114767360
1115029504
1115291648
1115553792
1115750400
1115881472
1116012544
1116143616
1116274688
1116405760
1116536832
1116667904
1116798976
1116930048
1117061120
1117192192
1117323264
1117454336
1117585408
1117716480
1117847552
1117978624
1118109696
1118240768
1118371840
1118502912
1118633984
1118765056
1118896128
1119158272
1119289344
1119420416
1119551488
1119682560
1119813632
1119944704
1120075776
1120206848
1120337920
1120468992
1120600064
1120731136
1120862208
1120993280
1121124352
1121255424
1121386496
1121517568
1121648640
1121779712
1121910784
1122041856
1122172928
1122304000
1122435072
1122566144
1122697216
1122828288
1122959360
1123090432
1123221504
1123352576
1123483648
1123614720
1123745792
1123876864
1124007936
1124106240
1124171776
1124237312
1124302848
1124368384
1124433920
1124499456
1124564992
1124630528
1124696064
1124761600
1124827136
1124892672
1124958208
1125023744
1125089280
1125154816
1125220352
1125285888
1125351424
1125416960
1125482496
1125548032
1125613568
1125679104
1125744640
1125810176
1125875712
1125941248
1126006784
1126072320
1126137856
1126203392
1126268928
1126334464
1126400000
1126465536
1126531072
1126596608
1126662144
1126727680
1126793216
1126858752
1126924288
1126989824
1127055360
1127120896
1127186432
1127251968
1127317504
1127383040
1127448576
1127514112
1127579648
1127645184
1127710720
1127776256
1127841792
1127907328
1127972864
1128038400
1128103936
1128169472
1128235008
1128300544
1128366080
1128431616
1128497152
1128562688
1128628224
1128693760
1128759296
1128824832
1128890368
1128955904
1129021440
1129086976
1129152512
1129218048
1129283584
1129349120
1129414656
1129480192
1129545728
1129611264
1129676800
1129742336
1129807872
1129873408
1129938944
1130004480
1130070016
1130135552
1130201088
1130266624
1130332160
1130397696
1130463232
1130528768
1130594304
1130659840
1130725376
1130790912
1130856448
1130921984
1130987520
1131053056
1131118592
1131184128
1131249664
1131315200
1131380736
1131446272
1131511808
1131577344
1131642880
1131708416
1131773952
1131839488
1131905024
1131970560
1132036096
1132101632
1132167168
1132232704
1132298240
1132363776
case 0 GreedyMinEntropy 1 1
1124171776
case 0 GreedyMinEntropy 7 7
1106509824
1115029504
1119813632
1124171776
1126334464
1128431616
1130397696
case 0 GreedyMinEntropy 15 15
1098383360
1106509824
1111621632
1115029504
1117716480
1119813632
1121779712
1124171776
1125154816
1126334464
1127448576
1128431616
1129480192
1130397696
1131446272
case 0 GreedyMinEntropy 32 32
1089470464
1098383360
1102315520
1106509824
1109000192
1111621632
1113456640
1115029504
1116536832
1117716480
1118765056
1119813632
1120731136
1121779712
1122828288
1124171776
1124696064
1125154816
1125744640
1126334464
1126596608
1126924288
1127448576
1127907328
1128431616
1128890368
1129480192
1129938944
1130397696
1130921984
1131446272
1131970560
case 0 GreedyMinEntropy 63 63
1083179008
1089470464
1094189056
1098383360
1100742656
1102315520
1104412672
1106509824
1107951616
1109000192
1110310912
1111621632
1112408064
1113456640
1114243072
1115029504
1115881472
1116536832
1117192192
1117716480
1118240768
1118765056
1119420416
1119813632
1120206848
1120731136
1121255424
1121779712
1122304000
1122828288
1123614720
1124171776
1124368384
1124696064
1124958208
1125154816
1125482496
1125744640
1126006784
1126334464
1126596608
1126924288
1127186432
1127448576
1127645184
1127907328
1128169472
1128431616
1128628224
1128890368
1129218048
1129480192
1129742336
1129938944
1130135552
1130397696
1130725376
1130921984
1131184128
1131446272
1131708416
1131970560
1132167168
case 0 GreedyMinEntropy 128 128
1075838976
1083179008
1087373312
1089470464
1092091904
1094189056
1096286208
1098383360
1099694080
1100742656
1101791232
1102315520
1103364096
1104412672
1105461248
1106509824
1107427328
1107951616
1108475904
1109000192
1109786624
1110310912
1111097344
1111621632
1111883776
1112408064
1112932352
1113456640
1113718784
1113980928
1114243072
1114767360
1115029504
1115553792
1115881472
1116143616
1116536832
1116930048
1117192192
1117454336
1117716480
1117978624
1118240768
1118502912
1118765056
1119158272
1119420416
1119682560
1119813632
1119944704
1120206848
1120337920
1120731136
1120993280
1121255424
1121517568
1121779712
1122041856
1122304000
1122566144
1122828288
1123221504
1123614720
1123876864
1124171776
1124302848
1124368384
1124499456
1124696064
1124827136
1124958208
1125089280
1125154816
1125285888
1125482496
1125613568
1125744640
1125875712
1126006784
1126137856
1126334464
1126465536
1126596608
1126793216
1126924288
1127055360
1127186432
1127317504
1127448576
1127514112
1127645184
1127776256
1127907328
1128103936
1128169472
1128366080
1128431616
1128497152
1128628224
1128759296
1128890368
1129021440
1129218048
1129414656
1129480192
1129611264
1129742336
1129873408
1129938944
1130004480
1130135552
1130266624
1130397696
1130528768
1130725376
1130856448
1130921984
1131053056
1131184128
1131315200
1131446272
1131577344
1131708416
1131839488
1131970560
1132101632
1132167168
1132232704
case 0 GreedyMinEntropy 254 254
1056964608
1069547520
1075838976
1080033280
1083179008
1085276160
1087373312
1089470464
1091043328
1092091904
1093140480
1094189056
1095237632
1096286208
1097334784
1098383360
1099169792
1099694080
1100218368
1100742656
1101266944
1101791232
1102315520
1102839808
1103364096
1103888384
1104412672
1104936960
1105461248
1105985536
1106509824
1107034112
1107427328
1107689472
1107951616
1108213760
1108475904
1108738048
1109000192
1109262336
1109524480
1109786624
1110048768
1110310912
1110573056
1110835200
1111097344
1111359488
1111621632
1111883776
1112145920
1112408064
1112670208
1112932352
1113194496
1113456640
1113718784
1113980928
1114243072
1114505216
1114767360
1115029504
1115291648
1115553792
1115750400
1115881472
1116012544
1116143616
1116274688
1116405760
1116536832
1116667904
1116798976
1116930048
1117061120
1117192192
1117323264
1117454336
1117585408
1117716480
1117847552
1117978624
1118109696
1118240768
1118371840
1118502912
1118633984
1118765056
1118896128
1119158272
1119289344
1119420416
1119551488
1119682560
1119813632
1119944704
1120075776
1120206848
1120337920
1120468992
1120600064
1120731136
1120862208
1120993280
1121124352
1121255424
1121386496
1121517568
1121648640
1121779712
1121910784
1122041856
1122172928
1122304000
1122435072
1122566144
1122697216
1122828288
1122959360
1123090432
1123221504
1123352576
1123483648
1123614720
1123745792
1123876864
1124007936
1124106240
1124171776
1124237312
1124302848
1124368384
1124433920
1124499456
1124564992
1124630528
1124696064
1124761600
1124827136
1124892672
1124958208
1125023744
1125089280
1125154816
1125220352
1125285888
1125351424
1125416960
1125482496
1125548032
1125613568
1125679104
1125744640
1125810176
1125875712
1125941248
1126006784
1126072320
1126137856
1126203392
1126268928
1126334464
1126400000
1126465536
1126531072
1126596608
1126662144
1126727680
1126793216
1126858752
1126924288
1126989824
1127055360
1127120896
1127186432
1127251968
1127317504
1127383040
1127448576
1127514112
1127579648
1127645184
1127710720
1127776256
1127841792
1127907328
1127972864
1128038400
1128103936
1128169472
1128235008
1128300544
1128366080
1128431616
1128497152
1128562688
1128628224
1128693760
1128759296
1128824832
1128890368
1128955904
1129021440
1129086976
1129152512
1129218048
1129283584
1129349120
1129414656
1129480192
1129545728
1129611264
1129676800
1129742336
1129807872
1129873408
1129938944
1130004480
1130070016
1130135552
1130201088
1130266624
1130332160
1130397696
1130463232
1130528768
1130594304
1130659840
1130725376
1130790912
1130856448
1130921984
1130987520
1131053056
1131118592
1131184128
1131249664
1131315200
1131380736
1131446272
1131511808
1131577344
1131642880
1131708416
1131773952
1131839488
1131905024
1131970560
1132036096
1132101632
1132167168
1132232704
1132298240
1132363776
case 1 GreedyLogSum 1 1
999115588
case 1 GreedyLogSum 7 7
3214068218
3207284194
3198039014
999115588
1051435254
1060465326
1066937582
case 1 GreedyLogSum 15 15
3217223706
3214068218
3210995466
3207284194
3204012378
3198039014
3189328404
999115588
1043304931
1051435254
1057214612
1060465326
1063924014
1066937582
1070402256
case 1 GreedyLogSum 32 32
3220458661
3217223706
3216397454
3215470768
3214068218
3212901898
3210995466
3209349202
3207284194
3205558534
3204012378
3200974714
3198039014
3194736798
3189328404
3180623513
999115588
1035863644
1043304931
1048332801
1051435254
1054676446
1057214612
1058786764
1060465326
1061971873
1063924014
1065762318
1066937582
1068465962
1070402256
1073336176
case 1 GreedyLogSum 63 63
3222016624
3220458661
3218461846
3217223706
3216397454
3215470768
3214650853
3214068218
3213419555
3212901898
3211993491
3210995466
3210292412
3209349202
3208115199
3207284194
3206498955
3205558534
3204874352
3204012378
3202447354
3200974714
3199507036
3198039014
3196720545
3194736798
3192179342
3189328404
3185906486
3180623513
3170745372
999115588
1026993341
1035863644
1040530128
1043304931
1046329176
1048332801
1049857134
1051435254
1053276098
1054676446
1056102098
1057214612
1058029012
1058786764
1059621086
1060465326
1061330504
1061971873
1062884421
1063924014
1064948781
1065762318
1066259978
1066937582
1067692664
1068465962
1069322269
1070402256
1071804904
1073336176
1074616554
case 1 GreedyLogSum 128 128
3222984102
3222016624
3221518422
3220458661
3219119398
3218461846
3217861566
3217223706
3216812796
3216560294
3216397454
3215969868
3215470768
3215023074
3214650853
3214363527
3214068218
3213776849
3213419555
3213169944
3212901898
3212542674
3211993491
3211625652
3210995466
3210637907
3210292412
3209826145
3209349202
3208699112
3208115199
3207767564
3207284194
3206942506
3206498955
3206042848
3205558534
3205304274
3204874352
3204603735
3204012378
3203163776
3202447354
3201795602
3200974714
3200205433
3199507036
3198570676
3198039014
3197483480
3196720545
3196113014
3194736798
3193629698
3192179342
3190637701
3189328404
3188255098
3185906486
3183399096
3180623513
3176667254
3170745372
3161757478
999115588
1021069178
1026993341
1033220820
1035863644
1038752934
1040530128
1042212664
1043304931
1044802900
1046329176
1047538550
1048332801
1049075674
1049857134
1050842513
1051435254
1052314357
1053276098
1054016615
1054676446
1055458744
1056102098
1056828938
1057214612
1057534076
1058029012
1058378221
1058786764
1059191179
1059621086
1060050268
1060465326
1060841880
1061330504
1061666174
1061971873
1062428174
1062884421
1063360576
1063924014
1064396362
1064948781
1065394882
1065762318
1065971216
1066259978
1066539485
1066937582
1067331004
1067692664
1067996070
1068465962
1068872556
1069322269
1069861368
1070402256
1071056663
1071804904
1072640098
1073336176
1073967215
1074616554
1075654286
case 1 GreedyLogSum 254 254
3223999601
3222984102
3222560438
3222016624
3221725792
3221518422
3221103582
3220458661
3219933444
3219119398
3218855786
3218461846
3218242155
3217861566
3217438974
3217223706
3216935406
3216812796
3216560294
3216397454
3216170570
3215969868
3215709243
3215470768
3215260122
3215023074
3214771098
3214650853
3214497688
3214363527
3214192202
3214068218
3213959098
3213776849
3213610355
3213419555
3213307482
3213169944
3213021988
3212901898
3212726845
3212542674
3212260024
3211993491
3211823802
3211625652
3211325836
3210995466
3210783120
3210637907
3210425180
3210292412
3210121006
3209826145
3209558117
3209349202
3209004312
3208699112
3208438348
3208115199
3207942682
3207767564
3207595610
3207284194
3207160620
3206942506
3206735439
3206498955
3206272445
3206042848
3205880214
3205558534
3205430235
3205304274
3205104561
3204874352
3204754494
3204603735
3204397453
3204012378
3203586612
3203163776
3202762412
3202447354
3202135758
3201795602
3201419094
3200974714
3200492188
3200205433
3199772078
3199507036
3198834601
3198570676
3198198123
3198039014
3197790468
3197483480
3197074378
3196720545
3196430775
3196113014
3195434792
3194736798
3194021938
3193629698
3192875687
3192179342
3191315453
3190637701
3189816584
3189328404
3188723584
3188255098
3187291192
3185906486
3184455186
3183399096
3182045915
3180623513
3178975639
3176667254
3173587358
3170745372
3165397444
3161757478
3151766456
999115588
1021069178
1025430846
1026993341
1030418804
1033220820
1034220402
1035863644
1036829354
1038752934
1039305780
1040530128
1041472486
1042212664
1042815502
1043304931
1044186628
1044802900
1045759174
1046329176
1046863259
1047538550
1047867247
1048332801
1048763969
1049075674
1049471756
1049857134
1050221502
1050842513
1051223416
1051435254
1051949256
1052314357
1053037448
1053276098
1053509034
1054016615
1054318934
1054676446
1055091334
1055458744
1055805357
1056102098
1056334109
1056828938
1057045876
1057214612
1057362624
1057534076
1057736930
1058029012
1058186400
1058378221
1058613024
1058786764
1058986528
1059191179
1059362656
1059621086
1059909572
1060050268
1060243142
1060465326
1060677732
1060841880
1061048146
1061330504
1061484563
1061666174
1061785633
1061971873
1062258444
1062428174
1062671306
1062884421
1063159789
1063360576
1063588651
1063924014
1064071000
1064396362
1064626494
1064948781
1065162773
1065394882
1065552186
1065762318
1065874064
1065971216
1066102246
1066259978
1066403354
1066539485
1066779568
1066937582
1067136435
1067331004
1067493382
1067692664
1067744310
1067996070
1068166368
1068465962
1068713648
1068872556
1069095544
1069322269
1069529560
1069861368
1070072704
1070402256
1070654435
1071056663
1071598190
1071804904
1072299649
1072640098
1072975696
1073336176
1073734568
1073967215
1074273612
1074616554
1075004614
1075654286
1076701848
case 1 Median 1 1
999115588
case 1 Median 7 7
3214068218
3207284194
3198039014
999115588
1051435254
1060465326
1066937582
case 1 Median 15 15
3217223706
3214068218
3210995466
3207284194
3204012378
3198039014
3189328404
999115588
1043304931
1051435254
1057214612
1060465326
1063924014
1066937582
1070402256
case 1 Median 32 32
3220554384
3217318036
3215663203
3214192202
3213039301
3211405289
3209680478
3207744939
3206063561
3204657988
3202009276
3198799682
3196451381
3191628432
3185421758
3169832220
1026826975
1040125854
1045948161
1049558542
1053037448
1055725240
1057616137
1059209786
1060833760
1062393188
1064117330
1065905632
1067136435
1068684938
1070565832
1073391208
case 1 Median 63 63
3222016624
3220458661
3218461846
3217223706
3216397454
3215470768
3214650853
3214068218
3213419555
3212901898
3211993491
3210995466
3210292412
3209349202
3208115199
3207284194
3206498955
3205558534
3204874352
3204012378
3202447354
3200974714
3199507036
3198039014
3196720545
3194736798
3192179342
3189328404
3185906486
3180623513
3170745372
999115588
1026993341
1035863644
1040530128
1043304931
1046329176
1048332801
1049857134
1051435254
1053276098
1054676446
1056102098
1057214612
1058029012
1058786764
1059621086
1060465326
1061330504
1061971873
1062884421
1063924014
1064948781
1065762318
1066259978
1066937582
1067692664
1068465962
1069322269
1070402256
1071804904
1073336176
1074616554
case 1 Median 128 128
3222984102
3222016624
3221518422
3220458661
3219119398
3218493135
3217895628
3217255308
3216814294
3216429398
3215996079
3215536644
3215053389
3214703680
3214422163
3214106276
3213836530
3213467322
3213218637
3212930463
3212570882
3212074244
3211705864
3211158940
3210676136
3210390272
3209979705
3209454101
3208795988
3208290104
3207836846
3207364093
3207012212
3206596874
3206097524
3205698720
3205361914
3205035010
3204715668
3204216322
3203338082
3202631015
3202009276
3201334672
3200445432
3199754386
3198751358
3198164682
3197724705
3197015512
3196305501
3195351718
3193904503
3192759018
3190974132
3189729826
3188621984
3187226686
3184360627
3181779713
3178826494
3173587358
3164772748
3151766456
1011541764
1025430846
1030975680
1034220402
1036829354
1039243206
1041472486
1042743800
1044051623
1045572752
1046808986
1047811614
1048696188
1049387288
1050117849
1051134412
1051821289
1052597639
1053408387
1054293362
1054968798
1055725240
1056297256
1056972638
1057291660
1057679526
1058100333
1058493420
1058880596
1059286376
1059791816
1060131911
1060571908
1060994142
1061408912
1061713510
1062180737
1062562420
1062994679
1063452056
1063955049
1064500819
1065028716
1065434888
1065767764
1065999848
1066310994
1066606534
1066958318
1067357066
1067713754
1068044226
1068572974
1068932098
1069346535
1069879601
1070410341
1071141555
1071869884
1072642852
1073336176
1073978372
1074616554
1075654286
case 1 Median 254 254
3223999601
3222984102
3222486918
3221982390
3221713234
3221509980
3220902407
3220447834
3219898269
3219074858
3218841534
3218446170
3218204574
3217826806
3217415952
3217204206
3216927138
3216811392
3216551198
3216383284
3216145190
3215942446
3215706830
3215453476
3215201303
3215003344
3214763003
3214646250
3214492186
3214347716
3214182256
3214061528
3213925450
3213744808
3213554035
3213393590
3213292186
3213160009
3212995292
3212854870
3212645792
3212481935
3212197883
3211956020
3211791248
3211534368
3211306993
3210921522
3210748301
3210592826
3210418978
3210245852
3210065143
3209709123
3209542041
3209333515
3208961034
3208601469
3208331126
3208042128
3207867252
3207716900
3207406130
3207273503
3207110286
3206872202
3206680692
3206431410
3206135871
3205993863
3205810472
3205521205
3205411621
3205242744
3205057785
3204845042
3204720622
3204537728
3204271569
3203887510
3203390912
3203013646
3202631015
3202355644
3202009276
3201726364
3201334672
3200756714
3200391748
3200095928
3199736352
3199216058
3198744800
3198435950
3198148780
3197991546
3197658520
3197394026
3196935494
3196655786
3196274368
3195873900
3195269486
3194350826
3193859468
3193324104
3192605464
3191913158
3190908119
3190250703
3189554144
3189046652
3188521838
3187784958
3186929006
3185250002
3183990426
3182568052
3181096937
3179998387
3178305314
3175254933
3171838177
3167986525
3163372484
3159203444
3143648244
1005315972
1017317128
1023676616
1026575832
1028763468
1032699139
1033650790
1035408293
1036454214
1038424834
1039085417
1039982968
1041262469
1041874427
1042494156
1043102359
1043731078
1044664570
1045350630
1046125414
1046706651
1047149206
1047733376
1048181361
1048660036
1048974370
1049350696
1049739914
1050086784
1050684826
1051060244
1051333394
1051762224
1052185652
1052525200
1053237938
1053396848
1053738637
1054255880
1054465143
1054968798
1055391842
1055725240
1055958060
1056297256
1056742764
1056980446
1057194112
1057317535
1057492492
1057695774
1057986346
1058116266
1058313452
1058579056
1058728265
1058906568
1059143446
1059316505
1059572161
1059823938
1060019854
1060171012
1060406122
1060603796
1060809274
1061029721
1061294674
1061459268
1061637142
1061745401
1061965600
1062236614
1062395376
1062614543
1062872664
1063148710
1063351620
1063575367
1063897619
1064042394
1064364176
1064608849
1064934899
1065125820
1065382094
1065522798
1065746602
1065864167
1065959213
1066075422
1066247769
1066395298
1066536132
1066721902
1066900820
1067089514
1067312747
1067474654
1067660448
1067744310
1067996070
1068147827
1068415840
1068713648
1068872556
1069083136
1069310036
1069529560
1069861368
1070072704
1070394194
1070654435
1071056663
1071598190
1071764916
1072299649
1072640098
1072975696
1073280872
1073734568
1073967215
1074273612
1074603049
1075004614
1075654286
1076701848
case 1 Uniform 1 1
3197349960
case 1 Uniform 7 7
3225437692
3221640704
3214461962
3197349960
1058924492
1069732826
1075534313
case 1 Uniform 15 15
3227336185
3225437692
3223539198
3221640704
3218258948
3214461962
3208493084
3197349960
1042816848
1058924492
1065935842
1069732826
1073529814
1075534313
1077432807
case 1 Uniform 32 32
3228314197
3227393715
3226473234
3225552752
3224632270
3223711788
3222791306
3221870824
3220675213
3218834250
3216993286
3215152324
3213311360
3210103928
3206422000
3201031888
3191276416
1025956480
1048918104
1056281960
1060305212
1063987140
1066511142
1068352102
1070193070
1072034030
1073808411
1074728891
1075649375
1076569855
1077490339
1078410819
case 1 Uniform 63 63
3228760056
3228285432
3227810809
3227336185
3226861562
3226386938
3225912315
3225437692
3224963068
3224488444
3224013821
3223539198
3223064574
3222589951
3222115328
3221640704
3221106689
3220157442
3219208196
3218258948
3217309702
3216360454
3215411208
3214461962
3213512714
3212290072
3210391576
3208493084
3206594588
3204696096
3201146944
3197349960
3191046304
3179184768
1028717888
1042816848
1049493416
1053290392
1057025996
1058924492
1060822980
1062721476
1064619972
1065935842
1066885086
1067834334
1068783582
1069732826
1070682074
1071631322
1072580570
1073529814
1074110443
1074585067
1075059691
1075534313
1076008937
1076483561
1076958183
1077432807
1077907431
1078382055
1078856677
case 1 Uniform 128 128
3228999207
3228763735
3228528263
3228292791
3228057318
3227821846
3227586374
3227350902
3227115430
3226879958
3226644486
3226409014
3226173542
3225938070
3225702598
3225467126
3225231654
3224996182
3224760710
3224525237
3224289765
3224054293
3223818821
3223583349
3223347876
3223112405
3222876932
3222641460
3222405988
3222170516
3221935044
3221699572
3221464100
3221228628
3220760840
3220289896
3219818950
3219348008
3218877062
3218406118
3217935176
3217464230
3216993286
3216522342
3216051398
3215580454
3215109508
3214638566
3214167622
3213696676
3213225732
3212672716
3211730824
3210788936
3209847044
3208905160
3207963272
3207021380
3206079496
3205137608
3203943176
3202059400
3200175624
3198291848
3196408072
3192988944
3189221392
3183236640
3172120576
1017542528
1033672704
1040697584
1044465168
1048232720
1050288120
1052171896
1054055672
1055939464
1057393924
1058335812
1059277700
1060219580
1061161476
1062103364
1063045252
1063987140
1064929028
1065612066
1066083010
1066553954
1067024898
1067495842
1067966786
1068437734
1068908678
1069379618
1069850562
1070321506
1070792454
1071263398
1071734342
1072205286
1072676230
1073147170
1073618118
1073915443
1074150915
1074386387
1074621859
1074857333
1075092803
1075328275
1075563747
1075799219
1076034693
1076270165
1076505637
1076741107
1076976579
1077212051
1077447525
1077682997
1077918469
1078153941
1078389411
1078624885
1078860357
1079095829
case 1 Uniform 254 254
3229115558
3228996437
3228877316
3228758194
3228639073
3228519952
3228400831
3228281710
3228162588
3228043467
3227924346
3227805225
3227686104
3227566982
3227447861
3227328740
3227209619
3227090498
3226971377
3226852256
3226733134
3226614013
3226494892
3226375771
3226256650
3226137528
3226018407
3225899286
3225780165
3225661044
3225541922
3225422801
3225303680
3225184559
3225065438
3224946316
3224827196
3224708074
3224588953
3224469832
3224350711
3224231590
3224112468
3223993347
3223874226
3223755105
3223635984
3223516863
3223397742
3223278620
3223159499
3223040378
3222921256
3222802136
3222683014
3222563893
3222444772
3222325650
3222206530
3222087408
3221968287
3221849166
3221730045
3221610924
3221491802
3221372682
3221253560
3221043406
3220805163
3220566922
3220328678
3220090436
3219852194
3219613952
3219375710
3219137468
3218899226
3218660982
3218422740
3218184498
3217946254
3217708014
3217469772
3217231528
3216993286
3216755044
3216516800
3216278558
3216040318
3215802074
3215563832
3215325590
3215087348
3214849104
3214610862
3214372622
3214134378
3213896136
3213657894
3213419650
3213181408
3212943166
3212572980
3212096500
3211620016
3211143528
3210667044
3210190560
3209714072
3209237588
3208761108
3208284620
3207808136
3207331652
3206855168
3206378680
3205902196
3205425716
3204949228
3204472744
3203544264
3202591288
3201638320
3200685352
3199732384
3198779416
3197826448
3196873472
3195781360
3193875424
3191969472
3190063552
3188157616
3184832320
3181020416
3175134656
3164128000
1008716800
1025263360
1032342944
1036154848
1039966752
1041982992
1043888944
1045794864
1047700816
1049091384
1050044344
1050997320
1051950280
1052903240
1053856216
1054809192
1055762152
1056715128
1057316356
1057792836
1058269324
1058745812
1059222292
1059698780
1060175268
1060651748
1061128228
1061604716
1062081196
1062557684
1063034172
1063510652
1063987140
1064463628
1064940108
1065384906
1065623150
1065861390
1066099634
1066337878
1066576114
1066814358
1067052602
1067290842
1067529086
1067767330
1068005570
1068243814
1068482054
1068720298
1068958542
1069196782
1069435026
1069673270
1069911506
1070149750
1070387994
1070626234
1070864478
1071102722
1071340962
1071579206
1071817450
1072055690
1072293934
1072532178
1072770418
1073008662
1073246906
1073485142
1073723386
1073851727
1073970847
1074089969
1074209091
1074328211
1074447333
1074566455
1074685575
1074804697
1074923819
1075042939
1075162061
1075281181
1075400301
1075519423
1075638545
1075757665
1075876787
1075995907
1076115029
1076234151
1076353271
1076472393
1076591515
1076710635
1076829757
1076948877
1077067997
1077187119
1077306241
1077425361
1077544483
1077663605
1077782725
1077901847
1078020969
1078140089
1078259211
1078378333
1078497453
1078616573
1078735695
1078854815
1078973937
1079093059
1079212179
case 1 UniformAndQuantiles 1 1
999115588
case 1 UniformAndQuantiles 7 7
3221639848
3210418978
3197333126
3195873900
1048974370
1063148710
1069779560
case 1 UniformAndQuantiles 15 15
3225477287
3221639848
3214587140
3214460118
3209029901
3202009276
3197333126
3188339458
1042375734
1055725240
1058927865
1061819268
1067576388
1069779560
1075526554
case 1 UniformAndQuantiles 32 32
3228165690
3225825348
3223818731
3222074876
3219377202
3217415952
3215838060
3214347716
3211791248
3211625652
3208042128
3205057785
3204475159
3200095928
3193859468
3180977331
3179998387
1035408293
1047733376
1051949256
1053738637
1058116266
1061294674
1061606503
1064608849
1067089514
1067312747
1070629332
1070654435
1073978372
1075744392
1077575963
case 1 UniformAndQuantiles 63 62
3228165690
3226600083
3225477287
3224471808
3223509824
3222585744
3221639848
3220554384
3220177729
3218242155
3217318036
3216334019
3215663203
3214460118
3214192202
3213039301
3212283054
3211405289
3209680478
3208497175
3207744939
3206063561
3204697544
3204657988
3202009276
3198799682
3197333126
3196451381
3191628432
3185421758
3179404888
3169832220
1026826975
1040125854
1042815502
1045948161
1049558542
1053037448
1053290938
1055725240
1057616137
1058927865
1059209786
1060833760
1062393188
1062734178
1064117330
1065905632
1065938418
1067136435
1067865043
1068684938
1069779560
1070565832
1071637647
1073391208
1073469563
1074556572
1075526554
1076452642
1077446200
1078459410
case 1 UniformAndQuantiles 128 119
3228165690
3226600083
3225825348
3225477287
3225108238
3224471808
3223600288
3223206590
3222728202
3222235570
3222016624
3221756756
3221268437
3220490508
3220423345
3219485498
3218548176
3217616606
3217300001
3216683634
3216459384
3215746640
3215584624
3214809858
3214722764
3214135043
3213878372
3213513724
3212959911
3212942282
3212163094
3211268086
3211173771
3210418978
3209545376
3209315418
3208393384
3207595610
3207479788
3206735439
3205896492
3205578197
3205155188
3204454075
3202950767
3201566256
3200033824
3199216058
3198359288
3197333126
3195873900
3194880794
3193446992
3190333302
3188095810
3187136480
3183061106
3176386993
3161757478
3156948431
1021069178
1033220820
1036964274
1038598966
1042075882
1044738783
1046020809
1047250404
1048974370
1050629484
1051060244
1052101054
1053686704
1054815220
1055272730
1056494068
1057391442
1057761614
1058258568
1059028553
1059621086
1059912876
1060677732
1061484563
1061499100
1062249208
1063148710
1063360576
1064011681
1065112136
1065220584
1065814087
1066237438
1066349370
1066982566
1067158353
1067719344
1068099652
1068612109
1069027540
1069398129
1069943691
1070472151
1070904510
1071804904
1071910184
1072753280
1073373048
1073703446
1074187744
1074616554
1074646210
1075124066
1075526554
1076058576
1076452642
1076871141
1077446200
1078459410
case 1 UniformAndQuantiles 254 235
3228165690
3226600083
3225825348
3225477287
3225108238
3224955818
3224471808
3223818731
3223509824
3223294428
3223099867
3222984102
3222841259
3222585744
3222347370
3222133122
3222016624
3221870524
3221639848
3221509980
3221413896
3221103582
3220625102
3220458661
3220177729
3219650092
3219225451
3219074858
3218740974
3218461846
3218242155
3217826806
3217762769
3217300001
3217223706
3216828037
3216812796
3216397454
3216334019
3215969868
3215890142
3215470768
3215413711
3215023074
3214938106
3214650853
3214460118
3214363527
3214068218
3213991426
3213776849
3213513098
3213419555
3213163723
3213039301
3212901898
3212514303
3212283054
3211993491
3211594868
3211370598
3210995466
3210637907
3210390272
3210292412
3209826145
3209454101
3209349202
3208699112
3208497175
3208115199
3207767564
3207545192
3207284194
3206942506
3206596874
3206498955
3206024624
3205635466
3205558534
3205297093
3204874352
3204697544
3204594903
3204012378
3203163776
3203039330
3202447354
3201795602
3201147874
3200974714
3200205433
3199507036
3199216058
3198570676
3198039014
3197483480
3197333126
3196720545
3196069016
3194880794
3194736798
3193615084
3192179342
3191056211
3190514968
3189328404
3188255098
3186825664
3185906486
3183399096
3180623513
3179404888
3176667254
3170745372
3161757478
3148682250
999115588
1021069178
1026993341
1028763468
1033241676
1035863644
1038047602
1038907205
1040530128
1042307798
1042815502
1043304931
1044802900
1046329176
1046584408
1047538550
1048332801
1049075674
1049471756
1049857134
1050842513
1051384664
1051435254
1052314357
1053276098
1053290938
1054064481
1054676446
1055197951
1055494693
1056102098
1056850554
1057022629
1057214612
1057534076
1057959864
1058029012
1058378221
1058786764
1058927865
1059191179
1059621086
1059862668
1060050268
1060465326
1060820675
1060841880
1061330504
1061683144
1061762006
1061971873
1062444265
1062734178
1062884421
1063367288
1063702582
1063924014
1064396362
1064619803
1064948781
1065394882
1065471840
1065762318
1065938418
1065971216
1066259978
1066420333
1066539485
1066880597
1066937582
1067331004
1067357066
1067692664
1067865043
1068031338
1068305116
1068465962
1068783686
1068876914
1069256316
1069322269
1069779560
1069870966
1070209486
1070402256
1070674432
1071056663
1071198931
1071637647
1071804904
1072048366
1072584860
1072640098
1073049140
1073336176
1073469563
1073854250
1073967215
1074125868
1074346964
1074556572
1074616554
1074817660
1075066288
1075328224
1075526554
1075654286
1075789219
1076004426
1076179424
1076452642
1076701848
1076871141
1077170832
1077446200
1077677846
1078459410
1079204046
case 1 MaxLogSum 1 1
999115588
case 1 MaxLogSum 7 7
3214068218
3207284194
3198039014
999115588
1051435254
1060465326
1066937582
case 1 MaxLogSum 15 15
3217204206
3214061528
3210921522
3207273503
3203907842
3198007241
3189114908
1004188572
1043617010
1051563828
1057237652
1060495736
1063944046
1066953058
1070410341
case 1 MaxLogSum 32 32
3220522796
3217313827
3215648556
3214182256
3213026759
3211402642
3209663245
3207730506
3206042848
3204646614
3201952475
3198764783
3196399808
3191468335
3185132522
3169078938
1027326871
1040315570
1046125414
1049660108
1053161446
1055784658
1057679526
1059268233
1060872355
1062428174
1064284097
1065938418
1067166932
1068713648
1070585742
1073391208
case 1 MaxLogSum 63 63
3221982390
3220447834
3218446170
3217204206
3216383284
3215453476
3214646250
3214061528
3213393590
3212854870
3211956020
3210921522
3210245852
3209333515
3208042128
3207273503
3206441028
3205531228
3204852188
3203907842
3202377940
3200881618
3199383614
3198007241
3196660058
3194446134
3191990878
3189114908
3185421758
3180122972
3168512392
1004188572
1028555930
1036243983
1041158164
1043630440
1046670360
1048629605
1049972582
1051690100
1053387296
1054927281
1056279665
1057287239
1058094409
1058880596
1059791816
1060592500
1061433304
1062200706
1063004324
1063974856
1065093508
1065814087
1066357624
1066991300
1067724788
1068612109
1069398129
1070472151
1071910184
1073373048
1074616554
case 1 MaxLogSum 128 128
3222940272
3221929747
3221477607
3220359836
3218979903
3218414306
3217651791
3217048210
3216664062
3216267075
3215759694
3215358689
3214868030
3214525375
3214252518
3213970455
3213629524
3213307482
3213021988
3212715534
3212232402
3211809812
3211306993
3210748301
3210418978
3210059108
3209511356
3208880648
3208319610
3207836846
3207364093
3206991201
3206581610
3206088516
3205698720
3205361914
3205035010
3204715668
3204271569
3203390912
3202657984
3202050028
3201365566
3200476907
3199769256
3198799682
3198198123
3197790468
3197074378
3196430775
3195500470
3194034738
3193124380
3191468335
3189994358
3188910840
3187582894
3184937532
3182456403
3179987574
3175254933
3167986525
3159909818
1004188572
1023401320
1028353873
1033494615
1036084238
1038937172
1040641834
1042356249
1043353605
1044842478
1046329176
1047538550
1048267740
1049053282
1049823554
1050717068
1051363782
1052195466
1053257132
1053738637
1054465143
1055379434
1055928806
1056632645
1057174464
1057436416
1057899575
1058286816
1058650466
1059053010
1059448916
1059933009
1060277376
1060691376
1061069732
1061518232
1061800830
1062265368
1062671306
1063159789
1063586225
1064042394
1064608849
1065124338
1065505140
1065832615
1066065870
1066357624
1066689798
1066991300
1067394598
1067724788
1068083084
1068612109
1068961840
1069398129
1069903013
1070472151
1071198931
1071910184
1072649252
1073373048
1073978372
1074616554
1075654286
case 1 MaxLogSum 254 254
3223818731
3222940272
3222411820
3221929747
3221692042
3221477607
3220804402
3220359836
3219650092
3218979903
3218801971
3218414306
3218069968
3217651791
3217336715
3217048210
3216868672
3216664062
3216485894
3216267075
3216045682
3215759694
3215584624
3215358689
3215104298
3214868030
3214714172
3214525375
3214422163
3214252518
3214106276
3213970455
3213817464
3213629524
3213434930
3213307482
3213169944
3213021988
3212901898
3212715534
3212514303
3212232402
3211959648
3211809812
3211567974
3211306993
3210921522
3210748301
3210592826
3210418978
3210235754
3210059108
3209680478
3209511356
3209266230
3208880648
3208551050
3208319610
3207970796
3207836846
3207686482
3207364093
3207211683
3206991201
3206799406
3206573684
3206352188
3206080778
3205958262
3205635466
3205451979
3205307182
3205155188
3204945318
3204769208
3204620093
3204415476
3204037450
3203586612
3203163776
3202762412
3202447354
3202083883
3201789036
3201387147
3200935908
3200476907
3200144270
3199762243
3199403168
3198764783
3198469466
3198164682
3198007241
3197680390
3197394026
3196935494
3196655786
3196274368
3195873900
3195219824
3194244678
3193835934
3193199322
3192389832
3191628432
3190841302
3190006376
3189405332
3188910840
3188381928
3187488309
3186277072
3184643963
3183491631
3182283634
3180777879
3179404888
3177056834
3174325604
3171163532
3165397444
3161757478
3151766456
999115588
1013140461
1021687487
1025582126
1027767890
1031893947
1033411620
1034606440
1036084238
1037622557
1038964040
1039709060
1040964533
1041690018
1042404830
1043046374
1043630440
1044589798
1045347539
1046020809
1046691295
1047149206
1047733376
1048181361
1048660036
1048974370
1049379101
1049781052
1050096157
1050697844
1051134412
1051363782
1051857722
1052251178
1052919272
1053271864
1053509034
1054016615
1054318934
1054676446
1055124266
1055494693
1055834197
1056103946
1056357629
1056873262
1057086202
1057227877
1057391442
1057565904
1057830876
1058046469
1058273511
1058435012
1058650466
1058838118
1059068658
1059268233
1059503548
1059785707
1059969752
1060131911
1060376567
1060592500
1060797502
1061007800
1061274149
1061447480
1061619692
1061732260
1061905596
1062200706
1062349231
1062562420
1062826756
1062962667
1063240182
1063426274
1063635628
1063928840
1064078882
1064396362
1064619803
1064934899
1065124338
1065374380
1065471840
1065685562
1065808820
1065938418
1066009012
1066159922
1066310994
1066439083
1066561220
1066799038
1066937582
1067136435
1067312747
1067474654
1067627123
1067732816
1067933660
1068112480
1068305116
1068634169
1068772745
1068961840
1069178022
1069365385
1069590214
1069879601
1070085854
1070402256
1070654435
1071005822
1071514202
1071733676
1072184952
1072550332
1072753280
1073117587
1073543893
1073828442
1074029604
1074346964
1074702202
1075066288
1075706265
1076701848
case 1 MinEntropy 1 1
999115588
case 1 MinEntropy 7 7
3214068218
3207284194
3198039014
999115588
1051435254
1060465326
1066937582
case 1 MinEntropy 15 15
3217204206
3214061528
3210921522
3207273503
3203907842
3198007241
3189114908
1003331024
1043589199
1051474938
1057227877
1060469020
1063928840
1066937582
1070402256
case 1 MinEntropy 32 32
3220522796
3217313827
3215648556
3214182256
3213026759
3211402642
3209663245
3207730506
3206042848
3204646614
3201952475
3198764783
3196399808
3191468335
3185132522
3169078938
1027326871
1040315570
1046125414
1049660108
1053161446
1055784658
1057679526
1059268233
1060872355
1062428174
1064284097
1065938418
1067166932
1068713648
1070585742
1073391208
case 1 MinEntropy 63 63
3221982390
3220447834
3218446170
3217204206
3216383284
3215453476
3214646250
3214061528
3213393590
3212854870
3211956020
3210921522
3210245852
3209333515
3208042128
3207273503
3206441028
3205531228
3204852188
3203907842
3202377940
3200881618
3199383614
3198007241
3196660058
3194446134
3191990878
3189114908
3185421758
3180122972
3168512392
1004188572
1028555930
1036243983
1041158164
1043630440
1046670360
1048629605
1049972582
1051690100
1053387296
1054927281
1056279665
1057287239
1058094409
1058880596
1059791816
1060592500
1061433304
1062200706
1063004324
1063974856
1065093508
1065814087
1066357624
1066991300
1067724788
1068612109
1069398129
1070472151
1071910184
1073373048
1074616554
case 1 MinEntropy 128 128
3222940272
3221929747
3221477607
3220359836
3218979903
3218414306
3217651791
3217048210
3216664062
3216267075
3215759694
3215358689
3214868030
3214525375
3214252518
3213970455
3213629524
3213307482
3213021988
3212715534
3212232402
3211809812
3211306993
3210748301
3210418978
3210059108
3209511356
3208880648
3208319610
3207836846
3207364093
3206991201
3206581610
3206088516
3205698720
3205361914
3205035010
3204715668
3204271569
3203390912
3202657984
3202050028
3201365566
3200476907
3199769256
3198799682
3198198123
3197790468
3197074378
3196430775
3195500470
3194034738
3193124380
3191468335
3189994358
3188910840
3187582894
3184937532
3182456403
3179987574
3175254933
3167986525
3159909818
1004188572
1023401320
1028353873
1033494615
1036084238
1038937172
1040641834
1042356249
1043353605
1044842478
1046329176
1047538550
1048267740
1049053282
1049823554
1050717068
1051363782
1052195466
1053257132
1053738637
1054465143
1055379434
1055928806
1056632645
1057174464
1057436416
1057899575
1058286816
1058650466
1059053010
1059448916
1059933009
1060277376
1060691376
1061069732
1061518232
1061800830
1062265368
1062671306
1063159789
1063586225
1064042394
1064608849
1065124338
1065505140
1065832615
1066065870
1066357624
1066689798
1066991300
1067394598
1067724788
1068083084
1068612109
1068961840
1069398129
1069903013
1070472151
1071198931
1071910184
1072649252
1073373048
1073978372
1074616554
1075654286
case 1 MinEntropy 254 254
3223818731
3222940272
3222411820
3221929747
3221692042
3221477607
3220804402
3220359836
3219650092
3218979903
3218801971
3218414306
3218069968
3217651791
3217336715
3217048210
3216868672
3216664062
3216485894
3216267075
3216045682
3215759694
3215584624
3215358689
3215104298
3214868030
3214714172
3214525375
3214422163
3214252518
3214106276
3213970455
3213817464
3213629524
3213434930
3213307482
3213169944
3213021988
3212901898
3212715534
3212514303
3212232402
3211959648
3211809812
3211567974
3211306993
3210921522
3210748301
3210592826
3210418978
3210235754
3210059108
3209680478
3209511356
3209266230
3208880648
3208551050
3208319610
3207970796
3207836846
3207686482
3207364093
3207211683
3206991201
3206799406
3206573684
3206352188
3206080778
3205958262
3205635466
3205451979
3205307182
3205155188
3204945318
3204769208
3204620093
3204415476
3204037450
3203586612
3203163776
3202762412
3202447354
3202083883
3201789036
3201387147
3200935908
3200476907
3200144270
3199762243
3199403168
3198764783
3198469466
3198164682
3198007241
3197680390
3197394026
3196935494
3196655786
3196274368
3195873900
3195219824
3194244678
3193835934
3193199322
3192389832
3191628432
3190841302
3190006376
3189405332
3188910840
3188381928
3187488309
3186277072
3184643963
3183491631
3182283634
3180777879
3179404888
3177056834
3174325604
3171163532
3165397444
3161757478
3151766456
999115588
1013140461
1021687487
1025582126
1027767890
1031893947
1033411620
1034606440
1036084238
1037622557
1038964040
1039709060
1040964533
1041690018
1042404830
1043046374
1043630440
1044589798
1045347539
1046020809
1046691295
1047149206
1047733376
1048181361
1048660036
1048974370
1049379101
1049781052
1050096157
1050697844
1051134412
1051363782
1051857722
1052251178
1052919272
1053271864
1053509034
1054016615
1054318934
1054676446
1055124266
1055494693
1055834197
1056103946
1056357629
1056873262
1057086202
1057227877
1057391442
1057565904
1057830876
1058046469
1058273511
1058435012
1058650466
1058838118
1059068658
1059268233
1059503548
1059785707
1059969752
1060131911
1060376567
1060592500
1060797502
1061007800
1061274149
1061447480
1061619692
1061732260
1061905596
1062200706
1062349231
1062562420
1062826756
1062962667
1063240182
1063426274
1063635628
1063928840
1064078882
1064396362
1064619803
1064934899
1065124338
1065374380
1065471840
1065685562
1065808820
1065938418
1066009012
1066159922
1066310994
1066439083
1066561220
1066799038
1066937582
1067136435
1067312747
1067474654
1067627123
1067732816
1067933660
1068112480
1068305116
1068634169
1068772745
1068961840
1069178022
1069365385
1069590214
1069879601
1070085854
1070402256
1070654435
1071005822
1071514202
1071733676
1072184952
1072550332
1072753280
1073117587
1073543893
1073828442
1074029604
1074346964
1074702202
1075066288
1075706265
1076701848
case 1 GreedyMinEntropy 1 1
999115588
case 1 GreedyMinEntropy 7 7
3214068218
3207284194
3198039014
999115588
1051435254
1060465326
1066937582
case 1 GreedyMinEntropy 15 15
3217223706
3214068218
3210995466
3207284194
3204012378
3198039014
3189328404
999115588
1043304931
1051435254
1057214612
1060465326
1063924014
1066937582
1070402256
case 1 GreedyMinEntropy 32 32
3220458661
3217223706
3216397454
3215470768
3214068218
3212901898
3210995466
3209349202
3207284194
3205558534
3204012378
3200974714
3198039014
3194736798
3189328404
3180623513
999115588
1035863644
1043304931
1048332801
1051435254
1054676446
1057214612
1058786764
1060465326
1061971873
1063924014
1065762318
1066937582
1068465962
1070402256
1073336176
case 1 GreedyMinEntropy 63 63
3222016624
3220458661
3218461846
3217223706
3216397454
3215470768
3214650853
3214068218
3213419555
3212901898
3211993491
3210995466
3210292412
3209349202
3208115199
3207284194
3206498955
3205558534
3204874352
3204012378
3202447354
3200974714
3199507036
3198039014
3196720545
3194736798
3192179342
3189328404
3185906486
3180623513
3170745372
999115588
1026993341
1035863644
1040530128
1043304931
1046329176
1048332801
1049857134
1051435254
1053276098
1054676446
1056102098
1057214612
1058029012
1058786764
1059621086
1060465326
1061330504
1061971873
1062884421
1063924014
1064948781
1065762318
1066259978
1066937582
1067692664
1068465962
1069322269
1070402256
1071804904
1073336176
1074616554
case 1 GreedyMinEntropy 128 128
3222984102
3222016624
3221518422
3220458661
3219119398
3218461846
3217861566
3217223706
3216812796
3216560294
3216397454
3215969868
3215470768
3215023074
3214650853
3214363527
3214068218
3213776849
3213419555
3213169944
3212901898
3212542674
3211993491
3211625652
3210995466
3210637907
3210292412
3209826145
3209349202
3208699112
3208115199
3207767564
3207284194
3206942506
3206498955
3206042848
3205558534
3205304274
3204874352
3204603735
3204012378
3203163776
3202447354
3201795602
3200974714
3200205433
3199507036
3198570676
3198039014
3197483480
3196720545
3196113014
3194736798
3193629698
3192179342
3190637701
3189328404
3188255098
3185906486
3183399096
3180623513
3176667254
3170745372
3161757478
999115588
1021069178
1026993341
1033220820
1035863644
1038752934
1040530128
1042212664
1043304931
1044802900
1046329176
1047538550
1048332801
1049075674
1049857134
1050842513
1051435254
1052314357
1053276098
1054016615
1054676446
1055458744
1056102098
1056828938
1057214612
1057534076
1058029012
1058378221
1058786764
1059191179
1059621086
1060050268
1060465326
1060841880
1061330504
1061666174
1061971873
1062428174
1062884421
1063360576
1063924014
1064396362
1064948781
1065394882
1065762318
1065971216
1066259978
1066539485
1066937582
1067331004
1067692664
1067996070
1068465962
1068872556
1069322269
1069861368
1070402256
1071056663
1071804904
1072640098
1073336176
1073967215
1074616554
1075654286
case 1 GreedyMinEntropy 254 254
3223999601
3222984102
3222560438
3222016624
3221725792
3221518422
3221103582
3220458661
3219933444
3219119398
3218855786
3218461846
3218242155
3217861566
3217438974
3217223706
3216935406
3216812796
3216560294
3216397454
3216170570
3215969868
3215709243
3215470768
3215260122
3215023074
3214771098
3214650853
3214497688
3214363527
3214192202
3214068218
3213959098
3213776849
3213610355
3213419555
3213307482
3213169944
3213021988
3212901898
3212726845
3212542674
3212260024
3211993491
3211823802
3211625652
3211325836
3210995466
3210783120
3210637907
3210425180
3210292412
3210121006
3209826145
3209558117
3209349202
3209004312
3208699112
3208438348
3208115199
3207942682
3207767564
3207595610
3207284194
3207160620
3206942506
3206735439
3206498955
3206272445
3206042848
3205880214
3205558534
3205430235
3205304274
3205104561
3204874352
3204754494
3204603735
3204397453
3204012378
3203586612
3203163776
3202762412
3202447354
3202135758
3201795602
3201419094
3200974714
3200492188
3200205433
3199772078
3199507036
3198834601
3198570676
3198198123
3198039014
3197790468
3197483480
3197074378
3196720545
3196430775
3196113014
3195434792
3194736798
3194021938
3193629698
3192875687
3192179342
3191315453
3190637701
3189816584
3189328404
3188723584
3188255098
3187291192
3185906486
3184455186
3183399096
3182045915
3180623513
3178975639
3176667254
3173587358
3170745372
3165397444
3161757478
3151766456
999115588
1021069178
1025430846
1026993341
1030418804
1033220820
1034220402
1035863644
1036829354
1038752934
1039305780
1040530128
1041472486
1042212664
1042815502
1043304931
1044186628
1044802900
1045759174
1046329176
1046863259
1047538550
1047867247
1048332801
1048763969
1049075674
1049471756
1049857134
1050221502
1050842513
1051223416
1051435254
1051949256
1052314357
1053037448
1053276098
1053509034
1054016615
1054318934
1054676446
1055091334
1055458744
1055805357
1056102098
1056334109
1056828938
1057045876
1057214612
1057362624
1057534076
1057736930
1058029012
1058186400
1058378221
1058613024
1058786764
1058986528
1059191179
1059362656
1059621086
1059909572
1060050268
1060243142
1060465326
1060677732
1060841880
1061048146
1061330504
1061484563
1061666174
1061785633
1061971873
1062258444
1062428174
1062671306
1062884421
1063159789
1063360576
1063588651
1063924014
1064071000
1064396362
1064626494
1064948781
1065162773
1065394882
1065552186
1065762318
1065874064
1065971216
1066102246
1066259978
1066403354
1066539485
1066779568
1066937582
1067136435
1067331004
1067493382
1067692664
1067744310
1067996070
1068166368
1068465962
1068713648
1068872556
1069095544
1069322269
1069529560
1069861368
1070072704
1070402256
1070654435
1071056663
1071598190
1071804904
1072299649
1072640098
1072975696
1073336176
1073734568
1073967215
1074273612
1074616554
1075004614
1075654286
1076701848
case 2 GreedyLogSum 1 1
1063421494
case 2 GreedyLogSum 7 7
1037223440
1048981846
1056922440
1063421494
1071241254
1079848905
1091443104
case 2 GreedyLogSum 15 15
1028815146
1037223440
1043379482
1048981846
1052389356
1056922440
1059869940
1063421494
1067157985
1071241254
1075370393
1079848905
1085021016
1091443104
1100160956
case 2 GreedyLogSum 32 32
1022525380
1028815146
1033845843
1037223440
1040768958
1043379482
1046187027
1047705208
1048981846
1050568754
1052389356
1054636668
1056922440
1058409210
1059869940
1061593410
1063421494
1065772336
1067157985
1068884100
1071241254
1073726902
1075370393
1077537524
1079848905
1082797324
1085021016
1088299868
1091443104
1095771678
1100160956
1108143766
case 2 GreedyLogSum 63 63
1016411220
1022525380
1025630854
1028815146
1031982866
1033845843
1035639584
1037223440
1039217558
1040768958
1042109541
1043379482
1044659720
1046187027
1047705208
1048981846
1049663416
1050568754
1051463893
1052389356
1053437858
1054636668
1055770812
1056922440
1057737548
1058409210
1059166414
1059869940
1060713358
1061593410
1062431592
1063421494
1064741501
1065772336
1066471489
1067157985
1068067133
1068884100
1069835562
1071241254
1072183836
1073726902
1074566725
1075370393
1076553905
1077537524
1078549196
1079848905
1081926579
1082797324
1083739664
1085021016
1086580101
1088299868
1090143314
1091443104
1093539691
1095771678
1097927664
1100160956
1103370244
1108143766
1114862111
case 2 GreedyLogSum 128 128
1009203469
1016411220
1019548494
1022525380
1024108656
1025630854
1027059714
1028815146
1030187200
1031982866
1033015721
1033845843
1034761376
1035639584
1036500846
1037223440
1038229082
1039217558
1040151004
1040768958
1041574746
1042109541
1042730685
1043379482
1043906736
1044659720
1045596834
1046187027
1046853351
1047705208
1048185760
1048623092
1048981846
1049270379
1049663416
1049992720
1050568754
1051039780
1051463893
1051884836
1052389356
1052866000
1053437858
1054010882
1054636668
1055075234
1055770812
1056425524
1056922440
1057353254
1057737548
1058097474
1058409210
1058797426
1059166414
1059483816
1059869940
1060190502
1060713358
1061210142
1061593410
1062057382
1062431592
1062950895
1063421494
1063974726
1064741501
1065374850
1065772336
1066038022
1066471489
1066757895
1067157985
1067675628
1068067133
1068423202
1068884100
1069353605
1069835562
1070501772
1071241254
1071924380
1072183836
1073114225
1073726902
1074216424
1074566725
1074902218
1075370393
1075993609
1076553905
1076919520
1077537524
1077875974
1078549196
1079292906
1079848905
1080820014
1081926579
1082389570
1082797324
1083255384
1083739664
1084186373
1085021016
1085623882
1086580101
1087417215
1088299868
1089264267
1090143314
1090946990
1091443104
1092190859
1093539691
1094438136
1095771678
1096521672
1097927664
1099288712
1100160956
1101537238
1103370244
1105853577
1108143766
1111585537
1114862111
1121122216
case 2 GreedyLogSum 254 254
1004909072
1009203469
1012807774
1016411220
1017642071
1019548494
1020579984
1022525380
1023153697
1024108656
1024756435
1025630854
1026508768
1027059714
1028058802
1028815146
1029534892
1030187200
1031032450
1031982866
1032563278
1033015721
1033373710
1033845843
1034377100
1034761376
1035155894
1035639584
1036014940
1036500846
1036743234
1037223440
1037602748
1038229082
1039022004
1039217558
1039497160
1040151004
1040530718
1040768958
1041190124
1041574746
1041884233
1042109541
1042365235
1042730685
1043082278
1043379482
1043585618
1043906736
1044387218
1044659720
1045169372
1045596834
1045908994
1046187027
1046400508
1046853351
1047177027
1047705208
1048185760
1048623092
1048760580
1048981846
1049130702
1049270379
1049452262
1049663416
1049778149
1049992720
1050240523
1050568754
1050806698
1051039780
1051165051
1051463893
1051652626
1051884836
1052194791
1052389356
1052598927
1052866000
1053162788
1053437858
1053770204
1054010882
1054270790
1054636668
1054825246
1055075234
1055506367
1055770812
1055928536
1056425524
1056720323
1056922440
1057105976
1057353254
1057552268
1057737548
1057911720
1058097474
1058271498
1058409210
1058707691
1058797426
1058907358
1059166414
1059265934
1059483816
1059632288
1059869940
1060023660
1060190502
1060431540
1060713358
1061059395
1061210142
1061404956
1061593410
1061860213
1062057382
1062251784
1062431592
1062768803
1062950895
1063070042
1063421494
1063974726
1064238040
1064741501
1064997152
1065374850
1065504844
1065772336
1065917970
1066038022
1066275712
1066471489
1066573893
1066757895
1066950898
1067157985
1067315835
1067675628
1067833477
1068067133
1068197742
1068423202
1068595460
1068884100
1069083261
1069353605
1069541534
1069835562
1070280228
1070501772
1070951996
1071241254
1071550097
1071924380
1072039204
1072183836
1072668966
1073114225
1073424222
1073726902
1073938683
1074216424
1074354373
1074566725
1074733828
1074902218
1075109623
1075370393
1075736668
1075993609
1076140640
1076553905
1076716194
1076919520
1077371217
1077537524
1077713952
1077875974
1078164364
1078549196
1079036044
1079292906
1079641688
1079848905
1080194803
1080820014
1081583518
1081926579
1082192111
1082389570
1082663244
1082797324
1082951522
1083255384
1083449202
1083739664
1083947866
1084186373
1084542270
1085021016
1085287790
1085623882
1086127769
1086580101
1086814486
1087417215
1087888226
1088299868
1088868616
1089264267
1089779330
1090143314
1090558870
1090946990
1091202521
1091443104
1091711007
1092190859
1092923492
1093539691
1093779677
1094438136
1095191490
1095771678
1096025224
1096521672
1097033594
1097927664
1098666082
1099288712
1099747835
1100160956
1100820710
1101537238
1102455342
1103370244
1104274530
1105853577
1107418286
1108143766
1108817688
1111585537
1113047465
1114862111
1117273364
1121122216
1125156669
case 2 Median 1 1
1063421494
case 2 Median 7 7
1037223440
1048981846
1056922440
1063421494
1071241254
1079848905
1091443104
case 2 Median 15 15
1028815146
1037223440
1043379482
1048981846
1052389356
1056922440
1059869940
1063421494
1067157985
1071241254
1075370393
1079848905
1085021016
1091443104
1100160956
case 2 Median 32 32
1021396098
1028498150
1033616682
1036825722
1040423684
1042941849
1045672666
1048654508
1049858643
1051747724
1053863948
1056011466
1057887934
1059245470
1060928131
1062478342
1064622280
1066372018
1067928536
1069592526
1072032640
1074338093
1076059029
1077987620
1080755814
1083169738
1085453463
1088959958
1091711007
1095936708
1100525048
1108534146
case 2 Median 63 63
1016411220
1022525380
1025630854
1028815146
1031982866
1033845843
1035639584
1037223440
1039217558
1040768958
1042109541
1043379482
1044659720
1046187027
1047705208
1048981846
1049663416
1050568754
1051463893
1052389356
1053437858
1054636668
1055770812
1056922440
1057737548
1058409210
1059166414
1059869940
1060713358
1061593410
1062431592
1063421494
1064741501
1065772336
1066471489
1067157985
1068067133
1068884100
1069835562
1071241254
1072183836
1073726902
1074566725
1075370393
1076553905
1077537524
1078549196
1079848905
1081926579
1082797324
1083739664
1085021016
1086580101
1088299868
1090143314
1091443104
1093539691
1095771678
1097927664
1100160956
1103370244
1108143766
1114862111
case 2 Median 128 128
1009203469
1016337202
1019548494
1022122221
1023989527
1025562058
1027019333
1028752457
1030052006
1031831310
1032956339
1033724892
1034715756
1035602478
1036408922
1037137494
1038093106
1039183223
1040095841
1040724370
1041367996
1042018740
1042659735
1043306434
1043848615
1044464394
1045330409
1046105545
1046763096
1047548942
1048484014
1048899160
1049209015
1049599542
1049821156
1050330790
1050911781
1051301104
1051722600
1052297430
1052772968
1053228788
1053863948
1054396582
1054926905
1055585780
1056070250
1056812244
1057127770
1057566898
1057974984
1058315397
1058724402
1059010102
1059307768
1059713146
1060043490
1060451790
1061110126
1061416028
1061894846
1062302214
1062768803
1063070042
1063697058
1064238040
1064997152
1065484436
1065917970
1066255550
1066558993
1066902512
1067281139
1067816261
1068166864
1068532890
1069048794
1069519076
1070240208
1070841448
1071499286
1072031032
1072585684
1073334118
1073868825
1074338093
1074725148
1075085594
1075617186
1076072751
1076649072
1077212454
1077642884
1078039509
1078781442
1079503492
1079990504
1081236364
1081992910
1082535356
1082891761
1083354942
1083815129
1084368628
1085118824
1085826882
1086671183
1087669982
1088480145
1089469044
1090311177
1091001870
1091518909
1092354642
1093582867
1094682583
1095815440
1096572812
1098120688
1099434602
1100243511
1101793280
1103450513
1105930508
1108319114
1111660582
1115067626
1121122216
case 2 Median 254 254
1004909072
1009203469
1012807774
1016411220
1017834607
1019548494
1020579984
1022525380
1023206184
1024249152
1024756435
1025630854
1026616364
1027095768
1028129708
1028815146
1029560164
1030243474
1031101134
1032103346
1032602752
1033051918
1033471376
1033921355
1034556102
1034788405
1035244390
1035675767
1036134871
1036565631
1036825722
1037247294
1037629220
1038281034
1039089101
1039235279
1039662600
1040239426
1040580018
1040819616
1041290816
1041640374
1041920928
1042163534
1042511171
1042751276
1043117202
1043400778
1043720742
1044151800
1044418483
1044773729
1045271379
1045664304
1045995888
1046250099
1046601896
1047045622
1047379838
1047871162
1048340942
1048674575
1048833342
1048997160
1049202139
1049307201
1049562850
1049676994
1049797828
1050137537
1050318224
1050673664
1050875858
1051112347
1051283716
1051532456
1051698344
1051953260
1052268200
1052468558
1052772968
1052932510
1053228788
1053560058
1053863948
1054077180
1054396582
1054750028
1054926905
1055260642
1055607194
1055832604
1056074933
1056585387
1056820050
1056996621
1057144950
1057448352
1057605798
1057787312
1058026146
1058143584
1058333930
1058641907
1058749924
1058859634
1059061332
1059226134
1059361068
1059528468
1059777118
1059929612
1060085418
1060274731
1060494778
1060958092
1061154157
1061261478
1061496014
1061726573
1061979846
1062169052
1062356981
1062653844
1062878038
1062989163
1063269340
1063475391
1063740622
1064169466
1064488162
1064928744
1065186026
1065451415
1065619734
1065841716
1065982288
1066158520
1066341729
1066530430
1066698196
1066853779
1067063608
1067250590
1067589480
1067788773
1068005354
1068123827
1068369312
1068500026
1068686471
1069026706
1069278326
1069495607
1069651106
1070092657
1070478867
1070815664
1071173608
1071447416
1071849072
1072020018
1072167320
1072580242
1072973580
1073334118
1073705380
1073868825
1074144424
1074338093
1074461670
1074725148
1074851000
1075085594
1075342539
1075623251
1075926899
1076092870
1076366893
1076676925
1076903588
1077287190
1077499898
1077669264
1077830848
1078077766
1078482161
1078973742
1079178372
1079546272
1079809958
1080137652
1080690408
1081369814
1081797387
1082146278
1082374094
1082630984
1082748620
1082929807
1083213289
1083428672
1083714364
1083934170
1084166210
1084500074
1084870660
1085231006
1085604550
1086006680
1086491262
1086800688
1087387520
1087876634
1088252770
1088823164
1089241222
1089728656
1090139070
1090537831
1090902860
1091180538
1091411172
1091711007
1092127320
1092830470
1093455186
1093779677
1094438136
1095128978
1095674336
1096025224
1096521672
1097033594
1097836325
1098666082
1099288712
1099747835
1100160956
1100820710
1101537238
1102455342
1103370244
1104351158
1105853577
1107418286
1108143766
1109059291
1111660582
1113047465
1114862111
1117273364
1121122216
1125156669
case 2 Uniform 1 1
1143109610
case 2 Uniform 7 7
1126332452
1134721021
1140044776
1143109610
1145771488
1148433365
1150167270
case 2 Uniform 15 15
1117943920
1126332452
1131656207
1134721021
1137382899
1140044776
1141778671
1143109610
1144440549
1145771488
1147102427
1148433365
1149501801
1150167270
1150832740
case 2 Uniform 32 32
1109232814
1117621268
1122783697
1126009800
1128591015
1131172229
1133107762
1134398369
1135688977
1136979584
1138270192
1139560798
1140851047
1141496351
1142141655
1142786958
1143432261
1144077566
1144722869
1145368173
1146013476
1146658781
1147304084
1147949387
1148594691
1149239646
1149562298
1149884950
1150207602
1150530254
1150852905
1151175557
case 2 Uniform 63 63
1101167164
1109555466
1114879221
1117943920
1120605798
1123267675
1125001513
1126332452
1127663391
1128994330
1130325269
1131656207
1132724613
1133390082
1134055552
1134721021
1135386490
1136051960
1136717429
1137382899
1138048368
1138713838
1139379307
1140044776
1140710246
1141113202
1141445936
1141778671
1142111406
1142444141
1142776875
1143109610
1143442345
1143775079
1144107814
1144440549
1144773284
1145106018
1145438753
1145771488
1146104222
1146436957
1146769692
1147102427
1147435161
1147767896
1148100631
1148433365
1148766100
1149098835
1149335433
1149501801
1149668168
1149834535
1150000903
1150167270
1150333637
1150500005
1150666372
1150832740
1150999107
1151165474
1151331842
case 2 Uniform 128 128
1092696630
1101084625
1106367111
1109472927
1112114170
1114755413
1116540760
1117861381
1119182003
1120502624
1121823246
1123143867
1124268981
1124929292
1125589603
1126249913
1126910223
1127570535
1128230845
1128891156
1129551467
1130211778
1130872088
1131532399
1132192710
1132657550
1132987705
1133317861
1133648016
1133978172
1134308326
1134638482
1134968638
1135298792
1135628948
1135959104
1136289259
1136619414
1136949570
1137279725
1137609880
1137940036
1138270191
1138600347
1138930502
1139260657
1139590813
1139920968
1140251123
1140581279
1140881061
1141046139
1141211217
1141376294
1141541372
1141706450
1141871527
1142036605
1142201683
1142366761
1142531838
1142696915
1142861994
1143027071
1143192148
1143357227
1143522304
1143687381
1143852460
1144017537
1144182615
1144347693
1144512770
1144677848
1144842926
1145008003
1145173081
1145338159
1145503236
1145668314
1145833392
1145998469
1146163547
1146328625
1146493703
1146658780
1146823858
1146988936
1147154013
1147319091
1147484169
1147649246
1147814324
1147979402
1148144479
1148309557
1148474635
1148639712
1148804791
1148969868
1149134946
1149269660
1149352199
1149434738
1149517276
1149599816
1149682355
1149764893
1149847432
1149929971
1150012509
1150095049
1150177588
1150260126
1150342665
1150425204
1150507743
1150590282
1150672821
1150755360
1150837898
1150920437
1151002976
1151085514
1151168054
1151250593
1151333131
1151415670
case 2 Uniform 254 254
1084433543
1092820924
1098165556
1101208919
1103881236
1106553551
1108261063
1109597221
1110933379
1112269538
1113605696
1114941853
1115981438
1116649517
1117317596
1117985675
1118653754
1119321833
1119989912
1120657992
1121326070
1121994150
1122662229
1123330307
1123998387
1124369970
1124704009
1125038049
1125372088
1125706128
1126040167
1126374207
1126708247
1127042286
1127376325
1127710365
1128044405
1128378444
1128712484
1129046524
1129380563
1129714602
1130048642
1130382682
1130716721
1131050761
1131384801
1131718839
1132052879
1132386919
1132591518
1132758539
1132925558
1133092578
1133259598
1133426618
1133593637
1133760657
1133927677
1134094697
1134261717
1134428736
1134595757
1134762776
1134929795
1135096816
1135263835
1135430855
1135597875
1135764894
1135931915
1136098934
1136265954
1136432974
1136599994
1136767013
1136934033
1137101053
1137268072
1137435093
1137602112
1137769132
1137936152
1138103171
1138270192
1138437211
1138604231
1138771251
1138938270
1139105290
1139272310
1139439330
1139606349
1139773370
1139940389
1140107408
1140274429
1140441448
1140608469
1140775488
1140896598
1140980107
1141063618
1141147128
1141230637
1141314147
1141397658
1141481167
1141564677
1141648187
1141731696
1141815207
1141898717
1141982226
1142065736
1142149246
1142232757
1142316266
1142399776
1142483286
1142566795
1142650306
1142733816
1142817325
1142900835
1142984346
1143067855
1143151365
1143234875
1143318384
1143401895
1143485405
1143568914
1143652424
1143735934
1143819444
1143902954
1143986464
1144069973
1144153483
1144236994
1144320504
1144404013
1144487523
1144571034
1144654543
1144738053
1144821563
1144905072
1144988583
1145072093
1145155602
1145239112
1145322622
1145406132
1145489642
1145573152
1145656661
1145740171
1145823682
1145907191
1145990701
1146074211
1146157721
1146241231
1146324741
1146408251
1146491760
1146575271
1146658781
1146742290
1146825800
1146909310
1146992820
1147076330
1147159840
1147243349
1147326859
1147410370
1147493879
1147577389
1147660899
1147744409
1147827919
1147911429
1147994938
1148078448
1148161959
1148245468
1148328978
1148412488
1148495997
1148579508
1148663018
1148746528
1148830037
1148913547
1148997058
1149080567
1149164077
1149243442
1149285197
1149326951
1149368706
1149410462
1149452217
1149493972
1149535727
1149577482
1149619236
1149660991
1149702746
1149744501
1149786257
1149828012
1149869766
1149911521
1149953276
1149995031
1150036786
1150078541
1150120295
1150162050
1150203806
1150245561
1150287316
1150329071
1150370825
1150412580
1150454335
1150496090
1150537845
1150579601
1150621356
1150663110
1150704865
1150746620
1150788375
1150830130
1150871885
1150913639
1150955394
1150997150
1151038905
1151080660
1151122415
1151164169
1151205924
1151247679
1151289434
1151331189
1151372945
1151414699
1151456454
case 2 UniformAndQuantiles 1 1
1063421494
case 2 UniformAndQuantiles 7 6
1044418483
1058143584
1069278326
1083934170
1135028521
1144300364
case 2 UniformAndQuantiles 15 12
1035745300
1046400508
1053863948
1060165139
1066773237
1074338093
1082674542
1093270376
1126185817
1135028521
1144300364
1150646246
case 2 UniformAndQuantiles 32 22
1028129708
1036565631
1042511171
1047871162
1051283716
1055260642
1058749924
1061726573
1065619734
1068500026
1072973580
1076676925
1081797387
1086006680
1092127320
1100820710
1117273364
1126185817
1130385566
1133593424
1144300364
1150646246
case 2 UniformAndQuantiles 63 41
1021396098
1028498150
1033616682
1036825722
1040423684
1042941849
1045672666
1048654508
1049858643
1051747724
1053863948
1056011466
1057887934
1059245470
1060928131
1062478342
1064622280
1066372018
1067928536
1069592526
1072032640
1074338093
1076059029
1077987620
1080755814
1083169738
1085453463
1088959958
1091711007
1095936708
1100525048
1108534146
1109536160
1117934340
1123271498
1126185817
1130385566
1133593424
1135028521
1144300364
1150646246
case 2 UniformAndQuantiles 128 77
1016337202
1021612946
1025539796
1028536507
1031807453
1033707118
1035530016
1037043828
1039167912
1040639838
1041943166
1043121942
1044418483
1045958338
1047208367
1048760580
1049434006
1050222132
1051135326
1052136406
1053062600
1054171010
1055327736
1056622272
1057460974
1058143584
1058831025
1059520604
1060234951
1061223730
1062096935
1062950895
1063974726
1065360868
1066023958
1066719209
1067612366
1068385362
1069278326
1070474348
1071798528
1072852789
1074083848
1074764038
1075820430
1076806430
1077749077
1079058268
1080194803
1082192111
1082935264
1083934170
1085212744
1086757218
1088663774
1090391554
1091617826
1093681977
1095883074
1098143714
1100325593
1100989504
1103598232
1108465546
1109536160
1114610240
1115067626
1117934340
1120264616
1123271498
1124875745
1126185817
1130385566
1133593424
1135028521
1144300364
1150646246
case 2 UniformAndQuantiles 254 148
1009203469
1016411220
1019548494
1022525380
1024108656
1025630854
1027059714
1028815146
1030187200
1031982866
1033015721
1033845843
1034761376
1035639584
1036500846
1037223440
1038257284
1039217558
1040195353
1040768958
1041625814
1042109541
1042738934
1043379482
1043970858
1044659720
1045634546
1046187027
1046920218
1047705208
1048623092
1048981846
1049270379
1049663416
1049992720
1050568754
1051039780
1051463893
1051884836
1052389356
1052866000
1053437858
1054010882
1054636668
1055075234
1055770812
1056425524
1056922440
1057379382
1057737548
1058106213
1058409210
1058805892
1059166414
1059504533
1059869940
1060209565
1060713358
1061218647
1061593410
1062081312
1062431592
1062950895
1063421494
1063974726
1064741501
1065374850
1065772336
1066038022
1066471489
1066757895
1067157985
1067675628
1068067133
1068423202
1068884100
1069353605
1069835562
1070501772
1071241254
1071947414
1072183836
1073165552
1073726902
1074264902
1074566725
1074929279
1075370393
1076014630
1076553905
1076923834
1077537524
1077898663
1078549196
1079292906
1079848905
1080820014
1081926579
1082389570
1082797324
1083255384
1083739664
1084186373
1085021016
1085623882
1086580101
1087417215
1088299868
1089264267
1090143314
1090946990
1091443104
1092270394
1092830470
1093539691
1094470470
1095771678
1096554469
1097927664
1099361315
1100160956
1101174264
1101671992
1103370244
1105914941
1106490860
1108143766
1109536160
1111660582
1112368610
1114862111
1116678036
1117934340
1119204278
1120767578
1121122216
1121932995
1123271498
1124381941
1125156669
1126185817
1130385566
1133002816
1133593424
1135028521
1144300364
1149757574
1150646246
case 2 MaxLogSum 1 1
1063421494
case 2 MaxLogSum 7 7
1037247294
1048992909
1056966209
1063433814
1071264476
1079848905
1091443104
case 2 MaxLogSum 15 15
1028830875
1037273032
1043409216
1048997160
1052440708
1056966209
1059878228
1063433814
1067172832
1071264476
1075388603
1079848905
1085021016
1091443104
1100160956
case 2 MaxLogSum 32 32
1021612946
1028517564
1033673366
1036921348
1040530718
1043040739
1045721850
1048696936
1050048299
1051848970
1053950334
1056103036
1057974984
1059286666
1061032055
1062699559
1064897636
1066496965
1068045447
1069667020
1072130523
1074414802
1076152360
1078096084
1081236364
1083289754
1085604550
1089053521
1091844686
1096025224
1100570274
1108534146
case 2 MaxLogSum 63 63
1016446369
1022678428
1026074905
1028901870
1032378228
1034101060
1035745300
1037456816
1039305220
1040947887
1042232723
1043431996
1044948650
1046256450
1047953628
1049012468
1049693120
1050689078
1051532456
1052468558
1053560058
1054750028
1055832604
1056983782
1057776912
1058627796
1059211484
1059898907
1060914314
1061689898
1062525572
1063451609
1064858818
1065812853
1066518419
1067196885
1068085400
1068920262
1069894146
1071276042
1072263760
1073770599
1074611330
1075449002
1076597233
1077552242
1078659664
1079877030
1081958352
1082805356
1083764004
1085088934
1086599434
1088352504
1090167788
1091473623
1093571262
1095782580
1098022406
1100243511
1103450513
1108319114
1115067626
case 2 MaxLogSum 128 128
1009628060
1016446369
1019777017
1022678428
1024341884
1026074905
1027269468
1028901870
1030642998
1032407508
1033197480
1034212008
1035025265
1035870543
1036614076
1037568128
1038974793
1039497160
1040530718
1041250570
1041911198
1042498216
1043117202
1043720742
1044418483
1045286981
1046037788
1046697768
1047497894
1048484014
1048899160
1049212544
1049613552
1049853828
1050402584
1050986880
1051393210
1051848970
1052355090
1052866000
1053437858
1054028616
1054640062
1055103356
1055811269
1056517084
1056983782
1057448352
1057776912
1058123754
1058567478
1058816652
1059178946
1059504533
1059869940
1060190502
1060660156
1061202617
1061527669
1062026024
1062402977
1062882375
1063269340
1063740622
1064482775
1065160588
1065545476
1065963548
1066306138
1066617136
1066999594
1067349416
1067833477
1068197742
1068565529
1069048794
1069519076
1070187333
1070815664
1071447416
1072005003
1072522810
1073276019
1073828128
1074290306
1074645274
1074943967
1075449002
1076035804
1076574048
1076923834
1077537524
1077875974
1078497660
1079221362
1079809958
1080627204
1081784013
1082360678
1082712686
1083087403
1083576630
1084088322
1084651248
1085399414
1086180435
1086899549
1087909626
1088905816
1089779330
1090558870
1091180538
1091674552
1092745966
1093712302
1094984496
1095919286
1096796052
1098195664
1099481378
1100432505
1101991466
1103707972
1106043204
1108465546
1111719578
1115067626
1121122216
case 2 MaxLogSum 254 254
1005330043
1009628060
1013187128
1016446369
1017892220
1019777017
1020655114
1022678428
1023635924
1024341884
1025007102
1026074905
1026729522
1027269468
1028444249
1028901870
1029761751
1030642998
1031583102
1032407508
1032872247
1033197480
1033707118
1034212008
1034674700
1035025265
1035586036
1035870543
1036408922
1036614076
1037137494
1037568128
1038191978
1038974793
1039205466
1039497160
1040151004
1040530718
1040768958
1041250570
1041625814
1041911198
1042157976
1042498216
1042751276
1043117202
1043400778
1043720742
1044151800
1044418483
1044842642
1045286981
1045672666
1046037788
1046256450
1046697768
1047082028
1047497894
1047993732
1048484014
1048725664
1048899160
1049047323
1049212544
1049381870
1049613552
1049744942
1049853828
1050188855
1050402584
1050780060
1050986880
1051135326
1051393210
1051627042
1051848970
1052178531
1052355090
1052598927
1052866000
1053162788
1053437858
1053773337
1054028616
1054343396
1054640062
1054871636
1055103356
1055547808
1055811269
1056070250
1056517084
1056812244
1056983782
1057144950
1057448352
1057605798
1057787312
1058026146
1058143584
1058338592
1058660347
1058770250
1058889994
1059094971
1059245470
1059375734
1059565328
1059801556
1060005649
1060144724
1060383068
1060609218
1061032055
1061202617
1061387452
1061554955
1061860213
1062057382
1062251784
1062431592
1062768803
1062950895
1063070042
1063421494
1063705864
1064057428
1064283356
1064787616
1065071808
1065409802
1065533587
1065812853
1065963548
1066109908
1066323302
1066524727
1066660438
1066803133
1067045542
1067233374
1067557626
1067771412
1067959572
1068123827
1068369312
1068500026
1068686471
1069026706
1069278326
1069506531
1069667020
1070187333
1070490614
1070841448
1071215718
1071514522
1071898288
1072032640
1072181778
1072668966
1073114225
1073424222
1073726902
1073962400
1074264902
1074381522
1074576703
1074739686
1074938053
1075201576
1075449002
1075820430
1076049934
1076250674
1076621900
1076849280
1077053104
1077415144
1077605848
1077773125
1078033002
1078409786
1078690316
1079075794
1079503492
1079714886
1080075930
1080569347
1081306292
1081784013
1082057738
1082370729
1082598909
1082748620
1082929807
1083213289
1083428672
1083714364
1083934170
1084176802
1084520192
1084942610
1085287790
1085604550
1086006680
1086432030
1086757218
1087209258
1087710322
1088097596
1088480145
1088959958
1089416808
1089852626
1090143314
1090558870
1090902860
1091161436
1091336740
1091626808
1092031510
1092439366
1093019185
1093631574
1094065780
1094529592
1095203316
1095771678
1096025224
1096472094
1096912789
1097575101
1098330113
1099124960
1099481378
1099956988
1100325593
1101094544
1101793280
1102583733
1103370244
1104274530
1105691765
1107216394
1107904172
1108690424
1110049516
1112613850
1113557686
1115592182
1118710488
1121297865
1125156669
case 2 MinEntropy 1 1
1063421494
case 2 MinEntropy 7 7
1037247294
1048992909
1056966209
1063433814
1071264476
1079848905
1091443104
case 2 MinEntropy 15 15
1028830875
1037273032
1043409216
1049012468
1052468558
1056983782
1059898907
1063451609
1067196885
1071276042
1075449002
1079877030
1085088934
1091473623
1100243511
case 2 MinEntropy 32 32
1021612946
1028517564
1033673366
1036921348
1040530718
1043040739
1045721850
1048696936
1050048299
1051848970
1053950334
1056103036
1057974984
1059286666
1061032055
1062699559
1064897636
1066496965
1068045447
1069667020
1072130523
1074414802
1076152360
1078096084
1081236364
1083289754
1085604550
1089053521
1091844686
1096025224
1100570274
1108534146
case 2 MinEntropy 63 63
1016446369
1022678428
1026074905
1028901870
1032378228
1034101060
1035745300
1037456816
1039305220
1040947887
1042232723
1043431996
1044948650
1046256450
1047953628
1049012468
1049693120
1050689078
1051532456
1052468558
1053560058
1054750028
1055832604
1056983782
1057776912
1058627796
1059211484
1059898907
1060914314
1061689898
1062525572
1063451609
1064858818
1065812853
1066518419
1067196885
1068085400
1068920262
1069894146
1071276042
1072263760
1073770599
1074611330
1075449002
1076597233
1077552242
1078659664
1079877030
1081958352
1082805356
1083764004
1085088934
1086599434
1088352504
1090167788
1091473623
1093571262
1095782580
1098022406
1100243511
1103450513
1108319114
1115067626
case 2 MinEntropy 128 128
1009628060
1016446369
1019777017
1022678428
1024341884
1026074905
1027269468
1028901870
1030642998
1032407508
1033197480
1034212008
1035025265
1035870543
1036614076
1037568128
1038974793
1039497160
1040530718
1041250570
1041911198
1042498216
1043117202
1043720742
1044418483
1045286981
1046037788
1046697768
1047497894
1048484014
1048899160
1049212544
1049613552
1049853828
1050402584
1050986880
1051393210
1051848970
1052355090
1052866000
1053437858
1054028616
1054640062
1055103356
1055811269
1056517084
1056983782
1057448352
1057776912
1058123754
1058567478
1058816652
1059178946
1059504533
1059869940
1060190502
1060660156
1061202617
1061527669
1062026024
1062402977
1062882375
1063269340
1063740622
1064482775
1065160588
1065545476
1065963548
1066306138
1066617136
1066999594
1067349416
1067833477
1068197742
1068565529
1069048794
1069519076
1070187333
1070815664
1071447416
1072005003
1072522810
1073276019
1073828128
1074290306
1074645274
1074943967
1075449002
1076035804
1076574048
1076923834
1077537524
1077875974
1078497660
1079221362
1079809958
1080627204
1081784013
1082360678
1082712686
1083087403
1083576630
1084088322
1084651248
1085399414
1086180435
1086899549
1087909626
1088905816
1089779330
1090558870
1091180538
1091674552
1092745966
1093712302
1094984496
1095919286
1096796052
1098195664
1099481378
1100432505
1101991466
1103707972
1106043204
1108465546
1111719578
1115067626
1121122216
case 2 MinEntropy 254 254
1005330043
1009628060
1013187128
1016446369
1017892220
1019777017
1020655114
1022678428
1023635924
1024341884
1025007102
1026074905
1026729522
1027269468
1028444249
1028901870
1029761751
1030642998
1031583102
1032407508
1032872247
1033197480
1033707118
1034212008
1034674700
1035025265
1035586036
1035870543
1036408922
1036614076
1037137494
1037568128
1038191978
1038974793
1039205466
1039497160
1040151004
1040530718
1040768958
1041250570
1041625814
1041911198
1042157976
1042498216
1042751276
1043117202
1043400778
1043720742
1044151800
1044418483
1044842642
1045286981
1045672666
1046037788
1046256450
1046697768
1047082028
1047497894
1047993732
1048484014
1048725664
1048899160
1049047323
1049212544
1049381870
1049613552
1049744942
1049853828
1050188855
1050402584
1050780060
1050986880
1051135326
1051393210
1051627042
1051848970
1052178531
1052355090
1052598927
1052866000
1053162788
1053437858
1053773337
1054028616
1054343396
1054640062
1054871636
1055103356
1055547808
1055811269
1056070250
1056517084
1056812244
1056983782
1057144950
1057448352
1057605798
1057787312
1058026146
1058143584
1058338592
1058660347
1058770250
1058889994
1059094971
1059245470
1059375734
1059565328
1059801556
1060005649
1060144724
1060383068
1060609218
1061032055
1061202617
1061387452
1061554955
1061860213
1062057382
1062251784
1062431592
1062768803
1062950895
1063070042
1063421494
1063705864
1064057428
1064283356
1064787616
1065071808
1065409802
1065533587
1065812853
1065963548
1066109908
1066323302
1066524727
1066660438
1066803133
1067045542
1067217016
1067437214
1067706335
1067854232
1068067133
1068197742
1068399874
1068532890
1068688145
1069026706
1069255558
1069481554
1069610890
1069972108
1070400178
1070616424
1071013471
1071241254
1071550097
1071898288
1072031032
1072167320
1072580242
1072923678
1073276019
1073603870
1073805468
1074077437
1074277808
1074381522
1074566725
1074733828
1074867176
1075091142
1075342539
1075617186
1075867700
1076059029
1076296457
1076621900
1076806430
1076926030
1077383985
1077537524
1077713952
1077875974
1078164364
1078549196
1079036044
1079292906
1079641688
1079848905
1080245822
1080866810
1081623164
1081958352
1082229388
1082472289
1082683848
1082812966
1083019716
1083320356
1083538243
1083801524
1084088322
1084368628
1084684644
1085127438
1085453463
1085862341
1086257170
1086725140
1087209258
1087751398
1088213676
1088663774
1089138226
1089626246
1090043218
1090501010
1090866084
1091161436
1091368742
1091674552
1092127320
1092830470
1093455186
1093779677
1094438136
1095191490
1095771678
1096127448
1096554469
1097119663
1098022406
1098841246
1099434602
1099858936
1100306550
1101094544
1101813606
1102866169
1103707972
1104765064
1106490860
1107753316
1108578668
1109953698
1112613850
1113557686
1115592182
1118710488
1121297865
1125156669
case 2 GreedyMinEntropy 1 1
1063421494
case 2 GreedyMinEntropy 7 7
1037223440
1048981846
1056922440
1063421494
1071241254
1079848905
1091443104
case 2 GreedyMinEntropy 15 15
1028815146
1037223440
1043379482
1048981846
1052389356
1056922440
1059869940
1063421494
1067157985
1071241254
1075370393
1079848905
1085021016
1091443104
1100160956
case 2 GreedyMinEntropy 32 32
1022525380
1028815146
1033845843
1037223440
1040768958
1043379482
1046187027
1047705208
1048981846
1050568754
1052389356
1054636668
1056922440
1058409210
1059869940
1061593410
1063421494
1065772336
1067157985
1068884100
1071241254
1073726902
1075370393
1077537524
1079848905
1082797324
1085021016
1088299868
1091443104
1095771678
1100160956
1108143766
case 2 GreedyMinEntropy 63 63
1016411220
1022525380
1025630854
1028815146
1031982866
1033845843
1035639584
1037223440
1039217558
1040768958
1042109541
1043379482
1044659720
1046187027
1047705208
1048981846
1049663416
1050568754
1051463893
1052389356
1053437858
1054636668
1055770812
1056922440
1057737548
1058409210
1059166414
1059869940
1060713358
1061593410
1062431592
1063421494
1064741501
1065772336
1066471489
1067157985
1068067133
1068884100
1069835562
1071241254
1072183836
1073726902
1074566725
1075370393
1076553905
1077537524
1078549196
1079848905
1081926579
1082797324
1083739664
1085021016
1086580101
1088299868
1090143314
1091443104
1093539691
1095771678
1097927664
1100160956
1103370244
1108143766
1114862111
case 2 GreedyMinEntropy 128 128
1009203469
1016411220
1019548494
1022525380
1024108656
1025630854
1027059714
1028815146
1030187200
1031982866
1033015721
1033845843
1034761376
1035639584
1036500846
1037223440
1038229082
1039217558
1040151004
1040768958
1041574746
1042109541
1042730685
1043379482
1043906736
1044659720
1045596834
1046187027
1046853351
1047705208
1048185760
1048623092
1048981846
1049270379
1049663416
1049992720
1050568754
1051039780
1051463893
1051884836
1052389356
1052866000
1053437858
1054010882
1054636668
1055075234
1055770812
1056425524
1056922440
1057353254
1057737548
1058097474
1058409210
1058797426
1059166414
1059483816
1059869940
1060190502
1060713358
1061210142
1061593410
1062057382
1062431592
1062950895
1063421494
1063974726
1064741501
1065374850
1065772336
1066038022
1066471489
1066757895
1067157985
1067675628
1068067133
1068423202
1068884100
1069353605
1069835562
1070501772
1071241254
1071924380
1072183836
1073114225
1073726902
1074216424
1074566725
1074902218
1075370393
1075993609
1076553905
1076919520
1077537524
1077875974
1078549196
1079292906
1079848905
1080820014
1081926579
1082389570
1082797324
1083255384
1083739664
1084186373
1085021016
1085623882
1086580101
1087417215
1088299868
1089264267
1090143314
1090946990
1091443104
1092190859
1093539691
1094438136
1095771678
1096521672
1097927664
1099288712
1100160956
1101537238
1103370244
1105853577
1108143766
1111585537
1114862111
1121122216
case 2 GreedyMinEntropy 254 254
1004909072
1009203469
1012807774
1016411220
1017642071
1019548494
1020579984
1022525380
1023153697
1024108656
1024756435
1025630854
1026508768
1027059714
1028058802
1028815146
1029534892
1030187200
1031032450
1031982866
1032563278
1033015721
1033373710
1033845843
1034377100
1034761376
1035155894
1035639584
1036014940
1036500846
1036743234
1037223440
1037602748
1038229082
1039022004
1039217558
1039497160
1040151004
1040530718
1040768958
1041190124
1041574746
1041884233
1042109541
1042365235
1042730685
1043082278
1043379482
1043585618
1043906736
1044387218
1044659720
1045169372
1045596834
1045908994
1046187027
1046400508
1046853351
1047177027
1047705208
1048185760
1048623092
1048760580
1048981846
1049130702
1049270379
1049452262
1049663416
1049778149
1049992720
1050240523
1050568754
1050806698
1051039780
1051165051
1051463893
1051652626
1051884836
1052194791
1052389356
1052598927
1052866000
1053162788
1053437858
1053770204
1054010882
1054270790
1054636668
1054825246
1055075234
1055506367
1055770812
1055928536
1056425524
1056720323
1056922440
1057105976
1057353254
1057552268
1057737548
1057911720
1058097474
1058271498
1058409210
1058707691
1058797426
1058907358
1059166414
1059265934
1059483816
1059632288
1059869940
1060023660
1060190502
1060431540
1060713358
1061059395
1061210142
1061404956
1061593410
1061860213
1062057382
1062251784
1062431592
1062768803
1062950895
1063070042
1063421494
1063974726
1064238040
1064741501
1064997152
1065374850
1065504844
1065772336
1065917970
1066038022
1066275712
1066471489
1066573893
1066757895
1066950898
1067157985
1067315835
1067675628
1067833477
1068067133
1068197742
1068423202
1068595460
1068884100
1069083261
1069353605
1069541534
1069835562
1070280228
1070501772
1070951996
1071241254
1071550097
1071924380
1072039204
1072183836
1072668966
1073114225
1073424222
1073726902
1073938683
1074216424
1074354373
1074566725
1074733828
1074902218
1075109623
1075370393
1075736668
1075993609
1076140640
1076553905
1076716194
1076919520
1077371217
1077537524
1077713952
1077875974
1078164364
1078549196
1079036044
1079292906
1079641688
1079848905
1080194803
1080820014
1081583518
1081926579
1082192111
1082389570
1082663244
1082797324
1082951522
1083255384
1083449202
1083739664
1083947866
1084186373
1084542270
1085021016
1085287790
1085623882
1086127769
1086580101
1086814486
1087417215
1087888226
1088299868
1088868616
1089264267
1089779330
1090143314
1090558870
1090946990
1091202521
1091443104
1091711007
1092190859
1092923492
1093539691
1093779677
1094438136
1095191490
1095771678
1096025224
1096521672
1097033594
1097927664
1098666082
1099288712
1099747835
1100160956
1100820710
1101537238
1102455342
1103370244
1104274530
1105853577
1107418286
1108143766
1108817688
1111585537
1113047465
1114862111
1117273364
1121122216
1125156669
case 3 GreedyLogSum 1 1
1067450368
case 3 GreedyLogSum 7 6
3221225472
3204448256
1048576000
1067450368
1083179008
1091567616
case 3 GreedyLogSum 15 6
3221225472
3204448256
1048576000
1067450368
1083179008
1091567616
case 3 GreedyLogSum 32 6
3221225472
3204448256
1048576000
1067450368
1083179008
1091567616
case 3 GreedyLogSum 63 6
3221225472
3204448256
1048576000
1067450368
1083179008
1091567616
case 3 GreedyLogSum 128 6
3221225472
3204448256
1048576000
1067450368
1083179008
1091567616
case 3 GreedyLogSum 254 6
3221225472
3204448256
1048576000
1067450368
1083179008
1091567616
case 3 Median 1 1
1048576000
case 3 Median 7 6
3221225472
3204448256
1048576000
1067450368
1083179008
1091567616
case 3 Median 15 6
3221225472
3204448256
1048576000
1067450368
1083179008
1091567616
case 3 Median 32 6
3221225472
3204448256
1048576000
1067450368
1083179008
1091567616
case 3 Median 63 6
3221225472
3204448256
1048576000
1067450368
1083179008
1091567616
case 3 Median 128 6
3221225472
3204448256
1048576000
1067450368
1083179008
1091567616
case 3 Median 254 6
3221225472
3204448256
1048576000
1067450368
1083179008
1091567616
case 3 Uniform 1 1
1082130432
case 3 Uniform 7 7
3214934016
1056964608
1074790400
1082130432
1085800448
1089470464
1091829760
case 3 Uniform 15 15
3221749760
3214934016
3200253952
1056964608
1068498944
1074790400
1078460416
1082130432
1083965440
1085800448
1087635456
1089470464
1090912256
1091829760
1092747264
case 3 Uniform 32 32
3223640374
3221860972
3218937670
3215378866
3210803264
3202923056
3170385408
1053405808
1062302812
1067386816
1070945620
1074123124
1075902526
1077681928
1079461330
1081240732
1082575282
1083464983
1084354684
1085244384
1086134086
1087023786
1087913488
1088803188
1089692890
1090550815
1090995665
1091440516
1091885366
1092330217
1092775067
1093219918
case 3 Uniform 63 63
3224502272
3223584768
3222667264
3221749760
3220439040
3218604032
3216769024
3214934016
3213099008
3209691136
3206021120
3200253952
3189768192
1031798784
1049624576
1056964608
1060634624
1064304640
1066663936
1068498944
1070333952
1072168960
1073872896
1074790400
1075707904
1076625408
1077542912
1078460416
1079377920
1080295424
1081212928
1082130432
1082589184
1083047936
1083506688
1083965440
1084424192
1084882944
1085341696
1085800448
1086259200
1086717952
1087176704
1087635456
1088094208
1088552960
1089011712
1089470464
1089929216
1090387968
1090682880
1090912256
1091141632
1091371008
1091600384
1091829760
1092059136
1092288512
1092517888
1092747264
1092976640
1093206016
1093435392
case 3 Uniform 128 128
3224964580
3224509384
3224054189
3223598993
3223143797
3222688601
3222233406
3221778210
3221323014
3220510164
3219599773
3218689381
3217778990
3216868598
3215958207
3215047815
3214137423
3213227032
3211796416
3209975632
3208154852
3206334068
3204513284
3200936744
3197295176
3191247584
3180257856
1025426048
1041683040
1048771080
1052412648
1056054216
1058330196
1060150980
1061971760
1063792544
1065483272
1066393664
1067304056
1068214448
1069124840
1070035228
1070945620
1071856012
1072766404
1073676796
1074164506
1074619702
1075074898
1075530094
1075985288
1076440484
1076895680
1077350876
1077806072
1078261268
1078716464
1079171660
1079626856
1080082050
1080537246
1080992442
1081447638
1081902834
1082244231
1082471829
1082699427
1082927025
1083154623
1083382220
1083609818
1083837416
1084065014
1084292612
1084520210
1084747808
1084975406
1085203004
1085430602
1085658200
1085885798
1086113396
1086340992
1086568590
1086796188
1087023786
1087251384
1087478982
1087706580
1087934178
1088161776
1088389374
1088616972
1088844570
1089072168
1089299766
1089527364
1089754962
1089982560
1090210158
1090437756
1090592196
1090705995
1090819794
1090933593
1091047392
1091161191
1091274990
1091388789
1091502588
1091616387
1091730186
1091843985
1091957784
1092071583
1092185382
1092299181
1092412980
1092526779
1092640577
1092754376
1092868175
1092981974
1093095773
1093209572
1093323371
1093437170
1093550969
case 3 Uniform 254 254
3225189500
3224959225
3224728949
3224498674
3224268398
3224038123
3223807847
3223577572
3223347296
3223117021
3222886745
3222656470
3222426194
3222195919
3221965643
3221735368
3221505092
3221274817
3220863610
3220403059
3219942508
3219481957
3219021406
3218560855
3218100304
3217639753
3217179202
3216718651
3216258100
3215797549
3215336998
3214876447
3214415896
3213955345
3213494794
3213034243
3212310520
3211389416
3210468316
3209547212
3208626112
3207705008
3206783908
3205862804
3204941704
3203592944
3201750744
3199908536
3198066336
3196224128
3192704208
3189019792
3182999744
3171979392
1017159808
1033410720
1040483456
1044167872
1047852272
1050056344
1051898544
1053740752
1055582952
1057194884
1058115984
1059037088
1059958188
1060879292
1061800392
1062721496
1063642596
1064563700
1065419008
1065879560
1066340112
1066800664
1067261212
1067721764
1068182316
1068642868
1069103416
1069563968
1070024520
1070485072
1070945620
1071406172
1071866724
1072327276
1072787824
1073248376
1073708928
1073955652
1074185926
1074416202
1074646478
1074876754
1075107028
1075337304
1075567580
1075797856
1076028130
1076258406
1076488682
1076718958
1076949232
1077179508
1077409784
1077640060
1077870334
1078100610
1078330886
1078561162
1078791438
1079021712
1079251988
1079482264
1079712540
1079942814
1080173090
1080403366
1080633642
1080863916
1081094192
1081324468
1081554744
1081785018
1082015294
1082188001
1082303139
1082418276
1082533414
1082648552
1082763690
1082878827
1082993965
1083109103
1083224241
1083339378
1083454516
1083569654
1083684792
1083799929
1083915067
1084030205
1084145343
1084260480
1084375618
1084490756
1084605894
1084721032
1084836170
1084951308
1085066444
1085181582
1085296720
1085411858
1085526996
1085642134
1085757272
1085872410
1085987546
1086102684
1086217822
1086332960
1086448098
1086563236
1086678374
1086793512
1086908648
1087023786
1087138924
1087254062
1087369200
1087484338
1087599476
1087714614
1087829750
1087944888
1088060026
1088175164
1088290302
1088405440
1088520578
1088635716
1088750854
1088865990
1088981128
1089096266
1089211404
1089326542
1089441680
1089556818
1089671956
1089787092
1089902230
1090017368
1090132506
1090247644
1090362782
1090477920
1090556049
1090613617
1090671186
1090728755
1090786324
1090843893
1090901462
1090959031
1091016600
1091074168
1091131737
1091189306
1091246875
1091304444
1091362013
1091419582
1091477151
1091534719
1091592288
1091649857
1091707426
1091764995
1091822564
1091880133
1091937702
1091995271
1092052839
1092110408
1092167977
1092225546
1092283115
1092340684
1092398253
1092455822
1092513390
1092570959
1092628528
1092686097
1092743666
1092801235
1092858804
1092916373
1092973941
1093031510
1093089079
1093146648
1093204217
1093261786
1093319355
1093376924
1093434492
1093492061
1093549630
1093607199
case 3 UniformAndQuantiles 1 1
1048576000
case 3 UniformAndQuantiles 7 6
3221225472
3204448256
1048576000
1067450368
1083179008
1091567616
case 3 UniformAndQuantiles 15 6
3221225472
3204448256
1048576000
1067450368
1083179008
1091567616
case 3 UniformAndQuantiles 32 6
3221225472
3204448256
1048576000
1067450368
1083179008
1091567616
case 3 UniformAndQuantiles 63 6
3221225472
3204448256
1048576000
1067450368
1083179008
1091567616
case 3 UniformAndQuantiles 128 6
3221225472
3204448256
1048576000
1067450368
1083179008
1091567616
case 3 UniformAndQuantiles 254 6
3221225472
3204448256
1048576000
1067450368
1083179008
1091567616
case 3 MaxLogSum 1 1
1067450368
case 3 MaxLogSum 7 6
3221225472
3204448256
1048576000
1067450368
1083179008
1091567616
case 3 MaxLogSum 15 6
3221225472
3204448256
1048576000
1067450368
1083179008
1091567616
case 3 MaxLogSum 32 6
3221225472
3204448256
1048576000
1067450368
1083179008
1091567616
case 3 MaxLogSum 63 6
3221225472
3204448256
1048576000
1067450368
1083179008
1091567616
case 3 MaxLogSum 128 6
3221225472
3204448256
1048576000
1067450368
1083179008
1091567616
case 3 MaxLogSum 254 6
3221225472
3204448256
1048576000
1067450368
1083179008
1091567616
case 3 MinEntropy 1 1
1067450368
case 3 MinEntropy 7 6
3221225472
3204448256
1048576000
1067450368
1083179008
1091567616
case 3 MinEntropy 15 6
3221225472
3204448256
1048576000
1067450368
1083179008
1091567616
case 3 MinEntropy 32 6
3221225472
3204448256
1048576000
1067450368
1083179008
1091567616
case 3 MinEntropy 63 6
3221225472
3204448256
1048576000
1067450368
1083179008
1091567616
case 3 MinEntropy 128 6
3221225472
3204448256
1048576000
1067450368
1083179008
1091567616
case 3 MinEntropy 254 6
3221225472
3204448256
1048576000
1067450368
1083179008
1091567616
case 3 GreedyMinEntropy 1 1
1067450368
case 3 GreedyMinEntropy 7 6
3221225472
3204448256
1048576000
1067450368
1083179008
1091567616
case 3 GreedyMinEntropy 15 6
3221225472
3204448256
1048576000
1067450368
1083179008
1091567616
case 3 GreedyMinEntropy 32 6
3221225472
3204448256
1048576000
1067450368
1083179008
1091567616
case 3 GreedyMinEntropy 63 6
3221225472
3204448256
1048576000
1067450368
1083179008
1091567616
case 3 GreedyMinEntropy 128 6
3221225472
3204448256
1048576000
1067450368
1083179008
1091567616
case 3 GreedyMinEntropy 254 6
3221225472
3204448256
1048576000
1067450368
1083179008
1091567616
case 4 GreedyLogSum 1 1
3187671040
case 4 GreedyLogSum 7 7
3213885440
3206545408
3200253952
3187671040
1040187392
1059061760
1066401792
case 4 GreedyLogSum 15 15
3220176896
3218079744
3215982592
3213885440
3210739712
3206545408
3200253952
3187671040
1040187392
1052770304
1059061760
1063256064
1066401792
1068498944
1070596096
case 4 GreedyLogSum 32 25
3224895488
3223846912
3222798336
3221749760
3220176896
3218079744
3215982592
3213885440
3210739712
3206545408
3200253952
3187671040
1040187392
1052770304
1059061760
1063256064
1066401792
1068498944
1070596096
1072693248
1074266112
1075314688
1076363264
1077411840
1078984704
case 4 GreedyLogSum 63 25
3224895488
3223846912
3222798336
3221749760
3220176896
3218079744
3215982592
3213885440
3210739712
3206545408
3200253952
3187671040
1040187392
1052770304
1059061760
1063256064
1066401792
1068498944
1070596096
1072693248
1074266112
1075314688
1076363264
1077411840
1078984704
case 4 GreedyLogSum 128 25
3224895488
3223846912
3222798336
3221749760
3220176896
3218079744
3215982592
3213885440
3210739712
3206545408
3200253952
3187671040
1040187392
1052770304
1059061760
1063256064
1066401792
1068498944
1070596096
1072693248
1074266112
1075314688
1076363264
1077411840
1078984704
case 4 GreedyLogSum 254 25
3224895488
3223846912
3222798336
3221749760
3220176896
3218079744
3215982592
3213885440
3210739712
3206545408
3200253952
3187671040
1040187392
1052770304
1059061760
1063256064
1066401792
1068498944
1070596096
1072693248
1074266112
1075314688
1076363264
1077411840
1078984704
case 4 Median 1 1
3187671040
case 4 Median 7 7
3213885440
3210739712
3200253952
3187671040
1040187392
1059061760
1066401792
case 4 Median 15 12
3218079744
3213885440
3210739712
3206545408
3200253952
3187671040
1040187392
1052770304
1059061760
1063256064
1066401792
1068498944
case 4 Median 32 15
3221749760
3218079744
3215982592
3213885440
3210739712
3206545408
3200253952
3187671040
1040187392
1052770304
1059061760
1063256064
1066401792
1068498944
1070596096
case 4 Median 63 18
3222798336
3221749760
3220176896
3218079744
3215982592
3213885440
3210739712
3206545408
3200253952
3187671040
1040187392
1052770304
1059061760
1063256064
1066401792
1068498944
1070596096
1074266112
case 4 Median 128 21
3223846912
3222798336
3221749760
3220176896
3218079744
3215982592
3213885440
3210739712
3206545408
3200253952
3187671040
1040187392
1052770304
1059061760
1063256064
1066401792
1068498944
1070596096
1072693248
1074266112
1075314688
case 4 Median 254 23
3224895488
3223846912
3222798336
3221749760
3220176896
3218079744
3215982592
3213885440
3210739712
3206545408
3200253952
3187671040
1040187392
1052770304
1059061760
1063256064
1066401792
1068498944
1070596096
1072693248
1074266112
1075314688
1076363264
case 4 Uniform 1 1
1048576000
case 4 Uniform 7 7
3222011904
3215982592
3205496832
1048576000
1065877504
1072693248
1076625408
case 4 Uniform 15 15
3223715840
3222011904
3219390464
3215982592
3212312576
3205496832
3189768192
1048576000
1059586048
1065877504
1069285376
1072693248
1074921472
1076625408
1078329344
case 4 Uniform 32 32
3224593625
3223767474
3222941324
3222115173
3221289022
3219700271
3218047969
3216395667
3214743366
3213091064
3210040660
3206736060
3202414656
3195551248
3174706816
1041966800
1051880600
1057727208
1061031812
1064336416
1066497116
1068149420
1069801720
1071454020
1073106324
1074250224
1075076376
1075902526
1076728676
1077554828
1078380978
1079207130
case 4 Uniform 63 63
3224993792
3224567808
3224141824
3223715840
3223289856
3222863872
3222437888
3222011904
3221585920
3221094400
3220242432
3219390464
3218538496
3217686528
3216834560
3215982592
3215130624
3214278656
3213426688
3212312576
3210608640
3208904704
3207200768
3205496832
3203137536
3199729664
3196321792
3189768192
3177185280
1027604480
1041760256
1048576000
1051983872
1055391744
1057882112
1059586048
1061289984
1062993920
1064697856
1065877504
1066729472
1067581440
1068433408
1069285376
1070137344
1070989312
1071841280
1072693248
1073545216
1074069504
1074495488
1074921472
1075347456
1075773440
1076199424
1076625408
1077051392
1077477376
1077903360
1078329344
1078755328
1079181312
1079607296
case 4 Uniform 128 128
3225208435
3224997094
3224785753
3224574412
3224363072
3224151731
3223940390
3223729049
3223517708
3223306367
3223095026
3222883685
3222672344
3222461004
3222249662
3222038322
3221826981
3221615640
3221404299
3221160444
3220737762
3220315080
3219892399
3219469717
3219047035
3218624353
3218201671
3217778990
3217356308
3216933626
3216510944
3216088262
3215665581
3215242899
3214820217
3214397535
3213974853
3213552172
3213129490
3212576752
3211731388
3210886024
3210040660
3209195296
3208349936
3207504572
3206659208
3205813844
3204968480
3203797976
3202107248
3200416520
3198725792
3197035064
3194629040
3191247584
3187866128
3181298304
3168682880
1019118336
1033294432
1040057344
1043503824
1046885280
1049421360
1051112088
1052802816
1054493544
1056184272
1057419804
1058265168
1059110532
1059955896
1060801260
1061646620
1062491984
1063337348
1064182712
1065028076
1065613328
1066036008
1066458692
1066881372
1067304056
1067726736
1068149420
1068572100
1068994784
1069417464
1069840144
1070262828
1070685508
1071108192
1071530872
1071953556
1072376236
1072798920
1073221600
1073644284
1073904394
1074115734
1074327076
1074538416
1074749758
1074961098
1075172440
1075383780
1075595122
1075806462
1076017802
1076229144
1076440484
1076651826
1076863166
1077074508
1077285848
1077497190
1077708530
1077919872
1078131212
1078342552
1078553894
1078765234
1078976576
1079187916
1079399258
1079610598
1079821940
case 4 Uniform 254 254
3225312862
3225205949
3225099035
3224992121
3224885208
3224778294
3224671381
3224564467
3224457553
3224350640
3224243726
3224136812
3224029899
3223922985
3223816072
3223709158
3223602244
3223495331
3223388417
3223281503
3223174590
3223067676
3222960762
3222853849
3222746935
3222640022
3222533108
3222426194
3222319281
3222212367
3222105454
3221998540
3221891626
3221784712
3221677799
3221570885
3221463972
3221357058
3221250144
3221060989
3220847162
3220633335
3220419508
3220205680
3219991853
3219778026
3219564199
3219350371
3219136544
3218922717
3218708890
3218495062
3218281235
3218067408
3217853581
3217639753
3217425926
3217212099
3216998271
3216784444
3216570617
3216356790
3216142962
3215929135
3215715308
3215501481
3215287653
3215073826
3214859999
3214646172
3214432344
3214218517
3214004690
3213790863
3213577035
3213363208
3213149381
3212935554
3212606588
3212178932
3211751280
3211323624
3210895972
3210468316
3210040660
3209613008
3209185352
3208757696
3208330044
3207902388
3207474736
3207047080
3206619424
3206191772
3205764116
3205336460
3204908808
3204481152
3203658736
3202803432
3201948120
3201092816
3200237504
3199382192
3198526888
3197671576
3196816264
3195862272
3194151648
3192441040
3190730416
3189019792
3186947328
3183526080
3180104832
3174084800
3163590784
1006665984
1023969408
1030811904
1034726560
1038147808
1040878224
1042588832
1044299456
1046010080
1047720688
1049003656
1049858960
1050714272
1051569584
1052424888
1053280200
1054135512
1054990816
1055846128
1056701432
1057260676
1057688332
1058115984
1058543640
1058971296
1059398948
1059826604
1060254260
1060681912
1061109568
1061537220
1061964876
1062392532
1062820184
1063247840
1063675496
1064103148
1064530804
1064958456
1065369664
1065583492
1065797320
1066011148
1066224972
1066438800
1066652628
1066866456
1067080284
1067294108
1067507936
1067721764
1067935592
1068149420
1068363244
1068577072
1068790900
1069004728
1069218556
1069432384
1069646208
1069860036
1070073864
1070287692
1070501520
1070715344
1070929172
1071143000
1071356828
1071570656
1071784484
1071998308
1072212136
1072425964
1072639792
1072853620
1073067444
1073281272
1073495100
1073708928
1073832290
1073939204
1074046116
1074153030
1074259944
1074366858
1074473772
1074580684
1074687598
1074794512
1074901426
1075008340
1075115252
1075222166
1075329080
1075435994
1075542908
1075649822
1075756734
1075863648
1075970562
1076077476
1076184390
1076291302
1076398216
1076505130
1076612044
1076718958
1076825872
1076932784
1077039698
1077146612
1077253526
1077360440
1077467352
1077574266
1077681180
1077788094
1077895008
1078001922
1078108834
1078215748
1078322662
1078429576
1078536490
1078643402
1078750316
1078857230
1078964144
1079071058
1079177970
1079284884
1079391798
1079498712
1079605626
1079712540
1079819452
1079926366
case 4 UniformAndQuantiles 1 1
3187671040
case 4 UniformAndQuantiles 7 6
3215982592
3210739712
3200253952
1040187392
1059061760
1072693248
case 4 UniformAndQuantiles 15 11
3221749760
3215982592
3210739712
3206545408
3200253952
1040187392
1052770304
1059061760
1066401792
1072693248
1076363264
case 4 UniformAndQuantiles 32 21
3223846912
3221749760
3220176896
3218079744
3215982592
3213885440
3210739712
3206545408
3200253952
3187671040
1040187392
1052770304
1059061760
1063256064
1066401792
1068498944
1070596096
1072693248
1075314688
1076363264
1078984704
case 4 UniformAndQuantiles 63 25
3224895488
3223846912
3222798336
3221749760
3220176896
3218079744
3215982592
3213885440
3210739712
3206545408
3200253952
3187671040
1040187392
1052770304
1059061760
1063256064
1066401792
1068498944
1070596096
1072693248
1074266112
1075314688
1076363264
1077411840
1078984704
case 4 UniformAndQuantiles 128 25
3224895488
3223846912
3222798336
3221749760
3220176896
3218079744
3215982592
3213885440
3210739712
3206545408
3200253952
3187671040
1040187392
1052770304
1059061760
1063256064
1066401792
1068498944
1070596096
1072693248
1074266112
1075314688
1076363264
1077411840
1078984704
case 4 UniformAndQuantiles 254 25
3224895488
3223846912
3222798336
3221749760
3220176896
3218079744
3215982592
3213885440
3210739712
3206545408
3200253952
3187671040
1040187392
1052770304
1059061760
1063256064
1066401792
1068498944
1070596096
1072693248
1074266112
1075314688
1076363264
1077411840
1078984704
case 4 MaxLogSum 1 1
3187671040
case 4 MaxLogSum 7 7
3213885440
3206545408
3200253952
3187671040
1040187392
1059061760
1066401792
case 4 MaxLogSum 15 15
3220176896
3215982592
3213885440
3210739712
3206545408
3200253952
3187671040
1040187392
1052770304
1059061760
1063256064
1066401792
1068498944
1070596096
1072693248
case 4 MaxLogSum 32 25
3224895488
3223846912
3222798336
3221749760
3220176896
3218079744
3215982592
3213885440
3210739712
3206545408
3200253952
3187671040
1040187392
1052770304
1059061760
1063256064
1066401792
1068498944
1070596096
1072693248
1074266112
1075314688
1076363264
1077411840
1078984704
case 4 MaxLogSum 63 25
3224895488
3223846912
3222798336
3221749760
3220176896
3218079744
3215982592
3213885440
3210739712
3206545408
3200253952
3187671040
1040187392
1052770304
1059061760
1063256064
1066401792
1068498944
1070596096
1072693248
1074266112
1075314688
1076363264
1077411840
1078984704
case 4 MaxLogSum 128 25
3224895488
3223846912
3222798336
3221749760
3220176896
3218079744
3215982592
3213885440
3210739712
3206545408
3200253952
3187671040
1040187392
1052770304
1059061760
1063256064
1066401792
1068498944
1070596096
1072693248
1074266112
1075314688
1076363264
1077411840
1078984704
case 4 MaxLogSum 254 25
3224895488
3223846912
3222798336
3221749760
3220176896
3218079744
3215982592
3213885440
3210739712
3206545408
3200253952
3187671040
1040187392
1052770304
1059061760
1063256064
1066401792
1068498944
1070596096
1072693248
1074266112
1075314688
1076363264
1077411840
1078984704
case 4 MinEntropy 1 1
3187671040
case 4 MinEntropy 7 7
3213885440
3206545408
3200253952
3187671040
1040187392
1059061760
1066401792
case 4 MinEntropy 15 15
3220176896
3215982592
3213885440
3210739712
3206545408
3200253952
3187671040
1040187392
1052770304
1059061760
1063256064
1066401792
1068498944
1070596096
1072693248
case 4 MinEntropy 32 25
3224895488
3223846912
3222798336
3221749760
3220176896
3218079744
3215982592
3213885440
3210739712
3206545408
3200253952
3187671040
1040187392
1052770304
1059061760
1063256064
1066401792
1068498944
1070596096
1072693248
1074266112
1075314688
1076363264
1077411840
1078984704
case 4 MinEntropy 63 25
3224895488
3223846912
3222798336
3221749760
3220176896
3218079744
3215982592
3213885440
3210739712
3206545408
3200253952
3187671040
1040187392
1052770304
1059061760
1063256064
1066401792
1068498944
1070596096
1072693248
1074266112
1075314688
1076363264
1077411840
1078984704
case 4 MinEntropy 128 25
3224895488
3223846912
3222798336
3221749760
3220176896
3218079744
3215982592
3213885440
3210739712
3206545408
3200253952
3187671040
1040187392
1052770304
1059061760
1063256064
1066401792
1068498944
1070596096
1072693248
1074266112
1075314688
1076363264
1077411840
1078984704
case 4 MinEntropy 254 25
3224895488
3223846912
3222798336
3221749760
3220176896
3218079744
3215982592
3213885440
3210739712
3206545408
3200253952
3187671040
1040187392
1052770304
1059061760
1063256064
1066401792
1068498944
1070596096
1072693248
1074266112
1075314688
1076363264
1077411840
1078984704
case 4 GreedyMinEntropy 1 1
3187671040
case 4 GreedyMinEntropy 7 7
3213885440
3206545408
3200253952
3187671040
1040187392
1059061760
1066401792
case 4 GreedyMinEntropy 15 15
3220176896
3218079744
3215982592
3213885440
3210739712
3206545408
3200253952
3187671040
1040187392
1052770304
1059061760
1063256064
1066401792
1068498944
1070596096
case 4 GreedyMinEntropy 32 25
3224895488
3223846912
3222798336
3221749760
3220176896
3218079744
3215982592
3213885440
3210739712
3206545408
3200253952
3187671040
1040187392
1052770304
1059061760
1063256064
1066401792
1068498944
1070596096
1072693248
1074266112
1075314688
1076363264
1077411840
1078984704
case 4 GreedyMinEntropy 63 25
3224895488
3223846912
3222798336
3221749760
3220176896
3218079744
3215982592
3213885440
3210739712
3206545408
3200253952
3187671040
1040187392
1052770304
1059061760
1063256064
1066401792
1068498944
1070596096
1072693248
1074266112
1075314688
1076363264
1077411840
1078984704
case 4 GreedyMinEntropy 128 25
3224895488
3223846912
3222798336
3221749760
3220176896
3218079744
3215982592
3213885440
3210739712
3206545408
3200253952
3187671040
1040187392
1052770304
1059061760
1063256064
1066401792
1068498944
1070596096
1072693248
1074266112
1075314688
1076363264
1077411840
1078984704
case 4 GreedyMinEntropy 254 25
3224895488
3223846912
3222798336
3221749760
3220176896
3218079744
3215982592
3213885440
3210739712
3206545408
3200253952
3187671040
1040187392
1052770304
1059061760
1063256064
1066401792
1068498944
1070596096
1072693248
1074266112
1075314688
1076363264
1077411840
1078984704
case 5 GreedyLogSum 1 1
1049799844
case 5 GreedyLogSum 7 7
955946091
1049799844
1066536162
1070896592
1075096180
1078408593
1083390242
case 5 GreedyLogSum 15 15
955946091
1049799844
1055730968
1059661876
1063644780
1066536162
1070896592
1073655131
1075096180
1078408593
1081545240
1083390242
1085277906
1087843094
1090969270
case 5 GreedyLogSum 32 32
955946091
1041833738
1049799844
1055730968
1058081861
1059661876
1063644780
1065512162
1066536162
1067655396
1068641013
1069692751
1070896592
1072297054
1073655131
1074276178
1075096180
1075838765
1076667565
1077538200
1078408593
1079885650
1081545240
1082629295
1083390242
1084309444
1085277906
1086527736
1087843094
1089159580
1090969270
1093154149
case 5 GreedyLogSum 63 63
955946091
1035546680
1041833738
1046147510
1049799844
1050897876
1052190686
1053983722
1055730968
1057490195
1058081861
1059021562
1059661876
1060679006
1061779522
1062803369
1063644780
1064484998
1065512162
1065969050
1066536162
1066929224
1067655396
1068251842
1068641013
1069248744
1069692751
1070258078
1070896592
1072297054
1072941820
1073655131
1073938737
1074276178
1074883860
1075096180
1075555240
1075838765
1076128300
1076667565
1077070148
1077538200
1077965952
1078408593
1079885650
1081545240
1082181022
1082629295
1083039740
1083390242
1084309444
1085277906
1085826383
1086527736
1087285803
1087843094
1088294392
1089159580
1089854550
1090969270
1092051784
1093154149
1096695621
case 5 GreedyLogSum 128 128
955946091
1028351082
1035546680
1038368488
1041833738
1043733146
1046147510
1048031438
1049799844
1050501261
1050897876
1051641708
1052190686
1052861231
1053983722
1054958880
1055730968
1057490195
1057818856
1058081861
1058544006
1059021562
1059404154
1059661876
1060206027
1060679006
1061069436
1061779522
1062222434
1062803369
1063244866
1063644780
1064108280
1064484998
1065119756
1065512162
1065835110
1065969050
1066306477
1066536162
1066929224
1067213282
1067655396
1068251842
1068480740
1068641013
1069248744
1069464394
1069692751
1069933778
1070258078
1070594987
1070896592
1071149371
1071389416
1071776718
1072297054
1072941820
1073259007
1073655131
1073896766
1073938737
1074065737
1074276178
1074618651
1074883860
1074945502
1075096180
1075555240
1075679018
1075838765
1075926142
1076128300
1076342651
1076667565
1076927175
1077070148
1077258850
1077538200
1077739134
1077965952
1078129259
1078408593
1078819508
1079094358
1079403458
1079885650
1080108876
1080553493
1081158959
1081545240
1081970266
1082181022
1082438381
1082629295
1082898074
1083039740
1083235220
1083390242
1083624919
1083870375
1084083160
1084309444
1084557190
1084853259
1085066574
1085277906
1085826383
1086191529
1086527736
1087003342
1087285803
1087688900
1087843094
1088074965
1088294392
1088862192
1089159580
1089854550
1090537299
1090969270
1091334113
1092051784
1092512472
1093154149
1094342810
1096695621
1098766376
case 5 GreedyLogSum 254 254
955946091
1016002592
1028351082
1032508987
1035546680
1037473768
1038368488
1039486245
1040612068
1041833738
1043022192
1043733146
1044652316
1046147510
1047302490
1048031438
1049229379
1049799844
1050501261
1050708842
1050897876
1051397902
1051641708
1051860138
1052190686
1052861231
1053588616
1053983722
1054531256
1054958880
1055354297
1055730968
1055880340
1056734509
1057183934
1057490195
1057736723
1057818856
1058008034
1058081861
1058263803
1058544006
1058673200
1059021562
1059185784
1059404154
1059558868
1059661876
1060206027
1060485004
1060679006
1060878438
1061069436
1061346166
1061779522
1062222434
1062498090
1062803369
1062977293
1063244866
1063431286
1063644780
1064108280
1064312722
1064484998
1064755535
1065119756
1065278920
1065512162
1065650970
1065835110
1065882314
1065969050
1066118881
1066306477
1066380178
1066536162
1066736370
1066845428
1066929224
1067078600
1067213282
1067472288
1067655396
1067924202
1068107282
1068251842
1068393558
1068480740
1068510686
1068641013
1068747126
1068995468
1069173288
1069248744
1069361956
1069464394
1069590200
1069692751
1069786396
1069933778
1070195138
1070258078
1070349594
1070594987
1070735202
1070896592
1071149371
1071253971
1071389416
1071521656
1071776718
1072087155
1072297054
1072423868
1072682542
1072806362
1072941820
1073005608
1073259007
1073581824
1073655131
1073896766
1073918710
1073938737
1073989894
1074065737
1074179148
1074276178
1074465162
1074618651
1074808562
1074883860
1074921807
1074945502
1075023382
1075096180
1075344058
1075523674
1075555240
1075594988
1075679018
1075780394
1075838765
1075926142
1076042406
1076128300
1076178980
1076342651
1076521180
1076667565
1076927175
1076964814
1077070148
1077190196
1077258850
1077449279
1077538200
1077681926
1077739134
1077815238
1077965952
1078010343
1078129259
1078256058
1078408593
1078819508
1078921799
1079094358
1079257360
1079403458
1079687212
1079885650
1080108876
1080303966
1080553493
1080793351
1081158959
1081486924
1081545240
1081970266
1082131891
1082181022
1082291492
1082438381
1082507990
1082629295
1082746799
1082898074
1082994629
1083039740
1083127835
1083235220
1083347140
1083390242
1083624919
1083724590
1083870375
1083922734
1084083160
1084160692
1084309444
1084557190
1084705081
1084853259
1084927777
1085066574
1085197429
1085277906
1085353059
1085481343
1085629571
1085826383
1085986126
1086191529
1086371631
1086527736
1086650668
1087003342
1087068916
1087285803
1087443990
1087688900
1087763438
1087843094
1088074965
1088171554
1088294392
1088568326
1088862192
1089049570
1089159580
1089396192
1089553981
1089854550
1090183298
1090537299
1090724636
1090969270
1091101727
1091334113
1091630339
1092051784
1092297566
1092512472
1092848770
1093154149
1093723400
1094342810
1095224494
1096695621
1097339192
1098766376
1100737065
case 5 Median 1 1
1049799844
case 5 Median 7 4
1049799844
1066536162
1075096180
1083390242
case 5 Median 15 8
1049799844
1059661876
1066536162
1070896592
1075096180
1078408593
1083390242
1087843094
case 5 Median 32 18
1026141292
1044906038
1052065576
1058019627
1061332570
1065202110
1067138442
1069389878
1071514858
1073962190
1075555240
1077015194
1078921799
1082051194
1083624919
1085446156
1087919238
1091039059
case 5 Median 63 35
1016002592
1038368488
1044652316
1049799844
1052190686
1055730968
1058081861
1059661876
1061779522
1063644780
1065512162
1066536162
1067655396
1068641013
1069692751
1070896592
1072297054
1073655131
1074276178
1075096180
1075838765
1076667565
1077538200
1078408593
1079885650
1081545240
1082629295
1083390242
1084309444
1085277906
1086527736
1087843094
1089159580
1090969270
1093154149
case 5 Median 128 70
1029330286
1037209060
1040220210
1043580692
1046296461
1049086984
1050501261
1051641708
1052861231
1054958880
1056734509
1057818856
1058509552
1059343590
1060139302
1061034745
1062190880
1063231382
1064073132
1065075718
1065740864
1066279979
1066679552
1067113980
1067820438
1068456389
1068886246
1069389878
1069798898
1070463462
1071103168
1071627163
1072519532
1073053016
1073821661
1074000706
1074465162
1074921807
1075221646
1075594988
1075889526
1076178980
1076797274
1077190196
1077642270
1078002508
1078542899
1079226265
1079931236
1080745466
1081704060
1082241259
1082698058
1083094224
1083405466
1083908184
1084322243
1084879982
1085285442
1085898040
1086566024
1087312030
1087843094
1088382356
1089159580
1089949949
1090969270
1092145424
1093154149
1096695621
case 5 Median 254 140
967102082
1026141292
1032248698
1035546680
1037769070
1039235334
1041712302
1043022192
1044049926
1045516628
1047027575
1048482152
1049603468
1049992252
1050708842
1051397902
1051860138
1052462030
1053624900
1054531256
1055354297
1056046707
1057331068
1057753101
1058019627
1058308229
1058673200
1059185784
1059558868
1060022994
1060505435
1060934403
1061346166
1062151684
1062571948
1063071058
1063486979
1064021022
1064349878
1064879522
1065392772
1065717318
1065917877
1066195812
1066430872
1066667780
1066866434
1067095166
1067490850
1067820438
1068203670
1068436538
1068520638
1068886246
1069197406
1069389878
1069648505
1069859053
1070225781
1070463462
1070763564
1071111994
1071303339
1071735724
1072174904
1072618839
1072848218
1073148758
1073622634
1073874736
1073929968
1074029662
1074208157
1074593712
1074846110
1074931286
1075075480
1075292178
1075542058
1075620520
1075829532
1075913276
1076102268
1076289296
1076595538
1076921696
1077036834
1077228424
1077523744
1077715689
1077883074
1078059228
1078325612
1078794518
1079028460
1079391928
1079771650
1080097259
1080529008
1081095778
1081533868
1081970266
1082166454
1082373602
1082594816
1082837136
1083028173
1083215454
1083376748
1083596256
1083825959
1084071029
1084303327
1084557190
1084853259
1085016815
1085268652
1085481343
1085826383
1086191529
1086527736
1086938582
1087194515
1087676046
1087808992
1088074965
1088294392
1088862192
1089132910
1089396192
1089854550
1090537299
1090969270
1091443150
1092051784
1092512472
1093154149
1094342810
1096695621
1098766376
case 5 Uniform 1 1
1097947117
case 5 Uniform 7 7
1081169901
1089558509
1093992946
1097947117
1100404468
1102381554
1104358639
case 5 Uniform 15 15
1072781293
1081169901
1085604338
1089558509
1092015860
1093992946
1095970031
1097947117
1099415925
1100404468
1101393011
1102381554
1103370097
1104358639
1105347182
case 5 Uniform 32 32
1063913392
1072302000
1076856260
1080690608
1083327694
1085244868
1087162041
1089079216
1090757714
1091716302
1092674889
1093633476
1094592063
1095550649
1096509236
1097467824
1098426411
1099146322
1099625616
1100104910
1100584204
1101063497
1101542790
1102022084
1102501377
1102980671
1103459964
1103939257
1104418551
1104897844
1105377138
1105856432
case 5 Uniform 63 63
1056004077
1064392685
1068827122
1072781293
1075238644
1077215730
1079192815
1081169901
1082638709
1083627252
1084615795
1085604338
1086592881
1087581423
1088569966
1089558509
1090533046
1091027317
1091521589
1092015860
1092510132
1093004403
1093498674
1093992946
1094487217
1094981489
1095475760
1095970031
1096464303
1096958574
1097452846
1097947117
1098441388
1098921654
1099168790
1099415925
1099663061
1099910197
1100157332
1100404468
1100651604
1100898740
1101145875
1101393011
1101640147
1101887282
1102134418
1102381554
1102628689
1102875825
1103122961
1103370097
1103617232
1103864368
1104111504
1104358639
1104605775
1104852911
1105100046
1105347182
1105594318
1105841454
1106088589
case 5 Uniform 128 128
1047492859
1055881467
1060346557
1064270075
1066773405
1068735165
1070696923
1072658683
1074181133
1075162013
1076142893
1077123773
1078104652
1079085531
1080066411
1081047291
1082028171
1082569741
1083060181
1083550621
1084041061
1084531501
1085021940
1085512381
1086002820
1086493260
1086983700
1087474139
1087964580
1088455019
1088945460
1089435899
1089926338
1090416779
1090713130
1090958349
1091203569
1091448789
1091694009
1091939229
1092184449
1092429669
1092674888
1092920109
1093165329
1093410548
1093655768
1093900989
1094146208
1094391428
1094636648
1094881868
1095127088
1095372308
1095617528
1095862747
1096107968
1096353188
1096598407
1096843627
1097088847
1097334068
1097579287
1097824507
1098069727
1098314946
1098560167
1098805387
1098979128
1099101738
1099224347
1099346957
1099469567
1099592177
1099714787
1099837397
1099960007
1100082617
1100205227
1100327837
1100450447
1100573057
1100695667
1100818277
1100940886
1101063496
1101186107
1101308717
1101431327
1101553937
1101676546
1101799156
1101921766
1102044376
1102166986
1102289597
1102412207
1102534816
1102657426
1102780036
1102902646
1103025256
1103147866
1103270476
1103393086
1103515696
1103638306
1103760916
1103883526
1104006136
1104128746
1104251355
1104373965
1104496576
1104619186
1104741796
1104864406
1104987015
1105109625
1105232235
1105354845
1105477455
1105600065
1105722676
1105845285
1105967895
1106090505
1106213115
case 5 Uniform 254 254
1039288887
1047677495
1052096426
1056066103
1058500194
1060485034
1062469872
1064454711
1065896383
1066888802
1067881222
1068873642
1069866061
1070858480
1071850900
1072843319
1073788781
1074284991
1074781201
1075277410
1075773621
1076269830
1076766039
1077262250
1077758459
1078254669
1078750879
1079247088
1079743298
1080239508
1080735718
1081231927
1081728137
1082177389
1082425495
1082673599
1082921704
1083169809
1083417913
1083666018
1083914124
1084162229
1084410333
1084658438
1084906543
1085154647
1085402753
1085650858
1085898962
1086147067
1086395172
1086643277
1086891381
1087139487
1087387592
1087635696
1087883801
1088131906
1088380010
1088628116
1088876221
1089124326
1089372430
1089620535
1089868640
1090116745
1090364850
1090565997
1090690050
1090814103
1090938154
1091062207
1091186259
1091310312
1091434364
1091558417
1091682470
1091806521
1091930574
1092054626
1092178679
1092302732
1092426784
1092550837
1092674888
1092798941
1092922993
1093047046
1093171099
1093295151
1093419203
1093543255
1093667308
1093791361
1093915413
1094039466
1094163518
1094287570
1094411622
1094535675
1094659728
1094783780
1094907833
1095031885
1095155937
1095279989
1095404042
1095528095
1095652147
1095776200
1095900252
1096024304
1096148357
1096272409
1096396462
1096520514
1096644567
1096768618
1096892671
1097016724
1097140776
1097264829
1097388881
1097512934
1097636985
1097761038
1097885091
1098009143
1098133196
1098257248
1098381301
1098505353
1098629405
1098753458
1098877510
1098954605
1099016632
1099078658
1099140684
1099202711
1099264737
1099326762
1099388788
1099450815
1099512841
1099574867
1099636894
1099698920
1099760946
1099822972
1099884999
1099947025
1100009051
1100071078
1100133103
1100195129
1100257156
1100319182
1100381208
1100443234
1100505261
1100567287
1100629313
1100691340
1100753366
1100815392
1100877418
1100939445
1101001470
1101063496
1101125523
1101187549
1101249575
1101311601
1101373628
1101435654
1101497680
1101559707
1101621733
1101683759
1101745785
1101807811
1101869837
1101931863
1101993890
1102055916
1102117942
1102179969
1102241995
1102304021
1102366047
1102428074
1102490100
1102552126
1102614153
1102676178
1102738204
1102800230
1102862257
1102924283
1102986309
1103048336
1103110362
1103172388
1103234414
1103296441
1103358467
1103420493
1103482519
1103544545
1103606571
1103668597
1103730624
1103792650
1103854676
1103916703
1103978729
1104040755
1104102781
1104164808
1104226834
1104288860
1104350886
1104412912
1104474938
1104536965
1104598991
1104661017
1104723043
1104785070
1104847096
1104909122
1104971149
1105033175
1105095201
1105157226
1105219253
1105281279
1105343305
1105405332
1105467358
1105529384
1105591410
1105653437
1105715463
1105777489
1105839516
1105901542
1105963568
1106025593
1106087620
1106149646
1106211672
1106273699
case 5 UniformAndQuantiles 1 1
1049799844
case 5 UniformAndQuantiles 7 5
1064349878
1077715689
1089615532
1098182594
1102191728
case 5 UniformAndQuantiles 15 11
1059116194
1069389878
1076401671
1081158959
1084160692
1089615532
1093933310
1098182594
1100342486
1102191728
1104426688
case 5 UniformAndQuantiles 32 22
1039235334
1055354297
1063071058
1068203670
1071823804
1072618839
1075829532
1079391928
1080190213
1083825959
1084927777
1088074965
1088647782
1091443150
1093260899
1095224494
1096949158
1098766376
1099750948
1100737065
1101389506
1104426688
case 5 UniformAndQuantiles 63 41
1026141292
1044906038
1052065576
1058019627
1061332570
1064389682
1065202110
1067138442
1069389878
1071514858
1072775065
1073962190
1075555240
1077015194
1077228424
1078921799
1081158959
1082051194
1083624919
1083627814
1085446156
1085629571
1087555442
1087919238
1089615532
1091024016
1091039059
1092051784
1093035873
1093933310
1095224494
1095935813
1096949158
1098182594
1098766376
1099750948
1100342486
1100737065
1101389506
1102191728
1104426688
case 5 UniformAndQuantiles 128 74
1034366360
1042417916
1047560186
1050897876
1053983722
1055779360
1057398862
1058941614
1060573527
1062678818
1064184466
1064349878
1065882314
1066845428
1068107282
1068641013
1069173288
1070027160
1071200518
1072519532
1072754655
1073906971
1074618651
1075088210
1075344058
1075926142
1076927175
1077036834
1077715689
1078774966
1078983372
1080043638
1080932951
1081894296
1082507990
1082786478
1083461294
1084346332
1084474079
1085353059
1085397865
1086371631
1086633556
1087366544
1087858082
1088382356
1089166555
1089289026
1090277259
1090887048
1091024016
1091443150
1091807420
1092360546
1092848770
1093260899
1093371580
1093723400
1094342810
1094807440
1095224494
1095935813
1096695621
1097213318
1097684478
1098182594
1098766376
1099170955
1099750948
1100342486
1100737065
1101389506
1102191728
1104426688
case 5 UniformAndQuantiles 254 136
1016002592
1033209364
1038368488
1042417916
1044652316
1047560186
1047627160
1049799844
1050897876
1052190686
1053983722
1055730968
1056046707
1057595167
1058081861
1059021562
1059661876
1060452167
1060679006
1061779522
1062803369
1063644780
1064389682
1064561232
1065512162
1065969050
1066536162
1066845428
1066929224
1067655396
1068251842
1068641013
1068812080
1069258514
1069692751
1070258078
1070811593
1070896592
1071389416
1072297054
1072775065
1072941820
1073655131
1073945813
1074250419
1074276178
1074883860
1075096180
1075247404
1075555240
1075838765
1076128300
1076220687
1076667565
1077110335
1077228424
1077538200
1077965952
1078201114
1078408593
1079094358
1079192468
1079885650
1080190213
1080553493
1081158959
1081545240
1082146366
1082197136
1082629295
1083039740
1083127835
1083390242
1083627814
1083870375
1084120514
1084309444
1084602298
1084853259
1085101916
1085277906
1085629571
1085888714
1086127121
1086527736
1086566024
1087097448
1087285803
1087555442
1087843094
1088074965
1088294392
1088568326
1089071808
1089159580
1089615532
1089854550
1090082614
1090520111
1090808658
1090969270
1091024016
1091244078
1091443150
1091807420
1092051784
1092145424
1092228556
1092512472
1092706395
1093035873
1093154149
1093260899
1093514348
1093723400
1093933310
1094342810
1094548312
1094807440
1095224494
1095935813
1096466172
1096695621
1096949158
1097213318
1097339192
1097684478
1098182594
1098766376
1099170955
1099750948
1100342486
1100737065
1101389506
1102191728
1104426688
case 5 MaxLogSum 1 1
1049799844
case 5 MaxLogSum 7 7
955946091
1055169642
1065278920
1070735202
1075805846
1081531217
1086491652
case 5 MaxLogSum 15 15
955946091
1046076408
1054309226
1059588012
1064252094
1067078600
1069666262
1072754655
1074921807
1076620454
1078867609
1082320548
1084303327
1087039228
1090277259
case 5 MaxLogSum 32 32
955946091
1037962282
1045033962
1050422058
1052966921
1057383546
1059041633
1060934403
1063276786
1065392772
1066536162
1067778993
1068995468
1070027160
1071273072
1072941820
1073980636
1074923094
1075679018
1076476499
1077501446
1078408593
1079951342
1081939447
1082937476
1083724590
1084852026
1085898040
1087443990
1088765992
1090610037
1092943138
case 5 MaxLogSum 63 63
955946091
1032508987
1038024509
1042636718
1045516628
1048748886
1050527444
1051837370
1053656001
1055730968
1057722401
1058308229
1059343590
1060334489
1061346166
1062783650
1063693822
1064755535
1065740864
1066306477
1066793596
1067490850
1068251842
1068705274
1069377708
1069921246
1070668671
1071253971
1072219760
1072955716
1073722706
1073989894
1074542822
1074931286
1075344058
1075710636
1075991274
1076521180
1077015194
1077523744
1077965952
1078466164
1079226265
1079975596
1080932951
1081970266
1082467546
1082961853
1083312218
1083784246
1084293944
1084853259
1085285442
1085941506
1086650668
1087555442
1088058892
1088862192
1089480946
1090683292
1091687558
1093035873
1096617241
case 5 MaxLogSum 128 128
955946091
1026141292
1032508987
1036779184
1038024509
1040220210
1042636718
1043887048
1045516628
1047302490
1048748886
1049763896
1050527444
1051236534
1051837370
1052462030
1053656001
1054850388
1055730968
1057016891
1057722401
1058008034
1058308229
1058941614
1059343590
1059661876
1060334489
1060867259
1061346166
1062168587
1062783650
1063244866
1063693822
1064281810
1064755535
1065392772
1065740864
1065955290
1066306477
1066582886
1066793596
1067078600
1067490850
1067867213
1068251842
1068489912
1068705274
1069173288
1069377708
1069648505
1069921246
1070258078
1070668671
1071043229
1071253971
1071627163
1072219760
1072682542
1072955716
1073407098
1073778778
1073926076
1074029662
1074250419
1074618651
1074906572
1074977426
1075221646
1075533786
1075620520
1075837032
1075932616
1076154378
1076476499
1076864226
1077015194
1077212366
1077501446
1077709832
1077883074
1078059228
1078325612
1078794518
1079028460
1079391928
1079821246
1080108876
1080553493
1081158959
1081545240
1081994050
1082197136
1082467546
1082666882
1082937476
1083068199
1083252354
1083405466
1083639950
1083908184
1084120514
1084339408
1084647060
1084893081
1085186808
1085353059
1085629571
1085986126
1086371631
1086650668
1087068916
1087443990
1087763438
1087988478
1088227562
1088609584
1089071808
1089357162
1089712141
1090418688
1090808658
1091244078
1091944312
1092469710
1093092745
1094116724
1096617241
1098482421
case 5 MaxLogSum 254 254
955946091
1011761566
1026825562
1030808180
1032664131
1035546680
1037209060
1037962282
1039081930
1040220210
1041833738
1042852202
1043498352
1044200041
1045033962
1046147510
1047027575
1047627160
1048748886
1049452385
1049799844
1050422058
1050605254
1050897876
1051421701
1051792326
1052065576
1052462030
1052966921
1053674465
1054531256
1055020954
1055518416
1055880340
1056940500
1057383546
1057722401
1057818856
1058019627
1058180680
1058509552
1058673200
1059041633
1059288327
1059551724
1059661876
1060080010
1060452167
1060679006
1060934403
1061262731
1061669969
1062151684
1062329588
1062783650
1062977293
1063276786
1063541533
1063821136
1064184466
1064349878
1064687264
1065119756
1065392772
1065584677
1065793386
1065882314
1066025791
1066279979
1066354146
1066536162
1066679552
1066793596
1066929224
1067095166
1067427212
1067653392
1067778993
1068007414
1068221016
1068393558
1068489912
1068566772
1068747126
1068995468
1069173288
1069248744
1069361956
1069464394
1069590200
1069692751
1069786396
1069933778
1070195138
1070258078
1070349594
1070594987
1070735202
1070896592
1071103168
1071163271
1071273072
1071472649
1071627163
1071823804
1072174904
1072355428
1072618839
1072754655
1072848218
1072977634
1073148758
1073407098
1073622634
1073722706
1073874736
1073912498
1073931402
1073980636
1074058641
1074169321
1074250419
1074423054
1074600982
1074766397
1074859948
1074920022
1074940372
1074984021
1075088210
1075221646
1075344058
1075523674
1075555240
1075594988
1075679018
1075780394
1075838765
1075896953
1075932616
1076052176
1076136036
1076220687
1076401671
1076561147
1076735538
1076914341
1076956290
1077015194
1077143506
1077212366
1077306931
1077501446
1077602146
1077709832
1077772229
1077883074
1077991084
1078059228
1078178052
1078325612
1078542899
1078794518
1078887596
1079028460
1079226265
1079391928
1079606406
1079821246
1079951342
1080108876
1080303966
1080553493
1080793351
1081158959
1081486924
1081545240
1081855197
1081994050
1082136851
1082197136
1082320548
1082467546
1082538187
1082666882
1082786478
1082937476
1082999404
1083068199
1083175838
1083252354
1083363770
1083405466
1083550118
1083639950
1083788900
1083908184
1083999673
1084120514
1084293944
1084339408
1084523623
1084647060
1084852026
1084893081
1085016815
1085186808
1085268652
1085353059
1085481343
1085629571
1085826383
1085986126
1086191529
1086371631
1086527736
1086650668
1087003342
1087068916
1087285803
1087443990
1087688900
1087763438
1087843094
1087988478
1088085766
1088227562
1088382356
1088609584
1088885862
1089071808
1089166555
1089357162
1089480946
1089712141
1090082614
1090418688
1090610037
1090808658
1091039059
1091244078
1091569768
1091944312
1092228556
1092469710
1092796042
1093092745
1093514348
1094116724
1094807440
1096617241
1097213318
1098482421
1100342486
case 5 MinEntropy 1 1
1049799844
case 5 MinEntropy 7 7
955946091
1055169642
1065278920
1070735202
1075805846
1081531217
1086491652
case 5 MinEntropy 15 15
955946091
1046076408
1054309226
1059588012
1064252094
1067078600
1069666262
1072754655
1074921807
1076620454
1078867609
1082320548
1084303327
1087039228
1090277259
case 5 MinEntropy 32 32
955946091
1037962282
1045033962
1050422058
1052966921
1057383546
1059041633
1060934403
1063276786
1065392772
1066536162
1067778993
1068995468
1070027160
1071273072
1072941820
1073980636
1074923094
1075679018
1076476499
1077501446
1078408593
1079951342
1081939447
1082937476
1083724590
1084852026
1085898040
1087443990
1088765992
1090610037
1092943138
case 5 MinEntropy 63 63
955946091
1032508987
1038024509
1042636718
1045516628
1048748886
1050527444
1051837370
1053656001
1055730968
1057722401
1058308229
1059343590
1060334489
1061346166
1062783650
1063693822
1064755535
1065740864
1066306477
1066793596
1067490850
1068251842
1068705274
1069377708
1069921246
1070668671
1071253971
1072219760
1072941820
1073692282
1073980636
1074465162
1074923094
1075326056
1075679018
1075941028
1076476499
1076985490
1077501446
1077941833
1078408593
1079192468
1079951342
1080810904
1081939447
1082438381
1082937476
1083270645
1083724590
1084238364
1084852026
1085277906
1085898040
1086633556
1087443990
1088039550
1088765992
1089431548
1090610037
1091630339
1092943138
1096466172
case 5 MinEntropy 128 128
955946091
1026141292
1032508987
1036779184
1038024509
1040220210
1042636718
1043887048
1045516628
1047302490
1048748886
1049763896
1050527444
1051236534
1051837370
1052462030
1053656001
1054850388
1055730968
1057016891
1057722401
1058008034
1058308229
1058941614
1059343590
1059661876
1060334489
1060867259
1061346166
1062168587
1062783650
1063244866
1063693822
1064281810
1064755535
1065392772
1065740864
1065955290
1066306477
1066582886
1066793596
1067078600
1067490850
1067867213
1068251842
1068489912
1068705274
1069173288
1069377708
1069648505
1069921246
1070258078
1070668671
1071043229
1071253971
1071627163
1072219760
1072682542
1072955716
1073407098
1073778778
1073926076
1074029662
1074250419
1074618651
1074906572
1074977426
1075221646
1075533786
1075620520
1075837032
1075932616
1076154378
1076476499
1076864226
1077015194
1077212366
1077501446
1077709832
1077883074
1078059228
1078325612
1078794518
1079028460
1079391928
1079821246
1080108876
1080553493
1081158959
1081545240
1081994050
1082197136
1082467546
1082666882
1082937476
1083068199
1083252354
1083405466
1083639950
1083908184
1084120514
1084339408
1084647060
1084893081
1085186808
1085353059
1085629571
1085986126
1086371631
1086650668
1087068916
1087443990
1087763438
1087988478
1088227562
1088609584
1089071808
1089357162
1089712141
1090418688
1090808658
1091244078
1091944312
1092469710
1093092745
1094116724
1096617241
1098482421
case 5 MinEntropy 254 254
955946091
1011761566
1026825562
1030808180
1032664131
1035546680
1037209060
1037962282
1039081930
1040220210
1041833738
1042852202
1043498352
1044200041
1045033962
1046147510
1047027575
1047627160
1048748886
1049452385
1049799844
1050422058
1050605254
1050897876
1051421701
1051792326
1052065576
1052462030
1052966921
1053674465
1054531256
1055020954
1055518416
1055880340
1056940500
1057383546
1057722401
1057818856
1058019627
1058180680
1058509552
1058673200
1059041633
1059288327
1059551724
1059661876
1060080010
1060452167
1060679006
1060934403
1061262731
1061669969
1062151684
1062329588
1062783650
1062977293
1063276786
1063541533
1063821136
1064184466
1064349878
1064687264
1065119756
1065392772
1065584677
1065793386
1065882314
1066025791
1066279979
1066354146
1066536162
1066679552
1066793596
1066929224
1067095166
1067427212
1067653392
1067778993
1068007414
1068221016
1068393558
1068489912
1068566772
1068747126
1068995468
1069173288
1069248744
1069361956
1069464394
1069590200
1069692751
1069786396
1069933778
1070195138
1070258078
1070349594
1070594987
1070735202
1070896592
1071103168
1071163271
1071273072
1071472649
1071627163
1071823804
1072174904
1072355428
1072618839
1072754655
1072848218
1072977634
1073148758
1073407098
1073622634
1073722706
1073874736
1073912498
1073931402
1073980636
1074058641
1074169321
1074250419
1074423054
1074600982
1074766397
1074859948
1074920022
1074940372
1074984021
1075088210
1075221646
1075344058
1075523674
1075555240
1075594988
1075679018
1075780394
1075838765
1075896953
1075932616
1076052176
1076136036
1076220687
1076401671
1076561147
1076735538
1076914341
1076956290
1077015194
1077143506
1077212366
1077306931
1077501446
1077602146
1077709832
1077772229
1077883074
1077991084
1078059228
1078178052
1078325612
1078542899
1078794518
1078887596
1079028460
1079226265
1079391928
1079606406
1079821246
1079951342
1080108876
1080303966
1080553493
1080793351
1081158959
1081486924
1081545240
1081855197
1081994050
1082136851
1082197136
1082320548
1082467546
1082538187
1082666882
1082786478
1082937476
1082999404
1083068199
1083175838
1083252354
1083363770
1083405466
1083550118
1083639950
1083788900
1083908184
1083999673
1084120514
1084293944
1084339408
1084523623
1084647060
1084852026
1084893081
1085016815
1085186808
1085268652
1085353059
1085481343
1085629571
1085826383
1085986126
1086191529
1086371631
1086527736
1086650668
1087003342
1087068916
1087285803
1087443990
1087688900
1087763438
1087843094
1087988478
1088085766
1088227562
1088382356
1088609584
1088885862
1089071808
1089166555
1089357162
1089480946
1089712141
1090082614
1090418688
1090610037
1090808658
1091039059
1091244078
1091569768
1091944312
1092228556
1092469710
1092796042
1093092745
1093514348
1094116724
1094807440
1096617241
1097213318
1098482421
1100342486
case 5 GreedyMinEntropy 1 1
1049799844
case 5 GreedyMinEntropy 7 7
955946091
1049799844
1066536162
1070896592
1075096180
1078408593
1083390242
case 5 GreedyMinEntropy 15 15
955946091
1049799844
1055730968
1059661876
1063644780
1066536162
1070896592
1073655131
1075096180
1078408593
1081545240
1083390242
1085277906
1087843094
1090969270
case 5 GreedyMinEntropy 32 32
955946091
1041833738
1049799844
1055730968
1058081861
1059661876
1063644780
1065512162
1066536162
1067655396
1068641013
1069692751
1070896592
1072297054
1073655131
1074276178
1075096180
1075838765
1076667565
1077538200
1078408593
1079885650
1081545240
1082629295
1083390242
1084309444
1085277906
1086527736
1087843094
1089159580
1090969270
1093154149
case 5 GreedyMinEntropy 63 63
955946091
1035546680
1041833738
1046147510
1049799844
1050897876
1052190686
1053983722
1055730968
1057490195
1058081861
1059021562
1059661876
1060679006
1061779522
1062803369
1063644780
1064484998
1065512162
1065969050
1066536162
1066929224
1067655396
1068251842
1068641013
1069248744
1069692751
1070258078
1070896592
1072297054
1072941820
1073655131
1073938737
1074276178
1074883860
1075096180
1075555240
1075838765
1076128300
1076667565
1077070148
1077538200
1077965952
1078408593
1079885650
1081545240
1082181022
1082629295
1083039740
1083390242
1084309444
1085277906
1085826383
1086527736
1087285803
1087843094
1088294392
1089159580
1089854550
1090969270
1092051784
1093154149
1096695621
case 5 GreedyMinEntropy 128 128
955946091
1028351082
1035546680
1038368488
1041833738
1043733146
1046147510
1048031438
1049799844
1050501261
1050897876
1051641708
1052190686
1052861231
1053983722
1054958880
1055730968
1057490195
1057818856
1058081861
1058544006
1059021562
1059404154
1059661876
1060206027
1060679006
1061069436
1061779522
1062222434
1062803369
1063244866
1063644780
1064108280
1064484998
1065119756
1065512162
1065835110
1065969050
1066306477
1066536162
1066929224
1067213282
1067655396
1068251842
1068480740
1068641013
1069248744
1069464394
1069692751
1069933778
1070258078
1070594987
1070896592
1071149371
1071389416
1071776718
1072297054
1072941820
1073259007
1073655131
1073896766
1073938737
1074065737
1074276178
1074618651
1074883860
1074945502
1075096180
1075555240
1075679018
1075838765
1075926142
1076128300
1076342651
1076667565
1076927175
1077070148
1077258850
1077538200
1077739134
1077965952
1078129259
1078408593
1078819508
1079094358
1079403458
1079885650
1080108876
1080553493
1081158959
1081545240
1081970266
1082181022
1082438381
1082629295
1082898074
1083039740
1083235220
1083390242
1083624919
1083870375
1084083160
1084309444
1084557190
1084853259
1085066574
1085277906
1085826383
1086191529
1086527736
1087003342
1087285803
1087688900
1087843094
1088074965
1088294392
1088862192
1089159580
1089854550
1090537299
1090969270
1091334113
1092051784
1092512472
1093154149
1094342810
1096695621
1098766376
case 5 GreedyMinEntropy 254 254
955946091
1016002592
1028351082
1032508987
1035546680
1037473768
1038368488
1039486245
1040612068
1041833738
1043022192
1043733146
1044652316
1046147510
1047302490
1048031438
1049229379
1049799844
1050501261
1050708842
1050897876
1051397902
1051641708
1051860138
1052190686
1052861231
1053588616
1053983722
1054531256
1054958880
1055354297
1055730968
1055880340
1056734509
1057183934
1057490195
1057736723
1057818856
1058008034
1058081861
1058263803
1058544006
1058673200
1059021562
1059185784
1059404154
1059558868
1059661876
1060206027
1060485004
1060679006
1060878438
1061069436
1061346166
1061779522
1062222434
1062498090
1062803369
1062977293
1063244866
1063431286
1063644780
1064108280
1064312722
1064484998
1064755535
1065119756
1065278920
1065512162
1065650970
1065835110
1065882314
1065969050
1066118881
1066306477
1066380178
1066536162
1066736370
1066845428
1066929224
1067078600
1067213282
1067472288
1067655396
1067924202
1068107282
1068251842
1068393558
1068480740
1068510686
1068641013
1068747126
1068995468
1069173288
1069248744
1069361956
1069464394
1069590200
1069692751
1069786396
1069933778
1070195138
1070258078
1070349594
1070594987
1070735202
1070896592
1071149371
1071253971
1071389416
1071521656
1071776718
1072087155
1072297054
1072423868
1072682542
1072806362
1072941820
1073005608
1073259007
1073581824
1073655131
1073896766
1073918710
1073938737
1073989894
1074065737
1074179148
1074276178
1074465162
1074618651
1074808562
1074883860
1074921807
1074945502
1075023382
1075096180
1075344058
1075523674
1075555240
1075594988
1075679018
1075780394
1075838765
1075926142
1076042406
1076128300
1076178980
1076342651
1076521180
1076667565
1076927175
1076964814
1077070148
1077190196
1077258850
1077449279
1077538200
1077681926
1077739134
1077815238
1077965952
1078010343
1078129259
1078256058
1078408593
1078819508
1078921799
1079094358
1079257360
1079403458
1079687212
1079885650
1080108876
1080303966
1080553493
1080793351
1081158959
1081486924
1081545240
1081970266
1082131891
1082181022
1082291492
1082438381
1082507990
1082629295
1082746799
1082898074
1082994629
1083039740
1083127835
1083235220
1083347140
1083390242
1083624919
1083724590
1083870375
1083922734
1084083160
1084160692
1084309444
1084557190
1084705081
1084853259
1084927777
1085066574
1085197429
1085277906
1085353059
1085481343
1085629571
1085826383
1085986126
1086191529
1086371631
1086527736
1086650668
1087003342
1087068916
1087285803
1087443990
1087688900
1087763438
1087843094
1088074965
1088171554
1088294392
1088568326
1088862192
1089049570
1089159580
1089396192
1089553981
1089854550
1090183298
1090537299
1090724636
1090969270
1091101727
1091334113
1091630339
1092051784
1092297566
1092512472
1092848770
1093154149
1093723400
1094342810
1095224494
1096695621
1097339192
1098766376
1100737065
