columns 5
column 0 4001
-0.611317396
-2.45209312
-2.36869478
0.153080761
1.31084442
-0.794773698
-0.944579422
0.326640904
-1.26024044
0.741623759
1.39529645
-0.670253932
0.666711926
-1.19252586
1.21460521
0.932971776
0.699635565
1.90466177
1.85372889
1.47891188
-0.639437854
-0.610778451
0.252028346
0.663488805
0.642473936
1.05314195
0.0058285892
0.837471902
-0.635030806
-1.0593456
1.42206514
1.29489017
0.304004967
-2.0950973
0.0369548164
0.507528305
-0.320670485
-0.73295337
-1.40922022
-0.642542124
-0.524206281
-0.089070648
-0.718071878
0.221662059
-0.397161156
1.36185062
0.63200593
1.44294786
0.516262114
-0.917228222
-0.553956151
-0.190645397
-0.501479626
1.28336787
-0.695919335
1.00822294
0.579668164
-0.636227489
-0.877583086
0.992088854
0.482082576
-1.06390977
-0.313886493
0.131258249
0.540052354
0.088168174
0.273452699
-1.19679379
1.37769079
0.0497176014
1.69630897
0.19427377
1.02650917
-0.915056705
1.36817729
-0.23086907
-0.781787276
-1.79846132
-1.29089105
-0.818252385
0.818210542
-2.28496456
1.49280381
1.43923974
0.820857704
-0.273211598
-1.44405937
1.30872917
-1.15051401
0.171466455
0.0082680732
-1.94622672
0.615185916
-0.0162997395
0.547803223
-1.23922014
0.333044678
1.45282161
-0.202977836
0.159815863
-1.77460706
0.259749025
-0.404230118
0.0536551736
-0.932183802
0.260838479
0.587989628
0.760859668
-0.0263093375
-2.16862035
-0.425973892
0.688255548
-0.663588703
0.0781469941
-0.869443715
-0.475036621
-1.75063443
0.42172268
-1.2204423
-0.9027403
-0.590441823
0.762767971
-0.550575793
0.448468238
0.472082138
0.707866549
1.62637818
1.4542942
-0.429885536
-1.2147131
2.60741043
1.00426567
0.445989341
0.0247580968
-0.372674167
0.354658067
1.79596102
-0.841336071
0.434952319
1.1052196
1.32807875
0.390465796
0.247889102
1.19982255
-0.114108674
2.08918118
0.399500519
0.0985948667
-0.953365088
0.647879601
-1.32535017
-0.394336939
0.635054111
-1.56936693
-0.34354037
1.77526057
1.52127635
-1.03085971
-1.53894925
0.16473867
0.761089683
-1.03615475
-0.261647582
0.276180297
-1.11135113
1.30490053
0.217140675
2.02050662
-0.408481628
-0.791354299
-0.613817751
1.04868233
-0.530796885
-0.346162111
-1.4974016
-0.232131302
-0.733949542
-2.70435786
0.271753192
-0.34164995
-0.224138007
-1.42658746
-3.44065475
-0.551369011
0.0930501372
-0.152240559
-0.0826353207
0.114210427
0.318542272
0.523914993
-0.478143722
1.24795866
0.331147194
1.80366671
-2.08905888
-0.143010721
0.44023928
0.768629193
1.19115567
-1.42179358
-0.334109813
2.17055416
0.276453376
0.87778157
0.147002503
-0.727722466
0.916884661
-0.224195197
-0.391270161
-0.640766621
0.617713809
-0.50687474
-0.270071894
-0.406029761
0.183742687
0.451121807
-0.801765501
-0.287237138
0.90672487
-1.80147541
1.47653556
2.51590252
-1.00472713
-0.499438524
0.592702806
0.150838092
-0.865002632
-0.499534488
-0.309132725
0.00673236605
-0.557096243
-0.150310367
1.05785441
-0.886876106
1.36614048
-0.319037974
-0.109675646
0.793097138
1.70120955
-1.84426308
1.4885987
2.30834341
0.205699071
1.96548069
-0.313169897
-1.02080441
0.0638822839
0.326630145
0.929048002
-1.10979068
-0.394357175
-5.09605388e-06
-0.150836244
-0.987964392
0.0867997557
-0.89936918
-0.648562908
-0.85042125
-0.206509933
-1.3715055
-1.0254215
0.416091502
-1.79076862
-2.04074526
0.562763691
-1.61997211
0.517537415
0.801675439
-0.50453651
-1.67522395
-0.763430655
0.554236293
-0.968720496
0.636567891
-1.56414449
-0.272420734
-0.306732237
-0.470465511
0.517694116
-0.273085535
0.86045146
0.00399259571
2.60165811
-0.0569923371
-0.532753646
0.480648696
-0.742566347
0.287489921
-0.159747481
-0.748537421
0.169423088
-0.617020011
0.0323121846
0.917351305
2.01002884
0.202659413
-0.932901144
1.32751286
-0.354490787
1.22571659
0.11940527
-0.310679913
2.37923241
1.17991781
-0.223486125
0.935333192
-0.202919796
0.293430001
0.235696405
-0.374466687
0.507418036
-2.18025494
-0.907304823
-1.12624419
-0.101887167
-0.650773883
-0.914503276
0.0295967516
1.02816808
0.434088677
1.31710076
-1.50470126
0.598260343
0.441437453
-0.169589415
-0.479284555
0.0962183848
-1.51553845
-1.41318262
0.831992269
-0.378157049
1.17691517
-0.63703239
-0.395994455
1.07113969
-1.28781021
-0.0862346143
0.834921122
0.0348458923
0.247643709
0.217866868
-0.599785507
-0.70206213
0.324102283
-1.43671238
-1.13670552
-0.770108998
-0.773968697
1.59225655
-0.0101596788
-1.38149166
-1.82369065
-0.36388579
0.117220409
0.00632089842
-1.53975618
-2.81978822
-0.537714064
-0.829781353
0.0547405034
0.454215258
0.728684068
0.0625639036
0.819673002
-0.631832659
-1.06824589
0.575436234
0.0931231901
1.02218068
-2.20139289
1.24606085
0.4254421
-1.01958811
-0.0809854195
-0.0808040202
2.88541269
1.0030371
-0.867249846
0.221850753
0.0530835129
-0.271959692
-0.908231974
0.31033951
-0.477705628
0.0747752935
-1.10107362
-0.326530129
0.253719211
-1.31507421
1.44910538
1.58610749
-1.01457191
-0.00577593315
0.487982392
0.703525901
0.370994866
-0.635874331
-0.577122509
0.901564062
0.112313665
0.0957693458
-1.20128572
0.334477991
-0.965239406
-1.68378317
-0.755510449
-0.900127709
0.047395356
-0.000797941524
0.449273258
-1.38169503
-0.669257998
-0.219992623
0.384174049
1.75816548
-0.745593786
1.08566022
1.62412894
-0.0347372591
-0.731161833
0.334865808
-1.85553145
-0.0790906698
0.405012727
1.01666963
-0.130321577
1.77070355
-1.09433329
-0.0818431154
-0.627504885
-0.557457209
-0.323978961
1.10001719
0.153658673
0.299340993
-0.55063802
-0.147921279
1.46773362
1.40500188
-0.0980973393
0.964490891
-0.576528728
-1.06143451
0.901184559
-1.2137326
-1.42683911
-0.735528171
-0.705427289
-1.47570193
-2.72451019
1.97290862
-0.918935597
-0.517303109
2.89286137
0.866331577
-0.291035831
1.14568639
-1.74141109
-0.355484426
1.19234371
-0.569187224
0.606262147
0.687647104
-0.337711513
-0.592744827
-0.619010329
1.14225924
-1.04072559
-1.38190079
-1.03046072
-1.84826541
-0.731299758
0.170395076
-0.238629907
0.941465437
-2.25341725
-1.12672734
1.0113467
0.139382824
0.388154536
-0.637654006
0.303629369
-0.101527587
-0.650637686
-0.352669865
0.39693144
0.111455642
1.20766652
-0.228552908
-0.497690648
-0.85465157
-0.315044403
-0.417971551
-0.720990598
0.595850706
-0.332166463
0.568924308
2.36491203
-1.59031284
-1.38510334
0.303411484
0.345267683
-0.637481391
-1.43133259
0.194415793
-0.0776556432
-1.25646615
-0.481599569
1.06438386
-0.842906475
1.63603461
-1.01478219
-0.387614727
0.2025657
2.19204378
0.33114621
0.703310907
0.728027225
0.583061457
1.07471323
-1.79305375
0.0827037916
-0.17776908
-2.09450579
-0.290126979
0.0636603832
1.68441153
-0.748595715
-0.980171442
0.389315128
0.0788933858
0.848685086
0.647032857
-0.60328114
-0.0119446618
-0.986785471
0.974574566
1.17394185
3.65412354
0.317409366
0.590604365
-0.696640611
0.108118147
-0.999041438
0.333213538
-1.49038124
0.850018084
-1.8144033
-0.303613156
-1.44124758
-0.102943718
-0.255086184
-0.275209427
-0.474394888
1.07585478
-1.16812289
0.233868778
0.260861307
-2.4711287
-1.90561581
0.0166757777
0.410952091
-0.744222283
0.732084334
0.628569901
1.29680729
0.921849251
-1.19282496
0.570978999
-1.26222348
-0.665388703
-2.29526615
-0.671587646
1.11437392
1.18351245
-0.199284688
-0.900109291
2.29967356
0.811254501
-0.509085298
-0.580111265
-0.0950529054
0.242188677
-0.100671194
1.66333556
-0.552311301
0.285675645
-0.0818593502
0.11790479
0.351038784
1.03262377
-1.27674448
-2.21342349
-2.76572633
-0.97570467
-1.06502306
-1.51202989
-0.476504326
0.324095815
-0.626117527
0.521179736
-0.612038434
-0.63045615
0.991666257
0.00422943616
-1.87743676
-0.970645368
2.19014144
-0.53734225
0.939464211
1.07347083
-0.967936039
-1.20751154
0.980289042
1.63791931
-1.17573106
0.620076537
-0.0595691949
-0.232996747
0.212681055
-0.652864993
1.04986703
-0.459610909
1.30127501
0.774171948
-0.0367422327
0.410986751
0.422115356
0.534030318
1.53265655
-1.46578979
-0.633803368
-0.328019559
-0.467494994
1.47072339
-0.450961232
2.84297442
-1.66217792
0.219811961
-1.42802024
-0.689368069
-0.237767324
-2.2958889
-1.46154416
-2.03668427
-1.61458087
-1.67651391
-0.377022743
-1.01117897
0.48324585
1.07474148
0.469628721
-1.87016106
2.12999392
-0.0936757773
1.67162752
0.682238579
-1.95906389
-0.254801393
1.4727596
-0.206313506
0.0586261414
1.03284895
0.347713798
-0.585253239
1.18948257
1.02686107
-1.33720767
-1.98023689
-0.829594076
-0.0351921022
1.25040996
-0.385259449
0.841344595
-1.71670902
0.823478639
-1.36653066
1.33180964
-0.955743551
-0.937432349
-0.0435620062
2.50895905
1.75148964
-0.607529759
0.0448517464
-1.50257742
-0.659364581
-0.432366073
1.45796752
1.17349958
0.46806711
-1.04586124
1.19583476
0.797907412
0.340569615
0.0180823319
-1.03510761
-0.0228732396
-0.844768465
0.341594219
0.333367944
-0.427649826
0.624126613
0.117486857
-0.364881456
1.16613293
-0.0899011642
1.12263227
0.0627183765
-3.00556207
-0.740219772
0.197718367
-0.77196604
1.03240001
-0.649915934
-0.264774024
0.559008598
-2.32928276
2.26939249
0.998382807
1.00751126
-1.148862
-0.459630907
-0.990984082
-0.163448378
-1.38097334
0.21002005
-0.934711218
-0.268811435
0.863011956
0.484797955
1.45299184
-0.936921418
-1.34500062
0.713627517
0.0910583287
1.35207629
0.671503663
0.0790081918
-0.101731457
0.726456642
-0.14194265
0.973619461
0.126884758
-0.0079758428
-0.633088768
-1.09648287
-0.436826915
0.204147488
-0.122525126
-0.613271058
-1.0426538
1.26040542
1.17347896
-1.0229516
0.684738398
1.58999264
-0.0793379247
-0.92570138
1.89748764
0.892332077
1.01398563
1.8352983
-0.846528947
0.00953596644
-0.0704278126
-0.974304378
0.244641349
0.627206802
0.664697647
1.32728398
-0.519901991
-0.655680299
2.2424264
-0.474079579
-0.322246134
-1.86943018
-1.50265741
1.34817505
-1.01486087
-0.858769953
-0.562612116
1.87704158
-0.211325467
-0.275234163
0.962722719
-0.516685545
-0.707445443
-2.33411312
-1.35884345
0.564047873
1.16358042
-1.38099992
0.524177313
1.29809511
-0.896908581
0.156393662
1.17570424
1.31754434
0.097962454
-0.862325907
0.743102491
-0.666956902
-0.462999821
0.478655934
-0.704088092
-0.201956868
-0.218440875
0.387222767
1.92347896
0.725196958
-0.229872704
-0.144553483
-0.413750648
1.2253381
-0.376239032
1.82320118
0.76175648
-1.52170956
-0.833341479
-0.373157769
0.630649507
0.0140766576
0.492734343
-1.51633132
-0.936892509
0.164012879
-0.736134529
-1.32146418
0.093985334
-0.686424315
-0.236572713
0.416122019
-0.556327164
1.79793096
-0.824555397
-1.17044485
-0.0816141665
0.214186966
0.0261096116
0.969167233
-1.94651866
-0.365102619
-0.800588429
0.62491411
0.928542495
-0.525490701
0.116667107
0.533500373
-0.442245752
-1.54829156
0.756278634
2.23287344
-1.51578021
1.28590298
-0.0321776569
1.03357863
-1.8751812
1.45673621
-1.29260445
-1.91829538
1.48910582
-0.523031592
1.30661583
-0.516284466
0.141939044
-0.305518538
-0.564601719
1.02951014
-1.08584142
0.190322056
-0.209905595
1.10171688
2.00647712
1.42018759
0.0794114918
2.51889968
0.946393669
1.49007142
0.226754457
-0.102835558
1.31157219
0.562030613
-1.19209921
-0.6093297
-1.60193551
-0.44139725
0.0546241701
0.220921665
0.636050642
-1.59352064
1.15535724
-1.30276787
1.86505258
1.14588749
0.731254637
-1.26645768
-1.57281709
-0.198053479
-0.900868595
0.865870833
-0.108778015
-0.126663417
-1.45941377
-0.245184764
0.714493752
0.910077393
-1.31831777
-0.862859309
0.445256591
0.593000948
-0.418586075
-0.72859621
0.579009533
-0.000919122132
-0.690411985
1.27307415
-2.32671714
0.199032694
-0.0558616854
-0.213408262
-0.0354166143
0.298156321
0.0127863139
-1.8690083
-1.51414657
-0.0566080771
-0.308094829
-0.974548757
0.0931549892
-0.340195298
-0.171433598
-0.0880009979
-0.0372689478
0.856948256
0.483062059
0.622369766
-0.329436511
0.73636353
0.218985006
0.251178414
1.67170954
-0.185741678
-0.882508516
-0.624145925
2.42022395
-0.76437825
-0.436188638
0.0228793118
-0.0310623236
0.118364342
-0.25913617
-0.726292253
0.851356685
0.179702491
-0.214573488
0.594720304
-0.0974386036
0.639902353
1.88502109
-1.42393565
0.176739246
-0.41816467
-0.802674115
-0.855232716
-0.170869589
-2.11466122
-0.335335374
0.325201631
-1.56259167
0.623978257
0.891537368
-0.446549237
-0.61663413
0.104583152
-0.016469555
-0.325670511
0.278080255
-0.456498772
0.827592909
0.845571637
1.68656361
-0.436558694
1.9219538
-0.741208732
-0.0882062092
0.90251112
-0.707157373
0.915928602
0.316833109
-1.69079733
-0.147521406
1.52496326
-0.599242628
-1.97425508
-0.129015252
-1.44037211
-0.194002524
-1.87578011
0.508103371
-1.09000564
0.936436355
0.589209557
0.552511811
-0.506308854
1.77613878
-0.663189173
-0.540229201
1.0320698
1.58968437
0.517200112
-0.961733639
-0.815877199
-0.234557196
-1.33553481
1.46045935
-2.14697218
0.499614567
-1.86757004
1.01445127
-0.085897699
-0.841926277
0.379881978
0.195459619
-0.943223715
-0.0543838777
-0.356112987
0.897631168
0.395283043
0.192700103
0.764943361
-0.825483441
0.312274575
-1.12731695
-1.59205151
-0.0444392003
-0.223184735
1.58924675
-1.10917461
0.470793217
-0.504797697
0.46222657
-0.623180568
2.33767581
-1.12482584
0.775930464
-0.845517039
-0.428058237
-0.292528123
-0.781382143
1.58004403
-1.14903617
0.262592435
0.124620631
-1.37568367
0.514530957
1.97346342
0.402275592
1.32120001
-0.770066738
-0.424899101
-0.278768063
0.234235838
1.4398886
0.761588216
0.767240822
-1.6530267
1.35540473
-0.169010922
-0.371804088
0.167813241
0.056828063
-1.27068746
1.16627228
0.641629159
1.34024668
0.398901373
0.954597354
1.29671061
-0.267736077
0.667489409
0.283777446
0.201599255
0.945130169
-0.726624191
2.01088595
-1.8045516
2.17763853
2.19297957
0.212974593
-0.249177814
0.0411735997
-2.48534656
0.766639709
-0.0403647013
0.432745934
1.10395253
-0.634371698
-0.119493715
-0.349062443
0.863605976
0.517026246
0.329840541
0.674192369
0.56143558
-0.903294981
-0.108227685
-0.457002163
-0.463562757
1.29290891
0.911552191
-0.0662637055
0.727478802
-1.25826371
-0.0804153234
0.000516991364
-0.743380547
0.812568367
-0.0757065043
-0.990346789
-0.914307654
-0.941178799
-0.441421092
-0.765677929
-1.36099994
-0.486304104
-1.5259124
0.0178948473
0.150858507
-1.77654064
1.69490826
-0.0380365178
-0.528080702
-0.706011117
0.358630687
-0.517519712
-1.25898612
1.68573833
-0.423060924
0.397867382
0.146166697
0.192507118
0.139109224
-0.901632667
0.354814559
-0.140101328
1.06423974
-0.461989015
0.396362484
-1.0963248
-1.48521721
0.403077066
1.57142425
-0.695146322
-0.479436547
0.787611485
-0.385889649
0.139539391
-0.985741317
0.0999256223
0.0448589027
-0.993150055
0.811271429
-0.0946858674
-1.00919974
-1.42101347
-0.619421721
-0.971148252
-0.685461462
-0.0489120595
0.0628130063
0.998694718
0.380977839
-0.402716458
1.26150334
0.0626813695
-0.572406828
0.723289073
-0.838639617
1.00923431
0.548889399
1.90241325
-0.654574871
0.137345135
0.300983876
0.771148503
-1.53461003
0.45666486
1.70363069
1.50310266
0.0577132739
0.634084105
0.131245375
1.92537403
-0.518171906
0.434495419
-0.508133233
-0.0939922184
0.117037848
1.43607664
-0.553460062
-2.15211511
-0.209383681
-0.83922708
1.41739583
1.34643865
1.0519166
-0.426306278
1.74015319
-0.0366595834
0.72885716
0.999177635
-1.49822378
0.187518075
-0.421328872
-0.3235071
0.911430001
-0.549451411
0.317066222
0.539698005
-0.462517262
0.203130215
-0.781361222
0.845134795
-0.148199856
0.791158617
0.567145169
-1.37111914
-0.662094474
1.41608846
-1.33152366
-2.70064163
0.400979996
-0.242020071
-0.0314092897
1.06344199
0.307207853
0.664150298
-1.01805997
-0.267938077
-0.526425779
1.55364203
0.94072479
-0.0411471017
-0.544804275
0.65258801
-0.049842
-0.700057983
0.735477149
-0.671622157
1.37062693
-0.869621217
2.87266254
1.23232865
1.25415397
-1.74885881
0.0745042786
0.858647406
-0.275337934
1.52370226
0.90891701
0.296194792
-0.0141344937
-0.527813375
0.888290048
-0.184858844
-0.0135514541
-1.11322677
-2.42359996
0.137279525
-0.453469753
-1.33032763
0.255526692
-0.418614954
0.982148826
0.352089226
-0.602606833
1.04811513
0.511203945
0.454815716
-0.211787134
0.143870056
0.216516361
-0.389762372
0.895438969
0.142251238
-0.228020772
0.198570728
-0.0355725586
-1.07367313
-0.769843221
1.23506188
-1.02745426
-1.03966725
0.560330451
-1.03233659
-0.618178427
1.62690747
-2.44120717
0.908291221
0.383827925
0.821509898
-0.863133669
-0.806991339
0.220853537
1.59435248
-0.297778577
-0.169619039
1.46225774
-0.886899531
-1.09768963
0.0114592742
-0.00816627685
-1.59223533
1.22928536
-0.080950208
0.251363814
1.62917614
-0.917714477
-1.36921561
-0.308020771
-0.261584431
-0.349776715
1.59749448
-0.115616992
0.321874827
1.07260549
-2.10842037
-2.14801478
0.521800816
-0.0809302703
0.435932666
-1.13704562
-0.330188394
-0.673145235
1.67221785
0.359131396
1.05517149
-0.5434829
-0.848413885
0.101603098
-1.46173632
-0.940296531
1.38372958
0.452176571
-0.871039093
-1.19371605
-1.74311805
-1.76445258
-0.243041947
2.78535771
-1.00666595
-1.72654998
0.520507872
-0.379803956
-0.917899668
-1.05058992
-0.433378696
0.178123266
-1.20664763
-1.60681248
1.12842214
0.826385379
-0.560972571
-1.08596849
-0.077092424
1.266837
0.335027516
-0.495467275
1.10610461
0.556120813
-0.641320884
1.86785555
2.25538826
0.398957551
0.0694130808
0.386798084
-0.456243396
1.86800051
0.584917367
1.01026595
-0.0106973154
-1.49138641
0.220842496
0.625324368
0.750819087
-0.971610487
0.280184209
-2.26227951
1.48843491
-1.4915576
-0.15472804
0.176827967
1.08827877
-0.0220902469
0.527383685
-0.22823368
0.871723175
0.130335107
-0.672634065
-0.99326843
0.219916001
0.116777197
-0.984646022
1.88670802
0.703000903
-1.1822716
-0.0961026326
0.0413189009
-0.655246735
1.2654227
0.775800884
0.289634258
-0.274418622
0.880855322
0.718148112
0.691102505
-0.359043926
-1.11426008
0.0453409143
1.41859353
-0.0141888307
-1.32862556
-0.799121737
-0.357424855
0.132848352
-1.35529017
-0.878008187
0.662998855
-0.422407329
-2.15251946
1.0396477
0.365808487
-0.564685285
0.296371937
0.310627937
-1.04755521
0.574594378
0.250938326
3.15521812
1.62577963
-0.747427821
0.271026492
-0.0233791098
1.42729449
0.824497879
1.16364765
-1.50608814
-2.03476739
-0.717671871
-0.332830817
-0.0536238737
-0.800769746
0.00890639704
-1.70184672
-0.717473328
-0.401661724
-1.33503592
0.767461598
-0.300264657
-0.914026976
0.245127887
-0.509007633
0.0166896489
0.0499625802
1.41186941
1.47366941
0.95525521
1.56169629
0.608684361
-0.442721784
0.609042943
-0.0611767657
0.908899248
-1.66081858
-0.383897066
0.810878694
1.47779131
0.198468536
-0.532830358
0.989447057
-0.101418622
0.4028171
-0.0956564397
-1.51381648
-0.182735682
-2.21521926
1.414325
0.224327013
-1.72907436
-1.70499635
-0.746426702
-0.509969831
-0.019277826
-0.67245841
-1.20072603
-0.0524443388
0.701548994
0.221625403
-0.690136909
-0.285935402
-0.8978104
0.715311527
0.953141987
-0.214556411
1.17692554
1.11398661
-1.75316799
-1.53014874
0.424400926
-0.330371261
0.357757211
-0.910610199
0.367579401
-0.904360771
-0.447793394
-0.575797439
-1.21216702
0.592411995
0.495572478
1.63787627
-0.276993066
1.60994875
1.77855229
0.432510883
-0.064858593
0.210409418
-0.446739197
2.12800765
0.311816573
-0.00995418057
-0.124932259
-0.883854985
-2.40957308
-1.16075993
-1.57666242
-0.0793161765
-0.607721865
1.9915204
0.84194237
-0.00704837497
-0.601764679
-1.35772836
0.924085021
-0.164562687
-0.716402531
-0.749619484
-0.989454269
0.521608055
-1.05473804
-1.43209922
1.49419332
0.605025589
-0.482531279
0.407451272
-0.541672766
0.199123606
-0.451174915
1.10726118
-0.104442857
0.690717101
1.07921231
-0.0459977835
-0.494433373
-1.22037685
-0.191037089
1.65638959
-0.0578135811
0.123948716
0.294538945
-2.11941981
0.358197212
0.368710071
0.875694692
-0.462138534
-1.159621
-1.53416932
0.64994514
0.390896887
-0.30473873
0.155405387
0.631712735
1.02964008
0.421780378
0.813885868
0.669612527
0.107678279
-0.495632291
-0.293726176
0.902564049
-0.705251575
-0.849722147
0.77992785
-0.527585685
-2.06613159
0.721437216
0.903468847
0.401618242
-0.328726023
-0.70200491
-0.860078394
0.263766378
-0.554161251
0.523730099
-0.870335102
1.05676782
0.685665786
0.849431217
-0.223595515
0.483062088
1.26970601
0.0761346519
-0.294868797
-0.678855181
-0.680669963
-1.05143332
-0.309991747
0.495012701
-0.34899205
0.176417068
0.689730287
-0.503606915
-1.83318436
-1.42096186
-1.26421237
-0.508582532
-0.437388301
0.152092829
1.18988001
-1.15484941
-1.32272923
-1.12555707
-0.864551902
1.0172013
0.28132847
-0.111973591
0.898281753
1.15649652
1.42383504
-1.04616141
0.953372538
0.0841728002
0.157324135
-0.85539037
0.777031541
-0.263970345
-0.05408011
-0.318597436
1.2714628
0.285161406
-0.179251119
-1.95781064
-0.99499023
1.29409111
0.285096496
-0.132961437
-0.350121915
0.448180974
0.955415964
-0.984639764
-1.01850915
0.13325116
-0.773794413
-0.397667795
-1.45050943
0.0161553808
-0.938804865
1.06189883
-2.70148444
0.175456941
1.22683859
0.0436987802
-0.273429513
-0.358063787
0.455818117
0.0868077353
1.29111028
1.15399432
2.18127275
0.737031341
-0.307081997
-0.746809602
0.380864233
1.03464282
-1.40738904
0.0569446795
-1.19174945
0.16156514
-3.13361716
0.105796583
-0.706949532
-0.866516531
0.630170643
-0.76725322
0.2160099
-0.77854234
-1.27487254
1.04116726
1.31827259
-1.24390304
0.0870139077
-0.940670133
-0.154553369
2.01217747
-0.826480269
0.394734472
-0.246177748
-1.18324018
0.0585564673
0.447812855
0.758770168
-0.105036035
-0.0401531309
-1.43178093
1.34717762
-0.36238113
-0.842477679
-0.0221658796
-1.0774157
0.0702394173
0.907223344
-0.870915473
-1.503317
0.994611621
0.707692266
-0.457002312
0.00264755031
1.56503212
-0.458265185
-0.993017852
0.149649382
-0.449267745
0.905640006
0.770878017
-1.48711586
0.824328005
-1.37572443
1.02759898
-0.319349825
0.383671045
1.32952249
0.341116607
0.483931094
0.689178526
0.346666336
0.797207952
0.0757933334
0.72770083
-0.138967425
-2.15350842
1.29925787
-0.0827596858
-0.266186982
-1.48453891
0.572126031
0.708066225
-1.96722436
-0.913631916
-2.05472898
-1.37247217
0.949766397
-0.956206739
-0.841470838
1.86947954
0.0773335397
0.153151333
0.621836483
0.932694912
0.363001257
-1.17209733
-0.0279780664
0.442569494
0.924307406
-0.0339224897
-0.107846871
-0.157437906
0.533087194
0.432541072
-0.80817765
-0.575639009
-1.11708033
1.53578961
-1.16650224
0.408582747
0.945629656
0.0801066831
0.869813681
-0.636100531
0.15386577
1.36922121
-0.69426018
0.490551084
0.538175166
0.180333629
1.02044308
0.0710968748
1.73038828
-0.457140207
0.301935375
1.95700216
-0.00306542544
0.342736632
0.0469434634
1.29512012
-2.08143711
-1.26678109
2.41189694
-0.875607908
-0.282374322
-1.32177794
-1.24752736
-0.113133959
0.939731479
1.45962298
-0.176353395
2.19605923
-1.5387013
1.54662299
-0.0987762734
0.779280245
0.715663791
0.525103629
-0.733929574
-0.693954825
-0.0925395116
1.86651289
-0.884951293
1.93248022
-0.609720528
-0.913947701
0.58177489
0.0131354509
-2.00530672
1.18488109
0.416693687
-0.917916536
0.154486924
1.01987278
1.25831401
2.38482523
-1.50712407
-0.929279804
0.4350034
0.997944355
-0.736995101
-1.11124837
-0.399777859
-0.230803803
-0.073566772
-1.75186062
-0.198515609
0.920477331
-0.062932618
-1.16582704
-0.0739514902
-1.51247489
-1.33233023
1.48708308
0.471477807
0.0504329503
-0.675969362
0.0492930263
1.90761983
0.199043468
1.30930722
-1.47762156
2.19576454
0.711320817
1.22241366
1.95465302
1.91220248
-0.103210673
0.0617291741
0.115311734
-0.530539334
0.256042629
-0.310845613
-0.761214375
0.377921611
-1.90640664
1.24696195
-1.94710541
0.467844635
1.83968437
-1.05427361
-0.807596266
-1.26169288
-0.681359947
-0.444550246
0.343146533
-0.504723668
1.19930971
0.707869351
0.304654866
1.65997756
-0.0796460062
0.570479453
-1.04919219
-0.469484955
0.904800117
0.67856729
0.509735584
1.1031301
1.31584215
-1.4725101
-1.0736711
-1.51019812
-0.661017895
2.55510068
0.824494123
-0.267354816
-0.396304071
-0.468954235
-0.00150940544
0.723897874
0.742429554
0.155172795
0.118619382
-1.42796385
-0.0512484871
1.29578197
-0.964921892
0.189215764
0.830981851
-0.0844893008
1.01679814
-0.000236335487
0.545374513
-0.156641141
0.540048063
-1.17478561
0.68126601
0.996902704
0.225460663
-0.445082039
-0.874482155
0.650333166
0.21392487
1.38044739
-0.970753372
0.200205624
-0.253254741
-1.15484166
0.659899592
0.486997396
0.342680514
-0.9029333
1.06429017
0.68876797
2.2973237
-0.107596889
-0.55694133
-1.62042189
-0.958145559
-0.437681615
0.0882090405
0.542828202
-0.568468988
1.90484476
-1.12920105
0.499086529
-0.827972651
-1.20630407
-0.00684675528
0.254837453
-0.788705528
-0.271606117
0.221340328
1.21763217
-0.855018616
-0.590972424
-0.369671613
0.0920323282
2.04039645
-1.22774577
-0.441247642
0.853612125
1.9466157
-0.00344239105
1.71098328
0.255630046
1.12161267
0.730127096
-1.57659066
0.720154703
-0.934038103
1.32454062
-0.513433516
-0.431295842
-2.06651449
-1.13584054
-0.334626704
-0.320460737
0.0359439738
0.674765706
1.26180804
0.900568008
-0.189411357
-1.46340418
-0.736852527
-0.522078693
0.147739634
-1.27767241
0.407627612
-0.84864074
1.51024735
-0.863206565
-0.248634279
0.919241428
0.332605124
0.631338358
-0.759311557
0.446641058
-0.892845392
-0.23587577
0.726973593
-0.219474956
0.503097177
3.20987439
-1.13611901
0.785091281
-0.161873475
-0.146811843
-0.994605899
0.115974255
0.926437676
-1.7964114
-0.245296687
-0.897559047
-0.235276207
-1.30691278
1.87657821
0.84706831
0.994510651
-1.15222406
1.24210644
-1.85044634
0.678609431
-0.771762013
0.768829882
-2.00636649
0.697723269
0.733730495
-0.595721185
1.0418334
-0.216421857
0.328733772
-0.152535573
0.138332739
0.320760757
-0.915320516
-0.701676726
0.573260665
0.0331390984
-0.757287681
-1.24515867
0.530688167
1.7307086
0.725582957
-0.464723527
1.48100126
-1.01532733
-0.781991541
-0.469749033
1.04426575
0.417776465
0.673122406
-0.176743835
-0.186438605
0.135805696
-1.01747644
-1.64676046
-2.02817988
0.532516539
-0.793894529
-1.39737785
1.3461473
0.536061585
-0.422654003
0.186789781
-0.764150798
-0.600178778
-0.197568178
0.761307895
0.297864228
-0.449204594
2.0401957
1.06813049
1.27046955
-0.758837283
0.344658166
0.123409525
0.459806919
1.0569123
-1.24535537
1.62512159
0.154834777
-0.603233933
0.891072452
-0.468405932
-0.75616169
0.65108633
0.324312806
-1.68326426
-0.194748998
1.69266438
0.571663857
-1.96168137
-0.897213757
0.683622956
-0.216956392
1.59513354
-0.0895581171
-0.48567915
-0.183508992
1.63140512
-1.19082808
-0.21644932
0.897993386
1.25963724
-0.0711664632
-0.29376024
-0.11376898
-1.0237577
0.730344594
1.78079581
0.503772795
0.132073104
0.613433957
-0.0058422368
-1.08783627
-0.614084601
2.19766045
0.707972288
1.8082968
-0.00581431156
0.371455103
0.767522395
-1.71341085
0.903977334
-1.67903745
-0.658486903
1.44516325
-0.455817282
-0.522260725
0.0574686155
-0.0056952294
0.802723587
0.0478365123
-1.63450873
2.10067844
0.651122928
0.859465957
-0.41481024
-1.86345053
-0.669775248
1.06558919
1.65792322
-0.679208338
0.897168458
-1.57676423
0.95927465
0.132647112
0.793273449
0.542717338
2.147892
1.86224198
-0.515950084
0.661131144
0.12775448
-1.13941967
0.527422547
0.556149542
1.12478757
1.75228882
0.725739479
0.146536857
1.72514784
0.499149978
0.589814246
0.143727362
-1.27972376
-1.27912474
0.527313292
-1.52128422
-1.56651485
0.787172616
0.760748148
-0.328034669
0.688366473
0.735366285
-0.502712965
0.603271306
-0.112955637
-0.265433758
0.217951313
-1.83332765
-1.55306649
0.865794599
1.40692878
0.712504566
0.268044025
-1.38948703
0.873324633
0.0469062105
0.0300959162
0.705696881
0.984904408
-0.210479423
0.20860514
-1.80626547
-0.305874139
-0.943407834
-0.87147975
0.993823409
0.308025658
-1.2258842
0.949875355
0.203611687
-0.118769914
2.12711596
-1.70300198
-1.86078238
0.326847583
-0.550108492
0.900736094
0.618344843
1.47239649
-1.42276394
0.390067756
-0.536836267
-0.665549457
1.26109505
0.761373401
-0.735774577
-1.03439879
-1.22057748
0.512538016
1.55290806
-0.350395262
-0.385646641
0.0588793121
0.346060544
0.316563368
0.900485814
-0.107604787
-0.368976623
2.00905299
0.990402341
0.369902641
0.631676018
-1.88252461
1.56941199
0.910041392
0.947685599
0.155088514
1.43134797
-0.658168852
-0.177527264
0.199986234
0.985856652
0.231119081
-1.19004846
0.963954449
0.807759643
-1.27277732
-0.0761005655
0.462768614
-0.392039478
-0.203481942
2.09473658
-0.440719336
1.57707846
-0.339134574
0.289359987
0.146489814
-1.06590021
0.896606445
-0.505556583
-0.244906381
-0.59156251
1.16644061
0.371744454
1.24254262
1.05867064
-0.0457681939
0.594150424
0.290416569
0.124254167
1.73081183
0.80519712
0.98821336
0.373653263
-1.02194583
1.60809374
0.205783486
-2.60715985
1.7535193
0.648814499
-0.854402006
1.65092838
1.44797945
0.274516135
1.45798886
-0.783677995
-1.63441288
0.640843689
-0.243020996
1.32692015
-1.28502774
0.247678354
1.00463796
0.933716953
-2.18046689
0.39867112
0.197652221
1.33967924
0.874518692
-0.0711411983
0.770254076
0.519184947
0.941910446
2.16237378
-1.57980072
-0.588560283
-0.945447922
1.5246911
0.221896484
-0.460518062
0.593219936
-1.00370598
-1.03453958
-3.06008244
0.789200783
-1.18254113
0.220745713
0.336807519
1.10496533
0.762826264
0.280857563
1.35648727
-0.300721139
-0.986749828
1.46255362
-0.250385761
1.10391366
-1.01185131
1.17139196
0.0916178897
-0.291603893
0.714387953
-0.621251464
0.635419071
-0.42123431
0.73756969
0.926932573
0.211702079
2.16887856
-0.544962704
-0.921339869
0.77715683
1.04391348
-0.775079906
-0.374291807
-0.508340776
-0.95776546
-0.406017512
0.0949840397
0.040359892
-0.941667557
1.44019616
-1.02333283
0.803116381
-1.34698951
-2.6650784
-0.560997486
0.543796301
-0.577450871
1.82025766
-0.948272049
-0.0790184811
1.65040779
0.549414456
1.73160577
-0.0402519107
0.295788586
0.546170354
-0.0394032933
0.211765781
-0.860375762
-0.643122196
0.820153892
0.372951508
1.26291227
0.250670701
-0.149016261
1.72527027
0.608857393
-2.09020805
-0.28198114
0.37664634
-0.262756884
0.300104618
0.32145226
0.385583013
0.780044675
0.242335752
1.69472611
-0.586075962
-0.638217092
1.27620864
-0.131711572
-0.952775776
0.298428774
-0.112513609
0.307012886
0.801249444
1.68097317
0.569975615
-0.59315747
0.062726371
-1.60772705
-0.262535751
-0.672306776
1.07174802
-0.270093381
-1.12924433
-0.429850608
0.745729446
0.534534872
-1.10112822
0.683616579
1.84972215
0.886020064
-0.101899363
0.611775756
1.03436375
-0.422395974
-0.893460929
1.21223569
0.911239922
0.500296056
-1.66668272
-0.741202116
-0.103833392
-1.68658006
1.01994789
1.85391796
-0.146720529
0.16537185
-0.770895541
0.568985462
-1.12898862
0.587048829
0.663016915
-0.327678591
0.558115244
-1.324844
-0.997638345
-1.83792233
-0.134649873
-0.519544244
0.213097975
1.39366627
0.85873574
-0.653277099
0.266957849
1.07501364
0.717108369
-0.302087158
0.858699858
0.48912701
1.23311043
0.454728127
-0.391982526
-0.154492766
0.365306348
-1.28462791
1.3629669
1.42918062
0.149478734
-1.96210468
-0.79774183
1.10620427
0.0421366803
-0.771710217
1.12630033
-0.101055041
-0.0101832729
0.390283346
-0.0640726686
1.34410346
1.0405277
1.69223416
-0.560631692
-0.345958501
-0.641212523
0.12359184
0.38130179
0.0620946251
-0.865493476
0.846769392
-0.924123347
1.11995435
-1.98803651
-0.169698358
-1.16927481
-0.760104954
-1.55393708
-0.0187842678
0.505667448
0.0275362935
0.413389891
-0.917965233
-0.19742316
0.806529164
-0.0977340788
-2.67871499
0.514479697
0.869810343
0.767906368
-1.34597182
-1.47228229
-1.45990705
-0.469030499
-0.559998453
-0.00518804509
0.963431358
-0.65310365
-1.22340441
-0.402842104
-0.157400012
-1.8219986
-1.41989887
1.14268374
0.414920449
-0.588873625
0.073946625
-1.79996324
1.99838626
1.50577927
-1.29746878
-1.80633318
2.40449739
-0.281274617
-0.255773902
-1.1791048
1.2158215
0.753020167
1.56910169
0.716807902
-1.0414921
1.27204931
-2.5806272
0.263424426
0.992238104
-0.87022531
0.321402282
0.818249106
0.0429900326
-0.339462399
1.41377509
-0.209219456
0.558787823
0.278159291
-3.14212584
0.907072783
-1.59989452
-1.50194693
-0.607738018
0.365016937
0.666073859
-0.468578547
1.44713521
-1.80228293
-0.0130854193
0.467805833
0.572371483
-0.527562618
-0.0994252786
-0.810948551
0.368545055
0.300561965
-1.63618684
0.93790406
1.14703584
0.187503159
2.4632504
0.497255772
-0.543781877
-0.569100857
0.202613845
-1.34576011
-0.859913349
1.45451295
-1.46597481
-1.7325604
0.0117346356
-1.55711651
0.112402305
-0.523615241
0.953593969
-0.155192152
-0.218356684
-0.938655972
-1.30425441
-0.867928863
1.61459875
-1.03161561
-0.104331635
-0.478094846
-2.29811788
-0.473760009
-0.8804124
-1.17239153
-0.764341831
0.542995811
0.261628985
-0.303176582
-0.472578198
1.07311106
0.257665426
-0.755804598
-0.0733672678
-0.59772563
-1.27840316
-1.11869276
-0.20800148
-0.679704249
0.430271596
-1.20451176
0.650222063
0.949885488
-0.10809736
-0.997066736
-1.73883247
0.108538195
2.61645293
-0.360524327
1.63610458
-1.08962715
1.24818146
-0.583476365
0.108722739
0.439095795
-0.829093993
0.544086277
-0.748288751
0.93761158
-0.719002128
0.770754397
-0.154092342
0.24778375
-0.250302672
-0.531780124
-0.531661212
2.31494427
-1.01701438
-0.543105066
-0.939650774
1.04379296
-0.13592802
-0.707424641
1.16301632
-0.0680159479
0.236890048
1.03954411
0.671893001
1.73887992
-1.91060305
-0.20213598
0.728456736
0.244489849
0.488095641
-2.68743753
-0.0100474358
0.691825449
-1.53180349
0.737145782
0.272224277
-0.250997782
-1.3790983
0.501180708
0.413480133
-0.392914355
0.91532886
-1.11412835
-0.597038865
0.260048389
0.671460211
-0.0401584432
0.51629591
-0.436682582
0.951939642
-0.35450843
-0.927813113
1.33210111
-0.563272536
0.849237323
0.234215274
-0.250382155
0.0962720886
-0.692979515
-0.956064641
-0.590512991
-0.81813252
-0.253113002
0.647942841
0.243149474
-1.74810851
0.615564644
-1.83907306
0.546046138
-0.381605029
-0.529263258
0.853052914
-0.297828138
-1.77952623
-0.380932152
-0.0120110009
-1.95974386
1.48476505
-0.259381741
-0.287425667
0.251646549
-0.950214684
-1.79043555
-0.842565238
1.91739345
0.667234421
0.330968469
0.590376377
-0.406059921
1.12280524
1.02716959
1.37692046
-1.03772545
1.11413527
1.87422419
-0.335521907
0.642880201
-0.0901724845
-0.556800783
-0.839034855
0.637018561
-0.0657327101
-0.106735587
0.495444417
-0.574669302
-1.1109364
0.840362906
-1.37792253
-0.122573316
0.707139969
0.987229824
-1.10431778
0.320921332
0.280911267
-0.271367222
0.444334626
1.76951826
1.63509142
-0.540594995
2.48739314
-0.0966853127
0.0442123562
0.322727948
-0.625378728
-0.777860343
0.203665897
-0.658777177
0.692557812
-0.302857012
-1.08875501
-0.796996713
0.0674222112
-0.834007621
-1.5451498
-0.474547565
0.511982977
-1.57207584
0.786563993
0.0536715947
0.781650782
-0.283300251
0.947190225
0.698171794
-0.865641057
1.54202271
-0.311668873
1.48801386
-0.994504094
0.332592696
0.431096613
0.3519499
-0.295621604
-0.856130958
-0.359398544
2.79239154
-0.503848612
1.49032056
1.20261467
-1.03553653
-0.494205773
-0.850318849
-1.59964705
0.889078259
-2.27396297
-2.06756258
2.10888243
-1.04130352
0.297176182
0.328446686
-1.38599086
1.74741054
-0.0207047034
-0.0652389526
1.02051198
-3.08552265
0.51999402
0.369875371
0.12017525
0.205689088
-1.3516618
-1.50892174
1.29738355
-0.626235545
-0.144937128
-0.283448994
-1.30650461
0.312160522
0.820598245
-0.131703332
-0.650856853
-0.612294137
2.61652803
-1.34788048
-1.14957058
1.90448058
-0.209096864
0.0997112468
0.688012421
-0.240621522
0.842886627
1.54555798
-2.10070896
0.96820873
0.0845545456
-0.149886742
0.61393404
0.448538721
-0.317915291
-0.436717898
-1.34767735
-0.605096102
0.0357225128
-0.473160446
-0.392136872
-0.522419572
0.0623074919
2.26520109
0.956094265
-0.0861246437
0.627886355
-0.64533639
0.4542813
-0.350324839
0.123514518
1.23261464
0.0319999643
0.0481718965
1.00678611
0.741645992
-0.533072174
0.749264717
1.35096347
-1.24057746
-0.164752394
0.151043206
0.361543775
1.3425653
1.25929332
-0.186853677
0.651095569
-1.30942106
0.738397419
-1.55392766
-1.82506609
0.297470748
0.36495018
-0.160509408
2.23529935
-0.128542513
-1.11241424
-0.57543385
-1.079656
0.610737026
-0.298816413
0.593152404
0.203370407
0.195142061
-1.07806528
-0.405633986
-1.93521249
-0.544075072
1.39944232
0.766851544
0.618356168
0.696231365
-1.27862346
-1.8415854
0.0303566381
0.149765775
-1.20741546
1.4002825
1.18243098
-0.312219173
-1.48885286
0.547720551
1.61249983
-0.140279636
-0.131639525
-1.06658399
-1.46850777
1.58769929
1.89314258
-0.643847704
0.11980807
0.359925687
1.59514976
1.41822314
-0.534377813
-0.608057916
-0.0903068036
0.186241403
-1.89977634
-0.987020373
2.90032077
-1.05774784
-0.853398681
0.269047946
-0.00827680435
1.37246966
3.13302469
-0.1011649
0.317664266
0.778129578
-0.6275056
-2.03226185
-0.611064315
0.760601044
0.124238722
-1.18686867
0.456414223
-0.895037293
1.51334274
1.13196874
0.199722409
0.10283193
0.509887159
0.471062899
-0.4845604
1.82405901
0.418222517
-0.192085579
-0.991800606
1.14761722
-0.429865628
0.75371629
0.162860721
0.375819981
0.0544070564
-0.514663041
0.208136544
-0.617912173
-1.09929073
0.611140132
-0.0565960146
-1.85487056
1.86616552
1.57362223
1.16107202
-1.09676814
-0.534707248
0.92152828
0.360523641
-0.491939276
-0.574845135
1.79586887
1.43136525
0.449097544
0.771345556
-0.120004728
-0.546230555
0.885765076
-0.17800042
0.536910653
0.231125042
0.210383862
0.415770352
-0.361011624
1.19170487
-0.298654646
0.68557781
1.27530491
0.274104327
0.00375863607
1.02049935
-1.69515693
-1.1606437
0.734262168
-0.925385356
-0.172812015
-0.679718435
0.0702475235
0.506375134
-1.18375909
-0.720857263
2.03488827
0.763644278
-1.26219046
2.46868801
0.18703869
-0.467308223
-1.19302571
-0.599983573
-1.8183924
-0.0648643002
1.28878605
-2.5911305
0.426022321
-0.640408874
0.555677414
-0.431515127
0.132728264
0.0981173888
-2.02671218
2.00498867
-0.902712464
0.392288625
0.277228355
0.523143888
-0.648449779
0.875663042
-0.878742695
0.00401778566
1.0593493
1.49097931
0.129108369
-0.370659918
0.338182092
-0.123656891
-0.26479128
-0.264821142
0.216270313
-0.353588045
1.03494644
-0.247254595
0.317517191
0.513729811
-0.626188993
-0.0642419159
-1.32692599
-0.713816345
0.313267231
0.744594634
-1.26034212
-0.818729639
-0.282932699
0.400959164
0.12043488
-1.6831919
0.285938114
-1.40547383
-1.06219161
1.27828526
0.318107069
-1.49616396
1.01048589
1.24964023
0.683002889
-0.425622106
-0.987804651
-0.319751173
2.71859121
-0.775569677
-2.09244037
-1.09220564
0.0411057658
1.09061003
-0.381010979
0.773200631
0.271369785
-0.184234887
-0.0161630735
0.838126421
-0.0620614439
1.24152732
-0.791703403
0.360412717
-1.39697063
-0.7361691
0.330094337
-0.895286322
-0.609073102
1.66480696
-0.933382511
1.36001635
0.3061544
-0.92114377
0.0910118744
-0.471331239
0.0144719258
-0.923669159
1.36874723
-0.186003596
-0.0447760634
2.03863883
0.000613030861
1.64140689
0.515211761
0.186781183
-0.774075866
0.0574012697
-0.400175303
0.245693952
0.689664364
-0.548345447
1.69747198
-1.55188
-1.61901736
0.768409431
-0.167500928
1.21886301
1.01604521
-0.7344293
-0.70695132
0.36999014
-0.460619062
-1.2927078
-1.00890803
0.801173508
0.73215878
-0.200276881
0.410015434
0.890711606
-2.68576241
1.30829382
0.166792437
0.141433433
0.257277191
1.20294964
0.449425459
0.401347578
0.430339992
-0.478538632
0.472172976
0.680532336
0.782486618
1.15547013
0.181301758
-0.668466628
0.0759364888
1.48904538
1.0387013
-1.19756484
-1.11096942
0.177042544
0.225994587
0.70486021
-0.698427677
-0.429501563
-0.454775393
-1.57233763
1.34731424
1.23110354
-1.4329381
0.376635075
-0.791547477
1.16210508
1.97555852
-0.250792652
0.370986253
-1.29368818
0.591482103
-0.286884785
-0.182661101
-0.215789244
-0.72660917
0.590346694
-0.746491671
1.11882389
-0.375246078
-0.788192868
-2.80695081
-1.35179365
0.949888527
-0.225467339
-0.117222242
0.566569269
0.618089199
-0.280246615
0.121534966
0.52119863
-1.97559416
1.36200917
-0.628960669
0.510128498
0.652462542
-0.909192264
0.561874747
-2.98652387
0.389774829
0.351040602
-0.459925354
1.1723175
-2.45586824
0.193501443
-0.90324837
1.44360101
-0.906840086
1.37081718
-1.32904518
-0.506630599
-0.596979797
-0.115134276
-0.888553798
2.94410324
-1.50410569
0.359140605
-0.497996002
-0.50558275
0.409038186
-0.595831454
-0.000949559442
-1.48404276
0.0427390113
-0.149621129
-0.372607142
-0.222494915
1.21291065
0.525426269
0.0860372484
0.454324067
-0.190750241
-1.14703083
0.409601152
-1.73183334
0.978186011
-0.0708817765
-0.82886219
0.952448666
-0.689684331
-0.675256312
0.231296897
-0.526423454
-0.393652201
-0.9215132
-0.976053953
1.82781732
-0.411186427
0.30161345
1.86809146
-0.581081331
0.570791543
0.0683700368
-2.0051353
-0.191557571
-0.84760493
0.521009386
-0.243431538
0.00446218299
-1.04344511
-0.535558701
-1.07035768
-0.093319118
1.42183626
0.809827626
-0.747755349
-1.05922484
0.31906727
0.0867643207
0.542185247
-0.798541427
-1.02686799
0.781114638
0.492603451
-0.793885052
-0.0215261932
0.752077401
-0.404369354
-0.528530538
0.328838795
0.175874293
-0.734945893
-1.11760175
0.535797715
0.791630328
-1.8193928
1.2361393
1.09204698
1.55349219
-0.667536795
0.989646494
1.08520854
1.49318814
1.62592399
-1.73994613
-0.806278527
0.649541616
-0.672299147
-0.0600225963
0.318747461
-0.431432039
-0.532862306
0.596040606
0.489353925
0.0239203423
-0.152381435
-0.0400305465
1.29333961
0.275662184
1.0950042
0.568817437
1.66263962
-1.71577919
0.467812806
-0.0693605095
-0.0678702891
1.0526197
0.353288293
-1.09443486
-0.370946407
0.849698424
0.89256978
-0.0237937625
-0.788338184
-2.35211658
-0.199937239
-1.0645349
-0.438896567
0.575701773
0.91986239
-1.03149354
1.6446172
-0.558763802
1.34071398
1.02090049
1.84187591
-1.91805899
-0.0172250383
2.44015002
0.670275211
0.608300328
0.317791611
2.05666041
1.00305843
0.182619885
-2.58209682
0.7554003
-1.1487962
0.259957612
0.412047267
0.423857242
1.34945488
-1.23282838
0.358690202
-0.587993622
0.61110127
0.360969424
-0.403761089
-0.453878373
0.880053818
-0.311543226
-0.370374203
1.19926071
0.168147042
-0.8342641
0.40422377
-0.327684224
2.88215423
-1.32658815
0.740667939
0.81650424
1.19562721
-0.00571667729
0.620010734
0.199008554
-2.27867913
1.93263113
-1.53507626
-1.0849973
-0.368489802
0.844127476
-0.276037008
-0.273952663
1.67618942
-1.21889734
2.02249742
0.0246680956
-1.70822597
-0.836647809
-1.31425691
0.427407593
-0.504162073
-1.36663198
0.517267644
-1.63384056
2.7045002
0.379564911
-1.22426331
1.3179183
0.2472184
1.45921469
0.796452701
-0.955327928
0.546231568
-0.381217241
-0.650012076
-0.933007836
-1.83655894
-0.5307616
1.00716341
-0.690690339
0.807259202
-0.999877453
-1.03703737
-0.483767211
-1.05440319
-0.339002073
-0.764025211
2.49633145
-0.521858275
0.996999741
0.422396123
0.813058913
0.290216297
1.05831969
0.459697723
2.0471952
0.235145435
-0.874168873
-1.45311248
-1.47397923
0.805661023
-2.6664691
-1.79132414
-0.579536736
-0.164808512
-0.3737261
-0.679609716
-0.602575779
1.52236652
-0.344407409
-0.291943222
-0.0546018369
0.433766752
-1.01759779
-0.528981745
2.10654259
0.723920047
-1.28189683
-0.244736671
2.0093739
0.938615799
0.21306473
0.489306211
-0.537448585
-0.221401095
-1.52754247
0.608792305
-1.1050458
0.147665724
-0.186101913
-0.292216003
1.78164697
-0.147419676
-0.900158882
0.414669871
1.50502872
-0.776795149
-0.931316078
1.04940057
0.489142299
-0.310254037
1.18844843
-2.63706946
-0.931483924
1.02006102
-2.74124646
-0.357053161
0.316094965
-1.52644205
-1.07753932
0.353077888
-0.0836528465
-0.479804337
-0.632006884
0.384430051
-0.651562035
-0.407284707
-0.604525089
0.431789994
0.905934393
0.440359414
1.45994258
-1.22098744
0.0779858828
1.45936501
0.839941025
-0.601281345
0.823209703
0.567360997
-0.481301606
0.289664447
1.81604218
-0.871034145
-1.06377792
0.691634953
0.125589639
-0.239971802
0.789571881
-0.737442851
1.58618081
0.873314857
0.247373328
-1.05226541
-2.48255992
1.80164218
0.400415808
-1.14925027
1.4614774
0.504193187
0.216656789
0.155925989
-0.913393676
1.13803935
1.12510681
0.240347609
-0.371911198
-1.18304741
0.466300219
-0.77770263
0.54126811
1.19054091
0.393150061
-0.874565363
-0.81999886
-0.425822526
-1.41643965
-0.0627936572
-1.14649463
0.770092607
0.489159942
0.514614165
-0.332427084
0.644652426
-0.166046008
1.25632393
1.74987447
0.0459434874
-0.776413321
0.320966065
-1.59960926
-1.01008928
1.87965119
0.63147676
-0.966245413
0.363627464
0.00389309553
-1.28403544
-0.936680138
-0.0723269135
-0.377716869
-0.0757283643
0.501853704
-1.02596569
1.41248596
-0.122072503
0.143312424
-1.59870172
-1.15417945
0.466569752
0.500161767
-0.845117986
-0.179807693
1.42805529
0.671085358
-0.472955406
1.35889459
0.55721122
0.286701739
-1.04324734
1.31449413
-0.430832803
0.399381965
-0.897144496
1.41087627
0.733739197
-0.54002142
-0.892167449
0.305410057
-1.83471227
-0.771543145
0.120231345
-0.194294021
-0.298924714
-0.104636498
0.927146614
-0.165048465
-0.688571155
-0.573780119
-0.752992153
-0.365997434
1.15491223
-1.12309027
-1.47701812
-0.787815452
1.96291983
1.17254162
0.7381863
0.732773602
-0.144824103
-0.175456688
-0.356906772
0.519866168
0.013980397
0.481406271
0.330046982
0.253406078
-0.871693611
-0.0180314369
1.79424477
0.574993312
1.70401788
0.366399556
-0.419248164
0.611658156
-0.158072948
0.973534405
-0.0368508548
0.0532019176
-1.46850753
1.4420774
-0.311384261
-0.173078343
-0.133800492
-0.0249500256
-0.171635181
-0.283981442
-0.875876427
-0.159613088
-1.77308524
0.0793530494
2.27354312
0.654245019
-0.405546814
-1.31507862
-0.00881074835
-0.746236265
0.0377652086
-0.185017228
-0.774481177
-0.839999974
-1.2280339
-1.46090007
-0.753262997
-1.2266115
1.15950751
-0.148975208
1.40345895
-0.922720075
1.76248431
1.54188907
0.176896259
-1.02367091
-1.95777178
-2.68049788
2.10338926
1.13045061
-1.13797307
0.259751171
1.41175759
-1.8233124
-0.303757697
-0.971012056
0.0410700589
-0.757628262
0.444526732
1.54426801
-1.67507863
0.144654259
-1.10690403
0.101870775
-1.04231691
-0.190315306
-0.600516856
0.300218582
-1.32238841
-0.066936709
1.47200084
-1.25239277
0.62688601
-2.66228914
0.00444929814
1.13805413
0.714063704
-2.17987156
-1.00724208
0.8936885
-0.711007774
-1.91329408
-0.165335178
0.147975698
0.0896126851
1.22598636
-0.408137411
-1.5557065
0.384960502
-1.19652855
-1.80308461
-0.891752839
0.28392297
1.35951662
-0.916128159
-1.54974294
1.29703009
-0.58959806
-1.0913372
0.192292616
0.968704641
0.58385092
0.670998633
-0.557883263
1.41168499
-0.948968649
0.289554805
-0.507181108
0.0698881671
-0.279562473
0.955195367
0.191732377
0.0669322237
-0.654943407
-0.802320421
0.320984632
1.0869242
1.24240482
-0.0480353683
0.57171768
0.721663058
-0.584379971
0.613040447
2.06267929
0.622362137
-0.761834443
-0.90384239
0.684336662
1.12353623
-1.16326725
0.702783644
-0.463638604
0.306314498
-1.18405414
-0.539533496
-2.03523302
-0.0846876726
0.374244928
-0.632134557
0.269051462
0.709029138
-0.614877522
0.545131028
-0.406078219
1.03252316
-2.84580994
-0.779153287
1.50989425
-0.405144453
0.500585318
-0.382291228
1.62695408
0.781455517
0.790546477
-0.217215076
1.84258676
0.6071769
0.143869191
-0.323605299
-1.01141453
1.15134573
0.972661138
0.525823593
-0.990799844
1.77716732
0.00610514311
-0.415664345
1.18593752
-0.283529133
1.15419853
2.33705974
0.580048203
-0.728690505
-0.8469823
-1.5876497
-0.247159302
-1.94435465
0.661120772
0.964359343
0.252143979
0.004415615
-0.773062408
0.0426305123
0.493324399
1.23355889
-0.980465889
0.101292945
-1.55797613
-1.52875054
-0.0569828786
0.155129075
-0.281023473
-0.0195844881
0.723913908
1.80059898
1.23282337
-1.64360046
-0.45409444
-1.38772404
0.584023535
-0.326915354
0.898370624
-1.04078341
1.89217985
0.33870542
0.36139673
-0.729085326
0.703237236
-0.439295083
0.0406200849
-1.81903899
-0.157728091
-2.65067172
0.874644816
1.08290815
0.426148504
0.445541054
-0.549991012
0.974736094
0.136934742
-1.77051878
-0.349249721
-0.912285626
1.00232184
-0.691276371
-0.909066677
-2.47839975
-1.66743052
-2.27751827
-0.763488531
0.420948714
0.309509635
-2.18997502
1.22874212
-0.802529991
0.14308013
-0.138468817
-1.58672678
-0.511131167
-2.83850884
-0.32785514
0.443292767
0.412808836
-0.230019763
0.521761417
-1.62837148
-1.52894807
-1.39170361
0.96915859
-0.597788095
-0.978597462
2.1557169
0.400908917
0.861402214
0.224450499
1.1517241
1.45740211
-0.0325468108
-0.110527471
1.0072968
0.583601236
-0.891786039
-0.944598317
1.55679774
-0.393168151
-0.0605273061
-1.46243095
1.11379063
1.21666002
-2.07036805
-1.30250919
-0.195984259
1.22252107
-0.165767699
-0.295234084
0.606711864
1.33525479
-0.145996585
-0.555640638
0.667346418
0.0940274745
0.297860801
-0.496621907
-0.54858464
1.80857897
0.0379289314
-0.0152488723
0.237324536
1.01996315
0.671197057
-0.893074095
1.06788719
-0.608311474
0.777388155
-0.0685414374
-0.00715419976
0.308583438
1.70957911
0.574611723
-0.355417073
1.26817167
0.592739046
-0.622573555
0.737777591
1.93621027
1.00859928
-0.432075918
0.4165667
1.15749478
0.528428137
-2.03409553
0.518398046
-0.108884342
-0.822917819
-0.821588457
0.702683806
-0.499079973
-0.15153721
-1.43636417
-1.47489238
-0.468337983
1.70074153
-1.62065589
0.043731831
-0.344013065
0.0802808031
1.29542756
-0.260506928
-1.19672823
-1.0727123
-0.463990867
-1.38759029
1.42693031
0.139835641
0.607672334
0.0704525635
2.46945643
0.857098401
-0.358201087
-0.0198884178
0.780807734
-0.96597904
-0.76503998
0.373775423
-0.320396513
0.266108125
-1.56683993
-0.25159958
1.50879538
-0.933583081
1.01083326
-0.0844848156
0.385350883
-0.287482649
-0.286417633
0.124029055
-0.865910769
-1.07993889
1.16277838
-0.277997375
1.32685411
0.987623215
0.649356723
0.582220316
1.36148024
-0.087196596
1.56127882
1.56184936
2.23623848
-0.705350578
0.41926536
column 1 4001
1
0
0
1
1
1
0
0
0
1
0
1
1
0
0
0
1
1
0
1
1
1
0
0
1
0
1
0
0
0
1
0
0
0
0
0
0
0
0
0
0
1
0
1
1
0
0
0
0
1
0
0
0
0
0
1
0
0
0
0
0
1
0
1
1
0
0
0
0
0
0
0
0
0
0
0
0
0
0
0
0
0
1
0
1
0
0
0
0
1
0
1
0
1
0
0
0
0
0
0
1
0
1
0
1
1
0
0
0
1
0
0
1
0
0
0
1
0
0
1
0
0
1
0
0
1
0
0
1
0
0
0
0
0
0
0
0
1
0
0
1
0
0
1
0
0
0
1
1
0
1
0
0
0
0
1
0
0
0
1
1
0
0
1
1
1
0
0
0
0
0
1
1
0
0
1
1
0
0
1
0
1
0
0
1
0
1
0
0
0
0
1
1
0
1
0
0
0
1
1
0
0
0
0
1
0
1
0
0
0
0
1
1
0
0
0
1
0
1
0
0
1
0
1
1
0
0
1
1
0
1
0
0
0
1
0
0
1
1
0
0
0
1
1
0
1
1
0
0
0
0
0
0
1
1
1
0
1
1
1
0
0
0
0
0
0
1
1
0
0
0
1
0
1
0
0
1
1
0
0
1
1
0
0
0
1
0
0
0
1
0
0
0
0
1
0
0
1
0
1
1
0
1
1
0
0
0
0
1
0
0
0
0
0
1
0
1
0
0
1
1
1
0
0
1
0
0
0
1
1
0
1
0
0
0
0
1
0
1
1
1
0
1
0
1
0
0
0
1
0
0
0
0
0
0
1
0
0
0
1
1
0
1
0
0
0
0
1
1
1
1
1
0
0
0
0
1
1
0
0
1
0
1
1
1
0
0
0
1
0
0
0
1
0
1
1
0
1
0
0
0
1
0
1
0
1
1
0
0
0
0
0
0
0
0
1
1
0
1
1
0
0
1
0
0
1
0
0
0
0
0
0
0
0
0
0
0
1
0
1
1
0
0
1
0
0
0
0
0
0
1
0
0
1
0
0
1
0
1
1
1
0
1
1
0
0
0
1
0
1
0
1
0
0
0
1
1
0
0
0
1
0
1
0
0
0
0
0
0
0
0
1
1
0
1
0
0
0
0
0
0
1
0
0
0
0
1
0
1
0
0
1
1
1
0
0
1
0
0
1
0
0
0
1
1
0
1
1
0
0
0
0
1
0
0
1
0
0
0
0
0
1
0
0
1
0
1
1
0
1
0
0
0
0
1
0
0
0
1
0
0
1
0
1
1
0
0
0
1
1
1
0
0
0
1
1
0
1
0
0
0
0
0
1
0
0
1
0
0
0
0
0
0
0
1
1
1
0
0
0
0
1
1
0
0
0
0
0
0
0
0
0
1
1
1
0
1
0
0
0
0
1
1
0
1
1
1
1
0
0
0
0
0
1
0
0
0
1
1
1
1
1
1
1
1
0
0
1
1
0
1
0
1
0
0
0
0
1
1
1
0
0
1
1
1
0
0
1
0
0
1
0
0
1
0
0
1
0
0
0
0
1
0
0
0
1
1
1
0
0
1
0
1
0
1
0
0
0
0
1
1
0
0
0
0
0
1
1
0
1
1
1
0
0
0
1
0
0
0
0
0
1
1
0
0
1
0
0
0
1
1
1
0
1
0
1
0
1
0
0
0
0
1
1
0
1
0
0
0
0
0
1
0
1
1
1
1
0
1
0
0
0
0
0
1
0
0
0
0
1
1
0
0
0
1
1
1
0
1
0
0
0
1
0
0
1
0
1
0
0
0
0
0
0
1
1
1
1
0
1
0
1
1
1
1
1
0
0
0
0
0
1
0
0
0
0
0
1
1
1
0
0
0
1
1
1
0
0
1
0
1
1
1
1
0
0
0
0
1
0
0
0
1
1
1
0
0
1
0
0
0
1
0
0
0
1
1
1
1
0
0
1
0
0
0
0
0
0
0
1
1
1
1
1
0
1
0
0
0
0
1
1
0
1
0
1
0
1
1
1
1
1
1
0
0
0
0
1
1
0
0
0
1
1
0
0
0
0
0
0
1
1
0
0
0
1
1
0
0
0
1
1
1
1
1
0
0
0
1
0
0
0
0
0
0
0
0
0
1
0
0
0
0
0
0
0
0
1
0
0
1
0
0
1
0
1
1
1
0
1
1
1
0
0
0
1
0
0
0
1
0
0
0
0
0
1
0
1
0
1
1
0
0
1
0
0
1
0
1
1
0
0
0
0
1
0
0
1
0
1
1
1
1
0
0
0
0
0
1
0
1
1
0
0
1
1
1
0
0
1
0
1
0
1
1
1
0
0
0
1
1
0
1
0
0
1
0
1
0
0
1
0
0
1
0
0
1
1
0
1
1
1
0
1
1
0
1
0
1
1
0
1
1
0
1
1
1
0
0
1
1
1
0
0
1
0
1
0
0
0
0
0
0
1
0
1
0
0
0
0
0
1
0
1
1
1
0
0
1
0
0
0
1
1
1
0
1
0
0
0
1
0
1
0
0
0
1
1
0
0
1
1
1
0
1
1
1
0
0
0
0
0
1
1
0
0
0
0
1
1
0
1
1
1
0
0
0
0
0
1
0
1
1
1
1
0
1
1
1
0
0
1
0
0
0
0
0
1
0
0
1
1
1
1
0
0
0
1
1
1
1
0
1
0
0
1
0
0
0
1
0
1
0
0
0
1
0
0
0
0
0
1
1
0
1
1
0
0
0
0
0
1
0
0
1
0
0
0
0
1
1
0
0
0
1
0
1
0
0
0
0
1
1
0
1
0
0
0
1
0
1
0
1
1
1
1
0
0
1
0
1
0
1
0
1
1
0
0
0
0
0
0
0
0
0
1
1
0
0
0
1
0
0
0
1
0
0
0
1
0
0
0
1
1
1
1
0
0
1
1
0
1
0
0
0
1
0
1
1
0
0
0
1
0
0
0
0
1
0
0
0
1
0
0
0
0
0
1
1
0
0
1
0
0
0
1
1
0
1
0
1
1
1
0
0
0
0
1
0
0
0
0
0
0
1
0
1
0
0
1
1
1
0
1
0
0
1
1
1
1
1
0
0
1
0
0
1
0
0
0
0
0
0
1
1
1
1
0
0
0
0
1
0
0
0
0
0
0
1
0
1
1
0
0
0
0
1
0
0
1
1
1
1
0
1
0
0
0
0
0
0
0
1
1
1
0
0
0
1
1
0
0
0
0
0
0
1
0
0
1
0
1
1
0
0
0
0
0
0
0
1
1
0
0
1
0
1
0
0
0
0
0
0
0
0
0
0
1
1
1
1
1
0
1
1
1
0
0
0
0
0
1
0
0
0
1
0
0
1
1
1
0
0
0
0
0
0
1
1
0
0
1
0
0
0
1
0
1
0
0
0
0
0
1
1
1
0
0
1
0
1
0
0
1
0
1
0
0
1
0
0
0
1
1
0
0
0
0
0
1
0
0
0
0
1
0
0
0
1
0
1
0
0
0
0
1
1
0
1
0
1
0
0
0
1
1
0
1
0
0
1
0
0
0
0
1
1
0
0
0
1
1
0
1
0
0
1
0
0
1
0
0
0
1
0
1
1
0
0
1
0
0
1
1
1
0
0
0
1
1
0
0
0
1
0
1
1
1
0
0
1
0
0
0
0
0
0
0
0
1
0
0
0
1
1
0
0
1
0
0
1
0
0
0
0
1
1
0
1
1
1
0
0
0
0
0
0
1
0
0
0
1
0
1
0
1
1
1
1
0
0
1
0
0
1
1
1
0
0
0
0
1
1
0
0
0
0
0
0
0
0
1
0
0
1
1
0
0
1
0
0
0
1
1
1
1
1
1
1
0
1
0
1
1
1
0
0
0
0
0
0
0
1
0
0
0
0
0
1
0
0
1
0
0
1
1
0
1
0
0
0
0
1
1
0
0
0
0
1
1
0
0
0
0
0
0
0
0
0
0
0
0
1
0
1
1
0
1
0
1
1
1
1
0
0
0
1
0
0
1
1
0
0
0
1
0
1
1
1
1
1
0
0
0
0
1
0
1
0
1
0
1
1
0
0
1
1
0
0
1
0
1
0
0
1
1
0
0
0
0
1
1
0
1
0
0
0
0
1
0
0
0
0
0
1
1
1
1
1
0
0
1
0
1
0
0
0
0
0
0
1
0
0
1
0
0
0
1
1
0
0
0
1
0
0
0
1
1
0
0
0
0
0
0
0
0
0
0
1
0
1
1
0
0
1
0
0
0
0
1
1
0
0
1
0
0
0
0
0
0
0
1
0
1
1
0
1
0
1
0
0
0
1
0
0
0
1
0
0
0
1
0
1
0
0
0
0
0
1
1
1
1
1
1
0
0
1
0
1
0
1
1
1
1
1
1
1
1
1
1
0
0
1
1
0
0
0
1
1
0
0
0
0
1
0
0
0
1
1
1
1
1
0
0
0
0
0
1
0
0
0
1
1
1
0
0
0
0
0
0
0
0
0
0
1
0
1
0
0
0
1
0
0
0
0
1
1
1
0
1
1
0
1
0
0
0
0
1
0
0
1
1
1
1
0
0
1
0
1
0
0
0
0
0
0
0
0
0
0
0
1
0
1
0
0
1
0
1
1
0
0
0
0
0
0
0
0
0
1
1
0
0
1
1
1
0
0
0
0
0
0
1
0
0
1
0
0
0
0
0
0
0
0
0
0
1
1
0
1
0
0
0
1
0
0
0
0
0
0
0
1
0
0
0
0
1
1
1
1
0
1
0
0
0
0
1
0
0
0
1
0
0
0
0
0
1
0
1
0
0
0
0
0
1
0
1
0
1
1
1
1
1
0
0
0
0
0
0
1
0
0
1
0
0
1
1
1
0
1
0
1
0
0
0
0
1
0
0
0
0
0
0
0
0
0
0
1
1
0
0
0
0
0
1
1
1
0
0
1
0
0
1
1
0
1
1
0
0
0
1
1
0
0
0
0
1
1
1
0
0
0
0
0
1
1
0
1
0
1
0
0
1
1
0
1
0
0
0
0
1
1
1
0
1
0
0
0
0
0
0
0
0
0
0
0
0
0
0
1
0
0
0
1
0
1
0
0
0
0
0
1
1
0
1
0
0
0
0
1
0
1
0
1
0
0
0
0
1
0
0
0
0
0
0
0
0
0
0
0
1
1
0
0
0
1
1
0
1
1
1
0
0
1
0
0
1
0
1
0
0
0
0
0
1
1
0
0
1
1
0
0
1
0
1
0
0
0
0
0
1
1
0
0
1
0
0
1
1
1
0
0
0
0
1
1
0
0
1
0
1
1
0
1
0
1
1
0
0
0
0
1
1
1
1
0
0
1
0
0
1
0
1
0
0
0
0
1
0
1
0
0
1
0
0
1
1
0
0
0
0
1
0
1
0
1
1
0
0
0
1
0
0
0
0
0
0
0
0
1
1
0
0
1
1
1
1
0
0
1
0
1
1
0
1
0
0
1
1
1
0
1
1
1
1
1
0
1
1
1
0
0
1
1
0
1
0
0
0
1
0
0
0
0
1
1
0
1
1
0
1
0
0
0
1
1
1
0
0
0
1
0
1
1
0
0
1
0
0
1
0
1
0
0
0
0
0
0
0
0
1
0
0
0
0
0
0
0
1
0
1
0
0
1
1
0
1
0
0
1
0
0
0
0
0
1
0
1
1
1
0
1
0
0
0
0
0
0
1
0
1
0
0
1
1
0
0
0
0
0
0
1
1
0
0
0
1
1
1
1
0
0
0
1
0
0
0
0
0
1
0
0
1
0
1
0
0
1
0
0
0
0
1
0
1
0
1
0
1
0
1
1
1
1
0
0
1
1
1
0
1
1
0
1
0
0
0
0
1
0
1
1
0
1
1
1
0
0
0
0
1
0
1
1
0
0
0
1
1
0
0
0
0
0
0
1
0
1
1
0
1
1
0
0
0
1
0
0
0
0
0
1
0
1
1
1
0
1
0
1
0
1
1
0
1
1
0
1
0
0
1
0
0
0
0
1
1
1
0
1
0
0
0
1
1
0
1
0
0
0
0
1
0
0
0
0
0
0
0
1
0
0
0
0
0
1
0
0
1
1
1
0
0
0
0
1
1
0
0
1
0
0
0
1
1
0
0
1
0
0
0
1
1
0
1
0
1
0
0
0
0
0
1
0
0
0
0
0
0
1
0
1
0
0
0
0
0
0
0
1
0
0
0
0
0
1
0
1
1
0
0
0
0
0
1
1
1
1
1
0
0
0
0
0
1
0
0
1
0
0
1
0
0
0
0
0
0
1
1
1
1
0
1
0
1
0
0
0
0
1
0
0
0
1
1
0
1
1
0
0
0
1
0
0
0
1
0
0
1
1
0
0
0
0
0
1
0
0
0
0
1
0
0
0
0
1
1
0
1
0
1
1
0
1
0
0
0
0
0
0
0
0
0
0
0
0
0
0
0
0
0
0
0
0
0
0
0
0
0
0
0
0
0
0
1
0
0
0
0
0
0
0
1
0
1
0
1
0
0
1
1
0
0
0
1
1
0
0
0
0
0
1
0
1
0
0
0
1
1
0
1
1
0
1
1
0
0
0
0
1
0
1
0
1
1
0
0
0
1
0
1
0
0
1
0
0
1
1
0
0
0
0
0
1
1
1
1
0
1
1
1
1
0
0
0
0
0
1
1
0
1
0
1
0
0
0
0
0
1
1
1
0
0
0
1
0
1
0
1
0
1
1
1
1
0
0
1
0
0
1
0
1
1
0
0
1
0
0
1
0
0
0
1
0
0
0
0
1
0
1
0
0
1
1
1
0
1
1
0
0
0
0
1
0
0
1
0
1
0
1
1
1
1
1
0
0
0
0
0
0
0
0
0
0
0
0
1
0
0
0
1
0
0
1
0
0
0
0
0
0
0
0
0
1
0
0
1
0
1
1
0
0
0
0
0
0
0
0
1
0
0
1
1
0
0
0
1
1
0
0
1
1
0
0
0
0
0
1
1
0
0
1
0
0
0
1
0
0
1
1
0
0
0
0
1
0
0
0
0
0
1
0
0
0
0
1
0
1
0
0
0
1
0
0
0
1
1
0
1
1
0
0
1
1
0
0
0
0
1
0
1
0
1
0
0
0
0
0
0
0
1
1
1
0
0
0
1
0
1
0
1
0
0
0
1
0
1
1
0
1
0
0
1
0
0
1
0
0
1
1
1
0
1
0
1
0
0
1
0
0
0
1
1
0
1
1
1
0
0
0
1
0
0
1
1
0
0
0
0
0
0
1
1
0
0
1
1
1
1
1
1
0
0
0
0
0
0
0
1
0
0
1
1
0
0
0
0
0
1
0
0
1
0
0
0
0
0
0
0
0
0
0
0
0
0
1
0
0
0
0
0
0
0
1
0
1
0
1
1
1
1
0
1
0
0
1
0
0
0
0
0
0
1
0
1
0
0
0
0
0
1
0
1
1
1
0
0
0
1
1
0
0
1
0
0
1
0
1
0
1
0
0
1
1
1
1
0
0
1
0
1
1
1
0
0
1
0
0
1
1
0
0
0
0
0
1
0
0
0
1
1
0
0
1
0
0
1
1
0
0
1
0
0
0
0
0
0
1
1
0
1
0
0
0
0
1
0
0
0
1
1
0
0
0
1
0
1
1
0
0
1
1
0
0
1
0
1
0
1
0
0
0
1
1
0
1
0
0
0
0
0
0
1
1
0
0
1
1
0
0
1
0
0
0
0
0
0
1
0
1
1
1
0
0
0
0
1
1
0
0
0
0
0
1
0
1
1
0
1
0
0
0
0
0
0
1
0
0
0
1
0
0
0
0
0
0
0
0
1
0
0
0
1
0
1
0
0
0
0
1
1
0
0
1
0
0
0
0
0
0
1
1
1
0
1
0
1
1
0
0
0
0
0
1
0
0
0
0
0
0
0
0
1
1
1
0
0
0
1
0
0
0
0
0
0
1
1
1
1
0
0
0
1
0
1
1
0
0
1
0
0
0
0
0
1
1
0
0
0
0
0
0
0
0
1
1
0
0
0
1
1
0
0
0
0
0
1
0
0
0
0
0
0
0
0
0
0
0
0
0
1
0
1
1
0
1
0
0
0
1
1
0
0
1
1
0
1
1
0
0
1
0
0
0
0
1
0
0
0
1
0
0
0
0
0
0
1
0
0
1
1
0
0
0
0
1
0
0
0
1
0
0
1
1
0
0
0
0
0
0
1
0
1
1
0
1
1
1
1
0
1
0
0
1
0
0
1
0
0
0
0
0
1
0
0
1
1
0
1
0
1
1
0
0
1
0
0
0
0
0
1
0
0
0
0
0
1
0
1
1
0
1
0
0
1
0
0
0
0
1
0
1
1
1
1
1
1
0
0
0
1
0
1
0
1
1
1
0
1
1
0
0
0
0
1
0
0
1
0
1
1
1
0
0
1
0
0
0
0
1
0
0
0
0
1
1
1
0
0
1
1
0
0
0
1
1
1
0
0
0
0
1
0
0
1
0
1
0
0
0
1
1
0
0
0
0
1
1
1
1
1
0
1
0
0
1
0
0
1
0
0
1
0
0
1
0
0
1
1
0
0
1
1
1
0
1
0
0
1
0
0
0
0
0
0
1
0
0
1
0
0
1
1
0
0
1
0
0
1
0
0
1
0
0
1
0
0
0
0
0
0
0
1
0
0
1
1
1
0
0
0
0
0
0
1
1
0
1
0
0
1
1
0
1
0
1
0
0
1
1
0
0
1
1
1
0
0
1
0
0
0
1
1
1
0
0
1
1
0
1
1
0
0
1
1
0
0
0
0
1
1
1
0
0
0
0
0
0
0
1
0
0
0
0
0
0
0
0
1
0
0
0
0
0
1
1
0
0
1
0
0
0
0
0
0
0
0
1
0
1
0
1
0
0
1
1
1
0
1
1
1
0
0
0
0
0
1
0
1
1
1
0
0
1
0
1
1
1
0
1
0
1
0
1
0
1
0
1
0
1
0
0
1
1
1
1
1
1
0
1
1
0
1
1
1
1
1
0
0
0
1
0
0
1
1
1
1
0
0
1
1
1
column 2 4001
2.5
0
0
2.5
0
5
2.5
5
4
4
0
2.5
2.5
1.5
4
0
2.5
2.5
2.5
2.5
2.5
1
0
2.5
0
1
0
1
0
4
4
0
2.5
0
0
2.5
2.5
2.5
1
5
0
2.5
1
0
0
2.5
0
5
0
0
2.5
1
1
0
1
4
1
0
4
2.5
1
2
0
0
4
0
2.5
2.5
2.5
4
2.5
0
3.5
0
1
4
5
1
0
0
1
4
0
5
0
5
2.5
0
0
0
4
4
1
4
2.5
0
4
4
2
2.5
5
0
3
1
2.5
2.5
2.5
1
0
5
1
0
2.5
2.5
5
5
1
0
2.5
1
1
1
2.5
1
1
4
0
3.5
2.5
0
2.5
2.5
1
5
2.5
0
0
0
0
2.5
0
4
0
1
2.5
5
4
2.5
5
0
4
0
4
1
1
0
0
2
4.5
0
0
0
0
4
5
5
0
2.5
2.5
2.5
5
2.5
2.5
4
3.5
0
1
1.5
2.5
2.5
0
1
4
0
1
0
1
1
2.5
2.5
0
1
2.5
1
5
2.5
0
1
2.5
0
3.5
4
2.5
1
1
0
4
0
0
4
0
4
1
4
2.5
4
0
0
1
0
4
1
1
2
2.5
2.5
2.5
5
1
2.5
5
1
1
4
1
0
0
2.5
0
2.5
2.5
4
4
2.5
1
1
0
0
0
5
0
4
1
0
1
3
1
2.5
2.5
1
0
4
5
0
0
5
0.5
1
4
1
1
0
1
0
2.5
4
2.5
4
2.5
0
0
0
0
0
0
0
0
4
2.5
3
0
0
4
0
1
2.5
0
5
2.5
2.5
3.5
0
0
4
0
4
4
2.5
2.5
0
1
1
1
4
0
5
0
2.5
1
1
4
2.5
2.5
1
2.5
4
2.5
2.5
2.5
0
0
0
0
2.5
0
0
2.5
2.5
1
0
0
4
2.5
0
4
0
1
1
4
1
2.5
0
4
1
1
5
0
4
2.5
1
0
1
4
2.5
2.5
4
4
0
2.5
2.5
2.5
2.5
5
2.5
2.5
0
0
0
2.5
4
4
2.5
5
1
4
0
0
0
1
2.5
3.5
4
1
0
2.5
5
4
1
1
0
1
1
1
1
5
0
0
5
1
1
5
0
2.5
0
1
4
0
1
1
0
0
1
2.5
0
5
2.5
1
5
1
2.5
2.5
1
2.5
0.5
2.5
2.5
0
0
2.5
0
2.5
1
0
1
2.5
0
4
0
2.5
1
1
1.5
2.5
1.5
2.5
0
1
1
1
0
0
0
4
0
1
0
0
0
1.5
2.5
2.5
2.5
4
2.5
1
4
0
0
5
4
1
2.5
2
2.5
2.5
4
5
2.5
1
1.5
2.5
2.5
0
2.5
0
2.5
0
1
0
2.5
0
5
0
4
2.5
1
4
4.5
1
1
2.5
0
0
2.5
1
4
0
0
1
0
5
2.5
0
0
2.5
2.5
5
1
1
2.5
1
5
0
4
4
0
2.5
2.5
1
0
2.5
5
2.5
0
2.5
0
2.5
2.5
0
1
1
1
0
5
1
4
1
0
0
4
5
5
1
2.5
0
0
4
2.5
5
4
0
0
4
5
5
0
1
2.5
2.5
1
2.5
1
0
4
0
4
4
5
4
1
0
2.5
0
1
0
0
2.5
0
0
2.5
2.5
3
0
0
5
2.5
4
0
0
2.5
0
2.5
1
2.5
2.5
1
2.5
2.5
0
2.5
0
1
2.5
0
2.5
2.5
1
3
5
0
0
0
2.5
0
0
5
2.5
0
0
0
2.5
1
0
0
2.5
2.5
0
1
1
0
2.5
2.5
4
2.5
0
5
1
2.5
3.5
4
0
1
0
2.5
1
0
0
0
0
0
1
3.5
1
0
4
2.5
4
2.5
0
1
4
2.5
4
0
1
2.5
0
1
2.5
1
2.5
0
0
2.5
1
0
2.5
0
0
0
4
0
0
1
2.5
4
4
0
4
2.5
2.5
4
1.5
2.5
1
5
0
1
2.5
4
1
2.5
5
4
2.5
1
1.5
2.5
2.5
4
4
1
2.5
5
1
2.5
0
2.5
0
0
4
4.5
2.5
1
0
2.5
4
4
0
2.5
1
0
0
1
0
2.5
0
5
2.5
0
5
0
1
0
0
2.5
2.5
0
2.5
0
0
0
2.5
4
2.5
1
0
2.5
1.5
0
4
2.5
2.5
0
0
2.5
2.5
2.5
0
2.5
2.5
0
4
1
4
1
0
0
1
0
4
2.5
0
4
0
5
0
0.5
2.5
4
2.5
2.5
1
2.5
2.5
4
4
0
5
2.5
0
0
2.5
0
0
0
5
0
0
1
2.5
1
2.5
0
0
4
4
0
0
2.5
1
4
1
0
2.5
1
0
0
0
4
0
0
0
2.5
1.5
1
2.5
1
0
2.5
5
0
2.5
1
1
2.5
2.5
1
0
1
0
5
0
2.5
0
2.5
0
4
4
2.5
4
2.5
4.5
2.5
1
2.5
2.5
0
1
4
0
1
2.5
2.5
4
4
5
0
0
0
0
4
5
0
5
2.5
2.5
0
0
1
0
2.5
2.5
0
4
1
0
1
0
0
4
4
0
1.5
2.5
1
0
1.5
4
1
5
2.5
0
1
1
2.5
1
0
0
2.5
5
2.5
2.5
0
1
4
4
0
1
5
4
4
0
4
2.5
2.5
2.5
2.5
0
2.5
2.5
0
5
0.5
2.5
0
0
5
2.5
5
0
0
0
0
2.5
1
1
0
0
2.5
0
2.5
1
4
0
0
2.5
1
5
5
1
2.5
2.5
0
4
1
1
4
0
4.5
1
1
1
4
2.5
4
4
5
4
2.5
4
0
1
0
4
0
0
2.5
0
1
1
0
2.5
2.5
0
2
0
2.5
1
1
0
0
0
2.5
4
0
0
0
0
4
4
2.5
1
0
2.5
1
4
0
0
1
2.5
0
1
0
5
0
0
1
2.5
4
2.5
0
2.5
0
4.5
1
4
0
5
4
2.5
4
5
0
0
1
0
5
2.5
4
0
2.5
4
1
2.5
2.5
1
0
1
1
0
1
4
2
0
0
4
0
2.5
1
2.5
4
0
0
5
2.5
0
0
5
2.5
2.5
3
0
1
2.5
0
0
0
5
5
2.5
0
1
0
0
2.5
2.5
1
2.5
1
2.5
0
0
4
0
0
1
1
4
2.5
0
1
2.5
1
0
0
2.5
0
5
0
0
0
0
0
2.5
0
0
4
0
2.5
2.5
0
1
1
0
4
1
1
1
4
4
0
0
2.5
0
1
1.5
1
4
5
2.5
2.5
0
4
5
1
4
2
0
0
4
2.5
4
0
2.5
1
0
4
4
0
2.5
2.5
1
2.5
4
2.5
1
1
1
1
2.5
2.5
4
2.5
1
1
1
0
5
1
1
2.5
2.5
1.5
2.5
1
0
5
2.5
0
3
0
0
0
2.5
2.5
1
1
2.5
0
0
1
1
4
0
2.5
5
1
0
2.5
4
0
0
0
0
5
2.5
0
0
0
2.5
0
0
1
0
1
1
5
2.5
5
1
0
0
1
4
2.5
2.5
0
2.5
0
0
2.5
0
2.5
5
0.5
1
0
0.5
1
2.5
4
5
4
1
4
2.5
4
0
3.5
2.5
0
0
0
0
1
1
2.5
1
2.5
2.5
2.5
2.5
2.5
0
4
1
0
0
2.5
1
4
1
0
0
2.5
0
1
3
0.5
2.5
5
5
2.5
5
0
1
5
0
0
0
0
5
0.5
1
2.5
4
2.5
0
0
1
0
1
5
1
0
0
4
4
4
0
0
1
2.5
4
1
4
0
1
2.5
0
2.5
0
2.5
2.5
0
4
0
1
2.5
0
0
0
1
1
2.5
2.5
2.5
5
0
0
2.5
5
1
0
0
1
2.5
1
1
2.5
0
0
1
0
5
0
5
2.5
2.5
5
0
0.5
0
2.5
4
2.5
0
1
2.5
2.5
2.5
2.5
2.5
0
4
2.5
1
0
2.5
2.5
2.5
2.5
0
2
0
4
2.5
2.5
2.5
3.5
4.5
0
4
1
4.5
4
4
2.5
2.5
0
5
0
0
1
0
1
0
1
1
1
2.5
0
0
5
0
4
1
5
1
0
2.5
0
2.5
0
4
4
2.5
4
0
2.5
0
0
2.5
1
2.5
2.5
1
2.5
0
0
5
2.5
1
0
0
2.5
1
1
5
2.5
4
0
2.5
1
0
2.5
1
0
0
2.5
0
2.5
2.5
4
1
2.5
0
4
2.5
0
2.5
1
2.5
0
5
2.5
4
5
2.5
2.5
0
4
1
4
0
0
0.5
0
2.5
1
0
0
4
2.5
0
5
4
5
2.5
4.5
1
0
1
4
1
1
2.5
1
0
2.5
0
1
1
2.5
2.5
0
2.5
0
1
4
1
4
0
5
2.5
0
0
5
4
2.5
0
1
4
1
2.5
2.5
1
0
3
1
1
0
2.5
1
0
2.5
0
2.5
0
5
0
2.5
2.5
1
0
2.5
0
0
4
0
2.5
2.5
1
1
0
1.5
2.5
5
4
4
1
0.5
2.5
0
3
0
2.5
2.5
0
1
2.5
1
0
2.5
4
1
1
1
1
2.5
1
4.5
2.5
1
0
1
2.5
0
1
5
4.5
1
4
1
0
1
0
2.5
0.5
2.5
0
2.5
0
5
1
1
2.5
0
2.5
5
0
2.5
0
0
1
0
0.5
0
2.5
0
4
4.5
2.5
1
1
5
1
0
0
4
4
2.5
2.5
4
1.5
5
2.5
1
0
0
0
3
2.5
0
0
1
0
1
1
0
2.5
4
2.5
4
1
4
2.5
0
2.5
0
2.5
0
2.5
4
0
0
1
4
4
0
1
0
4
1
1
1
1
4
1
4
1
2.5
2.5
1
0
1
3.5
2.5
0
1
1
0
2.5
0
1
5
4
0
0
4
0
0
1
0
0
4
1
2.5
4
0
1
0
1
0
1
0
2
0
5
0
1
0
0
2.5
2.5
3.5
0
0
2.5
5
1
0
4
2.5
0
2.5
4
4
0
1
2.5
5
4
0
4
4
0
4
2.5
1
4
2.5
2.5
4
2.5
1
0
0
2.5
0
0
1
0
1
0
0
1
0
0
1
4
0
1
0
2.5
4
0
5
1
2.5
0
5
2.5
0
2.5
2.5
2.5
1
0
0
1
2.5
1
5
4
4
3.5
0.5
0
0
0
2.5
4
5
1
2.5
0
0
0
1
5
4
5
0
2.5
1
2.5
0
2.5
2.5
4
0
0
0
0
2.5
1
4
4
4
1
5
4
0
0
4
2.5
4
0
3.5
4.5
1
2.5
0
0
0
4
2.5
2.5
1
1
0
5
0
4
5
3.5
0
4
2.5
0
1
2.5
2.5
2.5
0
2.5
1
0
0
2.5
2.5
0
0
4
0
1
2.5
4
1
1
2.5
5
0
2.5
4
0
0
2.5
0
0
0
2.5
0
4
1
4
2.5
5
0
1
2.5
2.5
0
4
0.5
0
4
0
4
1.5
2.5
5
4
0
1
1
4
2.5
2.5
3
0
2.5
4
0
0
1
0
4
0
1
2.5
4
2.5
5
0
4
4
2.5
5
2.5
2.5
2.5
2.5
1
1
2.5
0
0
2.5
0
5
2.5
0
0
0
2.5
4
4
1
3
2.5
0
3.5
1
2.5
0
3.5
0
1
0
0
1
0
2.5
2.5
4
0
1
2.5
0
4
0
4
5
2.5
2.5
0
0
1
4
1
0
2.5
1
4
2.5
2.5
1
2.5
2.5
0
5
0
5
2.5
2.5
0
2.5
0
1
0
2.5
1
0
4
2.5
1
1
1.5
2
0
0
2
1
1
0
0
2.5
3.5
1
1
0
0
2.5
1
0
2.5
2.5
2.5
4
0
1
0
0
4
0
2.5
2.5
4
1
2.5
4
0
1
4
2.5
1
0
0
0
1
1
1
2.5
0
2.5
0
4
2.5
1
1
2.5
1
1
5
2.5
0
0
0
2.5
0
0
0
0
1
0
0
5
0
0
2.5
1
5
2.5
2.5
2.5
2.5
0
2.5
1
0
5
5
0
2.5
1
1
0
2.5
3.5
5
2.5
4
0
4
0
1
1
2.5
1
2.5
0
3.5
2.5
2.5
2.5
4
2.5
4
1
2.5
5
2.5
2.5
2.5
0
2.5
2.5
3.5
2.5
5
2.5
1
2.5
2.5
1
2.5
0
0
2.5
0
2.5
0
0
5
2.5
0
0
0
0
2.5
2.5
5
4
2.5
0
0
4
0
0
0
2.5
4
0
4
1
2.5
2.5
0
4
0
0
4
3.5
4
1
1
0
2.5
2.5
0
0
4
5
5
1
1
2.5
0
1
2.5
2.5
5
0
4
5
2.5
0.5
1
2.5
4
5
1.5
2.5
2.5
0
0
1
0
0
0
3
2.5
4
2.5
1
0
4
1
0
2.5
0
2.5
1
4
2.5
1
4
2.5
2.5
2.5
1
0
0
5
2.5
1
5
0
2.5
1
1
2.5
0
5
4
2.5
4
1
5
4
5
4
1
2.5
0
0
2.5
2.5
1
2.5
1
0
2.5
1
4
2.5
2.5
2.5
1
2
1
1
1
1
0
1
0
0
1
2.5
1
0
5
0
0
1
5
0
0
4
0
2.5
0
2.5
0
1
0
1
4
1
2.5
2.5
2.5
1
0
0
2.5
1
2.5
2.5
2.5
2.5
2.5
2.5
2.5
0
0
0
0
2.5
0
0
0
0
2.5
2.5
0
0
2.5
4
3.5
4
0
1
3
0
5
1
5
0
1
0
2.5
0
0
0
2.5
1
0
2.5
2.5
2.5
2.5
0
0
1
0
0
5
5
0
0
0
4
4
0
4
5
0
0.5
2.5
1
0
1
0
0
4
2.5
1
2.5
4
0
2
2.5
4
2.5
2.5
2.5
0
0
2.5
2.5
1
0
0
1
0
0
3.5
4
1
2.5
0
2.5
1
1
2.5
0
0
0
1
2.5
2.5
1
4
0
5
0
2.5
1
0
2.5
2.5
2
4
3
0
1
1
0
0
0
2.5
4
1
1
0
0
0
4
5
0
1
2.5
2.5
0
0
0
0
2.5
4
2.5
1
0
4
4.5
0
4
3
1
4
2
0
2.5
0
0
2.5
0
1
5
0
5
0
2.5
1
2.5
2.5
4.5
0
1
1
0
4
2.5
1
1
4
0
5
0
0
2.5
2.5
2
0
4
0
2.5
1
0
1
4
0
2.5
2.5
1
0
4
0
0
0
2.5
2.5
2.5
0
0
0
1
1
1
0
2.5
0
2.5
0
1
5
2.5
0
2
2.5
1
0
0
0
2.5
0
0
0
5
4
0
2.5
0
1
4
0
0
2.5
2.5
1
5
4
2.5
1
1
2.5
2.5
2.5
1
4
1.5
2.5
1
1
0
2.5
2.5
0
4
2.5
0
4
0
0
5
0
0
2.5
1
1
2.5
0
2.5
2.5
2.5
2.5
0
5
5
1
2.5
2.5
1
0
5
2.5
2.5
4
4
5
1
0
1
1
4
2.5
5
1
1
4
4
2.5
1
4
0
4
2.5
2.5
0
0
2.5
3.5
1
3
1
5
0
2.5
2.5
0
1
1
1
0
0
0
0
2.5
5
2.5
1
3
4
0
0
2.5
4
1
0
4
0
0
2.5
2.5
0
4
0
4
0
0
1
2.5
2.5
0
2.5
2.5
3.5
0
4
0
0
4
0
1
1
4
5
1
2.5
2.5
4
0
5
5
2.5
1
2.5
1
1
0
1
0
2.5
2.5
0
2.5
1
4
2.5
1
2.5
1
2.5
4
0
1
4
1
4
2.5
2.5
0
0
0
2.5
1
4
1
1
5
1
0
4
2.5
4
1
1
2.5
0
0
0
2.5
2.5
1
0.5
2.5
1
0
4
0
0
4
4
0
0
4
1
0
4
0
2.5
0
2.5
0
2.5
4
4
1
1
1
2.5
0
2.5
4
1
0
5
5
0
2.5
2.5
2
4
4
0
2.5
0
0
0
2.5
1
0
0
0
0
1
0
2.5
0
2.5
5
1
4
0
0
0
2.5
4
1
0
2.5
2.5
0
5
1
2.5
0
1
0
4
2.5
4
0
0
0
4
1
2.5
2.5
0
1
0
2.5
0
2.5
0
0
0
4
1
1
2.5
2.5
0
0
4.5
2.5
0
1
0
2.5
2.5
1
2.5
4
2.5
0
1
0
0
0
3.5
2.5
2.5
0
2.5
2.5
1
4
0
0
5
1
1
2.5
5
5
1
2.5
1
1
1
1
0
0
3
5
3
0
2.5
2.5
0
1
4
2.5
2.5
0
5
1
2.5
2.5
0
2.5
0.5
0
0
2.5
3.5
4
0
0
0
3
1
2.5
0
2.5
0
1
2.5
4
4
2.5
0
0
1
2.5
0
0
1
2.5
0
1
0
0
1
0
5
0
4
2.5
0
2.5
1
3.5
1
2.5
0
2.5
1
2.5
4
4
2.5
5
0
1
0
1
2.5
1
1
0.5
4
0
2.5
2.5
2.5
1
4
1
1
5
0
0
4.5
1
2.5
0
3
4
0
2.5
4
2.5
0
2.5
1
1
0
1
5
4
4
1
0
2.5
1
0
2.5
2.5
4
0
0
2.5
0
1
0
0
0
2.5
2.5
1
5
1
0
0
1
0
1
0
2.5
0
2.5
2.5
2.5
2.5
2.5
5
1
1
0
2.5
0
2.5
1.5
1
1
5
2.5
0
0
1
2.5
0
2.5
4
1
0
0
0
1
2.5
4
4
1
0
2.5
0
3.5
4.5
0
0
1
4
1
2.5
0
4
0
1
0
0
2.5
4
0
0.5
1
3.5
2.5
0
2.5
4
5
2.5
2.5
2.5
1
0
2.5
1
1
2.5
0
4.5
2.5
3.5
2.5
0
2.5
1
4
0
5
1
4
2.5
0
0
0
1
2.5
0
2.5
4
1
5
2.5
2.5
1
5
1
0
1
2.5
1
0
0
2.5
1
2.5
1
2.5
4
2.5
2.5
0
2.5
0
2.5
0
1
2.5
0
2.5
5
1
1
4
0
0
5
1
4
1
1
4
5
2.5
0
4
1
2.5
2.5
0
2.5
2.5
2.5
4
0
1
1
2.5
2.5
0
0
2.5
0
0
1.5
1
0
2.5
0
1
0
2.5
1
5
0
1
0
2.5
2.5
1
0
0
0
2.5
4
1
2.5
0
4
0
2.5
0
2.5
0
0
0
0
2.5
1
1
2.5
0
1
1
0
2.5
0
1
2.5
0.5
0
5
0
2.5
4
0
5
2.5
1
1
0
4
1
0
0
2.5
0
4
1
1
4
4
4
1
2.5
2.5
0
4
0
5
2.5
1
1
0
5
4
1
4
2.5
0
2.5
1
0
2.5
0
0
2.5
2.5
1
2.5
0
0
1
4
0
0
0
2.5
2
5
0
1
2.5
2.5
2.5
1
1
1
4
1
0
1
0
0
1
1
2.5
1
0
5
2.5
0
5
3
2.5
3
2.5
2.5
1
4
2.5
1
2.5
2.5
0
1
0
4
2.5
0
0
0
0
1
4
0
2.5
5
5
2.5
0
1
5
0
2.5
0
2.5
2.5
0
0
1
2.5
2.5
1
2.5
4
0
1
0
0
4
4
0
0
2.5
1
5
2.5
2.5
1
0
2.5
0
1
0
0
2.5
2.5
0
2.5
1
1
4
0
0
4
5
1
0.5
2.5
1
1
0
2
5
5
4
0
2.5
4
2.5
0
4
0
0
0
3.5
2.5
4
2.5
0
0
0
2.5
2.5
4
5
1
1
1
4
2.5
4
0
2.5
0.5
1
0
0
0
0
0
2.5
1
4.5
2.5
0
2.5
0
2.5
5
2
1
0
4
0
2.5
1
2.5
0
1
1
4
1
1
2.5
2
3.5
0
0
0
2.5
0
1
0
4
1
4
2.5
0
1
0.5
1
4
4
2.5
3
0
0
1
0
2.5
0
1
0
4
0
2.5
0
5
0
2.5
2.5
1
0
0
2.5
0
0
0
0
0
1
2.5
0
1
4
5
1
0
0.5
0
0
2.5
2.5
1
2.5
1
4
1
0
0
2.5
2.5
2.5
0
1
4
0
2.5
1
0
1
1
4
0
4
4
0
2.5
0
2.5
2.5
1
4
2.5
0
2.5
0
4
1
0
0
2.5
0
0
2.5
5
1
2.5
2.5
4
2.5
0
0
2.5
0
0
4
0
0
1
5
0
4
1
0
2.5
0
1
0
2.5
2.5
4
0
4
2.5
5
0
0
5
0
2.5
0
0
1
1
1.5
0
0
2.5
0
4
1
2.5
5
3
2.5
0
4
1
1
0
2.5
0
0
1
2.5
2.5
2.5
1
5
0
0
2.5
4
4
4
0
0
2.5
2.5
0
0
2.5
4
0
2.5
0
1
2.5
0
2.5
2.5
2.5
0.5
1
1
0
1
4
0
0
4
2.5
2.5
2.5
1
0
0
2.5
0
2.5
2.5
2.5
0
2.5
0
0
0
2.5
0
1
0
0
4
0
2.5
2.5
0
0
1
4
0
5
0
0
5
2.5
0
0
1
1
4
5
1
1
2.5
1
2.5
2.5
2.5
2
0
5
0
2.5
2.5
2
0
5
5
0
0
0
2.5
2.5
2.5
2.5
0
1
0
1
4
0
1
4
2.5
3.5
0.5
1
0
1
0
2.5
4
2.5
0
2.5
2.5
5
0
0
0
2.5
0
1
2.5
1
0
1
1
0
1
0
1
0
0
2.5
0
1
0
2.5
0
0
0
1
4
0
0
1
2.5
1
2.5
2.5
0
1
2.5
2.5
4
2.5
1
2.5
4
2.5
4
2.5
4
2.5
2.5
0
0
2.5
1
0
1
1
2.5
1
2.5
4
0
0
2.5
4
0
1
2.5
0
0
2.5
0
4
1
1
2.5
0
1
2.5
2.5
2.5
5
2.5
0
2.5
2.5
2.5
0
0
5
1
0
0
4
0
2.5
0
1
1
3
4
0
0
0
0
2.5
2.5
4
0
1
4
0
0
0
4
2.5
1
0
0
2.5
2.5
0
4
2.5
4
4
2.5
1
4
2.5
2.5
2.5
2.5
0
4.5
2.5
2.5
2.5
0
1
0.5
1
0
0
0
0
3.5
0
1
2.5
5
4.5
0
2.5
0
0
4
2.5
4
5
0
0
4
0
2.5
2.5
1
2.5
2.5
2.5
0
4
1
0
2.5
2.5
0
1
2.5
4
1
2.5
0.5
4
0
0
2.5
1
0
2.5
1
4
0
2.5
2.5
4
0
0
2.5
0
5
4
column 3 4001
3.42638421
-2.1665113
-3.19598007
-3.34885383
-3.19047642
-3.02485418
-3.57184887
-2.31289864
-2.40210319
-3.18789387
-3.52826381
-2.24966049
-2.6780107
-2.96277976
-3.27668071
-2.96971416
-2.90899658
2.82588959
2.41478801
-3.0781877
-2.69774055
3.00821614
2.57749081
2.38042235
-3.12191629
2.33763123
-3.25527072
-2.74771571
2.79366636
2.427459
2.67279673
3.34858704
2.27132368
-2.13745165
2.92107463
3.06098485
2.57183242
3.6012969
-3.62993002
2.75820637
-3.07207513
2.9122417
2.74538183
-3.46721458
-3.02912331
-3.22070575
-2.78500891
3.99645734
-2.82197571
2.27207851
2.77402973
3.11105967
-3.03075838
2.56023359
3.48049188
-3.18401217
-3.39121437
-3.6273725
2.62509274
3.41807914
-2.60489202
-3.43057728
-3.59019995
3.27093363
3.09999514
-2.22930217
-3.14864588
-2.58844376
2.90565515
-2.00046325
-3.03782916
2.79751825
-3.39485025
-2.11290431
3.31785274
-2.94534492
-2.92934275
-2.52658296
3.07449102
2.80788708
-3.04501557
-2.86310053
2.69849539
-3.01548362
-2.90297937
2.41760254
-2.82316208
2.42401075
-2.71774864
-3.34501171
-2.27712035
2.47059798
3.13419557
3.26730895
-2.98725486
-2.93698978
3.44631696
-2.43868947
3.34053469
-3.09858203
-2.98282361
-2.99341297
3.08999133
-3.02437449
-2.68546104
3.3807373
3.0992229
3.03423262
2.86045289
2.69413805
2.33781481
4.0623436
-2.79656553
-2.26574969
2.94761705
-3.33085203
-3.0486443
-3.20936799
3.07082009
-2.88915801
2.87032676
3.03035712
-2.35972857
2.97474408
-2.90283608
-2.91588211
-3.34152627
-2.43057942
-3.23744702
2.55313754
-3.35877705
2.83648658
-2.82755923
2.5294404
-2.9545424
2.96004272
-3.45106506
3.78003526
-2.84243608
3.45825076
-3.73736382
2.75441003
-3.69605303
-3.79510021
3.03464484
-3.30141997
3.6314683
-3.88067842
-2.93977761
3.39031339
2.84812832
-2.74889827
-3.2802577
-2.45390725
-2.58946466
-2.6825614
-3.25753427
-2.95338178
3.24818873
3.4807775
-3.29848409
2.76011062
-3.31953049
1.93880117
-1.85586607
-3.39449644
3.1636529
-3.33122444
3.13133907
3.26832366
3.33826423
-2.27838302
-2.74986577
-2.51152349
3.25829935
-3.11794281
2.57949686
-2.44998598
2.55761075
-3.38202405
3.49890304
-3.24513745
-3.12539124
-3.41195989
-3.27709556
2.99561763
2.69332719
2.93260717
2.70755768
-3.41407251
2.54019094
2.57356429
-2.77992201
-2.8393476
-2.26830244
2.38373613
-3.28662276
3.2692194
3.80783033
3.47420883
-2.80346727
-2.51194501
3.66977763
3.3228898
-3.60808825
3.11531115
2.92661357
-4.17891169
3.14720798
3.14608002
2.91321826
-3.40997291
3.34557796
2.47853875
2.86313438
-3.07615137
3.41150784
-2.77690053
2.93515944
2.51839352
-2.85269237
3.34115076
2.89843225
2.84531307
-2.23351455
3.15986562
2.80389977
-3.37523937
2.80284524
-2.85954285
2.51037192
3.10040474
-2.6590445
-2.69716358
-2.89988112
-3.35752487
2.76735067
-3.58426166
2.18082619
2.98929071
3.53514075
-2.78049898
3.12537503
-4.05668497
2.38250184
2.60726833
2.90890288
3.06130052
2.90959525
-2.98691416
-3.07569861
2.92984581
2.72601676
-3.45186734
-2.88009691
-2.57002401
2.84335804
-3.26735854
-2.3736701
3.11735773
-3.25239873
-3.12337971
2.93010902
2.87162232
3.46219587
3.02733684
3.01286006
-2.44837379
-2.6784873
-3.17893195
-4.70213652
2.63547206
-2.48518729
3.31777811
-2.80624318
2.82765651
3.05154777
-3.16295242
3.26208544
3.90794897
-2.44426584
3.08819675
-2.65155482
-2.76359391
2.77979708
2.38347459
-3.08157349
2.35842681
3.17154169
-3.14985728
2.98172283
-2.89128995
-2.99065638
3.26568055
3.06431222
3.29029727
2.80665994
-3.11223435
-3.14271164
-3.28044534
-3.70137644
-2.78204966
-3.32646656
-2.96527171
-2.91935015
-2.97659111
-2.52546167
-3.16028666
2.64810348
2.43525124
3.23715115
2.61871219
-3.49356294
3.57098866
-3.39666414
-3.05158043
2.02619267
-3.08227587
3.13548398
2.83836174
-3.0707531
3.4376204
3.37420797
2.99712348
-2.89727998
2.90307689
-2.39164066
2.47668219
-3.55101776
2.93628645
-3.26810384
-3.13443804
2.94979453
2.80406761
-2.88996625
3.37688136
2.72353721
-3.48285675
-2.8879869
-3.2078445
-3.25701261
3.23559618
-3.12236762
-2.79603243
-2.3006916
-2.94558644
2.47680211
2.99495792
-2.7348721
2.9831996
2.99996614
-2.755373
-2.92482328
-3.27203393
-3.40962696
3.24715996
3.01374817
2.40091085
2.98965502
-2.78222156
-3.30404854
3.21129107
3.01083422
2.75174093
-2.74311137
-2.84358859
-2.91723013
2.82205009
3.70075202
2.36475945
-3.36294031
-2.92764568
-2.87407851
-3.56740546
2.86233616
3.33352327
2.56863403
-2.7065587
3.059062
3.3391304
2.61368442
-2.94114614
-3.06994843
2.9365232
-3.44346809
-3.63166237
-2.65534711
3.72608805
-2.94690752
3.50891113
3.08033633
-3.3933506
3.48403168
-2.37317538
-3.11464357
3.88862157
-2.5933392
-2.71664047
3.139853
2.90194201
-3.67179132
-2.81620693
3.16377211
2.86907411
-2.90218949
2.47966385
-3.01621175
2.90736294
-3.12511706
2.59512329
3.13000488
-3.14479232
-3.349015
-2.90299749
2.48250532
-2.61960983
3.48387337
3.80340767
3.20217276
-2.96961951
-3.37673664
-3.60675526
-2.87037444
-2.35179615
-3.24044633
3.73652649
3.23192334
-2.25774479
-3.16438961
2.45433664
-2.61351252
-3.14260149
2.80808687
-3.03459382
-3.4607904
-2.675354
2.9099164
-2.43655133
3.98435354
2.59673548
2.38764691
2.92199826
-2.71162724
-2.9788003
3.29024887
2.46290541
-3.05751824
-3.16305518
-2.88184404
-3.33576918
-3.00671172
-3.17031908
2.65618849
3.29979682
3.52201772
-3.16540027
2.89171147
3.39632297
-2.6456027
3.60818267
2.78619146
3.82145119
3.08119321
3.28315067
3.3217473
-2.76035738
3.24540567
-3.3053205
-2.86447263
3.28571224
3.4060719
-3.31066012
2.46010566
3.00531745
3.27085948
2.66223359
-2.98182034
2.93555546
3.1393671
3.27494526
3.93573022
2.92410159
2.79827046
2.81489897
3.03068924
-2.89904475
-2.9495368
3.18239999
-2.68079948
2.26927328
-3.73181033
2.89259148
-3.13229299
-2.50315404
-3.13874435
-3.05286646
-2.50917816
2.18441319
-3.31196856
2.88635039
2.72126198
3.30550289
3.0113945
1.99647558
-2.39100981
3.27888608
-2.62098622
-2.87784028
3.0482893
2.63636947
-3.38750339
-3.44829059
3.40420961
-3.41129994
-2.93011212
-2.71942782
-2.6126461
2.42456794
-2.94989204
-3.57424212
2.43665552
-3.42662835
2.98418427
3.382936
3.01100373
3.26568151
2.65502572
-3.22174096
3.09716892
3.45524335
3.49868584
-1.83024096
2.84066296
3.2613399
-3.12678218
3.53946209
-3.16858339
-2.70131731
-3.03966403
-3.09429741
2.2999773
3.51629686
-3.33110428
-2.31319141
-3.03106976
3.0328052
-3.91172385
-2.79957247
2.8360858
-2.88246393
2.64587045
-3.53186917
3.35214901
-3.15704823
-2.82675171
2.79358745
2.71209431
2.8030498
-3.30549717
-3.90156913
-2.99596953
-2.56379151
3.18911839
3.08031726
2.91461897
2.30476665
-3.29918742
2.41214609
-2.840554
-3.26836514
-2.62925959
-3.13674331
-2.35301328
-2.19617081
-2.24698615
2.96298528
-2.1675179
-3.66586518
3.70008802
2.92544842
2.41200948
-2.61429119
2.53924727
-2.49838352
3.59658694
3.14573479
-2.44118834
-3.41989684
-3.24172187
-3.02159333
-3.03787923
2.7688601
-2.62295747
-2.90728545
2.63486457
3.21214032
-3.62064552
-3.28774667
-2.84054899
2.84733748
2.43328261
-3.38015819
2.73584723
3.6941092
2.62439489
3.32489038
2.89558077
-2.99963665
-3.09265041
3.34662533
3.21645212
-2.50748038
3.15547848
2.42815685
2.95837665
-3.57335401
-3.41159225
2.92511964
2.51759672
3.52553582
-2.73293066
3.33471894
-2.52557802
3.18960547
2.94877911
2.39642739
-3.31009459
-3.86249328
2.91487598
-2.91596675
2.78547144
-2.77058053
3.0593307
-3.2854743
-3.43300462
2.98762631
-2.91782379
2.83646393
-3.22558212
-3.07367039
2.31719041
3.80041671
-3.24994874
-2.90595055
2.67370701
-2.9821291
-3.38570023
2.52147102
2.8009243
3.26266241
2.34797215
-3.19753528
-2.40028834
2.64180493
3.01946497
-2.40082932
-2.72077823
-3.29767847
-3.1578052
3.09357095
2.79564881
-2.95476842
2.26578927
-2.08863306
-3.20127225
3.07238293
3.2040782
-3.36727166
-3.23287582
2.59966183
-2.74920702
-3.57031393
-2.41953516
2.987005
-3.02066875
-2.99644899
-3.18251657
3.36279488
-2.67143273
3.05863166
3.25783038
-2.4215312
-3.29442239
2.06606746
-3.06544828
2.54166675
2.69594359
3.63213634
-2.55073142
-2.3821876
-3.19978642
3.10176516
-3.21389341
-3.17677569
3.06683588
-3.35084701
2.99268532
2.97144938
-2.3008945
3.74485898
-2.5967536
3.75874543
2.84636021
3.21595502
-3.07029748
-2.26948452
-3.38378572
3.19529152
-2.75183105
3.20295787
2.41786861
3.1175611
3.80809474
-3.37250543
2.35299134
-3.2483542
-2.5966897
-3.41725063
2.8524859
-3.16264629
-2.66471386
2.66356635
2.716326
-2.88338137
2.62436724
-2.42614102
-3.03214741
-3.95689702
-2.66352439
3.4447732
1.87384224
-3.02998853
-3.07887316
2.93383145
-2.09692955
3.16187406
-3.25229096
2.8929832
-2.78844357
2.99102926
3.48884559
3.07852626
3.01342583
-2.71786928
-2.69994354
-2.81573844
-3.04331636
-3.10323811
-3.24308658
3.69198394
3.02893639
-2.90982485
-3.39566088
3.52481103
-3.46675062
3.20631647
3.49555731
-3.39435577
3.00133801
-3.26183248
-3.01437807
-3.39496255
-2.93642306
2.72054935
-3.22056341
-2.57586908
2.79699063
-2.49986386
-2.98618269
3.74501276
3.15791583
3.60661459
-2.59198046
-3.01059318
3.44053102
3.00679898
-3.46887374
2.81590152
3.18194056
3.27511525
2.26898098
-2.56790853
2.55667567
-3.18662095
-3.44988751
-3.29430151
2.60968494
-2.89541984
2.79881477
-3.49273705
-2.98324871
-3.43082118
3.04249263
-3.01189828
-3.65110493
-2.89091754
3.49933577
2.72269821
2.609869
-2.62973952
-2.41091204
-2.83969212
2.69661117
2.77406478
-3.07332015
3.10562134
-3.37962174
-3.02274609
-3.26881909
2.92680836
-3.75662684
-3.03634644
2.60475683
3.31256032
2.99623585
3.54635978
3.43340015
-2.80275035
3.09751248
-2.99547577
3.26209569
-2.94868445
2.64375973
-2.82126713
-2.84116983
3.00544333
2.63446093
2.68016791
2.52730131
3.75137329
-2.50287175
3.21101093
-3.65713048
2.45426846
1.8295095
-3.08827376
2.9344449
-3.35387087
3.63107848
-3.17197895
-2.8092742
-2.86149931
3.24676394
2.40495276
-3.97653985
-2.29906082
-3.2131145
-2.09358573
2.47858882
3.48195052
2.50404811
-3.09703612
3.49954581
2.99237704
-2.83956099
-2.3385489
-3.319139
3.1560514
3.12401056
-3.10699749
2.75773692
2.64378238
2.7264545
-3.78219151
-3.52285719
3.30173659
-2.73073387
2.50791764
2.86090946
-3.62166834
-3.15633082
-3.28128648
3.22418642
2.33324432
2.40130806
-2.70148492
-3.18130159
2.78422928
-3.14873052
2.83880186
3.26522398
-3.38588738
-3.35402489
2.52632475
-2.15349245
2.2540772
3.28435302
-2.61994147
2.72773933
3.96386766
2.97639132
2.83792639
-2.5099225
-2.82312107
-2.68420506
2.26810098
2.88260365
-2.7550633
2.55304718
3.01730323
3.28526115
-3.20771098
-3.06078672
3.5600605
-2.5556879
2.83581877
2.53875041
-2.9067924
3.33947349
2.93177772
2.27691936
-2.83803821
-3.08689475
-2.37203598
-2.76513243
2.7386148
3.66701007
-3.41578126
3.21465516
2.71755743
2.73407745
-3.10994458
2.71826696
-3.28816795
3.03016019
3.40783334
3.37233114
-3.37421799
-2.79143047
3.20306468
-3.15022159
-2.90788031
-3.2325182
-3.33457971
-3.35628128
-2.82971191
2.96105552
2.93990064
2.93914032
2.88577724
3.96383142
-2.54901505
-2.3540628
2.98942184
2.09877706
-3.16655922
-3.50502229
-3.01766658
-3.00503707
-3.46142817
-3.94282913
3.56036925
-2.53755569
-2.76166582
3.20026422
3.06402016
-2.76707745
-2.62502694
2.52918744
-2.72837615
3.14915204
3.08805323
3.26300645
-2.63286424
2.19791627
-3.39393067
-3.19878149
2.98031497
-3.00822878
3.0376699
-2.22200704
2.67090559
-2.653023
2.80005407
-3.12330842
-3.2898767
-2.60998249
2.43188715
3.09779
-3.04358935
-3.413311
2.67637825
2.60164165
-2.84833765
3.54522848
-3.02232957
3.27233315
3.83338046
2.81193662
-2.70121241
3.3085053
3.5660224
2.78695035
2.59401369
-3.14495921
-3.20773411
-2.85347319
3.37547827
-3.29888201
-3.39905334
3.15633845
3.38800931
2.49047542
-2.02619076
3.52114582
2.76349139
2.07495975
2.9192493
2.30461001
2.14522052
3.23334932
3.16689134
-2.80906487
-2.84460783
3.88947964
3.09856081
3.03071594
-3.23037291
-2.64517951
-2.75858474
3.25779152
3.102458
-3.26461339
3.30147505
-3.32836056
-2.70927453
3.04311323
2.92453003
3.3294127
2.63529849
-2.93864417
3.75026345
-2.83519602
-2.21649599
-2.43385839
-2.97312069
-3.11334658
3.14526105
3.08641982
2.79966784
-3.29762173
3.41654325
-3.25006485
-2.55377889
-3.07830286
-2.42004323
3.21940732
3.02869391
-3.20862412
2.4550755
-2.60160041
3.24274588
3.67090964
-2.91513801
-2.37000608
-3.47532964
2.96601892
-3.27855492
3.30292344
3.09865952
2.83999228
2.93986988
-3.43456817
2.54122114
3.50606132
3.18608642
-1.8740356
3.07081842
-3.03844094
2.56632423
3.54026747
3.37837672
-2.67239022
-2.36787891
-4.01262999
3.88274717
-2.61729717
3.31028414
3.01566768
3.04948926
3.59633541
3.10507321
2.59770131
-2.94569302
-3.08378196
2.74590445
3.06885219
3.15638876
2.60908437
3.09914017
2.76103735
-2.95165086
2.84700346
-3.15943909
3.07471895
-2.88002539
-3.23047066
3.21436453
-3.44618487
-2.79671693
3.31161618
3.13910246
2.87750435
-2.91649008
-2.93312883
-2.8122282
-3.2220664
-3.01806808
-3.19809675
-3.45920372
3.28965044
-2.10497832
3.24041176
-2.46781015
-3.19282603
-3.14852524
-2.0254004
-3.39769411
3.32322764
2.67861676
3.68143129
2.86683321
3.23381472
2.75971556
-3.38368821
3.37654305
3.58744264
2.98207235
2.69279456
-3.25505924
-2.81211376
-3.39587545
2.61254501
-3.16160417
-2.46249366
-3.85533834
3.28843808
-2.71844745
-2.56048727
-2.91417503
3.67922592
3.18671608
-3.62741399
-3.56536102
2.29923773
2.99763632
2.74053216
3.30653977
-2.98429799
2.79267025
3.15444517
3.41926718
-2.85257554
-3.11929107
2.54214978
-2.99472165
-2.81510997
3.65858769
-2.85940099
-3.50200009
-2.51708579
1.97559321
2.96321774
-2.31713223
-2.72851133
2.6430831
2.96896505
2.77107739
-3.48161173
-3.78300405
3.51873851
-2.82144976
2.92181516
-2.36863494
-4.09772015
-3.78172946
2.78956676
2.10013938
-3.27822781
-2.67741489
3.72111511
3.10356355
2.98882198
-2.80877209
3.5281949
3.36397839
2.97393799
-2.47980762
3.5362103
-2.74167347
-2.27435637
2.78634381
-2.92399907
3.2694664
-3.48919392
3.32662034
-2.52455091
2.82666993
-2.66886044
3.93722391
3.11377692
-2.45343161
3.04767442
2.9655478
-2.67963338
2.94145417
-3.89679623
-3.58051777
-3.68052244
-3.28013158
3.28108001
3.19911885
-2.91864181
-3.14280224
-2.68644452
3.23681068
-2.78951025
3.35986304
3.20851517
-2.86330342
-2.93081498
-3.28740931
2.42008901
2.9568944
3.02988672
2.96502829
2.80399108
-2.54536438
2.83598876
-2.73527646
2.66784358
3.00886464
2.97759676
3.38720131
-2.26733947
2.80356932
3.36746073
-2.93248677
2.68649793
3.42931581
2.67756248
-3.4538486
-3.47969413
-3.31745362
-3.16191745
-2.73812652
-2.72607327
-2.7277174
3.45693803
-2.55673885
2.42196822
2.83861041
-3.08873796
3.26580453
-2.81652427
3.02749968
-2.58363485
-3.49745059
-2.55338645
2.85984397
3.58409572
2.9278388
-2.67286897
2.63206983
-2.97143626
-2.69303751
2.88097095
-2.74360991
-2.71467376
-3.33398318
-2.71829033
-2.94337797
2.77990675
3.01578736
-3.22645473
3.29384065
-2.36797929
-3.43118382
2.69066095
3.64975739
-3.30528331
-2.51367521
2.89421773
-2.8082552
-2.06108379
-2.7133081
3.51067328
2.79653549
-3.82619405
2.44803953
2.67477798
3.72621083
3.15743041
3.32230139
3.02732038
-3.08482099
-3.47921562
3.44241405
3.29981613
-3.50858712
2.67605567
-3.14888072
-2.22659588
3.38085604
-3.3783803
-3.97449636
3.44498181
3.04113197
2.43364429
-3.13846421
-2.88154483
-2.30652308
2.36601758
3.5044632
2.62254119
3.28560925
-2.62467813
-2.96259713
-2.64183593
2.57417345
3.53745556
-3.23368239
-3.20077014
-3.40989089
-2.90029192
2.81662679
2.94043708
-2.94189191
3.64572239
3.17419147
-3.41073537
-3.5931592
2.50897551
-3.36748314
2.53507066
2.93113041
-2.83514476
-2.00026178
-2.59588861
2.67798662
2.19309211
3.21782708
-3.17444515
3.16488862
2.9373951
-2.93353891
3.78946233
2.77531314
-2.98483062
-3.13975024
3.55603313
3.08166766
3.43690133
3.01434708
2.59884834
2.99251533
3.24459863
2.69154191
-3.55021167
-3.20488524
3.43057632
-3.52027392
2.94847631
-2.94289398
3.37108183
-2.55477858
-2.78461981
2.83858633
2.81237483
3.19282651
-3.41539478
-3.1348362
3.24766135
2.54510999
-2.90105867
-3.46316934
3.15630221
-2.76834488
3.15389824
2.25182438
3.3941052
-2.70017028
-2.80433321
3.0813117
3.40165544
-3.14240122
-3.16657996
3.58833098
-3.19158626
2.60982871
-2.81064057
2.3849833
-3.51211309
-2.8498559
2.93345141
-2.44552851
3.33830142
-2.75724244
2.32001781
-2.70299578
2.80356836
3.51726103
1.97115171
-2.82267523
2.70907593
-2.84124494
-2.93987966
-2.7485342
2.23977685
-3.36427736
3.01860785
-3.23225975
3.11953425
-2.81968284
2.70754313
-2.62278104
-3.04586077
3.5015173
2.77175713
-2.90616918
-3.35679603
-2.56867766
-3.29393268
-3.34282136
-3.22714615
2.97498417
-3.22878027
2.97602177
3.4233005
-3.66733241
-3.49127412
-3.0065074
-3.45377278
3.20358181
2.59784317
3.11617827
3.19399047
-2.6720314
-3.15310454
3.50276303
2.44439316
2.97983265
2.85265946
2.60921502
-2.93997502
2.52519274
-3.28271365
2.96698284
2.98520064
2.65393996
3.00774503
-2.90186954
2.94705653
3.13648152
-3.59860063
-2.7628262
3.37641478
3.22278237
-3.07759285
-2.60232139
2.43542266
3.21077538
2.30332875
2.43722034
3.26538372
-2.92352057
-2.87337279
2.78306103
-2.83945012
3.09478569
2.64177418
-3.11760545
2.92216158
-3.43424678
-3.17123151
-2.69226503
2.45711398
-3.22138596
2.98918271
-3.25079131
-2.32634282
3.26390147
3.05321121
-3.15075612
3.80379629
2.61310363
2.88822103
-3.47577691
2.76814485
-2.97864842
-2.50940347
-3.06332684
-3.37305522
-2.52218032
-3.13600612
-2.78431892
-3.37718725
2.94505644
2.86539745
3.00397182
2.56502771
2.7195704
-3.18520808
-3.04631352
-3.88620234
-3.16832113
-2.73779917
3.59000015
-3.10358953
2.82395768
3.50854254
-3.18694687
2.97341537
3.31703329
2.60353827
3.06773043
-3.82843113
2.36856985
-3.63901401
-2.88780689
3.37080383
-3.08218646
3.22540355
-3.06665778
3.26594138
-3.02018166
2.40770531
3.28185201
2.31505442
-3.00543427
-3.43126321
3.44843268
-3.67141318
-3.23733497
-2.71781993
2.52253485
-3.14100075
3.08083272
-2.97927713
-3.6111517
2.92400765
-3.21765041
-3.08306646
-3.51751804
3.25996566
2.99560714
2.50909638
3.14162922
2.89532065
3.23494339
3.37944984
3.07861829
2.66434479
-2.999506
-3.48885441
3.88864136
-2.36914635
-3.3315165
-2.71891856
3.51081777
-3.12329531
3.92745185
-3.30818272
3.3006103
-3.04664302
2.94484544
-3.27430701
3.02002239
2.45563054
3.38460207
3.17635727
-3.69719124
2.84878898
3.01429224
-3.28093624
3.89867592
3.40582538
2.61637068
-3.36853361
-2.95759583
3.03682423
-2.84858012
2.66583085
-2.90418506
-3.44318438
2.16280079
-2.44102263
2.91503119
2.95017147
-2.63976502
-2.4622612
3.16747141
-3.42630005
3.27882361
-3.40269899
-2.69704461
-3.19654465
-3.7272408
-2.88053513
3.12944317
-3.0314436
-2.88548708
3.5450654
3.60028625
3.62524319
-2.27466679
3.64452386
2.91934252
2.55688834
-2.52518034
-3.26953077
2.14094687
3.07809091
2.5907836
-3.61733985
-3.11404157
-2.37780118
-2.50643086
2.40469265
-2.82602525
-3.08431029
-2.42459893
-3.54835725
-3.20211744
-2.82049036
-2.98372579
2.3947041
3.02532673
2.61373258
3.09618187
3.47294235
3.25779581
3.92681074
2.79136872
3.65912676
3.13493657
-3.757833
-3.627038
-3.01093554
-3.55996704
-2.86506104
-2.89454484
-2.4981463
3.13910651
3.04398823
3.77357292
-3.22631812
-2.18998051
-3.22629333
3.10195923
-2.48198342
2.75970316
-3.27698874
2.81000423
2.94127488
-2.69108009
-2.53468895
2.9294498
2.79644561
-3.21896434
-2.96765733
-3.16025424
3.11371827
2.65174603
2.92936707
3.76531243
-2.99811792
-3.2800343
3.18442416
-2.94182873
-3.10642457
-3.15125155
3.68240333
2.52836418
3.15148115
2.62895489
-2.80574203
-3.44289064
2.71751213
3.87277079
2.98868752
2.93278909
-2.97632265
-3.31249595
3.20094752
-3.31687808
3.00850511
-2.65334368
3.15594244
3.03296041
3.26231074
2.67822623
-3.55593276
-3.32951784
-3.01970601
-2.95009208
3.72204113
-2.81623316
2.60825825
3.40166521
-2.49506783
-2.42095757
-2.3001492
-3.02284813
-3.16208196
-3.53976226
2.9005692
-3.229038
-3.34075618
-3.33074045
3.07160068
-3.02481055
-3.26558471
3.07513714
-3.61454725
3.08130598
3.10788751
2.4098568
-2.86641788
2.94967723
3.03790331
2.61889648
-3.03864837
3.35266829
3.02211642
3.09352922
-3.65149355
-2.42305565
2.77175903
-3.42170501
2.76137471
2.50860071
-3.33848238
2.78691268
-3.26831245
-2.73341489
-2.72813845
-2.9133532
-3.21717548
3.093364
-2.79940033
-3.08131194
2.58291173
2.76837325
2.7521131
2.87782836
-2.89833522
3.0725081
3.34110188
-2.34844351
-3.15928173
2.92600203
3.18629885
-2.84499073
2.43400598
3.3946619
-3.02567267
-2.26368356
3.00438261
-3.03454566
2.53841233
2.36091757
3.33244634
-3.65418339
2.1033628
-3.48504615
3.72449851
3.39258099
-3.22208261
2.6798389
3.42168927
2.97987652
-3.42487574
-2.92494774
-2.04043889
3.4883852
3.37721801
3.12141347
-2.15130353
-3.37914658
3.30729198
2.86821961
-3.08851051
3.22340941
2.39165592
-3.17774701
-2.46989536
-1.76426685
-3.31406236
2.95309782
3.20740199
2.927212
-3.37902856
3.73620296
-2.81184912
2.28188348
3.20264268
-2.68417954
2.87247467
-3.35036731
3.4167552
-3.04057026
2.64951038
2.08397079
-2.56867814
3.02253532
-3.22774696
-3.51721358
-2.72343302
-2.84838033
2.97887564
3.31295323
2.54877853
-2.69724464
-3.34332466
-3.01750827
-3.92087936
-2.9323585
2.75368977
2.38009644
2.8134017
-2.93661761
3.16782069
3.18125725
-2.71824074
-1.98261905
2.98211217
-2.1245842
-3.07336903
2.8723352
2.01591182
-2.62699437
2.84752417
2.69383383
-2.61833572
3.3287158
2.38601112
-3.34272408
2.18829012
3.72358656
-3.1008091
-3.69471025
-3.98924589
3.01059794
2.62856436
2.9227705
2.38556695
-2.87863255
-2.61672688
3.09961176
-3.13406754
-2.49566889
3.63842797
3.42268062
-3.06605649
3.06198955
-3.27227664
2.96217823
-3.61434293
2.39402008
-3.20951653
3.59028459
-3.14118838
3.31885934
-2.97936296
-2.70722413
3.30540872
3.60468125
-2.26814103
-3.36115813
3.41654968
3.02834392
3.61894345
3.38251543
-3.37692571
2.7695725
2.8453393
-3.42455006
-3.58126116
2.62228251
-2.87639666
3.49677324
-2.75969911
3.074826
-3.4776125
3.97398877
-3.21710801
2.6855526
-3.33786249
2.86387706
3.63397717
2.49873495
2.7887547
2.93875217
2.88699031
-2.9600637
-2.71128416
2.46154594
-2.78101826
3.04521346
2.76420546
3.60837388
2.66589355
2.28216696
3.05241823
3.03691411
2.94208264
2.87925172
2.58861995
3.22385073
2.81834507
2.67179751
3.05367064
3.35164404
3.24218869
2.64590764
3.03928804
2.92090392
3.50741172
2.96250844
3.16260815
3.01217604
-2.50144291
-3.2906332
-3.73240876
-2.62420249
-2.79320669
2.87718129
3.14551187
2.5162611
2.54984856
2.42147589
3.11256576
2.80387831
2.57333183
2.80014157
-3.79285479
-4.14268255
3.18797064
2.91776705
2.52202892
-3.09121108
-3.05233598
2.63920236
-2.1712985
3.01220918
3.86695266
2.92891359
-3.19509673
2.98745084
-3.3413012
2.94372606
-2.97327232
-2.88222075
3.62936854
3.79335403
-3.42774272
-2.82458997
3.40632629
-2.50288582
-2.85192084
3.61618662
-2.4848032
3.06226158
3.61431551
-3.30516267
2.60967922
3.05291176
-2.08248162
2.89944887
2.3332231
2.42511249
-3.62390876
2.54186964
-2.97369242
3.36815429
-2.91174626
2.62278128
-2.7554493
2.37195134
3.12394667
-2.7761302
-2.96254182
2.88212228
-2.08161449
-2.65263152
-3.07173657
3.2423656
-3.38028002
3.30697989
-3.3109653
2.75027919
2.57182717
-2.65795946
-3.15682483
2.90152574
2.75081134
-3.40015578
3.19630098
-3.29459143
-3.15431046
-3.29929638
-3.64331603
-2.78832483
-3.01657629
-2.15353894
3.02500558
-3.09192491
-2.56652617
-3.21318698
3.17738605
3.26937771
-2.84640718
4.00179958
3.59736133
3.31803584
-2.11151433
2.28197169
-3.20155454
3.41090846
2.89813495
3.27015615
3.73997784
-2.91753054
-2.87750721
1.96374106
-2.89421177
-3.0598321
2.72257781
-2.74244142
-3.21015334
2.76927662
3.40612411
3.1840868
-3.28223991
-3.03314018
2.932868
2.0407846
-3.37477303
2.75454044
-2.55408812
3.36371565
-2.46346021
-2.67346859
-3.00097346
-2.12366915
2.7630918
-3.529356
-3.00156808
3.09169674
-2.68147182
-3.70231485
2.64897013
3.44038463
2.38640285
2.95638967
-3.07499981
-2.95458102
-3.39324188
2.71444798
-2.3564508
-3.43460178
-2.68308568
-2.45454097
2.62385511
3.56777239
-2.92788124
2.70249486
-2.2576344
-3.21231627
2.85290432
3.0902462
-3.05910444
-3.17495131
-3.48649788
2.98417473
1.98793864
2.90344381
-2.5746181
2.49787688
-3.1034956
-2.53421211
3.0350132
-2.47752023
3.1076591
-2.569803
-3.59524584
3.09656501
-3.67294574
3.28683662
3.17922878
-3.00019646
2.63913894
3.07091618
-3.47608399
-2.6085937
-3.63246346
3.3203845
-3.88542461
3.33935666
3.08484697
-2.91363168
3.66782641
3.38278031
2.85169578
3.07485652
-3.11173677
-3.06976724
3.05719209
3.16565347
3.36679864
3.46548963
3.21074462
-3.43535256
-2.74393415
-2.38867545
-2.83585334
2.95440316
2.74141192
-2.86344886
2.00916934
-3.13370085
-2.53724933
-3.01481223
-3.47830749
-2.57632685
2.90873432
3.42377424
3.64626217
-2.84263039
-2.5012238
2.83392453
-3.1341126
-2.19834781
-3.43503976
3.12461829
3.31658936
-3.08716273
2.89553618
-2.72572207
-2.58227015
2.71481848
-3.06561565
2.77496052
-2.53144526
2.49458408
3.48911834
-3.51825976
3.20661998
-2.99665713
-2.9206264
3.15493441
3.10163903
-2.64832497
-2.86345291
2.77504277
-3.0218575
3.08166552
2.94729733
2.83447576
2.9398973
-2.81034899
2.96871281
-3.68157291
3.28181267
3.19506574
-3.10483384
2.59231639
2.9460721
-2.40327883
-2.83648443
3.62933064
2.99252701
-2.81557798
2.93041134
2.87037539
3.56314564
-2.75661278
2.541394
2.72373247
3.0147357
2.98777366
2.69066429
2.66623831
2.29970407
2.25113392
-3.00852346
2.34049296
2.65872192
-3.11604404
3.13166451
-3.09698749
2.66827989
3.46135879
2.27145815
2.78839684
-2.94840813
-3.32827377
-2.94977999
3.29661846
-3.0744803
3.02464557
3.45795321
3.03546357
2.2549212
2.80230117
-3.15074372
-2.67490792
3.12042379
-3.35041547
2.78264499
3.03533578
-3.10638833
2.70122242
2.6624794
2.40352321
2.49805427
2.83627486
-2.51259589
2.97965789
2.95557857
-3.19846392
-2.64805198
-2.19837475
-2.51313543
3.39524889
-2.91404057
-3.60829353
3.04293251
3.20015955
-2.84375501
-1.9945606
-3.11943793
-2.88940763
-2.361835
-2.24636173
-3.72372055
2.79451561
-2.77512455
-2.89430642
2.83353519
2.99444485
2.87216258
-2.6873312
-3.07856464
3.47245216
-3.30053616
3.31524229
3.070225
2.81528497
3.11110401
3.45145178
3.3225925
-3.12095809
2.92313743
-2.38243341
-3.0315063
-2.74376774
-3.5142889
2.67230535
2.20766163
-2.98934579
-2.46454763
-3.21804047
2.73363829
3.21906328
-2.40427256
-2.60876656
-2.61819386
2.42349744
-2.94068527
2.80891681
-3.41258001
3.56923747
2.90835786
-3.15893984
-3.17473984
3.12939668
3.1706748
-3.20069337
-3.14319587
2.68921661
-2.36908293
-3.08024335
-2.37329316
-2.72367001
2.98382139
2.91976357
3.05685782
-2.76773882
3.13918567
-3.04597116
2.84958673
2.87603378
2.96689916
3.09845662
-3.29452682
-3.18275881
3.35183668
-2.84812737
3.22722673
2.82879138
-3.41730261
3.25688839
2.6957767
3.08686519
3.33957076
2.88327789
-3.35458612
2.5303576
1.72760499
-3.14397812
-3.39084053
3.11677647
2.80700517
-2.51781368
-3.14918041
-2.96870732
-2.71878552
2.8419373
-2.95261598
2.28125167
-2.81469393
-2.66717219
2.69255996
2.8710041
3.11658716
-3.11187792
-3.33854008
3.35264564
2.44033957
-3.17257667
2.86493444
3.75868654
3.261168
-2.88593435
-2.83197522
-3.15524864
3.36423111
3.23860216
3.83655453
-3.45152688
-3.00576043
2.77365422
2.3454833
-3.39487815
3.19756031
2.18979049
-2.24377775
-2.75487638
3.09239864
-2.98419642
3.04382944
-2.64253306
-2.53687286
-3.47564936
1.79858708
-3.02951312
2.89173698
-3.36594296
2.46705484
2.49890518
3.1805315
-2.67370224
2.9660902
-4.09318447
-3.29639339
-3.38803077
2.92004728
-4.18155909
-3.01707673
2.40965509
2.54517484
-2.05288458
-3.1122992
2.59377956
-3.73972869
3.40728641
-2.62254548
2.72549963
-2.45889688
2.59893394
2.66682267
2.73309708
1.49020135
2.95700312
2.90665531
-2.37989473
3.37485409
-2.89352393
-2.11032677
2.63702059
-3.5449667
-2.55108476
3.02914476
-2.99629641
2.94752192
2.86957884
3.24546647
-3.3114264
2.73566365
2.46159935
-3.47682333
-2.70241761
3.03767562
2.46883845
-2.62107396
-2.85100079
-2.74774146
2.68599916
-3.14116383
3.6603682
1.90055966
3.30141544
3.69096375
3.16777778
3.42538834
2.28223562
3.14370322
3.53763056
-2.93270206
-2.90214729
-3.03614235
-2.65277314
-4.03009319
-2.99580932
2.68525481
2.41137743
3.50270104
2.49105072
2.92801929
-2.57844639
-3.1218853
3.50523758
-3.01784611
3.426404
2.69477725
3.18303418
-2.50639892
-3.29735565
-3.03946948
-3.2883141
-3.10821199
-2.93243814
-2.44129014
3.28863215
-3.33696461
-2.07148433
-3.27609277
2.02802801
-3.32256317
-3.45143104
2.69397283
2.5817275
-2.35487628
-2.93972158
-2.65179181
2.67508483
2.54543591
-3.0657289
2.80386853
-3.44808984
3.09429407
3.1103251
-3.14754057
2.94411969
2.62859011
-2.76449275
-3.05881071
2.59661365
-2.44837499
-2.65740585
2.60523081
-2.75660825
-3.09295559
3.10075188
2.23523164
-3.3877275
-2.65251613
-2.95520353
-3.32882714
3.27862024
2.80718732
3.4548285
2.74485421
3.6485312
2.38936472
2.79343724
3.08536196
-2.77285647
-2.91969943
3.61600852
-2.39201117
2.64372849
-2.6409235
3.25535274
3.15467978
3.15527177
3.00318885
-3.14951158
-2.97142482
-2.93526483
-3.53487062
2.46055102
-3.72667074
3.26324296
3.11876082
-3.2933476
2.9356091
3.14742589
-3.23524237
2.65368032
2.84303403
-3.21935248
-3.65058923
2.3370316
2.17956996
-3.05255175
3.18359089
2.25294089
-2.71589613
2.32271314
-2.82534075
-3.09713674
3.16131091
-3.37573409
-3.56077003
-2.89953136
-2.80418801
-2.63672709
-3.21444201
2.89534974
-3.14897776
3.57288885
-3.13480234
3.29759955
-3.65692186
3.46207213
-3.14984655
2.7029686
3.11217666
-2.60217285
-2.06013918
-2.79296041
-3.08207631
-3.10376787
3.34317708
-3.39141464
-2.99083209
-3.08437872
-3.41929388
-3.30107689
-3.04008484
3.55739045
2.19319129
3.57742381
3.81664562
-3.50058103
-2.5639503
2.90678525
-2.97342205
3.00510049
2.99404025
-2.70727992
-2.95448303
-2.66817498
3.93184114
-2.57563758
-2.60837317
-3.28907275
-2.78429699
3.42854428
2.81862688
-2.79107571
-3.6371541
-3.45751739
2.83285761
3.13425612
-3.21504092
-3.19005823
2.82006669
-2.71365333
-2.85796857
-2.06058097
-3.10696268
-2.12651491
-2.90278149
2.78761721
3.46790361
3.37463498
-2.76763439
3.05657983
-3.14524269
2.60097647
-2.37240672
3.59045625
2.89563751
3.29420209
3.4739995
3.68298984
3.21885586
2.94483519
-3.39399981
-3.07101941
-2.99808979
-3.21926451
2.96114039
2.39459634
3.07750034
3.09138727
2.32852364
-3.04833388
2.48800921
2.67150283
-2.91157675
3.67037129
2.82609487
3.40480542
2.70740104
-2.47519064
-2.95051551
2.90826988
-2.91717887
-2.59622836
3.52749681
-2.8758347
3.52297139
-3.24030471
-4.05795717
3.25020361
-3.14556909
-2.69496799
2.47829652
-2.82531881
-2.47973013
-2.83595443
-2.55579495
2.59769869
-2.86463261
3.40755939
2.95473766
-3.31827259
3.0904026
-3.05079269
-3.34069419
-2.99015427
-3.13246179
2.66934705
2.76356101
-3.03379035
-2.83207726
3.21551371
-2.55245805
-2.41462803
-3.48100281
3.15514994
3.08427072
2.75994277
-2.65035939
-3.26465392
2.70421195
3.48876262
3.09415245
-3.26450801
-2.93192196
-2.6787169
-2.63853502
-2.92922378
-2.73196959
3.15589905
-2.81190395
-2.51430225
2.94897437
-3.7914772
2.63490057
3.74303389
2.69987988
-2.5886507
-3.28270674
2.78010035
-3.07012224
-3.30529666
-2.57601929
3.04116225
-2.89838862
3.18558097
-2.24645853
-3.73137569
3.46835494
-2.97821283
-2.66311622
-2.89137268
2.81766057
-2.56139255
-2.66178846
2.74739051
2.69888783
-3.23833537
2.82437992
3.35254645
3.1288414
-2.86374688
2.6880219
2.48786759
-3.23541451
1.92159998
-3.16418934
-3.16229439
2.23781443
-3.14894676
2.9040637
2.65688705
2.55805993
-3.19087863
2.74063802
-3.28651071
-2.84959006
3.52607298
2.73327112
-2.44887137
-3.42894316
2.7023344
3.56888437
-3.33725071
3.69817328
-2.89734316
-2.95618796
-2.28260159
-2.7112987
-2.78887439
-3.92639542
2.42747378
-3.2314539
3.18464446
3.45742893
-3.45844865
2.87776685
3.21937299
-2.60503435
3.00663614
-3.21333075
2.74234557
2.84621572
-1.86233127
-2.23107052
-2.60145688
2.84106898
-2.94989443
-3.18428898
2.87988853
-2.59612656
2.6017158
3.36944175
3.47975659
3.01552844
-3.11667466
2.77417588
-2.19083619
-2.50041533
3.20253396
-3.1584208
-2.90155411
3.4447298
2.90079808
2.97804713
-3.50240731
-3.02145433
2.5435369
2.93874669
-3.23224115
-2.7976625
-3.46355057
-2.93753481
3.31152034
-3.36320662
-3.12594819
-3.38291383
2.80518746
-2.86444092
2.9638741
3.103688
-2.51292944
-3.01929283
-3.5512886
-2.83366346
-2.76246381
-3.12479258
-2.99477267
2.86263704
-2.58724165
-2.89570475
2.79177022
-2.98774648
2.69426346
3.16826749
-2.62103772
2.38886595
2.4437151
-2.64317608
2.53272748
-3.18926978
2.15851784
-3.14755726
3.15006661
3.0421102
2.92634654
2.95770454
-2.3039732
-2.73549557
-3.25134039
-2.76153827
2.80491614
2.97886348
-3.33341742
-3.44987226
2.77775526
2.90652466
-3.74855995
-2.40917277
-3.43145633
-2.83488512
-3.2192409
-3.73366475
3.03817368
3.08211255
3.31600761
-3.16277766
-3.62587166
-2.35748911
-3.02138543
2.47295594
3.07140803
-3.46788168
-3.48366237
-3.02399254
-2.56015515
-3.15206838
3.56942725
-3.35868669
-2.8384788
-2.44554996
2.95280004
3.31177425
-3.7389307
3.087497
3.23253703
-3.3244257
4.17400789
3.55324006
-2.74038482
2.29204464
-3.46115804
2.70733953
3.12547016
-2.77596188
3.26569152
-2.15437126
2.59644747
-2.54733777
-2.94102883
-3.10113096
2.80031991
-3.12682509
-2.45541906
3.33283377
3.22888207
-2.83453202
-3.37534618
3.36696577
-3.50638032
1.82071722
2.31758738
-2.52550864
2.89587164
2.59966469
-2.81610751
-3.13300633
1.83899212
2.87314343
3.21396732
-2.92496753
2.95702553
2.71695542
3.09364939
-2.93902349
-2.80694389
2.93328118
2.8861227
2.9723928
-2.79778147
3.34062648
-3.56410408
3.72046161
-3.18941569
-3.16543794
2.91452241
-2.65163231
2.6558063
-3.31671762
-3.76520872
2.31155705
-3.09043932
-2.59771132
-2.94362807
3.21234989
3.45996976
3.0707376
-2.70218062
-2.73778129
-3.57021618
-2.93943596
-3.31870985
-3.30036211
-3.09181333
3.0774436
2.8910439
-2.67374372
2.42063546
2.57794118
2.60561514
-2.93012118
3.10294652
-2.46901536
-3.23834085
3.010216
-3.65806723
-2.18935513
-2.80077028
-3.14649391
-3.42220712
-3.0588038
-3.0048306
-3.04332018
-3.18687201
2.56150413
-2.95265961
-3.32546854
-2.80312371
2.62596798
2.74500966
2.69100928
2.81950235
-3.19853711
-2.54634976
-2.654917
-2.74473286
3.44231749
3.6076262
-2.40894222
3.4380722
-2.98187208
3.53567815
2.11907578
-2.88326573
-3.56024456
3.24951315
2.66897202
3.31408739
-3.28167629
-3.70600724
-3.26334286
3.25303984
2.80667949
3.7258966
2.78785753
3.32851076
3.10007143
2.4892385
3.43249965
3.34134984
-3.01055503
-2.83403778
-3.43931413
-3.04271126
4.11258507
2.74038172
-2.99618864
2.786098
-2.74095368
-3.30336881
-2.46294522
2.95340681
2.85488844
2.22164869
2.42530131
-3.02925181
-2.17747426
-2.73618031
-2.78991294
2.7113061
-2.84178901
2.25797224
-2.42146945
-2.87415886
2.49764657
-3.70756149
3.24689531
-3.51624775
-3.19256806
2.82774353
3.77053785
3.08732843
2.9674387
3.17308164
-3.70311761
-2.28281307
2.82632446
2.804775
-2.79020715
-2.93682384
3.38031435
-3.55270672
-3.16108894
2.67587876
2.48611474
2.99915409
-2.79564738
-3.34210634
3.11798096
3.1096704
-3.37055087
-3.27406526
2.66862869
3.29504848
3.06258082
-2.96028471
2.84975839
3.13780117
-3.16301918
-3.30166531
2.74683475
-3.65956759
-2.60442305
-2.61003661
3.68954635
-3.50952601
2.95296216
-3.25186563
-3.27149415
-2.46598053
3.36651087
-2.64173508
-2.69985843
3.42300296
2.33544183
3.83943725
-3.43526387
-2.72196245
2.6840415
3.24074769
3.04210591
3.77278423
-2.21020913
-2.71669149
-2.59982467
3.30132008
-3.17764544
2.97320724
2.52085757
3.15719748
3.27011824
-4.24244165
2.46988416
2.62668324
2.57361889
3.14144921
-3.32879925
2.73970485
-2.39209032
2.51306915
2.66793013
2.56955004
3.12745214
-2.55946279
3.90806222
3.35301375
3.19231868
-3.16095781
2.97644043
-3.04277563
-2.73518753
-3.68392634
2.57400656
3.22640443
3.00843596
3.1501863
-3.03339648
3.04499149
3.10342884
2.87155485
2.52218795
2.66320705
3.48846459
2.84726572
-3.11821294
2.87417579
3.84922433
-2.37951899
2.41957545
3.01951957
-2.89728522
2.77393341
2.5853045
3.70498466
-2.60394931
-2.94476175
3.32580924
3.53833151
2.9451468
2.72259068
3.2206378
-2.78475046
-2.52455926
-3.79511595
-3.57833362
2.87238884
2.482728
3.25874925
-3.89969039
-3.539083
3.07992816
3.00585246
3.54007912
-3.05870032
-3.35024476
3.39256406
2.81054831
2.78291273
3.25165439
3.33693552
-3.10283685
-3.50583649
2.49430156
3.09718323
3.52824783
3.32179236
3.11643744
-3.19144464
-2.66726828
2.86061335
3.15529537
-3.06557536
-2.92125535
-3.0449636
-2.7876308
-3.02009463
2.29630113
3.25223804
3.60888505
2.84846306
2.7720983
-2.0473454
-2.86901093
-2.30554605
-2.96703196
3.1642499
2.14508796
2.86932588
-3.03368521
3.13151455
2.97407055
2.93764043
-2.20481086
-2.96265101
3.54606581
3.09257507
3.10946727
-3.62610126
2.58186269
-2.64761972
-3.14754748
-3.01893091
2.62508702
-3.03575444
2.64607835
-3.22372651
2.67181158
3.2777586
-3.31952262
3.12615561
3.07969332
-3.37888479
-3.42962551
2.71003366
-3.15350652
3.42504764
2.85567379
2.60566449
-4.08534956
3.23195124
-3.67450452
2.68425608
-2.96517777
3.00491238
3.26837587
-2.78270555
2.63424087
2.93554759
2.82219911
2.72848654
2.75646353
2.72768831
-3.04850483
-3.16615677
2.47533774
2.95935869
-3.2707293
3.06092691
3.16872621
-2.86807132
3.18191481
-2.46218276
-2.59012127
-2.79175138
-2.85733604
2.21534872
3.46578264
2.72173858
-2.4736824
2.94210482
-2.73190093
-2.93661022
2.45270753
3.38565707
-4.04490089
-3.05779886
2.72721481
-2.76537681
-2.45233917
3.01106071
3.00934672
-3.15060163
-2.996176
2.11414981
-3.39648461
3.50467086
-3.00349092
3.55702066
3.06803179
3.15420794
-2.64045262
3.09682155
-3.05536103
2.87067461
-2.77996469
3.48166418
3.1914587
-3.31601024
2.70948935
-2.76501298
-2.93384624
2.43354201
-2.25636578
2.78756618
-2.61766911
3.39247155
-2.81992316
3.41678381
-2.57315516
-3.23392987
3.12496877
3.44168425
2.75851417
-2.80909181
3.01458287
2.94351864
3.38294864
-2.54054499
-2.52973604
3.1884625
-2.26589656
-3.2753005
-2.36200213
-2.49554515
-2.51391172
-2.43718743
-3.24495959
2.88302255
-2.49947071
3.32661557
-2.90465045
-4.07300663
-3.47674823
3.41572785
1.96533108
-3.4125731
2.69676065
-3.20966887
3.16880751
3.26318741
-3.4434936
3.18004847
-3.02646446
2.90658736
2.6827085
2.88484716
3.11398435
-3.59858203
3.06286526
3.13711452
-3.21203089
3.03758407
3.52086425
-2.18878031
-3.05852962
-2.94752288
-2.70458722
2.74289036
-3.09990168
3.37263536
3.17119575
2.89498425
-2.84715986
2.70964789
-3.04000354
3.08378434
-3.05185056
3.4844265
-2.87956095
2.98273039
-3.08294082
2.07585835
-2.85905337
3.01770139
3.38931465
-3.86167526
-3.11591649
-2.54809952
-3.22675776
-2.84499383
2.74483728
3.0895102
3.36714816
-3.19078207
-2.85782003
-3.09926748
2.96007109
-3.14057994
-2.9315033
-2.9116776
-2.92501068
-2.89282894
-3.34426332
-2.70307636
2.44383025
-2.98511386
-3.18082666
-3.37874484
-2.63733816
-2.6189878
-2.64014387
-3.04122496
2.32764602
-2.39243793
3.11487675
3.34852362
2.99020076
-2.51528072
-3.48198152
2.90359664
3.51874161
-3.01827216
-2.51492238
-2.99631143
3.45955849
-3.04444551
3.22563124
4.10962439
2.61876678
-3.03773093
2.75524855
3.66135478
3.05154061
-3.16004086
3.73002362
-2.55397725
3.51802182
2.75781703
2.68464375
-3.54664516
3.495327
-3.12874961
-2.57574749
3.26331544
-3.19485784
-3.48613477
-3.13587093
-3.24858403
-3.2535727
2.69299912
3.25722218
-3.23321009
-2.70430994
-2.80638385
2.43017507
-2.95435548
2.86362219
-3.03676176
-2.0952518
-3.06344318
-2.58533454
2.25584197
-2.77061343
-2.48215652
-3.2160418
2.75176287
-2.65172815
-2.00465727
3.21975541
2.16935658
2.34246731
3.42079258
-3.4602859
-3.03649783
-2.23592043
-3.25758076
-2.79029775
-3.04741287
-2.91112614
-3.15371633
2.97379446
3.27239943
2.77933216
3.02193189
-2.73187757
3.17538404
-2.58625412
2.84109974
-2.58460808
-2.4315958
-3.54315281
2.28049827
2.37714362
-3.3313005
2.68322396
3.21180892
3.3073144
-2.71151423
-2.90506196
2.81865168
-3.95507312
3.06655359
2.96700859
3.32926273
-3.30489564
3.6125443
-2.97847247
3.33689761
-2.2240088
3.18697023
3.13712168
3.36868429
-2.87600255
3.03512311
3.18672609
3.0532217
-2.12247276
1.87979543
-3.87227392
-2.61113381
3.19496512
3.23676538
2.42191625
3.10048461
2.70299768
2.89067507
-3.01779008
2.45619369
-3.90047884
-2.68314743
2.33168292
3.30369473
-2.95802784
2.99660087
-3.23352313
-2.8045435
-3.12476087
-3.45788693
3.51414037
3.06201506
-2.81226754
2.70359325
2.76550746
3.46208358
2.96868229
2.71604419
3.28336096
2.43644071
-3.50911427
3.650455
-2.59408927
-3.52169824
2.61871409
3.53121281
-2.32394814
2.59442639
3.08297038
-2.88490105
-3.1959796
1.84476328
-3.10798097
2.93633008
-2.81444693
-2.98716784
3.22190571
3.05877399
-3.48562264
-2.81463289
-2.86120439
-2.30641294
-3.48889899
3.07345247
-3.71034527
3.15527844
3.5182631
2.97804523
-2.44423604
2.94694662
-2.48409843
2.34171891
-2.31339312
3.90771675
2.88674641
3.12165356
3.74554205
3.97208762
2.57603002
2.77938557
-3.06701326
3.46007442
2.64883423
3.11333418
2.59546161
3.39853787
2.7933085
2.27867484
-3.38815212
3.31182528
2.69715762
2.94383883
3.60953307
-2.81421232
-3.10820746
2.91521788
2.40474582
3.01756573
-3.05831861
-3.19000745
2.85590434
2.94564462
2.95868349
2.97607899
-2.89186311
3.17918801
3.47378802
3.32405114
-3.02206945
2.83070993
3.45003343
-3.29302382
2.97105551
-2.84841633
2.52769399
-3.70617843
-3.41586804
-3.02469444
-3.3437984
-3.23489404
-3.12402105
2.83986878
-3.50370193
-3.65530157
-3.01865458
2.48790526
-3.5373745
-3.35950017
-3.27604175
-3.60173655
3.60408568
-2.66563296
2.24716973
-2.63729239
3.145473
2.87232566
3.76697135
-3.85867977
2.46950841
3.02178025
-3.67793489
-3.29202437
-2.2263155
-3.47486615
1.98137522
-3.26922536
2.48904634
-2.78521633
3.05864716
-3.68681669
-3.68706393
-2.98466396
-3.09909916
3.16659927
3.27056241
-3.82824111
-2.73991561
3.34296489
-3.28650808
-3.44535589
2.87117457
2.7321527
2.70807648
-3.33473086
-2.25380945
-2.78602314
-2.8117342
2.68731666
2.9755249
2.92063403
-3.04232216
-2.62607694
2.78527832
2.41658854
-3.08912492
-2.50427222
3.94916129
3.64179444
2.12626934
-3.20181847
-2.87456203
3.0479393
3.15710545
-2.9994607
-2.73562956
-2.90362525
-3.47534251
3.41236472
-3.47762322
-3.58010125
2.46515274
-2.57032275
3.55677319
2.46741819
3.28751063
-3.81398678
-2.94772363
2.75358105
2.42484093
2.72046161
-2.67691493
2.8135426
3.10683322
2.99194312
4.04389334
-3.91871953
3.57529569
-2.66823888
-2.66051388
3.33320045
-3.05736709
-3.19032598
-3.25230861
-3.4687202
-2.79837847
3.24932837
2.70660591
2.57962275
-3.33276176
-3.00912023
3.27402973
2.80701613
-3.39855909
3.39563823
-2.88533068
-3.00870538
-2.71747708
2.88134646
2.72498369
2.50313997
-2.49272966
2.45130897
-2.69295835
2.86427999
-3.23759198
2.73953056
2.8604846
3.14339232
-2.59705114
2.53137803
2.82163978
3.57662559
2.27599311
-2.89452386
2.99647307
3.12605429
3.29234576
2.36952233
3.67359829
3.7331686
3.37853241
2.72016573
-2.78032064
2.73612261
3.35276747
3.46208906
-2.35297871
2.64721203
2.89439654
3.10342669
-2.94783783
-3.12119222
-3.46016979
2.44329953
-3.04868984
3.18018055
-2.83783603
-2.81736565
2.90724587
2.18382907
-3.52088594
3.322644
2.86314487
-3.06276774
-2.95828319
3.15379405
3.05618834
2.83701682
2.88831758
3.00999784
-3.43543196
-3.27966833
-3.26153207
-3.4832139
2.7104919
-3.04758954
2.94324613
-2.79340458
2.8833077
2.90070415
3.02205992
3.07531095
3.08794379
-3.39545393
2.925951
-2.68814182
2.10052657
2.52010679
2.85273218
-2.55462766
-2.95289922
3.0720675
-2.66758609
2.99274993
3.28203964
3.15820026
3.72206116
2.9433496
-3.34630609
3.16879344
-3.53584266
3.27961516
-3.19418359
-3.06466293
-2.9069891
-3.10856557
-2.94039536
2.78065014
-2.21848106
-2.24860311
-2.8043623
3.2168932
-2.77908182
2.67292023
-3.13275099
2.31713176
3.07221651
-2.97848511
-3.09543777
-3.21310115
2.94431949
-3.10098433
3.46683788
-3.79493904
3.01171446
-3.25814772
-3.29097319
3.59143424
-3.26608586
-3.73305058
-2.86967301
2.70000625
-2.61916947
-2.66808724
-3.66328073
3.07240915
-3.17379236
2.52254105
-2.65945077
-2.87240076
-3.09144998
3.73890162
3.73573756
3.23122811
3.30310392
2.77619267
-2.69763708
-2.55246639
2.86812687
-2.91782427
-3.27840328
2.5109036
-3.94033265
3.17297959
-3.61948204
-3.30580783
-3.13360786
3.01057839
-3.01628709
3.26465249
2.97811747
-3.51038051
4.05357885
2.20534396
-2.77443957
3.49858642
-2.90863276
3.66627502
3.46418285
3.39269972
-2.80622196
2.77196527
3.09517932
2.87009716
2.99408889
3.34770322
-3.48572683
3.77326894
-3.15934658
-3.32412243
2.52260852
-3.11848378
-3.2915802
2.46832371
2.91099095
-3.27576876
-3.00755835
-2.97201347
-2.81440067
2.3602643
3.67748713
-3.54228759
-3.15310574
2.90581751
3.2327354
-2.47377205
2.68550038
3.00262952
2.98250318
2.98418689
-2.92168045
-2.86702371
-2.74989057
-2.82402134
-2.80539608
3.75016499
3.49910903
-3.2929821
3.20255685
2.68802023
-2.41582727
3.72028804
2.35048151
-3.47598386
3.03295469
-3.10241818
-2.79815674
3.51880693
-2.98389459
3.47763848
-2.59308028
3.3714447
2.86027861
2.78149343
-3.35184693
-2.84394479
-3.33252621
-3.08011007
2.99336958
3.05506253
-3.29662991
3.06004262
-2.61322522
-3.63608313
2.70881176
-2.56310463
-3.83055997
-2.77854681
3.79816699
3.47477746
-2.79748917
3.27886605
-3.58455038
2.80595756
2.62349486
2.52492809
2.90424132
3.26500773
2.36252046
3.34143114
2.44022799
-3.06366277
3.78230977
-3.84341288
3.5296402
-3.75776052
3.05183697
-2.81617403
3.28419662
2.57942367
2.49151301
-3.14258361
3.02684116
2.93204665
-3.12656116
2.45760059
2.88950348
3.17180586
2.69765139
-2.83140683
3.11007023
3.03375173
-2.69113398
-2.90926576
-3.9063859
-3.11377263
2.9196887
2.99374986
-3.78916144
3.13175249
3.4497776
-3.49833703
-2.73354983
-3.27070951
-2.55365205
-2.86475968
3.07010365
-3.30777454
3.22206354
-3.83123159
-2.81947279
-2.75648952
-3.40696168
-2.93414474
3.19189882
3.11406183
-3.34217811
-3.44685078
2.25845551
3.18046546
-2.33066535
2.72817016
-2.17832398
-2.79896426
-2.93573356
3.10010886
3.64287972
-3.41081166
3.17382312
2.98803782
3.54924154
-2.36585498
3.83338189
-2.83530974
3.19045329
2.54738927
2.7387476
-2.16562867
-3.03791118
3.45737386
-2.96170902
-3.04424143
-2.13374949
-2.97332048
-2.87199569
2.88287759
-2.65603852
-3.00858164
2.58670354
-3.3861928
-2.74164414
2.57765388
-2.15252185
-3.11500692
3.48505139
3.17890906
-3.37645364
-3.48829746
-2.51869988
-2.75741315
3.18203115
-3.25879788
3.00532269
column 4 4001
9.75
9.75
9.75
9.75
9.75
9.75
9.75
9.75
9.75
9.75
9.75
9.75
9.75
9.75
9.75
9.75
9.75
9.75
9.75
9.75
2.25
2.25
2.25
2.25
2.25
2.25
2.25
2.25
2.25
2.25
2.25
2.25
2.25
2.25
2.25
2.25
2.25
2.25
2.25
2.25
2.25
2.25
2.25
2.25
2.25
2.25
2.25
2.25
2.25
2.25
2.25
2.25
2.25
2.25
2.25
2.25
2.25
2.25
2.25
2.25
2.25
2.25
2.25
2.25
2.25
2.25
2.25
2.25
2.25
2.25
2.25
2.25
2.25
2.25
2.25
2.25
2.25
2.25
2.25
2.25
2.25
2.25
2.25
2.25
2.25
2.25
2.25
2.25
2.25
2.25
2.25
2.25
2.25
2.25
2.25
2.25
2.25
2.25
2.25
2.25
2.25
2.25
2.25
2.25
2.25
2.25
2.25
2.25
2.25
2.25
2.25
2.25
2.25
2.25
2.25
2.25
2.25
2.25
2.25
2.25
2.25
2.25
2.25
2.25
2.25
2.25
2.25
2.25
2.25
2.25
2.25
2.25
2.25
2.25
2.25
2.25
2.25
2.25
2.25
2.25
2.25
2.25
2.25
2.25
2.25
2.25
2.25
2.25
2.25
2.25
2.25
2.25
2.25
2.25
2.25
2.25
2.25
2.25
2.25
2.25
2.25
2.25
2.25
2.25
2.25
2.25
2.25
2.25
2.25
2.25
2.25
2.25
2.25
2.25
2.25
2.25
2.25
2.25
2.25
2.25
2.25
2.25
2.25
2.25
2.25
2.25
2.25
2.25
2.25
2.25
2.25
2.25
2.25
2.25
2.25
2.25
2.25
2.25
2.25
2.25
2.25
2.25
2.25
2.25
2.25
2.25
2.25
2.25
2.25
2.25
2.25
2.25
2.25
2.25
2.25
2.25
2.25
2.25
2.25
2.25
2.25
2.25
2.25
2.25
2.25
2.25
2.25
2.25
2.25
2.25
2.25
2.25
2.25
2.25
2.25
2.25
2.25
2.25
2.25
2.25
2.25
2.25
2.25
2.25
2.25
2.25
2.25
2.25
2.25
2.25
2.25
2.25
2.25
2.25
2.25
2.25
2.25
2.25
2.25
2.25
2.25
2.25
2.25
2.25
2.25
2.25
2.25
2.25
2.25
2.25
2.25
2.25
2.25
2.25
2.25
2.25
2.25
2.25
2.25
2.25
2.25
2.25
2.25
2.25
2.25
2.25
2.25
2.25
2.25
2.25
2.25
2.25
2.25
2.25
2.25
2.25
2.25
2.25
2.25
2.25
2.25
2.25
2.25
2.25
2.25
2.25
2.25
2.25
2.25
2.25
2.25
2.25
2.25
2.25
2.25
2.25
2.25
2.25
2.25
2.25
2.25
2.25
2.25
2.25
2.25
2.25
2.25
2.25
2.25
2.25
2.25
2.25
2.25
2.25
2.25
2.25
2.25
2.25
2.25
2.25
2.25
2.25
2.25
2.25
2.25
2.25
2.25
2.25
2.25
2.25
2.25
2.25
2.25
2.25
2.25
2.25
2.25
2.25
2.25
2.25
2.25
2.25
2.25
2.25
2.25
2.25
2.25
2.25
2.25
2.25
2.25
2.25
2.25
2.25
2.25
2.25
2.25
2.25
2.25
2.25
2.25
2.25
2.25
2.25
2.25
2.25
2.25
2.25
2.25
2.25
2.25
2.25
2.25
2.25
2.25
2.25
2.25
2.25
2.25
2.25
2.25
2.25
2.25
2.25
2.25
2.25
2.25
2.25
2.25
2.25
2.25
2.25
2.25
2.25
2.25
2.25
2.25
2.25
2.25
2.25
2.25
2.25
2.25
2.25
2.25
2.25
2.25
2.25
2.25
2.25
2.25
2.25
2.25
2.25
2.25
2.25
2.25
2.25
2.25
2.25
2.25
2.25
2.25
2.25
2.25
2.25
2.25
2.25
2.25
2.25
2.25
2.25
2.25
2.25
2.25
2.25
2.25
2.25
2.25
2.25
2.25
2.25
2.25
2.25
2.25
2.25
2.25
2.25
2.25
2.25
2.25
2.25
2.25
2.25
2.25
2.25
2.25
2.25
2.25
2.25
2.25
2.25
2.25
2.25
2.25
2.25
2.25
2.25
2.25
2.25
2.25
2.25
2.25
2.25
2.25
2.25
2.25
2.25
2.25
2.25
2.25
2.25
2.25
2.25
2.25
2.25
2.25
2.25
2.25
2.25
2.25
2.25
2.25
2.25
2.25
2.25
2.25
2.25
2.25
2.25
2.25
2.25
2.25
2.25
2.25
2.25
2.25
2.25
2.25
2.25
2.25
2.25
2.25
2.25
2.25
2.25
2.25
2.25
2.25
2.25
2.25
2.25
2.25
2.25
2.25
2.25
2.25
2.25
2.25
2.25
2.25
2.25
2.25
2.25
2.25
2.25
2.25
2.25
2.25
2.25
2.25
2.25
2.25
2.25
2.25
2.25
2.25
2.25
2.25
2.25
2.25
2.25
2.25
2.25
2.25
2.25
2.25
2.25
2.25
2.25
2.25
2.25
2.25
2.25
2.25
2.25
2.25
2.25
2.25
2.25
2.25
2.25
2.25
2.25
2.25
2.25
2.25
2.25
2.25
2.25
2.25
2.25
2.25
2.25
2.25
2.25
2.25
2.25
2.25
2.25
2.25
2.25
2.25
2.25
2.25
2.25
2.25
2.25
2.25
2.25
2.25
2.25
2.25
2.25
2.25
2.25
2.25
2.25
2.25
2.25
2.25
2.25
2.25
2.25
2.25
2.25
2.25
2.25
2.25
2.25
2.25
2.25
2.25
2.25
2.25
2.25
2.25
2.25
2.25
2.25
2.25
2.25
2.25
2.25
2.25
2.25
2.25
2.25
2.25
2.25
2.25
2.25
2.25
2.25
2.25
2.25
2.25
2.25
2.25
2.25
2.25
2.25
2.25
2.25
2.25
2.25
2.25
2.25
2.25
2.25
2.25
2.25
2.25
2.25
2.25
2.25
2.25
2.25
2.25
2.25
2.25
2.25
2.25
2.25
2.25
2.25
2.25
2.25
2.25
2.25
2.25
2.25
2.25
2.25
2.25
2.25
2.25
2.25
2.25
2.25
2.25
2.25
2.25
2.25
2.25
2.25
2.25
2.25
2.25
2.25
2.25
2.25
2.25
2.25
2.25
2.25
2.25
2.25
2.25
2.25
2.25
2.25
2.25
2.25
2.25
2.25
2.25
2.25
2.25
2.25
2.25
2.25
2.25
2.25
2.25
2.25
2.25
2.25
2.25
2.25
2.25
2.25
2.25
2.25
2.25
2.25
2.25
2.25
2.25
2.25
2.25
2.25
2.25
2.25
2.25
2.25
2.25
2.25
2.25
2.25
2.25
2.25
2.25
2.25
2.25
2.25
2.25
2.25
2.25
2.25
2.25
2.25
2.25
2.25
2.25
2.25
2.25
2.25
2.25
2.25
2.25
2.25
2.25
2.25
2.25
2.25
2.25
2.25
2.25
2.25
2.25
2.25
2.25
2.25
2.25
2.25
2.25
2.25
2.25
2.25
2.25
2.25
2.25
2.25
2.25
2.25
2.25
2.25
2.25
2.25
2.25
2.25
2.25
2.25
2.25
2.25
2.25
2.25
2.25
2.25
2.25
2.25
2.25
2.25
2.25
2.25
2.25
2.25
2.25
2.25
2.25
2.25
2.25
2.25
2.25
2.25
2.25
2.25
2.25
2.25
2.25
2.25
2.25
2.25
2.25
2.25
2.25
2.25
2.25
2.25
2.25
2.25
2.25
2.25
2.25
2.25
2.25
2.25
2.25
2.25
2.25
2.25
2.25
2.25
2.25
2.25
2.25
2.25
2.25
2.25
2.25
2.25
2.25
2.25
2.25
2.25
2.25
2.25
2.25
2.25
2.25
2.25
2.25
2.25
2.25
2.25
2.25
2.25
2.25
2.25
2.25
2.25
2.25
2.25
2.25
2.25
2.25
2.25
2.25
2.25
2.25
2.25
2.25
2.25
2.25
2.25
2.25
2.25
2.25
2.25
2.25
2.25
2.25
2.25
2.25
2.25
2.25
2.25
2.25
2.25
2.25
2.25
2.25
2.25
2.25
2.25
2.25
2.25
2.25
2.25
2.25
2.25
2.25
2.25
2.25
2.25
2.25
2.25
2.25
2.25
2.25
2.25
2.25
2.25
2.25
2.25
2.25
2.25
2.25
2.25
2.25
2.25
2.25
2.25
2.25
2.25
2.25
2.25
2.25
2.25
2.25
2.25
2.25
2.25
2.25
2.25
2.25
2.25
2.25
2.25
2.25
2.25
2.25
2.25
2.25
2.25
2.25
2.25
2.25
2.25
2.25
2.25
2.25
2.25
2.25
2.25
2.25
2.25
2.25
2.25
2.25
2.25
2.25
2.25
2.25
2.25
2.25
2.25
2.25
2.25
2.25
2.25
2.25
2.25
2.25
2.25
2.25
2.25
2.25
2.25
2.25
2.25
2.25
2.25
2.25
2.25
2.25
2.25
2.25
2.25
2.25
2.25
2.25
2.25
2.25
2.25
2.25
2.25
2.25
2.25
2.25
2.25
2.25
2.25
2.25
2.25
2.25
2.25
2.25
2.25
2.25
2.25
2.25
2.25
2.25
2.25
2.25
2.25
2.25
2.25
2.25
2.25
2.25
2.25
2.25
2.25
2.25
2.25
2.25
2.25
2.25
2.25
2.25
2.25
2.25
2.25
2.25
2.25
2.25
2.25
2.25
2.25
2.25
2.25
2.25
2.25
2.25
2.25
2.25
2.25
2.25
2.25
2.25
2.25
2.25
2.25
2.25
2.25
2.25
2.25
2.25
2.25
2.25
2.25
2.25
2.25
2.25
2.25
2.25
2.25
2.25
2.25
2.25
2.25
2.25
2.25
2.25
2.25
2.25
2.25
2.25
2.25
2.25
2.25
2.25
2.25
2.25
2.25
2.25
2.25
2.25
2.25
2.25
2.25
2.25
2.25
2.25
2.25
2.25
2.25
2.25
2.25
2.25
2.25
2.25
2.25
2.25
2.25
2.25
2.25
2.25
2.25
2.25
2.25
2.25
2.25
2.25
2.25
2.25
2.25
2.25
2.25
2.25
2.25
2.25
2.25
2.25
2.25
2.25
2.25
2.25
2.25
2.25
2.25
2.25
2.25
2.25
2.25
2.25
2.25
2.25
2.25
2.25
2.25
2.25
2.25
2.25
2.25
2.25
2.25
2.25
2.25
2.25
2.25
2.25
2.25
2.25
2.25
2.25
2.25
2.25
2.25
2.25
2.25
2.25
2.25
2.25
2.25
2.25
2.25
2.25
2.25
2.25
2.25
2.25
2.25
2.25
2.25
2.25
2.25
2.25
2.25
2.25
2.25
2.25
2.25
2.25
2.25
2.25
2.25
2.25
2.25
2.25
2.25
2.25
2.25
2.25
2.25
2.25
2.25
2.25
2.25
2.25
2.25
2.25
2.25
2.25
2.25
2.25
2.25
2.25
2.25
2.25
2.25
2.25
2.25
2.25
2.25
2.25
2.25
2.25
2.25
2.25
2.25
2.25
2.25
2.25
2.25
2.25
2.25
2.25
2.25
2.25
2.25
2.25
2.25
2.25
2.25
2.25
2.25
2.25
2.25
2.25
2.25
2.25
2.25
2.25
2.25
2.25
2.25
2.25
2.25
2.25
2.25
2.25
2.25
2.25
2.25
2.25
2.25
2.25
2.25
2.25
2.25
2.25
2.25
2.25
2.25
2.25
2.25
2.25
2.25
2.25
2.25
2.25
2.25
2.25
2.25
2.25
2.25
2.25
2.25
2.25
2.25
2.25
2.25
2.25
2.25
2.25
2.25
2.25
2.25
2.25
2.25
2.25
2.25
2.25
2.25
2.25
2.25
2.25
2.25
2.25
2.25
2.25
2.25
2.25
2.25
2.25
2.25
2.25
2.25
2.25
2.25
2.25
2.25
2.25
2.25
2.25
2.25
2.25
2.25
2.25
2.25
2.25
2.25
2.25
2.25
2.25
2.25
2.25
2.25
2.25
2.25
2.25
2.25
2.25
2.25
2.25
2.25
2.25
2.25
2.25
2.25
2.25
2.25
2.25
2.25
2.25
2.25
2.25
2.25
2.25
2.25
2.25
2.25
2.25
2.25
2.25
2.25
2.25
2.25
2.25
2.25
2.25
2.25
2.25
2.25
2.25
2.25
2.25
2.25
2.25
2.25
2.25
2.25
2.25
2.25
2.25
2.25
2.25
2.25
2.25
2.25
2.25
2.25
2.25
2.25
2.25
2.25
2.25
2.25
2.25
2.25
2.25
2.25
2.25
2.25
2.25
2.25
2.25
2.25
2.25
2.25
2.25
2.25
2.25
2.25
2.25
2.25
2.25
2.25
2.25
2.25
2.25
2.25
2.25
2.25
2.25
2.25
2.25
2.25
2.25
2.25
2.25
2.25
2.25
2.25
2.25
2.25
2.25
2.25
2.25
2.25
2.25
2.25
2.25
2.25
2.25
2.25
2.25
2.25
2.25
2.25
2.25
2.25
2.25
2.25
2.25
2.25
2.25
2.25
2.25
2.25
2.25
2.25
2.25
2.25
2.25
2.25
2.25
2.25
2.25
2.25
2.25
2.25
2.25
2.25
2.25
2.25
2.25
2.25
2.25
2.25
2.25
2.25
2.25
2.25
2.25
2.25
2.25
2.25
2.25
2.25
2.25
2.25
2.25
2.25
2.25
2.25
2.25
2.25
2.25
2.25
2.25
2.25
2.25
2.25
2.25
2.25
2.25
2.25
2.25
2.25
2.25
2.25
2.25
2.25
2.25
2.25
2.25
2.25
2.25
2.25
2.25
2.25
2.25
2.25
2.25
2.25
2.25
2.25
2.25
2.25
2.25
2.25
2.25
2.25
2.25
2.25
2.25
2.25
2.25
2.25
2.25
2.25
2.25
2.25
2.25
2.25
2.25
2.25
2.25
2.25
2.25
2.25
2.25
2.25
2.25
2.25
2.25
2.25
2.25
2.25
2.25
2.25
2.25
2.25
2.25
2.25
2.25
2.25
2.25
2.25
2.25
2.25
2.25
2.25
2.25
2.25
2.25
2.25
2.25
2.25
2.25
2.25
2.25
2.25
2.25
2.25
2.25
2.25
2.25
2.25
2.25
2.25
2.25
2.25
2.25
2.25
2.25
2.25
2.25
2.25
2.25
2.25
2.25
2.25
2.25
2.25
2.25
2.25
2.25
2.25
2.25
2.25
2.25
2.25
2.25
2.25
2.25
2.25
2.25
2.25
2.25
2.25
2.25
2.25
2.25
2.25
2.25
2.25
2.25
2.25
2.25
2.25
2.25
2.25
2.25
2.25
2.25
2.25
2.25
2.25
2.25
2.25
2.25
2.25
2.25
2.25
2.25
2.25
2.25
2.25
2.25
2.25
2.25
2.25
2.25
2.25
2.25
2.25
2.25
2.25
2.25
2.25
2.25
2.25
2.25
2.25
2.25
2.25
2.25
2.25
2.25
2.25
2.25
2.25
2.25
2.25
2.25
2.25
2.25
2.25
2.25
2.25
2.25
2.25
2.25
2.25
2.25
2.25
2.25
2.25
2.25
2.25
2.25
2.25
2.25
2.25
2.25
2.25
2.25
2.25
2.25
2.25
2.25
2.25
2.25
2.25
2.25
2.25
2.25
2.25
2.25
2.25
2.25
2.25
2.25
2.25
2.25
2.25
2.25
2.25
2.25
2.25
2.25
2.25
2.25
2.25
2.25
2.25
2.25
2.25
2.25
2.25
2.25
2.25
2.25
2.25
2.25
2.25
2.25
2.25
2.25
2.25
2.25
2.25
2.25
2.25
2.25
2.25
2.25
2.25
2.25
2.25
2.25
2.25
2.25
2.25
2.25
2.25
2.25
2.25
2.25
2.25
2.25
2.25
2.25
2.25
2.25
2.25
2.25
2.25
2.25
2.25
2.25
2.25
2.25
2.25
2.25
2.25
2.25
2.25
2.25
2.25
2.25
2.25
2.25
2.25
2.25
2.25
2.25
2.25
2.25
2.25
2.25
2.25
2.25
2.25
2.25
2.25
2.25
2.25
2.25
2.25
2.25
2.25
2.25
2.25
2.25
2.25
2.25
2.25
2.25
2.25
2.25
2.25
2.25
2.25
2.25
2.25
2.25
2.25
2.25
2.25
2.25
2.25
2.25
2.25
2.25
2.25
2.25
2.25
2.25
2.25
2.25
2.25
2.25
2.25
2.25
2.25
2.25
2.25
2.25
2.25
2.25
2.25
2.25
2.25
2.25
2.25
2.25
2.25
2.25
2.25
2.25
2.25
2.25
2.25
2.25
2.25
2.25
2.25
2.25
2.25
2.25
2.25
2.25
2.25
2.25
2.25
2.25
2.25
2.25
2.25
2.25
2.25
2.25
2.25
2.25
2.25
2.25
2.25
2.25
2.25
2.25
2.25
2.25
2.25
2.25
2.25
2.25
2.25
2.25
2.25
2.25
2.25
2.25
2.25
2.25
2.25
2.25
2.25
2.25
2.25
2.25
2.25
2.25
2.25
2.25
2.25
2.25
2.25
2.25
2.25
2.25
2.25
2.25
2.25
2.25
2.25
2.25
2.25
2.25
2.25
2.25
2.25
2.25
2.25
2.25
2.25
2.25
2.25
2.25
2.25
2.25
2.25
2.25
2.25
2.25
2.25
2.25
2.25
2.25
2.25
2.25
2.25
2.25
2.25
2.25
2.25
2.25
2.25
2.25
2.25
2.25
2.25
2.25
2.25
2.25
2.25
2.25
2.25
2.25
2.25
2.25
2.25
2.25
2.25
2.25
2.25
2.25
2.25
2.25
2.25
2.25
2.25
2.25
2.25
2.25
2.25
2.25
2.25
2.25
2.25
2.25
2.25
2.25
2.25
2.25
2.25
2.25
2.25
2.25
2.25
2.25
2.25
2.25
2.25
2.25
2.25
2.25
2.25
2.25
2.25
2.25
2.25
2.25
2.25
2.25
2.25
2.25
2.25
2.25
2.25
2.25
2.25
2.25
2.25
2.25
2.25
2.25
2.25
2.25
2.25
2.25
2.25
2.25
2.25
2.25
2.25
2.25
2.25
2.25
2.25
2.25
2.25
2.25
2.25
2.25
2.25
2.25
2.25
2.25
2.25
2.25
2.25
2.25
2.25
2.25
2.25
2.25
2.25
2.25
2.25
2.25
2.25
2.25
2.25
2.25
2.25
2.25
2.25
2.25
2.25
2.25
2.25
2.25
2.25
2.25
2.25
2.25
2.25
2.25
2.25
2.25
2.25
2.25
2.25
2.25
2.25
2.25
2.25
2.25
2.25
2.25
2.25
2.25
2.25
2.25
2.25
2.25
2.25
2.25
2.25
2.25
2.25
2.25
2.25
2.25
2.25
2.25
2.25
2.25
2.25
2.25
2.25
2.25
2.25
2.25
2.25
2.25
2.25
2.25
2.25
2.25
2.25
2.25
2.25
2.25
2.25
2.25
2.25
2.25
2.25
2.25
2.25
2.25
2.25
2.25
2.25
2.25
2.25
2.25
2.25
2.25
2.25
2.25
2.25
2.25
2.25
2.25
2.25
2.25
2.25
2.25
2.25
2.25
2.25
2.25
2.25
2.25
2.25
2.25
2.25
2.25
2.25
2.25
2.25
2.25
2.25
2.25
2.25
2.25
2.25
2.25
2.25
2.25
2.25
2.25
2.25
2.25
2.25
2.25
2.25
2.25
2.25
2.25
2.25
2.25
2.25
2.25
2.25
2.25
2.25
2.25
2.25
2.25
2.25
2.25
2.25
2.25
2.25
2.25
2.25
2.25
2.25
2.25
2.25
2.25
2.25
2.25
2.25
2.25
2.25
2.25
2.25
2.25
2.25
2.25
2.25
2.25
2.25
2.25
2.25
2.25
2.25
2.25
2.25
2.25
2.25
2.25
2.25
2.25
2.25
2.25
2.25
2.25
2.25
2.25
2.25
2.25
2.25
2.25
2.25
2.25
2.25
2.25
2.25
2.25
2.25
2.25
2.25
2.25
2.25
2.25
2.25
2.25
2.25
2.25
2.25
2.25
2.25
2.25
2.25
2.25
2.25
2.25
2.25
2.25
2.25
2.25
2.25
2.25
2.25
2.25
2.25
2.25
2.25
2.25
2.25
2.25
2.25
2.25
2.25
2.25
2.25
2.25
2.25
2.25
2.25
2.25
2.25
2.25
2.25
2.25
2.25
2.25
2.25
2.25
2.25
2.25
2.25
2.25
2.25
2.25
2.25
2.25
2.25
2.25
2.25
2.25
2.25
2.25
2.25
2.25
2.25
2.25
2.25
2.25
2.25
2.25
2.25
2.25
2.25
2.25
2.25
2.25
2.25
2.25
2.25
2.25
2.25
2.25
2.25
2.25
2.25
2.25
2.25
2.25
2.25
2.25
2.25
2.25
2.25
2.25
2.25
2.25
2.25
2.25
2.25
2.25
2.25
2.25
2.25
2.25
2.25
2.25
2.25
2.25
2.25
2.25
2.25
2.25
2.25
2.25
2.25
2.25
2.25
2.25
2.25
2.25
2.25
2.25
2.25
2.25
2.25
2.25
2.25
2.25
2.25
2.25
2.25
2.25
2.25
2.25
2.25
2.25
2.25
2.25
2.25
2.25
2.25
2.25
2.25
2.25
2.25
2.25
2.25
2.25
2.25
2.25
2.25
2.25
2.25
2.25
2.25
2.25
2.25
2.25
2.25
2.25
2.25
2.25
2.25
2.25
2.25
2.25
2.25
2.25
2.25
2.25
2.25
2.25
2.25
2.25
2.25
2.25
2.25
2.25
2.25
2.25
2.25
2.25
2.25
2.25
2.25
2.25
2.25
2.25
2.25
2.25
2.25
2.25
2.25
2.25
2.25
2.25
2.25
2.25
2.25
2.25
2.25
2.25
2.25
2.25
2.25
2.25
2.25
2.25
2.25
2.25
2.25
2.25
2.25
2.25
2.25
2.25
2.25
2.25
2.25
2.25
2.25
2.25
2.25
2.25
2.25
2.25
2.25
2.25
2.25
2.25
2.25
2.25
2.25
2.25
2.25
2.25
2.25
2.25
2.25
2.25
2.25
2.25
2.25
2.25
2.25
2.25
2.25
2.25
2.25
2.25
2.25
2.25
2.25
2.25
2.25
2.25
2.25
2.25
2.25
2.25
2.25
2.25
2.25
2.25
2.25
2.25
2.25
2.25
2.25
2.25
2.25
2.25
2.25
2.25
2.25
2.25
2.25
2.25
2.25
2.25
2.25
2.25
2.25
2.25
2.25
2.25
2.25
2.25
2.25
2.25
2.25
2.25
2.25
2.25
2.25
2.25
2.25
2.25
2.25
2.25
2.25
2.25
2.25
2.25
2.25
2.25
2.25
2.25
2.25
2.25
2.25
2.25
2.25
2.25
2.25
2.25
2.25
2.25
2.25
2.25
2.25
2.25
2.25
2.25
2.25
2.25
2.25
2.25
2.25
2.25
2.25
2.25
2.25
2.25
2.25
2.25
2.25
2.25
2.25
2.25
2.25
2.25
2.25
2.25
2.25
2.25
2.25
2.25
2.25
2.25
2.25
2.25
2.25
2.25
2.25
2.25
2.25
2.25
2.25
2.25
2.25
2.25
2.25
2.25
2.25
2.25
2.25
2.25
2.25
2.25
2.25
2.25
2.25
2.25
2.25
2.25
2.25
2.25
2.25
2.25
2.25
2.25
2.25
2.25
2.25
2.25
2.25
2.25
2.25
2.25
2.25
2.25
2.25
2.25
2.25
2.25
2.25
2.25
2.25
2.25
2.25
2.25
2.25
2.25
2.25
2.25
2.25
2.25
2.25
2.25
2.25
2.25
2.25
2.25
2.25
2.25
2.25
2.25
2.25
2.25
2.25
2.25
2.25
2.25
2.25
2.25
2.25
2.25
2.25
2.25
2.25
2.25
2.25
2.25
2.25
2.25
2.25
2.25
2.25
2.25
2.25
2.25
2.25
2.25
2.25
2.25
2.25
2.25
2.25
2.25
2.25
2.25
2.25
2.25
2.25
2.25
2.25
2.25
2.25
2.25
2.25
2.25
2.25
2.25
2.25
2.25
2.25
2.25
2.25
2.25
2.25
2.25
2.25
2.25
2.25
2.25
2.25
2.25
2.25
2.25
2.25
2.25
2.25
2.25
2.25
2.25
2.25
2.25
2.25
2.25
2.25
2.25
2.25
2.25
2.25
2.25
2.25
2.25
2.25
2.25
2.25
2.25
2.25
2.25
2.25
2.25
2.25
2.25
2.25
2.25
2.25
2.25
2.25
2.25
2.25
2.25
2.25
2.25
2.25
2.25
2.25
2.25
2.25
2.25
2.25
2.25
2.25
2.25
2.25
2.25
2.25
2.25
2.25
2.25
2.25
2.25
2.25
2.25
2.25
2.25
2.25
2.25
2.25
2.25
2.25
2.25
2.25
2.25
2.25
2.25
2.25
2.25
2.25
2.25
2.25
2.25
2.25
2.25
2.25
2.25
2.25
2.25
2.25
2.25
2.25
2.25
2.25
2.25
2.25
2.25
2.25
2.25
2.25
2.25
2.25
2.25
2.25
2.25
2.25
2.25
2.25
2.25
2.25
2.25
2.25
2.25
2.25
2.25
2.25
2.25
2.25
2.25
2.25
2.25
2.25
2.25
2.25
2.25
2.25
2.25
2.25
2.25
2.25
2.25
2.25
2.25
2.25
2.25
2.25
2.25
2.25
2.25
2.25
2.25
2.25
2.25
2.25
2.25
2.25
2.25
2.25
2.25
2.25
2.25
2.25
2.25
2.25
2.25
2.25
2.25
2.25
2.25
2.25
2.25
2.25
2.25
2.25
2.25
2.25
2.25
2.25
2.25
2.25
2.25
2.25
2.25
2.25
2.25
2.25
2.25
2.25
2.25
2.25
2.25
2.25
2.25
2.25
2.25
2.25
2.25
2.25
2.25
2.25
2.25
2.25
2.25
2.25
2.25
2.25
2.25
2.25
2.25
2.25
2.25
2.25
2.25
2.25
2.25
2.25
2.25
2.25
2.25
2.25
2.25
2.25
2.25
2.25
2.25
2.25
2.25
2.25
2.25
2.25
2.25
2.25
2.25
2.25
2.25
2.25
2.25
2.25
2.25
2.25
2.25
2.25
2.25
2.25
2.25
2.25
2.25
2.25
2.25
2.25
2.25
2.25
2.25
2.25
2.25
2.25
2.25
2.25
2.25
2.25
2.25
2.25
2.25
2.25
2.25
2.25
2.25
2.25
2.25
2.25
2.25
2.25
2.25
2.25
2.25
2.25
2.25
2.25
2.25
2.25
2.25
2.25
2.25
2.25
2.25
2.25
2.25
2.25
2.25
2.25
2.25
2.25
2.25
2.25
2.25
2.25
2.25
2.25
2.25
2.25
2.25
2.25
2.25
2.25
2.25
2.25
2.25
2.25
2.25
2.25
2.25
2.25
2.25
2.25
2.25
2.25
2.25
2.25
2.25
2.25
2.25
2.25
2.25
2.25
2.25
2.25
2.25
2.25
2.25
2.25
2.25
2.25
2.25
2.25
2.25
2.25
2.25
2.25
2.25
2.25
2.25
2.25
2.25
2.25
2.25
2.25
2.25
2.25
2.25
2.25
2.25
2.25
2.25
2.25
2.25
2.25
2.25
2.25
2.25
2.25
2.25
2.25
2.25
2.25
2.25
2.25
2.25
2.25
2.25
2.25
2.25
2.25
2.25
2.25
2.25
2.25
2.25
2.25
2.25
2.25
2.25
2.25
2.25
2.25
2.25
2.25
2.25
2.25
2.25
2.25
2.25
2.25
2.25
2.25
2.25
2.25
2.25
2.25
2.25
2.25
2.25
2.25
2.25
2.25
2.25
2.25
2.25
2.25
2.25
2.25
2.25
2.25
2.25
2.25
2.25
2.25
2.25
2.25
2.25
2.25
2.25
2.25
2.25
2.25
2.25
2.25
2.25
2.25
2.25
2.25
2.25
2.25
2.25
2.25
2.25
2.25
2.25
2.25
2.25
2.25
2.25
2.25
2.25
2.25
2.25
2.25
2.25
2.25
2.25
2.25
2.25
2.25
2.25
2.25
2.25
2.25
2.25
2.25
2.25
2.25
2.25
2.25
2.25
2.25
2.25
2.25
2.25
2.25
2.25
2.25
2.25
2.25
2.25
2.25
2.25
2.25
2.25
2.25
2.25
2.25
2.25
2.25
2.25
2.25
2.25
2.25
2.25
2.25
2.25
2.25
2.25
2.25
2.25
2.25
2.25
2.25
2.25
2.25
2.25
2.25
2.25
2.25
2.25
2.25
2.25
2.25
2.25
2.25
2.25
2.25
2.25
2.25
2.25
2.25
2.25
2.25
2.25
2.25
2.25
2.25
2.25
2.25
2.25
2.25
2.25
2.25
2.25
2.25
2.25
2.25
2.25
2.25
2.25
2.25
2.25
2.25
2.25
2.25
2.25
2.25
2.25
2.25
2.25
2.25
2.25
2.25
2.25
2.25
2.25
2.25
2.25
2.25
2.25
2.25
2.25
2.25
2.25
2.25
2.25
2.25
2.25
2.25
2.25
2.25
2.25
2.25
2.25
2.25
2.25
2.25
2.25
2.25
2.25
2.25
2.25
2.25
2.25
2.25
2.25
2.25
2.25
2.25
2.25
2.25
2.25
2.25
2.25
2.25
2.25
2.25
2.25
2.25
2.25
2.25
2.25
2.25
2.25
2.25
2.25
2.25
2.25
2.25
2.25
2.25
2.25
2.25
2.25
2.25
2.25
2.25
2.25
2.25
2.25
2.25
2.25
2.25
2.25
2.25
2.25
2.25
2.25
2.25
2.25
2.25
2.25
2.25
2.25
2.25
2.25
2.25
2.25
2.25
2.25
2.25
2.25
2.25
2.25
2.25
2.25
2.25
2.25
2.25
2.25
2.25
2.25
2.25
2.25
2.25
2.25
2.25
2.25
2.25
2.25
2.25
2.25
2.25
2.25
2.25
2.25
2.25
2.25
2.25
2.25
2.25
2.25
2.25
2.25
2.25
2.25
2.25
2.25
2.25
2.25
2.25
2.25
2.25
2.25
2.25
2.25
2.25
2.25
2.25
2.25
2.25
2.25
2.25
2.25
2.25
2.25
2.25
2.25
2.25
2.25
2.25
2.25
2.25
2.25
2.25
2.25
2.25
2.25
2.25
2.25
2.25
2.25
2.25
2.25
2.25
2.25
2.25
2.25
2.25
2.25
2.25
2.25
2.25
2.25
2.25
2.25
2.25
2.25
2.25
2.25
2.25
2.25
2.25
2.25
2.25
2.25
2.25
2.25
2.25
2.25
2.25
2.25
2.25
2.25
2.25
2.25
2.25
2.25
2.25
2.25
2.25
2.25
2.25
2.25
2.25
2.25
2.25
2.25
2.25
2.25
2.25
2.25
2.25
2.25
2.25
2.25
2.25
2.25
2.25
2.25
2.25
2.25
2.25
2.25
2.25
2.25
2.25
2.25
2.25
2.25
2.25
2.25
2.25
2.25
2.25
2.25
2.25
2.25
2.25
2.25
2.25
2.25
2.25
2.25
2.25
2.25
2.25
2.25
2.25
2.25
2.25
2.25
2.25
2.25
2.25
2.25
2.25
2.25
2.25
2.25
2.25
2.25
2.25
2.25
2.25
2.25
2.25
2.25
2.25
2.25
2.25
2.25
2.25
2.25
2.25
2.25
2.25
2.25
2.25
2.25
2.25
2.25
2.25
2.25
2.25
2.25
2.25
2.25
2.25
2.25
2.25
2.25
2.25
2.25
2.25
2.25
2.25
2.25
2.25
2.25
2.25
2.25
2.25
2.25
2.25
2.25
2.25
2.25
2.25
2.25
2.25
2.25
2.25
2.25
2.25
2.25
2.25
2.25
2.25
2.25
2.25
2.25
2.25
2.25
2.25
2.25
2.25
2.25
2.25
2.25
2.25
2.25
2.25
2.25
2.25
2.25
2.25
2.25
2.25
2.25
2.25
2.25
2.25
2.25
2.25
2.25
2.25
2.25
2.25
2.25
2.25
2.25
2.25
2.25
2.25
2.25
2.25
2.25
2.25
2.25
2.25
2.25
2.25
2.25
2.25
2.25
2.25
2.25
2.25
2.25
2.25
2.25
2.25
2.25
2.25
2.25
2.25
2.25
2.25
2.25
2.25
2.25
2.25
2.25
2.25
2.25
2.25
2.25
2.25
2.25
2.25
2.25
2.25
2.25
2.25
2.25
2.25
2.25
2.25
2.25
2.25
2.25
2.25
2.25
2.25
2.25
2.25
2.25
2.25
2.25
2.25
2.25
2.25
2.25
2.25
2.25
2.25
2.25
2.25
2.25
2.25
2.25
2.25
2.25
2.25
2.25
2.25
2.25
2.25
2.25
2.25
2.25
2.25
2.25
2.25
2.25
2.25
2.25
2.25
2.25
2.25
2.25
2.25
2.25
2.25
2.25
2.25
2.25
2.25
2.25
2.25
2.25
2.25
2.25
2.25
2.25
2.25
2.25
2.25
2.25
2.25
2.25
2.25
2.25
2.25
2.25
2.25
2.25
2.25
2.25
2.25
2.25
2.25
2.25
2.25
2.25
2.25
2.25
2.25
2.25
2.25
2.25
2.25
2.25
2.25
2.25
2.25
2.25
2.25
2.25
2.25
2.25
2.25
2.25
2.25
2.25
2.25
2.25
2.25
2.25
2.25
2.25
2.25
2.25
2.25
2.25
2.25
2.25
2.25
2.25
2.25
2.25
2.25
2.25
2.25
2.25
2.25
2.25
2.25
2.25
2.25
2.25
2.25
2.25
2.25
2.25
2.25
2.25
2.25
2.25
2.25
2.25
2.25
2.25
2.25
2.25
2.25
2.25
2.25
2.25
2.25
2.25
2.25
2.25
2.25
2.25
2.25
2.25
2.25
2.25
2.25
2.25
2.25
2.25
2.25
2.25
2.25
2.25
2.25
2.25
2.25
2.25
2.25
2.25
2.25
2.25
2.25
2.25
2.25
2.25
2.25
2.25
2.25
2.25
2.25
2.25
2.25
2.25
2.25
2.25
2.25
2.25
2.25
2.25
2.25
2.25
2.25
2.25
2.25
2.25
2.25
2.25
2.25
2.25
2.25
2.25
2.25
2.25
2.25
2.25
2.25
2.25
2.25
2.25
2.25
2.25
2.25
2.25
2.25
2.25
2.25
2.25
2.25
2.25
2.25
2.25
2.25
2.25
2.25
2.25
2.25
2.25
2.25
2.25
2.25
2.25
2.25
2.25
2.25
2.25
2.25
2.25
2.25
2.25
2.25
2.25
2.25
2.25
2.25
2.25
2.25
2.25
2.25
2.25
2.25
2.25
2.25
2.25
2.25
2.25
2.25
2.25
2.25
2.25
2.25
2.25
2.25
2.25
2.25
2.25
2.25
2.25
2.25
2.25
2.25
2.25
2.25
2.25
2.25
2.25
2.25
2.25
2.25
2.25
2.25
2.25
2.25
2.25
2.25
2.25
2.25
2.25
2.25
2.25
2.25
2.25
2.25
2.25
2.25
2.25
2.25
2.25
2.25
2.25
2.25
2.25
2.25
2.25
2.25
2.25
2.25
2.25
2.25
2.25
2.25
2.25
2.25
2.25
2.25
2.25
2.25
2.25
2.25
2.25
2.25
2.25
2.25
2.25
2.25
2.25
2.25
2.25
cases 15
case 0 1 1
-0.00122948247
case 0 2 2
-0.446644217
0.437514246
case 0 3 3
-0.683410704
-0.000934340758
0.689421415
case 1 1 1
0.5
case 1 2 1
0.5
case 1 3 1
0.5
case 2 1 1
1.25
case 2 2 2
0.25
2.25
case 2 3 3
0.25
2.25
2.75
case 3 1 1
2.11661291
case 3 2 2
-2.81622005
2.83636951
case 3 3 3
-2.99810386
2.12267256
2.99635458
case 4 1 1
6
case 4 2 1
6
case 4 3 1
6
