# CatBoost 1.2.10 oracle. Generated by tools/catboost_oracle.py
config 4096 8 2 12 0.29999999999999999 3 15
train_mse 2.2066586246433433
baseline_mse 15.145249366760254
scale_and_bias 1 0
borders 0 15 -1.4765992160000001 -1.117006063 -0.86233472820000001 -0.65352511410000003 -0.46998178959999998 -0.30422538519999998 -0.15453976389999999 0.011496804649999999 0.1843593419 0.34427905079999999 0.50541126729999997 0.68515360359999999 0.88634753229999996 1.146775484 1.5184755329999999
borders 1 15 -1.5500667100000001 -1.1454654929999999 -0.89424741269999997 -0.68594217300000004 -0.51927363869999998 -0.35595288870000003 -0.17452552909999999 -0.0088940709829999996 0.16316656769999999 0.31321153039999999 0.50932341810000004 0.68496596809999999 0.86503005030000002 1.134011865 1.515976429
borders 2 15 -1.5567220450000001 -1.1644773479999999 -0.87569212910000005 -0.64483726019999998 -0.48151004310000001 -0.32965493200000001 -0.15704807639999999 -0.024918336419999999 0.13957612220000001 0.28942731020000001 0.46088385580000002 0.6542063951 0.87909138200000003 1.122992754 1.4986126420000001
borders 3 15 -1.484679222 -1.1248745920000001 -0.87710845469999998 -0.63559389109999997 -0.45538517830000003 -0.2824545503 -0.13842177389999999 0.016058297829999998 0.1615660042 0.327806294 0.50563073160000005 0.6841460466 0.89076554779999995 1.1458815339999999 1.5741086010000001
borders 4 15 -1.4978475570000001 -1.138055086 -0.88432455060000004 -0.66977429389999998 -0.4835510254 -0.31867897509999998 -0.16646645960000001 0.0056460141199999999 0.16505175829999999 0.34054523710000001 0.51584196090000001 0.70472061630000005 0.92397904399999997 1.190337658 1.5573834179999999
borders 5 15 -1.472294569 -1.112874508 -0.86985355620000004 -0.66060394050000004 -0.49118596320000002 -0.3056341112 -0.1574223042 0.013886111790000001 0.18152409789999999 0.34427794810000001 0.51012623310000005 0.68540847299999996 0.90243458750000005 1.1287972930000001 1.4854998589999999
borders 6 15 -1.541200042 -1.146624565 -0.90405893329999998 -0.68738365170000004 -0.50113302469999998 -0.32377859949999999 -0.16444635390000001 -0.01956164837 0.1494760513 0.30893668530000001 0.48724937439999999 0.68265354629999997 0.89760756490000004 1.1603474620000001 1.5751806500000001
borders 7 15 -1.516292572 -1.1643664840000001 -0.89779210089999995 -0.66989302640000004 -0.48680260780000001 -0.31093558669999999 -0.16158017520000001 -0.0091361114760000004 0.1553699821 0.32614797350000002 0.486852169 0.6787293553 0.89588427540000004 1.145780325 1.5148658749999999
split 0 0 0.011496804654598236
split 0 3 0.16156600415706635
leaves 0 -0.27860489306068659 1.1175224303445952 -1.2624126756181862 0.17402440400338212
split 1 0 -0.3042253851890564
split 1 3 -0.45538517832756042
leaves 1 -0.13963709424542267 0.96082247559212164 -0.93803050691598699 0.15996286186775086
split 2 0 0.68515360355377197
split 2 3 0.68414604663848877
leaves 2 -0.090489438553945395 0.95979659715790377 -0.78995944211867619 0.28100006688762708
split 3 0 -0.8623347282409668
split 3 0 1.146775484085083
leaves 3 -0.77936743827886268 0.050184822718180477 0 0.88586528762921379
split 4 0 -1.4765992164611816
split 4 3 -0.87710845470428467
leaves 4 -0.5755879533114947 0.60041831904585008 -1.2146430500344354 -0.048199977913433452
split 5 0 0.34427905082702637
split 5 7 0.15536998212337494
leaves 5 -0.00075634093177152006 -0.015695537355227031 -0.42352534612713993 0.73649518423719951
split 6 3 1.1458815336227417
split 6 0 1.5184755325317383
leaves 6 0.029696649232935454 -0.63207921785936017 0.8424860887279203 0.32419706386112229
split 7 0 -1.1170060634613037
split 7 7 -0.0091361114755272865
leaves 7 0.022825605577898166 -0.015918714002622618 -1.0666744676843318 0.1598729387303256
split 8 3 -1.1248745918273926
split 8 0 0.88634753227233887
leaves 8 0.39578869038130132 -0.13974109172923463 0.77266900254945892 0.24272477113773336
split 9 3 1.5741086006164551
split 9 0 -0.65352511405944824
leaves 9 -0.19174629333707632 -0.85331385689670292 0.11682586042013685 -0.48588065796970342
split 10 3 -1.4846792221069336
split 10 0 -1.4765992164611816
leaves 10 0.067625881973936236 -0.4641049982205655 0.56088850505213028 -0.0072300194395022261
split 11 3 0.5056307315826416
split 11 0 1.5184755325317383
leaves 11 0.058389025073939241 -0.21318475886094712 0.42277564083557201 0.31350384137249399
x 0.125730217 -0.132104859 0.640422642 0.104900114 -0.535669386 0.361595064 1.30400002 0.94708097
x -0.703735232 -1.26542151 -0.623274446 0.0413259789 -2.3250308 -0.218791664 -1.245911 -0.73226738
x -0.544259012 -0.316300154 0.411630541 1.04251337 -0.12853466 1.36646342 -0.66519469 0.351510078
x 0.903470159 0.0940122977 -0.743499279 -0.921725392 -0.457725823 0.22019513 -1.00961816 -0.209175572
x -0.159225017 0.540845573 0.214659125 0.355372697 -0.653828621 -0.129613638 0.783975482 1.49343109
x -1.25906551 1.51392376 1.34587538 0.781311393 0.264455616 -0.313922822 1.45802069 1.96025836
x 1.80163491 1.31510377 0.35738042 -1.20831859 -0.0044541331 0.656474948 -1.28836143 0.395122051
x 0.429863691 0.696042717 -1.18411791 -0.661702573 -0.436435252 -1.16980195 1.73936784 -0.495910734
x 0.328969628 -0.258572549 1.58347285 1.32036102 0.633352637 -2.20350981 0.0520289727 0.683686197
x 1.00396156 -0.617907047 1.82201135 -1.32043099 -0.661528051 0.935050011 0.0490546152 2.00239253
x 0.188519195 -0.633194089 -0.377563506 -1.09114611 -1.27768016 0.630411506 0.581165791 1.29455876
x -0.75460577 1.68910742 -0.287387699 1.57440829 -0.432785839 -0.735483289 0.249785379 1.03145313
x 0.16100958 -0.585528851 -1.34121966 -1.40152025 0.502682865 0.989713013 -0.164294586 -1.0743649
x 0.873042166 -1.28039396 -0.713068068 0.621017873 -2.25014114 0.386369586 -0.58164084 0.1092797
x -0.0757015273 0.202114388 0.694171965 -0.758369744 1.420982 0.726093769 0.843732655 1.16486394
x 0.787588239 0.84407866 0.0755936131 -1.42677391 -0.135045096 -0.76951462 -1.42274177 0.258452803
x -0.568549454 -1.02980447 -1.04300106 0.26841709 0.358671963 1.32245743 -0.0139146689 1.04183972
x 1.40226483 1.15016568 -2.36530399 1.22868371 0.339619994 0.423771352 0.371227413 0.382757157
x 0.319414228 -0.358913302 -1.90163529 -0.108914725 -0.803731859 1.08016336 -0.288766503 0.0834753588
x -0.849605978 -0.510622442 -0.011533062 -1.48537517 0.300685108 -0.106072254 -1.18571985 -2.39823294
x 0.513052106 -0.297584027 -0.530008435 -0.236154631 1.81647599 -0.0498009697 0.0866192654 -1.48707283
x 1.64733911 0.917487979 1.06693482 0.0476727299 0.916654766 0.370946825 0.613189101 -0.152192965
x -1.47388792 1.02885437 -1.93495965 -0.239936665 -0.204522491 -1.04286015 0.613123119 -0.200329706
x -0.43686834 0.519841731 -0.47657904 1.38898003 0.351455063 -0.474332988 -1.94426501 -1.30775321
x 1.08683074 -0.050604064 -0.283125073 1.64325166 -1.28264928 -0.585657775 -0.472587675 0.586337268
x -0.663535178 -0.613417864 -1.60514939 0.729349375 0.80613935 -0.476376742 0.163339943 -1.29264617
x -0.471813142 1.37795091 0.135730729 2.31036353 -0.787192762 0.580284417 -0.195505828 0.565817833
x -0.00721135968 -0.561198115 -0.867616773 3.0660367 -0.0773450583 -2.01666069 -0.648600578 0.67803973
x -0.500008404 1.36044621 1.00239825 -0.152338639 -0.47221595 -1.00480103 -0.69996655 -1.4731431
x 1.20439625 1.59070075 -1.25613809 -1.18168294 -1.76851189 -0.963854253 -3.10633683 -1.14227891
x 1.29691541 -0.345672518 0.854584217 -0.488969058 1.76066732 0.19921799 -0.382002294 2.55242395
x -0.324471861 -1.22122335 0.201910004 -0.0388350375 1.06632459 -0.921633899 0.804716945 0.852748454
x -0.667687297 0.163244009 -0.830751956 2.34580803 -0.70413959 -0.453074455 -1.06583798 -0.346121281
x -0.00587602658 0.767789125 -0.610486627 -0.185773954 -1.41648936 -0.827402234 2.75580764 1.0412432
x -0.781424046 -1.33739722 -0.975582838 -0.0216908604 0.0347277895 -0.744360626 -1.28657448 1.42237854
x 0.451685458 -0.374568015 -0.220661208 -0.529530466 -2.93604541 0.11566183 -1.07054436 -1.00268435
x -0.640262425 0.732301712 -1.1705308 -1.43428147 0.639852047 0.754368901 -0.958933711 0.562397659
x -0.291632444 0.301292181 -1.26096022 0.832894444 1.20325899 0.637073219 0.558339953 -3.77227521
x 0.260629743 -0.025445316 -0.147045508 -0.630577981 0.0553649738 0.412117392 -0.263788164 -0.46332413
x 1.22975385 -1.10536706 1.03015518 0.17681247 -0.804305673 -0.289981902 -0.919993579 0.675064504
x 0.347901762 -0.556796193 -1.10221827 0.301716089 0.9573856 -0.113836348 0.418352515 -0.376027137
x 0.0675692037 -0.291282922 0.29404214 -1.50977254 0.64419055 -0.229932487 0.358608067 -0.340310127
x 0.320361197 -1.07256281 1.18915439 -1.70354462 -1.03923881 0.235666066 1.46284223 0.278126299
x -0.247908458 -1.42509019 -0.19127667 -0.019877011 1.69056869 0.622125208 -1.52909291 2.02677917
x -0.395009875 -0.879459739 1.47482264 -0.0497557595 -0.367402613 0.218785986 0.844888806 0.993336201
x -1.37520242 1.99848151 0.946861565 -0.379201055 -0.818659842 -0.969012439 0.123378441 -0.648016274
x -0.764873981 0.811254382 0.364567339 -0.394571245 0.734247625 1.36737859 -1.09449637 -0.603291869
x 0.942621827 0.718940556 0.226698861 1.16242123 -1.08821177 -1.47913778 -0.866507351 0.122544095
x -0.796086788 -0.487218142 -0.975000143 -0.620429158 -1.00478721 0.367466211 0.794891059 -0.480445951
x -0.207265794 -0.581032574 0.531251192 0.0890560374 1.59415686 -1.09547198 0.362502486 0.443991393
x -0.360440165 0.583534122 -1.4385227 2.11880302 -1.34204447 0.919807255 -1.12112272 1.15088308
x -0.384774029 0.158422902 0.0533437543 1.10073411 -0.321547449 -2.96718383 -0.760058761 0.183712319
x -0.440468192 0.769820869 1.01532698 -0.147771806 -1.48964536 1.38416517 1.08305347 -0.299191147
x 2.10828853 -0.348875463 -1.13711977 -0.155873433 1.07783377 -0.937453449 1.95122504 -0.896526217
x 0.954422295 0.544462383 -0.154057056 1.08053303 -1.49979877 1.35757184 -0.0636840314 -0.542435229
x 0.749174058 1.05989897 0.769795418 1.99950385 1.08072603 1.28350663 -0.539863944 0.106523775
x 0.562982559 -0.0177422371 0.301635236 0.426104754 0.844243944 -0.101608887 -0.349799216 -0.828315675
x -0.891732335 1.17245126 -0.0845214874 0.786944389 -1.29736388 -1.93816805 -1.04909122 1.14662695
x 1.06807745 0.332038611 -0.802170157 -0.130802646 -0.297760487 -0.344973356 -2.5060699 -0.857926369
x -0.19010888 1.51642776 0.160743058 1.40088832 -0.393706918 -0.252688587 -3.89942169 0.463330328
x 0.547095656 1.76375902 -0.486761212 0.0941541567 -0.705527961 -1.17625701 -0.713107944 -0.344998538
x 1.35543799 0.00221160264 -0.790544808 0.14187783 0.217571363 -0.67623204 1.14323366 -1.88834894
x -0.213544622 0.665066063 -1.33843255 0.361253738 1.29289305 0.453671277 -1.69015992 -0.728195012
x 1.23230338 0.298335254 -0.00985893887 0.441200584 0.721048951 -0.708465219 -0.290400088 0.142913654
x -0.54395771 -0.133451551 1.29787171 -0.96781987 1.92666268 1.87934434 -1.71343946 -0.141022667
x 0.342691571 -0.760871112 -0.741080523 -0.237415701 0.739178061 -0.511333823 1.82669377 0.289974004
x -0.102575287 1.44925964 0.626281202 0.369286776 -0.331140369 1.81398559 0.81182158 -0.203411341
x -1.5771991 0.372951537 -1.14374006 -1.71594596 -0.279151499 0.281471103 1.28248119 0.282451838
x 0.806019545 -1.22588265 -0.0225321781 0.124211319 0.862246156 0.116060674 0.804078937 -0.504199266
x 0.357954919 0.414866388 -1.24977577 0.175538629 -0.320362538 -1.9040879 0.958406687 -0.361858666
x -0.852390051 -0.377316743 0.138200298 1.50790954 -0.165933207 0.47240749 1.37357938 0.53355056
x 1.06856418 -0.476509869 0.771049321 -0.057976 1.07441127 -1.00355959 -0.779557765 1.26873159
x -0.196083978 -0.358960658 0.0775724202 -0.689497471 1.33194137 -1.24916267 -0.150598004 0.346952796
x -0.104447067 -0.802287519 -0.868389189 0.425394416 -1.0304805 0.646242678 -1.52414834 -0.554983079
x 0.0363060236 -1.25215197 0.652010858 -0.018538814 -1.03607368 -1.51888824 -1.56558943 0.0510339439
x -1.15683007 -1.36487961 -0.231225938 2.27750063 0.277540356 0.76291883 0.212718353 0.782982171
x -1.34308863 -0.430511981 0.26135084 -0.0179168154 -0.191993222 -0.665876091 -0.258383095 -0.774197817
x -2.42183304 -1.19450843 0.475652933 1.557078 1.81358016 0.0967517421 0.893383622 0.907977939
x -0.692259192 -1.69793987 0.0308873188 -1.76220095 -0.3199296 0.608117104 -1.42006946 0.0322953835
x 1.24001813 0.361512482 0.522321701 0.906740427 1.73296309 0.151423082 1.22950089 -0.0641692132
x -0.546168804 0.314820975 -0.605812848 -0.573129237 -0.607740641 -2.29542422 0.105499476 -1.26383531
x -0.107269123 1.44996881 -0.521000326 -0.542009175 1.36390936 0.546305776 0.976527095 -0.355291247
x 0.748083234 -0.686168611 -0.676001728 0.596244276 -0.598373175 0.767118514 2.39168453 -1.68615258
x -0.752204359 1.12014616 -0.145078167 1.1610899 -1.01006424 0.331344187 -0.150556311 0.140370727
x 0.331116021 -1.22000635 -1.07413745 1.39924395 0.293213725 0.106346332 -0.0440747216 0.356542498
x -1.15593672 -0.999027312 1.30450821 0.151275218 0.850300848 -0.605664015 1.37672544 0.345278412
x 0.481245816 0.54872936 -0.79700923 -1.86572087 -1.07480264 1.63052285 1.30068398 -0.346921355
x -0.301676333 1.03660583 -0.168409869 -1.2992599 1.2655431 0.477178574 -2.51633978 -0.313190103
x 0.143670201 0.481246829 0.152151182 -0.63574177 -0.115759045 0.294800311 -0.26800409 -0.371900707
x 1.2520839 -0.946607709 -0.349463463 -2.03126907 0.540969968 0.828264475 0.548486829 0.917672515
x 0.44070673 0.342515379 0.473947078 -0.267308444 1.18832791 -0.348572075 -1.46235192 0.849783599
x 1.85070276 -0.960151136 -0.101631127 -0.68544203 -0.380583256 0.0460929722 -1.24180841 -0.277653664
x -1.46596742 -0.568227649 -1.18606961 -1.05906069 -1.71991062 1.21935463 0.509059072 -1.91746402
x -0.596827567 -0.670438588 -0.690944135 -1.44688356 0.75438571 -0.395863771 0.468148917 0.52675575
x 1.37544537 -1.81487226 1.73860216 1.26881528 0.573065996 2.38359213 0.2049786 0.821478903
x -0.73841399 1.13435745 0.167825967 -0.451200157 2.11693931 -0.304799676 0.00886132754 -0.19727996
x -0.755670905 0.531272411 0.738409579 0.354372531 -2.3605783 1.00799704 -0.350238353 -1.21632338
x 0.603280962 0.562849402 -1.04307365 2.47243571 -1.20962656 -1.73300266 -1.15417147 1.42079985
x -0.175856724 -0.372056693 -0.0621577203 -0.596613884 -0.690263391 -0.641215503 0.707955539 1.02045584
x -1.05509257 0.239227965 0.788207233 -1.08175194 -0.502566576 -1.03806412 -1.2910285 0.10186287
x -0.736132383 0.631129086 -0.0294219218 0.412627369 -0.292282909 -0.634997368 -0.0906731337 -0.00499613024
x -0.705855489 0.426595449 0.746594846 0.158082709 1.71349084 -0.632339001 0.520596445 -0.408734798
x 0.234629497 -0.829949319 1.11512339 0.176020905 1.19224453 -1.26609552 -0.493515223 -0.892565787
x -0.531941891 -0.692609668 -0.120540932 -0.0172471441 -0.0409848653 -0.555523872 0.187425181 0.875615478
x -0.902275562 0.000888624985 -0.0740708858 0.468354642 -0.0638585836 -0.0156648029 -0.991095781 0.0217038393
x -0.921884477 0.515704274 -0.103218935 0.0398584194 -0.89119035 0.803757608 0.69231391 0.861523926
x 2.227386 -0.052519381 1.20340288 -0.123827808 0.394087285 0.365337431 0.264591753 0.658256173
x -0.303936392 0.0409322828 0.535309672 1.74785388 -0.842356682 -1.80613267 -0.4840855 0.0899284333
x 0.174977094 0.0922177881 1.18279016 0.976049781 -0.0492679067 -0.469547123 -0.346008867 -0.356304139
x -0.225599468 -1.57265055 -0.461040735 -0.424880028 -0.188880384 -0.254299998 0.672007143 -0.531943381
x -0.438577712 0.541938782 -0.235314846 0.216454729 0.669335723 0.421969503 0.250162452 -0.196441561
x 0.681894124 0.175549939 -0.504852772 -0.150809184 -1.2181294 -0.961555958 -1.88290799 -0.679931402
x 1.33554542 -0.556488812 0.787540793 -0.00344985421 -0.700548828 1.33827949 0.582205832 -1.75180054
x 1.04140222 -1.07479155 -0.177913949 0.66811341 -0.299853146 1.11894405 0.761263788 -1.57687557
x -0.472434163 0.282073736 -0.574998677 -0.216276512 0.799784899 0.316781312 -0.920619011 0.174606368
x -0.61226964 -1.21519232 -1.1300559 0.286955535 -0.028113706 0.00543180853 -1.146209 -0.183929548
x -1.03716755 -0.926393807 -0.165126756 -1.38339043 0.669267237 2.48688293 0.458823264 -1.04290318
x -0.271185517 -1.55543792 -0.377616376 0.507313907 0.589384794 -1.03174281 0.299145639 1.15640807
x 1.75509155 -0.700794876 -0.864199996 0.0544158705 -2.9280901 -0.531033993 -0.270974964 -0.459341973
x -1.58387327 -0.245551109 -0.776608646 0.757483065 -0.918474793 -0.282345116 -0.232947931 0.567571402
x -2.54590464 -0.340624928 0.759615123 -0.361688226 -1.52693701 0.326598167 0.336686909 -0.270489395
x -1.15979576 -0.740675151 -0.313756496 -0.875532866 -1.92017829 -0.769286811 -0.0617439337 -0.507060051
x -0.0755728409 0.08365798 0.896575511 2.20382404 0.73177886 -1.40432858 -2.65694499 -0.0944621712
x 0.0713884383 -1.16187334 0.272032142 -0.76693958 0.402669728 -0.325518161 0.397462577 -1.74319518
x -0.438466877 -0.148596004 -1.42487478 1.88233829 -0.540773392 1.38997173 -0.664342105 -0.229971156
x 1.18390191 0.303826839 0.192054346 0.265943438 -1.36615789 -0.389553487 -0.956445634 0.197413653
x -0.543998122 -0.0440591201 -0.0772925615 -0.0363703854 -0.0347471237 -0.652378082 -1.05400276 -0.664356291
x 1.07153833 0.37416181 0.586955369 1.37996793 -1.17943096 0.509952426 -1.07507408 -0.334332585
x 0.484239846 1.61434531 -0.782164931 -0.0947962552 1.15623677 -1.48980808 0.36211291 -0.308278143
x -0.881694973 0.146630824 0.59492588 -0.912099779 0.379989773 0.173369989 -1.2418133 1.55341291
x 1.08990264 -0.85992676 -0.586630881 0.770780206 -0.495449036 -1.83971858 1.04888213 0.00878142286
x 1.90702617 0.357467115 0.190992489 2.87450051 -0.171867341 -0.951815784 0.229197979 1.13575494
x -1.16512012 -0.908265114 0.449777097 -3.1973455 -1.09267867 0.795484066 -0.586739898 -1.62648308
x 1.92556667 -1.41053522 -0.523365557 -0.372731507 0.0831443965 -0.369505197 -0.0809650794 0.0574945807
x -0.0866764262 0.0932738408 -2.3789258 0.441064686 -1.40445673 -2.16664553 1.38134789 -1.28551531
x 0.1798691 -0.772561491 -0.678466201 0.483654767 -1.04822493 0.372674286 0.380692482 1.1644479
x -0.336213231 1.04658222 1.72069466 1.58668232 0.586076975 0.449166059 2.84945488 2.23217607
x -0.766617298 0.923609018 0.601959229 0.0722674578 0.153312296 0.487785101 0.937358499 0.218769863
x 0.339793712 1.39214027 0.317720234 0.545022488 0.990230083 1.6332624 1.22704089 0.377214938
x 0.207815453 -1.22360361 0.292062551 -1.03716981 -1.02403939 0.65050894 -0.100577183 0.472209483
x -0.626963139 1.20120406 0.143772185 1.18772829 0.673440516 0.165249035 -0.478527397 0.0315075777
x 0.828010499 0.697657704 -1.19558465 1.02568209 -0.213907942 0.815263748 -0.697488248 0.637855291
x -0.796591878 0.129356831 -0.29802981 -0.285572559 -0.566587269 -0.153579101 -1.74063468 0.876599669
x 0.961686611 -0.442773879 -1.37975466 -0.646709263 0.947614312 0.625520766 -0.300353557 0.897274792
x -1.04148078 -0.612636328 0.474607259 -0.0959133282 -0.589225709 -2.51212764 0.671216309 0.323721826
x -1.74292231 0.600325704 -0.0143637592 0.27883479 0.945193231 -0.73988682 0.713564217 0.683854163
x 0.761515737 1.63595581 0.658734858 -0.56155771 1.79838443 -1.10731256 -0.462723583 -0.964469731
x -0.102760799 1.08221924 1.297786 0.463517427 -0.609391093 -0.553620577 -0.603196144 0.952840686
x -0.906539321 0.864526272 -0.0325940698 0.172051072 1.51171839 -0.475334018 1.66172862 -1.40945268
x -0.824763715 -1.57839143 -0.746781886 0.582882106 0.737729073 0.306775302 0.26709196 -1.17332697
x -1.32683182 0.30389002 1.34780693 -0.364134759 -1.26855958 -1.53328049 -0.680651724 1.57954383
x -0.207739532 -1.03794336 -0.609470844 -0.483544976 0.265613407 -0.660016477 -0.889939547 -0.188016981
x 0.468670338 0.717043757 0.550532043 -0.457496941 -1.69507706 -0.798516154 0.284081399 -1.33363533
x 0.252619237 -0.589975953 -0.58216393 1.11950696 0.218732625 1.37025619 -0.939252973 1.13074124
x 0.909080386 -2.99500275 -0.0882707089 1.54222441 0.778057396 -0.441321164 -0.232790396 -1.30304873
x 0.206292495 -1.79317212 -1.01530671 1.11916435 -0.0205650441 -0.363426059 -0.105911121 2.74189401
x 1.03518796 -0.775641382 1.66674972 -0.0887949392 0.739716947 -0.586630464 -0.937855959 0.801912665
x -0.768886745 -0.781318128 0.897834301 -1.16206908 -1.41925204 0.545054376 -1.95988166 -0.751725674
x -0.365646124 -1.34530699 -1.11739051 0.665872931 0.29245308 -0.945711493 0.529485583 1.51927841
x -1.28241777 0.061255794 1.97665131 0.611159861 0.813385129 -0.200152665 -0.797963738 1.1433717
x 0.653724968 -0.0515231863 -0.465335727 -1.74772525 0.15590623 -0.691712737 -0.131854266 0.670975387
x 0.820002735 0.719000995 2.25506425 1.16511858 -0.746078193 -0.818301916 2.32815075 -0.663326144
x -0.0441353433 1.7448591 1.71531582 -0.0546320304 0.241943076 -1.63510931 -0.90834868 -0.365259141
x -0.00566016929 -0.323320478 0.15229398 2.19270158 0.464340866 0.308707178 0.00182635593 -0.171907604
x 1.23294461 -0.991261423 -0.125579521 -1.09577727 0.0871297047 0.119050324 0.920506537 1.19766164
x 0.663064361 1.62225926 1.58850324 0.315358698 0.373346865 -1.93628168 0.32024321 -0.00509155402
x -1.68849516 -0.431386024 0.957423985 -1.2387743 1.29295111 0.474799305 -0.228388086 -0.142327294
x 0.829927087 -1.43139434 2.04076195 -0.813419521 -0.765283227 1.22076821 0.790052354 1.32539165
x 1.04598105 0.376395941 -1.27638412 -0.472839922 0.19843936 -0.01718257 -2.05278277 1.04440534
x 1.73114252 1.46409523 -1.01785958 0.43596679 -2.12649798 1.69001818 -1.93987691 0.410508752
x 1.16257966 1.29132175 0.343970507 -1.42565 -0.101175793 -0.268318474 0.368359149 0.987746
x 0.662040889 2.1216166 0.661050856 -0.388817519 1.62997961 -0.314528078 0.281863511 0.180777922
x -2.29323125 0.276819944 0.289439946 -0.209705055 -0.141286969 -1.28440344 0.0824633092 1.50292552
x -0.177269563 -0.522125781 -0.607728899 2.01708794 -1.35524344 0.844949782 0.111411802 1.92089641
x 1.31126547 -0.0883180276 -1.54146862 1.42963982 1.45804369 -1.10490203 0.745233476 -0.800766528
x -0.776190281 -1.60931337 0.932905257 0.271128416 0.494499743 1.45247495 0.66862464 0.584562778
x 0.749273896 -1.06457186 -0.0344651341 -1.20626152 -0.899913132 -0.0918164998 1.06188762 2.05821395
x -1.08519316 0.173330411 -0.0709104389 0.527235627 0.582409859 0.362421155 -0.967176557 0.394675434
x 0.892326713 -0.513390839 1.97816491 -0.234913185 -0.633860171 0.29637903 -0.257589489 -1.36717284
x -0.0261567868 1.59570241 2.00253224 -0.567041457 0.90527463 0.132529452 0.283886641 1.26737118
x 0.852071524 0.154320419 -0.928744256 -1.12398088 -0.064018108 0.323613316 0.503171921 0.781969368
x 0.979585111 -2.40307665 0.903440356 -1.0474478 1.11406863 0.336644322 0.630559802 -0.540925741
x 0.282651335 -1.86721253 1.09524667 -0.33083874 -2.58908033 1.0614835 1.67677367 -0.876129508
x 1.2127099 -0.749755442 -2.26652074 -0.357892483 0.32613644 0.133551136 0.103597946 0.296422869
x 0.21655567 -0.216038302 -0.601381361 -0.265800834 -0.35167256 -0.302922636 -1.10295343 -0.542594373
x 0.082226187 0.309418917 -0.0640289485 -0.183659911 0.534449875 0.814468682 0.680079877 -1.74990904
x -0.455405086 0.705654562 0.51539731 0.679810584 0.314351499 -0.853536785 1.22256458 -1.35958886
x 0.985757768 -0.0163751319 -1.47265422 -0.396158814 1.2037518 -0.588401675 -1.2106024 -0.288790286
x -0.818074942 -1.25059998 0.43753776 0.798172295 -0.551731408 0.52362293 -0.387027025 -0.0997141302
x 0.123402409 1.49328351 0.507558882 -0.999113083 0.515829265 -0.221188277 -0.46636042 -0.839761376
x -0.0262602624 -0.0601324365 -0.40218237 -1.39114738 -1.70717227 0.127984494 0.17820476 2.1831286
x -0.178663015 1.02142406 1.19520378 -0.0610667542 0.076801002 -0.429843724 1.77515924 -1.50843215
x -0.0396461487 1.38412297 -0.10768006 -0.570937514 0.232882634 0.526988029 0.567443073 0.281643301
x 0.750091136 0.945701063 -1.10688293 -0.378891826 0.869691312 0.488620013 0.234600112 0.672478914
x 0.952153742 -0.858047068 -1.22694445 -1.15368152 1.85867417 -1.05443263 -0.234587118 -0.1854783
x 1.03106022 -1.73832107 -0.0392682105 1.21438837 1.11489975 0.40931198 -0.260939091 1.7576834
x -1.67194712 0.980985284 0.508177876 0.591036677 0.265808821 0.205180153 0.930787981 -1.15304482
x -1.24655199 0.162453234 0.0521507934 0.163660169 1.590433 -0.579309344 0.751318753 0.384447694
x 2.36656237 -1.40218663 -0.546007097 -0.45679003 1.32060289 -0.819918573 1.65794301 1.59810829
x 0.865612626 0.437376052 -1.55617821 0.1821495 -1.43067169 -0.362626404 0.203100726 -0.308871388
x 0.950805604 -0.12917614 -1.5485822 -1.06005728 -1.27390838 -0.31643039 1.24758482 0.505746067
x 0.339509457 -1.28538144 2.36916375 -0.0282631628 2.41691256 -0.867421448 -0.567846477 2.59966159
x -1.07499397 0.418705821 -0.338205278 -0.813412368 2.16107965 -1.00413108 0.897435009 1.10431254
x -1.01180148 -1.89722526 -1.78063989 -0.799583495 0.222664669 0.335442126 -0.189046577 -0.105306588
x 0.974047363 0.768152952 0.378754228 -0.616967142 0.777572751 0.181209683 -0.747835159 -0.576895893
x 1.22864771 1.84538198 -0.529726744 -2.07806826 0.587463737 -0.903262854 0.732498169 -0.37595728
x 2.22959852 0.112244502 0.902850688 -1.21505368 -2.81929135 0.135331124 0.261963099 0.720299661
x -0.553811431 -1.29183853 -1.60049534 0.553140938 0.710290909 -0.87575835 -0.528034627 -0.728185415
x -1.89520752 0.199115604 0.846016109 -0.223349705 -1.42247236 -0.198321879 1.36442268 2.12990618
x 0.269097149 -0.788941026 -1.98557544 -1.54593611 -0.0888875499 0.225765437 0.256639928 -0.262977451
x -1.54322207 -1.57645595 0.147324368 -0.824567854 1.30483556 -1.45891273 1.68709791 -0.666496158
x 0.223188996 0.223161936 -0.344007552 -2.01348281 -0.482395381 1.52246022 -1.28079331 -1.8421092
x -0.218873501 -0.412387073 -1.29284179 -0.752572715 -0.481079072 -0.41287446 0.162773818 0.706663251
x 0.387074918 0.341748744 1.680143 1.09530318 -2.91284013 -0.363161832 -1.57655025 -0.689136446
x 0.771073878 -0.201186121 -0.428389251 1.31697154 -1.50377798 -0.0938143507 0.548758864 0.0241347048
x -1.16327524 -0.0225675628 0.807512164 0.357249975 0.317691416 0.30744803 0.135191694 -1.24126077
x -0.309102178 0.430837691 -3.11450911 0.757177949 0.337424457 -1.08417976 -0.74635011 -0.203841299
x 0.413434952 -0.374026656 1.16700315 0.413125604 -0.786571383 -0.471181929 0.227579623 0.728374004
x 0.680015504 -0.0975937545 0.14949505 -0.0251010414 0.821989954 -0.9862445 0.602842689 -1.85240304
x 0.451032966 0.256212831 -0.000374151918 -2.13260937 1.56672406 0.898411155 0.0254483335 0.458707333
x -0.939382136 0.512273133 1.5600872 -1.17808557 2.69275737 -0.436928958 0.827407897 -0.82611078
x 0.390405625 -1.27393937 -0.658994019 -0.228577286 -0.655821621 -0.24142997 0.975952864 -1.27708519
x -1.19575322 0.0470592566 -0.564189672 -1.00374901 0.132032797 -0.564366877 0.336140186 -0.0397600718
x -0.20121491 -0.0682399571 1.02324045 1.31410444 -0.159604296 -1.02996755 -1.51129162 -2.23357821
x -1.17595589 -0.852319717 -0.0525355488 -1.88053882 1.4296912 1.06355572 1.24517035 -0.51289022
x 0.244001254 -0.94736433 1.54980958 -1.21302509 -0.513625324 1.4234159 2.48981214 -0.0917264819
x -0.414234221 -2.50713205 1.71045196 0.30818218 -1.88394082 0.871356905 0.61388129 -0.354399621
x -0.557836354 0.730125308 0.23394534 0.486833632 1.22649479 1.19318998 0.760513127 0.58528471
x -1.27818477 -1.1154592 0.818522692 0.64720279 0.518181741 0.840347171 -0.554003358 0.564923406
x -0.988880992 0.0623801388 0.929325938 -0.676864445 1.95290792 1.13407946 1.37210715 -0.211156398
x -1.38894939 -0.698589802 0.551666975 -0.279003024 0.721365154 0.150454924 -0.589753747 0.934215307
x 1.35174465 -0.732149184 0.511907637 0.156594172 0.280879647 -0.104107462 -1.25268137 1.40952373
x -1.04359186 -0.87062633 0.656270564 0.179874793 -0.796037018 -0.657547355 -0.158697486 -0.436082184
x 0.646526337 -1.16421914 0.363320678 1.53053486 0.201362193 -0.888293386 -0.723038495 0.0436644778
x -0.624214113 1.23460221 -1.84038365 1.63896286 -2.02498984 -0.0410088748 -1.08297217 0.820183218
x -0.774033666 -1.13306785 -0.340024978 -0.411008716 -1.9350301 0.454516143 -2.39262557 1.17633736
x -0.330064863 0.953006804 -0.600558162 -0.793107092 0.651748121 -0.584139764 -1.54760611 -0.0870768726
x -1.37706959 -0.0129072219 1.37893951 0.962668359 0.0018517311 -0.165718734 -0.316785395 -0.637545407
x 0.355073869 -0.15788509 -0.381699145 0.270047754 -2.01837683 1.95648015 0.630133867 -1.3937633
x 0.115046509 -1.12908518 -0.539268315 -0.895109415 1.09186089 -1.92073345 -0.354393393 -1.64906299
x -0.0204496216 -0.317708015 -1.40671992 1.43973446 1.56344295 -0.56418252 0.521928191 -0.148806676
x 0.243440703 1.53213096 -0.268640608 1.79216743 -0.288194865 -0.093553938 1.88931739 0.275217205
x -2.03194165 0.224802881 -1.2818532 -1.6626029 -0.942642868 0.326080382 -1.11336768 -1.40125847
x -0.379761547 0.404610634 -0.696378291 -1.30643642 -2.17269254 -0.7762025 0.844308436 1.00209022
x 0.789811432 -0.17529124 0.129351377 1.26770341 -0.868677437 0.364075571 -1.87089634 0.682297647
x -0.45104304 -1.15563142 0.772833943 -1.1112349 -0.867281675 1.53681839 -1.04602504 -0.656005025
x -0.68325448 0.784800947 -1.83591175 1.25039566 -0.243353859 -0.316866368 -0.896681428 -0.145451322
x 1.47039354 0.212852389 -0.932540178 -0.347355157 0.534453094 0.0853250697 -0.257310599 0.604572892
x 0.361086696 -1.07771599 -1.9149164 0.500488222 1.85744417 -0.820731401 -0.141011715 1.35408139
x 1.73963392 0.0652358904 1.24972522 0.750633955 -0.555815756 -2.0188117 -0.909427583 0.369229317
x 0.419254839 -0.502244532 -0.857699931 -1.6003052 -1.68033373 -0.12212012 -1.57473397 -0.0151059898
x -0.797980845 -0.426164538 2.12536764 0.0482625291 -0.343552917 -0.173335835 -1.47365725 1.33914924
x 0.847816408 -0.531995118 0.229288176 -0.671577752 0.396281242 -1.34297276 0.267470717 1.50126982
x 0.446281284 -0.590089381 0.949769974 1.95054305 0.730934024 0.0972340107 -0.802218318 0.435639024
x 1.92226672 -2.01688027 0.977289438 0.147791877 1.51335669 -0.127935022 -2.16372252 1.99143744
x -1.15938294 0.800320208 -0.127570286 -0.0395862944 0.137623861 -0.545866072 0.186583862 0.307675034
x 0.801600575 0.125021517 0.318692148 1.32818449 -0.902021825 0.0701438934 0.478312522 1.03543639
x -0.0635821447 0.0993488878 -0.344946921 1.24025607 -0.321172059 0.685292602 -0.101875097 0.0308447145
x -1.22305822 0.0567120798 -0.0296460856 -1.4836005 -0.740440369 -0.453852296 -1.52870464 -1.2171638
x 1.46956336 -1.02998245 -0.856678009 -1.39576113 1.22738194 0.918208182 0.318216622 0.0842407048
x -0.491873741 -0.284409165 -0.674154758 0.658267438 0.692194402 0.912628412 2.04889512 0.707168639
x 0.634528399 1.00369799 -1.54200983 0.00473246444 -1.51250291 1.57725215 -0.493009627 1.77312076
x 1.06152308 -0.552236199 -1.65976644 -1.12401736 1.0387212 -0.321302593 -1.4812851 -0.224711716
x 1.69270599 1.60923684 -0.473086149 0.308115214 0.612745762 -1.4791652 -0.532922506 -0.405413389
x 0.404052198 -0.510301352 -1.39738703 0.324206799 -0.642007351 -1.22789621 -1.22539675 -0.222978324
x 1.45105708 -0.174545974 1.07312512 -2.24613166 -0.838661075 -1.25798988 -0.274555176 0.770194829
x -0.546466827 -1.2444917 0.947739422 -0.762132525 0.272558093 -0.66499728 0.517126501 -0.383547157
x 0.79515785 0.621004403 2.22126937 -0.0801744014 -0.975331306 -1.16111732 -0.5973171 0.375314295
x -0.713824987 1.51896751 0.200318173 -0.977018952 -0.46295324 -0.638380468 0.178267255 -1.02537358
x 1.2819643 -0.356309354 -0.237279683 0.923149943 -0.748471975 -0.00137119752 1.7922138 0.411143214
x 0.293822944 -0.476395339 -0.994240046 1.7488091 -0.16010794 1.8979913 -0.683894753 1.25495279
x -0.205316767 0.416781753 1.21670866 0.441534609 0.802577019 -1.56292963 -0.460701525 2.04468894
x -0.229136407 0.318629622 -0.163089767 -0.621578038 -1.49405885 -1.14174175 1.68257022 -0.0790606365
x -1.18880868 -0.90406543 0.873428643 -0.947149932 -0.625351846 -1.11663365 -1.25913024 1.6490612
x -0.140889555 -0.321506917 -0.601449609 0.712452888 0.0614713281 0.29234156 0.136865854 -0.35732168
x -0.480888486 -1.73490214 -0.491778225 2.16355801 -1.23943663 0.00437184703 0.335725427 1.19402516
x 2.65827656 -0.396795928 -0.877103269 1.0601722 0.213008896 2.00637794 0.725337088 -0.668797135
x -0.196635112 0.42303887 0.500688851 -1.13411534 -1.92420661 -1.60377681 0.617160082 -0.153238267
x -1.83484149 -0.550840259 -1.9370153 -0.263178527 -0.865359604 -0.557965815 -0.0843548775 0.182629973
x 0.0595553704 1.29167771 2.40102839 0.851964355 -0.189632386 0.751967788 -0.72726649 -0.825837195
x -0.871244609 0.292359442 1.23850584 2.22413588 1.32427156 0.697687387 -0.688326716 0.076648213
x 0.543459296 -0.122253083 1.86286163 -0.819950759 -0.714137793 0.380044997 2.00680041 -1.81274235
x -0.846040189 1.28790307 -0.678951025 2.05909491 -0.821519673 1.07232594 -0.0881774798 0.459558934
x -1.0358851 -1.60620749 0.775549591 -0.529307604 -0.918693066 -1.1052928 -1.04503572 1.35322666
x -0.922643304 -0.542472839 1.96668446 -0.432315886 -0.00565637043 0.367650896 -0.29599908 -0.688126624
x 1.27888477 0.319830716 -0.629493594 -1.38529813 -1.15767205 -1.02454543 -2.15598392 1.17393839
x 0.102100693 0.536653876 -1.41887426 -0.48510769 -0.240099519 0.0755897835 -0.206285954 -1.24492431
x 1.09184921 0.710283995 0.0748600215 1.03223383 1.20810342 1.39390635 0.163025394 -0.314795047
x -0.479811937 0.891232967 -0.701464891 -0.913526118 0.554396927 0.523004174 0.636549652 -0.849218071
x 0.300737202 0.91529721 -0.479831457 -0.268138349 -0.297954053 1.51921833 0.900808632 -1.34056985
x -1.52075148 0.650110722 -0.213103086 0.532572448 0.265695423 1.00960088 -1.62571502 -0.547863007
x 0.250994056 0.234469533 -0.948139369 -0.527158916 -0.585842788 0.0446791686 0.700564265 -0.275468498
x -0.153054059 -2.09417748 -1.06110346 1.85298002 -1.71470761 1.3643918 -0.297891796 -1.96320176
x 1.45768464 1.28406894 -0.503248215 0.867276967 -0.355894536 0.0509262756 0.166269496 -0.231010556
x 0.524372637 0.385749012 -0.522884905 0.295993149 -0.520587504 0.133818656 -0.496869594 0.0972906724
x 1.6006459 -0.653891444 -1.46312702 1.59414542 0.292444408 -0.650614202 -0.249649927 -0.913751066
x 0.937843859 0.713339031 0.628572345 0.220203429 -2.05004168 -1.18697834 0.284400314 -2.65494895
x -0.0792556182 -1.02531242 0.633293688 -0.196601376 1.05891812 0.33765468 0.113748752 -0.973339558
x 0.627708614 2.37928271 -1.71044445 -1.02373445 1.66409266 0.511791229 -0.295929611 0.781978428
x 0.332492113 -0.652621925 -0.668290913 0.855275273 0.343304724 1.0776825 0.653780758 -0.613995314
x 1.52411616 -0.923162937 -0.453295082 -0.782782137 -1.40118015 0.622593641 -1.05285323 -0.684224844
x 0.942772925 0.865213156 -0.621424198 -1.30803943 -0.10425365 -1.59786594 -1.01042426 -0.387776285
x -0.158130229 -0.5552302 -0.145344898 1.38204026 0.627126157 1.37922621 0.896029413 0.231981665
x -1.21384025 -1.33608711 -0.020585278 -0.408607602 -0.934543073 0.409704626 1.22407913 -0.0680874884
x 0.0858355612 -0.546964884 -0.687940896 1.97365308 -1.25641108 -0.161224663 -0.447140157 -0.109891631
x 1.04633331 0.993762612 -0.140111998 1.1234957 -0.766547143 0.355677098 1.77951205 -0.577587962
x 0.205117404 1.49857998 -0.84247756 0.0643251464 -0.314800382 -1.11694312 0.404261112 -0.844129086
x 1.65575445 0.020661192 -0.210149541 0.040871799 0.102787383 -0.199224219 0.0572285205 -0.574811578
x -0.499439508 0.527043521 -2.13635039 -0.79948318 0.00855520461 0.342380464 -0.390541494 0.136224046
x -0.349464685 -1.8607136 0.940470874 0.267995983 -0.957357049 1.47497499 0.677494466 -0.625504434
x 1.10656679 0.53902781 0.828874767 -0.601793766 -0.556633472 -0.822464168 -0.541058481 -2.31308842
x 1.0837661 -1.18044817 0.5697124 -1.29821932 0.116806813 -1.1923517 -0.0198789816 -1.59969628
x -0.591921031 0.659640729 0.21389623 0.171045899 -0.858435929 -2.19653225 -0.893025756 -0.510950744
x 1.479249 0.569523931 0.316462368 -0.581863403 -0.729259551 0.640621722 -0.372051239 -0.336894453
x 1.91785455 -0.981819391 -0.281605721 -0.249689952 -0.651333094 -1.41156662 1.27235067 -1.41244626
x -0.90761441 0.256265223 -1.24373567 -0.155799747 -0.256595045 -0.236750051 -0.140066728 -1.40842068
x -0.549502969 1.28451288 1.16394353 -0.58077848 1.08489585 -0.939865172 -1.36395848 -2.01726317
x -1.11299825 0.45987767 -0.325547934 1.66163409 0.839436412 -0.354214728 -0.223280549 -0.215911761
x 0.99910593 -0.384189844 -0.0145021342 -0.735444307 1.29875422 -0.349110246 -0.646796584 -1.52014077
x 0.966247439 -0.591702461 -0.0703882426 -0.410446733 -0.186518282 -1.98254812 -0.784579158 -1.08361149
x 2.17839527 1.34686589 0.438076764 2.48676372 1.27732241 -1.34472346 -1.28522468 0.267864972
x -0.0693745166 0.211477309 -0.824931145 1.84550416 -0.351113468 1.12023032 1.45939159 -0.585235417
x 0.576381147 1.59297836 1.4582454 0.751768887 0.439705342 0.0788504481 1.26876688 0.583060622
x 0.124291271 -0.472707003 -1.35265708 -0.173523679 1.86445737 -0.483612061 -0.641222835 -0.240662083
x -0.21286878 -0.559174955 0.643237591 0.325793236 1.18287086 0.601510346 0.186484367 -2.10306621
x 0.197147325 -0.653129756 1.07772791 0.0734399185 -0.762617826 -0.543240607 -1.20148706 -0.547547102
x 0.315186828 1.17882359 0.519855976 0.80969584 0.891105354 -0.323626518 1.45314586 -1.35170674
x 0.123382434 -0.525755286 -1.9654454 1.65899467 -1.99769139 0.689350247 1.7931751 -0.20312342
x -0.115371652 -1.89878309 -0.249807 1.45091832 -0.522119462 -0.974398971 -2.31574988 1.28567863
x 0.411788404 -0.302019566 1.04278386 -0.530681372 -0.334018528 2.12402081 -0.896265686 0.290332377
x 0.223523483 0.0974420384 0.00627375068 -1.30666065 -0.137500912 -0.242470965 -0.668924451 -0.833539963
x -1.00172222 -0.809426904 0.409095973 0.0364562422 1.65549755 0.603332877 -0.59505856 -0.539115667
x -0.172971815 -0.350021124 0.00369403674 1.94119668 -0.151978731 0.131996989 -1.1916368 -1.50054657
x -0.135641605 -0.41728586 0.201704219 1.35698807 -0.510464489 -0.684588373 0.978498161 -0.435679406
x 0.057514973 -0.105679512 1.87918484 -1.68313622 -0.820905745 0.650792599 1.16009605 -1.02906847
x 1.17884099 -0.471035659 -0.726261377 -0.630125046 0.353830367 0.484606266 -0.874779522 0.205963835
x -0.382091612 -1.1927774 1.69178641 -0.967519164 0.1025405 -1.16486359 -0.431393802 0.0908719376
x 0.16139549 -1.02375662 -0.119873077 0.349946052 1.48417771 0.798152328 1.07288206 0.633024216
x -0.667114615 -0.328367352 0.90653044 -0.68742615 -1.12134993 -0.0437774323 -1.81799531 -0.782421172
x -1.13954842 -0.412496388 1.31234193 2.31918502 0.593050838 -0.960629284 0.731100619 0.420491874
x -0.602368176 0.881077111 -0.483563721 -0.579444647 0.0573709123 0.685462415 -0.368318021 0.355220258
x -1.82942271 0.292278945 -0.478440344 -0.522920191 -2.52578974 -1.44920242 -1.7455461 0.605453789
x -0.921931446 0.273319334 0.658909321 -0.546415627 -1.02745855 1.21051013 0.261941373 -1.23268354
x 0.480415225 -0.663818836 0.464891851 0.826175272 -0.816938698 0.491640419 -3.01145005 0.547128081
x -1.96005714 2.5255549 0.354162425 -0.613547504 1.13328028 -0.784445107 0.119175151 -0.284906596
x 0.00117764063 -0.559544683 0.438139796 -0.739849806 0.112520561 0.628493488 -0.595504284 0.835624695
x 0.485723346 -0.295523286 -0.513995469 -0.048794914 -0.452848285 -0.513830781 -0.132691488 -0.212238044
x 0.106777243 1.41978693 0.911771595 0.849559963 0.517316043 -0.603788495 -1.06066155 -0.22756356
x 1.18615854 1.19919693 -1.45802152 -1.77414608 1.67486024 1.42501354 -0.626561821 -0.0772176608
x 0.0499888472 1.10318494 -0.487976342 0.59179014 0.2737782 0.300631285 1.05401659 0.146658763
x -1.28132188 0.902404666 -0.487047881 0.897811711 0.264749169 -0.978026807 0.255050242 -0.635034621
x 0.270216942 -0.404292643 1.01005054 -0.711726964 -0.367632687 -0.699881732 -0.793898165 -0.269753277
x 0.214207709 0.560722411 0.0510386564 -0.455081612 -1.55908358 0.942128122 -0.507619321 0.400732607
x -1.06510746 1.51422191 0.691555381 -0.888652742 0.348065168 1.34273577 -0.176620886 -1.70130134
x 0.456813306 1.84740925 -1.5972296 1.02482665 -0.232855558 -0.0911674798 0.19173488 0.0123192053
x 0.862787783 -1.16456664 -0.0860398039 -0.93558538 -0.510712087 2.97257423 -0.845953345 0.448855013
x 0.306322455 -1.9199512 -1.14721727 -1.81621099 -0.152877644 -1.3146522 -0.897252798 -1.53512907
x 0.673194528 0.59686482 1.4863565 -0.175874233 0.738088489 1.12960029 2.0920403 -1.24955165
x -0.810341656 -0.980956793 -1.38662827 0.714441419 0.72813338 -1.3978138 -1.08572459 0.313699156
x -0.491704702 0.229012489 -0.169076025 1.06001639 1.12670887 -1.82984924 1.35628498 -0.48181209
x -1.13403249 0.602906525 -0.97969842 -1.2572391 -0.344971389 1.36119628 -1.81791317 -1.0413233
x -1.69154656 -1.20473015 -0.148560911 -1.31978881 0.310377508 0.105819747 0.722204804 1.92003548
x -0.988473654 -0.480936706 -0.604304612 -0.45216614 0.403362393 0.599837661 -0.505960524 1.33170378
x -0.27163735 -0.115887776 -0.889912307 0.667975307 0.745711625 0.00280336943 -2.15300989 -0.243851364
x 0.593274057 -0.417285353 -0.0967280492 0.512556195 -1.81939209 0.794706166 -1.89369845 0.0955397636
x 0.574959695 -0.501948118 0.467149287 0.493859947 -0.531732082 -0.424378574 0.803892553 0.306473345
x 0.60048908 0.41083616 -0.569328845 -1.05696952 -1.02138352 -1.33595014 -2.00881362 -0.590024531
x -0.900814056 0.0643331483 -0.228283554 0.373149067 1.12583029 -0.980930865 -0.250243157 -0.380736023
x -0.873568714 -1.19300866 0.0596487001 0.263559848 -0.277278364 0.562356532 0.31180945 1.0116632
x 0.0432626009 0.153191864 1.12079561 -0.43161574 0.462047637 0.995344937 0.902661383 0.831843555
x 0.625077903 -0.282109261 0.98443985 -0.502869785 -0.420158833 -0.212331027 0.542058527 1.60950685
x 1.32128716 1.2743907 0.691827834 0.1555987 -0.867496133 -0.583159804 0.139861301 1.70718014
x 0.578614235 0.37289533 0.581597388 -1.34022081 -0.66017884 0.516495287 1.02362192 -0.593073666
x 0.558979154 -1.88238585 0.504441798 1.42766583 -0.200041696 -0.61501193 2.67544603 0.0496453382
x 1.38356102 -0.649445891 -1.18829525 -1.52946639 0.996083021 -1.65759516 -1.99552679 -0.613344133
x -0.388478309 -0.275367439 -1.24011111 -0.807250619 0.0571369976 -1.93269253 0.0979966819 0.605940521
x 1.37326992 0.455694139 1.15742719 0.301230878 1.49451065 0.127680525 2.0873518 0.599843919
x -0.557282805 0.184727505 -1.74169946 1.2110827 -0.273342252 1.23282361 2.20936036 0.0104383454
x 0.0382553078 -0.150995269 0.373089999 2.21643901 1.28405058 0.241433457 1.06046855 -2.05796337
x 0.123921975 -2.82953715 1.12431669 -2.16876984 0.547651887 -0.902832091 2.55912256 -1.26455534
x -0.328824311 1.69259703 0.443672657 0.20734331 -0.229827896 0.094533138 -0.749554396 -0.165582344
x -0.0436867625 0.730899453 0.0812377334 0.846710742 -1.48694444 1.41068447 0.457790524 1.63954365
x 0.532176554 -0.101512589 0.141166672 -1.15351641 -0.226129606 0.186331734 0.134693965 -1.6363709
x 0.490809739 -1.00332057 -0.21468097 0.851276696 -0.706305325 -0.125119179 -0.440147549 0.540320754
x -1.15222025 -1.5511868 -2.07425737 2.17595601 0.677884698 1.61823654 -0.374036759 1.12251806
x -0.445168614 -1.26277852 0.846960485 -0.294448614 0.259905249 0.418944061 0.591479838 -0.212751448
x -2.30946422 -1.18804598 0.565494478 1.94691598 -0.0351774357 1.37975645 -2.37669349 1.49009562
x -1.13558495 -1.01348841 -0.299781919 0.296684086 -1.19774938 0.996105313 -1.44219923 0.136032388
x -0.883816004 0.213387385 -2.01756907 -0.9793033 -1.24905586 0.909678996 -2.23968768 1.730914
x -0.513252199 0.189818397 -2.54751563 -0.796982408 0.837620258 1.50035894 -0.990955234 1.13273895
x 0.175002992 0.64199549 -0.212498337 1.51498032 -1.70755994 0.642418861 1.5376755 0.769137084
x -0.286651254 0.517544806 0.261412531 -0.27533105 1.06962812 1.34279025 -1.36068726 1.8584615
x 0.0517412201 -0.170730963 0.92642951 -0.767200887 0.468177468 -0.327467233 -0.0349363536 0.387422174
x 0.0211431868 -0.328195363 1.20518041 0.573683381 0.499274522 0.884944081 -2.08931208 0.909275174
x 2.30698252 -1.03428411 2.51806784 -1.79007363 -0.697459221 0.674295723 -0.59773308 -0.890076935
x 0.153043762 0.437280476 0.874435604 -0.272152126 -2.02861333 0.572603464 1.2954278 -0.461258978
x 0.786732078 -1.36322725 -0.722371817 -1.18642986 0.0960411131 -1.17149079 1.65627575 0.512399495
x 0.0435892642 0.715818405 1.27747107 0.388756454 -0.836556613 0.0872922689 -0.436332375 0.538557589
x -0.387105644 0.0708620399 1.05013061 -0.798611999 -0.147684336 -0.233387813 -0.609542549 2.55888653
x 1.16937792 -0.658712268 -0.642187297 0.341347963 1.26650751 -0.102453895 0.852499723 -1.74708188
x 0.404359758 1.3253231 0.16236949 -0.635446072 1.11125243 -0.98338753 -0.282191843 0.614010036
x -0.907900155 2.65120196 -0.189526826 -2.01242781 1.10402203 0.362418205 -0.0367289819 0.492824703
x 0.643198967 -0.101122968 0.694690883 0.398064613 0.960758269 -0.475749761 -0.377172947 0.636276484
x 0.709191978 -0.0158353616 0.103885576 0.961361408 -0.844371557 -1.19412243 0.801151454 0.392302662
x -0.69824779 -0.280682594 -0.754540265 -0.517673194 1.32663786 0.05381326 -1.10881615 0.527352393
x 0.529862285 -0.0597802103 -0.0673541054 0.505698502 0.771215379 -0.0966213122 -0.56398505 -0.227154851
x 0.980592906 0.773778021 -0.420685172 2.84115767 2.51127768 -1.05222631 1.02993548 -0.99627465
x 0.0441647992 1.55381393 0.774034023 -1.19376934 0.517868102 -2.4529407 -1.58613431 0.0352775231
x -0.825639188 1.57734025 0.133496776 1.27759254 0.117580973 0.169498801 0.17283234 1.96651709
x 1.6176002 -1.11862314 -0.25987047 1.68601978 -1.50589383 1.83897567 0.634449542 -1.02059543
x -2.22187924 0.0599699579 1.74315155 0.234499782 0.554271758 0.486785203 -0.245719403 0.397213638
x -0.627743304 -0.573211491 -0.9237324 -0.37397927 -0.37459749 0.186650306 -0.345572263 -1.65741765
x -1.10550368 -0.267987758 0.529139638 -0.289489061 0.390776962 -1.53862238 1.18928385 -0.461253375
x -0.805880725 0.0387567319 0.450714797 -0.226007 0.660040319 -1.76609766 -0.100061551 0.861030638
x 0.479559213 -0.283624202 0.325463414 1.75672412 -1.12933147 0.261961251 0.126204774 0.698013783
x -1.14120388 1.60179961 0.871608257 2.31883717 0.0806344822 -0.601913273 -1.79682934 -0.472041994
x -1.26891673 -2.01117945 -0.866167665 -0.261609346 -0.166912764 2.58485866 1.55928814 0.196086287
x 0.720573902 -0.376968026 -0.41373378 0.49852246 -0.111353658 1.60113084 0.752331316 -1.03483462
x -1.4902178 0.159120247 1.20437789 -1.04547644 -0.92939651 2.40264583 0.0300771818 -0.33135888
x 2.48848057 -0.293730617 -1.12893641 0.0837229192 -1.24860537 -1.58509171 0.965359271 -0.556952834
x 0.491081953 -1.10734642 -0.240248203 -1.22942841 -0.943461657 1.75143659 0.750500381 0.682450771
x -0.0205759332 -0.347073495 -0.0258790348 -0.429875523 0.516167939 -0.0933051482 0.198339239 2.67743421
x -0.00220807595 -1.08707428 1.59417164 -1.0305115 -1.03474188 1.81257522 0.446993232 -1.00851035
x 0.101237342 1.41801977 -0.904103279 0.216642901 2.44516706 -0.12580198 -1.66707051 -0.378240228
x -0.278264821 -0.518385053 1.75340331 0.212926015 0.0422850922 0.561784744 0.160355464 -1.92622173
x 0.681456447 0.55366385 0.394948095 0.740109205 1.12100971 1.39314294 -1.59646237 -0.755663931
x -1.0166868 -0.454978347 0.368569881 -1.78544033 0.669002891 -1.5141592 -0.993586302 -1.21976852
x -0.493162274 0.321131527 -2.0576005 1.56145203 -0.965279043 2.16385102 -1.53900599 0.863650858
x 0.569539487 -0.232980385 -1.43187523 -0.468279749 1.28960979 0.858156979 0.860220194 1.49231803
x 0.486700982 -0.0618638135 0.872919142 0.697365582 1.37771749 0.477680594 0.611409307 1.01237488
x 0.00026772439 -1.08429122 -0.0349657424 0.0994535759 1.12766576 0.653200984 -0.500412107 0.231257945
x -0.298145711 -0.493848592 0.814244509 -1.04452121 1.06387079 -0.34292078 0.432170033 -0.399881899
x -0.662305534 -0.6299631 0.845158696 -1.69768846 0.11778833 -0.643580437 -0.506967485 1.82336986
x -0.701057673 -0.737133384 -1.54677415 -1.87015462 -0.241409227 -0.685393691 0.690893829 0.202551559
x -0.910176218 1.46848977 1.0994947 0.01900254 0.783586144 1.71290839 0.393642366 -0.547052801
x 0.117194444 0.173700646 0.2775729 1.14583087 0.31767869 -1.65206444 -0.800517499 -1.06652749
x 0.354517251 -0.268622845 0.35267657 -0.494366765 -0.728345692 1.01732266 0.403002053 -0.239339322
x -1.66291225 -1.28658891 -1.18437397 -0.0611879379 -0.958606482 1.07003558 0.742418826 -0.164936706
x -0.851745784 -0.502610326 0.291073203 0.0210380815 -0.212322444 1.17292345 -0.349602491 -0.138048276
x 0.553961575 0.270785362 1.08082592 -0.49232164 -0.778697491 0.657863736 0.12747778 0.791918457
x 0.721766233 0.707012117 -0.975079536 -0.096774511 -0.539553165 -0.466965914 0.123339921 1.51590228
x 2.0885036 -0.822857141 -0.0407676473 -0.804931104 -0.779798806 -0.27031827 -1.62174034 0.359530866
x -1.12757862 -0.174895912 -0.798462689 0.679475069 0.800265253 0.604538739 -0.0602092035 -1.60953093
x -1.05974805 0.442283362 -0.610004604 -0.320834339 0.514071047 2.11289167 -0.745451331 0.431610912
x -0.571036935 -1.12619746 -0.344799966 -0.252951831 -0.435965717 0.508501947 -0.289641976 -2.06231737
x 0.527463734 0.480646551 -1.4353348 -0.676240623 -0.482201368 0.677754879 -0.25079447 0.95062393
x -0.757662535 0.852140903 0.00164933619 -0.371170968 0.833251357 0.796068072 0.575345814 -0.128338352
x 1.04660177 1.19373465 -0.311109811 0.107510678 -1.51627588 -0.681774616 0.973581612 -0.955438554
x 0.333990574 -0.0381301828 1.64357686 0.139408588 -1.87712431 -0.422662675 0.422342062 0.607450306
x 0.464360386 1.270401 0.252669364 -1.89372981 -0.639574111 0.211368248 -0.684207916 0.347977132
x 0.283706754 1.61266625 -0.705577493 -1.20202279 -1.25470364 -0.475794584 0.50036186 -0.156503215
x -0.689281523 -1.1084615 -0.235261023 0.620011926 1.1153177 1.24853575 0.710303664 0.30403465
x -0.623707116 0.311141253 1.48377049 0.108020991 0.745342791 0.00244888873 0.473623306 -0.925983906
x -1.28077805 -0.983396769 -1.94773138 0.859828055 2.38363171 -0.208699957 -0.793943584 0.355731875
x 1.5945704 0.0904857293 1.28418469 -0.00952557661 0.232758924 -1.51635551 0.349677771 -0.930375755
x -1.04742205 -1.56664598 0.600732565 2.28533459 -0.720827222 -0.269604385 -0.360602617 0.441126466
x 0.983467877 -0.0367077254 -0.40017733 -1.79736495 0.632731795 0.0792515948 -1.80775177 -1.1740557
x -0.98618108 -0.445947617 -0.897570074 0.777638376 -0.951260448 -0.505141973 -1.04654109 0.690848053
x -0.431052566 0.00531864958 0.552653074 -0.0102710277 -0.141869575 0.752081871 0.374654293 0.115869388
x -0.384819657 0.163089126 -0.71915561 1.4956367 0.283765346 0.450323254 -0.641318381 -0.223181665
x 0.690264165 -1.9491781 -0.270560592 -0.641786695 -1.13398802 0.680408716 -0.767938852 -1.03941298
x 1.00114262 -1.87890685 1.03354275 1.06614125 -2.04446793 -0.227973461 0.286821157 1.01779771
x -0.530557454 -0.165807098 0.744602859 -0.90174216 0.582120419 1.10509729 -1.04871869 0.29938218
x 0.0780147091 -1.05043387 0.151749924 -0.257677525 -0.793771863 -0.361195087 -0.976983488 0.398167223
x 0.409551382 0.756549537 0.100385293 0.210983291 -0.559065282 0.651558161 -0.624957502 0.564639807
x -0.457756251 -0.774318099 0.389683664 1.63455093 0.856048822 -0.449363172 -1.38952494 -1.50285137
x 0.280289471 0.163784549 -1.9300139 -0.158915162 1.07699096 -0.025588423 -0.0323618427 -1.16019213
x 0.689624012 -0.70670855 -0.570315003 1.14616668 -1.0132283 -0.202525556 -0.0101038227 0.385187238
x 1.53784442 -0.0183401499 0.522123516 -0.0923057124 -1.67406654 1.11233842 0.732428372 1.20135081
x -1.05206311 0.141921699 1.90127659 2.20470214 0.0753720328 0.296088487 -0.959985673 -0.205889896
x -0.765458286 1.04576528 -0.403318107 -0.0913604945 0.794436216 -0.132000238 1.03967834 -0.168373808
x 0.748781621 -1.01152599 -0.0171362683 -1.47552907 -0.862870097 -0.738064766 1.93290508 -1.05868924
x 1.93824697 0.660311639 0.461881727 -0.729187012 0.814060211 1.88715804 0.978912294 0.397765547
x 0.0762359723 0.690786242 0.159167901 -0.207250029 0.870314598 -0.331448704 0.887439787 2.10422039
x 0.960198939 -0.482336283 -0.187016845 1.06059945 -0.823669136 1.8683368 -0.195081055 0.138580292
x 0.42201978 3.25719905 -0.0874649212 -0.572328746 -0.403706253 0.657470644 1.69637895 -1.0172435
x -0.352538437 -0.219294325 -0.386069238 1.50104785 0.885657847 1.4164263 -0.479742765 -1.0967927
x -0.0511158928 -0.747573614 0.215045929 1.0597018 -2.18658376 0.73845768 2.14182806 -1.22600174
x 0.321496457 -1.17785096 -0.872916877 0.114180781 1.82457805 1.60898948 0.113822326 1.02680731
x -2.76557803 -0.352207869 -0.250909686 0.573610425 -0.783723533 -0.885119796 -0.922937632 0.569503784
x 0.374765664 -0.366437316 0.936741769 -0.14096956 -0.627443612 -0.69419384 -2.09408045 0.164250985
x 0.694519579 0.498157591 2.66120601 -0.351815432 -1.28977787 1.78770173 1.56594896 -0.78423512
x -0.058973968 -0.489866406 0.541139007 -0.336872548 0.770053267 0.983355582 1.98302746 -0.412383378
x 0.774579942 1.04260206 0.24219279 1.62305439 0.442783952 0.143405154 2.12721205 -0.769750476
x 1.19475198 -0.734439671 0.598459721 0.817065537 0.956493795 1.45286155 -0.664814591 -1.2459811
x 0.212564677 0.325668097 -0.0787557214 2.49501324 0.128748074 -1.27804899 -0.713284552 0.474137127
x -0.0907245353 1.18808758 0.892340541 0.922260165 0.863527596 0.820188463 -0.116741091 1.56535435
x 1.13021481 -0.695874989 0.448069066 1.04314649 1.45135128 0.47932449 0.866275132 -1.94727993
x -0.250316739 0.00904989894 -1.01625013 -0.00142796827 -0.26042223 -1.15996718 0.564368904 -0.65997082
x -0.389459133 0.969947636 -0.645420849 1.40066278 0.471422315 -0.832139552 -1.45193458 0.0813297704
x -0.732099354 -1.18052649 -1.27127802 -0.518513739 -0.475792348 0.161565587 -1.25099039 -0.529085279
x -0.622759342 -0.754244924 1.3019073 0.271556973 2.14666605 0.791703105 0.370951414 1.25592172
x 1.17145765 -1.62013531 -0.803979516 -0.225748852 0.285452962 0.281358123 -1.54339409 0.377520978
x 0.447512329 -0.899252057 -1.16836977 0.570335388 -0.442704111 0.849869907 1.01253223 0.376176447
x -1.43414009 -0.890766919 -1.82979786 -0.509386659 -0.889849782 1.56353581 0.644934356 -0.24859482
x -1.22025156 1.80564916 -0.876900434 -2.0154953 -0.752149105 -1.4407624 0.816728652 -1.0266428
x 0.512300193 1.5054636 -0.919954598 -0.117927961 1.90901804 -0.267966658 -0.256603569 -0.311473846
x -0.750054359 -0.793794394 1.04554486 1.24013948 -0.901722789 2.00668168 1.64781487 -0.308942676
x -1.65506816 -1.02182841 -0.202692419 -0.241775617 1.71848404 -1.2780503 -0.114598915 -0.192865878
x 0.822006881 -0.233901814 -0.280295193 -0.0189054124 -0.462589025 0.550295591 0.551048398 -0.870524287
x 0.852028668 0.328885406 -0.116861947 0.978230178 1.28538191 -0.765942454 -0.360453904 0.107083485
x 1.66202867 0.399543285 0.236041784 2.00435925 -0.237635553 0.978501379 -0.6763376 0.0970724672
x 0.915011883 -0.716409445 -0.658213258 -0.131530911 1.49962413 -1.65099168 -0.593946218 0.991313398
x -2.1954906 1.89171433 0.164171413 2.00487995 -0.947854042 0.827646554 -0.651189804 0.284924835
x -0.739793897 -0.635273695 -1.71690452 -2.83464575 -0.0559632741 2.36304951 -0.292828143 -0.486532986
x 0.489493012 -0.670068145 -0.514450431 -1.26198137 -0.928649724 1.077703 -0.851758003 0.202262342
x -0.369516075 -0.869182348 0.310546249 0.826601326 -1.22250271 0.348876148 0.786214888 -0.306238174
x -0.0797698125 0.0049510817 0.203579471 -1.12794781 -0.515849233 0.413544744 -0.758689702 -0.0865393877
x -0.0727114603 -0.779568851 0.133104339 1.3076936 -0.793044627 -0.615545511 -0.160395116 -1.20721531
x -0.601852655 -1.48350155 -1.86657989 0.334896594 0.837454081 1.73683941 -0.160961032 0.955565691
x -0.294726491 -0.73460269 0.645089328 -0.251298785 0.658421695 0.292499334 -0.975900412 -1.1009922
x -1.03600979 -0.659404635 0.907527804 -0.112547688 1.42266834 0.545601666 -0.177780211 -0.85627526
x -1.9647671 1.08493447 1.30447817 -0.233434513 1.74877882 -0.0645276383 -0.0239154678 1.14046729
x 0.0124354046 -0.45427376 -0.358667016 -1.71851349 -0.0781112611 -0.0199845396 1.21884549 0.644008756
x -0.745702326 0.806265771 0.293169558 1.56612539 0.903620183 -0.103650175 1.04373384 -0.373054504
x -0.959148407 0.242103487 0.556854069 1.04552388 -0.0290907361 0.0580552891 0.725146174 -0.072485283
x 1.61034608 -1.48586833 -1.26621842 -0.275797457 1.10801804 -0.0918597057 -1.35475183 0.776574433
x -1.12441921 1.28308284 0.904628396 1.50536561 1.25399315 1.09528291 0.715624809 -0.309606433
x -0.101106577 0.0141075868 0.197842687 -0.537626028 -0.730588675 1.41996682 -1.17095542 1.07988715
x 2.03608131 -1.01674163 1.39083016 -0.114008389 1.46612322 -0.561562538 1.29570687 -0.687062204
x -1.30799091 1.76980531 -0.833162487 -1.27074087 0.0349908993 -0.313731521 1.1910826 -0.865047514
x -0.435860276 0.791264534 -0.719161272 1.03463316 1.07526314 1.98613298 2.10098124 -0.722796023
x -0.715594471 -0.913288116 -0.0167284347 -0.125752091 -0.216656819 -1.14841521 1.3005532 -1.48230243
x -0.537629902 0.800346673 0.62729764 -0.20700869 0.951836944 -0.330144733 1.98203349 1.04839504
x -0.74871242 0.857985854 -0.218952462 0.38516131 1.22358489 -0.825311124 1.40550184 -0.266630828
x 1.09412301 0.442828774 -0.551218808 -1.35885561 -1.22418499 0.297289431 -1.08727705 -0.494553953
x -0.246396303 -0.641152024 -0.447011799 0.607170105 1.11896825 0.466820955 0.6452443 0.534370005
x -0.438663423 0.185431957 -1.69049585 0.0810827687 -0.427630186 1.23754454 -1.85795927 -1.07001793
x 2.27925634 0.734946907 1.38279855 -0.788693547 -1.453807 0.482433766 0.160248935 0.544303417
x 1.54665947 0.854306281 -1.54741049 -0.510182142 -2.20651317 0.547008395 -0.465248197 -1.27079332
x 0.359488189 -1.10542905 1.00825977 0.717096686 2.23464108 -0.752724707 0.954515219 -0.450990736
x -1.20386612 1.85824287 -1.0614084 1.65064788 -0.355403721 0.724518061 -0.426981091 -0.773163915
x -0.90032196 -0.417345315 0.246075675 1.4014374 -0.793654382 0.0284880605 -0.26937452 -0.084304817
x -1.02306032 -1.38052762 -0.468857169 -0.032254748 2.40499496 1.49839711 -0.404996812 -1.29491162
x -1.70961678 0.94329524 1.20385909 2.0767808 -0.262619525 0.389406472 -0.342706323 1.42478204
x 0.928585649 -0.774512589 0.169106722 -0.999243319 0.111218691 -1.41549957 0.196277544 1.19265902
x 1.26399624 -1.23915255 0.051080592 -1.33520591 1.09177744 0.407132387 -1.13484108 -0.913467467
x 0.559257567 -1.69867444 0.0687947497 0.36188972 -0.659992039 -0.265488327 0.0903933868 0.57782805
x -1.24872434 -0.561816037 0.800918519 -2.61106372 0.980429113 1.33745849 1.89690173 -2.35974073
x -0.459142894 -0.647484839 1.451267 0.667357028 1.02439296 0.735097051 -1.52395666 0.420051068
x -2.17782617 0.441898972 0.201225638 -0.180412173 0.238526121 0.714887977 -0.781623006 0.358535558
x 1.45614731 0.395736307 0.230691075 -0.0145105049 -1.29783118 1.42852402 -0.412381947 0.0402421057
x -0.298291683 -0.355596423 -0.58981055 -0.704268277 0.932323575 1.36579037 0.242119268 -1.15518785
x -0.0661807656 2.22055435 0.312358439 -0.195881188 -0.819135129 0.530186236 -0.239272654 1.28407514
x 1.08671892 0.514140427 0.0752730146 0.538743019 0.315647602 -0.233763471 1.32985604 -0.0927034616
x -0.534758866 -1.67766273 -0.214864224 -1.53370047 0.762720823 -0.806079924 -0.915237844 -2.26438928
x 0.276135534 -0.302916855 0.69995755 -0.928005695 1.02288151 0.738581061 1.63958216 -0.454885155
x 1.12920821 -0.81597203 0.105494924 -0.235864133 1.38968492 0.436777681 1.9604255 0.400137633
x 0.179622382 -0.0651002675 0.275004148 -0.715873778 -1.06506324 -0.53022325 -0.358001769 -0.509259641
x 2.18804359 -0.174559683 -0.290009797 1.26397765 0.907339871 -0.722367048 0.861030638 1.02041566
x -0.824859977 -0.130953342 0.720103145 0.912516117 -0.736032605 1.20522261 0.554260492 -0.907131553
x -0.234396815 1.84194624 0.398937792 -1.88541055 -1.23652732 1.51646686 -0.0490567312 0.173674628
x -1.16269934 1.54386079 -0.111148059 -0.600080371 -0.120008878 3.01372766 0.0325655639 0.376797855
x -1.43045115 -0.627012253 -1.85927916 0.958809495 -0.678848267 -0.446608067 0.127287641 0.365361929
x 2.06251144 0.025507886 1.05824697 -0.71193409 -0.991923511 -0.711742759 -0.0570167229 0.25967589
x 1.05754995 0.922390938 -0.562527359 0.29681617 1.08147597 -1.33532453 -0.673649907 -1.27066708
x 0.608789384 -0.0228180643 -0.870390296 0.509875774 -0.356206715 0.986954093 -0.19536753 0.330784738
x -1.3887161 0.453140169 -0.378607124 -1.69177175 -1.81110954 -0.97357285 0.78361541 -2.11880589
x 1.17587543 -0.173930764 0.23402673 0.753878355 -0.791042686 -0.0284790006 -0.145275936 -0.589034975
x 0.855778217 0.122648716 0.755723655 0.859725416 0.400837898 0.773316443 -1.12383795 -1.30906272
x 1.45286644 -0.378182977 0.651416421 1.09756899 0.36762777 0.807703435 -1.21361709 -1.31414878
x -1.15752387 -0.608044803 -2.60475922 -0.403429598 -1.85195613 0.996593952 0.432504237 0.48613885
x -1.93703997 -0.392297298 1.45476568 -0.713091195 0.857745767 -0.887397766 -0.153318316 2.64697433
x 0.670437813 1.31558633 -0.04865399 -1.53463233 -1.45214999 0.829665482 0.300428212 1.45550275
x -0.476130784 0.355879396 -0.695427179 0.664847851 -2.08213806 0.0375432558 -0.886857629 -0.129488558
x 1.01461661 0.387340814 0.626890898 -0.793674469 -2.67189026 -1.12589681 0.261741668 -1.16918814
x 0.371037424 -1.84174371 -0.156813741 1.33216786 0.50270927 -0.849536419 0.679091156 -0.133153215
x -0.624051452 1.12485313 0.379831582 -1.95969748 -0.641034365 1.54276204 -0.11524947 1.9798826
x 0.75358206 0.94862479 -1.66530156 -0.477359533 1.50843477 1.37311614 0.196219787 -0.663646877
x -0.897760332 -0.272258103 -0.10687156 -0.980672598 -0.973605335 0.566763818 1.26748657 0.414757639
x 0.116677001 1.36595774 -1.20171189 -0.162592858 -0.397231907 -0.523712814 -0.959546447 1.00030303
x 0.591434002 -0.231795177 1.5317049 -1.49393475 -0.187442377 -0.936442614 1.67690086 -0.179656297
x 0.311703265 -0.353602558 1.0992254 0.547969282 0.486287594 0.157145321 0.859253585 0.513427794
x 0.621323526 -1.42768681 1.22070479 1.09124589 0.694702923 -0.280706942 0.0441227108 -1.06868649
x -0.477614671 2.00420785 -0.112874918 -0.547160685 0.298398912 -0.115497775 -1.05678236 0.498437136
x -0.424603671 0.0649580583 1.19706726 0.276462525 1.35292876 0.548314571 -0.657412827 -0.752765059
x 0.096328631 -1.02337182 0.460961044 1.50761092 -0.2093319 -0.110973053 1.91836274 0.892924547
x 0.577216446 0.973531723 0.179993078 1.57791865 0.945532501 -2.34449363 0.764520049 0.412022829
x -1.50754142 1.14546716 -0.0458156653 -0.550980747 -2.06534362 -0.0132906446 0.0113779483 0.627776086
x 0.25085324 -0.0181173421 -0.762344062 -0.308246642 0.563793421 -1.68064642 -0.505744934 -0.000779356982
x -0.0376863852 0.680202365 1.82024729 -0.315817297 -0.23196885 -0.390070051 -2.12895203 1.2080853
x 0.337749213 0.708591402 0.0393757634 0.858887017 -0.228644133 0.709386408 -0.612127364 1.22167122
x -1.14761281 0.706670463 0.270217896 0.833817959 -0.255336076 -0.695496202 -0.525100648 -0.270850748
x -0.132541701 -0.94592303 -0.293789417 -1.84271753 -0.3830778 -0.17646198 1.95657694 1.58758652
x 1.22917485 0.76786238 -0.02970534 -1.68889165 -0.332282484 -0.408996671 -0.727114201 0.902200222
x -0.249527857 -0.782379806 -1.63808215 1.38045728 0.977840483 -0.0432368666 0.436365902 -0.0992231518
x 0.746410966 0.337757796 -0.432627201 -0.607316494 -1.26088989 -0.338095516 1.15224254 -1.76913667
x 0.465723425 0.458955139 -0.608103335 -1.57484186 -0.604259253 -0.599100411 0.566833436 0.501650393
x -0.279140264 0.586008668 -0.81804806 0.0399462357 1.1161648 -0.319957316 -0.075846985 -1.35083497
x -0.188009799 0.482876062 -0.474619597 1.45965934 0.653574169 0.0791189373 0.94948107 1.23284483
x 1.24894381 -0.985632956 -0.695134938 0.0253385641 -0.731401443 1.97003806 -1.87667561 0.202873915
x -1.46904635 -1.08012986 1.29469764 -0.11578612 0.121351711 0.473671526 -0.471253246 0.594252646
x 0.608056366 0.0100910561 -0.359768808 0.214842662 0.958591044 -0.154680714 -0.0791794136 -1.32701635
x 0.877876103 -0.624073565 0.929075837 0.526569247 1.27373636 0.428875566 -0.881763458 2.34919453
x 1.24619865 0.0209600031 -0.660323143 -1.05138123 1.55903661 -0.224010453 0.341686845 0.860796452
x 0.321910024 0.544306993 -0.117599607 0.733192146 1.03833866 -0.0862441361 0.356671482 -0.329689473
x 0.281356961 1.3574425 0.391147554 -0.350693196 -0.0485610515 -1.05781221 -0.255753815 1.29515469
x 1.57170975 -1.727126 0.731544375 0.224890545 -1.68263829 0.431117862 0.389584243 0.655702114
x -1.2512449 -0.476141602 0.438245773 -1.59648788 1.49430156 0.36073193 -0.463776737 1.34961236
x 1.21156597 -0.373617172 -0.926928878 0.787064075 2.73063421 0.254384756 -0.352222979 -1.10657215
x 0.788291097 -1.26039493 0.634422481 0.522436798 0.252751112 -0.252368659 2.08926249 0.0800022185
x 1.84440947 0.624379814 1.37499869 -0.452072471 0.523169339 0.0633152947 -0.193314776 -1.20245898
x 0.120173603 2.23357272 1.81911004 -0.125838667 1.95385003 0.195504889 -0.794087172 -0.0500958413
x 0.518871129 0.770247638 0.209466651 0.0376524068 0.632661641 0.138658524 -1.00380969 -0.122301117
x 0.0140736811 -0.441036046 0.456567824 0.154233769 -0.633862436 1.29374909 -0.376410753 0.253094286
x -0.108910553 -0.73375684 0.560535848 0.247826144 0.735394716 1.91692626 0.0764164701 -0.198152021
x -2.86161613 0.537949741 -0.655666709 -0.74115634 -0.565609753 0.458442658 -0.268538207 -0.251447976
x -0.306281507 -0.0271918718 -0.317445308 -0.717965841 -1.07017326 0.943053484 0.486779988 -0.0367422141
x -0.660405457 1.71897459 -0.403727293 0.670883477 -1.20095181 1.07977307 0.697052777 -0.877681851
x 0.0831757188 -1.02644241 -0.318099141 -1.28234184 0.190445051 1.01429892 -0.651878476 -0.38922146
x 0.312762678 -1.7814033 0.123747416 -0.47420007 0.0283691529 -2.73309755 -1.07637739 -0.335271865
x 0.75723058 -1.32873607 -1.34442353 -0.324576408 -0.524951994 0.231003612 -0.779978693 0.0508674607
x -1.03917909 0.0395236313 0.885669291 -0.604282916 -0.510922909 1.38607669 -0.869201422 -1.08811784
x -1.63294137 -0.869497716 -0.14077431 -0.487199813 2.1500237 -0.844453692 -0.970419466 -0.148167223
x 1.13838398 -0.476249784 0.134584159 0.163250551 -0.456794292 -0.0748604685 -1.20341849 -2.55713248
x -0.470058888 0.851850152 -0.0809706599 -1.07096362 -0.307302356 1.25838983 -1.01123714 0.037105795
x 0.0688534603 0.872936904 -0.664481282 1.14984119 -0.478189498 0.693247378 1.03781462 1.70213747
x 1.75462997 -0.983042181 1.43629265 -1.52611649 -0.532092035 0.264821559 -1.32331216 0.06158714
x 0.491378367 0.868659556 -0.174231231 1.244596 0.0486703739 0.837797701 1.01088417 1.8502202
x -0.101460502 0.564444959 -0.0951438025 -0.179003209 -0.83859843 0.998508453 -0.946863174 -1.21670413
x -0.163417161 -0.549220204 2.28551507 0.260750562 2.20538759 -1.40935922 -0.716098845 1.35557103
x -0.632472992 -0.676348805 0.530976534 -0.701012731 -0.703516722 0.773456812 -0.284009308 0.138525769
x 1.14665401 1.24579751 0.858480692 1.99487782 -0.363396525 -0.921930611 1.81928837 0.379966825
x -0.263947487 -2.13074946 1.06221235 0.850025415 -0.722121 0.398082465 0.928529143 -1.33391619
x 0.753835678 0.223816857 -0.905394435 -0.399328202 -0.410941124 -0.693399787 -0.350382566 -1.88983548
x -0.179974258 1.80872333 0.34497425 -0.696424901 0.476838648 0.656823456 0.497481048 1.08848274
x -0.996655941 1.01624215 -1.18048275 0.164398134 -1.59567988 0.254488617 -1.72232485 0.188752174
x 2.85859799 -1.771945 0.107267521 0.204237744 -0.0454332307 0.605326653 -1.39685178 1.60789716
x 0.503835142 0.691007137 -0.0746486783 0.830833316 -1.36245859 0.914717257 -0.603928804 0.357727826
x 0.721175075 0.721105754 0.876454592 0.438131213 -1.33052516 1.0780741 0.323099196 0.291553438
x -1.3829248 -0.0307023767 0.490878016 0.439678192 0.179962501 1.12518096 -1.04907095 -1.29664326
x -1.91728067 0.253399402 0.529952824 0.198298395 0.141496718 -2.04174781 0.477048844 -0.311228186
x 1.74008131 -1.24437344 -1.101964 0.351743549 -1.85691941 -0.791455626 1.40447164 0.440375
x -0.403934836 1.78505838 0.41187796 0.271815509 -0.538286805 1.30148947 -1.67010355 1.25764549
x 0.958489716 0.0422084965 2.0256269 0.277130395 0.349732697 -0.850748003 -0.466554016 0.616368353
x 0.606429994 0.326698899 0.2985906 1.28311205 -0.230638742 0.379260302 -1.53399682 0.851898193
x -0.269711822 1.61547017 0.615693927 0.466684252 -1.79905879 -1.49767554 -0.109446935 -0.654612303
x -0.531554759 -0.368268788 -0.854027987 0.870119989 0.416278005 1.58006501 -1.00923872 2.11818075
x -0.552386463 0.194351837 1.95157397 1.08870518 -1.54265702 0.858612597 1.53628635 0.442558795
x 0.663650632 -0.961985826 -0.0324288644 -0.491914093 -1.33726037 -0.805365026 -0.444410771 -0.840040684
x -0.767456055 -0.696236551 1.38586938 1.45497537 2.41531658 -0.766312897 0.355676085 0.120619893
x -0.559291184 -0.793433547 0.914573014 0.966354609 2.04953718 -1.12229133 1.42242193 -0.518621624
x -1.03910172 0.892887592 -0.0585177094 1.62917387 -1.80824792 1.15575588 -0.962329924 -0.732395053
x -2.0603888 0.602800608 -0.398753583 1.25030088 0.276468694 -0.974997878 -1.03700542 -1.1216141
x -1.32596695 0.50030458 -1.10164583 -0.610616267 0.00307282526 -0.275400341 0.0708937794 0.701073349
x 0.48633191 -1.1045531 -0.0139259463 -1.48634768 -0.300135732 0.431296736 -0.35271734 0.437272638
x 1.39746261 1.4034915 -2.19712663 -0.685209274 -0.128280118 1.06187379 -0.389375806 1.73320293
x 0.611869991 -0.88692975 -0.876233041 -0.773839056 -1.65274918 -0.277277082 1.39780855 0.421156526
x 1.21022272 -0.610777974 -0.827104688 -0.416357338 -0.906057298 1.96455276 -0.283545583 1.01656961
x 0.322205275 -0.562156975 1.01638889 0.573676229 0.379927635 -0.0153933121 0.275852561 0.564329267
x 1.73352396 -0.276087344 -0.450093716 -1.14499533 -0.118317999 0.357549161 1.80205154 -1.09419525
x -2.08083034 -0.541027248 -0.266891509 -0.723989964 2.27789164 -2.86650991 -1.12253881 -0.539218962
x 0.448426008 0.78392756 0.0504725277 0.587196648 -0.325496584 -1.68320274 0.00357632875 -1.10198033
x -2.28636718 -0.862174392 -0.416256279 -0.0276530031 0.00257949252 0.111203663 1.56965137 0.274134427
x 0.260633677 1.44672012 1.15982032 -0.83362335 0.393721461 -0.791872144 0.044241488 1.52686083
x 0.127381787 -0.351583421 -1.32473075 0.39047578 -0.0901151896 0.830415666 0.739280879 0.774013698
x 1.17839718 -0.14273724 1.37223315 -1.6627568 1.15489471 -1.07383263 -1.76501369 -0.220981479
x -0.28626892 0.911971569 -0.775094926 -1.20543242 0.128953442 0.480529994 -0.83526808 0.12553829
x -1.19582343 0.126300737 -0.0306726564 -2.49562073 0.47549662 -0.190797001 -0.984242618 1.87930453
x 0.468172669 -0.445353538 -0.61567688 0.260055035 0.858095944 0.127876535 0.56334126 -0.951695979
x -0.214331493 1.03290701 0.116928428 0.605101287 -0.284012049 1.30303073 -0.652917743 -0.804198444
x -1.31714797 0.296953589 -0.135617539 0.841694176 -0.473682195 -1.5765574 0.0424373001 -0.895239055
x -0.654423475 1.05602169 0.452374011 -0.461272657 -0.039045386 -1.19538939 -1.37034643 0.550262392
x 1.14944708 0.398455709 -1.051947 -0.127503082 -0.0969841033 -0.0621789768 -1.33344579 0.462961525
x -0.199421138 -1.12396085 -1.85264301 -1.22005689 -0.785757244 0.226073906 0.77091229 -1.56161535
x 0.665773034 0.792854965 -0.760063887 -0.769864023 1.8606596 -0.242014602 0.595779061 -0.354166865
x -0.296432018 -1.48426926 -0.225838259 -1.18249941 -0.961816013 0.484596699 -0.554300249 2.15635824
x -0.264575154 0.808409393 0.368097752 -1.46418536 -2.24910688 -1.6825366 -0.20215103 1.07285535
x -0.650037944 0.152298123 0.165110812 2.64532495 -0.552303851 -0.524128079 -0.0610965453 0.128213316
x -2.31071663 -0.023356881 -0.606622696 -0.15440163 -0.986237824 0.802965581 1.05810297 0.547146082
x 0.872570932 -0.891188383 -0.87163204 -0.616894245 0.70053339 0.941295743 0.9045012 0.167254061
x 0.283408076 0.824806035 -0.695540726 -0.358894169 0.394591838 1.56820166 0.62639612 -0.0321823172
x -0.496852368 0.14222011 -2.73395276 0.715633392 0.486533731 -0.852787614 0.336766154 0.06198911
x -1.03080428 1.37038469 0.174375758 -1.04181421 2.17039633 -0.0452143662 -0.672139645 0.747585416
x 0.891257644 0.31458205 -2.90713501 -0.0548176095 -0.0741034374 -0.1067058 0.623012483 0.249459043
x -0.242325723 -1.46238554 0.676311672 -0.25031805 0.161194965 1.16011262 0.850507081 0.190543488
x -0.896495879 -0.848687291 -1.29927564 -0.554850638 1.77809453 -0.0957409218 -0.0312668681 0.0682948679
x 0.576616883 1.19058073 -0.2089829 0.805855632 3.1041081 -2.51507306 -0.305221468 -0.0727626458
x 0.0342754349 0.196327642 -0.656744361 3.14503431 -0.302105099 0.225221798 -0.221458822 0.533670008
x 0.531019926 0.309750736 1.4146775 -0.140008837 1.00990379 -1.47227597 1.01919758 0.540365219
x 0.577215075 0.140439734 -0.326429993 -2.34442067 -0.566567719 -0.251289994 -0.768216133 0.416078895
x -0.370853275 0.538417995 -0.591591179 0.459745556 0.085873872 -0.159813404 -1.12084162 1.30059433
x -0.373897284 -1.23015773 1.33825266 -0.845668674 -0.890267074 0.161540449 -1.4326551 -0.664099097
x -1.80049789 -1.89910412 -0.0123680355 -0.210539982 1.25411224 1.80437386 0.273339063 0.411711127
x -1.18832052 -0.454674602 0.0984728858 0.982456028 0.610697746 -0.168910429 -0.187066197 -0.819219053
x -1.41121626 -0.906953752 -0.0658077747 0.221516207 -0.219444871 0.288929313 1.80802143 0.215666682
x -0.306620151 -0.111289397 -2.01551819 0.556797862 0.229481831 0.24413608 -0.889805436 -0.807864726
x -1.41100502 0.0419036709 2.84205317 0.445657462 2.0412488 -0.804475188 0.150023267 1.0246582
x 1.20705235 -1.7635268 -0.481884956 0.979482651 1.64578521 -0.688944757 -0.804227591 -1.43549526
x -0.1613684 -0.746841669 1.70167708 1.40879464 0.189274102 1.34295475 0.749937177 0.0517178848
x 0.729236305 0.738985062 0.0250055864 -0.628380895 -0.223020151 0.214075953 1.34393787 -0.6278404
x -0.158632904 1.19684196 -0.500943065 0.945037842 -1.02828336 -0.346639365 -0.240916476 1.44101691
x 0.0890670568 -1.25205314 -1.25260878 1.96765327 0.539628983 -0.453431934 0.83961612 -0.678359747
x 0.382460147 -0.633348048 0.129483089 -1.18649435 0.386204869 1.05155575 -0.180999339 0.590545475
x -0.760504842 -0.257132143 0.198256597 0.834856272 0.0686569735 -0.497409791 -1.14704013 -0.137694836
x -1.16044641 0.803359926 -1.78456593 0.230091274 -0.248089716 -0.290751815 -0.0282246284 0.635172665
x 0.30963701 -1.34279263 1.05275166 -1.02610111 -0.236037061 0.577254951 -0.121084981 -0.915460169
x -0.740231037 -0.48187837 1.45757663 -1.3377037 1.0491513 -1.33246624 -0.528548121 0.488682479
x -0.785298526 -0.0959817171 -0.300520271 -0.958360493 1.6435107 -0.174155444 1.53829145 -2.12306762
x 1.08199954 -0.0187968872 -0.131500274 1.11608803 0.910315275 1.2445066 0.826490402 -0.25075686
x -0.446448654 -0.51815182 -1.16472113 1.00973582 0.800249577 0.326743186 -0.407674968 -0.792225361
x -0.407190502 -0.222856581 0.514402211 0.643744707 -1.5707581 0.0858885422 0.154116556 0.305550307
x -1.05549872 0.240103394 -0.325689733 0.508089542 0.359210998 0.692570269 1.48515248 0.479780078
x 0.574442267 0.937445283 -0.827253997 -0.503317297 -0.0291412231 -0.32297492 1.6098547 0.0495249853
x -1.2219286 -1.65394235 2.65912652 -0.0114310235 1.00207531 0.66626358 1.7735846 -0.0547728129
x -2.37850499 -1.25366044 -0.209784359 -0.581961989 0.619624078 -0.479905099 1.88621497 -0.626480699
x 0.407843679 -1.50820529 1.00187266 -1.58490825 0.108183093 -0.166444227 -1.28632736 -0.876207292
x 0.41560176 -0.671973407 0.570035279 -0.478632748 0.278816521 -0.617598414 0.794735909 -0.435653567
x -1.21814799 0.283160836 1.00447845 -0.675963402 -0.106333315 -0.359773397 0.966396213 -0.669479907
x -0.824693084 -0.705328286 0.80603683 -0.184565857 0.875884891 -0.216165438 0.0119256023 -0.905562997
x -0.119731143 -1.55047393 0.123571903 -1.01120019 0.0322725363 0.137515098 0.561017871 -0.0971495658
x -0.458101869 2.21772194 1.3202213 0.382544547 -1.02248359 0.487809449 -0.901264608 0.928808928
x -0.293866903 -0.128338486 1.72754848 1.29340756 0.478698045 -0.236153781 -1.1950264 0.961985111
x -0.0465579145 -0.0448413491 -2.04224253 -1.09647036 -1.9953655 0.0672904029 -0.118731901 -1.83009005
x -0.0589828975 -0.895359814 -2.43981624 0.518080413 1.90815425 -0.650438726 0.623277128 -0.0335502625
x -0.408822626 2.13207674 -1.17930341 0.662811995 -1.29852605 -1.10263598 0.715840995 -0.994990706
x -0.0169762857 -0.54272598 0.217619985 -0.72528404 0.481235772 -0.926717639 -0.0344178751 -0.356608272
x -1.13303041 -1.37273228 -0.625099778 -2.37671161 2.31022835 0.913926601 0.427316129 1.71021295
x -2.21601748 0.700737834 -1.57697332 0.332089573 -0.0628746822 -1.62834156 0.663598597 1.13107383
x 0.271517664 0.178001031 0.164048418 -1.33555126 -0.0559937432 0.708454967 0.301683456 1.56056309
x 0.194125324 -0.905736327 0.412450939 0.651746213 -0.469092786 0.600754201 0.818904698 -0.585501611
x 0.806742609 1.01477039 -1.18647659 -0.0278540999 0.774167776 0.0998127609 0.784611464 -0.44890514
x -1.24711072 0.127499357 -1.97204041 0.275047094 1.49369431 0.387623161 -0.41387704 -0.613900006
x -0.0353403166 2.06639361 0.788703859 -0.11294581 -0.357374489 0.20376192 1.85228968 -1.01066852
x -0.691444099 -0.531943202 -0.0626209676 0.330708325 1.94543254 0.695044875 -1.6443491 -1.38429892
x -0.244563863 0.0527887717 0.383514494 -0.664217472 -0.254535377 -1.1560812 -1.01960528 -0.0741145089
x 0.990292311 -1.29228449 1.07427561 -0.258908242 -0.870116532 0.720664382 -0.291734308 0.183177903
x -0.191515118 -0.176267087 -0.18891184 0.527828932 -0.828144372 1.27606475 0.898995042 0.716061115
x 0.399104118 0.221082613 1.24824333 0.861567914 0.26379773 0.397006959 1.58494389 1.63705504
x 1.45876336 -0.162595168 1.47675288 -0.23680757 0.898690939 0.613127351 -0.033315856 0.686234057
x 0.80472064 -0.239980236 0.149774522 -0.937672794 2.54689145 -0.764469624 0.475226074 0.130956382
x 1.04032445 -0.493391097 1.00624359 1.3842653 0.34459874 -0.324124694 0.62575376 -1.15004289
x 0.165807381 1.31797707 0.213732392 -2.23697615 -0.717831016 -0.0404218696 -0.409520924 -1.90373981
x -1.23386812 0.793404877 0.0487279445 -2.63467526 0.984833181 -0.231470212 -0.113067269 -1.29990947
x 0.467647582 -0.723549962 -0.328476042 -1.15465498 -2.17846918 1.31224632 -1.09410608 -0.788546562
x -0.0663000494 0.704539418 -0.582689404 0.491136283 1.82362103 0.400447577 -0.656603158 1.15107882
x -0.873444498 -0.429895699 0.550951302 0.427447051 -1.55799317 2.04396129 0.615710914 1.32036984
x 0.00704839872 1.48952889 -0.578302026 -0.056070812 -0.0381562226 0.757289827 -1.36938429 0.872223258
x -0.347185135 -0.578450203 0.289707124 -1.96013284 0.597184181 -0.8388834 0.411096305 0.517893195
x 3.13822007 -2.66411495 -0.907004893 1.95208621 -0.977636516 -0.196591347 -0.262287527 -0.631849527
x 1.96193576 -0.000290095486 -0.437790096 1.37549698 -0.480863541 -0.120475538 -0.193516403 1.83420181
x -0.443354726 -1.32814765 0.6565516 -1.01010454 -0.689818144 0.296579003 -0.344261527 -1.25232279
x -0.0254145954 -1.13749218 0.13031505 -1.17489398 -0.369703352 1.78693342 -0.863901675 0.0187562294
x 1.05591178 1.10416043 0.652373791 -0.0425132774 1.16999364 -0.404320359 2.05929494 0.210564598
x -1.56552088 2.46441817 -0.458526105 0.44358027 0.923612773 1.03578222 -0.739370048 -0.529230535
x 0.0860357583 2.98338938 0.470626444 -0.0409463681 0.245857477 0.957646668 1.78668559 -0.120233469
x -0.615006089 -0.59343034 -0.583369136 0.89072597 0.497754812 0.713039756 1.75188696 -0.223204449
x 1.09884953 0.463944405 -0.451816589 -0.485593766 -0.315541863 0.0962690935 0.949438453 1.02922809
x 0.318868011 1.05773509 0.268385231 0.350553274 -0.122948565 2.00252247 1.63391972 -0.491294801
x 0.870951295 0.240260258 -0.226811722 0.740164042 0.180546686 0.159845382 -0.226333603 -0.0935587361
x -1.35186458 -0.662572086 -0.0818003416 0.879421055 1.60409355 0.359691203 -1.18616605 -0.730009794
x 0.428601205 -0.49390021 -1.10017812 -0.307523668 -0.0145960869 0.410631776 -0.925116539 -0.141398653
x 0.634760559 0.690170705 1.13567722 0.526661515 0.112200186 2.14192152 -0.0478837527 1.64654827
x -0.520275474 1.15900576 -1.45110345 0.752349198 -0.649775863 -0.315910637 -0.259297729 -0.606599152
x -2.76046944 1.96000397 -0.384410888 -1.38203621 1.21121466 1.66608155 -0.0663814843 -0.20878911
x -1.22786808 0.395909399 -1.00853336 1.91897738 -0.161599219 0.533427238 -0.875016928 -0.589553177
x 0.384670436 -1.07843041 0.847263455 -0.804523766 0.308030695 -0.917032838 0.906584263 -1.44706345
x -0.0709938258 -0.114758879 -1.9058969 -0.793984532 0.124547511 -1.09502542 -0.285345763 -2.7202816
x 0.060456004 -0.954499781 -1.17952251 -0.800490797 -0.406124651 -0.559796154 0.308942497 0.886752605
x 0.44139728 -0.242477342 1.21712077 -0.953592956 -0.431171507 -2.99111843 -0.0243825931 -0.518715084
x 1.13259506 -0.480035663 -0.613170207 2.29438972 0.418041289 -0.788736105 -1.575899 -1.34328258
x 1.12004709 0.0116702104 0.515626311 0.32762602 -0.670933366 -0.589692414 0.778351367 -0.282922387
x -0.359653085 -0.285351604 0.0656402633 1.33535957 0.367466927 0.905026376 -1.05569255 -0.981419742
x 1.24647248 0.45502001 0.301728874 -0.199396685 1.56883943 0.368130565 -0.389495552 -0.395506322
x -0.278875917 0.886785567 0.641834736 0.556038737 1.90862167 0.466121405 0.0912299007 0.703027368
x 0.60888201 -1.65584016 -1.01652646 0.773234367 0.874700427 -0.243309066 -0.436252892 -1.3068974
x 0.15174596 0.33170557 0.672451973 -0.390246391 -0.56628859 0.991659284 -0.11168965 0.114579447
x -1.62488914 -0.474942267 1.31507564 1.3380419 -0.251204401 0.473926783 0.0695112199 2.08094072
x -2.55326986 -0.0755816996 -3.27219272 0.748442352 1.57245624 -0.107342087 0.153148592 0.512485027
x 1.20027149 -2.13152957 -0.345582873 0.315713763 -0.383311927 -0.659805894 -0.899135113 -0.289148182
x 0.237854391 1.16286743 0.100835271 -0.907961845 0.129106805 1.06180048 -0.541272521 -0.0849864483
x 0.774524152 -0.615725696 -0.149166912 0.0258655753 0.509833574 -1.95077896 0.244663075 -0.416654527
x -0.0881001577 0.998723209 0.548694551 2.24600005 0.511810064 -1.95413184 -0.607828498 0.379139125
x 0.0978726372 1.25921392 -1.84743869 0.427796334 0.129241034 0.21470283 -0.190933749 -0.259482265
x -1.43505919 1.80482292 -0.970777929 0.997611642 -0.213360295 -0.165485099 1.87210047 -0.195356965
x 1.14689696 -0.115498476 0.586837709 -0.392504156 -1.01867461 -0.71801579 0.803225756 0.460240334
x 0.346639365 -0.197635829 0.226781115 0.894841015 0.189346448 0.208878353 -1.39780903 -0.618058383
x -0.682946026 -0.877231479 0.250414103 1.81087077 1.34819591 0.543687165 -0.979320407 0.605723262
x 1.63859928 -1.08338559 -0.794112384 -2.62050748 -1.54128075 1.9454 1.95130086 0.805687785
x 0.412010938 -0.547478139 0.850562513 -0.180752531 1.99505579 0.991392314 1.05018735 0.179037362
x -0.615803897 1.21353745 -0.389762253 -1.31465137 1.24968076 0.836253762 0.011547463 0.494829774
x 2.58481693 -2.34266067 -0.0703809857 0.450564444 -0.27209568 -0.819408655 1.53191364 2.31704569
x 1.00699794 1.32377326 -0.685899436 -0.251929462 0.378793359 0.858590007 -0.251988411 1.37002337
x 0.387610555 0.919277012 1.611426 0.637668848 -0.872644842 -1.21685636 -0.596654654 -0.0819114149
x -0.0460235775 -0.423502207 0.29540205 0.107360825 0.567260027 -0.436992764 1.13898349 -2.28266287
x 0.345137805 0.0874211714 0.600743353 1.78810346 0.924345315 0.220421597 -0.412511885 0.675420523
x -0.21584855 -0.427957624 1.17147076 0.282043815 0.418041289 0.0264869425 -0.831030011 -2.0356009
x 0.504926145 0.685422719 0.22887136 -1.07131147 -0.467228621 -0.0578681938 -1.44004631 -0.145387933
x 0.201800346 -0.0117908735 -1.18102109 -0.32809484 -0.696879804 -1.26097715 -1.35003948 -0.0793156847
x -0.749487102 2.03098893 0.116832234 0.284021586 -0.0443782471 -0.65408808 0.803344011 0.524919569
x 0.605730474 0.419864833 -1.79212809 0.571543753 -0.224712431 0.0257777553 0.976800144 -0.284039736
x -1.26105905 0.464828581 2.0691061 -1.27559602 0.335249245 -0.364248216 1.23694825 0.00468935212
x -1.29782248 -2.03140187 1.44696236 -0.021145016 -0.747502983 -0.182914153 -0.00169172918 -0.806136429
x -0.223418027 0.724120378 -1.25494361 1.08098137 -0.632710338 0.247683927 1.4823277 -1.0185945
x -0.031947922 0.443194836 0.925871432 -0.812261045 1.4484688 -1.93919671 0.234235123 -1.07562602
x -0.165052503 0.790671945 -0.261452615 1.01769972 0.196643651 0.644599795 0.520373523 -2.12220144
x 1.62755859 -1.52566946 0.220776081 0.326773435 -1.66087663 -0.250019938 -0.57168901 -0.872434139
x 0.306656301 0.23020722 0.0818480626 0.209531754 -1.35776925 0.414416552 -1.18517673 -0.422421634
x -0.552767456 -1.39006293 0.574129581 1.58206761 -0.323191673 0.694582224 -0.780401945 0.553447545
x 1.65204895 0.756834626 -1.06279743 0.103589579 -0.360412747 -0.273765236 1.90393269 -0.55681473
x -0.773239732 0.68073982 -0.854512632 -1.09138906 -2.06970048 -1.31560767 -0.644176364 -0.67446655
x 0.454859197 0.177926019 1.48713076 0.527562916 -0.296900123 0.108567938 2.22123122 0.207143888
x 0.820927918 1.42146492 -0.513207078 0.816292048 0.47884351 -0.31401214 1.48599136 -0.851951122
x -0.263188779 -0.314511567 -1.32295907 1.09404349 -0.215686589 -1.23675501 -0.623929441 -0.772029757
x 1.40402019 0.63625735 1.21481001 0.210387751 0.457218796 -0.915506601 0.686719537 -0.359690607
x 0.494673401 -0.132646114 -1.06788838 1.53599036 -0.384031832 2.15858579 0.171519652 0.114551254
x 0.616071343 0.714099646 0.701016724 0.0644391477 0.550579727 -0.713597178 -1.17869008 1.79218054
x 0.597145677 0.102189034 -1.47719443 1.3154223 0.0228275917 -1.29345965 -0.321623832 0.796571434
x 0.261226326 1.194749 -3.37158465 1.14482379 -0.530168056 0.383899778 -0.311717689 0.574077964
x 0.744168937 1.10889709 0.209419191 0.763633192 0.511470973 -0.634480596 -0.024514772 1.18902659
x -2.06440115 1.50934207 -0.125049844 1.00747168 -0.173279703 -1.43217206 -1.55371118 -0.644096076
x -1.40869987 0.810000539 -1.51121187 -1.84909177 0.865009785 -0.236960948 -1.01884675 -0.713092387
x -0.219092056 -0.112826139 -0.434525907 -2.60633636 -0.925173163 -1.42949319 -0.262804955 0.317722917
x -0.102825783 -0.307661325 -0.235688105 -1.97224438 0.735266328 0.684406757 0.634675145 0.194082931
x -0.931392908 -0.378209889 -0.305477053 -0.900715649 1.48727977 0.379977584 1.61430919 0.966892183
x 0.254083991 -0.292765945 0.109474897 -0.496423155 -0.933906198 -0.977851212 0.306134135 -1.26555109
x -0.178767949 -1.42557979 1.22059965 -0.125235334 -0.220683113 0.252251595 -0.409898043 -1.35816014
x -0.469904661 1.4675926 0.2993294 1.13282478 2.50743318 0.257879466 -0.177341491 1.2834698
x 0.0747199804 -1.03231287 -1.3267417 -0.699310064 0.260264218 -0.340987414 -0.383714527 -1.17210817
x -0.483967632 0.0728062764 -1.82764232 -0.837831438 2.1596365 1.10229063 1.29330456 -2.05454588
x -0.131500602 0.480101317 -0.0539523289 0.865990937 0.396221548 0.577549458 1.03269899 -1.73315179
x 0.344794124 -1.17014468 0.438905925 1.31323242 -0.0800153837 -1.5936805 -1.37063754 -0.0463812277
x -0.629750192 1.60469294 -0.292159289 1.84469724 -0.0112145683 -1.10830212 2.2303102 -0.296617001
x 1.49654627 1.4810667 -0.148108691 0.696736276 0.987612426 1.39024985 -0.261393517 -1.07621229
x 1.16782558 0.59496212 -1.85975158 1.07159853 -1.37459409 -0.352493972 -0.587026775 -0.275604457
x -0.0286271814 -0.929434597 1.03113365 0.563358009 0.646152258 1.27914298 1.26675248 0.209790826
x 0.200488612 -0.560878515 0.4143897 -0.291372359 -1.73344922 0.457652479 -1.02429688 1.4882499
x 1.85842311 0.761286139 -1.03349435 0.0962501988 -1.01171672 -0.747358799 -0.896247566 -0.118268691
x 0.104935639 -0.0723477527 0.311704218 -1.01591027 1.12791324 1.05752027 -0.612511754 0.430142343
x -0.643753767 -0.833040059 -0.0536117218 0.946425021 -0.241871059 0.282841653 0.290981323 -1.33502674
x -2.844944 -1.42940617 -0.607703507 -0.806742609 -0.953240097 -1.81534708 0.221663237 1.04457784
x 1.36459482 0.561397135 -0.764464915 0.523006201 -1.85172856 0.881649077 0.87253046 -0.865886986
x 0.288950831 0.310714692 0.139289215 1.80201268 0.142470703 -1.20543063 -1.1883198 1.12263429
x -1.59632468 0.195324376 -1.55999386 0.571101487 -0.128617942 1.0049057 -1.48421276 -1.49621892
x -0.297266155 -0.562345088 1.20364892 -0.115388304 0.0419476815 -0.307802051 1.33714271 -2.21337867
x -0.192866802 -1.37889934 -1.64727664 1.88358724 1.2791146 0.987339258 -0.83786422 0.499150574
x 0.479863971 0.033977244 0.669285417 1.13773632 0.745057642 1.2896204 1.10219419 -0.258175999
x 0.600684106 -1.16080582 -1.6066556 1.080387 -0.893317997 0.309585273 -0.69886899 0.0370523371
x 1.31908822 1.25262034 -0.137866572 0.518098712 -0.229655579 0.505457461 -0.985993981 0.923298776
x 0.405258089 -0.749971271 1.17835438 -0.38213408 -1.30218649 -0.0217317455 0.258997053 0.780591786
x -0.140549734 1.11182261 0.416299671 -0.721522629 -0.179010242 1.45846021 -1.80352759 1.26422143
x -0.674049497 0.860632718 -0.458192885 0.877394378 0.69936353 -1.83853054 -1.75976181 -0.429063797
x -1.14252841 -1.05178237 0.79609704 -0.552316189 -0.690757215 -0.534912407 -1.11442006 -0.558761179
x -0.893106759 1.67802083 1.3492223 0.0759136453 1.19931197 0.678077579 -0.175940901 -0.0282848235
x -0.148959801 1.69652677 1.00658119 -0.388964444 -0.99995327 -0.915669024 0.129610568 0.535368025
x 0.334319681 -0.871154487 0.225546002 0.808323801 -2.04399943 -1.06654871 -1.0833472 -0.519780517
x -0.218190312 -0.767994285 0.00661255 -2.79683614 0.115373887 -0.859903455 1.66747832 -1.6131506
x -1.33165133 -0.924886465 1.19828641 -1.43620336 0.118909203 1.07368326 0.229236752 -1.40246308
x -0.074672237 -0.129573971 -0.368251503 -0.799663484 0.656211317 0.208864793 0.971948624 0.869450748
x -0.801480055 -0.602935255 1.77218926 -2.19780731 1.29033673 1.59689283 0.0195666309 0.588884771
x 3.06770468 -0.835189879 1.14367878 0.615889609 -0.497906387 1.04915488 0.771721661 -0.516624987
x 1.27982497 -0.451699525 -0.0121202022 0.316762477 1.8117733 1.38646221 0.975904286 -0.243715718
x 1.12922096 -1.73047793 -0.83030349 1.06867599 0.815072 1.54849863 1.5721159 -0.148335874
x -1.10146666 -1.47284412 0.519533157 0.51986897 2.32014751 -0.199655667 0.961392879 2.31654787
x 0.886132061 2.36530161 1.28369927 -0.670420766 -1.2207818 0.189802259 0.977905214 -0.310642987
x 1.27527845 0.40322426 -0.108774126 -0.0912395939 -0.233645871 -0.0914844275 -0.132671326 0.525997937
x -1.2980746 -0.526909828 -1.05595243 -1.79409158 -0.0909545422 -2.70659757 -1.44373226 -0.654174864
x -1.67924023 -0.0551392026 0.959697306 -0.201423198 -1.21440482 0.931723356 0.574711442 -1.27567875
x 0.762860775 -0.00902799796 0.0455148742 -0.363341957 -0.583368719 -0.853296816 -0.011324917 -0.651352823
x -0.469481051 0.486058712 -0.304348439 -1.37219 -0.966321588 0.894885898 1.61164236 -0.0706786513
x -0.393573523 -0.402819008 0.291438937 0.0189534314 2.44379878 -0.14496237 -0.122932538 0.558562756
x 1.11409891 -0.409092188 -0.741071165 0.0445610322 0.199226573 -0.0527127907 1.85694599 0.629189551
x 1.32364762 1.16891003 -1.5204308 -0.663972676 -0.180018902 0.0812069997 0.243518442 -0.878596067
x 0.494543105 -0.976002276 0.625037849 1.36633861 0.27329427 0.307628155 2.27116394 0.136887431
x -0.663061559 -0.900618017 -0.504779875 0.401626408 -0.653786361 0.942372203 -0.591473401 -1.1357187
x -0.572819352 0.401268184 -0.241140172 0.519053876 0.514462411 2.0005877 1.87967193 0.412739992
x 0.957472444 0.244022325 -0.644547105 0.94118917 -1.51873577 3.13170648 -0.506450176 -0.52879554
x -0.2286807 -0.475555271 -2.11511302 1.60506487 -0.888044298 -1.09329331 -0.688629925 0.396422386
x 1.24891865 0.28325218 1.84296358 1.27839851 -0.0816388875 -1.00352263 0.954252303 0.0939357206
x 0.377870023 0.625899076 0.218809202 -0.309358358 -0.920288682 1.46450388 0.619671643 0.668416202
x -0.627082109 0.689653456 -0.945399165 -0.724422932 1.52866232 2.01337028 0.858893275 -1.87785554
x 0.582731068 -1.04536128 0.706555068 1.4500469 -0.111611135 -1.77648425 -0.292182326 -1.07402694
x -0.0883219689 -0.452651531 1.5096463 -2.28067589 -0.681420028 -0.419897586 -0.699783742 -0.127157673
x 0.378239065 1.84703851 -0.0202035923 -1.9216336 -0.161316872 -0.424801856 0.951443017 -0.256753266
x 1.25811398 -1.42870033 -2.30188489 0.548177242 1.21058536 -0.642939806 0.503930151 -0.263252288
x 2.050735 1.00003147 0.291816384 0.1856682 1.59736466 0.18358314 0.221912816 0.109677084
x 0.502042294 2.40964746 -0.268299907 0.784133136 -0.926678538 0.329435855 -1.66499722 1.57437956
x 0.987576246 0.103486903 -1.21199369 2.18907809 1.87325418 -1.10882378 -0.696657598 -0.654507577
x -0.576088428 -0.363513619 0.236566767 -1.19888425 0.989207983 -0.0810578987 -0.0291106198 1.4044348
x 1.22548258 0.0786193386 -0.409628183 0.417391211 -0.286778599 1.08832562 -1.28834605 -0.455540657
x -0.440208405 -0.244185239 0.0366977341 -0.440475285 -1.27331376 -0.0177302659 0.912576675 -2.19586802
x 0.129100606 0.1815615 1.00121474 -0.576984465 0.0160590354 0.612897038 -0.431026995 -0.279472381
x -0.315131664 -1.33580148 0.583819509 0.417121321 0.0723355785 -0.86976999 0.366003633 0.210240677
x -0.547667146 -1.4559865 0.451407135 -0.00223031454 0.705300152 -1.19168556 -2.50855756 0.336000413
x -0.199948996 -1.21543491 -0.524016619 -0.401964277 -0.810034692 0.673920929 -1.73542345 -1.95006931
x -2.23845053 0.341429114 -3.18452477 0.201759189 0.320811778 -0.131959349 0.0878182352 0.78076303
x -0.505387664 -0.00807106216 1.91353643 -0.359518796 -0.282888323 0.747135222 0.298679173 -0.0439196937
x 0.206930205 -0.643742383 0.0523996763 1.00157535 0.230548918 -1.16161346 -0.94723624 -1.55946934
x 0.269837916 1.04953837 -0.624208748 1.46687818 -0.512436569 -1.58673501 -0.631569386 0.278208524
x 0.0958968252 -0.0362496674 -1.43057323 0.414620876 -0.587442338 -1.34967113 0.209898919 0.160544381
x 0.888479054 -0.329188913 2.42838979 1.06462765 0.799726546 -1.55518174 -2.16065502 -0.00594113674
x 0.844832122 1.24919057 -0.950939894 1.7314409 -1.28672636 -0.758776486 -0.747098923 0.698291898
x -0.41037643 1.23462451 -0.733315349 1.57380879 0.121262744 -0.568156362 -0.0383279063 0.79589051
x -0.57593441 -0.808033466 0.976100266 1.22584546 1.34190929 -1.27304554 0.366835684 0.633765459
x -1.55870354 0.453363597 0.642879009 1.87434745 -1.11512828 -0.067007713 2.58591652 -0.879466116
x -0.519996822 -0.49429509 -1.49804735 0.861107886 2.42950273 0.646363378 0.92369169 -1.38878548
x -0.253953427 -0.787521303 -1.22606313 -1.66561389 0.663612902 -1.03682959 0.676659942 0.56438756
x 0.318429202 -1.08945715 1.42862403 0.786160231 1.61932027 1.33519697 0.434206098 1.44058061
x 0.313757747 -0.269395888 -0.667255938 0.105388232 0.111786678 -1.72251987 0.258726895 1.28683853
x -0.529116273 2.3419075 -0.782659829 0.453078568 1.23353422 1.22069371 0.574424326 0.210138708
x 0.587680876 -1.28705275 -0.339557052 -0.954559863 0.560143471 1.62686288 -0.483220458 0.0786253735
x 1.88794017 -0.0852782503 0.315259844 0.237017319 0.334729403 -1.65304637 0.883914948 0.612374663
x -1.86583531 1.94943857 -0.102179348 -1.35634339 -0.11247997 0.766118705 -0.667236209 0.616960466
x -0.163951188 0.870520651 -0.0607939027 0.491942585 0.818007469 0.284814984 0.683295012 0.0350744389
x 0.352206439 1.46219146 -0.471381575 0.480835438 -2.25427794 -0.0751299337 0.796884716 0.457297206
x -0.829292655 0.101434313 -0.183013871 0.695169032 0.580976009 -0.776452005 2.23038459 -1.01680076
x 0.969271123 -0.324733973 0.933549047 1.66127539 1.04866028 0.231072083 0.346005291 -0.322369128
x -0.328130066 1.08184838 -0.200768784 0.444753408 1.47076511 0.513553858 -1.00030923 -0.979783356
x -1.30943692 -0.99103874 -0.811938465 0.47563985 -0.909407735 -0.513390779 -1.83313179 -0.983404577
x -0.219707489 0.0934493765 1.19058466 -0.112109959 1.550565 -1.90865564 1.04737353 -0.309441417
x 1.04800522 1.24400842 0.571963072 -0.845704734 0.27946949 0.906672835 -0.676620245 0.647475362
x 0.968340635 0.163417354 -1.05007553 -0.671052516 -0.189725161 0.908773363 -0.150407508 -0.840697885
x 1.22617459 0.700351536 1.11606205 -1.34692621 -1.24349177 0.580972254 0.197983727 -2.42341495
x 0.216843352 -0.805459619 0.962129116 0.771661699 0.466991246 -1.15650487 0.908488691 -2.07563591
x -0.991790712 -1.77241099 -2.75790524 -0.955322683 0.188419044 -0.429816991 1.08957553 -1.97774601
x -0.738312483 -0.930159926 0.278270215 -0.702881813 0.503363788 0.0751666129 0.614984214 -2.48635292
x 0.00721715763 -0.888243496 -0.0340058692 -0.868581414 0.800528824 -0.698055387 0.946148694 0.303173542
x -0.218602598 0.124593377 -0.818176031 -1.41109872 -1.3945272 0.906442285 -0.872006416 0.229574308
x -0.505810201 0.237186998 0.4665775 0.298811942 1.39008093 -1.31380773 -1.56771958 1.19561386
x -0.963986456 -0.512407422 2.44505024 0.907500029 -2.76102185 0.777864814 0.292865187 -2.10376334
x 1.02940869 1.05854833 -1.01681113 0.364250958 0.665636897 -0.949992001 -0.37181738 0.772179008
x 0.671607852 -0.210734934 -1.30037785 -0.932864964 0.378560424 -0.805071354 1.39116919 -0.135579452
x -1.41561854 -3.26172519 0.0304196682 0.631841183 -0.255584836 -0.298179686 -0.787846088 -0.684943318
x -1.0486815 0.994654894 -0.446857661 0.279505044 0.381474376 2.3169601 -0.247373611 -0.0465400107
x 1.18267179 1.11909676 1.25729275 -0.0910370871 -1.51808405 -0.653965056 -2.61119819 -1.65063071
x 2.11046743 0.875593364 -0.537054598 -0.671319962 -0.971905947 -0.942127466 0.330239803 0.817987382
x -0.166593 1.2297895 -2.51789308 0.95557642 1.86496794 0.64832437 -0.748674572 -0.456491262
x -1.31766844 -0.959994674 -1.81052613 0.235161945 -0.444849432 0.382940173 0.609933853 0.213469774
x -0.891390026 -0.944830477 0.160740882 -1.04367375 0.431438208 0.609710395 -0.0596828535 0.117188469
x -0.249896258 0.610970318 -0.445859849 -0.130606517 2.27916527 -0.952724516 -0.255006284 0.588998199
x -0.480685115 0.274867773 0.166464552 0.428923935 0.662150085 1.95735049 0.833398938 0.778024912
x 1.04357898 0.261639446 1.83377051 -0.642028987 -0.12953645 0.674305022 0.0259444211 -0.579008877
x -0.475912392 -0.0650890321 -1.14026582 -0.684813857 -0.31541273 -0.750087678 0.834648073 -0.584667206
x 0.631882131 -1.54172087 0.0975198522 1.60517061 -0.649460018 1.69474208 1.70770252 0.397141606
x -0.164899796 0.732797563 -2.1354053 0.182798162 1.00633097 0.366265774 -0.264452308 0.39278993
x -0.42130214 -0.439389139 0.477738619 -0.149576232 -0.318916619 -1.51848459 1.28674853 -1.08959842
x -0.775236428 0.168473259 -0.106544681 -1.37431729 -0.536441445 -0.245062992 1.19288909 -0.797107935
x -0.95502764 0.203528374 -0.543366611 -0.941421747 0.484845698 -0.160872504 -0.0370751321 1.09150684
x 0.052425731 -0.448358804 -1.55937076 -1.24196029 -0.471161008 -0.492316335 -1.30547655 -0.415639043
x -0.363658994 -1.64702511 -0.626131237 -1.57241321 -1.64185226 1.07407475 0.566537261 -2.08584094
x -1.1764667 -0.136990443 -0.503506005 -0.0518070608 -0.0536635816 0.37822181 -1.59628952 -0.100816235
x 0.289012313 -1.31631088 0.175791055 1.15185499 -0.547408581 0.277797401 -0.0787536427 2.70922828
x 0.98280865 -0.295954764 -1.86101365 0.473026633 -0.27675724 1.7621603 1.79533947 1.46556199
x 0.399127781 -1.25169051 1.05437088 -0.0145148691 1.36790335 -0.302814543 -1.6215446 -1.8017168
x -1.11176586 0.957406402 -1.47837341 -0.0342346281 -0.713126361 1.35349309 0.0576289706 -0.970718682
x 0.131971821 1.27624869 0.35213533 0.262000084 -1.54790616 0.985822201 0.164850935 0.957309604
x -0.275672793 -0.575662911 1.41161978 -1.14689827 -0.801146388 0.203956127 -2.28118873 -0.105123833
x 1.32951951 -1.13466668 -1.54946685 -0.426010221 1.22577798 -0.55304879 -1.6736052 0.919736207
x -0.177278876 0.182432935 2.73805523 -0.277165204 -1.78342402 0.876200736 1.36609399 0.116210856
x 0.599281609 0.409622401 0.601125717 1.8333025 -1.64734685 -0.191667289 0.485745132 1.13852346
x -1.62973082 0.104862638 -0.294547856 -0.974516451 1.38724971 0.727211118 1.24839151 1.07242453
x 0.30242154 -1.04365206 -1.58020711 0.205769554 0.00307612238 -0.982655227 0.0276285987 -0.522861362
x 0.38072896 2.27155852 0.145895705 0.594719052 0.576231003 1.78316963 -0.357961118 -1.03941798
x -0.405711114 -1.04233205 0.840171814 0.0931568816 -1.49488401 0.560966432 -1.59323406 -0.854132533
x 0.538037121 -1.64009917 0.77161622 -1.0577929 -2.11093163 0.524797201 0.702114224 -0.394303322
x 0.325654447 -1.20113397 0.670104623 1.92941606 -1.09690106 -1.06290579 -0.530499816 1.38349259
x -0.848420918 -0.071994938 -0.532212377 -0.698822916 -0.694132507 0.629772186 -0.439858884 1.98500991
x -0.600192785 1.59152806 0.974809349 -0.955882311 1.08664322 0.793355346 -0.288667053 -0.23247683
x 0.839164317 0.0624343753 0.666464627 0.579862952 1.32353866 -0.434847564 -0.903208435 1.35422909
x -0.666258693 1.34979522 -0.117901146 -0.696329534 0.741731524 0.675308108 1.48250449 -1.01525867
x 2.14404821 -0.225042552 -0.206387073 0.0440275222 0.471574873 -0.405728251 -0.276220441 -0.389393896
x 1.44301307 -1.48263538 -0.994005442 -0.243412182 -0.155902043 -1.27410769 -0.771232009 -0.538383305
x 0.731860816 0.421736479 0.981289566 -0.596063316 -1.16547692 0.753547728 -0.600449443 -1.26760352
x -0.69197762 0.0157753695 -1.96161902 -0.43127957 1.09110451 -0.512933731 0.699512005 1.40053833
x 0.325565189 0.0268276595 -0.00772647653 2.2046082 0.307065994 0.602590561 0.962996006 -0.396499068
x 0.886562943 -1.97399151 0.434622169 0.61151135 0.160215721 -0.652373016 -0.175883815 1.37325609
x 0.605588675 0.448517263 -0.126891837 -1.15049446 -0.77042973 -0.329040885 0.415840864 1.17376804
x -2.26947689 -0.929957032 0.1465877 1.86315918 -1.39369082 -0.44306314 1.29051971 0.598496735
x -2.08340168 -2.03033757 -0.738413095 -1.59915829 -0.106711723 1.11543381 -0.0883615687 0.208157793
x -1.28140831 -0.81962043 0.642665029 0.523162663 0.997579813 0.529021978 1.28364825 -1.59695733
x 1.19649124 -2.52676582 0.581623912 2.16844177 -0.394307196 0.445647657 -0.150772959 -1.09038258
x -0.152619436 0.395937234 0.133108303 0.557017028 -0.208195284 -1.63924277 1.41159499 -0.0678846017
x -1.25118721 -0.853583217 -0.81637615 -0.328041255 0.0632932931 -0.717535317 -1.90972018 -0.620563209
x 1.63087666 0.124251045 1.15172029 -1.1590575 0.0924974456 -0.183062047 2.34314418 1.63302505
x -1.70435643 -0.477957964 1.20206547 -1.12036109 -2.30420136 -0.155453771 0.684740007 0.0478678644
x -0.285275936 1.2926693 0.283589184 -0.716640115 -0.42042017 -0.425373226 0.85729152 0.352991611
x -1.63039756 0.517070115 -1.28103387 -0.434767514 1.39452589 -1.67242157 -0.737167418 -0.462370157
x -1.22426081 1.17848802 -0.561574697 0.0180895254 -0.188625947 0.86141938 0.405503273 1.13021147
x -1.06674385 -0.332381487 0.900375664 0.56987983 0.645201802 0.181591153 -0.772522807 0.223682746
x -0.205529794 0.409302294 -0.726988912 -0.937301159 -0.266584694 0.959437132 1.24915349 -0.811047494
x 0.558590889 0.388173014 -1.84522748 -0.583433032 0.840428948 0.906056345 -0.9853791 -0.136222601
x -1.01174533 -1.33332634 -0.564743936 0.652907193 -0.904585421 -0.248798281 -1.57840466 -0.284808159
x -2.12770295 -0.0169837493 2.04912448 -0.0840442106 -0.518352449 1.1132617 -0.715617001 1.2632823
x 0.0667747408 -0.30474788 1.26273406 -0.783648372 0.425463259 -0.684725642 -0.883839846 1.59825969
x -0.148384348 -0.354060084 2.06830001 0.676319122 2.04651451 1.22996426 0.895340204 -0.81259346
x 1.33560824 -0.618993998 0.923321486 0.189007744 1.29357564 0.980304837 -1.04656565 0.961351275
x -0.419603556 0.633563578 0.279889047 -0.206590444 -0.112346098 0.587303936 0.87760818 1.04632139
x -1.06052256 0.199391752 0.93212086 2.68255734 -0.290385485 -0.0999970287 1.52814686 -0.513878107
x -0.407979399 1.54589546 0.840943635 0.746565282 0.0722330511 -1.1481204 0.0558890291 -0.0933029428
x -1.74852312 -0.172595784 -0.136571825 0.552284181 -0.276887506 0.749432862 -0.443203241 1.46936476
x 2.38973689 -0.80953759 1.23146975 0.846446514 1.00087464 -0.180023625 0.151077449 0.408422172
x 0.226369813 1.49921334 2.30854416 -0.518659592 -1.20650589 -0.935408115 1.4793663 0.496362984
x 0.121809185 -1.44442332 -0.267573684 -0.300532967 1.72443998 0.0614027679 1.1299597 -0.412159473
x 0.7766518 -0.193297341 0.764871657 0.986257792 -1.39122784 1.33396387 1.8854599 1.6740669
x 0.205498412 1.0160501 0.31360063 -0.274202108 -0.805678487 -0.64891088 0.244950861 0.027583614
x 1.10927629 -0.5996297 0.865996301 -1.62071359 -0.388415188 -0.253441989 0.834250331 1.77750742
x -1.15311587 -0.936724305 -0.385418713 -3.35134602 1.03373003 -0.0493017584 1.85975897 -0.968421638
x -0.151519254 -1.56936812 -2.37558818 -0.730911732 1.25346446 -1.25556529 2.26383376 0.79665935
x -0.400028974 -0.513152719 1.19950068 -0.569711864 -0.285582453 1.71448636 1.04121411 0.109010682
x -0.051881101 1.61830258 1.00300419 1.17350829 -1.45442677 0.669878244 0.945824862 0.439509094
x 0.583847404 -1.39602947 -0.0356573686 -2.63224268 0.786378145 -0.489566028 0.200797632 1.01284432
x 1.00138915 -0.0944955572 0.752557635 -0.815316677 0.949647427 0.728305697 -0.0362328589 -1.08615291
x -0.508523762 0.0749344379 -0.0272368938 -0.774278998 -0.0236973371 0.633906603 -0.924386322 -1.012501
x -0.987363577 0.0465785079 0.803093851 1.27787912 0.3426705 -0.457624495 -1.19951773 0.54605943
x 0.20041433 -0.268893003 1.61542797 -0.782577634 0.616486907 -1.10384071 0.37235269 0.53641212
x -1.16921568 2.41282845 1.24938512 -1.59759843 0.225529552 0.61463356 1.05421889 -0.45414108
x -0.761315823 -0.721563637 -0.616220534 -0.215727165 -0.464081436 0.302071661 -0.920751452 -0.237819135
x 0.220488966 0.763244629 0.887749493 1.23207152 0.000125206905 -0.216473117 -0.0707643777 -1.04577827
x -0.854291916 -1.66635394 -1.0447228 0.0490244739 1.59661198 0.880759597 0.100897178 -0.771121562
x 1.06403172 0.528510809 -0.192532197 0.919091284 -1.121804 0.194147885 0.766268015 -1.64120197
x -0.280835062 -0.228422388 -1.61931241 0.0558055192 -0.252951354 -0.774130583 -0.774113774 1.25031912
x -1.04073536 1.17819285 -0.190626666 0.558864892 -0.519252539 1.01360393 -0.630356133 0.904705644
x 1.14761269 -0.980434477 0.701324821 -0.66997838 1.11382186 0.736770511 -0.56821698 0.132150009
x 0.278929383 -1.29721963 1.86327195 -0.0687075332 0.82506156 1.30650783 -1.04711425 -1.22904265
x -1.17530549 0.753394961 -0.192600042 1.01342773 0.958695352 -0.0289563742 1.56259668 0.375064641
x -0.788356423 0.860468805 -0.406581372 0.59052211 -0.573203266 0.954436302 0.000997259631 -0.0494734086
x -0.442553103 1.96001422 -0.0205527823 1.62057745 -2.91747928 0.130665228 -0.166336775 0.428883582
x 0.949141979 -1.02993453 2.38542795 1.08883107 0.361283571 0.0468456447 0.308930874 -0.884608746
x -0.270551383 -0.321938425 -0.527225912 0.819145739 -0.318441361 0.482523173 1.07683361 0.781182885
x 1.38760591 -0.136423051 0.494995594 -0.628561616 -0.990362585 0.310765982 0.306741416 -0.224740937
x 0.658442795 -0.607986987 -1.33675635 -1.19588161 -0.00310079264 0.542149901 1.19421422 0.469222873
x -0.53816098 -0.78124392 -1.89449441 -0.194483846 1.57638693 -0.15763247 0.710527182 0.557210922
x 0.783946812 1.13593841 1.3328923 0.0279862881 -1.98582816 1.08110368 0.322841465 0.289453149
x 0.340879202 -0.385872811 -1.37142491 -0.470960379 1.33560085 0.0919837803 0.254451811 -0.0258913282
x 1.0909642 -0.753179491 0.411449492 -0.32358101 1.09014261 -0.853008926 1.95036125 0.695618987
x 1.45543563 0.757903755 -1.20948899 0.438814521 0.735061049 0.908804655 0.147003129 1.43165743
x -0.51755935 -0.01676948 0.985290825 -0.483492434 -1.27784038 2.32126093 0.725903928 -1.34621656
x 0.73108685 0.0948310867 -0.170698762 -0.260047793 0.244526729 0.990922928 -0.137951598 0.31402427
x 0.72542417 0.734351099 -0.712231219 -0.884476602 -0.289899617 -0.948049545 -1.62139165 0.37274155
x 1.11294711 0.292362928 -0.903082311 -2.84378147 0.0823979005 0.107848845 -1.5511018 1.480389
x 0.870366514 0.260018587 1.36733139 -0.495419472 0.602409184 -0.01981939 0.160498291 2.68135619
x 0.833087206 -1.37348533 -0.341519117 0.956018507 -1.47600818 -1.01109636 -0.914487481 -0.25989747
x 1.10529864 0.767055571 0.255154878 0.448631227 1.28866017 -1.38775265 0.078484714 0.4191432
x -0.228580236 -0.569045484 1.23839068 0.0155208688 1.2180177 1.18178236 -0.671067536 -0.0323737189
x -0.338106453 -0.160335258 -0.484546989 -1.2597543 -2.20575213 -1.54306424 -0.304384559 0.743182361
x -1.15566695 -0.12496563 0.324572265 -0.332160145 -1.50885499 -0.569252491 0.351218998 -0.0202284772
x 1.434214 2.07278299 1.76473796 -0.142513365 1.97284734 -1.03700495 0.39862445 0.565417945
x -0.131172091 -0.209202498 -0.078886345 0.782054186 0.245653361 0.400558352 1.1069057 -1.66107833
x 0.0129618868 -0.100573413 -1.77068424 -0.241468534 -0.31184721 -0.972021341 -0.141617656 -0.888423681
x -0.618239939 0.675991297 -0.92413944 -1.38032413 0.704637706 0.872085869 -0.105922267 -0.999982834
x -2.03194118 -0.809945464 0.973278046 -0.0959190801 1.4159919 -0.682100475 -1.0591749 -1.95066404
x -2.38441849 -2.79307652 -1.87336338 1.42819893 0.700218201 -0.149911314 -0.0425313115 1.03888714
x 0.912433267 -0.920420527 -0.46308431 -1.04134727 -0.42364794 1.09589326 -0.0874138474 -0.446149737
x -1.04936707 -1.62768948 1.45602667 -0.891730309 -0.543727517 1.06789219 1.56561589 -0.431980669
x 1.09238005 2.57338667 1.69719994 -0.46874702 1.12579811 -0.731667638 -0.155288413 0.345769346
x -0.783380806 -1.42731678 -0.522464156 1.01628184 0.705497265 0.47045517 -0.213469148 0.38223201
x -0.0955471024 -0.24012354 -0.968653083 -0.927354515 -0.680257201 0.764764547 0.625179827 0.966643095
x -2.93986893 0.0230143927 -0.614974856 -2.98018026 -0.736734569 0.487604231 -0.148682654 -0.285204649
x -0.151307449 0.329151928 -0.522489905 -0.506549537 -0.90851295 1.28191054 0.457395911 -1.20155799
x -1.33814669 0.65990895 0.176687747 -1.35264766 -1.68017232 -1.85072994 1.14191711 1.1775986
x 0.882550657 -0.613784969 -0.833666623 -0.74401021 -2.51625872 0.953084886 0.923639536 -0.583349526
x -0.930162668 0.776279747 -0.51225847 0.333543241 -1.37700593 1.74775803 -0.533136427 -2.6173408
x 0.705089629 1.29315507 -0.515904248 1.92365324 1.53426039 0.623912871 -0.0609681085 0.979472458
x 0.130311564 0.783026993 -0.335736454 -0.154941306 0.0318059325 1.040712 -0.371767014 -0.88606447
x 1.28159654 -0.742444575 1.71046042 -0.17640771 -0.638053775 -0.80281657 0.326984406 -0.0399110913
x -0.680113971 1.03165007 0.205801532 0.234708801 0.784584761 1.21501088 1.0853039 -0.013058329
x 0.170190662 1.59433079 -1.41412437 1.08911824 1.01030326 -0.61135757 -1.60996783 0.343020707
x -0.307383955 0.575796485 -2.0196445 0.997810245 1.65509009 -0.911661625 -0.993470788 1.7527113
x 0.751889706 0.159658462 1.05896628 -0.321401417 -0.593002439 1.59545124 -0.362707406 0.575225413
x -0.594813824 -1.95086193 0.900278986 1.00915122 -0.87253207 2.24718595 1.76869774 -0.603592455
x -0.159280553 0.640398681 0.408191234 -0.781564653 0.21806626 0.30789879 -2.39618778 0.0154037727
x 0.182100818 -0.941080987 -0.242515296 0.798869729 -0.7659536 -1.79410899 -1.55771828 -0.167737871
x 1.31330967 1.54334855 -1.50869739 -0.693477035 -0.172459528 0.549788535 -0.560239851 0.42003879
x -1.16185617 -1.41692352 -0.956092298 0.200025558 0.189393356 -0.65529865 -0.803577363 0.57456553
x -0.651114821 -0.75707829 0.923421323 -0.449263066 -1.75654888 0.465741038 1.36101305 -0.182829365
x 0.541798472 0.267134011 1.73197687 -1.79986346 -0.47070089 0.733233273 0.242318347 0.879252434
x -0.0541856997 0.450313956 0.423640847 0.747675776 0.601352155 0.285690099 0.560510218 1.06717634
x -0.301592618 -0.855660737 1.24836576 -0.851862967 0.513738155 2.23486781 0.493057162 0.573417902
x 2.27901769 -0.475613445 0.222285911 1.07019937 0.73799473 0.314488202 -2.17652011 -0.433497071
x 0.431113631 0.305246323 -0.367704123 0.40562129 -0.508400679 2.09567332 0.302317023 -0.549748182
x -0.793099523 0.468168497 0.651192307 0.443294913 0.870270848 -2.55958533 0.171105325 1.16019452
x 1.24171901 0.246526331 -0.645127475 -0.601955771 1.43148577 -0.351970792 -0.410456449 -2.61702251
x -1.3187573 -0.590274632 -0.328478158 0.185402334 0.329891354 0.774386585 0.302674502 -0.0689483583
x -0.0353649519 1.19078553 0.554165602 -1.69216895 -0.0804345608 0.383305103 0.551457942 -1.5833956
x -0.17714195 0.532238901 -0.704175413 -0.4362005 -0.543006003 0.799743593 -1.01455939 -0.911487818
x -1.22159243 2.12673259 0.675684035 0.0654013902 0.356277674 2.46853876 0.238064721 1.75462031
x -0.726786911 -1.1647718 -0.330418259 0.273217231 0.615720928 -0.0793872178 1.16976297 1.18059516
x 1.94194317 -0.350770533 -1.15917158 0.376444668 -0.393804103 0.29806608 -0.770907223 0.657230973
x 0.998708129 0.791709721 0.859613121 0.638991833 -0.0347600617 -1.77922988 -0.730709791 0.296118498
x 0.884885788 -1.72031581 1.83593059 0.103389561 1.15854502 -0.75902456 1.34517145 -0.845588684
x 2.0752461 -0.524266839 1.48261905 -0.133352861 0.65360862 1.06082547 0.713371813 0.257332176
x -0.520346522 0.753363311 0.666535139 -0.874815822 -0.104846679 -1.26422811 0.17492567 -0.47834298
x -1.00083756 -1.19062841 0.933528662 -0.737097085 0.350814015 -2.2872529 0.640207887 -0.571483374
x 1.30182409 -0.730480611 1.21903956 -0.15124096 -0.716767132 0.87683475 0.754155815 -0.547472
x 0.386215061 -1.09458923 -0.691420019 0.0618611611 1.4247967 -2.08159447 -1.60630989 -1.83786011
x -2.08673263 0.827990174 -0.641210198 -0.900242329 0.465854019 0.559732735 0.635275543 1.68367577
x -0.75032866 -0.294520199 -0.628036439 1.0683074 -0.236951694 -0.503068268 0.229072049 0.104695402
x 0.839418411 0.923025906 -0.168203175 -0.317534924 -0.660845459 -0.327651978 2.26159024 0.169413298
x -0.640132606 1.23169506 -0.228697762 -2.56213164 -0.349684417 -0.202827439 1.28661263 1.49020171
x 0.713141859 1.35266209 -0.525360703 -0.779972315 -0.124774307 0.0329957008 0.242258042 -0.133810833
x 0.220738471 0.468980342 -0.563452065 0.705664933 -0.161952496 -0.345667452 -0.055611629 1.36619735
x 0.990669131 0.696812212 0.0403790623 -1.70549154 0.329984725 -0.925151527 -0.136484981 -0.105788544
x -0.190617025 -0.292067677 -0.541522801 1.05657828 0.191457734 0.133510858 0.478810757 0.419674456
x -0.0669859275 -0.659333169 0.516152978 0.678227842 -0.266334921 1.243312 -0.96858412 0.679212987
x -2.58516121 0.363013864 0.675306678 -1.06670284 -0.863608599 -0.530134261 -1.19778681 0.711798489
x 1.78789127 -0.690827489 0.514185011 -0.778632998 -2.81941581 -0.667420685 0.213276103 -0.77880317
x -0.146719381 0.752668679 -1.08886409 0.52468127 -0.186407581 0.0731783807 1.23750854 0.16059874
x -1.00050795 0.205525562 0.0221911278 -0.00544073619 -0.730867803 0.542309403 1.83719003 -2.18902397
x 0.945289314 1.67671871 0.968383014 0.538896322 -0.861285329 -0.385032177 0.912708342 -1.16324568
x 0.243037045 0.924456358 0.0886218026 0.0773692578 -0.29727596 -0.634429514 1.94489694 1.24167621
x 0.922262788 -0.191612706 -0.0697825477 1.02745211 0.814133584 -1.00800228 0.0464170463 -0.112858377
x -1.40003455 0.108576834 0.248179242 -0.467748642 -0.746354759 1.83713496 -0.266711771 -0.0373588428
x -0.449347377 -0.882504642 0.932111263 0.740103662 -0.758762538 -0.143248156 -0.649446547 -0.598281264
x 0.699800074 -0.64612174 -0.412257463 0.248130515 -0.234476924 0.33904317 0.789527297 0.356518269
x 1.6055057 -0.00300315907 0.354476333 1.23482311 -1.54184902 -1.0777694 -0.268590271 0.412994623
x 0.823871911 -1.00669873 0.247121528 -0.382451355 -1.06059301 -0.327871114 0.0165776182 -0.984266698
x 0.584917605 -2.40398788 0.112387121 0.872915924 0.216123521 -0.547801197 -1.4206661 -0.498345613
x -0.45026657 -1.64710975 0.280197829 0.690753818 -0.605338633 0.120382972 0.831685245 1.21830308
x -1.10902917 0.95597434 0.289676905 0.121438846 2.13679171 -0.0765652135 -2.20841265 0.792524695
x -0.239554062 -0.0515204705 -1.02587497 0.141282529 1.45355165 1.06404257 -0.0454354063 -0.155309603
x 1.11397755 0.859780848 1.59905398 -0.202890992 0.377671957 0.159721762 0.203800708 -0.131608337
x 0.554775536 1.32619488 -0.404880732 1.01319432 -0.606308579 1.49376082 0.52094841 -0.834504485
x -1.8889271 -0.317131788 1.27426493 -1.0983572 0.180316895 -0.339117467 -0.0390672833 0.437263399
x -0.298265219 0.77918303 0.535515785 -0.594348311 1.62895679 0.0690245256 -0.971115708 1.50084651
x 1.54048288 0.618968904 2.3209691 -0.769248307 1.01016462 -1.26675558 1.60962212 0.669057131
x 0.976916611 -0.849143326 -0.0377590321 0.0723711774 -0.0825599805 0.0929766446 0.89778012 1.63589895
x 1.42622721 0.838495493 -1.0417763 -0.0893025696 -1.48125684 0.455371708 1.79519057 0.736723959
x 0.594448209 0.217250377 -0.481152505 2.08726883 1.3093406 -0.374549776 -0.307019293 -0.55957669
x 0.973125875 -0.211367965 -0.437258869 2.1546216 -0.286616385 1.23410666 -1.04315531 -0.227612272
x -0.16544506 1.07400286 -0.365649939 1.37602735 -0.416892022 -0.207442254 1.03574526 -1.04088235
x 0.0581595302 -0.427243173 0.0691437051 0.651938319 0.316946328 1.24262083 0.861656845 -0.512902498
x 0.345247477 -0.242143571 -1.02933466 -0.422012776 0.539593518 -1.9291122 0.422217339 1.24564099
x 0.378853053 -0.973635554 1.35951996 0.29928124 1.38839173 -0.505699813 1.47446823 -0.771176815
x 1.19911587 -1.4671669 0.692699015 0.769318104 -0.57546556 0.984495163 -0.177470908 -0.476816267
x 0.112414889 0.227238536 2.08004642 1.91450238 1.25570619 -0.698224962 -0.286898643 -1.39720619
x -1.23185849 0.683672607 0.190736964 -2.11160707 0.985941768 0.731485784 1.00522685 0.387313902
x -1.64645278 0.907133341 0.603651524 1.11539364 0.272611439 -0.850777149 0.727235913 0.588410854
x 0.485386938 -0.124047823 -0.237124547 -1.92197585 -1.10896683 -0.0122384122 -2.42856765 -1.53018868
x -0.209696889 0.787009001 1.05713856 0.391967297 0.627491236 1.42334616 2.44944263 0.363757312
x -0.501550317 0.19650951 -1.28307569 -0.159384161 0.911479056 1.20507872 0.948771834 0.264650017
x 1.23092997 1.43345928 0.650910378 -0.563591421 -0.41783607 0.13885878 -0.678925335 0.734815121
x 2.373276 -0.461594552 2.31136227 -0.924524844 0.192734763 0.0410661213 0.218153477 0.520573318
x -0.903822005 -0.204917088 2.37378049 -0.994406521 0.778346539 0.155125633 0.92600143 0.33272922
x -1.12288868 -0.780633807 1.04240274 1.32640314 1.02949309 -0.0358769558 0.324419141 0.689993441
x -0.880482018 0.93324846 -1.53090823 1.5312978 -0.309624493 0.906198323 0.719821692 -1.44245696
x 0.0860350356 -0.625970483 0.345846146 -1.29984224 0.982403696 1.08938885 -0.254712492 2.83556938
x -1.17818105 -0.592544794 0.0464783236 -0.184377849 -0.622505426 1.19471884 0.157397151 -0.676172614
x -0.42263028 -2.59409308 1.82324791 -0.970157206 0.150352389 0.259685308 -0.425753742 -0.639240205
x -1.14583766 -2.33629441 0.895220578 0.492240518 -0.721374512 0.179547831 -0.330605358 -0.463840336
x -0.228262931 1.11543775 0.277685076 -1.08734775 0.829173505 -0.733287811 0.630655527 0.605314434
x -3.10814905 0.266015857 -0.722428262 -0.168340147 1.9034158 0.492465109 -0.00735678105 -2.0385468
x 1.63689542 -0.0910884812 1.03748286 0.0426199138 -0.407928109 -1.55257165 0.453523308 -0.973296463
x 1.17586422 1.49162591 -1.02414167 -1.25579035 -1.1864543 -0.744561315 -0.103532486 -0.863753617
x -2.03448486 0.144499347 -1.48864853 -1.1798352 -0.197223052 -1.39767873 0.183470309 0.631781042
x 0.519170344 0.902577996 1.15890181 -0.103928491 -0.539282382 -1.11287177 1.0157789 -1.49999678
x 0.931201994 -0.828563333 -0.0237065479 0.322790414 -1.67657852 0.753430963 -0.666500449 -0.958065927
x -0.464211971 0.0738260075 0.849337518 1.05809712 0.329105377 -0.441344976 -0.178638071 0.0440571345
x -1.02332377 -0.498214215 -0.112303734 -3.40778995 -0.214565858 -0.753561735 1.27021945 0.581286311
x -1.73180604 0.33622843 -2.22432375 1.52908838 -0.96641463 -0.143481016 1.05830276 -0.662472188
x -0.416591078 -1.09510624 1.19800878 1.9318018 0.0300894752 -0.613243461 0.129402697 -0.196037367
x 0.431581736 0.226005837 0.538392007 0.307568908 -0.609628797 -1.59954548 -0.913154483 -0.055027891
x 0.968291461 -0.537809432 0.548380494 -0.811675668 -0.498038143 -0.119616278 1.43824589 -0.190072954
x 0.52006048 -0.20954518 -0.242324188 1.38181245 0.831041992 -2.27718711 1.05411613 0.0705865622
x -1.14429355 -0.135380194 -0.316228509 -0.194032595 0.900452852 -0.848536611 0.159147605 0.408516467
x -0.33839944 -0.661395967 1.09870887 0.754951358 0.972050428 -0.00311919022 1.16806066 1.67371953
x -0.438001305 -0.476519704 1.28632677 0.458657205 1.28940094 0.624438226 0.209064573 0.158745676
x -0.198351964 0.445082724 -0.11491622 -0.659735799 1.48972845 -0.306181431 0.626345932 -1.27767086
x -0.272859693 -0.519450843 -0.784792602 0.067015402 0.886784494 0.0748355538 1.43802953 0.176727444
x -0.35278362 0.709072769 -0.555380583 -1.24850023 0.552779138 -1.20293248 -0.504204869 -1.4527638
x 0.516629815 -1.31727135 0.760761023 0.0184106473 -1.19115674 -1.33294857 -0.365229249 0.610133469
x 0.600029886 2.39531255 2.26489997 -0.288664848 0.0753226504 -1.33811116 -0.744080186 -1.31554377
x 0.243618667 -0.106371112 1.06201065 0.421408534 -0.990234137 -0.088004984 -1.56296563 0.218108326
x 0.0891055912 -1.25876498 0.496777952 0.528554142 1.82005954 -0.65591526 0.496789992 0.0675518662
x 1.86024034 1.23006618 0.726794481 0.453642637 -0.471643537 -0.628184736 -1.46906841 -0.710364699
x -0.0196211766 0.0759550482 -0.193923637 1.83703959 0.952581346 -1.64358199 -0.38100487 0.822167277
x 0.348253936 0.46689567 -0.814038098 0.0382580422 2.85289335 -0.19999744 -0.473061591 -0.330007643
x -0.296401739 1.43620968 -0.528359652 0.915555894 0.382984668 -0.579267979 -1.00769901 -0.652242362
x 0.73613286 -1.0217042 3.48183727 0.921689153 0.804463506 1.14909875 0.307930082 0.985855997
x 0.0483873263 1.39026642 -1.90312314 0.127947435 -1.30064404 -0.753726006 1.01834142 0.744795382
x -0.534496903 -0.54628861 -0.73572427 0.094489336 -0.248083621 -1.37430644 -0.390222073 0.653470874
x 0.064992018 0.406879514 -0.148785874 0.55256772 -1.28088498 -1.02012193 -0.660447359 1.13516045
x 0.983711064 0.338913381 0.667726815 0.371619791 2.72184515 -0.204937935 1.82917452 0.182701439
x 0.25263989 -0.813562334 -0.27066651 0.70334816 -1.13116252 -0.348484844 -0.0865038037 -0.591237366
x 0.816526175 0.792962313 -0.115239359 0.598362148 0.717454195 -0.131278247 -1.40251887 1.87097001
x -1.07500708 1.02833724 2.24688506 0.731761336 1.7584548 -0.334996641 0.171183422 1.53798604
x -0.6172207 -0.978654325 0.0104946056 0.319588333 0.19122456 -0.620035708 0.820908725 -0.0429249927
x -1.39630139 -0.417902559 0.292248338 0.518186629 1.28489685 -0.875673711 -1.15643489 0.385361344
x -1.41584849 -0.146584824 -0.288282216 1.00169647 0.533380389 0.775216818 -0.858176887 -1.65220511
x 0.365417808 0.417102158 1.96405041 -0.229824498 -1.4580698 -0.290716588 1.06598556 -0.302238524
x -0.779485464 -0.260428041 0.836572528 -1.23421335 -1.22215128 0.623553574 1.9253273 -0.215789586
x 1.26330829 -0.98009342 -0.603114724 -1.5934968 0.519165874 -0.6717574 0.597342789 0.914678514
x -0.180649668 0.95487082 -1.18834054 1.68708563 -0.837947309 -0.34177655 -0.552602232 0.0761110038
x -0.885603905 0.8017748 0.245621607 3.00877285 0.576306283 0.468746156 1.22963428 -0.688482821
x -0.7091465 -0.325619489 -2.52647614 0.4373236 -0.98986876 1.4353013 -1.44162714 0.0276199505
x -2.85852599 -2.55345345 0.771892488 0.702725351 -0.855185986 0.664963067 0.359074265 2.02390099
x -0.747995377 -0.163636804 0.602352023 0.0404023714 2.4181273 1.17548811 -0.191877335 1.70406055
x -0.344776094 -1.49153686 0.811510146 0.574108362 -0.0866141468 0.631972194 -1.57764661 -0.640755296
x 0.0364626087 0.670165777 0.420865744 0.647413909 0.191949666 -1.11385024 -0.355500758 -0.46659261
x 0.444212109 1.02212334 -0.778606713 -0.539134979 -0.0803545639 1.38461316 0.488595963 -0.6704849
x 0.151790395 -1.16451633 1.291502 1.21926188 0.894921362 -0.560120821 -0.0469279774 -0.81024909
x 1.70191348 -0.211760744 0.310624778 0.557194889 -0.524832308 0.538780332 0.607484221 -0.423064947
x -0.28474617 -0.560236335 0.959956467 0.906404197 0.627620459 0.79214251 0.779462218 0.46327737
x -0.16202271 0.853654861 0.595922172 0.547903061 1.07244122 -0.503485799 -1.67947865 0.120006956
x 0.650519609 0.177058771 0.878845036 -0.263531536 0.593944907 -0.17967318 -0.111127757 -0.438058823
x 1.45716035 1.68196797 -0.56369555 -2.4708302 -1.51490164 0.394352496 0.696741104 -0.378190666
x -0.4839288 0.296624094 0.884350836 -0.22485508 -0.53874135 0.422134787 0.54938966 0.309220016
x -1.08920705 1.11591923 -0.0802571848 -0.815472543 0.180115253 -0.811161935 0.541540504 0.932433903
x -0.377727598 2.60710025 -0.206177413 0.705989599 -0.562399983 0.487291276 -0.814818084 0.31681639
x 1.63006151 -1.29423761 -1.40099001 -0.787196815 0.139592186 0.820788264 0.271256179 0.977515757
x -0.151368469 -0.756207943 0.221836492 -1.11282134 -0.403514773 -0.192825302 -1.26529193 1.10049355
x 0.548038781 -1.61936724 0.79760474 -0.340004146 -0.411214888 0.0778890103 -0.341127425 1.36449146
x -0.796384633 -1.31054699 -0.825753033 0.14377524 -2.23116016 -1.16365075 -1.25902343 -2.26274061
x -0.312651753 -0.45217973 0.296588391 -0.166176483 -1.09002459 -0.935275555 0.881563425 -0.999867857
x 0.749513209 0.201581255 -0.583213866 0.0981380716 -0.822635531 1.08745492 -1.6505183 -0.181232378
x -0.871985853 0.376285911 -0.534815967 -0.550637841 0.412424058 -0.778196514 1.30097115 -0.272578925
x -0.0743478239 -0.209304377 -1.99247801 -0.377891541 -1.76789474 0.651122391 -2.5102222 -1.05838633
x 0.32394278 1.66039574 0.812562883 -0.235491857 -0.397425294 0.539089382 0.331061542 -1.56101739
x 1.64687371 0.856871188 0.581236422 0.0130415875 -0.437450916 0.780381858 -0.255436301 0.0525688007
x 0.695525706 0.684791148 0.480976403 0.396962702 -1.07172382 -2.14839411 2.42046547 -0.122221023
x -1.30686259 0.639864385 -0.486083865 0.542007744 0.311536342 -1.08146751 -0.957140863 -1.20709705
x 0.769261956 -1.06963897 0.0427307896 0.802472353 -0.0694583207 -0.244457439 0.626182795 0.127752021
x -1.72846246 0.661834598 -1.12921846 1.17749441 0.638299584 -0.496223897 0.935395479 -1.16680515
x 1.58965707 -1.66749406 0.22228393 0.123840109 -1.75381947 1.72511578 0.277646244 -1.48012328
x -0.0882378444 0.458399266 0.650456488 0.763496459 -1.54822576 -0.173931718 1.77524483 0.579523563
x -0.163641423 0.36376664 -0.775399148 -0.289806247 0.00541762449 -0.340783507 1.15624011 -0.598392248
x 1.05694258 0.777999401 1.20306301 -1.32004666 0.045005776 0.621129513 0.939752877 -0.188033894
x -1.58492339 1.55483198 0.134409532 0.413595498 1.04407096 -0.717413127 1.7824434 -0.971568525
x 1.09045434 -0.465709448 -0.162689075 -1.20052612 -0.28331092 0.987317801 -0.929038584 0.304393739
x 0.0418347009 -1.29918706 -0.954391897 0.120907038 -1.00261819 -1.38689017 1.55525482 -2.07255626
x -0.159023598 -0.944696605 -0.0383835919 1.67313468 0.0677513927 0.230348185 0.765758276 -0.00716761732
x 1.43888628 0.650286198 0.646817803 -1.44265735 0.877511978 -0.857820749 -0.648453116 -0.463136613
x 1.19517624 0.616149247 0.744980574 0.289356172 1.21221125 -0.0258437209 0.787411928 0.57759434
x 0.491221279 0.436391562 0.471000791 0.818237424 -0.106001586 -1.46406591 -0.289445013 0.154180169
x 0.349693477 0.107411638 0.648328722 -0.522295415 -0.219316691 0.469709665 0.504921973 0.272800684
x 0.544941783 -0.698329747 -0.893875062 -1.27326798 2.02273822 1.13872814 -0.563303173 0.358802706
x 0.571582139 -1.18158209 0.179039165 1.03012514 -1.07096958 1.15399337 0.0876870677 -0.241555125
x -1.67479897 1.60555029 -0.750221491 -1.29827559 -0.808497965 0.582837522 -2.51489258 1.17822802
x -2.5656867 -0.258047849 -0.608336926 1.69072926 0.977276742 0.038428057 0.602459192 -0.500216246
x 1.22496939 0.203454733 0.590162873 0.161775559 0.843408525 0.173537776 0.0996701941 1.82820559
x -0.0256864205 1.55410135 -0.556750596 -0.481759548 0.508420408 -0.642271638 -0.241034418 -2.65199518
x -0.608986795 -0.576140285 2.14019966 0.195366904 -0.0995068997 0.095575884 -1.02305126 0.287514746
x 0.458927661 0.852189124 -0.729412556 0.473592371 -0.430611044 0.85863328 0.288839787 -1.25739861
x 0.81279248 -1.62445915 -0.0254219882 0.755387902 -0.053637661 -1.00791562 -0.481959075 -0.498875976
x 0.867255449 0.610299528 -1.23324656 0.859997094 0.827436507 0.179571599 -2.05656433 0.891703844
x 0.39206931 0.849244893 -2.30366802 -0.671219766 0.147673592 -0.854375958 2.54324937 -1.32021618
x 0.575868607 1.29849589 1.80738413 0.752045035 0.587081671 -0.588962615 -0.270143002 -2.16696143
x -1.02908194 -0.276317626 -0.130324945 0.949967325 0.5404073 -1.0013504 1.03418291 0.365840435
x -1.89331245 -2.06082273 -0.412335217 1.11085916 0.236597747 0.606822908 -0.869181812 0.0105195548
x -0.786939979 0.241508499 0.512079895 -1.53776753 -1.81840086 -2.19349718 0.0449992269 0.976899445
x 0.165267855 0.160685927 0.0775743797 -0.800955057 0.941726327 0.591865301 1.3266257 1.73622465
x 0.176954597 -1.01074255 0.0399372354 0.019002011 -0.881885171 -1.39647055 0.502819836 -0.167581752
x 0.0864207149 -0.864169717 -0.563910961 -0.0965410098 -0.703636706 -0.62711823 -2.43255281 0.971099317
x 0.0317812227 0.366615117 0.104236647 -0.702699184 1.27202284 0.570196688 0.509013414 -0.0749704167
x 0.169537291 0.609708011 -0.158896744 -0.0215869732 -1.59186673 0.460953861 0.399963886 0.727420688
x -1.68430293 0.239918336 -0.073055543 -0.824777842 -0.452112019 -0.478222221 -0.501199245 0.747507036
x 0.203500316 0.633650243 0.645065665 -0.353112042 -0.357969642 -0.89124316 0.439566255 -1.11428607
x 0.73244983 0.895648897 0.126942039 -0.960332215 0.423047453 -0.181580409 0.907145321 -0.703543603
x 0.433351398 -1.19985735 0.659305155 0.346435755 0.734319568 -0.562784493 0.642382622 -0.328100979
x -0.704786777 -0.880797088 -0.497475624 -0.464836746 1.57769752 0.0455592088 0.104677178 0.479882896
x 0.61179769 -0.459391207 -0.176572978 1.33804297 -0.443767011 -0.416366607 -1.26630056 1.03123057
x 0.489407629 -1.33654642 -1.11383092 -0.452951699 1.67982411 -1.03000915 2.42659044 0.0364856645
x -0.918634117 -1.13829899 0.888992846 -1.48556793 -0.281534076 0.633411944 -1.35920715 0.100844026
x -1.18406904 0.91423589 -0.861279368 0.546574295 1.36954296 0.606574237 -0.0974233523 -0.0381487571
x -0.867094696 -0.0848385543 1.0002408 0.706714511 -1.04261577 1.39791548 -0.927723706 -1.16548717
x 0.0408778489 0.914246202 0.352853477 -2.19011259 0.52373898 -0.828490078 0.0298907422 0.685207188
x 1.50751138 -0.176057711 -0.126943514 0.014483287 0.764185071 -1.49508452 -0.772505105 -2.0975318
x 1.34444594 0.0288156513 -0.403887928 1.07939434 -0.584946394 -0.0639897957 0.873365462 -0.449498296
x 1.03909016 1.02050507 -0.220111445 0.00457349233 0.518917859 -0.577565312 -1.33187628 0.241941065
x -0.601570308 -0.65190345 -0.383994907 -0.990703881 -0.497724503 -2.04340076 0.970866799 -0.10056407
x -0.723431349 -0.704114735 0.519935787 -0.0807028785 0.107622489 -1.64834547 -1.12312448 0.517336845
x 0.0932522714 2.01990199 -0.5730564 0.582455397 -1.41952109 -1.62119341 -0.585754693 -0.857693672
x -0.858443439 0.18741487 -0.0995484293 -0.127152711 1.22142828 0.222095087 -1.40655053 0.850095332
x 0.661238849 -0.621640325 0.745688736 0.644631088 -0.58559835 -0.336322784 0.877506018 -1.51488936
x -0.307373255 -1.34228671 -1.50087762 0.308728248 2.70766997 2.65055704 2.22642684 -0.138663158
x -1.68072569 1.85427999 -0.855587542 1.69995785 -0.189334303 -0.0954392254 0.194719821 0.242497295
x 0.385969639 -1.98359168 0.765622735 -0.194243237 0.448587775 -0.0747637302 -0.449212402 0.821928263
x 0.540226817 0.522455871 0.262587279 -0.878512383 0.0891140699 -1.14138854 0.885304034 -1.65542495
x -0.680721223 -3.23893452 -1.29356802 -0.11354664 -0.537275493 -0.572987914 1.53746104 -0.0976829827
x -0.796169341 -0.621290147 0.599166036 -0.475658715 -0.624080896 0.604129195 -0.0556317084 -0.968627632
x 0.653280854 0.264482647 0.0343053378 0.90528965 1.42384243 0.822930574 0.59863174 -0.260570049
x -0.805868983 1.60703111 -0.347238988 -0.263021588 0.76878351 0.886845767 0.329173893 0.699537456
x 0.671738267 0.0268018134 0.289414674 1.21210706 0.684862375 0.653864443 -1.37828243 0.0258662794
x 0.500263155 -1.53607166 0.755912304 -0.0476660468 0.300204962 -0.534992278 -1.90116787 -0.863381505
x 0.423555791 -1.33175278 0.616550028 -0.544785202 -0.666392148 0.211396351 1.04126656 0.068939507
x 0.861984372 -1.45145583 1.63550425 0.185634583 1.30426669 0.874969959 -0.13866283 1.68842316
x -0.618999362 0.596574426 2.14278722 -1.4221611 0.0528171808 1.75441229 2.06948018 -1.49396992
x -0.353413016 0.0832782462 -0.495862395 -1.00487733 0.918566585 1.48454726 -0.452444434 0.732366741
x 1.0035125 1.1765151 -0.350758135 -0.692456841 -0.319342136 1.74525428 -0.0972251669 -0.771661043
x -1.14351296 0.628249884 0.433742225 -0.861704469 0.579541087 -0.668185771 -0.461852431 -0.195754364
x -1.61614048 -0.669973791 -1.3481034 0.192809597 1.23396659 1.6181941 1.1196692 1.32097733
x -0.210599378 0.962839961 1.3283565 -1.98681295 -0.553354323 0.0480022691 2.79355001 0.436986417
x -2.2291522 -0.762278199 1.30659461 0.747325957 0.64761579 0.671638668 1.09266448 -1.20277393
x -0.300335228 -1.31922626 -0.110510267 -2.31942081 0.792313337 0.318170816 1.22608531 2.91442156
x 0.29901436 -0.899320066 0.238124251 1.21656144 0.71474731 0.272351444 -2.16356587 0.863850355
x -0.785858214 -1.55035257 0.296405017 1.07511902 -0.694666207 -0.666056156 -1.19700789 0.631675005
x -1.41984391 -1.18880522 -0.879478455 0.346227348 1.3748014 -0.692685962 -0.955242932 -0.347752184
x 0.303340524 0.81011194 0.270293266 -1.41788411 -1.25206923 -0.866980553 -0.0772611797 0.474801928
x 1.36548758 -0.294195294 0.379956692 1.05219185 -1.2679441 -0.583349764 0.559924364 0.0104974136
x -2.928864 -1.42616856 -0.257857919 -0.14227052 -0.933509409 0.997379005 -0.332042336 1.41345382
x -0.494624674 -1.43663025 -0.456794828 0.373013198 -1.29403746 2.92772675 -1.88253582 0.277865201
x 1.95429063 0.416269124 -0.664481044 -2.13314748 -0.13993299 1.4180758 -1.27457035 0.633465946
x 1.47140729 0.851891041 0.962439418 -0.00957732927 0.579370975 -0.973629534 0.406027913 -0.169232771
x -1.5489769 0.15531759 -2.34786749 -0.292781204 -0.744424522 -0.165723756 -0.899897873 0.900217652
x 0.0202318653 0.0366459675 -0.44191286 0.585891724 1.03219974 -0.0158970337 -0.810759783 -0.428350717
x 0.350661069 -1.70249391 -0.081655778 -0.0735351294 -0.237561926 1.39870799 -0.176346347 -0.52180779
x -0.303641826 -0.253842235 -1.66114032 2.04945731 0.842529476 -0.0469004214 -0.79336071 -1.15649784
x -0.095541887 -0.810860276 -0.493804753 1.14281511 -0.367628306 -0.0506672002 1.06417644 -0.533972859
x 0.0665365979 -0.372319043 1.73761487 -1.67489552 -0.0691808313 -0.112320729 -1.65033853 0.301364064
x 1.42557502 1.08906937 0.995057344 0.028911002 -1.51039934 0.423075378 -1.31328762 -0.10214375
x 0.93826139 -0.66953975 -0.695016026 -1.3490802 -0.80605036 -1.21605003 0.48151508 0.814059854
x -2.93802691 0.328973025 -1.63251734 1.1894424 0.138502732 0.588341951 0.4494192 0.271685749
x -0.00612794701 0.900871575 0.596697986 0.580973327 1.72662497 -1.27623737 0.261896163 -0.746225536
x -0.882473886 0.0323211625 1.1113416 -1.1744386 -0.306792855 -1.14169729 -1.58460367 0.134573907
x 0.443686932 1.89847362 -0.946420312 -0.642653704 -0.83878535 1.14350593 -1.09655166 -0.742742121
x -0.256304175 0.279581577 0.471719146 -0.218460292 -0.55882442 0.774334848 0.395072877 -0.78908205
x 1.68558967 1.53304243 -0.0777420998 -0.924554527 1.42306757 1.41312337 0.142617643 -0.634968519
x 1.44507372 -0.906883657 1.3173635 -0.434031248 -0.298149109 0.217395678 0.419352174 -2.60421801
x 0.327422857 -0.294661671 -0.981180012 -0.407286108 -1.86056793 -0.221870348 -0.917316973 1.08747172
x -0.323586762 1.05005789 -0.42490533 -1.09458959 2.3618741 -0.710420012 -1.71002936 -1.6493783
x -0.296187341 0.800331473 -1.59035683 1.49651003 1.61453342 3.94554973 1.70413971 0.843445539
x 0.417086929 2.03736067 -0.377248496 0.166118175 0.865808606 -2.22756124 -0.81715858 -0.0635723844
x -0.601505876 0.691399038 1.71266186 0.734110117 -0.0153994029 0.591344953 -0.928562522 0.363981515
x -1.87259626 1.01607728 -0.976501942 0.555745184 0.0452462435 1.36295307 -1.21806419 -0.252950847
x 0.831220031 0.738771319 -0.992784142 0.657864153 1.32783389 -0.677972376 1.00727475 -1.3482672
x -0.497320384 2.171206 0.0179258678 -1.1535908 0.873333514 0.48678872 1.04746425 -0.41126585
x -0.0193348695 -0.969028592 0.347524583 -0.0502971038 0.585870504 -1.0877701 0.879134536 0.296933472
x -0.375882328 0.652386427 -0.239682361 0.781828403 -0.622894228 -0.340278089 -0.412319988 -0.743495703
x 0.419998616 0.720387816 -0.875151217 2.45010519 -0.089926213 -1.784585 -1.29873514 -1.18482411
x 0.180234164 -0.751046896 -0.448243797 0.612424791 0.574890673 -0.71011281 -0.882115185 1.14870644
x -0.317099065 -1.86875176 1.42851114 -0.167552009 0.0571245253 -0.865503848 -0.452089548 0.173312515
x -0.204224527 1.24217308 1.06260598 -1.75855529 -0.944342375 -0.160214692 -0.377268046 1.06465268
x 1.8143338 -1.09013045 -0.0924024656 -1.34003675 -0.236793742 0.924427986 1.80195975 0.716898084
x 0.117356762 -0.391680896 0.0037964168 0.0165957268 0.596610367 1.29210711 -0.62724489 -1.90528488
x 0.505348146 0.856628656 -0.878237665 -0.260449469 0.974957585 -0.448276818 0.410225481 1.06540298
x 0.945947647 -0.516701937 2.03490329 -0.057109151 0.501507998 -0.45624581 1.44244707 1.95565915
x 0.34886834 2.07095432 -0.306851089 -0.197532088 -1.43003905 1.53482115 -0.668152153 2.08665776
x -0.311180681 1.53944421 1.05837548 -1.01872098 -0.370676041 0.692623556 1.04235995 1.03382254
x -0.230141982 -1.12962449 0.191387132 -0.852119029 -1.95983124 -0.867525339 0.437776417 -0.32390812
x -0.88570106 -0.198084906 -0.0274859853 1.29770684 -0.524222255 1.0988462 0.675901294 -0.545021832
x -0.921283484 -0.0554514006 -0.120869927 -0.206733763 -1.46228564 -0.789606452 -0.91671747 -0.0284564849
x -0.27470538 -0.393792689 0.496170163 0.226336852 -1.38608277 0.0909601301 0.398704708 1.08017945
x -0.290649772 0.15275839 0.89121747 -0.945652425 -0.849761665 -1.1020478 0.439537823 0.918958604
x 0.591740489 0.0286443625 -1.51859522 1.13547516 1.16835284 -0.202016339 -0.645371616 -0.197883651
x -0.718720138 0.108004704 0.0124253416 0.225434065 0.210229218 -0.905525446 -1.13561535 -0.178447619
x 0.198514462 -0.537795007 -2.4856708 -0.153020725 0.0284675062 1.10938549 0.452157497 0.454884052
x -0.0712945983 0.060580764 -0.669773281 0.758126736 0.939514101 3.06077433 -0.627326965 3.19410324
x -0.721842945 0.125799149 -0.58368355 0.637714863 0.700051248 -0.476538748 -1.04835546 -0.649831474
x 0.526165605 -2.89217448 -1.50539291 0.156338647 1.3301183 0.472841024 -0.113372125 0.485933691
x 0.0923923701 0.206019059 -1.27102315 -1.08935678 -0.931245267 0.311636895 -0.763603747 0.226340011
x -0.622919917 -0.839686036 0.237644032 -0.872363746 0.371961415 0.140735745 0.65004617 0.438932657
x -0.507754445 0.799918532 -0.0775101408 1.58636296 -0.258203328 -0.370284885 -0.442971468 1.42873979
x -1.29057038 0.160755709 2.35787034 1.75910771 0.10865014 0.180642396 1.18259573 0.642454624
x 1.19680858 -0.16760245 1.06454492 -0.678774834 -1.47513139 0.122553982 0.3655321 -0.305624634
x 1.04006481 1.23022568 -0.208674699 0.00606365455 -1.29934728 -0.566066682 -1.13704991 -0.161965221
x -0.652753174 -0.428768277 1.14640009 -0.207767665 0.952140391 1.55318773 -0.57837832 0.656714976
x 0.557927787 -0.683169723 -1.81651711 1.77793372 2.18558717 -0.461801857 1.43003845 -2.3713069
x 1.10915744 0.270348698 -1.3352387 -1.14310265 -0.15593271 0.918378949 0.884385169 0.0623048618
x 1.11354113 -0.316488892 -0.653317571 0.217693433 1.06523836 -0.135898188 -0.152246624 -0.313645333
x 0.251977712 -1.76154733 1.7888062 0.343785763 0.50477314 1.84330785 1.20094979 1.73235416
x -0.0766355991 -0.0261715371 0.445961714 -1.49865353 -0.947893739 -0.287712544 -0.999680102 0.912380397
x -1.3713063 0.473639607 -0.780845165 -0.457468122 1.24445236 -0.296428293 0.99637872 -0.494056582
x 0.328988642 -0.830486298 -1.85699046 -0.869363964 -0.514083922 0.0883449763 0.148928836 0.687280893
x -0.664834023 -0.0259582587 -0.441611826 0.924203038 0.335477263 0.96359992 -1.28169394 0.849665761
x -0.299567312 0.662552893 -0.782467306 0.443195879 -0.209519476 -0.740657866 -1.17985702 1.5596329
x 0.185799316 0.42971471 -2.40216827 -0.759575367 0.516112447 -0.677212596 -0.747708082 0.103544466
x -0.86515528 -0.736114383 -0.891341209 0.257666141 -0.708990037 1.12874925 -1.49614787 0.404454589
x 0.574663162 -1.70073652 -0.221675277 -0.851769507 -0.92944926 1.21889639 0.310690016 -0.759929299
x -1.05674553 0.511252582 -0.540669918 0.429192841 1.01440454 0.120380536 -0.45575124 -1.25986362
x 0.297815651 0.787587702 -2.77083397 -0.0422434472 0.332982928 -2.63046265 0.263120383 -1.30770087
x 0.502393246 1.60583568 -1.31339622 -1.01290023 -0.299681723 -0.573665142 -1.54660237 0.0667188466
x -1.15825605 0.221982062 -1.3748399 1.03054905 -0.164387748 -1.54664302 -0.784736931 0.57346952
x -0.192323461 1.21707666 0.590671897 -0.651517153 1.3170799 -0.968454182 -0.615866005 0.587931871
x 1.38473177 -0.436056525 -0.674116671 0.598051488 -0.262705356 0.0508805066 0.772298396 -1.03452933
x -0.59012866 0.0520366691 0.997834623 -0.0970604941 -1.17834258 -0.133684933 -0.113072917 -1.51683366
x 0.505324066 -2.25407791 0.660164356 -0.779089749 -1.93900728 0.897117019 -0.367231131 -1.06080329
x -0.20613119 -0.635890603 -1.09226191 0.805643022 -0.658470333 0.420159161 0.277014911 -0.270563543
x -0.264508128 -1.47063613 -0.599773586 -0.42373538 0.882658899 0.732685685 0.773868024 -0.561725259
x -0.212029427 0.102067642 1.09841287 -0.455870926 0.755059123 2.12374377 -1.72657061 0.594680011
x 0.778437614 -0.86468935 -0.0686898455 -0.895567656 0.18199335 -0.0957899913 -0.457931548 0.218588755
x 0.950649261 0.364349276 0.326899767 0.995933652 -1.40856647 0.311770469 -0.731056511 -0.256023079
x 0.267037332 1.29785025 -3.07575846 0.595166206 -1.17271161 0.152763292 0.953175783 -1.45164716
x -0.530841768 0.430531412 -0.509938121 -1.32939482 0.0178031288 -1.07851601 0.221355006 0.199701443
x -0.946758807 0.341188669 -0.443707436 0.627550125 -0.372131437 -0.374882787 0.347627103 1.625144
x 0.235306948 1.53570843 -0.368321985 0.783660114 0.864582241 0.290678024 1.06222522 0.275327653
x 0.787323534 0.179636031 -1.03558981 -0.0194071773 -0.740343571 -1.93217719 1.15865958 -0.395259351
x -0.283591062 -0.510625184 -1.48742545 -0.597263873 1.2444185 -0.872045517 0.111995548 -0.591877997
x 0.242410168 0.514457881 1.83357394 -0.239309877 0.841793537 -1.30548227 0.277322829 0.755985796
x 1.7197088 -0.565677285 -0.874354005 -1.24069917 -1.42221558 -0.594801068 -1.06478238 -0.427070022
x -1.45305419 1.27334058 0.41606921 1.1503855 0.0257081874 0.138010412 -1.80474186 -0.585338175
x -1.7790091 -1.33983481 0.16547823 -0.267415017 0.240297139 0.329256326 -0.18509604 3.1174798
x -0.418410569 1.03025317 -0.0615661927 -0.107917167 1.06780159 1.14954758 -0.661797166 -0.20269613
x 0.777838051 0.203823283 -1.36187708 -0.251799554 -0.173624203 -0.566628695 0.596954465 -1.15592659
x 0.153332174 2.07337928 0.717893302 -1.15454555 -0.92847991 -0.172141925 0.187393025 0.529249251
x 0.499923289 0.195528716 -0.316920072 -1.47083914 0.484779626 1.05871832 0.536835432 2.0256958
x 1.74794018 0.858561397 -1.70175648 -0.216960087 1.04466152 -0.441762716 0.968923092 0.445889205
x 0.402144194 -0.313493341 0.399757653 1.91237533 0.861867189 0.632260501 1.30825543 -0.352763116
x 0.142112345 0.484813333 -0.279977828 0.713646948 -1.80551839 -1.55404961 -0.103060499 -0.293940187
x -0.187196106 0.575955629 0.823392987 0.745243549 0.388021767 0.335253775 -1.48529363 -0.794890106
x 0.246205896 0.769946098 -0.741978347 0.206682116 1.64258826 2.1227541 0.738251388 -0.968286097
x 0.598749936 -1.00240016 1.30387568 0.0316303857 0.586655557 0.0948410407 0.0925581828 1.56700337
x -1.01727653 0.114864141 1.1234051 1.31552756 0.0131887058 -0.906329036 -0.761790574 0.289361119
x 0.15382956 -0.116620541 1.05434704 -0.137604788 -1.08200085 -0.858289719 -0.9194417 -0.600563884
x 0.164075434 -0.721473515 -0.676849246 -0.0817540661 -0.999727368 2.53969932 0.47090736 1.50441694
x -0.979899347 0.334951431 0.378888309 1.11216807 -0.0340789557 -1.88654888 -0.0339064263 -0.334440947
x -0.85284698 -1.54579306 1.22546649 0.398974359 0.141764015 -0.616239429 0.0600933768 1.74017227
x 1.80394089 -0.0657607988 -1.2176944 -0.988937914 0.222201601 0.579131484 0.61166966 1.45511413
x 0.140861243 0.732063353 -0.485955745 0.678910494 0.246978268 1.33595932 -0.274653435 -1.2041651
x 0.854542375 -2.56249499 -0.00110502273 0.943285227 -1.31900513 -0.621814787 2.72275233 -0.365600318
x 0.547349572 0.601234078 -0.487115055 0.00822604075 0.230167568 1.4672246 -1.49912262 0.537224114
x -0.593805254 1.09998715 -0.424608558 -0.631566763 -0.250087827 -0.224671721 0.936944664 -0.197795555
x -0.298558742 -0.885667562 0.300030529 -0.465592712 0.715191782 -0.346217364 -0.0605225824 -0.0481240302
x 1.20916498 -2.53022838 0.644064903 0.901441216 0.186618626 -0.627158105 -0.393319309 -0.317775965
x -0.802376568 -0.396449089 -0.716761529 -0.00385986897 0.381392747 -1.05489206 -1.90982389 0.9597646
x -0.444314182 0.571397662 -0.278728276 -1.00981808 0.386844337 -0.660638154 -0.456099033 -1.99319112
x -1.99157119 1.18938291 -0.779043078 -0.645124018 -0.417200565 0.286957234 -2.86917949 3.15613413
x 0.216935188 1.73446977 -2.11030793 -0.23202844 -0.914661288 0.483854145 0.455252349 -0.752547801
x -0.215605557 -0.460423052 1.51989532 0.717719793 1.09393394 -0.282192469 0.898955226 1.16410923
x -0.887773097 0.89067781 0.256876081 1.93484151 0.0420525968 -0.148205876 -0.837293088 1.04025114
x -1.16015124 -0.227920979 -0.900087416 -2.1000998 0.285717726 0.444293797 -0.448580503 1.12252975
x -0.6491189 1.76396143 1.07039607 -0.604612887 -2.59555006 -0.292439401 0.920208454 1.18623114
x 2.16339302 0.595321298 1.27426445 -0.177348495 -1.56053543 -0.282716066 0.612995505 -0.215400904
x -1.2621485 0.268733591 0.512722909 -0.246987715 0.600401461 -0.300848216 -0.706073523 1.10569489
x 0.788957715 -0.280105084 0.160434127 1.80681133 1.08227205 -2.04833746 -0.0210259184 -0.5412907
x -1.82711744 -1.8213985 -0.353117287 -1.2214638 -0.943535328 0.665769637 -0.109310329 -0.312613994
x 0.662166119 -0.679324925 0.060133256 1.10339224 0.502282739 -0.745295346 -0.780636311 -0.701108515
x -0.505829155 1.72060025 1.33954537 0.582553506 0.627591848 1.31434596 0.415137261 -1.35749042
x 0.787883699 -0.87552017 0.706879556 0.746150553 1.44545662 -0.332295716 -0.839450657 0.274116397
x 1.4436723 -1.85678875 -0.549356699 0.645749748 0.439278483 0.233709097 0.0628346726 0.409801841
x -0.491218984 0.480622202 -0.717219353 0.123253055 -1.46709955 -1.01058102 -0.0673447177 -0.324320108
x -0.820322394 0.142517403 0.722264469 -0.711419702 0.928848207 0.368009061 1.3093065 0.162178203
x -0.513688326 0.511181235 0.322944909 -1.15422785 -0.679771602 0.69540447 -1.48951674 -1.6271174
x 1.27885103 -1.13640583 -0.352623224 -0.384847105 -0.173316419 -1.53838265 -1.02764559 0.778818965
x -0.121842265 -1.01069248 -0.0598859936 -0.0828100666 0.923201084 0.265968293 -0.0644220263 -0.66931808
x 0.62837106 0.0457354635 0.706975877 -0.523256421 0.704803467 1.41812742 -0.0955628902 -1.21031892
x 0.989414215 0.0168475732 -0.516570866 -0.000229485478 -0.652126133 -2.83551669 1.93173957 1.92957854
x 1.45732272 0.798684537 0.0669223294 0.863793075 -0.0116724763 0.495190084 -0.104665309 -1.55825305
x -0.135687351 -3.20446515 1.66317272 1.00211716 0.0734592229 -1.4045825 0.128148824 -0.662664711
x -0.7391541 -2.287848 1.19807124 -0.131789297 0.237016529 -0.117033973 0.0131281316 0.854713917
x 0.864416122 -1.72458458 0.602878451 0.398770392 -0.961733937 -0.566384077 -0.0529687591 0.716465175
x 0.143359676 2.22624636 -0.848453343 0.380472124 0.619676888 0.69074738 1.33030701 -1.57152605
x 2.25932455 -1.46454072 -1.5597738 0.153056711 -0.346856833 1.79330313 -1.15525556 0.949320734
x 0.384218156 0.56541425 -1.34832215 -0.579248548 -1.45814753 -1.6699158 0.264847875 0.744668245
x -0.303080648 -1.56660926 -0.686550319 1.12796676 0.140290216 0.560443521 -0.130467609 1.1780479
x 0.275252283 -0.638256252 1.35329509 0.712589264 1.24292517 -0.776168406 -0.659296691 -0.0478882454
x -0.524626613 -0.67886591 0.48834154 0.154001772 -0.00769360084 -0.805140913 0.655652523 0.787252486
x -1.41023922 -0.527852237 0.448192835 1.05307126 0.31372875 2.91421533 -1.39020193 -0.32355544
x -1.3254236 -0.630907595 -1.91472769 -0.741378486 -0.872794926 1.11345661 -0.912428796 0.657308519
x -0.0488472171 -0.381165236 -1.90828395 -1.05773652 0.59336549 1.73632395 0.824900329 2.0732801
x 1.3417294 -0.45899266 1.3343823 2.0120542 0.731268406 -0.841183543 0.504791081 1.66021037
x -0.440553665 0.664044023 1.12284076 0.954375982 0.21704483 0.37959066 0.865068078 0.362220377
x -0.812074721 0.959150612 -2.2117691 -0.774323821 1.7026366 -0.961407781 -0.903025389 -0.21572338
x -0.284634322 1.67877078 -0.469257355 -0.151100576 0.335255295 1.88427889 1.19789779 1.00767612
x -0.619520426 -0.732008219 -1.15037763 0.73324728 -0.63911742 -0.205019787 0.296151906 1.90209877
x 1.71370983 0.205688447 1.0307554 -1.78400528 0.502364755 -0.989684463 -0.703947306 -1.22859633
x 0.723599613 1.62476635 1.17673993 -1.34099746 -0.673066258 0.232686952 0.127865389 0.100500599
x -0.23179391 -0.879570127 1.14864063 -0.879769444 1.16342199 0.337134778 0.10261061 1.00156474
x 1.5760349 0.749976277 -0.734393835 -0.033072371 -0.111211188 -0.570120573 0.0492856503 -0.196771175
x 0.869059503 -0.980572224 -1.36664355 0.24635005 0.382095218 1.21808124 -0.439664036 1.24261642
x 0.438586324 0.372328848 -0.536627531 -0.918397188 0.573217094 -0.907978475 1.40227675 -1.26499903
x -0.979448676 0.101739526 -0.0738550723 0.546229362 1.00778937 2.15128779 1.63035119 -0.717900574
x -0.314558744 -0.54281491 0.171630934 -1.17039704 -1.16016865 0.0487852804 -0.184274063 0.360740125
x 0.55540657 -1.77354586 0.112550735 -0.0710358173 0.807155728 0.0974548981 -0.714546084 -0.569332242
x -0.206015751 -0.037301641 -0.326965064 -0.333565563 0.0489477627 -0.169520408 -0.364186615 2.23972797
x 0.908753157 -0.0655715913 0.108701803 0.229192898 -0.836871505 -0.563031971 -1.50276101 -0.906907558
x 0.441390395 -1.76530945 0.140718699 -0.19200328 -0.918442547 0.999693215 0.196085691 -0.393360347
x 0.990836561 0.612923026 -0.44142139 -1.67427588 -0.298538089 -1.16717803 0.404601514 1.13117802
x 1.59057617 -0.414226115 0.873110533 -0.512373745 0.0454069637 1.11593497 0.111033283 0.553391635
x 1.12219322 -0.286226541 0.724786222 2.53323364 0.158260271 -0.0564389639 0.815597773 -0.21890077
x 0.772078693 0.613997042 -0.380119145 -0.0716635585 0.932682395 -0.530065119 -1.68824208 -1.91218758
x 0.264749885 -0.844091117 -1.3186295 -1.54644275 -0.200088412 -0.0872252807 0.530520499 0.251660168
x 1.81497645 1.01776981 0.00503220595 1.09919417 0.381642103 -1.2932303 0.637050211 1.22441196
x -0.395280451 0.387690604 -0.0832766071 0.819179714 0.404232144 1.57160759 -1.32598066 1.92850828
x 0.0797278658 -0.17994298 -0.666879416 0.386597455 0.817724645 0.617983937 -0.112187348 -1.76767325
x -0.0804326162 -0.479195356 -0.0435344242 -1.10254502 0.0199787561 -1.19612277 -0.255504668 0.0528295338
x 0.370619804 0.679611087 -0.182776526 -2.957829 -0.263353646 -0.817922413 -0.600875497 0.468700767
x 1.11986828 1.73982036 0.274312079 0.23930189 2.10158205 -0.66551429 0.415556014 1.49522936
x -0.358469784 -0.0963736624 -0.873769522 -0.680889368 1.34806359 1.34361649 -0.983069301 0.258787572
x -0.639394522 -1.6050272 0.199526444 -0.777081609 1.37718225 0.38153106 0.522019625 1.4488976
x -0.563908517 1.29317296 -2.9480567 0.210990369 1.11420727 0.771173835 1.76501918 -1.25584102
x -0.787842333 0.796155155 0.000842942682 -3.16549921 -0.819366097 0.915782213 -1.62814045 2.52972651
x -1.02341509 0.497484326 0.411449701 -0.322335035 -0.62526536 0.0119854631 -1.67698324 0.396117091
x -0.444061637 -1.58420718 1.20390654 0.20150204 1.06300199 -0.452447414 -1.95500946 1.09254849
x -0.435383946 -0.385368496 -0.788349688 1.81519818 -0.138994619 0.0592512041 2.80055737 0.0349350199
x -0.0212008115 -0.585981488 -2.13904095 -0.0486327037 1.76837015 -0.360103458 1.84262013 -0.122066624
x 0.0940648839 -0.70744133 0.724180698 1.33425963 0.560865819 0.545640111 0.0266304314 0.445998281
x -0.902180433 0.784909308 0.110541344 -0.624249876 -1.59472716 0.335981101 0.546784639 0.0733620524
x -0.393102437 -0.276335835 0.643731534 -1.14556694 -1.01564801 0.796554148 -0.266062289 -0.0555548668
x 1.44458616 1.03943253 -0.554394603 -0.324304432 0.970963478 -0.22425884 -0.544015467 1.30499315
x -0.910223007 0.898848355 -2.15318513 -0.387114465 0.106907755 0.500562966 -1.80726969 -1.05607986
x 0.644266129 -0.110850461 -1.14865804 -0.0751965865 1.31936777 0.373046935 -1.29193079 1.40654755
x 0.592689455 0.521308124 0.365892738 0.0866424292 0.239947885 0.0143879242 -0.975168705 0.153495133
x -1.51587796 1.32531488 2.05384421 0.151661381 1.02796113 -0.657328546 1.19002569 0.202058166
x -2.55573606 -1.96931911 -0.387687117 -1.00640464 1.33430636 0.121107563 0.300672442 -2.10308504
x 0.885882318 -0.798448563 -0.434708238 -1.15930772 -0.201490715 0.695776403 -1.67823231 0.478607029
x -0.424660027 0.318579167 -0.0194001887 1.09679496 0.638648629 0.0940934569 -1.95557559 -0.00921521336
x -0.446420372 1.51552522 2.13842773 0.503608227 -0.777038097 -1.71536756 -0.0375759937 -1.15532255
x -0.298333287 -0.0033223636 -0.415170938 -0.309981138 -1.16014636 0.123817153 -0.253811061 0.683781862
x 1.88806415 -0.814346194 -2.85791111 -0.329312086 -0.129876569 0.712170243 0.0963287503 -0.184180677
x -0.467358857 1.93362677 -0.32063067 0.879958451 1.51793528 -0.304490209 -0.02125635 -0.870361328
x 1.11704957 0.884073496 0.343410939 0.177392244 1.93667591 1.39157486 -1.12424636 0.0931096599
x 0.951959789 0.587979078 0.804371476 0.522513866 0.944596767 1.1052928 1.21216846 -0.377882719
x 1.18248403 -0.346774757 -0.900660872 -1.9802599 0.270114958 -1.14653897 -0.484047741 0.626770198
x 0.81835258 -1.77202225 0.851618946 -0.295700669 0.828126967 1.20203197 -0.532443404 0.585571647
x -0.186160356 -1.06299973 -0.264428049 0.922028899 0.800308883 0.770273209 -0.294656008 -1.75479817
x 0.759351254 -0.299105763 0.0305037573 0.0637301952 0.268812716 -0.0418728776 0.306888819 -0.180526376
x -1.03375983 -0.453193456 1.0745374 2.04147029 1.17344236 -1.3224144 -0.922259152 -0.611559093
x -0.315882713 -1.12790251 0.595932305 -0.545887053 -0.35404405 0.919651151 -0.255087942 -1.48439574
x 0.927379668 0.485305876 -0.639323056 -0.599654853 0.185710967 -1.97665989 1.42201853 1.87457383
x -0.832199335 -1.76919937 -1.62523675 0.928925991 0.738809466 1.39735472 -0.421426475 0.788315952
x -0.845358551 -1.00536203 -1.03803349 -1.26992118 0.208537936 0.291747719 1.64891171 0.40629828
x 0.32147336 -0.811584175 0.448091835 -1.56715453 -1.08927333 -1.69617534 1.23827326 -0.113863781
x 0.233574748 0.848895311 0.386335522 -0.365074515 -1.78507221 -0.199232399 0.310489893 1.24450052
x 0.751628101 -1.13113439 0.656198919 0.597960293 -1.22950482 -0.169834509 -0.464401037 -0.391283602
x 0.704446912 1.00762606 -0.830314398 -0.51983422 -1.04533446 -1.5677799 0.594375253 -0.105750628
x -2.12129545 0.585614443 -1.35135329 1.06968439 -1.08562315 0.394507855 -0.349380195 -1.03698587
x -0.296393692 0.463457584 -0.307407588 -1.15111029 0.190477341 -0.132220313 -0.736289203 0.450748712
x -0.599990606 -0.656484783 0.513525546 0.97325176 1.21669209 0.394025773 -0.317925155 -0.207710013
x 0.714276493 -0.969658613 0.75046432 -0.202047616 0.696695447 0.753050983 -0.0555859022 0.760094821
x -0.106249198 -0.413743556 1.81389546 1.78852725 -0.771507025 -0.140353605 1.57468355 0.364272922
x -0.357145309 -0.8959831 0.333885968 0.476885468 0.505095005 -0.186037004 0.171125636 -0.166339934
x -0.778192103 -0.11726626 -0.046423234 0.52310735 -1.1518935 -1.56486726 -0.367109001 -0.203595847
x -0.167048797 1.95331275 1.19670546 -0.818220437 -0.35064128 -0.502803981 2.29447293 -0.518406928
x 0.472898722 0.0850895569 -1.24539912 0.749686778 0.591426134 0.431607336 0.391889989 -1.9056139
x 0.967116892 -0.961479723 1.71174967 -0.506765127 -0.305377036 -0.114691421 -0.675024331 -1.20607078
x 0.361330897 -1.18331957 0.841777027 -0.949177086 0.655590415 0.0911441743 1.37703681 1.24717402
x 1.25896823 -1.41906786 0.911685169 0.443959475 1.98654139 -0.0100343339 0.546205163 -0.366213381
x -0.0447079912 0.28230384 0.792259216 -1.22883487 1.04314172 -1.44217205 1.28274763 0.340051681
x 1.41364586 -2.75286412 1.60473859 -0.129645094 0.49052915 -0.0985263139 0.628872693 -0.395014733
x -1.03657079 0.39599517 -0.809992135 -0.906236053 -0.969513714 1.43941534 -0.660464525 1.60033131
x -0.400214732 -0.859486282 -0.549671233 -1.04773676 -0.995860338 -0.370108277 -2.62817216 1.42828262
x -0.551958084 1.10376489 -1.54499841 -0.444161326 -1.41208017 0.0391291566 0.0685470998 1.56177771
x 0.351436824 1.12635446 0.207450911 2.07303119 -0.890418589 1.83825278 -0.0348339155 0.723496735
x -0.0189518929 1.21115923 -0.535434544 0.100329921 1.88066745 0.747613311 0.382901669 0.0385494083
x -1.12825871 0.889062226 0.980475068 1.04359555 0.0506826341 0.921388626 0.0130764004 -0.496917367
x 0.659557104 0.1074071 0.202961028 1.47627378 0.298729956 1.18714273 1.07754385 -1.10637641
x 0.757693708 0.0156766456 0.470289677 -0.734596729 0.556040704 1.32345045 -0.530448794 0.497685373
x 0.658899844 -0.470385611 0.642992795 0.590067744 -0.24083963 -0.485000581 0.811087191 -0.707108974
x -0.890650749 0.753777623 -0.590772331 -0.183416322 0.438210666 0.572317481 1.34477639 0.289422572
x -0.252455592 -0.673783064 -1.35973811 1.11448622 -0.0706726909 0.78241235 0.350064665 -0.0868829712
x -2.11756849 -0.685408533 0.184680596 1.20774019 0.932042003 0.82100749 0.110293373 -0.369775832
x -0.772123814 0.609843016 0.43189308 -0.384400785 0.554264963 -1.80809844 0.353934824 -1.05378592
x 0.50753814 -0.863892555 -0.585547626 -0.878564596 0.0554769263 1.0039351 -0.201438397 0.286092967
x 0.812906325 -1.06764102 1.28015304 1.18168497 -0.127228782 0.0916430429 -1.0767566 -0.491227865
x -0.734169841 1.36806881 -0.235685557 -0.701363266 0.00999780465 -0.899697065 -2.32947326 -0.611026168
x 1.72707224 1.86546445 -0.0826774389 0.937075198 0.0313310847 -1.28377092 0.53701055 1.79683161
x 0.0148070883 -1.56747198 1.24528503 -0.881433785 -1.27850497 -0.594300449 -1.06598675 0.710212171
x 1.17403042 -1.57408798 -0.341390729 0.980125666 -0.175054207 1.74327612 0.480371088 -0.1181565
x 0.229824543 0.877432227 0.0856241211 -1.14024079 -0.540217161 -0.45945701 1.65847743 -0.594827592
x -1.35621214 0.159460574 -0.0127633819 -0.261278182 0.281070799 -0.317241192 -0.171528444 0.807205737
x 1.48627102 0.255309254 -0.0563763008 -0.0774337798 -0.66009587 -0.329413384 -1.40966094 0.118620642
x -0.106689759 1.20982862 -2.01123905 1.62154341 0.507674217 0.365692198 -0.288274616 -0.797148347
x -1.57610929 0.294681937 -1.49821961 2.22073889 0.577086985 -1.15770555 0.314169526 -0.720827341
x -1.03558624 -0.0313581973 -1.4504143 0.422624946 1.20412171 0.663517952 -0.71717906 -0.455997407
x 0.162112996 0.49822104 0.839921296 0.850859642 -0.0882164538 -0.0619219579 1.05614805 -0.808822215
x -0.372789383 -0.922518134 -1.12855542 -0.0617957264 -0.157435074 -1.10225749 1.03758883 -0.513304353
x -0.597745776 -0.533654094 -0.846032679 -0.531978071 0.800025702 1.23150408 1.11532903 0.676891625
x 0.318063736 0.249689206 0.781538904 0.236437321 0.583809018 -0.0690201446 -0.133093342 0.677791595
x -0.678916812 2.07948518 -2.13220692 -2.19858861 -0.844776511 0.462953597 -1.11981487 1.10872161
x 0.320403963 -0.272183567 -1.45016599 1.66453087 0.86944288 -0.238953471 1.26045775 -0.759997129
x -0.54658407 -0.653254151 1.52319336 1.45007336 -0.394474655 0.512853384 0.651737928 -0.495267868
x 0.161177427 0.936381519 -0.718551993 0.432515949 -1.103405 -0.385774195 0.662932038 -0.924681485
x 0.800387561 0.194184899 -0.322397292 -0.462002337 0.57575953 1.00244224 0.498750597 -0.592043221
x 0.121858828 2.1623373 -0.920477629 -0.0423458479 1.53376448 -0.702530503 -2.42329478 -0.19842346
x 0.408981085 0.243285209 -0.582480609 -0.140319839 0.855497003 -0.0474234633 -0.0473407805 -0.424951404
x 0.278559476 0.462863237 -0.253890365 -0.895840764 -0.185493767 -1.04461253 0.44586888 0.48090589
x -0.428447634 0.0967336968 -0.582593799 -1.34003758 0.242627114 2.29890656 -1.10697138 0.0594691671
x 0.967663169 0.0847212225 2.48568678 0.71961081 -0.387943238 2.72495103 -0.371425748 -0.522940159
x 1.22269416 0.685148835 0.52933985 -0.779692709 1.12627208 -0.17129378 0.983218908 -0.498089135
x -0.417681694 0.797839284 0.194284886 0.0774477497 0.0646496341 -0.548458219 0.0496949516 1.37834275
x 1.51531935 0.582620263 -0.0929425433 0.0756713897 -0.654471397 0.762279093 0.844471395 1.09233904
x 0.451301098 0.5715698 -0.177638143 1.68596601 -0.341169953 1.64483964 -1.49200976 -0.617886424
x 0.577880323 1.12262452 0.625481665 -0.0308236871 -0.376594961 -0.58913362 -0.238655165 0.211280122
x -0.568797469 -0.646591246 -0.458692133 0.632389069 0.0875220373 -1.39366746 -1.86920261 -1.67008471
x 0.817000151 -1.03290153 -0.476142883 -0.541381955 1.85039902 -0.0501255244 -1.56462383 -0.962915123
x -0.549321175 -0.548561215 1.0202198 1.15093672 -0.499837011 -0.468689352 -1.19657969 1.21799994
x 0.820351243 -0.052626282 -1.35555565 -0.442649871 -2.84225559 0.0980919227 0.575674474 0.906548738
x 0.121663503 1.05775118 1.45145226 -1.71653366 0.828715622 1.79246914 -2.02805567 1.51688433
x -1.44775999 -0.675060093 -1.00989664 -1.79178476 -0.625247598 0.600155532 1.32290196 -1.03067613
x 2.24030161 0.729510486 0.539461732 -0.736765087 -0.784139574 -1.20201302 -0.490352511 -1.0302211
x -2.24385548 0.562942147 -0.0274646804 -0.232828513 -0.0079695899 0.105844878 -0.825912118 1.44940031
x 0.564383149 0.0914381817 -0.161270618 -1.20902121 0.283219546 1.06047606 1.57782781 -0.0300052892
x 0.958999336 -0.73502183 -0.359109491 -0.38018468 0.807314456 1.08149397 -0.285568506 -0.0436878987
x 2.27223372 -0.538150728 -1.36781609 -0.0179688875 -0.299005806 0.429315984 0.436213166 -0.191938102
x 0.387477905 0.578590095 -0.458949894 -1.21495509 -1.06377268 1.68348575 2.08455706 0.509811521
x 1.70397568 -0.62428844 -0.540256083 0.682473063 -0.468620479 -0.777855158 -0.794865191 -0.433077693
x -0.454785407 0.915391445 -1.85877144 -1.273296 -3.03896427 -0.344493061 -0.562353849 0.291305989
x -0.154989049 0.672204852 -0.219665319 -0.902269423 -0.33570078 0.569497585 0.961468101 -2.23626232
x -0.947096407 0.540913761 0.671129107 0.0569573753 -0.266495198 0.643374801 -0.349965155 -0.601265728
x 0.253345549 1.3581605 1.55069959 1.4724009 0.335676163 -2.10626936 0.0632130355 0.55457294
x -1.44980514 -1.10163605 1.28108609 -0.414006293 0.656428576 1.00076759 -0.220016748 1.34813988
x -0.473467082 -0.508230567 -1.16993988 -0.154589474 -0.225572586 -0.11281427 0.343746126 -0.387354702
x 0.906616449 -0.463787675 -1.64589548 1.0299989 0.78915298 -1.40845883 -1.29066384 1.44986379
x 0.0662473515 -0.788287222 -1.41579235 -0.00538968109 -0.304567039 0.701534986 -0.178472638 -0.323375762
x -1.4383086 -1.80776739 0.412542373 -0.346495986 1.5093683 -0.0241249651 -1.57036602 -1.13967192
x 0.603184164 -1.05478871 -0.109254859 -0.282357782 1.01909316 -0.596270025 -0.222804174 -1.5157516
x -0.0349511616 0.631541193 -0.155939847 -0.230941325 -0.349075556 0.590367377 -0.613862395 -1.28691173
x -2.15185928 -0.958956838 -1.60140395 0.647572517 -1.35062551 -0.454452246 0.23834452 -0.765751123
x 0.292361528 0.109200023 -0.119086042 -0.528891087 -1.24163294 -2.53799224 -1.00181639 0.36028105
x -1.93736923 -0.567956626 -0.30489409 -0.0347080939 -0.0936770886 0.366811514 -1.32442653 1.41371536
x 1.164657 1.02390647 0.212281093 0.310452282 -1.90715623 -0.884481609 -1.82600474 -0.00571147632
x -0.868880212 -0.499384731 0.971596956 -0.213918239 0.614454031 -0.395818681 1.46872103 -0.464066416
x -0.615618885 -0.876975 0.539916396 0.577654064 1.39348948 -1.35353899 -0.0816209242 -0.634629965
x 0.849172294 0.582045913 -0.838478029 0.205946609 -0.428075165 -1.58080459 0.22275506 -1.19403136
x 1.19589305 0.918918788 0.0534641147 -0.0584720559 1.00829756 0.466636002 -0.985349834 -0.36521107
x 0.175077036 -0.462959498 0.219520777 -0.252289683 0.607208133 1.05960917 -0.650881767 0.628633082
x -0.91197294 0.710015953 -0.865275681 0.345807284 -0.727799058 -1.01855171 0.391064763 -0.230563849
x 1.0480305 -1.63294613 -0.617592275 -0.671450615 0.308359534 -2.15419126 -0.35395956 1.35896099
x -0.12228255 -0.141242951 0.0964851379 -0.184077486 0.468183041 -1.3392241 -0.62260592 0.188948199
x -0.302406698 -1.46291065 1.84283757 0.843566 -0.283441007 0.677210152 -0.580132365 1.31215847
x -0.767572522 -0.812250555 -1.7902813 0.727915883 0.406077743 0.639446318 -0.542708397 -1.35372603
x 1.89695358 -0.0416046716 -0.54722029 0.603723466 -0.1403822 -0.423525095 -1.25836241 1.56412232
x 0.952642262 1.05164123 -0.888885975 0.0241572652 0.186692744 -1.29896724 1.22340298 1.20262194
x 0.050537698 0.320169866 -1.2017312 -1.77956498 0.993728757 0.901811361 -0.362809896 -0.623008549
x 0.647329867 -0.494852006 -0.912106395 -1.37123263 0.81543541 -0.517781556 -0.519165993 -0.318431884
x -2.27204537 -2.65839267 0.467022598 0.204022616 1.2270745 1.89839387 0.843074381 -0.667738497
x 0.196286738 0.624259949 1.48169243 0.736818433 0.295658469 -0.118377812 0.115926318 0.703758836
x 0.0143137397 0.515418172 0.291075617 0.714040399 0.64836514 -0.248744577 -0.599230647 0.287943989
x 1.0129714 0.0276467502 1.52704084 0.792939723 1.6179074 0.997565567 -0.472873241 -1.49278545
x 0.6790151 1.45341361 -1.06340599 -1.88935328 0.933492362 -1.61521697 1.16622317 0.290385395
x -0.328250915 -0.936779439 0.539951682 -0.377046615 2.52964854 1.38335419 -0.7594679 -1.29170549
x -0.77310586 1.01392233 0.820613444 0.233304039 0.711165488 -0.341880143 0.00787202083 1.27010381
x 1.46837163 -1.72358692 -1.43674552 -1.20867157 -0.273282528 0.0353674069 1.46106684 1.61113894
x 0.645237207 0.842155159 0.988176465 -1.25477934 0.447291225 0.0929022878 1.53322685 1.53029633
x -1.2087326 0.173168033 -0.60476023 0.0137052136 0.0369659588 0.169632152 -0.990287781 0.782006502
x 0.994431317 1.899544 0.0095921699 0.503537178 -1.69771481 0.838412762 0.803906441 -1.81330335
x 0.481394619 1.09602654 -0.30548197 -0.613581777 -0.432867646 -0.0305124391 -1.68056512 1.54602253
x 1.46865952 0.79479295 -0.816912293 1.78680468 0.444167823 0.712208569 1.52293479 0.361469597
x 0.771686494 0.239484221 0.785405934 -1.24087763 -0.73227483 1.34496617 2.01002407 -0.597167432
x 0.649243653 1.05157661 -0.710265458 -0.660807073 0.262750775 -1.3291204 -1.86138809 -0.0340109095
x 1.0765363 -0.945921123 -0.244894624 -3.14622021 -1.17735207 -0.293924004 0.907284558 -1.91757858
x 0.625073254 0.651846647 1.06381321 -1.53810048 -0.140295327 1.01364625 0.185284853 0.0226172041
x 0.117719151 0.0877779126 -0.507871747 -1.73716938 -1.02854228 0.168943793 -0.762395024 -2.26023555
x 0.891515374 -0.833755672 1.58301723 0.976717591 -0.35348168 -1.0545615 -1.1511066 1.16968977
x 0.335670948 -0.384230703 2.30505586 -0.9594962 -1.83608973 0.960033119 -0.21759212 1.18781972
x -0.175933778 2.31102228 -0.292092592 0.213120639 0.858570874 0.978581846 0.518305242 -1.14701021
x 0.699129164 -0.977262318 0.709541738 -0.807304382 -0.115301803 -0.951748431 -1.1482172 1.27566552
x -0.907732129 0.252971828 -1.6081475 0.273466021 0.759147644 -0.412164003 -0.382237315 0.747334778
x -0.0110985581 0.680653989 -0.894356072 1.02074254 -0.349088252 -0.0117642535 0.083803013 -0.328673929
x -0.280047178 0.612907052 -1.62901247 0.479901016 -1.2242589 0.391152769 1.07943773 0.441210538
x -0.382677794 -0.347092956 -0.53127867 -0.216393709 -0.637737215 -0.726070523 0.55469352 -0.641732514
x -1.98970056 1.62828112 0.878558278 1.33435845 0.45744729 -0.577077091 -0.428154081 -0.472685218
x 0.140526831 0.389038146 0.456259489 0.674898505 -1.09229958 0.324429274 -0.151242658 0.697890759
x -2.57644868 1.03941071 -0.738171637 0.389489412 -1.30206943 0.913500786 1.88154113 0.226597726
x 0.710072041 -0.985645115 0.399277389 0.860789657 0.192059398 -0.13438727 -0.921093404 0.0743008628
x 0.491254628 0.91719079 -1.39885759 -0.547454834 0.228169203 0.242759824 2.04767728 0.721920907
x 1.07739544 2.44466209 -0.784778655 -0.120206989 -0.285830647 1.22591162 -0.408878773 1.48561668
x -0.449737132 -0.448230475 -0.503306627 0.575495064 1.36754 -0.498290151 1.01989818 0.287311316
x 0.383240521 1.19058049 -1.63243222 0.15978165 -1.88839781 0.938245595 -1.51485944 -0.319870919
x -1.26744342 0.860470176 1.06473029 -1.89993918 0.628150225 -1.26080894 -1.3049475 0.784570396
x -0.0385147706 0.289904207 2.0207262 -0.249096856 0.768713355 -1.72344625 -0.697443008 0.513511717
x -1.8955797 0.238199785 -0.122409642 -0.660579383 -1.06542242 0.475179434 0.445815265 1.28520346
x -0.983059883 1.88887417 1.08474767 -0.306527644 -0.62009567 -1.66688204 0.776903927 1.15195751
x -0.794810176 -0.0864836201 -1.2122153 0.219582081 -0.143848613 -0.124891199 1.26049197 -1.71733868
x 0.314132661 -1.94747639 -0.504372239 -1.62705505 0.156887725 -1.27784812 -1.07468081 2.41467333
x 1.02390158 -1.38765907 -1.75974917 -0.514916658 -0.814300418 1.76425767 -0.470265001 1.37090087
x -0.480618864 -0.266725272 0.20374456 -1.16803515 -0.343301654 0.198823228 -0.969415605 -0.750725865
x 0.132852599 0.0335721932 -0.371058077 0.0398279913 -0.936816216 -1.1797353 -1.40889013 -1.31840479
x -0.968438029 -0.845672846 -0.183321118 0.135283187 -0.43812269 1.12884545 0.228001997 0.898458481
x 1.20497477 -0.261228055 -0.497897506 -0.0275033284 -1.06147146 0.765578151 -0.360705376 -1.25449884
x -1.20372236 0.246373087 -0.226881951 0.873808384 0.742569029 1.49566817 -0.255858272 0.909722149
x -0.680833101 0.485616863 -0.82872963 1.0542798 -0.214128554 0.379760325 -0.637470901 1.17711401
x -0.272887737 -0.0648993552 -1.09370983 -0.904956043 -1.34072971 0.646663964 -0.83143419 -0.496310979
x 0.79373759 -0.993766904 -0.780056953 -0.277990788 1.46066272 0.0765451267 0.412036806 -0.390200973
x 0.913354278 -0.960996449 0.108155541 0.525101304 -0.210928962 0.872917712 0.177750453 0.737029552
x -0.411052138 0.889003515 0.279343933 0.976032197 0.748826444 -0.584331691 -0.947152555 0.862085164
x -0.4126665 1.14370716 0.0244932789 0.720529497 -0.608221948 -2.63245249 -0.0837466121 -0.876546264
x -1.2062341 -1.09747541 -0.246193245 2.06698895 -3.1062398 -0.298549771 2.22925448 -1.00918424
x 0.907009363 -1.88979948 -0.072056666 -0.575933993 0.26846844 0.539476752 2.14820504 -0.0119751841
x -0.700785637 0.312914819 -0.010361759 0.541711569 -1.07289994 -0.208379313 0.169945061 -0.733529925
x -0.210654899 0.676404119 -1.31782281 0.291030169 1.48683631 1.93316853 -0.273288459 -0.107018664
x -0.902690947 0.937403977 0.956067085 0.648349226 0.389605552 0.220317006 2.40433526 1.37371933
x 0.348710001 0.100106537 1.46060312 -0.29104197 0.984662592 0.965887368 -0.86381489 -0.217219293
x -1.84404647 1.11817384 -0.154199675 0.0254180357 0.262712985 0.224919945 0.0863619 1.0932976
x 1.65195751 -0.499780625 0.114961848 0.68911159 1.02800143 -0.0942565501 -0.60513562 0.371023566
x -1.36594927 -0.61233753 -0.135494456 0.935728729 1.50079322 0.44211784 0.969861925 -1.11241353
x -0.73511076 -0.593191922 0.113752574 -0.364003509 -1.03261769 -3.91935635 -0.0674300939 -0.789844811
x 1.25984657 0.756046891 1.32448304 -2.47914672 0.41072005 0.0621793792 -0.0552405491 0.337930441
x 0.286970437 -0.700356901 -0.490968555 -1.48581076 0.162362769 -0.487760484 -0.00603658706 0.368146837
x -2.11052704 -0.178016216 -0.533829212 -1.34889054 -0.824901938 1.31234014 -1.48740363 -1.46512485
x -0.512220323 -0.764993668 -0.650081456 0.24341777 0.511744142 -1.36169469 -2.2372036 -1.07899666
x 0.965403318 0.366246819 1.47708154 1.10260797 -0.714112699 0.831086636 -1.42956853 0.330028057
x -1.10340714 0.771251082 -0.395868093 -1.42409563 -1.28656518 0.560120583 0.370098799 -0.109733306
x 0.698612511 1.30484402 -0.553986609 -1.7937485 0.873481572 -0.605274558 -1.05192268 -0.107797846
x 1.04116011 -1.84113097 1.29283726 1.01768541 0.177663326 -0.259193182 -0.830770314 0.64606595
x -1.34824169 -2.08514285 0.515723646 1.05863571 -1.05684793 -0.434623361 0.539297998 0.887629688
x -0.503865004 0.213293716 1.13227427 -1.82101953 0.634193361 -0.617467105 -0.0271126535 0.556071699
x -0.485964358 -1.40452838 -0.30419603 0.828962266 0.138382345 -0.395720452 -1.0306989 0.366544008
x -0.202733576 0.535080314 -0.405764788 0.524139881 1.20245457 -0.920528829 0.946907878 -1.00988281
x 0.646680295 -1.60404944 -0.899500132 -1.69101179 0.380283177 -0.291680366 -1.94538331 0.0722667351
x -0.695203781 1.1481216 -0.621143579 -0.746088922 0.0635129511 -0.853626549 0.886320233 -1.99401295
x 2.38051963 -1.1281997 -0.183099627 1.39015138 0.360408455 1.98308706 0.851991832 -1.4465543
x 0.214413002 1.63257372 1.36077881 2.32943225 0.419093043 -2.04971695 -0.444646358 -0.243474454
x -1.00247848 0.741060317 -0.528476775 0.0265445374 0.70734024 0.276021242 -0.759426951 0.452005088
x 0.730327785 -0.771276891 0.461122036 -0.452390045 -1.09381151 0.448377848 0.481304646 0.0045947386
x -1.55890656 0.143498227 -2.48042893 1.14741647 1.84852099 2.4783709 -0.0713255927 -0.0797110572
x -0.519716263 0.974082947 0.437496156 0.169778526 1.20442295 0.652234614 0.362255633 -2.1019814
x 1.51877296 0.196007222 0.250616968 -1.23000646 -0.376354963 -0.689938009 -0.141070917 -1.3197397
x -1.76492572 -0.358277202 1.17155385 1.57057488 -0.300519705 1.27992904 -0.705452025 -0.555490017
x -0.279428929 -0.89357394 -0.24473156 -0.795067549 -1.73570311 -0.862853527 -0.0688514858 -0.948825121
x 0.116984837 1.55472422 -0.813575387 -0.373065561 -1.46299386 0.560581505 0.870933533 -1.14747429
x 1.79474449 -0.657179773 -1.58260572 -1.84889781 -0.73816216 -0.402423799 -0.943289995 -0.0610614233
x 1.85107052 0.308569133 0.232217461 0.133384064 -1.05286276 -1.14173925 -0.813901961 -1.25182319
x 1.47705758 0.470263183 0.305759907 0.0854100138 -2.24330711 -0.480716079 -1.47461855 -1.47718728
x 1.45118392 -0.192495421 -0.230780795 -0.314303786 1.16437221 -1.21422398 -0.150368035 0.263917118
x -0.115222439 0.182609797 -0.175462291 0.795712113 1.06538594 0.354445934 0.165695414 1.0249207
x -0.598462582 0.0795421898 2.77756238 1.1749866 1.54478419 0.292332917 0.708727241 -0.88039434
x -0.440802634 -0.298582673 -0.165691465 -1.4274168 1.66517949 0.405315161 -1.59167027 0.609472513
x 0.867363691 1.32831967 -0.208285496 0.677424729 -0.65041244 -0.123168088 0.877785742 0.112991385
x 0.0838405713 -1.16103125 0.713214576 -0.647866249 1.11040568 -0.236576006 0.55723989 0.404270917
x -0.967106223 -1.80773091 1.13418961 -1.94763219 1.13400662 -1.46240819 1.85423946 -0.35587734
x -0.783362865 0.913903952 -0.654936433 -0.915762663 -0.284961164 -0.0345354378 1.07055318 -0.700538874
x -0.0630133674 0.908190846 0.17531231 -3.59827328 -1.6427182 -1.21088254 -0.398157239 -0.601900995
x 0.828073502 0.981183231 0.17284213 -0.703743219 0.993940949 0.455197483 1.54849482 -0.890432298
x 0.243982062 -1.61902332 -0.307756662 -1.00738716 1.04109335 -1.02199864 0.197070166 0.125597686
x 0.664962828 -0.304664165 -1.22206259 0.10625416 0.91323483 0.282746077 -1.24899828 2.53922272
x 0.17292507 -1.83589756 0.990867794 -1.39116371 0.349672407 -0.921215892 2.26217341 1.46820068
x 0.610888779 -0.0615536794 -0.262157589 1.08239484 -0.685264945 1.31063151 0.642336845 0.953122139
x -0.613672614 -1.64060915 0.141791821 0.848525763 2.94464445 -0.226951301 -0.62134558 0.539187908
x 1.75123537 -0.652858794 0.933686852 0.896207273 -0.978908598 -1.24697578 1.52481854 -0.223505646
x 2.30519605 -2.76488948 0.666632593 0.611002088 -0.716961443 1.70775676 1.22399652 2.68272543
x -0.262536913 1.30814362 0.848080814 0.0824503228 0.171129942 -0.965158284 -0.321029454 -1.08526444
x -0.389540464 0.276009202 1.09474838 0.415191829 -0.0189995542 -0.642288923 0.537732959 2.0183785
x -0.995120943 -1.31254148 -1.16870105 1.60517454 -0.824040294 -0.889928639 1.82089913 -1.4771533
x 0.393859237 0.931604266 -0.00820786133 -1.00622106 0.262548 -0.638563216 -1.20081496 -1.10976887
x -0.905058205 -0.628864825 -6.42070736e-05 0.116164938 1.47227693 -0.843579948 -0.290880114 -0.559303939
x -0.778612971 -1.40039408 0.544106483 1.31037033 1.12925661 0.279103845 -0.33867088 -0.330146939
x -2.16283035 -0.305482328 1.07181072 -0.277646244 -0.592799842 -1.40028429 0.168234423 -1.05691504
x 0.840698242 -1.54411781 -0.28452915 -0.162797228 1.48741627 2.47114944 -0.712458372 -0.24013941
x 0.145355344 -0.0455351211 0.0331918448 -1.41698241 0.631151319 -0.491650462 -0.915178776 -0.800047457
x 1.2060312 -0.147758335 -1.1948632 0.208506063 -1.43407059 0.550499856 -0.188164279 0.89487654
x 2.30980611 -0.388039291 -1.60692728 0.536620915 0.285356134 -0.372943968 -1.18867934 -0.483752966
x 0.40392229 -1.71419764 0.258431077 -0.946237326 1.04831815 0.0324013606 0.831753671 1.41995835
x -0.348687977 0.365120381 1.34716964 -0.5624789 2.03906369 1.39303803 1.21839774 -0.745930433
x -1.33857989 1.96977389 -0.714237332 0.481569737 -0.224133983 0.746187985 0.617281795 0.269873053
x 0.71695435 0.409948498 -0.458416909 1.58323395 -0.115880869 -0.168637738 -0.229266673 0.393871427
x 0.745595872 0.629542053 -0.0803010389 0.219261914 1.45600283 1.64497757 -1.12943983 -1.42938948
x -0.933006406 1.08371043 -0.783167005 -1.49713242 -1.17391241 0.763365924 -0.506560802 1.01274252
x -0.425576508 -1.50652599 -0.924669623 0.151806667 -1.13674057 0.240084469 -0.14406012 -0.571799338
x 0.925686717 -0.942774653 0.829838276 1.59595358 2.45128155 1.16490364 -0.134234637 0.733622968
x -1.16165698 -0.416448116 -0.55827266 -1.04051232 0.936266601 1.10061336 -0.36165002 0.0694546178
x -1.25517154 -1.40923333 2.15526056 0.861602783 -1.44831729 0.397888631 -0.388610721 -0.0324686207
x -0.964264393 0.617192924 0.595853746 -2.09813356 0.0228050482 -0.879341304 2.40871429 1.77025497
x 0.0957501084 -1.74771953 0.269418448 0.79952383 -0.97879231 -0.246024251 -0.327926397 -0.240529805
x -0.467520624 0.656128287 0.640671194 0.327986598 0.0541900806 -0.101878889 -0.560207248 -2.25715184
x 1.02645338 -0.764247 1.14981127 1.06332386 0.341795892 -1.01259053 0.153069258 -0.307677627
x -1.216856 -1.35801256 0.802908599 0.281218469 -0.673389375 -0.909941614 0.704401672 -0.712642133
x 0.456260413 1.06612444 0.0292585641 0.202873155 0.320838451 0.578717768 0.841913283 -2.13515449
x 1.24579358 0.456020743 0.0997522324 -0.411040157 0.832811832 -1.28603029 -0.85288018 0.622634649
x -0.324676216 1.28531587 -0.730214238 0.607177913 1.09818113 -0.75057137 -0.576575577 2.12543654
x -1.21561599 1.66679227 1.50166273 1.04126751 0.536472738 -0.382959068 0.897086859 -0.157766491
x -0.269105941 1.20961165 2.43084788 1.93603134 1.51712263 0.060656216 -0.356207609 0.792580307
x -1.08079505 0.0178217795 0.548844874 -1.05697143 1.28969955 0.767259836 0.982310116 -0.289230287
x 0.0167272054 0.462114155 0.26081714 -0.174594998 0.375962943 0.456837863 0.15480563 0.295862675
x 0.517347753 1.11956942 0.298897207 -0.540650904 0.808455884 1.16695094 0.203553855 -0.417339921
x -1.30437315 0.759738803 -1.93090904 2.2354064 0.31461823 -1.45414603 0.697392642 -1.05261886
x 0.0415321849 0.440171331 1.24980652 0.949827433 -0.093687512 -0.660388947 0.224549279 -1.98785126
x -0.65111798 -0.665414691 -0.305534989 0.779286981 0.513953567 1.36509955 1.75682461 -0.0167069845
x 0.185036242 -0.491469502 -0.00613426417 0.423406482 0.680708706 -0.511288583 -0.7089715 -0.539749622
x 0.228704721 0.48769322 1.02473271 -0.345770121 0.603925765 -0.790259898 0.774095595 -0.907980382
x -1.20708764 -0.872129202 1.45880127 0.367672354 -0.116018228 -0.135912746 -0.949703038 0.0177245233
x -0.0288480967 -0.47347042 1.03079259 -0.976435483 1.07957697 1.66299868 0.0992541239 -0.538913667
x 0.387125552 -0.958783627 -0.605280221 0.920871437 -1.12301743 -0.0432647131 1.17667866 0.311166048
x -1.79413939 3.06431246 1.89251256 0.21004416 -0.424929053 0.809590459 2.48417664 1.14405942
x -0.461121321 0.0737558678 0.54198283 -2.31404233 -0.388196617 0.197486952 0.719417751 -0.387072772
x -0.421467096 0.527389765 -0.415273547 -0.318062872 0.806176305 0.652885854 -1.10248208 -0.463111848
x 0.68466717 0.017661592 0.651778281 -0.220695361 -0.805015802 0.125686675 -1.74274206 -0.715519905
x 0.279688954 0.551922262 0.385689318 1.36416805 0.745629728 1.3706696 -0.518746078 -0.883773088
x -1.16741526 0.529385507 -0.992267907 1.47454631 -0.26789391 -0.916712463 0.497288972 1.02343893
x -1.77129579 -0.0897098333 1.59277236 -0.253246337 0.0868364498 0.577563405 -0.118517563 1.0226469
x -0.0505821593 -0.225146085 -0.245049551 -0.378039986 -2.54175282 -1.28419578 -1.30917192 -0.232637376
x -0.59926331 0.753573418 -0.0488586575 0.20300965 -0.305340737 1.78189552 0.010365854 0.794973791
x 0.0907012522 0.475063384 1.26602232 2.59408975 -0.832169771 0.0972636193 -0.731649339 1.03706563
x -0.551008582 1.66393328 -0.609075725 2.45845342 0.635314167 0.00368871447 0.00545188971 -1.57193804
x -1.56405234 -0.106917888 0.704646647 -0.235041395 0.562158823 0.203696355 -1.16859281 -1.65532076
x -0.659872651 -1.99199939 1.52903378 -0.0857055187 0.648656249 0.581714392 1.14718091 1.32780087
x 1.18399942 0.642505765 0.556358874 -0.356745392 -0.594229877 0.75243789 0.907504857 -2.03848791
x 0.0987842605 0.606243432 -0.272725016 -1.22335947 1.67206776 -1.10322392 2.87840772 -0.935749531
x -0.333896279 1.31629407 0.891699195 0.334746957 0.529973447 1.94828105 -0.0554113798 0.00486475741
x 1.30184841 2.18734407 -0.0616649166 0.0346603394 -0.381112427 -0.351994544 -1.0665313 -0.754436433
x -0.777914762 1.04918253 0.811206758 0.104023509 -1.38275969 0.639786661 -0.953281105 0.40228647
x 0.680788219 -1.07726705 -0.153155655 0.780086637 1.5989573 -0.329648644 -0.767780185 -0.777372956
x -0.989269614 0.835246921 -1.02687335 -0.424463391 0.485590845 -1.07393992 -0.0656445473 -0.152617291
x 0.273516059 -0.0951937288 0.620829821 1.11070669 0.807994783 -0.340742946 0.07092195 0.256188154
x 0.689686239 -0.877003074 0.0278286375 0.56078887 2.1137619 0.611507416 -0.893150151 0.983763337
x 1.84284282 -1.4938426 -0.468530566 -1.60563755 0.219315946 0.609640956 0.646832049 0.365732729
x -0.690206647 1.73970497 0.0085462844 1.08282077 1.56769407 0.332905442 -1.37653279 0.990519464
x 0.398058355 0.853783429 -0.0713419914 -1.33266616 -0.479337662 0.517030537 -0.408171177 -0.192406103
x -1.21237743 1.50533319 0.677526355 -1.03720486 -0.0369322561 0.461231291 0.658725381 -0.898019433
x 0.313889325 0.378411919 -1.02296066 -0.556032598 -0.469908565 -0.610893667 -0.268599927 0.593756258
x -0.641127586 -1.96437418 2.03983259 0.15162614 -2.0542891 0.406134307 -0.5310449 0.145250946
x -0.272591621 -0.954623878 -0.422412902 0.403648883 0.767168403 -0.614188373 0.00537727913 0.464308232
x 1.62961268 0.541165709 -0.76289463 0.490611285 1.57962763 -1.10416794 1.57520151 -0.540774584
x -0.805472076 -0.0542985611 -0.896862328 -0.0333166644 -0.679899871 0.523868799 2.11775088 -0.164990872
x 0.613074899 -0.767287612 1.65592003 -1.10477734 0.438478529 1.04892194 -0.692710221 -1.7248528
x 0.405887723 1.08906603 -0.576522648 0.821702659 0.647899568 1.25249112 -0.624522269 -0.958079338
x 0.201076597 0.447517693 -0.582507849 -1.63133657 0.987860441 -0.240176544 -0.651250422 0.734785259
x 1.27650464 0.141716212 -0.0374527201 -0.779288292 -1.2933768 -0.730385125 0.396558881 0.595714569
x -0.205171555 1.08680332 2.02934957 -0.63352114 1.13309193 -0.601495147 -0.883136451 0.233755782
x 0.752334774 -0.844876468 -0.2046763 1.70535326 0.430133432 0.791915596 0.100192264 0.634245455
x 0.484083533 0.57086432 0.666774452 0.592070699 -1.18999124 -0.305086792 1.07162368 -0.560774565
x 0.269643813 -1.76259637 0.95421505 0.779556274 -1.01479113 0.643779457 1.11591744 -1.51384175
x 1.80583298 -1.88618708 1.14757288 -1.43963754 0.846125841 -0.35503757 -0.607025683 1.2200079
x 0.683493495 -0.836278021 1.14583266 -0.979502618 -0.114652529 0.978118598 -0.643379211 2.18508863
x -0.390970528 0.385552913 0.66111511 0.372529298 -0.312667906 -0.218877271 0.764352262 -0.452218145
x 0.814543188 -0.126687482 1.04866111 -0.369512111 -1.06374407 0.126614228 -1.00066471 -1.32146895
x -0.259299368 0.8434214 0.177984223 -0.0512509234 0.0343617871 1.10851312 1.81533504 0.474915922
x 1.60455549 0.726521611 0.295951366 0.429666549 -0.102010638 -0.0055420408 0.441173464 -1.35120332
x 0.866424441 -0.582284987 1.25776339 0.281458229 -0.0942901298 -1.36405587 -0.495904654 0.289326102
x -0.302370697 -0.995687425 -0.334381819 0.91155076 0.174712226 1.4719137 0.457206398 -1.66867733
x 0.843567848 0.233206302 1.35071349 -0.152223676 2.43221784 1.71608758 -1.74996805 0.672482967
x 0.116604872 -0.785613239 -1.31660128 -0.330280274 -0.115577683 -0.010670254 0.0503566861 -0.771323979
x -1.75631642 2.0223701 -1.4323895 0.345360935 1.33358049 -0.248404115 0.271448761 -0.314037889
x 1.67359662 -0.685605764 0.0669225603 0.623212218 1.94824493 1.27004278 -1.39007747 0.0467136875
x 1.23112023 0.922483563 -0.759322107 0.845906019 -0.872110009 -1.07362938 -1.67129183 -0.772630215
x -3.04149151 -1.60032618 2.02505302 -0.378886014 0.939094782 -1.65814447 -0.224827513 0.250750631
x -0.0264282096 0.282843232 0.150067732 -0.454053342 -0.852946162 0.207307801 -0.91647464 -1.81900263
x 0.750705361 0.195123881 0.0139143877 1.12078106 1.98664618 -0.109696373 -0.275417626 0.304990828
x -1.09500957 1.72302496 0.398211032 -0.283020526 -0.68793112 -0.825483382 0.605161488 -0.679033399
x -0.609455943 -0.960240245 0.877055943 1.50683427 -0.0650468022 -1.09635854 -1.28510642 -0.554961383
x -0.0457455032 -1.67487299 -0.948824465 2.68004489 0.0719905049 -0.252426058 -0.346955985 1.11530519
x 0.722654045 1.40654182 -0.0402719826 0.613373578 -0.485082418 -0.426972091 0.499950558 1.26982105
x -0.0203226693 0.803198636 -0.449401259 -1.21351111 -1.77674961 -1.09499311 1.88415897 1.05451107
x 2.94443202 -0.934056044 0.371213615 1.20995939 0.80051744 -0.255336493 -0.293036103 -0.709550321
x 1.63997805 2.28660345 -1.23987794 -0.567267776 0.830982804 0.386044621 1.04247284 -0.955411434
x -1.53915668 -1.82972038 1.53216803 -0.145162776 0.210738763 2.05735397 1.46915913 1.66720378
x -1.00809431 -1.67705834 -0.803132057 -0.508721113 0.130751804 -0.530408084 0.3447676 1.38796699
x -1.76197541 0.171621621 1.25350988 0.456085771 -0.219426647 1.08243632 0.364998221 -0.258398682
x 0.0742041841 -0.138752595 0.437855482 0.840016961 -0.693821132 1.09111691 -1.50864697 -1.23389053
x 1.35338449 0.0779725462 0.656639874 0.0661964864 -0.193484247 -1.55330956 0.759347379 0.47084862
x -1.32494497 -0.757826626 -0.748458266 -0.152526245 -0.678520977 -0.566791296 -2.80736017 0.399222136
x 1.40163434 -1.79422128 2.10387087 0.274142236 0.562064648 -1.43621862 -0.854174852 0.0811648965
x -1.34905505 0.412370175 0.0775691494 0.236984491 -1.0286895 0.691937685 0.283446252 0.705800295
x 0.134549066 1.750911 1.20053184 -1.66797709 -0.283036679 -2.03422046 0.062977396 0.505905032
x 1.00398266 0.538020909 -0.365922123 -1.58122027 1.24952519 1.48090136 1.0647614 -0.0421110168
x 1.11666059 -0.742966413 -1.42852151 -0.233640641 -0.612791419 -0.682439983 -0.173625439 -0.71504283
x 0.053633891 -0.678604841 -1.27867913 -0.668940008 2.13632226 -0.165207043 1.05173552 -2.13007474
x 1.11094701 1.29374373 0.714889586 -0.599202514 0.0737403855 -0.888606429 -0.196267918 -0.939444304
x -0.0259097479 0.631800711 0.728310108 0.940944791 0.0788602382 1.37373161 0.525161326 0.740104079
x -0.345038623 -0.295446873 -0.91094327 -0.120854169 -1.06532204 -0.38738963 2.47634125 1.32706022
x -0.850723207 -0.802480161 -0.590175986 0.542873144 -0.7556023 1.48732448 0.213400334 -0.206153244
x -0.82256335 -0.0571839251 -0.367632389 -0.348460019 -1.12145746 0.305895954 0.613090217 0.375870436
x -0.846929431 1.62295854 -0.267789632 -1.2588737 -1.2185688 -0.252593488 0.323602021 0.579930782
x -0.33443296 0.43120119 0.99575454 0.532577336 0.552897096 -1.6751188 -1.47399998 -1.22262692
x -0.46634984 0.288010746 -0.266333789 0.149492651 0.343563586 -0.984996438 1.60757005 2.15293193
x 1.03830421 1.01634789 -1.14123189 -0.817236304 0.846335769 1.28968012 0.694253087 1.51415825
x -0.363123626 1.56891859 -0.611688852 -1.03484285 0.834436655 -0.0135015603 -0.672662199 -1.01387632
x 0.919520497 -0.514459312 0.50609684 -0.0931734666 -0.974830329 0.304666102 -0.0149446987 -0.452352792
x 0.674861193 -0.468019575 0.803060651 0.287540793 -1.10150445 1.29737508 0.0425867587 0.509172499
x 1.69697297 -0.328849524 -1.06805885 -0.326347649 -0.666749656 -0.441534847 1.27655005 1.0475955
x 0.553916872 -2.43225145 -0.594590127 1.99397719 0.307713717 1.57092154 1.47009599 -0.807288408
x 0.473285168 1.3691777 0.953542471 1.85442162 -1.34827483 0.214623421 0.870639265 2.00728989
x -0.49174419 -0.410717815 -1.25523901 -1.15321076 0.0906583965 1.48340356 -0.903631866 2.35116267
x 0.219237715 1.65950119 -0.422814399 -0.615576446 -1.01458585 1.86108029 -0.724565029 -0.547535658
x 1.09424829 -1.11578727 0.693181872 1.68736923 0.470303655 0.403679848 -1.0709753 1.15382433
x -0.525971591 0.685690403 1.89486909 0.678886771 0.520102024 0.146927074 0.87662971 -0.425591469
x -1.58886516 0.814276278 1.05672824 0.546102107 -0.357722729 1.06699967 -1.46745479 -0.297193825
x 2.04430127 1.14681506 0.434574574 0.0868195593 0.797329605 1.61526704 1.01678765 -2.35232615
x 0.927247882 -0.273760706 1.07887971 0.487342268 0.479327172 -0.257033616 -0.950476766 0.466480523
x 1.12753129 -0.949173868 -0.425711334 1.46809983 -0.196704313 -1.04422712 -0.509003758 0.271481663
x 1.55484748 -1.34193695 2.53632307 -0.215746164 -0.215676427 -0.802338362 -0.0725797713 0.27461797
x 0.703224838 -0.478512377 -0.607439637 0.25806725 -0.240035787 -2.38504148 -1.26890516 -0.131084502
x -0.435924321 -1.75604737 1.81663918 0.923778236 0.850320041 -0.661384165 1.03273547 -0.200688481
x 0.359038085 -0.213489622 1.07878315 0.65185982 0.117358401 0.202231616 -0.280082643 -0.348142624
x 0.362184942 -0.557566524 -0.86449784 0.598337889 -0.190862417 0.14229764 -1.86871088 -0.0992633551
x 0.56217134 -2.08089185 1.81937301 1.20472717 -0.358941406 1.83099949 0.276633054 -1.02561283
x -0.331816912 0.510742247 0.567702591 -0.854750395 -1.24113083 -0.950911224 2.22242332 1.35634542
x -0.128167182 -0.18690443 -0.723780453 0.895857215 -1.34483063 1.09340703 0.563046515 -0.353351057
x -0.260170043 0.219254866 -0.0794374049 2.03537083 0.270126343 3.35860538 -1.77336001 -1.72792912
x 0.182202011 -0.240604743 0.0961979553 -0.21781531 -0.643010557 0.271206707 2.20906019 1.69011915
x 0.135483146 -0.648130119 -0.0392616689 -2.63371253 0.544246554 -0.208818063 -2.08902192 0.79625988
x -0.707862437 -0.566864491 0.989202559 0.340110362 0.416482687 0.949614823 -0.776646912 -1.02504408
x -0.167979658 1.34964418 -0.424719155 0.881240308 0.0701198503 -0.148069233 -0.37704891 -1.14662373
x -0.137770548 -1.03721881 0.0444417447 1.62220216 1.949808 0.202636391 0.412037522 1.1265614
x -1.06916404 -0.66328609 -1.02968526 -0.630396187 -1.48642981 -1.06191933 -0.589885473 0.781587958
x -1.59431171 -1.17413163 -0.954827189 0.0470455959 0.631853342 0.352764785 1.22469258 0.980253398
x -4.02315855 -0.698169768 -1.43170083 -0.983099401 -0.107985944 0.858523726 -0.737653077 -0.677912951
x 1.54836142 1.0514698 -1.69240808 -0.25781101 -0.171183735 -0.00773656834 1.58538604 -0.4656488
x -0.258985937 0.0434574969 0.00394825172 0.470419407 -1.17926836 0.23275061 0.0389584936 0.707044899
x -0.795781255 -0.476622909 -0.982888281 -0.675620079 0.26561591 0.0691438317 0.967360079 -0.876273096
x -0.564571619 -1.353917 -1.27406895 0.426713526 -0.749701142 0.00352081889 -1.39802814 1.39168549
x -1.23609221 -0.333209008 0.340543956 -0.0235887431 -0.171599403 0.155532941 0.152582437 -0.0989023745
x 1.25661743 -1.30017793 0.61648035 -0.11608807 -2.79653287 1.45702291 0.146255955 0.587295353
x -0.554938078 -0.61653614 0.794097245 -1.16149557 1.70540464 -0.111632064 -0.384101778 -0.145684183
x 1.6280036 -2.01021624 -1.16266012 1.69923759 1.0964185 -0.27558288 -1.76886833 1.35791302
x -0.00697552972 1.53818989 -0.228738055 0.237178877 -0.423255622 0.207966864 0.170887247 -2.07904553
x 0.169740081 -1.06501782 -0.00189105363 0.0484202877 0.419376642 -1.3040731 2.25289059 0.479139209
x -0.0515488833 -0.245183036 -0.512835264 0.0212666988 -0.662595809 -0.385635883 -0.241139069 1.06309354
x 0.465806812 0.536451399 0.325006157 -1.16680026 -3.27984738 0.558502436 -1.64669394 -0.224171311
x 0.677045166 -1.29038537 0.192407802 0.989016354 0.0822798237 0.0153486477 0.800153434 -0.683959246
x -0.567255616 0.623147309 0.725384712 -0.877061248 0.0194016714 -0.620909572 0.83117342 0.236128747
x 2.52603221 -1.83182406 -0.606245756 -0.222149029 -0.586444795 -0.320233047 0.893389165 -2.77131963
x -0.406170815 1.58905458 -0.534262419 -2.37378001 -0.176603958 -0.827915072 -0.534845531 0.931641877
x -0.632871151 0.268643945 0.429462671 0.890805125 -0.805661619 -0.118193783 -0.0843264982 -0.925159216
x -0.707106054 -0.749709189 -0.329478234 -0.406467676 2.30752134 -0.486807317 -1.45757151 0.107736453
x 0.361884177 -0.499319911 1.4429599 1.07293832 -2.32329559 1.39726079 -0.78903389 -0.757625699
x -1.16415393 0.180953309 0.246874675 -1.0773257 0.029012749 -0.199330181 -1.37435067 -0.205719799
x 1.37189889 1.52881634 0.523504198 -0.0206047017 0.00226041605 -0.654300988 0.447305024 -0.125684366
x 0.643822372 0.534151733 -1.42880511 -0.43783468 -0.863334954 0.232677758 0.48763901 0.644939184
x 1.09627855 -0.181316108 -0.0566355102 0.243003309 0.285971165 -0.150006607 -0.540324867 1.03848004
x -2.01590466 -1.41893208 -0.641198456 0.326821268 -0.371102363 1.80581737 0.278606921 -0.1009285
x -0.487214595 1.43377686 -0.113993272 -1.56857252 -0.224684954 0.294471055 0.176840797 0.173296124
x -0.0577983931 -1.69256413 0.343315721 0.186017379 -0.189291149 -1.11014771 1.20053256 -0.435012817
x -0.67329222 0.768582463 -0.505349934 0.0817405209 0.018199902 0.302996844 2.29190421 -0.302860856
x 1.11183691 -0.172986835 -2.00153899 0.473064601 -1.1229142 0.349472404 -0.680380344 -0.640813887
x -2.0696907 0.144150332 0.570557296 -0.127235219 1.07031608 -1.41996467 0.87125504 1.45639122
x -0.252737164 1.25235271 1.20073378 0.322087079 0.175372779 0.289398074 -0.841986358 0.320918947
x -0.358033955 0.704899848 -1.2627027 1.33179772 -2.85749364 0.210859835 -1.13518596 0.240484938
x -0.569351733 -0.364637852 0.208902553 -0.211278558 0.0388611928 0.56365943 0.697131753 0.869351029
x 0.65694499 -0.624484539 -1.13321054 0.316849053 0.0987221375 0.589684546 0.634747624 -2.60234904
x 1.20664322 0.25167647 1.04497743 -0.6260764 1.52953112 -1.2598989 0.351786941 -0.0999428257
x -1.04507291 -0.568453729 1.15428865 0.767588198 -0.659618914 -0.0696245059 1.19241285 1.22742164
x -2.09252477 -1.0246135 -1.8885231 -0.0526039824 1.44055843 -0.124965198 -0.361087739 0.375345051
x 0.0321444049 -0.5941028 -0.746152222 -0.676639855 1.40703189 -1.62909853 0.62900269 1.66447234
x -0.107851543 -0.784359753 0.739065528 -0.892203689 1.45128942 -1.25645542 0.633749485 0.548168242
x -0.182314277 -0.112096794 -0.783391595 -0.3091501 -2.10866618 -0.748298943 0.650773823 0.0691810995
x 0.831965804 1.99596536 0.339307517 0.1318703 0.857891023 1.08818877 0.546123981 -1.3299036
x -0.503165424 0.380812347 -0.403209269 0.386566907 -0.758953035 0.264360517 -0.0601958819 0.479390174
x 0.427509934 1.27188492 -0.0505092591 -0.35083583 0.949990749 -0.567917824 0.854431987 0.852971256
x 0.78418076 0.630985677 2.08176064 -0.457375258 0.247169778 1.66702938 -0.76011461 -0.790130436
x -0.529062927 0.320328891 -0.597136497 -0.739829838 0.928893924 -1.65481806 0.486859709 0.684827149
x 0.0442618951 -0.248092145 0.0404837392 1.48941422 2.02190304 -1.37813723 -0.497859269 -1.33897424
x -0.250486046 -0.139675856 0.681430936 0.364589453 0.37591663 0.992209435 1.41129506 -0.237743437
x 0.214885786 -1.69419765 1.51197851 -0.390615344 0.307949662 0.595638156 -0.500820816 0.102601022
x 0.55275631 -0.0699135736 -1.68084347 0.359208643 0.361839205 1.1212703 -0.950976789 -0.961821973
x 0.379920483 1.2152456 1.94696164 1.22090042 0.375465274 -0.68737632 0.536828399 0.0383174121
x 0.187443718 -0.19209373 0.648619711 -0.583173692 0.736598611 -0.15534173 -1.18639672 1.11588454
x -0.656269789 1.12897432 0.306382835 -0.173441261 1.64411676 -1.04423213 -0.0182420947 -2.19734526
x -0.672242761 0.0188527592 -1.80563521 0.851347148 1.51258695 0.318371445 -0.187644258 2.13851213
x -0.312229872 1.5881784 -0.583824992 1.74619937 -0.607310474 1.09422171 0.639779985 -0.752002597
x -1.16349578 -0.142446816 1.07570851 -0.889263988 0.0439614728 -0.892371655 -0.502716482 -0.0389874764
x 0.962626398 -1.43077016 -0.529654801 0.198580042 -2.30895329 0.874321103 0.179192677 -2.04005671
x 0.205298752 -1.34085166 -0.0101746693 1.25422287 -0.345221132 0.0190821327 -0.0923938677 -0.985855699
x -1.58098578 -1.72454178 0.197756588 -0.322434366 -0.624430299 -1.00527549 0.0690532923 -0.763634861
x 0.00308067282 -0.639456391 1.27242923 -0.396443307 -1.18836117 -0.0661583021 -1.21493828 -0.173285976
x -1.49550986 -0.0704240054 -0.428886414 -0.981790543 -0.43091929 1.45451462 -1.73603189 -1.07296789
x -1.36028612 0.858208299 -0.858196557 -0.823454082 1.10168743 -0.806364477 1.399279 -0.327274591
x 0.333337903 0.832340121 0.520379603 0.214978784 -2.39002609 0.181457058 -0.260920376 0.789600253
x 0.83234179 -2.09031034 -1.02183521 0.183619753 1.5993576 -0.967836797 -0.017189797 -1.43378019
x -0.12521188 -0.162669763 -0.00338337105 -0.512159884 0.448657215 -0.779442251 1.31946623 1.07354343
x 1.26712227 0.24017711 -0.567727029 -1.49525023 -0.327924252 -1.47840071 -1.16364312 2.16922307
x -0.0852126405 -0.567926407 -0.430455148 -1.03644669 0.862348378 0.251816094 -0.892009735 0.540819407
x 0.987840295 0.64161706 -0.438284546 0.188580364 0.734619915 0.692514777 -0.15462853 0.707580507
x -0.847930431 0.568358123 -0.800188243 0.500228643 2.13288331 -0.49661234 1.57515979 -1.84461629
x 0.331359625 -0.142159611 0.230713591 0.68780601 1.60339558 0.0288614295 0.323220313 0.843160152
x -1.24398482 -0.106381446 -0.326637566 -1.1547333 0.361010432 -1.54998457 0.598927379 0.211984351
x 0.106485352 -0.72911185 0.134825736 0.336226225 0.514400184 -0.924546123 0.158649147 1.54018438
x 1.54746866 -0.262010276 0.218801811 -0.0712403804 -0.427675962 -1.04943752 0.513614655 2.04052234
x 1.18609917 -0.113498196 0.353186429 -0.463914424 -3.35754108 -0.726992249 0.85696584 1.36399627
x -1.39801085 0.801552594 0.0484129488 0.0500663817 -1.07203043 -2.04965782 -2.00009489 -0.180125892
x -0.602798104 0.817023754 0.877154112 -0.468515247 0.504159868 0.203339517 1.58400571 -0.644320786
x -0.935415387 1.35116768 0.273763031 -1.11293018 -1.94885623 -0.403053284 0.204219967 0.166981772
x 1.01848137 -0.973108828 -0.530540824 0.336476237 -0.460063219 -0.660569727 0.9020769 -0.910253167
x -1.99248481 0.729689717 -0.143280759 -0.284365267 -1.07763255 -0.60849452 -0.490222067 1.26056576
x 0.97059232 1.61378133 -0.154204249 -0.0925786942 0.187856078 -1.00178874 1.02894878 -1.54202271
x -1.53268135 -0.774063766 -2.0230391 -1.02335072 1.52901161 -1.60315633 0.349164516 1.46452713
x 0.0887572467 0.173173606 0.397024781 0.364826977 -0.452172667 0.9642784 0.110129118 -0.534932315
x -0.693309605 0.273255974 -1.64327919 0.595825613 0.289238304 0.473344684 -2.23569131 0.612450719
x 1.54203451 0.467278868 0.386231631 -0.574322343 0.20663859 -1.6515913 0.362314045 1.68284369
x 0.0276179165 -0.220627442 -1.30846381 -0.304087847 -2.44752884 -0.845800221 0.85626322 -1.26663303
x -0.32417357 1.79589975 0.246138632 2.20000005 -0.374922067 -1.02469552 -0.817482889 -0.367852658
x 0.300519198 -0.282830328 0.0320390612 -0.0125622693 0.94013077 0.679933965 1.76099813 0.148007706
x 1.3307215 -1.55452454 0.335996628 0.310024023 -0.00652642315 -0.615087748 0.435571581 0.302323073
x -0.453650415 1.38303983 -0.491543323 -0.156249896 -0.911610782 0.186679721 0.646235585 0.700638533
x 0.279209346 0.46603477 -0.138344437 -0.468686163 -0.217348188 -0.519944608 -0.455657721 0.0305552892
x -0.341239989 -1.44350374 0.322250485 0.347018003 -0.229784891 0.872248769 -0.158168525 -0.673748255
x 0.394578576 1.38392854 1.22548985 1.31296897 -0.889090478 0.345210105 -1.42351997 -1.7318815
x 1.42561483 -0.804836094 0.689563394 -0.532421768 -0.61425209 -0.807627261 1.32931054 -1.38375473
x -0.0845146105 -1.02521002 -1.41166365 2.22615743 -0.409305453 0.126829967 -0.894150496 -1.24468613
x 0.795806944 -0.661353648 0.0647367463 1.00379455 -0.477966189 -0.0850350633 -0.503063381 0.220489666
x -0.29665491 0.161660776 -1.55502653 -0.521659851 -0.958814204 -0.247674003 -1.38765323 0.446398377
x -0.61099577 2.83404183 0.00655780267 -0.0292908326 0.93930006 0.360888481 0.181864291 -0.181842625
x 1.70281935 -0.86570704 -1.17308462 0.137307793 0.561635673 -0.714609385 0.0751309991 -0.603130341
x -1.45118535 0.214554206 0.72379601 0.345180839 -1.20840716 0.0157386232 -0.00151208183 -0.353631258
x -1.07662404 0.819341481 -0.630533695 0.743062139 -1.77024627 0.643006563 0.961130261 -0.351871252
x 0.166312471 -1.07553995 0.58319056 0.281122506 0.76240772 1.35566294 -0.950920284 0.711523831
x -1.08935177 -1.92490602 -1.00874197 -1.3203218 0.419636011 1.92060006 0.0911974534 0.987502337
x 0.846605361 0.465019196 0.685246468 1.74829984 -1.28078735 0.0470218994 -0.865345657 -1.00756752
x 0.744230986 -1.01445568 0.800737977 0.0487493798 0.67064029 1.31044447 1.45775068 0.473476678
x 0.698862135 0.950214922 0.515264511 -1.12658083 -0.0572033823 1.86206508 -1.06688499 -0.104033679
x -0.357340604 -0.889525354 -0.263123542 -0.47431609 -1.21377659 0.283962935 0.260778815 1.28021097
x 0.485796243 -0.69581753 -0.187144816 -2.40541983 -1.1027168 -0.600178361 -0.112532571 -1.78776765
x 1.20615613 1.46665931 2.34031749 0.547393143 0.322640717 0.954272091 1.0929507 -1.33126247
x -0.932252109 -1.05693746 -0.147276208 1.14811873 0.303318411 1.7567302 -0.632767856 -1.05085361
x -0.40702948 -0.0972162113 -1.82041013 -0.0349733308 0.528570592 1.24998343 -0.374333322 0.107960165
x -0.934201539 -0.573250711 -0.412655264 -1.52799022 -1.29223406 1.16001916 1.9686501 0.292760402
x 0.232079953 -1.48752952 -0.130560786 1.73980248 -0.399339288 -0.774291039 -0.273008883 -0.92332983
x -1.62266171 1.37955379 -1.70357215 -0.293272138 0.0998555347 0.108721919 0.781532466 -1.02922904
x -0.481841356 1.58122051 -0.710058212 1.76647246 -0.270397127 -2.09230518 0.0255555138 0.191660881
x -0.275289983 0.398750007 -0.274578661 0.0199244805 0.0858943611 0.921542406 0.720468819 -0.310453087
x 1.46371758 -1.26394725 0.970393062 1.07641971 2.0998807 -0.157212153 0.351933181 -0.664635599
x 1.55532765 -1.4880836 0.596357584 -0.0281792507 0.638346016 1.12967062 0.741148949 0.764449358
x 0.62247777 -0.735610723 -0.322780669 -1.27757335 -0.0792540312 0.217346013 0.422461122 -0.160568371
x -1.04533434 -0.418706775 -2.82712865 -0.187481105 0.454820752 1.30053091 1.10897529 0.404159755
x 1.84850764 -1.00040805 1.10908175 1.2899524 -0.572761297 -0.259680539 -0.968131661 -0.733990967
x -0.915011704 -1.60349882 0.151011854 -1.88488841 -0.329814076 0.168115541 1.42238915 0.0120320562
x -2.56652904 1.20850086 -1.19574308 -0.674779534 0.444929063 -0.369071364 -0.64703244 0.524940252
x -0.0349923074 0.300868958 -0.370401233 0.0745659471 0.0630351529 -1.79651558 0.0227557309 -0.75450176
x 2.71718311 -0.450447112 -0.0870800838 1.22082627 -0.80596453 -0.0255381763 0.986869454 0.254976958
x -0.128483653 0.226703748 -0.640798628 -0.0943166167 1.44017065 -1.57882643 0.114703782 -0.324099451
x -0.493439704 0.484527797 -0.107265882 -0.610141635 1.22942829 0.195602372 -0.654007912 -0.222374886
x -0.34349829 -0.313042343 0.849572718 -0.474246651 -0.0290102754 1.48985612 -0.499963105 2.40521026
x 1.84555805 0.261850148 0.871160567 -0.885232985 0.897576213 0.377012849 0.184896022 0.0901805833
x 0.50847888 -0.168394417 -0.144296423 0.98295629 -0.75116986 -2.23786736 1.73556995 -1.43815792
x -0.140870377 -1.38695991 0.232490286 -0.133048892 1.07958901 1.0865829 -0.0556544736 -0.505842984
x 0.0018383339 -0.413797081 -0.355684906 -0.975210726 0.481132478 0.5384835 -0.499784738 -0.236158803
x -0.891149759 -0.456832558 0.928035021 -0.681447148 0.589083672 -0.722566724 0.118857034 0.117338754
x -2.07886386 -0.983600199 -0.595635831 1.65017712 -0.57421428 -1.44725847 -1.86291003 0.853903353
x -0.313685775 0.63508594 1.25387216 0.837808073 -0.808409631 -0.362249881 1.05229712 0.3855308
x 0.776922584 -0.81106025 -1.13564146 -0.479227811 0.670726776 0.352727026 -1.1096282 -0.0924827158
x 0.514809132 0.121350437 -0.113723978 0.131615102 -0.11235255 -0.612389565 1.44258142 1.13545847
x 0.745977998 0.107989609 0.966401219 0.154596835 -0.526374698 1.29406667 0.154406145 -0.168372408
x -1.2592473 -0.290441483 -1.68557525 -1.01036298 -0.0542282239 -0.908941865 -0.831499994 -1.185305
x -0.0225922577 -0.272096962 0.478209287 1.58968091 -0.265811771 -0.307881176 -0.118617967 0.583459616
x 0.137417987 -1.76246202 -1.40456939 0.0578328967 -0.268049002 1.05496597 -0.178777888 -0.760510325
x 2.03871059 0.392809927 -0.259915113 0.103914432 -0.944943845 0.757524014 0.120284893 0.395507246
x -0.714449346 1.98810315 -2.11852479 -0.425836921 0.851991951 1.05365503 0.0539917238 -0.648370743
x 0.466424376 -0.327158749 -1.60329533 -0.0215921737 -0.430636585 -0.205416575 0.251746535 -0.461682886
x 0.683325469 0.764793754 0.175112307 0.591377854 -1.22780168 1.89270997 -0.678562403 0.0390207618
x -0.575657368 0.470940262 -0.493760765 0.0509071387 -0.227164164 -0.881136179 2.09766865 -0.866614401
x 0.571146369 1.2749989 0.548619986 -0.373553157 1.19304562 1.43493354 -0.330285579 0.0814713985
x 0.506500244 1.77458334 0.346160889 -0.197896063 -0.442057967 0.186010599 1.42323732 0.24208349
x 0.390993029 -0.847337186 0.41178149 -2.13677168 1.46100247 0.10631609 -0.14156945 0.718096197
x -1.59054935 -1.21068692 -1.06741095 -0.968381226 0.769320726 0.505706191 -0.680242836 1.18256271
x 1.46173179 -0.522497594 0.114337862 -0.222635046 0.596648216 -0.156767249 1.50552404 1.1638025
x -0.847805321 0.117203191 -0.770733416 0.165535688 1.10462046 1.80661023 -0.53813839 0.0559449121
x -1.48952317 0.454851806 0.681079984 0.75885886 0.67316407 0.44095999 -0.627209365 -0.978022993
x 0.0835330933 -0.644969821 2.13197923 0.123873442 1.23587191 0.176159397 0.673849642 -0.736987114
x 1.77183139 0.864956677 0.886316895 1.77884865 1.19677734 0.533296287 -0.312471986 -0.070055306
x -0.240515888 -0.113357209 -0.0113835344 1.6861701 -0.971570134 0.456749171 0.760615289 -0.026652094
x 0.880573153 -0.717543364 0.85004735 0.535610795 -0.221624598 -0.78886205 -1.41803539 0.290014654
x 1.68571126 0.753935456 -0.378274083 0.753305852 -0.470268995 0.221324608 1.38047278 0.0253833774
x -0.0611780696 -0.253788769 -0.514462769 -1.55463839 0.343749911 0.512046695 -0.532047868 -1.01426637
x 1.00651348 -0.191166595 0.656103849 1.1459322 1.56423068 0.481498659 -0.786384165 0.541289032
x 0.29966706 -0.894920945 0.741773427 0.937450767 -0.226220712 0.800204992 0.577133119 -0.00102775265
x 1.23086941 -2.91676092 -0.729977131 -0.212023363 -0.00695586205 -1.28429449 -0.108793095 -0.508988798
x 0.515448511 0.369176179 -1.05067456 -0.0689610541 0.557625055 0.797484815 0.103893995 0.745212734
x -0.795838952 -1.35580552 -0.00541035365 -0.344602287 0.339892298 0.0513468906 0.0499745868 -0.777147651
x -0.704017937 -2.49153543 -0.00580404978 3.49727273 -0.369068861 0.326378524 -0.880057693 -0.567886472
x 0.511422038 1.97480845 -0.183126837 0.115314402 1.64402092 0.471295714 -0.736598372 0.948877811
x 0.812238514 -1.68153131 0.168896556 -0.362500966 -0.408044159 0.0300498679 0.822661161 -0.631079078
x -0.0188592747 0.0173809584 -0.280598402 -0.911174119 0.868435502 -1.46540153 -1.01616001 -0.559995949
x 0.674051285 -0.574237883 1.30228591 -0.223025858 -0.862001359 0.922159851 0.0797144696 0.419564277
x 0.342373341 0.521755517 -1.52562773 -1.48947632 0.0855257586 1.32864356 1.29561329 -0.427649707
x -0.686730623 -0.849688351 -0.923196912 0.170718342 -0.994783163 0.800240457 -0.0815895349 0.939800024
x -0.43975392 -0.361299455 0.163519159 1.3705529 0.157743856 0.283268034 1.26429605 0.862442136
x -1.27797472 0.573672116 2.07075572 0.17891404 0.512965739 0.394248843 -2.06255674 -0.062039759
x -0.99325645 -1.13407159 2.12355089 0.687794447 -0.654579043 0.964319646 -1.66345 -1.28725123
x 0.964066803 -0.703960359 0.33476159 -0.264896542 -0.171852425 0.806241691 0.0756909177 -0.626094341
x 1.19156551 0.845879078 -0.435638309 0.641388714 1.68689823 -1.52294314 -0.103553839 -2.17226911
x 1.14767647 0.878109574 -0.976498306 -1.94112635 -0.544434011 -1.26409483 1.61117935 1.1660496
x -0.607867718 0.169902951 -1.48235333 0.262935758 -0.204270765 0.516669154 -0.260095954 0.155332655
x -1.20996571 -0.545240164 -0.632718742 1.2191807 2.25845695 -0.104525536 0.299466789 -1.04066217
x 0.0391361862 -0.243452668 -0.103897303 -2.28967643 1.06309152 0.941368282 1.21261334 -1.23358428
x -2.15055442 -0.539884746 0.508838892 -0.580669284 0.265048593 1.13783324 0.343910187 0.803023577
x 0.224825129 -0.79624939 -0.0848626047 -0.491927534 -0.489652783 0.536794066 0.9974038 0.123449825
x 0.241001189 -1.55321336 0.221098632 0.117413916 0.0402948335 0.360577464 1.16778123 -1.14308286
x -0.186182082 -0.0951232389 2.12739396 -0.123828314 -0.69135201 1.65727258 1.25147057 -1.46942878
x 0.16920349 1.53749394 -1.18574083 -0.240179092 -1.24321973 -0.216300547 -1.34384644 -1.60577679
x 0.426472813 0.0648533255 -0.713263333 -0.201111719 -1.45909905 -0.525135636 -0.720771551 0.864858091
x 1.2941767 -2.08559585 -0.493021816 -0.572865307 1.26862907 -0.233480111 -0.90448606 -1.07686472
x -1.01755095 -0.799753189 -1.06168377 0.0919653997 0.0176436491 -0.662059426 0.524949491 -0.795530677
x -0.655638754 -1.40835607 0.792832792 0.0092962794 0.791097701 1.10800922 -1.20913076 0.280082762
x -0.766801 -0.372149944 -0.576928973 1.44991803 -0.304717392 -1.28686571 0.353924036 1.62788725
x 0.0882219002 1.37342787 -1.36232007 0.838018894 2.95256448 0.195008039 -1.45129061 0.375534117
x -0.831004858 0.0922069997 0.607138216 -0.399917126 -0.121008135 -0.873321772 0.63743633 -0.0679660961
x 1.32991087 -1.77349222 0.182708174 -0.888488531 -0.0215092245 1.50080574 1.44551241 0.227782503
x -0.999854088 0.567685366 0.0275104139 -0.23247312 -0.56918782 0.814604104 -0.951172173 -0.897564769
x -0.052693069 -1.06336033 -0.170107573 -1.88693666 -0.0137731675 -0.41807723 0.29980585 1.08173728
x 1.63171995 0.77200377 1.46926105 0.443392098 -0.180380747 -0.243856132 -0.236217782 0.381561399
x 0.183682457 1.71820045 -0.828223169 0.710576415 -0.908096135 -1.47231305 -0.2137236 -0.41303426
x -0.114830874 1.2288301 0.469649225 -0.775142014 1.38566589 1.39032161 0.700246155 -2.00591373
x 1.19215667 0.0186233148 1.36298347 -0.0451284125 0.158478379 -0.236950517 -1.22751629 -0.837410748
x 0.512903035 0.0476318896 0.449277759 0.465148896 -0.913266599 2.57907057 -0.00486946991 -0.831734776
x -0.151577562 0.0581042394 0.687998652 -1.41150963 1.51323473 -1.71172965 0.453988373 -0.566762984
x 0.636175215 0.764814317 1.93272972 1.13137197 -0.981135666 -0.231220618 2.85243726 -0.169736892
x 1.52062106 0.313679904 0.904489696 -0.954490185 -1.82175398 -1.95251536 -0.708694458 1.13437128
x 0.674119234 0.687271416 -1.09190118 1.59785497 1.48809421 -0.271346241 2.03127885 -0.573470414
x -0.161066294 1.28694665 -0.340805888 -0.462321371 0.798456848 -0.922332108 -0.115123369 -1.06257498
x -0.547834992 -0.527805746 1.67669261 -0.263434112 -1.9094336 -1.74044967 -2.28524065 -0.0949407071
x -0.731838405 -0.89763242 0.786784291 0.277996778 0.835910976 0.718298733 0.800404608 -0.981401622
x -1.53937638 0.183359027 0.945677221 -0.689580202 0.386019588 -0.790774405 -0.130299717 -1.29558551
x -0.262889922 -1.60782135 0.234596848 0.526676893 -0.97448951 -0.429800212 1.16114438 1.85370231
x -0.338781059 -3.00225616 -1.03224659 -2.40222502 -1.5818013 -0.937734008 2.1993773 -1.33717895
x 0.635606945 0.838675499 -0.570125163 0.362279326 0.65137291 1.46553826 -1.17667973 -1.07744765
x -0.867151558 0.382767707 2.27532053 -0.887520492 0.661082208 -0.10101641 -1.48817742 1.3144356
x 1.75957334 -0.716206253 -0.035857413 -0.49900493 1.00425911 1.41588676 0.0163143948 0.601763368
x 0.620712698 0.92547363 0.826976597 -0.596870065 0.152438611 1.37045538 0.76579535 -0.743126452
x -0.199382707 0.184065238 0.127528369 -0.125979856 0.938575327 0.711524785 0.00140078343 -0.0265239067
x 1.42193365 0.141530395 0.165057465 -0.14699097 -0.35243842 0.1550017 -1.02246761 0.774831951
x 0.221631736 1.32620072 -0.445156544 1.7999016 -0.410999686 -0.520407498 0.184962615 1.07878661
x -0.424153 0.652424812 -0.366623819 0.433186829 -0.654665649 0.00659795711 1.13268483 -0.182589367
x -0.0493992493 -1.49850535 -1.9970026 -0.222147748 0.516429365 -0.59603709 1.44025028 0.324721664
x -0.246339157 1.00857806 -0.84214896 -0.34432888 -1.13818979 -0.303078502 -0.515987873 0.302819103
x -0.717235386 0.221140966 -1.09734368 0.955213308 -0.621620715 1.08732009 0.849210858 -0.639712274
x -0.501819134 -1.39951408 -0.948510528 1.58822405 0.295457184 0.965092838 0.454069674 2.46323395
x 1.51803648 0.285249323 1.58334363 -0.439022392 0.788749576 1.10231447 -1.16025639 -1.06264412
x 0.0407264903 1.04644263 1.42243314 -0.612776756 0.127702922 0.615493953 -0.134952456 -0.760924578
x -1.50405896 -2.34056401 0.0868850872 -0.0454891175 -0.819232404 1.21239758 -0.063050352 0.0829875097
x 0.679477215 -0.215935946 -0.266426593 -0.965209723 0.507407784 -0.78967905 0.0807791054 0.912752032
x 0.0436758772 0.564439893 0.96881038 -0.610268772 0.922047913 -0.59944272 -0.0504423939 1.1694504
x 0.0545298718 0.549599767 -0.0567080341 0.978461683 0.911329806 1.84663844 0.430785477 0.864850879
x 3.11698508 0.00400329428 -1.04714096 0.368478835 0.150755733 -0.168329135 0.320965946 1.01667261
x -0.463708878 -0.461247474 -1.07393658 1.30428469 1.9715693 -1.14585769 -2.94223309 -0.65865171
x 0.265838474 0.592930675 1.238482 -1.14439285 -0.84366262 -1.14343262 0.152764782 0.409436703
x 1.53548837 0.755413115 0.143735051 0.422248632 -0.0231099874 0.189347193 -1.86063898 0.413223147
x -0.274184734 1.00098062 1.19626999 -1.07535374 -1.81211376 -0.170205623 -0.377915412 -0.60550493
x -0.23988238 -0.505739212 1.25300682 -0.587961733 -0.278537512 -0.75779295 0.386491597 -1.13634229
x -0.435833484 0.340421468 -1.23535073 -0.466484338 -0.473585099 -0.621106386 -1.57985091 -0.493076175
x 0.712131023 1.24132109 0.887993455 0.579499006 -0.0411479324 -1.2362026 0.936143637 -1.12769997
x -0.560461104 -0.132903263 -1.02140999 -0.263308167 1.16697264 -0.651015878 -0.0973519459 -0.019092096
x 1.354316 0.490492642 -0.405765355 0.891457319 0.560237765 -0.969787002 -0.900906801 -0.966798544
x -0.95248574 1.24348843 0.135212943 -0.109030552 0.121045239 -0.0914661065 0.0587818213 0.897703826
x 1.93798351 -0.024003759 -0.457097739 -2.29507971 0.128628284 -0.93874836 1.30718672 0.678629756
x 0.215991125 -0.342222244 0.699522138 -0.552171171 0.249308065 -1.23746061 0.900502145 0.281689942
x 0.549291372 -1.77604866 -0.337745905 0.518537223 -2.61130667 0.209842116 -0.74263829 -0.457386881
x -0.236224949 0.145988569 -0.231938601 0.317153096 0.771526515 -0.981188953 -1.37934196 -0.0908555984
x -1.07455885 -0.727725148 -1.55023694 1.07478893 1.1631279 0.248401061 2.08438158 0.364289492
x -1.00433493 1.6714344 -0.0157382172 0.440081209 0.591747642 -1.32203388 0.11380516 -0.930083394
x -1.0138458 -0.489729971 -0.838726878 -1.30721998 -1.39825988 0.486166775 -0.754833758 -0.229575977
x -0.80256331 -0.299370408 0.79920584 -0.544213355 -0.420958817 -0.245510712 -0.728736699 -0.196541265
x 0.491018265 0.959737539 -0.636094928 0.319594204 -0.189214855 2.46970582 -1.37603831 1.47766399
x -0.486978143 -2.32295132 -1.67809737 -1.72739255 -1.3824544 1.53424013 1.44544792 1.25968516
x -1.44531262 -0.124294661 -0.546478748 0.831106722 -0.380933851 0.241118044 1.01787686 -0.309776962
x -1.61469936 1.56375456 -2.28999114 -0.399751782 -0.547426701 0.428186595 1.92597079 -0.241662681
x 1.73828959 0.0673994794 1.89819586 1.30871093 0.0777095407 0.468058437 -0.550881386 -1.81065536
x 1.81210744 0.134291559 1.49747419 0.304143965 1.7524755 0.912304103 0.0904818401 -0.454017252
x -0.532422006 0.346592754 0.3316634 -0.178879723 0.148656249 1.31758642 -0.389162123 -1.12568021
x -0.757115722 1.11856723 1.63061905 -1.01513886 -2.31538987 -0.324890882 0.396634638 0.137571692
x -0.236403212 0.607663691 0.593602419 1.05187225 0.562469065 -1.82282865 -0.219399571 -1.15568113
x 0.80184716 -0.313515246 -0.24728179 0.123756886 -0.0678863227 0.473165035 -0.572306335 -0.592514217
x -2.51824951 -0.870233715 -0.087396048 0.279097587 -0.805033326 0.342400968 1.41251993 1.35315585
x 0.403277963 -0.0967581943 -0.362038434 -0.53785646 0.516634703 -0.592447639 -0.640946448 0.250058323
x -1.24522924 -0.00169450953 0.193432316 -0.108480275 -1.01758718 0.00978846755 1.29301214 -0.362944633
x -1.52043927 0.0226939972 0.442440927 -1.02182746 0.647835493 -0.436089903 0.676825762 -0.438238174
x -1.17944455 -0.376471877 0.191525012 -0.167465031 -0.123789079 -0.794113934 0.557746112 0.916173697
x -0.836838424 -0.0221208408 -0.107259519 -0.894285202 0.108928882 -0.329111129 1.38784838 1.01965535
x 0.415183663 -0.605490029 1.28290701 1.53677499 -0.583073974 -0.123243392 0.633877635 0.283286273
x 0.338920116 -0.556663036 -0.136353955 0.796866953 0.882968128 -0.282772571 2.08626223 -1.77274656
x 1.25077724 -0.134794056 0.192706943 0.107044265 -1.49589646 1.19659233 1.96474981 1.82561755
x -0.517109156 0.848626196 1.12523127 -2.34606743 -0.276691765 0.371329188 0.85522151 0.561311841
x -0.0178816468 -0.206537127 -1.81942129 0.160105661 -0.421273053 3.45014334 0.0273202248 0.433413386
x 1.35436618 -0.419221282 -0.827452898 1.25660932 -0.623422682 1.01920044 0.724038124 1.4455694
x -1.05629873 1.77018297 -0.665793121 0.71631676 -1.991027 1.59650064 0.898411572 0.109113261
x -2.4671309 0.905615091 0.492975384 0.422311276 0.467618287 -0.713762522 -1.04559875 1.96445704
x 1.0498395 -0.253146738 0.115390308 0.771115184 -1.07892656 3.82260776 0.303840876 0.129964173
x -0.999991238 0.640148818 0.0355007648 -0.628098965 0.4300282 -0.207228214 -1.38824952 1.02819717
x 1.83218217 -1.36325765 -0.319152027 -0.538158953 -2.0212369 -0.34814918 0.286148667 0.321947157
x 0.11679092 1.28270662 -1.27403259 -1.19315791 2.34647989 0.460128069 -0.674834013 -0.697210312
x 1.26587832 1.41311312 -0.15465799 -0.91424036 2.19528174 -0.722704947 -0.0863036439 -0.617132246
x 0.245253146 0.952947736 -0.0164069049 0.829324543 -1.89031637 -0.917664945 0.782085896 -0.0773289949
x 0.1823778 -1.12404227 1.78741097 -0.495216489 1.79017377 -1.0450139 -1.29556429 0.767060161
x -0.382794112 -0.0655910894 1.33262229 -1.19281721 2.07977486 0.536601901 -0.112333305 -1.17389393
x -0.91480428 0.824872971 0.985018492 -0.0662465841 1.46041787 0.277557552 -0.263704628 -0.697500288
x 2.19845223 -0.541765273 -1.46442223 -1.31819296 1.21079409 1.88370383 0.520923376 -0.714369237
x -0.657435179 0.257388115 0.170992702 -3.04592824 -0.477502525 -0.500276685 -1.16586864 0.250069469
x -0.795315444 -1.23547411 1.00085175 0.755001545 -1.73423743 0.356228381 1.14524961 0.615604579
x -0.56291908 0.197783113 -0.639179826 0.230479419 -0.0630679354 -1.34762454 -0.489132702 1.07377875
x -0.534505486 -0.287604362 -0.99239707 -1.83625734 -1.102373 0.40180105 1.55889666 0.566958308
x -0.301102072 -0.312216103 -0.441314578 -0.902423143 0.5523839 -0.0431461707 -1.34690726 0.604154766
x 1.04153395 0.173368901 -1.12362361 1.10854244 -1.00816345 -0.51167959 -0.567016542 -0.916209698
x -0.91842252 -0.902513981 -1.68890405 -0.149261773 -0.025505878 1.20153654 -0.0649216399 -0.632050037
x 0.373104423 -0.185742348 -1.73408949 -0.408682913 1.09591579 -0.433175743 1.05955422 0.028075695
x -0.568047523 1.80075479 -0.626441717 -0.216233924 1.41077447 -1.28131866 -0.336677164 0.689974546
x -0.393567026 1.51367462 -1.22620308 -0.858292878 0.216644838 0.293305963 -0.139268726 -0.618699908
x -0.0154254017 -1.37717009 0.428816825 -1.05329442 -0.5904544 -1.66491854 1.59221733 -0.488052666
x 1.27778101 -0.743809044 1.00012207 2.20857143 0.824335456 1.21910632 0.164313272 -0.570839465
x -0.130312666 -1.94173741 -0.968172312 -0.263165832 -3.12369466 0.340168327 0.331043512 -1.72494328
x 0.673699081 -0.505864859 0.146643803 -0.94855541 1.20168781 0.773964524 -0.975020468 -0.0646334738
x -0.140635028 0.733454645 0.372505605 0.380761266 0.456415504 1.44165623 -0.718114376 -0.156451315
x 0.705083609 0.195991322 1.25787783 2.26562428 -1.94806027 -1.43603337 -0.093662858 0.940532446
x -1.18049288 0.0262220036 -0.50280422 0.115440458 -0.422245324 0.0809493959 0.996569574 -0.306504458
x -2.07636428 0.548058093 -1.69802368 2.28602195 -0.592314839 -0.77550137 -0.902259648 -0.253750473
x -0.895185292 0.892412484 -1.18045545 -0.414396197 1.09142578 -0.212911844 1.52375877 0.775701523
x 0.222726896 -1.90747011 -0.325207621 0.384548873 -0.384913176 -0.221852422 0.249249294 1.38771331
x -1.03875792 -0.755306363 0.722765565 -1.21982574 -0.807288051 0.145329371 0.750242233 -1.03516531
x 1.60624695 -1.29106796 -1.43830454 1.42251647 1.01847303 -0.513965011 0.0807279572 -0.922170699
x 1.31217778 -0.447268695 -0.72606343 1.04483724 0.879448712 0.599186957 -1.19043291 0.122771487
x -0.744684815 -0.508206666 -0.344050944 0.185402095 0.846605301 0.680762649 0.224708259 1.51852775
x -0.843161225 -0.168982208 -0.897469938 0.688726604 -1.32709122 -1.17642164 -3.05451155 0.186876819
x -0.799136341 0.0133718383 0.21151796 0.916289568 1.17479122 0.910625458 -0.518128633 -0.870224237
x 1.39454281 0.529456794 0.376575023 0.536563754 -0.814821005 0.522713542 -0.229293287 -2.18860102
x -0.350025028 1.23724866 1.7030828 1.01109755 -0.593651056 -0.53470099 0.0146452198 -0.199758366
x 0.983534098 -0.492074221 -0.526611686 -0.998393655 -0.0376053713 -1.15227318 -0.650825143 -1.61039746
x 0.860318303 -1.19547915 -0.170218349 -1.79803586 1.36547375 -0.905914009 -1.7620548 -0.798650503
x -0.408522189 2.12820244 -0.84265691 1.33626485 -0.0224214587 0.119395956 0.393590093 1.24518299
x 0.437335014 -1.74491668 0.025131017 -0.984190822 1.2520622 -0.747885883 0.279506177 0.125270188
x -0.738760829 -0.762119114 1.1688199 -0.886258304 1.19089091 1.27449787 -0.487520099 0.112889923
x 0.0662150905 -0.931567073 -1.59426999 0.42094177 -0.558348417 0.276085019 1.31089735 -0.744112253
x -0.43251577 -0.738571167 -0.0713843182 0.883775949 1.13455498 0.686229825 -0.813269019 0.558179855
x 1.05454099 2.67426443 1.01001871 0.403067082 0.879964352 0.285714239 0.402134925 -1.02701998
x -0.420503914 -1.2755661 -0.733024478 0.143155158 -0.950994194 0.342642933 0.286938339 -1.19094825
x 0.229759157 -0.57043165 -0.414868474 1.67557538 0.510115206 -0.39642027 -0.782000124 -1.09743345
x -1.3149966 -0.742641449 0.597128153 0.0581022277 0.0325878784 0.715427399 -1.07407475 0.22923781
x -1.20592749 -1.40837014 -1.80112767 0.684717894 -0.787148714 -0.857272089 -1.45974755 -1.37488914
x -0.578667998 -0.206734121 0.0963988304 -0.773245513 -0.228365421 0.932187378 0.857153952 0.797241807
x -1.30902696 -0.224304363 -1.09366107 -2.99653912 -1.16230834 -0.0404840074 -1.41005778 -0.478040546
x -0.149263352 -1.17432535 0.187892303 -0.570625365 -0.768533885 1.88736129 -1.3000257 1.69545543
x -0.663252652 2.07101035 0.554190636 -1.40597916 0.496641338 0.771145284 -0.539922535 -0.0206088368
x -1.58666205 -1.54107976 1.33932769 1.08465862 0.937955558 -1.17590141 1.40406477 0.431695521
x 2.1239388 1.11856878 1.82098401 -0.993787467 -1.18030548 -0.192704603 0.174115032 -1.00893521
x -0.220561624 -1.27203226 -0.232386723 -1.13045275 0.572859466 1.36024678 -0.244661778 -1.84669816
x -1.28530383 -0.747038007 -1.24722242 0.363005251 0.769456983 0.77586931 0.333097726 -1.18517208
x 0.309548974 -0.479726344 1.17636037 0.448597729 0.793024302 1.34620333 -0.177077502 1.42082
x -1.70654333 0.429673851 -0.454599828 0.282982022 0.505364001 -1.55526519 0.92923671 0.268663079
x -0.762483656 0.451185316 0.341746658 1.93851674 0.399122417 0.240402848 0.269502908 1.43290067
x -1.84069216 -0.612735689 0.512642026 -0.520157397 -1.44670022 2.02790976 -0.0469260849 0.326206297
x -0.417106181 1.00342095 -1.04128265 -0.886768758 0.470220059 1.91257524 1.84405482 0.195951641
x 0.977632165 -1.67061675 -0.291723162 0.570324421 0.961869776 -0.869937122 -0.0975508839 0.759019136
x 1.1476903 1.14106035 -0.038558308 0.313740283 -1.67892945 0.200644046 0.146000192 -0.111418806
x 0.667289853 -0.552390277 0.948071182 1.36309564 -0.930914283 -0.044245407 -0.32122457 -2.29099941
x -0.291829765 -0.121566571 1.24602735 -0.356843382 0.865398526 -0.244753152 1.40962064 -0.458853334
x -0.993780792 -1.95650709 -0.111090787 0.549702168 0.835512817 -0.775283098 1.13041353 -1.22883332
x 0.39943701 1.13894844 -1.45744014 0.0839355364 0.058662314 -1.12047172 0.168708652 -0.141856417
x 1.1150465 0.931311846 0.349082083 -0.47589618 -0.89572233 0.0854684412 -0.141185597 -0.193382114
x -1.33423078 0.243718341 -1.47503889 -0.419960946 0.860301614 1.20056975 1.02144241 0.433555871
x -0.644224942 0.309400469 -1.06677866 -0.0124404617 -1.19162881 -0.243491441 -1.10127127 -0.158327743
x 0.867686987 0.636951506 0.402381867 -1.58001554 0.688996077 -1.60862398 -0.60264039 0.369272202
x -1.43078506 -0.692378283 0.244010821 0.479437917 -0.639474511 0.322069913 0.145683095 -1.27320099
x 1.10385966 1.51166701 0.428103089 -0.137744337 -0.996251106 -0.557963431 0.734964013 0.411978006
x 0.00918346737 -0.470356703 -1.26251888 0.14467819 1.06853604 0.50180459 1.62145364 0.149325609
x -0.367244989 -0.533364654 0.419590741 0.334643692 1.64475465 1.87000883 1.23289239 -0.484605581
x -0.0536936373 0.567455471 -0.298701793 -0.0516232364 0.80855906 2.55357122 -1.23663235 2.18255639
x -0.355937481 1.22690725 -0.193719134 -2.30558372 -1.02056837 0.610498071 1.47030246 0.744688213
x 1.1190033 0.0358657986 -1.18845499 0.430743039 -0.450854868 0.854618549 0.0240880474 0.997530282
x -1.65276849 -0.0800854489 0.262065887 -0.618990064 0.457795322 0.361443728 0.0743619502 -0.96952945
x 0.375727564 1.1115526 -1.28596592 1.163311 -0.330931753 -1.1241262 1.96476674 0.0899191722
x 0.364473432 2.19674754 1.80823648 0.139588282 1.0021522 0.898425221 -0.496276349 -0.928590715
x 0.20513545 -0.452675641 0.825453162 -0.862610996 0.297373354 -2.57638192 0.077564545 -0.147743389
x 0.432459563 -1.13173151 0.868638575 -1.12195814 1.61911857 0.519330502 -1.06662977 -0.214574024
x 0.328839809 1.51980042 1.22623897 -0.447923362 0.0378616489 0.529593945 0.410669982 -0.887447
x 0.999228358 -0.583111167 -0.28014639 -0.634878397 -0.492423207 0.0766842738 -0.787886143 -0.676113784
x 0.480829328 0.514503956 0.907242477 -0.0103290761 -1.20041156 -0.47972098 0.204535052 -0.114043772
x 0.0231077094 0.224280432 -0.32697323 0.116686642 -1.79749501 1.21367538 -1.0577029 0.941096723
x 2.70294118 1.11192465 -0.665815115 0.601657152 -0.282861799 -0.742150187 0.96925801 1.72616923
x 0.252910256 1.31215274 -0.797250986 -0.0373275094 1.03895116 -0.867222488 -0.801575422 -0.8972646
x -0.228957623 -1.41979182 1.22191942 -2.09604764 -0.705033004 1.25198209 -0.808568299 1.79887772
x -0.571969807 0.417413592 -0.0139386933 1.221807 0.0224769209 -0.168990165 0.672106683 0.95209384
x -1.30432892 -0.121148124 1.97410536 0.192125574 0.883401453 0.160450846 0.979227662 -1.25274312
x -0.0242794622 0.25617677 1.28722835 -1.42243147 -1.09855866 0.939836919 0.737431228 0.0743390918
x 0.272358865 1.84449005 -0.353189975 -0.873517334 1.51232886 0.043511644 0.157348037 -0.407593578
x -0.685179293 -0.512158453 -0.716464579 0.745557666 0.35517174 -0.21908991 -1.33575988 0.902857125
x -1.052549 0.686920106 0.738913536 1.45413208 -2.18598437 -1.47357011 0.162682429 -0.26100421
x 0.894581676 -0.469548017 0.238284066 -0.628826022 -0.111431696 -3.02796078 0.383046061 0.534045279
x 1.55650318 -0.881748796 -0.336023986 0.21373722 -0.230070978 -1.50877547 1.37412894 -1.79712832
x -1.35754573 -0.55201894 -0.453209758 0.663897991 -0.225492597 0.632095516 0.137777373 -0.840943396
x 0.989296854 0.848551035 -1.69012976 0.806671679 -0.485106736 0.941827476 2.29587531 2.13916588
x 0.270856202 0.705609798 -1.18341899 0.778285384 -0.422461092 -0.282990664 -1.58500338 -2.2925539
x 0.648598909 -0.22800009 1.42179108 0.299176276 -0.165951177 -0.0542605557 2.4807117 -0.231379882
x 1.05644131 0.416925132 -0.342185676 -0.121139273 -1.1326462 2.36621165 0.10234195 -1.13446915
x 0.504642069 0.367458522 0.252936631 0.686585546 1.19291031 0.596910655 1.10193861 0.0380802006
x -2.07406116 -0.363725781 -1.28406203 -1.09315848 -0.161866933 0.076320596 0.123467878 -0.40869531
x 0.39651674 1.07030964 0.0936639905 -0.351213127 0.767991602 0.696570396 1.16663396 -1.17334914
x 0.129029378 -0.0617535524 -0.956099808 0.264767408 -0.0273032393 0.505875885 -1.22048044 0.872948349
x 1.09334981 2.38730502 0.604496658 0.485628784 0.814775348 -1.10698795 0.133823425 -0.513205588
x -1.1053884 -0.123161264 -0.980025411 -1.40833378 -0.704624116 0.399575502 -0.459404051 -0.115080319
x 0.912125766 -0.469581425 1.14163542 0.774604857 -0.90464884 1.15088701 -0.782708466 -1.25451458
x 0.559329033 1.33276999 0.167581603 2.51681399 -0.306377828 0.967209518 -1.15634871 -0.821485817
x 0.355671167 -0.794317842 -1.35190082 0.859088719 0.544282854 0.118340187 -0.271408916 2.59902191
x -0.365452498 -1.56917989 0.512901425 1.64492631 0.563346088 -0.824307561 -0.10921143 0.791746438
x -0.0647992492 1.32686055 -0.659150004 1.02956116 0.564647257 0.921387374 -0.043728929 -0.0882571265
x 0.0921087563 0.209112495 -2.68834591 0.476258904 -0.923330128 1.80382383 0.0177741908 -1.14554203
x 1.87556612 0.732020617 0.86979419 1.1069113 0.590193927 -0.587044299 -1.24543357 0.663428187
x -1.19591737 -0.0533095375 0.205674976 -0.105678156 -2.79767776 -0.71802336 -1.1960429 -0.250968039
x -0.237474158 0.309368938 -1.17761362 0.665439308 0.368547827 1.21199715 0.746205747 2.18861651
x -1.38364661 0.417696178 0.425022066 -0.722263515 -0.114658147 0.42789492 0.256475866 -0.489498228
x 0.0242880732 -0.227814913 0.458712608 1.5880717 -1.13147223 0.474710703 1.39467251 1.53618109
x -0.757986367 -0.876202941 0.551200449 0.932355702 -0.599371016 1.34304667 -1.28018034 -1.24188733
x -1.19504499 0.684074461 -0.309482753 -0.510783315 -0.507177055 -1.69324267 -2.07877135 -0.817418635
x 0.141009822 -1.54978096 -1.64521849 0.45069021 1.1145165 -0.597709 -0.965754211 0.690929413
x -0.931294978 -0.424784124 -1.27626383 0.560260713 -0.0540922917 2.02341175 -1.37737405 -0.350961596
x 0.700175822 -0.274856836 1.36655188 -0.919513941 -1.16752505 0.666368961 1.27316844 0.508467257
x -0.64564693 -0.9540748 -0.0750008523 -2.18555641 1.52197433 1.66900599 0.479243219 -1.57409251
x -0.894299567 0.794424593 -0.0597360991 1.53944409 0.203785807 -0.285981238 1.82469559 2.07569003
x 0.622229457 -0.0661898851 -0.983420789 1.81132221 -1.18053162 0.150374457 2.01028633 -0.345648646
x -0.118124373 0.697530091 -1.66732478 0.754047275 -0.831384063 -1.43670571 -0.752435684 1.81583238
x -0.773789406 -1.53748071 0.577121973 -0.114354953 0.643527925 0.488856465 -1.59652245 0.765543342
x -0.538570464 -0.064465031 -0.340142846 1.18064368 -0.75916779 -0.309715331 -0.709119797 -0.106828049
x -0.319938809 0.600845635 -0.703080833 0.856236756 -0.796444476 -2.44153214 0.616181314 -0.70046699
x 0.557398558 1.19264126 0.259623677 1.25188482 -0.687731922 1.02751017 -1.83144689 -0.404338747
x 0.701362133 0.796170592 0.347312272 0.982551932 0.840763032 0.611115038 -0.0375992022 -0.777584791
x 0.835334957 0.509999514 0.11208865 -1.08477747 1.47902465 -0.854727209 -1.72445583 1.40733969
x -0.115994148 -0.100647897 0.0962967351 -0.119514421 1.03517187 -0.111121565 0.300098628 0.0330127217
x -0.0650379583 -0.681265116 0.684163034 -1.18040419 -1.35404539 -1.17713785 -0.0197782516 0.520518601
x -0.34538871 2.05251741 0.238025427 0.347912163 0.496784538 1.19101763 0.42461279 1.29167974
x 0.818455875 1.32976639 -0.808573663 -1.86675107 1.55656314 -0.637823164 0.575700581 1.04712045
x -0.634071887 0.50015974 0.71193254 1.22523558 0.212015122 -1.54231048 1.30401349 -0.896724701
x -1.06155944 -1.1646986 0.21526359 -0.99322319 -0.929028392 0.212296426 0.447822064 0.992683649
x 0.117193028 0.919061065 0.17232731 -0.949842095 -1.42639184 -0.81974256 -0.180887893 1.46945417
x -1.27073133 -0.331831962 -0.550980389 -0.316984475 -0.186277419 0.72194308 -0.642867565 0.737342298
x 0.635545611 1.95618641 -0.231389776 1.07308102 1.23361111 1.01445341 0.208363697 -1.8867197
x -0.347374409 -0.559752762 -0.456844956 -0.762736499 -1.3407557 -0.215430707 1.79111063 -0.213992983
x 0.4375678 1.48563206 -0.442758501 0.0749566257 -0.865106821 -1.35295248 1.12020206 -1.46322489
x -1.41607022 -0.669520438 -1.41803956 -1.57298517 -1.19680893 0.681644559 1.52705753 -0.571069241
x 1.25444102 -0.506271362 0.415996909 -1.08117509 0.997414291 -0.371293694 0.385840267 0.0877541229
x -0.726287544 0.828082442 2.13727212 -0.683450937 2.541399 0.416194558 3.09889627 -0.664557815
x -0.488980144 1.28558433 0.755513668 -1.07129204 0.452053308 -0.41509527 0.734952688 -0.57824862
x -0.693261027 0.493181378 -0.704043686 -0.119884148 0.079073146 1.01543128 -0.841806412 -1.99722052
x -0.772951245 0.493647993 -0.481284559 0.409640014 -0.254696399 0.846429348 -1.49502015 0.58215034
x 1.35068035 -0.527888179 1.17962718 2.03958535 1.75396502 1.34915531 0.818350017 2.42951155
x -1.59117568 0.794545054 -0.190793186 0.522669435 0.552383244 -0.446669072 -0.0246664938 1.65542293
x -0.113174468 0.700021863 -0.390946895 -1.54999042 1.15848267 0.282098979 -0.0185935609 0.594856739
x 0.0537693277 -0.0579133108 -0.646707237 0.781898737 0.439655572 1.01977801 -1.74179232 -0.0532853492
x -0.977423549 0.587179244 0.462353915 -0.824971199 0.828687191 0.381141961 0.0264825448 -0.860300243
x -0.118225187 0.190126255 0.0728178099 -0.384021908 2.02613258 -0.82061106 -0.380044222 0.312438816
x 0.782571256 0.711223185 0.825732529 0.141555995 -2.25566316 -0.740001798 0.184855759 -0.972222805
x 0.0585507676 2.19199491 -0.304778874 -0.722764373 0.204742327 0.153140038 -0.172290131 -0.909616232
x -0.10721267 -0.158922181 1.07923007 -2.16480541 -2.01689219 1.36824071 -0.35805583 0.317483187
x -1.78742206 0.0249616373 -0.493996441 1.46458161 1.27798402 0.914473951 -0.64985925 1.1804074
x -1.05952752 -0.243498087 0.835273206 -1.08228052 0.943565667 1.23874867 0.31069532 0.878660262
x 0.968081415 1.76804614 0.335729718 0.0216237493 0.0431571826 1.24942946 -0.923308015 0.191218063
x -0.856595039 1.1452775 -0.178780943 0.161356449 0.363680184 -1.1852107 -1.09464467 0.925170779
x 2.37298179 -0.912704766 -0.894670725 1.59592819 -1.16624117 1.43381178 0.6198048 0.54239589
x 0.770496666 -1.28061557 3.17478061 1.48130882 -1.2289592 1.65254629 0.989202797 -0.587866783
x -1.08595061 -0.531594098 -0.850776136 0.699268222 -0.0399344377 -0.186741859 0.413874626 0.68510294
x 1.01247239 -0.687899828 0.617143571 -1.57054496 0.612537861 1.05211473 1.93840647 -0.542716086
x 0.489627838 0.913610697 -0.464337587 0.307240665 -0.218469873 -0.440432549 -0.11229004 -0.171391517
x -0.0621822439 -0.479232758 0.078010954 -0.39211309 0.297957867 -0.275033444 -0.710086346 -0.670838118
x 2.73068047 -0.30220598 1.32591987 -0.815597415 -0.190856829 -0.241268173 0.254760027 -0.795426786
x 0.0765727013 0.590800345 1.25492918 -0.782093763 0.133993283 -2.38993549 0.124808446 -0.341111451
x 0.728804648 -0.531965792 1.1760658 0.0175825376 -1.17264378 0.729874432 0.6368379 0.627351224
x 0.463359356 -1.37058187 -0.109495185 1.59113216 0.679210007 0.238024503 1.35990739 0.603333414
x -0.322401851 0.0921204165 -0.925602019 1.07830787 -0.127291575 0.47005263 1.68367994 -0.560740888
x 1.18966842 0.959060013 1.12271667 0.856188357 1.47502792 0.0633490533 -0.863600075 0.29463315
x 1.67533433 -1.26098037 0.899179578 -2.08138251 1.66622806 0.748559117 0.150743395 1.73990262
x 0.816039801 1.96993661 -0.294363618 -0.650836051 0.534065008 0.415446728 0.1793385 -0.696839273
x 0.524784505 -0.0941305906 -1.71757865 0.191845044 -0.0737215281 0.683620095 -1.66543055 1.37214768
x 0.294480264 0.56578809 0.341764957 -0.678217053 -0.545322359 0.814291418 -0.386233211 -1.96007407
x 0.080820471 0.222805828 0.249501199 0.779135764 0.777734876 -1.11287725 -1.09624839 -0.165663987
x 1.29062593 -2.28840423 -1.38892269 0.858525157 1.2536068 0.0917462036 2.03975272 -0.575875759
x 0.580489457 1.08801699 -0.862245083 0.423118263 0.511969447 -0.627035081 -0.040721111 -0.020598473
x -1.09786654 -0.137681767 -1.15307558 -1.45381021 -1.12916625 -0.898304403 0.117843583 -0.952437222
x -1.00270116 1.43442619 -0.492007792 1.33371747 0.10857752 0.0188200567 -0.109791458 1.76482642
x -0.481243044 -2.29162002 -0.927381158 0.780828118 0.549265027 0.683707952 -0.973261297 -0.589226246
x -1.16941822 0.352560401 0.394145608 1.47614932 0.396876156 0.483832777 -0.13471508 -2.28791022
x -0.0253161043 0.371538132 0.359360278 0.677624047 -0.526642025 1.49795949 -0.00560877472 0.236957446
x 1.34932625 0.105683409 -0.799339056 -0.447252601 -0.834613979 0.912963927 -0.850482166 -0.740655005
x -1.22242177 0.126577839 0.914665222 0.977561712 -0.432649583 1.56526983 -1.24943769 -0.0807976052
x 0.502335966 0.175409392 -0.550861061 1.01924026 0.0559047647 0.925897539 -1.08021331 0.78557092
x 1.74855447 -0.656183481 0.645024717 0.346049875 -0.867001712 0.356848031 -0.679441929 -1.48529387
x 0.512967587 0.512298167 -1.36620581 -0.339049518 -1.65043581 -0.161770329 0.0406212546 0.381189495
x 1.8098067 -1.34897399 -1.49452364 -0.894160509 -0.78442198 -0.56496197 -0.326846421 -0.593272686
x 0.832530975 -1.95370579 -0.499234051 -2.11455345 -1.26006675 1.00590611 1.00146759 0.0405553281
x 0.0770293027 -1.08796895 -0.106722057 0.254073083 -0.464804411 0.727079928 1.09310067 -0.431726187
x 0.863377869 0.15868108 -1.31472719 0.282305986 0.0937629417 2.11148739 -0.401871532 -0.773789167
x -0.207152039 -0.742178321 2.58883405 -0.849393725 1.1293 -1.27183676 -0.00786747411 1.79221749
x 2.34716129 -1.41780901 -0.156119168 0.966900349 0.279861152 -0.25798285 -0.753078461 -0.0703547224
x -0.513409674 1.4203105 -0.0255943667 0.232594937 -0.875463188 1.1422857 -0.661892116 0.834661067
x -0.755312741 -0.552966714 0.895780385 -1.4201566 -0.542137742 0.637774467 0.382325917 -0.774005771
x -0.419320345 -0.874396682 1.89042747 -0.365463197 -0.415353179 -0.369849205 -0.0860099345 1.64084494
x 0.607386708 1.25507152 0.326072633 0.475878626 0.510848463 -0.657944679 1.16261613 -0.393238664
x 0.764106452 -0.942865252 -1.37553954 -0.0265135784 -0.883166552 2.46993613 -1.477705 0.059676487
x -0.224450409 -2.16674542 -0.0917207152 -0.730082512 0.475142509 -0.998578548 1.82604134 0.234548524
x -1.07193613 -1.12879705 0.448252082 -1.55586815 0.768861771 -0.307812274 0.218458727 -1.45369649
x -0.0413030498 2.17263842 1.76619124 1.20410526 -0.263015598 0.895945251 0.338039905 -1.26073527
x -0.117024861 -2.86281943 0.483751476 0.875403404 1.51388967 0.700274169 0.79708451 -1.10740018
x 1.04730988 0.656942248 0.852820516 0.871774077 -0.601143658 -0.00349289528 0.168952659 -0.19931902
x 0.78403908 0.681349039 -0.658887625 1.03406763 -0.140918761 0.133061618 -0.150110811 -0.238924563
x -1.25501037 -0.447013289 -0.128129393 1.97462535 1.08043909 -0.336537987 0.184729844 1.01317394
x 1.75486577 1.85284507 0.669217169 -0.996826112 0.955837131 -0.846874774 1.61677134 0.122879587
x -0.613770485 -0.747304022 0.481234461 0.226123884 1.14223385 -1.42224526 0.372055888 1.15603507
x -1.17461455 -0.334285438 -0.111900724 0.671126902 -0.214921623 -0.616834879 1.28653932 -0.156000346
x 1.93393433 0.682168603 0.664004803 0.147632688 0.941301942 1.41714728 0.685353279 0.620527804
x -0.298748106 0.409411937 2.41795182 1.30915344 0.305446953 0.341605723 -0.082874544 -0.370292634
x 0.0470574312 0.018304633 0.202834725 0.461110085 0.984649956 -0.310129672 0.308235824 -0.370786011
x -0.89188844 -0.242197871 0.0135487095 0.60722357 -0.919608533 1.30707169 -0.0119614741 0.477897882
x -0.354731768 0.0901660994 -1.2192955 0.0746489763 -0.367588967 0.262881845 0.290155977 1.91319585
x 0.696048856 -0.839275599 -0.364107758 -0.463085324 2.04285383 -1.31340289 0.262383491 -1.65551734
x -2.46124482 0.451423377 -1.02641296 -1.08674014 -0.203866228 -0.231045499 -0.323658854 -0.147937432
x -1.49646473 -0.457619846 0.133659154 0.378194571 -1.51718783 0.665058613 -0.306024104 -1.81603813
x -0.759363651 0.154721394 -0.539129913 -0.882533848 -0.7784971 0.648710966 -0.260393053 -0.962165654
x 0.795379162 -0.847126365 0.62979722 -0.126741514 0.768575072 0.162057132 0.455808878 0.988947928
x 2.02890182 0.0384178758 0.0224414021 -0.365477592 1.6233027 0.420558602 0.137847111 -1.87144125
x 1.7699883 0.899589479 -0.479637772 1.00120199 -0.149951652 -0.867824793 -0.232304513 1.2318455
x -0.417559147 1.12602651 1.11157656 0.2523866 -0.605937421 0.674269855 0.43020761 1.1460712
x 0.225210711 -0.059450686 0.450902373 0.232700422 -0.7993325 0.308744639 -0.011443425 -0.841223836
x 0.246604472 0.991471291 -0.18166478 -0.308267385 0.531828701 1.13782573 -0.623714566 -0.4992024
x 0.559890151 -1.83728504 -0.156063333 -1.29522359 -0.780619562 0.672675669 -1.68404651 -1.3527869
x 0.362282455 0.928480506 -1.13518369 0.614165783 -1.02129555 0.437904 0.857288659 -0.409082741
x -0.773592651 -0.207892448 -0.473695129 0.818322539 -1.71610582 0.462554395 0.0117147733 0.626837552
x -0.366248399 -0.0903437138 0.438147694 -0.0636131763 -0.411973238 0.143791378 0.684182107 0.56459409
x -1.90883386 1.62203658 -0.162058383 -0.722396612 -0.667730629 -0.370867938 0.990519822 1.64134705
x 0.373303622 0.834768474 0.397802591 2.66702032 -0.387575418 1.24515116 -0.11570587 0.0131407017
x 1.22832453 -0.0547882542 -0.569583774 -0.40061301 -0.445457816 -0.513553143 -0.849273205 -0.666499317
x 2.70715141 -0.651229322 0.828608811 0.107419372 0.880844533 -1.68630958 -0.933809161 0.0427477658
x 0.261016846 -0.980797827 0.15131402 0.709775984 1.0517664 -0.367718339 -0.991084039 -0.957060635
x -0.470876902 1.21324337 -0.285730839 -0.723086774 -2.19105434 -2.27257705 -0.784108818 -2.66424394
x 1.19249785 -0.613073647 -0.750654757 0.91422677 -0.0842967927 1.14448428 0.452804923 0.230154157
x -0.644392014 0.480305254 -0.744701266 -0.656179309 -0.853102744 -0.721008003 0.801301777 0.342085302
x 0.577388227 -0.975154996 -2.07502174 2.48480368 1.59807873 -0.609840393 -0.752694368 -0.631062269
x 0.897342801 -0.16917406 -0.553421021 -1.36825228 -0.880088568 0.0739270449 -0.191284224 -0.509961903
x 1.61002004 -1.34940827 -0.619038045 0.760018647 0.535701394 0.927634656 -0.118794307 -0.642147124
x 0.444795728 0.193272546 0.00566358585 -0.620001554 0.426994592 0.528681815 -1.24814487 1.13072741
x -0.752268314 -0.13031958 -1.16127074 1.9237864 -1.24256313 -0.154649496 0.0648987889 -0.879211187
x 0.765428066 -1.30879176 0.0205714125 0.857774258 -1.82646 0.919906437 -0.278416604 -0.350532055
x -0.333959341 2.38746333 -0.659908831 -0.866041601 -1.37915576 1.04710817 -1.63936317 -0.794229269
x 0.171437338 0.0822106302 1.31979895 0.0186462495 0.353835762 -0.199259654 0.558199108 0.241347939
x -0.834436357 0.106143408 -1.4129709 1.1166507 0.811197758 -0.864513695 0.069508411 0.857197464
x 0.468842417 1.99798083 -1.16885841 -1.05882823 -0.341772795 -2.46750164 0.732191324 -1.23302579
x -0.943929613 0.510166049 0.0399076045 1.04494548 -0.367357582 -1.04974258 2.94614935 -1.48140764
x -0.652444065 1.68783486 -0.534679115 -1.10196245 0.116894402 -0.272814065 0.285539418 1.09429705
x -0.37880969 0.531980872 0.234795138 1.35064209 0.152345657 1.51433885 -1.1379391 -1.19999182
x -0.296850175 0.492699981 -0.426557243 1.1376816 0.814390063 0.355898857 -0.397734553 0.404583484
x -1.25748384 1.85184944 0.533414662 -0.87951982 1.81177056 0.417319655 0.0952420607 0.724484861
x -1.13161218 1.37045991 -0.885133326 -1.85694706 -0.176808327 -1.02966976 -0.519930542 -0.679851532
x -0.40235287 0.915299475 0.195689723 0.232973561 -1.7339164 -0.189531669 -0.469968736 -1.7319802
x 2.42023206 -0.076124765 -0.646604538 -0.610824406 0.776723087 0.758750916 -0.252286375 1.04184413
x -1.09670222 -0.319995224 -0.939327121 0.105341949 -0.0331021287 -0.255370975 -0.0668173209 0.608949482
x -0.604084611 -1.25633955 -0.42995128 0.662547588 -0.486266613 -0.665533185 -1.14038825 -0.496999055
x 0.905314147 0.78576827 0.0362146236 2.32679462 -0.0781933814 0.619977534 -0.613264561 -0.0557253435
x -0.825561166 0.711696386 -0.618836045 0.346308112 0.32589981 -1.11215436 1.07581198 0.482164651
x -0.080674611 0.561085165 1.47234333 -1.25432503 -1.81655097 -0.725682974 0.179897815 1.01426268
x 0.0539752245 1.18812478 -0.17759712 -1.15510142 -1.36107457 0.26541096 0.976617157 0.951958239
x -0.587512672 -1.93025088 -0.242946103 0.147371292 -0.650555313 0.14375782 0.256528795 -0.687578678
x 0.482753932 -1.13957548 0.560301602 -0.632427752 1.47170126 0.511093616 0.173386678 -1.35289156
x 0.136544123 -0.743257165 0.609521985 -0.00827491749 1.46442413 -1.12433124 -1.89997745 1.11657858
x 0.358570755 -0.422350168 2.62126803 0.667033494 -2.34531832 -0.478597671 0.739528596 0.973498881
x -1.44329679 -0.84827292 -0.452198356 -0.494110137 1.13517261 1.47755599 -1.49382806 0.354530036
x -0.828517556 1.61526883 -0.405209392 0.141231865 -0.926686227 -1.28174019 -1.01219869 0.530009985
x 0.822303653 1.73595607 0.701482296 1.47875488 0.0973994508 -1.67403305 -0.837774813 -1.1276263
x -0.224700764 -1.12854612 1.03139234 1.44916999 1.46098959 -1.21980596 0.849386692 1.00707376
x -0.418875515 2.01697421 -0.480052501 0.520175159 1.15525126 0.744553566 -0.836198449 -1.13408184
x -1.17452002 1.33070147 1.0486753 -0.41749388 -0.486450911 1.5054456 -1.29815626 -1.07590425
x -1.13747966 1.06704521 -0.191561446 -1.41710877 -0.0983903036 -0.642771423 -1.29317868 -0.460380942
x 0.619144201 -2.50133419 -0.957540929 2.32506728 0.212160259 0.924342334 0.315894455 -1.5217762
x 0.185495168 0.0135936923 -1.79915237 -0.231822997 0.164099708 0.612572908 0.0590357147 -0.634650409
x 0.845802188 0.949543178 -0.180718586 0.758059978 1.40549159 -0.78291446 0.642855108 -1.4714433
x -0.135787249 -1.75712752 1.51828563 -1.35101652 -1.18553889 0.444723278 0.427847236 0.532285869
x -1.97929144 0.52565676 0.641737461 0.237849027 -0.594717026 -1.50964892 -0.280867934 1.03598201
x 1.14186776 0.633866906 0.177534953 0.345196813 1.27057874 -1.71364474 -0.0669942871 0.291118681
x 1.10674191 -0.392439425 -0.970460296 0.0453057326 0.132296011 -0.0517973304 -0.479347795 -0.928528845
x 0.395001501 1.25028753 -0.0610775426 -1.89246643 -0.68715781 0.207860723 -0.638005853 1.16692257
x 0.425317049 0.516143858 -0.0367858857 0.0347061716 0.0569429621 0.949869037 1.40748382 0.491453469
x -2.7112937 -0.549524486 0.244346753 0.858189404 0.172135398 -0.59875381 -1.35157275 0.716246665
x -2.48007274 0.570214748 1.9773351 -0.988471925 -0.831073761 0.614011168 0.242828012 0.861140013
x -0.782905221 -0.244515687 -0.0410455279 -1.25437903 1.34465361 -0.037493974 -1.54996717 -0.67261982
x -1.41409218 -0.165891781 -0.542520583 -0.83352983 0.335320413 0.321565688 0.116405293 -0.486503035
x 0.733985603 -1.24679172 -0.963318408 -0.408241183 1.81003702 1.71294713 -0.482120633 1.01052547
x -0.603788137 0.175310507 0.41555357 -0.0890407264 0.0175836887 1.87217748 1.61523676 1.09941709
x 0.911757708 -1.45506191 0.299213678 0.528480411 0.642448485 -0.490721494 1.7484839 0.913407683
x -0.0824991316 0.406641722 0.0363346972 0.580342054 -1.72373712 0.200753167 0.609900177 0.613819957
x 0.80077678 0.25061965 1.50129998 0.180271745 0.600498557 -0.805403829 -0.2860502 -0.750421047
x 0.638670623 -0.686024189 -0.534060419 -2.37940359 -0.619150698 0.13062723 -0.372615635 -1.04032862
x 0.845382154 -0.236714154 0.0525770746 -0.607947469 0.384655952 -0.105401181 0.644204378 -1.39814222
x 0.221335039 1.82201564 -0.385489017 0.904575467 1.59878123 0.788886487 -1.06646538 0.828603923
x -0.929039121 -1.08676434 0.756029546 0.150349826 0.339968354 -1.1389761 -0.33107233 -0.478097528
x 1.48735785 -0.743935227 -0.477267712 -0.509704173 -0.0167834572 -0.280409396 -0.370736569 1.27519655
x -0.780631304 0.215994939 -0.834301233 1.14473844 -0.6309461 0.510203123 1.52133787 -0.973575592
x 1.97079647 0.0247853771 -0.929258943 -0.246607453 0.53929615 -0.166018054 1.92309856 -0.293193519
x 0.0214318819 0.814682245 0.519430339 -0.435091853 0.980501115 1.69128776 0.0254452601 -0.421720564
x 0.576603353 0.277559996 -1.38355553 1.71003973 -1.43971896 -0.477950215 -2.01826048 0.392752945
x 0.130354241 0.120875537 -0.978635907 0.285630405 -0.528043032 0.314394623 -0.546126366 0.00301277498
x -0.481092691 1.5383389 -0.174028099 -0.843419552 -0.389544457 0.924536884 0.590309262 1.08244753
x 0.434325039 0.735900164 0.328597039 0.467596471 -0.815861166 0.398984969 -0.50003922 -0.00192489324
x -0.0921730027 -0.455677509 0.989311695 -0.563151181 -0.819291294 0.905350745 -0.284343213 -0.0139438668
x -0.952266753 0.594287455 -0.0593354627 0.20102118 -0.257471293 -0.122035719 -0.77075541 0.574248075
x -0.288111269 0.988242269 1.01189029 -0.231918931 1.33745909 -1.61085141 -0.177909598 -0.704962313
x 1.15360987 -0.21801056 0.0474293567 1.30028772 0.160447806 -0.986669779 -0.219421327 -0.214770257
x -0.325154394 -0.929308176 -0.355655193 -0.260336637 0.0812133327 -1.52518713 -0.0475924239 1.62713552
x -2.25544786 -1.30500448 1.83716023 0.653906167 0.39507249 0.0761990771 -2.60441566 -0.396499485
x -0.530452311 1.21234226 -1.6405642 1.26269686 1.03331101 1.17825806 -2.235672 1.0125016
x 0.878168285 0.538719237 -2.59752154 0.245944068 -0.62019676 -1.28469622 -0.0664912611 0.793038964
x -0.33221069 -0.514777064 -0.276532531 -0.773925364 -1.41302073 -0.134981453 -1.67566919 0.977374077
x -0.543310702 -0.526469469 -0.00622881716 2.28669 0.542474747 -1.04103756 -0.632176757 -1.08877695
x 0.837829173 -0.0962775126 -0.264420301 0.686346173 -0.167970583 0.673312724 1.20587826 1.28428519
x 0.0310725365 -0.0720318779 0.366797924 -0.909658492 2.236269 -1.2224158 0.134537131 -0.0141979773
x -0.424732059 -0.124031343 -0.795913994 1.03108203 0.620113134 0.290596336 0.398330152 -0.66022402
x -1.01832592 -0.432323664 -0.204313233 -0.330168068 0.309276044 -0.470358312 -0.0804734826 0.705531538
x 1.22575271 0.6233114 0.356802583 1.20925272 -2.31038308 0.267762274 0.241787806 -0.363256961
x -0.562911451 1.01393688 -1.1263423 -2.70385051 -0.433017522 -0.0671956316 -2.73527956 -0.397300124
x -0.769084275 -0.0528620109 1.46309149 0.745306969 -1.45367146 -2.8768301 -1.62479198 -1.0884248
x 0.019649623 0.193685248 -0.192820758 -1.41415536 0.0196624789 1.46070313 -0.599185109 1.16539991
x -0.4597525 -1.05528724 -0.141231716 1.50678766 0.932360709 -0.430177182 0.4562352 -0.158468187
x -0.42017886 1.1462841 -1.81916642 -0.20035252 0.0689498112 0.429345697 -0.552009821 0.762591839
x 0.16143924 -1.93206239 -1.03674197 -1.59060335 0.735984981 -0.506740272 -0.72533077 -0.551943779
x -0.871355295 -0.889219105 0.0695073605 -1.37659681 0.0588634685 0.158016443 1.65779746 -0.772971809
x 1.87644792 2.79631114 0.678254068 -0.582180202 -0.337947726 -0.131876618 0.352138072 -0.933811903
x -0.0040457095 -0.577461898 -1.24171209 -0.710241079 0.916184425 0.819987059 0.328847647 -1.34914064
x -1.77438986 0.474963009 1.64456177 -0.296058178 0.756378412 0.344065875 -0.988375247 -0.26842773
x -1.16391909 -0.239870131 0.727139533 -0.393983215 0.399464339 0.813475013 -0.900943995 0.678487778
x -1.07884312 3.13713956 0.634473026 0.068227917 0.366584152 -1.54056621 2.32425952 -1.29694891
x -0.301205218 0.746992171 -1.96600604 0.583486557 -0.161886618 0.622688711 0.222056568 1.67238319
x 1.56860292 0.255196869 -0.0856123567 0.671890497 0.534018815 -0.196547419 -0.0849099234 -1.93031514
x 0.558793843 -0.10019093 -1.60582459 -0.904221177 -1.91887581 -1.67679918 0.276760399 -0.80011481
x 0.0622461177 -0.661784291 -0.416313529 0.324683368 -0.803583503 0.951674044 -0.550412059 1.0322156
x -0.00769147929 -1.11971438 -0.882367909 1.10236573 0.656670749 -2.67255092 -1.98518217 -0.259731114
x 0.687302709 -1.87022769 -1.95550215 -0.422067583 -1.14732432 -0.539285362 0.118068062 0.0080608204
x 0.0799487159 -0.40729183 -1.55726588 1.76163697 0.0871030837 -1.73280597 -0.370658219 0.997767687
x 0.596005321 -0.612490773 -0.551266849 -0.445440143 -0.329857886 0.513775289 1.02648604 0.0419304222
x -2.13486123 1.49056149 0.209993169 0.550234139 -0.23285611 -1.18512356 -0.167778999 0.74083519
x -0.600053251 1.56733096 -1.6976217 -0.261134207 0.530712306 -1.23656368 -1.64904094 -1.30416989
x 0.628294706 -0.389763683 -0.0642793998 2.75095224 0.197313726 0.805728137 -0.625953615 -0.647061586
x 0.936450422 2.10483694 -0.504859388 -1.73667693 1.05407786 0.7387743 0.371446401 -1.45157814
x 0.360484958 -0.663107395 2.59954619 -0.646358252 1.25455475 0.498585045 -0.872419119 -0.882584989
x 1.5240202 -1.44420016 -0.482022554 -0.624017119 0.719377577 0.487722784 -2.52987146 0.850962639
x 0.153068036 -2.80793929 -1.7200489 1.09290719 1.3960824 1.54600275 0.194868937 1.64269924
x -0.631263673 0.134218648 -1.54969561 -0.890000582 0.448082626 1.55213428 0.577735901 0.216811568
x -0.916024804 -0.255830616 -0.507742345 1.48697793 -1.53403735 -0.502671063 0.307445586 0.121664077
x -0.594584465 -0.140705958 -0.550183415 -0.847002804 -0.137910649 -1.74783504 0.304782152 0.660468876
x -1.1109854 -0.691647053 -1.00601602 -0.652422786 -1.80931151 -0.0017611013 -0.262127578 -0.150069252
x -0.557807326 -1.36683226 -0.143951833 0.308977991 -0.683740675 0.520608902 -1.19055974 0.971722722
x 0.792179942 -2.52016926 -0.32550922 0.929735005 -1.3623246 0.219851017 0.489106327 0.0213323031
x 0.430452257 -0.257041991 0.241820827 -0.169695094 -0.349926144 0.212318659 -0.452146471 -1.08751106
x 0.716671288 0.823342264 0.808722854 0.0321977921 0.405947834 0.841175199 -0.563509345 0.860720217
x 0.859775662 1.6242677 0.412664682 0.025252169 -1.53704643 -1.49622679 0.223045006 -0.971007109
x -1.66508913 -1.307392 1.00509095 -1.03301644 -0.273200482 0.7888304 0.315728426 0.476620346
x -0.602528811 0.558986545 -0.961782396 1.16644335 0.11863789 -0.75286901 1.65488398 -0.417648792
x 0.393936306 -0.843155563 -0.564815462 -0.807421327 -0.109174035 -0.340467811 0.435838282 -0.305843383
x -0.84858495 -0.803617716 1.09929323 -1.81568062 1.16891241 -1.31866097 1.09116793 -2.14372325
x 0.488407195 0.0209978241 0.628105998 0.139993101 0.769253612 -0.915391445 1.40784109 -1.45164835
x 2.51061201 -0.763616204 0.00241434644 -0.898652196 -0.116077468 -1.31834686 0.407407969 0.15540731
x 0.323594719 1.12646544 0.137012646 0.576463342 0.250488192 -0.730331123 1.53068328 1.31799507
x 0.938302696 -1.34769988 0.0314441025 -0.654843926 0.083848007 -0.332064807 -0.394860744 0.226910442
x 0.34131217 0.574444592 1.21897256 2.78266883 -0.170679078 1.63975167 -0.577364326 -1.17111993
x -0.0269077942 0.70811826 -0.628035784 -1.0561409 0.578014255 0.220831171 -1.18874633 0.36298424
x 0.570411503 0.205916196 0.350664079 0.349284112 0.357429177 0.82431227 0.68916297 1.25290799
x -0.491461277 -0.300139934 -1.20953929 -0.552066207 -0.399741858 -1.07051742 0.555650771 -0.533430517
x 1.68120968 0.409635961 -0.0842333362 0.175789535 -0.50484401 1.40517151 1.50986326 0.945926189
x 0.547555387 -0.487212777 -1.31398022 -0.469438672 2.14261627 -0.792187452 -0.248425618 0.383352399
x 1.34397078 0.76015681 0.0558229275 1.68455672 0.415400475 -0.779348254 -1.36259139 -0.986367404
x 0.705782771 2.10227942 1.18330002 -0.326499164 0.40435189 -2.62255645 -1.04888844 1.56266117
x 1.52250147 -0.685488045 0.426805794 2.53898644 0.3108446 0.281844974 0.962861419 -0.833260477
x -1.99721897 -1.86015677 0.159803599 -1.18930924 -1.02860057 1.05437756 -0.34005478 -0.576016307
x 0.757546365 1.10328805 -1.46338582 1.64554417 -0.569401085 0.199384555 0.248015985 0.041294232
x 0.430945039 -0.882413685 -1.07652223 -0.176668271 -0.411943078 -0.672244906 0.524865508 -0.189114422
x 0.68985033 0.693206549 0.907964408 0.295989126 -0.19981496 -1.26058245 0.749229014 0.244763762
x -0.336879194 -1.56725645 -0.333873421 -0.00658001797 -0.491537601 0.399740636 -0.786481261 -0.318066239
x -0.43089664 0.80736804 0.60712415 -1.3994503 -1.18706644 0.0941369981 0.000340641651 -0.444487572
x -0.0286399331 1.68365979 -2.23305678 -0.682501018 -0.496487141 -0.279104233 -0.950387836 -0.801555693
x 0.33792159 -0.3945207 -0.164495766 0.558666885 0.205097899 0.913625479 -0.0333401673 -2.21285748
x 1.11861777 -1.59797287 -1.82201517 0.951961398 -0.602936447 0.249261752 0.860466421 1.02468038
x -1.29794073 1.51134634 0.391323179 -1.52058375 -0.272687823 -1.87651527 -0.353136837 0.487565577
x 0.198557273 -1.05788171 -0.896290898 0.633701205 0.339398116 -0.648118675 0.547359705 -0.271504194
x -0.433382809 0.465348959 -0.418084145 0.772619545 0.321609437 1.19462705 -1.12219477 -1.39254689
x 0.140826732 -1.86011851 1.23542738 0.0586607754 -0.694702208 0.749074519 -1.28818202 0.589539587
x 1.09685409 0.313508242 0.103665128 0.743576825 -0.359167069 -0.383592039 1.09244227 0.965251863
x 0.376140535 -0.0618742779 0.611174166 0.57790792 -2.08792758 -0.620912969 0.839031816 -1.1065321
x -0.396229029 1.23740697 -0.438432097 2.08010364 -0.590415716 1.54081321 -1.13870358 -0.286026627
x -0.047327783 -0.142673537 -0.0750072226 -0.266183615 -0.723903358 -0.654478729 -0.709801912 0.00525333919
x -0.481092662 -1.08146012 0.279522657 1.46602809 0.577603281 -1.20454299 -1.005777 -0.0958430693
x 0.344394982 1.09383857 1.01309586 -1.19122982 -0.966879368 0.813999534 0.0148882866 -0.222794443
x -0.365994602 -0.165423036 -0.739937425 -0.525982201 1.60634983 0.907601178 -1.26861143 0.220804721
x -0.363985181 0.509884775 -1.22498703 0.998365641 0.404069573 -0.673062503 -0.0048882179 0.461136103
x -1.15249944 0.865103424 -0.362472624 -0.529962063 -1.35658598 1.36184537 -0.267805278 -0.366654992
x 0.322519302 0.120536499 1.00931609 -1.38635159 0.268947691 0.329808682 1.10453689 -0.419173926
x 0.0698777363 -1.06798089 -0.0386196189 0.683574259 0.773333132 0.677912593 2.01334667 -0.159592599
x 1.35332608 0.229141563 -0.435029805 1.63867438 0.760344207 0.941722751 -0.77029556 -1.12847793
x -0.983927011 -1.0256983 -0.631725967 0.340277791 1.87163007 1.6121757 1.20896232 -0.0859208405
x -0.0536266342 0.287420571 1.23549724 -2.03943563 0.293009043 0.400262833 0.488490969 -0.496471584
x -1.30956709 0.236489624 1.38132024 -1.21238732 -0.366284341 -1.02498579 1.56982887 -0.806810856
x 0.530429721 -1.98742878 -0.190091848 1.52911913 1.2717725 -1.19666028 1.77480996 -0.324915946
x -0.319346607 0.344971567 -2.11791801 0.0416198596 0.242747501 0.829474151 -0.693738103 -0.494607657
x -1.45534956 0.0625467896 1.02256739 1.36903441 0.703594983 0.793389738 0.387515247 0.270599008
x 0.741508126 -0.906213999 2.30264139 -0.996568441 2.20705795 1.05068552 1.35044146 0.317514449
x 0.650376856 -0.380311012 -0.634763062 -0.866069317 1.34591937 1.0093919 -0.231686205 -0.176747471
x 0.769383907 -0.545099676 -0.812112153 0.0314188078 1.47446549 0.43142578 1.4555397 -0.444474459
x 0.972200751 0.126450717 0.212960005 -0.371212274 2.14489412 -1.48211968 0.0417604893 -1.44011867
x -0.455232441 1.02049482 -0.435649633 0.157546416 -1.43273282 0.925597608 0.529911876 1.28594875
x -0.68534404 1.08547843 0.394682318 -0.588493824 -0.340783268 1.48567212 0.806313455 -0.488361239
x -1.64881968 0.256799966 0.990246892 -0.941664159 2.11605716 2.79326892 0.563479424 -0.958851993
x -0.355434746 -1.55712736 -0.234774232 -0.166653991 -1.28713024 -2.16625237 -0.556067407 -0.612775743
x 0.844821513 -0.365144134 0.522475302 -1.66072869 0.142535001 0.69887656 0.0914061442 0.0608750395
x -0.57570833 0.481954038 0.303204209 -1.26240206 -0.458675563 -0.150690243 0.0230445303 -0.352464706
x -0.152532652 -0.124079324 -0.436677516 0.230502293 -1.89140236 -1.07252574 0.289052129 -0.89227587
x -1.36289966 0.213610768 0.357408911 -0.0159688368 -0.987167716 -2.18199015 -0.23203522 0.769044161
x 0.16124922 0.15547502 1.73059928 -0.803418458 -0.332966387 -0.0924074054 -0.175867677 -1.37508082
x -1.97853661 1.65948296 -0.285124958 -1.32193196 -0.121462375 1.08834851 -0.0599127337 -0.314140528
x 0.401659042 -2.42453909 -0.0980751365 -1.16886759 -0.260588974 -1.11999822 -0.0917508155 -1.2294575
x 1.13220739 -0.904329717 1.23697364 0.500206828 -2.00845838 -0.984174132 1.81325138 0.286081463
x -0.740215123 0.292425007 -0.727586687 -1.63505018 -0.181877106 2.32132745 -0.607423961 -0.614593446
x -1.7032541 -0.519301772 0.550208628 -0.234108031 -0.504999578 0.703279495 -0.610774279 1.21505034
x -0.345317185 -0.419418573 -0.44793874 -0.298228294 -0.812110305 -1.91099977 -1.79472935 2.14783359
x -0.0233802833 0.706903458 -0.666690767 -0.406759411 1.91098952 0.276533484 1.01198936 0.0786379203
x 1.13865983 1.17372847 0.479680181 -1.49524033 1.09980559 -0.794930518 -1.03991616 0.316707879
x 1.9709779 -0.9378708 -2.14708352 0.866280854 -0.0627410784 -0.721452117 -1.95519996 -0.426544428
x 1.60931516 1.36028957 1.83019626 -0.289976031 -1.02728534 1.17225099 -0.22116527 -0.949009597
x 2.25562763 -0.02360842 -1.22728872 1.22319674 -0.445285916 0.686407268 -0.16926606 0.0740730762
x -0.352167517 1.33152425 0.476432592 -0.0766479298 1.72062492 1.61951435 -1.1374222 -1.34407508
x 0.265170544 -0.418392509 -0.562761784 -0.940531909 1.55631709 1.52909184 0.23856695 -0.312851131
x 0.265731573 -0.00115232577 0.157489702 -1.52780306 -1.02752674 -0.395016074 -0.0878059417 1.20828497
x -0.0897549242 -0.172766134 1.10317564 0.243012711 0.0195369273 -1.01000392 1.23903739 -1.17624271
x -0.181288496 -0.288899451 -1.77729607 -0.0279560927 -0.713329196 0.528477132 -0.272624612 0.610583127
x 0.618190169 -0.500792265 0.317415148 -0.877155721 0.344847143 0.522290528 0.858224034 0.955260754
x 1.28696465 -0.282090664 1.07208586 -0.644918799 -0.733351052 0.510049284 -0.136095151 0.710021734
x 1.0617485 0.289849073 -1.57148635 -1.3748945 -1.4637661 0.159160197 0.613906443 1.49487996
x -0.473825932 -0.70971185 0.854630888 0.840251267 -1.31182647 0.201459125 0.0568397045 -1.24912262
x 0.471185416 0.0256824363 -0.915354013 0.0276555568 -0.628283083 1.89550173 -0.100763515 -2.6129663
x 1.45812917 -0.903397739 -0.00361205963 0.272740185 0.166776314 2.02056694 -0.100952692 -0.962697923
x 0.0713497251 -0.190862179 0.941444576 -0.252570182 -0.814080894 0.12227983 -2.46424627 2.62052536
x 0.0349239446 -0.642244577 -0.382373095 0.505472004 -0.701927304 1.14781988 0.21542801 1.20956457
x -0.193496957 2.25425005 -0.215072647 -1.09865093 -0.0625824332 -0.704874456 -0.450737298 0.43901211
x 0.440232903 -1.18555713 -0.477414161 0.904984832 -0.893238306 -0.136142477 0.547955453 0.724094391
x 1.24759495 0.817304492 -0.295043051 -1.03235781 -0.474862427 1.30277491 -0.490613788 0.0984697938
x 0.833585083 0.169774756 0.425123602 0.0776019543 -0.36115557 -0.926014483 -1.15808904 -0.11427746
x -0.686383963 -1.74461508 1.0147301 -0.549530804 0.196824774 -1.45115924 -0.0176524483 0.793897331
x -1.35899282 -1.25451529 -0.417937666 1.38985443 0.500087082 -0.847493291 -1.03986299 -0.227704659
x -0.514660358 -0.420201927 -0.566383839 -0.179206893 -0.584735036 0.167191997 -0.204636484 -0.174710944
x 1.18425918 0.0726284385 0.502662301 -0.445138663 -1.08222115 -2.43309498 -0.516262174 -0.0907739475
x 0.505474329 0.14888075 -0.731125891 -0.507745922 0.512136877 0.568448424 -1.77956641 -2.59286451
x -0.16705586 0.987745047 1.26671624 -0.238254502 0.284535497 -1.90713811 2.76684213 -0.0305955652
x -0.280504704 0.45468533 1.61230791 0.161841646 -0.595918775 0.883708775 -1.41539502 1.78891921
x -1.20333397 1.59921229 1.59630203 0.850143611 -0.42956239 -0.358521283 -1.38443327 -0.0896475315
x 0.512758076 -0.310880363 0.182354301 0.142622709 -0.782344997 -3.50175261 1.2963531 -0.218804464
x -0.889563799 0.018011434 0.257180989 0.404877156 0.983214021 1.46437073 0.0870512873 -0.627074599
x -0.951988518 -2.03613186 -0.00808477774 -0.0267885718 -0.828761995 0.906927526 1.19765425 0.933330417
x 0.640060246 0.773777127 0.0430927351 0.690215468 -0.546785951 0.181419343 0.302151501 -0.966514051
x -0.426249504 -1.04641116 0.167124152 -0.409353495 -0.543163061 -0.508857906 1.13358736 0.788575888
x -0.567179441 -0.298167735 0.778766513 1.11433291 -1.04644465 -1.03579688 -1.49571836 1.21511281
x 0.612689495 -0.78790158 0.046147421 -1.4797864 1.52994013 0.481853157 -0.582572877 0.998845279
x -2.11339021 0.10573376 0.285366446 -1.35475993 0.618705153 0.25102827 -1.07317865 0.0238009132
x 1.10929918 -0.415309906 0.0467397906 -1.17789817 -0.770895839 -2.1678791 -0.373576939 0.90375936
x -0.436751932 0.0434093662 0.314353257 -0.0416577868 -1.49042511 0.769872308 -0.568264484 -0.0306950267
x 0.223618358 1.40628803 -1.09187806 -1.07141256 -0.859768569 -1.20351303 -1.85846639 1.40565944
x 0.617225945 -0.208502412 0.260007709 1.03269637 2.44334698 -0.567152083 -0.561592281 0.243148312
x -0.298771083 -0.883288324 0.0427571647 -0.926915944 0.14401792 -0.165134758 0.767277658 0.483473837
x 1.95269454 0.907021046 -0.922223985 0.129383951 0.21432887 0.278224081 -0.492799819 -0.949962199
x 0.962756693 -1.49098849 -1.01760268 0.132444352 -1.85032523 -0.310033023 -0.210303769 0.365790904
x 0.219170123 0.864141643 -0.025714444 -0.0491235219 0.398329824 -0.920402706 -0.0213171206 -1.71611845
x 1.06747556 0.442954272 -0.402361393 1.22162437 -0.253163099 0.615886092 2.71371531 0.330507666
x -0.376068056 1.83787429 -0.0731881633 0.221556768 2.85589027 -1.63690794 -1.70347166 0.696672857
x 0.597547412 -1.92595065 -1.13799691 1.41080117 -0.170846745 1.02145481 0.656408906 -0.847245336
x 0.292605221 1.32172608 0.67971909 1.08062243 0.0465303175 -0.308680475 1.4039613 0.00889828615
x -0.563042104 0.205369204 0.448324889 0.722047985 0.0647117645 0.056360282 -1.94427013 0.765227854
x -1.35158551 0.304896653 -1.15756893 -0.244885683 -0.563599229 0.162328064 0.772074997 0.147057801
x -0.54962039 -0.514963865 0.417977571 0.128115669 0.712426364 -0.0252461266 0.285096556 -0.499650538
x -0.771704912 1.14184201 -1.57115459 0.469642252 0.532149851 0.821092844 0.338415325 -0.268706679
x -1.04785025 0.073128365 -1.20454192 0.160374716 -0.966196656 1.12615108 -0.683614492 -0.129624873
x 1.19720197 -0.521486461 1.37886047 -0.481479555 -0.15348576 -0.114902861 0.452187568 -0.395693511
x -1.5030483 -0.889621079 1.73593426 -0.852947354 -1.25009406 1.09105468 -0.696353316 0.11288739
x -0.169050083 -0.206175849 -0.117366277 -0.631556928 0.444124281 0.533477068 -0.845663667 -1.69045365
x 0.131039709 0.170603678 -0.0584536828 -1.1136533 0.471526116 0.362720758 -1.50881171 -0.286706269
x -0.113502562 -0.414660186 0.333946049 0.685681224 0.256538153 -0.938045681 0.591084361 -1.11553514
x 1.76127529 0.403214008 0.129092172 -0.253682971 0.549562097 -0.571434677 -0.325748593 -1.85212064
x 0.163385957 -0.222753569 1.78261375 -1.21245158 0.278037637 1.03374147 -0.44006741 -0.155126199
x 0.233318478 1.75908506 1.39658916 -0.498661011 0.441114217 -1.09325647 0.509318531 -0.242413089
x 0.0380207784 0.396143734 2.3812201 -1.42029333 0.188282967 0.303458005 -0.696202576 0.516735613
x 0.645539403 -0.63164264 -0.26823768 -1.39389288 0.344682872 -1.93996668 -1.0593375 0.0663202479
x -0.229914442 -1.86194801 1.08556187 0.499580979 1.12963665 -0.292367876 1.58816743 -1.02311313
x -1.22866356 -0.968747258 -1.93563128 -0.599144161 2.1030941 0.517930567 0.844582856 -0.489044756
x -0.426023036 0.672309101 0.515789032 1.37362838 -0.58851558 1.15659153 -0.288861334 -1.58975434
x -0.833403885 -0.811473787 -0.0326215774 -0.556206524 3.09886408 0.149774149 0.488268197 0.588573039
x -0.608550131 2.37213397 0.036076922 0.738316357 1.6163708 0.259893566 -0.276788473 0.508428395
x 0.470698953 -0.758508265 -0.9375211 0.292431325 -0.411081702 -0.15113619 0.321266383 1.17178237
x 0.117891215 1.73481536 0.796555579 1.1421901 1.46293128 -2.68127799 0.731704533 0.263557374
x -1.26790428 1.19751108 -0.851672232 0.522412241 -0.96296829 -0.637542129 -1.01196003 -0.520158052
x -0.40150252 -0.868030787 -0.334100217 -0.42644009 -0.416725874 -0.195966288 -0.562546372 -0.577492058
x 0.216249391 -0.107254893 -0.194387987 0.861268222 0.709808886 -1.17026198 0.548406065 -0.0234908294
x 0.247352421 -1.48714674 -0.320014209 -0.501209259 0.242311776 0.540358782 -1.70480466 -1.9351263
x -1.5235045 0.761072755 -1.06199121 1.42765212 1.60737312 1.19083607 0.706398666 -0.0896964222
x -2.38428283 -1.50191283 3.90224624 -0.111314535 -0.544309914 -1.126899 -0.845173419 -1.02505672
x 2.1115272 1.10274589 -0.137871459 1.043926 -0.582971334 -0.443177104 0.105269134 -0.877904654
x -0.76376003 0.0634370372 -0.836858988 -0.0648598969 1.10862064 -1.60656655 0.321331352 -1.03191936
x 2.98823428 0.705857694 0.331446797 0.904673219 0.579587162 -0.838697612 1.07876194 0.222607315
x 1.03588641 -0.738830805 1.18495774 0.542017519 -2.17611623 -0.220462009 -1.34857392 -0.801273882
x -0.240737677 1.18400192 -1.21717453 0.607878566 0.35439235 0.129975408 1.60244358 -0.282193035
x -1.85419679 0.766735077 0.511127055 0.651607752 -1.4483453 0.514460921 -1.65119362 -1.85163605
x 0.951979399 -0.42457068 0.277069032 0.94683826 -0.837215006 0.400623709 -0.213843212 0.449765474
x -1.46116388 -1.17966938 -1.36136508 0.909283221 0.323915988 -0.376278669 -1.77348208 0.168995157
x -0.426882267 -0.108649194 -1.76260233 -1.61429274 0.52212441 -0.20761317 -0.118798867 0.662029505
x -0.621854484 -1.18776107 0.252779543 -1.2096802 1.05267179 -1.0059731 0.000105034102 0.698003054
x 0.10111776 -0.519152999 -2.1633966 0.421623051 -0.956663609 0.0386074744 0.862776637 0.838408232
x 2.18975639 1.10582113 0.731844664 -0.188873559 0.116315983 -0.570059061 -1.8511523 -2.38207102
x -0.987015724 1.20484972 0.746288657 0.258947909 1.1452651 0.267931163 -1.15152168 1.70966506
x 0.114007555 0.282285661 0.613981783 0.0810436457 -1.21336019 -0.816870153 -1.11446559 -1.35278869
x 0.61277914 -0.0214716867 1.81948841 1.21347797 1.13806272 0.338914424 -0.270572364 1.07682741
x -0.282531351 0.658729851 0.195521057 -1.07405496 -1.92116916 1.38994813 -1.56266797 -1.49902546
x 1.57443404 -0.657761157 0.627803445 1.76767492 -0.19694078 0.0159147494 1.4329493 -1.21729159
x -2.03977633 -0.949866831 2.4589715 0.376191616 -1.073048 1.23191345 1.98973584 -0.240660682
x -1.37001312 0.495897889 -1.06050122 -0.786030591 1.64090061 0.531576037 2.99410391 -1.66074288
x -1.48589242 -0.579300404 -0.191959605 0.222279593 -1.45566761 -0.747972727 0.121559359 -0.0499609411
x -1.28634238 -0.468979537 -0.469965249 0.791258812 0.851451755 0.317143649 -2.08407831 -1.20770872
x -0.70653671 0.410359979 -0.418209165 -0.0573301129 -1.03205526 -0.174035147 0.68779856 -0.872942448
x 0.384695649 -1.56232035 0.0845857412 -0.243328184 1.58995771 2.07414913 0.301472247 -0.404489905
x -0.0762524977 -0.53597182 1.67531765 -0.337287784 -0.121784486 -0.533473253 -0.173676178 -0.724561691
x -1.691365 0.847377598 -0.41714406 -0.359957606 -0.638337791 0.786883295 -0.622530401 -0.0697031841
x 0.965057254 -0.528448522 0.153471366 -0.827516079 0.602676988 1.15124536 -0.0863872394 -0.0241761617
x -1.33119059 0.049962189 -1.58849478 1.3032999 -1.6197263 1.5314337 0.899014771 0.821598351
x 0.776916623 0.365443379 1.765082 0.621135294 -1.19971693 -0.140629858 1.28989172 -0.864383101
x 0.169467539 -0.736294568 0.0392253287 -1.07020569 0.208166465 0.338772297 -0.68652308 -0.073963277
x 0.150695741 1.93846691 -1.1100744 -0.882731736 1.86064267 0.384762168 0.127938583 0.833981514
x 0.388074428 0.845148683 1.61600149 -1.15484989 0.931129098 -0.876120687 1.07017124 0.451518178
x 0.133388311 -0.938776731 1.02243078 -0.591185987 0.295061231 0.460028917 0.0848055631 -0.220359251
x 1.12320256 -1.36326647 0.0960065424 -0.567263842 0.418162674 -0.84433043 1.26965249 0.794925869
x 0.799209058 -1.47849751 0.322362125 -0.35396409 -1.32719362 1.69508719 0.209542781 -2.30616975
x 0.373605222 0.916228175 -0.775294185 0.0678536072 0.501625359 -0.131762594 -0.296255827 0.438540459
x -0.503466845 0.416830003 0.145150617 -0.415869236 0.371923566 -0.126971185 0.314784855 1.01416302
x 0.371395528 -0.660512567 -0.38433674 0.124072805 0.340649515 -0.426695198 0.739853621 -1.18422043
x 0.921072423 -0.531300664 -1.57471812 -0.696833491 -1.49292374 -0.86468637 1.49006569 0.430217385
x 0.149604186 -0.528911889 0.806926847 -0.914907157 -0.381339073 0.473077625 -1.4622426 0.357043684
x 1.1601913 1.14006722 0.463796288 0.914182723 -0.985320091 0.155280232 -0.872359991 -0.0780362338
x 0.2383973 1.15422893 0.180382535 -0.578052104 0.112623729 0.196956784 -1.51308978 -0.981670141
x 1.06086898 -0.502783477 -0.275835514 -0.840674996 2.66070628 -0.894988894 -1.44909298 0.402127445
x 0.027635064 -1.02702415 -0.0607441254 0.580777705 1.14161444 0.812512696 -0.515831172 -0.500653803
x 1.85452998 -1.10445511 -1.93083763 0.182624206 -0.250018924 0.016384393 -1.01449025 -0.924083412
x -0.968893409 0.00865391362 0.583232939 0.760623634 -0.248701334 -1.13672519 -0.135822624 0.949636996
x 0.745652556 -2.67821836 -0.502456605 -0.256886005 1.69940817 -1.53799081 -0.0629981607 1.57233977
x -1.13363016 0.0199416261 -0.290556312 -0.612736225 0.423057318 -0.530030668 1.78961074 1.98012853
x 0.809761584 0.563310862 -0.112388536 -1.36815548 0.795275867 0.284637958 1.00624228 0.0853196308
x -0.21245636 0.609724998 0.0509226173 -0.130473241 0.614468813 0.823677838 0.0576930158 1.19783366
x 0.939544022 0.240834966 0.811491013 -1.55566025 0.504634619 2.23024821 -0.671621919 -0.453536004
x 1.6236558 -0.281880796 -0.732389331 0.0362497047 0.593587875 -1.03836405 -0.00898862444 -0.301507145
x 0.569725156 0.974434078 -0.0801184773 0.307850569 0.958554387 0.144908607 2.0761323 -1.51463866
x -1.08346474 -0.0789279267 -0.670245886 1.16158307 -0.191213667 0.865452886 1.39606822 -0.969874859
x -0.871747375 1.18567955 -0.67377311 -0.082911931 -1.10457504 0.88615787 -1.346843 -2.53736067
x 0.75663662 -0.936366439 1.86053276 0.295079887 -0.297206551 -1.62038445 0.253943115 -1.08158183
x -0.0597297549 -1.46267903 1.12198293 -1.51244903 -0.704374433 -0.130961284 -1.60564137 -0.173372895
x 0.933853805 -0.292550117 0.899825871 -0.83023113 -1.12282741 -0.63496691 -0.00282756705 0.636689126
x -1.11029279 0.300139546 0.11609973 -0.648013949 -0.636453271 0.485924959 -1.24826455 0.299833179
x 1.29414511 0.0543273017 -0.439503521 2.15894032 0.727252364 0.148419857 0.232381701 0.102260351
x 0.474652916 -0.221961409 0.80908823 -0.3183285 2.61836052 -0.683057666 -0.736823738 0.00968272146
x -1.71594715 -1.07216358 0.356557429 -1.02805901 1.99865174 -0.513243198 -1.11157358 -0.0218892861
x -0.39856559 -0.540973544 1.28885174 -0.381648242 0.326402903 -0.098911345 0.613132536 2.0460012
x -0.268089563 -0.0813649297 -0.279258609 0.294033408 -1.82559109 -0.915278792 -2.21982265 0.811537087
x -0.0555730276 -0.50083226 0.947472215 -0.161333457 1.23175895 -0.967553973 -1.30268264 -0.575942039
x 0.2496344 -0.777745605 0.0330812261 1.11058378 0.0105814906 1.97150636 0.262072504 1.65104949
x 0.237362579 -2.68495893 -0.269998491 -2.49694991 -0.939207315 -0.00468160538 0.458293557 0.803370416
x 1.61768579 0.0613486134 -1.36754954 1.22386777 0.136569053 -0.546840787 0.348050952 0.987049639
x 0.210785151 -1.54377139 -0.103359751 1.60687554 1.31435871 1.25572956 0.111786157 -4.49411726
x 0.310406417 -0.33144331 0.792184353 0.485859096 0.429664671 0.0793935657 0.216402188 -0.104467578
x -0.952755392 -2.03386354 -1.04363751 0.36642316 0.315405577 0.250494748 0.236618817 1.41946328
x 1.13415635 -2.30899405 -0.997370362 0.346959412 1.03165519 0.428002447 -0.134287685 0.109896936
x 0.0347235911 -0.603785217 -0.913238883 0.15959464 2.72769833 -0.00330529897 0.0197628886 2.34128761
x 1.18779564 -1.41558528 0.0715299547 -1.65883207 -0.166020155 -0.385816544 -1.05010271 1.72519267
x 0.835053265 -0.53927803 -0.963689625 -0.0982723087 -1.15663207 -0.35868609 0.666994274 0.103202395
x -0.0076200394 0.757702768 -1.70698643 0.407193869 -0.165162876 0.172830626 -1.85417688 -1.23568034
x -0.11666052 2.59034109 -1.49780202 -0.485620081 3.26434708 0.205881819 1.00822985 -0.224428713
x 1.77927017 0.469946474 0.473958194 1.17553604 -0.503478229 -0.120370351 -1.10735095 1.38031256
x -2.33774638 -0.18506828 -0.926099896 -0.232815325 0.5537799 0.639082015 0.91467756 -1.60493231
x -1.3514353 0.829529822 -0.382573932 0.482066393 -0.0811478049 1.82968152 -0.660722613 1.08493268
x -0.785684884 0.481164902 0.935394466 0.0207187049 -0.915205121 -0.740140021 -0.256790757 -1.22871244
x 0.00762300985 0.0476557799 -0.386433095 0.996103764 -1.44197047 -0.189733252 0.409661263 -1.72024596
x 1.28904557 -1.37329209 0.551879227 -0.479127675 -0.31054762 0.65748322 -2.0553329 0.112065181
x 1.51635075 -3.18574119 -0.662758827 1.33472884 -0.543110907 -0.0940586999 0.0436029732 -0.116323888
x 1.43037355 1.25085258 2.09377503 -0.46114856 -0.781900942 -0.563376009 -0.518901169 2.42479968
x 0.48807922 -0.512724638 -1.50533748 0.641919672 -1.38393569 1.2003895 -0.42107451 1.14548957
x 0.0784629509 0.557920396 1.68914449 -0.275412381 -0.252379179 -0.208644688 -0.818677843 0.235603184
x -0.148371845 -1.16478133 -1.42466795 -0.43427664 0.959548831 1.47968578 0.523805559 1.2483263
x 1.59351289 -1.64919841 0.507207394 0.736049414 -0.737726092 -0.0444880165 2.56893849 0.272594064
x -1.35155332 -0.143138126 -1.8269136 0.627924383 2.37970877 0.200919464 0.58052963 -0.394712955
x -0.251180768 0.833931863 -0.247169852 -0.535071433 -0.35729298 -0.625874698 1.07022703 -0.529933155
x -0.258921921 0.906573176 0.922418416 0.926021278 -0.521768808 0.396964699 -1.09338355 -1.12113309
x -1.06840992 2.03137326 -1.37965786 -0.19755441 -0.280906022 0.654277086 -0.335323304 -0.249301285
x 0.912287235 1.32633746 1.26389551 1.0970757 0.585367084 -0.77625376 -0.704569101 -1.48571014
x -0.269988745 -1.33491158 -0.114572152 0.583948255 0.20120962 1.21863258 -0.950688183 -0.105670601
x -0.445571929 -0.0177727751 0.867952764 0.0844491795 0.970217645 0.537411392 1.19727314 0.346401304
x -0.417424768 -1.06506801 1.94327438 0.600095212 -1.46318674 -1.40182221 -0.103640482 -0.334558606
x 0.648038507 -0.543143272 0.877159536 -0.0968415216 -2.28652334 -1.44862354 0.581661165 -0.0947678238
x -1.47195363 1.06339943 1.28160775 1.16897309 1.0583663 0.297616839 0.551623285 0.108623274
x -1.26888108 -0.881618142 -0.365207762 -0.863584518 -0.541307092 -0.263620853 0.226489514 -1.1846298
x -0.527892351 1.04662561 -1.3126601 -0.205856353 0.0135859353 -0.891973734 -0.749659896 -0.865204096
x -0.0854516327 0.162772268 0.724543989 -1.55793655 1.30733657 0.902576268 0.646070242 -0.448340893
x -0.210219488 1.20814407 -0.104501635 -0.631016254 -1.69021249 -0.604469538 -1.94902396 -0.935436487
x 0.293368578 0.919828951 0.225186169 -1.23643231 1.17898643 -1.3315866 0.407660246 -0.815638781
x 0.394160181 1.85348296 -0.584574759 -0.209415525 0.580846429 -0.326374024 -0.789146364 1.19262147
x -0.710944176 -0.17364566 0.205015332 -0.46457991 -0.196033955 0.517469347 -0.956613302 -0.319206297
x -1.46232831 1.54284453 -0.349461734 1.36578262 1.39900732 -1.62617362 -0.307047695 0.572215438
x 2.29808044 1.36054122 0.0680821463 1.47200203 -1.2697053 0.346807569 -1.18334663 -1.04905391
x 1.25529432 -0.302565604 0.266284198 -0.732733011 -0.475461185 -0.884649694 -0.559035778 0.405700833
x 1.27654374 0.224518433 -1.04773235 -1.18182456 1.490165 1.24639976 0.804925799 -1.04573512
x 1.08765817 -0.274896979 2.26679587 1.41841054 1.96257305 0.228031501 -0.422956467 0.986067474
x 2.37305784 -0.710593045 0.350536019 0.106324017 -1.78046453 -0.424162745 0.150385216 -0.271108329
x 0.56661886 -0.0417772904 -0.514161766 -1.07789469 -0.863512874 -1.07248175 1.35187232 0.704644263
x 0.589856565 -1.22160625 0.691767275 -1.72676587 0.327126324 -1.35629869 -1.19951463 0.818123579
x 0.709736943 0.268058002 1.56629741 -0.616885662 0.911355436 -0.0657128841 -0.466172397 0.607537806
x 0.836312652 -0.85700959 2.48274493 0.733772278 -0.00143499381 -0.835333526 -0.412822008 0.621278822
x -1.35892379 -2.2022121 -1.14437556 3.11837244 0.00452237809 0.813031793 -0.366060913 1.69175541
x -1.98107529 -1.28454351 -0.438304305 -0.846708953 0.0947101638 -0.235310495 -1.90026045 0.108090557
x 1.11038172 -1.0283792 -0.999217749 1.29423177 -0.957457423 -0.429799587 -2.27025747 0.493881732
x -0.53923893 0.621666193 -0.0675420165 -1.24678957 0.101962447 -1.0779084 0.745132685 1.30122364
x -0.616958916 -0.163462549 -0.803411186 0.409135103 0.348169059 -0.219320759 -0.591153979 1.27466285
x 0.415176809 0.118043832 0.194869727 0.203990743 -0.0493802577 -0.572095215 1.66705298 -1.02197993
x -1.166435 -0.681389928 0.245411813 0.630644798 -0.445352912 0.0188299026 -0.333864957 0.388438612
x -1.74927187 1.88257003 0.277821779 -0.263332039 -1.14300942 1.06841552 0.355320394 -0.74192667
x 0.623374343 0.941802144 1.80211782 0.528239727 -0.615174472 0.996303022 0.138603866 0.719731748
x -0.855456054 -0.0111048613 -1.59941769 1.27599502 -0.992527783 -0.0468957871 -1.01119924 1.41463864
x -0.876102865 1.12043202 1.44390512 1.33535588 -0.653425276 0.233869523 1.78000748 0.237854198
x 0.609273016 -0.667087913 -0.285453171 0.16637975 -1.03735209 -0.194287151 -0.710259855 0.150563523
x -1.89453936 0.725339651 2.09733152 1.5868082 0.544677913 -0.662656009 1.01279533 -0.777483225
x 0.583121777 1.64624822 -1.35859537 -0.282551318 -1.85384107 -0.935281456 1.11653304 0.412555784
x 0.469348609 -1.87719071 -0.94858861 -0.252755016 0.431387872 0.256073147 -0.218652964 0.905666709
x -0.106946863 0.932597339 -0.271773577 -1.90976512 2.0033555 -0.588235259 0.584493279 0.593917966
x -0.0561043359 -0.592721641 -1.31019557 0.605207443 -0.455959737 0.463074565 0.616743803 0.51136452
x -0.724004507 -0.880602837 -0.0332257971 0.669981778 0.467183053 -0.370029271 -0.505590856 -0.60279417
x 0.263304055 0.916560292 1.12947428 -1.73147738 0.633219182 -1.45845819 0.621263325 -1.30073345
x 0.627664983 1.65799117 -2.3117888 0.819322228 1.77962792 -1.11027133 0.767928541 0.277132213
x 1.58304822 0.309576899 -1.25497591 -0.355651349 0.523901045 -0.634013653 0.000336698955 -0.750382423
x 0.441229105 -0.851278067 -0.76148051 -0.624943852 -0.0929111838 1.84922433 1.30011034 -0.445536226
x 0.159001514 -1.53182161 0.535512149 1.55710888 -0.551927567 1.60550988 -0.488878995 -0.29525584
x -1.31223536 -0.777858615 0.123967409 0.610213578 -0.815275252 1.55239367 0.0011425399 1.26042056
x 0.656195283 0.986730993 1.32892525 0.768814743 1.27626026 0.455147803 1.15543854 0.446448982
x -1.71991837 0.614067078 0.601811349 -0.950567007 -0.768735409 0.161615461 1.12110245 -1.49720645
x 0.194804892 1.07589042 0.960318446 0.445406258 -0.00352285453 -1.51289773 -0.891002595 0.474291563
x -0.437083572 1.39848995 0.724985063 -0.39837572 0.0756587759 -1.02803385 0.335589439 -0.417169124
x 1.3451407 -2.58309126 -0.05057019 -0.904711664 2.54655886 0.39331454 -2.45017743 -0.267588496
x 0.386807859 -0.121842839 0.236377537 0.40753907 -0.746221483 -1.20149255 0.727644563 1.91474426
x 0.0551361702 -0.151769653 -0.0357459299 1.09106886 -1.75555003 0.605217099 -3.25095844 1.138906
x -0.897998095 0.922221839 -0.119341105 0.22151868 0.575091898 -0.816310585 -1.39673507 0.951343894
x -0.442041099 2.2593956 -0.496503145 -0.270303488 -0.969898105 0.724425673 1.62566435 -0.495188594
x -1.53483665 -0.95206362 -2.26169896 2.84267998 0.416988283 0.7422176 -2.00760674 0.823532641
x 0.244978905 -0.58398968 1.30479395 -0.199819058 0.80648464 2.15718031 -1.26918495 3.38923931
x 1.37885761 0.30386579 -0.589753449 -1.08911085 -1.77229118 -0.592344224 -1.99519479 -0.368925184
x 2.42356181 -0.608870149 -0.864236176 -0.544864416 0.294125944 2.16998458 1.78586042 -0.404362231
x 1.55787051 1.49370325 0.215237811 -0.1971488 1.0881778 -0.284238249 1.28990269 0.897871137
x 0.191613168 0.684199035 -0.904521286 -1.00146377 -0.197534531 0.742253125 -1.18314683 -1.63237321
x -1.88896334 -1.79619205 -0.175428525 -0.576351225 0.552437425 1.31071067 1.66700935 -0.702033222
x 1.35372019 0.602575898 0.0807773843 0.465801239 -2.22048831 -0.00506466022 -1.28455102 -0.19991982
x 0.20870021 1.33836448 1.23557734 -0.018999476 -0.119671948 -1.23275232 0.192834467 -0.479302108
x 1.00846314 1.69452691 -0.407852918 0.757550836 -2.99488878 1.1420579 -0.246589959 1.62393069
x 0.460412741 -0.346558571 -1.08173013 -0.0250596404 -1.32417488 0.750276506 0.572489321 -0.276250988
x 1.5723114 -0.206388563 -0.191075087 -2.3814168 0.564353526 0.0644401386 -0.413924932 -0.328957677
x 0.142054737 -0.30151251 -1.53349352 -0.689979792 0.312394232 0.742829263 -0.459697872 0.138625994
x -0.888212383 1.22042525 0.883821845 -0.0832227618 0.452442199 -2.92136955 0.5042817 0.269818574
x -0.387231916 -2.01869845 0.890952706 -0.426784605 1.03816068 1.26771235 0.579196751 0.0327999182
x -0.602369606 -1.14637923 -0.200052306 -1.81536186 -0.415900618 -0.272735029 0.477936625 0.727033198
x 0.685640097 -2.58452201 -0.626402557 -1.40099859 0.0332294889 -1.89240992 0.705689013 2.41461802
x -0.0783833265 1.68819773 0.556944549 1.55371511 0.0675726384 1.02340066 -1.19693029 -0.155386329
x 0.975901127 0.785670757 -0.150574118 -0.817937672 -1.13607073 -0.442180365 0.227533504 0.0622480214
x -0.154014841 0.189578667 0.0317474529 0.095408082 -0.916937292 0.208919525 -0.92569983 -0.905038357
x -0.139134422 1.26313579 0.409530193 -1.15365791 -0.953269541 0.238924876 0.250275075 -0.74355197
x 2.10888886 0.0454003587 -0.238322839 -2.38902473 -1.33780253 0.122584984 0.597622335 0.61246407
x -0.403504401 -1.22492683 0.454452366 0.546191335 -0.742131591 0.872532606 -1.23640275 0.39625901
x -0.887221456 -0.504498422 -1.04621649 -0.599317312 -1.10130548 -0.422132194 -1.32250261 1.65136933
x 1.32938969 -0.0589704402 -0.130007163 -1.1271503 -1.30932093 0.783637702 -1.29768944 -0.612084508
x 0.579878688 -1.08603644 -0.643601179 -1.2465378 0.44385469 -0.881336629 -0.653951764 1.29736412
x 1.75993192 -0.810402751 -1.13996315 0.111729123 0.18974565 -0.197534189 0.808242559 0.39786917
x 1.76987147 1.14529109 -0.131386802 0.331302047 1.59399629 -0.417908877 2.17058134 0.289380729
x -0.0764986947 0.608808517 0.751215518 0.571354687 1.14900362 -0.135265857 0.413370013 -0.810000718
x 0.522557795 0.499961823 1.21923816 0.0132686067 2.56110024 -0.237912789 -0.124911711 -1.12676191
x 1.23522091 -0.0916668773 -0.0821716487 0.11876145 -0.202767894 -0.588203847 0.0358004533 -1.06704092
x 0.416917235 -0.064350754 -0.6124174 0.279667258 0.411489129 -0.20354037 0.765670359 1.33360291
x 0.779762506 0.518311858 -1.99239159 -0.275310606 1.5041163 0.0767468959 -0.452584177 0.135609493
x -0.410417765 0.480898589 -0.178114384 1.33999419 -0.680665314 -1.20729244 1.46825659 -0.994265378
x 0.542591453 -1.16000247 -0.561261356 -1.19830227 -0.721745133 -1.42277563 0.256568402 0.238134116
x 0.630613387 0.702015877 1.74070191 -0.31410265 -0.27365905 0.467256993 -0.200941026 1.02903664
x -0.49804458 -0.247129738 1.12480879 -1.54137683 0.0916175246 1.45574021 -1.5091387 0.875526249
x -0.844492018 0.466286898 1.0351969 1.3139466 -1.69595563 -1.96457303 -1.39796197 0.238508612
x -0.965573668 0.279028475 -0.0973131657 0.0537864417 -0.331290185 -0.540022492 0.780721605 -0.471979469
x -0.840850294 1.86714268 0.359210491 0.251602054 0.336633176 -0.675253391 -0.632656395 0.378877282
x 1.0095681 0.336307645 -0.080574438 -0.443790942 -0.144518659 0.251381218 0.563177466 -0.129973903
x -0.539917529 0.0115696024 -0.957785726 0.249992326 1.61113107 0.622114241 0.932733238 0.182292372
x 0.0899424553 0.150421456 0.54959482 -0.127112493 0.0970711559 -0.115000449 -0.369989276 0.527017653
x -0.424282432 -0.878169894 1.10060489 -0.14364399 -1.79111207 -0.0309017524 -0.439134687 0.810562134
x -0.67101717 0.167054757 2.17494798 0.685624897 -0.373737276 -1.02370429 0.376624078 2.17635751
x -0.789615154 0.253311694 -1.59407759 0.54144001 -1.61103284 0.556581199 0.82713604 1.15350485
x -0.307410628 -1.63633466 1.0270952 2.39685225 -0.763990343 0.525664091 -1.23481786 0.0626452565
x -2.46123815 0.0983586535 -0.266514242 -1.3078258 0.24331066 0.988153994 -1.03014112 0.0636179894
x -1.29089892 -0.0417372473 -0.96001792 0.141242936 -0.478880852 1.71007907 0.693447888 -1.1700846
x 0.953356028 -0.840393424 0.648948371 -0.938821673 1.37174892 1.37922621 -0.546362281 0.908183277
x -0.591217756 -1.16684842 1.36724722 -0.110133566 0.621134162 1.11411238 0.631925642 0.889229476
x -0.823999882 0.379867166 -1.30686247 1.16923392 -0.632579029 0.024924323 -0.233449742 -0.283655822
x -1.0143472 0.969837427 1.4547385 0.790888786 0.76882714 -0.347035348 1.78829682 -0.599647164
x -1.90814269 0.376865715 -1.36156166 -0.170809641 -0.178792074 0.27711904 1.04145062 -1.21766317
x -0.877922833 1.47816491 0.713120997 0.515861988 -0.195094258 0.540459573 -1.5622474 -0.0888609663
x -0.175126508 0.602894723 0.717792451 -0.774370611 -0.60287863 0.251276493 -1.21302199 -1.99907553
x -0.0807253495 0.935464382 0.296936572 0.049425777 1.95229828 0.390251428 1.78254282 0.981750846
x 1.57101965 -0.914486349 0.826401532 -1.65735328 -0.421154618 -1.87538946 -1.03388715 -1.08039749
x 0.861978769 -0.119613074 -0.0682757422 1.13170648 -1.07108676 -0.705861688 -0.0272391867 -0.544055402
x -0.220671013 0.360559702 0.710026145 0.673066795 -1.45151973 0.00348914112 -0.765473068 -1.04252744
x 3.10517859 -1.15417969 -0.429767817 1.46291864 -0.586131871 1.92535341 1.42764843 1.14698148
x 1.02713251 1.15589893 -1.58250415 -0.376116365 0.2002047 1.72886598 0.0135769993 -0.380922496
x -0.9020015 0.165786147 -0.502105474 -0.670196235 -0.242822409 0.160666794 0.155029371 -0.101012103
x -0.297010183 2.05721045 0.0564283542 0.30753383 1.23747504 -2.31545949 -0.563661158 -0.299253255
x 0.378378361 -0.799586117 0.106282778 0.421551228 -1.20909798 -0.521306634 1.51055706 -0.465797454
x -0.229529426 -0.55088985 0.370562822 -0.840574384 0.944462538 0.0153319174 -0.725449383 -0.813116848
x -0.474089384 -1.68292642 -0.572480857 0.0259812772 -0.307394475 -0.644718587 -0.980831683 0.223020032
x 0.660710871 -0.460519612 0.441764206 1.1532712 -0.668720484 -0.0612283871 0.731013358 -1.38004899
x -0.306506127 0.685140789 -0.727320969 1.20192158 -0.410486847 0.182258666 -1.04810846 0.288755983
x -1.01092792 -0.539197505 0.277831167 1.96297586 -1.01009881 -0.485141993 -0.0858592987 -1.5326879
x 0.862983465 0.60823518 -2.16550279 0.451543152 -1.79048252 0.350443929 0.985769689 -1.22511256
x -0.293865144 -0.746260822 -2.15827584 -1.66692328 0.218124434 -0.962065458 0.477374494 0.94828856
x -0.788763881 -0.0555061996 1.6652292 -0.489719987 -0.134216681 0.556613207 -0.0540728904 2.53304458
x -0.157100096 1.1879164 -1.54134655 -0.675544262 -0.0464226454 1.00478315 -0.273851663 0.407469511
x 0.170373842 0.13980642 -0.776374936 0.831181526 2.08707786 -0.636655211 0.121498905 -2.20861053
x -0.878144741 0.969646275 -0.470995367 -0.960156679 1.13931787 -0.221864656 -0.400206923 0.769621432
x 0.593904316 -1.34734797 0.649292052 -2.48640895 1.23364997 -1.51265705 0.878876567 0.105163783
x 0.606223166 1.00672638 0.826348066 -0.775825381 -1.08611476 -0.0233570561 2.04531264 -0.905001163
x 0.0417751335 0.599324286 1.01679838 -1.96979463 1.2574594 -1.15256321 0.316784769 -1.54472566
x -1.40785754 0.583262682 -1.48983479 0.44367975 -0.148829937 0.7196455 1.23309779 -0.253618032
x 0.83286351 -2.35459256 -0.663921297 0.821501732 0.815679431 0.341442496 -0.167015076 1.12140465
x 0.105073467 0.230926424 0.304673553 0.249387965 0.335187674 -1.55922318 0.719626904 0.106795676
x -1.89629316 -0.436382771 0.913349926 1.74698365 0.0754349157 -1.39652264 0.988202572 1.27774537
x 0.0761351809 -0.421076596 -0.20824784 0.418504089 0.513376355 -0.593956113 -1.03414476 0.814823985
x 0.688644469 0.405854017 -0.737437844 1.60049522 0.377740681 0.121431865 -0.687849104 0.864385486
x -0.409869462 -0.877294064 1.80646396 -2.53677487 -0.0879606903 0.294676691 0.85517633 1.51557338
x 0.318461925 0.614567101 0.338034272 0.394325525 1.42372334 -0.329383224 -0.225750417 -0.226069406
x 0.259136796 -0.399806291 -0.653345168 0.339126498 -0.440341622 -0.237177759 -0.415502578 1.46935093
x -0.862825334 -0.481351644 0.244359791 -0.33482796 1.32884192 -0.280478299 0.115017705 -1.35931218
x -0.343004316 -0.0420729145 0.169499367 -0.291286796 1.83779848 0.894763231 1.24700522 -0.144045189
x 1.16314399 -1.56963944 -0.565143228 0.25607866 -0.47288233 -0.223717511 0.780351222 0.346363753
x 0.255321801 0.724897683 0.424098879 -0.13563472 -0.345338762 -0.862891614 -0.685789049 0.209366277
x 0.878579259 -2.02827525 1.38011956 1.08471525 1.15160131 0.413228989 -1.23867929 -1.49659467
x 1.87325692 -1.48315167 -0.348315716 1.86518872 -0.477632076 0.571464479 -0.929228365 0.529044211
x 0.953705549 -1.39030445 -0.583546817 0.0706120953 1.64267445 -0.278143167 0.270221353 0.400888592
x 0.876876056 -0.467001349 -1.4041754 -0.55417496 -1.15646517 -0.382322937 -0.273075908 -0.804763019
x -0.357412875 0.358398527 0.620016158 0.00760119502 1.0378114 0.222255558 -0.884394228 -1.15890348
x 1.40518808 -2.43900037 -0.402180016 -0.569657624 -0.117650807 0.274593085 -0.24509047 -0.0478731766
x 0.878012836 0.928088486 0.321457863 -0.0302635208 -0.674882233 -0.188408166 0.0336556658 0.619950891
x 0.180574611 -2.21603131 0.155467227 -0.398289859 1.49063897 0.281064481 1.52417243 -3.4200604
x 1.51097572 0.273019403 0.784750342 1.14976752 0.241869628 -1.42544878 0.369506329 -1.16910625
x -0.695738256 0.410748065 -0.456532896 -0.189452395 -0.417587906 0.338428259 -0.164598137 0.586828291
x -1.61836743 1.43143177 0.537635446 -0.8591187 1.51179802 -0.648510516 0.583985269 -0.718874931
x 0.0585114583 1.72304118 0.190254524 -0.534764588 -1.78307366 -0.114244856 -1.43654382 -1.02316642
x 0.274671108 2.29632139 1.20385146 -0.258385211 0.913777649 -0.612183034 -0.710424006 1.0409869
x 0.507049501 0.858210623 0.618582904 0.621909201 0.116697267 -0.0991741791 -0.463476837 0.542529464
x -1.22638357 0.907424629 0.0460885353 0.422204375 -0.358524829 0.691720843 -0.445209891 0.107025541
x 0.59815526 -1.7291193 -0.446191013 -0.389036357 0.111807868 0.884507835 1.41689861 0.130175531
x 2.1665597 0.873398006 0.0460574441 -1.58808434 -1.13525188 1.24744523 0.0466296971 -0.212189108
x -0.208303332 -0.405764282 -0.116876319 -0.348632246 1.52833068 -0.980938673 -0.501066804 -0.12101879
x -0.329937458 1.07859695 -1.38025022 0.623352051 0.563049972 1.27291691 -0.742970645 -0.969716549
x 0.370992124 0.92419529 -0.0125867072 -0.230719507 0.969275475 -0.0137162199 -0.180462867 -0.692224562
x -0.301674366 0.864055097 -0.612756371 0.170971051 -0.433646709 -1.21913743 -0.0606810823 -0.993749142
x 1.25272632 -0.33628422 -0.376684994 0.651762009 -0.317181528 0.0473803543 1.36877775 1.96122921
x -1.35930037 0.810637951 -0.532713234 0.00497297617 -0.0383995287 1.30657685 -0.856005907 0.367566556
x -0.908290088 1.35828388 0.751128614 -0.570131481 -0.117220007 -0.48709172 0.467289805 -0.651652515
x 1.11862326 -0.569247603 -0.352728754 -0.304009557 -0.318208992 -1.50838709 1.71110272 -0.926897705
x 0.336451322 -0.590632737 -1.72671723 -0.121219516 -0.921073914 -1.20241654 -0.0947818533 -0.24100779
x -0.201314315 1.0880996 0.759983361 -1.36828816 0.296495587 0.840134084 0.101215109 2.34462738
x 0.318255216 0.851814926 -0.771279395 1.77610254 1.20111394 -1.12988782 -2.18519354 0.686033785
x -0.721661508 -0.617767751 -0.358379841 0.715973854 -0.194110498 -0.446308941 -0.14781858 0.558368981
x -0.472414106 0.723909438 -0.624413908 -1.41507196 -1.18363953 1.21906853 -0.381498367 0.276258528
x 0.450618505 0.979674459 -0.0985268801 0.791006386 -0.13848938 0.669918597 0.2726973 0.498818129
x 1.13856697 -0.959286392 -0.558824062 -0.421598643 1.34472406 -0.570034206 -1.32583821 0.847049475
x -0.188077018 -0.293961763 -0.895263851 -1.01893294 -1.24799442 1.88975298 1.03933609 -0.992540717
x 1.19816756 -0.502067089 0.891413748 0.157010972 -0.108926199 -0.00582838897 -1.5647136 -0.0245884843
x 0.255553037 0.325282127 0.169350058 0.76598835 -0.678225577 -0.472675979 -0.393251091 0.817265034
x 0.194405779 -0.291752726 0.914559186 2.14872193 1.28923225 -0.408353418 0.730829418 -0.764560878
x -0.130878434 -0.478374064 0.118047088 -0.0776229352 -1.03238714 0.684045792 1.60822439 0.753436327
x 0.521273255 -0.200446516 0.0356276482 0.0458100438 0.554188132 2.11515307 -0.221601173 -1.47956264
x 0.621562839 1.91758561 0.229041606 0.273799092 -1.10268295 -0.61669594 0.698265076 -1.78705573
x -0.0331270136 0.180572629 -1.27488339 -0.0275321398 0.0724958852 -0.349082261 0.0739519298 -0.151528299
x -1.63998318 -0.542523265 0.273731619 1.33779752 0.842937589 -0.597686827 2.92236805 -0.37994349
x -1.1162678 -1.12098408 1.25099587 -1.86511219 0.668134332 -0.872336447 1.28265023 -1.24270654
x -1.71168149 0.593069017 -0.685402274 -1.0397613 -0.0185074098 -1.0401628 0.843312562 -0.69157356
x -1.03341639 -1.8864888 0.50595659 0.442328691 0.564659297 -1.37633288 -0.607084632 0.848318219
x 0.0394590124 1.28670037 -0.0452508889 0.407774895 -0.729232252 -0.173477396 0.419124007 -0.361480623
x -1.339782 0.20273231 -0.268448323 -0.196841195 -1.0438993 -2.34438038 1.54324174 -0.328487068
x 0.122905441 0.566882133 -0.355640411 -1.02492321 -0.906190395 1.2998122 -0.303243816 0.309895068
x -0.772005677 1.11937928 0.910145521 -1.47459912 -0.376649618 1.46132696 0.132916346 0.275283068
x 0.765815496 -0.31591779 -0.60006851 1.50429523 -1.44060266 0.0861688554 -0.0995176956 -0.0359968618
x -0.0497937836 1.28456271 1.03180623 -0.676819146 0.580845475 1.27661896 0.761398256 0.973662496
x -0.600830972 -0.432571709 0.721250832 1.062837 -0.449632138 -0.0668455437 0.327596724 -0.932810485
x -0.102600157 -0.0890988633 -0.462903261 -0.248362437 0.205279738 0.538743675 1.17856956 0.889091671
x -0.294008791 -0.428489059 0.355490208 0.280096889 0.568883419 -0.947591186 0.278955668 0.41679737
x 0.453883022 -1.05347407 0.00108351209 -0.282325447 1.04677129 1.34119368 -2.17155075 -1.06324553
x -0.11504589 0.583392143 0.886895359 -1.73382449 0.175535038 -0.861294925 0.191685155 0.678828955
x 0.625510335 1.1840415 1.25219882 -0.420202017 -2.35252047 -0.541785836 0.255309224 0.732834756
x -1.72562623 -0.893461347 -0.309115022 -0.617897153 -0.833093524 -0.16816017 0.816244364 0.687218189
x -0.597144365 -0.520340502 0.377977759 0.119914055 -0.191871002 0.587749064 0.403689712 1.97386134
x 0.844676077 -0.112786286 -0.261549145 1.59461451 -0.707967639 0.665501058 1.72404981 0.361696362
x -0.0990876257 -1.00609982 -0.12830162 1.04508674 0.147417292 0.746660054 1.81698835 -0.578779936
x 0.455159098 2.53572798 -0.592055976 0.966706216 0.559293509 -0.199945718 -0.0555446185 -0.944888771
x 1.32007706 1.28556693 -0.424766213 0.652195215 0.972281635 -0.981021285 -2.04066229 -0.457765669
x 1.0424695 0.843407691 -0.382948488 -0.538432598 0.554221094 0.763861179 -0.212684602 0.850940824
x 0.34416309 0.165874273 -1.59597909 1.29929328 0.456374198 -0.648331165 0.444054663 -0.18020162
x 1.12380075 -0.572674096 -0.591540933 -0.496415466 -0.454599947 1.10434151 -1.60074413 -0.500718951
x 0.0373192318 -0.0743826777 1.74961162 0.294174612 -2.10666466 -1.05111575 -0.505106628 -0.227793112
x -0.385041505 0.197644979 0.619450867 -0.386052758 -0.926495075 -0.052393537 0.0225417316 0.15841797
x -0.0478678495 3.56475854 0.727941275 -2.07913876 -1.19541073 -0.537065923 0.476225019 -0.587756097
x -0.130093306 0.287838489 0.158831865 0.689241827 -0.129432201 0.775168896 -0.443872362 0.207080454
x -0.772494137 1.25640011 1.65184808 -0.252079606 -0.0160737 -1.5197264 -0.307112247 0.217403695
x -0.143933699 -1.23593819 1.07962441 0.107118882 -2.03969216 -0.98605001 -1.32223356 -1.48416805
x -0.303984046 -1.08087718 -1.35970783 0.0732173622 -0.503938258 -0.635390341 -0.891521275 -0.220990703
x -0.758137584 0.493376911 -0.369852424 -0.129786938 1.5582037 -1.6473459 0.950737715 -0.0468507484
x 0.893469989 0.554292202 0.598687708 2.05982852 0.319301784 -2.1458137 1.7535975 -0.950688958
x 0.0903677717 0.218536034 0.411022723 0.20759353 -1.16939592 0.212762877 -1.92301822 1.54270017
x 0.114113376 -2.15794778 -0.450715959 -0.0838208944 0.148752779 -0.189740241 0.270362735 -1.61032915
x -0.389128834 -0.479403883 -0.115126468 -1.18671179 0.534470499 0.903882265 0.542830586 -0.945614159
x 0.0970351547 -0.783949375 -1.52821624 1.34517932 -2.07365155 0.321682781 0.441144407 -1.01959074
x 0.151562363 -1.28219426 -0.278851449 -0.32337743 -0.263569295 -0.88465333 -3.50118423 1.30765462
x 0.036768198 1.34513664 0.516100168 0.819203377 0.2576105 -0.731241107 -0.296098977 -1.81715095
x -0.203186497 -0.0494873933 -0.329957157 2.9051497 0.521685719 0.0402250513 0.73684442 0.655184686
x -0.209373429 -0.504449248 0.620750248 -0.678369403 0.24644196 0.0786155388 -1.0988518 0.770526528
x 0.670660734 0.708189428 0.130443081 -0.344021946 -0.332666129 -0.1263064 0.070451878 1.18690968
x -1.13708031 0.867403328 -1.1569972 1.73615324 -0.324930936 1.01645279 1.58378053 -0.735181987
x 0.0599823967 -0.607780218 2.40899134 -0.98429811 -1.71963418 1.0299778 -0.261641115 0.224418402
x -0.713292718 0.18337518 0.386001438 0.552977502 1.40134132 1.32002544 0.819630444 0.0534916371
x -0.291745216 0.654652536 0.299715668 0.379088908 1.06737721 -0.698518634 -0.380641699 -1.15703654
x -0.00948350597 0.309186339 0.377245605 -0.921022296 -0.505349398 1.4513849 0.673197329 -1.44090903
x 0.424632609 1.13296199 1.17397273 0.673082471 0.00874817465 0.023872938 -0.783292294 -0.867698312
x 0.0955814421 0.853713751 -0.366108984 2.05034518 0.391371846 0.307633966 -0.156531632 -2.04802489
x 0.693498075 0.693718851 -1.79575944 1.40604925 -0.863697588 -0.404639453 0.434271544 -1.22005248
x 0.791051209 1.37738025 0.259016812 0.401317656 1.98463273 0.355071545 0.572869778 2.68652487
x -0.81060499 0.236319423 1.26652622 -0.583020866 -3.01145959 -0.925553203 0.40517959 0.97029984
x 0.324867547 -0.0792000443 0.956989706 -0.105555899 0.978891432 -0.151868522 -0.540656447 0.689999998
x 1.94594491 0.754320681 -0.730314016 -0.0816000253 -1.28937697 -0.382721484 0.0470715798 -0.394959778
x -1.06459033 0.198739767 -0.0263829213 1.77213669 -0.709297538 -1.60917127 -1.22830546 1.70176566
x -1.0277288 0.0817843825 -0.402881503 -0.921586871 0.631540656 -0.821636021 -1.59391212 0.028538717
x -1.43681586 -1.08067322 1.02761757 0.934560657 -0.648516536 1.59151328 0.453880638 -2.20481634
x 0.595459938 -0.466013759 -1.03967321 -0.254452795 0.245485038 1.31301939 2.3253541 0.47811842
x 1.28664351 0.48855868 0.259320945 0.379381955 -0.748084903 0.190925047 -0.107248478 -0.658491313
x 1.26512218 -0.244983897 -0.327659339 1.91384625 -0.767161787 -0.513980567 -0.546495557 1.83206594
x -0.920142889 -0.403672963 -0.199109599 -1.00265825 0.774330616 0.0698456168 1.99393153 -0.195149839
x 1.08038247 -0.219763234 -0.797842264 -0.806277275 -0.951333225 1.09585917 -0.0797344968 -1.5419333
x -0.138367966 -0.347051322 0.12173555 -0.85505867 2.51362419 0.963848174 -2.46745539 1.06369591
x 0.0205594935 0.606446147 -1.2659359 -1.58640134 -0.227730408 -0.9507792 1.84665096 0.274007142
x 0.536033034 0.503458083 0.612357497 -0.0736346468 -1.25395954 -0.509111583 -0.27181977 -0.814227819
x -2.23959851 -0.666675866 0.417071283 -0.00312823639 -0.0461857356 0.934362531 0.581363618 -1.07678401
x -0.534017444 0.887923598 -0.111032717 0.0933647454 -0.891849935 1.14413035 1.5036329 -0.729371846
x 1.73465586 1.08319831 0.696381509 -1.63994205 1.01783311 1.03505743 0.0633102581 2.01328421
x 0.179893211 1.60701573 0.897680759 0.986214638 -1.29217136 0.475586414 -0.890825212 -1.29485095
x -2.71616173 0.148439839 -2.20587921 0.538190007 1.43330765 -1.21097231 1.78386045 1.04636395
x -1.18278372 -1.29510689 0.65756613 -0.791374981 1.05401134 0.558496535 -0.491862446 -0.113502264
x -0.166996017 0.684059381 1.82120669 -0.881671429 -1.25818682 0.460950315 -0.412811071 -1.90023291
x 0.347216964 -0.681362033 -1.05299926 -1.29386306 0.239184648 -1.16349781 -1.04896736 -0.301920384
x 1.53263581 0.252919257 -0.232487217 0.948424816 1.60035491 -1.38198769 0.375393212 1.03993595
x -2.08576918 0.59019798 0.239599362 0.527156651 -1.50866675 -1.15149653 0.115508862 -3.26638031
x 0.691191137 0.590195954 -1.02173626 1.49537432 -0.189137995 -0.748197794 -2.40936852 0.492863595
x -1.99899089 -0.402513742 -0.413805693 2.05928159 -0.158999726 0.306621939 1.676386 0.0160134882
x -0.242127523 -0.494762897 -1.99621391 -0.709606826 1.04673278 0.468861431 -0.601202369 -0.423516601
x -1.75883484 1.30132687 -0.149034873 0.913961887 1.53970838 1.59890163 1.73639464 0.376252502
x -1.30344439 0.481938928 1.38642132 -1.48606908 0.116159938 -0.431245238 0.350774914 0.246619985
x -0.743501365 1.3474406 0.657869935 -0.523931146 -1.47715271 -0.176918671 -1.35596573 0.273852348
x -1.14948678 -0.986694217 0.418109745 0.597724736 0.723786533 1.23645902 -0.456727117 0.376527041
x 1.30365682 0.891900063 -0.560704648 0.481324971 2.54673791 0.374976486 0.309702992 -0.168025747
x -0.325497687 -0.413120091 -1.03480482 0.92129302 -0.0797500014 -0.265042603 -1.95259738 -1.175614
x 1.29214835 1.22602212 -2.19453359 1.0282948 0.240032479 -1.81206417 0.857635498 0.218181267
x -0.179730713 -0.773338735 1.14875329 -2.51361895 -1.18585086 2.39962649 -0.757912457 -0.953408599
x -0.288195133 -0.0627546012 1.01966941 -1.46441138 -0.744479477 -0.830300987 1.91862178 0.912779033
x 1.26313674 -1.91391683 -0.867694557 0.852046371 -1.23619187 -0.398650497 -0.129795566 0.0931977928
x -1.31680763 -0.313391089 -1.13277924 0.478751868 1.22571135 1.4199214 1.95390332 -0.368440837
x 0.341687441 1.81436276 -2.81678295 0.196989655 -1.15494883 0.20427525 -0.356252909 -0.131215125
x -0.14669688 0.831599593 -0.103788584 0.717465103 -0.0633173585 -0.318801701 0.654832661 0.677841663
x -0.536806881 0.519246876 0.741093755 0.280121416 -0.667667508 -1.52533662 1.01735663 -0.466222823
x -0.367986053 -0.378978342 -1.42195976 0.21173124 -0.298121959 2.01224351 0.119724974 -0.367500037
x 0.31076771 -0.791690767 -0.321490318 -0.436697394 1.3627106 -1.06281364 1.05482733 2.60762095
x -0.0988571271 0.0469035842 -0.498405844 0.483059466 0.456563354 -0.590327561 0.682594121 0.53226316
x -0.326641262 0.612803459 -0.0512290373 0.529993773 -0.456705689 0.0388982147 -0.0889738798 0.150900319
x -0.873739541 -0.668258131 -0.360141426 2.8467617 1.130548 0.11431589 0.665056944 -0.692905605
x 0.148902684 -1.50777268 -0.840866506 -0.043220181 -0.258859098 0.148390085 0.424497694 -0.982975364
x 0.222621456 0.538342595 0.841162682 -1.65418732 1.09410036 -0.560798943 1.30228734 1.40355468
x -0.563710868 0.94898814 0.658878565 0.0959981978 -1.25217319 -0.246576667 -0.326282501 -0.679266155
x -0.0703032613 1.03911793 0.890553176 -1.21682215 -0.585155547 -0.297266215 -0.0614451319 -2.69796133
x 1.91552162 -0.155641869 -0.0286452025 1.48506689 0.356410265 -1.44337595 -1.8114785 2.27589083
x -0.766551554 -0.165841252 -0.165071636 1.7206881 0.983826041 0.0842324197 1.2208097 0.701906145
x -0.603319228 -0.559582889 1.19132996 1.46799648 1.8250587 0.425174832 0.843288541 -0.565359354
x 0.563205481 0.387207776 0.128192231 0.0375081412 0.0950763896 0.530772984 -0.527334392 0.387487531
x -0.71394527 1.96321404 0.00180619815 0.512668848 0.221423417 2.24547005 -0.486547619 -1.73849261
x -0.637046814 0.181402832 0.213916495 -2.12625599 1.00355196 -0.841798902 -0.655254722 0.364159912
x 0.830546081 -0.317176491 -0.0984563529 -0.970293939 -1.26601291 -0.731497824 2.06663918 -0.106026068
x 0.837511837 -0.330874205 -0.180062354 -1.41513216 0.245416656 -0.386543632 -1.41940153 0.870476782
x -0.307806253 -1.1759454 -0.920200348 0.476756096 -0.690549433 -2.27341485 1.7048347 -1.50906408
x 0.522759378 0.593657374 1.41583192 -0.538063347 -0.383069724 1.21199882 1.08413875 1.14170563
x 0.248842835 0.114459224 0.252839297 1.47892952 -0.879241586 -0.999153018 1.11023557 0.143191174
x -0.489144564 0.343547523 0.441769242 0.985575795 0.398654997 0.285028219 3.06004739 -0.144519493
x -1.66956532 -0.165614516 0.0621063076 0.385497451 0.166003793 0.825262189 0.403877407 0.622073591
x -0.373752803 0.613480449 0.345156401 -0.332873911 -0.16822204 1.48209321 0.464307934 -0.191102728
x -0.660918415 0.0759054869 -1.38050985 0.645583808 -1.51691127 -0.806865633 -1.61251736 1.09548509
x -2.82243562 -1.95495522 -0.142853066 0.156909525 -0.506964028 1.02394724 0.755627096 0.630462766
x 0.748329103 -0.281994283 0.0238698609 1.52943516 1.17396045 0.563760579 -0.480074853 1.19051838
x -0.24580431 -1.07545817 0.378475279 2.23607945 2.70271158 -0.0546936691 0.679146051 -1.22926223
x 1.25269544 1.00051367 -1.38754666 0.0818680227 0.567045391 0.655120194 -0.133280531 0.0613535196
x 1.99146414 -0.178757429 0.857390523 0.687898219 -0.400923133 -0.505174994 -0.693693578 0.100984231
x 1.50879884 -0.53278923 -0.642656803 -0.0683027878 -0.319939822 -0.399630874 1.66804826 1.38156223
x -0.711233556 1.80836749 1.89482832 -1.3451916 1.11708891 0.526985526 0.624082685 -0.410461992
x -1.28331995 -0.0479242019 1.18425381 -1.24680531 0.47772488 0.243266791 -1.86186934 0.893646777
x -0.993572652 -2.22835755 1.4333415 0.135651276 1.81888497 -0.991629422 -0.689816773 -1.10305178
x -1.45296586 0.189041242 -0.375790298 0.944954574 0.284638822 1.02626681 1.56410885 0.670942783
x 0.619510531 -0.015395443 -0.418685555 -0.7757743 0.949952126 1.20894349 -0.496640503 1.61982226
x 0.626820922 -1.2076441 1.13754904 -0.393401116 1.92343009 0.379601836 0.341134548 -1.61076641
x 1.24310327 1.67253363 -0.724586368 0.57614851 0.694688857 -0.399054527 -0.433552831 -0.59313935
x 0.286970526 0.0377720632 0.977661252 1.06195927 -2.0016923 -0.292151004 -0.127267614 0.922633469
x -0.108798467 1.06114626 -0.528254926 -0.786007345 0.455318093 -1.32980061 0.165838391 -0.190411076
x -0.929804802 -0.376623422 1.06934512 -1.28101873 3.06018162 -0.279677719 0.00956656598 1.24972188
x 1.2008183 -0.822307467 1.83229947 0.846867085 0.323147386 -1.46774304 -0.761418343 -0.00133121782
x -0.705508232 -0.595212162 0.511754274 -1.66865969 0.0996777937 0.243342742 -0.432184726 -0.428850293
x -0.993766129 0.729318321 0.116113812 -0.720889032 -0.504635096 -0.17637752 0.621708453 -1.20138562
x 0.84947443 0.971044838 0.310577363 0.768757582 0.0309277065 -0.70669347 -0.922198832 -1.42890632
x 0.706480563 0.575715303 -0.0620134138 -0.837742746 -0.140121028 -0.679387212 -0.996496022 -0.0299128108
x 0.125946954 -1.13802576 1.27739489 1.24842083 -0.984168053 -1.5347116 -1.87997615 1.09945393
x -0.464481503 0.214508951 0.551154792 -1.12032974 0.369062483 0.693365395 0.936018765 0.289684236
x 1.38634443 0.508762062 -0.167765319 0.0764992908 0.117727235 -0.100769199 -1.10985005 0.247802764
x -1.54417229 0.391213745 -0.735067785 -0.401084721 -0.968672633 0.425180048 -0.572530091 -0.0176121742
x -0.395899862 -2.44199872 0.378599256 0.109881468 -1.00488055 -0.302757293 -0.377752423 0.182134837
x 1.84391832 0.844854772 -1.17463052 -0.634553134 -1.3882935 -2.15238976 0.588348567 -0.0921679363
x 1.60185099 1.10145557 0.712782025 0.749293506 1.25144196 -1.10291302 0.682746589 -0.321211904
x -2.05196738 0.114799626 0.097142458 -0.337457001 0.854105771 0.690889537 0.458900511 -1.11291122
x 1.43221986 -0.100884296 -3.50611258 -1.48398328 0.436659992 0.786276281 0.22655879 -0.082813181
x 1.20013559 0.335576683 -0.555645525 1.78217793 1.32240903 0.427349538 0.278414011 0.0326141641
x 0.537307143 -0.701007009 -2.67967796 0.471865475 -0.0392992087 0.0971881151 0.64575398 -0.435866356
x -0.0186000057 0.720045388 -1.10819197 -2.20100069 -0.533435524 -0.645409048 -1.49851739 -0.846211374
x 0.135017157 -0.883883655 -1.06780005 0.728144944 1.36237562 0.902292967 -1.3068372 1.0110234
x -1.11903572 0.16969192 -0.820922554 1.19919229 2.71936131 -0.313965589 0.509437859 -0.901959538
x -0.609467864 -1.6247803 0.192818627 0.985197723 0.491757989 1.06526971 0.489445359 -0.766726732
x -0.881714582 -0.88756001 -0.585981667 -1.16102874 0.0520238318 0.261798918 1.02019107 -2.12613273
x -1.61035919 -0.642010927 1.02091515 -0.607640624 -1.32869065 1.00168967 0.749167562 1.39978254
x 1.29359543 0.215957373 1.11554396 0.977237642 0.448430955 0.0574275702 0.531985223 1.29296112
x -0.74834913 1.1326735 -1.44201636 -0.477201313 0.992401183 -0.285176009 0.0295328815 -1.10471249
x -1.95834136 0.354140639 0.562865853 -1.07351315 1.63866711 0.769291639 -0.0140519347 0.0438409522
x -0.964988112 -1.3279177 1.01907802 -1.05675352 1.30906701 2.14883208 -0.584070265 0.982701123
x -0.252110273 0.450516969 -1.76726604 -0.375629157 0.505660832 0.398641169 -1.41930115 -0.865467608
x 0.40962404 -0.290142745 -0.905308783 -0.573733807 -0.786234975 0.454401523 0.207986295 0.547422707
x 0.442994505 1.53117001 0.348247826 -0.441319346 2.10643482 0.163747191 0.994252264 -2.21404386
x 0.143572226 0.540482163 -1.80649424 0.0971893296 0.537336946 0.329588771 -2.34549046 0.240916669
x 0.675283253 1.13195729 -0.704794228 0.15077205 0.844637871 0.994162142 1.33976912 0.312045544
x 0.620328724 -0.934702814 0.294838786 -0.629398346 0.746198177 0.0510630608 -0.0179799814 0.262704462
x -0.471142471 0.395022959 1.43139303 -0.165366054 1.17583549 -0.286559999 -0.809423983 -0.131517708
x 1.79860926 -1.15677285 -0.377991736 2.13341665 -1.59458196 0.589199364 -0.00849795621 0.916836917
x -1.10387599 1.72678566 -0.557849705 -2.59290576 -0.240304947 0.0967706591 -0.169826567 1.49183464
x -0.0455896333 0.0279236194 -2.06665254 -0.284962803 0.219102517 -0.146789223 -0.948659122 -0.869858444
x 0.264347583 1.78951907 0.0790512189 0.333292484 0.458435863 -0.0745131224 0.0861671492 -0.806346655
x -0.788590491 0.58647722 -0.290817112 0.089297466 -1.76866937 0.0336114727 1.42138803 0.94667232
x -0.893324494 0.678230524 0.3800596 0.810548902 -0.863016725 -1.05862236 0.464609176 1.03275502
x 0.368588418 -1.72992992 1.12199044 1.53072226 1.20303118 -1.22439599 -0.730858028 -1.31994104
x 0.533538103 0.0382064953 0.142974362 0.577267766 0.386618495 0.328762889 1.46103036 0.448257446
x 1.23276699 -0.162646964 0.461596191 -0.234092146 0.740886271 1.02584291 0.615739703 0.605488837
x -0.564334095 0.418207109 1.53871834 -1.25983953 0.657910705 0.0928054675 1.17962372 0.534905672
x 0.382821023 0.691739976 0.0149474023 -0.09892755 0.941379845 0.868626297 -0.533664525 2.27614212
x 0.612172604 -1.57605696 -1.08053386 -0.257723629 0.0107243694 1.5507679 -0.178107902 2.05992818
x 0.142500475 2.09034371 -0.321726888 0.683259547 -2.59380102 -1.10672855 -0.694834113 0.361946672
x 0.582704306 0.18529658 1.104828 -0.114707783 -0.187719733 1.8443011 -0.259273738 0.246585011
x -0.914802194 -0.392470598 -1.1942718 0.585422456 -1.77296448 -1.49609733 -0.113992624 1.36439538
x -0.409991026 -0.306919962 0.772370279 -1.22117567 1.22744596 0.487104654 -1.38743889 -0.648010314
x 0.1094753 2.40992808 -0.748754621 0.31941545 -0.884420633 -1.06644976 -0.60582751 -0.281731397
x -1.26777124 0.0989138708 0.922474325 0.786115289 0.503305614 2.93929982 1.20302522 1.14776802
x 0.384449661 -1.14493191 0.188773468 -2.77605987 1.63431382 1.08609259 -0.717175901 1.66497338
x 0.0853994787 -0.816260993 0.185263529 -0.208319992 -1.01896691 1.32050562 2.37219167 -1.78019595
x 0.223463833 1.39646733 -0.290892661 -0.397017032 -0.141994074 -1.80271626 -1.65602767 1.6598959
x -0.783362865 1.41147757 -1.94407272 0.57606703 -0.338431478 0.0133678829 0.154858604 0.225558013
x 0.400626332 -0.128543392 -0.463890076 0.0338822864 0.339341938 -1.14813936 -1.00229025 -0.21478124
x 0.584664822 1.52925122 2.43321371 0.214155957 -0.898318052 -1.79937959 0.103296787 0.487565488
x -1.53093672 -0.516338289 -0.857730091 0.132764652 -0.969707072 1.10002398 -0.935088098 -0.0519356504
x -0.412510037 1.1139009 -0.684906542 0.998618066 0.671158373 -0.246922791 0.408236474 0.355311126
x 1.24382854 -0.502394497 -0.317932755 0.185460359 -0.675960898 0.105273701 -1.05882943 0.688036442
x -0.537115276 1.62158406 -0.015778875 0.167599857 0.222043335 -1.17301452 -0.762863278 -0.519986868
x 0.291744262 0.193218961 0.403049558 -0.789415658 -0.91170007 -0.239920884 0.989186406 0.172354326
x 0.392181426 -0.114552483 0.047771398 -1.59646368 0.597382188 -0.540799856 0.328867376 0.8893435
x 0.388908893 -0.186453238 0.455898285 0.383806556 0.999686897 -0.368485361 -1.19559228 0.623596132
x -2.39402604 1.2648499 -1.4449743 -1.13602579 1.25929165 0.829396427 -0.451159865 0.66583699
x 0.830396652 0.619427741 1.50702953 -0.101832435 -1.2373929 1.01883292 -1.69556844 1.69520545
x -0.850042462 0.728734434 0.384601265 -0.206377998 0.158758923 2.02272081 -0.797600448 -0.12740092
x -0.753428996 -1.05264175 0.313734472 -0.239514723 -0.62393105 0.752927303 -2.26807213 0.266324311
x 0.339915425 -1.14673924 -0.083522737 -0.920177042 -1.252702 -0.594919622 1.69857585 1.64030075
x 0.339326233 0.534279287 0.249906927 0.143287137 1.39562798 0.431031495 0.772108436 0.371323079
x -0.767288744 1.12157953 -0.345083416 -2.31491446 -0.335254103 0.733500719 -0.624603033 1.53501666
x 1.25906491 1.31260049 -1.79492688 1.91494155 0.391679496 -1.59528172 0.170264229 1.78401184
x 0.765078723 0.7322402 -0.302185386 -2.01133466 1.41335118 -0.650200605 -1.11426771 -0.788101614
x 0.560755491 -0.51824832 0.0128311338 -0.448128998 0.362288147 -0.488869727 1.291605 -0.947089016
x -0.724113762 -0.685860097 -0.706922352 1.16858149 -0.534087777 0.390719861 0.391589254 0.679060757
x 0.310279936 -0.866457403 0.60360831 1.00889134 0.843566239 -0.826352715 1.62136221 -0.191244513
x -0.743391514 -0.116885193 0.238743037 -0.000163137724 0.345803708 0.265573919 1.85217845 -0.363129973
x -0.99221462 0.449941874 -1.10596108 -2.60874343 1.27749801 -2.14926744 -0.299916148 0.414929658
x -0.415120661 -0.548155248 0.877647936 -1.33402467 0.00961811095 -0.650660753 0.996616244 -0.125228241
x 1.27474785 0.019180987 1.67944622 0.985493064 -0.742012441 -0.927581489 -0.454164177 2.05678201
x 0.285509318 -0.644295454 -1.03595257 -0.0375665352 1.64339519 -0.43770799 0.304824501 -0.363704383
x 1.76548827 -0.523126483 0.509050965 -0.472499996 -1.2103349 0.0138696367 -1.25772667 2.08717632
x 0.166345283 -0.767039597 -0.10414964 -0.289888233 1.15730596 -1.07339549 1.72875524 -2.15349936
x -1.04442036 2.35880089 0.833683133 0.604605854 0.728803217 -0.624716222 0.980493426 0.128585786
x 0.887672246 1.32826805 2.32789445 -0.586501479 0.206235111 0.657913864 0.387002289 -0.721409023
x -0.678689063 0.344220936 -0.879827619 -0.691581428 0.015762182 2.21795464 1.14910316 -0.449437559
x 2.2215693 0.933170617 -0.417620897 0.804971874 -1.2370466 0.270916551 0.548587382 0.208476409
x -0.0700770095 1.51863539 -0.572499096 1.21885633 -0.187952146 0.657261789 -0.16662924 0.571725249
x 0.312420785 -0.262275845 -0.543357074 -0.396768332 0.571136534 0.198446512 0.781954944 -0.766869307
x 1.61994207 -0.495731622 -1.29300201 0.964141607 0.775177717 -0.177139953 0.899256229 -1.49507082
x -0.126392469 -0.3213934 -1.26491034 1.20066988 -0.286450654 -1.24236643 -0.254448265 0.789446771
x 0.735783815 0.255727857 -1.23629284 -1.42859435 1.2664963 -0.388139188 -0.323898345 0.000899521809
x 0.476050138 -0.876223564 -0.285149395 -0.0608324297 2.206774 -0.200411275 -1.77934837 0.113259576
x 2.05220294 1.25694549 0.262987405 -1.01284838 -0.320518792 -0.321605772 -1.49152148 -1.2452544
x 1.50013661 -1.9410696 -0.361388862 -0.704233408 0.457015723 1.33322644 -0.431113809 1.09976256
x -0.116964273 -1.51883399 0.0295462087 0.639705181 -0.0542608351 0.0991967544 0.702497184 -1.54055452
x 0.944351494 0.122363418 -0.0992656052 -1.01682651 -0.617263973 -0.224618316 0.583931446 0.540005147
x -0.602677286 -1.22298408 -0.0284844078 -1.43144488 -1.11730683 0.819414794 -0.711360574 0.697853267
x -0.532575428 -0.159378529 -2.07399154 -0.339740723 0.768696785 0.957330525 -1.36570883 1.65545619
x 0.0457284898 -0.114697479 0.292875677 -0.533637643 -1.16756332 0.685916126 -0.465915263 -0.118914723
x -0.90992111 1.47251105 -1.458951 -0.891802967 -1.68246448 -0.399017841 -0.42192927 -0.849165857
x -0.28356573 1.74942982 -0.378455371 0.361141294 -0.970873415 0.011689919 2.47454119 1.44057667
x 0.165285304 -0.269606292 0.582897604 0.225148663 1.40620744 0.09376847 -0.794170439 -0.923107386
x -0.551726937 -0.547297776 -1.38476813 0.767379165 -0.295662284 -1.95080566 -0.499160975 -0.415481269
x 0.0290662609 -0.21557197 -0.510689318 -1.15173388 1.16040659 0.301866084 -0.19165802 -0.192512736
x -0.144246548 -1.32233906 0.695668995 -0.378801644 0.346331507 0.340605795 1.84518254 -0.220950276
x 1.70124948 -0.783340693 1.73640633 -0.114775009 1.58192635 0.0380638205 0.165788978 1.4215498
x -1.47820628 -0.546330512 -1.00678539 -0.107999906 -0.159782484 0.0798538402 0.858333588 -1.50709879
x 0.142860174 -0.777312815 -0.996450782 -0.184906647 0.282437503 -0.0572951511 -0.985438406 -1.23750222
x 0.469045043 -0.562084138 1.00289071 -0.692772686 0.973716795 0.00773589499 -0.400147974 -0.204205468
x -0.0873176828 2.02634192 0.176020369 -1.58464706 -1.7241075 -0.498505324 0.458652139 0.549756169
x 1.28764272 0.222026795 -0.118968308 0.505563021 1.62689328 -0.608636975 1.79192901 -2.37919402
x -2.42106199 1.50102019 0.0600886159 0.722064435 -0.513261497 0.745901346 -0.192319006 0.913048267
x -1.40796185 0.987280726 0.870101154 0.700407445 -0.125986546 1.28096139 0.619750917 0.2051671
x 0.451683104 -1.66040075 0.510633051 -0.142536193 -1.25234663 0.470430374 -0.25137648 -0.377925038
x -0.8713485 -0.657328963 -1.16155589 0.356603831 -1.24132586 1.92408895 0.249709487 -0.172675505
x -0.129419744 -1.18163264 -0.763831973 1.63882852 -0.399507374 -2.31515002 -0.581269324 0.760501206
x -0.0575848743 0.726081848 -1.27002478 -1.07382727 0.516521156 0.5127123 1.59011734 -0.0343312807
x 0.727567136 -0.236671507 -0.480701983 1.01094162 0.546657205 0.507725596 0.617049694 -0.160226449
x -0.267566025 -0.710296273 -0.280695587 0.0649973378 -0.811904311 -0.296393394 1.98372197 0.862870455
x 2.42380786 -1.81622553 -0.653608859 0.947422564 -0.0575745218 -1.29444695 -0.104260482 0.328454822
x -1.35028863 0.201860264 0.771993518 0.346380979 -0.373860747 0.821224689 0.133320317 -1.55397022
x -1.65351665 -0.504067838 0.0938214362 0.967027307 0.186041221 0.69927907 -0.0421543531 -0.107216589
x 1.28076243 0.521763146 -1.4919343 1.52470315 0.000931758259 0.814295471 -0.0603552014 0.0364817381
x -0.468112588 -0.906015456 1.00174308 -1.14225364 -1.02316558 -0.129828051 -0.166457459 -1.1712122
x -0.795607746 -0.375432432 0.299603224 0.402396441 -0.126441315 1.06620419 0.307232261 0.634345829
x -0.283965439 0.576200306 -0.288064986 1.28791404 1.50514364 -0.720764875 -0.477760822 1.49993348
x 0.0316138491 0.213990167 -0.402772516 -0.275436193 1.4534682 -0.113792755 -0.304086447 0.348897129
x -2.03570461 -0.0687350035 1.08740652 0.317829907 -0.117450997 1.52796125 -0.672002375 -1.93881178
x -0.856502891 0.167791337 0.344458103 0.421464354 0.138995171 -0.296080261 -2.05560255 0.0672783703
x -1.47936714 -0.519878268 0.355492115 -0.26356104 -0.629905105 -2.54548526 0.93505013 0.635991454
x -0.490697443 0.230025455 -0.395955175 -1.03578007 0.17378065 -1.02637053 0.90991497 1.20451713
x -2.47377443 0.52391398 -2.09967375 -0.0987125784 -0.695630789 -0.224276707 -0.62699908 0.503927231
x 0.113576904 1.20273113 0.556976914 -0.0519861318 -0.815716267 0.451534241 -0.172208503 -0.73575443
x -0.835400999 -1.743312 1.06103563 0.770800292 0.813095033 -0.681960404 -0.943071604 -1.1234448
x -1.21441114 -0.37077862 -0.949379683 1.40063381 1.73455894 0.586920798 -1.04208386 0.241568074
x 0.767993808 -0.539597273 -0.172003731 2.22098351 -0.693213642 -0.446549147 0.62687397 -0.833590209
x 1.9755547 0.428698778 -0.379049212 0.039681036 -0.630297124 0.108420871 1.49786878 0.0628436506
x -0.870217264 0.793785632 -1.06224144 -0.210148513 1.07188845 -0.454987735 -0.955704272 1.55579436
x 0.929700315 0.457986593 0.13447234 0.272518456 0.790033758 -0.0322775617 -1.14267039 0.892994225
x 0.415355831 -0.875074029 0.821513653 -0.397995055 -0.0416429043 -0.516164064 -0.668743908 -0.676231682
x 1.5237596 -0.537458718 2.24859262 -0.0955461264 0.548216045 -0.936095119 -0.737853467 0.0993521437
x -0.80147022 -1.00087714 0.856458604 -1.27105105 0.0135345915 1.12095225 -1.2597816 -0.0441846587
x -0.903398156 1.14668417 -0.11822363 -0.681406319 -0.248601198 0.259157568 0.888231158 1.3170892
x 1.24148953 0.230223671 1.80887914 -0.309525907 -0.406056553 -1.61916649 1.50951374 -1.44838917
x -0.933180273 1.39027393 -0.698080838 1.57892346 -0.727410734 -0.241897255 -0.777997494 0.744933426
x 0.31811142 -1.77675056 -0.377743602 0.50940603 1.12058437 0.0942862555 0.806226015 -0.802513599
x -1.02260602 -1.80740833 0.768350899 -1.08702612 -0.237878844 -0.0343496315 0.940294504 0.828470707
x 1.97019434 0.884325683 -0.441767901 -0.0838036612 -0.81598109 0.856798589 0.192719489 -1.17596078
x 1.49423587 -0.690804899 0.30313012 0.463300437 0.153474733 0.68535459 0.0759732649 1.30740488
x -0.239931375 0.244463339 0.0137184449 -0.423750281 -0.888814509 0.470103592 -0.477491409 -0.900048614
x -0.149395406 -1.37447703 -2.38724732 -0.989107788 -2.10030961 -1.30742013 1.3046875 0.426482528
x -1.46216881 -0.833916783 -1.54612625 0.390388995 1.80743563 -1.07829571 0.413192779 1.20143092
x 0.655073881 0.243871763 -0.196746573 0.892783105 0.762706161 -2.31514645 -1.54409409 0.629846454
x 0.159279779 0.296251744 1.36953068 -0.215198487 1.18978441 0.118228577 1.90205491 -0.882349789
x 0.999112308 0.168726653 -0.671139657 -1.40793109 3.63287663 -0.265749812 0.264215767 0.0710145012
x 1.07737648 -0.135851711 0.76450491 -0.351747036 -0.33944869 -1.5283556 -0.602600217 -0.318189681
x 1.20996439 -0.108646281 0.243570641 2.06613421 -1.45801485 0.8381778 -1.14503968 -0.448084027
x 1.21352208 2.28642607 -0.445386648 -0.0123648206 -0.451866418 -2.43561387 2.01351929 0.417535037
x 1.48005724 -0.200081304 0.104788035 -0.547284782 0.13454254 -0.696855783 -2.16223025 -0.424021214
x -1.32002449 -1.39873481 -0.880093992 -0.650164664 1.47771859 -1.05827785 0.651293814 -0.24967511
x 0.285946608 0.770777702 -0.963498056 0.394441068 1.15472829 -0.150366947 0.83997947 0.347054034
x -0.264839977 0.679820359 -2.55845523 -0.783153892 -0.563496232 -1.27640188 -0.9407655 -0.388121724
x -0.346014559 0.0381147228 0.512715697 -0.0295235813 -0.575279772 1.67131877 1.38183224 0.339230955
x -0.519829214 -0.310390145 1.03799784 2.20011973 1.23572814 -0.027306512 -0.215853274 0.340641618
x -1.12055898 -0.213883057 -0.58880204 0.363808393 -0.387156069 0.367680579 0.320763886 -0.673215866
x 0.811908126 0.226001769 0.109305382 -2.44047546 0.365616024 1.30196428 0.559524357 -0.156493664
x 0.141552642 1.04443192 0.0524140857 -0.467718095 0.66373533 -1.16540575 0.579953671 0.180838063
x -0.329974204 0.465231568 1.4328599 -0.690483451 -0.450852126 0.667836964 2.50334048 0.122559875
x 0.541117847 1.83334684 -0.767209828 -1.73010147 -0.0647371486 -0.467952937 -1.42125976 -2.15503502
x -0.353422284 0.491618454 -1.50205278 0.123178326 0.582568884 -1.20815146 -0.79321456 0.840161264
x -0.496834725 -1.19419348 -0.0487541594 -0.181229651 0.513102829 -0.725188851 0.419606209 -1.04736876
x 1.88966334 -0.598400056 -2.33033657 -0.384948373 -0.843957484 0.518770814 -0.357248843 -0.601492822
x -0.132615581 0.758941948 -0.137642488 -0.658784747 0.591699719 -1.04541206 -1.19760275 -1.18948281
x 0.838866353 -0.639853656 -1.01014423 0.894971251 0.654333711 -0.495768964 0.586805642 0.387457758
x 0.514408469 -0.656884134 1.06885624 0.0599364862 -1.05348361 -0.175400987 -0.581512153 0.735267997
x -0.173361704 -0.311317146 -0.598357737 1.17891502 -0.358061522 0.0677769408 -0.915843189 0.0364761315
x 0.14655982 0.603951514 0.748234093 -1.98733842 -0.530345619 -0.718725681 0.251588494 0.265529275
x 0.287432492 -1.86432183 0.351199836 -0.349665701 -0.375937253 0.576965511 -1.04956162 -0.886084914
x -2.04220176 2.00593925 -0.758330226 0.277798295 -0.652730346 -1.42699504 0.283806533 -1.04363072
x -1.42358792 -1.08492792 -0.828280628 -1.41008973 0.25644666 -1.162287 0.29420507 -0.634439647
x 0.839713871 2.36357594 -0.486440688 0.445023119 -1.00179064 1.05639482 -1.93082809 -0.762164652
x -0.432171434 0.799605727 0.845736206 0.330801398 -1.70664346 -0.519945741 -1.53756678 -1.39117467
x 0.719831526 -1.33365655 -0.956090152 -0.154614255 1.01389837 0.96995759 0.682713032 -0.0469807312
x 0.0518470518 2.77707815 1.88113141 1.79327464 -0.670828104 0.767335474 2.87462187 0.164304152
x 0.308542311 0.221520856 -0.0906575844 -1.51029038 -1.6076597 1.5482409 -0.0350412466 -1.84744024
x -0.473857015 -0.203399673 0.416542053 -0.454791844 1.05126739 -0.633113146 -0.521806121 0.251759917
x -0.581147492 -0.220068648 -0.42608124 -2.87764049 -1.12072313 0.754215002 -2.37944937 -0.831007242
x 2.07780886 0.454490095 0.00301420386 0.0633391067 -0.983474314 -0.113851041 0.189231604 0.175584123
x 0.60529542 -0.644307554 0.633320868 0.648121059 -1.58368921 1.17002439 2.24414372 0.375200152
x 0.302263916 -0.613437533 1.17464149 0.410389036 -1.3288877 -0.710581005 0.109815918 0.796222508
x 0.0632047132 1.41321576 1.47186041 0.267459244 0.0372936465 -0.788852274 0.335942775 -1.4586134
x -0.941116512 0.450343072 0.922338128 -0.95409286 -0.53489399 -1.1566627 -0.635612547 0.928855658
x -0.630601406 0.323915541 -0.688699901 -1.96270883 0.989776731 -1.21673179 -0.525290251 0.310096413
x -0.729042709 0.74901396 0.456333935 -0.523645699 -0.124711648 -0.672014832 0.337002546 -0.966197014
x 2.23475027 2.52162743 2.06570816 -1.43125772 0.0837642774 0.0728360489 1.01785135 0.114621408
x 1.87913191 -0.121912517 0.615153968 0.529080868 0.228173688 -1.59265232 0.759005189 -0.370730191
x -1.08312047 1.13484395 0.0964506045 2.42941189 0.142551795 0.0241286885 0.0117079988 1.65280545
x -1.6127311 -0.950118959 -2.48888922 -0.0642110035 -1.03679514 -0.263386399 0.511643708 -0.814822316
x -0.286075264 -0.664635718 0.156419784 -0.631958842 1.83443105 -0.659658849 -0.208960712 0.237124622
x -0.418530464 -0.190118596 1.29785657 -0.967348754 -0.615534782 2.66147423 0.512991846 -0.935409307
x 0.59844929 -1.54079056 -1.29187346 0.409797966 -0.494046926 0.878116429 0.00129952352 0.624410093
x 0.915635169 -0.10907349 0.146704614 -0.529791772 0.744569361 -0.049117323 0.0384280719 0.207459033
x 1.41237152 0.356773734 1.73853397 -1.7274698 1.89391387 -0.966290414 -0.603531837 -0.610330582
x -0.853111684 -0.652788341 -1.20564139 -1.43284619 0.0239867494 -0.390292794 0.0588037856 0.0390906036
x 0.995576084 -0.978194416 -1.23092937 -2.45870924 -0.742247581 -0.397060573 1.74128067 -0.241831586
x 0.472088158 1.34388614 1.01967847 0.337661028 1.54509461 0.120092638 2.17452693 0.049213104
x -1.03628325 0.706406474 -0.980754375 -0.619888604 -0.339667082 0.490878612 1.84603512 -0.601871073
x 0.835144997 0.0474659353 1.37533295 -0.589965701 0.555078506 1.52273464 -0.610991001 -1.2012639
x -1.35950446 -0.494184375 -1.6423403 -0.571627915 0.491366684 -0.234894514 0.97985208 -1.54551566
x 0.716305077 -1.71304643 -1.12779701 1.11515963 0.474662066 -1.5561595 -1.37347507 -0.169765458
x 0.329865396 1.91905046 -0.26832068 -2.35041142 -0.0322811827 -0.339326531 -1.04988885 -0.881007195
x -0.0478224084 0.733716607 -0.0121491477 0.201088548 0.157519639 -1.05656397 0.213487133 -0.804057598
x 2.80506182 1.4778614 0.430759519 -0.230914339 2.04418612 0.583999693 1.48380101 0.521929026
x 0.533627808 0.404791445 -0.820783138 -1.01094627 -0.341267049 1.6584599 -1.2674334 0.755573511
x 0.448716909 -0.485526502 1.21034372 1.13774633 0.155748576 -1.02830672 -0.0148982462 0.169301778
x -0.833497107 -0.55273968 -0.857338488 0.755420506 -0.61820966 -0.103996873 -1.39459097 -0.415454358
x 2.77273321 -1.07733953 1.76211476 0.0315880813 1.36630118 1.23476422 -0.410372108 -0.575343668
x 0.650540113 1.24214172 -0.809796393 0.66155386 -0.121601321 1.38608277 0.100951634 1.12756717
x -0.10823822 -1.04363751 0.65891248 -0.140117913 -1.05987954 -0.264649123 -1.65955615 2.05446553
x -1.75115323 -0.867555559 1.07589459 -0.267115265 0.416059881 -1.38364673 1.67761278 1.06961226
x 1.81319535 0.340907782 -1.04465449 -0.720798612 -0.628259897 0.572178662 -0.384236664 -0.596744478
x 0.841071665 -1.09710073 -0.335323155 -0.379032046 -0.617731214 -1.00580108 -0.192008957 0.11036092
x -0.211803123 -0.0992902368 -0.0758010596 0.136264205 -0.708700359 -0.545627058 1.04524183 0.711347282
x -0.312491775 -1.58338177 0.655686319 0.0857473016 -2.31075191 -0.162406176 0.863105118 2.03095818
x -0.132007286 -0.0191773046 -0.627506971 0.60890913 0.577594101 -1.38372672 -0.419723839 -0.535176694
x 1.31107986 0.771436393 -0.350491911 0.428195775 1.0608803 -0.694240451 -0.510172009 0.914022624
x 0.80358094 -0.36011678 0.123113714 -0.308066487 -0.619153798 0.901404977 -1.01392806 1.49349964
x 0.224135429 0.273543835 -0.531627715 -0.159724578 -1.30889821 -0.909827173 0.372751534 1.23214507
x -0.139650077 -0.63619864 -0.251381189 0.472405702 -0.5342682 0.812654614 0.602001965 -0.0880230442
x 0.921572983 -0.665898323 -2.49573469 -0.581121862 0.327387393 -0.727821529 -1.29483485 0.300431371
x -1.32447648 0.344234198 0.619712651 0.530991495 -0.296743095 -0.323253185 -0.891616046 -0.670306206
x -0.362515092 0.268053383 -1.06884718 0.757034123 1.64095914 -0.464369565 1.12759745 -0.0820535496
x 0.62964493 1.41445386 -0.679626048 -0.675934255 1.18598092 -1.0780952 -0.129342124 -1.01401913
x -2.5187149 -0.184791118 0.822329462 0.506881654 -0.470887423 0.344174027 -0.000902997854 -1.52638447
x -1.66409457 1.47795606 -1.06531572 0.569976926 0.411301315 -2.54543686 0.316898644 0.360307813
x -0.0344580747 1.02035666 -1.08814573 0.875442982 0.430710733 0.101247475 0.157789811 1.0870831
x -1.78227496 0.0785701871 -1.3154726 0.128404036 0.27191183 0.734932721 0.0439705104 -1.03982258
x -0.380356371 0.804073632 0.417357892 -0.136173546 -1.67018044 -0.923798263 0.401368022 -0.947105885
x 0.322721094 0.847808063 0.586578071 0.296551436 0.421523243 -1.24249911 -0.859009743 -2.05990839
x -0.780358672 0.943872929 -1.32945049 0.416661412 -0.295479923 1.85244095 -0.323069215 -1.24260283
x 1.49539626 0.253088266 0.813634098 -0.149340495 -0.998968899 1.09162295 -1.11079097 1.11861503
x 0.335291445 1.7883836 -0.220820874 -0.689763725 -0.666294098 -0.646478117 0.124395058 0.0550446585
x -1.30034626 -0.616990089 -0.0397866555 -1.31065023 -1.38253665 0.371808439 -0.727475762 0.0197919477
x -0.678801715 0.111298472 -2.48642325 -0.592403948 0.856863678 1.10046291 -0.0202579144 -0.463728428
x -0.205363676 0.660048842 -1.76982951 -0.0415357053 1.57825255 -1.76982927 -0.463622361 -0.174601719
x -0.421314269 0.560450315 -1.19035029 0.441673607 -0.113724798 -0.260422438 -1.04945064 -0.0240853839
x -0.136248142 0.543678403 -0.347592771 -1.34780264 -2.36734056 2.62091231 0.264330029 0.0131259626
x -1.01039994 0.311517626 -0.481481314 0.435615361 0.921390772 0.429624557 -0.0558678433 -1.12445676
x -1.6155225 1.02693629 -1.15016019 -2.41619325 1.45027745 0.172187105 0.231522873 0.785732031
x 1.08054304 1.34254909 -1.97751117 2.13115788 -0.67721802 -0.434917897 1.54179204 0.408650488
x 0.500050426 1.57677948 -0.60868001 0.488895774 0.566846669 1.53605497 0.813320637 0.20689927
x 0.422561169 0.114541292 -0.326279998 0.813116729 -1.21252108 -0.0927826688 -0.735750973 -0.580150545
x -0.0851922482 1.12175333 0.116647549 -0.509576678 1.44024074 -0.933714569 0.459166706 2.01575136
x 1.67236817 0.877999425 0.226438627 0.224713147 -1.09690607 1.11940527 -1.18707001 -0.921917617
x 1.08976161 -0.355205536 -0.452004015 -0.975517273 -0.0484963506 0.922881544 0.88753438 1.02315831
x -0.215727299 0.121794894 -2.5074594 0.567478895 0.950386882 -1.28306699 0.0753858462 0.933939457
x 1.2030617 -1.78743219 1.50137019 0.118791617 -0.126610547 0.829089344 0.40462777 1.49973333
x -0.705159426 -0.41560778 -1.51837134 -0.505686939 -0.334269404 1.16801929 1.40637183 0.270592719
x 0.218133301 0.539928317 0.222171277 -1.6812911 -0.660790503 0.97636193 -0.687206328 0.195639804
x 0.478118956 0.0502893366 -1.54838145 0.220415309 -0.140520692 0.876997173 -1.12798512 -1.04005754
x -0.397226632 0.438463271 0.038397193 -0.275734335 1.70502532 -0.330033153 0.19141522 -0.72373116
x -1.33645594 -2.61861515 -0.115444519 0.506893516 -1.46858156 0.0139025869 -0.38124305 0.855625749
x 1.02404797 -0.971934199 -0.543729305 1.1838516 0.0708955303 -0.690587223 -1.68179584 -0.616430223
x -1.51562333 1.24080944 1.41532671 0.345625371 -2.06643081 -1.37213361 -1.46453035 0.388874084
x 0.353331745 -0.0859553739 0.0619082749 -0.196455002 0.197536498 0.10450273 0.628019214 1.47146869
x 1.70464742 1.01691985 0.113758303 -0.842484474 1.00200474 0.375661433 -0.0585458055 -0.420522571
x -0.00933502428 -0.19394131 -2.07207417 -0.114909425 -1.43327141 1.07743108 -1.18553412 -0.00905700959
x -0.149929404 -0.88862288 -1.95426869 0.669812799 -0.0220436938 -0.144940108 0.340975225 -1.41080558
x 1.77142501 0.174495071 0.542062521 -1.10368562 -0.745185375 0.259168506 -0.872752428 0.647885382
x 0.952945292 -2.53910422 0.204631448 -1.19734323 0.933419406 -0.50372076 -0.114872552 1.03877306
x 1.92981791 -0.89195627 0.744685173 -0.917343199 -0.203415275 -0.939287305 -0.117804557 -1.81643045
x -0.679506898 0.386539131 0.0314460732 -0.989794016 1.05493474 -0.682510078 -1.11582386 -0.104697794
x -1.47499216 0.834497392 0.474676758 -2.54949474 -0.695441067 -1.69824982 -0.0753132552 -1.54084384
x 0.351237446 0.826084018 -1.79556179 -3.06467462 0.785776734 -2.23103452 -1.33840954 -0.308654398
x -0.945888698 0.97612226 1.82471704 1.18352044 1.90250337 0.61248529 -0.622145772 -0.866970599
x 0.353149444 0.322018057 0.717954814 -1.75967407 -0.27241981 0.706007123 1.15695715 -1.59605384
x -0.904070914 -0.471010506 -1.44919097 0.347557306 -0.22737588 0.693873823 -0.0486413613 0.347006172
x -2.02196169 0.14347595 0.644396365 0.309812844 -0.572179019 -3.14178348 0.635885298 0.088822484
x 0.748010874 1.36947179 0.152811721 0.149389669 -1.24133015 -1.07209229 -0.70588243 0.50730145
x -0.849458396 0.806263983 0.454483449 0.0189565625 -0.127221972 0.292115688 0.105536111 0.198929816
x 0.292469531 -0.500964999 0.428218544 -0.600134671 -0.00577122532 -0.842642307 0.520877957 -1.82200563
x -0.830019355 0.527472913 0.5275684 0.623602033 -0.677244127 -0.898506701 -0.511263609 1.22108495
x 0.347387373 1.77180469 0.53633213 1.03716028 0.350071073 1.04083467 -1.2028861 -1.20386457
x -1.06648207 -0.732517719 0.532721043 -0.146265268 0.0991839543 -1.16744208 -1.47555125 0.711004376
x 0.70069927 -0.72258836 0.911554575 0.189598382 -0.172327116 0.50005734 -0.211609557 1.41562843
x -1.18591928 1.20421469 -0.680709839 1.14850867 -1.78829026 -0.671418369 0.16661498 -0.465195537
x -1.95860732 0.0144396927 -0.328005821 1.7300669 -1.39253187 -0.455277532 -0.264298558 -0.0520394184
x 0.518279731 -0.615149617 -0.411402255 -0.923290014 0.034641128 1.5854224 -0.264004827 -0.289730132
x 0.618830383 -0.96794337 1.65573251 1.10065162 1.27033532 0.426550865 1.52607453 0.543616831
x 0.941687346 -0.033002723 -1.76315248 0.654841959 -0.016554907 0.158880726 0.647890806 -0.171721771
x 1.37523174 -0.251863807 -0.765070021 -0.465445042 -0.977521896 0.0702161342 2.07534575 0.0272915531
x 0.381081522 0.641620696 0.685141981 -0.272868365 2.11662722 0.695569158 -1.64278305 0.617917299
x 0.109376334 0.674240053 0.740506232 -0.64377749 0.751271784 0.877717495 -0.357728362 -0.130130097
x -0.755868495 -0.831708968 0.795058668 0.0216458943 0.164081916 -0.830011964 1.02845633 -0.125278026
x 0.74083364 -2.18900681 -1.64439607 0.986792386 0.3765378 -0.50456363 -1.07282341 2.09105706
x -0.820615709 0.337377876 -1.14021719 -1.35703695 -1.72998798 0.0844135135 1.23151255 -0.523879588
x 0.515489876 0.849302828 1.00462437 0.300972342 -1.36785889 -0.911519706 -1.41290569 -1.59825826
x -0.170902967 0.283976167 0.980469644 -1.86509681 3.22289681 -0.344179869 0.245564669 0.903588533
x -0.0670860112 -1.3780278 -0.36467734 -0.973678112 0.348174661 -0.237071544 1.10648441 -1.62479949
x 0.19117102 -1.60441685 -1.80359471 1.40620673 1.04169869 -0.0713299289 -0.834826708 -0.970902026
x -1.00565898 -1.32975054 -2.19990468 -1.10389161 1.29628301 -0.0088439947 -0.704633117 0.942728817
x 0.437299669 -1.20061421 -0.723378897 -1.07522929 -0.705595911 -2.15985128e-05 1.07965267 1.54708397
x 0.167346954 -1.08684778 -0.79960674 0.144106343 -0.526339829 -0.0317567177 -0.608365357 1.66434968
x 1.16420579 -0.340504915 -1.63939953 0.0563610978 0.171082079 -0.57119 -0.563760757 0.931919336
x -1.85284543 0.270066231 0.298626184 -0.527044475 1.21016324 -0.972119093 0.0307984389 -0.518392205
x -1.48664606 1.39620233 0.704174757 0.443766326 -0.502813578 -0.257088959 -0.99472332 -1.15874505
x -0.848968446 -0.950568199 0.744986296 0.603275299 -0.660103261 -0.412911415 -0.932910979 0.183505252
x -0.0591351986 0.228777975 -1.29777586 -0.508099258 0.206160739 -1.16516471 -0.532885492 1.04983401
x -0.457995594 -1.44896793 1.96998179 -0.474752396 -0.0259012338 -1.21416485 -2.03442049 -0.0325374156
x 0.896191657 0.658566773 -0.300505102 1.1731236 1.6004132 -0.273081839 0.191087231 -0.29047218
x 0.638847351 -0.620931983 0.826590002 0.144137278 -0.480173826 -1.83119404 1.51782596 0.644738317
x -2.14888644 0.574532986 -2.64161468 -0.599566102 -0.245455578 1.08476686 1.65040994 -1.54725492
x 0.926886559 -0.267323434 0.196127653 1.50859344 0.667731106 0.526197433 -0.959406078 -1.17967784
x -0.382578611 0.794746041 1.35153353 -1.03795981 1.16450763 -0.199249417 0.200707287 -0.643824995
x -0.00513220904 -0.808036745 0.719802976 -0.649749339 -0.48346439 0.336104363 1.09955728 -0.943828046
x 1.05246603 0.980079234 1.10722315 0.113815993 -0.320842534 0.0705038384 -0.267345816 1.88869703
x -2.14412117 0.583233476 2.5346725 -0.281489938 -0.2673271 0.766418576 0.456560403 0.0225213934
x -1.13495028 0.909262538 -0.0684832186 0.483820409 0.626640379 -0.910668671 1.01397026 -0.197070494
x -0.963835418 0.0582600757 -1.1276567 0.592638612 -0.757055998 0.40462634 0.0435531139 0.368013769
x -0.00700617954 -1.00448692 1.55748713 -0.838604391 1.16959596 1.73405504 0.625627279 1.09122181
x 1.60026991 1.2933501 -0.980671704 -1.20331633 0.267465144 0.174747169 0.401925951 -0.171835691
x 0.39129281 -0.748593211 0.248571411 0.283729643 0.581236839 0.0380858816 1.10625374 -0.0241129864
x 0.81742394 -1.48859787 0.740584314 0.435200423 0.00395875331 0.455780894 -0.019345047 0.532592058
x -0.425576061 -0.238739491 -0.496016622 -0.977104843 0.874815166 -0.289387017 -0.263147622 1.34728587
x 0.190081328 0.515154898 -0.255764663 0.416679025 1.84380198 0.468756378 1.90134752 0.514993489
x 0.851828337 -0.964215815 0.469926149 0.50874722 0.921692312 -2.02515221 -1.09106815 0.334427178
x 0.868712246 0.31104359 -3.0105927 -0.421623737 0.351868361 1.01730192 0.013772144 0.28949061
x -0.755364537 -0.439930558 0.643285692 0.355621099 0.638715327 0.478703111 -0.530358672 0.912316859
x -0.226508021 0.481687665 -0.467350811 1.26811838 -0.677030265 0.0768139586 0.853237092 1.25409114
x 0.5657956 1.18368888 0.762172282 -0.3313829 0.798369586 0.105902679 -1.13399076 -0.661566019
x 0.426898003 -0.800614417 1.51251709 -0.757500231 -1.15069222 0.612340927 -0.606661499 2.7215097
x -0.329749823 1.18787897 0.80210042 -0.295563132 -0.890890241 0.253233492 -0.80912751 -0.0215772036
x -0.698823273 0.0490074791 -0.344653338 2.88970637 -0.394540876 -0.25441432 0.181111306 -0.141745225
x -0.548783362 -1.50683939 -0.0528742932 -0.27823925 -0.280029237 -0.725320876 0.71283555 -1.1595397
x 1.86205339 0.0898860395 2.33861542 1.61441684 2.28423119 -0.583477974 -0.124124356 0.672226846
x 0.378847092 -1.48270655 0.639609158 0.866478324 -0.598965526 -0.714188933 0.217630342 -0.395129859
x -0.27027452 -0.519245505 -0.589931846 -1.890082 -1.62638521 0.730855882 1.81897247 -0.0910054669
x -2.30726075 -0.381919622 0.419396877 -1.0409236 0.280190796 1.50288796 -0.493430942 -1.60245955
x -1.82553184 0.0273104422 0.194288343 -1.39847577 -0.265351176 0.621563315 0.639356077 0.472609967
x 0.260079533 -0.391522318 2.35197568 -0.72639668 0.34487623 0.405193508 -1.11667454 -0.383037448
x 0.564723015 -1.11282194 -0.612949789 -1.1006434 -0.354209512 0.134837165 1.94017577 -1.89095819
x 0.0874714553 0.53136903 -1.5729214 -0.0671348274 -1.11537445 0.659137189 -0.788980305 1.64320064
x 1.20067823 -0.39694038 1.0491147 1.49972737 -0.498815536 0.112748556 0.180819675 -0.712676764
x 2.02681112 -0.72485733 -0.909786165 1.43177211 -0.430230021 -0.716985583 -0.0921626166 0.394644618
x -0.164488077 1.54262817 1.29973793 0.050560452 -0.117126808 -1.72700751 -0.908764958 -1.28337467
x 0.737676978 -1.09669864 -2.43768454 0.504299521 1.73165584 1.06132686 1.14641893 0.456635416
x -0.976061046 -0.788221598 1.06851971 -0.847059488 -0.238824457 1.02392745 -0.475045353 -1.32379103
x -0.686946094 -1.09286177 2.34052944 0.434481025 1.44126832 1.12725937 0.975019395 0.129081383
x -1.07159543 0.120419532 -0.0622843876 1.40831268 0.574174166 0.473734707 -0.136330768 1.73611319
x 0.213020861 -1.68052113 0.509066164 0.162506029 -1.00293159 -0.546757579 -0.443944782 0.0362345129
x 1.52416503 1.54470789 0.549482465 -1.2455442 -0.448275805 -0.0570052676 -2.02675891 -0.190732121
x -1.04066789 0.679968596 0.885465264 1.02042651 1.37243593 2.26313066 -0.13519299 -0.455427438
x -0.189549059 0.169660255 -0.930178285 0.0396548435 -0.716858685 -0.831516981 0.770832241 0.898852289
x -0.379590988 0.828680098 -0.514393508 1.70229971 0.371666521 -0.802707195 0.923590064 0.870953441
x -0.803555369 0.458542854 0.0915256739 1.38107383 -0.807859659 1.40614545 0.614464045 -0.699775517
x -0.708194494 0.26737681 -0.0268875249 -0.155321777 1.90504444 0.207200155 -0.125890881 -2.55307364
x 0.780541241 1.52210104 -0.257504791 -0.953685522 1.60525572 1.31414926 0.535957396 -2.12404823
x -0.457090706 -1.30248678 0.694955289 -1.04852819 0.240665302 0.981557488 -0.221960142 0.889786243
x -0.493346959 -1.29897356 1.51941788 1.78087592 0.379692495 -1.60148716 -1.58501709 1.38412917
x 0.529593587 -0.171942458 0.3719109 2.03829169 -0.621851265 -0.145829171 -0.808652282 1.45404935
x 0.470755458 1.04100609 0.18349345 -2.03077984 -0.757164598 -0.920251966 -0.787525237 0.215136096
x -0.359205097 1.02199721 0.0453736298 -0.206548035 1.48082793 -0.736400425 -1.09791732 1.66725528
x 1.15687001 -0.710417867 -0.112854749 -0.83621484 -0.087224327 -1.23459566 -0.259491533 1.55642116
x -1.30488312 0.243406534 0.837062001 -0.491230726 0.948700011 -0.52380085 1.19475281 0.81958127
x -0.899279535 1.11308491 0.258537531 -0.747981429 -0.853287935 0.0829041079 0.471584111 -1.52944803
x -1.31385124 -1.6090312 -0.172825426 -1.09452856 -1.26913726 0.50437808 0.946015358 -0.294861287
x -0.689992428 -1.34420705 0.733159781 0.0997136012 -1.15129817 -1.18515682 -1.07306254 1.3173728
x -1.10687923 -1.18620658 1.08736432 -0.0564421527 -1.6667577 1.02919507 0.601679564 -1.43010628
x 0.447562635 -0.792512774 0.586666405 0.8423298 0.380767673 -0.252513528 -0.21822533 -0.463860244
x 2.09008455 0.668898225 0.39961952 2.23309875 -0.157289445 -0.667307198 0.583270967 -1.42670143
x -0.541335762 0.925817072 0.37337327 1.0721966 1.38782954 0.675343931 -1.02577806 -2.00834656
x -0.446082294 -1.60427678 -0.289657116 -0.654162884 -2.05173039 -0.603664517 0.193141624 0.349484891
x -0.685522854 0.608691514 -0.0695289671 0.253444016 0.961720884 -1.06764567 0.0207055137 0.441604316
x -1.23646605 -0.124895491 1.5372659 0.182968438 -0.168768853 -0.216624349 -0.0878476426 0.209141836
x -1.55201125 -0.0507584959 -0.393395662 -0.408495545 -0.495009005 0.660484135 2.52302933 1.05176413
x -0.0491530634 0.629375577 -0.693703592 0.238375098 0.801758528 0.962712705 -0.652679324 -1.12167335
x 0.240416184 -0.0495763943 1.01714051 0.21781376 0.0675527751 1.28644073 0.742418051 -1.69780147
x 0.570638299 1.00236225 -1.15865564 -0.071673736 0.129786685 -0.938593507 -1.55244398 -0.331881315
x 0.36408934 0.151316106 0.618232012 -0.0284596458 0.678142548 -0.241925448 1.23872101 1.0128628
x 0.661721587 1.13544559 -0.877344668 0.0841302201 -1.15889144 0.274894893 0.152642205 0.15290913
x 0.809796989 -0.449345648 0.511827171 -0.221720517 -0.487572551 -0.698889136 0.367337972 0.527604222
x 1.40100455 -0.833845496 0.227805063 -0.291917294 -1.48354888 0.938925028 -0.715221465 0.560574889
x -2.08135223 -0.00876014307 -0.230751052 1.5851227 -0.521015167 1.03880286 0.206958279 1.42289805
x -0.348173559 0.151735514 0.601512372 -0.680394769 0.589893579 -0.947726727 -2.04062557 0.350713909
x 0.875746489 -1.10806894 1.38739574 0.153700128 1.51312745 1.03455877 1.30913603 0.643203139
x 1.00567532 -1.50797856 -1.38743162 0.159353301 1.08644664 -1.31290174 0.938968658 -0.298214823
x 1.45199955 0.427658975 -0.153889209 -0.195571959 -0.725941658 0.87098223 -0.299711645 0.654779255
x -0.229409695 0.121947281 1.0692023 1.49940693 1.59060013 0.783742964 -0.140580237 0.308622777
x -0.682972908 -0.55424571 0.240072876 -0.469316989 1.84048867 0.605906546 0.456748456 -1.71752584
x -1.58669853 0.51405561 -0.187299788 2.01975107 -0.00774511695 0.797974765 0.0731831267 0.0720126629
x 0.185132995 0.73984921 0.146499455 0.216398314 0.506517053 -0.00290554506 -2.57407904 1.01094759
x -1.8254323 -0.221170694 -1.1578542 0.37275818 -0.352069706 -0.252021283 -0.000954429503 -0.667092562
x 0.848069072 -0.172603533 0.922580004 -1.06191313 2.0070653 -0.415418208 0.997206271 0.405723304
x 0.227910653 0.446088701 0.263399273 -1.67130637 0.684730113 -0.199801296 0.46174112 1.60110998
x -0.562765956 -0.455386311 -0.444942057 1.5455966 -0.600729346 1.01430023 -0.472646892 0.792491913
x -0.0703825057 0.615792334 -1.05668139 0.937228858 1.01255405 -1.04099619 -1.35756361 0.0939723626
x -0.168369621 1.51136672 0.872135758 0.763420463 -1.28196752 -0.845040798 0.902715087 0.38346684
x 0.163687631 -0.674543142 -0.14384459 0.361057967 1.07501292 -0.61450398 -1.20410728 -0.0700850263
x -0.345240533 -0.506802857 -0.0403171778 1.50961256 0.389785379 -1.163118 0.436525047 1.69679081
x -0.147242576 0.91967684 0.327334881 0.722285867 0.518573701 1.89617693 2.66477942 -0.316685617
x 0.633323848 0.0161792021 1.50653875 0.110790916 -0.333952039 2.59334588 0.782903731 -1.0064621
x -1.17008209 0.719142437 -0.930788934 0.0345494784 0.467182517 -3.43097115 0.96613884 0.608451128
x -0.895354867 0.731973112 -0.485035032 0.811226368 -1.45008457 -0.814429224 0.0597493239 -1.71985483
x 0.286153555 -0.465964645 0.736384034 -0.0584999695 0.606767714 -2.59342527 0.159820631 -0.205370024
x 1.04840732 -0.574400902 0.286436677 -0.878920436 0.319030732 2.12379909 0.948218584 0.441679865
x 1.68334723 -0.149494588 -0.414865375 0.764558434 0.767433882 1.55172694 -0.710056782 0.0787350461
x 0.688379467 0.0414339304 -0.394217879 1.11005127 -0.588613391 -1.01279557 0.706462145 0.0361539051
x 1.16110313 0.51724261 -0.883673012 1.48451102 -1.24628973 0.130825698 0.420877934 1.73503828
x -0.125072256 0.924074054 -0.819419801 -0.139099225 1.31541431 -0.918512225 -0.297462851 0.0712170675
x -0.0666018799 -1.21233582 0.87300849 -0.984022737 0.0270067677 0.557436764 0.709602296 0.529080868
x 0.557799816 1.2593962 -1.28279698 0.713738739 1.13946962 -0.356044501 1.10619831 0.177885234
x 0.111188233 0.902191341 -1.43006885 -1.42980731 -0.435027629 -0.545342743 -0.584794223 1.02450335
x -0.59259218 0.756747663 -0.422665 1.71619511 0.0330784954 0.73295778 3.14843392 -0.274700165
x 1.1286273 -1.0506742 0.0166789629 1.0774467 -0.0641051233 1.02139258 0.422876656 0.732256472
x 0.232945606 -0.1309084 -0.00842765812 -0.144834906 -0.675803065 1.27365816 -0.158384547 -0.574831188
x -0.274329811 -0.31037581 1.48656762 1.25916088 0.349981308 0.0400733389 0.438351452 -1.87477827
x 0.0938878655 0.164197072 -0.579924881 0.605339706 1.31011415 0.657439947 0.47529608 -0.183761656
x -0.120228559 -0.501636565 -1.19646096 0.740398347 -0.949252069 0.561761379 1.24882948 0.859584987
x 1.61687958 -0.643199861 0.463949442 1.17810547 1.55306613 -1.32865489 -0.932696402 0.176498011
x -0.81898421 -0.156558394 0.0059850933 0.0730198696 0.0578821972 -0.507197261 -0.547205091 -0.664200544
x -0.574239612 2.15453839 0.0717144012 0.162576497 1.77696276 0.492075413 0.95261234 0.117694467
x 0.553675115 0.466339588 0.446580678 2.50363183 0.127349928 -0.654389262 -0.197187543 0.934488595
x 0.594836295 1.58047426 -1.38370037 0.139639705 1.27002573 -0.0499986745 -0.470665246 1.01521921
x 0.754240453 0.178375915 -0.156908661 0.79733932 -0.959664583 -1.02155447 -0.743253291 0.446416706
x -1.08328509 -0.122433461 0.221500263 0.52358216 -0.712683201 0.115562528 0.323603511 1.51638722
x -0.443274677 1.32310271 -0.35700354 2.99677134 -1.04817104 0.171757728 -0.0760564432 -0.425587624
x 0.692451954 0.291925043 -0.81374824 1.33769369 -0.375388265 0.467862219 2.00584936 -2.16131926
x 1.8240788 0.714090228 -1.33346772 1.49321294 -0.283526748 0.251145512 -0.920189381 0.652812719
x -0.419324875 0.256976664 0.806440353 -0.182986841 0.487415254 -0.182879284 -1.64350474 0.375674367
x 0.376838595 -1.59901989 -1.16399693 0.551672995 0.13953793 -1.0947026 1.13281059 1.15981233
x 2.30949783 0.506606877 0.298412293 -0.00429725461 -2.05392003 0.171366826 1.43759179 0.134668767
x 0.0139641743 0.586081743 1.23281407 -1.00466835 1.16158044 0.477312744 -0.847026408 -0.590245128
x -0.33207643 -0.618539214 -0.935953379 -0.899258673 -0.363586247 -0.712285221 -0.173678696 1.27232039
x 0.39143607 -0.1745051 0.277228087 -0.902741313 -0.175493196 0.71549803 -1.43729925 -1.08313978
x -1.78635466 -0.292760432 0.224838376 -0.755924344 0.879388928 -0.495785743 -2.25322056 0.720454454
x 1.36394286 -1.67246068 0.459868819 -1.10494661 0.323335618 -0.555933297 -0.440833688 -1.27018321
x -0.573531985 0.838905454 0.94088906 0.870798945 0.602628589 -0.354914308 1.08528209 -0.692108452
x 0.760198355 0.587350011 0.736249149 0.453643918 0.546822906 1.10003603 0.294859886 -0.455083281
x -1.71298516 -0.627788424 1.67409623 -0.676555634 0.0408579409 -0.46068871 1.66704679 1.24634767
x 1.07463634 0.456209242 -1.87129152 -0.926787853 0.634010732 -0.784216464 0.617961645 -0.161195114
x 0.501948297 0.398491144 0.871683717 0.145668894 0.486079484 -0.368907779 0.448206097 -1.29564607
x -0.628099442 0.0648820177 -0.493340284 2.51241589 -0.0846653581 1.35525358 -0.702833891 1.58440936
x -1.03308499 -0.595166862 0.273117483 -0.484790981 1.32080948 -1.21018636 -0.915963113 -1.37989247
x -1.11774421 0.921018124 -1.3291074 0.561164856 -0.196369499 -2.16384029 0.395400584 -1.59424198
x -0.170011193 0.901682675 0.240455419 1.69662821 -1.16912079 -1.37899637 -0.389237076 -0.467655867
x 0.612370133 1.36887538 0.126223907 -0.874045134 2.00274301 0.574120522 0.956513405 -3.31992626
x 0.464646339 -0.362094492 0.222642154 1.07253659 -0.641760051 -1.19487 -0.346253186 0.243658796
x 0.509257197 0.46163246 1.12314487 0.396866292 1.19150126 0.124760427 1.83072031 1.26582706
x 1.06318092 -0.496019751 -0.534726799 0.653296232 0.879309058 0.287490278 0.807809472 -0.89277941
x 0.582934916 -1.67145252 -0.704376698 1.4627136 -0.343468428 -0.694499135 1.91119015 0.140372247
x 0.193504661 0.586034119 0.809736431 1.92495477 -0.921771109 -0.354915768 -0.61687988 -0.179226309
x -0.543454766 0.701186895 0.537686825 -0.00662899297 0.452861309 0.169455737 0.780777812 0.112166785
x -0.800462067 -0.316426128 -0.772855341 0.634752214 -1.43916142 -0.718232095 -0.116861053 -0.0597467907
x -0.218559191 0.191122219 0.399169654 0.284600914 -2.15241241 -0.508036852 -2.64716268 -0.889897227
x -1.0682472 -0.687842429 0.309499502 0.551932514 0.191692412 -0.615487337 -0.491997838 -1.62001276
x -1.07977784 0.356854439 0.284215629 -0.0333004408 0.869570911 0.0429260172 -1.62102497 -0.0423286483
x -0.146179199 0.805467427 0.689392567 0.563512862 0.604677141 -0.546688914 -1.63017321 1.35586309
x -0.657090545 1.33749831 1.045187 -0.866913557 -0.929701567 3.14162922 -0.8052302 -1.49705517
x 0.161369786 0.670229197 1.74462879 1.12203729 -0.630255461 -1.44730079 -0.506664276 0.442353547
x 0.366636544 -0.19461289 1.61627316 -0.300665349 -1.1965456 0.175908253 -1.1054194 0.592958868
x -0.709909201 -0.787509382 -1.70471334 0.0277251676 1.38294053 -1.34198797 1.45187211 0.352235854
x 2.16648364 0.312251836 -0.409626067 0.17250897 -0.792031527 -0.444694906 -0.0296413973 0.333894491
x -1.55745029 0.906172693 0.28724429 -0.280096114 -0.234241858 0.0587668195 1.37824464 -0.241833255
x -0.185913458 0.84408474 -1.05254412 -0.341368735 1.32100725 0.760902882 -0.00227245153 1.33230829
x 1.18443716 0.231061742 -0.133385122 2.0375669 0.909491301 -0.0276677404 -1.13694429 -0.701729238
x 0.996263325 -0.577817678 -0.729948342 -0.455688745 -0.284998327 0.687565804 1.09262228 -0.298514724
x 0.0312974826 0.886415184 0.0203540884 0.528333545 1.43066049 2.54176092 2.39818501 -0.362512469
x 0.671986282 -0.382887632 -1.19366109 0.723234355 1.09848213 0.495108604 0.191918284 0.45697999
x 0.99132514 0.761688828 -0.345376581 -1.00709069 0.541550636 0.942546606 -1.15800393 1.7580992
x -1.68108952 -0.718840182 0.342003554 -0.0260507353 0.106637985 -0.74210149 -0.653600216 0.626324713
x -0.889206529 1.13366628 -0.252377421 -0.229682475 -1.04393768 -0.0801089555 0.0600507557 -0.19912149
x 0.979644477 -0.0300374348 1.78162503 1.07498062 0.621773362 1.67986846 -0.725211501 -0.462716669
x 0.451710194 -0.617964864 0.760681272 1.38048875 -1.7304008 -0.446050555 -0.872809947 0.803767383
x -1.29374671 1.25751567 0.551996827 0.417796761 1.96390069 0.598605514 -0.202609032 1.86535931
x 1.61885977 -2.22336078 -0.47123763 0.589400351 -1.02170062 0.623979092 -0.0992280394 1.26313412
x 0.405997843 -1.02754498 -0.182125404 -0.442834944 0.140435398 -0.0705896541 0.316387057 -1.39311612
x -0.6444695 -0.360405117 0.665670633 -1.04706132 0.425284028 0.19093439 -0.367938966 0.479458749
x -0.0884458497 -1.02371979 0.971963644 0.189695671 -0.0720349401 -0.708735108 -0.329489648 1.01988268
x -0.293382347 -0.113721333 1.32930911 1.11886871 -1.17128646 -0.881693244 -0.488219291 0.416095376
x 1.51626647 1.07982826 0.121183939 0.623689592 -0.725051105 -0.450897336 1.26080704 -1.0208565
x -1.42413473 2.89300036 0.806773424 -0.688884914 1.46159971 0.956581771 -0.325601041 0.940368235
x 0.436188668 -1.01742923 -0.880958855 -0.153215453 -0.768468142 -0.583407998 1.58939743 -2.11551285
x -1.18753111 -0.577661633 1.1375978 1.80450857 -0.226442307 -1.12066483 -0.570257425 1.52962387
x -0.529548526 -0.0629423782 -0.938622475 0.334196478 -0.467524558 0.59182471 -0.649463832 -1.35307753
x 2.13005924 -0.291901112 -2.38877726 -2.31859326 0.458927602 1.88589811 0.916055799 -0.268119335
x -0.440858871 -0.301338553 -0.444934011 0.718433559 0.560799539 0.708266497 -0.309382051 0.265874952
x -0.40642181 0.650498927 -1.39315689 0.130170584 0.863114536 0.108801641 0.926005781 -0.329849541
x -1.06058216 2.8785007 1.2357794 -1.34185719 1.89812231 0.765491247 -0.347252458 -0.944942892
x 1.97651756 -0.210798889 -1.45747209 -0.469657719 0.192775846 0.281311125 -1.02905834 -0.303511977
x 0.851499975 0.806765437 1.55831432 -0.173661336 0.136912376 -1.18479133 -0.998265564 -0.19722721
x -0.21720393 -1.10666084 1.35759985 1.49853814 -1.24468398 0.155824378 -0.894044578 1.58277428
x 0.75460875 -0.225408241 -1.58272493 -2.02316165 0.992703319 0.783145547 -0.218543082 0.644993424
x 0.789447308 -0.701305687 -0.340635419 0.333676517 1.74919176 0.977621138 0.00038775077 -2.11709523
x -2.28619432 -1.39750183 1.22132289 2.80955863 1.63784993 -1.32207036 1.11819541 -1.06280351
x 0.358910978 -0.831534803 0.196502075 0.758619666 -1.48357761 -0.015105281 0.373399377 0.733949304
x 0.659249187 0.826208115 -0.974085689 -0.0894715413 0.354505956 0.790822506 -0.792804897 0.570680797
x 0.838229895 0.856357634 0.451227248 -1.44945002 0.075948 -1.08028591 -0.858830214 -0.0265960954
x 0.459713817 -1.5524838 1.76406288 0.238843068 0.88714689 0.8978827 -0.23431477 0.843101263
x 0.00738289487 0.102041408 -0.965234399 -1.16909087 0.574817479 -0.396620125 -1.25407755 0.917590022
x 1.96858954 0.76463902 -1.90737975 0.0310428515 0.604895175 0.864272535 -0.522807658 -0.792109966
x -0.238140851 0.821036637 1.18655038 -0.0453276262 -0.877875984 -0.576733112 2.61539555 -0.0256045926
x 0.613418102 0.35101825 -0.485825449 -0.0108127929 -1.73122871 -1.32416534 -0.38278532 -2.17459917
x -0.229924172 -0.496596873 0.879337728 0.61100179 0.918199658 2.53240108 1.26245868 1.68811631
x -0.013720233 -0.904866934 0.00588045456 -0.492128283 1.62244081 -2.44279385 0.670926988 -0.544109225
x 0.793398559 -0.566701114 0.743105829 0.555712581 -1.39510453 -1.34241545 -1.15482283 -1.46626377
x -0.152956799 0.622629642 0.224455014 0.0411768779 -0.478501171 0.888819516 -0.599070549 0.833592713
x 0.0561542362 -0.644630134 1.43477595 -0.0168858748 -0.427476943 -0.16015166 0.18551597 -0.440548182
x 0.964202285 0.544395149 1.39619279 -1.18091547 0.00163876649 -0.855603099 1.26389098 -0.647396803
x 0.395864785 -0.0065626069 -0.604280353 -0.725244582 1.38663912 -0.538609266 -0.67076683 -0.150488928
x 0.716105938 -0.829691112 -1.56290185 -1.0998522 -0.226267204 0.156778932 -0.4292171 0.641579151
x 1.11932218 1.76560044 0.469416082 -2.30995178 0.179446101 1.10443711 0.668572068 -0.376460135
x 0.14483875 -0.410492361 -0.488038838 0.457428813 -0.238777786 -1.2770884 -0.154011294 -1.19376659
x -0.576625764 -0.11360877 0.460650206 0.132094055 -0.106350213 -0.745819747 -0.0604775921 0.347322673
x 0.463649273 -2.93698025 -0.842441738 1.95630991 0.161951393 -0.228457972 1.1108799 0.432869643
x -0.925547481 0.507913053 -1.03182554 1.16423881 -0.469797671 -0.25166741 0.498623401 1.32073069
x -0.290626943 0.887705028 0.582419753 0.112532549 0.100939058 0.985419571 -0.203469351 1.01771903
x 1.07821274 0.186049521 0.925825775 -0.299098521 0.515005946 0.710979521 -0.613206744 -2.2040658
x 0.354486346 -0.794197917 0.176425382 0.197235897 -0.414863288 1.66833663 -1.8389498 -0.0280668363
x 0.582690477 -0.351479501 0.798138618 0.653824925 -0.587602556 0.501937389 -0.752755463 0.181757137
x 0.219199926 0.154705837 -1.78690076 -1.67880762 -0.108702488 0.471783757 -1.1212374 0.519650161
x -0.729061067 -0.615202129 0.359566838 -0.0755650252 -1.36385167 1.44508493 0.0567921996 -0.560974181
x 0.824694335 1.37893069 -0.19850862 -1.28593874 0.817263305 -0.0790038705 -0.441153347 0.950687468
x -2.44582486 -1.66057718 -1.16423368 0.249686137 -3.33563113 -0.790736198 -0.313165098 -1.04311371
x 0.0032751367 -0.427353442 -0.578048646 -1.08178127 -0.51467216 0.385733753 2.06837153 -0.101403072
x 1.6790868 -2.01103282 0.620820582 1.50561333 -0.0221117456 0.197503835 -1.19850266 0.0448003523
x -0.578716218 1.61424887 2.74795413 -0.927384973 -1.04476511 0.718745232 -0.101611257 0.612882674
x 1.36148572 -1.63544977 0.543312192 0.894116759 1.10433424 -0.891392052 -1.42441654 -0.0501671396
x 0.362472713 -0.316015899 -1.74051833 -1.12334001 2.53708816 0.882536292 -1.62209439 -1.49894142
x -0.0654494166 0.863806367 -0.252384692 0.877459943 1.69280291 0.776419818 0.0237727724 -1.55730677
x -0.258013934 -1.07100034 -0.498837709 -0.312401474 2.03446746 -0.333277225 0.117364362 -1.16076195
x 0.810396135 0.543195188 -1.62236691 0.417249888 0.566260755 -1.12944734 0.764125168 0.143324152
x -0.210198686 0.715432346 -0.658729613 0.142621517 -0.954078972 -0.691349089 0.0250252318 0.0912823007
x -0.783019066 0.174078971 -0.0462397896 -0.887602389 1.26110315 0.626355469 -1.08164632 0.128918737
x -2.35572505 -1.18939888 -1.05942702 0.736574054 2.0103116 0.908186555 -0.19353956 0.32608965
x -0.740854084 -0.706129014 -0.093352437 1.26354277 -1.21572518 -1.8543905 0.8658216 -0.874455988
x -0.0106006069 0.640582561 -0.87364167 -0.282227874 -2.55840349 1.01767254 -0.401874602 -1.01507878
x -1.69943357 -1.00689542 -1.35999906 1.22922719 0.0189589597 -0.448736817 -2.31451344 -0.135705754
x 1.19292355 -0.288756788 0.995310783 1.16694868 -2.20902419 -0.560091257 0.614520073 1.41387928
x 0.247910231 2.336061 -1.99712682 -0.452781647 0.647181034 -1.19477546 1.36032867 -0.644023061
x -1.08636844 -0.714610696 1.75071371 -1.523157 0.279773176 1.51050889 1.31516373 -0.823414981
x -0.507582724 0.147444308 0.677416027 1.01928782 -1.10181069 -1.69685864 1.10733628 0.261207342
x 0.213735446 2.22458982 -0.911575198 -0.622276962 0.540130377 -0.318442166 0.459784657 0.657254696
x -1.53105283 -0.121545926 -0.246285766 1.11031556 -0.330176413 0.812548578 1.25303316 0.718503952
x -1.51720262 1.00970447 -0.283755273 0.0558480807 -1.89194596 0.834631801 -0.589427054 -0.413142413
x 0.482341439 -0.90869242 0.13163422 -1.42721951 1.08453321 0.365395695 0.246182218 1.47582889
x 1.60658205 -1.36388779 1.60058296 -0.639412522 1.50759542 0.48387751 -0.330700815 0.594514072
x -1.38308847 0.211007953 1.67043018 0.325544089 1.27068448 0.370117456 -0.268873483 0.319887817
x 1.18455303 0.23763144 -0.866785824 -0.390428156 1.40180635 -1.14292347 0.757880688 1.45144284
x -0.476503342 1.03998613 0.52149725 -0.347613901 -0.960299909 -0.618179262 -1.06877673 1.40657425
x 3.36828995 -1.04372406 0.598641217 1.32937717 -3.04503775 0.785317004 0.578058124 -1.34110498
x 0.130432621 0.132822186 1.29287183 0.441967607 -0.456184 0.688846529 -1.0652281 -1.90291977
x -1.82466936 -0.2097262 -1.25480616 -2.10271001 -0.257042676 -0.50395757 0.836587965 0.902029753
x -0.284219056 -0.537772655 0.925869346 -1.20779729 0.83445853 -1.74823523 0.63130486 1.66183543
x -0.157147661 -0.369402766 -0.109047897 -1.47441888 0.424126536 -0.725603342 0.520105779 -0.233433381
x -0.968811393 -0.309449613 -0.367328763 -0.117123552 -0.0124054905 -0.028820904 -0.498337358 -0.33356896
x -2.2100389 0.10575188 0.327990472 0.852545559 0.366021514 0.358093649 -0.653047264 0.658444703
x 0.869492829 -0.45069629 -0.536411166 0.974900723 -2.27066326 -0.323959708 -0.592863619 -2.31343007
x -1.61439872 1.53784978 -0.378762901 0.383258939 0.174537092 1.73015583 0.417071551 -0.422769874
x 0.232960716 -0.324280351 -0.836526155 -1.00830829 2.24195266 -1.04766834 0.58569783 -0.675404131
x -0.822848022 -1.38123965 -0.601081967 -2.01011539 -0.782096684 0.541097105 1.63709247 0.890059233
x 2.838063 0.0648196042 -0.508202732 -0.454557002 0.00988974422 -2.37615037 0.0118831359 -0.402376622
x 0.678254008 1.11882615 -0.410295874 0.0838910192 1.17561531 -1.35620916 -0.105802678 -0.501357079
x 0.324322104 -0.449273765 0.837420523 1.04264855 -0.336004525 0.700909078 -1.21256661 1.71239901
x 0.518053114 0.910763979 0.935505867 0.129029602 -1.0280726 1.48330772 -0.374237537 -0.417466342
x 0.694159865 1.17061341 0.893301845 1.41862798 0.952210903 0.50900799 0.547897816 -1.73000801
x 0.273810059 1.0189091 -0.387489259 -0.836151242 -0.347645521 1.48864591 -2.35178375 0.607797384
x 0.517693162 -0.846491694 -0.611206472 -0.409423023 0.0520301573 1.00684345 0.995722055 -1.43596315
x 0.257589877 0.370917201 0.0989328623 0.617358148 -1.32192481 -1.27231991 0.279019475 1.54647112
x -1.79333186 -0.838915467 -0.481538802 -2.33137727 -0.344751656 0.695980728 1.8816967 0.948099494
x 1.40805924 0.364895076 -1.47812891 -0.434650153 1.07304919 -0.774724662 1.58624899 0.687331021
x -0.628952086 0.0662235841 0.479992926 -0.419760108 -0.0971645266 -0.874856114 -2.07010126 -0.469385594
x 0.915086567 2.08693337 -1.11127794 0.840863347 -0.946545005 -0.382466614 1.43188977 0.269269168
x 0.0946331024 -0.950408876 -0.691043317 -0.171891913 -1.04208887 0.668247759 -1.67554319 0.142141744
x -2.39368463 -0.0678871721 -0.460998356 -0.0846682191 -0.417229444 0.319537729 -0.277960777 -1.66778028
x 0.686601698 0.300566852 1.34341455 0.35501945 0.00587440375 -1.77525234 -1.58970094 2.58811975
x -0.875906229 1.20569336 -0.612698913 -0.606544554 1.39899719 -0.315143168 -0.909967124 0.188527137
x 1.19325972 -0.662556767 -0.618215382 -1.14604664 -0.144036934 2.2271924 0.316351473 -0.89462918
x -0.0330228321 -0.0390287675 0.0231759455 -0.103459552 -0.666932583 -0.835796118 1.38647389 -0.583830595
x 1.2392323 2.32733059 -1.38191831 -1.04890025 0.722190082 -0.80496949 -0.405225068 0.41773808
x 0.356114179 0.796209276 -1.66029441 -1.22975349 0.909744382 1.88612294 0.548712969 -1.86958945
x 1.6372726 -0.750066459 0.0572587028 -2.56019807 -1.08591807 -1.881778 -0.142361805 0.972313106
x 0.64253211 -0.129009739 -1.39888096 0.291246474 -0.940582275 -1.29048824 0.368999004 -0.225825772
x 0.228041142 -0.365542084 0.929492176 0.576830208 -0.389746219 0.196114346 1.38045919 1.94927263
x 1.54109192 0.520552874 0.948295772 0.379084021 -2.48709559 0.23746796 -0.92840457 0.00629611313
x 1.76586044 -0.27573505 -0.242065609 -0.209589198 -1.64293003 -0.432001621 -0.103385493 -0.676112592
x -0.11080043 -0.963059187 0.915753305 1.01977336 -0.229778498 -1.4416815 1.10719538 0.780604601
x 0.0891962498 -0.295368701 0.415446371 -0.0505196415 -0.186787486 0.0754770488 0.457412958 0.682789862
x 1.41960323 2.50779533 1.02439988 -0.284067631 -1.05889297 0.56787616 -1.44148278 0.632271349
x 0.954972446 0.0280188713 0.161438406 0.045239456 0.415639311 -0.3764925 1.17357481 -0.840107024
x -0.0116929905 1.78926289 0.609727323 0.520570219 0.561267197 0.626689434 -0.277380198 -2.26212597
x 1.51817811 0.599365771 -0.22766602 -0.180052176 -1.44190526 1.65546823 0.0252596643 2.68798375
x -2.11872458 -2.18145227 0.384497046 0.982020378 -0.2424611 -1.52070355 0.0627196059 -0.651762724
x -0.0357790515 -1.06068134 0.302879184 0.493940055 -0.805584013 0.562490165 0.965966702 -1.40026104
x -0.914794028 0.595252097 0.949347496 0.532607913 0.172430798 1.88514519 -0.225956991 0.389765441
x 1.76779842 1.66573107 0.275696069 1.67458534 1.19688904 -0.309770614 0.831349313 -1.21834028
x 0.614851475 -1.69566655 -0.122551717 0.019780349 -0.700825751 -0.692441583 0.615818381 0.853192687
x -0.550281584 1.10676086 1.88556516 -0.230940953 -0.0649151355 0.525289059 1.76569891 0.112214513
x -0.00850991532 -0.448721021 0.566768289 0.334138513 -0.611144602 -1.23314643 0.701065898 -0.423037499
x 0.260146111 0.482284158 0.083658278 1.10252202 -0.283053726 -0.253118277 -0.0405935869 0.235130429
x -0.195111439 -1.115605 -1.31300581 -2.2665534 -1.54000771 -0.386194378 -0.276188403 -0.442740887
x 0.452157944 -0.930429995 -0.297518224 -0.493304342 0.540677488 -1.72271383 1.39092255 -0.352520227
x -1.62157822 0.402563959 1.34950507 -0.409498215 0.854210615 1.72766244 -0.999996185 -1.83744669
x -0.0432089269 0.326444894 0.218383282 0.619980991 3.13372636 0.828474283 0.764725447 0.838879645
x -1.24833024 0.26839444 -1.10244524 -1.26393139 -0.0433659591 -1.0268172 0.961879253 1.48034859
x 1.24143708 -0.565791845 0.0458854698 -0.314279497 -1.17869723 0.556755304 -0.13056536 -0.0229194053
x -0.499784082 -0.0240758434 -1.79349077 0.298633665 0.0314463228 -0.323090076 -0.313852757 -2.03062677
x -0.504682183 -0.850440979 0.635406554 1.64842653 1.30470037 -0.15462248 0.136943236 -0.0834486634
x -0.0912051722 1.16331923 -0.820336163 -1.31679392 0.442682922 -0.668684781 -0.372222811 0.931855381
x -0.857448578 0.974051535 0.944545746 -1.19425058 0.128427267 0.475829899 -0.625145018 -0.266096801
x -1.23311913 0.0528608523 0.618555546 0.187613666 3.21716475 -0.4478423 0.568253756 0.348790616
x 0.690811038 -0.488307446 -1.30163229 1.54816055 -1.3556242 1.22474003 -1.29476535 -0.464650989
x -1.41263962 0.572617233 0.531628132 0.84652853 1.87405491 0.77970314 -0.257790893 -0.222496152
x -0.405992746 -0.0403936766 0.894875407 0.677907228 2.01520562 2.39544153 -0.22556968 1.17690468
x 0.366365194 0.964112937 -1.11505854 -1.57274139 0.517908335 -1.45433319 -0.652767837 0.527329862
x 1.91079962 2.07348371 1.56338346 2.38186884 -0.974549949 -0.944358766 1.26071584 -0.874212444
x 0.901850343 -1.71112108 -1.08006394 -0.0506152473 0.724579215 1.64259577 -2.09200788 0.115842745
x 1.20822597 -0.719613552 -1.50112903 -0.339606792 1.38852704 -0.527914226 0.748341858 0.609947681
x 0.242876485 -0.947347045 -0.693016589 -1.12573183 -1.57606041 0.268187881 -0.727177858 -0.445004374
x -0.39354369 -1.5595175 -0.499312639 -1.53333008 -0.284318715 -0.155426189 0.788688064 -1.12384808
x -0.375497907 -1.43014455 -0.711787164 -1.09727347 0.472707629 2.65139937 0.656543136 -0.309964389
x 0.610656619 0.33893311 0.18680343 -1.02119148 -1.38092589 1.41692638 -0.0889974162 0.754288018
x -0.699409664 -0.457442373 -0.157632113 -1.7829721 -0.435717046 -0.0643340349 1.14395273 -0.632833779
x 0.410608709 2.13706017 -0.748458505 -0.479041696 -0.694822729 -1.66546607 -0.950317621 -2.70751309
x 0.479432732 0.716150522 -0.0462531596 0.110588193 0.744190454 1.83147442 0.453371674 -0.651307404
x -0.664285064 1.54957247 -1.16629028 -2.32200599 2.69099045 1.0861392 -1.86992574 -1.21606207
x -0.0194114242 -0.742217541 0.292878181 -2.59966207 0.0701831132 0.152993202 -0.0913611203 1.16150129
x 0.734900177 1.97813666 1.03967297 1.15583479 -0.628878236 0.111208841 -1.46816814 -1.48965895
x 0.329528093 0.160691351 0.874464273 -0.0211678855 -0.555936813 -0.410806775 -0.196189702 -0.810759723
x -1.08085048 -1.85903335 -0.453503251 2.25076795 -0.342943221 0.363886386 -1.31032062 0.264547586
x -1.47835588 -0.0479216464 0.241465017 -3.47908831 1.76369548 -1.77558053 -0.154440522 -0.643534184
x 0.392672718 1.18036234 -1.17550051 0.741346896 -2.47732711 1.29576588 -1.17161489 0.0544561669
x 0.949177325 0.0501325168 1.0062474 -0.508376658 -0.00890182797 -0.406576216 -0.0724654198 1.94094217
x -0.58453995 -1.39069879 1.235605 0.201471433 -0.358640045 -1.53519487 -1.54845023 0.911615551
x -1.16283524 -0.231955424 1.40239763 -0.480943859 0.467631757 0.550576091 0.150961652 -0.463286936
x -1.00592315 0.719165623 -0.364204198 0.893198967 -0.308934867 -0.922006726 0.171003535 0.358087122
x -0.681468666 -1.55361569 -1.17485106 -1.19485724 0.11638733 -0.868508816 0.838087022 2.16778493
x 0.354326904 -1.9589535 0.237418935 -0.416688532 0.209818676 -1.08827889 0.818599045 0.33166042
x -0.481587082 0.135213614 2.24847364 0.481724322 -0.110963203 0.0847006142 0.690582752 0.739138424
x -1.3704139 -0.450010031 0.581145823 -0.319091499 0.404163599 1.09052455 -0.291940629 0.350311995
x -0.301106721 -0.14418976 1.33386338 1.61708903 -1.10273695 -0.577044129 0.546314836 0.677151203
x 1.1936686 -1.3125689 -0.725443006 0.641586363 -0.974331379 0.273795128 0.8963027 -0.716928959
x -0.508066416 -0.753700495 -1.9441011 1.37349367 -1.61721075 0.918923199 0.947176158 -0.363274068
x 0.887865722 0.0963006541 0.389262259 0.669365525 -1.04049444 0.95999074 0.961541891 -1.17533803
x -0.893332303 -1.74010825 0.441743255 1.45096338 0.814216852 1.21261823 0.0899584964 0.898595631
x -0.196574166 0.38792187 -0.671014011 -0.438590854 -0.448106527 0.77137953 1.35609818 0.200975835
x 0.92155689 0.676291764 -0.402263105 -0.279823244 -1.59352601 -1.31615448 -1.76092887 0.990493059
x 0.730512202 -1.6793251 0.987542093 -1.13969195 -0.685843408 1.05052209 -0.286410123 0.724406362
x 1.60192418 -0.665921688 0.596205354 0.272879601 1.17952871 -0.14879258 1.1225431 0.992953002
x 0.0218848437 1.92588353 -0.26751864 0.408708632 -1.524526 -0.612682164 -0.00864654314 0.31411767
x 0.269891053 -0.897538185 0.273769319 0.14726238 -0.774695516 1.10997844 -0.670843959 -1.96602619
x 0.681549788 -1.38579881 -0.307931781 -0.792621017 -0.884377539 -0.895281374 -0.810236633 -1.41840601
x 0.507989228 -1.1413542 -1.08641362 0.66187644 -0.908443451 -1.99420309 -0.819109023 1.21094668
x 0.279398203 -0.340543091 -1.89022195 0.736310959 0.137675241 2.3503921 -0.915988147 -0.495282054
x -1.3736136 -0.315565497 -0.248439491 -0.151608422 1.37989104 0.840532362 -0.42803514 -0.210601434
x -0.139477074 -1.46497154 -1.45845926 -1.36745048 -0.356325775 0.300871074 -0.72635901 -0.552067935
x -0.917959571 0.353964895 -0.249160841 1.84852839 -0.327905774 -0.547108829 0.807719231 2.11704493
x 0.257119417 0.280410498 1.58679259 -0.73832655 0.872148037 -0.529722691 0.511187851 -0.147728264
x 0.382725507 -0.553692639 -0.404691994 1.13328862 -1.20907712 -1.13416362 0.301338017 0.74831444
x -2.05096579 -0.760433555 -1.36972153 0.306343973 1.09223902 -1.26984978 0.122428738 2.44751453
x 0.104673646 -0.342841923 0.312181205 0.179057375 -0.541809261 -0.563325107 0.21792537 1.22877944
x -1.21942151 -0.0439620428 -1.80893385 -0.860224903 -0.871505439 -0.563600361 -0.229296699 -0.525667191
x 0.911387622 -0.209631443 -0.682822704 -0.654070735 -1.3358804 -0.196247652 -0.400566489 -1.70509124
x 0.873138249 0.118874207 0.239337519 -0.0947871506 0.0668975413 0.496720374 0.103074029 0.643920243
x -1.07176435 0.114280038 1.21666193 -0.402686954 -1.50965655 -0.241680905 0.468545943 0.950791657
x 0.68010515 -0.45459649 -0.425639033 0.919190526 -1.15081847 1.29720616 -0.828417122 -0.125068948
x 0.73936677 1.03987789 0.366207778 -0.848316133 -0.0374443457 1.30583167 0.394630551 0.189220786
x 1.17930877 1.11660433 0.161818892 -1.16744184 1.09129059 1.06920302 -2.46141958 0.874786615
x 0.738794029 -1.068295 0.991602182 -0.469054431 -1.74193358 1.1773771 -0.467729092 -1.03049505
x 0.265876949 1.94840837 -0.61807704 0.84224987 0.409279078 0.679967999 -0.650219321 1.40125382
x 1.00814974 -0.488318473 -0.334967941 -1.04535484 -2.10253954 -0.613869667 0.348186284 1.18001807
x 0.0563571677 -0.515251398 -0.54747051 1.43167698 0.0216809213 -1.49444926 0.479777515 -1.46421111
x -0.493722826 0.213647291 -0.290115625 -0.256307393 0.23477295 1.07388234 -1.17570865 -0.0971729383
x -0.460351318 0.177508026 1.06563032 -0.818739593 0.922575891 -0.4997361 0.393260658 2.25282907
x 0.720264077 0.714387417 -0.0580582432 -0.0784063637 -0.955987751 -1.22202981 0.807423234 -0.528547525
x 0.0146113634 -2.03621387 0.356963307 0.855386555 -0.404979348 -0.393119186 0.962486088 1.37534237
x -0.194158599 -0.754644394 0.408376157 -0.549597144 -2.17656446 -0.241625831 -0.410543561 0.585236907
x -1.88615322 0.567766666 1.08974624 -0.684435487 -1.61497271 -0.757288396 -0.687561035 1.76097775
x 0.123420365 -0.490185559 1.84392452 0.899469852 -0.483637661 -0.0811696872 -1.00889277 0.207119316
x 1.19574022 0.140742749 -0.22754474 0.0469859578 -0.060809914 2.61669326 -0.37745145 0.705486298
x -1.50070274 -1.91136515 -2.19306326 -0.805488229 -1.61121345 0.301070184 1.29713941 0.481353849
x -0.802981257 1.23340106 1.51391745 0.483505934 -0.500779867 -0.140029535 1.07875264 -0.0626031682
x 1.1381284 1.27091825 -0.878605723 -1.23855495 -0.338515341 -0.124099985 1.62179601 -1.54477036
x 0.379634708 0.263282657 -0.821978569 0.535556078 -0.520939767 -1.1232096 0.872191846 1.38839674
x 1.91955853 0.561078191 0.296566248 1.32472646 0.161292508 -1.25855052 -1.05402911 0.897144675
x 0.411030531 -1.60684407 -0.10043221 0.635449886 -0.884271502 1.65552258 1.0502398 1.34216595
x 3.02093482 0.711904049 -0.756772697 0.00145070872 -0.48629421 1.32697296 -0.289798528 -0.167534217
x -1.16395473 -1.42708814 1.76930964 2.05931377 -1.47254646 -1.78620088 -0.14875108 -0.838632464
x 1.43779314 -0.467945695 0.0697179213 -0.754169345 -0.438501865 0.534995139 -1.0199827 -1.22738266
x 1.85055327 -0.986639977 -2.18338895 0.326791674 0.143012449 1.27007973 0.988911152 0.113679893
x 0.297014087 -1.14372754 -0.129497826 -0.361555994 0.825827956 -0.796188176 -1.02522326 0.255514294
x -0.608865201 -0.84632206 1.16611135 1.81954384 -1.1686281 0.564797163 -0.568781674 1.61327291
x 0.664968431 -0.905269921 -0.515610397 0.312406301 -0.207812771 -0.2794891 -0.842276633 0.457740366
x 0.984807193 -1.54820168 0.0135567607 -0.397965044 -1.16310167 0.227325082 1.23000979 0.386230201
x -0.234076917 -1.65519559 0.0568084791 0.244881883 0.146585807 0.431203455 -0.60921979 -1.6077987
x 0.127258524 -0.0398248807 0.209292397 1.41183484 1.28171766 0.347082496 -0.493201673 0.915934741
x -0.252966702 0.234885201 -1.01974559 -0.473133057 -0.297049671 -1.09521484 0.497580469 -1.03517926
x -0.90246439 0.195507899 -0.41898194 -0.712431192 0.243235186 -0.229277849 -1.19655752 -0.533701956
x -1.10563791 1.91463935 -1.64016247 1.49895084 1.06551743 0.143423513 -0.979406416 -0.373758405
x 0.187428609 2.77606225 0.167140692 -1.89165032 0.162591681 0.362981558 -0.393324792 0.0671733841
x 0.903311372 -2.74823189 -0.632091582 -0.425062209 1.84757113 -0.0939725935 0.466823846 0.1684407
x 1.77620637 1.50856102 -0.254193366 -0.730816483 0.112313017 1.09152985 -2.01813507 1.07933784
x -0.147665411 -0.0652666762 0.104775988 -0.00258354889 0.0500115491 1.47513294 0.0731653944 0.591615915
x 1.42483139 0.329808384 -0.532731771 -0.108900487 -0.0960914642 1.14681876 1.49139881 -1.26696527
x 1.15769219 1.3459096 -2.12526059 0.106585234 1.25959659 0.863179266 0.523198724 -2.21774149
x -0.704401195 0.667798102 -1.15465343 -1.01819551 -0.0653643832 1.14179933 -0.557456493 -0.542788148
x -0.130744576 0.500810564 1.51016259 0.760217905 -0.0818128511 0.825906396 0.117666997 0.523858249
x -0.348175079 -1.80148518 0.58455348 1.66197634 -1.22193766 2.69306517 1.03267407 -1.34116828
x -0.994763315 -0.31545347 -0.440387338 0.375080138 -1.10683966 -0.864223719 -0.226847321 -1.1383177
x 1.18293333 0.0347644761 -0.981114686 -0.904644787 -2.07469893 1.16188693 -0.745019495 -0.612306178
x 1.21901274 -0.236156777 0.759200931 -1.19873047 -0.207398728 -0.448781818 -0.723904252 -1.54168916
x -0.588174522 -1.13936794 -1.93285728 0.768920362 -0.0751137286 -0.316064358 -0.562672555 0.139400721
x -1.49915099 -0.429204732 0.83702898 -0.195869401 -0.406440884 0.0983787328 0.470969021 0.218004763
x 0.501413405 -0.923299551 0.418464303 1.70079541 -0.546912968 0.0821801051 0.345667362 1.42180419
x -0.282880962 -0.0867812932 0.652726412 1.05088723 -0.34268719 0.897592962 0.565055549 -0.165763199
x -0.752801359 0.15568088 2.20679712 -0.4028247 1.54204321 0.602011859 -0.352231145 -0.261840284
x 0.262181193 -0.652421951 1.78315783 -0.523218691 2.4198494 -0.170035884 -0.986591756 -1.38734615
x 0.388692915 0.361314058 0.107054077 0.880074024 0.484346092 0.0853567794 -1.06552231 1.23802292
x -0.331031352 -0.748073101 0.363693565 -0.291701913 -0.774904728 -0.67331183 -1.36483502 -1.74476564
x 0.155010581 -1.74508417 0.695269406 2.56897426 0.0615389049 -0.482325971 -0.828321934 -0.665119112
x -0.319088221 -0.736595869 1.11052036 -0.10540662 0.320111036 -0.468642592 -0.679064512 0.931087315
x 0.29231438 -1.3193084 -1.51269007 -0.598214984 -1.06208324 0.43541947 -0.873617232 0.766729355
x -0.530558228 0.342681438 -1.17880404 -0.837062716 -0.508083582 0.884129882 0.267348498 -0.037517827
x 0.673483133 0.630535603 -0.116367385 1.379884 -0.0565796942 -0.301786661 1.37482166 -0.363475055
x -0.323649645 0.52323544 -0.691728711 1.28086507 0.102154426 0.625210524 0.131348521 -0.0320382342
x 0.423225105 -0.376482129 2.13299179 0.418270797 0.910105288 1.74967706 -0.73759836 -0.824247479
x -0.539125979 -0.460095793 0.120265216 0.46848169 -2.20158601 0.186855108 -0.235277072 -0.292276293
x 0.0247564912 -0.108346276 -0.661859512 0.561233222 -1.9911164 -0.514392436 0.604606152 1.05770564
x -1.53492343 0.852288127 -1.63769841 1.38928306 0.332600266 -0.204157487 0.70149684 -0.0249538962
x -0.935521364 -0.978281617 0.205332667 2.64739752 1.53742063 -1.00894904 -0.655857027 -1.8330785
x -1.48105454 -0.111141615 -1.11159539 -0.104305118 -0.717119753 -1.48605537 -2.24358344 1.57384801
x 1.10867834 2.79219294 -0.390708387 1.82970011 -0.651724041 1.48532772 0.195717752 0.395762086
x 0.0761428624 -1.21916282 1.30269241 -0.245833397 0.105897509 2.28728342 0.503826797 -0.096441783
x 0.236607239 -0.198096126 1.50568986 0.814949274 0.782596588 1.78425932 -0.855774701 0.180061206
x -0.961225927 2.03445292 -2.9664917 0.253380269 1.39201248 0.106275119 0.185839087 -0.175387815
x 1.01595867 -1.36350489 -0.641372383 1.53517175 -0.59126997 0.941083491 -0.508008122 2.03339648
x -2.38465166 0.670363009 -1.28806913 -0.907907188 -0.0819599852 0.379140973 0.15087764 -1.14076436
x -0.555359542 -0.59810698 -1.82726324 0.196819708 -1.42470503 0.45115155 -0.450354576 -1.896034
x 1.53177857 -1.07689404 -1.68665755 -1.43075585 0.339080095 -1.07668912 0.83380264 1.47261226
x -1.33537805 -1.3271606 1.09609842 0.25189659 -1.65436494 -0.531558573 1.00775075 2.75716853
x -0.238883257 -0.828793764 0.185005739 -0.284095556 -1.27741396 0.420463473 0.0174613167 1.72388649
x 1.631078 0.159547418 1.14229608 -0.723785043 -1.83460987 0.67573595 0.972868025 2.81114936
x -2.32646894 0.143192619 2.27679253 -1.40766835 0.586182058 -0.31855464 -0.818084896 -0.27312237
x 0.494805932 1.72589397 -0.783123732 1.66165221 -0.0135954674 0.410760313 -0.246422201 -0.00343287131
x -1.24413478 2.05035114 0.461832017 0.195432797 -0.19384037 -0.634144127 2.03661036 1.03221655
x -0.251420408 0.180793434 -0.248393878 0.904841304 1.92715561 0.945578277 0.802125454 1.33203077
x 1.14793146 -0.256935686 -0.157187477 -0.460214555 -0.824090838 0.0826569498 -1.23352635 -0.0454429537
x 2.49320316 -0.0662847161 -0.0928619057 -1.2869817 0.146290094 0.00870652497 2.16325831 0.401114881
x -1.34280992 -0.9318887 -0.367911786 -0.27650243 1.66067624 0.970209599 -0.518198311 -1.09565258
x -0.865208089 -1.89165783 -0.364729494 0.577142 -1.10659981 1.70631588 -0.542729139 -1.16620469
x -0.330946922 -0.497525424 -1.44427299 -0.0816062689 -0.518449903 1.45521319 0.200658977 -1.50708532
x 0.123699673 0.264279455 -1.36735737 2.16561341 0.756823778 0.276762247 0.543190718 -0.819881022
x 0.243301705 0.161922812 0.974701107 -0.0976239443 -0.0273552369 -0.813620865 -0.0640701726 -0.969866574
x -0.685167074 0.773406267 -0.85612458 -0.0981615484 0.207857743 -0.282546043 -1.0880276 -0.438234806
x 1.29642665 1.11374414 -0.354043752 -0.990801275 -1.66470993 -0.0583329201 -0.312966049 -0.158332363
x -0.410734177 1.46527076 0.868789554 0.779682815 1.71725416 -0.199452162 -1.26601911 -0.196200371
x -0.929101288 -0.607747674 0.421634734 0.800815761 0.145671189 -1.00074673 0.446322501 -3.15788794
x 1.11833668 1.47187471 0.223173738 0.195010722 -0.0543703623 -0.538613498 0.714146137 -0.63254106
x -2.52422738 0.0779574439 1.75664628 0.590783596 -0.221274734 0.91310209 -0.818028152 -0.104297988
x 0.419934243 0.589785218 -1.57796907 1.24265516 -0.868204474 -0.0933678448 0.686028063 0.180820718
x -1.26438046 -0.11872106 -1.72845638 -0.792110741 0.00919844676 -1.83341956 0.0352289192 -0.356639355
x -0.290448904 0.270746738 1.66712785 -0.554570019 0.526994765 -0.504394054 1.24197447 0.821444333
x 0.483282834 -1.381953 -1.72926795 0.421877205 -0.70523262 -0.299470574 -0.114203624 -0.147083208
x -0.628522635 0.868494153 -1.70752537 -1.47305477 0.763889909 0.268862486 1.18384576 -0.257609099
x -0.478398919 0.94928354 -0.789469838 2.11717653 -0.794937551 -0.0654337406 -1.21188664 -0.270136148
x -0.80142504 0.468689501 -0.0244146828 -2.00458169 -1.84902573 -0.654020131 -2.15370631 -1.24624205
x -0.553180218 0.58039093 -0.788832843 -0.265445739 -1.18718374 -0.177744344 -0.416875482 1.48664677
x 0.734164834 -0.477629215 0.469504654 0.399529159 -0.052671548 1.47758007 -0.144256115 3.01695871
x 1.40097404 -0.358222485 -2.26732183 -0.395427972 -0.801648557 -0.74389559 0.534719825 0.663483977
x -0.727103472 0.320378631 0.194526583 0.717976689 0.103496343 0.526279569 -0.344004303 -0.959009588
x -1.2802304 -0.184088558 0.871653318 0.850234807 0.0930311307 0.175084859 -0.0659865364 0.707259238
x 0.390871912 0.385406584 0.820286334 0.735230207 0.701645851 0.363839269 0.116296336 1.35044777
x -0.536617398 -1.30297506 0.420813531 -1.07319784 0.658667028 -0.218029723 -0.200716048 0.760985017
x -0.630634904 0.257362217 -0.173671454 0.397772878 0.60623455 -1.09875572 0.0764512345 -0.292714089
x -2.21818542 -0.315292776 1.24589431 -1.8439033 -0.116582222 0.971950173 0.213561475 0.369925916
x -0.0723467395 1.30624962 0.319390446 0.779455125 -0.207486823 0.347747147 -1.78147948 0.276803255
x 0.813860536 -0.72060585 -0.613661349 -0.273112893 0.0666781291 -1.31492627 -0.246713728 -0.326206654
x 1.94713521 0.785512269 -1.78366125 0.248451203 -0.390076607 1.45403159 1.1937716 -1.27407551
x 0.972428083 0.792630851 0.75047332 0.0882135034 -1.20704949 -1.0230844 -1.36074364 -1.11930096
x -1.32079446 -0.0147037916 1.92413139 -0.381201684 -0.703114331 -0.72537595 1.37169349 0.117972016
x 0.306621373 -0.248784751 -1.26826012 0.295433462 -1.80107701 0.191234291 1.07528269 0.459923267
x -0.0645593256 -0.255717099 1.38328302 0.312588274 1.70381582 0.0006409536 0.921728432 0.111125134
x 2.12092471 0.325177252 1.72102964 -1.03352714 -0.556320846 -0.93750149 1.11592233 -0.459843695
x 0.487825274 0.639200509 1.26497626 0.367813677 0.194077834 0.572259307 -0.462374479 -1.98247743
x 0.147009909 -0.302035153 -0.0258862097 -1.60327399 -2.4605453 2.22773147 -0.927161336 -0.229108289
x 1.13804305 -1.76919448 0.188277647 -0.118190259 -0.098663345 -0.574794769 0.661170959 0.850639999
x 1.3343246 -0.186186731 -2.42575192 -1.21778393 -0.112467714 -1.8480407 0.784110844 -1.64922166
x 0.0572732165 -1.04639709 -0.194592953 1.73870838 0.858410835 0.783673644 -0.0266578775 0.679993331
x -0.140511602 0.152486518 -0.533284009 -1.21544743 -1.33292258 -0.055924613 -0.297378927 0.071118094
x 0.0830590799 0.618153334 -1.5249995 -0.324300021 -0.30437097 -0.135822058 -0.771034122 -0.648155034
x 1.28912842 -0.898806155 -0.10418462 0.407395154 -0.630392373 -1.69368184 0.554812551 1.11721742
x 0.710225821 0.368907303 -0.0837292075 -0.332344234 -0.523248315 -0.370616347 0.595455587 -0.715553761
x 1.02972651 0.390000314 2.30962873 -1.98165309 1.36084139 1.06636477 -0.116739191 -1.03180182
x 1.65355563 0.457892686 -0.517122328 -1.13732886 1.01162422 -0.757822514 -1.42726731 0.163857773
x -0.349600762 -0.0963248909 -1.83837318 0.676092863 0.224873796 -0.695411026 -2.08258438 -0.3734833
x -0.902469039 -0.815808892 -0.901283979 0.684773207 -0.890749991 0.702077091 0.401793897 2.26138258
x 0.452096432 -0.337439239 -0.140955329 0.849656761 0.233372316 -1.18870509 -0.0654747263 0.860354304
x 0.514811754 0.250429332 0.72625947 0.113461301 -0.779381037 0.814657331 0.317815691 -0.718387723
x 0.124717698 -0.655780256 -0.0430837609 0.585846484 2.23174119 1.414657 -0.947233438 -0.527431667
x -0.53685683 -0.936887622 0.59084928 0.772243798 -0.439320982 0.579029679 1.33637011 1.65749252
x 1.00430167 -0.0754793286 -0.813414574 0.0687062219 0.659370303 -0.246065587 -0.826301754 0.808303952
x 1.39283025 -0.0977127627 -0.0553032234 -0.654743195 0.0577221811 0.109947696 -0.575212061 -1.04821801
x -0.610480309 -0.908412099 0.09268713 -0.274828762 0.420012295 -0.0399844758 -0.391386032 -2.12211132
x 0.765328526 -0.0145023987 -0.151918396 0.81100297 -1.40928113 -1.10213614 1.04264176 -0.547344148
x 0.626670361 0.00149108924 0.0304893702 1.25174153 -0.206139654 0.922250867 0.714054227 -0.863853514
x -0.926720619 -0.408740073 -0.654640019 -0.346032649 1.4401716 -0.165809572 0.452748656 0.669023395
x -0.866837144 -0.416544706 -1.13638115 1.32745707 -0.573429465 -0.577029467 0.115171865 -0.0359152667
x -0.197538823 -0.432748079 -0.573158801 0.353846073 0.0783260614 -0.197317034 1.22096133 -0.279823393
x -0.473131537 0.117049165 0.281585574 1.72050583 -0.304354072 -1.22409141 -0.994587243 0.959707558
x -1.35529828 0.782573283 -0.313013136 -0.715955317 -0.173882961 0.937912941 0.467424303 -0.487072229
x 0.732462943 -0.998137057 0.925878942 0.580311239 1.54877853 0.437358767 -0.263407826 -0.0255114716
x -0.259590477 0.732206643 0.918118119 0.0823596641 -0.168820322 0.452296317 0.644203126 -0.561031938
x 0.489904016 0.362371236 1.18657732 -0.247943938 1.37620175 -1.32533336 0.688831449 2.17787266
x -0.587280869 -0.044894591 -1.9363749 -0.229752928 1.02263618 0.360999405 0.364880443 -0.00825347845
x -0.721525133 0.386023194 1.01975036 0.370396346 -1.35905671 1.21490347 -0.782788873 0.427066803
x -0.83807683 -1.00980473 -0.47410059 1.59156787 -2.06826735 -0.0548563823 0.0420532599 0.900497377
x 0.287541151 0.907020271 1.49975109 0.156260625 -0.576988757 -0.249758109 -0.120983809 1.71223927
x -0.152535424 -1.18096101 1.39429307 0.00655061426 1.87205505 -1.14533937 0.00129752432 -0.604133546
x -0.992205858 -0.629015982 1.29964328 0.207406834 0.0207843184 -0.449557096 1.43041086 -0.603989184
x 0.802662134 -2.25528264 1.13139117 -1.97633123 0.658980548 1.00631297 -0.247504279 0.334284961
x -0.368854105 -0.618921757 -0.448275566 1.0768429 0.531306028 -1.27599132 0.428532749 1.25195158
x 1.67629743 -1.097736 -3.17626548 0.314296305 -0.372356862 -0.183297023 -0.601702213 -0.123709433
x -0.25792411 -0.0927594975 1.14336431 -1.12036836 -2.32792044 0.0502405725 -0.772184312 1.12181067
x -0.309103906 -1.4135747 0.803664267 1.09796035 0.254399627 -0.31190601 -0.372361869 0.69215703
x 1.53938878 0.880227685 2.2299664 1.79377353 -2.02406812 -1.82616365 1.00610256 0.900157392
x 0.105256878 -0.0352639854 -1.48838401 0.210015044 -0.914183259 0.704509139 0.519317746 0.480108321
x -0.426022053 -0.188111961 0.0970956907 -0.555676997 1.78571832 -1.5735867 0.259310275 1.25813735
x -1.05991483 0.908037484 -0.14036414 -0.0440715849 -0.0417830385 0.722184539 0.671683908 -1.0879494
x 1.50573123 0.518452525 -1.12614906 -1.79892802 -0.902164698 -1.16232705 -0.706512511 -0.0137025509
x -2.1096046 -0.724691272 -0.523218989 -0.193921626 -0.0101079429 -0.514895558 0.401320159 -0.809224784
x 0.9973225 0.518315792 1.43311465 -1.95627606 -1.77124643 1.43242288 -1.24911082 -0.1742699
x -0.140576914 -1.38843679 0.1057899 -0.189124897 0.0127906213 0.322980702 0.325565279 -1.10010719
x 1.03098536 0.711466253 -1.31413221 -0.105008364 0.0931711644 0.036369063 -1.04793072 1.30949354
x 0.342156172 0.034764912 -0.444159359 0.629847229 -0.205368549 1.17868507 0.771424651 1.44958067
x -1.21609652 -1.18177879 -1.50710666 -0.392450362 -0.828443706 1.50146019 0.494051009 0.714411259
x -1.54501092 1.58849657 -0.338983119 -1.55928326 -1.26633477 -0.0943763554 0.75906539 1.15550041
x 2.5130651 -0.436583757 1.74926996 0.553326786 -0.810744941 -2.19677448 1.04869211 -1.18623114
x -0.215099022 -1.61338484 0.735970199 -1.07377732 0.210499525 -1.25449288 -0.0959946811 1.68321621
x -0.654297054 -1.14599907 -0.726568997 -1.32030344 -0.294399589 0.281298816 -0.315230101 1.41615212
x 0.596885741 0.633320689 3.08106804 -0.313311607 -0.985463142 -1.24030781 -0.978336096 0.711437762
x 1.03718185 -1.53950036 0.132582113 0.333111882 -0.853716969 -0.0772307813 -0.935317636 0.0420844704
x -0.57558763 -0.305551887 -0.555979848 1.37260962 -0.156259194 2.25319791 -0.360461831 0.475848228
x 0.692386925 0.249000996 2.29065943 -0.0179885495 -0.614767969 -0.726178527 -1.66151917 0.155671149
x 0.690691054 -0.0454132296 -0.109426394 -0.0387936421 0.441644549 1.04529023 -0.84576875 1.17808712
x -1.14087999 0.412952483 0.210959554 -1.19911528 -0.555332541 2.27673388 0.937780857 0.973958075
x 1.37012899 -1.14700389 -0.405957401 0.514743984 0.769519508 -0.535763323 -1.42924201 -0.821237683
x -0.162581965 0.245582178 0.0321177021 2.35421157 -0.781271338 -0.266099304 -0.936423838 0.323592454
x -1.24378395 -0.706611574 -0.50923115 0.982976854 0.465779036 -0.763245404 -2.0978229 0.606739044
x 0.892697513 0.239385366 1.28848004 -0.632025719 -0.032027252 0.470645458 -1.51193047 -0.623250008
x 1.10297859 -1.10116684 -0.699825466 -1.69499075 0.194415241 0.121989287 0.399536192 -0.507542193
x -0.0719618127 1.4757663 -0.21649617 1.94089258 0.783687413 -0.323876172 -1.22551775 1.09659398
x -1.14427316 0.247809991 0.25010547 -0.0758988261 -0.386252195 -0.221063554 -0.4582178 -2.18780303
x 0.342306256 -1.09026885 -1.24932635 0.647389889 0.495999098 0.0823616236 0.876163721 -0.480341405
x 0.236059472 1.23061597 -0.0298001375 0.189958125 0.354801327 0.308868468 -1.59591246 1.67491782
x 0.623918176 -0.785917819 0.312495708 -1.30160463 -0.559325039 0.438803762 0.448921025 -1.21459687
x 2.0447917 -0.834354341 -1.92292392 -1.51815629 0.497023046 1.52597785 -0.522004426 1.6208322
x 0.408870697 0.689085484 -0.212706238 -0.296981663 -0.553154647 1.13092422 -0.96373111 -1.47571278
x -0.139374465 0.30312705 -0.00778743066 0.406071723 0.711745501 0.719475091 0.615881443 0.626051903
x 1.72939551 -1.20677197 -2.65223289 -0.562518716 -0.399596423 -1.14057159 0.47428602 0.947146535
x -0.241318867 -1.35045266 0.584485531 -0.271386236 -1.07806385 -1.7182759 0.0307565145 0.797330439
x -1.40724254 -1.01960218 0.509564281 -0.282839596 -1.27529728 -1.2095269 0.227414474 0.228815243
x -1.32483983 0.49572739 0.598539233 1.49328971 1.17689764 -0.575599194 0.365208179 2.19382882
x 0.27807039 -0.497521907 -2.25928712 -0.276235282 0.70593971 -0.534292877 0.848155439 -0.162066758
x -1.73340344 0.283246756 -2.64957023 -0.267835051 0.0240714941 0.0119202975 -0.278675288 -0.945785403
x 0.0570673272 0.337221891 0.43309015 -0.710519612 0.950742781 -0.187191665 0.990041673 -0.444476664
x -0.347964615 0.602673292 1.24377906 -0.349582374 -0.851872325 -1.20645475 1.08217204 -0.57682997
x -1.11504734 -0.647688329 -1.06093574 0.875481844 -0.0564564355 -1.30471015 -1.83284223 1.83570361
x -2.22792983 1.53605747 0.637820721 -1.16721427 0.47978726 -1.31255543 -0.0479521193 -0.429174483
x 1.71521926 -0.869533658 -0.477434784 -1.05957603 -0.273770332 -1.45236838 0.322046041 -0.634918392
x -0.599705458 -0.845037699 0.077298902 1.15882897 -1.19920921 -1.38350689 0.473602682 0.420870006
x -2.58760142 1.60240865 -1.03923321 0.114894532 0.554016471 -1.66182077 -1.1309129 -1.3415817
x 0.129964769 0.416625291 -0.0339822732 1.06126642 0.724938869 -1.21555686 0.630702913 -0.377851754
x 0.287644088 -0.310246646 -0.441598952 0.418802947 -0.0560926311 -1.10674047 -0.442816556 -0.0391186066
x -0.573405862 -0.298492789 0.460806668 0.358689547 0.707917988 0.100656673 -0.820571959 0.164013892
x -1.60106194 0.592578709 -0.619215608 -1.22251034 0.097916618 -2.21450996 -0.256681383 0.864375174
x -0.273873478 1.23022723 -0.251357317 0.454624355 1.57239354 -0.0572433211 -1.33995497 1.6262064
x 0.467194974 0.15070349 -0.359900951 1.99009109 0.636447608 -0.603251576 2.08227777 0.232081681
x -0.0655420795 -1.30826235 2.2584424 -0.667131901 -1.39336491 1.34773946 -1.91212809 -0.0150344893
x -0.304466724 1.95409095 0.194038674 -1.33272123 0.945101559 -1.66228092 -0.512713313 -1.61524212
x -1.36487627 -2.27297449 -0.0261026192 0.736016452 0.656838477 -0.519402981 -1.5668267 -0.0341986343
x -1.23029256 1.48973155 0.853980839 -0.776962817 0.238825768 -0.91289115 -2.02853608 1.21001732
x 0.0767011195 -0.736098409 0.139863029 -0.369672805 2.17050815 -0.153126076 -2.19629145 0.0219713058
x -1.27022421 -0.172972247 -1.14370239 -0.658179045 0.416656673 0.62254864 -0.440326959 -0.406694472
x -0.69090718 1.18675613 1.63934267 1.46123624 -1.72008264 -0.647908926 0.489578217 -1.35028136
x 0.898331285 -1.34992564 -0.377475649 -1.20986152 -1.00216186 1.82154775 0.107839569 0.643330812
x 1.2634331 0.277856886 0.613658547 -0.274754226 -0.526995897 0.402027398 0.374828398 0.692042708
x -0.529783964 -1.42646456 0.863181055 0.863019109 -0.49858278 -1.54294682 0.396835059 0.00373594556
x 0.614192247 -0.751026273 0.299453944 -0.504304051 0.336423218 -0.70186919 0.95977962 -0.862395465
x -2.03647757 -0.159010217 2.10931396 1.01192737 -0.45679909 -0.730485678 -1.4417237 -0.137924716
x -1.42379415 -0.831540942 0.114482015 -0.602780581 0.412639529 -0.608635187 -0.394291252 0.896892011
x 0.145526603 -0.85458225 -0.784360111 -1.45084834 0.102072999 -1.06738138 0.916694045 -0.879468262
x 1.52774429 1.88464928 -0.946782708 -0.946117461 0.169264659 -0.06554088 -0.16276367 -2.16455197
x -0.154090464 -0.193428352 0.73761785 1.0955385 0.320255041 1.16659606 -1.35069215 0.221748233
x -0.0968179554 0.132110044 1.38097918 2.24325991 1.268471 1.24639082 -0.575279355 0.308565646
x 1.44609547 -0.426638752 1.52765119 -0.622294247 -1.13792026 -0.347287148 -0.680071712 -0.228985593
x -0.571924508 -0.621968269 0.465297729 -0.245236456 -0.59010905 -1.11929119 -0.160883144 -0.0783309862
x 0.617949069 -0.986158609 -0.3298316 0.601666987 -1.60857666 0.321828783 0.123450756 0.507920444
x -0.630783916 1.01063406 0.235810116 0.427238315 0.347484499 -0.526893139 -0.552000463 0.243140608
x -0.430021167 -1.00124693 0.0485955477 -0.589391649 -2.5818584 1.29366958 1.2735554 -1.2384994
x 0.0873051658 -1.28359616 0.407752544 -0.0579354167 -0.24161607 0.341317177 -1.46032739 -0.861560285
x -0.0374601409 0.257623583 -1.43760586 2.23655128 0.582071304 -1.01276696 0.989598334 -0.995783925
x 0.244484082 -0.0871842355 0.337100834 -0.325115114 0.00462079747 -2.54632306 -1.09952819 -0.222706839
x -0.127362967 -1.89316106 1.61882007 1.09742403 1.3527441 0.330920547 -0.864151597 1.55719566
x -1.85326791 0.523049176 -0.675059378 0.0932818428 -0.398241132 -1.30156898 0.668906748 0.614556074
x -0.964756846 -0.985454917 0.587806284 2.36173081 -0.693033934 1.35907245 -1.67145014 -0.530627131
x 0.487264842 0.816002369 0.23375918 -1.51055944 -1.59703362 0.271503717 1.23622739 0.567655861
x 0.189270303 -1.42538357 1.05628633 -0.828535378 0.351167113 -0.0127876466 -0.0521576144 0.171512648
x -0.686892211 0.149034068 -0.279974908 1.58357894 0.230132818 0.410546631 1.58164704 -0.575662315
x -0.371107966 0.747003913 -0.710001111 0.837329865 1.74614525 0.744868457 1.16093242 1.26946497
x -0.107308395 1.19877684 -0.901536822 -0.0455805175 0.262691915 -0.118032612 -1.83650577 0.884770274
x -0.335948139 -0.402612865 0.304497719 0.134190112 1.42450202 1.42483449 1.62156641 -1.62571132
x -0.931362271 0.642264783 1.30915093 1.138412 0.340440929 0.321849734 0.289812624 0.646092534
x -0.228668258 0.649492919 -0.963797748 0.704179466 0.517923772 1.27761126 -0.203396052 -1.87768459
x -0.083798483 1.05675054 0.217395663 0.154170498 -0.72457695 -1.86804128 -1.77199745 -0.587455451
x 0.36027807 0.181680158 -0.534070134 0.81853658 0.0957386941 -0.227081463 -0.884111464 -0.0100698061
x -0.862062633 -0.801235557 -1.57612371 -0.178639561 0.296260804 0.695866585 -1.25452673 0.14962934
x -0.596491814 -0.501477063 1.31329489 1.02595675 0.296746165 1.67894018 -0.209542066 0.272533983
x -0.361844897 -0.600483298 1.15566337 0.5433442 -0.332907319 0.608511806 -0.199520022 2.16752505
x 0.590112686 -0.184295073 -0.344393075 -0.599138737 -0.885794461 -0.882099628 -0.64108175 0.436352521
x 0.627358854 0.415088236 1.25863063 0.994656861 -0.512259483 -0.273340851 -0.13668105 -0.79086411
x 2.52147412 0.40250057 -1.31404066 -0.870570064 0.895729303 -0.36242044 -0.464103818 0.318035424
x 0.259248525 1.61997616 0.455575317 -0.217981175 1.77432621 -0.732623339 -0.139895737 0.454837918
x 0.974269271 0.531257212 0.423159659 0.283862919 0.873860359 0.00246048113 -0.234311312 -1.49041629
x 0.902412534 -0.558394909 0.294119328 0.379340947 -0.0572566651 1.02321362 2.67305756 0.97330606
x 1.86662614 0.506383181 1.12567687 0.315531522 -0.078335315 -0.599349976 0.665389299 -0.683238566
x 0.746842206 -2.00136256 -1.94277084 0.188622773 -1.67541671 -0.194670856 1.41736925 0.271396458
x -0.912290037 0.991377652 -0.0215900652 -0.449457496 -1.53995621 1.07501233 -0.430083722 0.940552413
x -0.111283213 0.176240727 -1.99882686 -1.05802 1.0444572 -0.194361076 -0.731932282 0.786814451
x -0.392251194 0.738652825 1.3264358 1.14781582 -0.42869848 2.84331059 -0.283710361 0.726472557
x 0.913594067 -2.0573194 0.0469076335 0.785421669 -0.338772416 -1.02983832 -0.568025589 0.595870614
x -0.960827291 -0.0804600418 -1.50131452 0.744408846 0.798764646 -1.09483278 -0.521488309 0.835541546
x -1.02164102 0.758182049 -0.920838356 -0.800063848 -1.19116879 -0.458328575 -0.466926605 -0.314974397
x 0.902884722 -0.0401065946 -0.748052776 -0.506963372 0.212359935 0.425562054 1.5482049 1.79237211
x 0.766468585 1.58510458 0.793305337 -0.0466226824 -1.68126416 0.953078032 1.87819982 0.582190335
x -0.446043402 1.18109298 -3.28474498 2.57980418 -0.242745265 0.16007781 0.629600942 0.402782232
x -0.210288763 0.418690324 -0.956908941 -0.956651211 -0.604131043 1.35686672 1.00920594 1.28582287
x -0.271729261 -0.289744467 -0.570099115 -0.0345316119 -1.59486449 -1.18258703 -0.0023128367 -1.47282493
x 0.632836998 1.26438224 -0.720264614 -0.32729739 0.848593175 0.0267285053 0.70099628 -0.724099398
x 0.619342864 -0.974400342 -0.466187239 -0.100665912 -1.68037748 -0.431722552 -0.168377638 -0.877140701
x -0.126889482 0.270129234 1.46093071 0.819218636 -0.504956961 -0.195785925 2.28117847 0.0948515236
x 2.32370758 -1.27569389 -0.226975277 -1.31068552 -1.08385313 -1.19421244 -0.572441876 0.0384467766
x 0.354039341 1.48594522 -0.102250554 -0.905323863 -1.22085893 -0.11671225 0.687909424 0.226794839
x 0.661009252 -0.366100192 0.586863339 0.233216852 -0.137145326 -1.36144447 1.59069157 -0.73029381
x 0.948685765 0.445119381 0.627333045 0.504478276 1.0237751 0.294774801 -0.556321442 -0.975195765
x -0.545938015 1.34642291 1.10492587 0.140181944 -1.12650287 -0.275474101 0.956296027 0.678201735
x 0.566395819 -0.00561944209 0.363232225 0.347556531 -0.497724026 -0.0632018819 0.941212654 1.74765217
x -1.45775533 0.07387802 0.487601936 1.19721901 0.579619646 -1.07903934 0.286008418 -1.09391534
x -0.438579738 0.252027988 -0.641966879 0.679957271 -0.626128554 1.0084331 -0.330892742 0.119471818
x -0.991097867 -0.480737418 -0.00702601764 0.207640901 -0.00133810157 0.622430921 1.24553978 1.11141312
x 0.85792321 0.167293742 0.237719372 1.8072803 0.444890618 0.154106587 -0.156073093 -1.38128817
x -2.12849212 0.626139045 -0.302806735 1.27399445 0.516481221 -1.91751146 -0.683947027 -0.00205762172
x -0.0683903992 0.795562685 -0.626095474 -0.0743675902 -0.475036442 1.46751928 0.0209358931 1.12928343
x 1.67475212 -0.515833199 0.36490345 1.12540352 0.250821441 1.57910991 1.34764934 2.81963897
x 0.0983561501 0.0195953902 0.509340882 -0.012875475 0.310874969 -2.05035877 1.08454108 -0.474650055
x 0.315705538 0.923598349 -0.254054457 2.12338614 0.29511416 0.304425955 1.21100867 -0.414925158
x 0.890848756 0.512086034 -1.94759274 -1.31058133 -0.789652407 -0.991077304 -1.33038664 0.603678584
x -1.50637066 -0.0726989731 -0.234210566 -0.760833681 0.74238354 0.229666114 0.996379673 0.0246560778
x 1.21271276 0.967401385 -0.656257629 0.136589855 0.371338427 0.561561167 -0.032614328 1.03733492
x 2.11590052 -0.588248432 1.62731528 1.48958468 0.0932339206 -1.51419699 -0.274622232 -0.287179589
x -0.585688353 0.801789463 0.357813388 -0.115911514 0.0575091429 2.0785017 0.19352214 -0.508052647
x 1.74241698 -0.409696639 -1.212219 0.759894907 -0.729223073 -1.11683583 -1.33707321 -1.87133753
x -1.0783453 -0.638101459 0.916843235 0.921272278 0.673370242 2.83220649 0.227372408 0.951126397
x 1.03167653 1.20289302 1.46179891 -0.278240383 -1.23782945 -1.36120522 -0.105691031 -1.21357584
x 0.231187701 -0.268165499 -1.48140001 1.73308873 -1.89641118 1.64749789 1.39951253 -0.0239035059
x 1.27742481 0.366562843 0.67450124 -1.71383572 -0.0280456264 -0.562685847 -0.585990131 0.267386734
x 0.953127921 -0.611598194 -1.01987755 -0.27081129 0.32054767 -0.942388713 1.16059899 0.305710554
x 0.862535357 0.189869538 1.62513185 0.127616003 -2.35926914 -1.01070881 -0.288634539 1.88787794
x -0.796791494 2.10580945 0.262546986 1.73832178 0.184169576 -0.122565903 -1.33608866 -0.234681681
x -0.413106233 -0.547710538 1.37666523 0.296701461 -0.281244546 0.243270412 1.260427 -0.245595038
x 0.199747279 -0.287062317 -1.26190984 -0.280430496 -0.373225033 0.221020594 0.81213975 -2.51182294
x -2.57348299 1.09189594 2.19968867 0.0242103934 0.219822377 -0.0771665648 -1.96564555 -1.26294553
x -0.862606883 1.15023577 2.37218165 -1.80484712 -1.0127002 -0.71458441 0.497668147 -0.316077888
x 0.881382942 0.847256362 1.00449336 0.394443333 0.483705968 0.588292062 0.894304812 1.54363728
x -0.621213555 -1.19747543 0.690367937 -0.330808818 1.17949677 0.766872764 -0.291266769 -1.89029324
x 0.0105582047 0.181126058 -1.09380603 1.98719394 0.163471535 -0.0557117723 -0.435589254 0.398151904
x 2.15388346 0.914636075 -1.11278737 0.248824686 0.586365461 0.203361854 -0.308334351 0.183364347
x -0.062518023 1.2017014 0.116197914 -0.945518196 0.98764962 -0.825043559 1.49123847 -1.93899226
x 0.832136571 0.67850107 2.01428485 0.400831789 0.718310893 0.156061158 1.76621485 1.31727505
x -0.96746707 0.777151585 -0.756117404 0.115560815 -1.35957658 0.610328615 0.809562624 -0.825789392
x 0.498910308 1.13649201 1.63429332 -0.482818484 -0.846907258 -0.0187389348 0.331305891 3.29875135
x -0.186780289 -0.937267363 0.274480671 -2.22322392 -0.849274337 1.40115857 -1.96459365 0.377373695
x -2.08704591 0.982562423 2.24543738 0.100720629 -0.63274914 -1.06725371 -0.735804796 -1.60190737
x -1.55571401 0.338541865 0.814704895 -0.318510056 -1.3257581 -0.916166008 0.349529833 1.31206167
x -0.157394171 -0.285367519 0.361521304 0.568379462 0.678426445 1.27756298 0.0763556138 -0.159043923
x -1.31209302 0.75273633 -0.542497933 -0.21568346 -0.504979193 -0.436364412 -1.21725976 1.35495842
x 0.238406599 -0.193521142 -0.345588148 -0.188768774 -0.505567849 -0.745079577 -0.000552245998 0.677585542
x -2.75388694 -0.187727571 -0.139679164 0.949886203 -2.12858415 0.800514579 -1.67205727 1.27123785
x -0.656920254 0.117138371 0.427748531 -0.347387433 0.232933551 -0.219856098 2.11987066 0.602147758
x 0.376670599 -1.44308019 1.56038153 0.555863917 0.183742106 -0.781483889 -1.80606353 0.426930189
x 0.348748446 0.0735550672 -1.12129629 0.0196533222 -1.2576381 0.232877925 0.596372902 2.17449689
x -0.694207311 1.24992597 0.932857931 0.911847532 0.614676476 1.14608634 0.00950337015 0.37625879
x 0.834501624 -0.832452595 1.3404268 1.40965033 -0.62443763 1.62245047 -0.460060388 -0.029605275
x 1.48823059 -0.801014423 1.15923285 0.179355383 -0.171744511 2.00097466 0.251337081 1.32580829
x 0.315715671 -0.682561159 -0.908209741 0.172862098 -0.29891777 -0.180127338 0.41895777 -0.294122905
x 0.224059537 2.12510824 2.04077983 0.187759355 -0.66278708 0.556471884 2.66308355 -0.932119191
x -1.41106975 -0.591722965 0.290685147 0.173774853 -0.272205263 -0.861322224 1.0340271 0.83559984
x -1.30381644 -1.06285632 1.83837199 -1.25828528 -1.13976216 2.07202697 2.30880213 -0.247684926
x 0.038697321 -0.130846232 0.188000545 -1.29161024 0.781455159 0.350479513 1.05137038 -0.384828568
x -1.25674784 -0.0183413792 -0.732467353 1.00767601 0.54017657 0.335952729 -0.601827562 -1.82539427
x 0.0393736698 0.388922364 -2.39052224 1.36751127 -2.4906702 -0.343791693 -1.21874511 -1.36070025
x -0.515552759 0.450003058 0.154671252 -1.46928847 -1.45597088 0.383362532 0.889739096 -1.73204148
x 3.22496033 0.021478584 0.731454194 1.16915154 0.850291789 -2.65438533 0.00737637002 0.567245364
x 1.35272205 1.02556455 -1.20050037 -0.26891768 -1.35182977 0.344381869 -1.9898814 -0.076401867
x -0.171877012 0.718061149 0.4090285 1.2304759 0.943823338 -2.87178874 -0.622490227 1.21050406
x -1.34467149 0.865338087 -0.76149708 -0.507518232 0.515854597 -0.0568463989 0.366230309 0.988155782
x -0.71728158 0.38183248 -0.17155847 -0.449402243 1.54096246 -0.901143909 -0.846766949 0.246511653
x 0.116051652 0.640812576 1.39712083 0.933244944 0.6064502 0.571880996 -1.76122129 -0.0361332484
x 1.19563675 -0.425618708 -0.0849258751 -1.2146579 0.890651882 -0.600607634 -0.214833602 -0.164133564
x 0.336478442 -0.587728322 0.970192313 0.688167512 -0.402567625 -0.512813151 0.172648355 0.247062862
x -0.202070594 -1.01004839 1.35511339 0.122598864 0.00648094434 -0.503142834 0.123524286 -1.333426
x 0.277041435 0.484490067 0.252155334 0.0281655453 0.28993535 -0.486715972 -0.570394576 -0.479170173
x 1.4074527 0.849606633 0.985029042 -1.06306159 -1.14597034 0.720234632 -0.877559006 0.769159555
x -3.27721047 0.654147208 -0.34567076 -1.64565957 -1.18331707 -0.396396607 0.44353652 -0.166552067
x -0.0718036145 -1.41733158 1.18121493 0.110714607 0.413296193 -2.1856029 -2.19930983 0.190042183
x -0.426091254 0.117667072 -0.790026248 0.329348743 -1.89245152 0.677200258 -0.470968038 0.900065124
x -0.389938653 0.428708762 -1.28748798 1.01361275 -0.899180055 0.590233505 -0.640664876 0.682429314
x -0.0628608316 -0.9343611 1.10286856 0.961987853 -0.29352212 0.909900248 1.42488921 0.681679428
x 1.79942942 0.0414401628 0.939916253 -0.0295382403 -0.742875934 -1.32135987 0.581108034 -0.795721591
x -1.32949531 -2.41211605 2.13545871 0.982738137 -0.587540448 0.91102773 -0.99801302 0.492462695
x 1.21392238 -1.13501179 1.09228849 -1.29482055 -0.0558471456 -0.341435879 -0.154905722 0.3758246
x 0.789141476 -0.031187851 -0.0456477739 -0.0393447354 1.30133426 0.974454641 -1.43068171 -0.102908358
x -0.845251679 0.551420808 1.67663705 -0.974229276 0.252327472 0.85545063 -0.782521427 -0.0872969776
x -0.300243199 0.640235424 2.12718654 -0.544595718 -1.10573137 0.490890294 -0.0311461277 0.99963665
x -1.37439132 0.301623791 -0.468147099 -0.223684058 -0.574962914 -0.106895506 -0.418739289 0.41502279
x 0.962935746 -1.95351398 0.498183489 -0.266854376 1.7447927 -0.768263757 -0.5760203 -1.20197618
x -0.145397305 -0.431979686 0.311414778 -0.439652771 -0.0946052447 -1.02865076 0.976160705 -2.60027575
x 0.53977567 -0.0361727923 1.05220962 1.81209815 0.394586444 -1.26281416 0.223596752 -1.38382876
x 0.534264386 0.594541728 0.520719945 -0.951715827 0.823493183 -0.698904991 -0.869655788 -0.806613684
x -0.214264229 0.0984648466 -0.0401881672 1.34248543 1.11431599 0.234197035 -1.09057176 -1.34232807
x 1.13082516 0.978043199 -0.282068729 -0.0297833495 -1.09503031 0.474216402 -2.52128983 3.12287378
x 0.759215057 0.434153169 1.12270045 -0.517114699 0.148640871 0.581976116 0.233184934 0.0412861705
x -1.08453107 1.16764796 -0.11236731 -1.17793536 0.269925117 0.195402816 -0.122157246 -0.261247486
x -0.99458915 0.303657651 -0.936851561 1.51483929 0.671517372 0.0829783306 0.948255658 0.0652738139
x -0.66332972 -0.0555609874 1.64330602 -1.22504306 -1.2985003 -1.04460537 -0.767891765 -0.60904932
x -0.0948503539 -0.456113279 -0.466091067 2.18206286 0.064289473 -1.84046662 -0.948360384 1.13413441
x 0.315472901 0.087943837 0.649741948 -1.51251042 0.0503247455 -0.641647577 -0.772957683 -0.933523774
x 0.848783493 0.987799585 0.330886692 0.851142824 -1.54361796 -0.266899675 1.00916386 0.828827858
x -0.375524074 -0.319285244 0.0838154405 2.31798053 -0.962232888 0.358170837 -0.857101858 -1.46543014
x 0.244308606 -0.589957833 -0.815464556 -0.658704877 1.4290123 -0.113421969 1.29789019 2.12479639
x -0.708485246 0.0783087686 -0.113514148 0.832010329 1.33933127 0.470798582 -0.64612937 -0.0840268508
x 0.559288204 -0.446402282 -0.275805026 -0.732431948 -0.468533158 -1.58414531 -0.227015138 1.41856587
x 0.646621823 0.536208451 0.899546921 -1.20895827 1.54796886 -0.753257692 0.593586504 1.40379953
x -1.16599774 -0.536129117 -0.991796553 -0.11692179 2.37055659 -0.957572162 1.65958154 -1.06124759
x 0.298962593 0.830473721 -2.22302938 -0.367072552 0.414304823 0.545121551 0.729954541 -1.24495614
y 0.358421713 -1.54489732 -3.77210522 4.32205009 -1.48172748 -9.14389038 8.81798267 2.18657899 -1.54536223 8.63591671 3.10128903 -6.33174753 3.05012012 1.55384696 1.17553508 5.70806074 -3.18450451 2.49368763 1.06481969 3.54875565 0.890123129 4.32854652 -3.52564669 -3.42359018 0.975215495 -2.11939049 -6.49436951 -6.16555023 0.00665169442 3.82357359 9.79761505 -1.35144413 -6.28336096 0.27556473 -3.88090706 1.78882802 0.540482283 -0.833827734 1.80591941 4.62818384 0.205619648 3.09797096 4.56594753 -1.48712242 -1.53015327 -2.1816318 -0.876823664 0.76185149 -0.589908898 -0.963576257 -6.02896547 -3.32215023 -0.775245845 3.7374332 -0.0732225254 -1.61618578 0.00805903692 -5.71453857 2.08428192 -3.47010994 0.90551728 0.0843080208 -1.31412554 3.08766413 0.490278721 1.71161604 -1.17124605 -1.85829508 1.57266474 0.747623265 -6.34190083 5.38073969 0.63100493 -1.07183206 0.145306423 -9.3072691 -2.56426287 -13.6565161 1.55004668 1.684852 0.539173603 0.861718595 -0.966274202 -4.5515666 -1.70790219 -4.25696182 5.01210546 1.74120247 1.70981777 9.56366253 2.57661676 6.09214592 1.91443253 0.691551566 3.36489296 -1.25979221 -1.66415584 -1.78331125 0.353237987 -1.17907107 -2.82966447 -2.15920568 -0.152419597 -2.17562509 -3.77962589 -4.10848618 9.2433176 -4.47226095 -1.70085919 0.551104307 -1.64165401 1.52382064 0.564578831 -0.491568685 -1.10161686 -2.21808362 1.23942399 -2.32388425 4.01884747 -7.78537416 -5.87060261 -0.913057506 -4.66665411 1.62690675 -4.77269602 3.25230765 -1.15122104 -0.0409749709 1.37106359 -2.90076756 1.70571244 3.28882623 5.94308281 6.77488565 -0.988448977 -0.0966303423 -5.37087774 -2.56884694 0.128913745 2.94564843 -4.39521694 1.15626645 -2.91998696 5.52403164 -3.60301113 -7.4943924 2.53635287 -1.28621805 -1.01575387 -2.11240602 -6.32230806 0.492738843 1.34934235 -1.1439178 -2.14811373 -0.873628855 4.64225483 1.02862179 -3.15918803 -7.37723827 6.21355867 -0.615416527 0.0914700925 -4.40994835 8.14932919 1.33572352 -2.16748405 5.53046656 5.76302624 5.3006649 8.14546204 2.98217082 -11.6113558 -5.0804038 -0.532574892 -3.55204344 7.06934309 -4.91885471 1.4718262 1.00168455 5.9728303 4.07075882 1.34569752 5.09201479 0.882762671 0.392893523 -1.65712368 3.38504362 -3.89726067 2.16194177 2.59099293 -0.112256356 1.00451553 3.69079232 5.02340031 3.44517064 -3.31986856 -4.79973888 13.6795006 1.69213128 5.82869482 2.55144334 -3.34515882 -1.25170505 3.41838717 7.19683075 11.604845 -2.30801392 -11.5869026 3.80600333 -1.49067485 4.04372072 0.576399446 -1.41374838 -0.330776423 -1.89024019 -2.33643556 1.02990294 0.116275638 6.04758978 0.587684393 0.759006619 -1.4019146 -2.51334786 0.954799473 3.06843185 -1.72103715 -3.11761856 -5.97698593 -1.24575794 -5.61576605 6.65783739 -2.75545573 -1.13355291 -5.71138477 -2.9349885 0.706494927 -4.77628994 -0.299824029 2.02512622 -2.90582967 -2.63485551 1.63094115 0.844202161 0.699012637 1.24899864 -4.56038809 6.52557039 0.800098479 4.82842064 4.49396658 -4.04890251 5.87886381 -2.43247533 11.1735344 -3.96148634 1.05299568 -2.60457373 1.63813865 7.35255861 -3.30859947 3.55734396 4.95212221 3.47632623 0.265593022 10.5063543 0.2416282 3.24281001 0.788056731 2.91290903 -1.99489331 -2.11337829 0.797556102 -4.79431343 -1.74942982 -6.49089336 3.12029529 1.74524152 -5.45987892 -1.69763911 -7.12960482 1.72621799 -7.32160044 -4.24798489 -0.863684058 8.89625549 1.18308318 0.737006783 0.93662703 0.907675743 -4.10664034 1.59218419 -3.93687534 2.13309836 1.07971704 -0.448033482 -1.33249176 0.259543508 4.68043756 -0.915074766 4.57691574 5.02997017 -3.09324217 -2.67306948 -3.74971271 0.0279269237 0.224659711 3.31585622 0.125449121 -1.21242881 0.784071624 3.22367239 -1.87421703 4.67787123 2.06989622 -0.59600693 1.28232849 -6.23094988 2.17030072 1.99116743 2.49346757 -3.88353014 0.60090512 0.728657782 -0.534544885 0.242753252 -1.30184066 -3.01587677 -3.38247228 2.34116817 2.9671855 -2.38503337 -4.13546705 -3.0914886 3.37911677 5.08487082 0.715810955 0.0409183577 -0.000259724591 -8.54790783 -0.965110302 -6.22973537 0.0251816902 0.373251498 -4.00099802 1.3321768 1.3073324 -1.46621835 7.10476398 -1.07482302 -4.31845427 2.13247752 1.83874726 1.37820816 -0.777295172 4.85471773 3.79901147 1.00616002 -4.28282595 -3.23416209 0.857223392 -7.53866768 -4.03873253 -2.09171724 0.791607678 0.881360114 3.23389888 -3.16927934 -4.58158064 0.869716465 4.32743549 7.02561235 3.98258352 -1.03754032 6.08039808 0.153490007 4.78304195 -4.12075138 -4.60104656 4.40528202 -1.41543019 -1.88954115 2.6246562 0.194115356 -9.88969421 -0.718960702 -15.9939413 -4.09424877 -3.07282996 -0.719138503 -2.2106638 -1.01262903 1.70972693 -1.01608312 7.32643509 0.848024726 5.48808575 -0.713639259 -0.957713246 -0.276409507 2.76169586 0.544473946 1.68101633 0.611287653 -1.74143767 0.34564513 -4.09453773 2.56048179 -7.6024332 -1.08013415 -8.4917078 0.548436046 -1.8755331 -2.92102933 -1.49418008 -7.34798384 -3.78860641 -0.181264102 -1.68149722 5.24168396 4.50981045 0.625140846 1.9485935 -0.0347273126 -0.493881732 -0.327064782 2.46339512 -5.34224272 3.85744619 0.853456438 0.0592289492 1.32857049 -0.365392804 1.43654335 -1.98191118 -2.23282981 1.94585693 -4.33033752 -2.40847993 3.33102155 4.03098917 9.02673531 -2.25735927 -3.39911771 0.439847082 3.78581524 -1.3398633 1.46830559 0.761870623 5.43950939 3.25415015 -3.61634493 -1.21518028 -6.31914139 2.65852022 -8.41942883 4.82350779 -5.63251066 -1.21411002 -4.01919889 2.21756244 2.57106829 0.0295917392 0.671027482 1.13766348 -3.74866962 0.774612665 0.213818982 7.50928783 -7.27040148 -2.01273012 3.92409253 8.53366566 0.830660164 0.871314168 1.7104001 -3.47159886 -2.07487965 1.30388784 -11.7243109 1.44024777 2.00500512 0.465674877 -2.0262084 -0.181195617 -4.27319431 -2.5335269 -2.05836654 -0.652130365 -3.99044204 -0.608096898 -3.64628005 4.75108433 0.341918707 -2.75577521 2.31535554 1.50818098 -4.36382627 -4.09618807 1.61122656 0.75323993 1.25841916 4.31638002 -11.4869337 3.95107841 4.21578074 -2.59890008 1.92323375 -2.71405125 -3.17040157 0.0864051059 -1.52400005 -8.76360703 3.52044654 -5.03295231 -4.82372141 7.19395208 -5.84394741 0.436488569 4.38276243 0.287736088 -2.84531856 -0.421458215 -2.05463886 -2.76090026 5.26504421 -2.12802625 -0.745026052 10.2522984 2.74598265 -0.531219423 -5.45729542 -5.52668428 -1.17276788 -12.7852526 6.39659548 4.65726519 1.42803097 5.84912443 -3.10225296 -7.31491661 4.63007975 1.00965023 0.172637105 2.00143528 3.13512087 2.45934319 4.41395521 1.85070753 7.25728321 -3.08409762 3.14090681 -2.88525701 -7.0396328 8.38895702 0.836185038 0.99103272 3.75336123 1.10928392 -0.77426517 -0.553465247 -3.43323445 -12.0003748 6.42716503 -2.8635962 2.79963231 -1.70620728 0.203519478 2.62568665 -1.29655516 0.652418673 4.57006788 -0.0784716085 -1.3151561 -0.617022038 -1.13914979 -2.40011501 -1.19196808 -4.80399561 1.39365959 0.363564551 -0.24320671 -4.46047688 3.03501248 8.81966209 -3.55791998 1.72579992 4.98496675 -0.445123225 -4.06145144 4.22262716 -5.61077881 0.226394236 4.76473761 7.36633205 -0.50660646 2.03793645 5.86364412 -3.28238368 0.2461842 1.21472764 3.2365005 0.458821893 1.42375088 -0.372558475 -0.794006646 -5.96403265 0.507354677 -2.26862884 2.81934524 1.72888279 2.99616909 -0.0161183104 -3.64423442 -1.23612595 0.720955729 -1.87028515 8.58902073 0.228713512 0.157905608 -1.31803715 -0.448265553 0.0904191285 -1.92752683 0.7735883 0.696519375 -3.47648835 14.9961996 0.203427419 1.73202169 -2.20868897 -5.35767412 5.56921625 -2.68554616 3.03125167 0.0831985697 -1.42539084 -5.05577087 -4.05303574 2.11362767 -5.34125996 -3.07278824 -5.11543322 -5.28311634 -4.07801151 4.61417818 9.22173595 4.00588036 6.26051235 0.12575911 4.62938309 -3.10460806 -0.721700966 -7.8130908 3.0990665 -0.127430663 6.30687046 1.52769601 -2.05322313 0.234663323 -1.63851595 -3.97684216 -1.68097579 4.58741713 2.36002374 3.09235239 0.422987342 1.78611743 -6.9961338 -8.45793724 4.05577803 1.49546945 -3.05914235 -2.24584055 3.21317816 -0.32941249 -1.77237189 0.101325758 -6.13966799 2.14770055 6.80705309 -2.77710056 1.18929398 -6.13522387 -4.03016901 -5.04318476 -1.4736588 -7.32130051 -0.931763232 -3.3632791 2.70154071 -2.65255189 -3.80717993 3.84873891 -3.66747236 -4.78850365 2.56490588 -0.127462208 2.01644278 0.702052951 -2.87172818 -2.6705761 -5.00900221 2.68706703 -3.572788 -3.70855975 3.81062794 1.85592008 -1.02615738 -0.873168051 1.7297982 -2.75026965 -3.96983218 2.28348303 -1.25761521 -1.94835234 1.46631324 -1.55861008 -11.0161324 4.11745691 -0.891370773 2.13067055 -3.22796559 0.184207693 -1.14775884 0.636391282 3.80901265 -1.86144781 0.534991086 6.47331238 4.50553751 -1.44962811 4.51207781 3.94683075 3.05795288 -1.28739119 -5.23336315 0.271704555 2.50686264 2.46318316 8.50978947 1.36560476 2.41451311 3.55377603 -4.23784399 0.374576926 -3.32890296 6.00696039 0.153531939 0.981703997 -4.32130718 1.86892521 2.51775599 -2.42970228 -4.51494884 -6.27352953 1.96574116 1.62389648 1.9730885 2.98147392 -3.19552779 2.33274031 -3.29669309 3.42803574 -2.28088737 -1.06821036 1.27589285 -12.492898 -10.9723005 2.48815131 2.55753708 1.85123909 -4.86440468 -0.661568522 -5.82914209 5.01739931 -1.0109396 -6.40278578 12.0876951 1.65488124 0.229114681 15.8908997 5.59849167 -0.0515116788 -0.407235771 -2.27046728 -0.490494937 3.39843369 1.15858269 -3.34136987 0.420610636 -1.21651602 -2.20411325 -2.54582644 1.6073246 -1.98606396 2.03696704 0.140835896 -5.22534895 3.44638705 0.673750401 0.581779599 -0.107742332 -2.73208213 2.94184542 -1.25832462 3.21621895 -0.0392075479 -1.3844291 2.16125083 -6.06843758 1.18212259 4.38576508 3.54498386 -2.33812404 1.29414368 0.124570042 -4.64219332 1.49284697 1.76469123 -1.76013982 -1.58803105 -5.29084349 0.445387244 1.03099215 -1.11923432 1.56149638 5.0146265 2.46569276 -2.56645703 -11.3336449 1.33958733 -2.41589022 -2.41002727 0.502867937 -4.50977516 -1.1757046 -0.118584931 4.90744448 2.60007882 0.72673589 -3.38686657 -1.40420508 -2.60516667 0.297880828 -0.689767599 5.28690529 1.61291742 1.21278477 1.29558599 5.62096119 2.64137793 0.853226423 -8.13386726 3.64159679 4.8950038 0.924090028 -1.38754499 2.37536526 1.43040717 -1.53467607 4.18424225 3.43982291 -1.11263728 -1.78078699 -3.15815258 0.164079443 -3.91615248 1.27713466 1.91270518 1.26637995 -2.11491632 4.38968182 4.70855808 2.22033143 6.00446272 0.886451244 -2.32233739 -0.676450193 2.03527403 0.885914505 1.35684097 -2.03436899 -2.05170751 0.819185853 -9.8700304 -0.712071359 -1.81599569 -2.07200909 -0.375762701 0.470645994 -0.0385369733 -4.97991371 -4.8051033 -6.32901239 -2.26538301 2.42527056 0.138419285 1.45177674 -2.7683115 3.8052814 6.9976697 -4.69626617 -1.67837679 0.339406729 -2.62200308 -0.75070107 -1.29126513 -2.88820219 -0.4204759 5.81791639 3.01860785 1.99938607 -1.43677688 1.98353279 1.91675842 1.77349699 2.04852676 -2.96157241 -1.56224155 3.51385546 3.89474368 -4.06626511 -3.55043173 0.691151142 10.3119497 -2.38580251 -4.95678949 -0.855419099 -0.620628238 -2.89938259 3.32220387 0.3926889 -0.726542175 -1.07988513 -0.257820398 1.29839826 -2.49742246 2.65795827 3.24466419 -3.16226363 -0.327694237 4.10955811 0.0842011943 -1.70854402 -0.0269712806 1.45428538 6.53561211 -0.0661608353 -1.00550544 -5.50686455 0.161564156 -0.571390152 -1.10271394 3.40555501 -2.23528147 -3.57472515 0.262066066 3.05145192 0.670577347 5.29683161 3.68360114 2.08602357 -2.60211396 -3.62695265 3.29458475 5.26898193 -12.5760612 -3.64509964 -1.6645689 -2.68869305 -1.59712827 -1.86513913 11.1164579 -3.0398922 0.398584396 -2.83623362 -5.75240707 -4.75095224 1.38558853 2.71229315 -4.05744314 -10.3604879 1.90148425 -1.62002361 5.66931391 -1.33688784 -7.66730404 -2.64051104 -10.0518208 7.00221443 2.03172898 0.823145151 2.2534461 1.1945219 9.53637505 5.01853752 0.829556465 0.163024619 -2.55686998 8.00559616 2.83997583 0.748152614 -6.37258005 2.32623696 0.552647173 -1.83653212 -2.03182411 -1.6542511 -1.2105757 -1.30350637 -5.64339113 4.9286294 0.522707105 -6.13991261 -3.47371507 -4.93116951 -0.590664566 -2.72281408 4.82203245 4.8333478 -1.66774046 2.64498472 1.82691836 5.18122578 6.51230574 0.487503737 2.99074578 4.12819386 11.5100279 7.02193403 0.447915345 3.03960681 -0.779077351 1.015239 -2.67969298 5.77189445 -1.8397727 0.582305074 1.73659217 0.221762091 -13.6125317 4.28500843 -0.764444411 4.88522673 -4.98679304 1.32103276 -1.59140623 0.892161071 -3.59429193 3.38568807 0.148795426 -0.715896845 0.6868608 4.01237583 -2.64942193 -1.60198534 -3.53351283 3.58071899 -3.2556572 1.18603218 -1.13016713 6.10842991 -4.88428164 -0.905680001 5.85641384 -1.52912486 0.63497895 3.33181715 -0.0763165355 -4.58551502 0.188084185 -3.99370503 3.2478888 0.686009169 -7.02219343 -4.00393009 6.96920633 2.26376939 1.09276533 7.33664322 0.612725198 -0.643505573 3.02362132 0.0064411452 -9.80663395 -4.48546505 3.36424232 1.71438515 3.52832031 -0.355641842 6.35362673 -2.95029354 -1.79113078 -8.3284483 4.84705734 -1.66257095 0.26459071 0.0721964017 0.778588533 0.669881761 -3.33392692 -2.4226191 2.02633309 3.56426883 2.10518384 -0.407869995 -3.53775716 -4.73982525 -0.836051464 3.49605703 -1.10383451 -4.50716686 -0.520354509 7.73396873 5.25893927 5.91487312 -2.79893112 -1.8986125 -3.01941895 -1.20448577 2.43890643 0.0584019683 1.23107505 -3.67735243 -0.149901271 -8.62342644 4.0765748 -1.48467422 -1.39722967 6.20212793 10.9293461 -1.23995185 -7.19226789 -3.63552427 3.16840887 -1.97098339 0.924968004 -3.64271379 1.35147703 0.382685035 2.5987637 4.54048157 -5.80155182 0.617636323 0.812569082 -3.49255848 2.70822597 -6.3237524 -4.91665459 0.430195332 4.30373621 -1.15410984 -3.77129865 -3.54094028 -2.3194952 0.967891872 -1.01360333 2.09133601 2.10497832 1.32102132 -0.00681050634 -0.747791827 2.63633394 -3.79709029 0.857065797 -2.3771987 1.37754166 0.0343540311 -2.39677596 -0.721969664 2.41636324 -0.749516189 3.62199712 -7.23737001 -2.37459064 -5.84402275 -2.71399856 1.26891899 0.348358631 8.88987923 -3.90735245 -7.75989628 -3.20933723 -18.7050247 -4.17980909 -1.84816778 -1.20972383 1.8612839 -2.23054934 2.99874616 -2.67500544 -1.76341927 2.07313871 8.66230679 -1.28550851 -3.09912133 -2.707376 8.99295807 1.58460522 3.39358044 -0.0448117293 -0.282849848 1.87939954 -1.1656419 0.619142711 0.72011584 5.13397264 1.14415228 -2.78507566 0.959728718 -4.55205727 0.936956465 -1.90759718 0.234994054 5.51029873 -3.17962384 6.18979597 -0.183698237 -3.92976379 6.22660398 3.93833423 -0.108645394 2.26636124 4.42309427 -0.464994073 -5.45461512 -9.28530025 6.79702425 0.95230782 -2.4656496 -0.416024059 0.285699904 2.29899979 1.89278376 -1.72264314 -5.5684309 -7.97830057 -0.424620837 2.6021781 0.430242866 0.573381662 1.61737478 0.690292716 -5.30955458 1.10313797 3.27043748 0.290173948 -1.67602623 0.164903924 2.35593057 0.224373296 -4.68327332 -2.52744293 4.59082842 -0.121723972 0.988088906 3.62351131 0.285815209 -2.69420791 -0.979204714 -3.38863921 -0.706086338 -1.5254283 -9.10392094 1.96286571 2.12340283 -1.62714875 -0.279349387 -0.190070137 -2.79930949 -0.329206258 0.838532209 2.39123297 4.37018251 2.25806642 0.505781949 3.12489653 -1.34419918 -8.44205093 3.33516002 -4.13915062 2.55529284 -1.05180895 -5.41044617 -4.13854408 4.02052402 1.93872344 -14.6503649 -2.39142919 12.191988 3.96390057 -6.21241426 -1.00101936 0.827979743 -4.45477486 -2.3460567 3.66809297 4.12522984 6.72216988 -12.3334274 -1.07971048 -0.413323939 2.16384435 -0.114151157 5.18258429 -0.512245655 2.23856926 1.89222527 -4.29820251 0.914490461 -3.69835591 -6.06609011 -0.450759172 1.00221384 -0.07223735 -2.24575973 -4.5285058 -0.58020705 -0.810176969 2.54469657 10.0012512 0.0618285015 2.95357156 5.82395363 2.21856141 0.712055862 1.20262682 -4.63263369 -2.34652114 -1.91720617 0.533953905 -0.789234221 -2.61668158 1.1107446 -1.9937799 -2.68684411 1.66383636 2.46246862 -0.727147281 -5.70944214 -8.74740791 4.44380808 2.75132823 -2.23831367 -3.78530288 5.57839727 2.08087039 0.631458163 2.6224401 -2.18444324 3.08251357 -4.76204872 -2.54841685 2.09764814 -3.77227116 2.70030379 -1.99538481 0.421292812 3.66224647 -6.48284292 0.618146598 0.874693751 -0.323372155 2.26177955 -2.15571523 0.272955209 0.218702212 4.32943916 0.226553768 -0.940224409 0.91972816 -6.41575384 -0.8042804 2.02888393 0.438120604 1.65152454 6.74334955 -5.4712882 -13.1226454 -0.749332666 1.45930147 2.93341422 5.93090582 6.82015085 -2.77517605 -1.16564429 -1.82595599 0.0691445395 3.17432332 -6.04651022 0.538080573 1.29022515 -4.63248205 -5.39210367 11.3178835 -1.27305436 0.25315693 2.1926899 -0.2412512 -0.0114608444 1.20472503 -3.56890011 2.02181768 -13.9453173 0.996058345 -2.46448636 -7.91409445 -1.15380502 -1.90134454 6.01797581 -5.39291763 -1.64203036 -2.01231813 -0.705406904 -1.57125294 1.14503491 3.95605016 -1.59634626 -1.32538474 1.94946897 6.28463173 -0.136789903 1.91076744 5.77349949 -0.764681041 -2.22774935 -2.85528946 2.72187734 -0.594763339 9.63551712 2.7201457 -3.51241326 -0.811924219 -2.44983816 -5.59506989 -3.82706618 1.82109225 3.35881495 -3.42328811 -0.473108411 -0.917048454 -4.96393347 5.60098457 4.82600737 0.596434772 4.4203825 3.8474164 2.09224772 -3.06876206 1.12097764 1.35741508 -0.572519898 1.02758563 1.50066948 7.88572645 7.14738703 -1.89414454 0.281049609 4.09728336 6.57962942 -4.21168137 -0.952995121 1.93998635 7.39546108 5.41629505 0.0412869975 -1.71688366 -0.952162266 0.878606141 -3.18923903 -2.52496052 -4.87660217 0.121025391 -2.38968849 -1.53937757 1.10899413 7.93016291 -0.707356393 3.45183301 1.71413291 -5.17568684 2.53386712 5.604671 -3.5600276 -1.70398295 -0.71470809 5.75510597 -2.59296918 3.07025623 1.37891638 8.46802902 3.84191751 -1.89861166 1.8913002 -6.15405846 0.957072735 6.56400061 -5.36030245 -0.439779311 4.04807854 1.86955643 0.601526916 3.1155982 -5.37357378 1.1567806 -3.45170712 3.43355155 -4.0991025 -2.00919318 -3.28391457 1.1784327 -1.31644666 2.16076994 3.59922814 2.20706201 2.23127389 3.64683533 -3.60893989 -0.175111294 -1.9826498 -2.78794432 -0.476110667 -4.55411911 -2.08171844 4.32256079 0.131576419 -2.74636364 -2.84495306 -7.60086632 -0.24545534 3.64499998 -0.488553971 0.0257432237 7.93921423 1.76765144 1.35773981 2.67745328 -5.09347105 4.78779125 -3.22616863 -7.52525282 -3.449054 -1.42632604 -0.576160133 -1.20286131 0.757034838 1.23831344 -2.77694631 -4.09049988 -0.648831427 2.6782856 0.589847863 1.23329079 2.85906768 1.36104488 0.735696495 4.25139284 -2.24545097 6.82849789 -2.5373466 2.08107543 -1.71846807 2.50578427 -4.79045868 4.49563694 4.02372217 1.54068947 4.65500832 -11.0261879 4.08928919 3.31836224 6.17289257 3.85671306 2.45882916 1.1302799 1.89092731 -2.08848143 -1.97956526 -6.38430309 -0.738505185 2.75094628 0.218865156 -0.923018515 1.24803078 0.480219305 -5.33978415 2.19905543 -9.624053 2.89693451 -1.69091868 -2.35573816 0.727268338 3.09496522 1.11639607 -3.0671556 6.65737152 0.180318639 -3.10278821 -2.11812544 8.98071766 4.69701862 3.59282088 4.57174301 -4.8818388 -0.648099661 -1.44489455 -0.781704962 6.05695438 0.306486309 -4.28621054 10.2073069 5.93968534 -4.99973822 -0.692439198 3.68922663 1.70169926 4.24499989 3.36218262 6.34394073 5.0154891 3.53703117 2.18229437 3.54434562 -0.704638541 5.13789606 -4.27038193 -1.8985846 -2.04962707 -0.275214434 -7.16802883 -0.774751067 -9.60319805 0.51853323 3.21504664 5.98476124 -2.79767275 0.505186558 -1.50119901 0.255407125 -8.11719227 -4.09458971 -0.723324358 5.22633123 6.18248224 1.51482868 0.0844622701 -4.19809723 1.34944272 -6.93977451 -5.25679827 1.13567531 2.46897316 2.4833765 -3.59147167 -2.18506193 -5.8828702 3.85152769 -2.29659724 -1.12648022 -5.70787334 1.51501012 -8.4978466 4.5603137 -3.81827903 -0.543211043 9.16745186 4.00949907 1.02241266 -1.34805512 1.21460474 -0.320439041 5.54773331 1.99783123 -7.75341702 1.60443306 -3.42826056 -1.26106977 5.34021807 1.69432938 -0.806903303 -4.25572348 -3.6453774 3.16549945 -6.8522253 -0.343077779 4.06293964 -6.75650692 1.11040258 0.878262222 8.91089153 1.83352613 0.860403895 5.4987545 -1.98701799 -3.11300254 1.19518197 1.19616938 1.64270818 1.46467257 0.378859162 7.00622988 2.94612241 2.66987753 4.25777864 3.6783011 0.824944556 -4.08633375 2.91615915 14.9582462 -0.330355555 -3.20390582 -3.76549149 2.38837814 -2.17750001 -4.5533185 -2.47010183 2.61875033 2.97498059 4.50237846 4.10609674 3.98173571 0.475274503 -5.61309195 -0.748999953 0.196948349 -1.21450853 -1.17122746 0.609948814 -1.59448743 -5.39478445 -1.40028691 -1.58178043 -0.423359752 0.383809566 -3.02159929 -0.595340014 5.79367924 -3.09788299 -5.4480958 -4.80549288 -0.60781759 0.316626072 2.26663804 -6.34307861 -1.81674325 -3.39398909 -0.505011499 1.25998461 -4.46298742 1.92445385 -0.331080645 -8.95569134 3.57357192 -0.525793672 1.76206946 -2.26467013 -8.1053257 -7.55353546 0.532501161 -3.05288243 -4.88235188 -5.41826105 -0.438670993 -3.16407394 0.416773498 2.47331405 -1.62061214 2.29392314 -2.83642268 -0.468529701 -1.8920238 -1.32900584 1.97412539 9.69718075 -5.39483309 3.6901679 0.0422918685 2.28247738 -2.43473005 -1.83424962 2.62981153 -2.26460171 2.47249126 -0.904614389 4.03122425 6.57771015 0.539871931 -0.432951421 -0.139372349 -1.44121015 11.5245695 6.279778 -1.48568547 1.66359007 -0.912695289 0.592906356 2.45782495 -1.86761236 3.64518952 0.984993219 -5.1144762 3.92814541 0.755977333 -9.49194145 0.770944834 0.471128762 -1.53493607 -4.2510581 -5.52197409 2.32743454 2.1899879 3.26598215 3.71088719 -8.02587986 -4.00890589 -5.41248894 -1.54944265 5.0535078 -4.47642851 4.00204849 -5.85651112 3.77723932 5.9972167 2.55921388 1.35184085 2.90874028 -2.00991678 -1.41986811 -3.44603276 -2.1190052 -0.818126678 -1.62559235 -3.30696917 7.21142054 1.64221644 2.3692317 1.82769763 8.30161095 -2.97821593 -0.800825417 -1.07426405 1.55369198 1.6900599 -2.50440431 -5.10384798 -1.15281141 2.44296479 0.945588648 5.65036392 1.36789799 -3.07815719 -0.443807036 0.0573159382 -1.52578223 -0.0707633495 -2.16191268 -4.19745827 1.55622351 5.76972866 -1.72086763 -2.08175063 -4.0190587 -3.09115839 -7.19802332 -6.02151346 4.14430904 -1.92125893 -0.144870549 -3.6204021 -3.4852488 5.10917473 0.872646451 4.8988719 -0.393321574 0.427417338 -0.319976628 3.54063296 -0.697497725 -0.172519624 -2.55030227 3.01880693 -2.75236464 -1.57941425 -1.42803621 -1.06526649 3.9329946 3.39684606 4.30873728 -6.58530092 1.60473466 -0.659361899 -1.79942608 1.3326472 -10.5946932 -1.51584756 -3.70277143 -1.97436368 -1.15253401 4.6574707 -6.69270706 -7.27059937 1.53216541 1.31538916 0.0152334943 0.74394542 -2.64295411 2.54214573 2.39290547 -0.683026552 -2.88796329 -1.32955277 1.33482778 0.00896999985 -1.23834372 2.01718235 0.540214062 -5.84099293 -4.10095406 -1.73671329 -0.17542313 -2.12949467 -2.26503181 0.789130509 -0.168752789 -1.93499577 0.935140669 0.450074673 0.587075591 11.0088425 1.79093432 3.77589488 -1.17562163 0.0438739657 -1.76053166 -0.137707055 9.57047653 7.06280565 -3.93113565 -0.240539566 -0.817032695 0.985445142 -9.13470936 0.754614115 -5.86113882 -0.610142589 -3.89388323 9.761549 0.794363201 -5.23884201 1.00654626 3.98693228 -1.52714908 1.82023907 -1.27782297 -2.56969833 2.35716796 -4.59857607 0.681001723 -0.0476084426 -1.67057073 3.33742833 -4.36485863 -4.07001257 0.057504613 -2.28011394 -2.1956346 2.61976552 4.15078211 -0.734098673 5.07328606 -0.0169152375 -3.55916262 -1.41585374 -0.106003173 -3.11765957 -1.63015592 -5.32865286 -0.721191823 0.648454964 6.48800564 4.14769125 -3.23583007 0.965821743 0.994287729 -8.40208435 -0.285722315 6.86276388 -0.0986759812 -0.181130573 -1.50475967 7.54353046 -1.41677547 -0.107551157 1.92357004 -1.40425968 -12.3608913 -2.94010735 3.05087185 2.20130467 1.86225784 0.586309612 -3.32884455 0.12025518 7.00281191 -0.773970068 1.16494632 0.831277013 -1.08542037 2.58089638 2.197721 5.96282816 -5.56284809 7.37045002 -3.03336573 -3.70725727 0.0556992069 1.63791692 -4.02104568 1.99735141 3.71171808 3.02046061 1.72769547 -0.891287267 3.12306213 2.52095747 -0.739063561 -8.47964096 2.11054087 2.46505499 1.9231931 2.72986102 3.65311956 -3.44848371 -4.42160177 -4.00886154 -2.30382633 2.20659733 -1.71272278 9.26173115 -2.41857076 -4.25160313 4.72014427 -7.74478245 1.71588159 -0.00378238759 0.0618959665 0.437557697 2.30709004 2.87578368 -2.05035019 -2.28530765 -7.18359661 -1.39255488 -1.73014462 6.19247389 -1.06384492 3.5092392 4.88926029 -1.13535321 1.77876318 2.31631041 -0.0839441493 2.53241491 -0.537693083 9.2974968 -1.86178172 0.568166077 -1.06591344 -1.62155843 -0.225743547 -2.57877064 4.51009846 0.226093158 -2.37674546 7.91611242 2.56574678 -0.249611586 6.18021774 -2.79366279 -1.90944135 0.113240182 0.0299510341 -3.35068345 -6.61614037 2.96361303 1.38529873 -4.62281704 5.03010893 1.30928743 -1.73850143 13.5767965 -3.67762828 3.12259769 4.59317923 1.82870972 0.924676478 0.239694864 -0.404646009 -1.06635356 0.258974969 -3.8899672 12.4144373 1.76674509 0.284671128 -1.26434624 -5.88761473 -2.53917575 0.0649222583 -0.959207058 2.01631379 0.911244631 -5.23954058 -3.44508147 -2.2734344 3.75374293 -0.332131565 -0.407870919 -2.31560111 1.59665823 -13.2759237 2.37817669 -2.79857874 -1.48607779 -4.8171196 -2.03173566 -1.52685523 -1.3472389 6.93379641 2.79284072 -0.40649116 4.61295652 -4.78318501 -15.4783726 1.9147656 -3.25945401 7.43688631 2.81577468 4.42897749 -0.942686141 1.66805899 1.85885894 -1.61871636 6.86311579 3.90468669 -4.63546038 -3.05977654 1.53575563 0.420252115 -0.491558641 -1.76422751 2.06666613 -1.94066334 1.05572474 2.26277423 -1.82122457 0.362894446 3.7828486 -1.27571166 -1.56455958 -3.07820773 -9.98323727 -2.82517695 0.498384655 0.859199345 -0.240202904 2.07582736 -4.2758975 -3.93381691 -3.20071292 -1.53706467 -2.88798332 2.75283456 5.11501074 -4.81428289 3.45748568 -0.62308079 -0.653219223 -3.29828739 0.743024051 -0.633526742 -3.08835125 -4.50248051 -2.69638848 -0.897390604 3.14821815 0.349362791 0.955259919 -7.85738707 4.95828009 2.25516391 -2.33097982 0.663402915 -6.38464403 -7.68545532 -5.41277647 0.22113128 2.78847241 2.7916286 -3.14670682 0.0630583242 -2.25355768 0.956573486 3.94017863 -4.00092316 -1.78221881 6.21649742 -2.6222508 4.31318283 -0.22677803 -1.60135937 -0.135936707 3.18064761 4.10108614 -1.25735021 -1.25050414 0.17502141 2.28922796 3.37974405 1.54733753 3.22855711 1.63091683 -0.197541043 13.8877954 0.475208372 2.95362234 -4.99909019 -1.87556159 2.91596317 2.3819232 -4.53336668 -5.67983055 4.70437574 0.169472232 -3.98630166 4.42609072 -1.75368917 0.913066626 1.54247212 0.134816721 -2.72859025 1.16999114 0.0329735391 1.42315114 -0.250064492 -0.681537509 -3.96590829 0.886540592 -4.91188335 -2.00606656 -0.74216032 5.23284531 -2.95602632 -2.86799312 -1.7485745 -3.06822062 -2.81133413 -0.991206884 -0.225433916 -3.38428354 4.37189913 4.13022232 -8.6374445 -2.00873399 -2.44946265 -2.88325453 -4.25992489 -2.47767115 -1.13748634 -0.653105021 6.42285299 -0.0635843128 2.10807943 -2.33631039 7.44849682 -3.47607374 -2.86840391 2.54828358 -4.65704107 -1.979424 0.615852833 0.151120588 0.0308447238 6.15794849 -0.106475614 1.05838895 0.346179336 -3.91818786 4.82219505 -9.76692581 2.74891782 -1.47544324 -0.106542423 0.317897588 0.884196758 1.53357685 3.89565849 -11.55128 -2.20917082 3.14507222 -4.11500359 5.77565193 -1.34437287 -5.81134129 5.42317533 0.772859275 0.732402265 6.47658634 1.69731796 2.88097596 -1.32814109 -2.84037876 2.41995525 13.6468973 2.76515841 2.43314171 1.38724422 -1.44640088 1.02774584 0.869388282 1.1965766 -8.25566673 -2.69565916 -2.32062197 -1.41904664 3.52771831 -5.41903877 0.107920334 0.698138177 2.66232276 5.82554388 6.66026735 -0.48779121 1.13648617 0.369252563 4.86645126 -2.49484634 1.46282411 -1.57403457 0.617145598 2.53126836 0.891997218 2.24838924 -2.50414038 -1.95841599 1.07607567 0.0716596991 -9.66894627 7.67137766 -3.20830584 -4.42470121 7.37369442 -3.59053206 -0.790396392 -4.56437254 -2.26846647 1.32194519 -4.7292428 -1.05007529 0.66215086 3.88314962 1.05806482 6.46069336 -2.42132616 -0.0185082387 1.14076459 2.95915246 -0.268586278 -4.51893806 -1.31519055 -9.04196644 -4.13106203 3.31753802 7.98973894 -1.11669767 1.85728812 2.22424698 -1.03103662 -3.6380353 4.67359257 1.70403719 3.3720367 -4.96933365 0.0537126884 1.1634047 0.64637655 -5.91530704 2.59939814 -2.72625899 -0.874290109 -3.18773913 -3.31599832 -3.58100295 1.38274443 -0.62244302 12.4113922 -4.47847986 -2.44492126 -2.10056829 -3.86846089 2.21220827 2.51624537 -1.35208321 1.88050711 0.690292716 0.372314423 -4.06733656 -3.60231209 -2.05356646 -3.87310815 -1.53989112 -0.698809981 0.0984340087 -4.09421158 0.767235935 -0.796874762 2.16329455 -9.3503027 3.35486221 1.72100019 5.49476385 1.68746543 -12.8400869 -8.66499233 0.828770697 -1.48248446 4.2038312 -2.72340918 2.86568189 -1.46840513 0.928024352 5.50130987 2.00389528 -0.730975628 -2.35887861 8.29481697 -3.49239349 5.36505461 1.01354754 -1.37652957 -0.29259631 -0.520739555 0.31667915 0.822832227 -3.99619889 -0.185293302 0.331085503 -1.29127252 -6.81642485 -4.85701275 3.12665558 -0.10668879 -5.27848053 2.97885847 1.88813055 -2.7345221 -3.47206402 0.475132376 4.09624195 -2.64472985 2.97549224 -4.21767378 -1.49527323 3.6663425 0.985372424 4.25978231 1.41921175 -4.21994305 -3.94470859 -1.16269016 -2.83338594 -1.22328389 2.71720672 -0.220846459 -2.27909112 2.69627976 -3.13347912 2.83270431 -9.85450172 0.0277986526 -4.20292044 4.22582769 1.97731662 7.92005634 -1.1836735 -0.322296798 -5.96380758 -0.560900211 -1.81603348 -2.92395711 0.511664331 0.945331752 2.88468575 1.17471445 -4.18974066 -3.87895226 2.59391403 3.80159378 0.0577705987 9.94032383 0.301849395 4.32130194 -5.10103607 1.9788034 2.07400537 0.0324558504 6.96423578 2.84423351 -1.48737168 4.41579199 -2.40806556 -1.90331483 -0.950783134 1.68378329 1.77979815 -0.718582869 1.70478547 1.13134432 -1.27432644 3.26344371 -1.75311768 -1.13942599 -1.88866889 0.423831403 3.36884212 -0.699937284 -5.15994835 0.426310092 -4.32590723 3.31041574 -0.202508047 -3.45039034 -1.80236661 3.5786705 -1.20397139 -1.70908308 -3.34999466 4.17664623 0.0697431117 -1.68730819 -0.745159924 -7.80798435 4.50806713 3.47786307 1.58307171 1.54998374 -2.60300612 -0.271624237 -0.745529771 -0.632882476 5.91362906 1.05319071 -0.770835161 -5.60472059 1.62919295 -2.30179834 2.80900335 2.92931008 1.65746403 -7.68287086 -1.53593528 0.758608341 6.91749096 2.81106114 3.14575219 4.7348628 -0.15160884 2.61284757 4.17125893 -0.609585166 -0.484529436 4.36809254 6.47038507 8.24233246 -2.23797584 -0.728133023 1.60565233 1.02888274 -0.967492282 1.2898432 -0.0656412542 5.94469595 2.2311554 -1.61378026 -6.35699463 -1.25268185 4.36230278 0.558445632 -0.0235466957 -1.93019998 -5.36881304 1.22689354 -2.80795312 -4.00559998 -0.471576244 -0.941539288 -5.07699871 5.52805567 -3.62094164 7.22119093 -1.32308245 3.26984215 -0.137570187 0.749992847 2.87540579 2.94116521 0.356612235 1.16905046 -2.14388156 -1.8860147 -1.47508454 -3.81717134 -3.79509759 -1.48347497 -2.93048978 -3.287889 3.82776093 -3.06783414 1.29930902 2.42582607 -1.60146391 1.08296478 2.95417118 1.73919535 2.92221999 4.79613209 -1.43504417 -1.62485099 -2.96058583 -2.17618585 -3.78200936 1.68727732 -1.83380949 -3.93705702 0.136388361 -1.3153193 1.13851666 -7.22107792 -3.24181366 1.36481488 -0.951926768 8.08445835 0.974037945 -1.59617913 -1.61709726 1.59275281 -6.50925684 1.4750272 -0.177628517 -0.471242547 -1.04280162 -6.19062757 -0.00891745836 0.535853505 1.82857561 -1.73798144 -6.09395075 0.927556813 -4.9359417 -3.19520521 -1.0799402 1.33582747 0.478517592 -4.06305075 4.4725709 -8.2229023 0.1873485 2.51464629 2.45783854 3.67107415 1.3267014 5.82871246 0.307259917 1.24950898 -1.34270322 0.104778066 4.78709364 2.37075615 1.53985298 1.48931539 5.53894806 -1.20707273 2.61833668 -5.9433198 4.51650715 -5.61290073 5.28737164 -0.757886708 5.336514 4.08094072 -0.262908548 -4.04760456 0.908484519 0.72132504 2.80371404 5.2743001 -2.63569379 -0.270488143 2.10377884 -3.00196266 -1.78818297 -1.80951142 0.284091979 -0.910718143 5.98419571 4.66716337 -3.99562716 -0.0875522122 -5.79388237 2.90686393 -0.29199475 9.88516521 2.81717491 -0.80698812 0.850693822 6.89391136 -0.967903912 -7.04485703 -0.958110571 -1.90436804 5.04543161 1.66276407 10.34338 1.02872658 0.936959922 0.046503935 4.09602642 -4.70299482 0.542525887 -2.28452516 -2.30127001 -1.33321238 -2.13459587 -1.88281131 -2.07351327 2.11247301 -7.0762248 0.0405081511 -0.359970152 2.77456975 0.895377874 3.1486156 2.28625441 -1.03611445 -8.53066158 0.451440543 6.01314545 3.99562216 1.96866143 5.81673956 4.83714819 6.0653553 4.03765202 1.82263386 -13.7095289 -4.80430746 1.82213748 -0.326643676 -3.68374872 0.11876978 -5.48035192 -2.75473285 1.5896306 -6.9183507 -5.65958881 1.61572647 -6.66735315 2.7608645 2.61978269 3.40900898 -1.26262641 -2.77846813 3.60776114 0.450106174 3.59584284 2.35967016 -2.55287099 -7.69406986 0.895309627 0.519035459 -0.123475783 -0.301835895 5.23759174 1.50574303 -1.8895272 -4.58853769 -0.395926237 -12.2665911 2.4893744 5.4017086 7.04334211 7.17928839 2.23620558 -2.54007125 2.81370735 0.672936201 4.07188368 1.35013437 8.80910873 1.92730057 -2.97098279 -0.13438417 1.33165276 7.03340435 -3.24057102 4.5790534 -0.381643176 2.1836915 12.7931356 -2.41365838 -3.75544024 5.01664734 5.37685776 5.9739151 5.32030249 -1.25464725 0.746931374 1.49059558 1.44470787 3.0251379 -3.25219107 4.23966551 3.57521868 0.864514947 -5.62045002 -2.23720956 -3.46608806 3.88046885 -2.24274206 0.685890675 -1.54941583 -5.50128508 -4.77464056 -5.69747353 -4.97890329 -1.8706243 6.03619814 -2.45324612 -4.37026215 -3.88756919 -1.82493424 -3.46701407 1.67541134 -0.409631133 5.3368125 -0.448341429 -1.70396757 11.7837896 3.17289138 -1.26752067 -1.37593734 0.0316489749 1.31515443 -1.59095895 -1.92899823 -3.67487955 -4.64882183 0.143212557 2.06069994 -4.58649397 0.691528559 -1.58891785 -1.65815866 6.73464346 2.52117467 3.95403671 -4.66049862 2.33137536 -0.153874636 -12.6790257 -0.451833189 -0.210863501 2.98366857 0.153701305 0.826165855 -0.0861418173 -0.39191097 3.49837637 1.22723341 -1.3796978 3.35421348 3.41380095 2.69389415 -0.444645375 5.33109856 3.56678462 0.49189797 -0.40398562 -2.35953283 -1.3448087 1.14466393 1.6864351 0.696041048 -4.73122644 2.80416489 8.87361622 0.0337232053 -1.8557806 1.22199702 -0.907687604 6.19383669 -4.72656918 -0.849577069 2.57944727 1.14757717 1.42911565 -2.18485069 -4.28227043 1.2130214 0.0259881653 5.77545595 1.68217432 3.25197196 -0.419243336 -3.99415779 -0.305921316 0.314659655 -0.193815887 -0.0315276831 -6.71303654 2.39556885 -1.25678372 -5.36870146 -0.675870299 -3.03366494 2.43387818 0.227919161 -0.827701986 1.34826589 -3.00114727 -0.023385549 -1.63324404 1.17018092 3.02545571 3.38506579 -5.76788521 -3.69701815 -0.229649365 -2.35062242 -1.38195968 1.70114529 5.58437777 -1.76804161 3.6700418 -0.501092613 -0.538469315 4.04797316 -1.81316507 -2.0635426 -0.330459267 -0.972397685 -2.0638535 -2.73971391 0.209612325 0.0932990983 1.72581017 -2.31531191 1.56584489 -1.59475183 -6.7527585 0.495277941 3.90948248 -5.44665575 2.14740825 -3.25956607 -1.24274695 1.76351023 -0.389515728 -4.03394794 -2.00547004 4.74129868 -2.56565785 1.26533723 4.88285637 -9.49087334 -1.37098742 -1.41021156 2.75103664 1.99768209 3.59801412 -0.632703722 2.35241103 1.170313 3.24445891 1.28847384 -2.98645568 -1.26253963 13.7408218 -1.81875777 -13.4737759 -1.70988035 1.63052464 3.46798873 4.87453508 2.76565719 -0.479531854 -10.0754757 0.790593326 -7.87765551 -1.47025192 -1.63143027 -5.27331734 2.51458764 -2.24305558 2.2316227 4.6190877 1.65847075 2.22980738 -4.20933437 0.669716299 -2.02400541 -1.75022781 -1.38900161 3.07748866 -1.31431341 -2.16935325 -7.2791152 0.278865933 4.45214701 -1.15321589 2.54294515 9.48470783 -6.52195358 -4.07035112 1.76141179 -1.28695762 1.90485239 4.32314825 6.3137908 -1.15774465 3.4967885 -2.29223585 -3.34544683 -7.44996643 -0.435139239 -4.29618931 -11.3823357 0.683529735 -4.71953917 3.65157986 4.81772184 7.74912739 0.946557879 -2.9663291 -1.59574497 -7.67838717 5.0741868 1.14776707 1.45566618 -0.898489892 1.18356597 -1.98401105 1.82186007 1.73272383 0.0617101602 -0.784764588 3.69730043 -1.9709965 0.728590608 4.57764959 -3.82646155 -1.48976505 6.61294794 2.45151854 -2.13303757 7.03218937 -0.0119170314 0.174827635 4.39716053 -0.780295014 -4.24582672 -2.99621153 2.32108569 -6.86667824 4.64283514 -0.120108135 -3.80424857 -2.14657617 0.321219325 2.53809476 0.758939862 0.244713649 2.12829685 3.29867649 -0.779347539 3.6568501 -0.637156904 0.300854474 -0.25908789 -3.60493636 -5.66731691 -2.7125361 0.812235832 5.26619434 0.407248914 2.67661738 4.15010977 -0.844739676 2.23918152 -5.82873869 1.43208849 -0.357763559 -7.49762774 7.69577742 0.42337355 2.13259888 -3.92740583 0.969476044 1.80840003 -4.48966503 -3.48244095 4.60933638 -1.61400509 2.59855127 4.82338381 0.911033452 -7.25372505 4.85271549 -1.9128691 -2.02723026 3.6137135 0.719067276 0.475392014 3.31925678 5.39756298 1.61118603 -5.17802858 -1.20118678 -1.78269815 1.47664416 1.53829849 5.87657261 0.869899452 11.7435942 0.520141602 -4.71383429 3.00663829 -0.229019701 5.98230886 -2.6380322 1.26465285 -0.546193659 -2.95016599 5.02121115 1.74905241 4.32510662 8.41820145 -1.37595224 5.72876978 0.440731823 -2.15877366 0.973040402 0.289962053 -2.18007398 -0.0660689175 -2.86181808 2.3776598 0.207213625 8.91264725 -0.914614797 0.639034867 2.59304214 2.93799496 -1.70449579 -11.9508963 -5.93529987 1.27176058 -3.16233778 -3.90120649 1.84505451 -0.157144323 -1.29784393 6.38293457 -1.57591236 -6.55532598 0.846463203 1.84928632 -3.85204172 -4.22089434 0.607048512 -0.615416765 -3.55223322 -5.28507471 -0.301443845 -9.03992748 0.338969111 -2.60940909 -7.01293278 -2.92466998 5.89601851 -4.22290421 3.58498049 1.76381385 4.97250748 0.0684889406 -3.15253329 1.54574621 -6.93878603 -0.444379628 -2.15324879 2.7423625 6.55579948 0.432521045 1.34404051 -7.80013704 0.698333979 0.624096334 5.77689028 3.49875808 -1.33765638 4.55391264 4.59426594 -1.94390643 0.29463318 0.92703265 -1.1910677 -6.28979588 -3.09509921 7.11184263 1.16918111 0.353949785 3.17121696 -1.88233399 -0.410422057 4.67545271 1.0711354 1.13171554 1.9468509 -2.89820194 4.47519779 1.2437979 -3.46550226 -0.0520870313 0.632030427 -1.18022954 2.36362052 -3.33183599 2.99966455 -0.633648336 4.68197203 6.67967033 0.869614482 0.445180118 -0.583761394 -2.36479139 1.83218086 0.0793339834 9.86292553 3.49022985 -10.8978128 -2.84403658 0.319503695 1.23913717 1.42029369 4.18005419 6.56078529 0.225068852 7.64144278 0.719358504 -1.06768024 2.17403436 0.0360473581 -0.291913778 5.26583195 -0.495879233 11.0354462 4.32241488 -0.8638466 -3.46457839 5.88876724 1.62726068 -0.406620413 -7.54708576 5.2229557 3.36210418 -1.30313528 -2.02699065 -1.63397658 4.99796009 4.73317766 1.45044947 -1.24791384 4.35327673 -3.65120435 -2.30809426 2.19863439 -2.93344474 -6.9535346 -1.9599154 -2.89445972 -0.272349447 -0.688606203 -1.81894422 7.44040442 2.49716973 -1.24122393 -0.482407272 -0.43605116 -1.95571613 2.29930115 -2.13997507 -2.19902897 -0.245384336 0.709884763 -0.827714503 0.333015442 2.30761743 6.88563347 -2.02714157 6.13004351 -1.42846525 3.98783302 0.335096121 -0.0951969698 -6.60756111 -0.17683126 -5.98036242 2.2785213 5.79028082 0.159698531 -1.32682538 9.28706455 6.86743021 2.5529325 0.125451446 4.21034145 6.8190465 -3.79620934 3.75314713 -3.78287315 -7.1805253 2.53974032 -2.85308862 1.21550405 -5.29775381 -1.65160203 -4.01332664 3.03172278 -4.89078188 -9.15450382 2.96709466 0.175889656 1.15563083 4.97063589 2.00719094 1.60586584 -2.149616 2.6842792 1.06386495 -0.245734006 3.03213429 1.89534652 -2.63994718 -2.15665531 4.48547602 0.720779479 5.11789513 -2.91397142 -2.51461315 -3.84310722 0.625820577 -0.421950966 0.000973167305 2.22548747 -0.144211605 -1.78083396 1.37237287 1.30051637 5.88209391 -5.94160032 -4.26872635 -4.53339434 1.60935438 6.64450216 0.501999497 2.24336505 -0.299021184 -0.00140365097 1.91645265 3.95037198 -4.02543926 -3.5889771 1.86424232 4.57896996 -0.475071222 -7.79852819 -0.00123664842 4.05463171 -0.930826604 2.96281767 0.831987798 -4.02393723 1.99941063 2.21431398 0.630346298 -0.751545012 4.36278725 -0.373046994 1.70073044 0.556227267 -3.0775013 -9.00851154 0.175227523 6.81329727 -4.40391827 -1.25351775 -5.12510347 -4.24306822 0.706312597 1.63666093 0.0949110463 -6.12644291 -1.32311523 5.59012222 -1.59351444 7.83627462 -4.64368725 0.949898601 -1.27923858 -3.50590467 -0.876014054 -0.567270398 -2.95199108 -2.03170586 -0.322235137 -3.0366044 -4.37054062 -6.31207848 -0.529162645 -0.39642188 1.5929538 1.83741331 2.09284902 3.46234131 6.044765 -13.7862711 0.246445015 3.17670202 2.26779008 6.26503706 -3.79651952 0.652089596 -8.98094749 0.441419125 -4.42406273 4.9934144 4.56227207 -5.62327719 -2.08817291 -2.1758008 -0.33385703 -4.89665318 -1.99867404 0.73809284 -4.70999098 -1.84267569 0.787595868 5.59969807 3.72280669 -0.109436393 3.40054917 -0.199743256 1.71750617 0.238447294 3.25481915 -4.92840004 2.37492228 0.653730273 -2.63051677 -1.04294837 -2.11870074 2.92127562 -1.75701678 -2.2099328 -2.53790617 2.47998452 1.28443098 -6.77479029 -7.08743715 -2.984694 4.29207611 -1.12552142 0.733660817 7.39168119 2.17864585 0.109481461 2.23871684 -5.79594135 3.85501504 -3.09077668 1.0089308 -6.97646523 4.812356 0.180942655 -8.3447752 0.129248455 -1.6912545 -3.65371394 0.551659107 -0.760754645 1.77620888 0.375654817 -1.10949636 -3.2676537 -1.57568622 -3.66059566 -0.942952812 -1.748649 -3.12519693 -2.0150435 1.23285711 -1.72517622 1.965415 -2.65665507 7.11330938 -3.48257017 -0.291664481 -1.85294747 3.41013145 -1.00551593 1.16625655 7.34397793 -6.67195415 -1.77506995 0.024485033 -0.730406642 -8.30456829 6.58477211 1.24573159 -0.25550583 -0.735117555 -3.29745317 0.965528131 -4.90466356 0.0750926062 -9.91371536 -1.3069011 10.1593161 -3.093822 -1.37694502 1.11938167 5.96277332 2.56883454 -4.19177008 6.77292204 -0.993001819 -8.8507185 0.0493446179 2.70983624 5.29212046 1.82168794 2.36529303 3.51522994 -0.666554213 -0.135201037 -2.54414988 1.02501702 -0.552173316 -0.708220065 0.203296706 4.38331747 2.6293416 4.9374795 7.24953413 -0.774682045 -2.47842693 -2.3117559 -7.02849913 -1.45784557 0.317143947 0.638834774 0.472061723 4.21442986 -1.51188636 6.2217989 -4.10569143 2.13416815 2.00721979 -0.443291068 2.16037464 2.42295933 -1.81553972 0.238293633 1.75088501 -1.1348722 -0.695842087 -9.68436241 -3.82665515 0.502693117 -7.25652027 3.76809311 1.52900636 1.05784011 -3.85330415 2.11978865 -8.58125305 -3.93721032 5.29816055 7.67176294 -5.4615612 6.96597385 -1.74461913 0.500521362 -0.800167978 -3.76208448 0.806569934 2.45989943 -1.90325058 -10.4062519 -2.39986229 -4.7188549 2.53376865 0.37186712 7.77132177 1.38402987 -0.224522814 0.986341536 -2.73078752 2.73755574 1.25789082 0.214913428 -3.42671919 6.48667192 -0.606808066 1.44839776 0.581868887 -1.1017648 3.82060361 -1.56916571 4.31593561 -0.0222854801 6.66765738 2.44411755 12.597949 1.17407811 0.172234625 4.01479673 3.87935185 -2.35435343 0.45057869 6.20009661 1.48409438 -1.15768516 11.0003843 -6.25254202 -0.949241459 -4.3975811 -1.06232715 2.44444656 -1.30564165 -0.613700867 -1.31055188 4.09663057 1.96361935 0.482510567 -1.28819585 -3.88897824 4.30229664 -0.638476908 -4.65547752 2.20680213 0.14364776 -4.62191868 -1.44819546 -5.38577604 -3.34475088 4.42592096 -1.65966892 2.75396276 5.60901213 2.6762929 2.47160244 1.46359253 4.50442123 2.00772142 0.671953797 0.74668473 3.85233092 5.13019133 -1.8436377 0.66229558 -8.15815067 4.031147 -0.110379621 6.54167652 -2.75729227 -1.8677094 -5.45424986 -2.05159068 2.05019927 -2.90086293 -4.28352451 -4.49048615 0.84314847 -3.82466388 -0.316413492 -6.8859024 0.216595635 4.7713685 5.26955128 6.78021717 -0.696696877 -0.435947627 2.1702044 0.904844761 -0.871478856 -3.5666604 2.36265254 -9.12845135 2.32256126 -0.708622932 -14.3888216 0.342020422 -0.954211056 1.62930202 3.60059285 -3.7472496 -0.0160240438 3.97316718 7.37944698 1.98199999 -0.444328666 6.83113766 -2.74038577 -0.839119673 -1.38236725 1.79100502 -1.66682363 0.311007679 -9.21538925 -1.54001474 4.6479125 -4.14558172 -3.5310576 3.27201939 0.881198943 5.65950298 0.920397699 8.17480755 -5.9460845 3.20276165 5.1352644 1.59460783 -6.80396128 1.69306087 4.37208557 -0.502230287 -2.19082499 0.561705828 -0.624004543 -5.60536003 4.33259296 3.84312201 9.76727009 -0.790596366 1.79055953 -0.649329543 0.469079822 -2.12420392 -3.65311718 -2.02201986 4.15992308 3.20612621 -3.45997334 -4.70390129 -0.679839432 -2.7358458 -1.06321216 1.13649964 0.0477814972 0.483087987 -4.95689011 -1.30219674 2.52028775 0.177924991 -1.17170727 -3.84855056 -0.0829381496 -2.43925786 -1.06556773 -7.33587408 -5.34809971 -7.74644566 0.42018491 0.78166455 -0.671302855 -3.10735941 3.05499363 -1.29861426 -0.35532105 10.8837471 -9.9616909 -0.740913093 13.2387018 -3.28444266 -2.0818367 -6.13845634 -2.99261975 4.39983892 11.5144434 -1.36206293 -2.12343311 -0.0277342033 -4.15146017 0.451191813 -1.41387808 5.5228014 -2.52854395 0.0295969211 1.99099588 -8.49341106 -1.18902016 -1.51821244 -0.132869855 0.365971327 1.29552865 -5.48890829 3.31286526 -2.29072762 4.71538115 6.41533661 -2.48154116 -6.95495176 0.434717387 -0.106060587 -2.50178838 -4.41783285 -1.68924618 2.57910514 1.4728601 1.21410453 -3.37542009 0.633408308 -0.754514098 6.92087793 -0.722604632 3.57226634 5.08697939 3.22287917 -3.41301847 1.99879885 0.793071806 5.23539925 1.9458648 5.49231529 7.49283648 -2.30484104 -6.96964264 0.310444385 0.698275149 -0.936232269 -4.46688175 4.1063447 3.24415636 0.624183357 0.121562384 -1.44228673 -3.04511714 -5.16739416 -1.35527825 -5.54710197 -1.60287476 1.07648873 -0.672907114 3.64513111 -1.10930562 -3.30457306 -6.68398714 1.41583049 -0.296280473 -2.50220561 6.4677763 -3.76832056 4.1218729 1.03539717 -3.42932034 3.1129086 -0.0285484139 -0.911061525 -1.37349093 8.06454659 -3.10208464 6.47881842 0.344693273 5.320858 0.400521725 -4.45155764 -4.29144239 1.81871545 1.15495121 -0.61870724 2.80903816 2.56382799 -4.88429499 2.35947967 3.24805427 -2.79174376 1.31987154 -5.11595631 -6.65807104 3.09256005 5.8362155 -4.34641266 0.377405405 -0.549532056 0.916260839 3.40788722 14.1971006 1.01280773 -1.33318114 8.83743572 -0.380502611 -4.0080452 -11.4728441 1.42999673 -2.38872504 1.62287593 0.0298811831 -8.13438225 -2.82401395 5.58991909 -4.47523165 -2.91023707 -1.623981 -0.00494090188 -2.64987469 -4.32203197 -2.31560731 -2.53778839 0.995934129 2.57719636 -5.56888008 -4.49346161 1.02758014 -1.8728652 -3.66296411 5.91843891 5.42846918 -3.29718375 1.9896214 -7.70734167 -5.03589296 3.15362668 1.38147533 -2.85969424 -4.9085207 5.09155941 -1.29966974 1.20674503 -3.04196644 0.745512068 0.221866921 -4.53938293 1.15393758 -2.99243093 -7.46335793 -6.78461647 4.94560671 2.24923778 -4.60832596 -3.55049062 -0.464928329 -0.331419677 -6.01201153 -1.3850354 -0.35917455 -0.737333655 -2.46961045 -3.89555621 -3.38184524 3.29675341 -0.805017531 10.4640579 1.24274683 0.183242515 3.21768713 2.98914123 2.23772526 -3.18400741 1.66922116 -3.79506445 2.05837584 -5.7092967 -0.95177716 6.25318384 3.17170477 -6.93068695 0.893753707 0.0260071475 1.74764812 1.71767998 -1.91540945 9.84414673 3.06698298 0.71689707 0.444806457 -2.37597799 2.4098289 -4.51263762 -2.62733388 -5.20513773 -2.81703448 -8.75691032 -0.137157649 9.93126392 0.295372814 -3.39258718 6.18329 -3.000319 5.33979988 2.51806426 -1.10252321 -1.21351302 -6.57013178 1.809672 -2.82600737 7.74586868 3.65634847 4.73191118 -5.58734322 -1.6305424 0.429114908 -2.85105634 1.25829804 3.78685164 0.438879758 -3.94983912 6.62632656 1.96472239 3.29205132 -1.93546176 5.14290333 3.85532594 -1.56977117 -7.06598282 -1.67006469 -6.04935217 1.33889973 -15.337245 -1.9186815 0.298094034 2.20542574 -4.33451939 -0.359079927 7.0827446 0.482331932 -0.0190244857 -6.30909252 -0.883811474 2.68127179 -2.31909227 -2.61647892 2.7097404 10.2307167 4.65849638 -3.30628777 -4.75365543 -1.68719697 -1.53509092 5.67886305 -0.178957909 -0.437586486 0.556429863 8.05183601 -5.58685207 -0.324340552 -2.60288477 -3.59328032 -2.20112729 3.30851507 -6.78572702 6.87293673 2.24441886 -0.524247408 -0.382695019 -4.49272442 1.91699088 0.881885946 -3.19966102 3.04076481 -2.86899972 8.80495739 3.42970419 -0.49265936 -6.07510662 1.11759496 -4.67098904 3.58617258 1.9163065 -4.96408606 2.72341537 -3.6752708 4.18182468 5.69268942 -1.4496752 0.983539045
pred 0.983268715 -1.57244678 -3.46570355 4.09753668 -1.39666639 -5.83037537 7.56831981 2.01616648 -1.59304897 5.55546329 2.43274663 -5.09761913 3.21525376 1.22631275 0.388001005 5.17858297 -2.49465976 1.8560774 1.40603772 0.978213237 1.21530687 4.66091529 -2.36325472 -3.88050206 0.417690418 -3.52729835 -4.73018593 -3.63219256 -1.26387463 5.46316138 5.21258122 -1.51085198 -4.85064178 -0.412858609 -1.81942413 2.01616648 0.471689514 -2.12073283 2.03110568 3.46822358 0.271808844 3.78337228 3.53639493 -0.412858609 -1.51085198 -2.36325472 -1.57244678 0.268206214 -0.774053366 -0.412858609 -4.73018593 -3.46570355 -1.26387463 4.66091529 0.754190429 -0.716966167 0.271808844 -4.60382796 2.64805877 -3.02948605 1.21530687 3.48373923 -1.14968904 2.71603286 0.183137085 0.983268715 -1.14968904 -2.99413268 2.26559291 0.271808844 -4.43605157 3.57604114 0.388001005 -1.14968904 1.40603772 -7.1537188 -2.36325472 -8.11546929 1.15400489 1.58987089 -0.465481212 0.634978357 1.0505211 -4.01328256 -1.59304897 -3.8755238 3.76843309 1.81912644 2.03110568 6.95926228 2.14328924 5.4617749 -0.916243011 0.471689514 1.8560774 -1.57244678 -2.55625456 -1.03573495 0.388001005 -0.779195677 -2.38046291 -1.57244678 0.286748041 -1.51085198 -3.21001517 -2.64897639 5.58889766 -3.20942356 -0.684295747 -0.165881256 -2.24768241 1.21530687 3.48373923 1.43298696 -1.51085198 -2.24768241 -0.419457548 -1.66824018 4.66091529 -7.45369342 -3.98657277 -1.56486131 -3.38521521 2.03110568 -4.48320858 3.46822358 -1.26387463 0.0924145616 1.21530687 -1.20196468 0.929982081 2.73633576 0.187405296 4.83670694 -1.14968904 0.0397706883 -4.73018593 -1.81942413 -0.231803096 2.43274663 -3.70471041 1.29970694 -1.81942413 4.37690076 -2.64897639 -6.48264963 3.06645252 -1.39666639 -3.38580682 -2.82782835 -3.8755238 0.634978357 2.01616648 -0.931273099 0.0924145616 -0.931273099 3.57604114 0.410094713 -2.76623354 -5.13090537 4.69641546 -0.290051301 -0.165881256 -3.38521521 5.86119952 0.447600497 -2.01359448 3.99443489 4.37690076 4.64539964 6.39114375 2.14328924 -5.49884185 -3.63219256 0.928095027 -2.80323191 5.17858297 -3.90435796 2.64805877 0.388001005 4.64305319 4.09753668 1.23024607 4.41172161 1.23024607 1.23024607 -2.51925619 2.64805877 -3.52729835 2.67972398 1.57214908 -0.165881256 0.388001005 3.19357528 4.62748091 1.02039694 -5.24195434 -4.85933158 6.38975728 1.32209488 5.02551905 0.983268715 -1.85058298 -1.60360563 3.44891838 6.0312799 7.56831981 -2.51925619 -5.49884185 3.78337228 -3.18817936 3.78337228 0.388001005 -0.699234943 -0.114259649 -3.3470625 -3.2187262 1.19979122 1.21530687 4.69641546 -0.419457548 1.21530687 -0.916243011 -2.78250869 0.187405296 3.21525376 -2.24768241 -2.49465976 -5.13090537 -1.60360563 -3.8755238 4.41172161 -3.38580682 -1.18521916 -4.73018593 -1.81942413 -0.465481212 -4.31810629 0.271808844 2.67972398 -2.78250869 -2.19575548 -1.4818636 0.471689514 0.637931073 0.183137085 -4.18907422 4.41172161 1.19979122 3.85733131 3.76843309 -1.81942413 3.99443489 -1.03573495 5.58889766 -3.8755238 0.637931073 -2.60671704 -0.380713229 5.63895303 -2.76623354 2.14328924 4.09753668 3.71741726 0.271808844 6.95926228 -0.465481212 3.19357528 -0.125435069 2.51785327 -2.19575548 -1.39666639 0.634978357 -2.42851209 -2.12073283 -4.73018593 2.92934893 1.81912644 -5.49884185 -0.684295747 -5.50440239 2.01616648 -5.09761913 -1.85058298 -2.40199904 6.39114375 2.03110568 0.754190429 0.183137085 1.23024607 -5.24195434 2.03110568 -3.38521521 1.58987089 0.447600497 1.80835339 1.70456074 -0.165881256 3.59276716 -0.684295747 5.4617749 4.62748091 -3.02948605 -2.36325472 -1.94877813 0.754190429 1.23024607 4.66091529 -0.28968956 -2.24768241 3.44891838 4.62748091 -2.24768241 4.28459885 4.66091529 -2.40199904 -0.465481212 -5.68019404 3.44891838 2.64805877 2.73633576 -3.38521521 0.228747431 1.23024607 -1.14968904 1.23024607 -0.684295747 -1.94877813 -3.02948605 2.94414886 3.21525376 -2.40199904 -3.38521521 -2.78250869 3.78337228 5.21258122 0.358928737 0.0397706883 -0.774053366 -7.1537188 -0.712458565 -4.70044844 -1.60360563 0.228747431 -3.18817936 0.388001005 1.21530687 -0.684295747 6.0312799 0.19096591 -4.31810629 2.03110568 0.983268715 -0.95498733 -0.52344329 4.64305319 3.78337228 1.21530687 -3.7742757 -3.2187262 -0.380713229 -3.52586356 -2.64897639 -1.42126282 0.176026713 1.19979122 2.66478478 -3.38580682 -3.63278417 0.983268715 2.94414886 4.41172161 3.20031456 -1.18521916 6.0312799 -0.712458565 3.46822358 -3.70471041 -1.94877813 3.78337228 -2.24768241 -2.36771018 3.20031456 0.228747431 -7.1537188 -1.26387463 -8.77703685 -4.43656258 -1.20196468 -0.712458565 -1.59304897 -0.412858609 1.78412833 -0.231803096 7.20845596 1.23024607 5.17858297 0.0397706883 -0.712458565 2.54024121 2.94414886 -0.0983163761 1.19979122 1.29970694 -1.02103072 0.000235060387 -0.510291957 3.39104541 -4.43605157 1.80835339 -6.48264963 -1.26387463 -2.40199904 -1.81942413 -1.03573495 -5.64144972 -3.8755238 1.32209488 -2.54912426 4.66091529 4.12829694 -0.412858609 1.28359665 0.286748041 -1.14968904 -0.699234943 0.148660976 -4.12747941 2.94414886 0.228747431 -0.412858609 1.28359665 0.731235885 0.731235885 -2.40199904 -0.684295747 2.01616648 -3.98657277 -1.57244678 2.94414886 3.19357528 6.38975728 -3.61863629 -2.64897639 -1.26387463 2.94414886 -1.57244678 2.64805877 0.983268715 4.69641546 3.21525376 -3.0748057 -1.26387463 -5.83037537 4.66091529 -5.92717139 5.19559944 -4.60382796 -1.08808297 -3.88050206 3.06645252 1.6821728 -0.0638402679 0.983268715 1.19979122 -4.48320858 1.23024607 0.637931073 5.58889766 -5.68019404 -1.57244678 4.2506006 6.38975728 0.983268715 0.929982081 2.01616648 -3.88050206 -2.12073283 0.983268715 -6.75422342 2.14328924 2.26559291 -0.165881256 -0.89275782 1.58987089 -2.19575548 -2.36771018 0.754190429 -0.165881256 -3.70471041 -0.774053366 -2.49465976 4.41172161 0.928217435 -1.56486131 0.187405296 1.21530687 -4.18907422 -3.98657277 2.26559291 0.547516219 1.98414504 3.57604114 -8.77703685 0.978213237 4.12829694 -3.2187262 1.81912644 -2.78250869 -2.49465976 -0.165881256 -2.40199904 -5.49884185 3.53639493 -4.18907422 -4.35685061 5.58889766 -4.97988216 0.388001005 4.66091529 -0.380713229 -3.2187262 -1.57244678 -1.51085198 -2.55625456 4.62748091 -1.66824018 -1.26387463 6.38975728 5.4617749 -0.699234943 -5.64144972 -5.01862648 -2.40199904 -8.77703685 5.02551905 5.46316138 1.19979122 0.187405296 -2.76623354 -5.49884185 3.65953089 0.634978357 -0.412858609 1.43298696 1.28678539 2.67972398 3.57604114 2.03110568 3.33904228 -3.52729835 2.14026761 -3.07713039 -5.83037537 6.38975728 1.70456074 0.928217435 0.187405296 1.58987089 0.371724566 1.58987089 -3.8755238 -4.70044844 4.69641546 -2.51925619 3.44891838 -1.36101081 1.03980804 3.06645252 -1.20196468 0.983268715 3.76843309 -0.231803096 -0.699234943 -0.712458565 -2.24768241 -1.59304897 -1.03573495 -4.70044844 1.40603772 -0.412858609 -0.931273099 -4.31810629 2.14026761 6.95926228 -2.78250869 3.06645252 4.69641546 -0.165881256 -3.02948605 4.41172161 -3.8755238 0.271808844 1.97850347 5.86119952 -0.684295747 0.983268715 4.64539964 -1.32486378 1.58987089 1.22631275 4.66091529 1.23024607 1.21530687 0.983268715 -1.14968904 -3.18817936 -0.465481212 -2.82782835 3.21525376 2.03110568 2.44138456 -1.60360563 -3.18817936 1.70456074 0.358928737 -1.59304897 7.38424761 -0.433028436 -0.165881256 -1.39666639 -0.28968956 0.417690418 -2.12073283 2.26559291 0.388001005 -3.63278417 4.64539964 0.228747431 2.25007725 -3.3470625 -4.97038055 4.64539964 -2.49465976 2.63254312 -0.433028436 -1.14968904 -3.46570355 -3.46570355 2.01616648 -4.01328256 -3.2187262 -5.68019404 -6.60320021 -3.07713039 4.69641546 5.21258122 2.94414886 4.41172161 -0.231803096 6.64033743 -3.18817936 0.000235060387 -5.49884185 1.78412833 0.0397706883 6.0312799 1.99491809 -1.32486378 0.271808844 -1.42126282 -4.31810629 -1.02103072 4.41172161 1.81912644 2.01616648 1.57214908 1.57214908 -4.30741693 -5.49884185 3.99443489 1.23024607 -3.04293454 -1.20196468 3.57604114 -0.412858609 -1.42781397 -0.699234943 -2.19575548 2.14328924 4.69641546 -2.49465976 -0.465481212 -5.49884185 -4.31810629 -4.85933158 -2.51925619 -4.85933158 1.58987089 -2.60671704 3.06645252 -2.36771018 -1.94877813 4.12829694 -3.52729835 -4.85933158 2.67972398 0.16311736 -0.125435069 0.754190429 -3.2187262 -2.76623354 -3.90435796 2.19195814 -2.36325472 -3.18817936 3.76843309 2.01616648 -1.56486131 -1.57244678 1.28359665 -2.49465976 -3.02948605 1.28359665 -1.42126282 -2.51925619 0.634978357 -1.32486378 -6.48264963 2.96827641 0.0151742568 2.26559291 -3.3470625 -0.165881256 -2.55625456 0.634978357 3.57604114 -1.66824018 0.228747431 4.41172161 3.89086247 0.0924145616 3.78337228 0.187405296 3.20031456 -1.39666639 -3.63278417 -0.412858609 1.03980804 1.80835339 3.33904228 0.183137085 1.99491809 3.57604114 -4.97038055 1.23024607 -3.2187262 4.37690076 0.286748041 0.371724566 -4.31810629 1.21530687 0.928217435 -3.2187262 -2.01359448 -5.64144972 2.01616648 0.634978357 1.78412833 2.66478478 -0.510291957 1.70456074 -3.88050206 3.48373923 -1.66824018 -0.699234943 1.40603772 -8.11546929 -7.45369342 2.54024121 2.67972398 2.26559291 -3.63219256 0.286748041 -4.31810629 4.41172161 -0.699234943 -5.09761913 8.13643833 2.14328924 0.471689514 4.64539964 3.57604114 0.000235060387 -0.165881256 -1.03573495 -1.14968904 2.66478478 1.23024607 -2.80323191 0.000235060387 -1.4702133 -2.36325472 -2.12073283 0.634978357 -2.12073283 3.71741726 0.286748041 -4.73018593 4.66091529 -0.125435069 0.928217435 0.371724566 -2.12073283 2.54024121 -1.18521916 2.14328924 -0.433028436 -0.931273099 1.29970694 -5.94142434 0.187405296 2.14026761 2.14026761 -1.20196468 2.03110568 -0.165881256 -3.46570355 2.03110568 -0.465481212 -2.12073283 -1.36101081 -4.48320858 1.58987089 1.58987089 -1.66824018 0.983268715 4.66091529 2.43274663 -3.2187262 -4.70044844 2.26866742 -2.19575548 -5.24195434 -0.165881256 -3.63219256 -0.699234943 -0.52344329 3.1966498 2.14328924 0.388001005 -3.52729835 -1.56486131 -2.40199904 -0.412858609 -0.684295747 2.38724496 -0.380713229 0.388001005 0.731235885 3.60814546 2.54024121 0.754190429 -3.90435796 3.06645252 4.41172161 0.187405296 -3.98657277 2.26559291 0.718666867 -1.51085198 3.57604114 4.28459885 -1.18521916 -2.55625456 -2.76623354 0.754190429 -3.63219256 1.10388668 2.14328924 -0.465481212 -1.36101081 2.38724496 3.76843309 2.26866742 3.89320892 0.228747431 -0.510291957 0.471689514 2.54024121 -1.26387463 2.03110568 -2.49465976 -1.51085198 -0.165881256 -6.48264963 -1.26387463 -0.684295747 -1.59304897 0.0397706883 0.929982081 0.0352245547 -4.12747941 -4.12747941 -7.26476777 -3.2187262 2.14026761 -0.931273099 0.983268715 -2.49465976 2.84057643 4.64539964 -3.52586356 -0.973897386 1.19979122 -3.52729835 -0.510291957 -2.24768241 -3.3470625 -0.165881256 4.37690076 3.44891838 5.46316138 -0.684295747 -0.95498733 -0.774053366 0.388001005 1.57214908 -2.49465976 -4.35685061 2.63254312 2.66478478 -3.61863629 -3.38580682 3.48373923 6.38975728 -2.12073283 -4.85933158 -0.779195677 -0.412858609 -2.49465976 3.44891838 -0.465481212 -1.03573495 -1.39666639 -1.26387463 0.410094713 -1.20196468 3.21525376 1.28678539 -2.36325472 -1.59304897 2.63254312 1.21530687 -2.40199904 0.0397706883 1.81912644 4.41172161 0.00991039641 -1.03573495 -4.06139334 0.286748041 0.000235060387 -1.26387463 2.66478478 -2.19575548 -1.02103072 0.183137085 1.97850347 -0.774053366 4.66091529 3.48373923 3.06645252 -1.81942413 -1.94877813 2.36096933 4.12829694 -8.77703685 -2.99413268 -3.61863629 0.325388508 -1.42126282 -2.36325472 7.56831981 -3.63862434 0.388001005 -3.98657277 -3.8755238 -3.90435796 1.28359665 2.01616648 -3.65738061 -5.49884185 1.78412833 -1.42126282 3.46822358 -1.51085198 -5.68019404 -3.2187262 -6.75422342 3.85733131 1.78412833 1.23024607 1.29970694 1.40603772 6.12358181 0.187405296 0.388001005 -0.28968956 -3.02948605 4.69641546 3.44891838 -0.465481212 -5.26560383 1.78412833 0.187405296 -1.57244678 -1.34607161 -1.57244678 0.754190429 -0.412858609 -3.90435796 4.4603905 1.23024607 -5.83037537 -2.82782835 -4.73018593 0.754190429 -2.36771018 4.28459885 4.12829694 -1.51085198 3.19357528 2.03110568 3.57604114 3.46822358 -0.465481212 3.19357528 4.64305319 6.12358181 3.99443489 0.371724566 2.63254312 -0.165881256 0.471689514 -2.36325472 4.41172161 -2.12073283 1.23024607 0.718666867 -3.98657277 -8.11546929 4.09753668 -0.95498733 4.37690076 -3.7742757 1.0366193 -1.4818636 0.634978357 -1.89298231 3.06645252 -3.38580682 0.0352245547 1.23024607 3.48373923 -2.55625456 -0.931273099 -3.46570355 3.19357528 -3.2187262 0.81077001 -0.684295747 5.21258122 -4.85933158 -1.26387463 4.69641546 -2.36771018 0.388001005 2.92934893 0.271808844 -2.80323191 4.28459885 -3.3470625 2.38724496 -0.165881256 -3.8755238 -2.80323191 4.64539964 2.36096933 2.26559291 5.58889766 -0.465481212 -1.60360563 3.48373923 1.21530687 -4.06139334 -3.3515067 3.19357528 1.03980804 3.06645252 -0.931273099 5.19559944 -2.36771018 -1.66824018 -4.06139334 5.4617749 -1.66824018 -2.40199904 1.43298696 0.983268715 0.754190429 -1.56486131 -3.2187262 2.25007725 3.33904228 2.26559291 -0.699234943 -3.46570355 -2.64897639 -0.165881256 2.64805877 -0.699234943 -4.06139334 0.388001005 6.38975728 3.57604114 4.41172161 -1.96371733 -0.510291957 -2.78250869 0.0151742568 2.14328924 0.271808844 1.58987089 -1.94877813 -1.32486378 -7.45369342 3.76843309 -1.39666639 -1.51085198 5.21258122 7.03837557 -1.20196468 -6.49215124 -5.01862648 2.96827641 -2.36325472 0.183137085 -3.3470625 1.0366193 -3.98657277 4.66091529 5.46316138 -3.52586356 1.21530687 1.70456074 -3.04293454 -0.0983163761 -6.60320021 -4.48320858 0.271808844 3.44891838 -1.18521916 -3.8755238 -3.46570355 -2.49465976 0.634978357 -0.412858609 0.718666867 2.14328924 1.21530687 0.0397706883 0.19096591 3.71741726 -3.63219256 1.21530687 -2.12073283 1.29970694 0.983268715 -1.51085198 -0.231803096 2.63254312 -0.684295747 1.97850347 -4.60382796 -2.24768241 -5.13090537 -4.31810629 1.21530687 0.410094713 6.95926228 -3.20942356 -5.68019404 -2.38046291 -7.45369342 -1.81942413 -2.51925619 0.0151742568 2.01616648 -1.34607161 3.60814546 -2.36771018 -1.24547117 1.21530687 6.0312799 -1.51085198 -1.85058298 -3.46570355 6.38975728 1.0366193 2.14328924 -1.57244678 -1.26387463 2.26559291 -1.60360563 -0.165881256 1.23024607 4.83670694 1.32209488 -3.61863629 0.547516219 -6.60320021 4.66091529 -2.36771018 -0.165881256 4.62748091 -4.97038055 5.55546329 1.23024607 -3.20942356 5.46316138 3.46822358 -0.52344329 2.94414886 4.12829694 -0.699234943 -3.52586356 -7.26476777 3.46822358 0.634978357 -2.49465976 0.271808844 0.371724566 1.29970694 2.01616648 -0.699234943 -4.60382796 -7.03092441 0.731235885 1.78412833 1.23024607 0.983268715 2.03110568 0.983268715 -4.70044844 1.23024607 3.71507082 0.271808844 -1.02103072 -0.433028436 1.39109852 0.324452629 -3.61863629 -4.35685061 3.53639493 3.48373923 1.58987089 3.57604114 0.183137085 -1.81942413 0.0151742568 -1.81942413 0.000235060387 -2.24768241 -8.77703685 2.14328924 2.66478478 -1.57244678 -0.774053366 -0.699234943 -1.81942413 -1.18521916 1.21530687 2.19195814 2.25007725 0.718666867 -0.0638402679 3.44891838 -1.56486131 -6.48264963 2.14026761 -5.94142434 2.14026761 -1.59304897 -3.7742757 -3.3470625 2.96827641 1.76566255 -5.49884185 -2.49465976 8.13643833 3.48373923 -5.49884185 0.0151742568 1.21530687 -3.38521521 -2.12073283 3.53639493 3.48373923 5.55546329 -8.11546929 -1.42126282 -0.243665895 2.01616648 -0.165881256 6.1103932 3.48373923 0.983268715 0.183137085 -3.02948605 0.271808844 -3.46570355 -5.24195434 1.0505211 0.718666867 -0.412858609 -3.2187262 -1.96371733 -0.231803096 -1.51085198 2.14026761 7.56831981 1.23024607 2.14328924 3.57604114 2.14328924 -0.0638402679 0.634978357 -5.01862648 -2.40199904 -1.39666639 1.0366193 -0.699234943 -2.55625456 0.983268715 -2.36771018 -2.82782835 2.14328924 2.43274663 -0.712458565 -4.73018593 -7.1537188 4.28459885 2.64805877 -1.51085198 -1.96371733 4.80327256 1.70456074 0.0397706883 2.14026761 -1.56486131 1.78412833 -3.7742757 -1.39666639 2.20689733 -3.63278417 2.01616648 -3.38580682 1.23024607 2.84057643 -5.83037537 0.388001005 2.26866742 -1.26387463 2.01616648 -2.12073283 -0.165881256 0.388001005 4.64305319 0.754190429 0.0151742568 0.471689514 -3.90435796 -0.931273099 2.26559291 0.634978357 0.983268715 6.64033743 -4.97988216 -5.49884185 -1.26387463 2.26559291 2.96827641 4.12829694 5.58889766 -1.96371733 -0.684295747 -2.12073283 0.286748041 2.14328924 -5.26560383 1.23024607 0.983268715 -4.35685061 -2.80323191 7.03837557 0.0151742568 0.371724566 2.14328924 -0.465481212 0.634978357 1.58987089 -1.81942413 0.183137085 -4.70044844 1.23024607 -2.36771018 -5.92717139 -1.32486378 -0.712458565 4.66091529 -3.8755238 -0.89275782 -2.01359448 -0.699234943 -2.51925619 1.29970694 3.1966498 -1.26387463 -1.02103072 0.718666867 4.41172161 -0.165881256 2.01616648 3.57604114 1.58987089 -2.12073283 -1.81942413 2.25007725 0.286748041 5.58889766 2.94414886 -2.36771018 -0.684295747 -1.51085198 -4.31810629 -3.07713039 1.0366193 1.25337088 -3.46570355 -0.774053366 -0.412858609 -3.46570355 7.20845596 4.42639225 1.0366193 4.66091529 2.25007725 2.66478478 -3.65738061 0.471689514 1.21530687 -0.412858609 1.70456074 1.21530687 6.12358181 6.38975728 -0.510291957 2.26559291 3.53639493 3.85733131 -3.46570355 0.286748041 1.45938831 4.69641546 2.63254312 -0.712458565 -0.712458565 -2.24768241 0.731235885 -2.64897639 -2.49465976 -4.30741693 -0.165881256 -1.59304897 -1.42781397 0.718666867 4.41172161 -2.40199904 2.14328924 1.39109852 -5.49884185 -2.54912426 5.17858297 -3.2187262 -2.24768241 -0.412858609 4.66091529 -3.2187262 1.8803524 1.43298696 6.95926228 3.19357528 -2.12073283 2.26559291 -5.68019404 -0.465481212 4.37690076 -3.7742757 0.16311736 3.78337228 0.983268715 1.0505211 3.06645252 -5.94142434 1.57214908 -3.2187262 3.19357528 -3.63219256 -2.24768241 -2.82782835 0.634978357 -0.699234943 3.44891838 3.59276716 2.54024121 1.57214908 3.48373923 -1.20196468 -0.0638402679 -1.51085198 -1.03573495 0.00991039641 -4.31810629 -1.36101081 3.99443489 0.000235060387 -2.64897639 -2.12073283 -6.60320021 -1.57244678 3.59276716 -0.290051301 -0.774053366 3.85733131 2.43274663 1.58987089 3.21525376 -3.8755238 3.65953089 -3.38521521 -7.26476777 -3.38580682 -0.684295747 -1.26387463 -0.712458565 0.0397706883 0.731235885 -1.94877813 -3.88050206 0.286748041 3.06645252 1.23024607 1.21530687 2.43274663 0.894458519 0.754190429 4.28459885 -1.51085198 4.41172161 -1.96371733 2.14328924 -2.51925619 3.06645252 -4.12747941 3.19357528 3.53639493 0.187405296 5.4617749 -5.49884185 3.20031456 2.64805877 4.66091529 4.12829694 3.60814546 0.471689514 1.28359665 -2.40199904 -1.59304897 -3.8755238 -1.26387463 1.6821728 1.23024607 -2.36325472 1.21530687 -0.165881256 -5.24195434 1.78412833 -5.49884185 2.71603286 -2.40199904 -2.51925619 1.32209488 3.48373923 0.983268715 -3.38580682 4.37690076 -0.412858609 -2.36771018 -3.52729835 4.53612784 3.57604114 3.78337228 3.20031456 -4.97038055 -0.931273099 -0.931273099 0.754190429 4.69641546 -1.26387463 -2.80323191 6.39114375 4.12829694 -3.8755238 1.70456074 2.94414886 1.25337088 4.2506006 2.01616648 5.19559944 3.94422474 3.78337228 1.6821728 2.43274663 -1.14968904 3.99443489 -3.63278417 -2.12073283 -1.39666639 -1.26387463 -6.60320021 -0.231803096 -6.48264963 0.547516219 2.94414886 3.57604114 -2.76623354 1.21530687 -1.32486378 -0.412858609 -4.70044844 -2.64897639 -2.55625456 3.53639493 4.37690076 0.718666867 1.23024607 -2.64897639 3.48373923 -5.83037537 -3.7742757 1.28359665 2.26559291 2.36096933 -3.46570355 -3.2187262 -5.64144972 3.44891838 -2.82782835 -1.14968904 -3.90435796 1.21530687 -5.49884185 3.85733131 -4.31810629 -1.57244678 6.95926228 3.53639493 -2.01359448 -2.24768241 1.6821728 -0.419457548 4.81871912 1.6821728 -5.83037537 1.03980804 -3.46570355 -1.42126282 3.94422474 -0.774053366 2.41105991 -1.94877813 -2.64897639 2.44138456 -6.60320021 -2.24768241 6.64033743 -6.60320021 0.634978357 1.23024607 7.20845596 4.66091529 3.48373923 4.41172161 -2.36771018 -3.88050206 0.471689514 1.22631275 1.78412833 0.148660976 -0.125435069 2.38724496 3.06645252 2.85551563 2.14328924 2.96827641 0.228747431 -3.46570355 2.92934893 4.53612784 -0.165881256 -2.49465976 -5.68019404 2.66478478 -2.40199904 -4.18907422 -3.98657277 2.26559291 3.21525376 3.46822358 3.60814546 3.59276716 -0.465481212 -4.85933158 0.0352245547 1.32209488 -0.0983163761 -1.26387463 0.417690418 -2.00574308 -4.31810629 -0.0983163761 -0.684295747 -2.24768241 0.754190429 -3.3470625 0.271808844 4.41172161 -2.76623354 -4.31810629 -3.63219256 -0.95498733 0.983268715 2.01616648 -5.64144972 -0.684295747 -3.2187262 0.286748041 1.23024607 -4.43656258 1.28359665 0.228747431 -6.48264963 1.28678539 -1.26387463 1.21530687 -1.34607161 -6.49215124 -5.49884185 -0.165881256 -2.49465976 -2.19575548 -4.48320858 -3.98657277 -1.81942413 3.48373923 3.21525376 -2.07189075 3.48373923 -1.81942413 -0.699234943 -2.40199904 -0.931273099 1.97850347 8.13643833 -3.7742757 3.20031456 -0.916243011 1.78412833 -1.08808297 -1.39666639 3.71741726 -1.57244678 2.66478478 -0.699234943 3.53639493 5.21258122 0.388001005 0.0352245547 0.000235060387 -0.684295747 7.56831981 3.59276716 -2.24768241 2.26559291 -0.412858609 3.71741726 2.25007725 -2.12073283 3.19357528 1.23024607 -4.97038055 3.78393712 1.58987089 -5.49884185 -0.165881256 1.29970694 -2.40199904 -3.88050206 -3.63219256 1.97850347 1.57214908 2.41105991 5.4617749 -5.49884185 -1.85058298 -4.97038055 -0.684295747 4.41172161 -3.8755238 2.71603286 -4.85933158 3.53639493 5.19559944 2.64805877 2.03110568 3.44891838 -2.36771018 -1.51085198 -2.82782835 -1.81942413 0.16311736 -2.51925619 -1.51085198 4.37690076 0.183137085 2.64805877 1.19979122 5.58889766 -1.96371733 -1.03573495 0.471689514 2.03110568 0.417690418 -2.51925619 -5.24195434 4.66091529 2.63254312 1.02039694 5.58889766 1.32209488 -3.2187262 0.000235060387 0.000235060387 -1.36101081 -0.712458565 -2.12073283 -3.38521521 0.983268715 3.53639493 -2.55625456 -2.12073283 -3.63219256 -1.85058298 -5.49884185 -2.54912426 4.66091529 -1.39666639 -0.774053366 -2.49465976 -2.36325472 4.41172161 0.718666867 2.73633576 -1.14968904 0.983268715 -0.412858609 3.20031456 -0.699234943 -0.712458565 4.66091529 1.03980804 -3.2187262 -1.39665513 -0.699234943 -0.916243011 3.48373923 2.14328924 2.63254312 -4.97038055 1.03980804 -1.14968904 -1.57244678 1.70456074 -5.49884185 -1.39666639 -4.12747941 -1.51085198 0.271808844 4.28459885 -4.60382796 -5.49884185 1.78412833 1.0366193 0.00991039641 2.26559291 -2.49465976 2.14328924 3.06645252 -0.712458565 -1.34607161 -1.14968904 1.40603772 0.271808844 -1.18521916 1.78412833 -1.57244678 -3.7742757 -4.48320858 -0.916243011 1.70456074 -1.34607161 -3.98657277 -0.165881256 -2.54912426 -1.56486131 0.0397706883 1.32209488 0.388001005 6.95926228 1.0366193 2.63254312 -2.55625456 -0.931273099 -1.89298231 0.0397706883 5.58889766 5.21258122 -2.36325472 -0.465481212 -1.20196468 1.70456074 -5.49884185 2.64805877 -4.06139334 0.286748041 -3.0748057 6.38975728 1.23024607 -4.48320858 1.40603772 3.46822358 -1.51085198 2.20689733 -2.24768241 -1.36101081 4.28459885 -3.38521521 1.29970694 0.388001005 -1.26387463 4.66091529 -3.3470625 -4.35685061 0.0397706883 -0.666434901 -0.89275782 3.19357528 4.2506006 -0.712458565 3.76843309 2.26866742 -5.01862648 -1.08808297 -0.0983163761 -1.94877813 -3.98657277 -4.73018593 -0.165881256 1.58987089 5.58889766 3.20031456 -2.64897639 2.41105991 0.324452629 -4.70044844 -0.165881256 3.33904228 -0.165881256 -0.465481212 -0.712458565 6.28618485 -0.699234943 -0.165881256 1.28359665 -1.42781397 -8.77703685 -3.46570355 3.06645252 2.14328924 2.26559291 -0.916243011 -3.63219256 1.23024607 5.58889766 -1.57244678 1.21530687 0.176026713 -1.26387463 1.39109852 2.14328924 4.69641546 -4.06139334 4.41172161 -2.38046291 -5.94142434 1.23024607 1.80835339 -3.38521521 1.97850347 3.10514059 2.38724496 1.02039694 -0.508504094 3.48373923 2.14328924 -1.57244678 -4.85064178 2.14328924 2.26559291 1.28359665 2.14328924 3.78337228 -2.80323191 -4.12747941 -3.3470625 -4.35685061 2.64805877 2.26866742 6.95926228 -2.07189075 -4.97988216 3.78337228 -4.70044844 2.20689733 1.23024607 -0.165881256 1.23024607 2.14328924 4.28459885 -2.40199904 -1.81942413 -4.43605157 -0.931273099 -1.57244678 5.86119952 -2.40199904 2.14026761 4.64539964 -0.684295747 0.634978357 3.48373923 0.271808844 1.81912644 -0.699234943 7.03837557 -1.96371733 0.634978357 -1.26387463 -2.55625456 -3.18817936 -1.66824018 1.28678539 0.271808844 -1.20196468 6.38975728 2.01616648 -0.165881256 4.41172161 -2.19575548 -2.24768241 -0.412858609 -0.412858609 -3.52729835 -4.73018593 3.48373923 2.03110568 -5.07607284 3.59276716 1.78412833 -0.931273099 4.64539964 -3.88050206 2.96827641 4.64539964 1.28359665 0.634978357 -0.465481212 1.0505211 -1.26387463 1.58987089 -2.64897639 8.13643833 1.78412833 0.000235060387 -1.14968904 -4.60382796 -3.38580682 -0.419457548 -0.774053366 1.19979122 1.03980804 -4.31810629 -3.98657277 2.41105991 3.71741726 -1.26387463 0.0503565835 -2.12073283 2.26559291 -6.48264963 2.94414886 -2.36325472 -2.54912426 -3.8755238 -0.372412422 -0.433028436 -0.684295747 4.41172161 1.03980804 -0.412858609 1.8560774 -4.18105896 -6.48264963 0.929982081 -1.85058298 6.38975728 3.21525376 4.93321714 -0.684295747 1.78412833 0.718666867 -2.40199904 6.64033743 0.731235885 -3.7742757 -2.49465976 1.03980804 1.0366193 0.754190429 -2.40199904 1.39109852 -1.51085198 -0.465481212 1.28359665 0.325388508 -0.165881256 2.66478478 -1.14968904 0.0352245547 -2.36325472 -7.26476777 -2.64897639 0.0397706883 -0.419457548 2.41105991 1.76566255 -2.80323191 -3.7742757 -3.52729835 2.26866742 -3.2187262 4.09753668 4.81871912 -4.12747941 2.84057643 0.0503565835 0.286748041 -3.46570355 1.70456074 -1.26387463 -1.94877813 -3.8755238 -4.31810629 -0.712458565 0.187405296 0.388001005 0.410094713 -7.45369342 6.1103932 1.81912644 -3.3470625 0.0397706883 -6.48264963 -5.09761913 -4.70044844 -0.0638402679 2.36096933 2.54024121 -1.36101081 -0.165881256 -3.65738061 1.21530687 3.44891838 -3.8755238 -1.26387463 5.7467015 -3.3470625 3.57604114 0.00991039641 -2.24768241 -0.412858609 1.03980804 2.63254312 -3.18817936 -1.18521916 1.21530687 2.03110568 2.66478478 1.23024607 3.44891838 1.21530687 0.983268715 4.53612784 1.23024607 2.14026761 -4.12747941 -3.3470625 1.99491809 2.03110568 -3.7742757 -5.01862648 4.37690076 3.71741726 -3.61863629 1.6821728 -0.684295747 0.271808844 2.64805877 -0.52344329 -2.54912426 1.21530687 0.0397706883 1.70456074 -0.419457548 0.754190429 -1.96371733 0.228747431 -4.73018593 -2.12073283 0.286748041 3.85733131 -2.36325472 -1.66824018 -1.56486131 -2.19575548 -3.52729835 -1.56486131 0.0397706883 -3.65738061 4.64305319 1.28678539 -5.26560383 -1.96371733 -2.36771018 -1.81942413 -3.88050206 -3.2187262 -1.36101081 0.371724566 4.64305319 0.00991039641 1.57214908 -2.49465976 5.7467015 -3.88050206 -1.20196468 2.43274663 -3.8755238 -0.699234943 -0.465481212 1.21530687 0.187405296 5.1090088 -0.774053366 0.183137085 -1.57244678 -2.80323191 1.25337088 -6.75422342 2.14026761 -0.684295747 -1.60360563 -0.412858609 2.26559291 2.03110568 2.14026761 -8.11546929 -1.20196468 3.57604114 -1.81942413 2.73633576 -0.290051301 -4.60382796 5.19559944 0.271808844 -0.165881256 5.4617749 2.03110568 3.19357528 -1.03573495 -3.2187262 2.51785327 8.13643833 3.06645252 1.19979122 2.03110568 -0.684295747 1.58987089 0.271808844 -0.419457548 -5.26560383 -3.2187262 -4.97988216 -1.66824018 3.48373923 -4.31810629 0.228747431 3.71741726 2.14328924 6.1103932 4.99451078 0.286748041 1.32209488 0.388001005 2.92934893 -2.49465976 0.410094713 -1.51085198 0.271808844 2.44138456 0.388001005 0.148660976 -2.78250869 -2.12073283 0.754190429 0.371724566 -7.1537188 6.28618485 -2.49465976 -3.61863629 5.58889766 -2.78250869 0.286748041 -3.90435796 -1.51085198 3.06645252 -2.54912426 -4.97038055 -0.125435069 3.19357528 4.66091529 3.85733131 -2.49465976 0.286748041 1.23024607 3.20031456 0.000235060387 -3.7742757 -1.51085198 -4.70044844 -1.78792568 3.48373923 4.83670694 -0.684295747 -0.465481212 2.51785327 -0.712458565 -1.96371733 4.62748091 2.92934893 2.94414886 -4.85064178 0.371724566 -0.465481212 0.983268715 -3.7742757 2.66478478 -4.35685061 -0.0638402679 -3.88050206 -2.36771018 -2.42851209 0.187405296 -2.24768241 6.38975728 -2.64897639 -2.51925619 -0.510291957 -2.80323191 1.57214908 2.96827641 -1.26387463 2.01616648 0.983268715 0.928217435 -3.07713039 -1.81942413 -0.290051301 -3.02948605 -2.51925619 -2.36325472 -0.380713229 -1.96371733 1.23024607 0.371724566 1.57214908 -6.48264963 2.63254312 2.64805877 4.69641546 2.14328924 -7.45369342 -4.06139334 0.410094713 -1.56486131 3.19357528 -1.51085198 2.36096933 -1.66824018 1.32209488 3.76843309 3.06645252 -0.931273099 -2.40199904 5.21258122 -3.52729835 4.66091529 1.23024607 -1.03573495 0.462539693 -0.712458565 0.447600497 0.634978357 -3.63278417 -0.165881256 0.928095027 -1.51085198 -5.24195434 -4.12747941 2.25007725 -0.712458565 -4.48320858 1.29970694 2.67972398 -3.2187262 -2.64897639 0.928095027 1.28678539 -3.52729835 2.96827641 -3.88050206 -1.51085198 3.78337228 -0.419457548 5.4617749 0.634978357 -3.98657277 -3.8755238 -2.40199904 -1.66824018 3.60814546 2.66478478 0.0397706883 -2.12073283 2.44138456 -2.19575548 1.39109852 -6.75422342 -1.26387463 -1.96371733 5.19559944 2.01616648 6.38975728 -0.931273099 -0.0638402679 -4.84283482 -0.712458565 -1.60360563 -2.49465976 0.547516219 1.21530687 3.19357528 2.26559291 -4.06139334 -3.88050206 2.01616648 0.978213237 1.21530687 7.03837557 -0.231803096 4.37690076 -1.94877813 1.0366193 1.19979122 -0.465481212 4.64539964 2.94414886 0.325388508 3.19357528 1.80835339 -2.01359448 -0.716966167 1.21530687 2.25007725 -1.26387463 0.718666867 0.634978357 0.0151742568 1.6821728 -1.32486378 0.0151742568 -3.2187262 0.983268715 1.6821728 0.000235060387 -4.48320858 0.00991039641 -3.88050206 3.20031456 -0.712458565 -3.46570355 -1.56486131 3.21525376 0.0151742568 0.325388508 -3.38580682 2.38724496 -0.380713229 -1.36101081 -1.26387463 -6.49215124 4.64305319 2.01616648 2.26559291 2.64805877 -1.51085198 -0.774053366 -2.54912426 -1.26387463 4.99451078 0.718666867 -1.14968904 -3.8755238 2.03110568 -2.01359448 3.20031456 2.63254312 0.978213237 -5.49884185 -1.51085198 0.00991039641 6.12358181 2.92934893 4.66091529 2.58685156 -1.26387463 2.67972398 3.53639493 -1.14968904 -0.412858609 3.59276716 5.21258122 5.55546329 -3.2187262 1.21530687 2.54024121 0.983268715 0.0397706883 1.0366193 0.228747431 5.1090088 2.26559291 -1.02103072 -4.97988216 -1.26387463 3.48373923 2.01616648 -0.165881256 -1.39666639 -4.31810629 1.21530687 -3.38580682 -2.64897639 -0.699234943 -1.51085198 -3.46570355 4.12829694 -3.10309455 5.55546329 -1.26387463 2.43274663 0.228747431 1.0366193 4.66091529 3.57604114 1.23024607 1.02039694 -2.49465976 -1.36101081 -0.508504094 -3.46570355 -3.45275479 -1.26387463 -2.55625456 -2.40199904 4.28459885 -4.27767943 0.634978357 2.67972398 -2.12073283 4.66091529 3.21525376 2.03110568 2.96827641 3.37610622 -1.14968904 -1.56486131 -3.88050206 -1.02103072 -3.46570355 1.19979122 -0.931273099 -3.61863629 -1.26387463 -0.684295747 2.03110568 -6.60320021 -3.98657277 2.92934893 -1.57244678 3.85733131 1.43298696 -1.42126282 -5.24195434 1.6821728 -5.83037537 1.03980804 0.471689514 0.0397706883 4.66091529 -3.63278417 1.23024607 -0.433028436 1.28359665 1.80835339 -4.97038055 -1.56486131 -4.97038055 -4.31810629 -1.57244678 1.21530687 -0.165881256 -3.98657277 3.44891838 -6.49215124 1.0505211 2.67972398 2.43274663 4.12829694 2.03110568 4.37690076 2.26559291 2.14328924 -1.51085198 1.21530687 4.37690076 2.43274663 1.58987089 2.03110568 4.37690076 0.0151742568 3.71741726 -4.60382796 3.19357528 -3.07713039 4.42639225 -0.412858609 5.19559944 4.66091529 0.271808844 -5.01862648 -2.40199904 1.32209488 2.38724496 4.37690076 -1.85058298 0.501180161 1.39109852 -2.54912426 -1.51085198 -1.39666639 -0.165881256 -0.931273099 3.53639493 3.33904228 -1.94877813 0.286748041 -3.63278417 1.8803524 0.983268715 6.95926228 2.44138456 -1.14968904 0.634978357 3.33904228 -3.98657277 -4.85933158 -1.57244678 -2.12073283 4.4603905 0.928095027 5.21258122 0.928217435 0.983268715 -0.412858609 3.85733131 -3.61863629 0.634978357 -2.12073283 -2.40199904 0.754190429 -1.42126282 -1.51085198 -2.51925619 1.21530687 -6.06938223 -1.56486131 -1.26387463 2.38724496 0.634978357 3.21525376 2.14328924 -0.774053366 -6.49215124 2.41105991 5.21258122 5.46316138 1.02039694 4.66091529 3.59276716 4.69641546 3.99443489 1.29970694 -7.1537188 -4.27767943 1.02039694 0.471689514 -2.49465976 0.271808844 -5.13090537 -3.98657277 0.928217435 -4.43605157 -5.26560383 0.447600497 -7.26476777 2.14328924 2.14328924 2.14026761 -1.66824018 -2.82782835 3.78337228 0.228747431 4.66091529 2.01616648 -1.34607161 -5.13090537 0.228747431 -2.54912426 0.0397706883 -1.26387463 4.93321714 1.19979122 -0.931273099 -3.63278417 -1.26387463 -8.77703685 0.983268715 4.93321714 5.4617749 5.58889766 2.67972398 -3.18817936 2.54024121 1.23024607 1.6821728 1.21530687 7.20845596 2.20689733 -2.64897639 -1.08808297 1.03980804 5.17858297 -2.78250869 3.62471004 -0.165881256 1.81912644 8.13643833 -2.76623354 -1.85058298 5.46316138 4.12829694 5.58889766 4.64539964 -1.42126282 1.21530687 3.48373923 1.19979122 2.44138456 -3.88050206 4.12829694 2.14328924 1.03980804 -4.43605157 -2.40199904 -2.80323191 2.64805877 -2.49465976 0.983268715 -1.51085198 -3.7742757 -3.0748057 -4.30741693 -3.10309455 -2.36325472 5.02551905 -1.51085198 -4.18907422 -4.35685061 -3.98657277 -3.65738061 0.634978357 -0.412858609 7.20845596 0.371724566 -1.42126282 3.33904228 2.64805877 -1.60360563 -1.14968904 0.271808844 0.634978357 -1.51085198 -1.36101081 -4.12747941 -5.68019404 1.32209488 2.14026761 -1.02103072 0.388001005 -0.684295747 -1.20196468 3.94422474 2.01616648 3.78337228 -3.3470625 1.29970694 0.462539693 -8.77703685 0.0397706883 0.0352245547 1.03980804 0.286748041 0.0397706883 -2.40199904 -1.26387463 3.46822358 0.983268715 0.371724566 2.73633576 3.57604114 3.06645252 -1.26387463 4.28459885 3.19357528 1.23024607 0.928095027 -1.81942413 -3.18817936 2.03110568 0.983268715 0.928217435 -4.43656258 1.39109852 7.20845596 -0.165881256 -2.51925619 1.21530687 -1.14968904 3.1966498 -3.8755238 -1.60360563 2.64805877 1.23024607 1.57214908 -2.19575548 -3.7742757 0.471689514 0.228747431 3.57604114 1.28359665 3.48373923 -0.931273099 -1.94877813 -0.412858609 1.21530687 0.271808844 -0.165881256 -6.60320021 0.148660976 -2.54912426 -3.63278417 0.286748041 -2.36325472 2.43274663 0.16311736 -0.290051301 0.388001005 -3.2187262 -0.412858609 -1.39666639 1.21530687 2.14026761 2.14328924 -4.70044844 -1.51085198 0.0352245547 -2.12073283 -0.699234943 2.26866742 4.37690076 -1.34607161 3.44891838 0.286748041 -1.51085198 2.38724496 -2.36771018 -1.81942413 -0.165881256 -0.165881256 -1.57244678 -0.510291957 0.0397706883 1.23024607 0.718666867 -1.34607161 0.983268715 -0.684295747 -3.63219256 0.388001005 2.14328924 -5.64144972 2.43274663 -2.65203669 -1.14968904 1.28359665 0.000235060387 -1.94877813 -0.290051301 2.25007725 -1.02103072 0.983268715 4.66091529 -5.92717139 -0.779195677 -4.31810629 2.14328924 2.54024121 1.25337088 -0.95498733 3.44891838 0.388001005 3.53639493 1.21530687 -3.98657277 -1.26387463 8.13643833 -0.684295747 -6.75422342 -1.56486131 1.28359665 3.20031456 3.85733131 -5.24195434 0.637931073 -8.35426785 0.634978357 -7.45369342 -1.32486378 -1.02103072 -5.13090537 2.54024121 -3.2187262 2.51785327 2.38724496 1.57214908 1.76566255 -3.3470625 0.286748041 -2.36771018 -2.24768241 -2.24768241 0.983268715 -1.39666639 -2.34346454 -5.68019404 1.23024607 3.53639493 -1.26387463 1.81912644 3.33904228 -5.09761913 -3.88050206 2.14328924 -2.82782835 1.03980804 3.71507082 5.17858297 -2.24768241 2.94414886 -1.17027996 -3.2187262 -6.48264963 -1.26387463 -3.0748057 -5.49884185 0.637931073 -3.38521521 3.65953089 3.10514059 4.41172161 0.410094713 -1.89298231 -2.40199904 -5.83037537 2.94414886 1.21530687 2.26866742 -0.931273099 0.634978357 -0.666434901 1.76566255 0.978213237 -1.60360563 0.371724566 3.06645252 -1.59304897 -0.0638402679 4.41172161 -3.98657277 -1.51085198 5.4617749 2.92934893 -3.98657277 5.46316138 0.501180161 0.271808844 2.38724496 -0.931273099 -4.97988216 -3.2187262 -0.419457548 -4.70044844 2.51785327 -0.774053366 -3.63862434 -1.20196468 -0.165881256 2.94414886 1.21530687 0.983268715 2.14328924 2.94414886 -1.26387463 2.73633576 -0.0983163761 -0.165881256 0.286748041 -1.81942413 -4.60382796 -1.36101081 0.928217435 4.41172161 0.471689514 2.14328924 2.14328924 -0.231803096 2.14328924 -3.90435796 0.718666867 0.286748041 -5.83037537 4.69641546 1.23024607 0.983268715 -3.0748057 1.21530687 1.19979122 -3.98657277 -3.46570355 3.46822358 -2.24768241 1.78412833 4.69641546 1.19979122 -3.52586356 3.19357528 -1.57244678 -1.81942413 2.43274663 0.983268715 0.731235885 1.25337088 4.81871912 1.21530687 -4.43605157 -0.684295747 -1.57244678 -0.0983163761 0.718666867 2.51785327 1.23024607 6.38975728 1.23024607 -3.48158895 3.44891838 -0.774053366 3.85733131 -3.02948605 1.23024607 2.92934893 -3.02948605 4.42639225 1.39109852 6.1103932 5.21258122 -1.42126282 5.02551905 0.471689514 -1.51085198 2.03110568 -0.95498733 -1.39666639 0.286748041 -3.2187262 3.21525376 -0.165881256 5.58889766 -3.98657277 1.23024607 2.01616648 2.14026761 2.54024121 -7.45369342 -5.83037537 1.21530687 -3.38580682 -3.63219256 1.28359665 0.371724566 -0.412858609 3.85733131 -3.3470625 -5.94142434 1.10388668 0.718666867 -2.80323191 -3.02948605 0.983268715 -4.97038055 -2.38046291 -5.49884185 -0.0638402679 -5.49884185 1.23024607 -3.52729835 -6.49215124 -0.89275782 4.83670694 -2.64897639 2.63254312 1.21530687 4.83670694 0.410094713 -1.85058298 3.48373923 -5.92717139 0.0151742568 -1.20196468 4.66091529 3.46822358 -0.165881256 1.0366193 -4.85933158 0.228747431 1.23024607 4.80327256 2.64805877 0.325388508 4.41172161 4.28459885 -1.56486131 0.0397706883 0.634978357 -1.51085198 -4.73018593 -3.3470625 4.81871912 1.78412833 -0.28968956 3.76843309 -1.51085198 -1.26387463 4.66091529 0.634978357 1.29970694 2.14328924 -2.60671704 3.53639493 1.23024607 -4.97038055 -0.380713229 1.32209488 -2.24768241 2.26559291 -2.19575548 3.78337228 -1.51085198 1.28678539 5.58889766 0.928217435 0.0397706883 0.286748041 -1.20196468 1.03980804 -0.774053366 6.81612908 3.60814546 -5.92717139 -3.98657277 0.388001005 0.183137085 1.19979122 4.37690076 6.0312799 0.585886366 5.19559944 0.447600497 -1.60360563 3.06645252 -1.56486131 0.371724566 3.78337228 -1.14968904 5.58889766 3.59276716 0.228747431 -3.52729835 4.66091529 0.928217435 -0.412858609 -5.49884185 5.4617749 2.44138456 -0.412858609 -1.51085198 -1.42126282 3.46822358 3.19357528 0.983268715 -1.14968904 4.37690076 -3.61863629 -3.2187262 2.01616648 -5.24195434 -6.75422342 -2.36771018 -3.98657277 -1.26387463 0.286748041 -2.55625456 4.41172161 2.20689733 -1.4702133 -0.774053366 -0.165881256 -2.24768241 1.99491809 -3.38580682 -2.99413268 0.417690418 1.19979122 -0.699234943 0.388001005 3.71741726 5.02551905 -1.66824018 4.41172161 -1.02103072 3.53639493 0.271808844 -1.26387463 -5.13090537 0.0924145616 -6.48264963 2.14328924 5.4617749 0.00991039641 -1.42126282 7.03837557 5.55546329 6.1103932 -0.125435069 0.187405296 3.76843309 -5.01862648 3.76843309 -3.63278417 -6.05988063 3.19357528 -1.81942413 2.03110568 -3.0748057 -0.699234943 -2.64897639 2.25007725 -4.97988216 -7.26476777 2.66478478 0.228747431 1.43298696 4.4603905 2.14328924 2.03110568 -1.57244678 1.29970694 0.410094713 0.271808844 2.14026761 1.28359665 -1.34607161 -1.20196468 3.59276716 0.983268715 4.41172161 -3.18817936 -4.97038055 -3.0748057 0.388001005 -0.465481212 0.0924145616 2.14328924 -3.18817936 0.0924145616 0.183137085 0.634978357 3.57604114 -5.07607284 -3.3470625 -3.90435796 0.388001005 6.64033743 0.271808844 2.25007725 -0.0638402679 0.0397706883 1.97850347 3.19357528 -2.80323191 -3.02948605 1.21530687 2.94414886 -1.26387463 -4.85064178 -1.26387463 2.73633576 -0.699234943 2.38724496 -2.54912426 -3.52586356 2.03110568 2.66478478 0.983268715 0.928095027 3.33904228 -0.165881256 2.25007725 -1.60360563 -2.38046291 -5.26560383 0.462539693 6.64033743 -4.35685061 -0.412858609 -4.73018593 -4.18907422 -1.57244678 3.71507082 -0.0638402679 -4.73018593 -1.03573495 4.69641546 -1.51085198 5.21258122 -3.07713039 -1.60360563 -0.916243011 -1.81942413 -2.40199904 -0.699234943 1.80835339 -3.2187262 -0.712458565 -2.80323191 -4.85933158 -5.49884185 -1.14968904 0.286748041 1.21530687 2.14328924 1.39109852 3.19357528 4.41172161 -8.77703685 -0.712458565 3.19357528 2.64805877 4.41172161 -3.02948605 -0.774053366 -8.35426785 0.0397706883 -4.97038055 4.64305319 3.53639493 -4.12747941 -1.94494117 -2.36771018 0.286748041 -4.12747941 -2.12073283 1.21530687 -3.8755238 -4.35685061 1.23024607 5.02551905 3.10514059 0.547516219 1.8560774 0.00991039641 1.0366193 0.228747431 2.96827641 -4.48320858 1.6821728 1.23024607 -2.78250869 0.0151742568 -2.36771018 3.33904228 -1.57244678 -2.07189075 -1.03573495 2.14328924 1.29970694 -3.90435796 -4.48320858 -0.290051301 3.33904228 -1.51085198 0.928217435 4.83670694 2.67972398 -0.0638402679 2.66478478 -4.70044844 4.93321714 -3.2187262 1.32209488 -4.70044844 4.09753668 1.21530687 -4.73018593 -1.60360563 -3.61863629 -3.38521521 2.01616648 0.228747431 1.19979122 1.43298696 -1.18521916 -1.94877813 -1.08808297 -2.82782835 -1.14968904 -3.65738061 -2.40199904 -1.66824018 -0.774053366 -0.931273099 2.14328924 -1.81942413 4.64539964 -3.98657277 -0.412858609 0.325388508 3.44891838 0.0151742568 0.228747431 5.02551905 -5.49884185 -2.40199904 0.754190429 -0.433028436 -4.85933158 4.53612784 1.21530687 -0.0638402679 -1.39666639 -2.36771018 2.26866742 -3.07713039 1.21530687 -7.1537188 -2.24768241 7.20845596 -3.46570355 -1.26387463 -0.419457548 5.4617749 2.26559291 -3.02948605 5.7467015 1.32209488 -7.26476777 0.228747431 2.14328924 4.2506006 1.19979122 1.57214908 4.66091529 -0.165881256 1.21530687 -1.66824018 0.634978357 1.0505211 -0.412858609 1.23024607 4.62748091 2.01616648 4.64305319 5.19559944 0.286748041 -1.51085198 -1.03573495 -5.26560383 -0.412858609 2.64805877 0.271808844 0.928217435 3.53639493 -1.57244678 5.17858297 -4.97038055 1.28359665 2.58685156 -0.0638402679 1.58987089 2.66478478 -2.12073283 -0.165881256 1.49788653 0.00991039641 0.0503565835 -7.45369342 -4.18907422 -0.165881256 -6.60320021 1.8560774 1.23024607 0.148660976 -3.46570355 1.78412833 -7.45369342 -3.98657277 4.12829694 6.38975728 -4.85933158 4.41172161 -1.51085198 2.41105991 0.286748041 -2.99413268 1.57214908 1.81912644 -2.40199904 -7.45369342 0.371724566 -4.97038055 2.67972398 0.731235885 4.66091529 1.21530687 -0.931273099 1.21530687 -0.290051301 1.78412833 1.21530687 -0.231803096 -2.99413268 4.41172161 -1.26387463 1.6821728 1.40603772 -3.98657277 2.25007725 -1.85058298 5.46316138 -0.165881256 5.86119952 3.20031456 8.13643833 0.271808844 -0.231803096 3.89320892 4.66091529 -2.36771018 0.983268715 4.41172161 2.64805877 -1.42126282 4.41172161 -5.94142434 -1.14968904 -3.90435796 1.80835339 2.14328924 -1.08808297 -1.14968904 -0.931273099 2.38724496 2.01616648 -3.98657277 -1.66824018 -1.89298231 3.48373923 -2.24768241 -4.48320858 1.57214908 0.410094713 -4.85933158 -0.290051301 -4.31810629 -2.76623354 4.69641546 1.80835339 2.82385042 4.41172161 3.21525376 1.28678539 0.183137085 3.59276716 0.978213237 2.01616648 1.21530687 0.978213237 2.14026761 -0.290051301 1.23024607 -5.92717139 -1.4818636 -0.52344329 4.37690076 -2.49465976 -1.56486131 -4.60382796 0.16311736 2.14328924 -2.49465976 -3.8755238 -3.63219256 2.26866742 -3.88050206 1.43298696 -5.26560383 -0.412858609 3.57604114 5.17858297 4.64539964 0.0397706883 1.23024607 2.01616648 0.928217435 -0.684295747 -2.36325472 1.81912644 -5.92717139 2.03110568 0.228747431 -6.48264963 0.0397706883 -1.56486131 3.44891838 3.19357528 -2.64897639 -0.699234943 3.99443489 6.39114375 3.06645252 -0.931273099 5.02551905 -1.34607161 -1.26387463 -0.712458565 2.26559291 -0.931273099 0.388001005 -4.70044844 -0.931273099 4.41172161 -4.70044844 -2.55625456 4.62748091 0.928217435 3.33904228 0.928217435 4.66091529 -5.64144972 4.28459885 3.89320892 0.983268715 -4.73018593 1.19979122 3.57604114 -1.14968904 -1.59304897 0.634978357 -1.60360563 -5.01862648 3.95916394 3.57604114 6.38975728 -0.412858609 3.48373923 3.48373923 -0.125435069 -2.36771018 -4.48320858 -3.38580682 4.93321714 5.46316138 -3.04293454 -5.49884185 -1.03573495 -2.12073283 -1.57244678 2.03110568 0.228747431 -1.26387463 -1.94877813 -1.51085198 1.78412833 -0.465481212 -1.36101081 -3.88050206 0.271808844 -2.24768241 -0.231803096 -6.60320021 -5.68019404 -5.49884185 0.417690418 1.23024607 -0.931273099 -3.38580682 1.02039694 -2.54912426 -2.24768241 7.56831981 -4.85933158 -0.412858609 6.38975728 -2.01359448 -1.78792568 -4.85933158 -2.36771018 4.28459885 7.56831981 -2.36325472 -3.65738061 -1.26387463 -1.94877813 1.23024607 -1.57244678 4.93321714 -3.2187262 -4.35685061 1.70456074 -5.24195434 -0.433028436 -1.56486131 0.388001005 0.271808844 0.718666867 -4.48320858 0.978213237 -1.51085198 2.25007725 4.41172161 -3.52729835 -5.83037537 0.228747431 -0.0638402679 -2.24768241 -2.99413268 -2.36771018 2.26559291 3.71741726 2.64805877 -3.45275479 0.0397706883 -0.973897386 6.1103932 0.271808844 3.78337228 3.57604114 5.46316138 -2.19575548 1.99491809 1.23024607 3.46822358 2.26559291 5.19559944 7.56831981 -2.51925619 -4.60382796 0.228747431 1.21530687 0.0151742568 -3.46570355 3.57604114 4.28459885 -1.26387463 0.371724566 -1.36101081 -2.64897639 -5.01862648 -1.14968904 -4.73018593 -1.56486131 1.0505211 -0.165881256 2.14328924 -1.08808297 -2.80323191 -5.09761913 0.983268715 -0.165881256 -3.38580682 5.7467015 -3.46570355 3.71741726 1.0366193 -3.46570355 2.73633576 0.0397706883 -0.712458565 -2.40199904 6.0312799 -3.98657277 5.19559944 -0.165881256 3.57604114 -0.231803096 -3.8755238 -2.99413268 3.60814546 1.0366193 0.16311736 2.14328924 1.8803524 -4.12747941 3.19357528 3.19357528 -1.89298231 2.26866742 -3.63219256 -5.83037537 3.44891838 5.19559944 -3.63219256 -2.36325472 0.0151742568 0.0397706883 3.20031456 8.13643833 1.21530687 -1.39666639 6.38975728 -0.412858609 -3.8755238 -6.49215124 1.23024607 -3.98657277 2.03110568 -1.26387463 -4.60382796 -2.01359448 6.1103932 -4.12747941 -3.98657277 -0.684295747 0.286748041 -2.49465976 -3.52586356 -1.39666639 -1.03573495 0.634978357 0.718666867 -4.31810629 -3.07713039 1.40603772 -1.56486131 -4.18907422 5.55546329 4.41172161 -3.04293454 2.01616648 -5.94142434 -3.07713039 3.21525376 6.1103932 -2.36771018 -3.63219256 4.28459885 -1.26387463 0.928217435 -2.49465976 -0.465481212 1.23024607 -3.38521521 1.23024607 -2.36771018 -5.49884185 -5.68019404 4.69641546 1.78412833 -4.85064178 -3.46570355 -0.412858609 -1.26387463 -4.60382796 -2.12073283 -0.165881256 -0.699234943 -1.39665513 -3.46570355 -2.76623354 2.94414886 -0.699234943 6.38975728 0.983268715 1.70456074 2.63254312 3.71741726 2.25007725 -2.64897639 1.0366193 -4.12747941 1.6821728 -4.60382796 -1.60360563 4.37690076 3.19357528 -4.73018593 1.0366193 -0.165881256 1.21530687 1.21530687 -1.94494117 6.81612908 3.59276716 0.271808844 1.70456074 -1.51085198 1.19979122 -4.97988216 -2.34346454 -3.63278417 -0.89275782 -7.69270028 -0.412858609 3.85733131 1.23024607 -1.94877813 5.55546329 -4.27767943 4.41172161 2.41105991 -1.26387463 2.92934893 -4.60382796 2.64805877 -1.94877813 6.95926228 3.57604114 3.19357528 -4.85064178 -2.24768241 1.23024607 -3.98657277 0.148660976 2.25007725 -1.26387463 -3.63219256 4.64539964 1.28359665 2.25007725 -2.40199904 2.94414886 2.14026761 -3.98657277 -5.49884185 -1.42126282 -3.8755238 0.983268715 -7.45369342 -1.81942413 0.928217435 2.14328924 -3.7742757 -0.290051301 3.46822358 0.286748041 0.286748041 -4.85933158 -0.380713229 3.21525376 -4.31810629 -1.34607161 0.718666867 3.33904228 3.48373923 -3.02948605 -3.07713039 -1.81942413 -0.684295747 5.46316138 -0.931273099 -0.165881256 1.23024607 5.86119952 -1.4818636 -0.412858609 -2.49465976 -3.46570355 -2.36771018 4.66091529 -5.83037537 6.39114375 2.26559291 -0.125435069 0.388001005 -3.8755238 2.64805877 -0.165881256 -1.96371733 2.66478478 -2.78250869 3.57604114 3.24224417 -0.419457548 -4.84283482 0.410094713 -3.63219256 3.78337228 1.29970694 -4.48320858 1.78412833 -3.52729835 2.94414886 4.12829694 -2.36325472 1.23024607
