# CatBoost 1.2.10 oracle. Generated by tools/catboost_oracle.py
config 4096 16 8 12 0.29999999999999999 3 254
train_mse 0.19100492318992712
baseline_mse 14.391353607177734
scale_and_bias 1 0
borders 0 254 -2.7325901990000001 -2.518482208 -2.3562376500000002 -2.263746738 -2.1451482770000001 -2.081132889 -2.0269513130000001 -1.9589569570000001 -1.889200926 -1.8135353329999999 -1.7310001850000001 -1.683159351 -1.652866602 -1.6261962649999999 -1.5738196369999999 -1.5429711340000001 -1.5096189980000001 -1.4925990099999999 -1.4740808009999999 -1.446669698 -1.4190952779999999 -1.378269196 -1.3492659330000001 -1.326399326 -1.3048508169999999 -1.283806682 -1.2682418820000001 -1.2467696669999999 -1.225157976 -1.1958703989999999 -1.176831961 -1.1622457500000001 -1.14488554 -1.1183899639999999 -1.1016762259999999 -1.074776411 -1.048046112 -1.036869168 -1.016978741 -0.99689638609999998 -0.98863518240000003 -0.96102660890000002 -0.93739879130000003 -0.91962772609999999 -0.90801107879999998 -0.89381933209999997 -0.87958455089999998 -0.87104290719999999 -0.85296475890000001 -0.84382665160000003 -0.82759022709999996 -0.81612920759999996 -0.79967933889999998 -0.79029715060000005 -0.77965795989999997 -0.76773881909999997 -0.75676548480000005 -0.73929607870000003 -0.72653722759999995 -0.7110286951 -0.69497275349999998 -0.68236160280000002 -0.66677242520000002 -0.65668016669999996 -0.64417612550000003 -0.62745010850000005 -0.61712324620000003 -0.60298013689999996 -0.58835756780000004 -0.57462990280000004 -0.56202185149999995 -0.54715090990000004 -0.53686630729999996 -0.5258197188 -0.50881755350000002 -0.4996820092 -0.49129438399999997 -0.47818827629999999 -0.47105741499999998 -0.45883673429999999 -0.4462307096 -0.4353908896 -0.42602252959999998 -0.41870298979999998 -0.4107349515 -0.4014847279 -0.39113533499999997 -0.37920033930000002 -0.36951634290000002 -0.35992324349999999 -0.34998774529999999 -0.34318062659999998 -0.33428102729999998 -0.32484132049999997 -0.31612113120000002 -0.30824723840000001 -0.3002892137 -0.29386603830000002 -0.28157168630000001 -0.27499768140000003 -0.26968169209999998 -0.26090478900000003 -0.25050646069999999 -0.24022363129999999 -0.22973167899999999 -0.21899180109999999 -0.2142978609 -0.20658388729999999 -0.19485268 -0.1794023216 -0.1730614305 -0.16332450509999999 -0.1559811831 -0.14802488680000001 -0.13945433500000001 -0.1307936311 -0.11961292480000001 -0.11363028729999999 -0.10258772219999999 -0.08821105957 -0.077750585969999994 -0.068019658329999996 -0.060015194119999997 -0.051344480370000001 -0.038921624420000002 -0.028585841880000001 -0.01941656508 -0.01261706837 0.007146432064 0.020540751520000001 0.031295582650000001 0.037043713030000001 0.04539798573 0.057837251569999998 0.07038036734 0.080649092790000002 0.091601312160000004 0.1020260006 0.11508251730000001 0.1229717582 0.1343715191 0.14235952499999999 0.15260833500000001 0.1633157432 0.1752199233 0.18489563470000001 0.19537156820000001 0.21190300579999999 0.22085322439999999 0.2339050174 0.2439287007 0.25241112710000002 0.26170375940000001 0.27236610649999998 0.27813440560000002 0.28583145139999999 0.29555648569999998 0.30464440580000002 0.31519889829999997 0.32148492340000001 0.33253568410000001 0.3416593671 0.35094925760000001 0.35830813649999999 0.3656634688 0.37546610829999999 0.38497099280000002 0.40237444639999997 0.41055479649999999 0.42258825900000002 0.43794298170000001 0.44906619190000002 0.46227174999999998 0.4695807099 0.47885128859999998 0.48575979470000002 0.49131649729999999 0.50751936440000001 0.51999014619999995 0.52875769139999995 0.54290831090000002 0.558875978 0.5655751228 0.57995682950000005 0.59174007179999999 0.60298597809999999 0.61263656619999995 0.62418043609999996 0.63483667369999996 0.64635431769999996 0.65944707390000001 0.66844367979999997 0.68199264999999998 0.69401729109999999 0.70934593680000002 0.72435247899999999 0.73652207849999995 0.74627292160000003 0.75442457200000002 0.7662677765 0.77650272850000002 0.78702783580000002 0.79559302330000004 0.81003600360000005 0.82271897790000004 0.83818912509999999 0.85192847250000003 0.86439919470000004 0.87752217050000003 0.89192295070000005 0.90465354919999996 0.91988319159999998 0.94015073780000002 0.9518681765 0.96231174470000003 0.97702133660000001 0.98944008350000001 1.004202724 1.0267930030000001 1.0377430919999999 1.061275959 1.088725567 1.107040405 1.1272914409999999 1.1448051930000001 1.1606471540000001 1.183534861 1.199290752 1.2249639029999999 1.242581844 1.263652325 1.295011044 1.3165895940000001 1.3459366559999999 1.3680002689999999 1.396127224 1.425594926 1.4550133940000001 1.500237703 1.5265064239999999 1.550815821 1.5949170589999999 1.6385890249999999 1.7038828130000001 1.7446596620000001 1.788095593 1.839246511 1.8932285310000001 1.9550737140000001 2.0442788599999999 2.153187752 2.232443333 2.3779294489999998 2.6503081320000001
borders 1 254 -2.6683053970000001 -2.478543282 -2.2783417699999999 -2.1540131570000001 -1.9901467559999999 -1.9414035080000001 -1.8889324670000001 -1.836237669 -1.7726277109999999 -1.73188746 -1.6932104830000001 -1.6489777569999999 -1.6056070330000001 -1.576256514 -1.5402901170000001 -1.5083122250000001 -1.4817159179999999 -1.4547655580000001 -1.4275825019999999 -1.408316731 -1.381648064 -1.3527935740000001 -1.3294357059999999 -1.297795773 -1.2725709679999999 -1.246547699 -1.2156647439999999 -1.1928930280000001 -1.17913723 -1.1497404579999999 -1.133704185 -1.1220738889999999 -1.0972881320000001 -1.0848319529999999 -1.0737478730000001 -1.055863142 -1.035697222 -1.018212318 -0.99950706960000002 -0.98589575289999998 -0.97440361980000001 -0.95751857760000003 -0.94019913669999999 -0.91835975650000001 -0.90506839750000001 -0.8943315744 -0.88126224279999998 -0.87232315540000005 -0.85492968560000004 -0.84123730659999996 -0.82744175200000003 -0.8119220734 -0.79865831139999999 -0.78337788580000001 -0.76666003469999999 -0.75417244429999997 -0.74101424220000001 -0.727330327 -0.71899473670000003 -0.69725179670000004 -0.68680870530000004 -0.67416310310000005 -0.65926671029999995 -0.64376646280000005 -0.63180851940000005 -0.61994075780000002 -0.61034846310000002 -0.60049808029999996 -0.59251242879999999 -0.58422923090000001 -0.57522636650000003 -0.56208056210000001 -0.55210983749999998 -0.54584360119999997 -0.53811991209999999 -0.5266896486 -0.51619625089999999 -0.50515848399999996 -0.49752366539999998 -0.4798809886 -0.469517827 -0.45952552559999998 -0.45148283239999998 -0.44048330190000001 -0.42837518450000001 -0.4188624024 -0.41252392529999998 -0.40119814869999998 -0.39084190130000002 -0.3781964183 -0.36529493330000001 -0.35511332750000002 -0.34006804229999998 -0.32931870219999998 -0.31656360630000002 -0.31138473750000001 -0.30242383480000001 -0.29212802650000003 -0.28151267769999999 -0.27385151390000001 -0.26422375440000001 -0.25505262610000001 -0.24435046320000001 -0.2393269241 -0.2302087843 -0.2215660512 -0.20967882869999999 -0.20229288940000001 -0.19035255910000001 -0.1822019517 -0.1709647477 -0.16215085979999999 -0.15260083969999999 -0.137390554 -0.1315290928 -0.1220815182 -0.1116930991 -0.099729359150000002 -0.0874524042 -0.078059695659999997 -0.071139834819999997 -0.063058197499999996 -0.054439917210000001 -0.048057563599999999 -0.036440260709999998 -0.02403980121 -0.01411849447 -0.003162761219 0.01944635808 0.03061871976 0.043189533049999999 0.04984236509 0.057815633710000001 0.069130763410000004 0.07887117565 0.091731905939999997 0.099382460120000002 0.11177148670000001 0.120231688 0.12645491959999999 0.1416932642 0.15209920699999999 0.1597897559 0.1694689989 0.18022727969999999 0.18584318459999999 0.197023645 0.20642894510000001 0.22098600860000001 0.23057505489999999 0.24235767129999999 0.25120311979999999 0.26301723719999998 0.27529740330000002 0.2822947502 0.2948676348 0.30470779539999998 0.31470149759999999 0.32707792520000001 0.3354273438 0.34457382559999999 0.36081638929999998 0.3699350059 0.38117980959999997 0.3894630671 0.39963927869999999 0.41271775960000001 0.42225411530000001 0.4407940507 0.45199787619999998 0.46542808409999997 0.47708451750000003 0.48922407629999998 0.50308877230000004 0.51367956400000003 0.5215318203 0.53132069110000002 0.53963124750000002 0.55231499669999995 0.56241416929999999 0.57384765149999994 0.58604520559999995 0.59592306610000001 0.61175703999999997 0.62175691129999999 0.63118207449999997 0.63967233899999998 0.64980185030000004 0.66018116469999999 0.67155444620000004 0.6827403903 0.69689822199999996 0.70806825159999998 0.71959388260000001 0.73215174670000005 0.74178195000000002 0.75276744370000004 0.76248848440000005 0.77377760409999996 0.79410511260000005 0.80336248870000004 0.81806296109999999 0.83125770089999995 0.84656774999999995 0.8601255417 0.86666536329999999 0.87983471160000004 0.89156651499999995 0.90702068810000003 0.92034745220000003 0.93689274789999999 0.9497492313 0.96263146399999999 0.98108422760000003 0.99461340899999995 1.01606369 1.0263013839999999 1.0356678960000001 1.0505247120000001 1.0665848259999999 1.089067698 1.113795638 1.1284197570000001 1.1426849370000001 1.176275969 1.1950953010000001 1.2127320770000001 1.233148575 1.2473134990000001 1.2722744939999999 1.2947132589999999 1.3107886310000001 1.3306453229999999 1.347153187 1.3690265420000001 1.3890632389999999 1.410864353 1.442715645 1.468628287 1.498445749 1.5316123960000001 1.5827593799999999 1.6134575609999999 1.6436593530000001 1.687116981 1.7435133460000001 1.806847095 1.866303563 1.949558854 2.0171177390000001 2.0858192440000001 2.2204492089999999 2.3757083419999998 2.5728185180000001
borders 2 254 -2.7643694879999998 -2.4923119539999998 -2.3627300259999999 -2.245757341 -2.1666340829999999 -2.068688393 -1.9871363639999999 -1.9405440089999999 -1.8859202859999999 -1.8342876429999999 -1.795998454 -1.7572326659999999 -1.696212053 -1.6600303649999999 -1.622218132 -1.586163282 -1.5626711849999999 -1.541407585 -1.508390546 -1.480532169 -1.454794884 -1.4292951819999999 -1.4114301199999999 -1.3822965620000001 -1.357611656 -1.32792449 -1.305913568 -1.2777197360000001 -1.251146555 -1.2275402550000001 -1.2011060710000001 -1.1812251810000001 -1.1650437119999999 -1.1451694969999999 -1.130797982 -1.113734961 -1.100130796 -1.0801289080000001 -1.063637376 -1.049587488 -1.0321302409999999 -1.014558673 -0.99080610280000003 -0.97184175250000004 -0.95149028300000005 -0.92721259590000005 -0.91386044030000002 -0.89886164670000002 -0.88223421570000005 -0.87216794490000005 -0.8582650423 -0.84229534859999999 -0.83104896549999996 -0.82055962090000001 -0.80927824969999995 -0.79713010790000005 -0.77700293060000003 -0.76090574259999999 -0.74351578949999997 -0.72984111309999999 -0.71726113560000004 -0.70693063739999995 -0.69980919360000005 -0.68533265590000003 -0.67589771750000005 -0.6639358997 -0.65404701229999995 -0.63818824289999998 -0.62516939640000002 -0.61355793479999998 -0.60413682459999996 -0.59540396929999995 -0.58240687849999995 -0.57003247739999996 -0.55885124210000003 -0.54421174530000005 -0.53237855430000003 -0.52291488649999995 -0.51302117110000001 -0.49919959899999999 -0.49074691529999998 -0.48168313499999998 -0.46976298090000002 -0.45925855640000002 -0.45057332519999999 -0.442499429 -0.4344546795 -0.42491239310000001 -0.41501814129999998 -0.40352270010000002 -0.3915767074 -0.38142931460000001 -0.36791300770000002 -0.35634422300000002 -0.34777736660000003 -0.33952850099999998 -0.3291548789 -0.319583118 -0.30249607560000003 -0.28905716539999998 -0.28010416030000002 -0.27065658570000001 -0.25893247130000002 -0.2476111352 -0.2347626984 -0.22272729869999999 -0.2124592662 -0.2011200786 -0.1902752519 -0.17817580699999999 -0.16746449469999999 -0.1568612009 -0.14700804649999999 -0.13249671460000001 -0.12256991120000001 -0.11289493740000001 -0.1062958091 -0.099586054679999994 -0.089142560960000006 -0.080187827350000004 -0.07147273421 -0.062149666249999999 -0.056350715459999999 -0.042415514590000002 -0.03392654657 -0.025800326839999999 -0.016700170930000001 -0.0085186697539999991 0.0064157769079999996 0.01686042175 0.02890396118 0.035050950939999999 0.043767239899999998 0.05488111079 0.064844369890000003 0.075540542599999996 0.088963016869999995 0.096284255390000004 0.10768857599999999 0.1164261177 0.12652838229999999 0.1343660951 0.14421299100000001 0.15187048910000001 0.1625481993 0.17145167289999999 0.1862429827 0.195191592 0.2034586072 0.21386535470000001 0.22228491310000001 0.23322525620000001 0.24380339679999999 0.25679305200000002 0.26527279619999999 0.27637195590000002 0.28616970780000001 0.29568541050000002 0.30621191860000002 0.31867632270000001 0.32893723250000001 0.34281331300000001 0.35236620899999999 0.36144864560000001 0.37088823319999997 0.38514530660000001 0.3995885253 0.41288769250000001 0.4215936065 0.43169581889999997 0.44272094960000002 0.45523226259999999 0.46641418340000002 0.47853821520000001 0.48892065880000002 0.50753533839999998 0.51526403430000001 0.525698781 0.53886747359999998 0.55185520649999997 0.56950235370000002 0.5827817917 0.59674286840000001 0.60785984989999997 0.61889731879999998 0.62933933730000002 0.64291000369999995 0.6514801979 0.6595368385 0.677171886 0.69125074149999999 0.70210611820000002 0.71784287690000004 0.72836428880000004 0.74480736260000002 0.75940799709999995 0.7776534557 0.79500907659999998 0.80465936660000004 0.81621921060000002 0.83358442779999997 0.84320712090000005 0.8569245338 0.87419533729999999 0.89065259699999999 0.90182238820000005 0.92323410510000004 0.93545019630000004 0.94832313059999995 0.9633001685 0.97829556470000001 0.99176305529999997 1.0049847359999999 1.0245662929999999 1.036090374 1.0583112240000001 1.0701959130000001 1.0854680539999999 1.1038482190000001 1.122341633 1.136525512 1.1495481729999999 1.1701452729999999 1.186644077 1.203927755 1.221742034 1.245960832 1.2612974640000001 1.2856214050000001 1.304300547 1.3296790119999999 1.351567864 1.374037266 1.3965272900000001 1.4329872130000001 1.4610195159999999 1.5040452479999999 1.53782022 1.5627615450000001 1.5976779459999999 1.6391432290000001 1.679909348 1.72428906 1.7573552130000001 1.801691532 1.842900515 1.897747278 1.958330154 2.0514736180000002 2.1272902490000001 2.2384257320000001 2.3280866150000001 2.4202065469999998 2.5979719160000001
borders 3 254 -2.6715116499999998 -2.4962854390000002 -2.33869338 -2.234863281 -2.1144828800000002 -1.9887532000000001 -1.8747189040000001 -1.8156425949999999 -1.770736933 -1.7169094090000001 -1.6674333809999999 -1.610467911 -1.580058336 -1.550728798 -1.5100014209999999 -1.4722907540000001 -1.435878515 -1.4174964430000001 -1.3961410519999999 -1.3664729600000001 -1.3406090740000001 -1.3131085629999999 -1.2971779109999999 -1.2678949829999999 -1.247519016 -1.226465583 -1.2161347870000001 -1.198036909 -1.1792448760000001 -1.1596523519999999 -1.1426781420000001 -1.1203453539999999 -1.1045002939999999 -1.0912675860000001 -1.0747402909999999 -1.0610661509999999 -1.044514298 -1.019283175 -1.005242586 -0.99258857970000003 -0.97706186770000003 -0.96409124140000002 -0.94423246380000003 -0.92707121370000001 -0.91041630510000005 -0.90200579169999995 -0.8876583576 -0.87790095810000002 -0.8563865423 -0.84062469009999996 -0.83202254769999995 -0.818200767 -0.80397111180000003 -0.78810143470000005 -0.77579987049999999 -0.76648366450000005 -0.75320363040000005 -0.73590528960000001 -0.72120583059999999 -0.70425075290000005 -0.69395422939999996 -0.68307536840000005 -0.674654007 -0.66447782519999998 -0.65419751410000004 -0.6455153227 -0.6312866211 -0.61766850949999996 -0.60635882620000003 -0.59925991300000003 -0.5883457661 -0.57648575310000005 -0.56272590160000002 -0.55362910030000001 -0.54350519180000001 -0.5278869867 -0.51215422150000001 -0.50720548629999995 -0.4947916269 -0.48403394220000001 -0.47366261479999999 -0.46089836960000002 -0.45360958579999999 -0.44089731570000001 -0.42736959460000001 -0.41460156440000001 -0.39970612529999999 -0.39079648259999999 -0.3787841797 -0.36548429729999998 -0.35933914779999998 -0.3485461473 -0.33416640759999999 -0.32701820139999999 -0.31686711309999999 -0.3038107753 -0.29476654530000002 -0.28993213179999999 -0.28259867430000002 -0.27624726300000002 -0.26811307670000001 -0.26295065880000001 -0.25181692839999997 -0.24444593489999999 -0.23353758450000001 -0.2237438262 -0.21270683409999999 -0.20625934000000001 -0.19710735979999999 -0.18549025059999999 -0.17212545870000001 -0.15854227539999999 -0.1498229653 -0.13973447680000001 -0.12629008289999999 -0.1157046705 -0.10548125949999999 -0.098117046060000004 -0.089387059209999994 -0.081097148359999996 -0.070944897830000006 -0.057051651180000003 -0.042294647540000001 -0.034226998690000003 -0.02628215775 -0.019021786749999998 -0.0088049173359999993 -0.0027777608479999999 0.017877001319999999 0.024045005439999999 0.031464759260000003 0.041363365950000001 0.051135048269999997 0.064027667050000001 0.079048894349999996 0.086917459959999999 0.099784508349999995 0.1070413813 0.1145376563 0.12236905100000001 0.12821590899999999 0.139790684 0.14806878570000001 0.15727868680000001 0.1683436036 0.17638882989999999 0.185178116 0.19417029620000001 0.20459431410000001 0.21302333470000001 0.2203414142 0.23049086329999999 0.23792040349999999 0.25422477719999997 0.26324778799999998 0.27551543709999998 0.28843843940000002 0.30061751599999997 0.31241905689999999 0.3242879212 0.33326834440000003 0.34318655729999997 0.35513752700000001 0.37192136050000002 0.38510197400000001 0.39678427579999997 0.40486481790000001 0.4125832915 0.42350459099999999 0.43375834819999998 0.4435446858 0.456079334 0.46797555689999998 0.47932329769999998 0.49347668890000002 0.50617682929999996 0.51814270019999997 0.52789795399999995 0.53659236430000001 0.54407465460000004 0.55315214400000001 0.57282602790000003 0.58351027970000002 0.59483414889999997 0.60308063030000003 0.61373382809999999 0.626799047 0.639750123 0.65189909930000001 0.66618126629999996 0.67888981100000001 0.68803286549999998 0.70375490190000001 0.71384370330000002 0.72258293630000003 0.73451733590000001 0.7458541393 0.7554042339 0.76849567890000003 0.77942162749999999 0.79457455870000004 0.80955028529999995 0.82499009369999998 0.84400987630000002 0.85383200650000002 0.86676096920000001 0.88431417940000001 0.89603221420000001 0.91098159550000002 0.92854785920000005 0.94642639159999997 0.97638368610000004 0.98415982719999995 1.0037055020000001 1.0166006089999999 1.041146159 1.0567705629999999 1.0684156419999999 1.0795662399999999 1.0952217580000001 1.107403755 1.117055535 1.137105107 1.147616148 1.1681467290000001 1.1885852809999999 1.2207822800000001 1.243650436 1.264605403 1.2878756520000001 1.308202267 1.330587387 1.3514349459999999 1.3756909369999999 1.4014112949999999 1.4397319559999999 1.4679293630000001 1.490220189 1.5077602859999999 1.5366843939999999 1.573297977 1.5958547590000001 1.624587059 1.686068058 1.748554468 1.792285323 1.8323333260000001 1.8844556809999999 1.9519659279999999 2.0433821679999999 2.1210947039999999 2.2342524529999999 2.3768708709999999 2.6125645639999999
borders 4 254 -2.6686046120000002 -2.4339678290000002 -2.254970551 -2.1326580050000001 -2.0680656430000002 -2.0171999930000002 -1.940369368 -1.8809109930000001 -1.809135199 -1.756049395 -1.7226853369999999 -1.6926448350000001 -1.665243864 -1.594195247 -1.547720194 -1.52318716 -1.4978475570000001 -1.4611428980000001 -1.4312386509999999 -1.3895061019999999 -1.362391591 -1.3396935459999999 -1.3197138310000001 -1.283518553 -1.26165247 -1.243027449 -1.215636969 -1.1982955930000001 -1.1834783550000001 -1.160157442 -1.138055086 -1.1165444849999999 -1.0981211660000001 -1.079235792 -1.0644036530000001 -1.0437386040000001 -1.027371883 -1.0132260319999999 -0.99683171510000002 -0.9738821983 -0.95856100320000004 -0.9450608492 -0.92957544329999997 -0.92265039680000005 -0.91050922869999995 -0.89057862759999995 -0.87730872630000001 -0.86356073619999996 -0.85437482600000003 -0.83064532280000003 -0.81738114360000003 -0.80781203509999999 -0.79862546919999999 -0.78508961200000005 -0.7712910771 -0.75109809640000003 -0.73279356959999997 -0.72070384030000001 -0.70558857919999995 -0.69770240780000004 -0.69051027300000001 -0.67873364690000004 -0.66710722450000004 -0.65423929690000004 -0.64342844489999995 -0.63321959969999997 -0.62180924420000006 -0.61196804049999998 -0.59304928779999999 -0.5846056342 -0.56986320020000003 -0.55774545669999998 -0.549983263 -0.54209375380000002 -0.53376162049999998 -0.52336072919999999 -0.51156592369999998 -0.50309252739999999 -0.49066758160000001 -0.48063409330000001 -0.47214293480000002 -0.46575096249999998 -0.45604431629999997 -0.44277870660000002 -0.432703793 -0.42245459559999998 -0.41670757530000002 -0.40598583220000001 -0.39426815510000002 -0.37650227549999998 -0.36669987440000001 -0.3526973128 -0.34382858869999999 -0.3357153833 -0.32406130430000002 -0.31218159200000001 -0.30360630150000001 -0.29493975639999997 -0.28376939890000002 -0.27685892579999999 -0.27119764689999998 -0.26003277299999999 -0.24554915729999999 -0.2366800308 -0.22719705100000001 -0.2209789157 -0.20888844130000001 -0.19618174429999999 -0.18572655320000001 -0.17527370149999999 -0.1666318178 -0.15736225249999999 -0.14500696960000001 -0.13757179680000001 -0.12814569470000001 -0.1188653409 -0.11310238390000001 -0.1061401218 -0.09650214016 -0.083937257530000003 -0.077960252760000001 -0.064061611889999995 -0.055951029059999997 -0.048156440260000002 -0.037153784189999997 -0.028587322679999999 -0.021567609160000001 -0.0073247314429999997 0.013361648659999999 0.02326635271 0.03361450136 0.045326605440000001 0.054148718710000002 0.064469553530000001 0.074728183449999999 0.086903192099999998 0.096464127299999994 0.1075569913 0.1165422946 0.1274825782 0.13922092320000001 0.147545442 0.1576317549 0.1680750996 0.17611351610000001 0.18692135809999999 0.2007071674 0.21268442269999999 0.2248797417 0.2331479192 0.2421056479 0.25070497390000002 0.26282003520000002 0.27232939 0.28335154060000001 0.29508769509999999 0.30564421419999999 0.31306615469999999 0.32018303869999998 0.33012378219999999 0.33684045080000002 0.34734874960000001 0.35699886079999998 0.36674422029999998 0.37706750630000002 0.386320889 0.39530646800000002 0.4042678475 0.41668221350000001 0.43127581479999999 0.4475410581 0.45648944380000001 0.46740713719999999 0.4812120795 0.50008302930000004 0.50592845679999998 0.51805275679999996 0.52985668180000001 0.54160308840000004 0.55389821530000005 0.56171119209999998 0.56968837979999998 0.580845952 0.5892842412 0.6043422222 0.61505794530000002 0.63229256869999995 0.64115023609999999 0.65380764010000003 0.66035807130000002 0.66930150990000004 0.68648183350000003 0.69980990890000005 0.71121388669999996 0.72985696789999999 0.74319934840000001 0.75856560470000001 0.7690576911 0.78226983549999995 0.79856711629999999 0.80936288830000003 0.82072210310000004 0.83119606970000004 0.84690940380000002 0.86085700990000003 0.87340754269999998 0.88704133029999999 0.91603207590000002 0.93289053440000003 0.94932603839999996 0.95877122879999999 0.97767364980000004 0.99321603780000001 1.0069465639999999 1.028942823 1.044454813 1.0640428070000001 1.076001883 1.09833169 1.1153407099999999 1.134713173 1.1573252679999999 1.1713532209999999 1.1921758650000001 1.213540077 1.234058857 1.259444118 1.2838201520000001 1.3045511249999999 1.327467918 1.3501201869999999 1.377117991 1.395522594 1.4219343659999999 1.4605402949999999 1.4783716200000001 1.5002086160000001 1.5285398960000001 1.557590842 1.5973453520000001 1.627959371 1.6458605529999999 1.7027173040000001 1.736270905 1.7942790989999999 1.8239679339999999 1.8715643879999999 1.91776824 1.983672976 2.0644483569999998 2.200347185 2.3597469329999998 2.5124509330000002 2.6800313
borders 5 254 -2.7275404929999998 -2.4773955349999999 -2.302738905 -2.1962361339999998 -2.0749542710000002 -2.0080862050000001 -1.914255619 -1.840092659 -1.801921248 -1.7332654000000001 -1.681941986 -1.6546386479999999 -1.621974826 -1.5917904380000001 -1.5722742080000001 -1.5480083229999999 -1.5212607380000001 -1.4957886929999999 -1.4636158939999999 -1.4391936059999999 -1.4112362860000001 -1.3914668560000001 -1.3633841280000001 -1.3318777079999999 -1.3152669669999999 -1.294206381 -1.278840542 -1.2639020679999999 -1.2345600130000001 -1.2063615320000001 -1.1873233320000001 -1.1737115380000001 -1.159161568 -1.141542912 -1.1202349659999999 -1.1058212519999999 -1.0813236239999999 -1.0675500630000001 -1.0540759559999999 -1.041016817 -1.024446368 -1.007385492 -0.99321907760000006 -0.97900819780000004 -0.95791780950000005 -0.93868446350000001 -0.9229985476 -0.9100620747 -0.8985362053 -0.88171815870000003 -0.86585670709999996 -0.85673940179999997 -0.84880506990000004 -0.84102350469999998 -0.82728719709999998 -0.81099236009999998 -0.79166388509999996 -0.77939522269999995 -0.76957309249999994 -0.75335884090000005 -0.74189043050000003 -0.73123526569999997 -0.72057795520000001 -0.70922505859999996 -0.6937968135 -0.68407773969999996 -0.66713273529999995 -0.65527474880000003 -0.64307236670000001 -0.63607418540000005 -0.62301445010000001 -0.61212289330000003 -0.59885954860000001 -0.58569228650000005 -0.57703679799999996 -0.56427466869999998 -0.55392098430000003 -0.53617721799999996 -0.52723407749999995 -0.51289170979999998 -0.50360327959999995 -0.49509823320000002 -0.48168885709999998 -0.46911823749999998 -0.45503586530000001 -0.44511955980000001 -0.43578863140000001 -0.42309388520000002 -0.40746629239999999 -0.3976504803 -0.38598430160000002 -0.37558072809999998 -0.36247187850000001 -0.35014349220000002 -0.3439932168 -0.33588045840000003 -0.32678955790000003 -0.31968832019999999 -0.31339383129999998 -0.3018542528 -0.29083335399999999 -0.28197064999999999 -0.2701140642 -0.2553537488 -0.24561840300000001 -0.2383065969 -0.2273236662 -0.21668717270000001 -0.20415389540000001 -0.19584697479999999 -0.18123248219999999 -0.1725090742 -0.1638501883 -0.15314714609999999 -0.14110597969999999 -0.1303946674 -0.1178977564 -0.109312728 -0.10255815090000001 -0.095381915570000003 -0.08358293772 -0.073524206879999998 -0.06498068571 -0.056802816690000001 -0.048485215749999998 -0.038043264299999997 -0.0275442563 -0.015376959000000001 0.0024546850470000001 0.01485992037 0.032405368980000002 0.041582234199999998 0.052921257909999998 0.064475804570000003 0.076432861389999995 0.083605378869999997 0.09421162307 0.1073491424 0.1187189072 0.1244538575 0.1372386813 0.14592546219999999 0.15659129620000001 0.16359904410000001 0.1761124432 0.18397261200000001 0.1993012726 0.2062816918 0.2146746665 0.2257316113 0.2340332866 0.2446293682 0.25507116320000001 0.26738989349999998 0.28118163349999997 0.2895500064 0.29844707250000002 0.30470246080000002 0.31444141269999998 0.32340514660000003 0.33270835879999999 0.34539720419999997 0.35719859599999998 0.3639277816 0.37688028810000002 0.3836311698 0.39149770140000001 0.39869588610000001 0.4119449556 0.4211847782 0.42959192400000001 0.44088888170000001 0.45067012309999999 0.45712572340000002 0.46618109940000002 0.47139683370000002 0.4786531329 0.48694670200000001 0.50587290529999995 0.51790070529999999 0.52653849119999996 0.53856647010000003 0.55018234249999998 0.56207060809999998 0.57167273760000004 0.58279752730000001 0.59583377839999996 0.60734570030000001 0.61771619320000004 0.62419807910000003 0.63977473969999998 0.6537362337 0.6663162708 0.68009775880000001 0.69255602360000001 0.70059978960000002 0.71768498420000004 0.72823047640000005 0.74340331550000005 0.75395834449999999 0.76553469900000004 0.77551305290000005 0.78570532800000004 0.80067718030000001 0.81307125089999999 0.82512152189999999 0.84085381029999995 0.86446714400000002 0.88033258910000001 0.89384055139999996 0.9097896218 0.92114216090000001 0.94133198259999995 0.96408391000000004 0.9851827621 0.99684101339999998 1.020094872 1.041610599 1.0618371959999999 1.08542943 1.1062846180000001 1.1208701130000001 1.1421718599999999 1.156318188 1.178788781 1.20972681 1.2306785579999999 1.264883041 1.289650202 1.3075751069999999 1.324158669 1.3422620300000001 1.359659672 1.37009728 1.389787436 1.407958746 1.4405357839999999 1.4760417939999999 1.5071475510000001 1.551162004 1.591775417 1.6238440279999999 1.6576807499999999 1.694208384 1.731583834 1.7867416140000001 1.834072232 1.8856340650000001 1.956915379 2.011033297 2.1089539529999999 2.2353525159999998 2.4165267940000001 2.6181290150000001
borders 6 254 -2.5596542360000001 -2.3275737759999999 -2.1792860030000001 -2.0467224119999998 -1.9651196 -1.899444103 -1.8610135320000001 -1.8075107340000001 -1.76107502 -1.7041381600000001 -1.6435661319999999 -1.6043879990000001 -1.5753164289999999 -1.5397868159999999 -1.4936389919999999 -1.4760191439999999 -1.4371453519999999 -1.415841103 -1.3819218870000001 -1.359887004 -1.3341873879999999 -1.303204298 -1.2850518230000001 -1.2503060100000001 -1.226139665 -1.205121517 -1.18689537 -1.157261968 -1.138510227 -1.1223890780000001 -1.1092221739999999 -1.09453249 -1.085227728 -1.066757441 -1.0488430259999999 -1.0304200649999999 -1.0147304530000001 -0.99678778649999999 -0.98392152789999998 -0.96578288079999997 -0.95080423359999999 -0.93585836889999996 -0.92040419579999999 -0.90359258649999996 -0.89091390370000001 -0.8715677261 -0.85172402859999996 -0.83291316029999996 -0.81609535219999996 -0.80377894640000003 -0.79160320760000003 -0.78164660929999996 -0.76807749270000003 -0.75376403329999997 -0.74389457699999995 -0.73588228229999997 -0.72423464059999998 -0.70958828929999995 -0.6981314421 -0.68055474760000001 -0.67336386439999996 -0.66184461120000004 -0.6527235508 -0.64332795139999999 -0.63187307120000002 -0.62170875069999998 -0.60547786950000004 -0.59651148320000003 -0.58790922160000003 -0.57565009590000005 -0.56283146139999995 -0.55078923700000004 -0.53958159689999996 -0.52768820520000004 -0.51805377009999998 -0.50618779660000002 -0.49987393619999998 -0.4904822707 -0.47915220260000002 -0.46917960050000002 -0.45545589920000001 -0.44289401169999998 -0.43059876559999999 -0.42244285349999999 -0.41196155550000002 -0.39703619480000002 -0.38333660359999999 -0.3767918348 -0.36717006559999998 -0.35730686779999998 -0.3438245654 -0.33122617009999999 -0.31908196210000001 -0.30564668769999997 -0.29604902859999999 -0.28780195120000002 -0.2781119943 -0.2722552419 -0.26422858240000002 -0.25824391839999999 -0.25159323220000002 -0.24069887400000001 -0.23012262580000001 -0.22142121200000001 -0.20853844290000001 -0.1965859979 -0.1929322779 -0.1783995032 -0.16972962019999999 -0.16043022270000001 -0.15225911140000001 -0.1413442791 -0.13460710640000001 -0.12161825599999999 -0.1123599559 -0.1034356654 -0.09294675291 -0.086182661349999995 -0.075951710340000006 -0.067446544770000005 -0.062169916929999999 -0.057327799499999998 -0.048366349189999998 -0.034677114340000002 -0.0206419155 -0.01102668978 -0.001601905562 0.0089259752999999997 0.03105320781 0.048783067610000001 0.05552645028 0.067647606129999996 0.075740471480000002 0.0864905864 0.098982863130000001 0.10382350529999999 0.110938862 0.12302471700000001 0.13073727490000001 0.14653292300000001 0.1575431675 0.1677690148 0.17888070640000001 0.19053176050000001 0.1982306838 0.2050918639 0.21780160069999999 0.22795477510000001 0.24190542100000001 0.25433522460000002 0.26210305090000002 0.27137237790000002 0.27803012729999999 0.29259592290000003 0.30433267349999998 0.31525665520000001 0.32658886910000001 0.33672654629999998 0.34450000520000001 0.35142523050000002 0.36113351580000003 0.3709592223 0.38674694300000001 0.3975064754 0.41100978849999997 0.41903406380000002 0.43215140699999999 0.44474494460000003 0.45209652189999999 0.45873770120000001 0.46916222569999999 0.47959092260000002 0.49377059940000001 0.50405979160000003 0.51462107899999998 0.52939677240000005 0.54110157489999999 0.55230945350000005 0.56086492539999999 0.57220268249999995 0.58305066819999996 0.59813332559999999 0.61362576479999997 0.62188756469999995 0.62958955760000002 0.63946884869999998 0.65142881870000002 0.66653311250000002 0.67476499079999996 0.68578743929999997 0.69749677180000003 0.7135198116 0.72534525390000004 0.73574048280000004 0.74973559379999999 0.76573288439999998 0.78018724920000004 0.79589146379999998 0.80777859689999998 0.82315504549999996 0.84073686599999997 0.85071659089999996 0.86238098139999997 0.87639671559999999 0.89344906810000002 0.90559208390000001 0.9220483303 0.93617779020000003 0.95045357939999997 0.96094965929999998 0.97005450729999998 0.98982000349999999 1.0072360039999999 1.0200445650000001 1.034194708 1.048787117 1.070390105 1.091008902 1.1111648080000001 1.123551607 1.1488486529999999 1.164344072 1.1792435649999999 1.209298134 1.226563096 1.245802879 1.2604423760000001 1.2770872120000001 1.300618649 1.32723093 1.360574961 1.38155055 1.4049867389999999 1.4263736010000001 1.4683026079999999 1.4923295969999999 1.5219690800000001 1.537983418 1.575477362 1.5908722879999999 1.624419928 1.657870293 1.687627196 1.756772518 1.79232645 1.839473248 1.9003672599999999 1.9530003069999999 2.0208373069999999 2.08586669 2.1796128750000001 2.3085899350000001 2.4605989460000002 2.6924254890000001
borders 7 254 -2.7114923000000002 -2.3630604740000001 -2.2610347270000002 -2.1922345160000001 -2.1042442320000001 -2.0132060049999998 -1.9625749589999999 -1.923099637 -1.8847389219999999 -1.8404418229999999 -1.766879678 -1.726039648 -1.687786341 -1.655471087 -1.626097202 -1.602007747 -1.5610625739999999 -1.518583059 -1.495807648 -1.474427938 -1.4452792409999999 -1.4181699750000001 -1.40101707 -1.381317973 -1.3522675040000001 -1.337440014 -1.317952633 -1.2925791740000001 -1.2607142929999999 -1.2422450780000001 -1.2222666740000001 -1.202999234 -1.189020872 -1.160179377 -1.1436018939999999 -1.1239507200000001 -1.1083306070000001 -1.0958800319999999 -1.0862338540000001 -1.066677332 -1.04192543 -1.0311484339999999 -1.016251802 -0.99502468109999997 -0.97997796540000004 -0.96902835369999996 -0.95846569540000004 -0.94829308990000005 -0.93542289729999994 -0.92032432559999999 -0.90659105780000004 -0.89242082830000002 -0.8782883883 -0.86512577530000001 -0.85570919509999999 -0.83785951140000003 -0.82254719730000003 -0.81053829190000004 -0.79992306229999999 -0.78936898710000003 -0.77341920139999998 -0.76576292509999999 -0.75321948530000005 -0.73857724670000002 -0.72398567199999997 -0.70329201220000004 -0.68856859209999999 -0.67614316939999997 -0.66939902309999999 -0.66414093969999999 -0.65161323550000005 -0.64098358150000001 -0.62895292039999995 -0.61797237400000005 -0.60364055630000002 -0.59013485909999996 -0.58216094969999999 -0.57078981399999995 -0.55434060100000004 -0.54217100139999996 -0.5286715031 -0.50921523570000005 -0.49780601260000001 -0.48869231340000002 -0.48039367789999998 -0.47159767149999998 -0.46275109050000002 -0.45757627490000002 -0.45167177920000001 -0.44297736879999999 -0.42805743219999998 -0.41554671529999998 -0.40481853490000003 -0.39179831739999998 -0.37718868259999999 -0.36901623010000001 -0.35662382840000001 -0.34652131800000002 -0.33119761939999998 -0.32219535110000003 -0.31054803730000002 -0.3033115864 -0.29482868309999999 -0.28536754850000001 -0.27764773370000001 -0.26754242179999999 -0.25752565259999999 -0.24599315229999999 -0.24040594700000001 -0.22904694079999999 -0.22174343469999999 -0.21229678390000001 -0.20463892819999999 -0.1971488595 -0.18783366679999999 -0.1748537272 -0.16755798459999999 -0.15647248920000001 -0.14479395749999999 -0.1360490322 -0.12849280239999999 -0.1157011241 -0.107507214 -0.10069015620000001 -0.094654068349999995 -0.086979925629999996 -0.079431772230000003 -0.068150810899999997 -0.042583219710000002 -0.034963086249999997 -0.02592889592 -0.020740713920000001 -0.0085213342680000009 0.001729819225 0.014155758540000001 0.02501972765 0.036480896169999999 0.045496113599999999 0.05602946877 0.066329881549999997 0.078649133440000005 0.089592583480000001 0.09605257213 0.1036391556 0.1120922491 0.1211419851 0.12869030240000001 0.1381525844 0.1523250639 0.16276028749999999 0.17467866839999999 0.18672871590000001 0.20230008660000001 0.21676006910000001 0.22315764430000001 0.231851846 0.2416378558 0.24976426360000001 0.25897532699999998 0.27140951159999999 0.28170216079999999 0.29209113120000002 0.3026590347 0.3174988031 0.32847660779999999 0.33585971590000002 0.35074707869999999 0.36067441109999998 0.36959904430000001 0.37729430200000003 0.38708990809999999 0.39383935930000002 0.40495979789999997 0.41853940490000002 0.43095645310000003 0.44387125970000002 0.4558147192 0.46558362250000002 0.47725909950000001 0.49085077640000002 0.50404524799999995 0.51475608350000002 0.5290625095 0.53589010240000001 0.54395031930000004 0.55837130550000003 0.57034695150000003 0.58414781090000001 0.59335756299999998 0.60749405619999997 0.61774468419999995 0.63320970539999999 0.6474300623 0.6602172852 0.6783447266 0.68478232620000001 0.69591093059999998 0.70668768879999999 0.71925961969999996 0.73322886229999995 0.74791073799999996 0.76352059839999997 0.78071224689999996 0.79057836530000003 0.80293381210000003 0.81500327589999999 0.82907754180000004 0.84365677829999997 0.85451734069999996 0.86562597750000003 0.8871911764 0.90011125800000003 0.91291368009999996 0.93188738820000006 0.94542706009999999 0.95403575900000004 0.97495996949999997 0.98887729639999999 1.0089445109999999 1.0224301819999999 1.0376329419999999 1.0569758419999999 1.073661089 1.0988880400000001 1.1221643690000001 1.1410864590000001 1.160847902 1.1775809530000001 1.1996675729999999 1.2209694390000001 1.254004836 1.276003599 1.312110066 1.327366829 1.3513205049999999 1.372310162 1.4172630310000001 1.4475512500000001 1.4790062900000001 1.511986971 1.536761284 1.564738274 1.601638079 1.643512249 1.689271212 1.7316341399999999 1.8039796349999999 1.853018761 1.9171943659999999 1.9901560540000001 2.0744242669999999 2.1805005070000001 2.3574194909999999 2.630209684
borders 8 254 -2.5673170089999999 -2.3814616200000001 -2.26520586 -2.148043871 -2.0785973069999999 -1.99012506 -1.8972992900000001 -1.846768856 -1.7843148710000001 -1.740594864 -1.709112406 -1.6636927130000001 -1.6259506939999999 -1.574765682 -1.5381901259999999 -1.511291862 -1.4798421859999999 -1.4435687070000001 -1.4126541610000001 -1.3844151499999999 -1.3572993280000001 -1.3390052320000001 -1.31633544 -1.2935674189999999 -1.272680402 -1.251382709 -1.2263581750000001 -1.2112014289999999 -1.1883461479999999 -1.1637252570000001 -1.1442832949999999 -1.1240177149999999 -1.1014411449999999 -1.083176613 -1.066130638 -1.046077728 -1.0319446329999999 -1.011773348 -1.0000808240000001 -0.97967398169999997 -0.96391093729999999 -0.94850766659999997 -0.93242746590000003 -0.91673529149999999 -0.89863884449999998 -0.88414460419999996 -0.86277532580000005 -0.85239177939999999 -0.838609457 -0.82177668810000004 -0.80319583419999996 -0.79509371520000005 -0.78253406290000005 -0.77185344700000003 -0.75667011740000001 -0.74757015709999997 -0.73724454640000003 -0.7237179279 -0.71222400669999997 -0.70239645240000004 -0.68808686730000002 -0.67712783809999999 -0.6652718782 -0.64699000120000005 -0.63377106189999999 -0.62366330619999999 -0.61270964149999996 -0.60296070580000005 -0.59510004520000004 -0.58515441420000003 -0.57337403300000001 -0.56337648630000003 -0.55050480369999999 -0.53706085680000004 -0.53130120039999995 -0.51985657220000003 -0.50731611249999997 -0.49575251339999998 -0.48658519979999998 -0.47046789529999999 -0.4580487311 -0.44474139810000002 -0.436975956 -0.42508560420000002 -0.41472375389999999 -0.4058519304 -0.39585918190000002 -0.38929396869999999 -0.38105177880000002 -0.36405512690000003 -0.35482025150000002 -0.34206849340000001 -0.32863408329999999 -0.3163981736 -0.30693969129999998 -0.29869180919999999 -0.29329338669999999 -0.28469026089999999 -0.27406007049999997 -0.26980662350000001 -0.26028430460000002 -0.2469881475 -0.23493140940000001 -0.22598826890000001 -0.21161556240000001 -0.20425264539999999 -0.1957139373 -0.18735776840000001 -0.17674830559999999 -0.16528084870000001 -0.15720805530000001 -0.14834709469999999 -0.14115309719999999 -0.131369561 -0.1212842017 -0.10901625450000001 -0.1008179635 -0.08759006858 -0.079458907250000002 -0.069000363349999996 -0.062774822120000004 -0.052001111209999999 -0.044263690709999998 -0.031476404520000001 -0.020577985789999999 -0.0060019865629999999 0.0084303971379999995 0.023672938349999999 0.045134048910000002 0.05494534224 0.064709901809999998 0.076468542220000005 0.086679138239999995 0.095264963810000006 0.10609550769999999 0.1168878824 0.12512587010000001 0.14067678149999999 0.15167638659999999 0.1633165479 0.17039763929999999 0.17984576520000001 0.1911843419 0.20104248820000001 0.2103607059 0.21726873520000001 0.2265615761 0.2350527644 0.2438756078 0.25181272630000001 0.26379829649999997 0.27468025680000002 0.28758883480000003 0.29914474489999998 0.31180086730000001 0.31844556330000001 0.32942700390000001 0.34180626269999997 0.34872922299999998 0.3556277752 0.36828660959999998 0.37900653480000002 0.38731354480000002 0.39556986090000001 0.40771323440000001 0.41684636470000003 0.42760103939999999 0.43522444370000002 0.4455385208 0.45410490040000001 0.46873873469999999 0.48576378819999999 0.49314969780000001 0.5037728548 0.51286280159999997 0.52083420749999998 0.53600394730000001 0.54816758629999995 0.55911839009999997 0.57373857500000003 0.5866481066 0.5973465443 0.60586273670000002 0.6139857769 0.62235361339999995 0.63536965850000005 0.64420104030000003 0.66255259509999997 0.67387521269999995 0.68784105780000004 0.69458925719999998 0.7060494423 0.71894323829999995 0.73193061349999999 0.74649977680000001 0.75915765759999998 0.77698248619999999 0.79939502480000002 0.81232535839999997 0.82965415720000002 0.83506250380000002 0.84237623210000001 0.85916376110000003 0.86927616600000002 0.88341391089999999 0.89899629349999999 0.91347420219999997 0.93047463890000004 0.94509577749999996 0.95919054749999999 0.97417545319999999 0.989643991 1.0039720539999999 1.025746703 1.0410718919999999 1.0543590780000001 1.0662527079999999 1.0855312349999999 1.1043751239999999 1.116048098 1.128069639 1.157470703 1.179074883 1.193840027 1.206127167 1.22490418 1.2446327210000001 1.2575175759999999 1.2757141590000001 1.2891359330000001 1.3175179960000001 1.3497021199999999 1.372997284 1.40701437 1.4349572660000001 1.45775795 1.470358372 1.5097377300000001 1.5259547229999999 1.5571868419999999 1.602875233 1.6309773919999999 1.658891559 1.710800409 1.766330242 1.808970213 1.8626013990000001 1.918324709 1.9760360720000001 2.0532777310000001 2.170651436 2.3271617889999998 2.574088573 2.8579680920000001
borders 9 254 -2.758876801 -2.4780826569999999 -2.320219517 -2.1898205279999998 -2.0838589669999998 -2.0057892800000001 -1.9496808050000001 -1.8906719679999999 -1.8493175509999999 -1.7933781150000001 -1.7599748369999999 -1.7249122859999999 -1.680165052 -1.6422344449999999 -1.6015000340000001 -1.5646053550000001 -1.533929348 -1.489793181 -1.463678598 -1.424186468 -1.408070683 -1.387698412 -1.366527319 -1.344701886 -1.327539206 -1.3085269930000001 -1.2812941069999999 -1.25391221 -1.2232038970000001 -1.1987159249999999 -1.1810774799999999 -1.1639691590000001 -1.1434222460000001 -1.1335564849999999 -1.110576153 -1.0926183460000001 -1.0710847379999999 -1.0472991469999999 -1.0321140289999999 -1.0210018160000001 -1.0094616409999999 -0.98764395709999997 -0.97252154349999997 -0.96123808619999995 -0.94738304620000002 -0.93461650610000002 -0.92510563140000002 -0.90787029269999997 -0.89478099349999995 -0.88168346880000004 -0.8683694005 -0.85582315919999996 -0.84512889390000001 -0.83700829740000005 -0.82365894319999999 -0.80944430830000003 -0.79782462119999997 -0.78770548110000005 -0.77441537380000003 -0.75989544389999997 -0.74868923430000001 -0.73620450500000001 -0.72803932429999996 -0.71384489539999996 -0.7010136843 -0.68803822989999996 -0.67632496360000005 -0.66422724720000004 -0.65478265290000004 -0.64535868169999999 -0.63329905269999998 -0.61825203900000003 -0.60908687110000004 -0.59897983070000005 -0.58883094790000001 -0.57509040830000002 -0.56455737350000001 -0.55645602940000005 -0.54360961910000005 -0.53175067899999995 -0.51976257560000005 -0.51315963269999998 -0.50578767059999996 -0.49690103530000002 -0.48921385410000001 -0.47714996339999999 -0.46944400670000003 -0.45804274080000001 -0.44930970669999998 -0.43514871599999999 -0.425201416 -0.41160708670000001 -0.39648038149999998 -0.37927794460000003 -0.36869555710000002 -0.35877156259999998 -0.34708321089999999 -0.33405512570000001 -0.32125073669999998 -0.31334209439999999 -0.3021127582 -0.29358160500000002 -0.28604406119999998 -0.27043747899999998 -0.25442421440000001 -0.2452675104 -0.2279075086 -0.21489340069999999 -0.19958274070000001 -0.1859526038 -0.17268483339999999 -0.16284549240000001 -0.14870825409999999 -0.1385527849 -0.13118171689999999 -0.1219829395 -0.1133317798 -0.1070994437 -0.097464486959999999 -0.089310631160000001 -0.079696781930000002 -0.06558133662 -0.054519139229999999 -0.046157248319999997 -0.03722456843 -0.02063060924 -0.006468518637 0.0087590403849999998 0.024873506279999999 0.033633612100000002 0.039831951259999998 0.049484834069999997 0.061302203690000001 0.068493306640000001 0.078594759109999995 0.092058882120000005 0.101474151 0.1098253578 0.1222278178 0.13246610759999999 0.14591301979999999 0.15234681959999999 0.16325324769999999 0.1729760766 0.1777556837 0.1857407391 0.19551831480000001 0.2054473758 0.2169179618 0.2274500877 0.2392845005 0.24816301469999999 0.25492227080000002 0.26531678440000001 0.27844268080000001 0.29210197929999998 0.30168944599999997 0.31139236689999999 0.32547509670000002 0.33674842119999998 0.34984624390000002 0.36436426640000003 0.37623101469999998 0.38876414300000001 0.40224111080000002 0.41220575570000001 0.42560315129999998 0.43837857250000001 0.45050722360000001 0.45914736389999999 0.46986311670000003 0.48194646839999999 0.49030092359999999 0.50130856040000005 0.51166927809999996 0.52240616080000002 0.53878796100000004 0.55284684900000003 0.56444239620000003 0.57253491879999996 0.58471310139999999 0.59555804729999995 0.60761141780000005 0.61290776729999996 0.62290948629999998 0.63343387839999998 0.64412647489999997 0.6594004631 0.67088162900000003 0.68406689170000001 0.69391232729999996 0.70698535439999999 0.71484553809999996 0.73051238060000001 0.73931026460000004 0.7538765073 0.76377677919999998 0.7776255608 0.78559744359999995 0.79939037560000004 0.80766522880000002 0.81908714770000002 0.8347914219 0.84515106679999996 0.85559928419999998 0.86489838360000004 0.87756341699999996 0.89212107659999995 0.91496664289999996 0.92243725060000004 0.93264532089999996 0.95831632609999995 0.97613406179999995 0.99677085880000005 1.0140733719999999 1.0271728040000001 1.039826989 1.0596058370000001 1.0849469899999999 1.100610614 1.113953352 1.1288608309999999 1.145451665 1.171108007 1.1906831259999999 1.2097177509999999 1.2345550059999999 1.2593049999999999 1.2790217399999999 1.293009758 1.3257548809999999 1.34300065 1.36895597 1.401148558 1.429669619 1.467125893 1.4914062020000001 1.51564312 1.5379164219999999 1.562449336 1.587771177 1.610018969 1.657266736 1.693030357 1.7499309780000001 1.7984268670000001 1.8501935009999999 1.9026499990000001 1.994699955 2.0709824559999999 2.134729385 2.25023222 2.3623507020000001 2.6291511060000001
borders 10 254 -2.6446194649999999 -2.3589396479999998 -2.258770943 -2.1320848460000001 -2.0001828669999999 -1.9585605859999999 -1.889372587 -1.821212649 -1.782249212 -1.7216678860000001 -1.679177046 -1.6433682439999999 -1.6058548690000001 -1.564029455 -1.537751675 -1.501003265 -1.469846964 -1.436921597 -1.4119225740000001 -1.373092175 -1.357864738 -1.3330544230000001 -1.3142249580000001 -1.286726952 -1.2677583690000001 -1.2501094340000001 -1.231052399 -1.209548235 -1.1945674420000001 -1.176557064 -1.1569125650000001 -1.135306835 -1.1179167029999999 -1.093685389 -1.0774999860000001 -1.060806036 -1.045612097 -1.027929187 -1.0167937279999999 -0.99259060619999995 -0.97891366479999997 -0.95860481259999997 -0.94701516630000004 -0.93257552389999998 -0.9239358902 -0.90615683790000001 -0.89062678809999996 -0.87364774940000001 -0.86165010929999997 -0.84731924530000002 -0.82844436170000002 -0.81467270849999995 -0.79687809939999998 -0.77805078029999997 -0.76261937619999998 -0.74452412130000001 -0.73071992399999997 -0.71849823000000002 -0.69969034190000001 -0.68832933900000004 -0.67056339980000002 -0.66225147250000005 -0.64242208000000001 -0.63336735960000001 -0.62131798270000005 -0.61084651950000002 -0.60032212730000001 -0.59047096970000001 -0.58249425889999995 -0.5717916489 -0.56333637240000001 -0.54992735390000003 -0.53741592169999997 -0.52859401699999997 -0.51445662979999995 -0.50267684459999995 -0.49189299349999999 -0.4812185168 -0.47293630240000001 -0.46411383150000002 -0.45405155419999998 -0.4425191879 -0.43487703799999999 -0.42413562539999999 -0.41229635479999999 -0.40090101960000002 -0.39205202459999999 -0.37780404090000003 -0.36542886499999999 -0.35757756229999998 -0.34742784500000001 -0.3401225209 -0.32804125550000002 -0.31757938860000001 -0.30793148279999999 -0.2973110974 -0.288925916 -0.2780448794 -0.26661264899999998 -0.25807949899999999 -0.25113350150000002 -0.2381448746 -0.2310033739 -0.22020563479999999 -0.2065566033 -0.19537790120000001 -0.1847797632 -0.17386704680000001 -0.16798424719999999 -0.15404672920000001 -0.1434714198 -0.13776752349999999 -0.1300220788 -0.12020700419999999 -0.1145926788 -0.1083230972 -0.098491616549999994 -0.090416483579999998 -0.080776065590000001 -0.073476895690000002 -0.06536950171 -0.055358640850000002 -0.043708186599999997 -0.035060912370000002 -0.025990827009999998 -0.01505098864 -0.0066694123670000003 0.001799725462 0.024812147020000001 0.035105004910000001 0.046117976310000003 0.055881746109999998 0.06843844801 0.081452555950000005 0.087033279239999997 0.098514251410000003 0.1077115312 0.1147219315 0.12630836670000001 0.13657999039999999 0.14846283199999999 0.16109073160000001 0.16836732630000001 0.17863303420000001 0.18567076330000001 0.19237567480000001 0.20367939769999999 0.21411712469999999 0.22241914269999999 0.2304473668 0.23689824340000001 0.24593091010000001 0.25288796419999998 0.26424244050000001 0.27380135659999999 0.28020513060000002 0.29408073429999998 0.30271115900000001 0.31447887419999998 0.32648620010000001 0.33756756780000002 0.3474456668 0.3576111495 0.36812126639999998 0.38057559730000001 0.39271870260000002 0.40191930529999997 0.41260352729999999 0.4211988747 0.43123114109999999 0.44295793770000003 0.45292973520000002 0.46455785630000002 0.4791775942 0.4954941571 0.50901520249999999 0.51640439029999996 0.52761864660000002 0.53993403910000004 0.55380254979999999 0.56643962859999997 0.58331251139999996 0.5949217081 0.60298013689999996 0.61657607560000005 0.62466305489999996 0.63493978979999999 0.64831084009999995 0.65721261500000006 0.66829919820000006 0.68024551870000005 0.69546920059999995 0.71235728259999997 0.72466510529999995 0.73464143280000005 0.74512052539999996 0.75599247219999999 0.77085340020000004 0.78480041030000003 0.79965066910000004 0.80672824379999997 0.82365012169999996 0.83948981759999997 0.85072040559999995 0.8699476719 0.87680435180000005 0.89108508829999999 0.90396499630000005 0.91846740250000003 0.93002420659999996 0.94892060759999997 0.96540147070000004 0.9914938807 1.004979372 1.020180702 1.031262994 1.0450477600000001 1.060896635 1.071691036 1.0847480300000001 1.103137732 1.122415543 1.1383306980000001 1.1553933620000001 1.181716204 1.1981871129999999 1.216103911 1.235591173 1.2569794649999999 1.277432919 1.297798395 1.319830418 1.340444803 1.3591892720000001 1.389229059 1.4141914840000001 1.4516365529999999 1.464637518 1.5026607510000001 1.5205243829999999 1.561012268 1.6039595600000001 1.6431962250000001 1.677282333 1.72209692 1.7707494500000001 1.8216090199999999 1.892895937 1.9752337929999999 2.0336532589999998 2.1406073569999999 2.2669653890000001 2.3788046839999999 2.595769405
borders 11 254 -2.8314056399999998 -2.4715750220000001 -2.33285141 -2.2041625979999999 -2.1048703190000002 -2.0287964340000002 -1.9608523849999999 -1.912467718 -1.856528044 -1.8188654179999999 -1.7615922690000001 -1.7226396799999999 -1.678122044 -1.640766025 -1.590142012 -1.5465204720000001 -1.509117365 -1.4859399799999999 -1.4622447489999999 -1.432286739 -1.4155473709999999 -1.3937587739999999 -1.3682701589999999 -1.339616776 -1.319917679 -1.300574541 -1.2689094540000001 -1.2402858729999999 -1.2158963679999999 -1.202630997 -1.186603069 -1.168563008 -1.152928948 -1.127549052 -1.1031153199999999 -1.0822590590000001 -1.071127892 -1.0564472680000001 -1.040136814 -1.0223934649999999 -1.009706736 -0.99086534979999996 -0.97581040860000001 -0.95626676079999995 -0.94588494300000003 -0.92346000669999995 -0.901907444 -0.88977932930000003 -0.87786018850000003 -0.86438119410000003 -0.84871143100000002 -0.83189058299999996 -0.81496870519999998 -0.80555957560000002 -0.78908765319999996 -0.77785730360000005 -0.75718057159999996 -0.73646163939999998 -0.7213892341 -0.70143502950000003 -0.68956196309999995 -0.67608743910000002 -0.66200876239999995 -0.64803540709999996 -0.6318536401 -0.61979222300000003 -0.60601115230000002 -0.58962845799999997 -0.58029872179999997 -0.57304108139999999 -0.56213414669999995 -0.54332840439999996 -0.53132975100000002 -0.51977908610000001 -0.50928902629999995 -0.49962633849999999 -0.48603153230000001 -0.47661387919999998 -0.46860069040000002 -0.45914882420000003 -0.44876563549999998 -0.43750530479999999 -0.42550289629999999 -0.41400095819999999 -0.406275779 -0.39673018459999998 -0.38739138839999998 -0.37814298270000002 -0.3680538237 -0.35488912459999999 -0.34567213060000002 -0.33225220439999997 -0.32298451659999999 -0.30805483459999999 -0.29456150530000003 -0.28522941470000002 -0.27387160059999999 -0.26477682590000001 -0.25554609299999997 -0.24331015349999999 -0.23197367790000001 -0.22201833130000001 -0.2142550647 -0.20691737530000001 -0.19578672950000001 -0.1862436086 -0.17951817810000001 -0.16812989119999999 -0.15450793500000001 -0.1419020295 -0.13202005620000001 -0.12324556709999999 -0.1132462248 -0.1046340615 -0.091909140350000001 -0.077752918000000004 -0.073141008620000003 -0.063488066199999998 -0.052763722839999999 -0.045534819359999999 -0.035124968739999998 -0.027503160759999999 -0.01706650853 -0.0060103768479999996 0.0063071344050000004 0.01613478921 0.025923427190000001 0.036232344809999997 0.049409434199999998 0.060105256740000002 0.070279814299999993 0.075792521239999994 0.085245057939999994 0.097341686489999996 0.1065565646 0.1180876791 0.12780870499999999 0.1345965415 0.14353118840000001 0.1516437531 0.1596798599 0.1702484339 0.18242260809999999 0.18941366670000001 0.19827108090000001 0.20977339149999999 0.2251622975 0.23700091240000001 0.24863794450000001 0.25830703970000002 0.26686614749999998 0.27697885039999998 0.28589409589999998 0.29505127669999998 0.3088531196 0.32036086920000001 0.33171001080000001 0.34362974759999998 0.34999120239999998 0.36340683699999998 0.3732205629 0.38317555190000002 0.39438331129999998 0.4027317762 0.41254177689999999 0.42150777579999998 0.42749041319999997 0.43643617629999998 0.44500285389999999 0.45464402440000001 0.46345078950000002 0.47391074900000002 0.48574393989999998 0.49755907059999999 0.51177060600000002 0.52283781770000004 0.52808123829999998 0.53931522369999996 0.55218112470000003 0.56827819349999997 0.57698607440000005 0.58565711980000001 0.59803128240000003 0.61100196839999998 0.62115722890000002 0.63655936719999995 0.64776748419999997 0.66766619679999994 0.67881882189999998 0.68800759320000004 0.69800865649999999 0.71129798889999996 0.72682762150000002 0.73656469579999995 0.74628460409999997 0.75428092479999997 0.76345849040000002 0.76958572859999996 0.77956897020000004 0.78987157340000003 0.80574929709999998 0.81927043200000005 0.83605194090000001 0.84904289249999998 0.85954666140000002 0.87212234740000005 0.89221918580000004 0.90787887570000003 0.93053078649999998 0.94587773080000004 0.95480066539999997 0.98119699950000006 0.99741685390000001 1.012775779 1.0264070030000001 1.0428974630000001 1.062061548 1.076399565 1.0959414240000001 1.114373922 1.1345127820000001 1.1551163200000001 1.1759490969999999 1.207995296 1.222622871 1.2455379959999999 1.2664320469999999 1.2814817430000001 1.3136016129999999 1.335843444 1.368222475 1.3917694089999999 1.416583538 1.449608445 1.468147635 1.496003985 1.513929367 1.5385851859999999 1.5617246629999999 1.5884470939999999 1.6172633169999999 1.6548212769999999 1.690823913 1.732264757 1.7629319429999999 1.7939026360000001 1.844827652 1.9219660759999999 1.997864962 2.0820207599999998 2.2090034479999998 2.3184089659999998 2.4612703319999998 2.6813011169999998
borders 12 254 -2.6837170119999998 -2.380865574 -2.270571232 -2.1358149050000002 -2.0532369610000001 -1.9905704259999999 -1.9006677869999999 -1.851026893 -1.8116116520000001 -1.7694578169999999 -1.710099697 -1.670462847 -1.63036263 -1.587777972 -1.5387974980000001 -1.4952940939999999 -1.461358309 -1.4412539010000001 -1.4233174319999999 -1.393527865 -1.3691382409999999 -1.3349787 -1.301874161 -1.28664577 -1.2646546359999999 -1.248299837 -1.237480044 -1.2197139260000001 -1.1996343140000001 -1.1828529830000001 -1.168874502 -1.1466473340000001 -1.1228708030000001 -1.1115264890000001 -1.099520445 -1.0859446530000001 -1.0638389589999999 -1.0467796330000001 -1.0295850040000001 -1.0129642489999999 -0.9962188005 -0.98372185229999998 -0.97090595960000003 -0.95974099639999999 -0.94821012019999995 -0.92624235150000001 -0.91086006159999999 -0.89401125910000001 -0.88439905640000005 -0.87180769440000005 -0.85929596419999998 -0.84740567209999995 -0.83680570129999998 -0.82501226660000004 -0.81326246260000001 -0.80049258469999995 -0.78246462350000001 -0.76685446499999999 -0.75711029770000005 -0.74545091389999996 -0.73250460620000002 -0.72172009940000004 -0.7125455141 -0.69659447669999996 -0.69062733649999997 -0.67551994319999997 -0.66135597229999998 -0.65367996689999996 -0.64179015159999997 -0.62925648690000002 -0.62290155889999999 -0.60648876429999998 -0.59357964990000001 -0.58314687009999999 -0.57298231119999998 -0.55644607540000002 -0.54313695429999997 -0.52874970440000002 -0.51385462280000005 -0.50226008889999996 -0.4899887443 -0.48070657249999998 -0.46997937560000003 -0.45786190030000001 -0.44699916239999998 -0.4355150163 -0.42580795290000001 -0.4110406935 -0.40004917979999999 -0.38830590250000002 -0.3774715662 -0.3692498803 -0.35685014720000002 -0.3498889208 -0.34007757900000002 -0.3310396075 -0.31912937759999999 -0.30406868460000003 -0.29687300319999999 -0.28354847430000002 -0.27512079480000001 -0.26653993129999998 -0.2585653067 -0.24865126609999999 -0.24166196579999999 -0.2299548984 -0.2186441123 -0.2076512277 -0.20043388009999999 -0.19085961579999999 -0.1815142632 -0.17120602730000001 -0.1596933901 -0.1412785798 -0.1270475388 -0.1146743596 -0.10158068689999999 -0.088956877589999997 -0.079882696269999998 -0.069856904450000007 -0.063870176670000001 -0.053989432750000003 -0.039616823199999998 -0.026342928410000001 -0.01618206128 -0.0097342208029999999 0.0020857420749999999 0.01040692534 0.030872806910000002 0.03877769038 0.050471916790000002 0.059055816380000001 0.071186050769999995 0.079419448970000001 0.089129105210000004 0.1042920053 0.1125721484 0.12600351870000001 0.13183726370000001 0.14167162780000001 0.15222123269999999 0.15915307400000001 0.16945970060000001 0.18670096990000001 0.19265982509999999 0.20357665420000001 0.2102985084 0.2218125165 0.23529043790000001 0.24556919930000001 0.25956532360000001 0.26877415180000003 0.28107410669999999 0.29323923590000001 0.30993109940000002 0.31875067950000002 0.3265015483 0.33950906990000002 0.345300734 0.35166171190000001 0.36132517460000002 0.37622719999999998 0.38596624140000002 0.3981541395 0.40615755320000002 0.4192348421 0.4289366007 0.44137936830000002 0.45646071430000001 0.46894937749999999 0.47920167450000001 0.48542761800000001 0.49418473239999999 0.5050824881 0.51194882389999996 0.51657795910000004 0.52297472950000001 0.53446179630000001 0.54424619669999996 0.5543076992 0.56566756959999998 0.5767799616 0.58563029769999997 0.59347665309999997 0.6054551601 0.61991029980000001 0.63254117970000001 0.6474843025 0.66677725320000003 0.67828452589999999 0.69824755189999999 0.70789670940000005 0.71952974800000002 0.73446404929999998 0.74335873129999996 0.75305080410000003 0.76835250850000003 0.78074043989999997 0.79542779919999995 0.8145827055 0.82391428950000001 0.83404958250000005 0.84594154359999996 0.85799348350000004 0.8729820251 0.88669711350000002 0.89957189559999995 0.91958630080000003 0.93530017139999999 0.94943279030000005 0.96539807320000004 0.97720456119999999 0.99025416369999997 1.0037341120000001 1.015911579 1.032666445 1.0486812590000001 1.0664069650000001 1.0795624260000001 1.09840703 1.1227252480000001 1.139264107 1.1593979599999999 1.174432039 1.19491148 1.2115026710000001 1.2342256309999999 1.2587507959999999 1.274780512 1.3024158480000001 1.3196312189999999 1.3425109390000001 1.369363785 1.3938615320000001 1.42556119 1.4490821359999999 1.4706044199999999 1.5077276230000001 1.534874678 1.565487504 1.5922949310000001 1.6229948999999999 1.655293822 1.7092477079999999 1.778295279 1.844685197 1.9078919889999999 1.9742383960000001 2.0415258409999999 2.1018099779999999 2.1672563550000001 2.3068282600000001 2.4296691419999998 2.6090941430000001
borders 13 254 -2.6523098950000001 -2.4602212909999999 -2.1837964059999999 -2.0483016969999999 -1.937409401 -1.8922669889999999 -1.8532462119999999 -1.79047668 -1.737206697 -1.7168216709999999 -1.6621115209999999 -1.632445216 -1.6026320460000001 -1.5558149809999999 -1.527486801 -1.498908162 -1.4729416369999999 -1.4420448539999999 -1.409717321 -1.38155508 -1.363868952 -1.338984728 -1.3200104239999999 -1.28693068 -1.2642421720000001 -1.2468733789999999 -1.2209041119999999 -1.207756281 -1.193400145 -1.1662163729999999 -1.145939112 -1.1236679549999999 -1.107905865 -1.094143152 -1.076295614 -1.0599234099999999 -1.0402524470000001 -1.027202129 -1.009525657 -0.98790174720000001 -0.97779196499999999 -0.96109259130000002 -0.94426929950000005 -0.9275331497 -0.91631591320000005 -0.90304744240000001 -0.88949990270000001 -0.87481474879999999 -0.85778093339999995 -0.83841121200000002 -0.82733511920000002 -0.81675899029999999 -0.80124902730000003 -0.78221964840000002 -0.76956939700000004 -0.75487661360000002 -0.74027234320000002 -0.72703135009999997 -0.71812391279999999 -0.70115554329999996 -0.6850767136 -0.67139381170000001 -0.65910446639999998 -0.65109539029999997 -0.64128816129999999 -0.62883710859999997 -0.61795663830000003 -0.60853421689999998 -0.59674483540000001 -0.58935439590000005 -0.57825124260000005 -0.56668424610000001 -0.55475175379999997 -0.54292893409999998 -0.53372752670000001 -0.51979148389999996 -0.51247549059999997 -0.50127005579999995 -0.48703628780000002 -0.47535485030000002 -0.45838442439999999 -0.4471469522 -0.43599987029999998 -0.42603421209999998 -0.41472131010000002 -0.39870584009999999 -0.38764643669999999 -0.37281501290000002 -0.36337476969999999 -0.35400342940000001 -0.33947879079999999 -0.32658505440000002 -0.31777822970000003 -0.3099851012 -0.29908427599999998 -0.2876051664 -0.27824902530000001 -0.26888695359999998 -0.25741082430000001 -0.25142270329999999 -0.24169424179999999 -0.23507249359999999 -0.2239051759 -0.2129568309 -0.20514410729999999 -0.19764938949999999 -0.18823289870000001 -0.1785287559 -0.16883799429999999 -0.16005152459999999 -0.15052859490000001 -0.13599905370000001 -0.13064980509999999 -0.1222129986 -0.1157517582 -0.1052743942 -0.096385180949999996 -0.090559139849999998 -0.078097611669999997 -0.06186273322 -0.052649326619999999 -0.045434355740000001 -0.036159783600000002 -0.024189224469999999 -0.01247644518 -0.0045503927390000004 0.004901827779 0.01618020609 0.03688958287 0.047045633199999999 0.061997488140000001 0.073660604660000004 0.084019154309999997 0.093908846379999994 0.1048882157 0.1120236516 0.12170584499999999 0.13386200370000001 0.1481155753 0.1575927436 0.16787764429999999 0.17376345400000001 0.18605443839999999 0.19722187520000001 0.20453083520000001 0.21584160629999999 0.22530397769999999 0.23969799280000001 0.25776112080000002 0.26911288500000002 0.28006580469999998 0.29056787490000002 0.2977106571 0.30922687049999997 0.32223010060000001 0.333393991 0.33936929700000001 0.34784781930000003 0.358009994 0.3665381372 0.37536942960000003 0.38602840900000002 0.398535639 0.4065454006 0.41955161089999998 0.42882567640000002 0.44052493570000001 0.4518293142 0.4607777596 0.46988114710000001 0.47407159209999999 0.48420312999999998 0.49345886709999998 0.50662541390000004 0.51913547520000003 0.53027474880000003 0.54138445850000005 0.55225861070000004 0.56042653320000002 0.571827054 0.58376681799999997 0.5962576866 0.60948377850000002 0.61584007740000002 0.62644928690000001 0.64037120339999998 0.65304952859999998 0.66223812100000001 0.67425030470000002 0.68036532400000005 0.69123411180000005 0.70327693219999998 0.71695756909999997 0.7322217822 0.74221444130000003 0.7529891729 0.76551282409999999 0.77519285680000005 0.78884196279999996 0.79949522019999997 0.81435590980000006 0.82454591990000003 0.84322363140000001 0.86180925370000006 0.87603300809999995 0.89423537249999996 0.90552687639999996 0.91539931299999999 0.92715567350000005 0.94140315060000002 0.95423144100000001 0.96906793120000001 0.98732852940000004 1.001228571 1.0142996310000001 1.036876082 1.0546717640000001 1.0695275070000001 1.085786581 1.091764569 1.1048039199999999 1.118415833 1.1307736639999999 1.149992943 1.1784715649999999 1.1973017450000001 1.21841836 1.232163906 1.2470990420000001 1.267645836 1.2820897099999999 1.308592558 1.3338510990000001 1.356490612 1.3861393930000001 1.4144353869999999 1.445957422 1.4665287730000001 1.495558977 1.51941514 1.544624805 1.589489937 1.65399611 1.685498476 1.7374498840000001 1.7999014849999999 1.8450450899999999 1.890864372 1.951261044 2.0312895769999999 2.1121895309999998 2.2163500790000001 2.41869545 2.6087946890000002
borders 14 254 -2.5132808689999999 -2.3712782859999999 -2.2147274019999998 -2.1308574679999999 -2.0334396360000002 -1.956782818 -1.9009101390000001 -1.8588683610000001 -1.79771781 -1.753247738 -1.691221952 -1.664668083 -1.6329562660000001 -1.59649241 -1.5693675279999999 -1.545893908 -1.512194037 -1.4805294280000001 -1.45013988 -1.4196475740000001 -1.390761852 -1.366787076 -1.334924698 -1.3102406259999999 -1.2910400630000001 -1.259076834 -1.241810799 -1.213752508 -1.1933642630000001 -1.1790535449999999 -1.1587965490000001 -1.1392314429999999 -1.1202694179999999 -1.0966670510000001 -1.080514073 -1.0663704869999999 -1.0499957799999999 -1.0370842220000001 -1.012079358 -0.998380661 -0.97087740899999997 -0.96058994529999997 -0.94965034719999997 -0.93360900879999997 -0.92259836200000001 -0.91584253309999997 -0.90331989530000001 -0.89376103880000002 -0.8790448904 -0.86776149270000003 -0.85812157389999999 -0.843313694 -0.82592266800000003 -0.81119143959999995 -0.80081683400000003 -0.78261494639999996 -0.77113306520000002 -0.75830107930000001 -0.74049443010000005 -0.73135292529999996 -0.71355032920000006 -0.70566725730000002 -0.69559371469999998 -0.68429195880000004 -0.67492914199999998 -0.65993833540000002 -0.64931130410000004 -0.63138115409999995 -0.62316024299999995 -0.61227202420000004 -0.59683334830000001 -0.58230686190000003 -0.56912529469999995 -0.5572834015 -0.54507428410000003 -0.53339505200000004 -0.5223155022 -0.50620460509999998 -0.49195116760000002 -0.47984874249999998 -0.46974968909999998 -0.45778459310000003 -0.45002439620000001 -0.43853315710000002 -0.42584803700000001 -0.41244691610000001 -0.4011255205 -0.39082199340000001 -0.37930405140000001 -0.37220656870000002 -0.36136889459999999 -0.3519386947 -0.33950757980000001 -0.32424873110000002 -0.31216931339999998 -0.30013483759999998 -0.29141366480000003 -0.28020939230000003 -0.26914477349999999 -0.25994229320000001 -0.25047361849999999 -0.24075061079999999 -0.22610563040000001 -0.21301293369999999 -0.2004792094 -0.19095446169999999 -0.17834374310000001 -0.17220950130000001 -0.161673978 -0.15089948480000001 -0.14203271270000001 -0.1367228627 -0.1289138198 -0.117699489 -0.1120392829 -0.10319177810000001 -0.095817856490000006 -0.082320824269999995 -0.069923430679999996 -0.05899725854 -0.048849046229999998 -0.040657348929999997 -0.033012632280000002 -0.02457913384 -0.0130741382 -0.0036238897589999999 0.0061811055059999998 0.014666272330000001 0.034620583060000001 0.04404661059 0.056877918540000003 0.069712251419999996 0.080642834309999994 0.091076403860000002 0.10272373999999999 0.113776952 0.1214552671 0.12968379259999999 0.1377169043 0.14994859699999999 0.1628385782 0.1724823415 0.18433195350000001 0.19429019089999999 0.2019593418 0.21433165670000001 0.2213413417 0.22859999540000001 0.2358663678 0.24491094050000001 0.25460591910000002 0.2636449635 0.27413442729999998 0.28362637759999998 0.29457437990000002 0.30615752940000002 0.3173571825 0.32382261750000002 0.3352419734 0.34348493810000003 0.35226333139999999 0.36206981539999999 0.3713081479 0.38006836179999998 0.39704859260000003 0.4028909504 0.41176742319999998 0.42163577679999997 0.43361121419999998 0.44076216219999997 0.4524852037 0.46430659289999998 0.47647649050000002 0.48795360329999998 0.49868699909999997 0.51908689740000002 0.52892327309999998 0.537473321 0.54762876029999996 0.55869150160000003 0.57456791399999996 0.58135789630000001 0.59603083130000001 0.61067157979999998 0.61924719809999995 0.63047587869999999 0.6384066343 0.64898061750000002 0.66154921050000004 0.67847180370000004 0.68762177229999999 0.69937586780000005 0.71041542290000004 0.72879958150000002 0.74065113069999999 0.75185394289999996 0.76601314539999998 0.77775824069999999 0.78671920299999998 0.80077803130000003 0.81023073199999995 0.82200479510000002 0.83404409889999997 0.84964412450000004 0.86190366740000002 0.88038986919999995 0.89669477939999997 0.90731334689999998 0.92195791010000006 0.93900507690000001 0.95109343530000001 0.9706209898 0.98017275329999998 0.99341821669999997 1.010984659 1.0278497929999999 1.0481176379999999 1.059295893 1.081861019 1.09715271 1.110270858 1.1393268110000001 1.1542325019999999 1.179221869 1.1983908409999999 1.235653162 1.2579995390000001 1.28519845 1.3061456680000001 1.3286113740000001 1.3598895070000001 1.3803468940000001 1.4093339439999999 1.4297199249999999 1.4509632589999999 1.4793502089999999 1.5126693250000001 1.5641801360000001 1.598719835 1.6214079859999999 1.654016256 1.6910895109999999 1.7403242590000001 1.781267881 1.8153476719999999 1.851900697 1.886953831 1.9522259239999999 2.0101552009999999 2.113591671 2.2168259620000001 2.2794229979999998 2.4317891600000001 2.6190629009999999
borders 15 254 -2.6581196779999998 -2.4592146869999998 -2.2768623830000001 -2.1808757779999999 -2.119532108 -1.994059443 -1.9043810370000001 -1.844774723 -1.7757271530000001 -1.7289686200000001 -1.688346028 -1.6482348440000001 -1.6008018260000001 -1.5571024419999999 -1.531353951 -1.4969005580000001 -1.463717937 -1.439058781 -1.4098343849999999 -1.364835501 -1.340817213 -1.31336236 -1.289393663 -1.2693316939999999 -1.251799822 -1.2345980409999999 -1.2143638130000001 -1.193078995 -1.1802543400000001 -1.169147253 -1.1541376109999999 -1.1305689809999999 -1.1098322869999999 -1.088187099 -1.076058269 -1.0618224140000001 -1.0407721999999999 -1.028570056 -1.0141427519999999 -0.99436992410000002 -0.97876536849999995 -0.96215629579999995 -0.9470840693 -0.93085461849999995 -0.91200208660000004 -0.89662545920000003 -0.88052594660000005 -0.86982750890000005 -0.85681259629999995 -0.84007382389999996 -0.82098948959999996 -0.80902349949999997 -0.79035449030000005 -0.77289706469999997 -0.75838738679999995 -0.74383211140000005 -0.72704231740000003 -0.71553683280000002 -0.70520353319999995 -0.6896727681 -0.67752897739999995 -0.6694034338 -0.65837776660000003 -0.64435684680000005 -0.63479924200000004 -0.62579941750000001 -0.61067837479999998 -0.60156840089999997 -0.59074032310000002 -0.57720899579999996 -0.56998461479999996 -0.55826473239999996 -0.54750955099999998 -0.53948426250000003 -0.52566242220000003 -0.51839959619999998 -0.50700783729999999 -0.49994006749999997 -0.49491089579999997 -0.48016273980000002 -0.46771448850000003 -0.45780843500000001 -0.44708174470000001 -0.43566650150000003 -0.42562133070000002 -0.41556733849999999 -0.40555357930000002 -0.39431208369999998 -0.38175731899999998 -0.3646703362 -0.35270211099999998 -0.34517768030000001 -0.33007729050000001 -0.32146131989999999 -0.31408852339999999 -0.30674797300000001 -0.29357844589999998 -0.2800974846 -0.27015841010000002 -0.26078033449999999 -0.24948021770000001 -0.24040074650000001 -0.2290637046 -0.22101497649999999 -0.2116216272 -0.20406118039999999 -0.19611886140000001 -0.185888201 -0.1763351262 -0.16824674610000001 -0.1579306573 -0.14789652819999999 -0.135642603 -0.12897884849999999 -0.1158834547 -0.10097029809999999 -0.089914172890000005 -0.082362294200000005 -0.071822486820000003 -0.064065322280000003 -0.052565187219999997 -0.046062082050000001 -0.034264959390000002 -0.027175627649999999 -0.019660286610000001 -0.0067717628550000002 0.0020087792070000001 0.009750186466 0.031680688259999999 0.038644738499999998 0.045159906149999998 0.055768527089999999 0.064536318179999996 0.073105961080000004 0.08443884552 0.095307283100000001 0.105800502 0.1098372787 0.11710030590000001 0.1283023059 0.13839854300000001 0.14836031199999999 0.15858182309999999 0.17383706569999999 0.18241813779999999 0.19452440739999999 0.2029256076 0.213671267 0.2256066203 0.23415215310000001 0.2429764569 0.25077515839999998 0.2650896311 0.27518516780000002 0.2829680443 0.28951716420000001 0.30030122399999998 0.3098977208 0.32040339709999999 0.3374298215 0.34877628090000001 0.35728627439999999 0.36431330439999998 0.37240341310000002 0.38274335860000003 0.39321908350000001 0.40051311249999999 0.40961927180000002 0.41700512169999998 0.43464863300000001 0.4429860115 0.45497423409999999 0.46696746350000001 0.47978353499999998 0.48789629340000001 0.49988117809999999 0.51354420190000005 0.52688670159999995 0.54092276100000003 0.55461543800000002 0.56529474260000001 0.57771122460000002 0.58894145490000005 0.60179126260000004 0.60806250569999998 0.62009900809999996 0.62776821849999997 0.63641190530000002 0.64423263070000003 0.65544342990000004 0.67080336809999996 0.67960315940000005 0.68724954130000004 0.69915199279999996 0.71643763780000003 0.73498475549999998 0.7512531281 0.76473641400000003 0.77361154560000001 0.79026043420000003 0.8024194241 0.82187914849999999 0.83800321820000001 0.8500788212 0.86108529570000003 0.87515640260000005 0.89415717120000004 0.90686947110000005 0.91776669030000002 0.93372857570000001 0.94982510809999998 0.96800845859999995 0.98480963710000002 1.0100883249999999 1.0199842450000001 1.0318343640000001 1.0468034740000001 1.061668396 1.0848795179999999 1.103217125 1.1303302049999999 1.145780325 1.162257433 1.1813226939999999 1.192371249 1.2110619540000001 1.240762591 1.260052919 1.281840324 1.306778193 1.3307690619999999 1.354416609 1.3807700869999999 1.405942917 1.4264189 1.452488899 1.4739816189999999 1.5007382629999999 1.5500773189999999 1.589863062 1.6311059000000001 1.6691019540000001 1.6977627280000001 1.7391948699999999 1.777295828 1.8308911320000001 1.910472393 1.97542119 2.0305800440000001 2.1184086799999999 2.2271387580000002 2.3645815849999998 2.5313854220000001 2.7153689860000001
split 0 0 -0.019416565075516701
split 0 3 0.17638882994651794
split 0 0 -1.0169787406921387
split 0 7 -0.02074071392416954
split 0 0 0.82271897792816162
split 0 3 -0.73590528964996338
split 0 3 1.1371051073074341
split 0 7 -0.93542289733886719
leaves 0 0.35568162385818836 0 0 0 0.63294581682215667 0.81137606000407647 0 0 0 0 0 0 0 0 0 0 0 0 0 0 0 0.94279358284561299 0 0 0 0 0 0 0 0 0 0 -0.29764087565136677 0 -0.66911446664035179 0 0.058372446872270015 0.23035924907498809 -0.4368992168591605 -0.26716966863258579 0 0 0 0 0 0 0 0 0 0 0 0 0 0.35545191444030161 0 -0.10415111853930792 0 0 0 0 0 0 0 0 0 0 0 0 0 0 0 0 0 0 0 0 0 0 0 0 0 0 0 0 0 0 0 0 0 0 0 0 0 0 0 0 0 0 -1.3759973079362413 0 0 0 -1.0595232052239572 -0.8074133676007722 0 0 0 0 0 0 0 0 0 0 0 0 0 0 0 -0.54669279058050191 0 0 0 0 0 0 0 0 -0.30670662318326364 0 0 0 0.40545125041764735 0.98003595288737266 0 0 -1.1060021021394155 0 0 0 0.24596076754396304 1.2720388994927743 0 0 0 0 0 0 0 1.5812718852866421 0 0 0 0 0 0 0 2.198307804620105 0 0 -0.82435655693621601 0 -1.4230641308564616 0 -0.19833046111015984 0.39902135115171405 -0.64058473974616681 -0.082979621376979965 -1.8491679600244031 0 -2.3414750775287545 0 -0.41727537421399452 0.61708993708476312 -0.9379599831607992 0.14635979954337744 0 0 0 0 0 1.1237648725018829 0 0.64815090449129031 0 0 0 0 0 1.8770972707941307 0 1.2111494256014947 0 0 0 0 0 0 0 0 0 0 0 0 0 0 0 0 0 0 0 0 0 0 0 0 0 0 0 0 0 0 0 0 0 0 -1.6123058521074369 0 0 0 -1.2984424582498235 -0.70051997077544303 0 0 -2.8576478825968055 0 0 0 -1.4864584756935542 -0.44851077297193109 0 0 0 0 0 0 0 0.01833692590306402 0 0 0 0 0 0 0 0.76906849030925672
split 1 0 -0.29386603832244873
split 1 3 0.051135048270225525
split 1 0 0.56557512283325195
split 1 7 0.31749880313873291
split 1 0 -1.5096189975738525
split 1 0 1.5949170589447021
split 1 3 -1.1980369091033936
split 1 3 0.8440098762512207
leaves 1 -0.43915602080286542 0 0 0 0 0 0 0 -0.85409871235421531 0 0 0 0 0 0 0 0.42137076324559747 0.81984142063965015 0 0 0 1.1475765720316748 0 0 0.043955581243875337 0.84820493146893328 0 0 0 1.4861819184701315 0 0 0 0 0 0 0 0 0 0 0 0 0 0 0 0 0 0 0 0 0 0 0 1.2429011077796626 0 0 0 0 0 0 0 1.9993135179573749 0 0 -0.55872761482650013 0 -0.93465678803571317 0 0 0 0 0 -1.9304271019666515 0 -1.9979579856921046 0 0 0 0 0 -0.1324950948291351 0.24387962538084088 -0.50877585230325295 -0.12749286019431486 0 0.60752250385515505 0 0.21974541851414861 -0.52794069039287228 0.34025762837881179 -0.89149587015520915 -0.047539090606692556 0 1.1363980858585765 0 0.76225900330222307 0 0 0 0 0 0 0 0 0 0 0 0 0 0 0 0 0 0 0 0 0 1.0863034945358265 0 0.77719977919786276 0 0 0 0 0 2.1886327660660245 0 1.5592380999740516 0 0 0 0 0 0 0 0 0 0 0 0 0 0 0 0 0 0 0 0 0 0 0 0 0 0 0 0 0 0 0 0 0 0 0 0 0 0 0 0 0 0 0 0 0 0 0 0 0 0 0 0 0 0 0 0 0 0 0 0 0 0 0 0 0 0 -1.466666664094908 0 0 0 0 0 0 0 -2.5790099928336119 0 0 0 0 0 0 0 -0.97806421297603741 -0.55047383234202885 0 0 0 -0.17758411942529101 0 0 -1.3489769873057966 -0.47838042877381304 0 0 0 0.35944914048358073 0 0 0 0 0 0 0 0 0 0 0 0 0 0 0 0 0 0 0 0 0 0 0 0.24430929002547824 0 0 0 0 0 0 0 1.3016951795626617
split 2 0 0.19537156820297241
split 2 3 -0.3787841796875
split 2 0 -0.75676548480987549
split 2 7 -0.39179831743240356
split 2 0 1.224963903427124
split 2 0 -1.8892009258270264
split 2 3 0.65189909934997559
split 2 7 0.9454270601272583
leaves 2 0.094912349430250717 0 -0.28857155500412052 0 0 0 0 0 -0.9433334176552145 0 -1.3123382494546318 0 0 0 0 0 0 0 0 0 0 0 0 0 0 0 0 0 0 0 0 0 0.13818291790819626 0 -0.30123120107346929 0 0.31461064870914951 0.41688035116079392 -0.073829633198022881 0.039027905026725491 -0.32434098442208342 0 -0.63631152567525717 0 0.22226028984231533 0.69267346870468838 -0.17614927414322448 0.27788145919323831 0 0 0 0 0 0.62377196205630847 0 0.23079059446622915 0 0 0 0 0 1.3442756549706139 0 0.90883411596999086 0 0 -0.90500547774124007 0 0 0 0 0 0 0 -1.6673270220120289 0 0 0 0 0 0 0 0 0 0 0 0 0 0 0 0 0 0 0 0 0 0 0 -0.62475448103091313 0 0 0 -0.44749409039782367 -0.2899961214453749 0 0 -0.97904412423731224 0 0 0 -0.51205426457705738 -0.053217422571054419 0 0 0 0 0 0 0 -0.0055331321211041836 0 0 0 0 0 0 0 0.6871523613992786 0 0 0 0 0 0 0 0 -1.5607076759987999 0 -1.8868368174915042 0 0 0 0 0 0 0 0 0 0 0 0 0 0 0 0 0 0 0 0 0 0 0 0 0 0 0 0 0 -0.59007684409415251 0 -1.0617730532091454 0 0.1641059903883528 0.81681097857182638 -0.28481035022827805 0.51293004987093727 0 0 0 0 0 0 0 0 0 0 0 0 0 1.569140079181405 0 1.5091653529129641 0 0 0 0 0 0 0 0 0 0 -2.1518476138261167 0 0 0 0 0 0 0 0 0 0 0 0 0 0 0 0 0 0 0 0 0 0 0 0 0 0 0 0 0 0 0 -1.4895918377013253 0 0 0 -0.5765594493004168 0.17367766817072938 0 0 0 0 0 0 0 0 0 0 0 0 0 0 0 1.0401636598740658
split 3 0 -0.35992324352264404
split 3 3 0.44354468584060669
split 3 0 1.037743091583252
split 3 7 -0.62895292043685913
split 3 0 -1.683159351348877
split 3 3 -1.5100014209747314
split 3 7 1.0988880395889282
split 3 0 0.35094925761222839
leaves 3 0.1369119391549338 0 0 0 0 0 0 0 -0.34493172053422139 0 0 0 0 0 0 0 0.60396096351804984 0.60071845873700258 0 0 0 0 0 0 0.25156116031200476 0.57639926507170791 0 0 0 0 0 0 -0.082725390644866739 0 -0.46375195971709599 0 0 0 0 0 -0.81601457202476047 0 -1.1673821521173924 0 0 0 0 0 0.0038413077526579897 0.067041472405528296 -0.35946718303456715 -0.28318018465489808 0 0 0 0 -0.25578237884525779 0.07864791642815068 -0.56124732178355419 -0.24498113611275954 0 0 0 0 0 0 0 0 0 0 0 0 0 0 0 0 0 0 0 0 0 0 0 0 0 0 0 0 0.038718344458615876 0.45239166805359143 0 0 0 0 0 0 0 0 0 0 0 0 0 0 -1.4047886795611568 0 -1.7911629674654315 0 0 0 0 0 0 0 0 0 0 0 0 0 -0.53319849327184188 0.072974642359744643 -0.87427434597323506 -0.24723742297939821 0 0 0 0 0 0 0 0 0 0 0 0 0 0 0 0 0 0 0 0 0 0.52276777704228916 0 0 0 0.48679808351989473 0 0 0 0.78341342890017007 0 0 0 1.1563409341040674 0 0 0 0 0 0 0 0 0 0 0 0 0 0 0 0 0 0 0 0.12488881560003902 0 -0.20628523590024256 0 0.1444943898494907 0 -0.14084798437638912 0 0.3204586274730824 0 0.0079893396004305697 0 0.7123629949263055 0 0.36766303979075993 0 0 0 0 0 0 0 0 0 0 0 0 0 0 0 0 0 0 0 0 0 0 0 0 0 0.4638834704190955 0 0 0 0 0 0 0 0 0 0 0 0 0 0 0 0 0 0 0 0 0 0 0 0 0 0 0 0 0 0 0 0.54791689554708733 0 0.19352437130156117 0 1.2052707877643407 0 0.85051565216289515
split 4 0 -0.53686630725860596
split 4 3 -0.45360958576202393
split 4 0 1.3961272239685059
split 4 7 -1.2029992341995239
split 4 3 1.5732979774475098
split 4 0 -2.2637467384338379
split 4 7 0.57034695148468018
split 4 0 0.42258825898170471
leaves 4 0.1596337851052885 0 -0.042426937933933297 0 0 0 0 0 -0.52530445637056877 0 -0.82254255725587355 0 0 0 0 0 0 0 0 0 0 0 0 0 0 0 -0.55240685759709351 0 0 0 0 0 0.35507986860704266 0.23239524850317797 0.095148951537813817 -0.044318022217931408 0 0 0 0 -0.036827052064206119 0.20138651487446096 -0.3235709266154283 -0.058429836344345606 0 0 0 0 0 0 -0.2222421593048656 -0.57126408445149657 0 0 0 0 0 0 -0.73091798527992125 -0.52883654899659693 0 0 0 0 0 0 0 0 0 0 0 0 -0.8636452428283119 0 -1.5962981492005011 0 0 0 0 0 0 0 0 0 0 0 0 0 0 0 -0.72301969749902395 0 0 0 0 0 0 0 0 0 0 0 0 0 -0.30941127699392268 0.20135604694687256 -0.55767999077399055 -0.068300520521052802 0 0 0 0 0 0 0 0 0 0 0 0 0 0 -0.91379953282539417 -0.38362835339527507 0 0 0 0 0 0 0 0 0 0 0 0 0 0 0 0 0 0 0 0 0 0 0 0 0 0 0 0 0 0 0 0 0 0 0 0 0 0.1098434945889815 0 -0.13673977090500913 0 0.0797459235628553 0 -0.32069456208178987 0 0.36311119885028353 0 0.095787059518498793 0 0.70429505641503931 0 0.46250387315631414 0 0 0 -0.34686783548757111 0 0 0 -0.65676123248679052 0 0 0 -0.3761958666657364 0 0 0 -0.059751221903572925 0 0 0 0 0 0 0 0 0 0 0 0 0 0 0 0 0 0 0 0 0 0 0 0 0 0 0 0 0 0 0 0 0 0 0 0 0 0 0 0 0 0.53010032622414638 0 0.27731803451993581 0 1.1107617459683383 0 0.79779845225297585 0 0 0 0 0 0 0 0 0 0 0 -0.075029499234726946 0 0 0 0.19685706582834772
split 5 0 -0.58835756778717041
split 5 3 -0.91041630506515503
split 5 0 1.8932285308837891
split 5 7 -1.4181699752807617
split 5 3 1.3756909370422363
split 5 0 -1.573819637298584
split 5 7 0.91291368007659912
split 5 0 0.63483667373657227
leaves 5 0.3132816028305625 0 0.24304613294993371 0 0 0 0 0 -0.22954471960962025 0 -0.44447098820270536 0 0 0 0 0 0 0 0.028126734982362331 0 0 0 0 0 0 0 -0.61798657153059167 0 0 0 0 0 0.42865805795529771 0.23576866472110675 0.11134601648783998 -0.014579056392642146 0 0 0 0 0.076371413816657616 0.24674307700158987 -0.19110842501253983 -0.0075976900969229808 0 0 0 0 0 0 -0.14817203287492176 -0.37124142032214197 0 0 0 0 0 0 -0.49227518667545628 -0.30187709945055774 0 0 0 0 0 0 0 0 0 0 0 0 -0.420511222342969 0 -0.96307132762119396 0 0 0 0 0 0 0 0 0 0 0 0 0 0 0 -0.69868006402639027 0 0 0 0 0 0 0 0 0 0 0 0 0 -0.048241720596317629 0.243446428409337 -0.36280676164201675 -0.0038909052882503052 0 0 0 0 0 0 0 0 0 0 0 0 0 0 -0.68546935364372097 -0.26759880361558247 0 0 0 0 0 0 0 0 0 0 0 0 0 0 0 0 0 0 0 0 0 0 0 0 0 0 0 0 0 0 0 0 0 0 0 0 0 0.015028664346427793 0 -0.14623510568534334 0 0.025793173216626487 0 -0.60080048701832012 0 0.41873315633617209 0 0.12662770472071622 0 0.80618455795685295 0 0.59841734531494428 0 0 0 -0.217349338565786 0 0 0 -0.49365450676659328 0 0 0 -0.16171788039583559 0 0 0 0.21586608402814192 0 0 0 0 0 0 0 0 0 0 0 0 0 0 0 0 0 0 0 0 0 0 0 0 0 0 0 0 0 0 0 0 0 0 0 0 0 0 0 0 0 0.47989002165998751 0 0.34750686351838966 0 0 0 1.1174233718253421 0 0 0 0 0 0 0 0 0 0 0 0.14110535755452189 0 0 0 0
split 6 0 -1.1768319606781006
split 6 3 -1.8747189044952393
split 6 3 1.884455680847168
split 6 0 0.33253568410873413
split 6 7 -0.5286715030670166
split 6 0 2.1531877517700195
split 6 3 -0.14982296526432037
split 6 7 1.7316341400146484
leaves 6 0.40252243308467672 0.5008569795712009 0.046023735171307291 0.062892064705677597 0 0 0 0 0 0.39829047449188731 0 0.095858661044452537 0 0 0 0 0.065098049774362149 0.43831981495923289 -0.27714932946562965 0.028023915717046603 0 0 0 0 0 0.65916619893327111 0 0.20649675122209415 0 0 0 0 0 0 0 0 0 0 0 0 0 0 0 -0.022592055024929839 0 0 0 0 0 0 0 0 0 0 0 0 0 0 0 0.81878206888416749 0 0 0 0 0 0 -0.10845301123374206 -0.056969383378418614 0 0 -0.37854102775171011 -0.46503090976877631 0 0 0 -0.051196807078487609 0 0 0 -0.41097866374097741 0 0 -0.42593478771349569 -0.10161154059189806 0 0 -0.67147652715941097 -0.41645053150529443 0 0 0 0.062199525774984415 0 0 0 -0.20899678607230868 0 0 0 0 0 0 0 0 0 0 0 0.084968144055240183 0 0 0 -0.59774609976677917 0 0 0 0 0 0 0 0 0 0 0 0.60673164979483551 0 0 0 0.008217857364737258 0 0 0 0 0 0 0 0 0 0 0 0 0 0 0 0 0.0030398375343115391 0.085653188691688573 -0.65405059793157694 -0.066271936020145666 0 0 0 0 0 0 0 0.44102055131170981 0 0 0 0 0 0 0 0 0 0 0 0 0 0 0 0 0 0 0 0 0 0 0 0 0 0 0 0 0 0 0 0 0 0 0 0 0 0 0 0 0 0 0 0 0 0 0 0 0 0 0 0 0 0 -1.0517149431766477 -0.23949357294097681 0 0 0 -0.1786961949096243 0 0 0 0.4045931105684612 0 0 0 0.12168346939509117 0 0 0 0 0 0 0 0 0 0 0 0 0 0 0 0 0 0 0 0 0 0 0 0 0 0 0 0.56463569244176515 0 0 0 0
split 7 0 -0.66677242517471313
split 7 3 -1.7707369327545166
split 7 3 2.1210947036743164
split 7 0 2.3779294490814209
split 7 7 -1.6260972023010254
split 7 0 -2.7325901985168457
split 7 0 1.1272914409637451
split 7 7 0.50404524803161621
leaves 7 0 0 0.1044941846065799 0 0 0 0 0 0 0 0 0 0 0 0 0 0 0 -0.55378069940058738 0 0 0 0 0 0 0 0 0 0 0 0 0 0.42001288242891888 0.2008216226337774 0.24863695945788536 -0.03202628678177466 0 0 0 -0.29991552797631799 0 0 0 0 0 0 0 0 0.24262186009293021 0.35474028410067071 -0.10457944538614708 0.010080560388055545 0 0 -0.47995289316221351 -0.36587525348237582 0 0 0 0 0 0 0 0 0 0 0 0 0 0 0 0 0 0 0 0 0 0 0 0 0 0 0 0 0 0 0 0 0 0 0 0 0 0 0 0 0 0.15482398745112005 0 -0.32550377126748148 0 0 0 -0.55291514050284862 0 0 0 -0.23344368323080336 0 0 0 0 0 0.37051353472602194 0 0.10975706525232772 0 0 0 -0.16165410055115989 0 0 0 0.52941283129383865 0 0 0 0 0 0 0 0 0 0 0 0 0 0 0 0 0 0 0 0 0 0 -1.0350348181322169 0 0 0 0 0 0 0 0 0 0 0 0 0 0 0 0 0 0 0 0 0 0 0 0 0 0 0 0 0 0.018560790711529929 0.30237438596417332 -0.26669022488237321 0.026239052344542713 0 0 -0.46109282268618984 -0.35254892004184341 0 0 0 0 0 0 0 0 0 0 0 0 0 0 0 0 0 0 0 0 0 0 0 0 0 0 0 0 0 0 0 0 0 0 0 0 0 0 0 0 0 0 0 0 0 0 0 0 0 0 0 0 0 0 0 0 0 0.56836040540076627 0 0.29868358500001457 0 0 0 0 0 0 0 0.80302016356807693 0 0 0 0
split 8 0 -1.3263993263244629
split 8 3 -0.22374382615089417
split 8 7 1.3121100664138794
split 8 0 0.091601312160491943
split 8 7 -1.8404418230056763
split 8 0 1.7446596622467041
split 8 3 -2.23486328125
split 8 3 1.5077602863311768
leaves 8 0 0.32031704842542685 0 0 0 0 0 0 0 0.061980892942586303 0 0 0 0 0 0 0.1872352942829299 0.35592280575797303 0 0 0 0.19701860684798206 0 0 0 0.41369216323753222 0 0 0 0 0 0 0 0 0 0 0 0 0 0 0 0 0 0 0 0 0 0 0 0 0 0 0 0 0 0 0 0.33347319890097404 0 0 0 0 0 0 0.34060729173960508 0.10608784062598467 0.26882742538831972 0.049875105857247692 0 0 0 0 0 -0.12966487252077361 0 -0.16609564663706075 0 0 0 0 -0.094755904584787748 0.028097427237253204 -0.20883210015488002 -0.056208012968043924 -0.46714544777208317 -0.083766992824172978 -0.57439871888792571 -0.11967144495221044 0 0.10692074710557177 0 0.0029209231853768937 0 0.212998482525903 0 0.17052435380180953 0 0 0 0 0 0 0 0 0 0 0 -0.42818807089723621 0 0 0 0 0 0 0 0 0 0 0 0 0 0.33950722656799615 0 0.2041765237198275 0 0.30969379361046206 0 0.51598265426253742 0 0 0 0 0 0 0 0 0 0 0 0 0 0 0 0 0 0 0 0 0 0 0 0 0 0 0 0 0 0 0 0 0 0 0 0 0 0 0 0 0 0 0 0 0 0 0 0 0 0 0 0 0 0 0 0 0 0 0 0 0 0 0 0 0 0 0.035760035284042153 -0.19910459861517787 0 0 0 0 0 0 0 -0.17539908484315045 0 0 0 0 0 0 -0.29205938599937259 -0.21033272316844973 0 0 -0.59242433847233256 -0.30537522347006485 0 0 0 -0.13086709818401776 0 0 0 0.028415690290054058 0 0 0 0 0 0 0 0 0 0 0 -0.51144650331731945 0 0 0 0 0 0 0 0 0 0 0 0 0 0 0 0.010590670839830134 0 0 0 0
split 9 0 -2.2637467384338379
split 9 3 0.52789795398712158
split 9 0 2.3779294490814209
split 9 3 -2.1144828796386719
split 9 3 2.6125645637512207
split 9 7 -0.17485372722148895
split 9 0 -0.17940232157707214
split 9 7 -2.0132060050964355
leaves 9 0 0.18725395324995989 0 0 0 0 0 0 0.14721865725726715 0.20554914429339108 0 0.11038859420926718 0 0 0 0 0 0 0 0 0 0 0 0 0 0 0 0 0 0 0 0 0 0 0 0 0 0 0 0 0 0 0 0 0 0 0 0 0 0 0 0 0 0 0 0 0 0 0 0 0 0 0 0 0 0.018757819497227938 0 0 0 0 0 0 0 -0.1549150868790215 0 -0.14204451285085479 0 -0.18382129969938413 0 0 0 0 0 0 0 0 0 0 0 0 0 -0.55913794118960214 0 0 0 0 0 0 0 0 0 0 0 0 0 0 0 0 0 0 0 0 0 0 0 0 0 0 0 0 0 0 0 0 0 0 0 0 0 0.2738627828700238 0 0 0 0 0 0 -0.043490465193798893 0.0045229602058759052 -0.075778652849486733 -0.067502808989574128 0 0 0 0 0 0 0 0 0 0 0 0 0 0 -0.27389323820503914 -0.36777193098682526 0 0 0 0 0 0.18587004666986753 0 0 0 0 0 0 -0.51442172061214797 -0.045115314088610782 -0.60421206929848181 -0.13466008709928956 0 0 0 0 0 0 0 0 0 0 0 0 0 0 0 -0.37836954614065998 0 0 0 0 0 0.23278771476500479 0 0 0 0 0 0 0 0.039521556421427746 0 -0.052292434575471065 0 0.18091202513768626 0 0.17740262815042177 0 0 0 0 0 0 0 0 0 0 0 -0.18965400779690869 0 0 0 0 0 0.31215803781583734 0 0 0 0 0 0 0 0.076844499803302574 0 -0.0075436145178935377 0 0.63269611599351916 0 0.18900971321530186 0 0 0 0 0 0 0 0 0 0 0 -0.19156797954672464 0 0 0 0
split 10 0 -2.7325901985168457
split 10 3 2.2342524528503418
split 10 3 -1.3664729595184326
split 10 0 1.4255949258804321
split 10 7 -1.766879677772522
split 10 0 -0.84382665157318115
split 10 7 2.0744242668151855
split 10 0 0.49131649732589722
leaves 10 0 0.24950844878502695 0 0 0.06545366301133651 0.20848260857891318 0 0 0 0 0 0 0 0 0 0 -0.17391627454464223 0.059160820512084981 0 0 -0.60637088139365203 -0.06477377196689578 0 -0.37400204763606948 0 0 0 0 0 0 0 0 0 0.09632899247504137 0 0 0 0.0084203971489372181 0 -0.21177397668519266 0 0 0 0 0 0 0 0 0 0.10150137395472492 0 0 0 -0.0085093150262790674 0 -0.25700161084557638 0 0 0 0 0 0 0 0 0 0 0 0 0 0 0 0 0 0 0 0 0 0 0 0 0 -0.15115769196618306 0 0 0 -0.62521286601518256 0 0 0 0 0 0 0 0 0 0 0 0 0 0 0 0 0 0 0 0 0 0 0 0 0 0 0 0.081114607092771837 0 0 0 -0.063884750114781133 0 0 0 0 0 0 0 0 0 0 0 0 0 0 0 0 0 0 0 0 0 0 0 0 0 0 0 0 0 0 0 0 0 0 0 0 0 0 0 0 0 0 0 0.032984567769628444 0 0 0 -0.10789977696238125 0 0 0 0 0 0 0 -0.31161038651960343 0 -0.43115266678871 0 0.16705716992979541 0 0 0 0.020634963687969455 0 -0.19009225625998336 0 0.31158410935874314 0 0 0 0.11444514221673036 0 -0.045553591399001656 0 0 0 0 0 0 0 0 0 0 0 0 0 0 0 0 0 0 0 0 0 0 0 0 0 0 0 0 0 0 0 0 0 0 0 0 0 0 0 0 0 0 0 0 0 0 0 0 0 0 0 0 0 0.2954715082793275 0 0 0 0 0 0 0 0.50101605654913939 0 0
split 11 3 1.0037055015563965
split 11 0 -2.2637467384338379
split 11 0 2.6503081321716309
split 11 3 -2.4962854385375977
split 11 3 2.6125645637512207
split 11 7 -0.19714885950088501
split 11 0 1.7446596622467041
split 11 3 -1.0052425861358643
leaves 11 0 0 0.32403196063948292 0 0 0 0 0 0.12396735761212799 0 0.055630686844203928 0 0 0 0 0 0 0 0 0 0 0 0 0 0 0 0 0 0 0 0 0 0 0 0.21734506810232548 0 0 0 0 0 -0.17716452465299456 0 0.051461189200377018 0 0 0 0 0 0 0 0 0 0 0 0 0 0 0 0 0 0 0 0 0 0 0 0 0 0 0 0 0 0 0 0.10337290626448555 0 0 0 0 0 0 0 0 0 0 0 0 0 0 0 0 0 0 0 0 0 0 0 0 0 0 0 0 0 0 0 0.2953982211098356 0 0 0 0 0 0 0 0 0 0 0 0 0 0 0 0 0 0 0 0 0 0 0 0 0 0 0 0 0 -0.042949273280486373 0 0.0035848108135936902 -0.062439915206828026 0 0 0 0 0 0 0 0 0 0 0 0 0 -0.1961458008147007 0 -0.28191320721978141 0 0 0 0 0 0 0 0 0 0 0 0 -0.38759314716366722 -0.30610844877857335 -0.0023643840340635981 -0.071483767711643373 0 0 0 0 0 0 0 0 0 0 0 0 0 0 0 -0.32284056909882025 0 0 0 0 0 0 0 0 0 0 0 0 0 0 -0.073326934084456508 -0.020037459195211701 0 0 0.25125354056348737 0.064453619950493771 0 0 0 0 0 0 0 0 0 0 0 -0.39881621549462171 0 0 0 0 0 0 0 0 0 0 0 0 0 0 0.17857379243119348 0.072024094895351581 0 0 0.45576954658287999 0 0 0 0 0 0 0 0 0 0 0 0 0 0 0 0 0
x 0.125730217 -0.132104859 0.640422642 0.104900114 -0.535669386 0.361595064 1.30400002 0.94708097 -0.703735232 -1.26542151 -0.623274446 0.0413259789 -2.3250308 -0.218791664 -1.245911 -0.73226738
x -0.544259012 -0.316300154 0.411630541 1.04251337 -0.12853466 1.36646342 -0.66519469 0.351510078 0.903470159 0.0940122977 -0.743499279 -0.921725392 -0.457725823 0.22019513 -1.00961816 -0.209175572
x -0.159225017 0.540845573 0.214659125 0.355372697 -0.653828621 -0.129613638 0.783975482 1.49343109 -1.25906551 1.51392376 1.34587538 0.781311393 0.264455616 -0.313922822 1.45802069 1.96025836
x 1.80163491 1.31510377 0.35738042 -1.20831859 -0.0044541331 0.656474948 -1.28836143 0.395122051 0.429863691 0.696042717 -1.18411791 -0.661702573 -0.436435252 -1.16980195 1.73936784 -0.495910734
x 0.328969628 -0.258572549 1.58347285 1.32036102 0.633352637 -2.20350981 0.0520289727 0.683686197 1.00396156 -0.617907047 1.82201135 -1.32043099 -0.661528051 0.935050011 0.0490546152 2.00239253
x 0.188519195 -0.633194089 -0.377563506 -1.09114611 -1.27768016 0.630411506 0.581165791 1.29455876 -0.75460577 1.68910742 -0.287387699 1.57440829 -0.432785839 -0.735483289 0.249785379 1.03145313
x 0.16100958 -0.585528851 -1.34121966 -1.40152025 0.502682865 0.989713013 -0.164294586 -1.0743649 0.873042166 -1.28039396 -0.713068068 0.621017873 -2.25014114 0.386369586 -0.58164084 0.1092797
x -0.0757015273 0.202114388 0.694171965 -0.758369744 1.420982 0.726093769 0.843732655 1.16486394 0.787588239 0.84407866 0.0755936131 -1.42677391 -0.135045096 -0.76951462 -1.42274177 0.258452803
x -0.568549454 -1.02980447 -1.04300106 0.26841709 0.358671963 1.32245743 -0.0139146689 1.04183972 1.40226483 1.15016568 -2.36530399 1.22868371 0.339619994 0.423771352 0.371227413 0.382757157
x 0.319414228 -0.358913302 -1.90163529 -0.108914725 -0.803731859 1.08016336 -0.288766503 0.0834753588 -0.849605978 -0.510622442 -0.011533062 -1.48537517 0.300685108 -0.106072254 -1.18571985 -2.39823294
x 0.513052106 -0.297584027 -0.530008435 -0.236154631 1.81647599 -0.0498009697 0.0866192654 -1.48707283 1.64733911 0.917487979 1.06693482 0.0476727299 0.916654766 0.370946825 0.613189101 -0.152192965
x -1.47388792 1.02885437 -1.93495965 -0.239936665 -0.204522491 -1.04286015 0.613123119 -0.200329706 -0.43686834 0.519841731 -0.47657904 1.38898003 0.351455063 -0.474332988 -1.94426501 -1.30775321
x 1.08683074 -0.050604064 -0.283125073 1.64325166 -1.28264928 -0.585657775 -0.472587675 0.586337268 -0.663535178 -0.613417864 -1.60514939 0.729349375 0.80613935 -0.476376742 0.163339943 -1.29264617
x -0.471813142 1.37795091 0.135730729 2.31036353 -0.787192762 0.580284417 -0.195505828 0.565817833 -0.00721135968 -0.561198115 -0.867616773 3.0660367 -0.0773450583 -2.01666069 -0.648600578 0.67803973
x -0.500008404 1.36044621 1.00239825 -0.152338639 -0.47221595 -1.00480103 -0.69996655 -1.4731431 1.20439625 1.59070075 -1.25613809 -1.18168294 -1.76851189 -0.963854253 -3.10633683 -1.14227891
x 1.29691541 -0.345672518 0.854584217 -0.488969058 1.76066732 0.19921799 -0.382002294 2.55242395 -0.324471861 -1.22122335 0.201910004 -0.0388350375 1.06632459 -0.921633899 0.804716945 0.852748454
x -0.667687297 0.163244009 -0.830751956 2.34580803 -0.70413959 -0.453074455 -1.06583798 -0.346121281 -0.00587602658 0.767789125 -0.610486627 -0.185773954 -1.41648936 -0.827402234 2.75580764 1.0412432
x -0.781424046 -1.33739722 -0.975582838 -0.0216908604 0.0347277895 -0.744360626 -1.28657448 1.42237854 0.451685458 -0.374568015 -0.220661208 -0.529530466 -2.93604541 0.11566183 -1.07054436 -1.00268435
x -0.640262425 0.732301712 -1.1705308 -1.43428147 0.639852047 0.754368901 -0.958933711 0.562397659 -0.291632444 0.301292181 -1.26096022 0.832894444 1.20325899 0.637073219 0.558339953 -3.77227521
x 0.260629743 -0.025445316 -0.147045508 -0.630577981 0.0553649738 0.412117392 -0.263788164 -0.46332413 1.22975385 -1.10536706 1.03015518 0.17681247 -0.804305673 -0.289981902 -0.919993579 0.675064504
x 0.347901762 -0.556796193 -1.10221827 0.301716089 0.9573856 -0.113836348 0.418352515 -0.376027137 0.0675692037 -0.291282922 0.29404214 -1.50977254 0.64419055 -0.229932487 0.358608067 -0.340310127
x 0.320361197 -1.07256281 1.18915439 -1.70354462 -1.03923881 0.235666066 1.46284223 0.278126299 -0.247908458 -1.42509019 -0.19127667 -0.019877011 1.69056869 0.622125208 -1.52909291 2.02677917
x -0.395009875 -0.879459739 1.47482264 -0.0497557595 -0.367402613 0.218785986 0.844888806 0.993336201 -1.37520242 1.99848151 0.946861565 -0.379201055 -0.818659842 -0.969012439 0.123378441 -0.648016274
x -0.764873981 0.811254382 0.364567339 -0.394571245 0.734247625 1.36737859 -1.09449637 -0.603291869 0.942621827 0.718940556 0.226698861 1.16242123 -1.08821177 -1.47913778 -0.866507351 0.122544095
x -0.796086788 -0.487218142 -0.975000143 -0.620429158 -1.00478721 0.367466211 0.794891059 -0.480445951 -0.207265794 -0.581032574 0.531251192 0.0890560374 1.59415686 -1.09547198 0.362502486 0.443991393
x -0.360440165 0.583534122 -1.4385227 2.11880302 -1.34204447 0.919807255 -1.12112272 1.15088308 -0.384774029 0.158422902 0.0533437543 1.10073411 -0.321547449 -2.96718383 -0.760058761 0.183712319
x -0.440468192 0.769820869 1.01532698 -0.147771806 -1.48964536 1.38416517 1.08305347 -0.299191147 2.10828853 -0.348875463 -1.13711977 -0.155873433 1.07783377 -0.937453449 1.95122504 -0.896526217
x 0.954422295 0.544462383 -0.154057056 1.08053303 -1.49979877 1.35757184 -0.0636840314 -0.542435229 0.749174058 1.05989897 0.769795418 1.99950385 1.08072603 1.28350663 -0.539863944 0.106523775
x 0.562982559 -0.0177422371 0.301635236 0.426104754 0.844243944 -0.101608887 -0.349799216 -0.828315675 -0.891732335 1.17245126 -0.0845214874 0.786944389 -1.29736388 -1.93816805 -1.04909122 1.14662695
x 1.06807745 0.332038611 -0.802170157 -0.130802646 -0.297760487 -0.344973356 -2.5060699 -0.857926369 -0.19010888 1.51642776 0.160743058 1.40088832 -0.393706918 -0.252688587 -3.89942169 0.463330328
x 0.547095656 1.76375902 -0.486761212 0.0941541567 -0.705527961 -1.17625701 -0.713107944 -0.344998538 1.35543799 0.00221160264 -0.790544808 0.14187783 0.217571363 -0.67623204 1.14323366 -1.88834894
x -0.213544622 0.665066063 -1.33843255 0.361253738 1.29289305 0.453671277 -1.69015992 -0.728195012 1.23230338 0.298335254 -0.00985893887 0.441200584 0.721048951 -0.708465219 -0.290400088 0.142913654
x -0.54395771 -0.133451551 1.29787171 -0.96781987 1.92666268 1.87934434 -1.71343946 -0.141022667 0.342691571 -0.760871112 -0.741080523 -0.237415701 0.739178061 -0.511333823 1.82669377 0.289974004
x -0.102575287 1.44925964 0.626281202 0.369286776 -0.331140369 1.81398559 0.81182158 -0.203411341 -1.5771991 0.372951537 -1.14374006 -1.71594596 -0.279151499 0.281471103 1.28248119 0.282451838
x 0.806019545 -1.22588265 -0.0225321781 0.124211319 0.862246156 0.116060674 0.804078937 -0.504199266 0.357954919 0.414866388 -1.24977577 0.175538629 -0.320362538 -1.9040879 0.958406687 -0.361858666
x -0.852390051 -0.377316743 0.138200298 1.50790954 -0.165933207 0.47240749 1.37357938 0.53355056 1.06856418 -0.476509869 0.771049321 -0.057976 1.07441127 -1.00355959 -0.779557765 1.26873159
x -0.196083978 -0.358960658 0.0775724202 -0.689497471 1.33194137 -1.24916267 -0.150598004 0.346952796 -0.104447067 -0.802287519 -0.868389189 0.425394416 -1.0304805 0.646242678 -1.52414834 -0.554983079
x 0.0363060236 -1.25215197 0.652010858 -0.018538814 -1.03607368 -1.51888824 -1.56558943 0.0510339439 -1.15683007 -1.36487961 -0.231225938 2.27750063 0.277540356 0.76291883 0.212718353 0.782982171
x -1.34308863 -0.430511981 0.26135084 -0.0179168154 -0.191993222 -0.665876091 -0.258383095 -0.774197817 -2.42183304 -1.19450843 0.475652933 1.557078 1.81358016 0.0967517421 0.893383622 0.907977939
x -0.692259192 -1.69793987 0.0308873188 -1.76220095 -0.3199296 0.608117104 -1.42006946 0.0322953835 1.24001813 0.361512482 0.522321701 0.906740427 1.73296309 0.151423082 1.22950089 -0.0641692132
x -0.546168804 0.314820975 -0.605812848 -0.573129237 -0.607740641 -2.29542422 0.105499476 -1.26383531 -0.107269123 1.44996881 -0.521000326 -0.542009175 1.36390936 0.546305776 0.976527095 -0.355291247
x 0.748083234 -0.686168611 -0.676001728 0.596244276 -0.598373175 0.767118514 2.39168453 -1.68615258 -0.752204359 1.12014616 -0.145078167 1.1610899 -1.01006424 0.331344187 -0.150556311 0.140370727
x 0.331116021 -1.22000635 -1.07413745 1.39924395 0.293213725 0.106346332 -0.0440747216 0.356542498 -1.15593672 -0.999027312 1.30450821 0.151275218 0.850300848 -0.605664015 1.37672544 0.345278412
x 0.481245816 0.54872936 -0.79700923 -1.86572087 -1.07480264 1.63052285 1.30068398 -0.346921355 -0.301676333 1.03660583 -0.168409869 -1.2992599 1.2655431 0.477178574 -2.51633978 -0.313190103
x 0.143670201 0.481246829 0.152151182 -0.63574177 -0.115759045 0.294800311 -0.26800409 -0.371900707 1.2520839 -0.946607709 -0.349463463 -2.03126907 0.540969968 0.828264475 0.548486829 0.917672515
x 0.44070673 0.342515379 0.473947078 -0.267308444 1.18832791 -0.348572075 -1.46235192 0.849783599 1.85070276 -0.960151136 -0.101631127 -0.68544203 -0.380583256 0.0460929722 -1.24180841 -0.277653664
x -1.46596742 -0.568227649 -1.18606961 -1.05906069 -1.71991062 1.21935463 0.509059072 -1.91746402 -0.596827567 -0.670438588 -0.690944135 -1.44688356 0.75438571 -0.395863771 0.468148917 0.52675575
x 1.37544537 -1.81487226 1.73860216 1.26881528 0.573065996 2.38359213 0.2049786 0.821478903 -0.73841399 1.13435745 0.167825967 -0.451200157 2.11693931 -0.304799676 0.00886132754 -0.19727996
x -0.755670905 0.531272411 0.738409579 0.354372531 -2.3605783 1.00799704 -0.350238353 -1.21632338 0.603280962 0.562849402 -1.04307365 2.47243571 -1.20962656 -1.73300266 -1.15417147 1.42079985
x -0.175856724 -0.372056693 -0.0621577203 -0.596613884 -0.690263391 -0.641215503 0.707955539 1.02045584 -1.05509257 0.239227965 0.788207233 -1.08175194 -0.502566576 -1.03806412 -1.2910285 0.10186287
x -0.736132383 0.631129086 -0.0294219218 0.412627369 -0.292282909 -0.634997368 -0.0906731337 -0.00499613024 -0.705855489 0.426595449 0.746594846 0.158082709 1.71349084 -0.632339001 0.520596445 -0.408734798
x 0.234629497 -0.829949319 1.11512339 0.176020905 1.19224453 -1.26609552 -0.493515223 -0.892565787 -0.531941891 -0.692609668 -0.120540932 -0.0172471441 -0.0409848653 -0.555523872 0.187425181 0.875615478
x -0.902275562 0.000888624985 -0.0740708858 0.468354642 -0.0638585836 -0.0156648029 -0.991095781 0.0217038393 -0.921884477 0.515704274 -0.103218935 0.0398584194 -0.89119035 0.803757608 0.69231391 0.861523926
x 2.227386 -0.052519381 1.20340288 -0.123827808 0.394087285 0.365337431 0.264591753 0.658256173 -0.303936392 0.0409322828 0.535309672 1.74785388 -0.842356682 -1.80613267 -0.4840855 0.0899284333
x 0.174977094 0.0922177881 1.18279016 0.976049781 -0.0492679067 -0.469547123 -0.346008867 -0.356304139 -0.225599468 -1.57265055 -0.461040735 -0.424880028 -0.188880384 -0.254299998 0.672007143 -0.531943381
x -0.438577712 0.541938782 -0.235314846 0.216454729 0.669335723 0.421969503 0.250162452 -0.196441561 0.681894124 0.175549939 -0.504852772 -0.150809184 -1.2181294 -0.961555958 -1.88290799 -0.679931402
x 1.33554542 -0.556488812 0.787540793 -0.00344985421 -0.700548828 1.33827949 0.582205832 -1.75180054 1.04140222 -1.07479155 -0.177913949 0.66811341 -0.299853146 1.11894405 0.761263788 -1.57687557
x -0.472434163 0.282073736 -0.574998677 -0.216276512 0.799784899 0.316781312 -0.920619011 0.174606368 -0.61226964 -1.21519232 -1.1300559 0.286955535 -0.028113706 0.00543180853 -1.146209 -0.183929548
x -1.03716755 -0.926393807 -0.165126756 -1.38339043 0.669267237 2.48688293 0.458823264 -1.04290318 -0.271185517 -1.55543792 -0.377616376 0.507313907 0.589384794 -1.03174281 0.299145639 1.15640807
x 1.75509155 -0.700794876 -0.864199996 0.0544158705 -2.9280901 -0.531033993 -0.270974964 -0.459341973 -1.58387327 -0.245551109 -0.776608646 0.757483065 -0.918474793 -0.282345116 -0.232947931 0.567571402
x -2.54590464 -0.340624928 0.759615123 -0.361688226 -1.52693701 0.326598167 0.336686909 -0.270489395 -1.15979576 -0.740675151 -0.313756496 -0.875532866 -1.92017829 -0.769286811 -0.0617439337 -0.507060051
x -0.0755728409 0.08365798 0.896575511 2.20382404 0.73177886 -1.40432858 -2.65694499 -0.0944621712 0.0713884383 -1.16187334 0.272032142 -0.76693958 0.402669728 -0.325518161 0.397462577 -1.74319518
x -0.438466877 -0.148596004 -1.42487478 1.88233829 -0.540773392 1.38997173 -0.664342105 -0.229971156 1.18390191 0.303826839 0.192054346 0.265943438 -1.36615789 -0.389553487 -0.956445634 0.197413653
x -0.543998122 -0.0440591201 -0.0772925615 -0.0363703854 -0.0347471237 -0.652378082 -1.05400276 -0.664356291 1.07153833 0.37416181 0.586955369 1.37996793 -1.17943096 0.509952426 -1.07507408 -0.334332585
x 0.484239846 1.61434531 -0.782164931 -0.0947962552 1.15623677 -1.48980808 0.36211291 -0.308278143 -0.881694973 0.146630824 0.59492588 -0.912099779 0.379989773 0.173369989 -1.2418133 1.55341291
x 1.08990264 -0.85992676 -0.586630881 0.770780206 -0.495449036 -1.83971858 1.04888213 0.00878142286 1.90702617 0.357467115 0.190992489 2.87450051 -0.171867341 -0.951815784 0.229197979 1.13575494
x -1.16512012 -0.908265114 0.449777097 -3.1973455 -1.09267867 0.795484066 -0.586739898 -1.62648308 1.92556667 -1.41053522 -0.523365557 -0.372731507 0.0831443965 -0.369505197 -0.0809650794 0.0574945807
x -0.0866764262 0.0932738408 -2.3789258 0.441064686 -1.40445673 -2.16664553 1.38134789 -1.28551531 0.1798691 -0.772561491 -0.678466201 0.483654767 -1.04822493 0.372674286 0.380692482 1.1644479
x -0.336213231 1.04658222 1.72069466 1.58668232 0.586076975 0.449166059 2.84945488 2.23217607 -0.766617298 0.923609018 0.601959229 0.0722674578 0.153312296 0.487785101 0.937358499 0.218769863
x 0.339793712 1.39214027 0.317720234 0.545022488 0.990230083 1.6332624 1.22704089 0.377214938 0.207815453 -1.22360361 0.292062551 -1.03716981 -1.02403939 0.65050894 -0.100577183 0.472209483
x -0.626963139 1.20120406 0.143772185 1.18772829 0.673440516 0.165249035 -0.478527397 0.0315075777 0.828010499 0.697657704 -1.19558465 1.02568209 -0.213907942 0.815263748 -0.697488248 0.637855291
x -0.796591878 0.129356831 -0.29802981 -0.285572559 -0.566587269 -0.153579101 -1.74063468 0.876599669 0.961686611 -0.442773879 -1.37975466 -0.646709263 0.947614312 0.625520766 -0.300353557 0.897274792
x -1.04148078 -0.612636328 0.474607259 -0.0959133282 -0.589225709 -2.51212764 0.671216309 0.323721826 -1.74292231 0.600325704 -0.0143637592 0.27883479 0.945193231 -0.73988682 0.713564217 0.683854163
x 0.761515737 1.63595581 0.658734858 -0.56155771 1.79838443 -1.10731256 -0.462723583 -0.964469731 -0.102760799 1.08221924 1.297786 0.463517427 -0.609391093 -0.553620577 -0.603196144 0.952840686
x -0.906539321 0.864526272 -0.0325940698 0.172051072 1.51171839 -0.475334018 1.66172862 -1.40945268 -0.824763715 -1.57839143 -0.746781886 0.582882106 0.737729073 0.306775302 0.26709196 -1.17332697
x -1.32683182 0.30389002 1.34780693 -0.364134759 -1.26855958 -1.53328049 -0.680651724 1.57954383 -0.207739532 -1.03794336 -0.609470844 -0.483544976 0.265613407 -0.660016477 -0.889939547 -0.188016981
x 0.468670338 0.717043757 0.550532043 -0.457496941 -1.69507706 -0.798516154 0.284081399 -1.33363533 0.252619237 -0.589975953 -0.58216393 1.11950696 0.218732625 1.37025619 -0.939252973 1.13074124
x 0.909080386 -2.99500275 -0.0882707089 1.54222441 0.778057396 -0.441321164 -0.232790396 -1.30304873 0.206292495 -1.79317212 -1.01530671 1.11916435 -0.0205650441 -0.363426059 -0.105911121 2.74189401
x 1.03518796 -0.775641382 1.66674972 -0.0887949392 0.739716947 -0.586630464 -0.937855959 0.801912665 -0.768886745 -0.781318128 0.897834301 -1.16206908 -1.41925204 0.545054376 -1.95988166 -0.751725674
x -0.365646124 -1.34530699 -1.11739051 0.665872931 0.29245308 -0.945711493 0.529485583 1.51927841 -1.28241777 0.061255794 1.97665131 0.611159861 0.813385129 -0.200152665 -0.797963738 1.1433717
x 0.653724968 -0.0515231863 -0.465335727 -1.74772525 0.15590623 -0.691712737 -0.131854266 0.670975387 0.820002735 0.719000995 2.25506425 1.16511858 -0.746078193 -0.818301916 2.32815075 -0.663326144
x -0.0441353433 1.7448591 1.71531582 -0.0546320304 0.241943076 -1.63510931 -0.90834868 -0.365259141 -0.00566016929 -0.323320478 0.15229398 2.19270158 0.464340866 0.308707178 0.00182635593 -0.171907604
x 1.23294461 -0.991261423 -0.125579521 -1.09577727 0.0871297047 0.119050324 0.920506537 1.19766164 0.663064361 1.62225926 1.58850324 0.315358698 0.373346865 -1.93628168 0.32024321 -0.00509155402
x -1.68849516 -0.431386024 0.957423985 -1.2387743 1.29295111 0.474799305 -0.228388086 -0.142327294 0.829927087 -1.43139434 2.04076195 -0.813419521 -0.765283227 1.22076821 0.790052354 1.32539165
x 1.04598105 0.376395941 -1.27638412 -0.472839922 0.19843936 -0.01718257 -2.05278277 1.04440534 1.73114252 1.46409523 -1.01785958 0.43596679 -2.12649798 1.69001818 -1.93987691 0.410508752
x 1.16257966 1.29132175 0.343970507 -1.42565 -0.101175793 -0.268318474 0.368359149 0.987746 0.662040889 2.1216166 0.661050856 -0.388817519 1.62997961 -0.314528078 0.281863511 0.180777922
x -2.29323125 0.276819944 0.289439946 -0.209705055 -0.141286969 -1.28440344 0.0824633092 1.50292552 -0.177269563 -0.522125781 -0.607728899 2.01708794 -1.35524344 0.844949782 0.111411802 1.92089641
x 1.31126547 -0.0883180276 -1.54146862 1.42963982 1.45804369 -1.10490203 0.745233476 -0.800766528 -0.776190281 -1.60931337 0.932905257 0.271128416 0.494499743 1.45247495 0.66862464 0.584562778
x 0.749273896 -1.06457186 -0.0344651341 -1.20626152 -0.899913132 -0.0918164998 1.06188762 2.05821395 -1.08519316 0.173330411 -0.0709104389 0.527235627 0.582409859 0.362421155 -0.967176557 0.394675434
x 0.892326713 -0.513390839 1.97816491 -0.234913185 -0.633860171 0.29637903 -0.257589489 -1.36717284 -0.0261567868 1.59570241 2.00253224 -0.567041457 0.90527463 0.132529452 0.283886641 1.26737118
x 0.852071524 0.154320419 -0.928744256 -1.12398088 -0.064018108 0.323613316 0.503171921 0.781969368 0.979585111 -2.40307665 0.903440356 -1.0474478 1.11406863 0.336644322 0.630559802 -0.540925741
x 0.282651335 -1.86721253 1.09524667 -0.33083874 -2.58908033 1.0614835 1.67677367 -0.876129508 1.2127099 -0.749755442 -2.26652074 -0.357892483 0.32613644 0.133551136 0.103597946 0.296422869
x 0.21655567 -0.216038302 -0.601381361 -0.265800834 -0.35167256 -0.302922636 -1.10295343 -0.542594373 0.082226187 0.309418917 -0.0640289485 -0.183659911 0.534449875 0.814468682 0.680079877 -1.74990904
x -0.455405086 0.705654562 0.51539731 0.679810584 0.314351499 -0.853536785 1.22256458 -1.35958886 0.985757768 -0.0163751319 -1.47265422 -0.396158814 1.2037518 -0.588401675 -1.2106024 -0.288790286
x -0.818074942 -1.25059998 0.43753776 0.798172295 -0.551731408 0.52362293 -0.387027025 -0.0997141302 0.123402409 1.49328351 0.507558882 -0.999113083 0.515829265 -0.221188277 -0.46636042 -0.839761376
x -0.0262602624 -0.0601324365 -0.40218237 -1.39114738 -1.70717227 0.127984494 0.17820476 2.1831286 -0.178663015 1.02142406 1.19520378 -0.0610667542 0.076801002 -0.429843724 1.77515924 -1.50843215
x -0.0396461487 1.38412297 -0.10768006 -0.570937514 0.232882634 0.526988029 0.567443073 0.281643301 0.750091136 0.945701063 -1.10688293 -0.378891826 0.869691312 0.488620013 0.234600112 0.672478914
x 0.952153742 -0.858047068 -1.22694445 -1.15368152 1.85867417 -1.05443263 -0.234587118 -0.1854783 1.03106022 -1.73832107 -0.0392682105 1.21438837 1.11489975 0.40931198 -0.260939091 1.7576834
x -1.67194712 0.980985284 0.508177876 0.591036677 0.265808821 0.205180153 0.930787981 -1.15304482 -1.24655199 0.162453234 0.0521507934 0.163660169 1.590433 -0.579309344 0.751318753 0.384447694
x 2.36656237 -1.40218663 -0.546007097 -0.45679003 1.32060289 -0.819918573 1.65794301 1.59810829 0.865612626 0.437376052 -1.55617821 0.1821495 -1.43067169 -0.362626404 0.203100726 -0.308871388
x 0.950805604 -0.12917614 -1.5485822 -1.06005728 -1.27390838 -0.31643039 1.24758482 0.505746067 0.339509457 -1.28538144 2.36916375 -0.0282631628 2.41691256 -0.867421448 -0.567846477 2.59966159
x -1.07499397 0.418705821 -0.338205278 -0.813412368 2.16107965 -1.00413108 0.897435009 1.10431254 -1.01180148 -1.89722526 -1.78063989 -0.799583495 0.222664669 0.335442126 -0.189046577 -0.105306588
x 0.974047363 0.768152952 0.378754228 -0.616967142 0.777572751 0.181209683 -0.747835159 -0.576895893 1.22864771 1.84538198 -0.529726744 -2.07806826 0.587463737 -0.903262854 0.732498169 -0.37595728
x 2.22959852 0.112244502 0.902850688 -1.21505368 -2.81929135 0.135331124 0.261963099 0.720299661 -0.553811431 -1.29183853 -1.60049534 0.553140938 0.710290909 -0.87575835 -0.528034627 -0.728185415
x -1.89520752 0.199115604 0.846016109 -0.223349705 -1.42247236 -0.198321879 1.36442268 2.12990618 0.269097149 -0.788941026 -1.98557544 -1.54593611 -0.0888875499 0.225765437 0.256639928 -0.262977451
x -1.54322207 -1.57645595 0.147324368 -0.824567854 1.30483556 -1.45891273 1.68709791 -0.666496158 0.223188996 0.223161936 -0.344007552 -2.01348281 -0.482395381 1.52246022 -1.28079331 -1.8421092
x -0.218873501 -0.412387073 -1.29284179 -0.752572715 -0.481079072 -0.41287446 0.162773818 0.706663251 0.387074918 0.341748744 1.680143 1.09530318 -2.91284013 -0.363161832 -1.57655025 -0.689136446
x 0.771073878 -0.201186121 -0.428389251 1.31697154 -1.50377798 -0.0938143507 0.548758864 0.0241347048 -1.16327524 -0.0225675628 0.807512164 0.357249975 0.317691416 0.30744803 0.135191694 -1.24126077
x -0.309102178 0.430837691 -3.11450911 0.757177949 0.337424457 -1.08417976 -0.74635011 -0.203841299 0.413434952 -0.374026656 1.16700315 0.413125604 -0.786571383 -0.471181929 0.227579623 0.728374004
x 0.680015504 -0.0975937545 0.14949505 -0.0251010414 0.821989954 -0.9862445 0.602842689 -1.85240304 0.451032966 0.256212831 -0.000374151918 -2.13260937 1.56672406 0.898411155 0.0254483335 0.458707333
x -0.939382136 0.512273133 1.5600872 -1.17808557 2.69275737 -0.436928958 0.827407897 -0.82611078 0.390405625 -1.27393937 -0.658994019 -0.228577286 -0.655821621 -0.24142997 0.975952864 -1.27708519
x -1.19575322 0.0470592566 -0.564189672 -1.00374901 0.132032797 -0.564366877 0.336140186 -0.0397600718 -0.20121491 -0.0682399571 1.02324045 1.31410444 -0.159604296 -1.02996755 -1.51129162 -2.23357821
x -1.17595589 -0.852319717 -0.0525355488 -1.88053882 1.4296912 1.06355572 1.24517035 -0.51289022 0.244001254 -0.94736433 1.54980958 -1.21302509 -0.513625324 1.4234159 2.48981214 -0.0917264819
x -0.414234221 -2.50713205 1.71045196 0.30818218 -1.88394082 0.871356905 0.61388129 -0.354399621 -0.557836354 0.730125308 0.23394534 0.486833632 1.22649479 1.19318998 0.760513127 0.58528471
x -1.27818477 -1.1154592 0.818522692 0.64720279 0.518181741 0.840347171 -0.554003358 0.564923406 -0.988880992 0.0623801388 0.929325938 -0.676864445 1.95290792 1.13407946 1.37210715 -0.211156398
x -1.38894939 -0.698589802 0.551666975 -0.279003024 0.721365154 0.150454924 -0.589753747 0.934215307 1.35174465 -0.732149184 0.511907637 0.156594172 0.280879647 -0.104107462 -1.25268137 1.40952373
x -1.04359186 -0.87062633 0.656270564 0.179874793 -0.796037018 -0.657547355 -0.158697486 -0.436082184 0.646526337 -1.16421914 0.363320678 1.53053486 0.201362193 -0.888293386 -0.723038495 0.0436644778
x -0.624214113 1.23460221 -1.84038365 1.63896286 -2.02498984 -0.0410088748 -1.08297217 0.820183218 -0.774033666 -1.13306785 -0.340024978 -0.411008716 -1.9350301 0.454516143 -2.39262557 1.17633736
x -0.330064863 0.953006804 -0.600558162 -0.793107092 0.651748121 -0.584139764 -1.54760611 -0.0870768726 -1.37706959 -0.0129072219 1.37893951 0.962668359 0.0018517311 -0.165718734 -0.316785395 -0.637545407
x 0.355073869 -0.15788509 -0.381699145 0.270047754 -2.01837683 1.95648015 0.630133867 -1.3937633 0.115046509 -1.12908518 -0.539268315 -0.895109415 1.09186089 -1.92073345 -0.354393393 -1.64906299
x -0.0204496216 -0.317708015 -1.40671992 1.43973446 1.56344295 -0.56418252 0.521928191 -0.148806676 0.243440703 1.53213096 -0.268640608 1.79216743 -0.288194865 -0.093553938 1.88931739 0.275217205
x -2.03194165 0.224802881 -1.2818532 -1.6626029 -0.942642868 0.326080382 -1.11336768 -1.40125847 -0.379761547 0.404610634 -0.696378291 -1.30643642 -2.17269254 -0.7762025 0.844308436 1.00209022
x 0.789811432 -0.17529124 0.129351377 1.26770341 -0.868677437 0.364075571 -1.87089634 0.682297647 -0.45104304 -1.15563142 0.772833943 -1.1112349 -0.867281675 1.53681839 -1.04602504 -0.656005025
x -0.68325448 0.784800947 -1.83591175 1.25039566 -0.243353859 -0.316866368 -0.896681428 -0.145451322 1.47039354 0.212852389 -0.932540178 -0.347355157 0.534453094 0.0853250697 -0.257310599 0.604572892
x 0.361086696 -1.07771599 -1.9149164 0.500488222 1.85744417 -0.820731401 -0.141011715 1.35408139 1.73963392 0.0652358904 1.24972522 0.750633955 -0.555815756 -2.0188117 -0.909427583 0.369229317
x 0.419254839 -0.502244532 -0.857699931 -1.6003052 -1.68033373 -0.12212012 -1.57473397 -0.0151059898 -0.797980845 -0.426164538 2.12536764 0.0482625291 -0.343552917 -0.173335835 -1.47365725 1.33914924
x 0.847816408 -0.531995118 0.229288176 -0.671577752 0.396281242 -1.34297276 0.267470717 1.50126982 0.446281284 -0.590089381 0.949769974 1.95054305 0.730934024 0.0972340107 -0.802218318 0.435639024
x 1.92226672 -2.01688027 0.977289438 0.147791877 1.51335669 -0.127935022 -2.16372252 1.99143744 -1.15938294 0.800320208 -0.127570286 -0.0395862944 0.137623861 -0.545866072 0.186583862 0.307675034
x 0.801600575 0.125021517 0.318692148 1.32818449 -0.902021825 0.0701438934 0.478312522 1.03543639 -0.0635821447 0.0993488878 -0.344946921 1.24025607 -0.321172059 0.685292602 -0.101875097 0.0308447145
x -1.22305822 0.0567120798 -0.0296460856 -1.4836005 -0.740440369 -0.453852296 -1.52870464 -1.2171638 1.46956336 -1.02998245 -0.856678009 -1.39576113 1.22738194 0.918208182 0.318216622 0.0842407048
x -0.491873741 -0.284409165 -0.674154758 0.658267438 0.692194402 0.912628412 2.04889512 0.707168639 0.634528399 1.00369799 -1.54200983 0.00473246444 -1.51250291 1.57725215 -0.493009627 1.77312076
x 1.06152308 -0.552236199 -1.65976644 -1.12401736 1.0387212 -0.321302593 -1.4812851 -0.224711716 1.69270599 1.60923684 -0.473086149 0.308115214 0.612745762 -1.4791652 -0.532922506 -0.405413389
x 0.404052198 -0.510301352 -1.39738703 0.324206799 -0.642007351 -1.22789621 -1.22539675 -0.222978324 1.45105708 -0.174545974 1.07312512 -2.24613166 -0.838661075 -1.25798988 -0.274555176 0.770194829
x -0.546466827 -1.2444917 0.947739422 -0.762132525 0.272558093 -0.66499728 0.517126501 -0.383547157 0.79515785 0.621004403 2.22126937 -0.0801744014 -0.975331306 -1.16111732 -0.5973171 0.375314295
x -0.713824987 1.51896751 0.200318173 -0.977018952 -0.46295324 -0.638380468 0.178267255 -1.02537358 1.2819643 -0.356309354 -0.237279683 0.923149943 -0.748471975 -0.00137119752 1.7922138 0.411143214
x 0.293822944 -0.476395339 -0.994240046 1.7488091 -0.16010794 1.8979913 -0.683894753 1.25495279 -0.205316767 0.416781753 1.21670866 0.441534609 0.802577019 -1.56292963 -0.460701525 2.04468894
x -0.229136407 0.318629622 -0.163089767 -0.621578038 -1.49405885 -1.14174175 1.68257022 -0.0790606365 -1.18880868 -0.90406543 0.873428643 -0.947149932 -0.625351846 -1.11663365 -1.25913024 1.6490612
x -0.140889555 -0.321506917 -0.601449609 0.712452888 0.0614713281 0.29234156 0.136865854 -0.35732168 -0.480888486 -1.73490214 -0.491778225 2.16355801 -1.23943663 0.00437184703 0.335725427 1.19402516
x 2.65827656 -0.396795928 -0.877103269 1.0601722 0.213008896 2.00637794 0.725337088 -0.668797135 -0.196635112 0.42303887 0.500688851 -1.13411534 -1.92420661 -1.60377681 0.617160082 -0.153238267
x -1.83484149 -0.550840259 -1.9370153 -0.263178527 -0.865359604 -0.557965815 -0.0843548775 0.182629973 0.0595553704 1.29167771 2.40102839 0.851964355 -0.189632386 0.751967788 -0.72726649 -0.825837195
x -0.871244609 0.292359442 1.23850584 2.22413588 1.32427156 0.697687387 -0.688326716 0.076648213 0.543459296 -0.122253083 1.86286163 -0.819950759 -0.714137793 0.380044997 2.00680041 -1.81274235
x -0.846040189 1.28790307 -0.678951025 2.05909491 -0.821519673 1.07232594 -0.0881774798 0.459558934 -1.0358851 -1.60620749 0.775549591 -0.529307604 -0.918693066 -1.1052928 -1.04503572 1.35322666
x -0.922643304 -0.542472839 1.96668446 -0.432315886 -0.00565637043 0.367650896 -0.29599908 -0.688126624 1.27888477 0.319830716 -0.629493594 -1.38529813 -1.15767205 -1.02454543 -2.15598392 1.17393839
x 0.102100693 0.536653876 -1.41887426 -0.48510769 -0.240099519 0.0755897835 -0.206285954 -1.24492431 1.09184921 0.710283995 0.0748600215 1.03223383 1.20810342 1.39390635 0.163025394 -0.314795047
x -0.479811937 0.891232967 -0.701464891 -0.913526118 0.554396927 0.523004174 0.636549652 -0.849218071 0.300737202 0.91529721 -0.479831457 -0.268138349 -0.297954053 1.51921833 0.900808632 -1.34056985
x -1.52075148 0.650110722 -0.213103086 0.532572448 0.265695423 1.00960088 -1.62571502 -0.547863007 0.250994056 0.234469533 -0.948139369 -0.527158916 -0.585842788 0.0446791686 0.700564265 -0.275468498
x -0.153054059 -2.09417748 -1.06110346 1.85298002 -1.71470761 1.3643918 -0.297891796 -1.96320176 1.45768464 1.28406894 -0.503248215 0.867276967 -0.355894536 0.0509262756 0.166269496 -0.231010556
x 0.524372637 0.385749012 -0.522884905 0.295993149 -0.520587504 0.133818656 -0.496869594 0.0972906724 1.6006459 -0.653891444 -1.46312702 1.59414542 0.292444408 -0.650614202 -0.249649927 -0.913751066
x 0.937843859 0.713339031 0.628572345 0.220203429 -2.05004168 -1.18697834 0.284400314 -2.65494895 -0.0792556182 -1.02531242 0.633293688 -0.196601376 1.05891812 0.33765468 0.113748752 -0.973339558
x 0.627708614 2.37928271 -1.71044445 -1.02373445 1.66409266 0.511791229 -0.295929611 0.781978428 0.332492113 -0.652621925 -0.668290913 0.855275273 0.343304724 1.0776825 0.653780758 -0.613995314
x 1.52411616 -0.923162937 -0.453295082 -0.782782137 -1.40118015 0.622593641 -1.05285323 -0.684224844 0.942772925 0.865213156 -0.621424198 -1.30803943 -0.10425365 -1.59786594 -1.01042426 -0.387776285
x -0.158130229 -0.5552302 -0.145344898 1.38204026 0.627126157 1.37922621 0.896029413 0.231981665 -1.21384025 -1.33608711 -0.020585278 -0.408607602 -0.934543073 0.409704626 1.22407913 -0.0680874884
x 0.0858355612 -0.546964884 -0.687940896 1.97365308 -1.25641108 -0.161224663 -0.447140157 -0.109891631 1.04633331 0.993762612 -0.140111998 1.1234957 -0.766547143 0.355677098 1.77951205 -0.577587962
x 0.205117404 1.49857998 -0.84247756 0.0643251464 -0.314800382 -1.11694312 0.404261112 -0.844129086 1.65575445 0.020661192 -0.210149541 0.040871799 0.102787383 -0.199224219 0.0572285205 -0.574811578
x -0.499439508 0.527043521 -2.13635039 -0.79948318 0.00855520461 0.342380464 -0.390541494 0.136224046 -0.349464685 -1.8607136 0.940470874 0.267995983 -0.957357049 1.47497499 0.677494466 -0.625504434
x 1.10656679 0.53902781 0.828874767 -0.601793766 -0.556633472 -0.822464168 -0.541058481 -2.31308842 1.0837661 -1.18044817 0.5697124 -1.29821932 0.116806813 -1.1923517 -0.0198789816 -1.59969628
x -0.591921031 0.659640729 0.21389623 0.171045899 -0.858435929 -2.19653225 -0.893025756 -0.510950744 1.479249 0.569523931 0.316462368 -0.581863403 -0.729259551 0.640621722 -0.372051239 -0.336894453
x 1.91785455 -0.981819391 -0.281605721 -0.249689952 -0.651333094 -1.41156662 1.27235067 -1.41244626 -0.90761441 0.256265223 -1.24373567 -0.155799747 -0.256595045 -0.236750051 -0.140066728 -1.40842068
x -0.549502969 1.28451288 1.16394353 -0.58077848 1.08489585 -0.939865172 -1.36395848 -2.01726317 -1.11299825 0.45987767 -0.325547934 1.66163409 0.839436412 -0.354214728 -0.223280549 -0.215911761
x 0.99910593 -0.384189844 -0.0145021342 -0.735444307 1.29875422 -0.349110246 -0.646796584 -1.52014077 0.966247439 -0.591702461 -0.0703882426 -0.410446733 -0.186518282 -1.98254812 -0.784579158 -1.08361149
x 2.17839527 1.34686589 0.438076764 2.48676372 1.27732241 -1.34472346 -1.28522468 0.267864972 -0.0693745166 0.211477309 -0.824931145 1.84550416 -0.351113468 1.12023032 1.45939159 -0.585235417
x 0.576381147 1.59297836 1.4582454 0.751768887 0.439705342 0.0788504481 1.26876688 0.583060622 0.124291271 -0.472707003 -1.35265708 -0.173523679 1.86445737 -0.483612061 -0.641222835 -0.240662083
x -0.21286878 -0.559174955 0.643237591 0.325793236 1.18287086 0.601510346 0.186484367 -2.10306621 0.197147325 -0.653129756 1.07772791 0.0734399185 -0.762617826 -0.543240607 -1.20148706 -0.547547102
x 0.315186828 1.17882359 0.519855976 0.80969584 0.891105354 -0.323626518 1.45314586 -1.35170674 0.123382434 -0.525755286 -1.9654454 1.65899467 -1.99769139 0.689350247 1.7931751 -0.20312342
x -0.115371652 -1.89878309 -0.249807 1.45091832 -0.522119462 -0.974398971 -2.31574988 1.28567863 0.411788404 -0.302019566 1.04278386 -0.530681372 -0.334018528 2.12402081 -0.896265686 0.290332377
x 0.223523483 0.0974420384 0.00627375068 -1.30666065 -0.137500912 -0.242470965 -0.668924451 -0.833539963 -1.00172222 -0.809426904 0.409095973 0.0364562422 1.65549755 0.603332877 -0.59505856 -0.539115667
x -0.172971815 -0.350021124 0.00369403674 1.94119668 -0.151978731 0.131996989 -1.1916368 -1.50054657 -0.135641605 -0.41728586 0.201704219 1.35698807 -0.510464489 -0.684588373 0.978498161 -0.435679406
x 0.057514973 -0.105679512 1.87918484 -1.68313622 -0.820905745 0.650792599 1.16009605 -1.02906847 1.17884099 -0.471035659 -0.726261377 -0.630125046 0.353830367 0.484606266 -0.874779522 0.205963835
x -0.382091612 -1.1927774 1.69178641 -0.967519164 0.1025405 -1.16486359 -0.431393802 0.0908719376 0.16139549 -1.02375662 -0.119873077 0.349946052 1.48417771 0.798152328 1.07288206 0.633024216
x -0.667114615 -0.328367352 0.90653044 -0.68742615 -1.12134993 -0.0437774323 -1.81799531 -0.782421172 -1.13954842 -0.412496388 1.31234193 2.31918502 0.593050838 -0.960629284 0.731100619 0.420491874
x -0.602368176 0.881077111 -0.483563721 -0.579444647 0.0573709123 0.685462415 -0.368318021 0.355220258 -1.82942271 0.292278945 -0.478440344 -0.522920191 -2.52578974 -1.44920242 -1.7455461 0.605453789
x -0.921931446 0.273319334 0.658909321 -0.546415627 -1.02745855 1.21051013 0.261941373 -1.23268354 0.480415225 -0.663818836 0.464891851 0.826175272 -0.816938698 0.491640419 -3.01145005 0.547128081
x -1.96005714 2.5255549 0.354162425 -0.613547504 1.13328028 -0.784445107 0.119175151 -0.284906596 0.00117764063 -0.559544683 0.438139796 -0.739849806 0.112520561 0.628493488 -0.595504284 0.835624695
x 0.485723346 -0.295523286 -0.513995469 -0.048794914 -0.452848285 -0.513830781 -0.132691488 -0.212238044 0.106777243 1.41978693 0.911771595 0.849559963 0.517316043 -0.603788495 -1.06066155 -0.22756356
x 1.18615854 1.19919693 -1.45802152 -1.77414608 1.67486024 1.42501354 -0.626561821 -0.0772176608 0.0499888472 1.10318494 -0.487976342 0.59179014 0.2737782 0.300631285 1.05401659 0.146658763
x -1.28132188 0.902404666 -0.487047881 0.897811711 0.264749169 -0.978026807 0.255050242 -0.635034621 0.270216942 -0.404292643 1.01005054 -0.711726964 -0.367632687 -0.699881732 -0.793898165 -0.269753277
x 0.214207709 0.560722411 0.0510386564 -0.455081612 -1.55908358 0.942128122 -0.507619321 0.400732607 -1.06510746 1.51422191 0.691555381 -0.888652742 0.348065168 1.34273577 -0.176620886 -1.70130134
x 0.456813306 1.84740925 -1.5972296 1.02482665 -0.232855558 -0.0911674798 0.19173488 0.0123192053 0.862787783 -1.16456664 -0.0860398039 -0.93558538 -0.510712087 2.97257423 -0.845953345 0.448855013
x 0.306322455 -1.9199512 -1.14721727 -1.81621099 -0.152877644 -1.3146522 -0.897252798 -1.53512907 0.673194528 0.59686482 1.4863565 -0.175874233 0.738088489 1.12960029 2.0920403 -1.24955165
x -0.810341656 -0.980956793 -1.38662827 0.714441419 0.72813338 -1.3978138 -1.08572459 0.313699156 -0.491704702 0.229012489 -0.169076025 1.06001639 1.12670887 -1.82984924 1.35628498 -0.48181209
x -1.13403249 0.602906525 -0.97969842 -1.2572391 -0.344971389 1.36119628 -1.81791317 -1.0413233 -1.69154656 -1.20473015 -0.148560911 -1.31978881 0.310377508 0.105819747 0.722204804 1.92003548
x -0.988473654 -0.480936706 -0.604304612 -0.45216614 0.403362393 0.599837661 -0.505960524 1.33170378 -0.27163735 -0.115887776 -0.889912307 0.667975307 0.745711625 0.00280336943 -2.15300989 -0.243851364
x 0.593274057 -0.417285353 -0.0967280492 0.512556195 -1.81939209 0.794706166 -1.89369845 0.0955397636 0.574959695 -0.501948118 0.467149287 0.493859947 -0.531732082 -0.424378574 0.803892553 0.306473345
x 0.60048908 0.41083616 -0.569328845 -1.05696952 -1.02138352 -1.33595014 -2.00881362 -0.590024531 -0.900814056 0.0643331483 -0.228283554 0.373149067 1.12583029 -0.980930865 -0.250243157 -0.380736023
x -0.873568714 -1.19300866 0.0596487001 0.263559848 -0.277278364 0.562356532 0.31180945 1.0116632 0.0432626009 0.153191864 1.12079561 -0.43161574 0.462047637 0.995344937 0.902661383 0.831843555
x 0.625077903 -0.282109261 0.98443985 -0.502869785 -0.420158833 -0.212331027 0.542058527 1.60950685 1.32128716 1.2743907 0.691827834 0.1555987 -0.867496133 -0.583159804 0.139861301 1.70718014
x 0.578614235 0.37289533 0.581597388 -1.34022081 -0.66017884 0.516495287 1.02362192 -0.593073666 0.558979154 -1.88238585 0.504441798 1.42766583 -0.200041696 -0.61501193 2.67544603 0.0496453382
x 1.38356102 -0.649445891 -1.18829525 -1.52946639 0.996083021 -1.65759516 -1.99552679 -0.613344133 -0.388478309 -0.275367439 -1.24011111 -0.807250619 0.0571369976 -1.93269253 0.0979966819 0.605940521
x 1.37326992 0.455694139 1.15742719 0.301230878 1.49451065 0.127680525 2.0873518 0.599843919 -0.557282805 0.184727505 -1.74169946 1.2110827 -0.273342252 1.23282361 2.20936036 0.0104383454
x 0.0382553078 -0.150995269 0.373089999 2.21643901 1.28405058 0.241433457 1.06046855 -2.05796337 0.123921975 -2.82953715 1.12431669 -2.16876984 0.547651887 -0.902832091 2.55912256 -1.26455534
x -0.328824311 1.69259703 0.443672657 0.20734331 -0.229827896 0.094533138 -0.749554396 -0.165582344 -0.0436867625 0.730899453 0.0812377334 0.846710742 -1.48694444 1.41068447 0.457790524 1.63954365
x 0.532176554 -0.101512589 0.141166672 -1.15351641 -0.226129606 0.186331734 0.134693965 -1.6363709 0.490809739 -1.00332057 -0.21468097 0.851276696 -0.706305325 -0.125119179 -0.440147549 0.540320754
x -1.15222025 -1.5511868 -2.07425737 2.17595601 0.677884698 1.61823654 -0.374036759 1.12251806 -0.445168614 -1.26277852 0.846960485 -0.294448614 0.259905249 0.418944061 0.591479838 -0.212751448
x -2.30946422 -1.18804598 0.565494478 1.94691598 -0.0351774357 1.37975645 -2.37669349 1.49009562 -1.13558495 -1.01348841 -0.299781919 0.296684086 -1.19774938 0.996105313 -1.44219923 0.136032388
x -0.883816004 0.213387385 -2.01756907 -0.9793033 -1.24905586 0.909678996 -2.23968768 1.730914 -0.513252199 0.189818397 -2.54751563 -0.796982408 0.837620258 1.50035894 -0.990955234 1.13273895
x 0.175002992 0.64199549 -0.212498337 1.51498032 -1.70755994 0.642418861 1.5376755 0.769137084 -0.286651254 0.517544806 0.261412531 -0.27533105 1.06962812 1.34279025 -1.36068726 1.8584615
x 0.0517412201 -0.170730963 0.92642951 -0.767200887 0.468177468 -0.327467233 -0.0349363536 0.387422174 0.0211431868 -0.328195363 1.20518041 0.573683381 0.499274522 0.884944081 -2.08931208 0.909275174
x 2.30698252 -1.03428411 2.51806784 -1.79007363 -0.697459221 0.674295723 -0.59773308 -0.890076935 0.153043762 0.437280476 0.874435604 -0.272152126 -2.02861333 0.572603464 1.2954278 -0.461258978
x 0.786732078 -1.36322725 -0.722371817 -1.18642986 0.0960411131 -1.17149079 1.65627575 0.512399495 0.0435892642 0.715818405 1.27747107 0.388756454 -0.836556613 0.0872922689 -0.436332375 0.538557589
x -0.387105644 0.0708620399 1.05013061 -0.798611999 -0.147684336 -0.233387813 -0.609542549 2.55888653 1.16937792 -0.658712268 -0.642187297 0.341347963 1.26650751 -0.102453895 0.852499723 -1.74708188
x 0.404359758 1.3253231 0.16236949 -0.635446072 1.11125243 -0.98338753 -0.282191843 0.614010036 -0.907900155 2.65120196 -0.189526826 -2.01242781 1.10402203 0.362418205 -0.0367289819 0.492824703
x 0.643198967 -0.101122968 0.694690883 0.398064613 0.960758269 -0.475749761 -0.377172947 0.636276484 0.709191978 -0.0158353616 0.103885576 0.961361408 -0.844371557 -1.19412243 0.801151454 0.392302662
x -0.69824779 -0.280682594 -0.754540265 -0.517673194 1.32663786 0.05381326 -1.10881615 0.527352393 0.529862285 -0.0597802103 -0.0673541054 0.505698502 0.771215379 -0.0966213122 -0.56398505 -0.227154851
x 0.980592906 0.773778021 -0.420685172 2.84115767 2.51127768 -1.05222631 1.02993548 -0.99627465 0.0441647992 1.55381393 0.774034023 -1.19376934 0.517868102 -2.4529407 -1.58613431 0.0352775231
x -0.825639188 1.57734025 0.133496776 1.27759254 0.117580973 0.169498801 0.17283234 1.96651709 1.6176002 -1.11862314 -0.25987047 1.68601978 -1.50589383 1.83897567 0.634449542 -1.02059543
x -2.22187924 0.0599699579 1.74315155 0.234499782 0.554271758 0.486785203 -0.245719403 0.397213638 -0.627743304 -0.573211491 -0.9237324 -0.37397927 -0.37459749 0.186650306 -0.345572263 -1.65741765
x -1.10550368 -0.267987758 0.529139638 -0.289489061 0.390776962 -1.53862238 1.18928385 -0.461253375 -0.805880725 0.0387567319 0.450714797 -0.226007 0.660040319 -1.76609766 -0.100061551 0.861030638
x 0.479559213 -0.283624202 0.325463414 1.75672412 -1.12933147 0.261961251 0.126204774 0.698013783 -1.14120388 1.60179961 0.871608257 2.31883717 0.0806344822 -0.601913273 -1.79682934 -0.472041994
x -1.26891673 -2.01117945 -0.866167665 -0.261609346 -0.166912764 2.58485866 1.55928814 0.196086287 0.720573902 -0.376968026 -0.41373378 0.49852246 -0.111353658 1.60113084 0.752331316 -1.03483462
x -1.4902178 0.159120247 1.20437789 -1.04547644 -0.92939651 2.40264583 0.0300771818 -0.33135888 2.48848057 -0.293730617 -1.12893641 0.0837229192 -1.24860537 -1.58509171 0.965359271 -0.556952834
x 0.491081953 -1.10734642 -0.240248203 -1.22942841 -0.943461657 1.75143659 0.750500381 0.682450771 -0.0205759332 -0.347073495 -0.0258790348 -0.429875523 0.516167939 -0.0933051482 0.198339239 2.67743421
x -0.00220807595 -1.08707428 1.59417164 -1.0305115 -1.03474188 1.81257522 0.446993232 -1.00851035 0.101237342 1.41801977 -0.904103279 0.216642901 2.44516706 -0.12580198 -1.66707051 -0.378240228
x -0.278264821 -0.518385053 1.75340331 0.212926015 0.0422850922 0.561784744 0.160355464 -1.92622173 0.681456447 0.55366385 0.394948095 0.740109205 1.12100971 1.39314294 -1.59646237 -0.755663931
x -1.0166868 -0.454978347 0.368569881 -1.78544033 0.669002891 -1.5141592 -0.993586302 -1.21976852 -0.493162274 0.321131527 -2.0576005 1.56145203 -0.965279043 2.16385102 -1.53900599 0.863650858
x 0.569539487 -0.232980385 -1.43187523 -0.468279749 1.28960979 0.858156979 0.860220194 1.49231803 0.486700982 -0.0618638135 0.872919142 0.697365582 1.37771749 0.477680594 0.611409307 1.01237488
x 0.00026772439 -1.08429122 -0.0349657424 0.0994535759 1.12766576 0.653200984 -0.500412107 0.231257945 -0.298145711 -0.493848592 0.814244509 -1.04452121 1.06387079 -0.34292078 0.432170033 -0.399881899
x -0.662305534 -0.6299631 0.845158696 -1.69768846 0.11778833 -0.643580437 -0.506967485 1.82336986 -0.701057673 -0.737133384 -1.54677415 -1.87015462 -0.241409227 -0.685393691 0.690893829 0.202551559
x -0.910176218 1.46848977 1.0994947 0.01900254 0.783586144 1.71290839 0.393642366 -0.547052801 0.117194444 0.173700646 0.2775729 1.14583087 0.31767869 -1.65206444 -0.800517499 -1.06652749
x 0.354517251 -0.268622845 0.35267657 -0.494366765 -0.728345692 1.01732266 0.403002053 -0.239339322 -1.66291225 -1.28658891 -1.18437397 -0.0611879379 -0.958606482 1.07003558 0.742418826 -0.164936706
x -0.851745784 -0.502610326 0.291073203 0.0210380815 -0.212322444 1.17292345 -0.349602491 -0.138048276 0.553961575 0.270785362 1.08082592 -0.49232164 -0.778697491 0.657863736 0.12747778 0.791918457
x 0.721766233 0.707012117 -0.975079536 -0.096774511 -0.539553165 -0.466965914 0.123339921 1.51590228 2.0885036 -0.822857141 -0.0407676473 -0.804931104 -0.779798806 -0.27031827 -1.62174034 0.359530866
x -1.12757862 -0.174895912 -0.798462689 0.679475069 0.800265253 0.604538739 -0.0602092035 -1.60953093 -1.05974805 0.442283362 -0.610004604 -0.320834339 0.514071047 2.11289167 -0.745451331 0.431610912
x -0.571036935 -1.12619746 -0.344799966 -0.252951831 -0.435965717 0.508501947 -0.289641976 -2.06231737 0.527463734 0.480646551 -1.4353348 -0.676240623 -0.482201368 0.677754879 -0.25079447 0.95062393
x -0.757662535 0.852140903 0.00164933619 -0.371170968 0.833251357 0.796068072 0.575345814 -0.128338352 1.04660177 1.19373465 -0.311109811 0.107510678 -1.51627588 -0.681774616 0.973581612 -0.955438554
x 0.333990574 -0.0381301828 1.64357686 0.139408588 -1.87712431 -0.422662675 0.422342062 0.607450306 0.464360386 1.270401 0.252669364 -1.89372981 -0.639574111 0.211368248 -0.684207916 0.347977132
x 0.283706754 1.61266625 -0.705577493 -1.20202279 -1.25470364 -0.475794584 0.50036186 -0.156503215 -0.689281523 -1.1084615 -0.235261023 0.620011926 1.1153177 1.24853575 0.710303664 0.30403465
x -0.623707116 0.311141253 1.48377049 0.108020991 0.745342791 0.00244888873 0.473623306 -0.925983906 -1.28077805 -0.983396769 -1.94773138 0.859828055 2.38363171 -0.208699957 -0.793943584 0.355731875
x 1.5945704 0.0904857293 1.28418469 -0.00952557661 0.232758924 -1.51635551 0.349677771 -0.930375755 -1.04742205 -1.56664598 0.600732565 2.28533459 -0.720827222 -0.269604385 -0.360602617 0.441126466
x 0.983467877 -0.0367077254 -0.40017733 -1.79736495 0.632731795 0.0792515948 -1.80775177 -1.1740557 -0.98618108 -0.445947617 -0.897570074 0.777638376 -0.951260448 -0.505141973 -1.04654109 0.690848053
x -0.431052566 0.00531864958 0.552653074 -0.0102710277 -0.141869575 0.752081871 0.374654293 0.115869388 -0.384819657 0.163089126 -0.71915561 1.4956367 0.283765346 0.450323254 -0.641318381 -0.223181665
x 0.690264165 -1.9491781 -0.270560592 -0.641786695 -1.13398802 0.680408716 -0.767938852 -1.03941298 1.00114262 -1.87890685 1.03354275 1.06614125 -2.04446793 -0.227973461 0.286821157 1.01779771
x -0.530557454 -0.165807098 0.744602859 -0.90174216 0.582120419 1.10509729 -1.04871869 0.29938218 0.0780147091 -1.05043387 0.151749924 -0.257677525 -0.793771863 -0.361195087 -0.976983488 0.398167223
x 0.409551382 0.756549537 0.100385293 0.210983291 -0.559065282 0.651558161 -0.624957502 0.564639807 -0.457756251 -0.774318099 0.389683664 1.63455093 0.856048822 -0.449363172 -1.38952494 -1.50285137
x 0.280289471 0.163784549 -1.9300139 -0.158915162 1.07699096 -0.025588423 -0.0323618427 -1.16019213 0.689624012 -0.70670855 -0.570315003 1.14616668 -1.0132283 -0.202525556 -0.0101038227 0.385187238
x 1.53784442 -0.0183401499 0.522123516 -0.0923057124 -1.67406654 1.11233842 0.732428372 1.20135081 -1.05206311 0.141921699 1.90127659 2.20470214 0.0753720328 0.296088487 -0.959985673 -0.205889896
x -0.765458286 1.04576528 -0.403318107 -0.0913604945 0.794436216 -0.132000238 1.03967834 -0.168373808 0.748781621 -1.01152599 -0.0171362683 -1.47552907 -0.862870097 -0.738064766 1.93290508 -1.05868924
x 1.93824697 0.660311639 0.461881727 -0.729187012 0.814060211 1.88715804 0.978912294 0.397765547 0.0762359723 0.690786242 0.159167901 -0.207250029 0.870314598 -0.331448704 0.887439787 2.10422039
x 0.960198939 -0.482336283 -0.187016845 1.06059945 -0.823669136 1.8683368 -0.195081055 0.138580292 0.42201978 3.25719905 -0.0874649212 -0.572328746 -0.403706253 0.657470644 1.69637895 -1.0172435
x -0.352538437 -0.219294325 -0.386069238 1.50104785 0.885657847 1.4164263 -0.479742765 -1.0967927 -0.0511158928 -0.747573614 0.215045929 1.0597018 -2.18658376 0.73845768 2.14182806 -1.22600174
x 0.321496457 -1.17785096 -0.872916877 0.114180781 1.82457805 1.60898948 0.113822326 1.02680731 -2.76557803 -0.352207869 -0.250909686 0.573610425 -0.783723533 -0.885119796 -0.922937632 0.569503784
x 0.374765664 -0.366437316 0.936741769 -0.14096956 -0.627443612 -0.69419384 -2.09408045 0.164250985 0.694519579 0.498157591 2.66120601 -0.351815432 -1.28977787 1.78770173 1.56594896 -0.78423512
x -0.058973968 -0.489866406 0.541139007 -0.336872548 0.770053267 0.983355582 1.98302746 -0.412383378 0.774579942 1.04260206 0.24219279 1.62305439 0.442783952 0.143405154 2.12721205 -0.769750476
x 1.19475198 -0.734439671 0.598459721 0.817065537 0.956493795 1.45286155 -0.664814591 -1.2459811 0.212564677 0.325668097 -0.0787557214 2.49501324 0.128748074 -1.27804899 -0.713284552 0.474137127
x -0.0907245353 1.18808758 0.892340541 0.922260165 0.863527596 0.820188463 -0.116741091 1.56535435 1.13021481 -0.695874989 0.448069066 1.04314649 1.45135128 0.47932449 0.866275132 -1.94727993
x -0.250316739 0.00904989894 -1.01625013 -0.00142796827 -0.26042223 -1.15996718 0.564368904 -0.65997082 -0.389459133 0.969947636 -0.645420849 1.40066278 0.471422315 -0.832139552 -1.45193458 0.0813297704
x -0.732099354 -1.18052649 -1.27127802 -0.518513739 -0.475792348 0.161565587 -1.25099039 -0.529085279 -0.622759342 -0.754244924 1.3019073 0.271556973 2.14666605 0.791703105 0.370951414 1.25592172
x 1.17145765 -1.62013531 -0.803979516 -0.225748852 0.285452962 0.281358123 -1.54339409 0.377520978 0.447512329 -0.899252057 -1.16836977 0.570335388 -0.442704111 0.849869907 1.01253223 0.376176447
x -1.43414009 -0.890766919 -1.82979786 -0.509386659 -0.889849782 1.56353581 0.644934356 -0.24859482 -1.22025156 1.80564916 -0.876900434 -2.0154953 -0.752149105 -1.4407624 0.816728652 -1.0266428
x 0.512300193 1.5054636 -0.919954598 -0.117927961 1.90901804 -0.267966658 -0.256603569 -0.311473846 -0.750054359 -0.793794394 1.04554486 1.24013948 -0.901722789 2.00668168 1.64781487 -0.308942676
x -1.65506816 -1.02182841 -0.202692419 -0.241775617 1.71848404 -1.2780503 -0.114598915 -0.192865878 0.822006881 -0.233901814 -0.280295193 -0.0189054124 -0.462589025 0.550295591 0.551048398 -0.870524287
x 0.852028668 0.328885406 -0.116861947 0.978230178 1.28538191 -0.765942454 -0.360453904 0.107083485 1.66202867 0.399543285 0.236041784 2.00435925 -0.237635553 0.978501379 -0.6763376 0.0970724672
x 0.915011883 -0.716409445 -0.658213258 -0.131530911 1.49962413 -1.65099168 -0.593946218 0.991313398 -2.1954906 1.89171433 0.164171413 2.00487995 -0.947854042 0.827646554 -0.651189804 0.284924835
x -0.739793897 -0.635273695 -1.71690452 -2.83464575 -0.0559632741 2.36304951 -0.292828143 -0.486532986 0.489493012 -0.670068145 -0.514450431 -1.26198137 -0.928649724 1.077703 -0.851758003 0.202262342
x -0.369516075 -0.869182348 0.310546249 0.826601326 -1.22250271 0.348876148 0.786214888 -0.306238174 -0.0797698125 0.0049510817 0.203579471 -1.12794781 -0.515849233 0.413544744 -0.758689702 -0.0865393877
x -0.0727114603 -0.779568851 0.133104339 1.3076936 -0.793044627 -0.615545511 -0.160395116 -1.20721531 -0.601852655 -1.48350155 -1.86657989 0.334896594 0.837454081 1.73683941 -0.160961032 0.955565691
x -0.294726491 -0.73460269 0.645089328 -0.251298785 0.658421695 0.292499334 -0.975900412 -1.1009922 -1.03600979 -0.659404635 0.907527804 -0.112547688 1.42266834 0.545601666 -0.177780211 -0.85627526
x -1.9647671 1.08493447 1.30447817 -0.233434513 1.74877882 -0.0645276383 -0.0239154678 1.14046729 0.0124354046 -0.45427376 -0.358667016 -1.71851349 -0.0781112611 -0.0199845396 1.21884549 0.644008756
x -0.745702326 0.806265771 0.293169558 1.56612539 0.903620183 -0.103650175 1.04373384 -0.373054504 -0.959148407 0.242103487 0.556854069 1.04552388 -0.0290907361 0.0580552891 0.725146174 -0.072485283
x 1.61034608 -1.48586833 -1.26621842 -0.275797457 1.10801804 -0.0918597057 -1.35475183 0.776574433 -1.12441921 1.28308284 0.904628396 1.50536561 1.25399315 1.09528291 0.715624809 -0.309606433
x -0.101106577 0.0141075868 0.197842687 -0.537626028 -0.730588675 1.41996682 -1.17095542 1.07988715 2.03608131 -1.01674163 1.39083016 -0.114008389 1.46612322 -0.561562538 1.29570687 -0.687062204
x -1.30799091 1.76980531 -0.833162487 -1.27074087 0.0349908993 -0.313731521 1.1910826 -0.865047514 -0.435860276 0.791264534 -0.719161272 1.03463316 1.07526314 1.98613298 2.10098124 -0.722796023
x -0.715594471 -0.913288116 -0.0167284347 -0.125752091 -0.216656819 -1.14841521 1.3005532 -1.48230243 -0.537629902 0.800346673 0.62729764 -0.20700869 0.951836944 -0.330144733 1.98203349 1.04839504
x -0.74871242 0.857985854 -0.218952462 0.38516131 1.22358489 -0.825311124 1.40550184 -0.266630828 1.09412301 0.442828774 -0.551218808 -1.35885561 -1.22418499 0.297289431 -1.08727705 -0.494553953
x -0.246396303 -0.641152024 -0.447011799 0.607170105 1.11896825 0.466820955 0.6452443 0.534370005 -0.438663423 0.185431957 -1.69049585 0.0810827687 -0.427630186 1.23754454 -1.85795927 -1.07001793
x 2.27925634 0.734946907 1.38279855 -0.788693547 -1.453807 0.482433766 0.160248935 0.544303417 1.54665947 0.854306281 -1.54741049 -0.510182142 -2.20651317 0.547008395 -0.465248197 -1.27079332
x 0.359488189 -1.10542905 1.00825977 0.717096686 2.23464108 -0.752724707 0.954515219 -0.450990736 -1.20386612 1.85824287 -1.0614084 1.65064788 -0.355403721 0.724518061 -0.426981091 -0.773163915
x -0.90032196 -0.417345315 0.246075675 1.4014374 -0.793654382 0.0284880605 -0.26937452 -0.084304817 -1.02306032 -1.38052762 -0.468857169 -0.032254748 2.40499496 1.49839711 -0.404996812 -1.29491162
x -1.70961678 0.94329524 1.20385909 2.0767808 -0.262619525 0.389406472 -0.342706323 1.42478204 0.928585649 -0.774512589 0.169106722 -0.999243319 0.111218691 -1.41549957 0.196277544 1.19265902
x 1.26399624 -1.23915255 0.051080592 -1.33520591 1.09177744 0.407132387 -1.13484108 -0.913467467 0.559257567 -1.69867444 0.0687947497 0.36188972 -0.659992039 -0.265488327 0.0903933868 0.57782805
x -1.24872434 -0.561816037 0.800918519 -2.61106372 0.980429113 1.33745849 1.89690173 -2.35974073 -0.459142894 -0.647484839 1.451267 0.667357028 1.02439296 0.735097051 -1.52395666 0.420051068
x -2.17782617 0.441898972 0.201225638 -0.180412173 0.238526121 0.714887977 -0.781623006 0.358535558 1.45614731 0.395736307 0.230691075 -0.0145105049 -1.29783118 1.42852402 -0.412381947 0.0402421057
x -0.298291683 -0.355596423 -0.58981055 -0.704268277 0.932323575 1.36579037 0.242119268 -1.15518785 -0.0661807656 2.22055435 0.312358439 -0.195881188 -0.819135129 0.530186236 -0.239272654 1.28407514
x 1.08671892 0.514140427 0.0752730146 0.538743019 0.315647602 -0.233763471 1.32985604 -0.0927034616 -0.534758866 -1.67766273 -0.214864224 -1.53370047 0.762720823 -0.806079924 -0.915237844 -2.26438928
x 0.276135534 -0.302916855 0.69995755 -0.928005695 1.02288151 0.738581061 1.63958216 -0.454885155 1.12920821 -0.81597203 0.105494924 -0.235864133 1.38968492 0.436777681 1.9604255 0.400137633
x 0.179622382 -0.0651002675 0.275004148 -0.715873778 -1.06506324 -0.53022325 -0.358001769 -0.509259641 2.18804359 -0.174559683 -0.290009797 1.26397765 0.907339871 -0.722367048 0.861030638 1.02041566
x -0.824859977 -0.130953342 0.720103145 0.912516117 -0.736032605 1.20522261 0.554260492 -0.907131553 -0.234396815 1.84194624 0.398937792 -1.88541055 -1.23652732 1.51646686 -0.0490567312 0.173674628
x -1.16269934 1.54386079 -0.111148059 -0.600080371 -0.120008878 3.01372766 0.0325655639 0.376797855 -1.43045115 -0.627012253 -1.85927916 0.958809495 -0.678848267 -0.446608067 0.127287641 0.365361929
x 2.06251144 0.025507886 1.05824697 -0.71193409 -0.991923511 -0.711742759 -0.0570167229 0.25967589 1.05754995 0.922390938 -0.562527359 0.29681617 1.08147597 -1.33532453 -0.673649907 -1.27066708
x 0.608789384 -0.0228180643 -0.870390296 0.509875774 -0.356206715 0.986954093 -0.19536753 0.330784738 -1.3887161 0.453140169 -0.378607124 -1.69177175 -1.81110954 -0.97357285 0.78361541 -2.11880589
x 1.17587543 -0.173930764 0.23402673 0.753878355 -0.791042686 -0.0284790006 -0.145275936 -0.589034975 0.855778217 0.122648716 0.755723655 0.859725416 0.400837898 0.773316443 -1.12383795 -1.30906272
x 1.45286644 -0.378182977 0.651416421 1.09756899 0.36762777 0.807703435 -1.21361709 -1.31414878 -1.15752387 -0.608044803 -2.60475922 -0.403429598 -1.85195613 0.996593952 0.432504237 0.48613885
x -1.93703997 -0.392297298 1.45476568 -0.713091195 0.857745767 -0.887397766 -0.153318316 2.64697433 0.670437813 1.31558633 -0.04865399 -1.53463233 -1.45214999 0.829665482 0.300428212 1.45550275
x -0.476130784 0.355879396 -0.695427179 0.664847851 -2.08213806 0.0375432558 -0.886857629 -0.129488558 1.01461661 0.387340814 0.626890898 -0.793674469 -2.67189026 -1.12589681 0.261741668 -1.16918814
x 0.371037424 -1.84174371 -0.156813741 1.33216786 0.50270927 -0.849536419 0.679091156 -0.133153215 -0.624051452 1.12485313 0.379831582 -1.95969748 -0.641034365 1.54276204 -0.11524947 1.9798826
x 0.75358206 0.94862479 -1.66530156 -0.477359533 1.50843477 1.37311614 0.196219787 -0.663646877 -0.897760332 -0.272258103 -0.10687156 -0.980672598 -0.973605335 0.566763818 1.26748657 0.414757639
x 0.116677001 1.36595774 -1.20171189 -0.162592858 -0.397231907 -0.523712814 -0.959546447 1.00030303 0.591434002 -0.231795177 1.5317049 -1.49393475 -0.187442377 -0.936442614 1.67690086 -0.179656297
x 0.311703265 -0.353602558 1.0992254 0.547969282 0.486287594 0.157145321 0.859253585 0.513427794 0.621323526 -1.42768681 1.22070479 1.09124589 0.694702923 -0.280706942 0.0441227108 -1.06868649
x -0.477614671 2.00420785 -0.112874918 -0.547160685 0.298398912 -0.115497775 -1.05678236 0.498437136 -0.424603671 0.0649580583 1.19706726 0.276462525 1.35292876 0.548314571 -0.657412827 -0.752765059
x 0.096328631 -1.02337182 0.460961044 1.50761092 -0.2093319 -0.110973053 1.91836274 0.892924547 0.577216446 0.973531723 0.179993078 1.57791865 0.945532501 -2.34449363 0.764520049 0.412022829
x -1.50754142 1.14546716 -0.0458156653 -0.550980747 -2.06534362 -0.0132906446 0.0113779483 0.627776086 0.25085324 -0.0181173421 -0.762344062 -0.308246642 0.563793421 -1.68064642 -0.505744934 -0.000779356982
x -0.0376863852 0.680202365 1.82024729 -0.315817297 -0.23196885 -0.390070051 -2.12895203 1.2080853 0.337749213 0.708591402 0.0393757634 0.858887017 -0.228644133 0.709386408 -0.612127364 1.22167122
x -1.14761281 0.706670463 0.270217896 0.833817959 -0.255336076 -0.695496202 -0.525100648 -0.270850748 -0.132541701 -0.94592303 -0.293789417 -1.84271753 -0.3830778 -0.17646198 1.95657694 1.58758652
x 1.22917485 0.76786238 -0.02970534 -1.68889165 -0.332282484 -0.408996671 -0.727114201 0.902200222 -0.249527857 -0.782379806 -1.63808215 1.38045728 0.977840483 -0.0432368666 0.436365902 -0.0992231518
x 0.746410966 0.337757796 -0.432627201 -0.607316494 -1.26088989 -0.338095516 1.15224254 -1.76913667 0.465723425 0.458955139 -0.608103335 -1.57484186 -0.604259253 -0.599100411 0.566833436 0.501650393
x -0.279140264 0.586008668 -0.81804806 0.0399462357 1.1161648 -0.319957316 -0.075846985 -1.35083497 -0.188009799 0.482876062 -0.474619597 1.45965934 0.653574169 0.0791189373 0.94948107 1.23284483
x 1.24894381 -0.985632956 -0.695134938 0.0253385641 -0.731401443 1.97003806 -1.87667561 0.202873915 -1.46904635 -1.08012986 1.29469764 -0.11578612 0.121351711 0.473671526 -0.471253246 0.594252646
x 0.608056366 0.0100910561 -0.359768808 0.214842662 0.958591044 -0.154680714 -0.0791794136 -1.32701635 0.877876103 -0.624073565 0.929075837 0.526569247 1.27373636 0.428875566 -0.881763458 2.34919453
x 1.24619865 0.0209600031 -0.660323143 -1.05138123 1.55903661 -0.224010453 0.341686845 0.860796452 0.321910024 0.544306993 -0.117599607 0.733192146 1.03833866 -0.0862441361 0.356671482 -0.329689473
x 0.281356961 1.3574425 0.391147554 -0.350693196 -0.0485610515 -1.05781221 -0.255753815 1.29515469 1.57170975 -1.727126 0.731544375 0.224890545 -1.68263829 0.431117862 0.389584243 0.655702114
x -1.2512449 -0.476141602 0.438245773 -1.59648788 1.49430156 0.36073193 -0.463776737 1.34961236 1.21156597 -0.373617172 -0.926928878 0.787064075 2.73063421 0.254384756 -0.352222979 -1.10657215
x 0.788291097 -1.26039493 0.634422481 0.522436798 0.252751112 -0.252368659 2.08926249 0.0800022185 1.84440947 0.624379814 1.37499869 -0.452072471 0.523169339 0.0633152947 -0.193314776 -1.20245898
x 0.120173603 2.23357272 1.81911004 -0.125838667 1.95385003 0.195504889 -0.794087172 -0.0500958413 0.518871129 0.770247638 0.209466651 0.0376524068 0.632661641 0.138658524 -1.00380969 -0.122301117
x 0.0140736811 -0.441036046 0.456567824 0.154233769 -0.633862436 1.29374909 -0.376410753 0.253094286 -0.108910553 -0.73375684 0.560535848 0.247826144 0.735394716 1.91692626 0.0764164701 -0.198152021
x -2.86161613 0.537949741 -0.655666709 -0.74115634 -0.565609753 0.458442658 -0.268538207 -0.251447976 -0.306281507 -0.0271918718 -0.317445308 -0.717965841 -1.07017326 0.943053484 0.486779988 -0.0367422141
x -0.660405457 1.71897459 -0.403727293 0.670883477 -1.20095181 1.07977307 0.697052777 -0.877681851 0.0831757188 -1.02644241 -0.318099141 -1.28234184 0.190445051 1.01429892 -0.651878476 -0.38922146
x 0.312762678 -1.7814033 0.123747416 -0.47420007 0.0283691529 -2.73309755 -1.07637739 -0.335271865 0.75723058 -1.32873607 -1.34442353 -0.324576408 -0.524951994 0.231003612 -0.779978693 0.0508674607
x -1.03917909 0.0395236313 0.885669291 -0.604282916 -0.510922909 1.38607669 -0.869201422 -1.08811784 -1.63294137 -0.869497716 -0.14077431 -0.487199813 2.1500237 -0.844453692 -0.970419466 -0.148167223
x 1.13838398 -0.476249784 0.134584159 0.163250551 -0.456794292 -0.0748604685 -1.20341849 -2.55713248 -0.470058888 0.851850152 -0.0809706599 -1.07096362 -0.307302356 1.25838983 -1.01123714 0.037105795
x 0.0688534603 0.872936904 -0.664481282 1.14984119 -0.478189498 0.693247378 1.03781462 1.70213747 1.75462997 -0.983042181 1.43629265 -1.52611649 -0.532092035 0.264821559 -1.32331216 0.06158714
x 0.491378367 0.868659556 -0.174231231 1.244596 0.0486703739 0.837797701 1.01088417 1.8502202 -0.101460502 0.564444959 -0.0951438025 -0.179003209 -0.83859843 0.998508453 -0.946863174 -1.21670413
x -0.163417161 -0.549220204 2.28551507 0.260750562 2.20538759 -1.40935922 -0.716098845 1.35557103 -0.632472992 -0.676348805 0.530976534 -0.701012731 -0.703516722 0.773456812 -0.284009308 0.138525769
x 1.14665401 1.24579751 0.858480692 1.99487782 -0.363396525 -0.921930611 1.81928837 0.379966825 -0.263947487 -2.13074946 1.06221235 0.850025415 -0.722121 0.398082465 0.928529143 -1.33391619
x 0.753835678 0.223816857 -0.905394435 -0.399328202 -0.410941124 -0.693399787 -0.350382566 -1.88983548 -0.179974258 1.80872333 0.34497425 -0.696424901 0.476838648 0.656823456 0.497481048 1.08848274
x -0.996655941 1.01624215 -1.18048275 0.164398134 -1.59567988 0.254488617 -1.72232485 0.188752174 2.85859799 -1.771945 0.107267521 0.204237744 -0.0454332307 0.605326653 -1.39685178 1.60789716
x 0.503835142 0.691007137 -0.0746486783 0.830833316 -1.36245859 0.914717257 -0.603928804 0.357727826 0.721175075 0.721105754 0.876454592 0.438131213 -1.33052516 1.0780741 0.323099196 0.291553438
x -1.3829248 -0.0307023767 0.490878016 0.439678192 0.179962501 1.12518096 -1.04907095 -1.29664326 -1.91728067 0.253399402 0.529952824 0.198298395 0.141496718 -2.04174781 0.477048844 -0.311228186
x 1.74008131 -1.24437344 -1.101964 0.351743549 -1.85691941 -0.791455626 1.40447164 0.440375 -0.403934836 1.78505838 0.41187796 0.271815509 -0.538286805 1.30148947 -1.67010355 1.25764549
x 0.958489716 0.0422084965 2.0256269 0.277130395 0.349732697 -0.850748003 -0.466554016 0.616368353 0.606429994 0.326698899 0.2985906 1.28311205 -0.230638742 0.379260302 -1.53399682 0.851898193
x -0.269711822 1.61547017 0.615693927 0.466684252 -1.79905879 -1.49767554 -0.109446935 -0.654612303 -0.531554759 -0.368268788 -0.854027987 0.870119989 0.416278005 1.58006501 -1.00923872 2.11818075
x -0.552386463 0.194351837 1.95157397 1.08870518 -1.54265702 0.858612597 1.53628635 0.442558795 0.663650632 -0.961985826 -0.0324288644 -0.491914093 -1.33726037 -0.805365026 -0.444410771 -0.840040684
x -0.767456055 -0.696236551 1.38586938 1.45497537 2.41531658 -0.766312897 0.355676085 0.120619893 -0.559291184 -0.793433547 0.914573014 0.966354609 2.04953718 -1.12229133 1.42242193 -0.518621624
x -1.03910172 0.892887592 -0.0585177094 1.62917387 -1.80824792 1.15575588 -0.962329924 -0.732395053 -2.0603888 0.602800608 -0.398753583 1.25030088 0.276468694 -0.974997878 -1.03700542 -1.1216141
x -1.32596695 0.50030458 -1.10164583 -0.610616267 0.00307282526 -0.275400341 0.0708937794 0.701073349 0.48633191 -1.1045531 -0.0139259463 -1.48634768 -0.300135732 0.431296736 -0.35271734 0.437272638
x 1.39746261 1.4034915 -2.19712663 -0.685209274 -0.128280118 1.06187379 -0.389375806 1.73320293 0.611869991 -0.88692975 -0.876233041 -0.773839056 -1.65274918 -0.277277082 1.39780855 0.421156526
x 1.21022272 -0.610777974 -0.827104688 -0.416357338 -0.906057298 1.96455276 -0.283545583 1.01656961 0.322205275 -0.562156975 1.01638889 0.573676229 0.379927635 -0.0153933121 0.275852561 0.564329267
x 1.73352396 -0.276087344 -0.450093716 -1.14499533 -0.118317999 0.357549161 1.80205154 -1.09419525 -2.08083034 -0.541027248 -0.266891509 -0.723989964 2.27789164 -2.86650991 -1.12253881 -0.539218962
x 0.448426008 0.78392756 0.0504725277 0.587196648 -0.325496584 -1.68320274 0.00357632875 -1.10198033 -2.28636718 -0.862174392 -0.416256279 -0.0276530031 0.00257949252 0.111203663 1.56965137 0.274134427
x 0.260633677 1.44672012 1.15982032 -0.83362335 0.393721461 -0.791872144 0.044241488 1.52686083 0.127381787 -0.351583421 -1.32473075 0.39047578 -0.0901151896 0.830415666 0.739280879 0.774013698
x 1.17839718 -0.14273724 1.37223315 -1.6627568 1.15489471 -1.07383263 -1.76501369 -0.220981479 -0.28626892 0.911971569 -0.775094926 -1.20543242 0.128953442 0.480529994 -0.83526808 0.12553829
x -1.19582343 0.126300737 -0.0306726564 -2.49562073 0.47549662 -0.190797001 -0.984242618 1.87930453 0.468172669 -0.445353538 -0.61567688 0.260055035 0.858095944 0.127876535 0.56334126 -0.951695979
x -0.214331493 1.03290701 0.116928428 0.605101287 -0.284012049 1.30303073 -0.652917743 -0.804198444 -1.31714797 0.296953589 -0.135617539 0.841694176 -0.473682195 -1.5765574 0.0424373001 -0.895239055
x -0.654423475 1.05602169 0.452374011 -0.461272657 -0.039045386 -1.19538939 -1.37034643 0.550262392 1.14944708 0.398455709 -1.051947 -0.127503082 -0.0969841033 -0.0621789768 -1.33344579 0.462961525
x -0.199421138 -1.12396085 -1.85264301 -1.22005689 -0.785757244 0.226073906 0.77091229 -1.56161535 0.665773034 0.792854965 -0.760063887 -0.769864023 1.8606596 -0.242014602 0.595779061 -0.354166865
x -0.296432018 -1.48426926 -0.225838259 -1.18249941 -0.961816013 0.484596699 -0.554300249 2.15635824 -0.264575154 0.808409393 0.368097752 -1.46418536 -2.24910688 -1.6825366 -0.20215103 1.07285535
x -0.650037944 0.152298123 0.165110812 2.64532495 -0.552303851 -0.524128079 -0.0610965453 0.128213316 -2.31071663 -0.023356881 -0.606622696 -0.15440163 -0.986237824 0.802965581 1.05810297 0.547146082
x 0.872570932 -0.891188383 -0.87163204 -0.616894245 0.70053339 0.941295743 0.9045012 0.167254061 0.283408076 0.824806035 -0.695540726 -0.358894169 0.394591838 1.56820166 0.62639612 -0.0321823172
x -0.496852368 0.14222011 -2.73395276 0.715633392 0.486533731 -0.852787614 0.336766154 0.06198911 -1.03080428 1.37038469 0.174375758 -1.04181421 2.17039633 -0.0452143662 -0.672139645 0.747585416
x 0.891257644 0.31458205 -2.90713501 -0.0548176095 -0.0741034374 -0.1067058 0.623012483 0.249459043 -0.242325723 -1.46238554 0.676311672 -0.25031805 0.161194965 1.16011262 0.850507081 0.190543488
x -0.896495879 -0.848687291 -1.29927564 -0.554850638 1.77809453 -0.0957409218 -0.0312668681 0.0682948679 0.576616883 1.19058073 -0.2089829 0.805855632 3.1041081 -2.51507306 -0.305221468 -0.0727626458
x 0.0342754349 0.196327642 -0.656744361 3.14503431 -0.302105099 0.225221798 -0.221458822 0.533670008 0.531019926 0.309750736 1.4146775 -0.140008837 1.00990379 -1.47227597 1.01919758 0.540365219
x 0.577215075 0.140439734 -0.326429993 -2.34442067 -0.566567719 -0.251289994 -0.768216133 0.416078895 -0.370853275 0.538417995 -0.591591179 0.459745556 0.085873872 -0.159813404 -1.12084162 1.30059433
x -0.373897284 -1.23015773 1.33825266 -0.845668674 -0.890267074 0.161540449 -1.4326551 -0.664099097 -1.80049789 -1.89910412 -0.0123680355 -0.210539982 1.25411224 1.80437386 0.273339063 0.411711127
x -1.18832052 -0.454674602 0.0984728858 0.982456028 0.610697746 -0.168910429 -0.187066197 -0.819219053 -1.41121626 -0.906953752 -0.0658077747 0.221516207 -0.219444871 0.288929313 1.80802143 0.215666682
x -0.306620151 -0.111289397 -2.01551819 0.556797862 0.229481831 0.24413608 -0.889805436 -0.807864726 -1.41100502 0.0419036709 2.84205317 0.445657462 2.0412488 -0.804475188 0.150023267 1.0246582
x 1.20705235 -1.7635268 -0.481884956 0.979482651 1.64578521 -0.688944757 -0.804227591 -1.43549526 -0.1613684 -0.746841669 1.70167708 1.40879464 0.189274102 1.34295475 0.749937177 0.0517178848
x 0.729236305 0.738985062 0.0250055864 -0.628380895 -0.223020151 0.214075953 1.34393787 -0.6278404 -0.158632904 1.19684196 -0.500943065 0.945037842 -1.02828336 -0.346639365 -0.240916476 1.44101691
x 0.0890670568 -1.25205314 -1.25260878 1.96765327 0.539628983 -0.453431934 0.83961612 -0.678359747 0.382460147 -0.633348048 0.129483089 -1.18649435 0.386204869 1.05155575 -0.180999339 0.590545475
x -0.760504842 -0.257132143 0.198256597 0.834856272 0.0686569735 -0.497409791 -1.14704013 -0.137694836 -1.16044641 0.803359926 -1.78456593 0.230091274 -0.248089716 -0.290751815 -0.0282246284 0.635172665
x 0.30963701 -1.34279263 1.05275166 -1.02610111 -0.236037061 0.577254951 -0.121084981 -0.915460169 -0.740231037 -0.48187837 1.45757663 -1.3377037 1.0491513 -1.33246624 -0.528548121 0.488682479
x -0.785298526 -0.0959817171 -0.300520271 -0.958360493 1.6435107 -0.174155444 1.53829145 -2.12306762 1.08199954 -0.0187968872 -0.131500274 1.11608803 0.910315275 1.2445066 0.826490402 -0.25075686
x -0.446448654 -0.51815182 -1.16472113 1.00973582 0.800249577 0.326743186 -0.407674968 -0.792225361 -0.407190502 -0.222856581 0.514402211 0.643744707 -1.5707581 0.0858885422 0.154116556 0.305550307
x -1.05549872 0.240103394 -0.325689733 0.508089542 0.359210998 0.692570269 1.48515248 0.479780078 0.574442267 0.937445283 -0.827253997 -0.503317297 -0.0291412231 -0.32297492 1.6098547 0.0495249853
x -1.2219286 -1.65394235 2.65912652 -0.0114310235 1.00207531 0.66626358 1.7735846 -0.0547728129 -2.37850499 -1.25366044 -0.209784359 -0.581961989 0.619624078 -0.479905099 1.88621497 -0.626480699
x 0.407843679 -1.50820529 1.00187266 -1.58490825 0.108183093 -0.166444227 -1.28632736 -0.876207292 0.41560176 -0.671973407 0.570035279 -0.478632748 0.278816521 -0.617598414 0.794735909 -0.435653567
x -1.21814799 0.283160836 1.00447845 -0.675963402 -0.106333315 -0.359773397 0.966396213 -0.669479907 -0.824693084 -0.705328286 0.80603683 -0.184565857 0.875884891 -0.216165438 0.0119256023 -0.905562997
x -0.119731143 -1.55047393 0.123571903 -1.01120019 0.0322725363 0.137515098 0.561017871 -0.0971495658 -0.458101869 2.21772194 1.3202213 0.382544547 -1.02248359 0.487809449 -0.901264608 0.928808928
x -0.293866903 -0.128338486 1.72754848 1.29340756 0.478698045 -0.236153781 -1.1950264 0.961985111 -0.0465579145 -0.0448413491 -2.04224253 -1.09647036 -1.9953655 0.0672904029 -0.118731901 -1.83009005
x -0.0589828975 -0.895359814 -2.43981624 0.518080413 1.90815425 -0.650438726 0.623277128 -0.0335502625 -0.408822626 2.13207674 -1.17930341 0.662811995 -1.29852605 -1.10263598 0.715840995 -0.994990706
x -0.0169762857 -0.54272598 0.217619985 -0.72528404 0.481235772 -0.926717639 -0.0344178751 -0.356608272 -1.13303041 -1.37273228 -0.625099778 -2.37671161 2.31022835 0.913926601 0.427316129 1.71021295
x -2.21601748 0.700737834 -1.57697332 0.332089573 -0.0628746822 -1.62834156 0.663598597 1.13107383 0.271517664 0.178001031 0.164048418 -1.33555126 -0.0559937432 0.708454967 0.301683456 1.56056309
x 0.194125324 -0.905736327 0.412450939 0.651746213 -0.469092786 0.600754201 0.818904698 -0.585501611 0.806742609 1.01477039 -1.18647659 -0.0278540999 0.774167776 0.0998127609 0.784611464 -0.44890514
x -1.24711072 0.127499357 -1.97204041 0.275047094 1.49369431 0.387623161 -0.41387704 -0.613900006 -0.0353403166 2.06639361 0.788703859 -0.11294581 -0.357374489 0.20376192 1.85228968 -1.01066852
x -0.691444099 -0.531943202 -0.0626209676 0.330708325 1.94543254 0.695044875 -1.6443491 -1.38429892 -0.244563863 0.0527887717 0.383514494 -0.664217472 -0.254535377 -1.1560812 -1.01960528 -0.0741145089
x 0.990292311 -1.29228449 1.07427561 -0.258908242 -0.870116532 0.720664382 -0.291734308 0.183177903 -0.191515118 -0.176267087 -0.18891184 0.527828932 -0.828144372 1.27606475 0.898995042 0.716061115
x 0.399104118 0.221082613 1.24824333 0.861567914 0.26379773 0.397006959 1.58494389 1.63705504 1.45876336 -0.162595168 1.47675288 -0.23680757 0.898690939 0.613127351 -0.033315856 0.686234057
x 0.80472064 -0.239980236 0.149774522 -0.937672794 2.54689145 -0.764469624 0.475226074 0.130956382 1.04032445 -0.493391097 1.00624359 1.3842653 0.34459874 -0.324124694 0.62575376 -1.15004289
x 0.165807381 1.31797707 0.213732392 -2.23697615 -0.717831016 -0.0404218696 -0.409520924 -1.90373981 -1.23386812 0.793404877 0.0487279445 -2.63467526 0.984833181 -0.231470212 -0.113067269 -1.29990947
x 0.467647582 -0.723549962 -0.328476042 -1.15465498 -2.17846918 1.31224632 -1.09410608 -0.788546562 -0.0663000494 0.704539418 -0.582689404 0.491136283 1.82362103 0.400447577 -0.656603158 1.15107882
x -0.873444498 -0.429895699 0.550951302 0.427447051 -1.55799317 2.04396129 0.615710914 1.32036984 0.00704839872 1.48952889 -0.578302026 -0.056070812 -0.0381562226 0.757289827 -1.36938429 0.872223258
x -0.347185135 -0.578450203 0.289707124 -1.96013284 0.597184181 -0.8388834 0.411096305 0.517893195 3.13822007 -2.66411495 -0.907004893 1.95208621 -0.977636516 -0.196591347 -0.262287527 -0.631849527
x 1.96193576 -0.000290095486 -0.437790096 1.37549698 -0.480863541 -0.120475538 -0.193516403 1.83420181 -0.443354726 -1.32814765 0.6565516 -1.01010454 -0.689818144 0.296579003 -0.344261527 -1.25232279
x -0.0254145954 -1.13749218 0.13031505 -1.17489398 -0.369703352 1.78693342 -0.863901675 0.0187562294 1.05591178 1.10416043 0.652373791 -0.0425132774 1.16999364 -0.404320359 2.05929494 0.210564598
x -1.56552088 2.46441817 -0.458526105 0.44358027 0.923612773 1.03578222 -0.739370048 -0.529230535 0.0860357583 2.98338938 0.470626444 -0.0409463681 0.245857477 0.957646668 1.78668559 -0.120233469
x -0.615006089 -0.59343034 -0.583369136 0.89072597 0.497754812 0.713039756 1.75188696 -0.223204449 1.09884953 0.463944405 -0.451816589 -0.485593766 -0.315541863 0.0962690935 0.949438453 1.02922809
x 0.318868011 1.05773509 0.268385231 0.350553274 -0.122948565 2.00252247 1.63391972 -0.491294801 0.870951295 0.240260258 -0.226811722 0.740164042 0.180546686 0.159845382 -0.226333603 -0.0935587361
x -1.35186458 -0.662572086 -0.0818003416 0.879421055 1.60409355 0.359691203 -1.18616605 -0.730009794 0.428601205 -0.49390021 -1.10017812 -0.307523668 -0.0145960869 0.410631776 -0.925116539 -0.141398653
x 0.634760559 0.690170705 1.13567722 0.526661515 0.112200186 2.14192152 -0.0478837527 1.64654827 -0.520275474 1.15900576 -1.45110345 0.752349198 -0.649775863 -0.315910637 -0.259297729 -0.606599152
x -2.76046944 1.96000397 -0.384410888 -1.38203621 1.21121466 1.66608155 -0.0663814843 -0.20878911 -1.22786808 0.395909399 -1.00853336 1.91897738 -0.161599219 0.533427238 -0.875016928 -0.589553177
x 0.384670436 -1.07843041 0.847263455 -0.804523766 0.308030695 -0.917032838 0.906584263 -1.44706345 -0.0709938258 -0.114758879 -1.9058969 -0.793984532 0.124547511 -1.09502542 -0.285345763 -2.7202816
x 0.060456004 -0.954499781 -1.17952251 -0.800490797 -0.406124651 -0.559796154 0.308942497 0.886752605 0.44139728 -0.242477342 1.21712077 -0.953592956 -0.431171507 -2.99111843 -0.0243825931 -0.518715084
x 1.13259506 -0.480035663 -0.613170207 2.29438972 0.418041289 -0.788736105 -1.575899 -1.34328258 1.12004709 0.0116702104 0.515626311 0.32762602 -0.670933366 -0.589692414 0.778351367 -0.282922387
x -0.359653085 -0.285351604 0.0656402633 1.33535957 0.367466927 0.905026376 -1.05569255 -0.981419742 1.24647248 0.45502001 0.301728874 -0.199396685 1.56883943 0.368130565 -0.389495552 -0.395506322
x -0.278875917 0.886785567 0.641834736 0.556038737 1.90862167 0.466121405 0.0912299007 0.703027368 0.60888201 -1.65584016 -1.01652646 0.773234367 0.874700427 -0.243309066 -0.436252892 -1.3068974
x 0.15174596 0.33170557 0.672451973 -0.390246391 -0.56628859 0.991659284 -0.11168965 0.114579447 -1.62488914 -0.474942267 1.31507564 1.3380419 -0.251204401 0.473926783 0.0695112199 2.08094072
x -2.55326986 -0.0755816996 -3.27219272 0.748442352 1.57245624 -0.107342087 0.153148592 0.512485027 1.20027149 -2.13152957 -0.345582873 0.315713763 -0.383311927 -0.659805894 -0.899135113 -0.289148182
x 0.237854391 1.16286743 0.100835271 -0.907961845 0.129106805 1.06180048 -0.541272521 -0.0849864483 0.774524152 -0.615725696 -0.149166912 0.0258655753 0.509833574 -1.95077896 0.244663075 -0.416654527
x -0.0881001577 0.998723209 0.548694551 2.24600005 0.511810064 -1.95413184 -0.607828498 0.379139125 0.0978726372 1.25921392 -1.84743869 0.427796334 0.129241034 0.21470283 -0.190933749 -0.259482265
x -1.43505919 1.80482292 -0.970777929 0.997611642 -0.213360295 -0.165485099 1.87210047 -0.195356965 1.14689696 -0.115498476 0.586837709 -0.392504156 -1.01867461 -0.71801579 0.803225756 0.460240334
x 0.346639365 -0.197635829 0.226781115 0.894841015 0.189346448 0.208878353 -1.39780903 -0.618058383 -0.682946026 -0.877231479 0.250414103 1.81087077 1.34819591 0.543687165 -0.979320407 0.605723262
x 1.63859928 -1.08338559 -0.794112384 -2.62050748 -1.54128075 1.9454 1.95130086 0.805687785 0.412010938 -0.547478139 0.850562513 -0.180752531 1.99505579 0.991392314 1.05018735 0.179037362
x -0.615803897 1.21353745 -0.389762253 -1.31465137 1.24968076 0.836253762 0.011547463 0.494829774 2.58481693 -2.34266067 -0.0703809857 0.450564444 -0.27209568 -0.819408655 1.53191364 2.31704569
x 1.00699794 1.32377326 -0.685899436 -0.251929462 0.378793359 0.858590007 -0.251988411 1.37002337 0.387610555 0.919277012 1.611426 0.637668848 -0.872644842 -1.21685636 -0.596654654 -0.0819114149
x -0.0460235775 -0.423502207 0.29540205 0.107360825 0.567260027 -0.436992764 1.13898349 -2.28266287 0.345137805 0.0874211714 0.600743353 1.78810346 0.924345315 0.220421597 -0.412511885 0.675420523
x -0.21584855 -0.427957624 1.17147076 0.282043815 0.418041289 0.0264869425 -0.831030011 -2.0356009 0.504926145 0.685422719 0.22887136 -1.07131147 -0.467228621 -0.0578681938 -1.44004631 -0.145387933
x 0.201800346 -0.0117908735 -1.18102109 -0.32809484 -0.696879804 -1.26097715 -1.35003948 -0.0793156847 -0.749487102 2.03098893 0.116832234 0.284021586 -0.0443782471 -0.65408808 0.803344011 0.524919569
x 0.605730474 0.419864833 -1.79212809 0.571543753 -0.224712431 0.0257777553 0.976800144 -0.284039736 -1.26105905 0.464828581 2.0691061 -1.27559602 0.335249245 -0.364248216 1.23694825 0.00468935212
x -1.29782248 -2.03140187 1.44696236 -0.021145016 -0.747502983 -0.182914153 -0.00169172918 -0.806136429 -0.223418027 0.724120378 -1.25494361 1.08098137 -0.632710338 0.247683927 1.4823277 -1.0185945
x -0.031947922 0.443194836 0.925871432 -0.812261045 1.4484688 -1.93919671 0.234235123 -1.07562602 -0.165052503 0.790671945 -0.261452615 1.01769972 0.196643651 0.644599795 0.520373523 -2.12220144
x 1.62755859 -1.52566946 0.220776081 0.326773435 -1.66087663 -0.250019938 -0.57168901 -0.872434139 0.306656301 0.23020722 0.0818480626 0.209531754 -1.35776925 0.414416552 -1.18517673 -0.422421634
x -0.552767456 -1.39006293 0.574129581 1.58206761 -0.323191673 0.694582224 -0.780401945 0.553447545 1.65204895 0.756834626 -1.06279743 0.103589579 -0.360412747 -0.273765236 1.90393269 -0.55681473
x -0.773239732 0.68073982 -0.854512632 -1.09138906 -2.06970048 -1.31560767 -0.644176364 -0.67446655 0.454859197 0.177926019 1.48713076 0.527562916 -0.296900123 0.108567938 2.22123122 0.207143888
x 0.820927918 1.42146492 -0.513207078 0.816292048 0.47884351 -0.31401214 1.48599136 -0.851951122 -0.263188779 -0.314511567 -1.32295907 1.09404349 -0.215686589 -1.23675501 -0.623929441 -0.772029757
x 1.40402019 0.63625735 1.21481001 0.210387751 0.457218796 -0.915506601 0.686719537 -0.359690607 0.494673401 -0.132646114 -1.06788838 1.53599036 -0.384031832 2.15858579 0.171519652 0.114551254
x 0.616071343 0.714099646 0.701016724 0.0644391477 0.550579727 -0.713597178 -1.17869008 1.79218054 0.597145677 0.102189034 -1.47719443 1.3154223 0.0228275917 -1.29345965 -0.321623832 0.796571434
x 0.261226326 1.194749 -3.37158465 1.14482379 -0.530168056 0.383899778 -0.311717689 0.574077964 0.744168937 1.10889709 0.209419191 0.763633192 0.511470973 -0.634480596 -0.024514772 1.18902659
x -2.06440115 1.50934207 -0.125049844 1.00747168 -0.173279703 -1.43217206 -1.55371118 -0.644096076 -1.40869987 0.810000539 -1.51121187 -1.84909177 0.865009785 -0.236960948 -1.01884675 -0.713092387
x -0.219092056 -0.112826139 -0.434525907 -2.60633636 -0.925173163 -1.42949319 -0.262804955 0.317722917 -0.102825783 -0.307661325 -0.235688105 -1.97224438 0.735266328 0.684406757 0.634675145 0.194082931
x -0.931392908 -0.378209889 -0.305477053 -0.900715649 1.48727977 0.379977584 1.61430919 0.966892183 0.254083991 -0.292765945 0.109474897 -0.496423155 -0.933906198 -0.977851212 0.306134135 -1.26555109
x -0.178767949 -1.42557979 1.22059965 -0.125235334 -0.220683113 0.252251595 -0.409898043 -1.35816014 -0.469904661 1.4675926 0.2993294 1.13282478 2.50743318 0.257879466 -0.177341491 1.2834698
x 0.0747199804 -1.03231287 -1.3267417 -0.699310064 0.260264218 -0.340987414 -0.383714527 -1.17210817 -0.483967632 0.0728062764 -1.82764232 -0.837831438 2.1596365 1.10229063 1.29330456 -2.05454588
x -0.131500602 0.480101317 -0.0539523289 0.865990937 0.396221548 0.577549458 1.03269899 -1.73315179 0.344794124 -1.17014468 0.438905925 1.31323242 -0.0800153837 -1.5936805 -1.37063754 -0.0463812277
x -0.629750192 1.60469294 -0.292159289 1.84469724 -0.0112145683 -1.10830212 2.2303102 -0.296617001 1.49654627 1.4810667 -0.148108691 0.696736276 0.987612426 1.39024985 -0.261393517 -1.07621229
x 1.16782558 0.59496212 -1.85975158 1.07159853 -1.37459409 -0.352493972 -0.587026775 -0.275604457 -0.0286271814 -0.929434597 1.03113365 0.563358009 0.646152258 1.27914298 1.26675248 0.209790826
x 0.200488612 -0.560878515 0.4143897 -0.291372359 -1.73344922 0.457652479 -1.02429688 1.4882499 1.85842311 0.761286139 -1.03349435 0.0962501988 -1.01171672 -0.747358799 -0.896247566 -0.118268691
x 0.104935639 -0.0723477527 0.311704218 -1.01591027 1.12791324 1.05752027 -0.612511754 0.430142343 -0.643753767 -0.833040059 -0.0536117218 0.946425021 -0.241871059 0.282841653 0.290981323 -1.33502674
x -2.844944 -1.42940617 -0.607703507 -0.806742609 -0.953240097 -1.81534708 0.221663237 1.04457784 1.36459482 0.561397135 -0.764464915 0.523006201 -1.85172856 0.881649077 0.87253046 -0.865886986
x 0.288950831 0.310714692 0.139289215 1.80201268 0.142470703 -1.20543063 -1.1883198 1.12263429 -1.59632468 0.195324376 -1.55999386 0.571101487 -0.128617942 1.0049057 -1.48421276 -1.49621892
x -0.297266155 -0.562345088 1.20364892 -0.115388304 0.0419476815 -0.307802051 1.33714271 -2.21337867 -0.192866802 -1.37889934 -1.64727664 1.88358724 1.2791146 0.987339258 -0.83786422 0.499150574
x 0.479863971 0.033977244 0.669285417 1.13773632 0.745057642 1.2896204 1.10219419 -0.258175999 0.600684106 -1.16080582 -1.6066556 1.080387 -0.893317997 0.309585273 -0.69886899 0.0370523371
x 1.31908822 1.25262034 -0.137866572 0.518098712 -0.229655579 0.505457461 -0.985993981 0.923298776 0.405258089 -0.749971271 1.17835438 -0.38213408 -1.30218649 -0.0217317455 0.258997053 0.780591786
x -0.140549734 1.11182261 0.416299671 -0.721522629 -0.179010242 1.45846021 -1.80352759 1.26422143 -0.674049497 0.860632718 -0.458192885 0.877394378 0.69936353 -1.83853054 -1.75976181 -0.429063797
x -1.14252841 -1.05178237 0.79609704 -0.552316189 -0.690757215 -0.534912407 -1.11442006 -0.558761179 -0.893106759 1.67802083 1.3492223 0.0759136453 1.19931197 0.678077579 -0.175940901 -0.0282848235
x -0.148959801 1.69652677 1.00658119 -0.388964444 -0.99995327 -0.915669024 0.129610568 0.535368025 0.334319681 -0.871154487 0.225546002 0.808323801 -2.04399943 -1.06654871 -1.0833472 -0.519780517
x -0.218190312 -0.767994285 0.00661255 -2.79683614 0.115373887 -0.859903455 1.66747832 -1.6131506 -1.33165133 -0.924886465 1.19828641 -1.43620336 0.118909203 1.07368326 0.229236752 -1.40246308
x -0.074672237 -0.129573971 -0.368251503 -0.799663484 0.656211317 0.208864793 0.971948624 0.869450748 -0.801480055 -0.602935255 1.77218926 -2.19780731 1.29033673 1.59689283 0.0195666309 0.588884771
x 3.06770468 -0.835189879 1.14367878 0.615889609 -0.497906387 1.04915488 0.771721661 -0.516624987 1.27982497 -0.451699525 -0.0121202022 0.316762477 1.8117733 1.38646221 0.975904286 -0.243715718
x 1.12922096 -1.73047793 -0.83030349 1.06867599 0.815072 1.54849863 1.5721159 -0.148335874 -1.10146666 -1.47284412 0.519533157 0.51986897 2.32014751 -0.199655667 0.961392879 2.31654787
x 0.886132061 2.36530161 1.28369927 -0.670420766 -1.2207818 0.189802259 0.977905214 -0.310642987 1.27527845 0.40322426 -0.108774126 -0.0912395939 -0.233645871 -0.0914844275 -0.132671326 0.525997937
x -1.2980746 -0.526909828 -1.05595243 -1.79409158 -0.0909545422 -2.70659757 -1.44373226 -0.654174864 -1.67924023 -0.0551392026 0.959697306 -0.201423198 -1.21440482 0.931723356 0.574711442 -1.27567875
x 0.762860775 -0.00902799796 0.0455148742 -0.363341957 -0.583368719 -0.853296816 -0.011324917 -0.651352823 -0.469481051 0.486058712 -0.304348439 -1.37219 -0.966321588 0.894885898 1.61164236 -0.0706786513
x -0.393573523 -0.402819008 0.291438937 0.0189534314 2.44379878 -0.14496237 -0.122932538 0.558562756 1.11409891 -0.409092188 -0.741071165 0.0445610322 0.199226573 -0.0527127907 1.85694599 0.629189551
x 1.32364762 1.16891003 -1.5204308 -0.663972676 -0.180018902 0.0812069997 0.243518442 -0.878596067 0.494543105 -0.976002276 0.625037849 1.36633861 0.27329427 0.307628155 2.27116394 0.136887431
x -0.663061559 -0.900618017 -0.504779875 0.401626408 -0.653786361 0.942372203 -0.591473401 -1.1357187 -0.572819352 0.401268184 -0.241140172 0.519053876 0.514462411 2.0005877 1.87967193 0.412739992
x 0.957472444 0.244022325 -0.644547105 0.94118917 -1.51873577 3.13170648 -0.506450176 -0.52879554 -0.2286807 -0.475555271 -2.11511302 1.60506487 -0.888044298 -1.09329331 -0.688629925 0.396422386
x 1.24891865 0.28325218 1.84296358 1.27839851 -0.0816388875 -1.00352263 0.954252303 0.0939357206 0.377870023 0.625899076 0.218809202 -0.309358358 -0.920288682 1.46450388 0.619671643 0.668416202
x -0.627082109 0.689653456 -0.945399165 -0.724422932 1.52866232 2.01337028 0.858893275 -1.87785554 0.582731068 -1.04536128 0.706555068 1.4500469 -0.111611135 -1.77648425 -0.292182326 -1.07402694
x -0.0883219689 -0.452651531 1.5096463 -2.28067589 -0.681420028 -0.419897586 -0.699783742 -0.127157673 0.378239065 1.84703851 -0.0202035923 -1.9216336 -0.161316872 -0.424801856 0.951443017 -0.256753266
x 1.25811398 -1.42870033 -2.30188489 0.548177242 1.21058536 -0.642939806 0.503930151 -0.263252288 2.050735 1.00003147 0.291816384 0.1856682 1.59736466 0.18358314 0.221912816 0.109677084
x 0.502042294 2.40964746 -0.268299907 0.784133136 -0.926678538 0.329435855 -1.66499722 1.57437956 0.987576246 0.103486903 -1.21199369 2.18907809 1.87325418 -1.10882378 -0.696657598 -0.654507577
x -0.576088428 -0.363513619 0.236566767 -1.19888425 0.989207983 -0.0810578987 -0.0291106198 1.4044348 1.22548258 0.0786193386 -0.409628183 0.417391211 -0.286778599 1.08832562 -1.28834605 -0.455540657
x -0.440208405 -0.244185239 0.0366977341 -0.440475285 -1.27331376 -0.0177302659 0.912576675 -2.19586802 0.129100606 0.1815615 1.00121474 -0.576984465 0.0160590354 0.612897038 -0.431026995 -0.279472381
x -0.315131664 -1.33580148 0.583819509 0.417121321 0.0723355785 -0.86976999 0.366003633 0.210240677 -0.547667146 -1.4559865 0.451407135 -0.00223031454 0.705300152 -1.19168556 -2.50855756 0.336000413
x -0.199948996 -1.21543491 -0.524016619 -0.401964277 -0.810034692 0.673920929 -1.73542345 -1.95006931 -2.23845053 0.341429114 -3.18452477 0.201759189 0.320811778 -0.131959349 0.0878182352 0.78076303
x -0.505387664 -0.00807106216 1.91353643 -0.359518796 -0.282888323 0.747135222 0.298679173 -0.0439196937 0.206930205 -0.643742383 0.0523996763 1.00157535 0.230548918 -1.16161346 -0.94723624 -1.55946934
x 0.269837916 1.04953837 -0.624208748 1.46687818 -0.512436569 -1.58673501 -0.631569386 0.278208524 0.0958968252 -0.0362496674 -1.43057323 0.414620876 -0.587442338 -1.34967113 0.209898919 0.160544381
x 0.888479054 -0.329188913 2.42838979 1.06462765 0.799726546 -1.55518174 -2.16065502 -0.00594113674 0.844832122 1.24919057 -0.950939894 1.7314409 -1.28672636 -0.758776486 -0.747098923 0.698291898
x -0.41037643 1.23462451 -0.733315349 1.57380879 0.121262744 -0.568156362 -0.0383279063 0.79589051 -0.57593441 -0.808033466 0.976100266 1.22584546 1.34190929 -1.27304554 0.366835684 0.633765459
x -1.55870354 0.453363597 0.642879009 1.87434745 -1.11512828 -0.067007713 2.58591652 -0.879466116 -0.519996822 -0.49429509 -1.49804735 0.861107886 2.42950273 0.646363378 0.92369169 -1.38878548
x -0.253953427 -0.787521303 -1.22606313 -1.66561389 0.663612902 -1.03682959 0.676659942 0.56438756 0.318429202 -1.08945715 1.42862403 0.786160231 1.61932027 1.33519697 0.434206098 1.44058061
x 0.313757747 -0.269395888 -0.667255938 0.105388232 0.111786678 -1.72251987 0.258726895 1.28683853 -0.529116273 2.3419075 -0.782659829 0.453078568 1.23353422 1.22069371 0.574424326 0.210138708
x 0.587680876 -1.28705275 -0.339557052 -0.954559863 0.560143471 1.62686288 -0.483220458 0.0786253735 1.88794017 -0.0852782503 0.315259844 0.237017319 0.334729403 -1.65304637 0.883914948 0.612374663
x -1.86583531 1.94943857 -0.102179348 -1.35634339 -0.11247997 0.766118705 -0.667236209 0.616960466 -0.163951188 0.870520651 -0.0607939027 0.491942585 0.818007469 0.284814984 0.683295012 0.0350744389
x 0.352206439 1.46219146 -0.471381575 0.480835438 -2.25427794 -0.0751299337 0.796884716 0.457297206 -0.829292655 0.101434313 -0.183013871 0.695169032 0.580976009 -0.776452005 2.23038459 -1.01680076
x 0.969271123 -0.324733973 0.933549047 1.66127539 1.04866028 0.231072083 0.346005291 -0.322369128 -0.328130066 1.08184838 -0.200768784 0.444753408 1.47076511 0.513553858 -1.00030923 -0.979783356
x -1.30943692 -0.99103874 -0.811938465 0.47563985 -0.909407735 -0.513390779 -1.83313179 -0.983404577 -0.219707489 0.0934493765 1.19058466 -0.112109959 1.550565 -1.90865564 1.04737353 -0.309441417
x 1.04800522 1.24400842 0.571963072 -0.845704734 0.27946949 0.906672835 -0.676620245 0.647475362 0.968340635 0.163417354 -1.05007553 -0.671052516 -0.189725161 0.908773363 -0.150407508 -0.840697885
x 1.22617459 0.700351536 1.11606205 -1.34692621 -1.24349177 0.580972254 0.197983727 -2.42341495 0.216843352 -0.805459619 0.962129116 0.771661699 0.466991246 -1.15650487 0.908488691 -2.07563591
x -0.991790712 -1.77241099 -2.75790524 -0.955322683 0.188419044 -0.429816991 1.08957553 -1.97774601 -0.738312483 -0.930159926 0.278270215 -0.702881813 0.503363788 0.0751666129 0.614984214 -2.48635292
x 0.00721715763 -0.888243496 -0.0340058692 -0.868581414 0.800528824 -0.698055387 0.946148694 0.303173542 -0.218602598 0.124593377 -0.818176031 -1.41109872 -1.3945272 0.906442285 -0.872006416 0.229574308
x -0.505810201 0.237186998 0.4665775 0.298811942 1.39008093 -1.31380773 -1.56771958 1.19561386 -0.963986456 -0.512407422 2.44505024 0.907500029 -2.76102185 0.777864814 0.292865187 -2.10376334
x 1.02940869 1.05854833 -1.01681113 0.364250958 0.665636897 -0.949992001 -0.37181738 0.772179008 0.671607852 -0.210734934 -1.30037785 -0.932864964 0.378560424 -0.805071354 1.39116919 -0.135579452
x -1.41561854 -3.26172519 0.0304196682 0.631841183 -0.255584836 -0.298179686 -0.787846088 -0.684943318 -1.0486815 0.994654894 -0.446857661 0.279505044 0.381474376 2.3169601 -0.247373611 -0.0465400107
x 1.18267179 1.11909676 1.25729275 -0.0910370871 -1.51808405 -0.653965056 -2.61119819 -1.65063071 2.11046743 0.875593364 -0.537054598 -0.671319962 -0.971905947 -0.942127466 0.330239803 0.817987382
x -0.166593 1.2297895 -2.51789308 0.95557642 1.86496794 0.64832437 -0.748674572 -0.456491262 -1.31766844 -0.959994674 -1.81052613 0.235161945 -0.444849432 0.382940173 0.609933853 0.213469774
x -0.891390026 -0.944830477 0.160740882 -1.04367375 0.431438208 0.609710395 -0.0596828535 0.117188469 -0.249896258 0.610970318 -0.445859849 -0.130606517 2.27916527 -0.952724516 -0.255006284 0.588998199
x -0.480685115 0.274867773 0.166464552 0.428923935 0.662150085 1.95735049 0.833398938 0.778024912 1.04357898 0.261639446 1.83377051 -0.642028987 -0.12953645 0.674305022 0.0259444211 -0.579008877
x -0.475912392 -0.0650890321 -1.14026582 -0.684813857 -0.31541273 -0.750087678 0.834648073 -0.584667206 0.631882131 -1.54172087 0.0975198522 1.60517061 -0.649460018 1.69474208 1.70770252 0.397141606
x -0.164899796 0.732797563 -2.1354053 0.182798162 1.00633097 0.366265774 -0.264452308 0.39278993 -0.42130214 -0.439389139 0.477738619 -0.149576232 -0.318916619 -1.51848459 1.28674853 -1.08959842
x -0.775236428 0.168473259 -0.106544681 -1.37431729 -0.536441445 -0.245062992 1.19288909 -0.797107935 -0.95502764 0.203528374 -0.543366611 -0.941421747 0.484845698 -0.160872504 -0.0370751321 1.09150684
x 0.052425731 -0.448358804 -1.55937076 -1.24196029 -0.471161008 -0.492316335 -1.30547655 -0.415639043 -0.363658994 -1.64702511 -0.626131237 -1.57241321 -1.64185226 1.07407475 0.566537261 -2.08584094
x -1.1764667 -0.136990443 -0.503506005 -0.0518070608 -0.0536635816 0.37822181 -1.59628952 -0.100816235 0.289012313 -1.31631088 0.175791055 1.15185499 -0.547408581 0.277797401 -0.0787536427 2.70922828
x 0.98280865 -0.295954764 -1.86101365 0.473026633 -0.27675724 1.7621603 1.79533947 1.46556199 0.399127781 -1.25169051 1.05437088 -0.0145148691 1.36790335 -0.302814543 -1.6215446 -1.8017168
x -1.11176586 0.957406402 -1.47837341 -0.0342346281 -0.713126361 1.35349309 0.0576289706 -0.970718682 0.131971821 1.27624869 0.35213533 0.262000084 -1.54790616 0.985822201 0.164850935 0.957309604
x -0.275672793 -0.575662911 1.41161978 -1.14689827 -0.801146388 0.203956127 -2.28118873 -0.105123833 1.32951951 -1.13466668 -1.54946685 -0.426010221 1.22577798 -0.55304879 -1.6736052 0.919736207
x -0.177278876 0.182432935 2.73805523 -0.277165204 -1.78342402 0.876200736 1.36609399 0.116210856 0.599281609 0.409622401 0.601125717 1.8333025 -1.64734685 -0.191667289 0.485745132 1.13852346
x -1.62973082 0.104862638 -0.294547856 -0.974516451 1.38724971 0.727211118 1.24839151 1.07242453 0.30242154 -1.04365206 -1.58020711 0.205769554 0.00307612238 -0.982655227 0.0276285987 -0.522861362
x 0.38072896 2.27155852 0.145895705 0.594719052 0.576231003 1.78316963 -0.357961118 -1.03941798 -0.405711114 -1.04233205 0.840171814 0.0931568816 -1.49488401 0.560966432 -1.59323406 -0.854132533
x 0.538037121 -1.64009917 0.77161622 -1.0577929 -2.11093163 0.524797201 0.702114224 -0.394303322 0.325654447 -1.20113397 0.670104623 1.92941606 -1.09690106 -1.06290579 -0.530499816 1.38349259
x -0.848420918 -0.071994938 -0.532212377 -0.698822916 -0.694132507 0.629772186 -0.439858884 1.98500991 -0.600192785 1.59152806 0.974809349 -0.955882311 1.08664322 0.793355346 -0.288667053 -0.23247683
x 0.839164317 0.0624343753 0.666464627 0.579862952 1.32353866 -0.434847564 -0.903208435 1.35422909 -0.666258693 1.34979522 -0.117901146 -0.696329534 0.741731524 0.675308108 1.48250449 -1.01525867
x 2.14404821 -0.225042552 -0.206387073 0.0440275222 0.471574873 -0.405728251 -0.276220441 -0.389393896 1.44301307 -1.48263538 -0.994005442 -0.243412182 -0.155902043 -1.27410769 -0.771232009 -0.538383305
x 0.731860816 0.421736479 0.981289566 -0.596063316 -1.16547692 0.753547728 -0.600449443 -1.26760352 -0.69197762 0.0157753695 -1.96161902 -0.43127957 1.09110451 -0.512933731 0.699512005 1.40053833
x 0.325565189 0.0268276595 -0.00772647653 2.2046082 0.307065994 0.602590561 0.962996006 -0.396499068 0.886562943 -1.97399151 0.434622169 0.61151135 0.160215721 -0.652373016 -0.175883815 1.37325609
x 0.605588675 0.448517263 -0.126891837 -1.15049446 -0.77042973 -0.329040885 0.415840864 1.17376804 -2.26947689 -0.929957032 0.1465877 1.86315918 -1.39369082 -0.44306314 1.29051971 0.598496735
x -2.08340168 -2.03033757 -0.738413095 -1.59915829 -0.106711723 1.11543381 -0.0883615687 0.208157793 -1.28140831 -0.81962043 0.642665029 0.523162663 0.997579813 0.529021978 1.28364825 -1.59695733
x 1.19649124 -2.52676582 0.581623912 2.16844177 -0.394307196 0.445647657 -0.150772959 -1.09038258 -0.152619436 0.395937234 0.133108303 0.557017028 -0.208195284 -1.63924277 1.41159499 -0.0678846017
x -1.25118721 -0.853583217 -0.81637615 -0.328041255 0.0632932931 -0.717535317 -1.90972018 -0.620563209 1.63087666 0.124251045 1.15172029 -1.1590575 0.0924974456 -0.183062047 2.34314418 1.63302505
x -1.70435643 -0.477957964 1.20206547 -1.12036109 -2.30420136 -0.155453771 0.684740007 0.0478678644 -0.285275936 1.2926693 0.283589184 -0.716640115 -0.42042017 -0.425373226 0.85729152 0.352991611
x -1.63039756 0.517070115 -1.28103387 -0.434767514 1.39452589 -1.67242157 -0.737167418 -0.462370157 -1.22426081 1.17848802 -0.561574697 0.0180895254 -0.188625947 0.86141938 0.405503273 1.13021147
x -1.06674385 -0.332381487 0.900375664 0.56987983 0.645201802 0.181591153 -0.772522807 0.223682746 -0.205529794 0.409302294 -0.726988912 -0.937301159 -0.266584694 0.959437132 1.24915349 -0.811047494
x 0.558590889 0.388173014 -1.84522748 -0.583433032 0.840428948 0.906056345 -0.9853791 -0.136222601 -1.01174533 -1.33332634 -0.564743936 0.652907193 -0.904585421 -0.248798281 -1.57840466 -0.284808159
x -2.12770295 -0.0169837493 2.04912448 -0.0840442106 -0.518352449 1.1132617 -0.715617001 1.2632823 0.0667747408 -0.30474788 1.26273406 -0.783648372 0.425463259 -0.684725642 -0.883839846 1.59825969
x -0.148384348 -0.354060084 2.06830001 0.676319122 2.04651451 1.22996426 0.895340204 -0.81259346 1.33560824 -0.618993998 0.923321486 0.189007744 1.29357564 0.980304837 -1.04656565 0.961351275
x -0.419603556 0.633563578 0.279889047 -0.206590444 -0.112346098 0.587303936 0.87760818 1.04632139 -1.06052256 0.199391752 0.93212086 2.68255734 -0.290385485 -0.0999970287 1.52814686 -0.513878107
x -0.407979399 1.54589546 0.840943635 0.746565282 0.0722330511 -1.1481204 0.0558890291 -0.0933029428 -1.74852312 -0.172595784 -0.136571825 0.552284181 -0.276887506 0.749432862 -0.443203241 1.46936476
x 2.38973689 -0.80953759 1.23146975 0.846446514 1.00087464 -0.180023625 0.151077449 0.408422172 0.226369813 1.49921334 2.30854416 -0.518659592 -1.20650589 -0.935408115 1.4793663 0.496362984
x 0.121809185 -1.44442332 -0.267573684 -0.300532967 1.72443998 0.0614027679 1.1299597 -0.412159473 0.7766518 -0.193297341 0.764871657 0.986257792 -1.39122784 1.33396387 1.8854599 1.6740669
x 0.205498412 1.0160501 0.31360063 -0.274202108 -0.805678487 -0.64891088 0.244950861 0.027583614 1.10927629 -0.5996297 0.865996301 -1.62071359 -0.388415188 -0.253441989 0.834250331 1.77750742
x -1.15311587 -0.936724305 -0.385418713 -3.35134602 1.03373003 -0.0493017584 1.85975897 -0.968421638 -0.151519254 -1.56936812 -2.37558818 -0.730911732 1.25346446 -1.25556529 2.26383376 0.79665935
x -0.400028974 -0.513152719 1.19950068 -0.569711864 -0.285582453 1.71448636 1.04121411 0.109010682 -0.051881101 1.61830258 1.00300419 1.17350829 -1.45442677 0.669878244 0.945824862 0.439509094
x 0.583847404 -1.39602947 -0.0356573686 -2.63224268 0.786378145 -0.489566028 0.200797632 1.01284432 1.00138915 -0.0944955572 0.752557635 -0.815316677 0.949647427 0.728305697 -0.0362328589 -1.08615291
x -0.508523762 0.0749344379 -0.0272368938 -0.774278998 -0.0236973371 0.633906603 -0.924386322 -1.012501 -0.987363577 0.0465785079 0.803093851 1.27787912 0.3426705 -0.457624495 -1.19951773 0.54605943
x 0.20041433 -0.268893003 1.61542797 -0.782577634 0.616486907 -1.10384071 0.37235269 0.53641212 -1.16921568 2.41282845 1.24938512 -1.59759843 0.225529552 0.61463356 1.05421889 -0.45414108
x -0.761315823 -0.721563637 -0.616220534 -0.215727165 -0.464081436 0.302071661 -0.920751452 -0.237819135 0.220488966 0.763244629 0.887749493 1.23207152 0.000125206905 -0.216473117 -0.0707643777 -1.04577827
x -0.854291916 -1.66635394 -1.0447228 0.0490244739 1.59661198 0.880759597 0.100897178 -0.771121562 1.06403172 0.528510809 -0.192532197 0.919091284 -1.121804 0.194147885 0.766268015 -1.64120197
x -0.280835062 -0.228422388 -1.61931241 0.0558055192 -0.252951354 -0.774130583 -0.774113774 1.25031912 -1.04073536 1.17819285 -0.190626666 0.558864892 -0.519252539 1.01360393 -0.630356133 0.904705644
x 1.14761269 -0.980434477 0.701324821 -0.66997838 1.11382186 0.736770511 -0.56821698 0.132150009 0.278929383 -1.29721963 1.86327195 -0.0687075332 0.82506156 1.30650783 -1.04711425 -1.22904265
x -1.17530549 0.753394961 -0.192600042 1.01342773 0.958695352 -0.0289563742 1.56259668 0.375064641 -0.788356423 0.860468805 -0.406581372 0.59052211 -0.573203266 0.954436302 0.000997259631 -0.0494734086
x -0.442553103 1.96001422 -0.0205527823 1.62057745 -2.91747928 0.130665228 -0.166336775 0.428883582 0.949141979 -1.02993453 2.38542795 1.08883107 0.361283571 0.0468456447 0.308930874 -0.884608746
x -0.270551383 -0.321938425 -0.527225912 0.819145739 -0.318441361 0.482523173 1.07683361 0.781182885 1.38760591 -0.136423051 0.494995594 -0.628561616 -0.990362585 0.310765982 0.306741416 -0.224740937
x 0.658442795 -0.607986987 -1.33675635 -1.19588161 -0.00310079264 0.542149901 1.19421422 0.469222873 -0.53816098 -0.78124392 -1.89449441 -0.194483846 1.57638693 -0.15763247 0.710527182 0.557210922
x 0.783946812 1.13593841 1.3328923 0.0279862881 -1.98582816 1.08110368 0.322841465 0.289453149 0.340879202 -0.385872811 -1.37142491 -0.470960379 1.33560085 0.0919837803 0.254451811 -0.0258913282
x 1.0909642 -0.753179491 0.411449492 -0.32358101 1.09014261 -0.853008926 1.95036125 0.695618987 1.45543563 0.757903755 -1.20948899 0.438814521 0.735061049 0.908804655 0.147003129 1.43165743
x -0.51755935 -0.01676948 0.985290825 -0.483492434 -1.27784038 2.32126093 0.725903928 -1.34621656 0.73108685 0.0948310867 -0.170698762 -0.260047793 0.244526729 0.990922928 -0.137951598 0.31402427
x 0.72542417 0.734351099 -0.712231219 -0.884476602 -0.289899617 -0.948049545 -1.62139165 0.37274155 1.11294711 0.292362928 -0.903082311 -2.84378147 0.0823979005 0.107848845 -1.5511018 1.480389
x 0.870366514 0.260018587 1.36733139 -0.495419472 0.602409184 -0.01981939 0.160498291 2.68135619 0.833087206 -1.37348533 -0.341519117 0.956018507 -1.47600818 -1.01109636 -0.914487481 -0.25989747
x 1.10529864 0.767055571 0.255154878 0.448631227 1.28866017 -1.38775265 0.078484714 0.4191432 -0.228580236 -0.569045484 1.23839068 0.0155208688 1.2180177 1.18178236 -0.671067536 -0.0323737189
x -0.338106453 -0.160335258 -0.484546989 -1.2597543 -2.20575213 -1.54306424 -0.304384559 0.743182361 -1.15566695 -0.12496563 0.324572265 -0.332160145 -1.50885499 -0.569252491 0.351218998 -0.0202284772
x 1.434214 2.07278299 1.76473796 -0.142513365 1.97284734 -1.03700495 0.39862445 0.565417945 -0.131172091 -0.209202498 -0.078886345 0.782054186 0.245653361 0.400558352 1.1069057 -1.66107833
x 0.0129618868 -0.100573413 -1.77068424 -0.241468534 -0.31184721 -0.972021341 -0.141617656 -0.888423681 -0.618239939 0.675991297 -0.92413944 -1.38032413 0.704637706 0.872085869 -0.105922267 -0.999982834
x -2.03194118 -0.809945464 0.973278046 -0.0959190801 1.4159919 -0.682100475 -1.0591749 -1.95066404 -2.38441849 -2.79307652 -1.87336338 1.42819893 0.700218201 -0.149911314 -0.0425313115 1.03888714
x 0.912433267 -0.920420527 -0.46308431 -1.04134727 -0.42364794 1.09589326 -0.0874138474 -0.446149737 -1.04936707 -1.62768948 1.45602667 -0.891730309 -0.543727517 1.06789219 1.56561589 -0.431980669
x 1.09238005 2.57338667 1.69719994 -0.46874702 1.12579811 -0.731667638 -0.155288413 0.345769346 -0.783380806 -1.42731678 -0.522464156 1.01628184 0.705497265 0.47045517 -0.213469148 0.38223201
x -0.0955471024 -0.24012354 -0.968653083 -0.927354515 -0.680257201 0.764764547 0.625179827 0.966643095 -2.93986893 0.0230143927 -0.614974856 -2.98018026 -0.736734569 0.487604231 -0.148682654 -0.285204649
x -0.151307449 0.329151928 -0.522489905 -0.506549537 -0.90851295 1.28191054 0.457395911 -1.20155799 -1.33814669 0.65990895 0.176687747 -1.35264766 -1.68017232 -1.85072994 1.14191711 1.1775986
x 0.882550657 -0.613784969 -0.833666623 -0.74401021 -2.51625872 0.953084886 0.923639536 -0.583349526 -0.930162668 0.776279747 -0.51225847 0.333543241 -1.37700593 1.74775803 -0.533136427 -2.6173408
x 0.705089629 1.29315507 -0.515904248 1.92365324 1.53426039 0.623912871 -0.0609681085 0.979472458 0.130311564 0.783026993 -0.335736454 -0.154941306 0.0318059325 1.040712 -0.371767014 -0.88606447
x 1.28159654 -0.742444575 1.71046042 -0.17640771 -0.638053775 -0.80281657 0.326984406 -0.0399110913 -0.680113971 1.03165007 0.205801532 0.234708801 0.784584761 1.21501088 1.0853039 -0.013058329
x 0.170190662 1.59433079 -1.41412437 1.08911824 1.01030326 -0.61135757 -1.60996783 0.343020707 -0.307383955 0.575796485 -2.0196445 0.997810245 1.65509009 -0.911661625 -0.993470788 1.7527113
x 0.751889706 0.159658462 1.05896628 -0.321401417 -0.593002439 1.59545124 -0.362707406 0.575225413 -0.594813824 -1.95086193 0.900278986 1.00915122 -0.87253207 2.24718595 1.76869774 -0.603592455
x -0.159280553 0.640398681 0.408191234 -0.781564653 0.21806626 0.30789879 -2.39618778 0.0154037727 0.182100818 -0.941080987 -0.242515296 0.798869729 -0.7659536 -1.79410899 -1.55771828 -0.167737871
x 1.31330967 1.54334855 -1.50869739 -0.693477035 -0.172459528 0.549788535 -0.560239851 0.42003879 -1.16185617 -1.41692352 -0.956092298 0.200025558 0.189393356 -0.65529865 -0.803577363 0.57456553
x -0.651114821 -0.75707829 0.923421323 -0.449263066 -1.75654888 0.465741038 1.36101305 -0.182829365 0.541798472 0.267134011 1.73197687 -1.79986346 -0.47070089 0.733233273 0.242318347 0.879252434
x -0.0541856997 0.450313956 0.423640847 0.747675776 0.601352155 0.285690099 0.560510218 1.06717634 -0.301592618 -0.855660737 1.24836576 -0.851862967 0.513738155 2.23486781 0.493057162 0.573417902
x 2.27901769 -0.475613445 0.222285911 1.07019937 0.73799473 0.314488202 -2.17652011 -0.433497071 0.431113631 0.305246323 -0.367704123 0.40562129 -0.508400679 2.09567332 0.302317023 -0.549748182
x -0.793099523 0.468168497 0.651192307 0.443294913 0.870270848 -2.55958533 0.171105325 1.16019452 1.24171901 0.246526331 -0.645127475 -0.601955771 1.43148577 -0.351970792 -0.410456449 -2.61702251
x -1.3187573 -0.590274632 -0.328478158 0.185402334 0.329891354 0.774386585 0.302674502 -0.0689483583 -0.0353649519 1.19078553 0.554165602 -1.69216895 -0.0804345608 0.383305103 0.551457942 -1.5833956
x -0.17714195 0.532238901 -0.704175413 -0.4362005 -0.543006003 0.799743593 -1.01455939 -0.911487818 -1.22159243 2.12673259 0.675684035 0.0654013902 0.356277674 2.46853876 0.238064721 1.75462031
x -0.726786911 -1.1647718 -0.330418259 0.273217231 0.615720928 -0.0793872178 1.16976297 1.18059516 1.94194317 -0.350770533 -1.15917158 0.376444668 -0.393804103 0.29806608 -0.770907223 0.657230973
x 0.998708129 0.791709721 0.859613121 0.638991833 -0.0347600617 -1.77922988 -0.730709791 0.296118498 0.884885788 -1.72031581 1.83593059 0.103389561 1.15854502 -0.75902456 1.34517145 -0.845588684
x 2.0752461 -0.524266839 1.48261905 -0.133352861 0.65360862 1.06082547 0.713371813 0.257332176 -0.520346522 0.753363311 0.666535139 -0.874815822 -0.104846679 -1.26422811 0.17492567 -0.47834298
x -1.00083756 -1.19062841 0.933528662 -0.737097085 0.350814015 -2.2872529 0.640207887 -0.571483374 1.30182409 -0.730480611 1.21903956 -0.15124096 -0.716767132 0.87683475 0.754155815 -0.547472
x 0.386215061 -1.09458923 -0.691420019 0.0618611611 1.4247967 -2.08159447 -1.60630989 -1.83786011 -2.08673263 0.827990174 -0.641210198 -0.900242329 0.465854019 0.559732735 0.635275543 1.68367577
x -0.75032866 -0.294520199 -0.628036439 1.0683074 -0.236951694 -0.503068268 0.229072049 0.104695402 0.839418411 0.923025906 -0.168203175 -0.317534924 -0.660845459 -0.327651978 2.26159024 0.169413298
x -0.640132606 1.23169506 -0.228697762 -2.56213164 -0.349684417 -0.202827439 1.28661263 1.49020171 0.713141859 1.35266209 -0.525360703 -0.779972315 -0.124774307 0.0329957008 0.242258042 -0.133810833
x 0.220738471 0.468980342 -0.563452065 0.705664933 -0.161952496 -0.345667452 -0.055611629 1.36619735 0.990669131 0.696812212 0.0403790623 -1.70549154 0.329984725 -0.925151527 -0.136484981 -0.105788544
x -0.190617025 -0.292067677 -0.541522801 1.05657828 0.191457734 0.133510858 0.478810757 0.419674456 -0.0669859275 -0.659333169 0.516152978 0.678227842 -0.266334921 1.243312 -0.96858412 0.679212987
x -2.58516121 0.363013864 0.675306678 -1.06670284 -0.863608599 -0.530134261 -1.19778681 0.711798489 1.78789127 -0.690827489 0.514185011 -0.778632998 -2.81941581 -0.667420685 0.213276103 -0.77880317
x -0.146719381 0.752668679 -1.08886409 0.52468127 -0.186407581 0.0731783807 1.23750854 0.16059874 -1.00050795 0.205525562 0.0221911278 -0.00544073619 -0.730867803 0.542309403 1.83719003 -2.18902397
x 0.945289314 1.67671871 0.968383014 0.538896322 -0.861285329 -0.385032177 0.912708342 -1.16324568 0.243037045 0.924456358 0.0886218026 0.0773692578 -0.29727596 -0.634429514 1.94489694 1.24167621
x 0.922262788 -0.191612706 -0.0697825477 1.02745211 0.814133584 -1.00800228 0.0464170463 -0.112858377 -1.40003455 0.108576834 0.248179242 -0.467748642 -0.746354759 1.83713496 -0.266711771 -0.0373588428
x -0.449347377 -0.882504642 0.932111263 0.740103662 -0.758762538 -0.143248156 -0.649446547 -0.598281264 0.699800074 -0.64612174 -0.412257463 0.248130515 -0.234476924 0.33904317 0.789527297 0.356518269
x 1.6055057 -0.00300315907 0.354476333 1.23482311 -1.54184902 -1.0777694 -0.268590271 0.412994623 0.823871911 -1.00669873 0.247121528 -0.382451355 -1.06059301 -0.327871114 0.0165776182 -0.984266698
x 0.584917605 -2.40398788 0.112387121 0.872915924 0.216123521 -0.547801197 -1.4206661 -0.498345613 -0.45026657 -1.64710975 0.280197829 0.690753818 -0.605338633 0.120382972 0.831685245 1.21830308
x -1.10902917 0.95597434 0.289676905 0.121438846 2.13679171 -0.0765652135 -2.20841265 0.792524695 -0.239554062 -0.0515204705 -1.02587497 0.141282529 1.45355165 1.06404257 -0.0454354063 -0.155309603
x 1.11397755 0.859780848 1.59905398 -0.202890992 0.377671957 0.159721762 0.203800708 -0.131608337 0.554775536 1.32619488 -0.404880732 1.01319432 -0.606308579 1.49376082 0.52094841 -0.834504485
x -1.8889271 -0.317131788 1.27426493 -1.0983572 0.180316895 -0.339117467 -0.0390672833 0.437263399 -0.298265219 0.77918303 0.535515785 -0.594348311 1.62895679 0.0690245256 -0.971115708 1.50084651
x 1.54048288 0.618968904 2.3209691 -0.769248307 1.01016462 -1.26675558 1.60962212 0.669057131 0.976916611 -0.849143326 -0.0377590321 0.0723711774 -0.0825599805 0.0929766446 0.89778012 1.63589895
x 1.42622721 0.838495493 -1.0417763 -0.0893025696 -1.48125684 0.455371708 1.79519057 0.736723959 0.594448209 0.217250377 -0.481152505 2.08726883 1.3093406 -0.374549776 -0.307019293 -0.55957669
x 0.973125875 -0.211367965 -0.437258869 2.1546216 -0.286616385 1.23410666 -1.04315531 -0.227612272 -0.16544506 1.07400286 -0.365649939 1.37602735 -0.416892022 -0.207442254 1.03574526 -1.04088235
x 0.0581595302 -0.427243173 0.0691437051 0.651938319 0.316946328 1.24262083 0.861656845 -0.512902498 0.345247477 -0.242143571 -1.02933466 -0.422012776 0.539593518 -1.9291122 0.422217339 1.24564099
x 0.378853053 -0.973635554 1.35951996 0.29928124 1.38839173 -0.505699813 1.47446823 -0.771176815 1.19911587 -1.4671669 0.692699015 0.769318104 -0.57546556 0.984495163 -0.177470908 -0.476816267
x 0.112414889 0.227238536 2.08004642 1.91450238 1.25570619 -0.698224962 -0.286898643 -1.39720619 -1.23185849 0.683672607 0.190736964 -2.11160707 0.985941768 0.731485784 1.00522685 0.387313902
x -1.64645278 0.907133341 0.603651524 1.11539364 0.272611439 -0.850777149 0.727235913 0.588410854 0.485386938 -0.124047823 -0.237124547 -1.92197585 -1.10896683 -0.0122384122 -2.42856765 -1.53018868
x -0.209696889 0.787009001 1.05713856 0.391967297 0.627491236 1.42334616 2.44944263 0.363757312 -0.501550317 0.19650951 -1.28307569 -0.159384161 0.911479056 1.20507872 0.948771834 0.264650017
x 1.23092997 1.43345928 0.650910378 -0.563591421 -0.41783607 0.13885878 -0.678925335 0.734815121 2.373276 -0.461594552 2.31136227 -0.924524844 0.192734763 0.0410661213 0.218153477 0.520573318
x -0.903822005 -0.204917088 2.37378049 -0.994406521 0.778346539 0.155125633 0.92600143 0.33272922 -1.12288868 -0.780633807 1.04240274 1.32640314 1.02949309 -0.0358769558 0.324419141 0.689993441
x -0.880482018 0.93324846 -1.53090823 1.5312978 -0.309624493 0.906198323 0.719821692 -1.44245696 0.0860350356 -0.625970483 0.345846146 -1.29984224 0.982403696 1.08938885 -0.254712492 2.83556938
x -1.17818105 -0.592544794 0.0464783236 -0.184377849 -0.622505426 1.19471884 0.157397151 -0.676172614 -0.42263028 -2.59409308 1.82324791 -0.970157206 0.150352389 0.259685308 -0.425753742 -0.639240205
x -1.14583766 -2.33629441 0.895220578 0.492240518 -0.721374512 0.179547831 -0.330605358 -0.463840336 -0.228262931 1.11543775 0.277685076 -1.08734775 0.829173505 -0.733287811 0.630655527 0.605314434
x -3.10814905 0.266015857 -0.722428262 -0.168340147 1.9034158 0.492465109 -0.00735678105 -2.0385468 1.63689542 -0.0910884812 1.03748286 0.0426199138 -0.407928109 -1.55257165 0.453523308 -0.973296463
x 1.17586422 1.49162591 -1.02414167 -1.25579035 -1.1864543 -0.744561315 -0.103532486 -0.863753617 -2.03448486 0.144499347 -1.48864853 -1.1798352 -0.197223052 -1.39767873 0.183470309 0.631781042
x 0.519170344 0.902577996 1.15890181 -0.103928491 -0.539282382 -1.11287177 1.0157789 -1.49999678 0.931201994 -0.828563333 -0.0237065479 0.322790414 -1.67657852 0.753430963 -0.666500449 -0.958065927
x -0.464211971 0.0738260075 0.849337518 1.05809712 0.329105377 -0.441344976 -0.178638071 0.0440571345 -1.02332377 -0.498214215 -0.112303734 -3.40778995 -0.214565858 -0.753561735 1.27021945 0.581286311
x -1.73180604 0.33622843 -2.22432375 1.52908838 -0.96641463 -0.143481016 1.05830276 -0.662472188 -0.416591078 -1.09510624 1.19800878 1.9318018 0.0300894752 -0.613243461 0.129402697 -0.196037367
x 0.431581736 0.226005837 0.538392007 0.307568908 -0.609628797 -1.59954548 -0.913154483 -0.055027891 0.968291461 -0.537809432 0.548380494 -0.811675668 -0.498038143 -0.119616278 1.43824589 -0.190072954
x 0.52006048 -0.20954518 -0.242324188 1.38181245 0.831041992 -2.27718711 1.05411613 0.0705865622 -1.14429355 -0.135380194 -0.316228509 -0.194032595 0.900452852 -0.848536611 0.159147605 0.408516467
x -0.33839944 -0.661395967 1.09870887 0.754951358 0.972050428 -0.00311919022 1.16806066 1.67371953 -0.438001305 -0.476519704 1.28632677 0.458657205 1.28940094 0.624438226 0.209064573 0.158745676
x -0.198351964 0.445082724 -0.11491622 -0.659735799 1.48972845 -0.306181431 0.626345932 -1.27767086 -0.272859693 -0.519450843 -0.784792602 0.067015402 0.886784494 0.0748355538 1.43802953 0.176727444
x -0.35278362 0.709072769 -0.555380583 -1.24850023 0.552779138 -1.20293248 -0.504204869 -1.4527638 0.516629815 -1.31727135 0.760761023 0.0184106473 -1.19115674 -1.33294857 -0.365229249 0.610133469
x 0.600029886 2.39531255 2.26489997 -0.288664848 0.0753226504 -1.33811116 -0.744080186 -1.31554377 0.243618667 -0.106371112 1.06201065 0.421408534 -0.990234137 -0.088004984 -1.56296563 0.218108326
x 0.0891055912 -1.25876498 0.496777952 0.528554142 1.82005954 -0.65591526 0.496789992 0.0675518662 1.86024034 1.23006618 0.726794481 0.453642637 -0.471643537 -0.628184736 -1.46906841 -0.710364699
x -0.0196211766 0.0759550482 -0.193923637 1.83703959 0.952581346 -1.64358199 -0.38100487 0.822167277 0.348253936 0.46689567 -0.814038098 0.0382580422 2.85289335 -0.19999744 -0.473061591 -0.330007643
x -0.296401739 1.43620968 -0.528359652 0.915555894 0.382984668 -0.579267979 -1.00769901 -0.652242362 0.73613286 -1.0217042 3.48183727 0.921689153 0.804463506 1.14909875 0.307930082 0.985855997
x 0.0483873263 1.39026642 -1.90312314 0.127947435 -1.30064404 -0.753726006 1.01834142 0.744795382 -0.534496903 -0.54628861 -0.73572427 0.094489336 -0.248083621 -1.37430644 -0.390222073 0.653470874
x 0.064992018 0.406879514 -0.148785874 0.55256772 -1.28088498 -1.02012193 -0.660447359 1.13516045 0.983711064 0.338913381 0.667726815 0.371619791 2.72184515 -0.204937935 1.82917452 0.182701439
x 0.25263989 -0.813562334 -0.27066651 0.70334816 -1.13116252 -0.348484844 -0.0865038037 -0.591237366 0.816526175 0.792962313 -0.115239359 0.598362148 0.717454195 -0.131278247 -1.40251887 1.87097001
x -1.07500708 1.02833724 2.24688506 0.731761336 1.7584548 -0.334996641 0.171183422 1.53798604 -0.6172207 -0.978654325 0.0104946056 0.319588333 0.19122456 -0.620035708 0.820908725 -0.0429249927
x -1.39630139 -0.417902559 0.292248338 0.518186629 1.28489685 -0.875673711 -1.15643489 0.385361344 -1.41584849 -0.146584824 -0.288282216 1.00169647 0.533380389 0.775216818 -0.858176887 -1.65220511
x 0.365417808 0.417102158 1.96405041 -0.229824498 -1.4580698 -0.290716588 1.06598556 -0.302238524 -0.779485464 -0.260428041 0.836572528 -1.23421335 -1.22215128 0.623553574 1.9253273 -0.215789586
x 1.26330829 -0.98009342 -0.603114724 -1.5934968 0.519165874 -0.6717574 0.597342789 0.914678514 -0.180649668 0.95487082 -1.18834054 1.68708563 -0.837947309 -0.34177655 -0.552602232 0.0761110038
x -0.885603905 0.8017748 0.245621607 3.00877285 0.576306283 0.468746156 1.22963428 -0.688482821 -0.7091465 -0.325619489 -2.52647614 0.4373236 -0.98986876 1.4353013 -1.44162714 0.0276199505
x -2.85852599 -2.55345345 0.771892488 0.702725351 -0.855185986 0.664963067 0.359074265 2.02390099 -0.747995377 -0.163636804 0.602352023 0.0404023714 2.4181273 1.17548811 -0.191877335 1.70406055
x -0.344776094 -1.49153686 0.811510146 0.574108362 -0.0866141468 0.631972194 -1.57764661 -0.640755296 0.0364626087 0.670165777 0.420865744 0.647413909 0.191949666 -1.11385024 -0.355500758 -0.46659261
x 0.444212109 1.02212334 -0.778606713 -0.539134979 -0.0803545639 1.38461316 0.488595963 -0.6704849 0.151790395 -1.16451633 1.291502 1.21926188 0.894921362 -0.560120821 -0.0469279774 -0.81024909
x 1.70191348 -0.211760744 0.310624778 0.557194889 -0.524832308 0.538780332 0.607484221 -0.423064947 -0.28474617 -0.560236335 0.959956467 0.906404197 0.627620459 0.79214251 0.779462218 0.46327737
x -0.16202271 0.853654861 0.595922172 0.547903061 1.07244122 -0.503485799 -1.67947865 0.120006956 0.650519609 0.177058771 0.878845036 -0.263531536 0.593944907 -0.17967318 -0.111127757 -0.438058823
x 1.45716035 1.68196797 -0.56369555 -2.4708302 -1.51490164 0.394352496 0.696741104 -0.378190666 -0.4839288 0.296624094 0.884350836 -0.22485508 -0.53874135 0.422134787 0.54938966 0.309220016
x -1.08920705 1.11591923 -0.0802571848 -0.815472543 0.180115253 -0.811161935 0.541540504 0.932433903 -0.377727598 2.60710025 -0.206177413 0.705989599 -0.562399983 0.487291276 -0.814818084 0.31681639
x 1.63006151 -1.29423761 -1.40099001 -0.787196815 0.139592186 0.820788264 0.271256179 0.977515757 -0.151368469 -0.756207943 0.221836492 -1.11282134 -0.403514773 -0.192825302 -1.26529193 1.10049355
x 0.548038781 -1.61936724 0.79760474 -0.340004146 -0.411214888 0.0778890103 -0.341127425 1.36449146 -0.796384633 -1.31054699 -0.825753033 0.14377524 -2.23116016 -1.16365075 -1.25902343 -2.26274061
x -0.312651753 -0.45217973 0.296588391 -0.166176483 -1.09002459 -0.935275555 0.881563425 -0.999867857 0.749513209 0.201581255 -0.583213866 0.0981380716 -0.822635531 1.08745492 -1.6505183 -0.181232378
x -0.871985853 0.376285911 -0.534815967 -0.550637841 0.412424058 -0.778196514 1.30097115 -0.272578925 -0.0743478239 -0.209304377 -1.99247801 -0.377891541 -1.76789474 0.651122391 -2.5102222 -1.05838633
x 0.32394278 1.66039574 0.812562883 -0.235491857 -0.397425294 0.539089382 0.331061542 -1.56101739 1.64687371 0.856871188 0.581236422 0.0130415875 -0.437450916 0.780381858 -0.255436301 0.0525688007
x 0.695525706 0.684791148 0.480976403 0.396962702 -1.07172382 -2.14839411 2.42046547 -0.122221023 -1.30686259 0.639864385 -0.486083865 0.542007744 0.311536342 -1.08146751 -0.957140863 -1.20709705
x 0.769261956 -1.06963897 0.0427307896 0.802472353 -0.0694583207 -0.244457439 0.626182795 0.127752021 -1.72846246 0.661834598 -1.12921846 1.17749441 0.638299584 -0.496223897 0.935395479 -1.16680515
x 1.58965707 -1.66749406 0.22228393 0.123840109 -1.75381947 1.72511578 0.277646244 -1.48012328 -0.0882378444 0.458399266 0.650456488 0.763496459 -1.54822576 -0.173931718 1.77524483 0.579523563
x -0.163641423 0.36376664 -0.775399148 -0.289806247 0.00541762449 -0.340783507 1.15624011 -0.598392248 1.05694258 0.777999401 1.20306301 -1.32004666 0.045005776 0.621129513 0.939752877 -0.188033894
x -1.58492339 1.55483198 0.134409532 0.413595498 1.04407096 -0.717413127 1.7824434 -0.971568525 1.09045434 -0.465709448 -0.162689075 -1.20052612 -0.28331092 0.987317801 -0.929038584 0.304393739
x 0.0418347009 -1.29918706 -0.954391897 0.120907038 -1.00261819 -1.38689017 1.55525482 -2.07255626 -0.159023598 -0.944696605 -0.0383835919 1.67313468 0.0677513927 0.230348185 0.765758276 -0.00716761732
x 1.43888628 0.650286198 0.646817803 -1.44265735 0.877511978 -0.857820749 -0.648453116 -0.463136613 1.19517624 0.616149247 0.744980574 0.289356172 1.21221125 -0.0258437209 0.787411928 0.57759434
x 0.491221279 0.436391562 0.471000791 0.818237424 -0.106001586 -1.46406591 -0.289445013 0.154180169 0.349693477 0.107411638 0.648328722 -0.522295415 -0.219316691 0.469709665 0.504921973 0.272800684
x 0.544941783 -0.698329747 -0.893875062 -1.27326798 2.02273822 1.13872814 -0.563303173 0.358802706 0.571582139 -1.18158209 0.179039165 1.03012514 -1.07096958 1.15399337 0.0876870677 -0.241555125
x -1.67479897 1.60555029 -0.750221491 -1.29827559 -0.808497965 0.582837522 -2.51489258 1.17822802 -2.5656867 -0.258047849 -0.608336926 1.69072926 0.977276742 0.038428057 0.602459192 -0.500216246
x 1.22496939 0.203454733 0.590162873 0.161775559 0.843408525 0.173537776 0.0996701941 1.82820559 -0.0256864205 1.55410135 -0.556750596 -0.481759548 0.508420408 -0.642271638 -0.241034418 -2.65199518
x -0.608986795 -0.576140285 2.14019966 0.195366904 -0.0995068997 0.095575884 -1.02305126 0.287514746 0.458927661 0.852189124 -0.729412556 0.473592371 -0.430611044 0.85863328 0.288839787 -1.25739861
x 0.81279248 -1.62445915 -0.0254219882 0.755387902 -0.053637661 -1.00791562 -0.481959075 -0.498875976 0.867255449 0.610299528 -1.23324656 0.859997094 0.827436507 0.179571599 -2.05656433 0.891703844
x 0.39206931 0.849244893 -2.30366802 -0.671219766 0.147673592 -0.854375958 2.54324937 -1.32021618 0.575868607 1.29849589 1.80738413 0.752045035 0.587081671 -0.588962615 -0.270143002 -2.16696143
x -1.02908194 -0.276317626 -0.130324945 0.949967325 0.5404073 -1.0013504 1.03418291 0.365840435 -1.89331245 -2.06082273 -0.412335217 1.11085916 0.236597747 0.606822908 -0.869181812 0.0105195548
x -0.786939979 0.241508499 0.512079895 -1.53776753 -1.81840086 -2.19349718 0.0449992269 0.976899445 0.165267855 0.160685927 0.0775743797 -0.800955057 0.941726327 0.591865301 1.3266257 1.73622465
x 0.176954597 -1.01074255 0.0399372354 0.019002011 -0.881885171 -1.39647055 0.502819836 -0.167581752 0.0864207149 -0.864169717 -0.563910961 -0.0965410098 -0.703636706 -0.62711823 -2.43255281 0.971099317
x 0.0317812227 0.366615117 0.104236647 -0.702699184 1.27202284 0.570196688 0.509013414 -0.0749704167 0.169537291 0.609708011 -0.158896744 -0.0215869732 -1.59186673 0.460953861 0.399963886 0.727420688
x -1.68430293 0.239918336 -0.073055543 -0.824777842 -0.452112019 -0.478222221 -0.501199245 0.747507036 0.203500316 0.633650243 0.645065665 -0.353112042 -0.357969642 -0.89124316 0.439566255 -1.11428607
x 0.73244983 0.895648897 0.126942039 -0.960332215 0.423047453 -0.181580409 0.907145321 -0.703543603 0.433351398 -1.19985735 0.659305155 0.346435755 0.734319568 -0.562784493 0.642382622 -0.328100979
x -0.704786777 -0.880797088 -0.497475624 -0.464836746 1.57769752 0.0455592088 0.104677178 0.479882896 0.61179769 -0.459391207 -0.176572978 1.33804297 -0.443767011 -0.416366607 -1.26630056 1.03123057
x 0.489407629 -1.33654642 -1.11383092 -0.452951699 1.67982411 -1.03000915 2.42659044 0.0364856645 -0.918634117 -1.13829899 0.888992846 -1.48556793 -0.281534076 0.633411944 -1.35920715 0.100844026
x -1.18406904 0.91423589 -0.861279368 0.546574295 1.36954296 0.606574237 -0.0974233523 -0.0381487571 -0.867094696 -0.0848385543 1.0002408 0.706714511 -1.04261577 1.39791548 -0.927723706 -1.16548717
x 0.0408778489 0.914246202 0.352853477 -2.19011259 0.52373898 -0.828490078 0.0298907422 0.685207188 1.50751138 -0.176057711 -0.126943514 0.014483287 0.764185071 -1.49508452 -0.772505105 -2.0975318
x 1.34444594 0.0288156513 -0.403887928 1.07939434 -0.584946394 -0.0639897957 0.873365462 -0.449498296 1.03909016 1.02050507 -0.220111445 0.00457349233 0.518917859 -0.577565312 -1.33187628 0.241941065
x -0.601570308 -0.65190345 -0.383994907 -0.990703881 -0.497724503 -2.04340076 0.970866799 -0.10056407 -0.723431349 -0.704114735 0.519935787 -0.0807028785 0.107622489 -1.64834547 -1.12312448 0.517336845
x 0.0932522714 2.01990199 -0.5730564 0.582455397 -1.41952109 -1.62119341 -0.585754693 -0.857693672 -0.858443439 0.18741487 -0.0995484293 -0.127152711 1.22142828 0.222095087 -1.40655053 0.850095332
x 0.661238849 -0.621640325 0.745688736 0.644631088 -0.58559835 -0.336322784 0.877506018 -1.51488936 -0.307373255 -1.34228671 -1.50087762 0.308728248 2.70766997 2.65055704 2.22642684 -0.138663158
x -1.68072569 1.85427999 -0.855587542 1.69995785 -0.189334303 -0.0954392254 0.194719821 0.242497295 0.385969639 -1.98359168 0.765622735 -0.194243237 0.448587775 -0.0747637302 -0.449212402 0.821928263
x 0.540226817 0.522455871 0.262587279 -0.878512383 0.0891140699 -1.14138854 0.885304034 -1.65542495 -0.680721223 -3.23893452 -1.29356802 -0.11354664 -0.537275493 -0.572987914 1.53746104 -0.0976829827
x -0.796169341 -0.621290147 0.599166036 -0.475658715 -0.624080896 0.604129195 -0.0556317084 -0.968627632 0.653280854 0.264482647 0.0343053378 0.90528965 1.42384243 0.822930574 0.59863174 -0.260570049
x -0.805868983 1.60703111 -0.347238988 -0.263021588 0.76878351 0.886845767 0.329173893 0.699537456 0.671738267 0.0268018134 0.289414674 1.21210706 0.684862375 0.653864443 -1.37828243 0.0258662794
x 0.500263155 -1.53607166 0.755912304 -0.0476660468 0.300204962 -0.534992278 -1.90116787 -0.863381505 0.423555791 -1.33175278 0.616550028 -0.544785202 -0.666392148 0.211396351 1.04126656 0.068939507
x 0.861984372 -1.45145583 1.63550425 0.185634583 1.30426669 0.874969959 -0.13866283 1.68842316 -0.618999362 0.596574426 2.14278722 -1.4221611 0.0528171808 1.75441229 2.06948018 -1.49396992
x -0.353413016 0.0832782462 -0.495862395 -1.00487733 0.918566585 1.48454726 -0.452444434 0.732366741 1.0035125 1.1765151 -0.350758135 -0.692456841 -0.319342136 1.74525428 -0.0972251669 -0.771661043
x -1.14351296 0.628249884 0.433742225 -0.861704469 0.579541087 -0.668185771 -0.461852431 -0.195754364 -1.61614048 -0.669973791 -1.3481034 0.192809597 1.23396659 1.6181941 1.1196692 1.32097733
x -0.210599378 0.962839961 1.3283565 -1.98681295 -0.553354323 0.0480022691 2.79355001 0.436986417 -2.2291522 -0.762278199 1.30659461 0.747325957 0.64761579 0.671638668 1.09266448 -1.20277393
x -0.300335228 -1.31922626 -0.110510267 -2.31942081 0.792313337 0.318170816 1.22608531 2.91442156 0.29901436 -0.899320066 0.238124251 1.21656144 0.71474731 0.272351444 -2.16356587 0.863850355
x -0.785858214 -1.55035257 0.296405017 1.07511902 -0.694666207 -0.666056156 -1.19700789 0.631675005 -1.41984391 -1.18880522 -0.879478455 0.346227348 1.3748014 -0.692685962 -0.955242932 -0.347752184
x 0.303340524 0.81011194 0.270293266 -1.41788411 -1.25206923 -0.866980553 -0.0772611797 0.474801928 1.36548758 -0.294195294 0.379956692 1.05219185 -1.2679441 -0.583349764 0.559924364 0.0104974136
x -2.928864 -1.42616856 -0.257857919 -0.14227052 -0.933509409 0.997379005 -0.332042336 1.41345382 -0.494624674 -1.43663025 -0.456794828 0.373013198 -1.29403746 2.92772675 -1.88253582 0.277865201
x 1.95429063 0.416269124 -0.664481044 -2.13314748 -0.13993299 1.4180758 -1.27457035 0.633465946 1.47140729 0.851891041 0.962439418 -0.00957732927 0.579370975 -0.973629534 0.406027913 -0.169232771
x -1.5489769 0.15531759 -2.34786749 -0.292781204 -0.744424522 -0.165723756 -0.899897873 0.900217652 0.0202318653 0.0366459675 -0.44191286 0.585891724 1.03219974 -0.0158970337 -0.810759783 -0.428350717
x 0.350661069 -1.70249391 -0.081655778 -0.0735351294 -0.237561926 1.39870799 -0.176346347 -0.52180779 -0.303641826 -0.253842235 -1.66114032 2.04945731 0.842529476 -0.0469004214 -0.79336071 -1.15649784
x -0.095541887 -0.810860276 -0.493804753 1.14281511 -0.367628306 -0.0506672002 1.06417644 -0.533972859 0.0665365979 -0.372319043 1.73761487 -1.67489552 -0.0691808313 -0.112320729 -1.65033853 0.301364064
x 1.42557502 1.08906937 0.995057344 0.028911002 -1.51039934 0.423075378 -1.31328762 -0.10214375 0.93826139 -0.66953975 -0.695016026 -1.3490802 -0.80605036 -1.21605003 0.48151508 0.814059854
x -2.93802691 0.328973025 -1.63251734 1.1894424 0.138502732 0.588341951 0.4494192 0.271685749 -0.00612794701 0.900871575 0.596697986 0.580973327 1.72662497 -1.27623737 0.261896163 -0.746225536
x -0.882473886 0.0323211625 1.1113416 -1.1744386 -0.306792855 -1.14169729 -1.58460367 0.134573907 0.443686932 1.89847362 -0.946420312 -0.642653704 -0.83878535 1.14350593 -1.09655166 -0.742742121
x -0.256304175 0.279581577 0.471719146 -0.218460292 -0.55882442 0.774334848 0.395072877 -0.78908205 1.68558967 1.53304243 -0.0777420998 -0.924554527 1.42306757 1.41312337 0.142617643 -0.634968519
x 1.44507372 -0.906883657 1.3173635 -0.434031248 -0.298149109 0.217395678 0.419352174 -2.60421801 0.327422857 -0.294661671 -0.981180012 -0.407286108 -1.86056793 -0.221870348 -0.917316973 1.08747172
x -0.323586762 1.05005789 -0.42490533 -1.09458959 2.3618741 -0.710420012 -1.71002936 -1.6493783 -0.296187341 0.800331473 -1.59035683 1.49651003 1.61453342 3.94554973 1.70413971 0.843445539
x 0.417086929 2.03736067 -0.377248496 0.166118175 0.865808606 -2.22756124 -0.81715858 -0.0635723844 -0.601505876 0.691399038 1.71266186 0.734110117 -0.0153994029 0.591344953 -0.928562522 0.363981515
x -1.87259626 1.01607728 -0.976501942 0.555745184 0.0452462435 1.36295307 -1.21806419 -0.252950847 0.831220031 0.738771319 -0.992784142 0.657864153 1.32783389 -0.677972376 1.00727475 -1.3482672
x -0.497320384 2.171206 0.0179258678 -1.1535908 0.873333514 0.48678872 1.04746425 -0.41126585 -0.0193348695 -0.969028592 0.347524583 -0.0502971038 0.585870504 -1.0877701 0.879134536 0.296933472
x -0.375882328 0.652386427 -0.239682361 0.781828403 -0.622894228 -0.340278089 -0.412319988 -0.743495703 0.419998616 0.720387816 -0.875151217 2.45010519 -0.089926213 -1.784585 -1.29873514 -1.18482411
x 0.180234164 -0.751046896 -0.448243797 0.612424791 0.574890673 -0.71011281 -0.882115185 1.14870644 -0.317099065 -1.86875176 1.42851114 -0.167552009 0.0571245253 -0.865503848 -0.452089548 0.173312515
x -0.204224527 1.24217308 1.06260598 -1.75855529 -0.944342375 -0.160214692 -0.377268046 1.06465268 1.8143338 -1.09013045 -0.0924024656 -1.34003675 -0.236793742 0.924427986 1.80195975 0.716898084
x 0.117356762 -0.391680896 0.0037964168 0.0165957268 0.596610367 1.29210711 -0.62724489 -1.90528488 0.505348146 0.856628656 -0.878237665 -0.260449469 0.974957585 -0.448276818 0.410225481 1.06540298
x 0.945947647 -0.516701937 2.03490329 -0.057109151 0.501507998 -0.45624581 1.44244707 1.95565915 0.34886834 2.07095432 -0.306851089 -0.197532088 -1.43003905 1.53482115 -0.668152153 2.08665776
x -0.311180681 1.53944421 1.05837548 -1.01872098 -0.370676041 0.692623556 1.04235995 1.03382254 -0.230141982 -1.12962449 0.191387132 -0.852119029 -1.95983124 -0.867525339 0.437776417 -0.32390812
x -0.88570106 -0.198084906 -0.0274859853 1.29770684 -0.524222255 1.0988462 0.675901294 -0.545021832 -0.921283484 -0.0554514006 -0.120869927 -0.206733763 -1.46228564 -0.789606452 -0.91671747 -0.0284564849
x -0.27470538 -0.393792689 0.496170163 0.226336852 -1.38608277 0.0909601301 0.398704708 1.08017945 -0.290649772 0.15275839 0.89121747 -0.945652425 -0.849761665 -1.1020478 0.439537823 0.918958604
x 0.591740489 0.0286443625 -1.51859522 1.13547516 1.16835284 -0.202016339 -0.645371616 -0.197883651 -0.718720138 0.108004704 0.0124253416 0.225434065 0.210229218 -0.905525446 -1.13561535 -0.178447619
x 0.198514462 -0.537795007 -2.4856708 -0.153020725 0.0284675062 1.10938549 0.452157497 0.454884052 -0.0712945983 0.060580764 -0.669773281 0.758126736 0.939514101 3.06077433 -0.627326965 3.19410324
x -0.721842945 0.125799149 -0.58368355 0.637714863 0.700051248 -0.476538748 -1.04835546 -0.649831474 0.526165605 -2.89217448 -1.50539291 0.156338647 1.3301183 0.472841024 -0.113372125 0.485933691
x 0.0923923701 0.206019059 -1.27102315 -1.08935678 -0.931245267 0.311636895 -0.763603747 0.226340011 -0.622919917 -0.839686036 0.237644032 -0.872363746 0.371961415 0.140735745 0.65004617 0.438932657
x -0.507754445 0.799918532 -0.0775101408 1.58636296 -0.258203328 -0.370284885 -0.442971468 1.42873979 -1.29057038 0.160755709 2.35787034 1.75910771 0.10865014 0.180642396 1.18259573 0.642454624
x 1.19680858 -0.16760245 1.06454492 -0.678774834 -1.47513139 0.122553982 0.3655321 -0.305624634 1.04006481 1.23022568 -0.208674699 0.00606365455 -1.29934728 -0.566066682 -1.13704991 -0.161965221
x -0.652753174 -0.428768277 1.14640009 -0.207767665 0.952140391 1.55318773 -0.57837832 0.656714976 0.557927787 -0.683169723 -1.81651711 1.77793372 2.18558717 -0.461801857 1.43003845 -2.3713069
x 1.10915744 0.270348698 -1.3352387 -1.14310265 -0.15593271 0.918378949 0.884385169 0.0623048618 1.11354113 -0.316488892 -0.653317571 0.217693433 1.06523836 -0.135898188 -0.152246624 -0.313645333
x 0.251977712 -1.76154733 1.7888062 0.343785763 0.50477314 1.84330785 1.20094979 1.73235416 -0.0766355991 -0.0261715371 0.445961714 -1.49865353 -0.947893739 -0.287712544 -0.999680102 0.912380397
x -1.3713063 0.473639607 -0.780845165 -0.457468122 1.24445236 -0.296428293 0.99637872 -0.494056582 0.328988642 -0.830486298 -1.85699046 -0.869363964 -0.514083922 0.0883449763 0.148928836 0.687280893
x -0.664834023 -0.0259582587 -0.441611826 0.924203038 0.335477263 0.96359992 -1.28169394 0.849665761 -0.299567312 0.662552893 -0.782467306 0.443195879 -0.209519476 -0.740657866 -1.17985702 1.5596329
x 0.185799316 0.42971471 -2.40216827 -0.759575367 0.516112447 -0.677212596 -0.747708082 0.103544466 -0.86515528 -0.736114383 -0.891341209 0.257666141 -0.708990037 1.12874925 -1.49614787 0.404454589
x 0.574663162 -1.70073652 -0.221675277 -0.851769507 -0.92944926 1.21889639 0.310690016 -0.759929299 -1.05674553 0.511252582 -0.540669918 0.429192841 1.01440454 0.120380536 -0.45575124 -1.25986362
x 0.297815651 0.787587702 -2.77083397 -0.0422434472 0.332982928 -2.63046265 0.263120383 -1.30770087 0.502393246 1.60583568 -1.31339622 -1.01290023 -0.299681723 -0.573665142 -1.54660237 0.0667188466
x -1.15825605 0.221982062 -1.3748399 1.03054905 -0.164387748 -1.54664302 -0.784736931 0.57346952 -0.192323461 1.21707666 0.590671897 -0.651517153 1.3170799 -0.968454182 -0.615866005 0.587931871
x 1.38473177 -0.436056525 -0.674116671 0.598051488 -0.262705356 0.0508805066 0.772298396 -1.03452933 -0.59012866 0.0520366691 0.997834623 -0.0970604941 -1.17834258 -0.133684933 -0.113072917 -1.51683366
x 0.505324066 -2.25407791 0.660164356 -0.779089749 -1.93900728 0.897117019 -0.367231131 -1.06080329 -0.20613119 -0.635890603 -1.09226191 0.805643022 -0.658470333 0.420159161 0.277014911 -0.270563543
x -0.264508128 -1.47063613 -0.599773586 -0.42373538 0.882658899 0.732685685 0.773868024 -0.561725259 -0.212029427 0.102067642 1.09841287 -0.455870926 0.755059123 2.12374377 -1.72657061 0.594680011
x 0.778437614 -0.86468935 -0.0686898455 -0.895567656 0.18199335 -0.0957899913 -0.457931548 0.218588755 0.950649261 0.364349276 0.326899767 0.995933652 -1.40856647 0.311770469 -0.731056511 -0.256023079
x 0.267037332 1.29785025 -3.07575846 0.595166206 -1.17271161 0.152763292 0.953175783 -1.45164716 -0.530841768 0.430531412 -0.509938121 -1.32939482 0.0178031288 -1.07851601 0.221355006 0.199701443
x -0.946758807 0.341188669 -0.443707436 0.627550125 -0.372131437 -0.374882787 0.347627103 1.625144 0.235306948 1.53570843 -0.368321985 0.783660114 0.864582241 0.290678024 1.06222522 0.275327653
x 0.787323534 0.179636031 -1.03558981 -0.0194071773 -0.740343571 -1.93217719 1.15865958 -0.395259351 -0.283591062 -0.510625184 -1.48742545 -0.597263873 1.2444185 -0.872045517 0.111995548 -0.591877997
x 0.242410168 0.514457881 1.83357394 -0.239309877 0.841793537 -1.30548227 0.277322829 0.755985796 1.7197088 -0.565677285 -0.874354005 -1.24069917 -1.42221558 -0.594801068 -1.06478238 -0.427070022
x -1.45305419 1.27334058 0.41606921 1.1503855 0.0257081874 0.138010412 -1.80474186 -0.585338175 -1.7790091 -1.33983481 0.16547823 -0.267415017 0.240297139 0.329256326 -0.18509604 3.1174798
x -0.418410569 1.03025317 -0.0615661927 -0.107917167 1.06780159 1.14954758 -0.661797166 -0.20269613 0.777838051 0.203823283 -1.36187708 -0.251799554 -0.173624203 -0.566628695 0.596954465 -1.15592659
x 0.153332174 2.07337928 0.717893302 -1.15454555 -0.92847991 -0.172141925 0.187393025 0.529249251 0.499923289 0.195528716 -0.316920072 -1.47083914 0.484779626 1.05871832 0.536835432 2.0256958
x 1.74794018 0.858561397 -1.70175648 -0.216960087 1.04466152 -0.441762716 0.968923092 0.445889205 0.402144194 -0.313493341 0.399757653 1.91237533 0.861867189 0.632260501 1.30825543 -0.352763116
x 0.142112345 0.484813333 -0.279977828 0.713646948 -1.80551839 -1.55404961 -0.103060499 -0.293940187 -0.187196106 0.575955629 0.823392987 0.745243549 0.388021767 0.335253775 -1.48529363 -0.794890106
x 0.246205896 0.769946098 -0.741978347 0.206682116 1.64258826 2.1227541 0.738251388 -0.968286097 0.598749936 -1.00240016 1.30387568 0.0316303857 0.586655557 0.0948410407 0.0925581828 1.56700337
x -1.01727653 0.114864141 1.1234051 1.31552756 0.0131887058 -0.906329036 -0.761790574 0.289361119 0.15382956 -0.116620541 1.05434704 -0.137604788 -1.08200085 -0.858289719 -0.9194417 -0.600563884
x 0.164075434 -0.721473515 -0.676849246 -0.0817540661 -0.999727368 2.53969932 0.47090736 1.50441694 -0.979899347 0.334951431 0.378888309 1.11216807 -0.0340789557 -1.88654888 -0.0339064263 -0.334440947
x -0.85284698 -1.54579306 1.22546649 0.398974359 0.141764015 -0.616239429 0.0600933768 1.74017227 1.80394089 -0.0657607988 -1.2176944 -0.988937914 0.222201601 0.579131484 0.61166966 1.45511413
x 0.140861243 0.732063353 -0.485955745 0.678910494 0.246978268 1.33595932 -0.274653435 -1.2041651 0.854542375 -2.56249499 -0.00110502273 0.943285227 -1.31900513 -0.621814787 2.72275233 -0.365600318
x 0.547349572 0.601234078 -0.487115055 0.00822604075 0.230167568 1.4672246 -1.49912262 0.537224114 -0.593805254 1.09998715 -0.424608558 -0.631566763 -0.250087827 -0.224671721 0.936944664 -0.197795555
x -0.298558742 -0.885667562 0.300030529 -0.465592712 0.715191782 -0.346217364 -0.0605225824 -0.0481240302 1.20916498 -2.53022838 0.644064903 0.901441216 0.186618626 -0.627158105 -0.393319309 -0.317775965
x -0.802376568 -0.396449089 -0.716761529 -0.00385986897 0.381392747 -1.05489206 -1.90982389 0.9597646 -0.444314182 0.571397662 -0.278728276 -1.00981808 0.386844337 -0.660638154 -0.456099033 -1.99319112
x -1.99157119 1.18938291 -0.779043078 -0.645124018 -0.417200565 0.286957234 -2.86917949 3.15613413 0.216935188 1.73446977 -2.11030793 -0.23202844 -0.914661288 0.483854145 0.455252349 -0.752547801
x -0.215605557 -0.460423052 1.51989532 0.717719793 1.09393394 -0.282192469 0.898955226 1.16410923 -0.887773097 0.89067781 0.256876081 1.93484151 0.0420525968 -0.148205876 -0.837293088 1.04025114
x -1.16015124 -0.227920979 -0.900087416 -2.1000998 0.285717726 0.444293797 -0.448580503 1.12252975 -0.6491189 1.76396143 1.07039607 -0.604612887 -2.59555006 -0.292439401 0.920208454 1.18623114
x 2.16339302 0.595321298 1.27426445 -0.177348495 -1.56053543 -0.282716066 0.612995505 -0.215400904 -1.2621485 0.268733591 0.512722909 -0.246987715 0.600401461 -0.300848216 -0.706073523 1.10569489
x 0.788957715 -0.280105084 0.160434127 1.80681133 1.08227205 -2.04833746 -0.0210259184 -0.5412907 -1.82711744 -1.8213985 -0.353117287 -1.2214638 -0.943535328 0.665769637 -0.109310329 -0.312613994
x 0.662166119 -0.679324925 0.060133256 1.10339224 0.502282739 -0.745295346 -0.780636311 -0.701108515 -0.505829155 1.72060025 1.33954537 0.582553506 0.627591848 1.31434596 0.415137261 -1.35749042
x 0.787883699 -0.87552017 0.706879556 0.746150553 1.44545662 -0.332295716 -0.839450657 0.274116397 1.4436723 -1.85678875 -0.549356699 0.645749748 0.439278483 0.233709097 0.0628346726 0.409801841
x -0.491218984 0.480622202 -0.717219353 0.123253055 -1.46709955 -1.01058102 -0.0673447177 -0.324320108 -0.820322394 0.142517403 0.722264469 -0.711419702 0.928848207 0.368009061 1.3093065 0.162178203
x -0.513688326 0.511181235 0.322944909 -1.15422785 -0.679771602 0.69540447 -1.48951674 -1.6271174 1.27885103 -1.13640583 -0.352623224 -0.384847105 -0.173316419 -1.53838265 -1.02764559 0.778818965
x -0.121842265 -1.01069248 -0.0598859936 -0.0828100666 0.923201084 0.265968293 -0.0644220263 -0.66931808 0.62837106 0.0457354635 0.706975877 -0.523256421 0.704803467 1.41812742 -0.0955628902 -1.21031892
x 0.989414215 0.0168475732 -0.516570866 -0.000229485478 -0.652126133 -2.83551669 1.93173957 1.92957854 1.45732272 0.798684537 0.0669223294 0.863793075 -0.0116724763 0.495190084 -0.104665309 -1.55825305
x -0.135687351 -3.20446515 1.66317272 1.00211716 0.0734592229 -1.4045825 0.128148824 -0.662664711 -0.7391541 -2.287848 1.19807124 -0.131789297 0.237016529 -0.117033973 0.0131281316 0.854713917
x 0.864416122 -1.72458458 0.602878451 0.398770392 -0.961733937 -0.566384077 -0.0529687591 0.716465175 0.143359676 2.22624636 -0.848453343 0.380472124 0.619676888 0.69074738 1.33030701 -1.57152605
x 2.25932455 -1.46454072 -1.5597738 0.153056711 -0.346856833 1.79330313 -1.15525556 0.949320734 0.384218156 0.56541425 -1.34832215 -0.579248548 -1.45814753 -1.6699158 0.264847875 0.744668245
x -0.303080648 -1.56660926 -0.686550319 1.12796676 0.140290216 0.560443521 -0.130467609 1.1780479 0.275252283 -0.638256252 1.35329509 0.712589264 1.24292517 -0.776168406 -0.659296691 -0.0478882454
x -0.524626613 -0.67886591 0.48834154 0.154001772 -0.00769360084 -0.805140913 0.655652523 0.787252486 -1.41023922 -0.527852237 0.448192835 1.05307126 0.31372875 2.91421533 -1.39020193 -0.32355544
x -1.3254236 -0.630907595 -1.91472769 -0.741378486 -0.872794926 1.11345661 -0.912428796 0.657308519 -0.0488472171 -0.381165236 -1.90828395 -1.05773652 0.59336549 1.73632395 0.824900329 2.0732801
x 1.3417294 -0.45899266 1.3343823 2.0120542 0.731268406 -0.841183543 0.504791081 1.66021037 -0.440553665 0.664044023 1.12284076 0.954375982 0.21704483 0.37959066 0.865068078 0.362220377
x -0.812074721 0.959150612 -2.2117691 -0.774323821 1.7026366 -0.961407781 -0.903025389 -0.21572338 -0.284634322 1.67877078 -0.469257355 -0.151100576 0.335255295 1.88427889 1.19789779 1.00767612
x -0.619520426 -0.732008219 -1.15037763 0.73324728 -0.63911742 -0.205019787 0.296151906 1.90209877 1.71370983 0.205688447 1.0307554 -1.78400528 0.502364755 -0.989684463 -0.703947306 -1.22859633
x 0.723599613 1.62476635 1.17673993 -1.34099746 -0.673066258 0.232686952 0.127865389 0.100500599 -0.23179391 -0.879570127 1.14864063 -0.879769444 1.16342199 0.337134778 0.10261061 1.00156474
x 1.5760349 0.749976277 -0.734393835 -0.033072371 -0.111211188 -0.570120573 0.0492856503 -0.196771175 0.869059503 -0.980572224 -1.36664355 0.24635005 0.382095218 1.21808124 -0.439664036 1.24261642
x 0.438586324 0.372328848 -0.536627531 -0.918397188 0.573217094 -0.907978475 1.40227675 -1.26499903 -0.979448676 0.101739526 -0.0738550723 0.546229362 1.00778937 2.15128779 1.63035119 -0.717900574
x -0.314558744 -0.54281491 0.171630934 -1.17039704 -1.16016865 0.0487852804 -0.184274063 0.360740125 0.55540657 -1.77354586 0.112550735 -0.0710358173 0.807155728 0.0974548981 -0.714546084 -0.569332242
x -0.206015751 -0.037301641 -0.326965064 -0.333565563 0.0489477627 -0.169520408 -0.364186615 2.23972797 0.908753157 -0.0655715913 0.108701803 0.229192898 -0.836871505 -0.563031971 -1.50276101 -0.906907558
x 0.441390395 -1.76530945 0.140718699 -0.19200328 -0.918442547 0.999693215 0.196085691 -0.393360347 0.990836561 0.612923026 -0.44142139 -1.67427588 -0.298538089 -1.16717803 0.404601514 1.13117802
x 1.59057617 -0.414226115 0.873110533 -0.512373745 0.0454069637 1.11593497 0.111033283 0.553391635 1.12219322 -0.286226541 0.724786222 2.53323364 0.158260271 -0.0564389639 0.815597773 -0.21890077
x 0.772078693 0.613997042 -0.380119145 -0.0716635585 0.932682395 -0.530065119 -1.68824208 -1.91218758 0.264749885 -0.844091117 -1.3186295 -1.54644275 -0.200088412 -0.0872252807 0.530520499 0.251660168
x 1.81497645 1.01776981 0.00503220595 1.09919417 0.381642103 -1.2932303 0.637050211 1.22441196 -0.395280451 0.387690604 -0.0832766071 0.819179714 0.404232144 1.57160759 -1.32598066 1.92850828
x 0.0797278658 -0.17994298 -0.666879416 0.386597455 0.817724645 0.617983937 -0.112187348 -1.76767325 -0.0804326162 -0.479195356 -0.0435344242 -1.10254502 0.0199787561 -1.19612277 -0.255504668 0.0528295338
x 0.370619804 0.679611087 -0.182776526 -2.957829 -0.263353646 -0.817922413 -0.600875497 0.468700767 1.11986828 1.73982036 0.274312079 0.23930189 2.10158205 -0.66551429 0.415556014 1.49522936
x -0.358469784 -0.0963736624 -0.873769522 -0.680889368 1.34806359 1.34361649 -0.983069301 0.258787572 -0.639394522 -1.6050272 0.199526444 -0.777081609 1.37718225 0.38153106 0.522019625 1.4488976
x -0.563908517 1.29317296 -2.9480567 0.210990369 1.11420727 0.771173835 1.76501918 -1.25584102 -0.787842333 0.796155155 0.000842942682 -3.16549921 -0.819366097 0.915782213 -1.62814045 2.52972651
x -1.02341509 0.497484326 0.411449701 -0.322335035 -0.62526536 0.0119854631 -1.67698324 0.396117091 -0.444061637 -1.58420718 1.20390654 0.20150204 1.06300199 -0.452447414 -1.95500946 1.09254849
x -0.435383946 -0.385368496 -0.788349688 1.81519818 -0.138994619 0.0592512041 2.80055737 0.0349350199 -0.0212008115 -0.585981488 -2.13904095 -0.0486327037 1.76837015 -0.360103458 1.84262013 -0.122066624
x 0.0940648839 -0.70744133 0.724180698 1.33425963 0.560865819 0.545640111 0.0266304314 0.445998281 -0.902180433 0.784909308 0.110541344 -0.624249876 -1.59472716 0.335981101 0.546784639 0.0733620524
x -0.393102437 -0.276335835 0.643731534 -1.14556694 -1.01564801 0.796554148 -0.266062289 -0.0555548668 1.44458616 1.03943253 -0.554394603 -0.324304432 0.970963478 -0.22425884 -0.544015467 1.30499315
x -0.910223007 0.898848355 -2.15318513 -0.387114465 0.106907755 0.500562966 -1.80726969 -1.05607986 0.644266129 -0.110850461 -1.14865804 -0.0751965865 1.31936777 0.373046935 -1.29193079 1.40654755
x 0.592689455 0.521308124 0.365892738 0.0866424292 0.239947885 0.0143879242 -0.975168705 0.153495133 -1.51587796 1.32531488 2.05384421 0.151661381 1.02796113 -0.657328546 1.19002569 0.202058166
x -2.55573606 -1.96931911 -0.387687117 -1.00640464 1.33430636 0.121107563 0.300672442 -2.10308504 0.885882318 -0.798448563 -0.434708238 -1.15930772 -0.201490715 0.695776403 -1.67823231 0.478607029
x -0.424660027 0.318579167 -0.0194001887 1.09679496 0.638648629 0.0940934569 -1.95557559 -0.00921521336 -0.446420372 1.51552522 2.13842773 0.503608227 -0.777038097 -1.71536756 -0.0375759937 -1.15532255
x -0.298333287 -0.0033223636 -0.415170938 -0.309981138 -1.16014636 0.123817153 -0.253811061 0.683781862 1.88806415 -0.814346194 -2.85791111 -0.329312086 -0.129876569 0.712170243 0.0963287503 -0.184180677
x -0.467358857 1.93362677 -0.32063067 0.879958451 1.51793528 -0.304490209 -0.02125635 -0.870361328 1.11704957 0.884073496 0.343410939 0.177392244 1.93667591 1.39157486 -1.12424636 0.0931096599
x 0.951959789 0.587979078 0.804371476 0.522513866 0.944596767 1.1052928 1.21216846 -0.377882719 1.18248403 -0.346774757 -0.900660872 -1.9802599 0.270114958 -1.14653897 -0.484047741 0.626770198
x 0.81835258 -1.77202225 0.851618946 -0.295700669 0.828126967 1.20203197 -0.532443404 0.585571647 -0.186160356 -1.06299973 -0.264428049 0.922028899 0.800308883 0.770273209 -0.294656008 -1.75479817
x 0.759351254 -0.299105763 0.0305037573 0.0637301952 0.268812716 -0.0418728776 0.306888819 -0.180526376 -1.03375983 -0.453193456 1.0745374 2.04147029 1.17344236 -1.3224144 -0.922259152 -0.611559093
x -0.315882713 -1.12790251 0.595932305 -0.545887053 -0.35404405 0.919651151 -0.255087942 -1.48439574 0.927379668 0.485305876 -0.639323056 -0.599654853 0.185710967 -1.97665989 1.42201853 1.87457383
x -0.832199335 -1.76919937 -1.62523675 0.928925991 0.738809466 1.39735472 -0.421426475 0.788315952 -0.845358551 -1.00536203 -1.03803349 -1.26992118 0.208537936 0.291747719 1.64891171 0.40629828
x 0.32147336 -0.811584175 0.448091835 -1.56715453 -1.08927333 -1.69617534 1.23827326 -0.113863781 0.233574748 0.848895311 0.386335522 -0.365074515 -1.78507221 -0.199232399 0.310489893 1.24450052
x 0.751628101 -1.13113439 0.656198919 0.597960293 -1.22950482 -0.169834509 -0.464401037 -0.391283602 0.704446912 1.00762606 -0.830314398 -0.51983422 -1.04533446 -1.5677799 0.594375253 -0.105750628
x -2.12129545 0.585614443 -1.35135329 1.06968439 -1.08562315 0.394507855 -0.349380195 -1.03698587 -0.296393692 0.463457584 -0.307407588 -1.15111029 0.190477341 -0.132220313 -0.736289203 0.450748712
x -0.599990606 -0.656484783 0.513525546 0.97325176 1.21669209 0.394025773 -0.317925155 -0.207710013 0.714276493 -0.969658613 0.75046432 -0.202047616 0.696695447 0.753050983 -0.0555859022 0.760094821
x -0.106249198 -0.413743556 1.81389546 1.78852725 -0.771507025 -0.140353605 1.57468355 0.364272922 -0.357145309 -0.8959831 0.333885968 0.476885468 0.505095005 -0.186037004 0.171125636 -0.166339934
x -0.778192103 -0.11726626 -0.046423234 0.52310735 -1.1518935 -1.56486726 -0.367109001 -0.203595847 -0.167048797 1.95331275 1.19670546 -0.818220437 -0.35064128 -0.502803981 2.29447293 -0.518406928
x 0.472898722 0.0850895569 -1.24539912 0.749686778 0.591426134 0.431607336 0.391889989 -1.9056139 0.967116892 -0.961479723 1.71174967 -0.506765127 -0.305377036 -0.114691421 -0.675024331 -1.20607078
x 0.361330897 -1.18331957 0.841777027 -0.949177086 0.655590415 0.0911441743 1.37703681 1.24717402 1.25896823 -1.41906786 0.911685169 0.443959475 1.98654139 -0.0100343339 0.546205163 -0.366213381
x -0.0447079912 0.28230384 0.792259216 -1.22883487 1.04314172 -1.44217205 1.28274763 0.340051681 1.41364586 -2.75286412 1.60473859 -0.129645094 0.49052915 -0.0985263139 0.628872693 -0.395014733
x -1.03657079 0.39599517 -0.809992135 -0.906236053 -0.969513714 1.43941534 -0.660464525 1.60033131 -0.400214732 -0.859486282 -0.549671233 -1.04773676 -0.995860338 -0.370108277 -2.62817216 1.42828262
x -0.551958084 1.10376489 -1.54499841 -0.444161326 -1.41208017 0.0391291566 0.0685470998 1.56177771 0.351436824 1.12635446 0.207450911 2.07303119 -0.890418589 1.83825278 -0.0348339155 0.723496735
x -0.0189518929 1.21115923 -0.535434544 0.100329921 1.88066745 0.747613311 0.382901669 0.0385494083 -1.12825871 0.889062226 0.980475068 1.04359555 0.0506826341 0.921388626 0.0130764004 -0.496917367
x 0.659557104 0.1074071 0.202961028 1.47627378 0.298729956 1.18714273 1.07754385 -1.10637641 0.757693708 0.0156766456 0.470289677 -0.734596729 0.556040704 1.32345045 -0.530448794 0.497685373
x 0.658899844 -0.470385611 0.642992795 0.590067744 -0.24083963 -0.485000581 0.811087191 -0.707108974 -0.890650749 0.753777623 -0.590772331 -0.183416322 0.438210666 0.572317481 1.34477639 0.289422572
x -0.252455592 -0.673783064 -1.35973811 1.11448622 -0.0706726909 0.78241235 0.350064665 -0.0868829712 -2.11756849 -0.685408533 0.184680596 1.20774019 0.932042003 0.82100749 0.110293373 -0.369775832
x -0.772123814 0.609843016 0.43189308 -0.384400785 0.554264963 -1.80809844 0.353934824 -1.05378592 0.50753814 -0.863892555 -0.585547626 -0.878564596 0.0554769263 1.0039351 -0.201438397 0.286092967
x 0.812906325 -1.06764102 1.28015304 1.18168497 -0.127228782 0.0916430429 -1.0767566 -0.491227865 -0.734169841 1.36806881 -0.235685557 -0.701363266 0.00999780465 -0.899697065 -2.32947326 -0.611026168
x 1.72707224 1.86546445 -0.0826774389 0.937075198 0.0313310847 -1.28377092 0.53701055 1.79683161 0.0148070883 -1.56747198 1.24528503 -0.881433785 -1.27850497 -0.594300449 -1.06598675 0.710212171
x 1.17403042 -1.57408798 -0.341390729 0.980125666 -0.175054207 1.74327612 0.480371088 -0.1181565 0.229824543 0.877432227 0.0856241211 -1.14024079 -0.540217161 -0.45945701 1.65847743 -0.594827592
x -1.35621214 0.159460574 -0.0127633819 -0.261278182 0.281070799 -0.317241192 -0.171528444 0.807205737 1.48627102 0.255309254 -0.0563763008 -0.0774337798 -0.66009587 -0.329413384 -1.40966094 0.118620642
x -0.106689759 1.20982862 -2.01123905 1.62154341 0.507674217 0.365692198 -0.288274616 -0.797148347 -1.57610929 0.294681937 -1.49821961 2.22073889 0.577086985 -1.15770555 0.314169526 -0.720827341
x -1.03558624 -0.0313581973 -1.4504143 0.422624946 1.20412171 0.663517952 -0.71717906 -0.455997407 0.162112996 0.49822104 0.839921296 0.850859642 -0.0882164538 -0.0619219579 1.05614805 -0.808822215
x -0.372789383 -0.922518134 -1.12855542 -0.0617957264 -0.157435074 -1.10225749 1.03758883 -0.513304353 -0.597745776 -0.533654094 -0.846032679 -0.531978071 0.800025702 1.23150408 1.11532903 0.676891625
x 0.318063736 0.249689206 0.781538904 0.236437321 0.583809018 -0.0690201446 -0.133093342 0.677791595 -0.678916812 2.07948518 -2.13220692 -2.19858861 -0.844776511 0.462953597 -1.11981487 1.10872161
x 0.320403963 -0.272183567 -1.45016599 1.66453087 0.86944288 -0.238953471 1.26045775 -0.759997129 -0.54658407 -0.653254151 1.52319336 1.45007336 -0.394474655 0.512853384 0.651737928 -0.495267868
x 0.161177427 0.936381519 -0.718551993 0.432515949 -1.103405 -0.385774195 0.662932038 -0.924681485 0.800387561 0.194184899 -0.322397292 -0.462002337 0.57575953 1.00244224 0.498750597 -0.592043221
x 0.121858828 2.1623373 -0.920477629 -0.0423458479 1.53376448 -0.702530503 -2.42329478 -0.19842346 0.408981085 0.243285209 -0.582480609 -0.140319839 0.855497003 -0.0474234633 -0.0473407805 -0.424951404
x 0.278559476 0.462863237 -0.253890365 -0.895840764 -0.185493767 -1.04461253 0.44586888 0.48090589 -0.428447634 0.0967336968 -0.582593799 -1.34003758 0.242627114 2.29890656 -1.10697138 0.0594691671
x 0.967663169 0.0847212225 2.48568678 0.71961081 -0.387943238 2.72495103 -0.371425748 -0.522940159 1.22269416 0.685148835 0.52933985 -0.779692709 1.12627208 -0.17129378 0.983218908 -0.498089135
x -0.417681694 0.797839284 0.194284886 0.0774477497 0.0646496341 -0.548458219 0.0496949516 1.37834275 1.51531935 0.582620263 -0.0929425433 0.0756713897 -0.654471397 0.762279093 0.844471395 1.09233904
x 0.451301098 0.5715698 -0.177638143 1.68596601 -0.341169953 1.64483964 -1.49200976 -0.617886424 0.577880323 1.12262452 0.625481665 -0.0308236871 -0.376594961 -0.58913362 -0.238655165 0.211280122
x -0.568797469 -0.646591246 -0.458692133 0.632389069 0.0875220373 -1.39366746 -1.86920261 -1.67008471 0.817000151 -1.03290153 -0.476142883 -0.541381955 1.85039902 -0.0501255244 -1.56462383 -0.962915123
x -0.549321175 -0.548561215 1.0202198 1.15093672 -0.499837011 -0.468689352 -1.19657969 1.21799994 0.820351243 -0.052626282 -1.35555565 -0.442649871 -2.84225559 0.0980919227 0.575674474 0.906548738
x 0.121663503 1.05775118 1.45145226 -1.71653366 0.828715622 1.79246914 -2.02805567 1.51688433 -1.44775999 -0.675060093 -1.00989664 -1.79178476 -0.625247598 0.600155532 1.32290196 -1.03067613
x 2.24030161 0.729510486 0.539461732 -0.736765087 -0.784139574 -1.20201302 -0.490352511 -1.0302211 -2.24385548 0.562942147 -0.0274646804 -0.232828513 -0.0079695899 0.105844878 -0.825912118 1.44940031
x 0.564383149 0.0914381817 -0.161270618 -1.20902121 0.283219546 1.06047606 1.57782781 -0.0300052892 0.958999336 -0.73502183 -0.359109491 -0.38018468 0.807314456 1.08149397 -0.285568506 -0.0436878987
x 2.27223372 -0.538150728 -1.36781609 -0.0179688875 -0.299005806 0.429315984 0.436213166 -0.191938102 0.387477905 0.578590095 -0.458949894 -1.21495509 -1.06377268 1.68348575 2.08455706 0.509811521
x 1.70397568 -0.62428844 -0.540256083 0.682473063 -0.468620479 -0.777855158 -0.794865191 -0.433077693 -0.454785407 0.915391445 -1.85877144 -1.273296 -3.03896427 -0.344493061 -0.562353849 0.291305989
x -0.154989049 0.672204852 -0.219665319 -0.902269423 -0.33570078 0.569497585 0.961468101 -2.23626232 -0.947096407 0.540913761 0.671129107 0.0569573753 -0.266495198 0.643374801 -0.349965155 -0.601265728
x 0.253345549 1.3581605 1.55069959 1.4724009 0.335676163 -2.10626936 0.0632130355 0.55457294 -1.44980514 -1.10163605 1.28108609 -0.414006293 0.656428576 1.00076759 -0.220016748 1.34813988
x -0.473467082 -0.508230567 -1.16993988 -0.154589474 -0.225572586 -0.11281427 0.343746126 -0.387354702 0.906616449 -0.463787675 -1.64589548 1.0299989 0.78915298 -1.40845883 -1.29066384 1.44986379
x 0.0662473515 -0.788287222 -1.41579235 -0.00538968109 -0.304567039 0.701534986 -0.178472638 -0.323375762 -1.4383086 -1.80776739 0.412542373 -0.346495986 1.5093683 -0.0241249651 -1.57036602 -1.13967192
x 0.603184164 -1.05478871 -0.109254859 -0.282357782 1.01909316 -0.596270025 -0.222804174 -1.5157516 -0.0349511616 0.631541193 -0.155939847 -0.230941325 -0.349075556 0.590367377 -0.613862395 -1.28691173
x -2.15185928 -0.958956838 -1.60140395 0.647572517 -1.35062551 -0.454452246 0.23834452 -0.765751123 0.292361528 0.109200023 -0.119086042 -0.528891087 -1.24163294 -2.53799224 -1.00181639 0.36028105
x -1.93736923 -0.567956626 -0.30489409 -0.0347080939 -0.0936770886 0.366811514 -1.32442653 1.41371536 1.164657 1.02390647 0.212281093 0.310452282 -1.90715623 -0.884481609 -1.82600474 -0.00571147632
x -0.868880212 -0.499384731 0.971596956 -0.213918239 0.614454031 -0.395818681 1.46872103 -0.464066416 -0.615618885 -0.876975 0.539916396 0.577654064 1.39348948 -1.35353899 -0.0816209242 -0.634629965
x 0.849172294 0.582045913 -0.838478029 0.205946609 -0.428075165 -1.58080459 0.22275506 -1.19403136 1.19589305 0.918918788 0.0534641147 -0.0584720559 1.00829756 0.466636002 -0.985349834 -0.36521107
x 0.175077036 -0.462959498 0.219520777 -0.252289683 0.607208133 1.05960917 -0.650881767 0.628633082 -0.91197294 0.710015953 -0.865275681 0.345807284 -0.727799058 -1.01855171 0.391064763 -0.230563849
x 1.0480305 -1.63294613 -0.617592275 -0.671450615 0.308359534 -2.15419126 -0.35395956 1.35896099 -0.12228255 -0.141242951 0.0964851379 -0.184077486 0.468183041 -1.3392241 -0.62260592 0.188948199
x -0.302406698 -1.46291065 1.84283757 0.843566 -0.283441007 0.677210152 -0.580132365 1.31215847 -0.767572522 -0.812250555 -1.7902813 0.727915883 0.406077743 0.639446318 -0.542708397 -1.35372603
x 1.89695358 -0.0416046716 -0.54722029 0.603723466 -0.1403822 -0.423525095 -1.25836241 1.56412232 0.952642262 1.05164123 -0.888885975 0.0241572652 0.186692744 -1.29896724 1.22340298 1.20262194
x 0.050537698 0.320169866 -1.2017312 -1.77956498 0.993728757 0.901811361 -0.362809896 -0.623008549 0.647329867 -0.494852006 -0.912106395 -1.37123263 0.81543541 -0.517781556 -0.519165993 -0.318431884
x -2.27204537 -2.65839267 0.467022598 0.204022616 1.2270745 1.89839387 0.843074381 -0.667738497 0.196286738 0.624259949 1.48169243 0.736818433 0.295658469 -0.118377812 0.115926318 0.703758836
x 0.0143137397 0.515418172 0.291075617 0.714040399 0.64836514 -0.248744577 -0.599230647 0.287943989 1.0129714 0.0276467502 1.52704084 0.792939723 1.6179074 0.997565567 -0.472873241 -1.49278545
x 0.6790151 1.45341361 -1.06340599 -1.88935328 0.933492362 -1.61521697 1.16622317 0.290385395 -0.328250915 -0.936779439 0.539951682 -0.377046615 2.52964854 1.38335419 -0.7594679 -1.29170549
x -0.77310586 1.01392233 0.820613444 0.233304039 0.711165488 -0.341880143 0.00787202083 1.27010381 1.46837163 -1.72358692 -1.43674552 -1.20867157 -0.273282528 0.0353674069 1.46106684 1.61113894
x 0.645237207 0.842155159 0.988176465 -1.25477934 0.447291225 0.0929022878 1.53322685 1.53029633 -1.2087326 0.173168033 -0.60476023 0.0137052136 0.0369659588 0.169632152 -0.990287781 0.782006502
x 0.994431317 1.899544 0.0095921699 0.503537178 -1.69771481 0.838412762 0.803906441 -1.81330335 0.481394619 1.09602654 -0.30548197 -0.613581777 -0.432867646 -0.0305124391 -1.68056512 1.54602253
x 1.46865952 0.79479295 -0.816912293 1.78680468 0.444167823 0.712208569 1.52293479 0.361469597 0.771686494 0.239484221 0.785405934 -1.24087763 -0.73227483 1.34496617 2.01002407 -0.597167432
x 0.649243653 1.05157661 -0.710265458 -0.660807073 0.262750775 -1.3291204 -1.86138809 -0.0340109095 1.0765363 -0.945921123 -0.244894624 -3.14622021 -1.17735207 -0.293924004 0.907284558 -1.91757858
x 0.625073254 0.651846647 1.06381321 -1.53810048 -0.140295327 1.01364625 0.185284853 0.0226172041 0.117719151 0.0877779126 -0.507871747 -1.73716938 -1.02854228 0.168943793 -0.762395024 -2.26023555
x 0.891515374 -0.833755672 1.58301723 0.976717591 -0.35348168 -1.0545615 -1.1511066 1.16968977 0.335670948 -0.384230703 2.30505586 -0.9594962 -1.83608973 0.960033119 -0.21759212 1.18781972
x -0.175933778 2.31102228 -0.292092592 0.213120639 0.858570874 0.978581846 0.518305242 -1.14701021 0.699129164 -0.977262318 0.709541738 -0.807304382 -0.115301803 -0.951748431 -1.1482172 1.27566552
x -0.907732129 0.252971828 -1.6081475 0.273466021 0.759147644 -0.412164003 -0.382237315 0.747334778 -0.0110985581 0.680653989 -0.894356072 1.02074254 -0.349088252 -0.0117642535 0.083803013 -0.328673929
x -0.280047178 0.612907052 -1.62901247 0.479901016 -1.2242589 0.391152769 1.07943773 0.441210538 -0.382677794 -0.347092956 -0.53127867 -0.216393709 -0.637737215 -0.726070523 0.55469352 -0.641732514
x -1.98970056 1.62828112 0.878558278 1.33435845 0.45744729 -0.577077091 -0.428154081 -0.472685218 0.140526831 0.389038146 0.456259489 0.674898505 -1.09229958 0.324429274 -0.151242658 0.697890759
x -2.57644868 1.03941071 -0.738171637 0.389489412 -1.30206943 0.913500786 1.88154113 0.226597726 0.710072041 -0.985645115 0.399277389 0.860789657 0.192059398 -0.13438727 -0.921093404 0.0743008628
x 0.491254628 0.91719079 -1.39885759 -0.547454834 0.228169203 0.242759824 2.04767728 0.721920907 1.07739544 2.44466209 -0.784778655 -0.120206989 -0.285830647 1.22591162 -0.408878773 1.48561668
x -0.449737132 -0.448230475 -0.503306627 0.575495064 1.36754 -0.498290151 1.01989818 0.287311316 0.383240521 1.19058049 -1.63243222 0.15978165 -1.88839781 0.938245595 -1.51485944 -0.319870919
x -1.26744342 0.860470176 1.06473029 -1.89993918 0.628150225 -1.26080894 -1.3049475 0.784570396 -0.0385147706 0.289904207 2.0207262 -0.249096856 0.768713355 -1.72344625 -0.697443008 0.513511717
x -1.8955797 0.238199785 -0.122409642 -0.660579383 -1.06542242 0.475179434 0.445815265 1.28520346 -0.983059883 1.88887417 1.08474767 -0.306527644 -0.62009567 -1.66688204 0.776903927 1.15195751
x -0.794810176 -0.0864836201 -1.2122153 0.219582081 -0.143848613 -0.124891199 1.26049197 -1.71733868 0.314132661 -1.94747639 -0.504372239 -1.62705505 0.156887725 -1.27784812 -1.07468081 2.41467333
x 1.02390158 -1.38765907 -1.75974917 -0.514916658 -0.814300418 1.76425767 -0.470265001 1.37090087 -0.480618864 -0.266725272 0.20374456 -1.16803515 -0.343301654 0.198823228 -0.969415605 -0.750725865
x 0.132852599 0.0335721932 -0.371058077 0.0398279913 -0.936816216 -1.1797353 -1.40889013 -1.31840479 -0.968438029 -0.845672846 -0.183321118 0.135283187 -0.43812269 1.12884545 0.228001997 0.898458481
x 1.20497477 -0.261228055 -0.497897506 -0.0275033284 -1.06147146 0.765578151 -0.360705376 -1.25449884 -1.20372236 0.246373087 -0.226881951 0.873808384 0.742569029 1.49566817 -0.255858272 0.909722149
x -0.680833101 0.485616863 -0.82872963 1.0542798 -0.214128554 0.379760325 -0.637470901 1.17711401 -0.272887737 -0.0648993552 -1.09370983 -0.904956043 -1.34072971 0.646663964 -0.83143419 -0.496310979
x 0.79373759 -0.993766904 -0.780056953 -0.277990788 1.46066272 0.0765451267 0.412036806 -0.390200973 0.913354278 -0.960996449 0.108155541 0.525101304 -0.210928962 0.872917712 0.177750453 0.737029552
x -0.411052138 0.889003515 0.279343933 0.976032197 0.748826444 -0.584331691 -0.947152555 0.862085164 -0.4126665 1.14370716 0.0244932789 0.720529497 -0.608221948 -2.63245249 -0.0837466121 -0.876546264
x -1.2062341 -1.09747541 -0.246193245 2.06698895 -3.1062398 -0.298549771 2.22925448 -1.00918424 0.907009363 -1.88979948 -0.072056666 -0.575933993 0.26846844 0.539476752 2.14820504 -0.0119751841
x -0.700785637 0.312914819 -0.010361759 0.541711569 -1.07289994 -0.208379313 0.169945061 -0.733529925 -0.210654899 0.676404119 -1.31782281 0.291030169 1.48683631 1.93316853 -0.273288459 -0.107018664
x -0.902690947 0.937403977 0.956067085 0.648349226 0.389605552 0.220317006 2.40433526 1.37371933 0.348710001 0.100106537 1.46060312 -0.29104197 0.984662592 0.965887368 -0.86381489 -0.217219293
x -1.84404647 1.11817384 -0.154199675 0.0254180357 0.262712985 0.224919945 0.0863619 1.0932976 1.65195751 -0.499780625 0.114961848 0.68911159 1.02800143 -0.0942565501 -0.60513562 0.371023566
x -1.36594927 -0.61233753 -0.135494456 0.935728729 1.50079322 0.44211784 0.969861925 -1.11241353 -0.73511076 -0.593191922 0.113752574 -0.364003509 -1.03261769 -3.91935635 -0.0674300939 -0.789844811
x 1.25984657 0.756046891 1.32448304 -2.47914672 0.41072005 0.0621793792 -0.0552405491 0.337930441 0.286970437 -0.700356901 -0.490968555 -1.48581076 0.162362769 -0.487760484 -0.00603658706 0.368146837
x -2.11052704 -0.178016216 -0.533829212 -1.34889054 -0.824901938 1.31234014 -1.48740363 -1.46512485 -0.512220323 -0.764993668 -0.650081456 0.24341777 0.511744142 -1.36169469 -2.2372036 -1.07899666
x 0.965403318 0.366246819 1.47708154 1.10260797 -0.714112699 0.831086636 -1.42956853 0.330028057 -1.10340714 0.771251082 -0.395868093 -1.42409563 -1.28656518 0.560120583 0.370098799 -0.109733306
x 0.698612511 1.30484402 -0.553986609 -1.7937485 0.873481572 -0.605274558 -1.05192268 -0.107797846 1.04116011 -1.84113097 1.29283726 1.01768541 0.177663326 -0.259193182 -0.830770314 0.64606595
x -1.34824169 -2.08514285 0.515723646 1.05863571 -1.05684793 -0.434623361 0.539297998 0.887629688 -0.503865004 0.213293716 1.13227427 -1.82101953 0.634193361 -0.617467105 -0.0271126535 0.556071699
x -0.485964358 -1.40452838 -0.30419603 0.828962266 0.138382345 -0.395720452 -1.0306989 0.366544008 -0.202733576 0.535080314 -0.405764788 0.524139881 1.20245457 -0.920528829 0.946907878 -1.00988281
x 0.646680295 -1.60404944 -0.899500132 -1.69101179 0.380283177 -0.291680366 -1.94538331 0.0722667351 -0.695203781 1.1481216 -0.621143579 -0.746088922 0.0635129511 -0.853626549 0.886320233 -1.99401295
x 2.38051963 -1.1281997 -0.183099627 1.39015138 0.360408455 1.98308706 0.851991832 -1.4465543 0.214413002 1.63257372 1.36077881 2.32943225 0.419093043 -2.04971695 -0.444646358 -0.243474454
x -1.00247848 0.741060317 -0.528476775 0.0265445374 0.70734024 0.276021242 -0.759426951 0.452005088 0.730327785 -0.771276891 0.461122036 -0.452390045 -1.09381151 0.448377848 0.481304646 0.0045947386
x -1.55890656 0.143498227 -2.48042893 1.14741647 1.84852099 2.4783709 -0.0713255927 -0.0797110572 -0.519716263 0.974082947 0.437496156 0.169778526 1.20442295 0.652234614 0.362255633 -2.1019814
x 1.51877296 0.196007222 0.250616968 -1.23000646 -0.376354963 -0.689938009 -0.141070917 -1.3197397 -1.76492572 -0.358277202 1.17155385 1.57057488 -0.300519705 1.27992904 -0.705452025 -0.555490017
x -0.279428929 -0.89357394 -0.24473156 -0.795067549 -1.73570311 -0.862853527 -0.0688514858 -0.948825121 0.116984837 1.55472422 -0.813575387 -0.373065561 -1.46299386 0.560581505 0.870933533 -1.14747429
x 1.79474449 -0.657179773 -1.58260572 -1.84889781 -0.73816216 -0.402423799 -0.943289995 -0.0610614233 1.85107052 0.308569133 0.232217461 0.133384064 -1.05286276 -1.14173925 -0.813901961 -1.25182319
x 1.47705758 0.470263183 0.305759907 0.0854100138 -2.24330711 -0.480716079 -1.47461855 -1.47718728 1.45118392 -0.192495421 -0.230780795 -0.314303786 1.16437221 -1.21422398 -0.150368035 0.263917118
x -0.115222439 0.182609797 -0.175462291 0.795712113 1.06538594 0.354445934 0.165695414 1.0249207 -0.598462582 0.0795421898 2.77756238 1.1749866 1.54478419 0.292332917 0.708727241 -0.88039434
x -0.440802634 -0.298582673 -0.165691465 -1.4274168 1.66517949 0.405315161 -1.59167027 0.609472513 0.867363691 1.32831967 -0.208285496 0.677424729 -0.65041244 -0.123168088 0.877785742 0.112991385
x 0.0838405713 -1.16103125 0.713214576 -0.647866249 1.11040568 -0.236576006 0.55723989 0.404270917 -0.967106223 -1.80773091 1.13418961 -1.94763219 1.13400662 -1.46240819 1.85423946 -0.35587734
x -0.783362865 0.913903952 -0.654936433 -0.915762663 -0.284961164 -0.0345354378 1.07055318 -0.700538874 -0.0630133674 0.908190846 0.17531231 -3.59827328 -1.6427182 -1.21088254 -0.398157239 -0.601900995
x 0.828073502 0.981183231 0.17284213 -0.703743219 0.993940949 0.455197483 1.54849482 -0.890432298 0.243982062 -1.61902332 -0.307756662 -1.00738716 1.04109335 -1.02199864 0.197070166 0.125597686
x 0.664962828 -0.304664165 -1.22206259 0.10625416 0.91323483 0.282746077 -1.24899828 2.53922272 0.17292507 -1.83589756 0.990867794 -1.39116371 0.349672407 -0.921215892 2.26217341 1.46820068
x 0.610888779 -0.0615536794 -0.262157589 1.08239484 -0.685264945 1.31063151 0.642336845 0.953122139 -0.613672614 -1.64060915 0.141791821 0.848525763 2.94464445 -0.226951301 -0.62134558 0.539187908
x 1.75123537 -0.652858794 0.933686852 0.896207273 -0.978908598 -1.24697578 1.52481854 -0.223505646 2.30519605 -2.76488948 0.666632593 0.611002088 -0.716961443 1.70775676 1.22399652 2.68272543
x -0.262536913 1.30814362 0.848080814 0.0824503228 0.171129942 -0.965158284 -0.321029454 -1.08526444 -0.389540464 0.276009202 1.09474838 0.415191829 -0.0189995542 -0.642288923 0.537732959 2.0183785
x -0.995120943 -1.31254148 -1.16870105 1.60517454 -0.824040294 -0.889928639 1.82089913 -1.4771533 0.393859237 0.931604266 -0.00820786133 -1.00622106 0.262548 -0.638563216 -1.20081496 -1.10976887
x -0.905058205 -0.628864825 -6.42070736e-05 0.116164938 1.47227693 -0.843579948 -0.290880114 -0.559303939 -0.778612971 -1.40039408 0.544106483 1.31037033 1.12925661 0.279103845 -0.33867088 -0.330146939
x -2.16283035 -0.305482328 1.07181072 -0.277646244 -0.592799842 -1.40028429 0.168234423 -1.05691504 0.840698242 -1.54411781 -0.28452915 -0.162797228 1.48741627 2.47114944 -0.712458372 -0.24013941
x 0.145355344 -0.0455351211 0.0331918448 -1.41698241 0.631151319 -0.491650462 -0.915178776 -0.800047457 1.2060312 -0.147758335 -1.1948632 0.208506063 -1.43407059 0.550499856 -0.188164279 0.89487654
x 2.30980611 -0.388039291 -1.60692728 0.536620915 0.285356134 -0.372943968 -1.18867934 -0.483752966 0.40392229 -1.71419764 0.258431077 -0.946237326 1.04831815 0.0324013606 0.831753671 1.41995835
x -0.348687977 0.365120381 1.34716964 -0.5624789 2.03906369 1.39303803 1.21839774 -0.745930433 -1.33857989 1.96977389 -0.714237332 0.481569737 -0.224133983 0.746187985 0.617281795 0.269873053
x 0.71695435 0.409948498 -0.458416909 1.58323395 -0.115880869 -0.168637738 -0.229266673 0.393871427 0.745595872 0.629542053 -0.0803010389 0.219261914 1.45600283 1.64497757 -1.12943983 -1.42938948
x -0.933006406 1.08371043 -0.783167005 -1.49713242 -1.17391241 0.763365924 -0.506560802 1.01274252 -0.425576508 -1.50652599 -0.924669623 0.151806667 -1.13674057 0.240084469 -0.14406012 -0.571799338
x 0.925686717 -0.942774653 0.829838276 1.59595358 2.45128155 1.16490364 -0.134234637 0.733622968 -1.16165698 -0.416448116 -0.55827266 -1.04051232 0.936266601 1.10061336 -0.36165002 0.0694546178
x -1.25517154 -1.40923333 2.15526056 0.861602783 -1.44831729 0.397888631 -0.388610721 -0.0324686207 -0.964264393 0.617192924 0.595853746 -2.09813356 0.0228050482 -0.879341304 2.40871429 1.77025497
x 0.0957501084 -1.74771953 0.269418448 0.79952383 -0.97879231 -0.246024251 -0.327926397 -0.240529805 -0.467520624 0.656128287 0.640671194 0.327986598 0.0541900806 -0.101878889 -0.560207248 -2.25715184
x 1.02645338 -0.764247 1.14981127 1.06332386 0.341795892 -1.01259053 0.153069258 -0.307677627 -1.216856 -1.35801256 0.802908599 0.281218469 -0.673389375 -0.909941614 0.704401672 -0.712642133
x 0.456260413 1.06612444 0.0292585641 0.202873155 0.320838451 0.578717768 0.841913283 -2.13515449 1.24579358 0.456020743 0.0997522324 -0.411040157 0.832811832 -1.28603029 -0.85288018 0.622634649
x -0.324676216 1.28531587 -0.730214238 0.607177913 1.09818113 -0.75057137 -0.576575577 2.12543654 -1.21561599 1.66679227 1.50166273 1.04126751 0.536472738 -0.382959068 0.897086859 -0.157766491
x -0.269105941 1.20961165 2.43084788 1.93603134 1.51712263 0.060656216 -0.356207609 0.792580307 -1.08079505 0.0178217795 0.548844874 -1.05697143 1.28969955 0.767259836 0.982310116 -0.289230287
x 0.0167272054 0.462114155 0.26081714 -0.174594998 0.375962943 0.456837863 0.15480563 0.295862675 0.517347753 1.11956942 0.298897207 -0.540650904 0.808455884 1.16695094 0.203553855 -0.417339921
x -1.30437315 0.759738803 -1.93090904 2.2354064 0.31461823 -1.45414603 0.697392642 -1.05261886 0.0415321849 0.440171331 1.24980652 0.949827433 -0.093687512 -0.660388947 0.224549279 -1.98785126
x -0.65111798 -0.665414691 -0.305534989 0.779286981 0.513953567 1.36509955 1.75682461 -0.0167069845 0.185036242 -0.491469502 -0.00613426417 0.423406482 0.680708706 -0.511288583 -0.7089715 -0.539749622
x 0.228704721 0.48769322 1.02473271 -0.345770121 0.603925765 -0.790259898 0.774095595 -0.907980382 -1.20708764 -0.872129202 1.45880127 0.367672354 -0.116018228 -0.135912746 -0.949703038 0.0177245233
x -0.0288480967 -0.47347042 1.03079259 -0.976435483 1.07957697 1.66299868 0.0992541239 -0.538913667 0.387125552 -0.958783627 -0.605280221 0.920871437 -1.12301743 -0.0432647131 1.17667866 0.311166048
x -1.79413939 3.06431246 1.89251256 0.21004416 -0.424929053 0.809590459 2.48417664 1.14405942 -0.461121321 0.0737558678 0.54198283 -2.31404233 -0.388196617 0.197486952 0.719417751 -0.387072772
x -0.421467096 0.527389765 -0.415273547 -0.318062872 0.806176305 0.652885854 -1.10248208 -0.463111848 0.68466717 0.017661592 0.651778281 -0.220695361 -0.805015802 0.125686675 -1.74274206 -0.715519905
x 0.279688954 0.551922262 0.385689318 1.36416805 0.745629728 1.3706696 -0.518746078 -0.883773088 -1.16741526 0.529385507 -0.992267907 1.47454631 -0.26789391 -0.916712463 0.497288972 1.02343893
x -1.77129579 -0.0897098333 1.59277236 -0.253246337 0.0868364498 0.577563405 -0.118517563 1.0226469 -0.0505821593 -0.225146085 -0.245049551 -0.378039986 -2.54175282 -1.28419578 -1.30917192 -0.232637376
x -0.59926331 0.753573418 -0.0488586575 0.20300965 -0.305340737 1.78189552 0.010365854 0.794973791 0.0907012522 0.475063384 1.26602232 2.59408975 -0.832169771 0.0972636193 -0.731649339 1.03706563
x -0.551008582 1.66393328 -0.609075725 2.45845342 0.635314167 0.00368871447 0.00545188971 -1.57193804 -1.56405234 -0.106917888 0.704646647 -0.235041395 0.562158823 0.203696355 -1.16859281 -1.65532076
x -0.659872651 -1.99199939 1.52903378 -0.0857055187 0.648656249 0.581714392 1.14718091 1.32780087 1.18399942 0.642505765 0.556358874 -0.356745392 -0.594229877 0.75243789 0.907504857 -2.03848791
x 0.0987842605 0.606243432 -0.272725016 -1.22335947 1.67206776 -1.10322392 2.87840772 -0.935749531 -0.333896279 1.31629407 0.891699195 0.334746957 0.529973447 1.94828105 -0.0554113798 0.00486475741
x 1.30184841 2.18734407 -0.0616649166 0.0346603394 -0.381112427 -0.351994544 -1.0665313 -0.754436433 -0.777914762 1.04918253 0.811206758 0.104023509 -1.38275969 0.639786661 -0.953281105 0.40228647
x 0.680788219 -1.07726705 -0.153155655 0.780086637 1.5989573 -0.329648644 -0.767780185 -0.777372956 -0.989269614 0.835246921 -1.02687335 -0.424463391 0.485590845 -1.07393992 -0.0656445473 -0.152617291
x 0.273516059 -0.0951937288 0.620829821 1.11070669 0.807994783 -0.340742946 0.07092195 0.256188154 0.689686239 -0.877003074 0.0278286375 0.56078887 2.1137619 0.611507416 -0.893150151 0.983763337
x 1.84284282 -1.4938426 -0.468530566 -1.60563755 0.219315946 0.609640956 0.646832049 0.365732729 -0.690206647 1.73970497 0.0085462844 1.08282077 1.56769407 0.332905442 -1.37653279 0.990519464
x 0.398058355 0.853783429 -0.0713419914 -1.33266616 -0.479337662 0.517030537 -0.408171177 -0.192406103 -1.21237743 1.50533319 0.677526355 -1.03720486 -0.0369322561 0.461231291 0.658725381 -0.898019433
x 0.313889325 0.378411919 -1.02296066 -0.556032598 -0.469908565 -0.610893667 -0.268599927 0.593756258 -0.641127586 -1.96437418 2.03983259 0.15162614 -2.0542891 0.406134307 -0.5310449 0.145250946
x -0.272591621 -0.954623878 -0.422412902 0.403648883 0.767168403 -0.614188373 0.00537727913 0.464308232 1.62961268 0.541165709 -0.76289463 0.490611285 1.57962763 -1.10416794 1.57520151 -0.540774584
x -0.805472076 -0.0542985611 -0.896862328 -0.0333166644 -0.679899871 0.523868799 2.11775088 -0.164990872 0.613074899 -0.767287612 1.65592003 -1.10477734 0.438478529 1.04892194 -0.692710221 -1.7248528
x 0.405887723 1.08906603 -0.576522648 0.821702659 0.647899568 1.25249112 -0.624522269 -0.958079338 0.201076597 0.447517693 -0.582507849 -1.63133657 0.987860441 -0.240176544 -0.651250422 0.734785259
x 1.27650464 0.141716212 -0.0374527201 -0.779288292 -1.2933768 -0.730385125 0.396558881 0.595714569 -0.205171555 1.08680332 2.02934957 -0.63352114 1.13309193 -0.601495147 -0.883136451 0.233755782
x 0.752334774 -0.844876468 -0.2046763 1.70535326 0.430133432 0.791915596 0.100192264 0.634245455 0.484083533 0.57086432 0.666774452 0.592070699 -1.18999124 -0.305086792 1.07162368 -0.560774565
x 0.269643813 -1.76259637 0.95421505 0.779556274 -1.01479113 0.643779457 1.11591744 -1.51384175 1.80583298 -1.88618708 1.14757288 -1.43963754 0.846125841 -0.35503757 -0.607025683 1.2200079
x 0.683493495 -0.836278021 1.14583266 -0.979502618 -0.114652529 0.978118598 -0.643379211 2.18508863 -0.390970528 0.385552913 0.66111511 0.372529298 -0.312667906 -0.218877271 0.764352262 -0.452218145
x 0.814543188 -0.126687482 1.04866111 -0.369512111 -1.06374407 0.126614228 -1.00066471 -1.32146895 -0.259299368 0.8434214 0.177984223 -0.0512509234 0.0343617871 1.10851312 1.81533504 0.474915922
x 1.60455549 0.726521611 0.295951366 0.429666549 -0.102010638 -0.0055420408 0.441173464 -1.35120332 0.866424441 -0.582284987 1.25776339 0.281458229 -0.0942901298 -1.36405587 -0.495904654 0.289326102
x -0.302370697 -0.995687425 -0.334381819 0.91155076 0.174712226 1.4719137 0.457206398 -1.66867733 0.843567848 0.233206302 1.35071349 -0.152223676 2.43221784 1.71608758 -1.74996805 0.672482967
x 0.116604872 -0.785613239 -1.31660128 -0.330280274 -0.115577683 -0.010670254 0.0503566861 -0.771323979 -1.75631642 2.0223701 -1.4323895 0.345360935 1.33358049 -0.248404115 0.271448761 -0.314037889
x 1.67359662 -0.685605764 0.0669225603 0.623212218 1.94824493 1.27004278 -1.39007747 0.0467136875 1.23112023 0.922483563 -0.759322107 0.845906019 -0.872110009 -1.07362938 -1.67129183 -0.772630215
x -3.04149151 -1.60032618 2.02505302 -0.378886014 0.939094782 -1.65814447 -0.224827513 0.250750631 -0.0264282096 0.282843232 0.150067732 -0.454053342 -0.852946162 0.207307801 -0.91647464 -1.81900263
x 0.750705361 0.195123881 0.0139143877 1.12078106 1.98664618 -0.109696373 -0.275417626 0.304990828 -1.09500957 1.72302496 0.398211032 -0.283020526 -0.68793112 -0.825483382 0.605161488 -0.679033399
x -0.609455943 -0.960240245 0.877055943 1.50683427 -0.0650468022 -1.09635854 -1.28510642 -0.554961383 -0.0457455032 -1.67487299 -0.948824465 2.68004489 0.0719905049 -0.252426058 -0.346955985 1.11530519
x 0.722654045 1.40654182 -0.0402719826 0.613373578 -0.485082418 -0.426972091 0.499950558 1.26982105 -0.0203226693 0.803198636 -0.449401259 -1.21351111 -1.77674961 -1.09499311 1.88415897 1.05451107
x 2.94443202 -0.934056044 0.371213615 1.20995939 0.80051744 -0.255336493 -0.293036103 -0.709550321 1.63997805 2.28660345 -1.23987794 -0.567267776 0.830982804 0.386044621 1.04247284 -0.955411434
x -1.53915668 -1.82972038 1.53216803 -0.145162776 0.210738763 2.05735397 1.46915913 1.66720378 -1.00809431 -1.67705834 -0.803132057 -0.508721113 0.130751804 -0.530408084 0.3447676 1.38796699
x -1.76197541 0.171621621 1.25350988 0.456085771 -0.219426647 1.08243632 0.364998221 -0.258398682 0.0742041841 -0.138752595 0.437855482 0.840016961 -0.693821132 1.09111691 -1.50864697 -1.23389053
x 1.35338449 0.0779725462 0.656639874 0.0661964864 -0.193484247 -1.55330956 0.759347379 0.47084862 -1.32494497 -0.757826626 -0.748458266 -0.152526245 -0.678520977 -0.566791296 -2.80736017 0.399222136
x 1.40163434 -1.79422128 2.10387087 0.274142236 0.562064648 -1.43621862 -0.854174852 0.0811648965 -1.34905505 0.412370175 0.0775691494 0.236984491 -1.0286895 0.691937685 0.283446252 0.705800295
x 0.134549066 1.750911 1.20053184 -1.66797709 -0.283036679 -2.03422046 0.062977396 0.505905032 1.00398266 0.538020909 -0.365922123 -1.58122027 1.24952519 1.48090136 1.0647614 -0.0421110168
x 1.11666059 -0.742966413 -1.42852151 -0.233640641 -0.612791419 -0.682439983 -0.173625439 -0.71504283 0.053633891 -0.678604841 -1.27867913 -0.668940008 2.13632226 -0.165207043 1.05173552 -2.13007474
x 1.11094701 1.29374373 0.714889586 -0.599202514 0.0737403855 -0.888606429 -0.196267918 -0.939444304 -0.0259097479 0.631800711 0.728310108 0.940944791 0.0788602382 1.37373161 0.525161326 0.740104079
x -0.345038623 -0.295446873 -0.91094327 -0.120854169 -1.06532204 -0.38738963 2.47634125 1.32706022 -0.850723207 -0.802480161 -0.590175986 0.542873144 -0.7556023 1.48732448 0.213400334 -0.206153244
x -0.82256335 -0.0571839251 -0.367632389 -0.348460019 -1.12145746 0.305895954 0.613090217 0.375870436 -0.846929431 1.62295854 -0.267789632 -1.2588737 -1.2185688 -0.252593488 0.323602021 0.579930782
x -0.33443296 0.43120119 0.99575454 0.532577336 0.552897096 -1.6751188 -1.47399998 -1.22262692 -0.46634984 0.288010746 -0.266333789 0.149492651 0.343563586 -0.984996438 1.60757005 2.15293193
x 1.03830421 1.01634789 -1.14123189 -0.817236304 0.846335769 1.28968012 0.694253087 1.51415825 -0.363123626 1.56891859 -0.611688852 -1.03484285 0.834436655 -0.0135015603 -0.672662199 -1.01387632
x 0.919520497 -0.514459312 0.50609684 -0.0931734666 -0.974830329 0.304666102 -0.0149446987 -0.452352792 0.674861193 -0.468019575 0.803060651 0.287540793 -1.10150445 1.29737508 0.0425867587 0.509172499
x 1.69697297 -0.328849524 -1.06805885 -0.326347649 -0.666749656 -0.441534847 1.27655005 1.0475955 0.553916872 -2.43225145 -0.594590127 1.99397719 0.307713717 1.57092154 1.47009599 -0.807288408
x 0.473285168 1.3691777 0.953542471 1.85442162 -1.34827483 0.214623421 0.870639265 2.00728989 -0.49174419 -0.410717815 -1.25523901 -1.15321076 0.0906583965 1.48340356 -0.903631866 2.35116267
x 0.219237715 1.65950119 -0.422814399 -0.615576446 -1.01458585 1.86108029 -0.724565029 -0.547535658 1.09424829 -1.11578727 0.693181872 1.68736923 0.470303655 0.403679848 -1.0709753 1.15382433
x -0.525971591 0.685690403 1.89486909 0.678886771 0.520102024 0.146927074 0.87662971 -0.425591469 -1.58886516 0.814276278 1.05672824 0.546102107 -0.357722729 1.06699967 -1.46745479 -0.297193825
x 2.04430127 1.14681506 0.434574574 0.0868195593 0.797329605 1.61526704 1.01678765 -2.35232615 0.927247882 -0.273760706 1.07887971 0.487342268 0.479327172 -0.257033616 -0.950476766 0.466480523
x 1.12753129 -0.949173868 -0.425711334 1.46809983 -0.196704313 -1.04422712 -0.509003758 0.271481663 1.55484748 -1.34193695 2.53632307 -0.215746164 -0.215676427 -0.802338362 -0.0725797713 0.27461797
x 0.703224838 -0.478512377 -0.607439637 0.25806725 -0.240035787 -2.38504148 -1.26890516 -0.131084502 -0.435924321 -1.75604737 1.81663918 0.923778236 0.850320041 -0.661384165 1.03273547 -0.200688481
x 0.359038085 -0.213489622 1.07878315 0.65185982 0.117358401 0.202231616 -0.280082643 -0.348142624 0.362184942 -0.557566524 -0.86449784 0.598337889 -0.190862417 0.14229764 -1.86871088 -0.0992633551
x 0.56217134 -2.08089185 1.81937301 1.20472717 -0.358941406 1.83099949 0.276633054 -1.02561283 -0.331816912 0.510742247 0.567702591 -0.854750395 -1.24113083 -0.950911224 2.22242332 1.35634542
x -0.128167182 -0.18690443 -0.723780453 0.895857215 -1.34483063 1.09340703 0.563046515 -0.353351057 -0.260170043 0.219254866 -0.0794374049 2.03537083 0.270126343 3.35860538 -1.77336001 -1.72792912
x 0.182202011 -0.240604743 0.0961979553 -0.21781531 -0.643010557 0.271206707 2.20906019 1.69011915 0.135483146 -0.648130119 -0.0392616689 -2.63371253 0.544246554 -0.208818063 -2.08902192 0.79625988
x -0.707862437 -0.566864491 0.989202559 0.340110362 0.416482687 0.949614823 -0.776646912 -1.02504408 -0.167979658 1.34964418 -0.424719155 0.881240308 0.0701198503 -0.148069233 -0.37704891 -1.14662373
x -0.137770548 -1.03721881 0.0444417447 1.62220216 1.949808 0.202636391 0.412037522 1.1265614 -1.06916404 -0.66328609 -1.02968526 -0.630396187 -1.48642981 -1.06191933 -0.589885473 0.781587958
x -1.59431171 -1.17413163 -0.954827189 0.0470455959 0.631853342 0.352764785 1.22469258 0.980253398 -4.02315855 -0.698169768 -1.43170083 -0.983099401 -0.107985944 0.858523726 -0.737653077 -0.677912951
x 1.54836142 1.0514698 -1.69240808 -0.25781101 -0.171183735 -0.00773656834 1.58538604 -0.4656488 -0.258985937 0.0434574969 0.00394825172 0.470419407 -1.17926836 0.23275061 0.0389584936 0.707044899
x -0.795781255 -0.476622909 -0.982888281 -0.675620079 0.26561591 0.0691438317 0.967360079 -0.876273096 -0.564571619 -1.353917 -1.27406895 0.426713526 -0.749701142 0.00352081889 -1.39802814 1.39168549
x -1.23609221 -0.333209008 0.340543956 -0.0235887431 -0.171599403 0.155532941 0.152582437 -0.0989023745 1.25661743 -1.30017793 0.61648035 -0.11608807 -2.79653287 1.45702291 0.146255955 0.587295353
x -0.554938078 -0.61653614 0.794097245 -1.16149557 1.70540464 -0.111632064 -0.384101778 -0.145684183 1.6280036 -2.01021624 -1.16266012 1.69923759 1.0964185 -0.27558288 -1.76886833 1.35791302
x -0.00697552972 1.53818989 -0.228738055 0.237178877 -0.423255622 0.207966864 0.170887247 -2.07904553 0.169740081 -1.06501782 -0.00189105363 0.0484202877 0.419376642 -1.3040731 2.25289059 0.479139209
x -0.0515488833 -0.245183036 -0.512835264 0.0212666988 -0.662595809 -0.385635883 -0.241139069 1.06309354 0.465806812 0.536451399 0.325006157 -1.16680026 -3.27984738 0.558502436 -1.64669394 -0.224171311
x 0.677045166 -1.29038537 0.192407802 0.989016354 0.0822798237 0.0153486477 0.800153434 -0.683959246 -0.567255616 0.623147309 0.725384712 -0.877061248 0.0194016714 -0.620909572 0.83117342 0.236128747
x 2.52603221 -1.83182406 -0.606245756 -0.222149029 -0.586444795 -0.320233047 0.893389165 -2.77131963 -0.406170815 1.58905458 -0.534262419 -2.37378001 -0.176603958 -0.827915072 -0.534845531 0.931641877
x -0.632871151 0.268643945 0.429462671 0.890805125 -0.805661619 -0.118193783 -0.0843264982 -0.925159216 -0.707106054 -0.749709189 -0.329478234 -0.406467676 2.30752134 -0.486807317 -1.45757151 0.107736453
x 0.361884177 -0.499319911 1.4429599 1.07293832 -2.32329559 1.39726079 -0.78903389 -0.757625699 -1.16415393 0.180953309 0.246874675 -1.0773257 0.029012749 -0.199330181 -1.37435067 -0.205719799
x 1.37189889 1.52881634 0.523504198 -0.0206047017 0.00226041605 -0.654300988 0.447305024 -0.125684366 0.643822372 0.534151733 -1.42880511 -0.43783468 -0.863334954 0.232677758 0.48763901 0.644939184
x 1.09627855 -0.181316108 -0.0566355102 0.243003309 0.285971165 -0.150006607 -0.540324867 1.03848004 -2.01590466 -1.41893208 -0.641198456 0.326821268 -0.371102363 1.80581737 0.278606921 -0.1009285
x -0.487214595 1.43377686 -0.113993272 -1.56857252 -0.224684954 0.294471055 0.176840797 0.173296124 -0.0577983931 -1.69256413 0.343315721 0.186017379 -0.189291149 -1.11014771 1.20053256 -0.435012817
x -0.67329222 0.768582463 -0.505349934 0.0817405209 0.018199902 0.302996844 2.29190421 -0.302860856 1.11183691 -0.172986835 -2.00153899 0.473064601 -1.1229142 0.349472404 -0.680380344 -0.640813887
x -2.0696907 0.144150332 0.570557296 -0.127235219 1.07031608 -1.41996467 0.87125504 1.45639122 -0.252737164 1.25235271 1.20073378 0.322087079 0.175372779 0.289398074 -0.841986358 0.320918947
x -0.358033955 0.704899848 -1.2627027 1.33179772 -2.85749364 0.210859835 -1.13518596 0.240484938 -0.569351733 -0.364637852 0.208902553 -0.211278558 0.0388611928 0.56365943 0.697131753 0.869351029
x 0.65694499 -0.624484539 -1.13321054 0.316849053 0.0987221375 0.589684546 0.634747624 -2.60234904 1.20664322 0.25167647 1.04497743 -0.6260764 1.52953112 -1.2598989 0.351786941 -0.0999428257
x -1.04507291 -0.568453729 1.15428865 0.767588198 -0.659618914 -0.0696245059 1.19241285 1.22742164 -2.09252477 -1.0246135 -1.8885231 -0.0526039824 1.44055843 -0.124965198 -0.361087739 0.375345051
x 0.0321444049 -0.5941028 -0.746152222 -0.676639855 1.40703189 -1.62909853 0.62900269 1.66447234 -0.107851543 -0.784359753 0.739065528 -0.892203689 1.45128942 -1.25645542 0.633749485 0.548168242
x -0.182314277 -0.112096794 -0.783391595 -0.3091501 -2.10866618 -0.748298943 0.650773823 0.0691810995 0.831965804 1.99596536 0.339307517 0.1318703 0.857891023 1.08818877 0.546123981 -1.3299036
x -0.503165424 0.380812347 -0.403209269 0.386566907 -0.758953035 0.264360517 -0.0601958819 0.479390174 0.427509934 1.27188492 -0.0505092591 -0.35083583 0.949990749 -0.567917824 0.854431987 0.852971256
x 0.78418076 0.630985677 2.08176064 -0.457375258 0.247169778 1.66702938 -0.76011461 -0.790130436 -0.529062927 0.320328891 -0.597136497 -0.739829838 0.928893924 -1.65481806 0.486859709 0.684827149
x 0.0442618951 -0.248092145 0.0404837392 1.48941422 2.02190304 -1.37813723 -0.497859269 -1.33897424 -0.250486046 -0.139675856 0.681430936 0.364589453 0.37591663 0.992209435 1.41129506 -0.237743437
x 0.214885786 -1.69419765 1.51197851 -0.390615344 0.307949662 0.595638156 -0.500820816 0.102601022 0.55275631 -0.0699135736 -1.68084347 0.359208643 0.361839205 1.1212703 -0.950976789 -0.961821973
x 0.379920483 1.2152456 1.94696164 1.22090042 0.375465274 -0.68737632 0.536828399 0.0383174121 0.187443718 -0.19209373 0.648619711 -0.583173692 0.736598611 -0.15534173 -1.18639672 1.11588454
x -0.656269789 1.12897432 0.306382835 -0.173441261 1.64411676 -1.04423213 -0.0182420947 -2.19734526 -0.672242761 0.0188527592 -1.80563521 0.851347148 1.51258695 0.318371445 -0.187644258 2.13851213
x -0.312229872 1.5881784 -0.583824992 1.74619937 -0.607310474 1.09422171 0.639779985 -0.752002597 -1.16349578 -0.142446816 1.07570851 -0.889263988 0.0439614728 -0.892371655 -0.502716482 -0.0389874764
x 0.962626398 -1.43077016 -0.529654801 0.198580042 -2.30895329 0.874321103 0.179192677 -2.04005671 0.205298752 -1.34085166 -0.0101746693 1.25422287 -0.345221132 0.0190821327 -0.0923938677 -0.985855699
x -1.58098578 -1.72454178 0.197756588 -0.322434366 -0.624430299 -1.00527549 0.0690532923 -0.763634861 0.00308067282 -0.639456391 1.27242923 -0.396443307 -1.18836117 -0.0661583021 -1.21493828 -0.173285976
x -1.49550986 -0.0704240054 -0.428886414 -0.981790543 -0.43091929 1.45451462 -1.73603189 -1.07296789 -1.36028612 0.858208299 -0.858196557 -0.823454082 1.10168743 -0.806364477 1.399279 -0.327274591
x 0.333337903 0.832340121 0.520379603 0.214978784 -2.39002609 0.181457058 -0.260920376 0.789600253 0.83234179 -2.09031034 -1.02183521 0.183619753 1.5993576 -0.967836797 -0.017189797 -1.43378019
x -0.12521188 -0.162669763 -0.00338337105 -0.512159884 0.448657215 -0.779442251 1.31946623 1.07354343 1.26712227 0.24017711 -0.567727029 -1.49525023 -0.327924252 -1.47840071 -1.16364312 2.16922307
x -0.0852126405 -0.567926407 -0.430455148 -1.03644669 0.862348378 0.251816094 -0.892009735 0.540819407 0.987840295 0.64161706 -0.438284546 0.188580364 0.734619915 0.692514777 -0.15462853 0.707580507
x -0.847930431 0.568358123 -0.800188243 0.500228643 2.13288331 -0.49661234 1.57515979 -1.84461629 0.331359625 -0.142159611 0.230713591 0.68780601 1.60339558 0.0288614295 0.323220313 0.843160152
x -1.24398482 -0.106381446 -0.326637566 -1.1547333 0.361010432 -1.54998457 0.598927379 0.211984351 0.106485352 -0.72911185 0.134825736 0.336226225 0.514400184 -0.924546123 0.158649147 1.54018438
x 1.54746866 -0.262010276 0.218801811 -0.0712403804 -0.427675962 -1.04943752 0.513614655 2.04052234 1.18609917 -0.113498196 0.353186429 -0.463914424 -3.35754108 -0.726992249 0.85696584 1.36399627
x -1.39801085 0.801552594 0.0484129488 0.0500663817 -1.07203043 -2.04965782 -2.00009489 -0.180125892 -0.602798104 0.817023754 0.877154112 -0.468515247 0.504159868 0.203339517 1.58400571 -0.644320786
x -0.935415387 1.35116768 0.273763031 -1.11293018 -1.94885623 -0.403053284 0.204219967 0.166981772 1.01848137 -0.973108828 -0.530540824 0.336476237 -0.460063219 -0.660569727 0.9020769 -0.910253167
x -1.99248481 0.729689717 -0.143280759 -0.284365267 -1.07763255 -0.60849452 -0.490222067 1.26056576 0.97059232 1.61378133 -0.154204249 -0.0925786942 0.187856078 -1.00178874 1.02894878 -1.54202271
x -1.53268135 -0.774063766 -2.0230391 -1.02335072 1.52901161 -1.60315633 0.349164516 1.46452713 0.0887572467 0.173173606 0.397024781 0.364826977 -0.452172667 0.9642784 0.110129118 -0.534932315
x -0.693309605 0.273255974 -1.64327919 0.595825613 0.289238304 0.473344684 -2.23569131 0.612450719 1.54203451 0.467278868 0.386231631 -0.574322343 0.20663859 -1.6515913 0.362314045 1.68284369
x 0.0276179165 -0.220627442 -1.30846381 -0.304087847 -2.44752884 -0.845800221 0.85626322 -1.26663303 -0.32417357 1.79589975 0.246138632 2.20000005 -0.374922067 -1.02469552 -0.817482889 -0.367852658
x 0.300519198 -0.282830328 0.0320390612 -0.0125622693 0.94013077 0.679933965 1.76099813 0.148007706 1.3307215 -1.55452454 0.335996628 0.310024023 -0.00652642315 -0.615087748 0.435571581 0.302323073
x -0.453650415 1.38303983 -0.491543323 -0.156249896 -0.911610782 0.186679721 0.646235585 0.700638533 0.279209346 0.46603477 -0.138344437 -0.468686163 -0.217348188 -0.519944608 -0.455657721 0.0305552892
x -0.341239989 -1.44350374 0.322250485 0.347018003 -0.229784891 0.872248769 -0.158168525 -0.673748255 0.394578576 1.38392854 1.22548985 1.31296897 -0.889090478 0.345210105 -1.42351997 -1.7318815
x 1.42561483 -0.804836094 0.689563394 -0.532421768 -0.61425209 -0.807627261 1.32931054 -1.38375473 -0.0845146105 -1.02521002 -1.41166365 2.22615743 -0.409305453 0.126829967 -0.894150496 -1.24468613
x 0.795806944 -0.661353648 0.0647367463 1.00379455 -0.477966189 -0.0850350633 -0.503063381 0.220489666 -0.29665491 0.161660776 -1.55502653 -0.521659851 -0.958814204 -0.247674003 -1.38765323 0.446398377
x -0.61099577 2.83404183 0.00655780267 -0.0292908326 0.93930006 0.360888481 0.181864291 -0.181842625 1.70281935 -0.86570704 -1.17308462 0.137307793 0.561635673 -0.714609385 0.0751309991 -0.603130341
x -1.45118535 0.214554206 0.72379601 0.345180839 -1.20840716 0.0157386232 -0.00151208183 -0.353631258 -1.07662404 0.819341481 -0.630533695 0.743062139 -1.77024627 0.643006563 0.961130261 -0.351871252
x 0.166312471 -1.07553995 0.58319056 0.281122506 0.76240772 1.35566294 -0.950920284 0.711523831 -1.08935177 -1.92490602 -1.00874197 -1.3203218 0.419636011 1.92060006 0.0911974534 0.987502337
x 0.846605361 0.465019196 0.685246468 1.74829984 -1.28078735 0.0470218994 -0.865345657 -1.00756752 0.744230986 -1.01445568 0.800737977 0.0487493798 0.67064029 1.31044447 1.45775068 0.473476678
x 0.698862135 0.950214922 0.515264511 -1.12658083 -0.0572033823 1.86206508 -1.06688499 -0.104033679 -0.357340604 -0.889525354 -0.263123542 -0.47431609 -1.21377659 0.283962935 0.260778815 1.28021097
x 0.485796243 -0.69581753 -0.187144816 -2.40541983 -1.1027168 -0.600178361 -0.112532571 -1.78776765 1.20615613 1.46665931 2.34031749 0.547393143 0.322640717 0.954272091 1.0929507 -1.33126247
x -0.932252109 -1.05693746 -0.147276208 1.14811873 0.303318411 1.7567302 -0.632767856 -1.05085361 -0.40702948 -0.0972162113 -1.82041013 -0.0349733308 0.528570592 1.24998343 -0.374333322 0.107960165
x -0.934201539 -0.573250711 -0.412655264 -1.52799022 -1.29223406 1.16001916 1.9686501 0.292760402 0.232079953 -1.48752952 -0.130560786 1.73980248 -0.399339288 -0.774291039 -0.273008883 -0.92332983
x -1.62266171 1.37955379 -1.70357215 -0.293272138 0.0998555347 0.108721919 0.781532466 -1.02922904 -0.481841356 1.58122051 -0.710058212 1.76647246 -0.270397127 -2.09230518 0.0255555138 0.191660881
x -0.275289983 0.398750007 -0.274578661 0.0199244805 0.0858943611 0.921542406 0.720468819 -0.310453087 1.46371758 -1.26394725 0.970393062 1.07641971 2.0998807 -0.157212153 0.351933181 -0.664635599
x 1.55532765 -1.4880836 0.596357584 -0.0281792507 0.638346016 1.12967062 0.741148949 0.764449358 0.62247777 -0.735610723 -0.322780669 -1.27757335 -0.0792540312 0.217346013 0.422461122 -0.160568371
x -1.04533434 -0.418706775 -2.82712865 -0.187481105 0.454820752 1.30053091 1.10897529 0.404159755 1.84850764 -1.00040805 1.10908175 1.2899524 -0.572761297 -0.259680539 -0.968131661 -0.733990967
x -0.915011704 -1.60349882 0.151011854 -1.88488841 -0.329814076 0.168115541 1.42238915 0.0120320562 -2.56652904 1.20850086 -1.19574308 -0.674779534 0.444929063 -0.369071364 -0.64703244 0.524940252
x -0.0349923074 0.300868958 -0.370401233 0.0745659471 0.0630351529 -1.79651558 0.0227557309 -0.75450176 2.71718311 -0.450447112 -0.0870800838 1.22082627 -0.80596453 -0.0255381763 0.986869454 0.254976958
x -0.128483653 0.226703748 -0.640798628 -0.0943166167 1.44017065 -1.57882643 0.114703782 -0.324099451 -0.493439704 0.484527797 -0.107265882 -0.610141635 1.22942829 0.195602372 -0.654007912 -0.222374886
x -0.34349829 -0.313042343 0.849572718 -0.474246651 -0.0290102754 1.48985612 -0.499963105 2.40521026 1.84555805 0.261850148 0.871160567 -0.885232985 0.897576213 0.377012849 0.184896022 0.0901805833
x 0.50847888 -0.168394417 -0.144296423 0.98295629 -0.75116986 -2.23786736 1.73556995 -1.43815792 -0.140870377 -1.38695991 0.232490286 -0.133048892 1.07958901 1.0865829 -0.0556544736 -0.505842984
x 0.0018383339 -0.413797081 -0.355684906 -0.975210726 0.481132478 0.5384835 -0.499784738 -0.236158803 -0.891149759 -0.456832558 0.928035021 -0.681447148 0.589083672 -0.722566724 0.118857034 0.117338754
x -2.07886386 -0.983600199 -0.595635831 1.65017712 -0.57421428 -1.44725847 -1.86291003 0.853903353 -0.313685775 0.63508594 1.25387216 0.837808073 -0.808409631 -0.362249881 1.05229712 0.3855308
x 0.776922584 -0.81106025 -1.13564146 -0.479227811 0.670726776 0.352727026 -1.1096282 -0.0924827158 0.514809132 0.121350437 -0.113723978 0.131615102 -0.11235255 -0.612389565 1.44258142 1.13545847
x 0.745977998 0.107989609 0.966401219 0.154596835 -0.526374698 1.29406667 0.154406145 -0.168372408 -1.2592473 -0.290441483 -1.68557525 -1.01036298 -0.0542282239 -0.908941865 -0.831499994 -1.185305
x -0.0225922577 -0.272096962 0.478209287 1.58968091 -0.265811771 -0.307881176 -0.118617967 0.583459616 0.137417987 -1.76246202 -1.40456939 0.0578328967 -0.268049002 1.05496597 -0.178777888 -0.760510325
x 2.03871059 0.392809927 -0.259915113 0.103914432 -0.944943845 0.757524014 0.120284893 0.395507246 -0.714449346 1.98810315 -2.11852479 -0.425836921 0.851991951 1.05365503 0.0539917238 -0.648370743
x 0.466424376 -0.327158749 -1.60329533 -0.0215921737 -0.430636585 -0.205416575 0.251746535 -0.461682886 0.683325469 0.764793754 0.175112307 0.591377854 -1.22780168 1.89270997 -0.678562403 0.0390207618
x -0.575657368 0.470940262 -0.493760765 0.0509071387 -0.227164164 -0.881136179 2.09766865 -0.866614401 0.571146369 1.2749989 0.548619986 -0.373553157 1.19304562 1.43493354 -0.330285579 0.0814713985
x 0.506500244 1.77458334 0.346160889 -0.197896063 -0.442057967 0.186010599 1.42323732 0.24208349 0.390993029 -0.847337186 0.41178149 -2.13677168 1.46100247 0.10631609 -0.14156945 0.718096197
x -1.59054935 -1.21068692 -1.06741095 -0.968381226 0.769320726 0.505706191 -0.680242836 1.18256271 1.46173179 -0.522497594 0.114337862 -0.222635046 0.596648216 -0.156767249 1.50552404 1.1638025
x -0.847805321 0.117203191 -0.770733416 0.165535688 1.10462046 1.80661023 -0.53813839 0.0559449121 -1.48952317 0.454851806 0.681079984 0.75885886 0.67316407 0.44095999 -0.627209365 -0.978022993
x 0.0835330933 -0.644969821 2.13197923 0.123873442 1.23587191 0.176159397 0.673849642 -0.736987114 1.77183139 0.864956677 0.886316895 1.77884865 1.19677734 0.533296287 -0.312471986 -0.070055306
x -0.240515888 -0.113357209 -0.0113835344 1.6861701 -0.971570134 0.456749171 0.760615289 -0.026652094 0.880573153 -0.717543364 0.85004735 0.535610795 -0.221624598 -0.78886205 -1.41803539 0.290014654
x 1.68571126 0.753935456 -0.378274083 0.753305852 -0.470268995 0.221324608 1.38047278 0.0253833774 -0.0611780696 -0.253788769 -0.514462769 -1.55463839 0.343749911 0.512046695 -0.532047868 -1.01426637
x 1.00651348 -0.191166595 0.656103849 1.1459322 1.56423068 0.481498659 -0.786384165 0.541289032 0.29966706 -0.894920945 0.741773427 0.937450767 -0.226220712 0.800204992 0.577133119 -0.00102775265
x 1.23086941 -2.91676092 -0.729977131 -0.212023363 -0.00695586205 -1.28429449 -0.108793095 -0.508988798 0.515448511 0.369176179 -1.05067456 -0.0689610541 0.557625055 0.797484815 0.103893995 0.745212734
x -0.795838952 -1.35580552 -0.00541035365 -0.344602287 0.339892298 0.0513468906 0.0499745868 -0.777147651 -0.704017937 -2.49153543 -0.00580404978 3.49727273 -0.369068861 0.326378524 -0.880057693 -0.567886472
x 0.511422038 1.97480845 -0.183126837 0.115314402 1.64402092 0.471295714 -0.736598372 0.948877811 0.812238514 -1.68153131 0.168896556 -0.362500966 -0.408044159 0.0300498679 0.822661161 -0.631079078
x -0.0188592747 0.0173809584 -0.280598402 -0.911174119 0.868435502 -1.46540153 -1.01616001 -0.559995949 0.674051285 -0.574237883 1.30228591 -0.223025858 -0.862001359 0.922159851 0.0797144696 0.419564277
x 0.342373341 0.521755517 -1.52562773 -1.48947632 0.0855257586 1.32864356 1.29561329 -0.427649707 -0.686730623 -0.849688351 -0.923196912 0.170718342 -0.994783163 0.800240457 -0.0815895349 0.939800024
x -0.43975392 -0.361299455 0.163519159 1.3705529 0.157743856 0.283268034 1.26429605 0.862442136 -1.27797472 0.573672116 2.07075572 0.17891404 0.512965739 0.394248843 -2.06255674 -0.062039759
x -0.99325645 -1.13407159 2.12355089 0.687794447 -0.654579043 0.964319646 -1.66345 -1.28725123 0.964066803 -0.703960359 0.33476159 -0.264896542 -0.171852425 0.806241691 0.0756909177 -0.626094341
x 1.19156551 0.845879078 -0.435638309 0.641388714 1.68689823 -1.52294314 -0.103553839 -2.17226911 1.14767647 0.878109574 -0.976498306 -1.94112635 -0.544434011 -1.26409483 1.61117935 1.1660496
x -0.607867718 0.169902951 -1.48235333 0.262935758 -0.204270765 0.516669154 -0.260095954 0.155332655 -1.20996571 -0.545240164 -0.632718742 1.2191807 2.25845695 -0.104525536 0.299466789 -1.04066217
x 0.0391361862 -0.243452668 -0.103897303 -2.28967643 1.06309152 0.941368282 1.21261334 -1.23358428 -2.15055442 -0.539884746 0.508838892 -0.580669284 0.265048593 1.13783324 0.343910187 0.803023577
x 0.224825129 -0.79624939 -0.0848626047 -0.491927534 -0.489652783 0.536794066 0.9974038 0.123449825 0.241001189 -1.55321336 0.221098632 0.117413916 0.0402948335 0.360577464 1.16778123 -1.14308286
x -0.186182082 -0.0951232389 2.12739396 -0.123828314 -0.69135201 1.65727258 1.25147057 -1.46942878 0.16920349 1.53749394 -1.18574083 -0.240179092 -1.24321973 -0.216300547 -1.34384644 -1.60577679
x 0.426472813 0.0648533255 -0.713263333 -0.201111719 -1.45909905 -0.525135636 -0.720771551 0.864858091 1.2941767 -2.08559585 -0.493021816 -0.572865307 1.26862907 -0.233480111 -0.90448606 -1.07686472
x -1.01755095 -0.799753189 -1.06168377 0.0919653997 0.0176436491 -0.662059426 0.524949491 -0.795530677 -0.655638754 -1.40835607 0.792832792 0.0092962794 0.791097701 1.10800922 -1.20913076 0.280082762
x -0.766801 -0.372149944 -0.576928973 1.44991803 -0.304717392 -1.28686571 0.353924036 1.62788725 0.0882219002 1.37342787 -1.36232007 0.838018894 2.95256448 0.195008039 -1.45129061 0.375534117
x -0.831004858 0.0922069997 0.607138216 -0.399917126 -0.121008135 -0.873321772 0.63743633 -0.0679660961 1.32991087 -1.77349222 0.182708174 -0.888488531 -0.0215092245 1.50080574 1.44551241 0.227782503
x -0.999854088 0.567685366 0.0275104139 -0.23247312 -0.56918782 0.814604104 -0.951172173 -0.897564769 -0.052693069 -1.06336033 -0.170107573 -1.88693666 -0.0137731675 -0.41807723 0.29980585 1.08173728
x 1.63171995 0.77200377 1.46926105 0.443392098 -0.180380747 -0.243856132 -0.236217782 0.381561399 0.183682457 1.71820045 -0.828223169 0.710576415 -0.908096135 -1.47231305 -0.2137236 -0.41303426
x -0.114830874 1.2288301 0.469649225 -0.775142014 1.38566589 1.39032161 0.700246155 -2.00591373 1.19215667 0.0186233148 1.36298347 -0.0451284125 0.158478379 -0.236950517 -1.22751629 -0.837410748
x 0.512903035 0.0476318896 0.449277759 0.465148896 -0.913266599 2.57907057 -0.00486946991 -0.831734776 -0.151577562 0.0581042394 0.687998652 -1.41150963 1.51323473 -1.71172965 0.453988373 -0.566762984
x 0.636175215 0.764814317 1.93272972 1.13137197 -0.981135666 -0.231220618 2.85243726 -0.169736892 1.52062106 0.313679904 0.904489696 -0.954490185 -1.82175398 -1.95251536 -0.708694458 1.13437128
x 0.674119234 0.687271416 -1.09190118 1.59785497 1.48809421 -0.271346241 2.03127885 -0.573470414 -0.161066294 1.28694665 -0.340805888 -0.462321371 0.798456848 -0.922332108 -0.115123369 -1.06257498
x -0.547834992 -0.527805746 1.67669261 -0.263434112 -1.9094336 -1.74044967 -2.28524065 -0.0949407071 -0.731838405 -0.89763242 0.786784291 0.277996778 0.835910976 0.718298733 0.800404608 -0.981401622
x -1.53937638 0.183359027 0.945677221 -0.689580202 0.386019588 -0.790774405 -0.130299717 -1.29558551 -0.262889922 -1.60782135 0.234596848 0.526676893 -0.97448951 -0.429800212 1.16114438 1.85370231
x -0.338781059 -3.00225616 -1.03224659 -2.40222502 -1.5818013 -0.937734008 2.1993773 -1.33717895 0.635606945 0.838675499 -0.570125163 0.362279326 0.65137291 1.46553826 -1.17667973 -1.07744765
x -0.867151558 0.382767707 2.27532053 -0.887520492 0.661082208 -0.10101641 -1.48817742 1.3144356 1.75957334 -0.716206253 -0.035857413 -0.49900493 1.00425911 1.41588676 0.0163143948 0.601763368
x 0.620712698 0.92547363 0.826976597 -0.596870065 0.152438611 1.37045538 0.76579535 -0.743126452 -0.199382707 0.184065238 0.127528369 -0.125979856 0.938575327 0.711524785 0.00140078343 -0.0265239067
x 1.42193365 0.141530395 0.165057465 -0.14699097 -0.35243842 0.1550017 -1.02246761 0.774831951 0.221631736 1.32620072 -0.445156544 1.7999016 -0.410999686 -0.520407498 0.184962615 1.07878661
x -0.424153 0.652424812 -0.366623819 0.433186829 -0.654665649 0.00659795711 1.13268483 -0.182589367 -0.0493992493 -1.49850535 -1.9970026 -0.222147748 0.516429365 -0.59603709 1.44025028 0.324721664
x -0.246339157 1.00857806 -0.84214896 -0.34432888 -1.13818979 -0.303078502 -0.515987873 0.302819103 -0.717235386 0.221140966 -1.09734368 0.955213308 -0.621620715 1.08732009 0.849210858 -0.639712274
x -0.501819134 -1.39951408 -0.948510528 1.58822405 0.295457184 0.965092838 0.454069674 2.46323395 1.51803648 0.285249323 1.58334363 -0.439022392 0.788749576 1.10231447 -1.16025639 -1.06264412
x 0.0407264903 1.04644263 1.42243314 -0.612776756 0.127702922 0.615493953 -0.134952456 -0.760924578 -1.50405896 -2.34056401 0.0868850872 -0.0454891175 -0.819232404 1.21239758 -0.063050352 0.0829875097
x 0.679477215 -0.215935946 -0.266426593 -0.965209723 0.507407784 -0.78967905 0.0807791054 0.912752032 0.0436758772 0.564439893 0.96881038 -0.610268772 0.922047913 -0.59944272 -0.0504423939 1.1694504
x 0.0545298718 0.549599767 -0.0567080341 0.978461683 0.911329806 1.84663844 0.430785477 0.864850879 3.11698508 0.00400329428 -1.04714096 0.368478835 0.150755733 -0.168329135 0.320965946 1.01667261
x -0.463708878 -0.461247474 -1.07393658 1.30428469 1.9715693 -1.14585769 -2.94223309 -0.65865171 0.265838474 0.592930675 1.238482 -1.14439285 -0.84366262 -1.14343262 0.152764782 0.409436703
x 1.53548837 0.755413115 0.143735051 0.422248632 -0.0231099874 0.189347193 -1.86063898 0.413223147 -0.274184734 1.00098062 1.19626999 -1.07535374 -1.81211376 -0.170205623 -0.377915412 -0.60550493
x -0.23988238 -0.505739212 1.25300682 -0.587961733 -0.278537512 -0.75779295 0.386491597 -1.13634229 -0.435833484 0.340421468 -1.23535073 -0.466484338 -0.473585099 -0.621106386 -1.57985091 -0.493076175
x 0.712131023 1.24132109 0.887993455 0.579499006 -0.0411479324 -1.2362026 0.936143637 -1.12769997 -0.560461104 -0.132903263 -1.02140999 -0.263308167 1.16697264 -0.651015878 -0.0973519459 -0.019092096
x 1.354316 0.490492642 -0.405765355 0.891457319 0.560237765 -0.969787002 -0.900906801 -0.966798544 -0.95248574 1.24348843 0.135212943 -0.109030552 0.121045239 -0.0914661065 0.0587818213 0.897703826
x 1.93798351 -0.024003759 -0.457097739 -2.29507971 0.128628284 -0.93874836 1.30718672 0.678629756 0.215991125 -0.342222244 0.699522138 -0.552171171 0.249308065 -1.23746061 0.900502145 0.281689942
x 0.549291372 -1.77604866 -0.337745905 0.518537223 -2.61130667 0.209842116 -0.74263829 -0.457386881 -0.236224949 0.145988569 -0.231938601 0.317153096 0.771526515 -0.981188953 -1.37934196 -0.0908555984
x -1.07455885 -0.727725148 -1.55023694 1.07478893 1.1631279 0.248401061 2.08438158 0.364289492 -1.00433493 1.6714344 -0.0157382172 0.440081209 0.591747642 -1.32203388 0.11380516 -0.930083394
x -1.0138458 -0.489729971 -0.838726878 -1.30721998 -1.39825988 0.486166775 -0.754833758 -0.229575977 -0.80256331 -0.299370408 0.79920584 -0.544213355 -0.420958817 -0.245510712 -0.728736699 -0.196541265
x 0.491018265 0.959737539 -0.636094928 0.319594204 -0.189214855 2.46970582 -1.37603831 1.47766399 -0.486978143 -2.32295132 -1.67809737 -1.72739255 -1.3824544 1.53424013 1.44544792 1.25968516
x -1.44531262 -0.124294661 -0.546478748 0.831106722 -0.380933851 0.241118044 1.01787686 -0.309776962 -1.61469936 1.56375456 -2.28999114 -0.399751782 -0.547426701 0.428186595 1.92597079 -0.241662681
x 1.73828959 0.0673994794 1.89819586 1.30871093 0.0777095407 0.468058437 -0.550881386 -1.81065536 1.81210744 0.134291559 1.49747419 0.304143965 1.7524755 0.912304103 0.0904818401 -0.454017252
x -0.532422006 0.346592754 0.3316634 -0.178879723 0.148656249 1.31758642 -0.389162123 -1.12568021 -0.757115722 1.11856723 1.63061905 -1.01513886 -2.31538987 -0.324890882 0.396634638 0.137571692
x -0.236403212 0.607663691 0.593602419 1.05187225 0.562469065 -1.82282865 -0.219399571 -1.15568113 0.80184716 -0.313515246 -0.24728179 0.123756886 -0.0678863227 0.473165035 -0.572306335 -0.592514217
x -2.51824951 -0.870233715 -0.087396048 0.279097587 -0.805033326 0.342400968 1.41251993 1.35315585 0.403277963 -0.0967581943 -0.362038434 -0.53785646 0.516634703 -0.592447639 -0.640946448 0.250058323
x -1.24522924 -0.00169450953 0.193432316 -0.108480275 -1.01758718 0.00978846755 1.29301214 -0.362944633 -1.52043927 0.0226939972 0.442440927 -1.02182746 0.647835493 -0.436089903 0.676825762 -0.438238174
x -1.17944455 -0.376471877 0.191525012 -0.167465031 -0.123789079 -0.794113934 0.557746112 0.916173697 -0.836838424 -0.0221208408 -0.107259519 -0.894285202 0.108928882 -0.329111129 1.38784838 1.01965535
x 0.415183663 -0.605490029 1.28290701 1.53677499 -0.583073974 -0.123243392 0.633877635 0.283286273 0.338920116 -0.556663036 -0.136353955 0.796866953 0.882968128 -0.282772571 2.08626223 -1.77274656
x 1.25077724 -0.134794056 0.192706943 0.107044265 -1.49589646 1.19659233 1.96474981 1.82561755 -0.517109156 0.848626196 1.12523127 -2.34606743 -0.276691765 0.371329188 0.85522151 0.561311841
x -0.0178816468 -0.206537127 -1.81942129 0.160105661 -0.421273053 3.45014334 0.0273202248 0.433413386 1.35436618 -0.419221282 -0.827452898 1.25660932 -0.623422682 1.01920044 0.724038124 1.4455694
x -1.05629873 1.77018297 -0.665793121 0.71631676 -1.991027 1.59650064 0.898411572 0.109113261 -2.4671309 0.905615091 0.492975384 0.422311276 0.467618287 -0.713762522 -1.04559875 1.96445704
x 1.0498395 -0.253146738 0.115390308 0.771115184 -1.07892656 3.82260776 0.303840876 0.129964173 -0.999991238 0.640148818 0.0355007648 -0.628098965 0.4300282 -0.207228214 -1.38824952 1.02819717
x 1.83218217 -1.36325765 -0.319152027 -0.538158953 -2.0212369 -0.34814918 0.286148667 0.321947157 0.11679092 1.28270662 -1.27403259 -1.19315791 2.34647989 0.460128069 -0.674834013 -0.697210312
x 1.26587832 1.41311312 -0.15465799 -0.91424036 2.19528174 -0.722704947 -0.0863036439 -0.617132246 0.245253146 0.952947736 -0.0164069049 0.829324543 -1.89031637 -0.917664945 0.782085896 -0.0773289949
x 0.1823778 -1.12404227 1.78741097 -0.495216489 1.79017377 -1.0450139 -1.29556429 0.767060161 -0.382794112 -0.0655910894 1.33262229 -1.19281721 2.07977486 0.536601901 -0.112333305 -1.17389393
x -0.91480428 0.824872971 0.985018492 -0.0662465841 1.46041787 0.277557552 -0.263704628 -0.697500288 2.19845223 -0.541765273 -1.46442223 -1.31819296 1.21079409 1.88370383 0.520923376 -0.714369237
x -0.657435179 0.257388115 0.170992702 -3.04592824 -0.477502525 -0.500276685 -1.16586864 0.250069469 -0.795315444 -1.23547411 1.00085175 0.755001545 -1.73423743 0.356228381 1.14524961 0.615604579
x -0.56291908 0.197783113 -0.639179826 0.230479419 -0.0630679354 -1.34762454 -0.489132702 1.07377875 -0.534505486 -0.287604362 -0.99239707 -1.83625734 -1.102373 0.40180105 1.55889666 0.566958308
x -0.301102072 -0.312216103 -0.441314578 -0.902423143 0.5523839 -0.0431461707 -1.34690726 0.604154766 1.04153395 0.173368901 -1.12362361 1.10854244 -1.00816345 -0.51167959 -0.567016542 -0.916209698
x -0.91842252 -0.902513981 -1.68890405 -0.149261773 -0.025505878 1.20153654 -0.0649216399 -0.632050037 0.373104423 -0.185742348 -1.73408949 -0.408682913 1.09591579 -0.433175743 1.05955422 0.028075695
x -0.568047523 1.80075479 -0.626441717 -0.216233924 1.41077447 -1.28131866 -0.336677164 0.689974546 -0.393567026 1.51367462 -1.22620308 -0.858292878 0.216644838 0.293305963 -0.139268726 -0.618699908
x -0.0154254017 -1.37717009 0.428816825 -1.05329442 -0.5904544 -1.66491854 1.59221733 -0.488052666 1.27778101 -0.743809044 1.00012207 2.20857143 0.824335456 1.21910632 0.164313272 -0.570839465
x -0.130312666 -1.94173741 -0.968172312 -0.263165832 -3.12369466 0.340168327 0.331043512 -1.72494328 0.673699081 -0.505864859 0.146643803 -0.94855541 1.20168781 0.773964524 -0.975020468 -0.0646334738
x -0.140635028 0.733454645 0.372505605 0.380761266 0.456415504 1.44165623 -0.718114376 -0.156451315 0.705083609 0.195991322 1.25787783 2.26562428 -1.94806027 -1.43603337 -0.093662858 0.940532446
x -1.18049288 0.0262220036 -0.50280422 0.115440458 -0.422245324 0.0809493959 0.996569574 -0.306504458 -2.07636428 0.548058093 -1.69802368 2.28602195 -0.592314839 -0.77550137 -0.902259648 -0.253750473
x -0.895185292 0.892412484 -1.18045545 -0.414396197 1.09142578 -0.212911844 1.52375877 0.775701523 0.222726896 -1.90747011 -0.325207621 0.384548873 -0.384913176 -0.221852422 0.249249294 1.38771331
x -1.03875792 -0.755306363 0.722765565 -1.21982574 -0.807288051 0.145329371 0.750242233 -1.03516531 1.60624695 -1.29106796 -1.43830454 1.42251647 1.01847303 -0.513965011 0.0807279572 -0.922170699
x 1.31217778 -0.447268695 -0.72606343 1.04483724 0.879448712 0.599186957 -1.19043291 0.122771487 -0.744684815 -0.508206666 -0.344050944 0.185402095 0.846605301 0.680762649 0.224708259 1.51852775
x -0.843161225 -0.168982208 -0.897469938 0.688726604 -1.32709122 -1.17642164 -3.05451155 0.186876819 -0.799136341 0.0133718383 0.21151796 0.916289568 1.17479122 0.910625458 -0.518128633 -0.870224237
x 1.39454281 0.529456794 0.376575023 0.536563754 -0.814821005 0.522713542 -0.229293287 -2.18860102 -0.350025028 1.23724866 1.7030828 1.01109755 -0.593651056 -0.53470099 0.0146452198 -0.199758366
x 0.983534098 -0.492074221 -0.526611686 -0.998393655 -0.0376053713 -1.15227318 -0.650825143 -1.61039746 0.860318303 -1.19547915 -0.170218349 -1.79803586 1.36547375 -0.905914009 -1.7620548 -0.798650503
x -0.408522189 2.12820244 -0.84265691 1.33626485 -0.0224214587 0.119395956 0.393590093 1.24518299 0.437335014 -1.74491668 0.025131017 -0.984190822 1.2520622 -0.747885883 0.279506177 0.125270188
x -0.738760829 -0.762119114 1.1688199 -0.886258304 1.19089091 1.27449787 -0.487520099 0.112889923 0.0662150905 -0.931567073 -1.59426999 0.42094177 -0.558348417 0.276085019 1.31089735 -0.744112253
x -0.43251577 -0.738571167 -0.0713843182 0.883775949 1.13455498 0.686229825 -0.813269019 0.558179855 1.05454099 2.67426443 1.01001871 0.403067082 0.879964352 0.285714239 0.402134925 -1.02701998
x -0.420503914 -1.2755661 -0.733024478 0.143155158 -0.950994194 0.342642933 0.286938339 -1.19094825 0.229759157 -0.57043165 -0.414868474 1.67557538 0.510115206 -0.39642027 -0.782000124 -1.09743345
x -1.3149966 -0.742641449 0.597128153 0.0581022277 0.0325878784 0.715427399 -1.07407475 0.22923781 -1.20592749 -1.40837014 -1.80112767 0.684717894 -0.787148714 -0.857272089 -1.45974755 -1.37488914
x -0.578667998 -0.206734121 0.0963988304 -0.773245513 -0.228365421 0.932187378 0.857153952 0.797241807 -1.30902696 -0.224304363 -1.09366107 -2.99653912 -1.16230834 -0.0404840074 -1.41005778 -0.478040546
x -0.149263352 -1.17432535 0.187892303 -0.570625365 -0.768533885 1.88736129 -1.3000257 1.69545543 -0.663252652 2.07101035 0.554190636 -1.40597916 0.496641338 0.771145284 -0.539922535 -0.0206088368
x -1.58666205 -1.54107976 1.33932769 1.08465862 0.937955558 -1.17590141 1.40406477 0.431695521 2.1239388 1.11856878 1.82098401 -0.993787467 -1.18030548 -0.192704603 0.174115032 -1.00893521
x -0.220561624 -1.27203226 -0.232386723 -1.13045275 0.572859466 1.36024678 -0.244661778 -1.84669816 -1.28530383 -0.747038007 -1.24722242 0.363005251 0.769456983 0.77586931 0.333097726 -1.18517208
x 0.309548974 -0.479726344 1.17636037 0.448597729 0.793024302 1.34620333 -0.177077502 1.42082 -1.70654333 0.429673851 -0.454599828 0.282982022 0.505364001 -1.55526519 0.92923671 0.268663079
x -0.762483656 0.451185316 0.341746658 1.93851674 0.399122417 0.240402848 0.269502908 1.43290067 -1.84069216 -0.612735689 0.512642026 -0.520157397 -1.44670022 2.02790976 -0.0469260849 0.326206297
x -0.417106181 1.00342095 -1.04128265 -0.886768758 0.470220059 1.91257524 1.84405482 0.195951641 0.977632165 -1.67061675 -0.291723162 0.570324421 0.961869776 -0.869937122 -0.0975508839 0.759019136
x 1.1476903 1.14106035 -0.038558308 0.313740283 -1.67892945 0.200644046 0.146000192 -0.111418806 0.667289853 -0.552390277 0.948071182 1.36309564 -0.930914283 -0.044245407 -0.32122457 -2.29099941
x -0.291829765 -0.121566571 1.24602735 -0.356843382 0.865398526 -0.244753152 1.40962064 -0.458853334 -0.993780792 -1.95650709 -0.111090787 0.549702168 0.835512817 -0.775283098 1.13041353 -1.22883332
x 0.39943701 1.13894844 -1.45744014 0.0839355364 0.058662314 -1.12047172 0.168708652 -0.141856417 1.1150465 0.931311846 0.349082083 -0.47589618 -0.89572233 0.0854684412 -0.141185597 -0.193382114
x -1.33423078 0.243718341 -1.47503889 -0.419960946 0.860301614 1.20056975 1.02144241 0.433555871 -0.644224942 0.309400469 -1.06677866 -0.0124404617 -1.19162881 -0.243491441 -1.10127127 -0.158327743
x 0.867686987 0.636951506 0.402381867 -1.58001554 0.688996077 -1.60862398 -0.60264039 0.369272202 -1.43078506 -0.692378283 0.244010821 0.479437917 -0.639474511 0.322069913 0.145683095 -1.27320099
x 1.10385966 1.51166701 0.428103089 -0.137744337 -0.996251106 -0.557963431 0.734964013 0.411978006 0.00918346737 -0.470356703 -1.26251888 0.14467819 1.06853604 0.50180459 1.62145364 0.149325609
x -0.367244989 -0.533364654 0.419590741 0.334643692 1.64475465 1.87000883 1.23289239 -0.484605581 -0.0536936373 0.567455471 -0.298701793 -0.0516232364 0.80855906 2.55357122 -1.23663235 2.18255639
x -0.355937481 1.22690725 -0.193719134 -2.30558372 -1.02056837 0.610498071 1.47030246 0.744688213 1.1190033 0.0358657986 -1.18845499 0.430743039 -0.450854868 0.854618549 0.0240880474 0.997530282
x -1.65276849 -0.0800854489 0.262065887 -0.618990064 0.457795322 0.361443728 0.0743619502 -0.96952945 0.375727564 1.1115526 -1.28596592 1.163311 -0.330931753 -1.1241262 1.96476674 0.0899191722
x 0.364473432 2.19674754 1.80823648 0.139588282 1.0021522 0.898425221 -0.496276349 -0.928590715 0.20513545 -0.452675641 0.825453162 -0.862610996 0.297373354 -2.57638192 0.077564545 -0.147743389
x 0.432459563 -1.13173151 0.868638575 -1.12195814 1.61911857 0.519330502 -1.06662977 -0.214574024 0.328839809 1.51980042 1.22623897 -0.447923362 0.0378616489 0.529593945 0.410669982 -0.887447
x 0.999228358 -0.583111167 -0.28014639 -0.634878397 -0.492423207 0.0766842738 -0.787886143 -0.676113784 0.480829328 0.514503956 0.907242477 -0.0103290761 -1.20041156 -0.47972098 0.204535052 -0.114043772
x 0.0231077094 0.224280432 -0.32697323 0.116686642 -1.79749501 1.21367538 -1.0577029 0.941096723 2.70294118 1.11192465 -0.665815115 0.601657152 -0.282861799 -0.742150187 0.96925801 1.72616923
x 0.252910256 1.31215274 -0.797250986 -0.0373275094 1.03895116 -0.867222488 -0.801575422 -0.8972646 -0.228957623 -1.41979182 1.22191942 -2.09604764 -0.705033004 1.25198209 -0.808568299 1.79887772
x -0.571969807 0.417413592 -0.0139386933 1.221807 0.0224769209 -0.168990165 0.672106683 0.95209384 -1.30432892 -0.121148124 1.97410536 0.192125574 0.883401453 0.160450846 0.979227662 -1.25274312
x -0.0242794622 0.25617677 1.28722835 -1.42243147 -1.09855866 0.939836919 0.737431228 0.0743390918 0.272358865 1.84449005 -0.353189975 -0.873517334 1.51232886 0.043511644 0.157348037 -0.407593578
x -0.685179293 -0.512158453 -0.716464579 0.745557666 0.35517174 -0.21908991 -1.33575988 0.902857125 -1.052549 0.686920106 0.738913536 1.45413208 -2.18598437 -1.47357011 0.162682429 -0.26100421
x 0.894581676 -0.469548017 0.238284066 -0.628826022 -0.111431696 -3.02796078 0.383046061 0.534045279 1.55650318 -0.881748796 -0.336023986 0.21373722 -0.230070978 -1.50877547 1.37412894 -1.79712832
x -1.35754573 -0.55201894 -0.453209758 0.663897991 -0.225492597 0.632095516 0.137777373 -0.840943396 0.989296854 0.848551035 -1.69012976 0.806671679 -0.485106736 0.941827476 2.29587531 2.13916588
x 0.270856202 0.705609798 -1.18341899 0.778285384 -0.422461092 -0.282990664 -1.58500338 -2.2925539 0.648598909 -0.22800009 1.42179108 0.299176276 -0.165951177 -0.0542605557 2.4807117 -0.231379882
x 1.05644131 0.416925132 -0.342185676 -0.121139273 -1.1326462 2.36621165 0.10234195 -1.13446915 0.504642069 0.367458522 0.252936631 0.686585546 1.19291031 0.596910655 1.10193861 0.0380802006
x -2.07406116 -0.363725781 -1.28406203 -1.09315848 -0.161866933 0.076320596 0.123467878 -0.40869531 0.39651674 1.07030964 0.0936639905 -0.351213127 0.767991602 0.696570396 1.16663396 -1.17334914
x 0.129029378 -0.0617535524 -0.956099808 0.264767408 -0.0273032393 0.505875885 -1.22048044 0.872948349 1.09334981 2.38730502 0.604496658 0.485628784 0.814775348 -1.10698795 0.133823425 -0.513205588
x -1.1053884 -0.123161264 -0.980025411 -1.40833378 -0.704624116 0.399575502 -0.459404051 -0.115080319 0.912125766 -0.469581425 1.14163542 0.774604857 -0.90464884 1.15088701 -0.782708466 -1.25451458
x 0.559329033 1.33276999 0.167581603 2.51681399 -0.306377828 0.967209518 -1.15634871 -0.821485817 0.355671167 -0.794317842 -1.35190082 0.859088719 0.544282854 0.118340187 -0.271408916 2.59902191
x -0.365452498 -1.56917989 0.512901425 1.64492631 0.563346088 -0.824307561 -0.10921143 0.791746438 -0.0647992492 1.32686055 -0.659150004 1.02956116 0.564647257 0.921387374 -0.043728929 -0.0882571265
x 0.0921087563 0.209112495 -2.68834591 0.476258904 -0.923330128 1.80382383 0.0177741908 -1.14554203 1.87556612 0.732020617 0.86979419 1.1069113 0.590193927 -0.587044299 -1.24543357 0.663428187
x -1.19591737 -0.0533095375 0.205674976 -0.105678156 -2.79767776 -0.71802336 -1.1960429 -0.250968039 -0.237474158 0.309368938 -1.17761362 0.665439308 0.368547827 1.21199715 0.746205747 2.18861651
x -1.38364661 0.417696178 0.425022066 -0.722263515 -0.114658147 0.42789492 0.256475866 -0.489498228 0.0242880732 -0.227814913 0.458712608 1.5880717 -1.13147223 0.474710703 1.39467251 1.53618109
x -0.757986367 -0.876202941 0.551200449 0.932355702 -0.599371016 1.34304667 -1.28018034 -1.24188733 -1.19504499 0.684074461 -0.309482753 -0.510783315 -0.507177055 -1.69324267 -2.07877135 -0.817418635
x 0.141009822 -1.54978096 -1.64521849 0.45069021 1.1145165 -0.597709 -0.965754211 0.690929413 -0.931294978 -0.424784124 -1.27626383 0.560260713 -0.0540922917 2.02341175 -1.37737405 -0.350961596
x 0.700175822 -0.274856836 1.36655188 -0.919513941 -1.16752505 0.666368961 1.27316844 0.508467257 -0.64564693 -0.9540748 -0.0750008523 -2.18555641 1.52197433 1.66900599 0.479243219 -1.57409251
x -0.894299567 0.794424593 -0.0597360991 1.53944409 0.203785807 -0.285981238 1.82469559 2.07569003 0.622229457 -0.0661898851 -0.983420789 1.81132221 -1.18053162 0.150374457 2.01028633 -0.345648646
x -0.118124373 0.697530091 -1.66732478 0.754047275 -0.831384063 -1.43670571 -0.752435684 1.81583238 -0.773789406 -1.53748071 0.577121973 -0.114354953 0.643527925 0.488856465 -1.59652245 0.765543342
x -0.538570464 -0.064465031 -0.340142846 1.18064368 -0.75916779 -0.309715331 -0.709119797 -0.106828049 -0.319938809 0.600845635 -0.703080833 0.856236756 -0.796444476 -2.44153214 0.616181314 -0.70046699
x 0.557398558 1.19264126 0.259623677 1.25188482 -0.687731922 1.02751017 -1.83144689 -0.404338747 0.701362133 0.796170592 0.347312272 0.982551932 0.840763032 0.611115038 -0.0375992022 -0.777584791
x 0.835334957 0.509999514 0.11208865 -1.08477747 1.47902465 -0.854727209 -1.72445583 1.40733969 -0.115994148 -0.100647897 0.0962967351 -0.119514421 1.03517187 -0.111121565 0.300098628 0.0330127217
x -0.0650379583 -0.681265116 0.684163034 -1.18040419 -1.35404539 -1.17713785 -0.0197782516 0.520518601 -0.34538871 2.05251741 0.238025427 0.347912163 0.496784538 1.19101763 0.42461279 1.29167974
x 0.818455875 1.32976639 -0.808573663 -1.86675107 1.55656314 -0.637823164 0.575700581 1.04712045 -0.634071887 0.50015974 0.71193254 1.22523558 0.212015122 -1.54231048 1.30401349 -0.896724701
x -1.06155944 -1.1646986 0.21526359 -0.99322319 -0.929028392 0.212296426 0.447822064 0.992683649 0.117193028 0.919061065 0.17232731 -0.949842095 -1.42639184 -0.81974256 -0.180887893 1.46945417
x -1.27073133 -0.331831962 -0.550980389 -0.316984475 -0.186277419 0.72194308 -0.642867565 0.737342298 0.635545611 1.95618641 -0.231389776 1.07308102 1.23361111 1.01445341 0.208363697 -1.8867197
x -0.347374409 -0.559752762 -0.456844956 -0.762736499 -1.3407557 -0.215430707 1.79111063 -0.213992983 0.4375678 1.48563206 -0.442758501 0.0749566257 -0.865106821 -1.35295248 1.12020206 -1.46322489
x -1.41607022 -0.669520438 -1.41803956 -1.57298517 -1.19680893 0.681644559 1.52705753 -0.571069241 1.25444102 -0.506271362 0.415996909 -1.08117509 0.997414291 -0.371293694 0.385840267 0.0877541229
x -0.726287544 0.828082442 2.13727212 -0.683450937 2.541399 0.416194558 3.09889627 -0.664557815 -0.488980144 1.28558433 0.755513668 -1.07129204 0.452053308 -0.41509527 0.734952688 -0.57824862
x -0.693261027 0.493181378 -0.704043686 -0.119884148 0.079073146 1.01543128 -0.841806412 -1.99722052 -0.772951245 0.493647993 -0.481284559 0.409640014 -0.254696399 0.846429348 -1.49502015 0.58215034
x 1.35068035 -0.527888179 1.17962718 2.03958535 1.75396502 1.34915531 0.818350017 2.42951155 -1.59117568 0.794545054 -0.190793186 0.522669435 0.552383244 -0.446669072 -0.0246664938 1.65542293
x -0.113174468 0.700021863 -0.390946895 -1.54999042 1.15848267 0.282098979 -0.0185935609 0.594856739 0.0537693277 -0.0579133108 -0.646707237 0.781898737 0.439655572 1.01977801 -1.74179232 -0.0532853492
x -0.977423549 0.587179244 0.462353915 -0.824971199 0.828687191 0.381141961 0.0264825448 -0.860300243 -0.118225187 0.190126255 0.0728178099 -0.384021908 2.02613258 -0.82061106 -0.380044222 0.312438816
x 0.782571256 0.711223185 0.825732529 0.141555995 -2.25566316 -0.740001798 0.184855759 -0.972222805 0.0585507676 2.19199491 -0.304778874 -0.722764373 0.204742327 0.153140038 -0.172290131 -0.909616232
x -0.10721267 -0.158922181 1.07923007 -2.16480541 -2.01689219 1.36824071 -0.35805583 0.317483187 -1.78742206 0.0249616373 -0.493996441 1.46458161 1.27798402 0.914473951 -0.64985925 1.1804074
x -1.05952752 -0.243498087 0.835273206 -1.08228052 0.943565667 1.23874867 0.31069532 0.878660262 0.968081415 1.76804614 0.335729718 0.0216237493 0.0431571826 1.24942946 -0.923308015 0.191218063
x -0.856595039 1.1452775 -0.178780943 0.161356449 0.363680184 -1.1852107 -1.09464467 0.925170779 2.37298179 -0.912704766 -0.894670725 1.59592819 -1.16624117 1.43381178 0.6198048 0.54239589
x 0.770496666 -1.28061557 3.17478061 1.48130882 -1.2289592 1.65254629 0.989202797 -0.587866783 -1.08595061 -0.531594098 -0.850776136 0.699268222 -0.0399344377 -0.186741859 0.413874626 0.68510294
x 1.01247239 -0.687899828 0.617143571 -1.57054496 0.612537861 1.05211473 1.93840647 -0.542716086 0.489627838 0.913610697 -0.464337587 0.307240665 -0.218469873 -0.440432549 -0.11229004 -0.171391517
x -0.0621822439 -0.479232758 0.078010954 -0.39211309 0.297957867 -0.275033444 -0.710086346 -0.670838118 2.73068047 -0.30220598 1.32591987 -0.815597415 -0.190856829 -0.241268173 0.254760027 -0.795426786
x 0.0765727013 0.590800345 1.25492918 -0.782093763 0.133993283 -2.38993549 0.124808446 -0.341111451 0.728804648 -0.531965792 1.1760658 0.0175825376 -1.17264378 0.729874432 0.6368379 0.627351224
x 0.463359356 -1.37058187 -0.109495185 1.59113216 0.679210007 0.238024503 1.35990739 0.603333414 -0.322401851 0.0921204165 -0.925602019 1.07830787 -0.127291575 0.47005263 1.68367994 -0.560740888
x 1.18966842 0.959060013 1.12271667 0.856188357 1.47502792 0.0633490533 -0.863600075 0.29463315 1.67533433 -1.26098037 0.899179578 -2.08138251 1.66622806 0.748559117 0.150743395 1.73990262
x 0.816039801 1.96993661 -0.294363618 -0.650836051 0.534065008 0.415446728 0.1793385 -0.696839273 0.524784505 -0.0941305906 -1.71757865 0.191845044 -0.0737215281 0.683620095 -1.66543055 1.37214768
x 0.294480264 0.56578809 0.341764957 -0.678217053 -0.545322359 0.814291418 -0.386233211 -1.96007407 0.080820471 0.222805828 0.249501199 0.779135764 0.777734876 -1.11287725 -1.09624839 -0.165663987
x 1.29062593 -2.28840423 -1.38892269 0.858525157 1.2536068 0.0917462036 2.03975272 -0.575875759 0.580489457 1.08801699 -0.862245083 0.423118263 0.511969447 -0.627035081 -0.040721111 -0.020598473
x -1.09786654 -0.137681767 -1.15307558 -1.45381021 -1.12916625 -0.898304403 0.117843583 -0.952437222 -1.00270116 1.43442619 -0.492007792 1.33371747 0.10857752 0.0188200567 -0.109791458 1.76482642
x -0.481243044 -2.29162002 -0.927381158 0.780828118 0.549265027 0.683707952 -0.973261297 -0.589226246 -1.16941822 0.352560401 0.394145608 1.47614932 0.396876156 0.483832777 -0.13471508 -2.28791022
x -0.0253161043 0.371538132 0.359360278 0.677624047 -0.526642025 1.49795949 -0.00560877472 0.236957446 1.34932625 0.105683409 -0.799339056 -0.447252601 -0.834613979 0.912963927 -0.850482166 -0.740655005
x -1.22242177 0.126577839 0.914665222 0.977561712 -0.432649583 1.56526983 -1.24943769 -0.0807976052 0.502335966 0.175409392 -0.550861061 1.01924026 0.0559047647 0.925897539 -1.08021331 0.78557092
x 1.74855447 -0.656183481 0.645024717 0.346049875 -0.867001712 0.356848031 -0.679441929 -1.48529387 0.512967587 0.512298167 -1.36620581 -0.339049518 -1.65043581 -0.161770329 0.0406212546 0.381189495
x 1.8098067 -1.34897399 -1.49452364 -0.894160509 -0.78442198 -0.56496197 -0.326846421 -0.593272686 0.832530975 -1.95370579 -0.499234051 -2.11455345 -1.26006675 1.00590611 1.00146759 0.0405553281
x 0.0770293027 -1.08796895 -0.106722057 0.254073083 -0.464804411 0.727079928 1.09310067 -0.431726187 0.863377869 0.15868108 -1.31472719 0.282305986 0.0937629417 2.11148739 -0.401871532 -0.773789167
x -0.207152039 -0.742178321 2.58883405 -0.849393725 1.1293 -1.27183676 -0.00786747411 1.79221749 2.34716129 -1.41780901 -0.156119168 0.966900349 0.279861152 -0.25798285 -0.753078461 -0.0703547224
x -0.513409674 1.4203105 -0.0255943667 0.232594937 -0.875463188 1.1422857 -0.661892116 0.834661067 -0.755312741 -0.552966714 0.895780385 -1.4201566 -0.542137742 0.637774467 0.382325917 -0.774005771
x -0.419320345 -0.874396682 1.89042747 -0.365463197 -0.415353179 -0.369849205 -0.0860099345 1.64084494 0.607386708 1.25507152 0.326072633 0.475878626 0.510848463 -0.657944679 1.16261613 -0.393238664
x 0.764106452 -0.942865252 -1.37553954 -0.0265135784 -0.883166552 2.46993613 -1.477705 0.059676487 -0.224450409 -2.16674542 -0.0917207152 -0.730082512 0.475142509 -0.998578548 1.82604134 0.234548524
x -1.07193613 -1.12879705 0.448252082 -1.55586815 0.768861771 -0.307812274 0.218458727 -1.45369649 -0.0413030498 2.17263842 1.76619124 1.20410526 -0.263015598 0.895945251 0.338039905 -1.26073527
x -0.117024861 -2.86281943 0.483751476 0.875403404 1.51388967 0.700274169 0.79708451 -1.10740018 1.04730988 0.656942248 0.852820516 0.871774077 -0.601143658 -0.00349289528 0.168952659 -0.19931902
x 0.78403908 0.681349039 -0.658887625 1.03406763 -0.140918761 0.133061618 -0.150110811 -0.238924563 -1.25501037 -0.447013289 -0.128129393 1.97462535 1.08043909 -0.336537987 0.184729844 1.01317394
x 1.75486577 1.85284507 0.669217169 -0.996826112 0.955837131 -0.846874774 1.61677134 0.122879587 -0.613770485 -0.747304022 0.481234461 0.226123884 1.14223385 -1.42224526 0.372055888 1.15603507
x -1.17461455 -0.334285438 -0.111900724 0.671126902 -0.214921623 -0.616834879 1.28653932 -0.156000346 1.93393433 0.682168603 0.664004803 0.147632688 0.941301942 1.41714728 0.685353279 0.620527804
x -0.298748106 0.409411937 2.41795182 1.30915344 0.305446953 0.341605723 -0.082874544 -0.370292634 0.0470574312 0.018304633 0.202834725 0.461110085 0.984649956 -0.310129672 0.308235824 -0.370786011
x -0.89188844 -0.242197871 0.0135487095 0.60722357 -0.919608533 1.30707169 -0.0119614741 0.477897882 -0.354731768 0.0901660994 -1.2192955 0.0746489763 -0.367588967 0.262881845 0.290155977 1.91319585
x 0.696048856 -0.839275599 -0.364107758 -0.463085324 2.04285383 -1.31340289 0.262383491 -1.65551734 -2.46124482 0.451423377 -1.02641296 -1.08674014 -0.203866228 -0.231045499 -0.323658854 -0.147937432
x -1.49646473 -0.457619846 0.133659154 0.378194571 -1.51718783 0.665058613 -0.306024104 -1.81603813 -0.759363651 0.154721394 -0.539129913 -0.882533848 -0.7784971 0.648710966 -0.260393053 -0.962165654
x 0.795379162 -0.847126365 0.62979722 -0.126741514 0.768575072 0.162057132 0.455808878 0.988947928 2.02890182 0.0384178758 0.0224414021 -0.365477592 1.6233027 0.420558602 0.137847111 -1.87144125
x 1.7699883 0.899589479 -0.479637772 1.00120199 -0.149951652 -0.867824793 -0.232304513 1.2318455 -0.417559147 1.12602651 1.11157656 0.2523866 -0.605937421 0.674269855 0.43020761 1.1460712
x 0.225210711 -0.059450686 0.450902373 0.232700422 -0.7993325 0.308744639 -0.011443425 -0.841223836 0.246604472 0.991471291 -0.18166478 -0.308267385 0.531828701 1.13782573 -0.623714566 -0.4992024
x 0.559890151 -1.83728504 -0.156063333 -1.29522359 -0.780619562 0.672675669 -1.68404651 -1.3527869 0.362282455 0.928480506 -1.13518369 0.614165783 -1.02129555 0.437904 0.857288659 -0.409082741
x -0.773592651 -0.207892448 -0.473695129 0.818322539 -1.71610582 0.462554395 0.0117147733 0.626837552 -0.366248399 -0.0903437138 0.438147694 -0.0636131763 -0.411973238 0.143791378 0.684182107 0.56459409
x -1.90883386 1.62203658 -0.162058383 -0.722396612 -0.667730629 -0.370867938 0.990519822 1.64134705 0.373303622 0.834768474 0.397802591 2.66702032 -0.387575418 1.24515116 -0.11570587 0.0131407017
x 1.22832453 -0.0547882542 -0.569583774 -0.40061301 -0.445457816 -0.513553143 -0.849273205 -0.666499317 2.70715141 -0.651229322 0.828608811 0.107419372 0.880844533 -1.68630958 -0.933809161 0.0427477658
x 0.261016846 -0.980797827 0.15131402 0.709775984 1.0517664 -0.367718339 -0.991084039 -0.957060635 -0.470876902 1.21324337 -0.285730839 -0.723086774 -2.19105434 -2.27257705 -0.784108818 -2.66424394
x 1.19249785 -0.613073647 -0.750654757 0.91422677 -0.0842967927 1.14448428 0.452804923 0.230154157 -0.644392014 0.480305254 -0.744701266 -0.656179309 -0.853102744 -0.721008003 0.801301777 0.342085302
x 0.577388227 -0.975154996 -2.07502174 2.48480368 1.59807873 -0.609840393 -0.752694368 -0.631062269 0.897342801 -0.16917406 -0.553421021 -1.36825228 -0.880088568 0.0739270449 -0.191284224 -0.509961903
x 1.61002004 -1.34940827 -0.619038045 0.760018647 0.535701394 0.927634656 -0.118794307 -0.642147124 0.444795728 0.193272546 0.00566358585 -0.620001554 0.426994592 0.528681815 -1.24814487 1.13072741
x -0.752268314 -0.13031958 -1.16127074 1.9237864 -1.24256313 -0.154649496 0.0648987889 -0.879211187 0.765428066 -1.30879176 0.0205714125 0.857774258 -1.82646 0.919906437 -0.278416604 -0.350532055
x -0.333959341 2.38746333 -0.659908831 -0.866041601 -1.37915576 1.04710817 -1.63936317 -0.794229269 0.171437338 0.0822106302 1.31979895 0.0186462495 0.353835762 -0.199259654 0.558199108 0.241347939
x -0.834436357 0.106143408 -1.4129709 1.1166507 0.811197758 -0.864513695 0.069508411 0.857197464 0.468842417 1.99798083 -1.16885841 -1.05882823 -0.341772795 -2.46750164 0.732191324 -1.23302579
x -0.943929613 0.510166049 0.0399076045 1.04494548 -0.367357582 -1.04974258 2.94614935 -1.48140764 -0.652444065 1.68783486 -0.534679115 -1.10196245 0.116894402 -0.272814065 0.285539418 1.09429705
x -0.37880969 0.531980872 0.234795138 1.35064209 0.152345657 1.51433885 -1.1379391 -1.19999182 -0.296850175 0.492699981 -0.426557243 1.1376816 0.814390063 0.355898857 -0.397734553 0.404583484
x -1.25748384 1.85184944 0.533414662 -0.87951982 1.81177056 0.417319655 0.0952420607 0.724484861 -1.13161218 1.37045991 -0.885133326 -1.85694706 -0.176808327 -1.02966976 -0.519930542 -0.679851532
x -0.40235287 0.915299475 0.195689723 0.232973561 -1.7339164 -0.189531669 -0.469968736 -1.7319802 2.42023206 -0.076124765 -0.646604538 -0.610824406 0.776723087 0.758750916 -0.252286375 1.04184413
x -1.09670222 -0.319995224 -0.939327121 0.105341949 -0.0331021287 -0.255370975 -0.0668173209 0.608949482 -0.604084611 -1.25633955 -0.42995128 0.662547588 -0.486266613 -0.665533185 -1.14038825 -0.496999055
x 0.905314147 0.78576827 0.0362146236 2.32679462 -0.0781933814 0.619977534 -0.613264561 -0.0557253435 -0.825561166 0.711696386 -0.618836045 0.346308112 0.32589981 -1.11215436 1.07581198 0.482164651
x -0.080674611 0.561085165 1.47234333 -1.25432503 -1.81655097 -0.725682974 0.179897815 1.01426268 0.0539752245 1.18812478 -0.17759712 -1.15510142 -1.36107457 0.26541096 0.976617157 0.951958239
x -0.587512672 -1.93025088 -0.242946103 0.147371292 -0.650555313 0.14375782 0.256528795 -0.687578678 0.482753932 -1.13957548 0.560301602 -0.632427752 1.47170126 0.511093616 0.173386678 -1.35289156
x 0.136544123 -0.743257165 0.609521985 -0.00827491749 1.46442413 -1.12433124 -1.89997745 1.11657858 0.358570755 -0.422350168 2.62126803 0.667033494 -2.34531832 -0.478597671 0.739528596 0.973498881
x -1.44329679 -0.84827292 -0.452198356 -0.494110137 1.13517261 1.47755599 -1.49382806 0.354530036 -0.828517556 1.61526883 -0.405209392 0.141231865 -0.926686227 -1.28174019 -1.01219869 0.530009985
x 0.822303653 1.73595607 0.701482296 1.47875488 0.0973994508 -1.67403305 -0.837774813 -1.1276263 -0.224700764 -1.12854612 1.03139234 1.44916999 1.46098959 -1.21980596 0.849386692 1.00707376
x -0.418875515 2.01697421 -0.480052501 0.520175159 1.15525126 0.744553566 -0.836198449 -1.13408184 -1.17452002 1.33070147 1.0486753 -0.41749388 -0.486450911 1.5054456 -1.29815626 -1.07590425
x -1.13747966 1.06704521 -0.191561446 -1.41710877 -0.0983903036 -0.642771423 -1.29317868 -0.460380942 0.619144201 -2.50133419 -0.957540929 2.32506728 0.212160259 0.924342334 0.315894455 -1.5217762
x 0.185495168 0.0135936923 -1.79915237 -0.231822997 0.164099708 0.612572908 0.0590357147 -0.634650409 0.845802188 0.949543178 -0.180718586 0.758059978 1.40549159 -0.78291446 0.642855108 -1.4714433
x -0.135787249 -1.75712752 1.51828563 -1.35101652 -1.18553889 0.444723278 0.427847236 0.532285869 -1.97929144 0.52565676 0.641737461 0.237849027 -0.594717026 -1.50964892 -0.280867934 1.03598201
x 1.14186776 0.633866906 0.177534953 0.345196813 1.27057874 -1.71364474 -0.0669942871 0.291118681 1.10674191 -0.392439425 -0.970460296 0.0453057326 0.132296011 -0.0517973304 -0.479347795 -0.928528845
x 0.395001501 1.25028753 -0.0610775426 -1.89246643 -0.68715781 0.207860723 -0.638005853 1.16692257 0.425317049 0.516143858 -0.0367858857 0.0347061716 0.0569429621 0.949869037 1.40748382 0.491453469
x -2.7112937 -0.549524486 0.244346753 0.858189404 0.172135398 -0.59875381 -1.35157275 0.716246665 -2.48007274 0.570214748 1.9773351 -0.988471925 -0.831073761 0.614011168 0.242828012 0.861140013
x -0.782905221 -0.244515687 -0.0410455279 -1.25437903 1.34465361 -0.037493974 -1.54996717 -0.67261982 -1.41409218 -0.165891781 -0.542520583 -0.83352983 0.335320413 0.321565688 0.116405293 -0.486503035
x 0.733985603 -1.24679172 -0.963318408 -0.408241183 1.81003702 1.71294713 -0.482120633 1.01052547 -0.603788137 0.175310507 0.41555357 -0.0890407264 0.0175836887 1.87217748 1.61523676 1.09941709
x 0.911757708 -1.45506191 0.299213678 0.528480411 0.642448485 -0.490721494 1.7484839 0.913407683 -0.0824991316 0.406641722 0.0363346972 0.580342054 -1.72373712 0.200753167 0.609900177 0.613819957
x 0.80077678 0.25061965 1.50129998 0.180271745 0.600498557 -0.805403829 -0.2860502 -0.750421047 0.638670623 -0.686024189 -0.534060419 -2.37940359 -0.619150698 0.13062723 -0.372615635 -1.04032862
x 0.845382154 -0.236714154 0.0525770746 -0.607947469 0.384655952 -0.105401181 0.644204378 -1.39814222 0.221335039 1.82201564 -0.385489017 0.904575467 1.59878123 0.788886487 -1.06646538 0.828603923
x -0.929039121 -1.08676434 0.756029546 0.150349826 0.339968354 -1.1389761 -0.33107233 -0.478097528 1.48735785 -0.743935227 -0.477267712 -0.509704173 -0.0167834572 -0.280409396 -0.370736569 1.27519655
x -0.780631304 0.215994939 -0.834301233 1.14473844 -0.6309461 0.510203123 1.52133787 -0.973575592 1.97079647 0.0247853771 -0.929258943 -0.246607453 0.53929615 -0.166018054 1.92309856 -0.293193519
x 0.0214318819 0.814682245 0.519430339 -0.435091853 0.980501115 1.69128776 0.0254452601 -0.421720564 0.576603353 0.277559996 -1.38355553 1.71003973 -1.43971896 -0.477950215 -2.01826048 0.392752945
x 0.130354241 0.120875537 -0.978635907 0.285630405 -0.528043032 0.314394623 -0.546126366 0.00301277498 -0.481092691 1.5383389 -0.174028099 -0.843419552 -0.389544457 0.924536884 0.590309262 1.08244753
x 0.434325039 0.735900164 0.328597039 0.467596471 -0.815861166 0.398984969 -0.50003922 -0.00192489324 -0.0921730027 -0.455677509 0.989311695 -0.563151181 -0.819291294 0.905350745 -0.284343213 -0.0139438668
x -0.952266753 0.594287455 -0.0593354627 0.20102118 -0.257471293 -0.122035719 -0.77075541 0.574248075 -0.288111269 0.988242269 1.01189029 -0.231918931 1.33745909 -1.61085141 -0.177909598 -0.704962313
x 1.15360987 -0.21801056 0.0474293567 1.30028772 0.160447806 -0.986669779 -0.219421327 -0.214770257 -0.325154394 -0.929308176 -0.355655193 -0.260336637 0.0812133327 -1.52518713 -0.0475924239 1.62713552
x -2.25544786 -1.30500448 1.83716023 0.653906167 0.39507249 0.0761990771 -2.60441566 -0.396499485 -0.530452311 1.21234226 -1.6405642 1.26269686 1.03331101 1.17825806 -2.235672 1.0125016
x 0.878168285 0.538719237 -2.59752154 0.245944068 -0.62019676 -1.28469622 -0.0664912611 0.793038964 -0.33221069 -0.514777064 -0.276532531 -0.773925364 -1.41302073 -0.134981453 -1.67566919 0.977374077
x -0.543310702 -0.526469469 -0.00622881716 2.28669 0.542474747 -1.04103756 -0.632176757 -1.08877695 0.837829173 -0.0962775126 -0.264420301 0.686346173 -0.167970583 0.673312724 1.20587826 1.28428519
x 0.0310725365 -0.0720318779 0.366797924 -0.909658492 2.236269 -1.2224158 0.134537131 -0.0141979773 -0.424732059 -0.124031343 -0.795913994 1.03108203 0.620113134 0.290596336 0.398330152 -0.66022402
x -1.01832592 -0.432323664 -0.204313233 -0.330168068 0.309276044 -0.470358312 -0.0804734826 0.705531538 1.22575271 0.6233114 0.356802583 1.20925272 -2.31038308 0.267762274 0.241787806 -0.363256961
x -0.562911451 1.01393688 -1.1263423 -2.70385051 -0.433017522 -0.0671956316 -2.73527956 -0.397300124 -0.769084275 -0.0528620109 1.46309149 0.745306969 -1.45367146 -2.8768301 -1.62479198 -1.0884248
x 0.019649623 0.193685248 -0.192820758 -1.41415536 0.0196624789 1.46070313 -0.599185109 1.16539991 -0.4597525 -1.05528724 -0.141231716 1.50678766 0.932360709 -0.430177182 0.4562352 -0.158468187
x -0.42017886 1.1462841 -1.81916642 -0.20035252 0.0689498112 0.429345697 -0.552009821 0.762591839 0.16143924 -1.93206239 -1.03674197 -1.59060335 0.735984981 -0.506740272 -0.72533077 -0.551943779
x -0.871355295 -0.889219105 0.0695073605 -1.37659681 0.0588634685 0.158016443 1.65779746 -0.772971809 1.87644792 2.79631114 0.678254068 -0.582180202 -0.337947726 -0.131876618 0.352138072 -0.933811903
x -0.0040457095 -0.577461898 -1.24171209 -0.710241079 0.916184425 0.819987059 0.328847647 -1.34914064 -1.77438986 0.474963009 1.64456177 -0.296058178 0.756378412 0.344065875 -0.988375247 -0.26842773
x -1.16391909 -0.239870131 0.727139533 -0.393983215 0.399464339 0.813475013 -0.900943995 0.678487778 -1.07884312 3.13713956 0.634473026 0.068227917 0.366584152 -1.54056621 2.32425952 -1.29694891
x -0.301205218 0.746992171 -1.96600604 0.583486557 -0.161886618 0.622688711 0.222056568 1.67238319 1.56860292 0.255196869 -0.0856123567 0.671890497 0.534018815 -0.196547419 -0.0849099234 -1.93031514
x 0.558793843 -0.10019093 -1.60582459 -0.904221177 -1.91887581 -1.67679918 0.276760399 -0.80011481 0.0622461177 -0.661784291 -0.416313529 0.324683368 -0.803583503 0.951674044 -0.550412059 1.0322156
x -0.00769147929 -1.11971438 -0.882367909 1.10236573 0.656670749 -2.67255092 -1.98518217 -0.259731114 0.687302709 -1.87022769 -1.95550215 -0.422067583 -1.14732432 -0.539285362 0.118068062 0.0080608204
x 0.0799487159 -0.40729183 -1.55726588 1.76163697 0.0871030837 -1.73280597 -0.370658219 0.997767687 0.596005321 -0.612490773 -0.551266849 -0.445440143 -0.329857886 0.513775289 1.02648604 0.0419304222
x -2.13486123 1.49056149 0.209993169 0.550234139 -0.23285611 -1.18512356 -0.167778999 0.74083519 -0.600053251 1.56733096 -1.6976217 -0.261134207 0.530712306 -1.23656368 -1.64904094 -1.30416989
x 0.628294706 -0.389763683 -0.0642793998 2.75095224 0.197313726 0.805728137 -0.625953615 -0.647061586 0.936450422 2.10483694 -0.504859388 -1.73667693 1.05407786 0.7387743 0.371446401 -1.45157814
x 0.360484958 -0.663107395 2.59954619 -0.646358252 1.25455475 0.498585045 -0.872419119 -0.882584989 1.5240202 -1.44420016 -0.482022554 -0.624017119 0.719377577 0.487722784 -2.52987146 0.850962639
x 0.153068036 -2.80793929 -1.7200489 1.09290719 1.3960824 1.54600275 0.194868937 1.64269924 -0.631263673 0.134218648 -1.54969561 -0.890000582 0.448082626 1.55213428 0.577735901 0.216811568
x -0.916024804 -0.255830616 -0.507742345 1.48697793 -1.53403735 -0.502671063 0.307445586 0.121664077 -0.594584465 -0.140705958 -0.550183415 -0.847002804 -0.137910649 -1.74783504 0.304782152 0.660468876
x -1.1109854 -0.691647053 -1.00601602 -0.652422786 -1.80931151 -0.0017611013 -0.262127578 -0.150069252 -0.557807326 -1.36683226 -0.143951833 0.308977991 -0.683740675 0.520608902 -1.19055974 0.971722722
x 0.792179942 -2.52016926 -0.32550922 0.929735005 -1.3623246 0.219851017 0.489106327 0.0213323031 0.430452257 -0.257041991 0.241820827 -0.169695094 -0.349926144 0.212318659 -0.452146471 -1.08751106
x 0.716671288 0.823342264 0.808722854 0.0321977921 0.405947834 0.841175199 -0.563509345 0.860720217 0.859775662 1.6242677 0.412664682 0.025252169 -1.53704643 -1.49622679 0.223045006 -0.971007109
x -1.66508913 -1.307392 1.00509095 -1.03301644 -0.273200482 0.7888304 0.315728426 0.476620346 -0.602528811 0.558986545 -0.961782396 1.16644335 0.11863789 -0.75286901 1.65488398 -0.417648792
x 0.393936306 -0.843155563 -0.564815462 -0.807421327 -0.109174035 -0.340467811 0.435838282 -0.305843383 -0.84858495 -0.803617716 1.09929323 -1.81568062 1.16891241 -1.31866097 1.09116793 -2.14372325
x 0.488407195 0.0209978241 0.628105998 0.139993101 0.769253612 -0.915391445 1.40784109 -1.45164835 2.51061201 -0.763616204 0.00241434644 -0.898652196 -0.116077468 -1.31834686 0.407407969 0.15540731
x 0.323594719 1.12646544 0.137012646 0.576463342 0.250488192 -0.730331123 1.53068328 1.31799507 0.938302696 -1.34769988 0.0314441025 -0.654843926 0.083848007 -0.332064807 -0.394860744 0.226910442
x 0.34131217 0.574444592 1.21897256 2.78266883 -0.170679078 1.63975167 -0.577364326 -1.17111993 -0.0269077942 0.70811826 -0.628035784 -1.0561409 0.578014255 0.220831171 -1.18874633 0.36298424
x 0.570411503 0.205916196 0.350664079 0.349284112 0.357429177 0.82431227 0.68916297 1.25290799 -0.491461277 -0.300139934 -1.20953929 -0.552066207 -0.399741858 -1.07051742 0.555650771 -0.533430517
x 1.68120968 0.409635961 -0.0842333362 0.175789535 -0.50484401 1.40517151 1.50986326 0.945926189 0.547555387 -0.487212777 -1.31398022 -0.469438672 2.14261627 -0.792187452 -0.248425618 0.383352399
x 1.34397078 0.76015681 0.0558229275 1.68455672 0.415400475 -0.779348254 -1.36259139 -0.986367404 0.705782771 2.10227942 1.18330002 -0.326499164 0.40435189 -2.62255645 -1.04888844 1.56266117
x 1.52250147 -0.685488045 0.426805794 2.53898644 0.3108446 0.281844974 0.962861419 -0.833260477 -1.99721897 -1.86015677 0.159803599 -1.18930924 -1.02860057 1.05437756 -0.34005478 -0.576016307
x 0.757546365 1.10328805 -1.46338582 1.64554417 -0.569401085 0.199384555 0.248015985 0.041294232 0.430945039 -0.882413685 -1.07652223 -0.176668271 -0.411943078 -0.672244906 0.524865508 -0.189114422
x 0.68985033 0.693206549 0.907964408 0.295989126 -0.19981496 -1.26058245 0.749229014 0.244763762 -0.336879194 -1.56725645 -0.333873421 -0.00658001797 -0.491537601 0.399740636 -0.786481261 -0.318066239
x -0.43089664 0.80736804 0.60712415 -1.3994503 -1.18706644 0.0941369981 0.000340641651 -0.444487572 -0.0286399331 1.68365979 -2.23305678 -0.682501018 -0.496487141 -0.279104233 -0.950387836 -0.801555693
x 0.33792159 -0.3945207 -0.164495766 0.558666885 0.205097899 0.913625479 -0.0333401673 -2.21285748 1.11861777 -1.59797287 -1.82201517 0.951961398 -0.602936447 0.249261752 0.860466421 1.02468038
x -1.29794073 1.51134634 0.391323179 -1.52058375 -0.272687823 -1.87651527 -0.353136837 0.487565577 0.198557273 -1.05788171 -0.896290898 0.633701205 0.339398116 -0.648118675 0.547359705 -0.271504194
x -0.433382809 0.465348959 -0.418084145 0.772619545 0.321609437 1.19462705 -1.12219477 -1.39254689 0.140826732 -1.86011851 1.23542738 0.0586607754 -0.694702208 0.749074519 -1.28818202 0.589539587
x 1.09685409 0.313508242 0.103665128 0.743576825 -0.359167069 -0.383592039 1.09244227 0.965251863 0.376140535 -0.0618742779 0.611174166 0.57790792 -2.08792758 -0.620912969 0.839031816 -1.1065321
x -0.396229029 1.23740697 -0.438432097 2.08010364 -0.590415716 1.54081321 -1.13870358 -0.286026627 -0.047327783 -0.142673537 -0.0750072226 -0.266183615 -0.723903358 -0.654478729 -0.709801912 0.00525333919
x -0.481092662 -1.08146012 0.279522657 1.46602809 0.577603281 -1.20454299 -1.005777 -0.0958430693 0.344394982 1.09383857 1.01309586 -1.19122982 -0.966879368 0.813999534 0.0148882866 -0.222794443
x -0.365994602 -0.165423036 -0.739937425 -0.525982201 1.60634983 0.907601178 -1.26861143 0.220804721 -0.363985181 0.509884775 -1.22498703 0.998365641 0.404069573 -0.673062503 -0.0048882179 0.461136103
x -1.15249944 0.865103424 -0.362472624 -0.529962063 -1.35658598 1.36184537 -0.267805278 -0.366654992 0.322519302 0.120536499 1.00931609 -1.38635159 0.268947691 0.329808682 1.10453689 -0.419173926
x 0.0698777363 -1.06798089 -0.0386196189 0.683574259 0.773333132 0.677912593 2.01334667 -0.159592599 1.35332608 0.229141563 -0.435029805 1.63867438 0.760344207 0.941722751 -0.77029556 -1.12847793
x -0.983927011 -1.0256983 -0.631725967 0.340277791 1.87163007 1.6121757 1.20896232 -0.0859208405 -0.0536266342 0.287420571 1.23549724 -2.03943563 0.293009043 0.400262833 0.488490969 -0.496471584
x -1.30956709 0.236489624 1.38132024 -1.21238732 -0.366284341 -1.02498579 1.56982887 -0.806810856 0.530429721 -1.98742878 -0.190091848 1.52911913 1.2717725 -1.19666028 1.77480996 -0.324915946
x -0.319346607 0.344971567 -2.11791801 0.0416198596 0.242747501 0.829474151 -0.693738103 -0.494607657 -1.45534956 0.0625467896 1.02256739 1.36903441 0.703594983 0.793389738 0.387515247 0.270599008
x 0.741508126 -0.906213999 2.30264139 -0.996568441 2.20705795 1.05068552 1.35044146 0.317514449 0.650376856 -0.380311012 -0.634763062 -0.866069317 1.34591937 1.0093919 -0.231686205 -0.176747471
x 0.769383907 -0.545099676 -0.812112153 0.0314188078 1.47446549 0.43142578 1.4555397 -0.444474459 0.972200751 0.126450717 0.212960005 -0.371212274 2.14489412 -1.48211968 0.0417604893 -1.44011867
x -0.455232441 1.02049482 -0.435649633 0.157546416 -1.43273282 0.925597608 0.529911876 1.28594875 -0.68534404 1.08547843 0.394682318 -0.588493824 -0.340783268 1.48567212 0.806313455 -0.488361239
x -1.64881968 0.256799966 0.990246892 -0.941664159 2.11605716 2.79326892 0.563479424 -0.958851993 -0.355434746 -1.55712736 -0.234774232 -0.166653991 -1.28713024 -2.16625237 -0.556067407 -0.612775743
x 0.844821513 -0.365144134 0.522475302 -1.66072869 0.142535001 0.69887656 0.0914061442 0.0608750395 -0.57570833 0.481954038 0.303204209 -1.26240206 -0.458675563 -0.150690243 0.0230445303 -0.352464706
x -0.152532652 -0.124079324 -0.436677516 0.230502293 -1.89140236 -1.07252574 0.289052129 -0.89227587 -1.36289966 0.213610768 0.357408911 -0.0159688368 -0.987167716 -2.18199015 -0.23203522 0.769044161
x 0.16124922 0.15547502 1.73059928 -0.803418458 -0.332966387 -0.0924074054 -0.175867677 -1.37508082 -1.97853661 1.65948296 -0.285124958 -1.32193196 -0.121462375 1.08834851 -0.0599127337 -0.314140528
x 0.401659042 -2.42453909 -0.0980751365 -1.16886759 -0.260588974 -1.11999822 -0.0917508155 -1.2294575 1.13220739 -0.904329717 1.23697364 0.500206828 -2.00845838 -0.984174132 1.81325138 0.286081463
x -0.740215123 0.292425007 -0.727586687 -1.63505018 -0.181877106 2.32132745 -0.607423961 -0.614593446 -1.7032541 -0.519301772 0.550208628 -0.234108031 -0.504999578 0.703279495 -0.610774279 1.21505034
x -0.345317185 -0.419418573 -0.44793874 -0.298228294 -0.812110305 -1.91099977 -1.79472935 2.14783359 -0.0233802833 0.706903458 -0.666690767 -0.406759411 1.91098952 0.276533484 1.01198936 0.0786379203
x 1.13865983 1.17372847 0.479680181 -1.49524033 1.09980559 -0.794930518 -1.03991616 0.316707879 1.9709779 -0.9378708 -2.14708352 0.866280854 -0.0627410784 -0.721452117 -1.95519996 -0.426544428
x 1.60931516 1.36028957 1.83019626 -0.289976031 -1.02728534 1.17225099 -0.22116527 -0.949009597 2.25562763 -0.02360842 -1.22728872 1.22319674 -0.445285916 0.686407268 -0.16926606 0.0740730762
x -0.352167517 1.33152425 0.476432592 -0.0766479298 1.72062492 1.61951435 -1.1374222 -1.34407508 0.265170544 -0.418392509 -0.562761784 -0.940531909 1.55631709 1.52909184 0.23856695 -0.312851131
x 0.265731573 -0.00115232577 0.157489702 -1.52780306 -1.02752674 -0.395016074 -0.0878059417 1.20828497 -0.0897549242 -0.172766134 1.10317564 0.243012711 0.0195369273 -1.01000392 1.23903739 -1.17624271
x -0.181288496 -0.288899451 -1.77729607 -0.0279560927 -0.713329196 0.528477132 -0.272624612 0.610583127 0.618190169 -0.500792265 0.317415148 -0.877155721 0.344847143 0.522290528 0.858224034 0.955260754
x 1.28696465 -0.282090664 1.07208586 -0.644918799 -0.733351052 0.510049284 -0.136095151 0.710021734 1.0617485 0.289849073 -1.57148635 -1.3748945 -1.4637661 0.159160197 0.613906443 1.49487996
x -0.473825932 -0.70971185 0.854630888 0.840251267 -1.31182647 0.201459125 0.0568397045 -1.24912262 0.471185416 0.0256824363 -0.915354013 0.0276555568 -0.628283083 1.89550173 -0.100763515 -2.6129663
x 1.45812917 -0.903397739 -0.00361205963 0.272740185 0.166776314 2.02056694 -0.100952692 -0.962697923 0.0713497251 -0.190862179 0.941444576 -0.252570182 -0.814080894 0.12227983 -2.46424627 2.62052536
x 0.0349239446 -0.642244577 -0.382373095 0.505472004 -0.701927304 1.14781988 0.21542801 1.20956457 -0.193496957 2.25425005 -0.215072647 -1.09865093 -0.0625824332 -0.704874456 -0.450737298 0.43901211
x 0.440232903 -1.18555713 -0.477414161 0.904984832 -0.893238306 -0.136142477 0.547955453 0.724094391 1.24759495 0.817304492 -0.295043051 -1.03235781 -0.474862427 1.30277491 -0.490613788 0.0984697938
x 0.833585083 0.169774756 0.425123602 0.0776019543 -0.36115557 -0.926014483 -1.15808904 -0.11427746 -0.686383963 -1.74461508 1.0147301 -0.549530804 0.196824774 -1.45115924 -0.0176524483 0.793897331
x -1.35899282 -1.25451529 -0.417937666 1.38985443 0.500087082 -0.847493291 -1.03986299 -0.227704659 -0.514660358 -0.420201927 -0.566383839 -0.179206893 -0.584735036 0.167191997 -0.204636484 -0.174710944
x 1.18425918 0.0726284385 0.502662301 -0.445138663 -1.08222115 -2.43309498 -0.516262174 -0.0907739475 0.505474329 0.14888075 -0.731125891 -0.507745922 0.512136877 0.568448424 -1.77956641 -2.59286451
x -0.16705586 0.987745047 1.26671624 -0.238254502 0.284535497 -1.90713811 2.76684213 -0.0305955652 -0.280504704 0.45468533 1.61230791 0.161841646 -0.595918775 0.883708775 -1.41539502 1.78891921
x -1.20333397 1.59921229 1.59630203 0.850143611 -0.42956239 -0.358521283 -1.38443327 -0.0896475315 0.512758076 -0.310880363 0.182354301 0.142622709 -0.782344997 -3.50175261 1.2963531 -0.218804464
x -0.889563799 0.018011434 0.257180989 0.404877156 0.983214021 1.46437073 0.0870512873 -0.627074599 -0.951988518 -2.03613186 -0.00808477774 -0.0267885718 -0.828761995 0.906927526 1.19765425 0.933330417
x 0.640060246 0.773777127 0.0430927351 0.690215468 -0.546785951 0.181419343 0.302151501 -0.966514051 -0.426249504 -1.04641116 0.167124152 -0.409353495 -0.543163061 -0.508857906 1.13358736 0.788575888
x -0.567179441 -0.298167735 0.778766513 1.11433291 -1.04644465 -1.03579688 -1.49571836 1.21511281 0.612689495 -0.78790158 0.046147421 -1.4797864 1.52994013 0.481853157 -0.582572877 0.998845279
x -2.11339021 0.10573376 0.285366446 -1.35475993 0.618705153 0.25102827 -1.07317865 0.0238009132 1.10929918 -0.415309906 0.0467397906 -1.17789817 -0.770895839 -2.1678791 -0.373576939 0.90375936
x -0.436751932 0.0434093662 0.314353257 -0.0416577868 -1.49042511 0.769872308 -0.568264484 -0.0306950267 0.223618358 1.40628803 -1.09187806 -1.07141256 -0.859768569 -1.20351303 -1.85846639 1.40565944
x 0.617225945 -0.208502412 0.260007709 1.03269637 2.44334698 -0.567152083 -0.561592281 0.243148312 -0.298771083 -0.883288324 0.0427571647 -0.926915944 0.14401792 -0.165134758 0.767277658 0.483473837
x 1.95269454 0.907021046 -0.922223985 0.129383951 0.21432887 0.278224081 -0.492799819 -0.949962199 0.962756693 -1.49098849 -1.01760268 0.132444352 -1.85032523 -0.310033023 -0.210303769 0.365790904
x 0.219170123 0.864141643 -0.025714444 -0.0491235219 0.398329824 -0.920402706 -0.0213171206 -1.71611845 1.06747556 0.442954272 -0.402361393 1.22162437 -0.253163099 0.615886092 2.71371531 0.330507666
x -0.376068056 1.83787429 -0.0731881633 0.221556768 2.85589027 -1.63690794 -1.70347166 0.696672857 0.597547412 -1.92595065 -1.13799691 1.41080117 -0.170846745 1.02145481 0.656408906 -0.847245336
x 0.292605221 1.32172608 0.67971909 1.08062243 0.0465303175 -0.308680475 1.4039613 0.00889828615 -0.563042104 0.205369204 0.448324889 0.722047985 0.0647117645 0.056360282 -1.94427013 0.765227854
x -1.35158551 0.304896653 -1.15756893 -0.244885683 -0.563599229 0.162328064 0.772074997 0.147057801 -0.54962039 -0.514963865 0.417977571 0.128115669 0.712426364 -0.0252461266 0.285096556 -0.499650538
x -0.771704912 1.14184201 -1.57115459 0.469642252 0.532149851 0.821092844 0.338415325 -0.268706679 -1.04785025 0.073128365 -1.20454192 0.160374716 -0.966196656 1.12615108 -0.683614492 -0.129624873
x 1.19720197 -0.521486461 1.37886047 -0.481479555 -0.15348576 -0.114902861 0.452187568 -0.395693511 -1.5030483 -0.889621079 1.73593426 -0.852947354 -1.25009406 1.09105468 -0.696353316 0.11288739
x -0.169050083 -0.206175849 -0.117366277 -0.631556928 0.444124281 0.533477068 -0.845663667 -1.69045365 0.131039709 0.170603678 -0.0584536828 -1.1136533 0.471526116 0.362720758 -1.50881171 -0.286706269
x -0.113502562 -0.414660186 0.333946049 0.685681224 0.256538153 -0.938045681 0.591084361 -1.11553514 1.76127529 0.403214008 0.129092172 -0.253682971 0.549562097 -0.571434677 -0.325748593 -1.85212064
x 0.163385957 -0.222753569 1.78261375 -1.21245158 0.278037637 1.03374147 -0.44006741 -0.155126199 0.233318478 1.75908506 1.39658916 -0.498661011 0.441114217 -1.09325647 0.509318531 -0.242413089
x 0.0380207784 0.396143734 2.3812201 -1.42029333 0.188282967 0.303458005 -0.696202576 0.516735613 0.645539403 -0.63164264 -0.26823768 -1.39389288 0.344682872 -1.93996668 -1.0593375 0.0663202479
x -0.229914442 -1.86194801 1.08556187 0.499580979 1.12963665 -0.292367876 1.58816743 -1.02311313 -1.22866356 -0.968747258 -1.93563128 -0.599144161 2.1030941 0.517930567 0.844582856 -0.489044756
x -0.426023036 0.672309101 0.515789032 1.37362838 -0.58851558 1.15659153 -0.288861334 -1.58975434 -0.833403885 -0.811473787 -0.0326215774 -0.556206524 3.09886408 0.149774149 0.488268197 0.588573039
x -0.608550131 2.37213397 0.036076922 0.738316357 1.6163708 0.259893566 -0.276788473 0.508428395 0.470698953 -0.758508265 -0.9375211 0.292431325 -0.411081702 -0.15113619 0.321266383 1.17178237
x 0.117891215 1.73481536 0.796555579 1.1421901 1.46293128 -2.68127799 0.731704533 0.263557374 -1.26790428 1.19751108 -0.851672232 0.522412241 -0.96296829 -0.637542129 -1.01196003 -0.520158052
x -0.40150252 -0.868030787 -0.334100217 -0.42644009 -0.416725874 -0.195966288 -0.562546372 -0.577492058 0.216249391 -0.107254893 -0.194387987 0.861268222 0.709808886 -1.17026198 0.548406065 -0.0234908294
x 0.247352421 -1.48714674 -0.320014209 -0.501209259 0.242311776 0.540358782 -1.70480466 -1.9351263 -1.5235045 0.761072755 -1.06199121 1.42765212 1.60737312 1.19083607 0.706398666 -0.0896964222
x -2.38428283 -1.50191283 3.90224624 -0.111314535 -0.544309914 -1.126899 -0.845173419 -1.02505672 2.1115272 1.10274589 -0.137871459 1.043926 -0.582971334 -0.443177104 0.105269134 -0.877904654
x -0.76376003 0.0634370372 -0.836858988 -0.0648598969 1.10862064 -1.60656655 0.321331352 -1.03191936 2.98823428 0.705857694 0.331446797 0.904673219 0.579587162 -0.838697612 1.07876194 0.222607315
x 1.03588641 -0.738830805 1.18495774 0.542017519 -2.17611623 -0.220462009 -1.34857392 -0.801273882 -0.240737677 1.18400192 -1.21717453 0.607878566 0.35439235 0.129975408 1.60244358 -0.282193035
x -1.85419679 0.766735077 0.511127055 0.651607752 -1.4483453 0.514460921 -1.65119362 -1.85163605 0.951979399 -0.42457068 0.277069032 0.94683826 -0.837215006 0.400623709 -0.213843212 0.449765474
x -1.46116388 -1.17966938 -1.36136508 0.909283221 0.323915988 -0.376278669 -1.77348208 0.168995157 -0.426882267 -0.108649194 -1.76260233 -1.61429274 0.52212441 -0.20761317 -0.118798867 0.662029505
x -0.621854484 -1.18776107 0.252779543 -1.2096802 1.05267179 -1.0059731 0.000105034102 0.698003054 0.10111776 -0.519152999 -2.1633966 0.421623051 -0.956663609 0.0386074744 0.862776637 0.838408232
x 2.18975639 1.10582113 0.731844664 -0.188873559 0.116315983 -0.570059061 -1.8511523 -2.38207102 -0.987015724 1.20484972 0.746288657 0.258947909 1.1452651 0.267931163 -1.15152168 1.70966506
x 0.114007555 0.282285661 0.613981783 0.0810436457 -1.21336019 -0.816870153 -1.11446559 -1.35278869 0.61277914 -0.0214716867 1.81948841 1.21347797 1.13806272 0.338914424 -0.270572364 1.07682741
x -0.282531351 0.658729851 0.195521057 -1.07405496 -1.92116916 1.38994813 -1.56266797 -1.49902546 1.57443404 -0.657761157 0.627803445 1.76767492 -0.19694078 0.0159147494 1.4329493 -1.21729159
x -2.03977633 -0.949866831 2.4589715 0.376191616 -1.073048 1.23191345 1.98973584 -0.240660682 -1.37001312 0.495897889 -1.06050122 -0.786030591 1.64090061 0.531576037 2.99410391 -1.66074288
x -1.48589242 -0.579300404 -0.191959605 0.222279593 -1.45566761 -0.747972727 0.121559359 -0.0499609411 -1.28634238 -0.468979537 -0.469965249 0.791258812 0.851451755 0.317143649 -2.08407831 -1.20770872
x -0.70653671 0.410359979 -0.418209165 -0.0573301129 -1.03205526 -0.174035147 0.68779856 -0.872942448 0.384695649 -1.56232035 0.0845857412 -0.243328184 1.58995771 2.07414913 0.301472247 -0.404489905
x -0.0762524977 -0.53597182 1.67531765 -0.337287784 -0.121784486 -0.533473253 -0.173676178 -0.724561691 -1.691365 0.847377598 -0.41714406 -0.359957606 -0.638337791 0.786883295 -0.622530401 -0.0697031841
x 0.965057254 -0.528448522 0.153471366 -0.827516079 0.602676988 1.15124536 -0.0863872394 -0.0241761617 -1.33119059 0.049962189 -1.58849478 1.3032999 -1.6197263 1.5314337 0.899014771 0.821598351
x 0.776916623 0.365443379 1.765082 0.621135294 -1.19971693 -0.140629858 1.28989172 -0.864383101 0.169467539 -0.736294568 0.0392253287 -1.07020569 0.208166465 0.338772297 -0.68652308 -0.073963277
x 0.150695741 1.93846691 -1.1100744 -0.882731736 1.86064267 0.384762168 0.127938583 0.833981514 0.388074428 0.845148683 1.61600149 -1.15484989 0.931129098 -0.876120687 1.07017124 0.451518178
x 0.133388311 -0.938776731 1.02243078 -0.591185987 0.295061231 0.460028917 0.0848055631 -0.220359251 1.12320256 -1.36326647 0.0960065424 -0.567263842 0.418162674 -0.84433043 1.26965249 0.794925869
x 0.799209058 -1.47849751 0.322362125 -0.35396409 -1.32719362 1.69508719 0.209542781 -2.30616975 0.373605222 0.916228175 -0.775294185 0.0678536072 0.501625359 -0.131762594 -0.296255827 0.438540459
x -0.503466845 0.416830003 0.145150617 -0.415869236 0.371923566 -0.126971185 0.314784855 1.01416302 0.371395528 -0.660512567 -0.38433674 0.124072805 0.340649515 -0.426695198 0.739853621 -1.18422043
x 0.921072423 -0.531300664 -1.57471812 -0.696833491 -1.49292374 -0.86468637 1.49006569 0.430217385 0.149604186 -0.528911889 0.806926847 -0.914907157 -0.381339073 0.473077625 -1.4622426 0.357043684
x 1.1601913 1.14006722 0.463796288 0.914182723 -0.985320091 0.155280232 -0.872359991 -0.0780362338 0.2383973 1.15422893 0.180382535 -0.578052104 0.112623729 0.196956784 -1.51308978 -0.981670141
x 1.06086898 -0.502783477 -0.275835514 -0.840674996 2.66070628 -0.894988894 -1.44909298 0.402127445 0.027635064 -1.02702415 -0.0607441254 0.580777705 1.14161444 0.812512696 -0.515831172 -0.500653803
x 1.85452998 -1.10445511 -1.93083763 0.182624206 -0.250018924 0.016384393 -1.01449025 -0.924083412 -0.968893409 0.00865391362 0.583232939 0.760623634 -0.248701334 -1.13672519 -0.135822624 0.949636996
x 0.745652556 -2.67821836 -0.502456605 -0.256886005 1.69940817 -1.53799081 -0.0629981607 1.57233977 -1.13363016 0.0199416261 -0.290556312 -0.612736225 0.423057318 -0.530030668 1.78961074 1.98012853
x 0.809761584 0.563310862 -0.112388536 -1.36815548 0.795275867 0.284637958 1.00624228 0.0853196308 -0.21245636 0.609724998 0.0509226173 -0.130473241 0.614468813 0.823677838 0.0576930158 1.19783366
x 0.939544022 0.240834966 0.811491013 -1.55566025 0.504634619 2.23024821 -0.671621919 -0.453536004 1.6236558 -0.281880796 -0.732389331 0.0362497047 0.593587875 -1.03836405 -0.00898862444 -0.301507145
x 0.569725156 0.974434078 -0.0801184773 0.307850569 0.958554387 0.144908607 2.0761323 -1.51463866 -1.08346474 -0.0789279267 -0.670245886 1.16158307 -0.191213667 0.865452886 1.39606822 -0.969874859
x -0.871747375 1.18567955 -0.67377311 -0.082911931 -1.10457504 0.88615787 -1.346843 -2.53736067 0.75663662 -0.936366439 1.86053276 0.295079887 -0.297206551 -1.62038445 0.253943115 -1.08158183
x -0.0597297549 -1.46267903 1.12198293 -1.51244903 -0.704374433 -0.130961284 -1.60564137 -0.173372895 0.933853805 -0.292550117 0.899825871 -0.83023113 -1.12282741 -0.63496691 -0.00282756705 0.636689126
x -1.11029279 0.300139546 0.11609973 -0.648013949 -0.636453271 0.485924959 -1.24826455 0.299833179 1.29414511 0.0543273017 -0.439503521 2.15894032 0.727252364 0.148419857 0.232381701 0.102260351
x 0.474652916 -0.221961409 0.80908823 -0.3183285 2.61836052 -0.683057666 -0.736823738 0.00968272146 -1.71594715 -1.07216358 0.356557429 -1.02805901 1.99865174 -0.513243198 -1.11157358 -0.0218892861
x -0.39856559 -0.540973544 1.28885174 -0.381648242 0.326402903 -0.098911345 0.613132536 2.0460012 -0.268089563 -0.0813649297 -0.279258609 0.294033408 -1.82559109 -0.915278792 -2.21982265 0.811537087
x -0.0555730276 -0.50083226 0.947472215 -0.161333457 1.23175895 -0.967553973 -1.30268264 -0.575942039 0.2496344 -0.777745605 0.0330812261 1.11058378 0.0105814906 1.97150636 0.262072504 1.65104949
x 0.237362579 -2.68495893 -0.269998491 -2.49694991 -0.939207315 -0.00468160538 0.458293557 0.803370416 1.61768579 0.0613486134 -1.36754954 1.22386777 0.136569053 -0.546840787 0.348050952 0.987049639
x 0.210785151 -1.54377139 -0.103359751 1.60687554 1.31435871 1.25572956 0.111786157 -4.49411726 0.310406417 -0.33144331 0.792184353 0.485859096 0.429664671 0.0793935657 0.216402188 -0.104467578
x -0.952755392 -2.03386354 -1.04363751 0.36642316 0.315405577 0.250494748 0.236618817 1.41946328 1.13415635 -2.30899405 -0.997370362 0.346959412 1.03165519 0.428002447 -0.134287685 0.109896936
x 0.0347235911 -0.603785217 -0.913238883 0.15959464 2.72769833 -0.00330529897 0.0197628886 2.34128761 1.18779564 -1.41558528 0.0715299547 -1.65883207 -0.166020155 -0.385816544 -1.05010271 1.72519267
x 0.835053265 -0.53927803 -0.963689625 -0.0982723087 -1.15663207 -0.35868609 0.666994274 0.103202395 -0.0076200394 0.757702768 -1.70698643 0.407193869 -0.165162876 0.172830626 -1.85417688 -1.23568034
x -0.11666052 2.59034109 -1.49780202 -0.485620081 3.26434708 0.205881819 1.00822985 -0.224428713 1.77927017 0.469946474 0.473958194 1.17553604 -0.503478229 -0.120370351 -1.10735095 1.38031256
x -2.33774638 -0.18506828 -0.926099896 -0.232815325 0.5537799 0.639082015 0.91467756 -1.60493231 -1.3514353 0.829529822 -0.382573932 0.482066393 -0.0811478049 1.82968152 -0.660722613 1.08493268
x -0.785684884 0.481164902 0.935394466 0.0207187049 -0.915205121 -0.740140021 -0.256790757 -1.22871244 0.00762300985 0.0476557799 -0.386433095 0.996103764 -1.44197047 -0.189733252 0.409661263 -1.72024596
x 1.28904557 -1.37329209 0.551879227 -0.479127675 -0.31054762 0.65748322 -2.0553329 0.112065181 1.51635075 -3.18574119 -0.662758827 1.33472884 -0.543110907 -0.0940586999 0.0436029732 -0.116323888
x 1.43037355 1.25085258 2.09377503 -0.46114856 -0.781900942 -0.563376009 -0.518901169 2.42479968 0.48807922 -0.512724638 -1.50533748 0.641919672 -1.38393569 1.2003895 -0.42107451 1.14548957
x 0.0784629509 0.557920396 1.68914449 -0.275412381 -0.252379179 -0.208644688 -0.818677843 0.235603184 -0.148371845 -1.16478133 -1.42466795 -0.43427664 0.959548831 1.47968578 0.523805559 1.2483263
x 1.59351289 -1.64919841 0.507207394 0.736049414 -0.737726092 -0.0444880165 2.56893849 0.272594064 -1.35155332 -0.143138126 -1.8269136 0.627924383 2.37970877 0.200919464 0.58052963 -0.394712955
x -0.251180768 0.833931863 -0.247169852 -0.535071433 -0.35729298 -0.625874698 1.07022703 -0.529933155 -0.258921921 0.906573176 0.922418416 0.926021278 -0.521768808 0.396964699 -1.09338355 -1.12113309
x -1.06840992 2.03137326 -1.37965786 -0.19755441 -0.280906022 0.654277086 -0.335323304 -0.249301285 0.912287235 1.32633746 1.26389551 1.0970757 0.585367084 -0.77625376 -0.704569101 -1.48571014
x -0.269988745 -1.33491158 -0.114572152 0.583948255 0.20120962 1.21863258 -0.950688183 -0.105670601 -0.445571929 -0.0177727751 0.867952764 0.0844491795 0.970217645 0.537411392 1.19727314 0.346401304
x -0.417424768 -1.06506801 1.94327438 0.600095212 -1.46318674 -1.40182221 -0.103640482 -0.334558606 0.648038507 -0.543143272 0.877159536 -0.0968415216 -2.28652334 -1.44862354 0.581661165 -0.0947678238
x -1.47195363 1.06339943 1.28160775 1.16897309 1.0583663 0.297616839 0.551623285 0.108623274 -1.26888108 -0.881618142 -0.365207762 -0.863584518 -0.541307092 -0.263620853 0.226489514 -1.1846298
x -0.527892351 1.04662561 -1.3126601 -0.205856353 0.0135859353 -0.891973734 -0.749659896 -0.865204096 -0.0854516327 0.162772268 0.724543989 -1.55793655 1.30733657 0.902576268 0.646070242 -0.448340893
x -0.210219488 1.20814407 -0.104501635 -0.631016254 -1.69021249 -0.604469538 -1.94902396 -0.935436487 0.293368578 0.919828951 0.225186169 -1.23643231 1.17898643 -1.3315866 0.407660246 -0.815638781
x 0.394160181 1.85348296 -0.584574759 -0.209415525 0.580846429 -0.326374024 -0.789146364 1.19262147 -0.710944176 -0.17364566 0.205015332 -0.46457991 -0.196033955 0.517469347 -0.956613302 -0.319206297
x -1.46232831 1.54284453 -0.349461734 1.36578262 1.39900732 -1.62617362 -0.307047695 0.572215438 2.29808044 1.36054122 0.0680821463 1.47200203 -1.2697053 0.346807569 -1.18334663 -1.04905391
x 1.25529432 -0.302565604 0.266284198 -0.732733011 -0.475461185 -0.884649694 -0.559035778 0.405700833 1.27654374 0.224518433 -1.04773235 -1.18182456 1.490165 1.24639976 0.804925799 -1.04573512
x 1.08765817 -0.274896979 2.26679587 1.41841054 1.96257305 0.228031501 -0.422956467 0.986067474 2.37305784 -0.710593045 0.350536019 0.106324017 -1.78046453 -0.424162745 0.150385216 -0.271108329
x 0.56661886 -0.0417772904 -0.514161766 -1.07789469 -0.863512874 -1.07248175 1.35187232 0.704644263 0.589856565 -1.22160625 0.691767275 -1.72676587 0.327126324 -1.35629869 -1.19951463 0.818123579
x 0.709736943 0.268058002 1.56629741 -0.616885662 0.911355436 -0.0657128841 -0.466172397 0.607537806 0.836312652 -0.85700959 2.48274493 0.733772278 -0.00143499381 -0.835333526 -0.412822008 0.621278822
x -1.35892379 -2.2022121 -1.14437556 3.11837244 0.00452237809 0.813031793 -0.366060913 1.69175541 -1.98107529 -1.28454351 -0.438304305 -0.846708953 0.0947101638 -0.235310495 -1.90026045 0.108090557
x 1.11038172 -1.0283792 -0.999217749 1.29423177 -0.957457423 -0.429799587 -2.27025747 0.493881732 -0.53923893 0.621666193 -0.0675420165 -1.24678957 0.101962447 -1.0779084 0.745132685 1.30122364
x -0.616958916 -0.163462549 -0.803411186 0.409135103 0.348169059 -0.219320759 -0.591153979 1.27466285 0.415176809 0.118043832 0.194869727 0.203990743 -0.0493802577 -0.572095215 1.66705298 -1.02197993
x -1.166435 -0.681389928 0.245411813 0.630644798 -0.445352912 0.0188299026 -0.333864957 0.388438612 -1.74927187 1.88257003 0.277821779 -0.263332039 -1.14300942 1.06841552 0.355320394 -0.74192667
x 0.623374343 0.941802144 1.80211782 0.528239727 -0.615174472 0.996303022 0.138603866 0.719731748 -0.855456054 -0.0111048613 -1.59941769 1.27599502 -0.992527783 -0.0468957871 -1.01119924 1.41463864
x -0.876102865 1.12043202 1.44390512 1.33535588 -0.653425276 0.233869523 1.78000748 0.237854198 0.609273016 -0.667087913 -0.285453171 0.16637975 -1.03735209 -0.194287151 -0.710259855 0.150563523
x -1.89453936 0.725339651 2.09733152 1.5868082 0.544677913 -0.662656009 1.01279533 -0.777483225 0.583121777 1.64624822 -1.35859537 -0.282551318 -1.85384107 -0.935281456 1.11653304 0.412555784
x 0.469348609 -1.87719071 -0.94858861 -0.252755016 0.431387872 0.256073147 -0.218652964 0.905666709 -0.106946863 0.932597339 -0.271773577 -1.90976512 2.0033555 -0.588235259 0.584493279 0.593917966
x -0.0561043359 -0.592721641 -1.31019557 0.605207443 -0.455959737 0.463074565 0.616743803 0.51136452 -0.724004507 -0.880602837 -0.0332257971 0.669981778 0.467183053 -0.370029271 -0.505590856 -0.60279417
x 0.263304055 0.916560292 1.12947428 -1.73147738 0.633219182 -1.45845819 0.621263325 -1.30073345 0.627664983 1.65799117 -2.3117888 0.819322228 1.77962792 -1.11027133 0.767928541 0.277132213
x 1.58304822 0.309576899 -1.25497591 -0.355651349 0.523901045 -0.634013653 0.000336698955 -0.750382423 0.441229105 -0.851278067 -0.76148051 -0.624943852 -0.0929111838 1.84922433 1.30011034 -0.445536226
x 0.159001514 -1.53182161 0.535512149 1.55710888 -0.551927567 1.60550988 -0.488878995 -0.29525584 -1.31223536 -0.777858615 0.123967409 0.610213578 -0.815275252 1.55239367 0.0011425399 1.26042056
x 0.656195283 0.986730993 1.32892525 0.768814743 1.27626026 0.455147803 1.15543854 0.446448982 -1.71991837 0.614067078 0.601811349 -0.950567007 -0.768735409 0.161615461 1.12110245 -1.49720645
x 0.194804892 1.07589042 0.960318446 0.445406258 -0.00352285453 -1.51289773 -0.891002595 0.474291563 -0.437083572 1.39848995 0.724985063 -0.39837572 0.0756587759 -1.02803385 0.335589439 -0.417169124
x 1.3451407 -2.58309126 -0.05057019 -0.904711664 2.54655886 0.39331454 -2.45017743 -0.267588496 0.386807859 -0.121842839 0.236377537 0.40753907 -0.746221483 -1.20149255 0.727644563 1.91474426
x 0.0551361702 -0.151769653 -0.0357459299 1.09106886 -1.75555003 0.605217099 -3.25095844 1.138906 -0.897998095 0.922221839 -0.119341105 0.22151868 0.575091898 -0.816310585 -1.39673507 0.951343894
x -0.442041099 2.2593956 -0.496503145 -0.270303488 -0.969898105 0.724425673 1.62566435 -0.495188594 -1.53483665 -0.95206362 -2.26169896 2.84267998 0.416988283 0.7422176 -2.00760674 0.823532641
x 0.244978905 -0.58398968 1.30479395 -0.199819058 0.80648464 2.15718031 -1.26918495 3.38923931 1.37885761 0.30386579 -0.589753449 -1.08911085 -1.77229118 -0.592344224 -1.99519479 -0.368925184
x 2.42356181 -0.608870149 -0.864236176 -0.544864416 0.294125944 2.16998458 1.78586042 -0.404362231 1.55787051 1.49370325 0.215237811 -0.1971488 1.0881778 -0.284238249 1.28990269 0.897871137
x 0.191613168 0.684199035 -0.904521286 -1.00146377 -0.197534531 0.742253125 -1.18314683 -1.63237321 -1.88896334 -1.79619205 -0.175428525 -0.576351225 0.552437425 1.31071067 1.66700935 -0.702033222
x 1.35372019 0.602575898 0.0807773843 0.465801239 -2.22048831 -0.00506466022 -1.28455102 -0.19991982 0.20870021 1.33836448 1.23557734 -0.018999476 -0.119671948 -1.23275232 0.192834467 -0.479302108
x 1.00846314 1.69452691 -0.407852918 0.757550836 -2.99488878 1.1420579 -0.246589959 1.62393069 0.460412741 -0.346558571 -1.08173013 -0.0250596404 -1.32417488 0.750276506 0.572489321 -0.276250988
x 1.5723114 -0.206388563 -0.191075087 -2.3814168 0.564353526 0.0644401386 -0.413924932 -0.328957677 0.142054737 -0.30151251 -1.53349352 -0.689979792 0.312394232 0.742829263 -0.459697872 0.138625994
x -0.888212383 1.22042525 0.883821845 -0.0832227618 0.452442199 -2.92136955 0.5042817 0.269818574 -0.387231916 -2.01869845 0.890952706 -0.426784605 1.03816068 1.26771235 0.579196751 0.0327999182
x -0.602369606 -1.14637923 -0.200052306 -1.81536186 -0.415900618 -0.272735029 0.477936625 0.727033198 0.685640097 -2.58452201 -0.626402557 -1.40099859 0.0332294889 -1.89240992 0.705689013 2.41461802
x -0.0783833265 1.68819773 0.556944549 1.55371511 0.0675726384 1.02340066 -1.19693029 -0.155386329 0.975901127 0.785670757 -0.150574118 -0.817937672 -1.13607073 -0.442180365 0.227533504 0.0622480214
x -0.154014841 0.189578667 0.0317474529 0.095408082 -0.916937292 0.208919525 -0.92569983 -0.905038357 -0.139134422 1.26313579 0.409530193 -1.15365791 -0.953269541 0.238924876 0.250275075 -0.74355197
x 2.10888886 0.0454003587 -0.238322839 -2.38902473 -1.33780253 0.122584984 0.597622335 0.61246407 -0.403504401 -1.22492683 0.454452366 0.546191335 -0.742131591 0.872532606 -1.23640275 0.39625901
x -0.887221456 -0.504498422 -1.04621649 -0.599317312 -1.10130548 -0.422132194 -1.32250261 1.65136933 1.32938969 -0.0589704402 -0.130007163 -1.1271503 -1.30932093 0.783637702 -1.29768944 -0.612084508
x 0.579878688 -1.08603644 -0.643601179 -1.2465378 0.44385469 -0.881336629 -0.653951764 1.29736412 1.75993192 -0.810402751 -1.13996315 0.111729123 0.18974565 -0.197534189 0.808242559 0.39786917
x 1.76987147 1.14529109 -0.131386802 0.331302047 1.59399629 -0.417908877 2.17058134 0.289380729 -0.0764986947 0.608808517 0.751215518 0.571354687 1.14900362 -0.135265857 0.413370013 -0.810000718
x 0.522557795 0.499961823 1.21923816 0.0132686067 2.56110024 -0.237912789 -0.124911711 -1.12676191 1.23522091 -0.0916668773 -0.0821716487 0.11876145 -0.202767894 -0.588203847 0.0358004533 -1.06704092
x 0.416917235 -0.064350754 -0.6124174 0.279667258 0.411489129 -0.20354037 0.765670359 1.33360291 0.779762506 0.518311858 -1.99239159 -0.275310606 1.5041163 0.0767468959 -0.452584177 0.135609493
x -0.410417765 0.480898589 -0.178114384 1.33999419 -0.680665314 -1.20729244 1.46825659 -0.994265378 0.542591453 -1.16000247 -0.561261356 -1.19830227 -0.721745133 -1.42277563 0.256568402 0.238134116
x 0.630613387 0.702015877 1.74070191 -0.31410265 -0.27365905 0.467256993 -0.200941026 1.02903664 -0.49804458 -0.247129738 1.12480879 -1.54137683 0.0916175246 1.45574021 -1.5091387 0.875526249
x -0.844492018 0.466286898 1.0351969 1.3139466 -1.69595563 -1.96457303 -1.39796197 0.238508612 -0.965573668 0.279028475 -0.0973131657 0.0537864417 -0.331290185 -0.540022492 0.780721605 -0.471979469
x -0.840850294 1.86714268 0.359210491 0.251602054 0.336633176 -0.675253391 -0.632656395 0.378877282 1.0095681 0.336307645 -0.080574438 -0.443790942 -0.144518659 0.251381218 0.563177466 -0.129973903
x -0.539917529 0.0115696024 -0.957785726 0.249992326 1.61113107 0.622114241 0.932733238 0.182292372 0.0899424553 0.150421456 0.54959482 -0.127112493 0.0970711559 -0.115000449 -0.369989276 0.527017653
x -0.424282432 -0.878169894 1.10060489 -0.14364399 -1.79111207 -0.0309017524 -0.439134687 0.810562134 -0.67101717 0.167054757 2.17494798 0.685624897 -0.373737276 -1.02370429 0.376624078 2.17635751
x -0.789615154 0.253311694 -1.59407759 0.54144001 -1.61103284 0.556581199 0.82713604 1.15350485 -0.307410628 -1.63633466 1.0270952 2.39685225 -0.763990343 0.525664091 -1.23481786 0.0626452565
x -2.46123815 0.0983586535 -0.266514242 -1.3078258 0.24331066 0.988153994 -1.03014112 0.0636179894 -1.29089892 -0.0417372473 -0.96001792 0.141242936 -0.478880852 1.71007907 0.693447888 -1.1700846
x 0.953356028 -0.840393424 0.648948371 -0.938821673 1.37174892 1.37922621 -0.546362281 0.908183277 -0.591217756 -1.16684842 1.36724722 -0.110133566 0.621134162 1.11411238 0.631925642 0.889229476
x -0.823999882 0.379867166 -1.30686247 1.16923392 -0.632579029 0.024924323 -0.233449742 -0.283655822 -1.0143472 0.969837427 1.4547385 0.790888786 0.76882714 -0.347035348 1.78829682 -0.599647164
x -1.90814269 0.376865715 -1.36156166 -0.170809641 -0.178792074 0.27711904 1.04145062 -1.21766317 -0.877922833 1.47816491 0.713120997 0.515861988 -0.195094258 0.540459573 -1.5622474 -0.0888609663
x -0.175126508 0.602894723 0.717792451 -0.774370611 -0.60287863 0.251276493 -1.21302199 -1.99907553 -0.0807253495 0.935464382 0.296936572 0.049425777 1.95229828 0.390251428 1.78254282 0.981750846
x 1.57101965 -0.914486349 0.826401532 -1.65735328 -0.421154618 -1.87538946 -1.03388715 -1.08039749 0.861978769 -0.119613074 -0.0682757422 1.13170648 -1.07108676 -0.705861688 -0.0272391867 -0.544055402
x -0.220671013 0.360559702 0.710026145 0.673066795 -1.45151973 0.00348914112 -0.765473068 -1.04252744 3.10517859 -1.15417969 -0.429767817 1.46291864 -0.586131871 1.92535341 1.42764843 1.14698148
x 1.02713251 1.15589893 -1.58250415 -0.376116365 0.2002047 1.72886598 0.0135769993 -0.380922496 -0.9020015 0.165786147 -0.502105474 -0.670196235 -0.242822409 0.160666794 0.155029371 -0.101012103
x -0.297010183 2.05721045 0.0564283542 0.30753383 1.23747504 -2.31545949 -0.563661158 -0.299253255 0.378378361 -0.799586117 0.106282778 0.421551228 -1.20909798 -0.521306634 1.51055706 -0.465797454
x -0.229529426 -0.55088985 0.370562822 -0.840574384 0.944462538 0.0153319174 -0.725449383 -0.813116848 -0.474089384 -1.68292642 -0.572480857 0.0259812772 -0.307394475 -0.644718587 -0.980831683 0.223020032
x 0.660710871 -0.460519612 0.441764206 1.1532712 -0.668720484 -0.0612283871 0.731013358 -1.38004899 -0.306506127 0.685140789 -0.727320969 1.20192158 -0.410486847 0.182258666 -1.04810846 0.288755983
x -1.01092792 -0.539197505 0.277831167 1.96297586 -1.01009881 -0.485141993 -0.0858592987 -1.5326879 0.862983465 0.60823518 -2.16550279 0.451543152 -1.79048252 0.350443929 0.985769689 -1.22511256
x -0.293865144 -0.746260822 -2.15827584 -1.66692328 0.218124434 -0.962065458 0.477374494 0.94828856 -0.788763881 -0.0555061996 1.6652292 -0.489719987 -0.134216681 0.556613207 -0.0540728904 2.53304458
x -0.157100096 1.1879164 -1.54134655 -0.675544262 -0.0464226454 1.00478315 -0.273851663 0.407469511 0.170373842 0.13980642 -0.776374936 0.831181526 2.08707786 -0.636655211 0.121498905 -2.20861053
x -0.878144741 0.969646275 -0.470995367 -0.960156679 1.13931787 -0.221864656 -0.400206923 0.769621432 0.593904316 -1.34734797 0.649292052 -2.48640895 1.23364997 -1.51265705 0.878876567 0.105163783
x 0.606223166 1.00672638 0.826348066 -0.775825381 -1.08611476 -0.0233570561 2.04531264 -0.905001163 0.0417751335 0.599324286 1.01679838 -1.96979463 1.2574594 -1.15256321 0.316784769 -1.54472566
x -1.40785754 0.583262682 -1.48983479 0.44367975 -0.148829937 0.7196455 1.23309779 -0.253618032 0.83286351 -2.35459256 -0.663921297 0.821501732 0.815679431 0.341442496 -0.167015076 1.12140465
x 0.105073467 0.230926424 0.304673553 0.249387965 0.335187674 -1.55922318 0.719626904 0.106795676 -1.89629316 -0.436382771 0.913349926 1.74698365 0.0754349157 -1.39652264 0.988202572 1.27774537
x 0.0761351809 -0.421076596 -0.20824784 0.418504089 0.513376355 -0.593956113 -1.03414476 0.814823985 0.688644469 0.405854017 -0.737437844 1.60049522 0.377740681 0.121431865 -0.687849104 0.864385486
x -0.409869462 -0.877294064 1.80646396 -2.53677487 -0.0879606903 0.294676691 0.85517633 1.51557338 0.318461925 0.614567101 0.338034272 0.394325525 1.42372334 -0.329383224 -0.225750417 -0.226069406
x 0.259136796 -0.399806291 -0.653345168 0.339126498 -0.440341622 -0.237177759 -0.415502578 1.46935093 -0.862825334 -0.481351644 0.244359791 -0.33482796 1.32884192 -0.280478299 0.115017705 -1.35931218
x -0.343004316 -0.0420729145 0.169499367 -0.291286796 1.83779848 0.894763231 1.24700522 -0.144045189 1.16314399 -1.56963944 -0.565143228 0.25607866 -0.47288233 -0.223717511 0.780351222 0.346363753
x 0.255321801 0.724897683 0.424098879 -0.13563472 -0.345338762 -0.862891614 -0.685789049 0.209366277 0.878579259 -2.02827525 1.38011956 1.08471525 1.15160131 0.413228989 -1.23867929 -1.49659467
x 1.87325692 -1.48315167 -0.348315716 1.86518872 -0.477632076 0.571464479 -0.929228365 0.529044211 0.953705549 -1.39030445 -0.583546817 0.0706120953 1.64267445 -0.278143167 0.270221353 0.400888592
x 0.876876056 -0.467001349 -1.4041754 -0.55417496 -1.15646517 -0.382322937 -0.273075908 -0.804763019 -0.357412875 0.358398527 0.620016158 0.00760119502 1.0378114 0.222255558 -0.884394228 -1.15890348
x 1.40518808 -2.43900037 -0.402180016 -0.569657624 -0.117650807 0.274593085 -0.24509047 -0.0478731766 0.878012836 0.928088486 0.321457863 -0.0302635208 -0.674882233 -0.188408166 0.0336556658 0.619950891
x 0.180574611 -2.21603131 0.155467227 -0.398289859 1.49063897 0.281064481 1.52417243 -3.4200604 1.51097572 0.273019403 0.784750342 1.14976752 0.241869628 -1.42544878 0.369506329 -1.16910625
x -0.695738256 0.410748065 -0.456532896 -0.189452395 -0.417587906 0.338428259 -0.164598137 0.586828291 -1.61836743 1.43143177 0.537635446 -0.8591187 1.51179802 -0.648510516 0.583985269 -0.718874931
x 0.0585114583 1.72304118 0.190254524 -0.534764588 -1.78307366 -0.114244856 -1.43654382 -1.02316642 0.274671108 2.29632139 1.20385146 -0.258385211 0.913777649 -0.612183034 -0.710424006 1.0409869
x 0.507049501 0.858210623 0.618582904 0.621909201 0.116697267 -0.0991741791 -0.463476837 0.542529464 -1.22638357 0.907424629 0.0460885353 0.422204375 -0.358524829 0.691720843 -0.445209891 0.107025541
x 0.59815526 -1.7291193 -0.446191013 -0.389036357 0.111807868 0.884507835 1.41689861 0.130175531 2.1665597 0.873398006 0.0460574441 -1.58808434 -1.13525188 1.24744523 0.0466296971 -0.212189108
x -0.208303332 -0.405764282 -0.116876319 -0.348632246 1.52833068 -0.980938673 -0.501066804 -0.12101879 -0.329937458 1.07859695 -1.38025022 0.623352051 0.563049972 1.27291691 -0.742970645 -0.969716549
x 0.370992124 0.92419529 -0.0125867072 -0.230719507 0.969275475 -0.0137162199 -0.180462867 -0.692224562 -0.301674366 0.864055097 -0.612756371 0.170971051 -0.433646709 -1.21913743 -0.0606810823 -0.993749142
x 1.25272632 -0.33628422 -0.376684994 0.651762009 -0.317181528 0.0473803543 1.36877775 1.96122921 -1.35930037 0.810637951 -0.532713234 0.00497297617 -0.0383995287 1.30657685 -0.856005907 0.367566556
x -0.908290088 1.35828388 0.751128614 -0.570131481 -0.117220007 -0.48709172 0.467289805 -0.651652515 1.11862326 -0.569247603 -0.352728754 -0.304009557 -0.318208992 -1.50838709 1.71110272 -0.926897705
x 0.336451322 -0.590632737 -1.72671723 -0.121219516 -0.921073914 -1.20241654 -0.0947818533 -0.24100779 -0.201314315 1.0880996 0.759983361 -1.36828816 0.296495587 0.840134084 0.101215109 2.34462738
x 0.318255216 0.851814926 -0.771279395 1.77610254 1.20111394 -1.12988782 -2.18519354 0.686033785 -0.721661508 -0.617767751 -0.358379841 0.715973854 -0.194110498 -0.446308941 -0.14781858 0.558368981
x -0.472414106 0.723909438 -0.624413908 -1.41507196 -1.18363953 1.21906853 -0.381498367 0.276258528 0.450618505 0.979674459 -0.0985268801 0.791006386 -0.13848938 0.669918597 0.2726973 0.498818129
x 1.13856697 -0.959286392 -0.558824062 -0.421598643 1.34472406 -0.570034206 -1.32583821 0.847049475 -0.188077018 -0.293961763 -0.895263851 -1.01893294 -1.24799442 1.88975298 1.03933609 -0.992540717
x 1.19816756 -0.502067089 0.891413748 0.157010972 -0.108926199 -0.00582838897 -1.5647136 -0.0245884843 0.255553037 0.325282127 0.169350058 0.76598835 -0.678225577 -0.472675979 -0.393251091 0.817265034
x 0.194405779 -0.291752726 0.914559186 2.14872193 1.28923225 -0.408353418 0.730829418 -0.764560878 -0.130878434 -0.478374064 0.118047088 -0.0776229352 -1.03238714 0.684045792 1.60822439 0.753436327
x 0.521273255 -0.200446516 0.0356276482 0.0458100438 0.554188132 2.11515307 -0.221601173 -1.47956264 0.621562839 1.91758561 0.229041606 0.273799092 -1.10268295 -0.61669594 0.698265076 -1.78705573
x -0.0331270136 0.180572629 -1.27488339 -0.0275321398 0.0724958852 -0.349082261 0.0739519298 -0.151528299 -1.63998318 -0.542523265 0.273731619 1.33779752 0.842937589 -0.597686827 2.92236805 -0.37994349
x -1.1162678 -1.12098408 1.25099587 -1.86511219 0.668134332 -0.872336447 1.28265023 -1.24270654 -1.71168149 0.593069017 -0.685402274 -1.0397613 -0.0185074098 -1.0401628 0.843312562 -0.69157356
x -1.03341639 -1.8864888 0.50595659 0.442328691 0.564659297 -1.37633288 -0.607084632 0.848318219 0.0394590124 1.28670037 -0.0452508889 0.407774895 -0.729232252 -0.173477396 0.419124007 -0.361480623
x -1.339782 0.20273231 -0.268448323 -0.196841195 -1.0438993 -2.34438038 1.54324174 -0.328487068 0.122905441 0.566882133 -0.355640411 -1.02492321 -0.906190395 1.2998122 -0.303243816 0.309895068
x -0.772005677 1.11937928 0.910145521 -1.47459912 -0.376649618 1.46132696 0.132916346 0.275283068 0.765815496 -0.31591779 -0.60006851 1.50429523 -1.44060266 0.0861688554 -0.0995176956 -0.0359968618
x -0.0497937836 1.28456271 1.03180623 -0.676819146 0.580845475 1.27661896 0.761398256 0.973662496 -0.600830972 -0.432571709 0.721250832 1.062837 -0.449632138 -0.0668455437 0.327596724 -0.932810485
x -0.102600157 -0.0890988633 -0.462903261 -0.248362437 0.205279738 0.538743675 1.17856956 0.889091671 -0.294008791 -0.428489059 0.355490208 0.280096889 0.568883419 -0.947591186 0.278955668 0.41679737
x 0.453883022 -1.05347407 0.00108351209 -0.282325447 1.04677129 1.34119368 -2.17155075 -1.06324553 -0.11504589 0.583392143 0.886895359 -1.73382449 0.175535038 -0.861294925 0.191685155 0.678828955
x 0.625510335 1.1840415 1.25219882 -0.420202017 -2.35252047 -0.541785836 0.255309224 0.732834756 -1.72562623 -0.893461347 -0.309115022 -0.617897153 -0.833093524 -0.16816017 0.816244364 0.687218189
x -0.597144365 -0.520340502 0.377977759 0.119914055 -0.191871002 0.587749064 0.403689712 1.97386134 0.844676077 -0.112786286 -0.261549145 1.59461451 -0.707967639 0.665501058 1.72404981 0.361696362
x -0.0990876257 -1.00609982 -0.12830162 1.04508674 0.147417292 0.746660054 1.81698835 -0.578779936 0.455159098 2.53572798 -0.592055976 0.966706216 0.559293509 -0.199945718 -0.0555446185 -0.944888771
x 1.32007706 1.28556693 -0.424766213 0.652195215 0.972281635 -0.981021285 -2.04066229 -0.457765669 1.0424695 0.843407691 -0.382948488 -0.538432598 0.554221094 0.763861179 -0.212684602 0.850940824
x 0.34416309 0.165874273 -1.59597909 1.29929328 0.456374198 -0.648331165 0.444054663 -0.18020162 1.12380075 -0.572674096 -0.591540933 -0.496415466 -0.454599947 1.10434151 -1.60074413 -0.500718951
x 0.0373192318 -0.0743826777 1.74961162 0.294174612 -2.10666466 -1.05111575 -0.505106628 -0.227793112 -0.385041505 0.197644979 0.619450867 -0.386052758 -0.926495075 -0.052393537 0.0225417316 0.15841797
x -0.0478678495 3.56475854 0.727941275 -2.07913876 -1.19541073 -0.537065923 0.476225019 -0.587756097 -0.130093306 0.287838489 0.158831865 0.689241827 -0.129432201 0.775168896 -0.443872362 0.207080454
x -0.772494137 1.25640011 1.65184808 -0.252079606 -0.0160737 -1.5197264 -0.307112247 0.217403695 -0.143933699 -1.23593819 1.07962441 0.107118882 -2.03969216 -0.98605001 -1.32223356 -1.48416805
x -0.303984046 -1.08087718 -1.35970783 0.0732173622 -0.503938258 -0.635390341 -0.891521275 -0.220990703 -0.758137584 0.493376911 -0.369852424 -0.129786938 1.5582037 -1.6473459 0.950737715 -0.0468507484
x 0.893469989 0.554292202 0.598687708 2.05982852 0.319301784 -2.1458137 1.7535975 -0.950688958 0.0903677717 0.218536034 0.411022723 0.20759353 -1.16939592 0.212762877 -1.92301822 1.54270017
x 0.114113376 -2.15794778 -0.450715959 -0.0838208944 0.148752779 -0.189740241 0.270362735 -1.61032915 -0.389128834 -0.479403883 -0.115126468 -1.18671179 0.534470499 0.903882265 0.542830586 -0.945614159
x 0.0970351547 -0.783949375 -1.52821624 1.34517932 -2.07365155 0.321682781 0.441144407 -1.01959074 0.151562363 -1.28219426 -0.278851449 -0.32337743 -0.263569295 -0.88465333 -3.50118423 1.30765462
x 0.036768198 1.34513664 0.516100168 0.819203377 0.2576105 -0.731241107 -0.296098977 -1.81715095 -0.203186497 -0.0494873933 -0.329957157 2.9051497 0.521685719 0.0402250513 0.73684442 0.655184686
x -0.209373429 -0.504449248 0.620750248 -0.678369403 0.24644196 0.0786155388 -1.0988518 0.770526528 0.670660734 0.708189428 0.130443081 -0.344021946 -0.332666129 -0.1263064 0.070451878 1.18690968
x -1.13708031 0.867403328 -1.1569972 1.73615324 -0.324930936 1.01645279 1.58378053 -0.735181987 0.0599823967 -0.607780218 2.40899134 -0.98429811 -1.71963418 1.0299778 -0.261641115 0.224418402
x -0.713292718 0.18337518 0.386001438 0.552977502 1.40134132 1.32002544 0.819630444 0.0534916371 -0.291745216 0.654652536 0.299715668 0.379088908 1.06737721 -0.698518634 -0.380641699 -1.15703654
x -0.00948350597 0.309186339 0.377245605 -0.921022296 -0.505349398 1.4513849 0.673197329 -1.44090903 0.424632609 1.13296199 1.17397273 0.673082471 0.00874817465 0.023872938 -0.783292294 -0.867698312
x 0.0955814421 0.853713751 -0.366108984 2.05034518 0.391371846 0.307633966 -0.156531632 -2.04802489 0.693498075 0.693718851 -1.79575944 1.40604925 -0.863697588 -0.404639453 0.434271544 -1.22005248
x 0.791051209 1.37738025 0.259016812 0.401317656 1.98463273 0.355071545 0.572869778 2.68652487 -0.81060499 0.236319423 1.26652622 -0.583020866 -3.01145959 -0.925553203 0.40517959 0.97029984
x 0.324867547 -0.0792000443 0.956989706 -0.105555899 0.978891432 -0.151868522 -0.540656447 0.689999998 1.94594491 0.754320681 -0.730314016 -0.0816000253 -1.28937697 -0.382721484 0.0470715798 -0.394959778
x -1.06459033 0.198739767 -0.0263829213 1.77213669 -0.709297538 -1.60917127 -1.22830546 1.70176566 -1.0277288 0.0817843825 -0.402881503 -0.921586871 0.631540656 -0.821636021 -1.59391212 0.028538717
x -1.43681586 -1.08067322 1.02761757 0.934560657 -0.648516536 1.59151328 0.453880638 -2.20481634 0.595459938 -0.466013759 -1.03967321 -0.254452795 0.245485038 1.31301939 2.3253541 0.47811842
x 1.28664351 0.48855868 0.259320945 0.379381955 -0.748084903 0.190925047 -0.107248478 -0.658491313 1.26512218 -0.244983897 -0.327659339 1.91384625 -0.767161787 -0.513980567 -0.546495557 1.83206594
x -0.920142889 -0.403672963 -0.199109599 -1.00265825 0.774330616 0.0698456168 1.99393153 -0.195149839 1.08038247 -0.219763234 -0.797842264 -0.806277275 -0.951333225 1.09585917 -0.0797344968 -1.5419333
x -0.138367966 -0.347051322 0.12173555 -0.85505867 2.51362419 0.963848174 -2.46745539 1.06369591 0.0205594935 0.606446147 -1.2659359 -1.58640134 -0.227730408 -0.9507792 1.84665096 0.274007142
x 0.536033034 0.503458083 0.612357497 -0.0736346468 -1.25395954 -0.509111583 -0.27181977 -0.814227819 -2.23959851 -0.666675866 0.417071283 -0.00312823639 -0.0461857356 0.934362531 0.581363618 -1.07678401
x -0.534017444 0.887923598 -0.111032717 0.0933647454 -0.891849935 1.14413035 1.5036329 -0.729371846 1.73465586 1.08319831 0.696381509 -1.63994205 1.01783311 1.03505743 0.0633102581 2.01328421
x 0.179893211 1.60701573 0.897680759 0.986214638 -1.29217136 0.475586414 -0.890825212 -1.29485095 -2.71616173 0.148439839 -2.20587921 0.538190007 1.43330765 -1.21097231 1.78386045 1.04636395
x -1.18278372 -1.29510689 0.65756613 -0.791374981 1.05401134 0.558496535 -0.491862446 -0.113502264 -0.166996017 0.684059381 1.82120669 -0.881671429 -1.25818682 0.460950315 -0.412811071 -1.90023291
x 0.347216964 -0.681362033 -1.05299926 -1.29386306 0.239184648 -1.16349781 -1.04896736 -0.301920384 1.53263581 0.252919257 -0.232487217 0.948424816 1.60035491 -1.38198769 0.375393212 1.03993595
x -2.08576918 0.59019798 0.239599362 0.527156651 -1.50866675 -1.15149653 0.115508862 -3.26638031 0.691191137 0.590195954 -1.02173626 1.49537432 -0.189137995 -0.748197794 -2.40936852 0.492863595
x -1.99899089 -0.402513742 -0.413805693 2.05928159 -0.158999726 0.306621939 1.676386 0.0160134882 -0.242127523 -0.494762897 -1.99621391 -0.709606826 1.04673278 0.468861431 -0.601202369 -0.423516601
x -1.75883484 1.30132687 -0.149034873 0.913961887 1.53970838 1.59890163 1.73639464 0.376252502 -1.30344439 0.481938928 1.38642132 -1.48606908 0.116159938 -0.431245238 0.350774914 0.246619985
x -0.743501365 1.3474406 0.657869935 -0.523931146 -1.47715271 -0.176918671 -1.35596573 0.273852348 -1.14948678 -0.986694217 0.418109745 0.597724736 0.723786533 1.23645902 -0.456727117 0.376527041
x 1.30365682 0.891900063 -0.560704648 0.481324971 2.54673791 0.374976486 0.309702992 -0.168025747 -0.325497687 -0.413120091 -1.03480482 0.92129302 -0.0797500014 -0.265042603 -1.95259738 -1.175614
x 1.29214835 1.22602212 -2.19453359 1.0282948 0.240032479 -1.81206417 0.857635498 0.218181267 -0.179730713 -0.773338735 1.14875329 -2.51361895 -1.18585086 2.39962649 -0.757912457 -0.953408599
x -0.288195133 -0.0627546012 1.01966941 -1.46441138 -0.744479477 -0.830300987 1.91862178 0.912779033 1.26313674 -1.91391683 -0.867694557 0.852046371 -1.23619187 -0.398650497 -0.129795566 0.0931977928
x -1.31680763 -0.313391089 -1.13277924 0.478751868 1.22571135 1.4199214 1.95390332 -0.368440837 0.341687441 1.81436276 -2.81678295 0.196989655 -1.15494883 0.20427525 -0.356252909 -0.131215125
x -0.14669688 0.831599593 -0.103788584 0.717465103 -0.0633173585 -0.318801701 0.654832661 0.677841663 -0.536806881 0.519246876 0.741093755 0.280121416 -0.667667508 -1.52533662 1.01735663 -0.466222823
x -0.367986053 -0.378978342 -1.42195976 0.21173124 -0.298121959 2.01224351 0.119724974 -0.367500037 0.31076771 -0.791690767 -0.321490318 -0.436697394 1.3627106 -1.06281364 1.05482733 2.60762095
x -0.0988571271 0.0469035842 -0.498405844 0.483059466 0.456563354 -0.590327561 0.682594121 0.53226316 -0.326641262 0.612803459 -0.0512290373 0.529993773 -0.456705689 0.0388982147 -0.0889738798 0.150900319
x -0.873739541 -0.668258131 -0.360141426 2.8467617 1.130548 0.11431589 0.665056944 -0.692905605 0.148902684 -1.50777268 -0.840866506 -0.043220181 -0.258859098 0.148390085 0.424497694 -0.982975364
x 0.222621456 0.538342595 0.841162682 -1.65418732 1.09410036 -0.560798943 1.30228734 1.40355468 -0.563710868 0.94898814 0.658878565 0.0959981978 -1.25217319 -0.246576667 -0.326282501 -0.679266155
x -0.0703032613 1.03911793 0.890553176 -1.21682215 -0.585155547 -0.297266215 -0.0614451319 -2.69796133 1.91552162 -0.155641869 -0.0286452025 1.48506689 0.356410265 -1.44337595 -1.8114785 2.27589083
x -0.766551554 -0.165841252 -0.165071636 1.7206881 0.983826041 0.0842324197 1.2208097 0.701906145 -0.603319228 -0.559582889 1.19132996 1.46799648 1.8250587 0.425174832 0.843288541 -0.565359354
x 0.563205481 0.387207776 0.128192231 0.0375081412 0.0950763896 0.530772984 -0.527334392 0.387487531 -0.71394527 1.96321404 0.00180619815 0.512668848 0.221423417 2.24547005 -0.486547619 -1.73849261
x -0.637046814 0.181402832 0.213916495 -2.12625599 1.00355196 -0.841798902 -0.655254722 0.364159912 0.830546081 -0.317176491 -0.0984563529 -0.970293939 -1.26601291 -0.731497824 2.06663918 -0.106026068
x 0.837511837 -0.330874205 -0.180062354 -1.41513216 0.245416656 -0.386543632 -1.41940153 0.870476782 -0.307806253 -1.1759454 -0.920200348 0.476756096 -0.690549433 -2.27341485 1.7048347 -1.50906408
x 0.522759378 0.593657374 1.41583192 -0.538063347 -0.383069724 1.21199882 1.08413875 1.14170563 0.248842835 0.114459224 0.252839297 1.47892952 -0.879241586 -0.999153018 1.11023557 0.143191174
x -0.489144564 0.343547523 0.441769242 0.985575795 0.398654997 0.285028219 3.06004739 -0.144519493 -1.66956532 -0.165614516 0.0621063076 0.385497451 0.166003793 0.825262189 0.403877407 0.622073591
x -0.373752803 0.613480449 0.345156401 -0.332873911 -0.16822204 1.48209321 0.464307934 -0.191102728 -0.660918415 0.0759054869 -1.38050985 0.645583808 -1.51691127 -0.806865633 -1.61251736 1.09548509
x -2.82243562 -1.95495522 -0.142853066 0.156909525 -0.506964028 1.02394724 0.755627096 0.630462766 0.748329103 -0.281994283 0.0238698609 1.52943516 1.17396045 0.563760579 -0.480074853 1.19051838
x -0.24580431 -1.07545817 0.378475279 2.23607945 2.70271158 -0.0546936691 0.679146051 -1.22926223 1.25269544 1.00051367 -1.38754666 0.0818680227 0.567045391 0.655120194 -0.133280531 0.0613535196
x 1.99146414 -0.178757429 0.857390523 0.687898219 -0.400923133 -0.505174994 -0.693693578 0.100984231 1.50879884 -0.53278923 -0.642656803 -0.0683027878 -0.319939822 -0.399630874 1.66804826 1.38156223
x -0.711233556 1.80836749 1.89482832 -1.3451916 1.11708891 0.526985526 0.624082685 -0.410461992 -1.28331995 -0.0479242019 1.18425381 -1.24680531 0.47772488 0.243266791 -1.86186934 0.893646777
x -0.993572652 -2.22835755 1.4333415 0.135651276 1.81888497 -0.991629422 -0.689816773 -1.10305178 -1.45296586 0.189041242 -0.375790298 0.944954574 0.284638822 1.02626681 1.56410885 0.670942783
x 0.619510531 -0.015395443 -0.418685555 -0.7757743 0.949952126 1.20894349 -0.496640503 1.61982226 0.626820922 -1.2076441 1.13754904 -0.393401116 1.92343009 0.379601836 0.341134548 -1.61076641
x 1.24310327 1.67253363 -0.724586368 0.57614851 0.694688857 -0.399054527 -0.433552831 -0.59313935 0.286970526 0.0377720632 0.977661252 1.06195927 -2.0016923 -0.292151004 -0.127267614 0.922633469
x -0.108798467 1.06114626 -0.528254926 -0.786007345 0.455318093 -1.32980061 0.165838391 -0.190411076 -0.929804802 -0.376623422 1.06934512 -1.28101873 3.06018162 -0.279677719 0.00956656598 1.24972188
x 1.2008183 -0.822307467 1.83229947 0.846867085 0.323147386 -1.46774304 -0.761418343 -0.00133121782 -0.705508232 -0.595212162 0.511754274 -1.66865969 0.0996777937 0.243342742 -0.432184726 -0.428850293
x -0.993766129 0.729318321 0.116113812 -0.720889032 -0.504635096 -0.17637752 0.621708453 -1.20138562 0.84947443 0.971044838 0.310577363 0.768757582 0.0309277065 -0.70669347 -0.922198832 -1.42890632
x 0.706480563 0.575715303 -0.0620134138 -0.837742746 -0.140121028 -0.679387212 -0.996496022 -0.0299128108 0.125946954 -1.13802576 1.27739489 1.24842083 -0.984168053 -1.5347116 -1.87997615 1.09945393
x -0.464481503 0.214508951 0.551154792 -1.12032974 0.369062483 0.693365395 0.936018765 0.289684236 1.38634443 0.508762062 -0.167765319 0.0764992908 0.117727235 -0.100769199 -1.10985005 0.247802764
x -1.54417229 0.391213745 -0.735067785 -0.401084721 -0.968672633 0.425180048 -0.572530091 -0.0176121742 -0.395899862 -2.44199872 0.378599256 0.109881468 -1.00488055 -0.302757293 -0.377752423 0.182134837
x 1.84391832 0.844854772 -1.17463052 -0.634553134 -1.3882935 -2.15238976 0.588348567 -0.0921679363 1.60185099 1.10145557 0.712782025 0.749293506 1.25144196 -1.10291302 0.682746589 -0.321211904
x -2.05196738 0.114799626 0.097142458 -0.337457001 0.854105771 0.690889537 0.458900511 -1.11291122 1.43221986 -0.100884296 -3.50611258 -1.48398328 0.436659992 0.786276281 0.22655879 -0.082813181
x 1.20013559 0.335576683 -0.555645525 1.78217793 1.32240903 0.427349538 0.278414011 0.0326141641 0.537307143 -0.701007009 -2.67967796 0.471865475 -0.0392992087 0.0971881151 0.64575398 -0.435866356
x -0.0186000057 0.720045388 -1.10819197 -2.20100069 -0.533435524 -0.645409048 -1.49851739 -0.846211374 0.135017157 -0.883883655 -1.06780005 0.728144944 1.36237562 0.902292967 -1.3068372 1.0110234
x -1.11903572 0.16969192 -0.820922554 1.19919229 2.71936131 -0.313965589 0.509437859 -0.901959538 -0.609467864 -1.6247803 0.192818627 0.985197723 0.491757989 1.06526971 0.489445359 -0.766726732
x -0.881714582 -0.88756001 -0.585981667 -1.16102874 0.0520238318 0.261798918 1.02019107 -2.12613273 -1.61035919 -0.642010927 1.02091515 -0.607640624 -1.32869065 1.00168967 0.749167562 1.39978254
x 1.29359543 0.215957373 1.11554396 0.977237642 0.448430955 0.0574275702 0.531985223 1.29296112 -0.74834913 1.1326735 -1.44201636 -0.477201313 0.992401183 -0.285176009 0.0295328815 -1.10471249
x -1.95834136 0.354140639 0.562865853 -1.07351315 1.63866711 0.769291639 -0.0140519347 0.0438409522 -0.964988112 -1.3279177 1.01907802 -1.05675352 1.30906701 2.14883208 -0.584070265 0.982701123
x -0.252110273 0.450516969 -1.76726604 -0.375629157 0.505660832 0.398641169 -1.41930115 -0.865467608 0.40962404 -0.290142745 -0.905308783 -0.573733807 -0.786234975 0.454401523 0.207986295 0.547422707
x 0.442994505 1.53117001 0.348247826 -0.441319346 2.10643482 0.163747191 0.994252264 -2.21404386 0.143572226 0.540482163 -1.80649424 0.0971893296 0.537336946 0.329588771 -2.34549046 0.240916669
x 0.675283253 1.13195729 -0.704794228 0.15077205 0.844637871 0.994162142 1.33976912 0.312045544 0.620328724 -0.934702814 0.294838786 -0.629398346 0.746198177 0.0510630608 -0.0179799814 0.262704462
x -0.471142471 0.395022959 1.43139303 -0.165366054 1.17583549 -0.286559999 -0.809423983 -0.131517708 1.79860926 -1.15677285 -0.377991736 2.13341665 -1.59458196 0.589199364 -0.00849795621 0.916836917
x -1.10387599 1.72678566 -0.557849705 -2.59290576 -0.240304947 0.0967706591 -0.169826567 1.49183464 -0.0455896333 0.0279236194 -2.06665254 -0.284962803 0.219102517 -0.146789223 -0.948659122 -0.869858444
x 0.264347583 1.78951907 0.0790512189 0.333292484 0.458435863 -0.0745131224 0.0861671492 -0.806346655 -0.788590491 0.58647722 -0.290817112 0.089297466 -1.76866937 0.0336114727 1.42138803 0.94667232
x -0.893324494 0.678230524 0.3800596 0.810548902 -0.863016725 -1.05862236 0.464609176 1.03275502 0.368588418 -1.72992992 1.12199044 1.53072226 1.20303118 -1.22439599 -0.730858028 -1.31994104
x 0.533538103 0.0382064953 0.142974362 0.577267766 0.386618495 0.328762889 1.46103036 0.448257446 1.23276699 -0.162646964 0.461596191 -0.234092146 0.740886271 1.02584291 0.615739703 0.605488837
x -0.564334095 0.418207109 1.53871834 -1.25983953 0.657910705 0.0928054675 1.17962372 0.534905672 0.382821023 0.691739976 0.0149474023 -0.09892755 0.941379845 0.868626297 -0.533664525 2.27614212
x 0.612172604 -1.57605696 -1.08053386 -0.257723629 0.0107243694 1.5507679 -0.178107902 2.05992818 0.142500475 2.09034371 -0.321726888 0.683259547 -2.59380102 -1.10672855 -0.694834113 0.361946672
x 0.582704306 0.18529658 1.104828 -0.114707783 -0.187719733 1.8443011 -0.259273738 0.246585011 -0.914802194 -0.392470598 -1.1942718 0.585422456 -1.77296448 -1.49609733 -0.113992624 1.36439538
x -0.409991026 -0.306919962 0.772370279 -1.22117567 1.22744596 0.487104654 -1.38743889 -0.648010314 0.1094753 2.40992808 -0.748754621 0.31941545 -0.884420633 -1.06644976 -0.60582751 -0.281731397
x -1.26777124 0.0989138708 0.922474325 0.786115289 0.503305614 2.93929982 1.20302522 1.14776802 0.384449661 -1.14493191 0.188773468 -2.77605987 1.63431382 1.08609259 -0.717175901 1.66497338
x 0.0853994787 -0.816260993 0.185263529 -0.208319992 -1.01896691 1.32050562 2.37219167 -1.78019595 0.223463833 1.39646733 -0.290892661 -0.397017032 -0.141994074 -1.80271626 -1.65602767 1.6598959
x -0.783362865 1.41147757 -1.94407272 0.57606703 -0.338431478 0.0133678829 0.154858604 0.225558013 0.400626332 -0.128543392 -0.463890076 0.0338822864 0.339341938 -1.14813936 -1.00229025 -0.21478124
x 0.584664822 1.52925122 2.43321371 0.214155957 -0.898318052 -1.79937959 0.103296787 0.487565488 -1.53093672 -0.516338289 -0.857730091 0.132764652 -0.969707072 1.10002398 -0.935088098 -0.0519356504
x -0.412510037 1.1139009 -0.684906542 0.998618066 0.671158373 -0.246922791 0.408236474 0.355311126 1.24382854 -0.502394497 -0.317932755 0.185460359 -0.675960898 0.105273701 -1.05882943 0.688036442
x -0.537115276 1.62158406 -0.015778875 0.167599857 0.222043335 -1.17301452 -0.762863278 -0.519986868 0.291744262 0.193218961 0.403049558 -0.789415658 -0.91170007 -0.239920884 0.989186406 0.172354326
x 0.392181426 -0.114552483 0.047771398 -1.59646368 0.597382188 -0.540799856 0.328867376 0.8893435 0.388908893 -0.186453238 0.455898285 0.383806556 0.999686897 -0.368485361 -1.19559228 0.623596132
x -2.39402604 1.2648499 -1.4449743 -1.13602579 1.25929165 0.829396427 -0.451159865 0.66583699 0.830396652 0.619427741 1.50702953 -0.101832435 -1.2373929 1.01883292 -1.69556844 1.69520545
x -0.850042462 0.728734434 0.384601265 -0.206377998 0.158758923 2.02272081 -0.797600448 -0.12740092 -0.753428996 -1.05264175 0.313734472 -0.239514723 -0.62393105 0.752927303 -2.26807213 0.266324311
x 0.339915425 -1.14673924 -0.083522737 -0.920177042 -1.252702 -0.594919622 1.69857585 1.64030075 0.339326233 0.534279287 0.249906927 0.143287137 1.39562798 0.431031495 0.772108436 0.371323079
x -0.767288744 1.12157953 -0.345083416 -2.31491446 -0.335254103 0.733500719 -0.624603033 1.53501666 1.25906491 1.31260049 -1.79492688 1.91494155 0.391679496 -1.59528172 0.170264229 1.78401184
x 0.765078723 0.7322402 -0.302185386 -2.01133466 1.41335118 -0.650200605 -1.11426771 -0.788101614 0.560755491 -0.51824832 0.0128311338 -0.448128998 0.362288147 -0.488869727 1.291605 -0.947089016
x -0.724113762 -0.685860097 -0.706922352 1.16858149 -0.534087777 0.390719861 0.391589254 0.679060757 0.310279936 -0.866457403 0.60360831 1.00889134 0.843566239 -0.826352715 1.62136221 -0.191244513
x -0.743391514 -0.116885193 0.238743037 -0.000163137724 0.345803708 0.265573919 1.85217845 -0.363129973 -0.99221462 0.449941874 -1.10596108 -2.60874343 1.27749801 -2.14926744 -0.299916148 0.414929658
x -0.415120661 -0.548155248 0.877647936 -1.33402467 0.00961811095 -0.650660753 0.996616244 -0.125228241 1.27474785 0.019180987 1.67944622 0.985493064 -0.742012441 -0.927581489 -0.454164177 2.05678201
x 0.285509318 -0.644295454 -1.03595257 -0.0375665352 1.64339519 -0.43770799 0.304824501 -0.363704383 1.76548827 -0.523126483 0.509050965 -0.472499996 -1.2103349 0.0138696367 -1.25772667 2.08717632
x 0.166345283 -0.767039597 -0.10414964 -0.289888233 1.15730596 -1.07339549 1.72875524 -2.15349936 -1.04442036 2.35880089 0.833683133 0.604605854 0.728803217 -0.624716222 0.980493426 0.128585786
x 0.887672246 1.32826805 2.32789445 -0.586501479 0.206235111 0.657913864 0.387002289 -0.721409023 -0.678689063 0.344220936 -0.879827619 -0.691581428 0.015762182 2.21795464 1.14910316 -0.449437559
x 2.2215693 0.933170617 -0.417620897 0.804971874 -1.2370466 0.270916551 0.548587382 0.208476409 -0.0700770095 1.51863539 -0.572499096 1.21885633 -0.187952146 0.657261789 -0.16662924 0.571725249
x 0.312420785 -0.262275845 -0.543357074 -0.396768332 0.571136534 0.198446512 0.781954944 -0.766869307 1.61994207 -0.495731622 -1.29300201 0.964141607 0.775177717 -0.177139953 0.899256229 -1.49507082
x -0.126392469 -0.3213934 -1.26491034 1.20066988 -0.286450654 -1.24236643 -0.254448265 0.789446771 0.735783815 0.255727857 -1.23629284 -1.42859435 1.2664963 -0.388139188 -0.323898345 0.000899521809
x 0.476050138 -0.876223564 -0.285149395 -0.0608324297 2.206774 -0.200411275 -1.77934837 0.113259576 2.05220294 1.25694549 0.262987405 -1.01284838 -0.320518792 -0.321605772 -1.49152148 -1.2452544
x 1.50013661 -1.9410696 -0.361388862 -0.704233408 0.457015723 1.33322644 -0.431113809 1.09976256 -0.116964273 -1.51883399 0.0295462087 0.639705181 -0.0542608351 0.0991967544 0.702497184 -1.54055452
x 0.944351494 0.122363418 -0.0992656052 -1.01682651 -0.617263973 -0.224618316 0.583931446 0.540005147 -0.602677286 -1.22298408 -0.0284844078 -1.43144488 -1.11730683 0.819414794 -0.711360574 0.697853267
x -0.532575428 -0.159378529 -2.07399154 -0.339740723 0.768696785 0.957330525 -1.36570883 1.65545619 0.0457284898 -0.114697479 0.292875677 -0.533637643 -1.16756332 0.685916126 -0.465915263 -0.118914723
x -0.90992111 1.47251105 -1.458951 -0.891802967 -1.68246448 -0.399017841 -0.42192927 -0.849165857 -0.28356573 1.74942982 -0.378455371 0.361141294 -0.970873415 0.011689919 2.47454119 1.44057667
x 0.165285304 -0.269606292 0.582897604 0.225148663 1.40620744 0.09376847 -0.794170439 -0.923107386 -0.551726937 -0.547297776 -1.38476813 0.767379165 -0.295662284 -1.95080566 -0.499160975 -0.415481269
x 0.0290662609 -0.21557197 -0.510689318 -1.15173388 1.16040659 0.301866084 -0.19165802 -0.192512736 -0.144246548 -1.32233906 0.695668995 -0.378801644 0.346331507 0.340605795 1.84518254 -0.220950276
x 1.70124948 -0.783340693 1.73640633 -0.114775009 1.58192635 0.0380638205 0.165788978 1.4215498 -1.47820628 -0.546330512 -1.00678539 -0.107999906 -0.159782484 0.0798538402 0.858333588 -1.50709879
x 0.142860174 -0.777312815 -0.996450782 -0.184906647 0.282437503 -0.0572951511 -0.985438406 -1.23750222 0.469045043 -0.562084138 1.00289071 -0.692772686 0.973716795 0.00773589499 -0.400147974 -0.204205468
x -0.0873176828 2.02634192 0.176020369 -1.58464706 -1.7241075 -0.498505324 0.458652139 0.549756169 1.28764272 0.222026795 -0.118968308 0.505563021 1.62689328 -0.608636975 1.79192901 -2.37919402
x -2.42106199 1.50102019 0.0600886159 0.722064435 -0.513261497 0.745901346 -0.192319006 0.913048267 -1.40796185 0.987280726 0.870101154 0.700407445 -0.125986546 1.28096139 0.619750917 0.2051671
x 0.451683104 -1.66040075 0.510633051 -0.142536193 -1.25234663 0.470430374 -0.25137648 -0.377925038 -0.8713485 -0.657328963 -1.16155589 0.356603831 -1.24132586 1.92408895 0.249709487 -0.172675505
x -0.129419744 -1.18163264 -0.763831973 1.63882852 -0.399507374 -2.31515002 -0.581269324 0.760501206 -0.0575848743 0.726081848 -1.27002478 -1.07382727 0.516521156 0.5127123 1.59011734 -0.0343312807
x 0.727567136 -0.236671507 -0.480701983 1.01094162 0.546657205 0.507725596 0.617049694 -0.160226449 -0.267566025 -0.710296273 -0.280695587 0.0649973378 -0.811904311 -0.296393394 1.98372197 0.862870455
x 2.42380786 -1.81622553 -0.653608859 0.947422564 -0.0575745218 -1.29444695 -0.104260482 0.328454822 -1.35028863 0.201860264 0.771993518 0.346380979 -0.373860747 0.821224689 0.133320317 -1.55397022
x -1.65351665 -0.504067838 0.0938214362 0.967027307 0.186041221 0.69927907 -0.0421543531 -0.107216589 1.28076243 0.521763146 -1.4919343 1.52470315 0.000931758259 0.814295471 -0.0603552014 0.0364817381
x -0.468112588 -0.906015456 1.00174308 -1.14225364 -1.02316558 -0.129828051 -0.166457459 -1.1712122 -0.795607746 -0.375432432 0.299603224 0.402396441 -0.126441315 1.06620419 0.307232261 0.634345829
x -0.283965439 0.576200306 -0.288064986 1.28791404 1.50514364 -0.720764875 -0.477760822 1.49993348 0.0316138491 0.213990167 -0.402772516 -0.275436193 1.4534682 -0.113792755 -0.304086447 0.348897129
x -2.03570461 -0.0687350035 1.08740652 0.317829907 -0.117450997 1.52796125 -0.672002375 -1.93881178 -0.856502891 0.167791337 0.344458103 0.421464354 0.138995171 -0.296080261 -2.05560255 0.0672783703
x -1.47936714 -0.519878268 0.355492115 -0.26356104 -0.629905105 -2.54548526 0.93505013 0.635991454 -0.490697443 0.230025455 -0.395955175 -1.03578007 0.17378065 -1.02637053 0.90991497 1.20451713
x -2.47377443 0.52391398 -2.09967375 -0.0987125784 -0.695630789 -0.224276707 -0.62699908 0.503927231 0.113576904 1.20273113 0.556976914 -0.0519861318 -0.815716267 0.451534241 -0.172208503 -0.73575443
x -0.835400999 -1.743312 1.06103563 0.770800292 0.813095033 -0.681960404 -0.943071604 -1.1234448 -1.21441114 -0.37077862 -0.949379683 1.40063381 1.73455894 0.586920798 -1.04208386 0.241568074
x 0.767993808 -0.539597273 -0.172003731 2.22098351 -0.693213642 -0.446549147 0.62687397 -0.833590209 1.9755547 0.428698778 -0.379049212 0.039681036 -0.630297124 0.108420871 1.49786878 0.0628436506
x -0.870217264 0.793785632 -1.06224144 -0.210148513 1.07188845 -0.454987735 -0.955704272 1.55579436 0.929700315 0.457986593 0.13447234 0.272518456 0.790033758 -0.0322775617 -1.14267039 0.892994225
x 0.415355831 -0.875074029 0.821513653 -0.397995055 -0.0416429043 -0.516164064 -0.668743908 -0.676231682 1.5237596 -0.537458718 2.24859262 -0.0955461264 0.548216045 -0.936095119 -0.737853467 0.0993521437
x -0.80147022 -1.00087714 0.856458604 -1.27105105 0.0135345915 1.12095225 -1.2597816 -0.0441846587 -0.903398156 1.14668417 -0.11822363 -0.681406319 -0.248601198 0.259157568 0.888231158 1.3170892
x 1.24148953 0.230223671 1.80887914 -0.309525907 -0.406056553 -1.61916649 1.50951374 -1.44838917 -0.933180273 1.39027393 -0.698080838 1.57892346 -0.727410734 -0.241897255 -0.777997494 0.744933426
x 0.31811142 -1.77675056 -0.377743602 0.50940603 1.12058437 0.0942862555 0.806226015 -0.802513599 -1.02260602 -1.80740833 0.768350899 -1.08702612 -0.237878844 -0.0343496315 0.940294504 0.828470707
x 1.97019434 0.884325683 -0.441767901 -0.0838036612 -0.81598109 0.856798589 0.192719489 -1.17596078 1.49423587 -0.690804899 0.30313012 0.463300437 0.153474733 0.68535459 0.0759732649 1.30740488
x -0.239931375 0.244463339 0.0137184449 -0.423750281 -0.888814509 0.470103592 -0.477491409 -0.900048614 -0.149395406 -1.37447703 -2.38724732 -0.989107788 -2.10030961 -1.30742013 1.3046875 0.426482528
x -1.46216881 -0.833916783 -1.54612625 0.390388995 1.80743563 -1.07829571 0.413192779 1.20143092 0.655073881 0.243871763 -0.196746573 0.892783105 0.762706161 -2.31514645 -1.54409409 0.629846454
x 0.159279779 0.296251744 1.36953068 -0.215198487 1.18978441 0.118228577 1.90205491 -0.882349789 0.999112308 0.168726653 -0.671139657 -1.40793109 3.63287663 -0.265749812 0.264215767 0.0710145012
x 1.07737648 -0.135851711 0.76450491 -0.351747036 -0.33944869 -1.5283556 -0.602600217 -0.318189681 1.20996439 -0.108646281 0.243570641 2.06613421 -1.45801485 0.8381778 -1.14503968 -0.448084027
x 1.21352208 2.28642607 -0.445386648 -0.0123648206 -0.451866418 -2.43561387 2.01351929 0.417535037 1.48005724 -0.200081304 0.104788035 -0.547284782 0.13454254 -0.696855783 -2.16223025 -0.424021214
x -1.32002449 -1.39873481 -0.880093992 -0.650164664 1.47771859 -1.05827785 0.651293814 -0.24967511 0.285946608 0.770777702 -0.963498056 0.394441068 1.15472829 -0.150366947 0.83997947 0.347054034
x -0.264839977 0.679820359 -2.55845523 -0.783153892 -0.563496232 -1.27640188 -0.9407655 -0.388121724 -0.346014559 0.0381147228 0.512715697 -0.0295235813 -0.575279772 1.67131877 1.38183224 0.339230955
x -0.519829214 -0.310390145 1.03799784 2.20011973 1.23572814 -0.027306512 -0.215853274 0.340641618 -1.12055898 -0.213883057 -0.58880204 0.363808393 -0.387156069 0.367680579 0.320763886 -0.673215866
x 0.811908126 0.226001769 0.109305382 -2.44047546 0.365616024 1.30196428 0.559524357 -0.156493664 0.141552642 1.04443192 0.0524140857 -0.467718095 0.66373533 -1.16540575 0.579953671 0.180838063
x -0.329974204 0.465231568 1.4328599 -0.690483451 -0.450852126 0.667836964 2.50334048 0.122559875 0.541117847 1.83334684 -0.767209828 -1.73010147 -0.0647371486 -0.467952937 -1.42125976 -2.15503502
x -0.353422284 0.491618454 -1.50205278 0.123178326 0.582568884 -1.20815146 -0.79321456 0.840161264 -0.496834725 -1.19419348 -0.0487541594 -0.181229651 0.513102829 -0.725188851 0.419606209 -1.04736876
x 1.88966334 -0.598400056 -2.33033657 -0.384948373 -0.843957484 0.518770814 -0.357248843 -0.601492822 -0.132615581 0.758941948 -0.137642488 -0.658784747 0.591699719 -1.04541206 -1.19760275 -1.18948281
x 0.838866353 -0.639853656 -1.01014423 0.894971251 0.654333711 -0.495768964 0.586805642 0.387457758 0.514408469 -0.656884134 1.06885624 0.0599364862 -1.05348361 -0.175400987 -0.581512153 0.735267997
x -0.173361704 -0.311317146 -0.598357737 1.17891502 -0.358061522 0.0677769408 -0.915843189 0.0364761315 0.14655982 0.603951514 0.748234093 -1.98733842 -0.530345619 -0.718725681 0.251588494 0.265529275
x 0.287432492 -1.86432183 0.351199836 -0.349665701 -0.375937253 0.576965511 -1.04956162 -0.886084914 -2.04220176 2.00593925 -0.758330226 0.277798295 -0.652730346 -1.42699504 0.283806533 -1.04363072
x -1.42358792 -1.08492792 -0.828280628 -1.41008973 0.25644666 -1.162287 0.29420507 -0.634439647 0.839713871 2.36357594 -0.486440688 0.445023119 -1.00179064 1.05639482 -1.93082809 -0.762164652
x -0.432171434 0.799605727 0.845736206 0.330801398 -1.70664346 -0.519945741 -1.53756678 -1.39117467 0.719831526 -1.33365655 -0.956090152 -0.154614255 1.01389837 0.96995759 0.682713032 -0.0469807312
x 0.0518470518 2.77707815 1.88113141 1.79327464 -0.670828104 0.767335474 2.87462187 0.164304152 0.308542311 0.221520856 -0.0906575844 -1.51029038 -1.6076597 1.5482409 -0.0350412466 -1.84744024
x -0.473857015 -0.203399673 0.416542053 -0.454791844 1.05126739 -0.633113146 -0.521806121 0.251759917 -0.581147492 -0.220068648 -0.42608124 -2.87764049 -1.12072313 0.754215002 -2.37944937 -0.831007242
x 2.07780886 0.454490095 0.00301420386 0.0633391067 -0.983474314 -0.113851041 0.189231604 0.175584123 0.60529542 -0.644307554 0.633320868 0.648121059 -1.58368921 1.17002439 2.24414372 0.375200152
x 0.302263916 -0.613437533 1.17464149 0.410389036 -1.3288877 -0.710581005 0.109815918 0.796222508 0.0632047132 1.41321576 1.47186041 0.267459244 0.0372936465 -0.788852274 0.335942775 -1.4586134
x -0.941116512 0.450343072 0.922338128 -0.95409286 -0.53489399 -1.1566627 -0.635612547 0.928855658 -0.630601406 0.323915541 -0.688699901 -1.96270883 0.989776731 -1.21673179 -0.525290251 0.310096413
x -0.729042709 0.74901396 0.456333935 -0.523645699 -0.124711648 -0.672014832 0.337002546 -0.966197014 2.23475027 2.52162743 2.06570816 -1.43125772 0.0837642774 0.0728360489 1.01785135 0.114621408
x 1.87913191 -0.121912517 0.615153968 0.529080868 0.228173688 -1.59265232 0.759005189 -0.370730191 -1.08312047 1.13484395 0.0964506045 2.42941189 0.142551795 0.0241286885 0.0117079988 1.65280545
x -1.6127311 -0.950118959 -2.48888922 -0.0642110035 -1.03679514 -0.263386399 0.511643708 -0.814822316 -0.286075264 -0.664635718 0.156419784 -0.631958842 1.83443105 -0.659658849 -0.208960712 0.237124622
x -0.418530464 -0.190118596 1.29785657 -0.967348754 -0.615534782 2.66147423 0.512991846 -0.935409307 0.59844929 -1.54079056 -1.29187346 0.409797966 -0.494046926 0.878116429 0.00129952352 0.624410093
x 0.915635169 -0.10907349 0.146704614 -0.529791772 0.744569361 -0.049117323 0.0384280719 0.207459033 1.41237152 0.356773734 1.73853397 -1.7274698 1.89391387 -0.966290414 -0.603531837 -0.610330582
x -0.853111684 -0.652788341 -1.20564139 -1.43284619 0.0239867494 -0.390292794 0.0588037856 0.0390906036 0.995576084 -0.978194416 -1.23092937 -2.45870924 -0.742247581 -0.397060573 1.74128067 -0.241831586
x 0.472088158 1.34388614 1.01967847 0.337661028 1.54509461 0.120092638 2.17452693 0.049213104 -1.03628325 0.706406474 -0.980754375 -0.619888604 -0.339667082 0.490878612 1.84603512 -0.601871073
x 0.835144997 0.0474659353 1.37533295 -0.589965701 0.555078506 1.52273464 -0.610991001 -1.2012639 -1.35950446 -0.494184375 -1.6423403 -0.571627915 0.491366684 -0.234894514 0.97985208 -1.54551566
x 0.716305077 -1.71304643 -1.12779701 1.11515963 0.474662066 -1.5561595 -1.37347507 -0.169765458 0.329865396 1.91905046 -0.26832068 -2.35041142 -0.0322811827 -0.339326531 -1.04988885 -0.881007195
x -0.0478224084 0.733716607 -0.0121491477 0.201088548 0.157519639 -1.05656397 0.213487133 -0.804057598 2.80506182 1.4778614 0.430759519 -0.230914339 2.04418612 0.583999693 1.48380101 0.521929026
x 0.533627808 0.404791445 -0.820783138 -1.01094627 -0.341267049 1.6584599 -1.2674334 0.755573511 0.448716909 -0.485526502 1.21034372 1.13774633 0.155748576 -1.02830672 -0.0148982462 0.169301778
x -0.833497107 -0.55273968 -0.857338488 0.755420506 -0.61820966 -0.103996873 -1.39459097 -0.415454358 2.77273321 -1.07733953 1.76211476 0.0315880813 1.36630118 1.23476422 -0.410372108 -0.575343668
x 0.650540113 1.24214172 -0.809796393 0.66155386 -0.121601321 1.38608277 0.100951634 1.12756717 -0.10823822 -1.04363751 0.65891248 -0.140117913 -1.05987954 -0.264649123 -1.65955615 2.05446553
x -1.75115323 -0.867555559 1.07589459 -0.267115265 0.416059881 -1.38364673 1.67761278 1.06961226 1.81319535 0.340907782 -1.04465449 -0.720798612 -0.628259897 0.572178662 -0.384236664 -0.596744478
x 0.841071665 -1.09710073 -0.335323155 -0.379032046 -0.617731214 -1.00580108 -0.192008957 0.11036092 -0.211803123 -0.0992902368 -0.0758010596 0.136264205 -0.708700359 -0.545627058 1.04524183 0.711347282
x -0.312491775 -1.58338177 0.655686319 0.0857473016 -2.31075191 -0.162406176 0.863105118 2.03095818 -0.132007286 -0.0191773046 -0.627506971 0.60890913 0.577594101 -1.38372672 -0.419723839 -0.535176694
x 1.31107986 0.771436393 -0.350491911 0.428195775 1.0608803 -0.694240451 -0.510172009 0.914022624 0.80358094 -0.36011678 0.123113714 -0.308066487 -0.619153798 0.901404977 -1.01392806 1.49349964
x 0.224135429 0.273543835 -0.531627715 -0.159724578 -1.30889821 -0.909827173 0.372751534 1.23214507 -0.139650077 -0.63619864 -0.251381189 0.472405702 -0.5342682 0.812654614 0.602001965 -0.0880230442
x 0.921572983 -0.665898323 -2.49573469 -0.581121862 0.327387393 -0.727821529 -1.29483485 0.300431371 -1.32447648 0.344234198 0.619712651 0.530991495 -0.296743095 -0.323253185 -0.891616046 -0.670306206
x -0.362515092 0.268053383 -1.06884718 0.757034123 1.64095914 -0.464369565 1.12759745 -0.0820535496 0.62964493 1.41445386 -0.679626048 -0.675934255 1.18598092 -1.0780952 -0.129342124 -1.01401913
x -2.5187149 -0.184791118 0.822329462 0.506881654 -0.470887423 0.344174027 -0.000902997854 -1.52638447 -1.66409457 1.47795606 -1.06531572 0.569976926 0.411301315 -2.54543686 0.316898644 0.360307813
x -0.0344580747 1.02035666 -1.08814573 0.875442982 0.430710733 0.101247475 0.157789811 1.0870831 -1.78227496 0.0785701871 -1.3154726 0.128404036 0.27191183 0.734932721 0.0439705104 -1.03982258
x -0.380356371 0.804073632 0.417357892 -0.136173546 -1.67018044 -0.923798263 0.401368022 -0.947105885 0.322721094 0.847808063 0.586578071 0.296551436 0.421523243 -1.24249911 -0.859009743 -2.05990839
x -0.780358672 0.943872929 -1.32945049 0.416661412 -0.295479923 1.85244095 -0.323069215 -1.24260283 1.49539626 0.253088266 0.813634098 -0.149340495 -0.998968899 1.09162295 -1.11079097 1.11861503
x 0.335291445 1.7883836 -0.220820874 -0.689763725 -0.666294098 -0.646478117 0.124395058 0.0550446585 -1.30034626 -0.616990089 -0.0397866555 -1.31065023 -1.38253665 0.371808439 -0.727475762 0.0197919477
x -0.678801715 0.111298472 -2.48642325 -0.592403948 0.856863678 1.10046291 -0.0202579144 -0.463728428 -0.205363676 0.660048842 -1.76982951 -0.0415357053 1.57825255 -1.76982927 -0.463622361 -0.174601719
x -0.421314269 0.560450315 -1.19035029 0.441673607 -0.113724798 -0.260422438 -1.04945064 -0.0240853839 -0.136248142 0.543678403 -0.347592771 -1.34780264 -2.36734056 2.62091231 0.264330029 0.0131259626
x -1.01039994 0.311517626 -0.481481314 0.435615361 0.921390772 0.429624557 -0.0558678433 -1.12445676 -1.6155225 1.02693629 -1.15016019 -2.41619325 1.45027745 0.172187105 0.231522873 0.785732031
x 1.08054304 1.34254909 -1.97751117 2.13115788 -0.67721802 -0.434917897 1.54179204 0.408650488 0.500050426 1.57677948 -0.60868001 0.488895774 0.566846669 1.53605497 0.813320637 0.20689927
x 0.422561169 0.114541292 -0.326279998 0.813116729 -1.21252108 -0.0927826688 -0.735750973 -0.580150545 -0.0851922482 1.12175333 0.116647549 -0.509576678 1.44024074 -0.933714569 0.459166706 2.01575136
x 1.67236817 0.877999425 0.226438627 0.224713147 -1.09690607 1.11940527 -1.18707001 -0.921917617 1.08976161 -0.355205536 -0.452004015 -0.975517273 -0.0484963506 0.922881544 0.88753438 1.02315831
x -0.215727299 0.121794894 -2.5074594 0.567478895 0.950386882 -1.28306699 0.0753858462 0.933939457 1.2030617 -1.78743219 1.50137019 0.118791617 -0.126610547 0.829089344 0.40462777 1.49973333
x -0.705159426 -0.41560778 -1.51837134 -0.505686939 -0.334269404 1.16801929 1.40637183 0.270592719 0.218133301 0.539928317 0.222171277 -1.6812911 -0.660790503 0.97636193 -0.687206328 0.195639804
x 0.478118956 0.0502893366 -1.54838145 0.220415309 -0.140520692 0.876997173 -1.12798512 -1.04005754 -0.397226632 0.438463271 0.038397193 -0.275734335 1.70502532 -0.330033153 0.19141522 -0.72373116
x -1.33645594 -2.61861515 -0.115444519 0.506893516 -1.46858156 0.0139025869 -0.38124305 0.855625749 1.02404797 -0.971934199 -0.543729305 1.1838516 0.0708955303 -0.690587223 -1.68179584 -0.616430223
x -1.51562333 1.24080944 1.41532671 0.345625371 -2.06643081 -1.37213361 -1.46453035 0.388874084 0.353331745 -0.0859553739 0.0619082749 -0.196455002 0.197536498 0.10450273 0.628019214 1.47146869
x 1.70464742 1.01691985 0.113758303 -0.842484474 1.00200474 0.375661433 -0.0585458055 -0.420522571 -0.00933502428 -0.19394131 -2.07207417 -0.114909425 -1.43327141 1.07743108 -1.18553412 -0.00905700959
x -0.149929404 -0.88862288 -1.95426869 0.669812799 -0.0220436938 -0.144940108 0.340975225 -1.41080558 1.77142501 0.174495071 0.542062521 -1.10368562 -0.745185375 0.259168506 -0.872752428 0.647885382
x 0.952945292 -2.53910422 0.204631448 -1.19734323 0.933419406 -0.50372076 -0.114872552 1.03877306 1.92981791 -0.89195627 0.744685173 -0.917343199 -0.203415275 -0.939287305 -0.117804557 -1.81643045
x -0.679506898 0.386539131 0.0314460732 -0.989794016 1.05493474 -0.682510078 -1.11582386 -0.104697794 -1.47499216 0.834497392 0.474676758 -2.54949474 -0.695441067 -1.69824982 -0.0753132552 -1.54084384
x 0.351237446 0.826084018 -1.79556179 -3.06467462 0.785776734 -2.23103452 -1.33840954 -0.308654398 -0.945888698 0.97612226 1.82471704 1.18352044 1.90250337 0.61248529 -0.622145772 -0.866970599
x 0.353149444 0.322018057 0.717954814 -1.75967407 -0.27241981 0.706007123 1.15695715 -1.59605384 -0.904070914 -0.471010506 -1.44919097 0.347557306 -0.22737588 0.693873823 -0.0486413613 0.347006172
x -2.02196169 0.14347595 0.644396365 0.309812844 -0.572179019 -3.14178348 0.635885298 0.088822484 0.748010874 1.36947179 0.152811721 0.149389669 -1.24133015 -1.07209229 -0.70588243 0.50730145
x -0.849458396 0.806263983 0.454483449 0.0189565625 -0.127221972 0.292115688 0.105536111 0.198929816 0.292469531 -0.500964999 0.428218544 -0.600134671 -0.00577122532 -0.842642307 0.520877957 -1.82200563
x -0.830019355 0.527472913 0.5275684 0.623602033 -0.677244127 -0.898506701 -0.511263609 1.22108495 0.347387373 1.77180469 0.53633213 1.03716028 0.350071073 1.04083467 -1.2028861 -1.20386457
x -1.06648207 -0.732517719 0.532721043 -0.146265268 0.0991839543 -1.16744208 -1.47555125 0.711004376 0.70069927 -0.72258836 0.911554575 0.189598382 -0.172327116 0.50005734 -0.211609557 1.41562843
x -1.18591928 1.20421469 -0.680709839 1.14850867 -1.78829026 -0.671418369 0.16661498 -0.465195537 -1.95860732 0.0144396927 -0.328005821 1.7300669 -1.39253187 -0.455277532 -0.264298558 -0.0520394184
x 0.518279731 -0.615149617 -0.411402255 -0.923290014 0.034641128 1.5854224 -0.264004827 -0.289730132 0.618830383 -0.96794337 1.65573251 1.10065162 1.27033532 0.426550865 1.52607453 0.543616831
x 0.941687346 -0.033002723 -1.76315248 0.654841959 -0.016554907 0.158880726 0.647890806 -0.171721771 1.37523174 -0.251863807 -0.765070021 -0.465445042 -0.977521896 0.0702161342 2.07534575 0.0272915531
x 0.381081522 0.641620696 0.685141981 -0.272868365 2.11662722 0.695569158 -1.64278305 0.617917299 0.109376334 0.674240053 0.740506232 -0.64377749 0.751271784 0.877717495 -0.357728362 -0.130130097
x -0.755868495 -0.831708968 0.795058668 0.0216458943 0.164081916 -0.830011964 1.02845633 -0.125278026 0.74083364 -2.18900681 -1.64439607 0.986792386 0.3765378 -0.50456363 -1.07282341 2.09105706
x -0.820615709 0.337377876 -1.14021719 -1.35703695 -1.72998798 0.0844135135 1.23151255 -0.523879588 0.515489876 0.849302828 1.00462437 0.300972342 -1.36785889 -0.911519706 -1.41290569 -1.59825826
x -0.170902967 0.283976167 0.980469644 -1.86509681 3.22289681 -0.344179869 0.245564669 0.903588533 -0.0670860112 -1.3780278 -0.36467734 -0.973678112 0.348174661 -0.237071544 1.10648441 -1.62479949
x 0.19117102 -1.60441685 -1.80359471 1.40620673 1.04169869 -0.0713299289 -0.834826708 -0.970902026 -1.00565898 -1.32975054 -2.19990468 -1.10389161 1.29628301 -0.0088439947 -0.704633117 0.942728817
x 0.437299669 -1.20061421 -0.723378897 -1.07522929 -0.705595911 -2.15985128e-05 1.07965267 1.54708397 0.167346954 -1.08684778 -0.79960674 0.144106343 -0.526339829 -0.0317567177 -0.608365357 1.66434968
x 1.16420579 -0.340504915 -1.63939953 0.0563610978 0.171082079 -0.57119 -0.563760757 0.931919336 -1.85284543 0.270066231 0.298626184 -0.527044475 1.21016324 -0.972119093 0.0307984389 -0.518392205
x -1.48664606 1.39620233 0.704174757 0.443766326 -0.502813578 -0.257088959 -0.99472332 -1.15874505 -0.848968446 -0.950568199 0.744986296 0.603275299 -0.660103261 -0.412911415 -0.932910979 0.183505252
x -0.0591351986 0.228777975 -1.29777586 -0.508099258 0.206160739 -1.16516471 -0.532885492 1.04983401 -0.457995594 -1.44896793 1.96998179 -0.474752396 -0.0259012338 -1.21416485 -2.03442049 -0.0325374156
x 0.896191657 0.658566773 -0.300505102 1.1731236 1.6004132 -0.273081839 0.191087231 -0.29047218 0.638847351 -0.620931983 0.826590002 0.144137278 -0.480173826 -1.83119404 1.51782596 0.644738317
x -2.14888644 0.574532986 -2.64161468 -0.599566102 -0.245455578 1.08476686 1.65040994 -1.54725492 0.926886559 -0.267323434 0.196127653 1.50859344 0.667731106 0.526197433 -0.959406078 -1.17967784
x -0.382578611 0.794746041 1.35153353 -1.03795981 1.16450763 -0.199249417 0.200707287 -0.643824995 -0.00513220904 -0.808036745 0.719802976 -0.649749339 -0.48346439 0.336104363 1.09955728 -0.943828046
x 1.05246603 0.980079234 1.10722315 0.113815993 -0.320842534 0.0705038384 -0.267345816 1.88869703 -2.14412117 0.583233476 2.5346725 -0.281489938 -0.2673271 0.766418576 0.456560403 0.0225213934
x -1.13495028 0.909262538 -0.0684832186 0.483820409 0.626640379 -0.910668671 1.01397026 -0.197070494 -0.963835418 0.0582600757 -1.1276567 0.592638612 -0.757055998 0.40462634 0.0435531139 0.368013769
x -0.00700617954 -1.00448692 1.55748713 -0.838604391 1.16959596 1.73405504 0.625627279 1.09122181 1.60026991 1.2933501 -0.980671704 -1.20331633 0.267465144 0.174747169 0.401925951 -0.171835691
x 0.39129281 -0.748593211 0.248571411 0.283729643 0.581236839 0.0380858816 1.10625374 -0.0241129864 0.81742394 -1.48859787 0.740584314 0.435200423 0.00395875331 0.455780894 -0.019345047 0.532592058
x -0.425576061 -0.238739491 -0.496016622 -0.977104843 0.874815166 -0.289387017 -0.263147622 1.34728587 0.190081328 0.515154898 -0.255764663 0.416679025 1.84380198 0.468756378 1.90134752 0.514993489
x 0.851828337 -0.964215815 0.469926149 0.50874722 0.921692312 -2.02515221 -1.09106815 0.334427178 0.868712246 0.31104359 -3.0105927 -0.421623737 0.351868361 1.01730192 0.013772144 0.28949061
x -0.755364537 -0.439930558 0.643285692 0.355621099 0.638715327 0.478703111 -0.530358672 0.912316859 -0.226508021 0.481687665 -0.467350811 1.26811838 -0.677030265 0.0768139586 0.853237092 1.25409114
x 0.5657956 1.18368888 0.762172282 -0.3313829 0.798369586 0.105902679 -1.13399076 -0.661566019 0.426898003 -0.800614417 1.51251709 -0.757500231 -1.15069222 0.612340927 -0.606661499 2.7215097
x -0.329749823 1.18787897 0.80210042 -0.295563132 -0.890890241 0.253233492 -0.80912751 -0.0215772036 -0.698823273 0.0490074791 -0.344653338 2.88970637 -0.394540876 -0.25441432 0.181111306 -0.141745225
x -0.548783362 -1.50683939 -0.0528742932 -0.27823925 -0.280029237 -0.725320876 0.71283555 -1.1595397 1.86205339 0.0898860395 2.33861542 1.61441684 2.28423119 -0.583477974 -0.124124356 0.672226846
x 0.378847092 -1.48270655 0.639609158 0.866478324 -0.598965526 -0.714188933 0.217630342 -0.395129859 -0.27027452 -0.519245505 -0.589931846 -1.890082 -1.62638521 0.730855882 1.81897247 -0.0910054669
x -2.30726075 -0.381919622 0.419396877 -1.0409236 0.280190796 1.50288796 -0.493430942 -1.60245955 -1.82553184 0.0273104422 0.194288343 -1.39847577 -0.265351176 0.621563315 0.639356077 0.472609967
x 0.260079533 -0.391522318 2.35197568 -0.72639668 0.34487623 0.405193508 -1.11667454 -0.383037448 0.564723015 -1.11282194 -0.612949789 -1.1006434 -0.354209512 0.134837165 1.94017577 -1.89095819
x 0.0874714553 0.53136903 -1.5729214 -0.0671348274 -1.11537445 0.659137189 -0.788980305 1.64320064 1.20067823 -0.39694038 1.0491147 1.49972737 -0.498815536 0.112748556 0.180819675 -0.712676764
x 2.02681112 -0.72485733 -0.909786165 1.43177211 -0.430230021 -0.716985583 -0.0921626166 0.394644618 -0.164488077 1.54262817 1.29973793 0.050560452 -0.117126808 -1.72700751 -0.908764958 -1.28337467
x 0.737676978 -1.09669864 -2.43768454 0.504299521 1.73165584 1.06132686 1.14641893 0.456635416 -0.976061046 -0.788221598 1.06851971 -0.847059488 -0.238824457 1.02392745 -0.475045353 -1.32379103
x -0.686946094 -1.09286177 2.34052944 0.434481025 1.44126832 1.12725937 0.975019395 0.129081383 -1.07159543 0.120419532 -0.0622843876 1.40831268 0.574174166 0.473734707 -0.136330768 1.73611319
x 0.213020861 -1.68052113 0.509066164 0.162506029 -1.00293159 -0.546757579 -0.443944782 0.0362345129 1.52416503 1.54470789 0.549482465 -1.2455442 -0.448275805 -0.0570052676 -2.02675891 -0.190732121
x -1.04066789 0.679968596 0.885465264 1.02042651 1.37243593 2.26313066 -0.13519299 -0.455427438 -0.189549059 0.169660255 -0.930178285 0.0396548435 -0.716858685 -0.831516981 0.770832241 0.898852289
x -0.379590988 0.828680098 -0.514393508 1.70229971 0.371666521 -0.802707195 0.923590064 0.870953441 -0.803555369 0.458542854 0.0915256739 1.38107383 -0.807859659 1.40614545 0.614464045 -0.699775517
x -0.708194494 0.26737681 -0.0268875249 -0.155321777 1.90504444 0.207200155 -0.125890881 -2.55307364 0.780541241 1.52210104 -0.257504791 -0.953685522 1.60525572 1.31414926 0.535957396 -2.12404823
x -0.457090706 -1.30248678 0.694955289 -1.04852819 0.240665302 0.981557488 -0.221960142 0.889786243 -0.493346959 -1.29897356 1.51941788 1.78087592 0.379692495 -1.60148716 -1.58501709 1.38412917
x 0.529593587 -0.171942458 0.3719109 2.03829169 -0.621851265 -0.145829171 -0.808652282 1.45404935 0.470755458 1.04100609 0.18349345 -2.03077984 -0.757164598 -0.920251966 -0.787525237 0.215136096
x -0.359205097 1.02199721 0.0453736298 -0.206548035 1.48082793 -0.736400425 -1.09791732 1.66725528 1.15687001 -0.710417867 -0.112854749 -0.83621484 -0.087224327 -1.23459566 -0.259491533 1.55642116
x -1.30488312 0.243406534 0.837062001 -0.491230726 0.948700011 -0.52380085 1.19475281 0.81958127 -0.899279535 1.11308491 0.258537531 -0.747981429 -0.853287935 0.0829041079 0.471584111 -1.52944803
x -1.31385124 -1.6090312 -0.172825426 -1.09452856 -1.26913726 0.50437808 0.946015358 -0.294861287 -0.689992428 -1.34420705 0.733159781 0.0997136012 -1.15129817 -1.18515682 -1.07306254 1.3173728
x -1.10687923 -1.18620658 1.08736432 -0.0564421527 -1.6667577 1.02919507 0.601679564 -1.43010628 0.447562635 -0.792512774 0.586666405 0.8423298 0.380767673 -0.252513528 -0.21822533 -0.463860244
x 2.09008455 0.668898225 0.39961952 2.23309875 -0.157289445 -0.667307198 0.583270967 -1.42670143 -0.541335762 0.925817072 0.37337327 1.0721966 1.38782954 0.675343931 -1.02577806 -2.00834656
x -0.446082294 -1.60427678 -0.289657116 -0.654162884 -2.05173039 -0.603664517 0.193141624 0.349484891 -0.685522854 0.608691514 -0.0695289671 0.253444016 0.961720884 -1.06764567 0.0207055137 0.441604316
x -1.23646605 -0.124895491 1.5372659 0.182968438 -0.168768853 -0.216624349 -0.0878476426 0.209141836 -1.55201125 -0.0507584959 -0.393395662 -0.408495545 -0.495009005 0.660484135 2.52302933 1.05176413
x -0.0491530634 0.629375577 -0.693703592 0.238375098 0.801758528 0.962712705 -0.652679324 -1.12167335 0.240416184 -0.0495763943 1.01714051 0.21781376 0.0675527751 1.28644073 0.742418051 -1.69780147
x 0.570638299 1.00236225 -1.15865564 -0.071673736 0.129786685 -0.938593507 -1.55244398 -0.331881315 0.36408934 0.151316106 0.618232012 -0.0284596458 0.678142548 -0.241925448 1.23872101 1.0128628
x 0.661721587 1.13544559 -0.877344668 0.0841302201 -1.15889144 0.274894893 0.152642205 0.15290913 0.809796989 -0.449345648 0.511827171 -0.221720517 -0.487572551 -0.698889136 0.367337972 0.527604222
x 1.40100455 -0.833845496 0.227805063 -0.291917294 -1.48354888 0.938925028 -0.715221465 0.560574889 -2.08135223 -0.00876014307 -0.230751052 1.5851227 -0.521015167 1.03880286 0.206958279 1.42289805
x -0.348173559 0.151735514 0.601512372 -0.680394769 0.589893579 -0.947726727 -2.04062557 0.350713909 0.875746489 -1.10806894 1.38739574 0.153700128 1.51312745 1.03455877 1.30913603 0.643203139
x 1.00567532 -1.50797856 -1.38743162 0.159353301 1.08644664 -1.31290174 0.938968658 -0.298214823 1.45199955 0.427658975 -0.153889209 -0.195571959 -0.725941658 0.87098223 -0.299711645 0.654779255
x -0.229409695 0.121947281 1.0692023 1.49940693 1.59060013 0.783742964 -0.140580237 0.308622777 -0.682972908 -0.55424571 0.240072876 -0.469316989 1.84048867 0.605906546 0.456748456 -1.71752584
x -1.58669853 0.51405561 -0.187299788 2.01975107 -0.00774511695 0.797974765 0.0731831267 0.0720126629 0.185132995 0.73984921 0.146499455 0.216398314 0.506517053 -0.00290554506 -2.57407904 1.01094759
x -1.8254323 -0.221170694 -1.1578542 0.37275818 -0.352069706 -0.252021283 -0.000954429503 -0.667092562 0.848069072 -0.172603533 0.922580004 -1.06191313 2.0070653 -0.415418208 0.997206271 0.405723304
x 0.227910653 0.446088701 0.263399273 -1.67130637 0.684730113 -0.199801296 0.46174112 1.60110998 -0.562765956 -0.455386311 -0.444942057 1.5455966 -0.600729346 1.01430023 -0.472646892 0.792491913
x -0.0703825057 0.615792334 -1.05668139 0.937228858 1.01255405 -1.04099619 -1.35756361 0.0939723626 -0.168369621 1.51136672 0.872135758 0.763420463 -1.28196752 -0.845040798 0.902715087 0.38346684
x 0.163687631 -0.674543142 -0.14384459 0.361057967 1.07501292 -0.61450398 -1.20410728 -0.0700850263 -0.345240533 -0.506802857 -0.0403171778 1.50961256 0.389785379 -1.163118 0.436525047 1.69679081
x -0.147242576 0.91967684 0.327334881 0.722285867 0.518573701 1.89617693 2.66477942 -0.316685617 0.633323848 0.0161792021 1.50653875 0.110790916 -0.333952039 2.59334588 0.782903731 -1.0064621
x -1.17008209 0.719142437 -0.930788934 0.0345494784 0.467182517 -3.43097115 0.96613884 0.608451128 -0.895354867 0.731973112 -0.485035032 0.811226368 -1.45008457 -0.814429224 0.0597493239 -1.71985483
x 0.286153555 -0.465964645 0.736384034 -0.0584999695 0.606767714 -2.59342527 0.159820631 -0.205370024 1.04840732 -0.574400902 0.286436677 -0.878920436 0.319030732 2.12379909 0.948218584 0.441679865
x 1.68334723 -0.149494588 -0.414865375 0.764558434 0.767433882 1.55172694 -0.710056782 0.0787350461 0.688379467 0.0414339304 -0.394217879 1.11005127 -0.588613391 -1.01279557 0.706462145 0.0361539051
x 1.16110313 0.51724261 -0.883673012 1.48451102 -1.24628973 0.130825698 0.420877934 1.73503828 -0.125072256 0.924074054 -0.819419801 -0.139099225 1.31541431 -0.918512225 -0.297462851 0.0712170675
x -0.0666018799 -1.21233582 0.87300849 -0.984022737 0.0270067677 0.557436764 0.709602296 0.529080868 0.557799816 1.2593962 -1.28279698 0.713738739 1.13946962 -0.356044501 1.10619831 0.177885234
x 0.111188233 0.902191341 -1.43006885 -1.42980731 -0.435027629 -0.545342743 -0.584794223 1.02450335 -0.59259218 0.756747663 -0.422665 1.71619511 0.0330784954 0.73295778 3.14843392 -0.274700165
x 1.1286273 -1.0506742 0.0166789629 1.0774467 -0.0641051233 1.02139258 0.422876656 0.732256472 0.232945606 -0.1309084 -0.00842765812 -0.144834906 -0.675803065 1.27365816 -0.158384547 -0.574831188
x -0.274329811 -0.31037581 1.48656762 1.25916088 0.349981308 0.0400733389 0.438351452 -1.87477827 0.0938878655 0.164197072 -0.579924881 0.605339706 1.31011415 0.657439947 0.47529608 -0.183761656
x -0.120228559 -0.501636565 -1.19646096 0.740398347 -0.949252069 0.561761379 1.24882948 0.859584987 1.61687958 -0.643199861 0.463949442 1.17810547 1.55306613 -1.32865489 -0.932696402 0.176498011
x -0.81898421 -0.156558394 0.0059850933 0.0730198696 0.0578821972 -0.507197261 -0.547205091 -0.664200544 -0.574239612 2.15453839 0.0717144012 0.162576497 1.77696276 0.492075413 0.95261234 0.117694467
x 0.553675115 0.466339588 0.446580678 2.50363183 0.127349928 -0.654389262 -0.197187543 0.934488595 0.594836295 1.58047426 -1.38370037 0.139639705 1.27002573 -0.0499986745 -0.470665246 1.01521921
x 0.754240453 0.178375915 -0.156908661 0.79733932 -0.959664583 -1.02155447 -0.743253291 0.446416706 -1.08328509 -0.122433461 0.221500263 0.52358216 -0.712683201 0.115562528 0.323603511 1.51638722
x -0.443274677 1.32310271 -0.35700354 2.99677134 -1.04817104 0.171757728 -0.0760564432 -0.425587624 0.692451954 0.291925043 -0.81374824 1.33769369 -0.375388265 0.467862219 2.00584936 -2.16131926
x 1.8240788 0.714090228 -1.33346772 1.49321294 -0.283526748 0.251145512 -0.920189381 0.652812719 -0.419324875 0.256976664 0.806440353 -0.182986841 0.487415254 -0.182879284 -1.64350474 0.375674367
x 0.376838595 -1.59901989 -1.16399693 0.551672995 0.13953793 -1.0947026 1.13281059 1.15981233 2.30949783 0.506606877 0.298412293 -0.00429725461 -2.05392003 0.171366826 1.43759179 0.134668767
x 0.0139641743 0.586081743 1.23281407 -1.00466835 1.16158044 0.477312744 -0.847026408 -0.590245128 -0.33207643 -0.618539214 -0.935953379 -0.899258673 -0.363586247 -0.712285221 -0.173678696 1.27232039
x 0.39143607 -0.1745051 0.277228087 -0.902741313 -0.175493196 0.71549803 -1.43729925 -1.08313978 -1.78635466 -0.292760432 0.224838376 -0.755924344 0.879388928 -0.495785743 -2.25322056 0.720454454
x 1.36394286 -1.67246068 0.459868819 -1.10494661 0.323335618 -0.555933297 -0.440833688 -1.27018321 -0.573531985 0.838905454 0.94088906 0.870798945 0.602628589 -0.354914308 1.08528209 -0.692108452
x 0.760198355 0.587350011 0.736249149 0.453643918 0.546822906 1.10003603 0.294859886 -0.455083281 -1.71298516 -0.627788424 1.67409623 -0.676555634 0.0408579409 -0.46068871 1.66704679 1.24634767
x 1.07463634 0.456209242 -1.87129152 -0.926787853 0.634010732 -0.784216464 0.617961645 -0.161195114 0.501948297 0.398491144 0.871683717 0.145668894 0.486079484 -0.368907779 0.448206097 -1.29564607
x -0.628099442 0.0648820177 -0.493340284 2.51241589 -0.0846653581 1.35525358 -0.702833891 1.58440936 -1.03308499 -0.595166862 0.273117483 -0.484790981 1.32080948 -1.21018636 -0.915963113 -1.37989247
x -1.11774421 0.921018124 -1.3291074 0.561164856 -0.196369499 -2.16384029 0.395400584 -1.59424198 -0.170011193 0.901682675 0.240455419 1.69662821 -1.16912079 -1.37899637 -0.389237076 -0.467655867
x 0.612370133 1.36887538 0.126223907 -0.874045134 2.00274301 0.574120522 0.956513405 -3.31992626 0.464646339 -0.362094492 0.222642154 1.07253659 -0.641760051 -1.19487 -0.346253186 0.243658796
x 0.509257197 0.46163246 1.12314487 0.396866292 1.19150126 0.124760427 1.83072031 1.26582706 1.06318092 -0.496019751 -0.534726799 0.653296232 0.879309058 0.287490278 0.807809472 -0.89277941
x 0.582934916 -1.67145252 -0.704376698 1.4627136 -0.343468428 -0.694499135 1.91119015 0.140372247 0.193504661 0.586034119 0.809736431 1.92495477 -0.921771109 -0.354915768 -0.61687988 -0.179226309
x -0.543454766 0.701186895 0.537686825 -0.00662899297 0.452861309 0.169455737 0.780777812 0.112166785 -0.800462067 -0.316426128 -0.772855341 0.634752214 -1.43916142 -0.718232095 -0.116861053 -0.0597467907
x -0.218559191 0.191122219 0.399169654 0.284600914 -2.15241241 -0.508036852 -2.64716268 -0.889897227 -1.0682472 -0.687842429 0.309499502 0.551932514 0.191692412 -0.615487337 -0.491997838 -1.62001276
x -1.07977784 0.356854439 0.284215629 -0.0333004408 0.869570911 0.0429260172 -1.62102497 -0.0423286483 -0.146179199 0.805467427 0.689392567 0.563512862 0.604677141 -0.546688914 -1.63017321 1.35586309
x -0.657090545 1.33749831 1.045187 -0.866913557 -0.929701567 3.14162922 -0.8052302 -1.49705517 0.161369786 0.670229197 1.74462879 1.12203729 -0.630255461 -1.44730079 -0.506664276 0.442353547
x 0.366636544 -0.19461289 1.61627316 -0.300665349 -1.1965456 0.175908253 -1.1054194 0.592958868 -0.709909201 -0.787509382 -1.70471334 0.0277251676 1.38294053 -1.34198797 1.45187211 0.352235854
x 2.16648364 0.312251836 -0.409626067 0.17250897 -0.792031527 -0.444694906 -0.0296413973 0.333894491 -1.55745029 0.906172693 0.28724429 -0.280096114 -0.234241858 0.0587668195 1.37824464 -0.241833255
x -0.185913458 0.84408474 -1.05254412 -0.341368735 1.32100725 0.760902882 -0.00227245153 1.33230829 1.18443716 0.231061742 -0.133385122 2.0375669 0.909491301 -0.0276677404 -1.13694429 -0.701729238
x 0.996263325 -0.577817678 -0.729948342 -0.455688745 -0.284998327 0.687565804 1.09262228 -0.298514724 0.0312974826 0.886415184 0.0203540884 0.528333545 1.43066049 2.54176092 2.39818501 -0.362512469
x 0.671986282 -0.382887632 -1.19366109 0.723234355 1.09848213 0.495108604 0.191918284 0.45697999 0.99132514 0.761688828 -0.345376581 -1.00709069 0.541550636 0.942546606 -1.15800393 1.7580992
x -1.68108952 -0.718840182 0.342003554 -0.0260507353 0.106637985 -0.74210149 -0.653600216 0.626324713 -0.889206529 1.13366628 -0.252377421 -0.229682475 -1.04393768 -0.0801089555 0.0600507557 -0.19912149
x 0.979644477 -0.0300374348 1.78162503 1.07498062 0.621773362 1.67986846 -0.725211501 -0.462716669 0.451710194 -0.617964864 0.760681272 1.38048875 -1.7304008 -0.446050555 -0.872809947 0.803767383
x -1.29374671 1.25751567 0.551996827 0.417796761 1.96390069 0.598605514 -0.202609032 1.86535931 1.61885977 -2.22336078 -0.47123763 0.589400351 -1.02170062 0.623979092 -0.0992280394 1.26313412
x 0.405997843 -1.02754498 -0.182125404 -0.442834944 0.140435398 -0.0705896541 0.316387057 -1.39311612 -0.6444695 -0.360405117 0.665670633 -1.04706132 0.425284028 0.19093439 -0.367938966 0.479458749
x -0.0884458497 -1.02371979 0.971963644 0.189695671 -0.0720349401 -0.708735108 -0.329489648 1.01988268 -0.293382347 -0.113721333 1.32930911 1.11886871 -1.17128646 -0.881693244 -0.488219291 0.416095376
x 1.51626647 1.07982826 0.121183939 0.623689592 -0.725051105 -0.450897336 1.26080704 -1.0208565 -1.42413473 2.89300036 0.806773424 -0.688884914 1.46159971 0.956581771 -0.325601041 0.940368235
x 0.436188668 -1.01742923 -0.880958855 -0.153215453 -0.768468142 -0.583407998 1.58939743 -2.11551285 -1.18753111 -0.577661633 1.1375978 1.80450857 -0.226442307 -1.12066483 -0.570257425 1.52962387
x -0.529548526 -0.0629423782 -0.938622475 0.334196478 -0.467524558 0.59182471 -0.649463832 -1.35307753 2.13005924 -0.291901112 -2.38877726 -2.31859326 0.458927602 1.88589811 0.916055799 -0.268119335
x -0.440858871 -0.301338553 -0.444934011 0.718433559 0.560799539 0.708266497 -0.309382051 0.265874952 -0.40642181 0.650498927 -1.39315689 0.130170584 0.863114536 0.108801641 0.926005781 -0.329849541
x -1.06058216 2.8785007 1.2357794 -1.34185719 1.89812231 0.765491247 -0.347252458 -0.944942892 1.97651756 -0.210798889 -1.45747209 -0.469657719 0.192775846 0.281311125 -1.02905834 -0.303511977
x 0.851499975 0.806765437 1.55831432 -0.173661336 0.136912376 -1.18479133 -0.998265564 -0.19722721 -0.21720393 -1.10666084 1.35759985 1.49853814 -1.24468398 0.155824378 -0.894044578 1.58277428
x 0.75460875 -0.225408241 -1.58272493 -2.02316165 0.992703319 0.783145547 -0.218543082 0.644993424 0.789447308 -0.701305687 -0.340635419 0.333676517 1.74919176 0.977621138 0.00038775077 -2.11709523
x -2.28619432 -1.39750183 1.22132289 2.80955863 1.63784993 -1.32207036 1.11819541 -1.06280351 0.358910978 -0.831534803 0.196502075 0.758619666 -1.48357761 -0.015105281 0.373399377 0.733949304
x 0.659249187 0.826208115 -0.974085689 -0.0894715413 0.354505956 0.790822506 -0.792804897 0.570680797 0.838229895 0.856357634 0.451227248 -1.44945002 0.075948 -1.08028591 -0.858830214 -0.0265960954
x 0.459713817 -1.5524838 1.76406288 0.238843068 0.88714689 0.8978827 -0.23431477 0.843101263 0.00738289487 0.102041408 -0.965234399 -1.16909087 0.574817479 -0.396620125 -1.25407755 0.917590022
x 1.96858954 0.76463902 -1.90737975 0.0310428515 0.604895175 0.864272535 -0.522807658 -0.792109966 -0.238140851 0.821036637 1.18655038 -0.0453276262 -0.877875984 -0.576733112 2.61539555 -0.0256045926
x 0.613418102 0.35101825 -0.485825449 -0.0108127929 -1.73122871 -1.32416534 -0.38278532 -2.17459917 -0.229924172 -0.496596873 0.879337728 0.61100179 0.918199658 2.53240108 1.26245868 1.68811631
x -0.013720233 -0.904866934 0.00588045456 -0.492128283 1.62244081 -2.44279385 0.670926988 -0.544109225 0.793398559 -0.566701114 0.743105829 0.555712581 -1.39510453 -1.34241545 -1.15482283 -1.46626377
x -0.152956799 0.622629642 0.224455014 0.0411768779 -0.478501171 0.888819516 -0.599070549 0.833592713 0.0561542362 -0.644630134 1.43477595 -0.0168858748 -0.427476943 -0.16015166 0.18551597 -0.440548182
x 0.964202285 0.544395149 1.39619279 -1.18091547 0.00163876649 -0.855603099 1.26389098 -0.647396803 0.395864785 -0.0065626069 -0.604280353 -0.725244582 1.38663912 -0.538609266 -0.67076683 -0.150488928
x 0.716105938 -0.829691112 -1.56290185 -1.0998522 -0.226267204 0.156778932 -0.4292171 0.641579151 1.11932218 1.76560044 0.469416082 -2.30995178 0.179446101 1.10443711 0.668572068 -0.376460135
x 0.14483875 -0.410492361 -0.488038838 0.457428813 -0.238777786 -1.2770884 -0.154011294 -1.19376659 -0.576625764 -0.11360877 0.460650206 0.132094055 -0.106350213 -0.745819747 -0.0604775921 0.347322673
x 0.463649273 -2.93698025 -0.842441738 1.95630991 0.161951393 -0.228457972 1.1108799 0.432869643 -0.925547481 0.507913053 -1.03182554 1.16423881 -0.469797671 -0.25166741 0.498623401 1.32073069
x -0.290626943 0.887705028 0.582419753 0.112532549 0.100939058 0.985419571 -0.203469351 1.01771903 1.07821274 0.186049521 0.925825775 -0.299098521 0.515005946 0.710979521 -0.613206744 -2.2040658
x 0.354486346 -0.794197917 0.176425382 0.197235897 -0.414863288 1.66833663 -1.8389498 -0.0280668363 0.582690477 -0.351479501 0.798138618 0.653824925 -0.587602556 0.501937389 -0.752755463 0.181757137
x 0.219199926 0.154705837 -1.78690076 -1.67880762 -0.108702488 0.471783757 -1.1212374 0.519650161 -0.729061067 -0.615202129 0.359566838 -0.0755650252 -1.36385167 1.44508493 0.0567921996 -0.560974181
x 0.824694335 1.37893069 -0.19850862 -1.28593874 0.817263305 -0.0790038705 -0.441153347 0.950687468 -2.44582486 -1.66057718 -1.16423368 0.249686137 -3.33563113 -0.790736198 -0.313165098 -1.04311371
x 0.0032751367 -0.427353442 -0.578048646 -1.08178127 -0.51467216 0.385733753 2.06837153 -0.101403072 1.6790868 -2.01103282 0.620820582 1.50561333 -0.0221117456 0.197503835 -1.19850266 0.0448003523
x -0.578716218 1.61424887 2.74795413 -0.927384973 -1.04476511 0.718745232 -0.101611257 0.612882674 1.36148572 -1.63544977 0.543312192 0.894116759 1.10433424 -0.891392052 -1.42441654 -0.0501671396
x 0.362472713 -0.316015899 -1.74051833 -1.12334001 2.53708816 0.882536292 -1.62209439 -1.49894142 -0.0654494166 0.863806367 -0.252384692 0.877459943 1.69280291 0.776419818 0.0237727724 -1.55730677
x -0.258013934 -1.07100034 -0.498837709 -0.312401474 2.03446746 -0.333277225 0.117364362 -1.16076195 0.810396135 0.543195188 -1.62236691 0.417249888 0.566260755 -1.12944734 0.764125168 0.143324152
x -0.210198686 0.715432346 -0.658729613 0.142621517 -0.954078972 -0.691349089 0.0250252318 0.0912823007 -0.783019066 0.174078971 -0.0462397896 -0.887602389 1.26110315 0.626355469 -1.08164632 0.128918737
x -2.35572505 -1.18939888 -1.05942702 0.736574054 2.0103116 0.908186555 -0.19353956 0.32608965 -0.740854084 -0.706129014 -0.093352437 1.26354277 -1.21572518 -1.8543905 0.8658216 -0.874455988
x -0.0106006069 0.640582561 -0.87364167 -0.282227874 -2.55840349 1.01767254 -0.401874602 -1.01507878 -1.69943357 -1.00689542 -1.35999906 1.22922719 0.0189589597 -0.448736817 -2.31451344 -0.135705754
x 1.19292355 -0.288756788 0.995310783 1.16694868 -2.20902419 -0.560091257 0.614520073 1.41387928 0.247910231 2.336061 -1.99712682 -0.452781647 0.647181034 -1.19477546 1.36032867 -0.644023061
x -1.08636844 -0.714610696 1.75071371 -1.523157 0.279773176 1.51050889 1.31516373 -0.823414981 -0.507582724 0.147444308 0.677416027 1.01928782 -1.10181069 -1.69685864 1.10733628 0.261207342
x 0.213735446 2.22458982 -0.911575198 -0.622276962 0.540130377 -0.318442166 0.459784657 0.657254696 -1.53105283 -0.121545926 -0.246285766 1.11031556 -0.330176413 0.812548578 1.25303316 0.718503952
x -1.51720262 1.00970447 -0.283755273 0.0558480807 -1.89194596 0.834631801 -0.589427054 -0.413142413 0.482341439 -0.90869242 0.13163422 -1.42721951 1.08453321 0.365395695 0.246182218 1.47582889
x 1.60658205 -1.36388779 1.60058296 -0.639412522 1.50759542 0.48387751 -0.330700815 0.594514072 -1.38308847 0.211007953 1.67043018 0.325544089 1.27068448 0.370117456 -0.268873483 0.319887817
x 1.18455303 0.23763144 -0.866785824 -0.390428156 1.40180635 -1.14292347 0.757880688 1.45144284 -0.476503342 1.03998613 0.52149725 -0.347613901 -0.960299909 -0.618179262 -1.06877673 1.40657425
x 3.36828995 -1.04372406 0.598641217 1.32937717 -3.04503775 0.785317004 0.578058124 -1.34110498 0.130432621 0.132822186 1.29287183 0.441967607 -0.456184 0.688846529 -1.0652281 -1.90291977
x -1.82466936 -0.2097262 -1.25480616 -2.10271001 -0.257042676 -0.50395757 0.836587965 0.902029753 -0.284219056 -0.537772655 0.925869346 -1.20779729 0.83445853 -1.74823523 0.63130486 1.66183543
x -0.157147661 -0.369402766 -0.109047897 -1.47441888 0.424126536 -0.725603342 0.520105779 -0.233433381 -0.968811393 -0.309449613 -0.367328763 -0.117123552 -0.0124054905 -0.028820904 -0.498337358 -0.33356896
x -2.2100389 0.10575188 0.327990472 0.852545559 0.366021514 0.358093649 -0.653047264 0.658444703 0.869492829 -0.45069629 -0.536411166 0.974900723 -2.27066326 -0.323959708 -0.592863619 -2.31343007
x -1.61439872 1.53784978 -0.378762901 0.383258939 0.174537092 1.73015583 0.417071551 -0.422769874 0.232960716 -0.324280351 -0.836526155 -1.00830829 2.24195266 -1.04766834 0.58569783 -0.675404131
x -0.822848022 -1.38123965 -0.601081967 -2.01011539 -0.782096684 0.541097105 1.63709247 0.890059233 2.838063 0.0648196042 -0.508202732 -0.454557002 0.00988974422 -2.37615037 0.0118831359 -0.402376622
x 0.678254008 1.11882615 -0.410295874 0.0838910192 1.17561531 -1.35620916 -0.105802678 -0.501357079 0.324322104 -0.449273765 0.837420523 1.04264855 -0.336004525 0.700909078 -1.21256661 1.71239901
x 0.518053114 0.910763979 0.935505867 0.129029602 -1.0280726 1.48330772 -0.374237537 -0.417466342 0.694159865 1.17061341 0.893301845 1.41862798 0.952210903 0.50900799 0.547897816 -1.73000801
x 0.273810059 1.0189091 -0.387489259 -0.836151242 -0.347645521 1.48864591 -2.35178375 0.607797384 0.517693162 -0.846491694 -0.611206472 -0.409423023 0.0520301573 1.00684345 0.995722055 -1.43596315
x 0.257589877 0.370917201 0.0989328623 0.617358148 -1.32192481 -1.27231991 0.279019475 1.54647112 -1.79333186 -0.838915467 -0.481538802 -2.33137727 -0.344751656 0.695980728 1.8816967 0.948099494
x 1.40805924 0.364895076 -1.47812891 -0.434650153 1.07304919 -0.774724662 1.58624899 0.687331021 -0.628952086 0.0662235841 0.479992926 -0.419760108 -0.0971645266 -0.874856114 -2.07010126 -0.469385594
x 0.915086567 2.08693337 -1.11127794 0.840863347 -0.946545005 -0.382466614 1.43188977 0.269269168 0.0946331024 -0.950408876 -0.691043317 -0.171891913 -1.04208887 0.668247759 -1.67554319 0.142141744
x -2.39368463 -0.0678871721 -0.460998356 -0.0846682191 -0.417229444 0.319537729 -0.277960777 -1.66778028 0.686601698 0.300566852 1.34341455 0.35501945 0.00587440375 -1.77525234 -1.58970094 2.58811975
x -0.875906229 1.20569336 -0.612698913 -0.606544554 1.39899719 -0.315143168 -0.909967124 0.188527137 1.19325972 -0.662556767 -0.618215382 -1.14604664 -0.144036934 2.2271924 0.316351473 -0.89462918
x -0.0330228321 -0.0390287675 0.0231759455 -0.103459552 -0.666932583 -0.835796118 1.38647389 -0.583830595 1.2392323 2.32733059 -1.38191831 -1.04890025 0.722190082 -0.80496949 -0.405225068 0.41773808
x 0.356114179 0.796209276 -1.66029441 -1.22975349 0.909744382 1.88612294 0.548712969 -1.86958945 1.6372726 -0.750066459 0.0572587028 -2.56019807 -1.08591807 -1.881778 -0.142361805 0.972313106
x 0.64253211 -0.129009739 -1.39888096 0.291246474 -0.940582275 -1.29048824 0.368999004 -0.225825772 0.228041142 -0.365542084 0.929492176 0.576830208 -0.389746219 0.196114346 1.38045919 1.94927263
x 1.54109192 0.520552874 0.948295772 0.379084021 -2.48709559 0.23746796 -0.92840457 0.00629611313 1.76586044 -0.27573505 -0.242065609 -0.209589198 -1.64293003 -0.432001621 -0.103385493 -0.676112592
x -0.11080043 -0.963059187 0.915753305 1.01977336 -0.229778498 -1.4416815 1.10719538 0.780604601 0.0891962498 -0.295368701 0.415446371 -0.0505196415 -0.186787486 0.0754770488 0.457412958 0.682789862
x 1.41960323 2.50779533 1.02439988 -0.284067631 -1.05889297 0.56787616 -1.44148278 0.632271349 0.954972446 0.0280188713 0.161438406 0.045239456 0.415639311 -0.3764925 1.17357481 -0.840107024
x -0.0116929905 1.78926289 0.609727323 0.520570219 0.561267197 0.626689434 -0.277380198 -2.26212597 1.51817811 0.599365771 -0.22766602 -0.180052176 -1.44190526 1.65546823 0.0252596643 2.68798375
x -2.11872458 -2.18145227 0.384497046 0.982020378 -0.2424611 -1.52070355 0.0627196059 -0.651762724 -0.0357790515 -1.06068134 0.302879184 0.493940055 -0.805584013 0.562490165 0.965966702 -1.40026104
x -0.914794028 0.595252097 0.949347496 0.532607913 0.172430798 1.88514519 -0.225956991 0.389765441 1.76779842 1.66573107 0.275696069 1.67458534 1.19688904 -0.309770614 0.831349313 -1.21834028
x 0.614851475 -1.69566655 -0.122551717 0.019780349 -0.700825751 -0.692441583 0.615818381 0.853192687 -0.550281584 1.10676086 1.88556516 -0.230940953 -0.0649151355 0.525289059 1.76569891 0.112214513
x -0.00850991532 -0.448721021 0.566768289 0.334138513 -0.611144602 -1.23314643 0.701065898 -0.423037499 0.260146111 0.482284158 0.083658278 1.10252202 -0.283053726 -0.253118277 -0.0405935869 0.235130429
x -0.195111439 -1.115605 -1.31300581 -2.2665534 -1.54000771 -0.386194378 -0.276188403 -0.442740887 0.452157944 -0.930429995 -0.297518224 -0.493304342 0.540677488 -1.72271383 1.39092255 -0.352520227
x -1.62157822 0.402563959 1.34950507 -0.409498215 0.854210615 1.72766244 -0.999996185 -1.83744669 -0.0432089269 0.326444894 0.218383282 0.619980991 3.13372636 0.828474283 0.764725447 0.838879645
x -1.24833024 0.26839444 -1.10244524 -1.26393139 -0.0433659591 -1.0268172 0.961879253 1.48034859 1.24143708 -0.565791845 0.0458854698 -0.314279497 -1.17869723 0.556755304 -0.13056536 -0.0229194053
x -0.499784082 -0.0240758434 -1.79349077 0.298633665 0.0314463228 -0.323090076 -0.313852757 -2.03062677 -0.504682183 -0.850440979 0.635406554 1.64842653 1.30470037 -0.15462248 0.136943236 -0.0834486634
x -0.0912051722 1.16331923 -0.820336163 -1.31679392 0.442682922 -0.668684781 -0.372222811 0.931855381 -0.857448578 0.974051535 0.944545746 -1.19425058 0.128427267 0.475829899 -0.625145018 -0.266096801
x -1.23311913 0.0528608523 0.618555546 0.187613666 3.21716475 -0.4478423 0.568253756 0.348790616 0.690811038 -0.488307446 -1.30163229 1.54816055 -1.3556242 1.22474003 -1.29476535 -0.464650989
x -1.41263962 0.572617233 0.531628132 0.84652853 1.87405491 0.77970314 -0.257790893 -0.222496152 -0.405992746 -0.0403936766 0.894875407 0.677907228 2.01520562 2.39544153 -0.22556968 1.17690468
x 0.366365194 0.964112937 -1.11505854 -1.57274139 0.517908335 -1.45433319 -0.652767837 0.527329862 1.91079962 2.07348371 1.56338346 2.38186884 -0.974549949 -0.944358766 1.26071584 -0.874212444
x 0.901850343 -1.71112108 -1.08006394 -0.0506152473 0.724579215 1.64259577 -2.09200788 0.115842745 1.20822597 -0.719613552 -1.50112903 -0.339606792 1.38852704 -0.527914226 0.748341858 0.609947681
x 0.242876485 -0.947347045 -0.693016589 -1.12573183 -1.57606041 0.268187881 -0.727177858 -0.445004374 -0.39354369 -1.5595175 -0.499312639 -1.53333008 -0.284318715 -0.155426189 0.788688064 -1.12384808
x -0.375497907 -1.43014455 -0.711787164 -1.09727347 0.472707629 2.65139937 0.656543136 -0.309964389 0.610656619 0.33893311 0.18680343 -1.02119148 -1.38092589 1.41692638 -0.0889974162 0.754288018
x -0.699409664 -0.457442373 -0.157632113 -1.7829721 -0.435717046 -0.0643340349 1.14395273 -0.632833779 0.410608709 2.13706017 -0.748458505 -0.479041696 -0.694822729 -1.66546607 -0.950317621 -2.70751309
x 0.479432732 0.716150522 -0.0462531596 0.110588193 0.744190454 1.83147442 0.453371674 -0.651307404 -0.664285064 1.54957247 -1.16629028 -2.32200599 2.69099045 1.0861392 -1.86992574 -1.21606207
x -0.0194114242 -0.742217541 0.292878181 -2.59966207 0.0701831132 0.152993202 -0.0913611203 1.16150129 0.734900177 1.97813666 1.03967297 1.15583479 -0.628878236 0.111208841 -1.46816814 -1.48965895
x 0.329528093 0.160691351 0.874464273 -0.0211678855 -0.555936813 -0.410806775 -0.196189702 -0.810759723 -1.08085048 -1.85903335 -0.453503251 2.25076795 -0.342943221 0.363886386 -1.31032062 0.264547586
x -1.47835588 -0.0479216464 0.241465017 -3.47908831 1.76369548 -1.77558053 -0.154440522 -0.643534184 0.392672718 1.18036234 -1.17550051 0.741346896 -2.47732711 1.29576588 -1.17161489 0.0544561669
x 0.949177325 0.0501325168 1.0062474 -0.508376658 -0.00890182797 -0.406576216 -0.0724654198 1.94094217 -0.58453995 -1.39069879 1.235605 0.201471433 -0.358640045 -1.53519487 -1.54845023 0.911615551
x -1.16283524 -0.231955424 1.40239763 -0.480943859 0.467631757 0.550576091 0.150961652 -0.463286936 -1.00592315 0.719165623 -0.364204198 0.893198967 -0.308934867 -0.922006726 0.171003535 0.358087122
x -0.681468666 -1.55361569 -1.17485106 -1.19485724 0.11638733 -0.868508816 0.838087022 2.16778493 0.354326904 -1.9589535 0.237418935 -0.416688532 0.209818676 -1.08827889 0.818599045 0.33166042
x -0.481587082 0.135213614 2.24847364 0.481724322 -0.110963203 0.0847006142 0.690582752 0.739138424 -1.3704139 -0.450010031 0.581145823 -0.319091499 0.404163599 1.09052455 -0.291940629 0.350311995
x -0.301106721 -0.14418976 1.33386338 1.61708903 -1.10273695 -0.577044129 0.546314836 0.677151203 1.1936686 -1.3125689 -0.725443006 0.641586363 -0.974331379 0.273795128 0.8963027 -0.716928959
x -0.508066416 -0.753700495 -1.9441011 1.37349367 -1.61721075 0.918923199 0.947176158 -0.363274068 0.887865722 0.0963006541 0.389262259 0.669365525 -1.04049444 0.95999074 0.961541891 -1.17533803
x -0.893332303 -1.74010825 0.441743255 1.45096338 0.814216852 1.21261823 0.0899584964 0.898595631 -0.196574166 0.38792187 -0.671014011 -0.438590854 -0.448106527 0.77137953 1.35609818 0.200975835
x 0.92155689 0.676291764 -0.402263105 -0.279823244 -1.59352601 -1.31615448 -1.76092887 0.990493059 0.730512202 -1.6793251 0.987542093 -1.13969195 -0.685843408 1.05052209 -0.286410123 0.724406362
x 1.60192418 -0.665921688 0.596205354 0.272879601 1.17952871 -0.14879258 1.1225431 0.992953002 0.0218848437 1.92588353 -0.26751864 0.408708632 -1.524526 -0.612682164 -0.00864654314 0.31411767
x 0.269891053 -0.897538185 0.273769319 0.14726238 -0.774695516 1.10997844 -0.670843959 -1.96602619 0.681549788 -1.38579881 -0.307931781 -0.792621017 -0.884377539 -0.895281374 -0.810236633 -1.41840601
x 0.507989228 -1.1413542 -1.08641362 0.66187644 -0.908443451 -1.99420309 -0.819109023 1.21094668 0.279398203 -0.340543091 -1.89022195 0.736310959 0.137675241 2.3503921 -0.915988147 -0.495282054
x -1.3736136 -0.315565497 -0.248439491 -0.151608422 1.37989104 0.840532362 -0.42803514 -0.210601434 -0.139477074 -1.46497154 -1.45845926 -1.36745048 -0.356325775 0.300871074 -0.72635901 -0.552067935
x -0.917959571 0.353964895 -0.249160841 1.84852839 -0.327905774 -0.547108829 0.807719231 2.11704493 0.257119417 0.280410498 1.58679259 -0.73832655 0.872148037 -0.529722691 0.511187851 -0.147728264
x 0.382725507 -0.553692639 -0.404691994 1.13328862 -1.20907712 -1.13416362 0.301338017 0.74831444 -2.05096579 -0.760433555 -1.36972153 0.306343973 1.09223902 -1.26984978 0.122428738 2.44751453
x 0.104673646 -0.342841923 0.312181205 0.179057375 -0.541809261 -0.563325107 0.21792537 1.22877944 -1.21942151 -0.0439620428 -1.80893385 -0.860224903 -0.871505439 -0.563600361 -0.229296699 -0.525667191
x 0.911387622 -0.209631443 -0.682822704 -0.654070735 -1.3358804 -0.196247652 -0.400566489 -1.70509124 0.873138249 0.118874207 0.239337519 -0.0947871506 0.0668975413 0.496720374 0.103074029 0.643920243
x -1.07176435 0.114280038 1.21666193 -0.402686954 -1.50965655 -0.241680905 0.468545943 0.950791657 0.68010515 -0.45459649 -0.425639033 0.919190526 -1.15081847 1.29720616 -0.828417122 -0.125068948
x 0.73936677 1.03987789 0.366207778 -0.848316133 -0.0374443457 1.30583167 0.394630551 0.189220786 1.17930877 1.11660433 0.161818892 -1.16744184 1.09129059 1.06920302 -2.46141958 0.874786615
x 0.738794029 -1.068295 0.991602182 -0.469054431 -1.74193358 1.1773771 -0.467729092 -1.03049505 0.265876949 1.94840837 -0.61807704 0.84224987 0.409279078 0.679967999 -0.650219321 1.40125382
x 1.00814974 -0.488318473 -0.334967941 -1.04535484 -2.10253954 -0.613869667 0.348186284 1.18001807 0.0563571677 -0.515251398 -0.54747051 1.43167698 0.0216809213 -1.49444926 0.479777515 -1.46421111
x -0.493722826 0.213647291 -0.290115625 -0.256307393 0.23477295 1.07388234 -1.17570865 -0.0971729383 -0.460351318 0.177508026 1.06563032 -0.818739593 0.922575891 -0.4997361 0.393260658 2.25282907
x 0.720264077 0.714387417 -0.0580582432 -0.0784063637 -0.955987751 -1.22202981 0.807423234 -0.528547525 0.0146113634 -2.03621387 0.356963307 0.855386555 -0.404979348 -0.393119186 0.962486088 1.37534237
x -0.194158599 -0.754644394 0.408376157 -0.549597144 -2.17656446 -0.241625831 -0.410543561 0.585236907 -1.88615322 0.567766666 1.08974624 -0.684435487 -1.61497271 -0.757288396 -0.687561035 1.76097775
x 0.123420365 -0.490185559 1.84392452 0.899469852 -0.483637661 -0.0811696872 -1.00889277 0.207119316 1.19574022 0.140742749 -0.22754474 0.0469859578 -0.060809914 2.61669326 -0.37745145 0.705486298
x -1.50070274 -1.91136515 -2.19306326 -0.805488229 -1.61121345 0.301070184 1.29713941 0.481353849 -0.802981257 1.23340106 1.51391745 0.483505934 -0.500779867 -0.140029535 1.07875264 -0.0626031682
x 1.1381284 1.27091825 -0.878605723 -1.23855495 -0.338515341 -0.124099985 1.62179601 -1.54477036 0.379634708 0.263282657 -0.821978569 0.535556078 -0.520939767 -1.1232096 0.872191846 1.38839674
x 1.91955853 0.561078191 0.296566248 1.32472646 0.161292508 -1.25855052 -1.05402911 0.897144675 0.411030531 -1.60684407 -0.10043221 0.635449886 -0.884271502 1.65552258 1.0502398 1.34216595
x 3.02093482 0.711904049 -0.756772697 0.00145070872 -0.48629421 1.32697296 -0.289798528 -0.167534217 -1.16395473 -1.42708814 1.76930964 2.05931377 -1.47254646 -1.78620088 -0.14875108 -0.838632464
x 1.43779314 -0.467945695 0.0697179213 -0.754169345 -0.438501865 0.534995139 -1.0199827 -1.22738266 1.85055327 -0.986639977 -2.18338895 0.326791674 0.143012449 1.27007973 0.988911152 0.113679893
x 0.297014087 -1.14372754 -0.129497826 -0.361555994 0.825827956 -0.796188176 -1.02522326 0.255514294 -0.608865201 -0.84632206 1.16611135 1.81954384 -1.1686281 0.564797163 -0.568781674 1.61327291
x 0.664968431 -0.905269921 -0.515610397 0.312406301 -0.207812771 -0.2794891 -0.842276633 0.457740366 0.984807193 -1.54820168 0.0135567607 -0.397965044 -1.16310167 0.227325082 1.23000979 0.386230201
x -0.234076917 -1.65519559 0.0568084791 0.244881883 0.146585807 0.431203455 -0.60921979 -1.6077987 0.127258524 -0.0398248807 0.209292397 1.41183484 1.28171766 0.347082496 -0.493201673 0.915934741
x -0.252966702 0.234885201 -1.01974559 -0.473133057 -0.297049671 -1.09521484 0.497580469 -1.03517926 -0.90246439 0.195507899 -0.41898194 -0.712431192 0.243235186 -0.229277849 -1.19655752 -0.533701956
x -1.10563791 1.91463935 -1.64016247 1.49895084 1.06551743 0.143423513 -0.979406416 -0.373758405 0.187428609 2.77606225 0.167140692 -1.89165032 0.162591681 0.362981558 -0.393324792 0.0671733841
x 0.903311372 -2.74823189 -0.632091582 -0.425062209 1.84757113 -0.0939725935 0.466823846 0.1684407 1.77620637 1.50856102 -0.254193366 -0.730816483 0.112313017 1.09152985 -2.01813507 1.07933784
x -0.147665411 -0.0652666762 0.104775988 -0.00258354889 0.0500115491 1.47513294 0.0731653944 0.591615915 1.42483139 0.329808384 -0.532731771 -0.108900487 -0.0960914642 1.14681876 1.49139881 -1.26696527
x 1.15769219 1.3459096 -2.12526059 0.106585234 1.25959659 0.863179266 0.523198724 -2.21774149 -0.704401195 0.667798102 -1.15465343 -1.01819551 -0.0653643832 1.14179933 -0.557456493 -0.542788148
x -0.130744576 0.500810564 1.51016259 0.760217905 -0.0818128511 0.825906396 0.117666997 0.523858249 -0.348175079 -1.80148518 0.58455348 1.66197634 -1.22193766 2.69306517 1.03267407 -1.34116828
x -0.994763315 -0.31545347 -0.440387338 0.375080138 -1.10683966 -0.864223719 -0.226847321 -1.1383177 1.18293333 0.0347644761 -0.981114686 -0.904644787 -2.07469893 1.16188693 -0.745019495 -0.612306178
x 1.21901274 -0.236156777 0.759200931 -1.19873047 -0.207398728 -0.448781818 -0.723904252 -1.54168916 -0.588174522 -1.13936794 -1.93285728 0.768920362 -0.0751137286 -0.316064358 -0.562672555 0.139400721
x -1.49915099 -0.429204732 0.83702898 -0.195869401 -0.406440884 0.0983787328 0.470969021 0.218004763 0.501413405 -0.923299551 0.418464303 1.70079541 -0.546912968 0.0821801051 0.345667362 1.42180419
x -0.282880962 -0.0867812932 0.652726412 1.05088723 -0.34268719 0.897592962 0.565055549 -0.165763199 -0.752801359 0.15568088 2.20679712 -0.4028247 1.54204321 0.602011859 -0.352231145 -0.261840284
x 0.262181193 -0.652421951 1.78315783 -0.523218691 2.4198494 -0.170035884 -0.986591756 -1.38734615 0.388692915 0.361314058 0.107054077 0.880074024 0.484346092 0.0853567794 -1.06552231 1.23802292
x -0.331031352 -0.748073101 0.363693565 -0.291701913 -0.774904728 -0.67331183 -1.36483502 -1.74476564 0.155010581 -1.74508417 0.695269406 2.56897426 0.0615389049 -0.482325971 -0.828321934 -0.665119112
x -0.319088221 -0.736595869 1.11052036 -0.10540662 0.320111036 -0.468642592 -0.679064512 0.931087315 0.29231438 -1.3193084 -1.51269007 -0.598214984 -1.06208324 0.43541947 -0.873617232 0.766729355
x -0.530558228 0.342681438 -1.17880404 -0.837062716 -0.508083582 0.884129882 0.267348498 -0.037517827 0.673483133 0.630535603 -0.116367385 1.379884 -0.0565796942 -0.301786661 1.37482166 -0.363475055
x -0.323649645 0.52323544 -0.691728711 1.28086507 0.102154426 0.625210524 0.131348521 -0.0320382342 0.423225105 -0.376482129 2.13299179 0.418270797 0.910105288 1.74967706 -0.73759836 -0.824247479
x -0.539125979 -0.460095793 0.120265216 0.46848169 -2.20158601 0.186855108 -0.235277072 -0.292276293 0.0247564912 -0.108346276 -0.661859512 0.561233222 -1.9911164 -0.514392436 0.604606152 1.05770564
x -1.53492343 0.852288127 -1.63769841 1.38928306 0.332600266 -0.204157487 0.70149684 -0.0249538962 -0.935521364 -0.978281617 0.205332667 2.64739752 1.53742063 -1.00894904 -0.655857027 -1.8330785
x -1.48105454 -0.111141615 -1.11159539 -0.104305118 -0.717119753 -1.48605537 -2.24358344 1.57384801 1.10867834 2.79219294 -0.390708387 1.82970011 -0.651724041 1.48532772 0.195717752 0.395762086
x 0.0761428624 -1.21916282 1.30269241 -0.245833397 0.105897509 2.28728342 0.503826797 -0.096441783 0.236607239 -0.198096126 1.50568986 0.814949274 0.782596588 1.78425932 -0.855774701 0.180061206
x -0.961225927 2.03445292 -2.9664917 0.253380269 1.39201248 0.106275119 0.185839087 -0.175387815 1.01595867 -1.36350489 -0.641372383 1.53517175 -0.59126997 0.941083491 -0.508008122 2.03339648
x -2.38465166 0.670363009 -1.28806913 -0.907907188 -0.0819599852 0.379140973 0.15087764 -1.14076436 -0.555359542 -0.59810698 -1.82726324 0.196819708 -1.42470503 0.45115155 -0.450354576 -1.896034
x 1.53177857 -1.07689404 -1.68665755 -1.43075585 0.339080095 -1.07668912 0.83380264 1.47261226 -1.33537805 -1.3271606 1.09609842 0.25189659 -1.65436494 -0.531558573 1.00775075 2.75716853
x -0.238883257 -0.828793764 0.185005739 -0.284095556 -1.27741396 0.420463473 0.0174613167 1.72388649 1.631078 0.159547418 1.14229608 -0.723785043 -1.83460987 0.67573595 0.972868025 2.81114936
x -2.32646894 0.143192619 2.27679253 -1.40766835 0.586182058 -0.31855464 -0.818084896 -0.27312237 0.494805932 1.72589397 -0.783123732 1.66165221 -0.0135954674 0.410760313 -0.246422201 -0.00343287131
x -1.24413478 2.05035114 0.461832017 0.195432797 -0.19384037 -0.634144127 2.03661036 1.03221655 -0.251420408 0.180793434 -0.248393878 0.904841304 1.92715561 0.945578277 0.802125454 1.33203077
x 1.14793146 -0.256935686 -0.157187477 -0.460214555 -0.824090838 0.0826569498 -1.23352635 -0.0454429537 2.49320316 -0.0662847161 -0.0928619057 -1.2869817 0.146290094 0.00870652497 2.16325831 0.401114881
x -1.34280992 -0.9318887 -0.367911786 -0.27650243 1.66067624 0.970209599 -0.518198311 -1.09565258 -0.865208089 -1.89165783 -0.364729494 0.577142 -1.10659981 1.70631588 -0.542729139 -1.16620469
x -0.330946922 -0.497525424 -1.44427299 -0.0816062689 -0.518449903 1.45521319 0.200658977 -1.50708532 0.123699673 0.264279455 -1.36735737 2.16561341 0.756823778 0.276762247 0.543190718 -0.819881022
x 0.243301705 0.161922812 0.974701107 -0.0976239443 -0.0273552369 -0.813620865 -0.0640701726 -0.969866574 -0.685167074 0.773406267 -0.85612458 -0.0981615484 0.207857743 -0.282546043 -1.0880276 -0.438234806
x 1.29642665 1.11374414 -0.354043752 -0.990801275 -1.66470993 -0.0583329201 -0.312966049 -0.158332363 -0.410734177 1.46527076 0.868789554 0.779682815 1.71725416 -0.199452162 -1.26601911 -0.196200371
x -0.929101288 -0.607747674 0.421634734 0.800815761 0.145671189 -1.00074673 0.446322501 -3.15788794 1.11833668 1.47187471 0.223173738 0.195010722 -0.0543703623 -0.538613498 0.714146137 -0.63254106
x -2.52422738 0.0779574439 1.75664628 0.590783596 -0.221274734 0.91310209 -0.818028152 -0.104297988 0.419934243 0.589785218 -1.57796907 1.24265516 -0.868204474 -0.0933678448 0.686028063 0.180820718
x -1.26438046 -0.11872106 -1.72845638 -0.792110741 0.00919844676 -1.83341956 0.0352289192 -0.356639355 -0.290448904 0.270746738 1.66712785 -0.554570019 0.526994765 -0.504394054 1.24197447 0.821444333
x 0.483282834 -1.381953 -1.72926795 0.421877205 -0.70523262 -0.299470574 -0.114203624 -0.147083208 -0.628522635 0.868494153 -1.70752537 -1.47305477 0.763889909 0.268862486 1.18384576 -0.257609099
x -0.478398919 0.94928354 -0.789469838 2.11717653 -0.794937551 -0.0654337406 -1.21188664 -0.270136148 -0.80142504 0.468689501 -0.0244146828 -2.00458169 -1.84902573 -0.654020131 -2.15370631 -1.24624205
x -0.553180218 0.58039093 -0.788832843 -0.265445739 -1.18718374 -0.177744344 -0.416875482 1.48664677 0.734164834 -0.477629215 0.469504654 0.399529159 -0.052671548 1.47758007 -0.144256115 3.01695871
x 1.40097404 -0.358222485 -2.26732183 -0.395427972 -0.801648557 -0.74389559 0.534719825 0.663483977 -0.727103472 0.320378631 0.194526583 0.717976689 0.103496343 0.526279569 -0.344004303 -0.959009588
x -1.2802304 -0.184088558 0.871653318 0.850234807 0.0930311307 0.175084859 -0.0659865364 0.707259238 0.390871912 0.385406584 0.820286334 0.735230207 0.701645851 0.363839269 0.116296336 1.35044777
x -0.536617398 -1.30297506 0.420813531 -1.07319784 0.658667028 -0.218029723 -0.200716048 0.760985017 -0.630634904 0.257362217 -0.173671454 0.397772878 0.60623455 -1.09875572 0.0764512345 -0.292714089
x -2.21818542 -0.315292776 1.24589431 -1.8439033 -0.116582222 0.971950173 0.213561475 0.369925916 -0.0723467395 1.30624962 0.319390446 0.779455125 -0.207486823 0.347747147 -1.78147948 0.276803255
x 0.813860536 -0.72060585 -0.613661349 -0.273112893 0.0666781291 -1.31492627 -0.246713728 -0.326206654 1.94713521 0.785512269 -1.78366125 0.248451203 -0.390076607 1.45403159 1.1937716 -1.27407551
x 0.972428083 0.792630851 0.75047332 0.0882135034 -1.20704949 -1.0230844 -1.36074364 -1.11930096 -1.32079446 -0.0147037916 1.92413139 -0.381201684 -0.703114331 -0.72537595 1.37169349 0.117972016
x 0.306621373 -0.248784751 -1.26826012 0.295433462 -1.80107701 0.191234291 1.07528269 0.459923267 -0.0645593256 -0.255717099 1.38328302 0.312588274 1.70381582 0.0006409536 0.921728432 0.111125134
x 2.12092471 0.325177252 1.72102964 -1.03352714 -0.556320846 -0.93750149 1.11592233 -0.459843695 0.487825274 0.639200509 1.26497626 0.367813677 0.194077834 0.572259307 -0.462374479 -1.98247743
x 0.147009909 -0.302035153 -0.0258862097 -1.60327399 -2.4605453 2.22773147 -0.927161336 -0.229108289 1.13804305 -1.76919448 0.188277647 -0.118190259 -0.098663345 -0.574794769 0.661170959 0.850639999
x 1.3343246 -0.186186731 -2.42575192 -1.21778393 -0.112467714 -1.8480407 0.784110844 -1.64922166 0.0572732165 -1.04639709 -0.194592953 1.73870838 0.858410835 0.783673644 -0.0266578775 0.679993331
x -0.140511602 0.152486518 -0.533284009 -1.21544743 -1.33292258 -0.055924613 -0.297378927 0.071118094 0.0830590799 0.618153334 -1.5249995 -0.324300021 -0.30437097 -0.135822058 -0.771034122 -0.648155034
x 1.28912842 -0.898806155 -0.10418462 0.407395154 -0.630392373 -1.69368184 0.554812551 1.11721742 0.710225821 0.368907303 -0.0837292075 -0.332344234 -0.523248315 -0.370616347 0.595455587 -0.715553761
x 1.02972651 0.390000314 2.30962873 -1.98165309 1.36084139 1.06636477 -0.116739191 -1.03180182 1.65355563 0.457892686 -0.517122328 -1.13732886 1.01162422 -0.757822514 -1.42726731 0.163857773
x -0.349600762 -0.0963248909 -1.83837318 0.676092863 0.224873796 -0.695411026 -2.08258438 -0.3734833 -0.902469039 -0.815808892 -0.901283979 0.684773207 -0.890749991 0.702077091 0.401793897 2.26138258
x 0.452096432 -0.337439239 -0.140955329 0.849656761 0.233372316 -1.18870509 -0.0654747263 0.860354304 0.514811754 0.250429332 0.72625947 0.113461301 -0.779381037 0.814657331 0.317815691 -0.718387723
x 0.124717698 -0.655780256 -0.0430837609 0.585846484 2.23174119 1.414657 -0.947233438 -0.527431667 -0.53685683 -0.936887622 0.59084928 0.772243798 -0.439320982 0.579029679 1.33637011 1.65749252
x 1.00430167 -0.0754793286 -0.813414574 0.0687062219 0.659370303 -0.246065587 -0.826301754 0.808303952 1.39283025 -0.0977127627 -0.0553032234 -0.654743195 0.0577221811 0.109947696 -0.575212061 -1.04821801
x -0.610480309 -0.908412099 0.09268713 -0.274828762 0.420012295 -0.0399844758 -0.391386032 -2.12211132 0.765328526 -0.0145023987 -0.151918396 0.81100297 -1.40928113 -1.10213614 1.04264176 -0.547344148
x 0.626670361 0.00149108924 0.0304893702 1.25174153 -0.206139654 0.922250867 0.714054227 -0.863853514 -0.926720619 -0.408740073 -0.654640019 -0.346032649 1.4401716 -0.165809572 0.452748656 0.669023395
x -0.866837144 -0.416544706 -1.13638115 1.32745707 -0.573429465 -0.577029467 0.115171865 -0.0359152667 -0.197538823 -0.432748079 -0.573158801 0.353846073 0.0783260614 -0.197317034 1.22096133 -0.279823393
x -0.473131537 0.117049165 0.281585574 1.72050583 -0.304354072 -1.22409141 -0.994587243 0.959707558 -1.35529828 0.782573283 -0.313013136 -0.715955317 -0.173882961 0.937912941 0.467424303 -0.487072229
x 0.732462943 -0.998137057 0.925878942 0.580311239 1.54877853 0.437358767 -0.263407826 -0.0255114716 -0.259590477 0.732206643 0.918118119 0.0823596641 -0.168820322 0.452296317 0.644203126 -0.561031938
x 0.489904016 0.362371236 1.18657732 -0.247943938 1.37620175 -1.32533336 0.688831449 2.17787266 -0.587280869 -0.044894591 -1.9363749 -0.229752928 1.02263618 0.360999405 0.364880443 -0.00825347845
x -0.721525133 0.386023194 1.01975036 0.370396346 -1.35905671 1.21490347 -0.782788873 0.427066803 -0.83807683 -1.00980473 -0.47410059 1.59156787 -2.06826735 -0.0548563823 0.0420532599 0.900497377
x 0.287541151 0.907020271 1.49975109 0.156260625 -0.576988757 -0.249758109 -0.120983809 1.71223927 -0.152535424 -1.18096101 1.39429307 0.00655061426 1.87205505 -1.14533937 0.00129752432 -0.604133546
x -0.992205858 -0.629015982 1.29964328 0.207406834 0.0207843184 -0.449557096 1.43041086 -0.603989184 0.802662134 -2.25528264 1.13139117 -1.97633123 0.658980548 1.00631297 -0.247504279 0.334284961
x -0.368854105 -0.618921757 -0.448275566 1.0768429 0.531306028 -1.27599132 0.428532749 1.25195158 1.67629743 -1.097736 -3.17626548 0.314296305 -0.372356862 -0.183297023 -0.601702213 -0.123709433
x -0.25792411 -0.0927594975 1.14336431 -1.12036836 -2.32792044 0.0502405725 -0.772184312 1.12181067 -0.309103906 -1.4135747 0.803664267 1.09796035 0.254399627 -0.31190601 -0.372361869 0.69215703
x 1.53938878 0.880227685 2.2299664 1.79377353 -2.02406812 -1.82616365 1.00610256 0.900157392 0.105256878 -0.0352639854 -1.48838401 0.210015044 -0.914183259 0.704509139 0.519317746 0.480108321
x -0.426022053 -0.188111961 0.0970956907 -0.555676997 1.78571832 -1.5735867 0.259310275 1.25813735 -1.05991483 0.908037484 -0.14036414 -0.0440715849 -0.0417830385 0.722184539 0.671683908 -1.0879494
x 1.50573123 0.518452525 -1.12614906 -1.79892802 -0.902164698 -1.16232705 -0.706512511 -0.0137025509 -2.1096046 -0.724691272 -0.523218989 -0.193921626 -0.0101079429 -0.514895558 0.401320159 -0.809224784
x 0.9973225 0.518315792 1.43311465 -1.95627606 -1.77124643 1.43242288 -1.24911082 -0.1742699 -0.140576914 -1.38843679 0.1057899 -0.189124897 0.0127906213 0.322980702 0.325565279 -1.10010719
x 1.03098536 0.711466253 -1.31413221 -0.105008364 0.0931711644 0.036369063 -1.04793072 1.30949354 0.342156172 0.034764912 -0.444159359 0.629847229 -0.205368549 1.17868507 0.771424651 1.44958067
x -1.21609652 -1.18177879 -1.50710666 -0.392450362 -0.828443706 1.50146019 0.494051009 0.714411259 -1.54501092 1.58849657 -0.338983119 -1.55928326 -1.26633477 -0.0943763554 0.75906539 1.15550041
x 2.5130651 -0.436583757 1.74926996 0.553326786 -0.810744941 -2.19677448 1.04869211 -1.18623114 -0.215099022 -1.61338484 0.735970199 -1.07377732 0.210499525 -1.25449288 -0.0959946811 1.68321621
x -0.654297054 -1.14599907 -0.726568997 -1.32030344 -0.294399589 0.281298816 -0.315230101 1.41615212 0.596885741 0.633320689 3.08106804 -0.313311607 -0.985463142 -1.24030781 -0.978336096 0.711437762
x 1.03718185 -1.53950036 0.132582113 0.333111882 -0.853716969 -0.0772307813 -0.935317636 0.0420844704 -0.57558763 -0.305551887 -0.555979848 1.37260962 -0.156259194 2.25319791 -0.360461831 0.475848228
x 0.692386925 0.249000996 2.29065943 -0.0179885495 -0.614767969 -0.726178527 -1.66151917 0.155671149 0.690691054 -0.0454132296 -0.109426394 -0.0387936421 0.441644549 1.04529023 -0.84576875 1.17808712
x -1.14087999 0.412952483 0.210959554 -1.19911528 -0.555332541 2.27673388 0.937780857 0.973958075 1.37012899 -1.14700389 -0.405957401 0.514743984 0.769519508 -0.535763323 -1.42924201 -0.821237683
x -0.162581965 0.245582178 0.0321177021 2.35421157 -0.781271338 -0.266099304 -0.936423838 0.323592454 -1.24378395 -0.706611574 -0.50923115 0.982976854 0.465779036 -0.763245404 -2.0978229 0.606739044
x 0.892697513 0.239385366 1.28848004 -0.632025719 -0.032027252 0.470645458 -1.51193047 -0.623250008 1.10297859 -1.10116684 -0.699825466 -1.69499075 0.194415241 0.121989287 0.399536192 -0.507542193
x -0.0719618127 1.4757663 -0.21649617 1.94089258 0.783687413 -0.323876172 -1.22551775 1.09659398 -1.14427316 0.247809991 0.25010547 -0.0758988261 -0.386252195 -0.221063554 -0.4582178 -2.18780303
x 0.342306256 -1.09026885 -1.24932635 0.647389889 0.495999098 0.0823616236 0.876163721 -0.480341405 0.236059472 1.23061597 -0.0298001375 0.189958125 0.354801327 0.308868468 -1.59591246 1.67491782
x 0.623918176 -0.785917819 0.312495708 -1.30160463 -0.559325039 0.438803762 0.448921025 -1.21459687 2.0447917 -0.834354341 -1.92292392 -1.51815629 0.497023046 1.52597785 -0.522004426 1.6208322
x 0.408870697 0.689085484 -0.212706238 -0.296981663 -0.553154647 1.13092422 -0.96373111 -1.47571278 -0.139374465 0.30312705 -0.00778743066 0.406071723 0.711745501 0.719475091 0.615881443 0.626051903
x 1.72939551 -1.20677197 -2.65223289 -0.562518716 -0.399596423 -1.14057159 0.47428602 0.947146535 -0.241318867 -1.35045266 0.584485531 -0.271386236 -1.07806385 -1.7182759 0.0307565145 0.797330439
x -1.40724254 -1.01960218 0.509564281 -0.282839596 -1.27529728 -1.2095269 0.227414474 0.228815243 -1.32483983 0.49572739 0.598539233 1.49328971 1.17689764 -0.575599194 0.365208179 2.19382882
x 0.27807039 -0.497521907 -2.25928712 -0.276235282 0.70593971 -0.534292877 0.848155439 -0.162066758 -1.73340344 0.283246756 -2.64957023 -0.267835051 0.0240714941 0.0119202975 -0.278675288 -0.945785403
x 0.0570673272 0.337221891 0.43309015 -0.710519612 0.950742781 -0.187191665 0.990041673 -0.444476664 -0.347964615 0.602673292 1.24377906 -0.349582374 -0.851872325 -1.20645475 1.08217204 -0.57682997
x -1.11504734 -0.647688329 -1.06093574 0.875481844 -0.0564564355 -1.30471015 -1.83284223 1.83570361 -2.22792983 1.53605747 0.637820721 -1.16721427 0.47978726 -1.31255543 -0.0479521193 -0.429174483
x 1.71521926 -0.869533658 -0.477434784 -1.05957603 -0.273770332 -1.45236838 0.322046041 -0.634918392 -0.599705458 -0.845037699 0.077298902 1.15882897 -1.19920921 -1.38350689 0.473602682 0.420870006
x -2.58760142 1.60240865 -1.03923321 0.114894532 0.554016471 -1.66182077 -1.1309129 -1.3415817 0.129964769 0.416625291 -0.0339822732 1.06126642 0.724938869 -1.21555686 0.630702913 -0.377851754
x 0.287644088 -0.310246646 -0.441598952 0.418802947 -0.0560926311 -1.10674047 -0.442816556 -0.0391186066 -0.573405862 -0.298492789 0.460806668 0.358689547 0.707917988 0.100656673 -0.820571959 0.164013892
x -1.60106194 0.592578709 -0.619215608 -1.22251034 0.097916618 -2.21450996 -0.256681383 0.864375174 -0.273873478 1.23022723 -0.251357317 0.454624355 1.57239354 -0.0572433211 -1.33995497 1.6262064
x 0.467194974 0.15070349 -0.359900951 1.99009109 0.636447608 -0.603251576 2.08227777 0.232081681 -0.0655420795 -1.30826235 2.2584424 -0.667131901 -1.39336491 1.34773946 -1.91212809 -0.0150344893
x -0.304466724 1.95409095 0.194038674 -1.33272123 0.945101559 -1.66228092 -0.512713313 -1.61524212 -1.36487627 -2.27297449 -0.0261026192 0.736016452 0.656838477 -0.519402981 -1.5668267 -0.0341986343
x -1.23029256 1.48973155 0.853980839 -0.776962817 0.238825768 -0.91289115 -2.02853608 1.21001732 0.0767011195 -0.736098409 0.139863029 -0.369672805 2.17050815 -0.153126076 -2.19629145 0.0219713058
x -1.27022421 -0.172972247 -1.14370239 -0.658179045 0.416656673 0.62254864 -0.440326959 -0.406694472 -0.69090718 1.18675613 1.63934267 1.46123624 -1.72008264 -0.647908926 0.489578217 -1.35028136
x 0.898331285 -1.34992564 -0.377475649 -1.20986152 -1.00216186 1.82154775 0.107839569 0.643330812 1.2634331 0.277856886 0.613658547 -0.274754226 -0.526995897 0.402027398 0.374828398 0.692042708
x -0.529783964 -1.42646456 0.863181055 0.863019109 -0.49858278 -1.54294682 0.396835059 0.00373594556 0.614192247 -0.751026273 0.299453944 -0.504304051 0.336423218 -0.70186919 0.95977962 -0.862395465
x -2.03647757 -0.159010217 2.10931396 1.01192737 -0.45679909 -0.730485678 -1.4417237 -0.137924716 -1.42379415 -0.831540942 0.114482015 -0.602780581 0.412639529 -0.608635187 -0.394291252 0.896892011
x 0.145526603 -0.85458225 -0.784360111 -1.45084834 0.102072999 -1.06738138 0.916694045 -0.879468262 1.52774429 1.88464928 -0.946782708 -0.946117461 0.169264659 -0.06554088 -0.16276367 -2.16455197
x -0.154090464 -0.193428352 0.73761785 1.0955385 0.320255041 1.16659606 -1.35069215 0.221748233 -0.0968179554 0.132110044 1.38097918 2.24325991 1.268471 1.24639082 -0.575279355 0.308565646
x 1.44609547 -0.426638752 1.52765119 -0.622294247 -1.13792026 -0.347287148 -0.680071712 -0.228985593 -0.571924508 -0.621968269 0.465297729 -0.245236456 -0.59010905 -1.11929119 -0.160883144 -0.0783309862
x 0.617949069 -0.986158609 -0.3298316 0.601666987 -1.60857666 0.321828783 0.123450756 0.507920444 -0.630783916 1.01063406 0.235810116 0.427238315 0.347484499 -0.526893139 -0.552000463 0.243140608
x -0.430021167 -1.00124693 0.0485955477 -0.589391649 -2.5818584 1.29366958 1.2735554 -1.2384994 0.0873051658 -1.28359616 0.407752544 -0.0579354167 -0.24161607 0.341317177 -1.46032739 -0.861560285
x -0.0374601409 0.257623583 -1.43760586 2.23655128 0.582071304 -1.01276696 0.989598334 -0.995783925 0.244484082 -0.0871842355 0.337100834 -0.325115114 0.00462079747 -2.54632306 -1.09952819 -0.222706839
x -0.127362967 -1.89316106 1.61882007 1.09742403 1.3527441 0.330920547 -0.864151597 1.55719566 -1.85326791 0.523049176 -0.675059378 0.0932818428 -0.398241132 -1.30156898 0.668906748 0.614556074
x -0.964756846 -0.985454917 0.587806284 2.36173081 -0.693033934 1.35907245 -1.67145014 -0.530627131 0.487264842 0.816002369 0.23375918 -1.51055944 -1.59703362 0.271503717 1.23622739 0.567655861
x 0.189270303 -1.42538357 1.05628633 -0.828535378 0.351167113 -0.0127876466 -0.0521576144 0.171512648 -0.686892211 0.149034068 -0.279974908 1.58357894 0.230132818 0.410546631 1.58164704 -0.575662315
x -0.371107966 0.747003913 -0.710001111 0.837329865 1.74614525 0.744868457 1.16093242 1.26946497 -0.107308395 1.19877684 -0.901536822 -0.0455805175 0.262691915 -0.118032612 -1.83650577 0.884770274
x -0.335948139 -0.402612865 0.304497719 0.134190112 1.42450202 1.42483449 1.62156641 -1.62571132 -0.931362271 0.642264783 1.30915093 1.138412 0.340440929 0.321849734 0.289812624 0.646092534
x -0.228668258 0.649492919 -0.963797748 0.704179466 0.517923772 1.27761126 -0.203396052 -1.87768459 -0.083798483 1.05675054 0.217395663 0.154170498 -0.72457695 -1.86804128 -1.77199745 -0.587455451
x 0.36027807 0.181680158 -0.534070134 0.81853658 0.0957386941 -0.227081463 -0.884111464 -0.0100698061 -0.862062633 -0.801235557 -1.57612371 -0.178639561 0.296260804 0.695866585 -1.25452673 0.14962934
x -0.596491814 -0.501477063 1.31329489 1.02595675 0.296746165 1.67894018 -0.209542066 0.272533983 -0.361844897 -0.600483298 1.15566337 0.5433442 -0.332907319 0.608511806 -0.199520022 2.16752505
x 0.590112686 -0.184295073 -0.344393075 -0.599138737 -0.885794461 -0.882099628 -0.64108175 0.436352521 0.627358854 0.415088236 1.25863063 0.994656861 -0.512259483 -0.273340851 -0.13668105 -0.79086411
x 2.52147412 0.40250057 -1.31404066 -0.870570064 0.895729303 -0.36242044 -0.464103818 0.318035424 0.259248525 1.61997616 0.455575317 -0.217981175 1.77432621 -0.732623339 -0.139895737 0.454837918
x 0.974269271 0.531257212 0.423159659 0.283862919 0.873860359 0.00246048113 -0.234311312 -1.49041629 0.902412534 -0.558394909 0.294119328 0.379340947 -0.0572566651 1.02321362 2.67305756 0.97330606
x 1.86662614 0.506383181 1.12567687 0.315531522 -0.078335315 -0.599349976 0.665389299 -0.683238566 0.746842206 -2.00136256 -1.94277084 0.188622773 -1.67541671 -0.194670856 1.41736925 0.271396458
x -0.912290037 0.991377652 -0.0215900652 -0.449457496 -1.53995621 1.07501233 -0.430083722 0.940552413 -0.111283213 0.176240727 -1.99882686 -1.05802 1.0444572 -0.194361076 -0.731932282 0.786814451
x -0.392251194 0.738652825 1.3264358 1.14781582 -0.42869848 2.84331059 -0.283710361 0.726472557 0.913594067 -2.0573194 0.0469076335 0.785421669 -0.338772416 -1.02983832 -0.568025589 0.595870614
x -0.960827291 -0.0804600418 -1.50131452 0.744408846 0.798764646 -1.09483278 -0.521488309 0.835541546 -1.02164102 0.758182049 -0.920838356 -0.800063848 -1.19116879 -0.458328575 -0.466926605 -0.314974397
x 0.902884722 -0.0401065946 -0.748052776 -0.506963372 0.212359935 0.425562054 1.5482049 1.79237211 0.766468585 1.58510458 0.793305337 -0.0466226824 -1.68126416 0.953078032 1.87819982 0.582190335
x -0.446043402 1.18109298 -3.28474498 2.57980418 -0.242745265 0.16007781 0.629600942 0.402782232 -0.210288763 0.418690324 -0.956908941 -0.956651211 -0.604131043 1.35686672 1.00920594 1.28582287
x -0.271729261 -0.289744467 -0.570099115 -0.0345316119 -1.59486449 -1.18258703 -0.0023128367 -1.47282493 0.632836998 1.26438224 -0.720264614 -0.32729739 0.848593175 0.0267285053 0.70099628 -0.724099398
x 0.619342864 -0.974400342 -0.466187239 -0.100665912 -1.68037748 -0.431722552 -0.168377638 -0.877140701 -0.126889482 0.270129234 1.46093071 0.819218636 -0.504956961 -0.195785925 2.28117847 0.0948515236
x 2.32370758 -1.27569389 -0.226975277 -1.31068552 -1.08385313 -1.19421244 -0.572441876 0.0384467766 0.354039341 1.48594522 -0.102250554 -0.905323863 -1.22085893 -0.11671225 0.687909424 0.226794839
x 0.661009252 -0.366100192 0.586863339 0.233216852 -0.137145326 -1.36144447 1.59069157 -0.73029381 0.948685765 0.445119381 0.627333045 0.504478276 1.0237751 0.294774801 -0.556321442 -0.975195765
x -0.545938015 1.34642291 1.10492587 0.140181944 -1.12650287 -0.275474101 0.956296027 0.678201735 0.566395819 -0.00561944209 0.363232225 0.347556531 -0.497724026 -0.0632018819 0.941212654 1.74765217
x -1.45775533 0.07387802 0.487601936 1.19721901 0.579619646 -1.07903934 0.286008418 -1.09391534 -0.438579738 0.252027988 -0.641966879 0.679957271 -0.626128554 1.0084331 -0.330892742 0.119471818
x -0.991097867 -0.480737418 -0.00702601764 0.207640901 -0.00133810157 0.622430921 1.24553978 1.11141312 0.85792321 0.167293742 0.237719372 1.8072803 0.444890618 0.154106587 -0.156073093 -1.38128817
x -2.12849212 0.626139045 -0.302806735 1.27399445 0.516481221 -1.91751146 -0.683947027 -0.00205762172 -0.0683903992 0.795562685 -0.626095474 -0.0743675902 -0.475036442 1.46751928 0.0209358931 1.12928343
x 1.67475212 -0.515833199 0.36490345 1.12540352 0.250821441 1.57910991 1.34764934 2.81963897 0.0983561501 0.0195953902 0.509340882 -0.012875475 0.310874969 -2.05035877 1.08454108 -0.474650055
x 0.315705538 0.923598349 -0.254054457 2.12338614 0.29511416 0.304425955 1.21100867 -0.414925158 0.890848756 0.512086034 -1.94759274 -1.31058133 -0.789652407 -0.991077304 -1.33038664 0.603678584
x -1.50637066 -0.0726989731 -0.234210566 -0.760833681 0.74238354 0.229666114 0.996379673 0.0246560778 1.21271276 0.967401385 -0.656257629 0.136589855 0.371338427 0.561561167 -0.032614328 1.03733492
x 2.11590052 -0.588248432 1.62731528 1.48958468 0.0932339206 -1.51419699 -0.274622232 -0.287179589 -0.585688353 0.801789463 0.357813388 -0.115911514 0.0575091429 2.0785017 0.19352214 -0.508052647
x 1.74241698 -0.409696639 -1.212219 0.759894907 -0.729223073 -1.11683583 -1.33707321 -1.87133753 -1.0783453 -0.638101459 0.916843235 0.921272278 0.673370242 2.83220649 0.227372408 0.951126397
x 1.03167653 1.20289302 1.46179891 -0.278240383 -1.23782945 -1.36120522 -0.105691031 -1.21357584 0.231187701 -0.268165499 -1.48140001 1.73308873 -1.89641118 1.64749789 1.39951253 -0.0239035059
x 1.27742481 0.366562843 0.67450124 -1.71383572 -0.0280456264 -0.562685847 -0.585990131 0.267386734 0.953127921 -0.611598194 -1.01987755 -0.27081129 0.32054767 -0.942388713 1.16059899 0.305710554
x 0.862535357 0.189869538 1.62513185 0.127616003 -2.35926914 -1.01070881 -0.288634539 1.88787794 -0.796791494 2.10580945 0.262546986 1.73832178 0.184169576 -0.122565903 -1.33608866 -0.234681681
x -0.413106233 -0.547710538 1.37666523 0.296701461 -0.281244546 0.243270412 1.260427 -0.245595038 0.199747279 -0.287062317 -1.26190984 -0.280430496 -0.373225033 0.221020594 0.81213975 -2.51182294
x -2.57348299 1.09189594 2.19968867 0.0242103934 0.219822377 -0.0771665648 -1.96564555 -1.26294553 -0.862606883 1.15023577 2.37218165 -1.80484712 -1.0127002 -0.71458441 0.497668147 -0.316077888
x 0.881382942 0.847256362 1.00449336 0.394443333 0.483705968 0.588292062 0.894304812 1.54363728 -0.621213555 -1.19747543 0.690367937 -0.330808818 1.17949677 0.766872764 -0.291266769 -1.89029324
x 0.0105582047 0.181126058 -1.09380603 1.98719394 0.163471535 -0.0557117723 -0.435589254 0.398151904 2.15388346 0.914636075 -1.11278737 0.248824686 0.586365461 0.203361854 -0.308334351 0.183364347
x -0.062518023 1.2017014 0.116197914 -0.945518196 0.98764962 -0.825043559 1.49123847 -1.93899226 0.832136571 0.67850107 2.01428485 0.400831789 0.718310893 0.156061158 1.76621485 1.31727505
x -0.96746707 0.777151585 -0.756117404 0.115560815 -1.35957658 0.610328615 0.809562624 -0.825789392 0.498910308 1.13649201 1.63429332 -0.482818484 -0.846907258 -0.0187389348 0.331305891 3.29875135
x -0.186780289 -0.937267363 0.274480671 -2.22322392 -0.849274337 1.40115857 -1.96459365 0.377373695 -2.08704591 0.982562423 2.24543738 0.100720629 -0.63274914 -1.06725371 -0.735804796 -1.60190737
x -1.55571401 0.338541865 0.814704895 -0.318510056 -1.3257581 -0.916166008 0.349529833 1.31206167 -0.157394171 -0.285367519 0.361521304 0.568379462 0.678426445 1.27756298 0.0763556138 -0.159043923
x -1.31209302 0.75273633 -0.542497933 -0.21568346 -0.504979193 -0.436364412 -1.21725976 1.35495842 0.238406599 -0.193521142 -0.345588148 -0.188768774 -0.505567849 -0.745079577 -0.000552245998 0.677585542
x -2.75388694 -0.187727571 -0.139679164 0.949886203 -2.12858415 0.800514579 -1.67205727 1.27123785 -0.656920254 0.117138371 0.427748531 -0.347387433 0.232933551 -0.219856098 2.11987066 0.602147758
x 0.376670599 -1.44308019 1.56038153 0.555863917 0.183742106 -0.781483889 -1.80606353 0.426930189 0.348748446 0.0735550672 -1.12129629 0.0196533222 -1.2576381 0.232877925 0.596372902 2.17449689
x -0.694207311 1.24992597 0.932857931 0.911847532 0.614676476 1.14608634 0.00950337015 0.37625879 0.834501624 -0.832452595 1.3404268 1.40965033 -0.62443763 1.62245047 -0.460060388 -0.029605275
x 1.48823059 -0.801014423 1.15923285 0.179355383 -0.171744511 2.00097466 0.251337081 1.32580829 0.315715671 -0.682561159 -0.908209741 0.172862098 -0.29891777 -0.180127338 0.41895777 -0.294122905
x 0.224059537 2.12510824 2.04077983 0.187759355 -0.66278708 0.556471884 2.66308355 -0.932119191 -1.41106975 -0.591722965 0.290685147 0.173774853 -0.272205263 -0.861322224 1.0340271 0.83559984
x -1.30381644 -1.06285632 1.83837199 -1.25828528 -1.13976216 2.07202697 2.30880213 -0.247684926 0.038697321 -0.130846232 0.188000545 -1.29161024 0.781455159 0.350479513 1.05137038 -0.384828568
x -1.25674784 -0.0183413792 -0.732467353 1.00767601 0.54017657 0.335952729 -0.601827562 -1.82539427 0.0393736698 0.388922364 -2.39052224 1.36751127 -2.4906702 -0.343791693 -1.21874511 -1.36070025
x -0.515552759 0.450003058 0.154671252 -1.46928847 -1.45597088 0.383362532 0.889739096 -1.73204148 3.22496033 0.021478584 0.731454194 1.16915154 0.850291789 -2.65438533 0.00737637002 0.567245364
x 1.35272205 1.02556455 -1.20050037 -0.26891768 -1.35182977 0.344381869 -1.9898814 -0.076401867 -0.171877012 0.718061149 0.4090285 1.2304759 0.943823338 -2.87178874 -0.622490227 1.21050406
x -1.34467149 0.865338087 -0.76149708 -0.507518232 0.515854597 -0.0568463989 0.366230309 0.988155782 -0.71728158 0.38183248 -0.17155847 -0.449402243 1.54096246 -0.901143909 -0.846766949 0.246511653
x 0.116051652 0.640812576 1.39712083 0.933244944 0.6064502 0.571880996 -1.76122129 -0.0361332484 1.19563675 -0.425618708 -0.0849258751 -1.2146579 0.890651882 -0.600607634 -0.214833602 -0.164133564
x 0.336478442 -0.587728322 0.970192313 0.688167512 -0.402567625 -0.512813151 0.172648355 0.247062862 -0.202070594 -1.01004839 1.35511339 0.122598864 0.00648094434 -0.503142834 0.123524286 -1.333426
x 0.277041435 0.484490067 0.252155334 0.0281655453 0.28993535 -0.486715972 -0.570394576 -0.479170173 1.4074527 0.849606633 0.985029042 -1.06306159 -1.14597034 0.720234632 -0.877559006 0.769159555
x -3.27721047 0.654147208 -0.34567076 -1.64565957 -1.18331707 -0.396396607 0.44353652 -0.166552067 -0.0718036145 -1.41733158 1.18121493 0.110714607 0.413296193 -2.1856029 -2.19930983 0.190042183
x -0.426091254 0.117667072 -0.790026248 0.329348743 -1.89245152 0.677200258 -0.470968038 0.900065124 -0.389938653 0.428708762 -1.28748798 1.01361275 -0.899180055 0.590233505 -0.640664876 0.682429314
x -0.0628608316 -0.9343611 1.10286856 0.961987853 -0.29352212 0.909900248 1.42488921 0.681679428 1.79942942 0.0414401628 0.939916253 -0.0295382403 -0.742875934 -1.32135987 0.581108034 -0.795721591
x -1.32949531 -2.41211605 2.13545871 0.982738137 -0.587540448 0.91102773 -0.99801302 0.492462695 1.21392238 -1.13501179 1.09228849 -1.29482055 -0.0558471456 -0.341435879 -0.154905722 0.3758246
x 0.789141476 -0.031187851 -0.0456477739 -0.0393447354 1.30133426 0.974454641 -1.43068171 -0.102908358 -0.845251679 0.551420808 1.67663705 -0.974229276 0.252327472 0.85545063 -0.782521427 -0.0872969776
x -0.300243199 0.640235424 2.12718654 -0.544595718 -1.10573137 0.490890294 -0.0311461277 0.99963665 -1.37439132 0.301623791 -0.468147099 -0.223684058 -0.574962914 -0.106895506 -0.418739289 0.41502279
x 0.962935746 -1.95351398 0.498183489 -0.266854376 1.7447927 -0.768263757 -0.5760203 -1.20197618 -0.145397305 -0.431979686 0.311414778 -0.439652771 -0.0946052447 -1.02865076 0.976160705 -2.60027575
x 0.53977567 -0.0361727923 1.05220962 1.81209815 0.394586444 -1.26281416 0.223596752 -1.38382876 0.534264386 0.594541728 0.520719945 -0.951715827 0.823493183 -0.698904991 -0.869655788 -0.806613684
x -0.214264229 0.0984648466 -0.0401881672 1.34248543 1.11431599 0.234197035 -1.09057176 -1.34232807 1.13082516 0.978043199 -0.282068729 -0.0297833495 -1.09503031 0.474216402 -2.52128983 3.12287378
x 0.759215057 0.434153169 1.12270045 -0.517114699 0.148640871 0.581976116 0.233184934 0.0412861705 -1.08453107 1.16764796 -0.11236731 -1.17793536 0.269925117 0.195402816 -0.122157246 -0.261247486
x -0.99458915 0.303657651 -0.936851561 1.51483929 0.671517372 0.0829783306 0.948255658 0.0652738139 -0.66332972 -0.0555609874 1.64330602 -1.22504306 -1.2985003 -1.04460537 -0.767891765 -0.60904932
x -0.0948503539 -0.456113279 -0.466091067 2.18206286 0.064289473 -1.84046662 -0.948360384 1.13413441 0.315472901 0.087943837 0.649741948 -1.51251042 0.0503247455 -0.641647577 -0.772957683 -0.933523774
x 0.848783493 0.987799585 0.330886692 0.851142824 -1.54361796 -0.266899675 1.00916386 0.828827858 -0.375524074 -0.319285244 0.0838154405 2.31798053 -0.962232888 0.358170837 -0.857101858 -1.46543014
x 0.244308606 -0.589957833 -0.815464556 -0.658704877 1.4290123 -0.113421969 1.29789019 2.12479639 -0.708485246 0.0783087686 -0.113514148 0.832010329 1.33933127 0.470798582 -0.64612937 -0.0840268508
x 0.559288204 -0.446402282 -0.275805026 -0.732431948 -0.468533158 -1.58414531 -0.227015138 1.41856587 0.646621823 0.536208451 0.899546921 -1.20895827 1.54796886 -0.753257692 0.593586504 1.40379953
x -1.16599774 -0.536129117 -0.991796553 -0.11692179 2.37055659 -0.957572162 1.65958154 -1.06124759 0.298962593 0.830473721 -2.22302938 -0.367072552 0.414304823 0.545121551 0.729954541 -1.24495614
x 0.12416286 -1.24023402 2.32667327 0.516644478 0.633803666 -1.01930177 -0.713576257 -1.06656015 -2.28917074 -0.323168814 -0.126347259 2.4839716 0.235253945 0.33647424 0.18173109 1.86416614
x -0.535155833 -0.608301342 -1.51247227 0.704937518 0.230762899 -1.420555 -0.267515272 -1.91999531 0.453524649 0.433393955 -0.577629268 -0.0450832173 0.971237957 -0.893466651 -0.364858687 -0.406592935
x 0.646655858 -0.691775322 0.872043371 0.540575683 1.32829785 0.566816449 -0.559915006 0.473026216 -0.384226471 -0.897899687 0.641233921 -0.294674397 1.43931305 -1.51156592 -0.635076284 0.855592251
x -0.162218168 -0.256304264 -0.878017783 1.39671695 0.529388905 -0.639752388 0.0114499815 0.155925199 -1.29188228 0.682736814 -0.0705787688 0.341180563 -2.64340568 1.41059744 -1.84237432 0.0898578689
x 0.714465559 0.596524835 -1.56244063 1.09634566 0.12620464 2.19129515 -0.867214084 0.255130321 -0.576902747 0.0534830913 -0.0346854329 0.768886805 -1.30555236 0.215950668 1.35957336 -1.02365005
x -0.0397958271 0.423399895 -1.25961721 1.85606837 -0.798478186 1.1207881 0.873577416 -0.940113127 0.874701917 0.213678315 1.58121538 -0.600648999 -0.221960083 0.598406494 0.813383818 -1.65462017
x -0.67108494 0.66005069 -0.432385594 -0.160851821 1.98470473 -1.58235288 -1.90132856 0.843711317 -1.06715381 -0.717774987 1.14218307 -0.237452447 -1.80173433 1.98133433 -0.222437322 -1.280182
x 0.604565918 1.83694112 0.0686768666 0.237145096 -0.383522421 -0.25298205 0.716856122 -1.70346546 0.107748084 -0.668650806 -0.429961562 0.655282915 1.5612911 -1.18088937 -1.34080374 0.417212874
x -0.473276913 -0.254274666 -0.3679142 0.678772748 2.01179814 0.866584361 -0.134261757 0.168996111 -0.631425321 1.27108717 0.0731465369 1.00663817 -1.09239948 -0.686271727 -0.539180756 0.512077093
x -1.64670241 0.799011171 2.30378366 0.959712446 1.31379628 0.760729909 0.736011982 0.902796447 -0.341095835 -0.91232121 -0.140420124 -1.02625871 1.13905847 1.44155896 1.02773488 -1.08244956
x 0.989834309 0.707063794 0.904308021 -0.0902409926 0.439648896 -0.176881433 0.599744797 -2.36121702 0.407610625 -0.868028343 0.839234233 0.388897419 0.187614575 -0.0364426076 -0.320653945 -0.00617874367
x 0.957493424 0.336448669 1.5496707 -0.042025134 1.6921339 -1.68068135 2.07524729 1.98887467 -1.22253168 -0.0527236499 1.3996706 0.624684334 0.309484661 -0.510487616 -0.265266448 -1.02652347
x -0.0167186167 -0.738955617 1.24482012 0.623505592 -0.136985242 -0.139113411 -0.0680161566 -1.39363205 1.34864497 1.52474225 0.33692041 0.247083694 1.05196702 0.476297945 0.76972878 -1.45213783
x -2.93058729 0.129893035 -0.529714346 -0.361041754 -0.401206821 0.1575436 -0.379694939 1.48193586 0.107150041 1.64146423 -0.844787717 1.18934381 -1.14390826 -1.21493053 1.06532359 0.443618447
x -1.83114684 -0.560499847 -0.821766734 0.192973688 2.35088277 0.539431632 -0.605572939 0.578181028 0.52431637 -0.544076025 2.07137966 -0.691174865 0.673638046 -0.366608024 -0.826167107 1.74346304
x 0.304235697 1.18658447 1.3064748 -0.585530758 0.566553891 -0.641718507 -1.5890373 0.862394869 -0.155963168 1.47301078 0.450916141 0.44488135 0.830575168 -1.61859357 -0.397929162 -0.274401665
x 0.595531702 0.696266294 1.0711894 -0.333494306 0.0531337149 -0.244192734 -1.22676158 0.438072741 -1.63007581 -0.154756725 0.423699379 2.49336457 -1.22412229 1.22709835 0.681552708 0.15354529
x 2.14635706 -1.81559873 0.226302996 1.40177953 -0.674183786 0.217180774 0.209338576 -0.986019075 0.325697988 -0.663339376 -0.820822358 -0.962640762 0.872710228 0.370068878 0.972271621 0.414900452
x -0.621867657 0.739263415 2.71013594 -1.11404347 -2.22467422 -0.00291186688 0.22060515 1.32207477 0.292745918 -0.116062999 0.135607332 1.04222333 0.0326024219 1.33949912 2.00253844 0.272650272
x -0.457641602 0.424426794 -0.0232384335 -1.42042863 1.26854825 0.440698028 1.00164139 -0.235200644 -2.10025954 -1.7607646 -1.19747746 -1.02217615 1.06542313 0.708487272 -0.197331235 -1.57913041
x 0.565354645 -0.452990651 -1.28798163 0.53604883 0.841322839 -0.398877144 0.110508539 -0.304417163 0.879754305 -1.34892952 -0.372327387 -1.17020535 -1.23486686 -0.592319787 -0.709204733 -0.760997117
x -0.208704501 1.03373122 -1.56715238 2.27864146 0.0406503975 -1.25861275 -0.0652976856 1.90083373 -1.85571766 -1.52531695 -0.927940547 -0.509822965 1.35385013 -0.522062242 1.00608993 0.0771075934
x 1.57200921 0.781223118 -1.0652318 -1.85716116 -0.470110327 -1.0338527 -0.416124135 0.0562095344 -0.264991432 -2.31861043 -0.031126108 -0.402133971 -0.481239349 -1.20113766 -1.50052428 -2.34997582
x -1.08118784 -1.77284443 -0.626387775 -0.105649188 0.810404539 0.992277622 1.43680835 0.575158298 0.300728291 -0.180121556 -1.64842796 -0.689643025 -0.959418833 0.423801363 0.273508012 0.264474243
x -1.41038728 -1.1441747 -0.0973243266 1.37588477 -0.852744043 0.987242818 0.923859537 0.957581818 -0.0996709242 0.390165955 -0.945721924 -0.495217115 1.50347638 -1.02107155 0.922187388 -0.373491019
x -0.946969926 -0.855277121 -0.663298488 -0.108922571 -1.29706883 -0.520035446 1.11408806 0.381116033 -1.34880173 -0.845220029 -0.332285196 1.23058343 0.971240938 0.854309499 0.784820318 -0.94742167
x -1.31849062 -2.27428627 -0.424919486 0.226375878 0.749988437 -0.902462959 -1.09145546 1.52284527 -0.372348666 -1.18787503 0.823907256 -1.00971889 -0.626324773 0.489989191 2.57240057 -0.44869554
x 0.375887007 0.124076016 0.397508353 -1.05264854 0.208465844 1.24610388 0.124603592 0.264548302 0.309511125 0.250401497 -2.37982249 -1.75444436 -1.19434738 0.988130748 0.449265301 0.434671998
x -2.65607977 0.165882707 0.655859649 0.0587186925 0.0566898659 -0.737307072 0.810820341 -0.134247243 0.103430882 -0.967382252 1.33424437 -0.0229347628 -0.605989933 1.71481848 0.560390055 -1.24966025
x -0.15897657 -1.38208365 1.03698385 0.388288409 -0.600924075 -0.297218621 -0.924009323 -0.842196941 1.04098356 -0.531737447 -0.876808167 -0.563715398 0.0811976939 1.03869474 0.725877821 0.821542084
x -0.583218098 0.348153144 -0.676281333 -2.09489489 1.01637125 -0.720391095 -2.0380888 -0.614511371 -1.51838708 0.267727822 -0.298407733 -0.616824567 1.21838963 -1.12462831 -0.0690824911 0.659758925
x -0.252233177 0.190298617 -0.933440149 1.80760455 0.167569667 0.390458882 -0.523124278 0.47622326 -0.387325555 0.748301446 -0.0688924491 -1.03707361 -0.121973485 1.67614269 -0.187503323 0.282698035
x 0.249550268 0.341004848 -0.808760166 0.40485248 -0.645118356 0.178502426 -1.7166822 1.44873226 -0.269845486 0.589717388 -1.17270076 -0.102938361 -0.438853383 0.76617986 0.230030343 0.290630162
x -0.237684101 0.338666469 0.676981568 0.594199002 -1.36695933 -1.55255318 1.50906169 -0.488771349 -0.73205924 -0.106943987 -0.468288064 -1.0081501 0.289797515 1.44718921 -0.208857626 1.06888628
x -0.301212758 -1.44356692 -0.366599262 -1.2315619 0.173045486 -1.27963078 0.931299448 1.34339058 0.598341942 -0.467123449 -0.258224607 2.72858191 -1.17651212 1.22335863 1.28361964 0.582521021
x 1.46997321 0.765538871 0.755055428 -1.17148948 -1.97988379 -0.521500051 -0.808764577 0.0960161015 1.60389936 -0.0609002337 -1.97866607 -0.32721737 -1.57698536 -0.00634833705 0.785919189 2.08146024
x 1.97099483 -1.2451973 0.362645537 0.248998463 -0.867183268 -1.57608068 1.83749938 0.628346503 0.909114361 -0.855602682 2.52688479 0.876669466 -0.934186399 -2.30422926 1.46405494 -1.2573539
x 0.422615349 0.907948494 -0.841113389 1.53243327 -0.541222155 0.524356186 -1.88581502 1.96642244 -1.99869788 1.25867534 -1.44345939 0.376300573 -1.11654937 -0.0399398692 0.591818213 -0.266126812
x 1.84915578 0.536950529 -0.00514646992 0.175469488 1.96729159 -0.827323973 0.417211205 0.153679818 0.470397234 1.10803342 -1.19966865 -0.808904231 0.260008246 1.78548706 -0.133228779 0.362407535
x -1.49637115 1.37440693 1.24457335 -0.656157017 0.832348943 1.29367471 1.29701304 -1.04303098 -0.969734669 -1.681005 -1.76130998 0.552078068 0.522780061 -0.319729209 1.4822892 -0.249121666
x 0.0991442502 1.02703834 1.18671083 -0.677899241 0.730571508 -1.3650223 0.258010656 2.36053061 -0.482834637 0.337509722 -0.159588352 0.0686793923 -1.5135076 -0.691377103 0.529915631 1.23482692
x -1.63228834 0.295444489 -0.860197008 0.185924858 -0.43866387 -1.10753298 -1.00093687 0.858451426 0.510446548 -0.910027504 -0.938949525 0.772485077 3.69645166 0.618590474 -0.146344945 -0.588620424
x -0.911192536 -0.811345994 0.96271801 -0.338110417 -1.00746369 0.461206287 0.201369986 -1.55793941 0.263163447 -0.215551943 2.47191167 -0.428826958 0.394622087 0.900247991 1.88236105 -0.282737315
x 0.0512167774 -0.490662575 -0.561639726 0.563116968 -0.484452367 -0.104203664 1.26678538 2.58643651 0.0898311064 -0.395696104 -0.452450603 0.952086568 -0.434424907 0.251105905 -0.667158842 -0.855682671
x -0.302569479 0.278999567 -0.46686393 -0.76563102 0.53071332 1.11561942 0.49143526 0.273588061 -0.773729563 1.02408135 -0.474740595 -0.0642257556 0.575932205 -0.0635713115 0.558181107 -0.0377930999
x 0.00236688438 1.97961068 -0.849415004 0.107610025 1.52241921 0.144593194 0.482196003 -0.255397737 0.807814062 1.21827197 0.579550803 -0.0744429901 0.141846523 -0.267905027 -1.0115701 0.0825638771
x -0.28230831 1.29196084 -1.02140355 -0.729805231 -0.229028046 -1.57375038 1.41684091 -0.324924022 1.03096938 0.500934899 0.916590512 0.427742541 1.3302176 -0.285942584 0.128167748 0.589797139
x 0.990513623 1.6242466 1.37852955 1.6218915 0.376463056 -0.407758445 1.10324621 0.935353696 2.7755928 1.03180635 -0.764706135 0.293064237 -0.380960673 -1.5476824 0.140817225 1.29799938
x 1.47162259 0.39348942 0.583718359 0.634612978 -0.580011904 -0.614994407 0.507354259 -0.00072590285 0.601893127 -1.11691439 -0.494168609 -0.533046305 -0.956992865 0.538691044 0.0422264524 1.08618939
x -2.1202786 -0.793435037 0.620659947 -1.48852277 -0.789991021 0.652655125 0.0458408892 0.24339442 0.777313173 -0.54968375 0.271003067 0.190811336 -0.62255317 -1.65762103 0.559802413 0.772473633
x 0.284051031 1.30995917 1.11143684 -0.592131495 -0.919203281 2.44637752 -1.5928334 0.866962373 -1.03406858 1.28755414 1.45200622 2.03238678 -0.652154326 -0.610923111 0.0545814373 0.213796943
x 0.46209994 -0.62167114 0.0143666426 0.494307637 0.244781286 0.280394554 0.0760950968 -2.34876776 1.53499448 1.02371824 -0.702799857 -0.384520799 0.513594806 -0.314880699 0.453500122 0.641928017
x -1.65296483 -0.61527431 1.76945996 -0.19596009 -1.53989756 2.0675168 1.59508109 1.45524788 -0.281311691 -0.437445551 -0.388532072 1.88088799 0.864537835 1.84580255 -1.80156481 -0.659229696
x -0.651398182 0.123805687 0.269059896 -0.967017412 -1.45828474 0.376712382 0.552651465 -1.19501567 -0.436211675 0.340725183 1.0543623 0.446969002 0.137046948 -1.20401371 -1.14637828 0.348655403
x -1.17926502 -0.469487637 -0.664989233 1.16000724 -0.888015449 -2.18483186 -0.675740659 -0.242125735 0.764500499 -1.23755133 0.391459554 -1.13784003 -2.37017059 0.626543105 -1.32335353 0.309940845
x -1.24370146 -1.30309665 -1.55351174 -1.37142003 0.302326411 -1.2961216 0.517592788 0.504163325 -0.603732407 1.42695069 -0.576180518 0.0493930876 -1.11244547 -0.780983031 0.39552626 -0.664230943
x 0.708954871 0.673677504 1.15646589 -1.08023894 0.638089955 0.736940563 -0.847272933 -1.94012272 0.0286378451 -0.0862541795 1.32731104 1.00387371 0.59828943 -0.875532448 -0.353455096 -0.0739613101
x 0.843041539 1.31148338 1.05994177 -0.276259214 0.114006229 -0.425846964 0.606124282 1.02719307 -0.382004559 1.50774693 -0.101545468 0.814142168 -1.10706806 0.48403579 -0.889430881 -1.11536551
x -1.11905658 0.886301517 -0.385020703 -1.86228824 0.334228724 2.11732721 -1.22432911 0.183583915 -0.514476418 0.484459192 0.494457901 0.530123532 0.856120706 -0.655216515 -0.533653617 -0.63539052
x -0.605336428 -0.883933902 -0.55962491 -1.39178002 -0.577520192 -1.60189533 0.549403787 -0.96974504 0.694658875 -2.19063425 -0.0591744222 -0.292233706 0.9907763 -0.584165633 -0.109463245 2.62056994
x 2.0506072 0.330789149 0.898785412 0.649716079 -0.00802197121 0.317015797 0.849960685 -0.0390081517 0.573034883 1.56449556 0.156665608 -0.407765836 0.676787138 -0.891804814 -0.451688528 -0.278179824
x 0.546530962 0.320650697 -0.530427039 -1.22466052 -0.162063897 -1.48622966 -1.1363281 -0.262218058 -0.0309655685 1.14522207 1.67302096 0.619093418 0.194589496 1.52144361 0.618649125 1.46757948
x -0.680411339 -0.542441249 0.211197749 0.0949895158 1.00139463 0.0335461497 2.89099002 -0.200068399 1.02549148 -1.63332498 -0.471552461 -0.459922373 -0.0141840307 0.686140954 -2.55622125 1.16725874
x 0.185291991 0.549480677 1.77309966 0.088833198 -0.816511571 0.627280414 0.740830779 0.138943717 -0.776494741 -0.00999363605 0.441566914 -1.30130696 0.0282167364 0.0757854134 0.0874295756 -1.24401391
x 1.22828591 -1.0189954 0.280765027 -0.66978842 -2.22625303 0.122317314 -0.806484282 1.85466611 -0.739443123 -0.733949006 -1.13038063 0.879216671 -0.321693003 -2.08978701 0.777557969 -0.966801465
x 1.80295372 1.12834084 0.75636673 -0.7976318 1.04025304 -1.54937363 -1.08495116 0.101436555 0.602772832 0.785524189 0.222688153 -0.454592168 -0.19783169 1.5924015 -1.08504391 -1.52984154
x -0.218891546 1.92392659 0.334879994 0.085490413 1.04424822 -0.329122543 -0.459147215 0.0268191993 -0.294259995 -0.832747161 2.15522408 0.954388022 1.17084086 -2.02908969 0.605979502 1.33425283
x 1.96982121 -1.14349377 1.02839959 -0.114672273 0.0992690399 -0.181916356 1.02024806 -2.32739019 0.431577712 0.507769346 0.268698871 -1.15264714 0.362321436 -0.768500328 0.199698254 -0.023956161
x -0.585904241 -0.279106796 -0.588858485 1.27838719 -1.45290446 -1.65470743 0.538003743 0.147411644 -1.37705803 -0.299706727 -0.364732385 -2.4844408 1.14125121 -1.47775936 0.0237614345 0.489565432
x 2.22800255 0.850297809 0.204456627 0.173918098 1.48539591 1.09368205 -0.31744796 -0.473286331 2.01838446 -1.42780006 0.280170381 0.75726527 -1.18517447 0.912208736 -1.76503718 -0.293421179
x -0.30342415 -0.859431028 -0.413506389 0.300004125 0.500078976 0.381339759 -0.00095508853 -1.09437609 0.427692145 -0.122441046 0.253956497 1.07271898 -0.662067831 -0.0861684158 1.63431263 -0.553181648
x -0.00176838296 -1.52699018 -0.179486707 0.688266039 -1.33708632 1.63094151 0.247943342 -1.29744649 0.203989938 0.0277310722 0.46949479 -1.45116568 2.08932948 0.742211282 -2.13788509 0.515797079
x -0.0573031828 -0.252888232 -1.66260386 0.161195815 -1.36666584 0.113392517 -1.16080499 1.19090497 1.27650464 0.254476696 0.329708725 -0.549282074 -0.399495512 0.612097979 0.531297743 -0.76060015
x 0.910289288 -0.80389154 0.775251091 -0.611185372 1.2331568 0.775987148 -0.688072383 0.765069604 1.88375604 0.280314773 -1.21318388 -0.339189589 1.7967968 0.293919861 -0.00123367214 -1.77870774
x -0.459361821 0.569262981 0.0300162472 0.0123583032 -1.02866209 -0.629146159 0.874254882 1.8991636 -1.52379274 0.219654262 1.75793028 -0.589715242 0.609751105 0.172912031 1.38264084 0.62937969
x -0.522356927 -0.711250365 -1.46163213 0.308900505 -0.0748751909 -0.316299945 0.358241916 0.895728767 -0.209876239 -1.46737337 1.09475279 -0.368490309 -0.550023675 -0.391868502 -0.00576804066 -0.0251089185
x 0.925448 0.194900006 0.626688898 -1.08133233 0.242316127 -1.03972602 -0.5943923 0.295948178 -0.515568674 0.876126349 -0.668263137 -1.31879199 0.864232183 -0.36332345 0.146834239 0.199601933
x -0.336777121 2.57225037 1.50560749 -0.743314385 -0.165306821 -0.467696071 0.138057619 0.740511179 -0.181353286 -0.0484719649 1.20206666 -0.464805216 -0.176584959 1.26549268 -0.746110082 -1.03734195
x 0.159833401 0.592400193 -0.449801683 1.48097873 -1.05673873 -0.286112219 0.459551185 1.27787745 0.200292602 1.38290024 0.183737636 -1.2393316 0.259220898 0.270237297 1.02014983 -0.497841001
x -0.504715204 -0.593887389 0.871551394 0.881793499 0.0105387131 -0.839952707 -0.621425867 0.537298977 -1.09712374 -0.128043279 -0.275932908 -1.1640743 -0.554917634 -1.08997858 0.271591634 -0.0568313561
x 1.31375706 0.212093815 1.30412304 0.968153417 -1.5802356 0.728121519 0.586941481 -0.748566091 0.614067495 0.446296841 2.0585525 -0.959600389 -0.594210386 1.23067987 -0.966072679 0.283238083
x 1.49673867 0.88614434 1.24747801 0.635240674 0.56869179 0.937607169 0.633574188 0.41793561 -0.855267107 -1.17849469 -0.70599103 -0.923661292 -1.26769102 -0.418934852 0.352388561 -0.972122312
x -0.473231226 0.523692369 -1.19802916 -1.06215203 0.263436139 -1.41854823 -2.06614113 -1.11547947 -0.335981667 -0.728613794 0.78346771 1.09029078 0.969658911 -3.15061021 0.90714252 0.769974709
x -1.04206455 -0.354630262 -1.95319724 -0.84758991 -1.178617 -2.02033949 0.737081826 0.779406726 0.505002439 0.144944668 -0.247901723 -1.92985165 0.747202933 -1.13781714 0.444942236 -1.04057395
x -0.525803864 0.813081622 -1.38939095 -3.00480533 -0.916754782 -0.400789857 -0.0171504039 0.176585376 -0.718105376 -0.625006497 -0.0775822923 -1.36599147 -0.721695006 0.362044334 0.275396347 0.789874852
x 0.493601859 0.616922975 0.654200137 -0.897976518 -0.082979165 -0.096929267 -0.0386252031 1.32183099 -0.522457182 -2.6844449 0.304619819 0.124785863 -0.124480456 -0.400607884 0.948944986 -1.5741086
x 1.70786357 2.0447886 -0.871474028 -0.014106364 1.6284945 -0.2912637 0.426002175 -0.295810968 -0.266720772 0.559344053 -1.02028668 0.0291885324 1.01487744 0.339695454 0.77914834 -0.600409806
x 2.64233971 0.399743438 1.90537179 -0.0922530144 -0.833867252 0.447315931 1.26019263 1.00852931 -0.685217857 -0.435219467 -0.143511146 0.0671950653 1.67647278 1.26077056 -0.0574733578 0.0416832604
x 0.799055159 -0.0820601285 -1.27905536 -0.0712064356 2.4530232 1.69332957 2.11254692 0.813542128 -0.50272876 0.29103592 -1.15151489 -0.876994193 -0.716687739 1.84394443 -0.592100739 1.19935429
x -0.589303195 -0.0274673402 0.486741096 0.462422282 -0.0281643681 0.740420222 -0.53578639 -0.201784238 1.88327444 -1.92730522 0.515656948 0.573546052 -0.267344683 0.0407172516 0.164056286 0.464911699
x 1.51692939 0.648821354 1.28705823 0.500313044 -1.35869527 -1.19487488 0.913104832 1.13076746 -2.28088546 -0.926776588 -1.0592922 0.234400466 0.705250323 -0.0405552834 0.529298723 -1.16553986
x 0.30593881 1.74216747 0.360251725 1.1020788 -0.00329713547 -2.44028282 -2.07584643 -0.17431964 1.07378745 0.23604463 -1.05931044 0.367625982 0.992746353 -0.993268132 -1.55575442 -0.620332003
x 0.827611148 0.834805429 -0.662928998 0.179426298 -0.355905116 1.20033264 -1.92818594 0.0935483649 -0.271129042 1.34712958 1.25870824 -0.0757543147 -0.983275712 -1.31144619 -1.33678186 -0.460931569
x -0.41132316 -0.821199417 1.07658494 -1.51660705 0.76652509 0.13916415 -0.536687791 0.818538964 1.09604394 -0.25110814 -0.217982724 0.71655488 0.0425563753 0.0265733618 -0.162871495 0.743323207
x -1.69948828 -0.558602035 1.07831895 0.72250098 -1.45245039 -0.730977893 -1.40778303 -0.867606521 1.15974307 -0.0449385159 -0.590826452 0.0965276361 -0.694672048 -0.157761961 1.76585317 -2.12510991
x 0.779555023 -0.775873423 -2.17499256 0.768708825 -0.132645801 0.146463469 0.338833392 -0.545824826 1.08485007 -0.0721940324 0.816346824 1.47451639 0.35080269 1.52630603 -0.227391928 -0.554116786
x 0.0397873037 -0.874428928 0.947223902 -0.903434277 2.09416151 -0.596013784 -2.0538249 -0.142648548 1.31584966 1.33333552 -0.476531476 0.0698108599 -0.438372016 0.433407247 -0.437751681 0.639144838
x 1.7584914 -0.135964692 0.307664782 0.0453177392 0.309735864 -0.625589073 0.260525376 -0.489808381 -1.01038647 1.02645147 -1.72207427 1.52072632 1.62988102 0.337511361 -0.51159972 0.621423602
x -0.774175346 1.1808759 0.0349892899 -2.5616014 -0.255536735 -0.319419354 -1.81220925 1.4676671 0.314613312 0.125377536 -0.0554803684 0.689100027 0.976175427 1.19389331 0.414779156 2.40115142
x 2.45178652 0.557215571 -0.607441902 1.06190133 2.26971602 0.338459104 -1.16941667 0.60391444 1.1255219 0.454720706 -0.785032928 0.449756563 0.340301067 2.13668895 0.867721081 0.817994058
x 0.467019588 1.68903267 -0.706938922 1.96483719 0.666448832 0.29469198 -0.659373224 0.334837824 -0.545614064 -0.988593698 -0.273974448 -1.63777304 0.13308692 0.717251956 0.36149627 -0.984911978
x 0.730162978 1.39423668 1.25959325 -0.8159343 0.428625792 1.08644533 -1.03011453 0.202654153 -0.532926738 0.881173015 0.17316553 1.7072444 -0.643437207 0.716663182 0.590371847 0.063568674
x -2.19146514 0.307579935 1.14402473 1.11265922 -1.03649175 -1.41090596 -0.0714922547 -0.975755632 -0.973043621 -0.598004758 0.528327644 -1.07968485 -0.245571807 0.79395473 0.282907367 2.82934999
x -0.530293226 0.615885079 0.963882327 -0.58729279 -0.0364546403 -2.1623714 1.25292158 -0.485854179 0.438411742 -0.0507615656 1.18111825 0.537288725 1.56963718 0.00416025799 1.09266281 0.632915795
x -1.28224444 0.631790102 -2.08991742 0.184953898 0.179346681 -1.53584719 0.456953764 -0.40029636 -0.226377055 -0.99265492 2.03688741 -1.05733335 -0.452521026 0.883050203 -0.519468307 2.0839479
x -0.028323587 -1.61791718 0.948350549 0.647024214 -0.670658171 -0.830228329 0.531856418 2.08821487 -0.391394764 -0.174677163 -0.0675273314 0.229019776 -1.2711277 -0.578937173 1.27214265 2.42033744
x 0.65741843 -1.98079062 0.446124941 -0.455301106 0.742582202 -0.58168304 1.60430706 -1.2280854 -0.573342264 -0.0363463648 2.83690405 -0.519368708 0.419842452 -0.116503075 1.94772923 -0.255406469
x 2.25301266 -1.50002408 0.10700547 0.176756769 0.342047215 0.73888284 -1.20613587 -3.17576337 -0.740172386 0.171652168 0.0623515025 -0.923429906 -1.56976962 -0.0269515067 0.0758885294 0.440988094
x 0.0613840669 -0.695174098 0.328047872 -1.43270266 -2.35436964 0.522776842 -0.951776087 -1.09368408 -0.970952392 0.707067192 1.25619555 -0.0638797581 1.93819284 0.517266989 -0.901689887 -0.428421259
x -0.186582953 0.821547329 1.01621366 -0.634973943 1.93819332 -0.742868006 0.348072529 1.68595004 -0.742818832 0.611200035 -1.90297675 0.0151663311 -0.0462852828 1.38180649 -0.290252268 -0.894833148
x -1.34475315 -1.07370627 -1.47555733 -1.0010947 -0.415978998 -2.28362846 -1.31101751 0.530071735 -0.690587461 1.74785316 -1.56881452 0.00388604426 -0.332479239 0.0891229808 -0.536043465 -1.33077157
x -0.544562459 -0.280934691 -0.508163571 -0.6840837 -0.193270624 0.440758765 -1.14162004 0.0990781263 1.04436719 -0.56300509 0.489711165 -0.397156268 0.0500342958 -0.00288961874 -0.787318349 -0.769003212
x 0.300518006 1.67078793 0.955266476 -0.525810421 -1.0930599 0.45449391 1.05762601 -0.408890218 1.09528279 0.178703189 0.365099847 1.81229675 0.187441528 -1.29986715 1.17137313 0.687295556
x 0.836413324 0.518825591 0.0975762978 -1.43920541 -0.13560757 0.0669791251 1.50394917 0.967373729 1.0267086 0.453184038 1.69888318 -0.132250801 1.74784577 0.928677738 -0.644654691 -1.13754237
x -0.603590608 0.244255543 -0.56996578 -0.215340421 0.603698552 -0.711858273 1.15530515 -0.583452463 -1.7046895 -1.02905273 1.03800428 1.09657967 0.482445627 -1.3723557 -1.08615339 0.187438339
x 0.63131392 -1.71197128 -1.55113375 -1.1180203 0.955103695 0.466501117 1.01218843 -0.129089445 0.400382906 -0.861540496 -0.873692155 -0.540551841 -0.297069192 2.21364498 0.620132565 -1.09725833
x -0.536285937 -0.205395475 1.12072098 -0.659655511 -0.0544482283 -1.04245293 -1.28532338 1.09009778 0.232474595 -0.0926411524 0.650915623 0.71209687 -1.54749298 1.05299222 -0.0752835944 0.00137796276
x 0.932009995 0.973053932 0.802090943 -1.06956077 -0.405946434 -0.337572992 -0.559935868 -0.239572406 -0.720318258 0.573680699 0.49599272 -1.5675981 0.434470683 -0.866903782 0.347278655 -0.331298292
x -2.01786304 -1.89137626 0.558820307 -1.51646507 0.780608833 0.119866036 -1.18672085 0.0820041299 1.64078498 0.535842657 0.747292697 -0.337191463 -0.981947601 0.798955202 0.0219737645 -0.56782347
x -0.372048229 1.71440208 0.0149461282 0.109639131 0.550201714 -0.320225179 0.469778478 0.617572069 -1.24131536 -1.33401895 0.418592602 -0.252445638 -0.00936049782 0.348293692 -0.240623564 -0.927966058
x 2.7957654 0.666472971 0.221128508 -0.121973835 -0.527554691 -1.68826449 -0.297209799 1.10381353 1.40022051 0.939695954 0.428058088 1.41070008 0.224674895 0.0632327646 0.575143218 -0.307212502
x 0.491238743 1.49927115 -0.146970585 0.482312322 -0.0235081837 -0.0643276572 0.415024072 -0.973072052 0.571839631 -0.755416453 0.146238983 0.942962587 1.55806434 -0.451932371 0.131453738 0.113540761
x -0.019302154 0.324416876 0.950683057 -1.02451193 -0.254684359 -0.505083144 0.379690975 -0.0232403707 -0.628226578 0.441190183 -0.907178104 0.777344286 -0.566907346 -0.390960544 0.406670809 -0.43992877
x -0.89908129 0.754980206 1.07793927 -1.32031834 0.643404722 -1.98797476 0.5086689 -0.128647253 1.46149051 -2.11658883 0.163301036 -1.3060025 -0.17789647 -1.24963427 1.58933544 0.35385862
x -0.139397144 -0.311452299 -0.712161422 1.13638496 0.356795162 -0.856875896 -1.83479643 -0.132599011 1.20609832 -0.57925272 -0.317151368 0.631449044 -1.61222196 -1.42030632 -1.30573511 0.432908952
x 1.21920466 1.04437518 -0.619335353 -0.195713133 -1.14978492 -1.77138031 0.454990029 -0.75939393 -0.0494351834 0.50552696 0.985049129 0.951497376 0.934239328 -0.117658094 -0.877327561 0.938485265
x 1.4519105 0.663094342 0.632264853 0.43784976 0.970127523 0.0164186265 1.82797599 0.850750804 -0.538447082 2.60511827 0.315223277 0.272546858 0.789879799 0.722177446 1.41580939 -1.62556231
x -1.33329034 -0.78771013 2.07659435 0.639630854 1.33675981 -3.10000801 -1.2204051 -0.70923245 0.725365222 -0.720931113 0.957996309 1.35960376 0.159192502 -0.787316501 -0.375863612 -1.42856359
x 0.721905649 -0.619972229 -0.28006196 -0.24349089 -1.10959196 -0.308782637 -1.21684599 -0.286316931 1.24620414 -0.210550413 -0.530177712 -1.51447093 2.27460551 1.47070813 -0.524565697 0.352655262
x -0.215012148 2.39230633 -1.08548295 -1.29995263 -0.272943616 0.526091456 0.216347992 -0.0576767735 0.424750537 0.71080786 1.59390616 0.511126101 2.01770782 0.886442065 -0.322046787 -2.17394829
x 1.1322242 -1.58796072 1.92205071 0.232128769 -0.800878584 -0.488422155 0.840504169 -0.14391081 1.30966902 -1.18892968 -0.159080237 2.09368443 -1.3606627 -1.26969361 -1.20537639 2.51526093
x 0.59517467 2.91878009 -1.77435839 0.7236287 -0.570325255 0.320038617 0.375670493 -0.76834482 0.507294416 0.464413524 0.728160143 -0.471814334 1.4288764 1.23451138 0.941073596 -1.62447321
x 0.870238781 0.141946033 -1.4971627 1.59800458 0.0836957693 -0.105650648 0.875429034 1.51289356 -0.516047359 -0.586345494 0.422246039 0.321133405 0.0714765787 -0.298607379 1.24720013 1.3096391
x -0.296080709 0.874225378 -0.210096776 1.26331437 -0.0877106115 0.375019014 1.02815199 0.266039908 -0.207770854 2.01227951 -0.253167063 0.0865124688 -0.793495774 -0.524326861 0.360887736 -0.128675103
x 0.317424715 -0.0511128418 -0.033847224 -0.786791801 -2.08419538 0.323196948 -1.78216767 1.14274335 -0.810811043 1.54590225 1.91168702 -1.43312871 -1.09672177 -0.700441957 -1.25287867 -1.43292785
x 1.51412463 0.275815219 0.731813133 1.35680091 -0.77107513 0.0794005394 -0.126786873 0.251980275 2.09471178 -0.1386666 -0.694188416 0.794062436 1.81266344 -0.313753456 -1.53159153 0.949213922
x -0.542170227 0.639262795 1.2894417 0.100874141 1.63097823 -0.482597142 0.108837947 -1.96194804 -0.158701017 1.43568885 0.355061322 1.12556314 0.993483722 -1.86736178 0.449773073 -0.340171963
x -0.277685344 -0.113220356 1.178743 -0.303462923 -1.78488719 -1.16837692 1.67849422 -1.29244244 0.240002662 -0.0459772572 0.11127577 -0.333079398 0.295425802 -0.274227798 -0.272134036 -1.03535306
x 0.439665049 0.329709709 -0.972905576 0.976818264 0.348863274 -0.687973857 0.593633652 -1.01742494 -1.31552279 -0.0593924485 -0.223591432 1.02713192 -0.254965752 2.5002408 -0.6611076 -0.163143575
x -0.177862346 0.66200161 -0.227130279 -0.293072999 1.46646023 -0.156706467 -0.587848783 -0.259991646 0.463582486 1.23291504 -2.98297191 -1.02861178 -0.78258431 -2.09268451 -0.713802636 -0.347637683
x 0.357873738 -0.241063878 0.0646626428 -0.439707428 0.586204708 -1.5229249 0.789539337 1.51108778 -0.916546345 2.38874984 0.923029244 -0.46485883 -0.298362017 -0.450822443 -0.581005275 -0.209079579
x -0.846643031 1.07083309 1.0677526 0.39849481 -1.01681042 1.71587956 -0.9122504 0.698312461 -2.65253735 0.979576588 -3.69227648 -1.41541326 0.321544766 0.259652019 -0.161069542 0.511132061
x -0.068347089 0.648775995 -0.2590563 0.237312973 -0.894828141 0.387057543 -0.733699262 0.587458611 0.209995031 -0.512793183 -0.799259782 0.671517193 -0.185050026 -0.413828701 1.09301424 -1.05093205
x -0.729153395 0.0304217376 0.894441128 -0.686561346 -0.855308294 -0.400634736 -0.391544074 -0.0771607235 -0.612567902 -0.950215459 2.0129776 0.0640347451 -0.337603301 -0.820805311 -0.138212785 -0.389709175
x 0.688962221 0.44334197 0.721514761 -0.885656595 -0.574079573 0.439023256 0.447048575 0.122665197 0.375531495 0.857511401 -1.31660151 1.62355411 0.131740019 -1.10507286 -0.122212484 -0.0790782347
x 0.140823245 0.742613316 -1.15615427 1.26645625 0.211481005 0.843123138 0.551967442 0.47462213 0.402500093 1.52013993 2.18365955 -1.17077672 -1.60849619 1.13073087 -1.51186478 0.0646883547
x 1.53357303 0.115247153 -0.149403557 1.05014646 1.1752317 1.84150195 0.15056628 -0.5012905 -0.509245038 -0.0918252245 0.686669528 -0.473487645 0.896721184 1.4956373 1.66535974 0.670663953
x -2.41917229 0.168238327 -0.34912768 -0.369664401 0.361091554 -0.651536226 1.19252479 0.792236149 0.636462867 -0.641399622 -1.1739614 0.539531052 0.554394305 -0.309254318 -1.74847341 0.952032149
x 1.65859997 -0.33499077 -0.606697619 0.757096171 0.593542159 -0.90463376 -1.05482876 -0.580512583 0.635193646 -0.795636117 1.45959449 -0.685242355 -0.551810563 0.432321608 1.4294014 -1.24562395
x 0.3533912 1.07292926 -1.05781579 -0.576433957 0.979037702 -0.499313861 -0.318787396 0.300661862 -2.01049113 -0.903056324 0.0526198037 1.4678992 0.240652397 2.42083597 -0.872479975 -1.02076256
x 0.683197021 -0.329563916 0.99255532 1.47060502 0.354171216 1.07066834 0.418715984 -1.75611699 -1.72090805 0.387693763 0.445272028 0.942559302 -1.08855629 1.11788762 -0.763087869 0.486637294
x -0.229601353 1.39034963 1.21023893 0.328486294 -1.66577792 1.67391288 -0.768948078 0.0181709547 -1.21167934 0.607922733 0.72825563 -0.944036663 -0.61840111 0.157359079 -2.12382984 -1.76867986
x 0.248007134 1.3907162 0.626817286 -0.316749781 -0.0102824215 -1.73812318 0.926255465 -0.259540826 -1.12987339 0.168358013 -0.498490185 -0.288789749 0.828998566 -0.894587576 -1.57527149 -0.428771764
x -0.836948574 0.653639197 -0.605936825 -1.70866239 0.375150323 2.24045706 -0.237423003 1.81210649 0.00269385986 -1.15725386 0.418083131 -1.02498674 0.538832188 0.658744991 -1.54804254 1.34476125
x -1.64054871 0.94452101 0.0267950185 -2.03332901 -0.563604176 1.11488283 -0.0720113069 -0.43464303 -0.96968472 1.45404768 -0.542819142 -2.18074059 0.302931458 1.16321945 0.229209721 1.31832838
x 0.239180312 -0.178807378 0.803832531 1.54634714 1.65769684 -0.0320910141 -0.746058226 1.17904341 -0.380098999 1.80472219 -0.307539314 0.167671874 -1.26212835 -1.01835787 -0.700832248 -1.1594702
x -0.220135257 -0.127094015 -0.639716506 0.259326756 -1.55752456 -1.22659755 0.399408519 -0.381045073 -0.106707744 0.0946660563 -1.13264501 -0.521700501 -1.61697114 -0.0890364349 0.0536333248 -0.159225464
x 0.207427189 1.59858418 0.489499778 1.18169773 -0.887175858 -1.82172716 -0.490989 0.921747267 0.487838864 -3.86831665 0.514597058 -0.0586163923 -0.226768285 -0.482256472 0.189474285 0.362991422
x -0.197371915 0.0986495018 -0.352686107 -1.09933317 -0.386469603 0.411968082 -0.297281206 -2.00914884 1.55532062 2.18718624 -0.111895055 0.381585658 0.591927409 -1.13143003 -0.627534807 -0.329776168
x -1.49285197 -0.089163363 -0.441077471 1.0537709 -0.538603246 -2.26588917 -0.194355145 -0.488637298 -0.563843787 0.242359579 -1.28795516 0.576397479 0.0702515021 0.472462237 -0.74387902 0.629842818
x 0.160855308 0.179881915 -0.299025655 -1.08246601 0.287375569 1.63751733 0.415885329 0.607103705 -1.63161492 -0.126553878 1.69461441 -1.26588774 -0.510059118 -0.734829485 -0.237956613 -2.39590812
x -1.17648411 0.29232505 -1.24684298 -1.99546528 -0.54525584 -0.470803171 0.284939706 1.63687634 0.355197579 -2.01989746 0.804978073 -0.0752944797 -0.0655485615 -0.123023197 -2.20337415 1.42155302
x -1.66241765 1.29568279 -0.833853185 0.226973578 -1.13014138 -1.87558818 0.851603568 0.336881608 -1.16251516 -0.153348595 -1.4897151 0.0914624184 0.585692227 -2.10467553 1.65037656 -1.19340718
x -1.79569221 -0.97650665 -1.9556092 -0.376661658 0.680293977 0.0969027504 0.128663018 -0.273297697 -0.162166223 -0.100713126 1.14688432 -1.38244939 -0.795177937 1.84914482 0.771284342 1.26757026
x -0.61898917 0.075099349 -0.989815652 -0.38455683 0.48832038 -0.526084244 -0.156198174 0.327080429 0.502903581 -0.777855694 1.40218985 -2.33911133 1.12028086 -0.0023939698 0.223679066 -1.01335204
x 0.27425459 -0.687025011 1.95456672 2.39889288 0.987621069 -0.11760173 0.631953895 -0.489985287 -0.803410411 -0.585166752 -1.65584826 -1.8048538 0.424893558 1.34686005 -1.07222843 -0.511153936
x 0.414203435 0.526755571 -1.45060086 -0.83950907 -0.00139247894 -0.715075612 -0.501749516 1.14288151 -0.426356822 0.178254604 1.06199396 -1.1536628 0.517716289 -0.656831563 -2.11745501 -0.147165254
x -0.336276174 0.186389789 1.01855052 -1.01541626 0.3581765 0.120063864 0.234500319 -0.309395134 0.350844741 -1.07669163 -0.0939476341 -1.35246944 0.071487017 -0.703828335 0.181427419 0.00266946945
x 0.457368523 0.16788666 -0.619914293 -0.502816021 0.399964631 2.69121504 -0.575279832 -0.795854151 -1.01489496 -0.33552441 0.362692505 0.334195524 -1.32584238 -0.908288479 0.801338851 -0.566919208
x -0.0782661214 -1.33263171 0.067083776 0.0158787258 -1.7416805 0.113529496 -1.98923111 -0.696509957 -0.137988105 0.161357954 1.90162265 2.23249364 -0.481827557 1.72905862 -0.0768959299 0.846405864
x 0.0335358754 0.477511942 -0.725917339 0.0969389826 1.23017144 -0.991090775 1.36013699 -1.92699373 0.262618035 -0.911458611 1.09317183 1.57168865 -1.99527919 -1.45677078 1.69471753 0.667942405
x -0.825848401 -1.34749055 1.2689234 -1.4241581 -0.309666336 1.54569483 -0.201830879 -1.72848558 -1.56961894 1.17418754 0.178856388 -1.95268083 -0.662483335 -1.24752724 3.82604837 1.18390119
x 0.278815001 0.0186548606 0.524377525 -2.33296609 2.56859922 -1.50000441 1.65020251 -0.823255002 -0.401247859 0.196712926 1.02993631 0.152490795 -0.479913443 -0.169346839 -0.195769489 0.855413139
x 0.68616581 0.0559580959 1.59136128 0.788704813 -1.31373191 -0.551635444 -0.82766974 0.809705734 1.54761386 -0.559839368 0.249166936 -0.849524498 0.443306059 -0.608433247 -0.673381925 0.49440527
x 0.330095023 -1.70048821 0.612494767 -0.807403326 1.09361434 -1.50042856 1.52922964 0.132287502 1.27614975 -0.150559366 0.90102452 1.58882248 1.05084717 1.09561038 1.05176508 0.916381299
x -1.13306749 1.92794108 1.64951897 -3.08851361 0.837398052 -0.756467283 0.621335268 1.38598442 -2.4900949 1.29075921 -0.947149515 -0.0527446233 0.156754807 -1.32756329 -0.949572027 0.246122375
x 0.889924049 -0.00497423438 -0.807122886 -0.233857915 0.469541878 0.214725912 0.817865372 -0.700283349 -1.56952822 0.834877849 0.375353962 1.61009133 0.246295497 0.907363892 -0.479955882 0.735758305
x 0.433221012 0.473497123 0.240281329 0.188669696 -0.00246455916 -1.11267459 0.896070361 -1.7512567 0.726618588 0.814589024 1.26912951 0.502747536 -1.449646 -0.674185157 -0.409041524 0.517187774
x -0.738523126 -0.385782033 -0.031609606 0.0398789123 0.426425904 0.418689638 -2.36868334 -2.18759966 -0.142416641 0.432263553 0.264520526 -2.02681303 -0.922393918 1.2675792 0.697207391 -1.13573217
x -0.261966795 -0.1408135 -0.851534069 0.748226881 0.128487885 1.38291693 0.637143254 0.313120812 0.715082228 0.949583054 1.55864096 0.734046757 -0.195838317 -0.83204335 1.09814978 1.26310503
x -0.217337146 1.20413971 0.134322658 0.214851886 0.771255136 0.557318687 0.799585164 0.123590298 -0.388046026 0.469508022 -0.105991259 -0.832422554 0.0607707202 -0.107851915 1.14828777 -1.12650752
x -0.764442205 -0.991828799 0.327964783 -1.10405397 0.538562179 1.10727632 -1.52804053 1.70832396 0.174151421 0.044927109 0.850878298 -0.809081793 -0.0411756746 -0.810196042 0.69923979 -0.714716613
x 0.156826094 0.327923834 -0.56978637 0.793809295 -0.00655364385 1.55244887 0.0525956303 -0.521429121 -0.666420877 0.231077254 -0.687958777 0.426979572 -0.681525707 -0.418162644 -0.864818096 -0.752075732
x 2.16732502 0.863275588 -0.754785299 -0.0721077099 -0.322353512 0.200892106 -0.194628522 -0.479780912 1.02263558 -0.327230424 -0.492111087 -1.68912566 -0.482666045 0.494842291 -1.08916318 1.49871433
x -0.119494706 -0.639540493 -0.0890311599 -0.0399184786 0.0169542767 -0.0485311896 -0.147773728 -1.02293718 -0.263485521 1.44580495 -1.4104265 -0.321754098 2.32345462 1.67116034 0.335704476 -1.33212757
x 0.0865113288 0.154356405 1.82950401 -0.213266715 0.435000896 -1.15673184 -0.705811501 2.35430861 0.736281633 -0.0470952876 -0.169876516 -1.2008965 -2.56615114 0.346766025 -0.353044093 -0.869796515
x 0.174850971 0.287006885 1.67380738 1.53659379 -1.4694016 -0.0247440133 0.960716784 0.0152747715 1.87785077 1.08738029 -0.580037117 0.184374392 -0.366058201 0.142296642 0.543479383 -1.07827222
x -0.0414049253 -2.17287636 -1.42094934 -0.733509481 0.880765617 -0.560553133 2.19422054 -0.498738319 -1.43374097 0.198118165 -1.05160928 0.0203423593 -0.111164019 -1.25993252 -0.111788519 -0.320922583
x -0.291560411 1.05885136 0.00171463937 0.450282723 -0.644333661 0.562441707 0.273039311 -0.555064261 1.27497947 -0.347309828 0.0721589401 1.55548441 0.356974602 1.6899972 0.261477172 1.6396153
x -1.80541027 0.184328422 -0.885387421 0.230111167 -1.22561693 0.224373236 -0.428723425 -1.34353757 -0.1289801 -1.12386489 -0.867664635 0.637729585 0.679512382 1.61063409 0.367957532 -0.580561578
x -0.82533884 -0.406245083 -0.480262071 1.10272419 0.123321719 0.327054739 1.58861172 -0.0500480197 -0.153464213 -0.326358855 -0.93127954 -0.136380434 -0.844629228 0.580931127 -1.89614022 0.250563115
x -0.659274638 -0.597048461 0.832051218 0.563051522 -0.369084716 0.258581698 0.670120597 -0.836468339 -0.775358975 -0.545269072 -1.06679952 -1.420717 0.273499191 0.661851287 -0.0432242975 1.01644552
x -1.6779139 1.30347192 2.07671094 -0.695294201 0.525321901 0.573233545 -0.00998035166 -1.74601042 0.185315445 -0.435077995 0.87912333 -0.65550971 2.10402369 0.543085873 -0.411397547 -1.91787004
x -0.658120334 0.592350781 0.176326767 -0.270842552 0.0741337165 -0.199308902 0.333703279 0.232665852 -0.93402487 0.169116482 0.461237848 -0.412592083 -1.78807366 -0.0109462207 0.60577786 0.301606923
x -0.214231849 1.11783385 -1.60142648 -0.355679274 0.551238656 2.49409294 -0.278205365 -0.349278063 -0.863989592 0.690619826 -0.692638993 1.48136747 0.473481715 0.463211894 0.620582581 0.550120056
x -0.827320814 -2.01336622 -0.858690381 0.0266515017 -0.159031108 -1.70710564 0.690516889 -0.252348393 0.422286183 -1.46649945 0.376339465 0.904976547 0.939999402 -0.25198701 -0.213341266 -1.69914806
x 1.31180501 -0.33657825 2.32827878 0.70008868 -1.06767309 1.55155623 -0.199788615 -0.44321385 1.18361282 -0.239266396 0.34633401 -0.15933919 0.971297026 0.167443082 0.819541335 -2.23263669
x 0.771085143 0.0565281063 1.17236614 -0.157271802 -0.0461305231 -1.65456986 -0.482676893 -0.376998365 1.05825651 -0.559661269 1.02659261 0.390299231 0.722379684 1.22701466 -1.12307549 -0.607752383
x -0.876547098 -1.32810879 -1.43099165 -0.188389167 -1.878111 0.202532932 0.733518243 -0.16504474 1.46728075 0.966100991 -1.54276049 -0.552103996 2.07084441 -0.533597827 0.372017324 -0.143313825
x 0.538738906 0.196132079 0.306041002 -1.28387308 1.73603666 -1.37510955 -0.0173076168 0.955911756 1.43071508 -0.169469878 -1.22321594 -0.203674912 -1.00534379 0.613381445 0.0303127207 0.113158241
x 1.39479172 0.693361342 -0.191102102 -0.904170334 0.0219015181 -1.00215387 -0.733292997 -1.42735958 0.773493111 -0.220326662 1.28584337 0.00888037682 2.21471906 0.768171191 0.0105950506 -0.360028476
x -0.644556761 -1.37372768 -0.142449334 -2.29310131 0.23567912 -1.63147402 -1.30312967 -0.629309714 -0.585053921 -0.852032781 -0.824789822 -0.438436657 -0.108014919 0.0246777665 0.642034173 0.197422668
x 0.43726483 -0.370645851 -1.23951387 -0.543750644 0.863941014 -0.915228665 0.572862923 -0.542731404 0.256762296 0.0930995047 -0.0183755066 -1.00170219 -1.38385463 0.918883443 1.62572348 -0.880657554
x -0.440278262 -1.04346383 -1.05399048 0.155650645 -0.272148639 -1.15975022 0.886302233 1.61751616 -0.312655777 0.984389782 -0.564333916 -1.34171081 -0.0648753494 -1.80398333 -0.281040221 0.113335818
x -0.0791290775 -0.376328737 0.948460817 -0.48457545 0.273341954 0.266562104 -1.01543415 -0.285840273 -0.182743356 -0.35206905 -0.584071815 -1.69199109 0.339658678 -1.26107359 1.23577213 -0.93919915
x 0.443428218 0.97409296 0.110098138 0.525006831 2.48900795 -0.844608247 -1.30327904 0.780819952 -0.494670272 -0.707013786 0.560159981 -0.665027499 -0.990592957 1.46375823 0.840840697 0.771189094
x -1.02979577 0.431831777 1.76352441 0.151229531 0.582289696 -2.80796194 1.1295563 0.323349446 -1.0144099 -1.72971594 0.526175261 -0.0718410015 0.572124481 0.520340443 -0.38144353 -0.931625843
x 0.874766052 1.13786364 1.3085314 0.656090796 1.41838479 0.457413614 0.666337967 -0.422420591 1.45306611 0.438971788 1.29066885 1.86862659 0.776699245 1.27229488 -2.01398611 1.78411269
x 0.198189959 0.950315118 -2.25621295 0.252864689 -0.13326481 -0.628522217 -0.402054608 0.0786728933 0.309992433 -1.79073083 1.36466956 0.285645396 -2.09082651 0.160918683 -1.17185044 -1.42247689
x -0.350055158 0.115314923 0.192408696 1.11674964 1.66782415 0.455699831 0.462884545 -0.142536268 -1.22634065 0.746337891 0.0830914155 0.891655326 1.10580969 1.49724984 2.48891973 1.44033885
x -1.19849157 -0.198220357 0.49123469 -0.206140697 1.16003203 0.958345234 0.747186184 0.0914832205 -0.293566287 0.00216468261 -2.31732416 0.754456997 -0.353680193 -1.50464916 -0.902667701 0.0846369863
x -1.16443741 1.1487447 -0.488498569 1.23761654 -0.144056663 0.528763413 0.655565023 0.405648679 -0.876206458 -0.712281883 1.34130859 -1.80278206 -1.0987047 -0.434175402 1.25985062 -0.501465976
x -0.841910899 -0.793404877 0.180626169 -0.705816209 -0.539071321 -0.951115966 -0.0897537023 -1.47859871 -0.146931306 -1.86483681 -1.50401056 1.8577497 0.480151147 -3.49996018 -0.858221889 0.862826645
x -1.91856313 -1.25473142 -0.208037451 -0.603661299 0.0960449427 -0.356182128 -0.306654096 -0.0763058364 -1.07312691 0.886722624 -1.07847774 1.2696557 -0.426931977 0.861111462 -2.83157468 1.05909872
x -0.584655702 -0.190528885 0.926895261 -0.245114505 0.123462908 -0.697745502 0.217677817 1.35067213 1.24169791 -0.513690054 0.798651636 0.703592539 1.13340044 0.119385228 0.193316549 0.917860925
x -0.032749746 0.028389819 -0.0995600298 0.38077116 -0.288476557 -1.90741265 -0.114380434 -1.7480514 0.0735321641 -0.470046669 -0.855958879 0.369948775 -1.82318974 0.158278376 -0.627390087 1.5602107
x -0.997136891 0.0204445701 0.0307420827 0.0819640905 -1.35575569 -0.893639982 0.0212299451 -1.56311202 -1.09229267 0.375889897 -0.957331479 -1.33919692 -0.606668949 -0.880530953 -1.22198462 -0.0121641867
x 0.300207883 -0.606838107 0.322275192 0.689214051 1.11330056 -0.137515098 -0.47048977 -1.41748011 0.200924098 0.0277388524 0.50897944 -0.119330637 1.39780068 -0.590451241 -1.05103958 -0.182453737
x 1.51979554 -2.24002051 1.54553986 0.118419163 -0.0528964773 -0.58043474 0.571048439 1.20602202 1.11375463 1.30316103 0.159938499 -1.79443216 0.752226293 -0.835163713 -0.556157708 0.537636161
x 1.32856512 -0.614424109 -0.0981625542 -0.359036058 -0.210222676 -1.52181792 -0.0524960384 -0.722848594 -0.619259238 -0.963937819 -1.26188612 0.646237254 -0.451205224 -0.843937337 -0.439372838 -0.257227212
x 1.36139953 -2.58450294 -1.01425016 1.67594635 -0.84540385 1.3083539 0.322188586 -1.60261965 -0.095286198 0.472748041 0.44917953 0.0354394391 -0.140563086 -0.0121244872 -1.55760241 -0.173913494
x -1.24642849 -0.113842331 -1.58558452 -0.984254599 1.14129376 -0.0624929145 -0.810797751 -0.274047345 -2.67304182 -1.86987853 -0.17681098 0.947173715 -0.111856453 -0.880282104 3.3885479 -0.0519896112
x 0.105562799 -0.519331694 0.0382668301 -0.50165534 0.707231939 -0.759463727 0.242596343 0.381702125 0.652123332 0.806182444 -0.99701035 -0.962655425 -0.349851727 -1.83948791 -0.911333919 -0.897807539
x 0.827651739 0.489864618 -0.152285248 -1.27222085 0.283542335 -0.893099725 -0.0020102018 -0.957540929 -0.387218982 -1.31649542 -0.29884699 -0.333964825 -0.961507618 -0.171587825 -0.617067039 -0.20027557
x -1.90252018 0.294290781 0.0822689161 -0.487735659 -0.461014926 -0.456994534 -0.0675483793 1.1920222 -0.711667359 -0.931037426 0.233104646 -1.17361832 -2.14137006 -0.710824013 1.40488517 0.0244190358
x 0.524919689 -0.0498101152 -1.69748616 0.647736251 -0.246372223 -0.478795052 -0.725208223 2.84188151 1.11738133 -0.412730515 -1.32920456 0.542839468 -0.812443972 0.609747529 0.271212101 0.547546864
x 0.146460056 -1.74658108 -0.058084961 0.0104769086 0.79327172 -1.59092867 -0.585103393 -0.0230354127 0.15257664 -0.65991199 -0.782567024 -1.94673872 0.931620896 0.453505069 -1.59055698 0.756481409
x -0.850510061 1.77822661 0.466250867 -0.249998838 1.35134792 -0.465271175 1.47331393 -0.0940277129 0.267899722 -0.869254112 -1.21142268 -0.355115622 -0.0368649401 0.708257318 -0.531507075 2.14118195
x -1.4742738 -0.240542352 0.747059047 0.223014787 0.192823142 -1.40370786 0.589036822 1.35763526 1.00095844 -0.0789460316 -0.64169693 0.922494352 -0.256850719 -0.147541493 0.978169799 0.571716428
x 0.737393558 -0.542360365 -1.08450222 -1.22663033 -2.09528041 1.99688447 -1.41678429 -0.778518021 2.20952892 -0.608480453 -1.2390902 1.49637127 -0.0204999428 -0.105437107 0.229212418 -0.945426583
x 0.32127744 0.148410201 0.809792936 1.62220907 -0.860560179 1.98583961 -1.49181008 -1.0977025 -1.80982876 -0.224327162 0.412862509 -0.903572559 -0.471458763 -1.71021128 1.69671905 -0.759659827
x -0.998621464 -0.116035722 0.77858156 0.0484884307 1.34250426 0.447542667 -1.55176735 -0.0961575061 -2.18091965 -0.294801474 -1.82963765 -0.693182886 2.3752656 1.31525564 -0.198208064 -0.935831308
x 1.93182993 0.220889419 -0.820036292 -0.517431498 1.91206479 -0.903683364 -1.51420832 -0.408280253 -0.305054873 -1.16301405 -0.684740126 0.77674973 0.574693203 -0.83153224 0.444406778 -0.300281316
x -0.352676481 0.564095259 -1.49680233 -1.10704052 -1.70896685 -2.30505586 0.177446932 0.227816075 -0.329017282 1.30699074 -1.25930667 2.00212049 0.281268597 -0.783678412 -1.33383393 1.3512038
x -1.33606112 0.511904001 1.25241375 0.762283742 -0.184590369 -0.639442623 0.895932436 -0.318784684 0.548316419 1.01328182 -2.21725368 0.060820464 -0.580426753 -0.276186198 -1.08796859 0.149184987
x 0.138950661 -1.1169014 -0.293648154 -0.346210599 -1.07954514 1.48143721 1.44234753 0.938718557 -1.50877213 -0.799653828 0.264200836 -1.29322588 -1.10096824 1.10725653 0.656161606 -0.651971757
x -3.31425309 0.0719152018 -1.21277106 -0.566484094 -0.0999151245 1.80933309 -0.154597387 0.953908682 0.725842357 1.84868336 0.301979572 -0.213088736 -0.409625113 1.2492609 0.433257401 0.710294127
x 0.252570122 0.200915784 -0.734885037 -2.40402126 -0.888613403 0.736736298 1.13863432 -0.392209679 -0.935172796 1.12960291 0.537461817 -0.392035097 -1.20005953 -0.0509608276 -0.401815653 1.42144895
x 0.175362796 0.870979905 -1.34069419 -0.774117172 0.143158615 -0.127817512 -1.33498621 -0.0788265765 -0.132073849 2.09822679 0.714970589 -0.104728334 0.272731304 0.897738159 -0.556090713 -0.592161655
x -0.300673485 -0.912316799 -2.20236945 1.16742945 -0.104724064 -1.50447321 1.05907011 0.582848251 0.928776026 0.751016736 -0.460098416 0.0020081664 -0.24789533 -0.156280324 0.852334797 -1.65839434
x 0.0442813151 -0.239527673 0.224489257 -0.871938646 0.335403025 -1.48910248 -0.997079611 1.68552625 0.700239718 -0.644857883 -0.400223196 0.229300261 0.131805122 -0.538361728 -0.37294066 0.759297252
x -0.0678761974 -0.270240366 0.413324445 -1.37883675 -0.0559387878 0.409175813 0.67751646 0.521257937 0.791082978 1.85760403 0.630042911 1.45408177 1.27219355 0.361993521 -0.0969683826 -2.9534936
x 1.84608829 0.326339036 0.0244581588 0.148345679 0.0375092663 -0.000910113798 0.596420944 -0.115900867 -0.195540458 2.78169489 -1.64996254 1.56199729 -0.0721767023 -1.10226774 -2.84979224 -0.970849156
x -1.42212021 1.95780849 0.934531987 -2.45212793 0.530324519 -0.0147430701 0.846647024 -1.22147775 -1.00580513 -0.732248306 1.59128141 1.71212995 -0.150231212 -0.229898527 -1.3037281 -0.967392921
x -0.350352287 -0.0507161021 0.696369886 0.550161064 0.972957909 0.279690772 0.672258198 0.892978191 1.31001163 -1.52037692 1.10913908 -1.83326161 0.686824739 0.735356271 0.320684582 0.910904646
x -0.413541704 0.201401532 -1.24861383 1.82318723 -0.133889183 -0.712078989 1.12011123 0.833242416 -1.21832073 -1.43181574 0.874728799 -0.722334921 -1.23496377 0.55603379 -1.53440213 -0.671490133
x -0.631642044 -2.22863221 0.211751938 -0.67048496 0.046247486 -0.545873225 0.0732928589 -1.33669543 -1.5509187 -0.867345929 0.0538754351 -1.41568136 0.85428381 -0.650844634 0.579208195 -0.430914283
x -0.0985328704 -1.48072517 -1.18000352 -0.0858483911 0.652264655 0.477951199 -0.243373603 0.263821632 -0.558440745 -0.91749239 1.25572872 -0.384813815 0.652779281 1.26720142 -1.7565273 -0.472168624
x 1.89679384 -0.331604064 -0.581078053 0.464531004 -0.443816841 -1.47835124 0.0626082942 -0.483540565 -0.66647774 0.70408529 -0.589676857 0.183697209 1.04760182 0.71861124 -1.33779848 0.303320557
x 1.03145087 1.09707773 -1.63460672 0.169087335 1.71817279 -1.18102467 4.73195791 1.21749806 1.17644525 0.737758517 -0.756003857 -0.0456297994 0.975843251 -0.790399134 -1.3692534 1.26916575
x -1.64283621 0.0131525239 1.69984365 0.351265788 0.74519968 0.445805609 1.03559637 0.829013407 0.528373897 0.878571332 0.609972298 -0.236218855 -0.299988508 0.459127069 0.361883998 -0.45103538
x -0.264269322 -1.8172977 -0.430048466 -0.00814139657 0.4999412 0.216067731 0.425602257 -1.72552133 -1.09214091 -1.20510912 -0.134315774 0.699073136 0.794071317 -0.46923703 -0.00325092184 2.11863685
x 0.749478519 -1.22073531 0.25927937 -0.986721396 1.22307372 0.038311895 0.754559755 -0.493509561 0.385919899 0.609584332 -0.363999546 -0.0622555949 0.171011537 0.201979518 -0.0240909476 0.403009176
x 0.266639173 0.0429696962 0.25413093 0.807865143 -0.216163456 1.5012325 2.17520738 -0.176181644 2.58440208 -1.68929219 -0.104661442 -0.429965615 0.632448137 0.0965374261 -0.192383274 0.795208395
x 1.34721279 1.32968068 -0.906487107 0.0291965883 -0.242927685 -0.0108217029 1.50325942 -0.428041279 -0.798814476 -0.476327002 -1.20955718 0.386869311 2.30613518 -1.28337336 -0.743560255 1.80957282
x 0.273445249 0.557787418 0.708122611 -0.199333578 0.35720259 0.514972031 1.39047682 0.564851224 0.169985369 -0.270096421 -1.05579388 0.249077171 -1.50984049 -0.266834438 -0.416439772 -0.892009139
x 0.449997187 -1.46223557 -2.3976295 1.43972945 0.213213518 1.37596035 -1.24962163 1.14870787 1.86304092 1.06901932 0.034709245 0.0753452778 -0.408814877 0.401594728 -0.245485947 -1.43073833
x 1.61582983 1.39334512 2.62454295 -0.0373960696 0.485738635 0.636057675 -0.916799128 -1.20426321 0.195722207 -0.178511456 -1.4192766 0.412069947 -0.424562544 0.390116155 0.89979434 -1.52131057
x -0.503655553 0.989023805 -0.0635310635 1.2808708 1.22683048 -2.72198367 -0.225086078 -1.38258696 -0.464238971 0.404944688 -0.0195319839 -0.292948723 -1.29011595 -0.148469523 -0.591986358 2.50764871
x -0.133089334 0.524783671 1.43962598 0.626047969 -1.36260176 -1.86622703 -0.0860616788 0.0960890502 -0.390300512 -0.362892956 -1.7212615 -1.44508982 0.0956775621 -0.341445059 -0.201929808 -0.221079692
x -1.51048064 0.0265809316 0.870060325 -0.601524949 -0.367115378 -0.0579078048 1.50909817 -1.00175679 0.695339561 -0.111342326 -2.55480623 0.146510541 0.347808748 0.124311656 0.194257662 0.0718354136
x 0.725911915 -0.459449202 -0.483877957 1.24964631 0.262482405 0.360038519 1.09655869 1.45673597 0.174571052 -0.681802332 1.2358309 0.460052162 -0.122120075 -1.38084817 -0.266529381 -0.609622061
x 0.475956947 0.182204336 0.144653812 -0.0197519138 0.398520529 0.704268634 0.190261409 0.00425190618 0.0987721533 -0.134774402 1.57656896 0.433781713 0.157770887 1.18434489 -1.60955548 0.188173383
x 0.354781926 -0.260213822 -0.147563219 0.401254654 0.779363394 -0.598965228 0.0362692736 1.11534548 -1.34071827 -0.230196133 0.17310603 0.195516914 2.40659165 1.09443498 -0.349971563 0.728036165
x 0.794624448 -0.364625782 1.54786372 1.13647389 -0.705581248 -2.15648103 -1.58232069 0.567608953 -2.62475848 -0.270215541 1.08378184 1.83879077 -0.760173261 0.335591257 0.110284299 -0.72589922
x 0.879995644 -0.791579187 -0.547371745 0.704161704 1.52989316 -0.888476312 2.07505584 1.01036167 -1.57342207 -1.89154446 1.58056307 1.2987026 0.788339794 -0.676523328 -0.656831801 1.46598876
x -0.324246407 0.338448733 0.369291961 1.41948104 -0.30174455 0.805557013 1.427858 -1.29988396 -0.0399128087 -0.925324798 -0.825967848 1.74282181 -1.42917562 -0.236888573 -0.582040906 1.55768681
x -1.6479696 0.0589191876 0.625684142 -0.521701932 0.381134361 -0.35338667 0.620667696 -0.303762347 1.17848575 1.59986937 -1.71556354 0.00552614313 0.705912113 1.66917646 0.66561383 -0.720787644
x -0.362285703 -1.17058539 1.79848754 -0.445817024 0.607991278 -0.0444920994 0.398088127 -0.789445639 0.37821117 0.471084028 0.364652455 1.25590837 1.58497453 1.2092489 -0.456615001 0.403530478
x -0.844774485 0.798037052 -0.0621416122 0.934405506 1.02249968 -0.765591621 0.888294995 -0.802123606 0.459002823 1.13774908 1.32234728 1.98797023 0.403530747 -0.170260325 0.596371889 -0.7212165
x -0.319328994 1.8783772 -0.728070557 0.323392868 -0.169757321 -0.565714359 0.316788495 -0.0892354026 -1.62635601 0.632640779 -0.232820973 1.78592741 0.667998314 -1.86263072 0.339556754 -0.0888625681
x 0.310996652 0.513303518 0.912319541 0.65613097 1.48376906 0.254352242 -0.627774179 -0.205611974 -0.203333735 0.866798103 0.155953169 1.84995282 0.799491405 -0.136760667 -0.566061914 -0.48071146
x 1.12144077 0.63317275 0.914794922 1.09625828 -0.225729898 0.468298674 -0.878725052 0.129950985 -0.402025223 -1.42078817 0.322228223 0.753148496 0.680831373 1.09428048 -0.844641089 1.01938343
x -0.405416131 1.4764812 0.840301692 -1.09139156 -0.703711808 -1.07871032 1.10776401 -1.23475754 2.0284431 0.590041935 -0.44292593 2.52066016 -0.373970956 0.416012555 -1.32348549 -0.293735683
x 2.93399405 -0.399451435 -2.06338549 -0.553200662 1.21170092 0.105096497 1.24928415 1.21753395 -0.535472274 0.538212657 -0.144878656 1.74431396 0.565134704 -1.08194053 1.85151172 0.459006548
x -0.39088437 -0.764099538 -0.0235067159 0.445315897 1.04116845 0.208499357 -1.40498233 0.568741381 0.835221708 -0.134930059 1.64627516 -0.649361491 -0.161752537 -0.635105669 -0.615907431 1.27540755
x 0.700067282 2.32688618 -0.0649170429 -0.986972272 -1.21664 -0.625802398 -1.08550417 -0.586232305 -0.425439149 0.455362082 0.34736675 -0.192687094 1.51070166 1.0702045 -1.1351372 0.138271317
x 0.781234205 0.621465802 -0.634262562 -0.687413156 0.0102269985 0.17974852 1.50041604 0.881381989 0.977283597 0.0919973478 0.270162463 0.765250087 -0.085823372 0.738443553 0.898023605 1.09566915
x -0.277284682 0.203973413 -2.24994111 0.0800398216 0.135783046 -0.338878512 -0.998505414 -0.0428377874 -1.53101456 -0.313190848 0.907750845 -1.95833683 -0.328575462 0.845712304 0.682044148 -1.18507767
x -0.0779145062 -1.21589458 0.359998137 -0.16996865 -0.464872718 1.36088812 -0.161078259 -1.14904702 0.622550964 0.547372043 0.41373682 -0.0927988663 0.343947142 -1.59010875 -0.929256082 -1.33443344
x -0.740360856 0.427322477 -0.0758419707 -0.496444494 1.05447698 -0.0783599168 -1.14480543 -0.206193447 0.201008379 0.121692427 0.166284904 0.368763506 0.187456533 -0.368632048 -0.12900044 -0.781853557
x 1.46852326 0.0841282308 -0.20015654 1.1457659 -2.54544592 1.2860266 -0.280683935 -0.794982195 -1.51727688 -2.77766824 -1.91177595 2.07677245 -0.659038723 -1.21979094 -1.26731873 -1.11047864
x -1.84832489 -0.515995383 0.710099101 1.15034258 0.868954778 -1.06042933 1.32255387 -1.08371162 -0.694633543 0.882585168 0.335603774 1.55590653 0.483542651 1.61343277 0.472016752 0.520244539
x -0.00912397821 1.12849867 0.353168011 -1.57554913 0.885588586 1.47695053 -1.0902797 0.00672652433 0.736767769 1.06038785 -1.18613303 -0.471070111 -0.303766429 0.579146266 1.29646158 0.116861857
x 1.55967975 -1.17111111 -1.86485064 -1.79009008 0.370387852 -0.797292173 0.0842269734 0.211452767 -0.190711975 -1.26798558 1.3404628 0.624146402 -0.145073906 1.40638721 0.129964873 -2.78912783
x 0.205140874 0.0317858122 -0.253276557 0.25638175 -1.73544073 0.747439146 -0.541130185 -0.863943577 -0.395818472 -1.78190148 -0.025294384 -0.209815457 -0.896793842 -1.00569296 -0.400435388 0.321032584
x -0.276854783 -1.04680443 -0.788153648 -1.76042485 -0.503371537 -1.07554471 -0.887252152 0.138443917 -2.14802337 0.770400524 1.15206575 1.06622326 1.26635981 0.94026643 -0.920500994 -1.35330939
x -0.8278597 -0.508319318 -0.0587666854 -0.580665588 -1.06672251 0.398750603 1.39527905 -0.199464247 -1.51169682 2.13227248 -0.00129228027 0.0788890496 0.793595254 -0.384424984 -0.4161717 -0.857349873
x -1.09947646 -0.00706459489 1.24974382 -0.27309233 2.37835288 -0.873391747 -0.805724919 -0.452704161 1.24989486 -0.432350904 0.616602123 0.00798516255 1.46819234 -2.65023446 1.45782757 0.974523485
x -0.173795179 -1.21420181 -0.107142106 -2.38409662 -0.545995891 0.802250445 0.718447089 -1.04094708 -0.606290996 -0.692697227 1.91472423 -1.16503882 2.05586386 0.392731011 1.11837387 -0.679627299
x 0.356003881 -0.0769229382 -0.26583755 -0.325557858 0.368666798 -0.393277168 0.288628221 -1.18963945 3.15762901 -0.798270881 -1.06591213 -0.217269942 -0.187192693 1.45196748 -0.7114079 0.530013025
x 0.746134877 -0.798502803 -1.68149877 0.597725749 -0.416689306 -0.124648355 0.121643908 0.812205613 -0.472175092 -1.06429529 -0.436491519 0.177528709 -2.81917739 0.0580481514 -0.13676469 1.38745403
x 0.44057858 -0.335776061 0.0294746347 -0.509525776 1.01807868 0.556388736 -0.631481469 0.888846695 -0.486192256 -0.600438714 1.21293759 -0.486365795 1.46156275 -1.3994416 -0.261997044 -0.873105645
x -0.52703023 0.67774123 0.665952682 -0.132217944 -1.50214231 -0.854684293 0.204654321 -0.132251695 1.22880113 1.4050889 -0.0549690425 -0.463633567 1.35498106 -1.48246872 0.550144196 0.482993156
x 0.429547846 -1.13859975 0.639201283 1.25533044 -0.0124898851 -0.888596535 -1.24956071 0.976934135 0.487405181 -0.569129705 -0.423186928 -1.0757786 0.202960342 -1.15577769 -1.29351652 -0.629994392
x -1.27473903 2.82965422 0.926586747 1.35894346 1.23919964 -0.323476046 -1.58346653 0.787450612 0.636980951 0.639882028 0.898770273 -0.509001374 0.518948436 -1.04410958 2.49219275 1.67332375
x 1.15184295 -0.849389732 -1.71617866 1.28806031 1.51037061 0.398099363 -1.0973475 -0.0879643261 -0.050837677 0.48477754 -0.115402907 1.64182532 -0.788309574 0.74320817 -1.14391243 -0.540457904
x 2.08851957 -0.21491158 0.467079997 0.733113706 1.55132401 -0.907465756 -1.23771405 0.511524737 -0.27790755 0.376572132 1.46084213 0.387009382 -0.858823419 0.615606308 0.73801136 0.163318709
x 0.804278672 -0.0805890933 0.636844575 0.18688044 -1.18979108 -0.769665897 1.19357193 0.236582071 -1.45992112 0.0765868202 2.40224457 -0.946200788 1.1332401 1.58657825 -0.690669954 0.456230789
x 1.34673262 0.582228184 1.03509283 -0.265810966 -0.701249957 0.0500986576 0.553405821 0.00380310742 -0.214796081 -1.38038158 0.443500817 0.736908019 -1.6655091 1.73806036 -0.562985957 -0.400974274
x -0.328794092 0.74642837 0.668017387 0.208329409 -0.214935109 1.81642067 -1.12258327 -0.904189765 -0.993540764 -0.0381027758 -0.397840083 0.939545035 -0.339232296 -0.224092841 0.119424798 0.0376964472
x 0.453732938 -0.63244766 2.28142095 1.17626846 -0.380202174 -0.397111923 -0.845160306 -0.342823744 1.47032332 -0.653173566 -0.266092002 -0.179956734 2.20850945 2.10629535 0.0607458055 1.07363832
x -2.20325947 -0.601795137 0.0959003195 -0.588729739 -1.68377531 0.0358320959 0.507137358 0.0980684534 0.486577898 1.3369199 -2.63966894 1.63823962 0.0044125081 0.405512244 -0.774186671 0.450178087
x -0.0599213801 -0.262164444 -1.18174481 1.84803343 -0.476888448 -1.58869123 -0.0437880792 0.475473523 0.886956036 0.212181255 0.580162227 0.107644938 -0.300245255 -0.906399548 0.434608072 0.772043645
x -1.04289591 1.32721937 0.165115803 -1.12777615 1.20330358 2.25181627 -0.241017595 1.81148911 -0.835346222 -0.498978823 1.09439099 0.44539395 -1.9030242 -0.0148624703 -0.190762222 -0.222878084
x -0.312427491 1.94967914 -0.915977955 -0.435603261 1.31027126 -0.923848093 -0.867848575 0.525224268 -0.519105375 0.0106551191 -0.846606076 -1.95081472 -1.11992908 -0.0253280662 1.73267639 0.340236574
x -1.49234617 -0.636054933 -0.381358355 0.519566774 -0.11712116 -1.30389321 1.49342072 0.24541001 1.2458179 2.05026627 0.0229146034 -0.271680057 -0.43960017 -0.630265117 0.298746973 -1.10989571
x -1.09281147 -1.4456799 0.432486534 -0.102183558 1.05752611 0.419280112 -0.557202339 -1.66046536 0.699078262 -0.21376805 -0.874406099 0.407043517 -1.06162274 0.577657342 -0.237561747 0.157347351
x 0.0182363689 0.626476169 1.71987617 0.738607347 -0.0484617352 0.700129449 1.73289335 0.658746541 0.937354982 -1.0416975 0.252275527 -0.967593908 0.998943746 -1.22655022 -0.510788798 1.42455518
x -1.03860617 -1.50860941 0.104390517 -0.938579202 -0.101162739 -0.000880397507 -1.89747107 -0.459641606 0.490651518 1.60610402 0.59572041 -0.354662627 -1.27230108 -0.14759852 1.58381522 -1.31614506
x -0.0511400774 0.293747216 0.386480808 -0.772822022 -1.22867405 0.241321385 0.26230514 -0.37287581 0.584663928 -0.678185761 -0.131112739 -0.0322767682 0.456492245 -1.51078558 -1.16779125 1.46355987
x 0.540346205 -0.731407285 -0.518783987 1.98428154 -0.728105724 -1.45670712 -1.58053184 1.92005014 -1.73957145 -0.180789083 0.470003933 -0.0215523727 -2.26901102 1.19005704 -0.87493664 0.764323056
x -0.252464294 -0.199781045 -0.410546362 2.40805745 0.933098733 1.08947933 -0.0740840062 -0.429165304 -0.39465186 -0.592309356 1.33326077 -1.38145614 0.385727644 0.987782121 -1.2627207 -1.17989624
x -1.15793681 0.165639699 -0.530485213 0.124480054 0.0220417697 1.34683728 0.129096314 0.62749207 -1.5987184 -1.22902501 0.229153395 -1.00547838 -0.725506008 -0.240343913 -0.766738117 1.07761383
x 1.14977586 0.00454966351 1.68476462 -1.4251492 2.72061324 -0.443294555 0.43461585 -0.330846071 -1.77825963 0.889122128 0.470867813 -1.75705528 0.240261689 -0.265136391 -1.13558054 1.60530031
x -1.11408353 -0.877796233 1.00147247 -0.0855515152 -0.61654824 -0.40717411 -0.531768084 -0.361006826 -0.724439919 0.149587855 -0.12932305 0.4146671 -0.216304407 -0.103313401 0.457115024 -0.90277642
x -1.18774092 0.149851918 -0.595172107 -0.908378363 -0.866018534 -0.458468735 1.07012725 -0.79695946 -0.919950068 0.983902216 0.713906467 0.0204411857 0.70208782 0.547641635 -1.04673815 -0.225235417
x -0.430234224 -1.41992676 1.43711793 0.544338822 1.29148495 -1.10303903 0.125957593 0.152634859 0.9297176 0.809121609 -0.16287677 0.463478208 0.227061912 0.172693759 0.42828095 0.190948501
x -0.103713855 0.206838846 1.32395947 0.520410895 0.831350207 0.124172665 1.97402143 -2.34028292 0.753741324 -0.0513601266 -0.401578814 -0.578901291 -1.64890325 -0.195774212 0.288544387 0.0394748002
x -1.43182266 -0.851032078 0.580127597 0.0599284396 -0.803803265 0.312611014 1.65732276 -0.993144512 -1.89830554 -1.04824317 -0.928146005 -1.59618199 -0.580373228 1.89197588 1.47933412 0.246753499
x 0.294099212 1.84992146 -1.14376402 -0.554057539 0.0415398106 0.115594916 1.69107723 -1.1903826 0.51257509 0.610703945 0.350974649 -1.47825062 -0.35522604 -1.49929762 0.75137651 -0.627817869
x -1.00726771 0.569070518 -2.28228688 0.0952644944 1.21063459 1.14292479 1.15051639 -1.10154259 1.96973217 1.20877743 -0.324022412 -0.449986309 -0.0365845114 0.230683416 -1.00155985 0.275707453
x 0.905850649 -1.40822172 1.02999401 -0.598770142 1.17420459 -0.173491955 -2.1610384 -0.629531145 0.986007035 0.508436799 -1.06523192 -0.788759649 0.564093947 -0.622714102 -1.3955183 -0.832328975
x -0.0481775813 0.985155106 -0.353350818 0.142169178 -0.115979932 1.32613111 1.3618139 1.32199085 -0.0074477545 1.42916667 -0.213533789 0.472933024 0.985709429 2.60089588 -1.28352892 -1.06496513
x 2.42032266 0.489406049 1.03421617 1.44666338 -1.02754653 -0.133795947 2.20967364 0.359683245 0.183327273 1.27006507 0.234508619 -0.130237266 0.454418927 -0.317201853 1.56604886 -1.67632425
x -0.461674839 -0.725220263 -1.37497187 0.697720766 -0.630832851 -0.165954649 -1.07726288 0.702390075 -1.31853974 0.250095785 -0.146116123 0.75270313 0.909038484 -0.298059136 0.608271599 -1.44027424
x 2.88244867 -0.574123681 0.243427843 0.858853281 -0.43776539 0.21268715 0.163512483 -0.46342802 -0.490869194 -0.816228747 -0.848032475 1.40143979 0.0877906829 -0.533857286 1.44827759 1.40632629
x -0.267179042 -0.893161893 -0.238939539 -0.815936267 0.315753758 0.569494247 0.147065654 0.0293168705 1.76249158 2.67807484 -0.959668696 -2.11368537 -1.02214622 -0.408115566 1.71711564 0.120196216
x -0.489155293 1.24452674 -2.37657309 0.10999316 0.127615228 -1.01597214 -0.319376528 -2.00099754 1.0150876 0.0889136195 0.880024731 -1.32564819 -1.00968909 1.18493497 -0.0806542709 2.17238879
x 0.871007442 -0.907834113 -0.0892539546 -1.51426601 0.814700007 1.66477764 -0.308060884 0.888791323 -0.0479264967 0.0398428477 0.241691157 -1.89368916 0.48609376 -1.09612882 0.345173746 2.51324368
x -1.3036691 -0.996894777 -0.399982184 0.190377235 -0.710817575 -1.697034 -0.239130899 0.0951940864 0.0343257003 2.09451509 -0.695237041 -1.42330742 1.33504927 0.472904027 0.573189318 0.71681416
x -0.717474103 1.5627054 0.839021325 -2.5520246 0.138903901 0.334624529 0.273843795 -1.67056441 0.328915626 1.26533246 -0.520638049 0.95120573 0.752429366 1.51061428 0.0986793861 0.353620559
x 0.220967978 0.818304896 -1.38756502 -0.369171768 -0.295682311 0.977873921 0.0163603276 0.2293064 0.191604748 -3.08130288 0.429330468 1.26471555 1.23405659 0.787305534 0.392448813 -1.18760109
x 1.43952596 0.613909006 0.0195489842 -0.301407307 1.16490281 -1.12623131 1.38922501 0.207169548 0.419232279 -0.163692221 -1.44186497 1.06157804 -1.14202273 1.4904381 1.02643979 0.284586698
x -2.27446675 -2.51290512 0.531006753 0.0630170777 0.0353682861 -0.640741587 -0.195859492 2.9732492 0.985508502 -0.759357393 -1.36917543 -0.61489445 -0.307903111 1.78826535 0.247494876 1.78572261
x 0.062761873 0.0522713363 0.317164063 -0.609913468 -0.102293275 0.299055666 -0.748224795 0.17516461 0.556919456 -0.100172617 -0.406532466 0.435196996 0.000782723189 -0.980866253 0.93058306 0.229465336
x 0.411141187 1.38786006 -0.394574523 -1.16828227 -0.320816666 -1.74585342 0.699992418 -0.319813579 -1.89218104 -0.974348247 -1.2730304 0.778440177 0.42864874 -0.065246664 1.77999282 -2.51954651
x -1.04532957 0.936251044 0.0472532772 -0.66869539 0.262889296 -1.85536361 0.342788577 1.3539691 -0.394098997 1.09032571 0.0565608889 1.73546779 -1.14469945 0.187245324 0.629166186 -1.00373006
x -0.820896208 -1.91851234 1.40653408 -0.431322336 -1.12610459 1.12220383 0.456748873 0.489351213 0.0925363153 -0.937797546 -0.177769423 -0.104932837 -0.919418216 -0.987923086 0.355755091 3.0398469
x -0.935141385 -0.888058841 -1.10392928 1.91221893 -1.6428405 0.570668638 1.58774936 0.175066918 -0.683615923 0.103600852 0.61697042 0.247870132 -0.756748617 0.839828491 -0.63450557 -1.17675662
x 0.468390048 0.957733274 0.267818034 0.171620473 1.22897017 0.456790119 0.100634396 0.661350489 0.317112505 -0.0500837974 -0.9357602 0.813096881 -1.11232066 -1.03213394 -0.434044629 0.762009025
x 1.75323486 -0.466598213 -2.45245814 0.142426386 0.276094019 0.917677581 1.99644065 0.82927078 -0.62976408 0.444732189 1.72590363 0.270399421 -0.254196614 -1.92406499 0.993199289 -0.125739381
x 0.497872561 0.692557871 -0.244121477 -1.61460626 -0.63053906 4.0838232 -0.920116484 0.782963812 -0.141435817 -0.574814498 1.35650373 -0.873277009 -0.642364919 0.182504833 0.849901557 0.652235925
x 1.30547559 1.05099165 -0.352373391 -0.0706833601 -0.380255699 0.203418463 1.38175333 -2.22670174 0.384295642 -0.831084311 0.617408276 0.411848396 2.02449656 -0.481966317 0.603320301 0.940712333
x -0.0681631267 0.537595928 -1.14287746 0.537311256 -1.2752887 -0.362523317 -0.298769563 0.0959042609 0.541411161 -0.463432997 0.696903467 -0.17547439 2.03951216 0.0691941082 -0.552782595 1.9709599
x 0.982900798 0.27784425 1.23566318 -1.26689398 0.00803725608 0.248251051 -0.173350364 0.287078351 -0.541817367 0.98984462 0.322198987 -0.949766338 -1.89321721 0.954190791 0.219286412 -0.724109173
x -0.309226066 -1.15507364 0.0255127084 -1.24633276 -0.11194475 -1.26507723 0.957938015 -0.0536021851 -1.67758811 -0.503238201 0.966170132 -1.6504575 0.897944927 0.680946648 1.55491519 0.28744787
x 0.136420757 -0.160139218 -0.994103372 -2.16175723 0.448864728 1.31793451 -0.434515238 0.530668199 -0.758081496 0.654835343 -0.895111561 -0.133175388 -0.778758705 0.0847855285 1.5106926 -0.39900732
x 0.7825436 0.452810436 -0.450430721 0.602217078 0.280149758 -0.687933028 -0.343765795 -0.022246033 -0.535199106 -1.70933986 0.956805229 0.477816731 -1.56686258 -0.0407633893 -0.67787987 0.602918863
x 1.67342365 0.822844326 1.43430018 -1.07091928 -0.6969136 0.0349611454 0.675589919 -2.06994867 -0.886019289 1.24460387 -0.42768386 1.52771187 -1.51957381 -2.17970753 -1.36432076 -0.573325276
x -0.735710442 -0.297206938 0.804737628 -1.86862814 -0.699690998 -0.0279501993 0.366184175 0.684815168 -1.52551734 -0.110388502 -1.66392815 0.764818728 -1.69628847 0.259405375 -1.1433028 -1.55093467
x -0.167750835 -1.47048604 0.455981076 0.402288795 -0.301327139 -0.614179194 1.07768643 1.70456302 -0.641403496 0.983219922 0.271850199 0.376647413 -2.14393473 -0.236102924 -0.859300256 -0.386930972
x 1.16355217 0.363196343 -1.65843999 0.479894727 -0.115091749 -0.436475813 0.959646583 -1.53905118 -0.603552997 -0.835206151 -0.969092548 1.79563773 0.107252873 1.21875906 0.279843658 -1.60235107
x -1.48139012 1.10573208 0.244419307 1.47135544 0.427864343 0.0987381116 -0.195285901 1.81797874 2.81358361 1.30552256 1.94121504 0.620795727 0.362354815 -0.144481689 -2.14012957 1.21223915
x 0.891264081 0.651596189 -1.95829511 -1.13512588 0.994482815 0.613254428 -0.748688877 -0.411730021 1.15861678 -0.353094459 -1.31446981 -0.168707773 -0.790333927 0.651047826 2.3624208 0.203150973
x 0.221353576 0.800845265 0.481650978 0.902839601 -1.52230525 -0.44224745 1.0415585 0.230897859 -0.76449877 0.482147455 0.0798954666 -1.84988296 0.598222494 -0.0785033181 0.777089953 -2.19239402
x 0.987528384 1.179389 -1.13004458 -0.882611394 1.21484554 0.803655982 -0.339284986 -0.00575047359 -0.066865325 -1.02018416 0.134139702 -1.35414732 -0.321741909 1.53006494 -0.346873343 -0.812441587
x 0.189756066 0.459379852 -1.06986296 2.07967091 0.869360805 -1.08242381 -1.53518534 -2.21360779 -1.25550032 -0.465638071 0.327558041 -0.575387895 0.669532359 -0.333143502 -1.84192145 0.242150158
x 0.720030427 -0.122250512 -1.80505693 -0.337645113 0.142389983 -1.09923518 2.58456922 -2.54023385 0.20947364 0.864511609 1.0268259 0.514146984 -1.19447434 1.77026558 0.652234614 0.849803269
x 0.37504521 1.7302376 -0.745053232 -0.262879729 -0.585492432 0.163450897 0.673523068 0.12328051 -0.299980402 -0.838195145 -1.16457403 -1.42886484 0.205247402 -1.73668289 0.046848014 -0.644392908
x -0.826060116 1.44257414 1.22761691 -1.42095399 -0.636082709 1.16232836 0.936211944 -0.71060884 0.586113274 -0.321184963 1.30947733 -0.848073721 -2.08348584 -0.718001187 -1.66390574 -0.129282579
x 0.904058516 -0.580077291 0.158158004 -0.646784484 0.319293886 -0.06965895 0.431873143 -0.0221058764 0.853390694 -1.53988218 0.377351373 1.06498921 0.204192981 0.8693946 -0.700166762 -0.487095416
x -1.01775801 0.74159348 -1.65171397 -0.431609541 0.346528441 0.726287901 -0.654431283 1.06583166 -0.0259725545 -0.739118457 -1.64036024 -0.221237466 -0.605598509 -0.744529784 0.53060019 0.927999914
x -0.586848676 -0.972848833 0.199748322 0.261717439 -0.463604182 -0.720931649 2.07520509 0.106462121 -1.30176485 0.405495524 0.280212402 -0.492686361 -0.192834109 -0.978859603 -0.364808798 2.53460741
x 0.420595437 -0.0477705486 0.791326404 0.419094563 1.15668488 0.255653709 -0.281950921 -0.66876322 0.0291418787 -1.0272423 1.7778393 -2.13495326 1.17623627 0.807294965 0.232954547 -0.0532237552
x 0.632002771 -1.52282941 -1.54194391 -0.589823306 0.148462802 -1.56984091 0.542178333 -1.91332257 0.804360271 -0.720793426 -2.35110354 2.44373727 -0.831091523 -1.24621964 1.60925651 -1.90632248
x -1.49446785 0.870439827 -2.27076483 -0.822107315 1.41559672 -0.448483109 0.722322881 -0.458812028 0.949411511 -0.131772503 1.9350065 -0.0678247958 0.878855526 0.278618962 -0.864931524 0.288476437
x -1.478248 0.030178776 3.63558936 0.488239616 -0.619921207 -0.400408626 -1.54200685 -1.88190103 -0.277771622 1.33904803 0.893161714 1.61606205 -1.92225027 -1.68849158 0.0569636337 -0.43713969
x -0.556155741 -1.92214823 0.224820092 1.56378806 0.562674761 1.14401233 0.221402153 1.07194448 0.235103652 -0.584561765 0.50144732 -0.978825271 0.320446908 -0.553956211 0.453960955 -0.502059281
x 0.989465952 -0.260824174 2.68108082 -1.30173469 2.96639085 -0.368844718 0.617570221 0.824956477 0.94596076 -0.120534971 -0.86739552 0.659815192 0.684719205 1.20485127 -0.149932742 0.231802016
x -0.0678619221 0.0508251376 -0.0992027521 -0.297927469 -1.13569272 1.07388997 -1.08291066 -1.34814572 -1.30805898 -0.0309641715 0.177270472 1.14594126 -0.52715373 -1.93050444 0.239817545 0.821829975
x 1.21531415 0.1204575 0.117925063 0.579577029 -1.00259352 0.762259066 0.750668824 0.592314661 -0.148322344 0.798348963 0.744904637 -0.340916812 -0.97439003 1.93456471 -0.930542469 1.91112101
x -0.43084386 -0.989403963 -1.44691658 0.587572873 2.35762 -0.825459659 0.78136152 1.70554197 1.69189262 2.0411694 0.691427231 0.221606627 -1.31004083 -0.234812319 0.638508976 1.37772453
x 1.31703782 0.367352217 -0.219221085 1.03977895 0.395540476 1.17612028 0.665770888 -0.0552147552 0.61374253 -0.609318376 0.345543444 0.727619171 1.43641376 1.33221197 0.334410638 -0.986131012
x -0.160046712 0.386252433 0.10837169 0.535977423 1.38368988 -0.98764354 0.495478421 -1.24423981 -1.01651835 -1.93229771 0.360463828 0.835168481 -1.02009702 -0.915919304 -0.103862457 0.357528895
x 2.37533927 0.296344042 0.951021254 -0.292247355 -1.21345961 -1.82160759 -0.766134918 0.545810223 0.506425679 -0.110105783 0.832247853 0.352646291 0.0067791352 0.5472579 0.099245362 0.27515313
x 0.147990629 0.81075263 -0.00592859089 -1.81321621 -0.00276789325 1.69293737 -0.632402062 0.788946331 0.547334492 -0.134272456 0.785200536 -0.769327044 -0.754538655 0.527849197 0.499132276 -0.264344364
x 0.744948328 0.957103372 -1.00353467 -1.00639856 1.42288673 -1.62478018 -0.0041847215 0.943698883 -1.66270077 0.513264298 0.134252235 0.191771701 0.915638626 -0.130341426 -0.177285939 0.848222315
x 1.51634979 0.736929059 0.713513196 -0.81916523 -2.0443418 -1.94416261 -0.56604737 0.447898328 1.328848 -1.9609679 -0.292195529 -1.59141016 0.605133712 -1.33974743 -0.113606513 0.57102412
x 1.45797789 1.53205466 -0.271428406 -0.226429388 -1.50076234 -0.38037616 -1.54320455 -1.96035266 -1.58931398 0.711055696 -0.963072538 -0.478915304 0.96114099 -1.87785983 -1.74951398 0.571896732
x -0.261032045 -1.2112931 0.888850033 -0.713710368 -0.231773958 -0.319182456 -0.434164792 -0.981769025 -1.72099459 0.591534257 -1.52944934 0.432930619 1.4194653 0.0200954471 0.0978877097 0.329628795
x 1.05785298 1.08870018 1.95539403 -0.38052091 -0.728977501 -0.837687016 -1.76292634 -1.41800213 0.356919289 -0.479394168 -1.30327094 1.17932427 2.42983556 -0.678373218 -1.09678233 0.49359566
x -1.07581949 -1.64000535 0.468324572 0.846508205 -0.696835041 -2.34008455 0.493662149 1.34275496 -0.164926499 0.0295276474 0.485097289 -2.33432531 2.49198294 1.30823553 -0.947442055 -0.551952064
x -0.642108142 -0.190807045 -0.127222195 -0.17773816 0.407025546 -1.06025636 0.274494141 0.488230824 -0.0716684908 1.38056505 0.623166382 0.135788396 -0.338396549 0.598886847 0.194498047 1.62918663
x 0.258263588 0.84289968 1.33894372 1.06697679 1.3474288 -0.0775455013 -1.77669489 0.622761428 -0.233740732 -0.745146394 1.22958815 1.68618762 -1.04850888 0.464223921 0.785674155 -2.91350031
x 0.799770534 -0.776409984 -1.31893444 -1.28630984 0.782831848 0.0565039814 -1.68289304 -1.29271591 1.55133498 -0.715692222 0.106735073 -0.841610491 -0.17031233 0.496606857 -0.472184718 -0.735993266
x -0.211724237 0.325147271 0.97750622 -1.22181427 -1.29696214 1.98465943 -0.794102728 0.532441437 0.498090982 -1.19757438 0.951555133 0.774477363 0.0185027942 -0.133671314 1.33482111 -1.30108941
x 0.28033632 1.05933166 0.419997394 0.740943134 -0.589977801 -1.0427928 0.795812845 -1.18487585 0.338502109 -0.591645658 0.382327259 0.76802808 -0.746155024 -0.17914097 0.848222494 1.59213972
x -1.13516796 -0.523151278 0.109528102 1.300017 -0.13232629 1.03210711 -0.418126971 0.245285064 1.39814699 1.17996025 -0.73753351 0.044728972 0.220853508 0.338047087 0.26307416 -0.0818258375
x -0.679866016 -1.66322625 -1.34072018 -1.86901784 -0.947791159 0.750694156 -0.270883828 0.516880691 -0.949350476 1.67593467 -1.56806493 0.348934561 0.485264361 0.620963037 0.162555844 -1.46036291
x 0.315210938 -0.340666115 0.0820308626 1.14659405 -0.916645885 -0.685923517 1.22044039 0.0889255777 -1.04910803 -0.889660895 0.645045459 -1.08463287 -0.351571411 0.111298747 1.75633729 -0.0882475823
x 0.101705402 0.573250771 0.197902933 0.31815964 0.823477626 -0.0538566634 -0.895823419 1.77377868 0.685313344 -1.01967275 -0.0169482827 -0.111858301 1.00721598 -0.737155437 -1.17357004 1.19110858
x 0.855250239 3.8966074 0.831040621 -0.247782931 0.65400672 0.0819914937 -0.311649114 1.1338346 0.85855186 0.0364308506 -0.987530053 0.277495205 1.12629223 -0.514205098 -0.676483989 0.249549955
x -0.25477618 -0.72632724 0.582666039 -1.23306549 -0.447325021 0.750528157 -0.767363429 0.186580613 -0.945636749 0.210733622 -0.590144634 -0.310548067 1.42553794 -1.0845412 -1.42510641 0.83748889
x -0.49919486 -0.242418319 0.507863224 0.307732284 -0.298785985 -0.296567231 -0.801205933 -1.18830645 0.0970833078 1.14568126 1.79307032 -1.23530328 -0.135791451 -0.640928805 1.30280209 -3.09294057
x -0.00356519548 -0.048358798 -1.00399506 0.494929284 0.180151224 -0.578352034 0.780044556 -0.0372004248 0.617170751 -1.18671966 0.622422278 -1.06698525 -0.464857727 -0.634773433 0.00953388028 -0.879181445
x 0.969550133 0.689032197 -1.10706317 0.106808387 -0.404182404 -0.874424875 0.906908751 0.169845223 -0.555844307 -1.22141397 0.500311375 -1.18851376 -0.690822065 0.642034173 -0.0912493244 -1.04448044
x 0.922584414 0.0176957604 -1.38121963 1.01038265 -2.01750779 -2.00879955 0.422534436 -0.0557097793 1.69073868 0.739873171 0.710385859 2.58692122 0.833261371 -0.860272825 -0.542478085 -0.669095457
x -1.23133719 -0.312679768 0.0934628323 2.68572879 -0.926168442 1.65018225 -0.739988029 0.846869171 0.106763192 -1.05099654 1.47190547 -0.923050702 0.175853297 -0.303896278 0.511330843 -0.71079129
x -0.0216197036 -2.18663025 1.21258461 1.30121458 0.754344761 1.27706099 0.0225005317 0.228004992 2.87304664 0.303206116 1.07173526 -0.171803787 0.465684593 -0.0531256646 -0.14948985 -0.952526808
x -0.110567503 -0.599708855 0.00536690746 -0.507032633 1.28137863 -0.10867849 1.94743276 1.29114974 1.48293555 -0.595197856 0.167838097 0.496595711 -0.743600309 -1.04114866 0.796838522 -2.92036533
x -0.390788108 -0.313369483 -0.429314554 -0.102047555 -1.32154405 0.675764859 0.0722872689 -1.07211268 1.47126424 -0.517523348 0.0812893063 1.15334332 0.611971021 -1.73243952 0.445661545 1.31204128
x -0.832940996 -0.899155855 0.895824313 -1.73967969 0.409529477 0.358631879 0.816280901 -0.00187437027 -2.30691338 1.54103041 -0.283525854 0.468362838 0.248613089 -2.19553328 -1.77964115 -1.0728718
x -2.43870521 -0.427982092 -0.309789062 -1.59770095 -0.0304843765 0.304764539 0.0537896268 -0.706519663 0.212295532 0.857355297 0.930255473 1.87637305 -0.641812027 -0.601670027 -0.258128047 -0.327534944
x 0.640581846 0.666053951 -0.131807178 -0.276990533 0.730501413 0.339801222 -1.63004088 -0.249711797 0.213608772 -0.146659687 1.02761447 -0.37824598 0.518843114 0.169898495 -2.63377213 -0.614264369
x -1.54359281 0.38512975 -2.03303742 -0.883243322 -0.824423194 0.00264964183 -1.47648716 -0.0984007344 0.392388016 0.242210269 -1.07184887 -0.875848472 2.45112419 1.88120377 0.33394137 0.118542567
x 0.0158948731 -0.420045882 1.16076922 -1.76295578 -0.36409843 1.10301816 0.288715124 1.74043024 -0.617549777 0.476885289 -0.960527003 -0.53625989 2.62934709 0.908045411 1.25935602 -0.617930055
x -0.209510282 -1.92278171 -0.630381286 -0.360538393 0.938560665 0.619085908 1.21433842 2.29384518 -0.859009624 -2.5417335 0.423124522 1.06187725 -0.52031213 0.112825848 -0.296311468 0.113559924
x 1.40618563 1.64823759 0.477873802 -0.211055577 0.273822278 0.331709474 -0.61417675 0.257773072 -1.99524546 0.0617424436 0.918816745 -0.664140105 -0.894134402 0.313491106 -0.175661162 1.68493187
x 0.0330284797 0.388907999 0.0178987365 -0.523622274 -0.775123894 -0.208145276 -1.11329365 -1.00862288 0.363431662 -0.314430356 1.18710709 1.28181505 0.633641779 -1.38629746 -0.991813481 1.84772575
x -0.930770278 -0.939081907 -0.724547684 -0.420388818 1.74968028 0.449414313 -0.793833017 -1.42384589 0.144392684 0.906015575 -2.60967588 -1.83468652 -0.618172824 -0.454349786 -0.102114655 0.226935357
x -0.652481198 -0.237884149 0.252017528 1.23938417 0.948185563 1.5916481 0.56071192 -0.0469852053 0.270186037 1.06439078 0.944734871 -1.70845485 -0.661183894 0.472086459 1.43024576 1.61887586
x 0.903933346 1.61582482 0.215828612 -1.82710445 0.310036093 -0.699512839 2.99121165 1.02221358 -0.919822216 -0.979535341 -0.305613279 -1.45581567 0.6682266 -0.159951389 -0.315152794 -0.130690232
x 1.36265528 -0.515895903 0.318660498 1.2360096 1.82870162 -1.04001307 -0.195483223 0.470062107 1.91849601 1.26875746 -1.25937009 -1.27351034 1.25086272 -1.94753838 -1.12072396 2.07524657
x 0.22417812 -1.01120079 0.734118998 -0.507888079 0.906538486 0.0589436181 -1.09155893 0.386757612 0.283119082 -0.564654768 -1.62498105 -0.810826659 -0.287802786 0.0535156354 -1.61252797 0.498998314
x 0.332919091 -0.962211013 -0.39220655 1.31966209 -0.811098814 0.886929512 0.476437926 -1.09610748 0.171006471 0.628853381 1.02803636 0.0712032318 0.669323087 0.45650816 -0.825152576 -0.319590688
x 1.0791254 -0.0636190251 0.00107855874 0.0234112125 1.04646659 -1.19904697 0.506000876 -0.0948459655 -0.582440972 0.694105804 1.78641593 -0.0801390409 -0.730594695 0.185458586 0.517843187 0.489727974
x 0.140596822 0.389866054 0.487201005 0.583534002 -0.578955591 1.15604484 -1.11568391 -0.861019135 -0.5730443 1.36844015 -1.00572586 0.693669975 -0.803918839 0.434214503 1.58366418 -1.37024736
x -0.226144955 -0.5188182 -0.657765388 0.00770722423 1.171772 0.472588122 -0.0487337261 -0.509682119 -2.4245131 0.598032355 -0.203739509 -2.11239147 0.581044078 0.588652015 -1.3212862 -0.743530393
x -0.4859429 -0.535817444 0.795886993 -0.605337203 -0.408384919 0.556598246 0.228204072 0.594517112 -2.20002365 0.822959244 -0.917794883 -0.656746387 1.65282393 1.12352347 0.828631163 2.27894545
x 0.128743663 -0.569944143 1.19131124 -1.36631095 -0.760125637 0.248746425 -0.0756657943 -1.04596436 0.0156486724 -0.750121772 1.56693447 1.13584054 1.11304116 -0.118316531 0.3361893 -0.705444753
x -0.380055338 0.0974545404 0.171757922 0.138395518 -0.0912694633 -1.0802474 0.95344317 -1.72655785 -0.385868341 1.404441 0.653088689 -2.38459802 -0.622701108 -1.64533639 0.413847685 0.99461472
x 0.0341925323 -1.01092899 -2.84210801 1.12710631 1.57985687 -1.00164759 0.344943881 -0.381008714 0.0824235231 0.382671118 1.51352537 1.71947551 1.10195661 0.556978106 -0.0327094086 1.11200953
x 0.486832857 -0.135000497 1.29228187 -0.231936008 -0.703447163 -2.68134093 -1.49226308 0.516084433 -2.06039381 -1.08889723 1.35126913 0.46440661 1.31158626 -0.716742992 -1.0260309 -0.465798646
x 0.580034971 -1.4683584 0.0939836353 1.57500434 -1.50421345 0.503712833 0.767958701 1.09801352 -0.41616866 -0.363101244 -0.332486093 0.295022696 -0.899363458 -1.3879236 -1.55259287 0.790646076
x 1.55327022 -0.133254439 -1.37164235 1.76891327 -0.882033825 -1.28918564 1.50332057 -1.54720557 0.313609809 0.636542022 -0.3739402 0.966397047 1.56926942 0.665344596 -0.130094558 -0.073055461
x -0.0390383564 -0.190176249 -0.632247508 -0.216467246 1.38483393 0.327001035 -0.245334774 0.283669055 -0.585254967 0.0785435736 -1.26659715 -2.26885605 -0.691819906 -0.505575657 1.65496731 0.397468984
x 0.240819797 2.74413419 1.3766619 -0.701160312 0.487960219 -0.486218184 1.6785171 0.350780249 1.03330684 0.469048083 -1.79598415 1.01958883 0.564410686 0.139713943 -1.45290864 0.280773938
x -0.86212635 -2.26600432 -1.69409609 -1.00778127 0.54073143 -1.22318006 -2.1820519 -0.235208943 0.0501411892 -1.44867122 2.14639235 -0.432161123 0.985033631 0.560271561 0.219304815 0.0103267096
x -0.334136218 -1.0921644 0.393282145 -0.399495155 0.46103242 1.59713662 -1.07240474 -1.49982488 -1.29525244 1.87470341 -0.838374972 -1.07660806 -1.04003882 -2.1335938 0.663684547 -1.20089924
x -0.0220632274 0.953334689 0.520494998 -0.249546334 -1.61755252 0.333707273 0.918027699 -1.97614551 -0.152045101 -0.665723503 -2.28915071 -0.298622936 -0.206873149 0.350238383 0.694582522 1.69562316
x 0.45923686 -1.84615421 1.13969934 -0.00193960685 -0.0566308647 0.747883439 0.0869782865 0.727704585 -2.46547341 0.195637226 1.22171652 -2.49492002 -0.208025545 1.1863004 -0.912646651 -0.241071939
x 0.76985985 -0.00713896332 0.0242720414 1.55478072 -1.90496945 -0.294934779 -1.12949634 0.495694309 -0.310109526 -1.22938299 -0.452205062 1.06785393 -0.631644249 0.183708549 1.31528413 -0.57639724
x 1.111444 0.335234165 0.233457416 0.499649346 0.996249616 -1.02390695 0.936579823 1.85612071 -0.611510217 0.618668616 -0.637466788 -0.207076967 -0.588328004 0.086871922 0.0871703401 -1.06811106
x 1.63857877 0.630494893 0.873926401 -0.0213503931 -0.601590335 1.23139298 0.232654631 0.0725731552 0.302000463 -0.978292108 0.713370383 -0.33595714 -0.406458348 -0.594711661 -1.97441411 -0.4793154
x 0.522724688 -0.738438368 1.19622529 0.270926714 -1.53709817 1.37878084 -0.0479989722 -0.190189019 0.678882062 -0.948445141 0.26930511 0.965493262 -0.370025963 0.0024435895 -0.330726534 -0.789504349
x -0.13578397 -0.0675933212 -0.329883277 0.906379521 -0.593338847 1.65634823 -0.764604807 -1.39928424 -0.795457065 -0.10939116 -0.960778236 -1.0226109 -0.918909252 -0.00404211506 1.64786696 -1.37986982
x 0.558958113 -0.503532052 -0.770034671 -0.0489294641 0.344994724 0.784511268 0.0787116364 -0.173474893 0.289551407 -2.38785529 -0.0738743544 -0.336078435 -0.864404619 -0.549142003 -1.18766642 -1.64827013
x -0.316539258 -0.485471547 -0.348758638 -0.0696505159 -1.94448566 -1.20990419 -1.39116752 -0.821839333 -0.924014151 0.0635760427 0.32136482 1.04666138 0.0035359154 -0.400032282 -2.84711266 -0.818107486
x -1.65475261 -0.365800828 2.16168833 1.35222793 -2.45015001 -1.53129232 1.42361951 1.5552398 0.349464953 -0.45236519 0.129829675 0.634646177 -0.579657078 -0.0776139423 -0.31093061 -0.38945964
x -0.356963307 0.600482702 -0.0996120796 -0.620501101 1.20864618 -1.43524706 -0.146763995 -0.853724658 1.41130555 -1.83271742 0.282329798 -0.0570455492 0.597576737 -1.57029819 0.0627025142 -0.604918718
x -0.870544374 -0.427947342 0.404011101 -0.284894586 0.44967553 -0.428890914 1.11955214 -1.46206009 1.68235135 1.60869753 0.919988513 0.0837005004 0.0345558636 0.342321366 -0.11530406 -0.45739913
x -0.617197871 -0.54780376 -0.0818017647 -0.974126637 0.380797565 -0.94976306 -1.18864787 0.298256516 -1.69124603 0.508664072 -0.00456301682 -0.623802662 -0.184895784 1.11340535 0.035585504 -1.14347076
x 1.12454736 1.04957843 -0.159354493 -0.580844581 -0.462647527 0.119884506 -0.0937308818 0.547421157 -0.336073816 -1.030653 -1.3147893 -0.0293051936 0.400641114 -1.31800139 -0.903007925 -0.0476241484
x 0.453935653 0.473172575 -0.699372411 0.980409384 -0.481514037 0.591314077 -2.00984216 2.00599003 2.19639492 -1.23212588 -0.680513501 -0.89351511 -0.827172816 0.798696399 0.401322871 0.682731688
x -2.36234426 0.0121767856 -0.410469741 -0.495586753 -0.190050557 -0.275711358 0.0393612422 -0.178876117 -1.51089334 0.463536859 -0.86180377 0.638266504 0.116043061 1.47607887 0.836171806 1.93428564
x 1.24206042 -0.0577649362 -0.664255023 0.735787332 0.624279082 1.66085565 -0.538838327 -0.716267645 1.19976473 1.03942096 -1.73427188 0.470310241 0.314024717 -0.0602651797 1.03751349 -0.657084584
x 0.335624456 2.21630859 1.14916968 -2.55207181 0.164006159 0.617448509 0.740576565 0.368652761 -0.862725317 -1.01351225 0.269828469 0.991431653 0.581323624 0.454286903 -0.449660718 -0.192036837
x -0.677521348 -0.381004751 2.56765771 1.88657308 -0.0355303176 0.378609955 0.327043712 -0.258389145 -1.08323264 -0.168485135 -0.436848581 -0.84144187 1.54212415 1.10575032 1.79865873 0.803826869
x 0.484737158 1.08960223 0.574014306 0.35844475 -0.66257453 0.416351199 0.258194447 0.868645489 1.67279816 -1.57569373 -0.260846466 1.25234485 -0.759357452 0.281027764 0.0403681956 0.140434235
x -0.505213082 1.99595153 0.514394522 -1.80906558 2.59054589 -1.65022838 -0.598237336 -0.768108904 1.66589105 -2.37353301 -0.00059742789 -0.180749863 -0.577921271 0.899314642 0.42071569 -1.70163882
x -0.102391466 -0.962083995 -0.398295999 0.725005209 -0.947160184 0.371190757 -1.13908434 -0.978484154 -0.0606318191 -1.4077853 -0.42386955 0.39017272 0.81647861 -0.118155673 -0.338960409 -1.24092913
x 0.175762653 -0.41525054 -0.224357337 0.823378861 0.549660027 0.391842633 1.54835403 0.157114685 1.76679993 -1.13621008 -0.48334372 0.169518515 0.618469059 -1.14115441 0.631758988 -1.37715471
x -1.33726454 0.496957481 1.3573122 -1.46929145 -0.892696142 0.360976011 1.62317538 1.1346029 -0.720278382 -0.480782241 -1.42604494 0.88702333 -0.238155231 -0.323845744 -0.97063905 0.907190204
x -1.02490151 -0.270412445 1.00592995 0.173052952 0.957566679 -0.437922299 -1.55280721 0.0908457786 -0.376901865 1.51295447 0.814832866 -1.16920722 -1.99002445 0.53342551 0.557510793 -0.87520045
x -1.51949525 -0.16213502 -0.286092639 -0.759711683 1.00161767 -1.32429063 1.82700646 0.291421831 -0.136817575 -0.50546211 -0.663004994 0.737734735 0.363901705 0.202061966 -0.814679921 -1.16086018
x 1.22544873 -1.91261387 -0.046142675 1.41640747 -0.702929258 -0.385412693 -1.03556669 0.814530015 1.0643754 -0.912428141 -0.350520432 -1.4714359 -1.07851481 -0.85108757 1.13721979 -0.532823384
x 1.51029599 0.718907118 0.93589592 1.62525046 -0.129691884 1.16112387 0.565666735 1.84590483 0.528396785 0.336913407 -0.934766293 0.812787771 -2.10320115 0.189481348 0.646549046 1.02395296
x 0.242720097 -0.332544595 1.04250634 1.32899642 0.987548292 -1.11253488 -0.834701002 0.361877143 0.159745559 -1.00990295 -0.121091925 1.88109601 0.38180083 -0.495703578 1.0217222 -2.0254631
x -1.64191401 -0.681656957 1.86680591 -1.13752353 1.59561419 -1.73372483 -0.199067026 -1.13234138 0.700549483 0.304166794 0.72799468 1.12473226 0.25091663 -0.0501240529 -1.47236609 -0.339506477
x -0.81108737 0.937861025 0.490527481 1.4030143 -0.229207754 0.808061481 -0.786488175 0.0375615656 0.599596322 2.27066588 1.30626059 -2.4259007 -1.55176699 -0.435031295 0.795330048 0.00522657624
x -0.486482024 -1.97628391 0.808539629 0.19645676 -0.551567674 -0.505140007 0.24169156 -1.44825828 -0.746748328 -0.319197446 0.929792941 -0.984691322 -1.43342376 -0.136085361 0.560344219 -1.064224
x -0.712202311 -0.607242703 -0.587693512 -0.290381789 0.317169666 0.475390255 0.031657923 0.543568969 0.237480104 -1.00911868 0.963970065 0.685848176 -0.308126181 -1.24293387 1.19888389 -0.45538947
x 0.272703201 -0.30823496 -2.67391992 1.50114155 -1.42496717 -0.780186832 0.426778376 -0.943630934 0.709932983 0.530541003 -0.539475739 -0.719765663 0.877585053 0.677630603 1.1704843 0.450499654
x 0.53539145 0.102246851 -1.58609974 1.48638535 -0.716716051 -0.729808629 -1.04477227 -0.456369311 -0.754950762 -0.44665125 -3.09246135 1.85341394 1.8985287 0.351375699 0.736109018 -0.803459823
x -0.0825280175 -0.230694845 1.31702149 0.45295763 1.44948816 -0.0315074548 0.492463201 0.605898976 -1.49517417 0.736424327 -0.13003701 0.0450394191 -0.0830003098 1.57503855 -0.967942774 0.296843737
x 1.71677816 0.242556348 0.388082564 1.81636524 0.699762344 -0.173065156 0.735468984 -0.915420294 0.747245789 -0.0876301229 0.741341949 -0.787180543 -2.29345584 -0.638630867 0.444557339 -1.13300264
x 1.88310969 -1.3529079 -2.51009417 0.160286337 0.379860938 0.476583421 1.95209742 -1.07787228 -1.04608357 -1.5170145 -0.0805814713 -0.705345511 1.84667981 0.614144206 -0.897690594 -2.4608562
x 0.878631294 0.0311459713 -0.827641249 -0.95770514 -0.869642556 1.51920116 0.893508971 -1.06679451 -0.5944103 -0.74766928 0.749909043 -1.94692087 -1.92258644 -1.94887948 -0.680124938 1.45952201
x -0.137012184 0.925641477 0.528894603 0.470186293 0.452742249 -0.361458868 0.331748456 -0.278713942 -0.537243485 0.416123927 0.617007494 -0.103912152 0.361366779 0.964104831 0.117929727 0.863467515
x 1.10708261 0.87387085 -1.17306483 -0.369006574 0.739260018 2.10275483 0.628066421 0.301639825 -1.179528 0.56861943 0.0276641175 0.514007449 1.23414302 1.89725876 -0.436151356 -0.146830142
x 0.361846566 0.787714601 -0.851650655 -0.14171724 1.21223462 0.633675158 0.298843414 0.545400143 -1.4433459 0.0405534878 -1.0915004 -0.479052186 -2.10522699 0.740350127 -1.42915833 -0.134600148
x 0.304089695 0.954218447 0.88297087 -1.34580982 -0.331984192 0.0685625151 1.64096355 -0.213538483 -1.72313416 -1.01870549 1.13906372 0.389693528 0.320257068 -0.676552832 0.0146873239 -0.468270034
x 1.6109159 -0.0870205984 -1.60699129 -1.49743664 -0.459840864 -0.201405376 -0.733765423 0.117680892 0.607808769 0.561954618 0.186452121 -0.0534821488 -0.886591196 -0.838124812 -0.53614682 0.244235024
x -0.950715482 -0.726160407 -0.433739543 -0.255826622 1.27131081 0.892917812 2.79864597 0.658762276 1.08832848 0.687969387 -0.947851241 0.409925938 0.818182468 -2.06779838 0.236596644 0.238163307
x 0.38038826 0.748623192 1.2630018 -0.745364368 -0.640080512 -0.166979834 -1.33220649 0.975961924 -0.103875458 0.553691924 1.99678838 1.57203162 -0.588476956 -1.8635267 -0.000933290692 -0.7673136
x 1.11913788 0.01780417 0.5207901 -1.47677755 -0.0941530243 -0.312728286 0.766273379 -1.79560304 0.0543508828 0.635385156 0.443474948 0.261143535 1.02376282 0.0174429771 0.17416285 0.642898142
x -0.271386683 0.250596702 -0.00460258778 1.42101777 -0.402648181 2.04452562 -1.0149014 -0.863710463 -1.6757803 -1.20529616 -0.748276711 0.119607903 2.12793756 0.692173541 -1.71656096 -0.675511599
x -1.8885684 -1.47863853 -0.83146733 0.515440226 -0.928761661 -1.57966518 0.829730272 -0.650665939 -0.516499281 -0.248343647 -0.180018499 -1.06369185 -0.469211787 -0.188057631 0.928156435 1.79030168
x 0.667582333 -1.94632888 -0.296240121 -0.764077604 0.58905232 0.538649499 -0.222865134 -0.505565941 1.14704466 0.552549958 0.395707339 1.31990266 -1.81007886 -1.06070459 -0.160446391 0.382867187
x -2.07749867 1.43839431 -0.749728382 1.67000544 -0.0188101772 -0.908652008 0.67527169 0.716170728 0.274770826 -0.111446828 2.65383387 1.33695805 0.23885259 -0.817207396 -0.651646972 -0.157955885
x 0.976149023 1.53860497 1.64278209 0.599475861 0.616036177 0.324082106 0.738690436 -0.927449286 0.342747211 0.425909698 -0.350475371 0.859367967 -0.899331212 -0.690105736 1.09457994 0.500611782
x -0.800469637 0.255676776 -2.03520298 -1.04698694 0.866298556 0.599470139 0.305833399 -0.181870311 -0.457805753 0.18484509 -0.535582304 0.789231658 1.42777765 -1.18295777 0.376554161 0.339655608
x 0.351334333 0.465507209 1.5026443 0.437873334 -0.321171045 -0.721661031 -0.525083959 -0.0943831727 0.4140625 -1.40519392 2.9245708 1.15401769 -1.21849704 0.940813661 0.911068261 0.211336181
x -1.17831814 1.29160869 -0.266570538 0.443509072 -1.95412838 0.230646312 -1.3961097 0.14937529 -0.426748484 0.523241699 0.334464699 0.290710539 0.335897893 -0.00664506061 0.825137019 1.35951757
x -0.815951705 -0.467498362 -0.598825336 -0.445407331 0.116891205 0.352355689 0.0304484945 0.373161376 1.9827162 -0.631048203 -1.13415313 1.28787827 -0.593508184 1.28321803 0.700502217 1.1907264
x 1.28779984 -0.267768949 -0.258808613 -0.440313637 -0.589225113 1.41947067 0.0148038752 1.22751033 -1.20081544 -0.544817567 -1.13011229 0.880791843 1.44788694 -1.55651116 0.69171983 -1.11991322
x 0.769835353 0.275838226 0.346683085 0.829101622 1.34912455 0.798594415 0.516470313 -0.0310926698 -0.419289231 0.442502886 0.374984235 1.28040338 0.090467535 0.915371418 -0.464977026 -1.19020045
x 0.581523597 0.0390997902 0.0123100476 0.271585524 -0.0562442765 -0.288855404 0.223832622 0.0166678503 2.00142479 -1.07632911 0.182186648 1.72159028 2.35796118 1.36566222 -0.779939771 -0.148079157
x 3.65705371 -0.162166685 0.689285576 0.784105241 0.305841446 -0.295516938 -0.680457771 -0.294480473 -0.690955102 1.54040575 -1.33669794 -0.425168842 0.547466516 -0.892281234 -0.0164835695 -0.0594999269
x -0.284782171 0.624245465 -1.11363912 -2.14098358 0.396886289 0.512283266 0.182193354 -0.596322 0.16626133 -0.223584443 -0.419831574 0.399715811 1.0147984 1.04228151 1.15504992 -2.42778444
x -0.189393431 0.610606968 0.175740287 -1.47016263 0.526306987 -1.03901744 -0.738892794 -0.0798658058 0.552844942 -2.20284224 -0.260527015 0.586849511 0.380584598 -0.96399188 0.0537693985 0.158145219
x -0.368421435 0.964392841 1.12532103 0.0387594439 -0.268912643 -0.589930415 0.526012838 1.1578573 0.344749689 -0.73222214 2.32255316 -0.386157006 0.357274503 -0.670134723 -0.315564901 0.56570518
x -0.585135877 -2.80275869 0.369567692 -0.641512513 -0.703379273 -1.38305438 0.307428181 -0.412236243 -1.05717993 -0.659334481 0.719745159 -1.44622898 0.0638701171 0.378552854 0.331106961 -0.324165106
x 0.915375233 -0.445848078 -0.760618746 0.178586036 0.0482103601 -0.290541261 0.131513029 -1.96135914 1.1652807 -1.1030724 -0.356100023 -1.87625289 -0.113766871 -1.22874641 2.75419188 1.17368364
x 0.35041061 -0.772164702 0.0028525237 -0.82494092 -0.133776367 -0.147743732 0.446303159 -0.627893269 2.85847378 -2.85032058 0.264284045 -0.92323482 -0.414538831 -0.929430842 -0.164214 0.13669838
x 1.01870084 -0.842081249 0.554821551 -0.00128957687 0.503313184 0.547972381 0.435050666 0.909517944 -0.833380163 -1.01455116 -0.455397785 0.42944783 -0.727058351 1.50022197 0.217547357 -0.64218837
x -0.0744943842 0.319040358 1.05204356 -1.01197612 -0.65100193 0.768399835 -0.623718023 0.94492799 -0.190716892 -0.695441306 -0.226718113 -0.921594322 0.562668204 -1.31551456 0.120499961 0.256866783
x 0.977432489 -0.401834369 1.13518596 -1.16569006 -0.0484240353 0.259910464 -0.411853492 -0.814203918 -0.27403757 0.76430887 0.435465336 -0.104539797 -2.55314064 0.948467016 1.29049337 -0.501634121
x -1.00233591 -0.74042201 0.0566511452 -0.6826998 0.614573359 -1.32029557 -1.25114524 -1.66966915 -0.918423057 -0.792389452 0.912203729 -0.812732518 -0.261126816 -0.913627028 0.81442976 -0.569277942
x 0.569810927 2.03672171 1.21716094 -0.81239593 -0.547756612 -0.167251036 -0.225655079 0.000382927305 -0.402616471 1.23614132 1.22198498 0.51181078 -0.727640152 -1.05413079 0.306824833 -0.405738056
x 0.94570142 -1.26816916 0.351930648 0.773071289 -0.400704056 -0.973261356 -0.924107313 -0.497266442 0.429365814 -0.90182817 -0.0952669457 0.520539343 0.819986582 0.937888205 -1.6391083 0.0469820499
x 0.978574395 1.01924419 0.578940153 0.472875535 -2.19738936 0.436269581 -1.07487905 -0.299429446 -0.737974942 -0.882169247 -0.368533552 -1.04224551 0.0575475208 0.216114312 -2.36232042 -0.19811438
x 0.85440743 -1.84129632 1.04880965 -1.58861244 -0.468223989 -0.613180816 -0.24255994 -1.66621184 1.08125269 0.339101732 0.0413421318 -0.974714041 0.725836694 -0.645780683 -0.879335701 0.0597439632
x -0.160113499 2.19758463 0.551831245 1.89806676 0.245742843 0.404835343 -1.09929192 0.222085878 0.0971110165 -0.629469335 1.03391588 1.27374339 -0.892681718 0.0669270754 -0.6935215 0.56216532
x 0.951776564 0.203434199 0.793199182 0.429798186 -0.0508996919 -1.47068191 -1.92432427 -0.106758721 1.41150033 -0.324253917 -0.729249179 1.45085549 -0.55654639 0.0985113308 1.42704773 0.129707411
x 1.95598292 -0.365445703 -1.84583533 -1.31343567 0.177175492 0.319628984 0.696245492 -1.7204057 0.468219101 1.22996342 -0.567708492 0.244334981 0.764937639 -0.939129889 -0.692385316 -0.207794771
x 0.0759556741 0.561110198 -0.702798784 -0.486164719 0.362323642 1.78654981 0.910087466 0.312868297 -0.435793281 -0.222080022 -0.981584251 1.03443933 1.30928087 0.441815585 -0.278830409 -0.634101331
x -0.710395575 -0.355712622 -1.31366587 -0.0782670602 1.10487652 -0.641396642 -0.226727039 0.986524284 -0.246067822 0.843737781 1.07940316 0.195752561 -1.7082479 0.247464195 1.43456054 0.82546705
x -0.318153441 -0.549634337 -0.362892002 -0.72910583 1.02915955 1.55055487 -0.192425877 -1.25855839 0.386597425 1.03222334 1.67792749 -0.718540072 0.74980855 0.745493114 -0.458971649 1.38122761
x -0.387871861 -0.176622719 -0.676344514 -0.611934304 0.0551637262 0.160413414 0.616747916 0.251497805 1.70789099 -0.504147708 0.673397899 -0.500247777 -2.12789035 0.357970625 0.931090534 -0.0867379904
x 0.402624071 -0.212870583 -0.435254276 0.304431647 -0.102683485 1.34440327 0.254726529 0.570013106 -0.536166966 0.476671338 -0.579937398 -0.0584858321 -1.4244194 -0.404155701 -2.00782228 -0.783064842
x 1.51227236 1.46496272 -1.88931239 -0.76823777 0.807694852 1.9376471 -0.796080112 -1.09878111 -0.0786681548 0.263504237 0.929463506 0.617737234 -1.6533227 -1.15189016 1.65505362 0.0228372253
x 1.02403939 -1.29510403 2.05382252 0.861298859 0.0825239643 0.282054454 -0.0887773409 -0.322021574 -0.450242966 -1.03132653 -1.98139954 -0.406083882 -0.812083304 0.323973745 1.46984494 -0.042583093
x 0.75849998 1.62711787 -0.587666035 -0.658177316 1.86259735 0.647951603 -0.19532539 0.632953405 1.55391157 0.239294797 0.265998304 0.459938377 1.2778244 -0.0192372464 -0.68596977 -0.306283474
x 0.66776228 -1.06678665 -0.270646632 0.329672039 -1.23425031 -0.14643304 0.305086881 0.862306178 -0.958118856 -0.47980234 -1.25044298 -1.39362454 -0.54699105 -0.212662056 0.700820982 1.58102453
x 0.158418745 -0.839062393 0.120721981 -1.58010113 1.20182419 -1.85063863 -0.593903422 -0.942367733 -0.127221823 -1.44591975 -0.297103971 0.930318654 0.46190992 0.856546164 -0.162278414 -1.34519541
x -0.621947348 0.943102241 -0.566882372 0.0250221547 0.111490577 -0.856602967 0.871061742 0.107699811 2.59488082 0.0141407326 -1.37153816 1.19291806 -0.563839793 1.24675286 0.281435013 1.98237574
x -0.369516611 -0.818898737 0.0688036606 0.282259822 0.729212523 1.22585535 -0.703199923 0.647384703 -0.606461644 0.929068923 -0.98467797 -1.24201882 -1.66084599 -0.777410269 0.266400576 1.80042088
x -0.205126852 0.556421816 -1.96578062 -0.986364722 -0.89835906 -1.1762979 0.29280442 0.112485014 1.56646049 0.873044133 0.368602097 -1.19361544 0.972379386 -1.42429519 1.67136919 0.644456565
x -1.15879869 -0.356176376 0.0745688751 -0.201473653 0.351870835 -0.270005792 -2.80824065 0.844220221 -0.370352 0.917748034 -1.67874706 -2.22457361 -0.996615231 2.50459743 0.136005208 0.399032414
x -1.0417546 2.18964767 1.54233694 -1.34708834 -0.412478924 -0.0953663886 0.0202023145 -1.60155594 1.16273785 -0.616362512 0.498444289 1.00978494 -1.92549086 -0.867248595 -0.384949863 0.314019024
x -1.10951042 0.868372619 -0.863012493 0.122465044 -0.264905095 -0.738188803 0.126488641 1.26360452 1.58526266 -0.69120127 -1.78961253 -0.522656918 -0.0140175465 0.709457576 -0.292063087 -0.182888716
x -0.220118761 -1.20316339 -0.724354148 0.420752525 -0.245642737 -0.162712172 -0.119084194 2.81336308 1.57507837 0.704660594 -0.430224895 0.504007638 0.354328007 0.0832527876 0.444879264 1.46654785
x -0.785419524 1.15772998 0.213834479 1.06852388 -0.711091161 0.555299461 -0.989724934 0.0195210576 -0.752515256 1.1803441 -0.832279444 1.93036914 1.10039544 1.30676663 0.988429248 0.529929578
x -1.10784638 0.433516264 0.724343419 0.156697944 1.37816143 -0.511482775 -1.06791461 -0.666241586 0.164617613 -0.381897181 -0.850464821 -0.134552166 -1.30156183 1.09179676 -0.701890528 0.0283422973
x -0.272184491 -0.454909205 -0.505026877 -0.618369818 -0.432758003 0.410611957 -0.794445872 -0.0067998101 0.214039773 0.239274204 -1.1964401 0.0787297487 1.62268722 2.2404635 0.537213743 0.274694055
x 0.595266879 0.455958486 0.979787171 0.494909406 0.0241353773 1.22280753 -0.149707943 -0.017073283 -1.10975873 -1.46602821 -1.62493086 0.347645015 -0.838043869 1.06054723 2.287503 0.741740942
x -0.390753239 -0.441536754 -0.425800353 -0.805932283 0.227024704 -0.961170316 -0.375108719 -1.3295393 1.03540576 -0.476670712 0.232682213 0.489948422 -1.21309114 -0.772208214 -0.778264225 -0.203916907
x 1.11661184 0.489788353 1.57701159 0.0290116817 0.348644763 0.426700056 1.17753911 -1.17809808 1.62062037 1.46889234 -0.508747578 0.687841713 1.26345658 0.175139874 -0.457239985 0.649566054
x 1.96730864 -0.443259984 -0.759750903 1.27532816 -0.0427893139 -2.09814906 0.0804723054 -0.955679119 -1.75394678 0.760333359 0.506066322 0.771763265 1.67025697 -0.819272161 -0.938541532 -1.71451151
x -0.798418939 0.914127767 0.0501639582 1.50708747 1.47694504 -0.664988756 0.672606349 -0.797476768 1.01764488 0.494805753 0.417253882 -1.31351948 0.405291229 1.08205199 0.410564005 0.94638145
x 0.735650539 -0.390886247 0.0605202094 1.07233 -0.393323332 0.528395712 0.43732354 0.978111029 -0.812163234 0.708755434 0.60666734 -3.04791164 0.891408086 -1.88293326 -0.0959345922 -0.304798514
x 0.959352076 0.961853802 -0.357813358 1.53906798 0.233840778 -0.209517986 0.571740866 -0.456548452 0.127492368 -1.75754523 0.565176606 0.815346241 0.48195219 -1.54405856 -0.684086859 -0.755931735
x -0.832419813 0.296208858 0.835117579 -0.168920308 0.0496323518 0.0625388473 -1.13943422 1.21211803 1.06268334 -1.01190746 1.65657091 0.588266015 -0.264891595 0.321051389 -0.335629225 -1.17300141
x 0.273810804 0.874442697 1.70105624 0.24635084 -1.56697762 -1.96732926 -0.423964828 -1.15824652 -0.125438407 1.69695318 -1.27682018 1.33339345 -0.357789427 -0.269023448 -0.025918277 1.21687472
x -0.195643499 -1.31236184 0.42904079 -1.45539641 -1.13357902 -0.0910773277 -0.426886231 -0.810542822 -1.47263551 -0.246434078 1.00658202 1.49714947 1.61332464 -0.635917187 -0.762104809 0.636134684
x -0.325678438 0.465945512 -2.2198081 -0.264958262 0.816134393 -1.66443682 -0.742857218 0.109591126 2.08929372 1.33222282 1.11110103 -0.446149021 0.277462095 -0.182141557 -1.73503482 -1.26799619
x 1.39240336 0.861186087 -1.75595808 0.304739296 -0.407448113 -1.55211449 2.27813482 -0.283736974 -2.05193233 -1.40056598 2.59380531 -1.06157792 0.887223184 -0.290327609 -2.10296917 0.850062311
x -0.940978467 0.721833885 0.133176103 -0.675406992 1.38000333 -0.328234673 1.03420639 -0.135527715 0.812412202 0.172784135 -0.470818371 0.979842067 0.222235158 -0.309937209 1.10426664 -0.516374946
x -0.854874611 1.56693518 0.150616556 -0.510377586 0.338202566 -0.585726857 1.48531306 1.26480436 -0.402958244 -1.46699214 2.03041887 0.377811193 0.29317075 0.756442189 -1.35132039 -0.735913277
x 0.272874087 0.678127348 0.630859971 -0.57653749 -0.201777965 1.36029613 1.23538339 -0.540279925 -0.578982115 0.941078901 0.588098288 -1.47074878 -1.49570405 1.24600542 1.07766688 0.0572844371
x 0.64235878 -0.552200735 1.15387499 0.0429916941 -1.75943351 -1.41045523 -2.32744002 1.85137153 -0.201437786 -0.966375768 -0.11475835 -1.50179768 -2.88697171 -0.429041833 -0.433597296 0.642448366
x -2.35675025 0.480098367 0.307438284 1.60842013 -0.664744318 -0.0611978434 -0.936399043 1.3135525 -1.791363 0.138606235 1.08118773 -0.701397419 -0.457998008 -1.66420579 -0.852496028 0.850007236
x -0.0601090118 -0.161403626 1.11272609 0.297552943 -1.94173145 -1.36751223 0.0227522384 -0.351002663 -0.542674661 1.03479934 0.772485435 -0.39294976 0.889876902 -0.507765234 0.498287529 1.53629112
x 0.00408078078 -1.36524558 -0.663616836 -0.365505368 1.38146472 -1.40127075 1.58174717 -0.210337818 -0.18229644 -1.54382741 -0.922443867 -0.515904903 0.66850239 0.600516677 1.19996238 -1.73345721
x 1.48224747 -0.678006589 2.03637266 -0.285989761 0.69230938 0.892629385 2.03512812 1.81213188 -0.755551517 0.50740248 0.0464637876 1.94331062 0.461244971 -0.979714036 1.14358723 0.628185213
x 0.59419775 -0.980263412 0.0351126157 0.635997474 -0.373169959 1.36586642 1.86245298 0.157240793 1.56673384 -1.38957107 -0.492272228 0.595619082 -0.075006552 -1.33024132 0.289015859 -1.3937968
x -1.15638089 -0.00107733102 -1.78711224 -1.36235571 0.857267082 -0.503172576 0.230325311 1.26821339 -0.158853695 0.302993447 0.650313437 0.760099113 0.490984887 -0.684759736 -0.594085097 -0.712264657
x -0.877180159 -1.36853266 0.15179415 -1.30341256 -0.525258482 1.37038147 -1.36891484 1.17064631 -0.86030376 1.16412723 -0.482409418 0.668586254 -0.745716453 -1.60588193 -1.17824996 0.455824792
x -0.275854319 -0.349860549 -1.30754602 -0.56071341 1.4769063 0.335890442 -0.0396700203 -0.310119808 0.515794039 -0.13262406 -0.526441455 1.30818295 0.144155145 1.13322878 -1.63951766 1.02031314
x -1.79022944 0.853103876 0.44031176 2.08233571 -0.268458426 0.760437608 -0.305269271 0.0588876382 -0.884311438 0.90241909 0.656129241 1.1539737 0.229788274 0.790005982 -0.381752074 1.15216625
x -1.43593073 0.556114733 0.397142917 0.916744113 0.386023283 0.0257426873 -0.63930136 2.54284406 -1.47184765 1.35503304 -0.853380442 0.331598669 -0.489568233 0.675358295 0.371388853 -1.03031182
x -0.69652313 1.3419975 -0.603969097 -0.942922473 -0.347991675 0.471532315 -0.727691054 -1.83576655 0.264159739 0.319205463 1.31986201 -0.568801939 -0.250073612 -0.957981288 0.702287138 -1.55689824
x -0.0260369293 1.02409625 1.0305053 -0.751936138 -0.239430547 -2.84938908 1.44673955 0.729606688 -0.851513624 1.5862478 -0.257267863 1.22700584 -0.366609722 1.51961184 -0.201879412 -0.909889817
x -0.396000177 0.669836044 -0.255118698 0.340039849 1.45807147 -1.21732223 0.464310914 0.714869678 0.313150048 -0.473686188 -0.974733829 1.2324127 -1.28304899 -0.555275559 -0.134041876 -1.17677784
x -0.588116705 -0.197104424 -0.879073679 -0.043199081 -0.851542056 -1.33790112 -1.77359831 0.147510454 0.0838893875 -1.90647709 -0.710479558 0.167787254 0.557621896 -0.0594668128 0.89022845 -2.00561833
x -1.28914165 -1.6487571 -1.45918036 2.13015676 0.696812391 0.561688662 0.653039396 1.32922733 -1.72327912 -0.840440571 0.670799851 -0.576811373 -1.71195138 -0.208546311 -2.06176019 -1.02209449
x 1.04425025 -0.134502634 -0.193442643 0.271016002 -0.0531134345 2.21821523 0.576049924 -0.210139513 -0.0593074113 0.0894277468 -0.781146765 1.64760339 -0.64531368 -0.950767756 0.466372102 -0.684639573
x -0.705662549 -1.61138082 -0.923963845 0.348728865 -0.164948151 -0.471861333 0.870795012 0.748933196 0.155736446 0.342105448 0.738877177 -0.115079708 0.614642918 0.148236886 -2.18859601 2.05520105
x -0.711558938 -1.59158945 -0.104172476 0.197644532 -0.0120776854 -0.531715393 -0.893388033 0.684749484 2.03656602 -1.5256685 0.371189833 -0.126782387 -1.25558424 -1.74683285 -0.711489201 0.862621129
x 0.873534501 2.34929705 -0.346985757 -0.297686875 -0.6963678 -0.677867949 -0.736013651 1.31913078 0.548514128 -0.42126748 -0.442093045 0.0709681362 -1.09677863 0.204786435 0.520207763 1.05014026
x 0.408281714 -0.918966115 1.74621487 0.633040249 -0.683268547 -0.15122433 1.16012383 1.16500831 0.897366822 0.666541755 1.96421361 0.445279777 -0.2036286 -0.984268427 -1.01577306 -0.0970918387
x -0.482147545 1.44595468 -0.281867415 -0.757340014 0.0941096991 1.1501075 -0.67826879 0.392482549 -0.658913016 0.725743473 2.36412358 -0.285496026 -0.416078329 0.305254996 -1.79860616 -2.26683474
x -0.690335333 -0.585121691 -0.577239156 0.342587322 -1.11968732 0.487777203 -0.484502643 1.6804353 -0.595386207 0.0702036247 0.0761289448 -0.646586061 0.752741873 -0.495593786 0.355912209 -1.34106469
x 0.335821867 1.31009376 -2.11588931 0.489826471 0.0312546641 -0.732130885 -1.15015709 1.46262538 0.587182879 1.52056503 -1.47217417 1.76211619 1.8175137 -1.61896265 -0.92299515 -0.223375857
x -2.28357577 0.958081126 0.093242541 -0.600272357 0.647551239 -1.72220457 -1.17071402 0.754195869 -1.85573578 0.639539897 -1.09256506 1.09033096 -1.00758374 -1.45301127 -0.626114666 0.654057562
x -0.0386215746 0.445274055 -0.170530513 1.48373055 -1.6766957 -0.55342406 1.01355088 0.749845147 0.261544496 -0.382872373 0.598910868 -2.66615462 0.469480127 -0.545525968 0.220513359 0.482265234
x -1.01984346 1.93822753 -0.710266232 -1.07425129 0.505147636 -1.79703629 -0.472189605 -0.814970493 0.357999742 0.73817265 -0.0649312362 0.420154363 1.43231404 0.678914607 -0.431180924 -0.457342744
x 1.76484597 1.39032066 0.0898606032 -0.592778265 -0.615630448 0.37873587 -0.234416351 -0.0897029489 -0.948160291 -0.926404655 -1.33109903 -0.724557757 0.745174527 -0.83487314 0.991386354 0.526502728
x 0.908583403 -1.67549467 -1.4410255 1.13523638 1.0649941 -0.585268438 -0.857435644 -1.70567799 1.29978383 -0.154210702 -2.0557766 -1.60850644 -0.841700196 1.72873116 -0.0277876761 -1.31382382
x -0.637856305 0.0399295203 0.653475583 0.109386727 0.826886296 0.384286284 -1.33338857 2.20925283 0.0797293633 0.444735497 -0.593169689 -0.286271811 -0.742044628 1.0949713 -0.117451333 1.91382551
x -1.6820159 -1.13129139 -0.368199348 0.187107861 0.199041218 0.838078439 1.03322601 0.575253844 -0.0686262175 -0.772268951 -0.0374988578 -0.206712186 0.411255658 1.31013644 0.411196858 0.0332330242
x -0.459894627 -0.409411818 0.0649519935 0.122635275 -0.545960367 0.0315171555 -0.212313578 0.706712127 0.942653716 -1.67882609 -0.232728094 0.323084533 -1.09557676 -0.432085752 0.175266132 0.880873024
x -0.203702331 0.355852187 0.370210856 -0.469341904 -1.68772352 0.622571349 1.88443637 0.453948736 0.639549315 1.29525578 -2.35257506 1.74570799 -0.539476395 1.29372156 1.17715263 0.0734353215
x -0.216128141 -0.248937964 1.02489161 0.00355117838 -0.80833602 -0.455083996 -0.761609316 1.58840871 0.200469688 -0.313021481 0.224253207 0.69756031 0.189359933 2.05875421 -1.5294404 0.826297104
x -1.2802887 1.69815981 -0.282357424 0.120434225 -0.0041818358 0.879905641 1.05949712 0.83187139 1.24543703 0.423706889 -0.00451500621 0.108032249 0.732662201 -1.54534853 1.87752223 0.575564563
x -0.16724214 -1.45446908 -0.0696949139 -0.241550714 0.392228186 -0.163331911 -0.045428142 0.508313298 -0.79444474 0.0434432589 -1.16022468 -1.23279703 1.31975579 -0.338459015 -0.662632585 -1.63079882
x 0.851291478 -1.01742268 0.00968149677 1.06002557 -0.376145929 0.154807582 0.0365236029 0.900753438 -0.374222517 0.818832815 1.21720183 1.49704432 -1.46347106 -0.0831622854 1.73600709 -0.527330279
x -0.122039914 1.24010122 0.00830780994 -0.286412299 1.11390328 0.478603184 0.379489213 0.0446456857 0.166778624 0.198496491 -0.57110244 -0.166001529 2.43033528 0.0784018412 -0.288972765 -0.0289296918
x -0.585531712 -0.155991957 0.676500976 0.877372563 0.719964027 -0.752991617 -1.37352204 1.08215082 0.830139458 0.932693362 0.0822527707 -1.82286906 -0.685088277 -1.61900914 -0.809934318 -2.21597981
x 0.782411337 -1.22526765 0.0600009114 0.199346885 -1.06045783 0.71353215 2.57079029 -1.98126745 -1.01859605 1.0299505 0.834418595 -0.561117053 -1.80907083 0.134172872 0.851360023 -0.236962929
x 0.233619332 -0.980887771 0.271900445 -0.480111092 0.652399898 0.582757533 -1.15018737 1.64796436 -1.40853512 0.793739259 -0.390028775 -1.42381144 0.0128911724 -0.800669491 -1.06033039 -2.45757341
x -1.7516458 -0.00991803408 -0.854920745 0.863745987 0.323527724 -0.647143006 -0.427178293 -0.695585549 0.00674023153 -0.358477682 0.781872511 -0.255302012 1.49695468 0.609220028 0.814618051 0.203641281
x -0.2781142 0.822083473 0.601621926 -0.873598695 -1.07703507 -0.131629333 -1.08747721 -0.673627436 0.604008198 -1.2308917 1.20339465 -1.49435496 0.147630319 0.162211508 0.687716484 -0.928821921
x 0.109004624 0.222612411 -0.746108472 -1.00937212 1.3613025 -1.27478242 1.16650879 0.0952138156 -0.269767731 -0.63553232 1.12451196 -0.0692053884 -0.144138113 0.559839606 0.215262994 -0.0370097235
x -2.14050508 -1.25688422 -1.03824806 1.24557674 -0.850170612 0.714621723 2.48272109 0.954711616 2.00154948 1.98554051 0.121373579 -1.93120134 -1.39126503 0.765151381 0.649029076 -0.854915679
x 1.36986661 -0.259285003 1.11705565 -1.27720642 -0.337253451 -0.328778982 -0.0282102302 -0.671813607 -0.650876582 -1.72431827 0.184889421 -0.700918734 -0.877531648 1.61520934 -0.189121738 -0.348277867
x -1.43364334 1.38214624 -0.0530443713 1.7972672 0.418553114 -0.97843796 0.897234499 0.718787491 -0.0156788006 -0.382919341 0.098120831 0.619194627 0.261731714 0.265110999 -0.0610300638 0.043365296
x 1.42859232 -0.616657734 -0.385324508 0.189411804 1.27346992 -0.840863466 -0.679198742 -1.51702523 0.055539798 1.85701239 1.75051939 1.26474583 -1.9788965 1.34312785 -1.05820382 0.273206413
x 0.788183331 0.422771752 -0.922958016 0.910256565 1.54144883 0.533798873 0.712336183 -2.25994349 0.799129486 -1.85744298 -0.419986188 -2.19413519 0.494194239 -0.0103769228 1.05903769 -0.643504143
x -0.620196104 0.75608784 0.184162468 -1.51484573 0.295278728 -1.12834799 0.87944001 -0.293013632 -0.90187943 -2.27204823 -0.0972381234 1.20391798 0.882672012 0.86817801 0.396543324 0.427567512
x -0.721921027 -0.879991114 0.115625128 0.980600774 -0.559037209 -1.42003179 -1.20844328 -1.85082436 0.19686307 0.05414607 -0.254145026 0.61514169 0.931038737 -0.915211797 0.985639632 -0.479421288
x -0.171765268 -1.59986126 -1.03188944 1.3641746 1.62742424 -2.96462107 -1.02891362 0.977915585 0.568820953 -0.186162844 -1.08798981 -1.46076071 0.534966707 0.787430048 0.546491444 1.38896215
x -0.0290796217 0.117238224 -1.62459493 -0.561476648 -1.25800133 -1.57880831 -0.426492035 1.02348483 0.711688995 -0.497205228 1.13583314 -2.43755412 1.00908923 0.195580795 0.290557444 0.106933661
x 0.968942046 1.2488296 -0.801587284 -1.1587925 -0.856257021 1.18242204 0.332690507 -0.418375999 -0.32286486 -0.438394815 0.804044962 0.932349026 -1.46449673 -0.124837726 1.70350111 -0.435996592
x 0.478597015 0.940810561 -0.888880432 -1.63287318 -1.73674178 -0.0567592345 0.361341894 -0.454374582 -1.04195631 1.51661313 -0.22029984 -0.401101947 -1.4525553 0.82243365 0.557620168 0.0231545493
x 0.343827724 -0.713465333 0.246430263 0.843499899 -0.973653674 -0.968920648 0.330492258 -0.173022598 -2.26093507 -0.429031849 0.77065742 0.163749248 1.95645201 0.0452719964 -1.97597635 1.57890749
x -0.685741544 -0.134464368 -0.771542013 0.794647276 0.387855083 0.450801104 0.733705103 -0.0381094702 -0.397354364 -1.77282572 -0.542236388 0.749491572 0.786213756 0.117199212 -0.126275197 0.175315693
x -0.132393599 1.37499428 -0.0678325966 -1.08209229 -2.42040682 -1.03728747 0.0890440866 -1.43203914 0.353288591 0.180422068 -0.723559797 -2.35732222 0.176542833 1.00805843 0.539809525 -0.677580118
x -0.152154073 -1.05852008 2.13450766 0.424384207 -0.549125254 -2.02651048 -0.33237946 -0.539551675 -0.0319872424 -1.01170599 -0.336727202 0.0303476322 1.33982348 1.13722026 1.18129122 2.16354656
x -1.47905791 0.592881382 0.079425022 -1.40011966 0.370056987 -0.844050884 0.214345977 -0.940126777 -0.543213308 -0.243427113 -0.358798265 -2.59148145 1.30731571 1.01159513 1.56737328 0.289543748
x -0.495987803 0.0465709604 -0.842889309 0.0654467493 2.32972836 0.70390439 -0.646209061 0.679757476 -1.64164734 1.66086721 0.625323653 -0.506767929 -0.25980413 -0.400039047 -0.62582016 -0.249838769
x 1.23069632 -0.62079066 1.13350081 0.110283881 -0.0973686501 -1.3970809 0.430560976 0.692202449 -1.66018331 1.16872883 1.51533151 -0.836352706 -0.692337334 -0.566739738 1.36562777 1.011446
x 1.3545233 -0.229263201 -1.04918289 0.671092987 -1.56789804 -1.26229846 -1.20918965 0.581817687 0.614714742 -0.0481395908 -0.621211708 -1.32471228 -0.33939141 -2.53549933 1.07089055 -0.0632909164
x 0.749772727 -0.808508098 -0.491061628 -1.39208364 1.28358984 -0.691946387 0.846013784 -0.0853012055 0.347463965 1.17462623 -1.54519141 -0.263835371 1.01548421 -1.37987351 0.535108924 0.974211752
x 0.180086613 0.0439908169 2.37863159 -0.716590881 -0.855032682 1.40672708 1.06148601 -0.989274621 0.105257913 0.195128977 1.06114101 -0.540681422 0.206859335 1.30082369 0.743232667 0.165242374
x 0.479722172 0.161420956 -0.667856455 1.40108132 0.183691025 0.665157557 -1.49122202 -0.474808007 -2.56810522 1.18697011 -0.815307319 0.261938453 -1.25625086 0.0223693103 -0.649230659 0.250189155
x 2.03879809 -0.342161268 -0.889086068 1.1542232 -0.882090926 -1.46225047 -0.652945459 -0.444746047 1.19748867 1.70575678 -0.364343733 -0.813381374 0.0808469653 1.75908875 0.648522556 1.49473488
x 0.527921796 1.60775709 0.39008972 0.206483394 -1.37664461 0.985650241 0.500199497 0.98794055 0.219291627 0.83481437 0.226903468 -0.565901101 0.670177221 0.795444012 -0.00942382589 -0.127824396
x 0.14260672 -0.441940993 0.117895953 0.111081034 -0.166202962 0.720373034 -1.58103311 -1.34873998 -0.611575365 -0.412838846 -1.10725343 -0.237768725 -0.3694309 3.27441669 -0.749398887 -1.30102301
x 1.50033867 -2.40852404 -2.36362886 -1.50043273 0.106930889 0.484686762 0.487809837 0.238843963 -1.77076542 -0.588687479 0.111143276 0.689581096 -1.15983605 0.483357906 -1.05218589 0.678831518
x -0.302560091 0.189789638 -0.112914965 -0.42118147 -0.783820391 0.0819810256 0.698864341 0.538865566 -1.1176635 -1.66167152 -1.52028358 -0.207201809 0.89071548 -1.40369344 -0.203499675 1.50063002
x 0.082117267 -1.84170139 -0.416220307 -0.366867214 0.56485188 0.787998915 1.30542159 -0.583331227 0.355125159 0.194104016 0.85031724 1.2135061 -0.684384823 0.306719929 -0.96998018 -0.0263330024
x -1.68612087 -0.00848342106 -0.448990583 -0.318115652 -1.39604878 -0.0227717888 -2.1468761 0.137823105 0.442221224 0.485376358 0.559833646 1.46096003 0.157139331 -0.229233831 1.43823338 0.368796289
x -1.47098947 1.20305896 -1.0499922 1.59575582 0.223882899 0.384860218 -0.336833 -0.548874617 -0.169699132 -0.5794577 -0.828665555 -0.740471661 0.744631052 -0.734017134 -0.811623156 1.93510747
x 1.13311958 0.407934576 -0.622810781 0.594697595 0.889005005 -0.217681557 -0.169632658 1.18704271 1.53216445 1.13859522 -0.673058689 -1.23804677 -1.00662267 -2.50452662 2.11193848 0.314305335
x -0.652350068 0.68299526 1.97221708 -0.105029948 -1.0480293 -0.204651862 0.108954959 1.11307752 -1.57304692 -2.43107867 1.9982847 0.379933834 -0.920898318 0.692122042 0.863187969 -0.133633509
x 0.0216704365 1.36278474 1.64360023 -0.292250544 -0.637410343 -0.0367909521 0.348507077 0.108733937 0.636155903 0.351876944 -1.36030972 0.423581004 -0.0200121664 2.0835824 0.0978412032 -0.952079117
x 0.78927356 1.05230498 1.15088201 0.312431842 1.23539376 -1.15983701 0.0960748047 0.222742379 0.067208603 -1.11140132 -0.271824867 0.690004885 -1.15630114 -1.0884043 2.0056293 -0.214141577
x -1.63510859 0.0953221843 1.19308388 0.105413303 -2.0831008 -2.40436554 0.194688022 -0.765527666 1.20528495 -0.189093247 0.519352913 1.21456826 -0.0204876047 -1.39103651 0.109223068 -1.30570316
x 0.659859836 -0.438800633 0.775624275 -0.0779412761 0.272100657 0.31348744 -1.41489804 0.0304397047 0.113357767 2.13620186 0.62195152 0.151163742 2.05266237 -0.0121654971 -1.2634089 0.541261077
x 0.424761236 0.455593348 -0.613454521 -0.0391227677 -0.688302696 0.156403661 -0.321599185 0.776638627 -0.134268135 1.01337624 0.189711794 -1.36484456 -1.86958599 -0.125936538 2.1152451 0.643619061
x 0.858785868 1.08705211 -0.343019396 -0.212146938 0.610081077 -0.842501581 0.574499547 -0.627609849 1.80019975 0.145837471 0.39294517 0.793542325 1.29769444 -1.04434097 1.53302073 -0.861680031
x -0.378157318 -1.19411039 -2.92943597 -0.371455669 -0.260241359 0.0445712022 -0.928630888 0.203719854 0.816453695 0.796477437 0.963350594 0.120959856 -0.915560424 -0.489534527 -1.43833041 0.17289409
x -0.144304037 -0.0995873585 1.10227895 0.13138105 -1.49376714 -0.49419263 -0.32464844 -0.277678996 -0.188248172 -1.99785221 -0.640489936 0.194694459 0.855148673 -1.63061368 0.492183447 1.00922906
x -0.0593663566 1.2028439 0.554925919 0.592726886 0.661740899 -0.852541029 1.16559267 1.35598183 1.25987053 0.564708829 -0.00356325484 1.00812674 -0.817554235 -0.766400337 -0.543750405 1.10073924
x 0.370035231 -1.52725863 -1.78326738 0.1870915 -0.131955594 1.14102781 1.23323047 1.33450258 -1.49026632 -1.35291052 0.82494539 -0.814620733 0.15911366 -0.676318944 0.415689647 0.886457145
x 1.26131868 0.962422907 1.07417595 1.48869395 -0.483204007 1.31323409 -0.930385709 -0.948876441 -1.33954072 -0.0258853845 0.583392084 0.060274031 -1.71845734 -0.758131444 0.476479799 1.26530623
x -0.891112149 1.13674092 1.73305023 -1.48854697 0.0395946242 0.556825578 0.381370842 -1.89378548 0.996616304 1.05383551 -1.08808243 -0.161205307 0.966909289 0.735410988 0.901490867 0.857198834
x -0.557427049 0.600623727 0.551280618 -0.654938996 -0.860285997 0.124735042 0.183876321 -0.881020188 0.326981723 -0.52005285 -0.043881949 0.668078661 1.82730997 -0.614697456 0.736738384 0.666901648
x 1.36253524 -0.137099355 1.37473071 -1.61140442 -1.31788361 -0.136584744 0.239431709 0.0664887428 -1.8007977 1.74637806 0.350423187 -1.12281346 1.52769661 0.589559674 -0.050273139 -0.50145334
x 1.20702267 0.207635567 1.31242132 -0.562260211 0.822825909 -0.764428794 1.11839139 0.45893234 -0.795374215 0.22464484 -0.286271393 -0.56961894 -0.986052036 -1.05215359 0.592361152 0.261588782
x 0.4569906 1.03010762 -1.81722343 -0.104741924 0.134251654 -1.31055319 -1.20670521 1.12849069 -0.300500453 1.92898655 1.64947903 -0.999497712 0.294827491 1.19393516 1.31808972 1.52165008
x -0.657836735 -1.13197374 -1.04730904 -0.837861836 1.00842762 0.688278675 0.632951856 -0.0828374699 0.683539867 1.4147315 -1.4863559 0.16836451 1.61366475 1.19606233 -0.899549425 0.115091532
x 2.25318575 0.189069778 -0.443230957 0.433956027 -0.276960641 0.107277252 0.957692981 -0.29111737 0.589615583 -0.255006164 1.08474851 -0.968386471 -2.33270836 1.08913779 -0.577798128 -0.452749133
x 1.81371212 0.227311492 0.726104677 -1.2993561 1.56768751 0.864912689 0.432429671 -0.242048293 0.273051679 -0.464026093 0.612355173 1.93049085 0.265314639 -0.314385474 1.21849585 0.0479121804
x -1.43862784 -0.135898605 -0.00212355214 -1.50435889 1.00403297 -0.138535887 2.28498507 -0.564601541 0.45141378 0.592248559 1.44699764 0.29776752 -0.73396641 2.16380501 1.19478023 0.657414973
x 0.29585886 -1.18509817 -0.901075184 1.26382816 -0.141080201 0.727497458 -0.260075241 -0.097198315 -0.567706168 0.629753113 2.48428226 -1.32022774 0.816060007 1.22202039 -1.98063588 1.22124112
x 0.179380015 -0.00512226066 0.573969662 0.844453812 0.0293671638 0.877563775 0.472094893 0.83954531 -0.712983966 -0.678033412 1.94908977 0.764671743 -0.484707713 -1.17759764 -0.558324397 -0.130223513
x 0.477867126 1.4955653 1.53620565 0.324369043 -1.82886755 -1.1318208 -0.573353052 -0.00941385049 -0.953571677 -0.888903558 1.78926885 -0.0837765709 0.735986352 1.24184942 0.0175601132 -0.0442121774
x 0.540874898 -0.903471529 0.838626564 0.00505618285 0.902565479 1.53887904 1.17446554 0.409468263 0.590335608 1.56114411 0.80029124 1.15984988 0.509061813 0.0334493183 -0.0139877852 -0.469734579
x -0.0183499735 0.236304417 0.0911939442 0.818541884 0.12448217 -0.282843858 0.56406498 -1.8674053 -0.794871986 0.597845018 0.260558158 1.16201031 -1.45601785 -0.261310607 -0.801372647 -0.583527327
x -0.905186296 1.01160955 0.0834753066 0.524777293 -0.896900177 0.374907315 -1.49797201 -0.504437327 -0.94315362 -2.41039014 0.431702733 1.00250912 0.836273611 -1.30611098 0.223170221 0.720566392
x -1.15674984 -0.400108069 1.88174868 -0.835946381 1.00756228 0.113201417 0.821819603 1.42884243 -0.786856413 0.0362485126 0.540354013 0.820276618 -0.738157511 0.530363321 0.679812968 -0.756922185
x -0.598512232 -1.27310967 0.888432145 0.997544706 0.927099943 0.298361242 0.398800045 -0.612899244 -0.0205800403 -0.751126647 -0.522471607 -2.29745054 -0.0953531116 -1.6251055 0.943260491 -1.71938193
x -0.363743097 1.30326021 0.083559446 -1.24249148 0.432274997 1.43421626 1.03938484 0.651298761 0.251204073 0.219082192 -1.13615322 0.798115849 -1.84630144 0.159214005 -0.311866641 -0.0901319161
x 0.658866405 -1.47526944 -0.626110375 0.989162087 -1.38074517 1.51440084 -0.343883336 0.0753323063 0.761654556 0.252795786 1.89568877 -0.587501943 -1.0501467 0.509937584 1.30089867 -2.10179424
x 2.47067356 0.279353768 1.47600651 0.701594055 0.967289031 0.99524349 1.8890444 0.511186182 -0.646274745 0.71009773 0.64336127 -0.727617025 -0.262627155 0.335956842 0.735138655 1.60768616
x 0.0279944427 1.22211921 1.30188453 1.25799417 -0.247751147 -1.13300467 -1.86772251 1.8189311 0.10163904 -0.247174859 -0.471291214 -1.09709144 -2.61052656 1.65803874 0.00280826236 -0.547309518
x -0.103774838 -0.697032809 0.534920812 0.345952064 0.447752923 -0.291866958 0.358096242 -0.839250743 0.685709 -0.604810297 -0.420788914 1.77339697 -0.0676391497 0.983019173 -0.681067705 -0.654739022
x -0.0761862695 0.67090404 0.0873329267 1.44365191 0.703191042 -0.439208359 -0.349764347 -0.246008813 0.407815814 1.49939013 -0.106926553 0.29192853 -0.073318392 0.782422185 0.443908632 -0.59184581
x -0.617048562 0.877379954 0.813031852 -0.360914826 -0.0665055662 0.70092535 -0.477309167 -0.360113829 -0.403552234 -1.66807985 -0.19004035 -1.20647323 -0.461809158 0.188189894 -0.137742504 -1.86361229
x -0.849148095 -1.14106333 0.719774365 -0.311467439 -3.55260944 -0.0260852557 0.792079389 1.85858071 0.111070693 0.781314254 0.842521071 -0.566820443 -0.233665153 -1.07468271 -0.386455089 -0.597333431
x -0.214488998 0.976244211 0.628547132 -0.241978168 -0.593096137 -1.4565016 0.0891433582 -1.03702426 0.17982243 0.0863953456 1.3381952 -0.566736996 -0.888646662 1.16957116 -1.8451618 -1.02539873
x 0.101703145 -0.685708582 0.88056916 -0.653974116 1.99883401 -0.432014763 -0.214108422 -1.0015775 0.249995232 -0.189490482 -0.64148736 0.262093365 -1.43424046 0.819263577 -0.269416094 -1.62518919
x 0.990560949 -0.835128367 0.168257236 -0.135509342 0.959757864 -0.105169527 -0.188135862 -2.26732397 -0.0888453275 1.12292385 0.731230259 0.453443766 0.428893596 0.375061452 0.672214568 0.665864229
x -1.20136857 -0.904498756 -1.06813753 0.847141147 -0.347687006 -1.78242064 -0.256496638 0.807253718 0.895810306 1.84435093 -1.01706088 0.997023404 0.473904699 -0.105627783 -0.941781938 0.94666034
x -0.496428162 -0.0775597394 0.615826905 0.733125865 -0.337230891 -2.416857 -0.395821363 -1.56110775 -1.50564945 -1.48236513 -1.2156496 -0.020159198 0.406237364 -0.098365888 -0.194330975 -2.16087794
x 1.25473082 -1.55334568 -0.913427472 -2.63917279 2.21399546 -1.684793 -0.27869761 -1.71926272 0.923526287 1.09003139 0.668357372 -1.06509948 0.111875765 -1.30322003 0.452221781 0.329383969
x 0.693222165 -0.896270514 0.203546524 -0.625727057 -0.494618535 0.292394936 1.31524587 -0.67303437 0.123659305 0.40051192 -1.11117518 -0.585134506 -1.12135267 0.111074314 2.46323299 0.326408118
x -0.136798769 -0.414643109 1.74102712 0.755777538 0.64491874 2.12251592 -0.257425189 0.831678092 0.0719620734 -0.939995229 1.68878663 -0.0719144344 2.5888412 1.84428751 -0.819545627 -0.702223122
x -0.148981199 0.418709129 0.937048435 0.0146612814 0.392764479 0.611336112 -2.26820326 -0.281142414 1.38259888 0.240652308 -2.02002716 -0.209870026 -0.171565294 -0.106930584 -1.50690806 0.675723493
x 0.220202878 0.424018174 1.09138453 0.864078045 -0.821246564 -0.541907132 -0.403862059 -0.501738787 -0.192510098 -1.72550631 -0.347262919 0.939905167 -0.270388454 -0.245104581 1.09878397 0.394964159
x -0.800731242 1.22335494 1.0943774 0.45802319 1.30936849 -0.936634302 0.632768989 0.136452958 0.750734806 0.954176307 0.192697003 -1.64414799 -0.0865047574 0.527118683 2.58288026 -0.495663971
x -1.28012776 0.843859434 0.334025472 0.255804181 0.405173272 -0.436036468 1.19311714 -0.304359794 0.187071577 1.0104152 0.494438469 -0.416984022 -0.0871856958 0.44735527 -1.6725657 0.467454374
x 0.522481024 -1.29626405 1.53837621 -1.58554626 -3.05235958 0.377048165 -0.944834352 0.12849319 -0.499071985 0.483312577 1.18260324 3.07625437 -0.243290201 0.47279048 1.13166261 -0.549590826
x 0.646052778 -0.0482450388 1.4695766 -2.74411368 -0.543366909 0.388867021 0.10274604 0.112475738 1.30339909 1.29046643 -1.47763598 -0.866449714 -0.651579857 -0.607490003 0.25761801 -1.75161564
x 0.676417947 0.252581865 -0.655056417 0.219695285 -1.87520027 -1.0671823 0.190789074 -0.0567467995 -0.304136753 0.388605952 -0.902339816 -0.639508009 -2.01340318 1.12122905 -1.17646658 1.13010263
x -0.99760443 -0.46688351 -0.826197028 -0.660232484 0.2172454 -0.858402729 1.28272569 -1.25152302 -0.313179165 -2.41105986 -0.249823377 -0.625186622 1.31950665 2.41655517 -1.0005002 0.216643587
x -0.283564299 0.105446413 -0.678680182 -1.11495078 0.68348515 1.03360546 -0.940235257 0.112119317 -1.76821482 0.497126728 1.06796646 2.69385338 0.331050307 -0.384018958 -0.73321414 0.294541061
x 0.0804704055 1.13361895 -0.334676355 1.05696297 0.31151548 0.453541249 -1.45813262 -0.092951715 -0.41658181 -0.905087471 1.60854101 -2.19175196 -1.87242162 -0.312863559 0.667421639 0.347074389
x -1.19292295 -0.643198907 1.24637866 0.203520894 -0.157134354 -1.37165689 -0.296728849 -0.963671327 -0.527253687 -0.776452422 -0.393651187 -0.297341079 -0.272815228 1.87833703 0.576698184 0.0428705662
x 0.860413611 -0.223736688 -0.33322376 -1.33279383 -0.828016579 -1.34132993 -0.913627446 -0.245213717 -0.853000462 2.28693295 0.250154734 -2.82764626 -1.68681848 -0.387635827 0.203282997 1.69007683
x -1.48685563 -0.695617914 0.149454266 0.280538946 -0.681934893 0.07622087 -1.88866496 0.46127516 -1.18290651 0.000287928036 0.846955419 0.00101517816 0.520019174 -0.213251606 0.15471682 0.444310188
x -0.316226512 -0.731914699 0.790635347 0.77742976 0.327409983 -0.21627748 -0.686119735 0.38152495 0.636715233 -1.91239905 -1.03243613 -0.653920591 0.551662087 -1.73773038 -0.139129236 -0.883191943
x -1.54272008 0.446040928 0.942271233 0.808921456 0.817196608 1.09179294 0.00993775483 -0.989346504 1.35240495 0.825121105 0.446092576 -1.20953977 1.07953596 -0.284005016 0.512635589 0.45511058
x -0.685818017 -0.31539768 -0.246460751 -0.887203693 1.19245791 0.181877598 -0.213608623 -0.222504899 0.55718112 -2.2686851 0.367312253 0.292479366 -1.53448963 -0.534202278 -0.872532606 -0.106646858
x 0.561811268 2.73301101 -0.11425963 -0.390977591 0.60475868 0.828132868 0.079962723 -1.42040384 -0.130985826 1.53992116 -0.458664536 0.104405224 -0.757995367 0.566726148 -0.566657066 -0.815183103
x 1.77205122 -1.04886878 0.343623072 0.587665856 -0.790786803 0.474462926 -0.105392449 -2.12218714 0.391512245 0.0888392255 -0.0607347414 -2.31511283 0.631984055 -2.52651334 -1.87444401 -1.20764577
x 1.46455133 -0.459513456 2.34435391 -0.464198232 0.490737587 -1.62393987 0.603344977 -0.739730775 2.42623949 -1.23362875 -0.240158617 -0.26465708 -1.95696115 1.2739594 -0.809862554 0.544080496
x 1.02818906 -1.23100388 0.695493698 -1.76732779 0.471274078 1.83667004 -0.281196564 -0.355023712 0.0562027432 0.916733086 -1.43709755 -0.810539007 2.44257498 -1.12203538 -0.907898068 1.01314807
x 0.116375089 -0.0284865499 -1.18728185 -0.249538228 0.827746391 1.00045669 -0.762832165 2.21455717 -0.826626718 -0.81737566 0.2887595 0.266273022 1.88596237 0.16872929 -0.327253103 0.580287039
x -1.25076854 0.74038887 1.64634323 -0.208618551 -3.1405983 -0.394689322 0.258318484 0.647362649 0.632751822 -1.30300558 1.43641639 -2.08670688 0.750207663 -0.473500192 0.989573002 0.286563039
x -0.660175502 0.609178364 -0.701733232 -1.22209418 -1.02667439 -0.691102982 -0.0766389892 -1.1813935 0.912858844 -0.251520067 -1.2657423 -1.87683022 -1.61906338 -0.489076674 -1.1623956 -0.261493534
x 0.568363607 0.516512632 1.1395092 0.796260118 0.231150657 -0.234696761 -0.66577059 -1.13539815 2.09466362 -0.314666212 -0.0117055876 -0.178703666 -0.950888872 -2.90130687 -0.0343091935 0.290689111
x 0.595031083 0.292524457 0.21943143 0.475272179 -0.281370729 -0.0973256752 0.066748105 -0.596694529 0.83495909 0.299152017 0.21588169 1.84415126 0.920972884 -1.38112259 1.04913008 0.408777684
x -0.556138575 -0.672631681 0.0797059834 -1.53755212 -1.52509272 -0.598276913 -0.817515612 0.13404727 -1.11569142 -0.372545421 -0.527461231 -1.10560155 1.22969425 0.452124387 -1.06710577 1.04975891
x -0.323334605 -0.510235369 0.658831775 1.52447641 0.859066665 -0.0221223105 0.807838023 -0.658236921 -0.152782753 0.34974128 0.673565567 -0.590184927 0.324703574 0.0665349439 -0.0572932102 0.685854793
x 1.51150167 -1.60679722 0.16978088 -1.14035285 0.388381004 0.346412539 2.11539412 0.274246752 2.39044166 1.34716547 1.07728517 -0.0910465494 -2.04744124 -0.130958185 0.0766542107 0.25370568
x -0.769888759 1.10182452 -0.316042602 1.14337444 2.53528142 0.319996715 0.194211885 0.802497149 0.832333207 0.307473958 0.0444760807 0.269483417 1.16239989 -0.852206349 -0.829714537 1.68177402
x -0.117069826 -0.444558054 -0.985443711 -1.95606196 0.311005443 0.352883041 -0.421028733 -0.682573855 -1.28599441 0.829923332 -1.0251509 1.78555751 -0.0712294728 -0.817581832 0.842429101 0.094483979
x -1.54460418 -0.736090899 -0.111895077 -0.64225018 1.49503362 -0.692595184 -0.680290043 -1.41280758 -1.00896871 1.57916403 -0.555459976 1.4185915 -0.0321562178 -1.23541462 0.786451161 0.881258488
x 1.49967909 0.141418934 1.09988523 0.428972691 0.92469883 -0.841802835 -0.688440382 -0.859192193 2.04214263 1.67770207 -0.05985092 -0.150287732 0.086196132 0.559349716 1.24248254 -1.10072267
x -1.34501898 -0.58189106 0.440282166 -0.893434763 -0.705803752 -0.09539745 -2.64652371 -0.443310797 1.08230102 0.612892449 -0.222198442 -0.112867288 1.17835212 0.362808049 -0.198867083 -0.806808949
x -1.20947158 -0.0631740093 -0.857839763 1.54390359 1.7218858 0.138785481 0.488682419 1.54141545 -0.358979076 0.405914366 0.345201463 -0.88879329 1.69518566 -0.0194797944 2.27766752 0.913890898
x 0.661588848 -1.74705911 1.30685437 -1.29608023 1.82165968 0.203197315 0.201930165 0.0129780862 -1.99279535 0.459339589 -0.0698097944 -0.134899601 -0.174444675 1.16306806 0.79025501 1.47964191
x -0.139933914 0.0353127532 -0.546425998 -0.354801983 -0.223143443 -0.621493936 1.31723464 -2.8524313 -0.385956854 0.814646602 -0.270836622 -0.0817776918 -0.852786422 1.50694597 1.88746011 -0.892846346
x -0.919751585 -0.128070995 0.759948254 -1.48992062 0.447519243 0.237974614 -1.88615835 -0.0263463184 -0.0295230765 -1.11252511 -0.984727621 -0.0174856 0.551552355 1.63421202 0.0946856141 -1.23530555
x 0.147588462 -0.204433441 1.22854507 -1.22475922 -0.728077054 0.510588467 0.598644376 -0.902811706 -1.10623324 -0.0448163375 -0.666965842 -0.377959847 0.645055652 -0.392236352 0.239774525 -0.632365644
x 0.228759333 -1.45728326 -1.09665024 -0.94546026 0.567949295 -1.58621812 -0.152399734 1.06493175 0.257276148 -0.244373009 0.147460014 0.88844198 -0.925989628 2.21474552 1.47650313 1.73820221
x -2.55545425 -0.525338173 0.487023413 0.904029191 -1.71742785 3.00138378 -1.27413356 1.42300141 1.04892731 0.912362337 -0.832580626 0.952382803 0.15456304 -1.26425612 -0.173803881 1.02317393
x 0.273625076 0.742170811 2.10749531 -0.116174124 0.28731674 -1.51800311 -0.0585976578 0.950942159 1.22209501 -0.812565207 0.746741712 0.450762659 1.30274022 1.42229331 0.748232484 -0.518864632
x 0.273076117 0.0824063942 0.163286835 -1.56322563 0.307032704 -0.810822725 -0.165760338 -0.373253077 1.16634333 -0.508038521 -0.473234355 -1.66811395 0.636487722 1.59514034 1.13419068 1.12561607
x 0.955652177 0.713483214 0.692283928 1.37322736 -2.07476091 -2.14057183 -0.665797889 0.253551722 -0.0856066197 -0.877735317 -1.29512525 -0.400396794 -0.656380951 -0.00596255157 -0.409586817 -1.14425337
x -0.375740349 0.52175647 2.39257574 0.226522923 1.34945846 -0.446968615 -0.303521574 -0.396810502 0.142003968 -0.658418298 -1.60656035 0.415000647 -0.168550223 0.464304179 -0.311425537 -0.815633297
x -0.978046894 0.845426738 0.33043161 -0.573171854 -0.565249324 0.319879055 -0.806347013 -0.256875306 -0.663432598 1.38952494 -1.27839518 1.80318415 -0.166837558 -0.643037975 0.293303221 1.33880138
x 0.287019581 -0.049030751 -0.174457937 0.384123564 -0.913945019 1.35484672 0.673936367 0.532813966 -1.09112835 -1.40080786 -0.394501895 1.70108831 -1.4497273 -0.538047373 0.769195259 0.463926077
x 0.220012084 0.102355957 0.283150673 1.00773323 1.05659211 -0.890554786 -0.699452937 0.231722042 1.09622169 0.110450685 -0.111793235 -0.891859412 -0.380488515 -0.889597654 -1.09823692 1.00586689
x -0.274492472 0.486159086 -2.35304713 0.876698792 -0.313676238 0.722799718 0.913190961 0.602984369 -1.44584441 -0.524986148 -0.963157952 0.104403235 0.121691264 -1.26206851 -0.484243035 0.675447404
x -0.737154722 2.05831504 -0.465002298 0.160894781 -0.166350856 0.976244926 -1.93531919 -0.863970637 -0.143557608 0.586624622 -0.782018542 0.581583083 0.107227348 1.30907154 0.0324577615 -1.66631782
x 0.820020676 -1.85481775 -0.273275524 -0.50905931 -0.694443047 -1.38463914 -1.0022738 0.331125617 -0.109121948 0.841472447 0.059460409 -0.509742975 -0.530577064 0.481727988 0.605563819 0.605704248
x 0.209711209 1.08155453 -1.03310215 -0.0294314884 -2.62276769 -1.07572818 1.59602451 0.809216857 -0.318190873 0.189901963 -1.7374084 -0.0777629465 -0.769565105 0.266527414 0.159695238 -1.08072436
x 0.00227110344 0.12961778 0.129138321 -0.304280818 -2.36129141 1.65808904 1.5240649 -0.932825029 -0.249103442 -0.152640447 0.462605864 -1.59813607 1.99613106 -2.18569374 0.218172103 -0.237343594
x -0.0862239748 0.561716914 -0.665263891 -0.594876289 -0.740069985 -1.17440844 0.167303592 -1.14313078 0.815968931 0.189999878 -0.615467012 1.54599345 -1.81938851 0.956236064 -0.387028307 -0.117588595
x 1.15845692 -0.349365085 1.94227755 -0.321536243 0.802250922 1.26669812 0.35688886 0.792020142 -0.277878404 -1.61217916 0.979205191 -0.744404256 -0.261462659 0.0903125033 -0.81248349 0.130357146
x 0.590692997 -0.907572806 -0.499474525 -0.96297276 -0.790138304 0.999199688 0.205108449 1.44637036 -1.18118238 -0.694599926 -2.04441714 0.397381425 1.35216379 -2.48242235 0.433963507 -2.25220966
x 1.36886871 1.03632927 -1.52876866 -0.378682345 1.26788962 0.984946012 -0.572315991 0.444586307 1.51872981 0.412161708 1.29074645 1.34390092 1.01830971 0.224900857 -0.436158776 -0.501668394
x -0.00736056734 -0.316827059 -0.968102694 -0.411562264 0.0384989306 -0.577452898 -2.20286822 -0.79349184 -0.936281979 -1.13664472 1.05440485 0.0393184423 0.697131574 -0.727070451 0.9348948 -0.640674949
x -0.461805522 -0.636277854 -0.639169633 -0.810628235 0.0849620253 0.466570973 -0.242126137 0.539919794 -0.293549508 -0.971857131 -0.92985642 0.595313549 -0.561791658 0.827273309 0.971984029 -2.19952273
x 0.0767270178 -0.722825587 -0.0417472646 0.184314117 -0.914199412 -0.840415716 -0.631272793 0.044299949 1.06502974 -1.15170598 -0.875927389 0.0735813975 -1.65135026 2.1480093 -1.16809523 0.894667506
x 0.345133513 -0.171198532 -0.277686149 -0.362437308 -0.658441007 -1.71215701 2.37955379 0.66946739 -1.26170313 0.700687051 1.56959486 0.525859773 1.00903821 -0.285568595 0.257499456 1.37441325
x 0.590504229 0.861124098 1.64887238 -1.60177124 2.09109378 1.15283585 -0.178638846 0.057341557 -0.782377481 -2.21753144 -0.740496576 -1.47177684 1.01045108 0.471962959 -0.525634468 -0.475393146
x 0.940757394 -0.104008608 -0.506864846 0.986948788 -1.2992698 -0.791348338 -0.215825349 1.27734435 -1.03342366 -0.446689874 -0.0775600076 0.639219344 0.251045406 -0.975912392 -0.314118534 -1.31674004
x 0.0910938606 1.04033744 2.17082262 -0.641560018 1.88790166 -1.23858154 -0.521994233 -0.460349262 -0.516319811 0.773198307 -0.18298614 -1.50198245 1.34311271 0.723408997 0.00942279957 0.0417983569
x -0.638137937 0.17400828 0.758782923 0.55276382 -0.334305346 0.728339493 1.26704061 -0.637588382 0.914076269 -1.3770206 0.658900917 -0.144744173 -1.62623632 -1.64972413 0.386306733 0.3698259
x -0.992722213 -0.70553261 1.56524611 0.738191426 0.0346619785 -0.251095384 -0.981632352 -1.08720315 1.10520041 1.31626832 0.464223862 -3.31427145 -0.0593141429 0.448126107 0.063358061 -0.282653511
x 0.479105562 -0.689901412 0.387490064 0.318528563 0.648460746 -0.664766669 1.12085164 -0.428073615 0.638385236 -1.78982961 -0.356775314 -0.778851032 -0.47222805 -0.14922443 -0.09048412 0.239614382
x 0.277984232 -0.546587527 1.18274879 -1.00774026 1.17869115 -1.57386637 0.351620704 -1.10364485 0.359288275 0.444725454 -1.3304832 0.0673279688 -0.972639799 -0.441603154 -0.858896375 1.05430198
x -0.408191681 1.61011028 0.194267347 0.775407434 0.109860897 -0.335203856 -0.497648984 1.00388634 0.0239193328 0.10553804 -0.839721978 0.354292393 2.13328648 -0.209089383 -0.746192694 1.16240203
x 2.48233175 1.60722625 -0.749180257 -0.0683042705 -0.497503221 -0.20335713 -0.174827725 0.493022859 -0.142378911 0.0519142672 -0.267226011 0.0167487096 0.0106009273 0.00677061314 -0.816343963 0.408821374
x -0.561132193 -1.11341119 0.0386514105 1.24129665 -1.14407003 2.29722667 1.76344121 -0.300311029 -0.176227048 1.19955516 0.084710896 0.318155974 0.262416899 1.1441704 0.581352174 -0.325549871
x -0.791914999 0.446621537 -1.20983136 1.91592729 -0.0548268892 0.241429597 -0.669120491 -0.222957343 1.02600193 -0.715407908 2.59773326 0.577429652 1.14044404 -0.527910531 -1.15438402 1.19590199
x -0.369568199 0.25699988 1.54157484 0.256139368 -0.461232662 0.161037728 0.228783101 -0.767505944 -0.205894575 0.254530787 -0.734928489 0.754244447 -0.461433768 -0.692955434 -0.0509284735 -2.12025857
x -0.725775361 1.68092608 -2.21274519 -1.01984537 0.0236015208 -1.0636692 0.0974663496 -0.689300716 -0.393270463 -1.13415611 -0.59142375 0.7617805 -0.853779137 1.11075699 0.241931826 -0.147855639
x -0.431343615 0.435753107 0.400250435 -0.282869309 -0.480404645 -0.603408456 -1.56136477 0.331545293 1.28940105 1.22925162 -0.187074125 0.951917231 -0.243425906 1.56618285 -0.921992242 0.102909915
x 1.35703278 -1.21042228 -0.960949481 0.397525132 1.73986316 1.38978755 -0.455000728 -0.950270176 1.22404432 -0.932629526 -0.573717952 1.45960438 0.350944847 -0.651174903 0.476222038 0.806977093
x -0.134091154 -0.0878842101 -0.739096165 -0.460648179 1.04230452 1.15305638 -0.283803046 -1.49827588 -0.398460001 -1.02975869 -1.04689205 1.56652856 -0.624144375 0.440089881 1.30760384 0.589410961
x -1.35016203 1.22258317 0.0558644794 -0.738588154 0.119310401 1.28856432 0.515627503 -1.10446072 -1.80153418 -0.293192536 -1.23485529 0.908257782 0.393276364 -1.6401993 -0.0115664322 -0.318655103
x 1.03460848 -0.870356917 -0.278679252 1.54496586 0.589516163 -1.33395481 1.99989748 -1.84584701 -0.694107831 1.01088679 0.311896056 -1.00969458 -0.852279663 0.0564505272 -1.11581898 -0.654604435
x -0.663381934 -1.70646787 0.750046849 -1.36236453 -0.0580449402 -0.934449136 -0.359638959 -0.263655752 -0.889033854 -0.746795416 0.458661914 -2.39472437 1.506868 -0.254677117 -0.634837687 -0.0104435133
x -1.57404315 1.23658264 -0.580505431 0.388447165 0.516489923 -2.0862999 -0.103338845 -2.0887928 0.441971213 0.570789158 -1.6135062 -1.67858279 0.583494961 1.86954522 -0.147819281 0.862241864
x 0.135563388 -0.0648757219 -0.671880603 0.367227197 -0.127053633 -0.265497327 -0.747590005 -0.0370629989 -1.18920732 1.12109065 -0.914335132 -1.50846231 0.476760626 0.132882565 -0.854796112 -0.869302034
x 0.062240839 -0.539076149 0.840698659 1.51514268 0.704331458 -0.349990666 0.178568736 1.08344591 -1.12811923 0.780777633 0.610246837 0.122333921 -1.85284638 -0.575911701 -0.260490835 -0.136700466
x -1.53248441 -0.963050008 -1.14235556 -0.840016782 0.575870991 -0.97684437 -0.0698979422 -1.45924807 0.718190789 0.26283887 -0.112961099 -0.865177929 -1.06407094 1.45872533 -0.732492805 1.54112339
x 0.955361068 0.200919703 -0.230789468 -0.400042444 -1.9012264 -0.904650211 0.230632126 -0.728660882 -0.655220687 0.201594189 1.40804684 1.41457558 -1.24594593 0.293676108 -0.567134261 -0.854340672
x 0.3659091 1.99459505 0.195424438 0.490804881 -1.02580261 -0.486004293 -0.599158883 -1.28929424 -1.35122561 -1.14191258 -0.521782875 -1.03413987 0.832919419 -0.447706699 0.166222885 -1.64819968
x -2.44701743 -0.400561929 -0.774622381 -1.56327617 -0.875591278 -0.624142826 1.53734195 0.291267693 -0.210043296 -0.194747016 -0.0191907156 -0.428383321 0.844446182 0.592260838 0.754100561 1.21565282
x 0.282935172 -0.266913056 2.15196824 -1.21901476 -0.688265562 -0.765768707 1.60932088 1.35511756 -0.0840526298 0.671534121 -1.70661414 1.56715226 -1.53267014 0.87546581 1.2764672 -0.421024323
x 0.0993209705 -0.0274497326 1.73759818 -0.501874387 -2.46964526 0.155060112 -1.25576615 0.640920699 0.0600905269 -0.145925179 -0.538263202 -0.542083919 -0.735939741 0.342167079 -1.88089514 -1.70748651
x -0.133454114 -0.289755642 0.366767764 -0.769084752 -1.71064579 -0.983206451 -1.23103905 -0.910755455 -0.945898592 -1.511886 -0.706403911 -0.00485415058 1.64506865 0.0341409408 0.732324541 0.146451429
x 0.694812477 -0.233446121 -0.313636035 0.458970815 0.269950807 0.238977671 -0.173315421 0.932427347 -0.352938831 -0.398193479 0.849846184 -0.394907534 1.00100529 -0.0678081885 2.7755475 -0.909536302
x -0.0828959718 -1.96918738 1.33043277 1.76234186 0.774001241 0.118387491 -0.942368805 0.918916523 -1.07817018 -0.483869851 -1.60051632 0.444982588 0.164841637 2.1058867 0.0674178824 0.232656643
x 0.44572708 -0.477408469 0.300472647 0.860268891 -0.212837473 -0.90946573 -0.0891229734 -1.92700779 2.47085786 0.752782464 0.368448645 -0.747514188 -1.74876273 1.13587737 0.667561829 -0.665212452
x -0.274124652 0.182956547 -1.34805942 -0.3291758 0.718005061 2.81079268 0.523415148 -0.534685493 -1.66329074 -0.399240375 -0.35385856 -1.26215327 -0.43459478 0.64565587 -0.378070414 -0.321710706
x 0.819624305 0.408937961 1.06383717 1.30336237 -0.790868104 -0.32747075 2.22701669 -1.39722526 0.406463146 0.927985907 -1.98186958 0.179862261 0.135354757 -0.434450984 -0.225877643 -0.669093072
x -0.384289503 -0.309740424 0.403028011 -1.33920205 -0.471687019 -0.744756281 -1.60288954 2.61344504 2.73890162 -0.514908135 1.05695581 0.153542146 -1.26329648 0.626205146 0.85855478 0.354874194
x -1.01947534 0.242158994 0.1169305 -0.29047063 -0.588619173 1.41826665 -1.08863509 -0.942407012 0.158349544 -2.14949822 0.970570207 1.52510238 0.571144164 -0.588863432 0.219912544 2.16328216
x 0.351996452 1.4702363 -0.0182925817 0.781791329 0.225132927 -0.0409427918 -1.45083249 -0.446224421 1.83816493 1.43017268 0.598181248 -1.50546527 -0.258275092 -0.629489541 -0.0950280055 0.129807189
x -0.639489412 -1.21225929 1.37033451 1.18378961 -0.676186621 0.419558614 -1.08958614 0.105008237 -1.22176421 0.843788505 -0.419697464 -0.620342374 -0.527000606 -0.445114464 -0.255147785 -0.00133301585
x -0.705643177 0.27541846 -0.0102629894 -0.297626704 0.699857533 -0.773233891 -1.02792048 0.376239985 -0.146263272 -1.2044729 1.63977873 1.94894028 0.241189018 1.96079123 -0.240877673 -0.0132226525
x 0.852362096 0.646556497 0.200508878 0.385042667 -0.798772752 -1.27020693 0.954956293 1.45161724 1.06194317 1.56751919 -0.253161371 -0.450557441 -0.57870698 0.674230754 0.679449141 -0.921300232
x -0.406057805 -1.17860496 0.861015141 -1.37985146 1.32114244 -0.77557987 1.32990575 -1.66365111 -0.333891422 -0.886932194 1.81318092 0.953064084 0.484423935 0.185184389 0.908355713 -0.493498296
x -0.222295597 0.939447522 0.351120979 -0.737109065 1.28219116 1.11959577 -0.0239734966 -1.60533845 1.22450292 -0.494325221 0.106033713 -0.455223292 1.3566339 0.176513299 -1.69216931 -0.722298801
x 0.374853849 -0.536408246 -1.06803548 -0.726063013 -0.214300618 -1.7071147 -1.43383646 -0.610522389 0.398495972 0.499127001 0.410121411 1.46030915 -1.11295784 -0.485582918 -0.0220984314 0.242357761
x -0.391588986 -0.68659246 -1.68872404 -1.66794348 -0.973819196 1.33870065 1.19131482 -0.772810817 3.59225035 -1.30315328 1.33789635 -1.05434597 -1.67690909 0.354094535 0.5357669 -1.37081134
x -0.519850671 -0.250750899 -1.89131176 -0.753834605 -0.804525316 -0.103815511 1.79335582 -0.554412782 -1.92362154 -1.1780082 -0.239712089 -2.03203321 -0.81924814 -0.053664688 -0.772312701 0.843369901
x 0.162471518 0.141670316 -0.983350694 -2.06140661 1.85184205 -0.255206108 -0.793185174 -1.50819087 -0.0633415207 -0.360373855 0.251645386 0.0485869758 0.695001602 0.688251197 0.420745641 0.33885926
x 0.584398329 -0.208310217 0.663337469 -2.72773504 0.605568111 -2.49987173 -0.41623652 -1.08805394 -2.19672179 -0.666098833 -0.755771101 -0.607785821 1.08349323 1.34712529 0.4761087 -1.17653966
x 0.135323465 -1.25488746 1.75806403 0.531944811 -0.27634117 0.660766244 -1.52573609 0.494437724 -2.34171915 0.262468994 -0.705257893 -1.58968055 0.347303629 -1.203426 1.32242846 0.923976839
x 0.251342624 -0.783415079 0.581642091 0.851740777 0.612096906 -1.49390185 0.0781404898 0.640658259 0.213936478 -0.90388763 1.18029153 -1.07012022 -0.43200615 -0.50688839 1.33110011 0.269096494
x 0.202718675 0.879581213 1.56637633 0.375566214 1.13144529 0.485810667 -0.357364893 0.786847889 0.247444943 -1.3448652 1.34722984 0.0581258759 0.618261576 -0.645040214 -0.256593823 0.434625298
x -0.498333931 0.564868987 -0.283555359 -1.76348078 0.67811197 -1.46474552 -1.88422036 -1.12141275 0.845091522 -0.272580534 -0.820196807 0.499670982 -0.669458449 0.888328612 -1.02547836 -1.22183347
x 1.90495408 -1.45051539 -1.42023957 -1.97661436 0.252136469 -1.61650229 0.110844433 -0.621426761 -0.725293517 -1.46123505 -1.23117542 1.51983285 0.493985176 -0.353792101 -0.138350427 1.08071148
x 0.332152277 -0.31373167 0.383531213 -1.26133502 -0.945177913 0.30473879 -0.159501061 -1.26287031 -0.73894608 0.86484009 -1.81295812 -0.855815887 1.56425095 -1.54550743 -0.792133749 -1.41509724
x -0.800675929 1.35038853 1.37442636 0.187390432 -0.181133777 -0.184942484 -0.5820117 1.8731916 0.0758605599 1.41618979 -0.399491251 1.69458473 -2.53981423 0.241019338 0.266535729 -0.0352915078
x 0.999119103 0.994818032 -2.32296896 0.340142727 -1.21009076 0.731345177 -0.531760693 -0.262919366 -0.466223359 0.663755834 -0.438305318 0.0591105036 1.27757275 -0.87529254 0.359777361 0.91500932
x -0.169817284 -0.0748111233 0.411129653 -0.300295353 -0.883064151 -0.340209424 -2.02404833 -0.185067743 0.253676862 -1.03938615 0.432598084 -0.992622912 -1.24623299 -0.427757829 -0.551441193 -0.570636988
x 1.52543676 0.686771393 0.717079401 0.0374279395 -0.275935024 0.805992186 0.574693918 0.448193163 0.178916246 -0.650049567 -0.953866065 -0.256508857 -2.69554377 -1.50096321 2.28565955 -1.13518918
x -1.80704784 0.275176346 -0.273988068 -0.938174665 -0.652188599 -1.14462388 0.104350224 -1.1884023 -0.524471104 0.484424114 0.654323459 1.52550042 -0.353442311 1.03982258 1.88999629 -1.16128647
x -0.643627405 -0.47885713 -1.05360985 1.72317863 -0.67384392 -0.912066996 0.509894013 0.972327411 -1.13911986 0.299060315 -1.23181963 0.0575746037 0.10792695 1.50217843 0.794464231 -1.88944745
x -1.22509611 -0.596427917 -0.571653724 -0.429028571 0.68457818 0.445447952 -0.686356187 1.64382398 -2.56835103 -0.956710756 -1.02665806 -0.0352766067 1.30209148 -0.635227263 1.04886162 -0.385811508
x 0.956524312 -0.200677186 -0.513621986 -1.17153263 1.24247599 0.00854462385 0.823931515 -2.22056365 0.930193245 -0.465704471 -1.08096123 0.270598829 -0.482846528 -0.915839016 -1.91089714 0.873532474
x 1.00410378 0.371894985 1.20630467 1.10087776 0.334039301 1.17052114 0.794717193 -0.0496478677 1.38408935 -0.0986965969 1.41239643 -0.0717461333 -0.629493177 0.12590459 -0.35165441 -0.212460309
x 0.892071068 -0.974246085 -1.41774833 1.02836239 -0.923876286 -1.30420041 0.186921194 -1.22659802 2.27055836 1.02528071 0.488878846 -1.14657426 -1.06185949 1.31983554 0.831430733 -0.0265728813
x -0.0775866657 -0.684376895 -0.535482168 -0.667301834 0.331963897 -0.464916945 -0.297856867 0.0751139075 0.288638145 -0.271060795 2.64300275 1.71531916 -0.282468706 -1.82889366 -2.50779128 -0.0976790562
x -0.261686951 -1.03831828 2.19951773 -1.66402066 -0.403890371 -1.7052238 -0.357424676 0.835471034 -0.534541667 0.92035979 -1.50798357 -0.437348217 0.0624621958 0.544866323 0.289886713 -1.04048038
x -2.14755034 2.24395967 1.93759167 0.354902327 -1.08249116 -0.0542445667 0.106189892 -0.509170771 -0.421521485 0.118753403 0.995904684 0.129496321 -0.500743032 0.0534966663 -0.872784436 -0.533040762
x 0.243032396 0.0920256302 -0.212464675 0.872906804 0.0727848113 0.411921829 -0.142043307 1.5413779 0.180071726 -0.702775538 -0.111724123 2.03137064 -0.554119885 -0.0799202025 0.217494264 -1.75855911
x -1.41092312 -0.741606534 -0.318587989 1.14456868 -0.194196597 0.417891741 0.700205803 -1.40077567 0.547806799 -0.688234031 0.0967284739 -0.289528966 -1.47057378 -0.325257063 0.576371908 0.310413808
x 0.905248642 -0.198477194 1.31243265 -0.577577353 -0.309832633 0.394405872 -0.334379852 -1.61968458 -0.0275049191 1.85907888 0.18744342 -0.416128904 -0.994778037 0.206380859 -0.207953915 0.293202251
x -1.93210769 -0.874019921 2.00717974 0.295609534 -0.157273784 0.844297409 -0.136556774 -0.578715563 0.710309982 0.885559916 -0.293573529 0.376712561 -1.07316232 1.20533454 2.00021386 -2.45468497
x 0.5084517 0.880767345 -0.708870351 1.77217078 -1.39424396 -0.350296289 1.37727499 0.772979796 1.06058443 1.27072239 0.797630847 0.00906589255 -1.72517157 1.12560928 -1.45556581 -2.46950746
x -0.67834872 0.0236244164 -0.477740824 0.575761318 -0.077992633 -0.0245653372 0.961288989 0.390922934 1.00790632 -0.470770478 0.699514568 -0.765510142 0.888994515 -0.30845499 -0.822785974 -0.193730831
x -0.671050489 -0.373192221 -0.397768468 -0.21340239 -1.23851454 -1.41809046 0.628050387 -0.664182842 -0.89360112 0.101513982 0.967558205 -2.23909998 0.52408874 0.389765561 0.0546193086 0.472888768
x -0.194776118 0.893067598 -0.821491241 -0.456832618 0.278450429 1.60130191 -0.000438470335 0.587693036 -0.161443174 -1.13832986 0.394080371 -0.503124237 -0.202181041 1.43322325 -1.21051931 -0.781114578
x 1.08582604 0.622446299 -0.773961902 -0.248735085 -0.218764856 -0.773776233 -0.541417778 -1.93142653 -0.645135045 1.09137464 0.291483581 0.151234061 1.07684219 -0.275259733 -1.4768461 -0.271605521
x -0.311417967 -0.996089637 -0.914293349 -1.19502485 -0.371031612 -1.17931592 -1.1447705 1.36114419 -0.114619412 0.777972817 -1.26891947 -0.321820289 -0.280068368 -0.459904999 -0.700059533 0.769790888
x -0.309020042 1.37432718 2.54282951 0.170852751 -0.00413720123 -0.636758029 -1.13148677 0.159607008 0.426190078 -2.07556176 -0.0283696111 1.27164507 0.0799786523 1.84348869 0.67576623 -0.129911125
x 0.811940789 0.687367022 0.619211733 -0.364752769 0.758893132 -1.22558796 -0.368718266 0.169110477 -0.601738811 0.893564403 0.447995603 -0.759172916 1.13622189 -1.26046443 1.36020565 -0.342762709
x -0.0961640552 0.369297177 -0.598760724 0.184399426 0.781707764 -0.287285388 -0.155546695 -1.19492579 0.0813296288 1.01486909 0.257760197 -0.030990066 -0.568823874 0.159669638 -0.352901787 1.98810875
x 0.141568318 -1.43866527 -0.876512825 0.881420434 -1.27976561 -0.0193166491 -0.701559901 0.218851715 -0.116616294 0.555934012 -1.11289883 -0.136488378 -0.960291147 0.50567919 0.197723389 1.04495764
x 0.243548781 -0.264123827 0.625191689 1.15043855 -2.30504274 0.0710595325 -0.52985543 -0.18289721 3.81927371 1.19776201 0.268409967 -1.11428547 -0.568214774 1.11438179 -0.413982213 -1.46521199
x 0.0511670485 0.583024681 -0.839256883 0.394396722 -0.507275999 -1.01812339 -0.45375061 -0.54871124 -0.00290298881 0.238738328 -0.264510214 -1.37702632 0.711537421 -0.126267076 -0.655039191 0.227443159
x 1.82997811 0.21821779 -1.22584581 0.224435955 1.55285335 1.75182891 -1.82989502 -0.333031237 -0.870927155 -0.501494646 -1.06111073 0.394547582 0.625659227 -1.55636466 -2.03245854 -0.059189409
x 0.563598394 -0.453525275 -1.25231075 -0.487514138 -1.14092124 -0.0906138495 -0.258104742 -0.623174548 0.726042807 -0.407738775 -1.50284231 -0.37332803 0.72712338 -0.00814925507 0.633131742 0.0382687189
x -0.0145411054 0.785099864 -0.48646456 0.0317325927 -0.889172673 -0.370248824 -0.440016389 -1.11043167 0.658637881 0.655921817 0.721958458 -0.138803571 0.992736697 -0.4416053 0.819010556 -0.606522202
x 1.74117839 0.824370027 -0.567134678 -0.919997513 0.250588506 -0.470255405 1.24606586 -0.230294451 0.894794106 2.44688797 -0.170426846 -0.619695902 -0.876405716 -0.131621838 -1.22849035 1.06970024
x -1.04527593 -0.263463944 -2.31270766 0.667462349 0.22658284 0.0373304114 0.365046889 1.31947398 -1.01308131 1.37647903 0.111494415 -0.300518513 0.600970566 -0.792533457 -0.57548213 -2.61827254
x -1.68520164 1.02791023 -0.107208356 1.02843261 -0.0415672213 0.357674241 -0.195475355 -1.55479157 -0.767615557 -1.13701499 1.20934522 1.25640476 0.577058256 1.35760927 -0.64808619 -0.859566867
x -0.269651532 -1.01649284 0.153152138 -1.21968687 -2.03207302 0.939070046 -0.0135873714 -0.134626493 1.99081647 -0.847535312 0.815566182 0.123346284 1.2579577 -2.04758406 0.379444242 0.535159528
x 0.810819626 0.699843168 -0.0751145035 0.701166034 2.48171473 -0.563822806 -0.825550377 1.0002743 -0.277626365 -0.745678425 0.333951503 -1.1656841 -2.28611422 0.722322941 1.55346286 0.330041379
x -1.26661658 -0.994573116 -0.833601058 0.093340978 -0.556666434 -0.24521254 0.12270952 0.0660720393 0.877366722 0.631570339 -2.01101446 -1.23677504 -0.706399858 0.222413242 0.245158806 -0.24379468
x -1.56687272 -1.53541994 -0.890225172 -0.676126242 -1.23510218 -2.02921057 0.897493124 -0.490949094 -2.11998415 -0.137137175 1.08509624 0.726851881 -1.01369452 -1.14714086 0.123899937 -0.638781548
x 0.116542444 0.151900291 0.273963481 0.5506984 -0.0241479818 -2.93648338 -0.831125379 0.334821582 0.21116294 1.86571443 2.08918691 -0.00909591652 -0.329437703 -0.0453568734 1.52494025 1.19006252
x 0.697596073 1.06780612 -0.618608654 0.146366745 0.323634684 0.0213454105 1.84211159 1.20329762 -0.00931378175 -1.24155629 0.839745462 -1.41421151 0.542008221 -0.570341408 1.46214354 0.0968264714
x 0.659336984 -0.412660748 -1.97979033 0.681206644 0.731063485 -0.196535066 0.0599955991 1.19604456 -0.163123667 0.696854234 0.542804599 -0.600901961 -0.708488464 -0.829355001 -0.303681761 0.817648888
x -0.345810622 -0.233615056 0.328137368 -0.10263297 1.39988863 1.75830686 0.681625426 -0.228077039 0.217602268 0.363638312 -0.359001279 0.896431506 -1.86383152 -1.67630231 0.325114161 -1.25826776
x -0.312835485 1.45461869 -0.877852857 -1.05316412 0.118804857 -0.387936831 0.966431439 -0.243570819 0.347291529 0.125573814 0.122698084 -0.73227632 0.545798779 -0.608340442 1.25769198 -1.6988554
x -0.795691311 -0.928692341 0.151946843 1.1925528 -0.765454948 -0.283876121 -1.81169534 -0.488747329 0.0394360162 0.861911535 1.00495005 0.242551357 0.0562765151 0.552568674 -1.58434618 -0.417085111
x -0.947609127 -2.71711993 1.33347976 -2.47559333 -0.954330862 0.303539276 0.649170578 -0.0858446136 1.51631749 -0.964783311 1.31427991 1.29480541 -2.44074583 -0.0553755723 -0.0383300036 -1.19239652
x -0.0432946719 -0.237411633 2.41489649 0.426465541 -0.302858531 -0.745048046 -0.428020924 0.942278564 -0.0238214154 0.693115175 2.56449032 -1.1994133 1.53232872 0.118138179 1.24365616 1.98354089
x -0.189741805 0.53553921 -0.568978012 0.872059464 0.706119359 -0.643204868 2.40420365 1.81112766 -0.499384165 1.12811875 0.870283425 0.255273134 -0.394563645 0.303768098 -1.09030914 0.765756726
x -1.26755047 -0.034018334 -0.461668849 1.00879908 -0.923781395 -0.0761227533 -0.193124071 -0.267496347 0.155063078 0.717443109 0.0295290109 -0.689480901 -2.00363111 1.19396555 1.9594295 0.059983857
x 0.487763077 -0.420175046 0.398331076 0.27598381 -0.341527134 -1.06529093 1.23210788 -1.99926519 1.79405177 -0.250042945 1.04137766 0.784841657 0.163138688 0.982535601 0.274760842 -1.54720891
x 0.590758324 0.900889635 1.53747082 -0.890995204 0.308461607 -0.0604551956 1.94770432 0.112021856 0.713959336 0.49321866 0.859712899 -2.08736491 1.17975068 1.14036536 -0.627441227 -0.138543501
x 0.70779264 -0.269259125 -0.345130563 0.70695895 -0.74138993 0.800790787 0.739007413 -0.762731552 -0.493734181 0.744121432 -0.982079446 1.09494865 1.17880416 -1.06611681 1.09691083 1.23358643
x -0.264060766 0.176078349 -1.37616301 0.217136011 1.25458205 -0.833203733 -1.32987571 -0.29415071 -1.3623569 0.854840934 -0.571053803 -2.22492194 -0.496422619 0.015946731 0.288156122 -0.840990663
x 0.526421547 -0.763770103 1.21106684 0.0079950802 -0.0833513737 -1.48452294 0.362240463 0.851427317 0.0451713204 -0.490120262 -1.04135716 0.316864938 -0.406239182 -0.709347785 1.31477857 0.319280654
x -0.420794249 0.817821026 -0.819592535 -0.194798514 3.29168391 -1.30878103 0.822260976 0.688128769 1.30016267 -1.64211643 1.69846344 0.467241168 -0.763710737 0.735119224 -1.05233407 -0.809413791
x -0.621159554 -0.882666767 0.15779902 0.884202182 0.0876414478 -0.233380437 -1.01238263 -0.808305621 -0.244831517 1.99995875 0.344024509 -0.607409418 -0.283728838 -0.812319756 0.545984149 1.32265651
x 1.7938292 2.45005012 0.165331393 0.639869392 -1.40712976 -0.358204961 -0.0829798505 -0.198917225 -0.890516639 0.349951178 0.784281194 0.134111449 -0.0652723536 -0.0993388444 -0.713089287 -0.546241999
x 0.530544102 -1.63049984 -0.330193728 -1.2993027 -0.187041968 -0.0274483152 0.275262535 0.221119091 -0.669358552 0.769815862 0.265213698 0.753216267 1.37937105 -0.41699627 0.398500144 -1.01797783
x -0.873764515 -0.538089037 0.631870687 -0.259498835 -0.614810109 0.611243248 -0.181861505 -0.502375484 -0.349566191 -1.61889994 -0.600777984 1.06676209 -0.6962111 -0.287497818 0.178527743 0.787870765
x -0.265472293 1.96432364 -0.0386040248 -1.06407642 0.337047696 1.00333023 1.44976687 0.126999184 -0.47500968 1.13875425 0.368144751 1.32684278 1.9802289 -1.06484175 -1.18063009 -1.0690757
x 0.987608969 0.887827337 1.00317156 0.90255338 0.0561941862 1.02247024 0.704298139 0.738034248 0.520560861 -1.58320761 1.56522894 0.47985363 0.0658352003 0.551948547 -0.0580817834 -0.544144928
x 0.980089962 0.00758046098 0.987749457 -0.832214355 1.296826 0.401661456 1.38510203 -0.731815577 -0.506921113 -0.114312798 1.20385659 0.967524827 -0.206761301 1.99372947 -0.122536056 1.2000078
x 0.607699335 -0.222091779 0.912040055 0.12296927 -0.912797332 0.622451603 0.925927341 -1.04933155 -0.792321801 -0.00265323115 0.859363794 1.22795129 1.09370995 -1.42334235 1.08918643 -0.493629813
x -0.407680362 -0.846146405 -0.148738548 0.138555974 0.11218176 -0.759337842 -0.202295169 -0.895784438 1.97828269 -1.39097309 0.816619694 0.461714208 0.0806106254 1.79193628 -0.194961652 -0.636434019
x 2.697047 0.741970479 0.836291015 0.0369904004 0.833228827 -0.661833286 0.347909838 0.949785411 0.618709207 -0.774660587 -0.340220064 -0.99722296 -0.499246478 1.16866207 1.02823496 1.13516998
x -0.97055161 0.0990862772 -0.13585943 0.456072897 0.970784724 -0.512405038 -0.499679506 1.58916068 0.739224911 -1.21076262 0.577435732 0.147579759 2.54479766 1.14225721 0.137566924 -0.794455171
x -0.813745081 -0.743531525 -0.51122278 -0.344705075 -1.32832551 -0.910297036 0.218076378 -0.620806515 -0.253171265 -1.75918508 2.32102537 -0.826322138 -0.62787658 0.135792673 -0.650093198 1.27724683
x 0.406304926 -0.156688213 0.291577667 -0.0311227534 -0.0334216133 1.22331464 0.950626969 1.06510305 -0.464406252 2.34805799 1.12284422 0.769833267 1.73538256 0.872598767 -0.746344805 0.793228149
x 0.614585221 0.385820866 0.256427586 -0.469425529 1.73018515 -0.98867774 -0.723799825 1.34647799 -0.272280604 -0.192779869 -1.77954698 1.56313598 -0.811712503 -0.926469207 0.0453630425 0.00886063837
x -0.580876529 -0.321934819 0.019115895 0.355767846 -0.556243539 0.22950162 0.864623308 -0.0459873825 -1.27607965 -0.208598197 -0.600575745 0.515508771 0.345754355 1.69636345 -0.235671073 -0.0300397426
x 0.322431475 -0.575267613 -0.633930564 1.76103687 -1.39542544 -0.419983417 -0.398737401 0.460863471 0.164005488 -0.296677262 1.41290236 -1.49794579 -0.836739838 0.584349632 0.952708125 -0.15790543
x 1.12705147 0.379138917 1.13737381 -1.43678129 -1.01186609 -1.80733073 -1.19973242 0.712774336 -0.218922585 -0.221135199 -0.343205929 -0.182054058 1.69321203 0.420188606 -1.06941283 0.109751977
x 1.36713171 0.000359437952 -0.678332567 -0.650218546 0.3449983 0.0434657931 -0.006053966 0.490837485 -1.3300035 -0.811128616 0.201524645 0.540414751 -0.283368111 -0.111280829 0.235692754 -0.715612471
x 0.346191466 -0.697954118 -0.874591231 0.110460341 0.207585201 -0.435540766 -1.62279224 -0.537690401 0.150015905 -2.01031065 -1.9636482 0.499733448 0.886071622 0.177334726 0.895112693 -0.182381094
x -0.803882241 -0.0569259636 0.786935031 1.23125899 1.59609473 0.298532903 -0.658059895 1.57525766 -0.171755463 1.0097717 0.774792373 1.54876363 -0.279085547 0.814780354 0.488791317 0.867108226
x 2.9575069 0.923792958 1.06426156 0.276361465 0.26817435 0.777475417 -1.6201185 -0.359103531 -0.325000465 0.0922501385 -0.206935793 -1.37176442 -1.84779119 -1.2172581 -1.33427167 -0.538205862
x 1.74534976 0.326495707 0.519585669 -0.392817855 0.0269834753 0.76691246 -1.10080242 -1.46132064 0.450181007 0.212874621 -0.155106202 -1.13674247 0.92410773 -0.131728023 0.278206855 -0.797228158
x 0.248258829 1.52364957 -0.465450883 0.342246115 -0.257038832 0.253508747 1.32515121 1.26250958 0.210166171 0.0150320679 -0.871123493 -0.798645437 -0.0837617889 1.26879811 -0.230559811 -0.874150395
x -1.7110306 0.343469054 2.11916757 -0.115210958 -0.349013507 1.13651717 0.374178469 0.0834880918 -0.842852533 -0.305819362 -0.980352163 0.615682125 -0.623066604 -0.0911900699 0.650296092 -0.26614064
x -0.791797161 0.151435673 -0.189711437 -0.572915971 1.84104097 1.33286083 1.07927132 -0.449751019 1.86216187 0.0599415936 -0.0945235565 1.11878252 -0.714589238 -0.16729258 0.373571992 -1.39020443
x 0.611921489 0.181760982 -0.245628491 0.14038685 0.0869699344 -1.46182585 0.769749641 -0.334860325 1.38981354 1.59829998 -1.2068038 -0.717564642 -0.571833253 0.386977792 -1.17607105 -1.24322891
x 1.18359315 0.502719462 -1.34598899 0.406958789 -0.00567822438 0.201178297 0.224432901 -0.115491755 1.35610974 -0.705667615 -0.362543672 -1.38917756 0.348204851 -0.534973264 0.127404526 0.076161176
x 0.266054899 -1.73329699 -0.97328043 -0.919592619 0.33425948 0.17606549 0.206827343 1.07476354 0.337293833 -1.98163438 -0.668873727 -1.76026344 -1.07964408 1.79598665 1.4597851 0.246894717
x 1.0455482 -1.45972025 -0.390304416 1.40615189 -1.42463517 -0.952872694 -0.0755760223 0.0758161247 -0.0521211252 1.33404875 1.68127823 -0.969167888 0.0405191556 0.781889558 0.873101056 -3.13975573
x -0.770822763 0.158619165 -0.322665691 -1.07197356 -0.658840656 -0.462596029 -0.0941317752 -1.29789925 0.410684347 0.566216946 0.358153611 -1.61416519 0.567290843 -0.732181668 -1.05402088 0.0588729344
x -0.0132942582 0.0654373467 -1.11036968 1.28017986 0.85800159 -2.48154736 -0.517026842 -0.867752433 0.841184556 -1.64235246 0.223965183 0.579990447 -1.09581637 0.344676942 0.191776127 -1.33511734
x -0.156684279 -1.98035717 0.579155207 0.405872762 0.294837981 -0.817995727 -0.218328103 -0.150421903 0.421299249 0.80907625 -0.234456703 0.116164461 -0.391152501 0.561413109 -0.0420547202 -0.346057326
x 0.334472269 -0.913307905 0.354940087 -0.425628006 -0.284434319 0.931388319 0.502916694 -0.439062864 0.434462965 0.599201381 -1.72482133 -0.507988811 0.587865889 0.815187693 0.542430401 0.648086965
x 0.764545202 -0.575895905 -1.50651097 1.44688952 -2.47997713 1.97184789 -0.701884151 0.84360218 0.895442784 1.89881241 -1.32024455 -0.489795655 0.213524997 -0.0781065524 1.39088845 -0.0684018731
x 0.142026052 0.767876506 -0.940747261 -0.660453379 -0.281323552 1.30432177 -0.45591104 0.393807262 0.068063654 -1.22342372 0.553352892 -0.657686651 -1.02434433 2.03762126 0.253733009 -0.387388319
x -0.184266731 1.13728452 -0.545172274 -1.45440853 -1.09768379 -0.63421315 0.759806693 1.25305688 -0.761415184 2.67442226 1.520926 -0.376222283 -0.156368136 0.784980714 0.272510141 -0.616651475
x 0.0790595114 0.00918336771 0.690578938 -0.508690834 0.873956561 0.353266835 -0.738622844 2.13106537 2.76940203 -0.431359142 0.677923381 -0.0751363486 -1.27088416 -0.797988534 1.83971715 -0.708235621
x 0.954588056 0.812628329 0.0904680789 -2.4351809 -0.0470795035 1.13206911 0.996213257 -0.0144442283 0.405239493 0.0383709595 0.0533628687 0.834467411 0.40525344 -0.178315103 -0.603102088 2.28901052
x -0.0867437646 -0.015602232 0.207363024 3.64693999 1.6252749 0.100382142 -0.261201978 -2.53987813 -1.40985203 0.340325266 2.64794755 -0.0273533184 0.546679497 0.703274369 -0.448101193 0.314715147
x -0.0445726924 0.548742592 0.210027561 1.3714695 -0.222422555 -0.33600536 -0.320524007 -0.765774786 -0.480382413 -0.125953421 0.0131086502 -1.4427526 0.962588668 0.654370964 -2.30336952 -0.126978084
x 0.854533255 -0.887956142 0.285643965 -0.604190767 -1.57833159 -0.388286918 0.697522581 -2.24466634 0.874496162 1.55352652 0.0121184718 0.530446768 1.50464046 0.258146346 -0.705164075 1.55547357
x -0.09271276 -0.907592952 0.203370705 0.742916524 1.1902622 -0.0434162728 1.36306667 -0.559624493 -2.20253897 -0.25365752 -0.0829647705 0.379300982 -1.705814 0.584933639 0.197563916 0.647426546
x -1.54604685 0.631384552 -0.626572251 0.711720586 0.689892709 -0.417910308 0.337578773 -0.145068422 0.509341061 -0.291236639 -0.403742611 -1.49479663 0.0211460032 -0.257788032 -0.915721953 -0.511999488
x -0.367200732 -1.3388629 1.07914186 0.811386228 -1.67514455 -0.905233026 -1.13080323 0.134020746 -1.42728341 -3.16053843 -1.46024835 -0.633842885 0.535422564 -0.986591995 -0.462328285 1.67323041
x 1.21921146 -0.946084499 -1.47871113 -0.204121947 -0.965407073 -0.126878321 -0.507847309 0.471762627 1.91815341 0.225887686 -1.33467066 -0.536564469 -0.693603635 -0.137455285 -0.481163889 -0.103480801
x 0.664971948 0.0506862067 -1.5510025 -2.04815435 -0.438010603 -0.923536062 0.237897694 0.754098713 -0.668295562 0.577016234 0.0895208493 0.0730099827 1.13576102 -1.13402581 -0.282458365 -0.584919095
x 1.59526384 -0.584627867 0.62853229 1.5761708 1.72829247 0.388087481 -0.687341094 0.895078659 -1.28620088 -0.222362548 0.0559994392 0.439248562 -1.45309651 0.628185749 -0.350753248 2.91096735
x -0.119010203 0.634041965 0.264774203 0.179164827 0.0153068751 0.167598397 0.25394395 -0.109257363 -1.71426272 1.47025549 -0.663926125 0.473260283 -0.719394565 0.231728956 -0.90941745 -0.867020845
x 1.03548872 -0.953671217 0.0569964349 -0.586054683 0.543039024 0.0908363089 -0.821891487 0.0972874537 1.10393214 0.897892296 -0.0574670583 0.102819152 2.57850337 0.380637676 0.200645462 1.33195448
x 1.3098309 0.786291242 1.53816962 -0.197373524 -1.80895889 0.88311559 0.657923996 -0.488007605 -0.543032944 -0.762326419 0.00614633225 1.55994487 -0.0656360984 -0.954167843 1.0360322 1.02673113
x -1.70881689 0.140421927 -1.5385493 -0.851741493 -0.625819206 1.76994991 -0.0107284626 0.787755489 -1.20378304 1.50845611 1.29995883 -0.297869831 0.377093315 -0.387002736 -0.529651523 -0.0679310262
x 0.327227563 0.505678535 -0.241258636 1.49383402 0.561809778 -0.637963235 -0.121148229 -0.372359097 0.642145514 -0.410082549 -0.27444613 1.27556896 0.972233951 0.0268625543 -0.831311762 0.542070389
x -0.173151031 -1.98301768 -0.167596161 2.47397566 -1.03985798 0.646735668 -0.0442180559 -1.15171897 0.365304023 1.10919619 -2.0691421 -1.84492433 1.3708241 0.398988813 -0.233811498 1.06094992
x 0.466027111 -0.593595207 -0.480646521 -1.26348698 -0.534734309 0.327177763 1.25588346 -0.318396628 0.195390105 1.46107221 -0.490533888 0.0553996302 -1.58046901 -0.312465727 -1.24193037 -0.341101438
x 0.105957553 -0.508752525 -1.22813594 0.0620920733 0.538402021 2.46844745 1.06850171 -1.7660861 -2.11792803 -0.274134904 -0.274061739 1.30226529 -0.826608837 0.320398629 -1.06919086 -1.9471246
x 1.50705194 -0.43611902 0.345857173 1.11070704 -1.02319419 2.05985856 2.09213114 0.751466274 1.10972023 0.216496974 -0.216766864 -0.55313009 0.273469746 1.8038162 1.30453622 0.435578942
x 0.252252162 -0.0980609506 -0.584609926 0.44478485 -1.59019065 -0.157458141 0.916128218 -1.36049759 -0.120730363 -0.505710483 -0.620521009 0.253518611 -0.391222388 0.304219037 1.11030614 -0.997309208
x 0.215830639 0.171664983 -0.279888064 -0.607706547 1.09136379 -1.76125968 -1.17227817 -0.488463879 0.08709611 -0.0439555496 0.71352005 0.902733386 0.511928201 0.393630207 -1.78349805 0.854148805
x -2.04290485 -0.456846833 0.236385375 2.24731374 1.04014361 -0.509507835 -0.881800711 -0.329519838 -0.770697236 -0.998954833 -0.150336727 -0.0687756389 0.963886917 1.27666724 0.048631195 0.989996433
x -1.948246 1.3684206 -1.83266354 1.00773871 0.593537271 -3.00756931 -0.0285840463 2.56578493 0.94263792 -1.18119383 0.233528107 -1.75695193 -1.08507144 -1.7557466 -0.172210515 0.13224268
x -1.22555077 0.120005868 -0.288457215 0.898644269 -0.506238163 -1.60445201 0.220222935 -1.0411936 -1.33204746 -1.08514988 2.4793458 -0.575410187 -0.7902174 -0.250127465 0.638304234 0.500686407
x 1.54053152 0.38906011 0.139652297 0.598030984 -0.931554794 -0.502251148 1.97819078 -0.596045673 0.313774765 -1.40905762 0.580340445 -1.66025639 0.131456152 0.642347574 0.680810869 0.794800103
x 0.258198798 0.648434222 0.433862567 -0.654232144 0.881109715 -0.781493187 0.0992664695 -0.830031574 0.727881372 0.368893474 -0.861496449 -0.494092673 -1.57355249 -0.228001937 -0.152763724 1.298172
x -0.713771582 0.0308157019 1.24344575 -0.702486336 -1.50405204 1.28668928 0.275599748 -0.672879577 0.243769154 -0.334927619 1.02212965 1.14524913 -0.493258476 -1.23979986 -0.29307586 -0.145599753
x 1.09559286 -1.95569873 1.4378407 -1.16739881 0.0454413109 -1.57096183 0.428525865 0.128887415 0.436653405 -1.31810439 -0.893848419 -0.388625801 0.775921643 0.973481655 1.08803713 -1.15295267
x 0.129013315 -0.579117 -0.594528556 0.768282533 0.709446549 -1.67210746 1.69205856 1.3847332 0.883265495 -0.137923762 -0.335576862 0.511730433 -0.458304524 -0.761533856 0.212392047 0.624012232
x 1.37151146 -0.922065496 -1.02727687 0.949343741 0.63372004 -0.628454208 0.540662587 1.04282761 -0.0874175951 1.03966784 0.655368984 1.13318503 0.827039659 0.853505552 -0.00261192885 -0.990410149
x -0.00439492008 0.304518938 -0.460211992 1.79622924 0.114683986 -1.26596475 0.587828279 -1.30588627 -0.431707352 -1.08923054 -0.344277292 -0.00449902425 0.421305299 -1.66001713 1.80514359 1.16211271
x -0.196887329 0.476657122 0.0942328945 0.894358575 -1.3248049 -1.79937029 0.106057785 -1.69437575 0.883562267 -1.04615021 1.47561383 -0.077742897 0.0775740221 0.539148688 -0.128827199 -1.1663264
x -0.0119398776 0.647955954 -0.19736743 0.132340804 1.12211525 0.085347183 0.0716887265 0.810866773 0.32508412 0.55314374 0.273871094 0.262076974 -0.107759722 0.126016632 0.47161755 -0.897674263
x 0.383791268 1.34297383 -0.323083967 0.3786681 0.370208979 0.372636467 1.19266737 0.490092963 0.900625765 -1.95559466 -0.265959769 -1.55286324 0.816973984 -1.33874536 -0.0781789646 0.684873044
x 0.335095435 0.644948184 -0.956752956 -0.466671526 -0.0239149723 -1.01492703 1.14371133 -0.990148485 1.03358066 0.175958112 0.644776344 -0.725846648 0.144048169 1.10715246 0.786987305 -0.874883592
x 0.311173767 -0.620360076 0.48442623 0.535099804 -2.87178397 -0.49918434 0.621201873 0.812817693 0.554847717 1.11377227 -0.121604115 0.840982139 0.489166915 -0.110078372 -0.89347744 0.187301204
x -0.163770676 -0.080064863 0.199491724 -0.486334056 -1.63234878 -0.00703015225 0.729904413 0.696588874 0.676443279 0.162748888 -0.744161427 0.350036323 -0.764788926 -0.117768601 -0.634192586 -0.260990649
x 0.376417726 0.280752242 1.36243737 1.13812602 -1.29217529 0.518965304 -1.09249437 0.502645493 -0.295653343 -0.104899593 0.203614235 -0.130766332 -1.29489112 -1.02455735 -0.248035014 -1.12619674
x -0.809369087 -0.142840698 -0.422357947 -1.28313637 0.415779173 0.225686029 0.92448771 -0.199723646 -0.349767357 -1.25908327 0.61270839 0.679118037 -1.08268619 -1.0256722 -0.427831918 0.854260623
x -0.352124423 -0.118551835 -0.170686707 0.12052314 2.02820015 -0.398189068 1.03120494 -0.545928478 -1.45874345 0.860644519 -1.55982649 -0.66862005 -0.0313176848 0.839358866 1.73081839 0.602610469
x -0.232933268 1.20929408 1.08537436 -0.720739186 0.0764627606 1.40735757 -1.48631763 -1.52857602 -0.00675572734 -1.18575168 -0.172410622 0.241260707 -0.554863214 -0.0242534839 -0.107687801 -1.62882066
x 0.747350872 0.682485521 0.829200804 0.715223134 -0.100906186 1.39375722 1.0326972 -0.350142241 1.27833724 0.0226177648 2.33735538 0.847819448 -0.864779592 -1.44035077 1.36590374 -1.12087202
x -1.32966328 0.151278958 -2.69752502 -1.15955079 0.125686646 1.40856004 -2.67346358 0.0582264662 -0.616293073 -0.345550805 1.19703043 -0.190126121 0.265075386 0.139213502 0.572328925 -0.277873755
x 2.92255712 -0.329259515 -1.16069365 0.252918005 0.666271329 -0.979619563 1.04551125 0.375197738 1.20143175 -1.32336366 0.62928164 -0.0145600606 -0.732734323 -1.89262867 -0.488646835 -0.241702646
x -0.328087479 0.494692832 -1.17792988 -0.474192202 -0.273587495 0.360477656 0.223709822 1.05157566 -0.0971628651 -0.499078482 -0.493673712 -2.04008675 0.0459418781 0.530843794 -0.156161025 -0.0480085872
x 0.99859798 1.33373141 1.07304037 -1.1834023 1.9713093 1.08655024 -0.321310431 0.04744111 0.0273463465 -0.544768691 -0.138897836 -1.04888916 -0.712407827 0.857489049 -1.01812661 -2.35543823
x 0.234190702 0.124645337 0.794900835 0.54118681 -1.42270875 0.587710381 1.01296675 -1.21216667 0.240127727 -0.808853447 0.406949461 -1.76434922 0.468418598 0.442896038 -0.521880865 -0.0103627816
x -1.52074039 0.0592207685 -0.699051738 -0.713786542 -0.839649081 -2.06831408 0.31905371 0.598571718 0.902672231 0.235937282 0.524483204 -0.589541733 -0.0843845159 0.0280453227 0.687527061 0.445689768
x 0.30114755 0.811492205 1.26599061 0.603783607 -0.339126915 0.663704634 0.880847931 -1.80016041 -0.943228304 0.538868546 -0.17370598 0.628946841 0.611282468 0.466765523 0.0997382775 -0.605436862
x 0.0364619382 -1.50484073 -0.641151905 0.14554368 0.711153686 0.57635361 0.808819652 -1.23784542 1.4470669 1.23010957 1.16921258 0.703010976 -0.400356501 -0.0916260406 1.15421426 0.108386807
x 0.784187973 -1.10752463 0.610506892 -0.500279009 -0.31739226 -0.00309559074 1.46834862 1.28361523 -0.931674659 -0.189808011 0.338071376 -0.786653101 2.96595645 -0.0455118418 -1.08081484 2.33393431
x 0.281975448 0.953505039 -0.402286291 2.52349544 -2.68406391 -0.389074743 -1.40159154 -1.86390316 0.839793324 -0.867181838 1.70302165 1.79126108 0.497665375 -0.977732718 0.0295613129 -0.542090535
x 0.412011802 -1.09168053 0.941619992 -0.596659958 -1.12752092 -0.0511663035 0.766421139 -1.08118927 0.314501554 -1.1566838 -0.220095143 1.46268487 0.237930968 -0.550685465 0.505573452 -0.308669627
x 0.234871477 1.95827222 0.480463058 -1.4050889 0.268112898 -0.0642485619 -0.420810908 -0.0331820659 -0.113291048 -0.498372167 0.207731962 -0.668809772 -1.2027086 -2.15280461 -0.631892562 -0.0851284191
x 0.0442125797 0.282000571 0.756562233 -2.57561946 -0.112018079 1.13825738 2.58565688 -1.92620397 0.643455386 0.12512143 -2.79233265 -0.516273737 0.669460118 -0.288787574 -0.527839959 0.483585924
x 2.0165658 0.745407939 -0.799809277 1.23719144 0.311297625 0.326596409 -1.91376424 0.587259769 0.105705671 -0.270659417 -0.335119605 0.599120021 -0.879299402 -1.42875743 -0.739311755 -0.0475589707
x 0.467376888 -1.33076262 -0.98967427 -0.314456731 -0.0670851097 1.17861736 0.639157712 -1.60463274 -0.651759386 0.492426425 -2.6366291 0.481942952 1.90479445 0.871802688 0.119396187 0.378044516
x -1.05075777 -0.826468945 -0.0103066005 0.0918168649 -1.04529226 1.28182185 -0.860408485 0.334635019 -0.179177418 0.779531777 -2.32390308 0.680781782 0.0230156872 0.166926637 -1.19113624 1.81881905
x -1.13921273 -0.895089269 2.34973049 -1.55964375 -0.61999315 -0.725361228 -0.644054592 -0.24995856 -1.24775505 0.598073125 1.73017919 -1.00401771 -2.12236023 -0.823335946 0.10096439 -0.590303719
x -1.63066542 -0.218465358 -0.713679194 -0.195277363 0.976455927 1.1463871 -1.71836102 -0.47280255 -0.864061594 0.316099912 -1.67704737 -0.0752292573 0.290470451 0.807186663 0.232414842 0.783493996
x 0.700960517 -0.169402331 -0.2252675 -0.629087985 0.688967705 -0.654634237 0.707520425 -0.00929970201 -0.971605599 1.4321233 1.20856905 1.60108268 -2.3733151 0.386012226 0.484523386 0.926083207
x -0.328399003 -0.491964042 1.89271879 -1.16059279 0.116061024 -0.256894618 -0.160465345 0.745453179 0.753733099 0.163425088 0.0829828456 0.164033309 -1.07858765 -1.48599088 -1.22192037 -0.181315139
x -0.263914496 -0.693761647 2.01724505 -0.308028311 0.44639194 -0.306894988 -0.860084772 0.534784675 -1.88548517 0.114597499 1.14070725 1.09751511 -0.715260088 -1.58010888 0.231861889 0.726519108
x 0.862308621 -0.87659198 0.694860637 -1.43497574 0.143237576 -0.112370946 -0.581748009 -1.73224175 1.01407063 -0.654579043 0.778007448 0.011190054 -0.863732159 0.292078942 1.0181905 -0.32436496
x 0.946388304 0.302618653 -0.545066357 0.511610687 0.841349125 0.292838097 1.261011 -0.429812461 -0.0141230244 -0.029934017 0.473790795 0.900961578 1.00264418 -0.424266368 1.80167186 -0.600697875
x -1.65909195 -0.187153742 -0.439504564 1.26538265 1.39556837 -0.177834064 0.586882174 1.42164207 0.521107495 -1.36512542 -0.136926681 0.472028971 1.2595439 0.753888011 2.04168558 -1.44132221
x -0.491995573 -0.0545812733 -0.811563194 -1.72604835 0.343124986 1.19633067 -0.873370945 -0.37737903 -0.091965355 0.425296575 2.46566463 0.524454296 1.39288127 0.867566109 -1.39132166 -0.96815902
x 1.73670006 -0.995776176 -0.632236481 -0.694693685 -0.0753845796 -1.85715437 0.0745948851 -0.907675028 0.119828001 -0.797378302 0.115583733 1.27282393 -0.0260014609 -1.00779176 0.625061095 -0.296248108
x -1.28490674 -0.471942604 0.805413127 1.06052279 -0.916461647 1.35017705 -1.09321415 0.966782391 -0.0640647188 -0.91423744 -0.647421002 1.0763793 -0.820595622 0.666020513 0.0785183534 -0.0715232566
x -0.99100107 -0.422189236 0.153955519 -0.600543559 0.0693681464 0.3507559 0.572664559 0.389639705 2.25625968 0.67511791 2.77293015 1.06561446 2.37558389 -0.451637566 0.203708321 0.10623876
x 1.24113905 1.97142029 -0.21804966 -0.76694572 0.22958222 -0.42864424 -0.379534453 0.503851116 0.219695091 0.727235079 1.60318041 -0.923490167 -0.86420393 0.789059818 0.669329405 -0.775191963
x -0.446379095 -0.694235504 -0.212875038 1.02139819 -2.47453094 1.30272174 -0.430062652 -0.507717013 -1.89301813 0.738399625 -2.25949502 -0.28120169 0.0502362363 -0.312675744 0.343059689 -0.316226661
x -0.396986037 -0.816325068 0.257158518 0.849501729 0.911295712 0.164118513 1.24496412 -0.507812738 0.930756092 -1.7616384 1.49759388 1.23255467 0.0857318863 0.6691131 0.523931563 -0.396368265
x -1.96999335 1.92205155 -0.258608967 -1.39376414 -0.0968869925 -0.223529518 0.544620872 -2.04502511 -1.35073078 -0.827259839 0.332316905 -0.0675444677 -1.63491631 0.282518476 -0.45338276 -0.247148439
x -0.0334667079 1.46876681 1.07437146 -0.286381364 -0.548066318 0.223950818 -0.790015459 -0.413763046 0.312971979 -1.10939765 2.17831826 0.400382906 1.12491274 -2.13907456 -0.389455736 -0.812525749
x -0.025175456 -0.876377702 0.171272412 0.477231622 1.74220479 0.00566345314 -0.055225458 -0.982605875 -0.0299508367 1.02422571 -0.083476916 -1.0511117 -0.219161764 -0.447624803 -0.713297963 -2.14518189
x -0.74169594 -1.72188115 1.50005341 0.912859321 0.00192075269 -2.5132978 0.460300356 -0.0102589475 0.226674333 0.0344120413 2.35297966 0.366749763 -0.69232583 -0.51707691 0.681182325 0.0493221879
x 1.10110319 -0.566480219 -0.831026495 -0.707033694 0.807474017 1.12152696 0.944541574 -0.209489897 0.939543545 0.5553087 -1.14128959 0.834444225 2.29849434 -0.20698899 -1.30453682 0.0263237208
x -1.17030787 -0.301199138 -1.33618307 -0.293969959 -0.226537436 -0.227053791 0.0121327536 -0.110850751 0.627503216 1.60707533 -0.841646135 -0.188418269 0.248139441 0.032152202 -0.940865159 -1.03662145
x 1.39336324 -0.227095112 0.391143143 0.0957361162 1.14594519 0.785786808 -1.24446368 0.313136697 -0.580474913 1.36452699 1.22774768 0.495640874 0.936953425 -1.37831342 0.483487397 -1.88997531
x 1.94638574 -0.208218709 0.803100526 1.18654907 -0.482634932 0.197841361 -0.881507099 -0.285828501 -1.00017035 0.0687509179 1.10258496 -0.214239866 -0.758119345 -1.15127695 -1.61932683 0.475074857
x -0.3913863 -0.592480063 0.0644907057 -0.69815284 -0.339663595 0.481628984 -1.66256571 2.28531122 -0.235466003 -1.97396278 0.616903186 1.957515 -0.0219550468 -0.423059553 -0.551727474 0.0677836165
x 1.83157992 1.02744305 -0.244184434 -0.0738396347 1.46099961 -1.33932292 -0.19274047 -0.679316282 -0.167517096 -0.257110834 0.128214151 -0.666067123 -1.26123738 -1.6356473 1.33479607 0.113730595
x 0.224466458 1.44723332 0.161735684 1.70138597 1.06755412 2.20029378 -1.0049063 2.16848278 -0.0605732687 -0.943228185 1.39000559 1.50328517 0.138972908 0.666610658 -0.806772709 -0.85874474
x -0.390392572 0.291819692 -1.97685802 1.48842549 -0.529712439 0.206442952 0.529308021 0.642468214 -0.530758023 0.417685211 0.142793775 0.0743981749 -0.233649954 1.30894947 0.332386672 0.773209453
x 0.462443531 -0.33619976 -2.88423276 -1.36663496 1.32128692 -0.611827016 2.42714882 -0.634419501 0.295779437 -0.106531233 1.42810941 -0.076307267 -0.166857705 -1.26769757 1.31302333 -0.761388898
x 0.942078054 1.67136681 0.179629713 -0.84809792 -0.271354377 -1.10306299 -0.679327369 0.37772876 2.35620475 0.5533306 -1.11439848 0.741909742 -0.00226974674 -0.458440274 -0.119416915 -0.841941774
x 0.776088893 -0.0814979225 -1.13155138 2.13819957 -0.0686249211 0.137380674 1.98210824 -0.07181748 -0.0877625346 0.620110929 -0.137663603 0.675762713 -0.90330404 -1.04864216 -1.37935483 -0.50458461
x -0.58859843 0.71859777 -0.0105641084 -0.155458018 -0.629345477 0.151922181 -0.428372622 -2.17460775 1.00918496 -1.75912642 1.85991001 -0.213049516 1.36615229 1.21875536 0.121411636 -1.44345665
x -1.44723737 0.38233453 -1.3017801 0.746174753 -0.927138329 -0.0219800398 0.756621957 -0.613462925 0.724104583 1.79004478 -1.10372543 0.121562399 -0.667163908 -1.60901475 1.62211728 -1.42427099
x 1.21103525 -0.696690261 -0.916422963 -0.76602155 0.87863332 -0.224011675 -0.340315074 -0.0457492694 -2.31411242 1.58083868 -0.594884813 1.16327834 -1.96894908 -1.28783107 0.14242886 0.425825894
x 0.602970839 0.468322247 0.154391378 0.610525727 1.61197245 0.877688229 -1.1158812 0.679491997 0.117172912 1.50571418 -1.09959841 -0.0439905375 0.0699684769 1.66424668 -0.0412522703 -0.671312153
x -1.41221857 -0.766280472 -2.13303137 1.43051302 0.804995298 -0.405242056 -0.56311655 1.11333978 -0.880595624 0.579345822 -0.798270702 0.197394878 -1.28022695 0.90255487 -1.21020317 1.11200702
x 0.752476573 1.30807388 -1.69093502 0.21239838 -0.282519221 0.673002005 0.530226588 -0.492678791 1.03164601 -0.671234429 0.402388096 0.139398158 -0.48178184 -0.829205453 0.229198456 0.219339132
x -0.144494995 -1.00974143 -0.233925596 -0.709714055 -0.800338268 1.47047269 -0.868264794 -1.97754359 -0.00957415346 -0.729495585 0.568871439 -0.367617339 -0.476091355 1.03877676 -2.19012928 0.0960222855
x -0.792837381 -0.88523978 -0.68131566 0.086475119 -1.2837106 -0.23748596 -1.09844172 0.00268108887 0.394289792 0.3017551 1.515764 0.798429906 0.479076177 -0.773298204 -0.29958114 -1.53251934
x -0.99257046 -2.28239727 1.90265286 -0.860939622 -1.10150373 1.75916445 1.11446917 -0.475493819 -0.17736578 1.47008109 0.93597132 -1.30501378 -0.715249777 0.66955924 -0.427696615 0.743604124
x 0.0274552964 -0.810859025 0.469334602 -0.232282132 -1.60433865 -0.736259401 1.82027662 -0.436040908 -0.271811157 -1.87506115 0.159028724 0.750148356 0.223266214 1.52957904 0.333837897 1.35530066
x -1.50346589 -0.0688052699 1.08705461 -0.668512881 0.199997529 0.175562188 0.51160115 0.463627219 -1.30282748 -0.507319808 -2.25674295 -1.37992918 -0.0632854179 1.23606253 -1.08904529 0.925840557
x 0.408670634 0.172720701 -0.772743702 -1.00560558 -0.879026234 1.68958974 -1.63687193 0.293878466 -0.459695548 -0.480996013 -0.694576681 0.490981936 -0.611402333 -0.688517392 1.81536043 0.105175272
x 0.513301134 1.2406249 0.894909024 -1.31278145 -1.1637342 0.108563446 0.198477641 -1.19644761 -1.29923069 -0.778152585 1.09088755 0.39664501 2.12007546 -1.13084674 0.402123719 0.081709899
x -1.08721232 -1.58537221 1.53579497 -0.932583928 -1.16725576 -0.322387397 0.101651952 -0.914514124 0.597939551 -2.32182884 -0.165532067 -1.57127476 1.63279295 -0.721501291 1.20484364 -0.220507711
x -0.172172546 0.618077099 -0.900048316 0.11625281 -1.55182242 1.11795044 -0.343389094 -1.63099539 -0.301709592 -0.345788598 -0.141415894 1.75953627 -0.83394742 2.1059041 -0.858066261 1.2971375
x 1.86935294 -0.173208937 0.815182626 0.755438805 -0.320119053 0.691491604 0.926729798 -0.268853337 -0.519398034 0.0299793035 -0.926724195 -0.418875307 0.00231975317 0.797344327 1.11572731 -0.628069758
x 0.23916018 -0.811374426 0.943560302 -0.00637746137 1.04325759 0.669776201 -0.68079716 0.603324771 1.41175616 0.150491148 1.52246284 1.63512373 0.83366251 1.91546822 1.18591356 0.748827815
x -1.14393353 0.537077129 -0.0847807899 0.644506097 0.86478585 0.329576671 1.74781239 0.0903359428 -0.274082571 0.877553403 0.51272279 0.268827498 0.480410486 0.291700602 -1.74615681 3.0528276
x 1.1284318 -1.12452805 -1.9207083 1.34575927 1.78657293 -0.164368466 1.57579505 0.372525662 -1.06886458 -0.758541584 0.724255323 0.412590146 1.19944799 -1.85210204 1.60644293 0.483673602
x -2.60592318 -1.93847001 -1.46912944 -1.19447923 -0.432875484 -0.846119702 -0.299334317 0.20194602 0.782037675 3.39525819 2.24060392 0.609487295 -0.884647429 -0.51963836 0.916801751 -0.576400161
x 0.496599287 0.640081882 1.98813462 2.5488596 0.658545196 -0.108803771 -0.626077175 -0.714015603 0.0450967774 -0.356256336 -0.158477753 0.295397639 0.507359028 -1.03284645 -0.27955085 1.01209927
x 0.118062474 0.169246092 0.621918857 0.788350821 -1.38883317 1.04265642 1.17423892 -0.10095451 0.959381759 1.71212709 -1.01383722 0.390413225 -1.69479513 1.27643228 0.529275835 1.24172866
x 0.785410285 -0.404298246 -0.93354857 0.389847249 -1.28332663 0.228545308 0.582830369 0.176098928 0.995737135 -0.378655165 -1.06639147 1.3139708 -0.885147214 -0.0493631773 -0.916132808 -0.761602521
x -0.790979087 1.03960717 2.74874067 0.470470458 1.00548637 0.130411312 -0.155371577 0.756749153 0.124304786 -1.52463245 1.51827848 0.0761016533 -0.170128226 -1.23566031 0.199847713 -0.217216045
x 0.0414660387 -0.0678749308 -1.16779196 1.90172148 0.964198589 -0.358324647 -0.602694809 -0.210429922 3.05531764 -1.14732754 1.59643745 -0.981452763 0.891131163 1.65381587 1.94351232 -0.405708879
x 1.14430082 0.0473388471 0.843622863 1.62443554 0.431163758 -0.897966504 -1.183393 0.219141155 -0.752845645 0.20308876 -1.99134696 0.405824929 0.334911913 2.15743494 0.471931845 1.5261302
x -0.475373834 -0.560329497 1.41081858 -0.106041826 -0.237390637 0.781060398 -0.481633186 -0.31532985 1.62098753 -2.09335923 0.50166446 -1.18357062 1.58781636 -0.688264489 0.749116778 -0.422645569
x 1.05625105 -0.411309451 0.710130453 0.706913233 -1.67084825 -1.39841521 2.81739092 -1.23148477 -0.644153476 -0.653455496 0.22021006 0.807595611 0.635927141 0.326821357 1.34118974 -0.523138821
x -0.358210981 -0.379098922 -0.801673472 -0.56229949 -0.236408368 0.542229533 -0.241142035 0.334233373 -0.895181596 -0.965063572 -0.700499177 0.189228952 -1.07378352 0.0282548908 -0.0830207244 -0.947079122
x 1.17423916 0.19960703 1.03511667 1.11711311 -0.971052229 0.392009437 -0.112918697 -0.815626204 -0.822859824 -1.38854527 0.399845451 0.154587179 -0.144099221 -0.484639555 -0.0674598664 -0.217809692
x 1.40683007 -0.692572713 -1.13432968 -0.10958977 1.07251978 -1.90622807 -1.12207186 0.652725041 -0.765080988 0.607720852 -0.604657531 -1.95022225 -1.40648627 -1.7937603 -1.81438696 -0.954771638
x 1.10699809 -0.419304579 -0.174225137 -1.26889586 0.230621755 0.0958653912 0.101457253 -1.31750059 0.114115581 1.77538884 -1.20584667 1.63536 -0.0160112996 0.747763336 1.33788216 -0.271624386
x 0.835919857 0.0805385485 0.539779961 1.49657547 0.754457653 -0.657960713 0.354854137 -0.745289743 0.0668477491 -0.278808653 0.502676129 -0.21371159 1.9263165 -0.853072643 -1.33810806 0.501187921
x -0.319248945 1.24884069 -3.26269698 0.657803059 -0.182217792 -1.60401595 1.15185034 -0.109320641 0.528951049 0.874123037 -0.10866303 -1.96200716 0.296726584 -0.416727394 0.143013179 -1.27307153
x -1.51961529 1.32479131 0.601864934 -0.491670132 1.03497887 -0.30078584 -0.98622334 -1.15233457 1.00343549 -0.755628228 0.312505901 0.216587335 1.07043505 -1.44332731 0.376875222 0.202643037
x 0.562645495 1.80092955 -0.800646961 0.302282661 -0.129621953 1.50378621 0.847001016 0.0832876861 -0.62214607 1.23227501 -0.292420954 0.0962462574 -1.54054856 0.439575911 -0.777638674 0.560590506
x 0.448318452 1.66363037 1.30002522 -0.333364367 -0.786546707 -1.12532997 1.12456 -1.2096386 -0.167245299 -0.872976243 0.028365111 0.0773457438 0.20532006 -1.49851871 -0.913612366 0.48104316
x 0.788588941 1.12379944 -2.09476757 0.543464243 -0.288983583 0.178107277 -0.621991694 0.68126899 0.162627593 1.03145123 -1.45589793 2.24852157 -1.60600448 0.423421293 -0.776136875 -0.00947245583
x -1.66924727 0.628556013 1.16522849 -2.07166004 -0.644565761 -0.406859726 -0.254987329 0.36680156 -0.560099483 -0.346320212 0.0593469515 -0.756860852 -1.40510309 -0.0482452065 1.41758633 1.96559358
x 0.540801227 -0.438421458 0.632968307 0.205165997 -0.0832564607 0.275310665 -0.108299047 -0.607877374 1.56863928 -2.8839736 -0.504152179 -0.395802498 2.06660199 -0.38620162 2.2345624 0.769670844
x 0.182140827 -0.0205670055 0.42803514 0.454979867 0.0149195204 -1.1965735 0.627627254 -2.26871347 -2.51074386 -0.96770525 -0.768869579 1.55883765 -0.642435014 3.17379332 0.229282066 -0.710332274
x -1.25363147 -0.778301418 0.812219858 0.738449156 0.969221532 -0.584419727 -1.88268757 -1.01390779 -0.44067201 -0.843649864 0.230692938 -1.22635245 0.245223433 -0.188766092 -1.43760276 -0.777624965
x -0.825785279 1.85180414 1.22782469 0.770984888 0.0139805023 0.541971505 0.613826811 -1.12181628 -0.925775826 0.783502519 -2.32830238 -0.363723874 0.610227644 1.49250758 1.26012671 1.34307134
x -1.98508906 -0.374016732 -2.20609093 0.681629121 -1.16105664 -0.404868454 0.668134511 1.35196877 -0.26613766 0.643918276 1.22443962 0.872470617 0.131118745 -1.08022904 0.770032942 1.362041
x 0.976610124 0.361073077 -0.502193213 -0.699880123 -0.175040945 0.343414575 1.84259152 -0.324352324 -0.610434473 -0.651985645 -0.167386368 -0.0634326413 -3.43589878 -0.458445638 1.15159428 0.369001687
x -0.596624553 0.760345459 -1.31087232 0.80940479 -0.330552578 -0.534596384 0.61422956 -2.36186576 0.497279555 -0.0866351128 -0.72244221 1.71201515 -1.36124146 2.07018185 0.433082461 1.05467474
x 0.0247138478 -0.0102715241 0.994183183 -0.102847099 -2.00101209 0.363779962 -0.00945938844 0.127821714 0.928114176 -0.00836818852 -1.19207728 -0.303597987 -0.0558247901 0.496679008 -1.76333356 -1.28550673
x 0.902474642 -1.14156997 -0.258370042 -1.2210182 -1.09353793 -0.364426881 -0.232356742 0.682522774 0.518193483 0.0721494406 -1.30373132 0.876880109 0.880603492 0.876600206 -0.227536753 -0.200970039
x 0.864382267 1.12774456 0.550962687 0.614094079 1.46660709 -0.459822685 -0.903976679 -0.154547423 -0.488293082 0.73533684 0.587692261 1.60142362 0.244208083 -0.987880409 -0.630869687 -0.661466479
x -1.2412051 -0.951049984 -0.774754405 -1.07401836 -1.14527047 -1.05161667 -2.19458151 0.443156242 1.36330712 0.566626847 -0.555636287 -0.961102128 -0.0731576532 -1.72748506 1.38635182 0.0935328379
x -1.99765873 1.35329545 -1.54313672 -0.0312553048 1.16614556 0.813078701 0.054400634 -1.66961718 0.732774317 1.06530833 -0.252884924 0.814898849 0.760276139 0.154465675 2.49033356 0.354652107
x -0.961554289 0.88008821 0.128013998 0.209898785 0.428647131 0.729620337 -0.229655966 0.27133739 -1.55317938 0.826576769 0.429621279 1.32748985 0.716739535 0.416190356 -0.955890834 -0.852492154
x -0.903061509 0.944526553 0.139849767 -1.10620832 -2.18551588 -0.152715191 -1.35903144 -0.476016432 -1.48654807 -0.0255581811 0.538597286 -0.595453143 0.97713238 0.428775817 -0.191260353 -1.9248656
x -0.10917335 -0.184063524 1.02622795 -0.127930313 0.768071771 -0.0924900919 0.832120478 -1.08238637 1.37474728 2.43543363 0.405873835 -0.48039633 -1.12176681 -1.17994201 2.27542758 -1.45461321
x 0.386754215 -0.402363926 -0.944999754 -0.979820013 1.25465345 -0.879745305 -0.653461218 -1.14407289 0.866379559 1.80202186 0.70005846 -0.57992816 -1.56308722 1.1966629 0.53402549 2.37800026
x -0.501659513 0.778422594 -0.82477057 -0.896458507 -0.227220774 0.355518609 -0.893253505 0.191696092 -0.108711392 -0.105440147 1.46078742 1.68038571 0.629257858 -0.767878652 0.305278391 0.563272238
x 0.367350012 -0.310437709 0.46226725 -1.00942063 0.539815128 -0.273325235 -0.49061203 0.664250195 -0.771957278 0.651586831 0.594488025 -0.812313557 -0.317769647 -1.17640567 -1.04316998 -0.506955683
x -0.163231865 1.0004425 0.684729755 -0.29856047 -0.0662773103 0.00400381302 1.41833782 0.0826751292 0.443544328 0.129675135 0.325222075 -0.00391315343 1.70945537 0.189883992 0.892838657 0.700012088
x 0.364762068 1.77253628 1.1484071 1.06535363 1.28791904 -1.20003843 0.374976665 -0.122826092 -0.940314114 -0.309051514 -0.570432365 1.03530705 0.63115871 -0.769939721 -0.239586592 0.379068196
x 1.38557673 1.82739162 -0.0166547559 1.49454272 -1.84123826 -0.235420614 0.625920057 1.9421438 -0.125721961 -0.847877145 0.69268924 0.401043713 0.384696096 -3.12689233 0.136862054 -0.062385194
x 0.86325568 0.0280282963 0.968666136 0.0513629578 -0.425744683 -1.22833145 -1.50247931 -1.20596611 -0.502549291 -0.681079209 0.571335435 0.254449397 -1.47470164 0.395849437 0.804138184 0.764085352
x 0.43874082 1.67216671 1.60046458 -1.93615365 -1.95954382 1.13886869 0.384217322 1.27947962 -1.35319602 -0.251341343 0.207849279 -0.577429473 0.129855528 -0.0471171178 0.83051306 -0.499663889
x 0.182899177 0.621953607 0.900794089 -2.04269671 -0.206322327 0.264601976 -1.1174804 -0.0412491113 0.0791634619 0.86164099 -0.490669817 -0.477273792 0.429203212 -1.65291727 0.441252053 -0.626434326
x -0.624518394 1.26668608 1.11664701 0.218185604 1.15734458 0.881593049 1.37557185 0.381757319 -0.503460467 0.394376755 1.64762533 -0.879632711 0.166752413 -0.251178026 0.0899462178 0.678855598
x 0.44192794 0.332751215 1.18924356 0.31796658 0.205605373 -0.22756587 0.734179199 0.452758342 0.375736833 -0.575366378 -0.433925688 0.621296585 -0.35828948 1.85907757 -0.591372073 -0.0296037458
x 0.823134303 0.632026494 -0.366635919 -0.675437689 -1.19867158 1.08498204 -0.543659627 -0.243448272 -1.19784546 -0.875113845 1.00967658 1.59255338 1.04904425 0.583534002 1.62166417 -1.71989906
x -0.070629172 1.52140069 1.18293428 1.01334119 0.517307818 -0.834751248 0.203691676 -0.888409972 2.16546988 0.389415413 0.941664398 -1.68121314 1.39960599 -0.549834192 0.340253264 -0.304037154
x -0.718573451 -1.69135702 0.867310286 -0.0133278333 -0.10346815 -1.29396582 -1.13831675 1.26455235 0.0447820947 -0.31266737 -0.873603344 1.86137712 -0.501953602 -0.127632007 2.18336248 0.0314153433
x 0.321458608 -1.99924386 0.188982546 -1.81592345 -0.525661588 -0.851863086 0.543923378 -1.49475551 -0.753357947 0.653360844 -0.314884543 -1.53772163 0.817198098 0.660189629 -0.815161049 0.557058454
x 1.25798237 1.23560643 0.510712028 0.259453416 1.81433976 -0.707104623 1.4337405 -1.84302354 -0.276096195 0.538707435 2.13362646 -0.513673246 -0.0236663986 0.495993912 -1.27112126 -1.54067743
x 0.0216761343 -0.798368335 0.454169899 0.331238896 -2.19681573 -0.427985132 -0.789012134 0.56516993 0.418141425 -0.155318365 -0.874455094 -0.801155686 -0.857393384 -0.25300166 0.773801744 -0.295810431
x 1.30319464 -1.42048299 -0.187584162 0.514726162 0.0640045553 0.225777194 0.39650014 -1.61680615 -1.76241589 1.62551212 1.10152149 0.800355911 0.218170971 0.678742886 -1.28796506 0.175028071
x 1.93839335 0.719074368 -2.42086339 0.433560669 -0.417170435 -0.113225333 -0.186247706 -0.0970923975 0.689234197 -0.258655131 0.831601024 -0.0627258942 1.74423969 -1.13268137 0.648932099 -1.65418422
x 0.0826164261 -0.0836928636 0.320144266 1.20217204 0.356592625 0.358793378 -0.285081685 -0.455778241 -0.314890027 1.85170364 -0.350807726 -2.34510541 0.826992691 -0.934038162 -1.5956167 -0.00440059137
x 0.591532528 -0.711838305 1.20863891 0.128186613 -0.4616566 -1.91813195 -1.53605819 0.296016395 1.45714712 0.501682281 -1.11453712 0.056467101 0.448991358 0.00886243861 1.1505909 1.61526811
x 0.065780431 -0.918157279 -1.73749018 1.23782134 1.139552 1.47484612 -0.666268587 0.155150518 -1.94395208 -2.08155012 -0.159554571 0.0361900367 -0.221563101 0.42837736 -2.06194997 -1.28708184
x -0.81385982 -0.782986522 -0.251491308 0.766133726 1.48716128 -1.96542442 -0.107984468 1.32221925 -0.292708188 1.03513324 -1.26973391 -0.86334902 0.184391454 0.783180594 0.313649416 0.683283806
x 1.10158372 0.876860678 -1.00108695 -1.2282213 0.187801495 -0.0481747836 0.490146875 0.855131388 -0.0359452292 -0.145555481 -1.37464607 0.739783227 -0.449867964 0.443443477 -0.294756234 -0.929921985
x -0.244478047 -0.177612558 0.839565814 0.726908386 0.743816435 -0.564770043 -0.883431435 -1.70487309 -0.747144997 0.11958921 -1.04573619 -0.15994367 -0.55634582 0.15551649 -0.809146166 -0.676121235
x 1.80770981 0.392400742 1.20383501 -0.0136082107 -0.414995134 -1.18175685 0.257634759 0.210791364 -0.528960526 -0.621442258 1.10350394 0.597601354 -1.38601732 -0.318354577 0.493493408 -0.381870598
x -0.978022039 -1.13333678 0.404369205 0.464216918 -0.452748924 0.203578353 -0.418565691 -0.675619543 -1.10141563 1.08441556 -0.460900277 -0.390700549 -1.11167908 -0.398761183 0.19216384 1.16146207
x -1.15188062 0.0628130361 -0.45640412 1.09357989 1.34299338 1.23407686 1.26777709 0.383535802 1.22530544 -0.791857243 0.777153552 -0.384816825 -0.108559944 -0.783064783 -0.11618609 1.38733137
x -1.15792644 -2.3673234 -1.58622694 0.274014115 -1.867594 -1.20029998 0.539730668 0.497161835 -0.99887234 -1.84184623 -0.800332963 0.217265427 0.446148545 1.45232475 -0.272945404 -0.755353689
x -0.983808577 -1.30819845 -0.941541553 -0.274999559 -0.460613817 1.61229348 1.32180965 -0.977476358 -0.298612565 0.373583496 0.951559007 0.819689453 0.977938116 1.81473231 0.0943280607 -0.574539006
x 0.337601244 -1.87104023 -0.922722578 0.100579403 1.937657 -0.182857394 -0.0824192464 -0.81502068 0.367984831 1.59673095 0.611272633 0.0699475333 -2.15586758 -1.73858452 0.00573277799 -0.0578288734
x -0.455466419 0.662781298 0.845772207 -0.701521754 1.55150294 -0.994808733 0.558549821 1.41837406 0.214452699 1.37721312 -1.67960691 -0.215502068 -0.638923466 0.460041612 0.367036104 2.01048636
x 0.323322594 -0.779408395 -0.0220712572 0.708540142 -0.0635552481 0.784009695 0.748778224 1.5964787 -1.10610127 -0.683479786 2.08917761 0.345172673 -0.847904146 1.05023134 1.15303099 0.242807776
x 0.744624257 0.0721852854 0.484837711 0.308811277 -1.02033055 1.58801746 -1.02683127 0.680023551 1.63350606 -0.806505442 -0.196666121 1.11614621 0.0989680067 -0.593613148 -0.269485176 1.56541109
x 0.652408004 0.814390659 0.722325444 0.917828023 -0.443499446 -0.162367404 -0.981536269 0.113232769 1.2922672 0.976145923 -0.458177626 -1.04876959 0.752423823 1.01616311 -0.378433228 0.543810487
x 1.20223343 -0.978581727 -0.454123229 1.14486027 0.861169279 0.425442636 0.483830869 1.79207599 -1.90358305 2.13002968 0.866218865 0.456624746 -1.34311056 0.272686005 -0.727811515 1.00441074
x -2.08427191 -1.03499079 0.28455466 -2.23348808 0.315215409 0.300244391 0.666728318 0.234243006 -0.144760221 -1.57331574 0.478362262 0.743106902 -0.176918253 0.990520537 0.0833735541 1.76146781
x 2.20158124 1.0979836 -0.0175137687 0.0898901746 -0.709740877 0.642170489 -0.479639024 0.33719179 -0.776448488 -0.145376518 -1.1373142 1.01557648 -0.99496758 1.06938672 -0.684821188 -0.1469789
x -0.215811148 -2.99515963 0.219890505 -1.73327708 0.051336728 -0.286409587 1.25648034 0.407853067 0.00127280049 -0.990680397 0.0162945297 0.253492147 -1.01579702 0.195788071 -0.913774788 -1.50680077
x 1.73952448 -1.91804397 -0.817737937 1.88197041 -1.52557433 -0.0669489875 0.718094051 -0.52905345 -0.369970769 -0.691450179 -0.018101858 1.28015971 -0.347121209 -1.11745751 0.359077185 0.775933564
x 2.30160332 1.49831152 0.200399578 -0.78696996 -0.351158917 1.91405749 0.919199467 -0.772725046 0.00942178257 -1.05249941 0.0293219555 1.44291866 -0.346718937 1.29442382 0.821348369 -0.717320681
x -0.134681672 0.0542728044 -0.291656554 -0.832778513 0.812618494 -0.0993363038 0.97358644 -0.61500591 -0.617443085 -0.386707485 1.78674984 -1.40629268 2.16411638 0.511078417 3.58037066 0.244847387
x 0.664541662 0.834428906 0.0761332512 1.94762194 -1.17520547 -0.0722626448 0.651563823 1.12954164 -0.782690644 -0.604359686 -0.371589094 -0.879962265 -0.920635819 -0.293070465 1.2445575 -0.49382031
x 0.163245529 -0.416941255 0.510799408 0.81337285 1.3061285 -0.913064659 -0.863375366 -0.245977491 1.77787495 -0.840838075 0.422429979 -0.300358504 -0.355081588 -1.32228613 0.322844416 -0.696121275
x -0.431495011 -0.194596246 -2.24157357 -0.00223836233 -0.744505107 -1.50936234 -0.0819091201 -0.629147172 -0.833935678 -0.824460745 0.21376954 0.495357275 0.40943718 0.378055125 -0.496420085 -0.118181631
x -0.244168654 -0.0940878764 0.967476368 1.26712084 -0.446150333 0.114502698 -0.771540642 0.538825154 1.26006019 -0.533426285 0.605505764 1.25267303 0.718383968 0.684044778 0.913259506 -0.934693575
x 0.306881219 -1.07512987 0.340160161 -0.00965268724 0.269967228 -0.533582211 -0.978409529 -1.41833794 -0.112595417 -0.0693186671 0.823110282 0.434050828 -1.15142226 -0.377433836 -0.181880221 0.0868936554
x -1.70732903 0.49173221 1.300161 1.02241898 2.47172594 -0.902292371 -0.0155903324 1.8148737 1.47245193 -0.648277283 0.381194502 0.576692045 -0.611506343 1.94744933 0.55975306 -0.34999314
x -1.20570278 1.45422626 0.194958761 -0.893958509 -0.276378959 -0.74167943 1.41656446 -0.570510387 0.848334014 -0.288347781 0.95873493 0.224644303 -1.38562143 0.224160075 0.919780433 -0.291935295
x 0.52666533 0.0147080002 -1.09256697 1.24270499 -0.675798774 0.263171703 -1.27030504 1.55685008 -0.811311126 -1.50196826 2.1751039 0.68556428 -0.0735126734 1.06826282 -0.475905418 0.750742972
x -0.189887673 -0.363533556 0.718098342 1.11308277 1.19153571 0.680810571 0.555633128 0.216116428 -0.797329307 -0.33133316 -0.688814521 -0.254680097 0.666806936 -0.824670732 -0.969907045 -0.0457429364
x 0.850276947 -0.459537566 -0.343524516 -0.463329554 -0.456128925 -0.00382764917 0.575958788 -0.688654304 0.838734984 0.731812298 -0.635788739 -0.781530559 0.394207031 1.45699906 -0.864752531 -0.170039818
x -2.33850408 -0.697470844 1.59937274 -0.312216073 0.450299591 -1.05945039 -0.156985939 -1.0882889 -0.0710830763 -0.0572217703 -0.950630248 -0.641464889 -0.426540673 -0.694158852 0.147057027 -1.55413735
x 1.78484619 0.5176211 -0.603757441 0.766490638 1.20203805 -1.28876162 2.24326754 -0.999754429 -0.507049501 0.679176033 -0.577109754 0.947494626 -0.944902599 -0.103876688 -0.169576615 1.61964524
x 1.18347645 -2.38498545 0.961357355 -0.997760594 0.517184377 -1.50767839 -1.45517242 -0.933148503 0.476166368 -1.81816447 1.51049376 0.578096569 -1.23771334 0.650248766 2.21691251 -0.132578865
x 0.961997092 -0.0312734619 0.650585532 0.33884725 2.62630773 -0.784133792 -0.366676539 2.2373395 -2.7660079 0.0323006026 -1.35979176 0.532164752 0.501652896 -0.0469888374 1.43374443 0.228736579
x -1.55147672 0.0872512832 -1.11640382 0.908209443 0.877992094 0.276435822 1.61934066 -0.918731093 -0.34072265 1.72964895 -1.02755487 -1.64159 0.198397964 -0.299561173 0.827286661 -0.668537259
x 1.88217604 -1.04617071 -0.839919209 0.695258856 0.0605079643 0.0784955472 1.25055373 0.27281031 0.319034755 0.539238095 0.167529017 -0.675730824 0.367068827 -0.102778539 0.44555673 2.20144844
x 0.772227466 -2.47075939 0.216434866 0.409703612 1.91103756 0.286759347 1.84850454 -0.738711596 1.17767346 -0.904860139 0.191494182 0.130376816 1.1602509 -0.182359099 1.64810014 0.389626414
x -0.118827246 -0.546753645 1.12671673 1.93181777 -0.48816371 1.42665505 -0.727288365 0.27420938 -0.811791897 0.719660699 -0.201617569 -1.35374248 0.744470596 -0.239123791 0.378571659 -1.21090317
x 0.738458455 0.349765658 0.608581543 0.611146867 -0.882942796 2.48131824 0.211354256 -0.679899991 0.486539096 -0.08302176 -0.4827981 0.943619668 -0.254694045 -0.874773383 -0.481735438 -0.75781244
x -0.693477631 -0.731696844 0.345994264 -1.18295372 1.2169373 -1.5163455 0.560215116 -0.906050503 0.235001862 -1.16816807 1.40102565 1.38798594 1.81229711 0.318039685 0.446320117 2.41243887
x -1.24054277 -0.768683195 -0.151979595 -0.0886772648 2.68887305 -1.32259595 0.0903683901 0.019156849 -2.28618741 -0.245846123 -0.782091379 -0.00742309587 -0.43862322 -1.6320467 0.221528977 -1.54458106
x -1.31731713 0.503761053 -1.23334193 -0.53354466 0.56731683 1.80054331 0.982804477 -0.867693186 -0.947311699 -1.08619177 -0.292322338 -1.11356509 0.990731537 -0.513831198 0.686183453 0.895220876
x -0.687876165 0.238979623 -1.24002111 -0.251704425 -0.679127097 0.680261552 1.18391335 2.85634804 1.61875868 -0.71647191 1.11659992 1.5708003 0.342006207 -0.932270169 -1.29350924 0.795122683
x 0.128593177 0.0625830442 -1.21139884 0.578288257 0.895490348 1.68971956 0.322844625 0.746945143 1.12785935 0.00640814938 -0.449787885 0.599700093 -0.241707876 0.0549734309 -1.90155995 -1.03717434
x -1.90783119 -0.15726468 -0.138820454 -0.814569116 2.3667326 -1.52707183 0.992339611 -1.133093 -0.593671262 -0.536843896 -0.0629506186 -1.66978598 -1.54571474 1.83845592 -0.909972727 -0.51970768
x 0.155695304 -0.864405692 0.149183244 0.411354721 0.747037411 0.42955929 -0.896479547 1.12657607 0.352901071 1.0938648 0.761026621 -1.07431614 0.496542424 0.915427208 0.630391896 -0.853346169
x -0.286094546 0.700733304 -0.35344702 -1.63808227 0.85279423 0.531153321 0.0921582356 -0.571951807 -0.362519145 0.520257711 0.526774228 -0.1350777 0.741030335 -1.37498391 0.516966999 1.08280349
x -0.0588031188 1.2307024 -0.637206912 -0.364461899 -2.05543613 -1.81832778 0.265387565 0.677119851 0.946015656 -0.845246375 0.913509905 -0.397899747 -0.837798715 -0.356231332 0.763436913 1.21161997
x -0.906915128 -1.50841928 0.742160141 1.04424489 0.664395809 0.166775286 -0.608412683 -0.127203628 0.811967671 0.437853545 -0.725409448 -0.559165716 -0.0711990595 -0.483858734 -0.546133101 0.105452739
x -2.92660999 -0.41901803 0.651543975 -1.50066721 -0.865532696 2.20629311 0.200318083 0.436917424 -0.725370646 1.2459898 0.222196117 1.34355032 1.14741421 0.968178272 1.14006996 0.385298431
x -1.93968725 -0.269012421 1.9835273 -0.745039344 -0.0152197443 0.759318054 0.583985925 -2.72502327 2.27476835 1.43697703 -2.25804687 1.34934187 0.781392694 0.672934294 -1.18958879 -0.102261081
x -0.940245032 -1.26938295 -1.95416737 -2.26497459 -0.290710121 0.0854959041 -0.367622912 -1.75311267 -0.215362027 -0.556180239 -0.975533664 0.361020982 -0.654343903 -0.164646208 0.17157802 -0.26152727
x 2.05322576 -0.813594043 0.187222436 -0.836897969 -1.62850475 1.5942229 -0.809234977 -0.318573803 0.2195445 0.811564684 0.5805251 -0.122063152 0.756943941 -0.840595782 1.83182859 -0.280371606
x -0.2573452 -1.31760359 -2.00776005 1.14300954 2.30120301 0.660356164 -1.84575236 -0.558338702 0.101738952 -0.285715342 -0.197836816 0.259446323 -0.970938504 -1.05274332 1.18358552 0.391608447
x -1.49197364 -0.540974855 0.496406406 -0.841187656 1.24356663 2.20122337 -0.648325384 -1.20291424 -0.114043638 1.28942537 1.61358368 0.474229127 0.814191401 0.77184099 -1.35460949 0.240162298
x -0.173237577 0.447806478 -0.464857757 1.56624055 0.0857088789 0.657273173 -0.991313696 0.265643746 -0.593867779 0.357246608 -0.143431708 0.533259928 -1.75457394 -0.268750459 0.470648438 0.330459177
x 1.9558568 -1.2816664 1.36749506 -0.178512067 -1.36124241 -0.657530546 1.10763443 -0.922408342 -1.23975551 -0.737542987 0.945034564 -2.06651211 -0.719233751 -0.320643008 0.92273128 3.11635351
x 2.14812684 -2.05716395 0.0152587323 0.0391027257 1.8440609 0.313778073 -0.109980479 -0.00581744546 -0.268581003 -0.32540676 0.299895912 1.01926804 1.38147187 -0.339631051 -0.71711719 -0.554520369
x 1.09408677 -0.993771434 0.796794653 -2.07890654 0.682752311 0.570771575 0.459627062 0.694768786 1.25464189 -2.37617826 -1.55901635 1.28624022 0.514701545 -0.657686293 -0.683006823 -0.833882689
x 0.879191935 0.400765061 -0.00487812329 -1.40421498 0.189773619 -0.882610321 0.556813598 0.800604284 0.522916973 -0.432138205 -1.13275635 0.534420967 0.0768332854 -0.87198174 0.544013441 -0.0325521342
x -0.415500939 0.312765956 -0.761192679 -0.342933893 0.130573601 -0.0735080391 0.863954425 -0.117543526 -0.35411498 0.936064005 0.282754838 1.78567839 -0.936225176 0.674847603 0.348499238 -2.59772968
x 1.82168627 0.946420312 -0.0686652139 -0.694431365 1.63601327 0.459837943 -1.23334432 -1.41040719 -0.436046511 -0.373427212 0.631914377 0.698001802 -1.30100811 2.02151752 2.4057281 -0.0314263888
x 1.28348279 -1.04221618 -1.49264312 1.58162808 -0.891538322 -0.573113859 -1.28499711 0.882942438 -0.642671525 0.513277233 1.36406326 0.774396777 -0.525978744 1.59484327 0.200817972 -0.186630636
x -0.402992994 0.213102475 -0.448383331 0.947402239 -0.861609519 -1.2961098 -0.499675214 0.371690869 -1.13803363 -1.03907979 -0.599400342 -0.838266134 0.501901925 0.55981636 1.08933115 -0.628519297
x 0.173620984 0.977709472 -0.581222177 0.44240132 -0.299932033 1.12284935 -0.790144026 0.991846979 -0.631792247 0.695368469 -0.0384903811 0.790511489 0.781550288 -0.22427322 0.412337989 1.05254376
x 0.906159997 0.38386327 -0.351280451 -1.00296772 -0.85589081 0.469703943 0.275929868 1.16607964 0.613586545 -1.70054388 0.543131292 -0.920186758 2.10203791 1.00071979 0.179910451 -0.979507744
x -1.28950846 0.256230861 -0.421147138 -0.687983871 -0.383597851 0.543191612 -2.41752172 -0.843884647 0.712448061 0.376578808 -1.33288443 -0.678461969 0.619707465 0.632491529 -1.63756478 0.0424728133
x -2.41758084 -0.0196062047 -1.11903226 -0.932545602 -0.752466381 0.327867091 -0.777075887 -1.29120553 -0.581529319 0.336583436 -0.254323304 -1.61996436 2.55434561 -0.325354874 0.348322332 0.481856048
x 0.267771959 1.25782466 -0.32522741 0.491362929 -0.973945141 -0.387964964 0.316201568 -0.283278883 -1.11938167 -1.18155384 0.191251516 -0.424070537 -0.954965711 -2.49803209 -1.03716302 -0.707060158
x -1.28554332 1.66717041 0.0384836309 1.16158605 -0.543377697 -0.316672176 0.716365457 -1.09107339 -0.312863648 -0.328912705 2.07793689 -0.578718483 -1.8769933 -0.40099293 0.125916228 -1.67492127
x -1.36583889 -0.821920156 1.49105132 -0.361190677 1.50946975 0.691270769 -1.00718999 0.954162896 -0.178496733 -1.6704489 -2.32437515 0.317567945 -1.87215889 1.37691164 -0.59617728 1.34604192
x -1.09823644 1.02979434 -1.578421 0.421493679 0.827959776 -0.0573955141 0.307796776 -1.40852845 0.621879518 -0.727464855 -0.794155478 0.616130054 1.17019284 0.319188029 1.49065864 -0.184184864
x -1.36164296 -0.417614996 0.552117586 0.282376081 -0.694493175 1.90352535 -1.6065551 0.543597162 0.0384903625 0.889977396 0.251499712 0.29326427 -1.19656587 -0.445729673 0.64087826 0.410316885
x -1.27148402 1.4092654 0.349186033 -0.678625464 -0.978457987 -0.316917956 -0.160489053 -0.453162134 -0.273928851 -0.56445998 -0.130298153 1.48290944 0.632317424 0.0911688358 -0.186398238 -0.65760839
x 0.527411282 -0.899142087 -0.0176397804 0.00766979437 -1.82632959 0.505869925 1.00079322 0.764944971 -0.956741452 3.53417492 -3.03627038 -0.237823382 -1.16056085 0.269363254 -1.37656009 1.71241796
x -0.569731057 -0.0125317918 0.327932507 -0.889729619 0.723871887 -1.60751593 0.372093886 -0.122182474 -0.678076267 -0.928947806 -0.106442153 0.481424063 0.722244918 -0.561385751 -0.747259796 1.14832628
x 0.473598123 0.103691339 -1.09861588 0.802817822 0.0723888129 -0.20330584 0.448672086 -1.11546731 1.09689665 0.763033092 1.28357315 -0.195692271 0.543905675 1.79173362 1.08438182 0.752085626
x -0.392780572 0.174845532 0.687755883 -0.827006519 -0.488268316 0.952848792 0.311885595 0.0123203872 -2.10546088 0.644334674 0.273036152 1.40697455 -1.47267544 0.615794003 -0.0577374026 0.00335467421
x 0.313453913 -0.512273312 -0.0581354871 -0.0904954374 1.44106257 -1.1356709 1.7912972 -0.839404285 -0.413125813 -0.64585948 -0.19616285 -0.215717986 0.208693013 -1.4757458 1.71773386 0.00382650411
x -0.738256156 -0.0118616121 -0.396501511 -1.40890968 0.150414333 -0.715505779 0.795538843 -2.14441013 1.5106765 -0.0557875596 -0.813939154 -0.769457221 0.0315824337 -0.670542717 0.741448641 -1.12179482
x 1.72966135 -0.375813901 0.533000708 -0.516780794 1.55147171 1.59190261 -1.24747193 -0.100154839 -0.081849508 0.248516038 -0.99104166 0.398442268 0.108687043 0.620975077 -0.503714621 -0.752779722
x -0.060154859 -0.224757895 1.76139951 1.11070323 1.01223993 0.0659986511 0.369824588 0.68631047 -0.816697598 -0.237318337 -0.354911953 0.645839453 0.707875431 -1.78719306 -0.455474496 -2.75984859
x 1.78810239 0.614594519 -0.0233189818 0.928169727 0.757115066 1.85122728 -0.199998513 1.11610532 -0.165116638 -0.633250058 -0.617532432 -0.206826076 0.19869189 -1.00504279 1.63577628 -0.441794634
x 0.0276301485 -1.26308572 1.1449194 0.0238796156 1.01533473 0.137096703 0.589203477 0.454993993 -1.62554538 0.576691806 0.571064353 0.733828306 0.634130299 0.50565201 0.224037498 -1.54031658
x 1.44881117 -0.665739715 -1.00036955 -0.693472385 0.921432376 2.05993748 0.482970983 -1.63328087 -0.209921002 -1.26169872 1.28520381 1.05459166 0.718515873 -0.724651694 -0.681763828 0.621707797
x 0.578602791 -0.311596572 -0.89681077 0.130432308 -0.219875515 -0.195727676 1.26315594 -0.329468757 -0.949115515 1.25379598 -2.33017921 -0.817279518 0.775453866 0.499079645 0.694557309 -0.263278574
x -0.498722047 -0.92813158 1.06570029 -0.375094414 1.51611376 -0.861900568 -1.31933439 -0.935502887 -1.25648046 -1.13874078 -0.589250803 0.835314691 0.494175196 -0.969994426 1.46701467 0.215601653
x 0.195796356 -0.85142982 -2.00657964 -0.820831418 -0.581026375 0.646602273 -0.777637601 -0.774908364 1.05835676 1.3007524 0.857240498 0.454663724 -0.433129609 0.0876718834 -0.148340151 -1.24375784
x -0.947507858 0.550801933 1.58606935 -0.664983034 -0.527020812 -1.16812158 -0.815032184 -0.108832315 -0.646761298 0.0780100897 0.830066085 0.202895239 -0.00403869478 0.236779422 0.818126798 -0.175922781
x 1.49009109 -0.118389592 0.287354261 0.984791458 0.216952607 0.81838423 -0.99620676 -1.33770108 -0.844334066 0.972185612 -0.941647649 -0.28067857 -0.273872554 1.32234609 0.756195366 -0.047284618
x 1.22605026 0.830171824 0.189763948 1.01098084 -0.805846214 1.58190262 -0.827884078 -0.0784913376 -1.21072352 -0.588411331 0.284910679 0.431487113 0.1145913 -0.844205201 0.649895191 -0.151586816
x 0.687306404 -0.395693839 -0.428952932 0.530832767 -0.102325976 -0.0150867086 0.975768328 0.939623833 -0.826705456 0.567637384 -0.339877307 -0.241276547 0.231925845 0.596182585 1.60968149 -0.202929467
x -0.737205803 -1.38334548 1.58377624 0.492975831 0.475947738 0.0349069461 -0.247690961 0.238938048 -1.182639 -0.0749031976 0.277224004 -2.49362946 0.481538922 0.452295899 0.334725171 -0.710354328
x -2.69487548 0.118890196 -0.183291927 -0.874982178 -1.08987033 -0.119828999 1.34677637 -1.33603525 0.692494214 -0.511166036 -1.30839777 -0.747074306 1.65884554 0.138265252 -1.05029058 1.33751273
x 0.302335322 -0.542051256 -0.121002518 -0.510041654 1.67190623 -0.740815878 -0.54456079 0.541371346 1.14574111 -0.959012806 -1.62659717 -1.23394704 -1.4604311 -0.116882868 -0.00399685791 0.124416113
x 0.276344985 0.125207558 0.964791954 -0.609583378 -0.799113214 0.813733459 -0.770826399 -0.207235858 0.432950974 -0.0939375162 1.4819932 -0.090693891 1.6853056 -1.07204974 0.270471603 -1.26459885
x -0.210826352 -0.246327817 0.295419484 -1.39119899 -0.0384641178 0.466148853 0.271855086 -0.331036389 0.540859699 0.240673989 -0.438915342 0.847566485 0.131869406 0.248712182 -0.457351357 -2.55081415
x 0.144468948 0.825338542 -1.56931233 -1.09939456 1.55791688 -0.281482905 0.858140826 0.192662269 -0.121838033 0.965950727 -0.640522957 -0.255790144 -0.798119426 0.166755617 0.00306285638 -0.683609486
x 0.358742535 -0.296786368 0.329277426 -0.000467391656 -0.279064149 -0.512970269 -0.592469513 -0.573113143 0.284020722 -1.09629381 -0.58553046 -3.28466225 -0.66113162 -0.387657046 0.352585822 0.801815331
x -2.15455508 0.251786619 0.333720684 -0.558476567 0.630654097 0.496040583 -0.446509689 0.358326077 0.895460546 -1.7926842 -1.0129168 -1.41104794 -1.36027694 -1.43801105 -0.921533048 -0.492945313
x 1.57095909 0.855530441 -2.25052691 -1.33661473 1.57563126 0.928163111 0.191527516 -2.69095874 -0.455352813 -1.35779846 -0.872444093 -0.294151783 -0.505459428 -0.997199297 -1.99329102 0.481527001
x -0.556838989 1.33236992 -1.26807022 -0.147295222 0.434255838 2.32905364 -1.3598187 -0.670976043 0.820743561 -1.79955804 -1.1415323 -0.275362611 -0.136096746 0.896395087 -1.09340143 -0.305143565
x 1.4313755 -1.3380512 -1.57491922 0.815613568 -1.0566144 0.138717294 -0.283485442 2.10026002 0.0589502379 2.7606945 1.84445918 0.999278307 -1.63434005 0.290133536 -1.63248134 -1.01144588
x 0.931230962 -0.881727397 0.299107701 1.39076281 0.566181302 -0.854598343 1.51021433 -1.20308423 0.595956504 0.636913776 0.365195066 0.726554632 -1.31518722 0.0668007284 0.166470706 -3.17636204
x 0.750922918 -0.0115766991 2.4963913 -0.492709428 -0.82076782 1.1076138 0.379120201 -1.11665487 1.64255762 0.116705582 -0.0976441354 -0.345311642 1.41300392 1.88228846 -0.0259369072 0.349801749
x -0.33426556 0.666636407 1.63033187 -0.622262955 -0.0430113599 -0.101469971 -0.0118729938 -0.00138413254 -0.675852358 -0.361976594 -0.4244017 0.838256359 -0.460262179 -1.41061819 -0.475216866 1.49508822
x 1.33721459 -0.273967087 -1.78473926 1.21286511 -1.9936173 0.381432444 -1.09396577 -0.939103007 -0.338768244 -0.928189993 -1.54961598 -1.33542991 -0.374870509 -0.676595628 -0.261258602 -0.340985477
x -0.21698685 0.506075203 -0.961571872 -0.510070682 0.525894701 0.737473428 1.52761483 -0.516283572 -1.38052309 -0.960154712 -0.831759155 2.57389951 0.9682796 -0.0673552901 0.51531285 -0.507626355
x 0.734377027 -1.98829412 -1.01247096 -1.22263491 0.337352812 0.589542568 1.03257644 -0.8151232 2.14877582 0.839806914 -0.0560212955 0.754201829 -0.622736573 0.678326666 0.336652309 0.213545591
x -0.00378513499 0.412483037 0.696765602 0.964075446 1.03454757 -0.928086638 0.0763681456 2.45626616 -0.501930952 -1.18616593 -0.247097388 0.845216274 0.780088186 -1.61873162 0.191066042 0.379004747
x -0.467619658 0.865344346 1.25646472 0.753292322 0.528595805 0.982430935 -0.76001817 -1.36312139 1.86093628 -1.14584756 1.79135513 -0.835779727 -1.54640031 -1.83130288 0.165299848 1.04949057
x -0.505642891 -0.622238457 1.34104061 0.623446643 0.584488213 0.605048418 0.369132608 -0.353520185 1.52816629 -0.199084178 0.387703657 0.822783947 0.152343422 0.965293646 0.16204305 -0.6890499
x 0.0169795472 -0.0157813113 1.61410928 -0.00668918993 0.788080752 -0.108399697 -0.592419863 -1.24294519 0.873014629 -0.179325372 -0.927854598 -1.8175931 0.289837897 -2.26720166 0.136456236 0.623268843
x -1.95222092 1.30254602 -1.45499659 0.254376441 1.52841747 0.8130638 0.292075187 -1.65747559 0.71106571 0.749349356 1.694785 1.37404573 -1.68920815 -0.335739136 1.02198327 1.30258811
x -0.2838386 0.361968309 1.03261936 0.421496332 0.130464569 -1.20178127 -1.38017833 -0.62084049 0.719695687 -0.483052641 -0.333578736 -0.109659433 0.317018509 0.221506774 -0.343964249 1.07457209
x -1.35670006 -2.15007877 -1.07525635 1.11509919 0.179268867 -0.313056111 0.454622954 -0.35476774 1.65043676 -0.217992812 -0.524779975 -1.21000898 -2.5502491 -0.75081718 0.422539353 0.0727195814
x 0.487921238 0.927641273 -0.447625101 0.618417382 0.193707868 0.0597331412 -0.371127069 -0.286119223 -0.192792654 1.45049262 -0.805254579 -1.21683764 -0.00284603448 -1.26684296 -1.74964511 -0.332036346
x -0.298793226 0.625995457 0.233173668 0.173903927 -0.943433702 -0.00295861065 0.516600251 1.0516187 1.92839241 1.2503823 -1.14446437 1.27615523 0.0309417695 -0.0539219677 2.26480007 -0.00573267555
x -0.832659602 0.590084016 -0.997586429 0.460220188 -0.647583425 -0.137695655 0.536068201 0.406487793 -0.710138142 0.329419017 -0.156641319 -1.24256015 -0.690705299 -1.33787811 -0.887675405 1.1167655
x 0.997920454 -1.33386338 0.241611764 2.39201093 1.46909058 -0.581042945 -0.602412164 0.305627078 0.0871708021 -0.395889044 0.0977534056 1.69091856 -1.05566943 0.486801594 -2.50618315 0.109777622
x -1.37304819 1.21206379 0.210557252 0.501590192 -0.336526096 -1.0875386 -1.06780386 -2.19839907 0.234079629 0.177528054 -1.00506747 0.241829678 -0.455659896 1.25189149 -0.416659445 -0.169821069
x 0.523178279 0.475381821 -0.608169019 -0.578886449 1.60105824 1.62200677 0.190317705 0.63719523 -2.58945537 0.315936059 -2.85531116 -0.745185077 0.401187003 0.639340103 -0.199087188 -0.191278145
x -0.997324586 0.110369913 -0.70375216 0.220267534 -2.03550863 -1.126212 -0.587969601 -1.68090081 0.183511615 -0.81551832 -0.289569616 1.48562407 -0.743924439 0.219522327 1.13888311 -0.0655432194
x -0.653453708 0.0962878689 2.06393552 -0.414806932 2.12138653 1.28453135 -1.13558555 -1.7865051 0.431350976 0.798475266 -0.277361512 0.0314612351 1.18493199 -1.63284373 -0.0105319927 1.3221786
x 0.379530668 -0.357223928 1.67899239 -0.0601109378 0.788461387 0.522058666 0.445435256 -0.910060287 1.25339592 0.122827128 1.65440226 -0.0458316468 -0.85243398 0.0462110192 0.708142161 0.66843468
x 0.303724647 0.910168648 -1.10625374 0.405433774 -1.39017904 -0.176174223 0.961565197 -0.903787136 -0.0938163325 -1.2558918 -0.534357309 -0.589467406 0.560741901 1.36780274 0.279626697 -1.10333264
x -0.866315126 -1.92179036 0.521565795 0.951242328 0.706109226 -0.321926653 -0.263135791 0.142954707 1.06065798 -0.842577636 1.06817889 -1.34640586 0.405837655 -0.658550084 1.87516654 -0.67491734
x 0.434984148 -0.329377919 0.17318137 1.34125173 0.0758805275 -1.14617014 0.336448312 -0.484924108 1.39415526 -1.72279799 -0.405430496 -0.206303746 -0.404575437 -0.589575171 -1.67015862 0.982625663
x -1.29353809 0.517769575 1.66232157 -1.55146718 -0.813836038 -2.06392455 0.688665569 -1.35704255 -1.34372675 -0.584336877 2.35251284 1.11265969 0.953037679 -0.416035831 -0.70179671 1.91136098
x -0.413729817 -0.816446304 -0.685758829 0.629121184 -0.494852781 0.453588217 -0.41298458 0.223110944 0.524259448 1.46548998 -0.131298885 -0.77437675 -0.460611194 -0.519300818 -0.407314509 0.642714322
x 0.756900907 1.18445134 0.172486693 -0.224137932 2.67118955 1.26732326 0.338279575 0.9969666 0.250388056 -0.40543732 0.137552649 -0.4378061 -1.69830108 0.755180538 -0.869015694 -0.49856621
x -0.265996933 -2.58063602 -0.687073767 0.435855985 1.89984834 0.107421033 -0.866574407 -2.86876321 -0.820693552 -0.573121548 -0.659958541 -0.800443769 0.0506190881 0.892971098 -0.0530346148 -0.0650527477
x 1.08299649 0.492483944 1.1287514 -1.06873333 1.14573109 0.178832769 0.164886713 0.249066025 -0.707082093 -0.459252894 -3.29645848 0.698015511 -0.646590352 -0.778710544 -1.17705488 0.856000245
x 0.326357394 0.91101253 0.608776987 1.07922578 0.615439415 0.834654093 0.554666936 -0.315721244 -0.484864146 0.407453507 1.30589461 -0.322591573 0.14113085 0.571299493 2.13640261 0.689897358
x -0.610479832 -0.246496469 -0.0728554875 0.0189766996 -1.73393059 0.390256077 -0.478455126 0.796917617 -0.337779343 0.845153451 0.310124636 -0.191295817 -0.561507285 -0.254315346 -1.21971834 -0.12075825
x -1.82336557 0.327660143 -0.383386672 -1.46458185 0.759395599 0.418661505 -0.037720535 1.17237115 0.623119354 -1.12896848 0.00981368776 -0.691291869 1.00545812 -0.350171685 -1.75946152 0.685855389
x 0.1761823 -1.97646284 -0.459262967 -0.570877612 -0.227173343 -0.438572675 0.598776281 1.4500581 -1.66079283 -1.02029955 0.509773791 -0.516719341 -0.95426023 0.358988285 0.574358344 -0.210351869
x 0.633783817 -2.48702717 -0.31107381 -0.828371584 -0.606236398 0.0343259946 -1.76573098 -0.48032546 0.380038261 1.14380062 -1.24843943 1.18904257 0.437551498 -0.365030527 0.711568594 -1.23352921
x 1.62975037 -0.280267358 -0.203036562 0.323448986 -0.775434077 -1.02859771 -0.00755311828 0.987306952 1.40730679 1.38957989 0.25570783 0.37538442 -0.440602213 0.862401187 0.596282601 -1.39043045
x -1.50617552 0.887995839 0.882430077 -1.04892242 -2.26108027 0.757464409 -0.545455456 0.438741982 -1.5579226 -0.369122326 -2.42319059 0.575596929 0.284525007 0.506463468 -1.67271388 0.706554711
x 0.235920638 0.157255098 -0.13318114 -2.25985742 -1.16033673 -0.504885137 0.779877067 1.06467223 0.951791286 -0.516944826 -1.42024064 0.601487041 0.718245804 1.17243981 -0.43419832 1.03848827
x -1.1602304 0.259567231 -0.829793334 -1.20920146 -1.76264286 -0.248840928 1.39084661 -0.0283616688 0.139026225 -0.348999143 1.39232838 0.382531941 2.06409192 -1.25873327 -0.739506185 1.76195288
x -0.988796651 0.272069871 -1.02665496 -1.45146275 0.768167496 -0.0581967272 0.335033536 -0.279581606 -0.0460964032 1.09306264 -0.0271704644 -1.80979824 -1.01449084 0.19514069 -0.55711031 0.460948884
x 0.691528141 -1.23011172 0.0629963055 1.22066426 -0.838325679 -0.451089591 -0.889673173 -0.3386105 -2.75822091 -1.18960226 1.12167513 -0.0207680017 -0.289936632 -1.30958807 -0.497792482 0.250987202
x -0.854513943 -0.822063982 0.507022381 -0.698865294 -0.666461945 0.774184585 1.24659216 1.77617157 1.46793175 -3.13162112 0.647274256 0.0202597547 0.353508174 -0.481918573 0.131104961 0.650308251
x -0.910329103 -0.245920092 -0.901405275 -2.25973988 -0.814350963 2.20380569 0.613424778 -0.315295428 0.276188612 -0.183780059 -0.308480829 -0.326333672 -1.43904126 -0.164404005 0.618974686 -0.072121717
x -0.470972389 1.36155891 0.990318835 -1.86822152 0.458275974 0.794390559 0.109254837 0.880891442 1.56422472 1.3603065 -0.318685442 1.17636216 -0.340488046 0.00772439456 1.84107625 -0.344706714
x -1.34836984 1.11384714 -1.23506272 -0.207957476 0.828860998 -0.0844624937 1.03808856 -0.747632205 -1.60157418 1.0930028 0.880616724 -0.589212239 0.989254236 0.203683734 -0.806232035 -1.89128232
x -3.71339083 -0.602398455 2.96770191 0.867043674 1.72150934 0.682236314 0.0222952813 0.594838738 -0.984915376 -0.678908467 0.757485926 -0.58634454 -0.0600967407 -0.891029418 -0.117953643 -0.0319774263
x 0.158730716 0.0643240958 1.51809955 2.39495611 -1.73863435 -0.136165783 0.826882899 -0.768031359 1.66279078 -0.970472813 0.78790015 -1.51980674 1.38353252 -0.944179893 0.32000789 1.8688606
x 0.165983856 -0.628217757 -0.295276046 -0.398767889 1.31454873 0.871131539 1.58078218 0.0655409843 1.46963429 -0.36365664 0.112791948 -0.915070295 1.18466187 -1.20270312 -1.23934853 -0.677477896
x -1.48852563 -0.765629411 0.135348246 2.09585285 -2.10741615 -0.777637482 1.11149251 -1.11812294 -0.810817063 -2.11083508 1.49605918 1.50525188 0.822773755 1.01007235 -0.304702222 -0.391819805
x -0.933930337 -0.290045798 -0.016671909 0.894829333 0.987483203 1.94864929 -0.803330302 0.375129253 -0.603123248 -0.603881359 -0.325683355 -1.69997215 -0.493864596 -0.738656223 -0.439314634 0.152614698
x 0.789686918 -0.280700803 0.890752017 -1.78077769 -1.11641455 -0.864732862 -1.36730576 0.45826757 -1.02167809 0.125731796 1.78391933 0.129314512 1.95967615 -0.590570927 -1.03954995 0.929933071
x -0.24541384 1.03207982 0.809461713 0.884426177 -0.280617297 -0.0930557325 -0.0126400609 0.221338421 -0.759640157 -1.79358423 1.76869333 0.557946205 -1.13172853 -1.0296905 0.797072351 -0.151709899
x -1.50875735 0.167110115 0.511200666 -0.368449152 -0.0111625995 -0.115748413 -0.820741534 0.319680452 -1.08267283 -0.690771759 -1.46751976 -1.74752569 0.886609733 1.0756619 0.339667022 0.7828269
x -0.468886405 -0.00199727458 1.14565206 -0.478465676 -0.422231972 0.415256321 1.27416849 0.584317207 -0.730947852 -1.37706852 0.0942703336 -0.124391139 0.126839742 -0.0935631171 -0.679852128 0.610665262
x 1.18789387 -1.53638661 0.838976443 -1.19892108 -0.349882454 1.32168531 -0.807640672 1.04341912 0.411244869 -1.07000577 0.0014979057 0.945330441 1.66327 -0.404669821 -0.539255738 -0.355494142
x -0.0348012298 -2.70769501 0.946053267 0.508072495 -0.170931473 -1.03608918 -1.98629737 -0.672409952 -0.261811674 2.18568301 1.12720466 0.657760501 -0.0890261978 -0.00205237302 2.16814995 -1.11612773
x 0.152148634 -0.0238318369 -0.144933194 0.12227305 -0.39831537 -1.11595309 1.17755294 -0.767162919 -1.24539161 0.767967761 1.49746943 -0.583759606 1.06642222 -0.461043388 -0.246968329 -0.89824301
x 0.535330951 0.621560216 -0.700245976 0.963609457 -2.65314531 -1.32265329 -0.282895714 -0.4732728 -2.51408339 0.0461347587 -0.574915588 -0.145809278 -0.88165009 -1.87204897 -0.580965459 0.353151262
x 0.301594764 -0.634600818 0.414773345 0.794957876 0.537790656 0.416893065 2.32086182 1.55840743 1.68806589 0.0201768577 0.346583098 0.27245456 -0.811635852 -2.64235878 0.692504942 1.03671145
x 0.598163247 0.12591064 -0.113628887 -1.99069345 0.168361202 -0.278749764 0.650075734 0.0942215249 -0.437950701 -2.01539111 -0.866523623 1.33002722 -0.0118901124 0.330387771 0.476473212 -0.238075361
x 1.58346403 -0.305053055 0.194886371 0.38053757 -1.16341352 -0.0985424891 -0.48866564 -3.0752573 1.56725168 0.845575929 0.997919798 0.15836747 0.259225398 0.422353297 0.183934078 1.11085486
x 0.559081614 1.05357075 -0.483493447 -0.230633929 -0.952930152 0.175679117 -0.314418525 -0.461542875 -0.413480401 -0.764569044 0.434361726 0.338503331 0.39096424 -0.0525858663 -0.491554588 0.0952281207
x -0.960419655 -0.239126191 0.965706646 0.723867476 0.503620684 -0.141582116 0.373687774 -1.4052943 -1.72747242 -1.31370461 0.642551303 0.14168188 0.821481109 -0.0780886635 -0.192301497 -0.670850515
x 0.527467966 0.00347898528 -1.20887315 -0.410482466 -0.0922986418 -0.348238379 -0.447785288 0.0696099475 0.340530723 -0.539349258 0.360732317 1.55365443 -0.675236821 0.347948462 -0.574653268 -0.987184048
x 0.282108009 0.863101959 1.13374007 -1.74637485 -0.0266558621 -0.210343093 -0.10114529 -0.27929163 -0.416019589 -0.343005329 0.772696018 0.340137571 -0.583322406 -1.92879903 1.15229857 0.507095337
x -0.630060077 1.10920489 1.68082631 -1.0352875 0.497968495 -0.101772889 1.771101 1.00271046 2.5637753 0.418951601 1.35421968 -0.088945806 -0.993117392 -1.10216153 -1.12124693 1.30140245
x 2.05009127 1.44285703 1.41765225 0.107038498 0.283483535 -0.204354927 -0.975970745 -0.462498784 1.53333724 0.614063561 -0.638226211 -0.662314951 0.409440875 0.327292502 -1.90800834 -0.698174655
x -1.16179228 -0.0574786589 -0.550409436 1.87162507 -0.414702415 -0.257896036 0.672513485 0.573654532 1.00791812 -0.520099878 -0.312497526 -1.23340988 -0.175832942 0.414284408 0.253020436 -0.918371856
x -0.155278102 -0.0889375955 -0.402097017 -1.11274087 -0.993404448 -1.48367238 1.01647234 -0.0685697794 0.168128505 -0.608862102 0.80603236 1.63095319 -0.649661481 -0.527924001 0.388027221 -0.136217117
x 2.50104117 -1.16585708 -0.207960561 0.776575148 -0.936658919 0.876443923 -0.60301441 0.157603085 -0.292282879 -0.997500062 1.1030997 -1.26104915 0.0525734089 1.5085361 0.418223411 1.08482635
x 1.36075282 1.25702882 1.44425428 0.569350779 0.504268885 0.688150287 0.222045168 -0.485879064 -0.916924238 0.823055804 -1.65847504 0.71634984 0.316850752 0.818799436 1.10421574 0.35018295
x -0.979760349 -0.672788024 -0.59193629 0.065169163 -0.859881938 -0.499869823 -1.43699145 0.337753713 1.2847997 0.151238561 1.04241979 -0.981383562 1.96124721 1.56286788 -0.491904497 -0.173373863
x 0.293246657 0.87565136 -0.293918669 1.22403073 0.556201339 -1.00565553 0.961182535 1.16280532 -0.0527358763 0.618412018 -0.337234974 0.179603457 0.151444525 1.38587821 1.0550034 -1.50117373
x -0.589132726 -1.2905097 0.923046887 0.126032278 -0.642907202 0.440236658 0.715061188 1.02850056 0.0219242498 0.0613922141 -0.435658514 -1.02187645 0.744148493 0.573988974 0.137586698 0.287124008
x -0.880701244 0.988820255 -0.230413005 -0.449338734 -1.00476289 0.901583672 -0.426752627 0.393977225 0.565968156 0.382582545 -0.517859578 -0.0635434911 -0.750068128 0.392541021 0.0824884176 -0.398094475
x -0.828290105 0.383724183 0.817255855 -0.877560198 0.668791592 1.85057199 0.541794777 0.951396883 -0.557653308 -1.39005625 -0.816332281 0.397379369 0.312318861 0.443092316 -0.363357693 1.11483574
x -1.47290802 0.197291136 -0.279538393 -1.25554228 -0.119100526 0.373455375 -0.382812858 0.182979673 -0.451405346 -1.79365122 -0.625541449 2.28620291 0.25371474 -0.877750218 -1.11934614 0.406837255
x -0.401466966 0.437276214 -1.39522791 1.82762718 -0.313862592 -0.862830102 -0.783895433 -0.115501374 -1.03956389 -1.17606175 -0.68891418 -0.0760214105 -1.60845625 0.805078745 0.244236872 -0.854211032
x 0.00707570696 0.802651286 1.36820793 1.2505095 -1.02376175 2.07866549 -0.0740292966 2.43653488 -0.773921132 0.00679962803 -1.5817076 0.655991197 0.84169209 0.326312989 1.83701253 0.618748665
x -0.393140852 -0.123758405 1.54302394 1.2163949 -1.14740813 -1.3165102 -0.461019069 -0.594056427 -0.128597826 -0.60931164 0.323106229 0.285431892 1.25071633 1.11992061 -0.778510332 -0.127593711
x -0.854415476 0.941850007 -0.353597164 1.24787569 0.297183782 0.694489002 1.3595531 0.460932314 -0.536878169 -0.214234844 -2.05008745 -2.05436635 0.126532063 -1.19809783 -0.743498266 0.971682191
x -0.386951238 -0.140409559 1.91751707 -0.517747045 -0.0380555056 -0.159983248 0.918960989 0.332875967 -1.23232329 0.778607726 0.415402234 -1.32864177 0.753666401 -0.041407682 -0.0383921564 0.478797168
x -0.109408133 -1.51512301 -0.651145637 -0.196661457 1.19162464 -1.3873049 -0.634121001 -0.655589342 0.910934269 -0.345596373 0.731710434 0.0447275639 -0.375674903 1.91427445 1.02439225 1.46244168
x 0.534941256 1.53706777 -0.211324453 0.588907719 -1.02389097 0.841971457 2.09099197 1.06126821 -1.3550992 1.61080098 -1.33714342 -0.197719648 0.626594722 -0.602843583 -0.562718332 0.369970411
x 0.467204511 0.359141856 -1.81929231 -1.07737768 0.211644769 -0.0895885155 0.0270962212 -0.405274808 0.0937527567 0.299641848 1.21549916 -1.31354308 -0.132391945 -1.1578995 1.87247109 -1.81382573
x 0.319172204 1.47445762 -0.677570403 -2.22441697 -0.15405564 1.12350357 -1.28593349 1.19798434 0.775818586 0.24491483 0.231422246 0.135081634 0.552956998 0.406276345 1.56425154 0.392316282
x 0.399229765 0.564469218 0.0942900032 1.97544003 0.331964314 -1.95632076 -2.61205983 0.033207614 -2.07538581 0.0763565451 0.516655862 1.26859307 1.47044384 -1.39901757 0.282101482 -0.983726144
x -0.733392835 0.871528089 1.15400457 0.412539214 -1.19750762 -0.10232944 0.677827954 0.696202934 -0.707119346 -0.794724464 -1.77261949 -0.63594985 0.095201768 0.107291825 -1.92908585 -0.578502119
x 0.372916967 -0.0749482885 -0.217916071 -0.991953969 0.0262611099 0.456451148 2.00203347 0.556141496 0.193703294 -1.77568293 0.336964279 0.719354868 -0.429686457 -0.117599368 -0.589781404 0.613417149
x 1.58148873 1.05991411 0.894820809 -0.833072484 1.73650515 0.67342788 1.48747432 -1.67099285 0.49593997 1.0200702 -1.46166039 0.659890413 0.649854481 -0.235250473 -0.402263939 0.062819384
x 0.549114048 1.41743731 -1.317312 0.426412046 -0.118630163 0.510346234 -1.49321377 -2.30854321 -0.596506953 -0.232035324 -0.598523557 -0.50738579 -0.718553305 -1.25047219 2.161798 -1.67454457
x 0.672267377 -1.1027261 0.380126089 0.680314422 -2.08487463 0.113949969 0.339524925 2.77709222 0.300199211 -0.321049899 0.927029967 -1.23880756 0.688623965 0.574062645 -0.391421884 0.371715665
x -0.22065039 0.921159506 -0.69119823 0.292789638 1.37803423 0.525687158 -0.0521219 0.42648235 -0.044840619 -0.378946394 1.55358911 -0.458375305 -0.117618255 -1.39271092 0.371464014 -2.91551518
x 0.667798936 2.28162098 -0.581444561 -0.274380118 -0.546029866 -2.02951074 -0.233101487 1.15603197 -0.213475853 -0.0670169219 -0.930401683 1.13848865 -1.2940284 1.38640058 -0.0121604912 2.52451062
x 0.511857033 1.34681427 2.12061453 -0.091453746 0.703775048 -1.36584044 0.130853325 -0.446550429 0.303717464 0.179721594 -0.373154968 0.524226606 -1.06390524 0.202550024 -0.388671815 0.051170446
x 0.410409361 -0.100802816 -0.506598294 0.550593734 -1.9854039 -0.0768118724 0.965661168 -0.208241135 -0.681404531 0.742126226 -1.8247118 -0.269659668 0.0579966307 -0.105111688 0.993135512 -1.14921284
x -1.50169551 0.47152558 -0.172667906 1.09259975 0.462785751 -1.4294225 -1.75540745 -0.326020002 1.16827476 -1.42328286 -0.138930589 1.42074418 -0.720123529 1.62226069 -2.2096324 0.166660115
x -0.585731566 1.46077907 1.28073108 0.134191766 -0.541029513 -0.658395112 0.677322328 -0.238355011 -0.303605467 -0.0429469869 1.70390737 0.765959144 -1.05164027 -1.51902127 0.475276589 -0.239403799
x 0.771519303 -0.437478125 -1.04152668 -0.836570561 0.879752874 0.915106833 -1.19807327 -0.895889163 0.168703824 -1.51878846 1.99330699 -0.725496352 -0.806807339 0.765874267 -0.0119481459 -0.0965563729
x 0.170966253 1.39904428 0.55019635 0.564561486 0.108293332 0.512393713 0.441239297 0.505678177 -0.457783222 0.151534796 2.61476421 -0.111117482 0.493271112 0.0758422688 -0.930853188 -1.99410594
x 0.0347971581 0.35313943 -0.846642792 0.128084809 -1.21326053 1.24204624 1.67686403 -0.244743332 -0.261185527 1.36699593 0.699745417 0.484927028 -0.0892257318 0.992771566 0.0279054623 0.0683395267
x 1.06946397 1.48571503 0.527020037 -0.854952216 1.1464076 -0.481241554 -0.277790189 -0.70288676 1.46458864 0.177585334 -1.18759942 0.42223984 0.405717641 0.359377772 1.6411109 1.69873476
x -0.878687143 -0.390797555 0.0641566291 -0.969390988 -0.80675596 0.842062294 -0.737732053 0.402069658 0.715398014 0.152930334 -0.138430893 -1.43482685 1.86955142 0.540091157 -1.25243771 -0.896882474
x 0.505822241 -0.405646056 0.682512462 -1.3004986 0.165523767 0.86384213 -1.63085735 0.392669559 1.5120461 -0.83708185 -0.744744658 0.95808357 -0.641768336 1.37044799 0.127028212 -2.3660531
x -0.061544437 0.0724670365 0.265771419 -0.228409797 0.482521206 -0.358225316 0.69239372 -1.59274566 -0.952156901 -0.088277556 1.779827 0.831902623 0.231843904 0.50334698 -0.740196943 0.491753191
x 0.116518639 -0.0835794285 0.556659758 0.428223193 -1.91886485 0.0645114779 0.24890402 0.184692249 -1.32398987 -0.034077432 0.036421068 -1.274634 0.772708833 -0.462660342 -0.484128743 0.553159177
x 1.52757597 1.41195714 -0.866251171 0.268957734 -1.37265992 0.45575133 1.46080017 -0.615288973 0.353350818 -0.250788718 -0.909020483 -0.674572825 0.960518658 -1.05914211 0.25632301 -1.79539526
x 1.7880888 -0.248691902 0.0885217786 -0.290067136 -0.812175095 0.378391832 -0.246650621 -1.44400418 0.927484989 1.41737199 -1.4109174 0.331821352 -0.41246739 0.45980382 0.574788868 -0.710107505
x -0.0743694678 -0.223404586 1.44705236 -0.740044832 0.025791239 -0.859941185 0.748525858 0.817228436 -0.0640395433 0.474454671 1.45986986 1.25630546 -0.853635669 1.63663507 0.730764568 -0.516052246
x 0.941256046 1.65252769 -0.490432203 -1.3000356 0.728590846 -1.90817845 0.350580007 -2.19845271 0.343702108 -0.0929617435 3.28194165 -1.07511222 -0.425075233 -0.584345758 -0.880875647 1.35077167
x -1.36744106 0.512027681 -0.105540983 -1.35368276 -0.169122472 -0.00325402198 0.252475441 -0.723409593 0.292293727 -0.443474263 0.0642659143 -0.363729447 0.344055802 -1.1255672 0.302015305 1.1591146
x 0.368759096 0.18412596 -0.124477252 0.983528197 2.33718634 -0.458490431 -0.781670153 -1.54580688 0.207879379 -0.548053324 -0.00525983842 1.548262 0.0375014655 -0.936006784 -0.244143531 -1.58562207
x -0.971983433 2.22635579 -0.531856775 0.689466655 -0.435653627 -0.559657097 -0.218320191 -1.29799271 -1.42998171 0.136457816 0.719742179 0.0141727459 -0.0965054631 0.439911127 0.08709196 2.49825716
x -0.731439471 -1.1503638 -0.654485166 0.513965189 -1.33263052 -0.103612199 1.50654423 -1.08053732 0.986156106 1.3130821 -0.0493273027 0.187114194 -1.21092033 0.529368281 0.545446098 -1.01381707
x -0.0570775792 -1.35680187 1.94973874 1.75507414 0.358018219 0.934964716 0.451860398 1.06353664 1.28874743 0.734236896 0.539369345 -0.226967201 -0.211692736 0.375543743 0.387625307 0.559411287
x -0.615721643 1.41219068 -0.338346213 -0.496519953 -0.263104111 -0.736321211 -0.398251057 0.22409825 -1.16421294 -2.17531133 0.748762846 -0.0133314561 0.915669322 0.685918212 -1.90853512 -0.357202917
x -2.11414647 0.98623538 -1.48535693 0.528530061 0.665540099 0.357550681 0.168633312 0.192310363 1.5434891 0.0435531139 -1.42130065 0.982635558 -2.38077044 1.18892276 0.52583003 -0.351783007
x -0.917625427 0.5393098 -0.252654165 -1.31701756 -0.232339352 0.0448622443 -0.96581161 0.166182458 0.830754578 -0.560161412 0.111856595 -0.0226342306 0.0979471207 9.91153574e-05 0.495044947 -0.158745721
x 0.217275113 0.301284671 -0.0560659245 -0.315918326 -0.960399628 1.48759425 -0.010313998 -2.36425543 -1.26928115 0.509858251 -0.17683585 -1.20393229 -0.0141275609 0.66261071 -2.45186114 1.25913119
x -0.174134701 -0.608598769 1.6896044 -0.0197625607 1.22554839 0.380773693 0.151661247 -0.711638093 0.747337699 0.858053446 -0.142140508 -0.122100003 0.832010269 -0.660107553 -0.406164885 0.210419267
x 0.854726732 0.861949921 -0.122588105 0.0480620302 -0.724490523 -1.0894897 -0.773819506 0.334710687 -0.71833992 0.0542633906 0.616383791 -0.831358612 1.28144026 0.214015335 -0.627025127 -0.212035537
x 0.294018477 1.81632805 0.066482842 1.00561309 -1.10861218 1.36301911 -1.02495337 -1.64830542 0.520344317 2.36812711 -0.662643433 0.938452184 -1.11484432 -0.357945174 1.54246449 -0.315590113
x 0.64305687 -0.694853544 1.37364829 -0.419828624 -1.04357791 -0.777115583 -0.288164794 -0.714407265 1.51357162 -1.12487769 1.75559795 -0.820024371 -0.927561998 1.88788569 0.322309583 0.684169054
x 1.82191408 -1.04906905 -0.882582545 1.85785508 0.63570863 -1.04670441 1.27762425 0.159605443 0.252421379 0.563525856 0.964632809 1.27230072 -0.229838803 -0.0958590657 -0.541561544 0.765149772
x -0.0629885495 -0.164916426 -0.20245643 1.0988791 0.774404407 -2.02662492 -1.16109228 -1.25436282 1.61874402 -0.511955261 0.373264104 0.518476725 -0.320360035 0.48437047 0.198187843 -0.255287081
x -0.42640993 1.09720767 -0.923564494 -1.18787229 -0.391560018 -1.35155594 -0.393167198 0.483917773 0.214290127 1.02284503 -0.142437935 0.304188341 0.647352755 2.07795167 -0.182779551 -0.52173245
x 0.613364279 -1.31269908 -0.497082889 -1.13139844 -0.748281002 0.58847177 1.16309559 -0.877980709 -1.04189408 0.143892795 0.317089051 1.06288648 0.99147892 0.243034929 -0.725835025 0.0342962258
x 0.591739655 3.02686715 -1.24110734 -0.770160377 1.13754046 1.72755778 0.574848473 2.02211618 0.598682463 0.707938135 -0.124924198 -1.71652162 1.15849531 0.828465581 -0.0351712741 0.823133767
x 2.70281434 0.977416337 1.80126512 0.421636313 -0.117489614 0.119712062 0.929740667 -0.245612934 -0.451257974 -0.495932758 1.72714674 -0.0216646921 0.140194193 1.14735103 -0.277338505 0.0484291576
x 0.866687417 0.895243704 2.46883678 -1.11188078 0.372192502 0.610776603 -1.14001548 0.332144618 -1.00924397 -0.868710458 1.05788076 3.15927529 -2.71214533 -0.620912433 1.96693575 -0.698855102
x 0.481546819 0.866240919 0.374174029 1.03601146 1.28330147 -0.224577904 -0.302063555 0.590316176 -0.397896737 0.482867569 0.52128917 -0.563347161 -1.28966737 -0.295289457 -0.593102872 1.18851888
x 0.207355753 -0.584468722 0.895413041 -0.882461369 0.426594406 -0.0429786518 1.905954 -1.49760425 -2.22424221 -0.607072532 -0.0532113016 2.81646729 0.846438766 -0.0181300454 0.632261336 -0.656309307
x -0.258818746 -0.836341083 1.80698872 -0.00297197257 0.270214617 -0.475630015 -0.167265698 -1.07748115 0.205222964 0.27369687 1.52650261 -0.394073159 -1.26060927 1.38078439 0.366257042 -0.815923095
x 0.288921863 -1.21372259 1.03734386 0.292810917 0.196573839 2.06067371 0.885432541 -1.25021207 1.91181397 -2.59090304 -0.295651942 -1.94853127 -0.38697955 1.3722949 -1.08918285 -0.431400716
x -0.498216271 0.370572835 0.745011806 -2.17369771 0.946786523 1.02137208 -0.960096538 1.21305215 -1.46259344 0.305243373 1.02667379 0.0597662888 1.55416501 0.296431541 0.00886033941 0.176205814
x -0.337057263 0.449129373 1.68153691 1.51032054 -0.430916429 1.30638933 1.1121161 1.91618598 -2.13412094 1.02740943 -0.187630534 -1.17433333 0.560301483 0.450121611 -0.734878004 0.890272975
x 0.417043835 0.996775448 -1.1931411 -1.31964576 -0.969607651 0.441000909 -0.741268754 -0.167673394 0.613792658 1.32892108 0.404629171 -2.95283484 0.471037507 -1.89212394 -0.81325227 -0.0875093639
x -1.05713761 0.0468318537 -0.772700548 0.394706547 -0.598961413 -0.344669998 0.540342748 -1.03734386 -0.310447037 1.35829389 -0.213021904 0.451104224 -0.748232365 -0.952942967 -0.303176582 -0.364129633
x -0.52470547 -0.895285428 -1.53587782 0.0237101316 -0.176827282 -0.731711984 -0.966739118 1.08791745 2.17474318 0.599191427 1.14072132 -0.273893207 -0.206627518 0.047245618 -0.828085244 -0.552180171
x -0.458311677 0.277360708 -0.592132509 -0.706410408 -0.0368632227 0.478734046 1.22599578 -1.58148646 -1.01103079 -0.511887014 0.520368397 -2.02367997 -0.381016999 1.65910161 -0.825933218 -0.508511066
x -0.0177745577 0.149157465 2.58314896 0.259500086 0.46239087 0.498440236 1.80224478 -0.376582503 1.45591414 -1.16954505 -1.28425193 0.459876567 -0.445891798 0.199005321 -0.0207420886 1.84423101
x -0.141897902 -1.73474503 -2.48752069 -0.966403306 -0.439630479 -0.470603794 0.565534055 -0.942691505 1.25817823 -0.150715381 -0.0506503098 -0.39078337 1.12444067 1.41049743 0.438364834 -1.43101668
x -0.14225997 0.214004174 0.118678898 0.83283788 -3.10287189 -0.335024565 0.568604112 1.22085381 -2.23796511 -0.528746068 -1.24259675 -0.822733581 -1.19074965 0.604970157 2.02219772 -0.223884031
x -0.194929227 -0.0847988874 -0.243402854 0.609436035 1.64278424 0.72010988 -0.643276691 0.963670611 0.313043058 -0.783986032 -1.41907275 0.0477785133 0.349086076 -0.428359568 0.648499191 0.56169641
x 0.873878777 -0.81127739 -1.02312779 -0.908074915 1.19210708 -1.36174595 -0.221383616 -0.176523224 0.19076395 -2.06102848 -0.291778982 0.598818064 1.1690613 -0.0174935646 1.95322692 -1.18135059
x -0.931280017 0.539952695 0.535720825 -0.906251311 0.901076138 -1.54977953 -0.817631006 -0.981287062 0.36233148 -0.894641101 -1.2053144 -0.699648201 -0.506216586 -1.34244275 -0.961194217 1.54674172
x -0.627818167 0.85227406 -0.099383451 0.198459148 -0.238835663 0.536991894 -0.266293555 -0.911347508 -2.34952044 -0.143433452 1.57293427 -1.21070063 -1.46805346 -1.85766006 -0.920225859 -0.237893835
x 0.406785846 -0.698858202 0.0685778111 -0.310598731 -1.58356392 -0.591017008 1.77796245 0.474891216 -2.32838249 0.477294922 0.247713685 0.242901936 0.321167231 -0.091167286 1.00219774 -0.746272504
x 0.0114836143 1.30824029 -1.46296299 0.709630013 -0.860731125 -0.494790107 0.561337352 -1.74286699 0.0237146169 0.184732512 0.126886383 0.264895201 1.60286546 -0.498213708 -0.494322717 0.00282110507
x 0.353563488 0.167494506 -0.614433765 0.0168005694 -0.478414148 1.69791639 0.851472557 -0.789292336 0.00767732784 -0.994665921 1.32846284 0.462657273 0.461041212 0.172064513 2.62273049 -0.481595278
x -0.405896813 0.994408786 0.0184342228 0.0315107107 -0.208444983 1.69738472 0.400305301 -0.69794482 2.05305886 -1.21079302 -0.578072488 -0.289862782 -0.316914737 0.0204818435 -2.35888934 0.279764891
x 0.625917971 -0.615414858 -0.258468658 2.00165105 -0.688428104 -0.303017557 0.95028019 -0.482144952 0.231660843 -1.10126209 1.52337515 0.447854459 0.0762332529 0.157826409 0.117466241 0.898147583
x -2.6001153 0.0793015733 0.730595469 0.0791547 0.812882423 1.18741786 1.37919986 -1.14982939 0.890619516 0.805125356 -0.314646453 -2.24332619 1.62815511 -1.51971483 -0.191504344 0.702827752
x 1.12590015 -0.0718556643 0.208154172 0.552339971 1.14858794 0.341501355 2.13181877 -1.63309228 -0.0796621889 0.382327735 -0.683604777 1.12490535 -1.99626589 1.22515726 -0.479001254 -1.07971394
x -0.593992352 -0.258011073 -0.682282209 0.100115433 -1.45048606 -1.49018979 -0.295105547 0.791556478 -0.325002283 -1.2541641 0.848891497 1.59397459 -0.937990725 0.705634177 -0.621736646 -1.13266003
x 0.128897712 -2.02066731 -0.581029594 0.393546253 1.3341924 -0.685097754 1.65917563 -1.35174799 1.95558262 0.188123658 -0.721152604 -1.83742869 1.33919632 1.17694628 -0.143104896 -0.666345596
x 0.412350297 -0.988836646 0.0285493601 -0.734349787 0.401230693 0.290120959 2.45438457 -0.858319104 -0.123944446 -0.108090423 0.325625747 1.52069843 -1.15239322 -0.0426424369 -0.244252935 -0.279647559
x 0.178031102 0.0539245941 0.979084909 0.698664546 -1.15052652 0.864661753 -0.0733499676 0.262931347 -1.4317503 0.772689402 0.992119968 1.01294053 -0.729462922 -0.414347351 -1.29105163 1.85562778
x 1.15708792 -1.80328441 -0.45242855 0.455452621 0.900090396 -0.0524318144 2.34383011 0.152015254 -1.19504869 -0.584876001 -1.18427277 0.100359835 -1.42978597 -0.956864059 1.049245 0.751763284
x 0.674197018 -0.816704452 -0.0108481841 -0.648463666 -1.2842437 -0.554536641 -0.64688164 -0.473222136 0.840691626 -0.673358262 -0.508747339 -0.0429473445 0.481334716 2.31793928 0.488376766 0.634587169
x -0.916717649 0.0549832359 0.677362204 1.55589283 -1.20754325 -1.60137391 0.292843759 0.0529096462 -1.28013182 -0.919674337 -0.454864174 0.33405751 -0.852478802 0.301106155 1.46903372 -0.498238176
x -0.249169216 -1.1103363 -0.190839082 1.08818543 1.63391328 0.619738758 -0.99207902 -0.223379314 -2.63834882 -1.16815579 0.756261289 -1.49740052 -1.44687414 -0.136163846 -2.47573662 -1.43799901
x 0.140575007 0.153986245 -0.575816095 -0.330209047 -0.466629207 -0.0631358251 0.203658447 0.569233298 -0.0732798651 -0.0928732753 0.123821989 0.850449741 0.0181561448 -0.83612591 0.439831287 -1.50513625
x -1.01144016 -1.07378936 0.233222142 0.188256428 -1.72126329 -0.343806565 0.20574607 -1.53232622 -0.439524561 0.737709463 -1.20826912 0.387686074 1.63719726 0.952146411 -1.06627572 -0.999571681
x -0.290250272 0.0874519348 -0.157252878 -0.605934143 0.447562844 -2.72076774 0.157689184 -1.2579788 1.46171808 1.48419833 -0.472786456 0.708236694 -0.886740088 1.00381744 -0.127417475 0.138600543
x -1.20887899 0.752798617 -0.684614062 -2.2341423 2.53038359 -0.108939506 0.937233627 -0.0389120802 0.44173038 0.101401888 -0.698946953 0.255382806 2.11741829 -2.04901958 0.976480126 0.770359278
x -0.941757977 -0.79881382 0.478867114 -0.273023188 0.665089786 -2.21424198 -1.32850575 -0.0199816562 -1.20291901 -0.0828098655 0.757151842 -1.12450314 -0.258855522 0.375195086 -0.514158964 -0.74044311
x -0.62369591 -1.45267916 0.974437356 0.459040225 -0.308113456 0.215981051 1.64256012 0.345883459 0.210555255 -0.720913827 -1.66378713 0.634025693 -0.701549411 -0.718864024 2.35721493 -0.853357613
x -1.67675018 -0.814701915 -1.64085734 0.739935279 -0.72025162 -1.41022146 1.67860794 0.223204345 0.376719743 0.284090608 2.27548862 1.37962234 -0.95245415 1.10517073 -0.803326726 1.99186301
x -0.349920362 0.10302791 -0.131812304 -1.69866312 -0.555795074 0.525956511 -0.468390465 -0.654817939 -0.843279362 -0.396020383 0.181691214 2.18958473 0.221236885 -0.0259154122 -0.688563943 -0.407377452
x 0.0451730564 0.248457804 -1.01886773 1.12153339 0.501301467 -1.62275624 1.95651543 -0.96768707 -0.165915728 -0.200600743 -0.95673883 0.00913618971 -1.08665061 -0.302033007 -0.567691922 0.56390512
x -2.03624392 -0.669495523 1.60669029 -0.104887851 1.26919961 -0.119537316 1.38414097 -0.651573896 -0.272271693 0.298676521 -1.07089818 0.198243767 0.0154514667 1.12328434 1.13977063 0.835898817
x 0.125447795 -1.41866446 -0.813921154 0.259597242 0.623936713 0.397704542 -0.501675487 0.220271379 -0.441527486 1.11927104 0.167023718 -0.799177229 -0.559171736 -1.19267774 -0.968342364 -1.3129009
x 1.64039624 0.537449718 -0.907576978 -0.147437915 1.46070707 -0.404061496 0.644509614 0.0463465452 -0.480086595 1.07530153 1.05008757 -0.818753183 -1.04084802 -0.200635538 -1.24879599 0.540584385
x -1.02994919 0.535479009 0.0174774509 -0.323743194 0.689697325 1.9632889 -0.077335 -1.32462895 -0.177635789 0.364548892 -1.36633611 -0.950743616 0.302325785 -0.221152991 1.91005731 -0.670155942
x -0.178265855 -0.719149351 -0.449376017 -0.535950482 0.167860284 0.105732396 2.61057329 0.39117077 -0.942341745 1.58704579 1.531371 -1.4174614 -1.81784987 0.28308627 -1.06802797 -0.562284768
x 1.25880635 -0.439673036 0.308320582 0.790156662 0.170059189 1.56290245 0.212292314 -1.61425006 0.468635082 -0.584391952 -0.939337492 -2.19062328 -0.702619731 0.522981882 0.0391295142 0.0129621327
x 1.35399449 0.55298537 1.06352282 -0.0342193693 1.38846958 0.0116944974 0.776197612 0.928230464 -0.358062148 0.362755328 -1.26297438 -0.0403112173 -0.315592915 -0.539574146 -1.16065967 -0.210835636
x -0.622674406 -0.504577756 0.794959486 1.68969405 1.09293437 0.859322608 1.17117834 2.71527815 -0.721981168 1.85963094 -0.220973596 -0.184601247 -0.629019737 -0.827268004 -1.33557785 0.200116277
x 0.635497391 -0.168457568 -0.0493736491 0.2939592 -1.98993933 0.989108384 0.544703126 -0.989704907 -0.187519431 -0.0538990721 -0.651064277 -1.8221221 0.202328756 -0.436909348 -0.370067179 -0.115443021
x 0.0521048643 2.57043004 -0.603271246 1.2329309 -0.678340197 -0.844384611 0.536472559 0.86912787 1.3596164 1.09498 -0.0354363918 -0.243292123 0.363131911 0.887258351 -0.569468856 -1.19328737
x 0.343388319 -1.13024092 0.0499173254 1.86252487 -1.52120674 0.461718976 0.0508585088 1.43055701 1.05285072 0.0204620529 -0.56687361 -0.876021802 -0.0812526494 -0.0858303159 -0.173176199 -0.803316116
x 0.0878448784 -0.0484096035 0.131720066 -0.990807354 1.46688378 0.892477334 1.34377122 -0.72572428 1.05417717 0.882870018 1.07603657 0.783388972 -0.032952439 -0.457468569 -1.24261165 -1.78736162
x -0.369127154 0.664739549 0.0160224382 -0.0209380854 0.651550293 0.299778551 -0.0491423234 -0.283153653 -1.40370762 -0.212622672 -0.539042234 0.427032053 0.293307692 -0.609427929 1.50881147 -0.380963951
x 0.634912789 -0.379632473 -1.45882988 -1.34832609 -0.454965383 -1.11794615 1.93084145 0.829912901 -0.286949933 -0.268017113 -2.28596091 -0.304021329 -1.23583174 -0.493369818 0.833837867 1.19208348
x 1.31253386 -0.828414559 -0.849384546 0.625916898 -0.126036927 0.427583307 -0.606580973 -0.338154346 0.549686611 -1.26792049 -0.662746072 -0.437662393 0.488338739 0.556702912 0.238313943 0.53793633
x 0.810310423 0.571755886 0.259994656 0.246682018 2.65852594 -1.0286144 1.07738042 -0.113307536 1.46897936 0.590801597 -0.238653138 -0.616238713 0.326866657 2.37218904 -0.881825209 -1.04278576
x -0.114853419 -0.55132103 1.63409996 -0.745803237 0.849329889 0.466213316 -1.43343771 -0.685462415 0.916942239 -0.171803877 0.178766415 -0.89068228 0.165347993 0.708536148 0.78571564 0.468518585
x -1.56382716 -0.904501319 -0.875862181 -0.995621502 1.06759334 -0.778662205 0.105378963 -0.0231610425 -0.957121074 0.470607966 -0.559343219 -0.812229037 -0.775121868 1.08548045 -1.20764148 -0.033772368
x 0.645296395 -1.417261 -2.20251346 0.425276667 0.259095579 0.307311833 0.82114023 1.1167109 -0.708769679 -0.791537464 1.04511797 -0.251322925 0.281808794 0.793346643 -1.07680094 1.47005093
x 0.769781411 1.48309171 -1.22489905 0.855523169 1.35701168 0.545439482 1.68345296 0.827557266 -0.853364587 -0.398811698 0.996306479 -1.46112931 -0.438249677 1.56313372 0.611919045 -1.23308492
x 0.409624904 -0.521473825 0.279759735 -0.913576066 0.734276116 -0.980206132 0.0828839689 1.01681685 -0.354908705 0.713872731 -0.948833942 -0.406968176 0.544245899 -1.36540604 -1.11070681 -1.86956084
x -0.218043417 -0.946404755 -1.88252819 -0.210645765 2.24531126 0.145571232 1.91107213 -0.372305602 -1.01067126 0.71752584 0.198352948 0.538683593 -1.72581863 -1.65133679 1.10040796 0.21224758
x -0.264072865 -0.284159213 0.797906041 1.49474823 0.224885672 -0.0697048083 1.15735078 -2.8070755 0.9835729 -1.53247523 0.88873446 0.0542804375 1.19701564 0.750088453 1.4499892 1.61353219
x 1.69104016 0.277503878 0.217050582 -0.0350105315 -0.0969719961 0.310546607 -0.821048319 -0.734867215 0.570428729 0.485543191 -0.107983157 0.229599014 -1.72480333 0.512674391 -1.89845359 -0.331921756
x 0.441828966 -0.619088173 0.82443583 -0.451525837 -0.791191757 0.396648377 0.417803288 -0.551307559 0.56310606 0.497974455 -0.763645589 -0.757660449 -1.35556924 0.437793851 1.77367711 0.100099772
x -0.172286063 1.17194748 -0.895932198 -0.46307978 -0.156533867 -1.15857303 0.402089119 -0.216918871 -0.295480788 0.876321614 -0.531003177 0.123789608 -0.286373943 -0.169995412 0.548832893 0.418917716
x -0.372687668 1.72343075 -0.521493733 -1.66940904 0.235547483 0.50373596 0.0146749299 -1.42423224 -0.633470237 1.90648758 1.02637351 -0.782370627 -2.05423832 -0.813605845 1.08155012 -0.782209933
x -0.314707756 -0.726935446 -2.22998476 1.92804825 -0.53108871 -0.793674469 2.10853648 0.293597728 1.89847934 -1.27481461 0.715566158 -2.43166733 0.169654727 0.422355354 -1.91964507 0.173999503
x 0.519919813 -1.15095437 -0.274149686 0.913648665 -1.32875919 0.6124928 0.200592473 -0.360502899 0.770367324 -0.317397624 0.402791053 -0.2238646 -0.781358957 -0.769445002 1.41118419 0.345483452
x 2.3929491 -0.579314172 0.0139127849 0.172341183 2.09096217 1.76557183 0.669041097 0.356980562 0.269050926 -0.29116419 -0.303540647 0.233931839 -0.693199575 -0.124798104 -0.398856968 0.281307906
x -0.541225493 -0.846794546 -1.98756814 -1.27485931 0.531743109 -0.922461092 -0.524327576 0.426574677 -0.78357178 0.0379497148 -1.70561314 1.06216395 -1.13194859 -0.099990353 -1.38375127 -1.64703405
x 0.49168992 0.0784407705 0.298372746 0.3684991 -0.424970031 -1.00282693 -0.731178761 0.6145643 0.502091885 0.71077168 0.0826441571 0.989898145 0.505070031 -0.809646368 -1.40750813 -0.233755395
x -0.0651670471 -1.86842299 -1.45459306 -0.178788364 -0.189533293 -1.3098191 -1.49280643 0.559683025 -0.341997832 0.085375756 -1.83545792 2.6228857 -0.877047539 0.958400249 0.266023368 -1.25829029
x -0.113758013 -1.60803378 -1.2718457 2.05523586 0.956989765 -0.0385925546 0.359661311 -1.63252592 0.74359405 0.747788548 -1.5248307 -0.827473164 0.143884957 0.346325725 -0.0283244066 0.590696096
x 0.474603027 0.740725815 0.116302706 -0.556349277 -0.0327037126 0.619209766 -1.09456873 0.781744719 -1.34821284 2.07073498 0.313392043 -0.791054666 1.51199436 -1.73109651 0.942817092 0.0643842742
x -0.152299538 0.546628058 0.511597157 1.00361633 0.444610834 0.00111683516 -0.3431817 0.33395049 -0.689950109 -1.05016482 1.24800563 1.01168323 -1.67585599 0.100381307 1.53466749 -0.741909623
x -0.779505551 -1.05216706 -0.498924673 1.11699796 -0.298009515 1.87148356 1.59105301 0.750185907 -1.41564333 -0.149658188 0.596677482 0.530828536 0.138222545 -1.3416667 1.01649904 0.00611919397
x -0.0622080117 0.703922689 0.600938261 0.00568378065 -0.145957276 0.447142154 1.08401263 0.817272305 -0.0979051962 1.33065653 -0.311864376 -0.50603056 0.167486072 -1.342785 -0.87875402 -0.0252455007
x -0.0610267892 0.333970159 2.371943 0.687006772 0.464704543 0.230558127 1.22706437 -1.05750465 0.580663919 1.01537442 0.362955838 -1.24916828 -0.961064756 0.659746051 1.66667771 0.968495786
x -0.0585305728 0.119638167 -0.94034797 0.466879904 -1.92407799 -0.445544213 -1.1131103 -1.44983912 -2.50311828 0.497918904 -1.78083706 0.42951259 0.581538081 -0.247837782 -0.166341051 -0.955197096
x 2.76526809 1.34234321 2.59639788 -0.244006187 -0.96137017 -1.0082953 -0.277657688 -0.0591493286 0.387149215 0.708280027 -0.205252841 -0.631748438 0.353748411 -0.621123374 -0.299233913 0.837598205
x 2.04425645 0.225635037 0.763597786 -0.359427243 -1.66657221 -1.72443175 -1.35995531 -0.87055701 1.11260712 -0.927046776 1.14648235 -0.0344593264 -1.23158038 0.358049363 0.510384798 1.02630985
x -1.79555392 0.511326075 -0.0992762595 1.31488132 -1.60555744 0.426304191 -0.353982687 2.72231674 1.2585696 0.327929974 -1.35649192 0.480425477 -0.566613138 1.36385071 0.153529584 1.55894923
x 0.640037298 0.0761847124 1.17201209 -1.60953128 -1.14742017 0.826622665 2.09847856 1.95466959 -0.94725281 0.25315398 -0.17310977 0.702878773 0.316473007 0.852984071 -0.364718407 -0.402866334
x -0.270387858 -0.687328696 -0.201790124 -0.878241777 -0.637592018 0.395832509 -1.6071682 -0.247174188 -0.668739259 -0.855985641 -1.25939763 0.443032801 0.109696448 -0.348396748 0.843058348 -1.85945511
x 1.22027302 -0.231007144 0.0539392941 -0.289069653 -0.821850002 -3.54290867 -0.500967503 -0.0388997383 0.435245782 1.76256907 0.355710536 0.396400303 -0.074293375 -1.61110413 0.333807796 -0.496366143
x -0.276792288 0.656543911 0.727082253 0.00786316209 1.43501449 -1.67170954 -0.910757005 0.0196311045 -0.23266767 0.112807691 -0.96583724 -0.917835772 -0.873482883 0.739080787 -0.666131675 -1.30588233
x 0.725105286 -0.36217612 -2.19055915 0.261091113 0.918422699 -1.10747671 0.463367909 1.94787526 -0.0599240325 -0.768345892 0.421532005 0.755907297 0.845757306 -0.865298569 -0.370852143 0.687336206
x -0.907512546 2.38637161 -0.941512942 -0.4802486 0.0161609761 -0.528383851 -1.48442698 -1.19922888 0.706316173 0.777278304 -1.00896454 -1.00345993 -1.41883349 -0.971260309 -1.07414424 0.798945367
x 0.64483422 0.964214504 0.888099313 -0.368522584 2.25887418 -0.951657593 1.71063447 0.521426737 0.260309368 2.36112547 -0.487738073 0.490603805 0.209295809 -1.36546874 -1.03609955 0.420253277
x -0.413446784 1.94801009 0.692467868 -0.557139456 -0.539279461 -0.0515836887 1.89867973 -0.302602589 -0.191429734 0.0903693512 0.120954156 -0.17687653 0.704976737 0.109505288 -0.763031065 -0.241903171
x -1.81511867 -0.240589947 -0.381500274 -0.835561275 1.05363321 -1.53962445 -0.0741519332 1.53553641 0.413756013 0.412249833 -0.172605902 0.656684816 0.0498577766 0.889643669 -0.0833756104 0.635756731
x -0.805781305 -0.607757568 -0.0327215791 0.236032009 0.787316859 0.268023133 2.52193999 0.447576761 -0.0107976831 -2.09733486 -0.163215324 -1.55515206 0.620520532 0.180749282 2.1405046 1.45540988
x 0.404563278 0.641010642 -0.560303926 -0.542607009 -0.922685981 2.54516435 -0.47405237 -0.470510155 0.271302611 0.0964537039 0.173267797 2.2875104 -1.32622123 0.928413808 -0.0948374048 1.047243
x -0.509111345 0.181219861 0.29068169 -0.389826536 0.836494744 0.0309038311 -0.412069649 0.457413614 1.09908998 0.687865138 0.880780876 0.223272249 -1.16991234 1.93872833 -1.18674719 0.601819217
x -0.648997068 1.27120829 -0.0953245685 1.18612707 -0.0531238727 0.160141841 1.17260277 1.70637512 1.32825971 -0.380988777 -0.0890606716 0.600824535 -1.81744027 1.07675683 -0.103126943 -1.22641528
x 0.690933704 -0.650115669 0.464038074 0.406659693 0.161468297 -0.814693511 0.00404146919 0.0972074866 0.561305225 -0.508250654 -0.193405777 -0.263687879 0.131284937 0.596332788 -1.4611268 -0.0901964605
x 0.744511724 0.0514639318 -1.12368941 -0.533397734 0.656514168 0.855232716 1.00049222 -0.193561569 1.32557154 -0.608605862 1.35409486 -0.0968200266 -0.684316397 -0.503719151 -1.19037426 -0.15423952
x -0.00704320427 1.32342768 -0.0715611503 -0.148116916 -0.779375851 -1.82109261 1.22014391 0.52256161 -1.38574183 0.782088935 0.111636318 0.210710451 -0.893888175 0.118307181 1.61959493 0.641458154
x 0.0637226775 -0.56616956 -0.179270536 1.53063428 -0.838115335 0.353013754 -0.980954885 -0.565494955 1.35007787 -0.360001087 0.279031277 2.35646343 0.44170472 1.09815717 0.760908842 0.529509366
x -0.0315665156 -0.121377446 -0.333596826 -0.857891977 -0.491682351 0.145049646 -0.535153091 0.498514861 0.614736021 -0.371327817 -0.460402906 -0.349606335 -0.827569842 0.569116712 0.500471354 0.957356393
x 0.0838682279 1.75241196 -1.49324691 -1.1660111 -1.11124885 0.752505541 -0.746953189 -0.0214997698 3.19787407 -0.697589815 0.531618297 3.26884651 -0.665129721 -0.66577816 -0.388179839 0.564884305
x 0.985847116 0.0367236063 -1.57408285 -0.754354715 -0.177780718 -0.164376408 0.484086752 0.244514123 -0.775672674 0.662922204 0.0871814713 0.925979018 -0.016352823 -1.46302271 0.636126697 0.0908660442
x -0.371317834 -0.109558247 -0.731702745 0.137189284 -0.725413084 -0.195193648 -0.561995864 -0.417274237 0.514575899 1.47112572 -0.186238423 1.29117441 0.322755426 -1.02176642 -0.159781978 -0.681663632
x 0.669088423 -0.4322851 -1.14596343 -1.00286329 -0.932811558 -0.0700021982 0.367725581 -0.293698579 1.21841657 -0.509886861 0.0548935533 0.677977204 -0.693573833 -0.996549666 0.730577588 -0.981060147
x 0.746086538 -1.90530789 0.992541134 0.173829734 0.354865491 -0.880743861 -0.646380126 1.55549967 -1.47267389 -0.288742185 0.87370193 1.8144027 0.640351951 -0.405986547 -0.607817888 0.195013255
x -1.26376832 -0.724110246 1.94341099 1.17105377 -0.422448069 1.28799045 0.784134686 -0.504570544 0.855993509 -0.70102042 0.80513972 -0.00885362271 -0.297884941 0.700304031 -1.54518545 0.926905572
x -0.0793976113 -1.25485575 1.26781523 0.122512005 0.981613338 -0.0847123042 1.74649334 -0.08847408 -0.0378968678 0.806254983 0.0460629575 -0.569692254 0.719681919 -0.0129551897 0.883010685 -0.958657861
x 0.0797034651 0.242701277 0.0237169228 0.0263288524 -0.592897117 0.43664667 -0.0261644535 0.0661710277 -0.106706604 0.120574318 0.650578558 0.0473766588 1.68480742 0.632863045 -0.863367558 0.710086405
x 0.194946781 0.930196106 1.10983586 1.08488357 -0.339176923 -0.304645956 0.271433443 0.722673535 -0.15400438 0.126210213 -1.96704602 0.465326071 0.868104398 0.152999088 -0.101540841 -0.314139187
x -0.232985437 0.255950361 -1.36590719 0.774207115 0.151620954 -1.96679175 -1.56426013 -0.928551853 0.448659629 0.151935264 -0.256668657 -0.098719798 0.427987486 -1.93697381 -1.15412831 0.321952373
x 0.518494546 0.279318035 0.912878096 1.0511446 0.168289915 -1.24298811 -0.790401518 0.170820847 0.543322146 1.93956423 -0.228237107 -0.264401555 0.0110123903 1.73679805 0.146064773 1.19623029
x -0.343356937 0.548114002 1.25564229 0.407120824 -0.4205046 1.30852675 -1.23452663 0.185301259 -0.515217602 -2.46462989 1.14690626 -0.170101643 -1.91919255 -0.211845681 1.61235714 0.607625306
x -0.235768825 0.291943043 -0.0791729987 0.153442055 1.31987143 -0.60291642 0.401716143 1.03505468 0.535359561 0.800096214 0.908170402 0.446073413 1.11362243 1.33585608 1.34933412 -0.211875051
x 0.214423478 0.371441543 2.30271506 0.181120664 -0.721424222 0.0520292595 0.960394681 -0.417417586 -3.19875741 -0.724039197 -1.21229541 0.708626211 -0.455585867 -0.597452581 0.919793546 1.1828903
x 0.160374507 0.566855013 0.895065308 -2.90136147 1.03238976 -0.692970037 1.07201135 -0.336928129 -0.396758944 1.05254734 -0.441022456 0.693681419 -1.41693032 0.951522529 0.690691531 0.613488197
x -1.17892945 -1.38793135 0.953778327 1.59407628 0.615944386 0.966597557 0.482298881 -0.136236623 -2.56065822 -0.539744616 0.874402642 -0.183298558 -0.201967061 -0.831056774 2.11107635 -0.384719491
x -0.476887852 -2.2461791 -2.08616924 -0.665304959 0.690535724 0.476595759 -0.520296097 -0.953181148 -0.25902164 0.968847036 -0.169358253 -0.186713263 0.951644778 -1.62473571 -2.48639965 0.847319305
x 1.52849412 -1.2511493 -1.0508014 0.227294117 -1.08064628 -0.0544429868 -0.0367623009 -0.64581871 0.0414684899 -0.563407719 0.816384673 1.11723924 -0.898379207 1.50358236 1.76882648 0.594185889
x 2.20806885 0.978953421 0.728787303 1.23168409 -1.1166743 1.69558668 -2.7725215 -0.665076315 -1.26477778 0.579516351 0.425533623 -0.689023674 -0.590692282 0.020521706 -2.19658637 -0.564402282
x -0.491369814 0.644735634 0.281547248 0.523560107 -0.252706468 1.0195452 0.470721334 -0.369931072 -0.704361677 1.55184448 -0.201145694 0.566892207 -1.00757575 0.370870948 -0.88083142 0.327946842
x 0.0708829984 -0.760208845 -1.39004326 -1.03855777 -0.137642682 -0.622060955 -1.28828514 -1.09473741 0.261070788 -0.0914563835 0.422227293 0.106789112 -0.254364699 -1.00857472 -1.64544165 -1.01017153
x 0.0618581176 -0.266553015 -0.673969448 -0.317685455 -1.04903603 0.381451309 -1.87610233 -0.586213827 -0.119790152 1.4834125 0.0292689484 -0.86054194 -1.82477939 -0.162706241 -1.65244198 -0.0530909523
x -2.43003726 0.934747875 -0.102369905 -1.71728528 0.501356304 0.512118459 0.291301578 -1.59964335 -0.0796631724 -0.321155488 -1.05562675 -0.373818964 -1.23756719 -0.205820099 -0.801116168 0.899622738
x -2.14274645 -0.204172537 1.39639151 0.542287409 -0.133758634 0.713535905 -0.48557806 0.253440082 -0.0604566522 -0.469306588 1.10549629 0.754067361 -0.92191112 -0.986482799 -0.861124039 -0.238407627
x 0.939006805 -0.384130567 -0.0004621798 -0.493218929 -0.489061952 0.911078155 -0.0627884269 1.53539753 -0.666361153 1.16514444 -0.774310827 0.324574888 0.282997698 -0.386209488 0.308340251 -0.66032052
x 2.19227862 1.0755614 -1.37014925 -0.904949844 -0.844229102 0.355941892 0.318841189 -1.27066123 1.076671 -0.338321716 0.964125097 -1.77019572 -0.268660814 -0.362383187 0.108078651 -0.0427870788
x -1.28270662 -0.310298741 1.56514144 0.679033399 1.13487148 0.249243543 -0.959306479 0.937161803 -0.719007611 0.6469661 -0.683540285 -0.582057238 1.06775677 0.905703008 1.31681728 0.0300621018
x -2.15297365 0.455627918 0.795709908 0.850620925 -0.375293612 0.884225368 -0.550697148 0.467858434 -0.667124331 -0.271812767 0.613736153 -1.10377121 -0.960142732 0.45075345 0.65484482 1.18247318
x -0.0029994431 -0.460674405 0.421864688 -0.00748028839 1.80286503 1.36335957 0.500003397 -1.86331046 -0.530390859 1.06737375 -1.13580668 2.54712319 0.460932374 0.733357847 -0.421183676 0.451688915
x 0.83139962 -0.497755796 0.541072845 0.221713454 -0.867649198 0.417563766 -0.437391609 -0.165531144 0.644136012 -0.496076941 0.733233452 0.866761088 0.389047861 -0.982927561 -1.49472857 0.304472744
x -0.663394153 0.154859081 -0.692550302 -0.672883511 0.316234082 0.713508487 0.72535342 -0.244639769 0.800073862 1.75043213 -0.0901753828 1.01523042 1.03282976 -2.29092956 0.132341221 -0.942698479
x 0.423261315 2.22665358 -0.522171676 -0.755714178 1.10710168 -0.754163444 1.58930576 -0.348101109 1.28265715 -0.59495604 -0.868184268 0.0112216435 0.626416862 -1.18721759 1.88382208 0.68367213
x 1.19844604 0.332754374 -0.423900455 -1.94825125 1.60199499 0.387977302 -0.511371851 0.490864068 -0.211091533 1.04277909 1.03555202 -0.779244184 -0.539808989 0.128032625 -0.468834102 0.912911713
x -0.784921706 -0.974406838 1.37801695 -0.456098378 0.241680905 -0.293487817 -0.551454842 -0.821097612 -1.00902581 -0.956696749 0.588166893 0.328303933 -0.365897715 -0.482491732 0.133763462 -1.15824747
x 1.03189194 -0.547821105 -0.0313269496 0.886699855 1.09486437 0.267701268 0.252834111 0.360608697 1.88042414 0.435206622 0.204787567 2.42434144 1.17179489 2.44079804 -0.103447035 -0.384570867
x 0.0923569649 0.659967601 0.0916007608 0.712116539 -0.717808843 0.291445494 0.271311283 -0.269315392 -0.44021225 0.325969309 -0.805565894 -0.50066644 -0.669047594 1.38929713 1.28254354 -0.0639614314
x 1.40771568 1.01310575 0.399557531 0.40236032 1.73888421 0.418391585 0.0635317639 -0.0960263163 0.181334659 0.369052649 0.302433819 -1.09004974 -0.25167641 -1.62808442 -0.261700839 -0.50188005
x -1.24490118 -0.245968491 0.304921687 -0.665788114 -0.883090019 0.758745372 -0.126572803 0.552208602 -1.8373661 0.920672953 0.120552354 -0.191532776 0.946626723 -0.0127144782 -0.394357681 0.10946615
x 1.93445182 -0.777523994 0.482922167 -0.618520141 -0.980990708 1.45552588 -2.38526154 -0.480620831 -0.810750723 0.0682356879 0.854367018 -0.0700761825 -1.25234532 -0.178742409 -0.353505701 -0.190194234
x -0.250696212 -0.865447104 0.631078422 0.280841142 -0.0276571941 0.0419407263 0.697470903 1.2450881 -0.173365429 -0.307237357 -2.14271498 0.581327379 -0.05388657 1.41574752 1.42653215 2.68863106
x 0.7154181 0.990541875 1.28370869 0.684705675 -1.19766521 1.02901602 -1.32792354 0.134572506 -1.65739417 -0.365852773 -0.125417173 -0.273850024 -1.08597112 -2.56822252 -0.117594413 -0.160635248
x 0.984588027 2.11324239 -2.81236553 1.10780382 -2.03265548 0.000759396935 -1.1231873 -0.437705874 -1.05123651 -0.138438955 0.870368659 0.730373263 -0.763893068 -1.4843514 -0.8264153 1.00195134
x -0.554960608 -1.41617286 0.731714606 -1.1633116 0.245603204 1.90786946 0.0998323783 0.0338342488 0.053767778 -2.23287988 -1.84208941 0.0518044382 0.327886641 0.898187757 1.47125554 -0.384454638
x 0.139198601 -0.880239069 -0.432831079 1.97138166 2.81750751 0.670928299 0.0512198992 0.424121916 -0.586963356 -0.588974416 0.389585584 -0.634758115 0.26451391 1.6639961 0.246803015 0.272632986
x -0.50509727 0.577535689 -0.70978713 1.34292185 0.351674438 0.302379429 1.48817325 -0.628758669 -2.29709911 -0.929133654 -1.32959831 -1.50485885 -0.00482459785 -0.573868692 0.0902575999 1.43274808
x -0.983058155 -0.941316366 -0.747033 -0.883319855 -1.00459969 0.388188124 0.918772101 -1.41067803 0.274689406 -0.831160128 0.245723203 0.463423401 0.632634282 0.911000609 -0.289664835 0.196384028
x 0.701123714 -1.5973289 -0.1842774 0.835168064 -1.0327394 -0.133377135 -0.323971152 1.9377718 2.42190504 -0.16338335 0.565134943 0.733106732 0.655460298 -0.558775008 -0.326234251 0.305478543
x 0.372313321 0.489042133 1.09455657 -1.24340987 0.174534351 -1.18766844 0.039850723 -0.910264909 -0.414362699 0.0602323376 -0.946880817 -0.27319327 -1.0371418 1.26514363 1.65725338 -1.96295452
x -0.322417945 0.486198068 -1.62359881 -0.180107072 1.07454932 0.182939231 0.478690565 -0.361833423 -0.0556518808 1.33994162 0.343546838 0.992916524 -1.22664452 0.588531256 0.316190779 1.06238675
x 0.476473093 1.25012279 -0.41402036 -0.73263669 -0.583990276 2.49322844 0.413867354 0.165208414 0.174790323 -0.424104899 -1.1919055 -0.539707661 -1.17583454 0.28975606 0.0953809246 0.0130211907
x 1.45081329 -0.388163984 0.754613578 0.370212406 -0.673632801 0.158260867 0.840281069 1.50162542 0.359335095 -0.233360872 0.860763729 -0.441349775 0.312294155 -1.08459508 -1.466555 0.931197464
x 0.321114331 -0.13419342 1.35959756 -0.960122287 1.19630957 1.30807853 0.837842762 -0.0795478672 -1.44379139 0.253091246 -1.42122018 0.80471462 0.821518362 0.171700537 -0.249578968 0.244824007
x -1.75139189 0.797011077 0.555007815 0.00108341267 0.711262286 0.816871047 0.904599965 1.32767344 0.989701748 -1.16573429 1.46453547 -0.365990132 -1.08133316 -1.93784511 -1.10815775 2.51555204
x -0.334296525 1.03283823 0.799616873 0.728822589 -0.0835777223 -0.218173727 -0.922381103 -0.907739282 0.0329386517 -0.522385299 -0.214437187 -1.16530359 0.487324446 0.301092237 1.51464605 1.25113046
x -0.0143216709 0.832279146 1.26912296 0.12824519 -0.868661761 -1.12755752 0.764371216 -0.206924617 1.15807152 0.983830988 0.123809464 -0.697098672 0.843068063 0.271944731 -0.17494759 -1.31861556
x 0.230769739 0.669195592 -1.22883856 0.988532305 0.0779368952 -1.03344738 1.38470173 0.469526261 -1.68498373 -0.531763911 0.10612563 0.854158163 0.319625229 1.67672074 1.34800351 -0.512342691
x 0.0173319299 -0.284673542 -0.318729609 -0.449964374 -0.472842872 0.0241099596 2.21415639 -0.848232388 -1.45684421 -1.04671109 2.18848109 0.999294281 -0.202642724 0.273522019 -0.689279854 1.08534122
x -2.77052522 1.10821128 -0.747764945 0.271947831 0.236843795 0.348916382 0.119169295 0.422570139 -1.04360282 0.266150892 0.500788927 -0.542443395 -1.09445918 -0.435909867 0.72002691 1.84215343
x 0.108903721 -0.8113392 0.70272994 0.346530348 -0.394229084 -1.23738885 0.525201738 1.23282325 -0.198815078 -0.513526022 -0.779492915 -0.792655826 1.50858712 0.772349298 -0.763148129 -1.46217072
x -0.414957285 -1.38134301 -1.40988922 -0.386169225 0.632964969 -1.30384696 -1.01856279 -0.427941889 -1.25631249 -0.202054203 1.33184183 0.122000732 0.734608591 0.225707099 -1.33734572 1.53288829
x 0.00277717458 -0.643237472 1.33794856 -1.80660522 1.47643042 -0.270939171 2.02202725 -0.734977365 -1.32795739 0.0762620419 0.526909649 0.983783722 0.206103414 -1.20215678 1.01287043 -0.274916381
x -0.271595895 1.39774168 0.642940938 0.724281907 -1.75013387 -1.56886148 1.11543 0.128166884 -0.232100323 -0.812338293 -1.30116498 -0.290662348 1.90216923 -0.0899510011 -0.807000041 0.693508744
x 0.24567683 1.34333003 2.22658062 -0.507401586 -1.19572151 -1.82831037 1.51246405 -0.479653716 1.03426945 0.057372503 -0.767995834 -2.64696646 0.877258658 0.817614734 -0.524657547 -0.00156928436
x -2.10246301 1.41025126 -1.30496466 -0.40837419 -0.67631948 0.172738284 1.42221832 0.236224398 0.97244972 0.208989546 1.56837797 -0.306182861 -0.200779364 -0.56050694 -0.848368943 -0.412660778
x 1.13013089 -0.0998713523 0.818780482 -1.11777997 -0.0953554958 -0.257190138 -0.973358274 -0.397450358 0.341925085 -0.525869131 -0.769675195 -2.93783689 -1.38477027 0.757847309 1.14043546 -0.25072512
x 1.19009316 0.0824255645 0.49147743 1.14367664 -0.495818347 -1.35596442 -0.0609021895 0.321491569 -0.964394212 -1.07969797 -0.595891654 -0.800385892 -0.430369079 0.327905625 -0.575818002 1.14104426
x -1.73613787 0.948570311 0.436026096 0.594949245 0.932589769 0.229561642 -1.78524184 0.381599486 -1.4878087 -0.441002995 1.00500858 -0.783879399 1.17682362 -1.04034197 0.826985717 0.626793683
x 0.246593997 0.670306206 -0.916654229 -0.357513875 0.51734376 0.958183944 0.695781171 -1.36882722 -0.364125073 -0.166404203 -0.343761653 0.15438363 0.532716155 0.752261221 0.462241113 -1.04350698
x -0.193728894 0.746484935 -1.07894933 0.106816366 2.19530678 -0.378973663 1.14126706 -2.93763351 -0.641991079 0.058010295 -0.151329741 -0.573216796 -0.570764363 -0.65320605 0.957633555 0.56620729
x -0.308573544 -0.525692761 0.311135322 0.852221251 -1.34169579 0.589795947 0.840969503 -0.513891399 1.30253434 -1.13648236 -0.922144353 0.812542379 -0.935111284 0.476101875 1.7651298 -2.30100918
x -0.494376004 0.250343949 0.29153043 0.333158046 -0.0195100512 1.09684098 0.0555666387 -0.487834454 -0.195887417 -2.29291964 -0.474330515 -0.640289545 -0.717002928 -0.319200933 0.888254881 0.934126794
x -0.234388977 -1.53834331 -0.411437362 -0.327032328 -0.468114644 -1.1471442 -0.565244675 2.31440759 -0.78611356 -0.10548716 -0.629738808 1.2082504 -0.670884669 0.216787577 -0.73634094 -0.559711695
x 0.240480319 2.43315721 0.691922545 -0.0402896553 0.167556241 0.625727355 -0.424008936 -0.318194211 0.665871739 -0.604953349 0.441318095 0.185188934 0.169127375 0.976973534 -0.33809194 -0.875336647
x -0.788665414 2.01726127 -1.02872074 0.593413711 0.720847428 -0.558239758 0.694638908 -1.25083637 -0.295535058 -0.243636489 -0.388157427 0.259599864 2.04180264 0.0143011082 -0.610567987 0.464602053
x -0.419455886 -1.54686749 -1.52452981 0.671568692 -0.584264874 0.6229195 0.0373165682 -0.326253563 -0.875851452 0.420611173 1.97636211 -0.347245038 0.0601150021 -0.487265289 -1.57378376 -0.869692028
x -0.280172348 -0.721545637 -0.645806134 -0.165953577 -0.552558482 0.591072202 -1.08152008 -2.30350876 0.457472414 0.18084985 1.38845241 2.33587456 -1.19557285 1.95424116 -0.971953213 -0.0122897411
x -0.982375324 0.298407078 -1.4782995 0.0234338343 -2.07473731 1.34067297 1.11144984 -0.840727866 0.319901735 -0.00279055955 -1.62287569 1.05940795 -0.432381421 0.549525738 -0.356707126 1.41212869
x -0.893339038 -0.347987354 -0.534656703 -1.72644556 -0.499240607 -0.731229484 -0.544576943 -0.902282417 -1.29996943 0.658892035 0.263504714 -0.657409906 -0.631996393 -1.33680177 0.421054214 -2.39344597
x 0.438832223 1.38200808 -1.99656498 -0.111439712 -2.12103915 -1.00002682 -1.90646923 -1.09547842 -0.408757418 0.317929506 0.275252491 -1.20152175 -1.10033619 -0.368915379 0.658164322 1.45814657
x -0.245715782 -1.45387924 1.57229435 -0.650261879 -1.38640642 -1.41590118 0.582538188 -0.369591624 1.07233512 0.539285719 0.142775327 -2.83516526 0.328157842 -0.289352804 1.2583071 1.18223798
x 2.1582489 -0.172738865 -1.01853752 0.384741098 0.413822711 1.32585979 -1.43453848 -0.0693774149 -0.744908094 0.612254322 -0.710397482 -0.721979856 -0.157359421 -0.738662243 -0.924796283 -1.0349164
x -0.31601575 2.01746845 0.765189767 -0.793227196 -0.42111975 -1.7423737 -0.176704615 0.6092695 -1.68114972 -0.947401822 1.38141847 0.428507179 1.63305843 -1.04347289 0.443538219 -0.659147084
x -1.0933187 1.05158043 0.679259717 -0.789653897 -0.275325388 0.751268983 1.7848717 -0.554953039 -0.567467868 0.736690223 -1.16133881 0.294346958 1.0747453 1.98326707 -0.425942332 0.157350749
x -1.02100539 -0.592807055 0.934411824 0.493977517 -1.6827004 -0.167887062 -1.95736051 0.123122253 -0.528704822 1.13282526 -1.8030467 0.0227562673 2.0882051 -0.393091857 0.0293779653 -0.268543422
x 1.14530945 1.01803398 0.709048331 -0.138080671 -1.71998501 0.624483287 0.262243003 0.428043842 -1.09123862 2.067132 -1.49493933 -0.214830309 -0.371019393 0.477979898 0.355711311 -0.149564266
x -0.235329553 -1.04630935 0.774071395 0.540128112 0.397343129 -0.159306213 -0.698837698 0.946460426 0.620472193 -0.311982542 1.29781067 -1.46629906 -0.605723143 -0.180953428 0.976739585 -0.619137943
x -0.241553858 0.317306042 -0.495626211 2.34995222 1.5572648 0.754600346 1.34414983 0.43880114 0.69410032 2.53677201 0.182901964 0.689857781 -0.763733506 1.12733126 0.895168185 0.111553989
x -0.419993639 0.308609962 -0.15965192 -1.00487959 0.558925331 -0.201189518 0.940218389 -0.173070669 0.949391067 1.28874278 1.06728351 0.152300954 0.953508496 -0.380684942 -0.251959056 -0.518912256
x 0.556728661 -1.29727316 -1.5080837 -0.334767252 -1.99841666 -0.83878839 0.156053945 -1.1601665 1.31709445 -0.202410519 -0.187282592 0.506602466 1.87250197 0.322390288 0.116152316 -0.435268819
x 0.279902518 1.22782612 -0.15151751 -0.153125092 -0.523397326 -1.40425587 1.52260029 -0.645078957 1.2886622 -1.42151332 1.50365877 -1.20507097 -1.52850735 -0.311005831 -2.19979072 0.888787746
x 0.0549674034 0.901336908 0.71954602 0.628087461 -0.837355673 1.23599279 1.12236655 0.338554233 -0.840870202 1.2735225 -0.396109819 0.275572836 -0.347746462 -0.472142398 -0.935556293 1.05664635
x -1.88947463 0.575968981 0.162726909 -0.0410029553 -0.923617423 -0.459594786 -1.77878284 -1.57904875 0.909199774 1.03486443 -0.944563806 -0.182326004 0.0447039641 1.19794059 0.442589462 -2.97270346
x 1.11485422 0.866065323 0.208213776 0.0564850047 0.376256645 -1.11809981 0.13062121 -0.312044352 -1.3950808 0.559875131 0.122979 -1.17449868 -0.815669119 0.348040611 0.00662943302 -1.06106973
x 0.721562445 0.359546423 -0.223586872 1.11924493 -0.34418875 1.72786903 -0.359681755 -0.950873256 0.579667091 -1.18255925 -0.452041745 0.708504617 0.537950516 -1.53100157 -0.290307522 -2.85606217
x -0.574999571 -1.47745585 1.9612664 1.044487 -0.782354593 0.562640488 -1.44978571 0.310167432 -1.42841852 1.21065819 1.39412022 1.40183437 1.17351174 -0.077600427 0.627250254 0.590051591
x -1.50566995 -0.144306377 -0.522944868 1.0604018 1.64385843 0.748868406 -0.7419554 0.815182507 -0.286721438 -0.999714255 -0.126085356 -0.755752861 0.152099043 -1.39470255 0.433258921 0.254558474
x -1.27074027 -0.449669302 0.159783959 -1.50755382 0.582530081 0.301654309 0.258907825 0.055601839 -1.11743402 -1.04788733 0.0645836145 -0.26764065 0.234098285 -0.378422201 -0.00868514832 -0.0644919649
x -0.241826981 -0.589636207 0.363359362 -0.547452033 0.0786545202 0.146279693 0.488745153 -0.548233271 0.821777463 0.827131629 -0.506490588 0.0666345358 0.643454611 1.92669868 0.524377882 -0.406262934
x 0.18532376 -1.50697649 -0.343702078 1.28783715 0.565559685 0.374650478 0.356781483 -1.40308106 0.28531453 0.313366324 0.141483858 -1.36057401 2.65611744 0.442367673 0.660629392 1.47714949
x 1.08979297 -0.224370003 -0.480434984 0.690715969 -0.789996028 1.45833266 -0.384837717 0.188250631 0.430186749 -0.379609525 1.4371109 -0.0335109718 -0.355052114 1.02039015 -0.446083546 -2.76368594
x 0.474242628 0.0941699222 -0.353566587 0.933713496 -0.0592727959 -0.172876209 0.652421951 -1.16936791 1.12918949 -0.135868609 1.2689358 -0.68280226 -0.251912147 0.991705954 1.41416049 0.491785109
x 0.927563667 0.399019986 -1.19030797 0.722664893 -0.520318151 -0.66494596 -0.103118241 0.905372441 -0.612851322 -0.574487507 -0.951962054 -0.435407579 0.65090704 1.39555478 2.06353617 1.36895347
x -0.141867995 0.0395584889 -1.28383517 -0.401538253 -0.322207749 -0.0457129739 -1.04442716 0.718135297 2.77632809 0.0231515225 -0.843325496 -0.106168881 0.110978432 1.5398258 -0.348584682 2.28600168
x -0.64379549 0.0495522134 0.116549529 -1.26153553 0.818823934 0.377481043 -0.46385929 -0.768140316 0.547855854 -0.11355111 -0.263785481 0.516159177 0.428552181 0.0401446745 -0.660145164 1.32958353
x 0.19395116 -0.108712263 -1.03201377 0.725852251 1.00016034 0.11290215 -1.14907992 -0.172924802 1.29227078 1.20356548 -1.51417315 0.366981119 -1.78160536 -0.343649507 0.244476393 0.287775427
x 0.0141045498 -1.2463038 -0.175965205 0.621776044 0.308468789 0.562517464 -1.46770704 -0.676897347 -0.437437534 0.00784197263 0.35844636 -0.0894989818 0.113880992 0.970500171 0.0172164701 0.0344490558
x 1.07246757 -0.549767792 -0.474660903 0.713010848 0.24226822 0.920741916 0.000344613683 -0.671312869 -0.321097612 -0.934530199 1.13150382 -0.32530871 0.0102323601 1.09173238 -1.29194403 0.372563154
x 1.03906667 0.867089808 -1.75278282 0.503256023 -1.19493508 -0.638933837 0.278851658 0.610346079 -1.49397123 -1.12414587 -1.13542998 -1.76292109 0.70519191 -1.86980784 0.0699132904 0.229984388
x -0.174732208 0.744268119 0.226213336 -0.000888214039 0.480903566 -0.0317895859 0.361955673 0.345744133 -0.98962307 1.72614396 1.98106289 -0.221389309 -2.3407433 0.0110994214 0.588821173 -0.444860458
x -1.46759963 0.232671127 0.00596644636 -0.352641046 0.394326508 -1.76306093 0.927953243 -2.39863873 -0.105582073 -0.453863531 1.4279834 -0.826394081 1.07772136 -0.769624174 -0.965027273 -0.227341503
x -1.54638398 0.297086149 -1.28702068 1.24782944 -1.19791961 0.210477352 0.391610563 -0.165803626 0.395274907 0.347243637 -0.839323759 -0.137841925 0.284177095 0.033387091 1.48926604 -0.355504453
x -0.29991141 0.0638754889 -0.425743848 0.2582151 0.695625484 -1.45883727 -0.17483145 0.424835742 -0.131567046 1.34025121 -0.146326259 -0.785556972 2.48890972 0.857272208 -0.473963201 0.411187589
x 0.0232689623 0.284758121 2.45370889 0.509086013 -0.637695312 -0.779619455 0.796195507 -0.173147932 0.840985596 -1.07271135 0.214464709 -1.82674408 -1.23092127 -1.22200227 -1.3264972 0.191539273
x -1.41537821 -1.94742823 -0.0185532775 1.57833326 -1.26016748 -0.958263397 0.236168444 -1.09765613 -0.0941112116 -0.34592098 0.975616753 -1.3050493 -0.802865744 -0.00913831033 2.03480411 -0.871755898
x 1.78511035 -2.08592272 0.729998946 -0.241583094 0.576135933 -0.621807992 -0.382958651 1.73992538 -1.29979968 -0.122531556 -0.129829749 1.29072726 0.617733896 -0.361387521 -1.44898915 0.107435361
x -0.360193402 0.802210033 0.415566295 1.29862535 -0.432408661 0.421906054 -1.99471939 0.139446512 0.961534083 2.21962023 -1.86724305 1.54145396 0.167831257 0.37046656 -1.25695968 0.0224379003
x 1.98971331 -0.0441677645 -0.729733884 -0.00038266863 0.149858877 -1.18401742 -0.410789669 1.15346813 2.34052372 0.732984662 -0.460906446 1.3689338 0.532411456 1.20046806 0.955571473 1.02817142
x 0.880580723 -0.115344286 -0.806527555 0.795065284 -0.309037805 0.716624737 -0.444305927 0.492917776 -0.323341131 -0.0399913825 0.328588128 -0.32506007 -0.624822855 0.577750325 -0.324599117 -0.690209091
x 0.753036559 -0.142346367 -1.09631014 -0.8318308 0.317960799 0.0412237421 -1.37510324 -1.20056677 0.447932601 -0.163044021 0.119321585 0.679412305 1.29495811 1.37334836 -0.166567683 -1.03736901
x -0.262969941 -0.352962226 -0.22466214 -0.634724617 0.318770349 -0.268537402 -0.16487506 -0.0824928731 -1.62735546 -0.0661339462 -0.230734095 -0.681950033 2.2681005 0.0384117588 1.49758959 -0.89775604
x 0.283876806 0.309070051 -0.0316567793 -0.375980139 0.500926793 -0.0327724628 0.182600021 0.682982981 1.42380536 -0.838693082 -0.841570675 0.0265440382 1.31663501 -0.302059382 0.773928106 0.0953864455
x 0.684695244 0.88264215 -0.266977847 0.31680724 -1.06602621 -1.07769465 -0.955024421 -0.457213908 -0.763466299 0.974215686 0.392492235 0.456241369 0.628063738 0.0561340638 -0.119506046 -2.15644336
x -0.22986199 1.87045205 -0.625924945 -0.124547258 0.727423489 0.450539172 -0.271885902 0.84986347 0.740362704 -0.814263344 -0.399383664 -0.405745566 0.229275733 -1.58777106 -0.461010575 2.6980474
x 2.23528814 0.628638923 -1.78042758 1.71259344 0.0500414819 1.40199077 0.845428348 -0.218323782 0.96434474 -0.830907047 0.672422767 0.764036596 0.535465479 -0.190866679 -1.18907475 0.881868541
x 0.602190197 -0.136330232 -1.16091216 0.370147616 1.49220133 0.874723554 -0.931649804 0.411804497 0.0321004651 -1.91675508 -0.0932933167 0.149699897 0.597397506 0.0403050147 1.31646836 2.90195036
x -0.464459807 -1.00973797 0.508836091 -0.283909351 0.650787473 0.459294915 -0.590502858 0.88202852 1.28887081 0.993643165 0.481660426 -0.507974744 0.411481351 -0.00743458979 1.60479605 -1.28184021
x 1.28400421 -0.84682101 0.711190641 1.78852582 1.81765878 -0.849670947 0.356767476 -0.757534802 0.146090358 0.267768472 -0.419578373 0.290427208 0.510228753 -0.0317915492 -1.50714922 0.919128954
x 0.191214368 1.62735307 -1.01342762 -0.673900962 -0.576812983 -2.30042195 0.0396911241 -0.0473662503 1.39038229 1.81211245 1.21340096 -0.214410305 -0.752409697 1.34894419 -1.82608712 -0.515338063
x -0.995850444 0.21177581 1.19450426 -0.886767626 -0.234214678 -1.05371928 0.867923856 -1.49354267 -0.844628751 -0.0872823223 0.293553561 2.22347903 -0.564792216 0.352272481 -0.0873859376 -1.24414098
x 0.267620087 1.02309811 -1.54253495 -0.693282008 -0.755233884 -0.618564129 0.0547508299 2.03525448 -0.359115571 1.20418048 1.12303174 -1.82013774 -1.80059791 0.913051248 -0.110127844 -1.16992438
x -0.748726547 1.25044692 1.38970578 1.29136312 1.16091263 0.379552633 0.880911887 -0.245620653 0.555022955 0.750004709 -0.693447948 -0.788597941 2.09572101 -0.247606531 -2.36310744 1.5263921
x 0.26983881 0.153406143 2.16052556 1.12363493 2.03012276 0.61311841 2.14035344 -0.218613103 0.862842977 1.52733827 -0.0204517953 1.76368594 1.17542446 -1.3464849 -0.676471472 0.157284945
x 1.52842283 -0.157043189 -1.19778061 -0.182378143 -0.862702191 -0.769480228 -0.144235224 1.31470978 0.669308722 -1.32413638 -0.320663422 0.0978586376 -0.81449759 -1.78621411 -0.25070408 0.283802778
x -0.125851572 -0.183717698 -0.116431117 -2.22357845 -0.751026332 0.569926023 1.1009953 -1.12111878 0.828929126 1.05005741 -0.389675498 1.46829879 -0.183280155 0.102811232 0.645102382 -0.106768273
x -0.244309351 0.481040895 -0.553319633 -1.06836832 0.258204579 -0.10968595 -1.0396229 -0.203399763 -0.215542808 0.445830137 0.00179325289 0.277947545 1.01633883 -1.53773344 -1.37950993 0.242812306
x -0.675110459 -0.442110598 0.109973215 0.051895164 1.07350028 -0.239618912 -1.28713667 0.977957428 0.0537429601 -2.90147114 0.490879625 0.425935805 -0.995968938 -0.270902097 -0.929485321 -0.521079481
x -1.04020357 1.53677344 1.03407311 1.49085569 0.723186016 0.809150159 -0.0659474134 -0.937475026 -1.98745477 -0.429005891 -1.33322442 0.502048075 -2.58437037 0.917143822 2.91229415 0.95001322
x -0.307920933 0.0280376822 0.568447351 0.541242659 1.16569209 1.02849758 0.351170301 -0.157442614 1.12827992 0.0398210511 -0.39569211 -0.314262927 1.94369733 0.148041651 1.24599576 -0.793341219
x 0.728955865 1.04367697 2.74226522 -0.89743346 -0.325384587 -1.8555665 0.299001455 -0.603185058 -0.197695598 2.44087291 0.529387534 0.769338131 -0.589148998 0.640120685 0.917605102 -0.208857775
x -1.30083513 -1.08788037 -1.33575749 -0.0439246595 -0.406025261 -0.778912723 0.841979265 -2.76489401 2.0534966 0.664458394 1.64857483 0.251800507 0.491187662 1.06028557 -0.263260156 0.035918653
x 0.40469262 1.8463223 1.44611168 -0.856651247 -1.32294059 -0.376616567 1.8153863 -1.3196466 0.1579763 -0.170664236 0.436769128 0.0959954858 1.61246848 0.137952566 1.07113063 1.64071751
x -0.011173442 -1.45050025 -1.79643512 1.32685816 -0.722165644 1.18209672 -0.915415704 -0.0986096039 -0.410342127 0.8050313 -0.674285054 0.678519607 -1.06036818 0.736893535 -1.39741492 -0.831907094
x -1.19961321 -0.758115411 1.09132278 -0.0856180936 -0.271916896 -0.627476096 -0.172941491 -0.375327319 1.76515651 0.223545521 -0.118323237 0.526070952 -1.04884028 0.862199128 -0.39287132 0.0224189218
x 1.37182724 -2.22652245 -0.487395346 -1.23459995 1.72780812 0.0102608511 0.00834858045 -2.10540318 1.73534191 -1.36622238 -1.12825477 -1.91517019 0.105087675 -1.10901403 -2.33117104 0.311441153
x -0.977824032 0.39953512 -0.43128258 0.906319678 0.958992124 -1.04555631 -0.301854759 -0.686181903 -0.790078163 0.403948903 -1.32674134 1.77961707 -2.20914388 0.196649939 1.35391748 -0.0810105726
x -0.429149568 -0.759024203 1.40642178 0.724838734 -0.752623379 0.153367132 -1.75448811 1.14807403 1.40985417 0.633547068 1.63787138 -0.65702498 1.99923313 2.46537971 -0.618038416 -0.149481043
x 0.739268482 -1.1231637 -1.16104186 0.149729803 0.0414138585 -0.372028232 -0.136919186 2.065171 0.853746712 -1.37928486 -0.803486526 0.762025416 -0.653016031 0.297355235 0.0650238544 -0.129301623
x 0.604819298 -0.362849116 0.716038167 1.09490514 -0.176808298 -0.0319458395 1.17360544 -0.609905839 -0.37891072 0.555793643 0.261257291 -1.12678838 0.68168664 -1.72288954 1.10669661 2.38908362
x -1.17717993 -0.421599299 0.229493067 1.69058692 1.3954767 0.39509818 0.599283814 0.498719305 2.05892515 1.38109493 1.41045725 0.101681314 -0.259438097 -0.535882831 -0.684376061 0.616657376
x -2.34213877 0.0554659143 -0.581047654 -1.19512546 -2.55782843 -1.58087683 0.0538235195 1.48982155 2.06823254 -0.771124423 -1.54976666 1.43724835 -0.974899292 -0.0782861114 -0.383087575 -1.0768863
x 0.342006564 0.15992105 -0.283218354 -0.0441565476 1.80307603 -1.50645339 1.16117346 -0.914817631 1.1820817 -0.42748481 -2.13196278 0.836789191 -0.606930673 -0.568531334 -0.0607973225 0.364102274
x 0.944761276 -0.812259972 -1.10585999 0.63326472 -0.874940217 0.176735118 -0.139105976 0.82626003 0.796704173 2.08751988 0.388804317 -0.87164551 -0.581043482 -2.78262806 0.196990624 0.00263959565
x 1.10012007 0.0105093187 0.770340085 -0.0337126404 0.145457834 1.48849702 -2.08271837 -0.330456108 -1.94526255 1.00957465 0.619839549 -1.13928628 -0.862037301 -0.947907865 1.23553431 0.0664669275
x 2.21268582 -0.897309244 0.204577982 -0.777315676 0.364198625 0.11967212 0.797109425 1.04367161 -0.232036158 -1.16371918 0.178499639 0.373292059 0.284696072 0.0475736707 -1.11501682 0.246608704
x -0.675805628 0.637421012 -0.00931086205 0.443223 -0.512415648 2.430408 -0.0582373068 -0.563526154 -0.242331728 -1.30652845 -0.927813053 0.0853037015 -1.17947066 -0.541774094 1.20090079 1.23412395
x 0.253567725 -1.20792365 -0.178237215 -1.12006807 -1.34838402 0.458776176 -0.263971746 -0.69129926 0.192652404 0.460295588 0.664566815 3.6994679 0.864827096 0.400589764 1.63569295 -0.479614019
x 0.368834376 -0.290314823 0.279638201 -1.06788182 0.390807599 -0.545349658 1.54926527 -2.48261356 -1.54804003 0.882647395 0.0728557408 1.54118013 0.434456944 -1.32402122 -0.592066944 -1.52215505
x -0.0516332872 -0.0481934771 -0.201103672 0.731757462 -1.01083887 -0.346585006 -0.137353018 -0.441009641 -0.994911075 -0.083209604 0.311219662 -0.444725424 1.04980278 -0.211900935 -0.354277015 0.146317497
x -0.33491376 0.54733181 1.64811718 1.3580904 0.175051525 -1.48196733 1.00327349 -2.00392628 1.73733151 -2.28782105 -0.471357942 -1.86648738 0.520379543 2.93005347 0.247675896 1.24470675
x 1.34344018 -0.364379972 -0.0964417383 0.183204204 0.15026553 0.991426289 0.587770581 1.42504978 1.14008832 0.323841095 0.0866543129 0.625601053 -0.837752342 -0.113349974 1.1839323 0.152319938
x 0.978364229 1.80532658 0.233228385 0.853024781 -0.816947162 1.08587682 1.22025371 -1.49685991 1.97035944 -1.30577517 -1.09459114 -1.01814806 0.0192777459 -0.55648607 -1.6334312 0.309900403
x -0.736248076 1.08086956 -0.88385874 0.400351524 1.27162206 -1.80446291 0.744931221 -1.14666474 -0.266123474 2.26661015 0.0822368711 -2.49197245 -0.360780418 -0.184734628 -0.0289032348 1.18336701
x -0.458002627 -0.60080272 0.766329229 -1.09147346 0.721831799 -1.32198751 0.0828981847 1.33728111 -1.29183245 0.781586885 -0.257934391 -1.40323961 -0.895081997 -0.592180371 -0.515238166 0.551999867
x -0.149210662 1.44690371 -0.492434025 -0.454267442 -1.58115685 0.20093295 1.31670964 -1.10926104 0.458162725 0.591724455 -0.744375408 -2.20973682 -0.265135735 0.255688041 -0.328592449 -0.894831359
x -1.11981082 -1.38261306 1.35551989 -0.00908867549 -1.52557373 0.824126959 -0.431981146 -0.47371766 0.236748174 -0.0804475322 -0.170336738 0.644182622 1.10445213 -1.4480989 -0.405788481 0.755947649
x 0.684055924 -0.638957918 -0.540665984 -1.67916262 -1.24707174 -0.0335142389 0.342861354 0.466859013 1.18144917 -1.0158323 -0.628520429 -0.107947975 -0.394109815 -0.0860593617 -0.629709661 -0.29667446
x -0.525835574 -0.66859895 0.382703185 0.186610892 1.35578156 0.692917109 0.494943887 -0.447241306 0.0499829389 0.151428938 -0.852774203 1.59150267 -0.665192306 1.70314217 -1.42134356 0.121364757
x -1.06074095 0.653539181 1.57737267 -1.55483985 1.88362598 1.22883213 -0.157303602 -0.77174443 -1.11133111 -0.598329961 1.23883438 -1.07641697 -0.833231628 0.947134078 1.24116504 -1.09602499
x -1.95957267 0.83115983 -1.83072162 0.0303741097 -1.2775557 0.428695291 0.886207402 1.05362356 -0.119841345 0.580517769 0.0115379812 0.718583882 -1.89831138 -0.119206533 -1.62657166 0.106745571
x -0.826607704 1.02941453 0.932234287 0.116201103 0.915879726 -0.742399335 -0.101154767 1.08446956 0.647128046 -0.934846938 1.05381262 0.887229025 -2.02760577 0.460605204 -1.18709242 -0.361737162
x -0.619946241 -0.84875536 0.932700396 -0.946225166 -0.0929951444 0.852854371 -0.638157785 -0.589619637 -0.36062479 -1.47393906 1.11564648 0.991242528 -1.33269703 -1.43325508 -1.67649841 1.02365792
x -0.194545865 -0.00171608548 0.493151009 -0.50737828 -0.773463964 0.233089551 -0.122088291 -0.575680792 -0.855672002 -1.021837 0.792212605 1.31637681 -0.0461284406 1.68751109 1.15697837 -0.406549305
x -1.44610202 -1.42482769 -0.460585684 -0.511197329 0.519816697 1.38605738 -0.881949782 -0.300869048 -1.15763855 -0.72734946 1.83570385 0.376569033 0.521052957 -0.757186413 0.217496008 -1.16718364
x 0.168984875 -0.0282569136 -1.23888111 -0.530651748 -0.348342091 1.97856259 0.139604509 1.23101294 1.04004741 -0.15335314 -0.985433877 -0.706204772 -1.26130855 -0.876786888 1.41920018 0.370542079
x 0.0357297137 1.02207136 -0.903256655 -0.822827339 -0.157839179 0.223835319 0.962154508 -0.118912227 -1.08942735 -0.621064544 0.418540478 0.782039344 0.216908231 -0.272625804 -1.13807452 -0.0837909803
x -0.11941573 -0.240027264 0.425761431 -1.31003821 1.16262686 -0.709715068 0.796341419 0.318290681 1.04923952 -0.948533833 -1.58961701 0.129811555 -0.972483814 2.48974895 -1.77721488 -1.03012013
x -0.816306651 0.335278034 -0.306904823 0.145022452 -1.72060812 -0.450633049 0.852789521 0.40094927 1.72330379 -0.00637443038 -1.2518909 -0.212992758 -0.410933852 0.464448929 -0.0428796299 -1.35346425
x -1.58075523 0.00224693189 -0.459254146 -0.481778204 0.00987338834 -0.377187967 -0.870775402 -0.207743838 0.544981301 1.17160249 0.148768559 -0.462717861 0.420510679 0.823829651 -1.9768132 0.13209644
x 0.826749027 -0.597033501 -0.477233142 -0.195683971 -0.672517061 0.250216126 1.5065223 -0.537050784 -0.412961066 0.131904379 -0.263891608 1.99622607 0.0391467996 -0.338605791 -0.739706695 1.14465475
x 1.66270328 -0.798285067 -0.836884916 -0.0293263067 0.958423555 0.28492111 -0.938154578 0.0531552061 -0.362617016 -1.22227919 1.46473956 0.596176386 1.02791333 -0.54810226 1.62104702 0.516675413
x 0.347391099 -0.57518512 -0.104389191 1.61435413 -0.852165461 0.799831331 1.85770094 -1.58372545 -0.464909673 -1.28999877 0.139356583 -1.3069762 -0.196081623 -0.536165476 -1.26988173 -0.0183262248
x 0.412196308 -0.232540935 0.466240793 0.337227136 -0.18126905 -0.776754618 2.20267153 -0.278672904 1.48356104 1.57120848 0.685539067 -1.6776613 0.00544149242 0.789690554 -0.183718473 1.1849364
x -1.59127438 -0.506583929 0.584094346 -1.81760156 0.221587032 0.435082138 1.21790743 2.17769742 -0.256457031 -0.519472301 -1.24806678 0.293937892 -0.329871535 -0.341991931 -1.32525408 -0.347967625
x 0.00379250431 -0.39765206 -1.91060257 0.543810546 -1.4115591 0.44398433 0.168285683 -0.300128281 -1.87624884 1.6565423 0.677057087 -0.472010046 -0.026684396 -0.869899213 -0.322155356 -2.49701023
x -0.836484611 -1.06849253 0.576796949 0.371084511 0.33035624 1.06044948 0.0750618652 -0.967832208 -2.00480247 -1.4836731 1.87161577 0.551882029 1.45151746 -0.244162619 0.875362158 0.358109236
x 0.27280426 1.23561001 0.176371381 -0.193176568 1.33527839 0.537704885 0.85157758 -0.946251571 0.598068118 -0.644220948 -0.0305056609 -0.144768685 -0.114046916 -0.00505221309 -0.110578924 -1.18280423
x -0.223162487 0.306317508 -0.700414598 -0.159960032 -1.92190981 -0.327205062 2.55298901 1.55114031 0.54467082 0.389703035 0.944634438 0.573377252 -0.562770963 1.09524596 -0.896762133 -0.829526126
x 0.112479538 -0.344211042 0.0758080706 -1.3897711 0.570684969 -0.3428469 0.439331949 0.392117053 0.250633508 -0.604033172 -0.431277215 0.906150222 -0.296845883 1.04306173 -0.202198118 -0.0153869372
x -0.116825499 0.633969128 -0.22560738 -0.859169245 -0.98912096 0.137557819 -0.254532248 0.550865293 1.25685704 0.575014889 1.27146077 0.337266445 0.604620695 0.158364668 -0.844912231 0.824134588
x 0.427603483 -1.41396928 -1.6004864 0.410325944 1.68437052 -1.88320732 0.144890159 -1.6952008 -0.145797282 -0.654986203 -0.439046443 -0.282519132 1.00072718 -0.121860094 -0.792637944 -0.255890429
x -0.852870941 1.11659372 -0.0781470314 -0.428355694 0.399221569 0.683001339 0.298330635 1.16898072 -0.36751315 1.28179467 0.427384734 -0.164580613 1.98851562 0.800035179 -0.00415678462 0.194965869
x 1.21428728 -1.69222331 1.14928508 0.636808932 -0.211481333 -0.551034689 0.00581394276 2.71723795 -0.748565376 1.75107348 1.15778828 0.615692437 -1.10293126 -0.0134556238 -2.263695 1.59927702
x 0.118483983 -1.07561457 -0.281536877 -1.91856194 0.340307385 -0.661299467 -0.517909288 0.671981514 0.141076311 0.314158797 -0.729117274 0.796280026 -1.2579695 0.34021166 -0.0677286237 0.0738926753
x -0.898156047 -0.0499704629 0.58236444 0.714888155 0.179989025 -0.93235445 -0.142922059 1.3998512 1.00869715 0.54962033 -1.06652629 0.597186565 0.54564631 0.606775999 -0.0246434957 -0.393911213
x -0.123820931 -1.57289016 0.0170418825 1.8520366 -0.447798789 0.182055876 -0.0098977033 1.39047539 1.40672183 1.16535628 1.15497613 -1.97154129 -0.413327992 -0.484932035 -0.630634427 0.191476822
x 2.52927113 0.631235123 -1.86451519 -0.0636400059 -1.47862005 -0.534089446 1.62726653 -0.616570175 1.07019186 0.336212933 0.14711377 0.714138269 0.235326916 -0.30425185 1.0973947 1.49184263
x 0.871042013 -0.537200689 -1.10526013 -0.476828575 0.313544244 -0.371246755 -0.387470096 -0.215189695 -0.563005626 -0.333182633 -1.7666012 -0.25711447 1.89968216 -0.748277724 -0.0617276058 0.436475545
x -0.477977663 1.09932876 0.421552449 0.398435742 -1.70008731 0.83783263 -0.562259614 -0.240282074 0.027722694 0.187441379 -0.618386447 0.74903357 0.575722635 -0.155153558 -0.965340853 -1.3411144
x 1.77079785 0.576886475 0.745393872 1.35335493 0.174171224 1.6555959 -0.528042018 0.903445899 -0.347635657 1.1951046 0.0854041278 -1.59985006 0.969413757 1.24079132 -1.3588047 0.106148265
x 1.17023814 0.268195271 -0.602356434 -0.226880923 0.12064974 -0.535288513 0.33105734 0.387562901 0.509621143 0.093504563 0.673956037 0.286142796 -0.0702865347 0.257642746 0.401608348 -0.0873766616
x -0.768021584 0.623913109 -1.79887867 0.117324144 0.279571891 0.679016173 0.348688334 -0.0462602191 -0.0625362843 -0.32131654 -0.0369610228 0.13216503 -0.347462773 0.893584847 0.977977931 1.76650035
x 3.65967345 0.274562597 0.451557487 -0.673501074 2.14792991 -0.911486864 0.74469769 0.0147445342 1.19401157 -1.04448664 1.36764598 0.700327218 -0.919967234 2.5182426 0.55506742 -1.08372617
x 1.70378995 0.115571849 0.03738847 -0.147297055 0.0432289392 1.77988017 0.208535507 0.137861252 -0.293204427 -0.0744134188 1.55704999 1.51181912 -0.456392914 0.350337118 0.0648613274 -0.326551646
x -0.48928535 -0.105619468 0.105979189 -1.08211601 0.860544741 -0.214953303 0.865062833 1.76134157 -2.39947724 0.640335977 0.869129539 1.06288922 0.0302501209 -1.92726207 0.997706473 0.217829168
x -0.33658734 0.616576195 -1.38337362 -0.332020015 -1.44745684 0.0109741893 -0.0984282047 -0.749449074 -1.24424946 1.56080937 0.0291497186 0.135354772 1.50966609 -0.452525437 0.253155172 1.37772834
x 1.42351604 2.77923703 0.986427784 -0.975137711 0.148767874 0.361167401 -2.33946776 -0.103626385 -1.02480698 1.58935595 1.42909288 -0.686578214 -0.960063219 -0.0582123101 -0.0386166684 -0.513790011
x 0.764049888 0.912922919 -0.0894364789 -0.182997048 -0.550841212 -0.938620508 0.777982533 -1.76018989 2.3138001 0.282845765 0.0221345965 -0.485697269 -2.08220673 1.49548066 2.47407031 -0.591176927
x 0.721759975 -0.31506905 0.104402289 -0.292281359 -0.352956235 0.30021897 0.0774997473 0.555255294 0.613430858 -0.0839275494 0.429448277 -1.19524622 0.324363738 -0.742605686 0.952932119 0.231933564
x 0.350077808 0.0842401609 -0.349057406 0.175223842 -0.307617933 -1.15018821 0.288347334 -0.756420672 -1.31379533 -0.839367688 0.279587775 -1.17871475 -0.101386003 -0.321233451 -1.15958917 1.44103372
x -0.596909404 0.178403601 0.447219163 -0.200198427 -0.0895654485 0.723173797 0.360925108 1.09611297 0.664520442 -0.91918242 -1.30147314 -0.470077723 0.141917482 1.34638703 -1.69027448 0.0491229557
x 0.402124822 0.249634877 0.041364681 1.84510434 0.39342308 -1.07364297 0.761884868 0.484185696 -0.0967658833 0.232576653 0.156813174 -0.308043182 1.64516854 1.13232934 -0.138320059 -0.656172633
x -0.0245036781 -0.971687257 1.16275942 0.308984101 -0.420679659 1.26069224 -0.152005762 0.674605906 -0.534317136 1.02452779 -0.135530666 0.514369249 -1.83060396 -0.238070875 0.183425352 0.69265449
x -2.3510952 1.35840881 0.47233206 2.73928022 0.95163542 0.61256665 0.337122351 -1.02698135 -0.407559305 0.4042418 0.554544568 1.81629968 -0.0667760894 -1.73403561 0.0187747534 -0.780036628
x 1.00885522 0.0470817201 -3.0871737 1.29238355 -1.84699678 0.752962947 -1.42828667 -0.716453373 2.85746241 -0.0463372394 2.85247564 -1.44527757 -0.763458669 -0.165853038 0.128017887 -0.863835871
x -0.256839305 -0.608822584 0.302583009 -0.767436206 -0.238051757 -0.620283306 -0.0408843979 -0.541906774 -0.271490514 1.01928997 -0.0868187025 0.349183649 0.155961335 -0.425231278 1.88644755 -0.182540655
x -0.666430235 -1.13301265 0.257508367 0.446012199 -1.88744104 -0.263630778 -0.372219414 -1.40144289 1.343431 1.26999104 0.534994304 0.304796338 -0.744542897 -0.275485277 -0.924052536 1.05905461
x -0.379706919 0.146679327 -0.124863632 -0.458895653 -0.69585067 -1.08239973 -0.522040904 -0.0554299504 -0.62327522 1.24751556 -0.0540179946 0.688278735 -1.05443203 0.136250421 0.149873927 -1.46673298
x 0.0252214428 -1.16400039 -1.69295716 -2.16459799 1.81669641 0.945561707 0.634141505 -0.55908215 -0.0499704629 0.0171624105 0.609265625 -1.49207163 1.04689419 -0.822599649 0.545907497 -0.501746953
x 1.13259339 -1.01209748 0.40374729 0.595079303 -0.138533875 -0.707949102 1.10185063 1.06032825 1.03743434 -3.0717032 0.625751078 0.748276353 -0.0644549429 0.930756629 0.227219388 0.486984283
x -1.72695243 -1.18988621 -1.41485834 0.21345377 0.257075816 0.971803904 -1.30214775 0.354445428 -0.603833556 0.406679571 0.68945688 -0.617964149 0.148880765 -0.561730027 -0.473939776 -0.529242516
x -0.348477602 -0.559171975 -1.81687927 -0.969299257 1.29334545 -1.28984737 -0.959964871 0.24814342 -0.697411835 -1.68229413 -1.28383815 -0.0609128661 1.10930419 1.65825796 -1.56836903 -0.027755158
x 2.93640924 2.34215879 0.0887366757 -0.899047196 0.452890217 -0.587075889 -1.41826904 -0.279558569 1.49191368 -0.122474171 0.106599458 -0.899662018 1.44048214 0.0164136793 1.48664534 -0.38164407
x -1.79280221 0.406985372 1.03248119 0.627668798 -0.0798036531 -0.417710185 -1.49345005 -0.692533016 -1.62654507 -0.214176416 1.04686677 -0.243843123 -0.0156815536 -1.11574185 0.479651481 -0.629623115
x 1.23362458 -0.0309433304 0.696540177 -1.39851797 -0.464601874 -0.382914454 0.976424158 0.0561140254 0.944230795 -0.160237104 0.5008021 -0.512093306 0.193017602 2.54458141 0.518856049 1.50656283
x -1.43308115 -1.21365297 0.419955879 0.136712179 -0.312515974 0.90218395 -1.60313475 -1.59977067 -1.50649774 0.919144511 -1.64003432 -0.461436599 -0.84872967 -1.5296371 -0.721433043 -0.462059617
x 0.55789119 2.69856358 0.274195045 0.698674321 0.691347301 -0.90172863 -0.145793915 -1.71352828 1.45574057 0.0262413975 0.277217478 1.46909618 0.802728832 1.50069261 0.997095764 -0.455610693
x -0.195141017 1.55924213 -0.00744482316 1.09949803 1.60277104 -1.23597372 -0.371178329 0.54433167 -1.63780248 -1.77245414 2.31574154 0.235634193 0.155575588 -1.03307092 0.947151721 1.29954851
x -0.72482127 -1.57877469 -0.829763353 0.0595855378 0.0568643734 -0.0426276214 1.39267457 1.88082039 -0.733195662 -0.275464684 1.07175541 2.01109743 0.371984929 -0.20535028 -0.767919004 -2.12298226
x 1.31614125 0.507256329 -0.33949998 -0.245567858 1.36805177 -0.612418771 -1.17837739 -0.460873276 0.415381104 0.616920233 -1.94987047 0.352116853 0.287269711 -0.627063692 1.76860332 -0.43625164
x 0.565189362 -1.38831389 1.66346991 -1.01210165 0.761788547 1.94401932 -2.32770777 1.52557516 -2.30234003 -0.864125013 0.600733757 -0.889558017 -0.65563494 0.214180559 0.80908525 -0.573316455
x 0.55545783 -2.60862446 -0.918389976 -1.22630084 -1.15472269 0.32064864 0.0370689332 -0.0120488508 -1.79795039 -0.879648745 0.0209518764 -0.264982164 0.915530443 -0.630038917 0.206806317 -0.192489028
x 0.795872331 0.720692515 0.189545035 0.253792107 -0.512208998 1.38978744 -1.03724658 2.30163145 -0.694780588 -2.24417257 -0.317420423 -0.390229225 0.892668366 -0.197764605 -1.52426767 -0.354499936
x 0.505473852 -0.0743433014 0.786161005 -0.128003895 0.385499269 -0.689064622 1.15759528 1.6559974 0.363720298 1.05966806 -1.08769357 0.45981279 2.27494335 -1.79767716 -0.997081161 -0.303846091
x 0.920245886 0.374157041 -2.0183444 0.472755849 1.87255502 0.0448801108 -0.17627649 -0.142037347 -0.990765929 -0.439154416 -0.461166829 -1.69583404 0.522492766 -1.5891546 1.86147797 0.453344464
x 0.0115106693 0.763916492 -0.703524411 -0.543676138 -0.828855395 0.0864020586 0.0545336083 0.660270154 0.513955593 0.83585012 -1.34305882 0.352818429 -1.11137402 -1.20905769 0.30110544 1.2053957
x 1.901371 -0.240366593 -1.11668468 0.835085332 -0.205661044 -0.580440223 -0.674725354 0.553052783 1.20631719 -2.11805391 -0.571030021 -1.04684043 -1.2421453 0.174156934 0.319268316 0.557505071
x 1.03517532 0.794661105 -0.222707838 -0.270780832 -1.06015003 -0.942522407 0.657223582 -1.57111073 0.0132639175 0.329399258 0.3553105 -0.213939071 -1.68323672 -0.725904584 1.45005429 1.82578158
x -0.240627676 0.137572184 0.672996521 -0.0300529022 0.169497862 -0.345974684 -1.0892446 -0.00782745518 -0.531047642 1.10769653 -0.848782897 -0.503771245 0.146467164 -0.602546871 0.487488121 -0.694228053
x -0.529620528 0.720918953 1.17491388 0.787735343 2.50631571 0.0616845153 0.133514002 0.691317499 1.59574509 -0.907048225 0.458125889 -1.23987257 0.302130193 -1.37913811 2.26532269 0.603215218
x 0.101601221 -0.704611778 -0.397341669 -0.277136594 0.553081334 2.00982308 0.436888069 1.91820288 1.32649159 0.373959452 1.0326643 -0.0845847726 -0.264189899 2.88784766 -0.93459177 -1.43133652
x 0.730429292 0.431297928 1.3516022 0.434967369 -0.378299743 -0.204150304 -0.366326272 0.142005578 -1.18788373 0.945881605 -0.317713499 -0.210819304 0.504531801 0.954123676 0.634387136 -0.890305519
x 0.380777299 -0.3396312 -1.93423367 0.99779588 0.860238254 1.16730976 0.232495472 -1.27877152 0.989586234 -0.836934745 -0.199013308 0.398022145 -0.621432245 -1.36504102 0.388830394 0.165621549
x 1.25855398 -0.620635033 -0.716090202 1.29976535 -0.984784365 1.30515492 -2.20737195 -1.296435 0.696632981 -1.42056704 0.135252461 0.0179657955 -0.48509258 -1.49993825 0.93243742 -1.68930674
x -1.11453354 0.45725292 0.715142012 1.32263792 1.72829688 0.562437475 -0.589616835 -0.46475333 0.402945817 1.86936843 -0.461568296 -1.41245091 -1.33092964 0.368738711 0.881608665 0.390806168
x 0.624442697 -0.568818033 -0.458378911 1.45495105 -0.851166189 0.519074976 -0.0691061467 0.658741653 -0.389479786 0.720301986 0.668241024 -0.83954376 0.414381385 0.208328262 0.887105644 0.513576686
x -0.11260847 -1.14911723 1.33287179 -2.5776813 0.720728636 -0.242316201 0.801773667 0.367147982 -0.201222032 0.964870989 1.97726297 -2.00866389 -0.691801429 0.803583503 1.15614367 -0.554159284
x -0.387580544 -0.491075784 -1.01609516 3.47698998 0.830105901 1.81756389 -0.512057841 -1.32157052 -0.0758657679 1.160496 0.484807402 0.159578055 1.95393753 -0.801376343 0.403646976 -0.400657237
x 0.784383893 0.39352864 1.69950807 0.0332329236 0.411577553 -0.251393944 0.448477387 0.174750969 0.699623764 -1.64659357 1.89779615 -0.556091368 0.348597914 0.411093414 0.373359561 1.30615151
x 1.32298982 0.638205588 -2.36443782 -0.0569941476 -0.950078249 0.327268511 0.424320817 -1.3532269 0.108000919 -1.3230232 -0.473187387 0.0385124981 -0.276369035 0.47318539 0.435566872 0.0850373805
x -0.731866479 1.19544148 0.782278895 1.26254439 0.695849121 -0.0326650254 -0.640533686 0.0342707299 0.0236312617 -0.707489967 -0.699555159 -0.321741909 -0.168346882 0.320754588 -0.154256254 0.697652876
x 1.18197465 0.238753647 0.851182997 -1.57323718 1.48595119 -1.81170416 0.108176865 0.920934975 0.0702054501 0.352869451 -0.819283664 1.34921026 1.23891175 1.65417635 0.366136402 0.64364624
x -0.448744118 0.344176084 0.226170331 1.60360038 -0.167982832 -0.795493245 -1.70961535 -0.259591401 0.594860971 1.03910613 -1.04561388 0.0672827065 -0.354008675 -0.218359858 0.334894478 0.552655041
x 0.707220733 1.2253741 -0.280947179 -0.457118511 -0.15184398 -0.578307867 0.640114784 1.40510631 1.1637013 -0.153889924 1.71829009 -1.05364835 -1.1984005 0.9382056 0.994784236 0.406770557
x 0.514772832 1.42328179 -1.86231077 0.174991161 -0.396705538 -0.238700405 0.30531767 -0.282288492 -0.432554424 0.753975391 0.519688129 -0.21886076 -0.247469723 -0.0961490497 0.908900261 -0.00637590885
x -0.574260294 -1.72967589 -2.01674604 1.21501029 0.335929841 1.85424697 0.319989294 0.438116223 -0.274267793 0.834976017 1.51502693 0.680241585 -0.265782446 -1.00904739 1.77301157 -0.831062376
x 0.625161767 -0.135774776 -0.571712971 -1.18707299 -1.58804917 0.995786011 1.03149581 0.328498393 0.00479455432 0.123780802 -0.664266109 1.55769086 -1.20609879 -0.301994413 0.366684556 -0.108356386
x -0.469493359 -0.612192214 -0.968320072 -0.854338348 0.561478913 0.143534213 2.1770184 -0.953629076 -0.550728083 0.351311058 -1.08942652 -0.593397796 0.598631144 2.36801267 -1.84403408 -0.408822626
x 0.805413127 1.22434914 -0.784191847 2.05713511 -0.560737133 1.21593618 0.319391757 0.00977759529 0.92617327 0.938013613 -0.469952404 -0.926399589 -0.0339601375 0.718468726 0.0909553543 -1.76353478
x -0.161995605 -0.619909227 0.938472986 -0.887796283 0.123821177 -3.98410201 0.717245996 0.541281641 -0.313665599 1.20317972 -1.13288558 -1.08276618 1.27582455 -0.355946928 -0.861919761 1.78573704
x -1.6396004 -0.0568519607 -1.41390073 -0.562933087 -1.95598793 -0.516230583 0.795970082 0.241192237 0.875880122 0.590232074 -1.03949296 -0.16590777 0.613354266 -0.85569936 0.0847576708 -1.64175344
x -1.47781098 -0.991490543 -0.125233442 0.347861499 -0.27017948 0.629051864 -0.545475543 -0.530736446 -1.80354595 -2.54162264 -0.127333194 0.182695732 0.131199971 0.586055279 0.990171731 -0.312733889
x 0.968694866 -0.0681423768 -1.11874318 -0.157076448 -0.911661208 -0.138465717 -0.274416894 1.69610286 -0.368842244 1.79403818 -0.708243906 -1.75774002 -0.0529701188 0.396858275 0.0397625752 0.849103332
x 0.858375549 -0.81239146 0.584873319 0.124479204 -1.73443365 -0.534358025 0.292387426 0.0506839864 -0.786129832 -2.17314172 1.02722061 0.871286333 -0.958662152 0.753328085 0.125163928 0.363692731
x 0.191357434 0.563111484 0.563929498 1.77808809 1.29853976 -0.642375886 -0.406734735 0.191099092 0.145249054 -1.12427771 -0.89944917 -1.68875313 0.667780995 1.31902885 0.281152427 0.839976311
x -0.544427216 -0.229722738 0.987113893 -1.08426046 -0.267630458 -0.89856565 -0.443069816 1.01330304 0.799660563 -1.4667722 -0.11738196 1.36635613 0.348295212 -0.517632067 -0.344308645 0.846513391
x -0.762492836 1.38203371 0.135434568 -0.00152446644 0.384003431 -2.60997438 -1.12397861 0.0902595893 0.781456828 1.80095398 -0.19733879 -2.91196632 -0.627778053 -3.06956816 0.384424448 -1.36897087
x 0.7652964 -1.03317618 -2.05848408 -0.792858243 -1.14740002 -0.796465158 -0.785405636 -1.91292822 0.080084525 -1.38180578 0.0157413669 2.42320895 0.129051551 -0.153441072 0.349425912 -0.150703639
x 0.943332314 0.652301133 -1.62083757 0.0415498503 0.0119574042 -0.41317454 -0.0615514033 1.71521091 1.31794155 0.254647672 -1.35027516 -1.24656284 -1.23430526 1.35418904 0.474863112 -0.45821774
x 0.483418167 -0.600193501 -0.863958061 1.21679044 0.440532506 0.113320731 1.30458593 0.285851181 -2.09717989 0.850307882 -0.265870839 0.392062187 -0.345624477 0.391895384 -0.302666515 -0.865000844
x -1.28153729 1.8971324 -0.771665514 -1.10080898 -0.437410682 -1.32785571 0.846296012 -1.32455218 1.06062019 0.418030351 0.599270821 0.178412959 -0.29596591 0.564071298 -0.579194605 0.967521131
x -1.45646989 0.831355631 0.252856195 0.749808908 -0.183817953 -0.0241732784 0.106428333 -0.11422772 0.904848456 0.964138806 0.994343758 0.589172781 0.311635077 0.28759861 0.614569545 1.27424335
x -1.68863297 -0.226493597 -1.24998236 -0.504696429 0.390024364 -0.339656264 -0.399091989 -0.103905283 0.893557847 -1.69295418 1.5118649 0.00761149079 -1.10968685 -1.0534389 -1.01753283 -0.221747264
x 0.319184929 0.196756154 0.421522856 1.55289137 0.234601945 2.45545673 1.41644132 -0.858147383 -1.49501669 -2.56106567 -0.396175444 0.688173413 0.493266493 -0.262216389 1.12183845 -0.66249305
x -1.52064478 -1.18911707 0.0923792794 -0.353621423 0.577170014 -0.288670868 0.26695925 -0.840280056 0.694322467 0.395482302 -0.055414062 0.0851864219 -1.33209765 -0.10172867 -0.407923639 -0.211368203
x 0.469812781 1.46669197 0.031427864 1.24476886 0.396766096 0.304479331 1.48631036 0.0602161177 0.835385561 0.377191126 -1.5551616 -1.87412143 1.46768272 -0.174671784 -0.474187136 -0.669711471
x 0.481676072 -1.81600988 -0.0538862124 1.34537077 1.09136474 -1.28000689 0.351229787 -0.135953605 -1.42975748 2.24308801 -0.782102704 1.08865094 0.603405058 -0.927484751 -0.0717711821 -0.310188353
x -0.649496853 -0.840090394 0.475724667 0.591976285 -0.767935932 1.1789602 1.0183109 -0.91094327 -2.01309204 -0.587412596 1.11974955 -0.436020195 -2.27047944 0.325146884 -0.118404545 -1.69533205
x 0.0274710618 -1.81905377 0.899180114 0.376431972 -1.65878451 1.21312916 -1.34964573 -1.90175462 0.716961026 2.34761572 -1.05856121 0.201650918 -1.10232031 1.22334611 -0.025077749 0.487110108
x -0.225878507 0.614735782 -0.919874787 0.215153068 -0.224290952 -0.564869761 1.49801397 0.228611335 0.176373005 0.679182768 0.654124618 -0.294048965 -0.378348142 0.430700511 -0.378563911 -1.91559398
x 0.678039908 2.16925287 -2.61798048 -1.43866575 -0.139023155 1.35799003 1.40411735 1.75363886 0.165256813 0.363616407 -1.36088502 1.31070781 0.889739692 -0.12501739 0.700053394 0.617294192
x -0.933915734 0.806544542 -1.09380507 -1.06127393 -0.473618537 -2.03178453 0.135738209 0.387500972 1.42240703 -2.08212185 -0.0121672582 -1.0301615 0.432358414 1.42906976 0.824964941 -0.505782723
x -0.466438591 -0.0749736056 -1.69493806 -0.704268098 0.102318116 0.238299608 0.209780887 -1.17697453 0.0302031264 -0.360570937 0.880823374 1.02781987 -0.552365124 -1.4121511 -1.72511864 -1.57531595
x -1.32055724 -0.148257747 0.621782243 0.533733189 0.180806309 0.801450193 0.421050489 0.990969718 0.9605124 0.877573431 0.369926304 0.808985353 1.0956676 0.602107584 -0.491168052 0.31491062
x -0.631398797 -0.0567604043 0.00312279351 -0.121934243 -0.503878951 -2.23985171 -0.6053828 2.2517333 1.51474559 0.607501984 -1.67137742 -1.30921912 -0.101775371 -0.113015696 0.474407375 -2.18990731
x 1.07364047 -0.609918892 -1.37682462 0.901977181 0.586318791 -0.827250481 -0.0240063183 -0.962934196 -0.187082022 -0.354480058 0.390048265 -0.4230389 -1.10690618 0.534475923 1.01935315 -0.642291665
x 0.871001482 -0.597213686 -0.808435917 0.562995732 0.385258526 0.600508153 -0.752240717 -0.0836130008 -0.839142144 1.10123408 -0.932610869 -0.366823077 -1.0002172 0.253359109 0.355500549 2.27627444
x -1.57359612 -0.264323711 1.73745203 0.475472271 0.528785467 0.591882885 1.2424618 -1.24765718 -0.59169054 -0.416500568 1.0692147 0.43328163 -0.963890254 -0.724555075 0.341022432 0.580202341
x -1.30949688 0.182064548 -0.35502857 0.332474023 2.18515944 -2.01827502 -0.305047929 -1.44327271 -0.811134815 1.42526555 0.064143084 -1.13520789 -0.795346737 1.17737317 0.931304038 0.641086102
x -1.00512743 -0.910239398 0.115908444 0.527556181 -0.542565465 -0.598121107 -0.955722094 -0.444300413 -1.51288557 -0.483626723 0.214735031 -0.0471535139 -1.26760888 -1.77784503 0.462060928 -0.589835942
x -0.019421706 0.39317438 1.63399184 -0.543334246 -1.52406919 0.122884184 -1.03333592 0.620376229 0.0539508611 0.520005405 -0.62695235 1.51603961 0.954198003 1.20370388 -0.0642263815 0.573241889
x 1.00850606 0.104265787 0.139207482 0.321898997 -0.071650818 1.33338058 -0.0959020853 0.517870724 0.499813318 -0.787503242 0.244911462 1.52928793 -0.644340098 0.202885196 0.324041694 0.257281929
x -1.81195199 -0.665577829 -1.98670471 -0.512148619 0.958847165 -0.231004968 0.317494124 1.03496265 -0.441033989 1.99343455 -0.372959405 0.873351634 -0.58242166 1.81270432 0.577821553 1.15873814
x -0.563827336 0.0453990102 -0.0354016274 -0.0566343106 1.16943872 1.16753209 0.269252837 1.08601618 0.536648333 -0.745212018 -2.24928713 2.69795799 -0.143669024 -0.681771755 -0.143652856 -1.21266556
x -0.347833812 -1.45950258 0.999203265 -0.879722834 -1.10616541 -0.157682732 -0.0590331145 0.413704425 0.234180078 -0.792672276 0.679410994 0.1328471 -2.13025975 0.92326051 0.690610409 0.486188799
x 0.895870388 0.0883226842 -0.514579654 -0.578129888 -0.536436796 0.529490113 -0.0867293999 0.368475467 -1.09177494 0.406783104 0.172830999 0.0432221182 -0.00441420265 0.534161985 -0.274890482 2.49266458
x -1.57425034 -1.14558816 0.58886832 -0.327626944 0.165950611 -0.936144412 -0.950202703 1.86341739 0.288207114 0.509939909 0.0558133759 -1.66326034 0.518528998 -1.73550475 -2.44170237 0.128018811
x -1.42709041 -1.64440548 -1.20181239 0.894986808 -0.301126242 -1.16501307 1.38821745 -1.10227728 0.0125259049 0.105435885 1.0645237 -0.70147264 -1.10087848 1.10530722 1.19579256 -0.874862313
x 0.0808277875 -2.35658622 -1.52644217 0.649280727 0.483059198 1.92035055 -0.377315193 -2.81276178 -0.0465203375 -0.255028784 0.486574024 0.95586288 -0.677109063 -1.40881634 -0.473179877 1.73848712
x -0.099875018 1.90543866 -0.436404377 -0.422747552 -0.721156061 -1.46261597 0.365632176 0.161831081 1.35917306 1.07796335 0.0338624865 -0.343521476 1.25302827 -1.87785029 0.488795608 1.48408854
x -2.04763103 -0.721021652 -0.66200757 -0.158169374 0.233734757 0.654271424 -0.531586409 -0.466881901 -1.57032454 -0.0421318747 0.843177497 -0.411947489 -1.32182217 0.168312222 0.879171073 0.696383536
x 0.251441568 -0.599263251 -0.677665174 -0.193244383 0.658047795 -1.14196444 0.788065314 1.0093596 1.65210998 -0.248226568 -0.935416222 0.265159488 0.764824569 -0.787229836 -2.59499645 -0.586905479
x -0.234242558 -0.153432027 0.164165258 0.894662917 -0.54055351 0.185005993 0.433365315 -1.88874042 -0.298084587 -0.924880028 -0.497452676 -1.20501995 -0.183164984 0.319367498 -0.860968649 0.436781645
x -0.524896681 -1.13692307 -1.84355199 0.939034998 0.457413107 1.70280957 -1.08203077 1.31314981 -0.353531688 -0.10631559 -1.19535947 -1.59181917 -0.220048338 0.610448003 -1.95836568 1.19431138
x 0.502615988 0.636480808 -0.248052403 1.57278705 0.1789442 0.0571479499 -0.057385508 0.460451066 1.68178499 -0.994343221 -0.744672835 1.10665548 -0.217010289 1.44081593 0.432643682 1.82053936
x -0.585124791 -0.638664186 0.230056286 0.0748794228 0.458525866 -0.90548116 0.149280533 -0.281806737 0.196190193 0.80451256 -0.864368379 -2.07970977 -0.42447564 0.0293274336 1.32215643 -0.928983331
x 1.86875737 -0.253163159 1.62053382 0.0789430887 -0.667281866 -0.00305208727 0.16009675 -0.744168401 -0.668555617 1.64240015 -1.3846221 -1.85610902 1.46734118 0.637754142 -0.861415029 0.604977071
x -2.1823411 -1.39871573 -0.620381534 1.59815073 -0.267501682 -0.0484392419 0.504189491 -1.32624269 -0.438555598 -0.503463924 1.64308643 -0.360576302 1.94456685 1.25852323 0.0394883044 -0.882419467
x -1.08156741 -0.183087781 0.350711197 1.01061881 -0.44561556 0.441324472 0.873856068 0.809241176 -2.37238407 -0.456483305 0.818136573 -0.292148471 1.15318084 -0.256713033 0.136087239 1.32842147
x -0.457872748 -0.757382274 2.54513621 0.944427192 0.270112872 0.552929342 -0.454850495 2.52913022 -0.66988343 0.388405412 0.159455612 -0.0457766838 1.32155013 -1.08758211 -0.12622714 -1.68738532
x 0.298583984 -0.280228496 1.20890296 -0.566878319 0.513216794 1.62568128 -0.0508626103 -0.243038818 1.11291945 1.19108748 -0.705979228 -0.290442795 1.47515941 1.5252248 0.799693584 1.31944907
x -1.19596088 -0.97136116 -1.30031443 1.45015883 0.506196082 -0.281748831 1.09765363 -0.993647814 -0.235786095 0.67367363 -0.773390234 0.0832260475 -1.71740842 1.98001647 0.7980147 -0.297475249
x 0.903647184 -1.06129575 0.770128608 -0.687106013 -0.369449735 1.34175038 -0.381190389 -0.135648072 1.9033668 0.663933218 0.800095558 -1.89092278 -0.535004556 -0.0500953011 -0.458607942 0.0319460295
x 1.85346746 -1.61155725 1.21610212 0.945450604 0.703807652 -0.998718798 2.06067514 0.646720409 -1.24314547 0.0650854036 0.745254815 0.539099395 -1.00364447 -0.651964366 -0.897123456 -1.03330636
x -0.702989638 0.320376813 1.12843573 -0.309884816 -0.482355326 -1.31786609 -0.978174567 0.851521134 -0.907307565 0.751323283 0.629692912 -0.981698394 0.792897701 -1.69357467 -1.41620851 0.672388732
x 0.199798584 1.14260364 -0.0356542952 0.407657862 0.772435725 0.320195794 -0.951958418 0.278211117 1.4155997 0.681244552 2.40617394 -2.13654208 1.37331748 -0.585537791 -1.42284441 -2.28689003
x 0.354985535 0.299623907 -1.20496941 -0.645906568 0.259914726 -0.334401011 -1.81026793 -0.83079344 0.375995517 -0.257071972 0.257192522 -1.42899811 -0.464873582 -1.19746721 -0.370919585 -0.644732356
x -0.448851347 1.2742449 -1.09412611 0.481696874 -0.207931355 -1.2116282 -1.59637761 -0.240090519 -1.17930126 -2.59639454 0.389491767 -1.33447099 0.127875373 -1.8731339 -2.03568792 0.899415731
x -0.280032337 -0.170104995 0.00607827445 -0.776984334 0.232923523 -1.66144311 -0.698174834 -0.14792712 1.10481811 -0.852071464 -0.361130357 0.791592658 0.66674751 1.26866817 0.232257083 -0.333524913
x -0.241455168 0.228875175 -1.45207632 0.532574475 0.350503266 0.222580716 -0.904060185 -0.038689252 -0.756224513 0.146050423 -0.427220494 0.745466471 -0.586619735 -0.176402345 -0.98977536 -1.12669265
x 0.363873869 0.624835789 -0.558878481 -0.860619068 -0.0202344954 0.65167588 -0.909647584 0.325359195 -0.882799983 -0.397732198 -0.279401183 0.162853122 0.42732358 0.619200051 -1.89932871 -0.202200919
x 1.03582501 0.755550444 1.20262074 -0.328193069 -0.697945595 0.0332935862 -1.09894621 -0.978668928 -1.06724763 0.00886416808 1.39884329 0.823683858 0.178672895 0.467302769 -0.389242321 -0.308281422
x -0.325006455 0.0188607909 1.32511222 0.678892851 1.87149882 -0.344470054 -0.583010375 0.483048618 0.454685181 0.648370206 0.855606675 -0.490590662 -0.893849254 0.298818856 -0.220336318 1.4307487
x -0.396146566 -0.586998403 -1.6822567 0.262183815 0.690486491 0.646675825 -0.880396843 -0.398280889 0.800907969 -0.202925652 -0.635675251 1.63963461 -0.824409902 0.0185321271 0.961235404 0.416528732
x 0.690667868 0.751340866 -0.251573712 0.11212685 0.481188357 -0.352184147 0.397106558 -1.95569277 -0.365131408 -0.285861582 -0.237636596 -1.64903057 -0.996468663 0.619077384 0.0472645313 0.661439598
x 0.94655019 -1.41515291 0.604017735 -0.198152438 1.37964821 -1.62372184 -0.199057162 2.03364348 -0.399630457 0.00104858482 -2.8442626 1.46351993 -0.147860557 0.397663623 -0.163381651 0.329957277
x -0.345299393 1.13978744 0.241977081 1.39003038 1.7110045 1.73301196 1.09434903 -0.974453807 -0.872004688 -0.434146762 1.62588727 0.406082779 0.123035505 2.90658879 -0.164354727 0.353724539
x -0.798889041 -1.87773812 -0.872047007 -0.922806323 -0.979070783 1.04344869 1.79495776 1.63481426 -0.825745881 1.28808987 0.784850419 0.685794711 -1.24190342 -0.0935073644 0.295845538 -1.97977018
x -0.678581595 -1.42016351 1.54379272 0.908254564 2.77003288 -0.860303044 0.947882712 0.624471128 0.312834024 -1.3261975 0.27786544 1.20826876 0.428979635 -0.206249386 0.354165673 -0.543347895
x 1.15764832 0.227239072 0.0701680779 -0.362466484 -0.521770835 1.58254528 0.195226848 -1.40451348 -0.173028484 1.9264034 -0.87814039 -1.5465982 0.00744042592 -1.35215461 1.41703916 1.08630645
x 1.98462522 0.861416459 -1.1148082 -0.392874897 0.979134142 0.725928009 0.26560843 0.35117501 0.990439296 1.35354662 -0.365158558 -0.515474796 0.523612976 -0.297273695 0.430034876 -0.835079551
x -1.30130088 0.125868633 -0.64695847 1.80159271 1.3515569 0.194796667 0.722406328 0.681046367 -0.446121484 0.701135695 1.06065214 -1.45637834 -0.0150043555 -1.79393566 -0.0553415827 -0.17944999
x 0.449706376 -0.428775072 -0.3369717 1.07688808 1.15301275 -0.10681437 0.0938243717 -0.106186844 -0.731823504 -0.0864941403 -0.20601055 0.325862199 0.525312364 1.07377672 -0.776280999 -0.175102785
x 0.103174299 -0.585358322 0.341998667 0.656801164 -0.660887361 -0.733783185 -2.44083881 0.0441980772 1.04408824 -2.29332566 1.95416701 -0.455067754 0.0726119429 0.357607424 -0.0272436514 -0.578699946
x 0.491083652 -0.273735911 -0.0903445706 -0.00852115825 -1.24142432 0.245122656 -0.142042667 0.0880655572 0.634199202 0.660499871 -0.114427008 0.0358168818 -1.34676158 0.239311501 -0.378561378 -1.49225676
x 1.42190397 -1.53940606 1.47205269 -1.62007976 1.82501245 -1.07184577 1.07706463 0.847048759 -0.0796923935 1.68499029 -1.48749769 1.04021442 1.57222569 0.0519316047 0.445061475 -0.905893207
x 1.27189541 -0.0605749823 0.0733193755 0.0745539367 -0.471912831 -0.193594947 2.40815425 -1.11961889 0.772436202 0.12180692 -1.55773604 1.68655598 -0.635599971 2.0610044 -0.0158416741 -1.80207574
x -0.763290524 -0.05139805 -0.47415778 -0.0734782591 1.61899626 1.33825541 0.640963793 1.52067995 0.829688251 -0.441719353 -0.343630165 0.559825182 0.340067744 0.660900235 -0.946358442 -0.132707983
x 1.51437223 1.29200757 -0.96566987 -0.634404421 -1.53669918 0.0593561307 -0.619646072 -0.641211867 0.600015283 -2.03548622 -2.34391046 -1.13644373 -0.276957005 0.45650962 0.546669364 -0.493123412
x 0.641422987 0.391320854 -0.514010966 -0.26377973 0.879152119 1.79390132 -0.812121749 -0.799798667 0.371089935 -1.96404827 0.776035011 -1.1835587 1.03250325 0.841497481 -0.152550593 0.754916012
x 0.743673027 -0.292364538 -0.648426592 2.43749547 0.748508632 0.93570596 0.261059314 -1.37538934 -0.0413543098 0.350486726 0.18355535 0.457335442 0.816399038 -0.347724468 -1.54480278 -1.20167243
x 0.891774833 -0.78418076 0.854563951 -0.481141984 1.20058739 -0.14953807 -0.658096969 -1.97705817 0.29927513 0.502382457 0.788592041 -0.166346043 1.43867099 -0.830773115 0.664152801 0.420462132
x 0.379995376 1.13395238 -1.16536629 -1.3883487 -0.1384812 -1.66960168 0.636135161 0.28176102 0.613904059 0.0328551866 -0.32807672 -0.329059631 0.693187296 -0.274472207 1.80267096 0.966675997
x 0.214971647 0.202243894 0.123037048 -0.423294693 2.11528373 -0.700693846 -1.88755846 -0.950034618 2.18451548 0.0153681291 -0.717840791 -0.29787007 -0.883622468 -0.056236133 0.516110837 -1.30201554
x 0.272029042 -0.059014447 0.133731097 1.63202286 1.23091233 -0.37665692 -2.38596129 -0.339885652 -0.626734138 -0.767924368 -0.573101282 -0.516453981 -1.03169966 -0.947467744 -1.39750385 -0.25866589
x 1.74396944 0.544304252 1.88490427 -0.386886925 -0.616600215 0.692541838 0.898074329 0.197750047 0.809915602 -1.56684685 1.16692734 0.330010056 1.49388373 0.308364481 -0.0934780464 0.635052025
x 0.427419394 -0.326436847 -0.174787477 0.143205449 0.0968833193 -0.23291418 1.04820275 0.526160479 -0.351684391 -1.9484998 0.199185163 1.47145963 0.18670918 1.84228551 0.61951977 -1.80524349
x 0.0835679844 0.782189786 1.54861009 -0.662166119 -0.298396617 -0.190294698 -0.677295923 -0.178068578 0.170541614 -0.341192871 -0.0744269565 -0.850240469 1.33144903 -0.83646369 -1.7065829 -0.00185197673
x -0.142536044 2.46540785 -1.51836348 0.10032776 1.51888621 0.627270281 0.976106942 -0.454121947 -0.00265395059 0.648313761 0.657873571 0.412493408 0.64923352 0.0261670295 -0.377201438 -0.233883873
x -1.42468917 0.880114973 0.689817965 1.10700357 0.587020397 0.315091521 0.389277905 0.53089571 -0.461499572 0.766429901 -1.50188589 1.44378066 0.512830198 -1.55448544 -0.570294738 0.364524305
x -0.697608769 1.47658181 0.451746374 1.1379621 -1.16366982 -0.303108871 -0.679911971 -0.212666333 -1.78088021 -1.79460418 0.302543133 -0.0516716577 -0.179863557 0.521133125 0.814647913 0.858365715
x -0.0251629204 -0.956896544 -0.0847480819 0.910412431 0.0229311865 0.990846992 -0.367645562 0.0281284768 -2.17454052 1.15602744 -0.0767204612 0.860862315 -1.40820312 -0.210236311 -1.0169735 -0.2470548
x 0.250816822 -1.35267925 -0.379242092 1.53107059 0.772760093 1.05356002 -1.75957572 0.255535483 0.484971195 -1.1181891 -0.537777245 -0.519723952 -0.524688542 0.0269854348 -1.31815469 0.00814244803
x 0.473457009 0.318332553 0.402639776 0.93654573 0.0888208672 1.96641421 2.01964712 -0.738442838 -0.563847423 -0.752971768 -0.147034124 -1.65510893 0.585568428 1.38262749 0.221327677 1.84333479
x 0.463524759 -1.60769641 0.0313598067 1.0348171 0.65219456 0.454128236 1.94949663 0.864644229 1.26684201 -0.919010162 0.766216755 -0.895183146 0.208842039 0.898726285 0.867087781 -0.636542201
x -0.0642904043 -0.0836011767 -1.42594874 -1.98312712 -1.17303705 1.72972071 0.101326831 -0.0267097112 1.62830985 -0.864226282 0.626582384 -0.157400742 -0.461382568 -0.363740385 0.591556251 0.230913207
x -0.404286563 -0.538489401 -0.530395091 1.82508051 -0.0533698127 -0.987048864 -0.178326353 -0.281707048 0.639798045 0.610846877 0.500943422 -0.776249528 0.293826193 -0.919274688 -0.370717615 0.233183742
x 2.34101248 0.381547242 -0.266562045 0.0712401494 -0.362797618 0.80154866 -0.076793626 -1.04116023 0.435224354 -1.7335459 0.783474684 -0.0615715683 1.7822752 -0.0677573532 0.217172518 -0.906317413
x -1.71806169 0.253960937 2.13469839 -1.40359104 -1.2571497 -2.96861792 1.12634659 0.236017466 -0.2810691 1.13821161 -0.0716011524 -0.851717234 -1.40879607 -0.287453741 -0.413756371 -1.45341599
x 0.596354485 -0.752447367 0.776725352 -0.929025292 0.635445058 0.730308056 -0.734268725 -1.96938455 -0.883977771 0.754854679 -0.870943069 -0.611699522 -0.202139556 -0.727302849 1.19635236 -0.047971487
x -1.22521996 1.11456788 -1.80502486 -0.264234602 1.10910428 -0.623967886 -0.291267246 -1.63822103 0.751958072 0.168297574 0.390886366 1.13925481 -0.337170571 -1.18702757 -0.449694216 2.10969377
x 1.10938704 -1.65658939 -0.687228501 0.720929861 1.12964654 2.1453383 -0.240380153 0.0981001407 0.154936105 0.261865348 0.952270925 -1.53577149 0.35411033 -0.152625144 1.36856115 -0.987413347
x -0.434559464 -0.563759089 -2.62789345 1.49133861 -0.185959324 1.57570231 0.702376068 0.100835934 -1.52780044 1.51576102 0.22140862 -1.26789784 0.0344232582 -0.208150789 0.777958572 -1.63969612
x 0.0422350578 -0.146321356 -0.702703536 -0.736366212 1.12778103 -0.0276401993 0.951228559 -0.669175744 0.0531730279 0.761732817 0.148157105 1.38690937 0.329291254 0.893147945 0.434419215 0.649973333
x -1.66802299 0.363366067 -1.31193519 1.62473845 0.825522721 0.733996689 0.356634825 -0.959203482 0.113031566 -0.430101305 0.109497912 -0.399602443 -1.87296116 0.169080928 -0.190975174 0.150292337
x 0.252189606 0.0996786505 -0.604533434 -0.861718416 0.821688652 -1.20857477 2.35504866 0.660164475 -0.854213357 0.886350811 0.162309125 0.56210041 -0.244042426 1.96121871 -1.86081314 -0.207829431
x -1.48901236 0.358899236 -2.17742968 -0.279866755 -0.488692552 -1.6919173 -0.424925804 -0.834609568 0.448849022 -0.62307632 -1.02404702 0.0344382748 1.1408906 -0.324089378 -0.619011283 1.4227674
x -1.55769062 -0.982312143 0.34533447 0.888621271 2.03271747 -0.512331307 -0.591866314 -1.0137682 0.33371219 -0.0157380141 0.438973427 0.227332577 -0.269721359 -0.489301533 0.371679932 1.63447356
x -0.286908358 -1.75738823 2.34168649 0.409587294 -0.293684125 0.763490379 -0.714261591 0.176980555 -0.956757247 0.6829198 0.109700911 -1.08762729 0.867808282 -0.512995541 -1.23912489 -0.352641106
x 0.659945428 0.722502291 1.30063117 0.582949877 0.838078082 -0.0735403821 -1.30397975 0.457691222 -0.0781496689 -0.103506498 1.61089647 1.38555372 -0.696442187 1.75268531 -1.2480371 0.0728498623
x 0.362457067 -0.00813371502 2.75042772 1.05934381 0.946011961 0.766525447 1.06357539 1.59070289 0.220158458 -0.682299078 -0.598673046 0.0763489306 -0.75015825 -0.00404857192 0.0262665339 0.052034419
x 0.0497637242 0.179463848 -0.0696763396 -0.89346689 -0.55257535 1.11648309 1.01068032 -1.08031392 0.398636013 0.39244175 1.19808781 1.34386146 1.04383659 0.0332453735 -0.103256613 0.393685222
x 0.767601907 0.0200319272 -0.0775881633 -1.08422208 -0.494835019 -0.841892183 1.17341626 -0.492572486 -0.584136426 -0.332542062 -1.1715194 1.77845538 -0.194333121 -0.142884642 -0.141703606 1.17486811
x 0.685940146 -0.631169319 -1.31864429 -1.44387746 -1.48034132 0.596029341 0.414032608 1.51761067 -0.625248373 -1.73228323 -0.53362298 0.436905593 0.196420237 0.333882511 0.430159003 1.30460119
x 0.803188682 -0.242552206 0.118193313 0.581095755 -1.60689032 -0.144447103 0.796224654 0.886436284 -0.342139184 0.8094064 -0.943311334 2.22826433 -0.474496305 -0.945129991 -0.164916366 -0.552610636
x 1.09230244 -0.256022185 -0.996940434 0.916849554 -0.0317158103 -0.0827033743 1.84144723 -1.21786249 1.79002202 -1.02533364 -1.61551642 1.19514179 0.470812082 0.943813086 2.05146384 -1.41425848
x -0.270758599 -2.39866233 0.445189029 -1.15975392 -0.697172344 -0.0056530307 -0.27536729 0.242113024 1.2174902 0.46977973 1.05131435 0.422096997 -1.23890007 -0.71567899 -0.0371368006 0.478687376
x 0.0345750041 0.703388572 -1.40015781 -1.26598656 -0.732236028 0.739347339 -0.0671915561 -0.947760999 -0.100175425 0.122776598 -1.16658413 1.61846471 -1.46660817 0.610066712 0.799026132 -1.45045745
x 0.522560477 -0.72021699 1.50544608 -1.54042399 0.425552845 1.18941462 -0.846144438 0.419733495 -0.232777551 0.691701412 -0.785573304 0.203750536 0.983498216 0.592391968 0.341255575 0.749943972
x -0.232028335 0.758749664 -0.360489577 0.10703104 -0.353381336 0.434145778 1.3776077 -1.97396517 -0.153508618 -2.92244005 -0.75491333 0.205037966 -0.47016108 0.168581933 0.823455036 1.77565885
x -0.710823894 0.177944317 0.00143914483 0.732624829 -0.369033843 0.123334371 -0.929275513 0.232798442 0.173411205 0.0968361497 0.00937204435 -0.806188047 -0.872333288 0.788797379 0.302387238 1.67427051
x -0.450131088 1.37519705 0.148971438 -0.603507698 0.210095629 0.784296691 -1.50621378 1.88214922 -0.145616516 0.0309268534 0.440175951 -0.373296827 -0.0685431659 1.06966829 -1.23392653 -1.50083828
x 1.00932586 0.0750083551 0.0653464571 0.31112352 1.26789534 1.63268495 1.30137062 1.03678596 0.861687422 0.322961003 -1.08286965 0.337394536 -0.386734128 -0.842837572 -0.0227485597 0.04551946
x 1.18128431 2.08470488 0.945830345 0.0466175899 -0.422123969 0.623402119 1.67606831 -0.629367828 0.734623134 0.0402442701 -0.977475107 0.268154949 0.211546868 -0.781524837 -1.51252329 -0.501401186
x 0.329103172 1.17355573 0.544102013 0.806356013 -0.0791023746 -0.638171315 1.75889647 0.707390845 0.785839319 0.998886764 1.54973173 -0.2218889 -1.04449129 -0.66075772 -0.900841892 -1.76697373
x 1.55631232 -0.308698684 0.804581106 -0.154538989 -0.124910831 -0.414660037 -1.43736231 -0.430938512 -1.87517583 2.3303237 -0.49807018 0.175186932 0.367657661 -0.489334255 1.48884451 -0.251175314
x 1.07013428 0.161109343 0.969752252 -0.802181482 0.312588066 -0.495406359 1.02052486 0.0819374919 0.645836413 -1.37962723 0.0570338517 -0.923823059 -0.278621614 -0.493531942 0.440272301 0.128910184
x 0.486367196 -1.48984969 -0.83185029 -1.86137164 0.88693583 -0.59163332 -0.559183657 0.0926745459 1.97486019 -0.0197895337 -0.406068087 -1.01955724 1.20064664 1.06478143 -0.985796809 1.85173535
x 0.147619143 0.537193239 -2.36183119 -1.3305788 -0.713622093 0.447509795 1.84213316 -0.791780531 -0.525016308 1.67651403 1.26044536 0.77678895 0.506292462 -1.28207254 0.138686866 -0.939603686
x -0.129108891 -0.038580399 -0.382972956 -0.359251052 -0.85546726 1.40038061 1.16001749 -0.957369685 -0.270618618 -0.302469105 -0.739586771 0.259231746 -1.43491268 0.574938357 -0.0569663011 0.835103571
x -0.325554311 -0.958140612 0.485253602 -0.697053254 -0.950851142 -0.874692678 -0.504364908 -0.316259384 0.728471756 1.2739501 -1.30298483 -0.127822861 -1.37818038 1.35611463 -0.786103845 2.56192684
x -0.338219136 0.300878018 -0.0854691565 -0.561631918 -0.4639979 -1.58464336 0.418498307 -0.998968601 0.548018754 0.280786514 -1.10404563 -0.845152259 1.16485786 -1.46665883 0.135666013 -1.41124797
x 0.653594494 -0.450785965 -1.41937029 -0.768417418 -0.603273213 0.907934844 -1.38366544 -0.0841074884 -0.415084809 1.03421032 0.708212972 -1.48082221 1.07185709 0.764026463 -0.322529793 -2.5646832
x 0.586990178 0.55913192 -0.615641594 1.19312501 -0.489371866 -1.46316588 1.41507232 -0.488361508 -0.356889009 0.81584543 0.0816158056 -0.986841321 -0.139555439 -0.496098459 0.405640244 -0.421932787
x 0.111786664 0.387731761 -1.75850713 1.53587341 0.411200404 -0.700554967 -0.0488644354 -1.33531857 0.417310089 -0.879383385 0.447299868 -0.193708465 1.06812561 1.08343112 -0.341030717 1.95989513
x 0.119743966 0.465620875 -0.553750336 1.07632327 -2.0553689 0.824336588 0.0905063748 -0.55426836 -0.113466829 -1.52267611 -2.31626797 0.500323057 1.55528545 0.0733941644 -0.96336621 0.517045915
x -2.01773882 0.933571815 -0.455832005 -1.01396382 0.230331436 -1.5407443 1.17775571 -0.0231780093 1.24862278 0.384665996 -1.4121815 1.02472651 -1.51457429 -1.51831496 1.1999799 0.025335338
x 0.884738147 0.135858685 1.8759551 -0.138499394 -0.395846426 -0.871313095 -0.530216396 0.139353454 -0.0871288776 -0.308986515 0.869277477 -0.0884830505 0.356574327 -0.546563506 -0.522626638 0.178455278
x 1.60969019 -1.08473611 0.602698386 -2.23558402 0.762325943 1.23736596 0.294751078 0.829141676 0.946483016 -1.10829902 -0.142291307 -0.0911545306 0.566200435 0.120318145 0.199559063 -1.68212748
x 0.184499279 -0.39514783 1.01184106 -1.10048938 1.92496777 1.04401863 0.441214949 -0.75560087 1.04082966 0.66087842 0.800142527 0.953344107 -1.56688833 -0.121461533 -0.639047503 0.147535637
x -1.73019421 1.41737139 -1.70833611 -0.164111629 -0.0520076342 0.785623789 0.326193333 1.59948397 1.46640766 0.47193566 1.50573015 -1.90173769 0.590829849 0.152811825 1.00998008 0.146015614
x -0.138231382 -0.247165188 0.63140583 -0.0587605983 0.297271669 -1.9930675 -0.621422768 0.757857621 -2.36099434 -1.34453857 -0.670880914 -0.455659777 -0.978971541 -1.54238057 2.91499019 0.961191833
x 0.597100556 2.30443501 1.14345598 1.40138507 1.17093444 0.942485154 1.0614357 -1.35356104 0.868233323 0.292298943 -1.0283035 2.51209807 -0.968327761 0.0670280159 -0.131409883 -0.0538475178
x -0.202116773 1.68877375 0.598183095 0.0317329727 0.568300009 0.228274137 -0.122641556 -0.227789387 0.119903482 -1.10975111 0.264317244 -2.04189658 1.00281489 -0.0618035085 -0.400265962 0.122042
x -0.794303 -1.06663144 0.0108011169 1.28367937 0.593750536 1.36981308 -0.499468088 1.10303962 -0.502807438 0.867053747 -2.50272298 1.25021434 0.155785322 1.22755015 -0.0751428008 0.251552254
x 0.867213547 1.87114918 0.327983946 1.07973826 2.76053572 -0.325001657 0.47768724 1.18827558 0.435224533 1.57777703 -0.739814937 1.39455891 1.23430824 -1.21916735 -0.168882385 0.846023738
x -0.653721094 -0.976406753 1.00487852 -0.44172442 -0.499765337 0.349493235 -1.43042326 0.583978355 1.93643057 -1.33921325 -0.00720456056 -1.74876153 0.529393971 0.340240628 -0.424455136 -0.444295764
x 0.269841045 0.98483485 1.35846579 0.470890939 -0.479361147 0.483983755 1.35788548 0.385855407 0.209115252 -0.111112863 1.08199966 -0.46357742 0.678980887 -0.452029854 0.681236148 0.00917366333
x 1.01080573 0.754396439 -0.276919365 -0.232452944 -1.16081798 -0.959646702 -0.166895494 0.000778549642 0.215732455 0.0757704601 0.403537422 0.196100548 -0.237298757 0.118018672 -0.306228042 -1.2789278
x 0.794589579 -1.29831851 -0.622212291 -0.148729905 1.01401556 -0.359033585 0.55385071 0.140375033 -0.118552901 0.580417991 0.642446995 -1.8546567 -0.417948633 -0.0787527785 -0.20828113 0.761034667
x -1.83694398 -0.456164986 1.37673855 2.04717922 0.25003323 -1.98817527 0.341956139 -2.14337087 1.08621228 -0.16318132 1.20473552 -0.876538813 0.247953087 0.204791963 1.32691574 -0.454560846
x 0.214891985 -1.12541449 -0.0816030875 1.59076369 -0.310224771 -0.827587783 -0.232028067 -0.348605216 -1.87555158 1.86247706 0.39798674 0.343443781 -0.711360812 2.16802454 -0.552596509 -0.576170087
x -0.0374320783 1.0009402 -0.882100463 1.0002743 -1.03024268 0.467453003 -0.799715698 -1.03391612 0.994131625 -1.56256473 -1.02052331 -0.0150361108 1.06671298 -0.783208549 -0.170095712 -1.25177658
x -0.850372434 -1.42224801 1.88997662 -0.12997213 -1.4566623 -0.521836698 -0.65024364 -0.463919014 -1.33943045 0.470914304 0.191383287 0.730265677 -0.574855268 1.20764768 -0.553676963 0.956608653
x -0.319376618 0.98481971 -0.740873754 -2.45932627 -0.472069949 -0.24497436 0.0998966321 0.37391758 0.354230314 0.48420471 0.563266158 1.05803096 0.753359795 0.1481895 2.45486403 0.280993342
x -0.684711635 -1.01195359 0.352244735 -2.28011799 0.721803665 0.403626084 -0.0572700948 -1.07489216 -0.71315974 1.08976388 0.800254881 0.578673303 0.157207176 0.490759641 1.61022615 0.458823204
x 1.06102872 1.29118216 -0.103647061 -1.54497218 -1.94632185 -0.102786861 -2.23129416 -0.211036682 -2.8293519 1.14961243 -1.34103167 -3.02952337 0.205969661 -1.04264975 -0.419962496 0.509231389
x 1.22495842 0.101024069 -0.617850006 0.277001113 0.0563631654 0.197364569 0.872090816 -0.466234595 -1.75691938 -0.843987465 -1.41697991 1.44664168 0.576501667 -0.0435953736 0.901408195 -1.16928744
x 1.01416981 -0.47057423 -0.680553973 -0.656485081 1.68694961 -2.4854672 1.13009775 -1.48085058 -0.712780714 0.267545521 0.518100858 0.26620838 -0.0184975322 0.171474785 0.577882886 0.941560328
x 0.0131597212 -0.640069425 -0.870840013 2.0713973 -0.474219978 -0.151505873 -0.945065439 1.42440081 0.0627324134 -0.359065443 0.733312607 -0.591212869 -0.440289557 1.26177335 -0.249641806 0.133329406
x 0.49715355 0.0834406093 -1.43737149 -0.0243936349 0.155270934 0.455072373 0.265564501 0.808392704 0.811184525 0.0671983361 0.829872251 2.09019399 -0.0824854076 0.661865592 0.507512748 0.589663446
x -1.9605372 0.552707672 -1.37830639 -0.428299069 -0.829906642 0.549189031 -0.44849503 -0.462785482 0.124062352 0.27743125 1.27825558 0.710633993 -0.218818352 -0.253834546 -0.66768384 0.161503792
x -0.160867617 -0.078559652 0.366724104 -0.65288794 -0.0810093507 2.01261783 -0.665615261 -1.9094429 0.727852821 0.657869697 -1.72252512 -0.352018774 0.900488019 1.33373845 1.14846301 -1.06678891
x -0.180036694 -2.20097041 0.398862183 0.0449261703 1.92347157 -1.26498997 0.294327289 0.586999834 -0.146696076 1.49977791 0.103163384 -0.329991281 -0.0411027633 1.4468298 -1.80033731 -0.0695861578
x 1.53820717 0.840323985 -0.981174469 -0.943004668 -0.547127187 0.235077947 0.970247149 -0.828500986 0.473077476 0.428712487 0.456210554 0.0606802702 -0.49407953 0.556810617 -0.933408797 -0.699822545
x 0.83078295 -1.37222588 -0.872288883 -1.48259699 0.249736577 -0.335755557 0.344537497 0.736360312 -1.64807391 -0.0904492289 0.92719835 -1.02727401 -0.0614083111 1.1039418 -0.445775658 -0.525657713
x 0.278198451 0.064768821 0.310072958 0.0870153606 -0.271040916 0.312781572 -0.978422046 0.726031482 -0.895666361 -0.646743596 1.62245226 -0.170504123 1.12734354 -0.201943785 0.152548879 -0.408852249
x -1.98467565 1.3057853 -0.0602549762 -0.616207659 -0.0311478972 0.402913243 -0.653558016 0.577033103 -2.13238478 -0.603428543 -0.508657873 1.08332956 -0.143467858 0.380288273 0.619694471 -0.501901567
x -1.00870585 2.19945908 -0.0980548412 -0.747216284 0.140603215 -1.26143587 0.622066677 2.10467815 -1.97077477 -1.73261774 0.639942348 -0.984323204 0.360708624 -0.983970284 -0.323093921 0.450229019
x 0.765586376 -1.28221357 0.61587584 -0.30134365 -1.21651888 -0.76310569 0.516696215 0.0553158857 0.391594797 -2.133569 -0.73342818 0.5835917 1.47353971 1.20682669 -0.338371515 0.216684267
x -0.270211309 0.284846514 0.460671663 0.678760707 -0.47168985 0.823567748 0.341971785 1.11680853 -1.90806293 -0.329733938 -2.39325571 -1.33639812 -0.122258119 -1.90754533 -1.15425944 -0.585031867
x 1.2372421 0.0529955775 -1.17877865 -2.09307146 -0.0497226194 -0.246492133 0.956559896 0.150276959 0.183154196 -1.50480843 1.61665356 -0.752961457 1.20061374 2.02277088 0.528570771 0.591450095
x -0.298281223 1.37227046 2.39462543 -0.41088888 -0.310388774 0.129597142 0.454540879 -0.447222054 -0.253495932 1.61365569 -0.475608736 1.56815934 0.290783703 0.724521399 0.258617222 -0.398355067
x -1.45264018 -0.045178175 -0.12697725 -0.177208751 -1.25275743 0.63919425 -0.127427667 0.494033039 0.49175632 -0.805995822 -1.39250791 0.747102797 1.8337214 -1.72130048 -0.680295169 -1.38410676
x -0.196962759 0.140159562 -0.346964598 0.196600661 -1.52146244 -0.848073781 0.730822921 -0.501461089 0.960808814 0.509780407 1.17194593 1.25242913 1.10549903 -0.469470948 -0.880673409 -0.0769760609
x -0.130842671 -0.646502852 0.462580204 -0.447603822 0.222706228 -0.321060419 -0.0608970188 2.33951378 -3.30886197 1.81181145 1.04117942 -0.372527838 -0.230922908 -0.0893914178 -2.24587727 -1.18061244
x 0.920548677 -0.564579666 0.453171283 0.933165073 -0.65389955 -0.242416248 -0.62242192 1.180475 -0.0185988434 1.008093 0.806683123 -0.891086817 -0.24834311 -0.184365138 -0.374693602 1.03261769
x -0.870841205 0.0324884467 1.51469636 -2.91077518 -0.0961172804 0.881643116 -0.392915338 -1.88757682 0.317709178 -0.844823241 -0.111907877 -0.618601978 -1.12144446 0.470586598 -1.67864144 -1.45298398
x 0.612902999 0.316993237 0.980801284 0.162433028 -0.276567012 0.226435855 -0.983600497 -1.02792192 0.596033871 -0.165355131 1.95386672 1.27844942 0.268476486 -2.32025671 -1.31016064 0.395446479
x -0.510332167 0.494972616 -0.0675083995 0.666489601 -1.19586325 -1.19441235 -0.62294668 0.0426634029 -0.042082794 -0.52474761 -0.686385632 -0.644684017 -0.654830158 2.02393818 -0.159286425 0.610978842
x -1.28063977 0.728881657 -0.285645247 -0.128283948 -1.00868893 0.481120765 -0.0542931184 -0.931374967 0.671218634 -0.893922985 0.0858210102 -1.07780802 1.14932919 -0.863360107 0.419427782 0.97149229
x 0.603001118 0.298274815 -0.700484395 0.33554551 -0.956589162 0.879512787 0.165312603 0.296901256 -0.126426458 -0.300992429 0.390566051 -1.07031572 -0.355501592 0.0526090711 1.0865314 -1.08870721
x -1.52525842 0.0494975634 1.01555562 1.81628907 -1.42974448 -0.110295549 1.36537814 0.630403936 0.509794116 0.211756855 -0.985037386 -0.285582781 -0.948526561 -0.77365613 0.213387668 -1.06972969
x 0.643887997 1.15565181 -1.62739396 -0.907019496 -1.38003647 -0.322407067 0.598645747 0.508463919 -1.11792886 -0.243803665 1.34868991 -0.28960219 1.84556842 0.698866725 -0.917076707 0.198791146
x -0.225371033 -0.158355087 -0.339694649 0.14544861 -0.863831997 -0.360484749 0.397906393 -1.41110766 -1.22637582 -0.559778631 -0.922208965 -0.81075865 -0.00084098283 -0.203254953 1.36722445 -0.686274052
x -0.0388048925 -2.2471683 0.0902628228 -0.0186363943 0.709016621 0.774769604 -0.166263506 1.71842968 1.10928941 -0.113165364 -0.23328127 -1.65664804 -0.831419408 1.6767602 0.725986362 0.401982278
x -0.105028845 -0.423522562 0.533534408 1.40815747 -0.0893186033 -0.813850105 0.172148451 -0.810533762 0.506720245 -0.516567826 0.87616092 0.458510101 -0.351139039 0.901903033 -1.61358082 -0.309606463
x -1.2945379 -1.8351903 -0.105933018 0.602437854 -0.15046379 -0.73628813 -0.138604 -0.974664271 1.34859264 -1.83262455 0.493280977 2.33702612 -0.771639407 0.118558928 0.847704828 1.35353267
x -2.50171876 -0.575417042 -0.0948293284 1.38246799 0.300594658 0.458028287 0.44705379 0.691217244 -1.37320471 1.10670364 -0.139172256 0.187205926 0.087320596 -0.400626034 2.5690403 -0.415653437
x 1.02757704 0.824290216 -1.91647577 -0.831127346 1.01141059 1.02860117 2.72007155 -0.839553714 -0.825008035 0.216585562 -0.10318049 -0.403336018 -1.59301162 0.945066929 -0.619401157 0.585824013
x -0.778181255 -0.721053064 0.682330608 -0.00401876587 -0.447842032 0.880931079 -1.09703934 -0.294796079 0.170500025 -0.902975917 -0.617141545 0.148904055 -0.267947197 0.423235327 0.55904305 0.0423628092
x 0.122523144 -0.215972975 0.494379878 -1.10895157 -0.182560995 -0.173886716 -0.299097151 0.098953858 -2.14806437 -0.263958603 1.8901031 -0.885988235 -1.03471315 -1.03824711 1.15178144 -0.460221499
x 2.47122622 1.50677085 -0.76777178 0.0209394991 0.203677177 -0.98319006 0.7318874 2.38921762 0.201160252 -0.908849239 0.227886468 -0.103657924 0.452870607 0.401930839 0.118732825 -0.745360732
x -0.327476054 0.308440119 1.33837211 1.45363557 0.168329254 -0.781209946 -0.180303991 -0.129578337 -1.16209126 0.00638711872 0.401450545 1.50457525 0.0216214638 -0.278354883 -0.489374369 0.12658295
x -0.591647327 0.127055392 0.738598764 2.33849287 -0.259824187 0.991392374 2.30837798 -0.265101701 -0.948855042 -1.26350093 -0.658628047 0.924827576 -0.214822605 0.379473507 0.0550429747 -0.669771731
x -1.36262429 -0.864578009 -0.0692234412 1.09385407 -1.20172143 -0.193111986 0.657447577 -0.0683355257 -1.73634267 -1.35529411 1.79087043 0.550620973 1.03882849 0.406814456 0.772697151 -1.06461477
x -0.467237443 0.266885251 -1.84101796 0.654455304 0.613017738 0.262108862 0.676129162 2.19890857 -1.5509603 0.168441087 -0.39005062 0.575315058 0.949218154 0.447772533 -1.29751456 -0.541930258
x 0.305053085 0.902377665 -0.642042935 -0.946712434 0.599052787 0.767187953 0.394901663 -0.403610975 0.263436854 -0.454577565 0.624288261 -1.30399287 1.6813122 0.00371380826 1.71393001 0.0261202343
x 0.371806681 -0.226782963 -0.0738846809 0.00469053444 0.552146256 2.05561733 -0.20753482 0.449912548 -0.809932232 0.332222342 0.167460516 0.619903088 1.04795277 -1.26043069 -1.22820437 -0.411638737
x -0.0794272646 1.46905529 1.38080633 0.613320887 2.37532377 -2.96638513 -0.799210548 -0.665461838 1.43769479 -1.32503116 1.08624446 -0.350820959 0.249299601 0.734595239 -0.626692057 0.845614791
x -2.34504962 -0.517894745 0.695717573 -1.0242697 1.23496091 1.56938219 -1.84940195 -0.0877672061 1.79339707 -0.404690772 1.01124442 0.283732444 -2.29312682 0.712893069 -0.180172443 0.0527148545
x -0.609334171 0.276939869 1.88381529 1.79129601 -0.335729986 0.783859611 0.0554862581 -0.352544248 -0.672314107 1.11413443 -0.117508449 -0.588128865 -0.0666104704 -1.40164709 1.52422452 0.509316742
x 0.555248439 0.419463277 1.39960194 -0.105076127 0.301627874 -0.319193006 -0.139854431 0.0488518849 -0.151163042 -0.569244087 1.07164669 -0.641059518 -1.64965165 -0.584940374 -0.420530349 -0.467242688
x 0.80795759 0.608887553 1.12525964 1.17731571 0.360961199 -0.96595335 -0.278018594 -1.6572994 -1.2070173 -0.735225201 -1.19529641 0.428710848 2.53350782 0.0718862414 -0.0450720675 -0.525510728
x 1.15640223 0.439689159 -0.0269963332 2.33506608 -1.19878125 -1.44438219 0.581038058 -0.129683629 -0.736514151 0.810384214 -1.76081157 0.324194849 -0.888332725 -0.589578271 -0.368063629 -0.820741296
x -0.234020755 -0.0149631659 1.06176937 -1.27020991 0.0178322401 -0.032193359 1.23399878 0.924427807 -0.691907406 -0.0449750647 1.10344505 0.164682165 1.3942337 1.11663473 -1.12565005 0.944390774
x -1.08801246 -0.762328207 0.275515825 -0.276886791 0.322395593 0.468326718 1.24715042 0.125580832 -0.211427987 -0.676301181 -0.587752461 0.413710266 0.747379363 -0.374657184 -0.0658223405 -0.0427368693
x -0.139511541 -1.88166797 1.57080591 -0.856121838 0.659035146 -1.42179561 -0.486237615 -0.580990672 -1.88352406 2.14819646 -1.44738054 -0.269774824 2.01063466 -0.683522403 -0.496868134 1.20961058
x -0.299594611 -0.53890872 -1.06386876 0.0114096347 -0.0726128519 -1.82101643 0.250858307 -0.622453272 -0.284807622 0.184362411 -1.24456704 -0.769506752 0.0308179092 1.84885395 -0.763724625 -0.483048379
x -0.497119248 0.0526369065 -0.611375749 -0.822474301 -3.06804705 -0.371939689 -0.715448618 0.188859791 1.37319863 0.961761892 0.716574788 -0.390086561 0.0377865247 0.706620693 -0.950620711 1.15571916
x 0.811210692 1.0323844 -0.212430343 -0.303533673 -0.270868599 0.060039632 0.955850422 0.541999161 -0.159763902 2.3565228 1.27581406 1.48736095 -0.768317342 -0.801121652 0.236039981 1.4986887
x 0.608993649 -0.273981094 3.18917203 -1.19155085 -0.506686747 -1.29106486 -1.74849212 1.02204442 -0.315697283 0.024720069 -0.251411855 1.17639101 1.18937314 0.962943673 1.97873342 -0.0312683545
x -2.06206083 -1.03634799 -0.630841017 -0.155538008 2.33210444 0.0731384978 0.242658943 -0.67145288 1.26359272 0.79032588 2.19114995 0.397737771 -0.207744703 -0.51201731 0.458829165 -0.918143928
x -0.942423463 0.188075483 0.587843537 -2.88147211 -1.83255911 -0.636986673 0.537390709 -0.815580368 1.29603159 1.10985243 1.41370535 1.33175921 -0.422847211 -0.184882164 0.806393921 0.347513646
x 0.146845758 0.966697812 0.580693185 0.0308925398 -0.516142786 0.534196794 1.68815649 -0.440986574 -1.74161839 0.732365131 0.564959049 -0.0527828224 -2.15369654 -0.435574681 0.0551262684 -1.75139618
x 0.422930717 -1.02265489 0.114291757 -0.34962374 -0.0806318149 0.835356295 1.61631644 -0.667867839 0.234902576 -0.0706368238 1.45109344 -1.14689863 1.96824801 0.20807758 -0.291543454 -0.822988033
x -0.792522252 -0.516397119 -0.904290795 -2.62384725 1.07014227 -0.744264781 0.203348562 -0.773866594 0.0928724483 -0.830760598 -0.180881321 -1.49901879 1.25204027 -1.92759442 2.18329549 0.735184312
x 0.410700232 1.52661037 0.64934355 0.91628015 -0.563586652 -2.06486654 0.950131476 -0.968599617 0.922550201 -1.39856601 -0.0102262991 0.310588568 -0.656764388 0.236269563 0.0805577189 0.37235114
x -1.17120516 -0.480273008 -2.50039768 -1.1899513 0.690365791 -0.503246605 -1.07381809 0.68943882 -0.488929987 1.3109045 0.826380253 -0.333371848 0.712405086 -0.739077568 0.241513357 1.40622628
x -1.39526463 1.03022504 0.227878109 0.612177908 0.456711113 0.0405484922 -0.318306029 -0.730273068 2.18076181 -0.131455019 -0.496806502 2.11567688 -1.3255837 1.39034426 0.613331974 -0.403236657
x -1.72025025 -0.466728002 2.42246151 0.0129849697 -0.128011271 1.23470199 -0.381355047 -0.9902789 -0.421838701 0.844142795 -0.469913989 0.112910457 1.70904005 0.982582033 -0.0957011208 -0.530905128
x -1.59728932 0.723080873 -2.1475904 0.298652917 1.40935755 -0.37007004 -0.751267612 -0.0480285436 1.33627665 0.126437753 -0.307931155 -0.48042798 0.0813699365 -0.165597901 -1.640571 -1.93681049
x 1.87605345 -0.596554995 -0.898223162 0.686825573 -0.159844726 0.659887612 0.0989034921 -0.267345011 -1.6856178 -0.472654819 0.840676129 0.110612646 0.889621973 -0.756191492 0.400882542 -0.758962333
x -0.0393507406 -0.456265122 -0.219364494 -0.00459285546 -1.88371098 0.440776855 -0.453006238 0.323798388 -1.3426609 -0.857870817 0.230056822 -1.74365091 0.988332689 0.382958412 -0.649392009 -0.105660729
x -0.664519787 -3.02657533 0.320205808 1.33989275 0.191173553 -0.666958332 0.815505564 -0.0134664802 0.246076748 -0.155676767 -0.601302087 0.443316847 1.31084204 -1.45645571 1.38395548 -0.540692508
x 0.784893095 0.177009448 0.527424216 0.841836095 0.204445317 0.914163768 -0.262355894 0.83169204 0.171896473 -0.493720025 0.0200572945 0.151709497 2.17124891 1.74517167 -0.49298659 0.446359336
x 0.574369967 2.41023469 1.12962222 0.470500678 -0.923596084 0.305053174 1.54154396 -1.71633971 0.0607143454 -0.616511405 -1.09016824 0.558431208 -0.13442038 0.210670322 -0.175920144 -0.572241664
x 1.54374135 1.63070571 0.885777295 -1.1436379 -1.19687748 0.262231708 0.569501579 -0.783411384 -0.802823067 0.591208041 -0.806209683 -0.946796179 -0.021719439 0.37376669 0.980836928 0.820965588
x 0.559505165 0.677514911 -1.06406105 -0.354983777 -2.40495515 -2.19593978 1.54499066 -1.00749826 -1.04607177 -0.176830456 0.0392711759 -2.00245261 0.305108488 0.959778309 -0.22003755 -1.26596761
x -1.47157907 0.419070244 -1.98917365 0.484655052 2.08238196 -0.289093435 1.7678318 1.34813774 1.45783126 0.0649309829 -0.570047319 0.845443606 -0.763063252 -1.36368191 2.50002789 -0.0553504899
x 0.22793819 -1.117854 -0.70947361 -0.764553189 0.114995174 -0.270222306 0.570498645 0.0135669829 -0.851783097 -1.03313744 0.876413405 1.18714464 0.448489219 -0.897162914 -0.771003723 -0.0788459778
x 0.10859748 -1.1690495 -1.06678069 1.18351591 0.577747285 0.267078489 1.49015784 1.6021663 -0.647218704 0.421369553 -1.35310364 -0.947203398 -0.408719987 1.45746231 -1.31815803 0.824503005
x 0.350085199 -0.585381627 0.217637673 0.00483294576 1.36429036 -1.56736636 -0.0967009068 0.428903192 -1.92266464 -0.915807962 -0.228425398 -0.143161312 0.0108964872 -1.36551416 -0.535580993 -0.665637255
x 1.33439064 1.29585862 0.337481499 0.720031381 0.853408933 1.54023743 0.545747995 -1.43308592 0.0506000482 -1.5801959 0.0427318178 0.0220606476 -0.207557738 0.922103584 2.15221286 -0.1860535
x 0.799756944 -0.387180597 1.89729881 1.37211943 -0.512754142 -0.482405931 -0.34468171 0.0858044252 0.0147793125 -1.65561402 -0.0496197306 0.492516667 -0.577929497 1.2711364 -0.216325998 1.65820014
x -0.404135168 1.0673492 1.17518854 1.22696972 0.859834492 -2.31959319 -0.595144212 1.0424726 -0.587212443 -0.675172389 0.562606454 -0.390359402 -0.546316922 0.54020822 -0.953581989 1.11653328
x 0.620339155 1.48202777 -0.701310039 1.53129792 -0.997412324 -0.433182657 -2.69996715 0.897008479 1.11947584 0.876662731 -0.1162626 0.630174041 -2.38096046 -0.218219668 0.199376851 -2.14349818
x -0.479179531 -1.52996039 -0.675793648 -0.0252024978 -0.922614813 -0.98562324 -0.521890402 0.0375400595 0.935766757 -1.03989851 0.508379817 1.40631938 -1.35800421 -0.395393819 -0.696830273 -0.632926643
x -0.566425145 -1.60317349 0.867714405 1.16771197 0.561612606 0.208218038 -0.197973475 -1.15135181 -0.146558091 -1.70168948 -0.521505237 -0.0767271295 1.58389795 1.44826496 0.0116203716 0.719676018
x -0.0177301578 1.45888364 -0.176866621 -1.11388874 0.180185273 1.40491891 -0.196904078 -0.905688584 -1.21881545 0.747998297 0.943224669 1.15439785 0.32321167 -1.04601693 -1.56146741 -1.19596767
x 0.943431854 0.582077205 -1.01486719 0.502979636 0.46178773 1.96524656 1.45382953 -1.09158695 1.37279594 -0.231801257 0.0168842487 -0.574471593 1.44130564 -1.27392805 0.532884419 0.293575853
x 0.917455733 -0.950782716 -0.210472196 0.891696036 0.0401429236 -0.554417968 -0.663803101 1.10633218 -1.04521763 0.646318138 1.04083872 1.28114843 1.92483258 -0.441961795 -1.66043746 0.75970149
x -2.06281352 0.863174915 0.244178951 1.08375275 -0.132834479 -1.06328189 1.1364851 -0.83612591 0.0612543114 -1.2308383 -0.471511871 0.0433672704 0.109502383 0.501138628 0.0725762397 1.80249512
x 0.49121359 -0.274585158 0.359500498 1.04311836 0.321911544 0.410728753 -0.493742108 0.253772229 1.16324043 0.132860541 0.481131285 -1.65670991 -1.25593674 0.0288090203 -1.85927022 1.71247208
x -0.0550506264 0.515199482 0.644497275 -1.30540299 -0.641119003 -0.533434033 0.0485077724 -0.12614195 -1.16896093 -1.39533567 -0.521939158 -1.39449751 0.47576493 0.485354185 -1.49663711 -2.06372571
x 0.467016965 0.506969452 -0.218973592 -0.395915061 -0.437530428 -1.38636065 -0.343411267 -0.460417122 1.47008371 0.369450271 0.351512074 0.30784145 -0.126803502 0.698021531 0.56671232 0.0171415824
x -0.157663405 0.530005813 -1.34587491 -0.659852266 3.10368776 -0.18023321 1.20963383 0.246670231 0.615068376 -0.934930563 0.188050807 1.06409597 0.825670123 -1.13427103 1.83720088 1.13044894
x -0.16793184 -1.65922344 0.731716394 0.320331931 -0.353764892 0.640355229 -1.58859813 -0.242365226 -0.393301308 1.24082136 -0.509889424 1.53035963 -0.0787940696 -0.65803349 -0.261826754 1.77983069
x 1.83565032 0.505212307 0.147594109 0.39670226 -0.169961929 -2.30800414 -0.961241663 -0.184858456 -0.858403385 -0.893697262 -1.02853787 1.78893793 -1.11215723 -0.0378488936 -0.103114903 -1.28178418
x 0.0383031443 1.66661787 0.357544333 -1.60286772 -1.93023014 0.136530057 1.21104884 0.618003011 -1.13724923 0.689624429 -0.634015977 -1.58344162 1.50885141 -0.0940314829 -0.851371527 -0.00446928805
x -1.26871264 0.548545837 -0.0749222264 -0.602243781 0.148207858 0.782663882 0.677840769 1.41085148 -0.566361308 -1.06284106 0.0965621397 -0.179829463 -0.788948953 -0.746015787 -1.83356476 0.88541621
x -0.782224834 -0.211340383 -0.303931564 0.215988651 -1.07961047 0.75742209 -0.113046035 -1.09169328 0.490382165 -2.08910894 -0.390686244 -1.82710862 -0.192029372 -0.123382032 -2.03089595 -0.175113454
x -0.685761571 -1.66557813 -0.816852152 -0.797855139 -1.21475506 0.775489211 -2.47592759 -0.439333737 0.528349757 1.5606581 1.84337723 -1.81754351 -0.154723838 0.270556062 1.6874615 1.73630118
x 0.521811903 1.14276612 -1.58981442 -0.923134446 -0.621767163 0.432966709 1.71481252 -0.333697796 0.958693445 -1.4038887 -0.606330812 -0.927278697 -1.19053125 -0.646945238 0.215308815 -1.74941671
x -0.771782458 0.96399188 0.740864515 0.138045087 0.490998447 -1.32729948 1.75672054 -0.619794369 -0.393101543 -0.293432623 1.52012277 2.20943546 -0.866339982 0.466919273 -0.740791917 -0.959778726
x 0.290780634 0.930346012 -1.48308039 -2.23211622 0.688233554 -0.954544067 -0.287439108 -0.900755703 0.688968778 1.60018063 -1.05856907 -0.49016872 -0.0694272742 0.50678736 -0.140169188 -0.458286434
x -1.15158594 1.61801648 -0.392734349 -0.448562473 1.35500431 -0.369701475 -0.162237838 0.988806605 0.563255191 0.747397542 0.517341733 -1.01269102 -0.910020113 0.978423119 1.06604445 -1.28313339
x -0.334535062 0.283446461 1.76017022 0.341765434 1.0745374 0.823806703 -0.246549502 -1.22532499 1.42395997 -0.734890759 1.46299291 0.415314317 -0.461743295 -1.368276 0.650415897 -0.678135455
x 1.32539737 -1.31192231 0.552262545 1.37757492 0.14580892 -0.77913779 -0.320650905 0.36024192 -0.385442406 -0.842759848 0.594917595 -0.205762893 1.01735377 -0.808504105 -1.54815876 0.874307811
x 1.10797966 -0.764334023 1.07506382 -1.05004299 -0.199634522 -0.566038251 -0.544285476 -0.194589019 -1.39024568 0.820800662 -1.62206769 0.202236101 0.728003144 -2.00437427 -0.810727537 -0.927845716
x 0.078938432 -0.292188346 0.61834842 -1.65738118 -0.728431702 -1.06771874 0.891097903 -1.22190642 0.428433686 0.806921124 -0.14482075 -1.20194566 0.846466005 0.83151567 -0.107596964 -0.843273759
x 0.801602781 -0.445136875 0.960699677 -0.0584926233 -1.05357659 1.52861381 -0.475948989 -0.277616441 -1.68098533 0.0621738806 1.40950358 -2.23486066 0.935812354 0.121979825 -0.294615716 0.907654464
x 0.295254141 -1.27868605 0.339179635 -0.601283908 0.982614577 -1.11021602 -0.152118474 0.950798333 2.35105324 -0.110549517 1.84295964 0.640174448 0.707862735 0.667574167 -0.949597657 -0.429931462
x 0.726965487 0.601703167 1.14544582 -0.204438701 0.00194505462 -0.2668764 0.227705494 0.000607268536 -0.532769263 -0.305989891 0.702819526 -0.849349141 -0.285631359 1.18206549 0.0938774496 0.558330357
x 0.385271549 2.05589819 -1.19274902 -0.9394086 -0.93803978 -0.470385671 -1.37767613 2.01740098 0.355584353 -0.791940331 0.140492663 0.000577232451 1.42269826 -0.203490674 0.0795384943 -0.424327791
x 1.05346799 1.04818845 -0.766537189 -1.09358966 0.586701334 0.57896781 0.401820034 0.748915851 0.912839115 0.0265235621 0.585078299 1.81874537 -0.490409225 1.82509506 0.74584043 0.278029025
x 0.275847226 0.0474916846 -1.12727654 -0.39166823 -0.0796428695 1.42822587 0.412505239 1.88105416 -0.281082809 -1.58321059 0.447954357 -1.89575422 0.383527488 0.974056542 -1.33635104 -0.185722902
x 0.659130991 1.82458162 -1.80675769 -0.303289562 -0.0573593602 -1.05864727 0.683495283 0.261255056 -0.260398537 1.77411866 -0.940759182 0.42707926 -0.506993294 -0.126408428 1.02796471 0.0414665788
x 0.986895204 -0.169503435 0.906814158 -0.291436732 -0.816233873 1.34277368 -0.742932379 0.563457012 -0.957175076 0.941791713 -0.0730987117 -1.10129833 0.0296611395 -0.551896691 -1.01639545 0.608499706
x 0.123885825 0.218323439 1.06786048 -0.209838226 -0.504735887 -2.47324395 -0.139473975 -0.557367325 1.85197246 -0.433468491 -1.98284113 1.64932716 0.929616332 0.629059553 -0.337496787 -0.46777311
x -1.1724062 -1.96956253 -0.325553924 1.69861603 0.407290131 -0.368882358 -1.15143788 -0.643374503 -0.806886435 0.776617408 -1.41819811 0.10150674 -1.13259184 0.928547144 0.644247532 -1.45268619
x -1.70367956 -0.0224831775 0.633881509 -0.840914547 -0.123676471 1.32637477 -0.320428789 0.307766765 0.103325054 -0.316495597 0.621648848 1.02357697 -0.212256879 -2.44097948 -0.915207386 -0.531688094
x 0.252164245 1.29682934 -1.29662001 -1.08503509 0.847482979 0.85801965 -0.719651818 1.51288629 0.290424168 2.00440311 -1.70107794 -1.41327178 0.268600583 1.10927749 -0.829391181 0.285487473
x -0.419959515 -0.0514411703 -0.0377000272 -0.154365271 0.454555124 1.07605243 -0.704756916 -0.623580158 -0.95202595 0.622671664 0.398462266 -0.895515144 -1.09492648 1.57527828 1.19338298 -0.782024145
x 0.0243955012 1.52000821 -1.75059152 0.548041821 -0.522926152 -0.567085683 0.837186635 0.207202598 0.932867765 -1.35396564 -0.0410439484 0.0861995369 0.165502161 0.675142765 -0.659731448 -0.606591105
x 0.137042344 0.416095763 -0.31181246 -0.248361409 -1.52492142 -0.00226343889 0.684855342 0.317341536 -1.39847684 1.30879521 1.49502075 -1.58243954 1.40045977 1.13081646 1.97554886 0.937977374
x 0.130464196 -0.302282065 -1.98545718 1.80208611 0.30387181 -1.53005481 -0.642227411 -0.137390196 0.308802485 -1.10870481 1.9810859 -1.27211154 -0.317917585 0.223025531 0.104624793 0.641905904
x 1.39035892 -0.186019897 -0.0490611829 -0.405429006 -0.768239081 0.460612237 1.63667357 0.585416377 1.51095951 1.28723764 -0.743404329 0.318621278 -0.0864716843 -1.73186219 -0.207701579 0.219708204
x -0.322223932 0.895347714 -1.35551536 0.892154932 -0.127007961 2.7842195 -0.195638269 0.0649755448 -0.172123969 0.923884213 1.13359129 0.22965911 -1.13626969 -0.52822423 -1.09999001 -0.79158622
x 0.770006001 0.865385711 0.783071041 -0.931462646 -0.0250827577 0.579587042 0.778731227 -0.744214535 -0.855009675 -1.37004173 -0.850987017 -1.38216054 -0.45668909 -1.92567074 -0.13884224 -0.656840503
x 0.488084018 -0.157987833 1.41014624 0.652707815 -0.514033854 0.957517624 2.18220735 0.866393805 -0.564766467 -1.55021727 0.759584427 0.0362149887 -0.0691375062 1.20473695 0.261098385 -1.0944469
x -0.370033562 -0.377146095 1.2997303 -0.00519134291 -1.38232744 -0.0670878142 -0.0472628288 -1.58628654 0.31754145 0.632719219 1.3621825 0.124549642 1.17407286 2.05775356 0.894085765 0.0994986966
x 0.255149633 1.59834146 0.28669548 0.854639173 -1.07827461 -0.862969279 0.976052523 -0.391386986 -0.157021925 0.929464698 1.04147649 1.31825268 -0.0941188559 0.879468858 -0.71223408 1.58277583
x -0.286952108 -1.83320987 0.842791378 0.38904503 -0.110098109 -1.42667258 -0.705960155 -1.38792753 1.53217208 1.03574765 -1.52728713 0.386443406 2.0615499 0.874200761 -2.46783757 1.71108639
x -0.208187282 2.08908963 1.24438107 0.0981752127 0.0495655276 -1.00685537 0.822378635 -0.203907818 0.315726876 0.662261963 -0.0923959687 0.0952111781 -0.277851433 -0.331151187 2.21673918 -0.438881427
x -0.260777533 -0.986341953 -0.487740368 -0.239574715 0.363994598 1.53664553 -0.251809984 -0.494016707 0.170421451 -0.22719638 -0.415524155 1.0387162 -2.05255365 -1.17303026 0.938257277 -0.711954474
x 1.54643297 -1.14594865 2.37992644 -1.11649966 0.519986331 -0.820668221 -0.506415009 0.825550854 1.26146817 -1.23509216 -0.434724301 0.109204702 0.505138338 0.410365433 0.0829823092 -0.465959072
x 0.0315186307 0.938155413 0.53934288 0.753552735 -0.0912517011 1.59413099 -0.505402446 1.64015734 0.214936078 0.834681332 -1.19837403 -0.940548837 -1.79985189 0.0639333874 0.811133087 -1.56676424
x -0.272775739 -0.512733161 0.356754243 0.769471705 -0.200912535 -0.276723117 -0.26874277 -0.213576764 0.698800266 0.103050359 -0.925200641 -0.965420127 0.210367799 0.246195078 -0.0773240477 0.667548358
x 0.0230912678 -1.11412585 0.282188714 0.598308921 -0.510587633 -0.240266055 0.0714293495 1.78701019 0.0592511781 0.298836052 -0.197150186 -1.45401788 -1.5076381 -1.83680892 -2.19494653 1.98262465
x 2.18224859 0.986085474 0.805832386 1.50002587 1.80527127 -0.191971362 -0.138293192 0.644175172 0.344003618 -0.372673959 0.737584949 0.127501741 0.472925395 2.1576817 -0.322893947 0.712165415
x 0.495245636 0.553733051 1.26715863 0.70881635 -0.7626279 -1.11394107 0.753393948 -0.0327871516 -0.676179409 0.778532863 -0.0326234698 -0.752720356 0.922635555 0.758764803 2.39428663 -0.591664493
x 1.85779786 1.03500664 -0.885369837 0.794501841 0.199777991 0.93465066 0.84103781 -0.062446285 0.291454524 -1.43111086 -0.0547638498 -1.75741613 0.74026221 -0.374336302 -0.138441056 0.740790725
x -0.118755028 -1.20052898 0.457970113 0.70811367 -0.0387050249 1.47772288 1.60141003 2.79672909 0.0869375616 0.297656029 -1.12320459 -0.270409465 1.06301224 -0.178277925 0.75791949 1.01458561
x 2.18535995 -0.416430861 -0.0099651888 -0.116021037 1.54721713 -0.80469656 0.463616818 0.913995922 0.837917745 1.37462592 0.190404817 0.934829712 -2.23890805 0.0108015891 -0.597012103 2.31640959
x -1.30481839 0.363070786 -0.824606538 1.21438611 1.22446203 -0.616746724 -0.449283153 -0.597568393 1.11714184 1.05755949 1.55347669 -0.47654283 1.81558681 -0.912557781 0.643028498 -0.914925992
x -0.438139915 0.0463850386 -1.67156899 0.322807699 -0.493107259 1.02064443 0.277171373 1.31421351 -0.791516244 0.0345931314 -0.0658917576 -1.0993675 -0.775784671 -0.0675017238 -0.822328389 0.921812713
x 1.38690245 1.31290293 1.04095483 1.53037632 0.0694752783 0.466576248 1.59581435 1.29138947 -1.49349833 1.05954361 1.45706594 1.32699645 0.605306566 -0.648596346 1.58031988 0.683084488
x 0.734193146 -0.815871477 -1.11460972 0.616656661 -0.509011567 0.392320663 0.512157202 -0.750063241 -0.73185581 -0.686533928 1.9102298 -0.334399611 0.399432123 -0.312287509 0.78368789 -1.02671206
x -0.320333987 0.668237031 1.19583702 -0.940029681 -0.0277464278 -1.01776123 0.522039592 -1.41081119 -0.412074357 -0.12212304 -0.373300731 -0.12580663 -0.540052533 -2.88663793 0.993637204 -0.426291227
x -0.174904123 0.768114686 -1.77807271 1.11253011 -0.924112439 -0.216749996 -1.37498975 1.06694365 -0.0384931974 0.252498895 -0.442279905 -0.346687019 0.038694188 1.1225208 0.907342196 2.02776361
x 0.033487387 0.618661523 0.369724065 -1.06085849 -0.0763252899 -1.55846727 0.49387905 0.305637091 1.35640538 -0.00286652171 0.957932293 0.104497612 0.311418235 0.430192173 1.07805574 1.2446388
x -0.176674888 -0.572924852 0.410345852 1.42976236 -0.650261104 -0.18088457 0.857138455 0.120364748 0.0112801697 0.336223006 -0.407726139 -0.450569123 1.34487224 1.26221037 -0.44757092 1.99057651
x -1.52641249 2.19981885 -0.378351271 0.457152933 -0.994478226 -0.548310637 -1.32224858 -0.794175744 0.838087618 0.021760812 1.28702188 1.22204888 -0.825614631 -0.91342634 0.436989456 -0.755463064
x -0.348268002 -1.8748306 -2.34423733 1.68839991 0.0940603018 -0.609761596 -0.841600001 -0.237819538 -0.153554127 1.05621982 0.553439498 -0.520249784 1.00320923 -0.645334959 1.67581105 0.51167053
x 0.669371009 -0.469355464 -0.10604693 0.0439385138 -1.26168513 1.08414674 0.674258292 -1.4429878 -1.12648201 1.75983298 0.0919555277 0.726618648 1.39737082 -1.19703269 -0.0288307332 0.0587398261
x -0.103449367 1.00468612 1.22216117 -2.22920346 1.34208536 0.605684876 -0.868758798 1.34038591 -1.26065803 0.451072574 -0.663626373 -0.504036129 -0.702162206 0.276150912 0.34481588 1.23984897
x -0.39897874 0.525362968 -0.468143672 -0.00318364543 0.734459639 -0.0551057085 -1.93771982 -1.8922646 0.591385186 -0.299657166 -0.190110669 1.56575143 -0.135095671 0.0689175427 0.713026643 2.27256274
x -1.87757993 -2.48632741 0.482970446 -0.198174 1.87545753 -1.38926625 1.17886329 -0.778927147 -0.648871779 1.40380716 -1.5853852 -0.140642732 -1.39695907 0.562757432 -1.00840545 -1.09736919
x -0.870472372 -0.013273824 -0.120151192 -0.539256334 -2.13673162 0.558229685 0.352836341 0.724382937 -1.81237602 0.244498983 0.184390917 -1.33062077 -0.90082854 -0.513167679 0.19432272 1.86665332
x 0.0607992224 1.32702887 -1.14250875 0.675825715 0.268735558 -0.00633288221 -0.717593729 -0.148108318 -1.54148185 3.48136902 -0.682603717 -0.476684898 0.657283783 0.558158576 -0.520584166 -0.86272949
x 1.43103909 0.0983121619 0.755420864 -0.327004045 0.918413103 -1.26959705 0.27313298 0.852263749 -0.741137981 -1.13404512 0.996423662 0.7622751 1.72668362 0.120364927 1.15561748 0.299238384
x 0.483557761 -2.09042621 -0.167332813 0.770785213 0.402254343 0.562445223 0.205075279 -0.311802059 -1.48147798 -1.86412346 -0.296472192 -1.04579115 0.961679697 0.86931622 1.23676884 -0.962146938
x 0.614500105 -0.676596284 -1.58757961 0.610635221 1.8680855 1.34278333 1.29336262 -1.55010641 -1.37520921 -1.21534455 -1.22534096 1.75045979 0.44933182 0.141179532 0.256267697 0.0787798241
x 0.0825547054 -1.59979534 1.42475879 0.46203804 -0.329607725 0.805634797 0.0567570888 0.821752608 0.16578722 -2.61903 0.55832243 2.36643314 1.42558455 0.710622787 0.352439284 -1.18952489
x -0.519116104 0.259554952 -0.655770659 -0.982719481 -0.523324072 1.01215744 -0.355718315 0.756985486 0.85153079 -1.47632277 0.850416303 0.253058851 2.44274235 1.05903471 0.127140164 -0.817687392
x -1.12984419 1.30133593 0.148533076 -0.169483304 0.740364134 1.31366158 0.050157059 1.69378221 -0.570759416 -1.57518327 0.749083281 0.744517446 0.480889738 1.82696474 1.03461301 0.794586241
x 0.678783834 0.117415525 -0.16377829 0.740828335 0.917585969 0.281996012 1.52414894 0.940903723 3.05421185 -0.637671351 0.011736583 0.862269521 0.433925778 -2.98422217 -0.734462738 0.202700242
x -0.123793036 1.68603623 -0.0877156332 0.785160065 -1.31391931 1.04056478 -1.20628607 0.63852334 -0.64620477 -0.867328882 -0.820600569 1.55340874 1.05569196 1.85610676 -0.0485517457 0.103280894
x 0.473069042 -1.11149836 0.168766856 -0.227452397 -0.524444818 -0.946773946 -0.382636786 -0.478868902 -1.12920523 0.0204928052 0.571324885 -0.02106441 -0.666673362 0.060762208 -0.612416685 0.157298416
x -2.13106966 -1.08950794 -1.80121553 1.06762731 -2.02700424 -1.17149615 1.03150916 -0.82986033 0.486140609 -0.467262447 2.02317882 0.514621615 0.161949351 0.940021992 -0.516049802 -1.5983541
x -0.0747047961 -0.585265994 -2.05654192 -0.263342083 -1.06943154 0.64563936 -0.501299202 0.656654298 -0.493026286 1.41125512 0.103734419 0.467930943 0.903675914 0.449526429 -0.0236878619 0.635737658
x -0.995791733 0.390088081 -0.918002129 0.333244234 0.676343322 -0.378985822 -1.10623312 -1.35830402 -1.71885049 0.921875 0.262337536 -0.54752779 1.37862384 0.506198645 0.749575436 1.23704505
x -2.63922548 1.41001201 -1.58122897 0.622940481 0.659633875 -0.277556986 0.410923272 -0.340012014 -0.105667986 0.234348565 -0.203770727 1.68456149 0.385226727 -0.753387332 1.16509533 0.492580384
x 1.40234053 0.131412238 0.628881454 -0.575291812 -0.282808483 1.14244723 0.936883807 0.322600633 0.938304484 -0.466554046 1.46255589 0.363985926 -0.193876341 0.206013352 0.477308124 -0.461077362
x 0.134193987 0.153244168 -1.94632494 -0.458819717 0.00890805945 0.800563574 -0.594127119 0.000615127152 1.19029748 0.373226672 0.00114585774 -0.476944238 0.318470597 2.060992 0.484628409 0.702389359
x 0.866309702 -0.237018704 0.197340086 0.387116611 0.327054054 2.28662062 0.628769279 0.792437971 -0.240624234 -1.26962876 -0.175305143 -0.1251553 0.818366706 0.508446217 1.91752493 -0.0480192564
x -0.00887882244 1.96178555 -1.50973713 0.228549674 0.971494794 0.620281219 0.354100585 -0.703698456 -0.27056542 0.704880297 -1.1786176 0.63841331 -0.855173588 0.577516377 1.6273669 -0.417153388
x 0.629423618 -0.323350608 0.841744304 -1.28103745 -0.10627865 -1.16025305 1.65374088 2.07315874 -1.40387726 0.13673614 -1.09355402 -0.173357666 0.43514818 -0.528403282 0.233134329 0.619006634
x 0.745654523 -0.583707869 0.0798757821 0.0867692605 0.73846972 -1.27541924 0.940588534 0.649705708 -1.10770309 0.225469947 0.138269424 1.43179369 -0.0147600584 -1.72713375 0.33588618 -0.40569374
x 0.690222561 -0.866680443 -0.326802492 0.23325859 -0.643846273 1.65476537 0.895526826 0.845079839 -0.741093934 0.488175422 -0.48529923 1.75918067 -0.73579675 -1.86553872 -0.519892693 -1.35815167
x -0.644854486 0.614991665 1.17794001 1.05611503 -0.817815125 -1.60321712 -0.679643095 0.0873123482 -1.9299674 -0.61181736 0.747316003 -0.740300238 -0.313037306 -0.241491228 -0.950555027 -0.520293415
x -0.564977825 -0.765378416 0.676720142 -0.630643129 0.383706808 -0.790812731 -0.635862112 0.538065732 0.040030729 -0.0335406475 -0.916365981 0.0754662156 1.48841107 0.215732545 -0.964476645 0.396244824
x -0.21675393 0.990575731 -0.890477479 0.792928576 0.819755495 1.16463971 0.190745801 -0.0236468967 -0.230510503 1.21845603 0.214650795 -1.95916736 -0.36997512 1.46929228 -0.0100016166 -0.973027825
x 0.869726777 0.334383965 -0.212453857 1.32801294 0.662708759 0.180264384 -1.49836743 -0.411303103 -0.0345518813 2.13325667 -1.19410431 0.527113795 -0.505905151 1.16478944 -0.689635217 0.0407373607
x 0.462821454 -0.0746368617 -1.18969548 1.11178243 -0.67948699 0.582850575 -1.48410952 0.451544315 0.829620063 0.688088119 1.29294705 -1.1180799 0.934787989 -1.12247324 -1.04621708 -0.559904933
x 0.363831282 0.603419006 -0.532544672 0.997860193 0.676281393 -0.509391427 0.481649041 0.684940457 -1.16653872 0.102771394 1.55139077 0.701732099 0.396362156 1.23812985 0.661927521 -1.20762014
x 0.045622915 -0.634990335 -0.311429739 -0.186073855 -0.825040281 0.428017765 -0.840772927 0.0342574753 -1.53489828 0.565252304 -1.3571341 1.62042105 1.55771875 -0.397242904 0.10283687 0.399607182
x 0.608475506 -1.35561204 -1.26206684 -1.11814177 0.655885935 1.26306796 0.967873454 0.725085378 0.226448834 0.55062896 1.00275016 2.14373565 0.778666317 -0.76039958 0.748757005 -1.44201827
x -0.00785671826 -0.449785203 1.25918484 1.23055124 -0.99851805 0.150177121 -1.17905295 -0.273114473 0.746157289 -0.809461713 -0.2408261 -0.545408189 -0.474878013 -0.728799403 -1.15243781 0.224353269
x 0.0710836872 -0.0668962374 -0.717302918 -0.0734700114 0.179887265 -0.702839077 -0.47277835 -0.586184323 0.428939223 -0.162636071 0.657876849 -0.120216623 0.403768212 0.18459259 -0.808248997 -0.347397447
x 0.419226587 -0.128691077 2.02459025 -1.57046998 -0.350950509 0.192562163 -0.538482487 -0.751235008 -1.02366877 -1.53538358 0.84644872 1.67157161 -0.413033217 -0.664011836 0.114075035 0.0311533902
x -2.27359748 1.63908112 0.0364235714 -0.968423843 0.173638508 1.81268013 -1.68866646 -0.607065141 1.24666107 -0.971717894 0.593417048 -0.425112605 -1.12963891 -2.33747149 0.0247090589 1.0330596
x -1.64839828 1.07711673 -0.64296484 1.13250029 0.661354542 0.206120417 -0.724750102 1.99871767 0.416382641 0.925787389 0.37415269 -2.22855592 0.605603695 -1.02319241 0.216970235 0.526566207
x -1.49626219 0.419159293 -0.171576917 -1.42624831 -0.0779278651 2.52418995 0.71366781 0.100596644 0.0288353451 1.34575021 0.844956934 -0.900183499 -1.10426569 1.12546921 1.65314853 -1.14416742
x -2.2072897 -1.00249565 -0.927043974 -0.827446282 -0.294058383 0.110975444 -0.219977528 -1.49400699 -0.417385846 -0.775252521 -0.0593866855 0.785083413 -0.931634068 -1.4609822 1.59499621 0.181373373
x 0.479618937 -0.183437377 -1.10406888 -0.269814938 1.0287261 -0.190677032 -1.39307868 -0.993063629 0.110724054 1.36056495 -2.20884681 2.71728086 1.27229011 -0.107201852 1.33486247 1.14528215
x 0.323435485 -1.24118626 0.257345229 1.1647383 0.78849256 0.962613106 0.802337408 -1.64403391 -0.777700961 1.53431809 -1.04561031 0.787100255 0.481905311 1.56730843 0.913970947 -0.0733849034
x -1.40798426 0.988359153 -0.831071377 0.0485338196 -0.742796004 0.671239376 -0.0944081321 -0.018682899 -0.300048888 0.330039293 -0.11163713 -0.398929507 0.0654103234 2.58017874 -1.91926885 0.0570808835
x 1.14957178 -1.03504646 -0.536894262 -1.69672024 0.470601082 -0.906965077 -0.210114136 -0.268117964 0.790585041 1.46102822 0.0138764372 0.0974940509 0.686348438 0.577306509 0.532876492 -0.621560097
x -0.76253587 -0.731581986 0.682953417 0.0738382339 0.758521199 -1.277143 -0.33137998 0.482669294 -1.03338265 -2.67179465 -0.56915617 0.625233293 0.579908907 0.12312185 1.18816793 0.755475342
x 1.04229403 -2.37539124 -0.120790206 -2.28043461 -0.634386241 0.523672163 0.497315913 -2.38173103 0.698771894 0.037669003 -0.708711922 -1.46336019 0.829739928 -0.368607998 -0.936222494 0.307051659
x -2.30588031 -2.30106735 -0.801011026 1.50162733 -0.950051367 -0.731581748 0.859450042 0.163689494 0.0483008735 -0.837809741 1.15967822 0.0534378141 0.511672497 0.0461465456 0.704875469 -0.518449128
x 1.13714433 -1.31544304 -0.847485125 -0.606173098 0.37588492 -0.767910063 0.452035576 -0.882306814 0.132464483 -0.612656176 -1.00453627 1.43058562 0.388184756 -1.73027754 -1.74582577 -0.972676516
x -1.24203098 -1.91555595 0.662473381 -1.75424862 -1.77732134 -0.236344337 2.35568023 -0.0823255852 -0.310502589 -0.179127038 -1.28337991 0.171907201 -0.73331672 -0.0447630845 -1.52640307 2.61625361
x 1.94451392 2.10911345 0.240856886 -0.0755645484 -0.036603 0.759179831 -0.537440002 -0.633924365 -0.771749556 -0.676525414 -0.590765953 0.186369494 1.23162639 -0.897198498 0.12644951 -0.0019287779
x -0.738798201 -1.08794284 0.78663671 -0.574468076 -1.0406884 0.081014432 0.718595028 0.78944844 -0.417597681 1.05629742 0.830019653 0.256979585 0.125474975 0.835699379 -0.309558272 1.20554376
x -0.115880564 -1.08993614 -1.41710699 -0.946921527 0.527389765 0.407381356 -1.89891076 1.5969646 -0.00277007883 -0.360274613 -0.124024488 -0.154287994 0.872050405 -0.214272529 -0.202283025 1.90982366
x 0.354823172 -0.0842042789 -0.111687265 0.23295787 0.75861001 0.401893526 0.026425289 -1.62791634 -0.457294822 -2.38833141 -1.0812062 0.767982304 0.469992399 0.295330167 -1.78115618 1.20120215
x 0.953591764 -0.148925006 -0.260837764 -0.911575496 0.82436204 -1.78678465 1.7756331 -0.273260713 -0.847814202 -0.297769517 1.11996663 -0.203066126 0.324855238 1.54648757 -0.433172792 -0.546785116
x -0.745030761 0.329424322 -1.22996902 0.110398367 -0.663828433 1.31719863 0.629578233 -1.09829295 -0.601679742 -0.112079471 -0.0417322628 -0.0157900881 0.581646383 1.20031798 0.139367044 -1.18286824
x 0.863548398 -0.207053408 -0.645888805 -0.809291184 -0.331877857 -0.29095009 0.977334797 -1.27773356 0.760621607 -0.556249022 -1.12304986 -1.41764009 -0.580355823 1.1083287 -0.350518197 1.69273257
x 1.2477448 -0.532436073 -0.721167445 -0.41028589 1.70279789 -0.770864248 1.63048971 0.259163082 1.18999374 0.708144605 0.0559501126 0.737129569 0.192584887 -0.594636321 1.36444545 0.00712251244
x 1.30777645 1.5946393 -0.133189574 -0.549145818 -0.59453249 -0.95463419 -2.88228059 -0.575287938 -1.88463163 -0.339834541 -1.21191287 0.726803422 1.01103604 -0.554228008 0.103817657 -0.766923487
x -1.0172708 -0.556565523 0.00190669124 -0.787509263 -0.0291464049 0.498545587 0.558812082 -0.640187383 0.892705619 0.453674018 0.0989076719 -0.711528182 -1.24328589 -0.00870343298 0.997376502 -0.613300562
x 0.063586548 -2.61564803 -1.03691339 0.540654957 1.81289375 -0.942496836 0.729849577 1.55423188 0.285511464 0.854646325 0.740705729 0.526765347 -1.37041748 -1.03884089 0.764627099 -0.674313307
x -0.247618571 -1.07858992 0.0963705555 0.981160104 -0.52709794 -0.434044689 0.273507327 -0.964382172 0.224635333 -0.12343847 -0.0197105762 0.786982775 2.36615777 -0.92327112 0.809328437 -1.35962152
x -0.689973593 0.35044986 0.126832843 0.672338784 -0.342889428 -0.842728913 -0.698088109 0.176702529 -0.307748646 0.364379227 -0.00502542034 -0.650463045 1.14060116 -0.889402151 -1.61280918 1.16709244
x 0.84359479 0.598352969 0.431498587 -0.264198959 0.967454493 0.606082022 -0.612208009 -0.212355539 -0.545887172 0.62817657 0.892206013 0.538371146 0.394597441 -1.167027 0.339212388 0.620247126
x -0.919503868 0.126332015 -0.434383482 1.35820806 1.20482051 0.930331707 -0.922570407 -0.0237843506 -0.0602577515 0.616068482 0.648292959 -0.214270279 0.752210736 0.180327117 0.692020237 0.0926859751
x 0.0522747897 0.752019346 -1.13818693 -1.88041985 1.35078192 0.282333136 2.46681309 1.15627432 -1.97459769 1.70183015 0.125730351 1.27433062 0.519683659 -0.617734015 0.0606813207 -1.1928705
x 1.07796514 -0.918562293 1.39666307 0.256664246 0.68383348 -0.139059961 1.48345029 0.592176795 -1.51169038 0.46246019 0.858772278 2.12581301 1.30538917 0.814416349 0.657504439 0.0684190467
x 2.08863926 0.761060476 -1.23939168 0.415881395 -0.633997381 -1.36021578 1.58774698 0.819150567 -0.124979541 0.64561671 -0.3244721 -0.15170905 -0.17470704 -0.600427985 -0.11302036 0.297231257
x 0.101951301 -0.0179951619 0.675881267 0.15645498 -0.0478888489 -1.47424948 -0.191369623 -2.02809 1.41891742 1.62814498 0.309814394 0.933520079 1.40086865 0.321378827 0.162994713 -1.47800398
x 0.479553252 0.0712727085 -1.44369626 0.538390636 0.110825345 -0.327406645 0.0990622342 -0.775954187 1.30378664 0.998930693 1.11509621 -0.535084486 -1.27169955 -0.556139827 -2.32670426 -0.207572982
x 0.759756804 -2.56746244 -1.08498776 1.12150836 0.841187894 2.35471654 -0.0610154569 0.052561041 0.825464547 0.515610218 -0.235207126 0.930742919 0.723647296 0.265666425 -0.505292237 -0.168755636
x -0.3843005 -0.966460645 -1.16261458 2.75716853 1.33988547 -1.64658344 0.845891833 -0.771967828 1.64715433 0.438293874 -1.65954912 -0.520105422 -0.112444408 0.109658726 -0.556883574 -0.701987267
x 1.49664259 -0.399440408 -1.18142927 -0.0195224434 1.64593589 -0.157570004 -0.743709028 0.676490366 0.338823855 -0.589268088 0.167322725 -0.0768280253 -0.244515881 0.558852315 -0.479741573 0.280459344
x 1.14563942 0.0923940241 1.05761635 -1.20931256 -1.33863127 0.288979053 -0.139240921 -0.703040481 0.577311635 0.36643523 -0.500133038 0.711961985 -1.2827754 -0.542617321 -0.912515163 0.502331257
x 0.841514707 1.39914799 -0.601846039 1.40467525 0.261286438 -0.863579154 -0.703976154 -0.192232177 -0.569650471 0.801473975 -0.028107103 -1.11192143 -1.04347146 0.0101707196 2.31672144 0.38272956
x -0.664192617 1.81812608 0.632282138 -1.78574395 1.82335782 1.2739042 -0.478665382 -0.861082077 -0.50817883 1.41256666 0.0340597406 0.741919398 0.0770592913 -1.59506583 0.99487561 -0.684304118
x -0.499579966 -0.238404766 0.941903651 0.411654502 -0.146202728 -1.63431871 0.714360952 0.18867746 -1.25541532 -1.4036659 0.00268919743 0.119546458 -1.18032396 0.773179233 0.397776306 0.625911295
x -0.779810369 -0.58757174 0.423295796 1.38828647 0.315003872 -2.29501796 0.0490583628 0.302498937 0.790664434 2.16952753 1.54633772 -0.111900881 0.873253763 -1.34248531 0.720594466 -0.347413421
x -0.853058577 -0.143395767 -1.07819676 1.04757512 -0.195993975 0.609413326 1.53499031 0.248985156 -1.22203374 0.150072485 -0.447732449 0.260760039 -0.289898187 -0.0383410975 -1.60551 -0.163257718
x 0.290966779 0.638254881 -0.534034371 0.605020046 -1.83157146 -0.175142303 1.2830565 1.38936436 3.71174717 -1.16183758 1.15875316 1.01261103 -0.331147492 -1.76907873 0.34391427 0.540272892
x -0.61353451 1.45113814 2.35417271 -0.0805880278 -0.712517917 -0.830314398 -0.519463599 -0.262124926 0.66425997 -0.403675556 0.7621665 -0.658800125 0.546282828 0.417411864 1.37745476 1.87824702
x 0.832998514 1.24016237 1.22428906 -0.436074793 0.518926382 -0.55207473 -0.230589271 1.03662765 0.17514649 2.14494824 1.73795044 1.11714959 -0.696746767 -1.3796761 0.622309327 -1.55229938
x -0.875047684 1.21340024 0.420381725 -0.510996461 0.0495021865 -0.59944576 -1.03576148 0.702837527 -1.26923275 0.311741173 -0.547000945 -0.76308006 0.787996054 -0.438393593 0.532848716 -0.190915287
x 0.200067267 -0.314934909 -0.2011365 -2.43045425 -0.626578987 -0.59427762 -0.551877022 0.655092835 0.835165977 -0.976683736 -0.370763838 1.09296405 0.701555789 -1.01224554 1.58025765 1.42908716
x -1.98996389 1.44006217 0.352487653 1.39109302 -0.57526499 0.566505253 -1.23758042 0.103733845 -0.73503387 1.04389238 -0.398002207 0.754317462 0.0121485768 1.45684123 0.318173379 1.20420706
x -0.876003861 -0.745869994 -0.516408682 -0.206637993 0.0500394069 -2.00737286 0.390214235 -0.599203587 0.275263578 -0.137175366 -0.479203761 2.32927442 0.715080202 0.623060346 1.09907234 0.7296803
x 0.421853751 0.807179034 0.120464101 0.237465695 0.743966818 -0.631205022 0.018970659 -2.21501136 0.568203866 -0.090994291 0.304724455 1.76217794 -0.524477899 -0.557997465 2.15612912 0.439736605
x 0.766949177 0.248788685 0.127362013 1.19020677 0.255032569 2.35762525 -1.09894407 1.92402029 -0.180416405 -0.218618497 0.425252438 -0.427172929 0.456429154 0.676352501 1.15425062 -0.944545507
x 0.00666492479 0.0592921749 -0.222746745 -0.150384158 -1.44019556 0.812719524 -0.0957529843 -1.89871025 3.13050461 -0.523786485 0.702385426 1.32960629 -1.93347216 0.0145300301 -0.82460326 -0.209442362
x 0.613056242 -1.02459216 -0.124147072 0.504922688 -1.84894872 0.775536835 -0.705032885 -0.306519091 -0.335045487 -0.189822525 0.104078785 -0.222646922 0.24617596 -0.654217124 -0.291283846 0.504932702
x -0.0609857701 -0.166186661 -1.67345321 1.46775901 -0.943849802 0.295160532 -0.471358925 -1.12596691 -0.505693913 -0.717894495 0.748281837 1.92623603 1.49762821 -0.964216948 0.397513956 1.82971644
x 0.559995115 0.0600934513 -0.670130432 0.328644931 -1.38758218 1.30134833 0.322975278 -0.788910449 1.04556239 2.24621415 1.41616523 0.0395147689 -1.11462402 -0.59468174 0.181046695 1.47213423
x -1.64363384 -0.777022302 -1.50448108 -1.07019675 1.44064724 0.698751509 1.08149457 -1.10415781 -0.533149838 0.141884103 -1.92854524 -0.983155668 0.0986807048 -0.264171422 -0.291758657 -1.9058423
x 0.450060099 -0.606297135 -1.05187893 0.215008631 0.280636191 -0.416700482 1.29548764 -0.136144474 1.57205844 1.23570907 1.01944625 0.550632 0.945472062 0.806711555 0.248371884 1.77708411
x -0.516263366 -1.40841174 1.11173308 -0.220253006 1.57382703 0.179689318 1.11300969 -0.251683056 0.50987792 1.0005157 0.494756609 -0.763893604 -1.68831229 1.31067252 1.36933064 -0.296344697
x 0.923291683 0.377472907 -0.596759677 -0.321898013 -0.223209932 0.471497953 -1.41158926 -1.6595186 0.453007936 -1.07647085 0.894511878 -0.976103485 0.132941902 0.65868634 -1.87861025 -0.739350975
x 0.33985284 2.52169371 0.864975452 -0.961137056 0.808321238 -0.453943104 0.780329943 1.17557657 0.0662664995 0.375648111 0.230203658 -0.0459638834 0.628672898 0.0818203315 1.52794969 1.05189931
x -0.0202289 0.672534287 0.683437467 -0.249044254 1.02141607 -0.097181499 0.344462484 0.220391721 0.440694988 2.27985644 -0.0824178457 -0.787967861 -2.27610731 2.03466964 -0.795545459 0.372455686
x 0.299197912 -1.16934919 -1.8546617 -0.54771775 1.73593462 -0.457470298 1.3721509 0.89418602 -1.56921339 1.67742419 -0.72965008 1.91227067 1.06639159 -0.0352943614 1.3802346 -1.11918163
x -0.520363092 -0.276869178 1.14751494 0.872504115 0.333223045 1.00267053 0.132852927 0.511813939 -1.28432238 1.57026553 -0.397337526 1.42686772 -0.278041452 0.453935146 0.529956579 -0.130228281
x -0.360603303 -1.52942038 1.15333128 1.2732625 -0.111833826 0.229462668 -0.128158614 -0.0608082525 0.179490909 0.436682701 -0.631903529 -0.217933476 1.58922076 1.00550079 -0.257169276 -0.446079433
x 0.0445785522 1.28596473 -0.161703467 -0.008263533 0.656934261 -0.0661979392 0.849554002 2.11950278 -0.239340544 0.803346932 0.0304296035 0.231820181 -0.00604942581 1.11674106 0.798654675 -0.654916525
x 0.546934545 1.41874492 0.440397948 -0.362894863 -0.382122248 -0.322493047 -0.896721244 -2.14767623 -1.12361634 -0.386896849 -0.200032026 -1.79641104 1.72293401 0.935757935 0.399026513 -0.629456758
x 0.0657488778 1.19041908 0.0891893506 0.887489736 -0.542378247 -0.382865697 1.25459325 0.372272462 -1.31212795 2.43126059 1.33613265 -0.413995624 -0.0488200076 -0.819515586 -0.392147928 0.875794947
x -0.573868871 -0.307976365 0.810191512 -0.0979617834 -1.26161993 0.293933094 -0.776250482 1.4628402 0.0992132127 -0.397235602 0.0610545762 0.164611638 -1.80772769 0.633310318 -0.726041853 -0.731804311
x -0.435397834 -1.18267131 1.46024024 -0.586890042 0.0770842209 -1.42209625 1.62982464 -0.390796274 0.270611733 -0.13336654 1.34870756 0.0747271106 -0.247369513 0.290539384 -0.898207009 -1.04779291
x -1.18946564 3.0039463 0.991923928 1.00621021 -0.381201953 -0.979578376 0.304924488 -1.61113024 -0.912626207 0.865016162 1.43714046 -0.382532239 0.0772527456 0.0905087218 0.527585387 -1.35742056
x -0.748824596 -0.648800731 -1.08019388 1.46411312 -0.964419544 0.784508705 1.91882753 0.36848864 -1.24211228 -0.399534047 -0.0102091422 -0.471010864 -1.65735781 -0.898298264 0.110533036 -1.10207248
x 0.00238773623 -0.10819526 0.515263557 -1.44696939 0.416707754 -0.0150891161 -1.019876 -1.77171886 -0.093808271 1.75087321 -1.14788198 0.890398204 -0.013125401 0.750510216 -1.54991555 -0.205192581
x 0.626070619 -0.13391906 1.2039963 1.52428329 0.223457411 -0.520201087 -0.412504494 -1.68941998 1.13026547 -0.475845307 -0.439534009 0.0736381188 1.04069412 -0.395986885 1.12725425 1.44802988
x -1.50740325 1.63281083 1.36253166 0.858659625 -1.20458055 1.23709071 2.22236109 1.1017822 0.078097634 1.14343071 -0.806912661 0.343815714 -0.288872778 0.571475446 -0.304593951 -0.06615033
x -1.43353736 -0.0441197157 0.23417829 0.60180521 -0.0210915264 0.315291345 0.89963001 0.104278639 -1.07380223 0.573941648 -1.65329385 -0.191485286 -0.574187994 -0.621602237 0.216567501 -0.672800303
x 0.896267235 1.35864329 3.07430196 -0.654091656 0.556744754 -0.48213619 -0.142978057 -0.805453002 0.766187012 0.326891899 -0.301904976 -2.04851794 1.05395555 0.225906223 -1.88296342 0.228172272
x -0.0869400278 0.567828298 -1.28105116 0.203288957 -0.774431705 0.025900213 -0.813732088 1.16935837 -1.49407935 0.701445878 -0.131560221 0.177247286 -0.953674495 -1.47474885 -0.594375908 0.362032145
x -1.85417438 0.82232821 -0.589998245 0.431651682 0.330626458 -0.846496284 1.57620442 0.337445945 0.637061119 0.219275072 0.758561671 0.568176866 0.39406842 -1.61429358 0.950743794 -0.0560402647
x 2.31073809 0.120726161 -0.862900794 2.74666786 1.98271322 -0.910708606 0.27504459 -3.18803167 0.439845622 -0.730066955 1.15512335 0.0463159382 -0.247979328 0.0665895939 -1.01127207 1.14100814
x -1.06147206 -0.0774629861 -0.105826214 -0.754644334 0.613280296 -0.320419431 -0.595289826 -0.969429076 0.569549799 -1.99187553 -1.11410344 -0.564195812 0.796784282 -1.3247323 -0.0709973425 -0.731656849
x 1.00328827 0.519211829 -2.21718216 0.359700978 0.920747936 1.31444836 -0.389431804 -0.763459623 -0.200033441 -0.0651553199 1.18221736 -1.22745013 -0.483377278 -0.726417422 0.306180894 -0.100830778
y 0.332464844 -4.07818651 -1.3670876 8.82404137 -1.4906069 3.25089407 3.01955843 0.957485855 -3.12134719 1.0947181 0.976877272 -3.63174963 1.05580378 -6.44231415 -0.149255097 9.79065037 -6.48669481 -3.94894624 0.221282437 1.72180641 0.344879478 4.46979141 -1.74495161 -0.965058863 -0.773115277 -5.77380085 -0.922542572 -0.154395685 0.205974534 2.11630058 1.21537709 -1.00926328 0.368967205 -1.1062268 1.45010889 -6.33133316 0.592757583 0.2362919 -2.60158324 1.23514128 0.553604662 -0.885980666 -1.55635321 4.99817705 1.56475258 2.33082938 2.01980972 3.22516418 -1.67677629 0.590449929 -3.00583959 0.212220103 -3.54495764 8.89677334 -1.69939995 -1.69308174 0.620016992 -1.03660095 1.25380611 3.85867715 -6.11121798 -4.55646706 -4.87142849 -0.99335146 1.26794922 1.62757754 5.66189909 -0.861674249 -5.40465879 0.149678454 -4.26759291 -2.85939479 -3.53608704 2.23253322 -1.07544434 -6.35881996 1.35457504 -2.08746505 4.57039785 -3.25475454 6.03892803 -0.142525464 8.14346409 -2.32113385 5.87479258 7.90183258 -11.4558086 -0.37448433 6.9807477 1.15056765 5.7319622 1.13825905 1.05926394 -2.10864615 -3.88138962 2.70987725 1.12329519 4.95877171 -3.36988044 13.5457335 5.76908636 -3.23906589 3.40605998 11.5182238 -11.2604389 -1.59066474 0.500541806 -0.450071901 -2.3499434 0.278367162 0.582803667 -1.56240928 1.14158714 -1.64964879 -6.22993946 -5.45926428 -2.92720008 -5.97890759 0.691530228 -0.348246157 -2.95326114 1.44811976 0.536997616 -4.23813438 0.642928362 4.43045378 5.6832881 11.0429153 1.07604325 1.64589846 -3.30926657 4.96013308 0.256111413 0.0817605406 0.685504794 -2.21857023 0.548538506 -1.5767833 3.27516985 -5.52127218 -7.07924652 -7.22640133 -0.952657461 1.14498341 0.960934401 -4.19990396 -3.56097078 1.12071943 -1.4879266 4.6971736 4.52222013 -3.41971779 -3.65691257 0.303797573 0.104027979 0.674167991 -1.86573446 2.09253907 1.15264964 2.25483155 2.33387947 0.656642795 -0.624011815 -1.25963259 -3.52195048 3.09348202 -3.94750738 3.53425527 0.871484339 0.289341897 -1.03293145 0.198738083 -3.97567677 1.29974675 6.9451046 -4.58457851 1.55965793 -0.80120486 3.8581326 -4.30410385 0.969109476 -4.00085831 0.856703222 3.40988922 -4.50012064 4.42417765 3.93020296 6.02592278 4.6013999 -4.37907696 -1.39238453 2.58962202 -9.74563789 -15.9064932 -2.93553495 -2.35383034 1.5895977 7.29691505 5.28817272 -0.869423985 2.74690866 1.82992649 -1.65081906 -4.11557198 -7.36544418 -8.46334648 -2.01818633 -1.50952399 -3.38514829 -1.5580312 4.58471012 2.14435291 -0.33452481 2.44086218 3.89589906 -0.151676267 -0.354322284 -2.04679012 1.95317972 -2.50443935 3.96562409 -2.11122966 0.442857116 -1.32435012 1.17794895 3.06741977 -1.37811768 2.56197858 4.85744476 -1.25236201 2.36100197 0.0262975227 1.16915238 0.692987025 7.57404041 -2.03922582 8.67455578 1.04367685 -3.36037469 1.22837722 1.53350973 0.572442532 -0.275791526 -2.26230574 -0.301815778 -0.636638105 4.56328249 -2.72413373 1.45463181 -3.91961122 0.796411037 4.28150129 3.94168329 -2.65729213 -2.69416857 0.210714594 -8.68764782 -4.8468895 7.40834093 0.646290481 0.470831841 -0.354960471 -2.67144895 -2.14746094 10.2433996 -0.541600585 -5.50024509 -13.0005245 4.64676905 5.94250584 -7.2163434 0.702234685 1.94889915 2.54047465 1.80692458 -3.24300194 -3.08558154 8.40435886 1.02441168 1.06987095 -0.628385246 -12.0950422 -2.63749456 -1.58762634 2.52519131 0.867524087 -0.000845326926 -0.478741854 -2.40387416 -4.81385231 0.30828926 -4.54540634 8.68658733 1.52357221 -0.498978853 3.9600265 0.0869125351 7.54916859 2.10557652 -3.1648078 1.25939202 0.606584489 -0.25640434 -5.92930031 -2.42945814 1.85451031 -0.242824912 -1.13387573 -1.91538191 0.27445969 -1.39129114 0.0121274292 0.730029345 -3.54106474 0.199628323 -2.46266174 5.61442709 3.28772449 -1.42245436 -4.32289124 -5.37397289 -5.36141825 -4.1840806 9.23329067 6.43534613 4.70456791 -0.409979045 2.90275884 6.62924862 -1.93052685 -1.64070415 -1.6027174 2.36623597 0.320770144 -7.30731153 4.17589378 -2.90850878 2.92819929 -1.6893245 -6.04821205 6.70966101 0.952742398 -3.84510231 -1.74413908 -0.839319527 2.8735013 -3.74071622 -3.84707236 2.61729693 2.10398412 -2.91914225 -4.9561677 -3.55825448 3.87697482 -1.07494795 1.49408138 -3.79853559 -1.29037809 1.37086225 -11.1550922 -0.837300301 -3.08192611 -1.43602562 3.7863574 0.440391988 4.23644972 4.4373188 3.17681599 -5.29129887 2.59197903 8.50161934 2.24414134 -4.2010355 -3.51784134 -0.0818483531 -4.38785505 2.46320534 -4.5422616 1.78868961 2.03733349 -3.457973 -3.18061566 -2.44436526 1.16280603 -11.1037264 2.51798773 -4.89070511 -5.89509392 -1.20341778 12.0421152 0.39898771 5.54114294 -0.274294734 -0.603934228 1.11031592 0.479419261 -2.53814936 1.64991379 2.16271877 -5.27322769 0.743985116 -0.099070929 3.02650309 3.32863045 -1.36665642 -6.32342434 4.54832649 -2.33163905 -0.00424399134 1.38276982 -1.80332887 -5.14965725 0.828777552 1.73025095 2.51413274 -11.299099 -2.36027884 0.307833344 -1.06520939 4.74923563 0.747316778 -1.20997083 0.155237526 5.49912119 1.28932238 5.73282719 0.899372756 3.7307477 0.991487503 2.25560975 -1.56851304 3.60742331 -1.71844661 0.26771912 1.25897169 1.32175589 4.25460529 2.13921142 1.14580369 -0.420852929 1.10919571 -1.80260122 0.680027902 -0.801155627 -1.96413219 0.465033472 -4.92563772 -6.29850054 2.38201594 1.35856891 3.60369253 -4.7397871 0.320372552 -0.964690685 -2.92379284 5.83369446 1.73101342 1.75665092 1.84542143 -3.14188695 3.61842585 -3.92188549 0.785090148 -2.23092937 -0.649401367 -2.86649418 0.333173364 -0.874020994 1.37013435 2.67438817 -3.13763094 4.15125418 -1.53738165 1.45008409 -0.146273255 -5.4696846 -0.642287791 3.41030002 -3.58423352 3.08046818 5.00005436 2.05240631 -3.53087854 5.3452177 -3.71428823 -2.78952456 -1.85347784 -2.92171478 -3.0214169 -4.7476387 2.77788329 -10.325346 -1.69994664 -1.5179919 -2.5782795 7.04242277 0.811249793 1.05129123 4.84024286 -0.155582085 7.97376871 0.655768692 2.31774426 -1.64624214 -1.56745267 -1.47835016 4.97370148 -6.23654985 -4.70411777 -2.64401245 4.79888821 2.56627202 4.89116049 0.460998863 4.23257637 7.08505964 3.03721189 1.15962052 5.75454473 0.580548882 0.0853585005 4.11443567 4.73001146 1.33872509 0.635293067 3.36079383 -0.695536554 4.01126385 -1.56539905 3.62453818 1.0845288 6.24280691 -0.81760323 -1.66476262 3.16670918 -4.51439953 -4.18098736 0.634239495 -4.13332272 2.36263013 7.28152037 -0.790620744 0.111112155 -4.33619118 1.78401601 -0.236953884 -2.77493429 -8.26934719 -1.41774905 -0.0119970851 0.40466103 -2.53508306 3.41509533 -0.499135971 -4.87654495 3.59559298 -4.56881046 7.74819946 6.08154011 -1.74392581 -1.30994833 0.257306844 -3.57746601 -8.72440529 -1.55031693 6.28318882 -0.981484115 -3.70707893 -1.91275644 -3.50032425 0.412233233 4.54305267 0.343715101 -3.50254536 -6.58597755 0.753266156 -1.16618001 -3.21901441 1.02806425 2.24634814 1.07070982 -0.713499904 -3.72195697 -2.4001801 -0.092792064 -0.824816465 -0.797622502 -7.25841951 -6.08755445 1.430426 8.82464695 -7.82586956 -18.7461205 -1.73490798 2.0883038 3.00698972 -1.50065386 8.41630459 -3.26544476 8.6673317 3.4984498 -0.256385773 -1.14088011 0.654304266 1.18892205 0.753998339 1.08672273 0.211116582 -3.31239676 -0.261773139 6.20512915 -0.0614358969 4.48358822 -5.44691515 6.8433466 -2.29507685 0.335906416 1.65166938 -5.64931107 -0.421153396 0.335946679 1.39075482 -5.19707775 3.42012715 -1.82486784 2.43603325 -4.51123571 4.44769382 1.06630719 0.346696287 -0.77860707 -0.828305304 -9.02406788 2.01322317 -0.296219081 -2.74306822 0.766899347 4.59458256 0.656615734 -1.19517517 3.18897986 2.49325895 -5.16448545 4.09275055 -14.6936359 12.1777802 -6.19915581 0.896136463 -2.4306531 4.01302719 -12.5361824 -0.450878769 0.0589517877 -0.475340933 1.81700552 0.923230052 -5.83053398 1.12873304 -2.23800468 -0.270753324 2.4827013 0.0425356664 5.71835804 0.659813285 -4.6019702 -1.82213509 -0.743055165 1.20926857 -2.75698566 2.41619611 -5.8824172 4.2818222 -2.33184004 5.63710737 0.852716208 -1.98406494 -4.8490653 2.12307596 2.91707516 0.46770227 -6.62971878 0.854735315 2.29332089 0.143821701 4.21762896 -0.857344449 -6.61613512 1.91720808 1.46897078 -5.49503613 -0.896742702 2.93484831 6.88620234 -0.996565998 0.105682135 -6.18472052 1.13094926 -5.54261684 -1.16806138 1.95166266 0.0357546099 -3.57311082 -13.9249697 -2.3826735 -1.23577142 6.09679413 -1.8723948 -0.853252172 1.31641531 -1.30946457 2.04752707 -0.0443799384 6.03168392 -2.22489667 2.84446621 9.61317348 -3.78149557 -2.55439305 -3.90095282 3.27736378 -0.754215181 -4.94491053 4.88657236 4.38508558 2.25275445 1.20700336 -0.780046165 1.5010078 6.95224714 0.332074881 6.47277689 -0.730662167 7.09365988 0.0214767605 -0.971969903 -3.09450436 -4.94668102 -2.25951672 1.08069682 -0.538457572 1.5645684 2.3510344 -3.60230708 -0.618599653 -2.58257413 1.19313359 3.76425219 1.97430384 0.741870701 -5.35942125 4.15856695 0.55744803 -5.15944338 -3.66402888 -3.9867444 -3.1478858 -1.36704886 3.57462358 2.16313243 -3.86772656 -1.95193923 -0.0874271095 -2.03863549 0.150856286 -2.90273309 -0.366808921 -0.32049498 7.93650389 1.21937835 -5.17182255 -3.51032639 -3.26777005 -0.720353127 0.787530184 -2.71344924 -0.623352885 0.406229883 2.88815522 0.544459343 -2.39585376 -2.45987654 -1.4457469 -4.85201073 3.95358992 4.67528439 3.94517946 6.17895317 2.61066699 1.95612514 -1.9639498 -0.769658923 0.101222739 1.11238217 -5.27278137 -9.89779663 -1.64317286 0.613037705 1.16483331 6.62354231 -3.28146839 9.08962536 3.69851947 -4.9998517 -1.31666028 6.05739355 -4.33121729 5.98823786 -0.886570513 1.85394633 3.3611331 4.96668673 2.25084805 -0.711304486 -4.23976088 -2.02503252 -7.20804071 -9.35404205 3.09887862 -2.65316534 -1.52152777 -8.1390686 -0.876197517 6.22823763 0.109646715 1.44560409 -5.28893948 2.38899922 -3.69109416 -5.92981243 -2.27586222 -5.80243254 -8.6279974 -3.8971324 9.3597765 0.995778024 1.19344342 5.71402931 -7.77913761 -3.28135562 5.43420076 -0.534229636 -3.51169229 -6.71942806 4.19059944 1.04629374 9.11769295 0.886520684 -2.2288363 1.13049066 1.50401318 0.319517195 2.7845602 4.20485592 0.472121328 2.89555502 -0.661640108 -3.87755799 -2.21109104 -2.44042373 3.04039884 4.18474722 0.441803306 -0.541296601 -1.32396853 0.308442146 -5.37314892 -1.33069265 0.515108407 -0.561682999 -3.47216105 -4.99845886 0.474449307 -6.48754263 -3.4156785 1.06096089 1.86330032 -8.88784409 -0.274508208 -2.33752203 -7.56027699 -2.88736248 -5.14890766 -3.04735994 2.62012815 2.31254578 -0.246173859 -1.37354434 9.79923058 3.77285147 2.3838644 -1.79235673 -2.17080545 -0.938862681 6.48940229 -0.408652663 -1.28130436 6.12704277 1.52738893 0.568489373 -2.09470034 0.891357362 3.9031477 -9.48031235 0.20433645 -4.35968733 2.29964733 3.46023321 -8.12437344 -5.68928766 4.64646292 3.83469343 3.9406023 2.64888954 2.9109714 -1.48776126 -2.06755805 -1.54676664 7.20292044 2.39634299 8.39373875 -0.839673758 1.78925383 -2.59278941 -1.27580595 0.954294503 1.51343977 -0.321620911 -1.64251387 -2.17659473 1.51809096 -1.75816512 -4.06580305 -7.20058727 4.183743 -0.0122999977 -3.4072783 0.663995981 -0.483135074 -0.351765454 -0.640525639 -2.23962903 -2.69929099 -1.47453284 3.94616461 4.45207787 1.57759178 -1.84750509 -10.2055111 -3.91060472 -1.4604876 -6.49364662 1.43135953 0.0725425109 -2.74818754 2.2552793 -3.06690812 1.57032156 -1.46914065 0.452021807 -3.94863033 -0.45363009 -2.28994727 -0.182947218 0.883491993 0.374761522 1.64257228 -1.11479008 -1.80203116 9.30218887 -4.03128147 -0.752985895 -9.27133083 -5.89255762 -4.10639191 0.57144016 1.13068926 -1.53405213 -1.44842529 2.57432628 0.709316969 -1.69083238 -4.22845364 0.159708515 -2.11692882 4.04853201 4.87024355 -3.45021749 -0.197076261 -1.86372972 -0.639381111 6.56802034 -3.40605688 0.911692202 -0.209743589 -0.340374142 -1.36214387 -1.55162895 1.83600509 -12.2319813 3.14662623 1.71072102 -3.25997376 7.12288523 1.14109981 -1.24626195 2.2166822 -5.67646503 -2.99704337 -0.0469952635 -4.14736748 3.47249508 1.58875155 3.17498541 -0.778871536 2.01425576 1.82660103 3.91290522 -4.79784393 -2.41152549 -1.72977233 -2.5683701 4.82052994 1.49137771 0.211840048 2.39550924 -2.1331346 -6.95293093 -1.52914286 -1.03707218 5.08462667 1.66567004 -0.0154998628 -0.528737724 -1.83000469 -1.06771612 -0.201097727 4.43418217 -2.32495689 2.41985631 6.20237494 -1.92179441 -0.260927051 -6.54064989 1.33602989 4.88042212 -1.83974099 -3.62454653 4.54233122 0.725520432 -0.210384965 0.315429062 12.3332129 0.375204414 -5.94906235 -0.135526553 1.89370239 -5.16767216 -2.0854044 -0.31151855 -2.32532573 -13.3333397 -3.06828356 -4.9368434 -1.47062755 7.02959681 -0.440789938 -4.79744673 1.79356492 7.52908039 4.67393827 1.80719161 -1.81065512 3.88336039 -3.09710717 0.662497938 -1.70274985 -1.91206586 2.20842648 0.486245006 -0.902166307 -3.1913538 -2.86564541 0.910439432 2.20092726 -4.04278183 -1.41166449 2.55947709 -4.4773283 -0.487127244 -3.34604025 -0.698628545 -4.52753592 -0.925492406 0.326851964 -8.07489204 2.15770674 0.80673784 -7.72659826 0.306442946 2.72486091 0.176047683 0.798847497 -4.10460472 6.45348644 4.07096863 -1.69262648 3.13631272 -1.34621823 0.437312722 3.4258287 3.14295721 -0.262950063 0.479023218 -4.85404062 2.73444462 -4.36000633 4.62260485 -3.70790434 -1.62686229 1.5163523 -2.78040671 0.00968841743 -0.314245999 -4.02202654 -4.95594692 -0.848230004 -2.88271523 -1.58555114 -2.66233277 -0.312615812 4.60024214 -8.58371353 -2.17492723 -3.97830009 -1.1182375 6.37336874 2.08039403 7.2476387 -2.67480779 -4.44541168 0.620407522 0.116424434 -0.162621737 0.164521635 5.0032177 2.74095798 -0.00429920852 0.844427586 3.76898026 -2.50727844 -4.32052374 -1.249259 5.33206129 0.382239074 1.68700695 -1.43840683 2.46103597 2.71530223 1.40661037 1.24071634 1.25696719 -2.54628062 -1.41883755 -5.39454556 0.965475202 5.59268475 -0.377340019 0.637614548 -2.5730207 -1.5084784 2.39747739 2.4733007 -1.90033209 -0.0535576642 7.65668392 -4.78488684 -3.5521009 -4.57284164 1.37887704 -0.925992131 3.92729163 6.75471973 -0.000303784356 2.97762012 -4.67407942 -8.89229965 3.21147704 -1.19465601 2.15664434 -3.8631022 1.70885944 -5.13696814 1.31390047 -5.51893044 -2.61764503 -3.1209538 -3.54047847 -0.516295373 -4.53425407 -2.02947521 2.10423994 -1.46970773 0.543437719 -4.12948084 -1.72042346 -1.52148175 0.200312778 0.914916515 2.21115351 3.13311052 5.76769686 -12.75208 1.03448582 4.24228144 2.81461954 0.978125989 1.97775352 -2.57053661 -3.34238935 0.887423396 -0.0945966393 0.381408602 -4.33418941 0.452768385 -6.58994865 3.09197068 -5.44911098 1.88737869 -3.55138755 3.98505855 2.97624302 -1.18204188 1.14913452 1.44355083 -3.84699273 -2.72361398 2.51989889 -2.29830813 -3.17136669 -9.87359428 -4.03998661 1.80507815 -1.46585059 -5.84460592 -1.84654748 0.53550899 3.09192538 -4.22522593 2.66347456 0.233769506 0.409857541 -4.93339205 2.12821484 7.03830528 -1.30468392 -2.30207682 -1.08632767 1.72608054 1.87462354 -1.24722171 -1.83032632 -1.79240286 3.12787342 -5.06834841 -4.43727684 -0.0291654933 -1.85106564 -1.19664335 -3.52155089 0.0205033589 -0.726288736 4.56398058 1.84218037 -2.59451604 -0.621613264 6.13557863 -0.629167199 1.72417974 2.76532078 1.63237882 -1.81536901 6.69528389 2.99215579 -0.12160226 4.28404236 -0.662300944 6.46011114 -2.36422372 1.65221381 -0.789719284 0.0570154898 2.28842306 -6.43843174 4.20986748 -0.0356310047 -5.18175507 -2.55612564 -0.539067984 -4.98447657 -3.75154114 -1.26455986 0.00208080863 2.96898365 0.182529151 -1.97373617 -1.25636303 -3.73423409 -3.07583189 3.95877647 1.1206913 -1.62854576 2.7686615 3.06095147 -1.20677054 -3.01388979 -3.61200738 -1.75846612 0.0259161834 0.977108419 -3.23207045 -1.02126193 0.9514485 -1.63955903 -6.71463633 -0.060278099 -0.814069927 0.0166059379 1.81907022 -5.92467546 -5.08460426 -1.00752079 0.50576663 4.64089966 -0.013350849 2.34555244 1.36332631 0.345161259 -1.28453588 4.7600584 1.4479388 5.42916727 2.53864503 4.58464432 5.28071404 5.33875513 -0.175034031 0.794701636 2.84977913 -2.49375153 1.97631991 -1.67260742 0.112933107 6.07657385 -4.0827589 -5.78351116 -0.00174354448 2.74781585 0.590333104 -0.890203536 -0.991112709 5.05951834 10.2455006 0.78194344 4.09522295 0.534794509 -2.34062624 -1.67030668 -2.16769576 -7.07814741 -0.52115202 0.995284438 2.39319921 -8.59401226 6.13046837 2.0399394 4.39136887 4.01682043 -13.8169613 1.56744814 -3.8793056 -5.48265696 1.65024245 -5.5607028 -6.55929041 2.4417541 -1.2785331 3.73829198 3.85947847 -2.74216604 0.784246206 -0.141212687 5.3423357 -2.01988411 -0.391694576 2.33253837 6.92539597 2.08229947 2.83763552 3.84926558 8.56875801 -2.4882462 1.06390703 -3.46596694 -0.49676469 12.9100952 -3.7269876 5.27815151 5.50908899 0.72078526 1.47053015 -3.27400374 3.54306316 -5.50333691 -3.56808567 -2.23537803 -1.51692927 -5.05793619 -4.9581995 6.1341629 -4.4104414 -1.96602488 1.49835622 5.62664557 -1.73797822 3.43028092 -1.49948204 1.35418427 -1.72505403 -4.79356623 1.98535955 0.875475824 -1.68238688 2.51723146 -4.59143066 -0.172083616 -0.600373268 2.8196137 0.75727129 -0.285438865 1.20875382 3.37760687 2.5886569 5.3893466 0.509911537 -2.16994548 1.23366165 0.663661242 2.7656157 0.143795356 1.15403533 6.13491249 -0.615310848 1.08470035 -2.40322518 1.13446808 5.7094059 3.28824854 -3.96379042 0.40641585 0.0110940095 2.29794002 -5.28112602 -2.93318105 0.266922474 1.16148376 0.00470495317 1.43422616 3.30317259 -3.88760424 -2.29935741 1.75015509 -1.56789613 -0.412820995 4.02629566 -2.03429627 -0.971696734 -2.7158289 0.351942241 -2.68454576 -1.59009647 0.562201679 -5.79146051 -3.28251338 1.86039937 -3.98184371 4.70844173 1.50456989 -9.57825279 -1.39945114 1.84782195 -0.412829041 1.36264169 0.996049702 -1.11381078 -1.66017199 -1.77894902 3.35118461 2.87303281 -10.1804647 -8.13932419 -1.44629741 2.63463902 2.2970078 1.55280316 -3.96356249 -2.12585425 -1.51125836 -1.25125968 -7.50737524 4.4841218 2.52358937 -6.42933607 2.04958415 1.95609355 6.52259684 3.29469109 -3.16718483 -0.296237588 -11.3987703 -4.91829157 4.83624983 1.13118041 -1.51951396 4.92317724 1.45466578 1.36812055 2.02640295 0.26371032 3.71217418 0.667403698 -3.6575737 6.39596128 -2.11391449 0.0933842808 4.46925116 -4.32853079 2.53866863 4.51218414 -3.96309257 0.345221609 0.737307191 2.10377216 -1.04600418 -0.755956233 -0.184350193 -5.5461731 0.846229196 0.378373861 4.05942488 2.46567249 1.68512201 -7.59991074 0.416573882 -3.8052423 1.78576088 -3.60834837 -1.40371263 4.99245977 -7.36114883 -2.10813236 3.62049794 0.502845705 5.38611555 -5.28098488 -1.86379743 1.44066143 0.826620221 0.670861185 2.82654572 5.86325693 1.24076045 -2.85195756 1.47434592 8.48460007 5.6388526 -2.27229762 0.207283407 -0.145972744 2.40174818 9.06773663 0.546078563 2.6852653 -12.0295515 1.39679909 -3.58146906 -0.0359261408 6.64834023 -6.69277 1.67266786 -4.09237528 -0.821000457 -5.36095667 -9.11014938 -2.63950491 -3.18758941 -4.21479225 1.55890763 0.340536594 1.73418164 -0.659037948 2.66629434 0.59536469 -7.73323774 0.643557072 3.36393642 4.37138414 -1.99376917 0.91154021 -6.30600119 6.97909737 0.313635141 -1.67399895 4.63190222 1.15962851 -3.00109529 1.14820302 -0.0651639923 -1.09849679 -3.50224233 -0.733637512 6.81047487 0.354953378 -2.07507491 -0.0963625535 3.62633991 -2.75255752 1.47710705 4.18141937 0.26242131 0.886417866 2.22739434 -0.222174168 -0.46086967 4.24912119 -3.59682393 1.81821799 -7.65304375 3.38188338 -2.0473814 4.76280403 1.61423707 4.37264872 -2.48095012 -2.85115361 -1.99564612 -0.146269843 -1.66938961 2.53474736 -0.170802087 -2.20553231 -2.16803956 -0.199600473 -0.695541203 2.15437269 -2.03349805 -1.42461872 0.27532506 -6.79467964 -5.98222256 5.82402897 -1.53332019 6.87888241 0.186006874 7.10628605 3.6402123 -6.9878931 -2.76704884 -5.27732992 -4.08945894 -5.14789057 3.00889778 1.10486829 2.17663026 -2.2620635 0.72122097 3.07975078 -2.60934401 4.36815023 5.10419893 -2.84320712 0.53055644 -0.208748609 -0.37796846 1.15681088 6.03181887 -4.03785467 1.50927329 0.742724955 -0.125967547 1.94812036 -3.87320328 1.83750498 -0.389518768 -0.172591045 -0.654875457 0.665419161 2.14024806 0.67274636 4.21937227 1.49757457 -3.27634025 0.228266492 -4.39870214 -5.0393734 0.978349268 0.108641237 -1.2276361 -1.58358276 -4.49838495 -1.17521155 -0.801778018 -2.75024295 -0.228424102 -4.41226578 -0.397734761 1.62887645 1.88199711 5.7955308 0.17769286 2.20505619 -3.91164231 -8.94440937 -4.48509121 4.52512217 -2.056077 -0.23537077 -1.83447278 -4.92462969 0.795239985 3.76654267 3.61730695 1.87323308 3.34256101 2.23159504 -2.60961914 -1.99257731 -1.93946934 -2.48003888 1.22277784 -7.00352287 4.43450737 0.556916714 2.04220653 2.3683567 3.85284281 1.04102433 4.89445257 -8.29861832 -1.929865 0.632325113 1.62002742 -0.993123472 -1.66515315 -1.10267186 -3.23819399 1.33050835 1.96615887 7.08240318 -0.46639663 3.43527985 1.16057539 -6.728899 0.0671689212 -8.22936153 1.09046614 -0.923147142 0.93552947 0.213321358 -1.32531393 -2.78517127 0.946366191 2.65148568 7.11052895 -8.83231163 2.7615006 1.4846555 3.74244905 -0.0600822307 0.92758888 -0.699011445 4.49713612 5.01442623 -0.919351161 -2.01774144 -1.53465688 0.716958225 4.15003395 6.01323414 2.0859952 -0.427412897 2.55080724 0.304678053 -0.892852783 -9.71148491 0.403118163 3.79394269 1.39093137 2.08537626 -3.71813512 7.46264887 6.86358213 0.698029876 -3.87702131 2.4987607 -10.5407343 -4.59348965 0.487876892 1.36679983 0.867017508 2.66800022 0.053056933 6.66975307 1.39201641 -1.1676079 -1.78509557 0.138169974 2.6079998 1.06201243 3.76813316 -2.53925347 6.03798771 -1.12754726 -6.29887867 -4.57956219 2.4170289 -0.737115979 4.01604891 0.56152755 -4.0065012 -0.760637283 2.1230731 -4.69435692 -5.4613719 4.56753063 2.8284111 2.73572898 1.1740911 2.24707508 0.961302757 5.15219975 0.816700995 4.08500051 6.5799799 -1.64278781 -1.83530605 -2.76507568 -4.48294353 -4.03802204 -6.62123966 4.7032609 6.70394373 -0.183158994 1.28883421 -3.5209887 -9.4453125 -0.833648205 0.162267238 1.49518299 -3.90352893 4.19079304 2.0219121 6.79185963 -0.955539584 1.84313285 0.221038699 -1.49373758 -4.1040163 3.35709596 5.62775755 8.27942085 2.99773979 1.7060703 1.7524544 -0.431472152 0.485126138 -5.5680232 3.68951058 -0.561859488 -0.509121358 -2.03244805 -2.1053822 3.24402475 -4.85706234 -2.74962807 1.2644161 0.5515396 -1.31213617 0.0265228618 -3.47805381 -2.30125022 -7.33009291 -8.05078602 0.710429907 -2.98363805 -1.12791348 10.8769512 -0.856563568 -3.17064118 -5.94651604 4.33534956 -1.25604486 0.0368651636 0.47609064 5.59666681 -0.0682670549 -8.37726307 -1.51613688 0.203696847 -5.5631566 -2.36887288 6.48510027 -6.98850679 0.11422874 -4.20517969 2.84229016 0.962716401 0.455815136 7.06014109 3.6611135 3.06100535 1.93936694 5.12523079 5.51000834 -2.10786533 0.421905994 -0.86474514 4.11555099 0.688225567 -1.52065694 -5.37462425 -5.53739882 1.03898692 3.53452802 -3.17398715 1.29741657 -2.74856472 -4.06108093 1.08655429 3.06516051 -0.977753878 8.15439224 6.56440783 5.2994523 -4.27948189 1.73717964 -0.749721408 2.47315907 2.29712105 -2.78886604 -5.28169298 3.1970675 -4.34636068 -0.317491084 3.38787365 0.595096409 8.81296253 -3.94476938 1.0871681 1.54192197 -8.30499554 5.72160339 -2.73790073 -0.0669059977 -4.39316607 -2.61521077 2.42790627 -4.34056807 -1.6291827 5.98043251 -3.23194075 -7.64303064 3.20134473 -2.91711402 5.13709116 1.07454574 0.70053792 -4.53171253 -2.83865738 -6.63813114 2.26370025 -3.44582486 -0.278368264 -1.51131248 -0.473005563 -3.92765999 3.54201365 10.5917206 0.133500561 3.07576442 -3.29284501 -3.81397223 -5.62425709 6.1398344 -6.97178173 -0.075383462 1.17432678 9.68649387 0.957746625 -2.58469796 -4.46805334 -4.95064783 -8.8478117 9.88695431 -3.37886047 -3.07969332 2.40134168 -1.13073087 1.74227619 7.66287136 4.98835039 -1.72528183 -2.90852666 3.96718216 -4.04944038 2.05863881 -2.05931187 3.71319914 -7.11803341 -6.21375132 -15.4678583 0.384226114 -4.18262243 7.09006691 0.0645914748 -0.929609239 -2.18275738 2.8512125 4.37067842 -5.02014256 -1.58765626 -0.339339256 0.623671412 -5.60221004 -2.44034147 -2.1408155 -6.96274567 2.38070703 -0.0853435993 1.5735774 -3.12782693 -2.90306139 3.41554904 -6.04801273 -4.87240267 1.91447163 2.91111016 4.37738895 -1.44005728 -0.857434392 -1.69560194 1.46370506 -3.13789129 0.171563849 -3.69994617 -2.387465 -0.109776102 -2.94531035 -9.07386971 -0.365196198 5.58644009 -1.33602226 -14.5737638 -7.60073519 2.52541494 2.72047591 0.540589571 -0.952443779 1.54237008 0.319769025 -5.82247877 8.6014576 -4.05977535 -8.93886757 -3.1452961 -7.35656738 3.3578999 -7.47423363 -0.99150759 2.9879787 -4.46409512 0.399462789 -1.85084152 1.0255146 6.83258057 7.14738083 -0.622757673 5.6993928 -0.746303797 1.99420512 -7.47135115 0.0216861423 -0.856931686 0.794919908 -0.21616514 0.928871512 1.05207896 3.34014082 -4.27490997 2.46200252 -1.40439439 -8.33401775 1.1650176 -5.4142952 -1.81670654 2.15876627 4.23316765 0.0570849925 1.80916762 4.73249483 3.86919188 -1.88278174 0.416710645 8.53113461 7.35264158 -0.96377039 -0.805991352 -4.49208498 4.76087666 -1.04877996 -1.18828273 -0.587105453 4.98322535 -2.67116761 -2.97593904 5.22526932 0.0516240299 -2.25099373 -3.76879621 0.57175076 4.12169456 1.64343536 -2.61393046 4.25651407 4.25933552 4.27776432 12.2261486 3.46771717 -2.54741764 6.27151203 -1.2527597 2.29987526 1.34185266 -4.30003262 0.056977164 1.8815937 4.11407423 1.07902014 7.36592531 -2.29567027 3.96876621 -5.48935223 -0.213361248 -3.56951857 -1.27252543 1.73752177 -4.48193073 2.85082817 0.292467654 -3.09733248 -0.399095178 1.69403911 6.62245131 -0.854186714 4.04977274 -0.977467656 4.55595064 -3.17286086 -1.5786562 13.2181053 -0.320070624 2.04216695 -0.0390937701 -2.74433041 2.7180562 5.4934473 -3.83638763 2.368397 2.00663614 2.75465441 -0.531947553 1.53565538 -3.47424793 3.12254691 2.35910654 -0.388553828 0.186998472 -1.26413178 0.123582043 2.89503646 -4.18048859 -0.607897818 -0.596121788 3.69155693 -1.97584367 1.54199541 -9.38948536 2.04713416 2.35369134 -2.68748641 -1.254632 1.45435929 -1.4915396 0.232708752 -2.03908396 -1.28314829 -1.34434307 2.21441603 -5.551682 2.69368005 -2.3658185 -6.40379906 -3.8887136 -1.12996686 -4.19215965 3.58873653 0.994086325 1.97531378 -0.0631872639 0.0128216762 2.45695639 5.17102051 1.21886051 2.54287004 0.222765878 2.09164834 -0.297916174 0.140125155 -2.45477605 -1.07141006 -2.14084244 -1.18515062 5.14919567 -0.227482051 0.848445177 -2.39189529 1.24977517 -1.51347375 -2.19403839 -4.64196253 -2.43976164 0.606351554 -1.58702874 0.0256105978 -2.39898014 1.75813246 2.14499235 -2.22351575 4.90507889 3.23099542 3.25713181 2.0340991 -2.78695583 0.729500949 0.865751743 -3.86049485 0.729591906 0.110644199 -3.22496271 -3.28993702 -6.7576046 0.819026232 -4.32588291 -2.39437342 -0.779839993 -0.889392793 -1.03903532 7.18059111 3.25020862 -2.64080048 -1.33664 1.21485209 3.81145859 -8.13120079 2.4718926 0.312515676 -1.89771628 -7.71070671 3.77128172 -2.83518195 -2.97914314 5.75863314 0.980459809 -4.79053402 1.23053432 -13.6288738 5.35631752 1.74165142 -3.49527097 2.09628415 2.47730374 4.85331392 3.17287612 -2.80143785 -5.35768175 0.783696651 -0.208068967 3.08082104 4.76469564 -7.7487216 -0.0308432076 3.57592607 -1.04960537 3.13897467 1.4272362 -0.826437116 2.02055025 -3.07991052 -1.69068193 -1.12241244 1.25164294 1.34579217 0.773210049 0.793324232 2.71577787 -3.24270105 -3.17979836 0.475359112 -3.42921209 -1.57268882 -0.555904031 1.47256219 1.73693573 15.105134 -2.27487373 3.43765068 4.60962677 -1.08716083 0.209293604 -0.941751599 0.27604267 -4.88014174 2.92205143 8.88194466 -0.0617620423 2.65622592 -0.908548832 -1.93339097 4.48146343 1.20445645 1.98630977 2.90065885 -1.50937414 -0.544629335 -8.05386543 0.740332723 6.39954948 2.27296853 4.6767211 -1.06771493 -1.13115716 -5.5905652 -3.92041397 -3.66520429 -0.370213807 -6.23899889 -0.452309072 -1.18955028 -0.504641056 1.33738208 -0.792204618 -5.41932726 -4.76580334 5.74578381 -2.62683368 -0.456236482 -2.36636376 -0.998106182 -2.17278361 1.49985945 -1.56502652 3.04450798 -0.560196459 5.61783648 -3.20720029 4.85195208 0.919196486 -0.136692852 6.83223057 -4.55640936 4.78918886 1.47994387 5.30916119 -17.0837288 1.52340055 3.35243607 -3.79673004 -2.25469685 -6.77246141 1.50222003 7.18769217 5.27775431 -0.16015707 -1.16499758 5.85292673 1.6638788 4.86829233 1.15740359 1.99046421 0.674828887 -1.64909232 -0.13350752 -11.5743742 4.61505127 -1.11503243 4.77105045 -4.10470057 0.133262381 1.6914376 1.27885091 3.91831803 -3.76839113 -2.35001636 -0.0268112831 1.07414711 -1.88832414 -1.13615727 -5.67240047 6.68712473 0.662720323 3.71134591 -3.51885676 1.8457197 -1.1123687 9.58044624 4.16953516 5.28049135 7.15971613 0.480119765 0.944476962 1.68392384 -7.30014896 -2.14013457 -1.14296436 3.50584984 1.78540301 -1.18576968 -6.51110744 1.16425228 -1.51656866 -0.0518703163 4.45321751 1.68079388 -1.09674573 -1.0033282 2.91639638 0.711681843 -10.5874405 -2.62721682 0.648774385 -0.472727746 1.10709321 -1.55179906 2.28424025 -2.58965111 3.48156834 -0.933458269 5.07978868 1.04362345 -0.0903785899 -4.34926081 7.66596556 2.37701559 1.7648648 -2.19194818 3.08627343 -0.848235905 -0.545355499 -0.691500962 2.97366166 -0.315693885 -1.87928689 2.39170289 -0.349158466 -2.5840404 0.276841342 2.04448104 -0.310160488 0.617109656 0.441325754 1.93918216 -0.280596673 5.38017416 5.20344114 0.843881607 -1.87465322 1.61646521 -0.332492679 -11.4266787 0.507613957 -0.157146141 -0.124769948 5.38440418 0.914977074 -5.46400356 0.788579762 6.22368097 -5.64483786 1.22858703 2.73862004 -1.76486909 -1.11754704 -3.21641922 -3.53815842 -3.83929777 2.3824513 5.39312983 -1.84429395 0.0549778156 -5.43265963 -0.713958621 -2.29680014 -2.4696331 -1.80528092 -1.34457982 -0.943308532 2.1054821 3.28354263 -1.3758384 4.60067225 1.78442836 3.63245821 8.07512188 -3.35323024 3.32860184 3.30528808 -3.30779934 -4.85932064 2.94590211 -11.9575682 0.250457704 -0.113010451 -0.0684549361 -4.67366028 -2.03859806 6.96727705 0.523325384 1.07265365 7.71261883 3.60098243 2.35212302 -1.96442628 -0.160877556 -0.258138835 2.28311515 4.41913939 1.79197335 3.98540831 0.708541751 3.28940272 0.50110364 1.5365957 3.62837362 -4.39811897 1.73361325 3.37761593 1.16785145 -3.06401849 1.12743008 -0.0201694407 0.852570772 3.50306916 0.843333721 4.36253166 2.09815288 3.50532532 -1.78538251 -1.9466126 1.27782786 -4.43315744 2.02964783 -5.65761375 -2.50067568 -4.38276291 -2.48687243 0.61784035 0.671054602 1.04394352 1.38168871 0.582352102 -4.46093464 1.16367865 -0.913088024 -3.81929803 -0.116423786 2.57012057 -0.530554533 2.78610611 -1.17229676 -3.142205 1.90563762 3.70435715 -14.9031715 -0.675453365 0.886958659 9.17654991 0.578820169 -2.81947875 -1.53540766 0.284749806 -9.52729416 -11.5829544 1.67291093 1.52934158 -2.53895903 -1.81209064 -10.7019434 2.34475493 -3.66767502 -3.21043825 4.87913179 0.582378864 -0.272148639 -4.4805522 0.736543775 -8.18695831 -3.21298933 0.38835904 6.09028387 -1.89327586 -4.16047382 -6.86004734 -2.20384955 0.214964867 -1.12893164 -5.68166733 0.0965357423 1.62220228 0.243033424 -4.44769049 -0.456683487 2.12399364 -5.18507481 1.18055987 2.41398859 -11.8865833 5.33335638 -9.48334312 0.58856529 -2.10428691 1.40931118 -2.09531212 -3.46399045 0.975421906 4.68369722 4.32829332 -0.831403553 -3.58250737 1.92582059 -1.12046969 0.404574513 -2.28857875 4.78888941 3.98295617 5.00581264 1.46121454 -1.71269274 2.33151627 1.90679657 -0.116235778 8.07790279 -0.414702982 0.994376302 -4.67382956 -6.36479282 4.55911112 -2.76361322 0.610751867 1.92778563 -3.34773707 2.24833846 1.94686627 2.247926 -0.432765812 -0.498963982 -1.70466208 1.54669106 -0.86433053 2.91104746 0.255381882 7.43233585 5.62854385 2.41362333 -0.173389554 4.84317255 7.3136673 -0.0768421888 -1.7881068 -0.936898947 0.633137107 1.85410893 -1.54300618 -2.98520255 -4.24075317 -3.29061317 1.12313986 0.154554203 8.04081917 -2.46004391 -0.974907041 -3.12233949 -0.920897007 -4.18290615 0.229247257 1.41605091 -0.0425119102 -6.63148499 -1.87155414 5.78842258 2.64462757 -2.10803795 -0.249645203 -1.23795772 -3.32955861 -3.86225295 4.91171312 7.50954294 1.52170897 0.115177967 1.33437371 -1.65348744 -2.17037845 4.71663094 -6.0715394 -2.71562314 -4.01026964 -0.0830249786 1.14320254 -1.50700569 3.51402164 6.11293507 1.3127023 -4.78762722 1.5066371 -0.668407738 0.290699691 1.13013256 -3.73393893 7.42161322 -5.52275085 3.8951571 -0.0822246075 1.86882222 -1.49415779 -9.48788452 4.66133404 0.952268124 0.275974065 2.52435517 2.81167984 -15.1607409 1.4818908 3.70378256 0.512560964 -1.55591547 -1.47044265 0.454080939 -1.17475557 -2.85921264 -1.67124426 4.0499301 0.840984941 0.558506012 1.09448254 5.55991602 4.85802984 5.9362998 0.910976052 -0.131851375 0.000848098774 2.37650204 5.1551609 2.80235314 1.63976395 -2.51718211 -2.86992741 0.501249373 2.4149642 -3.39727378 9.51974201 -3.9237287 -6.10877419 -1.32655752 0.63302803 -1.05142796 1.28724289 0.85871172 -0.155653566 -2.87941885 1.0043534 -0.680850804 -0.433797091 -2.6597712 0.469704449 2.81167841 -0.674968302 -5.27975416 3.96691346 1.36619532 1.53330231 2.05612612 -3.97149348 -1.77467108 -0.00321209896 -1.75823367 -0.0982970297 -1.13408661 -0.640325248 -4.48080969 -2.15927768 3.77487421 2.57729721 1.41909254 2.05480242 2.58122849 0.373250425 4.06266689 6.10981464 -0.486825734 -0.63114506 0.223944381 2.71277785 8.22702503 2.86504698 -5.12503481 1.88740873 0.0215050317 5.48988581 -0.189303666 -6.23150492 -5.84607029 1.8591243 0.665032983 -1.18321919 1.29332399 2.28735328 -5.43778229 -0.474623919 -3.50459456 1.68880188 -4.56442022 -1.26277757 -3.49408221 -0.997524381 0.163718432 0.49099189 0.752153814 -1.52093637 3.42352772 -0.435615689 -1.30414367 -1.77371943 -0.739319563 4.16502523 2.25809979 -0.287668705 6.48482132 -6.51729584 -3.16733408 1.64908576 2.29648948 -4.09543133 -2.4081676 -0.684543908 2.98689008 1.76492548 -0.57289809 1.18984973 -4.11182356 2.32001877 -0.939301014 -2.79300737 -5.37184525 -0.516681314 3.64112926 0.196890876 -0.983564913 2.2683022 -1.43281889 -2.9226377 3.50632238 4.39893055 -1.431283 1.23738742 2.27156425 3.54269695 0.599008679 -0.78289938 11.7184801 -6.06877279 -0.889562905 1.81920266 3.97561169 -2.46364236 -2.3068924 7.41168261 6.51971149 0.564495683 -6.98642063 6.88116503 2.25041747 0.654313326 -5.035254 -0.483354986 1.27433777 2.46650171 3.13470006 0.377007157 1.2450397 -2.53800726 -1.16698527 1.62127948 0.487317383 1.74583781 2.08764195 1.57400358 7.7966218 -7.25835323 -2.85021114 0.928593457 -1.66443062 -5.69869757 -2.73046064 5.07365131 6.86247253 3.80695987 -0.812431037 4.21005487 3.2442987 -5.50709963 -2.16010213 -5.20978975 3.64417744 -0.167866781 3.8829608 -0.683509469 1.70060039 -9.62097073 -15.309906 -3.47477221 2.24805975 1.81793904 0.114106923 6.08370781 -0.663609684 4.18907166 -3.62786603 -1.72472167 -0.373580873 0.661070824 1.25292802 0.302122742 0.314928532 -1.01138723 0.437953621 -1.00996315 1.2772547 0.349660933 -1.72606087 9.85376453 -0.558110416 5.1876111 -1.02116048 -4.66387987 -1.09691215 -0.225694939 4.8492713 -4.94378567 1.85786819 3.46424508 5.21127176 5.57936859 0.758617103 -3.98024058 0.259625763 -3.41038156 3.17533946 0.947708547 -0.47615993 3.2118454 1.14250529 -10.9421101 2.25701022 4.42724133 -7.88413572 -2.38309216 6.14679003 -3.06041956 -2.59180021 2.94121861 0.310199887 -0.965587258 -4.27259064 4.37116289 -2.67366219 4.60445213 2.65643454 -1.03492153 3.60522604 -1.96671093 -4.67868996 3.69551682 5.10624313 -2.00912786 0.607229829 -4.55206966 5.0315752 1.32828844 -9.49230862 1.3324182 1.30666804 -2.62430143 -0.580350578 0.612464011 -4.19501543 3.39684176 3.15830922 -0.0105190435 -0.322378129 3.26778579 0.894129515 -5.01486492 1.25396705 -6.12007236 -4.13285494 -1.25342822 1.85398817 -4.32566071 -3.75607061 0.460602969 -0.898116946 -0.0809336826 -0.13208887 -0.0932635814 5.76085329 3.76824975 -1.33377361 -2.17588973 -0.986414552 1.02445066 1.12201166 1.77443445 -1.58844411 0.70330596 -1.09380651 -3.32851911 -2.54078317 -11.2704973 3.64058948 -1.33016515 0.405060112 6.06077576 1.24994242 -2.30904198 -0.875786364 -3.76894903 0.0953803509 0.0342448801 2.48440075 0.113512829 3.49337912 0.155752301 -0.905825675 5.36521339 0.958882868 5.99572659 4.62055445 -2.66122198 1.12181175 3.56112576 -1.98016918 -3.50576186 3.93902278 -0.27743876 -0.810343921 -0.239103481 4.68085909 -2.33621907 1.95191908 -2.38010144 -5.59696436 7.39497423 -1.55342495 5.9485836 -3.04271579 -6.30164719 -4.84799004 -1.15440059 0.346816599 -0.875225842 0.324795336 2.43640518 0.308271855 4.57103109 -2.47744751 7.52116585 2.81636786 -0.00672448287 5.67744446 1.23569989 -0.819241703 -1.36072576 -0.981416523 -3.41490555 0.351526737 -12.0179987 -0.743289232 0.376418382 -2.7090416 2.47997808 -2.43390203 1.18520224 3.96345496 5.45352793 -4.32522583 4.9386735 0.700665295 -4.34175682 0.237227038 1.36616921 -3.55225945 -1.10132492 -4.55536032 -0.832294524 -0.820456207 -0.0529221632 2.67201757 0.377443641 -4.62383699 -7.70658016 3.60262847 4.14010096 7.03016281 -2.66968417 0.00455671037 -3.64578652 3.48085761 6.12838268 8.66581345 6.49426889 -0.283605903 3.19303131 2.42673039 -3.43815994 -0.0914906785 6.26085234 -0.725946486 -0.712526619 -0.405198663 -4.08356237 -5.37560654 -2.0373106 -5.85290003 -1.67892992 2.12018704 0.163366258 -0.900137782 0.320922077 0.628177941 2.87298203 5.74880457 -2.43885756 6.38974285 0.184832841 2.10157704 1.23709846 -0.0733184069 2.08173275 -1.29341662 -0.301677108 1.58075869 2.05945492 -3.61315441 -0.875955999 1.97397673 2.02213335 2.14132905 2.47736597 0.74490422 -6.51549959 0.905249 -0.659629703 7.11223745 -1.5016855 2.0496614 0.125651062 -0.235165387 0.549227655 3.75761938 -1.98662984 -1.98964012 -2.54052663 0.0080714561 -1.5274756 -1.58044684 -5.63313437 -0.147920787 -1.44095361 -3.86804223 -1.35727406 -0.52242738 3.12957287 -0.893835723 0.609473586 0.699716389 -0.384676546 -4.77707005 -1.6543268 1.87357616 -2.55865908 3.91907787 -0.456140637 5.99915504 -1.56003571 -2.63943458 -5.75630426 2.1344955 3.16281724 6.55952358 -3.4658792 5.60511494 -1.09260786 0.2420187 -0.667858422 -3.33212996 2.23837423 1.62415171 -2.21718979 -16.2910271 -4.55698729 1.15548766 -6.10420704 -5.06692648 6.51241255 -2.55759072 -4.75194073 -0.674154818 7.84898233 -1.05312514 0.0966077298 -0.737837136 0.0312038735 5.85746193 -3.40474224 1.83478808 -2.19215298 2.37123656 4.1819849 -0.567592621 4.65382862 -8.25376892 1.74773467 6.55928516 1.77528346 -3.64443827 -1.05206454 -2.98534966 -2.34820986 -2.09474945 -2.24933577 -4.79291296 -2.43181562 -3.31513548 -5.64652967 -0.370410442 0.0567991957 1.14302325 3.14165378 6.04710245 -2.76083517 -3.6668191 3.31412792 2.4239192 -0.916334569 3.46728301 -1.43123758 3.53553843 1.37794816 -0.14242807 -6.00372505 -1.92815661 3.02685308 -0.324846655 -0.296515822 3.89022231 -1.1105746 4.51844501 0.517056346 -0.430844367 2.59130859 1.98956132 1.33175445 2.41095853 -0.0112819169 -1.67191744 -2.30997109 -1.95775306 -3.63851404 -1.03907335 -8.10676384 -0.300818741 0.452135146 -0.42405954 2.86939216 -1.88258946 2.05687761 2.13945413 -2.30618477 0.691173673 3.33680248 5.17329264 6.25502205 5.13653517 -0.0987940803 1.79745173 -0.516559064 -0.134979263 1.9417789 -5.01446819 3.79067206 -2.37776637 -2.50806022 1.09369218 -0.510865152 1.56381714 -2.24260569 -2.05368638 4.09001637 0.387932479 -1.62235391 1.96394432 -1.36133409 0.714598417 -0.756707549 -2.68481803 -3.62872314 -0.377900839 -2.43874049 -0.679927945 2.16426182 -0.651885748 2.95155525 2.8392036 -5.79878664 -2.79273009 1.07679605 -1.03272188 0.971053183 0.70836854 -2.16438007 -3.11558342 -7.11060572 2.64771342 -2.15274501 -3.97462082 -0.165196866 5.21921349 -0.237215146 0.513961434 -0.774687707 5.95725012 -7.71741533 0.399303138 -2.17075729 -1.99603283 2.28400278 -0.848025024 5.43518353 1.99055147 1.84251213 1.1717732 -2.6390636 2.04895639 1.54399061 3.54272866 -0.066869989 -2.57782769 3.31491518 2.01945138 0.458721042 3.03053212 -4.9072361 -0.649751425 8.0273962 0.77767837 1.22768199 0.0209663417 -4.18820524 3.03673291 -2.38483167 -5.30748987 -0.12044692 -1.54566383 -0.925214469 8.63431931 4.12120962 -15.4728947 6.96338701 0.98350966 4.22212219 -0.856971204 3.7191956 -0.0651211888 3.23803234 0.0759662315 -7.96386719 -3.41336632 1.96446598 -1.21538651 -5.90896988 1.55828762 2.80091143 0.229959041 -2.98109841 1.57417452 2.46743751 4.81606102 -1.14968908 3.66146207 3.55556273 -5.12110996 -0.603274226 0.188215628 -1.54642236 -2.03304887 -0.494497895 -1.91836643 -1.43467653 0.201114997 6.18692398 -6.34235954 0.570001841 2.71183276 1.99663198 -2.40213203 2.12785888 0.75411123 2.21384358 -8.38367748 5.91538858 4.27676344 -7.00269127 -9.80362892 -0.0149290888 1.90310156 -0.58043313 2.48371291 8.26092625 -0.49523893 1.72435498 -1.13348758 3.24336338 -3.38904047 5.7193284 -1.84346735 1.05253029 0.0366560444 0.635161638 -3.48592997 -3.77240705 0.660450757 2.56085443 3.12585735 -0.360487193 2.95979667 6.97154284 2.87785101 -8.86641407 -1.99762344 -0.265170127 -0.992947698 0.826955616 -10.6131115 -0.131968141 -0.157418832 3.6984818 -2.42672014 1.72345078 -6.29073524 4.90260458 1.79274035 -7.30570316 1.06600094 0.0637019575 -2.38956165 -1.69377196 -0.868763983 0.669955075 -2.04082417 -2.28800893 0.326675087 -1.75218809 1.96222579 0.927284181 0.763579488 5.39725733 0.287403911 -0.775561213 -4.23152113 4.494874 -2.28549552 -5.78331041 0.776412308 1.37529159 0.771420598 -0.911591649 -1.14163923 2.69134736 -1.10905635 -4.06076384 -8.47568607 -1.0001179 0.620094359 -2.37324834 2.27143812 -1.21165693 2.59282827 0.0276552066 1.24478388 -0.872072041 -1.2481643 0.64872402 3.13222194 -0.648203075 1.55578816 -6.7109375 -1.66950262 -0.902950704 -4.94299984 10.4667969 -3.76488209 9.43906116 1.78419125 2.60319614 0.642585576 1.96455646 0.973178029 -0.615646064 2.55451798 1.39598346 -1.447878 -1.36579466 1.88200748 0.988707721 2.98046184 -4.4269352 -1.60399175 7.91049433 4.40135813 1.39175463 -3.17366934 -4.75899506 -1.94975638 3.28727818 1.55047047 2.26064992 -2.62597585 -2.68865609 2.22915769 -3.64999437 -3.54362226 4.18607378 -0.865145981 -7.84892035 -9.86582088 0.643061221 2.70044112 2.8059361 11.3546762 -2.52551532 2.80986428 1.74062753 -1.63285613 -2.70808959 6.46354818 -1.01187706 -1.6734556 -0.223220736 0.817688704 -2.67796087 5.89389133 -1.58378041 1.04992449 -9.00979519 -4.1068716 0.628117263 0.487062335 -2.59425426 1.90049469 1.60366857 2.25851583 -3.37029243 -3.32745099 2.16750479 5.31087255 -3.20413256 0.252877235 -6.4045682 -1.1795516 -2.04781914 0.759106517 -0.801025152 3.1340363 1.31610954 -0.898856759 -3.12004471 7.26698303 4.32398129 -5.98804426 -4.27041292 5.50413322 3.32958889 -1.99083745 4.96922493 4.68037367 -2.55094147 12.38412 5.71981144 -0.621345699 -0.0244236626 6.05691004 0.728146315 3.45982242 0.33691287 -2.35002947 -2.25509501 -0.779269457 -8.79731178 -0.660973728 0.791549027 -1.28204167 -0.23572199 4.22456694 4.10157776 -6.60133076 0.721935749 9.43813133 -4.71028662 6.75256157 -1.1133796 -1.23607552 -2.89617562 -4.3703742 3.56740403 5.11441422 4.16614056 4.60487509 3.05338526 1.69361913 1.19245529 5.6287179 1.16035318 -0.736379623 -3.56445217 1.12624037 1.37916958 -1.63094914 -1.32397068 -5.2837019 -0.545675576 4.60549784 -7.3805747 2.54087687 1.33633924 -4.7961278 8.36325169 -4.40266657 4.52390957 1.04657435 -4.4489603 4.61709404 0.801389098 -1.69753778 1.01224494 -4.43601036 -3.9506166 5.49662256 2.31719351 -2.91005802 -0.176533028 -2.34685111 1.62447751 5.3386445 -0.639357924 0.860078335 -5.58115196 -3.80408025 -2.53887081 -1.96565795 -1.18373084 -1.45896351 -2.28798723 -0.807210803 -1.10951495 6.91925907 -1.20372081 1.02272832 -6.9126215 -3.83703852 -0.00329677318 1.33719921 -2.54015446 -1.79491663 -3.42169285 1.08200359 3.09000945 -7.20294762 -2.26102471 0.644123137 4.37180424 -8.52014923 -3.51585746 -1.48661315 0.462222695 -4.28681803 1.43809259 -1.86212528 -4.51389742 -1.25376248 -1.54384637 3.36028838 -5.35879469 -6.62325144 -5.08712769 1.77262223 -4.80156088 4.02250862 5.42259121 -2.36146426 -0.111878343 1.78494942 -2.36779737 0.598451674 -1.74711025 2.91212249 2.32367444 -2.51607919 -1.44530797 -0.0657997802 6.11719513 -3.45114207 -2.41835356 -4.60289478 1.74177945 7.77351904 -8.85348225 -0.887391448 -0.928397596 1.41161799 9.12325287 1.54628229 -3.87133837 4.39135742 1.64295626 -4.22820854 1.18855095 3.9730835 1.26908696 -2.63831234 6.55328274 1.2541697 1.42271996 -0.354768574 -7.54667902 -4.17412758 -1.91840303 -2.3059833 -1.10578752 -0.0619723797 3.81417036 -4.78462982 3.20447779 -3.02107191 2.05800223 -0.0949477553 2.190449 -4.28135109 1.43379891 -5.83155775 2.70274258 -2.15022612 -4.00917244 -1.48421919 1.29241455 -0.295010716 1.87136734 3.72111583 6.327775 2.28005815 -0.619153142 1.36871684 2.58174944 4.91403961 -0.397976607 -3.89217401 -1.43276048 3.88489008 2.34466124 -0.381963372 3.82767868 4.99998903 5.22554302 2.73240185 0.45452854 0.666320801 0.479535103 3.40719795 -1.05629647 -3.01200104 -2.02578497 -3.74205446 3.00950098 11.2899227 2.6223557 -9.02574158 -0.484838009 -2.36884308 -0.608814836 -6.26620626 1.98580539 -1.7469337 0.0926779211 3.46564102 2.78444242 -3.77838945 -2.73884082 -2.08992696 -1.56658626 3.72669482 3.712672 5.86928272 2.13576651 2.15502954 -3.85696554 2.20458126 -3.59222674 1.27828193 -0.752787352 4.60201883 6.4717679 0.901915431 -6.28197908 -4.8247056 3.06250048 -2.73690248 8.29112339 0.291650295 -5.14962149 -0.922037005 0.065756008 2.5285418 5.59548998 0.610033035 -3.03507328 -1.9186219 1.38889027 -9.70893955 4.05801964 -0.559776425 -0.162758887 -2.98759627 -3.18250632 -12.9132118 3.35789275 -1.9267019 2.57273316 16.2238636 -3.85242271 -6.22619343 -5.9886837 -4.22779274 2.55321884 1.25379169 -1.40346622 -4.8095212 -5.05449247 1.79444039 -1.87535679 -1.3698051 1.48898888 -2.83464026 1.32848418 -0.679487705 -0.0752163082 3.7252233 4.87674332 -3.76757979 4.27612925 0.334143251 1.58557582 3.83114409 -1.23476338 -2.28658915 -3.8550539 -2.70341301 -5.49966002 3.5289433 -0.153540701 -4.53632593 1.72673714 -0.744315863 5.30681133 1.69601464 -8.4554224 2.0958569 -1.91341197 1.46425247 -0.488894016 -0.24464196 -4.31792307 -0.357458174 -1.50366473 -3.22615528 2.27081776 0.127643958 2.49298978 -5.74128437 -0.544519901 2.45184278 1.79877293 0.798645377 -1.19875896 4.14262819 3.42702389 -5.1818738 -1.50577629 0.10554032 3.09074473 -1.88211536 4.85403728 -4.43506289 -1.1966114 1.91026354 5.04031992 3.17651725 2.01591468 2.56836653 2.61655354 4.18748808 6.42781401 2.40272427 2.94478655 4.62917089 0.807285309 -5.75078869 -4.12631035 3.72197127 -0.520087481 -1.07299614 0.948823988 -3.40236402 6.06786537 -2.83833861 3.16529989 0.900814831 -0.274520248 -1.04591954 -0.938667715 -0.768912315 -0.0756467879 8.54686165 -1.21989071 -2.28118515 -1.09329677 5.68739891 -0.0475923717 3.62610126 -2.33944201 9.67845917 -4.91773796 -2.76519704 3.54005051 0.13951163 1.54360163 -3.04409122 2.20621371 -3.41181612 -3.66855502 -4.40660191 0.465083241 3.75507855 -0.00281691016 -3.08565855 -2.47350359 -1.20924234 6.6543684 -0.321298182 -0.82076031 -0.686999083 -0.421652526 -6.00161266 1.38774526 -2.19634771 1.50354016 -5.76633453 0.200931996 -1.73919845 -7.8541832 5.93903399 1.49292588 2.90678382 -0.493656754 6.21410608 2.71368194 2.49161887 -4.0460701 -0.873585165 -2.28761578 -0.423123747 -0.436413527 -0.496215433 0.481493682 4.90171146 -2.64445591 0.189962476 4.00331116 -2.76341534 -12.2775707 -1.94327164 0.03766701 1.21414864 -2.2482028 -4.23915577 6.2687254 -2.82887602 4.03011799 -10.5493288 2.94066167 -0.0306413192 4.06995201 -1.99757683 1.24893546 -0.404271573 4.31889725 -1.28364217 2.59021521 5.13971806 3.67209554 -0.648391604 -0.787666142 -2.33696508 -3.44424391 2.81664348 -5.42522907 4.02546644 3.82509017 7.92522955 -0.0250706133 -0.142191276 0.158951581 -6.19135427 6.05064297 4.70250654 -0.579502821 2.36144853 -2.38221526 -5.34645319 -4.97932005 0.355279267 -1.53105557 4.73651028 -2.67472339 5.72660923 -9.04283619 -1.5290252 -0.599082768 2.10695434 0.334707767 0.470982879 -3.17259884 0.436050832 0.0860554948 1.01346147 -0.840722382 1.08922458 3.3669672 0.3426449 2.26933312 -3.6283989 -3.46899915 0.202004373 0.55114311 -1.49090576 -2.83434153 0.0420472287 -2.63874602 -5.7105794 2.97886896 -2.62547112 -8.83885098 -5.7360301 2.88607574 -0.682653368 -7.38021088 -9.56912804 -0.133851528 1.25593281
pred 0.284716223 -4.05379934 -1.39859934 8.51973709 -1.46097623 2.57515973 2.83754618 1.16909537 -3.11918899 1.12883216 0.763438067 -2.89677559 1.10539493 -6.18192834 -0.186644984 7.98816766 -6.06668191 -4.00463659 0.486146266 1.51184034 0.189827429 4.18391493 -1.74556973 -0.977095866 -0.72522014 -5.75269379 -0.976925273 0.278682058 0.0671796159 2.16277044 1.09700029 -0.944391667 0.459562982 -1.04474843 1.33961041 -6.04112514 0.427892175 0.615672486 -2.24745145 1.24008649 0.692479995 -0.606031288 -1.76154345 4.75062995 1.31722028 2.23103535 2.05285292 2.89269039 -1.32978125 0.511532499 -2.71173485 0.302199494 -3.5336265 8.56259814 -1.60234338 -1.8014095 0.745246202 -1.1218222 1.06434549 3.8900227 -5.40614873 -4.51686055 -4.62083765 -0.835480878 1.43922849 2.0536832 4.23678243 -0.691595734 -5.09911784 0.122477201 -4.41489579 -2.85265628 -4.15853438 2.14599112 -1.11817561 -6.01580542 1.36571087 -1.78509665 4.20225576 -3.69305879 5.81816061 -0.231121661 7.88014884 -2.68750255 5.85504815 7.13111799 -11.7156169 -0.404175336 5.96213778 1.39338037 5.78526867 0.897433252 0.909039696 -1.9800762 -3.61226417 1.86166923 0.453473986 4.41888661 -3.58306788 10.8653489 5.61827955 -3.75225852 3.23496656 10.114867 -10.759804 -1.16132311 1.10725634 -0.43209962 -2.19258983 0.404711447 0.436314665 -1.44566554 1.37230615 -1.79546031 -5.89584042 -4.94053824 -3.32259791 -5.81517015 0.777866077 -0.286259792 -3.20153432 0.239887893 0.302623107 -4.34153978 1.05801744 4.56940193 5.79667979 9.65511612 0.750397356 1.43938408 -3.25576994 4.81496047 0.43163814 0.260809684 0.844455543 -1.9454544 0.550459086 -1.79609646 2.98185919 -5.21700174 -6.60566108 -6.60120041 -0.773736636 1.29517898 1.14020621 -4.28543512 -3.67758904 0.875712484 -0.51201265 4.68700969 4.25807149 -3.38955033 -3.54298224 0.302199494 0.283945299 1.162895 -1.69953821 2.72052589 0.939338092 1.74495327 2.10038936 1.23519753 -0.451643529 -1.12093939 -3.3436523 2.99846509 -4.07170155 3.29239985 0.538286066 -0.254300574 -1.19646074 0.161617067 -4.15688088 1.43922849 6.33900111 -4.2979616 2.1334538 -0.373488434 3.83818692 -3.90963942 0.940410896 -3.42366493 0.910481475 3.26339889 -4.60426129 4.18527468 3.80345295 5.8655516 4.45747039 -4.19118205 -1.51661748 2.22917734 -9.52855364 -13.3070536 -2.19759503 -2.34788051 2.23916626 6.58712993 4.69201064 -0.688771609 2.56986537 2.09737921 -1.47323153 -3.3278525 -6.96029681 -8.0874276 -2.13366869 -1.4789911 -3.85432113 -1.46088552 4.36967226 2.07275038 -0.652669713 2.68083756 4.18527468 0.2443 0.119135059 -1.67694133 2.20791701 -2.11225128 3.79323788 -2.30206563 0.290966893 -1.84204593 1.00751231 3.28414995 -1.39527237 2.91473663 4.63159174 -1.25145765 2.14599112 0.283945299 0.788463571 0.624771326 7.42596611 -2.05598682 8.45070557 1.22756058 -3.3701175 1.08245662 1.53445393 0.0851388766 -0.291953351 -2.52578996 -0.130764903 -0.513924261 4.74444422 -2.29806117 1.46837277 -3.58231987 1.29667996 4.65818351 3.16879878 -2.50885601 -2.61892553 -0.0462698269 -9.34282081 -4.72063012 7.41237965 0.511532499 0.26115432 -0.155774391 -2.35877214 -1.7497713 9.57312794 -0.540522719 -5.16596086 -12.131401 4.70728284 4.20658092 -7.37880414 0.601986806 1.82178356 2.34719571 1.40957064 -3.40773412 -3.34587906 7.34837629 1.45299506 1.20138653 -0.560989238 -10.0781529 -2.58196248 -1.3745851 2.31465322 0.802148398 -0.0251753731 -0.774736439 -2.21409248 -4.20860064 -0.212713683 -4.37790155 8.04140374 1.44921902 0.140049819 4.59822424 -0.00229898308 7.10121976 1.69821535 -2.53315787 1.04470687 0.456732836 0.2443 -5.21305423 -2.64652537 1.78763346 -0.586303176 -0.326281527 -2.10546013 0.256702065 -1.39859934 0.616550263 0.966050135 -2.70747695 0.22770997 -2.04977024 5.34451899 3.16216884 -1.29461332 -4.05379934 -5.29771242 -5.36438295 -4.08574731 8.29399253 5.87471039 4.4425255 -0.569142753 3.03277954 6.04509119 -1.45594673 -1.36663909 -1.18030225 2.45531766 0.218564434 -6.71188768 4.40610391 -2.87933773 3.47569071 -1.51854088 -4.26538259 6.80243703 0.885865445 -4.2979616 -1.74792209 -0.962145699 2.51022304 -3.60090646 -3.61226417 2.42250329 2.06138409 -2.73318663 -5.31986162 -3.06260062 3.59716868 -1.12988719 1.58436695 -4.07540115 -1.33700373 1.23839696 -10.1655205 -0.696495616 -3.32943939 -1.32978125 3.72398776 0.203535603 4.09315099 4.16311739 2.67504192 -4.94514083 2.41334437 7.27484978 1.42487647 -4.21340935 -3.4267962 -0.212837191 -4.45058569 2.24257836 -4.27918513 2.06229807 2.25529429 -2.6720312 -3.07583809 -1.75964198 1.30684627 -10.3991919 2.40002181 -4.88127545 -5.33008644 -1.3298705 10.7100388 0.359977085 5.24001657 -0.316836096 -0.451643529 1.14439885 0.557954315 -2.09482737 1.58793349 2.60879994 -5.44189052 0.492579122 -0.20336878 3.31684386 3.41009461 -1.46097623 -5.6431112 3.99465424 -2.12287954 0.175048415 1.18534692 -1.97936502 -5.01331717 1.08820729 1.80429308 2.62615592 -10.1551938 -1.9454544 0.0386259006 -1.25607317 4.3336496 0.505859225 -1.37264254 0.30619413 4.74719645 1.22921616 4.96814785 1.12391226 3.62139777 1.33240987 1.66947664 -1.63074476 3.36557044 -1.63384113 0.344706784 1.98519963 0.86423698 4.08618532 2.5136131 1.00913977 -0.176808467 0.539940201 -1.81399273 0.778488901 -0.818571845 -1.83363685 1.22756058 -5.09460088 -5.98619569 2.53116249 1.07678335 3.92116091 -4.33643572 0.459835791 -0.895073422 -2.67917453 5.83124202 2.41701451 2.06042012 2.14278826 -2.90722564 3.16216884 -3.65777405 0.553483512 -2.15451726 -0.533999328 -2.52485523 0.022460047 -1.23079615 1.15645567 2.79411036 -2.73827738 3.65876576 -1.51662806 1.46240714 -0.204751929 -5.36305986 -0.723359648 3.0103941 -3.26969206 3.57437765 5.34895958 1.89272342 -3.65311926 5.03530882 -3.51077302 -2.49063201 -2.11566887 -3.60636962 -2.80187623 -5.02668637 2.43015972 -9.60568246 -1.72509318 -1.61593428 -2.58196248 6.45093088 0.761314009 1.36246744 3.31519784 -0.379290843 7.203785 1.11336001 2.80456125 -1.8707639 -1.41731764 -0.936411113 4.89768478 -6.27873949 -5.25596757 -2.09554697 4.67585215 2.21568338 4.84245718 0.569795375 4.32992112 6.30604013 3.01168378 1.11912063 5.77655334 0.705752394 -0.263868598 4.14726299 5.32688386 1.42210597 1.01336012 3.69247357 -0.213336017 3.98918907 -1.33123031 3.19054548 1.11671013 6.07816255 -0.819175832 -2.0292289 3.27829181 -4.82541294 -4.03758896 0.496840863 -4.04845024 2.02510838 6.39151564 -0.142834737 0.179110625 -3.9810573 1.57751698 0.0298040803 -2.6017955 -7.28392263 -1.63437897 0.10448375 0.664562057 -2.39965368 3.92500592 -0.407252804 -4.9183094 3.25855991 -4.97806911 7.42976033 6.11184792 -1.54222555 -1.17393117 -0.116181559 -3.67076177 -8.63530223 -1.35275596 6.4340782 -0.983270497 -3.64143021 -1.94035062 -3.62806286 -0.437977849 4.50039123 0.512382775 -3.41774547 -5.80884479 0.617228785 -1.23349414 -3.06602187 1.00937026 2.056847 1.13406231 -0.634447304 -3.78062167 -2.5908749 0.330541578 -0.655416305 -0.912662104 -7.20709534 -5.79680895 1.53330865 8.1025606 -6.66292522 -15.1011377 -1.74792209 1.78764067 2.85355093 -1.71876709 8.39586767 -3.20910655 8.9277386 2.83247101 -0.130575267 -1.2440085 0.735901598 1.12783674 0.629219874 0.70258534 0.120007026 -3.14773362 -0.144849294 6.01792254 0.118611922 4.21566891 -4.51032201 6.94753344 -2.59707485 0.124302129 1.48826262 -6.2096201 -0.508973965 0.456732836 1.26977071 -5.68151595 3.18777328 -1.31112075 2.35175989 -4.43259867 4.60091474 1.13589159 0.289191319 -0.734694664 -0.563924441 -8.3070018 1.92678374 -0.174025397 -2.85265628 0.920553074 4.01315828 0.49339879 -1.35833386 3.26995962 2.25470851 -5.21517978 3.71452709 -13.1743441 11.1013584 -6.17132631 0.804347333 -2.83375754 4.21160866 -11.1312763 -0.533999328 -0.0109034548 0.442060457 1.46087429 0.945012861 -5.79749461 0.897760253 -2.19787354 -0.596287369 2.46968107 0.204989083 5.3956388 0.485773415 -4.38966116 -1.45142245 -0.236498831 1.35484561 -2.38752091 2.52977792 -5.5328973 4.11297864 -2.18387019 5.46514984 0.635774609 -1.83553727 -4.38614126 2.22161158 2.76144243 0.519021692 -6.67495933 0.461360196 2.22913966 0.473448711 3.80104554 -0.798896726 -5.37576146 1.72738749 1.46513325 -4.90763227 -0.976925273 2.64231442 7.1663525 -1.1793624 -0.363991525 -6.42399952 0.834443098 -5.08302287 -1.27843735 1.8303516 0.174084365 -3.66375704 -10.0781529 -2.15860166 -1.42057329 6.10554212 -1.96410535 -0.666723044 0.629219874 -1.35320603 1.39767413 -0.0957663067 5.3956388 -2.14807415 3.16216884 9.05254074 -3.52915894 -2.00417062 -3.34258146 3.14498287 -0.583962331 -4.67923615 4.68703063 4.26809589 2.20106844 0.531096339 -0.596209204 1.34467217 6.70208311 0.404711447 6.29281449 -0.554024687 6.10306345 -0.0448605478 -1.03161051 -3.94459348 -4.8850548 -1.92610088 0.751602122 -0.517033728 1.6936809 1.39699297 -3.41774547 -1.09224425 -2.6671619 1.51512423 3.19054548 1.57251477 0.626014174 -5.1460604 3.89191199 0.692179709 -4.88916154 -3.4267962 -3.94198835 -3.12439933 -1.33186868 3.82745423 2.02920177 -3.86412294 -1.9613725 0.2443 -1.67950237 0.125655247 -2.37651366 -0.460769271 -0.956592485 6.52716743 1.19303165 -4.7688399 -3.79076743 -3.32259791 -0.874605632 0.37297111 -2.95588134 -0.292659016 0.425359088 2.78840276 0.855432655 -2.45000446 -2.50629856 -1.51603299 -5.19407383 3.67861248 4.60738783 3.89530246 6.14539243 2.6172272 1.4703375 -1.74538496 -0.847289816 0.366230151 1.12708095 -4.42864268 -9.97124908 -1.59194803 0.527471792 1.01110251 6.45403368 -3.06602187 8.20763144 3.78140027 -4.56910948 -0.970352295 6.09373681 -4.82541294 5.72761398 -0.479733488 2.03837118 2.92802799 5.12441756 2.66471197 -0.705707548 -4.00710142 -1.67638502 -6.85346489 -8.37763321 2.89860965 -2.54343274 -1.19060324 -8.76842295 -0.901511975 5.79667979 0.406164154 1.26160716 -5.29742047 2.2145381 -3.71325105 -5.44964605 -2.38752091 -5.37576146 -8.19184459 -3.69663602 8.94099896 0.439142294 1.76459384 5.34906442 -7.15190667 -3.26205775 5.29640764 -0.172745876 -2.72664179 -6.14420727 3.87924945 1.5529349 8.04816214 0.70258534 -2.0292289 0.894701028 1.5842173 0.440533246 3.03939675 4.03632892 0.99387016 2.90136606 -0.245434481 -3.95882132 -2.05322209 -2.20568497 3.00620608 3.99421655 0.345283898 -0.789182893 -1.05865806 0.74572123 -5.24461963 -1.1793624 0.62885709 -0.774293255 -2.96753024 -4.22257713 0.745307942 -6.13424777 -3.32798955 0.897433252 1.62638614 -9.3404567 -0.660664735 -2.0574072 -7.92898293 -3.19774544 -4.86621549 -2.93474461 2.72753549 2.45420964 -0.20336878 -0.944486872 9.160854 3.66711055 2.14958182 -1.35275596 -2.05598682 -1.05238367 6.75528873 -0.471858034 -1.12792075 5.83336492 1.26828771 1.07329948 -2.42216578 0.784575714 4.1333926 -7.86832879 0.162770952 -4.34264307 2.34198459 2.35204521 -7.67433056 -5.72546885 4.75296074 3.91121613 3.75802376 2.41382573 2.29068936 -1.48027614 -2.45643644 -1.53012475 6.77524421 2.45213101 8.23359004 -0.530606309 1.54670849 -2.44429584 -0.758299428 0.956484263 1.12783674 0.0273548613 -1.8982719 -2.21907743 0.964078554 -1.74850113 -3.81310484 -7.6316124 3.84429862 -0.430728305 -3.06260062 0.513388555 -0.642378211 -0.420981306 -0.600698317 -0.357437085 -3.11581373 -1.35719933 3.84489185 4.01000095 1.76333173 -1.91651786 -9.97124908 -3.64997778 -0.6750312 -7.14363191 1.42836012 -0.326711743 -2.53114304 2.31465322 -2.6610951 1.77725945 -1.1225759 0.360679231 -4.23356818 -0.51201265 -2.6584936 0.194777501 0.536782176 0.511532499 1.53741296 -0.941745424 -2.19113544 7.93596312 -3.16558644 -0.533999328 -9.34282081 -5.58677044 -3.88568443 0.551202106 1.12883216 -1.51097999 -1.32567466 2.40770238 0.162770952 -1.43152629 -4.13462557 -0.0810596237 -2.02455275 3.85497362 4.31402942 -3.94896177 0.651144662 -2.13177791 -0.266120257 6.11184792 -4.02889892 1.40864187 -0.467138792 -0.231121661 -0.745834615 -1.53151167 2.07375233 -11.0587552 2.92802799 1.60983771 -3.78062167 6.86445025 1.20037494 -0.835480878 1.86211233 -5.64047597 -2.70747695 0.13021302 -3.95318221 3.91171084 1.33867139 3.2797718 -1.1568863 1.86284123 2.20097084 3.26368691 -4.33086893 -2.37230482 -1.05835636 -2.59707485 4.62712476 2.0370758 0.133068453 2.12703552 -2.4196245 -7.14507737 -1.53007539 -1.21315076 5.34451899 1.66477414 -0.263994436 -0.0665684687 -1.96410535 -1.08371294 -0.760350437 4.09129893 -2.51216007 2.18042783 6.01803774 -1.8014095 -0.326711743 -5.72615476 1.35400903 4.80517419 -1.31495206 -3.39104435 4.54753989 0.978361526 -0.0585348003 -0.172293069 11.0953244 0.0636764727 -6.27873949 0.233164785 1.75802852 -4.85484888 -1.71581668 -0.193775432 -2.02562373 -12.4242404 -3.00701315 -4.90199034 -1.55064333 6.94753344 0.32425377 -5.36941897 2.0536832 7.97891593 4.68305151 1.67916864 -1.41731764 2.83439674 -3.11918899 0.239058022 -1.41731764 -2.00035946 2.21814857 0.33012709 -1.01337468 -3.38329391 -2.5969502 0.940410896 2.42728057 -3.90963942 -0.866593671 2.49355871 -4.70469436 -0.252439009 -3.70338037 -0.689917637 -4.46369278 -0.606139597 0.393994805 -8.23908239 1.93216914 0.453444576 -8.00173968 0.283945299 2.35054814 0.0501402804 0.945012861 -4.06064951 6.56128189 4.39647066 -1.69314067 2.97212464 -1.40561992 0.365819414 3.25704294 3.03939675 0.334248362 0.67357198 -4.8810468 2.11084895 -4.22158942 4.95113799 -3.98129733 -1.41186654 1.39445748 -2.33401304 -0.0810596237 -0.408866268 -3.63789375 -5.09460088 -0.827070721 -3.00701315 -1.83553727 -2.78532872 -0.404688676 4.63818507 -8.08536673 -2.23283065 -4.04336904 -1.46370759 6.30409905 1.53741296 6.27959032 -3.16027737 -4.64598657 0.833453546 0.509955433 -0.254300574 0.320454845 3.75049967 2.65309184 0.11678895 0.86198216 3.59886946 -2.7161028 -3.65811515 -1.3583344 5.18605597 0.496840863 1.81941156 -1.4789911 1.75603017 2.31465322 1.12870456 1.08851998 1.06434549 -2.39965368 -2.05467208 -5.24461963 0.924780524 5.46039582 -0.384823666 0.840975281 -2.52485523 -1.92090937 2.21568338 2.40865871 -1.94438863 -0.102273436 7.48990264 -4.45100802 -3.38576063 -4.00589129 1.57775376 -1.12084302 3.39817618 6.39936419 -0.179801478 2.85822039 -4.68857928 -9.14081249 3.0982463 -1.1350512 1.75603017 -3.26500404 1.99531984 -5.22505623 0.94906561 -5.21517978 -2.60516346 -3.15212509 -3.34258146 -1.2201657 -4.9183094 -1.7172478 1.98387885 -1.21176164 0.666839667 -3.77390564 -1.67950237 -1.54849779 0.107465406 0.784575714 2.04536027 2.91354666 5.14400915 -11.7539995 1.04644498 3.95035416 2.98619059 0.548643289 2.01781608 -2.09786424 -3.89269731 1.07093097 -0.167301201 0.534098918 -4.00710142 0.458393316 -6.06618857 3.16216884 -5.305527 2.14278826 -4.34081332 3.45128887 3.1142944 -1.51097999 1.11411512 1.21635566 -4.02884278 -2.77427277 2.39779955 -1.72749704 -2.77290085 -8.9245598 -3.6218389 1.62591599 -1.22039376 -5.35397687 -1.92562206 0.231890336 2.94224843 -4.41783692 2.78893161 0.111866011 0.369056462 -4.398067 2.42936746 7.35589833 -1.574976 -1.39088322 -1.32621615 1.35717616 1.5616368 -1.07706993 -1.38340664 -1.9800762 3.2416605 -4.93567664 -4.07250736 -0.379290843 -1.8700346 -1.19969172 -2.93078632 0.26115432 -0.540175336 4.62202657 1.72738749 -2.38654103 -0.537371153 6.22267655 -0.909393071 1.87619579 2.37566607 1.58060325 -1.46440752 6.25130262 2.87625995 -0.236324901 4.22523973 -0.437986829 6.4340782 -1.9800762 1.29904355 -0.571028191 -0.0345861801 2.33458123 -5.88057045 3.87702825 0.0141929842 -5.24461963 -2.49547637 -0.387558827 -4.64557533 -4.10579046 -1.03251274 0.0285455574 2.91223444 0.469933479 -2.52485523 -0.944486872 -3.97717446 -3.12439933 3.83718552 0.995280643 -1.52140765 2.81373677 3.18144909 -1.0909278 -3.14499465 -3.69455108 -1.99819429 -0.237356304 1.12870456 -3.06775705 -1.10435028 0.856785773 -1.47698335 -6.31565466 0.103551352 -0.42059096 0.0347916682 1.87935586 -6.05012799 -4.19021304 -1.13365162 0.108400582 4.11027853 0.125655247 2.33411761 1.31722028 0.393761046 -1.0827125 4.93497949 1.19303165 5.6480944 2.73314379 3.98000923 4.83345284 5.29669406 -0.00928034937 0.494141672 2.76809078 -2.95043347 1.93696788 -1.56628888 0.0357015854 5.62280653 -3.3340278 -4.94514083 -0.0368068871 3.47569071 0.641045151 -1.33157137 -0.6856304 5.54928697 8.77437362 0.829613382 3.35425648 0.733265063 -2.55305445 -1.54850832 -2.17295102 -6.90094685 -0.45047834 0.978361526 2.24763061 -7.66807947 6.07816255 2.12124881 4.68700969 3.85811978 -10.9699658 1.6821866 -3.75552096 -5.40940639 1.56629641 -5.05281011 -6.49644285 2.23103535 -1.62265483 3.50450161 3.16579192 -2.71397588 1.17173346 -0.410976484 5.22208784 -1.44712613 -0.660664735 1.61214767 6.75864809 2.0774553 2.60542709 3.23512526 8.39586767 -2.33119619 0.997040914 -3.35565903 -0.467138792 11.0953244 -3.17539621 5.38509265 4.94467444 0.751890972 1.41240996 -3.15212509 3.29507546 -5.05281011 -3.55461712 -2.41356411 -1.64061544 -5.25603357 -5.29219999 5.7314431 -4.73232851 -1.90104128 1.66477414 5.04324124 -1.53661803 2.93928162 -1.46103001 1.32544033 -1.62368362 -4.36688285 2.46968107 0.549851989 -1.4179655 2.76144243 -4.44009052 -0.167301201 -0.14018856 2.37997246 0.773656642 -0.48414155 1.12883216 3.45450937 3.03939675 5.13713843 0.555284943 -2.47679947 1.18534692 0.574967344 2.74454704 -0.10776683 0.988247191 5.84244235 -0.486992762 1.04320089 -2.2043715 1.25598819 5.52969372 2.8261621 -3.89739665 0.512382775 -0.199747912 2.40357337 -5.41061652 -3.01085178 0.186141676 0.511532499 -0.102086118 0.973801985 3.47111209 -3.43618182 -2.17589983 1.59924585 -1.6723044 -0.487143307 3.64478048 -2.06099084 -1.01877573 -2.3843346 0.399182787 -2.32179857 -1.36972479 0.444020199 -5.36438295 -3.10674457 2.04073882 -3.89958729 3.56559879 1.23149797 -9.11435456 -1.69343799 1.59081858 -0.378696144 1.17476864 0.920553074 -0.946620545 -1.70141833 -1.71314538 3.42946934 -1.19127175 -9.84696126 -8.77609784 -0.915675151 2.63680084 2.42728057 2.03338067 -4.28746643 -1.9684305 -1.79546031 -1.53826671 -6.66292522 4.33131747 2.34869289 -6.57508929 1.81419311 1.9632723 6.28147471 3.28305649 -3.05125084 -0.768933571 -11.1944354 -4.64199572 4.76569426 0.928380875 -1.53689549 4.84022365 1.72217324 1.23887767 1.75603017 -0.230289854 3.50904259 0.592111639 -4.09143644 6.12325426 -2.20568497 0.350713315 4.43695054 -4.50174442 2.31349218 4.46063378 -4.22536205 0.0734019854 0.655946837 1.8279063 -0.902877285 -0.85478287 -0.179801478 -5.42708979 0.558808852 0.54650724 3.86313526 2.08145799 1.74611795 -7.46795515 0.434738164 -3.56690682 1.76546435 -3.71953886 -1.51602748 4.61389347 -7.28392263 -1.98261582 3.45858971 0.373636674 4.97126593 -5.29668841 -1.5402371 1.30546798 0.879389821 0.166844662 3.03939675 5.31022638 1.2752857 -3.01688971 1.68867083 8.04720117 5.61827955 -1.92090937 0.11678895 -0.292659016 2.12162871 8.64580422 0.526025602 2.6531223 -11.6915478 1.43922849 -3.78062167 -0.0665684687 6.45093088 -6.13920873 1.41974665 -3.27052431 -1.01127136 -4.7688399 -8.8810964 -2.73476024 -2.9141176 -3.93126559 1.36609964 0.23562147 1.43156233 -0.530023135 3.22133816 0.461842267 -6.76213983 0.68057589 3.33118598 4.49614717 -2.17520784 1.20982827 -5.94676238 6.34381882 -0.0448605478 -1.66974033 4.76109762 1.83371322 -3.09527093 0.897433252 0.26223558 -1.17107749 -2.97613406 -0.379290843 6.08241193 0.37297111 -1.54257864 0.00240233398 3.65593831 -2.92704654 1.14020621 4.40610391 0.143801122 0.846568206 2.27108379 -0.0665684687 -0.909393071 3.89086923 -3.18486806 2.00273221 -7.92898293 4.13877977 -1.98171336 4.67834955 1.59421552 4.40610391 -2.58196248 -2.72855364 -2.46007024 -0.31363688 -1.55718282 2.21554863 -0.54879241 -1.85104778 -2.03216716 0.140917945 -0.653919052 2.60879994 -1.7559352 -0.915675151 -0.14615471 -6.19302879 -6.59780612 5.41535917 -1.50729584 5.97056305 0.174531313 5.81001356 3.44854311 -7.02412641 -2.33119619 -5.25603357 -4.55475422 -5.07248996 3.23414134 1.13101098 1.88541679 -1.59582457 0.751953144 2.92922717 -2.61607798 4.31610182 4.71334474 -2.83179861 0.511532499 -0.000956889 -0.456033146 1.19225209 5.67885361 -3.96909238 2.20084677 0.463011889 -0.291762988 2.65201008 -3.49067471 1.53525124 -0.48414155 -0.374611082 -0.963503691 0.144447861 1.78763346 0.544247299 4.35900777 1.58722045 -2.71173485 0.75745967 -4.55892499 -5.09460088 0.641342477 0.212794067 -1.11505193 -1.35064069 -4.08574731 -1.33803219 -0.795453738 -2.1191072 -0.774736439 -4.9559999 -0.705707548 1.83201565 1.8279063 5.93104021 -0.440306143 2.30320748 -3.51666681 -8.55254353 -3.98824998 4.33131747 -2.47765305 -0.396640622 -1.79609646 -4.55475422 0.879389821 3.91171084 3.38654297 1.48358739 3.19879099 2.59440154 -2.56021128 -1.9684305 -1.73733394 -2.27628003 1.17173346 -6.01530699 4.5056449 0.806025892 2.20097084 2.0382707 3.27548277 0.545140146 4.79428835 -7.42305829 -1.97854235 1.73086962 1.61956936 -0.860604424 -1.51659875 -0.944391667 -2.73827738 1.38599707 1.88541679 7.40898237 -0.446537917 3.62139777 1.17173346 -6.68755053 0.392078391 -7.29875933 1.21154935 -1.32946263 0.921887188 0.241663616 -1.17107749 -2.87933773 0.940410896 2.83528179 6.54696539 -7.37640923 2.94224843 1.12421144 3.98965112 0.341930853 1.36561547 -0.316027015 3.84105509 4.85899977 -0.827070721 -2.06751227 -0.930737839 0.463011889 4.22843693 6.32034688 2.15895165 -0.35179883 2.36469166 0.330104893 -0.912025125 -10.2370811 0.537090292 3.2505509 1.0020769 2.14958182 -3.62671861 8.16078448 6.47369592 1.00381706 -3.11391988 2.23718599 -9.86060058 -4.47878875 0.576921943 1.33961041 0.858146733 2.80453079 0.369056462 6.70177633 1.6940095 -1.2469079 -1.51854088 -0.0841598627 2.6788907 1.09646299 4.00502631 -2.46839122 6.26633479 -0.992599869 -5.57708647 -4.00589129 2.80802303 -0.384823666 4.14440993 0.0403459893 -3.2290093 -0.896126685 2.04203315 -5.33871992 -5.32413724 4.61392393 3.47569071 2.39924159 0.805409894 2.28020436 0.52003631 4.90916545 0.67357198 2.38578753 6.03120359 -1.40751069 -1.48299345 -2.83032017 -4.7783347 -3.70202682 -6.12110949 4.90648056 6.68995048 -0.0535258647 0.841536344 -3.01085178 -8.44148628 -0.449324119 -0.191687189 1.70284643 -4.46627698 3.80104554 2.14599112 6.19802132 -0.818571845 1.72738749 0.444020199 -1.33420433 -3.03073978 3.20494074 5.26578013 7.43541851 2.99504405 1.36246744 1.89968974 -0.733575696 0.978361526 -5.40362312 4.13877977 -0.316027015 -0.326281527 -1.95855982 -2.03216716 3.20494074 -4.09125066 -2.37651366 1.39744868 -0.0812462262 -1.30247836 0.443435782 -3.46196176 -2.36606634 -6.44537404 -6.27184415 0.611544796 -2.88114804 -1.4651596 9.20762097 -0.446537917 -3.59690678 -6.33209963 4.14435239 -1.45218283 -0.243306267 0.504909878 5.54556704 -1.15940307 -7.90038019 -1.65755791 0.617228785 -4.93567664 -2.41028884 6.70177633 -6.9301632 0.212794067 -3.5785144 2.2145381 0.987074825 0.366683302 6.4272906 3.38834536 2.97657151 2.00083826 5.77158858 4.93402356 -2.19258983 -0.0345861801 -0.741137773 3.82811668 0.416891965 -1.41848879 -4.86479409 -5.12482777 0.730979335 2.98247509 -3.09445487 1.24438678 -2.49547637 -4.15619586 1.34829846 2.48390599 -1.09047204 8.09335001 6.4029698 4.88564178 -4.33401603 2.86099082 -0.468496616 2.42196578 2.21568338 -2.53455552 -4.88127545 3.23496656 -4.12568755 -0.464469169 3.18595555 0.826715537 8.60652806 -3.97717446 1.14439885 1.33074732 -7.80245849 5.0810038 -2.6635706 0.0573901113 -3.77620353 -2.13960568 2.056847 -4.05743177 -1.71268394 6.13505251 -3.34862609 -7.50274584 3.00620608 -2.54677243 5.19957486 1.38476544 0.569795375 -4.58435781 -2.59490934 -6.34496294 2.22161158 -3.62959536 -0.619587025 -1.4485816 -0.0356049743 -3.8663973 3.54074677 10.3597088 0.0220821514 2.73314379 -2.76864853 -4.33086893 -4.74484374 6.03120359 -6.19525467 0.133068453 1.28419595 8.7630614 0.548643289 -2.49355009 -4.46954359 -4.8816774 -8.9373296 6.84461896 -3.65311926 -2.63529419 2.41407994 -0.843376359 1.39338037 7.34688274 5.02149971 -1.79546031 -2.28764143 4.01315828 -3.21887964 1.91512186 -1.7935984 3.50094498 -7.04590229 -5.66833142 -14.6908429 0.375447677 -4.28285069 6.55348261 -0.179801478 -0.784166334 -2.26238956 2.06155068 4.09318889 -4.64603484 -1.56354375 -0.28857545 0.640536267 -4.58016541 -2.52485523 -2.39927184 -6.68656744 1.99761479 -0.478625634 1.6259072 -2.76899422 -2.6341359 3.14609658 -5.50810158 -4.50673181 2.03140269 2.22815929 3.38913423 -1.51662806 -0.827070721 -1.90615159 1.50283234 -3.38955033 0.162770952 -3.55184817 -2.47679947 -0.0513871965 -2.87933773 -8.56618285 0.335367469 5.3956388 -0.963901834 -12.9183054 -7.80762072 2.14958182 2.85863062 0.53445737 -1.04039289 1.46928644 0.210716036 -4.73962874 8.09335001 -4.55475422 -8.67298811 -2.72664179 -6.67297917 3.42047465 -6.86051468 -0.909393071 2.64825956 -4.06910483 0.773656642 -1.3730822 0.940131992 6.65142257 6.7227235 -0.178258775 5.61062229 -0.726024838 1.5754543 -7.24738853 -0.235273528 -0.912137204 0.618375594 -0.00514233416 0.606046555 1.04854447 3.57593824 -3.98185587 2.14958182 -1.10546731 -8.12580967 0.959115549 -5.4267796 -2.05286095 2.00695986 4.90648056 -0.353616903 1.67503797 4.42437749 3.86214901 -1.91651786 0.303428936 7.71333111 7.19779719 -0.912025125 -0.449195713 -4.23138505 4.90634446 -1.12198914 -1.33756629 -0.814451299 5.11812711 -2.22433131 -2.52485523 5.07324547 0.239058022 -2.24657566 -3.70338037 0.580008954 4.11845182 1.41974665 -3.03740821 3.24298197 4.04408319 4.75282608 10.7421236 2.94224843 -2.54957708 6.03112404 -1.17382629 2.42196578 1.40204457 -4.7648256 0.010905796 1.85078531 4.19912641 0.539520553 6.95328309 -2.06751227 3.80104554 -4.88916154 -0.012408102 -3.64692116 -1.99645699 1.89272342 -1.08173751 2.75872286 0.272034991 -2.92537072 -0.61750441 1.51184034 6.46676909 -1.15875385 3.68298354 -0.813055929 4.42305611 -3.51077302 -2.00417062 11.5122271 -0.477328762 2.15895165 0.179357013 -2.24939719 2.40950242 5.07176099 -3.65777405 2.2145381 2.03836893 2.35054814 -0.337594174 1.62025738 -3.64997778 2.92670181 2.44572662 -0.462414232 0.344216707 -1.32114775 -0.0171807643 2.7615891 -4.00710142 -1.22450834 -0.696730238 3.80104554 -1.92610088 1.59641858 -9.55410112 2.50383087 2.45735934 -2.00976751 -1.43270973 1.1130251 -0.927977053 -0.290211865 -1.63012656 -1.07974702 -1.45726945 1.93216914 -5.03587233 2.64228395 -1.53243771 -6.85116869 -4.13660286 -1.48320462 -3.90161155 3.5801169 1.13984019 1.78764067 -0.0957663067 0.0495873496 2.4813602 4.92481498 1.36942293 2.69202476 -0.85478287 2.39422016 -0.427769754 0.521481029 -2.18178855 -1.43270973 -2.087505 -1.11480223 5.21544818 0.160936601 0.524211469 -2.42626172 0.73339551 -1.25641428 -2.81558044 -4.15067192 -2.27286091 0.0270205258 -1.48616858 -0.0521793606 -2.00039936 1.59924585 2.11053827 -1.98261582 4.5196574 2.65846863 3.4274529 1.98321048 -2.45000446 0.641045151 0.811742154 -4.52208956 0.855432655 0.286729532 -2.80410404 -3.93862657 -6.79491229 0.520335965 -4.21246835 -2.41028884 -0.740683947 -0.815721173 -1.12093939 7.05182702 2.70526493 -1.60127943 -1.39007807 1.66304062 3.74263085 -8.76842295 1.96562229 0.456732836 -1.89831038 -7.12770645 3.77987322 -3.06277474 -2.11225128 5.58531653 0.926541934 -4.85484888 1.0148093 -10.8983597 4.83795862 1.92960863 -4.01460275 2.08330908 2.15537096 4.85728989 3.17168143 -2.60359876 -5.09460088 0.50896926 -0.418692825 3.54149842 4.5115027 -7.24738853 0.0909616057 3.49398118 -0.726474757 3.13547458 1.37100411 -0.546147127 1.84200623 -3.13801328 -1.71876709 -1.15225736 1.10353582 1.68867083 1.24480653 0.715962704 2.8819868 -3.35600569 -2.97765626 0.0222673824 -3.46399858 -1.51661748 -0.720525563 1.58723428 1.45075539 12.2325463 -2.82044949 3.38334309 3.85811978 -0.693080212 0.280798049 -0.641142768 0.344697242 -5.31579338 3.63467843 8.09335001 -0.179801478 2.48664049 -1.18774404 -2.13366869 4.41768578 0.819585089 1.70052181 2.89860965 -1.03251274 -0.467974261 -7.51545538 0.494098284 5.7366591 1.35717616 4.84652129 -1.32567466 -1.25607317 -5.23727975 -3.94198835 -3.59002818 -0.683964003 -5.41408893 -0.442237334 -0.884110717 -0.622380921 1.24482686 -0.784371672 -4.75170801 -4.9183094 5.60111325 -2.68268991 -0.612237253 -2.54343274 -1.16232942 -2.09701653 1.36643995 -1.53689549 3.03939675 -0.877914731 5.51974898 -3.25576994 4.19893364 0.994750314 -0.601881206 6.74442951 -4.9559999 4.7328149 1.36246744 5.30704828 -13.1181525 1.4878393 3.09531825 -4.6072888 -2.1444659 -6.23028763 1.59494158 6.91688171 5.00819354 0.253258248 -1.71876709 5.61329954 1.63989828 4.67976853 0.730979335 2.12193325 0.713227318 -1.39859934 -0.143978144 -9.97736191 4.14726299 -0.875367489 4.72731445 -3.89958729 0.393761046 1.78275098 1.15645567 3.65277151 -4.46627698 -2.41356411 -0.116181559 1.34428945 -1.31788734 -1.00649198 -5.29887941 6.13505251 0.379215304 3.39742967 -3.40130969 1.86428205 -1.13363138 8.57468468 4.03412862 4.92015663 6.83436712 0.243515733 0.978361526 1.79083839 -7.66457645 -1.96591962 -0.866105661 3.35794563 1.92340045 -1.1350512 -6.42399952 0.985811543 -1.53935744 -0.161965791 5.13393883 1.87887845 -1.1851893 -0.779398611 3.08791363 0.664562057 -9.57110527 -3.09527093 0.505859225 -0.31363688 0.693485215 -1.28256143 2.2145381 -2.26223123 3.28755115 -0.596209204 5.10923828 1.18534692 0.204140591 -4.22687977 7.20585922 2.52223289 2.1334538 -2.15852802 3.11426268 -0.734694664 -0.163800616 -0.758608415 2.72753549 -0.724894037 -1.72749704 2.04950437 -0.350843866 -1.81736265 -0.289057369 2.1334538 -0.320701073 0.349300903 0.425047216 1.9827383 -0.317199967 4.65815063 5.53753223 0.60905012 -1.93027681 1.49974652 -0.507139623 -10.8592167 0.345283898 -0.235273528 0.129700836 5.34304235 0.891547743 -5.08454967 0.977338492 5.89604928 -5.44281617 1.12421144 2.80090801 -1.52140765 -0.911223358 -3.11606362 -4.13936954 -3.06152671 2.6043448 4.12426951 -1.46726404 -0.485325277 -5.29771242 -1.17805885 -2.15838496 -2.45858001 -1.757987 -1.5481374 -0.17779805 2.4404448 3.15053091 -1.36837748 4.11589213 1.64699043 3.2509965 7.48394014 -2.90892074 3.35265863 3.07550699 -3.18144638 -4.36927655 3.20187573 -11.0587552 0.856785773 -0.268606114 0.463011889 -4.9559999 -2.1444659 7.11994728 0.399880453 1.22295076 5.42450962 3.87912171 2.14837962 -2.02298585 -0.250621669 -0.317576006 2.16068969 4.20225576 1.53408585 3.84105509 0.817287913 3.66682015 0.855432655 1.51512423 3.58785298 -4.32892075 1.85896726 3.42670186 1.4878393 -2.88679434 0.63299554 -0.379290843 0.788463571 3.61959318 0.694881816 3.85811978 2.09737921 3.37122317 -1.70010948 -2.52485523 1.24909108 -4.42511876 1.68460446 -5.79288538 -1.71381662 -4.44804716 -2.4196245 0.331514172 0.910481475 1.14436875 1.39445748 0.917008632 -4.43278333 1.34526793 -0.659869194 -3.8115377 -0.363991525 2.31779946 -0.703086463 2.95012704 -1.29959597 -3.06353179 1.54670849 4.13563146 -13.0615119 -1.04474843 0.580171048 8.01486469 0.826093361 -2.81197163 -1.46000876 0.606046555 -9.15867837 -9.62984623 1.95879522 1.22921616 -2.52485523 -1.51659875 -9.87862214 2.21949788 -3.49067471 -3.49067471 5.24001657 0.806025892 -0.111500297 -4.11191367 0.617255643 -8.45244338 -3.31116912 -0.275843209 6.12325426 -1.23539103 -3.49155725 -7.24738853 -2.00417062 0.427892175 -0.612077826 -5.24263265 -0.0922154339 1.96228331 -0.204751929 -4.26342892 -0.480594556 2.37783058 -5.29683548 1.32544033 2.52977792 -11.4490137 4.70728284 -8.40859306 0.242982307 -1.71968824 1.56804475 -1.82938465 -3.07768811 0.511532499 4.14726299 4.13017711 -0.517914871 -3.14527432 1.91435446 -0.897786627 0.924623827 -2.00417062 5.12341824 3.80670057 4.54144989 1.26417024 -1.78713128 2.10394571 1.3921111 0.0347916682 7.3886156 -0.683964003 0.717358838 -5.21700174 -5.69937338 4.33621003 -2.87128117 0.829613382 1.35717616 -3.30297571 2.21568338 1.9827383 2.48579015 -1.03751676 -0.602494146 -1.80319952 1.41240996 -0.969205052 2.70735769 0.0438701667 7.34688274 5.42656037 2.44895194 0.0217114797 5.10877402 6.9169405 0.00261189364 -1.79136664 -1.25582312 0.846568206 1.81419311 -1.26364167 -2.84558347 -3.86412294 -3.31759387 0.784690339 0.231890336 6.98208113 -2.24334216 -0.909393071 -3.23723929 -1.2116362 -3.98965699 0.330104893 1.26417024 0.335367469 -6.9301632 -1.98705757 5.01649583 2.31465322 -1.9684305 -0.231121661 -1.38028523 -3.47736205 -3.98200149 4.79668241 6.80170565 1.12783674 0.161617067 1.30291665 -1.69179207 -2.31586603 4.96311017 -5.49134401 -2.94579156 -3.6532286 -0.0373610569 1.14129051 -1.03580888 3.80056447 5.57248718 0.856881396 -4.73029201 1.56502728 -0.521784222 0.297518419 1.52511816 -3.76316147 6.65142257 -5.76367827 3.66909968 -0.760350437 2.05134558 -1.31788734 -9.08255826 4.68703063 0.230610572 0.303291605 2.89619539 3.17971241 -13.7464678 1.47025334 3.85875854 0.785479643 -1.69314067 -1.2440085 0.382841794 -0.944486872 -2.52638831 -1.50993238 3.67497216 1.23149797 0.705752394 1.01336012 5.11490171 5.08756098 5.37539687 1.09419268 -0.0953418049 -0.226430137 1.64360608 5.12441756 2.66471197 1.33074732 -2.27286091 -2.7910247 0.347001482 2.2538434 -3.31656834 9.01388442 -3.96716791 -5.90980603 -1.38887482 0.669006852 -1.43296235 0.838516561 1.03738749 -0.0727023381 -2.05590168 0.950690522 -0.736338126 -0.396640622 -2.45757302 0.195426504 2.77207261 -0.617433843 -4.69718254 3.84188975 1.67916864 1.36043893 2.00578908 -3.74634337 -1.75484965 0.0850084294 -1.62368362 0.18428757 -1.31246117 -0.540522719 -4.41489579 -1.99627418 4.01315828 2.06155068 1.57696226 1.8214858 2.45624829 0.626241759 4.17388213 5.3990548 -0.495364598 -0.796986277 0.37297111 2.68374286 7.67755531 2.86081393 -5.02675841 1.82759351 -0.0231299592 5.58762682 -0.623937851 -6.0728695 -5.16073076 1.94394074 0.664562057 -0.920421371 0.453473986 2.53113202 -5.02636129 -0.401037258 -4.05082371 1.74495327 -4.70887952 -1.44984682 -3.48946459 -1.01379017 0.444020199 0.732895929 0.368235721 -1.29330812 2.46398043 -0.705707548 -1.33420433 -1.83611546 -0.340181509 4.09245225 2.01235476 0.332923403 6.42796832 -7.20709534 -3.50267354 2.03836893 1.81719718 -4.46369278 -2.26176979 -0.495364598 3.25149536 2.00273221 -0.642494977 1.13984019 -4.37803886 2.12694309 -1.22080156 -2.79078846 -5.23753788 -0.579856612 3.66682015 -0.20336878 -1.07974702 2.01188258 -1.51097999 -3.11581373 3.65593831 4.1873054 -1.50764259 1.30291665 2.03140269 3.49690376 0.727756765 -0.946620545 11.0193194 -5.28621669 -1.41650998 1.87587512 4.18527468 -2.11618887 -2.36573818 6.67337908 6.07816255 0.319578515 -6.82241478 5.99440073 2.36885481 0.606053211 -5.47986339 -0.72522014 1.44423857 2.35054814 3.17971241 0.856807758 1.11198061 -2.27403411 -1.01337468 1.43049683 0.0142775214 1.66304062 1.96625645 1.27868883 7.56209067 -5.30005298 -2.87195659 1.14328942 -1.68689413 -5.35383629 -2.87933773 4.64044439 6.54696539 3.42615203 -1.01337468 4.40610391 3.2797718 -5.68151595 -2.12135102 -4.58435781 3.83300473 -0.0142965453 3.94906192 -0.700101368 1.51184034 -9.21001983 -13.1084076 -3.54401194 2.18270023 1.53510205 -0.254300574 5.46514984 -0.720433037 3.97778116 -3.34216587 -1.9945754 0.330541578 0.772305079 1.39940654 -0.0350460572 0.565980013 -1.0504825 0.289429242 -0.871813937 1.00238889 0.361080828 -2.31398877 7.99573766 -0.478625634 5.07324547 -0.791915359 -5.61108706 -0.824073861 -0.024337268 4.43059472 -4.14042086 1.45725389 3.39416064 4.68985482 5.26578013 0.734293789 -4.52208956 0.152285043 -3.35536654 3.14609658 0.547224363 -0.214175248 3.18997402 1.27627067 -10.8592167 1.97662998 4.27934546 -7.68152863 -1.91398648 6.39937309 -2.97960892 -2.9135842 1.7430303 0.0851388766 -1.05592921 -3.91193792 4.01330213 -2.52433648 4.21044716 2.7966312 -1.35200775 3.51786148 -1.97942908 -4.62514834 3.3610144 5.25619003 -2.22537748 0.360679231 -4.18307746 4.6018594 1.56629641 -8.98601514 0.857609434 1.09020077 -2.65121249 -0.177702886 0.682490689 -3.77390564 3.42047465 3.1114881 -0.327889085 -0.245412284 3.43425655 1.23149797 -5.02668637 1.78186311 -5.41177158 -3.63789375 -1.14056278 1.35717616 -4.25630191 -3.57868721 0.350713315 -0.976925273 -0.391629856 -0.440306143 0.229521239 6.01803774 3.50896872 -0.853752081 -2.2656963 -1.15225736 0.875712484 0.741275155 1.70052181 -2.02078171 0.262749428 -1.20857062 -3.07472357 -2.73476024 -11.2720169 3.62139777 -1.46286814 0.615672486 6.13505251 1.46210986 -2.58658104 -1.0147845 -3.22816156 0.141822829 0.160936601 2.29261146 0.283945299 3.53298067 -0.204751929 -0.757044751 4.25302897 0.754547995 5.47275343 4.17645443 -2.97979486 0.926521975 3.62139777 -2.21409887 -3.16421045 3.83818692 -0.399685227 -0.130317876 0.0477845458 4.85346556 -2.28047721 1.6936809 -2.05732322 -5.74731579 6.52695687 -1.57159443 5.919726 -2.59916117 -6.27873949 -5.01439667 -0.956447847 0.307972071 -1.20233646 0.0298040803 2.09737921 0.231890336 3.59294448 -2.59033897 7.40898237 2.515004 0.330712974 5.24586613 1.37204537 -0.0278009851 -1.1793624 -0.570339788 -3.1341355 0.512040326 -11.8857127 -0.87186094 -0.0856915197 -2.67388891 3.03939675 -2.79920411 1.36736168 3.90829129 4.63038841 -4.93918814 4.29390462 0.548643289 -4.32892075 0.125655247 0.669006852 -4.08741203 -1.12988719 -3.21180526 -0.489076791 -0.882134688 -0.191687189 2.82715725 -0.102086118 -4.20693638 -6.26548643 1.46015152 4.24564535 6.76332724 -2.84896792 -0.0727023381 -3.54367505 4.13670658 6.39151564 7.8461618 6.28147471 -0.818571845 3.04215811 2.11820925 -3.71953886 -0.186013915 6.14419574 -1.12988719 -0.565295092 -0.29761269 -4.3169195 -5.36599976 -1.84566253 -5.65345479 -1.71268394 2.01188258 0.205222215 -0.898166779 0.283945299 0.67357198 2.93163215 5.7097296 -2.46839122 6.39936419 0.712050489 1.69957873 1.44423857 -0.109469992 2.11611665 -1.29959597 -0.494964512 1.86428205 1.92140097 -3.0171998 -0.780221361 2.14961229 1.78763346 2.20218739 2.52977792 0.932761711 -6.60897924 2.18320633 -0.835480878 6.37430216 -1.65130863 2.14599112 -0.0448605478 -0.680859467 0.698396914 3.77987322 -1.63472764 -1.9800762 -2.17295102 0.347035218 -1.76218727 -0.932785223 -5.39016197 0.181571757 -1.77469462 -3.86008206 -0.966516235 -0.805465798 2.92775393 -0.957776432 0.52631565 0.737191899 -0.179801478 -4.43519224 -1.49285187 2.03950374 -2.54343274 3.64647323 -0.451643529 5.46514984 -1.20953126 -2.31350565 -5.2579776 1.72512559 3.06765033 6.68995048 -2.70943437 5.57776352 -0.532800861 0.357099377 -0.719813786 -3.26969206 2.21910532 1.6781799 -2.09297471 -13.0639412 -4.14588895 1.30684627 -5.53137271 -4.80610501 5.97967271 -2.60476952 -4.37262006 -0.758608415 6.98469578 -1.25961473 0.189341956 -0.780142517 0.0298040803 5.92174673 -0.981787271 1.47781627 -2.37230482 2.38090417 3.85875854 -0.651112354 4.36181234 -8.00254315 1.58436695 5.92643548 1.83556958 -3.09019697 -1.23263064 -2.95742024 -2.20073035 -2.06661508 -1.76012292 -4.69703878 -2.2987176 -3.59282449 -5.42372289 -0.774736439 0.0240951414 0.995253694 2.98124982 5.1469845 -2.29224636 -3.49067471 3.47918557 2.2869204 -0.890613429 2.78756577 -1.35275596 3.8739315 1.22951922 0.0273548613 -5.39016197 -1.61834712 2.89566783 -0.479206106 -0.00514233416 3.51650933 -0.983270497 4.21566891 0.372233937 -0.167301201 2.61921418 1.97587344 1.22921616 2.48399481 0.138300988 -1.4682342 -2.37230482 -2.11180962 -3.81084856 -0.801015145 -7.46503876 0.01986653 0.2797022 -0.0957663067 4.0045663 -1.6590333 2.04732909 2.20819696 -1.99630154 0.196666043 3.06782907 5.07474745 5.99440073 5.60212105 -0.103705564 1.97148413 0.125938005 -0.349879711 2.0451674 -4.72841457 3.70443349 -2.26438241 -1.74556973 0.562814009 -0.487143307 1.84227426 -2.03148519 -1.86459627 4.07295558 0.344283516 -1.83752665 1.87912899 -1.3866545 0.737191899 -0.570339788 -2.26206455 -3.44368622 -0.377575487 -2.67706083 -0.46273725 1.62591599 -0.911223358 2.5688467 2.62086113 -5.50810158 -2.30031253 1.0209732 -1.31099284 1.00937026 0.713738071 -2.1172553 -3.28525981 -6.5256098 2.45300579 -1.8406838 -3.00095359 -0.167301201 5.53753223 -0.893741292 0.549851989 -0.280353172 5.71843648 -6.67419649 0.364453242 -1.97894201 -1.62236054 2.1893644 -0.976925273 5.2087836 2.5136131 1.12783674 1.36043893 -1.99475139 2.78076523 0.966613063 3.59999596 -0.136484801 -2.73898224 3.39351762 1.71588635 0.641045151 2.70377718 -4.8836276 -0.543363818 8.38448976 0.530348748 1.15335572 -0.176520874 -4.1138084 2.89860965 -2.40555965 -5.21517978 -0.316027015 -1.52140765 -1.04879876 7.78279963 4.27203729 -12.9623246 6.02452656 1.20982827 3.46223624 -0.540652639 3.29076224 -0.230289854 3.0090145 -0.104758461 -7.4270158 -3.55461712 1.93212389 -1.03455279 -5.61645311 1.35717616 2.89070505 0.728208981 -2.68423918 1.21308813 2.15895165 4.72731445 -1.25088639 3.7697743 3.4190988 -5.07248996 -0.571120398 0.615672486 -1.3249425 -1.74030355 -0.344344156 -1.81399273 -0.930737839 -0.212837191 4.91173983 -6.36561927 0.538786642 2.05134558 1.6182033 -2.10092525 2.07275038 0.717358838 0.607591378 -7.46503876 5.79667979 3.9828387 -6.64438041 -9.46438074 0.420959835 1.85896726 -0.526482763 2.95065629 7.74731182 -0.430728305 1.83371322 -1.1793624 3.34821761 -3.81316309 5.58531653 -1.45709572 0.629219874 0.392078391 0.353898072 -3.13941402 -3.59282449 0.736190437 2.51272922 3.08927903 -0.512859521 2.61908403 6.55348261 2.65436258 -9.14618531 -2.12158654 -0.00514233416 -0.803274085 1.09419268 -10.4317328 -0.191687189 -0.272224453 3.80571947 -2.18178855 1.51184034 -5.52402363 4.63884386 1.78186311 -7.85231323 0.742882964 0.0436281352 -2.59731801 -1.69314067 -0.596209204 0.879389821 -1.99251708 -2.50885601 0.534862069 -1.41731764 1.71423477 0.722746693 0.606046555 5.39799769 0.239058022 -0.85499261 -4.9371416 4.49614717 -1.86459627 -5.00839193 0.697776549 1.00294626 0.793433428 -0.554493535 -1.36800091 2.69511185 -0.850913091 -3.68288656 -7.15190667 -1.51333499 0.733265063 -2.30768675 2.0536832 -1.32114775 2.43421255 0.296323446 1.33753272 -1.14056278 -0.793823601 0.593198998 3.20937325 -0.322314822 0.531853654 -6.14420727 -2.19671274 -0.779398611 -5.2612847 9.34473286 -3.96624396 9.63031107 2.23652308 2.72700793 0.550459086 1.46513325 0.857609434 -0.437986829 2.24277111 1.76546435 -1.42667455 -1.00994628 1.34859403 1.03864488 2.28353473 -4.26533865 -1.20953126 7.73786676 4.0898604 1.51621491 -3.25034952 -4.56660264 -1.92979131 3.09123764 0.086644722 2.06927943 -2.30933242 -3.00701315 2.41701451 -3.46399858 -3.62959536 3.76149238 -0.586673863 -7.98187407 -9.05342704 0.679344556 2.76531143 3.08288893 10.7234651 -2.21181034 2.42250329 1.90849226 -1.73153628 -2.98780166 5.93919201 -1.12725946 -1.74850113 -0.237937415 1.01336012 -2.34760958 5.63501299 -1.69314067 1.0020769 -9.01690835 -4.02731222 0.471997296 0.733265063 -2.29806117 1.61904786 1.85078531 2.02920177 -3.03393251 -2.97765626 2.48579015 5.53753223 -3.16879402 0.43163814 -4.48882889 -0.90258635 -1.9759027 0.624771326 -0.48244237 3.24411392 1.22924662 -0.427769754 -3.31180051 5.12104359 4.44442452 -5.80358024 -3.90814734 5.25473091 3.62139777 -1.79546031 4.79399049 4.74444422 -2.43226758 9.21336475 5.53753223 -0.332233267 -0.302972735 5.88675089 0.849318225 3.0090145 0.307972071 -2.4642296 -1.94895664 -1.22450834 -7.37640923 -0.565406496 1.33704677 -1.57842974 -0.16034593 4.41263135 3.85335742 -7.41140088 0.872716361 8.26123927 -4.44130232 6.9029048 -1.37584221 -1.15063754 -2.58563701 -3.7291111 3.38377162 4.3452461 4.1873054 3.56559879 2.64569965 1.54649797 1.60034532 5.7366591 1.12051756 -0.540652639 -3.25576994 0.912256831 1.35717616 -1.46125283 -0.913386297 -4.74816671 -0.125881698 4.12094223 -5.66561551 2.21568338 1.45336985 -4.5295558 7.45095842 -4.62083765 4.53667245 1.09700029 -4.60229783 4.50386207 1.11336001 -1.59741246 1.22924662 -4.05805513 -3.48206347 5.19754244 3.08791363 -2.89666843 -0.359424205 -2.27493174 1.79365021 5.05324521 -0.968359007 0.761583629 -4.92795536 -3.59347592 -2.48547463 -2.40513103 -0.968359007 -1.2203682 -2.27286091 -0.447941568 -1.43270973 6.10855999 -0.929444924 0.538786642 -6.72710934 -3.12800207 -0.556432563 1.46210986 -2.83895967 -1.59469171 -2.84558347 0.565980013 2.98063786 -7.20901801 -2.2349492 0.222929998 4.93497949 -8.39545767 -3.69663602 -0.979729294 0.193657635 -3.90293909 1.5998888 -1.87156257 -4.15053991 -1.29518876 -1.61834712 3.20875776 -5.75145848 -6.67495933 -4.34379738 1.78763346 -4.61808626 3.65277151 5.34262112 -2.39249403 0.286729532 1.62591599 -2.10092525 1.1542408 -1.54850832 3.20868631 1.6259072 -2.94579156 -1.69314067 0.0169343614 5.43206624 -3.3701175 -2.14133057 -4.67907054 1.51266245 8.20891438 -8.3268664 -0.602827855 -0.911223358 1.68867083 8.62206516 1.29811959 -4.00463659 3.80056447 1.66947664 -3.20241018 1.33772607 4.10644713 1.1066236 -2.72554575 6.22127081 1.4134106 1.23244777 -0.500174505 -6.9177976 -4.26533865 -2.47765305 -1.96742488 -1.1369577 -0.103705564 3.52304641 -4.62083765 3.04839939 -3.36286343 2.17565398 -0.254938775 2.0536832 -4.26052337 1.93502363 -5.87559853 2.80453079 -1.97889851 -4.18523847 -1.43270973 1.50283234 0.134416219 1.76636374 3.54602706 5.87403618 1.70052181 -0.788959394 1.30291665 2.64871217 4.82504592 -0.157398049 -3.44264956 -1.29663232 3.61809659 2.26244695 -0.366144939 3.74029879 5.11921881 5.07578634 2.89619539 0.36510349 0.229671834 0.601986806 3.50904259 -1.09081788 -2.73575418 -1.55916577 -3.42606658 3.47569071 10.5441549 2.32023359 -8.99739986 -0.316027015 -2.05218842 -0.266120257 -6.75895135 2.59559259 -1.70115519 0.0430542493 3.72398776 2.21568338 -3.96299858 -2.72554575 -1.94438863 -1.72158349 3.02452101 3.54282904 5.94541469 2.08032083 1.74495327 -3.18503863 2.01188258 -3.40537899 1.09020077 -0.437986829 4.55017694 6.28147471 0.843701247 -7.04367425 -3.16689502 2.46398043 -2.15860166 8.06030866 0.0622058421 -4.48669625 -0.97742738 -0.0253330497 2.66471197 4.66878849 0.727756765 -2.87933773 -2.09482737 1.22295076 -9.63862607 4.34607962 -0.231322666 -0.490118012 -3.166236 -2.75120029 -12.3622032 3.49690376 -2.00039936 2.52977792 11.8913125 -3.75624117 -5.95260427 -5.4663631 -3.88631626 2.34719571 1.63083194 -1.35142872 -4.6124761 -5.01331717 1.71781511 -1.93865328 -1.15335295 1.92007334 -3.54914788 1.37204537 -0.495533179 0.283945299 3.0090145 4.80785055 -2.84647684 3.36496747 0.527678729 1.14246409 3.40730802 -1.47536465 -2.7161028 -3.65777405 -2.48689755 -4.86945654 3.43425655 -0.322314822 -4.41489579 1.36942293 -0.382561248 4.60222281 1.00294626 -7.4687823 2.69202476 -1.81526433 1.38902122 -0.280353172 -0.43209962 -4.39166733 -0.259669719 -1.25145765 -3.41726618 2.24141027 0.196297741 2.66471197 -5.6431112 -0.373488434 2.16032875 1.82652444 0.453473986 -1.04474843 4.34435298 3.67916997 -4.91246204 -1.9759027 0.0549893019 3.23414134 -1.99695763 4.61804356 -4.46627698 -1.10787732 2.23388731 4.81079098 3.32340858 1.96624105 2.27742612 2.35998061 4.16805576 6.17717304 2.01387816 2.46398043 4.26902184 0.692182334 -5.36438295 -3.87512146 3.33394245 -0.710102026 -0.634447304 0.908436702 -3.14867763 6.18129591 -3.0323599 3.18777328 0.396255158 -0.306506432 -1.14350653 -0.72659433 -0.637492743 0.0501402804 7.77569136 -1.01062884 -1.81130683 -0.856761769 5.42776099 -0.0815832206 3.7309061 -2.28820609 9.08160416 -4.75500819 -2.97068907 3.60924393 0.125655247 1.46190968 -2.52918962 2.4509546 -3.38955033 -4.01162921 -4.30457146 0.744369604 3.27751364 -0.225600448 -2.85913649 -2.34868148 -1.19969172 6.36014497 -0.149527125 -0.432268392 -0.463817612 0.158968494 -5.36315817 1.59030208 -1.9684305 1.44867199 -5.6431112 -0.102086118 -1.61344728 -7.0273029 6.41934641 1.56666262 3.16216884 -0.351787953 5.72569419 2.56810935 2.09737921 -3.8663973 -0.996791514 -1.88441331 -0.237735588 -0.301395031 -0.380204735 0.745307942 4.68700969 -2.34503739 0.51319195 3.59716868 -2.64591076 -10.9688241 -1.63618832 0.197289354 0.973801985 -2.199277 -4.24003611 6.04509119 -3.03393251 3.88738681 -10.3139935 3.15867883 -0.206695974 3.98965112 -1.74581575 1.30456828 -0.335348005 4.37101023 -1.25322947 2.60515775 5.28196283 3.93343904 -0.595368924 -0.718879737 -1.959599 -3.44264956 2.93928162 -4.86479409 4.18014266 3.5540732 6.7227235 -0.360820046 -0.384952705 0.162770952 -5.86210723 6.11184792 4.50039123 -0.298346327 2.39232278 -2.14842302 -5.29771242 -4.50431162 0.369056462 -1.4255771 5.21036149 -2.34868148 5.45692265 -9.11084518 -1.55707988 -0.681871506 1.4459294 0.540821283 0.649768306 -2.92731675 0.0671796159 -0.485325277 0.617228785 -0.847289816 1.07841071 3.35251198 -0.204751929 2.14958182 -3.70338037 -3.77822795 0.350989832 0.161774216 -1.32123986 -2.57582875 -0.104758461 -2.88886234 -5.20163533 2.73147796 -2.29744761 -8.07806036 -5.50363371 3.03939675 -1.33513591 -7.41140088 -4.65039492 0.0670193232 1.27977382
