W0930 08:09:12.020000 4026 torch/_inductor/utils.py:1953] [0/0] Not enough SMs to use max_autotune_gemm mode
Traceback (most recent call last):
  File "/Users/ec2-user/mojolearn-wt/steward-m2pro/tools/bench_board_neural.py", line 1409, in worker
    runner.call()
    ~~~~~~~~~~~^^
  File "/Users/ec2-user/mojolearn-wt/steward-m2pro/tools/bench_board_neural.py", line 1309, in call
    loss = self.fn(*inputs)
  File "/Users/ec2-user/board-resume/cache/venv/lib/python3.13/site-packages/torch/_dynamo/eval_frame.py", line 511, in __call__
    return super().__call__(*args, **kwargs)
           ~~~~~~~~~~~~~~~~^^^^^^^^^^^^^^^^^
  File "/Users/ec2-user/board-resume/cache/venv/lib/python3.13/site-packages/torch/nn/modules/module.py", line 1778, in _wrapped_call_impl
    return self._call_impl(*args, **kwargs)
           ~~~~~~~~~~~~~~~^^^^^^^^^^^^^^^^^
  File "/Users/ec2-user/board-resume/cache/venv/lib/python3.13/site-packages/torch/nn/modules/module.py", line 1789, in _call_impl
    return forward_call(*args, **kwargs)
  File "/Users/ec2-user/board-resume/cache/venv/lib/python3.13/site-packages/torch/_dynamo/eval_frame.py", line 1183, in compile_wrapper
    raise e.remove_dynamo_frames() from None  # see TORCHDYNAMO_VERBOSE=1
    ^^^^^^^^^^^^^^^^^^^^^^^^^^^^^^^^^^^^^^^^
  File "/Users/ec2-user/board-resume/cache/venv/lib/python3.13/site-packages/torch/_inductor/compile_fx.py", line 1079, in _compile_fx_inner
    raise InductorError(e, currentframe()).with_traceback(
        e.__traceback__
    ) from None
  File "/Users/ec2-user/board-resume/cache/venv/lib/python3.13/site-packages/torch/_inductor/compile_fx.py", line 1059, in _compile_fx_inner
    mb_compiled_graph = fx_codegen_and_compile(
        gm,
    ...<3 lines>...
        **graph_kwargs,
    )
  File "/Users/ec2-user/board-resume/cache/venv/lib/python3.13/site-packages/torch/_inductor/compile_fx.py", line 1847, in fx_codegen_and_compile
    return scheme.codegen_and_compile(gm, example_inputs, inputs_to_check, graph_kwargs)
           ~~~~~~~~~~~~~~~~~~~~~~~~~~^^^^^^^^^^^^^^^^^^^^^^^^^^^^^^^^^^^^^^^^^^^^^^^^^^^
  File "/Users/ec2-user/board-resume/cache/venv/lib/python3.13/site-packages/torch/_inductor/compile_fx.py", line 1608, in codegen_and_compile
    compiled_module = graph.compile_to_module()
  File "/Users/ec2-user/board-resume/cache/venv/lib/python3.13/site-packages/torch/_inductor/graph.py", line 2669, in compile_to_module
    return self._compile_to_module()
           ~~~~~~~~~~~~~~~~~~~~~~~^^
  File "/Users/ec2-user/board-resume/cache/venv/lib/python3.13/site-packages/torch/_inductor/graph.py", line 2679, in _compile_to_module
    mod = self._compile_to_module_lines(wrapper_code)
  File "/Users/ec2-user/board-resume/cache/venv/lib/python3.13/site-packages/torch/_inductor/graph.py", line 2754, in _compile_to_module_lines
    mod = PyCodeCache.load_by_key_path(
        key,
    ...<6 lines>...
        },
    )
  File "/Users/ec2-user/board-resume/cache/venv/lib/python3.13/site-packages/torch/_inductor/codecache.py", line 4622, in load_by_key_path
    mod = _reload_python_module(key, path, set_sys_modules=set_sys_modules)
  File "/Users/ec2-user/board-resume/cache/venv/lib/python3.13/site-packages/torch/_inductor/runtime/compile_tasks.py", line 35, in _reload_python_module
    exec(code, mod.__dict__, mod.__dict__)
    ~~~~^^^^^^^^^^^^^^^^^^^^^^^^^^^^^^^^^^
  File "/var/folders/yg/bbv_7zcs2xxbrlxky67lkl4c0000gn/T/torchinductor_ec2-user/oa/coalvuh2kil5nw52xbfbm2d7rhx5hky66kntlecbd6eda77juddg.py", line 18850, in <module>
    async_compile.wait(globals())
    ~~~~~~~~~~~~~~~~~~^^^^^^^^^^^
  File "/Users/ec2-user/board-resume/cache/venv/lib/python3.13/site-packages/torch/_inductor/async_compile.py", line 823, in wait
    scope.update(compile_mps_shaders(self._metal_sources))
                 ~~~~~~~~~~~~~~~~~~~^^^^^^^^^^^^^^^^^^^^^
  File "/Users/ec2-user/board-resume/cache/venv/lib/python3.13/site-packages/torch/_inductor/runtime/runtime_utils.py", line 213, in compile_mps_shaders
    lib = compile_mps_shader(header_src + "\n" + body_src)
  File "/Users/ec2-user/board-resume/cache/venv/lib/python3.13/site-packages/torch/_inductor/runtime/runtime_utils.py", line 193, in compile_mps_shader
    raise SyntaxError(f"failed to compile {source} with {err.msg}") from err
torch._inductor.exc.InductorError: SyntaxError: failed to compile #include <c10/metal/error.h>
#include <c10/metal/reduction_utils.h>
#include <c10/metal/utils.h>


    kernel void generated_kernel_0(
        device long* out_ptr0,
        uint xindex [[thread_position_in_grid]]
    ) {
        int x0 = xindex;
        auto tmp0 = x0;
        auto tmp1 = static_cast<long>(tmp0);
        out_ptr0[x0] = static_cast<long>(tmp1);
    }




    kernel void generated_kernel_1(
        device bool* out_ptr0,
        uint xindex [[thread_position_in_grid]]
    ) {
        int x0 = (xindex) % (64);
        int x1 = c10::metal::floor_divide(xindex, 64);
        int x2 = xindex;
        auto tmp0 = x0 + ((-1)*x1);
        auto tmp1 = static_cast<long>(tmp0);
        auto tmp2 = -1;
        auto tmp3 = tmp1 <= tmp2;
        auto tmp4 = true;
        auto tmp5 = tmp3 && tmp4;
        out_ptr0[x2] = static_cast<bool>(tmp5);
    }




    kernel void generated_kernel_2(
        device bfloat* out_ptr0,
        constant float* in_ptr0,
        uint xindex [[thread_position_in_grid]]
    ) {
        int x0 = xindex;
        auto tmp0 = in_ptr0[x0];
        auto tmp1 = static_cast<bfloat>(tmp0);
        auto tmp2 = static_cast<bfloat>(tmp1);
        auto tmp3 = static_cast<bfloat>(tmp2);
        out_ptr0[x0] = static_cast<bfloat>(tmp3);
    }




    kernel void generated_kernel_3(
        device bfloat* out_ptr0,
        uint xindex [[thread_position_in_grid]]
    ) {
        int x0 = xindex;
        auto tmp0 = 0.0;
        out_ptr0[x0] = static_cast<bfloat>(tmp0);
    }




    [[max_total_threads_per_threadgroup(384)]]
    kernel void generated_kernel_4(
        device float* out_ptr0,
        device float* out_ptr2,
        device bfloat* out_ptr3,
        constant long* in_ptr0,
        constant float* in_ptr1,
        constant float* in_ptr2,
        device c10::metal::ErrorMessages* error_buf,
        uint2 thread_pos [[thread_position_in_grid]],
        uint2 group_pos [[thread_position_in_threadgroup]]
    ) {
        auto xindex = thread_pos.x;
        auto r0_index = thread_pos.y;
        int x0 = xindex;
        int r0_1 = r0_index;
        threadgroup float tmp_acc_0[12];
        auto tmp0 = in_ptr0[x0];
        if ((tmp0 < 0 || tmp0 >= 256)) {
            TORCH_REPORT_ERROR(error_buf, "Index ", tmp0, " out of range [0, ", 256, ")");
            return;
        }
        auto tmp1 = in_ptr1[r0_1 + 384*tmp0];
        out_ptr0[r0_1 + 384*x0] = static_cast<float>(tmp1);
        auto tmp2 = tmp1 * tmp1;
        auto tmp3 = c10::metal::threadgroup_sum(tmp_acc_0, tmp2, r0_index * 1, 384);
        auto tmp4 = 0.0026041666666666665;
        auto tmp5 = tmp3 * tmp4;
        auto tmp6 = 1e-05;
        auto tmp7 = tmp5 + tmp6;
        auto tmp8 = metal::precise::sqrt(tmp7);
        out_ptr2[x0] = static_cast<float>(tmp8);
        auto tmp9 = in_ptr2[r0_1];
        auto tmp10 = 1.0;
        auto tmp11 = tmp10 / tmp8;
        auto tmp12 = tmp11 * tmp10;
        auto tmp13 = tmp1 * tmp12;
        auto tmp14 = tmp9 * tmp13;
        auto tmp15 = static_cast<bfloat>(tmp14);
        auto tmp16 = static_cast<bfloat>(tmp15);
        auto tmp17 = static_cast<bfloat>(tmp16);
        out_ptr3[r0_1 + 384*x0] = static_cast<bfloat>(tmp17);
    }




    [[max_total_threads_per_threadgroup(128)]]
    kernel void generated_kernel_5(
        device float* out_ptr1,
        constant bfloat* in_ptr0,
        device c10::metal::ErrorMessages* error_buf,
        uint2 thread_pos [[thread_position_in_grid]],
        uint2 group_pos [[thread_position_in_threadgroup]]
    ) {
        auto xindex = thread_pos.x;
        auto r0_index = thread_pos.y;
        int r0_1 = r0_index;
        int x0 = xindex;
        threadgroup float tmp_acc_0[4];
        auto tmp0 = static_cast<float>(in_ptr0[1536 + r0_1 + 1860*x0]);
        auto tmp1 = static_cast<float>(tmp0);
        auto tmp2 = tmp1 * tmp1;
        auto tmp3 = c10::metal::threadgroup_sum(tmp_acc_0, tmp2, r0_index * 1, 128);
        auto tmp4 = 128.0;
        auto tmp5 = tmp3 / tmp4;
        auto tmp6 = 1e-05;
        auto tmp7 = tmp5 + tmp6;
        auto tmp8 = metal::precise::sqrt(tmp7);
        out_ptr1[x0] = static_cast<float>(tmp8);
    }




    [[max_total_threads_per_threadgroup(128)]]
    kernel void generated_kernel_6(
        device float* out_ptr1,
        constant bfloat* in_ptr0,
        device c10::metal::ErrorMessages* error_buf,
        uint2 thread_pos [[thread_position_in_grid]],
        uint2 group_pos [[thread_position_in_threadgroup]]
    ) {
        auto xindex = thread_pos.x;
        auto r0_index = thread_pos.y;
        int r0_1 = r0_index;
        int x0 = xindex;
        threadgroup float tmp_acc_0[4];
        auto tmp0 = static_cast<float>(in_ptr0[1664 + r0_1 + 1860*x0]);
        auto tmp1 = static_cast<float>(tmp0);
        auto tmp2 = tmp1 * tmp1;
        auto tmp3 = c10::metal::threadgroup_sum(tmp_acc_0, tmp2, r0_index * 1, 128);
        auto tmp4 = 128.0;
        auto tmp5 = tmp3 / tmp4;
        auto tmp6 = 1e-05;
        auto tmp7 = tmp5 + tmp6;
        auto tmp8 = metal::precise::sqrt(tmp7);
        out_ptr1[x0] = static_cast<float>(tmp8);
    }




    kernel void generated_kernel_7(
        device float* out_ptr0,
        constant bfloat* in_ptr0,
        constant float* in_ptr1,
        device c10::metal::ErrorMessages* error_buf,
        uint xindex [[thread_position_in_grid]]
    ) {
        int x1 = ((xindex) / (12)) % (512);
        int x0 = (xindex) % (12);
        int x2 = c10::metal::floor_divide(xindex, 6144);
        int x3 = xindex;
        auto tmp0 = x1;
        auto tmp1 = static_cast<long>(tmp0);
        auto tmp2 = 0;
        auto tmp3 = tmp1 >= tmp2;
        auto tmp4 = 511;
        auto tmp5 = tmp1 < tmp4;
        float tmp6;
        if (tmp5) {
            auto tmp_scoped0 = static_cast<float>(in_ptr0[3652 + x0 + 1860*(x1) + 952320*x2]);
            auto tmp_scoped1 = static_cast<float>(tmp_scoped0);
            auto tmp_scoped2 = in_ptr1[x0];
            auto tmp_scoped3 = tmp_scoped1 + tmp_scoped2;
            auto tmp_scoped4 = 20.0;
            auto tmp_scoped5 = tmp_scoped3 > tmp_scoped4;
            auto tmp_scoped6 = metal::precise::exp(tmp_scoped3);
            auto tmp_scoped7 = 1;
            auto tmp_scoped8 = tmp_scoped6 + tmp_scoped7;
            auto tmp_scoped9 = metal::precise::log(tmp_scoped8);
            auto tmp_scoped10 = tmp_scoped5 ? tmp_scoped3 : static_cast<decltype(tmp_scoped3)>(tmp_scoped9);
            tmp6 = static_cast<decltype(tmp6)>(tmp_scoped10);
        } else tmp6 = static_cast<decltype(tmp6)>(0.0);
        auto tmp7 = tmp1 >= tmp4;
        auto tmp8 = 512;
        auto tmp9 = tmp1 < tmp8;
        float tmp10;
        if (tmp7) {
            auto tmp_scoped0 = 0.0;
            tmp10 = static_cast<decltype(tmp10)>(tmp_scoped0);
        } else tmp10 = static_cast<decltype(tmp10)>(0.0);
        auto tmp11 = tmp5 ? tmp6 : static_cast<decltype(tmp6)>(tmp10);
        out_ptr0[x3] = static_cast<float>(tmp11);
    }




    kernel void generated_kernel_8(
        device float* out_ptr0,
        constant bfloat* in_ptr0,
        constant float* in_ptr1,
        device c10::metal::ErrorMessages* error_buf,
        uint xindex [[thread_position_in_grid]]
    ) {
        int x0 = (xindex) % (12);
        int x1 = c10::metal::floor_divide(xindex, 12);
        int x2 = xindex;
        auto tmp0 = static_cast<float>(in_ptr0[1804 + x0 + 1860*x1]);
        auto tmp13 = static_cast<float>(in_ptr0[1792 + x0 + 1860*x1]);
        auto tmp15 = in_ptr1[x0];
        auto tmp1 = 0.0;
        auto tmp2 = c10::metal::max(static_cast<decltype(tmp0+tmp1)>(tmp0), static_cast<decltype(tmp0+tmp1)>(tmp1));
        auto tmp3 = static_cast<float>(tmp2);
        auto tmp4 = c10::metal::min(static_cast<decltype(tmp0+tmp1)>(tmp0), static_cast<decltype(tmp0+tmp1)>(tmp1));
        auto tmp5 = 1.0;
        auto tmp6 = tmp5 - tmp4;
        auto tmp7 = static_cast<float>(tmp6);
        auto tmp8 = tmp5 / tmp7;
        auto tmp9 = tmp3 + tmp8;
        auto tmp10 = static_cast<decltype(tmp9)>(-tmp9);
        auto tmp11 = -0.0001;
        auto tmp12 = c10::metal::min(static_cast<decltype(tmp10+tmp11)>(tmp10), static_cast<decltype(tmp10+tmp11)>(tmp11));
        auto tmp14 = static_cast<float>(tmp13);
        auto tmp16 = tmp14 + tmp15;
        auto tmp17 = 20.0;
        auto tmp18 = tmp16 > tmp17;
        auto tmp19 = metal::precise::exp(tmp16);
        auto tmp20 = 1;
        auto tmp21 = tmp19 + tmp20;
        auto tmp22 = metal::precise::log(tmp21);
        auto tmp23 = tmp18 ? tmp16 : static_cast<decltype(tmp16)>(tmp22);
        auto tmp24 = tmp12 * tmp23;
        out_ptr0[x2] = static_cast<float>(tmp24);
    }




    kernel void generated_kernel_9(
        device float* out_ptr0,
        constant float* in_ptr0,
        device c10::metal::ErrorMessages* error_buf,
        uint xindex [[thread_position_in_grid]]
    ) {
        int x0 = xindex;
        auto tmp0 = in_ptr0[63 + 512*x0];
        auto tmp1 = metal::precise::exp(tmp0);
        out_ptr0[x0] = static_cast<float>(tmp1);
    }




    kernel void generated_kernel_10(
        device float* out_ptr0,
        constant float* in_ptr0,
        device c10::metal::ErrorMessages* error_buf,
        uint xindex [[thread_position_in_grid]]
    ) {
        int x0 = xindex;
        auto tmp0 = in_ptr0[127 + 512*x0];
        auto tmp1 = metal::precise::exp(tmp0);
        out_ptr0[x0] = static_cast<float>(tmp1);
    }




    kernel void generated_kernel_11(
        device float* out_ptr0,
        constant float* in_ptr0,
        device c10::metal::ErrorMessages* error_buf,
        uint xindex [[thread_position_in_grid]]
    ) {
        int x0 = xindex;
        auto tmp0 = in_ptr0[191 + 512*x0];
        auto tmp1 = metal::precise::exp(tmp0);
        out_ptr0[x0] = static_cast<float>(tmp1);
    }




    kernel void generated_kernel_12(
        device float* out_ptr0,
        constant float* in_ptr0,
        device c10::metal::ErrorMessages* error_buf,
        uint xindex [[thread_position_in_grid]]
    ) {
        int x0 = xindex;
        auto tmp0 = in_ptr0[255 + 512*x0];
        auto tmp1 = metal::precise::exp(tmp0);
        out_ptr0[x0] = static_cast<float>(tmp1);
    }




    kernel void generated_kernel_13(
        device float* out_ptr0,
        constant float* in_ptr0,
        device c10::metal::ErrorMessages* error_buf,
        uint xindex [[thread_position_in_grid]]
    ) {
        int x0 = xindex;
        auto tmp0 = in_ptr0[319 + 512*x0];
        auto tmp1 = metal::precise::exp(tmp0);
        out_ptr0[x0] = static_cast<float>(tmp1);
    }




    kernel void generated_kernel_14(
        device float* out_ptr0,
        constant float* in_ptr0,
        device c10::metal::ErrorMessages* error_buf,
        uint xindex [[thread_position_in_grid]]
    ) {
        int x0 = xindex;
        auto tmp0 = in_ptr0[383 + 512*x0];
        auto tmp1 = metal::precise::exp(tmp0);
        out_ptr0[x0] = static_cast<float>(tmp1);
    }




    kernel void generated_kernel_15(
        device float* out_ptr0,
        constant float* in_ptr0,
        device c10::metal::ErrorMessages* error_buf,
        uint xindex [[thread_position_in_grid]]
    ) {
        int x0 = xindex;
        auto tmp0 = in_ptr0[447 + 512*x0];
        auto tmp1 = metal::precise::exp(tmp0);
        out_ptr0[x0] = static_cast<float>(tmp1);
    }




    kernel void generated_kernel_16(
        device bfloat* out_ptr0,
        constant bfloat* in_ptr0,
        device c10::metal::ErrorMessages* error_buf,
        uint xindex [[thread_position_in_grid]]
    ) {
        int x0 = (xindex) % (32);
        int x1 = c10::metal::floor_divide(xindex, 32);
        int x2 = xindex;
        auto tmp0 = static_cast<float>(in_ptr0[1828 + x0 + 1860*x1]);
        auto tmp1 = metal::precise::tanh(tmp0);
        auto tmp2 = static_cast<bfloat>(tmp1);
        auto tmp3 = static_cast<bfloat>(tmp2);
        out_ptr0[x2] = static_cast<bfloat>(tmp3);
    }




    [[max_total_threads_per_threadgroup(128)]]
    kernel void generated_kernel_17(
        device float* out_ptr0,
        device bfloat* out_ptr1,
        device float* out_ptr2,
        device float* out_ptr3,
        constant bfloat* in_ptr0,
        constant float* in_ptr1,
        constant float* in_ptr2,
        constant float* in_ptr3,
        constant float* in_ptr4,
        constant float* in_ptr5,
        constant float* in_ptr6,
        constant float* in_ptr7,
        constant float* in_ptr8,
        device c10::metal::ErrorMessages* error_buf,
        uint2 thread_pos [[thread_position_in_grid]],
        uint2 group_pos [[thread_position_in_threadgroup]]
    ) {
        auto xindex = thread_pos.x;
        auto r0_index = thread_pos.y;
        int r0_2 = r0_index;
        int x1 = c10::metal::floor_divide(xindex, 12);
        int x0 = (xindex) % (12);
        threadgroup float tmp_acc_0[4];
        int x3 = xindex;
        auto tmp0 = static_cast<float>(in_ptr0[1664 + r0_2 + 1860*x1]);
        auto tmp2 = in_ptr1[x1];
        auto tmp7 = in_ptr2[r0_2];
        auto tmp9 = in_ptr3[r0_2 + 128*x0];
        auto tmp11 = static_cast<float>(in_ptr0[1536 + r0_2 + 1860*x1]);
        auto tmp13 = in_ptr4[x1];
        auto tmp17 = in_ptr5[r0_2];
        auto tmp19 = in_ptr6[r0_2 + 128*x0];
        auto tmp1 = static_cast<float>(tmp0);
        auto tmp3 = 1.0;
        auto tmp4 = tmp3 / tmp2;
        auto tmp5 = tmp4 * tmp3;
        auto tmp6 = tmp1 * tmp5;
        auto tmp8 = tmp6 * tmp7;
        auto tmp10 = tmp8 + tmp9;
        auto tmp12 = static_cast<float>(tmp11);
        auto tmp14 = tmp3 / tmp13;
        auto tmp15 = tmp14 * tmp3;
        auto tmp16 = tmp12 * tmp15;
        auto tmp18 = tmp16 * tmp17;
        auto tmp20 = tmp18 + tmp19;
        auto tmp21 = tmp10 * tmp20;
        auto tmp22 = c10::metal::threadgroup_sum(tmp_acc_0, tmp21, r0_index * 1, 128);
        if (r0_index == 0) out_ptr0[x3] = static_cast<float>(tmp22);
        auto tmp23 = static_cast<float>(in_ptr0[1816 + x0 + 1860*x1]);
        auto tmp31 = static_cast<float>(in_ptr0[1792 + x0 + 1860*x1]);
        auto tmp33 = in_ptr7[x0];
        auto tmp43 = in_ptr8[x0];
        auto tmp24 = 1;
        auto tmp25 = static_cast<decltype(tmp23)>(-tmp23);
        auto tmp26 = metal::precise::exp(tmp25);
        auto tmp27 = tmp24 + tmp26;
        auto tmp28 = tmp24 / tmp27;
        auto tmp29 = static_cast<bfloat>(tmp28);
        auto tmp30 = static_cast<bfloat>(tmp29);
        auto tmp32 = static_cast<float>(tmp31);
        auto tmp34 = tmp32 + tmp33;
        auto tmp35 = 20.0;
        auto tmp36 = tmp34 > tmp35;
        auto tmp37 = metal::precise::exp(tmp34);
        auto tmp38 = tmp37 + tmp24;
        auto tmp39 = metal::precise::log(tmp38);
        auto tmp40 = tmp36 ? tmp34 : static_cast<decltype(tmp34)>(tmp39);
        auto tmp41 = static_cast<float>(tmp30);
        auto tmp42 = tmp40 * tmp41;
        auto tmp44 = tmp22 * tmp42;
        auto tmp45 = tmp43 + tmp44;
        out_ptr1[x3] = static_cast<bfloat>(tmp30);
        out_ptr2[x3] = static_cast<float>(tmp42);
        out_ptr3[x3] = static_cast<float>(tmp45);
    }




    kernel void generated_kernel_18(
        device bfloat* out_ptr0,
        constant bfloat* in_ptr0,
        device c10::metal::ErrorMessages* error_buf,
        uint xindex [[thread_position_in_grid]]
    ) {
        int x1 = ((xindex) / (12)) % (512);
        int x0 = (xindex) % (12);
        int x2 = c10::metal::floor_divide(xindex, 6144);
        int x3 = xindex;
        auto tmp0 = x1;
        auto tmp1 = static_cast<long>(tmp0);
        auto tmp2 = 0;
        auto tmp3 = tmp1 >= tmp2;
        auto tmp4 = 511;
        auto tmp5 = tmp1 < tmp4;
        float tmp6;
        if (tmp5) {
            auto tmp_scoped0 = static_cast<float>(in_ptr0[12 + x0 + 12*(x1) + 6144*x2]);
            tmp6 = static_cast<decltype(tmp6)>(tmp_scoped0);
        } else tmp6 = static_cast<decltype(tmp6)>(0.0);
        auto tmp7 = tmp1 >= tmp4;
        auto tmp8 = 512;
        auto tmp9 = tmp1 < tmp8;
        bfloat tmp10;
        if (tmp7) {
            auto tmp_scoped0 = 0.0;
            tmp10 = static_cast<decltype(tmp10)>(tmp_scoped0);
        } else tmp10 = static_cast<decltype(tmp10)>(0.0);
        auto tmp11 = tmp5 ? tmp6 : static_cast<decltype(tmp6)>(tmp10);
        out_ptr0[x3] = static_cast<bfloat>(tmp11);
    }




    kernel void generated_kernel_19(
        device float* out_ptr0,
        device float* out_ptr1,
        device float* out_ptr2,
        device float* out_ptr3,
        device float* out_ptr4,
        device float* out_ptr5,
        device float* out_ptr6,
        device float* out_ptr7,
        device float* out_ptr8,
        device float* out_ptr9,
        device float* out_ptr10,
        device float* out_ptr11,
        device float* out_ptr12,
        device float* out_ptr13,
        device float* out_ptr14,
        device float* out_ptr15,
        device float* out_ptr16,
        device float* out_ptr17,
        device float* out_ptr18,
        device float* out_ptr19,
        device float* out_ptr20,
        device float* out_ptr21,
        device float* out_ptr22,
        device float* out_ptr23,
        device float* out_ptr24,
        device float* out_ptr25,
        device float* out_ptr26,
        device float* out_ptr27,
        device float* out_ptr28,
        device float* out_ptr29,
        device float* out_ptr30,
        device float* out_ptr31,
        device float* out_ptr32,
        device float* out_ptr33,
        device float* out_ptr34,
        device float* out_ptr35,
        device float* out_ptr36,
        device float* out_ptr37,
        device float* out_ptr38,
        device float* out_ptr39,
        device float* out_ptr40,
        device float* out_ptr41,
        device float* out_ptr42,
        device float* out_ptr43,
        device float* out_ptr44,
        device float* out_ptr45,
        device float* out_ptr46,
        device float* out_ptr47,
        device float* out_ptr48,
        device float* out_ptr49,
        device float* out_ptr50,
        device float* out_ptr51,
        device float* out_ptr52,
        device float* out_ptr53,
        device float* out_ptr54,
        device float* out_ptr55,
        device float* out_ptr56,
        device float* out_ptr57,
        device float* out_ptr58,
        device float* out_ptr59,
        device float* out_ptr60,
        device float* out_ptr61,
        device float* out_ptr62,
        device float* out_ptr63,
        constant bfloat* in_ptr0,
        constant bfloat* in_ptr1,
        constant float* in_ptr2,
        device c10::metal::ErrorMessages* error_buf,
        uint xindex [[thread_position_in_grid]]
    ) {
        int x0 = (xindex) % (32);
        int x2 = c10::metal::floor_divide(xindex, 384);
        int x1 = ((xindex) / (32)) % (12);
        int x3 = xindex;
        auto tmp0 = static_cast<float>(in_ptr0[x0 + 16384*x2]);
        auto tmp4 = static_cast<float>(in_ptr1[1792 + x1 + 952320*x2]);
        auto tmp6 = in_ptr2[x1];
        auto tmp22 = static_cast<float>(in_ptr0[32 + x0 + 16384*x2]);
        auto tmp25 = static_cast<float>(in_ptr1[3652 + x1 + 952320*x2]);
        auto tmp39 = static_cast<float>(in_ptr0[64 + x0 + 16384*x2]);
        auto tmp42 = static_cast<float>(in_ptr1[5512 + x1 + 952320*x2]);
        auto tmp56 = static_cast<float>(in_ptr0[96 + x0 + 16384*x2]);
        auto tmp59 = static_cast<float>(in_ptr1[7372 + x1 + 952320*x2]);
        auto tmp73 = static_cast<float>(in_ptr0[128 + x0 + 16384*x2]);
        auto tmp76 = static_cast<float>(in_ptr1[9232 + x1 + 952320*x2]);
        auto tmp90 = static_cast<float>(in_ptr0[160 + x0 + 16384*x2]);
        auto tmp93 = static_cast<float>(in_ptr1[11092 + x1 + 952320*x2]);
        auto tmp107 = static_cast<float>(in_ptr0[192 + x0 + 16384*x2]);
        auto tmp110 = static_cast<float>(in_ptr1[12952 + x1 + 952320*x2]);
        auto tmp124 = static_cast<float>(in_ptr0[224 + x0 + 16384*x2]);
        auto tmp127 = static_cast<float>(in_ptr1[14812 + x1 + 952320*x2]);
        auto tmp141 = static_cast<float>(in_ptr0[256 + x0 + 16384*x2]);
        auto tmp144 = static_cast<float>(in_ptr1[16672 + x1 + 952320*x2]);
        auto tmp158 = static_cast<float>(in_ptr0[288 + x0 + 16384*x2]);
        auto tmp161 = static_cast<float>(in_ptr1[18532 + x1 + 952320*x2]);
        auto tmp175 = static_cast<float>(in_ptr0[320 + x0 + 16384*x2]);
        auto tmp178 = static_cast<float>(in_ptr1[20392 + x1 + 952320*x2]);
        auto tmp192 = static_cast<float>(in_ptr0[352 + x0 + 16384*x2]);
        auto tmp195 = static_cast<float>(in_ptr1[22252 + x1 + 952320*x2]);
        auto tmp209 = static_cast<float>(in_ptr0[384 + x0 + 16384*x2]);
        auto tmp212 = static_cast<float>(in_ptr1[24112 + x1 + 952320*x2]);
        auto tmp226 = static_cast<float>(in_ptr0[416 + x0 + 16384*x2]);
        auto tmp229 = static_cast<float>(in_ptr1[25972 + x1 + 952320*x2]);
        auto tmp243 = static_cast<float>(in_ptr0[448 + x0 + 16384*x2]);
        auto tmp246 = static_cast<float>(in_ptr1[27832 + x1 + 952320*x2]);
        auto tmp260 = static_cast<float>(in_ptr0[480 + x0 + 16384*x2]);
        auto tmp263 = static_cast<float>(in_ptr1[29692 + x1 + 952320*x2]);
        auto tmp277 = static_cast<float>(in_ptr0[512 + x0 + 16384*x2]);
        auto tmp280 = static_cast<float>(in_ptr1[31552 + x1 + 952320*x2]);
        auto tmp294 = static_cast<float>(in_ptr0[544 + x0 + 16384*x2]);
        auto tmp297 = static_cast<float>(in_ptr1[33412 + x1 + 952320*x2]);
        auto tmp311 = static_cast<float>(in_ptr0[576 + x0 + 16384*x2]);
        auto tmp314 = static_cast<float>(in_ptr1[35272 + x1 + 952320*x2]);
        auto tmp328 = static_cast<float>(in_ptr0[608 + x0 + 16384*x2]);
        auto tmp331 = static_cast<float>(in_ptr1[37132 + x1 + 952320*x2]);
        auto tmp345 = static_cast<float>(in_ptr0[640 + x0 + 16384*x2]);
        auto tmp348 = static_cast<float>(in_ptr1[38992 + x1 + 952320*x2]);
        auto tmp362 = static_cast<float>(in_ptr0[672 + x0 + 16384*x2]);
        auto tmp365 = static_cast<float>(in_ptr1[40852 + x1 + 952320*x2]);
        auto tmp379 = static_cast<float>(in_ptr0[704 + x0 + 16384*x2]);
        auto tmp382 = static_cast<float>(in_ptr1[42712 + x1 + 952320*x2]);
        auto tmp396 = static_cast<float>(in_ptr0[736 + x0 + 16384*x2]);
        auto tmp399 = static_cast<float>(in_ptr1[44572 + x1 + 952320*x2]);
        auto tmp413 = static_cast<float>(in_ptr0[768 + x0 + 16384*x2]);
        auto tmp416 = static_cast<float>(in_ptr1[46432 + x1 + 952320*x2]);
        auto tmp430 = static_cast<float>(in_ptr0[800 + x0 + 16384*x2]);
        auto tmp433 = static_cast<float>(in_ptr1[48292 + x1 + 952320*x2]);
        auto tmp447 = static_cast<float>(in_ptr0[832 + x0 + 16384*x2]);
        auto tmp450 = static_cast<float>(in_ptr1[50152 + x1 + 952320*x2]);
        auto tmp464 = static_cast<float>(in_ptr0[864 + x0 + 16384*x2]);
        auto tmp467 = static_cast<float>(in_ptr1[52012 + x1 + 952320*x2]);
        auto tmp481 = static_cast<float>(in_ptr0[896 + x0 + 16384*x2]);
        auto tmp484 = static_cast<float>(in_ptr1[53872 + x1 + 952320*x2]);
        auto tmp498 = static_cast<float>(in_ptr0[928 + x0 + 16384*x2]);
        auto tmp501 = static_cast<float>(in_ptr1[55732 + x1 + 952320*x2]);
        auto tmp515 = static_cast<float>(in_ptr0[960 + x0 + 16384*x2]);
        auto tmp518 = static_cast<float>(in_ptr1[57592 + x1 + 952320*x2]);
        auto tmp532 = static_cast<float>(in_ptr0[992 + x0 + 16384*x2]);
        auto tmp535 = static_cast<float>(in_ptr1[59452 + x1 + 952320*x2]);
        auto tmp549 = static_cast<float>(in_ptr0[1024 + x0 + 16384*x2]);
        auto tmp552 = static_cast<float>(in_ptr1[61312 + x1 + 952320*x2]);
        auto tmp566 = static_cast<float>(in_ptr0[1056 + x0 + 16384*x2]);
        auto tmp569 = static_cast<float>(in_ptr1[63172 + x1 + 952320*x2]);
        auto tmp583 = static_cast<float>(in_ptr0[1088 + x0 + 16384*x2]);
        auto tmp586 = static_cast<float>(in_ptr1[65032 + x1 + 952320*x2]);
        auto tmp600 = static_cast<float>(in_ptr0[1120 + x0 + 16384*x2]);
        auto tmp603 = static_cast<float>(in_ptr1[66892 + x1 + 952320*x2]);
        auto tmp617 = static_cast<float>(in_ptr0[1152 + x0 + 16384*x2]);
        auto tmp620 = static_cast<float>(in_ptr1[68752 + x1 + 952320*x2]);
        auto tmp634 = static_cast<float>(in_ptr0[1184 + x0 + 16384*x2]);
        auto tmp637 = static_cast<float>(in_ptr1[70612 + x1 + 952320*x2]);
        auto tmp651 = static_cast<float>(in_ptr0[1216 + x0 + 16384*x2]);
        auto tmp654 = static_cast<float>(in_ptr1[72472 + x1 + 952320*x2]);
        auto tmp668 = static_cast<float>(in_ptr0[1248 + x0 + 16384*x2]);
        auto tmp671 = static_cast<float>(in_ptr1[74332 + x1 + 952320*x2]);
        auto tmp685 = static_cast<float>(in_ptr0[1280 + x0 + 16384*x2]);
        auto tmp688 = static_cast<float>(in_ptr1[76192 + x1 + 952320*x2]);
        auto tmp702 = static_cast<float>(in_ptr0[1312 + x0 + 16384*x2]);
        auto tmp705 = static_cast<float>(in_ptr1[78052 + x1 + 952320*x2]);
        auto tmp719 = static_cast<float>(in_ptr0[1344 + x0 + 16384*x2]);
        auto tmp722 = static_cast<float>(in_ptr1[79912 + x1 + 952320*x2]);
        auto tmp736 = static_cast<float>(in_ptr0[1376 + x0 + 16384*x2]);
        auto tmp739 = static_cast<float>(in_ptr1[81772 + x1 + 952320*x2]);
        auto tmp753 = static_cast<float>(in_ptr0[1408 + x0 + 16384*x2]);
        auto tmp756 = static_cast<float>(in_ptr1[83632 + x1 + 952320*x2]);
        auto tmp770 = static_cast<float>(in_ptr0[1440 + x0 + 16384*x2]);
        auto tmp773 = static_cast<float>(in_ptr1[85492 + x1 + 952320*x2]);
        auto tmp787 = static_cast<float>(in_ptr0[1472 + x0 + 16384*x2]);
        auto tmp790 = static_cast<float>(in_ptr1[87352 + x1 + 952320*x2]);
        auto tmp804 = static_cast<float>(in_ptr0[1504 + x0 + 16384*x2]);
        auto tmp807 = static_cast<float>(in_ptr1[89212 + x1 + 952320*x2]);
        auto tmp821 = static_cast<float>(in_ptr0[1536 + x0 + 16384*x2]);
        auto tmp824 = static_cast<float>(in_ptr1[91072 + x1 + 952320*x2]);
        auto tmp838 = static_cast<float>(in_ptr0[1568 + x0 + 16384*x2]);
        auto tmp841 = static_cast<float>(in_ptr1[92932 + x1 + 952320*x2]);
        auto tmp855 = static_cast<float>(in_ptr0[1600 + x0 + 16384*x2]);
        auto tmp858 = static_cast<float>(in_ptr1[94792 + x1 + 952320*x2]);
        auto tmp872 = static_cast<float>(in_ptr0[1632 + x0 + 16384*x2]);
        auto tmp875 = static_cast<float>(in_ptr1[96652 + x1 + 952320*x2]);
        auto tmp889 = static_cast<float>(in_ptr0[1664 + x0 + 16384*x2]);
        auto tmp892 = static_cast<float>(in_ptr1[98512 + x1 + 952320*x2]);
        auto tmp906 = static_cast<float>(in_ptr0[1696 + x0 + 16384*x2]);
        auto tmp909 = static_cast<float>(in_ptr1[100372 + x1 + 952320*x2]);
        auto tmp923 = static_cast<float>(in_ptr0[1728 + x0 + 16384*x2]);
        auto tmp926 = static_cast<float>(in_ptr1[102232 + x1 + 952320*x2]);
        auto tmp940 = static_cast<float>(in_ptr0[1760 + x0 + 16384*x2]);
        auto tmp943 = static_cast<float>(in_ptr1[104092 + x1 + 952320*x2]);
        auto tmp957 = static_cast<float>(in_ptr0[1792 + x0 + 16384*x2]);
        auto tmp960 = static_cast<float>(in_ptr1[105952 + x1 + 952320*x2]);
        auto tmp974 = static_cast<float>(in_ptr0[1824 + x0 + 16384*x2]);
        auto tmp977 = static_cast<float>(in_ptr1[107812 + x1 + 952320*x2]);
        auto tmp991 = static_cast<float>(in_ptr0[1856 + x0 + 16384*x2]);
        auto tmp994 = static_cast<float>(in_ptr1[109672 + x1 + 952320*x2]);
        auto tmp1008 = static_cast<float>(in_ptr0[1888 + x0 + 16384*x2]);
        auto tmp1011 = static_cast<float>(in_ptr1[111532 + x1 + 952320*x2]);
        auto tmp1025 = static_cast<float>(in_ptr0[1920 + x0 + 16384*x2]);
        auto tmp1028 = static_cast<float>(in_ptr1[113392 + x1 + 952320*x2]);
        auto tmp1042 = static_cast<float>(in_ptr0[1952 + x0 + 16384*x2]);
        auto tmp1045 = static_cast<float>(in_ptr1[115252 + x1 + 952320*x2]);
        auto tmp1059 = static_cast<float>(in_ptr0[1984 + x0 + 16384*x2]);
        auto tmp1062 = static_cast<float>(in_ptr1[117112 + x1 + 952320*x2]);
        auto tmp1076 = static_cast<float>(in_ptr0[2016 + x0 + 16384*x2]);
        auto tmp1079 = static_cast<float>(in_ptr1[118972 + x1 + 952320*x2]);
        auto tmp1093 = static_cast<float>(in_ptr0[2048 + x0 + 16384*x2]);
        auto tmp1096 = static_cast<float>(in_ptr1[120832 + x1 + 952320*x2]);
        auto tmp1110 = static_cast<float>(in_ptr0[2080 + x0 + 16384*x2]);
        auto tmp1113 = static_cast<float>(in_ptr1[122692 + x1 + 952320*x2]);
        auto tmp1127 = static_cast<float>(in_ptr0[2112 + x0 + 16384*x2]);
        auto tmp1130 = static_cast<float>(in_ptr1[124552 + x1 + 952320*x2]);
        auto tmp1144 = static_cast<float>(in_ptr0[2144 + x0 + 16384*x2]);
        auto tmp1147 = static_cast<float>(in_ptr1[126412 + x1 + 952320*x2]);
        auto tmp1161 = static_cast<float>(in_ptr0[2176 + x0 + 16384*x2]);
        auto tmp1164 = static_cast<float>(in_ptr1[128272 + x1 + 952320*x2]);
        auto tmp1178 = static_cast<float>(in_ptr0[2208 + x0 + 16384*x2]);
        auto tmp1181 = static_cast<float>(in_ptr1[130132 + x1 + 952320*x2]);
        auto tmp1195 = static_cast<float>(in_ptr0[2240 + x0 + 16384*x2]);
        auto tmp1198 = static_cast<float>(in_ptr1[131992 + x1 + 952320*x2]);
        auto tmp1212 = static_cast<float>(in_ptr0[2272 + x0 + 16384*x2]);
        auto tmp1215 = static_cast<float>(in_ptr1[133852 + x1 + 952320*x2]);
        auto tmp1229 = static_cast<float>(in_ptr0[2304 + x0 + 16384*x2]);
        auto tmp1232 = static_cast<float>(in_ptr1[135712 + x1 + 952320*x2]);
        auto tmp1246 = static_cast<float>(in_ptr0[2336 + x0 + 16384*x2]);
        auto tmp1249 = static_cast<float>(in_ptr1[137572 + x1 + 952320*x2]);
        auto tmp1263 = static_cast<float>(in_ptr0[2368 + x0 + 16384*x2]);
        auto tmp1266 = static_cast<float>(in_ptr1[139432 + x1 + 952320*x2]);
        auto tmp1280 = static_cast<float>(in_ptr0[2400 + x0 + 16384*x2]);
        auto tmp1283 = static_cast<float>(in_ptr1[141292 + x1 + 952320*x2]);
        auto tmp1297 = static_cast<float>(in_ptr0[2432 + x0 + 16384*x2]);
        auto tmp1300 = static_cast<float>(in_ptr1[143152 + x1 + 952320*x2]);
        auto tmp1314 = static_cast<float>(in_ptr0[2464 + x0 + 16384*x2]);
        auto tmp1317 = static_cast<float>(in_ptr1[145012 + x1 + 952320*x2]);
        auto tmp1331 = static_cast<float>(in_ptr0[2496 + x0 + 16384*x2]);
        auto tmp1334 = static_cast<float>(in_ptr1[146872 + x1 + 952320*x2]);
        auto tmp1348 = static_cast<float>(in_ptr0[2528 + x0 + 16384*x2]);
        auto tmp1351 = static_cast<float>(in_ptr1[148732 + x1 + 952320*x2]);
        auto tmp1365 = static_cast<float>(in_ptr0[2560 + x0 + 16384*x2]);
        auto tmp1368 = static_cast<float>(in_ptr1[150592 + x1 + 952320*x2]);
        auto tmp1382 = static_cast<float>(in_ptr0[2592 + x0 + 16384*x2]);
        auto tmp1385 = static_cast<float>(in_ptr1[152452 + x1 + 952320*x2]);
        auto tmp1399 = static_cast<float>(in_ptr0[2624 + x0 + 16384*x2]);
        auto tmp1402 = static_cast<float>(in_ptr1[154312 + x1 + 952320*x2]);
        auto tmp1416 = static_cast<float>(in_ptr0[2656 + x0 + 16384*x2]);
        auto tmp1419 = static_cast<float>(in_ptr1[156172 + x1 + 952320*x2]);
        auto tmp1433 = static_cast<float>(in_ptr0[2688 + x0 + 16384*x2]);
        auto tmp1436 = static_cast<float>(in_ptr1[158032 + x1 + 952320*x2]);
        auto tmp1450 = static_cast<float>(in_ptr0[2720 + x0 + 16384*x2]);
        auto tmp1453 = static_cast<float>(in_ptr1[159892 + x1 + 952320*x2]);
        auto tmp1467 = static_cast<float>(in_ptr0[2752 + x0 + 16384*x2]);
        auto tmp1470 = static_cast<float>(in_ptr1[161752 + x1 + 952320*x2]);
        auto tmp1484 = static_cast<float>(in_ptr0[2784 + x0 + 16384*x2]);
        auto tmp1487 = static_cast<float>(in_ptr1[163612 + x1 + 952320*x2]);
        auto tmp1501 = static_cast<float>(in_ptr0[2816 + x0 + 16384*x2]);
        auto tmp1504 = static_cast<float>(in_ptr1[165472 + x1 + 952320*x2]);
        auto tmp1518 = static_cast<float>(in_ptr0[2848 + x0 + 16384*x2]);
        auto tmp1521 = static_cast<float>(in_ptr1[167332 + x1 + 952320*x2]);
        auto tmp1535 = static_cast<float>(in_ptr0[2880 + x0 + 16384*x2]);
        auto tmp1538 = static_cast<float>(in_ptr1[169192 + x1 + 952320*x2]);
        auto tmp1552 = static_cast<float>(in_ptr0[2912 + x0 + 16384*x2]);
        auto tmp1555 = static_cast<float>(in_ptr1[171052 + x1 + 952320*x2]);
        auto tmp1569 = static_cast<float>(in_ptr0[2944 + x0 + 16384*x2]);
        auto tmp1572 = static_cast<float>(in_ptr1[172912 + x1 + 952320*x2]);
        auto tmp1586 = static_cast<float>(in_ptr0[2976 + x0 + 16384*x2]);
        auto tmp1589 = static_cast<float>(in_ptr1[174772 + x1 + 952320*x2]);
        auto tmp1603 = static_cast<float>(in_ptr0[3008 + x0 + 16384*x2]);
        auto tmp1606 = static_cast<float>(in_ptr1[176632 + x1 + 952320*x2]);
        auto tmp1620 = static_cast<float>(in_ptr0[3040 + x0 + 16384*x2]);
        auto tmp1623 = static_cast<float>(in_ptr1[178492 + x1 + 952320*x2]);
        auto tmp1637 = static_cast<float>(in_ptr0[3072 + x0 + 16384*x2]);
        auto tmp1640 = static_cast<float>(in_ptr1[180352 + x1 + 952320*x2]);
        auto tmp1654 = static_cast<float>(in_ptr0[3104 + x0 + 16384*x2]);
        auto tmp1657 = static_cast<float>(in_ptr1[182212 + x1 + 952320*x2]);
        auto tmp1671 = static_cast<float>(in_ptr0[3136 + x0 + 16384*x2]);
        auto tmp1674 = static_cast<float>(in_ptr1[184072 + x1 + 952320*x2]);
        auto tmp1688 = static_cast<float>(in_ptr0[3168 + x0 + 16384*x2]);
        auto tmp1691 = static_cast<float>(in_ptr1[185932 + x1 + 952320*x2]);
        auto tmp1705 = static_cast<float>(in_ptr0[3200 + x0 + 16384*x2]);
        auto tmp1708 = static_cast<float>(in_ptr1[187792 + x1 + 952320*x2]);
        auto tmp1722 = static_cast<float>(in_ptr0[3232 + x0 + 16384*x2]);
        auto tmp1725 = static_cast<float>(in_ptr1[189652 + x1 + 952320*x2]);
        auto tmp1739 = static_cast<float>(in_ptr0[3264 + x0 + 16384*x2]);
        auto tmp1742 = static_cast<float>(in_ptr1[191512 + x1 + 952320*x2]);
        auto tmp1756 = static_cast<float>(in_ptr0[3296 + x0 + 16384*x2]);
        auto tmp1759 = static_cast<float>(in_ptr1[193372 + x1 + 952320*x2]);
        auto tmp1773 = static_cast<float>(in_ptr0[3328 + x0 + 16384*x2]);
        auto tmp1776 = static_cast<float>(in_ptr1[195232 + x1 + 952320*x2]);
        auto tmp1790 = static_cast<float>(in_ptr0[3360 + x0 + 16384*x2]);
        auto tmp1793 = static_cast<float>(in_ptr1[197092 + x1 + 952320*x2]);
        auto tmp1807 = static_cast<float>(in_ptr0[3392 + x0 + 16384*x2]);
        auto tmp1810 = static_cast<float>(in_ptr1[198952 + x1 + 952320*x2]);
        auto tmp1824 = static_cast<float>(in_ptr0[3424 + x0 + 16384*x2]);
        auto tmp1827 = static_cast<float>(in_ptr1[200812 + x1 + 952320*x2]);
        auto tmp1841 = static_cast<float>(in_ptr0[3456 + x0 + 16384*x2]);
        auto tmp1844 = static_cast<float>(in_ptr1[202672 + x1 + 952320*x2]);
        auto tmp1858 = static_cast<float>(in_ptr0[3488 + x0 + 16384*x2]);
        auto tmp1861 = static_cast<float>(in_ptr1[204532 + x1 + 952320*x2]);
        auto tmp1875 = static_cast<float>(in_ptr0[3520 + x0 + 16384*x2]);
        auto tmp1878 = static_cast<float>(in_ptr1[206392 + x1 + 952320*x2]);
        auto tmp1892 = static_cast<float>(in_ptr0[3552 + x0 + 16384*x2]);
        auto tmp1895 = static_cast<float>(in_ptr1[208252 + x1 + 952320*x2]);
        auto tmp1909 = static_cast<float>(in_ptr0[3584 + x0 + 16384*x2]);
        auto tmp1912 = static_cast<float>(in_ptr1[210112 + x1 + 952320*x2]);
        auto tmp1926 = static_cast<float>(in_ptr0[3616 + x0 + 16384*x2]);
        auto tmp1929 = static_cast<float>(in_ptr1[211972 + x1 + 952320*x2]);
        auto tmp1943 = static_cast<float>(in_ptr0[3648 + x0 + 16384*x2]);
        auto tmp1946 = static_cast<float>(in_ptr1[213832 + x1 + 952320*x2]);
        auto tmp1960 = static_cast<float>(in_ptr0[3680 + x0 + 16384*x2]);
        auto tmp1963 = static_cast<float>(in_ptr1[215692 + x1 + 952320*x2]);
        auto tmp1977 = static_cast<float>(in_ptr0[3712 + x0 + 16384*x2]);
        auto tmp1980 = static_cast<float>(in_ptr1[217552 + x1 + 952320*x2]);
        auto tmp1994 = static_cast<float>(in_ptr0[3744 + x0 + 16384*x2]);
        auto tmp1997 = static_cast<float>(in_ptr1[219412 + x1 + 952320*x2]);
        auto tmp2011 = static_cast<float>(in_ptr0[3776 + x0 + 16384*x2]);
        auto tmp2014 = static_cast<float>(in_ptr1[221272 + x1 + 952320*x2]);
        auto tmp2028 = static_cast<float>(in_ptr0[3808 + x0 + 16384*x2]);
        auto tmp2031 = static_cast<float>(in_ptr1[223132 + x1 + 952320*x2]);
        auto tmp2045 = static_cast<float>(in_ptr0[3840 + x0 + 16384*x2]);
        auto tmp2048 = static_cast<float>(in_ptr1[224992 + x1 + 952320*x2]);
        auto tmp2062 = static_cast<float>(in_ptr0[3872 + x0 + 16384*x2]);
        auto tmp2065 = static_cast<float>(in_ptr1[226852 + x1 + 952320*x2]);
        auto tmp2079 = static_cast<float>(in_ptr0[3904 + x0 + 16384*x2]);
        auto tmp2082 = static_cast<float>(in_ptr1[228712 + x1 + 952320*x2]);
        auto tmp2096 = static_cast<float>(in_ptr0[3936 + x0 + 16384*x2]);
        auto tmp2099 = static_cast<float>(in_ptr1[230572 + x1 + 952320*x2]);
        auto tmp2113 = static_cast<float>(in_ptr0[3968 + x0 + 16384*x2]);
        auto tmp2116 = static_cast<float>(in_ptr1[232432 + x1 + 952320*x2]);
        auto tmp2130 = static_cast<float>(in_ptr0[4000 + x0 + 16384*x2]);
        auto tmp2133 = static_cast<float>(in_ptr1[234292 + x1 + 952320*x2]);
        auto tmp2147 = static_cast<float>(in_ptr0[4032 + x0 + 16384*x2]);
        auto tmp2150 = static_cast<float>(in_ptr1[236152 + x1 + 952320*x2]);
        auto tmp2164 = static_cast<float>(in_ptr0[4064 + x0 + 16384*x2]);
        auto tmp2167 = static_cast<float>(in_ptr1[238012 + x1 + 952320*x2]);
        auto tmp1 = 3.141592653589793;
        auto tmp2 = tmp0 * tmp1;
        auto tmp3 = static_cast<float>(tmp2);
        auto tmp5 = static_cast<float>(tmp4);
        auto tmp7 = tmp5 + tmp6;
        auto tmp8 = 20.0;
        auto tmp9 = tmp7 > tmp8;
        auto tmp10 = metal::precise::exp(tmp7);
        auto tmp11 = 1;
        auto tmp12 = tmp10 + tmp11;
        auto tmp13 = metal::precise::log(tmp12);
        auto tmp14 = tmp9 ? tmp7 : static_cast<decltype(tmp7)>(tmp13);
        auto tmp15 = tmp3 * tmp14;
        auto tmp16 = 0.15915494309189535;
        auto tmp17 = tmp15 * tmp16;
        auto tmp18 = metal::floor(tmp17);
        auto tmp19 = 6.283185307179586;
        auto tmp20 = tmp18 * tmp19;
        auto tmp21 = tmp15 - tmp20;
        auto tmp23 = tmp22 * tmp1;
        auto tmp24 = static_cast<float>(tmp23);
        auto tmp26 = static_cast<float>(tmp25);
        auto tmp27 = tmp26 + tmp6;
        auto tmp28 = tmp27 > tmp8;
        auto tmp29 = metal::precise::exp(tmp27);
        auto tmp30 = tmp29 + tmp11;
        auto tmp31 = metal::precise::log(tmp30);
        auto tmp32 = tmp28 ? tmp27 : static_cast<decltype(tmp27)>(tmp31);
        auto tmp33 = tmp24 * tmp32;
        auto tmp34 = tmp21 + tmp33;
        auto tmp35 = tmp34 * tmp16;
        auto tmp36 = metal::floor(tmp35);
        auto tmp37 = tmp36 * tmp19;
        auto tmp38 = tmp34 - tmp37;
        auto tmp40 = tmp39 * tmp1;
        auto tmp41 = static_cast<float>(tmp40);
        auto tmp43 = static_cast<float>(tmp42);
        auto tmp44 = tmp43 + tmp6;
        auto tmp45 = tmp44 > tmp8;
        auto tmp46 = metal::precise::exp(tmp44);
        auto tmp47 = tmp46 + tmp11;
        auto tmp48 = metal::precise::log(tmp47);
        auto tmp49 = tmp45 ? tmp44 : static_cast<decltype(tmp44)>(tmp48);
        auto tmp50 = tmp41 * tmp49;
        auto tmp51 = tmp38 + tmp50;
        auto tmp52 = tmp51 * tmp16;
        auto tmp53 = metal::floor(tmp52);
        auto tmp54 = tmp53 * tmp19;
        auto tmp55 = tmp51 - tmp54;
        auto tmp57 = tmp56 * tmp1;
        auto tmp58 = static_cast<float>(tmp57);
        auto tmp60 = static_cast<float>(tmp59);
        auto tmp61 = tmp60 + tmp6;
        auto tmp62 = tmp61 > tmp8;
        auto tmp63 = metal::precise::exp(tmp61);
        auto tmp64 = tmp63 + tmp11;
        auto tmp65 = metal::precise::log(tmp64);
        auto tmp66 = tmp62 ? tmp61 : static_cast<decltype(tmp61)>(tmp65);
        auto tmp67 = tmp58 * tmp66;
        auto tmp68 = tmp55 + tmp67;
        auto tmp69 = tmp68 * tmp16;
        auto tmp70 = metal::floor(tmp69);
        auto tmp71 = tmp70 * tmp19;
        auto tmp72 = tmp68 - tmp71;
        auto tmp74 = tmp73 * tmp1;
        auto tmp75 = static_cast<float>(tmp74);
        auto tmp77 = static_cast<float>(tmp76);
        auto tmp78 = tmp77 + tmp6;
        auto tmp79 = tmp78 > tmp8;
        auto tmp80 = metal::precise::exp(tmp78);
        auto tmp81 = tmp80 + tmp11;
        auto tmp82 = metal::precise::log(tmp81);
        auto tmp83 = tmp79 ? tmp78 : static_cast<decltype(tmp78)>(tmp82);
        auto tmp84 = tmp75 * tmp83;
        auto tmp85 = tmp72 + tmp84;
        auto tmp86 = tmp85 * tmp16;
        auto tmp87 = metal::floor(tmp86);
        auto tmp88 = tmp87 * tmp19;
        auto tmp89 = tmp85 - tmp88;
        auto tmp91 = tmp90 * tmp1;
        auto tmp92 = static_cast<float>(tmp91);
        auto tmp94 = static_cast<float>(tmp93);
        auto tmp95 = tmp94 + tmp6;
        auto tmp96 = tmp95 > tmp8;
        auto tmp97 = metal::precise::exp(tmp95);
        auto tmp98 = tmp97 + tmp11;
        auto tmp99 = metal::precise::log(tmp98);
        auto tmp100 = tmp96 ? tmp95 : static_cast<decltype(tmp95)>(tmp99);
        auto tmp101 = tmp92 * tmp100;
        auto tmp102 = tmp89 + tmp101;
        auto tmp103 = tmp102 * tmp16;
        auto tmp104 = metal::floor(tmp103);
        auto tmp105 = tmp104 * tmp19;
        auto tmp106 = tmp102 - tmp105;
        auto tmp108 = tmp107 * tmp1;
        auto tmp109 = static_cast<float>(tmp108);
        auto tmp111 = static_cast<float>(tmp110);
        auto tmp112 = tmp111 + tmp6;
        auto tmp113 = tmp112 > tmp8;
        auto tmp114 = metal::precise::exp(tmp112);
        auto tmp115 = tmp114 + tmp11;
        auto tmp116 = metal::precise::log(tmp115);
        auto tmp117 = tmp113 ? tmp112 : static_cast<decltype(tmp112)>(tmp116);
        auto tmp118 = tmp109 * tmp117;
        auto tmp119 = tmp106 + tmp118;
        auto tmp120 = tmp119 * tmp16;
        auto tmp121 = metal::floor(tmp120);
        auto tmp122 = tmp121 * tmp19;
        auto tmp123 = tmp119 - tmp122;
        auto tmp125 = tmp124 * tmp1;
        auto tmp126 = static_cast<float>(tmp125);
        auto tmp128 = static_cast<float>(tmp127);
        auto tmp129 = tmp128 + tmp6;
        auto tmp130 = tmp129 > tmp8;
        auto tmp131 = metal::precise::exp(tmp129);
        auto tmp132 = tmp131 + tmp11;
        auto tmp133 = metal::precise::log(tmp132);
        auto tmp134 = tmp130 ? tmp129 : static_cast<decltype(tmp129)>(tmp133);
        auto tmp135 = tmp126 * tmp134;
        auto tmp136 = tmp123 + tmp135;
        auto tmp137 = tmp136 * tmp16;
        auto tmp138 = metal::floor(tmp137);
        auto tmp139 = tmp138 * tmp19;
        auto tmp140 = tmp136 - tmp139;
        auto tmp142 = tmp141 * tmp1;
        auto tmp143 = static_cast<float>(tmp142);
        auto tmp145 = static_cast<float>(tmp144);
        auto tmp146 = tmp145 + tmp6;
        auto tmp147 = tmp146 > tmp8;
        auto tmp148 = metal::precise::exp(tmp146);
        auto tmp149 = tmp148 + tmp11;
        auto tmp150 = metal::precise::log(tmp149);
        auto tmp151 = tmp147 ? tmp146 : static_cast<decltype(tmp146)>(tmp150);
        auto tmp152 = tmp143 * tmp151;
        auto tmp153 = tmp140 + tmp152;
        auto tmp154 = tmp153 * tmp16;
        auto tmp155 = metal::floor(tmp154);
        auto tmp156 = tmp155 * tmp19;
        auto tmp157 = tmp153 - tmp156;
        auto tmp159 = tmp158 * tmp1;
        auto tmp160 = static_cast<float>(tmp159);
        auto tmp162 = static_cast<float>(tmp161);
        auto tmp163 = tmp162 + tmp6;
        auto tmp164 = tmp163 > tmp8;
        auto tmp165 = metal::precise::exp(tmp163);
        auto tmp166 = tmp165 + tmp11;
        auto tmp167 = metal::precise::log(tmp166);
        auto tmp168 = tmp164 ? tmp163 : static_cast<decltype(tmp163)>(tmp167);
        auto tmp169 = tmp160 * tmp168;
        auto tmp170 = tmp157 + tmp169;
        auto tmp171 = tmp170 * tmp16;
        auto tmp172 = metal::floor(tmp171);
        auto tmp173 = tmp172 * tmp19;
        auto tmp174 = tmp170 - tmp173;
        auto tmp176 = tmp175 * tmp1;
        auto tmp177 = static_cast<float>(tmp176);
        auto tmp179 = static_cast<float>(tmp178);
        auto tmp180 = tmp179 + tmp6;
        auto tmp181 = tmp180 > tmp8;
        auto tmp182 = metal::precise::exp(tmp180);
        auto tmp183 = tmp182 + tmp11;
        auto tmp184 = metal::precise::log(tmp183);
        auto tmp185 = tmp181 ? tmp180 : static_cast<decltype(tmp180)>(tmp184);
        auto tmp186 = tmp177 * tmp185;
        auto tmp187 = tmp174 + tmp186;
        auto tmp188 = tmp187 * tmp16;
        auto tmp189 = metal::floor(tmp188);
        auto tmp190 = tmp189 * tmp19;
        auto tmp191 = tmp187 - tmp190;
        auto tmp193 = tmp192 * tmp1;
        auto tmp194 = static_cast<float>(tmp193);
        auto tmp196 = static_cast<float>(tmp195);
        auto tmp197 = tmp196 + tmp6;
        auto tmp198 = tmp197 > tmp8;
        auto tmp199 = metal::precise::exp(tmp197);
        auto tmp200 = tmp199 + tmp11;
        auto tmp201 = metal::precise::log(tmp200);
        auto tmp202 = tmp198 ? tmp197 : static_cast<decltype(tmp197)>(tmp201);
        auto tmp203 = tmp194 * tmp202;
        auto tmp204 = tmp191 + tmp203;
        auto tmp205 = tmp204 * tmp16;
        auto tmp206 = metal::floor(tmp205);
        auto tmp207 = tmp206 * tmp19;
        auto tmp208 = tmp204 - tmp207;
        auto tmp210 = tmp209 * tmp1;
        auto tmp211 = static_cast<float>(tmp210);
        auto tmp213 = static_cast<float>(tmp212);
        auto tmp214 = tmp213 + tmp6;
        auto tmp215 = tmp214 > tmp8;
        auto tmp216 = metal::precise::exp(tmp214);
        auto tmp217 = tmp216 + tmp11;
        auto tmp218 = metal::precise::log(tmp217);
        auto tmp219 = tmp215 ? tmp214 : static_cast<decltype(tmp214)>(tmp218);
        auto tmp220 = tmp211 * tmp219;
        auto tmp221 = tmp208 + tmp220;
        auto tmp222 = tmp221 * tmp16;
        auto tmp223 = metal::floor(tmp222);
        auto tmp224 = tmp223 * tmp19;
        auto tmp225 = tmp221 - tmp224;
        auto tmp227 = tmp226 * tmp1;
        auto tmp228 = static_cast<float>(tmp227);
        auto tmp230 = static_cast<float>(tmp229);
        auto tmp231 = tmp230 + tmp6;
        auto tmp232 = tmp231 > tmp8;
        auto tmp233 = metal::precise::exp(tmp231);
        auto tmp234 = tmp233 + tmp11;
        auto tmp235 = metal::precise::log(tmp234);
        auto tmp236 = tmp232 ? tmp231 : static_cast<decltype(tmp231)>(tmp235);
        auto tmp237 = tmp228 * tmp236;
        auto tmp238 = tmp225 + tmp237;
        auto tmp239 = tmp238 * tmp16;
        auto tmp240 = metal::floor(tmp239);
        auto tmp241 = tmp240 * tmp19;
        auto tmp242 = tmp238 - tmp241;
        auto tmp244 = tmp243 * tmp1;
        auto tmp245 = static_cast<float>(tmp244);
        auto tmp247 = static_cast<float>(tmp246);
        auto tmp248 = tmp247 + tmp6;
        auto tmp249 = tmp248 > tmp8;
        auto tmp250 = metal::precise::exp(tmp248);
        auto tmp251 = tmp250 + tmp11;
        auto tmp252 = metal::precise::log(tmp251);
        auto tmp253 = tmp249 ? tmp248 : static_cast<decltype(tmp248)>(tmp252);
        auto tmp254 = tmp245 * tmp253;
        auto tmp255 = tmp242 + tmp254;
        auto tmp256 = tmp255 * tmp16;
        auto tmp257 = metal::floor(tmp256);
        auto tmp258 = tmp257 * tmp19;
        auto tmp259 = tmp255 - tmp258;
        auto tmp261 = tmp260 * tmp1;
        auto tmp262 = static_cast<float>(tmp261);
        auto tmp264 = static_cast<float>(tmp263);
        auto tmp265 = tmp264 + tmp6;
        auto tmp266 = tmp265 > tmp8;
        auto tmp267 = metal::precise::exp(tmp265);
        auto tmp268 = tmp267 + tmp11;
        auto tmp269 = metal::precise::log(tmp268);
        auto tmp270 = tmp266 ? tmp265 : static_cast<decltype(tmp265)>(tmp269);
        auto tmp271 = tmp262 * tmp270;
        auto tmp272 = tmp259 + tmp271;
        auto tmp273 = tmp272 * tmp16;
        auto tmp274 = metal::floor(tmp273);
        auto tmp275 = tmp274 * tmp19;
        auto tmp276 = tmp272 - tmp275;
        auto tmp278 = tmp277 * tmp1;
        auto tmp279 = static_cast<float>(tmp278);
        auto tmp281 = static_cast<float>(tmp280);
        auto tmp282 = tmp281 + tmp6;
        auto tmp283 = tmp282 > tmp8;
        auto tmp284 = metal::precise::exp(tmp282);
        auto tmp285 = tmp284 + tmp11;
        auto tmp286 = metal::precise::log(tmp285);
        auto tmp287 = tmp283 ? tmp282 : static_cast<decltype(tmp282)>(tmp286);
        auto tmp288 = tmp279 * tmp287;
        auto tmp289 = tmp276 + tmp288;
        auto tmp290 = tmp289 * tmp16;
        auto tmp291 = metal::floor(tmp290);
        auto tmp292 = tmp291 * tmp19;
        auto tmp293 = tmp289 - tmp292;
        auto tmp295 = tmp294 * tmp1;
        auto tmp296 = static_cast<float>(tmp295);
        auto tmp298 = static_cast<float>(tmp297);
        auto tmp299 = tmp298 + tmp6;
        auto tmp300 = tmp299 > tmp8;
        auto tmp301 = metal::precise::exp(tmp299);
        auto tmp302 = tmp301 + tmp11;
        auto tmp303 = metal::precise::log(tmp302);
        auto tmp304 = tmp300 ? tmp299 : static_cast<decltype(tmp299)>(tmp303);
        auto tmp305 = tmp296 * tmp304;
        auto tmp306 = tmp293 + tmp305;
        auto tmp307 = tmp306 * tmp16;
        auto tmp308 = metal::floor(tmp307);
        auto tmp309 = tmp308 * tmp19;
        auto tmp310 = tmp306 - tmp309;
        auto tmp312 = tmp311 * tmp1;
        auto tmp313 = static_cast<float>(tmp312);
        auto tmp315 = static_cast<float>(tmp314);
        auto tmp316 = tmp315 + tmp6;
        auto tmp317 = tmp316 > tmp8;
        auto tmp318 = metal::precise::exp(tmp316);
        auto tmp319 = tmp318 + tmp11;
        auto tmp320 = metal::precise::log(tmp319);
        auto tmp321 = tmp317 ? tmp316 : static_cast<decltype(tmp316)>(tmp320);
        auto tmp322 = tmp313 * tmp321;
        auto tmp323 = tmp310 + tmp322;
        auto tmp324 = tmp323 * tmp16;
        auto tmp325 = metal::floor(tmp324);
        auto tmp326 = tmp325 * tmp19;
        auto tmp327 = tmp323 - tmp326;
        auto tmp329 = tmp328 * tmp1;
        auto tmp330 = static_cast<float>(tmp329);
        auto tmp332 = static_cast<float>(tmp331);
        auto tmp333 = tmp332 + tmp6;
        auto tmp334 = tmp333 > tmp8;
        auto tmp335 = metal::precise::exp(tmp333);
        auto tmp336 = tmp335 + tmp11;
        auto tmp337 = metal::precise::log(tmp336);
        auto tmp338 = tmp334 ? tmp333 : static_cast<decltype(tmp333)>(tmp337);
        auto tmp339 = tmp330 * tmp338;
        auto tmp340 = tmp327 + tmp339;
        auto tmp341 = tmp340 * tmp16;
        auto tmp342 = metal::floor(tmp341);
        auto tmp343 = tmp342 * tmp19;
        auto tmp344 = tmp340 - tmp343;
        auto tmp346 = tmp345 * tmp1;
        auto tmp347 = static_cast<float>(tmp346);
        auto tmp349 = static_cast<float>(tmp348);
        auto tmp350 = tmp349 + tmp6;
        auto tmp351 = tmp350 > tmp8;
        auto tmp352 = metal::precise::exp(tmp350);
        auto tmp353 = tmp352 + tmp11;
        auto tmp354 = metal::precise::log(tmp353);
        auto tmp355 = tmp351 ? tmp350 : static_cast<decltype(tmp350)>(tmp354);
        auto tmp356 = tmp347 * tmp355;
        auto tmp357 = tmp344 + tmp356;
        auto tmp358 = tmp357 * tmp16;
        auto tmp359 = metal::floor(tmp358);
        auto tmp360 = tmp359 * tmp19;
        auto tmp361 = tmp357 - tmp360;
        auto tmp363 = tmp362 * tmp1;
        auto tmp364 = static_cast<float>(tmp363);
        auto tmp366 = static_cast<float>(tmp365);
        auto tmp367 = tmp366 + tmp6;
        auto tmp368 = tmp367 > tmp8;
        auto tmp369 = metal::precise::exp(tmp367);
        auto tmp370 = tmp369 + tmp11;
        auto tmp371 = metal::precise::log(tmp370);
        auto tmp372 = tmp368 ? tmp367 : static_cast<decltype(tmp367)>(tmp371);
        auto tmp373 = tmp364 * tmp372;
        auto tmp374 = tmp361 + tmp373;
        auto tmp375 = tmp374 * tmp16;
        auto tmp376 = metal::floor(tmp375);
        auto tmp377 = tmp376 * tmp19;
        auto tmp378 = tmp374 - tmp377;
        auto tmp380 = tmp379 * tmp1;
        auto tmp381 = static_cast<float>(tmp380);
        auto tmp383 = static_cast<float>(tmp382);
        auto tmp384 = tmp383 + tmp6;
        auto tmp385 = tmp384 > tmp8;
        auto tmp386 = metal::precise::exp(tmp384);
        auto tmp387 = tmp386 + tmp11;
        auto tmp388 = metal::precise::log(tmp387);
        auto tmp389 = tmp385 ? tmp384 : static_cast<decltype(tmp384)>(tmp388);
        auto tmp390 = tmp381 * tmp389;
        auto tmp391 = tmp378 + tmp390;
        auto tmp392 = tmp391 * tmp16;
        auto tmp393 = metal::floor(tmp392);
        auto tmp394 = tmp393 * tmp19;
        auto tmp395 = tmp391 - tmp394;
        auto tmp397 = tmp396 * tmp1;
        auto tmp398 = static_cast<float>(tmp397);
        auto tmp400 = static_cast<float>(tmp399);
        auto tmp401 = tmp400 + tmp6;
        auto tmp402 = tmp401 > tmp8;
        auto tmp403 = metal::precise::exp(tmp401);
        auto tmp404 = tmp403 + tmp11;
        auto tmp405 = metal::precise::log(tmp404);
        auto tmp406 = tmp402 ? tmp401 : static_cast<decltype(tmp401)>(tmp405);
        auto tmp407 = tmp398 * tmp406;
        auto tmp408 = tmp395 + tmp407;
        auto tmp409 = tmp408 * tmp16;
        auto tmp410 = metal::floor(tmp409);
        auto tmp411 = tmp410 * tmp19;
        auto tmp412 = tmp408 - tmp411;
        auto tmp414 = tmp413 * tmp1;
        auto tmp415 = static_cast<float>(tmp414);
        auto tmp417 = static_cast<float>(tmp416);
        auto tmp418 = tmp417 + tmp6;
        auto tmp419 = tmp418 > tmp8;
        auto tmp420 = metal::precise::exp(tmp418);
        auto tmp421 = tmp420 + tmp11;
        auto tmp422 = metal::precise::log(tmp421);
        auto tmp423 = tmp419 ? tmp418 : static_cast<decltype(tmp418)>(tmp422);
        auto tmp424 = tmp415 * tmp423;
        auto tmp425 = tmp412 + tmp424;
        auto tmp426 = tmp425 * tmp16;
        auto tmp427 = metal::floor(tmp426);
        auto tmp428 = tmp427 * tmp19;
        auto tmp429 = tmp425 - tmp428;
        auto tmp431 = tmp430 * tmp1;
        auto tmp432 = static_cast<float>(tmp431);
        auto tmp434 = static_cast<float>(tmp433);
        auto tmp435 = tmp434 + tmp6;
        auto tmp436 = tmp435 > tmp8;
        auto tmp437 = metal::precise::exp(tmp435);
        auto tmp438 = tmp437 + tmp11;
        auto tmp439 = metal::precise::log(tmp438);
        auto tmp440 = tmp436 ? tmp435 : static_cast<decltype(tmp435)>(tmp439);
        auto tmp441 = tmp432 * tmp440;
        auto tmp442 = tmp429 + tmp441;
        auto tmp443 = tmp442 * tmp16;
        auto tmp444 = metal::floor(tmp443);
        auto tmp445 = tmp444 * tmp19;
        auto tmp446 = tmp442 - tmp445;
        auto tmp448 = tmp447 * tmp1;
        auto tmp449 = static_cast<float>(tmp448);
        auto tmp451 = static_cast<float>(tmp450);
        auto tmp452 = tmp451 + tmp6;
        auto tmp453 = tmp452 > tmp8;
        auto tmp454 = metal::precise::exp(tmp452);
        auto tmp455 = tmp454 + tmp11;
        auto tmp456 = metal::precise::log(tmp455);
        auto tmp457 = tmp453 ? tmp452 : static_cast<decltype(tmp452)>(tmp456);
        auto tmp458 = tmp449 * tmp457;
        auto tmp459 = tmp446 + tmp458;
        auto tmp460 = tmp459 * tmp16;
        auto tmp461 = metal::floor(tmp460);
        auto tmp462 = tmp461 * tmp19;
        auto tmp463 = tmp459 - tmp462;
        auto tmp465 = tmp464 * tmp1;
        auto tmp466 = static_cast<float>(tmp465);
        auto tmp468 = static_cast<float>(tmp467);
        auto tmp469 = tmp468 + tmp6;
        auto tmp470 = tmp469 > tmp8;
        auto tmp471 = metal::precise::exp(tmp469);
        auto tmp472 = tmp471 + tmp11;
        auto tmp473 = metal::precise::log(tmp472);
        auto tmp474 = tmp470 ? tmp469 : static_cast<decltype(tmp469)>(tmp473);
        auto tmp475 = tmp466 * tmp474;
        auto tmp476 = tmp463 + tmp475;
        auto tmp477 = tmp476 * tmp16;
        auto tmp478 = metal::floor(tmp477);
        auto tmp479 = tmp478 * tmp19;
        auto tmp480 = tmp476 - tmp479;
        auto tmp482 = tmp481 * tmp1;
        auto tmp483 = static_cast<float>(tmp482);
        auto tmp485 = static_cast<float>(tmp484);
        auto tmp486 = tmp485 + tmp6;
        auto tmp487 = tmp486 > tmp8;
        auto tmp488 = metal::precise::exp(tmp486);
        auto tmp489 = tmp488 + tmp11;
        auto tmp490 = metal::precise::log(tmp489);
        auto tmp491 = tmp487 ? tmp486 : static_cast<decltype(tmp486)>(tmp490);
        auto tmp492 = tmp483 * tmp491;
        auto tmp493 = tmp480 + tmp492;
        auto tmp494 = tmp493 * tmp16;
        auto tmp495 = metal::floor(tmp494);
        auto tmp496 = tmp495 * tmp19;
        auto tmp497 = tmp493 - tmp496;
        auto tmp499 = tmp498 * tmp1;
        auto tmp500 = static_cast<float>(tmp499);
        auto tmp502 = static_cast<float>(tmp501);
        auto tmp503 = tmp502 + tmp6;
        auto tmp504 = tmp503 > tmp8;
        auto tmp505 = metal::precise::exp(tmp503);
        auto tmp506 = tmp505 + tmp11;
        auto tmp507 = metal::precise::log(tmp506);
        auto tmp508 = tmp504 ? tmp503 : static_cast<decltype(tmp503)>(tmp507);
        auto tmp509 = tmp500 * tmp508;
        auto tmp510 = tmp497 + tmp509;
        auto tmp511 = tmp510 * tmp16;
        auto tmp512 = metal::floor(tmp511);
        auto tmp513 = tmp512 * tmp19;
        auto tmp514 = tmp510 - tmp513;
        auto tmp516 = tmp515 * tmp1;
        auto tmp517 = static_cast<float>(tmp516);
        auto tmp519 = static_cast<float>(tmp518);
        auto tmp520 = tmp519 + tmp6;
        auto tmp521 = tmp520 > tmp8;
        auto tmp522 = metal::precise::exp(tmp520);
        auto tmp523 = tmp522 + tmp11;
        auto tmp524 = metal::precise::log(tmp523);
        auto tmp525 = tmp521 ? tmp520 : static_cast<decltype(tmp520)>(tmp524);
        auto tmp526 = tmp517 * tmp525;
        auto tmp527 = tmp514 + tmp526;
        auto tmp528 = tmp527 * tmp16;
        auto tmp529 = metal::floor(tmp528);
        auto tmp530 = tmp529 * tmp19;
        auto tmp531 = tmp527 - tmp530;
        auto tmp533 = tmp532 * tmp1;
        auto tmp534 = static_cast<float>(tmp533);
        auto tmp536 = static_cast<float>(tmp535);
        auto tmp537 = tmp536 + tmp6;
        auto tmp538 = tmp537 > tmp8;
        auto tmp539 = metal::precise::exp(tmp537);
        auto tmp540 = tmp539 + tmp11;
        auto tmp541 = metal::precise::log(tmp540);
        auto tmp542 = tmp538 ? tmp537 : static_cast<decltype(tmp537)>(tmp541);
        auto tmp543 = tmp534 * tmp542;
        auto tmp544 = tmp531 + tmp543;
        auto tmp545 = tmp544 * tmp16;
        auto tmp546 = metal::floor(tmp545);
        auto tmp547 = tmp546 * tmp19;
        auto tmp548 = tmp544 - tmp547;
        auto tmp550 = tmp549 * tmp1;
        auto tmp551 = static_cast<float>(tmp550);
        auto tmp553 = static_cast<float>(tmp552);
        auto tmp554 = tmp553 + tmp6;
        auto tmp555 = tmp554 > tmp8;
        auto tmp556 = metal::precise::exp(tmp554);
        auto tmp557 = tmp556 + tmp11;
        auto tmp558 = metal::precise::log(tmp557);
        auto tmp559 = tmp555 ? tmp554 : static_cast<decltype(tmp554)>(tmp558);
        auto tmp560 = tmp551 * tmp559;
        auto tmp561 = tmp548 + tmp560;
        auto tmp562 = tmp561 * tmp16;
        auto tmp563 = metal::floor(tmp562);
        auto tmp564 = tmp563 * tmp19;
        auto tmp565 = tmp561 - tmp564;
        auto tmp567 = tmp566 * tmp1;
        auto tmp568 = static_cast<float>(tmp567);
        auto tmp570 = static_cast<float>(tmp569);
        auto tmp571 = tmp570 + tmp6;
        auto tmp572 = tmp571 > tmp8;
        auto tmp573 = metal::precise::exp(tmp571);
        auto tmp574 = tmp573 + tmp11;
        auto tmp575 = metal::precise::log(tmp574);
        auto tmp576 = tmp572 ? tmp571 : static_cast<decltype(tmp571)>(tmp575);
        auto tmp577 = tmp568 * tmp576;
        auto tmp578 = tmp565 + tmp577;
        auto tmp579 = tmp578 * tmp16;
        auto tmp580 = metal::floor(tmp579);
        auto tmp581 = tmp580 * tmp19;
        auto tmp582 = tmp578 - tmp581;
        auto tmp584 = tmp583 * tmp1;
        auto tmp585 = static_cast<float>(tmp584);
        auto tmp587 = static_cast<float>(tmp586);
        auto tmp588 = tmp587 + tmp6;
        auto tmp589 = tmp588 > tmp8;
        auto tmp590 = metal::precise::exp(tmp588);
        auto tmp591 = tmp590 + tmp11;
        auto tmp592 = metal::precise::log(tmp591);
        auto tmp593 = tmp589 ? tmp588 : static_cast<decltype(tmp588)>(tmp592);
        auto tmp594 = tmp585 * tmp593;
        auto tmp595 = tmp582 + tmp594;
        auto tmp596 = tmp595 * tmp16;
        auto tmp597 = metal::floor(tmp596);
        auto tmp598 = tmp597 * tmp19;
        auto tmp599 = tmp595 - tmp598;
        auto tmp601 = tmp600 * tmp1;
        auto tmp602 = static_cast<float>(tmp601);
        auto tmp604 = static_cast<float>(tmp603);
        auto tmp605 = tmp604 + tmp6;
        auto tmp606 = tmp605 > tmp8;
        auto tmp607 = metal::precise::exp(tmp605);
        auto tmp608 = tmp607 + tmp11;
        auto tmp609 = metal::precise::log(tmp608);
        auto tmp610 = tmp606 ? tmp605 : static_cast<decltype(tmp605)>(tmp609);
        auto tmp611 = tmp602 * tmp610;
        auto tmp612 = tmp599 + tmp611;
        auto tmp613 = tmp612 * tmp16;
        auto tmp614 = metal::floor(tmp613);
        auto tmp615 = tmp614 * tmp19;
        auto tmp616 = tmp612 - tmp615;
        auto tmp618 = tmp617 * tmp1;
        auto tmp619 = static_cast<float>(tmp618);
        auto tmp621 = static_cast<float>(tmp620);
        auto tmp622 = tmp621 + tmp6;
        auto tmp623 = tmp622 > tmp8;
        auto tmp624 = metal::precise::exp(tmp622);
        auto tmp625 = tmp624 + tmp11;
        auto tmp626 = metal::precise::log(tmp625);
        auto tmp627 = tmp623 ? tmp622 : static_cast<decltype(tmp622)>(tmp626);
        auto tmp628 = tmp619 * tmp627;
        auto tmp629 = tmp616 + tmp628;
        auto tmp630 = tmp629 * tmp16;
        auto tmp631 = metal::floor(tmp630);
        auto tmp632 = tmp631 * tmp19;
        auto tmp633 = tmp629 - tmp632;
        auto tmp635 = tmp634 * tmp1;
        auto tmp636 = static_cast<float>(tmp635);
        auto tmp638 = static_cast<float>(tmp637);
        auto tmp639 = tmp638 + tmp6;
        auto tmp640 = tmp639 > tmp8;
        auto tmp641 = metal::precise::exp(tmp639);
        auto tmp642 = tmp641 + tmp11;
        auto tmp643 = metal::precise::log(tmp642);
        auto tmp644 = tmp640 ? tmp639 : static_cast<decltype(tmp639)>(tmp643);
        auto tmp645 = tmp636 * tmp644;
        auto tmp646 = tmp633 + tmp645;
        auto tmp647 = tmp646 * tmp16;
        auto tmp648 = metal::floor(tmp647);
        auto tmp649 = tmp648 * tmp19;
        auto tmp650 = tmp646 - tmp649;
        auto tmp652 = tmp651 * tmp1;
        auto tmp653 = static_cast<float>(tmp652);
        auto tmp655 = static_cast<float>(tmp654);
        auto tmp656 = tmp655 + tmp6;
        auto tmp657 = tmp656 > tmp8;
        auto tmp658 = metal::precise::exp(tmp656);
        auto tmp659 = tmp658 + tmp11;
        auto tmp660 = metal::precise::log(tmp659);
        auto tmp661 = tmp657 ? tmp656 : static_cast<decltype(tmp656)>(tmp660);
        auto tmp662 = tmp653 * tmp661;
        auto tmp663 = tmp650 + tmp662;
        auto tmp664 = tmp663 * tmp16;
        auto tmp665 = metal::floor(tmp664);
        auto tmp666 = tmp665 * tmp19;
        auto tmp667 = tmp663 - tmp666;
        auto tmp669 = tmp668 * tmp1;
        auto tmp670 = static_cast<float>(tmp669);
        auto tmp672 = static_cast<float>(tmp671);
        auto tmp673 = tmp672 + tmp6;
        auto tmp674 = tmp673 > tmp8;
        auto tmp675 = metal::precise::exp(tmp673);
        auto tmp676 = tmp675 + tmp11;
        auto tmp677 = metal::precise::log(tmp676);
        auto tmp678 = tmp674 ? tmp673 : static_cast<decltype(tmp673)>(tmp677);
        auto tmp679 = tmp670 * tmp678;
        auto tmp680 = tmp667 + tmp679;
        auto tmp681 = tmp680 * tmp16;
        auto tmp682 = metal::floor(tmp681);
        auto tmp683 = tmp682 * tmp19;
        auto tmp684 = tmp680 - tmp683;
        auto tmp686 = tmp685 * tmp1;
        auto tmp687 = static_cast<float>(tmp686);
        auto tmp689 = static_cast<float>(tmp688);
        auto tmp690 = tmp689 + tmp6;
        auto tmp691 = tmp690 > tmp8;
        auto tmp692 = metal::precise::exp(tmp690);
        auto tmp693 = tmp692 + tmp11;
        auto tmp694 = metal::precise::log(tmp693);
        auto tmp695 = tmp691 ? tmp690 : static_cast<decltype(tmp690)>(tmp694);
        auto tmp696 = tmp687 * tmp695;
        auto tmp697 = tmp684 + tmp696;
        auto tmp698 = tmp697 * tmp16;
        auto tmp699 = metal::floor(tmp698);
        auto tmp700 = tmp699 * tmp19;
        auto tmp701 = tmp697 - tmp700;
        auto tmp703 = tmp702 * tmp1;
        auto tmp704 = static_cast<float>(tmp703);
        auto tmp706 = static_cast<float>(tmp705);
        auto tmp707 = tmp706 + tmp6;
        auto tmp708 = tmp707 > tmp8;
        auto tmp709 = metal::precise::exp(tmp707);
        auto tmp710 = tmp709 + tmp11;
        auto tmp711 = metal::precise::log(tmp710);
        auto tmp712 = tmp708 ? tmp707 : static_cast<decltype(tmp707)>(tmp711);
        auto tmp713 = tmp704 * tmp712;
        auto tmp714 = tmp701 + tmp713;
        auto tmp715 = tmp714 * tmp16;
        auto tmp716 = metal::floor(tmp715);
        auto tmp717 = tmp716 * tmp19;
        auto tmp718 = tmp714 - tmp717;
        auto tmp720 = tmp719 * tmp1;
        auto tmp721 = static_cast<float>(tmp720);
        auto tmp723 = static_cast<float>(tmp722);
        auto tmp724 = tmp723 + tmp6;
        auto tmp725 = tmp724 > tmp8;
        auto tmp726 = metal::precise::exp(tmp724);
        auto tmp727 = tmp726 + tmp11;
        auto tmp728 = metal::precise::log(tmp727);
        auto tmp729 = tmp725 ? tmp724 : static_cast<decltype(tmp724)>(tmp728);
        auto tmp730 = tmp721 * tmp729;
        auto tmp731 = tmp718 + tmp730;
        auto tmp732 = tmp731 * tmp16;
        auto tmp733 = metal::floor(tmp732);
        auto tmp734 = tmp733 * tmp19;
        auto tmp735 = tmp731 - tmp734;
        auto tmp737 = tmp736 * tmp1;
        auto tmp738 = static_cast<float>(tmp737);
        auto tmp740 = static_cast<float>(tmp739);
        auto tmp741 = tmp740 + tmp6;
        auto tmp742 = tmp741 > tmp8;
        auto tmp743 = metal::precise::exp(tmp741);
        auto tmp744 = tmp743 + tmp11;
        auto tmp745 = metal::precise::log(tmp744);
        auto tmp746 = tmp742 ? tmp741 : static_cast<decltype(tmp741)>(tmp745);
        auto tmp747 = tmp738 * tmp746;
        auto tmp748 = tmp735 + tmp747;
        auto tmp749 = tmp748 * tmp16;
        auto tmp750 = metal::floor(tmp749);
        auto tmp751 = tmp750 * tmp19;
        auto tmp752 = tmp748 - tmp751;
        auto tmp754 = tmp753 * tmp1;
        auto tmp755 = static_cast<float>(tmp754);
        auto tmp757 = static_cast<float>(tmp756);
        auto tmp758 = tmp757 + tmp6;
        auto tmp759 = tmp758 > tmp8;
        auto tmp760 = metal::precise::exp(tmp758);
        auto tmp761 = tmp760 + tmp11;
        auto tmp762 = metal::precise::log(tmp761);
        auto tmp763 = tmp759 ? tmp758 : static_cast<decltype(tmp758)>(tmp762);
        auto tmp764 = tmp755 * tmp763;
        auto tmp765 = tmp752 + tmp764;
        auto tmp766 = tmp765 * tmp16;
        auto tmp767 = metal::floor(tmp766);
        auto tmp768 = tmp767 * tmp19;
        auto tmp769 = tmp765 - tmp768;
        auto tmp771 = tmp770 * tmp1;
        auto tmp772 = static_cast<float>(tmp771);
        auto tmp774 = static_cast<float>(tmp773);
        auto tmp775 = tmp774 + tmp6;
        auto tmp776 = tmp775 > tmp8;
        auto tmp777 = metal::precise::exp(tmp775);
        auto tmp778 = tmp777 + tmp11;
        auto tmp779 = metal::precise::log(tmp778);
        auto tmp780 = tmp776 ? tmp775 : static_cast<decltype(tmp775)>(tmp779);
        auto tmp781 = tmp772 * tmp780;
        auto tmp782 = tmp769 + tmp781;
        auto tmp783 = tmp782 * tmp16;
        auto tmp784 = metal::floor(tmp783);
        auto tmp785 = tmp784 * tmp19;
        auto tmp786 = tmp782 - tmp785;
        auto tmp788 = tmp787 * tmp1;
        auto tmp789 = static_cast<float>(tmp788);
        auto tmp791 = static_cast<float>(tmp790);
        auto tmp792 = tmp791 + tmp6;
        auto tmp793 = tmp792 > tmp8;
        auto tmp794 = metal::precise::exp(tmp792);
        auto tmp795 = tmp794 + tmp11;
        auto tmp796 = metal::precise::log(tmp795);
        auto tmp797 = tmp793 ? tmp792 : static_cast<decltype(tmp792)>(tmp796);
        auto tmp798 = tmp789 * tmp797;
        auto tmp799 = tmp786 + tmp798;
        auto tmp800 = tmp799 * tmp16;
        auto tmp801 = metal::floor(tmp800);
        auto tmp802 = tmp801 * tmp19;
        auto tmp803 = tmp799 - tmp802;
        auto tmp805 = tmp804 * tmp1;
        auto tmp806 = static_cast<float>(tmp805);
        auto tmp808 = static_cast<float>(tmp807);
        auto tmp809 = tmp808 + tmp6;
        auto tmp810 = tmp809 > tmp8;
        auto tmp811 = metal::precise::exp(tmp809);
        auto tmp812 = tmp811 + tmp11;
        auto tmp813 = metal::precise::log(tmp812);
        auto tmp814 = tmp810 ? tmp809 : static_cast<decltype(tmp809)>(tmp813);
        auto tmp815 = tmp806 * tmp814;
        auto tmp816 = tmp803 + tmp815;
        auto tmp817 = tmp816 * tmp16;
        auto tmp818 = metal::floor(tmp817);
        auto tmp819 = tmp818 * tmp19;
        auto tmp820 = tmp816 - tmp819;
        auto tmp822 = tmp821 * tmp1;
        auto tmp823 = static_cast<float>(tmp822);
        auto tmp825 = static_cast<float>(tmp824);
        auto tmp826 = tmp825 + tmp6;
        auto tmp827 = tmp826 > tmp8;
        auto tmp828 = metal::precise::exp(tmp826);
        auto tmp829 = tmp828 + tmp11;
        auto tmp830 = metal::precise::log(tmp829);
        auto tmp831 = tmp827 ? tmp826 : static_cast<decltype(tmp826)>(tmp830);
        auto tmp832 = tmp823 * tmp831;
        auto tmp833 = tmp820 + tmp832;
        auto tmp834 = tmp833 * tmp16;
        auto tmp835 = metal::floor(tmp834);
        auto tmp836 = tmp835 * tmp19;
        auto tmp837 = tmp833 - tmp836;
        auto tmp839 = tmp838 * tmp1;
        auto tmp840 = static_cast<float>(tmp839);
        auto tmp842 = static_cast<float>(tmp841);
        auto tmp843 = tmp842 + tmp6;
        auto tmp844 = tmp843 > tmp8;
        auto tmp845 = metal::precise::exp(tmp843);
        auto tmp846 = tmp845 + tmp11;
        auto tmp847 = metal::precise::log(tmp846);
        auto tmp848 = tmp844 ? tmp843 : static_cast<decltype(tmp843)>(tmp847);
        auto tmp849 = tmp840 * tmp848;
        auto tmp850 = tmp837 + tmp849;
        auto tmp851 = tmp850 * tmp16;
        auto tmp852 = metal::floor(tmp851);
        auto tmp853 = tmp852 * tmp19;
        auto tmp854 = tmp850 - tmp853;
        auto tmp856 = tmp855 * tmp1;
        auto tmp857 = static_cast<float>(tmp856);
        auto tmp859 = static_cast<float>(tmp858);
        auto tmp860 = tmp859 + tmp6;
        auto tmp861 = tmp860 > tmp8;
        auto tmp862 = metal::precise::exp(tmp860);
        auto tmp863 = tmp862 + tmp11;
        auto tmp864 = metal::precise::log(tmp863);
        auto tmp865 = tmp861 ? tmp860 : static_cast<decltype(tmp860)>(tmp864);
        auto tmp866 = tmp857 * tmp865;
        auto tmp867 = tmp854 + tmp866;
        auto tmp868 = tmp867 * tmp16;
        auto tmp869 = metal::floor(tmp868);
        auto tmp870 = tmp869 * tmp19;
        auto tmp871 = tmp867 - tmp870;
        auto tmp873 = tmp872 * tmp1;
        auto tmp874 = static_cast<float>(tmp873);
        auto tmp876 = static_cast<float>(tmp875);
        auto tmp877 = tmp876 + tmp6;
        auto tmp878 = tmp877 > tmp8;
        auto tmp879 = metal::precise::exp(tmp877);
        auto tmp880 = tmp879 + tmp11;
        auto tmp881 = metal::precise::log(tmp880);
        auto tmp882 = tmp878 ? tmp877 : static_cast<decltype(tmp877)>(tmp881);
        auto tmp883 = tmp874 * tmp882;
        auto tmp884 = tmp871 + tmp883;
        auto tmp885 = tmp884 * tmp16;
        auto tmp886 = metal::floor(tmp885);
        auto tmp887 = tmp886 * tmp19;
        auto tmp888 = tmp884 - tmp887;
        auto tmp890 = tmp889 * tmp1;
        auto tmp891 = static_cast<float>(tmp890);
        auto tmp893 = static_cast<float>(tmp892);
        auto tmp894 = tmp893 + tmp6;
        auto tmp895 = tmp894 > tmp8;
        auto tmp896 = metal::precise::exp(tmp894);
        auto tmp897 = tmp896 + tmp11;
        auto tmp898 = metal::precise::log(tmp897);
        auto tmp899 = tmp895 ? tmp894 : static_cast<decltype(tmp894)>(tmp898);
        auto tmp900 = tmp891 * tmp899;
        auto tmp901 = tmp888 + tmp900;
        auto tmp902 = tmp901 * tmp16;
        auto tmp903 = metal::floor(tmp902);
        auto tmp904 = tmp903 * tmp19;
        auto tmp905 = tmp901 - tmp904;
        auto tmp907 = tmp906 * tmp1;
        auto tmp908 = static_cast<float>(tmp907);
        auto tmp910 = static_cast<float>(tmp909);
        auto tmp911 = tmp910 + tmp6;
        auto tmp912 = tmp911 > tmp8;
        auto tmp913 = metal::precise::exp(tmp911);
        auto tmp914 = tmp913 + tmp11;
        auto tmp915 = metal::precise::log(tmp914);
        auto tmp916 = tmp912 ? tmp911 : static_cast<decltype(tmp911)>(tmp915);
        auto tmp917 = tmp908 * tmp916;
        auto tmp918 = tmp905 + tmp917;
        auto tmp919 = tmp918 * tmp16;
        auto tmp920 = metal::floor(tmp919);
        auto tmp921 = tmp920 * tmp19;
        auto tmp922 = tmp918 - tmp921;
        auto tmp924 = tmp923 * tmp1;
        auto tmp925 = static_cast<float>(tmp924);
        auto tmp927 = static_cast<float>(tmp926);
        auto tmp928 = tmp927 + tmp6;
        auto tmp929 = tmp928 > tmp8;
        auto tmp930 = metal::precise::exp(tmp928);
        auto tmp931 = tmp930 + tmp11;
        auto tmp932 = metal::precise::log(tmp931);
        auto tmp933 = tmp929 ? tmp928 : static_cast<decltype(tmp928)>(tmp932);
        auto tmp934 = tmp925 * tmp933;
        auto tmp935 = tmp922 + tmp934;
        auto tmp936 = tmp935 * tmp16;
        auto tmp937 = metal::floor(tmp936);
        auto tmp938 = tmp937 * tmp19;
        auto tmp939 = tmp935 - tmp938;
        auto tmp941 = tmp940 * tmp1;
        auto tmp942 = static_cast<float>(tmp941);
        auto tmp944 = static_cast<float>(tmp943);
        auto tmp945 = tmp944 + tmp6;
        auto tmp946 = tmp945 > tmp8;
        auto tmp947 = metal::precise::exp(tmp945);
        auto tmp948 = tmp947 + tmp11;
        auto tmp949 = metal::precise::log(tmp948);
        auto tmp950 = tmp946 ? tmp945 : static_cast<decltype(tmp945)>(tmp949);
        auto tmp951 = tmp942 * tmp950;
        auto tmp952 = tmp939 + tmp951;
        auto tmp953 = tmp952 * tmp16;
        auto tmp954 = metal::floor(tmp953);
        auto tmp955 = tmp954 * tmp19;
        auto tmp956 = tmp952 - tmp955;
        auto tmp958 = tmp957 * tmp1;
        auto tmp959 = static_cast<float>(tmp958);
        auto tmp961 = static_cast<float>(tmp960);
        auto tmp962 = tmp961 + tmp6;
        auto tmp963 = tmp962 > tmp8;
        auto tmp964 = metal::precise::exp(tmp962);
        auto tmp965 = tmp964 + tmp11;
        auto tmp966 = metal::precise::log(tmp965);
        auto tmp967 = tmp963 ? tmp962 : static_cast<decltype(tmp962)>(tmp966);
        auto tmp968 = tmp959 * tmp967;
        auto tmp969 = tmp956 + tmp968;
        auto tmp970 = tmp969 * tmp16;
        auto tmp971 = metal::floor(tmp970);
        auto tmp972 = tmp971 * tmp19;
        auto tmp973 = tmp969 - tmp972;
        auto tmp975 = tmp974 * tmp1;
        auto tmp976 = static_cast<float>(tmp975);
        auto tmp978 = static_cast<float>(tmp977);
        auto tmp979 = tmp978 + tmp6;
        auto tmp980 = tmp979 > tmp8;
        auto tmp981 = metal::precise::exp(tmp979);
        auto tmp982 = tmp981 + tmp11;
        auto tmp983 = metal::precise::log(tmp982);
        auto tmp984 = tmp980 ? tmp979 : static_cast<decltype(tmp979)>(tmp983);
        auto tmp985 = tmp976 * tmp984;
        auto tmp986 = tmp973 + tmp985;
        auto tmp987 = tmp986 * tmp16;
        auto tmp988 = metal::floor(tmp987);
        auto tmp989 = tmp988 * tmp19;
        auto tmp990 = tmp986 - tmp989;
        auto tmp992 = tmp991 * tmp1;
        auto tmp993 = static_cast<float>(tmp992);
        auto tmp995 = static_cast<float>(tmp994);
        auto tmp996 = tmp995 + tmp6;
        auto tmp997 = tmp996 > tmp8;
        auto tmp998 = metal::precise::exp(tmp996);
        auto tmp999 = tmp998 + tmp11;
        auto tmp1000 = metal::precise::log(tmp999);
        auto tmp1001 = tmp997 ? tmp996 : static_cast<decltype(tmp996)>(tmp1000);
        auto tmp1002 = tmp993 * tmp1001;
        auto tmp1003 = tmp990 + tmp1002;
        auto tmp1004 = tmp1003 * tmp16;
        auto tmp1005 = metal::floor(tmp1004);
        auto tmp1006 = tmp1005 * tmp19;
        auto tmp1007 = tmp1003 - tmp1006;
        auto tmp1009 = tmp1008 * tmp1;
        auto tmp1010 = static_cast<float>(tmp1009);
        auto tmp1012 = static_cast<float>(tmp1011);
        auto tmp1013 = tmp1012 + tmp6;
        auto tmp1014 = tmp1013 > tmp8;
        auto tmp1015 = metal::precise::exp(tmp1013);
        auto tmp1016 = tmp1015 + tmp11;
        auto tmp1017 = metal::precise::log(tmp1016);
        auto tmp1018 = tmp1014 ? tmp1013 : static_cast<decltype(tmp1013)>(tmp1017);
        auto tmp1019 = tmp1010 * tmp1018;
        auto tmp1020 = tmp1007 + tmp1019;
        auto tmp1021 = tmp1020 * tmp16;
        auto tmp1022 = metal::floor(tmp1021);
        auto tmp1023 = tmp1022 * tmp19;
        auto tmp1024 = tmp1020 - tmp1023;
        auto tmp1026 = tmp1025 * tmp1;
        auto tmp1027 = static_cast<float>(tmp1026);
        auto tmp1029 = static_cast<float>(tmp1028);
        auto tmp1030 = tmp1029 + tmp6;
        auto tmp1031 = tmp1030 > tmp8;
        auto tmp1032 = metal::precise::exp(tmp1030);
        auto tmp1033 = tmp1032 + tmp11;
        auto tmp1034 = metal::precise::log(tmp1033);
        auto tmp1035 = tmp1031 ? tmp1030 : static_cast<decltype(tmp1030)>(tmp1034);
        auto tmp1036 = tmp1027 * tmp1035;
        auto tmp1037 = tmp1024 + tmp1036;
        auto tmp1038 = tmp1037 * tmp16;
        auto tmp1039 = metal::floor(tmp1038);
        auto tmp1040 = tmp1039 * tmp19;
        auto tmp1041 = tmp1037 - tmp1040;
        auto tmp1043 = tmp1042 * tmp1;
        auto tmp1044 = static_cast<float>(tmp1043);
        auto tmp1046 = static_cast<float>(tmp1045);
        auto tmp1047 = tmp1046 + tmp6;
        auto tmp1048 = tmp1047 > tmp8;
        auto tmp1049 = metal::precise::exp(tmp1047);
        auto tmp1050 = tmp1049 + tmp11;
        auto tmp1051 = metal::precise::log(tmp1050);
        auto tmp1052 = tmp1048 ? tmp1047 : static_cast<decltype(tmp1047)>(tmp1051);
        auto tmp1053 = tmp1044 * tmp1052;
        auto tmp1054 = tmp1041 + tmp1053;
        auto tmp1055 = tmp1054 * tmp16;
        auto tmp1056 = metal::floor(tmp1055);
        auto tmp1057 = tmp1056 * tmp19;
        auto tmp1058 = tmp1054 - tmp1057;
        auto tmp1060 = tmp1059 * tmp1;
        auto tmp1061 = static_cast<float>(tmp1060);
        auto tmp1063 = static_cast<float>(tmp1062);
        auto tmp1064 = tmp1063 + tmp6;
        auto tmp1065 = tmp1064 > tmp8;
        auto tmp1066 = metal::precise::exp(tmp1064);
        auto tmp1067 = tmp1066 + tmp11;
        auto tmp1068 = metal::precise::log(tmp1067);
        auto tmp1069 = tmp1065 ? tmp1064 : static_cast<decltype(tmp1064)>(tmp1068);
        auto tmp1070 = tmp1061 * tmp1069;
        auto tmp1071 = tmp1058 + tmp1070;
        auto tmp1072 = tmp1071 * tmp16;
        auto tmp1073 = metal::floor(tmp1072);
        auto tmp1074 = tmp1073 * tmp19;
        auto tmp1075 = tmp1071 - tmp1074;
        auto tmp1077 = tmp1076 * tmp1;
        auto tmp1078 = static_cast<float>(tmp1077);
        auto tmp1080 = static_cast<float>(tmp1079);
        auto tmp1081 = tmp1080 + tmp6;
        auto tmp1082 = tmp1081 > tmp8;
        auto tmp1083 = metal::precise::exp(tmp1081);
        auto tmp1084 = tmp1083 + tmp11;
        auto tmp1085 = metal::precise::log(tmp1084);
        auto tmp1086 = tmp1082 ? tmp1081 : static_cast<decltype(tmp1081)>(tmp1085);
        auto tmp1087 = tmp1078 * tmp1086;
        auto tmp1088 = tmp1075 + tmp1087;
        auto tmp1089 = tmp1088 * tmp16;
        auto tmp1090 = metal::floor(tmp1089);
        auto tmp1091 = tmp1090 * tmp19;
        auto tmp1092 = tmp1088 - tmp1091;
        auto tmp1094 = tmp1093 * tmp1;
        auto tmp1095 = static_cast<float>(tmp1094);
        auto tmp1097 = static_cast<float>(tmp1096);
        auto tmp1098 = tmp1097 + tmp6;
        auto tmp1099 = tmp1098 > tmp8;
        auto tmp1100 = metal::precise::exp(tmp1098);
        auto tmp1101 = tmp1100 + tmp11;
        auto tmp1102 = metal::precise::log(tmp1101);
        auto tmp1103 = tmp1099 ? tmp1098 : static_cast<decltype(tmp1098)>(tmp1102);
        auto tmp1104 = tmp1095 * tmp1103;
        auto tmp1105 = tmp1092 + tmp1104;
        auto tmp1106 = tmp1105 * tmp16;
        auto tmp1107 = metal::floor(tmp1106);
        auto tmp1108 = tmp1107 * tmp19;
        auto tmp1109 = tmp1105 - tmp1108;
        auto tmp1111 = tmp1110 * tmp1;
        auto tmp1112 = static_cast<float>(tmp1111);
        auto tmp1114 = static_cast<float>(tmp1113);
        auto tmp1115 = tmp1114 + tmp6;
        auto tmp1116 = tmp1115 > tmp8;
        auto tmp1117 = metal::precise::exp(tmp1115);
        auto tmp1118 = tmp1117 + tmp11;
        auto tmp1119 = metal::precise::log(tmp1118);
        auto tmp1120 = tmp1116 ? tmp1115 : static_cast<decltype(tmp1115)>(tmp1119);
        auto tmp1121 = tmp1112 * tmp1120;
        auto tmp1122 = tmp1109 + tmp1121;
        auto tmp1123 = tmp1122 * tmp16;
        auto tmp1124 = metal::floor(tmp1123);
        auto tmp1125 = tmp1124 * tmp19;
        auto tmp1126 = tmp1122 - tmp1125;
        auto tmp1128 = tmp1127 * tmp1;
        auto tmp1129 = static_cast<float>(tmp1128);
        auto tmp1131 = static_cast<float>(tmp1130);
        auto tmp1132 = tmp1131 + tmp6;
        auto tmp1133 = tmp1132 > tmp8;
        auto tmp1134 = metal::precise::exp(tmp1132);
        auto tmp1135 = tmp1134 + tmp11;
        auto tmp1136 = metal::precise::log(tmp1135);
        auto tmp1137 = tmp1133 ? tmp1132 : static_cast<decltype(tmp1132)>(tmp1136);
        auto tmp1138 = tmp1129 * tmp1137;
        auto tmp1139 = tmp1126 + tmp1138;
        auto tmp1140 = tmp1139 * tmp16;
        auto tmp1141 = metal::floor(tmp1140);
        auto tmp1142 = tmp1141 * tmp19;
        auto tmp1143 = tmp1139 - tmp1142;
        auto tmp1145 = tmp1144 * tmp1;
        auto tmp1146 = static_cast<float>(tmp1145);
        auto tmp1148 = static_cast<float>(tmp1147);
        auto tmp1149 = tmp1148 + tmp6;
        auto tmp1150 = tmp1149 > tmp8;
        auto tmp1151 = metal::precise::exp(tmp1149);
        auto tmp1152 = tmp1151 + tmp11;
        auto tmp1153 = metal::precise::log(tmp1152);
        auto tmp1154 = tmp1150 ? tmp1149 : static_cast<decltype(tmp1149)>(tmp1153);
        auto tmp1155 = tmp1146 * tmp1154;
        auto tmp1156 = tmp1143 + tmp1155;
        auto tmp1157 = tmp1156 * tmp16;
        auto tmp1158 = metal::floor(tmp1157);
        auto tmp1159 = tmp1158 * tmp19;
        auto tmp1160 = tmp1156 - tmp1159;
        auto tmp1162 = tmp1161 * tmp1;
        auto tmp1163 = static_cast<float>(tmp1162);
        auto tmp1165 = static_cast<float>(tmp1164);
        auto tmp1166 = tmp1165 + tmp6;
        auto tmp1167 = tmp1166 > tmp8;
        auto tmp1168 = metal::precise::exp(tmp1166);
        auto tmp1169 = tmp1168 + tmp11;
        auto tmp1170 = metal::precise::log(tmp1169);
        auto tmp1171 = tmp1167 ? tmp1166 : static_cast<decltype(tmp1166)>(tmp1170);
        auto tmp1172 = tmp1163 * tmp1171;
        auto tmp1173 = tmp1160 + tmp1172;
        auto tmp1174 = tmp1173 * tmp16;
        auto tmp1175 = metal::floor(tmp1174);
        auto tmp1176 = tmp1175 * tmp19;
        auto tmp1177 = tmp1173 - tmp1176;
        auto tmp1179 = tmp1178 * tmp1;
        auto tmp1180 = static_cast<float>(tmp1179);
        auto tmp1182 = static_cast<float>(tmp1181);
        auto tmp1183 = tmp1182 + tmp6;
        auto tmp1184 = tmp1183 > tmp8;
        auto tmp1185 = metal::precise::exp(tmp1183);
        auto tmp1186 = tmp1185 + tmp11;
        auto tmp1187 = metal::precise::log(tmp1186);
        auto tmp1188 = tmp1184 ? tmp1183 : static_cast<decltype(tmp1183)>(tmp1187);
        auto tmp1189 = tmp1180 * tmp1188;
        auto tmp1190 = tmp1177 + tmp1189;
        auto tmp1191 = tmp1190 * tmp16;
        auto tmp1192 = metal::floor(tmp1191);
        auto tmp1193 = tmp1192 * tmp19;
        auto tmp1194 = tmp1190 - tmp1193;
        auto tmp1196 = tmp1195 * tmp1;
        auto tmp1197 = static_cast<float>(tmp1196);
        auto tmp1199 = static_cast<float>(tmp1198);
        auto tmp1200 = tmp1199 + tmp6;
        auto tmp1201 = tmp1200 > tmp8;
        auto tmp1202 = metal::precise::exp(tmp1200);
        auto tmp1203 = tmp1202 + tmp11;
        auto tmp1204 = metal::precise::log(tmp1203);
        auto tmp1205 = tmp1201 ? tmp1200 : static_cast<decltype(tmp1200)>(tmp1204);
        auto tmp1206 = tmp1197 * tmp1205;
        auto tmp1207 = tmp1194 + tmp1206;
        auto tmp1208 = tmp1207 * tmp16;
        auto tmp1209 = metal::floor(tmp1208);
        auto tmp1210 = tmp1209 * tmp19;
        auto tmp1211 = tmp1207 - tmp1210;
        auto tmp1213 = tmp1212 * tmp1;
        auto tmp1214 = static_cast<float>(tmp1213);
        auto tmp1216 = static_cast<float>(tmp1215);
        auto tmp1217 = tmp1216 + tmp6;
        auto tmp1218 = tmp1217 > tmp8;
        auto tmp1219 = metal::precise::exp(tmp1217);
        auto tmp1220 = tmp1219 + tmp11;
        auto tmp1221 = metal::precise::log(tmp1220);
        auto tmp1222 = tmp1218 ? tmp1217 : static_cast<decltype(tmp1217)>(tmp1221);
        auto tmp1223 = tmp1214 * tmp1222;
        auto tmp1224 = tmp1211 + tmp1223;
        auto tmp1225 = tmp1224 * tmp16;
        auto tmp1226 = metal::floor(tmp1225);
        auto tmp1227 = tmp1226 * tmp19;
        auto tmp1228 = tmp1224 - tmp1227;
        auto tmp1230 = tmp1229 * tmp1;
        auto tmp1231 = static_cast<float>(tmp1230);
        auto tmp1233 = static_cast<float>(tmp1232);
        auto tmp1234 = tmp1233 + tmp6;
        auto tmp1235 = tmp1234 > tmp8;
        auto tmp1236 = metal::precise::exp(tmp1234);
        auto tmp1237 = tmp1236 + tmp11;
        auto tmp1238 = metal::precise::log(tmp1237);
        auto tmp1239 = tmp1235 ? tmp1234 : static_cast<decltype(tmp1234)>(tmp1238);
        auto tmp1240 = tmp1231 * tmp1239;
        auto tmp1241 = tmp1228 + tmp1240;
        auto tmp1242 = tmp1241 * tmp16;
        auto tmp1243 = metal::floor(tmp1242);
        auto tmp1244 = tmp1243 * tmp19;
        auto tmp1245 = tmp1241 - tmp1244;
        auto tmp1247 = tmp1246 * tmp1;
        auto tmp1248 = static_cast<float>(tmp1247);
        auto tmp1250 = static_cast<float>(tmp1249);
        auto tmp1251 = tmp1250 + tmp6;
        auto tmp1252 = tmp1251 > tmp8;
        auto tmp1253 = metal::precise::exp(tmp1251);
        auto tmp1254 = tmp1253 + tmp11;
        auto tmp1255 = metal::precise::log(tmp1254);
        auto tmp1256 = tmp1252 ? tmp1251 : static_cast<decltype(tmp1251)>(tmp1255);
        auto tmp1257 = tmp1248 * tmp1256;
        auto tmp1258 = tmp1245 + tmp1257;
        auto tmp1259 = tmp1258 * tmp16;
        auto tmp1260 = metal::floor(tmp1259);
        auto tmp1261 = tmp1260 * tmp19;
        auto tmp1262 = tmp1258 - tmp1261;
        auto tmp1264 = tmp1263 * tmp1;
        auto tmp1265 = static_cast<float>(tmp1264);
        auto tmp1267 = static_cast<float>(tmp1266);
        auto tmp1268 = tmp1267 + tmp6;
        auto tmp1269 = tmp1268 > tmp8;
        auto tmp1270 = metal::precise::exp(tmp1268);
        auto tmp1271 = tmp1270 + tmp11;
        auto tmp1272 = metal::precise::log(tmp1271);
        auto tmp1273 = tmp1269 ? tmp1268 : static_cast<decltype(tmp1268)>(tmp1272);
        auto tmp1274 = tmp1265 * tmp1273;
        auto tmp1275 = tmp1262 + tmp1274;
        auto tmp1276 = tmp1275 * tmp16;
        auto tmp1277 = metal::floor(tmp1276);
        auto tmp1278 = tmp1277 * tmp19;
        auto tmp1279 = tmp1275 - tmp1278;
        auto tmp1281 = tmp1280 * tmp1;
        auto tmp1282 = static_cast<float>(tmp1281);
        auto tmp1284 = static_cast<float>(tmp1283);
        auto tmp1285 = tmp1284 + tmp6;
        auto tmp1286 = tmp1285 > tmp8;
        auto tmp1287 = metal::precise::exp(tmp1285);
        auto tmp1288 = tmp1287 + tmp11;
        auto tmp1289 = metal::precise::log(tmp1288);
        auto tmp1290 = tmp1286 ? tmp1285 : static_cast<decltype(tmp1285)>(tmp1289);
        auto tmp1291 = tmp1282 * tmp1290;
        auto tmp1292 = tmp1279 + tmp1291;
        auto tmp1293 = tmp1292 * tmp16;
        auto tmp1294 = metal::floor(tmp1293);
        auto tmp1295 = tmp1294 * tmp19;
        auto tmp1296 = tmp1292 - tmp1295;
        auto tmp1298 = tmp1297 * tmp1;
        auto tmp1299 = static_cast<float>(tmp1298);
        auto tmp1301 = static_cast<float>(tmp1300);
        auto tmp1302 = tmp1301 + tmp6;
        auto tmp1303 = tmp1302 > tmp8;
        auto tmp1304 = metal::precise::exp(tmp1302);
        auto tmp1305 = tmp1304 + tmp11;
        auto tmp1306 = metal::precise::log(tmp1305);
        auto tmp1307 = tmp1303 ? tmp1302 : static_cast<decltype(tmp1302)>(tmp1306);
        auto tmp1308 = tmp1299 * tmp1307;
        auto tmp1309 = tmp1296 + tmp1308;
        auto tmp1310 = tmp1309 * tmp16;
        auto tmp1311 = metal::floor(tmp1310);
        auto tmp1312 = tmp1311 * tmp19;
        auto tmp1313 = tmp1309 - tmp1312;
        auto tmp1315 = tmp1314 * tmp1;
        auto tmp1316 = static_cast<float>(tmp1315);
        auto tmp1318 = static_cast<float>(tmp1317);
        auto tmp1319 = tmp1318 + tmp6;
        auto tmp1320 = tmp1319 > tmp8;
        auto tmp1321 = metal::precise::exp(tmp1319);
        auto tmp1322 = tmp1321 + tmp11;
        auto tmp1323 = metal::precise::log(tmp1322);
        auto tmp1324 = tmp1320 ? tmp1319 : static_cast<decltype(tmp1319)>(tmp1323);
        auto tmp1325 = tmp1316 * tmp1324;
        auto tmp1326 = tmp1313 + tmp1325;
        auto tmp1327 = tmp1326 * tmp16;
        auto tmp1328 = metal::floor(tmp1327);
        auto tmp1329 = tmp1328 * tmp19;
        auto tmp1330 = tmp1326 - tmp1329;
        auto tmp1332 = tmp1331 * tmp1;
        auto tmp1333 = static_cast<float>(tmp1332);
        auto tmp1335 = static_cast<float>(tmp1334);
        auto tmp1336 = tmp1335 + tmp6;
        auto tmp1337 = tmp1336 > tmp8;
        auto tmp1338 = metal::precise::exp(tmp1336);
        auto tmp1339 = tmp1338 + tmp11;
        auto tmp1340 = metal::precise::log(tmp1339);
        auto tmp1341 = tmp1337 ? tmp1336 : static_cast<decltype(tmp1336)>(tmp1340);
        auto tmp1342 = tmp1333 * tmp1341;
        auto tmp1343 = tmp1330 + tmp1342;
        auto tmp1344 = tmp1343 * tmp16;
        auto tmp1345 = metal::floor(tmp1344);
        auto tmp1346 = tmp1345 * tmp19;
        auto tmp1347 = tmp1343 - tmp1346;
        auto tmp1349 = tmp1348 * tmp1;
        auto tmp1350 = static_cast<float>(tmp1349);
        auto tmp1352 = static_cast<float>(tmp1351);
        auto tmp1353 = tmp1352 + tmp6;
        auto tmp1354 = tmp1353 > tmp8;
        auto tmp1355 = metal::precise::exp(tmp1353);
        auto tmp1356 = tmp1355 + tmp11;
        auto tmp1357 = metal::precise::log(tmp1356);
        auto tmp1358 = tmp1354 ? tmp1353 : static_cast<decltype(tmp1353)>(tmp1357);
        auto tmp1359 = tmp1350 * tmp1358;
        auto tmp1360 = tmp1347 + tmp1359;
        auto tmp1361 = tmp1360 * tmp16;
        auto tmp1362 = metal::floor(tmp1361);
        auto tmp1363 = tmp1362 * tmp19;
        auto tmp1364 = tmp1360 - tmp1363;
        auto tmp1366 = tmp1365 * tmp1;
        auto tmp1367 = static_cast<float>(tmp1366);
        auto tmp1369 = static_cast<float>(tmp1368);
        auto tmp1370 = tmp1369 + tmp6;
        auto tmp1371 = tmp1370 > tmp8;
        auto tmp1372 = metal::precise::exp(tmp1370);
        auto tmp1373 = tmp1372 + tmp11;
        auto tmp1374 = metal::precise::log(tmp1373);
        auto tmp1375 = tmp1371 ? tmp1370 : static_cast<decltype(tmp1370)>(tmp1374);
        auto tmp1376 = tmp1367 * tmp1375;
        auto tmp1377 = tmp1364 + tmp1376;
        auto tmp1378 = tmp1377 * tmp16;
        auto tmp1379 = metal::floor(tmp1378);
        auto tmp1380 = tmp1379 * tmp19;
        auto tmp1381 = tmp1377 - tmp1380;
        auto tmp1383 = tmp1382 * tmp1;
        auto tmp1384 = static_cast<float>(tmp1383);
        auto tmp1386 = static_cast<float>(tmp1385);
        auto tmp1387 = tmp1386 + tmp6;
        auto tmp1388 = tmp1387 > tmp8;
        auto tmp1389 = metal::precise::exp(tmp1387);
        auto tmp1390 = tmp1389 + tmp11;
        auto tmp1391 = metal::precise::log(tmp1390);
        auto tmp1392 = tmp1388 ? tmp1387 : static_cast<decltype(tmp1387)>(tmp1391);
        auto tmp1393 = tmp1384 * tmp1392;
        auto tmp1394 = tmp1381 + tmp1393;
        auto tmp1395 = tmp1394 * tmp16;
        auto tmp1396 = metal::floor(tmp1395);
        auto tmp1397 = tmp1396 * tmp19;
        auto tmp1398 = tmp1394 - tmp1397;
        auto tmp1400 = tmp1399 * tmp1;
        auto tmp1401 = static_cast<float>(tmp1400);
        auto tmp1403 = static_cast<float>(tmp1402);
        auto tmp1404 = tmp1403 + tmp6;
        auto tmp1405 = tmp1404 > tmp8;
        auto tmp1406 = metal::precise::exp(tmp1404);
        auto tmp1407 = tmp1406 + tmp11;
        auto tmp1408 = metal::precise::log(tmp1407);
        auto tmp1409 = tmp1405 ? tmp1404 : static_cast<decltype(tmp1404)>(tmp1408);
        auto tmp1410 = tmp1401 * tmp1409;
        auto tmp1411 = tmp1398 + tmp1410;
        auto tmp1412 = tmp1411 * tmp16;
        auto tmp1413 = metal::floor(tmp1412);
        auto tmp1414 = tmp1413 * tmp19;
        auto tmp1415 = tmp1411 - tmp1414;
        auto tmp1417 = tmp1416 * tmp1;
        auto tmp1418 = static_cast<float>(tmp1417);
        auto tmp1420 = static_cast<float>(tmp1419);
        auto tmp1421 = tmp1420 + tmp6;
        auto tmp1422 = tmp1421 > tmp8;
        auto tmp1423 = metal::precise::exp(tmp1421);
        auto tmp1424 = tmp1423 + tmp11;
        auto tmp1425 = metal::precise::log(tmp1424);
        auto tmp1426 = tmp1422 ? tmp1421 : static_cast<decltype(tmp1421)>(tmp1425);
        auto tmp1427 = tmp1418 * tmp1426;
        auto tmp1428 = tmp1415 + tmp1427;
        auto tmp1429 = tmp1428 * tmp16;
        auto tmp1430 = metal::floor(tmp1429);
        auto tmp1431 = tmp1430 * tmp19;
        auto tmp1432 = tmp1428 - tmp1431;
        auto tmp1434 = tmp1433 * tmp1;
        auto tmp1435 = static_cast<float>(tmp1434);
        auto tmp1437 = static_cast<float>(tmp1436);
        auto tmp1438 = tmp1437 + tmp6;
        auto tmp1439 = tmp1438 > tmp8;
        auto tmp1440 = metal::precise::exp(tmp1438);
        auto tmp1441 = tmp1440 + tmp11;
        auto tmp1442 = metal::precise::log(tmp1441);
        auto tmp1443 = tmp1439 ? tmp1438 : static_cast<decltype(tmp1438)>(tmp1442);
        auto tmp1444 = tmp1435 * tmp1443;
        auto tmp1445 = tmp1432 + tmp1444;
        auto tmp1446 = tmp1445 * tmp16;
        auto tmp1447 = metal::floor(tmp1446);
        auto tmp1448 = tmp1447 * tmp19;
        auto tmp1449 = tmp1445 - tmp1448;
        auto tmp1451 = tmp1450 * tmp1;
        auto tmp1452 = static_cast<float>(tmp1451);
        auto tmp1454 = static_cast<float>(tmp1453);
        auto tmp1455 = tmp1454 + tmp6;
        auto tmp1456 = tmp1455 > tmp8;
        auto tmp1457 = metal::precise::exp(tmp1455);
        auto tmp1458 = tmp1457 + tmp11;
        auto tmp1459 = metal::precise::log(tmp1458);
        auto tmp1460 = tmp1456 ? tmp1455 : static_cast<decltype(tmp1455)>(tmp1459);
        auto tmp1461 = tmp1452 * tmp1460;
        auto tmp1462 = tmp1449 + tmp1461;
        auto tmp1463 = tmp1462 * tmp16;
        auto tmp1464 = metal::floor(tmp1463);
        auto tmp1465 = tmp1464 * tmp19;
        auto tmp1466 = tmp1462 - tmp1465;
        auto tmp1468 = tmp1467 * tmp1;
        auto tmp1469 = static_cast<float>(tmp1468);
        auto tmp1471 = static_cast<float>(tmp1470);
        auto tmp1472 = tmp1471 + tmp6;
        auto tmp1473 = tmp1472 > tmp8;
        auto tmp1474 = metal::precise::exp(tmp1472);
        auto tmp1475 = tmp1474 + tmp11;
        auto tmp1476 = metal::precise::log(tmp1475);
        auto tmp1477 = tmp1473 ? tmp1472 : static_cast<decltype(tmp1472)>(tmp1476);
        auto tmp1478 = tmp1469 * tmp1477;
        auto tmp1479 = tmp1466 + tmp1478;
        auto tmp1480 = tmp1479 * tmp16;
        auto tmp1481 = metal::floor(tmp1480);
        auto tmp1482 = tmp1481 * tmp19;
        auto tmp1483 = tmp1479 - tmp1482;
        auto tmp1485 = tmp1484 * tmp1;
        auto tmp1486 = static_cast<float>(tmp1485);
        auto tmp1488 = static_cast<float>(tmp1487);
        auto tmp1489 = tmp1488 + tmp6;
        auto tmp1490 = tmp1489 > tmp8;
        auto tmp1491 = metal::precise::exp(tmp1489);
        auto tmp1492 = tmp1491 + tmp11;
        auto tmp1493 = metal::precise::log(tmp1492);
        auto tmp1494 = tmp1490 ? tmp1489 : static_cast<decltype(tmp1489)>(tmp1493);
        auto tmp1495 = tmp1486 * tmp1494;
        auto tmp1496 = tmp1483 + tmp1495;
        auto tmp1497 = tmp1496 * tmp16;
        auto tmp1498 = metal::floor(tmp1497);
        auto tmp1499 = tmp1498 * tmp19;
        auto tmp1500 = tmp1496 - tmp1499;
        auto tmp1502 = tmp1501 * tmp1;
        auto tmp1503 = static_cast<float>(tmp1502);
        auto tmp1505 = static_cast<float>(tmp1504);
        auto tmp1506 = tmp1505 + tmp6;
        auto tmp1507 = tmp1506 > tmp8;
        auto tmp1508 = metal::precise::exp(tmp1506);
        auto tmp1509 = tmp1508 + tmp11;
        auto tmp1510 = metal::precise::log(tmp1509);
        auto tmp1511 = tmp1507 ? tmp1506 : static_cast<decltype(tmp1506)>(tmp1510);
        auto tmp1512 = tmp1503 * tmp1511;
        auto tmp1513 = tmp1500 + tmp1512;
        auto tmp1514 = tmp1513 * tmp16;
        auto tmp1515 = metal::floor(tmp1514);
        auto tmp1516 = tmp1515 * tmp19;
        auto tmp1517 = tmp1513 - tmp1516;
        auto tmp1519 = tmp1518 * tmp1;
        auto tmp1520 = static_cast<float>(tmp1519);
        auto tmp1522 = static_cast<float>(tmp1521);
        auto tmp1523 = tmp1522 + tmp6;
        auto tmp1524 = tmp1523 > tmp8;
        auto tmp1525 = metal::precise::exp(tmp1523);
        auto tmp1526 = tmp1525 + tmp11;
        auto tmp1527 = metal::precise::log(tmp1526);
        auto tmp1528 = tmp1524 ? tmp1523 : static_cast<decltype(tmp1523)>(tmp1527);
        auto tmp1529 = tmp1520 * tmp1528;
        auto tmp1530 = tmp1517 + tmp1529;
        auto tmp1531 = tmp1530 * tmp16;
        auto tmp1532 = metal::floor(tmp1531);
        auto tmp1533 = tmp1532 * tmp19;
        auto tmp1534 = tmp1530 - tmp1533;
        auto tmp1536 = tmp1535 * tmp1;
        auto tmp1537 = static_cast<float>(tmp1536);
        auto tmp1539 = static_cast<float>(tmp1538);
        auto tmp1540 = tmp1539 + tmp6;
        auto tmp1541 = tmp1540 > tmp8;
        auto tmp1542 = metal::precise::exp(tmp1540);
        auto tmp1543 = tmp1542 + tmp11;
        auto tmp1544 = metal::precise::log(tmp1543);
        auto tmp1545 = tmp1541 ? tmp1540 : static_cast<decltype(tmp1540)>(tmp1544);
        auto tmp1546 = tmp1537 * tmp1545;
        auto tmp1547 = tmp1534 + tmp1546;
        auto tmp1548 = tmp1547 * tmp16;
        auto tmp1549 = metal::floor(tmp1548);
        auto tmp1550 = tmp1549 * tmp19;
        auto tmp1551 = tmp1547 - tmp1550;
        auto tmp1553 = tmp1552 * tmp1;
        auto tmp1554 = static_cast<float>(tmp1553);
        auto tmp1556 = static_cast<float>(tmp1555);
        auto tmp1557 = tmp1556 + tmp6;
        auto tmp1558 = tmp1557 > tmp8;
        auto tmp1559 = metal::precise::exp(tmp1557);
        auto tmp1560 = tmp1559 + tmp11;
        auto tmp1561 = metal::precise::log(tmp1560);
        auto tmp1562 = tmp1558 ? tmp1557 : static_cast<decltype(tmp1557)>(tmp1561);
        auto tmp1563 = tmp1554 * tmp1562;
        auto tmp1564 = tmp1551 + tmp1563;
        auto tmp1565 = tmp1564 * tmp16;
        auto tmp1566 = metal::floor(tmp1565);
        auto tmp1567 = tmp1566 * tmp19;
        auto tmp1568 = tmp1564 - tmp1567;
        auto tmp1570 = tmp1569 * tmp1;
        auto tmp1571 = static_cast<float>(tmp1570);
        auto tmp1573 = static_cast<float>(tmp1572);
        auto tmp1574 = tmp1573 + tmp6;
        auto tmp1575 = tmp1574 > tmp8;
        auto tmp1576 = metal::precise::exp(tmp1574);
        auto tmp1577 = tmp1576 + tmp11;
        auto tmp1578 = metal::precise::log(tmp1577);
        auto tmp1579 = tmp1575 ? tmp1574 : static_cast<decltype(tmp1574)>(tmp1578);
        auto tmp1580 = tmp1571 * tmp1579;
        auto tmp1581 = tmp1568 + tmp1580;
        auto tmp1582 = tmp1581 * tmp16;
        auto tmp1583 = metal::floor(tmp1582);
        auto tmp1584 = tmp1583 * tmp19;
        auto tmp1585 = tmp1581 - tmp1584;
        auto tmp1587 = tmp1586 * tmp1;
        auto tmp1588 = static_cast<float>(tmp1587);
        auto tmp1590 = static_cast<float>(tmp1589);
        auto tmp1591 = tmp1590 + tmp6;
        auto tmp1592 = tmp1591 > tmp8;
        auto tmp1593 = metal::precise::exp(tmp1591);
        auto tmp1594 = tmp1593 + tmp11;
        auto tmp1595 = metal::precise::log(tmp1594);
        auto tmp1596 = tmp1592 ? tmp1591 : static_cast<decltype(tmp1591)>(tmp1595);
        auto tmp1597 = tmp1588 * tmp1596;
        auto tmp1598 = tmp1585 + tmp1597;
        auto tmp1599 = tmp1598 * tmp16;
        auto tmp1600 = metal::floor(tmp1599);
        auto tmp1601 = tmp1600 * tmp19;
        auto tmp1602 = tmp1598 - tmp1601;
        auto tmp1604 = tmp1603 * tmp1;
        auto tmp1605 = static_cast<float>(tmp1604);
        auto tmp1607 = static_cast<float>(tmp1606);
        auto tmp1608 = tmp1607 + tmp6;
        auto tmp1609 = tmp1608 > tmp8;
        auto tmp1610 = metal::precise::exp(tmp1608);
        auto tmp1611 = tmp1610 + tmp11;
        auto tmp1612 = metal::precise::log(tmp1611);
        auto tmp1613 = tmp1609 ? tmp1608 : static_cast<decltype(tmp1608)>(tmp1612);
        auto tmp1614 = tmp1605 * tmp1613;
        auto tmp1615 = tmp1602 + tmp1614;
        auto tmp1616 = tmp1615 * tmp16;
        auto tmp1617 = metal::floor(tmp1616);
        auto tmp1618 = tmp1617 * tmp19;
        auto tmp1619 = tmp1615 - tmp1618;
        auto tmp1621 = tmp1620 * tmp1;
        auto tmp1622 = static_cast<float>(tmp1621);
        auto tmp1624 = static_cast<float>(tmp1623);
        auto tmp1625 = tmp1624 + tmp6;
        auto tmp1626 = tmp1625 > tmp8;
        auto tmp1627 = metal::precise::exp(tmp1625);
        auto tmp1628 = tmp1627 + tmp11;
        auto tmp1629 = metal::precise::log(tmp1628);
        auto tmp1630 = tmp1626 ? tmp1625 : static_cast<decltype(tmp1625)>(tmp1629);
        auto tmp1631 = tmp1622 * tmp1630;
        auto tmp1632 = tmp1619 + tmp1631;
        auto tmp1633 = tmp1632 * tmp16;
        auto tmp1634 = metal::floor(tmp1633);
        auto tmp1635 = tmp1634 * tmp19;
        auto tmp1636 = tmp1632 - tmp1635;
        auto tmp1638 = tmp1637 * tmp1;
        auto tmp1639 = static_cast<float>(tmp1638);
        auto tmp1641 = static_cast<float>(tmp1640);
        auto tmp1642 = tmp1641 + tmp6;
        auto tmp1643 = tmp1642 > tmp8;
        auto tmp1644 = metal::precise::exp(tmp1642);
        auto tmp1645 = tmp1644 + tmp11;
        auto tmp1646 = metal::precise::log(tmp1645);
        auto tmp1647 = tmp1643 ? tmp1642 : static_cast<decltype(tmp1642)>(tmp1646);
        auto tmp1648 = tmp1639 * tmp1647;
        auto tmp1649 = tmp1636 + tmp1648;
        auto tmp1650 = tmp1649 * tmp16;
        auto tmp1651 = metal::floor(tmp1650);
        auto tmp1652 = tmp1651 * tmp19;
        auto tmp1653 = tmp1649 - tmp1652;
        auto tmp1655 = tmp1654 * tmp1;
        auto tmp1656 = static_cast<float>(tmp1655);
        auto tmp1658 = static_cast<float>(tmp1657);
        auto tmp1659 = tmp1658 + tmp6;
        auto tmp1660 = tmp1659 > tmp8;
        auto tmp1661 = metal::precise::exp(tmp1659);
        auto tmp1662 = tmp1661 + tmp11;
        auto tmp1663 = metal::precise::log(tmp1662);
        auto tmp1664 = tmp1660 ? tmp1659 : static_cast<decltype(tmp1659)>(tmp1663);
        auto tmp1665 = tmp1656 * tmp1664;
        auto tmp1666 = tmp1653 + tmp1665;
        auto tmp1667 = tmp1666 * tmp16;
        auto tmp1668 = metal::floor(tmp1667);
        auto tmp1669 = tmp1668 * tmp19;
        auto tmp1670 = tmp1666 - tmp1669;
        auto tmp1672 = tmp1671 * tmp1;
        auto tmp1673 = static_cast<float>(tmp1672);
        auto tmp1675 = static_cast<float>(tmp1674);
        auto tmp1676 = tmp1675 + tmp6;
        auto tmp1677 = tmp1676 > tmp8;
        auto tmp1678 = metal::precise::exp(tmp1676);
        auto tmp1679 = tmp1678 + tmp11;
        auto tmp1680 = metal::precise::log(tmp1679);
        auto tmp1681 = tmp1677 ? tmp1676 : static_cast<decltype(tmp1676)>(tmp1680);
        auto tmp1682 = tmp1673 * tmp1681;
        auto tmp1683 = tmp1670 + tmp1682;
        auto tmp1684 = tmp1683 * tmp16;
        auto tmp1685 = metal::floor(tmp1684);
        auto tmp1686 = tmp1685 * tmp19;
        auto tmp1687 = tmp1683 - tmp1686;
        auto tmp1689 = tmp1688 * tmp1;
        auto tmp1690 = static_cast<float>(tmp1689);
        auto tmp1692 = static_cast<float>(tmp1691);
        auto tmp1693 = tmp1692 + tmp6;
        auto tmp1694 = tmp1693 > tmp8;
        auto tmp1695 = metal::precise::exp(tmp1693);
        auto tmp1696 = tmp1695 + tmp11;
        auto tmp1697 = metal::precise::log(tmp1696);
        auto tmp1698 = tmp1694 ? tmp1693 : static_cast<decltype(tmp1693)>(tmp1697);
        auto tmp1699 = tmp1690 * tmp1698;
        auto tmp1700 = tmp1687 + tmp1699;
        auto tmp1701 = tmp1700 * tmp16;
        auto tmp1702 = metal::floor(tmp1701);
        auto tmp1703 = tmp1702 * tmp19;
        auto tmp1704 = tmp1700 - tmp1703;
        auto tmp1706 = tmp1705 * tmp1;
        auto tmp1707 = static_cast<float>(tmp1706);
        auto tmp1709 = static_cast<float>(tmp1708);
        auto tmp1710 = tmp1709 + tmp6;
        auto tmp1711 = tmp1710 > tmp8;
        auto tmp1712 = metal::precise::exp(tmp1710);
        auto tmp1713 = tmp1712 + tmp11;
        auto tmp1714 = metal::precise::log(tmp1713);
        auto tmp1715 = tmp1711 ? tmp1710 : static_cast<decltype(tmp1710)>(tmp1714);
        auto tmp1716 = tmp1707 * tmp1715;
        auto tmp1717 = tmp1704 + tmp1716;
        auto tmp1718 = tmp1717 * tmp16;
        auto tmp1719 = metal::floor(tmp1718);
        auto tmp1720 = tmp1719 * tmp19;
        auto tmp1721 = tmp1717 - tmp1720;
        auto tmp1723 = tmp1722 * tmp1;
        auto tmp1724 = static_cast<float>(tmp1723);
        auto tmp1726 = static_cast<float>(tmp1725);
        auto tmp1727 = tmp1726 + tmp6;
        auto tmp1728 = tmp1727 > tmp8;
        auto tmp1729 = metal::precise::exp(tmp1727);
        auto tmp1730 = tmp1729 + tmp11;
        auto tmp1731 = metal::precise::log(tmp1730);
        auto tmp1732 = tmp1728 ? tmp1727 : static_cast<decltype(tmp1727)>(tmp1731);
        auto tmp1733 = tmp1724 * tmp1732;
        auto tmp1734 = tmp1721 + tmp1733;
        auto tmp1735 = tmp1734 * tmp16;
        auto tmp1736 = metal::floor(tmp1735);
        auto tmp1737 = tmp1736 * tmp19;
        auto tmp1738 = tmp1734 - tmp1737;
        auto tmp1740 = tmp1739 * tmp1;
        auto tmp1741 = static_cast<float>(tmp1740);
        auto tmp1743 = static_cast<float>(tmp1742);
        auto tmp1744 = tmp1743 + tmp6;
        auto tmp1745 = tmp1744 > tmp8;
        auto tmp1746 = metal::precise::exp(tmp1744);
        auto tmp1747 = tmp1746 + tmp11;
        auto tmp1748 = metal::precise::log(tmp1747);
        auto tmp1749 = tmp1745 ? tmp1744 : static_cast<decltype(tmp1744)>(tmp1748);
        auto tmp1750 = tmp1741 * tmp1749;
        auto tmp1751 = tmp1738 + tmp1750;
        auto tmp1752 = tmp1751 * tmp16;
        auto tmp1753 = metal::floor(tmp1752);
        auto tmp1754 = tmp1753 * tmp19;
        auto tmp1755 = tmp1751 - tmp1754;
        auto tmp1757 = tmp1756 * tmp1;
        auto tmp1758 = static_cast<float>(tmp1757);
        auto tmp1760 = static_cast<float>(tmp1759);
        auto tmp1761 = tmp1760 + tmp6;
        auto tmp1762 = tmp1761 > tmp8;
        auto tmp1763 = metal::precise::exp(tmp1761);
        auto tmp1764 = tmp1763 + tmp11;
        auto tmp1765 = metal::precise::log(tmp1764);
        auto tmp1766 = tmp1762 ? tmp1761 : static_cast<decltype(tmp1761)>(tmp1765);
        auto tmp1767 = tmp1758 * tmp1766;
        auto tmp1768 = tmp1755 + tmp1767;
        auto tmp1769 = tmp1768 * tmp16;
        auto tmp1770 = metal::floor(tmp1769);
        auto tmp1771 = tmp1770 * tmp19;
        auto tmp1772 = tmp1768 - tmp1771;
        auto tmp1774 = tmp1773 * tmp1;
        auto tmp1775 = static_cast<float>(tmp1774);
        auto tmp1777 = static_cast<float>(tmp1776);
        auto tmp1778 = tmp1777 + tmp6;
        auto tmp1779 = tmp1778 > tmp8;
        auto tmp1780 = metal::precise::exp(tmp1778);
        auto tmp1781 = tmp1780 + tmp11;
        auto tmp1782 = metal::precise::log(tmp1781);
        auto tmp1783 = tmp1779 ? tmp1778 : static_cast<decltype(tmp1778)>(tmp1782);
        auto tmp1784 = tmp1775 * tmp1783;
        auto tmp1785 = tmp1772 + tmp1784;
        auto tmp1786 = tmp1785 * tmp16;
        auto tmp1787 = metal::floor(tmp1786);
        auto tmp1788 = tmp1787 * tmp19;
        auto tmp1789 = tmp1785 - tmp1788;
        auto tmp1791 = tmp1790 * tmp1;
        auto tmp1792 = static_cast<float>(tmp1791);
        auto tmp1794 = static_cast<float>(tmp1793);
        auto tmp1795 = tmp1794 + tmp6;
        auto tmp1796 = tmp1795 > tmp8;
        auto tmp1797 = metal::precise::exp(tmp1795);
        auto tmp1798 = tmp1797 + tmp11;
        auto tmp1799 = metal::precise::log(tmp1798);
        auto tmp1800 = tmp1796 ? tmp1795 : static_cast<decltype(tmp1795)>(tmp1799);
        auto tmp1801 = tmp1792 * tmp1800;
        auto tmp1802 = tmp1789 + tmp1801;
        auto tmp1803 = tmp1802 * tmp16;
        auto tmp1804 = metal::floor(tmp1803);
        auto tmp1805 = tmp1804 * tmp19;
        auto tmp1806 = tmp1802 - tmp1805;
        auto tmp1808 = tmp1807 * tmp1;
        auto tmp1809 = static_cast<float>(tmp1808);
        auto tmp1811 = static_cast<float>(tmp1810);
        auto tmp1812 = tmp1811 + tmp6;
        auto tmp1813 = tmp1812 > tmp8;
        auto tmp1814 = metal::precise::exp(tmp1812);
        auto tmp1815 = tmp1814 + tmp11;
        auto tmp1816 = metal::precise::log(tmp1815);
        auto tmp1817 = tmp1813 ? tmp1812 : static_cast<decltype(tmp1812)>(tmp1816);
        auto tmp1818 = tmp1809 * tmp1817;
        auto tmp1819 = tmp1806 + tmp1818;
        auto tmp1820 = tmp1819 * tmp16;
        auto tmp1821 = metal::floor(tmp1820);
        auto tmp1822 = tmp1821 * tmp19;
        auto tmp1823 = tmp1819 - tmp1822;
        auto tmp1825 = tmp1824 * tmp1;
        auto tmp1826 = static_cast<float>(tmp1825);
        auto tmp1828 = static_cast<float>(tmp1827);
        auto tmp1829 = tmp1828 + tmp6;
        auto tmp1830 = tmp1829 > tmp8;
        auto tmp1831 = metal::precise::exp(tmp1829);
        auto tmp1832 = tmp1831 + tmp11;
        auto tmp1833 = metal::precise::log(tmp1832);
        auto tmp1834 = tmp1830 ? tmp1829 : static_cast<decltype(tmp1829)>(tmp1833);
        auto tmp1835 = tmp1826 * tmp1834;
        auto tmp1836 = tmp1823 + tmp1835;
        auto tmp1837 = tmp1836 * tmp16;
        auto tmp1838 = metal::floor(tmp1837);
        auto tmp1839 = tmp1838 * tmp19;
        auto tmp1840 = tmp1836 - tmp1839;
        auto tmp1842 = tmp1841 * tmp1;
        auto tmp1843 = static_cast<float>(tmp1842);
        auto tmp1845 = static_cast<float>(tmp1844);
        auto tmp1846 = tmp1845 + tmp6;
        auto tmp1847 = tmp1846 > tmp8;
        auto tmp1848 = metal::precise::exp(tmp1846);
        auto tmp1849 = tmp1848 + tmp11;
        auto tmp1850 = metal::precise::log(tmp1849);
        auto tmp1851 = tmp1847 ? tmp1846 : static_cast<decltype(tmp1846)>(tmp1850);
        auto tmp1852 = tmp1843 * tmp1851;
        auto tmp1853 = tmp1840 + tmp1852;
        auto tmp1854 = tmp1853 * tmp16;
        auto tmp1855 = metal::floor(tmp1854);
        auto tmp1856 = tmp1855 * tmp19;
        auto tmp1857 = tmp1853 - tmp1856;
        auto tmp1859 = tmp1858 * tmp1;
        auto tmp1860 = static_cast<float>(tmp1859);
        auto tmp1862 = static_cast<float>(tmp1861);
        auto tmp1863 = tmp1862 + tmp6;
        auto tmp1864 = tmp1863 > tmp8;
        auto tmp1865 = metal::precise::exp(tmp1863);
        auto tmp1866 = tmp1865 + tmp11;
        auto tmp1867 = metal::precise::log(tmp1866);
        auto tmp1868 = tmp1864 ? tmp1863 : static_cast<decltype(tmp1863)>(tmp1867);
        auto tmp1869 = tmp1860 * tmp1868;
        auto tmp1870 = tmp1857 + tmp1869;
        auto tmp1871 = tmp1870 * tmp16;
        auto tmp1872 = metal::floor(tmp1871);
        auto tmp1873 = tmp1872 * tmp19;
        auto tmp1874 = tmp1870 - tmp1873;
        auto tmp1876 = tmp1875 * tmp1;
        auto tmp1877 = static_cast<float>(tmp1876);
        auto tmp1879 = static_cast<float>(tmp1878);
        auto tmp1880 = tmp1879 + tmp6;
        auto tmp1881 = tmp1880 > tmp8;
        auto tmp1882 = metal::precise::exp(tmp1880);
        auto tmp1883 = tmp1882 + tmp11;
        auto tmp1884 = metal::precise::log(tmp1883);
        auto tmp1885 = tmp1881 ? tmp1880 : static_cast<decltype(tmp1880)>(tmp1884);
        auto tmp1886 = tmp1877 * tmp1885;
        auto tmp1887 = tmp1874 + tmp1886;
        auto tmp1888 = tmp1887 * tmp16;
        auto tmp1889 = metal::floor(tmp1888);
        auto tmp1890 = tmp1889 * tmp19;
        auto tmp1891 = tmp1887 - tmp1890;
        auto tmp1893 = tmp1892 * tmp1;
        auto tmp1894 = static_cast<float>(tmp1893);
        auto tmp1896 = static_cast<float>(tmp1895);
        auto tmp1897 = tmp1896 + tmp6;
        auto tmp1898 = tmp1897 > tmp8;
        auto tmp1899 = metal::precise::exp(tmp1897);
        auto tmp1900 = tmp1899 + tmp11;
        auto tmp1901 = metal::precise::log(tmp1900);
        auto tmp1902 = tmp1898 ? tmp1897 : static_cast<decltype(tmp1897)>(tmp1901);
        auto tmp1903 = tmp1894 * tmp1902;
        auto tmp1904 = tmp1891 + tmp1903;
        auto tmp1905 = tmp1904 * tmp16;
        auto tmp1906 = metal::floor(tmp1905);
        auto tmp1907 = tmp1906 * tmp19;
        auto tmp1908 = tmp1904 - tmp1907;
        auto tmp1910 = tmp1909 * tmp1;
        auto tmp1911 = static_cast<float>(tmp1910);
        auto tmp1913 = static_cast<float>(tmp1912);
        auto tmp1914 = tmp1913 + tmp6;
        auto tmp1915 = tmp1914 > tmp8;
        auto tmp1916 = metal::precise::exp(tmp1914);
        auto tmp1917 = tmp1916 + tmp11;
        auto tmp1918 = metal::precise::log(tmp1917);
        auto tmp1919 = tmp1915 ? tmp1914 : static_cast<decltype(tmp1914)>(tmp1918);
        auto tmp1920 = tmp1911 * tmp1919;
        auto tmp1921 = tmp1908 + tmp1920;
        auto tmp1922 = tmp1921 * tmp16;
        auto tmp1923 = metal::floor(tmp1922);
        auto tmp1924 = tmp1923 * tmp19;
        auto tmp1925 = tmp1921 - tmp1924;
        auto tmp1927 = tmp1926 * tmp1;
        auto tmp1928 = static_cast<float>(tmp1927);
        auto tmp1930 = static_cast<float>(tmp1929);
        auto tmp1931 = tmp1930 + tmp6;
        auto tmp1932 = tmp1931 > tmp8;
        auto tmp1933 = metal::precise::exp(tmp1931);
        auto tmp1934 = tmp1933 + tmp11;
        auto tmp1935 = metal::precise::log(tmp1934);
        auto tmp1936 = tmp1932 ? tmp1931 : static_cast<decltype(tmp1931)>(tmp1935);
        auto tmp1937 = tmp1928 * tmp1936;
        auto tmp1938 = tmp1925 + tmp1937;
        auto tmp1939 = tmp1938 * tmp16;
        auto tmp1940 = metal::floor(tmp1939);
        auto tmp1941 = tmp1940 * tmp19;
        auto tmp1942 = tmp1938 - tmp1941;
        auto tmp1944 = tmp1943 * tmp1;
        auto tmp1945 = static_cast<float>(tmp1944);
        auto tmp1947 = static_cast<float>(tmp1946);
        auto tmp1948 = tmp1947 + tmp6;
        auto tmp1949 = tmp1948 > tmp8;
        auto tmp1950 = metal::precise::exp(tmp1948);
        auto tmp1951 = tmp1950 + tmp11;
        auto tmp1952 = metal::precise::log(tmp1951);
        auto tmp1953 = tmp1949 ? tmp1948 : static_cast<decltype(tmp1948)>(tmp1952);
        auto tmp1954 = tmp1945 * tmp1953;
        auto tmp1955 = tmp1942 + tmp1954;
        auto tmp1956 = tmp1955 * tmp16;
        auto tmp1957 = metal::floor(tmp1956);
        auto tmp1958 = tmp1957 * tmp19;
        auto tmp1959 = tmp1955 - tmp1958;
        auto tmp1961 = tmp1960 * tmp1;
        auto tmp1962 = static_cast<float>(tmp1961);
        auto tmp1964 = static_cast<float>(tmp1963);
        auto tmp1965 = tmp1964 + tmp6;
        auto tmp1966 = tmp1965 > tmp8;
        auto tmp1967 = metal::precise::exp(tmp1965);
        auto tmp1968 = tmp1967 + tmp11;
        auto tmp1969 = metal::precise::log(tmp1968);
        auto tmp1970 = tmp1966 ? tmp1965 : static_cast<decltype(tmp1965)>(tmp1969);
        auto tmp1971 = tmp1962 * tmp1970;
        auto tmp1972 = tmp1959 + tmp1971;
        auto tmp1973 = tmp1972 * tmp16;
        auto tmp1974 = metal::floor(tmp1973);
        auto tmp1975 = tmp1974 * tmp19;
        auto tmp1976 = tmp1972 - tmp1975;
        auto tmp1978 = tmp1977 * tmp1;
        auto tmp1979 = static_cast<float>(tmp1978);
        auto tmp1981 = static_cast<float>(tmp1980);
        auto tmp1982 = tmp1981 + tmp6;
        auto tmp1983 = tmp1982 > tmp8;
        auto tmp1984 = metal::precise::exp(tmp1982);
        auto tmp1985 = tmp1984 + tmp11;
        auto tmp1986 = metal::precise::log(tmp1985);
        auto tmp1987 = tmp1983 ? tmp1982 : static_cast<decltype(tmp1982)>(tmp1986);
        auto tmp1988 = tmp1979 * tmp1987;
        auto tmp1989 = tmp1976 + tmp1988;
        auto tmp1990 = tmp1989 * tmp16;
        auto tmp1991 = metal::floor(tmp1990);
        auto tmp1992 = tmp1991 * tmp19;
        auto tmp1993 = tmp1989 - tmp1992;
        auto tmp1995 = tmp1994 * tmp1;
        auto tmp1996 = static_cast<float>(tmp1995);
        auto tmp1998 = static_cast<float>(tmp1997);
        auto tmp1999 = tmp1998 + tmp6;
        auto tmp2000 = tmp1999 > tmp8;
        auto tmp2001 = metal::precise::exp(tmp1999);
        auto tmp2002 = tmp2001 + tmp11;
        auto tmp2003 = metal::precise::log(tmp2002);
        auto tmp2004 = tmp2000 ? tmp1999 : static_cast<decltype(tmp1999)>(tmp2003);
        auto tmp2005 = tmp1996 * tmp2004;
        auto tmp2006 = tmp1993 + tmp2005;
        auto tmp2007 = tmp2006 * tmp16;
        auto tmp2008 = metal::floor(tmp2007);
        auto tmp2009 = tmp2008 * tmp19;
        auto tmp2010 = tmp2006 - tmp2009;
        auto tmp2012 = tmp2011 * tmp1;
        auto tmp2013 = static_cast<float>(tmp2012);
        auto tmp2015 = static_cast<float>(tmp2014);
        auto tmp2016 = tmp2015 + tmp6;
        auto tmp2017 = tmp2016 > tmp8;
        auto tmp2018 = metal::precise::exp(tmp2016);
        auto tmp2019 = tmp2018 + tmp11;
        auto tmp2020 = metal::precise::log(tmp2019);
        auto tmp2021 = tmp2017 ? tmp2016 : static_cast<decltype(tmp2016)>(tmp2020);
        auto tmp2022 = tmp2013 * tmp2021;
        auto tmp2023 = tmp2010 + tmp2022;
        auto tmp2024 = tmp2023 * tmp16;
        auto tmp2025 = metal::floor(tmp2024);
        auto tmp2026 = tmp2025 * tmp19;
        auto tmp2027 = tmp2023 - tmp2026;
        auto tmp2029 = tmp2028 * tmp1;
        auto tmp2030 = static_cast<float>(tmp2029);
        auto tmp2032 = static_cast<float>(tmp2031);
        auto tmp2033 = tmp2032 + tmp6;
        auto tmp2034 = tmp2033 > tmp8;
        auto tmp2035 = metal::precise::exp(tmp2033);
        auto tmp2036 = tmp2035 + tmp11;
        auto tmp2037 = metal::precise::log(tmp2036);
        auto tmp2038 = tmp2034 ? tmp2033 : static_cast<decltype(tmp2033)>(tmp2037);
        auto tmp2039 = tmp2030 * tmp2038;
        auto tmp2040 = tmp2027 + tmp2039;
        auto tmp2041 = tmp2040 * tmp16;
        auto tmp2042 = metal::floor(tmp2041);
        auto tmp2043 = tmp2042 * tmp19;
        auto tmp2044 = tmp2040 - tmp2043;
        auto tmp2046 = tmp2045 * tmp1;
        auto tmp2047 = static_cast<float>(tmp2046);
        auto tmp2049 = static_cast<float>(tmp2048);
        auto tmp2050 = tmp2049 + tmp6;
        auto tmp2051 = tmp2050 > tmp8;
        auto tmp2052 = metal::precise::exp(tmp2050);
        auto tmp2053 = tmp2052 + tmp11;
        auto tmp2054 = metal::precise::log(tmp2053);
        auto tmp2055 = tmp2051 ? tmp2050 : static_cast<decltype(tmp2050)>(tmp2054);
        auto tmp2056 = tmp2047 * tmp2055;
        auto tmp2057 = tmp2044 + tmp2056;
        auto tmp2058 = tmp2057 * tmp16;
        auto tmp2059 = metal::floor(tmp2058);
        auto tmp2060 = tmp2059 * tmp19;
        auto tmp2061 = tmp2057 - tmp2060;
        auto tmp2063 = tmp2062 * tmp1;
        auto tmp2064 = static_cast<float>(tmp2063);
        auto tmp2066 = static_cast<float>(tmp2065);
        auto tmp2067 = tmp2066 + tmp6;
        auto tmp2068 = tmp2067 > tmp8;
        auto tmp2069 = metal::precise::exp(tmp2067);
        auto tmp2070 = tmp2069 + tmp11;
        auto tmp2071 = metal::precise::log(tmp2070);
        auto tmp2072 = tmp2068 ? tmp2067 : static_cast<decltype(tmp2067)>(tmp2071);
        auto tmp2073 = tmp2064 * tmp2072;
        auto tmp2074 = tmp2061 + tmp2073;
        auto tmp2075 = tmp2074 * tmp16;
        auto tmp2076 = metal::floor(tmp2075);
        auto tmp2077 = tmp2076 * tmp19;
        auto tmp2078 = tmp2074 - tmp2077;
        auto tmp2080 = tmp2079 * tmp1;
        auto tmp2081 = static_cast<float>(tmp2080);
        auto tmp2083 = static_cast<float>(tmp2082);
        auto tmp2084 = tmp2083 + tmp6;
        auto tmp2085 = tmp2084 > tmp8;
        auto tmp2086 = metal::precise::exp(tmp2084);
        auto tmp2087 = tmp2086 + tmp11;
        auto tmp2088 = metal::precise::log(tmp2087);
        auto tmp2089 = tmp2085 ? tmp2084 : static_cast<decltype(tmp2084)>(tmp2088);
        auto tmp2090 = tmp2081 * tmp2089;
        auto tmp2091 = tmp2078 + tmp2090;
        auto tmp2092 = tmp2091 * tmp16;
        auto tmp2093 = metal::floor(tmp2092);
        auto tmp2094 = tmp2093 * tmp19;
        auto tmp2095 = tmp2091 - tmp2094;
        auto tmp2097 = tmp2096 * tmp1;
        auto tmp2098 = static_cast<float>(tmp2097);
        auto tmp2100 = static_cast<float>(tmp2099);
        auto tmp2101 = tmp2100 + tmp6;
        auto tmp2102 = tmp2101 > tmp8;
        auto tmp2103 = metal::precise::exp(tmp2101);
        auto tmp2104 = tmp2103 + tmp11;
        auto tmp2105 = metal::precise::log(tmp2104);
        auto tmp2106 = tmp2102 ? tmp2101 : static_cast<decltype(tmp2101)>(tmp2105);
        auto tmp2107 = tmp2098 * tmp2106;
        auto tmp2108 = tmp2095 + tmp2107;
        auto tmp2109 = tmp2108 * tmp16;
        auto tmp2110 = metal::floor(tmp2109);
        auto tmp2111 = tmp2110 * tmp19;
        auto tmp2112 = tmp2108 - tmp2111;
        auto tmp2114 = tmp2113 * tmp1;
        auto tmp2115 = static_cast<float>(tmp2114);
        auto tmp2117 = static_cast<float>(tmp2116);
        auto tmp2118 = tmp2117 + tmp6;
        auto tmp2119 = tmp2118 > tmp8;
        auto tmp2120 = metal::precise::exp(tmp2118);
        auto tmp2121 = tmp2120 + tmp11;
        auto tmp2122 = metal::precise::log(tmp2121);
        auto tmp2123 = tmp2119 ? tmp2118 : static_cast<decltype(tmp2118)>(tmp2122);
        auto tmp2124 = tmp2115 * tmp2123;
        auto tmp2125 = tmp2112 + tmp2124;
        auto tmp2126 = tmp2125 * tmp16;
        auto tmp2127 = metal::floor(tmp2126);
        auto tmp2128 = tmp2127 * tmp19;
        auto tmp2129 = tmp2125 - tmp2128;
        auto tmp2131 = tmp2130 * tmp1;
        auto tmp2132 = static_cast<float>(tmp2131);
        auto tmp2134 = static_cast<float>(tmp2133);
        auto tmp2135 = tmp2134 + tmp6;
        auto tmp2136 = tmp2135 > tmp8;
        auto tmp2137 = metal::precise::exp(tmp2135);
        auto tmp2138 = tmp2137 + tmp11;
        auto tmp2139 = metal::precise::log(tmp2138);
        auto tmp2140 = tmp2136 ? tmp2135 : static_cast<decltype(tmp2135)>(tmp2139);
        auto tmp2141 = tmp2132 * tmp2140;
        auto tmp2142 = tmp2129 + tmp2141;
        auto tmp2143 = tmp2142 * tmp16;
        auto tmp2144 = metal::floor(tmp2143);
        auto tmp2145 = tmp2144 * tmp19;
        auto tmp2146 = tmp2142 - tmp2145;
        auto tmp2148 = tmp2147 * tmp1;
        auto tmp2149 = static_cast<float>(tmp2148);
        auto tmp2151 = static_cast<float>(tmp2150);
        auto tmp2152 = tmp2151 + tmp6;
        auto tmp2153 = tmp2152 > tmp8;
        auto tmp2154 = metal::precise::exp(tmp2152);
        auto tmp2155 = tmp2154 + tmp11;
        auto tmp2156 = metal::precise::log(tmp2155);
        auto tmp2157 = tmp2153 ? tmp2152 : static_cast<decltype(tmp2152)>(tmp2156);
        auto tmp2158 = tmp2149 * tmp2157;
        auto tmp2159 = tmp2146 + tmp2158;
        auto tmp2160 = tmp2159 * tmp16;
        auto tmp2161 = metal::floor(tmp2160);
        auto tmp2162 = tmp2161 * tmp19;
        auto tmp2163 = tmp2159 - tmp2162;
        auto tmp2165 = tmp2164 * tmp1;
        auto tmp2166 = static_cast<float>(tmp2165);
        auto tmp2168 = static_cast<float>(tmp2167);
        auto tmp2169 = tmp2168 + tmp6;
        auto tmp2170 = tmp2169 > tmp8;
        auto tmp2171 = metal::precise::exp(tmp2169);
        auto tmp2172 = tmp2171 + tmp11;
        auto tmp2173 = metal::precise::log(tmp2172);
        auto tmp2174 = tmp2170 ? tmp2169 : static_cast<decltype(tmp2169)>(tmp2173);
        auto tmp2175 = tmp2166 * tmp2174;
        auto tmp2176 = tmp2163 + tmp2175;
        out_ptr0[x3] = static_cast<float>(tmp34);
        out_ptr1[x3] = static_cast<float>(tmp68);
        out_ptr2[x3] = static_cast<float>(tmp102);
        out_ptr3[x3] = static_cast<float>(tmp136);
        out_ptr4[x3] = static_cast<float>(tmp170);
        out_ptr5[x3] = static_cast<float>(tmp204);
        out_ptr6[x3] = static_cast<float>(tmp238);
        out_ptr7[x3] = static_cast<float>(tmp272);
        out_ptr8[x3] = static_cast<float>(tmp306);
        out_ptr9[x3] = static_cast<float>(tmp340);
        out_ptr10[x3] = static_cast<float>(tmp374);
        out_ptr11[x3] = static_cast<float>(tmp408);
        out_ptr12[x3] = static_cast<float>(tmp442);
        out_ptr13[x3] = static_cast<float>(tmp476);
        out_ptr14[x3] = static_cast<float>(tmp510);
        out_ptr15[x3] = static_cast<float>(tmp544);
        out_ptr16[x3] = static_cast<float>(tmp578);
        out_ptr17[x3] = static_cast<float>(tmp612);
        out_ptr18[x3] = static_cast<float>(tmp646);
        out_ptr19[x3] = static_cast<float>(tmp680);
        out_ptr20[x3] = static_cast<float>(tmp714);
        out_ptr21[x3] = static_cast<float>(tmp748);
        out_ptr22[x3] = static_cast<float>(tmp782);
        out_ptr23[x3] = static_cast<float>(tmp816);
        out_ptr24[x3] = static_cast<float>(tmp850);
        out_ptr25[x3] = static_cast<float>(tmp884);
        out_ptr26[x3] = static_cast<float>(tmp918);
        out_ptr27[x3] = static_cast<float>(tmp952);
        out_ptr28[x3] = static_cast<float>(tmp986);
        out_ptr29[x3] = static_cast<float>(tmp1020);
        out_ptr30[x3] = static_cast<float>(tmp1054);
        out_ptr31[x3] = static_cast<float>(tmp1088);
        out_ptr32[x3] = static_cast<float>(tmp1122);
        out_ptr33[x3] = static_cast<float>(tmp1156);
        out_ptr34[x3] = static_cast<float>(tmp1190);
        out_ptr35[x3] = static_cast<float>(tmp1224);
        out_ptr36[x3] = static_cast<float>(tmp1258);
        out_ptr37[x3] = static_cast<float>(tmp1292);
        out_ptr38[x3] = static_cast<float>(tmp1326);
        out_ptr39[x3] = static_cast<float>(tmp1360);
        out_ptr40[x3] = static_cast<float>(tmp1394);
        out_ptr41[x3] = static_cast<float>(tmp1428);
        out_ptr42[x3] = static_cast<float>(tmp1462);
        out_ptr43[x3] = static_cast<float>(tmp1496);
        out_ptr44[x3] = static_cast<float>(tmp1530);
        out_ptr45[x3] = static_cast<float>(tmp1564);
        out_ptr46[x3] = static_cast<float>(tmp1598);
        out_ptr47[x3] = static_cast<float>(tmp1632);
        out_ptr48[x3] = static_cast<float>(tmp1666);
        out_ptr49[x3] = static_cast<float>(tmp1700);
        out_ptr50[x3] = static_cast<float>(tmp1734);
        out_ptr51[x3] = static_cast<float>(tmp1768);
        out_ptr52[x3] = static_cast<float>(tmp1802);
        out_ptr53[x3] = static_cast<float>(tmp1836);
        out_ptr54[x3] = static_cast<float>(tmp1870);
        out_ptr55[x3] = static_cast<float>(tmp1904);
        out_ptr56[x3] = static_cast<float>(tmp1938);
        out_ptr57[x3] = static_cast<float>(tmp1972);
        out_ptr58[x3] = static_cast<float>(tmp2006);
        out_ptr59[x3] = static_cast<float>(tmp2040);
        out_ptr60[x3] = static_cast<float>(tmp2074);
        out_ptr61[x3] = static_cast<float>(tmp2108);
        out_ptr62[x3] = static_cast<float>(tmp2142);
        out_ptr63[x3] = static_cast<float>(tmp2176);
    }




    kernel void generated_kernel_20(
        device float* out_ptr0,
        device float* out_ptr1,
        device float* out_ptr2,
        device float* out_ptr3,
        device float* out_ptr4,
        device float* out_ptr5,
        device float* out_ptr6,
        device float* out_ptr7,
        device float* out_ptr8,
        device float* out_ptr9,
        device float* out_ptr10,
        device float* out_ptr11,
        device float* out_ptr12,
        device float* out_ptr13,
        device float* out_ptr14,
        device float* out_ptr15,
        device float* out_ptr16,
        device float* out_ptr17,
        device float* out_ptr18,
        device float* out_ptr19,
        device float* out_ptr20,
        device float* out_ptr21,
        device float* out_ptr22,
        device float* out_ptr23,
        device float* out_ptr24,
        device float* out_ptr25,
        device float* out_ptr26,
        device float* out_ptr27,
        device float* out_ptr28,
        device float* out_ptr29,
        device float* out_ptr30,
        device float* out_ptr31,
        device float* out_ptr32,
        device float* out_ptr33,
        device float* out_ptr34,
        device float* out_ptr35,
        device float* out_ptr36,
        device float* out_ptr37,
        device float* out_ptr38,
        device float* out_ptr39,
        device float* out_ptr40,
        device float* out_ptr41,
        device float* out_ptr42,
        device float* out_ptr43,
        device float* out_ptr44,
        device float* out_ptr45,
        device float* out_ptr46,
        device float* out_ptr47,
        device float* out_ptr48,
        device float* out_ptr49,
        device float* out_ptr50,
        device float* out_ptr51,
        device float* out_ptr52,
        device float* out_ptr53,
        device float* out_ptr54,
        device float* out_ptr55,
        device float* out_ptr56,
        device float* out_ptr57,
        device float* out_ptr58,
        device float* out_ptr59,
        device float* out_ptr60,
        device float* out_ptr61,
        device float* out_ptr62,
        constant bfloat* in_ptr0,
        constant bfloat* in_ptr1,
        constant float* in_ptr2,
        constant float* in_ptr3,
        constant float* in_ptr4,
        constant float* in_ptr5,
        constant float* in_ptr6,
        constant float* in_ptr7,
        constant float* in_ptr8,
        constant float* in_ptr9,
        constant float* in_ptr10,
        constant float* in_ptr11,
        constant float* in_ptr12,
        constant float* in_ptr13,
        constant float* in_ptr14,
        constant float* in_ptr15,
        constant float* in_ptr16,
        constant float* in_ptr17,
        constant float* in_ptr18,
        constant float* in_ptr19,
        constant float* in_ptr20,
        constant float* in_ptr21,
        constant float* in_ptr22,
        constant float* in_ptr23,
        constant float* in_ptr24,
        constant float* in_ptr25,
        constant float* in_ptr26,
        constant float* in_ptr27,
        constant float* in_ptr28,
        constant float* in_ptr29,
        constant float* in_ptr30,
        constant float* in_ptr31,
        constant float* in_ptr32,
        constant float* in_ptr33,
        device c10::metal::ErrorMessages* error_buf,
        uint xindex [[thread_position_in_grid]]
    ) {
        int x0 = (xindex) % (32);
        int x2 = c10::metal::floor_divide(xindex, 384);
        int x1 = ((xindex) / (32)) % (12);
        int x3 = (xindex) % (384);
        int x4 = xindex;
        auto tmp0 = static_cast<float>(in_ptr0[x0 + 16384*x2]);
        auto tmp4 = static_cast<float>(in_ptr1[1792 + x1 + 952320*x2]);
        auto tmp6 = in_ptr2[x1];
        auto tmp22 = in_ptr3[x4];
        auto tmp27 = static_cast<float>(in_ptr0[64 + x0 + 16384*x2]);
        auto tmp30 = static_cast<float>(in_ptr1[5512 + x1 + 952320*x2]);
        auto tmp44 = in_ptr4[x4];
        auto tmp49 = static_cast<float>(in_ptr0[128 + x0 + 16384*x2]);
        auto tmp52 = static_cast<float>(in_ptr1[9232 + x1 + 952320*x2]);
        auto tmp66 = in_ptr5[x4];
        auto tmp71 = static_cast<float>(in_ptr0[192 + x0 + 16384*x2]);
        auto tmp74 = static_cast<float>(in_ptr1[12952 + x1 + 952320*x2]);
        auto tmp88 = in_ptr6[x4];
        auto tmp93 = static_cast<float>(in_ptr0[256 + x0 + 16384*x2]);
        auto tmp96 = static_cast<float>(in_ptr1[16672 + x1 + 952320*x2]);
        auto tmp110 = in_ptr7[x4];
        auto tmp115 = static_cast<float>(in_ptr0[320 + x0 + 16384*x2]);
        auto tmp118 = static_cast<float>(in_ptr1[20392 + x1 + 952320*x2]);
        auto tmp132 = in_ptr8[x4];
        auto tmp137 = static_cast<float>(in_ptr0[384 + x0 + 16384*x2]);
        auto tmp140 = static_cast<float>(in_ptr1[24112 + x1 + 952320*x2]);
        auto tmp154 = in_ptr9[x4];
        auto tmp159 = static_cast<float>(in_ptr0[448 + x0 + 16384*x2]);
        auto tmp162 = static_cast<float>(in_ptr1[27832 + x1 + 952320*x2]);
        auto tmp176 = in_ptr10[x4];
        auto tmp181 = static_cast<float>(in_ptr0[512 + x0 + 16384*x2]);
        auto tmp184 = static_cast<float>(in_ptr1[31552 + x1 + 952320*x2]);
        auto tmp198 = in_ptr11[x4];
        auto tmp203 = static_cast<float>(in_ptr0[576 + x0 + 16384*x2]);
        auto tmp206 = static_cast<float>(in_ptr1[35272 + x1 + 952320*x2]);
        auto tmp220 = in_ptr12[x4];
        auto tmp225 = static_cast<float>(in_ptr0[640 + x0 + 16384*x2]);
        auto tmp228 = static_cast<float>(in_ptr1[38992 + x1 + 952320*x2]);
        auto tmp242 = in_ptr13[x4];
        auto tmp247 = static_cast<float>(in_ptr0[704 + x0 + 16384*x2]);
        auto tmp250 = static_cast<float>(in_ptr1[42712 + x1 + 952320*x2]);
        auto tmp264 = in_ptr14[x4];
        auto tmp269 = static_cast<float>(in_ptr0[768 + x0 + 16384*x2]);
        auto tmp272 = static_cast<float>(in_ptr1[46432 + x1 + 952320*x2]);
        auto tmp286 = in_ptr15[x4];
        auto tmp291 = static_cast<float>(in_ptr0[832 + x0 + 16384*x2]);
        auto tmp294 = static_cast<float>(in_ptr1[50152 + x1 + 952320*x2]);
        auto tmp308 = in_ptr16[x4];
        auto tmp313 = static_cast<float>(in_ptr0[896 + x0 + 16384*x2]);
        auto tmp316 = static_cast<float>(in_ptr1[53872 + x1 + 952320*x2]);
        auto tmp330 = in_ptr17[x4];
        auto tmp335 = static_cast<float>(in_ptr0[960 + x0 + 16384*x2]);
        auto tmp338 = static_cast<float>(in_ptr1[57592 + x1 + 952320*x2]);
        auto tmp352 = in_ptr18[x4];
        auto tmp357 = static_cast<float>(in_ptr0[1024 + x0 + 16384*x2]);
        auto tmp360 = static_cast<float>(in_ptr1[61312 + x1 + 952320*x2]);
        auto tmp374 = in_ptr19[x4];
        auto tmp379 = static_cast<float>(in_ptr0[1088 + x0 + 16384*x2]);
        auto tmp382 = static_cast<float>(in_ptr1[65032 + x1 + 952320*x2]);
        auto tmp396 = in_ptr20[x4];
        auto tmp401 = static_cast<float>(in_ptr0[1152 + x0 + 16384*x2]);
        auto tmp404 = static_cast<float>(in_ptr1[68752 + x1 + 952320*x2]);
        auto tmp418 = in_ptr21[x4];
        auto tmp423 = static_cast<float>(in_ptr0[1216 + x0 + 16384*x2]);
        auto tmp426 = static_cast<float>(in_ptr1[72472 + x1 + 952320*x2]);
        auto tmp440 = in_ptr22[x4];
        auto tmp445 = static_cast<float>(in_ptr0[1280 + x0 + 16384*x2]);
        auto tmp448 = static_cast<float>(in_ptr1[76192 + x1 + 952320*x2]);
        auto tmp462 = in_ptr23[x4];
        auto tmp467 = static_cast<float>(in_ptr0[1344 + x0 + 16384*x2]);
        auto tmp470 = static_cast<float>(in_ptr1[79912 + x1 + 952320*x2]);
        auto tmp484 = in_ptr24[x4];
        auto tmp489 = static_cast<float>(in_ptr0[1408 + x0 + 16384*x2]);
        auto tmp492 = static_cast<float>(in_ptr1[83632 + x1 + 952320*x2]);
        auto tmp506 = in_ptr25[x4];
        auto tmp511 = static_cast<float>(in_ptr0[1472 + x0 + 16384*x2]);
        auto tmp514 = static_cast<float>(in_ptr1[87352 + x1 + 952320*x2]);
        auto tmp528 = in_ptr26[x4];
        auto tmp533 = static_cast<float>(in_ptr0[1536 + x0 + 16384*x2]);
        auto tmp536 = static_cast<float>(in_ptr1[91072 + x1 + 952320*x2]);
        auto tmp550 = in_ptr27[x4];
        auto tmp555 = static_cast<float>(in_ptr0[1600 + x0 + 16384*x2]);
        auto tmp558 = static_cast<float>(in_ptr1[94792 + x1 + 952320*x2]);
        auto tmp572 = in_ptr28[x4];
        auto tmp577 = static_cast<float>(in_ptr0[1664 + x0 + 16384*x2]);
        auto tmp580 = static_cast<float>(in_ptr1[98512 + x1 + 952320*x2]);
        auto tmp594 = in_ptr29[x4];
        auto tmp599 = static_cast<float>(in_ptr0[1728 + x0 + 16384*x2]);
        auto tmp602 = static_cast<float>(in_ptr1[102232 + x1 + 952320*x2]);
        auto tmp616 = in_ptr30[x4];
        auto tmp621 = static_cast<float>(in_ptr0[1792 + x0 + 16384*x2]);
        auto tmp624 = static_cast<float>(in_ptr1[105952 + x1 + 952320*x2]);
        auto tmp638 = in_ptr31[x4];
        auto tmp643 = static_cast<float>(in_ptr0[1856 + x0 + 16384*x2]);
        auto tmp646 = static_cast<float>(in_ptr1[109672 + x1 + 952320*x2]);
        auto tmp660 = in_ptr32[x4];
        auto tmp665 = static_cast<float>(in_ptr0[1920 + x0 + 16384*x2]);
        auto tmp668 = static_cast<float>(in_ptr1[113392 + x1 + 952320*x2]);
        auto tmp682 = in_ptr33[x4];
        auto tmp687 = static_cast<float>(in_ptr0[1984 + x0 + 16384*x2]);
        auto tmp690 = static_cast<float>(in_ptr1[117112 + x1 + 952320*x2]);
        auto tmp1 = 3.141592653589793;
        auto tmp2 = tmp0 * tmp1;
        auto tmp3 = static_cast<float>(tmp2);
        auto tmp5 = static_cast<float>(tmp4);
        auto tmp7 = tmp5 + tmp6;
        auto tmp8 = 20.0;
        auto tmp9 = tmp7 > tmp8;
        auto tmp10 = metal::precise::exp(tmp7);
        auto tmp11 = 1;
        auto tmp12 = tmp10 + tmp11;
        auto tmp13 = metal::precise::log(tmp12);
        auto tmp14 = tmp9 ? tmp7 : static_cast<decltype(tmp7)>(tmp13);
        auto tmp15 = tmp3 * tmp14;
        auto tmp16 = 0.15915494309189535;
        auto tmp17 = tmp15 * tmp16;
        auto tmp18 = metal::floor(tmp17);
        auto tmp19 = 6.283185307179586;
        auto tmp20 = tmp18 * tmp19;
        auto tmp21 = tmp15 - tmp20;
        auto tmp23 = tmp22 * tmp16;
        auto tmp24 = metal::floor(tmp23);
        auto tmp25 = tmp24 * tmp19;
        auto tmp26 = tmp22 - tmp25;
        auto tmp28 = tmp27 * tmp1;
        auto tmp29 = static_cast<float>(tmp28);
        auto tmp31 = static_cast<float>(tmp30);
        auto tmp32 = tmp31 + tmp6;
        auto tmp33 = tmp32 > tmp8;
        auto tmp34 = metal::precise::exp(tmp32);
        auto tmp35 = tmp34 + tmp11;
        auto tmp36 = metal::precise::log(tmp35);
        auto tmp37 = tmp33 ? tmp32 : static_cast<decltype(tmp32)>(tmp36);
        auto tmp38 = tmp29 * tmp37;
        auto tmp39 = tmp26 + tmp38;
        auto tmp40 = tmp39 * tmp16;
        auto tmp41 = metal::floor(tmp40);
        auto tmp42 = tmp41 * tmp19;
        auto tmp43 = tmp39 - tmp42;
        auto tmp45 = tmp44 * tmp16;
        auto tmp46 = metal::floor(tmp45);
        auto tmp47 = tmp46 * tmp19;
        auto tmp48 = tmp44 - tmp47;
        auto tmp50 = tmp49 * tmp1;
        auto tmp51 = static_cast<float>(tmp50);
        auto tmp53 = static_cast<float>(tmp52);
        auto tmp54 = tmp53 + tmp6;
        auto tmp55 = tmp54 > tmp8;
        auto tmp56 = metal::precise::exp(tmp54);
        auto tmp57 = tmp56 + tmp11;
        auto tmp58 = metal::precise::log(tmp57);
        auto tmp59 = tmp55 ? tmp54 : static_cast<decltype(tmp54)>(tmp58);
        auto tmp60 = tmp51 * tmp59;
        auto tmp61 = tmp48 + tmp60;
        auto tmp62 = tmp61 * tmp16;
        auto tmp63 = metal::floor(tmp62);
        auto tmp64 = tmp63 * tmp19;
        auto tmp65 = tmp61 - tmp64;
        auto tmp67 = tmp66 * tmp16;
        auto tmp68 = metal::floor(tmp67);
        auto tmp69 = tmp68 * tmp19;
        auto tmp70 = tmp66 - tmp69;
        auto tmp72 = tmp71 * tmp1;
        auto tmp73 = static_cast<float>(tmp72);
        auto tmp75 = static_cast<float>(tmp74);
        auto tmp76 = tmp75 + tmp6;
        auto tmp77 = tmp76 > tmp8;
        auto tmp78 = metal::precise::exp(tmp76);
        auto tmp79 = tmp78 + tmp11;
        auto tmp80 = metal::precise::log(tmp79);
        auto tmp81 = tmp77 ? tmp76 : static_cast<decltype(tmp76)>(tmp80);
        auto tmp82 = tmp73 * tmp81;
        auto tmp83 = tmp70 + tmp82;
        auto tmp84 = tmp83 * tmp16;
        auto tmp85 = metal::floor(tmp84);
        auto tmp86 = tmp85 * tmp19;
        auto tmp87 = tmp83 - tmp86;
        auto tmp89 = tmp88 * tmp16;
        auto tmp90 = metal::floor(tmp89);
        auto tmp91 = tmp90 * tmp19;
        auto tmp92 = tmp88 - tmp91;
        auto tmp94 = tmp93 * tmp1;
        auto tmp95 = static_cast<float>(tmp94);
        auto tmp97 = static_cast<float>(tmp96);
        auto tmp98 = tmp97 + tmp6;
        auto tmp99 = tmp98 > tmp8;
        auto tmp100 = metal::precise::exp(tmp98);
        auto tmp101 = tmp100 + tmp11;
        auto tmp102 = metal::precise::log(tmp101);
        auto tmp103 = tmp99 ? tmp98 : static_cast<decltype(tmp98)>(tmp102);
        auto tmp104 = tmp95 * tmp103;
        auto tmp105 = tmp92 + tmp104;
        auto tmp106 = tmp105 * tmp16;
        auto tmp107 = metal::floor(tmp106);
        auto tmp108 = tmp107 * tmp19;
        auto tmp109 = tmp105 - tmp108;
        auto tmp111 = tmp110 * tmp16;
        auto tmp112 = metal::floor(tmp111);
        auto tmp113 = tmp112 * tmp19;
        auto tmp114 = tmp110 - tmp113;
        auto tmp116 = tmp115 * tmp1;
        auto tmp117 = static_cast<float>(tmp116);
        auto tmp119 = static_cast<float>(tmp118);
        auto tmp120 = tmp119 + tmp6;
        auto tmp121 = tmp120 > tmp8;
        auto tmp122 = metal::precise::exp(tmp120);
        auto tmp123 = tmp122 + tmp11;
        auto tmp124 = metal::precise::log(tmp123);
        auto tmp125 = tmp121 ? tmp120 : static_cast<decltype(tmp120)>(tmp124);
        auto tmp126 = tmp117 * tmp125;
        auto tmp127 = tmp114 + tmp126;
        auto tmp128 = tmp127 * tmp16;
        auto tmp129 = metal::floor(tmp128);
        auto tmp130 = tmp129 * tmp19;
        auto tmp131 = tmp127 - tmp130;
        auto tmp133 = tmp132 * tmp16;
        auto tmp134 = metal::floor(tmp133);
        auto tmp135 = tmp134 * tmp19;
        auto tmp136 = tmp132 - tmp135;
        auto tmp138 = tmp137 * tmp1;
        auto tmp139 = static_cast<float>(tmp138);
        auto tmp141 = static_cast<float>(tmp140);
        auto tmp142 = tmp141 + tmp6;
        auto tmp143 = tmp142 > tmp8;
        auto tmp144 = metal::precise::exp(tmp142);
        auto tmp145 = tmp144 + tmp11;
        auto tmp146 = metal::precise::log(tmp145);
        auto tmp147 = tmp143 ? tmp142 : static_cast<decltype(tmp142)>(tmp146);
        auto tmp148 = tmp139 * tmp147;
        auto tmp149 = tmp136 + tmp148;
        auto tmp150 = tmp149 * tmp16;
        auto tmp151 = metal::floor(tmp150);
        auto tmp152 = tmp151 * tmp19;
        auto tmp153 = tmp149 - tmp152;
        auto tmp155 = tmp154 * tmp16;
        auto tmp156 = metal::floor(tmp155);
        auto tmp157 = tmp156 * tmp19;
        auto tmp158 = tmp154 - tmp157;
        auto tmp160 = tmp159 * tmp1;
        auto tmp161 = static_cast<float>(tmp160);
        auto tmp163 = static_cast<float>(tmp162);
        auto tmp164 = tmp163 + tmp6;
        auto tmp165 = tmp164 > tmp8;
        auto tmp166 = metal::precise::exp(tmp164);
        auto tmp167 = tmp166 + tmp11;
        auto tmp168 = metal::precise::log(tmp167);
        auto tmp169 = tmp165 ? tmp164 : static_cast<decltype(tmp164)>(tmp168);
        auto tmp170 = tmp161 * tmp169;
        auto tmp171 = tmp158 + tmp170;
        auto tmp172 = tmp171 * tmp16;
        auto tmp173 = metal::floor(tmp172);
        auto tmp174 = tmp173 * tmp19;
        auto tmp175 = tmp171 - tmp174;
        auto tmp177 = tmp176 * tmp16;
        auto tmp178 = metal::floor(tmp177);
        auto tmp179 = tmp178 * tmp19;
        auto tmp180 = tmp176 - tmp179;
        auto tmp182 = tmp181 * tmp1;
        auto tmp183 = static_cast<float>(tmp182);
        auto tmp185 = static_cast<float>(tmp184);
        auto tmp186 = tmp185 + tmp6;
        auto tmp187 = tmp186 > tmp8;
        auto tmp188 = metal::precise::exp(tmp186);
        auto tmp189 = tmp188 + tmp11;
        auto tmp190 = metal::precise::log(tmp189);
        auto tmp191 = tmp187 ? tmp186 : static_cast<decltype(tmp186)>(tmp190);
        auto tmp192 = tmp183 * tmp191;
        auto tmp193 = tmp180 + tmp192;
        auto tmp194 = tmp193 * tmp16;
        auto tmp195 = metal::floor(tmp194);
        auto tmp196 = tmp195 * tmp19;
        auto tmp197 = tmp193 - tmp196;
        auto tmp199 = tmp198 * tmp16;
        auto tmp200 = metal::floor(tmp199);
        auto tmp201 = tmp200 * tmp19;
        auto tmp202 = tmp198 - tmp201;
        auto tmp204 = tmp203 * tmp1;
        auto tmp205 = static_cast<float>(tmp204);
        auto tmp207 = static_cast<float>(tmp206);
        auto tmp208 = tmp207 + tmp6;
        auto tmp209 = tmp208 > tmp8;
        auto tmp210 = metal::precise::exp(tmp208);
        auto tmp211 = tmp210 + tmp11;
        auto tmp212 = metal::precise::log(tmp211);
        auto tmp213 = tmp209 ? tmp208 : static_cast<decltype(tmp208)>(tmp212);
        auto tmp214 = tmp205 * tmp213;
        auto tmp215 = tmp202 + tmp214;
        auto tmp216 = tmp215 * tmp16;
        auto tmp217 = metal::floor(tmp216);
        auto tmp218 = tmp217 * tmp19;
        auto tmp219 = tmp215 - tmp218;
        auto tmp221 = tmp220 * tmp16;
        auto tmp222 = metal::floor(tmp221);
        auto tmp223 = tmp222 * tmp19;
        auto tmp224 = tmp220 - tmp223;
        auto tmp226 = tmp225 * tmp1;
        auto tmp227 = static_cast<float>(tmp226);
        auto tmp229 = static_cast<float>(tmp228);
        auto tmp230 = tmp229 + tmp6;
        auto tmp231 = tmp230 > tmp8;
        auto tmp232 = metal::precise::exp(tmp230);
        auto tmp233 = tmp232 + tmp11;
        auto tmp234 = metal::precise::log(tmp233);
        auto tmp235 = tmp231 ? tmp230 : static_cast<decltype(tmp230)>(tmp234);
        auto tmp236 = tmp227 * tmp235;
        auto tmp237 = tmp224 + tmp236;
        auto tmp238 = tmp237 * tmp16;
        auto tmp239 = metal::floor(tmp238);
        auto tmp240 = tmp239 * tmp19;
        auto tmp241 = tmp237 - tmp240;
        auto tmp243 = tmp242 * tmp16;
        auto tmp244 = metal::floor(tmp243);
        auto tmp245 = tmp244 * tmp19;
        auto tmp246 = tmp242 - tmp245;
        auto tmp248 = tmp247 * tmp1;
        auto tmp249 = static_cast<float>(tmp248);
        auto tmp251 = static_cast<float>(tmp250);
        auto tmp252 = tmp251 + tmp6;
        auto tmp253 = tmp252 > tmp8;
        auto tmp254 = metal::precise::exp(tmp252);
        auto tmp255 = tmp254 + tmp11;
        auto tmp256 = metal::precise::log(tmp255);
        auto tmp257 = tmp253 ? tmp252 : static_cast<decltype(tmp252)>(tmp256);
        auto tmp258 = tmp249 * tmp257;
        auto tmp259 = tmp246 + tmp258;
        auto tmp260 = tmp259 * tmp16;
        auto tmp261 = metal::floor(tmp260);
        auto tmp262 = tmp261 * tmp19;
        auto tmp263 = tmp259 - tmp262;
        auto tmp265 = tmp264 * tmp16;
        auto tmp266 = metal::floor(tmp265);
        auto tmp267 = tmp266 * tmp19;
        auto tmp268 = tmp264 - tmp267;
        auto tmp270 = tmp269 * tmp1;
        auto tmp271 = static_cast<float>(tmp270);
        auto tmp273 = static_cast<float>(tmp272);
        auto tmp274 = tmp273 + tmp6;
        auto tmp275 = tmp274 > tmp8;
        auto tmp276 = metal::precise::exp(tmp274);
        auto tmp277 = tmp276 + tmp11;
        auto tmp278 = metal::precise::log(tmp277);
        auto tmp279 = tmp275 ? tmp274 : static_cast<decltype(tmp274)>(tmp278);
        auto tmp280 = tmp271 * tmp279;
        auto tmp281 = tmp268 + tmp280;
        auto tmp282 = tmp281 * tmp16;
        auto tmp283 = metal::floor(tmp282);
        auto tmp284 = tmp283 * tmp19;
        auto tmp285 = tmp281 - tmp284;
        auto tmp287 = tmp286 * tmp16;
        auto tmp288 = metal::floor(tmp287);
        auto tmp289 = tmp288 * tmp19;
        auto tmp290 = tmp286 - tmp289;
        auto tmp292 = tmp291 * tmp1;
        auto tmp293 = static_cast<float>(tmp292);
        auto tmp295 = static_cast<float>(tmp294);
        auto tmp296 = tmp295 + tmp6;
        auto tmp297 = tmp296 > tmp8;
        auto tmp298 = metal::precise::exp(tmp296);
        auto tmp299 = tmp298 + tmp11;
        auto tmp300 = metal::precise::log(tmp299);
        auto tmp301 = tmp297 ? tmp296 : static_cast<decltype(tmp296)>(tmp300);
        auto tmp302 = tmp293 * tmp301;
        auto tmp303 = tmp290 + tmp302;
        auto tmp304 = tmp303 * tmp16;
        auto tmp305 = metal::floor(tmp304);
        auto tmp306 = tmp305 * tmp19;
        auto tmp307 = tmp303 - tmp306;
        auto tmp309 = tmp308 * tmp16;
        auto tmp310 = metal::floor(tmp309);
        auto tmp311 = tmp310 * tmp19;
        auto tmp312 = tmp308 - tmp311;
        auto tmp314 = tmp313 * tmp1;
        auto tmp315 = static_cast<float>(tmp314);
        auto tmp317 = static_cast<float>(tmp316);
        auto tmp318 = tmp317 + tmp6;
        auto tmp319 = tmp318 > tmp8;
        auto tmp320 = metal::precise::exp(tmp318);
        auto tmp321 = tmp320 + tmp11;
        auto tmp322 = metal::precise::log(tmp321);
        auto tmp323 = tmp319 ? tmp318 : static_cast<decltype(tmp318)>(tmp322);
        auto tmp324 = tmp315 * tmp323;
        auto tmp325 = tmp312 + tmp324;
        auto tmp326 = tmp325 * tmp16;
        auto tmp327 = metal::floor(tmp326);
        auto tmp328 = tmp327 * tmp19;
        auto tmp329 = tmp325 - tmp328;
        auto tmp331 = tmp330 * tmp16;
        auto tmp332 = metal::floor(tmp331);
        auto tmp333 = tmp332 * tmp19;
        auto tmp334 = tmp330 - tmp333;
        auto tmp336 = tmp335 * tmp1;
        auto tmp337 = static_cast<float>(tmp336);
        auto tmp339 = static_cast<float>(tmp338);
        auto tmp340 = tmp339 + tmp6;
        auto tmp341 = tmp340 > tmp8;
        auto tmp342 = metal::precise::exp(tmp340);
        auto tmp343 = tmp342 + tmp11;
        auto tmp344 = metal::precise::log(tmp343);
        auto tmp345 = tmp341 ? tmp340 : static_cast<decltype(tmp340)>(tmp344);
        auto tmp346 = tmp337 * tmp345;
        auto tmp347 = tmp334 + tmp346;
        auto tmp348 = tmp347 * tmp16;
        auto tmp349 = metal::floor(tmp348);
        auto tmp350 = tmp349 * tmp19;
        auto tmp351 = tmp347 - tmp350;
        auto tmp353 = tmp352 * tmp16;
        auto tmp354 = metal::floor(tmp353);
        auto tmp355 = tmp354 * tmp19;
        auto tmp356 = tmp352 - tmp355;
        auto tmp358 = tmp357 * tmp1;
        auto tmp359 = static_cast<float>(tmp358);
        auto tmp361 = static_cast<float>(tmp360);
        auto tmp362 = tmp361 + tmp6;
        auto tmp363 = tmp362 > tmp8;
        auto tmp364 = metal::precise::exp(tmp362);
        auto tmp365 = tmp364 + tmp11;
        auto tmp366 = metal::precise::log(tmp365);
        auto tmp367 = tmp363 ? tmp362 : static_cast<decltype(tmp362)>(tmp366);
        auto tmp368 = tmp359 * tmp367;
        auto tmp369 = tmp356 + tmp368;
        auto tmp370 = tmp369 * tmp16;
        auto tmp371 = metal::floor(tmp370);
        auto tmp372 = tmp371 * tmp19;
        auto tmp373 = tmp369 - tmp372;
        auto tmp375 = tmp374 * tmp16;
        auto tmp376 = metal::floor(tmp375);
        auto tmp377 = tmp376 * tmp19;
        auto tmp378 = tmp374 - tmp377;
        auto tmp380 = tmp379 * tmp1;
        auto tmp381 = static_cast<float>(tmp380);
        auto tmp383 = static_cast<float>(tmp382);
        auto tmp384 = tmp383 + tmp6;
        auto tmp385 = tmp384 > tmp8;
        auto tmp386 = metal::precise::exp(tmp384);
        auto tmp387 = tmp386 + tmp11;
        auto tmp388 = metal::precise::log(tmp387);
        auto tmp389 = tmp385 ? tmp384 : static_cast<decltype(tmp384)>(tmp388);
        auto tmp390 = tmp381 * tmp389;
        auto tmp391 = tmp378 + tmp390;
        auto tmp392 = tmp391 * tmp16;
        auto tmp393 = metal::floor(tmp392);
        auto tmp394 = tmp393 * tmp19;
        auto tmp395 = tmp391 - tmp394;
        auto tmp397 = tmp396 * tmp16;
        auto tmp398 = metal::floor(tmp397);
        auto tmp399 = tmp398 * tmp19;
        auto tmp400 = tmp396 - tmp399;
        auto tmp402 = tmp401 * tmp1;
        auto tmp403 = static_cast<float>(tmp402);
        auto tmp405 = static_cast<float>(tmp404);
        auto tmp406 = tmp405 + tmp6;
        auto tmp407 = tmp406 > tmp8;
        auto tmp408 = metal::precise::exp(tmp406);
        auto tmp409 = tmp408 + tmp11;
        auto tmp410 = metal::precise::log(tmp409);
        auto tmp411 = tmp407 ? tmp406 : static_cast<decltype(tmp406)>(tmp410);
        auto tmp412 = tmp403 * tmp411;
        auto tmp413 = tmp400 + tmp412;
        auto tmp414 = tmp413 * tmp16;
        auto tmp415 = metal::floor(tmp414);
        auto tmp416 = tmp415 * tmp19;
        auto tmp417 = tmp413 - tmp416;
        auto tmp419 = tmp418 * tmp16;
        auto tmp420 = metal::floor(tmp419);
        auto tmp421 = tmp420 * tmp19;
        auto tmp422 = tmp418 - tmp421;
        auto tmp424 = tmp423 * tmp1;
        auto tmp425 = static_cast<float>(tmp424);
        auto tmp427 = static_cast<float>(tmp426);
        auto tmp428 = tmp427 + tmp6;
        auto tmp429 = tmp428 > tmp8;
        auto tmp430 = metal::precise::exp(tmp428);
        auto tmp431 = tmp430 + tmp11;
        auto tmp432 = metal::precise::log(tmp431);
        auto tmp433 = tmp429 ? tmp428 : static_cast<decltype(tmp428)>(tmp432);
        auto tmp434 = tmp425 * tmp433;
        auto tmp435 = tmp422 + tmp434;
        auto tmp436 = tmp435 * tmp16;
        auto tmp437 = metal::floor(tmp436);
        auto tmp438 = tmp437 * tmp19;
        auto tmp439 = tmp435 - tmp438;
        auto tmp441 = tmp440 * tmp16;
        auto tmp442 = metal::floor(tmp441);
        auto tmp443 = tmp442 * tmp19;
        auto tmp444 = tmp440 - tmp443;
        auto tmp446 = tmp445 * tmp1;
        auto tmp447 = static_cast<float>(tmp446);
        auto tmp449 = static_cast<float>(tmp448);
        auto tmp450 = tmp449 + tmp6;
        auto tmp451 = tmp450 > tmp8;
        auto tmp452 = metal::precise::exp(tmp450);
        auto tmp453 = tmp452 + tmp11;
        auto tmp454 = metal::precise::log(tmp453);
        auto tmp455 = tmp451 ? tmp450 : static_cast<decltype(tmp450)>(tmp454);
        auto tmp456 = tmp447 * tmp455;
        auto tmp457 = tmp444 + tmp456;
        auto tmp458 = tmp457 * tmp16;
        auto tmp459 = metal::floor(tmp458);
        auto tmp460 = tmp459 * tmp19;
        auto tmp461 = tmp457 - tmp460;
        auto tmp463 = tmp462 * tmp16;
        auto tmp464 = metal::floor(tmp463);
        auto tmp465 = tmp464 * tmp19;
        auto tmp466 = tmp462 - tmp465;
        auto tmp468 = tmp467 * tmp1;
        auto tmp469 = static_cast<float>(tmp468);
        auto tmp471 = static_cast<float>(tmp470);
        auto tmp472 = tmp471 + tmp6;
        auto tmp473 = tmp472 > tmp8;
        auto tmp474 = metal::precise::exp(tmp472);
        auto tmp475 = tmp474 + tmp11;
        auto tmp476 = metal::precise::log(tmp475);
        auto tmp477 = tmp473 ? tmp472 : static_cast<decltype(tmp472)>(tmp476);
        auto tmp478 = tmp469 * tmp477;
        auto tmp479 = tmp466 + tmp478;
        auto tmp480 = tmp479 * tmp16;
        auto tmp481 = metal::floor(tmp480);
        auto tmp482 = tmp481 * tmp19;
        auto tmp483 = tmp479 - tmp482;
        auto tmp485 = tmp484 * tmp16;
        auto tmp486 = metal::floor(tmp485);
        auto tmp487 = tmp486 * tmp19;
        auto tmp488 = tmp484 - tmp487;
        auto tmp490 = tmp489 * tmp1;
        auto tmp491 = static_cast<float>(tmp490);
        auto tmp493 = static_cast<float>(tmp492);
        auto tmp494 = tmp493 + tmp6;
        auto tmp495 = tmp494 > tmp8;
        auto tmp496 = metal::precise::exp(tmp494);
        auto tmp497 = tmp496 + tmp11;
        auto tmp498 = metal::precise::log(tmp497);
        auto tmp499 = tmp495 ? tmp494 : static_cast<decltype(tmp494)>(tmp498);
        auto tmp500 = tmp491 * tmp499;
        auto tmp501 = tmp488 + tmp500;
        auto tmp502 = tmp501 * tmp16;
        auto tmp503 = metal::floor(tmp502);
        auto tmp504 = tmp503 * tmp19;
        auto tmp505 = tmp501 - tmp504;
        auto tmp507 = tmp506 * tmp16;
        auto tmp508 = metal::floor(tmp507);
        auto tmp509 = tmp508 * tmp19;
        auto tmp510 = tmp506 - tmp509;
        auto tmp512 = tmp511 * tmp1;
        auto tmp513 = static_cast<float>(tmp512);
        auto tmp515 = static_cast<float>(tmp514);
        auto tmp516 = tmp515 + tmp6;
        auto tmp517 = tmp516 > tmp8;
        auto tmp518 = metal::precise::exp(tmp516);
        auto tmp519 = tmp518 + tmp11;
        auto tmp520 = metal::precise::log(tmp519);
        auto tmp521 = tmp517 ? tmp516 : static_cast<decltype(tmp516)>(tmp520);
        auto tmp522 = tmp513 * tmp521;
        auto tmp523 = tmp510 + tmp522;
        auto tmp524 = tmp523 * tmp16;
        auto tmp525 = metal::floor(tmp524);
        auto tmp526 = tmp525 * tmp19;
        auto tmp527 = tmp523 - tmp526;
        auto tmp529 = tmp528 * tmp16;
        auto tmp530 = metal::floor(tmp529);
        auto tmp531 = tmp530 * tmp19;
        auto tmp532 = tmp528 - tmp531;
        auto tmp534 = tmp533 * tmp1;
        auto tmp535 = static_cast<float>(tmp534);
        auto tmp537 = static_cast<float>(tmp536);
        auto tmp538 = tmp537 + tmp6;
        auto tmp539 = tmp538 > tmp8;
        auto tmp540 = metal::precise::exp(tmp538);
        auto tmp541 = tmp540 + tmp11;
        auto tmp542 = metal::precise::log(tmp541);
        auto tmp543 = tmp539 ? tmp538 : static_cast<decltype(tmp538)>(tmp542);
        auto tmp544 = tmp535 * tmp543;
        auto tmp545 = tmp532 + tmp544;
        auto tmp546 = tmp545 * tmp16;
        auto tmp547 = metal::floor(tmp546);
        auto tmp548 = tmp547 * tmp19;
        auto tmp549 = tmp545 - tmp548;
        auto tmp551 = tmp550 * tmp16;
        auto tmp552 = metal::floor(tmp551);
        auto tmp553 = tmp552 * tmp19;
        auto tmp554 = tmp550 - tmp553;
        auto tmp556 = tmp555 * tmp1;
        auto tmp557 = static_cast<float>(tmp556);
        auto tmp559 = static_cast<float>(tmp558);
        auto tmp560 = tmp559 + tmp6;
        auto tmp561 = tmp560 > tmp8;
        auto tmp562 = metal::precise::exp(tmp560);
        auto tmp563 = tmp562 + tmp11;
        auto tmp564 = metal::precise::log(tmp563);
        auto tmp565 = tmp561 ? tmp560 : static_cast<decltype(tmp560)>(tmp564);
        auto tmp566 = tmp557 * tmp565;
        auto tmp567 = tmp554 + tmp566;
        auto tmp568 = tmp567 * tmp16;
        auto tmp569 = metal::floor(tmp568);
        auto tmp570 = tmp569 * tmp19;
        auto tmp571 = tmp567 - tmp570;
        auto tmp573 = tmp572 * tmp16;
        auto tmp574 = metal::floor(tmp573);
        auto tmp575 = tmp574 * tmp19;
        auto tmp576 = tmp572 - tmp575;
        auto tmp578 = tmp577 * tmp1;
        auto tmp579 = static_cast<float>(tmp578);
        auto tmp581 = static_cast<float>(tmp580);
        auto tmp582 = tmp581 + tmp6;
        auto tmp583 = tmp582 > tmp8;
        auto tmp584 = metal::precise::exp(tmp582);
        auto tmp585 = tmp584 + tmp11;
        auto tmp586 = metal::precise::log(tmp585);
        auto tmp587 = tmp583 ? tmp582 : static_cast<decltype(tmp582)>(tmp586);
        auto tmp588 = tmp579 * tmp587;
        auto tmp589 = tmp576 + tmp588;
        auto tmp590 = tmp589 * tmp16;
        auto tmp591 = metal::floor(tmp590);
        auto tmp592 = tmp591 * tmp19;
        auto tmp593 = tmp589 - tmp592;
        auto tmp595 = tmp594 * tmp16;
        auto tmp596 = metal::floor(tmp595);
        auto tmp597 = tmp596 * tmp19;
        auto tmp598 = tmp594 - tmp597;
        auto tmp600 = tmp599 * tmp1;
        auto tmp601 = static_cast<float>(tmp600);
        auto tmp603 = static_cast<float>(tmp602);
        auto tmp604 = tmp603 + tmp6;
        auto tmp605 = tmp604 > tmp8;
        auto tmp606 = metal::precise::exp(tmp604);
        auto tmp607 = tmp606 + tmp11;
        auto tmp608 = metal::precise::log(tmp607);
        auto tmp609 = tmp605 ? tmp604 : static_cast<decltype(tmp604)>(tmp608);
        auto tmp610 = tmp601 * tmp609;
        auto tmp611 = tmp598 + tmp610;
        auto tmp612 = tmp611 * tmp16;
        auto tmp613 = metal::floor(tmp612);
        auto tmp614 = tmp613 * tmp19;
        auto tmp615 = tmp611 - tmp614;
        auto tmp617 = tmp616 * tmp16;
        auto tmp618 = metal::floor(tmp617);
        auto tmp619 = tmp618 * tmp19;
        auto tmp620 = tmp616 - tmp619;
        auto tmp622 = tmp621 * tmp1;
        auto tmp623 = static_cast<float>(tmp622);
        auto tmp625 = static_cast<float>(tmp624);
        auto tmp626 = tmp625 + tmp6;
        auto tmp627 = tmp626 > tmp8;
        auto tmp628 = metal::precise::exp(tmp626);
        auto tmp629 = tmp628 + tmp11;
        auto tmp630 = metal::precise::log(tmp629);
        auto tmp631 = tmp627 ? tmp626 : static_cast<decltype(tmp626)>(tmp630);
        auto tmp632 = tmp623 * tmp631;
        auto tmp633 = tmp620 + tmp632;
        auto tmp634 = tmp633 * tmp16;
        auto tmp635 = metal::floor(tmp634);
        auto tmp636 = tmp635 * tmp19;
        auto tmp637 = tmp633 - tmp636;
        auto tmp639 = tmp638 * tmp16;
        auto tmp640 = metal::floor(tmp639);
        auto tmp641 = tmp640 * tmp19;
        auto tmp642 = tmp638 - tmp641;
        auto tmp644 = tmp643 * tmp1;
        auto tmp645 = static_cast<float>(tmp644);
        auto tmp647 = static_cast<float>(tmp646);
        auto tmp648 = tmp647 + tmp6;
        auto tmp649 = tmp648 > tmp8;
        auto tmp650 = metal::precise::exp(tmp648);
        auto tmp651 = tmp650 + tmp11;
        auto tmp652 = metal::precise::log(tmp651);
        auto tmp653 = tmp649 ? tmp648 : static_cast<decltype(tmp648)>(tmp652);
        auto tmp654 = tmp645 * tmp653;
        auto tmp655 = tmp642 + tmp654;
        auto tmp656 = tmp655 * tmp16;
        auto tmp657 = metal::floor(tmp656);
        auto tmp658 = tmp657 * tmp19;
        auto tmp659 = tmp655 - tmp658;
        auto tmp661 = tmp660 * tmp16;
        auto tmp662 = metal::floor(tmp661);
        auto tmp663 = tmp662 * tmp19;
        auto tmp664 = tmp660 - tmp663;
        auto tmp666 = tmp665 * tmp1;
        auto tmp667 = static_cast<float>(tmp666);
        auto tmp669 = static_cast<float>(tmp668);
        auto tmp670 = tmp669 + tmp6;
        auto tmp671 = tmp670 > tmp8;
        auto tmp672 = metal::precise::exp(tmp670);
        auto tmp673 = tmp672 + tmp11;
        auto tmp674 = metal::precise::log(tmp673);
        auto tmp675 = tmp671 ? tmp670 : static_cast<decltype(tmp670)>(tmp674);
        auto tmp676 = tmp667 * tmp675;
        auto tmp677 = tmp664 + tmp676;
        auto tmp678 = tmp677 * tmp16;
        auto tmp679 = metal::floor(tmp678);
        auto tmp680 = tmp679 * tmp19;
        auto tmp681 = tmp677 - tmp680;
        auto tmp683 = tmp682 * tmp16;
        auto tmp684 = metal::floor(tmp683);
        auto tmp685 = tmp684 * tmp19;
        auto tmp686 = tmp682 - tmp685;
        auto tmp688 = tmp687 * tmp1;
        auto tmp689 = static_cast<float>(tmp688);
        auto tmp691 = static_cast<float>(tmp690);
        auto tmp692 = tmp691 + tmp6;
        auto tmp693 = tmp692 > tmp8;
        auto tmp694 = metal::precise::exp(tmp692);
        auto tmp695 = tmp694 + tmp11;
        auto tmp696 = metal::precise::log(tmp695);
        auto tmp697 = tmp693 ? tmp692 : static_cast<decltype(tmp692)>(tmp696);
        auto tmp698 = tmp689 * tmp697;
        auto tmp699 = tmp686 + tmp698;
        auto tmp700 = tmp699 * tmp16;
        auto tmp701 = metal::floor(tmp700);
        auto tmp702 = tmp701 * tmp19;
        auto tmp703 = tmp699 - tmp702;
        out_ptr0[x3 + 196608*x2] = static_cast<float>(tmp21);
        out_ptr1[x3 + 196608*x2] = static_cast<float>(tmp26);
        out_ptr2[x3 + 196608*x2] = static_cast<float>(tmp43);
        out_ptr3[x3 + 196608*x2] = static_cast<float>(tmp48);
        out_ptr4[x3 + 196608*x2] = static_cast<float>(tmp65);
        out_ptr5[x3 + 196608*x2] = static_cast<float>(tmp70);
        out_ptr6[x3 + 196608*x2] = static_cast<float>(tmp87);
        out_ptr7[x3 + 196608*x2] = static_cast<float>(tmp92);
        out_ptr8[x3 + 196608*x2] = static_cast<float>(tmp109);
        out_ptr9[x3 + 196608*x2] = static_cast<float>(tmp114);
        out_ptr10[x3 + 196608*x2] = static_cast<float>(tmp131);
        out_ptr11[x3 + 196608*x2] = static_cast<float>(tmp136);
        out_ptr12[x3 + 196608*x2] = static_cast<float>(tmp153);
        out_ptr13[x3 + 196608*x2] = static_cast<float>(tmp158);
        out_ptr14[x3 + 196608*x2] = static_cast<float>(tmp175);
        out_ptr15[x3 + 196608*x2] = static_cast<float>(tmp180);
        out_ptr16[x3 + 196608*x2] = static_cast<float>(tmp197);
        out_ptr17[x3 + 196608*x2] = static_cast<float>(tmp202);
        out_ptr18[x3 + 196608*x2] = static_cast<float>(tmp219);
        out_ptr19[x3 + 196608*x2] = static_cast<float>(tmp224);
        out_ptr20[x3 + 196608*x2] = static_cast<float>(tmp241);
        out_ptr21[x3 + 196608*x2] = static_cast<float>(tmp246);
        out_ptr22[x3 + 196608*x2] = static_cast<float>(tmp263);
        out_ptr23[x3 + 196608*x2] = static_cast<float>(tmp268);
        out_ptr24[x3 + 196608*x2] = static_cast<float>(tmp285);
        out_ptr25[x3 + 196608*x2] = static_cast<float>(tmp290);
        out_ptr26[x3 + 196608*x2] = static_cast<float>(tmp307);
        out_ptr27[x3 + 196608*x2] = static_cast<float>(tmp312);
        out_ptr28[x3 + 196608*x2] = static_cast<float>(tmp329);
        out_ptr29[x3 + 196608*x2] = static_cast<float>(tmp334);
        out_ptr30[x3 + 196608*x2] = static_cast<float>(tmp351);
        out_ptr31[x3 + 196608*x2] = static_cast<float>(tmp356);
        out_ptr32[x3 + 196608*x2] = static_cast<float>(tmp373);
        out_ptr33[x3 + 196608*x2] = static_cast<float>(tmp378);
        out_ptr34[x3 + 196608*x2] = static_cast<float>(tmp395);
        out_ptr35[x3 + 196608*x2] = static_cast<float>(tmp400);
        out_ptr36[x3 + 196608*x2] = static_cast<float>(tmp417);
        out_ptr37[x3 + 196608*x2] = static_cast<float>(tmp422);
        out_ptr38[x3 + 196608*x2] = static_cast<float>(tmp439);
        out_ptr39[x3 + 196608*x2] = static_cast<float>(tmp444);
        out_ptr40[x3 + 196608*x2] = static_cast<float>(tmp461);
        out_ptr41[x3 + 196608*x2] = static_cast<float>(tmp466);
        out_ptr42[x3 + 196608*x2] = static_cast<float>(tmp483);
        out_ptr43[x3 + 196608*x2] = static_cast<float>(tmp488);
        out_ptr44[x3 + 196608*x2] = static_cast<float>(tmp505);
        out_ptr45[x3 + 196608*x2] = static_cast<float>(tmp510);
        out_ptr46[x3 + 196608*x2] = static_cast<float>(tmp527);
        out_ptr47[x3 + 196608*x2] = static_cast<float>(tmp532);
        out_ptr48[x3 + 196608*x2] = static_cast<float>(tmp549);
        out_ptr49[x3 + 196608*x2] = static_cast<float>(tmp554);
        out_ptr50[x3 + 196608*x2] = static_cast<float>(tmp571);
        out_ptr51[x3 + 196608*x2] = static_cast<float>(tmp576);
        out_ptr52[x3 + 196608*x2] = static_cast<float>(tmp593);
        out_ptr53[x3 + 196608*x2] = static_cast<float>(tmp598);
        out_ptr54[x3 + 196608*x2] = static_cast<float>(tmp615);
        out_ptr55[x3 + 196608*x2] = static_cast<float>(tmp620);
        out_ptr56[x3 + 196608*x2] = static_cast<float>(tmp637);
        out_ptr57[x3 + 196608*x2] = static_cast<float>(tmp642);
        out_ptr58[x3 + 196608*x2] = static_cast<float>(tmp659);
        out_ptr59[x3 + 196608*x2] = static_cast<float>(tmp664);
        out_ptr60[x3 + 196608*x2] = static_cast<float>(tmp681);
        out_ptr61[x3 + 196608*x2] = static_cast<float>(tmp686);
        out_ptr62[x3 + 196608*x2] = static_cast<float>(tmp703);
    }




    kernel void generated_kernel_21(
        device float* out_ptr0,
        device float* out_ptr1,
        device float* out_ptr2,
        device float* out_ptr3,
        device float* out_ptr4,
        device float* out_ptr5,
        device float* out_ptr6,
        device float* out_ptr7,
        device float* out_ptr8,
        device float* out_ptr9,
        device float* out_ptr10,
        device float* out_ptr11,
        device float* out_ptr12,
        device float* out_ptr13,
        device float* out_ptr14,
        device float* out_ptr15,
        device float* out_ptr16,
        device float* out_ptr17,
        device float* out_ptr18,
        device float* out_ptr19,
        device float* out_ptr20,
        device float* out_ptr21,
        device float* out_ptr22,
        device float* out_ptr23,
        device float* out_ptr24,
        device float* out_ptr25,
        device float* out_ptr26,
        device float* out_ptr27,
        device float* out_ptr28,
        device float* out_ptr29,
        device float* out_ptr30,
        device float* out_ptr31,
        device float* out_ptr32,
        device float* out_ptr33,
        device float* out_ptr34,
        device float* out_ptr35,
        device float* out_ptr36,
        device float* out_ptr37,
        device float* out_ptr38,
        device float* out_ptr39,
        device float* out_ptr40,
        device float* out_ptr41,
        device float* out_ptr42,
        device float* out_ptr43,
        device float* out_ptr44,
        device float* out_ptr45,
        device float* out_ptr46,
        device float* out_ptr47,
        device float* out_ptr48,
        device float* out_ptr49,
        device float* out_ptr50,
        device float* out_ptr51,
        device float* out_ptr52,
        device float* out_ptr53,
        device float* out_ptr54,
        device float* out_ptr55,
        device float* out_ptr56,
        device float* out_ptr57,
        device float* out_ptr58,
        device float* out_ptr59,
        device float* out_ptr60,
        device float* out_ptr61,
        device float* out_ptr62,
        device float* out_ptr63,
        constant float* in_ptr0,
        constant bfloat* in_ptr1,
        constant bfloat* in_ptr2,
        constant float* in_ptr3,
        constant float* in_ptr4,
        constant float* in_ptr5,
        constant float* in_ptr6,
        constant float* in_ptr7,
        constant float* in_ptr8,
        constant float* in_ptr9,
        constant float* in_ptr10,
        constant float* in_ptr11,
        constant float* in_ptr12,
        constant float* in_ptr13,
        constant float* in_ptr14,
        constant float* in_ptr15,
        constant float* in_ptr16,
        constant float* in_ptr17,
        constant float* in_ptr18,
        constant float* in_ptr19,
        constant float* in_ptr20,
        constant float* in_ptr21,
        constant float* in_ptr22,
        constant float* in_ptr23,
        constant float* in_ptr24,
        constant float* in_ptr25,
        constant float* in_ptr26,
        constant float* in_ptr27,
        constant float* in_ptr28,
        constant float* in_ptr29,
        constant float* in_ptr30,
        constant float* in_ptr31,
        constant float* in_ptr32,
        constant float* in_ptr33,
        constant float* in_ptr34,
        device c10::metal::ErrorMessages* error_buf,
        uint xindex [[thread_position_in_grid]]
    ) {
        int x4 = xindex;
        int x0 = (xindex) % (384);
        int x1 = c10::metal::floor_divide(xindex, 384);
        int x2 = (xindex) % (32);
        int x3 = ((xindex) / (32)) % (12);
        auto tmp0 = in_ptr0[x4];
        auto tmp7 = static_cast<float>(in_ptr1[2048 + x2 + 16384*x1]);
        auto tmp11 = static_cast<float>(in_ptr2[120832 + x3 + 952320*x1]);
        auto tmp13 = in_ptr3[x3];
        auto tmp28 = in_ptr4[x4];
        auto tmp33 = static_cast<float>(in_ptr1[2112 + x2 + 16384*x1]);
        auto tmp36 = static_cast<float>(in_ptr2[124552 + x3 + 952320*x1]);
        auto tmp50 = in_ptr5[x4];
        auto tmp55 = static_cast<float>(in_ptr1[2176 + x2 + 16384*x1]);
        auto tmp58 = static_cast<float>(in_ptr2[128272 + x3 + 952320*x1]);
        auto tmp72 = in_ptr6[x4];
        auto tmp77 = static_cast<float>(in_ptr1[2240 + x2 + 16384*x1]);
        auto tmp80 = static_cast<float>(in_ptr2[131992 + x3 + 952320*x1]);
        auto tmp94 = in_ptr7[x4];
        auto tmp99 = static_cast<float>(in_ptr1[2304 + x2 + 16384*x1]);
        auto tmp102 = static_cast<float>(in_ptr2[135712 + x3 + 952320*x1]);
        auto tmp116 = in_ptr8[x4];
        auto tmp121 = static_cast<float>(in_ptr1[2368 + x2 + 16384*x1]);
        auto tmp124 = static_cast<float>(in_ptr2[139432 + x3 + 952320*x1]);
        auto tmp138 = in_ptr9[x4];
        auto tmp143 = static_cast<float>(in_ptr1[2432 + x2 + 16384*x1]);
        auto tmp146 = static_cast<float>(in_ptr2[143152 + x3 + 952320*x1]);
        auto tmp160 = in_ptr10[x4];
        auto tmp165 = static_cast<float>(in_ptr1[2496 + x2 + 16384*x1]);
        auto tmp168 = static_cast<float>(in_ptr2[146872 + x3 + 952320*x1]);
        auto tmp182 = in_ptr11[x4];
        auto tmp187 = static_cast<float>(in_ptr1[2560 + x2 + 16384*x1]);
        auto tmp190 = static_cast<float>(in_ptr2[150592 + x3 + 952320*x1]);
        auto tmp204 = in_ptr12[x4];
        auto tmp209 = static_cast<float>(in_ptr1[2624 + x2 + 16384*x1]);
        auto tmp212 = static_cast<float>(in_ptr2[154312 + x3 + 952320*x1]);
        auto tmp226 = in_ptr13[x4];
        auto tmp231 = static_cast<float>(in_ptr1[2688 + x2 + 16384*x1]);
        auto tmp234 = static_cast<float>(in_ptr2[158032 + x3 + 952320*x1]);
        auto tmp248 = in_ptr14[x4];
        auto tmp253 = static_cast<float>(in_ptr1[2752 + x2 + 16384*x1]);
        auto tmp256 = static_cast<float>(in_ptr2[161752 + x3 + 952320*x1]);
        auto tmp270 = in_ptr15[x4];
        auto tmp275 = static_cast<float>(in_ptr1[2816 + x2 + 16384*x1]);
        auto tmp278 = static_cast<float>(in_ptr2[165472 + x3 + 952320*x1]);
        auto tmp292 = in_ptr16[x4];
        auto tmp297 = static_cast<float>(in_ptr1[2880 + x2 + 16384*x1]);
        auto tmp300 = static_cast<float>(in_ptr2[169192 + x3 + 952320*x1]);
        auto tmp314 = in_ptr17[x4];
        auto tmp319 = static_cast<float>(in_ptr1[2944 + x2 + 16384*x1]);
        auto tmp322 = static_cast<float>(in_ptr2[172912 + x3 + 952320*x1]);
        auto tmp336 = in_ptr18[x4];
        auto tmp341 = static_cast<float>(in_ptr1[3008 + x2 + 16384*x1]);
        auto tmp344 = static_cast<float>(in_ptr2[176632 + x3 + 952320*x1]);
        auto tmp358 = in_ptr19[x4];
        auto tmp363 = static_cast<float>(in_ptr1[3072 + x2 + 16384*x1]);
        auto tmp366 = static_cast<float>(in_ptr2[180352 + x3 + 952320*x1]);
        auto tmp380 = in_ptr20[x4];
        auto tmp385 = static_cast<float>(in_ptr1[3136 + x2 + 16384*x1]);
        auto tmp388 = static_cast<float>(in_ptr2[184072 + x3 + 952320*x1]);
        auto tmp402 = in_ptr21[x4];
        auto tmp407 = static_cast<float>(in_ptr1[3200 + x2 + 16384*x1]);
        auto tmp410 = static_cast<float>(in_ptr2[187792 + x3 + 952320*x1]);
        auto tmp424 = in_ptr22[x4];
        auto tmp429 = static_cast<float>(in_ptr1[3264 + x2 + 16384*x1]);
        auto tmp432 = static_cast<float>(in_ptr2[191512 + x3 + 952320*x1]);
        auto tmp446 = in_ptr23[x4];
        auto tmp451 = static_cast<float>(in_ptr1[3328 + x2 + 16384*x1]);
        auto tmp454 = static_cast<float>(in_ptr2[195232 + x3 + 952320*x1]);
        auto tmp468 = in_ptr24[x4];
        auto tmp473 = static_cast<float>(in_ptr1[3392 + x2 + 16384*x1]);
        auto tmp476 = static_cast<float>(in_ptr2[198952 + x3 + 952320*x1]);
        auto tmp490 = in_ptr25[x4];
        auto tmp495 = static_cast<float>(in_ptr1[3456 + x2 + 16384*x1]);
        auto tmp498 = static_cast<float>(in_ptr2[202672 + x3 + 952320*x1]);
        auto tmp512 = in_ptr26[x4];
        auto tmp517 = static_cast<float>(in_ptr1[3520 + x2 + 16384*x1]);
        auto tmp520 = static_cast<float>(in_ptr2[206392 + x3 + 952320*x1]);
        auto tmp534 = in_ptr27[x4];
        auto tmp539 = static_cast<float>(in_ptr1[3584 + x2 + 16384*x1]);
        auto tmp542 = static_cast<float>(in_ptr2[210112 + x3 + 952320*x1]);
        auto tmp556 = in_ptr28[x4];
        auto tmp561 = static_cast<float>(in_ptr1[3648 + x2 + 16384*x1]);
        auto tmp564 = static_cast<float>(in_ptr2[213832 + x3 + 952320*x1]);
        auto tmp578 = in_ptr29[x4];
        auto tmp583 = static_cast<float>(in_ptr1[3712 + x2 + 16384*x1]);
        auto tmp586 = static_cast<float>(in_ptr2[217552 + x3 + 952320*x1]);
        auto tmp600 = in_ptr30[x4];
        auto tmp605 = static_cast<float>(in_ptr1[3776 + x2 + 16384*x1]);
        auto tmp608 = static_cast<float>(in_ptr2[221272 + x3 + 952320*x1]);
        auto tmp622 = in_ptr31[x4];
        auto tmp627 = static_cast<float>(in_ptr1[3840 + x2 + 16384*x1]);
        auto tmp630 = static_cast<float>(in_ptr2[224992 + x3 + 952320*x1]);
        auto tmp644 = in_ptr32[x4];
        auto tmp649 = static_cast<float>(in_ptr1[3904 + x2 + 16384*x1]);
        auto tmp652 = static_cast<float>(in_ptr2[228712 + x3 + 952320*x1]);
        auto tmp666 = in_ptr33[x4];
        auto tmp671 = static_cast<float>(in_ptr1[3968 + x2 + 16384*x1]);
        auto tmp674 = static_cast<float>(in_ptr2[232432 + x3 + 952320*x1]);
        auto tmp688 = in_ptr34[x4];
        auto tmp693 = static_cast<float>(in_ptr1[4032 + x2 + 16384*x1]);
        auto tmp696 = static_cast<float>(in_ptr2[236152 + x3 + 952320*x1]);
        auto tmp1 = 0.15915494309189535;
        auto tmp2 = tmp0 * tmp1;
        auto tmp3 = metal::floor(tmp2);
        auto tmp4 = 6.283185307179586;
        auto tmp5 = tmp3 * tmp4;
        auto tmp6 = tmp0 - tmp5;
        auto tmp8 = 3.141592653589793;
        auto tmp9 = tmp7 * tmp8;
        auto tmp10 = static_cast<float>(tmp9);
        auto tmp12 = static_cast<float>(tmp11);
        auto tmp14 = tmp12 + tmp13;
        auto tmp15 = 20.0;
        auto tmp16 = tmp14 > tmp15;
        auto tmp17 = metal::precise::exp(tmp14);
        auto tmp18 = 1;
        auto tmp19 = tmp17 + tmp18;
        auto tmp20 = metal::precise::log(tmp19);
        auto tmp21 = tmp16 ? tmp14 : static_cast<decltype(tmp14)>(tmp20);
        auto tmp22 = tmp10 * tmp21;
        auto tmp23 = tmp6 + tmp22;
        auto tmp24 = tmp23 * tmp1;
        auto tmp25 = metal::floor(tmp24);
        auto tmp26 = tmp25 * tmp4;
        auto tmp27 = tmp23 - tmp26;
        auto tmp29 = tmp28 * tmp1;
        auto tmp30 = metal::floor(tmp29);
        auto tmp31 = tmp30 * tmp4;
        auto tmp32 = tmp28 - tmp31;
        auto tmp34 = tmp33 * tmp8;
        auto tmp35 = static_cast<float>(tmp34);
        auto tmp37 = static_cast<float>(tmp36);
        auto tmp38 = tmp37 + tmp13;
        auto tmp39 = tmp38 > tmp15;
        auto tmp40 = metal::precise::exp(tmp38);
        auto tmp41 = tmp40 + tmp18;
        auto tmp42 = metal::precise::log(tmp41);
        auto tmp43 = tmp39 ? tmp38 : static_cast<decltype(tmp38)>(tmp42);
        auto tmp44 = tmp35 * tmp43;
        auto tmp45 = tmp32 + tmp44;
        auto tmp46 = tmp45 * tmp1;
        auto tmp47 = metal::floor(tmp46);
        auto tmp48 = tmp47 * tmp4;
        auto tmp49 = tmp45 - tmp48;
        auto tmp51 = tmp50 * tmp1;
        auto tmp52 = metal::floor(tmp51);
        auto tmp53 = tmp52 * tmp4;
        auto tmp54 = tmp50 - tmp53;
        auto tmp56 = tmp55 * tmp8;
        auto tmp57 = static_cast<float>(tmp56);
        auto tmp59 = static_cast<float>(tmp58);
        auto tmp60 = tmp59 + tmp13;
        auto tmp61 = tmp60 > tmp15;
        auto tmp62 = metal::precise::exp(tmp60);
        auto tmp63 = tmp62 + tmp18;
        auto tmp64 = metal::precise::log(tmp63);
        auto tmp65 = tmp61 ? tmp60 : static_cast<decltype(tmp60)>(tmp64);
        auto tmp66 = tmp57 * tmp65;
        auto tmp67 = tmp54 + tmp66;
        auto tmp68 = tmp67 * tmp1;
        auto tmp69 = metal::floor(tmp68);
        auto tmp70 = tmp69 * tmp4;
        auto tmp71 = tmp67 - tmp70;
        auto tmp73 = tmp72 * tmp1;
        auto tmp74 = metal::floor(tmp73);
        auto tmp75 = tmp74 * tmp4;
        auto tmp76 = tmp72 - tmp75;
        auto tmp78 = tmp77 * tmp8;
        auto tmp79 = static_cast<float>(tmp78);
        auto tmp81 = static_cast<float>(tmp80);
        auto tmp82 = tmp81 + tmp13;
        auto tmp83 = tmp82 > tmp15;
        auto tmp84 = metal::precise::exp(tmp82);
        auto tmp85 = tmp84 + tmp18;
        auto tmp86 = metal::precise::log(tmp85);
        auto tmp87 = tmp83 ? tmp82 : static_cast<decltype(tmp82)>(tmp86);
        auto tmp88 = tmp79 * tmp87;
        auto tmp89 = tmp76 + tmp88;
        auto tmp90 = tmp89 * tmp1;
        auto tmp91 = metal::floor(tmp90);
        auto tmp92 = tmp91 * tmp4;
        auto tmp93 = tmp89 - tmp92;
        auto tmp95 = tmp94 * tmp1;
        auto tmp96 = metal::floor(tmp95);
        auto tmp97 = tmp96 * tmp4;
        auto tmp98 = tmp94 - tmp97;
        auto tmp100 = tmp99 * tmp8;
        auto tmp101 = static_cast<float>(tmp100);
        auto tmp103 = static_cast<float>(tmp102);
        auto tmp104 = tmp103 + tmp13;
        auto tmp105 = tmp104 > tmp15;
        auto tmp106 = metal::precise::exp(tmp104);
        auto tmp107 = tmp106 + tmp18;
        auto tmp108 = metal::precise::log(tmp107);
        auto tmp109 = tmp105 ? tmp104 : static_cast<decltype(tmp104)>(tmp108);
        auto tmp110 = tmp101 * tmp109;
        auto tmp111 = tmp98 + tmp110;
        auto tmp112 = tmp111 * tmp1;
        auto tmp113 = metal::floor(tmp112);
        auto tmp114 = tmp113 * tmp4;
        auto tmp115 = tmp111 - tmp114;
        auto tmp117 = tmp116 * tmp1;
        auto tmp118 = metal::floor(tmp117);
        auto tmp119 = tmp118 * tmp4;
        auto tmp120 = tmp116 - tmp119;
        auto tmp122 = tmp121 * tmp8;
        auto tmp123 = static_cast<float>(tmp122);
        auto tmp125 = static_cast<float>(tmp124);
        auto tmp126 = tmp125 + tmp13;
        auto tmp127 = tmp126 > tmp15;
        auto tmp128 = metal::precise::exp(tmp126);
        auto tmp129 = tmp128 + tmp18;
        auto tmp130 = metal::precise::log(tmp129);
        auto tmp131 = tmp127 ? tmp126 : static_cast<decltype(tmp126)>(tmp130);
        auto tmp132 = tmp123 * tmp131;
        auto tmp133 = tmp120 + tmp132;
        auto tmp134 = tmp133 * tmp1;
        auto tmp135 = metal::floor(tmp134);
        auto tmp136 = tmp135 * tmp4;
        auto tmp137 = tmp133 - tmp136;
        auto tmp139 = tmp138 * tmp1;
        auto tmp140 = metal::floor(tmp139);
        auto tmp141 = tmp140 * tmp4;
        auto tmp142 = tmp138 - tmp141;
        auto tmp144 = tmp143 * tmp8;
        auto tmp145 = static_cast<float>(tmp144);
        auto tmp147 = static_cast<float>(tmp146);
        auto tmp148 = tmp147 + tmp13;
        auto tmp149 = tmp148 > tmp15;
        auto tmp150 = metal::precise::exp(tmp148);
        auto tmp151 = tmp150 + tmp18;
        auto tmp152 = metal::precise::log(tmp151);
        auto tmp153 = tmp149 ? tmp148 : static_cast<decltype(tmp148)>(tmp152);
        auto tmp154 = tmp145 * tmp153;
        auto tmp155 = tmp142 + tmp154;
        auto tmp156 = tmp155 * tmp1;
        auto tmp157 = metal::floor(tmp156);
        auto tmp158 = tmp157 * tmp4;
        auto tmp159 = tmp155 - tmp158;
        auto tmp161 = tmp160 * tmp1;
        auto tmp162 = metal::floor(tmp161);
        auto tmp163 = tmp162 * tmp4;
        auto tmp164 = tmp160 - tmp163;
        auto tmp166 = tmp165 * tmp8;
        auto tmp167 = static_cast<float>(tmp166);
        auto tmp169 = static_cast<float>(tmp168);
        auto tmp170 = tmp169 + tmp13;
        auto tmp171 = tmp170 > tmp15;
        auto tmp172 = metal::precise::exp(tmp170);
        auto tmp173 = tmp172 + tmp18;
        auto tmp174 = metal::precise::log(tmp173);
        auto tmp175 = tmp171 ? tmp170 : static_cast<decltype(tmp170)>(tmp174);
        auto tmp176 = tmp167 * tmp175;
        auto tmp177 = tmp164 + tmp176;
        auto tmp178 = tmp177 * tmp1;
        auto tmp179 = metal::floor(tmp178);
        auto tmp180 = tmp179 * tmp4;
        auto tmp181 = tmp177 - tmp180;
        auto tmp183 = tmp182 * tmp1;
        auto tmp184 = metal::floor(tmp183);
        auto tmp185 = tmp184 * tmp4;
        auto tmp186 = tmp182 - tmp185;
        auto tmp188 = tmp187 * tmp8;
        auto tmp189 = static_cast<float>(tmp188);
        auto tmp191 = static_cast<float>(tmp190);
        auto tmp192 = tmp191 + tmp13;
        auto tmp193 = tmp192 > tmp15;
        auto tmp194 = metal::precise::exp(tmp192);
        auto tmp195 = tmp194 + tmp18;
        auto tmp196 = metal::precise::log(tmp195);
        auto tmp197 = tmp193 ? tmp192 : static_cast<decltype(tmp192)>(tmp196);
        auto tmp198 = tmp189 * tmp197;
        auto tmp199 = tmp186 + tmp198;
        auto tmp200 = tmp199 * tmp1;
        auto tmp201 = metal::floor(tmp200);
        auto tmp202 = tmp201 * tmp4;
        auto tmp203 = tmp199 - tmp202;
        auto tmp205 = tmp204 * tmp1;
        auto tmp206 = metal::floor(tmp205);
        auto tmp207 = tmp206 * tmp4;
        auto tmp208 = tmp204 - tmp207;
        auto tmp210 = tmp209 * tmp8;
        auto tmp211 = static_cast<float>(tmp210);
        auto tmp213 = static_cast<float>(tmp212);
        auto tmp214 = tmp213 + tmp13;
        auto tmp215 = tmp214 > tmp15;
        auto tmp216 = metal::precise::exp(tmp214);
        auto tmp217 = tmp216 + tmp18;
        auto tmp218 = metal::precise::log(tmp217);
        auto tmp219 = tmp215 ? tmp214 : static_cast<decltype(tmp214)>(tmp218);
        auto tmp220 = tmp211 * tmp219;
        auto tmp221 = tmp208 + tmp220;
        auto tmp222 = tmp221 * tmp1;
        auto tmp223 = metal::floor(tmp222);
        auto tmp224 = tmp223 * tmp4;
        auto tmp225 = tmp221 - tmp224;
        auto tmp227 = tmp226 * tmp1;
        auto tmp228 = metal::floor(tmp227);
        auto tmp229 = tmp228 * tmp4;
        auto tmp230 = tmp226 - tmp229;
        auto tmp232 = tmp231 * tmp8;
        auto tmp233 = static_cast<float>(tmp232);
        auto tmp235 = static_cast<float>(tmp234);
        auto tmp236 = tmp235 + tmp13;
        auto tmp237 = tmp236 > tmp15;
        auto tmp238 = metal::precise::exp(tmp236);
        auto tmp239 = tmp238 + tmp18;
        auto tmp240 = metal::precise::log(tmp239);
        auto tmp241 = tmp237 ? tmp236 : static_cast<decltype(tmp236)>(tmp240);
        auto tmp242 = tmp233 * tmp241;
        auto tmp243 = tmp230 + tmp242;
        auto tmp244 = tmp243 * tmp1;
        auto tmp245 = metal::floor(tmp244);
        auto tmp246 = tmp245 * tmp4;
        auto tmp247 = tmp243 - tmp246;
        auto tmp249 = tmp248 * tmp1;
        auto tmp250 = metal::floor(tmp249);
        auto tmp251 = tmp250 * tmp4;
        auto tmp252 = tmp248 - tmp251;
        auto tmp254 = tmp253 * tmp8;
        auto tmp255 = static_cast<float>(tmp254);
        auto tmp257 = static_cast<float>(tmp256);
        auto tmp258 = tmp257 + tmp13;
        auto tmp259 = tmp258 > tmp15;
        auto tmp260 = metal::precise::exp(tmp258);
        auto tmp261 = tmp260 + tmp18;
        auto tmp262 = metal::precise::log(tmp261);
        auto tmp263 = tmp259 ? tmp258 : static_cast<decltype(tmp258)>(tmp262);
        auto tmp264 = tmp255 * tmp263;
        auto tmp265 = tmp252 + tmp264;
        auto tmp266 = tmp265 * tmp1;
        auto tmp267 = metal::floor(tmp266);
        auto tmp268 = tmp267 * tmp4;
        auto tmp269 = tmp265 - tmp268;
        auto tmp271 = tmp270 * tmp1;
        auto tmp272 = metal::floor(tmp271);
        auto tmp273 = tmp272 * tmp4;
        auto tmp274 = tmp270 - tmp273;
        auto tmp276 = tmp275 * tmp8;
        auto tmp277 = static_cast<float>(tmp276);
        auto tmp279 = static_cast<float>(tmp278);
        auto tmp280 = tmp279 + tmp13;
        auto tmp281 = tmp280 > tmp15;
        auto tmp282 = metal::precise::exp(tmp280);
        auto tmp283 = tmp282 + tmp18;
        auto tmp284 = metal::precise::log(tmp283);
        auto tmp285 = tmp281 ? tmp280 : static_cast<decltype(tmp280)>(tmp284);
        auto tmp286 = tmp277 * tmp285;
        auto tmp287 = tmp274 + tmp286;
        auto tmp288 = tmp287 * tmp1;
        auto tmp289 = metal::floor(tmp288);
        auto tmp290 = tmp289 * tmp4;
        auto tmp291 = tmp287 - tmp290;
        auto tmp293 = tmp292 * tmp1;
        auto tmp294 = metal::floor(tmp293);
        auto tmp295 = tmp294 * tmp4;
        auto tmp296 = tmp292 - tmp295;
        auto tmp298 = tmp297 * tmp8;
        auto tmp299 = static_cast<float>(tmp298);
        auto tmp301 = static_cast<float>(tmp300);
        auto tmp302 = tmp301 + tmp13;
        auto tmp303 = tmp302 > tmp15;
        auto tmp304 = metal::precise::exp(tmp302);
        auto tmp305 = tmp304 + tmp18;
        auto tmp306 = metal::precise::log(tmp305);
        auto tmp307 = tmp303 ? tmp302 : static_cast<decltype(tmp302)>(tmp306);
        auto tmp308 = tmp299 * tmp307;
        auto tmp309 = tmp296 + tmp308;
        auto tmp310 = tmp309 * tmp1;
        auto tmp311 = metal::floor(tmp310);
        auto tmp312 = tmp311 * tmp4;
        auto tmp313 = tmp309 - tmp312;
        auto tmp315 = tmp314 * tmp1;
        auto tmp316 = metal::floor(tmp315);
        auto tmp317 = tmp316 * tmp4;
        auto tmp318 = tmp314 - tmp317;
        auto tmp320 = tmp319 * tmp8;
        auto tmp321 = static_cast<float>(tmp320);
        auto tmp323 = static_cast<float>(tmp322);
        auto tmp324 = tmp323 + tmp13;
        auto tmp325 = tmp324 > tmp15;
        auto tmp326 = metal::precise::exp(tmp324);
        auto tmp327 = tmp326 + tmp18;
        auto tmp328 = metal::precise::log(tmp327);
        auto tmp329 = tmp325 ? tmp324 : static_cast<decltype(tmp324)>(tmp328);
        auto tmp330 = tmp321 * tmp329;
        auto tmp331 = tmp318 + tmp330;
        auto tmp332 = tmp331 * tmp1;
        auto tmp333 = metal::floor(tmp332);
        auto tmp334 = tmp333 * tmp4;
        auto tmp335 = tmp331 - tmp334;
        auto tmp337 = tmp336 * tmp1;
        auto tmp338 = metal::floor(tmp337);
        auto tmp339 = tmp338 * tmp4;
        auto tmp340 = tmp336 - tmp339;
        auto tmp342 = tmp341 * tmp8;
        auto tmp343 = static_cast<float>(tmp342);
        auto tmp345 = static_cast<float>(tmp344);
        auto tmp346 = tmp345 + tmp13;
        auto tmp347 = tmp346 > tmp15;
        auto tmp348 = metal::precise::exp(tmp346);
        auto tmp349 = tmp348 + tmp18;
        auto tmp350 = metal::precise::log(tmp349);
        auto tmp351 = tmp347 ? tmp346 : static_cast<decltype(tmp346)>(tmp350);
        auto tmp352 = tmp343 * tmp351;
        auto tmp353 = tmp340 + tmp352;
        auto tmp354 = tmp353 * tmp1;
        auto tmp355 = metal::floor(tmp354);
        auto tmp356 = tmp355 * tmp4;
        auto tmp357 = tmp353 - tmp356;
        auto tmp359 = tmp358 * tmp1;
        auto tmp360 = metal::floor(tmp359);
        auto tmp361 = tmp360 * tmp4;
        auto tmp362 = tmp358 - tmp361;
        auto tmp364 = tmp363 * tmp8;
        auto tmp365 = static_cast<float>(tmp364);
        auto tmp367 = static_cast<float>(tmp366);
        auto tmp368 = tmp367 + tmp13;
        auto tmp369 = tmp368 > tmp15;
        auto tmp370 = metal::precise::exp(tmp368);
        auto tmp371 = tmp370 + tmp18;
        auto tmp372 = metal::precise::log(tmp371);
        auto tmp373 = tmp369 ? tmp368 : static_cast<decltype(tmp368)>(tmp372);
        auto tmp374 = tmp365 * tmp373;
        auto tmp375 = tmp362 + tmp374;
        auto tmp376 = tmp375 * tmp1;
        auto tmp377 = metal::floor(tmp376);
        auto tmp378 = tmp377 * tmp4;
        auto tmp379 = tmp375 - tmp378;
        auto tmp381 = tmp380 * tmp1;
        auto tmp382 = metal::floor(tmp381);
        auto tmp383 = tmp382 * tmp4;
        auto tmp384 = tmp380 - tmp383;
        auto tmp386 = tmp385 * tmp8;
        auto tmp387 = static_cast<float>(tmp386);
        auto tmp389 = static_cast<float>(tmp388);
        auto tmp390 = tmp389 + tmp13;
        auto tmp391 = tmp390 > tmp15;
        auto tmp392 = metal::precise::exp(tmp390);
        auto tmp393 = tmp392 + tmp18;
        auto tmp394 = metal::precise::log(tmp393);
        auto tmp395 = tmp391 ? tmp390 : static_cast<decltype(tmp390)>(tmp394);
        auto tmp396 = tmp387 * tmp395;
        auto tmp397 = tmp384 + tmp396;
        auto tmp398 = tmp397 * tmp1;
        auto tmp399 = metal::floor(tmp398);
        auto tmp400 = tmp399 * tmp4;
        auto tmp401 = tmp397 - tmp400;
        auto tmp403 = tmp402 * tmp1;
        auto tmp404 = metal::floor(tmp403);
        auto tmp405 = tmp404 * tmp4;
        auto tmp406 = tmp402 - tmp405;
        auto tmp408 = tmp407 * tmp8;
        auto tmp409 = static_cast<float>(tmp408);
        auto tmp411 = static_cast<float>(tmp410);
        auto tmp412 = tmp411 + tmp13;
        auto tmp413 = tmp412 > tmp15;
        auto tmp414 = metal::precise::exp(tmp412);
        auto tmp415 = tmp414 + tmp18;
        auto tmp416 = metal::precise::log(tmp415);
        auto tmp417 = tmp413 ? tmp412 : static_cast<decltype(tmp412)>(tmp416);
        auto tmp418 = tmp409 * tmp417;
        auto tmp419 = tmp406 + tmp418;
        auto tmp420 = tmp419 * tmp1;
        auto tmp421 = metal::floor(tmp420);
        auto tmp422 = tmp421 * tmp4;
        auto tmp423 = tmp419 - tmp422;
        auto tmp425 = tmp424 * tmp1;
        auto tmp426 = metal::floor(tmp425);
        auto tmp427 = tmp426 * tmp4;
        auto tmp428 = tmp424 - tmp427;
        auto tmp430 = tmp429 * tmp8;
        auto tmp431 = static_cast<float>(tmp430);
        auto tmp433 = static_cast<float>(tmp432);
        auto tmp434 = tmp433 + tmp13;
        auto tmp435 = tmp434 > tmp15;
        auto tmp436 = metal::precise::exp(tmp434);
        auto tmp437 = tmp436 + tmp18;
        auto tmp438 = metal::precise::log(tmp437);
        auto tmp439 = tmp435 ? tmp434 : static_cast<decltype(tmp434)>(tmp438);
        auto tmp440 = tmp431 * tmp439;
        auto tmp441 = tmp428 + tmp440;
        auto tmp442 = tmp441 * tmp1;
        auto tmp443 = metal::floor(tmp442);
        auto tmp444 = tmp443 * tmp4;
        auto tmp445 = tmp441 - tmp444;
        auto tmp447 = tmp446 * tmp1;
        auto tmp448 = metal::floor(tmp447);
        auto tmp449 = tmp448 * tmp4;
        auto tmp450 = tmp446 - tmp449;
        auto tmp452 = tmp451 * tmp8;
        auto tmp453 = static_cast<float>(tmp452);
        auto tmp455 = static_cast<float>(tmp454);
        auto tmp456 = tmp455 + tmp13;
        auto tmp457 = tmp456 > tmp15;
        auto tmp458 = metal::precise::exp(tmp456);
        auto tmp459 = tmp458 + tmp18;
        auto tmp460 = metal::precise::log(tmp459);
        auto tmp461 = tmp457 ? tmp456 : static_cast<decltype(tmp456)>(tmp460);
        auto tmp462 = tmp453 * tmp461;
        auto tmp463 = tmp450 + tmp462;
        auto tmp464 = tmp463 * tmp1;
        auto tmp465 = metal::floor(tmp464);
        auto tmp466 = tmp465 * tmp4;
        auto tmp467 = tmp463 - tmp466;
        auto tmp469 = tmp468 * tmp1;
        auto tmp470 = metal::floor(tmp469);
        auto tmp471 = tmp470 * tmp4;
        auto tmp472 = tmp468 - tmp471;
        auto tmp474 = tmp473 * tmp8;
        auto tmp475 = static_cast<float>(tmp474);
        auto tmp477 = static_cast<float>(tmp476);
        auto tmp478 = tmp477 + tmp13;
        auto tmp479 = tmp478 > tmp15;
        auto tmp480 = metal::precise::exp(tmp478);
        auto tmp481 = tmp480 + tmp18;
        auto tmp482 = metal::precise::log(tmp481);
        auto tmp483 = tmp479 ? tmp478 : static_cast<decltype(tmp478)>(tmp482);
        auto tmp484 = tmp475 * tmp483;
        auto tmp485 = tmp472 + tmp484;
        auto tmp486 = tmp485 * tmp1;
        auto tmp487 = metal::floor(tmp486);
        auto tmp488 = tmp487 * tmp4;
        auto tmp489 = tmp485 - tmp488;
        auto tmp491 = tmp490 * tmp1;
        auto tmp492 = metal::floor(tmp491);
        auto tmp493 = tmp492 * tmp4;
        auto tmp494 = tmp490 - tmp493;
        auto tmp496 = tmp495 * tmp8;
        auto tmp497 = static_cast<float>(tmp496);
        auto tmp499 = static_cast<float>(tmp498);
        auto tmp500 = tmp499 + tmp13;
        auto tmp501 = tmp500 > tmp15;
        auto tmp502 = metal::precise::exp(tmp500);
        auto tmp503 = tmp502 + tmp18;
        auto tmp504 = metal::precise::log(tmp503);
        auto tmp505 = tmp501 ? tmp500 : static_cast<decltype(tmp500)>(tmp504);
        auto tmp506 = tmp497 * tmp505;
        auto tmp507 = tmp494 + tmp506;
        auto tmp508 = tmp507 * tmp1;
        auto tmp509 = metal::floor(tmp508);
        auto tmp510 = tmp509 * tmp4;
        auto tmp511 = tmp507 - tmp510;
        auto tmp513 = tmp512 * tmp1;
        auto tmp514 = metal::floor(tmp513);
        auto tmp515 = tmp514 * tmp4;
        auto tmp516 = tmp512 - tmp515;
        auto tmp518 = tmp517 * tmp8;
        auto tmp519 = static_cast<float>(tmp518);
        auto tmp521 = static_cast<float>(tmp520);
        auto tmp522 = tmp521 + tmp13;
        auto tmp523 = tmp522 > tmp15;
        auto tmp524 = metal::precise::exp(tmp522);
        auto tmp525 = tmp524 + tmp18;
        auto tmp526 = metal::precise::log(tmp525);
        auto tmp527 = tmp523 ? tmp522 : static_cast<decltype(tmp522)>(tmp526);
        auto tmp528 = tmp519 * tmp527;
        auto tmp529 = tmp516 + tmp528;
        auto tmp530 = tmp529 * tmp1;
        auto tmp531 = metal::floor(tmp530);
        auto tmp532 = tmp531 * tmp4;
        auto tmp533 = tmp529 - tmp532;
        auto tmp535 = tmp534 * tmp1;
        auto tmp536 = metal::floor(tmp535);
        auto tmp537 = tmp536 * tmp4;
        auto tmp538 = tmp534 - tmp537;
        auto tmp540 = tmp539 * tmp8;
        auto tmp541 = static_cast<float>(tmp540);
        auto tmp543 = static_cast<float>(tmp542);
        auto tmp544 = tmp543 + tmp13;
        auto tmp545 = tmp544 > tmp15;
        auto tmp546 = metal::precise::exp(tmp544);
        auto tmp547 = tmp546 + tmp18;
        auto tmp548 = metal::precise::log(tmp547);
        auto tmp549 = tmp545 ? tmp544 : static_cast<decltype(tmp544)>(tmp548);
        auto tmp550 = tmp541 * tmp549;
        auto tmp551 = tmp538 + tmp550;
        auto tmp552 = tmp551 * tmp1;
        auto tmp553 = metal::floor(tmp552);
        auto tmp554 = tmp553 * tmp4;
        auto tmp555 = tmp551 - tmp554;
        auto tmp557 = tmp556 * tmp1;
        auto tmp558 = metal::floor(tmp557);
        auto tmp559 = tmp558 * tmp4;
        auto tmp560 = tmp556 - tmp559;
        auto tmp562 = tmp561 * tmp8;
        auto tmp563 = static_cast<float>(tmp562);
        auto tmp565 = static_cast<float>(tmp564);
        auto tmp566 = tmp565 + tmp13;
        auto tmp567 = tmp566 > tmp15;
        auto tmp568 = metal::precise::exp(tmp566);
        auto tmp569 = tmp568 + tmp18;
        auto tmp570 = metal::precise::log(tmp569);
        auto tmp571 = tmp567 ? tmp566 : static_cast<decltype(tmp566)>(tmp570);
        auto tmp572 = tmp563 * tmp571;
        auto tmp573 = tmp560 + tmp572;
        auto tmp574 = tmp573 * tmp1;
        auto tmp575 = metal::floor(tmp574);
        auto tmp576 = tmp575 * tmp4;
        auto tmp577 = tmp573 - tmp576;
        auto tmp579 = tmp578 * tmp1;
        auto tmp580 = metal::floor(tmp579);
        auto tmp581 = tmp580 * tmp4;
        auto tmp582 = tmp578 - tmp581;
        auto tmp584 = tmp583 * tmp8;
        auto tmp585 = static_cast<float>(tmp584);
        auto tmp587 = static_cast<float>(tmp586);
        auto tmp588 = tmp587 + tmp13;
        auto tmp589 = tmp588 > tmp15;
        auto tmp590 = metal::precise::exp(tmp588);
        auto tmp591 = tmp590 + tmp18;
        auto tmp592 = metal::precise::log(tmp591);
        auto tmp593 = tmp589 ? tmp588 : static_cast<decltype(tmp588)>(tmp592);
        auto tmp594 = tmp585 * tmp593;
        auto tmp595 = tmp582 + tmp594;
        auto tmp596 = tmp595 * tmp1;
        auto tmp597 = metal::floor(tmp596);
        auto tmp598 = tmp597 * tmp4;
        auto tmp599 = tmp595 - tmp598;
        auto tmp601 = tmp600 * tmp1;
        auto tmp602 = metal::floor(tmp601);
        auto tmp603 = tmp602 * tmp4;
        auto tmp604 = tmp600 - tmp603;
        auto tmp606 = tmp605 * tmp8;
        auto tmp607 = static_cast<float>(tmp606);
        auto tmp609 = static_cast<float>(tmp608);
        auto tmp610 = tmp609 + tmp13;
        auto tmp611 = tmp610 > tmp15;
        auto tmp612 = metal::precise::exp(tmp610);
        auto tmp613 = tmp612 + tmp18;
        auto tmp614 = metal::precise::log(tmp613);
        auto tmp615 = tmp611 ? tmp610 : static_cast<decltype(tmp610)>(tmp614);
        auto tmp616 = tmp607 * tmp615;
        auto tmp617 = tmp604 + tmp616;
        auto tmp618 = tmp617 * tmp1;
        auto tmp619 = metal::floor(tmp618);
        auto tmp620 = tmp619 * tmp4;
        auto tmp621 = tmp617 - tmp620;
        auto tmp623 = tmp622 * tmp1;
        auto tmp624 = metal::floor(tmp623);
        auto tmp625 = tmp624 * tmp4;
        auto tmp626 = tmp622 - tmp625;
        auto tmp628 = tmp627 * tmp8;
        auto tmp629 = static_cast<float>(tmp628);
        auto tmp631 = static_cast<float>(tmp630);
        auto tmp632 = tmp631 + tmp13;
        auto tmp633 = tmp632 > tmp15;
        auto tmp634 = metal::precise::exp(tmp632);
        auto tmp635 = tmp634 + tmp18;
        auto tmp636 = metal::precise::log(tmp635);
        auto tmp637 = tmp633 ? tmp632 : static_cast<decltype(tmp632)>(tmp636);
        auto tmp638 = tmp629 * tmp637;
        auto tmp639 = tmp626 + tmp638;
        auto tmp640 = tmp639 * tmp1;
        auto tmp641 = metal::floor(tmp640);
        auto tmp642 = tmp641 * tmp4;
        auto tmp643 = tmp639 - tmp642;
        auto tmp645 = tmp644 * tmp1;
        auto tmp646 = metal::floor(tmp645);
        auto tmp647 = tmp646 * tmp4;
        auto tmp648 = tmp644 - tmp647;
        auto tmp650 = tmp649 * tmp8;
        auto tmp651 = static_cast<float>(tmp650);
        auto tmp653 = static_cast<float>(tmp652);
        auto tmp654 = tmp653 + tmp13;
        auto tmp655 = tmp654 > tmp15;
        auto tmp656 = metal::precise::exp(tmp654);
        auto tmp657 = tmp656 + tmp18;
        auto tmp658 = metal::precise::log(tmp657);
        auto tmp659 = tmp655 ? tmp654 : static_cast<decltype(tmp654)>(tmp658);
        auto tmp660 = tmp651 * tmp659;
        auto tmp661 = tmp648 + tmp660;
        auto tmp662 = tmp661 * tmp1;
        auto tmp663 = metal::floor(tmp662);
        auto tmp664 = tmp663 * tmp4;
        auto tmp665 = tmp661 - tmp664;
        auto tmp667 = tmp666 * tmp1;
        auto tmp668 = metal::floor(tmp667);
        auto tmp669 = tmp668 * tmp4;
        auto tmp670 = tmp666 - tmp669;
        auto tmp672 = tmp671 * tmp8;
        auto tmp673 = static_cast<float>(tmp672);
        auto tmp675 = static_cast<float>(tmp674);
        auto tmp676 = tmp675 + tmp13;
        auto tmp677 = tmp676 > tmp15;
        auto tmp678 = metal::precise::exp(tmp676);
        auto tmp679 = tmp678 + tmp18;
        auto tmp680 = metal::precise::log(tmp679);
        auto tmp681 = tmp677 ? tmp676 : static_cast<decltype(tmp676)>(tmp680);
        auto tmp682 = tmp673 * tmp681;
        auto tmp683 = tmp670 + tmp682;
        auto tmp684 = tmp683 * tmp1;
        auto tmp685 = metal::floor(tmp684);
        auto tmp686 = tmp685 * tmp4;
        auto tmp687 = tmp683 - tmp686;
        auto tmp689 = tmp688 * tmp1;
        auto tmp690 = metal::floor(tmp689);
        auto tmp691 = tmp690 * tmp4;
        auto tmp692 = tmp688 - tmp691;
        auto tmp694 = tmp693 * tmp8;
        auto tmp695 = static_cast<float>(tmp694);
        auto tmp697 = static_cast<float>(tmp696);
        auto tmp698 = tmp697 + tmp13;
        auto tmp699 = tmp698 > tmp15;
        auto tmp700 = metal::precise::exp(tmp698);
        auto tmp701 = tmp700 + tmp18;
        auto tmp702 = metal::precise::log(tmp701);
        auto tmp703 = tmp699 ? tmp698 : static_cast<decltype(tmp698)>(tmp702);
        auto tmp704 = tmp695 * tmp703;
        auto tmp705 = tmp692 + tmp704;
        auto tmp706 = tmp705 * tmp1;
        auto tmp707 = metal::floor(tmp706);
        auto tmp708 = tmp707 * tmp4;
        auto tmp709 = tmp705 - tmp708;
        out_ptr0[x0 + 196608*x1] = static_cast<float>(tmp6);
        out_ptr1[x0 + 196608*x1] = static_cast<float>(tmp27);
        out_ptr2[x0 + 196608*x1] = static_cast<float>(tmp32);
        out_ptr3[x0 + 196608*x1] = static_cast<float>(tmp49);
        out_ptr4[x0 + 196608*x1] = static_cast<float>(tmp54);
        out_ptr5[x0 + 196608*x1] = static_cast<float>(tmp71);
        out_ptr6[x0 + 196608*x1] = static_cast<float>(tmp76);
        out_ptr7[x0 + 196608*x1] = static_cast<float>(tmp93);
        out_ptr8[x0 + 196608*x1] = static_cast<float>(tmp98);
        out_ptr9[x0 + 196608*x1] = static_cast<float>(tmp115);
        out_ptr10[x0 + 196608*x1] = static_cast<float>(tmp120);
        out_ptr11[x0 + 196608*x1] = static_cast<float>(tmp137);
        out_ptr12[x0 + 196608*x1] = static_cast<float>(tmp142);
        out_ptr13[x0 + 196608*x1] = static_cast<float>(tmp159);
        out_ptr14[x0 + 196608*x1] = static_cast<float>(tmp164);
        out_ptr15[x0 + 196608*x1] = static_cast<float>(tmp181);
        out_ptr16[x0 + 196608*x1] = static_cast<float>(tmp186);
        out_ptr17[x0 + 196608*x1] = static_cast<float>(tmp203);
        out_ptr18[x0 + 196608*x1] = static_cast<float>(tmp208);
        out_ptr19[x0 + 196608*x1] = static_cast<float>(tmp225);
        out_ptr20[x0 + 196608*x1] = static_cast<float>(tmp230);
        out_ptr21[x0 + 196608*x1] = static_cast<float>(tmp247);
        out_ptr22[x0 + 196608*x1] = static_cast<float>(tmp252);
        out_ptr23[x0 + 196608*x1] = static_cast<float>(tmp269);
        out_ptr24[x0 + 196608*x1] = static_cast<float>(tmp274);
        out_ptr25[x0 + 196608*x1] = static_cast<float>(tmp291);
        out_ptr26[x0 + 196608*x1] = static_cast<float>(tmp296);
        out_ptr27[x0 + 196608*x1] = static_cast<float>(tmp313);
        out_ptr28[x0 + 196608*x1] = static_cast<float>(tmp318);
        out_ptr29[x0 + 196608*x1] = static_cast<float>(tmp335);
        out_ptr30[x0 + 196608*x1] = static_cast<float>(tmp340);
        out_ptr31[x0 + 196608*x1] = static_cast<float>(tmp357);
        out_ptr32[x0 + 196608*x1] = static_cast<float>(tmp362);
        out_ptr33[x0 + 196608*x1] = static_cast<float>(tmp379);
        out_ptr34[x0 + 196608*x1] = static_cast<float>(tmp384);
        out_ptr35[x0 + 196608*x1] = static_cast<float>(tmp401);
        out_ptr36[x0 + 196608*x1] = static_cast<float>(tmp406);
        out_ptr37[x0 + 196608*x1] = static_cast<float>(tmp423);
        out_ptr38[x0 + 196608*x1] = static_cast<float>(tmp428);
        out_ptr39[x0 + 196608*x1] = static_cast<float>(tmp445);
        out_ptr40[x0 + 196608*x1] = static_cast<float>(tmp450);
        out_ptr41[x0 + 196608*x1] = static_cast<float>(tmp467);
        out_ptr42[x0 + 196608*x1] = static_cast<float>(tmp472);
        out_ptr43[x0 + 196608*x1] = static_cast<float>(tmp489);
        out_ptr44[x0 + 196608*x1] = static_cast<float>(tmp494);
        out_ptr45[x0 + 196608*x1] = static_cast<float>(tmp511);
        out_ptr46[x0 + 196608*x1] = static_cast<float>(tmp516);
        out_ptr47[x0 + 196608*x1] = static_cast<float>(tmp533);
        out_ptr48[x0 + 196608*x1] = static_cast<float>(tmp538);
        out_ptr49[x0 + 196608*x1] = static_cast<float>(tmp555);
        out_ptr50[x0 + 196608*x1] = static_cast<float>(tmp560);
        out_ptr51[x0 + 196608*x1] = static_cast<float>(tmp577);
        out_ptr52[x0 + 196608*x1] = static_cast<float>(tmp582);
        out_ptr53[x0 + 196608*x1] = static_cast<float>(tmp599);
        out_ptr54[x0 + 196608*x1] = static_cast<float>(tmp604);
        out_ptr55[x0 + 196608*x1] = static_cast<float>(tmp621);
        out_ptr56[x0 + 196608*x1] = static_cast<float>(tmp626);
        out_ptr57[x0 + 196608*x1] = static_cast<float>(tmp643);
        out_ptr58[x0 + 196608*x1] = static_cast<float>(tmp648);
        out_ptr59[x0 + 196608*x1] = static_cast<float>(tmp665);
        out_ptr60[x0 + 196608*x1] = static_cast<float>(tmp670);
        out_ptr61[x0 + 196608*x1] = static_cast<float>(tmp687);
        out_ptr62[x0 + 196608*x1] = static_cast<float>(tmp692);
        out_ptr63[x0 + 196608*x1] = static_cast<float>(tmp709);
    }




    kernel void generated_kernel_22(
        device float* out_ptr0,
        device float* out_ptr1,
        device float* out_ptr2,
        device float* out_ptr3,
        device float* out_ptr4,
        device float* out_ptr5,
        device float* out_ptr6,
        device float* out_ptr7,
        device float* out_ptr8,
        device float* out_ptr9,
        device float* out_ptr10,
        device float* out_ptr11,
        device float* out_ptr12,
        device float* out_ptr13,
        device float* out_ptr14,
        device float* out_ptr15,
        device float* out_ptr16,
        device float* out_ptr17,
        device float* out_ptr18,
        device float* out_ptr19,
        device float* out_ptr20,
        device float* out_ptr21,
        device float* out_ptr22,
        device float* out_ptr23,
        device float* out_ptr24,
        device float* out_ptr25,
        device float* out_ptr26,
        device float* out_ptr27,
        device float* out_ptr28,
        device float* out_ptr29,
        device float* out_ptr30,
        device float* out_ptr31,
        device float* out_ptr32,
        device float* out_ptr33,
        device float* out_ptr34,
        device float* out_ptr35,
        device float* out_ptr36,
        device float* out_ptr37,
        device float* out_ptr38,
        device float* out_ptr39,
        device float* out_ptr40,
        device float* out_ptr41,
        device float* out_ptr42,
        device float* out_ptr43,
        device float* out_ptr44,
        device float* out_ptr45,
        device float* out_ptr46,
        device float* out_ptr47,
        device float* out_ptr48,
        device float* out_ptr49,
        device float* out_ptr50,
        device float* out_ptr51,
        device float* out_ptr52,
        device float* out_ptr53,
        device float* out_ptr54,
        device float* out_ptr55,
        device float* out_ptr56,
        device float* out_ptr57,
        device float* out_ptr58,
        device float* out_ptr59,
        device float* out_ptr60,
        device float* out_ptr61,
        device float* out_ptr62,
        device float* out_ptr63,
        constant float* in_ptr0,
        constant bfloat* in_ptr1,
        constant bfloat* in_ptr2,
        constant float* in_ptr3,
        device c10::metal::ErrorMessages* error_buf,
        uint xindex [[thread_position_in_grid]]
    ) {
        int x3 = xindex;
        int x0 = (xindex) % (32);
        int x2 = c10::metal::floor_divide(xindex, 384);
        int x1 = ((xindex) / (32)) % (12);
        auto tmp0 = in_ptr0[x3];
        auto tmp7 = static_cast<float>(in_ptr1[4096 + x0 + 16384*x2]);
        auto tmp11 = static_cast<float>(in_ptr2[239872 + x1 + 952320*x2]);
        auto tmp13 = in_ptr3[x1];
        auto tmp28 = static_cast<float>(in_ptr1[4128 + x0 + 16384*x2]);
        auto tmp31 = static_cast<float>(in_ptr2[241732 + x1 + 952320*x2]);
        auto tmp45 = static_cast<float>(in_ptr1[4160 + x0 + 16384*x2]);
        auto tmp48 = static_cast<float>(in_ptr2[243592 + x1 + 952320*x2]);
        auto tmp62 = static_cast<float>(in_ptr1[4192 + x0 + 16384*x2]);
        auto tmp65 = static_cast<float>(in_ptr2[245452 + x1 + 952320*x2]);
        auto tmp79 = static_cast<float>(in_ptr1[4224 + x0 + 16384*x2]);
        auto tmp82 = static_cast<float>(in_ptr2[247312 + x1 + 952320*x2]);
        auto tmp96 = static_cast<float>(in_ptr1[4256 + x0 + 16384*x2]);
        auto tmp99 = static_cast<float>(in_ptr2[249172 + x1 + 952320*x2]);
        auto tmp113 = static_cast<float>(in_ptr1[4288 + x0 + 16384*x2]);
        auto tmp116 = static_cast<float>(in_ptr2[251032 + x1 + 952320*x2]);
        auto tmp130 = static_cast<float>(in_ptr1[4320 + x0 + 16384*x2]);
        auto tmp133 = static_cast<float>(in_ptr2[252892 + x1 + 952320*x2]);
        auto tmp147 = static_cast<float>(in_ptr1[4352 + x0 + 16384*x2]);
        auto tmp150 = static_cast<float>(in_ptr2[254752 + x1 + 952320*x2]);
        auto tmp164 = static_cast<float>(in_ptr1[4384 + x0 + 16384*x2]);
        auto tmp167 = static_cast<float>(in_ptr2[256612 + x1 + 952320*x2]);
        auto tmp181 = static_cast<float>(in_ptr1[4416 + x0 + 16384*x2]);
        auto tmp184 = static_cast<float>(in_ptr2[258472 + x1 + 952320*x2]);
        auto tmp198 = static_cast<float>(in_ptr1[4448 + x0 + 16384*x2]);
        auto tmp201 = static_cast<float>(in_ptr2[260332 + x1 + 952320*x2]);
        auto tmp215 = static_cast<float>(in_ptr1[4480 + x0 + 16384*x2]);
        auto tmp218 = static_cast<float>(in_ptr2[262192 + x1 + 952320*x2]);
        auto tmp232 = static_cast<float>(in_ptr1[4512 + x0 + 16384*x2]);
        auto tmp235 = static_cast<float>(in_ptr2[264052 + x1 + 952320*x2]);
        auto tmp249 = static_cast<float>(in_ptr1[4544 + x0 + 16384*x2]);
        auto tmp252 = static_cast<float>(in_ptr2[265912 + x1 + 952320*x2]);
        auto tmp266 = static_cast<float>(in_ptr1[4576 + x0 + 16384*x2]);
        auto tmp269 = static_cast<float>(in_ptr2[267772 + x1 + 952320*x2]);
        auto tmp283 = static_cast<float>(in_ptr1[4608 + x0 + 16384*x2]);
        auto tmp286 = static_cast<float>(in_ptr2[269632 + x1 + 952320*x2]);
        auto tmp300 = static_cast<float>(in_ptr1[4640 + x0 + 16384*x2]);
        auto tmp303 = static_cast<float>(in_ptr2[271492 + x1 + 952320*x2]);
        auto tmp317 = static_cast<float>(in_ptr1[4672 + x0 + 16384*x2]);
        auto tmp320 = static_cast<float>(in_ptr2[273352 + x1 + 952320*x2]);
        auto tmp334 = static_cast<float>(in_ptr1[4704 + x0 + 16384*x2]);
        auto tmp337 = static_cast<float>(in_ptr2[275212 + x1 + 952320*x2]);
        auto tmp351 = static_cast<float>(in_ptr1[4736 + x0 + 16384*x2]);
        auto tmp354 = static_cast<float>(in_ptr2[277072 + x1 + 952320*x2]);
        auto tmp368 = static_cast<float>(in_ptr1[4768 + x0 + 16384*x2]);
        auto tmp371 = static_cast<float>(in_ptr2[278932 + x1 + 952320*x2]);
        auto tmp385 = static_cast<float>(in_ptr1[4800 + x0 + 16384*x2]);
        auto tmp388 = static_cast<float>(in_ptr2[280792 + x1 + 952320*x2]);
        auto tmp402 = static_cast<float>(in_ptr1[4832 + x0 + 16384*x2]);
        auto tmp405 = static_cast<float>(in_ptr2[282652 + x1 + 952320*x2]);
        auto tmp419 = static_cast<float>(in_ptr1[4864 + x0 + 16384*x2]);
        auto tmp422 = static_cast<float>(in_ptr2[284512 + x1 + 952320*x2]);
        auto tmp436 = static_cast<float>(in_ptr1[4896 + x0 + 16384*x2]);
        auto tmp439 = static_cast<float>(in_ptr2[286372 + x1 + 952320*x2]);
        auto tmp453 = static_cast<float>(in_ptr1[4928 + x0 + 16384*x2]);
        auto tmp456 = static_cast<float>(in_ptr2[288232 + x1 + 952320*x2]);
        auto tmp470 = static_cast<float>(in_ptr1[4960 + x0 + 16384*x2]);
        auto tmp473 = static_cast<float>(in_ptr2[290092 + x1 + 952320*x2]);
        auto tmp487 = static_cast<float>(in_ptr1[4992 + x0 + 16384*x2]);
        auto tmp490 = static_cast<float>(in_ptr2[291952 + x1 + 952320*x2]);
        auto tmp504 = static_cast<float>(in_ptr1[5024 + x0 + 16384*x2]);
        auto tmp507 = static_cast<float>(in_ptr2[293812 + x1 + 952320*x2]);
        auto tmp521 = static_cast<float>(in_ptr1[5056 + x0 + 16384*x2]);
        auto tmp524 = static_cast<float>(in_ptr2[295672 + x1 + 952320*x2]);
        auto tmp538 = static_cast<float>(in_ptr1[5088 + x0 + 16384*x2]);
        auto tmp541 = static_cast<float>(in_ptr2[297532 + x1 + 952320*x2]);
        auto tmp555 = static_cast<float>(in_ptr1[5120 + x0 + 16384*x2]);
        auto tmp558 = static_cast<float>(in_ptr2[299392 + x1 + 952320*x2]);
        auto tmp572 = static_cast<float>(in_ptr1[5152 + x0 + 16384*x2]);
        auto tmp575 = static_cast<float>(in_ptr2[301252 + x1 + 952320*x2]);
        auto tmp589 = static_cast<float>(in_ptr1[5184 + x0 + 16384*x2]);
        auto tmp592 = static_cast<float>(in_ptr2[303112 + x1 + 952320*x2]);
        auto tmp606 = static_cast<float>(in_ptr1[5216 + x0 + 16384*x2]);
        auto tmp609 = static_cast<float>(in_ptr2[304972 + x1 + 952320*x2]);
        auto tmp623 = static_cast<float>(in_ptr1[5248 + x0 + 16384*x2]);
        auto tmp626 = static_cast<float>(in_ptr2[306832 + x1 + 952320*x2]);
        auto tmp640 = static_cast<float>(in_ptr1[5280 + x0 + 16384*x2]);
        auto tmp643 = static_cast<float>(in_ptr2[308692 + x1 + 952320*x2]);
        auto tmp657 = static_cast<float>(in_ptr1[5312 + x0 + 16384*x2]);
        auto tmp660 = static_cast<float>(in_ptr2[310552 + x1 + 952320*x2]);
        auto tmp674 = static_cast<float>(in_ptr1[5344 + x0 + 16384*x2]);
        auto tmp677 = static_cast<float>(in_ptr2[312412 + x1 + 952320*x2]);
        auto tmp691 = static_cast<float>(in_ptr1[5376 + x0 + 16384*x2]);
        auto tmp694 = static_cast<float>(in_ptr2[314272 + x1 + 952320*x2]);
        auto tmp708 = static_cast<float>(in_ptr1[5408 + x0 + 16384*x2]);
        auto tmp711 = static_cast<float>(in_ptr2[316132 + x1 + 952320*x2]);
        auto tmp725 = static_cast<float>(in_ptr1[5440 + x0 + 16384*x2]);
        auto tmp728 = static_cast<float>(in_ptr2[317992 + x1 + 952320*x2]);
        auto tmp742 = static_cast<float>(in_ptr1[5472 + x0 + 16384*x2]);
        auto tmp745 = static_cast<float>(in_ptr2[319852 + x1 + 952320*x2]);
        auto tmp759 = static_cast<float>(in_ptr1[5504 + x0 + 16384*x2]);
        auto tmp762 = static_cast<float>(in_ptr2[321712 + x1 + 952320*x2]);
        auto tmp776 = static_cast<float>(in_ptr1[5536 + x0 + 16384*x2]);
        auto tmp779 = static_cast<float>(in_ptr2[323572 + x1 + 952320*x2]);
        auto tmp793 = static_cast<float>(in_ptr1[5568 + x0 + 16384*x2]);
        auto tmp796 = static_cast<float>(in_ptr2[325432 + x1 + 952320*x2]);
        auto tmp810 = static_cast<float>(in_ptr1[5600 + x0 + 16384*x2]);
        auto tmp813 = static_cast<float>(in_ptr2[327292 + x1 + 952320*x2]);
        auto tmp827 = static_cast<float>(in_ptr1[5632 + x0 + 16384*x2]);
        auto tmp830 = static_cast<float>(in_ptr2[329152 + x1 + 952320*x2]);
        auto tmp844 = static_cast<float>(in_ptr1[5664 + x0 + 16384*x2]);
        auto tmp847 = static_cast<float>(in_ptr2[331012 + x1 + 952320*x2]);
        auto tmp861 = static_cast<float>(in_ptr1[5696 + x0 + 16384*x2]);
        auto tmp864 = static_cast<float>(in_ptr2[332872 + x1 + 952320*x2]);
        auto tmp878 = static_cast<float>(in_ptr1[5728 + x0 + 16384*x2]);
        auto tmp881 = static_cast<float>(in_ptr2[334732 + x1 + 952320*x2]);
        auto tmp895 = static_cast<float>(in_ptr1[5760 + x0 + 16384*x2]);
        auto tmp898 = static_cast<float>(in_ptr2[336592 + x1 + 952320*x2]);
        auto tmp912 = static_cast<float>(in_ptr1[5792 + x0 + 16384*x2]);
        auto tmp915 = static_cast<float>(in_ptr2[338452 + x1 + 952320*x2]);
        auto tmp929 = static_cast<float>(in_ptr1[5824 + x0 + 16384*x2]);
        auto tmp932 = static_cast<float>(in_ptr2[340312 + x1 + 952320*x2]);
        auto tmp946 = static_cast<float>(in_ptr1[5856 + x0 + 16384*x2]);
        auto tmp949 = static_cast<float>(in_ptr2[342172 + x1 + 952320*x2]);
        auto tmp963 = static_cast<float>(in_ptr1[5888 + x0 + 16384*x2]);
        auto tmp966 = static_cast<float>(in_ptr2[344032 + x1 + 952320*x2]);
        auto tmp980 = static_cast<float>(in_ptr1[5920 + x0 + 16384*x2]);
        auto tmp983 = static_cast<float>(in_ptr2[345892 + x1 + 952320*x2]);
        auto tmp997 = static_cast<float>(in_ptr1[5952 + x0 + 16384*x2]);
        auto tmp1000 = static_cast<float>(in_ptr2[347752 + x1 + 952320*x2]);
        auto tmp1014 = static_cast<float>(in_ptr1[5984 + x0 + 16384*x2]);
        auto tmp1017 = static_cast<float>(in_ptr2[349612 + x1 + 952320*x2]);
        auto tmp1031 = static_cast<float>(in_ptr1[6016 + x0 + 16384*x2]);
        auto tmp1034 = static_cast<float>(in_ptr2[351472 + x1 + 952320*x2]);
        auto tmp1048 = static_cast<float>(in_ptr1[6048 + x0 + 16384*x2]);
        auto tmp1051 = static_cast<float>(in_ptr2[353332 + x1 + 952320*x2]);
        auto tmp1065 = static_cast<float>(in_ptr1[6080 + x0 + 16384*x2]);
        auto tmp1068 = static_cast<float>(in_ptr2[355192 + x1 + 952320*x2]);
        auto tmp1082 = static_cast<float>(in_ptr1[6112 + x0 + 16384*x2]);
        auto tmp1085 = static_cast<float>(in_ptr2[357052 + x1 + 952320*x2]);
        auto tmp1099 = static_cast<float>(in_ptr1[6144 + x0 + 16384*x2]);
        auto tmp1102 = static_cast<float>(in_ptr2[358912 + x1 + 952320*x2]);
        auto tmp1116 = static_cast<float>(in_ptr1[6176 + x0 + 16384*x2]);
        auto tmp1119 = static_cast<float>(in_ptr2[360772 + x1 + 952320*x2]);
        auto tmp1133 = static_cast<float>(in_ptr1[6208 + x0 + 16384*x2]);
        auto tmp1136 = static_cast<float>(in_ptr2[362632 + x1 + 952320*x2]);
        auto tmp1150 = static_cast<float>(in_ptr1[6240 + x0 + 16384*x2]);
        auto tmp1153 = static_cast<float>(in_ptr2[364492 + x1 + 952320*x2]);
        auto tmp1167 = static_cast<float>(in_ptr1[6272 + x0 + 16384*x2]);
        auto tmp1170 = static_cast<float>(in_ptr2[366352 + x1 + 952320*x2]);
        auto tmp1184 = static_cast<float>(in_ptr1[6304 + x0 + 16384*x2]);
        auto tmp1187 = static_cast<float>(in_ptr2[368212 + x1 + 952320*x2]);
        auto tmp1201 = static_cast<float>(in_ptr1[6336 + x0 + 16384*x2]);
        auto tmp1204 = static_cast<float>(in_ptr2[370072 + x1 + 952320*x2]);
        auto tmp1218 = static_cast<float>(in_ptr1[6368 + x0 + 16384*x2]);
        auto tmp1221 = static_cast<float>(in_ptr2[371932 + x1 + 952320*x2]);
        auto tmp1235 = static_cast<float>(in_ptr1[6400 + x0 + 16384*x2]);
        auto tmp1238 = static_cast<float>(in_ptr2[373792 + x1 + 952320*x2]);
        auto tmp1252 = static_cast<float>(in_ptr1[6432 + x0 + 16384*x2]);
        auto tmp1255 = static_cast<float>(in_ptr2[375652 + x1 + 952320*x2]);
        auto tmp1269 = static_cast<float>(in_ptr1[6464 + x0 + 16384*x2]);
        auto tmp1272 = static_cast<float>(in_ptr2[377512 + x1 + 952320*x2]);
        auto tmp1286 = static_cast<float>(in_ptr1[6496 + x0 + 16384*x2]);
        auto tmp1289 = static_cast<float>(in_ptr2[379372 + x1 + 952320*x2]);
        auto tmp1303 = static_cast<float>(in_ptr1[6528 + x0 + 16384*x2]);
        auto tmp1306 = static_cast<float>(in_ptr2[381232 + x1 + 952320*x2]);
        auto tmp1320 = static_cast<float>(in_ptr1[6560 + x0 + 16384*x2]);
        auto tmp1323 = static_cast<float>(in_ptr2[383092 + x1 + 952320*x2]);
        auto tmp1337 = static_cast<float>(in_ptr1[6592 + x0 + 16384*x2]);
        auto tmp1340 = static_cast<float>(in_ptr2[384952 + x1 + 952320*x2]);
        auto tmp1354 = static_cast<float>(in_ptr1[6624 + x0 + 16384*x2]);
        auto tmp1357 = static_cast<float>(in_ptr2[386812 + x1 + 952320*x2]);
        auto tmp1371 = static_cast<float>(in_ptr1[6656 + x0 + 16384*x2]);
        auto tmp1374 = static_cast<float>(in_ptr2[388672 + x1 + 952320*x2]);
        auto tmp1388 = static_cast<float>(in_ptr1[6688 + x0 + 16384*x2]);
        auto tmp1391 = static_cast<float>(in_ptr2[390532 + x1 + 952320*x2]);
        auto tmp1405 = static_cast<float>(in_ptr1[6720 + x0 + 16384*x2]);
        auto tmp1408 = static_cast<float>(in_ptr2[392392 + x1 + 952320*x2]);
        auto tmp1422 = static_cast<float>(in_ptr1[6752 + x0 + 16384*x2]);
        auto tmp1425 = static_cast<float>(in_ptr2[394252 + x1 + 952320*x2]);
        auto tmp1439 = static_cast<float>(in_ptr1[6784 + x0 + 16384*x2]);
        auto tmp1442 = static_cast<float>(in_ptr2[396112 + x1 + 952320*x2]);
        auto tmp1456 = static_cast<float>(in_ptr1[6816 + x0 + 16384*x2]);
        auto tmp1459 = static_cast<float>(in_ptr2[397972 + x1 + 952320*x2]);
        auto tmp1473 = static_cast<float>(in_ptr1[6848 + x0 + 16384*x2]);
        auto tmp1476 = static_cast<float>(in_ptr2[399832 + x1 + 952320*x2]);
        auto tmp1490 = static_cast<float>(in_ptr1[6880 + x0 + 16384*x2]);
        auto tmp1493 = static_cast<float>(in_ptr2[401692 + x1 + 952320*x2]);
        auto tmp1507 = static_cast<float>(in_ptr1[6912 + x0 + 16384*x2]);
        auto tmp1510 = static_cast<float>(in_ptr2[403552 + x1 + 952320*x2]);
        auto tmp1524 = static_cast<float>(in_ptr1[6944 + x0 + 16384*x2]);
        auto tmp1527 = static_cast<float>(in_ptr2[405412 + x1 + 952320*x2]);
        auto tmp1541 = static_cast<float>(in_ptr1[6976 + x0 + 16384*x2]);
        auto tmp1544 = static_cast<float>(in_ptr2[407272 + x1 + 952320*x2]);
        auto tmp1558 = static_cast<float>(in_ptr1[7008 + x0 + 16384*x2]);
        auto tmp1561 = static_cast<float>(in_ptr2[409132 + x1 + 952320*x2]);
        auto tmp1575 = static_cast<float>(in_ptr1[7040 + x0 + 16384*x2]);
        auto tmp1578 = static_cast<float>(in_ptr2[410992 + x1 + 952320*x2]);
        auto tmp1592 = static_cast<float>(in_ptr1[7072 + x0 + 16384*x2]);
        auto tmp1595 = static_cast<float>(in_ptr2[412852 + x1 + 952320*x2]);
        auto tmp1609 = static_cast<float>(in_ptr1[7104 + x0 + 16384*x2]);
        auto tmp1612 = static_cast<float>(in_ptr2[414712 + x1 + 952320*x2]);
        auto tmp1626 = static_cast<float>(in_ptr1[7136 + x0 + 16384*x2]);
        auto tmp1629 = static_cast<float>(in_ptr2[416572 + x1 + 952320*x2]);
        auto tmp1643 = static_cast<float>(in_ptr1[7168 + x0 + 16384*x2]);
        auto tmp1646 = static_cast<float>(in_ptr2[418432 + x1 + 952320*x2]);
        auto tmp1660 = static_cast<float>(in_ptr1[7200 + x0 + 16384*x2]);
        auto tmp1663 = static_cast<float>(in_ptr2[420292 + x1 + 952320*x2]);
        auto tmp1677 = static_cast<float>(in_ptr1[7232 + x0 + 16384*x2]);
        auto tmp1680 = static_cast<float>(in_ptr2[422152 + x1 + 952320*x2]);
        auto tmp1694 = static_cast<float>(in_ptr1[7264 + x0 + 16384*x2]);
        auto tmp1697 = static_cast<float>(in_ptr2[424012 + x1 + 952320*x2]);
        auto tmp1711 = static_cast<float>(in_ptr1[7296 + x0 + 16384*x2]);
        auto tmp1714 = static_cast<float>(in_ptr2[425872 + x1 + 952320*x2]);
        auto tmp1728 = static_cast<float>(in_ptr1[7328 + x0 + 16384*x2]);
        auto tmp1731 = static_cast<float>(in_ptr2[427732 + x1 + 952320*x2]);
        auto tmp1745 = static_cast<float>(in_ptr1[7360 + x0 + 16384*x2]);
        auto tmp1748 = static_cast<float>(in_ptr2[429592 + x1 + 952320*x2]);
        auto tmp1762 = static_cast<float>(in_ptr1[7392 + x0 + 16384*x2]);
        auto tmp1765 = static_cast<float>(in_ptr2[431452 + x1 + 952320*x2]);
        auto tmp1779 = static_cast<float>(in_ptr1[7424 + x0 + 16384*x2]);
        auto tmp1782 = static_cast<float>(in_ptr2[433312 + x1 + 952320*x2]);
        auto tmp1796 = static_cast<float>(in_ptr1[7456 + x0 + 16384*x2]);
        auto tmp1799 = static_cast<float>(in_ptr2[435172 + x1 + 952320*x2]);
        auto tmp1813 = static_cast<float>(in_ptr1[7488 + x0 + 16384*x2]);
        auto tmp1816 = static_cast<float>(in_ptr2[437032 + x1 + 952320*x2]);
        auto tmp1830 = static_cast<float>(in_ptr1[7520 + x0 + 16384*x2]);
        auto tmp1833 = static_cast<float>(in_ptr2[438892 + x1 + 952320*x2]);
        auto tmp1847 = static_cast<float>(in_ptr1[7552 + x0 + 16384*x2]);
        auto tmp1850 = static_cast<float>(in_ptr2[440752 + x1 + 952320*x2]);
        auto tmp1864 = static_cast<float>(in_ptr1[7584 + x0 + 16384*x2]);
        auto tmp1867 = static_cast<float>(in_ptr2[442612 + x1 + 952320*x2]);
        auto tmp1881 = static_cast<float>(in_ptr1[7616 + x0 + 16384*x2]);
        auto tmp1884 = static_cast<float>(in_ptr2[444472 + x1 + 952320*x2]);
        auto tmp1898 = static_cast<float>(in_ptr1[7648 + x0 + 16384*x2]);
        auto tmp1901 = static_cast<float>(in_ptr2[446332 + x1 + 952320*x2]);
        auto tmp1915 = static_cast<float>(in_ptr1[7680 + x0 + 16384*x2]);
        auto tmp1918 = static_cast<float>(in_ptr2[448192 + x1 + 952320*x2]);
        auto tmp1932 = static_cast<float>(in_ptr1[7712 + x0 + 16384*x2]);
        auto tmp1935 = static_cast<float>(in_ptr2[450052 + x1 + 952320*x2]);
        auto tmp1949 = static_cast<float>(in_ptr1[7744 + x0 + 16384*x2]);
        auto tmp1952 = static_cast<float>(in_ptr2[451912 + x1 + 952320*x2]);
        auto tmp1966 = static_cast<float>(in_ptr1[7776 + x0 + 16384*x2]);
        auto tmp1969 = static_cast<float>(in_ptr2[453772 + x1 + 952320*x2]);
        auto tmp1983 = static_cast<float>(in_ptr1[7808 + x0 + 16384*x2]);
        auto tmp1986 = static_cast<float>(in_ptr2[455632 + x1 + 952320*x2]);
        auto tmp2000 = static_cast<float>(in_ptr1[7840 + x0 + 16384*x2]);
        auto tmp2003 = static_cast<float>(in_ptr2[457492 + x1 + 952320*x2]);
        auto tmp2017 = static_cast<float>(in_ptr1[7872 + x0 + 16384*x2]);
        auto tmp2020 = static_cast<float>(in_ptr2[459352 + x1 + 952320*x2]);
        auto tmp2034 = static_cast<float>(in_ptr1[7904 + x0 + 16384*x2]);
        auto tmp2037 = static_cast<float>(in_ptr2[461212 + x1 + 952320*x2]);
        auto tmp2051 = static_cast<float>(in_ptr1[7936 + x0 + 16384*x2]);
        auto tmp2054 = static_cast<float>(in_ptr2[463072 + x1 + 952320*x2]);
        auto tmp2068 = static_cast<float>(in_ptr1[7968 + x0 + 16384*x2]);
        auto tmp2071 = static_cast<float>(in_ptr2[464932 + x1 + 952320*x2]);
        auto tmp2085 = static_cast<float>(in_ptr1[8000 + x0 + 16384*x2]);
        auto tmp2088 = static_cast<float>(in_ptr2[466792 + x1 + 952320*x2]);
        auto tmp2102 = static_cast<float>(in_ptr1[8032 + x0 + 16384*x2]);
        auto tmp2105 = static_cast<float>(in_ptr2[468652 + x1 + 952320*x2]);
        auto tmp2119 = static_cast<float>(in_ptr1[8064 + x0 + 16384*x2]);
        auto tmp2122 = static_cast<float>(in_ptr2[470512 + x1 + 952320*x2]);
        auto tmp2136 = static_cast<float>(in_ptr1[8096 + x0 + 16384*x2]);
        auto tmp2139 = static_cast<float>(in_ptr2[472372 + x1 + 952320*x2]);
        auto tmp2153 = static_cast<float>(in_ptr1[8128 + x0 + 16384*x2]);
        auto tmp2156 = static_cast<float>(in_ptr2[474232 + x1 + 952320*x2]);
        auto tmp2170 = static_cast<float>(in_ptr1[8160 + x0 + 16384*x2]);
        auto tmp2173 = static_cast<float>(in_ptr2[476092 + x1 + 952320*x2]);
        auto tmp1 = 0.15915494309189535;
        auto tmp2 = tmp0 * tmp1;
        auto tmp3 = metal::floor(tmp2);
        auto tmp4 = 6.283185307179586;
        auto tmp5 = tmp3 * tmp4;
        auto tmp6 = tmp0 - tmp5;
        auto tmp8 = 3.141592653589793;
        auto tmp9 = tmp7 * tmp8;
        auto tmp10 = static_cast<float>(tmp9);
        auto tmp12 = static_cast<float>(tmp11);
        auto tmp14 = tmp12 + tmp13;
        auto tmp15 = 20.0;
        auto tmp16 = tmp14 > tmp15;
        auto tmp17 = metal::precise::exp(tmp14);
        auto tmp18 = 1;
        auto tmp19 = tmp17 + tmp18;
        auto tmp20 = metal::precise::log(tmp19);
        auto tmp21 = tmp16 ? tmp14 : static_cast<decltype(tmp14)>(tmp20);
        auto tmp22 = tmp10 * tmp21;
        auto tmp23 = tmp6 + tmp22;
        auto tmp24 = tmp23 * tmp1;
        auto tmp25 = metal::floor(tmp24);
        auto tmp26 = tmp25 * tmp4;
        auto tmp27 = tmp23 - tmp26;
        auto tmp29 = tmp28 * tmp8;
        auto tmp30 = static_cast<float>(tmp29);
        auto tmp32 = static_cast<float>(tmp31);
        auto tmp33 = tmp32 + tmp13;
        auto tmp34 = tmp33 > tmp15;
        auto tmp35 = metal::precise::exp(tmp33);
        auto tmp36 = tmp35 + tmp18;
        auto tmp37 = metal::precise::log(tmp36);
        auto tmp38 = tmp34 ? tmp33 : static_cast<decltype(tmp33)>(tmp37);
        auto tmp39 = tmp30 * tmp38;
        auto tmp40 = tmp27 + tmp39;
        auto tmp41 = tmp40 * tmp1;
        auto tmp42 = metal::floor(tmp41);
        auto tmp43 = tmp42 * tmp4;
        auto tmp44 = tmp40 - tmp43;
        auto tmp46 = tmp45 * tmp8;
        auto tmp47 = static_cast<float>(tmp46);
        auto tmp49 = static_cast<float>(tmp48);
        auto tmp50 = tmp49 + tmp13;
        auto tmp51 = tmp50 > tmp15;
        auto tmp52 = metal::precise::exp(tmp50);
        auto tmp53 = tmp52 + tmp18;
        auto tmp54 = metal::precise::log(tmp53);
        auto tmp55 = tmp51 ? tmp50 : static_cast<decltype(tmp50)>(tmp54);
        auto tmp56 = tmp47 * tmp55;
        auto tmp57 = tmp44 + tmp56;
        auto tmp58 = tmp57 * tmp1;
        auto tmp59 = metal::floor(tmp58);
        auto tmp60 = tmp59 * tmp4;
        auto tmp61 = tmp57 - tmp60;
        auto tmp63 = tmp62 * tmp8;
        auto tmp64 = static_cast<float>(tmp63);
        auto tmp66 = static_cast<float>(tmp65);
        auto tmp67 = tmp66 + tmp13;
        auto tmp68 = tmp67 > tmp15;
        auto tmp69 = metal::precise::exp(tmp67);
        auto tmp70 = tmp69 + tmp18;
        auto tmp71 = metal::precise::log(tmp70);
        auto tmp72 = tmp68 ? tmp67 : static_cast<decltype(tmp67)>(tmp71);
        auto tmp73 = tmp64 * tmp72;
        auto tmp74 = tmp61 + tmp73;
        auto tmp75 = tmp74 * tmp1;
        auto tmp76 = metal::floor(tmp75);
        auto tmp77 = tmp76 * tmp4;
        auto tmp78 = tmp74 - tmp77;
        auto tmp80 = tmp79 * tmp8;
        auto tmp81 = static_cast<float>(tmp80);
        auto tmp83 = static_cast<float>(tmp82);
        auto tmp84 = tmp83 + tmp13;
        auto tmp85 = tmp84 > tmp15;
        auto tmp86 = metal::precise::exp(tmp84);
        auto tmp87 = tmp86 + tmp18;
        auto tmp88 = metal::precise::log(tmp87);
        auto tmp89 = tmp85 ? tmp84 : static_cast<decltype(tmp84)>(tmp88);
        auto tmp90 = tmp81 * tmp89;
        auto tmp91 = tmp78 + tmp90;
        auto tmp92 = tmp91 * tmp1;
        auto tmp93 = metal::floor(tmp92);
        auto tmp94 = tmp93 * tmp4;
        auto tmp95 = tmp91 - tmp94;
        auto tmp97 = tmp96 * tmp8;
        auto tmp98 = static_cast<float>(tmp97);
        auto tmp100 = static_cast<float>(tmp99);
        auto tmp101 = tmp100 + tmp13;
        auto tmp102 = tmp101 > tmp15;
        auto tmp103 = metal::precise::exp(tmp101);
        auto tmp104 = tmp103 + tmp18;
        auto tmp105 = metal::precise::log(tmp104);
        auto tmp106 = tmp102 ? tmp101 : static_cast<decltype(tmp101)>(tmp105);
        auto tmp107 = tmp98 * tmp106;
        auto tmp108 = tmp95 + tmp107;
        auto tmp109 = tmp108 * tmp1;
        auto tmp110 = metal::floor(tmp109);
        auto tmp111 = tmp110 * tmp4;
        auto tmp112 = tmp108 - tmp111;
        auto tmp114 = tmp113 * tmp8;
        auto tmp115 = static_cast<float>(tmp114);
        auto tmp117 = static_cast<float>(tmp116);
        auto tmp118 = tmp117 + tmp13;
        auto tmp119 = tmp118 > tmp15;
        auto tmp120 = metal::precise::exp(tmp118);
        auto tmp121 = tmp120 + tmp18;
        auto tmp122 = metal::precise::log(tmp121);
        auto tmp123 = tmp119 ? tmp118 : static_cast<decltype(tmp118)>(tmp122);
        auto tmp124 = tmp115 * tmp123;
        auto tmp125 = tmp112 + tmp124;
        auto tmp126 = tmp125 * tmp1;
        auto tmp127 = metal::floor(tmp126);
        auto tmp128 = tmp127 * tmp4;
        auto tmp129 = tmp125 - tmp128;
        auto tmp131 = tmp130 * tmp8;
        auto tmp132 = static_cast<float>(tmp131);
        auto tmp134 = static_cast<float>(tmp133);
        auto tmp135 = tmp134 + tmp13;
        auto tmp136 = tmp135 > tmp15;
        auto tmp137 = metal::precise::exp(tmp135);
        auto tmp138 = tmp137 + tmp18;
        auto tmp139 = metal::precise::log(tmp138);
        auto tmp140 = tmp136 ? tmp135 : static_cast<decltype(tmp135)>(tmp139);
        auto tmp141 = tmp132 * tmp140;
        auto tmp142 = tmp129 + tmp141;
        auto tmp143 = tmp142 * tmp1;
        auto tmp144 = metal::floor(tmp143);
        auto tmp145 = tmp144 * tmp4;
        auto tmp146 = tmp142 - tmp145;
        auto tmp148 = tmp147 * tmp8;
        auto tmp149 = static_cast<float>(tmp148);
        auto tmp151 = static_cast<float>(tmp150);
        auto tmp152 = tmp151 + tmp13;
        auto tmp153 = tmp152 > tmp15;
        auto tmp154 = metal::precise::exp(tmp152);
        auto tmp155 = tmp154 + tmp18;
        auto tmp156 = metal::precise::log(tmp155);
        auto tmp157 = tmp153 ? tmp152 : static_cast<decltype(tmp152)>(tmp156);
        auto tmp158 = tmp149 * tmp157;
        auto tmp159 = tmp146 + tmp158;
        auto tmp160 = tmp159 * tmp1;
        auto tmp161 = metal::floor(tmp160);
        auto tmp162 = tmp161 * tmp4;
        auto tmp163 = tmp159 - tmp162;
        auto tmp165 = tmp164 * tmp8;
        auto tmp166 = static_cast<float>(tmp165);
        auto tmp168 = static_cast<float>(tmp167);
        auto tmp169 = tmp168 + tmp13;
        auto tmp170 = tmp169 > tmp15;
        auto tmp171 = metal::precise::exp(tmp169);
        auto tmp172 = tmp171 + tmp18;
        auto tmp173 = metal::precise::log(tmp172);
        auto tmp174 = tmp170 ? tmp169 : static_cast<decltype(tmp169)>(tmp173);
        auto tmp175 = tmp166 * tmp174;
        auto tmp176 = tmp163 + tmp175;
        auto tmp177 = tmp176 * tmp1;
        auto tmp178 = metal::floor(tmp177);
        auto tmp179 = tmp178 * tmp4;
        auto tmp180 = tmp176 - tmp179;
        auto tmp182 = tmp181 * tmp8;
        auto tmp183 = static_cast<float>(tmp182);
        auto tmp185 = static_cast<float>(tmp184);
        auto tmp186 = tmp185 + tmp13;
        auto tmp187 = tmp186 > tmp15;
        auto tmp188 = metal::precise::exp(tmp186);
        auto tmp189 = tmp188 + tmp18;
        auto tmp190 = metal::precise::log(tmp189);
        auto tmp191 = tmp187 ? tmp186 : static_cast<decltype(tmp186)>(tmp190);
        auto tmp192 = tmp183 * tmp191;
        auto tmp193 = tmp180 + tmp192;
        auto tmp194 = tmp193 * tmp1;
        auto tmp195 = metal::floor(tmp194);
        auto tmp196 = tmp195 * tmp4;
        auto tmp197 = tmp193 - tmp196;
        auto tmp199 = tmp198 * tmp8;
        auto tmp200 = static_cast<float>(tmp199);
        auto tmp202 = static_cast<float>(tmp201);
        auto tmp203 = tmp202 + tmp13;
        auto tmp204 = tmp203 > tmp15;
        auto tmp205 = metal::precise::exp(tmp203);
        auto tmp206 = tmp205 + tmp18;
        auto tmp207 = metal::precise::log(tmp206);
        auto tmp208 = tmp204 ? tmp203 : static_cast<decltype(tmp203)>(tmp207);
        auto tmp209 = tmp200 * tmp208;
        auto tmp210 = tmp197 + tmp209;
        auto tmp211 = tmp210 * tmp1;
        auto tmp212 = metal::floor(tmp211);
        auto tmp213 = tmp212 * tmp4;
        auto tmp214 = tmp210 - tmp213;
        auto tmp216 = tmp215 * tmp8;
        auto tmp217 = static_cast<float>(tmp216);
        auto tmp219 = static_cast<float>(tmp218);
        auto tmp220 = tmp219 + tmp13;
        auto tmp221 = tmp220 > tmp15;
        auto tmp222 = metal::precise::exp(tmp220);
        auto tmp223 = tmp222 + tmp18;
        auto tmp224 = metal::precise::log(tmp223);
        auto tmp225 = tmp221 ? tmp220 : static_cast<decltype(tmp220)>(tmp224);
        auto tmp226 = tmp217 * tmp225;
        auto tmp227 = tmp214 + tmp226;
        auto tmp228 = tmp227 * tmp1;
        auto tmp229 = metal::floor(tmp228);
        auto tmp230 = tmp229 * tmp4;
        auto tmp231 = tmp227 - tmp230;
        auto tmp233 = tmp232 * tmp8;
        auto tmp234 = static_cast<float>(tmp233);
        auto tmp236 = static_cast<float>(tmp235);
        auto tmp237 = tmp236 + tmp13;
        auto tmp238 = tmp237 > tmp15;
        auto tmp239 = metal::precise::exp(tmp237);
        auto tmp240 = tmp239 + tmp18;
        auto tmp241 = metal::precise::log(tmp240);
        auto tmp242 = tmp238 ? tmp237 : static_cast<decltype(tmp237)>(tmp241);
        auto tmp243 = tmp234 * tmp242;
        auto tmp244 = tmp231 + tmp243;
        auto tmp245 = tmp244 * tmp1;
        auto tmp246 = metal::floor(tmp245);
        auto tmp247 = tmp246 * tmp4;
        auto tmp248 = tmp244 - tmp247;
        auto tmp250 = tmp249 * tmp8;
        auto tmp251 = static_cast<float>(tmp250);
        auto tmp253 = static_cast<float>(tmp252);
        auto tmp254 = tmp253 + tmp13;
        auto tmp255 = tmp254 > tmp15;
        auto tmp256 = metal::precise::exp(tmp254);
        auto tmp257 = tmp256 + tmp18;
        auto tmp258 = metal::precise::log(tmp257);
        auto tmp259 = tmp255 ? tmp254 : static_cast<decltype(tmp254)>(tmp258);
        auto tmp260 = tmp251 * tmp259;
        auto tmp261 = tmp248 + tmp260;
        auto tmp262 = tmp261 * tmp1;
        auto tmp263 = metal::floor(tmp262);
        auto tmp264 = tmp263 * tmp4;
        auto tmp265 = tmp261 - tmp264;
        auto tmp267 = tmp266 * tmp8;
        auto tmp268 = static_cast<float>(tmp267);
        auto tmp270 = static_cast<float>(tmp269);
        auto tmp271 = tmp270 + tmp13;
        auto tmp272 = tmp271 > tmp15;
        auto tmp273 = metal::precise::exp(tmp271);
        auto tmp274 = tmp273 + tmp18;
        auto tmp275 = metal::precise::log(tmp274);
        auto tmp276 = tmp272 ? tmp271 : static_cast<decltype(tmp271)>(tmp275);
        auto tmp277 = tmp268 * tmp276;
        auto tmp278 = tmp265 + tmp277;
        auto tmp279 = tmp278 * tmp1;
        auto tmp280 = metal::floor(tmp279);
        auto tmp281 = tmp280 * tmp4;
        auto tmp282 = tmp278 - tmp281;
        auto tmp284 = tmp283 * tmp8;
        auto tmp285 = static_cast<float>(tmp284);
        auto tmp287 = static_cast<float>(tmp286);
        auto tmp288 = tmp287 + tmp13;
        auto tmp289 = tmp288 > tmp15;
        auto tmp290 = metal::precise::exp(tmp288);
        auto tmp291 = tmp290 + tmp18;
        auto tmp292 = metal::precise::log(tmp291);
        auto tmp293 = tmp289 ? tmp288 : static_cast<decltype(tmp288)>(tmp292);
        auto tmp294 = tmp285 * tmp293;
        auto tmp295 = tmp282 + tmp294;
        auto tmp296 = tmp295 * tmp1;
        auto tmp297 = metal::floor(tmp296);
        auto tmp298 = tmp297 * tmp4;
        auto tmp299 = tmp295 - tmp298;
        auto tmp301 = tmp300 * tmp8;
        auto tmp302 = static_cast<float>(tmp301);
        auto tmp304 = static_cast<float>(tmp303);
        auto tmp305 = tmp304 + tmp13;
        auto tmp306 = tmp305 > tmp15;
        auto tmp307 = metal::precise::exp(tmp305);
        auto tmp308 = tmp307 + tmp18;
        auto tmp309 = metal::precise::log(tmp308);
        auto tmp310 = tmp306 ? tmp305 : static_cast<decltype(tmp305)>(tmp309);
        auto tmp311 = tmp302 * tmp310;
        auto tmp312 = tmp299 + tmp311;
        auto tmp313 = tmp312 * tmp1;
        auto tmp314 = metal::floor(tmp313);
        auto tmp315 = tmp314 * tmp4;
        auto tmp316 = tmp312 - tmp315;
        auto tmp318 = tmp317 * tmp8;
        auto tmp319 = static_cast<float>(tmp318);
        auto tmp321 = static_cast<float>(tmp320);
        auto tmp322 = tmp321 + tmp13;
        auto tmp323 = tmp322 > tmp15;
        auto tmp324 = metal::precise::exp(tmp322);
        auto tmp325 = tmp324 + tmp18;
        auto tmp326 = metal::precise::log(tmp325);
        auto tmp327 = tmp323 ? tmp322 : static_cast<decltype(tmp322)>(tmp326);
        auto tmp328 = tmp319 * tmp327;
        auto tmp329 = tmp316 + tmp328;
        auto tmp330 = tmp329 * tmp1;
        auto tmp331 = metal::floor(tmp330);
        auto tmp332 = tmp331 * tmp4;
        auto tmp333 = tmp329 - tmp332;
        auto tmp335 = tmp334 * tmp8;
        auto tmp336 = static_cast<float>(tmp335);
        auto tmp338 = static_cast<float>(tmp337);
        auto tmp339 = tmp338 + tmp13;
        auto tmp340 = tmp339 > tmp15;
        auto tmp341 = metal::precise::exp(tmp339);
        auto tmp342 = tmp341 + tmp18;
        auto tmp343 = metal::precise::log(tmp342);
        auto tmp344 = tmp340 ? tmp339 : static_cast<decltype(tmp339)>(tmp343);
        auto tmp345 = tmp336 * tmp344;
        auto tmp346 = tmp333 + tmp345;
        auto tmp347 = tmp346 * tmp1;
        auto tmp348 = metal::floor(tmp347);
        auto tmp349 = tmp348 * tmp4;
        auto tmp350 = tmp346 - tmp349;
        auto tmp352 = tmp351 * tmp8;
        auto tmp353 = static_cast<float>(tmp352);
        auto tmp355 = static_cast<float>(tmp354);
        auto tmp356 = tmp355 + tmp13;
        auto tmp357 = tmp356 > tmp15;
        auto tmp358 = metal::precise::exp(tmp356);
        auto tmp359 = tmp358 + tmp18;
        auto tmp360 = metal::precise::log(tmp359);
        auto tmp361 = tmp357 ? tmp356 : static_cast<decltype(tmp356)>(tmp360);
        auto tmp362 = tmp353 * tmp361;
        auto tmp363 = tmp350 + tmp362;
        auto tmp364 = tmp363 * tmp1;
        auto tmp365 = metal::floor(tmp364);
        auto tmp366 = tmp365 * tmp4;
        auto tmp367 = tmp363 - tmp366;
        auto tmp369 = tmp368 * tmp8;
        auto tmp370 = static_cast<float>(tmp369);
        auto tmp372 = static_cast<float>(tmp371);
        auto tmp373 = tmp372 + tmp13;
        auto tmp374 = tmp373 > tmp15;
        auto tmp375 = metal::precise::exp(tmp373);
        auto tmp376 = tmp375 + tmp18;
        auto tmp377 = metal::precise::log(tmp376);
        auto tmp378 = tmp374 ? tmp373 : static_cast<decltype(tmp373)>(tmp377);
        auto tmp379 = tmp370 * tmp378;
        auto tmp380 = tmp367 + tmp379;
        auto tmp381 = tmp380 * tmp1;
        auto tmp382 = metal::floor(tmp381);
        auto tmp383 = tmp382 * tmp4;
        auto tmp384 = tmp380 - tmp383;
        auto tmp386 = tmp385 * tmp8;
        auto tmp387 = static_cast<float>(tmp386);
        auto tmp389 = static_cast<float>(tmp388);
        auto tmp390 = tmp389 + tmp13;
        auto tmp391 = tmp390 > tmp15;
        auto tmp392 = metal::precise::exp(tmp390);
        auto tmp393 = tmp392 + tmp18;
        auto tmp394 = metal::precise::log(tmp393);
        auto tmp395 = tmp391 ? tmp390 : static_cast<decltype(tmp390)>(tmp394);
        auto tmp396 = tmp387 * tmp395;
        auto tmp397 = tmp384 + tmp396;
        auto tmp398 = tmp397 * tmp1;
        auto tmp399 = metal::floor(tmp398);
        auto tmp400 = tmp399 * tmp4;
        auto tmp401 = tmp397 - tmp400;
        auto tmp403 = tmp402 * tmp8;
        auto tmp404 = static_cast<float>(tmp403);
        auto tmp406 = static_cast<float>(tmp405);
        auto tmp407 = tmp406 + tmp13;
        auto tmp408 = tmp407 > tmp15;
        auto tmp409 = metal::precise::exp(tmp407);
        auto tmp410 = tmp409 + tmp18;
        auto tmp411 = metal::precise::log(tmp410);
        auto tmp412 = tmp408 ? tmp407 : static_cast<decltype(tmp407)>(tmp411);
        auto tmp413 = tmp404 * tmp412;
        auto tmp414 = tmp401 + tmp413;
        auto tmp415 = tmp414 * tmp1;
        auto tmp416 = metal::floor(tmp415);
        auto tmp417 = tmp416 * tmp4;
        auto tmp418 = tmp414 - tmp417;
        auto tmp420 = tmp419 * tmp8;
        auto tmp421 = static_cast<float>(tmp420);
        auto tmp423 = static_cast<float>(tmp422);
        auto tmp424 = tmp423 + tmp13;
        auto tmp425 = tmp424 > tmp15;
        auto tmp426 = metal::precise::exp(tmp424);
        auto tmp427 = tmp426 + tmp18;
        auto tmp428 = metal::precise::log(tmp427);
        auto tmp429 = tmp425 ? tmp424 : static_cast<decltype(tmp424)>(tmp428);
        auto tmp430 = tmp421 * tmp429;
        auto tmp431 = tmp418 + tmp430;
        auto tmp432 = tmp431 * tmp1;
        auto tmp433 = metal::floor(tmp432);
        auto tmp434 = tmp433 * tmp4;
        auto tmp435 = tmp431 - tmp434;
        auto tmp437 = tmp436 * tmp8;
        auto tmp438 = static_cast<float>(tmp437);
        auto tmp440 = static_cast<float>(tmp439);
        auto tmp441 = tmp440 + tmp13;
        auto tmp442 = tmp441 > tmp15;
        auto tmp443 = metal::precise::exp(tmp441);
        auto tmp444 = tmp443 + tmp18;
        auto tmp445 = metal::precise::log(tmp444);
        auto tmp446 = tmp442 ? tmp441 : static_cast<decltype(tmp441)>(tmp445);
        auto tmp447 = tmp438 * tmp446;
        auto tmp448 = tmp435 + tmp447;
        auto tmp449 = tmp448 * tmp1;
        auto tmp450 = metal::floor(tmp449);
        auto tmp451 = tmp450 * tmp4;
        auto tmp452 = tmp448 - tmp451;
        auto tmp454 = tmp453 * tmp8;
        auto tmp455 = static_cast<float>(tmp454);
        auto tmp457 = static_cast<float>(tmp456);
        auto tmp458 = tmp457 + tmp13;
        auto tmp459 = tmp458 > tmp15;
        auto tmp460 = metal::precise::exp(tmp458);
        auto tmp461 = tmp460 + tmp18;
        auto tmp462 = metal::precise::log(tmp461);
        auto tmp463 = tmp459 ? tmp458 : static_cast<decltype(tmp458)>(tmp462);
        auto tmp464 = tmp455 * tmp463;
        auto tmp465 = tmp452 + tmp464;
        auto tmp466 = tmp465 * tmp1;
        auto tmp467 = metal::floor(tmp466);
        auto tmp468 = tmp467 * tmp4;
        auto tmp469 = tmp465 - tmp468;
        auto tmp471 = tmp470 * tmp8;
        auto tmp472 = static_cast<float>(tmp471);
        auto tmp474 = static_cast<float>(tmp473);
        auto tmp475 = tmp474 + tmp13;
        auto tmp476 = tmp475 > tmp15;
        auto tmp477 = metal::precise::exp(tmp475);
        auto tmp478 = tmp477 + tmp18;
        auto tmp479 = metal::precise::log(tmp478);
        auto tmp480 = tmp476 ? tmp475 : static_cast<decltype(tmp475)>(tmp479);
        auto tmp481 = tmp472 * tmp480;
        auto tmp482 = tmp469 + tmp481;
        auto tmp483 = tmp482 * tmp1;
        auto tmp484 = metal::floor(tmp483);
        auto tmp485 = tmp484 * tmp4;
        auto tmp486 = tmp482 - tmp485;
        auto tmp488 = tmp487 * tmp8;
        auto tmp489 = static_cast<float>(tmp488);
        auto tmp491 = static_cast<float>(tmp490);
        auto tmp492 = tmp491 + tmp13;
        auto tmp493 = tmp492 > tmp15;
        auto tmp494 = metal::precise::exp(tmp492);
        auto tmp495 = tmp494 + tmp18;
        auto tmp496 = metal::precise::log(tmp495);
        auto tmp497 = tmp493 ? tmp492 : static_cast<decltype(tmp492)>(tmp496);
        auto tmp498 = tmp489 * tmp497;
        auto tmp499 = tmp486 + tmp498;
        auto tmp500 = tmp499 * tmp1;
        auto tmp501 = metal::floor(tmp500);
        auto tmp502 = tmp501 * tmp4;
        auto tmp503 = tmp499 - tmp502;
        auto tmp505 = tmp504 * tmp8;
        auto tmp506 = static_cast<float>(tmp505);
        auto tmp508 = static_cast<float>(tmp507);
        auto tmp509 = tmp508 + tmp13;
        auto tmp510 = tmp509 > tmp15;
        auto tmp511 = metal::precise::exp(tmp509);
        auto tmp512 = tmp511 + tmp18;
        auto tmp513 = metal::precise::log(tmp512);
        auto tmp514 = tmp510 ? tmp509 : static_cast<decltype(tmp509)>(tmp513);
        auto tmp515 = tmp506 * tmp514;
        auto tmp516 = tmp503 + tmp515;
        auto tmp517 = tmp516 * tmp1;
        auto tmp518 = metal::floor(tmp517);
        auto tmp519 = tmp518 * tmp4;
        auto tmp520 = tmp516 - tmp519;
        auto tmp522 = tmp521 * tmp8;
        auto tmp523 = static_cast<float>(tmp522);
        auto tmp525 = static_cast<float>(tmp524);
        auto tmp526 = tmp525 + tmp13;
        auto tmp527 = tmp526 > tmp15;
        auto tmp528 = metal::precise::exp(tmp526);
        auto tmp529 = tmp528 + tmp18;
        auto tmp530 = metal::precise::log(tmp529);
        auto tmp531 = tmp527 ? tmp526 : static_cast<decltype(tmp526)>(tmp530);
        auto tmp532 = tmp523 * tmp531;
        auto tmp533 = tmp520 + tmp532;
        auto tmp534 = tmp533 * tmp1;
        auto tmp535 = metal::floor(tmp534);
        auto tmp536 = tmp535 * tmp4;
        auto tmp537 = tmp533 - tmp536;
        auto tmp539 = tmp538 * tmp8;
        auto tmp540 = static_cast<float>(tmp539);
        auto tmp542 = static_cast<float>(tmp541);
        auto tmp543 = tmp542 + tmp13;
        auto tmp544 = tmp543 > tmp15;
        auto tmp545 = metal::precise::exp(tmp543);
        auto tmp546 = tmp545 + tmp18;
        auto tmp547 = metal::precise::log(tmp546);
        auto tmp548 = tmp544 ? tmp543 : static_cast<decltype(tmp543)>(tmp547);
        auto tmp549 = tmp540 * tmp548;
        auto tmp550 = tmp537 + tmp549;
        auto tmp551 = tmp550 * tmp1;
        auto tmp552 = metal::floor(tmp551);
        auto tmp553 = tmp552 * tmp4;
        auto tmp554 = tmp550 - tmp553;
        auto tmp556 = tmp555 * tmp8;
        auto tmp557 = static_cast<float>(tmp556);
        auto tmp559 = static_cast<float>(tmp558);
        auto tmp560 = tmp559 + tmp13;
        auto tmp561 = tmp560 > tmp15;
        auto tmp562 = metal::precise::exp(tmp560);
        auto tmp563 = tmp562 + tmp18;
        auto tmp564 = metal::precise::log(tmp563);
        auto tmp565 = tmp561 ? tmp560 : static_cast<decltype(tmp560)>(tmp564);
        auto tmp566 = tmp557 * tmp565;
        auto tmp567 = tmp554 + tmp566;
        auto tmp568 = tmp567 * tmp1;
        auto tmp569 = metal::floor(tmp568);
        auto tmp570 = tmp569 * tmp4;
        auto tmp571 = tmp567 - tmp570;
        auto tmp573 = tmp572 * tmp8;
        auto tmp574 = static_cast<float>(tmp573);
        auto tmp576 = static_cast<float>(tmp575);
        auto tmp577 = tmp576 + tmp13;
        auto tmp578 = tmp577 > tmp15;
        auto tmp579 = metal::precise::exp(tmp577);
        auto tmp580 = tmp579 + tmp18;
        auto tmp581 = metal::precise::log(tmp580);
        auto tmp582 = tmp578 ? tmp577 : static_cast<decltype(tmp577)>(tmp581);
        auto tmp583 = tmp574 * tmp582;
        auto tmp584 = tmp571 + tmp583;
        auto tmp585 = tmp584 * tmp1;
        auto tmp586 = metal::floor(tmp585);
        auto tmp587 = tmp586 * tmp4;
        auto tmp588 = tmp584 - tmp587;
        auto tmp590 = tmp589 * tmp8;
        auto tmp591 = static_cast<float>(tmp590);
        auto tmp593 = static_cast<float>(tmp592);
        auto tmp594 = tmp593 + tmp13;
        auto tmp595 = tmp594 > tmp15;
        auto tmp596 = metal::precise::exp(tmp594);
        auto tmp597 = tmp596 + tmp18;
        auto tmp598 = metal::precise::log(tmp597);
        auto tmp599 = tmp595 ? tmp594 : static_cast<decltype(tmp594)>(tmp598);
        auto tmp600 = tmp591 * tmp599;
        auto tmp601 = tmp588 + tmp600;
        auto tmp602 = tmp601 * tmp1;
        auto tmp603 = metal::floor(tmp602);
        auto tmp604 = tmp603 * tmp4;
        auto tmp605 = tmp601 - tmp604;
        auto tmp607 = tmp606 * tmp8;
        auto tmp608 = static_cast<float>(tmp607);
        auto tmp610 = static_cast<float>(tmp609);
        auto tmp611 = tmp610 + tmp13;
        auto tmp612 = tmp611 > tmp15;
        auto tmp613 = metal::precise::exp(tmp611);
        auto tmp614 = tmp613 + tmp18;
        auto tmp615 = metal::precise::log(tmp614);
        auto tmp616 = tmp612 ? tmp611 : static_cast<decltype(tmp611)>(tmp615);
        auto tmp617 = tmp608 * tmp616;
        auto tmp618 = tmp605 + tmp617;
        auto tmp619 = tmp618 * tmp1;
        auto tmp620 = metal::floor(tmp619);
        auto tmp621 = tmp620 * tmp4;
        auto tmp622 = tmp618 - tmp621;
        auto tmp624 = tmp623 * tmp8;
        auto tmp625 = static_cast<float>(tmp624);
        auto tmp627 = static_cast<float>(tmp626);
        auto tmp628 = tmp627 + tmp13;
        auto tmp629 = tmp628 > tmp15;
        auto tmp630 = metal::precise::exp(tmp628);
        auto tmp631 = tmp630 + tmp18;
        auto tmp632 = metal::precise::log(tmp631);
        auto tmp633 = tmp629 ? tmp628 : static_cast<decltype(tmp628)>(tmp632);
        auto tmp634 = tmp625 * tmp633;
        auto tmp635 = tmp622 + tmp634;
        auto tmp636 = tmp635 * tmp1;
        auto tmp637 = metal::floor(tmp636);
        auto tmp638 = tmp637 * tmp4;
        auto tmp639 = tmp635 - tmp638;
        auto tmp641 = tmp640 * tmp8;
        auto tmp642 = static_cast<float>(tmp641);
        auto tmp644 = static_cast<float>(tmp643);
        auto tmp645 = tmp644 + tmp13;
        auto tmp646 = tmp645 > tmp15;
        auto tmp647 = metal::precise::exp(tmp645);
        auto tmp648 = tmp647 + tmp18;
        auto tmp649 = metal::precise::log(tmp648);
        auto tmp650 = tmp646 ? tmp645 : static_cast<decltype(tmp645)>(tmp649);
        auto tmp651 = tmp642 * tmp650;
        auto tmp652 = tmp639 + tmp651;
        auto tmp653 = tmp652 * tmp1;
        auto tmp654 = metal::floor(tmp653);
        auto tmp655 = tmp654 * tmp4;
        auto tmp656 = tmp652 - tmp655;
        auto tmp658 = tmp657 * tmp8;
        auto tmp659 = static_cast<float>(tmp658);
        auto tmp661 = static_cast<float>(tmp660);
        auto tmp662 = tmp661 + tmp13;
        auto tmp663 = tmp662 > tmp15;
        auto tmp664 = metal::precise::exp(tmp662);
        auto tmp665 = tmp664 + tmp18;
        auto tmp666 = metal::precise::log(tmp665);
        auto tmp667 = tmp663 ? tmp662 : static_cast<decltype(tmp662)>(tmp666);
        auto tmp668 = tmp659 * tmp667;
        auto tmp669 = tmp656 + tmp668;
        auto tmp670 = tmp669 * tmp1;
        auto tmp671 = metal::floor(tmp670);
        auto tmp672 = tmp671 * tmp4;
        auto tmp673 = tmp669 - tmp672;
        auto tmp675 = tmp674 * tmp8;
        auto tmp676 = static_cast<float>(tmp675);
        auto tmp678 = static_cast<float>(tmp677);
        auto tmp679 = tmp678 + tmp13;
        auto tmp680 = tmp679 > tmp15;
        auto tmp681 = metal::precise::exp(tmp679);
        auto tmp682 = tmp681 + tmp18;
        auto tmp683 = metal::precise::log(tmp682);
        auto tmp684 = tmp680 ? tmp679 : static_cast<decltype(tmp679)>(tmp683);
        auto tmp685 = tmp676 * tmp684;
        auto tmp686 = tmp673 + tmp685;
        auto tmp687 = tmp686 * tmp1;
        auto tmp688 = metal::floor(tmp687);
        auto tmp689 = tmp688 * tmp4;
        auto tmp690 = tmp686 - tmp689;
        auto tmp692 = tmp691 * tmp8;
        auto tmp693 = static_cast<float>(tmp692);
        auto tmp695 = static_cast<float>(tmp694);
        auto tmp696 = tmp695 + tmp13;
        auto tmp697 = tmp696 > tmp15;
        auto tmp698 = metal::precise::exp(tmp696);
        auto tmp699 = tmp698 + tmp18;
        auto tmp700 = metal::precise::log(tmp699);
        auto tmp701 = tmp697 ? tmp696 : static_cast<decltype(tmp696)>(tmp700);
        auto tmp702 = tmp693 * tmp701;
        auto tmp703 = tmp690 + tmp702;
        auto tmp704 = tmp703 * tmp1;
        auto tmp705 = metal::floor(tmp704);
        auto tmp706 = tmp705 * tmp4;
        auto tmp707 = tmp703 - tmp706;
        auto tmp709 = tmp708 * tmp8;
        auto tmp710 = static_cast<float>(tmp709);
        auto tmp712 = static_cast<float>(tmp711);
        auto tmp713 = tmp712 + tmp13;
        auto tmp714 = tmp713 > tmp15;
        auto tmp715 = metal::precise::exp(tmp713);
        auto tmp716 = tmp715 + tmp18;
        auto tmp717 = metal::precise::log(tmp716);
        auto tmp718 = tmp714 ? tmp713 : static_cast<decltype(tmp713)>(tmp717);
        auto tmp719 = tmp710 * tmp718;
        auto tmp720 = tmp707 + tmp719;
        auto tmp721 = tmp720 * tmp1;
        auto tmp722 = metal::floor(tmp721);
        auto tmp723 = tmp722 * tmp4;
        auto tmp724 = tmp720 - tmp723;
        auto tmp726 = tmp725 * tmp8;
        auto tmp727 = static_cast<float>(tmp726);
        auto tmp729 = static_cast<float>(tmp728);
        auto tmp730 = tmp729 + tmp13;
        auto tmp731 = tmp730 > tmp15;
        auto tmp732 = metal::precise::exp(tmp730);
        auto tmp733 = tmp732 + tmp18;
        auto tmp734 = metal::precise::log(tmp733);
        auto tmp735 = tmp731 ? tmp730 : static_cast<decltype(tmp730)>(tmp734);
        auto tmp736 = tmp727 * tmp735;
        auto tmp737 = tmp724 + tmp736;
        auto tmp738 = tmp737 * tmp1;
        auto tmp739 = metal::floor(tmp738);
        auto tmp740 = tmp739 * tmp4;
        auto tmp741 = tmp737 - tmp740;
        auto tmp743 = tmp742 * tmp8;
        auto tmp744 = static_cast<float>(tmp743);
        auto tmp746 = static_cast<float>(tmp745);
        auto tmp747 = tmp746 + tmp13;
        auto tmp748 = tmp747 > tmp15;
        auto tmp749 = metal::precise::exp(tmp747);
        auto tmp750 = tmp749 + tmp18;
        auto tmp751 = metal::precise::log(tmp750);
        auto tmp752 = tmp748 ? tmp747 : static_cast<decltype(tmp747)>(tmp751);
        auto tmp753 = tmp744 * tmp752;
        auto tmp754 = tmp741 + tmp753;
        auto tmp755 = tmp754 * tmp1;
        auto tmp756 = metal::floor(tmp755);
        auto tmp757 = tmp756 * tmp4;
        auto tmp758 = tmp754 - tmp757;
        auto tmp760 = tmp759 * tmp8;
        auto tmp761 = static_cast<float>(tmp760);
        auto tmp763 = static_cast<float>(tmp762);
        auto tmp764 = tmp763 + tmp13;
        auto tmp765 = tmp764 > tmp15;
        auto tmp766 = metal::precise::exp(tmp764);
        auto tmp767 = tmp766 + tmp18;
        auto tmp768 = metal::precise::log(tmp767);
        auto tmp769 = tmp765 ? tmp764 : static_cast<decltype(tmp764)>(tmp768);
        auto tmp770 = tmp761 * tmp769;
        auto tmp771 = tmp758 + tmp770;
        auto tmp772 = tmp771 * tmp1;
        auto tmp773 = metal::floor(tmp772);
        auto tmp774 = tmp773 * tmp4;
        auto tmp775 = tmp771 - tmp774;
        auto tmp777 = tmp776 * tmp8;
        auto tmp778 = static_cast<float>(tmp777);
        auto tmp780 = static_cast<float>(tmp779);
        auto tmp781 = tmp780 + tmp13;
        auto tmp782 = tmp781 > tmp15;
        auto tmp783 = metal::precise::exp(tmp781);
        auto tmp784 = tmp783 + tmp18;
        auto tmp785 = metal::precise::log(tmp784);
        auto tmp786 = tmp782 ? tmp781 : static_cast<decltype(tmp781)>(tmp785);
        auto tmp787 = tmp778 * tmp786;
        auto tmp788 = tmp775 + tmp787;
        auto tmp789 = tmp788 * tmp1;
        auto tmp790 = metal::floor(tmp789);
        auto tmp791 = tmp790 * tmp4;
        auto tmp792 = tmp788 - tmp791;
        auto tmp794 = tmp793 * tmp8;
        auto tmp795 = static_cast<float>(tmp794);
        auto tmp797 = static_cast<float>(tmp796);
        auto tmp798 = tmp797 + tmp13;
        auto tmp799 = tmp798 > tmp15;
        auto tmp800 = metal::precise::exp(tmp798);
        auto tmp801 = tmp800 + tmp18;
        auto tmp802 = metal::precise::log(tmp801);
        auto tmp803 = tmp799 ? tmp798 : static_cast<decltype(tmp798)>(tmp802);
        auto tmp804 = tmp795 * tmp803;
        auto tmp805 = tmp792 + tmp804;
        auto tmp806 = tmp805 * tmp1;
        auto tmp807 = metal::floor(tmp806);
        auto tmp808 = tmp807 * tmp4;
        auto tmp809 = tmp805 - tmp808;
        auto tmp811 = tmp810 * tmp8;
        auto tmp812 = static_cast<float>(tmp811);
        auto tmp814 = static_cast<float>(tmp813);
        auto tmp815 = tmp814 + tmp13;
        auto tmp816 = tmp815 > tmp15;
        auto tmp817 = metal::precise::exp(tmp815);
        auto tmp818 = tmp817 + tmp18;
        auto tmp819 = metal::precise::log(tmp818);
        auto tmp820 = tmp816 ? tmp815 : static_cast<decltype(tmp815)>(tmp819);
        auto tmp821 = tmp812 * tmp820;
        auto tmp822 = tmp809 + tmp821;
        auto tmp823 = tmp822 * tmp1;
        auto tmp824 = metal::floor(tmp823);
        auto tmp825 = tmp824 * tmp4;
        auto tmp826 = tmp822 - tmp825;
        auto tmp828 = tmp827 * tmp8;
        auto tmp829 = static_cast<float>(tmp828);
        auto tmp831 = static_cast<float>(tmp830);
        auto tmp832 = tmp831 + tmp13;
        auto tmp833 = tmp832 > tmp15;
        auto tmp834 = metal::precise::exp(tmp832);
        auto tmp835 = tmp834 + tmp18;
        auto tmp836 = metal::precise::log(tmp835);
        auto tmp837 = tmp833 ? tmp832 : static_cast<decltype(tmp832)>(tmp836);
        auto tmp838 = tmp829 * tmp837;
        auto tmp839 = tmp826 + tmp838;
        auto tmp840 = tmp839 * tmp1;
        auto tmp841 = metal::floor(tmp840);
        auto tmp842 = tmp841 * tmp4;
        auto tmp843 = tmp839 - tmp842;
        auto tmp845 = tmp844 * tmp8;
        auto tmp846 = static_cast<float>(tmp845);
        auto tmp848 = static_cast<float>(tmp847);
        auto tmp849 = tmp848 + tmp13;
        auto tmp850 = tmp849 > tmp15;
        auto tmp851 = metal::precise::exp(tmp849);
        auto tmp852 = tmp851 + tmp18;
        auto tmp853 = metal::precise::log(tmp852);
        auto tmp854 = tmp850 ? tmp849 : static_cast<decltype(tmp849)>(tmp853);
        auto tmp855 = tmp846 * tmp854;
        auto tmp856 = tmp843 + tmp855;
        auto tmp857 = tmp856 * tmp1;
        auto tmp858 = metal::floor(tmp857);
        auto tmp859 = tmp858 * tmp4;
        auto tmp860 = tmp856 - tmp859;
        auto tmp862 = tmp861 * tmp8;
        auto tmp863 = static_cast<float>(tmp862);
        auto tmp865 = static_cast<float>(tmp864);
        auto tmp866 = tmp865 + tmp13;
        auto tmp867 = tmp866 > tmp15;
        auto tmp868 = metal::precise::exp(tmp866);
        auto tmp869 = tmp868 + tmp18;
        auto tmp870 = metal::precise::log(tmp869);
        auto tmp871 = tmp867 ? tmp866 : static_cast<decltype(tmp866)>(tmp870);
        auto tmp872 = tmp863 * tmp871;
        auto tmp873 = tmp860 + tmp872;
        auto tmp874 = tmp873 * tmp1;
        auto tmp875 = metal::floor(tmp874);
        auto tmp876 = tmp875 * tmp4;
        auto tmp877 = tmp873 - tmp876;
        auto tmp879 = tmp878 * tmp8;
        auto tmp880 = static_cast<float>(tmp879);
        auto tmp882 = static_cast<float>(tmp881);
        auto tmp883 = tmp882 + tmp13;
        auto tmp884 = tmp883 > tmp15;
        auto tmp885 = metal::precise::exp(tmp883);
        auto tmp886 = tmp885 + tmp18;
        auto tmp887 = metal::precise::log(tmp886);
        auto tmp888 = tmp884 ? tmp883 : static_cast<decltype(tmp883)>(tmp887);
        auto tmp889 = tmp880 * tmp888;
        auto tmp890 = tmp877 + tmp889;
        auto tmp891 = tmp890 * tmp1;
        auto tmp892 = metal::floor(tmp891);
        auto tmp893 = tmp892 * tmp4;
        auto tmp894 = tmp890 - tmp893;
        auto tmp896 = tmp895 * tmp8;
        auto tmp897 = static_cast<float>(tmp896);
        auto tmp899 = static_cast<float>(tmp898);
        auto tmp900 = tmp899 + tmp13;
        auto tmp901 = tmp900 > tmp15;
        auto tmp902 = metal::precise::exp(tmp900);
        auto tmp903 = tmp902 + tmp18;
        auto tmp904 = metal::precise::log(tmp903);
        auto tmp905 = tmp901 ? tmp900 : static_cast<decltype(tmp900)>(tmp904);
        auto tmp906 = tmp897 * tmp905;
        auto tmp907 = tmp894 + tmp906;
        auto tmp908 = tmp907 * tmp1;
        auto tmp909 = metal::floor(tmp908);
        auto tmp910 = tmp909 * tmp4;
        auto tmp911 = tmp907 - tmp910;
        auto tmp913 = tmp912 * tmp8;
        auto tmp914 = static_cast<float>(tmp913);
        auto tmp916 = static_cast<float>(tmp915);
        auto tmp917 = tmp916 + tmp13;
        auto tmp918 = tmp917 > tmp15;
        auto tmp919 = metal::precise::exp(tmp917);
        auto tmp920 = tmp919 + tmp18;
        auto tmp921 = metal::precise::log(tmp920);
        auto tmp922 = tmp918 ? tmp917 : static_cast<decltype(tmp917)>(tmp921);
        auto tmp923 = tmp914 * tmp922;
        auto tmp924 = tmp911 + tmp923;
        auto tmp925 = tmp924 * tmp1;
        auto tmp926 = metal::floor(tmp925);
        auto tmp927 = tmp926 * tmp4;
        auto tmp928 = tmp924 - tmp927;
        auto tmp930 = tmp929 * tmp8;
        auto tmp931 = static_cast<float>(tmp930);
        auto tmp933 = static_cast<float>(tmp932);
        auto tmp934 = tmp933 + tmp13;
        auto tmp935 = tmp934 > tmp15;
        auto tmp936 = metal::precise::exp(tmp934);
        auto tmp937 = tmp936 + tmp18;
        auto tmp938 = metal::precise::log(tmp937);
        auto tmp939 = tmp935 ? tmp934 : static_cast<decltype(tmp934)>(tmp938);
        auto tmp940 = tmp931 * tmp939;
        auto tmp941 = tmp928 + tmp940;
        auto tmp942 = tmp941 * tmp1;
        auto tmp943 = metal::floor(tmp942);
        auto tmp944 = tmp943 * tmp4;
        auto tmp945 = tmp941 - tmp944;
        auto tmp947 = tmp946 * tmp8;
        auto tmp948 = static_cast<float>(tmp947);
        auto tmp950 = static_cast<float>(tmp949);
        auto tmp951 = tmp950 + tmp13;
        auto tmp952 = tmp951 > tmp15;
        auto tmp953 = metal::precise::exp(tmp951);
        auto tmp954 = tmp953 + tmp18;
        auto tmp955 = metal::precise::log(tmp954);
        auto tmp956 = tmp952 ? tmp951 : static_cast<decltype(tmp951)>(tmp955);
        auto tmp957 = tmp948 * tmp956;
        auto tmp958 = tmp945 + tmp957;
        auto tmp959 = tmp958 * tmp1;
        auto tmp960 = metal::floor(tmp959);
        auto tmp961 = tmp960 * tmp4;
        auto tmp962 = tmp958 - tmp961;
        auto tmp964 = tmp963 * tmp8;
        auto tmp965 = static_cast<float>(tmp964);
        auto tmp967 = static_cast<float>(tmp966);
        auto tmp968 = tmp967 + tmp13;
        auto tmp969 = tmp968 > tmp15;
        auto tmp970 = metal::precise::exp(tmp968);
        auto tmp971 = tmp970 + tmp18;
        auto tmp972 = metal::precise::log(tmp971);
        auto tmp973 = tmp969 ? tmp968 : static_cast<decltype(tmp968)>(tmp972);
        auto tmp974 = tmp965 * tmp973;
        auto tmp975 = tmp962 + tmp974;
        auto tmp976 = tmp975 * tmp1;
        auto tmp977 = metal::floor(tmp976);
        auto tmp978 = tmp977 * tmp4;
        auto tmp979 = tmp975 - tmp978;
        auto tmp981 = tmp980 * tmp8;
        auto tmp982 = static_cast<float>(tmp981);
        auto tmp984 = static_cast<float>(tmp983);
        auto tmp985 = tmp984 + tmp13;
        auto tmp986 = tmp985 > tmp15;
        auto tmp987 = metal::precise::exp(tmp985);
        auto tmp988 = tmp987 + tmp18;
        auto tmp989 = metal::precise::log(tmp988);
        auto tmp990 = tmp986 ? tmp985 : static_cast<decltype(tmp985)>(tmp989);
        auto tmp991 = tmp982 * tmp990;
        auto tmp992 = tmp979 + tmp991;
        auto tmp993 = tmp992 * tmp1;
        auto tmp994 = metal::floor(tmp993);
        auto tmp995 = tmp994 * tmp4;
        auto tmp996 = tmp992 - tmp995;
        auto tmp998 = tmp997 * tmp8;
        auto tmp999 = static_cast<float>(tmp998);
        auto tmp1001 = static_cast<float>(tmp1000);
        auto tmp1002 = tmp1001 + tmp13;
        auto tmp1003 = tmp1002 > tmp15;
        auto tmp1004 = metal::precise::exp(tmp1002);
        auto tmp1005 = tmp1004 + tmp18;
        auto tmp1006 = metal::precise::log(tmp1005);
        auto tmp1007 = tmp1003 ? tmp1002 : static_cast<decltype(tmp1002)>(tmp1006);
        auto tmp1008 = tmp999 * tmp1007;
        auto tmp1009 = tmp996 + tmp1008;
        auto tmp1010 = tmp1009 * tmp1;
        auto tmp1011 = metal::floor(tmp1010);
        auto tmp1012 = tmp1011 * tmp4;
        auto tmp1013 = tmp1009 - tmp1012;
        auto tmp1015 = tmp1014 * tmp8;
        auto tmp1016 = static_cast<float>(tmp1015);
        auto tmp1018 = static_cast<float>(tmp1017);
        auto tmp1019 = tmp1018 + tmp13;
        auto tmp1020 = tmp1019 > tmp15;
        auto tmp1021 = metal::precise::exp(tmp1019);
        auto tmp1022 = tmp1021 + tmp18;
        auto tmp1023 = metal::precise::log(tmp1022);
        auto tmp1024 = tmp1020 ? tmp1019 : static_cast<decltype(tmp1019)>(tmp1023);
        auto tmp1025 = tmp1016 * tmp1024;
        auto tmp1026 = tmp1013 + tmp1025;
        auto tmp1027 = tmp1026 * tmp1;
        auto tmp1028 = metal::floor(tmp1027);
        auto tmp1029 = tmp1028 * tmp4;
        auto tmp1030 = tmp1026 - tmp1029;
        auto tmp1032 = tmp1031 * tmp8;
        auto tmp1033 = static_cast<float>(tmp1032);
        auto tmp1035 = static_cast<float>(tmp1034);
        auto tmp1036 = tmp1035 + tmp13;
        auto tmp1037 = tmp1036 > tmp15;
        auto tmp1038 = metal::precise::exp(tmp1036);
        auto tmp1039 = tmp1038 + tmp18;
        auto tmp1040 = metal::precise::log(tmp1039);
        auto tmp1041 = tmp1037 ? tmp1036 : static_cast<decltype(tmp1036)>(tmp1040);
        auto tmp1042 = tmp1033 * tmp1041;
        auto tmp1043 = tmp1030 + tmp1042;
        auto tmp1044 = tmp1043 * tmp1;
        auto tmp1045 = metal::floor(tmp1044);
        auto tmp1046 = tmp1045 * tmp4;
        auto tmp1047 = tmp1043 - tmp1046;
        auto tmp1049 = tmp1048 * tmp8;
        auto tmp1050 = static_cast<float>(tmp1049);
        auto tmp1052 = static_cast<float>(tmp1051);
        auto tmp1053 = tmp1052 + tmp13;
        auto tmp1054 = tmp1053 > tmp15;
        auto tmp1055 = metal::precise::exp(tmp1053);
        auto tmp1056 = tmp1055 + tmp18;
        auto tmp1057 = metal::precise::log(tmp1056);
        auto tmp1058 = tmp1054 ? tmp1053 : static_cast<decltype(tmp1053)>(tmp1057);
        auto tmp1059 = tmp1050 * tmp1058;
        auto tmp1060 = tmp1047 + tmp1059;
        auto tmp1061 = tmp1060 * tmp1;
        auto tmp1062 = metal::floor(tmp1061);
        auto tmp1063 = tmp1062 * tmp4;
        auto tmp1064 = tmp1060 - tmp1063;
        auto tmp1066 = tmp1065 * tmp8;
        auto tmp1067 = static_cast<float>(tmp1066);
        auto tmp1069 = static_cast<float>(tmp1068);
        auto tmp1070 = tmp1069 + tmp13;
        auto tmp1071 = tmp1070 > tmp15;
        auto tmp1072 = metal::precise::exp(tmp1070);
        auto tmp1073 = tmp1072 + tmp18;
        auto tmp1074 = metal::precise::log(tmp1073);
        auto tmp1075 = tmp1071 ? tmp1070 : static_cast<decltype(tmp1070)>(tmp1074);
        auto tmp1076 = tmp1067 * tmp1075;
        auto tmp1077 = tmp1064 + tmp1076;
        auto tmp1078 = tmp1077 * tmp1;
        auto tmp1079 = metal::floor(tmp1078);
        auto tmp1080 = tmp1079 * tmp4;
        auto tmp1081 = tmp1077 - tmp1080;
        auto tmp1083 = tmp1082 * tmp8;
        auto tmp1084 = static_cast<float>(tmp1083);
        auto tmp1086 = static_cast<float>(tmp1085);
        auto tmp1087 = tmp1086 + tmp13;
        auto tmp1088 = tmp1087 > tmp15;
        auto tmp1089 = metal::precise::exp(tmp1087);
        auto tmp1090 = tmp1089 + tmp18;
        auto tmp1091 = metal::precise::log(tmp1090);
        auto tmp1092 = tmp1088 ? tmp1087 : static_cast<decltype(tmp1087)>(tmp1091);
        auto tmp1093 = tmp1084 * tmp1092;
        auto tmp1094 = tmp1081 + tmp1093;
        auto tmp1095 = tmp1094 * tmp1;
        auto tmp1096 = metal::floor(tmp1095);
        auto tmp1097 = tmp1096 * tmp4;
        auto tmp1098 = tmp1094 - tmp1097;
        auto tmp1100 = tmp1099 * tmp8;
        auto tmp1101 = static_cast<float>(tmp1100);
        auto tmp1103 = static_cast<float>(tmp1102);
        auto tmp1104 = tmp1103 + tmp13;
        auto tmp1105 = tmp1104 > tmp15;
        auto tmp1106 = metal::precise::exp(tmp1104);
        auto tmp1107 = tmp1106 + tmp18;
        auto tmp1108 = metal::precise::log(tmp1107);
        auto tmp1109 = tmp1105 ? tmp1104 : static_cast<decltype(tmp1104)>(tmp1108);
        auto tmp1110 = tmp1101 * tmp1109;
        auto tmp1111 = tmp1098 + tmp1110;
        auto tmp1112 = tmp1111 * tmp1;
        auto tmp1113 = metal::floor(tmp1112);
        auto tmp1114 = tmp1113 * tmp4;
        auto tmp1115 = tmp1111 - tmp1114;
        auto tmp1117 = tmp1116 * tmp8;
        auto tmp1118 = static_cast<float>(tmp1117);
        auto tmp1120 = static_cast<float>(tmp1119);
        auto tmp1121 = tmp1120 + tmp13;
        auto tmp1122 = tmp1121 > tmp15;
        auto tmp1123 = metal::precise::exp(tmp1121);
        auto tmp1124 = tmp1123 + tmp18;
        auto tmp1125 = metal::precise::log(tmp1124);
        auto tmp1126 = tmp1122 ? tmp1121 : static_cast<decltype(tmp1121)>(tmp1125);
        auto tmp1127 = tmp1118 * tmp1126;
        auto tmp1128 = tmp1115 + tmp1127;
        auto tmp1129 = tmp1128 * tmp1;
        auto tmp1130 = metal::floor(tmp1129);
        auto tmp1131 = tmp1130 * tmp4;
        auto tmp1132 = tmp1128 - tmp1131;
        auto tmp1134 = tmp1133 * tmp8;
        auto tmp1135 = static_cast<float>(tmp1134);
        auto tmp1137 = static_cast<float>(tmp1136);
        auto tmp1138 = tmp1137 + tmp13;
        auto tmp1139 = tmp1138 > tmp15;
        auto tmp1140 = metal::precise::exp(tmp1138);
        auto tmp1141 = tmp1140 + tmp18;
        auto tmp1142 = metal::precise::log(tmp1141);
        auto tmp1143 = tmp1139 ? tmp1138 : static_cast<decltype(tmp1138)>(tmp1142);
        auto tmp1144 = tmp1135 * tmp1143;
        auto tmp1145 = tmp1132 + tmp1144;
        auto tmp1146 = tmp1145 * tmp1;
        auto tmp1147 = metal::floor(tmp1146);
        auto tmp1148 = tmp1147 * tmp4;
        auto tmp1149 = tmp1145 - tmp1148;
        auto tmp1151 = tmp1150 * tmp8;
        auto tmp1152 = static_cast<float>(tmp1151);
        auto tmp1154 = static_cast<float>(tmp1153);
        auto tmp1155 = tmp1154 + tmp13;
        auto tmp1156 = tmp1155 > tmp15;
        auto tmp1157 = metal::precise::exp(tmp1155);
        auto tmp1158 = tmp1157 + tmp18;
        auto tmp1159 = metal::precise::log(tmp1158);
        auto tmp1160 = tmp1156 ? tmp1155 : static_cast<decltype(tmp1155)>(tmp1159);
        auto tmp1161 = tmp1152 * tmp1160;
        auto tmp1162 = tmp1149 + tmp1161;
        auto tmp1163 = tmp1162 * tmp1;
        auto tmp1164 = metal::floor(tmp1163);
        auto tmp1165 = tmp1164 * tmp4;
        auto tmp1166 = tmp1162 - tmp1165;
        auto tmp1168 = tmp1167 * tmp8;
        auto tmp1169 = static_cast<float>(tmp1168);
        auto tmp1171 = static_cast<float>(tmp1170);
        auto tmp1172 = tmp1171 + tmp13;
        auto tmp1173 = tmp1172 > tmp15;
        auto tmp1174 = metal::precise::exp(tmp1172);
        auto tmp1175 = tmp1174 + tmp18;
        auto tmp1176 = metal::precise::log(tmp1175);
        auto tmp1177 = tmp1173 ? tmp1172 : static_cast<decltype(tmp1172)>(tmp1176);
        auto tmp1178 = tmp1169 * tmp1177;
        auto tmp1179 = tmp1166 + tmp1178;
        auto tmp1180 = tmp1179 * tmp1;
        auto tmp1181 = metal::floor(tmp1180);
        auto tmp1182 = tmp1181 * tmp4;
        auto tmp1183 = tmp1179 - tmp1182;
        auto tmp1185 = tmp1184 * tmp8;
        auto tmp1186 = static_cast<float>(tmp1185);
        auto tmp1188 = static_cast<float>(tmp1187);
        auto tmp1189 = tmp1188 + tmp13;
        auto tmp1190 = tmp1189 > tmp15;
        auto tmp1191 = metal::precise::exp(tmp1189);
        auto tmp1192 = tmp1191 + tmp18;
        auto tmp1193 = metal::precise::log(tmp1192);
        auto tmp1194 = tmp1190 ? tmp1189 : static_cast<decltype(tmp1189)>(tmp1193);
        auto tmp1195 = tmp1186 * tmp1194;
        auto tmp1196 = tmp1183 + tmp1195;
        auto tmp1197 = tmp1196 * tmp1;
        auto tmp1198 = metal::floor(tmp1197);
        auto tmp1199 = tmp1198 * tmp4;
        auto tmp1200 = tmp1196 - tmp1199;
        auto tmp1202 = tmp1201 * tmp8;
        auto tmp1203 = static_cast<float>(tmp1202);
        auto tmp1205 = static_cast<float>(tmp1204);
        auto tmp1206 = tmp1205 + tmp13;
        auto tmp1207 = tmp1206 > tmp15;
        auto tmp1208 = metal::precise::exp(tmp1206);
        auto tmp1209 = tmp1208 + tmp18;
        auto tmp1210 = metal::precise::log(tmp1209);
        auto tmp1211 = tmp1207 ? tmp1206 : static_cast<decltype(tmp1206)>(tmp1210);
        auto tmp1212 = tmp1203 * tmp1211;
        auto tmp1213 = tmp1200 + tmp1212;
        auto tmp1214 = tmp1213 * tmp1;
        auto tmp1215 = metal::floor(tmp1214);
        auto tmp1216 = tmp1215 * tmp4;
        auto tmp1217 = tmp1213 - tmp1216;
        auto tmp1219 = tmp1218 * tmp8;
        auto tmp1220 = static_cast<float>(tmp1219);
        auto tmp1222 = static_cast<float>(tmp1221);
        auto tmp1223 = tmp1222 + tmp13;
        auto tmp1224 = tmp1223 > tmp15;
        auto tmp1225 = metal::precise::exp(tmp1223);
        auto tmp1226 = tmp1225 + tmp18;
        auto tmp1227 = metal::precise::log(tmp1226);
        auto tmp1228 = tmp1224 ? tmp1223 : static_cast<decltype(tmp1223)>(tmp1227);
        auto tmp1229 = tmp1220 * tmp1228;
        auto tmp1230 = tmp1217 + tmp1229;
        auto tmp1231 = tmp1230 * tmp1;
        auto tmp1232 = metal::floor(tmp1231);
        auto tmp1233 = tmp1232 * tmp4;
        auto tmp1234 = tmp1230 - tmp1233;
        auto tmp1236 = tmp1235 * tmp8;
        auto tmp1237 = static_cast<float>(tmp1236);
        auto tmp1239 = static_cast<float>(tmp1238);
        auto tmp1240 = tmp1239 + tmp13;
        auto tmp1241 = tmp1240 > tmp15;
        auto tmp1242 = metal::precise::exp(tmp1240);
        auto tmp1243 = tmp1242 + tmp18;
        auto tmp1244 = metal::precise::log(tmp1243);
        auto tmp1245 = tmp1241 ? tmp1240 : static_cast<decltype(tmp1240)>(tmp1244);
        auto tmp1246 = tmp1237 * tmp1245;
        auto tmp1247 = tmp1234 + tmp1246;
        auto tmp1248 = tmp1247 * tmp1;
        auto tmp1249 = metal::floor(tmp1248);
        auto tmp1250 = tmp1249 * tmp4;
        auto tmp1251 = tmp1247 - tmp1250;
        auto tmp1253 = tmp1252 * tmp8;
        auto tmp1254 = static_cast<float>(tmp1253);
        auto tmp1256 = static_cast<float>(tmp1255);
        auto tmp1257 = tmp1256 + tmp13;
        auto tmp1258 = tmp1257 > tmp15;
        auto tmp1259 = metal::precise::exp(tmp1257);
        auto tmp1260 = tmp1259 + tmp18;
        auto tmp1261 = metal::precise::log(tmp1260);
        auto tmp1262 = tmp1258 ? tmp1257 : static_cast<decltype(tmp1257)>(tmp1261);
        auto tmp1263 = tmp1254 * tmp1262;
        auto tmp1264 = tmp1251 + tmp1263;
        auto tmp1265 = tmp1264 * tmp1;
        auto tmp1266 = metal::floor(tmp1265);
        auto tmp1267 = tmp1266 * tmp4;
        auto tmp1268 = tmp1264 - tmp1267;
        auto tmp1270 = tmp1269 * tmp8;
        auto tmp1271 = static_cast<float>(tmp1270);
        auto tmp1273 = static_cast<float>(tmp1272);
        auto tmp1274 = tmp1273 + tmp13;
        auto tmp1275 = tmp1274 > tmp15;
        auto tmp1276 = metal::precise::exp(tmp1274);
        auto tmp1277 = tmp1276 + tmp18;
        auto tmp1278 = metal::precise::log(tmp1277);
        auto tmp1279 = tmp1275 ? tmp1274 : static_cast<decltype(tmp1274)>(tmp1278);
        auto tmp1280 = tmp1271 * tmp1279;
        auto tmp1281 = tmp1268 + tmp1280;
        auto tmp1282 = tmp1281 * tmp1;
        auto tmp1283 = metal::floor(tmp1282);
        auto tmp1284 = tmp1283 * tmp4;
        auto tmp1285 = tmp1281 - tmp1284;
        auto tmp1287 = tmp1286 * tmp8;
        auto tmp1288 = static_cast<float>(tmp1287);
        auto tmp1290 = static_cast<float>(tmp1289);
        auto tmp1291 = tmp1290 + tmp13;
        auto tmp1292 = tmp1291 > tmp15;
        auto tmp1293 = metal::precise::exp(tmp1291);
        auto tmp1294 = tmp1293 + tmp18;
        auto tmp1295 = metal::precise::log(tmp1294);
        auto tmp1296 = tmp1292 ? tmp1291 : static_cast<decltype(tmp1291)>(tmp1295);
        auto tmp1297 = tmp1288 * tmp1296;
        auto tmp1298 = tmp1285 + tmp1297;
        auto tmp1299 = tmp1298 * tmp1;
        auto tmp1300 = metal::floor(tmp1299);
        auto tmp1301 = tmp1300 * tmp4;
        auto tmp1302 = tmp1298 - tmp1301;
        auto tmp1304 = tmp1303 * tmp8;
        auto tmp1305 = static_cast<float>(tmp1304);
        auto tmp1307 = static_cast<float>(tmp1306);
        auto tmp1308 = tmp1307 + tmp13;
        auto tmp1309 = tmp1308 > tmp15;
        auto tmp1310 = metal::precise::exp(tmp1308);
        auto tmp1311 = tmp1310 + tmp18;
        auto tmp1312 = metal::precise::log(tmp1311);
        auto tmp1313 = tmp1309 ? tmp1308 : static_cast<decltype(tmp1308)>(tmp1312);
        auto tmp1314 = tmp1305 * tmp1313;
        auto tmp1315 = tmp1302 + tmp1314;
        auto tmp1316 = tmp1315 * tmp1;
        auto tmp1317 = metal::floor(tmp1316);
        auto tmp1318 = tmp1317 * tmp4;
        auto tmp1319 = tmp1315 - tmp1318;
        auto tmp1321 = tmp1320 * tmp8;
        auto tmp1322 = static_cast<float>(tmp1321);
        auto tmp1324 = static_cast<float>(tmp1323);
        auto tmp1325 = tmp1324 + tmp13;
        auto tmp1326 = tmp1325 > tmp15;
        auto tmp1327 = metal::precise::exp(tmp1325);
        auto tmp1328 = tmp1327 + tmp18;
        auto tmp1329 = metal::precise::log(tmp1328);
        auto tmp1330 = tmp1326 ? tmp1325 : static_cast<decltype(tmp1325)>(tmp1329);
        auto tmp1331 = tmp1322 * tmp1330;
        auto tmp1332 = tmp1319 + tmp1331;
        auto tmp1333 = tmp1332 * tmp1;
        auto tmp1334 = metal::floor(tmp1333);
        auto tmp1335 = tmp1334 * tmp4;
        auto tmp1336 = tmp1332 - tmp1335;
        auto tmp1338 = tmp1337 * tmp8;
        auto tmp1339 = static_cast<float>(tmp1338);
        auto tmp1341 = static_cast<float>(tmp1340);
        auto tmp1342 = tmp1341 + tmp13;
        auto tmp1343 = tmp1342 > tmp15;
        auto tmp1344 = metal::precise::exp(tmp1342);
        auto tmp1345 = tmp1344 + tmp18;
        auto tmp1346 = metal::precise::log(tmp1345);
        auto tmp1347 = tmp1343 ? tmp1342 : static_cast<decltype(tmp1342)>(tmp1346);
        auto tmp1348 = tmp1339 * tmp1347;
        auto tmp1349 = tmp1336 + tmp1348;
        auto tmp1350 = tmp1349 * tmp1;
        auto tmp1351 = metal::floor(tmp1350);
        auto tmp1352 = tmp1351 * tmp4;
        auto tmp1353 = tmp1349 - tmp1352;
        auto tmp1355 = tmp1354 * tmp8;
        auto tmp1356 = static_cast<float>(tmp1355);
        auto tmp1358 = static_cast<float>(tmp1357);
        auto tmp1359 = tmp1358 + tmp13;
        auto tmp1360 = tmp1359 > tmp15;
        auto tmp1361 = metal::precise::exp(tmp1359);
        auto tmp1362 = tmp1361 + tmp18;
        auto tmp1363 = metal::precise::log(tmp1362);
        auto tmp1364 = tmp1360 ? tmp1359 : static_cast<decltype(tmp1359)>(tmp1363);
        auto tmp1365 = tmp1356 * tmp1364;
        auto tmp1366 = tmp1353 + tmp1365;
        auto tmp1367 = tmp1366 * tmp1;
        auto tmp1368 = metal::floor(tmp1367);
        auto tmp1369 = tmp1368 * tmp4;
        auto tmp1370 = tmp1366 - tmp1369;
        auto tmp1372 = tmp1371 * tmp8;
        auto tmp1373 = static_cast<float>(tmp1372);
        auto tmp1375 = static_cast<float>(tmp1374);
        auto tmp1376 = tmp1375 + tmp13;
        auto tmp1377 = tmp1376 > tmp15;
        auto tmp1378 = metal::precise::exp(tmp1376);
        auto tmp1379 = tmp1378 + tmp18;
        auto tmp1380 = metal::precise::log(tmp1379);
        auto tmp1381 = tmp1377 ? tmp1376 : static_cast<decltype(tmp1376)>(tmp1380);
        auto tmp1382 = tmp1373 * tmp1381;
        auto tmp1383 = tmp1370 + tmp1382;
        auto tmp1384 = tmp1383 * tmp1;
        auto tmp1385 = metal::floor(tmp1384);
        auto tmp1386 = tmp1385 * tmp4;
        auto tmp1387 = tmp1383 - tmp1386;
        auto tmp1389 = tmp1388 * tmp8;
        auto tmp1390 = static_cast<float>(tmp1389);
        auto tmp1392 = static_cast<float>(tmp1391);
        auto tmp1393 = tmp1392 + tmp13;
        auto tmp1394 = tmp1393 > tmp15;
        auto tmp1395 = metal::precise::exp(tmp1393);
        auto tmp1396 = tmp1395 + tmp18;
        auto tmp1397 = metal::precise::log(tmp1396);
        auto tmp1398 = tmp1394 ? tmp1393 : static_cast<decltype(tmp1393)>(tmp1397);
        auto tmp1399 = tmp1390 * tmp1398;
        auto tmp1400 = tmp1387 + tmp1399;
        auto tmp1401 = tmp1400 * tmp1;
        auto tmp1402 = metal::floor(tmp1401);
        auto tmp1403 = tmp1402 * tmp4;
        auto tmp1404 = tmp1400 - tmp1403;
        auto tmp1406 = tmp1405 * tmp8;
        auto tmp1407 = static_cast<float>(tmp1406);
        auto tmp1409 = static_cast<float>(tmp1408);
        auto tmp1410 = tmp1409 + tmp13;
        auto tmp1411 = tmp1410 > tmp15;
        auto tmp1412 = metal::precise::exp(tmp1410);
        auto tmp1413 = tmp1412 + tmp18;
        auto tmp1414 = metal::precise::log(tmp1413);
        auto tmp1415 = tmp1411 ? tmp1410 : static_cast<decltype(tmp1410)>(tmp1414);
        auto tmp1416 = tmp1407 * tmp1415;
        auto tmp1417 = tmp1404 + tmp1416;
        auto tmp1418 = tmp1417 * tmp1;
        auto tmp1419 = metal::floor(tmp1418);
        auto tmp1420 = tmp1419 * tmp4;
        auto tmp1421 = tmp1417 - tmp1420;
        auto tmp1423 = tmp1422 * tmp8;
        auto tmp1424 = static_cast<float>(tmp1423);
        auto tmp1426 = static_cast<float>(tmp1425);
        auto tmp1427 = tmp1426 + tmp13;
        auto tmp1428 = tmp1427 > tmp15;
        auto tmp1429 = metal::precise::exp(tmp1427);
        auto tmp1430 = tmp1429 + tmp18;
        auto tmp1431 = metal::precise::log(tmp1430);
        auto tmp1432 = tmp1428 ? tmp1427 : static_cast<decltype(tmp1427)>(tmp1431);
        auto tmp1433 = tmp1424 * tmp1432;
        auto tmp1434 = tmp1421 + tmp1433;
        auto tmp1435 = tmp1434 * tmp1;
        auto tmp1436 = metal::floor(tmp1435);
        auto tmp1437 = tmp1436 * tmp4;
        auto tmp1438 = tmp1434 - tmp1437;
        auto tmp1440 = tmp1439 * tmp8;
        auto tmp1441 = static_cast<float>(tmp1440);
        auto tmp1443 = static_cast<float>(tmp1442);
        auto tmp1444 = tmp1443 + tmp13;
        auto tmp1445 = tmp1444 > tmp15;
        auto tmp1446 = metal::precise::exp(tmp1444);
        auto tmp1447 = tmp1446 + tmp18;
        auto tmp1448 = metal::precise::log(tmp1447);
        auto tmp1449 = tmp1445 ? tmp1444 : static_cast<decltype(tmp1444)>(tmp1448);
        auto tmp1450 = tmp1441 * tmp1449;
        auto tmp1451 = tmp1438 + tmp1450;
        auto tmp1452 = tmp1451 * tmp1;
        auto tmp1453 = metal::floor(tmp1452);
        auto tmp1454 = tmp1453 * tmp4;
        auto tmp1455 = tmp1451 - tmp1454;
        auto tmp1457 = tmp1456 * tmp8;
        auto tmp1458 = static_cast<float>(tmp1457);
        auto tmp1460 = static_cast<float>(tmp1459);
        auto tmp1461 = tmp1460 + tmp13;
        auto tmp1462 = tmp1461 > tmp15;
        auto tmp1463 = metal::precise::exp(tmp1461);
        auto tmp1464 = tmp1463 + tmp18;
        auto tmp1465 = metal::precise::log(tmp1464);
        auto tmp1466 = tmp1462 ? tmp1461 : static_cast<decltype(tmp1461)>(tmp1465);
        auto tmp1467 = tmp1458 * tmp1466;
        auto tmp1468 = tmp1455 + tmp1467;
        auto tmp1469 = tmp1468 * tmp1;
        auto tmp1470 = metal::floor(tmp1469);
        auto tmp1471 = tmp1470 * tmp4;
        auto tmp1472 = tmp1468 - tmp1471;
        auto tmp1474 = tmp1473 * tmp8;
        auto tmp1475 = static_cast<float>(tmp1474);
        auto tmp1477 = static_cast<float>(tmp1476);
        auto tmp1478 = tmp1477 + tmp13;
        auto tmp1479 = tmp1478 > tmp15;
        auto tmp1480 = metal::precise::exp(tmp1478);
        auto tmp1481 = tmp1480 + tmp18;
        auto tmp1482 = metal::precise::log(tmp1481);
        auto tmp1483 = tmp1479 ? tmp1478 : static_cast<decltype(tmp1478)>(tmp1482);
        auto tmp1484 = tmp1475 * tmp1483;
        auto tmp1485 = tmp1472 + tmp1484;
        auto tmp1486 = tmp1485 * tmp1;
        auto tmp1487 = metal::floor(tmp1486);
        auto tmp1488 = tmp1487 * tmp4;
        auto tmp1489 = tmp1485 - tmp1488;
        auto tmp1491 = tmp1490 * tmp8;
        auto tmp1492 = static_cast<float>(tmp1491);
        auto tmp1494 = static_cast<float>(tmp1493);
        auto tmp1495 = tmp1494 + tmp13;
        auto tmp1496 = tmp1495 > tmp15;
        auto tmp1497 = metal::precise::exp(tmp1495);
        auto tmp1498 = tmp1497 + tmp18;
        auto tmp1499 = metal::precise::log(tmp1498);
        auto tmp1500 = tmp1496 ? tmp1495 : static_cast<decltype(tmp1495)>(tmp1499);
        auto tmp1501 = tmp1492 * tmp1500;
        auto tmp1502 = tmp1489 + tmp1501;
        auto tmp1503 = tmp1502 * tmp1;
        auto tmp1504 = metal::floor(tmp1503);
        auto tmp1505 = tmp1504 * tmp4;
        auto tmp1506 = tmp1502 - tmp1505;
        auto tmp1508 = tmp1507 * tmp8;
        auto tmp1509 = static_cast<float>(tmp1508);
        auto tmp1511 = static_cast<float>(tmp1510);
        auto tmp1512 = tmp1511 + tmp13;
        auto tmp1513 = tmp1512 > tmp15;
        auto tmp1514 = metal::precise::exp(tmp1512);
        auto tmp1515 = tmp1514 + tmp18;
        auto tmp1516 = metal::precise::log(tmp1515);
        auto tmp1517 = tmp1513 ? tmp1512 : static_cast<decltype(tmp1512)>(tmp1516);
        auto tmp1518 = tmp1509 * tmp1517;
        auto tmp1519 = tmp1506 + tmp1518;
        auto tmp1520 = tmp1519 * tmp1;
        auto tmp1521 = metal::floor(tmp1520);
        auto tmp1522 = tmp1521 * tmp4;
        auto tmp1523 = tmp1519 - tmp1522;
        auto tmp1525 = tmp1524 * tmp8;
        auto tmp1526 = static_cast<float>(tmp1525);
        auto tmp1528 = static_cast<float>(tmp1527);
        auto tmp1529 = tmp1528 + tmp13;
        auto tmp1530 = tmp1529 > tmp15;
        auto tmp1531 = metal::precise::exp(tmp1529);
        auto tmp1532 = tmp1531 + tmp18;
        auto tmp1533 = metal::precise::log(tmp1532);
        auto tmp1534 = tmp1530 ? tmp1529 : static_cast<decltype(tmp1529)>(tmp1533);
        auto tmp1535 = tmp1526 * tmp1534;
        auto tmp1536 = tmp1523 + tmp1535;
        auto tmp1537 = tmp1536 * tmp1;
        auto tmp1538 = metal::floor(tmp1537);
        auto tmp1539 = tmp1538 * tmp4;
        auto tmp1540 = tmp1536 - tmp1539;
        auto tmp1542 = tmp1541 * tmp8;
        auto tmp1543 = static_cast<float>(tmp1542);
        auto tmp1545 = static_cast<float>(tmp1544);
        auto tmp1546 = tmp1545 + tmp13;
        auto tmp1547 = tmp1546 > tmp15;
        auto tmp1548 = metal::precise::exp(tmp1546);
        auto tmp1549 = tmp1548 + tmp18;
        auto tmp1550 = metal::precise::log(tmp1549);
        auto tmp1551 = tmp1547 ? tmp1546 : static_cast<decltype(tmp1546)>(tmp1550);
        auto tmp1552 = tmp1543 * tmp1551;
        auto tmp1553 = tmp1540 + tmp1552;
        auto tmp1554 = tmp1553 * tmp1;
        auto tmp1555 = metal::floor(tmp1554);
        auto tmp1556 = tmp1555 * tmp4;
        auto tmp1557 = tmp1553 - tmp1556;
        auto tmp1559 = tmp1558 * tmp8;
        auto tmp1560 = static_cast<float>(tmp1559);
        auto tmp1562 = static_cast<float>(tmp1561);
        auto tmp1563 = tmp1562 + tmp13;
        auto tmp1564 = tmp1563 > tmp15;
        auto tmp1565 = metal::precise::exp(tmp1563);
        auto tmp1566 = tmp1565 + tmp18;
        auto tmp1567 = metal::precise::log(tmp1566);
        auto tmp1568 = tmp1564 ? tmp1563 : static_cast<decltype(tmp1563)>(tmp1567);
        auto tmp1569 = tmp1560 * tmp1568;
        auto tmp1570 = tmp1557 + tmp1569;
        auto tmp1571 = tmp1570 * tmp1;
        auto tmp1572 = metal::floor(tmp1571);
        auto tmp1573 = tmp1572 * tmp4;
        auto tmp1574 = tmp1570 - tmp1573;
        auto tmp1576 = tmp1575 * tmp8;
        auto tmp1577 = static_cast<float>(tmp1576);
        auto tmp1579 = static_cast<float>(tmp1578);
        auto tmp1580 = tmp1579 + tmp13;
        auto tmp1581 = tmp1580 > tmp15;
        auto tmp1582 = metal::precise::exp(tmp1580);
        auto tmp1583 = tmp1582 + tmp18;
        auto tmp1584 = metal::precise::log(tmp1583);
        auto tmp1585 = tmp1581 ? tmp1580 : static_cast<decltype(tmp1580)>(tmp1584);
        auto tmp1586 = tmp1577 * tmp1585;
        auto tmp1587 = tmp1574 + tmp1586;
        auto tmp1588 = tmp1587 * tmp1;
        auto tmp1589 = metal::floor(tmp1588);
        auto tmp1590 = tmp1589 * tmp4;
        auto tmp1591 = tmp1587 - tmp1590;
        auto tmp1593 = tmp1592 * tmp8;
        auto tmp1594 = static_cast<float>(tmp1593);
        auto tmp1596 = static_cast<float>(tmp1595);
        auto tmp1597 = tmp1596 + tmp13;
        auto tmp1598 = tmp1597 > tmp15;
        auto tmp1599 = metal::precise::exp(tmp1597);
        auto tmp1600 = tmp1599 + tmp18;
        auto tmp1601 = metal::precise::log(tmp1600);
        auto tmp1602 = tmp1598 ? tmp1597 : static_cast<decltype(tmp1597)>(tmp1601);
        auto tmp1603 = tmp1594 * tmp1602;
        auto tmp1604 = tmp1591 + tmp1603;
        auto tmp1605 = tmp1604 * tmp1;
        auto tmp1606 = metal::floor(tmp1605);
        auto tmp1607 = tmp1606 * tmp4;
        auto tmp1608 = tmp1604 - tmp1607;
        auto tmp1610 = tmp1609 * tmp8;
        auto tmp1611 = static_cast<float>(tmp1610);
        auto tmp1613 = static_cast<float>(tmp1612);
        auto tmp1614 = tmp1613 + tmp13;
        auto tmp1615 = tmp1614 > tmp15;
        auto tmp1616 = metal::precise::exp(tmp1614);
        auto tmp1617 = tmp1616 + tmp18;
        auto tmp1618 = metal::precise::log(tmp1617);
        auto tmp1619 = tmp1615 ? tmp1614 : static_cast<decltype(tmp1614)>(tmp1618);
        auto tmp1620 = tmp1611 * tmp1619;
        auto tmp1621 = tmp1608 + tmp1620;
        auto tmp1622 = tmp1621 * tmp1;
        auto tmp1623 = metal::floor(tmp1622);
        auto tmp1624 = tmp1623 * tmp4;
        auto tmp1625 = tmp1621 - tmp1624;
        auto tmp1627 = tmp1626 * tmp8;
        auto tmp1628 = static_cast<float>(tmp1627);
        auto tmp1630 = static_cast<float>(tmp1629);
        auto tmp1631 = tmp1630 + tmp13;
        auto tmp1632 = tmp1631 > tmp15;
        auto tmp1633 = metal::precise::exp(tmp1631);
        auto tmp1634 = tmp1633 + tmp18;
        auto tmp1635 = metal::precise::log(tmp1634);
        auto tmp1636 = tmp1632 ? tmp1631 : static_cast<decltype(tmp1631)>(tmp1635);
        auto tmp1637 = tmp1628 * tmp1636;
        auto tmp1638 = tmp1625 + tmp1637;
        auto tmp1639 = tmp1638 * tmp1;
        auto tmp1640 = metal::floor(tmp1639);
        auto tmp1641 = tmp1640 * tmp4;
        auto tmp1642 = tmp1638 - tmp1641;
        auto tmp1644 = tmp1643 * tmp8;
        auto tmp1645 = static_cast<float>(tmp1644);
        auto tmp1647 = static_cast<float>(tmp1646);
        auto tmp1648 = tmp1647 + tmp13;
        auto tmp1649 = tmp1648 > tmp15;
        auto tmp1650 = metal::precise::exp(tmp1648);
        auto tmp1651 = tmp1650 + tmp18;
        auto tmp1652 = metal::precise::log(tmp1651);
        auto tmp1653 = tmp1649 ? tmp1648 : static_cast<decltype(tmp1648)>(tmp1652);
        auto tmp1654 = tmp1645 * tmp1653;
        auto tmp1655 = tmp1642 + tmp1654;
        auto tmp1656 = tmp1655 * tmp1;
        auto tmp1657 = metal::floor(tmp1656);
        auto tmp1658 = tmp1657 * tmp4;
        auto tmp1659 = tmp1655 - tmp1658;
        auto tmp1661 = tmp1660 * tmp8;
        auto tmp1662 = static_cast<float>(tmp1661);
        auto tmp1664 = static_cast<float>(tmp1663);
        auto tmp1665 = tmp1664 + tmp13;
        auto tmp1666 = tmp1665 > tmp15;
        auto tmp1667 = metal::precise::exp(tmp1665);
        auto tmp1668 = tmp1667 + tmp18;
        auto tmp1669 = metal::precise::log(tmp1668);
        auto tmp1670 = tmp1666 ? tmp1665 : static_cast<decltype(tmp1665)>(tmp1669);
        auto tmp1671 = tmp1662 * tmp1670;
        auto tmp1672 = tmp1659 + tmp1671;
        auto tmp1673 = tmp1672 * tmp1;
        auto tmp1674 = metal::floor(tmp1673);
        auto tmp1675 = tmp1674 * tmp4;
        auto tmp1676 = tmp1672 - tmp1675;
        auto tmp1678 = tmp1677 * tmp8;
        auto tmp1679 = static_cast<float>(tmp1678);
        auto tmp1681 = static_cast<float>(tmp1680);
        auto tmp1682 = tmp1681 + tmp13;
        auto tmp1683 = tmp1682 > tmp15;
        auto tmp1684 = metal::precise::exp(tmp1682);
        auto tmp1685 = tmp1684 + tmp18;
        auto tmp1686 = metal::precise::log(tmp1685);
        auto tmp1687 = tmp1683 ? tmp1682 : static_cast<decltype(tmp1682)>(tmp1686);
        auto tmp1688 = tmp1679 * tmp1687;
        auto tmp1689 = tmp1676 + tmp1688;
        auto tmp1690 = tmp1689 * tmp1;
        auto tmp1691 = metal::floor(tmp1690);
        auto tmp1692 = tmp1691 * tmp4;
        auto tmp1693 = tmp1689 - tmp1692;
        auto tmp1695 = tmp1694 * tmp8;
        auto tmp1696 = static_cast<float>(tmp1695);
        auto tmp1698 = static_cast<float>(tmp1697);
        auto tmp1699 = tmp1698 + tmp13;
        auto tmp1700 = tmp1699 > tmp15;
        auto tmp1701 = metal::precise::exp(tmp1699);
        auto tmp1702 = tmp1701 + tmp18;
        auto tmp1703 = metal::precise::log(tmp1702);
        auto tmp1704 = tmp1700 ? tmp1699 : static_cast<decltype(tmp1699)>(tmp1703);
        auto tmp1705 = tmp1696 * tmp1704;
        auto tmp1706 = tmp1693 + tmp1705;
        auto tmp1707 = tmp1706 * tmp1;
        auto tmp1708 = metal::floor(tmp1707);
        auto tmp1709 = tmp1708 * tmp4;
        auto tmp1710 = tmp1706 - tmp1709;
        auto tmp1712 = tmp1711 * tmp8;
        auto tmp1713 = static_cast<float>(tmp1712);
        auto tmp1715 = static_cast<float>(tmp1714);
        auto tmp1716 = tmp1715 + tmp13;
        auto tmp1717 = tmp1716 > tmp15;
        auto tmp1718 = metal::precise::exp(tmp1716);
        auto tmp1719 = tmp1718 + tmp18;
        auto tmp1720 = metal::precise::log(tmp1719);
        auto tmp1721 = tmp1717 ? tmp1716 : static_cast<decltype(tmp1716)>(tmp1720);
        auto tmp1722 = tmp1713 * tmp1721;
        auto tmp1723 = tmp1710 + tmp1722;
        auto tmp1724 = tmp1723 * tmp1;
        auto tmp1725 = metal::floor(tmp1724);
        auto tmp1726 = tmp1725 * tmp4;
        auto tmp1727 = tmp1723 - tmp1726;
        auto tmp1729 = tmp1728 * tmp8;
        auto tmp1730 = static_cast<float>(tmp1729);
        auto tmp1732 = static_cast<float>(tmp1731);
        auto tmp1733 = tmp1732 + tmp13;
        auto tmp1734 = tmp1733 > tmp15;
        auto tmp1735 = metal::precise::exp(tmp1733);
        auto tmp1736 = tmp1735 + tmp18;
        auto tmp1737 = metal::precise::log(tmp1736);
        auto tmp1738 = tmp1734 ? tmp1733 : static_cast<decltype(tmp1733)>(tmp1737);
        auto tmp1739 = tmp1730 * tmp1738;
        auto tmp1740 = tmp1727 + tmp1739;
        auto tmp1741 = tmp1740 * tmp1;
        auto tmp1742 = metal::floor(tmp1741);
        auto tmp1743 = tmp1742 * tmp4;
        auto tmp1744 = tmp1740 - tmp1743;
        auto tmp1746 = tmp1745 * tmp8;
        auto tmp1747 = static_cast<float>(tmp1746);
        auto tmp1749 = static_cast<float>(tmp1748);
        auto tmp1750 = tmp1749 + tmp13;
        auto tmp1751 = tmp1750 > tmp15;
        auto tmp1752 = metal::precise::exp(tmp1750);
        auto tmp1753 = tmp1752 + tmp18;
        auto tmp1754 = metal::precise::log(tmp1753);
        auto tmp1755 = tmp1751 ? tmp1750 : static_cast<decltype(tmp1750)>(tmp1754);
        auto tmp1756 = tmp1747 * tmp1755;
        auto tmp1757 = tmp1744 + tmp1756;
        auto tmp1758 = tmp1757 * tmp1;
        auto tmp1759 = metal::floor(tmp1758);
        auto tmp1760 = tmp1759 * tmp4;
        auto tmp1761 = tmp1757 - tmp1760;
        auto tmp1763 = tmp1762 * tmp8;
        auto tmp1764 = static_cast<float>(tmp1763);
        auto tmp1766 = static_cast<float>(tmp1765);
        auto tmp1767 = tmp1766 + tmp13;
        auto tmp1768 = tmp1767 > tmp15;
        auto tmp1769 = metal::precise::exp(tmp1767);
        auto tmp1770 = tmp1769 + tmp18;
        auto tmp1771 = metal::precise::log(tmp1770);
        auto tmp1772 = tmp1768 ? tmp1767 : static_cast<decltype(tmp1767)>(tmp1771);
        auto tmp1773 = tmp1764 * tmp1772;
        auto tmp1774 = tmp1761 + tmp1773;
        auto tmp1775 = tmp1774 * tmp1;
        auto tmp1776 = metal::floor(tmp1775);
        auto tmp1777 = tmp1776 * tmp4;
        auto tmp1778 = tmp1774 - tmp1777;
        auto tmp1780 = tmp1779 * tmp8;
        auto tmp1781 = static_cast<float>(tmp1780);
        auto tmp1783 = static_cast<float>(tmp1782);
        auto tmp1784 = tmp1783 + tmp13;
        auto tmp1785 = tmp1784 > tmp15;
        auto tmp1786 = metal::precise::exp(tmp1784);
        auto tmp1787 = tmp1786 + tmp18;
        auto tmp1788 = metal::precise::log(tmp1787);
        auto tmp1789 = tmp1785 ? tmp1784 : static_cast<decltype(tmp1784)>(tmp1788);
        auto tmp1790 = tmp1781 * tmp1789;
        auto tmp1791 = tmp1778 + tmp1790;
        auto tmp1792 = tmp1791 * tmp1;
        auto tmp1793 = metal::floor(tmp1792);
        auto tmp1794 = tmp1793 * tmp4;
        auto tmp1795 = tmp1791 - tmp1794;
        auto tmp1797 = tmp1796 * tmp8;
        auto tmp1798 = static_cast<float>(tmp1797);
        auto tmp1800 = static_cast<float>(tmp1799);
        auto tmp1801 = tmp1800 + tmp13;
        auto tmp1802 = tmp1801 > tmp15;
        auto tmp1803 = metal::precise::exp(tmp1801);
        auto tmp1804 = tmp1803 + tmp18;
        auto tmp1805 = metal::precise::log(tmp1804);
        auto tmp1806 = tmp1802 ? tmp1801 : static_cast<decltype(tmp1801)>(tmp1805);
        auto tmp1807 = tmp1798 * tmp1806;
        auto tmp1808 = tmp1795 + tmp1807;
        auto tmp1809 = tmp1808 * tmp1;
        auto tmp1810 = metal::floor(tmp1809);
        auto tmp1811 = tmp1810 * tmp4;
        auto tmp1812 = tmp1808 - tmp1811;
        auto tmp1814 = tmp1813 * tmp8;
        auto tmp1815 = static_cast<float>(tmp1814);
        auto tmp1817 = static_cast<float>(tmp1816);
        auto tmp1818 = tmp1817 + tmp13;
        auto tmp1819 = tmp1818 > tmp15;
        auto tmp1820 = metal::precise::exp(tmp1818);
        auto tmp1821 = tmp1820 + tmp18;
        auto tmp1822 = metal::precise::log(tmp1821);
        auto tmp1823 = tmp1819 ? tmp1818 : static_cast<decltype(tmp1818)>(tmp1822);
        auto tmp1824 = tmp1815 * tmp1823;
        auto tmp1825 = tmp1812 + tmp1824;
        auto tmp1826 = tmp1825 * tmp1;
        auto tmp1827 = metal::floor(tmp1826);
        auto tmp1828 = tmp1827 * tmp4;
        auto tmp1829 = tmp1825 - tmp1828;
        auto tmp1831 = tmp1830 * tmp8;
        auto tmp1832 = static_cast<float>(tmp1831);
        auto tmp1834 = static_cast<float>(tmp1833);
        auto tmp1835 = tmp1834 + tmp13;
        auto tmp1836 = tmp1835 > tmp15;
        auto tmp1837 = metal::precise::exp(tmp1835);
        auto tmp1838 = tmp1837 + tmp18;
        auto tmp1839 = metal::precise::log(tmp1838);
        auto tmp1840 = tmp1836 ? tmp1835 : static_cast<decltype(tmp1835)>(tmp1839);
        auto tmp1841 = tmp1832 * tmp1840;
        auto tmp1842 = tmp1829 + tmp1841;
        auto tmp1843 = tmp1842 * tmp1;
        auto tmp1844 = metal::floor(tmp1843);
        auto tmp1845 = tmp1844 * tmp4;
        auto tmp1846 = tmp1842 - tmp1845;
        auto tmp1848 = tmp1847 * tmp8;
        auto tmp1849 = static_cast<float>(tmp1848);
        auto tmp1851 = static_cast<float>(tmp1850);
        auto tmp1852 = tmp1851 + tmp13;
        auto tmp1853 = tmp1852 > tmp15;
        auto tmp1854 = metal::precise::exp(tmp1852);
        auto tmp1855 = tmp1854 + tmp18;
        auto tmp1856 = metal::precise::log(tmp1855);
        auto tmp1857 = tmp1853 ? tmp1852 : static_cast<decltype(tmp1852)>(tmp1856);
        auto tmp1858 = tmp1849 * tmp1857;
        auto tmp1859 = tmp1846 + tmp1858;
        auto tmp1860 = tmp1859 * tmp1;
        auto tmp1861 = metal::floor(tmp1860);
        auto tmp1862 = tmp1861 * tmp4;
        auto tmp1863 = tmp1859 - tmp1862;
        auto tmp1865 = tmp1864 * tmp8;
        auto tmp1866 = static_cast<float>(tmp1865);
        auto tmp1868 = static_cast<float>(tmp1867);
        auto tmp1869 = tmp1868 + tmp13;
        auto tmp1870 = tmp1869 > tmp15;
        auto tmp1871 = metal::precise::exp(tmp1869);
        auto tmp1872 = tmp1871 + tmp18;
        auto tmp1873 = metal::precise::log(tmp1872);
        auto tmp1874 = tmp1870 ? tmp1869 : static_cast<decltype(tmp1869)>(tmp1873);
        auto tmp1875 = tmp1866 * tmp1874;
        auto tmp1876 = tmp1863 + tmp1875;
        auto tmp1877 = tmp1876 * tmp1;
        auto tmp1878 = metal::floor(tmp1877);
        auto tmp1879 = tmp1878 * tmp4;
        auto tmp1880 = tmp1876 - tmp1879;
        auto tmp1882 = tmp1881 * tmp8;
        auto tmp1883 = static_cast<float>(tmp1882);
        auto tmp1885 = static_cast<float>(tmp1884);
        auto tmp1886 = tmp1885 + tmp13;
        auto tmp1887 = tmp1886 > tmp15;
        auto tmp1888 = metal::precise::exp(tmp1886);
        auto tmp1889 = tmp1888 + tmp18;
        auto tmp1890 = metal::precise::log(tmp1889);
        auto tmp1891 = tmp1887 ? tmp1886 : static_cast<decltype(tmp1886)>(tmp1890);
        auto tmp1892 = tmp1883 * tmp1891;
        auto tmp1893 = tmp1880 + tmp1892;
        auto tmp1894 = tmp1893 * tmp1;
        auto tmp1895 = metal::floor(tmp1894);
        auto tmp1896 = tmp1895 * tmp4;
        auto tmp1897 = tmp1893 - tmp1896;
        auto tmp1899 = tmp1898 * tmp8;
        auto tmp1900 = static_cast<float>(tmp1899);
        auto tmp1902 = static_cast<float>(tmp1901);
        auto tmp1903 = tmp1902 + tmp13;
        auto tmp1904 = tmp1903 > tmp15;
        auto tmp1905 = metal::precise::exp(tmp1903);
        auto tmp1906 = tmp1905 + tmp18;
        auto tmp1907 = metal::precise::log(tmp1906);
        auto tmp1908 = tmp1904 ? tmp1903 : static_cast<decltype(tmp1903)>(tmp1907);
        auto tmp1909 = tmp1900 * tmp1908;
        auto tmp1910 = tmp1897 + tmp1909;
        auto tmp1911 = tmp1910 * tmp1;
        auto tmp1912 = metal::floor(tmp1911);
        auto tmp1913 = tmp1912 * tmp4;
        auto tmp1914 = tmp1910 - tmp1913;
        auto tmp1916 = tmp1915 * tmp8;
        auto tmp1917 = static_cast<float>(tmp1916);
        auto tmp1919 = static_cast<float>(tmp1918);
        auto tmp1920 = tmp1919 + tmp13;
        auto tmp1921 = tmp1920 > tmp15;
        auto tmp1922 = metal::precise::exp(tmp1920);
        auto tmp1923 = tmp1922 + tmp18;
        auto tmp1924 = metal::precise::log(tmp1923);
        auto tmp1925 = tmp1921 ? tmp1920 : static_cast<decltype(tmp1920)>(tmp1924);
        auto tmp1926 = tmp1917 * tmp1925;
        auto tmp1927 = tmp1914 + tmp1926;
        auto tmp1928 = tmp1927 * tmp1;
        auto tmp1929 = metal::floor(tmp1928);
        auto tmp1930 = tmp1929 * tmp4;
        auto tmp1931 = tmp1927 - tmp1930;
        auto tmp1933 = tmp1932 * tmp8;
        auto tmp1934 = static_cast<float>(tmp1933);
        auto tmp1936 = static_cast<float>(tmp1935);
        auto tmp1937 = tmp1936 + tmp13;
        auto tmp1938 = tmp1937 > tmp15;
        auto tmp1939 = metal::precise::exp(tmp1937);
        auto tmp1940 = tmp1939 + tmp18;
        auto tmp1941 = metal::precise::log(tmp1940);
        auto tmp1942 = tmp1938 ? tmp1937 : static_cast<decltype(tmp1937)>(tmp1941);
        auto tmp1943 = tmp1934 * tmp1942;
        auto tmp1944 = tmp1931 + tmp1943;
        auto tmp1945 = tmp1944 * tmp1;
        auto tmp1946 = metal::floor(tmp1945);
        auto tmp1947 = tmp1946 * tmp4;
        auto tmp1948 = tmp1944 - tmp1947;
        auto tmp1950 = tmp1949 * tmp8;
        auto tmp1951 = static_cast<float>(tmp1950);
        auto tmp1953 = static_cast<float>(tmp1952);
        auto tmp1954 = tmp1953 + tmp13;
        auto tmp1955 = tmp1954 > tmp15;
        auto tmp1956 = metal::precise::exp(tmp1954);
        auto tmp1957 = tmp1956 + tmp18;
        auto tmp1958 = metal::precise::log(tmp1957);
        auto tmp1959 = tmp1955 ? tmp1954 : static_cast<decltype(tmp1954)>(tmp1958);
        auto tmp1960 = tmp1951 * tmp1959;
        auto tmp1961 = tmp1948 + tmp1960;
        auto tmp1962 = tmp1961 * tmp1;
        auto tmp1963 = metal::floor(tmp1962);
        auto tmp1964 = tmp1963 * tmp4;
        auto tmp1965 = tmp1961 - tmp1964;
        auto tmp1967 = tmp1966 * tmp8;
        auto tmp1968 = static_cast<float>(tmp1967);
        auto tmp1970 = static_cast<float>(tmp1969);
        auto tmp1971 = tmp1970 + tmp13;
        auto tmp1972 = tmp1971 > tmp15;
        auto tmp1973 = metal::precise::exp(tmp1971);
        auto tmp1974 = tmp1973 + tmp18;
        auto tmp1975 = metal::precise::log(tmp1974);
        auto tmp1976 = tmp1972 ? tmp1971 : static_cast<decltype(tmp1971)>(tmp1975);
        auto tmp1977 = tmp1968 * tmp1976;
        auto tmp1978 = tmp1965 + tmp1977;
        auto tmp1979 = tmp1978 * tmp1;
        auto tmp1980 = metal::floor(tmp1979);
        auto tmp1981 = tmp1980 * tmp4;
        auto tmp1982 = tmp1978 - tmp1981;
        auto tmp1984 = tmp1983 * tmp8;
        auto tmp1985 = static_cast<float>(tmp1984);
        auto tmp1987 = static_cast<float>(tmp1986);
        auto tmp1988 = tmp1987 + tmp13;
        auto tmp1989 = tmp1988 > tmp15;
        auto tmp1990 = metal::precise::exp(tmp1988);
        auto tmp1991 = tmp1990 + tmp18;
        auto tmp1992 = metal::precise::log(tmp1991);
        auto tmp1993 = tmp1989 ? tmp1988 : static_cast<decltype(tmp1988)>(tmp1992);
        auto tmp1994 = tmp1985 * tmp1993;
        auto tmp1995 = tmp1982 + tmp1994;
        auto tmp1996 = tmp1995 * tmp1;
        auto tmp1997 = metal::floor(tmp1996);
        auto tmp1998 = tmp1997 * tmp4;
        auto tmp1999 = tmp1995 - tmp1998;
        auto tmp2001 = tmp2000 * tmp8;
        auto tmp2002 = static_cast<float>(tmp2001);
        auto tmp2004 = static_cast<float>(tmp2003);
        auto tmp2005 = tmp2004 + tmp13;
        auto tmp2006 = tmp2005 > tmp15;
        auto tmp2007 = metal::precise::exp(tmp2005);
        auto tmp2008 = tmp2007 + tmp18;
        auto tmp2009 = metal::precise::log(tmp2008);
        auto tmp2010 = tmp2006 ? tmp2005 : static_cast<decltype(tmp2005)>(tmp2009);
        auto tmp2011 = tmp2002 * tmp2010;
        auto tmp2012 = tmp1999 + tmp2011;
        auto tmp2013 = tmp2012 * tmp1;
        auto tmp2014 = metal::floor(tmp2013);
        auto tmp2015 = tmp2014 * tmp4;
        auto tmp2016 = tmp2012 - tmp2015;
        auto tmp2018 = tmp2017 * tmp8;
        auto tmp2019 = static_cast<float>(tmp2018);
        auto tmp2021 = static_cast<float>(tmp2020);
        auto tmp2022 = tmp2021 + tmp13;
        auto tmp2023 = tmp2022 > tmp15;
        auto tmp2024 = metal::precise::exp(tmp2022);
        auto tmp2025 = tmp2024 + tmp18;
        auto tmp2026 = metal::precise::log(tmp2025);
        auto tmp2027 = tmp2023 ? tmp2022 : static_cast<decltype(tmp2022)>(tmp2026);
        auto tmp2028 = tmp2019 * tmp2027;
        auto tmp2029 = tmp2016 + tmp2028;
        auto tmp2030 = tmp2029 * tmp1;
        auto tmp2031 = metal::floor(tmp2030);
        auto tmp2032 = tmp2031 * tmp4;
        auto tmp2033 = tmp2029 - tmp2032;
        auto tmp2035 = tmp2034 * tmp8;
        auto tmp2036 = static_cast<float>(tmp2035);
        auto tmp2038 = static_cast<float>(tmp2037);
        auto tmp2039 = tmp2038 + tmp13;
        auto tmp2040 = tmp2039 > tmp15;
        auto tmp2041 = metal::precise::exp(tmp2039);
        auto tmp2042 = tmp2041 + tmp18;
        auto tmp2043 = metal::precise::log(tmp2042);
        auto tmp2044 = tmp2040 ? tmp2039 : static_cast<decltype(tmp2039)>(tmp2043);
        auto tmp2045 = tmp2036 * tmp2044;
        auto tmp2046 = tmp2033 + tmp2045;
        auto tmp2047 = tmp2046 * tmp1;
        auto tmp2048 = metal::floor(tmp2047);
        auto tmp2049 = tmp2048 * tmp4;
        auto tmp2050 = tmp2046 - tmp2049;
        auto tmp2052 = tmp2051 * tmp8;
        auto tmp2053 = static_cast<float>(tmp2052);
        auto tmp2055 = static_cast<float>(tmp2054);
        auto tmp2056 = tmp2055 + tmp13;
        auto tmp2057 = tmp2056 > tmp15;
        auto tmp2058 = metal::precise::exp(tmp2056);
        auto tmp2059 = tmp2058 + tmp18;
        auto tmp2060 = metal::precise::log(tmp2059);
        auto tmp2061 = tmp2057 ? tmp2056 : static_cast<decltype(tmp2056)>(tmp2060);
        auto tmp2062 = tmp2053 * tmp2061;
        auto tmp2063 = tmp2050 + tmp2062;
        auto tmp2064 = tmp2063 * tmp1;
        auto tmp2065 = metal::floor(tmp2064);
        auto tmp2066 = tmp2065 * tmp4;
        auto tmp2067 = tmp2063 - tmp2066;
        auto tmp2069 = tmp2068 * tmp8;
        auto tmp2070 = static_cast<float>(tmp2069);
        auto tmp2072 = static_cast<float>(tmp2071);
        auto tmp2073 = tmp2072 + tmp13;
        auto tmp2074 = tmp2073 > tmp15;
        auto tmp2075 = metal::precise::exp(tmp2073);
        auto tmp2076 = tmp2075 + tmp18;
        auto tmp2077 = metal::precise::log(tmp2076);
        auto tmp2078 = tmp2074 ? tmp2073 : static_cast<decltype(tmp2073)>(tmp2077);
        auto tmp2079 = tmp2070 * tmp2078;
        auto tmp2080 = tmp2067 + tmp2079;
        auto tmp2081 = tmp2080 * tmp1;
        auto tmp2082 = metal::floor(tmp2081);
        auto tmp2083 = tmp2082 * tmp4;
        auto tmp2084 = tmp2080 - tmp2083;
        auto tmp2086 = tmp2085 * tmp8;
        auto tmp2087 = static_cast<float>(tmp2086);
        auto tmp2089 = static_cast<float>(tmp2088);
        auto tmp2090 = tmp2089 + tmp13;
        auto tmp2091 = tmp2090 > tmp15;
        auto tmp2092 = metal::precise::exp(tmp2090);
        auto tmp2093 = tmp2092 + tmp18;
        auto tmp2094 = metal::precise::log(tmp2093);
        auto tmp2095 = tmp2091 ? tmp2090 : static_cast<decltype(tmp2090)>(tmp2094);
        auto tmp2096 = tmp2087 * tmp2095;
        auto tmp2097 = tmp2084 + tmp2096;
        auto tmp2098 = tmp2097 * tmp1;
        auto tmp2099 = metal::floor(tmp2098);
        auto tmp2100 = tmp2099 * tmp4;
        auto tmp2101 = tmp2097 - tmp2100;
        auto tmp2103 = tmp2102 * tmp8;
        auto tmp2104 = static_cast<float>(tmp2103);
        auto tmp2106 = static_cast<float>(tmp2105);
        auto tmp2107 = tmp2106 + tmp13;
        auto tmp2108 = tmp2107 > tmp15;
        auto tmp2109 = metal::precise::exp(tmp2107);
        auto tmp2110 = tmp2109 + tmp18;
        auto tmp2111 = metal::precise::log(tmp2110);
        auto tmp2112 = tmp2108 ? tmp2107 : static_cast<decltype(tmp2107)>(tmp2111);
        auto tmp2113 = tmp2104 * tmp2112;
        auto tmp2114 = tmp2101 + tmp2113;
        auto tmp2115 = tmp2114 * tmp1;
        auto tmp2116 = metal::floor(tmp2115);
        auto tmp2117 = tmp2116 * tmp4;
        auto tmp2118 = tmp2114 - tmp2117;
        auto tmp2120 = tmp2119 * tmp8;
        auto tmp2121 = static_cast<float>(tmp2120);
        auto tmp2123 = static_cast<float>(tmp2122);
        auto tmp2124 = tmp2123 + tmp13;
        auto tmp2125 = tmp2124 > tmp15;
        auto tmp2126 = metal::precise::exp(tmp2124);
        auto tmp2127 = tmp2126 + tmp18;
        auto tmp2128 = metal::precise::log(tmp2127);
        auto tmp2129 = tmp2125 ? tmp2124 : static_cast<decltype(tmp2124)>(tmp2128);
        auto tmp2130 = tmp2121 * tmp2129;
        auto tmp2131 = tmp2118 + tmp2130;
        auto tmp2132 = tmp2131 * tmp1;
        auto tmp2133 = metal::floor(tmp2132);
        auto tmp2134 = tmp2133 * tmp4;
        auto tmp2135 = tmp2131 - tmp2134;
        auto tmp2137 = tmp2136 * tmp8;
        auto tmp2138 = static_cast<float>(tmp2137);
        auto tmp2140 = static_cast<float>(tmp2139);
        auto tmp2141 = tmp2140 + tmp13;
        auto tmp2142 = tmp2141 > tmp15;
        auto tmp2143 = metal::precise::exp(tmp2141);
        auto tmp2144 = tmp2143 + tmp18;
        auto tmp2145 = metal::precise::log(tmp2144);
        auto tmp2146 = tmp2142 ? tmp2141 : static_cast<decltype(tmp2141)>(tmp2145);
        auto tmp2147 = tmp2138 * tmp2146;
        auto tmp2148 = tmp2135 + tmp2147;
        auto tmp2149 = tmp2148 * tmp1;
        auto tmp2150 = metal::floor(tmp2149);
        auto tmp2151 = tmp2150 * tmp4;
        auto tmp2152 = tmp2148 - tmp2151;
        auto tmp2154 = tmp2153 * tmp8;
        auto tmp2155 = static_cast<float>(tmp2154);
        auto tmp2157 = static_cast<float>(tmp2156);
        auto tmp2158 = tmp2157 + tmp13;
        auto tmp2159 = tmp2158 > tmp15;
        auto tmp2160 = metal::precise::exp(tmp2158);
        auto tmp2161 = tmp2160 + tmp18;
        auto tmp2162 = metal::precise::log(tmp2161);
        auto tmp2163 = tmp2159 ? tmp2158 : static_cast<decltype(tmp2158)>(tmp2162);
        auto tmp2164 = tmp2155 * tmp2163;
        auto tmp2165 = tmp2152 + tmp2164;
        auto tmp2166 = tmp2165 * tmp1;
        auto tmp2167 = metal::floor(tmp2166);
        auto tmp2168 = tmp2167 * tmp4;
        auto tmp2169 = tmp2165 - tmp2168;
        auto tmp2171 = tmp2170 * tmp8;
        auto tmp2172 = static_cast<float>(tmp2171);
        auto tmp2174 = static_cast<float>(tmp2173);
        auto tmp2175 = tmp2174 + tmp13;
        auto tmp2176 = tmp2175 > tmp15;
        auto tmp2177 = metal::precise::exp(tmp2175);
        auto tmp2178 = tmp2177 + tmp18;
        auto tmp2179 = metal::precise::log(tmp2178);
        auto tmp2180 = tmp2176 ? tmp2175 : static_cast<decltype(tmp2175)>(tmp2179);
        auto tmp2181 = tmp2172 * tmp2180;
        auto tmp2182 = tmp2169 + tmp2181;
        out_ptr0[x3] = static_cast<float>(tmp40);
        out_ptr1[x3] = static_cast<float>(tmp74);
        out_ptr2[x3] = static_cast<float>(tmp108);
        out_ptr3[x3] = static_cast<float>(tmp142);
        out_ptr4[x3] = static_cast<float>(tmp176);
        out_ptr5[x3] = static_cast<float>(tmp210);
        out_ptr6[x3] = static_cast<float>(tmp244);
        out_ptr7[x3] = static_cast<float>(tmp278);
        out_ptr8[x3] = static_cast<float>(tmp312);
        out_ptr9[x3] = static_cast<float>(tmp346);
        out_ptr10[x3] = static_cast<float>(tmp380);
        out_ptr11[x3] = static_cast<float>(tmp414);
        out_ptr12[x3] = static_cast<float>(tmp448);
        out_ptr13[x3] = static_cast<float>(tmp482);
        out_ptr14[x3] = static_cast<float>(tmp516);
        out_ptr15[x3] = static_cast<float>(tmp550);
        out_ptr16[x3] = static_cast<float>(tmp584);
        out_ptr17[x3] = static_cast<float>(tmp618);
        out_ptr18[x3] = static_cast<float>(tmp652);
        out_ptr19[x3] = static_cast<float>(tmp686);
        out_ptr20[x3] = static_cast<float>(tmp720);
        out_ptr21[x3] = static_cast<float>(tmp754);
        out_ptr22[x3] = static_cast<float>(tmp788);
        out_ptr23[x3] = static_cast<float>(tmp822);
        out_ptr24[x3] = static_cast<float>(tmp856);
        out_ptr25[x3] = static_cast<float>(tmp890);
        out_ptr26[x3] = static_cast<float>(tmp924);
        out_ptr27[x3] = static_cast<float>(tmp958);
        out_ptr28[x3] = static_cast<float>(tmp992);
        out_ptr29[x3] = static_cast<float>(tmp1026);
        out_ptr30[x3] = static_cast<float>(tmp1060);
        out_ptr31[x3] = static_cast<float>(tmp1094);
        out_ptr32[x3] = static_cast<float>(tmp1128);
        out_ptr33[x3] = static_cast<float>(tmp1162);
        out_ptr34[x3] = static_cast<float>(tmp1196);
        out_ptr35[x3] = static_cast<float>(tmp1230);
        out_ptr36[x3] = static_cast<float>(tmp1264);
        out_ptr37[x3] = static_cast<float>(tmp1298);
        out_ptr38[x3] = static_cast<float>(tmp1332);
        out_ptr39[x3] = static_cast<float>(tmp1366);
        out_ptr40[x3] = static_cast<float>(tmp1400);
        out_ptr41[x3] = static_cast<float>(tmp1434);
        out_ptr42[x3] = static_cast<float>(tmp1468);
        out_ptr43[x3] = static_cast<float>(tmp1502);
        out_ptr44[x3] = static_cast<float>(tmp1536);
        out_ptr45[x3] = static_cast<float>(tmp1570);
        out_ptr46[x3] = static_cast<float>(tmp1604);
        out_ptr47[x3] = static_cast<float>(tmp1638);
        out_ptr48[x3] = static_cast<float>(tmp1672);
        out_ptr49[x3] = static_cast<float>(tmp1706);
        out_ptr50[x3] = static_cast<float>(tmp1740);
        out_ptr51[x3] = static_cast<float>(tmp1774);
        out_ptr52[x3] = static_cast<float>(tmp1808);
        out_ptr53[x3] = static_cast<float>(tmp1842);
        out_ptr54[x3] = static_cast<float>(tmp1876);
        out_ptr55[x3] = static_cast<float>(tmp1910);
        out_ptr56[x3] = static_cast<float>(tmp1944);
        out_ptr57[x3] = static_cast<float>(tmp1978);
        out_ptr58[x3] = static_cast<float>(tmp2012);
        out_ptr59[x3] = static_cast<float>(tmp2046);
        out_ptr60[x3] = static_cast<float>(tmp2080);
        out_ptr61[x3] = static_cast<float>(tmp2114);
        out_ptr62[x3] = static_cast<float>(tmp2148);
        out_ptr63[x3] = static_cast<float>(tmp2182);
    }




    kernel void generated_kernel_23(
        device float* out_ptr0,
        device float* out_ptr1,
        device float* out_ptr2,
        device float* out_ptr3,
        device float* out_ptr4,
        device float* out_ptr5,
        device float* out_ptr6,
        device float* out_ptr7,
        device float* out_ptr8,
        device float* out_ptr9,
        device float* out_ptr10,
        device float* out_ptr11,
        device float* out_ptr12,
        device float* out_ptr13,
        device float* out_ptr14,
        device float* out_ptr15,
        device float* out_ptr16,
        device float* out_ptr17,
        device float* out_ptr18,
        device float* out_ptr19,
        device float* out_ptr20,
        device float* out_ptr21,
        device float* out_ptr22,
        device float* out_ptr23,
        device float* out_ptr24,
        device float* out_ptr25,
        device float* out_ptr26,
        device float* out_ptr27,
        device float* out_ptr28,
        device float* out_ptr29,
        device float* out_ptr30,
        device float* out_ptr31,
        device float* out_ptr32,
        device float* out_ptr33,
        device float* out_ptr34,
        device float* out_ptr35,
        device float* out_ptr36,
        device float* out_ptr37,
        device float* out_ptr38,
        device float* out_ptr39,
        device float* out_ptr40,
        device float* out_ptr41,
        device float* out_ptr42,
        device float* out_ptr43,
        device float* out_ptr44,
        device float* out_ptr45,
        device float* out_ptr46,
        device float* out_ptr47,
        device float* out_ptr48,
        device float* out_ptr49,
        device float* out_ptr50,
        device float* out_ptr51,
        device float* out_ptr52,
        device float* out_ptr53,
        device float* out_ptr54,
        device float* out_ptr55,
        device float* out_ptr56,
        device float* out_ptr57,
        device float* out_ptr58,
        device float* out_ptr59,
        device float* out_ptr60,
        device float* out_ptr61,
        device float* out_ptr62,
        device float* out_ptr63,
        constant float* in_ptr0,
        constant bfloat* in_ptr1,
        constant bfloat* in_ptr2,
        constant float* in_ptr3,
        constant float* in_ptr4,
        constant float* in_ptr5,
        constant float* in_ptr6,
        constant float* in_ptr7,
        constant float* in_ptr8,
        constant float* in_ptr9,
        constant float* in_ptr10,
        constant float* in_ptr11,
        constant float* in_ptr12,
        constant float* in_ptr13,
        constant float* in_ptr14,
        constant float* in_ptr15,
        constant float* in_ptr16,
        constant float* in_ptr17,
        constant float* in_ptr18,
        constant float* in_ptr19,
        constant float* in_ptr20,
        constant float* in_ptr21,
        constant float* in_ptr22,
        constant float* in_ptr23,
        constant float* in_ptr24,
        constant float* in_ptr25,
        constant float* in_ptr26,
        constant float* in_ptr27,
        constant float* in_ptr28,
        constant float* in_ptr29,
        constant float* in_ptr30,
        constant float* in_ptr31,
        constant float* in_ptr32,
        constant float* in_ptr33,
        constant float* in_ptr34,
        device c10::metal::ErrorMessages* error_buf,
        uint xindex [[thread_position_in_grid]]
    ) {
        int x4 = xindex;
        int x0 = (xindex) % (384);
        int x1 = c10::metal::floor_divide(xindex, 384);
        int x2 = (xindex) % (32);
        int x3 = ((xindex) / (32)) % (12);
        auto tmp0 = in_ptr0[x4];
        auto tmp7 = static_cast<float>(in_ptr1[4096 + x2 + 16384*x1]);
        auto tmp11 = static_cast<float>(in_ptr2[239872 + x3 + 952320*x1]);
        auto tmp13 = in_ptr3[x3];
        auto tmp28 = in_ptr4[x4];
        auto tmp33 = static_cast<float>(in_ptr1[4160 + x2 + 16384*x1]);
        auto tmp36 = static_cast<float>(in_ptr2[243592 + x3 + 952320*x1]);
        auto tmp50 = in_ptr5[x4];
        auto tmp55 = static_cast<float>(in_ptr1[4224 + x2 + 16384*x1]);
        auto tmp58 = static_cast<float>(in_ptr2[247312 + x3 + 952320*x1]);
        auto tmp72 = in_ptr6[x4];
        auto tmp77 = static_cast<float>(in_ptr1[4288 + x2 + 16384*x1]);
        auto tmp80 = static_cast<float>(in_ptr2[251032 + x3 + 952320*x1]);
        auto tmp94 = in_ptr7[x4];
        auto tmp99 = static_cast<float>(in_ptr1[4352 + x2 + 16384*x1]);
        auto tmp102 = static_cast<float>(in_ptr2[254752 + x3 + 952320*x1]);
        auto tmp116 = in_ptr8[x4];
        auto tmp121 = static_cast<float>(in_ptr1[4416 + x2 + 16384*x1]);
        auto tmp124 = static_cast<float>(in_ptr2[258472 + x3 + 952320*x1]);
        auto tmp138 = in_ptr9[x4];
        auto tmp143 = static_cast<float>(in_ptr1[4480 + x2 + 16384*x1]);
        auto tmp146 = static_cast<float>(in_ptr2[262192 + x3 + 952320*x1]);
        auto tmp160 = in_ptr10[x4];
        auto tmp165 = static_cast<float>(in_ptr1[4544 + x2 + 16384*x1]);
        auto tmp168 = static_cast<float>(in_ptr2[265912 + x3 + 952320*x1]);
        auto tmp182 = in_ptr11[x4];
        auto tmp187 = static_cast<float>(in_ptr1[4608 + x2 + 16384*x1]);
        auto tmp190 = static_cast<float>(in_ptr2[269632 + x3 + 952320*x1]);
        auto tmp204 = in_ptr12[x4];
        auto tmp209 = static_cast<float>(in_ptr1[4672 + x2 + 16384*x1]);
        auto tmp212 = static_cast<float>(in_ptr2[273352 + x3 + 952320*x1]);
        auto tmp226 = in_ptr13[x4];
        auto tmp231 = static_cast<float>(in_ptr1[4736 + x2 + 16384*x1]);
        auto tmp234 = static_cast<float>(in_ptr2[277072 + x3 + 952320*x1]);
        auto tmp248 = in_ptr14[x4];
        auto tmp253 = static_cast<float>(in_ptr1[4800 + x2 + 16384*x1]);
        auto tmp256 = static_cast<float>(in_ptr2[280792 + x3 + 952320*x1]);
        auto tmp270 = in_ptr15[x4];
        auto tmp275 = static_cast<float>(in_ptr1[4864 + x2 + 16384*x1]);
        auto tmp278 = static_cast<float>(in_ptr2[284512 + x3 + 952320*x1]);
        auto tmp292 = in_ptr16[x4];
        auto tmp297 = static_cast<float>(in_ptr1[4928 + x2 + 16384*x1]);
        auto tmp300 = static_cast<float>(in_ptr2[288232 + x3 + 952320*x1]);
        auto tmp314 = in_ptr17[x4];
        auto tmp319 = static_cast<float>(in_ptr1[4992 + x2 + 16384*x1]);
        auto tmp322 = static_cast<float>(in_ptr2[291952 + x3 + 952320*x1]);
        auto tmp336 = in_ptr18[x4];
        auto tmp341 = static_cast<float>(in_ptr1[5056 + x2 + 16384*x1]);
        auto tmp344 = static_cast<float>(in_ptr2[295672 + x3 + 952320*x1]);
        auto tmp358 = in_ptr19[x4];
        auto tmp363 = static_cast<float>(in_ptr1[5120 + x2 + 16384*x1]);
        auto tmp366 = static_cast<float>(in_ptr2[299392 + x3 + 952320*x1]);
        auto tmp380 = in_ptr20[x4];
        auto tmp385 = static_cast<float>(in_ptr1[5184 + x2 + 16384*x1]);
        auto tmp388 = static_cast<float>(in_ptr2[303112 + x3 + 952320*x1]);
        auto tmp402 = in_ptr21[x4];
        auto tmp407 = static_cast<float>(in_ptr1[5248 + x2 + 16384*x1]);
        auto tmp410 = static_cast<float>(in_ptr2[306832 + x3 + 952320*x1]);
        auto tmp424 = in_ptr22[x4];
        auto tmp429 = static_cast<float>(in_ptr1[5312 + x2 + 16384*x1]);
        auto tmp432 = static_cast<float>(in_ptr2[310552 + x3 + 952320*x1]);
        auto tmp446 = in_ptr23[x4];
        auto tmp451 = static_cast<float>(in_ptr1[5376 + x2 + 16384*x1]);
        auto tmp454 = static_cast<float>(in_ptr2[314272 + x3 + 952320*x1]);
        auto tmp468 = in_ptr24[x4];
        auto tmp473 = static_cast<float>(in_ptr1[5440 + x2 + 16384*x1]);
        auto tmp476 = static_cast<float>(in_ptr2[317992 + x3 + 952320*x1]);
        auto tmp490 = in_ptr25[x4];
        auto tmp495 = static_cast<float>(in_ptr1[5504 + x2 + 16384*x1]);
        auto tmp498 = static_cast<float>(in_ptr2[321712 + x3 + 952320*x1]);
        auto tmp512 = in_ptr26[x4];
        auto tmp517 = static_cast<float>(in_ptr1[5568 + x2 + 16384*x1]);
        auto tmp520 = static_cast<float>(in_ptr2[325432 + x3 + 952320*x1]);
        auto tmp534 = in_ptr27[x4];
        auto tmp539 = static_cast<float>(in_ptr1[5632 + x2 + 16384*x1]);
        auto tmp542 = static_cast<float>(in_ptr2[329152 + x3 + 952320*x1]);
        auto tmp556 = in_ptr28[x4];
        auto tmp561 = static_cast<float>(in_ptr1[5696 + x2 + 16384*x1]);
        auto tmp564 = static_cast<float>(in_ptr2[332872 + x3 + 952320*x1]);
        auto tmp578 = in_ptr29[x4];
        auto tmp583 = static_cast<float>(in_ptr1[5760 + x2 + 16384*x1]);
        auto tmp586 = static_cast<float>(in_ptr2[336592 + x3 + 952320*x1]);
        auto tmp600 = in_ptr30[x4];
        auto tmp605 = static_cast<float>(in_ptr1[5824 + x2 + 16384*x1]);
        auto tmp608 = static_cast<float>(in_ptr2[340312 + x3 + 952320*x1]);
        auto tmp622 = in_ptr31[x4];
        auto tmp627 = static_cast<float>(in_ptr1[5888 + x2 + 16384*x1]);
        auto tmp630 = static_cast<float>(in_ptr2[344032 + x3 + 952320*x1]);
        auto tmp644 = in_ptr32[x4];
        auto tmp649 = static_cast<float>(in_ptr1[5952 + x2 + 16384*x1]);
        auto tmp652 = static_cast<float>(in_ptr2[347752 + x3 + 952320*x1]);
        auto tmp666 = in_ptr33[x4];
        auto tmp671 = static_cast<float>(in_ptr1[6016 + x2 + 16384*x1]);
        auto tmp674 = static_cast<float>(in_ptr2[351472 + x3 + 952320*x1]);
        auto tmp688 = in_ptr34[x4];
        auto tmp693 = static_cast<float>(in_ptr1[6080 + x2 + 16384*x1]);
        auto tmp696 = static_cast<float>(in_ptr2[355192 + x3 + 952320*x1]);
        auto tmp1 = 0.15915494309189535;
        auto tmp2 = tmp0 * tmp1;
        auto tmp3 = metal::floor(tmp2);
        auto tmp4 = 6.283185307179586;
        auto tmp5 = tmp3 * tmp4;
        auto tmp6 = tmp0 - tmp5;
        auto tmp8 = 3.141592653589793;
        auto tmp9 = tmp7 * tmp8;
        auto tmp10 = static_cast<float>(tmp9);
        auto tmp12 = static_cast<float>(tmp11);
        auto tmp14 = tmp12 + tmp13;
        auto tmp15 = 20.0;
        auto tmp16 = tmp14 > tmp15;
        auto tmp17 = metal::precise::exp(tmp14);
        auto tmp18 = 1;
        auto tmp19 = tmp17 + tmp18;
        auto tmp20 = metal::precise::log(tmp19);
        auto tmp21 = tmp16 ? tmp14 : static_cast<decltype(tmp14)>(tmp20);
        auto tmp22 = tmp10 * tmp21;
        auto tmp23 = tmp6 + tmp22;
        auto tmp24 = tmp23 * tmp1;
        auto tmp25 = metal::floor(tmp24);
        auto tmp26 = tmp25 * tmp4;
        auto tmp27 = tmp23 - tmp26;
        auto tmp29 = tmp28 * tmp1;
        auto tmp30 = metal::floor(tmp29);
        auto tmp31 = tmp30 * tmp4;
        auto tmp32 = tmp28 - tmp31;
        auto tmp34 = tmp33 * tmp8;
        auto tmp35 = static_cast<float>(tmp34);
        auto tmp37 = static_cast<float>(tmp36);
        auto tmp38 = tmp37 + tmp13;
        auto tmp39 = tmp38 > tmp15;
        auto tmp40 = metal::precise::exp(tmp38);
        auto tmp41 = tmp40 + tmp18;
        auto tmp42 = metal::precise::log(tmp41);
        auto tmp43 = tmp39 ? tmp38 : static_cast<decltype(tmp38)>(tmp42);
        auto tmp44 = tmp35 * tmp43;
        auto tmp45 = tmp32 + tmp44;
        auto tmp46 = tmp45 * tmp1;
        auto tmp47 = metal::floor(tmp46);
        auto tmp48 = tmp47 * tmp4;
        auto tmp49 = tmp45 - tmp48;
        auto tmp51 = tmp50 * tmp1;
        auto tmp52 = metal::floor(tmp51);
        auto tmp53 = tmp52 * tmp4;
        auto tmp54 = tmp50 - tmp53;
        auto tmp56 = tmp55 * tmp8;
        auto tmp57 = static_cast<float>(tmp56);
        auto tmp59 = static_cast<float>(tmp58);
        auto tmp60 = tmp59 + tmp13;
        auto tmp61 = tmp60 > tmp15;
        auto tmp62 = metal::precise::exp(tmp60);
        auto tmp63 = tmp62 + tmp18;
        auto tmp64 = metal::precise::log(tmp63);
        auto tmp65 = tmp61 ? tmp60 : static_cast<decltype(tmp60)>(tmp64);
        auto tmp66 = tmp57 * tmp65;
        auto tmp67 = tmp54 + tmp66;
        auto tmp68 = tmp67 * tmp1;
        auto tmp69 = metal::floor(tmp68);
        auto tmp70 = tmp69 * tmp4;
        auto tmp71 = tmp67 - tmp70;
        auto tmp73 = tmp72 * tmp1;
        auto tmp74 = metal::floor(tmp73);
        auto tmp75 = tmp74 * tmp4;
        auto tmp76 = tmp72 - tmp75;
        auto tmp78 = tmp77 * tmp8;
        auto tmp79 = static_cast<float>(tmp78);
        auto tmp81 = static_cast<float>(tmp80);
        auto tmp82 = tmp81 + tmp13;
        auto tmp83 = tmp82 > tmp15;
        auto tmp84 = metal::precise::exp(tmp82);
        auto tmp85 = tmp84 + tmp18;
        auto tmp86 = metal::precise::log(tmp85);
        auto tmp87 = tmp83 ? tmp82 : static_cast<decltype(tmp82)>(tmp86);
        auto tmp88 = tmp79 * tmp87;
        auto tmp89 = tmp76 + tmp88;
        auto tmp90 = tmp89 * tmp1;
        auto tmp91 = metal::floor(tmp90);
        auto tmp92 = tmp91 * tmp4;
        auto tmp93 = tmp89 - tmp92;
        auto tmp95 = tmp94 * tmp1;
        auto tmp96 = metal::floor(tmp95);
        auto tmp97 = tmp96 * tmp4;
        auto tmp98 = tmp94 - tmp97;
        auto tmp100 = tmp99 * tmp8;
        auto tmp101 = static_cast<float>(tmp100);
        auto tmp103 = static_cast<float>(tmp102);
        auto tmp104 = tmp103 + tmp13;
        auto tmp105 = tmp104 > tmp15;
        auto tmp106 = metal::precise::exp(tmp104);
        auto tmp107 = tmp106 + tmp18;
        auto tmp108 = metal::precise::log(tmp107);
        auto tmp109 = tmp105 ? tmp104 : static_cast<decltype(tmp104)>(tmp108);
        auto tmp110 = tmp101 * tmp109;
        auto tmp111 = tmp98 + tmp110;
        auto tmp112 = tmp111 * tmp1;
        auto tmp113 = metal::floor(tmp112);
        auto tmp114 = tmp113 * tmp4;
        auto tmp115 = tmp111 - tmp114;
        auto tmp117 = tmp116 * tmp1;
        auto tmp118 = metal::floor(tmp117);
        auto tmp119 = tmp118 * tmp4;
        auto tmp120 = tmp116 - tmp119;
        auto tmp122 = tmp121 * tmp8;
        auto tmp123 = static_cast<float>(tmp122);
        auto tmp125 = static_cast<float>(tmp124);
        auto tmp126 = tmp125 + tmp13;
        auto tmp127 = tmp126 > tmp15;
        auto tmp128 = metal::precise::exp(tmp126);
        auto tmp129 = tmp128 + tmp18;
        auto tmp130 = metal::precise::log(tmp129);
        auto tmp131 = tmp127 ? tmp126 : static_cast<decltype(tmp126)>(tmp130);
        auto tmp132 = tmp123 * tmp131;
        auto tmp133 = tmp120 + tmp132;
        auto tmp134 = tmp133 * tmp1;
        auto tmp135 = metal::floor(tmp134);
        auto tmp136 = tmp135 * tmp4;
        auto tmp137 = tmp133 - tmp136;
        auto tmp139 = tmp138 * tmp1;
        auto tmp140 = metal::floor(tmp139);
        auto tmp141 = tmp140 * tmp4;
        auto tmp142 = tmp138 - tmp141;
        auto tmp144 = tmp143 * tmp8;
        auto tmp145 = static_cast<float>(tmp144);
        auto tmp147 = static_cast<float>(tmp146);
        auto tmp148 = tmp147 + tmp13;
        auto tmp149 = tmp148 > tmp15;
        auto tmp150 = metal::precise::exp(tmp148);
        auto tmp151 = tmp150 + tmp18;
        auto tmp152 = metal::precise::log(tmp151);
        auto tmp153 = tmp149 ? tmp148 : static_cast<decltype(tmp148)>(tmp152);
        auto tmp154 = tmp145 * tmp153;
        auto tmp155 = tmp142 + tmp154;
        auto tmp156 = tmp155 * tmp1;
        auto tmp157 = metal::floor(tmp156);
        auto tmp158 = tmp157 * tmp4;
        auto tmp159 = tmp155 - tmp158;
        auto tmp161 = tmp160 * tmp1;
        auto tmp162 = metal::floor(tmp161);
        auto tmp163 = tmp162 * tmp4;
        auto tmp164 = tmp160 - tmp163;
        auto tmp166 = tmp165 * tmp8;
        auto tmp167 = static_cast<float>(tmp166);
        auto tmp169 = static_cast<float>(tmp168);
        auto tmp170 = tmp169 + tmp13;
        auto tmp171 = tmp170 > tmp15;
        auto tmp172 = metal::precise::exp(tmp170);
        auto tmp173 = tmp172 + tmp18;
        auto tmp174 = metal::precise::log(tmp173);
        auto tmp175 = tmp171 ? tmp170 : static_cast<decltype(tmp170)>(tmp174);
        auto tmp176 = tmp167 * tmp175;
        auto tmp177 = tmp164 + tmp176;
        auto tmp178 = tmp177 * tmp1;
        auto tmp179 = metal::floor(tmp178);
        auto tmp180 = tmp179 * tmp4;
        auto tmp181 = tmp177 - tmp180;
        auto tmp183 = tmp182 * tmp1;
        auto tmp184 = metal::floor(tmp183);
        auto tmp185 = tmp184 * tmp4;
        auto tmp186 = tmp182 - tmp185;
        auto tmp188 = tmp187 * tmp8;
        auto tmp189 = static_cast<float>(tmp188);
        auto tmp191 = static_cast<float>(tmp190);
        auto tmp192 = tmp191 + tmp13;
        auto tmp193 = tmp192 > tmp15;
        auto tmp194 = metal::precise::exp(tmp192);
        auto tmp195 = tmp194 + tmp18;
        auto tmp196 = metal::precise::log(tmp195);
        auto tmp197 = tmp193 ? tmp192 : static_cast<decltype(tmp192)>(tmp196);
        auto tmp198 = tmp189 * tmp197;
        auto tmp199 = tmp186 + tmp198;
        auto tmp200 = tmp199 * tmp1;
        auto tmp201 = metal::floor(tmp200);
        auto tmp202 = tmp201 * tmp4;
        auto tmp203 = tmp199 - tmp202;
        auto tmp205 = tmp204 * tmp1;
        auto tmp206 = metal::floor(tmp205);
        auto tmp207 = tmp206 * tmp4;
        auto tmp208 = tmp204 - tmp207;
        auto tmp210 = tmp209 * tmp8;
        auto tmp211 = static_cast<float>(tmp210);
        auto tmp213 = static_cast<float>(tmp212);
        auto tmp214 = tmp213 + tmp13;
        auto tmp215 = tmp214 > tmp15;
        auto tmp216 = metal::precise::exp(tmp214);
        auto tmp217 = tmp216 + tmp18;
        auto tmp218 = metal::precise::log(tmp217);
        auto tmp219 = tmp215 ? tmp214 : static_cast<decltype(tmp214)>(tmp218);
        auto tmp220 = tmp211 * tmp219;
        auto tmp221 = tmp208 + tmp220;
        auto tmp222 = tmp221 * tmp1;
        auto tmp223 = metal::floor(tmp222);
        auto tmp224 = tmp223 * tmp4;
        auto tmp225 = tmp221 - tmp224;
        auto tmp227 = tmp226 * tmp1;
        auto tmp228 = metal::floor(tmp227);
        auto tmp229 = tmp228 * tmp4;
        auto tmp230 = tmp226 - tmp229;
        auto tmp232 = tmp231 * tmp8;
        auto tmp233 = static_cast<float>(tmp232);
        auto tmp235 = static_cast<float>(tmp234);
        auto tmp236 = tmp235 + tmp13;
        auto tmp237 = tmp236 > tmp15;
        auto tmp238 = metal::precise::exp(tmp236);
        auto tmp239 = tmp238 + tmp18;
        auto tmp240 = metal::precise::log(tmp239);
        auto tmp241 = tmp237 ? tmp236 : static_cast<decltype(tmp236)>(tmp240);
        auto tmp242 = tmp233 * tmp241;
        auto tmp243 = tmp230 + tmp242;
        auto tmp244 = tmp243 * tmp1;
        auto tmp245 = metal::floor(tmp244);
        auto tmp246 = tmp245 * tmp4;
        auto tmp247 = tmp243 - tmp246;
        auto tmp249 = tmp248 * tmp1;
        auto tmp250 = metal::floor(tmp249);
        auto tmp251 = tmp250 * tmp4;
        auto tmp252 = tmp248 - tmp251;
        auto tmp254 = tmp253 * tmp8;
        auto tmp255 = static_cast<float>(tmp254);
        auto tmp257 = static_cast<float>(tmp256);
        auto tmp258 = tmp257 + tmp13;
        auto tmp259 = tmp258 > tmp15;
        auto tmp260 = metal::precise::exp(tmp258);
        auto tmp261 = tmp260 + tmp18;
        auto tmp262 = metal::precise::log(tmp261);
        auto tmp263 = tmp259 ? tmp258 : static_cast<decltype(tmp258)>(tmp262);
        auto tmp264 = tmp255 * tmp263;
        auto tmp265 = tmp252 + tmp264;
        auto tmp266 = tmp265 * tmp1;
        auto tmp267 = metal::floor(tmp266);
        auto tmp268 = tmp267 * tmp4;
        auto tmp269 = tmp265 - tmp268;
        auto tmp271 = tmp270 * tmp1;
        auto tmp272 = metal::floor(tmp271);
        auto tmp273 = tmp272 * tmp4;
        auto tmp274 = tmp270 - tmp273;
        auto tmp276 = tmp275 * tmp8;
        auto tmp277 = static_cast<float>(tmp276);
        auto tmp279 = static_cast<float>(tmp278);
        auto tmp280 = tmp279 + tmp13;
        auto tmp281 = tmp280 > tmp15;
        auto tmp282 = metal::precise::exp(tmp280);
        auto tmp283 = tmp282 + tmp18;
        auto tmp284 = metal::precise::log(tmp283);
        auto tmp285 = tmp281 ? tmp280 : static_cast<decltype(tmp280)>(tmp284);
        auto tmp286 = tmp277 * tmp285;
        auto tmp287 = tmp274 + tmp286;
        auto tmp288 = tmp287 * tmp1;
        auto tmp289 = metal::floor(tmp288);
        auto tmp290 = tmp289 * tmp4;
        auto tmp291 = tmp287 - tmp290;
        auto tmp293 = tmp292 * tmp1;
        auto tmp294 = metal::floor(tmp293);
        auto tmp295 = tmp294 * tmp4;
        auto tmp296 = tmp292 - tmp295;
        auto tmp298 = tmp297 * tmp8;
        auto tmp299 = static_cast<float>(tmp298);
        auto tmp301 = static_cast<float>(tmp300);
        auto tmp302 = tmp301 + tmp13;
        auto tmp303 = tmp302 > tmp15;
        auto tmp304 = metal::precise::exp(tmp302);
        auto tmp305 = tmp304 + tmp18;
        auto tmp306 = metal::precise::log(tmp305);
        auto tmp307 = tmp303 ? tmp302 : static_cast<decltype(tmp302)>(tmp306);
        auto tmp308 = tmp299 * tmp307;
        auto tmp309 = tmp296 + tmp308;
        auto tmp310 = tmp309 * tmp1;
        auto tmp311 = metal::floor(tmp310);
        auto tmp312 = tmp311 * tmp4;
        auto tmp313 = tmp309 - tmp312;
        auto tmp315 = tmp314 * tmp1;
        auto tmp316 = metal::floor(tmp315);
        auto tmp317 = tmp316 * tmp4;
        auto tmp318 = tmp314 - tmp317;
        auto tmp320 = tmp319 * tmp8;
        auto tmp321 = static_cast<float>(tmp320);
        auto tmp323 = static_cast<float>(tmp322);
        auto tmp324 = tmp323 + tmp13;
        auto tmp325 = tmp324 > tmp15;
        auto tmp326 = metal::precise::exp(tmp324);
        auto tmp327 = tmp326 + tmp18;
        auto tmp328 = metal::precise::log(tmp327);
        auto tmp329 = tmp325 ? tmp324 : static_cast<decltype(tmp324)>(tmp328);
        auto tmp330 = tmp321 * tmp329;
        auto tmp331 = tmp318 + tmp330;
        auto tmp332 = tmp331 * tmp1;
        auto tmp333 = metal::floor(tmp332);
        auto tmp334 = tmp333 * tmp4;
        auto tmp335 = tmp331 - tmp334;
        auto tmp337 = tmp336 * tmp1;
        auto tmp338 = metal::floor(tmp337);
        auto tmp339 = tmp338 * tmp4;
        auto tmp340 = tmp336 - tmp339;
        auto tmp342 = tmp341 * tmp8;
        auto tmp343 = static_cast<float>(tmp342);
        auto tmp345 = static_cast<float>(tmp344);
        auto tmp346 = tmp345 + tmp13;
        auto tmp347 = tmp346 > tmp15;
        auto tmp348 = metal::precise::exp(tmp346);
        auto tmp349 = tmp348 + tmp18;
        auto tmp350 = metal::precise::log(tmp349);
        auto tmp351 = tmp347 ? tmp346 : static_cast<decltype(tmp346)>(tmp350);
        auto tmp352 = tmp343 * tmp351;
        auto tmp353 = tmp340 + tmp352;
        auto tmp354 = tmp353 * tmp1;
        auto tmp355 = metal::floor(tmp354);
        auto tmp356 = tmp355 * tmp4;
        auto tmp357 = tmp353 - tmp356;
        auto tmp359 = tmp358 * tmp1;
        auto tmp360 = metal::floor(tmp359);
        auto tmp361 = tmp360 * tmp4;
        auto tmp362 = tmp358 - tmp361;
        auto tmp364 = tmp363 * tmp8;
        auto tmp365 = static_cast<float>(tmp364);
        auto tmp367 = static_cast<float>(tmp366);
        auto tmp368 = tmp367 + tmp13;
        auto tmp369 = tmp368 > tmp15;
        auto tmp370 = metal::precise::exp(tmp368);
        auto tmp371 = tmp370 + tmp18;
        auto tmp372 = metal::precise::log(tmp371);
        auto tmp373 = tmp369 ? tmp368 : static_cast<decltype(tmp368)>(tmp372);
        auto tmp374 = tmp365 * tmp373;
        auto tmp375 = tmp362 + tmp374;
        auto tmp376 = tmp375 * tmp1;
        auto tmp377 = metal::floor(tmp376);
        auto tmp378 = tmp377 * tmp4;
        auto tmp379 = tmp375 - tmp378;
        auto tmp381 = tmp380 * tmp1;
        auto tmp382 = metal::floor(tmp381);
        auto tmp383 = tmp382 * tmp4;
        auto tmp384 = tmp380 - tmp383;
        auto tmp386 = tmp385 * tmp8;
        auto tmp387 = static_cast<float>(tmp386);
        auto tmp389 = static_cast<float>(tmp388);
        auto tmp390 = tmp389 + tmp13;
        auto tmp391 = tmp390 > tmp15;
        auto tmp392 = metal::precise::exp(tmp390);
        auto tmp393 = tmp392 + tmp18;
        auto tmp394 = metal::precise::log(tmp393);
        auto tmp395 = tmp391 ? tmp390 : static_cast<decltype(tmp390)>(tmp394);
        auto tmp396 = tmp387 * tmp395;
        auto tmp397 = tmp384 + tmp396;
        auto tmp398 = tmp397 * tmp1;
        auto tmp399 = metal::floor(tmp398);
        auto tmp400 = tmp399 * tmp4;
        auto tmp401 = tmp397 - tmp400;
        auto tmp403 = tmp402 * tmp1;
        auto tmp404 = metal::floor(tmp403);
        auto tmp405 = tmp404 * tmp4;
        auto tmp406 = tmp402 - tmp405;
        auto tmp408 = tmp407 * tmp8;
        auto tmp409 = static_cast<float>(tmp408);
        auto tmp411 = static_cast<float>(tmp410);
        auto tmp412 = tmp411 + tmp13;
        auto tmp413 = tmp412 > tmp15;
        auto tmp414 = metal::precise::exp(tmp412);
        auto tmp415 = tmp414 + tmp18;
        auto tmp416 = metal::precise::log(tmp415);
        auto tmp417 = tmp413 ? tmp412 : static_cast<decltype(tmp412)>(tmp416);
        auto tmp418 = tmp409 * tmp417;
        auto tmp419 = tmp406 + tmp418;
        auto tmp420 = tmp419 * tmp1;
        auto tmp421 = metal::floor(tmp420);
        auto tmp422 = tmp421 * tmp4;
        auto tmp423 = tmp419 - tmp422;
        auto tmp425 = tmp424 * tmp1;
        auto tmp426 = metal::floor(tmp425);
        auto tmp427 = tmp426 * tmp4;
        auto tmp428 = tmp424 - tmp427;
        auto tmp430 = tmp429 * tmp8;
        auto tmp431 = static_cast<float>(tmp430);
        auto tmp433 = static_cast<float>(tmp432);
        auto tmp434 = tmp433 + tmp13;
        auto tmp435 = tmp434 > tmp15;
        auto tmp436 = metal::precise::exp(tmp434);
        auto tmp437 = tmp436 + tmp18;
        auto tmp438 = metal::precise::log(tmp437);
        auto tmp439 = tmp435 ? tmp434 : static_cast<decltype(tmp434)>(tmp438);
        auto tmp440 = tmp431 * tmp439;
        auto tmp441 = tmp428 + tmp440;
        auto tmp442 = tmp441 * tmp1;
        auto tmp443 = metal::floor(tmp442);
        auto tmp444 = tmp443 * tmp4;
        auto tmp445 = tmp441 - tmp444;
        auto tmp447 = tmp446 * tmp1;
        auto tmp448 = metal::floor(tmp447);
        auto tmp449 = tmp448 * tmp4;
        auto tmp450 = tmp446 - tmp449;
        auto tmp452 = tmp451 * tmp8;
        auto tmp453 = static_cast<float>(tmp452);
        auto tmp455 = static_cast<float>(tmp454);
        auto tmp456 = tmp455 + tmp13;
        auto tmp457 = tmp456 > tmp15;
        auto tmp458 = metal::precise::exp(tmp456);
        auto tmp459 = tmp458 + tmp18;
        auto tmp460 = metal::precise::log(tmp459);
        auto tmp461 = tmp457 ? tmp456 : static_cast<decltype(tmp456)>(tmp460);
        auto tmp462 = tmp453 * tmp461;
        auto tmp463 = tmp450 + tmp462;
        auto tmp464 = tmp463 * tmp1;
        auto tmp465 = metal::floor(tmp464);
        auto tmp466 = tmp465 * tmp4;
        auto tmp467 = tmp463 - tmp466;
        auto tmp469 = tmp468 * tmp1;
        auto tmp470 = metal::floor(tmp469);
        auto tmp471 = tmp470 * tmp4;
        auto tmp472 = tmp468 - tmp471;
        auto tmp474 = tmp473 * tmp8;
        auto tmp475 = static_cast<float>(tmp474);
        auto tmp477 = static_cast<float>(tmp476);
        auto tmp478 = tmp477 + tmp13;
        auto tmp479 = tmp478 > tmp15;
        auto tmp480 = metal::precise::exp(tmp478);
        auto tmp481 = tmp480 + tmp18;
        auto tmp482 = metal::precise::log(tmp481);
        auto tmp483 = tmp479 ? tmp478 : static_cast<decltype(tmp478)>(tmp482);
        auto tmp484 = tmp475 * tmp483;
        auto tmp485 = tmp472 + tmp484;
        auto tmp486 = tmp485 * tmp1;
        auto tmp487 = metal::floor(tmp486);
        auto tmp488 = tmp487 * tmp4;
        auto tmp489 = tmp485 - tmp488;
        auto tmp491 = tmp490 * tmp1;
        auto tmp492 = metal::floor(tmp491);
        auto tmp493 = tmp492 * tmp4;
        auto tmp494 = tmp490 - tmp493;
        auto tmp496 = tmp495 * tmp8;
        auto tmp497 = static_cast<float>(tmp496);
        auto tmp499 = static_cast<float>(tmp498);
        auto tmp500 = tmp499 + tmp13;
        auto tmp501 = tmp500 > tmp15;
        auto tmp502 = metal::precise::exp(tmp500);
        auto tmp503 = tmp502 + tmp18;
        auto tmp504 = metal::precise::log(tmp503);
        auto tmp505 = tmp501 ? tmp500 : static_cast<decltype(tmp500)>(tmp504);
        auto tmp506 = tmp497 * tmp505;
        auto tmp507 = tmp494 + tmp506;
        auto tmp508 = tmp507 * tmp1;
        auto tmp509 = metal::floor(tmp508);
        auto tmp510 = tmp509 * tmp4;
        auto tmp511 = tmp507 - tmp510;
        auto tmp513 = tmp512 * tmp1;
        auto tmp514 = metal::floor(tmp513);
        auto tmp515 = tmp514 * tmp4;
        auto tmp516 = tmp512 - tmp515;
        auto tmp518 = tmp517 * tmp8;
        auto tmp519 = static_cast<float>(tmp518);
        auto tmp521 = static_cast<float>(tmp520);
        auto tmp522 = tmp521 + tmp13;
        auto tmp523 = tmp522 > tmp15;
        auto tmp524 = metal::precise::exp(tmp522);
        auto tmp525 = tmp524 + tmp18;
        auto tmp526 = metal::precise::log(tmp525);
        auto tmp527 = tmp523 ? tmp522 : static_cast<decltype(tmp522)>(tmp526);
        auto tmp528 = tmp519 * tmp527;
        auto tmp529 = tmp516 + tmp528;
        auto tmp530 = tmp529 * tmp1;
        auto tmp531 = metal::floor(tmp530);
        auto tmp532 = tmp531 * tmp4;
        auto tmp533 = tmp529 - tmp532;
        auto tmp535 = tmp534 * tmp1;
        auto tmp536 = metal::floor(tmp535);
        auto tmp537 = tmp536 * tmp4;
        auto tmp538 = tmp534 - tmp537;
        auto tmp540 = tmp539 * tmp8;
        auto tmp541 = static_cast<float>(tmp540);
        auto tmp543 = static_cast<float>(tmp542);
        auto tmp544 = tmp543 + tmp13;
        auto tmp545 = tmp544 > tmp15;
        auto tmp546 = metal::precise::exp(tmp544);
        auto tmp547 = tmp546 + tmp18;
        auto tmp548 = metal::precise::log(tmp547);
        auto tmp549 = tmp545 ? tmp544 : static_cast<decltype(tmp544)>(tmp548);
        auto tmp550 = tmp541 * tmp549;
        auto tmp551 = tmp538 + tmp550;
        auto tmp552 = tmp551 * tmp1;
        auto tmp553 = metal::floor(tmp552);
        auto tmp554 = tmp553 * tmp4;
        auto tmp555 = tmp551 - tmp554;
        auto tmp557 = tmp556 * tmp1;
        auto tmp558 = metal::floor(tmp557);
        auto tmp559 = tmp558 * tmp4;
        auto tmp560 = tmp556 - tmp559;
        auto tmp562 = tmp561 * tmp8;
        auto tmp563 = static_cast<float>(tmp562);
        auto tmp565 = static_cast<float>(tmp564);
        auto tmp566 = tmp565 + tmp13;
        auto tmp567 = tmp566 > tmp15;
        auto tmp568 = metal::precise::exp(tmp566);
        auto tmp569 = tmp568 + tmp18;
        auto tmp570 = metal::precise::log(tmp569);
        auto tmp571 = tmp567 ? tmp566 : static_cast<decltype(tmp566)>(tmp570);
        auto tmp572 = tmp563 * tmp571;
        auto tmp573 = tmp560 + tmp572;
        auto tmp574 = tmp573 * tmp1;
        auto tmp575 = metal::floor(tmp574);
        auto tmp576 = tmp575 * tmp4;
        auto tmp577 = tmp573 - tmp576;
        auto tmp579 = tmp578 * tmp1;
        auto tmp580 = metal::floor(tmp579);
        auto tmp581 = tmp580 * tmp4;
        auto tmp582 = tmp578 - tmp581;
        auto tmp584 = tmp583 * tmp8;
        auto tmp585 = static_cast<float>(tmp584);
        auto tmp587 = static_cast<float>(tmp586);
        auto tmp588 = tmp587 + tmp13;
        auto tmp589 = tmp588 > tmp15;
        auto tmp590 = metal::precise::exp(tmp588);
        auto tmp591 = tmp590 + tmp18;
        auto tmp592 = metal::precise::log(tmp591);
        auto tmp593 = tmp589 ? tmp588 : static_cast<decltype(tmp588)>(tmp592);
        auto tmp594 = tmp585 * tmp593;
        auto tmp595 = tmp582 + tmp594;
        auto tmp596 = tmp595 * tmp1;
        auto tmp597 = metal::floor(tmp596);
        auto tmp598 = tmp597 * tmp4;
        auto tmp599 = tmp595 - tmp598;
        auto tmp601 = tmp600 * tmp1;
        auto tmp602 = metal::floor(tmp601);
        auto tmp603 = tmp602 * tmp4;
        auto tmp604 = tmp600 - tmp603;
        auto tmp606 = tmp605 * tmp8;
        auto tmp607 = static_cast<float>(tmp606);
        auto tmp609 = static_cast<float>(tmp608);
        auto tmp610 = tmp609 + tmp13;
        auto tmp611 = tmp610 > tmp15;
        auto tmp612 = metal::precise::exp(tmp610);
        auto tmp613 = tmp612 + tmp18;
        auto tmp614 = metal::precise::log(tmp613);
        auto tmp615 = tmp611 ? tmp610 : static_cast<decltype(tmp610)>(tmp614);
        auto tmp616 = tmp607 * tmp615;
        auto tmp617 = tmp604 + tmp616;
        auto tmp618 = tmp617 * tmp1;
        auto tmp619 = metal::floor(tmp618);
        auto tmp620 = tmp619 * tmp4;
        auto tmp621 = tmp617 - tmp620;
        auto tmp623 = tmp622 * tmp1;
        auto tmp624 = metal::floor(tmp623);
        auto tmp625 = tmp624 * tmp4;
        auto tmp626 = tmp622 - tmp625;
        auto tmp628 = tmp627 * tmp8;
        auto tmp629 = static_cast<float>(tmp628);
        auto tmp631 = static_cast<float>(tmp630);
        auto tmp632 = tmp631 + tmp13;
        auto tmp633 = tmp632 > tmp15;
        auto tmp634 = metal::precise::exp(tmp632);
        auto tmp635 = tmp634 + tmp18;
        auto tmp636 = metal::precise::log(tmp635);
        auto tmp637 = tmp633 ? tmp632 : static_cast<decltype(tmp632)>(tmp636);
        auto tmp638 = tmp629 * tmp637;
        auto tmp639 = tmp626 + tmp638;
        auto tmp640 = tmp639 * tmp1;
        auto tmp641 = metal::floor(tmp640);
        auto tmp642 = tmp641 * tmp4;
        auto tmp643 = tmp639 - tmp642;
        auto tmp645 = tmp644 * tmp1;
        auto tmp646 = metal::floor(tmp645);
        auto tmp647 = tmp646 * tmp4;
        auto tmp648 = tmp644 - tmp647;
        auto tmp650 = tmp649 * tmp8;
        auto tmp651 = static_cast<float>(tmp650);
        auto tmp653 = static_cast<float>(tmp652);
        auto tmp654 = tmp653 + tmp13;
        auto tmp655 = tmp654 > tmp15;
        auto tmp656 = metal::precise::exp(tmp654);
        auto tmp657 = tmp656 + tmp18;
        auto tmp658 = metal::precise::log(tmp657);
        auto tmp659 = tmp655 ? tmp654 : static_cast<decltype(tmp654)>(tmp658);
        auto tmp660 = tmp651 * tmp659;
        auto tmp661 = tmp648 + tmp660;
        auto tmp662 = tmp661 * tmp1;
        auto tmp663 = metal::floor(tmp662);
        auto tmp664 = tmp663 * tmp4;
        auto tmp665 = tmp661 - tmp664;
        auto tmp667 = tmp666 * tmp1;
        auto tmp668 = metal::floor(tmp667);
        auto tmp669 = tmp668 * tmp4;
        auto tmp670 = tmp666 - tmp669;
        auto tmp672 = tmp671 * tmp8;
        auto tmp673 = static_cast<float>(tmp672);
        auto tmp675 = static_cast<float>(tmp674);
        auto tmp676 = tmp675 + tmp13;
        auto tmp677 = tmp676 > tmp15;
        auto tmp678 = metal::precise::exp(tmp676);
        auto tmp679 = tmp678 + tmp18;
        auto tmp680 = metal::precise::log(tmp679);
        auto tmp681 = tmp677 ? tmp676 : static_cast<decltype(tmp676)>(tmp680);
        auto tmp682 = tmp673 * tmp681;
        auto tmp683 = tmp670 + tmp682;
        auto tmp684 = tmp683 * tmp1;
        auto tmp685 = metal::floor(tmp684);
        auto tmp686 = tmp685 * tmp4;
        auto tmp687 = tmp683 - tmp686;
        auto tmp689 = tmp688 * tmp1;
        auto tmp690 = metal::floor(tmp689);
        auto tmp691 = tmp690 * tmp4;
        auto tmp692 = tmp688 - tmp691;
        auto tmp694 = tmp693 * tmp8;
        auto tmp695 = static_cast<float>(tmp694);
        auto tmp697 = static_cast<float>(tmp696);
        auto tmp698 = tmp697 + tmp13;
        auto tmp699 = tmp698 > tmp15;
        auto tmp700 = metal::precise::exp(tmp698);
        auto tmp701 = tmp700 + tmp18;
        auto tmp702 = metal::precise::log(tmp701);
        auto tmp703 = tmp699 ? tmp698 : static_cast<decltype(tmp698)>(tmp702);
        auto tmp704 = tmp695 * tmp703;
        auto tmp705 = tmp692 + tmp704;
        auto tmp706 = tmp705 * tmp1;
        auto tmp707 = metal::floor(tmp706);
        auto tmp708 = tmp707 * tmp4;
        auto tmp709 = tmp705 - tmp708;
        out_ptr0[x0 + 196608*x1] = static_cast<float>(tmp6);
        out_ptr1[x0 + 196608*x1] = static_cast<float>(tmp27);
        out_ptr2[x0 + 196608*x1] = static_cast<float>(tmp32);
        out_ptr3[x0 + 196608*x1] = static_cast<float>(tmp49);
        out_ptr4[x0 + 196608*x1] = static_cast<float>(tmp54);
        out_ptr5[x0 + 196608*x1] = static_cast<float>(tmp71);
        out_ptr6[x0 + 196608*x1] = static_cast<float>(tmp76);
        out_ptr7[x0 + 196608*x1] = static_cast<float>(tmp93);
        out_ptr8[x0 + 196608*x1] = static_cast<float>(tmp98);
        out_ptr9[x0 + 196608*x1] = static_cast<float>(tmp115);
        out_ptr10[x0 + 196608*x1] = static_cast<float>(tmp120);
        out_ptr11[x0 + 196608*x1] = static_cast<float>(tmp137);
        out_ptr12[x0 + 196608*x1] = static_cast<float>(tmp142);
        out_ptr13[x0 + 196608*x1] = static_cast<float>(tmp159);
        out_ptr14[x0 + 196608*x1] = static_cast<float>(tmp164);
        out_ptr15[x0 + 196608*x1] = static_cast<float>(tmp181);
        out_ptr16[x0 + 196608*x1] = static_cast<float>(tmp186);
        out_ptr17[x0 + 196608*x1] = static_cast<float>(tmp203);
        out_ptr18[x0 + 196608*x1] = static_cast<float>(tmp208);
        out_ptr19[x0 + 196608*x1] = static_cast<float>(tmp225);
        out_ptr20[x0 + 196608*x1] = static_cast<float>(tmp230);
        out_ptr21[x0 + 196608*x1] = static_cast<float>(tmp247);
        out_ptr22[x0 + 196608*x1] = static_cast<float>(tmp252);
        out_ptr23[x0 + 196608*x1] = static_cast<float>(tmp269);
        out_ptr24[x0 + 196608*x1] = static_cast<float>(tmp274);
        out_ptr25[x0 + 196608*x1] = static_cast<float>(tmp291);
        out_ptr26[x0 + 196608*x1] = static_cast<float>(tmp296);
        out_ptr27[x0 + 196608*x1] = static_cast<float>(tmp313);
        out_ptr28[x0 + 196608*x1] = static_cast<float>(tmp318);
        out_ptr29[x0 + 196608*x1] = static_cast<float>(tmp335);
        out_ptr30[x0 + 196608*x1] = static_cast<float>(tmp340);
        out_ptr31[x0 + 196608*x1] = static_cast<float>(tmp357);
        out_ptr32[x0 + 196608*x1] = static_cast<float>(tmp362);
        out_ptr33[x0 + 196608*x1] = static_cast<float>(tmp379);
        out_ptr34[x0 + 196608*x1] = static_cast<float>(tmp384);
        out_ptr35[x0 + 196608*x1] = static_cast<float>(tmp401);
        out_ptr36[x0 + 196608*x1] = static_cast<float>(tmp406);
        out_ptr37[x0 + 196608*x1] = static_cast<float>(tmp423);
        out_ptr38[x0 + 196608*x1] = static_cast<float>(tmp428);
        out_ptr39[x0 + 196608*x1] = static_cast<float>(tmp445);
        out_ptr40[x0 + 196608*x1] = static_cast<float>(tmp450);
        out_ptr41[x0 + 196608*x1] = static_cast<float>(tmp467);
        out_ptr42[x0 + 196608*x1] = static_cast<float>(tmp472);
        out_ptr43[x0 + 196608*x1] = static_cast<float>(tmp489);
        out_ptr44[x0 + 196608*x1] = static_cast<float>(tmp494);
        out_ptr45[x0 + 196608*x1] = static_cast<float>(tmp511);
        out_ptr46[x0 + 196608*x1] = static_cast<float>(tmp516);
        out_ptr47[x0 + 196608*x1] = static_cast<float>(tmp533);
        out_ptr48[x0 + 196608*x1] = static_cast<float>(tmp538);
        out_ptr49[x0 + 196608*x1] = static_cast<float>(tmp555);
        out_ptr50[x0 + 196608*x1] = static_cast<float>(tmp560);
        out_ptr51[x0 + 196608*x1] = static_cast<float>(tmp577);
        out_ptr52[x0 + 196608*x1] = static_cast<float>(tmp582);
        out_ptr53[x0 + 196608*x1] = static_cast<float>(tmp599);
        out_ptr54[x0 + 196608*x1] = static_cast<float>(tmp604);
        out_ptr55[x0 + 196608*x1] = static_cast<float>(tmp621);
        out_ptr56[x0 + 196608*x1] = static_cast<float>(tmp626);
        out_ptr57[x0 + 196608*x1] = static_cast<float>(tmp643);
        out_ptr58[x0 + 196608*x1] = static_cast<float>(tmp648);
        out_ptr59[x0 + 196608*x1] = static_cast<float>(tmp665);
        out_ptr60[x0 + 196608*x1] = static_cast<float>(tmp670);
        out_ptr61[x0 + 196608*x1] = static_cast<float>(tmp687);
        out_ptr62[x0 + 196608*x1] = static_cast<float>(tmp692);
        out_ptr63[x0 + 196608*x1] = static_cast<float>(tmp709);
    }




    kernel void generated_kernel_24(
        device float* out_ptr0,
        device float* out_ptr1,
        device float* out_ptr2,
        device float* out_ptr3,
        device float* out_ptr4,
        device float* out_ptr5,
        device float* out_ptr6,
        device float* out_ptr7,
        device float* out_ptr8,
        device float* out_ptr9,
        device float* out_ptr10,
        device float* out_ptr11,
        device float* out_ptr12,
        device float* out_ptr13,
        device float* out_ptr14,
        device float* out_ptr15,
        device float* out_ptr16,
        device float* out_ptr17,
        device float* out_ptr18,
        device float* out_ptr19,
        device float* out_ptr20,
        device float* out_ptr21,
        device float* out_ptr22,
        device float* out_ptr23,
        device float* out_ptr24,
        device float* out_ptr25,
        device float* out_ptr26,
        device float* out_ptr27,
        device float* out_ptr28,
        device float* out_ptr29,
        device float* out_ptr30,
        device float* out_ptr31,
        device float* out_ptr32,
        device float* out_ptr33,
        device float* out_ptr34,
        device float* out_ptr35,
        device float* out_ptr36,
        device float* out_ptr37,
        device float* out_ptr38,
        device float* out_ptr39,
        device float* out_ptr40,
        device float* out_ptr41,
        device float* out_ptr42,
        device float* out_ptr43,
        device float* out_ptr44,
        device float* out_ptr45,
        device float* out_ptr46,
        device float* out_ptr47,
        device float* out_ptr48,
        device float* out_ptr49,
        device float* out_ptr50,
        device float* out_ptr51,
        device float* out_ptr52,
        device float* out_ptr53,
        device float* out_ptr54,
        device float* out_ptr55,
        device float* out_ptr56,
        device float* out_ptr57,
        device float* out_ptr58,
        device float* out_ptr59,
        device float* out_ptr60,
        device float* out_ptr61,
        device float* out_ptr62,
        device float* out_ptr63,
        constant float* in_ptr0,
        constant bfloat* in_ptr1,
        constant bfloat* in_ptr2,
        constant float* in_ptr3,
        constant float* in_ptr4,
        constant float* in_ptr5,
        constant float* in_ptr6,
        constant float* in_ptr7,
        constant float* in_ptr8,
        constant float* in_ptr9,
        constant float* in_ptr10,
        constant float* in_ptr11,
        constant float* in_ptr12,
        constant float* in_ptr13,
        constant float* in_ptr14,
        constant float* in_ptr15,
        constant float* in_ptr16,
        constant float* in_ptr17,
        constant float* in_ptr18,
        constant float* in_ptr19,
        constant float* in_ptr20,
        constant float* in_ptr21,
        constant float* in_ptr22,
        constant float* in_ptr23,
        constant float* in_ptr24,
        constant float* in_ptr25,
        constant float* in_ptr26,
        constant float* in_ptr27,
        constant float* in_ptr28,
        constant float* in_ptr29,
        constant float* in_ptr30,
        constant float* in_ptr31,
        constant float* in_ptr32,
        constant float* in_ptr33,
        constant float* in_ptr34,
        device c10::metal::ErrorMessages* error_buf,
        uint xindex [[thread_position_in_grid]]
    ) {
        int x4 = xindex;
        int x0 = (xindex) % (384);
        int x1 = c10::metal::floor_divide(xindex, 384);
        int x2 = (xindex) % (32);
        int x3 = ((xindex) / (32)) % (12);
        auto tmp0 = in_ptr0[x4];
        auto tmp7 = static_cast<float>(in_ptr1[6144 + x2 + 16384*x1]);
        auto tmp11 = static_cast<float>(in_ptr2[358912 + x3 + 952320*x1]);
        auto tmp13 = in_ptr3[x3];
        auto tmp28 = in_ptr4[x4];
        auto tmp33 = static_cast<float>(in_ptr1[6208 + x2 + 16384*x1]);
        auto tmp36 = static_cast<float>(in_ptr2[362632 + x3 + 952320*x1]);
        auto tmp50 = in_ptr5[x4];
        auto tmp55 = static_cast<float>(in_ptr1[6272 + x2 + 16384*x1]);
        auto tmp58 = static_cast<float>(in_ptr2[366352 + x3 + 952320*x1]);
        auto tmp72 = in_ptr6[x4];
        auto tmp77 = static_cast<float>(in_ptr1[6336 + x2 + 16384*x1]);
        auto tmp80 = static_cast<float>(in_ptr2[370072 + x3 + 952320*x1]);
        auto tmp94 = in_ptr7[x4];
        auto tmp99 = static_cast<float>(in_ptr1[6400 + x2 + 16384*x1]);
        auto tmp102 = static_cast<float>(in_ptr2[373792 + x3 + 952320*x1]);
        auto tmp116 = in_ptr8[x4];
        auto tmp121 = static_cast<float>(in_ptr1[6464 + x2 + 16384*x1]);
        auto tmp124 = static_cast<float>(in_ptr2[377512 + x3 + 952320*x1]);
        auto tmp138 = in_ptr9[x4];
        auto tmp143 = static_cast<float>(in_ptr1[6528 + x2 + 16384*x1]);
        auto tmp146 = static_cast<float>(in_ptr2[381232 + x3 + 952320*x1]);
        auto tmp160 = in_ptr10[x4];
        auto tmp165 = static_cast<float>(in_ptr1[6592 + x2 + 16384*x1]);
        auto tmp168 = static_cast<float>(in_ptr2[384952 + x3 + 952320*x1]);
        auto tmp182 = in_ptr11[x4];
        auto tmp187 = static_cast<float>(in_ptr1[6656 + x2 + 16384*x1]);
        auto tmp190 = static_cast<float>(in_ptr2[388672 + x3 + 952320*x1]);
        auto tmp204 = in_ptr12[x4];
        auto tmp209 = static_cast<float>(in_ptr1[6720 + x2 + 16384*x1]);
        auto tmp212 = static_cast<float>(in_ptr2[392392 + x3 + 952320*x1]);
        auto tmp226 = in_ptr13[x4];
        auto tmp231 = static_cast<float>(in_ptr1[6784 + x2 + 16384*x1]);
        auto tmp234 = static_cast<float>(in_ptr2[396112 + x3 + 952320*x1]);
        auto tmp248 = in_ptr14[x4];
        auto tmp253 = static_cast<float>(in_ptr1[6848 + x2 + 16384*x1]);
        auto tmp256 = static_cast<float>(in_ptr2[399832 + x3 + 952320*x1]);
        auto tmp270 = in_ptr15[x4];
        auto tmp275 = static_cast<float>(in_ptr1[6912 + x2 + 16384*x1]);
        auto tmp278 = static_cast<float>(in_ptr2[403552 + x3 + 952320*x1]);
        auto tmp292 = in_ptr16[x4];
        auto tmp297 = static_cast<float>(in_ptr1[6976 + x2 + 16384*x1]);
        auto tmp300 = static_cast<float>(in_ptr2[407272 + x3 + 952320*x1]);
        auto tmp314 = in_ptr17[x4];
        auto tmp319 = static_cast<float>(in_ptr1[7040 + x2 + 16384*x1]);
        auto tmp322 = static_cast<float>(in_ptr2[410992 + x3 + 952320*x1]);
        auto tmp336 = in_ptr18[x4];
        auto tmp341 = static_cast<float>(in_ptr1[7104 + x2 + 16384*x1]);
        auto tmp344 = static_cast<float>(in_ptr2[414712 + x3 + 952320*x1]);
        auto tmp358 = in_ptr19[x4];
        auto tmp363 = static_cast<float>(in_ptr1[7168 + x2 + 16384*x1]);
        auto tmp366 = static_cast<float>(in_ptr2[418432 + x3 + 952320*x1]);
        auto tmp380 = in_ptr20[x4];
        auto tmp385 = static_cast<float>(in_ptr1[7232 + x2 + 16384*x1]);
        auto tmp388 = static_cast<float>(in_ptr2[422152 + x3 + 952320*x1]);
        auto tmp402 = in_ptr21[x4];
        auto tmp407 = static_cast<float>(in_ptr1[7296 + x2 + 16384*x1]);
        auto tmp410 = static_cast<float>(in_ptr2[425872 + x3 + 952320*x1]);
        auto tmp424 = in_ptr22[x4];
        auto tmp429 = static_cast<float>(in_ptr1[7360 + x2 + 16384*x1]);
        auto tmp432 = static_cast<float>(in_ptr2[429592 + x3 + 952320*x1]);
        auto tmp446 = in_ptr23[x4];
        auto tmp451 = static_cast<float>(in_ptr1[7424 + x2 + 16384*x1]);
        auto tmp454 = static_cast<float>(in_ptr2[433312 + x3 + 952320*x1]);
        auto tmp468 = in_ptr24[x4];
        auto tmp473 = static_cast<float>(in_ptr1[7488 + x2 + 16384*x1]);
        auto tmp476 = static_cast<float>(in_ptr2[437032 + x3 + 952320*x1]);
        auto tmp490 = in_ptr25[x4];
        auto tmp495 = static_cast<float>(in_ptr1[7552 + x2 + 16384*x1]);
        auto tmp498 = static_cast<float>(in_ptr2[440752 + x3 + 952320*x1]);
        auto tmp512 = in_ptr26[x4];
        auto tmp517 = static_cast<float>(in_ptr1[7616 + x2 + 16384*x1]);
        auto tmp520 = static_cast<float>(in_ptr2[444472 + x3 + 952320*x1]);
        auto tmp534 = in_ptr27[x4];
        auto tmp539 = static_cast<float>(in_ptr1[7680 + x2 + 16384*x1]);
        auto tmp542 = static_cast<float>(in_ptr2[448192 + x3 + 952320*x1]);
        auto tmp556 = in_ptr28[x4];
        auto tmp561 = static_cast<float>(in_ptr1[7744 + x2 + 16384*x1]);
        auto tmp564 = static_cast<float>(in_ptr2[451912 + x3 + 952320*x1]);
        auto tmp578 = in_ptr29[x4];
        auto tmp583 = static_cast<float>(in_ptr1[7808 + x2 + 16384*x1]);
        auto tmp586 = static_cast<float>(in_ptr2[455632 + x3 + 952320*x1]);
        auto tmp600 = in_ptr30[x4];
        auto tmp605 = static_cast<float>(in_ptr1[7872 + x2 + 16384*x1]);
        auto tmp608 = static_cast<float>(in_ptr2[459352 + x3 + 952320*x1]);
        auto tmp622 = in_ptr31[x4];
        auto tmp627 = static_cast<float>(in_ptr1[7936 + x2 + 16384*x1]);
        auto tmp630 = static_cast<float>(in_ptr2[463072 + x3 + 952320*x1]);
        auto tmp644 = in_ptr32[x4];
        auto tmp649 = static_cast<float>(in_ptr1[8000 + x2 + 16384*x1]);
        auto tmp652 = static_cast<float>(in_ptr2[466792 + x3 + 952320*x1]);
        auto tmp666 = in_ptr33[x4];
        auto tmp671 = static_cast<float>(in_ptr1[8064 + x2 + 16384*x1]);
        auto tmp674 = static_cast<float>(in_ptr2[470512 + x3 + 952320*x1]);
        auto tmp688 = in_ptr34[x4];
        auto tmp693 = static_cast<float>(in_ptr1[8128 + x2 + 16384*x1]);
        auto tmp696 = static_cast<float>(in_ptr2[474232 + x3 + 952320*x1]);
        auto tmp1 = 0.15915494309189535;
        auto tmp2 = tmp0 * tmp1;
        auto tmp3 = metal::floor(tmp2);
        auto tmp4 = 6.283185307179586;
        auto tmp5 = tmp3 * tmp4;
        auto tmp6 = tmp0 - tmp5;
        auto tmp8 = 3.141592653589793;
        auto tmp9 = tmp7 * tmp8;
        auto tmp10 = static_cast<float>(tmp9);
        auto tmp12 = static_cast<float>(tmp11);
        auto tmp14 = tmp12 + tmp13;
        auto tmp15 = 20.0;
        auto tmp16 = tmp14 > tmp15;
        auto tmp17 = metal::precise::exp(tmp14);
        auto tmp18 = 1;
        auto tmp19 = tmp17 + tmp18;
        auto tmp20 = metal::precise::log(tmp19);
        auto tmp21 = tmp16 ? tmp14 : static_cast<decltype(tmp14)>(tmp20);
        auto tmp22 = tmp10 * tmp21;
        auto tmp23 = tmp6 + tmp22;
        auto tmp24 = tmp23 * tmp1;
        auto tmp25 = metal::floor(tmp24);
        auto tmp26 = tmp25 * tmp4;
        auto tmp27 = tmp23 - tmp26;
        auto tmp29 = tmp28 * tmp1;
        auto tmp30 = metal::floor(tmp29);
        auto tmp31 = tmp30 * tmp4;
        auto tmp32 = tmp28 - tmp31;
        auto tmp34 = tmp33 * tmp8;
        auto tmp35 = static_cast<float>(tmp34);
        auto tmp37 = static_cast<float>(tmp36);
        auto tmp38 = tmp37 + tmp13;
        auto tmp39 = tmp38 > tmp15;
        auto tmp40 = metal::precise::exp(tmp38);
        auto tmp41 = tmp40 + tmp18;
        auto tmp42 = metal::precise::log(tmp41);
        auto tmp43 = tmp39 ? tmp38 : static_cast<decltype(tmp38)>(tmp42);
        auto tmp44 = tmp35 * tmp43;
        auto tmp45 = tmp32 + tmp44;
        auto tmp46 = tmp45 * tmp1;
        auto tmp47 = metal::floor(tmp46);
        auto tmp48 = tmp47 * tmp4;
        auto tmp49 = tmp45 - tmp48;
        auto tmp51 = tmp50 * tmp1;
        auto tmp52 = metal::floor(tmp51);
        auto tmp53 = tmp52 * tmp4;
        auto tmp54 = tmp50 - tmp53;
        auto tmp56 = tmp55 * tmp8;
        auto tmp57 = static_cast<float>(tmp56);
        auto tmp59 = static_cast<float>(tmp58);
        auto tmp60 = tmp59 + tmp13;
        auto tmp61 = tmp60 > tmp15;
        auto tmp62 = metal::precise::exp(tmp60);
        auto tmp63 = tmp62 + tmp18;
        auto tmp64 = metal::precise::log(tmp63);
        auto tmp65 = tmp61 ? tmp60 : static_cast<decltype(tmp60)>(tmp64);
        auto tmp66 = tmp57 * tmp65;
        auto tmp67 = tmp54 + tmp66;
        auto tmp68 = tmp67 * tmp1;
        auto tmp69 = metal::floor(tmp68);
        auto tmp70 = tmp69 * tmp4;
        auto tmp71 = tmp67 - tmp70;
        auto tmp73 = tmp72 * tmp1;
        auto tmp74 = metal::floor(tmp73);
        auto tmp75 = tmp74 * tmp4;
        auto tmp76 = tmp72 - tmp75;
        auto tmp78 = tmp77 * tmp8;
        auto tmp79 = static_cast<float>(tmp78);
        auto tmp81 = static_cast<float>(tmp80);
        auto tmp82 = tmp81 + tmp13;
        auto tmp83 = tmp82 > tmp15;
        auto tmp84 = metal::precise::exp(tmp82);
        auto tmp85 = tmp84 + tmp18;
        auto tmp86 = metal::precise::log(tmp85);
        auto tmp87 = tmp83 ? tmp82 : static_cast<decltype(tmp82)>(tmp86);
        auto tmp88 = tmp79 * tmp87;
        auto tmp89 = tmp76 + tmp88;
        auto tmp90 = tmp89 * tmp1;
        auto tmp91 = metal::floor(tmp90);
        auto tmp92 = tmp91 * tmp4;
        auto tmp93 = tmp89 - tmp92;
        auto tmp95 = tmp94 * tmp1;
        auto tmp96 = metal::floor(tmp95);
        auto tmp97 = tmp96 * tmp4;
        auto tmp98 = tmp94 - tmp97;
        auto tmp100 = tmp99 * tmp8;
        auto tmp101 = static_cast<float>(tmp100);
        auto tmp103 = static_cast<float>(tmp102);
        auto tmp104 = tmp103 + tmp13;
        auto tmp105 = tmp104 > tmp15;
        auto tmp106 = metal::precise::exp(tmp104);
        auto tmp107 = tmp106 + tmp18;
        auto tmp108 = metal::precise::log(tmp107);
        auto tmp109 = tmp105 ? tmp104 : static_cast<decltype(tmp104)>(tmp108);
        auto tmp110 = tmp101 * tmp109;
        auto tmp111 = tmp98 + tmp110;
        auto tmp112 = tmp111 * tmp1;
        auto tmp113 = metal::floor(tmp112);
        auto tmp114 = tmp113 * tmp4;
        auto tmp115 = tmp111 - tmp114;
        auto tmp117 = tmp116 * tmp1;
        auto tmp118 = metal::floor(tmp117);
        auto tmp119 = tmp118 * tmp4;
        auto tmp120 = tmp116 - tmp119;
        auto tmp122 = tmp121 * tmp8;
        auto tmp123 = static_cast<float>(tmp122);
        auto tmp125 = static_cast<float>(tmp124);
        auto tmp126 = tmp125 + tmp13;
        auto tmp127 = tmp126 > tmp15;
        auto tmp128 = metal::precise::exp(tmp126);
        auto tmp129 = tmp128 + tmp18;
        auto tmp130 = metal::precise::log(tmp129);
        auto tmp131 = tmp127 ? tmp126 : static_cast<decltype(tmp126)>(tmp130);
        auto tmp132 = tmp123 * tmp131;
        auto tmp133 = tmp120 + tmp132;
        auto tmp134 = tmp133 * tmp1;
        auto tmp135 = metal::floor(tmp134);
        auto tmp136 = tmp135 * tmp4;
        auto tmp137 = tmp133 - tmp136;
        auto tmp139 = tmp138 * tmp1;
        auto tmp140 = metal::floor(tmp139);
        auto tmp141 = tmp140 * tmp4;
        auto tmp142 = tmp138 - tmp141;
        auto tmp144 = tmp143 * tmp8;
        auto tmp145 = static_cast<float>(tmp144);
        auto tmp147 = static_cast<float>(tmp146);
        auto tmp148 = tmp147 + tmp13;
        auto tmp149 = tmp148 > tmp15;
        auto tmp150 = metal::precise::exp(tmp148);
        auto tmp151 = tmp150 + tmp18;
        auto tmp152 = metal::precise::log(tmp151);
        auto tmp153 = tmp149 ? tmp148 : static_cast<decltype(tmp148)>(tmp152);
        auto tmp154 = tmp145 * tmp153;
        auto tmp155 = tmp142 + tmp154;
        auto tmp156 = tmp155 * tmp1;
        auto tmp157 = metal::floor(tmp156);
        auto tmp158 = tmp157 * tmp4;
        auto tmp159 = tmp155 - tmp158;
        auto tmp161 = tmp160 * tmp1;
        auto tmp162 = metal::floor(tmp161);
        auto tmp163 = tmp162 * tmp4;
        auto tmp164 = tmp160 - tmp163;
        auto tmp166 = tmp165 * tmp8;
        auto tmp167 = static_cast<float>(tmp166);
        auto tmp169 = static_cast<float>(tmp168);
        auto tmp170 = tmp169 + tmp13;
        auto tmp171 = tmp170 > tmp15;
        auto tmp172 = metal::precise::exp(tmp170);
        auto tmp173 = tmp172 + tmp18;
        auto tmp174 = metal::precise::log(tmp173);
        auto tmp175 = tmp171 ? tmp170 : static_cast<decltype(tmp170)>(tmp174);
        auto tmp176 = tmp167 * tmp175;
        auto tmp177 = tmp164 + tmp176;
        auto tmp178 = tmp177 * tmp1;
        auto tmp179 = metal::floor(tmp178);
        auto tmp180 = tmp179 * tmp4;
        auto tmp181 = tmp177 - tmp180;
        auto tmp183 = tmp182 * tmp1;
        auto tmp184 = metal::floor(tmp183);
        auto tmp185 = tmp184 * tmp4;
        auto tmp186 = tmp182 - tmp185;
        auto tmp188 = tmp187 * tmp8;
        auto tmp189 = static_cast<float>(tmp188);
        auto tmp191 = static_cast<float>(tmp190);
        auto tmp192 = tmp191 + tmp13;
        auto tmp193 = tmp192 > tmp15;
        auto tmp194 = metal::precise::exp(tmp192);
        auto tmp195 = tmp194 + tmp18;
        auto tmp196 = metal::precise::log(tmp195);
        auto tmp197 = tmp193 ? tmp192 : static_cast<decltype(tmp192)>(tmp196);
        auto tmp198 = tmp189 * tmp197;
        auto tmp199 = tmp186 + tmp198;
        auto tmp200 = tmp199 * tmp1;
        auto tmp201 = metal::floor(tmp200);
        auto tmp202 = tmp201 * tmp4;
        auto tmp203 = tmp199 - tmp202;
        auto tmp205 = tmp204 * tmp1;
        auto tmp206 = metal::floor(tmp205);
        auto tmp207 = tmp206 * tmp4;
        auto tmp208 = tmp204 - tmp207;
        auto tmp210 = tmp209 * tmp8;
        auto tmp211 = static_cast<float>(tmp210);
        auto tmp213 = static_cast<float>(tmp212);
        auto tmp214 = tmp213 + tmp13;
        auto tmp215 = tmp214 > tmp15;
        auto tmp216 = metal::precise::exp(tmp214);
        auto tmp217 = tmp216 + tmp18;
        auto tmp218 = metal::precise::log(tmp217);
        auto tmp219 = tmp215 ? tmp214 : static_cast<decltype(tmp214)>(tmp218);
        auto tmp220 = tmp211 * tmp219;
        auto tmp221 = tmp208 + tmp220;
        auto tmp222 = tmp221 * tmp1;
        auto tmp223 = metal::floor(tmp222);
        auto tmp224 = tmp223 * tmp4;
        auto tmp225 = tmp221 - tmp224;
        auto tmp227 = tmp226 * tmp1;
        auto tmp228 = metal::floor(tmp227);
        auto tmp229 = tmp228 * tmp4;
        auto tmp230 = tmp226 - tmp229;
        auto tmp232 = tmp231 * tmp8;
        auto tmp233 = static_cast<float>(tmp232);
        auto tmp235 = static_cast<float>(tmp234);
        auto tmp236 = tmp235 + tmp13;
        auto tmp237 = tmp236 > tmp15;
        auto tmp238 = metal::precise::exp(tmp236);
        auto tmp239 = tmp238 + tmp18;
        auto tmp240 = metal::precise::log(tmp239);
        auto tmp241 = tmp237 ? tmp236 : static_cast<decltype(tmp236)>(tmp240);
        auto tmp242 = tmp233 * tmp241;
        auto tmp243 = tmp230 + tmp242;
        auto tmp244 = tmp243 * tmp1;
        auto tmp245 = metal::floor(tmp244);
        auto tmp246 = tmp245 * tmp4;
        auto tmp247 = tmp243 - tmp246;
        auto tmp249 = tmp248 * tmp1;
        auto tmp250 = metal::floor(tmp249);
        auto tmp251 = tmp250 * tmp4;
        auto tmp252 = tmp248 - tmp251;
        auto tmp254 = tmp253 * tmp8;
        auto tmp255 = static_cast<float>(tmp254);
        auto tmp257 = static_cast<float>(tmp256);
        auto tmp258 = tmp257 + tmp13;
        auto tmp259 = tmp258 > tmp15;
        auto tmp260 = metal::precise::exp(tmp258);
        auto tmp261 = tmp260 + tmp18;
        auto tmp262 = metal::precise::log(tmp261);
        auto tmp263 = tmp259 ? tmp258 : static_cast<decltype(tmp258)>(tmp262);
        auto tmp264 = tmp255 * tmp263;
        auto tmp265 = tmp252 + tmp264;
        auto tmp266 = tmp265 * tmp1;
        auto tmp267 = metal::floor(tmp266);
        auto tmp268 = tmp267 * tmp4;
        auto tmp269 = tmp265 - tmp268;
        auto tmp271 = tmp270 * tmp1;
        auto tmp272 = metal::floor(tmp271);
        auto tmp273 = tmp272 * tmp4;
        auto tmp274 = tmp270 - tmp273;
        auto tmp276 = tmp275 * tmp8;
        auto tmp277 = static_cast<float>(tmp276);
        auto tmp279 = static_cast<float>(tmp278);
        auto tmp280 = tmp279 + tmp13;
        auto tmp281 = tmp280 > tmp15;
        auto tmp282 = metal::precise::exp(tmp280);
        auto tmp283 = tmp282 + tmp18;
        auto tmp284 = metal::precise::log(tmp283);
        auto tmp285 = tmp281 ? tmp280 : static_cast<decltype(tmp280)>(tmp284);
        auto tmp286 = tmp277 * tmp285;
        auto tmp287 = tmp274 + tmp286;
        auto tmp288 = tmp287 * tmp1;
        auto tmp289 = metal::floor(tmp288);
        auto tmp290 = tmp289 * tmp4;
        auto tmp291 = tmp287 - tmp290;
        auto tmp293 = tmp292 * tmp1;
        auto tmp294 = metal::floor(tmp293);
        auto tmp295 = tmp294 * tmp4;
        auto tmp296 = tmp292 - tmp295;
        auto tmp298 = tmp297 * tmp8;
        auto tmp299 = static_cast<float>(tmp298);
        auto tmp301 = static_cast<float>(tmp300);
        auto tmp302 = tmp301 + tmp13;
        auto tmp303 = tmp302 > tmp15;
        auto tmp304 = metal::precise::exp(tmp302);
        auto tmp305 = tmp304 + tmp18;
        auto tmp306 = metal::precise::log(tmp305);
        auto tmp307 = tmp303 ? tmp302 : static_cast<decltype(tmp302)>(tmp306);
        auto tmp308 = tmp299 * tmp307;
        auto tmp309 = tmp296 + tmp308;
        auto tmp310 = tmp309 * tmp1;
        auto tmp311 = metal::floor(tmp310);
        auto tmp312 = tmp311 * tmp4;
        auto tmp313 = tmp309 - tmp312;
        auto tmp315 = tmp314 * tmp1;
        auto tmp316 = metal::floor(tmp315);
        auto tmp317 = tmp316 * tmp4;
        auto tmp318 = tmp314 - tmp317;
        auto tmp320 = tmp319 * tmp8;
        auto tmp321 = static_cast<float>(tmp320);
        auto tmp323 = static_cast<float>(tmp322);
        auto tmp324 = tmp323 + tmp13;
        auto tmp325 = tmp324 > tmp15;
        auto tmp326 = metal::precise::exp(tmp324);
        auto tmp327 = tmp326 + tmp18;
        auto tmp328 = metal::precise::log(tmp327);
        auto tmp329 = tmp325 ? tmp324 : static_cast<decltype(tmp324)>(tmp328);
        auto tmp330 = tmp321 * tmp329;
        auto tmp331 = tmp318 + tmp330;
        auto tmp332 = tmp331 * tmp1;
        auto tmp333 = metal::floor(tmp332);
        auto tmp334 = tmp333 * tmp4;
        auto tmp335 = tmp331 - tmp334;
        auto tmp337 = tmp336 * tmp1;
        auto tmp338 = metal::floor(tmp337);
        auto tmp339 = tmp338 * tmp4;
        auto tmp340 = tmp336 - tmp339;
        auto tmp342 = tmp341 * tmp8;
        auto tmp343 = static_cast<float>(tmp342);
        auto tmp345 = static_cast<float>(tmp344);
        auto tmp346 = tmp345 + tmp13;
        auto tmp347 = tmp346 > tmp15;
        auto tmp348 = metal::precise::exp(tmp346);
        auto tmp349 = tmp348 + tmp18;
        auto tmp350 = metal::precise::log(tmp349);
        auto tmp351 = tmp347 ? tmp346 : static_cast<decltype(tmp346)>(tmp350);
        auto tmp352 = tmp343 * tmp351;
        auto tmp353 = tmp340 + tmp352;
        auto tmp354 = tmp353 * tmp1;
        auto tmp355 = metal::floor(tmp354);
        auto tmp356 = tmp355 * tmp4;
        auto tmp357 = tmp353 - tmp356;
        auto tmp359 = tmp358 * tmp1;
        auto tmp360 = metal::floor(tmp359);
        auto tmp361 = tmp360 * tmp4;
        auto tmp362 = tmp358 - tmp361;
        auto tmp364 = tmp363 * tmp8;
        auto tmp365 = static_cast<float>(tmp364);
        auto tmp367 = static_cast<float>(tmp366);
        auto tmp368 = tmp367 + tmp13;
        auto tmp369 = tmp368 > tmp15;
        auto tmp370 = metal::precise::exp(tmp368);
        auto tmp371 = tmp370 + tmp18;
        auto tmp372 = metal::precise::log(tmp371);
        auto tmp373 = tmp369 ? tmp368 : static_cast<decltype(tmp368)>(tmp372);
        auto tmp374 = tmp365 * tmp373;
        auto tmp375 = tmp362 + tmp374;
        auto tmp376 = tmp375 * tmp1;
        auto tmp377 = metal::floor(tmp376);
        auto tmp378 = tmp377 * tmp4;
        auto tmp379 = tmp375 - tmp378;
        auto tmp381 = tmp380 * tmp1;
        auto tmp382 = metal::floor(tmp381);
        auto tmp383 = tmp382 * tmp4;
        auto tmp384 = tmp380 - tmp383;
        auto tmp386 = tmp385 * tmp8;
        auto tmp387 = static_cast<float>(tmp386);
        auto tmp389 = static_cast<float>(tmp388);
        auto tmp390 = tmp389 + tmp13;
        auto tmp391 = tmp390 > tmp15;
        auto tmp392 = metal::precise::exp(tmp390);
        auto tmp393 = tmp392 + tmp18;
        auto tmp394 = metal::precise::log(tmp393);
        auto tmp395 = tmp391 ? tmp390 : static_cast<decltype(tmp390)>(tmp394);
        auto tmp396 = tmp387 * tmp395;
        auto tmp397 = tmp384 + tmp396;
        auto tmp398 = tmp397 * tmp1;
        auto tmp399 = metal::floor(tmp398);
        auto tmp400 = tmp399 * tmp4;
        auto tmp401 = tmp397 - tmp400;
        auto tmp403 = tmp402 * tmp1;
        auto tmp404 = metal::floor(tmp403);
        auto tmp405 = tmp404 * tmp4;
        auto tmp406 = tmp402 - tmp405;
        auto tmp408 = tmp407 * tmp8;
        auto tmp409 = static_cast<float>(tmp408);
        auto tmp411 = static_cast<float>(tmp410);
        auto tmp412 = tmp411 + tmp13;
        auto tmp413 = tmp412 > tmp15;
        auto tmp414 = metal::precise::exp(tmp412);
        auto tmp415 = tmp414 + tmp18;
        auto tmp416 = metal::precise::log(tmp415);
        auto tmp417 = tmp413 ? tmp412 : static_cast<decltype(tmp412)>(tmp416);
        auto tmp418 = tmp409 * tmp417;
        auto tmp419 = tmp406 + tmp418;
        auto tmp420 = tmp419 * tmp1;
        auto tmp421 = metal::floor(tmp420);
        auto tmp422 = tmp421 * tmp4;
        auto tmp423 = tmp419 - tmp422;
        auto tmp425 = tmp424 * tmp1;
        auto tmp426 = metal::floor(tmp425);
        auto tmp427 = tmp426 * tmp4;
        auto tmp428 = tmp424 - tmp427;
        auto tmp430 = tmp429 * tmp8;
        auto tmp431 = static_cast<float>(tmp430);
        auto tmp433 = static_cast<float>(tmp432);
        auto tmp434 = tmp433 + tmp13;
        auto tmp435 = tmp434 > tmp15;
        auto tmp436 = metal::precise::exp(tmp434);
        auto tmp437 = tmp436 + tmp18;
        auto tmp438 = metal::precise::log(tmp437);
        auto tmp439 = tmp435 ? tmp434 : static_cast<decltype(tmp434)>(tmp438);
        auto tmp440 = tmp431 * tmp439;
        auto tmp441 = tmp428 + tmp440;
        auto tmp442 = tmp441 * tmp1;
        auto tmp443 = metal::floor(tmp442);
        auto tmp444 = tmp443 * tmp4;
        auto tmp445 = tmp441 - tmp444;
        auto tmp447 = tmp446 * tmp1;
        auto tmp448 = metal::floor(tmp447);
        auto tmp449 = tmp448 * tmp4;
        auto tmp450 = tmp446 - tmp449;
        auto tmp452 = tmp451 * tmp8;
        auto tmp453 = static_cast<float>(tmp452);
        auto tmp455 = static_cast<float>(tmp454);
        auto tmp456 = tmp455 + tmp13;
        auto tmp457 = tmp456 > tmp15;
        auto tmp458 = metal::precise::exp(tmp456);
        auto tmp459 = tmp458 + tmp18;
        auto tmp460 = metal::precise::log(tmp459);
        auto tmp461 = tmp457 ? tmp456 : static_cast<decltype(tmp456)>(tmp460);
        auto tmp462 = tmp453 * tmp461;
        auto tmp463 = tmp450 + tmp462;
        auto tmp464 = tmp463 * tmp1;
        auto tmp465 = metal::floor(tmp464);
        auto tmp466 = tmp465 * tmp4;
        auto tmp467 = tmp463 - tmp466;
        auto tmp469 = tmp468 * tmp1;
        auto tmp470 = metal::floor(tmp469);
        auto tmp471 = tmp470 * tmp4;
        auto tmp472 = tmp468 - tmp471;
        auto tmp474 = tmp473 * tmp8;
        auto tmp475 = static_cast<float>(tmp474);
        auto tmp477 = static_cast<float>(tmp476);
        auto tmp478 = tmp477 + tmp13;
        auto tmp479 = tmp478 > tmp15;
        auto tmp480 = metal::precise::exp(tmp478);
        auto tmp481 = tmp480 + tmp18;
        auto tmp482 = metal::precise::log(tmp481);
        auto tmp483 = tmp479 ? tmp478 : static_cast<decltype(tmp478)>(tmp482);
        auto tmp484 = tmp475 * tmp483;
        auto tmp485 = tmp472 + tmp484;
        auto tmp486 = tmp485 * tmp1;
        auto tmp487 = metal::floor(tmp486);
        auto tmp488 = tmp487 * tmp4;
        auto tmp489 = tmp485 - tmp488;
        auto tmp491 = tmp490 * tmp1;
        auto tmp492 = metal::floor(tmp491);
        auto tmp493 = tmp492 * tmp4;
        auto tmp494 = tmp490 - tmp493;
        auto tmp496 = tmp495 * tmp8;
        auto tmp497 = static_cast<float>(tmp496);
        auto tmp499 = static_cast<float>(tmp498);
        auto tmp500 = tmp499 + tmp13;
        auto tmp501 = tmp500 > tmp15;
        auto tmp502 = metal::precise::exp(tmp500);
        auto tmp503 = tmp502 + tmp18;
        auto tmp504 = metal::precise::log(tmp503);
        auto tmp505 = tmp501 ? tmp500 : static_cast<decltype(tmp500)>(tmp504);
        auto tmp506 = tmp497 * tmp505;
        auto tmp507 = tmp494 + tmp506;
        auto tmp508 = tmp507 * tmp1;
        auto tmp509 = metal::floor(tmp508);
        auto tmp510 = tmp509 * tmp4;
        auto tmp511 = tmp507 - tmp510;
        auto tmp513 = tmp512 * tmp1;
        auto tmp514 = metal::floor(tmp513);
        auto tmp515 = tmp514 * tmp4;
        auto tmp516 = tmp512 - tmp515;
        auto tmp518 = tmp517 * tmp8;
        auto tmp519 = static_cast<float>(tmp518);
        auto tmp521 = static_cast<float>(tmp520);
        auto tmp522 = tmp521 + tmp13;
        auto tmp523 = tmp522 > tmp15;
        auto tmp524 = metal::precise::exp(tmp522);
        auto tmp525 = tmp524 + tmp18;
        auto tmp526 = metal::precise::log(tmp525);
        auto tmp527 = tmp523 ? tmp522 : static_cast<decltype(tmp522)>(tmp526);
        auto tmp528 = tmp519 * tmp527;
        auto tmp529 = tmp516 + tmp528;
        auto tmp530 = tmp529 * tmp1;
        auto tmp531 = metal::floor(tmp530);
        auto tmp532 = tmp531 * tmp4;
        auto tmp533 = tmp529 - tmp532;
        auto tmp535 = tmp534 * tmp1;
        auto tmp536 = metal::floor(tmp535);
        auto tmp537 = tmp536 * tmp4;
        auto tmp538 = tmp534 - tmp537;
        auto tmp540 = tmp539 * tmp8;
        auto tmp541 = static_cast<float>(tmp540);
        auto tmp543 = static_cast<float>(tmp542);
        auto tmp544 = tmp543 + tmp13;
        auto tmp545 = tmp544 > tmp15;
        auto tmp546 = metal::precise::exp(tmp544);
        auto tmp547 = tmp546 + tmp18;
        auto tmp548 = metal::precise::log(tmp547);
        auto tmp549 = tmp545 ? tmp544 : static_cast<decltype(tmp544)>(tmp548);
        auto tmp550 = tmp541 * tmp549;
        auto tmp551 = tmp538 + tmp550;
        auto tmp552 = tmp551 * tmp1;
        auto tmp553 = metal::floor(tmp552);
        auto tmp554 = tmp553 * tmp4;
        auto tmp555 = tmp551 - tmp554;
        auto tmp557 = tmp556 * tmp1;
        auto tmp558 = metal::floor(tmp557);
        auto tmp559 = tmp558 * tmp4;
        auto tmp560 = tmp556 - tmp559;
        auto tmp562 = tmp561 * tmp8;
        auto tmp563 = static_cast<float>(tmp562);
        auto tmp565 = static_cast<float>(tmp564);
        auto tmp566 = tmp565 + tmp13;
        auto tmp567 = tmp566 > tmp15;
        auto tmp568 = metal::precise::exp(tmp566);
        auto tmp569 = tmp568 + tmp18;
        auto tmp570 = metal::precise::log(tmp569);
        auto tmp571 = tmp567 ? tmp566 : static_cast<decltype(tmp566)>(tmp570);
        auto tmp572 = tmp563 * tmp571;
        auto tmp573 = tmp560 + tmp572;
        auto tmp574 = tmp573 * tmp1;
        auto tmp575 = metal::floor(tmp574);
        auto tmp576 = tmp575 * tmp4;
        auto tmp577 = tmp573 - tmp576;
        auto tmp579 = tmp578 * tmp1;
        auto tmp580 = metal::floor(tmp579);
        auto tmp581 = tmp580 * tmp4;
        auto tmp582 = tmp578 - tmp581;
        auto tmp584 = tmp583 * tmp8;
        auto tmp585 = static_cast<float>(tmp584);
        auto tmp587 = static_cast<float>(tmp586);
        auto tmp588 = tmp587 + tmp13;
        auto tmp589 = tmp588 > tmp15;
        auto tmp590 = metal::precise::exp(tmp588);
        auto tmp591 = tmp590 + tmp18;
        auto tmp592 = metal::precise::log(tmp591);
        auto tmp593 = tmp589 ? tmp588 : static_cast<decltype(tmp588)>(tmp592);
        auto tmp594 = tmp585 * tmp593;
        auto tmp595 = tmp582 + tmp594;
        auto tmp596 = tmp595 * tmp1;
        auto tmp597 = metal::floor(tmp596);
        auto tmp598 = tmp597 * tmp4;
        auto tmp599 = tmp595 - tmp598;
        auto tmp601 = tmp600 * tmp1;
        auto tmp602 = metal::floor(tmp601);
        auto tmp603 = tmp602 * tmp4;
        auto tmp604 = tmp600 - tmp603;
        auto tmp606 = tmp605 * tmp8;
        auto tmp607 = static_cast<float>(tmp606);
        auto tmp609 = static_cast<float>(tmp608);
        auto tmp610 = tmp609 + tmp13;
        auto tmp611 = tmp610 > tmp15;
        auto tmp612 = metal::precise::exp(tmp610);
        auto tmp613 = tmp612 + tmp18;
        auto tmp614 = metal::precise::log(tmp613);
        auto tmp615 = tmp611 ? tmp610 : static_cast<decltype(tmp610)>(tmp614);
        auto tmp616 = tmp607 * tmp615;
        auto tmp617 = tmp604 + tmp616;
        auto tmp618 = tmp617 * tmp1;
        auto tmp619 = metal::floor(tmp618);
        auto tmp620 = tmp619 * tmp4;
        auto tmp621 = tmp617 - tmp620;
        auto tmp623 = tmp622 * tmp1;
        auto tmp624 = metal::floor(tmp623);
        auto tmp625 = tmp624 * tmp4;
        auto tmp626 = tmp622 - tmp625;
        auto tmp628 = tmp627 * tmp8;
        auto tmp629 = static_cast<float>(tmp628);
        auto tmp631 = static_cast<float>(tmp630);
        auto tmp632 = tmp631 + tmp13;
        auto tmp633 = tmp632 > tmp15;
        auto tmp634 = metal::precise::exp(tmp632);
        auto tmp635 = tmp634 + tmp18;
        auto tmp636 = metal::precise::log(tmp635);
        auto tmp637 = tmp633 ? tmp632 : static_cast<decltype(tmp632)>(tmp636);
        auto tmp638 = tmp629 * tmp637;
        auto tmp639 = tmp626 + tmp638;
        auto tmp640 = tmp639 * tmp1;
        auto tmp641 = metal::floor(tmp640);
        auto tmp642 = tmp641 * tmp4;
        auto tmp643 = tmp639 - tmp642;
        auto tmp645 = tmp644 * tmp1;
        auto tmp646 = metal::floor(tmp645);
        auto tmp647 = tmp646 * tmp4;
        auto tmp648 = tmp644 - tmp647;
        auto tmp650 = tmp649 * tmp8;
        auto tmp651 = static_cast<float>(tmp650);
        auto tmp653 = static_cast<float>(tmp652);
        auto tmp654 = tmp653 + tmp13;
        auto tmp655 = tmp654 > tmp15;
        auto tmp656 = metal::precise::exp(tmp654);
        auto tmp657 = tmp656 + tmp18;
        auto tmp658 = metal::precise::log(tmp657);
        auto tmp659 = tmp655 ? tmp654 : static_cast<decltype(tmp654)>(tmp658);
        auto tmp660 = tmp651 * tmp659;
        auto tmp661 = tmp648 + tmp660;
        auto tmp662 = tmp661 * tmp1;
        auto tmp663 = metal::floor(tmp662);
        auto tmp664 = tmp663 * tmp4;
        auto tmp665 = tmp661 - tmp664;
        auto tmp667 = tmp666 * tmp1;
        auto tmp668 = metal::floor(tmp667);
        auto tmp669 = tmp668 * tmp4;
        auto tmp670 = tmp666 - tmp669;
        auto tmp672 = tmp671 * tmp8;
        auto tmp673 = static_cast<float>(tmp672);
        auto tmp675 = static_cast<float>(tmp674);
        auto tmp676 = tmp675 + tmp13;
        auto tmp677 = tmp676 > tmp15;
        auto tmp678 = metal::precise::exp(tmp676);
        auto tmp679 = tmp678 + tmp18;
        auto tmp680 = metal::precise::log(tmp679);
        auto tmp681 = tmp677 ? tmp676 : static_cast<decltype(tmp676)>(tmp680);
        auto tmp682 = tmp673 * tmp681;
        auto tmp683 = tmp670 + tmp682;
        auto tmp684 = tmp683 * tmp1;
        auto tmp685 = metal::floor(tmp684);
        auto tmp686 = tmp685 * tmp4;
        auto tmp687 = tmp683 - tmp686;
        auto tmp689 = tmp688 * tmp1;
        auto tmp690 = metal::floor(tmp689);
        auto tmp691 = tmp690 * tmp4;
        auto tmp692 = tmp688 - tmp691;
        auto tmp694 = tmp693 * tmp8;
        auto tmp695 = static_cast<float>(tmp694);
        auto tmp697 = static_cast<float>(tmp696);
        auto tmp698 = tmp697 + tmp13;
        auto tmp699 = tmp698 > tmp15;
        auto tmp700 = metal::precise::exp(tmp698);
        auto tmp701 = tmp700 + tmp18;
        auto tmp702 = metal::precise::log(tmp701);
        auto tmp703 = tmp699 ? tmp698 : static_cast<decltype(tmp698)>(tmp702);
        auto tmp704 = tmp695 * tmp703;
        auto tmp705 = tmp692 + tmp704;
        auto tmp706 = tmp705 * tmp1;
        auto tmp707 = metal::floor(tmp706);
        auto tmp708 = tmp707 * tmp4;
        auto tmp709 = tmp705 - tmp708;
        out_ptr0[x0 + 196608*x1] = static_cast<float>(tmp6);
        out_ptr1[x0 + 196608*x1] = static_cast<float>(tmp27);
        out_ptr2[x0 + 196608*x1] = static_cast<float>(tmp32);
        out_ptr3[x0 + 196608*x1] = static_cast<float>(tmp49);
        out_ptr4[x0 + 196608*x1] = static_cast<float>(tmp54);
        out_ptr5[x0 + 196608*x1] = static_cast<float>(tmp71);
        out_ptr6[x0 + 196608*x1] = static_cast<float>(tmp76);
        out_ptr7[x0 + 196608*x1] = static_cast<float>(tmp93);
        out_ptr8[x0 + 196608*x1] = static_cast<float>(tmp98);
        out_ptr9[x0 + 196608*x1] = static_cast<float>(tmp115);
        out_ptr10[x0 + 196608*x1] = static_cast<float>(tmp120);
        out_ptr11[x0 + 196608*x1] = static_cast<float>(tmp137);
        out_ptr12[x0 + 196608*x1] = static_cast<float>(tmp142);
        out_ptr13[x0 + 196608*x1] = static_cast<float>(tmp159);
        out_ptr14[x0 + 196608*x1] = static_cast<float>(tmp164);
        out_ptr15[x0 + 196608*x1] = static_cast<float>(tmp181);
        out_ptr16[x0 + 196608*x1] = static_cast<float>(tmp186);
        out_ptr17[x0 + 196608*x1] = static_cast<float>(tmp203);
        out_ptr18[x0 + 196608*x1] = static_cast<float>(tmp208);
        out_ptr19[x0 + 196608*x1] = static_cast<float>(tmp225);
        out_ptr20[x0 + 196608*x1] = static_cast<float>(tmp230);
        out_ptr21[x0 + 196608*x1] = static_cast<float>(tmp247);
        out_ptr22[x0 + 196608*x1] = static_cast<float>(tmp252);
        out_ptr23[x0 + 196608*x1] = static_cast<float>(tmp269);
        out_ptr24[x0 + 196608*x1] = static_cast<float>(tmp274);
        out_ptr25[x0 + 196608*x1] = static_cast<float>(tmp291);
        out_ptr26[x0 + 196608*x1] = static_cast<float>(tmp296);
        out_ptr27[x0 + 196608*x1] = static_cast<float>(tmp313);
        out_ptr28[x0 + 196608*x1] = static_cast<float>(tmp318);
        out_ptr29[x0 + 196608*x1] = static_cast<float>(tmp335);
        out_ptr30[x0 + 196608*x1] = static_cast<float>(tmp340);
        out_ptr31[x0 + 196608*x1] = static_cast<float>(tmp357);
        out_ptr32[x0 + 196608*x1] = static_cast<float>(tmp362);
        out_ptr33[x0 + 196608*x1] = static_cast<float>(tmp379);
        out_ptr34[x0 + 196608*x1] = static_cast<float>(tmp384);
        out_ptr35[x0 + 196608*x1] = static_cast<float>(tmp401);
        out_ptr36[x0 + 196608*x1] = static_cast<float>(tmp406);
        out_ptr37[x0 + 196608*x1] = static_cast<float>(tmp423);
        out_ptr38[x0 + 196608*x1] = static_cast<float>(tmp428);
        out_ptr39[x0 + 196608*x1] = static_cast<float>(tmp445);
        out_ptr40[x0 + 196608*x1] = static_cast<float>(tmp450);
        out_ptr41[x0 + 196608*x1] = static_cast<float>(tmp467);
        out_ptr42[x0 + 196608*x1] = static_cast<float>(tmp472);
        out_ptr43[x0 + 196608*x1] = static_cast<float>(tmp489);
        out_ptr44[x0 + 196608*x1] = static_cast<float>(tmp494);
        out_ptr45[x0 + 196608*x1] = static_cast<float>(tmp511);
        out_ptr46[x0 + 196608*x1] = static_cast<float>(tmp516);
        out_ptr47[x0 + 196608*x1] = static_cast<float>(tmp533);
        out_ptr48[x0 + 196608*x1] = static_cast<float>(tmp538);
        out_ptr49[x0 + 196608*x1] = static_cast<float>(tmp555);
        out_ptr50[x0 + 196608*x1] = static_cast<float>(tmp560);
        out_ptr51[x0 + 196608*x1] = static_cast<float>(tmp577);
        out_ptr52[x0 + 196608*x1] = static_cast<float>(tmp582);
        out_ptr53[x0 + 196608*x1] = static_cast<float>(tmp599);
        out_ptr54[x0 + 196608*x1] = static_cast<float>(tmp604);
        out_ptr55[x0 + 196608*x1] = static_cast<float>(tmp621);
        out_ptr56[x0 + 196608*x1] = static_cast<float>(tmp626);
        out_ptr57[x0 + 196608*x1] = static_cast<float>(tmp643);
        out_ptr58[x0 + 196608*x1] = static_cast<float>(tmp648);
        out_ptr59[x0 + 196608*x1] = static_cast<float>(tmp665);
        out_ptr60[x0 + 196608*x1] = static_cast<float>(tmp670);
        out_ptr61[x0 + 196608*x1] = static_cast<float>(tmp687);
        out_ptr62[x0 + 196608*x1] = static_cast<float>(tmp692);
        out_ptr63[x0 + 196608*x1] = static_cast<float>(tmp709);
    }




    kernel void generated_kernel_25(
        device float* out_ptr0,
        device float* out_ptr1,
        device float* out_ptr2,
        device float* out_ptr3,
        device float* out_ptr4,
        device float* out_ptr5,
        device float* out_ptr6,
        device float* out_ptr7,
        device float* out_ptr8,
        device float* out_ptr9,
        device float* out_ptr10,
        device float* out_ptr11,
        device float* out_ptr12,
        device float* out_ptr13,
        device float* out_ptr14,
        device float* out_ptr15,
        device float* out_ptr16,
        device float* out_ptr17,
        device float* out_ptr18,
        device float* out_ptr19,
        device float* out_ptr20,
        device float* out_ptr21,
        device float* out_ptr22,
        device float* out_ptr23,
        device float* out_ptr24,
        device float* out_ptr25,
        device float* out_ptr26,
        device float* out_ptr27,
        device float* out_ptr28,
        device float* out_ptr29,
        device float* out_ptr30,
        device float* out_ptr31,
        device float* out_ptr32,
        device float* out_ptr33,
        device float* out_ptr34,
        device float* out_ptr35,
        device float* out_ptr36,
        device float* out_ptr37,
        device float* out_ptr38,
        device float* out_ptr39,
        device float* out_ptr40,
        device float* out_ptr41,
        device float* out_ptr42,
        device float* out_ptr43,
        device float* out_ptr44,
        device float* out_ptr45,
        device float* out_ptr46,
        device float* out_ptr47,
        device float* out_ptr48,
        device float* out_ptr49,
        device float* out_ptr50,
        device float* out_ptr51,
        device float* out_ptr52,
        device float* out_ptr53,
        device float* out_ptr54,
        device float* out_ptr55,
        device float* out_ptr56,
        device float* out_ptr57,
        device float* out_ptr58,
        device float* out_ptr59,
        device float* out_ptr60,
        device float* out_ptr61,
        device float* out_ptr62,
        device float* out_ptr63,
        constant float* in_ptr0,
        constant bfloat* in_ptr1,
        constant bfloat* in_ptr2,
        constant float* in_ptr3,
        device c10::metal::ErrorMessages* error_buf,
        uint xindex [[thread_position_in_grid]]
    ) {
        int x3 = xindex;
        int x0 = (xindex) % (32);
        int x2 = c10::metal::floor_divide(xindex, 384);
        int x1 = ((xindex) / (32)) % (12);
        auto tmp0 = in_ptr0[x3];
        auto tmp7 = static_cast<float>(in_ptr1[8192 + x0 + 16384*x2]);
        auto tmp11 = static_cast<float>(in_ptr2[477952 + x1 + 952320*x2]);
        auto tmp13 = in_ptr3[x1];
        auto tmp28 = static_cast<float>(in_ptr1[8224 + x0 + 16384*x2]);
        auto tmp31 = static_cast<float>(in_ptr2[479812 + x1 + 952320*x2]);
        auto tmp45 = static_cast<float>(in_ptr1[8256 + x0 + 16384*x2]);
        auto tmp48 = static_cast<float>(in_ptr2[481672 + x1 + 952320*x2]);
        auto tmp62 = static_cast<float>(in_ptr1[8288 + x0 + 16384*x2]);
        auto tmp65 = static_cast<float>(in_ptr2[483532 + x1 + 952320*x2]);
        auto tmp79 = static_cast<float>(in_ptr1[8320 + x0 + 16384*x2]);
        auto tmp82 = static_cast<float>(in_ptr2[485392 + x1 + 952320*x2]);
        auto tmp96 = static_cast<float>(in_ptr1[8352 + x0 + 16384*x2]);
        auto tmp99 = static_cast<float>(in_ptr2[487252 + x1 + 952320*x2]);
        auto tmp113 = static_cast<float>(in_ptr1[8384 + x0 + 16384*x2]);
        auto tmp116 = static_cast<float>(in_ptr2[489112 + x1 + 952320*x2]);
        auto tmp130 = static_cast<float>(in_ptr1[8416 + x0 + 16384*x2]);
        auto tmp133 = static_cast<float>(in_ptr2[490972 + x1 + 952320*x2]);
        auto tmp147 = static_cast<float>(in_ptr1[8448 + x0 + 16384*x2]);
        auto tmp150 = static_cast<float>(in_ptr2[492832 + x1 + 952320*x2]);
        auto tmp164 = static_cast<float>(in_ptr1[8480 + x0 + 16384*x2]);
        auto tmp167 = static_cast<float>(in_ptr2[494692 + x1 + 952320*x2]);
        auto tmp181 = static_cast<float>(in_ptr1[8512 + x0 + 16384*x2]);
        auto tmp184 = static_cast<float>(in_ptr2[496552 + x1 + 952320*x2]);
        auto tmp198 = static_cast<float>(in_ptr1[8544 + x0 + 16384*x2]);
        auto tmp201 = static_cast<float>(in_ptr2[498412 + x1 + 952320*x2]);
        auto tmp215 = static_cast<float>(in_ptr1[8576 + x0 + 16384*x2]);
        auto tmp218 = static_cast<float>(in_ptr2[500272 + x1 + 952320*x2]);
        auto tmp232 = static_cast<float>(in_ptr1[8608 + x0 + 16384*x2]);
        auto tmp235 = static_cast<float>(in_ptr2[502132 + x1 + 952320*x2]);
        auto tmp249 = static_cast<float>(in_ptr1[8640 + x0 + 16384*x2]);
        auto tmp252 = static_cast<float>(in_ptr2[503992 + x1 + 952320*x2]);
        auto tmp266 = static_cast<float>(in_ptr1[8672 + x0 + 16384*x2]);
        auto tmp269 = static_cast<float>(in_ptr2[505852 + x1 + 952320*x2]);
        auto tmp283 = static_cast<float>(in_ptr1[8704 + x0 + 16384*x2]);
        auto tmp286 = static_cast<float>(in_ptr2[507712 + x1 + 952320*x2]);
        auto tmp300 = static_cast<float>(in_ptr1[8736 + x0 + 16384*x2]);
        auto tmp303 = static_cast<float>(in_ptr2[509572 + x1 + 952320*x2]);
        auto tmp317 = static_cast<float>(in_ptr1[8768 + x0 + 16384*x2]);
        auto tmp320 = static_cast<float>(in_ptr2[511432 + x1 + 952320*x2]);
        auto tmp334 = static_cast<float>(in_ptr1[8800 + x0 + 16384*x2]);
        auto tmp337 = static_cast<float>(in_ptr2[513292 + x1 + 952320*x2]);
        auto tmp351 = static_cast<float>(in_ptr1[8832 + x0 + 16384*x2]);
        auto tmp354 = static_cast<float>(in_ptr2[515152 + x1 + 952320*x2]);
        auto tmp368 = static_cast<float>(in_ptr1[8864 + x0 + 16384*x2]);
        auto tmp371 = static_cast<float>(in_ptr2[517012 + x1 + 952320*x2]);
        auto tmp385 = static_cast<float>(in_ptr1[8896 + x0 + 16384*x2]);
        auto tmp388 = static_cast<float>(in_ptr2[518872 + x1 + 952320*x2]);
        auto tmp402 = static_cast<float>(in_ptr1[8928 + x0 + 16384*x2]);
        auto tmp405 = static_cast<float>(in_ptr2[520732 + x1 + 952320*x2]);
        auto tmp419 = static_cast<float>(in_ptr1[8960 + x0 + 16384*x2]);
        auto tmp422 = static_cast<float>(in_ptr2[522592 + x1 + 952320*x2]);
        auto tmp436 = static_cast<float>(in_ptr1[8992 + x0 + 16384*x2]);
        auto tmp439 = static_cast<float>(in_ptr2[524452 + x1 + 952320*x2]);
        auto tmp453 = static_cast<float>(in_ptr1[9024 + x0 + 16384*x2]);
        auto tmp456 = static_cast<float>(in_ptr2[526312 + x1 + 952320*x2]);
        auto tmp470 = static_cast<float>(in_ptr1[9056 + x0 + 16384*x2]);
        auto tmp473 = static_cast<float>(in_ptr2[528172 + x1 + 952320*x2]);
        auto tmp487 = static_cast<float>(in_ptr1[9088 + x0 + 16384*x2]);
        auto tmp490 = static_cast<float>(in_ptr2[530032 + x1 + 952320*x2]);
        auto tmp504 = static_cast<float>(in_ptr1[9120 + x0 + 16384*x2]);
        auto tmp507 = static_cast<float>(in_ptr2[531892 + x1 + 952320*x2]);
        auto tmp521 = static_cast<float>(in_ptr1[9152 + x0 + 16384*x2]);
        auto tmp524 = static_cast<float>(in_ptr2[533752 + x1 + 952320*x2]);
        auto tmp538 = static_cast<float>(in_ptr1[9184 + x0 + 16384*x2]);
        auto tmp541 = static_cast<float>(in_ptr2[535612 + x1 + 952320*x2]);
        auto tmp555 = static_cast<float>(in_ptr1[9216 + x0 + 16384*x2]);
        auto tmp558 = static_cast<float>(in_ptr2[537472 + x1 + 952320*x2]);
        auto tmp572 = static_cast<float>(in_ptr1[9248 + x0 + 16384*x2]);
        auto tmp575 = static_cast<float>(in_ptr2[539332 + x1 + 952320*x2]);
        auto tmp589 = static_cast<float>(in_ptr1[9280 + x0 + 16384*x2]);
        auto tmp592 = static_cast<float>(in_ptr2[541192 + x1 + 952320*x2]);
        auto tmp606 = static_cast<float>(in_ptr1[9312 + x0 + 16384*x2]);
        auto tmp609 = static_cast<float>(in_ptr2[543052 + x1 + 952320*x2]);
        auto tmp623 = static_cast<float>(in_ptr1[9344 + x0 + 16384*x2]);
        auto tmp626 = static_cast<float>(in_ptr2[544912 + x1 + 952320*x2]);
        auto tmp640 = static_cast<float>(in_ptr1[9376 + x0 + 16384*x2]);
        auto tmp643 = static_cast<float>(in_ptr2[546772 + x1 + 952320*x2]);
        auto tmp657 = static_cast<float>(in_ptr1[9408 + x0 + 16384*x2]);
        auto tmp660 = static_cast<float>(in_ptr2[548632 + x1 + 952320*x2]);
        auto tmp674 = static_cast<float>(in_ptr1[9440 + x0 + 16384*x2]);
        auto tmp677 = static_cast<float>(in_ptr2[550492 + x1 + 952320*x2]);
        auto tmp691 = static_cast<float>(in_ptr1[9472 + x0 + 16384*x2]);
        auto tmp694 = static_cast<float>(in_ptr2[552352 + x1 + 952320*x2]);
        auto tmp708 = static_cast<float>(in_ptr1[9504 + x0 + 16384*x2]);
        auto tmp711 = static_cast<float>(in_ptr2[554212 + x1 + 952320*x2]);
        auto tmp725 = static_cast<float>(in_ptr1[9536 + x0 + 16384*x2]);
        auto tmp728 = static_cast<float>(in_ptr2[556072 + x1 + 952320*x2]);
        auto tmp742 = static_cast<float>(in_ptr1[9568 + x0 + 16384*x2]);
        auto tmp745 = static_cast<float>(in_ptr2[557932 + x1 + 952320*x2]);
        auto tmp759 = static_cast<float>(in_ptr1[9600 + x0 + 16384*x2]);
        auto tmp762 = static_cast<float>(in_ptr2[559792 + x1 + 952320*x2]);
        auto tmp776 = static_cast<float>(in_ptr1[9632 + x0 + 16384*x2]);
        auto tmp779 = static_cast<float>(in_ptr2[561652 + x1 + 952320*x2]);
        auto tmp793 = static_cast<float>(in_ptr1[9664 + x0 + 16384*x2]);
        auto tmp796 = static_cast<float>(in_ptr2[563512 + x1 + 952320*x2]);
        auto tmp810 = static_cast<float>(in_ptr1[9696 + x0 + 16384*x2]);
        auto tmp813 = static_cast<float>(in_ptr2[565372 + x1 + 952320*x2]);
        auto tmp827 = static_cast<float>(in_ptr1[9728 + x0 + 16384*x2]);
        auto tmp830 = static_cast<float>(in_ptr2[567232 + x1 + 952320*x2]);
        auto tmp844 = static_cast<float>(in_ptr1[9760 + x0 + 16384*x2]);
        auto tmp847 = static_cast<float>(in_ptr2[569092 + x1 + 952320*x2]);
        auto tmp861 = static_cast<float>(in_ptr1[9792 + x0 + 16384*x2]);
        auto tmp864 = static_cast<float>(in_ptr2[570952 + x1 + 952320*x2]);
        auto tmp878 = static_cast<float>(in_ptr1[9824 + x0 + 16384*x2]);
        auto tmp881 = static_cast<float>(in_ptr2[572812 + x1 + 952320*x2]);
        auto tmp895 = static_cast<float>(in_ptr1[9856 + x0 + 16384*x2]);
        auto tmp898 = static_cast<float>(in_ptr2[574672 + x1 + 952320*x2]);
        auto tmp912 = static_cast<float>(in_ptr1[9888 + x0 + 16384*x2]);
        auto tmp915 = static_cast<float>(in_ptr2[576532 + x1 + 952320*x2]);
        auto tmp929 = static_cast<float>(in_ptr1[9920 + x0 + 16384*x2]);
        auto tmp932 = static_cast<float>(in_ptr2[578392 + x1 + 952320*x2]);
        auto tmp946 = static_cast<float>(in_ptr1[9952 + x0 + 16384*x2]);
        auto tmp949 = static_cast<float>(in_ptr2[580252 + x1 + 952320*x2]);
        auto tmp963 = static_cast<float>(in_ptr1[9984 + x0 + 16384*x2]);
        auto tmp966 = static_cast<float>(in_ptr2[582112 + x1 + 952320*x2]);
        auto tmp980 = static_cast<float>(in_ptr1[10016 + x0 + 16384*x2]);
        auto tmp983 = static_cast<float>(in_ptr2[583972 + x1 + 952320*x2]);
        auto tmp997 = static_cast<float>(in_ptr1[10048 + x0 + 16384*x2]);
        auto tmp1000 = static_cast<float>(in_ptr2[585832 + x1 + 952320*x2]);
        auto tmp1014 = static_cast<float>(in_ptr1[10080 + x0 + 16384*x2]);
        auto tmp1017 = static_cast<float>(in_ptr2[587692 + x1 + 952320*x2]);
        auto tmp1031 = static_cast<float>(in_ptr1[10112 + x0 + 16384*x2]);
        auto tmp1034 = static_cast<float>(in_ptr2[589552 + x1 + 952320*x2]);
        auto tmp1048 = static_cast<float>(in_ptr1[10144 + x0 + 16384*x2]);
        auto tmp1051 = static_cast<float>(in_ptr2[591412 + x1 + 952320*x2]);
        auto tmp1065 = static_cast<float>(in_ptr1[10176 + x0 + 16384*x2]);
        auto tmp1068 = static_cast<float>(in_ptr2[593272 + x1 + 952320*x2]);
        auto tmp1082 = static_cast<float>(in_ptr1[10208 + x0 + 16384*x2]);
        auto tmp1085 = static_cast<float>(in_ptr2[595132 + x1 + 952320*x2]);
        auto tmp1099 = static_cast<float>(in_ptr1[10240 + x0 + 16384*x2]);
        auto tmp1102 = static_cast<float>(in_ptr2[596992 + x1 + 952320*x2]);
        auto tmp1116 = static_cast<float>(in_ptr1[10272 + x0 + 16384*x2]);
        auto tmp1119 = static_cast<float>(in_ptr2[598852 + x1 + 952320*x2]);
        auto tmp1133 = static_cast<float>(in_ptr1[10304 + x0 + 16384*x2]);
        auto tmp1136 = static_cast<float>(in_ptr2[600712 + x1 + 952320*x2]);
        auto tmp1150 = static_cast<float>(in_ptr1[10336 + x0 + 16384*x2]);
        auto tmp1153 = static_cast<float>(in_ptr2[602572 + x1 + 952320*x2]);
        auto tmp1167 = static_cast<float>(in_ptr1[10368 + x0 + 16384*x2]);
        auto tmp1170 = static_cast<float>(in_ptr2[604432 + x1 + 952320*x2]);
        auto tmp1184 = static_cast<float>(in_ptr1[10400 + x0 + 16384*x2]);
        auto tmp1187 = static_cast<float>(in_ptr2[606292 + x1 + 952320*x2]);
        auto tmp1201 = static_cast<float>(in_ptr1[10432 + x0 + 16384*x2]);
        auto tmp1204 = static_cast<float>(in_ptr2[608152 + x1 + 952320*x2]);
        auto tmp1218 = static_cast<float>(in_ptr1[10464 + x0 + 16384*x2]);
        auto tmp1221 = static_cast<float>(in_ptr2[610012 + x1 + 952320*x2]);
        auto tmp1235 = static_cast<float>(in_ptr1[10496 + x0 + 16384*x2]);
        auto tmp1238 = static_cast<float>(in_ptr2[611872 + x1 + 952320*x2]);
        auto tmp1252 = static_cast<float>(in_ptr1[10528 + x0 + 16384*x2]);
        auto tmp1255 = static_cast<float>(in_ptr2[613732 + x1 + 952320*x2]);
        auto tmp1269 = static_cast<float>(in_ptr1[10560 + x0 + 16384*x2]);
        auto tmp1272 = static_cast<float>(in_ptr2[615592 + x1 + 952320*x2]);
        auto tmp1286 = static_cast<float>(in_ptr1[10592 + x0 + 16384*x2]);
        auto tmp1289 = static_cast<float>(in_ptr2[617452 + x1 + 952320*x2]);
        auto tmp1303 = static_cast<float>(in_ptr1[10624 + x0 + 16384*x2]);
        auto tmp1306 = static_cast<float>(in_ptr2[619312 + x1 + 952320*x2]);
        auto tmp1320 = static_cast<float>(in_ptr1[10656 + x0 + 16384*x2]);
        auto tmp1323 = static_cast<float>(in_ptr2[621172 + x1 + 952320*x2]);
        auto tmp1337 = static_cast<float>(in_ptr1[10688 + x0 + 16384*x2]);
        auto tmp1340 = static_cast<float>(in_ptr2[623032 + x1 + 952320*x2]);
        auto tmp1354 = static_cast<float>(in_ptr1[10720 + x0 + 16384*x2]);
        auto tmp1357 = static_cast<float>(in_ptr2[624892 + x1 + 952320*x2]);
        auto tmp1371 = static_cast<float>(in_ptr1[10752 + x0 + 16384*x2]);
        auto tmp1374 = static_cast<float>(in_ptr2[626752 + x1 + 952320*x2]);
        auto tmp1388 = static_cast<float>(in_ptr1[10784 + x0 + 16384*x2]);
        auto tmp1391 = static_cast<float>(in_ptr2[628612 + x1 + 952320*x2]);
        auto tmp1405 = static_cast<float>(in_ptr1[10816 + x0 + 16384*x2]);
        auto tmp1408 = static_cast<float>(in_ptr2[630472 + x1 + 952320*x2]);
        auto tmp1422 = static_cast<float>(in_ptr1[10848 + x0 + 16384*x2]);
        auto tmp1425 = static_cast<float>(in_ptr2[632332 + x1 + 952320*x2]);
        auto tmp1439 = static_cast<float>(in_ptr1[10880 + x0 + 16384*x2]);
        auto tmp1442 = static_cast<float>(in_ptr2[634192 + x1 + 952320*x2]);
        auto tmp1456 = static_cast<float>(in_ptr1[10912 + x0 + 16384*x2]);
        auto tmp1459 = static_cast<float>(in_ptr2[636052 + x1 + 952320*x2]);
        auto tmp1473 = static_cast<float>(in_ptr1[10944 + x0 + 16384*x2]);
        auto tmp1476 = static_cast<float>(in_ptr2[637912 + x1 + 952320*x2]);
        auto tmp1490 = static_cast<float>(in_ptr1[10976 + x0 + 16384*x2]);
        auto tmp1493 = static_cast<float>(in_ptr2[639772 + x1 + 952320*x2]);
        auto tmp1507 = static_cast<float>(in_ptr1[11008 + x0 + 16384*x2]);
        auto tmp1510 = static_cast<float>(in_ptr2[641632 + x1 + 952320*x2]);
        auto tmp1524 = static_cast<float>(in_ptr1[11040 + x0 + 16384*x2]);
        auto tmp1527 = static_cast<float>(in_ptr2[643492 + x1 + 952320*x2]);
        auto tmp1541 = static_cast<float>(in_ptr1[11072 + x0 + 16384*x2]);
        auto tmp1544 = static_cast<float>(in_ptr2[645352 + x1 + 952320*x2]);
        auto tmp1558 = static_cast<float>(in_ptr1[11104 + x0 + 16384*x2]);
        auto tmp1561 = static_cast<float>(in_ptr2[647212 + x1 + 952320*x2]);
        auto tmp1575 = static_cast<float>(in_ptr1[11136 + x0 + 16384*x2]);
        auto tmp1578 = static_cast<float>(in_ptr2[649072 + x1 + 952320*x2]);
        auto tmp1592 = static_cast<float>(in_ptr1[11168 + x0 + 16384*x2]);
        auto tmp1595 = static_cast<float>(in_ptr2[650932 + x1 + 952320*x2]);
        auto tmp1609 = static_cast<float>(in_ptr1[11200 + x0 + 16384*x2]);
        auto tmp1612 = static_cast<float>(in_ptr2[652792 + x1 + 952320*x2]);
        auto tmp1626 = static_cast<float>(in_ptr1[11232 + x0 + 16384*x2]);
        auto tmp1629 = static_cast<float>(in_ptr2[654652 + x1 + 952320*x2]);
        auto tmp1643 = static_cast<float>(in_ptr1[11264 + x0 + 16384*x2]);
        auto tmp1646 = static_cast<float>(in_ptr2[656512 + x1 + 952320*x2]);
        auto tmp1660 = static_cast<float>(in_ptr1[11296 + x0 + 16384*x2]);
        auto tmp1663 = static_cast<float>(in_ptr2[658372 + x1 + 952320*x2]);
        auto tmp1677 = static_cast<float>(in_ptr1[11328 + x0 + 16384*x2]);
        auto tmp1680 = static_cast<float>(in_ptr2[660232 + x1 + 952320*x2]);
        auto tmp1694 = static_cast<float>(in_ptr1[11360 + x0 + 16384*x2]);
        auto tmp1697 = static_cast<float>(in_ptr2[662092 + x1 + 952320*x2]);
        auto tmp1711 = static_cast<float>(in_ptr1[11392 + x0 + 16384*x2]);
        auto tmp1714 = static_cast<float>(in_ptr2[663952 + x1 + 952320*x2]);
        auto tmp1728 = static_cast<float>(in_ptr1[11424 + x0 + 16384*x2]);
        auto tmp1731 = static_cast<float>(in_ptr2[665812 + x1 + 952320*x2]);
        auto tmp1745 = static_cast<float>(in_ptr1[11456 + x0 + 16384*x2]);
        auto tmp1748 = static_cast<float>(in_ptr2[667672 + x1 + 952320*x2]);
        auto tmp1762 = static_cast<float>(in_ptr1[11488 + x0 + 16384*x2]);
        auto tmp1765 = static_cast<float>(in_ptr2[669532 + x1 + 952320*x2]);
        auto tmp1779 = static_cast<float>(in_ptr1[11520 + x0 + 16384*x2]);
        auto tmp1782 = static_cast<float>(in_ptr2[671392 + x1 + 952320*x2]);
        auto tmp1796 = static_cast<float>(in_ptr1[11552 + x0 + 16384*x2]);
        auto tmp1799 = static_cast<float>(in_ptr2[673252 + x1 + 952320*x2]);
        auto tmp1813 = static_cast<float>(in_ptr1[11584 + x0 + 16384*x2]);
        auto tmp1816 = static_cast<float>(in_ptr2[675112 + x1 + 952320*x2]);
        auto tmp1830 = static_cast<float>(in_ptr1[11616 + x0 + 16384*x2]);
        auto tmp1833 = static_cast<float>(in_ptr2[676972 + x1 + 952320*x2]);
        auto tmp1847 = static_cast<float>(in_ptr1[11648 + x0 + 16384*x2]);
        auto tmp1850 = static_cast<float>(in_ptr2[678832 + x1 + 952320*x2]);
        auto tmp1864 = static_cast<float>(in_ptr1[11680 + x0 + 16384*x2]);
        auto tmp1867 = static_cast<float>(in_ptr2[680692 + x1 + 952320*x2]);
        auto tmp1881 = static_cast<float>(in_ptr1[11712 + x0 + 16384*x2]);
        auto tmp1884 = static_cast<float>(in_ptr2[682552 + x1 + 952320*x2]);
        auto tmp1898 = static_cast<float>(in_ptr1[11744 + x0 + 16384*x2]);
        auto tmp1901 = static_cast<float>(in_ptr2[684412 + x1 + 952320*x2]);
        auto tmp1915 = static_cast<float>(in_ptr1[11776 + x0 + 16384*x2]);
        auto tmp1918 = static_cast<float>(in_ptr2[686272 + x1 + 952320*x2]);
        auto tmp1932 = static_cast<float>(in_ptr1[11808 + x0 + 16384*x2]);
        auto tmp1935 = static_cast<float>(in_ptr2[688132 + x1 + 952320*x2]);
        auto tmp1949 = static_cast<float>(in_ptr1[11840 + x0 + 16384*x2]);
        auto tmp1952 = static_cast<float>(in_ptr2[689992 + x1 + 952320*x2]);
        auto tmp1966 = static_cast<float>(in_ptr1[11872 + x0 + 16384*x2]);
        auto tmp1969 = static_cast<float>(in_ptr2[691852 + x1 + 952320*x2]);
        auto tmp1983 = static_cast<float>(in_ptr1[11904 + x0 + 16384*x2]);
        auto tmp1986 = static_cast<float>(in_ptr2[693712 + x1 + 952320*x2]);
        auto tmp2000 = static_cast<float>(in_ptr1[11936 + x0 + 16384*x2]);
        auto tmp2003 = static_cast<float>(in_ptr2[695572 + x1 + 952320*x2]);
        auto tmp2017 = static_cast<float>(in_ptr1[11968 + x0 + 16384*x2]);
        auto tmp2020 = static_cast<float>(in_ptr2[697432 + x1 + 952320*x2]);
        auto tmp2034 = static_cast<float>(in_ptr1[12000 + x0 + 16384*x2]);
        auto tmp2037 = static_cast<float>(in_ptr2[699292 + x1 + 952320*x2]);
        auto tmp2051 = static_cast<float>(in_ptr1[12032 + x0 + 16384*x2]);
        auto tmp2054 = static_cast<float>(in_ptr2[701152 + x1 + 952320*x2]);
        auto tmp2068 = static_cast<float>(in_ptr1[12064 + x0 + 16384*x2]);
        auto tmp2071 = static_cast<float>(in_ptr2[703012 + x1 + 952320*x2]);
        auto tmp2085 = static_cast<float>(in_ptr1[12096 + x0 + 16384*x2]);
        auto tmp2088 = static_cast<float>(in_ptr2[704872 + x1 + 952320*x2]);
        auto tmp2102 = static_cast<float>(in_ptr1[12128 + x0 + 16384*x2]);
        auto tmp2105 = static_cast<float>(in_ptr2[706732 + x1 + 952320*x2]);
        auto tmp2119 = static_cast<float>(in_ptr1[12160 + x0 + 16384*x2]);
        auto tmp2122 = static_cast<float>(in_ptr2[708592 + x1 + 952320*x2]);
        auto tmp2136 = static_cast<float>(in_ptr1[12192 + x0 + 16384*x2]);
        auto tmp2139 = static_cast<float>(in_ptr2[710452 + x1 + 952320*x2]);
        auto tmp2153 = static_cast<float>(in_ptr1[12224 + x0 + 16384*x2]);
        auto tmp2156 = static_cast<float>(in_ptr2[712312 + x1 + 952320*x2]);
        auto tmp2170 = static_cast<float>(in_ptr1[12256 + x0 + 16384*x2]);
        auto tmp2173 = static_cast<float>(in_ptr2[714172 + x1 + 952320*x2]);
        auto tmp1 = 0.15915494309189535;
        auto tmp2 = tmp0 * tmp1;
        auto tmp3 = metal::floor(tmp2);
        auto tmp4 = 6.283185307179586;
        auto tmp5 = tmp3 * tmp4;
        auto tmp6 = tmp0 - tmp5;
        auto tmp8 = 3.141592653589793;
        auto tmp9 = tmp7 * tmp8;
        auto tmp10 = static_cast<float>(tmp9);
        auto tmp12 = static_cast<float>(tmp11);
        auto tmp14 = tmp12 + tmp13;
        auto tmp15 = 20.0;
        auto tmp16 = tmp14 > tmp15;
        auto tmp17 = metal::precise::exp(tmp14);
        auto tmp18 = 1;
        auto tmp19 = tmp17 + tmp18;
        auto tmp20 = metal::precise::log(tmp19);
        auto tmp21 = tmp16 ? tmp14 : static_cast<decltype(tmp14)>(tmp20);
        auto tmp22 = tmp10 * tmp21;
        auto tmp23 = tmp6 + tmp22;
        auto tmp24 = tmp23 * tmp1;
        auto tmp25 = metal::floor(tmp24);
        auto tmp26 = tmp25 * tmp4;
        auto tmp27 = tmp23 - tmp26;
        auto tmp29 = tmp28 * tmp8;
        auto tmp30 = static_cast<float>(tmp29);
        auto tmp32 = static_cast<float>(tmp31);
        auto tmp33 = tmp32 + tmp13;
        auto tmp34 = tmp33 > tmp15;
        auto tmp35 = metal::precise::exp(tmp33);
        auto tmp36 = tmp35 + tmp18;
        auto tmp37 = metal::precise::log(tmp36);
        auto tmp38 = tmp34 ? tmp33 : static_cast<decltype(tmp33)>(tmp37);
        auto tmp39 = tmp30 * tmp38;
        auto tmp40 = tmp27 + tmp39;
        auto tmp41 = tmp40 * tmp1;
        auto tmp42 = metal::floor(tmp41);
        auto tmp43 = tmp42 * tmp4;
        auto tmp44 = tmp40 - tmp43;
        auto tmp46 = tmp45 * tmp8;
        auto tmp47 = static_cast<float>(tmp46);
        auto tmp49 = static_cast<float>(tmp48);
        auto tmp50 = tmp49 + tmp13;
        auto tmp51 = tmp50 > tmp15;
        auto tmp52 = metal::precise::exp(tmp50);
        auto tmp53 = tmp52 + tmp18;
        auto tmp54 = metal::precise::log(tmp53);
        auto tmp55 = tmp51 ? tmp50 : static_cast<decltype(tmp50)>(tmp54);
        auto tmp56 = tmp47 * tmp55;
        auto tmp57 = tmp44 + tmp56;
        auto tmp58 = tmp57 * tmp1;
        auto tmp59 = metal::floor(tmp58);
        auto tmp60 = tmp59 * tmp4;
        auto tmp61 = tmp57 - tmp60;
        auto tmp63 = tmp62 * tmp8;
        auto tmp64 = static_cast<float>(tmp63);
        auto tmp66 = static_cast<float>(tmp65);
        auto tmp67 = tmp66 + tmp13;
        auto tmp68 = tmp67 > tmp15;
        auto tmp69 = metal::precise::exp(tmp67);
        auto tmp70 = tmp69 + tmp18;
        auto tmp71 = metal::precise::log(tmp70);
        auto tmp72 = tmp68 ? tmp67 : static_cast<decltype(tmp67)>(tmp71);
        auto tmp73 = tmp64 * tmp72;
        auto tmp74 = tmp61 + tmp73;
        auto tmp75 = tmp74 * tmp1;
        auto tmp76 = metal::floor(tmp75);
        auto tmp77 = tmp76 * tmp4;
        auto tmp78 = tmp74 - tmp77;
        auto tmp80 = tmp79 * tmp8;
        auto tmp81 = static_cast<float>(tmp80);
        auto tmp83 = static_cast<float>(tmp82);
        auto tmp84 = tmp83 + tmp13;
        auto tmp85 = tmp84 > tmp15;
        auto tmp86 = metal::precise::exp(tmp84);
        auto tmp87 = tmp86 + tmp18;
        auto tmp88 = metal::precise::log(tmp87);
        auto tmp89 = tmp85 ? tmp84 : static_cast<decltype(tmp84)>(tmp88);
        auto tmp90 = tmp81 * tmp89;
        auto tmp91 = tmp78 + tmp90;
        auto tmp92 = tmp91 * tmp1;
        auto tmp93 = metal::floor(tmp92);
        auto tmp94 = tmp93 * tmp4;
        auto tmp95 = tmp91 - tmp94;
        auto tmp97 = tmp96 * tmp8;
        auto tmp98 = static_cast<float>(tmp97);
        auto tmp100 = static_cast<float>(tmp99);
        auto tmp101 = tmp100 + tmp13;
        auto tmp102 = tmp101 > tmp15;
        auto tmp103 = metal::precise::exp(tmp101);
        auto tmp104 = tmp103 + tmp18;
        auto tmp105 = metal::precise::log(tmp104);
        auto tmp106 = tmp102 ? tmp101 : static_cast<decltype(tmp101)>(tmp105);
        auto tmp107 = tmp98 * tmp106;
        auto tmp108 = tmp95 + tmp107;
        auto tmp109 = tmp108 * tmp1;
        auto tmp110 = metal::floor(tmp109);
        auto tmp111 = tmp110 * tmp4;
        auto tmp112 = tmp108 - tmp111;
        auto tmp114 = tmp113 * tmp8;
        auto tmp115 = static_cast<float>(tmp114);
        auto tmp117 = static_cast<float>(tmp116);
        auto tmp118 = tmp117 + tmp13;
        auto tmp119 = tmp118 > tmp15;
        auto tmp120 = metal::precise::exp(tmp118);
        auto tmp121 = tmp120 + tmp18;
        auto tmp122 = metal::precise::log(tmp121);
        auto tmp123 = tmp119 ? tmp118 : static_cast<decltype(tmp118)>(tmp122);
        auto tmp124 = tmp115 * tmp123;
        auto tmp125 = tmp112 + tmp124;
        auto tmp126 = tmp125 * tmp1;
        auto tmp127 = metal::floor(tmp126);
        auto tmp128 = tmp127 * tmp4;
        auto tmp129 = tmp125 - tmp128;
        auto tmp131 = tmp130 * tmp8;
        auto tmp132 = static_cast<float>(tmp131);
        auto tmp134 = static_cast<float>(tmp133);
        auto tmp135 = tmp134 + tmp13;
        auto tmp136 = tmp135 > tmp15;
        auto tmp137 = metal::precise::exp(tmp135);
        auto tmp138 = tmp137 + tmp18;
        auto tmp139 = metal::precise::log(tmp138);
        auto tmp140 = tmp136 ? tmp135 : static_cast<decltype(tmp135)>(tmp139);
        auto tmp141 = tmp132 * tmp140;
        auto tmp142 = tmp129 + tmp141;
        auto tmp143 = tmp142 * tmp1;
        auto tmp144 = metal::floor(tmp143);
        auto tmp145 = tmp144 * tmp4;
        auto tmp146 = tmp142 - tmp145;
        auto tmp148 = tmp147 * tmp8;
        auto tmp149 = static_cast<float>(tmp148);
        auto tmp151 = static_cast<float>(tmp150);
        auto tmp152 = tmp151 + tmp13;
        auto tmp153 = tmp152 > tmp15;
        auto tmp154 = metal::precise::exp(tmp152);
        auto tmp155 = tmp154 + tmp18;
        auto tmp156 = metal::precise::log(tmp155);
        auto tmp157 = tmp153 ? tmp152 : static_cast<decltype(tmp152)>(tmp156);
        auto tmp158 = tmp149 * tmp157;
        auto tmp159 = tmp146 + tmp158;
        auto tmp160 = tmp159 * tmp1;
        auto tmp161 = metal::floor(tmp160);
        auto tmp162 = tmp161 * tmp4;
        auto tmp163 = tmp159 - tmp162;
        auto tmp165 = tmp164 * tmp8;
        auto tmp166 = static_cast<float>(tmp165);
        auto tmp168 = static_cast<float>(tmp167);
        auto tmp169 = tmp168 + tmp13;
        auto tmp170 = tmp169 > tmp15;
        auto tmp171 = metal::precise::exp(tmp169);
        auto tmp172 = tmp171 + tmp18;
        auto tmp173 = metal::precise::log(tmp172);
        auto tmp174 = tmp170 ? tmp169 : static_cast<decltype(tmp169)>(tmp173);
        auto tmp175 = tmp166 * tmp174;
        auto tmp176 = tmp163 + tmp175;
        auto tmp177 = tmp176 * tmp1;
        auto tmp178 = metal::floor(tmp177);
        auto tmp179 = tmp178 * tmp4;
        auto tmp180 = tmp176 - tmp179;
        auto tmp182 = tmp181 * tmp8;
        auto tmp183 = static_cast<float>(tmp182);
        auto tmp185 = static_cast<float>(tmp184);
        auto tmp186 = tmp185 + tmp13;
        auto tmp187 = tmp186 > tmp15;
        auto tmp188 = metal::precise::exp(tmp186);
        auto tmp189 = tmp188 + tmp18;
        auto tmp190 = metal::precise::log(tmp189);
        auto tmp191 = tmp187 ? tmp186 : static_cast<decltype(tmp186)>(tmp190);
        auto tmp192 = tmp183 * tmp191;
        auto tmp193 = tmp180 + tmp192;
        auto tmp194 = tmp193 * tmp1;
        auto tmp195 = metal::floor(tmp194);
        auto tmp196 = tmp195 * tmp4;
        auto tmp197 = tmp193 - tmp196;
        auto tmp199 = tmp198 * tmp8;
        auto tmp200 = static_cast<float>(tmp199);
        auto tmp202 = static_cast<float>(tmp201);
        auto tmp203 = tmp202 + tmp13;
        auto tmp204 = tmp203 > tmp15;
        auto tmp205 = metal::precise::exp(tmp203);
        auto tmp206 = tmp205 + tmp18;
        auto tmp207 = metal::precise::log(tmp206);
        auto tmp208 = tmp204 ? tmp203 : static_cast<decltype(tmp203)>(tmp207);
        auto tmp209 = tmp200 * tmp208;
        auto tmp210 = tmp197 + tmp209;
        auto tmp211 = tmp210 * tmp1;
        auto tmp212 = metal::floor(tmp211);
        auto tmp213 = tmp212 * tmp4;
        auto tmp214 = tmp210 - tmp213;
        auto tmp216 = tmp215 * tmp8;
        auto tmp217 = static_cast<float>(tmp216);
        auto tmp219 = static_cast<float>(tmp218);
        auto tmp220 = tmp219 + tmp13;
        auto tmp221 = tmp220 > tmp15;
        auto tmp222 = metal::precise::exp(tmp220);
        auto tmp223 = tmp222 + tmp18;
        auto tmp224 = metal::precise::log(tmp223);
        auto tmp225 = tmp221 ? tmp220 : static_cast<decltype(tmp220)>(tmp224);
        auto tmp226 = tmp217 * tmp225;
        auto tmp227 = tmp214 + tmp226;
        auto tmp228 = tmp227 * tmp1;
        auto tmp229 = metal::floor(tmp228);
        auto tmp230 = tmp229 * tmp4;
        auto tmp231 = tmp227 - tmp230;
        auto tmp233 = tmp232 * tmp8;
        auto tmp234 = static_cast<float>(tmp233);
        auto tmp236 = static_cast<float>(tmp235);
        auto tmp237 = tmp236 + tmp13;
        auto tmp238 = tmp237 > tmp15;
        auto tmp239 = metal::precise::exp(tmp237);
        auto tmp240 = tmp239 + tmp18;
        auto tmp241 = metal::precise::log(tmp240);
        auto tmp242 = tmp238 ? tmp237 : static_cast<decltype(tmp237)>(tmp241);
        auto tmp243 = tmp234 * tmp242;
        auto tmp244 = tmp231 + tmp243;
        auto tmp245 = tmp244 * tmp1;
        auto tmp246 = metal::floor(tmp245);
        auto tmp247 = tmp246 * tmp4;
        auto tmp248 = tmp244 - tmp247;
        auto tmp250 = tmp249 * tmp8;
        auto tmp251 = static_cast<float>(tmp250);
        auto tmp253 = static_cast<float>(tmp252);
        auto tmp254 = tmp253 + tmp13;
        auto tmp255 = tmp254 > tmp15;
        auto tmp256 = metal::precise::exp(tmp254);
        auto tmp257 = tmp256 + tmp18;
        auto tmp258 = metal::precise::log(tmp257);
        auto tmp259 = tmp255 ? tmp254 : static_cast<decltype(tmp254)>(tmp258);
        auto tmp260 = tmp251 * tmp259;
        auto tmp261 = tmp248 + tmp260;
        auto tmp262 = tmp261 * tmp1;
        auto tmp263 = metal::floor(tmp262);
        auto tmp264 = tmp263 * tmp4;
        auto tmp265 = tmp261 - tmp264;
        auto tmp267 = tmp266 * tmp8;
        auto tmp268 = static_cast<float>(tmp267);
        auto tmp270 = static_cast<float>(tmp269);
        auto tmp271 = tmp270 + tmp13;
        auto tmp272 = tmp271 > tmp15;
        auto tmp273 = metal::precise::exp(tmp271);
        auto tmp274 = tmp273 + tmp18;
        auto tmp275 = metal::precise::log(tmp274);
        auto tmp276 = tmp272 ? tmp271 : static_cast<decltype(tmp271)>(tmp275);
        auto tmp277 = tmp268 * tmp276;
        auto tmp278 = tmp265 + tmp277;
        auto tmp279 = tmp278 * tmp1;
        auto tmp280 = metal::floor(tmp279);
        auto tmp281 = tmp280 * tmp4;
        auto tmp282 = tmp278 - tmp281;
        auto tmp284 = tmp283 * tmp8;
        auto tmp285 = static_cast<float>(tmp284);
        auto tmp287 = static_cast<float>(tmp286);
        auto tmp288 = tmp287 + tmp13;
        auto tmp289 = tmp288 > tmp15;
        auto tmp290 = metal::precise::exp(tmp288);
        auto tmp291 = tmp290 + tmp18;
        auto tmp292 = metal::precise::log(tmp291);
        auto tmp293 = tmp289 ? tmp288 : static_cast<decltype(tmp288)>(tmp292);
        auto tmp294 = tmp285 * tmp293;
        auto tmp295 = tmp282 + tmp294;
        auto tmp296 = tmp295 * tmp1;
        auto tmp297 = metal::floor(tmp296);
        auto tmp298 = tmp297 * tmp4;
        auto tmp299 = tmp295 - tmp298;
        auto tmp301 = tmp300 * tmp8;
        auto tmp302 = static_cast<float>(tmp301);
        auto tmp304 = static_cast<float>(tmp303);
        auto tmp305 = tmp304 + tmp13;
        auto tmp306 = tmp305 > tmp15;
        auto tmp307 = metal::precise::exp(tmp305);
        auto tmp308 = tmp307 + tmp18;
        auto tmp309 = metal::precise::log(tmp308);
        auto tmp310 = tmp306 ? tmp305 : static_cast<decltype(tmp305)>(tmp309);
        auto tmp311 = tmp302 * tmp310;
        auto tmp312 = tmp299 + tmp311;
        auto tmp313 = tmp312 * tmp1;
        auto tmp314 = metal::floor(tmp313);
        auto tmp315 = tmp314 * tmp4;
        auto tmp316 = tmp312 - tmp315;
        auto tmp318 = tmp317 * tmp8;
        auto tmp319 = static_cast<float>(tmp318);
        auto tmp321 = static_cast<float>(tmp320);
        auto tmp322 = tmp321 + tmp13;
        auto tmp323 = tmp322 > tmp15;
        auto tmp324 = metal::precise::exp(tmp322);
        auto tmp325 = tmp324 + tmp18;
        auto tmp326 = metal::precise::log(tmp325);
        auto tmp327 = tmp323 ? tmp322 : static_cast<decltype(tmp322)>(tmp326);
        auto tmp328 = tmp319 * tmp327;
        auto tmp329 = tmp316 + tmp328;
        auto tmp330 = tmp329 * tmp1;
        auto tmp331 = metal::floor(tmp330);
        auto tmp332 = tmp331 * tmp4;
        auto tmp333 = tmp329 - tmp332;
        auto tmp335 = tmp334 * tmp8;
        auto tmp336 = static_cast<float>(tmp335);
        auto tmp338 = static_cast<float>(tmp337);
        auto tmp339 = tmp338 + tmp13;
        auto tmp340 = tmp339 > tmp15;
        auto tmp341 = metal::precise::exp(tmp339);
        auto tmp342 = tmp341 + tmp18;
        auto tmp343 = metal::precise::log(tmp342);
        auto tmp344 = tmp340 ? tmp339 : static_cast<decltype(tmp339)>(tmp343);
        auto tmp345 = tmp336 * tmp344;
        auto tmp346 = tmp333 + tmp345;
        auto tmp347 = tmp346 * tmp1;
        auto tmp348 = metal::floor(tmp347);
        auto tmp349 = tmp348 * tmp4;
        auto tmp350 = tmp346 - tmp349;
        auto tmp352 = tmp351 * tmp8;
        auto tmp353 = static_cast<float>(tmp352);
        auto tmp355 = static_cast<float>(tmp354);
        auto tmp356 = tmp355 + tmp13;
        auto tmp357 = tmp356 > tmp15;
        auto tmp358 = metal::precise::exp(tmp356);
        auto tmp359 = tmp358 + tmp18;
        auto tmp360 = metal::precise::log(tmp359);
        auto tmp361 = tmp357 ? tmp356 : static_cast<decltype(tmp356)>(tmp360);
        auto tmp362 = tmp353 * tmp361;
        auto tmp363 = tmp350 + tmp362;
        auto tmp364 = tmp363 * tmp1;
        auto tmp365 = metal::floor(tmp364);
        auto tmp366 = tmp365 * tmp4;
        auto tmp367 = tmp363 - tmp366;
        auto tmp369 = tmp368 * tmp8;
        auto tmp370 = static_cast<float>(tmp369);
        auto tmp372 = static_cast<float>(tmp371);
        auto tmp373 = tmp372 + tmp13;
        auto tmp374 = tmp373 > tmp15;
        auto tmp375 = metal::precise::exp(tmp373);
        auto tmp376 = tmp375 + tmp18;
        auto tmp377 = metal::precise::log(tmp376);
        auto tmp378 = tmp374 ? tmp373 : static_cast<decltype(tmp373)>(tmp377);
        auto tmp379 = tmp370 * tmp378;
        auto tmp380 = tmp367 + tmp379;
        auto tmp381 = tmp380 * tmp1;
        auto tmp382 = metal::floor(tmp381);
        auto tmp383 = tmp382 * tmp4;
        auto tmp384 = tmp380 - tmp383;
        auto tmp386 = tmp385 * tmp8;
        auto tmp387 = static_cast<float>(tmp386);
        auto tmp389 = static_cast<float>(tmp388);
        auto tmp390 = tmp389 + tmp13;
        auto tmp391 = tmp390 > tmp15;
        auto tmp392 = metal::precise::exp(tmp390);
        auto tmp393 = tmp392 + tmp18;
        auto tmp394 = metal::precise::log(tmp393);
        auto tmp395 = tmp391 ? tmp390 : static_cast<decltype(tmp390)>(tmp394);
        auto tmp396 = tmp387 * tmp395;
        auto tmp397 = tmp384 + tmp396;
        auto tmp398 = tmp397 * tmp1;
        auto tmp399 = metal::floor(tmp398);
        auto tmp400 = tmp399 * tmp4;
        auto tmp401 = tmp397 - tmp400;
        auto tmp403 = tmp402 * tmp8;
        auto tmp404 = static_cast<float>(tmp403);
        auto tmp406 = static_cast<float>(tmp405);
        auto tmp407 = tmp406 + tmp13;
        auto tmp408 = tmp407 > tmp15;
        auto tmp409 = metal::precise::exp(tmp407);
        auto tmp410 = tmp409 + tmp18;
        auto tmp411 = metal::precise::log(tmp410);
        auto tmp412 = tmp408 ? tmp407 : static_cast<decltype(tmp407)>(tmp411);
        auto tmp413 = tmp404 * tmp412;
        auto tmp414 = tmp401 + tmp413;
        auto tmp415 = tmp414 * tmp1;
        auto tmp416 = metal::floor(tmp415);
        auto tmp417 = tmp416 * tmp4;
        auto tmp418 = tmp414 - tmp417;
        auto tmp420 = tmp419 * tmp8;
        auto tmp421 = static_cast<float>(tmp420);
        auto tmp423 = static_cast<float>(tmp422);
        auto tmp424 = tmp423 + tmp13;
        auto tmp425 = tmp424 > tmp15;
        auto tmp426 = metal::precise::exp(tmp424);
        auto tmp427 = tmp426 + tmp18;
        auto tmp428 = metal::precise::log(tmp427);
        auto tmp429 = tmp425 ? tmp424 : static_cast<decltype(tmp424)>(tmp428);
        auto tmp430 = tmp421 * tmp429;
        auto tmp431 = tmp418 + tmp430;
        auto tmp432 = tmp431 * tmp1;
        auto tmp433 = metal::floor(tmp432);
        auto tmp434 = tmp433 * tmp4;
        auto tmp435 = tmp431 - tmp434;
        auto tmp437 = tmp436 * tmp8;
        auto tmp438 = static_cast<float>(tmp437);
        auto tmp440 = static_cast<float>(tmp439);
        auto tmp441 = tmp440 + tmp13;
        auto tmp442 = tmp441 > tmp15;
        auto tmp443 = metal::precise::exp(tmp441);
        auto tmp444 = tmp443 + tmp18;
        auto tmp445 = metal::precise::log(tmp444);
        auto tmp446 = tmp442 ? tmp441 : static_cast<decltype(tmp441)>(tmp445);
        auto tmp447 = tmp438 * tmp446;
        auto tmp448 = tmp435 + tmp447;
        auto tmp449 = tmp448 * tmp1;
        auto tmp450 = metal::floor(tmp449);
        auto tmp451 = tmp450 * tmp4;
        auto tmp452 = tmp448 - tmp451;
        auto tmp454 = tmp453 * tmp8;
        auto tmp455 = static_cast<float>(tmp454);
        auto tmp457 = static_cast<float>(tmp456);
        auto tmp458 = tmp457 + tmp13;
        auto tmp459 = tmp458 > tmp15;
        auto tmp460 = metal::precise::exp(tmp458);
        auto tmp461 = tmp460 + tmp18;
        auto tmp462 = metal::precise::log(tmp461);
        auto tmp463 = tmp459 ? tmp458 : static_cast<decltype(tmp458)>(tmp462);
        auto tmp464 = tmp455 * tmp463;
        auto tmp465 = tmp452 + tmp464;
        auto tmp466 = tmp465 * tmp1;
        auto tmp467 = metal::floor(tmp466);
        auto tmp468 = tmp467 * tmp4;
        auto tmp469 = tmp465 - tmp468;
        auto tmp471 = tmp470 * tmp8;
        auto tmp472 = static_cast<float>(tmp471);
        auto tmp474 = static_cast<float>(tmp473);
        auto tmp475 = tmp474 + tmp13;
        auto tmp476 = tmp475 > tmp15;
        auto tmp477 = metal::precise::exp(tmp475);
        auto tmp478 = tmp477 + tmp18;
        auto tmp479 = metal::precise::log(tmp478);
        auto tmp480 = tmp476 ? tmp475 : static_cast<decltype(tmp475)>(tmp479);
        auto tmp481 = tmp472 * tmp480;
        auto tmp482 = tmp469 + tmp481;
        auto tmp483 = tmp482 * tmp1;
        auto tmp484 = metal::floor(tmp483);
        auto tmp485 = tmp484 * tmp4;
        auto tmp486 = tmp482 - tmp485;
        auto tmp488 = tmp487 * tmp8;
        auto tmp489 = static_cast<float>(tmp488);
        auto tmp491 = static_cast<float>(tmp490);
        auto tmp492 = tmp491 + tmp13;
        auto tmp493 = tmp492 > tmp15;
        auto tmp494 = metal::precise::exp(tmp492);
        auto tmp495 = tmp494 + tmp18;
        auto tmp496 = metal::precise::log(tmp495);
        auto tmp497 = tmp493 ? tmp492 : static_cast<decltype(tmp492)>(tmp496);
        auto tmp498 = tmp489 * tmp497;
        auto tmp499 = tmp486 + tmp498;
        auto tmp500 = tmp499 * tmp1;
        auto tmp501 = metal::floor(tmp500);
        auto tmp502 = tmp501 * tmp4;
        auto tmp503 = tmp499 - tmp502;
        auto tmp505 = tmp504 * tmp8;
        auto tmp506 = static_cast<float>(tmp505);
        auto tmp508 = static_cast<float>(tmp507);
        auto tmp509 = tmp508 + tmp13;
        auto tmp510 = tmp509 > tmp15;
        auto tmp511 = metal::precise::exp(tmp509);
        auto tmp512 = tmp511 + tmp18;
        auto tmp513 = metal::precise::log(tmp512);
        auto tmp514 = tmp510 ? tmp509 : static_cast<decltype(tmp509)>(tmp513);
        auto tmp515 = tmp506 * tmp514;
        auto tmp516 = tmp503 + tmp515;
        auto tmp517 = tmp516 * tmp1;
        auto tmp518 = metal::floor(tmp517);
        auto tmp519 = tmp518 * tmp4;
        auto tmp520 = tmp516 - tmp519;
        auto tmp522 = tmp521 * tmp8;
        auto tmp523 = static_cast<float>(tmp522);
        auto tmp525 = static_cast<float>(tmp524);
        auto tmp526 = tmp525 + tmp13;
        auto tmp527 = tmp526 > tmp15;
        auto tmp528 = metal::precise::exp(tmp526);
        auto tmp529 = tmp528 + tmp18;
        auto tmp530 = metal::precise::log(tmp529);
        auto tmp531 = tmp527 ? tmp526 : static_cast<decltype(tmp526)>(tmp530);
        auto tmp532 = tmp523 * tmp531;
        auto tmp533 = tmp520 + tmp532;
        auto tmp534 = tmp533 * tmp1;
        auto tmp535 = metal::floor(tmp534);
        auto tmp536 = tmp535 * tmp4;
        auto tmp537 = tmp533 - tmp536;
        auto tmp539 = tmp538 * tmp8;
        auto tmp540 = static_cast<float>(tmp539);
        auto tmp542 = static_cast<float>(tmp541);
        auto tmp543 = tmp542 + tmp13;
        auto tmp544 = tmp543 > tmp15;
        auto tmp545 = metal::precise::exp(tmp543);
        auto tmp546 = tmp545 + tmp18;
        auto tmp547 = metal::precise::log(tmp546);
        auto tmp548 = tmp544 ? tmp543 : static_cast<decltype(tmp543)>(tmp547);
        auto tmp549 = tmp540 * tmp548;
        auto tmp550 = tmp537 + tmp549;
        auto tmp551 = tmp550 * tmp1;
        auto tmp552 = metal::floor(tmp551);
        auto tmp553 = tmp552 * tmp4;
        auto tmp554 = tmp550 - tmp553;
        auto tmp556 = tmp555 * tmp8;
        auto tmp557 = static_cast<float>(tmp556);
        auto tmp559 = static_cast<float>(tmp558);
        auto tmp560 = tmp559 + tmp13;
        auto tmp561 = tmp560 > tmp15;
        auto tmp562 = metal::precise::exp(tmp560);
        auto tmp563 = tmp562 + tmp18;
        auto tmp564 = metal::precise::log(tmp563);
        auto tmp565 = tmp561 ? tmp560 : static_cast<decltype(tmp560)>(tmp564);
        auto tmp566 = tmp557 * tmp565;
        auto tmp567 = tmp554 + tmp566;
        auto tmp568 = tmp567 * tmp1;
        auto tmp569 = metal::floor(tmp568);
        auto tmp570 = tmp569 * tmp4;
        auto tmp571 = tmp567 - tmp570;
        auto tmp573 = tmp572 * tmp8;
        auto tmp574 = static_cast<float>(tmp573);
        auto tmp576 = static_cast<float>(tmp575);
        auto tmp577 = tmp576 + tmp13;
        auto tmp578 = tmp577 > tmp15;
        auto tmp579 = metal::precise::exp(tmp577);
        auto tmp580 = tmp579 + tmp18;
        auto tmp581 = metal::precise::log(tmp580);
        auto tmp582 = tmp578 ? tmp577 : static_cast<decltype(tmp577)>(tmp581);
        auto tmp583 = tmp574 * tmp582;
        auto tmp584 = tmp571 + tmp583;
        auto tmp585 = tmp584 * tmp1;
        auto tmp586 = metal::floor(tmp585);
        auto tmp587 = tmp586 * tmp4;
        auto tmp588 = tmp584 - tmp587;
        auto tmp590 = tmp589 * tmp8;
        auto tmp591 = static_cast<float>(tmp590);
        auto tmp593 = static_cast<float>(tmp592);
        auto tmp594 = tmp593 + tmp13;
        auto tmp595 = tmp594 > tmp15;
        auto tmp596 = metal::precise::exp(tmp594);
        auto tmp597 = tmp596 + tmp18;
        auto tmp598 = metal::precise::log(tmp597);
        auto tmp599 = tmp595 ? tmp594 : static_cast<decltype(tmp594)>(tmp598);
        auto tmp600 = tmp591 * tmp599;
        auto tmp601 = tmp588 + tmp600;
        auto tmp602 = tmp601 * tmp1;
        auto tmp603 = metal::floor(tmp602);
        auto tmp604 = tmp603 * tmp4;
        auto tmp605 = tmp601 - tmp604;
        auto tmp607 = tmp606 * tmp8;
        auto tmp608 = static_cast<float>(tmp607);
        auto tmp610 = static_cast<float>(tmp609);
        auto tmp611 = tmp610 + tmp13;
        auto tmp612 = tmp611 > tmp15;
        auto tmp613 = metal::precise::exp(tmp611);
        auto tmp614 = tmp613 + tmp18;
        auto tmp615 = metal::precise::log(tmp614);
        auto tmp616 = tmp612 ? tmp611 : static_cast<decltype(tmp611)>(tmp615);
        auto tmp617 = tmp608 * tmp616;
        auto tmp618 = tmp605 + tmp617;
        auto tmp619 = tmp618 * tmp1;
        auto tmp620 = metal::floor(tmp619);
        auto tmp621 = tmp620 * tmp4;
        auto tmp622 = tmp618 - tmp621;
        auto tmp624 = tmp623 * tmp8;
        auto tmp625 = static_cast<float>(tmp624);
        auto tmp627 = static_cast<float>(tmp626);
        auto tmp628 = tmp627 + tmp13;
        auto tmp629 = tmp628 > tmp15;
        auto tmp630 = metal::precise::exp(tmp628);
        auto tmp631 = tmp630 + tmp18;
        auto tmp632 = metal::precise::log(tmp631);
        auto tmp633 = tmp629 ? tmp628 : static_cast<decltype(tmp628)>(tmp632);
        auto tmp634 = tmp625 * tmp633;
        auto tmp635 = tmp622 + tmp634;
        auto tmp636 = tmp635 * tmp1;
        auto tmp637 = metal::floor(tmp636);
        auto tmp638 = tmp637 * tmp4;
        auto tmp639 = tmp635 - tmp638;
        auto tmp641 = tmp640 * tmp8;
        auto tmp642 = static_cast<float>(tmp641);
        auto tmp644 = static_cast<float>(tmp643);
        auto tmp645 = tmp644 + tmp13;
        auto tmp646 = tmp645 > tmp15;
        auto tmp647 = metal::precise::exp(tmp645);
        auto tmp648 = tmp647 + tmp18;
        auto tmp649 = metal::precise::log(tmp648);
        auto tmp650 = tmp646 ? tmp645 : static_cast<decltype(tmp645)>(tmp649);
        auto tmp651 = tmp642 * tmp650;
        auto tmp652 = tmp639 + tmp651;
        auto tmp653 = tmp652 * tmp1;
        auto tmp654 = metal::floor(tmp653);
        auto tmp655 = tmp654 * tmp4;
        auto tmp656 = tmp652 - tmp655;
        auto tmp658 = tmp657 * tmp8;
        auto tmp659 = static_cast<float>(tmp658);
        auto tmp661 = static_cast<float>(tmp660);
        auto tmp662 = tmp661 + tmp13;
        auto tmp663 = tmp662 > tmp15;
        auto tmp664 = metal::precise::exp(tmp662);
        auto tmp665 = tmp664 + tmp18;
        auto tmp666 = metal::precise::log(tmp665);
        auto tmp667 = tmp663 ? tmp662 : static_cast<decltype(tmp662)>(tmp666);
        auto tmp668 = tmp659 * tmp667;
        auto tmp669 = tmp656 + tmp668;
        auto tmp670 = tmp669 * tmp1;
        auto tmp671 = metal::floor(tmp670);
        auto tmp672 = tmp671 * tmp4;
        auto tmp673 = tmp669 - tmp672;
        auto tmp675 = tmp674 * tmp8;
        auto tmp676 = static_cast<float>(tmp675);
        auto tmp678 = static_cast<float>(tmp677);
        auto tmp679 = tmp678 + tmp13;
        auto tmp680 = tmp679 > tmp15;
        auto tmp681 = metal::precise::exp(tmp679);
        auto tmp682 = tmp681 + tmp18;
        auto tmp683 = metal::precise::log(tmp682);
        auto tmp684 = tmp680 ? tmp679 : static_cast<decltype(tmp679)>(tmp683);
        auto tmp685 = tmp676 * tmp684;
        auto tmp686 = tmp673 + tmp685;
        auto tmp687 = tmp686 * tmp1;
        auto tmp688 = metal::floor(tmp687);
        auto tmp689 = tmp688 * tmp4;
        auto tmp690 = tmp686 - tmp689;
        auto tmp692 = tmp691 * tmp8;
        auto tmp693 = static_cast<float>(tmp692);
        auto tmp695 = static_cast<float>(tmp694);
        auto tmp696 = tmp695 + tmp13;
        auto tmp697 = tmp696 > tmp15;
        auto tmp698 = metal::precise::exp(tmp696);
        auto tmp699 = tmp698 + tmp18;
        auto tmp700 = metal::precise::log(tmp699);
        auto tmp701 = tmp697 ? tmp696 : static_cast<decltype(tmp696)>(tmp700);
        auto tmp702 = tmp693 * tmp701;
        auto tmp703 = tmp690 + tmp702;
        auto tmp704 = tmp703 * tmp1;
        auto tmp705 = metal::floor(tmp704);
        auto tmp706 = tmp705 * tmp4;
        auto tmp707 = tmp703 - tmp706;
        auto tmp709 = tmp708 * tmp8;
        auto tmp710 = static_cast<float>(tmp709);
        auto tmp712 = static_cast<float>(tmp711);
        auto tmp713 = tmp712 + tmp13;
        auto tmp714 = tmp713 > tmp15;
        auto tmp715 = metal::precise::exp(tmp713);
        auto tmp716 = tmp715 + tmp18;
        auto tmp717 = metal::precise::log(tmp716);
        auto tmp718 = tmp714 ? tmp713 : static_cast<decltype(tmp713)>(tmp717);
        auto tmp719 = tmp710 * tmp718;
        auto tmp720 = tmp707 + tmp719;
        auto tmp721 = tmp720 * tmp1;
        auto tmp722 = metal::floor(tmp721);
        auto tmp723 = tmp722 * tmp4;
        auto tmp724 = tmp720 - tmp723;
        auto tmp726 = tmp725 * tmp8;
        auto tmp727 = static_cast<float>(tmp726);
        auto tmp729 = static_cast<float>(tmp728);
        auto tmp730 = tmp729 + tmp13;
        auto tmp731 = tmp730 > tmp15;
        auto tmp732 = metal::precise::exp(tmp730);
        auto tmp733 = tmp732 + tmp18;
        auto tmp734 = metal::precise::log(tmp733);
        auto tmp735 = tmp731 ? tmp730 : static_cast<decltype(tmp730)>(tmp734);
        auto tmp736 = tmp727 * tmp735;
        auto tmp737 = tmp724 + tmp736;
        auto tmp738 = tmp737 * tmp1;
        auto tmp739 = metal::floor(tmp738);
        auto tmp740 = tmp739 * tmp4;
        auto tmp741 = tmp737 - tmp740;
        auto tmp743 = tmp742 * tmp8;
        auto tmp744 = static_cast<float>(tmp743);
        auto tmp746 = static_cast<float>(tmp745);
        auto tmp747 = tmp746 + tmp13;
        auto tmp748 = tmp747 > tmp15;
        auto tmp749 = metal::precise::exp(tmp747);
        auto tmp750 = tmp749 + tmp18;
        auto tmp751 = metal::precise::log(tmp750);
        auto tmp752 = tmp748 ? tmp747 : static_cast<decltype(tmp747)>(tmp751);
        auto tmp753 = tmp744 * tmp752;
        auto tmp754 = tmp741 + tmp753;
        auto tmp755 = tmp754 * tmp1;
        auto tmp756 = metal::floor(tmp755);
        auto tmp757 = tmp756 * tmp4;
        auto tmp758 = tmp754 - tmp757;
        auto tmp760 = tmp759 * tmp8;
        auto tmp761 = static_cast<float>(tmp760);
        auto tmp763 = static_cast<float>(tmp762);
        auto tmp764 = tmp763 + tmp13;
        auto tmp765 = tmp764 > tmp15;
        auto tmp766 = metal::precise::exp(tmp764);
        auto tmp767 = tmp766 + tmp18;
        auto tmp768 = metal::precise::log(tmp767);
        auto tmp769 = tmp765 ? tmp764 : static_cast<decltype(tmp764)>(tmp768);
        auto tmp770 = tmp761 * tmp769;
        auto tmp771 = tmp758 + tmp770;
        auto tmp772 = tmp771 * tmp1;
        auto tmp773 = metal::floor(tmp772);
        auto tmp774 = tmp773 * tmp4;
        auto tmp775 = tmp771 - tmp774;
        auto tmp777 = tmp776 * tmp8;
        auto tmp778 = static_cast<float>(tmp777);
        auto tmp780 = static_cast<float>(tmp779);
        auto tmp781 = tmp780 + tmp13;
        auto tmp782 = tmp781 > tmp15;
        auto tmp783 = metal::precise::exp(tmp781);
        auto tmp784 = tmp783 + tmp18;
        auto tmp785 = metal::precise::log(tmp784);
        auto tmp786 = tmp782 ? tmp781 : static_cast<decltype(tmp781)>(tmp785);
        auto tmp787 = tmp778 * tmp786;
        auto tmp788 = tmp775 + tmp787;
        auto tmp789 = tmp788 * tmp1;
        auto tmp790 = metal::floor(tmp789);
        auto tmp791 = tmp790 * tmp4;
        auto tmp792 = tmp788 - tmp791;
        auto tmp794 = tmp793 * tmp8;
        auto tmp795 = static_cast<float>(tmp794);
        auto tmp797 = static_cast<float>(tmp796);
        auto tmp798 = tmp797 + tmp13;
        auto tmp799 = tmp798 > tmp15;
        auto tmp800 = metal::precise::exp(tmp798);
        auto tmp801 = tmp800 + tmp18;
        auto tmp802 = metal::precise::log(tmp801);
        auto tmp803 = tmp799 ? tmp798 : static_cast<decltype(tmp798)>(tmp802);
        auto tmp804 = tmp795 * tmp803;
        auto tmp805 = tmp792 + tmp804;
        auto tmp806 = tmp805 * tmp1;
        auto tmp807 = metal::floor(tmp806);
        auto tmp808 = tmp807 * tmp4;
        auto tmp809 = tmp805 - tmp808;
        auto tmp811 = tmp810 * tmp8;
        auto tmp812 = static_cast<float>(tmp811);
        auto tmp814 = static_cast<float>(tmp813);
        auto tmp815 = tmp814 + tmp13;
        auto tmp816 = tmp815 > tmp15;
        auto tmp817 = metal::precise::exp(tmp815);
        auto tmp818 = tmp817 + tmp18;
        auto tmp819 = metal::precise::log(tmp818);
        auto tmp820 = tmp816 ? tmp815 : static_cast<decltype(tmp815)>(tmp819);
        auto tmp821 = tmp812 * tmp820;
        auto tmp822 = tmp809 + tmp821;
        auto tmp823 = tmp822 * tmp1;
        auto tmp824 = metal::floor(tmp823);
        auto tmp825 = tmp824 * tmp4;
        auto tmp826 = tmp822 - tmp825;
        auto tmp828 = tmp827 * tmp8;
        auto tmp829 = static_cast<float>(tmp828);
        auto tmp831 = static_cast<float>(tmp830);
        auto tmp832 = tmp831 + tmp13;
        auto tmp833 = tmp832 > tmp15;
        auto tmp834 = metal::precise::exp(tmp832);
        auto tmp835 = tmp834 + tmp18;
        auto tmp836 = metal::precise::log(tmp835);
        auto tmp837 = tmp833 ? tmp832 : static_cast<decltype(tmp832)>(tmp836);
        auto tmp838 = tmp829 * tmp837;
        auto tmp839 = tmp826 + tmp838;
        auto tmp840 = tmp839 * tmp1;
        auto tmp841 = metal::floor(tmp840);
        auto tmp842 = tmp841 * tmp4;
        auto tmp843 = tmp839 - tmp842;
        auto tmp845 = tmp844 * tmp8;
        auto tmp846 = static_cast<float>(tmp845);
        auto tmp848 = static_cast<float>(tmp847);
        auto tmp849 = tmp848 + tmp13;
        auto tmp850 = tmp849 > tmp15;
        auto tmp851 = metal::precise::exp(tmp849);
        auto tmp852 = tmp851 + tmp18;
        auto tmp853 = metal::precise::log(tmp852);
        auto tmp854 = tmp850 ? tmp849 : static_cast<decltype(tmp849)>(tmp853);
        auto tmp855 = tmp846 * tmp854;
        auto tmp856 = tmp843 + tmp855;
        auto tmp857 = tmp856 * tmp1;
        auto tmp858 = metal::floor(tmp857);
        auto tmp859 = tmp858 * tmp4;
        auto tmp860 = tmp856 - tmp859;
        auto tmp862 = tmp861 * tmp8;
        auto tmp863 = static_cast<float>(tmp862);
        auto tmp865 = static_cast<float>(tmp864);
        auto tmp866 = tmp865 + tmp13;
        auto tmp867 = tmp866 > tmp15;
        auto tmp868 = metal::precise::exp(tmp866);
        auto tmp869 = tmp868 + tmp18;
        auto tmp870 = metal::precise::log(tmp869);
        auto tmp871 = tmp867 ? tmp866 : static_cast<decltype(tmp866)>(tmp870);
        auto tmp872 = tmp863 * tmp871;
        auto tmp873 = tmp860 + tmp872;
        auto tmp874 = tmp873 * tmp1;
        auto tmp875 = metal::floor(tmp874);
        auto tmp876 = tmp875 * tmp4;
        auto tmp877 = tmp873 - tmp876;
        auto tmp879 = tmp878 * tmp8;
        auto tmp880 = static_cast<float>(tmp879);
        auto tmp882 = static_cast<float>(tmp881);
        auto tmp883 = tmp882 + tmp13;
        auto tmp884 = tmp883 > tmp15;
        auto tmp885 = metal::precise::exp(tmp883);
        auto tmp886 = tmp885 + tmp18;
        auto tmp887 = metal::precise::log(tmp886);
        auto tmp888 = tmp884 ? tmp883 : static_cast<decltype(tmp883)>(tmp887);
        auto tmp889 = tmp880 * tmp888;
        auto tmp890 = tmp877 + tmp889;
        auto tmp891 = tmp890 * tmp1;
        auto tmp892 = metal::floor(tmp891);
        auto tmp893 = tmp892 * tmp4;
        auto tmp894 = tmp890 - tmp893;
        auto tmp896 = tmp895 * tmp8;
        auto tmp897 = static_cast<float>(tmp896);
        auto tmp899 = static_cast<float>(tmp898);
        auto tmp900 = tmp899 + tmp13;
        auto tmp901 = tmp900 > tmp15;
        auto tmp902 = metal::precise::exp(tmp900);
        auto tmp903 = tmp902 + tmp18;
        auto tmp904 = metal::precise::log(tmp903);
        auto tmp905 = tmp901 ? tmp900 : static_cast<decltype(tmp900)>(tmp904);
        auto tmp906 = tmp897 * tmp905;
        auto tmp907 = tmp894 + tmp906;
        auto tmp908 = tmp907 * tmp1;
        auto tmp909 = metal::floor(tmp908);
        auto tmp910 = tmp909 * tmp4;
        auto tmp911 = tmp907 - tmp910;
        auto tmp913 = tmp912 * tmp8;
        auto tmp914 = static_cast<float>(tmp913);
        auto tmp916 = static_cast<float>(tmp915);
        auto tmp917 = tmp916 + tmp13;
        auto tmp918 = tmp917 > tmp15;
        auto tmp919 = metal::precise::exp(tmp917);
        auto tmp920 = tmp919 + tmp18;
        auto tmp921 = metal::precise::log(tmp920);
        auto tmp922 = tmp918 ? tmp917 : static_cast<decltype(tmp917)>(tmp921);
        auto tmp923 = tmp914 * tmp922;
        auto tmp924 = tmp911 + tmp923;
        auto tmp925 = tmp924 * tmp1;
        auto tmp926 = metal::floor(tmp925);
        auto tmp927 = tmp926 * tmp4;
        auto tmp928 = tmp924 - tmp927;
        auto tmp930 = tmp929 * tmp8;
        auto tmp931 = static_cast<float>(tmp930);
        auto tmp933 = static_cast<float>(tmp932);
        auto tmp934 = tmp933 + tmp13;
        auto tmp935 = tmp934 > tmp15;
        auto tmp936 = metal::precise::exp(tmp934);
        auto tmp937 = tmp936 + tmp18;
        auto tmp938 = metal::precise::log(tmp937);
        auto tmp939 = tmp935 ? tmp934 : static_cast<decltype(tmp934)>(tmp938);
        auto tmp940 = tmp931 * tmp939;
        auto tmp941 = tmp928 + tmp940;
        auto tmp942 = tmp941 * tmp1;
        auto tmp943 = metal::floor(tmp942);
        auto tmp944 = tmp943 * tmp4;
        auto tmp945 = tmp941 - tmp944;
        auto tmp947 = tmp946 * tmp8;
        auto tmp948 = static_cast<float>(tmp947);
        auto tmp950 = static_cast<float>(tmp949);
        auto tmp951 = tmp950 + tmp13;
        auto tmp952 = tmp951 > tmp15;
        auto tmp953 = metal::precise::exp(tmp951);
        auto tmp954 = tmp953 + tmp18;
        auto tmp955 = metal::precise::log(tmp954);
        auto tmp956 = tmp952 ? tmp951 : static_cast<decltype(tmp951)>(tmp955);
        auto tmp957 = tmp948 * tmp956;
        auto tmp958 = tmp945 + tmp957;
        auto tmp959 = tmp958 * tmp1;
        auto tmp960 = metal::floor(tmp959);
        auto tmp961 = tmp960 * tmp4;
        auto tmp962 = tmp958 - tmp961;
        auto tmp964 = tmp963 * tmp8;
        auto tmp965 = static_cast<float>(tmp964);
        auto tmp967 = static_cast<float>(tmp966);
        auto tmp968 = tmp967 + tmp13;
        auto tmp969 = tmp968 > tmp15;
        auto tmp970 = metal::precise::exp(tmp968);
        auto tmp971 = tmp970 + tmp18;
        auto tmp972 = metal::precise::log(tmp971);
        auto tmp973 = tmp969 ? tmp968 : static_cast<decltype(tmp968)>(tmp972);
        auto tmp974 = tmp965 * tmp973;
        auto tmp975 = tmp962 + tmp974;
        auto tmp976 = tmp975 * tmp1;
        auto tmp977 = metal::floor(tmp976);
        auto tmp978 = tmp977 * tmp4;
        auto tmp979 = tmp975 - tmp978;
        auto tmp981 = tmp980 * tmp8;
        auto tmp982 = static_cast<float>(tmp981);
        auto tmp984 = static_cast<float>(tmp983);
        auto tmp985 = tmp984 + tmp13;
        auto tmp986 = tmp985 > tmp15;
        auto tmp987 = metal::precise::exp(tmp985);
        auto tmp988 = tmp987 + tmp18;
        auto tmp989 = metal::precise::log(tmp988);
        auto tmp990 = tmp986 ? tmp985 : static_cast<decltype(tmp985)>(tmp989);
        auto tmp991 = tmp982 * tmp990;
        auto tmp992 = tmp979 + tmp991;
        auto tmp993 = tmp992 * tmp1;
        auto tmp994 = metal::floor(tmp993);
        auto tmp995 = tmp994 * tmp4;
        auto tmp996 = tmp992 - tmp995;
        auto tmp998 = tmp997 * tmp8;
        auto tmp999 = static_cast<float>(tmp998);
        auto tmp1001 = static_cast<float>(tmp1000);
        auto tmp1002 = tmp1001 + tmp13;
        auto tmp1003 = tmp1002 > tmp15;
        auto tmp1004 = metal::precise::exp(tmp1002);
        auto tmp1005 = tmp1004 + tmp18;
        auto tmp1006 = metal::precise::log(tmp1005);
        auto tmp1007 = tmp1003 ? tmp1002 : static_cast<decltype(tmp1002)>(tmp1006);
        auto tmp1008 = tmp999 * tmp1007;
        auto tmp1009 = tmp996 + tmp1008;
        auto tmp1010 = tmp1009 * tmp1;
        auto tmp1011 = metal::floor(tmp1010);
        auto tmp1012 = tmp1011 * tmp4;
        auto tmp1013 = tmp1009 - tmp1012;
        auto tmp1015 = tmp1014 * tmp8;
        auto tmp1016 = static_cast<float>(tmp1015);
        auto tmp1018 = static_cast<float>(tmp1017);
        auto tmp1019 = tmp1018 + tmp13;
        auto tmp1020 = tmp1019 > tmp15;
        auto tmp1021 = metal::precise::exp(tmp1019);
        auto tmp1022 = tmp1021 + tmp18;
        auto tmp1023 = metal::precise::log(tmp1022);
        auto tmp1024 = tmp1020 ? tmp1019 : static_cast<decltype(tmp1019)>(tmp1023);
        auto tmp1025 = tmp1016 * tmp1024;
        auto tmp1026 = tmp1013 + tmp1025;
        auto tmp1027 = tmp1026 * tmp1;
        auto tmp1028 = metal::floor(tmp1027);
        auto tmp1029 = tmp1028 * tmp4;
        auto tmp1030 = tmp1026 - tmp1029;
        auto tmp1032 = tmp1031 * tmp8;
        auto tmp1033 = static_cast<float>(tmp1032);
        auto tmp1035 = static_cast<float>(tmp1034);
        auto tmp1036 = tmp1035 + tmp13;
        auto tmp1037 = tmp1036 > tmp15;
        auto tmp1038 = metal::precise::exp(tmp1036);
        auto tmp1039 = tmp1038 + tmp18;
        auto tmp1040 = metal::precise::log(tmp1039);
        auto tmp1041 = tmp1037 ? tmp1036 : static_cast<decltype(tmp1036)>(tmp1040);
        auto tmp1042 = tmp1033 * tmp1041;
        auto tmp1043 = tmp1030 + tmp1042;
        auto tmp1044 = tmp1043 * tmp1;
        auto tmp1045 = metal::floor(tmp1044);
        auto tmp1046 = tmp1045 * tmp4;
        auto tmp1047 = tmp1043 - tmp1046;
        auto tmp1049 = tmp1048 * tmp8;
        auto tmp1050 = static_cast<float>(tmp1049);
        auto tmp1052 = static_cast<float>(tmp1051);
        auto tmp1053 = tmp1052 + tmp13;
        auto tmp1054 = tmp1053 > tmp15;
        auto tmp1055 = metal::precise::exp(tmp1053);
        auto tmp1056 = tmp1055 + tmp18;
        auto tmp1057 = metal::precise::log(tmp1056);
        auto tmp1058 = tmp1054 ? tmp1053 : static_cast<decltype(tmp1053)>(tmp1057);
        auto tmp1059 = tmp1050 * tmp1058;
        auto tmp1060 = tmp1047 + tmp1059;
        auto tmp1061 = tmp1060 * tmp1;
        auto tmp1062 = metal::floor(tmp1061);
        auto tmp1063 = tmp1062 * tmp4;
        auto tmp1064 = tmp1060 - tmp1063;
        auto tmp1066 = tmp1065 * tmp8;
        auto tmp1067 = static_cast<float>(tmp1066);
        auto tmp1069 = static_cast<float>(tmp1068);
        auto tmp1070 = tmp1069 + tmp13;
        auto tmp1071 = tmp1070 > tmp15;
        auto tmp1072 = metal::precise::exp(tmp1070);
        auto tmp1073 = tmp1072 + tmp18;
        auto tmp1074 = metal::precise::log(tmp1073);
        auto tmp1075 = tmp1071 ? tmp1070 : static_cast<decltype(tmp1070)>(tmp1074);
        auto tmp1076 = tmp1067 * tmp1075;
        auto tmp1077 = tmp1064 + tmp1076;
        auto tmp1078 = tmp1077 * tmp1;
        auto tmp1079 = metal::floor(tmp1078);
        auto tmp1080 = tmp1079 * tmp4;
        auto tmp1081 = tmp1077 - tmp1080;
        auto tmp1083 = tmp1082 * tmp8;
        auto tmp1084 = static_cast<float>(tmp1083);
        auto tmp1086 = static_cast<float>(tmp1085);
        auto tmp1087 = tmp1086 + tmp13;
        auto tmp1088 = tmp1087 > tmp15;
        auto tmp1089 = metal::precise::exp(tmp1087);
        auto tmp1090 = tmp1089 + tmp18;
        auto tmp1091 = metal::precise::log(tmp1090);
        auto tmp1092 = tmp1088 ? tmp1087 : static_cast<decltype(tmp1087)>(tmp1091);
        auto tmp1093 = tmp1084 * tmp1092;
        auto tmp1094 = tmp1081 + tmp1093;
        auto tmp1095 = tmp1094 * tmp1;
        auto tmp1096 = metal::floor(tmp1095);
        auto tmp1097 = tmp1096 * tmp4;
        auto tmp1098 = tmp1094 - tmp1097;
        auto tmp1100 = tmp1099 * tmp8;
        auto tmp1101 = static_cast<float>(tmp1100);
        auto tmp1103 = static_cast<float>(tmp1102);
        auto tmp1104 = tmp1103 + tmp13;
        auto tmp1105 = tmp1104 > tmp15;
        auto tmp1106 = metal::precise::exp(tmp1104);
        auto tmp1107 = tmp1106 + tmp18;
        auto tmp1108 = metal::precise::log(tmp1107);
        auto tmp1109 = tmp1105 ? tmp1104 : static_cast<decltype(tmp1104)>(tmp1108);
        auto tmp1110 = tmp1101 * tmp1109;
        auto tmp1111 = tmp1098 + tmp1110;
        auto tmp1112 = tmp1111 * tmp1;
        auto tmp1113 = metal::floor(tmp1112);
        auto tmp1114 = tmp1113 * tmp4;
        auto tmp1115 = tmp1111 - tmp1114;
        auto tmp1117 = tmp1116 * tmp8;
        auto tmp1118 = static_cast<float>(tmp1117);
        auto tmp1120 = static_cast<float>(tmp1119);
        auto tmp1121 = tmp1120 + tmp13;
        auto tmp1122 = tmp1121 > tmp15;
        auto tmp1123 = metal::precise::exp(tmp1121);
        auto tmp1124 = tmp1123 + tmp18;
        auto tmp1125 = metal::precise::log(tmp1124);
        auto tmp1126 = tmp1122 ? tmp1121 : static_cast<decltype(tmp1121)>(tmp1125);
        auto tmp1127 = tmp1118 * tmp1126;
        auto tmp1128 = tmp1115 + tmp1127;
        auto tmp1129 = tmp1128 * tmp1;
        auto tmp1130 = metal::floor(tmp1129);
        auto tmp1131 = tmp1130 * tmp4;
        auto tmp1132 = tmp1128 - tmp1131;
        auto tmp1134 = tmp1133 * tmp8;
        auto tmp1135 = static_cast<float>(tmp1134);
        auto tmp1137 = static_cast<float>(tmp1136);
        auto tmp1138 = tmp1137 + tmp13;
        auto tmp1139 = tmp1138 > tmp15;
        auto tmp1140 = metal::precise::exp(tmp1138);
        auto tmp1141 = tmp1140 + tmp18;
        auto tmp1142 = metal::precise::log(tmp1141);
        auto tmp1143 = tmp1139 ? tmp1138 : static_cast<decltype(tmp1138)>(tmp1142);
        auto tmp1144 = tmp1135 * tmp1143;
        auto tmp1145 = tmp1132 + tmp1144;
        auto tmp1146 = tmp1145 * tmp1;
        auto tmp1147 = metal::floor(tmp1146);
        auto tmp1148 = tmp1147 * tmp4;
        auto tmp1149 = tmp1145 - tmp1148;
        auto tmp1151 = tmp1150 * tmp8;
        auto tmp1152 = static_cast<float>(tmp1151);
        auto tmp1154 = static_cast<float>(tmp1153);
        auto tmp1155 = tmp1154 + tmp13;
        auto tmp1156 = tmp1155 > tmp15;
        auto tmp1157 = metal::precise::exp(tmp1155);
        auto tmp1158 = tmp1157 + tmp18;
        auto tmp1159 = metal::precise::log(tmp1158);
        auto tmp1160 = tmp1156 ? tmp1155 : static_cast<decltype(tmp1155)>(tmp1159);
        auto tmp1161 = tmp1152 * tmp1160;
        auto tmp1162 = tmp1149 + tmp1161;
        auto tmp1163 = tmp1162 * tmp1;
        auto tmp1164 = metal::floor(tmp1163);
        auto tmp1165 = tmp1164 * tmp4;
        auto tmp1166 = tmp1162 - tmp1165;
        auto tmp1168 = tmp1167 * tmp8;
        auto tmp1169 = static_cast<float>(tmp1168);
        auto tmp1171 = static_cast<float>(tmp1170);
        auto tmp1172 = tmp1171 + tmp13;
        auto tmp1173 = tmp1172 > tmp15;
        auto tmp1174 = metal::precise::exp(tmp1172);
        auto tmp1175 = tmp1174 + tmp18;
        auto tmp1176 = metal::precise::log(tmp1175);
        auto tmp1177 = tmp1173 ? tmp1172 : static_cast<decltype(tmp1172)>(tmp1176);
        auto tmp1178 = tmp1169 * tmp1177;
        auto tmp1179 = tmp1166 + tmp1178;
        auto tmp1180 = tmp1179 * tmp1;
        auto tmp1181 = metal::floor(tmp1180);
        auto tmp1182 = tmp1181 * tmp4;
        auto tmp1183 = tmp1179 - tmp1182;
        auto tmp1185 = tmp1184 * tmp8;
        auto tmp1186 = static_cast<float>(tmp1185);
        auto tmp1188 = static_cast<float>(tmp1187);
        auto tmp1189 = tmp1188 + tmp13;
        auto tmp1190 = tmp1189 > tmp15;
        auto tmp1191 = metal::precise::exp(tmp1189);
        auto tmp1192 = tmp1191 + tmp18;
        auto tmp1193 = metal::precise::log(tmp1192);
        auto tmp1194 = tmp1190 ? tmp1189 : static_cast<decltype(tmp1189)>(tmp1193);
        auto tmp1195 = tmp1186 * tmp1194;
        auto tmp1196 = tmp1183 + tmp1195;
        auto tmp1197 = tmp1196 * tmp1;
        auto tmp1198 = metal::floor(tmp1197);
        auto tmp1199 = tmp1198 * tmp4;
        auto tmp1200 = tmp1196 - tmp1199;
        auto tmp1202 = tmp1201 * tmp8;
        auto tmp1203 = static_cast<float>(tmp1202);
        auto tmp1205 = static_cast<float>(tmp1204);
        auto tmp1206 = tmp1205 + tmp13;
        auto tmp1207 = tmp1206 > tmp15;
        auto tmp1208 = metal::precise::exp(tmp1206);
        auto tmp1209 = tmp1208 + tmp18;
        auto tmp1210 = metal::precise::log(tmp1209);
        auto tmp1211 = tmp1207 ? tmp1206 : static_cast<decltype(tmp1206)>(tmp1210);
        auto tmp1212 = tmp1203 * tmp1211;
        auto tmp1213 = tmp1200 + tmp1212;
        auto tmp1214 = tmp1213 * tmp1;
        auto tmp1215 = metal::floor(tmp1214);
        auto tmp1216 = tmp1215 * tmp4;
        auto tmp1217 = tmp1213 - tmp1216;
        auto tmp1219 = tmp1218 * tmp8;
        auto tmp1220 = static_cast<float>(tmp1219);
        auto tmp1222 = static_cast<float>(tmp1221);
        auto tmp1223 = tmp1222 + tmp13;
        auto tmp1224 = tmp1223 > tmp15;
        auto tmp1225 = metal::precise::exp(tmp1223);
        auto tmp1226 = tmp1225 + tmp18;
        auto tmp1227 = metal::precise::log(tmp1226);
        auto tmp1228 = tmp1224 ? tmp1223 : static_cast<decltype(tmp1223)>(tmp1227);
        auto tmp1229 = tmp1220 * tmp1228;
        auto tmp1230 = tmp1217 + tmp1229;
        auto tmp1231 = tmp1230 * tmp1;
        auto tmp1232 = metal::floor(tmp1231);
        auto tmp1233 = tmp1232 * tmp4;
        auto tmp1234 = tmp1230 - tmp1233;
        auto tmp1236 = tmp1235 * tmp8;
        auto tmp1237 = static_cast<float>(tmp1236);
        auto tmp1239 = static_cast<float>(tmp1238);
        auto tmp1240 = tmp1239 + tmp13;
        auto tmp1241 = tmp1240 > tmp15;
        auto tmp1242 = metal::precise::exp(tmp1240);
        auto tmp1243 = tmp1242 + tmp18;
        auto tmp1244 = metal::precise::log(tmp1243);
        auto tmp1245 = tmp1241 ? tmp1240 : static_cast<decltype(tmp1240)>(tmp1244);
        auto tmp1246 = tmp1237 * tmp1245;
        auto tmp1247 = tmp1234 + tmp1246;
        auto tmp1248 = tmp1247 * tmp1;
        auto tmp1249 = metal::floor(tmp1248);
        auto tmp1250 = tmp1249 * tmp4;
        auto tmp1251 = tmp1247 - tmp1250;
        auto tmp1253 = tmp1252 * tmp8;
        auto tmp1254 = static_cast<float>(tmp1253);
        auto tmp1256 = static_cast<float>(tmp1255);
        auto tmp1257 = tmp1256 + tmp13;
        auto tmp1258 = tmp1257 > tmp15;
        auto tmp1259 = metal::precise::exp(tmp1257);
        auto tmp1260 = tmp1259 + tmp18;
        auto tmp1261 = metal::precise::log(tmp1260);
        auto tmp1262 = tmp1258 ? tmp1257 : static_cast<decltype(tmp1257)>(tmp1261);
        auto tmp1263 = tmp1254 * tmp1262;
        auto tmp1264 = tmp1251 + tmp1263;
        auto tmp1265 = tmp1264 * tmp1;
        auto tmp1266 = metal::floor(tmp1265);
        auto tmp1267 = tmp1266 * tmp4;
        auto tmp1268 = tmp1264 - tmp1267;
        auto tmp1270 = tmp1269 * tmp8;
        auto tmp1271 = static_cast<float>(tmp1270);
        auto tmp1273 = static_cast<float>(tmp1272);
        auto tmp1274 = tmp1273 + tmp13;
        auto tmp1275 = tmp1274 > tmp15;
        auto tmp1276 = metal::precise::exp(tmp1274);
        auto tmp1277 = tmp1276 + tmp18;
        auto tmp1278 = metal::precise::log(tmp1277);
        auto tmp1279 = tmp1275 ? tmp1274 : static_cast<decltype(tmp1274)>(tmp1278);
        auto tmp1280 = tmp1271 * tmp1279;
        auto tmp1281 = tmp1268 + tmp1280;
        auto tmp1282 = tmp1281 * tmp1;
        auto tmp1283 = metal::floor(tmp1282);
        auto tmp1284 = tmp1283 * tmp4;
        auto tmp1285 = tmp1281 - tmp1284;
        auto tmp1287 = tmp1286 * tmp8;
        auto tmp1288 = static_cast<float>(tmp1287);
        auto tmp1290 = static_cast<float>(tmp1289);
        auto tmp1291 = tmp1290 + tmp13;
        auto tmp1292 = tmp1291 > tmp15;
        auto tmp1293 = metal::precise::exp(tmp1291);
        auto tmp1294 = tmp1293 + tmp18;
        auto tmp1295 = metal::precise::log(tmp1294);
        auto tmp1296 = tmp1292 ? tmp1291 : static_cast<decltype(tmp1291)>(tmp1295);
        auto tmp1297 = tmp1288 * tmp1296;
        auto tmp1298 = tmp1285 + tmp1297;
        auto tmp1299 = tmp1298 * tmp1;
        auto tmp1300 = metal::floor(tmp1299);
        auto tmp1301 = tmp1300 * tmp4;
        auto tmp1302 = tmp1298 - tmp1301;
        auto tmp1304 = tmp1303 * tmp8;
        auto tmp1305 = static_cast<float>(tmp1304);
        auto tmp1307 = static_cast<float>(tmp1306);
        auto tmp1308 = tmp1307 + tmp13;
        auto tmp1309 = tmp1308 > tmp15;
        auto tmp1310 = metal::precise::exp(tmp1308);
        auto tmp1311 = tmp1310 + tmp18;
        auto tmp1312 = metal::precise::log(tmp1311);
        auto tmp1313 = tmp1309 ? tmp1308 : static_cast<decltype(tmp1308)>(tmp1312);
        auto tmp1314 = tmp1305 * tmp1313;
        auto tmp1315 = tmp1302 + tmp1314;
        auto tmp1316 = tmp1315 * tmp1;
        auto tmp1317 = metal::floor(tmp1316);
        auto tmp1318 = tmp1317 * tmp4;
        auto tmp1319 = tmp1315 - tmp1318;
        auto tmp1321 = tmp1320 * tmp8;
        auto tmp1322 = static_cast<float>(tmp1321);
        auto tmp1324 = static_cast<float>(tmp1323);
        auto tmp1325 = tmp1324 + tmp13;
        auto tmp1326 = tmp1325 > tmp15;
        auto tmp1327 = metal::precise::exp(tmp1325);
        auto tmp1328 = tmp1327 + tmp18;
        auto tmp1329 = metal::precise::log(tmp1328);
        auto tmp1330 = tmp1326 ? tmp1325 : static_cast<decltype(tmp1325)>(tmp1329);
        auto tmp1331 = tmp1322 * tmp1330;
        auto tmp1332 = tmp1319 + tmp1331;
        auto tmp1333 = tmp1332 * tmp1;
        auto tmp1334 = metal::floor(tmp1333);
        auto tmp1335 = tmp1334 * tmp4;
        auto tmp1336 = tmp1332 - tmp1335;
        auto tmp1338 = tmp1337 * tmp8;
        auto tmp1339 = static_cast<float>(tmp1338);
        auto tmp1341 = static_cast<float>(tmp1340);
        auto tmp1342 = tmp1341 + tmp13;
        auto tmp1343 = tmp1342 > tmp15;
        auto tmp1344 = metal::precise::exp(tmp1342);
        auto tmp1345 = tmp1344 + tmp18;
        auto tmp1346 = metal::precise::log(tmp1345);
        auto tmp1347 = tmp1343 ? tmp1342 : static_cast<decltype(tmp1342)>(tmp1346);
        auto tmp1348 = tmp1339 * tmp1347;
        auto tmp1349 = tmp1336 + tmp1348;
        auto tmp1350 = tmp1349 * tmp1;
        auto tmp1351 = metal::floor(tmp1350);
        auto tmp1352 = tmp1351 * tmp4;
        auto tmp1353 = tmp1349 - tmp1352;
        auto tmp1355 = tmp1354 * tmp8;
        auto tmp1356 = static_cast<float>(tmp1355);
        auto tmp1358 = static_cast<float>(tmp1357);
        auto tmp1359 = tmp1358 + tmp13;
        auto tmp1360 = tmp1359 > tmp15;
        auto tmp1361 = metal::precise::exp(tmp1359);
        auto tmp1362 = tmp1361 + tmp18;
        auto tmp1363 = metal::precise::log(tmp1362);
        auto tmp1364 = tmp1360 ? tmp1359 : static_cast<decltype(tmp1359)>(tmp1363);
        auto tmp1365 = tmp1356 * tmp1364;
        auto tmp1366 = tmp1353 + tmp1365;
        auto tmp1367 = tmp1366 * tmp1;
        auto tmp1368 = metal::floor(tmp1367);
        auto tmp1369 = tmp1368 * tmp4;
        auto tmp1370 = tmp1366 - tmp1369;
        auto tmp1372 = tmp1371 * tmp8;
        auto tmp1373 = static_cast<float>(tmp1372);
        auto tmp1375 = static_cast<float>(tmp1374);
        auto tmp1376 = tmp1375 + tmp13;
        auto tmp1377 = tmp1376 > tmp15;
        auto tmp1378 = metal::precise::exp(tmp1376);
        auto tmp1379 = tmp1378 + tmp18;
        auto tmp1380 = metal::precise::log(tmp1379);
        auto tmp1381 = tmp1377 ? tmp1376 : static_cast<decltype(tmp1376)>(tmp1380);
        auto tmp1382 = tmp1373 * tmp1381;
        auto tmp1383 = tmp1370 + tmp1382;
        auto tmp1384 = tmp1383 * tmp1;
        auto tmp1385 = metal::floor(tmp1384);
        auto tmp1386 = tmp1385 * tmp4;
        auto tmp1387 = tmp1383 - tmp1386;
        auto tmp1389 = tmp1388 * tmp8;
        auto tmp1390 = static_cast<float>(tmp1389);
        auto tmp1392 = static_cast<float>(tmp1391);
        auto tmp1393 = tmp1392 + tmp13;
        auto tmp1394 = tmp1393 > tmp15;
        auto tmp1395 = metal::precise::exp(tmp1393);
        auto tmp1396 = tmp1395 + tmp18;
        auto tmp1397 = metal::precise::log(tmp1396);
        auto tmp1398 = tmp1394 ? tmp1393 : static_cast<decltype(tmp1393)>(tmp1397);
        auto tmp1399 = tmp1390 * tmp1398;
        auto tmp1400 = tmp1387 + tmp1399;
        auto tmp1401 = tmp1400 * tmp1;
        auto tmp1402 = metal::floor(tmp1401);
        auto tmp1403 = tmp1402 * tmp4;
        auto tmp1404 = tmp1400 - tmp1403;
        auto tmp1406 = tmp1405 * tmp8;
        auto tmp1407 = static_cast<float>(tmp1406);
        auto tmp1409 = static_cast<float>(tmp1408);
        auto tmp1410 = tmp1409 + tmp13;
        auto tmp1411 = tmp1410 > tmp15;
        auto tmp1412 = metal::precise::exp(tmp1410);
        auto tmp1413 = tmp1412 + tmp18;
        auto tmp1414 = metal::precise::log(tmp1413);
        auto tmp1415 = tmp1411 ? tmp1410 : static_cast<decltype(tmp1410)>(tmp1414);
        auto tmp1416 = tmp1407 * tmp1415;
        auto tmp1417 = tmp1404 + tmp1416;
        auto tmp1418 = tmp1417 * tmp1;
        auto tmp1419 = metal::floor(tmp1418);
        auto tmp1420 = tmp1419 * tmp4;
        auto tmp1421 = tmp1417 - tmp1420;
        auto tmp1423 = tmp1422 * tmp8;
        auto tmp1424 = static_cast<float>(tmp1423);
        auto tmp1426 = static_cast<float>(tmp1425);
        auto tmp1427 = tmp1426 + tmp13;
        auto tmp1428 = tmp1427 > tmp15;
        auto tmp1429 = metal::precise::exp(tmp1427);
        auto tmp1430 = tmp1429 + tmp18;
        auto tmp1431 = metal::precise::log(tmp1430);
        auto tmp1432 = tmp1428 ? tmp1427 : static_cast<decltype(tmp1427)>(tmp1431);
        auto tmp1433 = tmp1424 * tmp1432;
        auto tmp1434 = tmp1421 + tmp1433;
        auto tmp1435 = tmp1434 * tmp1;
        auto tmp1436 = metal::floor(tmp1435);
        auto tmp1437 = tmp1436 * tmp4;
        auto tmp1438 = tmp1434 - tmp1437;
        auto tmp1440 = tmp1439 * tmp8;
        auto tmp1441 = static_cast<float>(tmp1440);
        auto tmp1443 = static_cast<float>(tmp1442);
        auto tmp1444 = tmp1443 + tmp13;
        auto tmp1445 = tmp1444 > tmp15;
        auto tmp1446 = metal::precise::exp(tmp1444);
        auto tmp1447 = tmp1446 + tmp18;
        auto tmp1448 = metal::precise::log(tmp1447);
        auto tmp1449 = tmp1445 ? tmp1444 : static_cast<decltype(tmp1444)>(tmp1448);
        auto tmp1450 = tmp1441 * tmp1449;
        auto tmp1451 = tmp1438 + tmp1450;
        auto tmp1452 = tmp1451 * tmp1;
        auto tmp1453 = metal::floor(tmp1452);
        auto tmp1454 = tmp1453 * tmp4;
        auto tmp1455 = tmp1451 - tmp1454;
        auto tmp1457 = tmp1456 * tmp8;
        auto tmp1458 = static_cast<float>(tmp1457);
        auto tmp1460 = static_cast<float>(tmp1459);
        auto tmp1461 = tmp1460 + tmp13;
        auto tmp1462 = tmp1461 > tmp15;
        auto tmp1463 = metal::precise::exp(tmp1461);
        auto tmp1464 = tmp1463 + tmp18;
        auto tmp1465 = metal::precise::log(tmp1464);
        auto tmp1466 = tmp1462 ? tmp1461 : static_cast<decltype(tmp1461)>(tmp1465);
        auto tmp1467 = tmp1458 * tmp1466;
        auto tmp1468 = tmp1455 + tmp1467;
        auto tmp1469 = tmp1468 * tmp1;
        auto tmp1470 = metal::floor(tmp1469);
        auto tmp1471 = tmp1470 * tmp4;
        auto tmp1472 = tmp1468 - tmp1471;
        auto tmp1474 = tmp1473 * tmp8;
        auto tmp1475 = static_cast<float>(tmp1474);
        auto tmp1477 = static_cast<float>(tmp1476);
        auto tmp1478 = tmp1477 + tmp13;
        auto tmp1479 = tmp1478 > tmp15;
        auto tmp1480 = metal::precise::exp(tmp1478);
        auto tmp1481 = tmp1480 + tmp18;
        auto tmp1482 = metal::precise::log(tmp1481);
        auto tmp1483 = tmp1479 ? tmp1478 : static_cast<decltype(tmp1478)>(tmp1482);
        auto tmp1484 = tmp1475 * tmp1483;
        auto tmp1485 = tmp1472 + tmp1484;
        auto tmp1486 = tmp1485 * tmp1;
        auto tmp1487 = metal::floor(tmp1486);
        auto tmp1488 = tmp1487 * tmp4;
        auto tmp1489 = tmp1485 - tmp1488;
        auto tmp1491 = tmp1490 * tmp8;
        auto tmp1492 = static_cast<float>(tmp1491);
        auto tmp1494 = static_cast<float>(tmp1493);
        auto tmp1495 = tmp1494 + tmp13;
        auto tmp1496 = tmp1495 > tmp15;
        auto tmp1497 = metal::precise::exp(tmp1495);
        auto tmp1498 = tmp1497 + tmp18;
        auto tmp1499 = metal::precise::log(tmp1498);
        auto tmp1500 = tmp1496 ? tmp1495 : static_cast<decltype(tmp1495)>(tmp1499);
        auto tmp1501 = tmp1492 * tmp1500;
        auto tmp1502 = tmp1489 + tmp1501;
        auto tmp1503 = tmp1502 * tmp1;
        auto tmp1504 = metal::floor(tmp1503);
        auto tmp1505 = tmp1504 * tmp4;
        auto tmp1506 = tmp1502 - tmp1505;
        auto tmp1508 = tmp1507 * tmp8;
        auto tmp1509 = static_cast<float>(tmp1508);
        auto tmp1511 = static_cast<float>(tmp1510);
        auto tmp1512 = tmp1511 + tmp13;
        auto tmp1513 = tmp1512 > tmp15;
        auto tmp1514 = metal::precise::exp(tmp1512);
        auto tmp1515 = tmp1514 + tmp18;
        auto tmp1516 = metal::precise::log(tmp1515);
        auto tmp1517 = tmp1513 ? tmp1512 : static_cast<decltype(tmp1512)>(tmp1516);
        auto tmp1518 = tmp1509 * tmp1517;
        auto tmp1519 = tmp1506 + tmp1518;
        auto tmp1520 = tmp1519 * tmp1;
        auto tmp1521 = metal::floor(tmp1520);
        auto tmp1522 = tmp1521 * tmp4;
        auto tmp1523 = tmp1519 - tmp1522;
        auto tmp1525 = tmp1524 * tmp8;
        auto tmp1526 = static_cast<float>(tmp1525);
        auto tmp1528 = static_cast<float>(tmp1527);
        auto tmp1529 = tmp1528 + tmp13;
        auto tmp1530 = tmp1529 > tmp15;
        auto tmp1531 = metal::precise::exp(tmp1529);
        auto tmp1532 = tmp1531 + tmp18;
        auto tmp1533 = metal::precise::log(tmp1532);
        auto tmp1534 = tmp1530 ? tmp1529 : static_cast<decltype(tmp1529)>(tmp1533);
        auto tmp1535 = tmp1526 * tmp1534;
        auto tmp1536 = tmp1523 + tmp1535;
        auto tmp1537 = tmp1536 * tmp1;
        auto tmp1538 = metal::floor(tmp1537);
        auto tmp1539 = tmp1538 * tmp4;
        auto tmp1540 = tmp1536 - tmp1539;
        auto tmp1542 = tmp1541 * tmp8;
        auto tmp1543 = static_cast<float>(tmp1542);
        auto tmp1545 = static_cast<float>(tmp1544);
        auto tmp1546 = tmp1545 + tmp13;
        auto tmp1547 = tmp1546 > tmp15;
        auto tmp1548 = metal::precise::exp(tmp1546);
        auto tmp1549 = tmp1548 + tmp18;
        auto tmp1550 = metal::precise::log(tmp1549);
        auto tmp1551 = tmp1547 ? tmp1546 : static_cast<decltype(tmp1546)>(tmp1550);
        auto tmp1552 = tmp1543 * tmp1551;
        auto tmp1553 = tmp1540 + tmp1552;
        auto tmp1554 = tmp1553 * tmp1;
        auto tmp1555 = metal::floor(tmp1554);
        auto tmp1556 = tmp1555 * tmp4;
        auto tmp1557 = tmp1553 - tmp1556;
        auto tmp1559 = tmp1558 * tmp8;
        auto tmp1560 = static_cast<float>(tmp1559);
        auto tmp1562 = static_cast<float>(tmp1561);
        auto tmp1563 = tmp1562 + tmp13;
        auto tmp1564 = tmp1563 > tmp15;
        auto tmp1565 = metal::precise::exp(tmp1563);
        auto tmp1566 = tmp1565 + tmp18;
        auto tmp1567 = metal::precise::log(tmp1566);
        auto tmp1568 = tmp1564 ? tmp1563 : static_cast<decltype(tmp1563)>(tmp1567);
        auto tmp1569 = tmp1560 * tmp1568;
        auto tmp1570 = tmp1557 + tmp1569;
        auto tmp1571 = tmp1570 * tmp1;
        auto tmp1572 = metal::floor(tmp1571);
        auto tmp1573 = tmp1572 * tmp4;
        auto tmp1574 = tmp1570 - tmp1573;
        auto tmp1576 = tmp1575 * tmp8;
        auto tmp1577 = static_cast<float>(tmp1576);
        auto tmp1579 = static_cast<float>(tmp1578);
        auto tmp1580 = tmp1579 + tmp13;
        auto tmp1581 = tmp1580 > tmp15;
        auto tmp1582 = metal::precise::exp(tmp1580);
        auto tmp1583 = tmp1582 + tmp18;
        auto tmp1584 = metal::precise::log(tmp1583);
        auto tmp1585 = tmp1581 ? tmp1580 : static_cast<decltype(tmp1580)>(tmp1584);
        auto tmp1586 = tmp1577 * tmp1585;
        auto tmp1587 = tmp1574 + tmp1586;
        auto tmp1588 = tmp1587 * tmp1;
        auto tmp1589 = metal::floor(tmp1588);
        auto tmp1590 = tmp1589 * tmp4;
        auto tmp1591 = tmp1587 - tmp1590;
        auto tmp1593 = tmp1592 * tmp8;
        auto tmp1594 = static_cast<float>(tmp1593);
        auto tmp1596 = static_cast<float>(tmp1595);
        auto tmp1597 = tmp1596 + tmp13;
        auto tmp1598 = tmp1597 > tmp15;
        auto tmp1599 = metal::precise::exp(tmp1597);
        auto tmp1600 = tmp1599 + tmp18;
        auto tmp1601 = metal::precise::log(tmp1600);
        auto tmp1602 = tmp1598 ? tmp1597 : static_cast<decltype(tmp1597)>(tmp1601);
        auto tmp1603 = tmp1594 * tmp1602;
        auto tmp1604 = tmp1591 + tmp1603;
        auto tmp1605 = tmp1604 * tmp1;
        auto tmp1606 = metal::floor(tmp1605);
        auto tmp1607 = tmp1606 * tmp4;
        auto tmp1608 = tmp1604 - tmp1607;
        auto tmp1610 = tmp1609 * tmp8;
        auto tmp1611 = static_cast<float>(tmp1610);
        auto tmp1613 = static_cast<float>(tmp1612);
        auto tmp1614 = tmp1613 + tmp13;
        auto tmp1615 = tmp1614 > tmp15;
        auto tmp1616 = metal::precise::exp(tmp1614);
        auto tmp1617 = tmp1616 + tmp18;
        auto tmp1618 = metal::precise::log(tmp1617);
        auto tmp1619 = tmp1615 ? tmp1614 : static_cast<decltype(tmp1614)>(tmp1618);
        auto tmp1620 = tmp1611 * tmp1619;
        auto tmp1621 = tmp1608 + tmp1620;
        auto tmp1622 = tmp1621 * tmp1;
        auto tmp1623 = metal::floor(tmp1622);
        auto tmp1624 = tmp1623 * tmp4;
        auto tmp1625 = tmp1621 - tmp1624;
        auto tmp1627 = tmp1626 * tmp8;
        auto tmp1628 = static_cast<float>(tmp1627);
        auto tmp1630 = static_cast<float>(tmp1629);
        auto tmp1631 = tmp1630 + tmp13;
        auto tmp1632 = tmp1631 > tmp15;
        auto tmp1633 = metal::precise::exp(tmp1631);
        auto tmp1634 = tmp1633 + tmp18;
        auto tmp1635 = metal::precise::log(tmp1634);
        auto tmp1636 = tmp1632 ? tmp1631 : static_cast<decltype(tmp1631)>(tmp1635);
        auto tmp1637 = tmp1628 * tmp1636;
        auto tmp1638 = tmp1625 + tmp1637;
        auto tmp1639 = tmp1638 * tmp1;
        auto tmp1640 = metal::floor(tmp1639);
        auto tmp1641 = tmp1640 * tmp4;
        auto tmp1642 = tmp1638 - tmp1641;
        auto tmp1644 = tmp1643 * tmp8;
        auto tmp1645 = static_cast<float>(tmp1644);
        auto tmp1647 = static_cast<float>(tmp1646);
        auto tmp1648 = tmp1647 + tmp13;
        auto tmp1649 = tmp1648 > tmp15;
        auto tmp1650 = metal::precise::exp(tmp1648);
        auto tmp1651 = tmp1650 + tmp18;
        auto tmp1652 = metal::precise::log(tmp1651);
        auto tmp1653 = tmp1649 ? tmp1648 : static_cast<decltype(tmp1648)>(tmp1652);
        auto tmp1654 = tmp1645 * tmp1653;
        auto tmp1655 = tmp1642 + tmp1654;
        auto tmp1656 = tmp1655 * tmp1;
        auto tmp1657 = metal::floor(tmp1656);
        auto tmp1658 = tmp1657 * tmp4;
        auto tmp1659 = tmp1655 - tmp1658;
        auto tmp1661 = tmp1660 * tmp8;
        auto tmp1662 = static_cast<float>(tmp1661);
        auto tmp1664 = static_cast<float>(tmp1663);
        auto tmp1665 = tmp1664 + tmp13;
        auto tmp1666 = tmp1665 > tmp15;
        auto tmp1667 = metal::precise::exp(tmp1665);
        auto tmp1668 = tmp1667 + tmp18;
        auto tmp1669 = metal::precise::log(tmp1668);
        auto tmp1670 = tmp1666 ? tmp1665 : static_cast<decltype(tmp1665)>(tmp1669);
        auto tmp1671 = tmp1662 * tmp1670;
        auto tmp1672 = tmp1659 + tmp1671;
        auto tmp1673 = tmp1672 * tmp1;
        auto tmp1674 = metal::floor(tmp1673);
        auto tmp1675 = tmp1674 * tmp4;
        auto tmp1676 = tmp1672 - tmp1675;
        auto tmp1678 = tmp1677 * tmp8;
        auto tmp1679 = static_cast<float>(tmp1678);
        auto tmp1681 = static_cast<float>(tmp1680);
        auto tmp1682 = tmp1681 + tmp13;
        auto tmp1683 = tmp1682 > tmp15;
        auto tmp1684 = metal::precise::exp(tmp1682);
        auto tmp1685 = tmp1684 + tmp18;
        auto tmp1686 = metal::precise::log(tmp1685);
        auto tmp1687 = tmp1683 ? tmp1682 : static_cast<decltype(tmp1682)>(tmp1686);
        auto tmp1688 = tmp1679 * tmp1687;
        auto tmp1689 = tmp1676 + tmp1688;
        auto tmp1690 = tmp1689 * tmp1;
        auto tmp1691 = metal::floor(tmp1690);
        auto tmp1692 = tmp1691 * tmp4;
        auto tmp1693 = tmp1689 - tmp1692;
        auto tmp1695 = tmp1694 * tmp8;
        auto tmp1696 = static_cast<float>(tmp1695);
        auto tmp1698 = static_cast<float>(tmp1697);
        auto tmp1699 = tmp1698 + tmp13;
        auto tmp1700 = tmp1699 > tmp15;
        auto tmp1701 = metal::precise::exp(tmp1699);
        auto tmp1702 = tmp1701 + tmp18;
        auto tmp1703 = metal::precise::log(tmp1702);
        auto tmp1704 = tmp1700 ? tmp1699 : static_cast<decltype(tmp1699)>(tmp1703);
        auto tmp1705 = tmp1696 * tmp1704;
        auto tmp1706 = tmp1693 + tmp1705;
        auto tmp1707 = tmp1706 * tmp1;
        auto tmp1708 = metal::floor(tmp1707);
        auto tmp1709 = tmp1708 * tmp4;
        auto tmp1710 = tmp1706 - tmp1709;
        auto tmp1712 = tmp1711 * tmp8;
        auto tmp1713 = static_cast<float>(tmp1712);
        auto tmp1715 = static_cast<float>(tmp1714);
        auto tmp1716 = tmp1715 + tmp13;
        auto tmp1717 = tmp1716 > tmp15;
        auto tmp1718 = metal::precise::exp(tmp1716);
        auto tmp1719 = tmp1718 + tmp18;
        auto tmp1720 = metal::precise::log(tmp1719);
        auto tmp1721 = tmp1717 ? tmp1716 : static_cast<decltype(tmp1716)>(tmp1720);
        auto tmp1722 = tmp1713 * tmp1721;
        auto tmp1723 = tmp1710 + tmp1722;
        auto tmp1724 = tmp1723 * tmp1;
        auto tmp1725 = metal::floor(tmp1724);
        auto tmp1726 = tmp1725 * tmp4;
        auto tmp1727 = tmp1723 - tmp1726;
        auto tmp1729 = tmp1728 * tmp8;
        auto tmp1730 = static_cast<float>(tmp1729);
        auto tmp1732 = static_cast<float>(tmp1731);
        auto tmp1733 = tmp1732 + tmp13;
        auto tmp1734 = tmp1733 > tmp15;
        auto tmp1735 = metal::precise::exp(tmp1733);
        auto tmp1736 = tmp1735 + tmp18;
        auto tmp1737 = metal::precise::log(tmp1736);
        auto tmp1738 = tmp1734 ? tmp1733 : static_cast<decltype(tmp1733)>(tmp1737);
        auto tmp1739 = tmp1730 * tmp1738;
        auto tmp1740 = tmp1727 + tmp1739;
        auto tmp1741 = tmp1740 * tmp1;
        auto tmp1742 = metal::floor(tmp1741);
        auto tmp1743 = tmp1742 * tmp4;
        auto tmp1744 = tmp1740 - tmp1743;
        auto tmp1746 = tmp1745 * tmp8;
        auto tmp1747 = static_cast<float>(tmp1746);
        auto tmp1749 = static_cast<float>(tmp1748);
        auto tmp1750 = tmp1749 + tmp13;
        auto tmp1751 = tmp1750 > tmp15;
        auto tmp1752 = metal::precise::exp(tmp1750);
        auto tmp1753 = tmp1752 + tmp18;
        auto tmp1754 = metal::precise::log(tmp1753);
        auto tmp1755 = tmp1751 ? tmp1750 : static_cast<decltype(tmp1750)>(tmp1754);
        auto tmp1756 = tmp1747 * tmp1755;
        auto tmp1757 = tmp1744 + tmp1756;
        auto tmp1758 = tmp1757 * tmp1;
        auto tmp1759 = metal::floor(tmp1758);
        auto tmp1760 = tmp1759 * tmp4;
        auto tmp1761 = tmp1757 - tmp1760;
        auto tmp1763 = tmp1762 * tmp8;
        auto tmp1764 = static_cast<float>(tmp1763);
        auto tmp1766 = static_cast<float>(tmp1765);
        auto tmp1767 = tmp1766 + tmp13;
        auto tmp1768 = tmp1767 > tmp15;
        auto tmp1769 = metal::precise::exp(tmp1767);
        auto tmp1770 = tmp1769 + tmp18;
        auto tmp1771 = metal::precise::log(tmp1770);
        auto tmp1772 = tmp1768 ? tmp1767 : static_cast<decltype(tmp1767)>(tmp1771);
        auto tmp1773 = tmp1764 * tmp1772;
        auto tmp1774 = tmp1761 + tmp1773;
        auto tmp1775 = tmp1774 * tmp1;
        auto tmp1776 = metal::floor(tmp1775);
        auto tmp1777 = tmp1776 * tmp4;
        auto tmp1778 = tmp1774 - tmp1777;
        auto tmp1780 = tmp1779 * tmp8;
        auto tmp1781 = static_cast<float>(tmp1780);
        auto tmp1783 = static_cast<float>(tmp1782);
        auto tmp1784 = tmp1783 + tmp13;
        auto tmp1785 = tmp1784 > tmp15;
        auto tmp1786 = metal::precise::exp(tmp1784);
        auto tmp1787 = tmp1786 + tmp18;
        auto tmp1788 = metal::precise::log(tmp1787);
        auto tmp1789 = tmp1785 ? tmp1784 : static_cast<decltype(tmp1784)>(tmp1788);
        auto tmp1790 = tmp1781 * tmp1789;
        auto tmp1791 = tmp1778 + tmp1790;
        auto tmp1792 = tmp1791 * tmp1;
        auto tmp1793 = metal::floor(tmp1792);
        auto tmp1794 = tmp1793 * tmp4;
        auto tmp1795 = tmp1791 - tmp1794;
        auto tmp1797 = tmp1796 * tmp8;
        auto tmp1798 = static_cast<float>(tmp1797);
        auto tmp1800 = static_cast<float>(tmp1799);
        auto tmp1801 = tmp1800 + tmp13;
        auto tmp1802 = tmp1801 > tmp15;
        auto tmp1803 = metal::precise::exp(tmp1801);
        auto tmp1804 = tmp1803 + tmp18;
        auto tmp1805 = metal::precise::log(tmp1804);
        auto tmp1806 = tmp1802 ? tmp1801 : static_cast<decltype(tmp1801)>(tmp1805);
        auto tmp1807 = tmp1798 * tmp1806;
        auto tmp1808 = tmp1795 + tmp1807;
        auto tmp1809 = tmp1808 * tmp1;
        auto tmp1810 = metal::floor(tmp1809);
        auto tmp1811 = tmp1810 * tmp4;
        auto tmp1812 = tmp1808 - tmp1811;
        auto tmp1814 = tmp1813 * tmp8;
        auto tmp1815 = static_cast<float>(tmp1814);
        auto tmp1817 = static_cast<float>(tmp1816);
        auto tmp1818 = tmp1817 + tmp13;
        auto tmp1819 = tmp1818 > tmp15;
        auto tmp1820 = metal::precise::exp(tmp1818);
        auto tmp1821 = tmp1820 + tmp18;
        auto tmp1822 = metal::precise::log(tmp1821);
        auto tmp1823 = tmp1819 ? tmp1818 : static_cast<decltype(tmp1818)>(tmp1822);
        auto tmp1824 = tmp1815 * tmp1823;
        auto tmp1825 = tmp1812 + tmp1824;
        auto tmp1826 = tmp1825 * tmp1;
        auto tmp1827 = metal::floor(tmp1826);
        auto tmp1828 = tmp1827 * tmp4;
        auto tmp1829 = tmp1825 - tmp1828;
        auto tmp1831 = tmp1830 * tmp8;
        auto tmp1832 = static_cast<float>(tmp1831);
        auto tmp1834 = static_cast<float>(tmp1833);
        auto tmp1835 = tmp1834 + tmp13;
        auto tmp1836 = tmp1835 > tmp15;
        auto tmp1837 = metal::precise::exp(tmp1835);
        auto tmp1838 = tmp1837 + tmp18;
        auto tmp1839 = metal::precise::log(tmp1838);
        auto tmp1840 = tmp1836 ? tmp1835 : static_cast<decltype(tmp1835)>(tmp1839);
        auto tmp1841 = tmp1832 * tmp1840;
        auto tmp1842 = tmp1829 + tmp1841;
        auto tmp1843 = tmp1842 * tmp1;
        auto tmp1844 = metal::floor(tmp1843);
        auto tmp1845 = tmp1844 * tmp4;
        auto tmp1846 = tmp1842 - tmp1845;
        auto tmp1848 = tmp1847 * tmp8;
        auto tmp1849 = static_cast<float>(tmp1848);
        auto tmp1851 = static_cast<float>(tmp1850);
        auto tmp1852 = tmp1851 + tmp13;
        auto tmp1853 = tmp1852 > tmp15;
        auto tmp1854 = metal::precise::exp(tmp1852);
        auto tmp1855 = tmp1854 + tmp18;
        auto tmp1856 = metal::precise::log(tmp1855);
        auto tmp1857 = tmp1853 ? tmp1852 : static_cast<decltype(tmp1852)>(tmp1856);
        auto tmp1858 = tmp1849 * tmp1857;
        auto tmp1859 = tmp1846 + tmp1858;
        auto tmp1860 = tmp1859 * tmp1;
        auto tmp1861 = metal::floor(tmp1860);
        auto tmp1862 = tmp1861 * tmp4;
        auto tmp1863 = tmp1859 - tmp1862;
        auto tmp1865 = tmp1864 * tmp8;
        auto tmp1866 = static_cast<float>(tmp1865);
        auto tmp1868 = static_cast<float>(tmp1867);
        auto tmp1869 = tmp1868 + tmp13;
        auto tmp1870 = tmp1869 > tmp15;
        auto tmp1871 = metal::precise::exp(tmp1869);
        auto tmp1872 = tmp1871 + tmp18;
        auto tmp1873 = metal::precise::log(tmp1872);
        auto tmp1874 = tmp1870 ? tmp1869 : static_cast<decltype(tmp1869)>(tmp1873);
        auto tmp1875 = tmp1866 * tmp1874;
        auto tmp1876 = tmp1863 + tmp1875;
        auto tmp1877 = tmp1876 * tmp1;
        auto tmp1878 = metal::floor(tmp1877);
        auto tmp1879 = tmp1878 * tmp4;
        auto tmp1880 = tmp1876 - tmp1879;
        auto tmp1882 = tmp1881 * tmp8;
        auto tmp1883 = static_cast<float>(tmp1882);
        auto tmp1885 = static_cast<float>(tmp1884);
        auto tmp1886 = tmp1885 + tmp13;
        auto tmp1887 = tmp1886 > tmp15;
        auto tmp1888 = metal::precise::exp(tmp1886);
        auto tmp1889 = tmp1888 + tmp18;
        auto tmp1890 = metal::precise::log(tmp1889);
        auto tmp1891 = tmp1887 ? tmp1886 : static_cast<decltype(tmp1886)>(tmp1890);
        auto tmp1892 = tmp1883 * tmp1891;
        auto tmp1893 = tmp1880 + tmp1892;
        auto tmp1894 = tmp1893 * tmp1;
        auto tmp1895 = metal::floor(tmp1894);
        auto tmp1896 = tmp1895 * tmp4;
        auto tmp1897 = tmp1893 - tmp1896;
        auto tmp1899 = tmp1898 * tmp8;
        auto tmp1900 = static_cast<float>(tmp1899);
        auto tmp1902 = static_cast<float>(tmp1901);
        auto tmp1903 = tmp1902 + tmp13;
        auto tmp1904 = tmp1903 > tmp15;
        auto tmp1905 = metal::precise::exp(tmp1903);
        auto tmp1906 = tmp1905 + tmp18;
        auto tmp1907 = metal::precise::log(tmp1906);
        auto tmp1908 = tmp1904 ? tmp1903 : static_cast<decltype(tmp1903)>(tmp1907);
        auto tmp1909 = tmp1900 * tmp1908;
        auto tmp1910 = tmp1897 + tmp1909;
        auto tmp1911 = tmp1910 * tmp1;
        auto tmp1912 = metal::floor(tmp1911);
        auto tmp1913 = tmp1912 * tmp4;
        auto tmp1914 = tmp1910 - tmp1913;
        auto tmp1916 = tmp1915 * tmp8;
        auto tmp1917 = static_cast<float>(tmp1916);
        auto tmp1919 = static_cast<float>(tmp1918);
        auto tmp1920 = tmp1919 + tmp13;
        auto tmp1921 = tmp1920 > tmp15;
        auto tmp1922 = metal::precise::exp(tmp1920);
        auto tmp1923 = tmp1922 + tmp18;
        auto tmp1924 = metal::precise::log(tmp1923);
        auto tmp1925 = tmp1921 ? tmp1920 : static_cast<decltype(tmp1920)>(tmp1924);
        auto tmp1926 = tmp1917 * tmp1925;
        auto tmp1927 = tmp1914 + tmp1926;
        auto tmp1928 = tmp1927 * tmp1;
        auto tmp1929 = metal::floor(tmp1928);
        auto tmp1930 = tmp1929 * tmp4;
        auto tmp1931 = tmp1927 - tmp1930;
        auto tmp1933 = tmp1932 * tmp8;
        auto tmp1934 = static_cast<float>(tmp1933);
        auto tmp1936 = static_cast<float>(tmp1935);
        auto tmp1937 = tmp1936 + tmp13;
        auto tmp1938 = tmp1937 > tmp15;
        auto tmp1939 = metal::precise::exp(tmp1937);
        auto tmp1940 = tmp1939 + tmp18;
        auto tmp1941 = metal::precise::log(tmp1940);
        auto tmp1942 = tmp1938 ? tmp1937 : static_cast<decltype(tmp1937)>(tmp1941);
        auto tmp1943 = tmp1934 * tmp1942;
        auto tmp1944 = tmp1931 + tmp1943;
        auto tmp1945 = tmp1944 * tmp1;
        auto tmp1946 = metal::floor(tmp1945);
        auto tmp1947 = tmp1946 * tmp4;
        auto tmp1948 = tmp1944 - tmp1947;
        auto tmp1950 = tmp1949 * tmp8;
        auto tmp1951 = static_cast<float>(tmp1950);
        auto tmp1953 = static_cast<float>(tmp1952);
        auto tmp1954 = tmp1953 + tmp13;
        auto tmp1955 = tmp1954 > tmp15;
        auto tmp1956 = metal::precise::exp(tmp1954);
        auto tmp1957 = tmp1956 + tmp18;
        auto tmp1958 = metal::precise::log(tmp1957);
        auto tmp1959 = tmp1955 ? tmp1954 : static_cast<decltype(tmp1954)>(tmp1958);
        auto tmp1960 = tmp1951 * tmp1959;
        auto tmp1961 = tmp1948 + tmp1960;
        auto tmp1962 = tmp1961 * tmp1;
        auto tmp1963 = metal::floor(tmp1962);
        auto tmp1964 = tmp1963 * tmp4;
        auto tmp1965 = tmp1961 - tmp1964;
        auto tmp1967 = tmp1966 * tmp8;
        auto tmp1968 = static_cast<float>(tmp1967);
        auto tmp1970 = static_cast<float>(tmp1969);
        auto tmp1971 = tmp1970 + tmp13;
        auto tmp1972 = tmp1971 > tmp15;
        auto tmp1973 = metal::precise::exp(tmp1971);
        auto tmp1974 = tmp1973 + tmp18;
        auto tmp1975 = metal::precise::log(tmp1974);
        auto tmp1976 = tmp1972 ? tmp1971 : static_cast<decltype(tmp1971)>(tmp1975);
        auto tmp1977 = tmp1968 * tmp1976;
        auto tmp1978 = tmp1965 + tmp1977;
        auto tmp1979 = tmp1978 * tmp1;
        auto tmp1980 = metal::floor(tmp1979);
        auto tmp1981 = tmp1980 * tmp4;
        auto tmp1982 = tmp1978 - tmp1981;
        auto tmp1984 = tmp1983 * tmp8;
        auto tmp1985 = static_cast<float>(tmp1984);
        auto tmp1987 = static_cast<float>(tmp1986);
        auto tmp1988 = tmp1987 + tmp13;
        auto tmp1989 = tmp1988 > tmp15;
        auto tmp1990 = metal::precise::exp(tmp1988);
        auto tmp1991 = tmp1990 + tmp18;
        auto tmp1992 = metal::precise::log(tmp1991);
        auto tmp1993 = tmp1989 ? tmp1988 : static_cast<decltype(tmp1988)>(tmp1992);
        auto tmp1994 = tmp1985 * tmp1993;
        auto tmp1995 = tmp1982 + tmp1994;
        auto tmp1996 = tmp1995 * tmp1;
        auto tmp1997 = metal::floor(tmp1996);
        auto tmp1998 = tmp1997 * tmp4;
        auto tmp1999 = tmp1995 - tmp1998;
        auto tmp2001 = tmp2000 * tmp8;
        auto tmp2002 = static_cast<float>(tmp2001);
        auto tmp2004 = static_cast<float>(tmp2003);
        auto tmp2005 = tmp2004 + tmp13;
        auto tmp2006 = tmp2005 > tmp15;
        auto tmp2007 = metal::precise::exp(tmp2005);
        auto tmp2008 = tmp2007 + tmp18;
        auto tmp2009 = metal::precise::log(tmp2008);
        auto tmp2010 = tmp2006 ? tmp2005 : static_cast<decltype(tmp2005)>(tmp2009);
        auto tmp2011 = tmp2002 * tmp2010;
        auto tmp2012 = tmp1999 + tmp2011;
        auto tmp2013 = tmp2012 * tmp1;
        auto tmp2014 = metal::floor(tmp2013);
        auto tmp2015 = tmp2014 * tmp4;
        auto tmp2016 = tmp2012 - tmp2015;
        auto tmp2018 = tmp2017 * tmp8;
        auto tmp2019 = static_cast<float>(tmp2018);
        auto tmp2021 = static_cast<float>(tmp2020);
        auto tmp2022 = tmp2021 + tmp13;
        auto tmp2023 = tmp2022 > tmp15;
        auto tmp2024 = metal::precise::exp(tmp2022);
        auto tmp2025 = tmp2024 + tmp18;
        auto tmp2026 = metal::precise::log(tmp2025);
        auto tmp2027 = tmp2023 ? tmp2022 : static_cast<decltype(tmp2022)>(tmp2026);
        auto tmp2028 = tmp2019 * tmp2027;
        auto tmp2029 = tmp2016 + tmp2028;
        auto tmp2030 = tmp2029 * tmp1;
        auto tmp2031 = metal::floor(tmp2030);
        auto tmp2032 = tmp2031 * tmp4;
        auto tmp2033 = tmp2029 - tmp2032;
        auto tmp2035 = tmp2034 * tmp8;
        auto tmp2036 = static_cast<float>(tmp2035);
        auto tmp2038 = static_cast<float>(tmp2037);
        auto tmp2039 = tmp2038 + tmp13;
        auto tmp2040 = tmp2039 > tmp15;
        auto tmp2041 = metal::precise::exp(tmp2039);
        auto tmp2042 = tmp2041 + tmp18;
        auto tmp2043 = metal::precise::log(tmp2042);
        auto tmp2044 = tmp2040 ? tmp2039 : static_cast<decltype(tmp2039)>(tmp2043);
        auto tmp2045 = tmp2036 * tmp2044;
        auto tmp2046 = tmp2033 + tmp2045;
        auto tmp2047 = tmp2046 * tmp1;
        auto tmp2048 = metal::floor(tmp2047);
        auto tmp2049 = tmp2048 * tmp4;
        auto tmp2050 = tmp2046 - tmp2049;
        auto tmp2052 = tmp2051 * tmp8;
        auto tmp2053 = static_cast<float>(tmp2052);
        auto tmp2055 = static_cast<float>(tmp2054);
        auto tmp2056 = tmp2055 + tmp13;
        auto tmp2057 = tmp2056 > tmp15;
        auto tmp2058 = metal::precise::exp(tmp2056);
        auto tmp2059 = tmp2058 + tmp18;
        auto tmp2060 = metal::precise::log(tmp2059);
        auto tmp2061 = tmp2057 ? tmp2056 : static_cast<decltype(tmp2056)>(tmp2060);
        auto tmp2062 = tmp2053 * tmp2061;
        auto tmp2063 = tmp2050 + tmp2062;
        auto tmp2064 = tmp2063 * tmp1;
        auto tmp2065 = metal::floor(tmp2064);
        auto tmp2066 = tmp2065 * tmp4;
        auto tmp2067 = tmp2063 - tmp2066;
        auto tmp2069 = tmp2068 * tmp8;
        auto tmp2070 = static_cast<float>(tmp2069);
        auto tmp2072 = static_cast<float>(tmp2071);
        auto tmp2073 = tmp2072 + tmp13;
        auto tmp2074 = tmp2073 > tmp15;
        auto tmp2075 = metal::precise::exp(tmp2073);
        auto tmp2076 = tmp2075 + tmp18;
        auto tmp2077 = metal::precise::log(tmp2076);
        auto tmp2078 = tmp2074 ? tmp2073 : static_cast<decltype(tmp2073)>(tmp2077);
        auto tmp2079 = tmp2070 * tmp2078;
        auto tmp2080 = tmp2067 + tmp2079;
        auto tmp2081 = tmp2080 * tmp1;
        auto tmp2082 = metal::floor(tmp2081);
        auto tmp2083 = tmp2082 * tmp4;
        auto tmp2084 = tmp2080 - tmp2083;
        auto tmp2086 = tmp2085 * tmp8;
        auto tmp2087 = static_cast<float>(tmp2086);
        auto tmp2089 = static_cast<float>(tmp2088);
        auto tmp2090 = tmp2089 + tmp13;
        auto tmp2091 = tmp2090 > tmp15;
        auto tmp2092 = metal::precise::exp(tmp2090);
        auto tmp2093 = tmp2092 + tmp18;
        auto tmp2094 = metal::precise::log(tmp2093);
        auto tmp2095 = tmp2091 ? tmp2090 : static_cast<decltype(tmp2090)>(tmp2094);
        auto tmp2096 = tmp2087 * tmp2095;
        auto tmp2097 = tmp2084 + tmp2096;
        auto tmp2098 = tmp2097 * tmp1;
        auto tmp2099 = metal::floor(tmp2098);
        auto tmp2100 = tmp2099 * tmp4;
        auto tmp2101 = tmp2097 - tmp2100;
        auto tmp2103 = tmp2102 * tmp8;
        auto tmp2104 = static_cast<float>(tmp2103);
        auto tmp2106 = static_cast<float>(tmp2105);
        auto tmp2107 = tmp2106 + tmp13;
        auto tmp2108 = tmp2107 > tmp15;
        auto tmp2109 = metal::precise::exp(tmp2107);
        auto tmp2110 = tmp2109 + tmp18;
        auto tmp2111 = metal::precise::log(tmp2110);
        auto tmp2112 = tmp2108 ? tmp2107 : static_cast<decltype(tmp2107)>(tmp2111);
        auto tmp2113 = tmp2104 * tmp2112;
        auto tmp2114 = tmp2101 + tmp2113;
        auto tmp2115 = tmp2114 * tmp1;
        auto tmp2116 = metal::floor(tmp2115);
        auto tmp2117 = tmp2116 * tmp4;
        auto tmp2118 = tmp2114 - tmp2117;
        auto tmp2120 = tmp2119 * tmp8;
        auto tmp2121 = static_cast<float>(tmp2120);
        auto tmp2123 = static_cast<float>(tmp2122);
        auto tmp2124 = tmp2123 + tmp13;
        auto tmp2125 = tmp2124 > tmp15;
        auto tmp2126 = metal::precise::exp(tmp2124);
        auto tmp2127 = tmp2126 + tmp18;
        auto tmp2128 = metal::precise::log(tmp2127);
        auto tmp2129 = tmp2125 ? tmp2124 : static_cast<decltype(tmp2124)>(tmp2128);
        auto tmp2130 = tmp2121 * tmp2129;
        auto tmp2131 = tmp2118 + tmp2130;
        auto tmp2132 = tmp2131 * tmp1;
        auto tmp2133 = metal::floor(tmp2132);
        auto tmp2134 = tmp2133 * tmp4;
        auto tmp2135 = tmp2131 - tmp2134;
        auto tmp2137 = tmp2136 * tmp8;
        auto tmp2138 = static_cast<float>(tmp2137);
        auto tmp2140 = static_cast<float>(tmp2139);
        auto tmp2141 = tmp2140 + tmp13;
        auto tmp2142 = tmp2141 > tmp15;
        auto tmp2143 = metal::precise::exp(tmp2141);
        auto tmp2144 = tmp2143 + tmp18;
        auto tmp2145 = metal::precise::log(tmp2144);
        auto tmp2146 = tmp2142 ? tmp2141 : static_cast<decltype(tmp2141)>(tmp2145);
        auto tmp2147 = tmp2138 * tmp2146;
        auto tmp2148 = tmp2135 + tmp2147;
        auto tmp2149 = tmp2148 * tmp1;
        auto tmp2150 = metal::floor(tmp2149);
        auto tmp2151 = tmp2150 * tmp4;
        auto tmp2152 = tmp2148 - tmp2151;
        auto tmp2154 = tmp2153 * tmp8;
        auto tmp2155 = static_cast<float>(tmp2154);
        auto tmp2157 = static_cast<float>(tmp2156);
        auto tmp2158 = tmp2157 + tmp13;
        auto tmp2159 = tmp2158 > tmp15;
        auto tmp2160 = metal::precise::exp(tmp2158);
        auto tmp2161 = tmp2160 + tmp18;
        auto tmp2162 = metal::precise::log(tmp2161);
        auto tmp2163 = tmp2159 ? tmp2158 : static_cast<decltype(tmp2158)>(tmp2162);
        auto tmp2164 = tmp2155 * tmp2163;
        auto tmp2165 = tmp2152 + tmp2164;
        auto tmp2166 = tmp2165 * tmp1;
        auto tmp2167 = metal::floor(tmp2166);
        auto tmp2168 = tmp2167 * tmp4;
        auto tmp2169 = tmp2165 - tmp2168;
        auto tmp2171 = tmp2170 * tmp8;
        auto tmp2172 = static_cast<float>(tmp2171);
        auto tmp2174 = static_cast<float>(tmp2173);
        auto tmp2175 = tmp2174 + tmp13;
        auto tmp2176 = tmp2175 > tmp15;
        auto tmp2177 = metal::precise::exp(tmp2175);
        auto tmp2178 = tmp2177 + tmp18;
        auto tmp2179 = metal::precise::log(tmp2178);
        auto tmp2180 = tmp2176 ? tmp2175 : static_cast<decltype(tmp2175)>(tmp2179);
        auto tmp2181 = tmp2172 * tmp2180;
        auto tmp2182 = tmp2169 + tmp2181;
        out_ptr0[x3] = static_cast<float>(tmp40);
        out_ptr1[x3] = static_cast<float>(tmp74);
        out_ptr2[x3] = static_cast<float>(tmp108);
        out_ptr3[x3] = static_cast<float>(tmp142);
        out_ptr4[x3] = static_cast<float>(tmp176);
        out_ptr5[x3] = static_cast<float>(tmp210);
        out_ptr6[x3] = static_cast<float>(tmp244);
        out_ptr7[x3] = static_cast<float>(tmp278);
        out_ptr8[x3] = static_cast<float>(tmp312);
        out_ptr9[x3] = static_cast<float>(tmp346);
        out_ptr10[x3] = static_cast<float>(tmp380);
        out_ptr11[x3] = static_cast<float>(tmp414);
        out_ptr12[x3] = static_cast<float>(tmp448);
        out_ptr13[x3] = static_cast<float>(tmp482);
        out_ptr14[x3] = static_cast<float>(tmp516);
        out_ptr15[x3] = static_cast<float>(tmp550);
        out_ptr16[x3] = static_cast<float>(tmp584);
        out_ptr17[x3] = static_cast<float>(tmp618);
        out_ptr18[x3] = static_cast<float>(tmp652);
        out_ptr19[x3] = static_cast<float>(tmp686);
        out_ptr20[x3] = static_cast<float>(tmp720);
        out_ptr21[x3] = static_cast<float>(tmp754);
        out_ptr22[x3] = static_cast<float>(tmp788);
        out_ptr23[x3] = static_cast<float>(tmp822);
        out_ptr24[x3] = static_cast<float>(tmp856);
        out_ptr25[x3] = static_cast<float>(tmp890);
        out_ptr26[x3] = static_cast<float>(tmp924);
        out_ptr27[x3] = static_cast<float>(tmp958);
        out_ptr28[x3] = static_cast<float>(tmp992);
        out_ptr29[x3] = static_cast<float>(tmp1026);
        out_ptr30[x3] = static_cast<float>(tmp1060);
        out_ptr31[x3] = static_cast<float>(tmp1094);
        out_ptr32[x3] = static_cast<float>(tmp1128);
        out_ptr33[x3] = static_cast<float>(tmp1162);
        out_ptr34[x3] = static_cast<float>(tmp1196);
        out_ptr35[x3] = static_cast<float>(tmp1230);
        out_ptr36[x3] = static_cast<float>(tmp1264);
        out_ptr37[x3] = static_cast<float>(tmp1298);
        out_ptr38[x3] = static_cast<float>(tmp1332);
        out_ptr39[x3] = static_cast<float>(tmp1366);
        out_ptr40[x3] = static_cast<float>(tmp1400);
        out_ptr41[x3] = static_cast<float>(tmp1434);
        out_ptr42[x3] = static_cast<float>(tmp1468);
        out_ptr43[x3] = static_cast<float>(tmp1502);
        out_ptr44[x3] = static_cast<float>(tmp1536);
        out_ptr45[x3] = static_cast<float>(tmp1570);
        out_ptr46[x3] = static_cast<float>(tmp1604);
        out_ptr47[x3] = static_cast<float>(tmp1638);
        out_ptr48[x3] = static_cast<float>(tmp1672);
        out_ptr49[x3] = static_cast<float>(tmp1706);
        out_ptr50[x3] = static_cast<float>(tmp1740);
        out_ptr51[x3] = static_cast<float>(tmp1774);
        out_ptr52[x3] = static_cast<float>(tmp1808);
        out_ptr53[x3] = static_cast<float>(tmp1842);
        out_ptr54[x3] = static_cast<float>(tmp1876);
        out_ptr55[x3] = static_cast<float>(tmp1910);
        out_ptr56[x3] = static_cast<float>(tmp1944);
        out_ptr57[x3] = static_cast<float>(tmp1978);
        out_ptr58[x3] = static_cast<float>(tmp2012);
        out_ptr59[x3] = static_cast<float>(tmp2046);
        out_ptr60[x3] = static_cast<float>(tmp2080);
        out_ptr61[x3] = static_cast<float>(tmp2114);
        out_ptr62[x3] = static_cast<float>(tmp2148);
        out_ptr63[x3] = static_cast<float>(tmp2182);
    }




    kernel void generated_kernel_26(
        device float* out_ptr0,
        device float* out_ptr1,
        device float* out_ptr2,
        device float* out_ptr3,
        device float* out_ptr4,
        device float* out_ptr5,
        device float* out_ptr6,
        device float* out_ptr7,
        device float* out_ptr8,
        device float* out_ptr9,
        device float* out_ptr10,
        device float* out_ptr11,
        device float* out_ptr12,
        device float* out_ptr13,
        device float* out_ptr14,
        device float* out_ptr15,
        device float* out_ptr16,
        device float* out_ptr17,
        device float* out_ptr18,
        device float* out_ptr19,
        device float* out_ptr20,
        device float* out_ptr21,
        device float* out_ptr22,
        device float* out_ptr23,
        device float* out_ptr24,
        device float* out_ptr25,
        device float* out_ptr26,
        device float* out_ptr27,
        device float* out_ptr28,
        device float* out_ptr29,
        device float* out_ptr30,
        device float* out_ptr31,
        device float* out_ptr32,
        device float* out_ptr33,
        device float* out_ptr34,
        device float* out_ptr35,
        device float* out_ptr36,
        device float* out_ptr37,
        device float* out_ptr38,
        device float* out_ptr39,
        device float* out_ptr40,
        device float* out_ptr41,
        device float* out_ptr42,
        device float* out_ptr43,
        device float* out_ptr44,
        device float* out_ptr45,
        device float* out_ptr46,
        device float* out_ptr47,
        device float* out_ptr48,
        device float* out_ptr49,
        device float* out_ptr50,
        device float* out_ptr51,
        device float* out_ptr52,
        device float* out_ptr53,
        device float* out_ptr54,
        device float* out_ptr55,
        device float* out_ptr56,
        device float* out_ptr57,
        device float* out_ptr58,
        device float* out_ptr59,
        device float* out_ptr60,
        device float* out_ptr61,
        device float* out_ptr62,
        device float* out_ptr63,
        constant float* in_ptr0,
        constant bfloat* in_ptr1,
        constant bfloat* in_ptr2,
        constant float* in_ptr3,
        constant float* in_ptr4,
        constant float* in_ptr5,
        constant float* in_ptr6,
        constant float* in_ptr7,
        constant float* in_ptr8,
        constant float* in_ptr9,
        constant float* in_ptr10,
        constant float* in_ptr11,
        constant float* in_ptr12,
        constant float* in_ptr13,
        constant float* in_ptr14,
        constant float* in_ptr15,
        constant float* in_ptr16,
        constant float* in_ptr17,
        constant float* in_ptr18,
        constant float* in_ptr19,
        constant float* in_ptr20,
        constant float* in_ptr21,
        constant float* in_ptr22,
        constant float* in_ptr23,
        constant float* in_ptr24,
        constant float* in_ptr25,
        constant float* in_ptr26,
        constant float* in_ptr27,
        constant float* in_ptr28,
        constant float* in_ptr29,
        constant float* in_ptr30,
        constant float* in_ptr31,
        constant float* in_ptr32,
        constant float* in_ptr33,
        constant float* in_ptr34,
        device c10::metal::ErrorMessages* error_buf,
        uint xindex [[thread_position_in_grid]]
    ) {
        int x4 = xindex;
        int x0 = (xindex) % (384);
        int x1 = c10::metal::floor_divide(xindex, 384);
        int x2 = (xindex) % (32);
        int x3 = ((xindex) / (32)) % (12);
        auto tmp0 = in_ptr0[x4];
        auto tmp7 = static_cast<float>(in_ptr1[8192 + x2 + 16384*x1]);
        auto tmp11 = static_cast<float>(in_ptr2[477952 + x3 + 952320*x1]);
        auto tmp13 = in_ptr3[x3];
        auto tmp28 = in_ptr4[x4];
        auto tmp33 = static_cast<float>(in_ptr1[8256 + x2 + 16384*x1]);
        auto tmp36 = static_cast<float>(in_ptr2[481672 + x3 + 952320*x1]);
        auto tmp50 = in_ptr5[x4];
        auto tmp55 = static_cast<float>(in_ptr1[8320 + x2 + 16384*x1]);
        auto tmp58 = static_cast<float>(in_ptr2[485392 + x3 + 952320*x1]);
        auto tmp72 = in_ptr6[x4];
        auto tmp77 = static_cast<float>(in_ptr1[8384 + x2 + 16384*x1]);
        auto tmp80 = static_cast<float>(in_ptr2[489112 + x3 + 952320*x1]);
        auto tmp94 = in_ptr7[x4];
        auto tmp99 = static_cast<float>(in_ptr1[8448 + x2 + 16384*x1]);
        auto tmp102 = static_cast<float>(in_ptr2[492832 + x3 + 952320*x1]);
        auto tmp116 = in_ptr8[x4];
        auto tmp121 = static_cast<float>(in_ptr1[8512 + x2 + 16384*x1]);
        auto tmp124 = static_cast<float>(in_ptr2[496552 + x3 + 952320*x1]);
        auto tmp138 = in_ptr9[x4];
        auto tmp143 = static_cast<float>(in_ptr1[8576 + x2 + 16384*x1]);
        auto tmp146 = static_cast<float>(in_ptr2[500272 + x3 + 952320*x1]);
        auto tmp160 = in_ptr10[x4];
        auto tmp165 = static_cast<float>(in_ptr1[8640 + x2 + 16384*x1]);
        auto tmp168 = static_cast<float>(in_ptr2[503992 + x3 + 952320*x1]);
        auto tmp182 = in_ptr11[x4];
        auto tmp187 = static_cast<float>(in_ptr1[8704 + x2 + 16384*x1]);
        auto tmp190 = static_cast<float>(in_ptr2[507712 + x3 + 952320*x1]);
        auto tmp204 = in_ptr12[x4];
        auto tmp209 = static_cast<float>(in_ptr1[8768 + x2 + 16384*x1]);
        auto tmp212 = static_cast<float>(in_ptr2[511432 + x3 + 952320*x1]);
        auto tmp226 = in_ptr13[x4];
        auto tmp231 = static_cast<float>(in_ptr1[8832 + x2 + 16384*x1]);
        auto tmp234 = static_cast<float>(in_ptr2[515152 + x3 + 952320*x1]);
        auto tmp248 = in_ptr14[x4];
        auto tmp253 = static_cast<float>(in_ptr1[8896 + x2 + 16384*x1]);
        auto tmp256 = static_cast<float>(in_ptr2[518872 + x3 + 952320*x1]);
        auto tmp270 = in_ptr15[x4];
        auto tmp275 = static_cast<float>(in_ptr1[8960 + x2 + 16384*x1]);
        auto tmp278 = static_cast<float>(in_ptr2[522592 + x3 + 952320*x1]);
        auto tmp292 = in_ptr16[x4];
        auto tmp297 = static_cast<float>(in_ptr1[9024 + x2 + 16384*x1]);
        auto tmp300 = static_cast<float>(in_ptr2[526312 + x3 + 952320*x1]);
        auto tmp314 = in_ptr17[x4];
        auto tmp319 = static_cast<float>(in_ptr1[9088 + x2 + 16384*x1]);
        auto tmp322 = static_cast<float>(in_ptr2[530032 + x3 + 952320*x1]);
        auto tmp336 = in_ptr18[x4];
        auto tmp341 = static_cast<float>(in_ptr1[9152 + x2 + 16384*x1]);
        auto tmp344 = static_cast<float>(in_ptr2[533752 + x3 + 952320*x1]);
        auto tmp358 = in_ptr19[x4];
        auto tmp363 = static_cast<float>(in_ptr1[9216 + x2 + 16384*x1]);
        auto tmp366 = static_cast<float>(in_ptr2[537472 + x3 + 952320*x1]);
        auto tmp380 = in_ptr20[x4];
        auto tmp385 = static_cast<float>(in_ptr1[9280 + x2 + 16384*x1]);
        auto tmp388 = static_cast<float>(in_ptr2[541192 + x3 + 952320*x1]);
        auto tmp402 = in_ptr21[x4];
        auto tmp407 = static_cast<float>(in_ptr1[9344 + x2 + 16384*x1]);
        auto tmp410 = static_cast<float>(in_ptr2[544912 + x3 + 952320*x1]);
        auto tmp424 = in_ptr22[x4];
        auto tmp429 = static_cast<float>(in_ptr1[9408 + x2 + 16384*x1]);
        auto tmp432 = static_cast<float>(in_ptr2[548632 + x3 + 952320*x1]);
        auto tmp446 = in_ptr23[x4];
        auto tmp451 = static_cast<float>(in_ptr1[9472 + x2 + 16384*x1]);
        auto tmp454 = static_cast<float>(in_ptr2[552352 + x3 + 952320*x1]);
        auto tmp468 = in_ptr24[x4];
        auto tmp473 = static_cast<float>(in_ptr1[9536 + x2 + 16384*x1]);
        auto tmp476 = static_cast<float>(in_ptr2[556072 + x3 + 952320*x1]);
        auto tmp490 = in_ptr25[x4];
        auto tmp495 = static_cast<float>(in_ptr1[9600 + x2 + 16384*x1]);
        auto tmp498 = static_cast<float>(in_ptr2[559792 + x3 + 952320*x1]);
        auto tmp512 = in_ptr26[x4];
        auto tmp517 = static_cast<float>(in_ptr1[9664 + x2 + 16384*x1]);
        auto tmp520 = static_cast<float>(in_ptr2[563512 + x3 + 952320*x1]);
        auto tmp534 = in_ptr27[x4];
        auto tmp539 = static_cast<float>(in_ptr1[9728 + x2 + 16384*x1]);
        auto tmp542 = static_cast<float>(in_ptr2[567232 + x3 + 952320*x1]);
        auto tmp556 = in_ptr28[x4];
        auto tmp561 = static_cast<float>(in_ptr1[9792 + x2 + 16384*x1]);
        auto tmp564 = static_cast<float>(in_ptr2[570952 + x3 + 952320*x1]);
        auto tmp578 = in_ptr29[x4];
        auto tmp583 = static_cast<float>(in_ptr1[9856 + x2 + 16384*x1]);
        auto tmp586 = static_cast<float>(in_ptr2[574672 + x3 + 952320*x1]);
        auto tmp600 = in_ptr30[x4];
        auto tmp605 = static_cast<float>(in_ptr1[9920 + x2 + 16384*x1]);
        auto tmp608 = static_cast<float>(in_ptr2[578392 + x3 + 952320*x1]);
        auto tmp622 = in_ptr31[x4];
        auto tmp627 = static_cast<float>(in_ptr1[9984 + x2 + 16384*x1]);
        auto tmp630 = static_cast<float>(in_ptr2[582112 + x3 + 952320*x1]);
        auto tmp644 = in_ptr32[x4];
        auto tmp649 = static_cast<float>(in_ptr1[10048 + x2 + 16384*x1]);
        auto tmp652 = static_cast<float>(in_ptr2[585832 + x3 + 952320*x1]);
        auto tmp666 = in_ptr33[x4];
        auto tmp671 = static_cast<float>(in_ptr1[10112 + x2 + 16384*x1]);
        auto tmp674 = static_cast<float>(in_ptr2[589552 + x3 + 952320*x1]);
        auto tmp688 = in_ptr34[x4];
        auto tmp693 = static_cast<float>(in_ptr1[10176 + x2 + 16384*x1]);
        auto tmp696 = static_cast<float>(in_ptr2[593272 + x3 + 952320*x1]);
        auto tmp1 = 0.15915494309189535;
        auto tmp2 = tmp0 * tmp1;
        auto tmp3 = metal::floor(tmp2);
        auto tmp4 = 6.283185307179586;
        auto tmp5 = tmp3 * tmp4;
        auto tmp6 = tmp0 - tmp5;
        auto tmp8 = 3.141592653589793;
        auto tmp9 = tmp7 * tmp8;
        auto tmp10 = static_cast<float>(tmp9);
        auto tmp12 = static_cast<float>(tmp11);
        auto tmp14 = tmp12 + tmp13;
        auto tmp15 = 20.0;
        auto tmp16 = tmp14 > tmp15;
        auto tmp17 = metal::precise::exp(tmp14);
        auto tmp18 = 1;
        auto tmp19 = tmp17 + tmp18;
        auto tmp20 = metal::precise::log(tmp19);
        auto tmp21 = tmp16 ? tmp14 : static_cast<decltype(tmp14)>(tmp20);
        auto tmp22 = tmp10 * tmp21;
        auto tmp23 = tmp6 + tmp22;
        auto tmp24 = tmp23 * tmp1;
        auto tmp25 = metal::floor(tmp24);
        auto tmp26 = tmp25 * tmp4;
        auto tmp27 = tmp23 - tmp26;
        auto tmp29 = tmp28 * tmp1;
        auto tmp30 = metal::floor(tmp29);
        auto tmp31 = tmp30 * tmp4;
        auto tmp32 = tmp28 - tmp31;
        auto tmp34 = tmp33 * tmp8;
        auto tmp35 = static_cast<float>(tmp34);
        auto tmp37 = static_cast<float>(tmp36);
        auto tmp38 = tmp37 + tmp13;
        auto tmp39 = tmp38 > tmp15;
        auto tmp40 = metal::precise::exp(tmp38);
        auto tmp41 = tmp40 + tmp18;
        auto tmp42 = metal::precise::log(tmp41);
        auto tmp43 = tmp39 ? tmp38 : static_cast<decltype(tmp38)>(tmp42);
        auto tmp44 = tmp35 * tmp43;
        auto tmp45 = tmp32 + tmp44;
        auto tmp46 = tmp45 * tmp1;
        auto tmp47 = metal::floor(tmp46);
        auto tmp48 = tmp47 * tmp4;
        auto tmp49 = tmp45 - tmp48;
        auto tmp51 = tmp50 * tmp1;
        auto tmp52 = metal::floor(tmp51);
        auto tmp53 = tmp52 * tmp4;
        auto tmp54 = tmp50 - tmp53;
        auto tmp56 = tmp55 * tmp8;
        auto tmp57 = static_cast<float>(tmp56);
        auto tmp59 = static_cast<float>(tmp58);
        auto tmp60 = tmp59 + tmp13;
        auto tmp61 = tmp60 > tmp15;
        auto tmp62 = metal::precise::exp(tmp60);
        auto tmp63 = tmp62 + tmp18;
        auto tmp64 = metal::precise::log(tmp63);
        auto tmp65 = tmp61 ? tmp60 : static_cast<decltype(tmp60)>(tmp64);
        auto tmp66 = tmp57 * tmp65;
        auto tmp67 = tmp54 + tmp66;
        auto tmp68 = tmp67 * tmp1;
        auto tmp69 = metal::floor(tmp68);
        auto tmp70 = tmp69 * tmp4;
        auto tmp71 = tmp67 - tmp70;
        auto tmp73 = tmp72 * tmp1;
        auto tmp74 = metal::floor(tmp73);
        auto tmp75 = tmp74 * tmp4;
        auto tmp76 = tmp72 - tmp75;
        auto tmp78 = tmp77 * tmp8;
        auto tmp79 = static_cast<float>(tmp78);
        auto tmp81 = static_cast<float>(tmp80);
        auto tmp82 = tmp81 + tmp13;
        auto tmp83 = tmp82 > tmp15;
        auto tmp84 = metal::precise::exp(tmp82);
        auto tmp85 = tmp84 + tmp18;
        auto tmp86 = metal::precise::log(tmp85);
        auto tmp87 = tmp83 ? tmp82 : static_cast<decltype(tmp82)>(tmp86);
        auto tmp88 = tmp79 * tmp87;
        auto tmp89 = tmp76 + tmp88;
        auto tmp90 = tmp89 * tmp1;
        auto tmp91 = metal::floor(tmp90);
        auto tmp92 = tmp91 * tmp4;
        auto tmp93 = tmp89 - tmp92;
        auto tmp95 = tmp94 * tmp1;
        auto tmp96 = metal::floor(tmp95);
        auto tmp97 = tmp96 * tmp4;
        auto tmp98 = tmp94 - tmp97;
        auto tmp100 = tmp99 * tmp8;
        auto tmp101 = static_cast<float>(tmp100);
        auto tmp103 = static_cast<float>(tmp102);
        auto tmp104 = tmp103 + tmp13;
        auto tmp105 = tmp104 > tmp15;
        auto tmp106 = metal::precise::exp(tmp104);
        auto tmp107 = tmp106 + tmp18;
        auto tmp108 = metal::precise::log(tmp107);
        auto tmp109 = tmp105 ? tmp104 : static_cast<decltype(tmp104)>(tmp108);
        auto tmp110 = tmp101 * tmp109;
        auto tmp111 = tmp98 + tmp110;
        auto tmp112 = tmp111 * tmp1;
        auto tmp113 = metal::floor(tmp112);
        auto tmp114 = tmp113 * tmp4;
        auto tmp115 = tmp111 - tmp114;
        auto tmp117 = tmp116 * tmp1;
        auto tmp118 = metal::floor(tmp117);
        auto tmp119 = tmp118 * tmp4;
        auto tmp120 = tmp116 - tmp119;
        auto tmp122 = tmp121 * tmp8;
        auto tmp123 = static_cast<float>(tmp122);
        auto tmp125 = static_cast<float>(tmp124);
        auto tmp126 = tmp125 + tmp13;
        auto tmp127 = tmp126 > tmp15;
        auto tmp128 = metal::precise::exp(tmp126);
        auto tmp129 = tmp128 + tmp18;
        auto tmp130 = metal::precise::log(tmp129);
        auto tmp131 = tmp127 ? tmp126 : static_cast<decltype(tmp126)>(tmp130);
        auto tmp132 = tmp123 * tmp131;
        auto tmp133 = tmp120 + tmp132;
        auto tmp134 = tmp133 * tmp1;
        auto tmp135 = metal::floor(tmp134);
        auto tmp136 = tmp135 * tmp4;
        auto tmp137 = tmp133 - tmp136;
        auto tmp139 = tmp138 * tmp1;
        auto tmp140 = metal::floor(tmp139);
        auto tmp141 = tmp140 * tmp4;
        auto tmp142 = tmp138 - tmp141;
        auto tmp144 = tmp143 * tmp8;
        auto tmp145 = static_cast<float>(tmp144);
        auto tmp147 = static_cast<float>(tmp146);
        auto tmp148 = tmp147 + tmp13;
        auto tmp149 = tmp148 > tmp15;
        auto tmp150 = metal::precise::exp(tmp148);
        auto tmp151 = tmp150 + tmp18;
        auto tmp152 = metal::precise::log(tmp151);
        auto tmp153 = tmp149 ? tmp148 : static_cast<decltype(tmp148)>(tmp152);
        auto tmp154 = tmp145 * tmp153;
        auto tmp155 = tmp142 + tmp154;
        auto tmp156 = tmp155 * tmp1;
        auto tmp157 = metal::floor(tmp156);
        auto tmp158 = tmp157 * tmp4;
        auto tmp159 = tmp155 - tmp158;
        auto tmp161 = tmp160 * tmp1;
        auto tmp162 = metal::floor(tmp161);
        auto tmp163 = tmp162 * tmp4;
        auto tmp164 = tmp160 - tmp163;
        auto tmp166 = tmp165 * tmp8;
        auto tmp167 = static_cast<float>(tmp166);
        auto tmp169 = static_cast<float>(tmp168);
        auto tmp170 = tmp169 + tmp13;
        auto tmp171 = tmp170 > tmp15;
        auto tmp172 = metal::precise::exp(tmp170);
        auto tmp173 = tmp172 + tmp18;
        auto tmp174 = metal::precise::log(tmp173);
        auto tmp175 = tmp171 ? tmp170 : static_cast<decltype(tmp170)>(tmp174);
        auto tmp176 = tmp167 * tmp175;
        auto tmp177 = tmp164 + tmp176;
        auto tmp178 = tmp177 * tmp1;
        auto tmp179 = metal::floor(tmp178);
        auto tmp180 = tmp179 * tmp4;
        auto tmp181 = tmp177 - tmp180;
        auto tmp183 = tmp182 * tmp1;
        auto tmp184 = metal::floor(tmp183);
        auto tmp185 = tmp184 * tmp4;
        auto tmp186 = tmp182 - tmp185;
        auto tmp188 = tmp187 * tmp8;
        auto tmp189 = static_cast<float>(tmp188);
        auto tmp191 = static_cast<float>(tmp190);
        auto tmp192 = tmp191 + tmp13;
        auto tmp193 = tmp192 > tmp15;
        auto tmp194 = metal::precise::exp(tmp192);
        auto tmp195 = tmp194 + tmp18;
        auto tmp196 = metal::precise::log(tmp195);
        auto tmp197 = tmp193 ? tmp192 : static_cast<decltype(tmp192)>(tmp196);
        auto tmp198 = tmp189 * tmp197;
        auto tmp199 = tmp186 + tmp198;
        auto tmp200 = tmp199 * tmp1;
        auto tmp201 = metal::floor(tmp200);
        auto tmp202 = tmp201 * tmp4;
        auto tmp203 = tmp199 - tmp202;
        auto tmp205 = tmp204 * tmp1;
        auto tmp206 = metal::floor(tmp205);
        auto tmp207 = tmp206 * tmp4;
        auto tmp208 = tmp204 - tmp207;
        auto tmp210 = tmp209 * tmp8;
        auto tmp211 = static_cast<float>(tmp210);
        auto tmp213 = static_cast<float>(tmp212);
        auto tmp214 = tmp213 + tmp13;
        auto tmp215 = tmp214 > tmp15;
        auto tmp216 = metal::precise::exp(tmp214);
        auto tmp217 = tmp216 + tmp18;
        auto tmp218 = metal::precise::log(tmp217);
        auto tmp219 = tmp215 ? tmp214 : static_cast<decltype(tmp214)>(tmp218);
        auto tmp220 = tmp211 * tmp219;
        auto tmp221 = tmp208 + tmp220;
        auto tmp222 = tmp221 * tmp1;
        auto tmp223 = metal::floor(tmp222);
        auto tmp224 = tmp223 * tmp4;
        auto tmp225 = tmp221 - tmp224;
        auto tmp227 = tmp226 * tmp1;
        auto tmp228 = metal::floor(tmp227);
        auto tmp229 = tmp228 * tmp4;
        auto tmp230 = tmp226 - tmp229;
        auto tmp232 = tmp231 * tmp8;
        auto tmp233 = static_cast<float>(tmp232);
        auto tmp235 = static_cast<float>(tmp234);
        auto tmp236 = tmp235 + tmp13;
        auto tmp237 = tmp236 > tmp15;
        auto tmp238 = metal::precise::exp(tmp236);
        auto tmp239 = tmp238 + tmp18;
        auto tmp240 = metal::precise::log(tmp239);
        auto tmp241 = tmp237 ? tmp236 : static_cast<decltype(tmp236)>(tmp240);
        auto tmp242 = tmp233 * tmp241;
        auto tmp243 = tmp230 + tmp242;
        auto tmp244 = tmp243 * tmp1;
        auto tmp245 = metal::floor(tmp244);
        auto tmp246 = tmp245 * tmp4;
        auto tmp247 = tmp243 - tmp246;
        auto tmp249 = tmp248 * tmp1;
        auto tmp250 = metal::floor(tmp249);
        auto tmp251 = tmp250 * tmp4;
        auto tmp252 = tmp248 - tmp251;
        auto tmp254 = tmp253 * tmp8;
        auto tmp255 = static_cast<float>(tmp254);
        auto tmp257 = static_cast<float>(tmp256);
        auto tmp258 = tmp257 + tmp13;
        auto tmp259 = tmp258 > tmp15;
        auto tmp260 = metal::precise::exp(tmp258);
        auto tmp261 = tmp260 + tmp18;
        auto tmp262 = metal::precise::log(tmp261);
        auto tmp263 = tmp259 ? tmp258 : static_cast<decltype(tmp258)>(tmp262);
        auto tmp264 = tmp255 * tmp263;
        auto tmp265 = tmp252 + tmp264;
        auto tmp266 = tmp265 * tmp1;
        auto tmp267 = metal::floor(tmp266);
        auto tmp268 = tmp267 * tmp4;
        auto tmp269 = tmp265 - tmp268;
        auto tmp271 = tmp270 * tmp1;
        auto tmp272 = metal::floor(tmp271);
        auto tmp273 = tmp272 * tmp4;
        auto tmp274 = tmp270 - tmp273;
        auto tmp276 = tmp275 * tmp8;
        auto tmp277 = static_cast<float>(tmp276);
        auto tmp279 = static_cast<float>(tmp278);
        auto tmp280 = tmp279 + tmp13;
        auto tmp281 = tmp280 > tmp15;
        auto tmp282 = metal::precise::exp(tmp280);
        auto tmp283 = tmp282 + tmp18;
        auto tmp284 = metal::precise::log(tmp283);
        auto tmp285 = tmp281 ? tmp280 : static_cast<decltype(tmp280)>(tmp284);
        auto tmp286 = tmp277 * tmp285;
        auto tmp287 = tmp274 + tmp286;
        auto tmp288 = tmp287 * tmp1;
        auto tmp289 = metal::floor(tmp288);
        auto tmp290 = tmp289 * tmp4;
        auto tmp291 = tmp287 - tmp290;
        auto tmp293 = tmp292 * tmp1;
        auto tmp294 = metal::floor(tmp293);
        auto tmp295 = tmp294 * tmp4;
        auto tmp296 = tmp292 - tmp295;
        auto tmp298 = tmp297 * tmp8;
        auto tmp299 = static_cast<float>(tmp298);
        auto tmp301 = static_cast<float>(tmp300);
        auto tmp302 = tmp301 + tmp13;
        auto tmp303 = tmp302 > tmp15;
        auto tmp304 = metal::precise::exp(tmp302);
        auto tmp305 = tmp304 + tmp18;
        auto tmp306 = metal::precise::log(tmp305);
        auto tmp307 = tmp303 ? tmp302 : static_cast<decltype(tmp302)>(tmp306);
        auto tmp308 = tmp299 * tmp307;
        auto tmp309 = tmp296 + tmp308;
        auto tmp310 = tmp309 * tmp1;
        auto tmp311 = metal::floor(tmp310);
        auto tmp312 = tmp311 * tmp4;
        auto tmp313 = tmp309 - tmp312;
        auto tmp315 = tmp314 * tmp1;
        auto tmp316 = metal::floor(tmp315);
        auto tmp317 = tmp316 * tmp4;
        auto tmp318 = tmp314 - tmp317;
        auto tmp320 = tmp319 * tmp8;
        auto tmp321 = static_cast<float>(tmp320);
        auto tmp323 = static_cast<float>(tmp322);
        auto tmp324 = tmp323 + tmp13;
        auto tmp325 = tmp324 > tmp15;
        auto tmp326 = metal::precise::exp(tmp324);
        auto tmp327 = tmp326 + tmp18;
        auto tmp328 = metal::precise::log(tmp327);
        auto tmp329 = tmp325 ? tmp324 : static_cast<decltype(tmp324)>(tmp328);
        auto tmp330 = tmp321 * tmp329;
        auto tmp331 = tmp318 + tmp330;
        auto tmp332 = tmp331 * tmp1;
        auto tmp333 = metal::floor(tmp332);
        auto tmp334 = tmp333 * tmp4;
        auto tmp335 = tmp331 - tmp334;
        auto tmp337 = tmp336 * tmp1;
        auto tmp338 = metal::floor(tmp337);
        auto tmp339 = tmp338 * tmp4;
        auto tmp340 = tmp336 - tmp339;
        auto tmp342 = tmp341 * tmp8;
        auto tmp343 = static_cast<float>(tmp342);
        auto tmp345 = static_cast<float>(tmp344);
        auto tmp346 = tmp345 + tmp13;
        auto tmp347 = tmp346 > tmp15;
        auto tmp348 = metal::precise::exp(tmp346);
        auto tmp349 = tmp348 + tmp18;
        auto tmp350 = metal::precise::log(tmp349);
        auto tmp351 = tmp347 ? tmp346 : static_cast<decltype(tmp346)>(tmp350);
        auto tmp352 = tmp343 * tmp351;
        auto tmp353 = tmp340 + tmp352;
        auto tmp354 = tmp353 * tmp1;
        auto tmp355 = metal::floor(tmp354);
        auto tmp356 = tmp355 * tmp4;
        auto tmp357 = tmp353 - tmp356;
        auto tmp359 = tmp358 * tmp1;
        auto tmp360 = metal::floor(tmp359);
        auto tmp361 = tmp360 * tmp4;
        auto tmp362 = tmp358 - tmp361;
        auto tmp364 = tmp363 * tmp8;
        auto tmp365 = static_cast<float>(tmp364);
        auto tmp367 = static_cast<float>(tmp366);
        auto tmp368 = tmp367 + tmp13;
        auto tmp369 = tmp368 > tmp15;
        auto tmp370 = metal::precise::exp(tmp368);
        auto tmp371 = tmp370 + tmp18;
        auto tmp372 = metal::precise::log(tmp371);
        auto tmp373 = tmp369 ? tmp368 : static_cast<decltype(tmp368)>(tmp372);
        auto tmp374 = tmp365 * tmp373;
        auto tmp375 = tmp362 + tmp374;
        auto tmp376 = tmp375 * tmp1;
        auto tmp377 = metal::floor(tmp376);
        auto tmp378 = tmp377 * tmp4;
        auto tmp379 = tmp375 - tmp378;
        auto tmp381 = tmp380 * tmp1;
        auto tmp382 = metal::floor(tmp381);
        auto tmp383 = tmp382 * tmp4;
        auto tmp384 = tmp380 - tmp383;
        auto tmp386 = tmp385 * tmp8;
        auto tmp387 = static_cast<float>(tmp386);
        auto tmp389 = static_cast<float>(tmp388);
        auto tmp390 = tmp389 + tmp13;
        auto tmp391 = tmp390 > tmp15;
        auto tmp392 = metal::precise::exp(tmp390);
        auto tmp393 = tmp392 + tmp18;
        auto tmp394 = metal::precise::log(tmp393);
        auto tmp395 = tmp391 ? tmp390 : static_cast<decltype(tmp390)>(tmp394);
        auto tmp396 = tmp387 * tmp395;
        auto tmp397 = tmp384 + tmp396;
        auto tmp398 = tmp397 * tmp1;
        auto tmp399 = metal::floor(tmp398);
        auto tmp400 = tmp399 * tmp4;
        auto tmp401 = tmp397 - tmp400;
        auto tmp403 = tmp402 * tmp1;
        auto tmp404 = metal::floor(tmp403);
        auto tmp405 = tmp404 * tmp4;
        auto tmp406 = tmp402 - tmp405;
        auto tmp408 = tmp407 * tmp8;
        auto tmp409 = static_cast<float>(tmp408);
        auto tmp411 = static_cast<float>(tmp410);
        auto tmp412 = tmp411 + tmp13;
        auto tmp413 = tmp412 > tmp15;
        auto tmp414 = metal::precise::exp(tmp412);
        auto tmp415 = tmp414 + tmp18;
        auto tmp416 = metal::precise::log(tmp415);
        auto tmp417 = tmp413 ? tmp412 : static_cast<decltype(tmp412)>(tmp416);
        auto tmp418 = tmp409 * tmp417;
        auto tmp419 = tmp406 + tmp418;
        auto tmp420 = tmp419 * tmp1;
        auto tmp421 = metal::floor(tmp420);
        auto tmp422 = tmp421 * tmp4;
        auto tmp423 = tmp419 - tmp422;
        auto tmp425 = tmp424 * tmp1;
        auto tmp426 = metal::floor(tmp425);
        auto tmp427 = tmp426 * tmp4;
        auto tmp428 = tmp424 - tmp427;
        auto tmp430 = tmp429 * tmp8;
        auto tmp431 = static_cast<float>(tmp430);
        auto tmp433 = static_cast<float>(tmp432);
        auto tmp434 = tmp433 + tmp13;
        auto tmp435 = tmp434 > tmp15;
        auto tmp436 = metal::precise::exp(tmp434);
        auto tmp437 = tmp436 + tmp18;
        auto tmp438 = metal::precise::log(tmp437);
        auto tmp439 = tmp435 ? tmp434 : static_cast<decltype(tmp434)>(tmp438);
        auto tmp440 = tmp431 * tmp439;
        auto tmp441 = tmp428 + tmp440;
        auto tmp442 = tmp441 * tmp1;
        auto tmp443 = metal::floor(tmp442);
        auto tmp444 = tmp443 * tmp4;
        auto tmp445 = tmp441 - tmp444;
        auto tmp447 = tmp446 * tmp1;
        auto tmp448 = metal::floor(tmp447);
        auto tmp449 = tmp448 * tmp4;
        auto tmp450 = tmp446 - tmp449;
        auto tmp452 = tmp451 * tmp8;
        auto tmp453 = static_cast<float>(tmp452);
        auto tmp455 = static_cast<float>(tmp454);
        auto tmp456 = tmp455 + tmp13;
        auto tmp457 = tmp456 > tmp15;
        auto tmp458 = metal::precise::exp(tmp456);
        auto tmp459 = tmp458 + tmp18;
        auto tmp460 = metal::precise::log(tmp459);
        auto tmp461 = tmp457 ? tmp456 : static_cast<decltype(tmp456)>(tmp460);
        auto tmp462 = tmp453 * tmp461;
        auto tmp463 = tmp450 + tmp462;
        auto tmp464 = tmp463 * tmp1;
        auto tmp465 = metal::floor(tmp464);
        auto tmp466 = tmp465 * tmp4;
        auto tmp467 = tmp463 - tmp466;
        auto tmp469 = tmp468 * tmp1;
        auto tmp470 = metal::floor(tmp469);
        auto tmp471 = tmp470 * tmp4;
        auto tmp472 = tmp468 - tmp471;
        auto tmp474 = tmp473 * tmp8;
        auto tmp475 = static_cast<float>(tmp474);
        auto tmp477 = static_cast<float>(tmp476);
        auto tmp478 = tmp477 + tmp13;
        auto tmp479 = tmp478 > tmp15;
        auto tmp480 = metal::precise::exp(tmp478);
        auto tmp481 = tmp480 + tmp18;
        auto tmp482 = metal::precise::log(tmp481);
        auto tmp483 = tmp479 ? tmp478 : static_cast<decltype(tmp478)>(tmp482);
        auto tmp484 = tmp475 * tmp483;
        auto tmp485 = tmp472 + tmp484;
        auto tmp486 = tmp485 * tmp1;
        auto tmp487 = metal::floor(tmp486);
        auto tmp488 = tmp487 * tmp4;
        auto tmp489 = tmp485 - tmp488;
        auto tmp491 = tmp490 * tmp1;
        auto tmp492 = metal::floor(tmp491);
        auto tmp493 = tmp492 * tmp4;
        auto tmp494 = tmp490 - tmp493;
        auto tmp496 = tmp495 * tmp8;
        auto tmp497 = static_cast<float>(tmp496);
        auto tmp499 = static_cast<float>(tmp498);
        auto tmp500 = tmp499 + tmp13;
        auto tmp501 = tmp500 > tmp15;
        auto tmp502 = metal::precise::exp(tmp500);
        auto tmp503 = tmp502 + tmp18;
        auto tmp504 = metal::precise::log(tmp503);
        auto tmp505 = tmp501 ? tmp500 : static_cast<decltype(tmp500)>(tmp504);
        auto tmp506 = tmp497 * tmp505;
        auto tmp507 = tmp494 + tmp506;
        auto tmp508 = tmp507 * tmp1;
        auto tmp509 = metal::floor(tmp508);
        auto tmp510 = tmp509 * tmp4;
        auto tmp511 = tmp507 - tmp510;
        auto tmp513 = tmp512 * tmp1;
        auto tmp514 = metal::floor(tmp513);
        auto tmp515 = tmp514 * tmp4;
        auto tmp516 = tmp512 - tmp515;
        auto tmp518 = tmp517 * tmp8;
        auto tmp519 = static_cast<float>(tmp518);
        auto tmp521 = static_cast<float>(tmp520);
        auto tmp522 = tmp521 + tmp13;
        auto tmp523 = tmp522 > tmp15;
        auto tmp524 = metal::precise::exp(tmp522);
        auto tmp525 = tmp524 + tmp18;
        auto tmp526 = metal::precise::log(tmp525);
        auto tmp527 = tmp523 ? tmp522 : static_cast<decltype(tmp522)>(tmp526);
        auto tmp528 = tmp519 * tmp527;
        auto tmp529 = tmp516 + tmp528;
        auto tmp530 = tmp529 * tmp1;
        auto tmp531 = metal::floor(tmp530);
        auto tmp532 = tmp531 * tmp4;
        auto tmp533 = tmp529 - tmp532;
        auto tmp535 = tmp534 * tmp1;
        auto tmp536 = metal::floor(tmp535);
        auto tmp537 = tmp536 * tmp4;
        auto tmp538 = tmp534 - tmp537;
        auto tmp540 = tmp539 * tmp8;
        auto tmp541 = static_cast<float>(tmp540);
        auto tmp543 = static_cast<float>(tmp542);
        auto tmp544 = tmp543 + tmp13;
        auto tmp545 = tmp544 > tmp15;
        auto tmp546 = metal::precise::exp(tmp544);
        auto tmp547 = tmp546 + tmp18;
        auto tmp548 = metal::precise::log(tmp547);
        auto tmp549 = tmp545 ? tmp544 : static_cast<decltype(tmp544)>(tmp548);
        auto tmp550 = tmp541 * tmp549;
        auto tmp551 = tmp538 + tmp550;
        auto tmp552 = tmp551 * tmp1;
        auto tmp553 = metal::floor(tmp552);
        auto tmp554 = tmp553 * tmp4;
        auto tmp555 = tmp551 - tmp554;
        auto tmp557 = tmp556 * tmp1;
        auto tmp558 = metal::floor(tmp557);
        auto tmp559 = tmp558 * tmp4;
        auto tmp560 = tmp556 - tmp559;
        auto tmp562 = tmp561 * tmp8;
        auto tmp563 = static_cast<float>(tmp562);
        auto tmp565 = static_cast<float>(tmp564);
        auto tmp566 = tmp565 + tmp13;
        auto tmp567 = tmp566 > tmp15;
        auto tmp568 = metal::precise::exp(tmp566);
        auto tmp569 = tmp568 + tmp18;
        auto tmp570 = metal::precise::log(tmp569);
        auto tmp571 = tmp567 ? tmp566 : static_cast<decltype(tmp566)>(tmp570);
        auto tmp572 = tmp563 * tmp571;
        auto tmp573 = tmp560 + tmp572;
        auto tmp574 = tmp573 * tmp1;
        auto tmp575 = metal::floor(tmp574);
        auto tmp576 = tmp575 * tmp4;
        auto tmp577 = tmp573 - tmp576;
        auto tmp579 = tmp578 * tmp1;
        auto tmp580 = metal::floor(tmp579);
        auto tmp581 = tmp580 * tmp4;
        auto tmp582 = tmp578 - tmp581;
        auto tmp584 = tmp583 * tmp8;
        auto tmp585 = static_cast<float>(tmp584);
        auto tmp587 = static_cast<float>(tmp586);
        auto tmp588 = tmp587 + tmp13;
        auto tmp589 = tmp588 > tmp15;
        auto tmp590 = metal::precise::exp(tmp588);
        auto tmp591 = tmp590 + tmp18;
        auto tmp592 = metal::precise::log(tmp591);
        auto tmp593 = tmp589 ? tmp588 : static_cast<decltype(tmp588)>(tmp592);
        auto tmp594 = tmp585 * tmp593;
        auto tmp595 = tmp582 + tmp594;
        auto tmp596 = tmp595 * tmp1;
        auto tmp597 = metal::floor(tmp596);
        auto tmp598 = tmp597 * tmp4;
        auto tmp599 = tmp595 - tmp598;
        auto tmp601 = tmp600 * tmp1;
        auto tmp602 = metal::floor(tmp601);
        auto tmp603 = tmp602 * tmp4;
        auto tmp604 = tmp600 - tmp603;
        auto tmp606 = tmp605 * tmp8;
        auto tmp607 = static_cast<float>(tmp606);
        auto tmp609 = static_cast<float>(tmp608);
        auto tmp610 = tmp609 + tmp13;
        auto tmp611 = tmp610 > tmp15;
        auto tmp612 = metal::precise::exp(tmp610);
        auto tmp613 = tmp612 + tmp18;
        auto tmp614 = metal::precise::log(tmp613);
        auto tmp615 = tmp611 ? tmp610 : static_cast<decltype(tmp610)>(tmp614);
        auto tmp616 = tmp607 * tmp615;
        auto tmp617 = tmp604 + tmp616;
        auto tmp618 = tmp617 * tmp1;
        auto tmp619 = metal::floor(tmp618);
        auto tmp620 = tmp619 * tmp4;
        auto tmp621 = tmp617 - tmp620;
        auto tmp623 = tmp622 * tmp1;
        auto tmp624 = metal::floor(tmp623);
        auto tmp625 = tmp624 * tmp4;
        auto tmp626 = tmp622 - tmp625;
        auto tmp628 = tmp627 * tmp8;
        auto tmp629 = static_cast<float>(tmp628);
        auto tmp631 = static_cast<float>(tmp630);
        auto tmp632 = tmp631 + tmp13;
        auto tmp633 = tmp632 > tmp15;
        auto tmp634 = metal::precise::exp(tmp632);
        auto tmp635 = tmp634 + tmp18;
        auto tmp636 = metal::precise::log(tmp635);
        auto tmp637 = tmp633 ? tmp632 : static_cast<decltype(tmp632)>(tmp636);
        auto tmp638 = tmp629 * tmp637;
        auto tmp639 = tmp626 + tmp638;
        auto tmp640 = tmp639 * tmp1;
        auto tmp641 = metal::floor(tmp640);
        auto tmp642 = tmp641 * tmp4;
        auto tmp643 = tmp639 - tmp642;
        auto tmp645 = tmp644 * tmp1;
        auto tmp646 = metal::floor(tmp645);
        auto tmp647 = tmp646 * tmp4;
        auto tmp648 = tmp644 - tmp647;
        auto tmp650 = tmp649 * tmp8;
        auto tmp651 = static_cast<float>(tmp650);
        auto tmp653 = static_cast<float>(tmp652);
        auto tmp654 = tmp653 + tmp13;
        auto tmp655 = tmp654 > tmp15;
        auto tmp656 = metal::precise::exp(tmp654);
        auto tmp657 = tmp656 + tmp18;
        auto tmp658 = metal::precise::log(tmp657);
        auto tmp659 = tmp655 ? tmp654 : static_cast<decltype(tmp654)>(tmp658);
        auto tmp660 = tmp651 * tmp659;
        auto tmp661 = tmp648 + tmp660;
        auto tmp662 = tmp661 * tmp1;
        auto tmp663 = metal::floor(tmp662);
        auto tmp664 = tmp663 * tmp4;
        auto tmp665 = tmp661 - tmp664;
        auto tmp667 = tmp666 * tmp1;
        auto tmp668 = metal::floor(tmp667);
        auto tmp669 = tmp668 * tmp4;
        auto tmp670 = tmp666 - tmp669;
        auto tmp672 = tmp671 * tmp8;
        auto tmp673 = static_cast<float>(tmp672);
        auto tmp675 = static_cast<float>(tmp674);
        auto tmp676 = tmp675 + tmp13;
        auto tmp677 = tmp676 > tmp15;
        auto tmp678 = metal::precise::exp(tmp676);
        auto tmp679 = tmp678 + tmp18;
        auto tmp680 = metal::precise::log(tmp679);
        auto tmp681 = tmp677 ? tmp676 : static_cast<decltype(tmp676)>(tmp680);
        auto tmp682 = tmp673 * tmp681;
        auto tmp683 = tmp670 + tmp682;
        auto tmp684 = tmp683 * tmp1;
        auto tmp685 = metal::floor(tmp684);
        auto tmp686 = tmp685 * tmp4;
        auto tmp687 = tmp683 - tmp686;
        auto tmp689 = tmp688 * tmp1;
        auto tmp690 = metal::floor(tmp689);
        auto tmp691 = tmp690 * tmp4;
        auto tmp692 = tmp688 - tmp691;
        auto tmp694 = tmp693 * tmp8;
        auto tmp695 = static_cast<float>(tmp694);
        auto tmp697 = static_cast<float>(tmp696);
        auto tmp698 = tmp697 + tmp13;
        auto tmp699 = tmp698 > tmp15;
        auto tmp700 = metal::precise::exp(tmp698);
        auto tmp701 = tmp700 + tmp18;
        auto tmp702 = metal::precise::log(tmp701);
        auto tmp703 = tmp699 ? tmp698 : static_cast<decltype(tmp698)>(tmp702);
        auto tmp704 = tmp695 * tmp703;
        auto tmp705 = tmp692 + tmp704;
        auto tmp706 = tmp705 * tmp1;
        auto tmp707 = metal::floor(tmp706);
        auto tmp708 = tmp707 * tmp4;
        auto tmp709 = tmp705 - tmp708;
        out_ptr0[x0 + 196608*x1] = static_cast<float>(tmp6);
        out_ptr1[x0 + 196608*x1] = static_cast<float>(tmp27);
        out_ptr2[x0 + 196608*x1] = static_cast<float>(tmp32);
        out_ptr3[x0 + 196608*x1] = static_cast<float>(tmp49);
        out_ptr4[x0 + 196608*x1] = static_cast<float>(tmp54);
        out_ptr5[x0 + 196608*x1] = static_cast<float>(tmp71);
        out_ptr6[x0 + 196608*x1] = static_cast<float>(tmp76);
        out_ptr7[x0 + 196608*x1] = static_cast<float>(tmp93);
        out_ptr8[x0 + 196608*x1] = static_cast<float>(tmp98);
        out_ptr9[x0 + 196608*x1] = static_cast<float>(tmp115);
        out_ptr10[x0 + 196608*x1] = static_cast<float>(tmp120);
        out_ptr11[x0 + 196608*x1] = static_cast<float>(tmp137);
        out_ptr12[x0 + 196608*x1] = static_cast<float>(tmp142);
        out_ptr13[x0 + 196608*x1] = static_cast<float>(tmp159);
        out_ptr14[x0 + 196608*x1] = static_cast<float>(tmp164);
        out_ptr15[x0 + 196608*x1] = static_cast<float>(tmp181);
        out_ptr16[x0 + 196608*x1] = static_cast<float>(tmp186);
        out_ptr17[x0 + 196608*x1] = static_cast<float>(tmp203);
        out_ptr18[x0 + 196608*x1] = static_cast<float>(tmp208);
        out_ptr19[x0 + 196608*x1] = static_cast<float>(tmp225);
        out_ptr20[x0 + 196608*x1] = static_cast<float>(tmp230);
        out_ptr21[x0 + 196608*x1] = static_cast<float>(tmp247);
        out_ptr22[x0 + 196608*x1] = static_cast<float>(tmp252);
        out_ptr23[x0 + 196608*x1] = static_cast<float>(tmp269);
        out_ptr24[x0 + 196608*x1] = static_cast<float>(tmp274);
        out_ptr25[x0 + 196608*x1] = static_cast<float>(tmp291);
        out_ptr26[x0 + 196608*x1] = static_cast<float>(tmp296);
        out_ptr27[x0 + 196608*x1] = static_cast<float>(tmp313);
        out_ptr28[x0 + 196608*x1] = static_cast<float>(tmp318);
        out_ptr29[x0 + 196608*x1] = static_cast<float>(tmp335);
        out_ptr30[x0 + 196608*x1] = static_cast<float>(tmp340);
        out_ptr31[x0 + 196608*x1] = static_cast<float>(tmp357);
        out_ptr32[x0 + 196608*x1] = static_cast<float>(tmp362);
        out_ptr33[x0 + 196608*x1] = static_cast<float>(tmp379);
        out_ptr34[x0 + 196608*x1] = static_cast<float>(tmp384);
        out_ptr35[x0 + 196608*x1] = static_cast<float>(tmp401);
        out_ptr36[x0 + 196608*x1] = static_cast<float>(tmp406);
        out_ptr37[x0 + 196608*x1] = static_cast<float>(tmp423);
        out_ptr38[x0 + 196608*x1] = static_cast<float>(tmp428);
        out_ptr39[x0 + 196608*x1] = static_cast<float>(tmp445);
        out_ptr40[x0 + 196608*x1] = static_cast<float>(tmp450);
        out_ptr41[x0 + 196608*x1] = static_cast<float>(tmp467);
        out_ptr42[x0 + 196608*x1] = static_cast<float>(tmp472);
        out_ptr43[x0 + 196608*x1] = static_cast<float>(tmp489);
        out_ptr44[x0 + 196608*x1] = static_cast<float>(tmp494);
        out_ptr45[x0 + 196608*x1] = static_cast<float>(tmp511);
        out_ptr46[x0 + 196608*x1] = static_cast<float>(tmp516);
        out_ptr47[x0 + 196608*x1] = static_cast<float>(tmp533);
        out_ptr48[x0 + 196608*x1] = static_cast<float>(tmp538);
        out_ptr49[x0 + 196608*x1] = static_cast<float>(tmp555);
        out_ptr50[x0 + 196608*x1] = static_cast<float>(tmp560);
        out_ptr51[x0 + 196608*x1] = static_cast<float>(tmp577);
        out_ptr52[x0 + 196608*x1] = static_cast<float>(tmp582);
        out_ptr53[x0 + 196608*x1] = static_cast<float>(tmp599);
        out_ptr54[x0 + 196608*x1] = static_cast<float>(tmp604);
        out_ptr55[x0 + 196608*x1] = static_cast<float>(tmp621);
        out_ptr56[x0 + 196608*x1] = static_cast<float>(tmp626);
        out_ptr57[x0 + 196608*x1] = static_cast<float>(tmp643);
        out_ptr58[x0 + 196608*x1] = static_cast<float>(tmp648);
        out_ptr59[x0 + 196608*x1] = static_cast<float>(tmp665);
        out_ptr60[x0 + 196608*x1] = static_cast<float>(tmp670);
        out_ptr61[x0 + 196608*x1] = static_cast<float>(tmp687);
        out_ptr62[x0 + 196608*x1] = static_cast<float>(tmp692);
        out_ptr63[x0 + 196608*x1] = static_cast<float>(tmp709);
    }




    kernel void generated_kernel_27(
        device float* out_ptr0,
        device float* out_ptr1,
        device float* out_ptr2,
        device float* out_ptr3,
        device float* out_ptr4,
        device float* out_ptr5,
        device float* out_ptr6,
        device float* out_ptr7,
        device float* out_ptr8,
        device float* out_ptr9,
        device float* out_ptr10,
        device float* out_ptr11,
        device float* out_ptr12,
        device float* out_ptr13,
        device float* out_ptr14,
        device float* out_ptr15,
        device float* out_ptr16,
        device float* out_ptr17,
        device float* out_ptr18,
        device float* out_ptr19,
        device float* out_ptr20,
        device float* out_ptr21,
        device float* out_ptr22,
        device float* out_ptr23,
        device float* out_ptr24,
        device float* out_ptr25,
        device float* out_ptr26,
        device float* out_ptr27,
        device float* out_ptr28,
        device float* out_ptr29,
        device float* out_ptr30,
        device float* out_ptr31,
        device float* out_ptr32,
        device float* out_ptr33,
        device float* out_ptr34,
        device float* out_ptr35,
        device float* out_ptr36,
        device float* out_ptr37,
        device float* out_ptr38,
        device float* out_ptr39,
        device float* out_ptr40,
        device float* out_ptr41,
        device float* out_ptr42,
        device float* out_ptr43,
        device float* out_ptr44,
        device float* out_ptr45,
        device float* out_ptr46,
        device float* out_ptr47,
        device float* out_ptr48,
        device float* out_ptr49,
        device float* out_ptr50,
        device float* out_ptr51,
        device float* out_ptr52,
        device float* out_ptr53,
        device float* out_ptr54,
        device float* out_ptr55,
        device float* out_ptr56,
        device float* out_ptr57,
        device float* out_ptr58,
        device float* out_ptr59,
        device float* out_ptr60,
        device float* out_ptr61,
        device float* out_ptr62,
        device float* out_ptr63,
        constant float* in_ptr0,
        constant bfloat* in_ptr1,
        constant bfloat* in_ptr2,
        constant float* in_ptr3,
        constant float* in_ptr4,
        constant float* in_ptr5,
        constant float* in_ptr6,
        constant float* in_ptr7,
        constant float* in_ptr8,
        constant float* in_ptr9,
        constant float* in_ptr10,
        constant float* in_ptr11,
        constant float* in_ptr12,
        constant float* in_ptr13,
        constant float* in_ptr14,
        constant float* in_ptr15,
        constant float* in_ptr16,
        constant float* in_ptr17,
        constant float* in_ptr18,
        constant float* in_ptr19,
        constant float* in_ptr20,
        constant float* in_ptr21,
        constant float* in_ptr22,
        constant float* in_ptr23,
        constant float* in_ptr24,
        constant float* in_ptr25,
        constant float* in_ptr26,
        constant float* in_ptr27,
        constant float* in_ptr28,
        constant float* in_ptr29,
        constant float* in_ptr30,
        constant float* in_ptr31,
        constant float* in_ptr32,
        constant float* in_ptr33,
        constant float* in_ptr34,
        device c10::metal::ErrorMessages* error_buf,
        uint xindex [[thread_position_in_grid]]
    ) {
        int x4 = xindex;
        int x0 = (xindex) % (384);
        int x1 = c10::metal::floor_divide(xindex, 384);
        int x2 = (xindex) % (32);
        int x3 = ((xindex) / (32)) % (12);
        auto tmp0 = in_ptr0[x4];
        auto tmp7 = static_cast<float>(in_ptr1[10240 + x2 + 16384*x1]);
        auto tmp11 = static_cast<float>(in_ptr2[596992 + x3 + 952320*x1]);
        auto tmp13 = in_ptr3[x3];
        auto tmp28 = in_ptr4[x4];
        auto tmp33 = static_cast<float>(in_ptr1[10304 + x2 + 16384*x1]);
        auto tmp36 = static_cast<float>(in_ptr2[600712 + x3 + 952320*x1]);
        auto tmp50 = in_ptr5[x4];
        auto tmp55 = static_cast<float>(in_ptr1[10368 + x2 + 16384*x1]);
        auto tmp58 = static_cast<float>(in_ptr2[604432 + x3 + 952320*x1]);
        auto tmp72 = in_ptr6[x4];
        auto tmp77 = static_cast<float>(in_ptr1[10432 + x2 + 16384*x1]);
        auto tmp80 = static_cast<float>(in_ptr2[608152 + x3 + 952320*x1]);
        auto tmp94 = in_ptr7[x4];
        auto tmp99 = static_cast<float>(in_ptr1[10496 + x2 + 16384*x1]);
        auto tmp102 = static_cast<float>(in_ptr2[611872 + x3 + 952320*x1]);
        auto tmp116 = in_ptr8[x4];
        auto tmp121 = static_cast<float>(in_ptr1[10560 + x2 + 16384*x1]);
        auto tmp124 = static_cast<float>(in_ptr2[615592 + x3 + 952320*x1]);
        auto tmp138 = in_ptr9[x4];
        auto tmp143 = static_cast<float>(in_ptr1[10624 + x2 + 16384*x1]);
        auto tmp146 = static_cast<float>(in_ptr2[619312 + x3 + 952320*x1]);
        auto tmp160 = in_ptr10[x4];
        auto tmp165 = static_cast<float>(in_ptr1[10688 + x2 + 16384*x1]);
        auto tmp168 = static_cast<float>(in_ptr2[623032 + x3 + 952320*x1]);
        auto tmp182 = in_ptr11[x4];
        auto tmp187 = static_cast<float>(in_ptr1[10752 + x2 + 16384*x1]);
        auto tmp190 = static_cast<float>(in_ptr2[626752 + x3 + 952320*x1]);
        auto tmp204 = in_ptr12[x4];
        auto tmp209 = static_cast<float>(in_ptr1[10816 + x2 + 16384*x1]);
        auto tmp212 = static_cast<float>(in_ptr2[630472 + x3 + 952320*x1]);
        auto tmp226 = in_ptr13[x4];
        auto tmp231 = static_cast<float>(in_ptr1[10880 + x2 + 16384*x1]);
        auto tmp234 = static_cast<float>(in_ptr2[634192 + x3 + 952320*x1]);
        auto tmp248 = in_ptr14[x4];
        auto tmp253 = static_cast<float>(in_ptr1[10944 + x2 + 16384*x1]);
        auto tmp256 = static_cast<float>(in_ptr2[637912 + x3 + 952320*x1]);
        auto tmp270 = in_ptr15[x4];
        auto tmp275 = static_cast<float>(in_ptr1[11008 + x2 + 16384*x1]);
        auto tmp278 = static_cast<float>(in_ptr2[641632 + x3 + 952320*x1]);
        auto tmp292 = in_ptr16[x4];
        auto tmp297 = static_cast<float>(in_ptr1[11072 + x2 + 16384*x1]);
        auto tmp300 = static_cast<float>(in_ptr2[645352 + x3 + 952320*x1]);
        auto tmp314 = in_ptr17[x4];
        auto tmp319 = static_cast<float>(in_ptr1[11136 + x2 + 16384*x1]);
        auto tmp322 = static_cast<float>(in_ptr2[649072 + x3 + 952320*x1]);
        auto tmp336 = in_ptr18[x4];
        auto tmp341 = static_cast<float>(in_ptr1[11200 + x2 + 16384*x1]);
        auto tmp344 = static_cast<float>(in_ptr2[652792 + x3 + 952320*x1]);
        auto tmp358 = in_ptr19[x4];
        auto tmp363 = static_cast<float>(in_ptr1[11264 + x2 + 16384*x1]);
        auto tmp366 = static_cast<float>(in_ptr2[656512 + x3 + 952320*x1]);
        auto tmp380 = in_ptr20[x4];
        auto tmp385 = static_cast<float>(in_ptr1[11328 + x2 + 16384*x1]);
        auto tmp388 = static_cast<float>(in_ptr2[660232 + x3 + 952320*x1]);
        auto tmp402 = in_ptr21[x4];
        auto tmp407 = static_cast<float>(in_ptr1[11392 + x2 + 16384*x1]);
        auto tmp410 = static_cast<float>(in_ptr2[663952 + x3 + 952320*x1]);
        auto tmp424 = in_ptr22[x4];
        auto tmp429 = static_cast<float>(in_ptr1[11456 + x2 + 16384*x1]);
        auto tmp432 = static_cast<float>(in_ptr2[667672 + x3 + 952320*x1]);
        auto tmp446 = in_ptr23[x4];
        auto tmp451 = static_cast<float>(in_ptr1[11520 + x2 + 16384*x1]);
        auto tmp454 = static_cast<float>(in_ptr2[671392 + x3 + 952320*x1]);
        auto tmp468 = in_ptr24[x4];
        auto tmp473 = static_cast<float>(in_ptr1[11584 + x2 + 16384*x1]);
        auto tmp476 = static_cast<float>(in_ptr2[675112 + x3 + 952320*x1]);
        auto tmp490 = in_ptr25[x4];
        auto tmp495 = static_cast<float>(in_ptr1[11648 + x2 + 16384*x1]);
        auto tmp498 = static_cast<float>(in_ptr2[678832 + x3 + 952320*x1]);
        auto tmp512 = in_ptr26[x4];
        auto tmp517 = static_cast<float>(in_ptr1[11712 + x2 + 16384*x1]);
        auto tmp520 = static_cast<float>(in_ptr2[682552 + x3 + 952320*x1]);
        auto tmp534 = in_ptr27[x4];
        auto tmp539 = static_cast<float>(in_ptr1[11776 + x2 + 16384*x1]);
        auto tmp542 = static_cast<float>(in_ptr2[686272 + x3 + 952320*x1]);
        auto tmp556 = in_ptr28[x4];
        auto tmp561 = static_cast<float>(in_ptr1[11840 + x2 + 16384*x1]);
        auto tmp564 = static_cast<float>(in_ptr2[689992 + x3 + 952320*x1]);
        auto tmp578 = in_ptr29[x4];
        auto tmp583 = static_cast<float>(in_ptr1[11904 + x2 + 16384*x1]);
        auto tmp586 = static_cast<float>(in_ptr2[693712 + x3 + 952320*x1]);
        auto tmp600 = in_ptr30[x4];
        auto tmp605 = static_cast<float>(in_ptr1[11968 + x2 + 16384*x1]);
        auto tmp608 = static_cast<float>(in_ptr2[697432 + x3 + 952320*x1]);
        auto tmp622 = in_ptr31[x4];
        auto tmp627 = static_cast<float>(in_ptr1[12032 + x2 + 16384*x1]);
        auto tmp630 = static_cast<float>(in_ptr2[701152 + x3 + 952320*x1]);
        auto tmp644 = in_ptr32[x4];
        auto tmp649 = static_cast<float>(in_ptr1[12096 + x2 + 16384*x1]);
        auto tmp652 = static_cast<float>(in_ptr2[704872 + x3 + 952320*x1]);
        auto tmp666 = in_ptr33[x4];
        auto tmp671 = static_cast<float>(in_ptr1[12160 + x2 + 16384*x1]);
        auto tmp674 = static_cast<float>(in_ptr2[708592 + x3 + 952320*x1]);
        auto tmp688 = in_ptr34[x4];
        auto tmp693 = static_cast<float>(in_ptr1[12224 + x2 + 16384*x1]);
        auto tmp696 = static_cast<float>(in_ptr2[712312 + x3 + 952320*x1]);
        auto tmp1 = 0.15915494309189535;
        auto tmp2 = tmp0 * tmp1;
        auto tmp3 = metal::floor(tmp2);
        auto tmp4 = 6.283185307179586;
        auto tmp5 = tmp3 * tmp4;
        auto tmp6 = tmp0 - tmp5;
        auto tmp8 = 3.141592653589793;
        auto tmp9 = tmp7 * tmp8;
        auto tmp10 = static_cast<float>(tmp9);
        auto tmp12 = static_cast<float>(tmp11);
        auto tmp14 = tmp12 + tmp13;
        auto tmp15 = 20.0;
        auto tmp16 = tmp14 > tmp15;
        auto tmp17 = metal::precise::exp(tmp14);
        auto tmp18 = 1;
        auto tmp19 = tmp17 + tmp18;
        auto tmp20 = metal::precise::log(tmp19);
        auto tmp21 = tmp16 ? tmp14 : static_cast<decltype(tmp14)>(tmp20);
        auto tmp22 = tmp10 * tmp21;
        auto tmp23 = tmp6 + tmp22;
        auto tmp24 = tmp23 * tmp1;
        auto tmp25 = metal::floor(tmp24);
        auto tmp26 = tmp25 * tmp4;
        auto tmp27 = tmp23 - tmp26;
        auto tmp29 = tmp28 * tmp1;
        auto tmp30 = metal::floor(tmp29);
        auto tmp31 = tmp30 * tmp4;
        auto tmp32 = tmp28 - tmp31;
        auto tmp34 = tmp33 * tmp8;
        auto tmp35 = static_cast<float>(tmp34);
        auto tmp37 = static_cast<float>(tmp36);
        auto tmp38 = tmp37 + tmp13;
        auto tmp39 = tmp38 > tmp15;
        auto tmp40 = metal::precise::exp(tmp38);
        auto tmp41 = tmp40 + tmp18;
        auto tmp42 = metal::precise::log(tmp41);
        auto tmp43 = tmp39 ? tmp38 : static_cast<decltype(tmp38)>(tmp42);
        auto tmp44 = tmp35 * tmp43;
        auto tmp45 = tmp32 + tmp44;
        auto tmp46 = tmp45 * tmp1;
        auto tmp47 = metal::floor(tmp46);
        auto tmp48 = tmp47 * tmp4;
        auto tmp49 = tmp45 - tmp48;
        auto tmp51 = tmp50 * tmp1;
        auto tmp52 = metal::floor(tmp51);
        auto tmp53 = tmp52 * tmp4;
        auto tmp54 = tmp50 - tmp53;
        auto tmp56 = tmp55 * tmp8;
        auto tmp57 = static_cast<float>(tmp56);
        auto tmp59 = static_cast<float>(tmp58);
        auto tmp60 = tmp59 + tmp13;
        auto tmp61 = tmp60 > tmp15;
        auto tmp62 = metal::precise::exp(tmp60);
        auto tmp63 = tmp62 + tmp18;
        auto tmp64 = metal::precise::log(tmp63);
        auto tmp65 = tmp61 ? tmp60 : static_cast<decltype(tmp60)>(tmp64);
        auto tmp66 = tmp57 * tmp65;
        auto tmp67 = tmp54 + tmp66;
        auto tmp68 = tmp67 * tmp1;
        auto tmp69 = metal::floor(tmp68);
        auto tmp70 = tmp69 * tmp4;
        auto tmp71 = tmp67 - tmp70;
        auto tmp73 = tmp72 * tmp1;
        auto tmp74 = metal::floor(tmp73);
        auto tmp75 = tmp74 * tmp4;
        auto tmp76 = tmp72 - tmp75;
        auto tmp78 = tmp77 * tmp8;
        auto tmp79 = static_cast<float>(tmp78);
        auto tmp81 = static_cast<float>(tmp80);
        auto tmp82 = tmp81 + tmp13;
        auto tmp83 = tmp82 > tmp15;
        auto tmp84 = metal::precise::exp(tmp82);
        auto tmp85 = tmp84 + tmp18;
        auto tmp86 = metal::precise::log(tmp85);
        auto tmp87 = tmp83 ? tmp82 : static_cast<decltype(tmp82)>(tmp86);
        auto tmp88 = tmp79 * tmp87;
        auto tmp89 = tmp76 + tmp88;
        auto tmp90 = tmp89 * tmp1;
        auto tmp91 = metal::floor(tmp90);
        auto tmp92 = tmp91 * tmp4;
        auto tmp93 = tmp89 - tmp92;
        auto tmp95 = tmp94 * tmp1;
        auto tmp96 = metal::floor(tmp95);
        auto tmp97 = tmp96 * tmp4;
        auto tmp98 = tmp94 - tmp97;
        auto tmp100 = tmp99 * tmp8;
        auto tmp101 = static_cast<float>(tmp100);
        auto tmp103 = static_cast<float>(tmp102);
        auto tmp104 = tmp103 + tmp13;
        auto tmp105 = tmp104 > tmp15;
        auto tmp106 = metal::precise::exp(tmp104);
        auto tmp107 = tmp106 + tmp18;
        auto tmp108 = metal::precise::log(tmp107);
        auto tmp109 = tmp105 ? tmp104 : static_cast<decltype(tmp104)>(tmp108);
        auto tmp110 = tmp101 * tmp109;
        auto tmp111 = tmp98 + tmp110;
        auto tmp112 = tmp111 * tmp1;
        auto tmp113 = metal::floor(tmp112);
        auto tmp114 = tmp113 * tmp4;
        auto tmp115 = tmp111 - tmp114;
        auto tmp117 = tmp116 * tmp1;
        auto tmp118 = metal::floor(tmp117);
        auto tmp119 = tmp118 * tmp4;
        auto tmp120 = tmp116 - tmp119;
        auto tmp122 = tmp121 * tmp8;
        auto tmp123 = static_cast<float>(tmp122);
        auto tmp125 = static_cast<float>(tmp124);
        auto tmp126 = tmp125 + tmp13;
        auto tmp127 = tmp126 > tmp15;
        auto tmp128 = metal::precise::exp(tmp126);
        auto tmp129 = tmp128 + tmp18;
        auto tmp130 = metal::precise::log(tmp129);
        auto tmp131 = tmp127 ? tmp126 : static_cast<decltype(tmp126)>(tmp130);
        auto tmp132 = tmp123 * tmp131;
        auto tmp133 = tmp120 + tmp132;
        auto tmp134 = tmp133 * tmp1;
        auto tmp135 = metal::floor(tmp134);
        auto tmp136 = tmp135 * tmp4;
        auto tmp137 = tmp133 - tmp136;
        auto tmp139 = tmp138 * tmp1;
        auto tmp140 = metal::floor(tmp139);
        auto tmp141 = tmp140 * tmp4;
        auto tmp142 = tmp138 - tmp141;
        auto tmp144 = tmp143 * tmp8;
        auto tmp145 = static_cast<float>(tmp144);
        auto tmp147 = static_cast<float>(tmp146);
        auto tmp148 = tmp147 + tmp13;
        auto tmp149 = tmp148 > tmp15;
        auto tmp150 = metal::precise::exp(tmp148);
        auto tmp151 = tmp150 + tmp18;
        auto tmp152 = metal::precise::log(tmp151);
        auto tmp153 = tmp149 ? tmp148 : static_cast<decltype(tmp148)>(tmp152);
        auto tmp154 = tmp145 * tmp153;
        auto tmp155 = tmp142 + tmp154;
        auto tmp156 = tmp155 * tmp1;
        auto tmp157 = metal::floor(tmp156);
        auto tmp158 = tmp157 * tmp4;
        auto tmp159 = tmp155 - tmp158;
        auto tmp161 = tmp160 * tmp1;
        auto tmp162 = metal::floor(tmp161);
        auto tmp163 = tmp162 * tmp4;
        auto tmp164 = tmp160 - tmp163;
        auto tmp166 = tmp165 * tmp8;
        auto tmp167 = static_cast<float>(tmp166);
        auto tmp169 = static_cast<float>(tmp168);
        auto tmp170 = tmp169 + tmp13;
        auto tmp171 = tmp170 > tmp15;
        auto tmp172 = metal::precise::exp(tmp170);
        auto tmp173 = tmp172 + tmp18;
        auto tmp174 = metal::precise::log(tmp173);
        auto tmp175 = tmp171 ? tmp170 : static_cast<decltype(tmp170)>(tmp174);
        auto tmp176 = tmp167 * tmp175;
        auto tmp177 = tmp164 + tmp176;
        auto tmp178 = tmp177 * tmp1;
        auto tmp179 = metal::floor(tmp178);
        auto tmp180 = tmp179 * tmp4;
        auto tmp181 = tmp177 - tmp180;
        auto tmp183 = tmp182 * tmp1;
        auto tmp184 = metal::floor(tmp183);
        auto tmp185 = tmp184 * tmp4;
        auto tmp186 = tmp182 - tmp185;
        auto tmp188 = tmp187 * tmp8;
        auto tmp189 = static_cast<float>(tmp188);
        auto tmp191 = static_cast<float>(tmp190);
        auto tmp192 = tmp191 + tmp13;
        auto tmp193 = tmp192 > tmp15;
        auto tmp194 = metal::precise::exp(tmp192);
        auto tmp195 = tmp194 + tmp18;
        auto tmp196 = metal::precise::log(tmp195);
        auto tmp197 = tmp193 ? tmp192 : static_cast<decltype(tmp192)>(tmp196);
        auto tmp198 = tmp189 * tmp197;
        auto tmp199 = tmp186 + tmp198;
        auto tmp200 = tmp199 * tmp1;
        auto tmp201 = metal::floor(tmp200);
        auto tmp202 = tmp201 * tmp4;
        auto tmp203 = tmp199 - tmp202;
        auto tmp205 = tmp204 * tmp1;
        auto tmp206 = metal::floor(tmp205);
        auto tmp207 = tmp206 * tmp4;
        auto tmp208 = tmp204 - tmp207;
        auto tmp210 = tmp209 * tmp8;
        auto tmp211 = static_cast<float>(tmp210);
        auto tmp213 = static_cast<float>(tmp212);
        auto tmp214 = tmp213 + tmp13;
        auto tmp215 = tmp214 > tmp15;
        auto tmp216 = metal::precise::exp(tmp214);
        auto tmp217 = tmp216 + tmp18;
        auto tmp218 = metal::precise::log(tmp217);
        auto tmp219 = tmp215 ? tmp214 : static_cast<decltype(tmp214)>(tmp218);
        auto tmp220 = tmp211 * tmp219;
        auto tmp221 = tmp208 + tmp220;
        auto tmp222 = tmp221 * tmp1;
        auto tmp223 = metal::floor(tmp222);
        auto tmp224 = tmp223 * tmp4;
        auto tmp225 = tmp221 - tmp224;
        auto tmp227 = tmp226 * tmp1;
        auto tmp228 = metal::floor(tmp227);
        auto tmp229 = tmp228 * tmp4;
        auto tmp230 = tmp226 - tmp229;
        auto tmp232 = tmp231 * tmp8;
        auto tmp233 = static_cast<float>(tmp232);
        auto tmp235 = static_cast<float>(tmp234);
        auto tmp236 = tmp235 + tmp13;
        auto tmp237 = tmp236 > tmp15;
        auto tmp238 = metal::precise::exp(tmp236);
        auto tmp239 = tmp238 + tmp18;
        auto tmp240 = metal::precise::log(tmp239);
        auto tmp241 = tmp237 ? tmp236 : static_cast<decltype(tmp236)>(tmp240);
        auto tmp242 = tmp233 * tmp241;
        auto tmp243 = tmp230 + tmp242;
        auto tmp244 = tmp243 * tmp1;
        auto tmp245 = metal::floor(tmp244);
        auto tmp246 = tmp245 * tmp4;
        auto tmp247 = tmp243 - tmp246;
        auto tmp249 = tmp248 * tmp1;
        auto tmp250 = metal::floor(tmp249);
        auto tmp251 = tmp250 * tmp4;
        auto tmp252 = tmp248 - tmp251;
        auto tmp254 = tmp253 * tmp8;
        auto tmp255 = static_cast<float>(tmp254);
        auto tmp257 = static_cast<float>(tmp256);
        auto tmp258 = tmp257 + tmp13;
        auto tmp259 = tmp258 > tmp15;
        auto tmp260 = metal::precise::exp(tmp258);
        auto tmp261 = tmp260 + tmp18;
        auto tmp262 = metal::precise::log(tmp261);
        auto tmp263 = tmp259 ? tmp258 : static_cast<decltype(tmp258)>(tmp262);
        auto tmp264 = tmp255 * tmp263;
        auto tmp265 = tmp252 + tmp264;
        auto tmp266 = tmp265 * tmp1;
        auto tmp267 = metal::floor(tmp266);
        auto tmp268 = tmp267 * tmp4;
        auto tmp269 = tmp265 - tmp268;
        auto tmp271 = tmp270 * tmp1;
        auto tmp272 = metal::floor(tmp271);
        auto tmp273 = tmp272 * tmp4;
        auto tmp274 = tmp270 - tmp273;
        auto tmp276 = tmp275 * tmp8;
        auto tmp277 = static_cast<float>(tmp276);
        auto tmp279 = static_cast<float>(tmp278);
        auto tmp280 = tmp279 + tmp13;
        auto tmp281 = tmp280 > tmp15;
        auto tmp282 = metal::precise::exp(tmp280);
        auto tmp283 = tmp282 + tmp18;
        auto tmp284 = metal::precise::log(tmp283);
        auto tmp285 = tmp281 ? tmp280 : static_cast<decltype(tmp280)>(tmp284);
        auto tmp286 = tmp277 * tmp285;
        auto tmp287 = tmp274 + tmp286;
        auto tmp288 = tmp287 * tmp1;
        auto tmp289 = metal::floor(tmp288);
        auto tmp290 = tmp289 * tmp4;
        auto tmp291 = tmp287 - tmp290;
        auto tmp293 = tmp292 * tmp1;
        auto tmp294 = metal::floor(tmp293);
        auto tmp295 = tmp294 * tmp4;
        auto tmp296 = tmp292 - tmp295;
        auto tmp298 = tmp297 * tmp8;
        auto tmp299 = static_cast<float>(tmp298);
        auto tmp301 = static_cast<float>(tmp300);
        auto tmp302 = tmp301 + tmp13;
        auto tmp303 = tmp302 > tmp15;
        auto tmp304 = metal::precise::exp(tmp302);
        auto tmp305 = tmp304 + tmp18;
        auto tmp306 = metal::precise::log(tmp305);
        auto tmp307 = tmp303 ? tmp302 : static_cast<decltype(tmp302)>(tmp306);
        auto tmp308 = tmp299 * tmp307;
        auto tmp309 = tmp296 + tmp308;
        auto tmp310 = tmp309 * tmp1;
        auto tmp311 = metal::floor(tmp310);
        auto tmp312 = tmp311 * tmp4;
        auto tmp313 = tmp309 - tmp312;
        auto tmp315 = tmp314 * tmp1;
        auto tmp316 = metal::floor(tmp315);
        auto tmp317 = tmp316 * tmp4;
        auto tmp318 = tmp314 - tmp317;
        auto tmp320 = tmp319 * tmp8;
        auto tmp321 = static_cast<float>(tmp320);
        auto tmp323 = static_cast<float>(tmp322);
        auto tmp324 = tmp323 + tmp13;
        auto tmp325 = tmp324 > tmp15;
        auto tmp326 = metal::precise::exp(tmp324);
        auto tmp327 = tmp326 + tmp18;
        auto tmp328 = metal::precise::log(tmp327);
        auto tmp329 = tmp325 ? tmp324 : static_cast<decltype(tmp324)>(tmp328);
        auto tmp330 = tmp321 * tmp329;
        auto tmp331 = tmp318 + tmp330;
        auto tmp332 = tmp331 * tmp1;
        auto tmp333 = metal::floor(tmp332);
        auto tmp334 = tmp333 * tmp4;
        auto tmp335 = tmp331 - tmp334;
        auto tmp337 = tmp336 * tmp1;
        auto tmp338 = metal::floor(tmp337);
        auto tmp339 = tmp338 * tmp4;
        auto tmp340 = tmp336 - tmp339;
        auto tmp342 = tmp341 * tmp8;
        auto tmp343 = static_cast<float>(tmp342);
        auto tmp345 = static_cast<float>(tmp344);
        auto tmp346 = tmp345 + tmp13;
        auto tmp347 = tmp346 > tmp15;
        auto tmp348 = metal::precise::exp(tmp346);
        auto tmp349 = tmp348 + tmp18;
        auto tmp350 = metal::precise::log(tmp349);
        auto tmp351 = tmp347 ? tmp346 : static_cast<decltype(tmp346)>(tmp350);
        auto tmp352 = tmp343 * tmp351;
        auto tmp353 = tmp340 + tmp352;
        auto tmp354 = tmp353 * tmp1;
        auto tmp355 = metal::floor(tmp354);
        auto tmp356 = tmp355 * tmp4;
        auto tmp357 = tmp353 - tmp356;
        auto tmp359 = tmp358 * tmp1;
        auto tmp360 = metal::floor(tmp359);
        auto tmp361 = tmp360 * tmp4;
        auto tmp362 = tmp358 - tmp361;
        auto tmp364 = tmp363 * tmp8;
        auto tmp365 = static_cast<float>(tmp364);
        auto tmp367 = static_cast<float>(tmp366);
        auto tmp368 = tmp367 + tmp13;
        auto tmp369 = tmp368 > tmp15;
        auto tmp370 = metal::precise::exp(tmp368);
        auto tmp371 = tmp370 + tmp18;
        auto tmp372 = metal::precise::log(tmp371);
        auto tmp373 = tmp369 ? tmp368 : static_cast<decltype(tmp368)>(tmp372);
        auto tmp374 = tmp365 * tmp373;
        auto tmp375 = tmp362 + tmp374;
        auto tmp376 = tmp375 * tmp1;
        auto tmp377 = metal::floor(tmp376);
        auto tmp378 = tmp377 * tmp4;
        auto tmp379 = tmp375 - tmp378;
        auto tmp381 = tmp380 * tmp1;
        auto tmp382 = metal::floor(tmp381);
        auto tmp383 = tmp382 * tmp4;
        auto tmp384 = tmp380 - tmp383;
        auto tmp386 = tmp385 * tmp8;
        auto tmp387 = static_cast<float>(tmp386);
        auto tmp389 = static_cast<float>(tmp388);
        auto tmp390 = tmp389 + tmp13;
        auto tmp391 = tmp390 > tmp15;
        auto tmp392 = metal::precise::exp(tmp390);
        auto tmp393 = tmp392 + tmp18;
        auto tmp394 = metal::precise::log(tmp393);
        auto tmp395 = tmp391 ? tmp390 : static_cast<decltype(tmp390)>(tmp394);
        auto tmp396 = tmp387 * tmp395;
        auto tmp397 = tmp384 + tmp396;
        auto tmp398 = tmp397 * tmp1;
        auto tmp399 = metal::floor(tmp398);
        auto tmp400 = tmp399 * tmp4;
        auto tmp401 = tmp397 - tmp400;
        auto tmp403 = tmp402 * tmp1;
        auto tmp404 = metal::floor(tmp403);
        auto tmp405 = tmp404 * tmp4;
        auto tmp406 = tmp402 - tmp405;
        auto tmp408 = tmp407 * tmp8;
        auto tmp409 = static_cast<float>(tmp408);
        auto tmp411 = static_cast<float>(tmp410);
        auto tmp412 = tmp411 + tmp13;
        auto tmp413 = tmp412 > tmp15;
        auto tmp414 = metal::precise::exp(tmp412);
        auto tmp415 = tmp414 + tmp18;
        auto tmp416 = metal::precise::log(tmp415);
        auto tmp417 = tmp413 ? tmp412 : static_cast<decltype(tmp412)>(tmp416);
        auto tmp418 = tmp409 * tmp417;
        auto tmp419 = tmp406 + tmp418;
        auto tmp420 = tmp419 * tmp1;
        auto tmp421 = metal::floor(tmp420);
        auto tmp422 = tmp421 * tmp4;
        auto tmp423 = tmp419 - tmp422;
        auto tmp425 = tmp424 * tmp1;
        auto tmp426 = metal::floor(tmp425);
        auto tmp427 = tmp426 * tmp4;
        auto tmp428 = tmp424 - tmp427;
        auto tmp430 = tmp429 * tmp8;
        auto tmp431 = static_cast<float>(tmp430);
        auto tmp433 = static_cast<float>(tmp432);
        auto tmp434 = tmp433 + tmp13;
        auto tmp435 = tmp434 > tmp15;
        auto tmp436 = metal::precise::exp(tmp434);
        auto tmp437 = tmp436 + tmp18;
        auto tmp438 = metal::precise::log(tmp437);
        auto tmp439 = tmp435 ? tmp434 : static_cast<decltype(tmp434)>(tmp438);
        auto tmp440 = tmp431 * tmp439;
        auto tmp441 = tmp428 + tmp440;
        auto tmp442 = tmp441 * tmp1;
        auto tmp443 = metal::floor(tmp442);
        auto tmp444 = tmp443 * tmp4;
        auto tmp445 = tmp441 - tmp444;
        auto tmp447 = tmp446 * tmp1;
        auto tmp448 = metal::floor(tmp447);
        auto tmp449 = tmp448 * tmp4;
        auto tmp450 = tmp446 - tmp449;
        auto tmp452 = tmp451 * tmp8;
        auto tmp453 = static_cast<float>(tmp452);
        auto tmp455 = static_cast<float>(tmp454);
        auto tmp456 = tmp455 + tmp13;
        auto tmp457 = tmp456 > tmp15;
        auto tmp458 = metal::precise::exp(tmp456);
        auto tmp459 = tmp458 + tmp18;
        auto tmp460 = metal::precise::log(tmp459);
        auto tmp461 = tmp457 ? tmp456 : static_cast<decltype(tmp456)>(tmp460);
        auto tmp462 = tmp453 * tmp461;
        auto tmp463 = tmp450 + tmp462;
        auto tmp464 = tmp463 * tmp1;
        auto tmp465 = metal::floor(tmp464);
        auto tmp466 = tmp465 * tmp4;
        auto tmp467 = tmp463 - tmp466;
        auto tmp469 = tmp468 * tmp1;
        auto tmp470 = metal::floor(tmp469);
        auto tmp471 = tmp470 * tmp4;
        auto tmp472 = tmp468 - tmp471;
        auto tmp474 = tmp473 * tmp8;
        auto tmp475 = static_cast<float>(tmp474);
        auto tmp477 = static_cast<float>(tmp476);
        auto tmp478 = tmp477 + tmp13;
        auto tmp479 = tmp478 > tmp15;
        auto tmp480 = metal::precise::exp(tmp478);
        auto tmp481 = tmp480 + tmp18;
        auto tmp482 = metal::precise::log(tmp481);
        auto tmp483 = tmp479 ? tmp478 : static_cast<decltype(tmp478)>(tmp482);
        auto tmp484 = tmp475 * tmp483;
        auto tmp485 = tmp472 + tmp484;
        auto tmp486 = tmp485 * tmp1;
        auto tmp487 = metal::floor(tmp486);
        auto tmp488 = tmp487 * tmp4;
        auto tmp489 = tmp485 - tmp488;
        auto tmp491 = tmp490 * tmp1;
        auto tmp492 = metal::floor(tmp491);
        auto tmp493 = tmp492 * tmp4;
        auto tmp494 = tmp490 - tmp493;
        auto tmp496 = tmp495 * tmp8;
        auto tmp497 = static_cast<float>(tmp496);
        auto tmp499 = static_cast<float>(tmp498);
        auto tmp500 = tmp499 + tmp13;
        auto tmp501 = tmp500 > tmp15;
        auto tmp502 = metal::precise::exp(tmp500);
        auto tmp503 = tmp502 + tmp18;
        auto tmp504 = metal::precise::log(tmp503);
        auto tmp505 = tmp501 ? tmp500 : static_cast<decltype(tmp500)>(tmp504);
        auto tmp506 = tmp497 * tmp505;
        auto tmp507 = tmp494 + tmp506;
        auto tmp508 = tmp507 * tmp1;
        auto tmp509 = metal::floor(tmp508);
        auto tmp510 = tmp509 * tmp4;
        auto tmp511 = tmp507 - tmp510;
        auto tmp513 = tmp512 * tmp1;
        auto tmp514 = metal::floor(tmp513);
        auto tmp515 = tmp514 * tmp4;
        auto tmp516 = tmp512 - tmp515;
        auto tmp518 = tmp517 * tmp8;
        auto tmp519 = static_cast<float>(tmp518);
        auto tmp521 = static_cast<float>(tmp520);
        auto tmp522 = tmp521 + tmp13;
        auto tmp523 = tmp522 > tmp15;
        auto tmp524 = metal::precise::exp(tmp522);
        auto tmp525 = tmp524 + tmp18;
        auto tmp526 = metal::precise::log(tmp525);
        auto tmp527 = tmp523 ? tmp522 : static_cast<decltype(tmp522)>(tmp526);
        auto tmp528 = tmp519 * tmp527;
        auto tmp529 = tmp516 + tmp528;
        auto tmp530 = tmp529 * tmp1;
        auto tmp531 = metal::floor(tmp530);
        auto tmp532 = tmp531 * tmp4;
        auto tmp533 = tmp529 - tmp532;
        auto tmp535 = tmp534 * tmp1;
        auto tmp536 = metal::floor(tmp535);
        auto tmp537 = tmp536 * tmp4;
        auto tmp538 = tmp534 - tmp537;
        auto tmp540 = tmp539 * tmp8;
        auto tmp541 = static_cast<float>(tmp540);
        auto tmp543 = static_cast<float>(tmp542);
        auto tmp544 = tmp543 + tmp13;
        auto tmp545 = tmp544 > tmp15;
        auto tmp546 = metal::precise::exp(tmp544);
        auto tmp547 = tmp546 + tmp18;
        auto tmp548 = metal::precise::log(tmp547);
        auto tmp549 = tmp545 ? tmp544 : static_cast<decltype(tmp544)>(tmp548);
        auto tmp550 = tmp541 * tmp549;
        auto tmp551 = tmp538 + tmp550;
        auto tmp552 = tmp551 * tmp1;
        auto tmp553 = metal::floor(tmp552);
        auto tmp554 = tmp553 * tmp4;
        auto tmp555 = tmp551 - tmp554;
        auto tmp557 = tmp556 * tmp1;
        auto tmp558 = metal::floor(tmp557);
        auto tmp559 = tmp558 * tmp4;
        auto tmp560 = tmp556 - tmp559;
        auto tmp562 = tmp561 * tmp8;
        auto tmp563 = static_cast<float>(tmp562);
        auto tmp565 = static_cast<float>(tmp564);
        auto tmp566 = tmp565 + tmp13;
        auto tmp567 = tmp566 > tmp15;
        auto tmp568 = metal::precise::exp(tmp566);
        auto tmp569 = tmp568 + tmp18;
        auto tmp570 = metal::precise::log(tmp569);
        auto tmp571 = tmp567 ? tmp566 : static_cast<decltype(tmp566)>(tmp570);
        auto tmp572 = tmp563 * tmp571;
        auto tmp573 = tmp560 + tmp572;
        auto tmp574 = tmp573 * tmp1;
        auto tmp575 = metal::floor(tmp574);
        auto tmp576 = tmp575 * tmp4;
        auto tmp577 = tmp573 - tmp576;
        auto tmp579 = tmp578 * tmp1;
        auto tmp580 = metal::floor(tmp579);
        auto tmp581 = tmp580 * tmp4;
        auto tmp582 = tmp578 - tmp581;
        auto tmp584 = tmp583 * tmp8;
        auto tmp585 = static_cast<float>(tmp584);
        auto tmp587 = static_cast<float>(tmp586);
        auto tmp588 = tmp587 + tmp13;
        auto tmp589 = tmp588 > tmp15;
        auto tmp590 = metal::precise::exp(tmp588);
        auto tmp591 = tmp590 + tmp18;
        auto tmp592 = metal::precise::log(tmp591);
        auto tmp593 = tmp589 ? tmp588 : static_cast<decltype(tmp588)>(tmp592);
        auto tmp594 = tmp585 * tmp593;
        auto tmp595 = tmp582 + tmp594;
        auto tmp596 = tmp595 * tmp1;
        auto tmp597 = metal::floor(tmp596);
        auto tmp598 = tmp597 * tmp4;
        auto tmp599 = tmp595 - tmp598;
        auto tmp601 = tmp600 * tmp1;
        auto tmp602 = metal::floor(tmp601);
        auto tmp603 = tmp602 * tmp4;
        auto tmp604 = tmp600 - tmp603;
        auto tmp606 = tmp605 * tmp8;
        auto tmp607 = static_cast<float>(tmp606);
        auto tmp609 = static_cast<float>(tmp608);
        auto tmp610 = tmp609 + tmp13;
        auto tmp611 = tmp610 > tmp15;
        auto tmp612 = metal::precise::exp(tmp610);
        auto tmp613 = tmp612 + tmp18;
        auto tmp614 = metal::precise::log(tmp613);
        auto tmp615 = tmp611 ? tmp610 : static_cast<decltype(tmp610)>(tmp614);
        auto tmp616 = tmp607 * tmp615;
        auto tmp617 = tmp604 + tmp616;
        auto tmp618 = tmp617 * tmp1;
        auto tmp619 = metal::floor(tmp618);
        auto tmp620 = tmp619 * tmp4;
        auto tmp621 = tmp617 - tmp620;
        auto tmp623 = tmp622 * tmp1;
        auto tmp624 = metal::floor(tmp623);
        auto tmp625 = tmp624 * tmp4;
        auto tmp626 = tmp622 - tmp625;
        auto tmp628 = tmp627 * tmp8;
        auto tmp629 = static_cast<float>(tmp628);
        auto tmp631 = static_cast<float>(tmp630);
        auto tmp632 = tmp631 + tmp13;
        auto tmp633 = tmp632 > tmp15;
        auto tmp634 = metal::precise::exp(tmp632);
        auto tmp635 = tmp634 + tmp18;
        auto tmp636 = metal::precise::log(tmp635);
        auto tmp637 = tmp633 ? tmp632 : static_cast<decltype(tmp632)>(tmp636);
        auto tmp638 = tmp629 * tmp637;
        auto tmp639 = tmp626 + tmp638;
        auto tmp640 = tmp639 * tmp1;
        auto tmp641 = metal::floor(tmp640);
        auto tmp642 = tmp641 * tmp4;
        auto tmp643 = tmp639 - tmp642;
        auto tmp645 = tmp644 * tmp1;
        auto tmp646 = metal::floor(tmp645);
        auto tmp647 = tmp646 * tmp4;
        auto tmp648 = tmp644 - tmp647;
        auto tmp650 = tmp649 * tmp8;
        auto tmp651 = static_cast<float>(tmp650);
        auto tmp653 = static_cast<float>(tmp652);
        auto tmp654 = tmp653 + tmp13;
        auto tmp655 = tmp654 > tmp15;
        auto tmp656 = metal::precise::exp(tmp654);
        auto tmp657 = tmp656 + tmp18;
        auto tmp658 = metal::precise::log(tmp657);
        auto tmp659 = tmp655 ? tmp654 : static_cast<decltype(tmp654)>(tmp658);
        auto tmp660 = tmp651 * tmp659;
        auto tmp661 = tmp648 + tmp660;
        auto tmp662 = tmp661 * tmp1;
        auto tmp663 = metal::floor(tmp662);
        auto tmp664 = tmp663 * tmp4;
        auto tmp665 = tmp661 - tmp664;
        auto tmp667 = tmp666 * tmp1;
        auto tmp668 = metal::floor(tmp667);
        auto tmp669 = tmp668 * tmp4;
        auto tmp670 = tmp666 - tmp669;
        auto tmp672 = tmp671 * tmp8;
        auto tmp673 = static_cast<float>(tmp672);
        auto tmp675 = static_cast<float>(tmp674);
        auto tmp676 = tmp675 + tmp13;
        auto tmp677 = tmp676 > tmp15;
        auto tmp678 = metal::precise::exp(tmp676);
        auto tmp679 = tmp678 + tmp18;
        auto tmp680 = metal::precise::log(tmp679);
        auto tmp681 = tmp677 ? tmp676 : static_cast<decltype(tmp676)>(tmp680);
        auto tmp682 = tmp673 * tmp681;
        auto tmp683 = tmp670 + tmp682;
        auto tmp684 = tmp683 * tmp1;
        auto tmp685 = metal::floor(tmp684);
        auto tmp686 = tmp685 * tmp4;
        auto tmp687 = tmp683 - tmp686;
        auto tmp689 = tmp688 * tmp1;
        auto tmp690 = metal::floor(tmp689);
        auto tmp691 = tmp690 * tmp4;
        auto tmp692 = tmp688 - tmp691;
        auto tmp694 = tmp693 * tmp8;
        auto tmp695 = static_cast<float>(tmp694);
        auto tmp697 = static_cast<float>(tmp696);
        auto tmp698 = tmp697 + tmp13;
        auto tmp699 = tmp698 > tmp15;
        auto tmp700 = metal::precise::exp(tmp698);
        auto tmp701 = tmp700 + tmp18;
        auto tmp702 = metal::precise::log(tmp701);
        auto tmp703 = tmp699 ? tmp698 : static_cast<decltype(tmp698)>(tmp702);
        auto tmp704 = tmp695 * tmp703;
        auto tmp705 = tmp692 + tmp704;
        auto tmp706 = tmp705 * tmp1;
        auto tmp707 = metal::floor(tmp706);
        auto tmp708 = tmp707 * tmp4;
        auto tmp709 = tmp705 - tmp708;
        out_ptr0[x0 + 196608*x1] = static_cast<float>(tmp6);
        out_ptr1[x0 + 196608*x1] = static_cast<float>(tmp27);
        out_ptr2[x0 + 196608*x1] = static_cast<float>(tmp32);
        out_ptr3[x0 + 196608*x1] = static_cast<float>(tmp49);
        out_ptr4[x0 + 196608*x1] = static_cast<float>(tmp54);
        out_ptr5[x0 + 196608*x1] = static_cast<float>(tmp71);
        out_ptr6[x0 + 196608*x1] = static_cast<float>(tmp76);
        out_ptr7[x0 + 196608*x1] = static_cast<float>(tmp93);
        out_ptr8[x0 + 196608*x1] = static_cast<float>(tmp98);
        out_ptr9[x0 + 196608*x1] = static_cast<float>(tmp115);
        out_ptr10[x0 + 196608*x1] = static_cast<float>(tmp120);
        out_ptr11[x0 + 196608*x1] = static_cast<float>(tmp137);
        out_ptr12[x0 + 196608*x1] = static_cast<float>(tmp142);
        out_ptr13[x0 + 196608*x1] = static_cast<float>(tmp159);
        out_ptr14[x0 + 196608*x1] = static_cast<float>(tmp164);
        out_ptr15[x0 + 196608*x1] = static_cast<float>(tmp181);
        out_ptr16[x0 + 196608*x1] = static_cast<float>(tmp186);
        out_ptr17[x0 + 196608*x1] = static_cast<float>(tmp203);
        out_ptr18[x0 + 196608*x1] = static_cast<float>(tmp208);
        out_ptr19[x0 + 196608*x1] = static_cast<float>(tmp225);
        out_ptr20[x0 + 196608*x1] = static_cast<float>(tmp230);
        out_ptr21[x0 + 196608*x1] = static_cast<float>(tmp247);
        out_ptr22[x0 + 196608*x1] = static_cast<float>(tmp252);
        out_ptr23[x0 + 196608*x1] = static_cast<float>(tmp269);
        out_ptr24[x0 + 196608*x1] = static_cast<float>(tmp274);
        out_ptr25[x0 + 196608*x1] = static_cast<float>(tmp291);
        out_ptr26[x0 + 196608*x1] = static_cast<float>(tmp296);
        out_ptr27[x0 + 196608*x1] = static_cast<float>(tmp313);
        out_ptr28[x0 + 196608*x1] = static_cast<float>(tmp318);
        out_ptr29[x0 + 196608*x1] = static_cast<float>(tmp335);
        out_ptr30[x0 + 196608*x1] = static_cast<float>(tmp340);
        out_ptr31[x0 + 196608*x1] = static_cast<float>(tmp357);
        out_ptr32[x0 + 196608*x1] = static_cast<float>(tmp362);
        out_ptr33[x0 + 196608*x1] = static_cast<float>(tmp379);
        out_ptr34[x0 + 196608*x1] = static_cast<float>(tmp384);
        out_ptr35[x0 + 196608*x1] = static_cast<float>(tmp401);
        out_ptr36[x0 + 196608*x1] = static_cast<float>(tmp406);
        out_ptr37[x0 + 196608*x1] = static_cast<float>(tmp423);
        out_ptr38[x0 + 196608*x1] = static_cast<float>(tmp428);
        out_ptr39[x0 + 196608*x1] = static_cast<float>(tmp445);
        out_ptr40[x0 + 196608*x1] = static_cast<float>(tmp450);
        out_ptr41[x0 + 196608*x1] = static_cast<float>(tmp467);
        out_ptr42[x0 + 196608*x1] = static_cast<float>(tmp472);
        out_ptr43[x0 + 196608*x1] = static_cast<float>(tmp489);
        out_ptr44[x0 + 196608*x1] = static_cast<float>(tmp494);
        out_ptr45[x0 + 196608*x1] = static_cast<float>(tmp511);
        out_ptr46[x0 + 196608*x1] = static_cast<float>(tmp516);
        out_ptr47[x0 + 196608*x1] = static_cast<float>(tmp533);
        out_ptr48[x0 + 196608*x1] = static_cast<float>(tmp538);
        out_ptr49[x0 + 196608*x1] = static_cast<float>(tmp555);
        out_ptr50[x0 + 196608*x1] = static_cast<float>(tmp560);
        out_ptr51[x0 + 196608*x1] = static_cast<float>(tmp577);
        out_ptr52[x0 + 196608*x1] = static_cast<float>(tmp582);
        out_ptr53[x0 + 196608*x1] = static_cast<float>(tmp599);
        out_ptr54[x0 + 196608*x1] = static_cast<float>(tmp604);
        out_ptr55[x0 + 196608*x1] = static_cast<float>(tmp621);
        out_ptr56[x0 + 196608*x1] = static_cast<float>(tmp626);
        out_ptr57[x0 + 196608*x1] = static_cast<float>(tmp643);
        out_ptr58[x0 + 196608*x1] = static_cast<float>(tmp648);
        out_ptr59[x0 + 196608*x1] = static_cast<float>(tmp665);
        out_ptr60[x0 + 196608*x1] = static_cast<float>(tmp670);
        out_ptr61[x0 + 196608*x1] = static_cast<float>(tmp687);
        out_ptr62[x0 + 196608*x1] = static_cast<float>(tmp692);
        out_ptr63[x0 + 196608*x1] = static_cast<float>(tmp709);
    }




    kernel void generated_kernel_28(
        device float* out_ptr0,
        device float* out_ptr1,
        device float* out_ptr2,
        device float* out_ptr3,
        device float* out_ptr4,
        device float* out_ptr5,
        device float* out_ptr6,
        device float* out_ptr7,
        device float* out_ptr8,
        device float* out_ptr9,
        device float* out_ptr10,
        device float* out_ptr11,
        device float* out_ptr12,
        device float* out_ptr13,
        device float* out_ptr14,
        device float* out_ptr15,
        device float* out_ptr16,
        device float* out_ptr17,
        device float* out_ptr18,
        device float* out_ptr19,
        device float* out_ptr20,
        device float* out_ptr21,
        device float* out_ptr22,
        device float* out_ptr23,
        device float* out_ptr24,
        device float* out_ptr25,
        device float* out_ptr26,
        device float* out_ptr27,
        device float* out_ptr28,
        device float* out_ptr29,
        device float* out_ptr30,
        device float* out_ptr31,
        device float* out_ptr32,
        device float* out_ptr33,
        device float* out_ptr34,
        device float* out_ptr35,
        device float* out_ptr36,
        device float* out_ptr37,
        device float* out_ptr38,
        device float* out_ptr39,
        device float* out_ptr40,
        device float* out_ptr41,
        device float* out_ptr42,
        device float* out_ptr43,
        device float* out_ptr44,
        device float* out_ptr45,
        device float* out_ptr46,
        device float* out_ptr47,
        device float* out_ptr48,
        device float* out_ptr49,
        device float* out_ptr50,
        device float* out_ptr51,
        device float* out_ptr52,
        device float* out_ptr53,
        device float* out_ptr54,
        device float* out_ptr55,
        device float* out_ptr56,
        device float* out_ptr57,
        device float* out_ptr58,
        device float* out_ptr59,
        device float* out_ptr60,
        device float* out_ptr61,
        device float* out_ptr62,
        device float* out_ptr63,
        constant float* in_ptr0,
        constant bfloat* in_ptr1,
        constant bfloat* in_ptr2,
        constant float* in_ptr3,
        device c10::metal::ErrorMessages* error_buf,
        uint xindex [[thread_position_in_grid]]
    ) {
        int x3 = xindex;
        int x0 = (xindex) % (32);
        int x2 = c10::metal::floor_divide(xindex, 384);
        int x1 = ((xindex) / (32)) % (12);
        auto tmp0 = in_ptr0[x3];
        auto tmp7 = static_cast<float>(in_ptr1[12288 + x0 + 16384*x2]);
        auto tmp11 = static_cast<float>(in_ptr2[716032 + x1 + 952320*x2]);
        auto tmp13 = in_ptr3[x1];
        auto tmp28 = static_cast<float>(in_ptr1[12320 + x0 + 16384*x2]);
        auto tmp31 = static_cast<float>(in_ptr2[717892 + x1 + 952320*x2]);
        auto tmp45 = static_cast<float>(in_ptr1[12352 + x0 + 16384*x2]);
        auto tmp48 = static_cast<float>(in_ptr2[719752 + x1 + 952320*x2]);
        auto tmp62 = static_cast<float>(in_ptr1[12384 + x0 + 16384*x2]);
        auto tmp65 = static_cast<float>(in_ptr2[721612 + x1 + 952320*x2]);
        auto tmp79 = static_cast<float>(in_ptr1[12416 + x0 + 16384*x2]);
        auto tmp82 = static_cast<float>(in_ptr2[723472 + x1 + 952320*x2]);
        auto tmp96 = static_cast<float>(in_ptr1[12448 + x0 + 16384*x2]);
        auto tmp99 = static_cast<float>(in_ptr2[725332 + x1 + 952320*x2]);
        auto tmp113 = static_cast<float>(in_ptr1[12480 + x0 + 16384*x2]);
        auto tmp116 = static_cast<float>(in_ptr2[727192 + x1 + 952320*x2]);
        auto tmp130 = static_cast<float>(in_ptr1[12512 + x0 + 16384*x2]);
        auto tmp133 = static_cast<float>(in_ptr2[729052 + x1 + 952320*x2]);
        auto tmp147 = static_cast<float>(in_ptr1[12544 + x0 + 16384*x2]);
        auto tmp150 = static_cast<float>(in_ptr2[730912 + x1 + 952320*x2]);
        auto tmp164 = static_cast<float>(in_ptr1[12576 + x0 + 16384*x2]);
        auto tmp167 = static_cast<float>(in_ptr2[732772 + x1 + 952320*x2]);
        auto tmp181 = static_cast<float>(in_ptr1[12608 + x0 + 16384*x2]);
        auto tmp184 = static_cast<float>(in_ptr2[734632 + x1 + 952320*x2]);
        auto tmp198 = static_cast<float>(in_ptr1[12640 + x0 + 16384*x2]);
        auto tmp201 = static_cast<float>(in_ptr2[736492 + x1 + 952320*x2]);
        auto tmp215 = static_cast<float>(in_ptr1[12672 + x0 + 16384*x2]);
        auto tmp218 = static_cast<float>(in_ptr2[738352 + x1 + 952320*x2]);
        auto tmp232 = static_cast<float>(in_ptr1[12704 + x0 + 16384*x2]);
        auto tmp235 = static_cast<float>(in_ptr2[740212 + x1 + 952320*x2]);
        auto tmp249 = static_cast<float>(in_ptr1[12736 + x0 + 16384*x2]);
        auto tmp252 = static_cast<float>(in_ptr2[742072 + x1 + 952320*x2]);
        auto tmp266 = static_cast<float>(in_ptr1[12768 + x0 + 16384*x2]);
        auto tmp269 = static_cast<float>(in_ptr2[743932 + x1 + 952320*x2]);
        auto tmp283 = static_cast<float>(in_ptr1[12800 + x0 + 16384*x2]);
        auto tmp286 = static_cast<float>(in_ptr2[745792 + x1 + 952320*x2]);
        auto tmp300 = static_cast<float>(in_ptr1[12832 + x0 + 16384*x2]);
        auto tmp303 = static_cast<float>(in_ptr2[747652 + x1 + 952320*x2]);
        auto tmp317 = static_cast<float>(in_ptr1[12864 + x0 + 16384*x2]);
        auto tmp320 = static_cast<float>(in_ptr2[749512 + x1 + 952320*x2]);
        auto tmp334 = static_cast<float>(in_ptr1[12896 + x0 + 16384*x2]);
        auto tmp337 = static_cast<float>(in_ptr2[751372 + x1 + 952320*x2]);
        auto tmp351 = static_cast<float>(in_ptr1[12928 + x0 + 16384*x2]);
        auto tmp354 = static_cast<float>(in_ptr2[753232 + x1 + 952320*x2]);
        auto tmp368 = static_cast<float>(in_ptr1[12960 + x0 + 16384*x2]);
        auto tmp371 = static_cast<float>(in_ptr2[755092 + x1 + 952320*x2]);
        auto tmp385 = static_cast<float>(in_ptr1[12992 + x0 + 16384*x2]);
        auto tmp388 = static_cast<float>(in_ptr2[756952 + x1 + 952320*x2]);
        auto tmp402 = static_cast<float>(in_ptr1[13024 + x0 + 16384*x2]);
        auto tmp405 = static_cast<float>(in_ptr2[758812 + x1 + 952320*x2]);
        auto tmp419 = static_cast<float>(in_ptr1[13056 + x0 + 16384*x2]);
        auto tmp422 = static_cast<float>(in_ptr2[760672 + x1 + 952320*x2]);
        auto tmp436 = static_cast<float>(in_ptr1[13088 + x0 + 16384*x2]);
        auto tmp439 = static_cast<float>(in_ptr2[762532 + x1 + 952320*x2]);
        auto tmp453 = static_cast<float>(in_ptr1[13120 + x0 + 16384*x2]);
        auto tmp456 = static_cast<float>(in_ptr2[764392 + x1 + 952320*x2]);
        auto tmp470 = static_cast<float>(in_ptr1[13152 + x0 + 16384*x2]);
        auto tmp473 = static_cast<float>(in_ptr2[766252 + x1 + 952320*x2]);
        auto tmp487 = static_cast<float>(in_ptr1[13184 + x0 + 16384*x2]);
        auto tmp490 = static_cast<float>(in_ptr2[768112 + x1 + 952320*x2]);
        auto tmp504 = static_cast<float>(in_ptr1[13216 + x0 + 16384*x2]);
        auto tmp507 = static_cast<float>(in_ptr2[769972 + x1 + 952320*x2]);
        auto tmp521 = static_cast<float>(in_ptr1[13248 + x0 + 16384*x2]);
        auto tmp524 = static_cast<float>(in_ptr2[771832 + x1 + 952320*x2]);
        auto tmp538 = static_cast<float>(in_ptr1[13280 + x0 + 16384*x2]);
        auto tmp541 = static_cast<float>(in_ptr2[773692 + x1 + 952320*x2]);
        auto tmp555 = static_cast<float>(in_ptr1[13312 + x0 + 16384*x2]);
        auto tmp558 = static_cast<float>(in_ptr2[775552 + x1 + 952320*x2]);
        auto tmp572 = static_cast<float>(in_ptr1[13344 + x0 + 16384*x2]);
        auto tmp575 = static_cast<float>(in_ptr2[777412 + x1 + 952320*x2]);
        auto tmp589 = static_cast<float>(in_ptr1[13376 + x0 + 16384*x2]);
        auto tmp592 = static_cast<float>(in_ptr2[779272 + x1 + 952320*x2]);
        auto tmp606 = static_cast<float>(in_ptr1[13408 + x0 + 16384*x2]);
        auto tmp609 = static_cast<float>(in_ptr2[781132 + x1 + 952320*x2]);
        auto tmp623 = static_cast<float>(in_ptr1[13440 + x0 + 16384*x2]);
        auto tmp626 = static_cast<float>(in_ptr2[782992 + x1 + 952320*x2]);
        auto tmp640 = static_cast<float>(in_ptr1[13472 + x0 + 16384*x2]);
        auto tmp643 = static_cast<float>(in_ptr2[784852 + x1 + 952320*x2]);
        auto tmp657 = static_cast<float>(in_ptr1[13504 + x0 + 16384*x2]);
        auto tmp660 = static_cast<float>(in_ptr2[786712 + x1 + 952320*x2]);
        auto tmp674 = static_cast<float>(in_ptr1[13536 + x0 + 16384*x2]);
        auto tmp677 = static_cast<float>(in_ptr2[788572 + x1 + 952320*x2]);
        auto tmp691 = static_cast<float>(in_ptr1[13568 + x0 + 16384*x2]);
        auto tmp694 = static_cast<float>(in_ptr2[790432 + x1 + 952320*x2]);
        auto tmp708 = static_cast<float>(in_ptr1[13600 + x0 + 16384*x2]);
        auto tmp711 = static_cast<float>(in_ptr2[792292 + x1 + 952320*x2]);
        auto tmp725 = static_cast<float>(in_ptr1[13632 + x0 + 16384*x2]);
        auto tmp728 = static_cast<float>(in_ptr2[794152 + x1 + 952320*x2]);
        auto tmp742 = static_cast<float>(in_ptr1[13664 + x0 + 16384*x2]);
        auto tmp745 = static_cast<float>(in_ptr2[796012 + x1 + 952320*x2]);
        auto tmp759 = static_cast<float>(in_ptr1[13696 + x0 + 16384*x2]);
        auto tmp762 = static_cast<float>(in_ptr2[797872 + x1 + 952320*x2]);
        auto tmp776 = static_cast<float>(in_ptr1[13728 + x0 + 16384*x2]);
        auto tmp779 = static_cast<float>(in_ptr2[799732 + x1 + 952320*x2]);
        auto tmp793 = static_cast<float>(in_ptr1[13760 + x0 + 16384*x2]);
        auto tmp796 = static_cast<float>(in_ptr2[801592 + x1 + 952320*x2]);
        auto tmp810 = static_cast<float>(in_ptr1[13792 + x0 + 16384*x2]);
        auto tmp813 = static_cast<float>(in_ptr2[803452 + x1 + 952320*x2]);
        auto tmp827 = static_cast<float>(in_ptr1[13824 + x0 + 16384*x2]);
        auto tmp830 = static_cast<float>(in_ptr2[805312 + x1 + 952320*x2]);
        auto tmp844 = static_cast<float>(in_ptr1[13856 + x0 + 16384*x2]);
        auto tmp847 = static_cast<float>(in_ptr2[807172 + x1 + 952320*x2]);
        auto tmp861 = static_cast<float>(in_ptr1[13888 + x0 + 16384*x2]);
        auto tmp864 = static_cast<float>(in_ptr2[809032 + x1 + 952320*x2]);
        auto tmp878 = static_cast<float>(in_ptr1[13920 + x0 + 16384*x2]);
        auto tmp881 = static_cast<float>(in_ptr2[810892 + x1 + 952320*x2]);
        auto tmp895 = static_cast<float>(in_ptr1[13952 + x0 + 16384*x2]);
        auto tmp898 = static_cast<float>(in_ptr2[812752 + x1 + 952320*x2]);
        auto tmp912 = static_cast<float>(in_ptr1[13984 + x0 + 16384*x2]);
        auto tmp915 = static_cast<float>(in_ptr2[814612 + x1 + 952320*x2]);
        auto tmp929 = static_cast<float>(in_ptr1[14016 + x0 + 16384*x2]);
        auto tmp932 = static_cast<float>(in_ptr2[816472 + x1 + 952320*x2]);
        auto tmp946 = static_cast<float>(in_ptr1[14048 + x0 + 16384*x2]);
        auto tmp949 = static_cast<float>(in_ptr2[818332 + x1 + 952320*x2]);
        auto tmp963 = static_cast<float>(in_ptr1[14080 + x0 + 16384*x2]);
        auto tmp966 = static_cast<float>(in_ptr2[820192 + x1 + 952320*x2]);
        auto tmp980 = static_cast<float>(in_ptr1[14112 + x0 + 16384*x2]);
        auto tmp983 = static_cast<float>(in_ptr2[822052 + x1 + 952320*x2]);
        auto tmp997 = static_cast<float>(in_ptr1[14144 + x0 + 16384*x2]);
        auto tmp1000 = static_cast<float>(in_ptr2[823912 + x1 + 952320*x2]);
        auto tmp1014 = static_cast<float>(in_ptr1[14176 + x0 + 16384*x2]);
        auto tmp1017 = static_cast<float>(in_ptr2[825772 + x1 + 952320*x2]);
        auto tmp1031 = static_cast<float>(in_ptr1[14208 + x0 + 16384*x2]);
        auto tmp1034 = static_cast<float>(in_ptr2[827632 + x1 + 952320*x2]);
        auto tmp1048 = static_cast<float>(in_ptr1[14240 + x0 + 16384*x2]);
        auto tmp1051 = static_cast<float>(in_ptr2[829492 + x1 + 952320*x2]);
        auto tmp1065 = static_cast<float>(in_ptr1[14272 + x0 + 16384*x2]);
        auto tmp1068 = static_cast<float>(in_ptr2[831352 + x1 + 952320*x2]);
        auto tmp1082 = static_cast<float>(in_ptr1[14304 + x0 + 16384*x2]);
        auto tmp1085 = static_cast<float>(in_ptr2[833212 + x1 + 952320*x2]);
        auto tmp1099 = static_cast<float>(in_ptr1[14336 + x0 + 16384*x2]);
        auto tmp1102 = static_cast<float>(in_ptr2[835072 + x1 + 952320*x2]);
        auto tmp1116 = static_cast<float>(in_ptr1[14368 + x0 + 16384*x2]);
        auto tmp1119 = static_cast<float>(in_ptr2[836932 + x1 + 952320*x2]);
        auto tmp1133 = static_cast<float>(in_ptr1[14400 + x0 + 16384*x2]);
        auto tmp1136 = static_cast<float>(in_ptr2[838792 + x1 + 952320*x2]);
        auto tmp1150 = static_cast<float>(in_ptr1[14432 + x0 + 16384*x2]);
        auto tmp1153 = static_cast<float>(in_ptr2[840652 + x1 + 952320*x2]);
        auto tmp1167 = static_cast<float>(in_ptr1[14464 + x0 + 16384*x2]);
        auto tmp1170 = static_cast<float>(in_ptr2[842512 + x1 + 952320*x2]);
        auto tmp1184 = static_cast<float>(in_ptr1[14496 + x0 + 16384*x2]);
        auto tmp1187 = static_cast<float>(in_ptr2[844372 + x1 + 952320*x2]);
        auto tmp1201 = static_cast<float>(in_ptr1[14528 + x0 + 16384*x2]);
        auto tmp1204 = static_cast<float>(in_ptr2[846232 + x1 + 952320*x2]);
        auto tmp1218 = static_cast<float>(in_ptr1[14560 + x0 + 16384*x2]);
        auto tmp1221 = static_cast<float>(in_ptr2[848092 + x1 + 952320*x2]);
        auto tmp1235 = static_cast<float>(in_ptr1[14592 + x0 + 16384*x2]);
        auto tmp1238 = static_cast<float>(in_ptr2[849952 + x1 + 952320*x2]);
        auto tmp1252 = static_cast<float>(in_ptr1[14624 + x0 + 16384*x2]);
        auto tmp1255 = static_cast<float>(in_ptr2[851812 + x1 + 952320*x2]);
        auto tmp1269 = static_cast<float>(in_ptr1[14656 + x0 + 16384*x2]);
        auto tmp1272 = static_cast<float>(in_ptr2[853672 + x1 + 952320*x2]);
        auto tmp1286 = static_cast<float>(in_ptr1[14688 + x0 + 16384*x2]);
        auto tmp1289 = static_cast<float>(in_ptr2[855532 + x1 + 952320*x2]);
        auto tmp1303 = static_cast<float>(in_ptr1[14720 + x0 + 16384*x2]);
        auto tmp1306 = static_cast<float>(in_ptr2[857392 + x1 + 952320*x2]);
        auto tmp1320 = static_cast<float>(in_ptr1[14752 + x0 + 16384*x2]);
        auto tmp1323 = static_cast<float>(in_ptr2[859252 + x1 + 952320*x2]);
        auto tmp1337 = static_cast<float>(in_ptr1[14784 + x0 + 16384*x2]);
        auto tmp1340 = static_cast<float>(in_ptr2[861112 + x1 + 952320*x2]);
        auto tmp1354 = static_cast<float>(in_ptr1[14816 + x0 + 16384*x2]);
        auto tmp1357 = static_cast<float>(in_ptr2[862972 + x1 + 952320*x2]);
        auto tmp1371 = static_cast<float>(in_ptr1[14848 + x0 + 16384*x2]);
        auto tmp1374 = static_cast<float>(in_ptr2[864832 + x1 + 952320*x2]);
        auto tmp1388 = static_cast<float>(in_ptr1[14880 + x0 + 16384*x2]);
        auto tmp1391 = static_cast<float>(in_ptr2[866692 + x1 + 952320*x2]);
        auto tmp1405 = static_cast<float>(in_ptr1[14912 + x0 + 16384*x2]);
        auto tmp1408 = static_cast<float>(in_ptr2[868552 + x1 + 952320*x2]);
        auto tmp1422 = static_cast<float>(in_ptr1[14944 + x0 + 16384*x2]);
        auto tmp1425 = static_cast<float>(in_ptr2[870412 + x1 + 952320*x2]);
        auto tmp1439 = static_cast<float>(in_ptr1[14976 + x0 + 16384*x2]);
        auto tmp1442 = static_cast<float>(in_ptr2[872272 + x1 + 952320*x2]);
        auto tmp1456 = static_cast<float>(in_ptr1[15008 + x0 + 16384*x2]);
        auto tmp1459 = static_cast<float>(in_ptr2[874132 + x1 + 952320*x2]);
        auto tmp1473 = static_cast<float>(in_ptr1[15040 + x0 + 16384*x2]);
        auto tmp1476 = static_cast<float>(in_ptr2[875992 + x1 + 952320*x2]);
        auto tmp1490 = static_cast<float>(in_ptr1[15072 + x0 + 16384*x2]);
        auto tmp1493 = static_cast<float>(in_ptr2[877852 + x1 + 952320*x2]);
        auto tmp1507 = static_cast<float>(in_ptr1[15104 + x0 + 16384*x2]);
        auto tmp1510 = static_cast<float>(in_ptr2[879712 + x1 + 952320*x2]);
        auto tmp1524 = static_cast<float>(in_ptr1[15136 + x0 + 16384*x2]);
        auto tmp1527 = static_cast<float>(in_ptr2[881572 + x1 + 952320*x2]);
        auto tmp1541 = static_cast<float>(in_ptr1[15168 + x0 + 16384*x2]);
        auto tmp1544 = static_cast<float>(in_ptr2[883432 + x1 + 952320*x2]);
        auto tmp1558 = static_cast<float>(in_ptr1[15200 + x0 + 16384*x2]);
        auto tmp1561 = static_cast<float>(in_ptr2[885292 + x1 + 952320*x2]);
        auto tmp1575 = static_cast<float>(in_ptr1[15232 + x0 + 16384*x2]);
        auto tmp1578 = static_cast<float>(in_ptr2[887152 + x1 + 952320*x2]);
        auto tmp1592 = static_cast<float>(in_ptr1[15264 + x0 + 16384*x2]);
        auto tmp1595 = static_cast<float>(in_ptr2[889012 + x1 + 952320*x2]);
        auto tmp1609 = static_cast<float>(in_ptr1[15296 + x0 + 16384*x2]);
        auto tmp1612 = static_cast<float>(in_ptr2[890872 + x1 + 952320*x2]);
        auto tmp1626 = static_cast<float>(in_ptr1[15328 + x0 + 16384*x2]);
        auto tmp1629 = static_cast<float>(in_ptr2[892732 + x1 + 952320*x2]);
        auto tmp1643 = static_cast<float>(in_ptr1[15360 + x0 + 16384*x2]);
        auto tmp1646 = static_cast<float>(in_ptr2[894592 + x1 + 952320*x2]);
        auto tmp1660 = static_cast<float>(in_ptr1[15392 + x0 + 16384*x2]);
        auto tmp1663 = static_cast<float>(in_ptr2[896452 + x1 + 952320*x2]);
        auto tmp1677 = static_cast<float>(in_ptr1[15424 + x0 + 16384*x2]);
        auto tmp1680 = static_cast<float>(in_ptr2[898312 + x1 + 952320*x2]);
        auto tmp1694 = static_cast<float>(in_ptr1[15456 + x0 + 16384*x2]);
        auto tmp1697 = static_cast<float>(in_ptr2[900172 + x1 + 952320*x2]);
        auto tmp1711 = static_cast<float>(in_ptr1[15488 + x0 + 16384*x2]);
        auto tmp1714 = static_cast<float>(in_ptr2[902032 + x1 + 952320*x2]);
        auto tmp1728 = static_cast<float>(in_ptr1[15520 + x0 + 16384*x2]);
        auto tmp1731 = static_cast<float>(in_ptr2[903892 + x1 + 952320*x2]);
        auto tmp1745 = static_cast<float>(in_ptr1[15552 + x0 + 16384*x2]);
        auto tmp1748 = static_cast<float>(in_ptr2[905752 + x1 + 952320*x2]);
        auto tmp1762 = static_cast<float>(in_ptr1[15584 + x0 + 16384*x2]);
        auto tmp1765 = static_cast<float>(in_ptr2[907612 + x1 + 952320*x2]);
        auto tmp1779 = static_cast<float>(in_ptr1[15616 + x0 + 16384*x2]);
        auto tmp1782 = static_cast<float>(in_ptr2[909472 + x1 + 952320*x2]);
        auto tmp1796 = static_cast<float>(in_ptr1[15648 + x0 + 16384*x2]);
        auto tmp1799 = static_cast<float>(in_ptr2[911332 + x1 + 952320*x2]);
        auto tmp1813 = static_cast<float>(in_ptr1[15680 + x0 + 16384*x2]);
        auto tmp1816 = static_cast<float>(in_ptr2[913192 + x1 + 952320*x2]);
        auto tmp1830 = static_cast<float>(in_ptr1[15712 + x0 + 16384*x2]);
        auto tmp1833 = static_cast<float>(in_ptr2[915052 + x1 + 952320*x2]);
        auto tmp1847 = static_cast<float>(in_ptr1[15744 + x0 + 16384*x2]);
        auto tmp1850 = static_cast<float>(in_ptr2[916912 + x1 + 952320*x2]);
        auto tmp1864 = static_cast<float>(in_ptr1[15776 + x0 + 16384*x2]);
        auto tmp1867 = static_cast<float>(in_ptr2[918772 + x1 + 952320*x2]);
        auto tmp1881 = static_cast<float>(in_ptr1[15808 + x0 + 16384*x2]);
        auto tmp1884 = static_cast<float>(in_ptr2[920632 + x1 + 952320*x2]);
        auto tmp1898 = static_cast<float>(in_ptr1[15840 + x0 + 16384*x2]);
        auto tmp1901 = static_cast<float>(in_ptr2[922492 + x1 + 952320*x2]);
        auto tmp1915 = static_cast<float>(in_ptr1[15872 + x0 + 16384*x2]);
        auto tmp1918 = static_cast<float>(in_ptr2[924352 + x1 + 952320*x2]);
        auto tmp1932 = static_cast<float>(in_ptr1[15904 + x0 + 16384*x2]);
        auto tmp1935 = static_cast<float>(in_ptr2[926212 + x1 + 952320*x2]);
        auto tmp1949 = static_cast<float>(in_ptr1[15936 + x0 + 16384*x2]);
        auto tmp1952 = static_cast<float>(in_ptr2[928072 + x1 + 952320*x2]);
        auto tmp1966 = static_cast<float>(in_ptr1[15968 + x0 + 16384*x2]);
        auto tmp1969 = static_cast<float>(in_ptr2[929932 + x1 + 952320*x2]);
        auto tmp1983 = static_cast<float>(in_ptr1[16000 + x0 + 16384*x2]);
        auto tmp1986 = static_cast<float>(in_ptr2[931792 + x1 + 952320*x2]);
        auto tmp2000 = static_cast<float>(in_ptr1[16032 + x0 + 16384*x2]);
        auto tmp2003 = static_cast<float>(in_ptr2[933652 + x1 + 952320*x2]);
        auto tmp2017 = static_cast<float>(in_ptr1[16064 + x0 + 16384*x2]);
        auto tmp2020 = static_cast<float>(in_ptr2[935512 + x1 + 952320*x2]);
        auto tmp2034 = static_cast<float>(in_ptr1[16096 + x0 + 16384*x2]);
        auto tmp2037 = static_cast<float>(in_ptr2[937372 + x1 + 952320*x2]);
        auto tmp2051 = static_cast<float>(in_ptr1[16128 + x0 + 16384*x2]);
        auto tmp2054 = static_cast<float>(in_ptr2[939232 + x1 + 952320*x2]);
        auto tmp2068 = static_cast<float>(in_ptr1[16160 + x0 + 16384*x2]);
        auto tmp2071 = static_cast<float>(in_ptr2[941092 + x1 + 952320*x2]);
        auto tmp2085 = static_cast<float>(in_ptr1[16192 + x0 + 16384*x2]);
        auto tmp2088 = static_cast<float>(in_ptr2[942952 + x1 + 952320*x2]);
        auto tmp2102 = static_cast<float>(in_ptr1[16224 + x0 + 16384*x2]);
        auto tmp2105 = static_cast<float>(in_ptr2[944812 + x1 + 952320*x2]);
        auto tmp2119 = static_cast<float>(in_ptr1[16256 + x0 + 16384*x2]);
        auto tmp2122 = static_cast<float>(in_ptr2[946672 + x1 + 952320*x2]);
        auto tmp2136 = static_cast<float>(in_ptr1[16288 + x0 + 16384*x2]);
        auto tmp2139 = static_cast<float>(in_ptr2[948532 + x1 + 952320*x2]);
        auto tmp2153 = static_cast<float>(in_ptr1[16320 + x0 + 16384*x2]);
        auto tmp2156 = static_cast<float>(in_ptr2[950392 + x1 + 952320*x2]);
        auto tmp2170 = static_cast<float>(in_ptr1[16352 + x0 + 16384*x2]);
        auto tmp2173 = static_cast<float>(in_ptr2[952252 + x1 + 952320*x2]);
        auto tmp1 = 0.15915494309189535;
        auto tmp2 = tmp0 * tmp1;
        auto tmp3 = metal::floor(tmp2);
        auto tmp4 = 6.283185307179586;
        auto tmp5 = tmp3 * tmp4;
        auto tmp6 = tmp0 - tmp5;
        auto tmp8 = 3.141592653589793;
        auto tmp9 = tmp7 * tmp8;
        auto tmp10 = static_cast<float>(tmp9);
        auto tmp12 = static_cast<float>(tmp11);
        auto tmp14 = tmp12 + tmp13;
        auto tmp15 = 20.0;
        auto tmp16 = tmp14 > tmp15;
        auto tmp17 = metal::precise::exp(tmp14);
        auto tmp18 = 1;
        auto tmp19 = tmp17 + tmp18;
        auto tmp20 = metal::precise::log(tmp19);
        auto tmp21 = tmp16 ? tmp14 : static_cast<decltype(tmp14)>(tmp20);
        auto tmp22 = tmp10 * tmp21;
        auto tmp23 = tmp6 + tmp22;
        auto tmp24 = tmp23 * tmp1;
        auto tmp25 = metal::floor(tmp24);
        auto tmp26 = tmp25 * tmp4;
        auto tmp27 = tmp23 - tmp26;
        auto tmp29 = tmp28 * tmp8;
        auto tmp30 = static_cast<float>(tmp29);
        auto tmp32 = static_cast<float>(tmp31);
        auto tmp33 = tmp32 + tmp13;
        auto tmp34 = tmp33 > tmp15;
        auto tmp35 = metal::precise::exp(tmp33);
        auto tmp36 = tmp35 + tmp18;
        auto tmp37 = metal::precise::log(tmp36);
        auto tmp38 = tmp34 ? tmp33 : static_cast<decltype(tmp33)>(tmp37);
        auto tmp39 = tmp30 * tmp38;
        auto tmp40 = tmp27 + tmp39;
        auto tmp41 = tmp40 * tmp1;
        auto tmp42 = metal::floor(tmp41);
        auto tmp43 = tmp42 * tmp4;
        auto tmp44 = tmp40 - tmp43;
        auto tmp46 = tmp45 * tmp8;
        auto tmp47 = static_cast<float>(tmp46);
        auto tmp49 = static_cast<float>(tmp48);
        auto tmp50 = tmp49 + tmp13;
        auto tmp51 = tmp50 > tmp15;
        auto tmp52 = metal::precise::exp(tmp50);
        auto tmp53 = tmp52 + tmp18;
        auto tmp54 = metal::precise::log(tmp53);
        auto tmp55 = tmp51 ? tmp50 : static_cast<decltype(tmp50)>(tmp54);
        auto tmp56 = tmp47 * tmp55;
        auto tmp57 = tmp44 + tmp56;
        auto tmp58 = tmp57 * tmp1;
        auto tmp59 = metal::floor(tmp58);
        auto tmp60 = tmp59 * tmp4;
        auto tmp61 = tmp57 - tmp60;
        auto tmp63 = tmp62 * tmp8;
        auto tmp64 = static_cast<float>(tmp63);
        auto tmp66 = static_cast<float>(tmp65);
        auto tmp67 = tmp66 + tmp13;
        auto tmp68 = tmp67 > tmp15;
        auto tmp69 = metal::precise::exp(tmp67);
        auto tmp70 = tmp69 + tmp18;
        auto tmp71 = metal::precise::log(tmp70);
        auto tmp72 = tmp68 ? tmp67 : static_cast<decltype(tmp67)>(tmp71);
        auto tmp73 = tmp64 * tmp72;
        auto tmp74 = tmp61 + tmp73;
        auto tmp75 = tmp74 * tmp1;
        auto tmp76 = metal::floor(tmp75);
        auto tmp77 = tmp76 * tmp4;
        auto tmp78 = tmp74 - tmp77;
        auto tmp80 = tmp79 * tmp8;
        auto tmp81 = static_cast<float>(tmp80);
        auto tmp83 = static_cast<float>(tmp82);
        auto tmp84 = tmp83 + tmp13;
        auto tmp85 = tmp84 > tmp15;
        auto tmp86 = metal::precise::exp(tmp84);
        auto tmp87 = tmp86 + tmp18;
        auto tmp88 = metal::precise::log(tmp87);
        auto tmp89 = tmp85 ? tmp84 : static_cast<decltype(tmp84)>(tmp88);
        auto tmp90 = tmp81 * tmp89;
        auto tmp91 = tmp78 + tmp90;
        auto tmp92 = tmp91 * tmp1;
        auto tmp93 = metal::floor(tmp92);
        auto tmp94 = tmp93 * tmp4;
        auto tmp95 = tmp91 - tmp94;
        auto tmp97 = tmp96 * tmp8;
        auto tmp98 = static_cast<float>(tmp97);
        auto tmp100 = static_cast<float>(tmp99);
        auto tmp101 = tmp100 + tmp13;
        auto tmp102 = tmp101 > tmp15;
        auto tmp103 = metal::precise::exp(tmp101);
        auto tmp104 = tmp103 + tmp18;
        auto tmp105 = metal::precise::log(tmp104);
        auto tmp106 = tmp102 ? tmp101 : static_cast<decltype(tmp101)>(tmp105);
        auto tmp107 = tmp98 * tmp106;
        auto tmp108 = tmp95 + tmp107;
        auto tmp109 = tmp108 * tmp1;
        auto tmp110 = metal::floor(tmp109);
        auto tmp111 = tmp110 * tmp4;
        auto tmp112 = tmp108 - tmp111;
        auto tmp114 = tmp113 * tmp8;
        auto tmp115 = static_cast<float>(tmp114);
        auto tmp117 = static_cast<float>(tmp116);
        auto tmp118 = tmp117 + tmp13;
        auto tmp119 = tmp118 > tmp15;
        auto tmp120 = metal::precise::exp(tmp118);
        auto tmp121 = tmp120 + tmp18;
        auto tmp122 = metal::precise::log(tmp121);
        auto tmp123 = tmp119 ? tmp118 : static_cast<decltype(tmp118)>(tmp122);
        auto tmp124 = tmp115 * tmp123;
        auto tmp125 = tmp112 + tmp124;
        auto tmp126 = tmp125 * tmp1;
        auto tmp127 = metal::floor(tmp126);
        auto tmp128 = tmp127 * tmp4;
        auto tmp129 = tmp125 - tmp128;
        auto tmp131 = tmp130 * tmp8;
        auto tmp132 = static_cast<float>(tmp131);
        auto tmp134 = static_cast<float>(tmp133);
        auto tmp135 = tmp134 + tmp13;
        auto tmp136 = tmp135 > tmp15;
        auto tmp137 = metal::precise::exp(tmp135);
        auto tmp138 = tmp137 + tmp18;
        auto tmp139 = metal::precise::log(tmp138);
        auto tmp140 = tmp136 ? tmp135 : static_cast<decltype(tmp135)>(tmp139);
        auto tmp141 = tmp132 * tmp140;
        auto tmp142 = tmp129 + tmp141;
        auto tmp143 = tmp142 * tmp1;
        auto tmp144 = metal::floor(tmp143);
        auto tmp145 = tmp144 * tmp4;
        auto tmp146 = tmp142 - tmp145;
        auto tmp148 = tmp147 * tmp8;
        auto tmp149 = static_cast<float>(tmp148);
        auto tmp151 = static_cast<float>(tmp150);
        auto tmp152 = tmp151 + tmp13;
        auto tmp153 = tmp152 > tmp15;
        auto tmp154 = metal::precise::exp(tmp152);
        auto tmp155 = tmp154 + tmp18;
        auto tmp156 = metal::precise::log(tmp155);
        auto tmp157 = tmp153 ? tmp152 : static_cast<decltype(tmp152)>(tmp156);
        auto tmp158 = tmp149 * tmp157;
        auto tmp159 = tmp146 + tmp158;
        auto tmp160 = tmp159 * tmp1;
        auto tmp161 = metal::floor(tmp160);
        auto tmp162 = tmp161 * tmp4;
        auto tmp163 = tmp159 - tmp162;
        auto tmp165 = tmp164 * tmp8;
        auto tmp166 = static_cast<float>(tmp165);
        auto tmp168 = static_cast<float>(tmp167);
        auto tmp169 = tmp168 + tmp13;
        auto tmp170 = tmp169 > tmp15;
        auto tmp171 = metal::precise::exp(tmp169);
        auto tmp172 = tmp171 + tmp18;
        auto tmp173 = metal::precise::log(tmp172);
        auto tmp174 = tmp170 ? tmp169 : static_cast<decltype(tmp169)>(tmp173);
        auto tmp175 = tmp166 * tmp174;
        auto tmp176 = tmp163 + tmp175;
        auto tmp177 = tmp176 * tmp1;
        auto tmp178 = metal::floor(tmp177);
        auto tmp179 = tmp178 * tmp4;
        auto tmp180 = tmp176 - tmp179;
        auto tmp182 = tmp181 * tmp8;
        auto tmp183 = static_cast<float>(tmp182);
        auto tmp185 = static_cast<float>(tmp184);
        auto tmp186 = tmp185 + tmp13;
        auto tmp187 = tmp186 > tmp15;
        auto tmp188 = metal::precise::exp(tmp186);
        auto tmp189 = tmp188 + tmp18;
        auto tmp190 = metal::precise::log(tmp189);
        auto tmp191 = tmp187 ? tmp186 : static_cast<decltype(tmp186)>(tmp190);
        auto tmp192 = tmp183 * tmp191;
        auto tmp193 = tmp180 + tmp192;
        auto tmp194 = tmp193 * tmp1;
        auto tmp195 = metal::floor(tmp194);
        auto tmp196 = tmp195 * tmp4;
        auto tmp197 = tmp193 - tmp196;
        auto tmp199 = tmp198 * tmp8;
        auto tmp200 = static_cast<float>(tmp199);
        auto tmp202 = static_cast<float>(tmp201);
        auto tmp203 = tmp202 + tmp13;
        auto tmp204 = tmp203 > tmp15;
        auto tmp205 = metal::precise::exp(tmp203);
        auto tmp206 = tmp205 + tmp18;
        auto tmp207 = metal::precise::log(tmp206);
        auto tmp208 = tmp204 ? tmp203 : static_cast<decltype(tmp203)>(tmp207);
        auto tmp209 = tmp200 * tmp208;
        auto tmp210 = tmp197 + tmp209;
        auto tmp211 = tmp210 * tmp1;
        auto tmp212 = metal::floor(tmp211);
        auto tmp213 = tmp212 * tmp4;
        auto tmp214 = tmp210 - tmp213;
        auto tmp216 = tmp215 * tmp8;
        auto tmp217 = static_cast<float>(tmp216);
        auto tmp219 = static_cast<float>(tmp218);
        auto tmp220 = tmp219 + tmp13;
        auto tmp221 = tmp220 > tmp15;
        auto tmp222 = metal::precise::exp(tmp220);
        auto tmp223 = tmp222 + tmp18;
        auto tmp224 = metal::precise::log(tmp223);
        auto tmp225 = tmp221 ? tmp220 : static_cast<decltype(tmp220)>(tmp224);
        auto tmp226 = tmp217 * tmp225;
        auto tmp227 = tmp214 + tmp226;
        auto tmp228 = tmp227 * tmp1;
        auto tmp229 = metal::floor(tmp228);
        auto tmp230 = tmp229 * tmp4;
        auto tmp231 = tmp227 - tmp230;
        auto tmp233 = tmp232 * tmp8;
        auto tmp234 = static_cast<float>(tmp233);
        auto tmp236 = static_cast<float>(tmp235);
        auto tmp237 = tmp236 + tmp13;
        auto tmp238 = tmp237 > tmp15;
        auto tmp239 = metal::precise::exp(tmp237);
        auto tmp240 = tmp239 + tmp18;
        auto tmp241 = metal::precise::log(tmp240);
        auto tmp242 = tmp238 ? tmp237 : static_cast<decltype(tmp237)>(tmp241);
        auto tmp243 = tmp234 * tmp242;
        auto tmp244 = tmp231 + tmp243;
        auto tmp245 = tmp244 * tmp1;
        auto tmp246 = metal::floor(tmp245);
        auto tmp247 = tmp246 * tmp4;
        auto tmp248 = tmp244 - tmp247;
        auto tmp250 = tmp249 * tmp8;
        auto tmp251 = static_cast<float>(tmp250);
        auto tmp253 = static_cast<float>(tmp252);
        auto tmp254 = tmp253 + tmp13;
        auto tmp255 = tmp254 > tmp15;
        auto tmp256 = metal::precise::exp(tmp254);
        auto tmp257 = tmp256 + tmp18;
        auto tmp258 = metal::precise::log(tmp257);
        auto tmp259 = tmp255 ? tmp254 : static_cast<decltype(tmp254)>(tmp258);
        auto tmp260 = tmp251 * tmp259;
        auto tmp261 = tmp248 + tmp260;
        auto tmp262 = tmp261 * tmp1;
        auto tmp263 = metal::floor(tmp262);
        auto tmp264 = tmp263 * tmp4;
        auto tmp265 = tmp261 - tmp264;
        auto tmp267 = tmp266 * tmp8;
        auto tmp268 = static_cast<float>(tmp267);
        auto tmp270 = static_cast<float>(tmp269);
        auto tmp271 = tmp270 + tmp13;
        auto tmp272 = tmp271 > tmp15;
        auto tmp273 = metal::precise::exp(tmp271);
        auto tmp274 = tmp273 + tmp18;
        auto tmp275 = metal::precise::log(tmp274);
        auto tmp276 = tmp272 ? tmp271 : static_cast<decltype(tmp271)>(tmp275);
        auto tmp277 = tmp268 * tmp276;
        auto tmp278 = tmp265 + tmp277;
        auto tmp279 = tmp278 * tmp1;
        auto tmp280 = metal::floor(tmp279);
        auto tmp281 = tmp280 * tmp4;
        auto tmp282 = tmp278 - tmp281;
        auto tmp284 = tmp283 * tmp8;
        auto tmp285 = static_cast<float>(tmp284);
        auto tmp287 = static_cast<float>(tmp286);
        auto tmp288 = tmp287 + tmp13;
        auto tmp289 = tmp288 > tmp15;
        auto tmp290 = metal::precise::exp(tmp288);
        auto tmp291 = tmp290 + tmp18;
        auto tmp292 = metal::precise::log(tmp291);
        auto tmp293 = tmp289 ? tmp288 : static_cast<decltype(tmp288)>(tmp292);
        auto tmp294 = tmp285 * tmp293;
        auto tmp295 = tmp282 + tmp294;
        auto tmp296 = tmp295 * tmp1;
        auto tmp297 = metal::floor(tmp296);
        auto tmp298 = tmp297 * tmp4;
        auto tmp299 = tmp295 - tmp298;
        auto tmp301 = tmp300 * tmp8;
        auto tmp302 = static_cast<float>(tmp301);
        auto tmp304 = static_cast<float>(tmp303);
        auto tmp305 = tmp304 + tmp13;
        auto tmp306 = tmp305 > tmp15;
        auto tmp307 = metal::precise::exp(tmp305);
        auto tmp308 = tmp307 + tmp18;
        auto tmp309 = metal::precise::log(tmp308);
        auto tmp310 = tmp306 ? tmp305 : static_cast<decltype(tmp305)>(tmp309);
        auto tmp311 = tmp302 * tmp310;
        auto tmp312 = tmp299 + tmp311;
        auto tmp313 = tmp312 * tmp1;
        auto tmp314 = metal::floor(tmp313);
        auto tmp315 = tmp314 * tmp4;
        auto tmp316 = tmp312 - tmp315;
        auto tmp318 = tmp317 * tmp8;
        auto tmp319 = static_cast<float>(tmp318);
        auto tmp321 = static_cast<float>(tmp320);
        auto tmp322 = tmp321 + tmp13;
        auto tmp323 = tmp322 > tmp15;
        auto tmp324 = metal::precise::exp(tmp322);
        auto tmp325 = tmp324 + tmp18;
        auto tmp326 = metal::precise::log(tmp325);
        auto tmp327 = tmp323 ? tmp322 : static_cast<decltype(tmp322)>(tmp326);
        auto tmp328 = tmp319 * tmp327;
        auto tmp329 = tmp316 + tmp328;
        auto tmp330 = tmp329 * tmp1;
        auto tmp331 = metal::floor(tmp330);
        auto tmp332 = tmp331 * tmp4;
        auto tmp333 = tmp329 - tmp332;
        auto tmp335 = tmp334 * tmp8;
        auto tmp336 = static_cast<float>(tmp335);
        auto tmp338 = static_cast<float>(tmp337);
        auto tmp339 = tmp338 + tmp13;
        auto tmp340 = tmp339 > tmp15;
        auto tmp341 = metal::precise::exp(tmp339);
        auto tmp342 = tmp341 + tmp18;
        auto tmp343 = metal::precise::log(tmp342);
        auto tmp344 = tmp340 ? tmp339 : static_cast<decltype(tmp339)>(tmp343);
        auto tmp345 = tmp336 * tmp344;
        auto tmp346 = tmp333 + tmp345;
        auto tmp347 = tmp346 * tmp1;
        auto tmp348 = metal::floor(tmp347);
        auto tmp349 = tmp348 * tmp4;
        auto tmp350 = tmp346 - tmp349;
        auto tmp352 = tmp351 * tmp8;
        auto tmp353 = static_cast<float>(tmp352);
        auto tmp355 = static_cast<float>(tmp354);
        auto tmp356 = tmp355 + tmp13;
        auto tmp357 = tmp356 > tmp15;
        auto tmp358 = metal::precise::exp(tmp356);
        auto tmp359 = tmp358 + tmp18;
        auto tmp360 = metal::precise::log(tmp359);
        auto tmp361 = tmp357 ? tmp356 : static_cast<decltype(tmp356)>(tmp360);
        auto tmp362 = tmp353 * tmp361;
        auto tmp363 = tmp350 + tmp362;
        auto tmp364 = tmp363 * tmp1;
        auto tmp365 = metal::floor(tmp364);
        auto tmp366 = tmp365 * tmp4;
        auto tmp367 = tmp363 - tmp366;
        auto tmp369 = tmp368 * tmp8;
        auto tmp370 = static_cast<float>(tmp369);
        auto tmp372 = static_cast<float>(tmp371);
        auto tmp373 = tmp372 + tmp13;
        auto tmp374 = tmp373 > tmp15;
        auto tmp375 = metal::precise::exp(tmp373);
        auto tmp376 = tmp375 + tmp18;
        auto tmp377 = metal::precise::log(tmp376);
        auto tmp378 = tmp374 ? tmp373 : static_cast<decltype(tmp373)>(tmp377);
        auto tmp379 = tmp370 * tmp378;
        auto tmp380 = tmp367 + tmp379;
        auto tmp381 = tmp380 * tmp1;
        auto tmp382 = metal::floor(tmp381);
        auto tmp383 = tmp382 * tmp4;
        auto tmp384 = tmp380 - tmp383;
        auto tmp386 = tmp385 * tmp8;
        auto tmp387 = static_cast<float>(tmp386);
        auto tmp389 = static_cast<float>(tmp388);
        auto tmp390 = tmp389 + tmp13;
        auto tmp391 = tmp390 > tmp15;
        auto tmp392 = metal::precise::exp(tmp390);
        auto tmp393 = tmp392 + tmp18;
        auto tmp394 = metal::precise::log(tmp393);
        auto tmp395 = tmp391 ? tmp390 : static_cast<decltype(tmp390)>(tmp394);
        auto tmp396 = tmp387 * tmp395;
        auto tmp397 = tmp384 + tmp396;
        auto tmp398 = tmp397 * tmp1;
        auto tmp399 = metal::floor(tmp398);
        auto tmp400 = tmp399 * tmp4;
        auto tmp401 = tmp397 - tmp400;
        auto tmp403 = tmp402 * tmp8;
        auto tmp404 = static_cast<float>(tmp403);
        auto tmp406 = static_cast<float>(tmp405);
        auto tmp407 = tmp406 + tmp13;
        auto tmp408 = tmp407 > tmp15;
        auto tmp409 = metal::precise::exp(tmp407);
        auto tmp410 = tmp409 + tmp18;
        auto tmp411 = metal::precise::log(tmp410);
        auto tmp412 = tmp408 ? tmp407 : static_cast<decltype(tmp407)>(tmp411);
        auto tmp413 = tmp404 * tmp412;
        auto tmp414 = tmp401 + tmp413;
        auto tmp415 = tmp414 * tmp1;
        auto tmp416 = metal::floor(tmp415);
        auto tmp417 = tmp416 * tmp4;
        auto tmp418 = tmp414 - tmp417;
        auto tmp420 = tmp419 * tmp8;
        auto tmp421 = static_cast<float>(tmp420);
        auto tmp423 = static_cast<float>(tmp422);
        auto tmp424 = tmp423 + tmp13;
        auto tmp425 = tmp424 > tmp15;
        auto tmp426 = metal::precise::exp(tmp424);
        auto tmp427 = tmp426 + tmp18;
        auto tmp428 = metal::precise::log(tmp427);
        auto tmp429 = tmp425 ? tmp424 : static_cast<decltype(tmp424)>(tmp428);
        auto tmp430 = tmp421 * tmp429;
        auto tmp431 = tmp418 + tmp430;
        auto tmp432 = tmp431 * tmp1;
        auto tmp433 = metal::floor(tmp432);
        auto tmp434 = tmp433 * tmp4;
        auto tmp435 = tmp431 - tmp434;
        auto tmp437 = tmp436 * tmp8;
        auto tmp438 = static_cast<float>(tmp437);
        auto tmp440 = static_cast<float>(tmp439);
        auto tmp441 = tmp440 + tmp13;
        auto tmp442 = tmp441 > tmp15;
        auto tmp443 = metal::precise::exp(tmp441);
        auto tmp444 = tmp443 + tmp18;
        auto tmp445 = metal::precise::log(tmp444);
        auto tmp446 = tmp442 ? tmp441 : static_cast<decltype(tmp441)>(tmp445);
        auto tmp447 = tmp438 * tmp446;
        auto tmp448 = tmp435 + tmp447;
        auto tmp449 = tmp448 * tmp1;
        auto tmp450 = metal::floor(tmp449);
        auto tmp451 = tmp450 * tmp4;
        auto tmp452 = tmp448 - tmp451;
        auto tmp454 = tmp453 * tmp8;
        auto tmp455 = static_cast<float>(tmp454);
        auto tmp457 = static_cast<float>(tmp456);
        auto tmp458 = tmp457 + tmp13;
        auto tmp459 = tmp458 > tmp15;
        auto tmp460 = metal::precise::exp(tmp458);
        auto tmp461 = tmp460 + tmp18;
        auto tmp462 = metal::precise::log(tmp461);
        auto tmp463 = tmp459 ? tmp458 : static_cast<decltype(tmp458)>(tmp462);
        auto tmp464 = tmp455 * tmp463;
        auto tmp465 = tmp452 + tmp464;
        auto tmp466 = tmp465 * tmp1;
        auto tmp467 = metal::floor(tmp466);
        auto tmp468 = tmp467 * tmp4;
        auto tmp469 = tmp465 - tmp468;
        auto tmp471 = tmp470 * tmp8;
        auto tmp472 = static_cast<float>(tmp471);
        auto tmp474 = static_cast<float>(tmp473);
        auto tmp475 = tmp474 + tmp13;
        auto tmp476 = tmp475 > tmp15;
        auto tmp477 = metal::precise::exp(tmp475);
        auto tmp478 = tmp477 + tmp18;
        auto tmp479 = metal::precise::log(tmp478);
        auto tmp480 = tmp476 ? tmp475 : static_cast<decltype(tmp475)>(tmp479);
        auto tmp481 = tmp472 * tmp480;
        auto tmp482 = tmp469 + tmp481;
        auto tmp483 = tmp482 * tmp1;
        auto tmp484 = metal::floor(tmp483);
        auto tmp485 = tmp484 * tmp4;
        auto tmp486 = tmp482 - tmp485;
        auto tmp488 = tmp487 * tmp8;
        auto tmp489 = static_cast<float>(tmp488);
        auto tmp491 = static_cast<float>(tmp490);
        auto tmp492 = tmp491 + tmp13;
        auto tmp493 = tmp492 > tmp15;
        auto tmp494 = metal::precise::exp(tmp492);
        auto tmp495 = tmp494 + tmp18;
        auto tmp496 = metal::precise::log(tmp495);
        auto tmp497 = tmp493 ? tmp492 : static_cast<decltype(tmp492)>(tmp496);
        auto tmp498 = tmp489 * tmp497;
        auto tmp499 = tmp486 + tmp498;
        auto tmp500 = tmp499 * tmp1;
        auto tmp501 = metal::floor(tmp500);
        auto tmp502 = tmp501 * tmp4;
        auto tmp503 = tmp499 - tmp502;
        auto tmp505 = tmp504 * tmp8;
        auto tmp506 = static_cast<float>(tmp505);
        auto tmp508 = static_cast<float>(tmp507);
        auto tmp509 = tmp508 + tmp13;
        auto tmp510 = tmp509 > tmp15;
        auto tmp511 = metal::precise::exp(tmp509);
        auto tmp512 = tmp511 + tmp18;
        auto tmp513 = metal::precise::log(tmp512);
        auto tmp514 = tmp510 ? tmp509 : static_cast<decltype(tmp509)>(tmp513);
        auto tmp515 = tmp506 * tmp514;
        auto tmp516 = tmp503 + tmp515;
        auto tmp517 = tmp516 * tmp1;
        auto tmp518 = metal::floor(tmp517);
        auto tmp519 = tmp518 * tmp4;
        auto tmp520 = tmp516 - tmp519;
        auto tmp522 = tmp521 * tmp8;
        auto tmp523 = static_cast<float>(tmp522);
        auto tmp525 = static_cast<float>(tmp524);
        auto tmp526 = tmp525 + tmp13;
        auto tmp527 = tmp526 > tmp15;
        auto tmp528 = metal::precise::exp(tmp526);
        auto tmp529 = tmp528 + tmp18;
        auto tmp530 = metal::precise::log(tmp529);
        auto tmp531 = tmp527 ? tmp526 : static_cast<decltype(tmp526)>(tmp530);
        auto tmp532 = tmp523 * tmp531;
        auto tmp533 = tmp520 + tmp532;
        auto tmp534 = tmp533 * tmp1;
        auto tmp535 = metal::floor(tmp534);
        auto tmp536 = tmp535 * tmp4;
        auto tmp537 = tmp533 - tmp536;
        auto tmp539 = tmp538 * tmp8;
        auto tmp540 = static_cast<float>(tmp539);
        auto tmp542 = static_cast<float>(tmp541);
        auto tmp543 = tmp542 + tmp13;
        auto tmp544 = tmp543 > tmp15;
        auto tmp545 = metal::precise::exp(tmp543);
        auto tmp546 = tmp545 + tmp18;
        auto tmp547 = metal::precise::log(tmp546);
        auto tmp548 = tmp544 ? tmp543 : static_cast<decltype(tmp543)>(tmp547);
        auto tmp549 = tmp540 * tmp548;
        auto tmp550 = tmp537 + tmp549;
        auto tmp551 = tmp550 * tmp1;
        auto tmp552 = metal::floor(tmp551);
        auto tmp553 = tmp552 * tmp4;
        auto tmp554 = tmp550 - tmp553;
        auto tmp556 = tmp555 * tmp8;
        auto tmp557 = static_cast<float>(tmp556);
        auto tmp559 = static_cast<float>(tmp558);
        auto tmp560 = tmp559 + tmp13;
        auto tmp561 = tmp560 > tmp15;
        auto tmp562 = metal::precise::exp(tmp560);
        auto tmp563 = tmp562 + tmp18;
        auto tmp564 = metal::precise::log(tmp563);
        auto tmp565 = tmp561 ? tmp560 : static_cast<decltype(tmp560)>(tmp564);
        auto tmp566 = tmp557 * tmp565;
        auto tmp567 = tmp554 + tmp566;
        auto tmp568 = tmp567 * tmp1;
        auto tmp569 = metal::floor(tmp568);
        auto tmp570 = tmp569 * tmp4;
        auto tmp571 = tmp567 - tmp570;
        auto tmp573 = tmp572 * tmp8;
        auto tmp574 = static_cast<float>(tmp573);
        auto tmp576 = static_cast<float>(tmp575);
        auto tmp577 = tmp576 + tmp13;
        auto tmp578 = tmp577 > tmp15;
        auto tmp579 = metal::precise::exp(tmp577);
        auto tmp580 = tmp579 + tmp18;
        auto tmp581 = metal::precise::log(tmp580);
        auto tmp582 = tmp578 ? tmp577 : static_cast<decltype(tmp577)>(tmp581);
        auto tmp583 = tmp574 * tmp582;
        auto tmp584 = tmp571 + tmp583;
        auto tmp585 = tmp584 * tmp1;
        auto tmp586 = metal::floor(tmp585);
        auto tmp587 = tmp586 * tmp4;
        auto tmp588 = tmp584 - tmp587;
        auto tmp590 = tmp589 * tmp8;
        auto tmp591 = static_cast<float>(tmp590);
        auto tmp593 = static_cast<float>(tmp592);
        auto tmp594 = tmp593 + tmp13;
        auto tmp595 = tmp594 > tmp15;
        auto tmp596 = metal::precise::exp(tmp594);
        auto tmp597 = tmp596 + tmp18;
        auto tmp598 = metal::precise::log(tmp597);
        auto tmp599 = tmp595 ? tmp594 : static_cast<decltype(tmp594)>(tmp598);
        auto tmp600 = tmp591 * tmp599;
        auto tmp601 = tmp588 + tmp600;
        auto tmp602 = tmp601 * tmp1;
        auto tmp603 = metal::floor(tmp602);
        auto tmp604 = tmp603 * tmp4;
        auto tmp605 = tmp601 - tmp604;
        auto tmp607 = tmp606 * tmp8;
        auto tmp608 = static_cast<float>(tmp607);
        auto tmp610 = static_cast<float>(tmp609);
        auto tmp611 = tmp610 + tmp13;
        auto tmp612 = tmp611 > tmp15;
        auto tmp613 = metal::precise::exp(tmp611);
        auto tmp614 = tmp613 + tmp18;
        auto tmp615 = metal::precise::log(tmp614);
        auto tmp616 = tmp612 ? tmp611 : static_cast<decltype(tmp611)>(tmp615);
        auto tmp617 = tmp608 * tmp616;
        auto tmp618 = tmp605 + tmp617;
        auto tmp619 = tmp618 * tmp1;
        auto tmp620 = metal::floor(tmp619);
        auto tmp621 = tmp620 * tmp4;
        auto tmp622 = tmp618 - tmp621;
        auto tmp624 = tmp623 * tmp8;
        auto tmp625 = static_cast<float>(tmp624);
        auto tmp627 = static_cast<float>(tmp626);
        auto tmp628 = tmp627 + tmp13;
        auto tmp629 = tmp628 > tmp15;
        auto tmp630 = metal::precise::exp(tmp628);
        auto tmp631 = tmp630 + tmp18;
        auto tmp632 = metal::precise::log(tmp631);
        auto tmp633 = tmp629 ? tmp628 : static_cast<decltype(tmp628)>(tmp632);
        auto tmp634 = tmp625 * tmp633;
        auto tmp635 = tmp622 + tmp634;
        auto tmp636 = tmp635 * tmp1;
        auto tmp637 = metal::floor(tmp636);
        auto tmp638 = tmp637 * tmp4;
        auto tmp639 = tmp635 - tmp638;
        auto tmp641 = tmp640 * tmp8;
        auto tmp642 = static_cast<float>(tmp641);
        auto tmp644 = static_cast<float>(tmp643);
        auto tmp645 = tmp644 + tmp13;
        auto tmp646 = tmp645 > tmp15;
        auto tmp647 = metal::precise::exp(tmp645);
        auto tmp648 = tmp647 + tmp18;
        auto tmp649 = metal::precise::log(tmp648);
        auto tmp650 = tmp646 ? tmp645 : static_cast<decltype(tmp645)>(tmp649);
        auto tmp651 = tmp642 * tmp650;
        auto tmp652 = tmp639 + tmp651;
        auto tmp653 = tmp652 * tmp1;
        auto tmp654 = metal::floor(tmp653);
        auto tmp655 = tmp654 * tmp4;
        auto tmp656 = tmp652 - tmp655;
        auto tmp658 = tmp657 * tmp8;
        auto tmp659 = static_cast<float>(tmp658);
        auto tmp661 = static_cast<float>(tmp660);
        auto tmp662 = tmp661 + tmp13;
        auto tmp663 = tmp662 > tmp15;
        auto tmp664 = metal::precise::exp(tmp662);
        auto tmp665 = tmp664 + tmp18;
        auto tmp666 = metal::precise::log(tmp665);
        auto tmp667 = tmp663 ? tmp662 : static_cast<decltype(tmp662)>(tmp666);
        auto tmp668 = tmp659 * tmp667;
        auto tmp669 = tmp656 + tmp668;
        auto tmp670 = tmp669 * tmp1;
        auto tmp671 = metal::floor(tmp670);
        auto tmp672 = tmp671 * tmp4;
        auto tmp673 = tmp669 - tmp672;
        auto tmp675 = tmp674 * tmp8;
        auto tmp676 = static_cast<float>(tmp675);
        auto tmp678 = static_cast<float>(tmp677);
        auto tmp679 = tmp678 + tmp13;
        auto tmp680 = tmp679 > tmp15;
        auto tmp681 = metal::precise::exp(tmp679);
        auto tmp682 = tmp681 + tmp18;
        auto tmp683 = metal::precise::log(tmp682);
        auto tmp684 = tmp680 ? tmp679 : static_cast<decltype(tmp679)>(tmp683);
        auto tmp685 = tmp676 * tmp684;
        auto tmp686 = tmp673 + tmp685;
        auto tmp687 = tmp686 * tmp1;
        auto tmp688 = metal::floor(tmp687);
        auto tmp689 = tmp688 * tmp4;
        auto tmp690 = tmp686 - tmp689;
        auto tmp692 = tmp691 * tmp8;
        auto tmp693 = static_cast<float>(tmp692);
        auto tmp695 = static_cast<float>(tmp694);
        auto tmp696 = tmp695 + tmp13;
        auto tmp697 = tmp696 > tmp15;
        auto tmp698 = metal::precise::exp(tmp696);
        auto tmp699 = tmp698 + tmp18;
        auto tmp700 = metal::precise::log(tmp699);
        auto tmp701 = tmp697 ? tmp696 : static_cast<decltype(tmp696)>(tmp700);
        auto tmp702 = tmp693 * tmp701;
        auto tmp703 = tmp690 + tmp702;
        auto tmp704 = tmp703 * tmp1;
        auto tmp705 = metal::floor(tmp704);
        auto tmp706 = tmp705 * tmp4;
        auto tmp707 = tmp703 - tmp706;
        auto tmp709 = tmp708 * tmp8;
        auto tmp710 = static_cast<float>(tmp709);
        auto tmp712 = static_cast<float>(tmp711);
        auto tmp713 = tmp712 + tmp13;
        auto tmp714 = tmp713 > tmp15;
        auto tmp715 = metal::precise::exp(tmp713);
        auto tmp716 = tmp715 + tmp18;
        auto tmp717 = metal::precise::log(tmp716);
        auto tmp718 = tmp714 ? tmp713 : static_cast<decltype(tmp713)>(tmp717);
        auto tmp719 = tmp710 * tmp718;
        auto tmp720 = tmp707 + tmp719;
        auto tmp721 = tmp720 * tmp1;
        auto tmp722 = metal::floor(tmp721);
        auto tmp723 = tmp722 * tmp4;
        auto tmp724 = tmp720 - tmp723;
        auto tmp726 = tmp725 * tmp8;
        auto tmp727 = static_cast<float>(tmp726);
        auto tmp729 = static_cast<float>(tmp728);
        auto tmp730 = tmp729 + tmp13;
        auto tmp731 = tmp730 > tmp15;
        auto tmp732 = metal::precise::exp(tmp730);
        auto tmp733 = tmp732 + tmp18;
        auto tmp734 = metal::precise::log(tmp733);
        auto tmp735 = tmp731 ? tmp730 : static_cast<decltype(tmp730)>(tmp734);
        auto tmp736 = tmp727 * tmp735;
        auto tmp737 = tmp724 + tmp736;
        auto tmp738 = tmp737 * tmp1;
        auto tmp739 = metal::floor(tmp738);
        auto tmp740 = tmp739 * tmp4;
        auto tmp741 = tmp737 - tmp740;
        auto tmp743 = tmp742 * tmp8;
        auto tmp744 = static_cast<float>(tmp743);
        auto tmp746 = static_cast<float>(tmp745);
        auto tmp747 = tmp746 + tmp13;
        auto tmp748 = tmp747 > tmp15;
        auto tmp749 = metal::precise::exp(tmp747);
        auto tmp750 = tmp749 + tmp18;
        auto tmp751 = metal::precise::log(tmp750);
        auto tmp752 = tmp748 ? tmp747 : static_cast<decltype(tmp747)>(tmp751);
        auto tmp753 = tmp744 * tmp752;
        auto tmp754 = tmp741 + tmp753;
        auto tmp755 = tmp754 * tmp1;
        auto tmp756 = metal::floor(tmp755);
        auto tmp757 = tmp756 * tmp4;
        auto tmp758 = tmp754 - tmp757;
        auto tmp760 = tmp759 * tmp8;
        auto tmp761 = static_cast<float>(tmp760);
        auto tmp763 = static_cast<float>(tmp762);
        auto tmp764 = tmp763 + tmp13;
        auto tmp765 = tmp764 > tmp15;
        auto tmp766 = metal::precise::exp(tmp764);
        auto tmp767 = tmp766 + tmp18;
        auto tmp768 = metal::precise::log(tmp767);
        auto tmp769 = tmp765 ? tmp764 : static_cast<decltype(tmp764)>(tmp768);
        auto tmp770 = tmp761 * tmp769;
        auto tmp771 = tmp758 + tmp770;
        auto tmp772 = tmp771 * tmp1;
        auto tmp773 = metal::floor(tmp772);
        auto tmp774 = tmp773 * tmp4;
        auto tmp775 = tmp771 - tmp774;
        auto tmp777 = tmp776 * tmp8;
        auto tmp778 = static_cast<float>(tmp777);
        auto tmp780 = static_cast<float>(tmp779);
        auto tmp781 = tmp780 + tmp13;
        auto tmp782 = tmp781 > tmp15;
        auto tmp783 = metal::precise::exp(tmp781);
        auto tmp784 = tmp783 + tmp18;
        auto tmp785 = metal::precise::log(tmp784);
        auto tmp786 = tmp782 ? tmp781 : static_cast<decltype(tmp781)>(tmp785);
        auto tmp787 = tmp778 * tmp786;
        auto tmp788 = tmp775 + tmp787;
        auto tmp789 = tmp788 * tmp1;
        auto tmp790 = metal::floor(tmp789);
        auto tmp791 = tmp790 * tmp4;
        auto tmp792 = tmp788 - tmp791;
        auto tmp794 = tmp793 * tmp8;
        auto tmp795 = static_cast<float>(tmp794);
        auto tmp797 = static_cast<float>(tmp796);
        auto tmp798 = tmp797 + tmp13;
        auto tmp799 = tmp798 > tmp15;
        auto tmp800 = metal::precise::exp(tmp798);
        auto tmp801 = tmp800 + tmp18;
        auto tmp802 = metal::precise::log(tmp801);
        auto tmp803 = tmp799 ? tmp798 : static_cast<decltype(tmp798)>(tmp802);
        auto tmp804 = tmp795 * tmp803;
        auto tmp805 = tmp792 + tmp804;
        auto tmp806 = tmp805 * tmp1;
        auto tmp807 = metal::floor(tmp806);
        auto tmp808 = tmp807 * tmp4;
        auto tmp809 = tmp805 - tmp808;
        auto tmp811 = tmp810 * tmp8;
        auto tmp812 = static_cast<float>(tmp811);
        auto tmp814 = static_cast<float>(tmp813);
        auto tmp815 = tmp814 + tmp13;
        auto tmp816 = tmp815 > tmp15;
        auto tmp817 = metal::precise::exp(tmp815);
        auto tmp818 = tmp817 + tmp18;
        auto tmp819 = metal::precise::log(tmp818);
        auto tmp820 = tmp816 ? tmp815 : static_cast<decltype(tmp815)>(tmp819);
        auto tmp821 = tmp812 * tmp820;
        auto tmp822 = tmp809 + tmp821;
        auto tmp823 = tmp822 * tmp1;
        auto tmp824 = metal::floor(tmp823);
        auto tmp825 = tmp824 * tmp4;
        auto tmp826 = tmp822 - tmp825;
        auto tmp828 = tmp827 * tmp8;
        auto tmp829 = static_cast<float>(tmp828);
        auto tmp831 = static_cast<float>(tmp830);
        auto tmp832 = tmp831 + tmp13;
        auto tmp833 = tmp832 > tmp15;
        auto tmp834 = metal::precise::exp(tmp832);
        auto tmp835 = tmp834 + tmp18;
        auto tmp836 = metal::precise::log(tmp835);
        auto tmp837 = tmp833 ? tmp832 : static_cast<decltype(tmp832)>(tmp836);
        auto tmp838 = tmp829 * tmp837;
        auto tmp839 = tmp826 + tmp838;
        auto tmp840 = tmp839 * tmp1;
        auto tmp841 = metal::floor(tmp840);
        auto tmp842 = tmp841 * tmp4;
        auto tmp843 = tmp839 - tmp842;
        auto tmp845 = tmp844 * tmp8;
        auto tmp846 = static_cast<float>(tmp845);
        auto tmp848 = static_cast<float>(tmp847);
        auto tmp849 = tmp848 + tmp13;
        auto tmp850 = tmp849 > tmp15;
        auto tmp851 = metal::precise::exp(tmp849);
        auto tmp852 = tmp851 + tmp18;
        auto tmp853 = metal::precise::log(tmp852);
        auto tmp854 = tmp850 ? tmp849 : static_cast<decltype(tmp849)>(tmp853);
        auto tmp855 = tmp846 * tmp854;
        auto tmp856 = tmp843 + tmp855;
        auto tmp857 = tmp856 * tmp1;
        auto tmp858 = metal::floor(tmp857);
        auto tmp859 = tmp858 * tmp4;
        auto tmp860 = tmp856 - tmp859;
        auto tmp862 = tmp861 * tmp8;
        auto tmp863 = static_cast<float>(tmp862);
        auto tmp865 = static_cast<float>(tmp864);
        auto tmp866 = tmp865 + tmp13;
        auto tmp867 = tmp866 > tmp15;
        auto tmp868 = metal::precise::exp(tmp866);
        auto tmp869 = tmp868 + tmp18;
        auto tmp870 = metal::precise::log(tmp869);
        auto tmp871 = tmp867 ? tmp866 : static_cast<decltype(tmp866)>(tmp870);
        auto tmp872 = tmp863 * tmp871;
        auto tmp873 = tmp860 + tmp872;
        auto tmp874 = tmp873 * tmp1;
        auto tmp875 = metal::floor(tmp874);
        auto tmp876 = tmp875 * tmp4;
        auto tmp877 = tmp873 - tmp876;
        auto tmp879 = tmp878 * tmp8;
        auto tmp880 = static_cast<float>(tmp879);
        auto tmp882 = static_cast<float>(tmp881);
        auto tmp883 = tmp882 + tmp13;
        auto tmp884 = tmp883 > tmp15;
        auto tmp885 = metal::precise::exp(tmp883);
        auto tmp886 = tmp885 + tmp18;
        auto tmp887 = metal::precise::log(tmp886);
        auto tmp888 = tmp884 ? tmp883 : static_cast<decltype(tmp883)>(tmp887);
        auto tmp889 = tmp880 * tmp888;
        auto tmp890 = tmp877 + tmp889;
        auto tmp891 = tmp890 * tmp1;
        auto tmp892 = metal::floor(tmp891);
        auto tmp893 = tmp892 * tmp4;
        auto tmp894 = tmp890 - tmp893;
        auto tmp896 = tmp895 * tmp8;
        auto tmp897 = static_cast<float>(tmp896);
        auto tmp899 = static_cast<float>(tmp898);
        auto tmp900 = tmp899 + tmp13;
        auto tmp901 = tmp900 > tmp15;
        auto tmp902 = metal::precise::exp(tmp900);
        auto tmp903 = tmp902 + tmp18;
        auto tmp904 = metal::precise::log(tmp903);
        auto tmp905 = tmp901 ? tmp900 : static_cast<decltype(tmp900)>(tmp904);
        auto tmp906 = tmp897 * tmp905;
        auto tmp907 = tmp894 + tmp906;
        auto tmp908 = tmp907 * tmp1;
        auto tmp909 = metal::floor(tmp908);
        auto tmp910 = tmp909 * tmp4;
        auto tmp911 = tmp907 - tmp910;
        auto tmp913 = tmp912 * tmp8;
        auto tmp914 = static_cast<float>(tmp913);
        auto tmp916 = static_cast<float>(tmp915);
        auto tmp917 = tmp916 + tmp13;
        auto tmp918 = tmp917 > tmp15;
        auto tmp919 = metal::precise::exp(tmp917);
        auto tmp920 = tmp919 + tmp18;
        auto tmp921 = metal::precise::log(tmp920);
        auto tmp922 = tmp918 ? tmp917 : static_cast<decltype(tmp917)>(tmp921);
        auto tmp923 = tmp914 * tmp922;
        auto tmp924 = tmp911 + tmp923;
        auto tmp925 = tmp924 * tmp1;
        auto tmp926 = metal::floor(tmp925);
        auto tmp927 = tmp926 * tmp4;
        auto tmp928 = tmp924 - tmp927;
        auto tmp930 = tmp929 * tmp8;
        auto tmp931 = static_cast<float>(tmp930);
        auto tmp933 = static_cast<float>(tmp932);
        auto tmp934 = tmp933 + tmp13;
        auto tmp935 = tmp934 > tmp15;
        auto tmp936 = metal::precise::exp(tmp934);
        auto tmp937 = tmp936 + tmp18;
        auto tmp938 = metal::precise::log(tmp937);
        auto tmp939 = tmp935 ? tmp934 : static_cast<decltype(tmp934)>(tmp938);
        auto tmp940 = tmp931 * tmp939;
        auto tmp941 = tmp928 + tmp940;
        auto tmp942 = tmp941 * tmp1;
        auto tmp943 = metal::floor(tmp942);
        auto tmp944 = tmp943 * tmp4;
        auto tmp945 = tmp941 - tmp944;
        auto tmp947 = tmp946 * tmp8;
        auto tmp948 = static_cast<float>(tmp947);
        auto tmp950 = static_cast<float>(tmp949);
        auto tmp951 = tmp950 + tmp13;
        auto tmp952 = tmp951 > tmp15;
        auto tmp953 = metal::precise::exp(tmp951);
        auto tmp954 = tmp953 + tmp18;
        auto tmp955 = metal::precise::log(tmp954);
        auto tmp956 = tmp952 ? tmp951 : static_cast<decltype(tmp951)>(tmp955);
        auto tmp957 = tmp948 * tmp956;
        auto tmp958 = tmp945 + tmp957;
        auto tmp959 = tmp958 * tmp1;
        auto tmp960 = metal::floor(tmp959);
        auto tmp961 = tmp960 * tmp4;
        auto tmp962 = tmp958 - tmp961;
        auto tmp964 = tmp963 * tmp8;
        auto tmp965 = static_cast<float>(tmp964);
        auto tmp967 = static_cast<float>(tmp966);
        auto tmp968 = tmp967 + tmp13;
        auto tmp969 = tmp968 > tmp15;
        auto tmp970 = metal::precise::exp(tmp968);
        auto tmp971 = tmp970 + tmp18;
        auto tmp972 = metal::precise::log(tmp971);
        auto tmp973 = tmp969 ? tmp968 : static_cast<decltype(tmp968)>(tmp972);
        auto tmp974 = tmp965 * tmp973;
        auto tmp975 = tmp962 + tmp974;
        auto tmp976 = tmp975 * tmp1;
        auto tmp977 = metal::floor(tmp976);
        auto tmp978 = tmp977 * tmp4;
        auto tmp979 = tmp975 - tmp978;
        auto tmp981 = tmp980 * tmp8;
        auto tmp982 = static_cast<float>(tmp981);
        auto tmp984 = static_cast<float>(tmp983);
        auto tmp985 = tmp984 + tmp13;
        auto tmp986 = tmp985 > tmp15;
        auto tmp987 = metal::precise::exp(tmp985);
        auto tmp988 = tmp987 + tmp18;
        auto tmp989 = metal::precise::log(tmp988);
        auto tmp990 = tmp986 ? tmp985 : static_cast<decltype(tmp985)>(tmp989);
        auto tmp991 = tmp982 * tmp990;
        auto tmp992 = tmp979 + tmp991;
        auto tmp993 = tmp992 * tmp1;
        auto tmp994 = metal::floor(tmp993);
        auto tmp995 = tmp994 * tmp4;
        auto tmp996 = tmp992 - tmp995;
        auto tmp998 = tmp997 * tmp8;
        auto tmp999 = static_cast<float>(tmp998);
        auto tmp1001 = static_cast<float>(tmp1000);
        auto tmp1002 = tmp1001 + tmp13;
        auto tmp1003 = tmp1002 > tmp15;
        auto tmp1004 = metal::precise::exp(tmp1002);
        auto tmp1005 = tmp1004 + tmp18;
        auto tmp1006 = metal::precise::log(tmp1005);
        auto tmp1007 = tmp1003 ? tmp1002 : static_cast<decltype(tmp1002)>(tmp1006);
        auto tmp1008 = tmp999 * tmp1007;
        auto tmp1009 = tmp996 + tmp1008;
        auto tmp1010 = tmp1009 * tmp1;
        auto tmp1011 = metal::floor(tmp1010);
        auto tmp1012 = tmp1011 * tmp4;
        auto tmp1013 = tmp1009 - tmp1012;
        auto tmp1015 = tmp1014 * tmp8;
        auto tmp1016 = static_cast<float>(tmp1015);
        auto tmp1018 = static_cast<float>(tmp1017);
        auto tmp1019 = tmp1018 + tmp13;
        auto tmp1020 = tmp1019 > tmp15;
        auto tmp1021 = metal::precise::exp(tmp1019);
        auto tmp1022 = tmp1021 + tmp18;
        auto tmp1023 = metal::precise::log(tmp1022);
        auto tmp1024 = tmp1020 ? tmp1019 : static_cast<decltype(tmp1019)>(tmp1023);
        auto tmp1025 = tmp1016 * tmp1024;
        auto tmp1026 = tmp1013 + tmp1025;
        auto tmp1027 = tmp1026 * tmp1;
        auto tmp1028 = metal::floor(tmp1027);
        auto tmp1029 = tmp1028 * tmp4;
        auto tmp1030 = tmp1026 - tmp1029;
        auto tmp1032 = tmp1031 * tmp8;
        auto tmp1033 = static_cast<float>(tmp1032);
        auto tmp1035 = static_cast<float>(tmp1034);
        auto tmp1036 = tmp1035 + tmp13;
        auto tmp1037 = tmp1036 > tmp15;
        auto tmp1038 = metal::precise::exp(tmp1036);
        auto tmp1039 = tmp1038 + tmp18;
        auto tmp1040 = metal::precise::log(tmp1039);
        auto tmp1041 = tmp1037 ? tmp1036 : static_cast<decltype(tmp1036)>(tmp1040);
        auto tmp1042 = tmp1033 * tmp1041;
        auto tmp1043 = tmp1030 + tmp1042;
        auto tmp1044 = tmp1043 * tmp1;
        auto tmp1045 = metal::floor(tmp1044);
        auto tmp1046 = tmp1045 * tmp4;
        auto tmp1047 = tmp1043 - tmp1046;
        auto tmp1049 = tmp1048 * tmp8;
        auto tmp1050 = static_cast<float>(tmp1049);
        auto tmp1052 = static_cast<float>(tmp1051);
        auto tmp1053 = tmp1052 + tmp13;
        auto tmp1054 = tmp1053 > tmp15;
        auto tmp1055 = metal::precise::exp(tmp1053);
        auto tmp1056 = tmp1055 + tmp18;
        auto tmp1057 = metal::precise::log(tmp1056);
        auto tmp1058 = tmp1054 ? tmp1053 : static_cast<decltype(tmp1053)>(tmp1057);
        auto tmp1059 = tmp1050 * tmp1058;
        auto tmp1060 = tmp1047 + tmp1059;
        auto tmp1061 = tmp1060 * tmp1;
        auto tmp1062 = metal::floor(tmp1061);
        auto tmp1063 = tmp1062 * tmp4;
        auto tmp1064 = tmp1060 - tmp1063;
        auto tmp1066 = tmp1065 * tmp8;
        auto tmp1067 = static_cast<float>(tmp1066);
        auto tmp1069 = static_cast<float>(tmp1068);
        auto tmp1070 = tmp1069 + tmp13;
        auto tmp1071 = tmp1070 > tmp15;
        auto tmp1072 = metal::precise::exp(tmp1070);
        auto tmp1073 = tmp1072 + tmp18;
        auto tmp1074 = metal::precise::log(tmp1073);
        auto tmp1075 = tmp1071 ? tmp1070 : static_cast<decltype(tmp1070)>(tmp1074);
        auto tmp1076 = tmp1067 * tmp1075;
        auto tmp1077 = tmp1064 + tmp1076;
        auto tmp1078 = tmp1077 * tmp1;
        auto tmp1079 = metal::floor(tmp1078);
        auto tmp1080 = tmp1079 * tmp4;
        auto tmp1081 = tmp1077 - tmp1080;
        auto tmp1083 = tmp1082 * tmp8;
        auto tmp1084 = static_cast<float>(tmp1083);
        auto tmp1086 = static_cast<float>(tmp1085);
        auto tmp1087 = tmp1086 + tmp13;
        auto tmp1088 = tmp1087 > tmp15;
        auto tmp1089 = metal::precise::exp(tmp1087);
        auto tmp1090 = tmp1089 + tmp18;
        auto tmp1091 = metal::precise::log(tmp1090);
        auto tmp1092 = tmp1088 ? tmp1087 : static_cast<decltype(tmp1087)>(tmp1091);
        auto tmp1093 = tmp1084 * tmp1092;
        auto tmp1094 = tmp1081 + tmp1093;
        auto tmp1095 = tmp1094 * tmp1;
        auto tmp1096 = metal::floor(tmp1095);
        auto tmp1097 = tmp1096 * tmp4;
        auto tmp1098 = tmp1094 - tmp1097;
        auto tmp1100 = tmp1099 * tmp8;
        auto tmp1101 = static_cast<float>(tmp1100);
        auto tmp1103 = static_cast<float>(tmp1102);
        auto tmp1104 = tmp1103 + tmp13;
        auto tmp1105 = tmp1104 > tmp15;
        auto tmp1106 = metal::precise::exp(tmp1104);
        auto tmp1107 = tmp1106 + tmp18;
        auto tmp1108 = metal::precise::log(tmp1107);
        auto tmp1109 = tmp1105 ? tmp1104 : static_cast<decltype(tmp1104)>(tmp1108);
        auto tmp1110 = tmp1101 * tmp1109;
        auto tmp1111 = tmp1098 + tmp1110;
        auto tmp1112 = tmp1111 * tmp1;
        auto tmp1113 = metal::floor(tmp1112);
        auto tmp1114 = tmp1113 * tmp4;
        auto tmp1115 = tmp1111 - tmp1114;
        auto tmp1117 = tmp1116 * tmp8;
        auto tmp1118 = static_cast<float>(tmp1117);
        auto tmp1120 = static_cast<float>(tmp1119);
        auto tmp1121 = tmp1120 + tmp13;
        auto tmp1122 = tmp1121 > tmp15;
        auto tmp1123 = metal::precise::exp(tmp1121);
        auto tmp1124 = tmp1123 + tmp18;
        auto tmp1125 = metal::precise::log(tmp1124);
        auto tmp1126 = tmp1122 ? tmp1121 : static_cast<decltype(tmp1121)>(tmp1125);
        auto tmp1127 = tmp1118 * tmp1126;
        auto tmp1128 = tmp1115 + tmp1127;
        auto tmp1129 = tmp1128 * tmp1;
        auto tmp1130 = metal::floor(tmp1129);
        auto tmp1131 = tmp1130 * tmp4;
        auto tmp1132 = tmp1128 - tmp1131;
        auto tmp1134 = tmp1133 * tmp8;
        auto tmp1135 = static_cast<float>(tmp1134);
        auto tmp1137 = static_cast<float>(tmp1136);
        auto tmp1138 = tmp1137 + tmp13;
        auto tmp1139 = tmp1138 > tmp15;
        auto tmp1140 = metal::precise::exp(tmp1138);
        auto tmp1141 = tmp1140 + tmp18;
        auto tmp1142 = metal::precise::log(tmp1141);
        auto tmp1143 = tmp1139 ? tmp1138 : static_cast<decltype(tmp1138)>(tmp1142);
        auto tmp1144 = tmp1135 * tmp1143;
        auto tmp1145 = tmp1132 + tmp1144;
        auto tmp1146 = tmp1145 * tmp1;
        auto tmp1147 = metal::floor(tmp1146);
        auto tmp1148 = tmp1147 * tmp4;
        auto tmp1149 = tmp1145 - tmp1148;
        auto tmp1151 = tmp1150 * tmp8;
        auto tmp1152 = static_cast<float>(tmp1151);
        auto tmp1154 = static_cast<float>(tmp1153);
        auto tmp1155 = tmp1154 + tmp13;
        auto tmp1156 = tmp1155 > tmp15;
        auto tmp1157 = metal::precise::exp(tmp1155);
        auto tmp1158 = tmp1157 + tmp18;
        auto tmp1159 = metal::precise::log(tmp1158);
        auto tmp1160 = tmp1156 ? tmp1155 : static_cast<decltype(tmp1155)>(tmp1159);
        auto tmp1161 = tmp1152 * tmp1160;
        auto tmp1162 = tmp1149 + tmp1161;
        auto tmp1163 = tmp1162 * tmp1;
        auto tmp1164 = metal::floor(tmp1163);
        auto tmp1165 = tmp1164 * tmp4;
        auto tmp1166 = tmp1162 - tmp1165;
        auto tmp1168 = tmp1167 * tmp8;
        auto tmp1169 = static_cast<float>(tmp1168);
        auto tmp1171 = static_cast<float>(tmp1170);
        auto tmp1172 = tmp1171 + tmp13;
        auto tmp1173 = tmp1172 > tmp15;
        auto tmp1174 = metal::precise::exp(tmp1172);
        auto tmp1175 = tmp1174 + tmp18;
        auto tmp1176 = metal::precise::log(tmp1175);
        auto tmp1177 = tmp1173 ? tmp1172 : static_cast<decltype(tmp1172)>(tmp1176);
        auto tmp1178 = tmp1169 * tmp1177;
        auto tmp1179 = tmp1166 + tmp1178;
        auto tmp1180 = tmp1179 * tmp1;
        auto tmp1181 = metal::floor(tmp1180);
        auto tmp1182 = tmp1181 * tmp4;
        auto tmp1183 = tmp1179 - tmp1182;
        auto tmp1185 = tmp1184 * tmp8;
        auto tmp1186 = static_cast<float>(tmp1185);
        auto tmp1188 = static_cast<float>(tmp1187);
        auto tmp1189 = tmp1188 + tmp13;
        auto tmp1190 = tmp1189 > tmp15;
        auto tmp1191 = metal::precise::exp(tmp1189);
        auto tmp1192 = tmp1191 + tmp18;
        auto tmp1193 = metal::precise::log(tmp1192);
        auto tmp1194 = tmp1190 ? tmp1189 : static_cast<decltype(tmp1189)>(tmp1193);
        auto tmp1195 = tmp1186 * tmp1194;
        auto tmp1196 = tmp1183 + tmp1195;
        auto tmp1197 = tmp1196 * tmp1;
        auto tmp1198 = metal::floor(tmp1197);
        auto tmp1199 = tmp1198 * tmp4;
        auto tmp1200 = tmp1196 - tmp1199;
        auto tmp1202 = tmp1201 * tmp8;
        auto tmp1203 = static_cast<float>(tmp1202);
        auto tmp1205 = static_cast<float>(tmp1204);
        auto tmp1206 = tmp1205 + tmp13;
        auto tmp1207 = tmp1206 > tmp15;
        auto tmp1208 = metal::precise::exp(tmp1206);
        auto tmp1209 = tmp1208 + tmp18;
        auto tmp1210 = metal::precise::log(tmp1209);
        auto tmp1211 = tmp1207 ? tmp1206 : static_cast<decltype(tmp1206)>(tmp1210);
        auto tmp1212 = tmp1203 * tmp1211;
        auto tmp1213 = tmp1200 + tmp1212;
        auto tmp1214 = tmp1213 * tmp1;
        auto tmp1215 = metal::floor(tmp1214);
        auto tmp1216 = tmp1215 * tmp4;
        auto tmp1217 = tmp1213 - tmp1216;
        auto tmp1219 = tmp1218 * tmp8;
        auto tmp1220 = static_cast<float>(tmp1219);
        auto tmp1222 = static_cast<float>(tmp1221);
        auto tmp1223 = tmp1222 + tmp13;
        auto tmp1224 = tmp1223 > tmp15;
        auto tmp1225 = metal::precise::exp(tmp1223);
        auto tmp1226 = tmp1225 + tmp18;
        auto tmp1227 = metal::precise::log(tmp1226);
        auto tmp1228 = tmp1224 ? tmp1223 : static_cast<decltype(tmp1223)>(tmp1227);
        auto tmp1229 = tmp1220 * tmp1228;
        auto tmp1230 = tmp1217 + tmp1229;
        auto tmp1231 = tmp1230 * tmp1;
        auto tmp1232 = metal::floor(tmp1231);
        auto tmp1233 = tmp1232 * tmp4;
        auto tmp1234 = tmp1230 - tmp1233;
        auto tmp1236 = tmp1235 * tmp8;
        auto tmp1237 = static_cast<float>(tmp1236);
        auto tmp1239 = static_cast<float>(tmp1238);
        auto tmp1240 = tmp1239 + tmp13;
        auto tmp1241 = tmp1240 > tmp15;
        auto tmp1242 = metal::precise::exp(tmp1240);
        auto tmp1243 = tmp1242 + tmp18;
        auto tmp1244 = metal::precise::log(tmp1243);
        auto tmp1245 = tmp1241 ? tmp1240 : static_cast<decltype(tmp1240)>(tmp1244);
        auto tmp1246 = tmp1237 * tmp1245;
        auto tmp1247 = tmp1234 + tmp1246;
        auto tmp1248 = tmp1247 * tmp1;
        auto tmp1249 = metal::floor(tmp1248);
        auto tmp1250 = tmp1249 * tmp4;
        auto tmp1251 = tmp1247 - tmp1250;
        auto tmp1253 = tmp1252 * tmp8;
        auto tmp1254 = static_cast<float>(tmp1253);
        auto tmp1256 = static_cast<float>(tmp1255);
        auto tmp1257 = tmp1256 + tmp13;
        auto tmp1258 = tmp1257 > tmp15;
        auto tmp1259 = metal::precise::exp(tmp1257);
        auto tmp1260 = tmp1259 + tmp18;
        auto tmp1261 = metal::precise::log(tmp1260);
        auto tmp1262 = tmp1258 ? tmp1257 : static_cast<decltype(tmp1257)>(tmp1261);
        auto tmp1263 = tmp1254 * tmp1262;
        auto tmp1264 = tmp1251 + tmp1263;
        auto tmp1265 = tmp1264 * tmp1;
        auto tmp1266 = metal::floor(tmp1265);
        auto tmp1267 = tmp1266 * tmp4;
        auto tmp1268 = tmp1264 - tmp1267;
        auto tmp1270 = tmp1269 * tmp8;
        auto tmp1271 = static_cast<float>(tmp1270);
        auto tmp1273 = static_cast<float>(tmp1272);
        auto tmp1274 = tmp1273 + tmp13;
        auto tmp1275 = tmp1274 > tmp15;
        auto tmp1276 = metal::precise::exp(tmp1274);
        auto tmp1277 = tmp1276 + tmp18;
        auto tmp1278 = metal::precise::log(tmp1277);
        auto tmp1279 = tmp1275 ? tmp1274 : static_cast<decltype(tmp1274)>(tmp1278);
        auto tmp1280 = tmp1271 * tmp1279;
        auto tmp1281 = tmp1268 + tmp1280;
        auto tmp1282 = tmp1281 * tmp1;
        auto tmp1283 = metal::floor(tmp1282);
        auto tmp1284 = tmp1283 * tmp4;
        auto tmp1285 = tmp1281 - tmp1284;
        auto tmp1287 = tmp1286 * tmp8;
        auto tmp1288 = static_cast<float>(tmp1287);
        auto tmp1290 = static_cast<float>(tmp1289);
        auto tmp1291 = tmp1290 + tmp13;
        auto tmp1292 = tmp1291 > tmp15;
        auto tmp1293 = metal::precise::exp(tmp1291);
        auto tmp1294 = tmp1293 + tmp18;
        auto tmp1295 = metal::precise::log(tmp1294);
        auto tmp1296 = tmp1292 ? tmp1291 : static_cast<decltype(tmp1291)>(tmp1295);
        auto tmp1297 = tmp1288 * tmp1296;
        auto tmp1298 = tmp1285 + tmp1297;
        auto tmp1299 = tmp1298 * tmp1;
        auto tmp1300 = metal::floor(tmp1299);
        auto tmp1301 = tmp1300 * tmp4;
        auto tmp1302 = tmp1298 - tmp1301;
        auto tmp1304 = tmp1303 * tmp8;
        auto tmp1305 = static_cast<float>(tmp1304);
        auto tmp1307 = static_cast<float>(tmp1306);
        auto tmp1308 = tmp1307 + tmp13;
        auto tmp1309 = tmp1308 > tmp15;
        auto tmp1310 = metal::precise::exp(tmp1308);
        auto tmp1311 = tmp1310 + tmp18;
        auto tmp1312 = metal::precise::log(tmp1311);
        auto tmp1313 = tmp1309 ? tmp1308 : static_cast<decltype(tmp1308)>(tmp1312);
        auto tmp1314 = tmp1305 * tmp1313;
        auto tmp1315 = tmp1302 + tmp1314;
        auto tmp1316 = tmp1315 * tmp1;
        auto tmp1317 = metal::floor(tmp1316);
        auto tmp1318 = tmp1317 * tmp4;
        auto tmp1319 = tmp1315 - tmp1318;
        auto tmp1321 = tmp1320 * tmp8;
        auto tmp1322 = static_cast<float>(tmp1321);
        auto tmp1324 = static_cast<float>(tmp1323);
        auto tmp1325 = tmp1324 + tmp13;
        auto tmp1326 = tmp1325 > tmp15;
        auto tmp1327 = metal::precise::exp(tmp1325);
        auto tmp1328 = tmp1327 + tmp18;
        auto tmp1329 = metal::precise::log(tmp1328);
        auto tmp1330 = tmp1326 ? tmp1325 : static_cast<decltype(tmp1325)>(tmp1329);
        auto tmp1331 = tmp1322 * tmp1330;
        auto tmp1332 = tmp1319 + tmp1331;
        auto tmp1333 = tmp1332 * tmp1;
        auto tmp1334 = metal::floor(tmp1333);
        auto tmp1335 = tmp1334 * tmp4;
        auto tmp1336 = tmp1332 - tmp1335;
        auto tmp1338 = tmp1337 * tmp8;
        auto tmp1339 = static_cast<float>(tmp1338);
        auto tmp1341 = static_cast<float>(tmp1340);
        auto tmp1342 = tmp1341 + tmp13;
        auto tmp1343 = tmp1342 > tmp15;
        auto tmp1344 = metal::precise::exp(tmp1342);
        auto tmp1345 = tmp1344 + tmp18;
        auto tmp1346 = metal::precise::log(tmp1345);
        auto tmp1347 = tmp1343 ? tmp1342 : static_cast<decltype(tmp1342)>(tmp1346);
        auto tmp1348 = tmp1339 * tmp1347;
        auto tmp1349 = tmp1336 + tmp1348;
        auto tmp1350 = tmp1349 * tmp1;
        auto tmp1351 = metal::floor(tmp1350);
        auto tmp1352 = tmp1351 * tmp4;
        auto tmp1353 = tmp1349 - tmp1352;
        auto tmp1355 = tmp1354 * tmp8;
        auto tmp1356 = static_cast<float>(tmp1355);
        auto tmp1358 = static_cast<float>(tmp1357);
        auto tmp1359 = tmp1358 + tmp13;
        auto tmp1360 = tmp1359 > tmp15;
        auto tmp1361 = metal::precise::exp(tmp1359);
        auto tmp1362 = tmp1361 + tmp18;
        auto tmp1363 = metal::precise::log(tmp1362);
        auto tmp1364 = tmp1360 ? tmp1359 : static_cast<decltype(tmp1359)>(tmp1363);
        auto tmp1365 = tmp1356 * tmp1364;
        auto tmp1366 = tmp1353 + tmp1365;
        auto tmp1367 = tmp1366 * tmp1;
        auto tmp1368 = metal::floor(tmp1367);
        auto tmp1369 = tmp1368 * tmp4;
        auto tmp1370 = tmp1366 - tmp1369;
        auto tmp1372 = tmp1371 * tmp8;
        auto tmp1373 = static_cast<float>(tmp1372);
        auto tmp1375 = static_cast<float>(tmp1374);
        auto tmp1376 = tmp1375 + tmp13;
        auto tmp1377 = tmp1376 > tmp15;
        auto tmp1378 = metal::precise::exp(tmp1376);
        auto tmp1379 = tmp1378 + tmp18;
        auto tmp1380 = metal::precise::log(tmp1379);
        auto tmp1381 = tmp1377 ? tmp1376 : static_cast<decltype(tmp1376)>(tmp1380);
        auto tmp1382 = tmp1373 * tmp1381;
        auto tmp1383 = tmp1370 + tmp1382;
        auto tmp1384 = tmp1383 * tmp1;
        auto tmp1385 = metal::floor(tmp1384);
        auto tmp1386 = tmp1385 * tmp4;
        auto tmp1387 = tmp1383 - tmp1386;
        auto tmp1389 = tmp1388 * tmp8;
        auto tmp1390 = static_cast<float>(tmp1389);
        auto tmp1392 = static_cast<float>(tmp1391);
        auto tmp1393 = tmp1392 + tmp13;
        auto tmp1394 = tmp1393 > tmp15;
        auto tmp1395 = metal::precise::exp(tmp1393);
        auto tmp1396 = tmp1395 + tmp18;
        auto tmp1397 = metal::precise::log(tmp1396);
        auto tmp1398 = tmp1394 ? tmp1393 : static_cast<decltype(tmp1393)>(tmp1397);
        auto tmp1399 = tmp1390 * tmp1398;
        auto tmp1400 = tmp1387 + tmp1399;
        auto tmp1401 = tmp1400 * tmp1;
        auto tmp1402 = metal::floor(tmp1401);
        auto tmp1403 = tmp1402 * tmp4;
        auto tmp1404 = tmp1400 - tmp1403;
        auto tmp1406 = tmp1405 * tmp8;
        auto tmp1407 = static_cast<float>(tmp1406);
        auto tmp1409 = static_cast<float>(tmp1408);
        auto tmp1410 = tmp1409 + tmp13;
        auto tmp1411 = tmp1410 > tmp15;
        auto tmp1412 = metal::precise::exp(tmp1410);
        auto tmp1413 = tmp1412 + tmp18;
        auto tmp1414 = metal::precise::log(tmp1413);
        auto tmp1415 = tmp1411 ? tmp1410 : static_cast<decltype(tmp1410)>(tmp1414);
        auto tmp1416 = tmp1407 * tmp1415;
        auto tmp1417 = tmp1404 + tmp1416;
        auto tmp1418 = tmp1417 * tmp1;
        auto tmp1419 = metal::floor(tmp1418);
        auto tmp1420 = tmp1419 * tmp4;
        auto tmp1421 = tmp1417 - tmp1420;
        auto tmp1423 = tmp1422 * tmp8;
        auto tmp1424 = static_cast<float>(tmp1423);
        auto tmp1426 = static_cast<float>(tmp1425);
        auto tmp1427 = tmp1426 + tmp13;
        auto tmp1428 = tmp1427 > tmp15;
        auto tmp1429 = metal::precise::exp(tmp1427);
        auto tmp1430 = tmp1429 + tmp18;
        auto tmp1431 = metal::precise::log(tmp1430);
        auto tmp1432 = tmp1428 ? tmp1427 : static_cast<decltype(tmp1427)>(tmp1431);
        auto tmp1433 = tmp1424 * tmp1432;
        auto tmp1434 = tmp1421 + tmp1433;
        auto tmp1435 = tmp1434 * tmp1;
        auto tmp1436 = metal::floor(tmp1435);
        auto tmp1437 = tmp1436 * tmp4;
        auto tmp1438 = tmp1434 - tmp1437;
        auto tmp1440 = tmp1439 * tmp8;
        auto tmp1441 = static_cast<float>(tmp1440);
        auto tmp1443 = static_cast<float>(tmp1442);
        auto tmp1444 = tmp1443 + tmp13;
        auto tmp1445 = tmp1444 > tmp15;
        auto tmp1446 = metal::precise::exp(tmp1444);
        auto tmp1447 = tmp1446 + tmp18;
        auto tmp1448 = metal::precise::log(tmp1447);
        auto tmp1449 = tmp1445 ? tmp1444 : static_cast<decltype(tmp1444)>(tmp1448);
        auto tmp1450 = tmp1441 * tmp1449;
        auto tmp1451 = tmp1438 + tmp1450;
        auto tmp1452 = tmp1451 * tmp1;
        auto tmp1453 = metal::floor(tmp1452);
        auto tmp1454 = tmp1453 * tmp4;
        auto tmp1455 = tmp1451 - tmp1454;
        auto tmp1457 = tmp1456 * tmp8;
        auto tmp1458 = static_cast<float>(tmp1457);
        auto tmp1460 = static_cast<float>(tmp1459);
        auto tmp1461 = tmp1460 + tmp13;
        auto tmp1462 = tmp1461 > tmp15;
        auto tmp1463 = metal::precise::exp(tmp1461);
        auto tmp1464 = tmp1463 + tmp18;
        auto tmp1465 = metal::precise::log(tmp1464);
        auto tmp1466 = tmp1462 ? tmp1461 : static_cast<decltype(tmp1461)>(tmp1465);
        auto tmp1467 = tmp1458 * tmp1466;
        auto tmp1468 = tmp1455 + tmp1467;
        auto tmp1469 = tmp1468 * tmp1;
        auto tmp1470 = metal::floor(tmp1469);
        auto tmp1471 = tmp1470 * tmp4;
        auto tmp1472 = tmp1468 - tmp1471;
        auto tmp1474 = tmp1473 * tmp8;
        auto tmp1475 = static_cast<float>(tmp1474);
        auto tmp1477 = static_cast<float>(tmp1476);
        auto tmp1478 = tmp1477 + tmp13;
        auto tmp1479 = tmp1478 > tmp15;
        auto tmp1480 = metal::precise::exp(tmp1478);
        auto tmp1481 = tmp1480 + tmp18;
        auto tmp1482 = metal::precise::log(tmp1481);
        auto tmp1483 = tmp1479 ? tmp1478 : static_cast<decltype(tmp1478)>(tmp1482);
        auto tmp1484 = tmp1475 * tmp1483;
        auto tmp1485 = tmp1472 + tmp1484;
        auto tmp1486 = tmp1485 * tmp1;
        auto tmp1487 = metal::floor(tmp1486);
        auto tmp1488 = tmp1487 * tmp4;
        auto tmp1489 = tmp1485 - tmp1488;
        auto tmp1491 = tmp1490 * tmp8;
        auto tmp1492 = static_cast<float>(tmp1491);
        auto tmp1494 = static_cast<float>(tmp1493);
        auto tmp1495 = tmp1494 + tmp13;
        auto tmp1496 = tmp1495 > tmp15;
        auto tmp1497 = metal::precise::exp(tmp1495);
        auto tmp1498 = tmp1497 + tmp18;
        auto tmp1499 = metal::precise::log(tmp1498);
        auto tmp1500 = tmp1496 ? tmp1495 : static_cast<decltype(tmp1495)>(tmp1499);
        auto tmp1501 = tmp1492 * tmp1500;
        auto tmp1502 = tmp1489 + tmp1501;
        auto tmp1503 = tmp1502 * tmp1;
        auto tmp1504 = metal::floor(tmp1503);
        auto tmp1505 = tmp1504 * tmp4;
        auto tmp1506 = tmp1502 - tmp1505;
        auto tmp1508 = tmp1507 * tmp8;
        auto tmp1509 = static_cast<float>(tmp1508);
        auto tmp1511 = static_cast<float>(tmp1510);
        auto tmp1512 = tmp1511 + tmp13;
        auto tmp1513 = tmp1512 > tmp15;
        auto tmp1514 = metal::precise::exp(tmp1512);
        auto tmp1515 = tmp1514 + tmp18;
        auto tmp1516 = metal::precise::log(tmp1515);
        auto tmp1517 = tmp1513 ? tmp1512 : static_cast<decltype(tmp1512)>(tmp1516);
        auto tmp1518 = tmp1509 * tmp1517;
        auto tmp1519 = tmp1506 + tmp1518;
        auto tmp1520 = tmp1519 * tmp1;
        auto tmp1521 = metal::floor(tmp1520);
        auto tmp1522 = tmp1521 * tmp4;
        auto tmp1523 = tmp1519 - tmp1522;
        auto tmp1525 = tmp1524 * tmp8;
        auto tmp1526 = static_cast<float>(tmp1525);
        auto tmp1528 = static_cast<float>(tmp1527);
        auto tmp1529 = tmp1528 + tmp13;
        auto tmp1530 = tmp1529 > tmp15;
        auto tmp1531 = metal::precise::exp(tmp1529);
        auto tmp1532 = tmp1531 + tmp18;
        auto tmp1533 = metal::precise::log(tmp1532);
        auto tmp1534 = tmp1530 ? tmp1529 : static_cast<decltype(tmp1529)>(tmp1533);
        auto tmp1535 = tmp1526 * tmp1534;
        auto tmp1536 = tmp1523 + tmp1535;
        auto tmp1537 = tmp1536 * tmp1;
        auto tmp1538 = metal::floor(tmp1537);
        auto tmp1539 = tmp1538 * tmp4;
        auto tmp1540 = tmp1536 - tmp1539;
        auto tmp1542 = tmp1541 * tmp8;
        auto tmp1543 = static_cast<float>(tmp1542);
        auto tmp1545 = static_cast<float>(tmp1544);
        auto tmp1546 = tmp1545 + tmp13;
        auto tmp1547 = tmp1546 > tmp15;
        auto tmp1548 = metal::precise::exp(tmp1546);
        auto tmp1549 = tmp1548 + tmp18;
        auto tmp1550 = metal::precise::log(tmp1549);
        auto tmp1551 = tmp1547 ? tmp1546 : static_cast<decltype(tmp1546)>(tmp1550);
        auto tmp1552 = tmp1543 * tmp1551;
        auto tmp1553 = tmp1540 + tmp1552;
        auto tmp1554 = tmp1553 * tmp1;
        auto tmp1555 = metal::floor(tmp1554);
        auto tmp1556 = tmp1555 * tmp4;
        auto tmp1557 = tmp1553 - tmp1556;
        auto tmp1559 = tmp1558 * tmp8;
        auto tmp1560 = static_cast<float>(tmp1559);
        auto tmp1562 = static_cast<float>(tmp1561);
        auto tmp1563 = tmp1562 + tmp13;
        auto tmp1564 = tmp1563 > tmp15;
        auto tmp1565 = metal::precise::exp(tmp1563);
        auto tmp1566 = tmp1565 + tmp18;
        auto tmp1567 = metal::precise::log(tmp1566);
        auto tmp1568 = tmp1564 ? tmp1563 : static_cast<decltype(tmp1563)>(tmp1567);
        auto tmp1569 = tmp1560 * tmp1568;
        auto tmp1570 = tmp1557 + tmp1569;
        auto tmp1571 = tmp1570 * tmp1;
        auto tmp1572 = metal::floor(tmp1571);
        auto tmp1573 = tmp1572 * tmp4;
        auto tmp1574 = tmp1570 - tmp1573;
        auto tmp1576 = tmp1575 * tmp8;
        auto tmp1577 = static_cast<float>(tmp1576);
        auto tmp1579 = static_cast<float>(tmp1578);
        auto tmp1580 = tmp1579 + tmp13;
        auto tmp1581 = tmp1580 > tmp15;
        auto tmp1582 = metal::precise::exp(tmp1580);
        auto tmp1583 = tmp1582 + tmp18;
        auto tmp1584 = metal::precise::log(tmp1583);
        auto tmp1585 = tmp1581 ? tmp1580 : static_cast<decltype(tmp1580)>(tmp1584);
        auto tmp1586 = tmp1577 * tmp1585;
        auto tmp1587 = tmp1574 + tmp1586;
        auto tmp1588 = tmp1587 * tmp1;
        auto tmp1589 = metal::floor(tmp1588);
        auto tmp1590 = tmp1589 * tmp4;
        auto tmp1591 = tmp1587 - tmp1590;
        auto tmp1593 = tmp1592 * tmp8;
        auto tmp1594 = static_cast<float>(tmp1593);
        auto tmp1596 = static_cast<float>(tmp1595);
        auto tmp1597 = tmp1596 + tmp13;
        auto tmp1598 = tmp1597 > tmp15;
        auto tmp1599 = metal::precise::exp(tmp1597);
        auto tmp1600 = tmp1599 + tmp18;
        auto tmp1601 = metal::precise::log(tmp1600);
        auto tmp1602 = tmp1598 ? tmp1597 : static_cast<decltype(tmp1597)>(tmp1601);
        auto tmp1603 = tmp1594 * tmp1602;
        auto tmp1604 = tmp1591 + tmp1603;
        auto tmp1605 = tmp1604 * tmp1;
        auto tmp1606 = metal::floor(tmp1605);
        auto tmp1607 = tmp1606 * tmp4;
        auto tmp1608 = tmp1604 - tmp1607;
        auto tmp1610 = tmp1609 * tmp8;
        auto tmp1611 = static_cast<float>(tmp1610);
        auto tmp1613 = static_cast<float>(tmp1612);
        auto tmp1614 = tmp1613 + tmp13;
        auto tmp1615 = tmp1614 > tmp15;
        auto tmp1616 = metal::precise::exp(tmp1614);
        auto tmp1617 = tmp1616 + tmp18;
        auto tmp1618 = metal::precise::log(tmp1617);
        auto tmp1619 = tmp1615 ? tmp1614 : static_cast<decltype(tmp1614)>(tmp1618);
        auto tmp1620 = tmp1611 * tmp1619;
        auto tmp1621 = tmp1608 + tmp1620;
        auto tmp1622 = tmp1621 * tmp1;
        auto tmp1623 = metal::floor(tmp1622);
        auto tmp1624 = tmp1623 * tmp4;
        auto tmp1625 = tmp1621 - tmp1624;
        auto tmp1627 = tmp1626 * tmp8;
        auto tmp1628 = static_cast<float>(tmp1627);
        auto tmp1630 = static_cast<float>(tmp1629);
        auto tmp1631 = tmp1630 + tmp13;
        auto tmp1632 = tmp1631 > tmp15;
        auto tmp1633 = metal::precise::exp(tmp1631);
        auto tmp1634 = tmp1633 + tmp18;
        auto tmp1635 = metal::precise::log(tmp1634);
        auto tmp1636 = tmp1632 ? tmp1631 : static_cast<decltype(tmp1631)>(tmp1635);
        auto tmp1637 = tmp1628 * tmp1636;
        auto tmp1638 = tmp1625 + tmp1637;
        auto tmp1639 = tmp1638 * tmp1;
        auto tmp1640 = metal::floor(tmp1639);
        auto tmp1641 = tmp1640 * tmp4;
        auto tmp1642 = tmp1638 - tmp1641;
        auto tmp1644 = tmp1643 * tmp8;
        auto tmp1645 = static_cast<float>(tmp1644);
        auto tmp1647 = static_cast<float>(tmp1646);
        auto tmp1648 = tmp1647 + tmp13;
        auto tmp1649 = tmp1648 > tmp15;
        auto tmp1650 = metal::precise::exp(tmp1648);
        auto tmp1651 = tmp1650 + tmp18;
        auto tmp1652 = metal::precise::log(tmp1651);
        auto tmp1653 = tmp1649 ? tmp1648 : static_cast<decltype(tmp1648)>(tmp1652);
        auto tmp1654 = tmp1645 * tmp1653;
        auto tmp1655 = tmp1642 + tmp1654;
        auto tmp1656 = tmp1655 * tmp1;
        auto tmp1657 = metal::floor(tmp1656);
        auto tmp1658 = tmp1657 * tmp4;
        auto tmp1659 = tmp1655 - tmp1658;
        auto tmp1661 = tmp1660 * tmp8;
        auto tmp1662 = static_cast<float>(tmp1661);
        auto tmp1664 = static_cast<float>(tmp1663);
        auto tmp1665 = tmp1664 + tmp13;
        auto tmp1666 = tmp1665 > tmp15;
        auto tmp1667 = metal::precise::exp(tmp1665);
        auto tmp1668 = tmp1667 + tmp18;
        auto tmp1669 = metal::precise::log(tmp1668);
        auto tmp1670 = tmp1666 ? tmp1665 : static_cast<decltype(tmp1665)>(tmp1669);
        auto tmp1671 = tmp1662 * tmp1670;
        auto tmp1672 = tmp1659 + tmp1671;
        auto tmp1673 = tmp1672 * tmp1;
        auto tmp1674 = metal::floor(tmp1673);
        auto tmp1675 = tmp1674 * tmp4;
        auto tmp1676 = tmp1672 - tmp1675;
        auto tmp1678 = tmp1677 * tmp8;
        auto tmp1679 = static_cast<float>(tmp1678);
        auto tmp1681 = static_cast<float>(tmp1680);
        auto tmp1682 = tmp1681 + tmp13;
        auto tmp1683 = tmp1682 > tmp15;
        auto tmp1684 = metal::precise::exp(tmp1682);
        auto tmp1685 = tmp1684 + tmp18;
        auto tmp1686 = metal::precise::log(tmp1685);
        auto tmp1687 = tmp1683 ? tmp1682 : static_cast<decltype(tmp1682)>(tmp1686);
        auto tmp1688 = tmp1679 * tmp1687;
        auto tmp1689 = tmp1676 + tmp1688;
        auto tmp1690 = tmp1689 * tmp1;
        auto tmp1691 = metal::floor(tmp1690);
        auto tmp1692 = tmp1691 * tmp4;
        auto tmp1693 = tmp1689 - tmp1692;
        auto tmp1695 = tmp1694 * tmp8;
        auto tmp1696 = static_cast<float>(tmp1695);
        auto tmp1698 = static_cast<float>(tmp1697);
        auto tmp1699 = tmp1698 + tmp13;
        auto tmp1700 = tmp1699 > tmp15;
        auto tmp1701 = metal::precise::exp(tmp1699);
        auto tmp1702 = tmp1701 + tmp18;
        auto tmp1703 = metal::precise::log(tmp1702);
        auto tmp1704 = tmp1700 ? tmp1699 : static_cast<decltype(tmp1699)>(tmp1703);
        auto tmp1705 = tmp1696 * tmp1704;
        auto tmp1706 = tmp1693 + tmp1705;
        auto tmp1707 = tmp1706 * tmp1;
        auto tmp1708 = metal::floor(tmp1707);
        auto tmp1709 = tmp1708 * tmp4;
        auto tmp1710 = tmp1706 - tmp1709;
        auto tmp1712 = tmp1711 * tmp8;
        auto tmp1713 = static_cast<float>(tmp1712);
        auto tmp1715 = static_cast<float>(tmp1714);
        auto tmp1716 = tmp1715 + tmp13;
        auto tmp1717 = tmp1716 > tmp15;
        auto tmp1718 = metal::precise::exp(tmp1716);
        auto tmp1719 = tmp1718 + tmp18;
        auto tmp1720 = metal::precise::log(tmp1719);
        auto tmp1721 = tmp1717 ? tmp1716 : static_cast<decltype(tmp1716)>(tmp1720);
        auto tmp1722 = tmp1713 * tmp1721;
        auto tmp1723 = tmp1710 + tmp1722;
        auto tmp1724 = tmp1723 * tmp1;
        auto tmp1725 = metal::floor(tmp1724);
        auto tmp1726 = tmp1725 * tmp4;
        auto tmp1727 = tmp1723 - tmp1726;
        auto tmp1729 = tmp1728 * tmp8;
        auto tmp1730 = static_cast<float>(tmp1729);
        auto tmp1732 = static_cast<float>(tmp1731);
        auto tmp1733 = tmp1732 + tmp13;
        auto tmp1734 = tmp1733 > tmp15;
        auto tmp1735 = metal::precise::exp(tmp1733);
        auto tmp1736 = tmp1735 + tmp18;
        auto tmp1737 = metal::precise::log(tmp1736);
        auto tmp1738 = tmp1734 ? tmp1733 : static_cast<decltype(tmp1733)>(tmp1737);
        auto tmp1739 = tmp1730 * tmp1738;
        auto tmp1740 = tmp1727 + tmp1739;
        auto tmp1741 = tmp1740 * tmp1;
        auto tmp1742 = metal::floor(tmp1741);
        auto tmp1743 = tmp1742 * tmp4;
        auto tmp1744 = tmp1740 - tmp1743;
        auto tmp1746 = tmp1745 * tmp8;
        auto tmp1747 = static_cast<float>(tmp1746);
        auto tmp1749 = static_cast<float>(tmp1748);
        auto tmp1750 = tmp1749 + tmp13;
        auto tmp1751 = tmp1750 > tmp15;
        auto tmp1752 = metal::precise::exp(tmp1750);
        auto tmp1753 = tmp1752 + tmp18;
        auto tmp1754 = metal::precise::log(tmp1753);
        auto tmp1755 = tmp1751 ? tmp1750 : static_cast<decltype(tmp1750)>(tmp1754);
        auto tmp1756 = tmp1747 * tmp1755;
        auto tmp1757 = tmp1744 + tmp1756;
        auto tmp1758 = tmp1757 * tmp1;
        auto tmp1759 = metal::floor(tmp1758);
        auto tmp1760 = tmp1759 * tmp4;
        auto tmp1761 = tmp1757 - tmp1760;
        auto tmp1763 = tmp1762 * tmp8;
        auto tmp1764 = static_cast<float>(tmp1763);
        auto tmp1766 = static_cast<float>(tmp1765);
        auto tmp1767 = tmp1766 + tmp13;
        auto tmp1768 = tmp1767 > tmp15;
        auto tmp1769 = metal::precise::exp(tmp1767);
        auto tmp1770 = tmp1769 + tmp18;
        auto tmp1771 = metal::precise::log(tmp1770);
        auto tmp1772 = tmp1768 ? tmp1767 : static_cast<decltype(tmp1767)>(tmp1771);
        auto tmp1773 = tmp1764 * tmp1772;
        auto tmp1774 = tmp1761 + tmp1773;
        auto tmp1775 = tmp1774 * tmp1;
        auto tmp1776 = metal::floor(tmp1775);
        auto tmp1777 = tmp1776 * tmp4;
        auto tmp1778 = tmp1774 - tmp1777;
        auto tmp1780 = tmp1779 * tmp8;
        auto tmp1781 = static_cast<float>(tmp1780);
        auto tmp1783 = static_cast<float>(tmp1782);
        auto tmp1784 = tmp1783 + tmp13;
        auto tmp1785 = tmp1784 > tmp15;
        auto tmp1786 = metal::precise::exp(tmp1784);
        auto tmp1787 = tmp1786 + tmp18;
        auto tmp1788 = metal::precise::log(tmp1787);
        auto tmp1789 = tmp1785 ? tmp1784 : static_cast<decltype(tmp1784)>(tmp1788);
        auto tmp1790 = tmp1781 * tmp1789;
        auto tmp1791 = tmp1778 + tmp1790;
        auto tmp1792 = tmp1791 * tmp1;
        auto tmp1793 = metal::floor(tmp1792);
        auto tmp1794 = tmp1793 * tmp4;
        auto tmp1795 = tmp1791 - tmp1794;
        auto tmp1797 = tmp1796 * tmp8;
        auto tmp1798 = static_cast<float>(tmp1797);
        auto tmp1800 = static_cast<float>(tmp1799);
        auto tmp1801 = tmp1800 + tmp13;
        auto tmp1802 = tmp1801 > tmp15;
        auto tmp1803 = metal::precise::exp(tmp1801);
        auto tmp1804 = tmp1803 + tmp18;
        auto tmp1805 = metal::precise::log(tmp1804);
        auto tmp1806 = tmp1802 ? tmp1801 : static_cast<decltype(tmp1801)>(tmp1805);
        auto tmp1807 = tmp1798 * tmp1806;
        auto tmp1808 = tmp1795 + tmp1807;
        auto tmp1809 = tmp1808 * tmp1;
        auto tmp1810 = metal::floor(tmp1809);
        auto tmp1811 = tmp1810 * tmp4;
        auto tmp1812 = tmp1808 - tmp1811;
        auto tmp1814 = tmp1813 * tmp8;
        auto tmp1815 = static_cast<float>(tmp1814);
        auto tmp1817 = static_cast<float>(tmp1816);
        auto tmp1818 = tmp1817 + tmp13;
        auto tmp1819 = tmp1818 > tmp15;
        auto tmp1820 = metal::precise::exp(tmp1818);
        auto tmp1821 = tmp1820 + tmp18;
        auto tmp1822 = metal::precise::log(tmp1821);
        auto tmp1823 = tmp1819 ? tmp1818 : static_cast<decltype(tmp1818)>(tmp1822);
        auto tmp1824 = tmp1815 * tmp1823;
        auto tmp1825 = tmp1812 + tmp1824;
        auto tmp1826 = tmp1825 * tmp1;
        auto tmp1827 = metal::floor(tmp1826);
        auto tmp1828 = tmp1827 * tmp4;
        auto tmp1829 = tmp1825 - tmp1828;
        auto tmp1831 = tmp1830 * tmp8;
        auto tmp1832 = static_cast<float>(tmp1831);
        auto tmp1834 = static_cast<float>(tmp1833);
        auto tmp1835 = tmp1834 + tmp13;
        auto tmp1836 = tmp1835 > tmp15;
        auto tmp1837 = metal::precise::exp(tmp1835);
        auto tmp1838 = tmp1837 + tmp18;
        auto tmp1839 = metal::precise::log(tmp1838);
        auto tmp1840 = tmp1836 ? tmp1835 : static_cast<decltype(tmp1835)>(tmp1839);
        auto tmp1841 = tmp1832 * tmp1840;
        auto tmp1842 = tmp1829 + tmp1841;
        auto tmp1843 = tmp1842 * tmp1;
        auto tmp1844 = metal::floor(tmp1843);
        auto tmp1845 = tmp1844 * tmp4;
        auto tmp1846 = tmp1842 - tmp1845;
        auto tmp1848 = tmp1847 * tmp8;
        auto tmp1849 = static_cast<float>(tmp1848);
        auto tmp1851 = static_cast<float>(tmp1850);
        auto tmp1852 = tmp1851 + tmp13;
        auto tmp1853 = tmp1852 > tmp15;
        auto tmp1854 = metal::precise::exp(tmp1852);
        auto tmp1855 = tmp1854 + tmp18;
        auto tmp1856 = metal::precise::log(tmp1855);
        auto tmp1857 = tmp1853 ? tmp1852 : static_cast<decltype(tmp1852)>(tmp1856);
        auto tmp1858 = tmp1849 * tmp1857;
        auto tmp1859 = tmp1846 + tmp1858;
        auto tmp1860 = tmp1859 * tmp1;
        auto tmp1861 = metal::floor(tmp1860);
        auto tmp1862 = tmp1861 * tmp4;
        auto tmp1863 = tmp1859 - tmp1862;
        auto tmp1865 = tmp1864 * tmp8;
        auto tmp1866 = static_cast<float>(tmp1865);
        auto tmp1868 = static_cast<float>(tmp1867);
        auto tmp1869 = tmp1868 + tmp13;
        auto tmp1870 = tmp1869 > tmp15;
        auto tmp1871 = metal::precise::exp(tmp1869);
        auto tmp1872 = tmp1871 + tmp18;
        auto tmp1873 = metal::precise::log(tmp1872);
        auto tmp1874 = tmp1870 ? tmp1869 : static_cast<decltype(tmp1869)>(tmp1873);
        auto tmp1875 = tmp1866 * tmp1874;
        auto tmp1876 = tmp1863 + tmp1875;
        auto tmp1877 = tmp1876 * tmp1;
        auto tmp1878 = metal::floor(tmp1877);
        auto tmp1879 = tmp1878 * tmp4;
        auto tmp1880 = tmp1876 - tmp1879;
        auto tmp1882 = tmp1881 * tmp8;
        auto tmp1883 = static_cast<float>(tmp1882);
        auto tmp1885 = static_cast<float>(tmp1884);
        auto tmp1886 = tmp1885 + tmp13;
        auto tmp1887 = tmp1886 > tmp15;
        auto tmp1888 = metal::precise::exp(tmp1886);
        auto tmp1889 = tmp1888 + tmp18;
        auto tmp1890 = metal::precise::log(tmp1889);
        auto tmp1891 = tmp1887 ? tmp1886 : static_cast<decltype(tmp1886)>(tmp1890);
        auto tmp1892 = tmp1883 * tmp1891;
        auto tmp1893 = tmp1880 + tmp1892;
        auto tmp1894 = tmp1893 * tmp1;
        auto tmp1895 = metal::floor(tmp1894);
        auto tmp1896 = tmp1895 * tmp4;
        auto tmp1897 = tmp1893 - tmp1896;
        auto tmp1899 = tmp1898 * tmp8;
        auto tmp1900 = static_cast<float>(tmp1899);
        auto tmp1902 = static_cast<float>(tmp1901);
        auto tmp1903 = tmp1902 + tmp13;
        auto tmp1904 = tmp1903 > tmp15;
        auto tmp1905 = metal::precise::exp(tmp1903);
        auto tmp1906 = tmp1905 + tmp18;
        auto tmp1907 = metal::precise::log(tmp1906);
        auto tmp1908 = tmp1904 ? tmp1903 : static_cast<decltype(tmp1903)>(tmp1907);
        auto tmp1909 = tmp1900 * tmp1908;
        auto tmp1910 = tmp1897 + tmp1909;
        auto tmp1911 = tmp1910 * tmp1;
        auto tmp1912 = metal::floor(tmp1911);
        auto tmp1913 = tmp1912 * tmp4;
        auto tmp1914 = tmp1910 - tmp1913;
        auto tmp1916 = tmp1915 * tmp8;
        auto tmp1917 = static_cast<float>(tmp1916);
        auto tmp1919 = static_cast<float>(tmp1918);
        auto tmp1920 = tmp1919 + tmp13;
        auto tmp1921 = tmp1920 > tmp15;
        auto tmp1922 = metal::precise::exp(tmp1920);
        auto tmp1923 = tmp1922 + tmp18;
        auto tmp1924 = metal::precise::log(tmp1923);
        auto tmp1925 = tmp1921 ? tmp1920 : static_cast<decltype(tmp1920)>(tmp1924);
        auto tmp1926 = tmp1917 * tmp1925;
        auto tmp1927 = tmp1914 + tmp1926;
        auto tmp1928 = tmp1927 * tmp1;
        auto tmp1929 = metal::floor(tmp1928);
        auto tmp1930 = tmp1929 * tmp4;
        auto tmp1931 = tmp1927 - tmp1930;
        auto tmp1933 = tmp1932 * tmp8;
        auto tmp1934 = static_cast<float>(tmp1933);
        auto tmp1936 = static_cast<float>(tmp1935);
        auto tmp1937 = tmp1936 + tmp13;
        auto tmp1938 = tmp1937 > tmp15;
        auto tmp1939 = metal::precise::exp(tmp1937);
        auto tmp1940 = tmp1939 + tmp18;
        auto tmp1941 = metal::precise::log(tmp1940);
        auto tmp1942 = tmp1938 ? tmp1937 : static_cast<decltype(tmp1937)>(tmp1941);
        auto tmp1943 = tmp1934 * tmp1942;
        auto tmp1944 = tmp1931 + tmp1943;
        auto tmp1945 = tmp1944 * tmp1;
        auto tmp1946 = metal::floor(tmp1945);
        auto tmp1947 = tmp1946 * tmp4;
        auto tmp1948 = tmp1944 - tmp1947;
        auto tmp1950 = tmp1949 * tmp8;
        auto tmp1951 = static_cast<float>(tmp1950);
        auto tmp1953 = static_cast<float>(tmp1952);
        auto tmp1954 = tmp1953 + tmp13;
        auto tmp1955 = tmp1954 > tmp15;
        auto tmp1956 = metal::precise::exp(tmp1954);
        auto tmp1957 = tmp1956 + tmp18;
        auto tmp1958 = metal::precise::log(tmp1957);
        auto tmp1959 = tmp1955 ? tmp1954 : static_cast<decltype(tmp1954)>(tmp1958);
        auto tmp1960 = tmp1951 * tmp1959;
        auto tmp1961 = tmp1948 + tmp1960;
        auto tmp1962 = tmp1961 * tmp1;
        auto tmp1963 = metal::floor(tmp1962);
        auto tmp1964 = tmp1963 * tmp4;
        auto tmp1965 = tmp1961 - tmp1964;
        auto tmp1967 = tmp1966 * tmp8;
        auto tmp1968 = static_cast<float>(tmp1967);
        auto tmp1970 = static_cast<float>(tmp1969);
        auto tmp1971 = tmp1970 + tmp13;
        auto tmp1972 = tmp1971 > tmp15;
        auto tmp1973 = metal::precise::exp(tmp1971);
        auto tmp1974 = tmp1973 + tmp18;
        auto tmp1975 = metal::precise::log(tmp1974);
        auto tmp1976 = tmp1972 ? tmp1971 : static_cast<decltype(tmp1971)>(tmp1975);
        auto tmp1977 = tmp1968 * tmp1976;
        auto tmp1978 = tmp1965 + tmp1977;
        auto tmp1979 = tmp1978 * tmp1;
        auto tmp1980 = metal::floor(tmp1979);
        auto tmp1981 = tmp1980 * tmp4;
        auto tmp1982 = tmp1978 - tmp1981;
        auto tmp1984 = tmp1983 * tmp8;
        auto tmp1985 = static_cast<float>(tmp1984);
        auto tmp1987 = static_cast<float>(tmp1986);
        auto tmp1988 = tmp1987 + tmp13;
        auto tmp1989 = tmp1988 > tmp15;
        auto tmp1990 = metal::precise::exp(tmp1988);
        auto tmp1991 = tmp1990 + tmp18;
        auto tmp1992 = metal::precise::log(tmp1991);
        auto tmp1993 = tmp1989 ? tmp1988 : static_cast<decltype(tmp1988)>(tmp1992);
        auto tmp1994 = tmp1985 * tmp1993;
        auto tmp1995 = tmp1982 + tmp1994;
        auto tmp1996 = tmp1995 * tmp1;
        auto tmp1997 = metal::floor(tmp1996);
        auto tmp1998 = tmp1997 * tmp4;
        auto tmp1999 = tmp1995 - tmp1998;
        auto tmp2001 = tmp2000 * tmp8;
        auto tmp2002 = static_cast<float>(tmp2001);
        auto tmp2004 = static_cast<float>(tmp2003);
        auto tmp2005 = tmp2004 + tmp13;
        auto tmp2006 = tmp2005 > tmp15;
        auto tmp2007 = metal::precise::exp(tmp2005);
        auto tmp2008 = tmp2007 + tmp18;
        auto tmp2009 = metal::precise::log(tmp2008);
        auto tmp2010 = tmp2006 ? tmp2005 : static_cast<decltype(tmp2005)>(tmp2009);
        auto tmp2011 = tmp2002 * tmp2010;
        auto tmp2012 = tmp1999 + tmp2011;
        auto tmp2013 = tmp2012 * tmp1;
        auto tmp2014 = metal::floor(tmp2013);
        auto tmp2015 = tmp2014 * tmp4;
        auto tmp2016 = tmp2012 - tmp2015;
        auto tmp2018 = tmp2017 * tmp8;
        auto tmp2019 = static_cast<float>(tmp2018);
        auto tmp2021 = static_cast<float>(tmp2020);
        auto tmp2022 = tmp2021 + tmp13;
        auto tmp2023 = tmp2022 > tmp15;
        auto tmp2024 = metal::precise::exp(tmp2022);
        auto tmp2025 = tmp2024 + tmp18;
        auto tmp2026 = metal::precise::log(tmp2025);
        auto tmp2027 = tmp2023 ? tmp2022 : static_cast<decltype(tmp2022)>(tmp2026);
        auto tmp2028 = tmp2019 * tmp2027;
        auto tmp2029 = tmp2016 + tmp2028;
        auto tmp2030 = tmp2029 * tmp1;
        auto tmp2031 = metal::floor(tmp2030);
        auto tmp2032 = tmp2031 * tmp4;
        auto tmp2033 = tmp2029 - tmp2032;
        auto tmp2035 = tmp2034 * tmp8;
        auto tmp2036 = static_cast<float>(tmp2035);
        auto tmp2038 = static_cast<float>(tmp2037);
        auto tmp2039 = tmp2038 + tmp13;
        auto tmp2040 = tmp2039 > tmp15;
        auto tmp2041 = metal::precise::exp(tmp2039);
        auto tmp2042 = tmp2041 + tmp18;
        auto tmp2043 = metal::precise::log(tmp2042);
        auto tmp2044 = tmp2040 ? tmp2039 : static_cast<decltype(tmp2039)>(tmp2043);
        auto tmp2045 = tmp2036 * tmp2044;
        auto tmp2046 = tmp2033 + tmp2045;
        auto tmp2047 = tmp2046 * tmp1;
        auto tmp2048 = metal::floor(tmp2047);
        auto tmp2049 = tmp2048 * tmp4;
        auto tmp2050 = tmp2046 - tmp2049;
        auto tmp2052 = tmp2051 * tmp8;
        auto tmp2053 = static_cast<float>(tmp2052);
        auto tmp2055 = static_cast<float>(tmp2054);
        auto tmp2056 = tmp2055 + tmp13;
        auto tmp2057 = tmp2056 > tmp15;
        auto tmp2058 = metal::precise::exp(tmp2056);
        auto tmp2059 = tmp2058 + tmp18;
        auto tmp2060 = metal::precise::log(tmp2059);
        auto tmp2061 = tmp2057 ? tmp2056 : static_cast<decltype(tmp2056)>(tmp2060);
        auto tmp2062 = tmp2053 * tmp2061;
        auto tmp2063 = tmp2050 + tmp2062;
        auto tmp2064 = tmp2063 * tmp1;
        auto tmp2065 = metal::floor(tmp2064);
        auto tmp2066 = tmp2065 * tmp4;
        auto tmp2067 = tmp2063 - tmp2066;
        auto tmp2069 = tmp2068 * tmp8;
        auto tmp2070 = static_cast<float>(tmp2069);
        auto tmp2072 = static_cast<float>(tmp2071);
        auto tmp2073 = tmp2072 + tmp13;
        auto tmp2074 = tmp2073 > tmp15;
        auto tmp2075 = metal::precise::exp(tmp2073);
        auto tmp2076 = tmp2075 + tmp18;
        auto tmp2077 = metal::precise::log(tmp2076);
        auto tmp2078 = tmp2074 ? tmp2073 : static_cast<decltype(tmp2073)>(tmp2077);
        auto tmp2079 = tmp2070 * tmp2078;
        auto tmp2080 = tmp2067 + tmp2079;
        auto tmp2081 = tmp2080 * tmp1;
        auto tmp2082 = metal::floor(tmp2081);
        auto tmp2083 = tmp2082 * tmp4;
        auto tmp2084 = tmp2080 - tmp2083;
        auto tmp2086 = tmp2085 * tmp8;
        auto tmp2087 = static_cast<float>(tmp2086);
        auto tmp2089 = static_cast<float>(tmp2088);
        auto tmp2090 = tmp2089 + tmp13;
        auto tmp2091 = tmp2090 > tmp15;
        auto tmp2092 = metal::precise::exp(tmp2090);
        auto tmp2093 = tmp2092 + tmp18;
        auto tmp2094 = metal::precise::log(tmp2093);
        auto tmp2095 = tmp2091 ? tmp2090 : static_cast<decltype(tmp2090)>(tmp2094);
        auto tmp2096 = tmp2087 * tmp2095;
        auto tmp2097 = tmp2084 + tmp2096;
        auto tmp2098 = tmp2097 * tmp1;
        auto tmp2099 = metal::floor(tmp2098);
        auto tmp2100 = tmp2099 * tmp4;
        auto tmp2101 = tmp2097 - tmp2100;
        auto tmp2103 = tmp2102 * tmp8;
        auto tmp2104 = static_cast<float>(tmp2103);
        auto tmp2106 = static_cast<float>(tmp2105);
        auto tmp2107 = tmp2106 + tmp13;
        auto tmp2108 = tmp2107 > tmp15;
        auto tmp2109 = metal::precise::exp(tmp2107);
        auto tmp2110 = tmp2109 + tmp18;
        auto tmp2111 = metal::precise::log(tmp2110);
        auto tmp2112 = tmp2108 ? tmp2107 : static_cast<decltype(tmp2107)>(tmp2111);
        auto tmp2113 = tmp2104 * tmp2112;
        auto tmp2114 = tmp2101 + tmp2113;
        auto tmp2115 = tmp2114 * tmp1;
        auto tmp2116 = metal::floor(tmp2115);
        auto tmp2117 = tmp2116 * tmp4;
        auto tmp2118 = tmp2114 - tmp2117;
        auto tmp2120 = tmp2119 * tmp8;
        auto tmp2121 = static_cast<float>(tmp2120);
        auto tmp2123 = static_cast<float>(tmp2122);
        auto tmp2124 = tmp2123 + tmp13;
        auto tmp2125 = tmp2124 > tmp15;
        auto tmp2126 = metal::precise::exp(tmp2124);
        auto tmp2127 = tmp2126 + tmp18;
        auto tmp2128 = metal::precise::log(tmp2127);
        auto tmp2129 = tmp2125 ? tmp2124 : static_cast<decltype(tmp2124)>(tmp2128);
        auto tmp2130 = tmp2121 * tmp2129;
        auto tmp2131 = tmp2118 + tmp2130;
        auto tmp2132 = tmp2131 * tmp1;
        auto tmp2133 = metal::floor(tmp2132);
        auto tmp2134 = tmp2133 * tmp4;
        auto tmp2135 = tmp2131 - tmp2134;
        auto tmp2137 = tmp2136 * tmp8;
        auto tmp2138 = static_cast<float>(tmp2137);
        auto tmp2140 = static_cast<float>(tmp2139);
        auto tmp2141 = tmp2140 + tmp13;
        auto tmp2142 = tmp2141 > tmp15;
        auto tmp2143 = metal::precise::exp(tmp2141);
        auto tmp2144 = tmp2143 + tmp18;
        auto tmp2145 = metal::precise::log(tmp2144);
        auto tmp2146 = tmp2142 ? tmp2141 : static_cast<decltype(tmp2141)>(tmp2145);
        auto tmp2147 = tmp2138 * tmp2146;
        auto tmp2148 = tmp2135 + tmp2147;
        auto tmp2149 = tmp2148 * tmp1;
        auto tmp2150 = metal::floor(tmp2149);
        auto tmp2151 = tmp2150 * tmp4;
        auto tmp2152 = tmp2148 - tmp2151;
        auto tmp2154 = tmp2153 * tmp8;
        auto tmp2155 = static_cast<float>(tmp2154);
        auto tmp2157 = static_cast<float>(tmp2156);
        auto tmp2158 = tmp2157 + tmp13;
        auto tmp2159 = tmp2158 > tmp15;
        auto tmp2160 = metal::precise::exp(tmp2158);
        auto tmp2161 = tmp2160 + tmp18;
        auto tmp2162 = metal::precise::log(tmp2161);
        auto tmp2163 = tmp2159 ? tmp2158 : static_cast<decltype(tmp2158)>(tmp2162);
        auto tmp2164 = tmp2155 * tmp2163;
        auto tmp2165 = tmp2152 + tmp2164;
        auto tmp2166 = tmp2165 * tmp1;
        auto tmp2167 = metal::floor(tmp2166);
        auto tmp2168 = tmp2167 * tmp4;
        auto tmp2169 = tmp2165 - tmp2168;
        auto tmp2171 = tmp2170 * tmp8;
        auto tmp2172 = static_cast<float>(tmp2171);
        auto tmp2174 = static_cast<float>(tmp2173);
        auto tmp2175 = tmp2174 + tmp13;
        auto tmp2176 = tmp2175 > tmp15;
        auto tmp2177 = metal::precise::exp(tmp2175);
        auto tmp2178 = tmp2177 + tmp18;
        auto tmp2179 = metal::precise::log(tmp2178);
        auto tmp2180 = tmp2176 ? tmp2175 : static_cast<decltype(tmp2175)>(tmp2179);
        auto tmp2181 = tmp2172 * tmp2180;
        auto tmp2182 = tmp2169 + tmp2181;
        out_ptr0[x3] = static_cast<float>(tmp40);
        out_ptr1[x3] = static_cast<float>(tmp74);
        out_ptr2[x3] = static_cast<float>(tmp108);
        out_ptr3[x3] = static_cast<float>(tmp142);
        out_ptr4[x3] = static_cast<float>(tmp176);
        out_ptr5[x3] = static_cast<float>(tmp210);
        out_ptr6[x3] = static_cast<float>(tmp244);
        out_ptr7[x3] = static_cast<float>(tmp278);
        out_ptr8[x3] = static_cast<float>(tmp312);
        out_ptr9[x3] = static_cast<float>(tmp346);
        out_ptr10[x3] = static_cast<float>(tmp380);
        out_ptr11[x3] = static_cast<float>(tmp414);
        out_ptr12[x3] = static_cast<float>(tmp448);
        out_ptr13[x3] = static_cast<float>(tmp482);
        out_ptr14[x3] = static_cast<float>(tmp516);
        out_ptr15[x3] = static_cast<float>(tmp550);
        out_ptr16[x3] = static_cast<float>(tmp584);
        out_ptr17[x3] = static_cast<float>(tmp618);
        out_ptr18[x3] = static_cast<float>(tmp652);
        out_ptr19[x3] = static_cast<float>(tmp686);
        out_ptr20[x3] = static_cast<float>(tmp720);
        out_ptr21[x3] = static_cast<float>(tmp754);
        out_ptr22[x3] = static_cast<float>(tmp788);
        out_ptr23[x3] = static_cast<float>(tmp822);
        out_ptr24[x3] = static_cast<float>(tmp856);
        out_ptr25[x3] = static_cast<float>(tmp890);
        out_ptr26[x3] = static_cast<float>(tmp924);
        out_ptr27[x3] = static_cast<float>(tmp958);
        out_ptr28[x3] = static_cast<float>(tmp992);
        out_ptr29[x3] = static_cast<float>(tmp1026);
        out_ptr30[x3] = static_cast<float>(tmp1060);
        out_ptr31[x3] = static_cast<float>(tmp1094);
        out_ptr32[x3] = static_cast<float>(tmp1128);
        out_ptr33[x3] = static_cast<float>(tmp1162);
        out_ptr34[x3] = static_cast<float>(tmp1196);
        out_ptr35[x3] = static_cast<float>(tmp1230);
        out_ptr36[x3] = static_cast<float>(tmp1264);
        out_ptr37[x3] = static_cast<float>(tmp1298);
        out_ptr38[x3] = static_cast<float>(tmp1332);
        out_ptr39[x3] = static_cast<float>(tmp1366);
        out_ptr40[x3] = static_cast<float>(tmp1400);
        out_ptr41[x3] = static_cast<float>(tmp1434);
        out_ptr42[x3] = static_cast<float>(tmp1468);
        out_ptr43[x3] = static_cast<float>(tmp1502);
        out_ptr44[x3] = static_cast<float>(tmp1536);
        out_ptr45[x3] = static_cast<float>(tmp1570);
        out_ptr46[x3] = static_cast<float>(tmp1604);
        out_ptr47[x3] = static_cast<float>(tmp1638);
        out_ptr48[x3] = static_cast<float>(tmp1672);
        out_ptr49[x3] = static_cast<float>(tmp1706);
        out_ptr50[x3] = static_cast<float>(tmp1740);
        out_ptr51[x3] = static_cast<float>(tmp1774);
        out_ptr52[x3] = static_cast<float>(tmp1808);
        out_ptr53[x3] = static_cast<float>(tmp1842);
        out_ptr54[x3] = static_cast<float>(tmp1876);
        out_ptr55[x3] = static_cast<float>(tmp1910);
        out_ptr56[x3] = static_cast<float>(tmp1944);
        out_ptr57[x3] = static_cast<float>(tmp1978);
        out_ptr58[x3] = static_cast<float>(tmp2012);
        out_ptr59[x3] = static_cast<float>(tmp2046);
        out_ptr60[x3] = static_cast<float>(tmp2080);
        out_ptr61[x3] = static_cast<float>(tmp2114);
        out_ptr62[x3] = static_cast<float>(tmp2148);
        out_ptr63[x3] = static_cast<float>(tmp2182);
    }




    kernel void generated_kernel_29(
        device float* out_ptr0,
        constant float* in_ptr0,
        device c10::metal::ErrorMessages* error_buf,
        uint xindex [[thread_position_in_grid]]
    ) {
        int x2 = xindex;
        int x0 = (xindex) % (384);
        int x1 = c10::metal::floor_divide(xindex, 384);
        auto tmp0 = in_ptr0[x2];
        auto tmp1 = 0.15915494309189535;
        auto tmp2 = tmp0 * tmp1;
        auto tmp3 = metal::floor(tmp2);
        auto tmp4 = 6.283185307179586;
        auto tmp5 = tmp3 * tmp4;
        auto tmp6 = tmp0 - tmp5;
        out_ptr0[x0 + 196608*x1] = static_cast<float>(tmp6);
    }




    kernel void generated_kernel_30(
        device float* out_ptr0,
        device float* out_ptr1,
        device float* out_ptr2,
        device float* out_ptr3,
        device float* out_ptr4,
        device float* out_ptr5,
        device float* out_ptr6,
        device float* out_ptr7,
        device float* out_ptr8,
        device float* out_ptr9,
        device float* out_ptr10,
        device float* out_ptr11,
        device float* out_ptr12,
        device float* out_ptr13,
        device float* out_ptr14,
        device float* out_ptr15,
        device float* out_ptr16,
        device float* out_ptr17,
        device float* out_ptr18,
        device float* out_ptr19,
        device float* out_ptr20,
        device float* out_ptr21,
        device float* out_ptr22,
        device float* out_ptr23,
        device float* out_ptr24,
        device float* out_ptr25,
        device float* out_ptr26,
        device float* out_ptr27,
        device float* out_ptr28,
        device float* out_ptr29,
        device float* out_ptr30,
        device float* out_ptr31,
        device float* out_ptr32,
        device float* out_ptr33,
        device float* out_ptr34,
        device float* out_ptr35,
        device float* out_ptr36,
        device float* out_ptr37,
        device float* out_ptr38,
        device float* out_ptr39,
        device float* out_ptr40,
        device float* out_ptr41,
        device float* out_ptr42,
        device float* out_ptr43,
        device float* out_ptr44,
        device float* out_ptr45,
        device float* out_ptr46,
        device float* out_ptr47,
        device float* out_ptr48,
        device float* out_ptr49,
        device float* out_ptr50,
        device float* out_ptr51,
        device float* out_ptr52,
        device float* out_ptr53,
        device float* out_ptr54,
        device float* out_ptr55,
        device float* out_ptr56,
        device float* out_ptr57,
        device float* out_ptr58,
        device float* out_ptr59,
        device float* out_ptr60,
        device float* out_ptr61,
        device float* out_ptr62,
        device float* out_ptr63,
        constant float* in_ptr0,
        constant bfloat* in_ptr1,
        constant bfloat* in_ptr2,
        constant float* in_ptr3,
        constant float* in_ptr4,
        constant float* in_ptr5,
        constant float* in_ptr6,
        constant float* in_ptr7,
        constant float* in_ptr8,
        constant float* in_ptr9,
        constant float* in_ptr10,
        constant float* in_ptr11,
        constant float* in_ptr12,
        constant float* in_ptr13,
        constant float* in_ptr14,
        constant float* in_ptr15,
        constant float* in_ptr16,
        constant float* in_ptr17,
        constant float* in_ptr18,
        constant float* in_ptr19,
        constant float* in_ptr20,
        constant float* in_ptr21,
        constant float* in_ptr22,
        constant float* in_ptr23,
        constant float* in_ptr24,
        constant float* in_ptr25,
        constant float* in_ptr26,
        constant float* in_ptr27,
        constant float* in_ptr28,
        constant float* in_ptr29,
        constant float* in_ptr30,
        constant float* in_ptr31,
        constant float* in_ptr32,
        constant float* in_ptr33,
        constant float* in_ptr34,
        device c10::metal::ErrorMessages* error_buf,
        uint xindex [[thread_position_in_grid]]
    ) {
        int x4 = xindex;
        int x0 = (xindex) % (384);
        int x1 = c10::metal::floor_divide(xindex, 384);
        int x2 = (xindex) % (32);
        int x3 = ((xindex) / (32)) % (12);
        auto tmp0 = in_ptr0[x4];
        auto tmp7 = static_cast<float>(in_ptr1[12288 + x2 + 16384*x1]);
        auto tmp11 = static_cast<float>(in_ptr2[716032 + x3 + 952320*x1]);
        auto tmp13 = in_ptr3[x3];
        auto tmp28 = in_ptr4[x4];
        auto tmp33 = static_cast<float>(in_ptr1[12352 + x2 + 16384*x1]);
        auto tmp36 = static_cast<float>(in_ptr2[719752 + x3 + 952320*x1]);
        auto tmp50 = in_ptr5[x4];
        auto tmp55 = static_cast<float>(in_ptr1[12416 + x2 + 16384*x1]);
        auto tmp58 = static_cast<float>(in_ptr2[723472 + x3 + 952320*x1]);
        auto tmp72 = in_ptr6[x4];
        auto tmp77 = static_cast<float>(in_ptr1[12480 + x2 + 16384*x1]);
        auto tmp80 = static_cast<float>(in_ptr2[727192 + x3 + 952320*x1]);
        auto tmp94 = in_ptr7[x4];
        auto tmp99 = static_cast<float>(in_ptr1[12544 + x2 + 16384*x1]);
        auto tmp102 = static_cast<float>(in_ptr2[730912 + x3 + 952320*x1]);
        auto tmp116 = in_ptr8[x4];
        auto tmp121 = static_cast<float>(in_ptr1[12608 + x2 + 16384*x1]);
        auto tmp124 = static_cast<float>(in_ptr2[734632 + x3 + 952320*x1]);
        auto tmp138 = in_ptr9[x4];
        auto tmp143 = static_cast<float>(in_ptr1[12672 + x2 + 16384*x1]);
        auto tmp146 = static_cast<float>(in_ptr2[738352 + x3 + 952320*x1]);
        auto tmp160 = in_ptr10[x4];
        auto tmp165 = static_cast<float>(in_ptr1[12736 + x2 + 16384*x1]);
        auto tmp168 = static_cast<float>(in_ptr2[742072 + x3 + 952320*x1]);
        auto tmp182 = in_ptr11[x4];
        auto tmp187 = static_cast<float>(in_ptr1[12800 + x2 + 16384*x1]);
        auto tmp190 = static_cast<float>(in_ptr2[745792 + x3 + 952320*x1]);
        auto tmp204 = in_ptr12[x4];
        auto tmp209 = static_cast<float>(in_ptr1[12864 + x2 + 16384*x1]);
        auto tmp212 = static_cast<float>(in_ptr2[749512 + x3 + 952320*x1]);
        auto tmp226 = in_ptr13[x4];
        auto tmp231 = static_cast<float>(in_ptr1[12928 + x2 + 16384*x1]);
        auto tmp234 = static_cast<float>(in_ptr2[753232 + x3 + 952320*x1]);
        auto tmp248 = in_ptr14[x4];
        auto tmp253 = static_cast<float>(in_ptr1[12992 + x2 + 16384*x1]);
        auto tmp256 = static_cast<float>(in_ptr2[756952 + x3 + 952320*x1]);
        auto tmp270 = in_ptr15[x4];
        auto tmp275 = static_cast<float>(in_ptr1[13056 + x2 + 16384*x1]);
        auto tmp278 = static_cast<float>(in_ptr2[760672 + x3 + 952320*x1]);
        auto tmp292 = in_ptr16[x4];
        auto tmp297 = static_cast<float>(in_ptr1[13120 + x2 + 16384*x1]);
        auto tmp300 = static_cast<float>(in_ptr2[764392 + x3 + 952320*x1]);
        auto tmp314 = in_ptr17[x4];
        auto tmp319 = static_cast<float>(in_ptr1[13184 + x2 + 16384*x1]);
        auto tmp322 = static_cast<float>(in_ptr2[768112 + x3 + 952320*x1]);
        auto tmp336 = in_ptr18[x4];
        auto tmp341 = static_cast<float>(in_ptr1[13248 + x2 + 16384*x1]);
        auto tmp344 = static_cast<float>(in_ptr2[771832 + x3 + 952320*x1]);
        auto tmp358 = in_ptr19[x4];
        auto tmp363 = static_cast<float>(in_ptr1[13312 + x2 + 16384*x1]);
        auto tmp366 = static_cast<float>(in_ptr2[775552 + x3 + 952320*x1]);
        auto tmp380 = in_ptr20[x4];
        auto tmp385 = static_cast<float>(in_ptr1[13376 + x2 + 16384*x1]);
        auto tmp388 = static_cast<float>(in_ptr2[779272 + x3 + 952320*x1]);
        auto tmp402 = in_ptr21[x4];
        auto tmp407 = static_cast<float>(in_ptr1[13440 + x2 + 16384*x1]);
        auto tmp410 = static_cast<float>(in_ptr2[782992 + x3 + 952320*x1]);
        auto tmp424 = in_ptr22[x4];
        auto tmp429 = static_cast<float>(in_ptr1[13504 + x2 + 16384*x1]);
        auto tmp432 = static_cast<float>(in_ptr2[786712 + x3 + 952320*x1]);
        auto tmp446 = in_ptr23[x4];
        auto tmp451 = static_cast<float>(in_ptr1[13568 + x2 + 16384*x1]);
        auto tmp454 = static_cast<float>(in_ptr2[790432 + x3 + 952320*x1]);
        auto tmp468 = in_ptr24[x4];
        auto tmp473 = static_cast<float>(in_ptr1[13632 + x2 + 16384*x1]);
        auto tmp476 = static_cast<float>(in_ptr2[794152 + x3 + 952320*x1]);
        auto tmp490 = in_ptr25[x4];
        auto tmp495 = static_cast<float>(in_ptr1[13696 + x2 + 16384*x1]);
        auto tmp498 = static_cast<float>(in_ptr2[797872 + x3 + 952320*x1]);
        auto tmp512 = in_ptr26[x4];
        auto tmp517 = static_cast<float>(in_ptr1[13760 + x2 + 16384*x1]);
        auto tmp520 = static_cast<float>(in_ptr2[801592 + x3 + 952320*x1]);
        auto tmp534 = in_ptr27[x4];
        auto tmp539 = static_cast<float>(in_ptr1[13824 + x2 + 16384*x1]);
        auto tmp542 = static_cast<float>(in_ptr2[805312 + x3 + 952320*x1]);
        auto tmp556 = in_ptr28[x4];
        auto tmp561 = static_cast<float>(in_ptr1[13888 + x2 + 16384*x1]);
        auto tmp564 = static_cast<float>(in_ptr2[809032 + x3 + 952320*x1]);
        auto tmp578 = in_ptr29[x4];
        auto tmp583 = static_cast<float>(in_ptr1[13952 + x2 + 16384*x1]);
        auto tmp586 = static_cast<float>(in_ptr2[812752 + x3 + 952320*x1]);
        auto tmp600 = in_ptr30[x4];
        auto tmp605 = static_cast<float>(in_ptr1[14016 + x2 + 16384*x1]);
        auto tmp608 = static_cast<float>(in_ptr2[816472 + x3 + 952320*x1]);
        auto tmp622 = in_ptr31[x4];
        auto tmp627 = static_cast<float>(in_ptr1[14080 + x2 + 16384*x1]);
        auto tmp630 = static_cast<float>(in_ptr2[820192 + x3 + 952320*x1]);
        auto tmp644 = in_ptr32[x4];
        auto tmp649 = static_cast<float>(in_ptr1[14144 + x2 + 16384*x1]);
        auto tmp652 = static_cast<float>(in_ptr2[823912 + x3 + 952320*x1]);
        auto tmp666 = in_ptr33[x4];
        auto tmp671 = static_cast<float>(in_ptr1[14208 + x2 + 16384*x1]);
        auto tmp674 = static_cast<float>(in_ptr2[827632 + x3 + 952320*x1]);
        auto tmp688 = in_ptr34[x4];
        auto tmp693 = static_cast<float>(in_ptr1[14272 + x2 + 16384*x1]);
        auto tmp696 = static_cast<float>(in_ptr2[831352 + x3 + 952320*x1]);
        auto tmp1 = 0.15915494309189535;
        auto tmp2 = tmp0 * tmp1;
        auto tmp3 = metal::floor(tmp2);
        auto tmp4 = 6.283185307179586;
        auto tmp5 = tmp3 * tmp4;
        auto tmp6 = tmp0 - tmp5;
        auto tmp8 = 3.141592653589793;
        auto tmp9 = tmp7 * tmp8;
        auto tmp10 = static_cast<float>(tmp9);
        auto tmp12 = static_cast<float>(tmp11);
        auto tmp14 = tmp12 + tmp13;
        auto tmp15 = 20.0;
        auto tmp16 = tmp14 > tmp15;
        auto tmp17 = metal::precise::exp(tmp14);
        auto tmp18 = 1;
        auto tmp19 = tmp17 + tmp18;
        auto tmp20 = metal::precise::log(tmp19);
        auto tmp21 = tmp16 ? tmp14 : static_cast<decltype(tmp14)>(tmp20);
        auto tmp22 = tmp10 * tmp21;
        auto tmp23 = tmp6 + tmp22;
        auto tmp24 = tmp23 * tmp1;
        auto tmp25 = metal::floor(tmp24);
        auto tmp26 = tmp25 * tmp4;
        auto tmp27 = tmp23 - tmp26;
        auto tmp29 = tmp28 * tmp1;
        auto tmp30 = metal::floor(tmp29);
        auto tmp31 = tmp30 * tmp4;
        auto tmp32 = tmp28 - tmp31;
        auto tmp34 = tmp33 * tmp8;
        auto tmp35 = static_cast<float>(tmp34);
        auto tmp37 = static_cast<float>(tmp36);
        auto tmp38 = tmp37 + tmp13;
        auto tmp39 = tmp38 > tmp15;
        auto tmp40 = metal::precise::exp(tmp38);
        auto tmp41 = tmp40 + tmp18;
        auto tmp42 = metal::precise::log(tmp41);
        auto tmp43 = tmp39 ? tmp38 : static_cast<decltype(tmp38)>(tmp42);
        auto tmp44 = tmp35 * tmp43;
        auto tmp45 = tmp32 + tmp44;
        auto tmp46 = tmp45 * tmp1;
        auto tmp47 = metal::floor(tmp46);
        auto tmp48 = tmp47 * tmp4;
        auto tmp49 = tmp45 - tmp48;
        auto tmp51 = tmp50 * tmp1;
        auto tmp52 = metal::floor(tmp51);
        auto tmp53 = tmp52 * tmp4;
        auto tmp54 = tmp50 - tmp53;
        auto tmp56 = tmp55 * tmp8;
        auto tmp57 = static_cast<float>(tmp56);
        auto tmp59 = static_cast<float>(tmp58);
        auto tmp60 = tmp59 + tmp13;
        auto tmp61 = tmp60 > tmp15;
        auto tmp62 = metal::precise::exp(tmp60);
        auto tmp63 = tmp62 + tmp18;
        auto tmp64 = metal::precise::log(tmp63);
        auto tmp65 = tmp61 ? tmp60 : static_cast<decltype(tmp60)>(tmp64);
        auto tmp66 = tmp57 * tmp65;
        auto tmp67 = tmp54 + tmp66;
        auto tmp68 = tmp67 * tmp1;
        auto tmp69 = metal::floor(tmp68);
        auto tmp70 = tmp69 * tmp4;
        auto tmp71 = tmp67 - tmp70;
        auto tmp73 = tmp72 * tmp1;
        auto tmp74 = metal::floor(tmp73);
        auto tmp75 = tmp74 * tmp4;
        auto tmp76 = tmp72 - tmp75;
        auto tmp78 = tmp77 * tmp8;
        auto tmp79 = static_cast<float>(tmp78);
        auto tmp81 = static_cast<float>(tmp80);
        auto tmp82 = tmp81 + tmp13;
        auto tmp83 = tmp82 > tmp15;
        auto tmp84 = metal::precise::exp(tmp82);
        auto tmp85 = tmp84 + tmp18;
        auto tmp86 = metal::precise::log(tmp85);
        auto tmp87 = tmp83 ? tmp82 : static_cast<decltype(tmp82)>(tmp86);
        auto tmp88 = tmp79 * tmp87;
        auto tmp89 = tmp76 + tmp88;
        auto tmp90 = tmp89 * tmp1;
        auto tmp91 = metal::floor(tmp90);
        auto tmp92 = tmp91 * tmp4;
        auto tmp93 = tmp89 - tmp92;
        auto tmp95 = tmp94 * tmp1;
        auto tmp96 = metal::floor(tmp95);
        auto tmp97 = tmp96 * tmp4;
        auto tmp98 = tmp94 - tmp97;
        auto tmp100 = tmp99 * tmp8;
        auto tmp101 = static_cast<float>(tmp100);
        auto tmp103 = static_cast<float>(tmp102);
        auto tmp104 = tmp103 + tmp13;
        auto tmp105 = tmp104 > tmp15;
        auto tmp106 = metal::precise::exp(tmp104);
        auto tmp107 = tmp106 + tmp18;
        auto tmp108 = metal::precise::log(tmp107);
        auto tmp109 = tmp105 ? tmp104 : static_cast<decltype(tmp104)>(tmp108);
        auto tmp110 = tmp101 * tmp109;
        auto tmp111 = tmp98 + tmp110;
        auto tmp112 = tmp111 * tmp1;
        auto tmp113 = metal::floor(tmp112);
        auto tmp114 = tmp113 * tmp4;
        auto tmp115 = tmp111 - tmp114;
        auto tmp117 = tmp116 * tmp1;
        auto tmp118 = metal::floor(tmp117);
        auto tmp119 = tmp118 * tmp4;
        auto tmp120 = tmp116 - tmp119;
        auto tmp122 = tmp121 * tmp8;
        auto tmp123 = static_cast<float>(tmp122);
        auto tmp125 = static_cast<float>(tmp124);
        auto tmp126 = tmp125 + tmp13;
        auto tmp127 = tmp126 > tmp15;
        auto tmp128 = metal::precise::exp(tmp126);
        auto tmp129 = tmp128 + tmp18;
        auto tmp130 = metal::precise::log(tmp129);
        auto tmp131 = tmp127 ? tmp126 : static_cast<decltype(tmp126)>(tmp130);
        auto tmp132 = tmp123 * tmp131;
        auto tmp133 = tmp120 + tmp132;
        auto tmp134 = tmp133 * tmp1;
        auto tmp135 = metal::floor(tmp134);
        auto tmp136 = tmp135 * tmp4;
        auto tmp137 = tmp133 - tmp136;
        auto tmp139 = tmp138 * tmp1;
        auto tmp140 = metal::floor(tmp139);
        auto tmp141 = tmp140 * tmp4;
        auto tmp142 = tmp138 - tmp141;
        auto tmp144 = tmp143 * tmp8;
        auto tmp145 = static_cast<float>(tmp144);
        auto tmp147 = static_cast<float>(tmp146);
        auto tmp148 = tmp147 + tmp13;
        auto tmp149 = tmp148 > tmp15;
        auto tmp150 = metal::precise::exp(tmp148);
        auto tmp151 = tmp150 + tmp18;
        auto tmp152 = metal::precise::log(tmp151);
        auto tmp153 = tmp149 ? tmp148 : static_cast<decltype(tmp148)>(tmp152);
        auto tmp154 = tmp145 * tmp153;
        auto tmp155 = tmp142 + tmp154;
        auto tmp156 = tmp155 * tmp1;
        auto tmp157 = metal::floor(tmp156);
        auto tmp158 = tmp157 * tmp4;
        auto tmp159 = tmp155 - tmp158;
        auto tmp161 = tmp160 * tmp1;
        auto tmp162 = metal::floor(tmp161);
        auto tmp163 = tmp162 * tmp4;
        auto tmp164 = tmp160 - tmp163;
        auto tmp166 = tmp165 * tmp8;
        auto tmp167 = static_cast<float>(tmp166);
        auto tmp169 = static_cast<float>(tmp168);
        auto tmp170 = tmp169 + tmp13;
        auto tmp171 = tmp170 > tmp15;
        auto tmp172 = metal::precise::exp(tmp170);
        auto tmp173 = tmp172 + tmp18;
        auto tmp174 = metal::precise::log(tmp173);
        auto tmp175 = tmp171 ? tmp170 : static_cast<decltype(tmp170)>(tmp174);
        auto tmp176 = tmp167 * tmp175;
        auto tmp177 = tmp164 + tmp176;
        auto tmp178 = tmp177 * tmp1;
        auto tmp179 = metal::floor(tmp178);
        auto tmp180 = tmp179 * tmp4;
        auto tmp181 = tmp177 - tmp180;
        auto tmp183 = tmp182 * tmp1;
        auto tmp184 = metal::floor(tmp183);
        auto tmp185 = tmp184 * tmp4;
        auto tmp186 = tmp182 - tmp185;
        auto tmp188 = tmp187 * tmp8;
        auto tmp189 = static_cast<float>(tmp188);
        auto tmp191 = static_cast<float>(tmp190);
        auto tmp192 = tmp191 + tmp13;
        auto tmp193 = tmp192 > tmp15;
        auto tmp194 = metal::precise::exp(tmp192);
        auto tmp195 = tmp194 + tmp18;
        auto tmp196 = metal::precise::log(tmp195);
        auto tmp197 = tmp193 ? tmp192 : static_cast<decltype(tmp192)>(tmp196);
        auto tmp198 = tmp189 * tmp197;
        auto tmp199 = tmp186 + tmp198;
        auto tmp200 = tmp199 * tmp1;
        auto tmp201 = metal::floor(tmp200);
        auto tmp202 = tmp201 * tmp4;
        auto tmp203 = tmp199 - tmp202;
        auto tmp205 = tmp204 * tmp1;
        auto tmp206 = metal::floor(tmp205);
        auto tmp207 = tmp206 * tmp4;
        auto tmp208 = tmp204 - tmp207;
        auto tmp210 = tmp209 * tmp8;
        auto tmp211 = static_cast<float>(tmp210);
        auto tmp213 = static_cast<float>(tmp212);
        auto tmp214 = tmp213 + tmp13;
        auto tmp215 = tmp214 > tmp15;
        auto tmp216 = metal::precise::exp(tmp214);
        auto tmp217 = tmp216 + tmp18;
        auto tmp218 = metal::precise::log(tmp217);
        auto tmp219 = tmp215 ? tmp214 : static_cast<decltype(tmp214)>(tmp218);
        auto tmp220 = tmp211 * tmp219;
        auto tmp221 = tmp208 + tmp220;
        auto tmp222 = tmp221 * tmp1;
        auto tmp223 = metal::floor(tmp222);
        auto tmp224 = tmp223 * tmp4;
        auto tmp225 = tmp221 - tmp224;
        auto tmp227 = tmp226 * tmp1;
        auto tmp228 = metal::floor(tmp227);
        auto tmp229 = tmp228 * tmp4;
        auto tmp230 = tmp226 - tmp229;
        auto tmp232 = tmp231 * tmp8;
        auto tmp233 = static_cast<float>(tmp232);
        auto tmp235 = static_cast<float>(tmp234);
        auto tmp236 = tmp235 + tmp13;
        auto tmp237 = tmp236 > tmp15;
        auto tmp238 = metal::precise::exp(tmp236);
        auto tmp239 = tmp238 + tmp18;
        auto tmp240 = metal::precise::log(tmp239);
        auto tmp241 = tmp237 ? tmp236 : static_cast<decltype(tmp236)>(tmp240);
        auto tmp242 = tmp233 * tmp241;
        auto tmp243 = tmp230 + tmp242;
        auto tmp244 = tmp243 * tmp1;
        auto tmp245 = metal::floor(tmp244);
        auto tmp246 = tmp245 * tmp4;
        auto tmp247 = tmp243 - tmp246;
        auto tmp249 = tmp248 * tmp1;
        auto tmp250 = metal::floor(tmp249);
        auto tmp251 = tmp250 * tmp4;
        auto tmp252 = tmp248 - tmp251;
        auto tmp254 = tmp253 * tmp8;
        auto tmp255 = static_cast<float>(tmp254);
        auto tmp257 = static_cast<float>(tmp256);
        auto tmp258 = tmp257 + tmp13;
        auto tmp259 = tmp258 > tmp15;
        auto tmp260 = metal::precise::exp(tmp258);
        auto tmp261 = tmp260 + tmp18;
        auto tmp262 = metal::precise::log(tmp261);
        auto tmp263 = tmp259 ? tmp258 : static_cast<decltype(tmp258)>(tmp262);
        auto tmp264 = tmp255 * tmp263;
        auto tmp265 = tmp252 + tmp264;
        auto tmp266 = tmp265 * tmp1;
        auto tmp267 = metal::floor(tmp266);
        auto tmp268 = tmp267 * tmp4;
        auto tmp269 = tmp265 - tmp268;
        auto tmp271 = tmp270 * tmp1;
        auto tmp272 = metal::floor(tmp271);
        auto tmp273 = tmp272 * tmp4;
        auto tmp274 = tmp270 - tmp273;
        auto tmp276 = tmp275 * tmp8;
        auto tmp277 = static_cast<float>(tmp276);
        auto tmp279 = static_cast<float>(tmp278);
        auto tmp280 = tmp279 + tmp13;
        auto tmp281 = tmp280 > tmp15;
        auto tmp282 = metal::precise::exp(tmp280);
        auto tmp283 = tmp282 + tmp18;
        auto tmp284 = metal::precise::log(tmp283);
        auto tmp285 = tmp281 ? tmp280 : static_cast<decltype(tmp280)>(tmp284);
        auto tmp286 = tmp277 * tmp285;
        auto tmp287 = tmp274 + tmp286;
        auto tmp288 = tmp287 * tmp1;
        auto tmp289 = metal::floor(tmp288);
        auto tmp290 = tmp289 * tmp4;
        auto tmp291 = tmp287 - tmp290;
        auto tmp293 = tmp292 * tmp1;
        auto tmp294 = metal::floor(tmp293);
        auto tmp295 = tmp294 * tmp4;
        auto tmp296 = tmp292 - tmp295;
        auto tmp298 = tmp297 * tmp8;
        auto tmp299 = static_cast<float>(tmp298);
        auto tmp301 = static_cast<float>(tmp300);
        auto tmp302 = tmp301 + tmp13;
        auto tmp303 = tmp302 > tmp15;
        auto tmp304 = metal::precise::exp(tmp302);
        auto tmp305 = tmp304 + tmp18;
        auto tmp306 = metal::precise::log(tmp305);
        auto tmp307 = tmp303 ? tmp302 : static_cast<decltype(tmp302)>(tmp306);
        auto tmp308 = tmp299 * tmp307;
        auto tmp309 = tmp296 + tmp308;
        auto tmp310 = tmp309 * tmp1;
        auto tmp311 = metal::floor(tmp310);
        auto tmp312 = tmp311 * tmp4;
        auto tmp313 = tmp309 - tmp312;
        auto tmp315 = tmp314 * tmp1;
        auto tmp316 = metal::floor(tmp315);
        auto tmp317 = tmp316 * tmp4;
        auto tmp318 = tmp314 - tmp317;
        auto tmp320 = tmp319 * tmp8;
        auto tmp321 = static_cast<float>(tmp320);
        auto tmp323 = static_cast<float>(tmp322);
        auto tmp324 = tmp323 + tmp13;
        auto tmp325 = tmp324 > tmp15;
        auto tmp326 = metal::precise::exp(tmp324);
        auto tmp327 = tmp326 + tmp18;
        auto tmp328 = metal::precise::log(tmp327);
        auto tmp329 = tmp325 ? tmp324 : static_cast<decltype(tmp324)>(tmp328);
        auto tmp330 = tmp321 * tmp329;
        auto tmp331 = tmp318 + tmp330;
        auto tmp332 = tmp331 * tmp1;
        auto tmp333 = metal::floor(tmp332);
        auto tmp334 = tmp333 * tmp4;
        auto tmp335 = tmp331 - tmp334;
        auto tmp337 = tmp336 * tmp1;
        auto tmp338 = metal::floor(tmp337);
        auto tmp339 = tmp338 * tmp4;
        auto tmp340 = tmp336 - tmp339;
        auto tmp342 = tmp341 * tmp8;
        auto tmp343 = static_cast<float>(tmp342);
        auto tmp345 = static_cast<float>(tmp344);
        auto tmp346 = tmp345 + tmp13;
        auto tmp347 = tmp346 > tmp15;
        auto tmp348 = metal::precise::exp(tmp346);
        auto tmp349 = tmp348 + tmp18;
        auto tmp350 = metal::precise::log(tmp349);
        auto tmp351 = tmp347 ? tmp346 : static_cast<decltype(tmp346)>(tmp350);
        auto tmp352 = tmp343 * tmp351;
        auto tmp353 = tmp340 + tmp352;
        auto tmp354 = tmp353 * tmp1;
        auto tmp355 = metal::floor(tmp354);
        auto tmp356 = tmp355 * tmp4;
        auto tmp357 = tmp353 - tmp356;
        auto tmp359 = tmp358 * tmp1;
        auto tmp360 = metal::floor(tmp359);
        auto tmp361 = tmp360 * tmp4;
        auto tmp362 = tmp358 - tmp361;
        auto tmp364 = tmp363 * tmp8;
        auto tmp365 = static_cast<float>(tmp364);
        auto tmp367 = static_cast<float>(tmp366);
        auto tmp368 = tmp367 + tmp13;
        auto tmp369 = tmp368 > tmp15;
        auto tmp370 = metal::precise::exp(tmp368);
        auto tmp371 = tmp370 + tmp18;
        auto tmp372 = metal::precise::log(tmp371);
        auto tmp373 = tmp369 ? tmp368 : static_cast<decltype(tmp368)>(tmp372);
        auto tmp374 = tmp365 * tmp373;
        auto tmp375 = tmp362 + tmp374;
        auto tmp376 = tmp375 * tmp1;
        auto tmp377 = metal::floor(tmp376);
        auto tmp378 = tmp377 * tmp4;
        auto tmp379 = tmp375 - tmp378;
        auto tmp381 = tmp380 * tmp1;
        auto tmp382 = metal::floor(tmp381);
        auto tmp383 = tmp382 * tmp4;
        auto tmp384 = tmp380 - tmp383;
        auto tmp386 = tmp385 * tmp8;
        auto tmp387 = static_cast<float>(tmp386);
        auto tmp389 = static_cast<float>(tmp388);
        auto tmp390 = tmp389 + tmp13;
        auto tmp391 = tmp390 > tmp15;
        auto tmp392 = metal::precise::exp(tmp390);
        auto tmp393 = tmp392 + tmp18;
        auto tmp394 = metal::precise::log(tmp393);
        auto tmp395 = tmp391 ? tmp390 : static_cast<decltype(tmp390)>(tmp394);
        auto tmp396 = tmp387 * tmp395;
        auto tmp397 = tmp384 + tmp396;
        auto tmp398 = tmp397 * tmp1;
        auto tmp399 = metal::floor(tmp398);
        auto tmp400 = tmp399 * tmp4;
        auto tmp401 = tmp397 - tmp400;
        auto tmp403 = tmp402 * tmp1;
        auto tmp404 = metal::floor(tmp403);
        auto tmp405 = tmp404 * tmp4;
        auto tmp406 = tmp402 - tmp405;
        auto tmp408 = tmp407 * tmp8;
        auto tmp409 = static_cast<float>(tmp408);
        auto tmp411 = static_cast<float>(tmp410);
        auto tmp412 = tmp411 + tmp13;
        auto tmp413 = tmp412 > tmp15;
        auto tmp414 = metal::precise::exp(tmp412);
        auto tmp415 = tmp414 + tmp18;
        auto tmp416 = metal::precise::log(tmp415);
        auto tmp417 = tmp413 ? tmp412 : static_cast<decltype(tmp412)>(tmp416);
        auto tmp418 = tmp409 * tmp417;
        auto tmp419 = tmp406 + tmp418;
        auto tmp420 = tmp419 * tmp1;
        auto tmp421 = metal::floor(tmp420);
        auto tmp422 = tmp421 * tmp4;
        auto tmp423 = tmp419 - tmp422;
        auto tmp425 = tmp424 * tmp1;
        auto tmp426 = metal::floor(tmp425);
        auto tmp427 = tmp426 * tmp4;
        auto tmp428 = tmp424 - tmp427;
        auto tmp430 = tmp429 * tmp8;
        auto tmp431 = static_cast<float>(tmp430);
        auto tmp433 = static_cast<float>(tmp432);
        auto tmp434 = tmp433 + tmp13;
        auto tmp435 = tmp434 > tmp15;
        auto tmp436 = metal::precise::exp(tmp434);
        auto tmp437 = tmp436 + tmp18;
        auto tmp438 = metal::precise::log(tmp437);
        auto tmp439 = tmp435 ? tmp434 : static_cast<decltype(tmp434)>(tmp438);
        auto tmp440 = tmp431 * tmp439;
        auto tmp441 = tmp428 + tmp440;
        auto tmp442 = tmp441 * tmp1;
        auto tmp443 = metal::floor(tmp442);
        auto tmp444 = tmp443 * tmp4;
        auto tmp445 = tmp441 - tmp444;
        auto tmp447 = tmp446 * tmp1;
        auto tmp448 = metal::floor(tmp447);
        auto tmp449 = tmp448 * tmp4;
        auto tmp450 = tmp446 - tmp449;
        auto tmp452 = tmp451 * tmp8;
        auto tmp453 = static_cast<float>(tmp452);
        auto tmp455 = static_cast<float>(tmp454);
        auto tmp456 = tmp455 + tmp13;
        auto tmp457 = tmp456 > tmp15;
        auto tmp458 = metal::precise::exp(tmp456);
        auto tmp459 = tmp458 + tmp18;
        auto tmp460 = metal::precise::log(tmp459);
        auto tmp461 = tmp457 ? tmp456 : static_cast<decltype(tmp456)>(tmp460);
        auto tmp462 = tmp453 * tmp461;
        auto tmp463 = tmp450 + tmp462;
        auto tmp464 = tmp463 * tmp1;
        auto tmp465 = metal::floor(tmp464);
        auto tmp466 = tmp465 * tmp4;
        auto tmp467 = tmp463 - tmp466;
        auto tmp469 = tmp468 * tmp1;
        auto tmp470 = metal::floor(tmp469);
        auto tmp471 = tmp470 * tmp4;
        auto tmp472 = tmp468 - tmp471;
        auto tmp474 = tmp473 * tmp8;
        auto tmp475 = static_cast<float>(tmp474);
        auto tmp477 = static_cast<float>(tmp476);
        auto tmp478 = tmp477 + tmp13;
        auto tmp479 = tmp478 > tmp15;
        auto tmp480 = metal::precise::exp(tmp478);
        auto tmp481 = tmp480 + tmp18;
        auto tmp482 = metal::precise::log(tmp481);
        auto tmp483 = tmp479 ? tmp478 : static_cast<decltype(tmp478)>(tmp482);
        auto tmp484 = tmp475 * tmp483;
        auto tmp485 = tmp472 + tmp484;
        auto tmp486 = tmp485 * tmp1;
        auto tmp487 = metal::floor(tmp486);
        auto tmp488 = tmp487 * tmp4;
        auto tmp489 = tmp485 - tmp488;
        auto tmp491 = tmp490 * tmp1;
        auto tmp492 = metal::floor(tmp491);
        auto tmp493 = tmp492 * tmp4;
        auto tmp494 = tmp490 - tmp493;
        auto tmp496 = tmp495 * tmp8;
        auto tmp497 = static_cast<float>(tmp496);
        auto tmp499 = static_cast<float>(tmp498);
        auto tmp500 = tmp499 + tmp13;
        auto tmp501 = tmp500 > tmp15;
        auto tmp502 = metal::precise::exp(tmp500);
        auto tmp503 = tmp502 + tmp18;
        auto tmp504 = metal::precise::log(tmp503);
        auto tmp505 = tmp501 ? tmp500 : static_cast<decltype(tmp500)>(tmp504);
        auto tmp506 = tmp497 * tmp505;
        auto tmp507 = tmp494 + tmp506;
        auto tmp508 = tmp507 * tmp1;
        auto tmp509 = metal::floor(tmp508);
        auto tmp510 = tmp509 * tmp4;
        auto tmp511 = tmp507 - tmp510;
        auto tmp513 = tmp512 * tmp1;
        auto tmp514 = metal::floor(tmp513);
        auto tmp515 = tmp514 * tmp4;
        auto tmp516 = tmp512 - tmp515;
        auto tmp518 = tmp517 * tmp8;
        auto tmp519 = static_cast<float>(tmp518);
        auto tmp521 = static_cast<float>(tmp520);
        auto tmp522 = tmp521 + tmp13;
        auto tmp523 = tmp522 > tmp15;
        auto tmp524 = metal::precise::exp(tmp522);
        auto tmp525 = tmp524 + tmp18;
        auto tmp526 = metal::precise::log(tmp525);
        auto tmp527 = tmp523 ? tmp522 : static_cast<decltype(tmp522)>(tmp526);
        auto tmp528 = tmp519 * tmp527;
        auto tmp529 = tmp516 + tmp528;
        auto tmp530 = tmp529 * tmp1;
        auto tmp531 = metal::floor(tmp530);
        auto tmp532 = tmp531 * tmp4;
        auto tmp533 = tmp529 - tmp532;
        auto tmp535 = tmp534 * tmp1;
        auto tmp536 = metal::floor(tmp535);
        auto tmp537 = tmp536 * tmp4;
        auto tmp538 = tmp534 - tmp537;
        auto tmp540 = tmp539 * tmp8;
        auto tmp541 = static_cast<float>(tmp540);
        auto tmp543 = static_cast<float>(tmp542);
        auto tmp544 = tmp543 + tmp13;
        auto tmp545 = tmp544 > tmp15;
        auto tmp546 = metal::precise::exp(tmp544);
        auto tmp547 = tmp546 + tmp18;
        auto tmp548 = metal::precise::log(tmp547);
        auto tmp549 = tmp545 ? tmp544 : static_cast<decltype(tmp544)>(tmp548);
        auto tmp550 = tmp541 * tmp549;
        auto tmp551 = tmp538 + tmp550;
        auto tmp552 = tmp551 * tmp1;
        auto tmp553 = metal::floor(tmp552);
        auto tmp554 = tmp553 * tmp4;
        auto tmp555 = tmp551 - tmp554;
        auto tmp557 = tmp556 * tmp1;
        auto tmp558 = metal::floor(tmp557);
        auto tmp559 = tmp558 * tmp4;
        auto tmp560 = tmp556 - tmp559;
        auto tmp562 = tmp561 * tmp8;
        auto tmp563 = static_cast<float>(tmp562);
        auto tmp565 = static_cast<float>(tmp564);
        auto tmp566 = tmp565 + tmp13;
        auto tmp567 = tmp566 > tmp15;
        auto tmp568 = metal::precise::exp(tmp566);
        auto tmp569 = tmp568 + tmp18;
        auto tmp570 = metal::precise::log(tmp569);
        auto tmp571 = tmp567 ? tmp566 : static_cast<decltype(tmp566)>(tmp570);
        auto tmp572 = tmp563 * tmp571;
        auto tmp573 = tmp560 + tmp572;
        auto tmp574 = tmp573 * tmp1;
        auto tmp575 = metal::floor(tmp574);
        auto tmp576 = tmp575 * tmp4;
        auto tmp577 = tmp573 - tmp576;
        auto tmp579 = tmp578 * tmp1;
        auto tmp580 = metal::floor(tmp579);
        auto tmp581 = tmp580 * tmp4;
        auto tmp582 = tmp578 - tmp581;
        auto tmp584 = tmp583 * tmp8;
        auto tmp585 = static_cast<float>(tmp584);
        auto tmp587 = static_cast<float>(tmp586);
        auto tmp588 = tmp587 + tmp13;
        auto tmp589 = tmp588 > tmp15;
        auto tmp590 = metal::precise::exp(tmp588);
        auto tmp591 = tmp590 + tmp18;
        auto tmp592 = metal::precise::log(tmp591);
        auto tmp593 = tmp589 ? tmp588 : static_cast<decltype(tmp588)>(tmp592);
        auto tmp594 = tmp585 * tmp593;
        auto tmp595 = tmp582 + tmp594;
        auto tmp596 = tmp595 * tmp1;
        auto tmp597 = metal::floor(tmp596);
        auto tmp598 = tmp597 * tmp4;
        auto tmp599 = tmp595 - tmp598;
        auto tmp601 = tmp600 * tmp1;
        auto tmp602 = metal::floor(tmp601);
        auto tmp603 = tmp602 * tmp4;
        auto tmp604 = tmp600 - tmp603;
        auto tmp606 = tmp605 * tmp8;
        auto tmp607 = static_cast<float>(tmp606);
        auto tmp609 = static_cast<float>(tmp608);
        auto tmp610 = tmp609 + tmp13;
        auto tmp611 = tmp610 > tmp15;
        auto tmp612 = metal::precise::exp(tmp610);
        auto tmp613 = tmp612 + tmp18;
        auto tmp614 = metal::precise::log(tmp613);
        auto tmp615 = tmp611 ? tmp610 : static_cast<decltype(tmp610)>(tmp614);
        auto tmp616 = tmp607 * tmp615;
        auto tmp617 = tmp604 + tmp616;
        auto tmp618 = tmp617 * tmp1;
        auto tmp619 = metal::floor(tmp618);
        auto tmp620 = tmp619 * tmp4;
        auto tmp621 = tmp617 - tmp620;
        auto tmp623 = tmp622 * tmp1;
        auto tmp624 = metal::floor(tmp623);
        auto tmp625 = tmp624 * tmp4;
        auto tmp626 = tmp622 - tmp625;
        auto tmp628 = tmp627 * tmp8;
        auto tmp629 = static_cast<float>(tmp628);
        auto tmp631 = static_cast<float>(tmp630);
        auto tmp632 = tmp631 + tmp13;
        auto tmp633 = tmp632 > tmp15;
        auto tmp634 = metal::precise::exp(tmp632);
        auto tmp635 = tmp634 + tmp18;
        auto tmp636 = metal::precise::log(tmp635);
        auto tmp637 = tmp633 ? tmp632 : static_cast<decltype(tmp632)>(tmp636);
        auto tmp638 = tmp629 * tmp637;
        auto tmp639 = tmp626 + tmp638;
        auto tmp640 = tmp639 * tmp1;
        auto tmp641 = metal::floor(tmp640);
        auto tmp642 = tmp641 * tmp4;
        auto tmp643 = tmp639 - tmp642;
        auto tmp645 = tmp644 * tmp1;
        auto tmp646 = metal::floor(tmp645);
        auto tmp647 = tmp646 * tmp4;
        auto tmp648 = tmp644 - tmp647;
        auto tmp650 = tmp649 * tmp8;
        auto tmp651 = static_cast<float>(tmp650);
        auto tmp653 = static_cast<float>(tmp652);
        auto tmp654 = tmp653 + tmp13;
        auto tmp655 = tmp654 > tmp15;
        auto tmp656 = metal::precise::exp(tmp654);
        auto tmp657 = tmp656 + tmp18;
        auto tmp658 = metal::precise::log(tmp657);
        auto tmp659 = tmp655 ? tmp654 : static_cast<decltype(tmp654)>(tmp658);
        auto tmp660 = tmp651 * tmp659;
        auto tmp661 = tmp648 + tmp660;
        auto tmp662 = tmp661 * tmp1;
        auto tmp663 = metal::floor(tmp662);
        auto tmp664 = tmp663 * tmp4;
        auto tmp665 = tmp661 - tmp664;
        auto tmp667 = tmp666 * tmp1;
        auto tmp668 = metal::floor(tmp667);
        auto tmp669 = tmp668 * tmp4;
        auto tmp670 = tmp666 - tmp669;
        auto tmp672 = tmp671 * tmp8;
        auto tmp673 = static_cast<float>(tmp672);
        auto tmp675 = static_cast<float>(tmp674);
        auto tmp676 = tmp675 + tmp13;
        auto tmp677 = tmp676 > tmp15;
        auto tmp678 = metal::precise::exp(tmp676);
        auto tmp679 = tmp678 + tmp18;
        auto tmp680 = metal::precise::log(tmp679);
        auto tmp681 = tmp677 ? tmp676 : static_cast<decltype(tmp676)>(tmp680);
        auto tmp682 = tmp673 * tmp681;
        auto tmp683 = tmp670 + tmp682;
        auto tmp684 = tmp683 * tmp1;
        auto tmp685 = metal::floor(tmp684);
        auto tmp686 = tmp685 * tmp4;
        auto tmp687 = tmp683 - tmp686;
        auto tmp689 = tmp688 * tmp1;
        auto tmp690 = metal::floor(tmp689);
        auto tmp691 = tmp690 * tmp4;
        auto tmp692 = tmp688 - tmp691;
        auto tmp694 = tmp693 * tmp8;
        auto tmp695 = static_cast<float>(tmp694);
        auto tmp697 = static_cast<float>(tmp696);
        auto tmp698 = tmp697 + tmp13;
        auto tmp699 = tmp698 > tmp15;
        auto tmp700 = metal::precise::exp(tmp698);
        auto tmp701 = tmp700 + tmp18;
        auto tmp702 = metal::precise::log(tmp701);
        auto tmp703 = tmp699 ? tmp698 : static_cast<decltype(tmp698)>(tmp702);
        auto tmp704 = tmp695 * tmp703;
        auto tmp705 = tmp692 + tmp704;
        auto tmp706 = tmp705 * tmp1;
        auto tmp707 = metal::floor(tmp706);
        auto tmp708 = tmp707 * tmp4;
        auto tmp709 = tmp705 - tmp708;
        out_ptr0[x0 + 196608*x1] = static_cast<float>(tmp6);
        out_ptr1[x0 + 196608*x1] = static_cast<float>(tmp27);
        out_ptr2[x0 + 196608*x1] = static_cast<float>(tmp32);
        out_ptr3[x0 + 196608*x1] = static_cast<float>(tmp49);
        out_ptr4[x0 + 196608*x1] = static_cast<float>(tmp54);
        out_ptr5[x0 + 196608*x1] = static_cast<float>(tmp71);
        out_ptr6[x0 + 196608*x1] = static_cast<float>(tmp76);
        out_ptr7[x0 + 196608*x1] = static_cast<float>(tmp93);
        out_ptr8[x0 + 196608*x1] = static_cast<float>(tmp98);
        out_ptr9[x0 + 196608*x1] = static_cast<float>(tmp115);
        out_ptr10[x0 + 196608*x1] = static_cast<float>(tmp120);
        out_ptr11[x0 + 196608*x1] = static_cast<float>(tmp137);
        out_ptr12[x0 + 196608*x1] = static_cast<float>(tmp142);
        out_ptr13[x0 + 196608*x1] = static_cast<float>(tmp159);
        out_ptr14[x0 + 196608*x1] = static_cast<float>(tmp164);
        out_ptr15[x0 + 196608*x1] = static_cast<float>(tmp181);
        out_ptr16[x0 + 196608*x1] = static_cast<float>(tmp186);
        out_ptr17[x0 + 196608*x1] = static_cast<float>(tmp203);
        out_ptr18[x0 + 196608*x1] = static_cast<float>(tmp208);
        out_ptr19[x0 + 196608*x1] = static_cast<float>(tmp225);
        out_ptr20[x0 + 196608*x1] = static_cast<float>(tmp230);
        out_ptr21[x0 + 196608*x1] = static_cast<float>(tmp247);
        out_ptr22[x0 + 196608*x1] = static_cast<float>(tmp252);
        out_ptr23[x0 + 196608*x1] = static_cast<float>(tmp269);
        out_ptr24[x0 + 196608*x1] = static_cast<float>(tmp274);
        out_ptr25[x0 + 196608*x1] = static_cast<float>(tmp291);
        out_ptr26[x0 + 196608*x1] = static_cast<float>(tmp296);
        out_ptr27[x0 + 196608*x1] = static_cast<float>(tmp313);
        out_ptr28[x0 + 196608*x1] = static_cast<float>(tmp318);
        out_ptr29[x0 + 196608*x1] = static_cast<float>(tmp335);
        out_ptr30[x0 + 196608*x1] = static_cast<float>(tmp340);
        out_ptr31[x0 + 196608*x1] = static_cast<float>(tmp357);
        out_ptr32[x0 + 196608*x1] = static_cast<float>(tmp362);
        out_ptr33[x0 + 196608*x1] = static_cast<float>(tmp379);
        out_ptr34[x0 + 196608*x1] = static_cast<float>(tmp384);
        out_ptr35[x0 + 196608*x1] = static_cast<float>(tmp401);
        out_ptr36[x0 + 196608*x1] = static_cast<float>(tmp406);
        out_ptr37[x0 + 196608*x1] = static_cast<float>(tmp423);
        out_ptr38[x0 + 196608*x1] = static_cast<float>(tmp428);
        out_ptr39[x0 + 196608*x1] = static_cast<float>(tmp445);
        out_ptr40[x0 + 196608*x1] = static_cast<float>(tmp450);
        out_ptr41[x0 + 196608*x1] = static_cast<float>(tmp467);
        out_ptr42[x0 + 196608*x1] = static_cast<float>(tmp472);
        out_ptr43[x0 + 196608*x1] = static_cast<float>(tmp489);
        out_ptr44[x0 + 196608*x1] = static_cast<float>(tmp494);
        out_ptr45[x0 + 196608*x1] = static_cast<float>(tmp511);
        out_ptr46[x0 + 196608*x1] = static_cast<float>(tmp516);
        out_ptr47[x0 + 196608*x1] = static_cast<float>(tmp533);
        out_ptr48[x0 + 196608*x1] = static_cast<float>(tmp538);
        out_ptr49[x0 + 196608*x1] = static_cast<float>(tmp555);
        out_ptr50[x0 + 196608*x1] = static_cast<float>(tmp560);
        out_ptr51[x0 + 196608*x1] = static_cast<float>(tmp577);
        out_ptr52[x0 + 196608*x1] = static_cast<float>(tmp582);
        out_ptr53[x0 + 196608*x1] = static_cast<float>(tmp599);
        out_ptr54[x0 + 196608*x1] = static_cast<float>(tmp604);
        out_ptr55[x0 + 196608*x1] = static_cast<float>(tmp621);
        out_ptr56[x0 + 196608*x1] = static_cast<float>(tmp626);
        out_ptr57[x0 + 196608*x1] = static_cast<float>(tmp643);
        out_ptr58[x0 + 196608*x1] = static_cast<float>(tmp648);
        out_ptr59[x0 + 196608*x1] = static_cast<float>(tmp665);
        out_ptr60[x0 + 196608*x1] = static_cast<float>(tmp670);
        out_ptr61[x0 + 196608*x1] = static_cast<float>(tmp687);
        out_ptr62[x0 + 196608*x1] = static_cast<float>(tmp692);
        out_ptr63[x0 + 196608*x1] = static_cast<float>(tmp709);
    }




    kernel void generated_kernel_31(
        device float* out_ptr0,
        device float* out_ptr1,
        device float* out_ptr2,
        device float* out_ptr3,
        device float* out_ptr4,
        device float* out_ptr5,
        device float* out_ptr6,
        device float* out_ptr7,
        device float* out_ptr8,
        device float* out_ptr9,
        device float* out_ptr10,
        device float* out_ptr11,
        device float* out_ptr12,
        device float* out_ptr13,
        device float* out_ptr14,
        device float* out_ptr15,
        device float* out_ptr16,
        device float* out_ptr17,
        device float* out_ptr18,
        device float* out_ptr19,
        device float* out_ptr20,
        device float* out_ptr21,
        device float* out_ptr22,
        device float* out_ptr23,
        device float* out_ptr24,
        device float* out_ptr25,
        device float* out_ptr26,
        device float* out_ptr27,
        device float* out_ptr28,
        device float* out_ptr29,
        device float* out_ptr30,
        device float* out_ptr31,
        device float* out_ptr32,
        device float* out_ptr33,
        device float* out_ptr34,
        device float* out_ptr35,
        device float* out_ptr36,
        device float* out_ptr37,
        device float* out_ptr38,
        device float* out_ptr39,
        device float* out_ptr40,
        device float* out_ptr41,
        device float* out_ptr42,
        device float* out_ptr43,
        device float* out_ptr44,
        device float* out_ptr45,
        device float* out_ptr46,
        device float* out_ptr47,
        device float* out_ptr48,
        device float* out_ptr49,
        device float* out_ptr50,
        device float* out_ptr51,
        device float* out_ptr52,
        device float* out_ptr53,
        device float* out_ptr54,
        device float* out_ptr55,
        device float* out_ptr56,
        device float* out_ptr57,
        device float* out_ptr58,
        device float* out_ptr59,
        device float* out_ptr60,
        device float* out_ptr61,
        device float* out_ptr62,
        device float* out_ptr63,
        constant float* in_ptr0,
        constant bfloat* in_ptr1,
        constant bfloat* in_ptr2,
        constant float* in_ptr3,
        constant float* in_ptr4,
        constant float* in_ptr5,
        constant float* in_ptr6,
        constant float* in_ptr7,
        constant float* in_ptr8,
        constant float* in_ptr9,
        constant float* in_ptr10,
        constant float* in_ptr11,
        constant float* in_ptr12,
        constant float* in_ptr13,
        constant float* in_ptr14,
        constant float* in_ptr15,
        constant float* in_ptr16,
        constant float* in_ptr17,
        constant float* in_ptr18,
        constant float* in_ptr19,
        constant float* in_ptr20,
        constant float* in_ptr21,
        constant float* in_ptr22,
        constant float* in_ptr23,
        constant float* in_ptr24,
        constant float* in_ptr25,
        constant float* in_ptr26,
        constant float* in_ptr27,
        constant float* in_ptr28,
        constant float* in_ptr29,
        constant float* in_ptr30,
        constant float* in_ptr31,
        constant float* in_ptr32,
        constant float* in_ptr33,
        constant float* in_ptr34,
        device c10::metal::ErrorMessages* error_buf,
        uint xindex [[thread_position_in_grid]]
    ) {
        int x4 = xindex;
        int x0 = (xindex) % (384);
        int x1 = c10::metal::floor_divide(xindex, 384);
        int x2 = (xindex) % (32);
        int x3 = ((xindex) / (32)) % (12);
        auto tmp0 = in_ptr0[x4];
        auto tmp7 = static_cast<float>(in_ptr1[14336 + x2 + 16384*x1]);
        auto tmp11 = static_cast<float>(in_ptr2[835072 + x3 + 952320*x1]);
        auto tmp13 = in_ptr3[x3];
        auto tmp28 = in_ptr4[x4];
        auto tmp33 = static_cast<float>(in_ptr1[14400 + x2 + 16384*x1]);
        auto tmp36 = static_cast<float>(in_ptr2[838792 + x3 + 952320*x1]);
        auto tmp50 = in_ptr5[x4];
        auto tmp55 = static_cast<float>(in_ptr1[14464 + x2 + 16384*x1]);
        auto tmp58 = static_cast<float>(in_ptr2[842512 + x3 + 952320*x1]);
        auto tmp72 = in_ptr6[x4];
        auto tmp77 = static_cast<float>(in_ptr1[14528 + x2 + 16384*x1]);
        auto tmp80 = static_cast<float>(in_ptr2[846232 + x3 + 952320*x1]);
        auto tmp94 = in_ptr7[x4];
        auto tmp99 = static_cast<float>(in_ptr1[14592 + x2 + 16384*x1]);
        auto tmp102 = static_cast<float>(in_ptr2[849952 + x3 + 952320*x1]);
        auto tmp116 = in_ptr8[x4];
        auto tmp121 = static_cast<float>(in_ptr1[14656 + x2 + 16384*x1]);
        auto tmp124 = static_cast<float>(in_ptr2[853672 + x3 + 952320*x1]);
        auto tmp138 = in_ptr9[x4];
        auto tmp143 = static_cast<float>(in_ptr1[14720 + x2 + 16384*x1]);
        auto tmp146 = static_cast<float>(in_ptr2[857392 + x3 + 952320*x1]);
        auto tmp160 = in_ptr10[x4];
        auto tmp165 = static_cast<float>(in_ptr1[14784 + x2 + 16384*x1]);
        auto tmp168 = static_cast<float>(in_ptr2[861112 + x3 + 952320*x1]);
        auto tmp182 = in_ptr11[x4];
        auto tmp187 = static_cast<float>(in_ptr1[14848 + x2 + 16384*x1]);
        auto tmp190 = static_cast<float>(in_ptr2[864832 + x3 + 952320*x1]);
        auto tmp204 = in_ptr12[x4];
        auto tmp209 = static_cast<float>(in_ptr1[14912 + x2 + 16384*x1]);
        auto tmp212 = static_cast<float>(in_ptr2[868552 + x3 + 952320*x1]);
        auto tmp226 = in_ptr13[x4];
        auto tmp231 = static_cast<float>(in_ptr1[14976 + x2 + 16384*x1]);
        auto tmp234 = static_cast<float>(in_ptr2[872272 + x3 + 952320*x1]);
        auto tmp248 = in_ptr14[x4];
        auto tmp253 = static_cast<float>(in_ptr1[15040 + x2 + 16384*x1]);
        auto tmp256 = static_cast<float>(in_ptr2[875992 + x3 + 952320*x1]);
        auto tmp270 = in_ptr15[x4];
        auto tmp275 = static_cast<float>(in_ptr1[15104 + x2 + 16384*x1]);
        auto tmp278 = static_cast<float>(in_ptr2[879712 + x3 + 952320*x1]);
        auto tmp292 = in_ptr16[x4];
        auto tmp297 = static_cast<float>(in_ptr1[15168 + x2 + 16384*x1]);
        auto tmp300 = static_cast<float>(in_ptr2[883432 + x3 + 952320*x1]);
        auto tmp314 = in_ptr17[x4];
        auto tmp319 = static_cast<float>(in_ptr1[15232 + x2 + 16384*x1]);
        auto tmp322 = static_cast<float>(in_ptr2[887152 + x3 + 952320*x1]);
        auto tmp336 = in_ptr18[x4];
        auto tmp341 = static_cast<float>(in_ptr1[15296 + x2 + 16384*x1]);
        auto tmp344 = static_cast<float>(in_ptr2[890872 + x3 + 952320*x1]);
        auto tmp358 = in_ptr19[x4];
        auto tmp363 = static_cast<float>(in_ptr1[15360 + x2 + 16384*x1]);
        auto tmp366 = static_cast<float>(in_ptr2[894592 + x3 + 952320*x1]);
        auto tmp380 = in_ptr20[x4];
        auto tmp385 = static_cast<float>(in_ptr1[15424 + x2 + 16384*x1]);
        auto tmp388 = static_cast<float>(in_ptr2[898312 + x3 + 952320*x1]);
        auto tmp402 = in_ptr21[x4];
        auto tmp407 = static_cast<float>(in_ptr1[15488 + x2 + 16384*x1]);
        auto tmp410 = static_cast<float>(in_ptr2[902032 + x3 + 952320*x1]);
        auto tmp424 = in_ptr22[x4];
        auto tmp429 = static_cast<float>(in_ptr1[15552 + x2 + 16384*x1]);
        auto tmp432 = static_cast<float>(in_ptr2[905752 + x3 + 952320*x1]);
        auto tmp446 = in_ptr23[x4];
        auto tmp451 = static_cast<float>(in_ptr1[15616 + x2 + 16384*x1]);
        auto tmp454 = static_cast<float>(in_ptr2[909472 + x3 + 952320*x1]);
        auto tmp468 = in_ptr24[x4];
        auto tmp473 = static_cast<float>(in_ptr1[15680 + x2 + 16384*x1]);
        auto tmp476 = static_cast<float>(in_ptr2[913192 + x3 + 952320*x1]);
        auto tmp490 = in_ptr25[x4];
        auto tmp495 = static_cast<float>(in_ptr1[15744 + x2 + 16384*x1]);
        auto tmp498 = static_cast<float>(in_ptr2[916912 + x3 + 952320*x1]);
        auto tmp512 = in_ptr26[x4];
        auto tmp517 = static_cast<float>(in_ptr1[15808 + x2 + 16384*x1]);
        auto tmp520 = static_cast<float>(in_ptr2[920632 + x3 + 952320*x1]);
        auto tmp534 = in_ptr27[x4];
        auto tmp539 = static_cast<float>(in_ptr1[15872 + x2 + 16384*x1]);
        auto tmp542 = static_cast<float>(in_ptr2[924352 + x3 + 952320*x1]);
        auto tmp556 = in_ptr28[x4];
        auto tmp561 = static_cast<float>(in_ptr1[15936 + x2 + 16384*x1]);
        auto tmp564 = static_cast<float>(in_ptr2[928072 + x3 + 952320*x1]);
        auto tmp578 = in_ptr29[x4];
        auto tmp583 = static_cast<float>(in_ptr1[16000 + x2 + 16384*x1]);
        auto tmp586 = static_cast<float>(in_ptr2[931792 + x3 + 952320*x1]);
        auto tmp600 = in_ptr30[x4];
        auto tmp605 = static_cast<float>(in_ptr1[16064 + x2 + 16384*x1]);
        auto tmp608 = static_cast<float>(in_ptr2[935512 + x3 + 952320*x1]);
        auto tmp622 = in_ptr31[x4];
        auto tmp627 = static_cast<float>(in_ptr1[16128 + x2 + 16384*x1]);
        auto tmp630 = static_cast<float>(in_ptr2[939232 + x3 + 952320*x1]);
        auto tmp644 = in_ptr32[x4];
        auto tmp649 = static_cast<float>(in_ptr1[16192 + x2 + 16384*x1]);
        auto tmp652 = static_cast<float>(in_ptr2[942952 + x3 + 952320*x1]);
        auto tmp666 = in_ptr33[x4];
        auto tmp671 = static_cast<float>(in_ptr1[16256 + x2 + 16384*x1]);
        auto tmp674 = static_cast<float>(in_ptr2[946672 + x3 + 952320*x1]);
        auto tmp688 = in_ptr34[x4];
        auto tmp693 = static_cast<float>(in_ptr1[16320 + x2 + 16384*x1]);
        auto tmp696 = static_cast<float>(in_ptr2[950392 + x3 + 952320*x1]);
        auto tmp1 = 0.15915494309189535;
        auto tmp2 = tmp0 * tmp1;
        auto tmp3 = metal::floor(tmp2);
        auto tmp4 = 6.283185307179586;
        auto tmp5 = tmp3 * tmp4;
        auto tmp6 = tmp0 - tmp5;
        auto tmp8 = 3.141592653589793;
        auto tmp9 = tmp7 * tmp8;
        auto tmp10 = static_cast<float>(tmp9);
        auto tmp12 = static_cast<float>(tmp11);
        auto tmp14 = tmp12 + tmp13;
        auto tmp15 = 20.0;
        auto tmp16 = tmp14 > tmp15;
        auto tmp17 = metal::precise::exp(tmp14);
        auto tmp18 = 1;
        auto tmp19 = tmp17 + tmp18;
        auto tmp20 = metal::precise::log(tmp19);
        auto tmp21 = tmp16 ? tmp14 : static_cast<decltype(tmp14)>(tmp20);
        auto tmp22 = tmp10 * tmp21;
        auto tmp23 = tmp6 + tmp22;
        auto tmp24 = tmp23 * tmp1;
        auto tmp25 = metal::floor(tmp24);
        auto tmp26 = tmp25 * tmp4;
        auto tmp27 = tmp23 - tmp26;
        auto tmp29 = tmp28 * tmp1;
        auto tmp30 = metal::floor(tmp29);
        auto tmp31 = tmp30 * tmp4;
        auto tmp32 = tmp28 - tmp31;
        auto tmp34 = tmp33 * tmp8;
        auto tmp35 = static_cast<float>(tmp34);
        auto tmp37 = static_cast<float>(tmp36);
        auto tmp38 = tmp37 + tmp13;
        auto tmp39 = tmp38 > tmp15;
        auto tmp40 = metal::precise::exp(tmp38);
        auto tmp41 = tmp40 + tmp18;
        auto tmp42 = metal::precise::log(tmp41);
        auto tmp43 = tmp39 ? tmp38 : static_cast<decltype(tmp38)>(tmp42);
        auto tmp44 = tmp35 * tmp43;
        auto tmp45 = tmp32 + tmp44;
        auto tmp46 = tmp45 * tmp1;
        auto tmp47 = metal::floor(tmp46);
        auto tmp48 = tmp47 * tmp4;
        auto tmp49 = tmp45 - tmp48;
        auto tmp51 = tmp50 * tmp1;
        auto tmp52 = metal::floor(tmp51);
        auto tmp53 = tmp52 * tmp4;
        auto tmp54 = tmp50 - tmp53;
        auto tmp56 = tmp55 * tmp8;
        auto tmp57 = static_cast<float>(tmp56);
        auto tmp59 = static_cast<float>(tmp58);
        auto tmp60 = tmp59 + tmp13;
        auto tmp61 = tmp60 > tmp15;
        auto tmp62 = metal::precise::exp(tmp60);
        auto tmp63 = tmp62 + tmp18;
        auto tmp64 = metal::precise::log(tmp63);
        auto tmp65 = tmp61 ? tmp60 : static_cast<decltype(tmp60)>(tmp64);
        auto tmp66 = tmp57 * tmp65;
        auto tmp67 = tmp54 + tmp66;
        auto tmp68 = tmp67 * tmp1;
        auto tmp69 = metal::floor(tmp68);
        auto tmp70 = tmp69 * tmp4;
        auto tmp71 = tmp67 - tmp70;
        auto tmp73 = tmp72 * tmp1;
        auto tmp74 = metal::floor(tmp73);
        auto tmp75 = tmp74 * tmp4;
        auto tmp76 = tmp72 - tmp75;
        auto tmp78 = tmp77 * tmp8;
        auto tmp79 = static_cast<float>(tmp78);
        auto tmp81 = static_cast<float>(tmp80);
        auto tmp82 = tmp81 + tmp13;
        auto tmp83 = tmp82 > tmp15;
        auto tmp84 = metal::precise::exp(tmp82);
        auto tmp85 = tmp84 + tmp18;
        auto tmp86 = metal::precise::log(tmp85);
        auto tmp87 = tmp83 ? tmp82 : static_cast<decltype(tmp82)>(tmp86);
        auto tmp88 = tmp79 * tmp87;
        auto tmp89 = tmp76 + tmp88;
        auto tmp90 = tmp89 * tmp1;
        auto tmp91 = metal::floor(tmp90);
        auto tmp92 = tmp91 * tmp4;
        auto tmp93 = tmp89 - tmp92;
        auto tmp95 = tmp94 * tmp1;
        auto tmp96 = metal::floor(tmp95);
        auto tmp97 = tmp96 * tmp4;
        auto tmp98 = tmp94 - tmp97;
        auto tmp100 = tmp99 * tmp8;
        auto tmp101 = static_cast<float>(tmp100);
        auto tmp103 = static_cast<float>(tmp102);
        auto tmp104 = tmp103 + tmp13;
        auto tmp105 = tmp104 > tmp15;
        auto tmp106 = metal::precise::exp(tmp104);
        auto tmp107 = tmp106 + tmp18;
        auto tmp108 = metal::precise::log(tmp107);
        auto tmp109 = tmp105 ? tmp104 : static_cast<decltype(tmp104)>(tmp108);
        auto tmp110 = tmp101 * tmp109;
        auto tmp111 = tmp98 + tmp110;
        auto tmp112 = tmp111 * tmp1;
        auto tmp113 = metal::floor(tmp112);
        auto tmp114 = tmp113 * tmp4;
        auto tmp115 = tmp111 - tmp114;
        auto tmp117 = tmp116 * tmp1;
        auto tmp118 = metal::floor(tmp117);
        auto tmp119 = tmp118 * tmp4;
        auto tmp120 = tmp116 - tmp119;
        auto tmp122 = tmp121 * tmp8;
        auto tmp123 = static_cast<float>(tmp122);
        auto tmp125 = static_cast<float>(tmp124);
        auto tmp126 = tmp125 + tmp13;
        auto tmp127 = tmp126 > tmp15;
        auto tmp128 = metal::precise::exp(tmp126);
        auto tmp129 = tmp128 + tmp18;
        auto tmp130 = metal::precise::log(tmp129);
        auto tmp131 = tmp127 ? tmp126 : static_cast<decltype(tmp126)>(tmp130);
        auto tmp132 = tmp123 * tmp131;
        auto tmp133 = tmp120 + tmp132;
        auto tmp134 = tmp133 * tmp1;
        auto tmp135 = metal::floor(tmp134);
        auto tmp136 = tmp135 * tmp4;
        auto tmp137 = tmp133 - tmp136;
        auto tmp139 = tmp138 * tmp1;
        auto tmp140 = metal::floor(tmp139);
        auto tmp141 = tmp140 * tmp4;
        auto tmp142 = tmp138 - tmp141;
        auto tmp144 = tmp143 * tmp8;
        auto tmp145 = static_cast<float>(tmp144);
        auto tmp147 = static_cast<float>(tmp146);
        auto tmp148 = tmp147 + tmp13;
        auto tmp149 = tmp148 > tmp15;
        auto tmp150 = metal::precise::exp(tmp148);
        auto tmp151 = tmp150 + tmp18;
        auto tmp152 = metal::precise::log(tmp151);
        auto tmp153 = tmp149 ? tmp148 : static_cast<decltype(tmp148)>(tmp152);
        auto tmp154 = tmp145 * tmp153;
        auto tmp155 = tmp142 + tmp154;
        auto tmp156 = tmp155 * tmp1;
        auto tmp157 = metal::floor(tmp156);
        auto tmp158 = tmp157 * tmp4;
        auto tmp159 = tmp155 - tmp158;
        auto tmp161 = tmp160 * tmp1;
        auto tmp162 = metal::floor(tmp161);
        auto tmp163 = tmp162 * tmp4;
        auto tmp164 = tmp160 - tmp163;
        auto tmp166 = tmp165 * tmp8;
        auto tmp167 = static_cast<float>(tmp166);
        auto tmp169 = static_cast<float>(tmp168);
        auto tmp170 = tmp169 + tmp13;
        auto tmp171 = tmp170 > tmp15;
        auto tmp172 = metal::precise::exp(tmp170);
        auto tmp173 = tmp172 + tmp18;
        auto tmp174 = metal::precise::log(tmp173);
        auto tmp175 = tmp171 ? tmp170 : static_cast<decltype(tmp170)>(tmp174);
        auto tmp176 = tmp167 * tmp175;
        auto tmp177 = tmp164 + tmp176;
        auto tmp178 = tmp177 * tmp1;
        auto tmp179 = metal::floor(tmp178);
        auto tmp180 = tmp179 * tmp4;
        auto tmp181 = tmp177 - tmp180;
        auto tmp183 = tmp182 * tmp1;
        auto tmp184 = metal::floor(tmp183);
        auto tmp185 = tmp184 * tmp4;
        auto tmp186 = tmp182 - tmp185;
        auto tmp188 = tmp187 * tmp8;
        auto tmp189 = static_cast<float>(tmp188);
        auto tmp191 = static_cast<float>(tmp190);
        auto tmp192 = tmp191 + tmp13;
        auto tmp193 = tmp192 > tmp15;
        auto tmp194 = metal::precise::exp(tmp192);
        auto tmp195 = tmp194 + tmp18;
        auto tmp196 = metal::precise::log(tmp195);
        auto tmp197 = tmp193 ? tmp192 : static_cast<decltype(tmp192)>(tmp196);
        auto tmp198 = tmp189 * tmp197;
        auto tmp199 = tmp186 + tmp198;
        auto tmp200 = tmp199 * tmp1;
        auto tmp201 = metal::floor(tmp200);
        auto tmp202 = tmp201 * tmp4;
        auto tmp203 = tmp199 - tmp202;
        auto tmp205 = tmp204 * tmp1;
        auto tmp206 = metal::floor(tmp205);
        auto tmp207 = tmp206 * tmp4;
        auto tmp208 = tmp204 - tmp207;
        auto tmp210 = tmp209 * tmp8;
        auto tmp211 = static_cast<float>(tmp210);
        auto tmp213 = static_cast<float>(tmp212);
        auto tmp214 = tmp213 + tmp13;
        auto tmp215 = tmp214 > tmp15;
        auto tmp216 = metal::precise::exp(tmp214);
        auto tmp217 = tmp216 + tmp18;
        auto tmp218 = metal::precise::log(tmp217);
        auto tmp219 = tmp215 ? tmp214 : static_cast<decltype(tmp214)>(tmp218);
        auto tmp220 = tmp211 * tmp219;
        auto tmp221 = tmp208 + tmp220;
        auto tmp222 = tmp221 * tmp1;
        auto tmp223 = metal::floor(tmp222);
        auto tmp224 = tmp223 * tmp4;
        auto tmp225 = tmp221 - tmp224;
        auto tmp227 = tmp226 * tmp1;
        auto tmp228 = metal::floor(tmp227);
        auto tmp229 = tmp228 * tmp4;
        auto tmp230 = tmp226 - tmp229;
        auto tmp232 = tmp231 * tmp8;
        auto tmp233 = static_cast<float>(tmp232);
        auto tmp235 = static_cast<float>(tmp234);
        auto tmp236 = tmp235 + tmp13;
        auto tmp237 = tmp236 > tmp15;
        auto tmp238 = metal::precise::exp(tmp236);
        auto tmp239 = tmp238 + tmp18;
        auto tmp240 = metal::precise::log(tmp239);
        auto tmp241 = tmp237 ? tmp236 : static_cast<decltype(tmp236)>(tmp240);
        auto tmp242 = tmp233 * tmp241;
        auto tmp243 = tmp230 + tmp242;
        auto tmp244 = tmp243 * tmp1;
        auto tmp245 = metal::floor(tmp244);
        auto tmp246 = tmp245 * tmp4;
        auto tmp247 = tmp243 - tmp246;
        auto tmp249 = tmp248 * tmp1;
        auto tmp250 = metal::floor(tmp249);
        auto tmp251 = tmp250 * tmp4;
        auto tmp252 = tmp248 - tmp251;
        auto tmp254 = tmp253 * tmp8;
        auto tmp255 = static_cast<float>(tmp254);
        auto tmp257 = static_cast<float>(tmp256);
        auto tmp258 = tmp257 + tmp13;
        auto tmp259 = tmp258 > tmp15;
        auto tmp260 = metal::precise::exp(tmp258);
        auto tmp261 = tmp260 + tmp18;
        auto tmp262 = metal::precise::log(tmp261);
        auto tmp263 = tmp259 ? tmp258 : static_cast<decltype(tmp258)>(tmp262);
        auto tmp264 = tmp255 * tmp263;
        auto tmp265 = tmp252 + tmp264;
        auto tmp266 = tmp265 * tmp1;
        auto tmp267 = metal::floor(tmp266);
        auto tmp268 = tmp267 * tmp4;
        auto tmp269 = tmp265 - tmp268;
        auto tmp271 = tmp270 * tmp1;
        auto tmp272 = metal::floor(tmp271);
        auto tmp273 = tmp272 * tmp4;
        auto tmp274 = tmp270 - tmp273;
        auto tmp276 = tmp275 * tmp8;
        auto tmp277 = static_cast<float>(tmp276);
        auto tmp279 = static_cast<float>(tmp278);
        auto tmp280 = tmp279 + tmp13;
        auto tmp281 = tmp280 > tmp15;
        auto tmp282 = metal::precise::exp(tmp280);
        auto tmp283 = tmp282 + tmp18;
        auto tmp284 = metal::precise::log(tmp283);
        auto tmp285 = tmp281 ? tmp280 : static_cast<decltype(tmp280)>(tmp284);
        auto tmp286 = tmp277 * tmp285;
        auto tmp287 = tmp274 + tmp286;
        auto tmp288 = tmp287 * tmp1;
        auto tmp289 = metal::floor(tmp288);
        auto tmp290 = tmp289 * tmp4;
        auto tmp291 = tmp287 - tmp290;
        auto tmp293 = tmp292 * tmp1;
        auto tmp294 = metal::floor(tmp293);
        auto tmp295 = tmp294 * tmp4;
        auto tmp296 = tmp292 - tmp295;
        auto tmp298 = tmp297 * tmp8;
        auto tmp299 = static_cast<float>(tmp298);
        auto tmp301 = static_cast<float>(tmp300);
        auto tmp302 = tmp301 + tmp13;
        auto tmp303 = tmp302 > tmp15;
        auto tmp304 = metal::precise::exp(tmp302);
        auto tmp305 = tmp304 + tmp18;
        auto tmp306 = metal::precise::log(tmp305);
        auto tmp307 = tmp303 ? tmp302 : static_cast<decltype(tmp302)>(tmp306);
        auto tmp308 = tmp299 * tmp307;
        auto tmp309 = tmp296 + tmp308;
        auto tmp310 = tmp309 * tmp1;
        auto tmp311 = metal::floor(tmp310);
        auto tmp312 = tmp311 * tmp4;
        auto tmp313 = tmp309 - tmp312;
        auto tmp315 = tmp314 * tmp1;
        auto tmp316 = metal::floor(tmp315);
        auto tmp317 = tmp316 * tmp4;
        auto tmp318 = tmp314 - tmp317;
        auto tmp320 = tmp319 * tmp8;
        auto tmp321 = static_cast<float>(tmp320);
        auto tmp323 = static_cast<float>(tmp322);
        auto tmp324 = tmp323 + tmp13;
        auto tmp325 = tmp324 > tmp15;
        auto tmp326 = metal::precise::exp(tmp324);
        auto tmp327 = tmp326 + tmp18;
        auto tmp328 = metal::precise::log(tmp327);
        auto tmp329 = tmp325 ? tmp324 : static_cast<decltype(tmp324)>(tmp328);
        auto tmp330 = tmp321 * tmp329;
        auto tmp331 = tmp318 + tmp330;
        auto tmp332 = tmp331 * tmp1;
        auto tmp333 = metal::floor(tmp332);
        auto tmp334 = tmp333 * tmp4;
        auto tmp335 = tmp331 - tmp334;
        auto tmp337 = tmp336 * tmp1;
        auto tmp338 = metal::floor(tmp337);
        auto tmp339 = tmp338 * tmp4;
        auto tmp340 = tmp336 - tmp339;
        auto tmp342 = tmp341 * tmp8;
        auto tmp343 = static_cast<float>(tmp342);
        auto tmp345 = static_cast<float>(tmp344);
        auto tmp346 = tmp345 + tmp13;
        auto tmp347 = tmp346 > tmp15;
        auto tmp348 = metal::precise::exp(tmp346);
        auto tmp349 = tmp348 + tmp18;
        auto tmp350 = metal::precise::log(tmp349);
        auto tmp351 = tmp347 ? tmp346 : static_cast<decltype(tmp346)>(tmp350);
        auto tmp352 = tmp343 * tmp351;
        auto tmp353 = tmp340 + tmp352;
        auto tmp354 = tmp353 * tmp1;
        auto tmp355 = metal::floor(tmp354);
        auto tmp356 = tmp355 * tmp4;
        auto tmp357 = tmp353 - tmp356;
        auto tmp359 = tmp358 * tmp1;
        auto tmp360 = metal::floor(tmp359);
        auto tmp361 = tmp360 * tmp4;
        auto tmp362 = tmp358 - tmp361;
        auto tmp364 = tmp363 * tmp8;
        auto tmp365 = static_cast<float>(tmp364);
        auto tmp367 = static_cast<float>(tmp366);
        auto tmp368 = tmp367 + tmp13;
        auto tmp369 = tmp368 > tmp15;
        auto tmp370 = metal::precise::exp(tmp368);
        auto tmp371 = tmp370 + tmp18;
        auto tmp372 = metal::precise::log(tmp371);
        auto tmp373 = tmp369 ? tmp368 : static_cast<decltype(tmp368)>(tmp372);
        auto tmp374 = tmp365 * tmp373;
        auto tmp375 = tmp362 + tmp374;
        auto tmp376 = tmp375 * tmp1;
        auto tmp377 = metal::floor(tmp376);
        auto tmp378 = tmp377 * tmp4;
        auto tmp379 = tmp375 - tmp378;
        auto tmp381 = tmp380 * tmp1;
        auto tmp382 = metal::floor(tmp381);
        auto tmp383 = tmp382 * tmp4;
        auto tmp384 = tmp380 - tmp383;
        auto tmp386 = tmp385 * tmp8;
        auto tmp387 = static_cast<float>(tmp386);
        auto tmp389 = static_cast<float>(tmp388);
        auto tmp390 = tmp389 + tmp13;
        auto tmp391 = tmp390 > tmp15;
        auto tmp392 = metal::precise::exp(tmp390);
        auto tmp393 = tmp392 + tmp18;
        auto tmp394 = metal::precise::log(tmp393);
        auto tmp395 = tmp391 ? tmp390 : static_cast<decltype(tmp390)>(tmp394);
        auto tmp396 = tmp387 * tmp395;
        auto tmp397 = tmp384 + tmp396;
        auto tmp398 = tmp397 * tmp1;
        auto tmp399 = metal::floor(tmp398);
        auto tmp400 = tmp399 * tmp4;
        auto tmp401 = tmp397 - tmp400;
        auto tmp403 = tmp402 * tmp1;
        auto tmp404 = metal::floor(tmp403);
        auto tmp405 = tmp404 * tmp4;
        auto tmp406 = tmp402 - tmp405;
        auto tmp408 = tmp407 * tmp8;
        auto tmp409 = static_cast<float>(tmp408);
        auto tmp411 = static_cast<float>(tmp410);
        auto tmp412 = tmp411 + tmp13;
        auto tmp413 = tmp412 > tmp15;
        auto tmp414 = metal::precise::exp(tmp412);
        auto tmp415 = tmp414 + tmp18;
        auto tmp416 = metal::precise::log(tmp415);
        auto tmp417 = tmp413 ? tmp412 : static_cast<decltype(tmp412)>(tmp416);
        auto tmp418 = tmp409 * tmp417;
        auto tmp419 = tmp406 + tmp418;
        auto tmp420 = tmp419 * tmp1;
        auto tmp421 = metal::floor(tmp420);
        auto tmp422 = tmp421 * tmp4;
        auto tmp423 = tmp419 - tmp422;
        auto tmp425 = tmp424 * tmp1;
        auto tmp426 = metal::floor(tmp425);
        auto tmp427 = tmp426 * tmp4;
        auto tmp428 = tmp424 - tmp427;
        auto tmp430 = tmp429 * tmp8;
        auto tmp431 = static_cast<float>(tmp430);
        auto tmp433 = static_cast<float>(tmp432);
        auto tmp434 = tmp433 + tmp13;
        auto tmp435 = tmp434 > tmp15;
        auto tmp436 = metal::precise::exp(tmp434);
        auto tmp437 = tmp436 + tmp18;
        auto tmp438 = metal::precise::log(tmp437);
        auto tmp439 = tmp435 ? tmp434 : static_cast<decltype(tmp434)>(tmp438);
        auto tmp440 = tmp431 * tmp439;
        auto tmp441 = tmp428 + tmp440;
        auto tmp442 = tmp441 * tmp1;
        auto tmp443 = metal::floor(tmp442);
        auto tmp444 = tmp443 * tmp4;
        auto tmp445 = tmp441 - tmp444;
        auto tmp447 = tmp446 * tmp1;
        auto tmp448 = metal::floor(tmp447);
        auto tmp449 = tmp448 * tmp4;
        auto tmp450 = tmp446 - tmp449;
        auto tmp452 = tmp451 * tmp8;
        auto tmp453 = static_cast<float>(tmp452);
        auto tmp455 = static_cast<float>(tmp454);
        auto tmp456 = tmp455 + tmp13;
        auto tmp457 = tmp456 > tmp15;
        auto tmp458 = metal::precise::exp(tmp456);
        auto tmp459 = tmp458 + tmp18;
        auto tmp460 = metal::precise::log(tmp459);
        auto tmp461 = tmp457 ? tmp456 : static_cast<decltype(tmp456)>(tmp460);
        auto tmp462 = tmp453 * tmp461;
        auto tmp463 = tmp450 + tmp462;
        auto tmp464 = tmp463 * tmp1;
        auto tmp465 = metal::floor(tmp464);
        auto tmp466 = tmp465 * tmp4;
        auto tmp467 = tmp463 - tmp466;
        auto tmp469 = tmp468 * tmp1;
        auto tmp470 = metal::floor(tmp469);
        auto tmp471 = tmp470 * tmp4;
        auto tmp472 = tmp468 - tmp471;
        auto tmp474 = tmp473 * tmp8;
        auto tmp475 = static_cast<float>(tmp474);
        auto tmp477 = static_cast<float>(tmp476);
        auto tmp478 = tmp477 + tmp13;
        auto tmp479 = tmp478 > tmp15;
        auto tmp480 = metal::precise::exp(tmp478);
        auto tmp481 = tmp480 + tmp18;
        auto tmp482 = metal::precise::log(tmp481);
        auto tmp483 = tmp479 ? tmp478 : static_cast<decltype(tmp478)>(tmp482);
        auto tmp484 = tmp475 * tmp483;
        auto tmp485 = tmp472 + tmp484;
        auto tmp486 = tmp485 * tmp1;
        auto tmp487 = metal::floor(tmp486);
        auto tmp488 = tmp487 * tmp4;
        auto tmp489 = tmp485 - tmp488;
        auto tmp491 = tmp490 * tmp1;
        auto tmp492 = metal::floor(tmp491);
        auto tmp493 = tmp492 * tmp4;
        auto tmp494 = tmp490 - tmp493;
        auto tmp496 = tmp495 * tmp8;
        auto tmp497 = static_cast<float>(tmp496);
        auto tmp499 = static_cast<float>(tmp498);
        auto tmp500 = tmp499 + tmp13;
        auto tmp501 = tmp500 > tmp15;
        auto tmp502 = metal::precise::exp(tmp500);
        auto tmp503 = tmp502 + tmp18;
        auto tmp504 = metal::precise::log(tmp503);
        auto tmp505 = tmp501 ? tmp500 : static_cast<decltype(tmp500)>(tmp504);
        auto tmp506 = tmp497 * tmp505;
        auto tmp507 = tmp494 + tmp506;
        auto tmp508 = tmp507 * tmp1;
        auto tmp509 = metal::floor(tmp508);
        auto tmp510 = tmp509 * tmp4;
        auto tmp511 = tmp507 - tmp510;
        auto tmp513 = tmp512 * tmp1;
        auto tmp514 = metal::floor(tmp513);
        auto tmp515 = tmp514 * tmp4;
        auto tmp516 = tmp512 - tmp515;
        auto tmp518 = tmp517 * tmp8;
        auto tmp519 = static_cast<float>(tmp518);
        auto tmp521 = static_cast<float>(tmp520);
        auto tmp522 = tmp521 + tmp13;
        auto tmp523 = tmp522 > tmp15;
        auto tmp524 = metal::precise::exp(tmp522);
        auto tmp525 = tmp524 + tmp18;
        auto tmp526 = metal::precise::log(tmp525);
        auto tmp527 = tmp523 ? tmp522 : static_cast<decltype(tmp522)>(tmp526);
        auto tmp528 = tmp519 * tmp527;
        auto tmp529 = tmp516 + tmp528;
        auto tmp530 = tmp529 * tmp1;
        auto tmp531 = metal::floor(tmp530);
        auto tmp532 = tmp531 * tmp4;
        auto tmp533 = tmp529 - tmp532;
        auto tmp535 = tmp534 * tmp1;
        auto tmp536 = metal::floor(tmp535);
        auto tmp537 = tmp536 * tmp4;
        auto tmp538 = tmp534 - tmp537;
        auto tmp540 = tmp539 * tmp8;
        auto tmp541 = static_cast<float>(tmp540);
        auto tmp543 = static_cast<float>(tmp542);
        auto tmp544 = tmp543 + tmp13;
        auto tmp545 = tmp544 > tmp15;
        auto tmp546 = metal::precise::exp(tmp544);
        auto tmp547 = tmp546 + tmp18;
        auto tmp548 = metal::precise::log(tmp547);
        auto tmp549 = tmp545 ? tmp544 : static_cast<decltype(tmp544)>(tmp548);
        auto tmp550 = tmp541 * tmp549;
        auto tmp551 = tmp538 + tmp550;
        auto tmp552 = tmp551 * tmp1;
        auto tmp553 = metal::floor(tmp552);
        auto tmp554 = tmp553 * tmp4;
        auto tmp555 = tmp551 - tmp554;
        auto tmp557 = tmp556 * tmp1;
        auto tmp558 = metal::floor(tmp557);
        auto tmp559 = tmp558 * tmp4;
        auto tmp560 = tmp556 - tmp559;
        auto tmp562 = tmp561 * tmp8;
        auto tmp563 = static_cast<float>(tmp562);
        auto tmp565 = static_cast<float>(tmp564);
        auto tmp566 = tmp565 + tmp13;
        auto tmp567 = tmp566 > tmp15;
        auto tmp568 = metal::precise::exp(tmp566);
        auto tmp569 = tmp568 + tmp18;
        auto tmp570 = metal::precise::log(tmp569);
        auto tmp571 = tmp567 ? tmp566 : static_cast<decltype(tmp566)>(tmp570);
        auto tmp572 = tmp563 * tmp571;
        auto tmp573 = tmp560 + tmp572;
        auto tmp574 = tmp573 * tmp1;
        auto tmp575 = metal::floor(tmp574);
        auto tmp576 = tmp575 * tmp4;
        auto tmp577 = tmp573 - tmp576;
        auto tmp579 = tmp578 * tmp1;
        auto tmp580 = metal::floor(tmp579);
        auto tmp581 = tmp580 * tmp4;
        auto tmp582 = tmp578 - tmp581;
        auto tmp584 = tmp583 * tmp8;
        auto tmp585 = static_cast<float>(tmp584);
        auto tmp587 = static_cast<float>(tmp586);
        auto tmp588 = tmp587 + tmp13;
        auto tmp589 = tmp588 > tmp15;
        auto tmp590 = metal::precise::exp(tmp588);
        auto tmp591 = tmp590 + tmp18;
        auto tmp592 = metal::precise::log(tmp591);
        auto tmp593 = tmp589 ? tmp588 : static_cast<decltype(tmp588)>(tmp592);
        auto tmp594 = tmp585 * tmp593;
        auto tmp595 = tmp582 + tmp594;
        auto tmp596 = tmp595 * tmp1;
        auto tmp597 = metal::floor(tmp596);
        auto tmp598 = tmp597 * tmp4;
        auto tmp599 = tmp595 - tmp598;
        auto tmp601 = tmp600 * tmp1;
        auto tmp602 = metal::floor(tmp601);
        auto tmp603 = tmp602 * tmp4;
        auto tmp604 = tmp600 - tmp603;
        auto tmp606 = tmp605 * tmp8;
        auto tmp607 = static_cast<float>(tmp606);
        auto tmp609 = static_cast<float>(tmp608);
        auto tmp610 = tmp609 + tmp13;
        auto tmp611 = tmp610 > tmp15;
        auto tmp612 = metal::precise::exp(tmp610);
        auto tmp613 = tmp612 + tmp18;
        auto tmp614 = metal::precise::log(tmp613);
        auto tmp615 = tmp611 ? tmp610 : static_cast<decltype(tmp610)>(tmp614);
        auto tmp616 = tmp607 * tmp615;
        auto tmp617 = tmp604 + tmp616;
        auto tmp618 = tmp617 * tmp1;
        auto tmp619 = metal::floor(tmp618);
        auto tmp620 = tmp619 * tmp4;
        auto tmp621 = tmp617 - tmp620;
        auto tmp623 = tmp622 * tmp1;
        auto tmp624 = metal::floor(tmp623);
        auto tmp625 = tmp624 * tmp4;
        auto tmp626 = tmp622 - tmp625;
        auto tmp628 = tmp627 * tmp8;
        auto tmp629 = static_cast<float>(tmp628);
        auto tmp631 = static_cast<float>(tmp630);
        auto tmp632 = tmp631 + tmp13;
        auto tmp633 = tmp632 > tmp15;
        auto tmp634 = metal::precise::exp(tmp632);
        auto tmp635 = tmp634 + tmp18;
        auto tmp636 = metal::precise::log(tmp635);
        auto tmp637 = tmp633 ? tmp632 : static_cast<decltype(tmp632)>(tmp636);
        auto tmp638 = tmp629 * tmp637;
        auto tmp639 = tmp626 + tmp638;
        auto tmp640 = tmp639 * tmp1;
        auto tmp641 = metal::floor(tmp640);
        auto tmp642 = tmp641 * tmp4;
        auto tmp643 = tmp639 - tmp642;
        auto tmp645 = tmp644 * tmp1;
        auto tmp646 = metal::floor(tmp645);
        auto tmp647 = tmp646 * tmp4;
        auto tmp648 = tmp644 - tmp647;
        auto tmp650 = tmp649 * tmp8;
        auto tmp651 = static_cast<float>(tmp650);
        auto tmp653 = static_cast<float>(tmp652);
        auto tmp654 = tmp653 + tmp13;
        auto tmp655 = tmp654 > tmp15;
        auto tmp656 = metal::precise::exp(tmp654);
        auto tmp657 = tmp656 + tmp18;
        auto tmp658 = metal::precise::log(tmp657);
        auto tmp659 = tmp655 ? tmp654 : static_cast<decltype(tmp654)>(tmp658);
        auto tmp660 = tmp651 * tmp659;
        auto tmp661 = tmp648 + tmp660;
        auto tmp662 = tmp661 * tmp1;
        auto tmp663 = metal::floor(tmp662);
        auto tmp664 = tmp663 * tmp4;
        auto tmp665 = tmp661 - tmp664;
        auto tmp667 = tmp666 * tmp1;
        auto tmp668 = metal::floor(tmp667);
        auto tmp669 = tmp668 * tmp4;
        auto tmp670 = tmp666 - tmp669;
        auto tmp672 = tmp671 * tmp8;
        auto tmp673 = static_cast<float>(tmp672);
        auto tmp675 = static_cast<float>(tmp674);
        auto tmp676 = tmp675 + tmp13;
        auto tmp677 = tmp676 > tmp15;
        auto tmp678 = metal::precise::exp(tmp676);
        auto tmp679 = tmp678 + tmp18;
        auto tmp680 = metal::precise::log(tmp679);
        auto tmp681 = tmp677 ? tmp676 : static_cast<decltype(tmp676)>(tmp680);
        auto tmp682 = tmp673 * tmp681;
        auto tmp683 = tmp670 + tmp682;
        auto tmp684 = tmp683 * tmp1;
        auto tmp685 = metal::floor(tmp684);
        auto tmp686 = tmp685 * tmp4;
        auto tmp687 = tmp683 - tmp686;
        auto tmp689 = tmp688 * tmp1;
        auto tmp690 = metal::floor(tmp689);
        auto tmp691 = tmp690 * tmp4;
        auto tmp692 = tmp688 - tmp691;
        auto tmp694 = tmp693 * tmp8;
        auto tmp695 = static_cast<float>(tmp694);
        auto tmp697 = static_cast<float>(tmp696);
        auto tmp698 = tmp697 + tmp13;
        auto tmp699 = tmp698 > tmp15;
        auto tmp700 = metal::precise::exp(tmp698);
        auto tmp701 = tmp700 + tmp18;
        auto tmp702 = metal::precise::log(tmp701);
        auto tmp703 = tmp699 ? tmp698 : static_cast<decltype(tmp698)>(tmp702);
        auto tmp704 = tmp695 * tmp703;
        auto tmp705 = tmp692 + tmp704;
        auto tmp706 = tmp705 * tmp1;
        auto tmp707 = metal::floor(tmp706);
        auto tmp708 = tmp707 * tmp4;
        auto tmp709 = tmp705 - tmp708;
        out_ptr0[x0 + 196608*x1] = static_cast<float>(tmp6);
        out_ptr1[x0 + 196608*x1] = static_cast<float>(tmp27);
        out_ptr2[x0 + 196608*x1] = static_cast<float>(tmp32);
        out_ptr3[x0 + 196608*x1] = static_cast<float>(tmp49);
        out_ptr4[x0 + 196608*x1] = static_cast<float>(tmp54);
        out_ptr5[x0 + 196608*x1] = static_cast<float>(tmp71);
        out_ptr6[x0 + 196608*x1] = static_cast<float>(tmp76);
        out_ptr7[x0 + 196608*x1] = static_cast<float>(tmp93);
        out_ptr8[x0 + 196608*x1] = static_cast<float>(tmp98);
        out_ptr9[x0 + 196608*x1] = static_cast<float>(tmp115);
        out_ptr10[x0 + 196608*x1] = static_cast<float>(tmp120);
        out_ptr11[x0 + 196608*x1] = static_cast<float>(tmp137);
        out_ptr12[x0 + 196608*x1] = static_cast<float>(tmp142);
        out_ptr13[x0 + 196608*x1] = static_cast<float>(tmp159);
        out_ptr14[x0 + 196608*x1] = static_cast<float>(tmp164);
        out_ptr15[x0 + 196608*x1] = static_cast<float>(tmp181);
        out_ptr16[x0 + 196608*x1] = static_cast<float>(tmp186);
        out_ptr17[x0 + 196608*x1] = static_cast<float>(tmp203);
        out_ptr18[x0 + 196608*x1] = static_cast<float>(tmp208);
        out_ptr19[x0 + 196608*x1] = static_cast<float>(tmp225);
        out_ptr20[x0 + 196608*x1] = static_cast<float>(tmp230);
        out_ptr21[x0 + 196608*x1] = static_cast<float>(tmp247);
        out_ptr22[x0 + 196608*x1] = static_cast<float>(tmp252);
        out_ptr23[x0 + 196608*x1] = static_cast<float>(tmp269);
        out_ptr24[x0 + 196608*x1] = static_cast<float>(tmp274);
        out_ptr25[x0 + 196608*x1] = static_cast<float>(tmp291);
        out_ptr26[x0 + 196608*x1] = static_cast<float>(tmp296);
        out_ptr27[x0 + 196608*x1] = static_cast<float>(tmp313);
        out_ptr28[x0 + 196608*x1] = static_cast<float>(tmp318);
        out_ptr29[x0 + 196608*x1] = static_cast<float>(tmp335);
        out_ptr30[x0 + 196608*x1] = static_cast<float>(tmp340);
        out_ptr31[x0 + 196608*x1] = static_cast<float>(tmp357);
        out_ptr32[x0 + 196608*x1] = static_cast<float>(tmp362);
        out_ptr33[x0 + 196608*x1] = static_cast<float>(tmp379);
        out_ptr34[x0 + 196608*x1] = static_cast<float>(tmp384);
        out_ptr35[x0 + 196608*x1] = static_cast<float>(tmp401);
        out_ptr36[x0 + 196608*x1] = static_cast<float>(tmp406);
        out_ptr37[x0 + 196608*x1] = static_cast<float>(tmp423);
        out_ptr38[x0 + 196608*x1] = static_cast<float>(tmp428);
        out_ptr39[x0 + 196608*x1] = static_cast<float>(tmp445);
        out_ptr40[x0 + 196608*x1] = static_cast<float>(tmp450);
        out_ptr41[x0 + 196608*x1] = static_cast<float>(tmp467);
        out_ptr42[x0 + 196608*x1] = static_cast<float>(tmp472);
        out_ptr43[x0 + 196608*x1] = static_cast<float>(tmp489);
        out_ptr44[x0 + 196608*x1] = static_cast<float>(tmp494);
        out_ptr45[x0 + 196608*x1] = static_cast<float>(tmp511);
        out_ptr46[x0 + 196608*x1] = static_cast<float>(tmp516);
        out_ptr47[x0 + 196608*x1] = static_cast<float>(tmp533);
        out_ptr48[x0 + 196608*x1] = static_cast<float>(tmp538);
        out_ptr49[x0 + 196608*x1] = static_cast<float>(tmp555);
        out_ptr50[x0 + 196608*x1] = static_cast<float>(tmp560);
        out_ptr51[x0 + 196608*x1] = static_cast<float>(tmp577);
        out_ptr52[x0 + 196608*x1] = static_cast<float>(tmp582);
        out_ptr53[x0 + 196608*x1] = static_cast<float>(tmp599);
        out_ptr54[x0 + 196608*x1] = static_cast<float>(tmp604);
        out_ptr55[x0 + 196608*x1] = static_cast<float>(tmp621);
        out_ptr56[x0 + 196608*x1] = static_cast<float>(tmp626);
        out_ptr57[x0 + 196608*x1] = static_cast<float>(tmp643);
        out_ptr58[x0 + 196608*x1] = static_cast<float>(tmp648);
        out_ptr59[x0 + 196608*x1] = static_cast<float>(tmp665);
        out_ptr60[x0 + 196608*x1] = static_cast<float>(tmp670);
        out_ptr61[x0 + 196608*x1] = static_cast<float>(tmp687);
        out_ptr62[x0 + 196608*x1] = static_cast<float>(tmp692);
        out_ptr63[x0 + 196608*x1] = static_cast<float>(tmp709);
    }




    kernel void generated_kernel_32(
        device bfloat* out_ptr0,
        constant bfloat* in_ptr0,
        constant float* in_ptr1,
        device c10::metal::ErrorMessages* error_buf,
        uint2 thread_pos [[thread_position_in_grid]]
    ) {
        auto yindex = thread_pos.x;
        auto xindex = thread_pos.y;
        int x3 = xindex;
        int y2 = c10::metal::floor_divide(yindex, 768);
        int y4 = (yindex) % (768);
        int y5 = c10::metal::floor_divide(yindex, 64);
        int y6 = yindex;
        auto tmp0 = static_cast<float>(in_ptr0[768 + y4 + 1860*x3 + 952320*y2]);
        auto tmp2 = in_ptr1[63 + 512*y5];
        auto tmp3 = in_ptr1[x3 + 512*y5];
        auto tmp1 = static_cast<float>(tmp0);
        auto tmp4 = tmp2 - tmp3;
        auto tmp5 = metal::precise::exp(tmp4);
        auto tmp6 = tmp1 * tmp5;
        auto tmp7 = static_cast<bfloat>(tmp6);
        out_ptr0[x3 + 64*y6] = static_cast<bfloat>(tmp7);
    }




    kernel void generated_kernel_33(
        device bfloat* out_ptr0,
        constant bfloat* in_ptr0,
        constant float* in_ptr1,
        device c10::metal::ErrorMessages* error_buf,
        uint2 thread_pos [[thread_position_in_grid]]
    ) {
        auto yindex = thread_pos.x;
        auto xindex = thread_pos.y;
        int x3 = xindex;
        int y2 = c10::metal::floor_divide(yindex, 768);
        int y4 = (yindex) % (768);
        int y5 = c10::metal::floor_divide(yindex, 64);
        int y6 = yindex;
        auto tmp0 = static_cast<float>(in_ptr0[119808 + y4 + 1860*x3 + 952320*y2]);
        auto tmp2 = in_ptr1[127 + 512*y5];
        auto tmp3 = in_ptr1[64 + x3 + 512*y5];
        auto tmp1 = static_cast<float>(tmp0);
        auto tmp4 = tmp2 - tmp3;
        auto tmp5 = metal::precise::exp(tmp4);
        auto tmp6 = tmp1 * tmp5;
        auto tmp7 = static_cast<bfloat>(tmp6);
        out_ptr0[x3 + 64*y6] = static_cast<bfloat>(tmp7);
    }




    kernel void generated_kernel_34(
        device bfloat* out_ptr0,
        constant bfloat* in_ptr0,
        constant float* in_ptr1,
        device c10::metal::ErrorMessages* error_buf,
        uint2 thread_pos [[thread_position_in_grid]]
    ) {
        auto yindex = thread_pos.x;
        auto xindex = thread_pos.y;
        int x3 = xindex;
        int y2 = c10::metal::floor_divide(yindex, 768);
        int y4 = (yindex) % (768);
        int y5 = c10::metal::floor_divide(yindex, 64);
        int y6 = yindex;
        auto tmp0 = static_cast<float>(in_ptr0[238848 + y4 + 1860*x3 + 952320*y2]);
        auto tmp2 = in_ptr1[191 + 512*y5];
        auto tmp3 = in_ptr1[128 + x3 + 512*y5];
        auto tmp1 = static_cast<float>(tmp0);
        auto tmp4 = tmp2 - tmp3;
        auto tmp5 = metal::precise::exp(tmp4);
        auto tmp6 = tmp1 * tmp5;
        auto tmp7 = static_cast<bfloat>(tmp6);
        out_ptr0[x3 + 64*y6] = static_cast<bfloat>(tmp7);
    }




    kernel void generated_kernel_35(
        device bfloat* out_ptr0,
        constant bfloat* in_ptr0,
        constant float* in_ptr1,
        device c10::metal::ErrorMessages* error_buf,
        uint2 thread_pos [[thread_position_in_grid]]
    ) {
        auto yindex = thread_pos.x;
        auto xindex = thread_pos.y;
        int x3 = xindex;
        int y2 = c10::metal::floor_divide(yindex, 768);
        int y4 = (yindex) % (768);
        int y5 = c10::metal::floor_divide(yindex, 64);
        int y6 = yindex;
        auto tmp0 = static_cast<float>(in_ptr0[357888 + y4 + 1860*x3 + 952320*y2]);
        auto tmp2 = in_ptr1[255 + 512*y5];
        auto tmp3 = in_ptr1[192 + x3 + 512*y5];
        auto tmp1 = static_cast<float>(tmp0);
        auto tmp4 = tmp2 - tmp3;
        auto tmp5 = metal::precise::exp(tmp4);
        auto tmp6 = tmp1 * tmp5;
        auto tmp7 = static_cast<bfloat>(tmp6);
        out_ptr0[x3 + 64*y6] = static_cast<bfloat>(tmp7);
    }




    kernel void generated_kernel_36(
        device bfloat* out_ptr0,
        constant bfloat* in_ptr0,
        constant float* in_ptr1,
        device c10::metal::ErrorMessages* error_buf,
        uint2 thread_pos [[thread_position_in_grid]]
    ) {
        auto yindex = thread_pos.x;
        auto xindex = thread_pos.y;
        int x3 = xindex;
        int y2 = c10::metal::floor_divide(yindex, 768);
        int y4 = (yindex) % (768);
        int y5 = c10::metal::floor_divide(yindex, 64);
        int y6 = yindex;
        auto tmp0 = static_cast<float>(in_ptr0[476928 + y4 + 1860*x3 + 952320*y2]);
        auto tmp2 = in_ptr1[319 + 512*y5];
        auto tmp3 = in_ptr1[256 + x3 + 512*y5];
        auto tmp1 = static_cast<float>(tmp0);
        auto tmp4 = tmp2 - tmp3;
        auto tmp5 = metal::precise::exp(tmp4);
        auto tmp6 = tmp1 * tmp5;
        auto tmp7 = static_cast<bfloat>(tmp6);
        out_ptr0[x3 + 64*y6] = static_cast<bfloat>(tmp7);
    }




    kernel void generated_kernel_37(
        device bfloat* out_ptr0,
        constant bfloat* in_ptr0,
        constant float* in_ptr1,
        device c10::metal::ErrorMessages* error_buf,
        uint2 thread_pos [[thread_position_in_grid]]
    ) {
        auto yindex = thread_pos.x;
        auto xindex = thread_pos.y;
        int x3 = xindex;
        int y2 = c10::metal::floor_divide(yindex, 768);
        int y4 = (yindex) % (768);
        int y5 = c10::metal::floor_divide(yindex, 64);
        int y6 = yindex;
        auto tmp0 = static_cast<float>(in_ptr0[595968 + y4 + 1860*x3 + 952320*y2]);
        auto tmp2 = in_ptr1[383 + 512*y5];
        auto tmp3 = in_ptr1[320 + x3 + 512*y5];
        auto tmp1 = static_cast<float>(tmp0);
        auto tmp4 = tmp2 - tmp3;
        auto tmp5 = metal::precise::exp(tmp4);
        auto tmp6 = tmp1 * tmp5;
        auto tmp7 = static_cast<bfloat>(tmp6);
        out_ptr0[x3 + 64*y6] = static_cast<bfloat>(tmp7);
    }




    kernel void generated_kernel_38(
        device bfloat* out_ptr0,
        constant bfloat* in_ptr0,
        constant float* in_ptr1,
        device c10::metal::ErrorMessages* error_buf,
        uint2 thread_pos [[thread_position_in_grid]]
    ) {
        auto yindex = thread_pos.x;
        auto xindex = thread_pos.y;
        int x3 = xindex;
        int y2 = c10::metal::floor_divide(yindex, 768);
        int y4 = (yindex) % (768);
        int y5 = c10::metal::floor_divide(yindex, 64);
        int y6 = yindex;
        auto tmp0 = static_cast<float>(in_ptr0[715008 + y4 + 1860*x3 + 952320*y2]);
        auto tmp2 = in_ptr1[447 + 512*y5];
        auto tmp3 = in_ptr1[384 + x3 + 512*y5];
        auto tmp1 = static_cast<float>(tmp0);
        auto tmp4 = tmp2 - tmp3;
        auto tmp5 = metal::precise::exp(tmp4);
        auto tmp6 = tmp1 * tmp5;
        auto tmp7 = static_cast<bfloat>(tmp6);
        out_ptr0[x3 + 64*y6] = static_cast<bfloat>(tmp7);
    }




    kernel void generated_kernel_39(
        device bfloat* out_ptr0,
        constant bfloat* in_ptr0,
        device c10::metal::ErrorMessages* error_buf,
        uint xindex [[thread_position_in_grid]]
    ) {
        int x0 = (xindex) % (64);
        int x1 = ((xindex) / (64)) % (64);
        int x2 = ((xindex) / (4096)) % (12);
        int x3 = c10::metal::floor_divide(xindex, 49152);
        int x4 = xindex;
        auto tmp0 = static_cast<float>(in_ptr0[768 + x0 + 64*x2 + 1860*x1 + 119040*x3]);
        out_ptr0[x4] = static_cast<bfloat>(tmp0);
    }




    kernel void generated_kernel_40(
        device float* out_ptr0,
        constant float* in_ptr0,
        device c10::metal::ErrorMessages* error_buf,
        uint xindex [[thread_position_in_grid]]
    ) {
        int x0 = (xindex) % (64);
        int x2 = ((xindex) / (768)) % (64);
        int x4 = c10::metal::floor_divide(xindex, 64);
        int x5 = xindex;
        auto tmp7 = in_ptr0[x4];
        auto tmp0 = x0 + ((-1)*x2);
        auto tmp1 = static_cast<long>(tmp0);
        auto tmp2 = -1;
        auto tmp3 = tmp1 <= tmp2;
        auto tmp4 = true;
        auto tmp5 = tmp3 && tmp4;
        auto tmp6 = tmp5 == 0;
        auto tmp8 = 0.0;
        auto tmp9 = tmp6 ? tmp8 : static_cast<decltype(tmp8)>(tmp7);
        out_ptr0[x5] = static_cast<float>(tmp9);
    }




    kernel void generated_kernel_41(
        device float* out_ptr0,
        device float* out_ptr1,
        device float* out_ptr2,
        device float* out_ptr3,
        device float* out_ptr4,
        device float* out_ptr5,
        constant float* in_ptr0,
        constant bfloat* in_ptr1,
        constant float* in_ptr2,
        constant float* in_ptr3,
        constant float* in_ptr4,
        constant float* in_ptr5,
        constant float* in_ptr6,
        constant float* in_ptr7,
        device c10::metal::ErrorMessages* error_buf,
        uint xindex [[thread_position_in_grid]]
    ) {
        int x0 = (xindex) % (64);
        int x1 = c10::metal::floor_divide(xindex, 64);
        int x4 = xindex;
        int x3 = c10::metal::floor_divide(xindex, 768);
        int x5 = (xindex) % (768);
        auto tmp15 = static_cast<float>(in_ptr1[1664 + 2*x0 + 1860*x3]);
        auto tmp17 = in_ptr2[x3];
        auto tmp22 = in_ptr3[2*x0];
        auto tmp24 = in_ptr4[2*x5];
        auto tmp27 = static_cast<float>(in_ptr1[1665 + 2*x0 + 1860*x3]);
        auto tmp30 = in_ptr3[1 + 2*x0];
        auto tmp32 = in_ptr4[1 + 2*x5];
        auto tmp39 = static_cast<float>(in_ptr1[1536 + 2*x0 + 1860*x3]);
        auto tmp41 = in_ptr5[x3];
        auto tmp45 = in_ptr6[2*x0];
        auto tmp47 = in_ptr7[2*x5];
        auto tmp50 = static_cast<float>(in_ptr1[1537 + 2*x0 + 1860*x3]);
        auto tmp53 = in_ptr6[1 + 2*x0];
        auto tmp55 = in_ptr7[1 + 2*x5];
        auto tmp0 = x0;
        auto tmp1 = static_cast<long>(tmp0);
        auto tmp2 = 0;
        auto tmp3 = tmp1 >= tmp2;
        auto tmp4 = 32;
        auto tmp5 = tmp1 < tmp4;
        float tmp6;
        if (tmp5) {
            auto tmp_scoped0 = in_ptr0[32*x1 + (x0)];
            auto tmp_scoped1 = metal::precise::cos(tmp_scoped0);
            tmp6 = static_cast<decltype(tmp6)>(tmp_scoped1);
        } else tmp6 = static_cast<decltype(tmp6)>(0.0);
        auto tmp7 = tmp1 >= tmp4;
        auto tmp8 = 64;
        auto tmp9 = tmp1 < tmp8;
        float tmp10;
        if (tmp7) {
            auto tmp_scoped0 = 1.0;
            tmp10 = static_cast<decltype(tmp10)>(tmp_scoped0);
        } else tmp10 = static_cast<decltype(tmp10)>(0.0);
        auto tmp11 = tmp5 ? tmp6 : static_cast<decltype(tmp6)>(tmp10);
        float tmp12;
        if (tmp5) {
            auto tmp_scoped0 = in_ptr0[32*x1 + (x0)];
            auto tmp_scoped1 = metal::precise::sin(tmp_scoped0);
            tmp12 = static_cast<decltype(tmp12)>(tmp_scoped1);
        } else tmp12 = static_cast<decltype(tmp12)>(0.0);
        float tmp13;
        if (tmp7) {
            auto tmp_scoped0 = 0.0;
            tmp13 = static_cast<decltype(tmp13)>(tmp_scoped0);
        } else tmp13 = static_cast<decltype(tmp13)>(0.0);
        auto tmp14 = tmp5 ? tmp12 : static_cast<decltype(tmp12)>(tmp13);
        auto tmp16 = static_cast<float>(tmp15);
        auto tmp18 = 1.0;
        auto tmp19 = tmp18 / tmp17;
        auto tmp20 = tmp19 * tmp18;
        auto tmp21 = tmp16 * tmp20;
        auto tmp23 = tmp21 * tmp22;
        auto tmp25 = tmp23 + tmp24;
        auto tmp26 = tmp25 * tmp11;
        auto tmp28 = static_cast<float>(tmp27);
        auto tmp29 = tmp28 * tmp20;
        auto tmp31 = tmp29 * tmp30;
        auto tmp33 = tmp31 + tmp32;
        auto tmp34 = tmp33 * tmp14;
        auto tmp35 = tmp26 - tmp34;
        auto tmp36 = tmp25 * tmp14;
        auto tmp37 = tmp33 * tmp11;
        auto tmp38 = tmp36 + tmp37;
        auto tmp40 = static_cast<float>(tmp39);
        auto tmp42 = tmp18 / tmp41;
        auto tmp43 = tmp42 * tmp18;
        auto tmp44 = tmp40 * tmp43;
        auto tmp46 = tmp44 * tmp45;
        auto tmp48 = tmp46 + tmp47;
        auto tmp49 = tmp48 * tmp11;
        auto tmp51 = static_cast<float>(tmp50);
        auto tmp52 = tmp51 * tmp43;
        auto tmp54 = tmp52 * tmp53;
        auto tmp56 = tmp54 + tmp55;
        auto tmp57 = tmp56 * tmp14;
        auto tmp58 = tmp49 - tmp57;
        auto tmp59 = tmp48 * tmp14;
        auto tmp60 = tmp56 * tmp11;
        auto tmp61 = tmp59 + tmp60;
        out_ptr0[x4] = static_cast<float>(tmp11);
        out_ptr1[x4] = static_cast<float>(tmp14);
        out_ptr2[x4] = static_cast<float>(tmp35);
        out_ptr3[x4] = static_cast<float>(tmp38);
        out_ptr4[x4] = static_cast<float>(tmp58);
        out_ptr5[x4] = static_cast<float>(tmp61);
    }




    kernel void generated_kernel_42(
        device float* out_ptr0,
        constant float* in_ptr0,
        constant float* in_ptr1,
        device c10::metal::ErrorMessages* error_buf,
        uint xindex [[thread_position_in_grid]]
    ) {
        int x0 = (xindex) % (2);
        int x1 = c10::metal::floor_divide(xindex, 2);
        int x2 = xindex;
        auto tmp0 = x0;
        auto tmp1 = static_cast<long>(tmp0);
        auto tmp2 = 0;
        auto tmp3 = tmp1 >= tmp2;
        auto tmp4 = 1;
        auto tmp5 = tmp1 < tmp4;
        float tmp6;
        if (tmp5) {
            auto tmp_scoped0 = in_ptr0[x1];
            tmp6 = static_cast<decltype(tmp6)>(tmp_scoped0);
        } else tmp6 = static_cast<decltype(tmp6)>(0.0);
        auto tmp7 = tmp1 >= tmp4;
        auto tmp8 = 2;
        auto tmp9 = tmp1 < tmp8;
        float tmp10;
        if (tmp7) {
            auto tmp_scoped0 = in_ptr1[x1];
            tmp10 = static_cast<decltype(tmp10)>(tmp_scoped0);
        } else tmp10 = static_cast<decltype(tmp10)>(0.0);
        auto tmp11 = tmp5 ? tmp6 : static_cast<decltype(tmp6)>(tmp10);
        out_ptr0[x2] = static_cast<float>(tmp11);
    }




    kernel void generated_kernel_43(
        device bfloat* out_ptr0,
        constant float* in_ptr0,
        constant float* in_ptr1,
        device c10::metal::ErrorMessages* error_buf,
        uint xindex [[thread_position_in_grid]]
    ) {
        int x5 = xindex;
        int x3 = c10::metal::floor_divide(xindex, 98304);
        int x6 = (xindex) % (98304);
        int x0 = (xindex) % (128);
        int x1 = ((xindex) / (128)) % (12);
        int x2 = ((xindex) / (1536)) % (64);
        auto tmp0 = (x5) % (2);
        auto tmp1 = static_cast<long>(tmp0);
        auto tmp2 = 0;
        auto tmp3 = tmp1 >= tmp2;
        auto tmp4 = 1;
        auto tmp5 = tmp1 < tmp4;
        float tmp6;
        if (tmp5) {
            auto tmp_scoped0 = in_ptr0[393216*x3 + (c10::metal::floor_divide(x6, 2))];
            tmp6 = static_cast<decltype(tmp6)>(tmp_scoped0);
        } else tmp6 = static_cast<decltype(tmp6)>(0.0);
        auto tmp7 = tmp1 >= tmp4;
        auto tmp8 = 2;
        auto tmp9 = tmp1 < tmp8;
        float tmp10;
        if (tmp7) {
            auto tmp_scoped0 = in_ptr1[393216*x3 + (c10::metal::floor_divide(x6, 2))];
            tmp10 = static_cast<decltype(tmp10)>(tmp_scoped0);
        } else tmp10 = static_cast<decltype(tmp10)>(0.0);
        auto tmp11 = tmp5 ? tmp6 : static_cast<decltype(tmp6)>(tmp10);
        auto tmp12 = static_cast<bfloat>(tmp11);
        out_ptr0[x0 + 128*x2 + 8192*x1 + 98304*x3] = static_cast<bfloat>(tmp12);
    }




    kernel void generated_kernel_44(
        device bfloat* out_ptr0,
        constant float* in_ptr0,
        constant float* in_ptr1,
        constant float* in_ptr2,
        constant bfloat* in_ptr3,
        device c10::metal::ErrorMessages* error_buf,
        uint xindex [[thread_position_in_grid]]
    ) {
        int x3 = c10::metal::floor_divide(xindex, 98304);
        int x4 = (xindex) % (98304);
        int x5 = ((xindex) / (128)) % (768);
        int x0 = (xindex) % (128);
        int x1 = ((xindex) / (128)) % (12);
        int x2 = ((xindex) / (1536)) % (64);
        auto tmp0 = in_ptr0[x4 + 786432*x3];
        auto tmp1 = in_ptr1[x5 + 6144*x3];
        auto tmp2 = in_ptr2[x5 + 6144*x3];
        auto tmp3 = static_cast<float>(in_ptr3[x5 + 6144*x3]);
        auto tmp4 = 1.0;
        auto tmp5 = tmp4 - tmp3;
        auto tmp6 = static_cast<float>(tmp5);
        auto tmp7 = tmp2 * tmp6;
        auto tmp8 = tmp1 + tmp7;
        auto tmp9 = tmp0 * tmp8;
        auto tmp10 = static_cast<bfloat>(tmp9);
        out_ptr0[x0 + 128*x2 + 8192*x1 + 98304*x3] = static_cast<bfloat>(tmp10);
    }




    kernel void generated_kernel_45(
        device bfloat* out_ptr0,
        constant float* in_ptr0,
        constant float* in_ptr1,
        constant float* in_ptr2,
        constant bfloat* in_ptr3,
        device c10::metal::ErrorMessages* error_buf,
        uint xindex [[thread_position_in_grid]]
    ) {
        int x3 = c10::metal::floor_divide(xindex, 98304);
        int x4 = (xindex) % (98304);
        int x5 = ((xindex) / (128)) % (768);
        int x0 = (xindex) % (128);
        int x1 = ((xindex) / (128)) % (12);
        int x2 = ((xindex) / (1536)) % (64);
        auto tmp0 = in_ptr0[98304 + x4 + 786432*x3];
        auto tmp1 = in_ptr1[768 + x5 + 6144*x3];
        auto tmp2 = in_ptr2[768 + x5 + 6144*x3];
        auto tmp3 = static_cast<float>(in_ptr3[768 + x5 + 6144*x3]);
        auto tmp4 = 1.0;
        auto tmp5 = tmp4 - tmp3;
        auto tmp6 = static_cast<float>(tmp5);
        auto tmp7 = tmp2 * tmp6;
        auto tmp8 = tmp1 + tmp7;
        auto tmp9 = tmp0 * tmp8;
        auto tmp10 = static_cast<bfloat>(tmp9);
        out_ptr0[x0 + 128*x2 + 8192*x1 + 98304*x3] = static_cast<bfloat>(tmp10);
    }




    kernel void generated_kernel_46(
        device bfloat* out_ptr0,
        constant float* in_ptr0,
        constant float* in_ptr1,
        constant float* in_ptr2,
        constant bfloat* in_ptr3,
        device c10::metal::ErrorMessages* error_buf,
        uint xindex [[thread_position_in_grid]]
    ) {
        int x3 = c10::metal::floor_divide(xindex, 98304);
        int x4 = (xindex) % (98304);
        int x5 = ((xindex) / (128)) % (768);
        int x0 = (xindex) % (128);
        int x1 = ((xindex) / (128)) % (12);
        int x2 = ((xindex) / (1536)) % (64);
        auto tmp0 = in_ptr0[196608 + x4 + 786432*x3];
        auto tmp1 = in_ptr1[1536 + x5 + 6144*x3];
        auto tmp2 = in_ptr2[1536 + x5 + 6144*x3];
        auto tmp3 = static_cast<float>(in_ptr3[1536 + x5 + 6144*x3]);
        auto tmp4 = 1.0;
        auto tmp5 = tmp4 - tmp3;
        auto tmp6 = static_cast<float>(tmp5);
        auto tmp7 = tmp2 * tmp6;
        auto tmp8 = tmp1 + tmp7;
        auto tmp9 = tmp0 * tmp8;
        auto tmp10 = static_cast<bfloat>(tmp9);
        out_ptr0[x0 + 128*x2 + 8192*x1 + 98304*x3] = static_cast<bfloat>(tmp10);
    }




    kernel void generated_kernel_47(
        device bfloat* out_ptr0,
        constant float* in_ptr0,
        constant float* in_ptr1,
        constant float* in_ptr2,
        constant bfloat* in_ptr3,
        device c10::metal::ErrorMessages* error_buf,
        uint xindex [[thread_position_in_grid]]
    ) {
        int x3 = c10::metal::floor_divide(xindex, 98304);
        int x4 = (xindex) % (98304);
        int x5 = ((xindex) / (128)) % (768);
        int x0 = (xindex) % (128);
        int x1 = ((xindex) / (128)) % (12);
        int x2 = ((xindex) / (1536)) % (64);
        auto tmp0 = in_ptr0[294912 + x4 + 786432*x3];
        auto tmp1 = in_ptr1[2304 + x5 + 6144*x3];
        auto tmp2 = in_ptr2[2304 + x5 + 6144*x3];
        auto tmp3 = static_cast<float>(in_ptr3[2304 + x5 + 6144*x3]);
        auto tmp4 = 1.0;
        auto tmp5 = tmp4 - tmp3;
        auto tmp6 = static_cast<float>(tmp5);
        auto tmp7 = tmp2 * tmp6;
        auto tmp8 = tmp1 + tmp7;
        auto tmp9 = tmp0 * tmp8;
        auto tmp10 = static_cast<bfloat>(tmp9);
        out_ptr0[x0 + 128*x2 + 8192*x1 + 98304*x3] = static_cast<bfloat>(tmp10);
    }




    kernel void generated_kernel_48(
        device bfloat* out_ptr0,
        constant float* in_ptr0,
        constant float* in_ptr1,
        constant float* in_ptr2,
        constant bfloat* in_ptr3,
        device c10::metal::ErrorMessages* error_buf,
        uint xindex [[thread_position_in_grid]]
    ) {
        int x3 = c10::metal::floor_divide(xindex, 98304);
        int x4 = (xindex) % (98304);
        int x5 = ((xindex) / (128)) % (768);
        int x0 = (xindex) % (128);
        int x1 = ((xindex) / (128)) % (12);
        int x2 = ((xindex) / (1536)) % (64);
        auto tmp0 = in_ptr0[393216 + x4 + 786432*x3];
        auto tmp1 = in_ptr1[3072 + x5 + 6144*x3];
        auto tmp2 = in_ptr2[3072 + x5 + 6144*x3];
        auto tmp3 = static_cast<float>(in_ptr3[3072 + x5 + 6144*x3]);
        auto tmp4 = 1.0;
        auto tmp5 = tmp4 - tmp3;
        auto tmp6 = static_cast<float>(tmp5);
        auto tmp7 = tmp2 * tmp6;
        auto tmp8 = tmp1 + tmp7;
        auto tmp9 = tmp0 * tmp8;
        auto tmp10 = static_cast<bfloat>(tmp9);
        out_ptr0[x0 + 128*x2 + 8192*x1 + 98304*x3] = static_cast<bfloat>(tmp10);
    }




    kernel void generated_kernel_49(
        device bfloat* out_ptr0,
        constant float* in_ptr0,
        constant float* in_ptr1,
        constant float* in_ptr2,
        constant bfloat* in_ptr3,
        device c10::metal::ErrorMessages* error_buf,
        uint xindex [[thread_position_in_grid]]
    ) {
        int x3 = c10::metal::floor_divide(xindex, 98304);
        int x4 = (xindex) % (98304);
        int x5 = ((xindex) / (128)) % (768);
        int x0 = (xindex) % (128);
        int x1 = ((xindex) / (128)) % (12);
        int x2 = ((xindex) / (1536)) % (64);
        auto tmp0 = in_ptr0[491520 + x4 + 786432*x3];
        auto tmp1 = in_ptr1[3840 + x5 + 6144*x3];
        auto tmp2 = in_ptr2[3840 + x5 + 6144*x3];
        auto tmp3 = static_cast<float>(in_ptr3[3840 + x5 + 6144*x3]);
        auto tmp4 = 1.0;
        auto tmp5 = tmp4 - tmp3;
        auto tmp6 = static_cast<float>(tmp5);
        auto tmp7 = tmp2 * tmp6;
        auto tmp8 = tmp1 + tmp7;
        auto tmp9 = tmp0 * tmp8;
        auto tmp10 = static_cast<bfloat>(tmp9);
        out_ptr0[x0 + 128*x2 + 8192*x1 + 98304*x3] = static_cast<bfloat>(tmp10);
    }




    kernel void generated_kernel_50(
        device bfloat* out_ptr0,
        constant float* in_ptr0,
        constant float* in_ptr1,
        constant float* in_ptr2,
        constant bfloat* in_ptr3,
        device c10::metal::ErrorMessages* error_buf,
        uint xindex [[thread_position_in_grid]]
    ) {
        int x3 = c10::metal::floor_divide(xindex, 98304);
        int x4 = (xindex) % (98304);
        int x5 = ((xindex) / (128)) % (768);
        int x0 = (xindex) % (128);
        int x1 = ((xindex) / (128)) % (12);
        int x2 = ((xindex) / (1536)) % (64);
        auto tmp0 = in_ptr0[589824 + x4 + 786432*x3];
        auto tmp1 = in_ptr1[4608 + x5 + 6144*x3];
        auto tmp2 = in_ptr2[4608 + x5 + 6144*x3];
        auto tmp3 = static_cast<float>(in_ptr3[4608 + x5 + 6144*x3]);
        auto tmp4 = 1.0;
        auto tmp5 = tmp4 - tmp3;
        auto tmp6 = static_cast<float>(tmp5);
        auto tmp7 = tmp2 * tmp6;
        auto tmp8 = tmp1 + tmp7;
        auto tmp9 = tmp0 * tmp8;
        auto tmp10 = static_cast<bfloat>(tmp9);
        out_ptr0[x0 + 128*x2 + 8192*x1 + 98304*x3] = static_cast<bfloat>(tmp10);
    }




    kernel void generated_kernel_51(
        device bfloat* out_ptr0,
        constant float* in_ptr0,
        constant float* in_ptr1,
        device c10::metal::ErrorMessages* error_buf,
        uint xindex [[thread_position_in_grid]]
    ) {
        int x5 = xindex;
        int x0 = (xindex) % (128);
        int x3 = c10::metal::floor_divide(xindex, 98304);
        int x6 = ((xindex) / (128)) % (768);
        int x1 = ((xindex) / (128)) % (12);
        int x2 = ((xindex) / (1536)) % (64);
        auto tmp0 = (x5) % (2);
        auto tmp1 = static_cast<long>(tmp0);
        auto tmp2 = 0;
        auto tmp3 = tmp1 >= tmp2;
        auto tmp4 = 1;
        auto tmp5 = tmp1 < tmp4;
        float tmp6;
        if (tmp5) {
            auto tmp_scoped0 = in_ptr0[49152 + 64*x6 + 393216*x3 + (c10::metal::floor_divide(x0, 2))];
            tmp6 = static_cast<decltype(tmp6)>(tmp_scoped0);
        } else tmp6 = static_cast<decltype(tmp6)>(0.0);
        auto tmp7 = tmp1 >= tmp4;
        auto tmp8 = 2;
        auto tmp9 = tmp1 < tmp8;
        float tmp10;
        if (tmp7) {
            auto tmp_scoped0 = in_ptr1[49152 + 64*x6 + 393216*x3 + (c10::metal::floor_divide(x0, 2))];
            tmp10 = static_cast<decltype(tmp10)>(tmp_scoped0);
        } else tmp10 = static_cast<decltype(tmp10)>(0.0);
        auto tmp11 = tmp5 ? tmp6 : static_cast<decltype(tmp6)>(tmp10);
        auto tmp12 = static_cast<bfloat>(tmp11);
        out_ptr0[x0 + 128*x2 + 8192*x1 + 98304*x3] = static_cast<bfloat>(tmp12);
    }




    kernel void generated_kernel_52(
        device bfloat* out_ptr0,
        constant float* in_ptr0,
        constant float* in_ptr1,
        device c10::metal::ErrorMessages* error_buf,
        uint xindex [[thread_position_in_grid]]
    ) {
        int x5 = xindex;
        int x0 = (xindex) % (128);
        int x3 = c10::metal::floor_divide(xindex, 98304);
        int x6 = ((xindex) / (128)) % (768);
        int x1 = ((xindex) / (128)) % (12);
        int x2 = ((xindex) / (1536)) % (64);
        auto tmp0 = (x5) % (2);
        auto tmp1 = static_cast<long>(tmp0);
        auto tmp2 = 0;
        auto tmp3 = tmp1 >= tmp2;
        auto tmp4 = 1;
        auto tmp5 = tmp1 < tmp4;
        float tmp6;
        if (tmp5) {
            auto tmp_scoped0 = in_ptr0[98304 + 64*x6 + 393216*x3 + (c10::metal::floor_divide(x0, 2))];
            tmp6 = static_cast<decltype(tmp6)>(tmp_scoped0);
        } else tmp6 = static_cast<decltype(tmp6)>(0.0);
        auto tmp7 = tmp1 >= tmp4;
        auto tmp8 = 2;
        auto tmp9 = tmp1 < tmp8;
        float tmp10;
        if (tmp7) {
            auto tmp_scoped0 = in_ptr1[98304 + 64*x6 + 393216*x3 + (c10::metal::floor_divide(x0, 2))];
            tmp10 = static_cast<decltype(tmp10)>(tmp_scoped0);
        } else tmp10 = static_cast<decltype(tmp10)>(0.0);
        auto tmp11 = tmp5 ? tmp6 : static_cast<decltype(tmp6)>(tmp10);
        auto tmp12 = static_cast<bfloat>(tmp11);
        out_ptr0[x0 + 128*x2 + 8192*x1 + 98304*x3] = static_cast<bfloat>(tmp12);
    }




    kernel void generated_kernel_53(
        device bfloat* out_ptr0,
        constant float* in_ptr0,
        constant float* in_ptr1,
        device c10::metal::ErrorMessages* error_buf,
        uint xindex [[thread_position_in_grid]]
    ) {
        int x5 = xindex;
        int x0 = (xindex) % (128);
        int x3 = c10::metal::floor_divide(xindex, 98304);
        int x6 = ((xindex) / (128)) % (768);
        int x1 = ((xindex) / (128)) % (12);
        int x2 = ((xindex) / (1536)) % (64);
        auto tmp0 = (x5) % (2);
        auto tmp1 = static_cast<long>(tmp0);
        auto tmp2 = 0;
        auto tmp3 = tmp1 >= tmp2;
        auto tmp4 = 1;
        auto tmp5 = tmp1 < tmp4;
        float tmp6;
        if (tmp5) {
            auto tmp_scoped0 = in_ptr0[147456 + 64*x6 + 393216*x3 + (c10::metal::floor_divide(x0, 2))];
            tmp6 = static_cast<decltype(tmp6)>(tmp_scoped0);
        } else tmp6 = static_cast<decltype(tmp6)>(0.0);
        auto tmp7 = tmp1 >= tmp4;
        auto tmp8 = 2;
        auto tmp9 = tmp1 < tmp8;
        float tmp10;
        if (tmp7) {
            auto tmp_scoped0 = in_ptr1[147456 + 64*x6 + 393216*x3 + (c10::metal::floor_divide(x0, 2))];
            tmp10 = static_cast<decltype(tmp10)>(tmp_scoped0);
        } else tmp10 = static_cast<decltype(tmp10)>(0.0);
        auto tmp11 = tmp5 ? tmp6 : static_cast<decltype(tmp6)>(tmp10);
        auto tmp12 = static_cast<bfloat>(tmp11);
        out_ptr0[x0 + 128*x2 + 8192*x1 + 98304*x3] = static_cast<bfloat>(tmp12);
    }




    kernel void generated_kernel_54(
        device bfloat* out_ptr0,
        constant float* in_ptr0,
        constant float* in_ptr1,
        device c10::metal::ErrorMessages* error_buf,
        uint xindex [[thread_position_in_grid]]
    ) {
        int x5 = xindex;
        int x0 = (xindex) % (128);
        int x3 = c10::metal::floor_divide(xindex, 98304);
        int x6 = ((xindex) / (128)) % (768);
        int x1 = ((xindex) / (128)) % (12);
        int x2 = ((xindex) / (1536)) % (64);
        auto tmp0 = (x5) % (2);
        auto tmp1 = static_cast<long>(tmp0);
        auto tmp2 = 0;
        auto tmp3 = tmp1 >= tmp2;
        auto tmp4 = 1;
        auto tmp5 = tmp1 < tmp4;
        float tmp6;
        if (tmp5) {
            auto tmp_scoped0 = in_ptr0[196608 + 64*x6 + 393216*x3 + (c10::metal::floor_divide(x0, 2))];
            tmp6 = static_cast<decltype(tmp6)>(tmp_scoped0);
        } else tmp6 = static_cast<decltype(tmp6)>(0.0);
        auto tmp7 = tmp1 >= tmp4;
        auto tmp8 = 2;
        auto tmp9 = tmp1 < tmp8;
        float tmp10;
        if (tmp7) {
            auto tmp_scoped0 = in_ptr1[196608 + 64*x6 + 393216*x3 + (c10::metal::floor_divide(x0, 2))];
            tmp10 = static_cast<decltype(tmp10)>(tmp_scoped0);
        } else tmp10 = static_cast<decltype(tmp10)>(0.0);
        auto tmp11 = tmp5 ? tmp6 : static_cast<decltype(tmp6)>(tmp10);
        auto tmp12 = static_cast<bfloat>(tmp11);
        out_ptr0[x0 + 128*x2 + 8192*x1 + 98304*x3] = static_cast<bfloat>(tmp12);
    }




    kernel void generated_kernel_55(
        device bfloat* out_ptr0,
        constant float* in_ptr0,
        constant float* in_ptr1,
        device c10::metal::ErrorMessages* error_buf,
        uint xindex [[thread_position_in_grid]]
    ) {
        int x5 = xindex;
        int x0 = (xindex) % (128);
        int x3 = c10::metal::floor_divide(xindex, 98304);
        int x6 = ((xindex) / (128)) % (768);
        int x1 = ((xindex) / (128)) % (12);
        int x2 = ((xindex) / (1536)) % (64);
        auto tmp0 = (x5) % (2);
        auto tmp1 = static_cast<long>(tmp0);
        auto tmp2 = 0;
        auto tmp3 = tmp1 >= tmp2;
        auto tmp4 = 1;
        auto tmp5 = tmp1 < tmp4;
        float tmp6;
        if (tmp5) {
            auto tmp_scoped0 = in_ptr0[245760 + 64*x6 + 393216*x3 + (c10::metal::floor_divide(x0, 2))];
            tmp6 = static_cast<decltype(tmp6)>(tmp_scoped0);
        } else tmp6 = static_cast<decltype(tmp6)>(0.0);
        auto tmp7 = tmp1 >= tmp4;
        auto tmp8 = 2;
        auto tmp9 = tmp1 < tmp8;
        float tmp10;
        if (tmp7) {
            auto tmp_scoped0 = in_ptr1[245760 + 64*x6 + 393216*x3 + (c10::metal::floor_divide(x0, 2))];
            tmp10 = static_cast<decltype(tmp10)>(tmp_scoped0);
        } else tmp10 = static_cast<decltype(tmp10)>(0.0);
        auto tmp11 = tmp5 ? tmp6 : static_cast<decltype(tmp6)>(tmp10);
        auto tmp12 = static_cast<bfloat>(tmp11);
        out_ptr0[x0 + 128*x2 + 8192*x1 + 98304*x3] = static_cast<bfloat>(tmp12);
    }




    kernel void generated_kernel_56(
        device bfloat* out_ptr0,
        constant float* in_ptr0,
        constant float* in_ptr1,
        device c10::metal::ErrorMessages* error_buf,
        uint xindex [[thread_position_in_grid]]
    ) {
        int x5 = xindex;
        int x0 = (xindex) % (128);
        int x3 = c10::metal::floor_divide(xindex, 98304);
        int x6 = ((xindex) / (128)) % (768);
        int x1 = ((xindex) / (128)) % (12);
        int x2 = ((xindex) / (1536)) % (64);
        auto tmp0 = (x5) % (2);
        auto tmp1 = static_cast<long>(tmp0);
        auto tmp2 = 0;
        auto tmp3 = tmp1 >= tmp2;
        auto tmp4 = 1;
        auto tmp5 = tmp1 < tmp4;
        float tmp6;
        if (tmp5) {
            auto tmp_scoped0 = in_ptr0[294912 + 64*x6 + 393216*x3 + (c10::metal::floor_divide(x0, 2))];
            tmp6 = static_cast<decltype(tmp6)>(tmp_scoped0);
        } else tmp6 = static_cast<decltype(tmp6)>(0.0);
        auto tmp7 = tmp1 >= tmp4;
        auto tmp8 = 2;
        auto tmp9 = tmp1 < tmp8;
        float tmp10;
        if (tmp7) {
            auto tmp_scoped0 = in_ptr1[294912 + 64*x6 + 393216*x3 + (c10::metal::floor_divide(x0, 2))];
            tmp10 = static_cast<decltype(tmp10)>(tmp_scoped0);
        } else tmp10 = static_cast<decltype(tmp10)>(0.0);
        auto tmp11 = tmp5 ? tmp6 : static_cast<decltype(tmp6)>(tmp10);
        auto tmp12 = static_cast<bfloat>(tmp11);
        out_ptr0[x0 + 128*x2 + 8192*x1 + 98304*x3] = static_cast<bfloat>(tmp12);
    }




    kernel void generated_kernel_57(
        device bfloat* out_ptr0,
        constant float* in_ptr0,
        constant float* in_ptr1,
        device c10::metal::ErrorMessages* error_buf,
        uint xindex [[thread_position_in_grid]]
    ) {
        int x5 = xindex;
        int x0 = (xindex) % (128);
        int x3 = c10::metal::floor_divide(xindex, 98304);
        int x6 = ((xindex) / (128)) % (768);
        int x1 = ((xindex) / (128)) % (12);
        int x2 = ((xindex) / (1536)) % (64);
        auto tmp0 = (x5) % (2);
        auto tmp1 = static_cast<long>(tmp0);
        auto tmp2 = 0;
        auto tmp3 = tmp1 >= tmp2;
        auto tmp4 = 1;
        auto tmp5 = tmp1 < tmp4;
        float tmp6;
        if (tmp5) {
            auto tmp_scoped0 = in_ptr0[344064 + 64*x6 + 393216*x3 + (c10::metal::floor_divide(x0, 2))];
            tmp6 = static_cast<decltype(tmp6)>(tmp_scoped0);
        } else tmp6 = static_cast<decltype(tmp6)>(0.0);
        auto tmp7 = tmp1 >= tmp4;
        auto tmp8 = 2;
        auto tmp9 = tmp1 < tmp8;
        float tmp10;
        if (tmp7) {
            auto tmp_scoped0 = in_ptr1[344064 + 64*x6 + 393216*x3 + (c10::metal::floor_divide(x0, 2))];
            tmp10 = static_cast<decltype(tmp10)>(tmp_scoped0);
        } else tmp10 = static_cast<decltype(tmp10)>(0.0);
        auto tmp11 = tmp5 ? tmp6 : static_cast<decltype(tmp6)>(tmp10);
        auto tmp12 = static_cast<bfloat>(tmp11);
        out_ptr0[x0 + 128*x2 + 8192*x1 + 98304*x3] = static_cast<bfloat>(tmp12);
    }




    kernel void generated_kernel_58(
        device bfloat* out_ptr0,
        constant float* in_ptr0,
        constant float* in_ptr1,
        device c10::metal::ErrorMessages* error_buf,
        uint xindex [[thread_position_in_grid]]
    ) {
        int x5 = xindex;
        int x0 = (xindex) % (128);
        int x1 = ((xindex) / (128)) % (12);
        int x2 = ((xindex) / (1536)) % (512);
        int x3 = c10::metal::floor_divide(xindex, 786432);
        auto tmp0 = (x5) % (2);
        auto tmp1 = static_cast<long>(tmp0);
        auto tmp2 = 0;
        auto tmp3 = tmp1 >= tmp2;
        auto tmp4 = 1;
        auto tmp5 = tmp1 < tmp4;
        float tmp6;
        if (tmp5) {
            auto tmp_scoped0 = in_ptr0[c10::metal::floor_divide(x5, 2)];
            tmp6 = static_cast<decltype(tmp6)>(tmp_scoped0);
        } else tmp6 = static_cast<decltype(tmp6)>(0.0);
        auto tmp7 = tmp1 >= tmp4;
        auto tmp8 = 2;
        auto tmp9 = tmp1 < tmp8;
        float tmp10;
        if (tmp7) {
            auto tmp_scoped0 = in_ptr1[c10::metal::floor_divide(x5, 2)];
            tmp10 = static_cast<decltype(tmp10)>(tmp_scoped0);
        } else tmp10 = static_cast<decltype(tmp10)>(0.0);
        auto tmp11 = tmp5 ? tmp6 : static_cast<decltype(tmp6)>(tmp10);
        auto tmp12 = static_cast<bfloat>(tmp11);
        out_ptr0[x0 + 128*x2 + 65536*x1 + 786432*x3] = static_cast<bfloat>(tmp12);
    }




    kernel void generated_kernel_59(
        device bfloat* out_ptr0,
        constant float* in_ptr0,
        constant float* in_ptr1,
        constant float* in_ptr2,
        constant bfloat* in_ptr3,
        device c10::metal::ErrorMessages* error_buf,
        uint3 thread_pos [[thread_position_in_grid]]
    ) {
        auto zindex = thread_pos.x;
        auto yindex = thread_pos.y;
        auto xindex = thread_pos.z;
        int x4 = xindex;
        int y3 = yindex;
        int z0 = (zindex) % (12);
        int z5 = c10::metal::floor_divide(zindex, 12);
        int z1 = ((zindex) / (12)) % (8);
        int z2 = c10::metal::floor_divide(zindex, 96);
        auto tmp0 = in_ptr0[y3 + 128*z0 + 1536*x4 + 98304*z5];
        auto tmp1 = in_ptr1[z0 + 12*x4 + 768*z5];
        auto tmp2 = in_ptr2[z0 + 12*x4 + 768*z5];
        auto tmp3 = static_cast<float>(in_ptr3[z0 + 12*x4 + 768*z5]);
        auto tmp4 = 1.0;
        auto tmp5 = tmp4 - tmp3;
        auto tmp6 = static_cast<float>(tmp5);
        auto tmp7 = tmp2 * tmp6;
        auto tmp8 = tmp1 + tmp7;
        auto tmp9 = tmp0 * tmp8;
        auto tmp10 = static_cast<bfloat>(tmp9);
        out_ptr0[x4 + 64*y3 + 8192*z1 + 65536*z0 + 786432*z2] = static_cast<bfloat>(tmp10);
    }




    kernel void generated_kernel_60(
        device float* out_ptr0,
        device bfloat* out_ptr1,
        constant bool* in_ptr0,
        constant float* in_ptr1,
        constant bfloat* in_ptr2,
        device c10::metal::ErrorMessages* error_buf,
        uint xindex [[thread_position_in_grid]]
    ) {
        int x0 = (xindex) % (4096);
        int x5 = xindex;
        int x2 = ((xindex) / (4096)) % (8);
        int x3 = ((xindex) / (32768)) % (12);
        int x4 = c10::metal::floor_divide(xindex, 393216);
        auto tmp0 = in_ptr0[x0];
        auto tmp1 = in_ptr1[x5];
        auto tmp5 = static_cast<float>(in_ptr2[x5]);
        auto tmp2 = metal::precise::exp(tmp1);
        auto tmp3 = 0.0;
        auto tmp4 = tmp0 ? tmp2 : static_cast<decltype(tmp2)>(tmp3);
        auto tmp6 = static_cast<float>(tmp5);
        auto tmp7 = tmp6 * tmp4;
        auto tmp8 = static_cast<bfloat>(tmp7);
        out_ptr0[x5] = static_cast<float>(tmp4);
        out_ptr1[x0 + 4096*x3 + 49152*x2 + 393216*x4] = static_cast<bfloat>(tmp8);
    }




    kernel void generated_kernel_61(
        device float* out_ptr0,
        device bfloat* out_ptr1,
        device float* out_ptr2,
        device bfloat* out_ptr3,
        device float* out_ptr4,
        device bfloat* out_ptr5,
        device float* out_ptr6,
        device bfloat* out_ptr7,
        device float* out_ptr8,
        device bfloat* out_ptr9,
        device float* out_ptr10,
        device bfloat* out_ptr11,
        device bfloat* out_ptr12,
        constant float* in_ptr0,
        constant bfloat* in_ptr1,
        constant float* in_ptr2,
        constant bfloat* in_ptr3,
        constant float* in_ptr4,
        constant bfloat* in_ptr5,
        constant float* in_ptr6,
        constant bfloat* in_ptr7,
        constant float* in_ptr8,
        constant bfloat* in_ptr9,
        constant float* in_ptr10,
        constant bfloat* in_ptr11,
        constant float* in_ptr12,
        constant bfloat* in_ptr13,
        device c10::metal::ErrorMessages* error_buf,
        uint xindex [[thread_position_in_grid]]
    ) {
        int x1 = c10::metal::floor_divide(xindex, 8192);
        int x2 = xindex;
        auto tmp0 = in_ptr0[x1];
        auto tmp3 = static_cast<float>(in_ptr1[x2]);
        auto tmp7 = in_ptr2[x1];
        auto tmp9 = static_cast<float>(in_ptr3[x2]);
        auto tmp13 = in_ptr4[x1];
        auto tmp15 = static_cast<float>(in_ptr5[x2]);
        auto tmp19 = in_ptr6[x1];
        auto tmp21 = static_cast<float>(in_ptr7[x2]);
        auto tmp25 = in_ptr8[x1];
        auto tmp27 = static_cast<float>(in_ptr9[x2]);
        auto tmp31 = in_ptr10[x1];
        auto tmp33 = static_cast<float>(in_ptr11[x2]);
        auto tmp37 = in_ptr12[x1];
        auto tmp39 = static_cast<float>(in_ptr13[x2]);
        auto tmp1 = 0.0;
        auto tmp2 = tmp0 * tmp1;
        auto tmp4 = static_cast<float>(tmp3);
        auto tmp5 = tmp2 + tmp4;
        auto tmp6 = static_cast<bfloat>(tmp5);
        auto tmp8 = tmp7 * tmp5;
        auto tmp10 = static_cast<float>(tmp9);
        auto tmp11 = tmp8 + tmp10;
        auto tmp12 = static_cast<bfloat>(tmp11);
        auto tmp14 = tmp13 * tmp11;
        auto tmp16 = static_cast<float>(tmp15);
        auto tmp17 = tmp14 + tmp16;
        auto tmp18 = static_cast<bfloat>(tmp17);
        auto tmp20 = tmp19 * tmp17;
        auto tmp22 = static_cast<float>(tmp21);
        auto tmp23 = tmp20 + tmp22;
        auto tmp24 = static_cast<bfloat>(tmp23);
        auto tmp26 = tmp25 * tmp23;
        auto tmp28 = static_cast<float>(tmp27);
        auto tmp29 = tmp26 + tmp28;
        auto tmp30 = static_cast<bfloat>(tmp29);
        auto tmp32 = tmp31 * tmp29;
        auto tmp34 = static_cast<float>(tmp33);
        auto tmp35 = tmp32 + tmp34;
        auto tmp36 = static_cast<bfloat>(tmp35);
        auto tmp38 = tmp37 * tmp35;
        auto tmp40 = static_cast<float>(tmp39);
        auto tmp41 = tmp38 + tmp40;
        auto tmp42 = static_cast<bfloat>(tmp41);
        out_ptr0[x2] = static_cast<float>(tmp5);
        out_ptr1[x2] = static_cast<bfloat>(tmp6);
        out_ptr2[x2] = static_cast<float>(tmp11);
        out_ptr3[x2] = static_cast<bfloat>(tmp12);
        out_ptr4[x2] = static_cast<float>(tmp17);
        out_ptr5[x2] = static_cast<bfloat>(tmp18);
        out_ptr6[x2] = static_cast<float>(tmp23);
        out_ptr7[x2] = static_cast<bfloat>(tmp24);
        out_ptr8[x2] = static_cast<float>(tmp29);
        out_ptr9[x2] = static_cast<bfloat>(tmp30);
        out_ptr10[x2] = static_cast<float>(tmp35);
        out_ptr11[x2] = static_cast<bfloat>(tmp36);
        out_ptr12[x2] = static_cast<bfloat>(tmp42);
    }




    kernel void generated_kernel_62(
        device float* out_ptr1,
        device bfloat* out_ptr2,
        constant bfloat* in_ptr0,
        constant float* in_ptr1,
        constant bfloat* in_ptr2,
        constant bfloat* in_ptr3,
        constant bfloat* in_ptr4,
        constant bfloat* in_ptr5,
        constant bfloat* in_ptr6,
        constant bfloat* in_ptr7,
        constant bfloat* in_ptr8,
        constant bfloat* in_ptr9,
        constant float* in_ptr10,
        constant bfloat* in_ptr11,
        device c10::metal::ErrorMessages* error_buf,
        uint xindex [[thread_position_in_grid]]
    ) {
        int x2 = ((xindex) / (768)) % (512);
        int x0 = (xindex) % (64);
        int x1 = ((xindex) / (64)) % (12);
        int x3 = c10::metal::floor_divide(xindex, 393216);
        int x6 = c10::metal::floor_divide(xindex, 64);
        int x4 = (xindex) % (768);
        int x5 = c10::metal::floor_divide(xindex, 768);
        int x7 = xindex;
        auto tmp48 = static_cast<float>(in_ptr9[x0 + 64*((x2) % (64)) + 4096*x1 + 49152*(c10::metal::floor_divide(x2, 64)) + 393216*x3]);
        auto tmp51 = in_ptr10[x6];
        auto tmp52 = static_cast<float>(in_ptr11[768 + x4 + 1860*x5]);
        auto tmp56 = static_cast<float>(in_ptr11[x4 + 1860*x5]);
        auto tmp0 = x2;
        auto tmp1 = static_cast<long>(tmp0);
        auto tmp2 = 0;
        auto tmp3 = tmp1 >= tmp2;
        auto tmp4 = 64;
        auto tmp5 = tmp1 < tmp4;
        float tmp6;
        if (tmp5) {
            auto tmp_scoped0 = static_cast<float>(in_ptr0[x0 + 64*(x2) + 4096*x1 + 49152*x3]);
            auto tmp_scoped1 = static_cast<float>(tmp_scoped0);
            auto tmp_scoped2 = in_ptr1[512*x1 + 6144*x3 + (x2)];
            auto tmp_scoped3 = metal::precise::exp(tmp_scoped2);
            auto tmp_scoped4 = tmp_scoped1 * tmp_scoped3;
            tmp6 = static_cast<decltype(tmp6)>(tmp_scoped4);
        } else tmp6 = static_cast<decltype(tmp6)>(0.0);
        auto tmp7 = tmp1 >= tmp4;
        auto tmp8 = 128;
        auto tmp9 = tmp1 < tmp8;
        auto tmp10 = tmp7 & tmp9;
        float tmp11;
        if (tmp10) {
            auto tmp_scoped0 = static_cast<float>(in_ptr2[x0 + 64*((-64) + x2) + 4096*x1 + 49152*x3]);
            auto tmp_scoped1 = static_cast<float>(tmp_scoped0);
            auto tmp_scoped2 = in_ptr1[64 + 512*x1 + 6144*x3 + ((-64) + x2)];
            auto tmp_scoped3 = metal::precise::exp(tmp_scoped2);
            auto tmp_scoped4 = tmp_scoped1 * tmp_scoped3;
            tmp11 = static_cast<decltype(tmp11)>(tmp_scoped4);
        } else tmp11 = static_cast<decltype(tmp11)>(0.0);
        auto tmp12 = tmp1 >= tmp8;
        auto tmp13 = 192;
        auto tmp14 = tmp1 < tmp13;
        auto tmp15 = tmp12 & tmp14;
        float tmp16;
        if (tmp15) {
            auto tmp_scoped0 = static_cast<float>(in_ptr3[x0 + 64*((-128) + x2) + 4096*x1 + 49152*x3]);
            auto tmp_scoped1 = static_cast<float>(tmp_scoped0);
            auto tmp_scoped2 = in_ptr1[128 + 512*x1 + 6144*x3 + ((-128) + x2)];
            auto tmp_scoped3 = metal::precise::exp(tmp_scoped2);
            auto tmp_scoped4 = tmp_scoped1 * tmp_scoped3;
            tmp16 = static_cast<decltype(tmp16)>(tmp_scoped4);
        } else tmp16 = static_cast<decltype(tmp16)>(0.0);
        auto tmp17 = tmp1 >= tmp13;
        auto tmp18 = 256;
        auto tmp19 = tmp1 < tmp18;
        auto tmp20 = tmp17 & tmp19;
        float tmp21;
        if (tmp20) {
            auto tmp_scoped0 = static_cast<float>(in_ptr4[x0 + 64*((-192) + x2) + 4096*x1 + 49152*x3]);
            auto tmp_scoped1 = static_cast<float>(tmp_scoped0);
            auto tmp_scoped2 = in_ptr1[192 + 512*x1 + 6144*x3 + ((-192) + x2)];
            auto tmp_scoped3 = metal::precise::exp(tmp_scoped2);
            auto tmp_scoped4 = tmp_scoped1 * tmp_scoped3;
            tmp21 = static_cast<decltype(tmp21)>(tmp_scoped4);
        } else tmp21 = static_cast<decltype(tmp21)>(0.0);
        auto tmp22 = tmp1 >= tmp18;
        auto tmp23 = 320;
        auto tmp24 = tmp1 < tmp23;
        auto tmp25 = tmp22 & tmp24;
        float tmp26;
        if (tmp25) {
            auto tmp_scoped0 = static_cast<float>(in_ptr5[x0 + 64*((-256) + x2) + 4096*x1 + 49152*x3]);
            auto tmp_scoped1 = static_cast<float>(tmp_scoped0);
            auto tmp_scoped2 = in_ptr1[256 + 512*x1 + 6144*x3 + ((-256) + x2)];
            auto tmp_scoped3 = metal::precise::exp(tmp_scoped2);
            auto tmp_scoped4 = tmp_scoped1 * tmp_scoped3;
            tmp26 = static_cast<decltype(tmp26)>(tmp_scoped4);
        } else tmp26 = static_cast<decltype(tmp26)>(0.0);
        auto tmp27 = tmp1 >= tmp23;
        auto tmp28 = 384;
        auto tmp29 = tmp1 < tmp28;
        auto tmp30 = tmp27 & tmp29;
        float tmp31;
        if (tmp30) {
            auto tmp_scoped0 = static_cast<float>(in_ptr6[x0 + 64*((-320) + x2) + 4096*x1 + 49152*x3]);
            auto tmp_scoped1 = static_cast<float>(tmp_scoped0);
            auto tmp_scoped2 = in_ptr1[320 + 512*x1 + 6144*x3 + ((-320) + x2)];
            auto tmp_scoped3 = metal::precise::exp(tmp_scoped2);
            auto tmp_scoped4 = tmp_scoped1 * tmp_scoped3;
            tmp31 = static_cast<decltype(tmp31)>(tmp_scoped4);
        } else tmp31 = static_cast<decltype(tmp31)>(0.0);
        auto tmp32 = tmp1 >= tmp28;
        auto tmp33 = 448;
        auto tmp34 = tmp1 < tmp33;
        auto tmp35 = tmp32 & tmp34;
        float tmp36;
        if (tmp35) {
            auto tmp_scoped0 = static_cast<float>(in_ptr7[x0 + 64*((-384) + x2) + 4096*x1 + 49152*x3]);
            auto tmp_scoped1 = static_cast<float>(tmp_scoped0);
            auto tmp_scoped2 = in_ptr1[384 + 512*x1 + 6144*x3 + ((-384) + x2)];
            auto tmp_scoped3 = metal::precise::exp(tmp_scoped2);
            auto tmp_scoped4 = tmp_scoped1 * tmp_scoped3;
            tmp36 = static_cast<decltype(tmp36)>(tmp_scoped4);
        } else tmp36 = static_cast<decltype(tmp36)>(0.0);
        auto tmp37 = tmp1 >= tmp33;
        auto tmp38 = 512;
        auto tmp39 = tmp1 < tmp38;
        float tmp40;
        if (tmp37) {
            auto tmp_scoped0 = static_cast<float>(in_ptr8[x0 + 64*((-448) + x2) + 4096*x1 + 49152*x3]);
            auto tmp_scoped1 = static_cast<float>(tmp_scoped0);
            auto tmp_scoped2 = in_ptr1[448 + 512*x1 + 6144*x3 + ((-448) + x2)];
            auto tmp_scoped3 = metal::precise::exp(tmp_scoped2);
            auto tmp_scoped4 = tmp_scoped1 * tmp_scoped3;
            tmp40 = static_cast<decltype(tmp40)>(tmp_scoped4);
        } else tmp40 = static_cast<decltype(tmp40)>(0.0);
        auto tmp41 = tmp35 ? tmp36 : static_cast<decltype(tmp36)>(tmp40);
        auto tmp42 = tmp30 ? tmp31 : static_cast<decltype(tmp31)>(tmp41);
        auto tmp43 = tmp25 ? tmp26 : static_cast<decltype(tmp26)>(tmp42);
        auto tmp44 = tmp20 ? tmp21 : static_cast<decltype(tmp21)>(tmp43);
        auto tmp45 = tmp15 ? tmp16 : static_cast<decltype(tmp16)>(tmp44);
        auto tmp46 = tmp10 ? tmp11 : static_cast<decltype(tmp11)>(tmp45);
        auto tmp47 = tmp5 ? tmp6 : static_cast<decltype(tmp6)>(tmp46);
        auto tmp49 = static_cast<float>(tmp48);
        auto tmp50 = tmp49 + tmp47;
        auto tmp53 = static_cast<float>(tmp52);
        auto tmp54 = tmp51 * tmp53;
        auto tmp55 = tmp50 + tmp54;
        auto tmp57 = static_cast<float>(tmp56);
        auto tmp58 = static_cast<decltype(tmp57)>(-tmp57);
        auto tmp59 = metal::precise::exp(tmp58);
        auto tmp60 = 1.0;
        auto tmp61 = tmp59 + tmp60;
        auto tmp62 = tmp57 / tmp61;
        auto tmp63 = static_cast<bfloat>(tmp62);
        auto tmp64 = static_cast<float>(tmp63);
        auto tmp65 = tmp55 * tmp64;
        auto tmp66 = static_cast<bfloat>(tmp65);
        auto tmp67 = static_cast<bfloat>(tmp66);
        auto tmp68 = static_cast<bfloat>(tmp67);
        out_ptr1[x7] = static_cast<float>(tmp55);
        out_ptr2[x7] = static_cast<bfloat>(tmp68);
    }




    [[max_total_threads_per_threadgroup(384)]]
    kernel void generated_kernel_63(
        device float* out_ptr1,
        device bfloat* out_ptr2,
        constant float* in_ptr0,
        constant bfloat* in_ptr1,
        constant float* in_ptr2,
        device c10::metal::ErrorMessages* error_buf,
        uint2 thread_pos [[thread_position_in_grid]],
        uint2 group_pos [[thread_position_in_threadgroup]]
    ) {
        auto xindex = thread_pos.x;
        auto r0_index = thread_pos.y;
        int r0_1 = r0_index;
        int x0 = xindex;
        threadgroup float tmp_acc_0[12];
        auto tmp0 = in_ptr0[r0_1 + 384*x0];
        auto tmp1 = static_cast<float>(in_ptr1[r0_1 + 384*x0]);
        auto tmp2 = static_cast<float>(tmp1);
        auto tmp3 = tmp0 + tmp2;
        auto tmp4 = tmp3 * tmp3;
        auto tmp5 = c10::metal::threadgroup_sum(tmp_acc_0, tmp4, r0_index * 1, 384);
        auto tmp6 = 0.0026041666666666665;
        auto tmp7 = tmp5 * tmp6;
        auto tmp8 = 1e-06;
        auto tmp9 = tmp7 + tmp8;
        auto tmp10 = metal::precise::rsqrt(tmp9);
        out_ptr1[x0] = static_cast<float>(tmp10);
        auto tmp11 = in_ptr2[r0_1];
        auto tmp12 = tmp3 * tmp10;
        auto tmp13 = tmp11 * tmp12;
        auto tmp14 = static_cast<bfloat>(tmp13);
        auto tmp15 = static_cast<bfloat>(tmp14);
        auto tmp16 = static_cast<bfloat>(tmp15);
        out_ptr2[r0_1 + 384*x0] = static_cast<bfloat>(tmp16);
    }




    kernel void generated_kernel_64(
        device float* out_ptr0,
        device float* out_ptr1,
        constant bfloat* in_ptr0,
        constant float* in_ptr1,
        constant float* in_ptr2,
        constant bfloat* in_ptr3,
        device c10::metal::ErrorMessages* error_buf,
        uint2 thread_pos [[thread_position_in_grid]]
    ) {
        auto yindex = thread_pos.x;
        auto xindex = thread_pos.y;
        int x5 = xindex;
        int y4 = yindex;
        int x2 = (xindex) % (64);
        int y0 = (yindex) % (512);
        int x3 = c10::metal::floor_divide(xindex, 64);
        int y1 = c10::metal::floor_divide(yindex, 512);
        auto tmp0 = static_cast<float>(in_ptr0[x5 + 384*y4]);
        auto tmp2 = in_ptr1[x2 + 64*y0];
        auto tmp17 = in_ptr2[x2 + 64*y0];
        auto tmp24 = static_cast<float>(in_ptr3[x5 + 384*y4]);
        auto tmp1 = static_cast<float>(tmp0);
        auto tmp3 = tmp1 * tmp2;
        auto tmp4 = x2;
        auto tmp5 = static_cast<long>(tmp4);
        auto tmp6 = 0;
        auto tmp7 = tmp5 >= tmp6;
        auto tmp8 = 32;
        auto tmp9 = tmp5 < tmp8;
        float tmp10;
        if (tmp9) {
            auto tmp_scoped0 = static_cast<float>(in_ptr0[32 + 64*x3 + 384*y4 + (x2)]);
            auto tmp_scoped1 = static_cast<decltype(tmp_scoped0)>(-tmp_scoped0);
            tmp10 = static_cast<decltype(tmp10)>(tmp_scoped1);
        } else tmp10 = static_cast<decltype(tmp10)>(0.0);
        auto tmp11 = tmp5 >= tmp8;
        auto tmp12 = 64;
        auto tmp13 = tmp5 < tmp12;
        float tmp14;
        if (tmp11) {
            auto tmp_scoped0 = static_cast<float>(in_ptr0[64*x3 + 384*y4 + ((-32) + x2)]);
            tmp14 = static_cast<decltype(tmp14)>(tmp_scoped0);
        } else tmp14 = static_cast<decltype(tmp14)>(0.0);
        auto tmp15 = tmp9 ? tmp10 : static_cast<decltype(tmp10)>(tmp14);
        auto tmp16 = static_cast<float>(tmp15);
        auto tmp18 = tmp16 * tmp17;
        auto tmp19 = tmp3 + tmp18;
        auto tmp20 = static_cast<bfloat>(tmp19);
        auto tmp21 = static_cast<float>(tmp20);
        auto tmp22 = 0.3535533905932738;
        auto tmp23 = tmp21 * tmp22;
        auto tmp25 = static_cast<float>(tmp24);
        auto tmp26 = tmp25 * tmp2;
        float tmp27;
        if (tmp9) {
            auto tmp_scoped0 = static_cast<float>(in_ptr3[32 + 64*x3 + 384*y4 + (x2)]);
            auto tmp_scoped1 = static_cast<decltype(tmp_scoped0)>(-tmp_scoped0);
            tmp27 = static_cast<decltype(tmp27)>(tmp_scoped1);
        } else tmp27 = static_cast<decltype(tmp27)>(0.0);
        float tmp28;
        if (tmp11) {
            auto tmp_scoped0 = static_cast<float>(in_ptr3[64*x3 + 384*y4 + ((-32) + x2)]);
            tmp28 = static_cast<decltype(tmp28)>(tmp_scoped0);
        } else tmp28 = static_cast<decltype(tmp28)>(0.0);
        auto tmp29 = tmp9 ? tmp27 : static_cast<decltype(tmp27)>(tmp28);
        auto tmp30 = static_cast<float>(tmp29);
        auto tmp31 = tmp30 * tmp17;
        auto tmp32 = tmp26 + tmp31;
        auto tmp33 = static_cast<bfloat>(tmp32);
        auto tmp34 = static_cast<float>(tmp33);
        auto tmp35 = tmp34 * tmp22;
        out_ptr0[x2 + 64*y0 + 32768*x3 + 196608*y1] = static_cast<float>(tmp23);
        out_ptr1[y0 + 512*x5 + 196608*y1] = static_cast<float>(tmp35);
    }




    kernel void generated_kernel_65(
        device bfloat* out_ptr0,
        constant float* in_ptr0,
        device c10::metal::ErrorMessages* error_buf,
        uint xindex [[thread_position_in_grid]]
    ) {
        int x0 = xindex;
        auto tmp0 = in_ptr0[x0];
        auto tmp1 = static_cast<bfloat>(tmp0);
        out_ptr0[x0] = static_cast<bfloat>(tmp1);
    }




    kernel void generated_kernel_66(
        device bfloat* out_ptr0,
        constant float* in_ptr0,
        device c10::metal::ErrorMessages* error_buf,
        uint2 thread_pos [[thread_position_in_grid]]
    ) {
        auto yindex = thread_pos.x;
        auto xindex = thread_pos.y;
        int x2 = xindex;
        int y0 = (yindex) % (512);
        int y1 = c10::metal::floor_divide(yindex, 512);
        int y3 = yindex;
        auto tmp0 = in_ptr0[y0 + 512*x2 + 32768*y1];
        auto tmp1 = static_cast<bfloat>(tmp0);
        out_ptr0[x2 + 64*y3] = static_cast<bfloat>(tmp1);
    }




    kernel void generated_kernel_67(
        device float* out_ptr0,
        device bfloat* out_ptr1,
        constant bfloat* in_ptr0,
        device c10::metal::ErrorMessages* error_buf,
        uint xindex [[thread_position_in_grid]]
    ) {
        int x0 = (xindex) % (64);
        int x1 = ((xindex) / (64)) % (512);
        int x2 = ((xindex) / (32768)) % (6);
        int x3 = c10::metal::floor_divide(xindex, 196608);
        int x4 = xindex;
        auto tmp0 = static_cast<float>(in_ptr0[x0 + 64*x2 + 384*x1 + 196608*x3]);
        auto tmp1 = static_cast<float>(tmp0);
        auto tmp2 = static_cast<bfloat>(tmp1);
        out_ptr0[x4] = static_cast<float>(tmp1);
        out_ptr1[x4] = static_cast<bfloat>(tmp2);
    }




    [[max_total_threads_per_threadgroup(512)]]
    kernel void generated_kernel_68(
        device float* out_ptr0,
        device float* out_ptr1,
        device bool* out_ptr3,
        device float* out_ptr4,
        constant float* in_ptr0,
        device c10::metal::ErrorMessages* error_buf,
        uint2 thread_pos [[thread_position_in_grid]],
        uint2 group_pos [[thread_position_in_threadgroup]]
    ) {
        auto xindex = thread_pos.x;
        auto r0_index = thread_pos.y;
        int r0_2 = r0_index;
        int x3 = xindex;
        int x0 = (xindex) % (512);
        threadgroup float tmp_acc_0[16];
        threadgroup float tmp_acc_1[16];
        threadgroup bool tmp_acc_2;
        tmp_acc_2 = false;
        threadgroup_barrier(metal::mem_flags::mem_threadgroup);
        auto tmp0 = in_ptr0[r0_2 + 512*x3];
        auto tmp1 = r0_2;
        auto tmp2 = static_cast<long>(tmp1);
        auto tmp3 = x0;
        auto tmp4 = static_cast<long>(tmp3);
        auto tmp5 = tmp2 <= tmp4;
        auto tmp6 = 0.0;
        auto tmp7 = -HUGE_VALF;
        auto tmp8 = tmp5 ? tmp6 : static_cast<decltype(tmp6)>(tmp7);
        auto tmp9 = static_cast<float>(tmp8);
        auto tmp10 = tmp0 + tmp9;
        auto tmp11 = c10::metal::threadgroup_max(tmp_acc_0, static_cast<float>(tmp10), r0_index * 1, 512);
        if (r0_index == 0) out_ptr0[x3] = static_cast<float>(tmp11);
        auto tmp12 = tmp10 - tmp11;
        auto tmp13 = metal::precise::exp(tmp12);
        auto tmp15 = tmp10 == tmp7;
        auto tmp16 = tmp15 == 0;
        auto tmp17 = static_cast<long>(tmp16);
        auto tmp18 = static_cast<bool>(tmp17);

        if (tmp18) {
            tmp_acc_2 = true;
        }
        auto tmp14 = c10::metal::threadgroup_sum(tmp_acc_1, tmp13, r0_index * 1, 512);
        if (r0_index == 0) out_ptr1[x3] = static_cast<float>(tmp14);
        threadgroup_barrier(metal::mem_flags::mem_threadgroup);
        auto tmp19 = tmp_acc_2 == 0;
        out_ptr3[x3] = static_cast<bool>(tmp19);
        auto tmp20 = tmp13 / tmp14;
        auto tmp21 = tmp19 ? tmp6 : static_cast<decltype(tmp6)>(tmp20);
        out_ptr4[r0_2 + 512*x3] = static_cast<float>(tmp21);
    }




    kernel void generated_kernel_69(
        device bfloat* out_ptr0,
        constant float* in_ptr0,
        device c10::metal::ErrorMessages* error_buf,
        uint xindex [[thread_position_in_grid]]
    ) {
        int x0 = (xindex) % (64);
        int x1 = ((xindex) / (64)) % (6);
        int x2 = ((xindex) / (384)) % (512);
        int x3 = c10::metal::floor_divide(xindex, 196608);
        int x4 = xindex;
        auto tmp0 = in_ptr0[x0 + 64*x2 + 32768*x1 + 196608*x3];
        auto tmp1 = static_cast<bfloat>(tmp0);
        out_ptr0[x4] = static_cast<bfloat>(tmp1);
    }




    [[max_total_threads_per_threadgroup(384)]]
    kernel void generated_kernel_70(
        device float* out_ptr0,
        device float* out_ptr2,
        device bfloat* out_ptr3,
        constant float* in_ptr0,
        constant bfloat* in_ptr1,
        constant bfloat* in_ptr2,
        constant float* in_ptr3,
        device c10::metal::ErrorMessages* error_buf,
        uint2 thread_pos [[thread_position_in_grid]],
        uint2 group_pos [[thread_position_in_threadgroup]]
    ) {
        auto xindex = thread_pos.x;
        auto r0_index = thread_pos.y;
        int r0_1 = r0_index;
        int x0 = xindex;
        threadgroup float tmp_acc_0[12];
        auto tmp0 = in_ptr0[r0_1 + 384*x0];
        auto tmp1 = static_cast<float>(in_ptr1[r0_1 + 384*x0]);
        auto tmp4 = static_cast<float>(in_ptr2[r0_1 + 384*x0]);
        auto tmp2 = static_cast<float>(tmp1);
        auto tmp3 = tmp0 + tmp2;
        auto tmp5 = static_cast<float>(tmp4);
        auto tmp6 = tmp3 + tmp5;
        out_ptr0[r0_1 + 384*x0] = static_cast<float>(tmp6);
        auto tmp7 = tmp6 * tmp6;
        auto tmp8 = c10::metal::threadgroup_sum(tmp_acc_0, tmp7, r0_index * 1, 384);
        auto tmp9 = 0.0026041666666666665;
        auto tmp10 = tmp8 * tmp9;
        auto tmp11 = 1e-06;
        auto tmp12 = tmp10 + tmp11;
        auto tmp13 = metal::precise::rsqrt(tmp12);
        out_ptr2[x0] = static_cast<float>(tmp13);
        auto tmp14 = in_ptr3[r0_1];
        auto tmp15 = tmp6 * tmp13;
        auto tmp16 = tmp14 * tmp15;
        auto tmp17 = static_cast<bfloat>(tmp16);
        auto tmp18 = static_cast<bfloat>(tmp17);
        auto tmp19 = static_cast<bfloat>(tmp18);
        out_ptr3[r0_1 + 384*x0] = static_cast<bfloat>(tmp19);
    }




    kernel void generated_kernel_71(
        device bfloat* out_ptr0,
        constant bfloat* in_ptr0,
        constant bfloat* in_ptr1,
        device c10::metal::ErrorMessages* error_buf,
        uint xindex [[thread_position_in_grid]]
    ) {
        int x0 = xindex;
        auto tmp0 = static_cast<float>(in_ptr0[x0]);
        auto tmp8 = static_cast<float>(in_ptr1[x0]);
        auto tmp1 = static_cast<float>(tmp0);
        auto tmp2 = static_cast<decltype(tmp0)>(-tmp0);
        auto tmp3 = static_cast<float>(tmp2);
        auto tmp4 = metal::precise::exp(tmp3);
        auto tmp5 = 1.0;
        auto tmp6 = tmp5 + tmp4;
        auto tmp7 = tmp1 / tmp6;
        auto tmp9 = static_cast<float>(tmp8);
        auto tmp10 = tmp7 * tmp9;
        auto tmp11 = static_cast<bfloat>(tmp10);
        auto tmp12 = static_cast<bfloat>(tmp11);
        auto tmp13 = static_cast<bfloat>(tmp12);
        out_ptr0[x0] = static_cast<bfloat>(tmp13);
    }




    [[max_total_threads_per_threadgroup(384)]]
    kernel void generated_kernel_72(
        device float* out_ptr0,
        device float* out_ptr2,
        device bfloat* out_ptr3,
        constant float* in_ptr0,
        constant bfloat* in_ptr1,
        constant float* in_ptr2,
        device c10::metal::ErrorMessages* error_buf,
        uint2 thread_pos [[thread_position_in_grid]],
        uint2 group_pos [[thread_position_in_threadgroup]]
    ) {
        auto xindex = thread_pos.x;
        auto r0_index = thread_pos.y;
        int r0_1 = r0_index;
        int x0 = xindex;
        threadgroup float tmp_acc_0[12];
        auto tmp0 = in_ptr0[r0_1 + 384*x0];
        auto tmp1 = static_cast<float>(in_ptr1[r0_1 + 384*x0]);
        auto tmp2 = static_cast<float>(tmp1);
        auto tmp3 = tmp0 + tmp2;
        out_ptr0[r0_1 + 384*x0] = static_cast<float>(tmp3);
        auto tmp4 = tmp3 * tmp3;
        auto tmp5 = c10::metal::threadgroup_sum(tmp_acc_0, tmp4, r0_index * 1, 384);
        auto tmp6 = 0.0026041666666666665;
        auto tmp7 = tmp5 * tmp6;
        auto tmp8 = 1e-05;
        auto tmp9 = tmp7 + tmp8;
        auto tmp10 = metal::precise::sqrt(tmp9);
        out_ptr2[x0] = static_cast<float>(tmp10);
        auto tmp11 = in_ptr2[r0_1];
        auto tmp12 = 1.0;
        auto tmp13 = tmp12 / tmp10;
        auto tmp14 = tmp13 * tmp12;
        auto tmp15 = tmp3 * tmp14;
        auto tmp16 = tmp11 * tmp15;
        auto tmp17 = static_cast<bfloat>(tmp16);
        auto tmp18 = static_cast<bfloat>(tmp17);
        auto tmp19 = static_cast<bfloat>(tmp18);
        out_ptr3[r0_1 + 384*x0] = static_cast<bfloat>(tmp19);
    }




    [[max_total_threads_per_threadgroup(384)]]
    kernel void generated_kernel_73(
        device float* out_ptr0,
        device float* out_ptr2,
        device bfloat* out_ptr3,
        constant float* in_ptr0,
        constant bfloat* in_ptr1,
        constant float* in_ptr2,
        device c10::metal::ErrorMessages* error_buf,
        uint2 thread_pos [[thread_position_in_grid]],
        uint2 group_pos [[thread_position_in_threadgroup]]
    ) {
        auto xindex = thread_pos.x;
        auto r0_index = thread_pos.y;
        int r0_1 = r0_index;
        int x0 = xindex;
        threadgroup float tmp_acc_0[12];
        auto tmp0 = in_ptr0[r0_1 + 384*x0];
        auto tmp1 = static_cast<float>(in_ptr1[r0_1 + 384*x0]);
        auto tmp2 = static_cast<float>(tmp1);
        auto tmp3 = tmp0 + tmp2;
        out_ptr0[r0_1 + 384*x0] = static_cast<float>(tmp3);
        auto tmp4 = tmp3 * tmp3;
        auto tmp5 = c10::metal::threadgroup_sum(tmp_acc_0, tmp4, r0_index * 1, 384);
        auto tmp6 = 0.0026041666666666665;
        auto tmp7 = tmp5 * tmp6;
        auto tmp8 = 1e-06;
        auto tmp9 = tmp7 + tmp8;
        auto tmp10 = metal::precise::rsqrt(tmp9);
        out_ptr2[x0] = static_cast<float>(tmp10);
        auto tmp11 = in_ptr2[r0_1];
        auto tmp12 = tmp3 * tmp10;
        auto tmp13 = tmp11 * tmp12;
        auto tmp14 = static_cast<bfloat>(tmp13);
        auto tmp15 = static_cast<bfloat>(tmp14);
        auto tmp16 = static_cast<bfloat>(tmp15);
        out_ptr3[r0_1 + 384*x0] = static_cast<bfloat>(tmp16);
    }




    [[max_total_threads_per_threadgroup(512)]]
    kernel void generated_kernel_74(
        device float* out_ptr3,
        constant float* in_ptr0,
        device c10::metal::ErrorMessages* error_buf,
        uint2 thread_pos [[thread_position_in_grid]],
        uint2 group_pos [[thread_position_in_threadgroup]]
    ) {
        auto xindex = thread_pos.x;
        auto r0_index = thread_pos.y;
        int r0_2 = r0_index;
        int x3 = xindex;
        int x0 = (xindex) % (512);
        threadgroup float tmp_acc_0[16];
        threadgroup float tmp_acc_1[16];
        threadgroup bool tmp_acc_2;
        tmp_acc_2 = false;
        threadgroup_barrier(metal::mem_flags::mem_threadgroup);
        auto tmp0 = in_ptr0[r0_2 + 512*x3];
        auto tmp1 = r0_2;
        auto tmp2 = static_cast<long>(tmp1);
        auto tmp3 = x0;
        auto tmp4 = static_cast<long>(tmp3);
        auto tmp5 = tmp2 <= tmp4;
        auto tmp6 = 0.0;
        auto tmp7 = -HUGE_VALF;
        auto tmp8 = tmp5 ? tmp6 : static_cast<decltype(tmp6)>(tmp7);
        auto tmp9 = static_cast<float>(tmp8);
        auto tmp10 = tmp0 + tmp9;
        auto tmp11 = c10::metal::threadgroup_max(tmp_acc_0, static_cast<float>(tmp10), r0_index * 1, 512);
        auto tmp12 = tmp10 - tmp11;
        auto tmp13 = metal::precise::exp(tmp12);
        auto tmp15 = tmp10 == tmp7;
        auto tmp16 = tmp15 == 0;
        auto tmp17 = static_cast<long>(tmp16);
        auto tmp18 = static_cast<bool>(tmp17);

        if (tmp18) {
            tmp_acc_2 = true;
        }
        auto tmp14 = c10::metal::threadgroup_sum(tmp_acc_1, tmp13, r0_index * 1, 512);
        threadgroup_barrier(metal::mem_flags::mem_threadgroup);
        auto tmp19 = tmp_acc_2 == 0;
        auto tmp20 = tmp13 / tmp14;
        auto tmp21 = tmp19 ? tmp6 : static_cast<decltype(tmp6)>(tmp20);
        out_ptr3[r0_2 + 512*x3] = static_cast<float>(tmp21);
    }




    kernel void generated_kernel_75(
        device float* out_ptr0,
        device bfloat* out_ptr1,
        constant bfloat* in_ptr0,
        constant bfloat* in_ptr1,
        device c10::metal::ErrorMessages* error_buf,
        uint xindex [[thread_position_in_grid]]
    ) {
        int x0 = xindex;
        auto tmp0 = static_cast<float>(in_ptr0[x0]);
        auto tmp8 = static_cast<float>(in_ptr1[x0]);
        auto tmp1 = static_cast<decltype(tmp0)>(-tmp0);
        auto tmp2 = static_cast<float>(tmp1);
        auto tmp3 = metal::precise::exp(tmp2);
        auto tmp4 = 1.0;
        auto tmp5 = tmp4 + tmp3;
        auto tmp6 = static_cast<float>(tmp0);
        auto tmp7 = tmp6 / tmp5;
        auto tmp9 = static_cast<float>(tmp8);
        auto tmp10 = tmp7 * tmp9;
        auto tmp11 = static_cast<bfloat>(tmp10);
        auto tmp12 = static_cast<bfloat>(tmp11);
        auto tmp13 = static_cast<bfloat>(tmp12);
        out_ptr0[x0] = static_cast<float>(tmp5);
        out_ptr1[x0] = static_cast<bfloat>(tmp13);
    }




    [[max_total_threads_per_threadgroup(384)]]
    kernel void generated_kernel_76(
        device float* out_ptr0,
        device float* out_ptr2,
        device bfloat* out_ptr3,
        constant float* in_ptr0,
        constant bfloat* in_ptr1,
        constant float* in_ptr2,
        device c10::metal::ErrorMessages* error_buf,
        uint2 thread_pos [[thread_position_in_grid]],
        uint2 group_pos [[thread_position_in_threadgroup]]
    ) {
        auto xindex = thread_pos.x;
        auto r0_index = thread_pos.y;
        int r0_1 = r0_index;
        int x0 = xindex;
        threadgroup float tmp_acc_0[12];
        auto tmp0 = in_ptr0[r0_1 + 384*x0];
        auto tmp1 = static_cast<float>(in_ptr1[r0_1 + 384*x0]);
        auto tmp2 = static_cast<float>(tmp1);
        auto tmp3 = tmp0 + tmp2;
        out_ptr0[r0_1 + 384*x0] = static_cast<float>(tmp3);
        auto tmp4 = tmp3 * tmp3;
        auto tmp5 = c10::metal::threadgroup_sum(tmp_acc_0, tmp4, r0_index * 1, 384);
        auto tmp6 = 384.0;
        auto tmp7 = tmp5 / tmp6;
        auto tmp8 = 9.999999747378752e-06;
        auto tmp9 = tmp7 + tmp8;
        auto tmp10 = metal::precise::rsqrt(tmp9);
        out_ptr2[x0] = static_cast<float>(tmp10);
        auto tmp11 = in_ptr2[r0_1];
        auto tmp12 = tmp3 * tmp10;
        auto tmp13 = tmp11 * tmp12;
        auto tmp14 = static_cast<bfloat>(tmp13);
        auto tmp15 = static_cast<bfloat>(tmp14);
        auto tmp16 = static_cast<bfloat>(tmp15);
        out_ptr3[r0_1 + 384*x0] = static_cast<bfloat>(tmp16);
    }




    [[max_total_threads_per_threadgroup(256)]]
    kernel void generated_kernel_77(
        device float* out_ptr0,
        device float* out_ptr2,
        constant bfloat* in_ptr0,
        device c10::metal::ErrorMessages* error_buf,
        uint2 thread_pos [[thread_position_in_grid]],
        uint2 group_pos [[thread_position_in_threadgroup]]
    ) {
        auto xindex = thread_pos.x;
        auto r0_index = thread_pos.y;
        int r0_1 = r0_index;
        int x0 = xindex;
        threadgroup float tmp_acc_0[8];
        threadgroup float tmp_acc_1[8];
        auto tmp0 = static_cast<float>(in_ptr0[r0_1 + 256*x0]);
        auto tmp1 = static_cast<float>(tmp0);
        auto tmp2 = c10::metal::threadgroup_max(tmp_acc_0, static_cast<float>(tmp1), r0_index * 1, 256);
        if (r0_index == 0) out_ptr0[x0] = static_cast<float>(tmp2);
        auto tmp3 = tmp1 - tmp2;
        auto tmp4 = metal::precise::exp(tmp3);
        auto tmp5 = c10::metal::threadgroup_sum(tmp_acc_1, tmp4, r0_index * 1, 256);
        auto tmp6 = metal::precise::log(tmp5);
        out_ptr2[x0] = static_cast<float>(tmp6);
    }




    [[max_total_threads_per_threadgroup(1024)]]
    kernel void generated_kernel_78(
        device float* out_ptr2,
        device float* out_ptr3,
        constant long* in_ptr0,
        constant bfloat* in_ptr1,
        constant float* in_ptr2,
        constant float* in_ptr3,
        device c10::metal::ErrorMessages* error_buf,
        uint2 thread_pos [[thread_position_in_grid]],
        uint2 group_pos [[thread_position_in_threadgroup]]
    ) {
        auto xindex = thread_pos.x;
        auto r0_index = thread_pos.y;
        int r0_0 = r0_index;
        threadgroup long tmp_acc_0[32];
        threadgroup float tmp_acc_1[32];
        auto tmp0 = in_ptr0[r0_0];
        auto tmp9 = in_ptr2[r0_0];
        auto tmp11 = in_ptr3[r0_0];
        auto tmp1 = -100;
        auto tmp2 = tmp0 != tmp1;
        auto tmp3 = static_cast<long>(tmp2);
        auto tmp5 = 0;
        auto tmp6 = tmp2 ? tmp0 : static_cast<decltype(tmp0)>(tmp5);
        if ((tmp6 < 0 || tmp6 >= 256)) {
            TORCH_REPORT_ERROR(error_buf, "Index ", tmp6, " out of range [0, ", 256, ")");
            return;
        }
        auto tmp7 = static_cast<float>(in_ptr1[tmp6 + 256*r0_0]);
        auto tmp8 = static_cast<float>(tmp7);
        auto tmp10 = tmp8 - tmp9;
        auto tmp12 = tmp10 - tmp11;
        auto tmp13 = static_cast<decltype(tmp12)>(-tmp12);
        auto tmp14 = 0.0;
        auto tmp15 = tmp2 ? tmp13 : static_cast<decltype(tmp13)>(tmp14);
        auto tmp4 = c10::metal::threadgroup_sum(tmp_acc_0, tmp3, r0_index * 1, 1024);
        auto tmp16 = c10::metal::threadgroup_sum(tmp_acc_1, tmp15, r0_index * 1, 1024);
        auto tmp17 = static_cast<float>(tmp4);
        auto tmp18 = tmp16 / tmp17;
        out_ptr2[0] = static_cast<float>(tmp17);
        out_ptr3[0] = static_cast<float>(tmp18);
    }

 with program_source:1452:14: warning: unused variable 'tmp3' [-Wunused-variable]
        auto tmp3 = tmp1 >= tmp2;
             ^
program_source:1472:14: warning: unused variable 'tmp9' [-Wunused-variable]
        auto tmp9 = tmp1 < tmp8;
             ^
program_source:1744:14: warning: unused variable 'tmp3' [-Wunused-variable]
        auto tmp3 = tmp1 >= tmp2;
             ^
program_source:1754:14: warning: unused variable 'tmp9' [-Wunused-variable]
        auto tmp9 = tmp1 < tmp8;
             ^
program_source:1799:23: error: no 'buffer' resource location available for 'out_ptr31'
        device float* out_ptr31,
                      ^
program_source:1800:23: error: no 'buffer' resource location available for 'out_ptr32'
        device float* out_ptr32,
                      ^
program_source:1801:23: error: no 'buffer' resource location available for 'out_ptr33'
        device float* out_ptr33,
                      ^
program_source:1802:23: error: no 'buffer' resource location available for 'out_ptr34'
        device float* out_ptr34,
                      ^
program_source:1803:23: error: no 'buffer' resource location available for 'out_ptr35'
        device float* out_ptr35,
                      ^
program_source:1804:23: error: no 'buffer' resource location available for 'out_ptr36'
        device float* out_ptr36,
                      ^
program_source:1805:23: error: no 'buffer' resource location available for 'out_ptr37'
        device float* out_ptr37,
                      ^
program_source:1806:23: error: no 'buffer' resource location available for 'out_ptr38'
        device float* out_ptr38,
                      ^
program_source:1807:23: error: no 'buffer' resource location available for 'out_ptr39'
        device float* out_ptr39,
                      ^
program_source:1808:23: error: no 'buffer' resource location available for 'out_ptr40'
        device float* out_ptr40,
                      ^
program_source:1809:23: error: no 'buffer' resource location available for 'out_ptr41'
        device float* out_ptr41,
                      ^
program_source:1810:23: error: no 'buffer' resource location available for 'out_ptr42'
        device float* out_ptr42,
                      ^
program_source:1811:23: error: no 'buffer' resource location available for 'out_ptr43'
        device float* out_ptr43,
                      ^
program_source:1812:23: error: no 'buffer' resource location available for 'out_ptr44'
        device float* out_ptr44,
                      ^
program_source:1813:23: error: no 'buffer' resource location available for 'out_ptr45'
        device float* out_ptr45,
                      ^
program_source:1814:23: error: no 'buffer' resource location available for 'out_ptr46'
        device float* out_ptr46,
                      ^
program_source:1815:23: error: no 'buffer' resource location available for 'out_ptr47'
        device float* out_ptr47,
                      ^
program_source:1816:23: error: no 'buffer' resource location available for 'out_ptr48'
        device float* out_ptr48,
                      ^
program_source:1817:23: error: no 'buffer' resource location available for 'out_ptr49'
        device float* out_ptr49,
                      ^
program_source:1818:23: error: no 'buffer' resource location available for 'out_ptr50'
        device float* out_ptr50,
                      ^
program_source:1819:23: error: no 'buffer' resource location available for 'out_ptr51'
        device float* out_ptr51,
                      ^
program_source:1820:23: error: no 'buffer' resource location available for 'out_ptr52'
        device float* out_ptr52,
                      ^
program_source:1821:23: error: no 'buffer' resource location available for 'out_ptr53'
        device float* out_ptr53,
                      ^
program_source:1822:23: error: no 'buffer' resource location available for 'out_ptr54'
        device float* out_ptr54,
                      ^
program_source:1823:23: error: no 'buffer' resource location available for 'out_ptr55'
        device float* out_ptr55,
                      ^
program_source:1824:23: error: no 'buffer' resource location available for 'out_ptr56'
        device float* out_ptr56,
                      ^
program_source:1825:23: error: no 'buffer' resource location available for 'out_ptr57'
        device float* out_ptr57,
                      ^
program_source:1826:23: error: no 'buffer' resource location available for 'out_ptr58'
        device float* out_ptr58,
                      ^
program_source:1827:23: error: no 'buffer' resource location available for 'out_ptr59'
        device float* out_ptr59,
                      ^
program_source:1828:23: error: no 'buffer' resource location available for 'out_ptr60'
        device float* out_ptr60,
                      ^
program_source:1829:23: error: no 'buffer' resource location available for 'out_ptr61'
        device float* out_ptr61,
                      ^
program_source:1830:23: error: no 'buffer' resource location available for 'out_ptr62'
        device float* out_ptr62,
                      ^
program_source:1831:23: error: no 'buffer' resource location available for 'out_ptr63'
        device float* out_ptr63,
                      ^
program_source:1832:26: error: no 'buffer' resource location available for 'in_ptr0'
        constant bfloat* in_ptr0,
                         ^
program_source:1833:26: error: no 'buffer' resource location available for 'in_ptr1'
        constant bfloat* in_ptr1,
                         ^
program_source:1834:25: error: no 'buffer' resource location available for 'in_ptr2'
        constant float* in_ptr2,
                        ^
program_source:1835:43: error: no 'buffer' resource location available for 'error_buf'
        device c10::metal::ErrorMessages* error_buf,
                                          ^
program_source:4088:17: error: number of constant buffers exceeds maximum supported (31)
    kernel void generated_kernel_20(
                ^
program_source:4152:26: note: constant buffer defined here
        constant bfloat* in_ptr0,
                         ^
program_source:4153:26: note: constant buffer defined here
        constant bfloat* in_ptr1,
                         ^
program_source:4154:25: note: constant buffer defined here
        constant float* in_ptr2,
                        ^
program_source:4155:25: note: constant buffer defined here
        constant float* in_ptr3,
                        ^
program_source:4156:25: note: constant buffer defined here
        constant float* in_ptr4,
                        ^
program_source:4157:25: note: constant buffer defined here
        constant float* in_ptr5,
                        ^
program_source:4158:25: note: constant buffer defined here
        constant float* in_ptr6,
                        ^
program_source:4159:25: note: constant buffer defined here
        constant float* in_ptr7,
                        ^
program_source:4160:25: note: constant buffer defined here
        constant float* in_ptr8,
                        ^
program_source:4161:25: note: constant buffer defined here
        constant float* in_ptr9,
                        ^
program_source:4162:25: note: constant buffer defined here
        constant float* in_ptr10,
                        ^
program_source:4163:25: note: constant buffer defined here
        constant float* in_ptr11,
                        ^
program_source:4164:25: note: constant buffer defined here
        constant float* in_ptr12,
                        ^
program_source:4165:25: note: constant buffer defined here
        constant float* in_ptr13,
                        ^
program_source:4166:25: note: constant buffer defined here
        constant float* in_ptr14,
                        ^
program_source:4167:25: note: constant buffer defined here
        constant float* in_ptr15,
                        ^
program_source:4168:25: note: constant buffer defined here
        constant float* in_ptr16,
                        ^
program_source:4169:25: note: constant buffer defined here
        constant float* in_ptr17,
                        ^
program_source:4170:25: note: constant buffer defined here
        constant float* in_ptr18,
                        ^
program_source:4171:25: note: constant buffer defined here
        constant float* in_ptr19,
                        ^
program_source:4172:25: note: constant buffer defined here
        constant float* in_ptr20,
                        ^
program_source:4173:25: note: constant buffer defined here
        constant float* in_ptr21,
                        ^
program_source:4174:25: note: constant buffer defined here
        constant float* in_ptr22,
                        ^
program_source:4175:25: note: constant buffer defined here
        constant float* in_ptr23,
                        ^
program_source:4176:25: note: constant buffer defined here
        constant float* in_ptr24,
                        ^
program_source:4177:25: note: constant buffer defined here
        constant float* in_ptr25,
                        ^
program_source:4178:25: note: constant buffer defined here
        constant float* in_ptr26,
                        ^
program_source:4179:25: note: constant buffer defined here
        constant float* in_ptr27,
                        ^
program_source:4180:25: note: constant buffer defined here
        constant float* in_ptr28,
                        ^
program_source:4181:25: note: constant buffer defined here
        constant float* in_ptr29,
                        ^
program_source:4182:25: note: constant buffer defined here
        constant float* in_ptr30,
                        ^
program_source:4183:25: note: constant buffer defined here
        constant float* in_ptr31,
                        ^
program_source:4184:25: note: constant buffer defined here
        constant float* in_ptr32,
                        ^
program_source:4185:25: note: constant buffer defined here
        constant float* in_ptr33,
                        ^
program_source:4966:17: error: number of constant buffers exceeds maximum supported (31)
    kernel void generated_kernel_21(
                ^
program_source:5031:25: note: constant buffer defined here
        constant float* in_ptr0,
                        ^
program_source:5032:26: note: constant buffer defined here
        constant bfloat* in_ptr1,
                         ^
program_source:5033:26: note: constant buffer defined here
        constant bfloat* in_ptr2,
                         ^
program_source:5034:25: note: constant buffer defined here
        constant float* in_ptr3,
                        ^
program_source:5035:25: note: constant buffer defined here
        constant float* in_ptr4,
                        ^
program_source:5036:25: note: constant buffer defined here
        constant float* in_ptr5,
                        ^
program_source:5037:25: note: constant buffer defined here
        constant float* in_ptr6,
                        ^
program_source:5038:25: note: constant buffer defined here
        constant float* in_ptr7,
                        ^
program_source:5039:25: note: constant buffer defined here
        constant float* in_ptr8,
                        ^
program_source:5040:25: note: constant buffer defined here
        constant float* in_ptr9,
                        ^
program_source:5041:25: note: constant buffer defined here
        constant float* in_ptr10,
                        ^
program_source:5042:25: note: constant buffer defined here
        constant float* in_ptr11,
                        ^
program_source:5043:25: note: constant buffer defined here
        constant float* in_ptr12,
                        ^
program_source:5044:25: note: constant buffer defined here
        constant float* in_ptr13,
                        ^
program_source:5045:25: note: constant buffer defined here
        constant float* in_ptr14,
                        ^
program_source:5046:25: note: constant buffer defined here
        constant float* in_ptr15,
                        ^
program_source:5047:25: note: constant buffer defined here
        constant float* in_ptr16,
                        ^
program_source:5048:25: note: constant buffer defined here
        constant float* in_ptr17,
                        ^
program_source:5049:25: note: constant buffer defined here
        constant float* in_ptr18,
                        ^
program_source:5050:25: note: constant buffer defined here
        constant float* in_ptr19,
                        ^
program_source:5051:25: note: constant buffer defined here
        constant float* in_ptr20,
                        ^
program_source:5052:25: note: constant buffer defined here
        constant float* in_ptr21,
                        ^
program_source:5053:25: note: constant buffer defined here
        constant float* in_ptr22,
                        ^
program_source:5054:25: note: constant buffer defined here
        constant float* in_ptr23,
                        ^
program_source:5055:25: note: constant buffer defined here
        constant float* in_ptr24,
                        ^
program_source:5056:25: note: constant buffer defined here
        constant float* in_ptr25,
                        ^
program_source:5057:25: note: constant buffer defined here
        constant float* in_ptr26,
                        ^
program_source:5058:25: note: constant buffer defined here
        constant float* in_ptr27,
                        ^
program_source:5059:25: note: constant buffer defined here
        constant float* in_ptr28,
                        ^
program_source:5060:25: note: constant buffer defined here
        constant float* in_ptr29,
                        ^
program_source:5061:25: note: constant buffer defined here
        constant float* in_ptr30,
                        ^
program_source:5062:25: note: constant buffer defined here
        constant float* in_ptr31,
                        ^
program_source:5063:25: note: constant buffer defined here
        constant float* in_ptr32,
                        ^
program_source:5064:25: note: constant buffer defined here
        constant float* in_ptr33,
                        ^
program_source:5065:25: note: constant buffer defined here
        constant float* in_ptr34,
                        ^
program_source:5885:23: error: no 'buffer' resource location available for 'out_ptr31'
        device float* out_ptr31,
                      ^
program_source:5886:23: error: no 'buffer' resource location available for 'out_ptr32'
        device float* out_ptr32,
                      ^
program_source:5887:23: error: no 'buffer' resource location available for 'out_ptr33'
        device float* out_ptr33,
                      ^
program_source:5888:23: error: no 'buffer' resource location available for 'out_ptr34'
        device float* out_ptr34,
                      ^
program_source:5889:23: error: no 'buffer' resource location available for 'out_ptr35'
        device float* out_ptr35,
                      ^
program_source:5890:23: error: no 'buffer' resource location available for 'out_ptr36'
        device float* out_ptr36,
                      ^
program_source:5891:23: error: no 'buffer' resource location available for 'out_ptr37'
        device float* out_ptr37,
                      ^
program_source:5892:23: error: no 'buffer' resource location available for 'out_ptr38'
        device float* out_ptr38,
                      ^
program_source:5893:23: error: no 'buffer' resource location available for 'out_ptr39'
        device float* out_ptr39,
                      ^
program_source:5894:23: error: no 'buffer' resource location available for 'out_ptr40'
        device float* out_ptr40,
                      ^
program_source:5895:23: error: no 'buffer' resource location available for 'out_ptr41'
        device float* out_ptr41,
                      ^
program_source:5896:23: error: no 'buffer' resource location available for 'out_ptr42'
        device float* out_ptr42,
                      ^
program_source:5897:23: error: no 'buffer' resource location available for 'out_ptr43'
        device float* out_ptr43,
                      ^
program_source:5898:23: error: no 'buffer' resource location available for 'out_ptr44'
        device float* out_ptr44,
                      ^
program_source:5899:23: error: no 'buffer' resource location available for 'out_ptr45'
        device float* out_ptr45,
                      ^
program_source:5900:23: error: no 'buffer' resource location available for 'out_ptr46'
        device float* out_ptr46,
                      ^
program_source:5901:23: error: no 'buffer' resource location available for 'out_ptr47'
        device float* out_ptr47,
                      ^
program_source:5902:23: error: no 'buffer' resource location available for 'out_ptr48'
        device float* out_ptr48,
                      ^
program_source:5903:23: error: no 'buffer' resource location available for 'out_ptr49'
        device float* out_ptr49,
                      ^
program_source:5904:23: error: no 'buffer' resource location available for 'out_ptr50'
        device float* out_ptr50,
                      ^
program_source:5905:23: error: no 'buffer' resource location available for 'out_ptr51'
        device float* out_ptr51,
                      ^
program_source:5906:23: error: no 'buffer' resource location available for 'out_ptr52'
        device float* out_ptr52,
                      ^
program_source:5907:23: error: no 'buffer' resource location available for 'out_ptr53'
        device float* out_ptr53,
                      ^
program_source:5908:23: error: no 'buffer' resource location available for 'out_ptr54'
        device float* out_ptr54,
                      ^
program_source:5909:23: error: no 'buffer' resource location available for 'out_ptr55'
        device float* out_ptr55,
                      ^
program_source:5910:23: error: no 'buffer' resource location available for 'out_ptr56'
        device float* out_ptr56,
                      ^
program_source:5911:23: error: no 'buffer' resource location available for 'out_ptr57'
        device float* out_ptr57,
                      ^
program_source:5912:23: error: no 'buffer' resource location available for 'out_ptr58'
        device float* out_ptr58,
                      ^
program_source:5913:23: error: no 'buffer' resource location available for 'out_ptr59'
        device float* out_ptr59,
                      ^
program_source:5914:23: error: no 'buffer' resource location available for 'out_ptr60'
        device float* out_ptr60,
                      ^
program_source:5915:23: error: no 'buffer' resource location available for 'out_ptr61'
        device float* out_ptr61,
                      ^
program_source:5916:23: error: no 'buffer' resource location available for 'out_ptr62'
        device float* out_ptr62,
                      ^
program_source:5917:23: error: no 'buffer' resource location available for 'out_ptr63'
        device float* out_ptr63,
                      ^
program_source:5918:25: error: no 'buffer' resource location available for 'in_ptr0'
        constant float* in_ptr0,
                        ^
program_source:5919:26: error: no 'buffer' resource location available for 'in_ptr1'
        constant bfloat* in_ptr1,
                         ^
program_source:5920:26: error: no 'buffer' resource location available for 'in_ptr2'
        constant bfloat* in_ptr2,
                         ^
program_source:5921:25: error: no 'buffer' resource location available for 'in_ptr3'
        constant float* in_ptr3,
                        ^
program_source:5922:43: error: no 'buffer' resource location available for 'error_buf'
        device c10::metal::ErrorMessages* error_buf,
                                          ^
program_source:8181:17: error: number of constant buffers exceeds maximum supported (31)
    kernel void generated_kernel_23(
                ^
program_source:8246:25: note: constant buffer defined here
        constant float* in_ptr0,
                        ^
program_source:8247:26: note: constant buffer defined here
        constant bfloat* in_ptr1,
                         ^
program_source:8248:26: note: constant buffer defined here
        constant bfloat* in_ptr2,
                         ^
program_source:8249:25: note: constant buffer defined here
        constant float* in_ptr3,
                        ^
program_source:8250:25: note: constant buffer defined here
        constant float* in_ptr4,
                        ^
program_source:8251:25: note: constant buffer defined here
        constant float* in_ptr5,
                        ^
program_source:8252:25: note: constant buffer defined here
        constant float* in_ptr6,
                        ^
program_source:8253:25: note: constant buffer defined here
        constant float* in_ptr7,
                        ^
program_source:8254:25: note: constant buffer defined here
        constant float* in_ptr8,
                        ^
program_source:8255:25: note: constant buffer defined here
        constant float* in_ptr9,
                        ^
program_source:8256:25: note: constant buffer defined here
        constant float* in_ptr10,
                        ^
program_source:8257:25: note: constant buffer defined here
        constant float* in_ptr11,
                        ^
program_source:8258:25: note: constant buffer defined here
        constant float* in_ptr12,
                        ^
program_source:8259:25: note: constant buffer defined here
        constant float* in_ptr13,
                        ^
program_source:8260:25: note: constant buffer defined here
        constant float* in_ptr14,
                        ^
program_source:8261:25: note: constant buffer defined here
        constant float* in_ptr15,
                        ^
program_source:8262:25: note: constant buffer defined here
        constant float* in_ptr16,
                        ^
program_source:8263:25: note: constant buffer defined here
        constant float* in_ptr17,
                        ^
program_source:8264:25: note: constant buffer defined here
        constant float* in_ptr18,
                        ^
program_source:8265:25: note: constant buffer defined here
        constant float* in_ptr19,
                        ^
program_source:8266:25: note: constant buffer defined here
        constant float* in_ptr20,
                        ^
program_source:8267:25: note: constant buffer defined here
        constant float* in_ptr21,
                        ^
program_source:8268:25: note: constant buffer defined here
        constant float* in_ptr22,
                        ^
program_source:8269:25: note: constant buffer defined here
        constant float* in_ptr23,
                        ^
program_source:8270:25: note: constant buffer defined here
        constant float* in_ptr24,
                        ^
program_source:8271:25: note: constant buffer defined here
        constant float* in_ptr25,
                        ^
program_source:8272:25: note: constant buffer defined here
        constant float* in_ptr26,
                        ^
program_source:8273:25: note: constant buffer defined here
        constant float* in_ptr27,
                        ^
program_source:8274:25: note: constant buffer defined here
        constant float* in_ptr28,
                        ^
program_source:8275:25: note: constant buffer defined here
        constant float* in_ptr29,
                        ^
program_source:8276:25: note: constant buffer defined here
        constant float* in_ptr30,
                        ^
program_source:8277:25: note: constant buffer defined here
        constant float* in_ptr31,
                        ^
program_source:8278:25: note: constant buffer defined here
        constant float* in_ptr32,
                        ^
program_source:8279:25: note: constant buffer defined here
        constant float* in_ptr33,
                        ^
program_source:8280:25: note: constant buffer defined here
        constant float* in_ptr34,
                        ^
program_source:9068:17: error: number of constant buffers exceeds maximum supported (31)
    kernel void generated_kernel_24(
                ^
program_source:9133:25: note: constant buffer defined here
        constant float* in_ptr0,
                        ^
program_source:9134:26: note: constant buffer defined here
        constant bfloat* in_ptr1,
                         ^
program_source:9135:26: note: constant buffer defined here
        constant bfloat* in_ptr2,
                         ^
program_source:9136:25: note: constant buffer defined here
        constant float* in_ptr3,
                        ^
program_source:9137:25: note: constant buffer defined here
        constant float* in_ptr4,
                        ^
program_source:9138:25: note: constant buffer defined here
        constant float* in_ptr5,
                        ^
program_source:9139:25: note: constant buffer defined here
        constant float* in_ptr6,
                        ^
program_source:9140:25: note: constant buffer defined here
        constant float* in_ptr7,
                        ^
program_source:9141:25: note: constant buffer defined here
        constant float* in_ptr8,
                        ^
program_source:9142:25: note: constant buffer defined here
        constant float* in_ptr9,
                        ^
program_source:9143:25: note: constant buffer defined here
        constant float* in_ptr10,
                        ^
program_source:9144:25: note: constant buffer defined here
        constant float* in_ptr11,
                        ^
program_source:9145:25: note: constant buffer defined here
        constant float* in_ptr12,
                        ^
program_source:9146:25: note: constant buffer defined here
        constant float* in_ptr13,
                        ^
program_source:9147:25: note: constant buffer defined here
        constant float* in_ptr14,
                        ^
program_source:9148:25: note: constant buffer defined here
        constant float* in_ptr15,
                        ^
program_source:9149:25: note: constant buffer defined here
        constant float* in_ptr16,
                        ^
program_source:9150:25: note: constant buffer defined here
        constant float* in_ptr17,
                        ^
program_source:9151:25: note: constant buffer defined here
        constant float* in_ptr18,
                        ^
program_source:9152:25: note: constant buffer defined here
        constant float* in_ptr19,
                        ^
program_source:9153:25: note: constant buffer defined here
        constant float* in_ptr20,
                        ^
program_source:9154:25: note: constant buffer defined here
        constant float* in_ptr21,
                        ^
program_source:9155:25: note: constant buffer defined here
        constant float* in_ptr22,
                        ^
program_source:9156:25: note: constant buffer defined here
        constant float* in_ptr23,
                        ^
program_source:9157:25: note: constant buffer defined here
        constant float* in_ptr24,
                        ^
program_source:9158:25: note: constant buffer defined here
        constant float* in_ptr25,
                        ^
program_source:9159:25: note: constant buffer defined here
        constant float* in_ptr26,
                        ^
program_source:9160:25: note: constant buffer defined here
        constant float* in_ptr27,
                        ^
program_source:9161:25: note: constant buffer defined here
        constant float* in_ptr28,
                        ^
program_source:9162:25: note: constant buffer defined here
        constant float* in_ptr29,
                        ^
program_source:9163:25: note: constant buffer defined here
        constant float* in_ptr30,
                        ^
program_source:9164:25: note: constant buffer defined here
        constant float* in_ptr31,
                        ^
program_source:9165:25: note: constant buffer defined here
        constant float* in_ptr32,
                        ^
program_source:9166:25: note: constant buffer defined here
        constant float* in_ptr33,
                        ^
program_source:9167:25: note: constant buffer defined here
        constant float* in_ptr34,
                        ^
program_source:9987:23: error: no 'buffer' resource location available for 'out_ptr31'
        device float* out_ptr31,
                      ^
program_source:9988:23: error: no 'buffer' resource location available for 'out_ptr32'
        device float* out_ptr32,
                      ^
program_source:9989:23: error: no 'buffer' resource location available for 'out_ptr33'
        device float* out_ptr33,
                      ^
program_source:9990:23: error: no 'buffer' resource location available for 'out_ptr34'
        device float* out_ptr34,
                      ^
program_source:9991:23: error: no 'buffer' resource location available for 'out_ptr35'
        device float* out_ptr35,
                      ^
program_source:9992:23: error: no 'buffer' resource location available for 'out_ptr36'
        device float* out_ptr36,
                      ^
program_source:9993:23: error: no 'buffer' resource location available for 'out_ptr37'
        device float* out_ptr37,
                      ^
program_source:9994:23: error: no 'buffer' resource location available for 'out_ptr38'
        device float* out_ptr38,
                      ^
program_source:9995:23: error: no 'buffer' resource location available for 'out_ptr39'
        device float* out_ptr39,
                      ^
program_source:9996:23: error: no 'buffer' resource location available for 'out_ptr40'
        device float* out_ptr40,
                      ^
program_source:9997:23: error: no 'buffer' resource location available for 'out_ptr41'
        device float* out_ptr41,
                      ^
program_source:9998:23: error: no 'buffer' resource location available for 'out_ptr42'
        device float* out_ptr42,
                      ^
program_source:9999:23: error: no 'buffer' resource location available for 'out_ptr43'
        device float* out_ptr43,
                      ^
program_source:10000:23: error: no 'buffer' resource location available for 'out_ptr44'
        device float* out_ptr44,
                      ^
program_source:10001:23: error: no 'buffer' resource location available for 'out_ptr45'
        device float* out_ptr45,
                      ^
program_source:10002:23: error: no 'buffer' resource location available for 'out_ptr46'
        device float* out_ptr46,
                      ^
program_source:10003:23: error: no 'buffer' resource location available for 'out_ptr47'
        device float* out_ptr47,
                      ^
program_source:10004:23: error: no 'buffer' resource location available for 'out_ptr48'
        device float* out_ptr48,
                      ^
program_source:10005:23: error: no 'buffer' resource location available for 'out_ptr49'
        device float* out_ptr49,
                      ^
program_source:10006:23: error: no 'buffer' resource location available for 'out_ptr50'
        device float* out_ptr50,
                      ^
program_source:10007:23: error: no 'buffer' resource location available for 'out_ptr51'
        device float* out_ptr51,
                      ^
program_source:10008:23: error: no 'buffer' resource location available for 'out_ptr52'
        device float* out_ptr52,
                      ^
program_source:10009:23: error: no 'buffer' resource location available for 'out_ptr53'
        device float* out_ptr53,
                      ^
program_source:10010:23: error: no 'buffer' resource location available for 'out_ptr54'
        device float* out_ptr54,
                      ^
program_source:10011:23: error: no 'buffer' resource location available for 'out_ptr55'
        device float* out_ptr55,
                      ^
program_source:10012:23: error: no 'buffer' resource location available for 'out_ptr56'
        device float* out_ptr56,
                      ^
program_source:10013:23: error: no 'buffer' resource location available for 'out_ptr57'
        device float* out_ptr57,
                      ^
program_source:10014:23: error: no 'buffer' resource location available for 'out_ptr58'
        device float* out_ptr58,
                      ^
program_source:10015:23: error: no 'buffer' resource location available for 'out_ptr59'
        device float* out_ptr59,
                      ^
program_source:10016:23: error: no 'buffer' resource location available for 'out_ptr60'
        device float* out_ptr60,
                      ^
program_source:10017:23: error: no 'buffer' resource location available for 'out_ptr61'
        device float* out_ptr61,
                      ^
program_source:10018:23: error: no 'buffer' resource location available for 'out_ptr62'
        device float* out_ptr62,
                      ^
program_source:10019:23: error: no 'buffer' resource location available for 'out_ptr63'
        device float* out_ptr63,
                      ^
program_source:10020:25: error: no 'buffer' resource location available for 'in_ptr0'
        constant float* in_ptr0,
                        ^
program_source:10021:26: error: no 'buffer' resource location available for 'in_ptr1'
        constant bfloat* in_ptr1,
                         ^
program_source:10022:26: error: no 'buffer' resource location available for 'in_ptr2'
        constant bfloat* in_ptr2,
                         ^
program_source:10023:25: error: no 'buffer' resource location available for 'in_ptr3'
        constant float* in_ptr3,
                        ^
program_source:10024:43: error: no 'buffer' resource location available for 'error_buf'
        device c10::metal::ErrorMessages* error_buf,
                                          ^
program_source:12283:17: error: number of constant buffers exceeds maximum supported (31)
    kernel void generated_kernel_26(
                ^
program_source:12348:25: note: constant buffer defined here
        constant float* in_ptr0,
                        ^
program_source:12349:26: note: constant buffer defined here
        constant bfloat* in_ptr1,
                         ^
program_source:12350:26: note: constant buffer defined here
        constant bfloat* in_ptr2,
                         ^
program_source:12351:25: note: constant buffer defined here
        constant float* in_ptr3,
                        ^
program_source:12352:25: note: constant buffer defined here
        constant float* in_ptr4,
                        ^
program_source:12353:25: note: constant buffer defined here
        constant float* in_ptr5,
                        ^
program_source:12354:25: note: constant buffer defined here
        constant float* in_ptr6,
                        ^
program_source:12355:25: note: constant buffer defined here
        constant float* in_ptr7,
                        ^
program_source:12356:25: note: constant buffer defined here
        constant float* in_ptr8,
                        ^
program_source:12357:25: note: constant buffer defined here
        constant float* in_ptr9,
                        ^
program_source:12358:25: note: constant buffer defined here
        constant float* in_ptr10,
                        ^
program_source:12359:25: note: constant buffer defined here
        constant float* in_ptr11,
                        ^
program_source:12360:25: note: constant buffer defined here
        constant float* in_ptr12,
                        ^
program_source:12361:25: note: constant buffer defined here
        constant float* in_ptr13,
                        ^
program_source:12362:25: note: constant buffer defined here
        constant float* in_ptr14,
                        ^
program_source:12363:25: note: constant buffer defined here
        constant float* in_ptr15,
                        ^
program_source:12364:25: note: constant buffer defined here
        constant float* in_ptr16,
                        ^
program_source:12365:25: note: constant buffer defined here
        constant float* in_ptr17,
                        ^
program_source:12366:25: note: constant buffer defined here
        constant float* in_ptr18,
                        ^
program_source:12367:25: note: constant buffer defined here
        constant float* in_ptr19,
                        ^
program_source:12368:25: note: constant buffer defined here
        constant float* in_ptr20,
                        ^
program_source:12369:25: note: constant buffer defined here
        constant float* in_ptr21,
                        ^
program_source:12370:25: note: constant buffer defined here
        constant float* in_ptr22,
                        ^
program_source:12371:25: note: constant buffer defined here
        constant float* in_ptr23,
                        ^
program_source:12372:25: note: constant buffer defined here
        constant float* in_ptr24,
                        ^
program_source:12373:25: note: constant buffer defined here
        constant float* in_ptr25,
                        ^
program_source:12374:25: note: constant buffer defined here
        constant float* in_ptr26,
                        ^
program_source:12375:25: note: constant buffer defined here
        constant float* in_ptr27,
                        ^
program_source:12376:25: note: constant buffer defined here
        constant float* in_ptr28,
                        ^
program_source:12377:25: note: constant buffer defined here
        constant float* in_ptr29,
                        ^
program_source:12378:25: note: constant buffer defined here
        constant float* in_ptr30,
                        ^
program_source:12379:25: note: constant buffer defined here
        constant float* in_ptr31,
                        ^
program_source:12380:25: note: constant buffer defined here
        constant float* in_ptr32,
                        ^
program_source:12381:25: note: constant buffer defined here
        constant float* in_ptr33,
                        ^
program_source:12382:25: note: constant buffer defined here
        constant float* in_ptr34,
                        ^
program_source:13170:17: error: number of constant buffers exceeds maximum supported (31)
    kernel void generated_kernel_27(
                ^
program_source:13235:25: note: constant buffer defined here
        constant float* in_ptr0,
                        ^
program_source:13236:26: note: constant buffer defined here
        constant bfloat* in_ptr1,
                         ^
program_source:13237:26: note: constant buffer defined here
        constant bfloat* in_ptr2,
                         ^
program_source:13238:25: note: constant buffer defined here
        constant float* in_ptr3,
                        ^
program_source:13239:25: note: constant buffer defined here
        constant float* in_ptr4,
                        ^
program_source:13240:25: note: constant buffer defined here
        constant float* in_ptr5,
                        ^
program_source:13241:25: note: constant buffer defined here
        constant float* in_ptr6,
                        ^
program_source:13242:25: note: constant buffer defined here
        constant float* in_ptr7,
                        ^
program_source:13243:25: note: constant buffer defined here
        constant float* in_ptr8,
                        ^
program_source:13244:25: note: constant buffer defined here
        constant float* in_ptr9,
                        ^
program_source:13245:25: note: constant buffer defined here
        constant float* in_ptr10,
                        ^
program_source:13246:25: note: constant buffer defined here
        constant float* in_ptr11,
                        ^
program_source:13247:25: note: constant buffer defined here
        constant float* in_ptr12,
                        ^
program_source:13248:25: note: constant buffer defined here
        constant float* in_ptr13,
                        ^
program_source:13249:25: note: constant buffer defined here
        constant float* in_ptr14,
                        ^
program_source:13250:25: note: constant buffer defined here
        constant float* in_ptr15,
                        ^
program_source:13251:25: note: constant buffer defined here
        constant float* in_ptr16,
                        ^
program_source:13252:25: note: constant buffer defined here
        constant float* in_ptr17,
                        ^
program_source:13253:25: note: constant buffer defined here
        constant float* in_ptr18,
                        ^
program_source:13254:25: note: constant buffer defined here
        constant float* in_ptr19,
                        ^
program_source:13255:25: note: constant buffer defined here
        constant float* in_ptr20,
                        ^
program_source:13256:25: note: constant buffer defined here
        constant float* in_ptr21,
                        ^
program_source:13257:25: note: constant buffer defined here
        constant float* in_ptr22,
                        ^
program_source:13258:25: note: constant buffer defined here
        constant float* in_ptr23,
                        ^
program_source:13259:25: note: constant buffer defined here
        constant float* in_ptr24,
                        ^
program_source:13260:25: note: constant buffer defined here
        constant float* in_ptr25,
                        ^
program_source:13261:25: note: constant buffer defined here
        constant float* in_ptr26,
                        ^
program_source:13262:25: note: constant buffer defined here
        constant float* in_ptr27,
                        ^
program_source:13263:25: note: constant buffer defined here
        constant float* in_ptr28,
                        ^
program_source:13264:25: note: constant buffer defined here
        constant float* in_ptr29,
                        ^
program_source:13265:25: note: constant buffer defined here
        constant float* in_ptr30,
                        ^
program_source:13266:25: note: constant buffer defined here
        constant float* in_ptr31,
                        ^
program_source:13267:25: note: constant buffer defined here
        constant float* in_ptr32,
                        ^
program_source:13268:25: note: constant buffer defined here
        constant float* in_ptr33,
                        ^
program_source:13269:25: note: constant buffer defined here
        constant float* in_ptr34,
                        ^
program_source:14089:23: error: no 'buffer' resource location available for 'out_ptr31'
        device float* out_ptr31,
                      ^
program_source:14090:23: error: no 'buffer' resource location available for 'out_ptr32'
        device float* out_ptr32,
                      ^
program_source:14091:23: error: no 'buffer' resource location available for 'out_ptr33'
        device float* out_ptr33,
                      ^
program_source:14092:23: error: no 'buffer' resource location available for 'out_ptr34'
        device float* out_ptr34,
                      ^
program_source:14093:23: error: no 'buffer' resource location available for 'out_ptr35'
        device float* out_ptr35,
                      ^
program_source:14094:23: error: no 'buffer' resource location available for 'out_ptr36'
        device float* out_ptr36,
                      ^
program_source:14095:23: error: no 'buffer' resource location available for 'out_ptr37'
        device float* out_ptr37,
                      ^
program_source:14096:23: error: no 'buffer' resource location available for 'out_ptr38'
        device float* out_ptr38,
                      ^
program_source:14097:23: error: no 'buffer' resource location available for 'out_ptr39'
        device float* out_ptr39,
                      ^
program_source:14098:23: error: no 'buffer' resource location available for 'out_ptr40'
        device float* out_ptr40,
                      ^
program_source:14099:23: error: no 'buffer' resource location available for 'out_ptr41'
        device float* out_ptr41,
                      ^
program_source:14100:23: error: no 'buffer' resource location available for 'out_ptr42'
        device float* out_ptr42,
                      ^
program_source:14101:23: error: no 'buffer' resource location available for 'out_ptr43'
        device float* out_ptr43,
                      ^
program_source:14102:23: error: no 'buffer' resource location available for 'out_ptr44'
        device float* out_ptr44,
                      ^
program_source:14103:23: error: no 'buffer' resource location available for 'out_ptr45'
        device float* out_ptr45,
                      ^
program_source:14104:23: error: no 'buffer' resource location available for 'out_ptr46'
        device float* out_ptr46,
                      ^
program_source:14105:23: error: no 'buffer' resource location available for 'out_ptr47'
        device float* out_ptr47,
                      ^
program_source:14106:23: error: no 'buffer' resource location available for 'out_ptr48'
        device float* out_ptr48,
                      ^
program_source:14107:23: error: no 'buffer' resource location available for 'out_ptr49'
        device float* out_ptr49,
                      ^
program_source:14108:23: error: no 'buffer' resource location available for 'out_ptr50'
        device float* out_ptr50,
                      ^
program_source:14109:23: error: no 'buffer' resource location available for 'out_ptr51'
        device float* out_ptr51,
                      ^
program_source:14110:23: error: no 'buffer' resource location available for 'out_ptr52'
        device float* out_ptr52,
                      ^
program_source:14111:23: error: no 'buffer' resource location available for 'out_ptr53'
        device float* out_ptr53,
                      ^
program_source:14112:23: error: no 'buffer' resource location available for 'out_ptr54'
        device float* out_ptr54,
                      ^
program_source:14113:23: error: no 'buffer' resource location available for 'out_ptr55'
        device float* out_ptr55,
                      ^
program_source:14114:23: error: no 'buffer' resource location available for 'out_ptr56'
        device float* out_ptr56,
                      ^
program_source:14115:23: error: no 'buffer' resource location available for 'out_ptr57'
        device float* out_ptr57,
                      ^
program_source:14116:23: error: no 'buffer' resource location available for 'out_ptr58'
        device float* out_ptr58,
                      ^
program_source:14117:23: error: no 'buffer' resource location available for 'out_ptr59'
        device float* out_ptr59,
                      ^
program_source:14118:23: error: no 'buffer' resource location available for 'out_ptr60'
        device float* out_ptr60,
                      ^
program_source:14119:23: error: no 'buffer' resource location available for 'out_ptr61'
        device float* out_ptr61,
                      ^
program_source:14120:23: error: no 'buffer' resource location available for 'out_ptr62'
        device float* out_ptr62,
                      ^
program_source:14121:23: error: no 'buffer' resource location available for 'out_ptr63'
        device float* out_ptr63,
                      ^
program_source:14122:25: error: no 'buffer' resource location available for 'in_ptr0'
        constant float* in_ptr0,
                        ^
program_source:14123:26: error: no 'buffer' resource location available for 'in_ptr1'
        constant bfloat* in_ptr1,
                         ^
program_source:14124:26: error: no 'buffer' resource location available for 'in_ptr2'
        constant bfloat* in_ptr2,
                         ^
program_source:14125:25: error: no 'buffer' resource location available for 'in_ptr3'
        constant float* in_ptr3,
                        ^
program_source:14126:43: error: no 'buffer' resource location available for 'error_buf'
        device c10::metal::ErrorMessages* error_buf,
                                          ^
program_source:16407:17: error: number of constant buffers exceeds maximum supported (31)
    kernel void generated_kernel_30(
                ^
program_source:16472:25: note: constant buffer defined here
        constant float* in_ptr0,
                        ^
program_source:16473:26: note: constant buffer defined here
        constant bfloat* in_ptr1,
                         ^
program_source:16474:26: note: constant buffer defined here
        constant bfloat* in_ptr2,
                         ^
program_source:16475:25: note: constant buffer defined here
        constant float* in_ptr3,
                        ^
program_source:16476:25: note: constant buffer defined here
        constant float* in_ptr4,
                        ^
program_source:16477:25: note: constant buffer defined here
        constant float* in_ptr5,
                        ^
program_source:16478:25: note: constant buffer defined here
        constant float* in_ptr6,
                        ^
program_source:16479:25: note: constant buffer defined here
        constant float* in_ptr7,
                        ^
program_source:16480:25: note: constant buffer defined here
        constant float* in_ptr8,
                        ^
program_source:16481:25: note: constant buffer defined here
        constant float* in_ptr9,
                        ^
program_source:16482:25: note: constant buffer defined here
        constant float* in_ptr10,
                        ^
program_source:16483:25: note: constant buffer defined here
        constant float* in_ptr11,
                        ^
program_source:16484:25: note: constant buffer defined here
        constant float* in_ptr12,
                        ^
program_source:16485:25: note: constant buffer defined here
        constant float* in_ptr13,
                        ^
program_source:16486:25: note: constant buffer defined here
        constant float* in_ptr14,
                        ^
program_source:16487:25: note: constant buffer defined here
        constant float* in_ptr15,
                        ^
program_source:16488:25: note: constant buffer defined here
        constant float* in_ptr16,
                        ^
program_source:16489:25: note: constant buffer defined here
        constant float* in_ptr17,
                        ^
program_source:16490:25: note: constant buffer defined here
        constant float* in_ptr18,
                        ^
program_source:16491:25: note: constant buffer defined here
        constant float* in_ptr19,
                        ^
program_source:16492:25: note: constant buffer defined here
        constant float* in_ptr20,
                        ^
program_source:16493:25: note: constant buffer defined here
        constant float* in_ptr21,
                        ^
program_source:16494:25: note: constant buffer defined here
        constant float* in_ptr22,
                        ^
program_source:16495:25: note: constant buffer defined here
        constant float* in_ptr23,
                        ^
program_source:16496:25: note: constant buffer defined here
        constant float* in_ptr24,
                        ^
program_source:16497:25: note: constant buffer defined here
        constant float* in_ptr25,
                        ^
program_source:16498:25: note: constant buffer defined here
        constant float* in_ptr26,
                        ^
program_source:16499:25: note: constant buffer defined here
        constant float* in_ptr27,
                        ^
program_source:16500:25: note: constant buffer defined here
        constant float* in_ptr28,
                        ^
program_source:16501:25: note: constant buffer defined here
        constant float* in_ptr29,
                        ^
program_source:16502:25: note: constant buffer defined here
        constant float* in_ptr30,
                        ^
program_source:16503:25: note: constant buffer defined here
        constant float* in_ptr31,
                        ^
program_source:16504:25: note: constant buffer defined here
        constant float* in_ptr32,
                        ^
program_source:16505:25: note: constant buffer defined here
        constant float* in_ptr33,
                        ^
program_source:16506:25: note: constant buffer defined here
        constant float* in_ptr34,
                        ^
program_source:17294:17: error: number of constant buffers exceeds maximum supported (31)
    kernel void generated_kernel_31(
                ^
program_source:17359:25: note: constant buffer defined here
        constant float* in_ptr0,
                        ^
program_source:17360:26: note: constant buffer defined here
        constant bfloat* in_ptr1,
                         ^
program_source:17361:26: note: constant buffer defined here
        constant bfloat* in_ptr2,
                         ^
program_source:17362:25: note: constant buffer defined here
        constant float* in_ptr3,
                        ^
program_source:17363:25: note: constant buffer defined here
        constant float* in_ptr4,
                        ^
program_source:17364:25: note: constant buffer defined here
        constant float* in_ptr5,
                        ^
program_source:17365:25: note: constant buffer defined here
        constant float* in_ptr6,
                        ^
program_source:17366:25: note: constant buffer defined here
        constant float* in_ptr7,
                        ^
program_source:17367:25: note: constant buffer defined here
        constant float* in_ptr8,
                        ^
program_source:17368:25: note: constant buffer defined here
        constant float* in_ptr9,
                        ^
program_source:17369:25: note: constant buffer defined here
        constant float* in_ptr10,
                        ^
program_source:17370:25: note: constant buffer defined here
        constant float* in_ptr11,
                        ^
program_source:17371:25: note: constant buffer defined here
        constant float* in_ptr12,
                        ^
program_source:17372:25: note: constant buffer defined here
        constant float* in_ptr13,
                        ^
program_source:17373:25: note: constant buffer defined here
        constant float* in_ptr14,
                        ^
program_source:17374:25: note: constant buffer defined here
        constant float* in_ptr15,
                        ^
program_source:17375:25: note: constant buffer defined here
        constant float* in_ptr16,
                        ^
program_source:17376:25: note: constant buffer defined here
        constant float* in_ptr17,
                        ^
program_source:17377:25: note: constant buffer defined here
        constant float* in_ptr18,
                        ^
program_source:17378:25: note: constant buffer defined here
        constant float* in_ptr19,
                        ^
program_source:17379:25: note: constant buffer defined here
        constant float* in_ptr20,
                        ^
program_source:17380:25: note: constant buffer defined here
        constant float* in_ptr21,
                        ^
program_source:17381:25: note: constant buffer defined here
        constant float* in_ptr22,
                        ^
program_source:17382:25: note: constant buffer defined here
        constant float* in_ptr23,
                        ^
program_source:17383:25: note: constant buffer defined here
        constant float* in_ptr24,
                        ^
program_source:17384:25: note: constant buffer defined here
        constant float* in_ptr25,
                        ^
program_source:17385:25: note: constant buffer defined here
        constant float* in_ptr26,
                        ^
program_source:17386:25: note: constant buffer defined here
        constant float* in_ptr27,
                        ^
program_source:17387:25: note: constant buffer defined here
        constant float* in_ptr28,
                        ^
program_source:17388:25: note: constant buffer defined here
        constant float* in_ptr29,
                        ^
program_source:17389:25: note: constant buffer defined here
        constant float* in_ptr30,
                        ^
program_source:17390:25: note: constant buffer defined here
        constant float* in_ptr31,
                        ^
program_source:17391:25: note: constant buffer defined here
        constant float* in_ptr32,
                        ^
program_source:17392:25: note: constant buffer defined here
        constant float* in_ptr33,
                        ^
program_source:17393:25: note: constant buffer defined here
        constant float* in_ptr34,
                        ^
program_source:18461:14: warning: unused variable 'tmp3' [-Wunused-variable]
        auto tmp3 = tmp1 >= tmp2;
             ^
program_source:18472:14: warning: unused variable 'tmp9' [-Wunused-variable]
        auto tmp9 = tmp1 < tmp8;
             ^
program_source:18548:14: warning: unused variable 'tmp3' [-Wunused-variable]
        auto tmp3 = tmp1 >= tmp2;
             ^
program_source:18558:14: warning: unused variable 'tmp9' [-Wunused-variable]
        auto tmp9 = tmp1 < tmp8;
             ^
program_source:18587:14: warning: unused variable 'tmp3' [-Wunused-variable]
        auto tmp3 = tmp1 >= tmp2;
             ^
program_source:18597:14: warning: unused variable 'tmp9' [-Wunused-variable]
        auto tmp9 = tmp1 < tmp8;
             ^
program_source:18851:14: warning: unused variable 'tmp3' [-Wunused-variable]
        auto tmp3 = tmp1 >= tmp2;
             ^
program_source:18861:14: warning: unused variable 'tmp9' [-Wunused-variable]
        auto tmp9 = tmp1 < tmp8;
             ^
program_source:18891:14: warning: unused variable 'tmp3' [-Wunused-variable]
        auto tmp3 = tmp1 >= tmp2;
             ^
program_source:18901:14: warning: unused variable 'tmp9' [-Wunused-variable]
        auto tmp9 = tmp1 < tmp8;
             ^
program_source:18931:14: warning: unused variable 'tmp3' [-Wunused-variable]
        auto tmp3 = tmp1 >= tmp2;
             ^
program_source:18941:14: warning: unused variable 'tmp9' [-Wunused-variable]
        auto tmp9 = tmp1 < tmp8;
             ^
program_source:18971:14: warning: unused variable 'tmp3' [-Wunused-variable]
        auto tmp3 = tmp1 >= tmp2;
             ^
program_source:18981:14: warning: unused variable 'tmp9' [-Wunused-variable]
        auto tmp9 = tmp1 < tmp8;
             ^
program_source:19011:14: warning: unused variable 'tmp3' [-Wunused-variable]
        auto tmp3 = tmp1 >= tmp2;
             ^
program_source:19021:14: warning: unused variable 'tmp9' [-Wunused-variable]
        auto tmp9 = tmp1 < tmp8;
             ^
program_source:19051:14: warning: unused variable 'tmp3' [-Wunused-variable]
        auto tmp3 = tmp1 >= tmp2;
             ^
program_source:19061:14: warning: unused variable 'tmp9' [-Wunused-variable]
        auto tmp9 = tmp1 < tmp8;
             ^
program_source:19091:14: warning: unused variable 'tmp3' [-Wunused-variable]
        auto tmp3 = tmp1 >= tmp2;
             ^
program_source:19101:14: warning: unused variable 'tmp9' [-Wunused-variable]
        auto tmp9 = tmp1 < tmp8;
             ^
program_source:19130:14: warning: unused variable 'tmp3' [-Wunused-variable]
        auto tmp3 = tmp1 >= tmp2;
             ^
program_source:19140:14: warning: unused variable 'tmp9' [-Wunused-variable]
        auto tmp9 = tmp1 < tmp8;
             ^
program_source:19346:14: warning: unused variable 'tmp3' [-Wunused-variable]
        auto tmp3 = tmp1 >= tmp2;
             ^
program_source:19438:14: warning: unused variable 'tmp39' [-Wunused-variable]
        auto tmp39 = tmp1 < tmp38;
             ^
program_source:19546:14: warning: unused variable 'tmp7' [-Wunused-variable]
        auto tmp7 = tmp5 >= tmp6;
             ^
program_source:19557:14: warning: unused variable 'tmp13' [-Wunused-variable]
        auto tmp13 = tmp5 < tmp12;
             ^
program_source:20056:14: warning: unused variable 'xindex' [-Wunused-variable]
        auto xindex = thread_pos.x;
             ^


Set TORCHDYNAMO_VERBOSE=1 for the internal stack trace (please do this especially if you're reporting a bug to PyTorch). For even more developer context, set TORCH_LOGS="+dynamo"

