Imported from /Users/andrewhendel/CascadeProjects/mojolearn/bindings/_mojolearn_gbdt.mojo:59:
./gbdt/estimator.mojo:125:5: warning: 'memcpy' is deprecated, use 'unsafe_memcpy' instead
    memcpy(dest=raw.unsafe_ptr(), src=x, count=n_rows * n_features)
    ^~~~~~
    unsafe_memcpy
<unknown>:0: note: 'memcpy' declared here
Imported from /Users/andrewhendel/CascadeProjects/mojolearn/bindings/_mojolearn_gbdt.mojo:59:
./gbdt/estimator.mojo:128:5: warning: 'memcpy' is deprecated, use 'unsafe_memcpy' instead
    memcpy(dest=target.unsafe_ptr(), src=y, count=n_rows)
    ^~~~~~
    unsafe_memcpy
<unknown>:0: note: 'memcpy' declared here
Imported from /Users/andrewhendel/CascadeProjects/mojolearn/bindings/_mojolearn_gbdt.mojo:59:
./gbdt/estimator.mojo:135:9: warning: 'memcpy' is deprecated, use 'unsafe_memcpy' instead
        memcpy(dest=weights.unsafe_ptr(), src=sample_weight, count=n_rows)
        ^~~~~~
        unsafe_memcpy
<unknown>:0: note: 'memcpy' declared here
Imported from /Users/andrewhendel/CascadeProjects/mojolearn/bindings/_mojolearn_gbdt.mojo:59:
./gbdt/estimator.mojo:460:5: warning: 'memcpy' is deprecated, use 'unsafe_memcpy' instead
    memcpy(dest=xs.unsafe_ptr(), src=x, count=n_x)
    ^~~~~~
    unsafe_memcpy
<unknown>:0: note: 'memcpy' declared here
Imported from /Users/andrewhendel/CascadeProjects/mojolearn/bindings/_mojolearn_gbdt.mojo:59:
./gbdt/estimator.mojo:463:5: warning: 'memcpy' is deprecated, use 'unsafe_memcpy' instead
    memcpy(dest=ys.unsafe_ptr(), src=y, count=n_rows)
    ^~~~~~
    unsafe_memcpy
<unknown>:0: note: 'memcpy' declared here
Imported from /Users/andrewhendel/CascadeProjects/mojolearn/bindings/_mojolearn_gbdt.mojo:59:
./gbdt/estimator.mojo:479:9: warning: 'memcpy' is deprecated, use 'unsafe_memcpy' instead
        memcpy(dest=ws.unsafe_ptr(), src=weights, count=n_rows)
        ^~~~~~
        unsafe_memcpy
<unknown>:0: note: 'memcpy' declared here
Imported from /Users/andrewhendel/CascadeProjects/mojolearn/bindings/_mojolearn_gbdt.mojo:59:
./gbdt/estimator.mojo:486:9: warning: 'memcpy' is deprecated, use 'unsafe_memcpy' instead
        memcpy(dest=eval_xs.unsafe_ptr(), src=eval_x, count=n_ex)
        ^~~~~~
        unsafe_memcpy
<unknown>:0: note: 'memcpy' declared here
Imported from /Users/andrewhendel/CascadeProjects/mojolearn/bindings/_mojolearn_gbdt.mojo:59:
./gbdt/estimator.mojo:488:9: warning: 'memcpy' is deprecated, use 'unsafe_memcpy' instead
        memcpy(dest=eval_ys.unsafe_ptr(), src=eval_y, count=n_eval_rows)
        ^~~~~~
        unsafe_memcpy
<unknown>:0: note: 'memcpy' declared here
Imported from /Users/andrewhendel/CascadeProjects/mojolearn/bindings/_mojolearn_gbdt.mojo:59:
./gbdt/estimator.mojo:617:5: warning: 'memcpy' is deprecated, use 'unsafe_memcpy' instead
    memcpy(dest=xs.unsafe_ptr(), src=x, count=n_x)
    ^~~~~~
    unsafe_memcpy
<unknown>:0: note: 'memcpy' declared here
Imported from /Users/andrewhendel/CascadeProjects/mojolearn/bindings/_mojolearn_gbdt.mojo:59:
./gbdt/estimator.mojo:671:5: warning: 'memcpy' is deprecated, use 'unsafe_memcpy' instead
    memcpy(dest=xs.unsafe_ptr(), src=x, count=n_x)
    ^~~~~~
    unsafe_memcpy
<unknown>:0: note: 'memcpy' declared here
Imported from /Users/andrewhendel/CascadeProjects/mojolearn/bindings/_mojolearn_gbdt.mojo:59:
Imported from ./gbdt/estimator.mojo:87:
./gbdt/train.mojo:758:5: warning: 'StringLiteral["-1 for a raw column, otherwise an index into `ctr_grids`."]' value is unused; assign to '_' to discard the result
    """-1 for a raw column, otherwise an index into `ctr_grids`."""
    ^~~~~~~~~~~~~~~~~~~~~~~~~~~~~~~~~~~~~~~~~~~~~~~~~~~~~~~~~~~~~~~
    _ = 
Imported from /Users/andrewhendel/CascadeProjects/mojolearn/bindings/_mojolearn_gbdt.mojo:59:
Imported from ./gbdt/estimator.mojo:87:
./gbdt/train.mojo:903:41: warning: '__add__' is deprecated, use 'unsafe_offset' instead
            src=x_colmajor.unsafe_ptr() + f * n_rows,
                ~~~~~~~~~~~~~~~~~~~~~~~~^~~~~~~~~~~~
<unknown>:0: note: '__add__' declared here
Imported from /Users/andrewhendel/CascadeProjects/mojolearn/bindings/_mojolearn_gbdt.mojo:59:
Imported from ./gbdt/estimator.mojo:87:
./gbdt/train.mojo:901:9: warning: 'memcpy' is deprecated, use 'unsafe_memcpy' instead
        memcpy(
        ^~~~~~
        unsafe_memcpy
<unknown>:0: note: 'memcpy' declared here
Imported from /Users/andrewhendel/CascadeProjects/mojolearn/bindings/_mojolearn_gbdt.mojo:59:
Imported from ./gbdt/estimator.mojo:87:
./gbdt/train.mojo:1115:29: warning: '__add__' is deprecated, use 'unsafe_offset' instead
            var src = (colp + fcol)[].unsafe_ptr()
                       ~~~~~^~~~~~
<unknown>:0: note: '__add__' declared here
Imported from /Users/andrewhendel/CascadeProjects/mojolearn/bindings/_mojolearn_gbdt.mojo:59:
Imported from ./gbdt/estimator.mojo:87:
./gbdt/train.mojo:1292:57: warning: '__add__' is deprecated, use 'unsafe_offset' instead
                memcpy(dest=col2.unsafe_ptr(), src=sfp2 + k * nr2, count=nr2)
                                                   ~~~~~^~~~~~~~~
<unknown>:0: note: '__add__' declared here
Imported from /Users/andrewhendel/CascadeProjects/mojolearn/bindings/_mojolearn_gbdt.mojo:59:
Imported from ./gbdt/estimator.mojo:87:
./gbdt/train.mojo:1292:17: warning: 'memcpy' is deprecated, use 'unsafe_memcpy' instead
                memcpy(dest=col2.unsafe_ptr(), src=sfp2 + k * nr2, count=nr2)
                ^~~~~~
                unsafe_memcpy
<unknown>:0: note: 'memcpy' declared here
Imported from /Users/andrewhendel/CascadeProjects/mojolearn/bindings/_mojolearn_gbdt.mojo:59:
Imported from ./gbdt/estimator.mojo:67:
Imported from ./gbdt/methods/doc_parallel_boosting.mojo:22:
/Users/andrewhendel/CascadeProjects/mojolearn/./core/identity_trace.mojo:376:14: warning: 'UnsafePointer' is deprecated, use 'Pointer' instead
        ptr: UnsafePointer[Scalar[dt], o],
             ^~~~~~~~~~~~~
             Pointer
<unknown>:0: note: 'UnsafePointer' declared here
Imported from /Users/andrewhendel/CascadeProjects/mojolearn/bindings/_mojolearn_gbdt.mojo:59:
Imported from ./gbdt/estimator.mojo:67:
./gbdt/methods/doc_parallel_boosting.mojo:1535:13: warning: '@parameter if' is deprecated; use 'comptime if'
            @parameter
            ^~~~~~~~~~
            comptime 
Imported from /Users/andrewhendel/CascadeProjects/mojolearn/bindings/_mojolearn_gbdt.mojo:59:
Imported from ./gbdt/estimator.mojo:67:
./gbdt/methods/doc_parallel_boosting.mojo:1630:9: warning: '@parameter if' is deprecated; use 'comptime if'
        @parameter
        ^~~~~~~~~~
        comptime 
Imported from /Users/andrewhendel/CascadeProjects/mojolearn/bindings/_mojolearn_gbdt.mojo:59:
Imported from ./gbdt/estimator.mojo:67:
./gbdt/methods/doc_parallel_boosting.mojo:1681:13: warning: '@parameter if' is deprecated; use 'comptime if'
            @parameter
            ^~~~~~~~~~
            comptime 
Imported from /Users/andrewhendel/CascadeProjects/mojolearn/bindings/_mojolearn_gbdt.mojo:59:
Imported from ./gbdt/estimator.mojo:67:
./gbdt/methods/doc_parallel_boosting.mojo:1809:13: warning: '@parameter if' is deprecated; use 'comptime if'
            @parameter
            ^~~~~~~~~~
            comptime 
Imported from /Users/andrewhendel/CascadeProjects/mojolearn/bindings/_mojolearn_gbdt.mojo:59:
Imported from ./gbdt/estimator.mojo:67:
./gbdt/methods/doc_parallel_boosting.mojo:2091:22: warning: 'bitcast' is deprecated, use 'unsafe_bitcast' instead
    h_fv.unsafe_ptr().bitcast[UInt32]().unsafe_store(
    ~~~~~~~~~~~~~~~~~^~~~~~~~
                      unsafe_bitcast
<unknown>:0: note: 'bitcast' declared here
Imported from /Users/andrewhendel/CascadeProjects/mojolearn/bindings/_mojolearn_gbdt.mojo:59:
Imported from ./gbdt/estimator.mojo:67:
./gbdt/methods/doc_parallel_boosting.mojo:2100:26: warning: 'bitcast' is deprecated, use 'unsafe_bitcast' instead
        h_fv.unsafe_ptr().bitcast[UInt32]().unsafe_load(0)
        ~~~~~~~~~~~~~~~~~^~~~~~~~
                          unsafe_bitcast
<unknown>:0: note: 'bitcast' declared here
Imported from /Users/andrewhendel/CascadeProjects/mojolearn/bindings/_mojolearn_gbdt.mojo:59:
Imported from ./gbdt/estimator.mojo:67:
./gbdt/methods/doc_parallel_boosting.mojo:2336:36: warning: '__add__' is deprecated, use 'unsafe_offset' instead
                d_off.unsafe_ptr() + lvl,
                ~~~~~~~~~~~~~~~~~~~^~~~~
<unknown>:0: note: '__add__' declared here
Imported from /Users/andrewhendel/CascadeProjects/mojolearn/bindings/_mojolearn_gbdt.mojo:59:
Imported from ./gbdt/estimator.mojo:67:
./gbdt/methods/doc_parallel_boosting.mojo:2337:38: warning: '__add__' is deprecated, use 'unsafe_offset' instead
                d_shift.unsafe_ptr() + lvl,
                ~~~~~~~~~~~~~~~~~~~~~^~~~~
<unknown>:0: note: '__add__' declared here
Imported from /Users/andrewhendel/CascadeProjects/mojolearn/bindings/_mojolearn_gbdt.mojo:59:
Imported from ./gbdt/estimator.mojo:67:
./gbdt/methods/doc_parallel_boosting.mojo:2338:37: warning: '__add__' is deprecated, use 'unsafe_offset' instead
                d_mask.unsafe_ptr() + lvl,
                ~~~~~~~~~~~~~~~~~~~~^~~~~
<unknown>:0: note: '__add__' declared here
Imported from /Users/andrewhendel/CascadeProjects/mojolearn/bindings/_mojolearn_gbdt.mojo:59:
Imported from ./gbdt/estimator.mojo:67:
./gbdt/methods/doc_parallel_boosting.mojo:2339:36: warning: '__add__' is deprecated, use 'unsafe_offset' instead
                d_bin.unsafe_ptr() + lvl,
                ~~~~~~~~~~~~~~~~~~~^~~~~
<unknown>:0: note: '__add__' declared here
Imported from /Users/andrewhendel/CascadeProjects/mojolearn/bindings/_mojolearn_gbdt.mojo:59:
Imported from ./gbdt/estimator.mojo:67:
./gbdt/methods/doc_parallel_boosting.mojo:2340:35: warning: '__add__' is deprecated, use 'unsafe_offset' instead
                d_eq.unsafe_ptr() + lvl,
                ~~~~~~~~~~~~~~~~~~^~~~~
<unknown>:0: note: '__add__' declared here
Imported from /Users/andrewhendel/CascadeProjects/mojolearn/bindings/_mojolearn_gbdt.mojo:59:
Imported from ./gbdt/estimator.mojo:67:
./gbdt/methods/doc_parallel_boosting.mojo:2342:37: warning: '__add__' is deprecated, use 'unsafe_offset' instead
                d_vals.unsafe_ptr() + leaf,
                ~~~~~~~~~~~~~~~~~~~~^~~~~~
<unknown>:0: note: '__add__' declared here
Imported from /Users/andrewhendel/CascadeProjects/mojolearn/bindings/_mojolearn_gbdt.mojo:59:
Imported from ./gbdt/estimator.mojo:87:
./gbdt/train.mojo:331:13: warning: 'memcpy' is deprecated, use 'unsafe_memcpy' instead
            memcpy(dest=hx, src=src, count=n_rows)
            ^~~~~~
            unsafe_memcpy
<unknown>:0: note: 'memcpy' declared here
Imported from /Users/andrewhendel/CascadeProjects/mojolearn/bindings/_mojolearn_gbdt.mojo:59:
Imported from ./gbdt/estimator.mojo:67:
Imported from ./gbdt/methods/doc_parallel_boosting.mojo:22:
/Users/andrewhendel/CascadeProjects/mojolearn/./core/identity_trace.mojo:248:14: warning: 'UnsafePointer' is deprecated, use 'Pointer' instead
        raw: UnsafePointer[UInt8, o],
             ^~~~~~~~~~~~~
             Pointer
<unknown>:0: note: 'UnsafePointer' declared here
Imported from /Users/andrewhendel/CascadeProjects/mojolearn/bindings/_mojolearn_gbdt.mojo:59:
Imported from ./gbdt/estimator.mojo:67:
Imported from ./gbdt/methods/doc_parallel_boosting.mojo:22:
/Users/andrewhendel/CascadeProjects/mojolearn/./core/identity_trace.mojo:386:16: warning: 'bitcast' is deprecated, use 'unsafe_bitcast' instead
            ptr.bitcast[UInt8](),
            ~~~^~~~~~~~
                unsafe_bitcast
<unknown>:0: note: 'bitcast' declared here
Imported from /Users/andrewhendel/CascadeProjects/mojolearn/bindings/_mojolearn_gbdt.mojo:59:
Imported from ./gbdt/estimator.mojo:87:
Imported from ./gbdt/train.mojo:85:
./gbdt/targets/kernel/pointwise_targets.mojo:844:9: warning: '@parameter for' is deprecated; use 'comptime for'
        @parameter
        ^~~~~~~~~~
        comptime 
Imported from /Users/andrewhendel/CascadeProjects/mojolearn/bindings/_mojolearn_gbdt.mojo:59:
Imported from ./gbdt/estimator.mojo:87:
Imported from ./gbdt/train.mojo:85:
./gbdt/targets/kernel/pointwise_targets.mojo:855:5: warning: '@parameter for' is deprecated; use 'comptime for'
    @parameter
    ^~~~~~~~~~
    comptime 
Imported from /Users/andrewhendel/CascadeProjects/mojolearn/bindings/_mojolearn_gbdt.mojo:59:
Imported from ./gbdt/estimator.mojo:87:
Imported from ./gbdt/train.mojo:85:
./gbdt/targets/kernel/pointwise_targets.mojo:857:12: warning: positional `__getitem__` is deprecated, use `unsafe_offset=` instead
        red[lane * REDUCE_LANES_BLOCK + tid] = acc[lane]
        ~~~^~~~~~~~~~~~~~~~~~~~~~~~~~~~~~~~~
<unknown>:0: note: '__getitem__' declared here
Imported from /Users/andrewhendel/CascadeProjects/mojolearn/bindings/_mojolearn_gbdt.mojo:59:
Imported from ./gbdt/estimator.mojo:87:
Imported from ./gbdt/train.mojo:85:
./gbdt/targets/kernel/pointwise_targets.mojo:863:13: warning: '@parameter for' is deprecated; use 'comptime for'
            @parameter
            ^~~~~~~~~~
            comptime 
Imported from /Users/andrewhendel/CascadeProjects/mojolearn/bindings/_mojolearn_gbdt.mojo:59:
Imported from ./gbdt/estimator.mojo:87:
Imported from ./gbdt/train.mojo:85:
./gbdt/targets/kernel/pointwise_targets.mojo:865:20: warning: positional `__getitem__` is deprecated, use `unsafe_offset=` instead
                red[lane * REDUCE_LANES_BLOCK + tid] = (
                ~~~^~~~~~~~~~~~~~~~~~~~~~~~~~~~~~~~~
<unknown>:0: note: '__getitem__' declared here
Imported from /Users/andrewhendel/CascadeProjects/mojolearn/bindings/_mojolearn_gbdt.mojo:59:
Imported from ./gbdt/estimator.mojo:87:
Imported from ./gbdt/train.mojo:85:
./gbdt/targets/kernel/pointwise_targets.mojo:866:24: warning: positional `__getitem__` is deprecated, use `unsafe_offset=` instead
                    red[lane * REDUCE_LANES_BLOCK + tid]
                    ~~~^~~~~~~~~~~~~~~~~~~~~~~~~~~~~~~~~
<unknown>:0: note: '__getitem__' declared here
Imported from /Users/andrewhendel/CascadeProjects/mojolearn/bindings/_mojolearn_gbdt.mojo:59:
Imported from ./gbdt/estimator.mojo:87:
Imported from ./gbdt/train.mojo:85:
./gbdt/targets/kernel/pointwise_targets.mojo:867:26: warning: positional `__getitem__` is deprecated, use `unsafe_offset=` instead
                    + red[lane * REDUCE_LANES_BLOCK + tid + step]
                      ~~~^~~~~~~~~~~~~~~~~~~~~~~~~~~~~~~~~~~~~~~~
<unknown>:0: note: '__getitem__' declared here
Imported from /Users/andrewhendel/CascadeProjects/mojolearn/bindings/_mojolearn_gbdt.mojo:59:
Imported from ./gbdt/estimator.mojo:87:
Imported from ./gbdt/train.mojo:85:
./gbdt/targets/kernel/pointwise_targets.mojo:873:9: warning: '@parameter for' is deprecated; use 'comptime for'
        @parameter
        ^~~~~~~~~~
        comptime 
Imported from /Users/andrewhendel/CascadeProjects/mojolearn/bindings/_mojolearn_gbdt.mojo:59:
Imported from ./gbdt/estimator.mojo:87:
Imported from ./gbdt/train.mojo:85:
./gbdt/targets/kernel/pointwise_targets.mojo:875:39: warning: positional `__getitem__` is deprecated, use `unsafe_offset=` instead
            dst.unsafe_store(lane, red[lane * REDUCE_LANES_BLOCK])
                                   ~~~^~~~~~~~~~~~~~~~~~~~~~~~~~~
<unknown>:0: note: '__getitem__' declared here
Imported from /Users/andrewhendel/CascadeProjects/mojolearn/bindings/_mojolearn_gbdt.mojo:59:
Imported from ./gbdt/estimator.mojo:67:
Imported from ./gbdt/methods/doc_parallel_boosting.mojo:48:
Imported from ./gbdt/methods/greedy_subsets_searcher/greedy_search_helper.mojo:209:
./gbdt/methods/greedy_subsets_searcher/kernel/split_points.mojo:840:31: warning: 'bitcast' is deprecated, use 'unsafe_bitcast' instead
            stats.unsafe_ptr().bitcast[UInt32](),
            ~~~~~~~~~~~~~~~~~~^~~~~~~~
                               unsafe_bitcast
<unknown>:0: note: 'bitcast' declared here
Imported from /Users/andrewhendel/CascadeProjects/mojolearn/bindings/_mojolearn_gbdt.mojo:59:
Imported from ./gbdt/estimator.mojo:67:
Imported from ./gbdt/methods/doc_parallel_boosting.mojo:22:
/Users/andrewhendel/CascadeProjects/mojolearn/./core/identity_trace.mojo:103:22: warning: 'UnsafePointer' is deprecated, use 'Pointer' instead
](seed: UInt64, ptr: UnsafePointer[UInt8, o], n: Int) -> UInt64:
                     ^~~~~~~~~~~~~
                     Pointer
<unknown>:0: note: 'UnsafePointer' declared here
Imported from /Users/andrewhendel/CascadeProjects/mojolearn/bindings/_mojolearn_gbdt.mojo:59:
Imported from ./gbdt/estimator.mojo:67:
Imported from ./gbdt/methods/doc_parallel_boosting.mojo:22:
/Users/andrewhendel/CascadeProjects/mojolearn/./core/identity_trace.mojo:362:14: warning: 'bitcast' is deprecated, use 'unsafe_bitcast' instead
            p.bitcast[UInt8](),
            ~^~~~~~~~
              unsafe_bitcast
<unknown>:0: note: 'bitcast' declared here
Imported from /Users/andrewhendel/CascadeProjects/mojolearn/bindings/_mojolearn_gbdt.mojo:59:
Imported from ./gbdt/estimator.mojo:67:
Imported from ./gbdt/methods/doc_parallel_boosting.mojo:48:
./gbdt/methods/greedy_subsets_searcher/greedy_search_helper.mojo:2290:9: warning: '@parameter if' is deprecated; use 'comptime if'
        @parameter
        ^~~~~~~~~~
        comptime 
Imported from /Users/andrewhendel/CascadeProjects/mojolearn/bindings/_mojolearn_gbdt.mojo:59:
Imported from ./gbdt/estimator.mojo:67:
Imported from ./gbdt/methods/doc_parallel_boosting.mojo:48:
./gbdt/methods/greedy_subsets_searcher/greedy_search_helper.mojo:2308:17: warning: '@parameter if' is deprecated; use 'comptime if'
                @parameter
                ^~~~~~~~~~
                comptime 
Imported from /Users/andrewhendel/CascadeProjects/mojolearn/bindings/_mojolearn_gbdt.mojo:59:
Imported from ./gbdt/estimator.mojo:67:
Imported from ./gbdt/methods/doc_parallel_boosting.mojo:48:
./gbdt/methods/greedy_subsets_searcher/greedy_search_helper.mojo:2545:21: warning: '@parameter if' is deprecated; use 'comptime if'
                    @parameter
                    ^~~~~~~~~~
                    comptime 
Imported from /Users/andrewhendel/CascadeProjects/mojolearn/bindings/_mojolearn_gbdt.mojo:59:
Imported from ./gbdt/estimator.mojo:67:
Imported from ./gbdt/methods/doc_parallel_boosting.mojo:48:
./gbdt/methods/greedy_subsets_searcher/greedy_search_helper.mojo:3304:30: warning: 'bitcast' is deprecated, use 'unsafe_bitcast' instead
        sp_feats.unsafe_ptr().bitcast[CFeature](), sp_bins.unsafe_ptr(),
        ~~~~~~~~~~~~~~~~~~~~~^~~~~~~~
                              unsafe_bitcast
<unknown>:0: note: 'bitcast' declared here
Imported from /Users/andrewhendel/CascadeProjects/mojolearn/bindings/_mojolearn_gbdt.mojo:59:
Imported from ./gbdt/estimator.mojo:87:
Imported from ./gbdt/train.mojo:85:
./gbdt/targets/kernel/pointwise_targets.mojo:988:5: warning: '@parameter if' is deprecated; use 'comptime if'
    @parameter
    ^~~~~~~~~~
    comptime 
Imported from /Users/andrewhendel/CascadeProjects/mojolearn/bindings/_mojolearn_gbdt.mojo:59:
Imported from ./gbdt/estimator.mojo:87:
Imported from ./gbdt/train.mojo:85:
./gbdt/targets/kernel/pointwise_targets.mojo:1017:5: warning: '@parameter if' is deprecated; use 'comptime if'
    @parameter
    ^~~~~~~~~~
    comptime 
Imported from /Users/andrewhendel/CascadeProjects/mojolearn/bindings/_mojolearn_gbdt.mojo:59:
Imported from ./gbdt/estimator.mojo:87:
Imported from ./gbdt/train.mojo:85:
./gbdt/targets/kernel/pointwise_targets.mojo:1023:9: warning: '@parameter if' is deprecated; use 'comptime if'
        @parameter
        ^~~~~~~~~~
        comptime 
Imported from /Users/andrewhendel/CascadeProjects/mojolearn/bindings/_mojolearn_gbdt.mojo:59:
Imported from ./gbdt/estimator.mojo:87:
Imported from ./gbdt/train.mojo:71:
./gbdt/gpu_util/kernel/bootstrap.mojo:170:9: warning: '@parameter if' is deprecated; use 'comptime if'
        @parameter
        ^~~~~~~~~~
        comptime 
Imported from /Users/andrewhendel/CascadeProjects/mojolearn/bindings/_mojolearn_gbdt.mojo:59:
Imported from ./gbdt/estimator.mojo:87:
Imported from ./gbdt/train.mojo:71:
./gbdt/gpu_util/kernel/bootstrap.mojo:235:12: warning: positional `__getitem__` is deprecated, use `unsafe_offset=` instead
        red[tid] = mag_w
        ~~~^~~~~
<unknown>:0: note: '__getitem__' declared here
Imported from /Users/andrewhendel/CascadeProjects/mojolearn/bindings/_mojolearn_gbdt.mojo:59:
Imported from ./gbdt/estimator.mojo:87:
Imported from ./gbdt/train.mojo:71:
./gbdt/gpu_util/kernel/bootstrap.mojo:236:12: warning: positional `__getitem__` is deprecated, use `unsafe_offset=` instead
        red[BOOTSTRAP_BLOCK_SIZE + tid] = mag_g
        ~~~^~~~~~~~~~~~~~~~~~~~~~~~~~~~
<unknown>:0: note: '__getitem__' declared here
Imported from /Users/andrewhendel/CascadeProjects/mojolearn/bindings/_mojolearn_gbdt.mojo:59:
Imported from ./gbdt/estimator.mojo:87:
Imported from ./gbdt/train.mojo:71:
./gbdt/gpu_util/kernel/bootstrap.mojo:241:20: warning: positional `__getitem__` is deprecated, use `unsafe_offset=` instead
                red[tid] = red[tid] + red[tid + step]
                ~~~^~~~~
<unknown>:0: note: '__getitem__' declared here
Imported from /Users/andrewhendel/CascadeProjects/mojolearn/bindings/_mojolearn_gbdt.mojo:59:
Imported from ./gbdt/estimator.mojo:87:
Imported from ./gbdt/train.mojo:71:
./gbdt/gpu_util/kernel/bootstrap.mojo:241:31: warning: positional `__getitem__` is deprecated, use `unsafe_offset=` instead
                red[tid] = red[tid] + red[tid + step]
                           ~~~^~~~~
<unknown>:0: note: '__getitem__' declared here
Imported from /Users/andrewhendel/CascadeProjects/mojolearn/bindings/_mojolearn_gbdt.mojo:59:
Imported from ./gbdt/estimator.mojo:87:
Imported from ./gbdt/train.mojo:71:
./gbdt/gpu_util/kernel/bootstrap.mojo:241:42: warning: positional `__getitem__` is deprecated, use `unsafe_offset=` instead
                red[tid] = red[tid] + red[tid + step]
                                      ~~~^~~~~~~~~~~~
<unknown>:0: note: '__getitem__' declared here
Imported from /Users/andrewhendel/CascadeProjects/mojolearn/bindings/_mojolearn_gbdt.mojo:59:
Imported from ./gbdt/estimator.mojo:87:
Imported from ./gbdt/train.mojo:71:
./gbdt/gpu_util/kernel/bootstrap.mojo:242:20: warning: positional `__getitem__` is deprecated, use `unsafe_offset=` instead
                red[BOOTSTRAP_BLOCK_SIZE + tid] = (
                ~~~^~~~~~~~~~~~~~~~~~~~~~~~~~~~
<unknown>:0: note: '__getitem__' declared here
Imported from /Users/andrewhendel/CascadeProjects/mojolearn/bindings/_mojolearn_gbdt.mojo:59:
Imported from ./gbdt/estimator.mojo:87:
Imported from ./gbdt/train.mojo:71:
./gbdt/gpu_util/kernel/bootstrap.mojo:243:24: warning: positional `__getitem__` is deprecated, use `unsafe_offset=` instead
                    red[BOOTSTRAP_BLOCK_SIZE + tid]
                    ~~~^~~~~~~~~~~~~~~~~~~~~~~~~~~~
<unknown>:0: note: '__getitem__' declared here
Imported from /Users/andrewhendel/CascadeProjects/mojolearn/bindings/_mojolearn_gbdt.mojo:59:
Imported from ./gbdt/estimator.mojo:87:
Imported from ./gbdt/train.mojo:71:
./gbdt/gpu_util/kernel/bootstrap.mojo:244:26: warning: positional `__getitem__` is deprecated, use `unsafe_offset=` instead
                    + red[BOOTSTRAP_BLOCK_SIZE + tid + step]
                      ~~~^~~~~~~~~~~~~~~~~~~~~~~~~~~~~~~~~~~
<unknown>:0: note: '__getitem__' declared here
Imported from /Users/andrewhendel/CascadeProjects/mojolearn/bindings/_mojolearn_gbdt.mojo:59:
Imported from ./gbdt/estimator.mojo:87:
Imported from ./gbdt/train.mojo:71:
./gbdt/gpu_util/kernel/bootstrap.mojo:249:56: warning: positional `__getitem__` is deprecated, use `unsafe_offset=` instead
            mags.unsafe_store(2 * Int(block_idx.x), red[0])
                                                    ~~~^~~
<unknown>:0: note: '__getitem__' declared here
Imported from /Users/andrewhendel/CascadeProjects/mojolearn/bindings/_mojolearn_gbdt.mojo:59:
Imported from ./gbdt/estimator.mojo:87:
Imported from ./gbdt/train.mojo:71:
./gbdt/gpu_util/kernel/bootstrap.mojo:251:46: warning: positional `__getitem__` is deprecated, use `unsafe_offset=` instead
                2 * Int(block_idx.x) + 1, red[BOOTSTRAP_BLOCK_SIZE]
                                          ~~~^~~~~~~~~~~~~~~~~~~~~~
<unknown>:0: note: '__getitem__' declared here
Imported from /Users/andrewhendel/CascadeProjects/mojolearn/bindings/_mojolearn_gbdt.mojo:59:
Imported from ./gbdt/estimator.mojo:67:
Imported from ./gbdt/methods/doc_parallel_boosting.mojo:48:
Imported from ./gbdt/methods/greedy_subsets_searcher/greedy_search_helper.mojo:209:
./gbdt/methods/greedy_subsets_searcher/kernel/split_points.mojo:88:34: warning: '__add__' is deprecated, use 'unsafe_offset' instead
    var size = Int(ldg(part_size + leaf_id))
                       ~~~~~~~~~~^~~~~~~~~
<unknown>:0: note: '__add__' declared here
Imported from /Users/andrewhendel/CascadeProjects/mojolearn/bindings/_mojolearn_gbdt.mojo:59:
Imported from ./gbdt/estimator.mojo:67:
Imported from ./gbdt/methods/doc_parallel_boosting.mojo:48:
Imported from ./gbdt/methods/greedy_subsets_searcher/greedy_search_helper.mojo:209:
./gbdt/methods/greedy_subsets_searcher/kernel/split_points.mojo:89:38: warning: '__add__' is deprecated, use 'unsafe_offset' instead
    var offset = Int(ldg(part_offset + leaf_id))
                         ~~~~~~~~~~~~^~~~~~~~~
<unknown>:0: note: '__add__' declared here
Imported from /Users/andrewhendel/CascadeProjects/mojolearn/bindings/_mojolearn_gbdt.mojo:59:
Imported from ./gbdt/estimator.mojo:67:
Imported from ./gbdt/methods/doc_parallel_boosting.mojo:48:
Imported from ./gbdt/methods/greedy_subsets_searcher/greedy_search_helper.mojo:209:
./gbdt/methods/greedy_subsets_searcher/kernel/split_points.mojo:131:9: warning: '@parameter for' is deprecated; use 'comptime for'
        @parameter
        ^~~~~~~~~~
        comptime 
Imported from /Users/andrewhendel/CascadeProjects/mojolearn/bindings/_mojolearn_gbdt.mojo:59:
Imported from ./gbdt/estimator.mojo:67:
Imported from ./gbdt/methods/doc_parallel_boosting.mojo:48:
Imported from ./gbdt/methods/greedy_subsets_searcher/greedy_search_helper.mojo:209:
./gbdt/methods/greedy_subsets_searcher/kernel/split_points.mojo:139:55: warning: '__add__' is deprecated, use 'unsafe_offset' instead
                var load_index = Int(ldg(load_indices + (offset + at)))
                                         ~~~~~~~~~~~~~^~~~~~~~~~~~~~~
<unknown>:0: note: '__add__' declared here
Imported from /Users/andrewhendel/CascadeProjects/mojolearn/bindings/_mojolearn_gbdt.mojo:59:
Imported from ./gbdt/estimator.mojo:67:
Imported from ./gbdt/methods/doc_parallel_boosting.mojo:48:
Imported from ./gbdt/methods/greedy_subsets_searcher/greedy_search_helper.mojo:209:
./gbdt/methods/greedy_subsets_searcher/kernel/split_points.mojo:143:42: warning: '__add__' is deprecated, use 'unsafe_offset' instead
                    ldg(compressed_index + (f_offset + load_index)) & mask
                        ~~~~~~~~~~~~~~~~~^~~~~~~~~~~~~~~~~~~~~~~~~
<unknown>:0: note: '__add__' declared here
Imported from /Users/andrewhendel/CascadeProjects/mojolearn/bindings/_mojolearn_gbdt.mojo:59:
Imported from ./gbdt/estimator.mojo:67:
Imported from ./gbdt/methods/doc_parallel_boosting.mojo:48:
Imported from ./gbdt/methods/greedy_subsets_searcher/greedy_search_helper.mojo:209:
./gbdt/methods/greedy_subsets_searcher/kernel/split_points.mojo:310:42: warning: '__add__' is deprecated, use 'unsafe_offset' instead
            flag0 = Int(ldg(sorted_flags + (offset + i)))
                            ~~~~~~~~~~~~~^~~~~~~~~~~~~~
<unknown>:0: note: '__add__' declared here
Imported from /Users/andrewhendel/CascadeProjects/mojolearn/bindings/_mojolearn_gbdt.mojo:59:
Imported from ./gbdt/estimator.mojo:67:
Imported from ./gbdt/methods/doc_parallel_boosting.mojo:48:
Imported from ./gbdt/methods/greedy_subsets_searcher/greedy_search_helper.mojo:209:
./gbdt/methods/greedy_subsets_searcher/kernel/split_points.mojo:313:42: warning: '__add__' is deprecated, use 'unsafe_offset' instead
            flag1 = Int(ldg(sorted_flags + (offset + i - 1)))
                            ~~~~~~~~~~~~~^~~~~~~~~~~~~~~~~~
<unknown>:0: note: '__add__' declared here
Imported from /Users/andrewhendel/CascadeProjects/mojolearn/bindings/_mojolearn_gbdt.mojo:59:
Imported from ./gbdt/estimator.mojo:67:
Imported from ./gbdt/methods/doc_parallel_boosting.mojo:48:
Imported from ./gbdt/methods/greedy_subsets_searcher/greedy_search_helper.mojo:209:
./gbdt/methods/greedy_subsets_searcher/kernel/split_points.mojo:452:25: warning: '__add__' is deprecated, use 'unsafe_offset' instead
                ldg(src + (offset + i + (stat_base + k) * line_size)),
                    ~~~~^~~~~~~~~~~~~~~~~~~~~~~~~~~~~~~~~~~~~~~~~~~~
<unknown>:0: note: '__add__' declared here
Imported from /Users/andrewhendel/CascadeProjects/mojolearn/bindings/_mojolearn_gbdt.mojo:59:
Imported from ./gbdt/estimator.mojo:67:
Imported from ./gbdt/methods/doc_parallel_boosting.mojo:48:
Imported from ./gbdt/methods/greedy_subsets_searcher/greedy_search_helper.mojo:209:
./gbdt/methods/greedy_subsets_searcher/kernel/split_points.mojo:480:46: warning: '__add__' is deprecated, use 'unsafe_offset' instead
        dst.unsafe_store(offset + i, ldg(src + (offset + i)))
                                         ~~~~^~~~~~~~~~~~~~
<unknown>:0: note: '__add__' declared here
Imported from /Users/andrewhendel/CascadeProjects/mojolearn/bindings/_mojolearn_gbdt.mojo:59:
Imported from ./gbdt/estimator.mojo:67:
Imported from ./gbdt/methods/doc_parallel_boosting.mojo:48:
Imported from ./gbdt/methods/greedy_subsets_searcher/greedy_search_helper.mojo:209:
./gbdt/methods/greedy_subsets_searcher/kernel/split_points.mojo:538:43: warning: '__add__' is deprecated, use 'unsafe_offset' instead
        var load_idx = Int(ldg(gather_map + (offset + i)))
                               ~~~~~~~~~~~^~~~~~~~~~~~~~
<unknown>:0: note: '__add__' declared here
Imported from /Users/andrewhendel/CascadeProjects/mojolearn/bindings/_mojolearn_gbdt.mojo:59:
Imported from ./gbdt/estimator.mojo:67:
Imported from ./gbdt/methods/doc_parallel_boosting.mojo:48:
Imported from ./gbdt/methods/greedy_subsets_searcher/greedy_search_helper.mojo:209:
./gbdt/methods/greedy_subsets_searcher/kernel/split_points.mojo:542:25: warning: '__add__' is deprecated, use 'unsafe_offset' instead
                ldg(src + (offset + load_idx + k * line_size)),
                    ~~~~^~~~~~~~~~~~~~~~~~~~~~~~~~~~~~~~~~~~~
<unknown>:0: note: '__add__' declared here
Imported from /Users/andrewhendel/CascadeProjects/mojolearn/bindings/_mojolearn_gbdt.mojo:59:
Imported from ./gbdt/estimator.mojo:67:
Imported from ./gbdt/methods/doc_parallel_boosting.mojo:48:
Imported from ./gbdt/methods/greedy_subsets_searcher/greedy_search_helper.mojo:209:
./gbdt/methods/greedy_subsets_searcher/kernel/split_points.mojo:577:43: warning: '__add__' is deprecated, use 'unsafe_offset' instead
        var load_idx = Int(ldg(gather_map + (offset + i)))
                               ~~~~~~~~~~~^~~~~~~~~~~~~~
<unknown>:0: note: '__add__' declared here
Imported from /Users/andrewhendel/CascadeProjects/mojolearn/bindings/_mojolearn_gbdt.mojo:59:
Imported from ./gbdt/estimator.mojo:67:
Imported from ./gbdt/methods/doc_parallel_boosting.mojo:48:
Imported from ./gbdt/methods/greedy_subsets_searcher/greedy_search_helper.mojo:209:
./gbdt/methods/greedy_subsets_searcher/kernel/split_points.mojo:578:46: warning: '__add__' is deprecated, use 'unsafe_offset' instead
        dst.unsafe_store(offset + i, ldg(src + (offset + load_idx)))
                                         ~~~~^~~~~~~~~~~~~~~~~~~~~
<unknown>:0: note: '__add__' declared here
Imported from /Users/andrewhendel/CascadeProjects/mojolearn/bindings/_mojolearn_gbdt.mojo:59:
Imported from ./gbdt/estimator.mojo:67:
Imported from ./gbdt/methods/doc_parallel_boosting.mojo:48:
Imported from ./gbdt/methods/greedy_subsets_searcher/greedy_search_helper.mojo:209:
./gbdt/methods/greedy_subsets_searcher/kernel/split_points.mojo:717:38: warning: '__add__' is deprecated, use 'unsafe_offset' instead
    var offset = Int(ldg(part_offset + leaf_id))
                         ~~~~~~~~~~~~^~~~~~~~~
<unknown>:0: note: '__add__' declared here
Imported from /Users/andrewhendel/CascadeProjects/mojolearn/bindings/_mojolearn_gbdt.mojo:59:
Imported from ./gbdt/estimator.mojo:67:
Imported from ./gbdt/methods/doc_parallel_boosting.mojo:48:
Imported from ./gbdt/methods/greedy_subsets_searcher/greedy_search_helper.mojo:209:
./gbdt/methods/greedy_subsets_searcher/kernel/split_points.mojo:718:34: warning: '__add__' is deprecated, use 'unsafe_offset' instead
    var size = Int(ldg(part_size + leaf_id))
                       ~~~~~~~~~~^~~~~~~~~
<unknown>:0: note: '__add__' declared here
Imported from /Users/andrewhendel/CascadeProjects/mojolearn/bindings/_mojolearn_gbdt.mojo:59:
Imported from ./gbdt/estimator.mojo:67:
Imported from ./gbdt/methods/doc_parallel_boosting.mojo:48:
Imported from ./gbdt/methods/greedy_subsets_searcher/greedy_search_helper.mojo:209:
./gbdt/methods/greedy_subsets_searcher/kernel/split_points.mojo:735:47: warning: '__add__' is deprecated, use 'unsafe_offset' instead
            var load_idx = Int(ldg(gather_map + (offset + i)))
                                   ~~~~~~~~~~~^~~~~~~~~~~~~~
<unknown>:0: note: '__add__' declared here
Imported from /Users/andrewhendel/CascadeProjects/mojolearn/bindings/_mojolearn_gbdt.mojo:59:
Imported from ./gbdt/estimator.mojo:67:
Imported from ./gbdt/methods/doc_parallel_boosting.mojo:48:
Imported from ./gbdt/methods/greedy_subsets_searcher/greedy_search_helper.mojo:209:
./gbdt/methods/greedy_subsets_searcher/kernel/split_points.mojo:736:16: warning: positional `__getitem__` is deprecated, use `unsafe_offset=` instead
            tmp[i] = ldg(data + (base + load_idx))
            ~~~^~~
<unknown>:0: note: '__getitem__' declared here
Imported from /Users/andrewhendel/CascadeProjects/mojolearn/bindings/_mojolearn_gbdt.mojo:59:
Imported from ./gbdt/estimator.mojo:67:
Imported from ./gbdt/methods/doc_parallel_boosting.mojo:48:
Imported from ./gbdt/methods/greedy_subsets_searcher/greedy_search_helper.mojo:209:
./gbdt/methods/greedy_subsets_searcher/kernel/split_points.mojo:736:31: warning: '__add__' is deprecated, use 'unsafe_offset' instead
            tmp[i] = ldg(data + (base + load_idx))
                         ~~~~~^~~~~~~~~~~~~~~~~~~
<unknown>:0: note: '__add__' declared here
Imported from /Users/andrewhendel/CascadeProjects/mojolearn/bindings/_mojolearn_gbdt.mojo:59:
Imported from ./gbdt/estimator.mojo:67:
Imported from ./gbdt/methods/doc_parallel_boosting.mojo:48:
Imported from ./gbdt/methods/greedy_subsets_searcher/greedy_search_helper.mojo:209:
./gbdt/methods/greedy_subsets_searcher/kernel/split_points.mojo:750:44: warning: positional `__getitem__` is deprecated, use `unsafe_offset=` instead
            data.unsafe_store(base + i, tmp[i])
                                        ~~~^~~
<unknown>:0: note: '__getitem__' declared here
Imported from /Users/andrewhendel/CascadeProjects/mojolearn/bindings/_mojolearn_gbdt.mojo:59:
Imported from ./gbdt/estimator.mojo:67:
Imported from ./gbdt/methods/doc_parallel_boosting.mojo:48:
Imported from ./gbdt/methods/greedy_subsets_searcher/greedy_search_helper.mojo:189:
./gbdt/methods/greedy_subsets_searcher/kernel/hist_2_one_byte_base.mojo:637:23: warning: '__add__' is deprecated, use 'unsafe_offset' instead
    var bins_p = bins + Int(cindex_base_in) + bins_line_size * (
                 ~~~~~^~~~~~~~~~~~~~~~~~~~~
<unknown>:0: note: '__add__' declared here
Imported from /Users/andrewhendel/CascadeProjects/mojolearn/bindings/_mojolearn_gbdt.mojo:59:
Imported from ./gbdt/estimator.mojo:67:
Imported from ./gbdt/methods/doc_parallel_boosting.mojo:48:
Imported from ./gbdt/methods/greedy_subsets_searcher/greedy_search_helper.mojo:189:
./gbdt/methods/greedy_subsets_searcher/kernel/hist_2_one_byte_base.mojo:637:45: warning: '__add__' is deprecated, use 'unsafe_offset' instead
    var bins_p = bins + Int(cindex_base_in) + bins_line_size * (
                 ~~~~~~~~~~~~~~~~~~~~~~~~~~~^~~~~~~~~~~~~~~~~~~~
<unknown>:0: note: '__add__' declared here
Imported from /Users/andrewhendel/CascadeProjects/mojolearn/bindings/_mojolearn_gbdt.mojo:59:
Imported from ./gbdt/estimator.mojo:67:
Imported from ./gbdt/methods/doc_parallel_boosting.mojo:48:
Imported from ./gbdt/methods/greedy_subsets_searcher/greedy_search_helper.mojo:189:
./gbdt/methods/greedy_subsets_searcher/kernel/hist_2_one_byte_base.mojo:654:25: warning: '__add__' is deprecated, use 'unsafe_offset' instead
    var stats_p = stats + (skip_int + 2 * Int(block_idx.z)) * stat_line_size
                  ~~~~~~^~~~~~~~~~~~~~~~~~~~~~~~~~~~~~~~~~~~~~~~~~~~~~~~~~~~
<unknown>:0: note: '__add__' declared here
Imported from /Users/andrewhendel/CascadeProjects/mojolearn/bindings/_mojolearn_gbdt.mojo:59:
Imported from ./gbdt/estimator.mojo:67:
Imported from ./gbdt/methods/doc_parallel_boosting.mojo:48:
Imported from ./gbdt/methods/greedy_subsets_searcher/greedy_search_helper.mojo:189:
./gbdt/methods/greedy_subsets_searcher/kernel/hist_2_one_byte_base.mojo:670:13: warning: positional `__getitem__` is deprecated, use `unsafe_offset=` instead
        smem[z] = Scalar[DT](0)
        ~~~~^~~
<unknown>:0: note: '__getitem__' declared here
Imported from /Users/andrewhendel/CascadeProjects/mojolearn/bindings/_mojolearn_gbdt.mojo:59:
Imported from ./gbdt/estimator.mojo:67:
Imported from ./gbdt/methods/doc_parallel_boosting.mojo:48:
Imported from ./gbdt/methods/greedy_subsets_searcher/greedy_search_helper.mojo:189:
./gbdt/methods/greedy_subsets_searcher/kernel/hist_2_one_byte_base.mojo:707:32: warning: '__add__' is deprecated, use 'unsafe_offset' instead
            hb[0] = ldg(bins_p + (p_offset + pe))
                        ~~~~~~~^~~~~~~~~~~~~~~~~
<unknown>:0: note: '__add__' declared here
Imported from /Users/andrewhendel/CascadeProjects/mojolearn/bindings/_mojolearn_gbdt.mojo:59:
Imported from ./gbdt/estimator.mojo:67:
Imported from ./gbdt/methods/doc_parallel_boosting.mojo:48:
Imported from ./gbdt/methods/greedy_subsets_searcher/greedy_search_helper.mojo:189:
./gbdt/methods/greedy_subsets_searcher/kernel/hist_2_one_byte_base.mojo:708:34: warning: '__add__' is deprecated, use 'unsafe_offset' instead
            hs1[0] = ldg(stats_p + (p_offset + pe))
                         ~~~~~~~~^~~~~~~~~~~~~~~~~
<unknown>:0: note: '__add__' declared here
Imported from /Users/andrewhendel/CascadeProjects/mojolearn/bindings/_mojolearn_gbdt.mojo:59:
Imported from ./gbdt/estimator.mojo:67:
Imported from ./gbdt/methods/doc_parallel_boosting.mojo:48:
Imported from ./gbdt/methods/greedy_subsets_searcher/greedy_search_helper.mojo:189:
./gbdt/methods/greedy_subsets_searcher/kernel/hist_2_one_byte_base.mojo:709:34: warning: '__add__' is deprecated, use 'unsafe_offset' instead
            hs2[0] = ldg(stats_p + (p_offset + pe + stat_line_size))
                         ~~~~~~~~^~~~~~~~~~~~~~~~~~~~~~~~~~~~~~~~~~
<unknown>:0: note: '__add__' declared here
Imported from /Users/andrewhendel/CascadeProjects/mojolearn/bindings/_mojolearn_gbdt.mojo:59:
Imported from ./gbdt/estimator.mojo:67:
Imported from ./gbdt/methods/doc_parallel_boosting.mojo:48:
Imported from ./gbdt/methods/greedy_subsets_searcher/greedy_search_helper.mojo:189:
./gbdt/methods/greedy_subsets_searcher/kernel/hist_2_one_byte_base.mojo:711:13: warning: '@parameter if' is deprecated; use 'comptime if'
            @parameter
            ^~~~~~~~~~
            comptime 
Imported from /Users/andrewhendel/CascadeProjects/mojolearn/bindings/_mojolearn_gbdt.mojo:59:
Imported from ./gbdt/estimator.mojo:67:
Imported from ./gbdt/methods/doc_parallel_boosting.mojo:48:
Imported from ./gbdt/methods/greedy_subsets_searcher/greedy_search_helper.mojo:189:
./gbdt/methods/greedy_subsets_searcher/kernel/hist_2_one_byte_base.mojo:310:11: warning: 'UnsafePointer' is deprecated, use 'Pointer' instead
    smem: UnsafePointer[
          ^~~~~~~~~~~~~
          Pointer
<unknown>:0: note: 'UnsafePointer' declared here
Imported from /Users/andrewhendel/CascadeProjects/mojolearn/bindings/_mojolearn_gbdt.mojo:59:
Imported from ./gbdt/estimator.mojo:67:
Imported from ./gbdt/methods/doc_parallel_boosting.mojo:48:
Imported from ./gbdt/methods/greedy_subsets_searcher/greedy_search_helper.mojo:189:
./gbdt/methods/greedy_subsets_searcher/kernel/hist_2_one_byte_base.mojo:728:32: warning: '__add__' is deprecated, use 'unsafe_offset' instead
            tb[0] = ldg(bins_p + (tail_start + pe))
                        ~~~~~~~^~~~~~~~~~~~~~~~~~~
<unknown>:0: note: '__add__' declared here
Imported from /Users/andrewhendel/CascadeProjects/mojolearn/bindings/_mojolearn_gbdt.mojo:59:
Imported from ./gbdt/estimator.mojo:67:
Imported from ./gbdt/methods/doc_parallel_boosting.mojo:48:
Imported from ./gbdt/methods/greedy_subsets_searcher/greedy_search_helper.mojo:189:
./gbdt/methods/greedy_subsets_searcher/kernel/hist_2_one_byte_base.mojo:729:34: warning: '__add__' is deprecated, use 'unsafe_offset' instead
            ts1[0] = ldg(stats_p + (tail_start + pe))
                         ~~~~~~~~^~~~~~~~~~~~~~~~~~~
<unknown>:0: note: '__add__' declared here
Imported from /Users/andrewhendel/CascadeProjects/mojolearn/bindings/_mojolearn_gbdt.mojo:59:
Imported from ./gbdt/estimator.mojo:67:
Imported from ./gbdt/methods/doc_parallel_boosting.mojo:48:
Imported from ./gbdt/methods/greedy_subsets_searcher/greedy_search_helper.mojo:189:
./gbdt/methods/greedy_subsets_searcher/kernel/hist_2_one_byte_base.mojo:730:34: warning: '__add__' is deprecated, use 'unsafe_offset' instead
            ts2[0] = ldg(stats_p + (tail_start + pe + stat_line_size))
                         ~~~~~~~~^~~~~~~~~~~~~~~~~~~~~~~~~~~~~~~~~~~~
<unknown>:0: note: '__add__' declared here
Imported from /Users/andrewhendel/CascadeProjects/mojolearn/bindings/_mojolearn_gbdt.mojo:59:
Imported from ./gbdt/estimator.mojo:67:
Imported from ./gbdt/methods/doc_parallel_boosting.mojo:48:
Imported from ./gbdt/methods/greedy_subsets_searcher/greedy_search_helper.mojo:189:
./gbdt/methods/greedy_subsets_searcher/kernel/hist_2_one_byte_base.mojo:732:13: warning: '@parameter if' is deprecated; use 'comptime if'
            @parameter
            ^~~~~~~~~~
            comptime 
Imported from /Users/andrewhendel/CascadeProjects/mojolearn/bindings/_mojolearn_gbdt.mojo:59:
Imported from ./gbdt/estimator.mojo:67:
Imported from ./gbdt/methods/doc_parallel_boosting.mojo:48:
Imported from ./gbdt/methods/greedy_subsets_searcher/greedy_search_helper.mojo:189:
./gbdt/methods/greedy_subsets_searcher/kernel/hist_2_one_byte_base.mojo:763:5: warning: '@parameter if' is deprecated; use 'comptime if'
    @parameter
    ^~~~~~~~~~
    comptime 
Imported from /Users/andrewhendel/CascadeProjects/mojolearn/bindings/_mojolearn_gbdt.mojo:59:
Imported from ./gbdt/estimator.mojo:67:
Imported from ./gbdt/methods/doc_parallel_boosting.mojo:48:
Imported from ./gbdt/methods/greedy_subsets_searcher/greedy_search_helper.mojo:189:
./gbdt/methods/greedy_subsets_searcher/kernel/hist_2_one_byte_base.mojo:771:24: warning: '__add__' is deprecated, use 'unsafe_offset' instead
    var b_ptr = bins_p + base
                ~~~~~~~^~~~~~
<unknown>:0: note: '__add__' declared here
Imported from /Users/andrewhendel/CascadeProjects/mojolearn/bindings/_mojolearn_gbdt.mojo:59:
Imported from ./gbdt/estimator.mojo:67:
Imported from ./gbdt/methods/doc_parallel_boosting.mojo:48:
Imported from ./gbdt/methods/greedy_subsets_searcher/greedy_search_helper.mojo:189:
./gbdt/methods/greedy_subsets_searcher/kernel/hist_2_one_byte_base.mojo:772:25: warning: '__add__' is deprecated, use 'unsafe_offset' instead
    var s_ptr = stats_p + base
                ~~~~~~~~^~~~~~
<unknown>:0: note: '__add__' declared here
Imported from /Users/andrewhendel/CascadeProjects/mojolearn/bindings/_mojolearn_gbdt.mojo:59:
Imported from ./gbdt/estimator.mojo:67:
Imported from ./gbdt/methods/doc_parallel_boosting.mojo:48:
Imported from ./gbdt/methods/greedy_subsets_searcher/greedy_search_helper.mojo:189:
./gbdt/methods/greedy_subsets_searcher/kernel/hist_2_one_byte_base.mojo:795:9: warning: '@parameter for' is deprecated; use 'comptime for'
        @parameter
        ^~~~~~~~~~
        comptime 
Imported from /Users/andrewhendel/CascadeProjects/mojolearn/bindings/_mojolearn_gbdt.mojo:59:
Imported from ./gbdt/estimator.mojo:67:
Imported from ./gbdt/methods/doc_parallel_boosting.mojo:48:
Imported from ./gbdt/methods/greedy_subsets_searcher/greedy_search_helper.mojo:189:
./gbdt/methods/greedy_subsets_searcher/kernel/hist_2_one_byte_base.mojo:799:27: warning: '__add__' is deprecated, use 'unsafe_offset' instead
                    b_ptr + LANE_WIDTH * HIST2_LOAD_SIZE * k
                    ~~~~~~^~~~~~~~~~~~~~~~~~~~~~~~~~~~~~~~~~
<unknown>:0: note: '__add__' declared here
Imported from /Users/andrewhendel/CascadeProjects/mojolearn/bindings/_mojolearn_gbdt.mojo:59:
Imported from ./gbdt/estimator.mojo:67:
Imported from ./gbdt/methods/doc_parallel_boosting.mojo:48:
Imported from ./gbdt/methods/greedy_subsets_searcher/greedy_search_helper.mojo:189:
./gbdt/methods/greedy_subsets_searcher/kernel/hist_2_one_byte_base.mojo:802:27: warning: '__add__' is deprecated, use 'unsafe_offset' instead
                    s_ptr + LANE_WIDTH * HIST2_LOAD_SIZE * k
                    ~~~~~~^~~~~~~~~~~~~~~~~~~~~~~~~~~~~~~~~~
<unknown>:0: note: '__add__' declared here
Imported from /Users/andrewhendel/CascadeProjects/mojolearn/bindings/_mojolearn_gbdt.mojo:59:
Imported from ./gbdt/estimator.mojo:67:
Imported from ./gbdt/methods/doc_parallel_boosting.mojo:48:
Imported from ./gbdt/methods/greedy_subsets_searcher/greedy_search_helper.mojo:189:
./gbdt/methods/greedy_subsets_searcher/kernel/hist_2_one_byte_base.mojo:805:27: warning: '__add__' is deprecated, use 'unsafe_offset' instead
                    s_ptr + stat_line_size + LANE_WIDTH * HIST2_LOAD_SIZE * k
                    ~~~~~~^~~~~~~~~~~~~~~~
<unknown>:0: note: '__add__' declared here
Imported from /Users/andrewhendel/CascadeProjects/mojolearn/bindings/_mojolearn_gbdt.mojo:59:
Imported from ./gbdt/estimator.mojo:67:
Imported from ./gbdt/methods/doc_parallel_boosting.mojo:48:
Imported from ./gbdt/methods/greedy_subsets_searcher/greedy_search_helper.mojo:189:
./gbdt/methods/greedy_subsets_searcher/kernel/hist_2_one_byte_base.mojo:805:44: warning: '__add__' is deprecated, use 'unsafe_offset' instead
                    s_ptr + stat_line_size + LANE_WIDTH * HIST2_LOAD_SIZE * k
                    ~~~~~~~~~~~~~~~~~~~~~~~^~~~~~~~~~~~~~~~~~~~~~~~~~~~~~~~~~
<unknown>:0: note: '__add__' declared here
Imported from /Users/andrewhendel/CascadeProjects/mojolearn/bindings/_mojolearn_gbdt.mojo:59:
Imported from ./gbdt/estimator.mojo:67:
Imported from ./gbdt/methods/doc_parallel_boosting.mojo:48:
Imported from ./gbdt/methods/greedy_subsets_searcher/greedy_search_helper.mojo:189:
./gbdt/methods/greedy_subsets_searcher/kernel/hist_2_one_byte_base.mojo:808:17: warning: '@parameter for' is deprecated; use 'comptime for'
                @parameter
                ^~~~~~~~~~
                comptime 
Imported from /Users/andrewhendel/CascadeProjects/mojolearn/bindings/_mojolearn_gbdt.mojo:59:
Imported from ./gbdt/estimator.mojo:67:
Imported from ./gbdt/methods/doc_parallel_boosting.mojo:48:
Imported from ./gbdt/methods/greedy_subsets_searcher/greedy_search_helper.mojo:189:
./gbdt/methods/greedy_subsets_searcher/kernel/hist_2_one_byte_base.mojo:814:21: warning: '@parameter if' is deprecated; use 'comptime if'
                    @parameter
                    ^~~~~~~~~~
                    comptime 
Imported from /Users/andrewhendel/CascadeProjects/mojolearn/bindings/_mojolearn_gbdt.mojo:59:
Imported from ./gbdt/estimator.mojo:67:
Imported from ./gbdt/methods/doc_parallel_boosting.mojo:48:
Imported from ./gbdt/methods/greedy_subsets_searcher/greedy_search_helper.mojo:189:
./gbdt/methods/greedy_subsets_searcher/kernel/hist_2_one_byte_base.mojo:827:17: warning: '@parameter for' is deprecated; use 'comptime for'
                @parameter
                ^~~~~~~~~~
                comptime 
Imported from /Users/andrewhendel/CascadeProjects/mojolearn/bindings/_mojolearn_gbdt.mojo:59:
Imported from ./gbdt/estimator.mojo:67:
Imported from ./gbdt/methods/doc_parallel_boosting.mojo:48:
Imported from ./gbdt/methods/greedy_subsets_searcher/greedy_search_helper.mojo:189:
./gbdt/methods/greedy_subsets_searcher/kernel/hist_2_one_byte_base.mojo:843:15: warning: '__iadd__' is deprecated, use 'unsafe_offset' instead
        b_ptr += stripe_size
        ~~~~~~^~~~~~~~~~~~~~
<unknown>:0: note: '__iadd__' declared here
Imported from /Users/andrewhendel/CascadeProjects/mojolearn/bindings/_mojolearn_gbdt.mojo:59:
Imported from ./gbdt/estimator.mojo:67:
Imported from ./gbdt/methods/doc_parallel_boosting.mojo:48:
Imported from ./gbdt/methods/greedy_subsets_searcher/greedy_search_helper.mojo:189:
./gbdt/methods/greedy_subsets_searcher/kernel/hist_2_one_byte_base.mojo:844:15: warning: '__iadd__' is deprecated, use 'unsafe_offset' instead
        s_ptr += stripe_size
        ~~~~~~^~~~~~~~~~~~~~
<unknown>:0: note: '__iadd__' declared here
Imported from /Users/andrewhendel/CascadeProjects/mojolearn/bindings/_mojolearn_gbdt.mojo:59:
Imported from ./gbdt/estimator.mojo:67:
Imported from ./gbdt/methods/doc_parallel_boosting.mojo:48:
Imported from ./gbdt/methods/greedy_subsets_searcher/greedy_search_helper.mojo:189:
./gbdt/methods/greedy_subsets_searcher/kernel/hist_2_one_byte_base.mojo:388:11: warning: 'UnsafePointer' is deprecated, use 'Pointer' instead
    smem: UnsafePointer[
          ^~~~~~~~~~~~~
          Pointer
<unknown>:0: note: 'UnsafePointer' declared here
Imported from /Users/andrewhendel/CascadeProjects/mojolearn/bindings/_mojolearn_gbdt.mojo:59:
Imported from ./gbdt/estimator.mojo:67:
Imported from ./gbdt/methods/doc_parallel_boosting.mojo:48:
Imported from ./gbdt/methods/greedy_subsets_searcher/greedy_search_helper.mojo:189:
./gbdt/methods/greedy_subsets_searcher/kernel/hist_2_one_byte_base.mojo:427:11: warning: 'UnsafePointer' is deprecated, use 'Pointer' instead
    smem: UnsafePointer[
          ^~~~~~~~~~~~~
          Pointer
<unknown>:0: note: 'UnsafePointer' declared here
Imported from /Users/andrewhendel/CascadeProjects/mojolearn/bindings/_mojolearn_gbdt.mojo:59:
Imported from ./gbdt/estimator.mojo:67:
Imported from ./gbdt/methods/doc_parallel_boosting.mojo:48:
Imported from ./gbdt/methods/greedy_subsets_searcher/greedy_search_helper.mojo:189:
./gbdt/methods/greedy_subsets_searcher/kernel/hist_2_one_byte_base.mojo:921:27: warning: '__add__' is deprecated, use 'unsafe_offset' instead
    var cindex_p = cindex + Int(cindex_base_in) + bins_line_size * (
                   ~~~~~~~^~~~~~~~~~~~~~~~~~~~~
<unknown>:0: note: '__add__' declared here
Imported from /Users/andrewhendel/CascadeProjects/mojolearn/bindings/_mojolearn_gbdt.mojo:59:
Imported from ./gbdt/estimator.mojo:67:
Imported from ./gbdt/methods/doc_parallel_boosting.mojo:48:
Imported from ./gbdt/methods/greedy_subsets_searcher/greedy_search_helper.mojo:189:
./gbdt/methods/greedy_subsets_searcher/kernel/hist_2_one_byte_base.mojo:921:49: warning: '__add__' is deprecated, use 'unsafe_offset' instead
    var cindex_p = cindex + Int(cindex_base_in) + bins_line_size * (
                   ~~~~~~~~~~~~~~~~~~~~~~~~~~~~~^~~~~~~~~~~~~~~~~~~~
<unknown>:0: note: '__add__' declared here
Imported from /Users/andrewhendel/CascadeProjects/mojolearn/bindings/_mojolearn_gbdt.mojo:59:
Imported from ./gbdt/estimator.mojo:67:
Imported from ./gbdt/methods/doc_parallel_boosting.mojo:48:
Imported from ./gbdt/methods/greedy_subsets_searcher/greedy_search_helper.mojo:189:
./gbdt/methods/greedy_subsets_searcher/kernel/hist_2_one_byte_base.mojo:936:25: warning: '__add__' is deprecated, use 'unsafe_offset' instead
    var stats_p = stats + (skip_int + 2 * Int(block_idx.z)) * stat_line_size
                  ~~~~~~^~~~~~~~~~~~~~~~~~~~~~~~~~~~~~~~~~~~~~~~~~~~~~~~~~~~
<unknown>:0: note: '__add__' declared here
Imported from /Users/andrewhendel/CascadeProjects/mojolearn/bindings/_mojolearn_gbdt.mojo:59:
Imported from ./gbdt/estimator.mojo:67:
Imported from ./gbdt/methods/doc_parallel_boosting.mojo:48:
Imported from ./gbdt/methods/greedy_subsets_searcher/greedy_search_helper.mojo:189:
./gbdt/methods/greedy_subsets_searcher/kernel/hist_2_one_byte_base.mojo:948:13: warning: positional `__getitem__` is deprecated, use `unsafe_offset=` instead
        smem[z] = Scalar[DT](0)
        ~~~~^~~
<unknown>:0: note: '__getitem__' declared here
Imported from /Users/andrewhendel/CascadeProjects/mojolearn/bindings/_mojolearn_gbdt.mojo:59:
Imported from ./gbdt/estimator.mojo:67:
Imported from ./gbdt/methods/doc_parallel_boosting.mojo:48:
Imported from ./gbdt/methods/greedy_subsets_searcher/greedy_search_helper.mojo:189:
./gbdt/methods/greedy_subsets_searcher/kernel/hist_2_one_byte_base.mojo:980:40: warning: '__add__' is deprecated, use 'unsafe_offset' instead
            var hrow = Int(ldg(indices + (p_offset + pe)))
                               ~~~~~~~~^~~~~~~~~~~~~~~~~
<unknown>:0: note: '__add__' declared here
Imported from /Users/andrewhendel/CascadeProjects/mojolearn/bindings/_mojolearn_gbdt.mojo:59:
Imported from ./gbdt/estimator.mojo:67:
Imported from ./gbdt/methods/doc_parallel_boosting.mojo:48:
Imported from ./gbdt/methods/greedy_subsets_searcher/greedy_search_helper.mojo:189:
./gbdt/methods/greedy_subsets_searcher/kernel/hist_2_one_byte_base.mojo:981:34: warning: '__add__' is deprecated, use 'unsafe_offset' instead
            hb[0] = ldg(cindex_p + hrow)
                        ~~~~~~~~~^~~~~~
<unknown>:0: note: '__add__' declared here
Imported from /Users/andrewhendel/CascadeProjects/mojolearn/bindings/_mojolearn_gbdt.mojo:59:
Imported from ./gbdt/estimator.mojo:67:
Imported from ./gbdt/methods/doc_parallel_boosting.mojo:48:
Imported from ./gbdt/methods/greedy_subsets_searcher/greedy_search_helper.mojo:189:
./gbdt/methods/greedy_subsets_searcher/kernel/hist_2_one_byte_base.mojo:983:13: warning: '@parameter if' is deprecated; use 'comptime if'
            @parameter
            ^~~~~~~~~~
            comptime 
Imported from /Users/andrewhendel/CascadeProjects/mojolearn/bindings/_mojolearn_gbdt.mojo:59:
Imported from ./gbdt/estimator.mojo:67:
Imported from ./gbdt/methods/doc_parallel_boosting.mojo:48:
Imported from ./gbdt/methods/greedy_subsets_searcher/greedy_search_helper.mojo:189:
./gbdt/methods/greedy_subsets_searcher/kernel/hist_2_one_byte_base.mojo:988:38: warning: '__add__' is deprecated, use 'unsafe_offset' instead
                hs1[0] = ldg(stats_p + hrow)
                             ~~~~~~~~^~~~~~
<unknown>:0: note: '__add__' declared here
Imported from /Users/andrewhendel/CascadeProjects/mojolearn/bindings/_mojolearn_gbdt.mojo:59:
Imported from ./gbdt/estimator.mojo:67:
Imported from ./gbdt/methods/doc_parallel_boosting.mojo:48:
Imported from ./gbdt/methods/greedy_subsets_searcher/greedy_search_helper.mojo:189:
./gbdt/methods/greedy_subsets_searcher/kernel/hist_2_one_byte_base.mojo:989:38: warning: '__add__' is deprecated, use 'unsafe_offset' instead
                hs2[0] = ldg(stats_p + (hrow + stat_line_size))
                             ~~~~~~~~^~~~~~~~~~~~~~~~~~~~~~~~~
<unknown>:0: note: '__add__' declared here
Imported from /Users/andrewhendel/CascadeProjects/mojolearn/bindings/_mojolearn_gbdt.mojo:59:
Imported from ./gbdt/estimator.mojo:67:
Imported from ./gbdt/methods/doc_parallel_boosting.mojo:48:
Imported from ./gbdt/methods/greedy_subsets_searcher/greedy_search_helper.mojo:189:
./gbdt/methods/greedy_subsets_searcher/kernel/hist_2_one_byte_base.mojo:991:38: warning: '__add__' is deprecated, use 'unsafe_offset' instead
                hs1[0] = ldg(stats_p + (p_offset + pe))
                             ~~~~~~~~^~~~~~~~~~~~~~~~~
<unknown>:0: note: '__add__' declared here
Imported from /Users/andrewhendel/CascadeProjects/mojolearn/bindings/_mojolearn_gbdt.mojo:59:
Imported from ./gbdt/estimator.mojo:67:
Imported from ./gbdt/methods/doc_parallel_boosting.mojo:48:
Imported from ./gbdt/methods/greedy_subsets_searcher/greedy_search_helper.mojo:189:
./gbdt/methods/greedy_subsets_searcher/kernel/hist_2_one_byte_base.mojo:992:38: warning: '__add__' is deprecated, use 'unsafe_offset' instead
                hs2[0] = ldg(stats_p + (p_offset + pe + stat_line_size))
                             ~~~~~~~~^~~~~~~~~~~~~~~~~~~~~~~~~~~~~~~~~~
<unknown>:0: note: '__add__' declared here
Imported from /Users/andrewhendel/CascadeProjects/mojolearn/bindings/_mojolearn_gbdt.mojo:59:
Imported from ./gbdt/estimator.mojo:67:
Imported from ./gbdt/methods/doc_parallel_boosting.mojo:48:
Imported from ./gbdt/methods/greedy_subsets_searcher/greedy_search_helper.mojo:189:
./gbdt/methods/greedy_subsets_searcher/kernel/hist_2_one_byte_base.mojo:994:13: warning: '@parameter if' is deprecated; use 'comptime if'
            @parameter
            ^~~~~~~~~~
            comptime 
Imported from /Users/andrewhendel/CascadeProjects/mojolearn/bindings/_mojolearn_gbdt.mojo:59:
Imported from ./gbdt/estimator.mojo:67:
Imported from ./gbdt/methods/doc_parallel_boosting.mojo:48:
Imported from ./gbdt/methods/greedy_subsets_searcher/greedy_search_helper.mojo:189:
./gbdt/methods/greedy_subsets_searcher/kernel/hist_2_one_byte_base.mojo:1010:40: warning: '__add__' is deprecated, use 'unsafe_offset' instead
            var trow = Int(ldg(indices + (tail_start + pe)))
                               ~~~~~~~~^~~~~~~~~~~~~~~~~~~
<unknown>:0: note: '__add__' declared here
Imported from /Users/andrewhendel/CascadeProjects/mojolearn/bindings/_mojolearn_gbdt.mojo:59:
Imported from ./gbdt/estimator.mojo:67:
Imported from ./gbdt/methods/doc_parallel_boosting.mojo:48:
Imported from ./gbdt/methods/greedy_subsets_searcher/greedy_search_helper.mojo:189:
./gbdt/methods/greedy_subsets_searcher/kernel/hist_2_one_byte_base.mojo:1011:34: warning: '__add__' is deprecated, use 'unsafe_offset' instead
            tb[0] = ldg(cindex_p + trow)
                        ~~~~~~~~~^~~~~~
<unknown>:0: note: '__add__' declared here
Imported from /Users/andrewhendel/CascadeProjects/mojolearn/bindings/_mojolearn_gbdt.mojo:59:
Imported from ./gbdt/estimator.mojo:67:
Imported from ./gbdt/methods/doc_parallel_boosting.mojo:48:
Imported from ./gbdt/methods/greedy_subsets_searcher/greedy_search_helper.mojo:189:
./gbdt/methods/greedy_subsets_searcher/kernel/hist_2_one_byte_base.mojo:1013:13: warning: '@parameter if' is deprecated; use 'comptime if'
            @parameter
            ^~~~~~~~~~
            comptime 
Imported from /Users/andrewhendel/CascadeProjects/mojolearn/bindings/_mojolearn_gbdt.mojo:59:
Imported from ./gbdt/estimator.mojo:67:
Imported from ./gbdt/methods/doc_parallel_boosting.mojo:48:
Imported from ./gbdt/methods/greedy_subsets_searcher/greedy_search_helper.mojo:189:
./gbdt/methods/greedy_subsets_searcher/kernel/hist_2_one_byte_base.mojo:1016:38: warning: '__add__' is deprecated, use 'unsafe_offset' instead
                ts1[0] = ldg(stats_p + trow)
                             ~~~~~~~~^~~~~~
<unknown>:0: note: '__add__' declared here
Imported from /Users/andrewhendel/CascadeProjects/mojolearn/bindings/_mojolearn_gbdt.mojo:59:
Imported from ./gbdt/estimator.mojo:67:
Imported from ./gbdt/methods/doc_parallel_boosting.mojo:48:
Imported from ./gbdt/methods/greedy_subsets_searcher/greedy_search_helper.mojo:189:
./gbdt/methods/greedy_subsets_searcher/kernel/hist_2_one_byte_base.mojo:1017:38: warning: '__add__' is deprecated, use 'unsafe_offset' instead
                ts2[0] = ldg(stats_p + (trow + stat_line_size))
                             ~~~~~~~~^~~~~~~~~~~~~~~~~~~~~~~~~
<unknown>:0: note: '__add__' declared here
Imported from /Users/andrewhendel/CascadeProjects/mojolearn/bindings/_mojolearn_gbdt.mojo:59:
Imported from ./gbdt/estimator.mojo:67:
Imported from ./gbdt/methods/doc_parallel_boosting.mojo:48:
Imported from ./gbdt/methods/greedy_subsets_searcher/greedy_search_helper.mojo:189:
./gbdt/methods/greedy_subsets_searcher/kernel/hist_2_one_byte_base.mojo:1019:38: warning: '__add__' is deprecated, use 'unsafe_offset' instead
                ts1[0] = ldg(stats_p + (tail_start + pe))
                             ~~~~~~~~^~~~~~~~~~~~~~~~~~~
<unknown>:0: note: '__add__' declared here
Imported from /Users/andrewhendel/CascadeProjects/mojolearn/bindings/_mojolearn_gbdt.mojo:59:
Imported from ./gbdt/estimator.mojo:67:
Imported from ./gbdt/methods/doc_parallel_boosting.mojo:48:
Imported from ./gbdt/methods/greedy_subsets_searcher/greedy_search_helper.mojo:189:
./gbdt/methods/greedy_subsets_searcher/kernel/hist_2_one_byte_base.mojo:1020:38: warning: '__add__' is deprecated, use 'unsafe_offset' instead
                ts2[0] = ldg(stats_p + (tail_start + pe + stat_line_size))
                             ~~~~~~~~^~~~~~~~~~~~~~~~~~~~~~~~~~~~~~~~~~~~
<unknown>:0: note: '__add__' declared here
Imported from /Users/andrewhendel/CascadeProjects/mojolearn/bindings/_mojolearn_gbdt.mojo:59:
Imported from ./gbdt/estimator.mojo:67:
Imported from ./gbdt/methods/doc_parallel_boosting.mojo:48:
Imported from ./gbdt/methods/greedy_subsets_searcher/greedy_search_helper.mojo:189:
./gbdt/methods/greedy_subsets_searcher/kernel/hist_2_one_byte_base.mojo:1022:13: warning: '@parameter if' is deprecated; use 'comptime if'
            @parameter
            ^~~~~~~~~~
            comptime 
Imported from /Users/andrewhendel/CascadeProjects/mojolearn/bindings/_mojolearn_gbdt.mojo:59:
Imported from ./gbdt/estimator.mojo:67:
Imported from ./gbdt/methods/doc_parallel_boosting.mojo:48:
Imported from ./gbdt/methods/greedy_subsets_searcher/greedy_search_helper.mojo:189:
./gbdt/methods/greedy_subsets_searcher/kernel/hist_2_one_byte_base.mojo:1049:5: warning: '@parameter if' is deprecated; use 'comptime if'
    @parameter
    ^~~~~~~~~~
    comptime 
Imported from /Users/andrewhendel/CascadeProjects/mojolearn/bindings/_mojolearn_gbdt.mojo:59:
Imported from ./gbdt/estimator.mojo:67:
Imported from ./gbdt/methods/doc_parallel_boosting.mojo:48:
Imported from ./gbdt/methods/greedy_subsets_searcher/greedy_search_helper.mojo:189:
./gbdt/methods/greedy_subsets_searcher/kernel/hist_2_one_byte_base.mojo:1057:23: warning: '__add__' is deprecated, use 'unsafe_offset' instead
    var i_ptr = idx_p + base
                ~~~~~~^~~~~~
<unknown>:0: note: '__add__' declared here
Imported from /Users/andrewhendel/CascadeProjects/mojolearn/bindings/_mojolearn_gbdt.mojo:59:
Imported from ./gbdt/estimator.mojo:67:
Imported from ./gbdt/methods/doc_parallel_boosting.mojo:48:
Imported from ./gbdt/methods/greedy_subsets_searcher/greedy_search_helper.mojo:189:
./gbdt/methods/greedy_subsets_searcher/kernel/hist_2_one_byte_base.mojo:1058:25: warning: '__add__' is deprecated, use 'unsafe_offset' instead
    var s_ptr = stats_p + base
                ~~~~~~~~^~~~~~
<unknown>:0: note: '__add__' declared here
Imported from /Users/andrewhendel/CascadeProjects/mojolearn/bindings/_mojolearn_gbdt.mojo:59:
Imported from ./gbdt/estimator.mojo:67:
Imported from ./gbdt/methods/doc_parallel_boosting.mojo:48:
Imported from ./gbdt/methods/greedy_subsets_searcher/greedy_search_helper.mojo:189:
./gbdt/methods/greedy_subsets_searcher/kernel/hist_2_one_byte_base.mojo:1080:9: warning: '@parameter for' is deprecated; use 'comptime for'
        @parameter
        ^~~~~~~~~~
        comptime 
Imported from /Users/andrewhendel/CascadeProjects/mojolearn/bindings/_mojolearn_gbdt.mojo:59:
Imported from ./gbdt/estimator.mojo:67:
Imported from ./gbdt/methods/doc_parallel_boosting.mojo:48:
Imported from ./gbdt/methods/greedy_subsets_searcher/greedy_search_helper.mojo:189:
./gbdt/methods/greedy_subsets_searcher/kernel/hist_2_one_byte_base.mojo:1084:27: warning: '__add__' is deprecated, use 'unsafe_offset' instead
                    i_ptr + LANE_WIDTH * HIST2_LOAD_SIZE * k
                    ~~~~~~^~~~~~~~~~~~~~~~~~~~~~~~~~~~~~~~~~
<unknown>:0: note: '__add__' declared here
Imported from /Users/andrewhendel/CascadeProjects/mojolearn/bindings/_mojolearn_gbdt.mojo:59:
Imported from ./gbdt/estimator.mojo:67:
Imported from ./gbdt/methods/doc_parallel_boosting.mojo:48:
Imported from ./gbdt/methods/greedy_subsets_searcher/greedy_search_helper.mojo:189:
./gbdt/methods/greedy_subsets_searcher/kernel/hist_2_one_byte_base.mojo:1089:17: warning: '@parameter if' is deprecated; use 'comptime if'
                @parameter
                ^~~~~~~~~~
                comptime 
Imported from /Users/andrewhendel/CascadeProjects/mojolearn/bindings/_mojolearn_gbdt.mojo:59:
Imported from ./gbdt/estimator.mojo:67:
Imported from ./gbdt/methods/doc_parallel_boosting.mojo:48:
Imported from ./gbdt/methods/greedy_subsets_searcher/greedy_search_helper.mojo:189:
./gbdt/methods/greedy_subsets_searcher/kernel/hist_2_one_byte_base.mojo:1092:31: warning: '__add__' is deprecated, use 'unsafe_offset' instead
                        s_ptr + LANE_WIDTH * HIST2_LOAD_SIZE * k
                        ~~~~~~^~~~~~~~~~~~~~~~~~~~~~~~~~~~~~~~~~
<unknown>:0: note: '__add__' declared here
Imported from /Users/andrewhendel/CascadeProjects/mojolearn/bindings/_mojolearn_gbdt.mojo:59:
Imported from ./gbdt/estimator.mojo:67:
Imported from ./gbdt/methods/doc_parallel_boosting.mojo:48:
Imported from ./gbdt/methods/greedy_subsets_searcher/greedy_search_helper.mojo:189:
./gbdt/methods/greedy_subsets_searcher/kernel/hist_2_one_byte_base.mojo:1096:25: warning: '__add__' is deprecated, use 'unsafe_offset' instead
                        + stat_line_size
~~~~~~~~~~~~~~~~~~~~~~~~^~~~~~~~~~~~~~~~
<unknown>:0: note: '__add__' declared here
Imported from /Users/andrewhendel/CascadeProjects/mojolearn/bindings/_mojolearn_gbdt.mojo:59:
Imported from ./gbdt/estimator.mojo:67:
Imported from ./gbdt/methods/doc_parallel_boosting.mojo:48:
Imported from ./gbdt/methods/greedy_subsets_searcher/greedy_search_helper.mojo:189:
./gbdt/methods/greedy_subsets_searcher/kernel/hist_2_one_byte_base.mojo:1097:25: warning: '__add__' is deprecated, use 'unsafe_offset' instead
                        + LANE_WIDTH * HIST2_LOAD_SIZE * k
~~~~~~~~~~~~~~~~~~~~~~~~^~~~~~~~~~~~~~~~~~~~~~~~~~~~~~~~~~
<unknown>:0: note: '__add__' declared here
Imported from /Users/andrewhendel/CascadeProjects/mojolearn/bindings/_mojolearn_gbdt.mojo:59:
Imported from ./gbdt/estimator.mojo:67:
Imported from ./gbdt/methods/doc_parallel_boosting.mojo:48:
Imported from ./gbdt/methods/greedy_subsets_searcher/greedy_search_helper.mojo:189:
./gbdt/methods/greedy_subsets_searcher/kernel/hist_2_one_byte_base.mojo:1100:17: warning: '@parameter for' is deprecated; use 'comptime for'
                @parameter
                ^~~~~~~~~~
                comptime 
Imported from /Users/andrewhendel/CascadeProjects/mojolearn/bindings/_mojolearn_gbdt.mojo:59:
Imported from ./gbdt/estimator.mojo:67:
Imported from ./gbdt/methods/doc_parallel_boosting.mojo:48:
Imported from ./gbdt/methods/greedy_subsets_searcher/greedy_search_helper.mojo:189:
./gbdt/methods/greedy_subsets_searcher/kernel/hist_2_one_byte_base.mojo:1103:34: warning: '__add__' is deprecated, use 'unsafe_offset' instead
                        cindex_p + Int(vi[e])
                        ~~~~~~~~~^~~~~~~~~~~~
<unknown>:0: note: '__add__' declared here
Imported from /Users/andrewhendel/CascadeProjects/mojolearn/bindings/_mojolearn_gbdt.mojo:59:
Imported from ./gbdt/estimator.mojo:67:
Imported from ./gbdt/methods/doc_parallel_boosting.mojo:48:
Imported from ./gbdt/methods/greedy_subsets_searcher/greedy_search_helper.mojo:189:
./gbdt/methods/greedy_subsets_searcher/kernel/hist_2_one_byte_base.mojo:1106:21: warning: '@parameter if' is deprecated; use 'comptime if'
                    @parameter
                    ^~~~~~~~~~
                    comptime 
Imported from /Users/andrewhendel/CascadeProjects/mojolearn/bindings/_mojolearn_gbdt.mojo:59:
Imported from ./gbdt/estimator.mojo:67:
Imported from ./gbdt/methods/doc_parallel_boosting.mojo:48:
Imported from ./gbdt/methods/greedy_subsets_searcher/greedy_search_helper.mojo:189:
./gbdt/methods/greedy_subsets_searcher/kernel/hist_2_one_byte_base.mojo:1111:46: warning: '__add__' is deprecated, use 'unsafe_offset' instead
                        vs1[e] = ldg(stats_p + Int(vi[e]))
                                     ~~~~~~~~^~~~~~~~~~~~
<unknown>:0: note: '__add__' declared here
Imported from /Users/andrewhendel/CascadeProjects/mojolearn/bindings/_mojolearn_gbdt.mojo:59:
Imported from ./gbdt/estimator.mojo:67:
Imported from ./gbdt/methods/doc_parallel_boosting.mojo:48:
Imported from ./gbdt/methods/greedy_subsets_searcher/greedy_search_helper.mojo:189:
./gbdt/methods/greedy_subsets_searcher/kernel/hist_2_one_byte_base.mojo:1113:37: warning: '__add__' is deprecated, use 'unsafe_offset' instead
                            stats_p + (Int(vi[e]) + stat_line_size)
                            ~~~~~~~~^~~~~~~~~~~~~~~~~~~~~~~~~~~~~~~
<unknown>:0: note: '__add__' declared here
Imported from /Users/andrewhendel/CascadeProjects/mojolearn/bindings/_mojolearn_gbdt.mojo:59:
Imported from ./gbdt/estimator.mojo:67:
Imported from ./gbdt/methods/doc_parallel_boosting.mojo:48:
Imported from ./gbdt/methods/greedy_subsets_searcher/greedy_search_helper.mojo:189:
./gbdt/methods/greedy_subsets_searcher/kernel/hist_2_one_byte_base.mojo:1118:21: warning: '@parameter if' is deprecated; use 'comptime if'
                    @parameter
                    ^~~~~~~~~~
                    comptime 
Imported from /Users/andrewhendel/CascadeProjects/mojolearn/bindings/_mojolearn_gbdt.mojo:59:
Imported from ./gbdt/estimator.mojo:67:
Imported from ./gbdt/methods/doc_parallel_boosting.mojo:48:
Imported from ./gbdt/methods/greedy_subsets_searcher/greedy_search_helper.mojo:189:
./gbdt/methods/greedy_subsets_searcher/kernel/hist_2_one_byte_base.mojo:1131:17: warning: '@parameter for' is deprecated; use 'comptime for'
                @parameter
                ^~~~~~~~~~
                comptime 
Imported from /Users/andrewhendel/CascadeProjects/mojolearn/bindings/_mojolearn_gbdt.mojo:59:
Imported from ./gbdt/estimator.mojo:67:
Imported from ./gbdt/methods/doc_parallel_boosting.mojo:48:
Imported from ./gbdt/methods/greedy_subsets_searcher/greedy_search_helper.mojo:189:
./gbdt/methods/greedy_subsets_searcher/kernel/hist_2_one_byte_base.mojo:1144:15: warning: '__iadd__' is deprecated, use 'unsafe_offset' instead
        i_ptr += stripe_size
        ~~~~~~^~~~~~~~~~~~~~
<unknown>:0: note: '__iadd__' declared here
Imported from /Users/andrewhendel/CascadeProjects/mojolearn/bindings/_mojolearn_gbdt.mojo:59:
Imported from ./gbdt/estimator.mojo:67:
Imported from ./gbdt/methods/doc_parallel_boosting.mojo:48:
Imported from ./gbdt/methods/greedy_subsets_searcher/greedy_search_helper.mojo:189:
./gbdt/methods/greedy_subsets_searcher/kernel/hist_2_one_byte_base.mojo:1145:15: warning: '__iadd__' is deprecated, use 'unsafe_offset' instead
        s_ptr += stripe_size
        ~~~~~~^~~~~~~~~~~~~~
<unknown>:0: note: '__iadd__' declared here
Imported from /Users/andrewhendel/CascadeProjects/mojolearn/bindings/_mojolearn_gbdt.mojo:59:
Imported from ./gbdt/estimator.mojo:87:
Imported from ./gbdt/train.mojo:85:
./gbdt/targets/kernel/pointwise_targets.mojo:177:12: warning: positional `__getitem__` is deprecated, use `unsafe_offset=` instead
        red[tid] = value
        ~~~^~~~~
<unknown>:0: note: '__getitem__' declared here
Imported from /Users/andrewhendel/CascadeProjects/mojolearn/bindings/_mojolearn_gbdt.mojo:59:
Imported from ./gbdt/estimator.mojo:87:
Imported from ./gbdt/train.mojo:85:
./gbdt/targets/kernel/pointwise_targets.mojo:182:20: warning: positional `__getitem__` is deprecated, use `unsafe_offset=` instead
                red[tid] = red[tid] + red[tid + step]
                ~~~^~~~~
<unknown>:0: note: '__getitem__' declared here
Imported from /Users/andrewhendel/CascadeProjects/mojolearn/bindings/_mojolearn_gbdt.mojo:59:
Imported from ./gbdt/estimator.mojo:87:
Imported from ./gbdt/train.mojo:85:
./gbdt/targets/kernel/pointwise_targets.mojo:182:31: warning: positional `__getitem__` is deprecated, use `unsafe_offset=` instead
                red[tid] = red[tid] + red[tid + step]
                           ~~~^~~~~
<unknown>:0: note: '__getitem__' declared here
Imported from /Users/andrewhendel/CascadeProjects/mojolearn/bindings/_mojolearn_gbdt.mojo:59:
Imported from ./gbdt/estimator.mojo:87:
Imported from ./gbdt/train.mojo:85:
./gbdt/targets/kernel/pointwise_targets.mojo:182:42: warning: positional `__getitem__` is deprecated, use `unsafe_offset=` instead
                red[tid] = red[tid] + red[tid + step]
                                      ~~~^~~~~~~~~~~~
<unknown>:0: note: '__getitem__' declared here
Imported from /Users/andrewhendel/CascadeProjects/mojolearn/bindings/_mojolearn_gbdt.mojo:59:
Imported from ./gbdt/estimator.mojo:87:
Imported from ./gbdt/train.mojo:85:
./gbdt/targets/kernel/pointwise_targets.mojo:185:24: warning: positional `__getitem__` is deprecated, use `unsafe_offset=` instead
        var total = red[0]
                    ~~~^~~
<unknown>:0: note: '__getitem__' declared here
Imported from /Users/andrewhendel/CascadeProjects/mojolearn/bindings/_mojolearn_gbdt.mojo:59:
Imported from ./gbdt/estimator.mojo:87:
Imported from ./gbdt/train.mojo:85:
./gbdt/targets/kernel/pointwise_targets.mojo:745:5: warning: '@parameter if' is deprecated; use 'comptime if'
    @parameter
    ^~~~~~~~~~
    comptime 
Imported from /Users/andrewhendel/CascadeProjects/mojolearn/bindings/_mojolearn_gbdt.mojo:59:
Imported from ./gbdt/estimator.mojo:87:
Imported from ./gbdt/train.mojo:85:
./gbdt/targets/kernel/pointwise_targets.mojo:752:9: warning: '@parameter if' is deprecated; use 'comptime if'
        @parameter
        ^~~~~~~~~~
        comptime 
Imported from /Users/andrewhendel/CascadeProjects/mojolearn/bindings/_mojolearn_gbdt.mojo:59:
Imported from ./gbdt/estimator.mojo:67:
Imported from ./gbdt/methods/doc_parallel_boosting.mojo:48:
Imported from ./gbdt/methods/greedy_subsets_searcher/greedy_search_helper.mojo:189:
./gbdt/methods/greedy_subsets_searcher/kernel/hist_2_one_byte_base.mojo:185:5: warning: '@parameter if' is deprecated; use 'comptime if'
    @parameter
    ^~~~~~~~~~
    comptime 
Imported from /Users/andrewhendel/CascadeProjects/mojolearn/bindings/_mojolearn_gbdt.mojo:59:
Imported from ./gbdt/estimator.mojo:67:
Imported from ./gbdt/methods/doc_parallel_boosting.mojo:48:
Imported from ./gbdt/methods/greedy_subsets_searcher/greedy_search_helper.mojo:189:
./gbdt/methods/greedy_subsets_searcher/kernel/hist_2_one_byte_base.mojo:200:5: warning: '@parameter if' is deprecated; use 'comptime if'
    @parameter
    ^~~~~~~~~~
    comptime 
Imported from /Users/andrewhendel/CascadeProjects/mojolearn/bindings/_mojolearn_gbdt.mojo:59:
Imported from ./gbdt/estimator.mojo:67:
Imported from ./gbdt/methods/doc_parallel_boosting.mojo:48:
Imported from ./gbdt/methods/greedy_subsets_searcher/greedy_search_helper.mojo:189:
./gbdt/methods/greedy_subsets_searcher/kernel/hist_2_one_byte_base.mojo:284:5: warning: '@parameter if' is deprecated; use 'comptime if'
    @parameter
    ^~~~~~~~~~
    comptime 
Imported from /Users/andrewhendel/CascadeProjects/mojolearn/bindings/_mojolearn_gbdt.mojo:59:
Imported from ./gbdt/estimator.mojo:67:
Imported from ./gbdt/methods/doc_parallel_boosting.mojo:48:
Imported from ./gbdt/methods/greedy_subsets_searcher/greedy_search_helper.mojo:189:
./gbdt/methods/greedy_subsets_searcher/kernel/hist_2_one_byte_base.mojo:292:5: warning: '@parameter if' is deprecated; use 'comptime if'
    @parameter
    ^~~~~~~~~~
    comptime 
Imported from /Users/andrewhendel/CascadeProjects/mojolearn/bindings/_mojolearn_gbdt.mojo:59:
Imported from ./gbdt/estimator.mojo:67:
Imported from ./gbdt/methods/doc_parallel_boosting.mojo:48:
Imported from ./gbdt/methods/greedy_subsets_searcher/greedy_search_helper.mojo:189:
./gbdt/methods/greedy_subsets_searcher/kernel/hist_2_one_byte_base.mojo:322:5: warning: '@parameter if' is deprecated; use 'comptime if'
    @parameter
    ^~~~~~~~~~
    comptime 
Imported from /Users/andrewhendel/CascadeProjects/mojolearn/bindings/_mojolearn_gbdt.mojo:59:
Imported from ./gbdt/estimator.mojo:67:
Imported from ./gbdt/methods/doc_parallel_boosting.mojo:48:
Imported from ./gbdt/methods/greedy_subsets_searcher/greedy_search_helper.mojo:189:
Imported from ./gbdt/methods/greedy_subsets_searcher/kernel/hist_2_one_byte_base.mojo:116:
./gbdt/methods/greedy_subsets_searcher/kernel/hist_2_one_byte_5bit.mojo:80:11: warning: 'UnsafePointer' is deprecated, use 'Pointer' instead
    smem: UnsafePointer[
          ^~~~~~~~~~~~~
          Pointer
<unknown>:0: note: 'UnsafePointer' declared here
Imported from /Users/andrewhendel/CascadeProjects/mojolearn/bindings/_mojolearn_gbdt.mojo:59:
Imported from ./gbdt/estimator.mojo:67:
Imported from ./gbdt/methods/doc_parallel_boosting.mojo:48:
Imported from ./gbdt/methods/greedy_subsets_searcher/greedy_search_helper.mojo:189:
Imported from ./gbdt/methods/greedy_subsets_searcher/kernel/hist_2_one_byte_base.mojo:121:
./gbdt/methods/greedy_subsets_searcher/kernel/hist_2_one_byte_6bit.mojo:68:11: warning: 'UnsafePointer' is deprecated, use 'Pointer' instead
    smem: UnsafePointer[
          ^~~~~~~~~~~~~
          Pointer
<unknown>:0: note: 'UnsafePointer' declared here
Imported from /Users/andrewhendel/CascadeProjects/mojolearn/bindings/_mojolearn_gbdt.mojo:59:
Imported from ./gbdt/estimator.mojo:67:
Imported from ./gbdt/methods/doc_parallel_boosting.mojo:48:
Imported from ./gbdt/methods/greedy_subsets_searcher/greedy_search_helper.mojo:189:
Imported from ./gbdt/methods/greedy_subsets_searcher/kernel/hist_2_one_byte_base.mojo:126:
./gbdt/methods/greedy_subsets_searcher/kernel/hist_2_one_byte_7bit.mojo:64:11: warning: 'UnsafePointer' is deprecated, use 'Pointer' instead
    smem: UnsafePointer[
          ^~~~~~~~~~~~~
          Pointer
<unknown>:0: note: 'UnsafePointer' declared here
Imported from /Users/andrewhendel/CascadeProjects/mojolearn/bindings/_mojolearn_gbdt.mojo:59:
Imported from ./gbdt/estimator.mojo:67:
Imported from ./gbdt/methods/doc_parallel_boosting.mojo:48:
Imported from ./gbdt/methods/greedy_subsets_searcher/greedy_search_helper.mojo:189:
./gbdt/methods/greedy_subsets_searcher/kernel/hist_2_one_byte_base.mojo:335:11: warning: 'UnsafePointer' is deprecated, use 'Pointer' instead
    smem: UnsafePointer[
          ^~~~~~~~~~~~~
          Pointer
<unknown>:0: note: 'UnsafePointer' declared here
Imported from /Users/andrewhendel/CascadeProjects/mojolearn/bindings/_mojolearn_gbdt.mojo:59:
Imported from ./gbdt/estimator.mojo:67:
Imported from ./gbdt/methods/doc_parallel_boosting.mojo:48:
Imported from ./gbdt/methods/greedy_subsets_searcher/greedy_search_helper.mojo:189:
./gbdt/methods/greedy_subsets_searcher/kernel/hist_2_one_byte_base.mojo:399:5: warning: '@parameter if' is deprecated; use 'comptime if'
    @parameter
    ^~~~~~~~~~
    comptime 
Imported from /Users/andrewhendel/CascadeProjects/mojolearn/bindings/_mojolearn_gbdt.mojo:59:
Imported from ./gbdt/estimator.mojo:67:
Imported from ./gbdt/methods/doc_parallel_boosting.mojo:48:
Imported from ./gbdt/methods/greedy_subsets_searcher/greedy_search_helper.mojo:189:
Imported from ./gbdt/methods/greedy_subsets_searcher/kernel/hist_2_one_byte_base.mojo:116:
./gbdt/methods/greedy_subsets_searcher/kernel/hist_2_one_byte_5bit.mojo:166:11: warning: 'UnsafePointer' is deprecated, use 'Pointer' instead
    smem: UnsafePointer[
          ^~~~~~~~~~~~~
          Pointer
<unknown>:0: note: 'UnsafePointer' declared here
Imported from /Users/andrewhendel/CascadeProjects/mojolearn/bindings/_mojolearn_gbdt.mojo:59:
Imported from ./gbdt/estimator.mojo:67:
Imported from ./gbdt/methods/doc_parallel_boosting.mojo:48:
Imported from ./gbdt/methods/greedy_subsets_searcher/greedy_search_helper.mojo:189:
Imported from ./gbdt/methods/greedy_subsets_searcher/kernel/hist_2_one_byte_base.mojo:121:
./gbdt/methods/greedy_subsets_searcher/kernel/hist_2_one_byte_6bit.mojo:187:11: warning: 'UnsafePointer' is deprecated, use 'Pointer' instead
    smem: UnsafePointer[
          ^~~~~~~~~~~~~
          Pointer
<unknown>:0: note: 'UnsafePointer' declared here
Imported from /Users/andrewhendel/CascadeProjects/mojolearn/bindings/_mojolearn_gbdt.mojo:59:
Imported from ./gbdt/estimator.mojo:67:
Imported from ./gbdt/methods/doc_parallel_boosting.mojo:48:
Imported from ./gbdt/methods/greedy_subsets_searcher/greedy_search_helper.mojo:189:
Imported from ./gbdt/methods/greedy_subsets_searcher/kernel/hist_2_one_byte_base.mojo:126:
./gbdt/methods/greedy_subsets_searcher/kernel/hist_2_one_byte_7bit.mojo:200:11: warning: 'UnsafePointer' is deprecated, use 'Pointer' instead
    smem: UnsafePointer[
          ^~~~~~~~~~~~~
          Pointer
<unknown>:0: note: 'UnsafePointer' declared here
Imported from /Users/andrewhendel/CascadeProjects/mojolearn/bindings/_mojolearn_gbdt.mojo:59:
Imported from ./gbdt/estimator.mojo:67:
Imported from ./gbdt/methods/doc_parallel_boosting.mojo:48:
Imported from ./gbdt/methods/greedy_subsets_searcher/greedy_search_helper.mojo:189:
./gbdt/methods/greedy_subsets_searcher/kernel/hist_2_one_byte_base.mojo:504:32: warning: '__add__' is deprecated, use 'unsafe_offset' instead
            var dst = bin_sums + dst_base
                      ~~~~~~~~~^~~~~~~~~~
<unknown>:0: note: '__add__' declared here
Imported from /Users/andrewhendel/CascadeProjects/mojolearn/bindings/_mojolearn_gbdt.mojo:59:
Imported from ./gbdt/estimator.mojo:67:
Imported from ./gbdt/methods/doc_parallel_boosting.mojo:48:
Imported from ./gbdt/methods/greedy_subsets_searcher/greedy_search_helper.mojo:189:
./gbdt/methods/greedy_subsets_searcher/kernel/hist_2_one_byte_base.mojo:508:32: warning: positional `__getitem__` is deprecated, use `unsafe_offset=` instead
                var cell = smem[
                           ~~~~^
<unknown>:0: note: '__getitem__' declared here
Imported from /Users/andrewhendel/CascadeProjects/mojolearn/bindings/_mojolearn_gbdt.mojo:59:
Imported from ./gbdt/estimator.mojo:67:
Imported from ./gbdt/methods/doc_parallel_boosting.mojo:48:
Imported from ./gbdt/methods/greedy_subsets_searcher/greedy_search_helper.mojo:189:
./gbdt/methods/greedy_subsets_searcher/kernel/hist_2_one_byte_base.mojo:512:17: warning: '@parameter if' is deprecated; use 'comptime if'
                @parameter
                ^~~~~~~~~~
                comptime 
Imported from /Users/andrewhendel/CascadeProjects/mojolearn/bindings/_mojolearn_gbdt.mojo:59:
Imported from ./gbdt/estimator.mojo:67:
Imported from ./gbdt/methods/doc_parallel_boosting.mojo:48:
Imported from ./gbdt/methods/greedy_subsets_searcher/greedy_search_helper.mojo:189:
./gbdt/methods/greedy_subsets_searcher/kernel/hist_2_one_byte_base.mojo:544:25: warning: '@parameter if' is deprecated; use 'comptime if'
                        @parameter
                        ^~~~~~~~~~
                        comptime 
Imported from /Users/andrewhendel/CascadeProjects/mojolearn/bindings/_mojolearn_gbdt.mojo:59:
Imported from ./gbdt/estimator.mojo:87:
Imported from ./gbdt/train.mojo:85:
./gbdt/targets/kernel/pointwise_targets.mojo:359:5: warning: '@parameter if' is deprecated; use 'comptime if'
    @parameter
    ^~~~~~~~~~
    comptime 
Imported from /Users/andrewhendel/CascadeProjects/mojolearn/bindings/_mojolearn_gbdt.mojo:59:
Imported from ./gbdt/estimator.mojo:87:
Imported from ./gbdt/train.mojo:85:
./gbdt/targets/kernel/pointwise_targets.mojo:432:5: warning: '@parameter if' is deprecated; use 'comptime if'
    @parameter
    ^~~~~~~~~~
    comptime 
Imported from /Users/andrewhendel/CascadeProjects/mojolearn/bindings/_mojolearn_gbdt.mojo:59:
Imported from ./gbdt/estimator.mojo:87:
Imported from ./gbdt/train.mojo:85:
./gbdt/targets/kernel/pointwise_targets.mojo:495:5: warning: '@parameter if' is deprecated; use 'comptime if'
    @parameter
    ^~~~~~~~~~
    comptime 
Imported from /Users/andrewhendel/CascadeProjects/mojolearn/bindings/_mojolearn_gbdt.mojo:59:
Imported from ./gbdt/estimator.mojo:67:
Imported from ./gbdt/methods/doc_parallel_boosting.mojo:48:
Imported from ./gbdt/methods/greedy_subsets_searcher/greedy_search_helper.mojo:189:
./gbdt/methods/greedy_subsets_searcher/kernel/hist_2_one_byte_base.mojo:379:24: warning: positional `__getitem__` is deprecated, use `unsafe_offset=` instead
            acc += smem[i]
                   ~~~~^~~
<unknown>:0: note: '__getitem__' declared here
Imported from /Users/andrewhendel/CascadeProjects/mojolearn/bindings/_mojolearn_gbdt.mojo:59:
Imported from ./gbdt/estimator.mojo:67:
Imported from ./gbdt/methods/doc_parallel_boosting.mojo:48:
Imported from ./gbdt/methods/greedy_subsets_searcher/greedy_search_helper.mojo:189:
./gbdt/methods/greedy_subsets_searcher/kernel/hist_2_one_byte_base.mojo:381:13: warning: positional `__getitem__` is deprecated, use `unsafe_offset=` instead
        smem[2048 + start] = acc
        ~~~~^~~~~~~~~~~~~~
<unknown>:0: note: '__getitem__' declared here
Imported from /Users/andrewhendel/CascadeProjects/mojolearn/bindings/_mojolearn_gbdt.mojo:59:
Imported from ./gbdt/estimator.mojo:67:
Imported from ./gbdt/methods/doc_parallel_boosting.mojo:61:
./gbdt/methods/greedy_subsets_searcher/greedy_search_helper_depthwise.mojo:2046:35: warning: 'bitcast' is deprecated, use 'unsafe_bitcast' instead
                var dst = sp_bytes.bitcast[CFeature]()
                          ~~~~~~~~^~~~~~~~
                                   unsafe_bitcast
<unknown>:0: note: 'bitcast' declared here
Imported from /Users/andrewhendel/CascadeProjects/mojolearn/bindings/_mojolearn_gbdt.mojo:59:
Imported from ./gbdt/estimator.mojo:67:
Imported from ./gbdt/methods/doc_parallel_boosting.mojo:61:
./gbdt/methods/greedy_subsets_searcher/greedy_search_helper_depthwise.mojo:2120:42: warning: 'bitcast' is deprecated, use 'unsafe_bitcast' instead
                    sp_feats.unsafe_ptr().bitcast[CFeature](),
                    ~~~~~~~~~~~~~~~~~~~~~^~~~~~~~
                                          unsafe_bitcast
<unknown>:0: note: 'bitcast' declared here
Imported from /Users/andrewhendel/CascadeProjects/mojolearn/bindings/_mojolearn_gbdt.mojo:59:
Imported from ./gbdt/estimator.mojo:67:
Imported from ./gbdt/methods/doc_parallel_boosting.mojo:61:
./gbdt/methods/greedy_subsets_searcher/greedy_search_helper_depthwise.mojo:2142:38: warning: 'bitcast' is deprecated, use 'unsafe_bitcast' instead
                sp_feats.unsafe_ptr().bitcast[CFeature](),
                ~~~~~~~~~~~~~~~~~~~~~^~~~~~~~
                                      unsafe_bitcast
<unknown>:0: note: 'bitcast' declared here
Imported from /Users/andrewhendel/CascadeProjects/mojolearn/bindings/_mojolearn_gbdt.mojo:59:
Imported from ./gbdt/estimator.mojo:67:
Imported from ./gbdt/methods/doc_parallel_boosting.mojo:108:
./gbdt/methods/greedy_subsets_searcher/kernel/hist_one_byte.mojo:471:23: warning: '__add__' is deprecated, use 'unsafe_offset' instead
    var bins_p = bins + Int(cindex_base_in) + bins_line_size * (
                 ~~~~~^~~~~~~~~~~~~~~~~~~~~
<unknown>:0: note: '__add__' declared here
Imported from /Users/andrewhendel/CascadeProjects/mojolearn/bindings/_mojolearn_gbdt.mojo:59:
Imported from ./gbdt/estimator.mojo:67:
Imported from ./gbdt/methods/doc_parallel_boosting.mojo:108:
./gbdt/methods/greedy_subsets_searcher/kernel/hist_one_byte.mojo:471:45: warning: '__add__' is deprecated, use 'unsafe_offset' instead
    var bins_p = bins + Int(cindex_base_in) + bins_line_size * (
                 ~~~~~~~~~~~~~~~~~~~~~~~~~~~^~~~~~~~~~~~~~~~~~~~
<unknown>:0: note: '__add__' declared here
Imported from /Users/andrewhendel/CascadeProjects/mojolearn/bindings/_mojolearn_gbdt.mojo:59:
Imported from ./gbdt/estimator.mojo:67:
Imported from ./gbdt/methods/doc_parallel_boosting.mojo:108:
./gbdt/methods/greedy_subsets_searcher/kernel/hist_one_byte.mojo:490:25: warning: '__add__' is deprecated, use 'unsafe_offset' instead
    var stats_p = stats + Int(block_idx.z) * stat_line_size
                  ~~~~~~^~~~~~~~~~~~~~~~~~~~~~~~~~~~~~~~~~~
<unknown>:0: note: '__add__' declared here
Imported from /Users/andrewhendel/CascadeProjects/mojolearn/bindings/_mojolearn_gbdt.mojo:59:
Imported from ./gbdt/estimator.mojo:67:
Imported from ./gbdt/methods/doc_parallel_boosting.mojo:108:
./gbdt/methods/greedy_subsets_searcher/kernel/hist_one_byte.mojo:503:13: warning: positional `__getitem__` is deprecated, use `unsafe_offset=` instead
        smem[z] = Scalar[DT](0)
        ~~~~^~~
<unknown>:0: note: '__getitem__' declared here
Imported from /Users/andrewhendel/CascadeProjects/mojolearn/bindings/_mojolearn_gbdt.mojo:59:
Imported from ./gbdt/estimator.mojo:67:
Imported from ./gbdt/methods/doc_parallel_boosting.mojo:108:
./gbdt/methods/greedy_subsets_searcher/kernel/hist_one_byte.mojo:554:29: warning: '__add__' is deprecated, use 'unsafe_offset' instead
            hb = ldg(bins_p + (p_offset + pe))
                     ~~~~~~~^~~~~~~~~~~~~~~~~
<unknown>:0: note: '__add__' declared here
Imported from /Users/andrewhendel/CascadeProjects/mojolearn/bindings/_mojolearn_gbdt.mojo:59:
Imported from ./gbdt/estimator.mojo:67:
Imported from ./gbdt/methods/doc_parallel_boosting.mojo:108:
./gbdt/methods/greedy_subsets_searcher/kernel/hist_one_byte.mojo:555:30: warning: '__add__' is deprecated, use 'unsafe_offset' instead
            hs = ldg(stats_p + (p_offset + pe))
                     ~~~~~~~~^~~~~~~~~~~~~~~~~
<unknown>:0: note: '__add__' declared here
Imported from /Users/andrewhendel/CascadeProjects/mojolearn/bindings/_mojolearn_gbdt.mojo:59:
Imported from ./gbdt/estimator.mojo:67:
Imported from ./gbdt/methods/doc_parallel_boosting.mojo:108:
./gbdt/methods/greedy_subsets_searcher/kernel/hist_one_byte.mojo:557:13: warning: '@parameter if' is deprecated; use 'comptime if'
            @parameter
            ^~~~~~~~~~
            comptime 
Imported from /Users/andrewhendel/CascadeProjects/mojolearn/bindings/_mojolearn_gbdt.mojo:59:
Imported from ./gbdt/estimator.mojo:67:
Imported from ./gbdt/methods/doc_parallel_boosting.mojo:108:
./gbdt/methods/greedy_subsets_searcher/kernel/hist_one_byte.mojo:283:11: warning: 'UnsafePointer' is deprecated, use 'Pointer' instead
    smem: UnsafePointer[
          ^~~~~~~~~~~~~
          Pointer
<unknown>:0: note: 'UnsafePointer' declared here
Imported from /Users/andrewhendel/CascadeProjects/mojolearn/bindings/_mojolearn_gbdt.mojo:59:
Imported from ./gbdt/estimator.mojo:67:
Imported from ./gbdt/methods/doc_parallel_boosting.mojo:108:
./gbdt/methods/greedy_subsets_searcher/kernel/hist_one_byte.mojo:570:29: warning: '__add__' is deprecated, use 'unsafe_offset' instead
            tb = ldg(bins_p + (tail_start + pe))
                     ~~~~~~~^~~~~~~~~~~~~~~~~~~
<unknown>:0: note: '__add__' declared here
Imported from /Users/andrewhendel/CascadeProjects/mojolearn/bindings/_mojolearn_gbdt.mojo:59:
Imported from ./gbdt/estimator.mojo:67:
Imported from ./gbdt/methods/doc_parallel_boosting.mojo:108:
./gbdt/methods/greedy_subsets_searcher/kernel/hist_one_byte.mojo:571:30: warning: '__add__' is deprecated, use 'unsafe_offset' instead
            ts = ldg(stats_p + (tail_start + pe))
                     ~~~~~~~~^~~~~~~~~~~~~~~~~~~
<unknown>:0: note: '__add__' declared here
Imported from /Users/andrewhendel/CascadeProjects/mojolearn/bindings/_mojolearn_gbdt.mojo:59:
Imported from ./gbdt/estimator.mojo:67:
Imported from ./gbdt/methods/doc_parallel_boosting.mojo:108:
./gbdt/methods/greedy_subsets_searcher/kernel/hist_one_byte.mojo:573:13: warning: '@parameter if' is deprecated; use 'comptime if'
            @parameter
            ^~~~~~~~~~
            comptime 
Imported from /Users/andrewhendel/CascadeProjects/mojolearn/bindings/_mojolearn_gbdt.mojo:59:
Imported from ./gbdt/estimator.mojo:67:
Imported from ./gbdt/methods/doc_parallel_boosting.mojo:108:
./gbdt/methods/greedy_subsets_searcher/kernel/hist_one_byte.mojo:601:5: warning: '@parameter if' is deprecated; use 'comptime if'
    @parameter
    ^~~~~~~~~~
    comptime 
Imported from /Users/andrewhendel/CascadeProjects/mojolearn/bindings/_mojolearn_gbdt.mojo:59:
Imported from ./gbdt/estimator.mojo:67:
Imported from ./gbdt/methods/doc_parallel_boosting.mojo:108:
./gbdt/methods/greedy_subsets_searcher/kernel/hist_one_byte.mojo:627:24: warning: '__add__' is deprecated, use 'unsafe_offset' instead
    var b_ptr = bins_p + base
                ~~~~~~~^~~~~~
<unknown>:0: note: '__add__' declared here
Imported from /Users/andrewhendel/CascadeProjects/mojolearn/bindings/_mojolearn_gbdt.mojo:59:
Imported from ./gbdt/estimator.mojo:67:
Imported from ./gbdt/methods/doc_parallel_boosting.mojo:108:
./gbdt/methods/greedy_subsets_searcher/kernel/hist_one_byte.mojo:628:25: warning: '__add__' is deprecated, use 'unsafe_offset' instead
    var s_ptr = stats_p + base
                ~~~~~~~~^~~~~~
<unknown>:0: note: '__add__' declared here
Imported from /Users/andrewhendel/CascadeProjects/mojolearn/bindings/_mojolearn_gbdt.mojo:59:
Imported from ./gbdt/estimator.mojo:67:
Imported from ./gbdt/methods/doc_parallel_boosting.mojo:108:
./gbdt/methods/greedy_subsets_searcher/kernel/hist_one_byte.mojo:651:9: warning: '@parameter for' is deprecated; use 'comptime for'
        @parameter
        ^~~~~~~~~~
        comptime 
Imported from /Users/andrewhendel/CascadeProjects/mojolearn/bindings/_mojolearn_gbdt.mojo:59:
Imported from ./gbdt/estimator.mojo:67:
Imported from ./gbdt/methods/doc_parallel_boosting.mojo:108:
./gbdt/methods/greedy_subsets_searcher/kernel/hist_one_byte.mojo:664:27: warning: '__add__' is deprecated, use 'unsafe_offset' instead
                    b_ptr + LANE_WIDTH * LOAD_SIZE * k
                    ~~~~~~^~~~~~~~~~~~~~~~~~~~~~~~~~~~
<unknown>:0: note: '__add__' declared here
Imported from /Users/andrewhendel/CascadeProjects/mojolearn/bindings/_mojolearn_gbdt.mojo:59:
Imported from ./gbdt/estimator.mojo:67:
Imported from ./gbdt/methods/doc_parallel_boosting.mojo:108:
./gbdt/methods/greedy_subsets_searcher/kernel/hist_one_byte.mojo:667:27: warning: '__add__' is deprecated, use 'unsafe_offset' instead
                    s_ptr + LANE_WIDTH * LOAD_SIZE * k
                    ~~~~~~^~~~~~~~~~~~~~~~~~~~~~~~~~~~
<unknown>:0: note: '__add__' declared here
Imported from /Users/andrewhendel/CascadeProjects/mojolearn/bindings/_mojolearn_gbdt.mojo:59:
Imported from ./gbdt/estimator.mojo:67:
Imported from ./gbdt/methods/doc_parallel_boosting.mojo:108:
./gbdt/methods/greedy_subsets_searcher/kernel/hist_one_byte.mojo:670:17: warning: '@parameter for' is deprecated; use 'comptime for'
                @parameter
                ^~~~~~~~~~
                comptime 
Imported from /Users/andrewhendel/CascadeProjects/mojolearn/bindings/_mojolearn_gbdt.mojo:59:
Imported from ./gbdt/estimator.mojo:67:
Imported from ./gbdt/methods/doc_parallel_boosting.mojo:108:
./gbdt/methods/greedy_subsets_searcher/kernel/hist_one_byte.mojo:675:21: warning: '@parameter if' is deprecated; use 'comptime if'
                    @parameter
                    ^~~~~~~~~~
                    comptime 
Imported from /Users/andrewhendel/CascadeProjects/mojolearn/bindings/_mojolearn_gbdt.mojo:59:
Imported from ./gbdt/estimator.mojo:67:
Imported from ./gbdt/methods/doc_parallel_boosting.mojo:108:
./gbdt/methods/greedy_subsets_searcher/kernel/hist_one_byte.mojo:686:17: warning: '@parameter for' is deprecated; use 'comptime for'
                @parameter
                ^~~~~~~~~~
                comptime 
Imported from /Users/andrewhendel/CascadeProjects/mojolearn/bindings/_mojolearn_gbdt.mojo:59:
Imported from ./gbdt/estimator.mojo:67:
Imported from ./gbdt/methods/doc_parallel_boosting.mojo:108:
./gbdt/methods/greedy_subsets_searcher/kernel/hist_one_byte.mojo:694:9: warning: '@parameter for' is deprecated; use 'comptime for'
        @parameter
        ^~~~~~~~~~
        comptime 
Imported from /Users/andrewhendel/CascadeProjects/mojolearn/bindings/_mojolearn_gbdt.mojo:59:
Imported from ./gbdt/estimator.mojo:67:
Imported from ./gbdt/methods/doc_parallel_boosting.mojo:108:
./gbdt/methods/greedy_subsets_searcher/kernel/hist_one_byte.mojo:701:15: warning: '__iadd__' is deprecated, use 'unsafe_offset' instead
        b_ptr += stripe_size
        ~~~~~~^~~~~~~~~~~~~~
<unknown>:0: note: '__iadd__' declared here
Imported from /Users/andrewhendel/CascadeProjects/mojolearn/bindings/_mojolearn_gbdt.mojo:59:
Imported from ./gbdt/estimator.mojo:67:
Imported from ./gbdt/methods/doc_parallel_boosting.mojo:108:
./gbdt/methods/greedy_subsets_searcher/kernel/hist_one_byte.mojo:702:15: warning: '__iadd__' is deprecated, use 'unsafe_offset' instead
        s_ptr += stripe_size
        ~~~~~~^~~~~~~~~~~~~~
<unknown>:0: note: '__iadd__' declared here
Imported from /Users/andrewhendel/CascadeProjects/mojolearn/bindings/_mojolearn_gbdt.mojo:59:
Imported from ./gbdt/estimator.mojo:67:
Imported from ./gbdt/methods/doc_parallel_boosting.mojo:108:
./gbdt/methods/greedy_subsets_searcher/kernel/hist_one_byte.mojo:728:24: warning: positional `__getitem__` is deprecated, use `unsafe_offset=` instead
            acc += smem[j]
                   ~~~~^~~
<unknown>:0: note: '__getitem__' declared here
Imported from /Users/andrewhendel/CascadeProjects/mojolearn/bindings/_mojolearn_gbdt.mojo:59:
Imported from ./gbdt/estimator.mojo:67:
Imported from ./gbdt/methods/doc_parallel_boosting.mojo:108:
./gbdt/methods/greedy_subsets_searcher/kernel/hist_one_byte.mojo:730:13: warning: positional `__getitem__` is deprecated, use `unsafe_offset=` instead
        smem[WARP_HIST_SIZE + start] = acc
        ~~~~^~~~~~~~~~~~~~~~~~~~~~~~
<unknown>:0: note: '__getitem__' declared here
Imported from /Users/andrewhendel/CascadeProjects/mojolearn/bindings/_mojolearn_gbdt.mojo:59:
Imported from ./gbdt/estimator.mojo:67:
Imported from ./gbdt/methods/doc_parallel_boosting.mojo:108:
./gbdt/methods/greedy_subsets_searcher/kernel/hist_one_byte.mojo:747:9: warning: '@parameter for' is deprecated; use 'comptime for'
        @parameter
        ^~~~~~~~~~
        comptime 
Imported from /Users/andrewhendel/CascadeProjects/mojolearn/bindings/_mojolearn_gbdt.mojo:59:
Imported from ./gbdt/estimator.mojo:67:
Imported from ./gbdt/methods/doc_parallel_boosting.mojo:108:
./gbdt/methods/greedy_subsets_searcher/kernel/hist_one_byte.mojo:750:13: warning: '@parameter for' is deprecated; use 'comptime for'
            @parameter
            ^~~~~~~~~~
            comptime 
Imported from /Users/andrewhendel/CascadeProjects/mojolearn/bindings/_mojolearn_gbdt.mojo:59:
Imported from ./gbdt/estimator.mojo:67:
Imported from ./gbdt/methods/doc_parallel_boosting.mojo:108:
./gbdt/methods/greedy_subsets_searcher/kernel/hist_one_byte.mojo:752:32: warning: positional `__getitem__` is deprecated, use `unsafe_offset=` instead
                sums[i] += smem[src + i + blk * sub_block]
                           ~~~~^~~~~~~~~~~~~~~~~~~~~~~~~~~
<unknown>:0: note: '__getitem__' declared here
Imported from /Users/andrewhendel/CascadeProjects/mojolearn/bindings/_mojolearn_gbdt.mojo:59:
Imported from ./gbdt/estimator.mojo:67:
Imported from ./gbdt/methods/doc_parallel_boosting.mojo:108:
./gbdt/methods/greedy_subsets_searcher/kernel/hist_one_byte.mojo:760:9: warning: '@parameter for' is deprecated; use 'comptime for'
        @parameter
        ^~~~~~~~~~
        comptime 
Imported from /Users/andrewhendel/CascadeProjects/mojolearn/bindings/_mojolearn_gbdt.mojo:59:
Imported from ./gbdt/estimator.mojo:67:
Imported from ./gbdt/methods/doc_parallel_boosting.mojo:108:
./gbdt/methods/greedy_subsets_searcher/kernel/hist_one_byte.mojo:762:17: warning: positional `__getitem__` is deprecated, use `unsafe_offset=` instead
            smem[hist_size_bins * i + fold_r] = sums[i]
            ~~~~^~~~~~~~~~~~~~~~~~~~~~~~~~~~~
<unknown>:0: note: '__getitem__' declared here
Imported from /Users/andrewhendel/CascadeProjects/mojolearn/bindings/_mojolearn_gbdt.mojo:59:
Imported from ./gbdt/estimator.mojo:67:
Imported from ./gbdt/methods/doc_parallel_boosting.mojo:108:
./gbdt/methods/greedy_subsets_searcher/kernel/hist_one_byte.mojo:782:32: warning: '__add__' is deprecated, use 'unsafe_offset' instead
            var dst = bin_sums + dst_base
                      ~~~~~~~~~^~~~~~~~~~
<unknown>:0: note: '__add__' declared here
Imported from /Users/andrewhendel/CascadeProjects/mojolearn/bindings/_mojolearn_gbdt.mojo:59:
Imported from ./gbdt/estimator.mojo:67:
Imported from ./gbdt/methods/doc_parallel_boosting.mojo:108:
./gbdt/methods/greedy_subsets_searcher/kernel/hist_one_byte.mojo:784:28: warning: positional `__getitem__` is deprecated, use `unsafe_offset=` instead
            var cell = smem[fid * hist_size_bins + fold]
                       ~~~~^~~~~~~~~~~~~~~~~~~~~~~~~~~~~
<unknown>:0: note: '__getitem__' declared here
Imported from /Users/andrewhendel/CascadeProjects/mojolearn/bindings/_mojolearn_gbdt.mojo:59:
Imported from ./gbdt/estimator.mojo:67:
Imported from ./gbdt/methods/doc_parallel_boosting.mojo:108:
./gbdt/methods/greedy_subsets_searcher/kernel/hist_one_byte.mojo:786:13: warning: '@parameter if' is deprecated; use 'comptime if'
            @parameter
            ^~~~~~~~~~
            comptime 
Imported from /Users/andrewhendel/CascadeProjects/mojolearn/bindings/_mojolearn_gbdt.mojo:59:
Imported from ./gbdt/estimator.mojo:67:
Imported from ./gbdt/methods/doc_parallel_boosting.mojo:108:
./gbdt/methods/greedy_subsets_searcher/kernel/hist_one_byte.mojo:829:21: warning: '@parameter if' is deprecated; use 'comptime if'
                    @parameter
                    ^~~~~~~~~~
                    comptime 
Imported from /Users/andrewhendel/CascadeProjects/mojolearn/bindings/_mojolearn_gbdt.mojo:59:
Imported from ./gbdt/estimator.mojo:67:
Imported from ./gbdt/methods/doc_parallel_boosting.mojo:108:
./gbdt/methods/greedy_subsets_searcher/kernel/hist_one_byte.mojo:941:27: warning: '__add__' is deprecated, use 'unsafe_offset' instead
    var cindex_p = cindex + Int(cindex_base_in) + bins_line_size * (
                   ~~~~~~~^~~~~~~~~~~~~~~~~~~~~
<unknown>:0: note: '__add__' declared here
Imported from /Users/andrewhendel/CascadeProjects/mojolearn/bindings/_mojolearn_gbdt.mojo:59:
Imported from ./gbdt/estimator.mojo:67:
Imported from ./gbdt/methods/doc_parallel_boosting.mojo:108:
./gbdt/methods/greedy_subsets_searcher/kernel/hist_one_byte.mojo:941:49: warning: '__add__' is deprecated, use 'unsafe_offset' instead
    var cindex_p = cindex + Int(cindex_base_in) + bins_line_size * (
                   ~~~~~~~~~~~~~~~~~~~~~~~~~~~~~^~~~~~~~~~~~~~~~~~~~
<unknown>:0: note: '__add__' declared here
Imported from /Users/andrewhendel/CascadeProjects/mojolearn/bindings/_mojolearn_gbdt.mojo:59:
Imported from ./gbdt/estimator.mojo:67:
Imported from ./gbdt/methods/doc_parallel_boosting.mojo:108:
./gbdt/methods/greedy_subsets_searcher/kernel/hist_one_byte.mojo:961:25: warning: '__add__' is deprecated, use 'unsafe_offset' instead
    var stats_p = stats + Int(block_idx.z) * stat_line_size
                  ~~~~~~^~~~~~~~~~~~~~~~~~~~~~~~~~~~~~~~~~~
<unknown>:0: note: '__add__' declared here
Imported from /Users/andrewhendel/CascadeProjects/mojolearn/bindings/_mojolearn_gbdt.mojo:59:
Imported from ./gbdt/estimator.mojo:67:
Imported from ./gbdt/methods/doc_parallel_boosting.mojo:108:
./gbdt/methods/greedy_subsets_searcher/kernel/hist_one_byte.mojo:974:13: warning: positional `__getitem__` is deprecated, use `unsafe_offset=` instead
        smem[z] = Scalar[DT](0)
        ~~~~^~~
<unknown>:0: note: '__getitem__' declared here
Imported from /Users/andrewhendel/CascadeProjects/mojolearn/bindings/_mojolearn_gbdt.mojo:59:
Imported from ./gbdt/estimator.mojo:67:
Imported from ./gbdt/methods/doc_parallel_boosting.mojo:108:
./gbdt/methods/greedy_subsets_searcher/kernel/hist_one_byte.mojo:1007:40: warning: '__add__' is deprecated, use 'unsafe_offset' instead
            var hrow = Int(ldg(indices + (p_offset + pe)))
                               ~~~~~~~~^~~~~~~~~~~~~~~~~
<unknown>:0: note: '__add__' declared here
Imported from /Users/andrewhendel/CascadeProjects/mojolearn/bindings/_mojolearn_gbdt.mojo:59:
Imported from ./gbdt/estimator.mojo:67:
Imported from ./gbdt/methods/doc_parallel_boosting.mojo:108:
./gbdt/methods/greedy_subsets_searcher/kernel/hist_one_byte.mojo:1008:31: warning: '__add__' is deprecated, use 'unsafe_offset' instead
            hb = ldg(cindex_p + hrow)
                     ~~~~~~~~~^~~~~~
<unknown>:0: note: '__add__' declared here
Imported from /Users/andrewhendel/CascadeProjects/mojolearn/bindings/_mojolearn_gbdt.mojo:59:
Imported from ./gbdt/estimator.mojo:67:
Imported from ./gbdt/methods/doc_parallel_boosting.mojo:108:
./gbdt/methods/greedy_subsets_searcher/kernel/hist_one_byte.mojo:1010:13: warning: '@parameter if' is deprecated; use 'comptime if'
            @parameter
            ^~~~~~~~~~
            comptime 
Imported from /Users/andrewhendel/CascadeProjects/mojolearn/bindings/_mojolearn_gbdt.mojo:59:
Imported from ./gbdt/estimator.mojo:67:
Imported from ./gbdt/methods/doc_parallel_boosting.mojo:108:
./gbdt/methods/greedy_subsets_searcher/kernel/hist_one_byte.mojo:1016:34: warning: '__add__' is deprecated, use 'unsafe_offset' instead
                hs = ldg(stats_p + hrow)
                         ~~~~~~~~^~~~~~
<unknown>:0: note: '__add__' declared here
Imported from /Users/andrewhendel/CascadeProjects/mojolearn/bindings/_mojolearn_gbdt.mojo:59:
Imported from ./gbdt/estimator.mojo:67:
Imported from ./gbdt/methods/doc_parallel_boosting.mojo:108:
./gbdt/methods/greedy_subsets_searcher/kernel/hist_one_byte.mojo:1018:34: warning: '__add__' is deprecated, use 'unsafe_offset' instead
                hs = ldg(stats_p + (p_offset + pe))
                         ~~~~~~~~^~~~~~~~~~~~~~~~~
<unknown>:0: note: '__add__' declared here
Imported from /Users/andrewhendel/CascadeProjects/mojolearn/bindings/_mojolearn_gbdt.mojo:59:
Imported from ./gbdt/estimator.mojo:67:
Imported from ./gbdt/methods/doc_parallel_boosting.mojo:108:
./gbdt/methods/greedy_subsets_searcher/kernel/hist_one_byte.mojo:1020:13: warning: '@parameter if' is deprecated; use 'comptime if'
            @parameter
            ^~~~~~~~~~
            comptime 
Imported from /Users/andrewhendel/CascadeProjects/mojolearn/bindings/_mojolearn_gbdt.mojo:59:
Imported from ./gbdt/estimator.mojo:67:
Imported from ./gbdt/methods/doc_parallel_boosting.mojo:108:
./gbdt/methods/greedy_subsets_searcher/kernel/hist_one_byte.mojo:1034:40: warning: '__add__' is deprecated, use 'unsafe_offset' instead
            var trow = Int(ldg(indices + (tail_start + pe)))
                               ~~~~~~~~^~~~~~~~~~~~~~~~~~~
<unknown>:0: note: '__add__' declared here
Imported from /Users/andrewhendel/CascadeProjects/mojolearn/bindings/_mojolearn_gbdt.mojo:59:
Imported from ./gbdt/estimator.mojo:67:
Imported from ./gbdt/methods/doc_parallel_boosting.mojo:108:
./gbdt/methods/greedy_subsets_searcher/kernel/hist_one_byte.mojo:1035:31: warning: '__add__' is deprecated, use 'unsafe_offset' instead
            tb = ldg(cindex_p + trow)
                     ~~~~~~~~~^~~~~~
<unknown>:0: note: '__add__' declared here
Imported from /Users/andrewhendel/CascadeProjects/mojolearn/bindings/_mojolearn_gbdt.mojo:59:
Imported from ./gbdt/estimator.mojo:67:
Imported from ./gbdt/methods/doc_parallel_boosting.mojo:108:
./gbdt/methods/greedy_subsets_searcher/kernel/hist_one_byte.mojo:1037:13: warning: '@parameter if' is deprecated; use 'comptime if'
            @parameter
            ^~~~~~~~~~
            comptime 
Imported from /Users/andrewhendel/CascadeProjects/mojolearn/bindings/_mojolearn_gbdt.mojo:59:
Imported from ./gbdt/estimator.mojo:67:
Imported from ./gbdt/methods/doc_parallel_boosting.mojo:108:
./gbdt/methods/greedy_subsets_searcher/kernel/hist_one_byte.mojo:1040:34: warning: '__add__' is deprecated, use 'unsafe_offset' instead
                ts = ldg(stats_p + trow)
                         ~~~~~~~~^~~~~~
<unknown>:0: note: '__add__' declared here
Imported from /Users/andrewhendel/CascadeProjects/mojolearn/bindings/_mojolearn_gbdt.mojo:59:
Imported from ./gbdt/estimator.mojo:67:
Imported from ./gbdt/methods/doc_parallel_boosting.mojo:108:
./gbdt/methods/greedy_subsets_searcher/kernel/hist_one_byte.mojo:1042:34: warning: '__add__' is deprecated, use 'unsafe_offset' instead
                ts = ldg(stats_p + (tail_start + pe))
                         ~~~~~~~~^~~~~~~~~~~~~~~~~~~
<unknown>:0: note: '__add__' declared here
Imported from /Users/andrewhendel/CascadeProjects/mojolearn/bindings/_mojolearn_gbdt.mojo:59:
Imported from ./gbdt/estimator.mojo:67:
Imported from ./gbdt/methods/doc_parallel_boosting.mojo:108:
./gbdt/methods/greedy_subsets_searcher/kernel/hist_one_byte.mojo:1044:13: warning: '@parameter if' is deprecated; use 'comptime if'
            @parameter
            ^~~~~~~~~~
            comptime 
Imported from /Users/andrewhendel/CascadeProjects/mojolearn/bindings/_mojolearn_gbdt.mojo:59:
Imported from ./gbdt/estimator.mojo:67:
Imported from ./gbdt/methods/doc_parallel_boosting.mojo:108:
./gbdt/methods/greedy_subsets_searcher/kernel/hist_one_byte.mojo:1071:5: warning: '@parameter if' is deprecated; use 'comptime if'
    @parameter
    ^~~~~~~~~~
    comptime 
Imported from /Users/andrewhendel/CascadeProjects/mojolearn/bindings/_mojolearn_gbdt.mojo:59:
Imported from ./gbdt/estimator.mojo:67:
Imported from ./gbdt/methods/doc_parallel_boosting.mojo:108:
./gbdt/methods/greedy_subsets_searcher/kernel/hist_one_byte.mojo:1097:23: warning: '__add__' is deprecated, use 'unsafe_offset' instead
    var i_ptr = idx_p + base
                ~~~~~~^~~~~~
<unknown>:0: note: '__add__' declared here
Imported from /Users/andrewhendel/CascadeProjects/mojolearn/bindings/_mojolearn_gbdt.mojo:59:
Imported from ./gbdt/estimator.mojo:67:
Imported from ./gbdt/methods/doc_parallel_boosting.mojo:108:
./gbdt/methods/greedy_subsets_searcher/kernel/hist_one_byte.mojo:1098:25: warning: '__add__' is deprecated, use 'unsafe_offset' instead
    var s_ptr = stats_p + base
                ~~~~~~~~^~~~~~
<unknown>:0: note: '__add__' declared here
Imported from /Users/andrewhendel/CascadeProjects/mojolearn/bindings/_mojolearn_gbdt.mojo:59:
Imported from ./gbdt/estimator.mojo:67:
Imported from ./gbdt/methods/doc_parallel_boosting.mojo:108:
./gbdt/methods/greedy_subsets_searcher/kernel/hist_one_byte.mojo:1122:9: warning: '@parameter for' is deprecated; use 'comptime for'
        @parameter
        ^~~~~~~~~~
        comptime 
Imported from /Users/andrewhendel/CascadeProjects/mojolearn/bindings/_mojolearn_gbdt.mojo:59:
Imported from ./gbdt/estimator.mojo:67:
Imported from ./gbdt/methods/doc_parallel_boosting.mojo:108:
./gbdt/methods/greedy_subsets_searcher/kernel/hist_one_byte.mojo:1135:27: warning: '__add__' is deprecated, use 'unsafe_offset' instead
                    i_ptr + LANE_WIDTH * LOAD_SIZE * k
                    ~~~~~~^~~~~~~~~~~~~~~~~~~~~~~~~~~~
<unknown>:0: note: '__add__' declared here
Imported from /Users/andrewhendel/CascadeProjects/mojolearn/bindings/_mojolearn_gbdt.mojo:59:
Imported from ./gbdt/estimator.mojo:67:
Imported from ./gbdt/methods/doc_parallel_boosting.mojo:108:
./gbdt/methods/greedy_subsets_searcher/kernel/hist_one_byte.mojo:1139:17: warning: '@parameter if' is deprecated; use 'comptime if'
                @parameter
                ^~~~~~~~~~
                comptime 
Imported from /Users/andrewhendel/CascadeProjects/mojolearn/bindings/_mojolearn_gbdt.mojo:59:
Imported from ./gbdt/estimator.mojo:67:
Imported from ./gbdt/methods/doc_parallel_boosting.mojo:108:
./gbdt/methods/greedy_subsets_searcher/kernel/hist_one_byte.mojo:1142:31: warning: '__add__' is deprecated, use 'unsafe_offset' instead
                        s_ptr + LANE_WIDTH * LOAD_SIZE * k
                        ~~~~~~^~~~~~~~~~~~~~~~~~~~~~~~~~~~
<unknown>:0: note: '__add__' declared here
Imported from /Users/andrewhendel/CascadeProjects/mojolearn/bindings/_mojolearn_gbdt.mojo:59:
Imported from ./gbdt/estimator.mojo:67:
Imported from ./gbdt/methods/doc_parallel_boosting.mojo:108:
./gbdt/methods/greedy_subsets_searcher/kernel/hist_one_byte.mojo:1145:17: warning: '@parameter for' is deprecated; use 'comptime for'
                @parameter
                ^~~~~~~~~~
                comptime 
Imported from /Users/andrewhendel/CascadeProjects/mojolearn/bindings/_mojolearn_gbdt.mojo:59:
Imported from ./gbdt/estimator.mojo:67:
Imported from ./gbdt/methods/doc_parallel_boosting.mojo:108:
./gbdt/methods/greedy_subsets_searcher/kernel/hist_one_byte.mojo:1155:34: warning: '__add__' is deprecated, use 'unsafe_offset' instead
                        cindex_p + Int(vi[e])
                        ~~~~~~~~~^~~~~~~~~~~~
<unknown>:0: note: '__add__' declared here
Imported from /Users/andrewhendel/CascadeProjects/mojolearn/bindings/_mojolearn_gbdt.mojo:59:
Imported from ./gbdt/estimator.mojo:67:
Imported from ./gbdt/methods/doc_parallel_boosting.mojo:108:
./gbdt/methods/greedy_subsets_searcher/kernel/hist_one_byte.mojo:1158:21: warning: '@parameter if' is deprecated; use 'comptime if'
                    @parameter
                    ^~~~~~~~~~
                    comptime 
Imported from /Users/andrewhendel/CascadeProjects/mojolearn/bindings/_mojolearn_gbdt.mojo:59:
Imported from ./gbdt/estimator.mojo:67:
Imported from ./gbdt/methods/doc_parallel_boosting.mojo:108:
./gbdt/methods/greedy_subsets_searcher/kernel/hist_one_byte.mojo:1165:45: warning: '__add__' is deprecated, use 'unsafe_offset' instead
                        vs[e] = ldg(stats_p + Int(vi[e]))
                                    ~~~~~~~~^~~~~~~~~~~~
<unknown>:0: note: '__add__' declared here
Imported from /Users/andrewhendel/CascadeProjects/mojolearn/bindings/_mojolearn_gbdt.mojo:59:
Imported from ./gbdt/estimator.mojo:67:
Imported from ./gbdt/methods/doc_parallel_boosting.mojo:108:
./gbdt/methods/greedy_subsets_searcher/kernel/hist_one_byte.mojo:1168:21: warning: '@parameter if' is deprecated; use 'comptime if'
                    @parameter
                    ^~~~~~~~~~
                    comptime 
Imported from /Users/andrewhendel/CascadeProjects/mojolearn/bindings/_mojolearn_gbdt.mojo:59:
Imported from ./gbdt/estimator.mojo:67:
Imported from ./gbdt/methods/doc_parallel_boosting.mojo:108:
./gbdt/methods/greedy_subsets_searcher/kernel/hist_one_byte.mojo:1177:17: warning: '@parameter for' is deprecated; use 'comptime for'
                @parameter
                ^~~~~~~~~~
                comptime 
Imported from /Users/andrewhendel/CascadeProjects/mojolearn/bindings/_mojolearn_gbdt.mojo:59:
Imported from ./gbdt/estimator.mojo:67:
Imported from ./gbdt/methods/doc_parallel_boosting.mojo:108:
./gbdt/methods/greedy_subsets_searcher/kernel/hist_one_byte.mojo:1184:9: warning: '@parameter for' is deprecated; use 'comptime for'
        @parameter
        ^~~~~~~~~~
        comptime 
Imported from /Users/andrewhendel/CascadeProjects/mojolearn/bindings/_mojolearn_gbdt.mojo:59:
Imported from ./gbdt/estimator.mojo:67:
Imported from ./gbdt/methods/doc_parallel_boosting.mojo:108:
./gbdt/methods/greedy_subsets_searcher/kernel/hist_one_byte.mojo:1191:15: warning: '__iadd__' is deprecated, use 'unsafe_offset' instead
        i_ptr += stripe_size
        ~~~~~~^~~~~~~~~~~~~~
<unknown>:0: note: '__iadd__' declared here
Imported from /Users/andrewhendel/CascadeProjects/mojolearn/bindings/_mojolearn_gbdt.mojo:59:
Imported from ./gbdt/estimator.mojo:67:
Imported from ./gbdt/methods/doc_parallel_boosting.mojo:108:
./gbdt/methods/greedy_subsets_searcher/kernel/hist_one_byte.mojo:1192:15: warning: '__iadd__' is deprecated, use 'unsafe_offset' instead
        s_ptr += stripe_size
        ~~~~~~^~~~~~~~~~~~~~
<unknown>:0: note: '__iadd__' declared here
Imported from /Users/andrewhendel/CascadeProjects/mojolearn/bindings/_mojolearn_gbdt.mojo:59:
Imported from ./gbdt/estimator.mojo:67:
Imported from ./gbdt/methods/doc_parallel_boosting.mojo:108:
./gbdt/methods/greedy_subsets_searcher/kernel/hist_one_byte.mojo:1218:24: warning: positional `__getitem__` is deprecated, use `unsafe_offset=` instead
            acc += smem[j]
                   ~~~~^~~
<unknown>:0: note: '__getitem__' declared here
Imported from /Users/andrewhendel/CascadeProjects/mojolearn/bindings/_mojolearn_gbdt.mojo:59:
Imported from ./gbdt/estimator.mojo:67:
Imported from ./gbdt/methods/doc_parallel_boosting.mojo:108:
./gbdt/methods/greedy_subsets_searcher/kernel/hist_one_byte.mojo:1220:13: warning: positional `__getitem__` is deprecated, use `unsafe_offset=` instead
        smem[WARP_HIST_SIZE + start] = acc
        ~~~~^~~~~~~~~~~~~~~~~~~~~~~~
<unknown>:0: note: '__getitem__' declared here
Imported from /Users/andrewhendel/CascadeProjects/mojolearn/bindings/_mojolearn_gbdt.mojo:59:
Imported from ./gbdt/estimator.mojo:67:
Imported from ./gbdt/methods/doc_parallel_boosting.mojo:108:
./gbdt/methods/greedy_subsets_searcher/kernel/hist_one_byte.mojo:1237:9: warning: '@parameter for' is deprecated; use 'comptime for'
        @parameter
        ^~~~~~~~~~
        comptime 
Imported from /Users/andrewhendel/CascadeProjects/mojolearn/bindings/_mojolearn_gbdt.mojo:59:
Imported from ./gbdt/estimator.mojo:67:
Imported from ./gbdt/methods/doc_parallel_boosting.mojo:108:
./gbdt/methods/greedy_subsets_searcher/kernel/hist_one_byte.mojo:1240:13: warning: '@parameter for' is deprecated; use 'comptime for'
            @parameter
            ^~~~~~~~~~
            comptime 
Imported from /Users/andrewhendel/CascadeProjects/mojolearn/bindings/_mojolearn_gbdt.mojo:59:
Imported from ./gbdt/estimator.mojo:67:
Imported from ./gbdt/methods/doc_parallel_boosting.mojo:108:
./gbdt/methods/greedy_subsets_searcher/kernel/hist_one_byte.mojo:1242:32: warning: positional `__getitem__` is deprecated, use `unsafe_offset=` instead
                sums[i] += smem[src + i + blk * sub_block]
                           ~~~~^~~~~~~~~~~~~~~~~~~~~~~~~~~
<unknown>:0: note: '__getitem__' declared here
Imported from /Users/andrewhendel/CascadeProjects/mojolearn/bindings/_mojolearn_gbdt.mojo:59:
Imported from ./gbdt/estimator.mojo:67:
Imported from ./gbdt/methods/doc_parallel_boosting.mojo:108:
./gbdt/methods/greedy_subsets_searcher/kernel/hist_one_byte.mojo:1250:9: warning: '@parameter for' is deprecated; use 'comptime for'
        @parameter
        ^~~~~~~~~~
        comptime 
Imported from /Users/andrewhendel/CascadeProjects/mojolearn/bindings/_mojolearn_gbdt.mojo:59:
Imported from ./gbdt/estimator.mojo:67:
Imported from ./gbdt/methods/doc_parallel_boosting.mojo:108:
./gbdt/methods/greedy_subsets_searcher/kernel/hist_one_byte.mojo:1252:17: warning: positional `__getitem__` is deprecated, use `unsafe_offset=` instead
            smem[hist_size_bins * i + fold_r] = sums[i]
            ~~~~^~~~~~~~~~~~~~~~~~~~~~~~~~~~~
<unknown>:0: note: '__getitem__' declared here
Imported from /Users/andrewhendel/CascadeProjects/mojolearn/bindings/_mojolearn_gbdt.mojo:59:
Imported from ./gbdt/estimator.mojo:67:
Imported from ./gbdt/methods/doc_parallel_boosting.mojo:108:
./gbdt/methods/greedy_subsets_searcher/kernel/hist_one_byte.mojo:1272:32: warning: '__add__' is deprecated, use 'unsafe_offset' instead
            var dst = bin_sums + dst_base
                      ~~~~~~~~~^~~~~~~~~~
<unknown>:0: note: '__add__' declared here
Imported from /Users/andrewhendel/CascadeProjects/mojolearn/bindings/_mojolearn_gbdt.mojo:59:
Imported from ./gbdt/estimator.mojo:67:
Imported from ./gbdt/methods/doc_parallel_boosting.mojo:108:
./gbdt/methods/greedy_subsets_searcher/kernel/hist_one_byte.mojo:1274:28: warning: positional `__getitem__` is deprecated, use `unsafe_offset=` instead
            var cell = smem[fid * hist_size_bins + fold]
                       ~~~~^~~~~~~~~~~~~~~~~~~~~~~~~~~~~
<unknown>:0: note: '__getitem__' declared here
Imported from /Users/andrewhendel/CascadeProjects/mojolearn/bindings/_mojolearn_gbdt.mojo:59:
Imported from ./gbdt/estimator.mojo:67:
Imported from ./gbdt/methods/doc_parallel_boosting.mojo:108:
./gbdt/methods/greedy_subsets_searcher/kernel/hist_one_byte.mojo:1276:13: warning: '@parameter if' is deprecated; use 'comptime if'
            @parameter
            ^~~~~~~~~~
            comptime 
Imported from /Users/andrewhendel/CascadeProjects/mojolearn/bindings/_mojolearn_gbdt.mojo:59:
Imported from ./gbdt/estimator.mojo:67:
Imported from ./gbdt/methods/doc_parallel_boosting.mojo:108:
./gbdt/methods/greedy_subsets_searcher/kernel/hist_one_byte.mojo:1319:21: warning: '@parameter if' is deprecated; use 'comptime if'
                    @parameter
                    ^~~~~~~~~~
                    comptime 
Imported from /Users/andrewhendel/CascadeProjects/mojolearn/bindings/_mojolearn_gbdt.mojo:59:
Imported from ./gbdt/estimator.mojo:87:
Imported from ./gbdt/train.mojo:27:
./gbdt/gpu_data/kernel/binarize.mojo:124:19: warning: positional `__getitem__` is deprecated, use `unsafe_offset=` instead
    shared_borders[0] = borders.unsafe_load(0)
    ~~~~~~~~~~~~~~^~~
<unknown>:0: note: '__getitem__' declared here
Imported from /Users/andrewhendel/CascadeProjects/mojolearn/bindings/_mojolearn_gbdt.mojo:59:
Imported from ./gbdt/estimator.mojo:87:
Imported from ./gbdt/train.mojo:27:
./gbdt/gpu_data/kernel/binarize.mojo:126:43: warning: positional `__getitem__` is deprecated, use `unsafe_offset=` instead
    var borders_count = Int(shared_borders[0])
                            ~~~~~~~~~~~~~~^~~
<unknown>:0: note: '__getitem__' declared here
Imported from /Users/andrewhendel/CascadeProjects/mojolearn/bindings/_mojolearn_gbdt.mojo:59:
Imported from ./gbdt/estimator.mojo:87:
Imported from ./gbdt/train.mojo:27:
./gbdt/gpu_data/kernel/binarize.mojo:129:23: warning: positional `__getitem__` is deprecated, use `unsafe_offset=` instead
        shared_borders[tid] = borders.unsafe_load(tid + 1)
        ~~~~~~~~~~~~~~^~~~~
<unknown>:0: note: '__getitem__' declared here
Imported from /Users/andrewhendel/CascadeProjects/mojolearn/bindings/_mojolearn_gbdt.mojo:59:
Imported from ./gbdt/estimator.mojo:87:
Imported from ./gbdt/train.mojo:27:
./gbdt/gpu_data/kernel/binarize.mojo:137:5: warning: '@parameter for' is deprecated; use 'comptime for'
    @parameter
    ^~~~~~~~~~
    comptime 
Imported from /Users/andrewhendel/CascadeProjects/mojolearn/bindings/_mojolearn_gbdt.mojo:59:
Imported from ./gbdt/estimator.mojo:87:
Imported from ./gbdt/train.mojo:27:
./gbdt/gpu_data/kernel/binarize.mojo:144:42: warning: positional `__getitem__` is deprecated, use `unsafe_offset=` instead
        var border_value = shared_borders[border]
                           ~~~~~~~~~~~~~~^~~~~~~~
<unknown>:0: note: '__getitem__' declared here
Imported from /Users/andrewhendel/CascadeProjects/mojolearn/bindings/_mojolearn_gbdt.mojo:59:
Imported from ./gbdt/estimator.mojo:87:
Imported from ./gbdt/train.mojo:27:
./gbdt/gpu_data/kernel/binarize.mojo:146:9: warning: '@parameter for' is deprecated; use 'comptime for'
        @parameter
        ^~~~~~~~~~
        comptime 
Imported from /Users/andrewhendel/CascadeProjects/mojolearn/bindings/_mojolearn_gbdt.mojo:59:
Imported from ./gbdt/estimator.mojo:87:
Imported from ./gbdt/train.mojo:27:
./gbdt/gpu_data/kernel/binarize.mojo:151:5: warning: '@parameter for' is deprecated; use 'comptime for'
    @parameter
    ^~~~~~~~~~
    comptime 
Imported from /Users/andrewhendel/CascadeProjects/mojolearn/bindings/_mojolearn_gbdt.mojo:59:
Imported from ./gbdt/estimator.mojo:67:
Imported from ./gbdt/methods/doc_parallel_boosting.mojo:48:
Imported from ./gbdt/methods/greedy_subsets_searcher/greedy_search_helper.mojo:52:
./gbdt/methods/greedy_subsets_searcher/kernel/histogram_utils.mojo:508:21: warning: '__add__' is deprecated, use 'unsafe_offset' instead
        (histograms + dst).store[width=4](
         ~~~~~~~~~~~^~~~~
<unknown>:0: note: '__add__' declared here
Imported from /Users/andrewhendel/CascadeProjects/mojolearn/bindings/_mojolearn_gbdt.mojo:59:
Imported from ./gbdt/estimator.mojo:67:
Imported from ./gbdt/methods/doc_parallel_boosting.mojo:48:
Imported from ./gbdt/methods/greedy_subsets_searcher/greedy_search_helper.mojo:52:
./gbdt/methods/greedy_subsets_searcher/kernel/histogram_utils.mojo:509:30: warning: '__add__' is deprecated, use 'unsafe_offset' instead
            off, (histograms + src).load[width=4](off)
                  ~~~~~~~~~~~^~~~~
<unknown>:0: note: '__add__' declared here
Imported from /Users/andrewhendel/CascadeProjects/mojolearn/bindings/_mojolearn_gbdt.mojo:59:
Imported from ./gbdt/estimator.mojo:67:
Imported from ./gbdt/methods/doc_parallel_boosting.mojo:48:
Imported from ./gbdt/methods/greedy_subsets_searcher/greedy_search_helper.mojo:52:
./gbdt/methods/greedy_subsets_searcher/kernel/histogram_utils.mojo:509:36: warning: 'load' is deprecated, use 'unsafe_load' instead
            off, (histograms + src).load[width=4](off)
                 ~~~~~~~~~~~~~~~~~~^~~~~
                                    unsafe_load
<unknown>:0: note: 'load' declared here
Imported from /Users/andrewhendel/CascadeProjects/mojolearn/bindings/_mojolearn_gbdt.mojo:59:
Imported from ./gbdt/estimator.mojo:67:
Imported from ./gbdt/methods/doc_parallel_boosting.mojo:48:
Imported from ./gbdt/methods/greedy_subsets_searcher/greedy_search_helper.mojo:52:
./gbdt/methods/greedy_subsets_searcher/kernel/histogram_utils.mojo:508:27: warning: 'store' is deprecated, use 'unsafe_store' instead
        (histograms + dst).store[width=4](
        ~~~~~~~~~~~~~~~~~~^~~~~~
                           unsafe_store
<unknown>:0: note: 'store' declared here
Imported from /Users/andrewhendel/CascadeProjects/mojolearn/bindings/_mojolearn_gbdt.mojo:59:
Imported from ./gbdt/estimator.mojo:67:
Imported from ./gbdt/methods/doc_parallel_boosting.mojo:48:
Imported from ./gbdt/methods/greedy_subsets_searcher/greedy_search_helper.mojo:52:
./gbdt/methods/greedy_subsets_searcher/kernel/histogram_utils.mojo:553:28: warning: '__add__' is deprecated, use 'unsafe_offset' instead
        var a = (histogram + from_offset).load[width=4](off)
                 ~~~~~~~~~~^~~~~~~~~~~~~
<unknown>:0: note: '__add__' declared here
Imported from /Users/andrewhendel/CascadeProjects/mojolearn/bindings/_mojolearn_gbdt.mojo:59:
Imported from ./gbdt/estimator.mojo:67:
Imported from ./gbdt/methods/doc_parallel_boosting.mojo:48:
Imported from ./gbdt/methods/greedy_subsets_searcher/greedy_search_helper.mojo:52:
./gbdt/methods/greedy_subsets_searcher/kernel/histogram_utils.mojo:553:42: warning: 'load' is deprecated, use 'unsafe_load' instead
        var a = (histogram + from_offset).load[width=4](off)
                ~~~~~~~~~~~~~~~~~~~~~~~~~^~~~~
                                          unsafe_load
<unknown>:0: note: 'load' declared here
Imported from /Users/andrewhendel/CascadeProjects/mojolearn/bindings/_mojolearn_gbdt.mojo:59:
Imported from ./gbdt/estimator.mojo:67:
Imported from ./gbdt/methods/doc_parallel_boosting.mojo:48:
Imported from ./gbdt/methods/greedy_subsets_searcher/greedy_search_helper.mojo:52:
./gbdt/methods/greedy_subsets_searcher/kernel/histogram_utils.mojo:554:28: warning: '__add__' is deprecated, use 'unsafe_offset' instead
        var b = (histogram + what_offset).load[width=4](off)
                 ~~~~~~~~~~^~~~~~~~~~~~~
<unknown>:0: note: '__add__' declared here
Imported from /Users/andrewhendel/CascadeProjects/mojolearn/bindings/_mojolearn_gbdt.mojo:59:
Imported from ./gbdt/estimator.mojo:67:
Imported from ./gbdt/methods/doc_parallel_boosting.mojo:48:
Imported from ./gbdt/methods/greedy_subsets_searcher/greedy_search_helper.mojo:52:
./gbdt/methods/greedy_subsets_searcher/kernel/histogram_utils.mojo:554:42: warning: 'load' is deprecated, use 'unsafe_load' instead
        var b = (histogram + what_offset).load[width=4](off)
                ~~~~~~~~~~~~~~~~~~~~~~~~~^~~~~
                                          unsafe_load
<unknown>:0: note: 'load' declared here
Imported from /Users/andrewhendel/CascadeProjects/mojolearn/bindings/_mojolearn_gbdt.mojo:59:
Imported from ./gbdt/estimator.mojo:67:
Imported from ./gbdt/methods/doc_parallel_boosting.mojo:48:
Imported from ./gbdt/methods/greedy_subsets_searcher/greedy_search_helper.mojo:52:
./gbdt/methods/greedy_subsets_searcher/kernel/histogram_utils.mojo:563:20: warning: '__add__' is deprecated, use 'unsafe_offset' instead
        (histogram + from_offset).store[width=4](off, v)
         ~~~~~~~~~~^~~~~~~~~~~~~
<unknown>:0: note: '__add__' declared here
Imported from /Users/andrewhendel/CascadeProjects/mojolearn/bindings/_mojolearn_gbdt.mojo:59:
Imported from ./gbdt/estimator.mojo:67:
Imported from ./gbdt/methods/doc_parallel_boosting.mojo:48:
Imported from ./gbdt/methods/greedy_subsets_searcher/greedy_search_helper.mojo:52:
./gbdt/methods/greedy_subsets_searcher/kernel/histogram_utils.mojo:563:34: warning: 'store' is deprecated, use 'unsafe_store' instead
        (histogram + from_offset).store[width=4](off, v)
        ~~~~~~~~~~~~~~~~~~~~~~~~~^~~~~~
                                  unsafe_store
<unknown>:0: note: 'store' declared here
Imported from /Users/andrewhendel/CascadeProjects/mojolearn/bindings/_mojolearn_gbdt.mojo:59:
Imported from ./gbdt/estimator.mojo:67:
Imported from ./gbdt/methods/doc_parallel_boosting.mojo:48:
Imported from ./gbdt/methods/greedy_subsets_searcher/greedy_search_helper.mojo:52:
./gbdt/methods/greedy_subsets_searcher/kernel/histogram_utils.mojo:746:13: warning: '@parameter if' is deprecated; use 'comptime if'
            @parameter
            ^~~~~~~~~~
            comptime 
Imported from /Users/andrewhendel/CascadeProjects/mojolearn/bindings/_mojolearn_gbdt.mojo:59:
Imported from ./gbdt/estimator.mojo:67:
Imported from ./gbdt/methods/doc_parallel_boosting.mojo:48:
Imported from ./gbdt/methods/greedy_subsets_searcher/greedy_search_helper.mojo:78:
./gbdt/methods/greedy_subsets_searcher/kernel/compute_scores.mojo:135:44: warning: '__add__' is deprecated, use 'unsafe_offset' instead
            var leaf_id = Int(ldg(part_ids + i))
                                  ~~~~~~~~~^~~
<unknown>:0: note: '__add__' declared here
Imported from /Users/andrewhendel/CascadeProjects/mojolearn/bindings/_mojolearn_gbdt.mojo:59:
Imported from ./gbdt/estimator.mojo:67:
Imported from ./gbdt/methods/doc_parallel_boosting.mojo:48:
Imported from ./gbdt/methods/greedy_subsets_searcher/greedy_search_helper.mojo:78:
./gbdt/methods/greedy_subsets_searcher/kernel/compute_scores.mojo:139:32: warning: '__add__' is deprecated, use 'unsafe_offset' instead
                ldg(histograms + (leaf_base + bin_feature_id)),
                    ~~~~~~~~~~~^~~~~~~~~~~~~~~~~~~~~~~~~~~~~~
<unknown>:0: note: '__add__' declared here
Imported from /Users/andrewhendel/CascadeProjects/mojolearn/bindings/_mojolearn_gbdt.mojo:59:
Imported from ./gbdt/estimator.mojo:67:
Imported from ./gbdt/methods/doc_parallel_boosting.mojo:48:
Imported from ./gbdt/methods/greedy_subsets_searcher/greedy_search_helper.mojo:78:
./gbdt/methods/greedy_subsets_searcher/kernel/compute_scores.mojo:144:36: warning: '__add__' is deprecated, use 'unsafe_offset' instead
                    ldg(part_stats + leaf_id * stat_count) - weight_left,
                        ~~~~~~~~~~~^~~~~~~~~~~~~~~~~~~~~~
<unknown>:0: note: '__add__' declared here
Imported from /Users/andrewhendel/CascadeProjects/mojolearn/bindings/_mojolearn_gbdt.mojo:59:
Imported from ./gbdt/estimator.mojo:67:
Imported from ./gbdt/methods/doc_parallel_boosting.mojo:48:
Imported from ./gbdt/methods/greedy_subsets_searcher/greedy_search_helper.mojo:78:
./gbdt/methods/greedy_subsets_searcher/kernel/compute_scores.mojo:158:47: warning: '__add__' is deprecated, use 'unsafe_offset' instead
                var sum_left = ldg(histograms + stat_slot)
                                   ~~~~~~~~~~~^~~~~~~~~~~
<unknown>:0: note: '__add__' declared here
Imported from /Users/andrewhendel/CascadeProjects/mojolearn/bindings/_mojolearn_gbdt.mojo:59:
Imported from ./gbdt/estimator.mojo:67:
Imported from ./gbdt/methods/doc_parallel_boosting.mojo:48:
Imported from ./gbdt/methods/greedy_subsets_searcher/greedy_search_helper.mojo:78:
./gbdt/methods/greedy_subsets_searcher/kernel/compute_scores.mojo:160:32: warning: '__add__' is deprecated, use 'unsafe_offset' instead
                    part_stats + (leaf_id * stat_count + stat_id)
                    ~~~~~~~~~~~^~~~~~~~~~~~~~~~~~~~~~~~~~~~~~~~~~
<unknown>:0: note: '__add__' declared here
Imported from /Users/andrewhendel/CascadeProjects/mojolearn/bindings/_mojolearn_gbdt.mojo:59:
Imported from ./gbdt/estimator.mojo:67:
Imported from ./gbdt/methods/doc_parallel_boosting.mojo:48:
Imported from ./gbdt/methods/greedy_subsets_searcher/greedy_search_helper.mojo:78:
./gbdt/methods/greedy_subsets_searcher/kernel/compute_scores.mojo:213:35: warning: '__add__' is deprecated, use 'unsafe_offset' instead
            * ldg(feature_weights + feature_id)
                  ~~~~~~~~~~~~~~~~^~~~~~~~~~~~
<unknown>:0: note: '__add__' declared here
Imported from /Users/andrewhendel/CascadeProjects/mojolearn/bindings/_mojolearn_gbdt.mojo:59:
Imported from ./gbdt/estimator.mojo:67:
Imported from ./gbdt/methods/doc_parallel_boosting.mojo:48:
Imported from ./gbdt/methods/greedy_subsets_searcher/greedy_search_helper.mojo:78:
./gbdt/methods/greedy_subsets_searcher/kernel/compute_scores.mojo:232:12: warning: positional `__getitem__` is deprecated, use `unsafe_offset=` instead
    s_score[tid] = best_gain
    ~~~~~~~^~~~~
<unknown>:0: note: '__getitem__' declared here
Imported from /Users/andrewhendel/CascadeProjects/mojolearn/bindings/_mojolearn_gbdt.mojo:59:
Imported from ./gbdt/estimator.mojo:67:
Imported from ./gbdt/methods/doc_parallel_boosting.mojo:48:
Imported from ./gbdt/methods/greedy_subsets_searcher/greedy_search_helper.mojo:78:
./gbdt/methods/greedy_subsets_searcher/kernel/compute_scores.mojo:233:10: warning: positional `__getitem__` is deprecated, use `unsafe_offset=` instead
    s_bin[tid] = best_bin
    ~~~~~^~~~~
<unknown>:0: note: '__getitem__' declared here
Imported from /Users/andrewhendel/CascadeProjects/mojolearn/bindings/_mojolearn_gbdt.mojo:59:
Imported from ./gbdt/estimator.mojo:67:
Imported from ./gbdt/methods/doc_parallel_boosting.mojo:48:
Imported from ./gbdt/methods/greedy_subsets_searcher/greedy_search_helper.mojo:78:
./gbdt/methods/greedy_subsets_searcher/kernel/compute_scores.mojo:239:31: warning: positional `__getitem__` is deprecated, use `unsafe_offset=` instead
            var take = s_score[tid + stride] > s_score[tid]
                       ~~~~~~~^~~~~~~~~~~~~~
<unknown>:0: note: '__getitem__' declared here
Imported from /Users/andrewhendel/CascadeProjects/mojolearn/bindings/_mojolearn_gbdt.mojo:59:
Imported from ./gbdt/estimator.mojo:67:
Imported from ./gbdt/methods/doc_parallel_boosting.mojo:48:
Imported from ./gbdt/methods/greedy_subsets_searcher/greedy_search_helper.mojo:78:
./gbdt/methods/greedy_subsets_searcher/kernel/compute_scores.mojo:239:55: warning: positional `__getitem__` is deprecated, use `unsafe_offset=` instead
            var take = s_score[tid + stride] > s_score[tid]
                                               ~~~~~~~^~~~~
<unknown>:0: note: '__getitem__' declared here
Imported from /Users/andrewhendel/CascadeProjects/mojolearn/bindings/_mojolearn_gbdt.mojo:59:
Imported from ./gbdt/estimator.mojo:67:
Imported from ./gbdt/methods/doc_parallel_boosting.mojo:48:
Imported from ./gbdt/methods/greedy_subsets_searcher/greedy_search_helper.mojo:78:
./gbdt/methods/greedy_subsets_searcher/kernel/compute_scores.mojo:240:23: warning: positional `__getitem__` is deprecated, use `unsafe_offset=` instead
            if s_score[tid + stride] == s_score[tid]:
               ~~~~~~~^~~~~~~~~~~~~~
<unknown>:0: note: '__getitem__' declared here
Imported from /Users/andrewhendel/CascadeProjects/mojolearn/bindings/_mojolearn_gbdt.mojo:59:
Imported from ./gbdt/estimator.mojo:67:
Imported from ./gbdt/methods/doc_parallel_boosting.mojo:48:
Imported from ./gbdt/methods/greedy_subsets_searcher/greedy_search_helper.mojo:78:
./gbdt/methods/greedy_subsets_searcher/kernel/compute_scores.mojo:240:48: warning: positional `__getitem__` is deprecated, use `unsafe_offset=` instead
            if s_score[tid + stride] == s_score[tid]:
                                        ~~~~~~~^~~~~
<unknown>:0: note: '__getitem__' declared here
Imported from /Users/andrewhendel/CascadeProjects/mojolearn/bindings/_mojolearn_gbdt.mojo:59:
Imported from ./gbdt/estimator.mojo:67:
Imported from ./gbdt/methods/doc_parallel_boosting.mojo:48:
Imported from ./gbdt/methods/greedy_subsets_searcher/greedy_search_helper.mojo:78:
./gbdt/methods/greedy_subsets_searcher/kernel/compute_scores.mojo:241:25: warning: positional `__getitem__` is deprecated, use `unsafe_offset=` instead
                if s_bin[tid + stride] < s_bin[tid]:
                   ~~~~~^~~~~~~~~~~~~~
<unknown>:0: note: '__getitem__' declared here
Imported from /Users/andrewhendel/CascadeProjects/mojolearn/bindings/_mojolearn_gbdt.mojo:59:
Imported from ./gbdt/estimator.mojo:67:
Imported from ./gbdt/methods/doc_parallel_boosting.mojo:48:
Imported from ./gbdt/methods/greedy_subsets_searcher/greedy_search_helper.mojo:78:
./gbdt/methods/greedy_subsets_searcher/kernel/compute_scores.mojo:241:47: warning: positional `__getitem__` is deprecated, use `unsafe_offset=` instead
                if s_bin[tid + stride] < s_bin[tid]:
                                         ~~~~~^~~~~
<unknown>:0: note: '__getitem__' declared here
Imported from /Users/andrewhendel/CascadeProjects/mojolearn/bindings/_mojolearn_gbdt.mojo:59:
Imported from ./gbdt/estimator.mojo:67:
Imported from ./gbdt/methods/doc_parallel_boosting.mojo:48:
Imported from ./gbdt/methods/greedy_subsets_searcher/greedy_search_helper.mojo:78:
./gbdt/methods/greedy_subsets_searcher/kernel/compute_scores.mojo:244:24: warning: positional `__getitem__` is deprecated, use `unsafe_offset=` instead
                s_score[tid] = s_score[tid + stride]
                ~~~~~~~^~~~~
<unknown>:0: note: '__getitem__' declared here
Imported from /Users/andrewhendel/CascadeProjects/mojolearn/bindings/_mojolearn_gbdt.mojo:59:
Imported from ./gbdt/estimator.mojo:67:
Imported from ./gbdt/methods/doc_parallel_boosting.mojo:48:
Imported from ./gbdt/methods/greedy_subsets_searcher/greedy_search_helper.mojo:78:
./gbdt/methods/greedy_subsets_searcher/kernel/compute_scores.mojo:244:39: warning: positional `__getitem__` is deprecated, use `unsafe_offset=` instead
                s_score[tid] = s_score[tid + stride]
                               ~~~~~~~^~~~~~~~~~~~~~
<unknown>:0: note: '__getitem__' declared here
Imported from /Users/andrewhendel/CascadeProjects/mojolearn/bindings/_mojolearn_gbdt.mojo:59:
Imported from ./gbdt/estimator.mojo:67:
Imported from ./gbdt/methods/doc_parallel_boosting.mojo:48:
Imported from ./gbdt/methods/greedy_subsets_searcher/greedy_search_helper.mojo:78:
./gbdt/methods/greedy_subsets_searcher/kernel/compute_scores.mojo:245:22: warning: positional `__getitem__` is deprecated, use `unsafe_offset=` instead
                s_bin[tid] = s_bin[tid + stride]
                ~~~~~^~~~~
<unknown>:0: note: '__getitem__' declared here
Imported from /Users/andrewhendel/CascadeProjects/mojolearn/bindings/_mojolearn_gbdt.mojo:59:
Imported from ./gbdt/estimator.mojo:67:
Imported from ./gbdt/methods/doc_parallel_boosting.mojo:48:
Imported from ./gbdt/methods/greedy_subsets_searcher/greedy_search_helper.mojo:78:
./gbdt/methods/greedy_subsets_searcher/kernel/compute_scores.mojo:245:35: warning: positional `__getitem__` is deprecated, use `unsafe_offset=` instead
                s_bin[tid] = s_bin[tid + stride]
                             ~~~~~^~~~~~~~~~~~~~
<unknown>:0: note: '__getitem__' declared here
Imported from /Users/andrewhendel/CascadeProjects/mojolearn/bindings/_mojolearn_gbdt.mojo:59:
Imported from ./gbdt/estimator.mojo:67:
Imported from ./gbdt/methods/doc_parallel_boosting.mojo:48:
Imported from ./gbdt/methods/greedy_subsets_searcher/greedy_search_helper.mojo:78:
./gbdt/methods/greedy_subsets_searcher/kernel/compute_scores.mojo:250:26: warning: positional `__getitem__` is deprecated, use `unsafe_offset=` instead
        var index = s_bin[0]
                    ~~~~~^~~
<unknown>:0: note: '__getitem__' declared here
Imported from /Users/andrewhendel/CascadeProjects/mojolearn/bindings/_mojolearn_gbdt.mojo:59:
Imported from ./gbdt/estimator.mojo:67:
Imported from ./gbdt/methods/doc_parallel_boosting.mojo:48:
Imported from ./gbdt/methods/greedy_subsets_searcher/greedy_search_helper.mojo:78:
./gbdt/methods/greedy_subsets_searcher/kernel/compute_scores.mojo:252:65: warning: positional `__getitem__` is deprecated, use `unsafe_offset=` instead
            out_score.unsafe_store(Int(block_idx.x), ftz(s_score[0]))
                                                         ~~~~~~~^~~
<unknown>:0: note: '__getitem__' declared here
Imported from /Users/andrewhendel/CascadeProjects/mojolearn/bindings/_mojolearn_gbdt.mojo:59:
Imported from ./gbdt/estimator.mojo:67:
Imported from ./gbdt/methods/doc_parallel_boosting.mojo:30:
./gbdt/methods/leaves_estimation/pointwise_oracle.mojo:817:9: warning: '@parameter if' is deprecated; use 'comptime if'
        @parameter
        ^~~~~~~~~~
        comptime 
Imported from /Users/andrewhendel/CascadeProjects/mojolearn/bindings/_mojolearn_gbdt.mojo:59:
Imported from ./gbdt/estimator.mojo:67:
Imported from ./gbdt/methods/doc_parallel_boosting.mojo:48:
Imported from ./gbdt/methods/greedy_subsets_searcher/greedy_search_helper.mojo:87:
./gbdt/methods/greedy_subsets_searcher/kernel/hist_binary.mojo:153:23: warning: '__add__' is deprecated, use 'unsafe_offset' instead
    var bins_p = bins + Int(cindex_base_in) + bins_line_size * (
                 ~~~~~^~~~~~~~~~~~~~~~~~~~~
<unknown>:0: note: '__add__' declared here
Imported from /Users/andrewhendel/CascadeProjects/mojolearn/bindings/_mojolearn_gbdt.mojo:59:
Imported from ./gbdt/estimator.mojo:67:
Imported from ./gbdt/methods/doc_parallel_boosting.mojo:48:
Imported from ./gbdt/methods/greedy_subsets_searcher/greedy_search_helper.mojo:87:
./gbdt/methods/greedy_subsets_searcher/kernel/hist_binary.mojo:153:45: warning: '__add__' is deprecated, use 'unsafe_offset' instead
    var bins_p = bins + Int(cindex_base_in) + bins_line_size * (
                 ~~~~~~~~~~~~~~~~~~~~~~~~~~~^~~~~~~~~~~~~~~~~~~~
<unknown>:0: note: '__add__' declared here
Imported from /Users/andrewhendel/CascadeProjects/mojolearn/bindings/_mojolearn_gbdt.mojo:59:
Imported from ./gbdt/estimator.mojo:67:
Imported from ./gbdt/methods/doc_parallel_boosting.mojo:48:
Imported from ./gbdt/methods/greedy_subsets_searcher/greedy_search_helper.mojo:87:
./gbdt/methods/greedy_subsets_searcher/kernel/hist_binary.mojo:172:25: warning: '__add__' is deprecated, use 'unsafe_offset' instead
    var stats_p = stats + Int(block_idx.z) * stat_line_size
                  ~~~~~~^~~~~~~~~~~~~~~~~~~~~~~~~~~~~~~~~~~
<unknown>:0: note: '__add__' declared here
Imported from /Users/andrewhendel/CascadeProjects/mojolearn/bindings/_mojolearn_gbdt.mojo:59:
Imported from ./gbdt/estimator.mojo:67:
Imported from ./gbdt/methods/doc_parallel_boosting.mojo:48:
Imported from ./gbdt/methods/greedy_subsets_searcher/greedy_search_helper.mojo:87:
./gbdt/methods/greedy_subsets_searcher/kernel/hist_binary.mojo:185:13: warning: positional `__getitem__` is deprecated, use `unsafe_offset=` instead
        smem[z] = Float32(0.0)
        ~~~~^~~
<unknown>:0: note: '__getitem__' declared here
Imported from /Users/andrewhendel/CascadeProjects/mojolearn/bindings/_mojolearn_gbdt.mojo:59:
Imported from ./gbdt/estimator.mojo:67:
Imported from ./gbdt/methods/doc_parallel_boosting.mojo:48:
Imported from ./gbdt/methods/greedy_subsets_searcher/greedy_search_helper.mojo:87:
./gbdt/methods/greedy_subsets_searcher/kernel/hist_binary.mojo:239:29: warning: '__add__' is deprecated, use 'unsafe_offset' instead
            hb = ldg(bins_p + (p_offset + pe))
                     ~~~~~~~^~~~~~~~~~~~~~~~~
<unknown>:0: note: '__add__' declared here
Imported from /Users/andrewhendel/CascadeProjects/mojolearn/bindings/_mojolearn_gbdt.mojo:59:
Imported from ./gbdt/estimator.mojo:67:
Imported from ./gbdt/methods/doc_parallel_boosting.mojo:48:
Imported from ./gbdt/methods/greedy_subsets_searcher/greedy_search_helper.mojo:87:
./gbdt/methods/greedy_subsets_searcher/kernel/hist_binary.mojo:240:30: warning: '__add__' is deprecated, use 'unsafe_offset' instead
            hs = ldg(stats_p + (p_offset + pe))
                     ~~~~~~~~^~~~~~~~~~~~~~~~~
<unknown>:0: note: '__add__' declared here
Imported from /Users/andrewhendel/CascadeProjects/mojolearn/bindings/_mojolearn_gbdt.mojo:59:
Imported from ./gbdt/estimator.mojo:67:
Imported from ./gbdt/methods/doc_parallel_boosting.mojo:48:
Imported from ./gbdt/methods/greedy_subsets_searcher/greedy_search_helper.mojo:103:
./gbdt/methods/greedy_subsets_searcher/kernel/point_hist_half_byte_template.mojo:277:11: warning: 'UnsafePointer' is deprecated, use 'Pointer' instead
    smem: UnsafePointer[
          ^~~~~~~~~~~~~
          Pointer
<unknown>:0: note: 'UnsafePointer' declared here
Imported from /Users/andrewhendel/CascadeProjects/mojolearn/bindings/_mojolearn_gbdt.mojo:59:
Imported from ./gbdt/estimator.mojo:67:
Imported from ./gbdt/methods/doc_parallel_boosting.mojo:48:
Imported from ./gbdt/methods/greedy_subsets_searcher/greedy_search_helper.mojo:87:
./gbdt/methods/greedy_subsets_searcher/kernel/hist_binary.mojo:248:29: warning: '__add__' is deprecated, use 'unsafe_offset' instead
            tb = ldg(bins_p + (tail_start + pe))
                     ~~~~~~~^~~~~~~~~~~~~~~~~~~
<unknown>:0: note: '__add__' declared here
Imported from /Users/andrewhendel/CascadeProjects/mojolearn/bindings/_mojolearn_gbdt.mojo:59:
Imported from ./gbdt/estimator.mojo:67:
Imported from ./gbdt/methods/doc_parallel_boosting.mojo:48:
Imported from ./gbdt/methods/greedy_subsets_searcher/greedy_search_helper.mojo:87:
./gbdt/methods/greedy_subsets_searcher/kernel/hist_binary.mojo:249:30: warning: '__add__' is deprecated, use 'unsafe_offset' instead
            ts = ldg(stats_p + (tail_start + pe))
                     ~~~~~~~~^~~~~~~~~~~~~~~~~~~
<unknown>:0: note: '__add__' declared here
Imported from /Users/andrewhendel/CascadeProjects/mojolearn/bindings/_mojolearn_gbdt.mojo:59:
Imported from ./gbdt/estimator.mojo:67:
Imported from ./gbdt/methods/doc_parallel_boosting.mojo:48:
Imported from ./gbdt/methods/greedy_subsets_searcher/greedy_search_helper.mojo:87:
./gbdt/methods/greedy_subsets_searcher/kernel/hist_binary.mojo:273:5: warning: '@parameter if' is deprecated; use 'comptime if'
    @parameter
    ^~~~~~~~~~
    comptime 
Imported from /Users/andrewhendel/CascadeProjects/mojolearn/bindings/_mojolearn_gbdt.mojo:59:
Imported from ./gbdt/estimator.mojo:67:
Imported from ./gbdt/methods/doc_parallel_boosting.mojo:48:
Imported from ./gbdt/methods/greedy_subsets_searcher/greedy_search_helper.mojo:87:
./gbdt/methods/greedy_subsets_searcher/kernel/hist_binary.mojo:299:24: warning: '__add__' is deprecated, use 'unsafe_offset' instead
    var b_ptr = bins_p + base
                ~~~~~~~^~~~~~
<unknown>:0: note: '__add__' declared here
Imported from /Users/andrewhendel/CascadeProjects/mojolearn/bindings/_mojolearn_gbdt.mojo:59:
Imported from ./gbdt/estimator.mojo:67:
Imported from ./gbdt/methods/doc_parallel_boosting.mojo:48:
Imported from ./gbdt/methods/greedy_subsets_searcher/greedy_search_helper.mojo:87:
./gbdt/methods/greedy_subsets_searcher/kernel/hist_binary.mojo:300:25: warning: '__add__' is deprecated, use 'unsafe_offset' instead
    var s_ptr = stats_p + base
                ~~~~~~~~^~~~~~
<unknown>:0: note: '__add__' declared here
Imported from /Users/andrewhendel/CascadeProjects/mojolearn/bindings/_mojolearn_gbdt.mojo:59:
Imported from ./gbdt/estimator.mojo:67:
Imported from ./gbdt/methods/doc_parallel_boosting.mojo:48:
Imported from ./gbdt/methods/greedy_subsets_searcher/greedy_search_helper.mojo:87:
./gbdt/methods/greedy_subsets_searcher/kernel/hist_binary.mojo:319:9: warning: '@parameter for' is deprecated; use 'comptime for'
        @parameter
        ^~~~~~~~~~
        comptime 
Imported from /Users/andrewhendel/CascadeProjects/mojolearn/bindings/_mojolearn_gbdt.mojo:59:
Imported from ./gbdt/estimator.mojo:67:
Imported from ./gbdt/methods/doc_parallel_boosting.mojo:48:
Imported from ./gbdt/methods/greedy_subsets_searcher/greedy_search_helper.mojo:87:
./gbdt/methods/greedy_subsets_searcher/kernel/hist_binary.mojo:332:27: warning: '__add__' is deprecated, use 'unsafe_offset' instead
                    b_ptr + LANE_WIDTH * LOAD_SIZE * k
                    ~~~~~~^~~~~~~~~~~~~~~~~~~~~~~~~~~~
<unknown>:0: note: '__add__' declared here
Imported from /Users/andrewhendel/CascadeProjects/mojolearn/bindings/_mojolearn_gbdt.mojo:59:
Imported from ./gbdt/estimator.mojo:67:
Imported from ./gbdt/methods/doc_parallel_boosting.mojo:48:
Imported from ./gbdt/methods/greedy_subsets_searcher/greedy_search_helper.mojo:87:
./gbdt/methods/greedy_subsets_searcher/kernel/hist_binary.mojo:335:27: warning: '__add__' is deprecated, use 'unsafe_offset' instead
                    s_ptr + LANE_WIDTH * LOAD_SIZE * k
                    ~~~~~~^~~~~~~~~~~~~~~~~~~~~~~~~~~~
<unknown>:0: note: '__add__' declared here
Imported from /Users/andrewhendel/CascadeProjects/mojolearn/bindings/_mojolearn_gbdt.mojo:59:
Imported from ./gbdt/estimator.mojo:67:
Imported from ./gbdt/methods/doc_parallel_boosting.mojo:48:
Imported from ./gbdt/methods/greedy_subsets_searcher/greedy_search_helper.mojo:87:
./gbdt/methods/greedy_subsets_searcher/kernel/hist_binary.mojo:338:17: warning: '@parameter for' is deprecated; use 'comptime for'
                @parameter
                ^~~~~~~~~~
                comptime 
Imported from /Users/andrewhendel/CascadeProjects/mojolearn/bindings/_mojolearn_gbdt.mojo:59:
Imported from ./gbdt/estimator.mojo:67:
Imported from ./gbdt/methods/doc_parallel_boosting.mojo:48:
Imported from ./gbdt/methods/greedy_subsets_searcher/greedy_search_helper.mojo:87:
./gbdt/methods/greedy_subsets_searcher/kernel/hist_binary.mojo:346:17: warning: '@parameter for' is deprecated; use 'comptime for'
                @parameter
                ^~~~~~~~~~
                comptime 
Imported from /Users/andrewhendel/CascadeProjects/mojolearn/bindings/_mojolearn_gbdt.mojo:59:
Imported from ./gbdt/estimator.mojo:67:
Imported from ./gbdt/methods/doc_parallel_boosting.mojo:48:
Imported from ./gbdt/methods/greedy_subsets_searcher/greedy_search_helper.mojo:87:
./gbdt/methods/greedy_subsets_searcher/kernel/hist_binary.mojo:367:9: warning: '@parameter for' is deprecated; use 'comptime for'
        @parameter
        ^~~~~~~~~~
        comptime 
Imported from /Users/andrewhendel/CascadeProjects/mojolearn/bindings/_mojolearn_gbdt.mojo:59:
Imported from ./gbdt/estimator.mojo:67:
Imported from ./gbdt/methods/doc_parallel_boosting.mojo:48:
Imported from ./gbdt/methods/greedy_subsets_searcher/greedy_search_helper.mojo:87:
./gbdt/methods/greedy_subsets_searcher/kernel/hist_binary.mojo:370:13: warning: '@parameter for' is deprecated; use 'comptime for'
            @parameter
            ^~~~~~~~~~
            comptime 
Imported from /Users/andrewhendel/CascadeProjects/mojolearn/bindings/_mojolearn_gbdt.mojo:59:
Imported from ./gbdt/estimator.mojo:67:
Imported from ./gbdt/methods/doc_parallel_boosting.mojo:48:
Imported from ./gbdt/methods/greedy_subsets_searcher/greedy_search_helper.mojo:87:
./gbdt/methods/greedy_subsets_searcher/kernel/hist_binary.mojo:373:17: warning: '@parameter for' is deprecated; use 'comptime for'
                @parameter
                ^~~~~~~~~~
                comptime 
Imported from /Users/andrewhendel/CascadeProjects/mojolearn/bindings/_mojolearn_gbdt.mojo:59:
Imported from ./gbdt/estimator.mojo:67:
Imported from ./gbdt/methods/doc_parallel_boosting.mojo:48:
Imported from ./gbdt/methods/greedy_subsets_searcher/greedy_search_helper.mojo:87:
./gbdt/methods/greedy_subsets_searcher/kernel/hist_binary.mojo:382:25: warning: positional `__getitem__` is deprecated, use `unsafe_offset=` instead
                    smem[slot] = ftz(smem[slot] + t)
                    ~~~~^~~~~~
<unknown>:0: note: '__getitem__' declared here
Imported from /Users/andrewhendel/CascadeProjects/mojolearn/bindings/_mojolearn_gbdt.mojo:59:
Imported from ./gbdt/estimator.mojo:67:
Imported from ./gbdt/methods/doc_parallel_boosting.mojo:48:
Imported from ./gbdt/methods/greedy_subsets_searcher/greedy_search_helper.mojo:87:
./gbdt/methods/greedy_subsets_searcher/kernel/hist_binary.mojo:382:42: warning: positional `__getitem__` is deprecated, use `unsafe_offset=` instead
                    smem[slot] = ftz(smem[slot] + t)
                                     ~~~~^~~~~~
<unknown>:0: note: '__getitem__' declared here
Imported from /Users/andrewhendel/CascadeProjects/mojolearn/bindings/_mojolearn_gbdt.mojo:59:
Imported from ./gbdt/estimator.mojo:67:
Imported from ./gbdt/methods/doc_parallel_boosting.mojo:48:
Imported from ./gbdt/methods/greedy_subsets_searcher/greedy_search_helper.mojo:87:
./gbdt/methods/greedy_subsets_searcher/kernel/hist_binary.mojo:391:15: warning: '__iadd__' is deprecated, use 'unsafe_offset' instead
        b_ptr += stripe_size
        ~~~~~~^~~~~~~~~~~~~~
<unknown>:0: note: '__iadd__' declared here
Imported from /Users/andrewhendel/CascadeProjects/mojolearn/bindings/_mojolearn_gbdt.mojo:59:
Imported from ./gbdt/estimator.mojo:67:
Imported from ./gbdt/methods/doc_parallel_boosting.mojo:48:
Imported from ./gbdt/methods/greedy_subsets_searcher/greedy_search_helper.mojo:87:
./gbdt/methods/greedy_subsets_searcher/kernel/hist_binary.mojo:392:15: warning: '__iadd__' is deprecated, use 'unsafe_offset' instead
        s_ptr += stripe_size
        ~~~~~~^~~~~~~~~~~~~~
<unknown>:0: note: '__iadd__' declared here
Imported from /Users/andrewhendel/CascadeProjects/mojolearn/bindings/_mojolearn_gbdt.mojo:59:
Imported from ./gbdt/estimator.mojo:67:
Imported from ./gbdt/methods/doc_parallel_boosting.mojo:48:
Imported from ./gbdt/methods/greedy_subsets_searcher/greedy_search_helper.mojo:87:
./gbdt/methods/greedy_subsets_searcher/kernel/hist_binary.mojo:405:33: warning: positional `__getitem__` is deprecated, use `unsafe_offset=` instead
            acc = ftz(acc + smem[i2])
                            ~~~~^~~~
<unknown>:0: note: '__getitem__' declared here
Imported from /Users/andrewhendel/CascadeProjects/mojolearn/bindings/_mojolearn_gbdt.mojo:59:
Imported from ./gbdt/estimator.mojo:67:
Imported from ./gbdt/methods/doc_parallel_boosting.mojo:48:
Imported from ./gbdt/methods/greedy_subsets_searcher/greedy_search_helper.mojo:87:
./gbdt/methods/greedy_subsets_searcher/kernel/hist_binary.mojo:408:13: warning: positional `__getitem__` is deprecated, use `unsafe_offset=` instead
        smem[slot_i] = acc
        ~~~~^~~~~~~~
<unknown>:0: note: '__getitem__' declared here
Imported from /Users/andrewhendel/CascadeProjects/mojolearn/bindings/_mojolearn_gbdt.mojo:59:
Imported from ./gbdt/estimator.mojo:67:
Imported from ./gbdt/methods/doc_parallel_boosting.mojo:48:
Imported from ./gbdt/methods/greedy_subsets_searcher/greedy_search_helper.mojo:87:
./gbdt/methods/greedy_subsets_searcher/kernel/hist_binary.mojo:414:9: warning: '@parameter for' is deprecated; use 'comptime for'
        @parameter
        ^~~~~~~~~~
        comptime 
Imported from /Users/andrewhendel/CascadeProjects/mojolearn/bindings/_mojolearn_gbdt.mojo:59:
Imported from ./gbdt/estimator.mojo:67:
Imported from ./gbdt/methods/doc_parallel_boosting.mojo:48:
Imported from ./gbdt/methods/greedy_subsets_searcher/greedy_search_helper.mojo:87:
./gbdt/methods/greedy_subsets_searcher/kernel/hist_binary.mojo:418:35: warning: positional `__getitem__` is deprecated, use `unsafe_offset=` instead
            acc2 = ftz(acc2 + smem[reduce_stage2_slot(tid, group)])
                              ~~~~^~~~~~~~~~~~~~~~~~~~~~~~~~~~~~~~
<unknown>:0: note: '__getitem__' declared here
Imported from /Users/andrewhendel/CascadeProjects/mojolearn/bindings/_mojolearn_gbdt.mojo:59:
Imported from ./gbdt/estimator.mojo:67:
Imported from ./gbdt/methods/doc_parallel_boosting.mojo:48:
Imported from ./gbdt/methods/greedy_subsets_searcher/greedy_search_helper.mojo:87:
./gbdt/methods/greedy_subsets_searcher/kernel/hist_binary.mojo:421:13: warning: positional `__getitem__` is deprecated, use `unsafe_offset=` instead
        smem[tid] = acc2
        ~~~~^~~~~
<unknown>:0: note: '__getitem__' declared here
Imported from /Users/andrewhendel/CascadeProjects/mojolearn/bindings/_mojolearn_gbdt.mojo:59:
Imported from ./gbdt/estimator.mojo:67:
Imported from ./gbdt/methods/doc_parallel_boosting.mojo:48:
Imported from ./gbdt/methods/greedy_subsets_searcher/greedy_search_helper.mojo:87:
./gbdt/methods/greedy_subsets_searcher/kernel/hist_binary.mojo:436:17: warning: '__add__' is deprecated, use 'unsafe_offset' instead
                + device_offset
~~~~~~~~~~~~~~~~^~~~~~~~~~~~~~~
<unknown>:0: note: '__add__' declared here
Imported from /Users/andrewhendel/CascadeProjects/mojolearn/bindings/_mojolearn_gbdt.mojo:59:
Imported from ./gbdt/estimator.mojo:67:
Imported from ./gbdt/methods/doc_parallel_boosting.mojo:48:
Imported from ./gbdt/methods/greedy_subsets_searcher/greedy_search_helper.mojo:87:
./gbdt/methods/greedy_subsets_searcher/kernel/hist_binary.mojo:439:17: warning: '__add__' is deprecated, use 'unsafe_offset' instead
                + Int(block_idx.y) * entries_per_leaf
~~~~~~~~~~~~~~~~^~~~~~~~~~~~~~~~~~~~~~~~~~~~~~~~~~~~~
<unknown>:0: note: '__add__' declared here
Imported from /Users/andrewhendel/CascadeProjects/mojolearn/bindings/_mojolearn_gbdt.mojo:59:
Imported from ./gbdt/estimator.mojo:67:
Imported from ./gbdt/methods/doc_parallel_boosting.mojo:48:
Imported from ./gbdt/methods/greedy_subsets_searcher/greedy_search_helper.mojo:87:
./gbdt/methods/greedy_subsets_searcher/kernel/hist_binary.mojo:440:17: warning: '__add__' is deprecated, use 'unsafe_offset' instead
                + Int(block_idx.z) * group_size
~~~~~~~~~~~~~~~~^~~~~~~~~~~~~~~~~~~~~~~~~~~~~~~
<unknown>:0: note: '__add__' declared here
Imported from /Users/andrewhendel/CascadeProjects/mojolearn/bindings/_mojolearn_gbdt.mojo:59:
Imported from ./gbdt/estimator.mojo:67:
Imported from ./gbdt/methods/doc_parallel_boosting.mojo:48:
Imported from ./gbdt/methods/greedy_subsets_searcher/greedy_search_helper.mojo:87:
./gbdt/methods/greedy_subsets_searcher/kernel/hist_binary.mojo:441:17: warning: '__add__' is deprecated, use 'unsafe_offset' instead
                + Int(feature_fold_offset.unsafe_load(feature_offset + fid))
~~~~~~~~~~~~~~~~^~~~~~~~~~~~~~~~~~~~~~~~~~~~~~~~~~~~~~~~~~~~~~~~~~~~~~~~~~~~
<unknown>:0: note: '__add__' declared here
Imported from /Users/andrewhendel/CascadeProjects/mojolearn/bindings/_mojolearn_gbdt.mojo:59:
Imported from ./gbdt/estimator.mojo:67:
Imported from ./gbdt/methods/doc_parallel_boosting.mojo:48:
Imported from ./gbdt/methods/greedy_subsets_searcher/greedy_search_helper.mojo:87:
./gbdt/methods/greedy_subsets_searcher/kernel/hist_binary.mojo:449:13: warning: '@parameter for' is deprecated; use 'comptime for'
            @parameter
            ^~~~~~~~~~
            comptime 
Imported from /Users/andrewhendel/CascadeProjects/mojolearn/bindings/_mojolearn_gbdt.mojo:59:
Imported from ./gbdt/estimator.mojo:67:
Imported from ./gbdt/methods/doc_parallel_boosting.mojo:48:
Imported from ./gbdt/methods/greedy_subsets_searcher/greedy_search_helper.mojo:87:
./gbdt/methods/greedy_subsets_searcher/kernel/hist_binary.mojo:452:32: warning: positional `__getitem__` is deprecated, use `unsafe_offset=` instead
                    val += smem[8 * i + group_id]
                           ~~~~^~~~~~~~~~~~~~~~~~
<unknown>:0: note: '__getitem__' declared here
Imported from /Users/andrewhendel/CascadeProjects/mojolearn/bindings/_mojolearn_gbdt.mojo:59:
Imported from ./gbdt/estimator.mojo:67:
Imported from ./gbdt/methods/doc_parallel_boosting.mojo:48:
Imported from ./gbdt/methods/greedy_subsets_searcher/greedy_search_helper.mojo:87:
./gbdt/methods/greedy_subsets_searcher/kernel/hist_binary.mojo:485:17: warning: '@parameter if' is deprecated; use 'comptime if'
                @parameter
                ^~~~~~~~~~
                comptime 
Imported from /Users/andrewhendel/CascadeProjects/mojolearn/bindings/_mojolearn_gbdt.mojo:59:
Imported from ./gbdt/estimator.mojo:67:
Imported from ./gbdt/methods/doc_parallel_boosting.mojo:48:
Imported from ./gbdt/methods/greedy_subsets_searcher/greedy_search_helper.mojo:87:
./gbdt/methods/greedy_subsets_searcher/kernel/hist_binary.mojo:622:27: warning: '__add__' is deprecated, use 'unsafe_offset' instead
    var cindex_p = cindex + Int(cindex_base_in) + bins_line_size * (
                   ~~~~~~~^~~~~~~~~~~~~~~~~~~~~
<unknown>:0: note: '__add__' declared here
Imported from /Users/andrewhendel/CascadeProjects/mojolearn/bindings/_mojolearn_gbdt.mojo:59:
Imported from ./gbdt/estimator.mojo:67:
Imported from ./gbdt/methods/doc_parallel_boosting.mojo:48:
Imported from ./gbdt/methods/greedy_subsets_searcher/greedy_search_helper.mojo:87:
./gbdt/methods/greedy_subsets_searcher/kernel/hist_binary.mojo:622:49: warning: '__add__' is deprecated, use 'unsafe_offset' instead
    var cindex_p = cindex + Int(cindex_base_in) + bins_line_size * (
                   ~~~~~~~~~~~~~~~~~~~~~~~~~~~~~^~~~~~~~~~~~~~~~~~~~
<unknown>:0: note: '__add__' declared here
Imported from /Users/andrewhendel/CascadeProjects/mojolearn/bindings/_mojolearn_gbdt.mojo:59:
Imported from ./gbdt/estimator.mojo:67:
Imported from ./gbdt/methods/doc_parallel_boosting.mojo:48:
Imported from ./gbdt/methods/greedy_subsets_searcher/greedy_search_helper.mojo:87:
./gbdt/methods/greedy_subsets_searcher/kernel/hist_binary.mojo:642:25: warning: '__add__' is deprecated, use 'unsafe_offset' instead
    var stats_p = stats + Int(block_idx.z) * stat_line_size
                  ~~~~~~^~~~~~~~~~~~~~~~~~~~~~~~~~~~~~~~~~~
<unknown>:0: note: '__add__' declared here
Imported from /Users/andrewhendel/CascadeProjects/mojolearn/bindings/_mojolearn_gbdt.mojo:59:
Imported from ./gbdt/estimator.mojo:67:
Imported from ./gbdt/methods/doc_parallel_boosting.mojo:48:
Imported from ./gbdt/methods/greedy_subsets_searcher/greedy_search_helper.mojo:87:
./gbdt/methods/greedy_subsets_searcher/kernel/hist_binary.mojo:655:13: warning: positional `__getitem__` is deprecated, use `unsafe_offset=` instead
        smem[z] = Float32(0.0)
        ~~~~^~~
<unknown>:0: note: '__getitem__' declared here
Imported from /Users/andrewhendel/CascadeProjects/mojolearn/bindings/_mojolearn_gbdt.mojo:59:
Imported from ./gbdt/estimator.mojo:67:
Imported from ./gbdt/methods/doc_parallel_boosting.mojo:48:
Imported from ./gbdt/methods/greedy_subsets_searcher/greedy_search_helper.mojo:87:
./gbdt/methods/greedy_subsets_searcher/kernel/hist_binary.mojo:709:40: warning: '__add__' is deprecated, use 'unsafe_offset' instead
            var hrow = Int(ldg(indices + (p_offset + pe)))
                               ~~~~~~~~^~~~~~~~~~~~~~~~~
<unknown>:0: note: '__add__' declared here
Imported from /Users/andrewhendel/CascadeProjects/mojolearn/bindings/_mojolearn_gbdt.mojo:59:
Imported from ./gbdt/estimator.mojo:67:
Imported from ./gbdt/methods/doc_parallel_boosting.mojo:48:
Imported from ./gbdt/methods/greedy_subsets_searcher/greedy_search_helper.mojo:87:
./gbdt/methods/greedy_subsets_searcher/kernel/hist_binary.mojo:710:31: warning: '__add__' is deprecated, use 'unsafe_offset' instead
            hb = ldg(cindex_p + hrow)
                     ~~~~~~~~~^~~~~~
<unknown>:0: note: '__add__' declared here
Imported from /Users/andrewhendel/CascadeProjects/mojolearn/bindings/_mojolearn_gbdt.mojo:59:
Imported from ./gbdt/estimator.mojo:67:
Imported from ./gbdt/methods/doc_parallel_boosting.mojo:48:
Imported from ./gbdt/methods/greedy_subsets_searcher/greedy_search_helper.mojo:87:
./gbdt/methods/greedy_subsets_searcher/kernel/hist_binary.mojo:712:13: warning: '@parameter if' is deprecated; use 'comptime if'
            @parameter
            ^~~~~~~~~~
            comptime 
Imported from /Users/andrewhendel/CascadeProjects/mojolearn/bindings/_mojolearn_gbdt.mojo:59:
Imported from ./gbdt/estimator.mojo:67:
Imported from ./gbdt/methods/doc_parallel_boosting.mojo:48:
Imported from ./gbdt/methods/greedy_subsets_searcher/greedy_search_helper.mojo:87:
./gbdt/methods/greedy_subsets_searcher/kernel/hist_binary.mojo:717:34: warning: '__add__' is deprecated, use 'unsafe_offset' instead
                hs = ldg(stats_p + hrow)
                         ~~~~~~~~^~~~~~
<unknown>:0: note: '__add__' declared here
Imported from /Users/andrewhendel/CascadeProjects/mojolearn/bindings/_mojolearn_gbdt.mojo:59:
Imported from ./gbdt/estimator.mojo:67:
Imported from ./gbdt/methods/doc_parallel_boosting.mojo:48:
Imported from ./gbdt/methods/greedy_subsets_searcher/greedy_search_helper.mojo:87:
./gbdt/methods/greedy_subsets_searcher/kernel/hist_binary.mojo:719:34: warning: '__add__' is deprecated, use 'unsafe_offset' instead
                hs = ldg(stats_p + (p_offset + pe))
                         ~~~~~~~~^~~~~~~~~~~~~~~~~
<unknown>:0: note: '__add__' declared here
Imported from /Users/andrewhendel/CascadeProjects/mojolearn/bindings/_mojolearn_gbdt.mojo:59:
Imported from ./gbdt/estimator.mojo:67:
Imported from ./gbdt/methods/doc_parallel_boosting.mojo:48:
Imported from ./gbdt/methods/greedy_subsets_searcher/greedy_search_helper.mojo:87:
./gbdt/methods/greedy_subsets_searcher/kernel/hist_binary.mojo:728:40: warning: '__add__' is deprecated, use 'unsafe_offset' instead
            var trow = Int(ldg(indices + (tail_start + pe)))
                               ~~~~~~~~^~~~~~~~~~~~~~~~~~~
<unknown>:0: note: '__add__' declared here
Imported from /Users/andrewhendel/CascadeProjects/mojolearn/bindings/_mojolearn_gbdt.mojo:59:
Imported from ./gbdt/estimator.mojo:67:
Imported from ./gbdt/methods/doc_parallel_boosting.mojo:48:
Imported from ./gbdt/methods/greedy_subsets_searcher/greedy_search_helper.mojo:87:
./gbdt/methods/greedy_subsets_searcher/kernel/hist_binary.mojo:729:31: warning: '__add__' is deprecated, use 'unsafe_offset' instead
            tb = ldg(cindex_p + trow)
                     ~~~~~~~~~^~~~~~
<unknown>:0: note: '__add__' declared here
Imported from /Users/andrewhendel/CascadeProjects/mojolearn/bindings/_mojolearn_gbdt.mojo:59:
Imported from ./gbdt/estimator.mojo:67:
Imported from ./gbdt/methods/doc_parallel_boosting.mojo:48:
Imported from ./gbdt/methods/greedy_subsets_searcher/greedy_search_helper.mojo:87:
./gbdt/methods/greedy_subsets_searcher/kernel/hist_binary.mojo:731:13: warning: '@parameter if' is deprecated; use 'comptime if'
            @parameter
            ^~~~~~~~~~
            comptime 
Imported from /Users/andrewhendel/CascadeProjects/mojolearn/bindings/_mojolearn_gbdt.mojo:59:
Imported from ./gbdt/estimator.mojo:67:
Imported from ./gbdt/methods/doc_parallel_boosting.mojo:48:
Imported from ./gbdt/methods/greedy_subsets_searcher/greedy_search_helper.mojo:87:
./gbdt/methods/greedy_subsets_searcher/kernel/hist_binary.mojo:734:34: warning: '__add__' is deprecated, use 'unsafe_offset' instead
                ts = ldg(stats_p + trow)
                         ~~~~~~~~^~~~~~
<unknown>:0: note: '__add__' declared here
Imported from /Users/andrewhendel/CascadeProjects/mojolearn/bindings/_mojolearn_gbdt.mojo:59:
Imported from ./gbdt/estimator.mojo:67:
Imported from ./gbdt/methods/doc_parallel_boosting.mojo:48:
Imported from ./gbdt/methods/greedy_subsets_searcher/greedy_search_helper.mojo:87:
./gbdt/methods/greedy_subsets_searcher/kernel/hist_binary.mojo:736:34: warning: '__add__' is deprecated, use 'unsafe_offset' instead
                ts = ldg(stats_p + (tail_start + pe))
                         ~~~~~~~~^~~~~~~~~~~~~~~~~~~
<unknown>:0: note: '__add__' declared here
Imported from /Users/andrewhendel/CascadeProjects/mojolearn/bindings/_mojolearn_gbdt.mojo:59:
Imported from ./gbdt/estimator.mojo:67:
Imported from ./gbdt/methods/doc_parallel_boosting.mojo:48:
Imported from ./gbdt/methods/greedy_subsets_searcher/greedy_search_helper.mojo:87:
./gbdt/methods/greedy_subsets_searcher/kernel/hist_binary.mojo:760:5: warning: '@parameter if' is deprecated; use 'comptime if'
    @parameter
    ^~~~~~~~~~
    comptime 
Imported from /Users/andrewhendel/CascadeProjects/mojolearn/bindings/_mojolearn_gbdt.mojo:59:
Imported from ./gbdt/estimator.mojo:67:
Imported from ./gbdt/methods/doc_parallel_boosting.mojo:48:
Imported from ./gbdt/methods/greedy_subsets_searcher/greedy_search_helper.mojo:87:
./gbdt/methods/greedy_subsets_searcher/kernel/hist_binary.mojo:786:23: warning: '__add__' is deprecated, use 'unsafe_offset' instead
    var i_ptr = idx_p + base
                ~~~~~~^~~~~~
<unknown>:0: note: '__add__' declared here
Imported from /Users/andrewhendel/CascadeProjects/mojolearn/bindings/_mojolearn_gbdt.mojo:59:
Imported from ./gbdt/estimator.mojo:67:
Imported from ./gbdt/methods/doc_parallel_boosting.mojo:48:
Imported from ./gbdt/methods/greedy_subsets_searcher/greedy_search_helper.mojo:87:
./gbdt/methods/greedy_subsets_searcher/kernel/hist_binary.mojo:787:25: warning: '__add__' is deprecated, use 'unsafe_offset' instead
    var s_ptr = stats_p + base
                ~~~~~~~~^~~~~~
<unknown>:0: note: '__add__' declared here
Imported from /Users/andrewhendel/CascadeProjects/mojolearn/bindings/_mojolearn_gbdt.mojo:59:
Imported from ./gbdt/estimator.mojo:67:
Imported from ./gbdt/methods/doc_parallel_boosting.mojo:48:
Imported from ./gbdt/methods/greedy_subsets_searcher/greedy_search_helper.mojo:87:
./gbdt/methods/greedy_subsets_searcher/kernel/hist_binary.mojo:809:9: warning: '@parameter for' is deprecated; use 'comptime for'
        @parameter
        ^~~~~~~~~~
        comptime 
Imported from /Users/andrewhendel/CascadeProjects/mojolearn/bindings/_mojolearn_gbdt.mojo:59:
Imported from ./gbdt/estimator.mojo:67:
Imported from ./gbdt/methods/doc_parallel_boosting.mojo:48:
Imported from ./gbdt/methods/greedy_subsets_searcher/greedy_search_helper.mojo:87:
./gbdt/methods/greedy_subsets_searcher/kernel/hist_binary.mojo:822:27: warning: '__add__' is deprecated, use 'unsafe_offset' instead
                    i_ptr + LANE_WIDTH * LOAD_SIZE * k
                    ~~~~~~^~~~~~~~~~~~~~~~~~~~~~~~~~~~
<unknown>:0: note: '__add__' declared here
Imported from /Users/andrewhendel/CascadeProjects/mojolearn/bindings/_mojolearn_gbdt.mojo:59:
Imported from ./gbdt/estimator.mojo:67:
Imported from ./gbdt/methods/doc_parallel_boosting.mojo:48:
Imported from ./gbdt/methods/greedy_subsets_searcher/greedy_search_helper.mojo:87:
./gbdt/methods/greedy_subsets_searcher/kernel/hist_binary.mojo:826:17: warning: '@parameter if' is deprecated; use 'comptime if'
                @parameter
                ^~~~~~~~~~
                comptime 
Imported from /Users/andrewhendel/CascadeProjects/mojolearn/bindings/_mojolearn_gbdt.mojo:59:
Imported from ./gbdt/estimator.mojo:67:
Imported from ./gbdt/methods/doc_parallel_boosting.mojo:48:
Imported from ./gbdt/methods/greedy_subsets_searcher/greedy_search_helper.mojo:87:
./gbdt/methods/greedy_subsets_searcher/kernel/hist_binary.mojo:829:31: warning: '__add__' is deprecated, use 'unsafe_offset' instead
                        s_ptr + LANE_WIDTH * LOAD_SIZE * k
                        ~~~~~~^~~~~~~~~~~~~~~~~~~~~~~~~~~~
<unknown>:0: note: '__add__' declared here
Imported from /Users/andrewhendel/CascadeProjects/mojolearn/bindings/_mojolearn_gbdt.mojo:59:
Imported from ./gbdt/estimator.mojo:67:
Imported from ./gbdt/methods/doc_parallel_boosting.mojo:48:
Imported from ./gbdt/methods/greedy_subsets_searcher/greedy_search_helper.mojo:87:
./gbdt/methods/greedy_subsets_searcher/kernel/hist_binary.mojo:832:17: warning: '@parameter for' is deprecated; use 'comptime for'
                @parameter
                ^~~~~~~~~~
                comptime 
Imported from /Users/andrewhendel/CascadeProjects/mojolearn/bindings/_mojolearn_gbdt.mojo:59:
Imported from ./gbdt/estimator.mojo:67:
Imported from ./gbdt/methods/doc_parallel_boosting.mojo:48:
Imported from ./gbdt/methods/greedy_subsets_searcher/greedy_search_helper.mojo:87:
./gbdt/methods/greedy_subsets_searcher/kernel/hist_binary.mojo:840:34: warning: '__add__' is deprecated, use 'unsafe_offset' instead
                        cindex_p + Int(vi[e])
                        ~~~~~~~~~^~~~~~~~~~~~
<unknown>:0: note: '__add__' declared here
Imported from /Users/andrewhendel/CascadeProjects/mojolearn/bindings/_mojolearn_gbdt.mojo:59:
Imported from ./gbdt/estimator.mojo:67:
Imported from ./gbdt/methods/doc_parallel_boosting.mojo:48:
Imported from ./gbdt/methods/greedy_subsets_searcher/greedy_search_helper.mojo:87:
./gbdt/methods/greedy_subsets_searcher/kernel/hist_binary.mojo:843:21: warning: '@parameter if' is deprecated; use 'comptime if'
                    @parameter
                    ^~~~~~~~~~
                    comptime 
Imported from /Users/andrewhendel/CascadeProjects/mojolearn/bindings/_mojolearn_gbdt.mojo:59:
Imported from ./gbdt/estimator.mojo:67:
Imported from ./gbdt/methods/doc_parallel_boosting.mojo:48:
Imported from ./gbdt/methods/greedy_subsets_searcher/greedy_search_helper.mojo:87:
./gbdt/methods/greedy_subsets_searcher/kernel/hist_binary.mojo:848:45: warning: '__add__' is deprecated, use 'unsafe_offset' instead
                        vs[e] = ldg(stats_p + Int(vi[e]))
                                    ~~~~~~~~^~~~~~~~~~~~
<unknown>:0: note: '__add__' declared here
Imported from /Users/andrewhendel/CascadeProjects/mojolearn/bindings/_mojolearn_gbdt.mojo:59:
Imported from ./gbdt/estimator.mojo:67:
Imported from ./gbdt/methods/doc_parallel_boosting.mojo:48:
Imported from ./gbdt/methods/greedy_subsets_searcher/greedy_search_helper.mojo:87:
./gbdt/methods/greedy_subsets_searcher/kernel/hist_binary.mojo:854:17: warning: '@parameter for' is deprecated; use 'comptime for'
                @parameter
                ^~~~~~~~~~
                comptime 
Imported from /Users/andrewhendel/CascadeProjects/mojolearn/bindings/_mojolearn_gbdt.mojo:59:
Imported from ./gbdt/estimator.mojo:67:
Imported from ./gbdt/methods/doc_parallel_boosting.mojo:48:
Imported from ./gbdt/methods/greedy_subsets_searcher/greedy_search_helper.mojo:87:
./gbdt/methods/greedy_subsets_searcher/kernel/hist_binary.mojo:875:9: warning: '@parameter for' is deprecated; use 'comptime for'
        @parameter
        ^~~~~~~~~~
        comptime 
Imported from /Users/andrewhendel/CascadeProjects/mojolearn/bindings/_mojolearn_gbdt.mojo:59:
Imported from ./gbdt/estimator.mojo:67:
Imported from ./gbdt/methods/doc_parallel_boosting.mojo:48:
Imported from ./gbdt/methods/greedy_subsets_searcher/greedy_search_helper.mojo:87:
./gbdt/methods/greedy_subsets_searcher/kernel/hist_binary.mojo:878:13: warning: '@parameter for' is deprecated; use 'comptime for'
            @parameter
            ^~~~~~~~~~
            comptime 
Imported from /Users/andrewhendel/CascadeProjects/mojolearn/bindings/_mojolearn_gbdt.mojo:59:
Imported from ./gbdt/estimator.mojo:67:
Imported from ./gbdt/methods/doc_parallel_boosting.mojo:48:
Imported from ./gbdt/methods/greedy_subsets_searcher/greedy_search_helper.mojo:87:
./gbdt/methods/greedy_subsets_searcher/kernel/hist_binary.mojo:881:17: warning: '@parameter for' is deprecated; use 'comptime for'
                @parameter
                ^~~~~~~~~~
                comptime 
Imported from /Users/andrewhendel/CascadeProjects/mojolearn/bindings/_mojolearn_gbdt.mojo:59:
Imported from ./gbdt/estimator.mojo:67:
Imported from ./gbdt/methods/doc_parallel_boosting.mojo:48:
Imported from ./gbdt/methods/greedy_subsets_searcher/greedy_search_helper.mojo:87:
./gbdt/methods/greedy_subsets_searcher/kernel/hist_binary.mojo:890:25: warning: positional `__getitem__` is deprecated, use `unsafe_offset=` instead
                    smem[slot] = ftz(smem[slot] + t)
                    ~~~~^~~~~~
<unknown>:0: note: '__getitem__' declared here
Imported from /Users/andrewhendel/CascadeProjects/mojolearn/bindings/_mojolearn_gbdt.mojo:59:
Imported from ./gbdt/estimator.mojo:67:
Imported from ./gbdt/methods/doc_parallel_boosting.mojo:48:
Imported from ./gbdt/methods/greedy_subsets_searcher/greedy_search_helper.mojo:87:
./gbdt/methods/greedy_subsets_searcher/kernel/hist_binary.mojo:890:42: warning: positional `__getitem__` is deprecated, use `unsafe_offset=` instead
                    smem[slot] = ftz(smem[slot] + t)
                                     ~~~~^~~~~~
<unknown>:0: note: '__getitem__' declared here
Imported from /Users/andrewhendel/CascadeProjects/mojolearn/bindings/_mojolearn_gbdt.mojo:59:
Imported from ./gbdt/estimator.mojo:67:
Imported from ./gbdt/methods/doc_parallel_boosting.mojo:48:
Imported from ./gbdt/methods/greedy_subsets_searcher/greedy_search_helper.mojo:87:
./gbdt/methods/greedy_subsets_searcher/kernel/hist_binary.mojo:899:15: warning: '__iadd__' is deprecated, use 'unsafe_offset' instead
        i_ptr += stripe_size
        ~~~~~~^~~~~~~~~~~~~~
<unknown>:0: note: '__iadd__' declared here
Imported from /Users/andrewhendel/CascadeProjects/mojolearn/bindings/_mojolearn_gbdt.mojo:59:
Imported from ./gbdt/estimator.mojo:67:
Imported from ./gbdt/methods/doc_parallel_boosting.mojo:48:
Imported from ./gbdt/methods/greedy_subsets_searcher/greedy_search_helper.mojo:87:
./gbdt/methods/greedy_subsets_searcher/kernel/hist_binary.mojo:900:15: warning: '__iadd__' is deprecated, use 'unsafe_offset' instead
        s_ptr += stripe_size
        ~~~~~~^~~~~~~~~~~~~~
<unknown>:0: note: '__iadd__' declared here
Imported from /Users/andrewhendel/CascadeProjects/mojolearn/bindings/_mojolearn_gbdt.mojo:59:
Imported from ./gbdt/estimator.mojo:67:
Imported from ./gbdt/methods/doc_parallel_boosting.mojo:48:
Imported from ./gbdt/methods/greedy_subsets_searcher/greedy_search_helper.mojo:87:
./gbdt/methods/greedy_subsets_searcher/kernel/hist_binary.mojo:913:33: warning: positional `__getitem__` is deprecated, use `unsafe_offset=` instead
            acc = ftz(acc + smem[i2])
                            ~~~~^~~~
<unknown>:0: note: '__getitem__' declared here
Imported from /Users/andrewhendel/CascadeProjects/mojolearn/bindings/_mojolearn_gbdt.mojo:59:
Imported from ./gbdt/estimator.mojo:67:
Imported from ./gbdt/methods/doc_parallel_boosting.mojo:48:
Imported from ./gbdt/methods/greedy_subsets_searcher/greedy_search_helper.mojo:87:
./gbdt/methods/greedy_subsets_searcher/kernel/hist_binary.mojo:916:13: warning: positional `__getitem__` is deprecated, use `unsafe_offset=` instead
        smem[slot_i] = acc
        ~~~~^~~~~~~~
<unknown>:0: note: '__getitem__' declared here
Imported from /Users/andrewhendel/CascadeProjects/mojolearn/bindings/_mojolearn_gbdt.mojo:59:
Imported from ./gbdt/estimator.mojo:67:
Imported from ./gbdt/methods/doc_parallel_boosting.mojo:48:
Imported from ./gbdt/methods/greedy_subsets_searcher/greedy_search_helper.mojo:87:
./gbdt/methods/greedy_subsets_searcher/kernel/hist_binary.mojo:922:9: warning: '@parameter for' is deprecated; use 'comptime for'
        @parameter
        ^~~~~~~~~~
        comptime 
Imported from /Users/andrewhendel/CascadeProjects/mojolearn/bindings/_mojolearn_gbdt.mojo:59:
Imported from ./gbdt/estimator.mojo:67:
Imported from ./gbdt/methods/doc_parallel_boosting.mojo:48:
Imported from ./gbdt/methods/greedy_subsets_searcher/greedy_search_helper.mojo:87:
./gbdt/methods/greedy_subsets_searcher/kernel/hist_binary.mojo:926:35: warning: positional `__getitem__` is deprecated, use `unsafe_offset=` instead
            acc2 = ftz(acc2 + smem[reduce_stage2_slot(tid, group)])
                              ~~~~^~~~~~~~~~~~~~~~~~~~~~~~~~~~~~~~
<unknown>:0: note: '__getitem__' declared here
Imported from /Users/andrewhendel/CascadeProjects/mojolearn/bindings/_mojolearn_gbdt.mojo:59:
Imported from ./gbdt/estimator.mojo:67:
Imported from ./gbdt/methods/doc_parallel_boosting.mojo:48:
Imported from ./gbdt/methods/greedy_subsets_searcher/greedy_search_helper.mojo:87:
./gbdt/methods/greedy_subsets_searcher/kernel/hist_binary.mojo:929:13: warning: positional `__getitem__` is deprecated, use `unsafe_offset=` instead
        smem[tid] = acc2
        ~~~~^~~~~
<unknown>:0: note: '__getitem__' declared here
Imported from /Users/andrewhendel/CascadeProjects/mojolearn/bindings/_mojolearn_gbdt.mojo:59:
Imported from ./gbdt/estimator.mojo:67:
Imported from ./gbdt/methods/doc_parallel_boosting.mojo:48:
Imported from ./gbdt/methods/greedy_subsets_searcher/greedy_search_helper.mojo:87:
./gbdt/methods/greedy_subsets_searcher/kernel/hist_binary.mojo:944:17: warning: '__add__' is deprecated, use 'unsafe_offset' instead
                + device_offset
~~~~~~~~~~~~~~~~^~~~~~~~~~~~~~~
<unknown>:0: note: '__add__' declared here
Imported from /Users/andrewhendel/CascadeProjects/mojolearn/bindings/_mojolearn_gbdt.mojo:59:
Imported from ./gbdt/estimator.mojo:67:
Imported from ./gbdt/methods/doc_parallel_boosting.mojo:48:
Imported from ./gbdt/methods/greedy_subsets_searcher/greedy_search_helper.mojo:87:
./gbdt/methods/greedy_subsets_searcher/kernel/hist_binary.mojo:947:17: warning: '__add__' is deprecated, use 'unsafe_offset' instead
                + Int(block_idx.y) * entries_per_leaf
~~~~~~~~~~~~~~~~^~~~~~~~~~~~~~~~~~~~~~~~~~~~~~~~~~~~~
<unknown>:0: note: '__add__' declared here
Imported from /Users/andrewhendel/CascadeProjects/mojolearn/bindings/_mojolearn_gbdt.mojo:59:
Imported from ./gbdt/estimator.mojo:67:
Imported from ./gbdt/methods/doc_parallel_boosting.mojo:48:
Imported from ./gbdt/methods/greedy_subsets_searcher/greedy_search_helper.mojo:87:
./gbdt/methods/greedy_subsets_searcher/kernel/hist_binary.mojo:948:17: warning: '__add__' is deprecated, use 'unsafe_offset' instead
                + Int(block_idx.z) * group_size
~~~~~~~~~~~~~~~~^~~~~~~~~~~~~~~~~~~~~~~~~~~~~~~
<unknown>:0: note: '__add__' declared here
Imported from /Users/andrewhendel/CascadeProjects/mojolearn/bindings/_mojolearn_gbdt.mojo:59:
Imported from ./gbdt/estimator.mojo:67:
Imported from ./gbdt/methods/doc_parallel_boosting.mojo:48:
Imported from ./gbdt/methods/greedy_subsets_searcher/greedy_search_helper.mojo:87:
./gbdt/methods/greedy_subsets_searcher/kernel/hist_binary.mojo:949:17: warning: '__add__' is deprecated, use 'unsafe_offset' instead
                + Int(feature_fold_offset.unsafe_load(feature_offset + fid))
~~~~~~~~~~~~~~~~^~~~~~~~~~~~~~~~~~~~~~~~~~~~~~~~~~~~~~~~~~~~~~~~~~~~~~~~~~~~
<unknown>:0: note: '__add__' declared here
Imported from /Users/andrewhendel/CascadeProjects/mojolearn/bindings/_mojolearn_gbdt.mojo:59:
Imported from ./gbdt/estimator.mojo:67:
Imported from ./gbdt/methods/doc_parallel_boosting.mojo:48:
Imported from ./gbdt/methods/greedy_subsets_searcher/greedy_search_helper.mojo:87:
./gbdt/methods/greedy_subsets_searcher/kernel/hist_binary.mojo:957:13: warning: '@parameter for' is deprecated; use 'comptime for'
            @parameter
            ^~~~~~~~~~
            comptime 
Imported from /Users/andrewhendel/CascadeProjects/mojolearn/bindings/_mojolearn_gbdt.mojo:59:
Imported from ./gbdt/estimator.mojo:67:
Imported from ./gbdt/methods/doc_parallel_boosting.mojo:48:
Imported from ./gbdt/methods/greedy_subsets_searcher/greedy_search_helper.mojo:87:
./gbdt/methods/greedy_subsets_searcher/kernel/hist_binary.mojo:960:32: warning: positional `__getitem__` is deprecated, use `unsafe_offset=` instead
                    val += smem[8 * i + group_id]
                           ~~~~^~~~~~~~~~~~~~~~~~
<unknown>:0: note: '__getitem__' declared here
Imported from /Users/andrewhendel/CascadeProjects/mojolearn/bindings/_mojolearn_gbdt.mojo:59:
Imported from ./gbdt/estimator.mojo:67:
Imported from ./gbdt/methods/doc_parallel_boosting.mojo:48:
Imported from ./gbdt/methods/greedy_subsets_searcher/greedy_search_helper.mojo:87:
./gbdt/methods/greedy_subsets_searcher/kernel/hist_binary.mojo:993:17: warning: '@parameter if' is deprecated; use 'comptime if'
                @parameter
                ^~~~~~~~~~
                comptime 
Imported from /Users/andrewhendel/CascadeProjects/mojolearn/bindings/_mojolearn_gbdt.mojo:59:
Imported from ./gbdt/estimator.mojo:67:
Imported from ./gbdt/methods/doc_parallel_boosting.mojo:48:
Imported from ./gbdt/methods/greedy_subsets_searcher/greedy_search_helper.mojo:103:
./gbdt/methods/greedy_subsets_searcher/kernel/point_hist_half_byte_template.mojo:338:5: warning: '@parameter for' is deprecated; use 'comptime for'
    @parameter
    ^~~~~~~~~~
    comptime 
Imported from /Users/andrewhendel/CascadeProjects/mojolearn/bindings/_mojolearn_gbdt.mojo:59:
Imported from ./gbdt/estimator.mojo:67:
Imported from ./gbdt/methods/doc_parallel_boosting.mojo:48:
Imported from ./gbdt/methods/greedy_subsets_searcher/greedy_search_helper.mojo:103:
./gbdt/methods/greedy_subsets_searcher/kernel/point_hist_half_byte_template.mojo:346:13: warning: positional `__getitem__` is deprecated, use `unsafe_offset=` instead
        smem[slot] = ftz(smem[slot] + stat)
        ~~~~^~~~~~
<unknown>:0: note: '__getitem__' declared here
Imported from /Users/andrewhendel/CascadeProjects/mojolearn/bindings/_mojolearn_gbdt.mojo:59:
Imported from ./gbdt/estimator.mojo:67:
Imported from ./gbdt/methods/doc_parallel_boosting.mojo:48:
Imported from ./gbdt/methods/greedy_subsets_searcher/greedy_search_helper.mojo:103:
./gbdt/methods/greedy_subsets_searcher/kernel/point_hist_half_byte_template.mojo:346:30: warning: positional `__getitem__` is deprecated, use `unsafe_offset=` instead
        smem[slot] = ftz(smem[slot] + stat)
                         ~~~~^~~~~~
<unknown>:0: note: '__getitem__' declared here
Imported from /Users/andrewhendel/CascadeProjects/mojolearn/bindings/_mojolearn_gbdt.mojo:59:
Imported from ./gbdt/estimator.mojo:67:
Imported from ./gbdt/methods/doc_parallel_boosting.mojo:48:
Imported from ./gbdt/methods/greedy_subsets_searcher/greedy_search_helper.mojo:116:
./gbdt/methods/greedy_subsets_searcher/kernel/hist_half_byte.mojo:163:23: warning: '__add__' is deprecated, use 'unsafe_offset' instead
    var bins_p = bins + Int(cindex_base_in) + bins_line_size * (
                 ~~~~~^~~~~~~~~~~~~~~~~~~~~
<unknown>:0: note: '__add__' declared here
Imported from /Users/andrewhendel/CascadeProjects/mojolearn/bindings/_mojolearn_gbdt.mojo:59:
Imported from ./gbdt/estimator.mojo:67:
Imported from ./gbdt/methods/doc_parallel_boosting.mojo:48:
Imported from ./gbdt/methods/greedy_subsets_searcher/greedy_search_helper.mojo:116:
./gbdt/methods/greedy_subsets_searcher/kernel/hist_half_byte.mojo:163:45: warning: '__add__' is deprecated, use 'unsafe_offset' instead
    var bins_p = bins + Int(cindex_base_in) + bins_line_size * (
                 ~~~~~~~~~~~~~~~~~~~~~~~~~~~^~~~~~~~~~~~~~~~~~~~
<unknown>:0: note: '__add__' declared here
Imported from /Users/andrewhendel/CascadeProjects/mojolearn/bindings/_mojolearn_gbdt.mojo:59:
Imported from ./gbdt/estimator.mojo:67:
Imported from ./gbdt/methods/doc_parallel_boosting.mojo:48:
Imported from ./gbdt/methods/greedy_subsets_searcher/greedy_search_helper.mojo:116:
./gbdt/methods/greedy_subsets_searcher/kernel/hist_half_byte.mojo:182:25: warning: '__add__' is deprecated, use 'unsafe_offset' instead
    var stats_p = stats + Int(block_idx.z) * stat_line_size
                  ~~~~~~^~~~~~~~~~~~~~~~~~~~~~~~~~~~~~~~~~~
<unknown>:0: note: '__add__' declared here
Imported from /Users/andrewhendel/CascadeProjects/mojolearn/bindings/_mojolearn_gbdt.mojo:59:
Imported from ./gbdt/estimator.mojo:67:
Imported from ./gbdt/methods/doc_parallel_boosting.mojo:48:
Imported from ./gbdt/methods/greedy_subsets_searcher/greedy_search_helper.mojo:116:
./gbdt/methods/greedy_subsets_searcher/kernel/hist_half_byte.mojo:195:13: warning: positional `__getitem__` is deprecated, use `unsafe_offset=` instead
        smem[z] = Float32(0.0)
        ~~~~^~~
<unknown>:0: note: '__getitem__' declared here
Imported from /Users/andrewhendel/CascadeProjects/mojolearn/bindings/_mojolearn_gbdt.mojo:59:
Imported from ./gbdt/estimator.mojo:67:
Imported from ./gbdt/methods/doc_parallel_boosting.mojo:48:
Imported from ./gbdt/methods/greedy_subsets_searcher/greedy_search_helper.mojo:116:
./gbdt/methods/greedy_subsets_searcher/kernel/hist_half_byte.mojo:249:29: warning: '__add__' is deprecated, use 'unsafe_offset' instead
            hb = ldg(bins_p + (p_offset + pe))
                     ~~~~~~~^~~~~~~~~~~~~~~~~
<unknown>:0: note: '__add__' declared here
Imported from /Users/andrewhendel/CascadeProjects/mojolearn/bindings/_mojolearn_gbdt.mojo:59:
Imported from ./gbdt/estimator.mojo:67:
Imported from ./gbdt/methods/doc_parallel_boosting.mojo:48:
Imported from ./gbdt/methods/greedy_subsets_searcher/greedy_search_helper.mojo:116:
./gbdt/methods/greedy_subsets_searcher/kernel/hist_half_byte.mojo:250:30: warning: '__add__' is deprecated, use 'unsafe_offset' instead
            hs = ldg(stats_p + (p_offset + pe))
                     ~~~~~~~~^~~~~~~~~~~~~~~~~
<unknown>:0: note: '__add__' declared here
Imported from /Users/andrewhendel/CascadeProjects/mojolearn/bindings/_mojolearn_gbdt.mojo:59:
Imported from ./gbdt/estimator.mojo:67:
Imported from ./gbdt/methods/doc_parallel_boosting.mojo:48:
Imported from ./gbdt/methods/greedy_subsets_searcher/greedy_search_helper.mojo:116:
./gbdt/methods/greedy_subsets_searcher/kernel/hist_half_byte.mojo:258:29: warning: '__add__' is deprecated, use 'unsafe_offset' instead
            tb = ldg(bins_p + (tail_start + pe))
                     ~~~~~~~^~~~~~~~~~~~~~~~~~~
<unknown>:0: note: '__add__' declared here
Imported from /Users/andrewhendel/CascadeProjects/mojolearn/bindings/_mojolearn_gbdt.mojo:59:
Imported from ./gbdt/estimator.mojo:67:
Imported from ./gbdt/methods/doc_parallel_boosting.mojo:48:
Imported from ./gbdt/methods/greedy_subsets_searcher/greedy_search_helper.mojo:116:
./gbdt/methods/greedy_subsets_searcher/kernel/hist_half_byte.mojo:259:30: warning: '__add__' is deprecated, use 'unsafe_offset' instead
            ts = ldg(stats_p + (tail_start + pe))
                     ~~~~~~~~^~~~~~~~~~~~~~~~~~~
<unknown>:0: note: '__add__' declared here
Imported from /Users/andrewhendel/CascadeProjects/mojolearn/bindings/_mojolearn_gbdt.mojo:59:
Imported from ./gbdt/estimator.mojo:67:
Imported from ./gbdt/methods/doc_parallel_boosting.mojo:48:
Imported from ./gbdt/methods/greedy_subsets_searcher/greedy_search_helper.mojo:116:
./gbdt/methods/greedy_subsets_searcher/kernel/hist_half_byte.mojo:283:5: warning: '@parameter if' is deprecated; use 'comptime if'
    @parameter
    ^~~~~~~~~~
    comptime 
Imported from /Users/andrewhendel/CascadeProjects/mojolearn/bindings/_mojolearn_gbdt.mojo:59:
Imported from ./gbdt/estimator.mojo:67:
Imported from ./gbdt/methods/doc_parallel_boosting.mojo:48:
Imported from ./gbdt/methods/greedy_subsets_searcher/greedy_search_helper.mojo:116:
./gbdt/methods/greedy_subsets_searcher/kernel/hist_half_byte.mojo:309:24: warning: '__add__' is deprecated, use 'unsafe_offset' instead
    var b_ptr = bins_p + base
                ~~~~~~~^~~~~~
<unknown>:0: note: '__add__' declared here
Imported from /Users/andrewhendel/CascadeProjects/mojolearn/bindings/_mojolearn_gbdt.mojo:59:
Imported from ./gbdt/estimator.mojo:67:
Imported from ./gbdt/methods/doc_parallel_boosting.mojo:48:
Imported from ./gbdt/methods/greedy_subsets_searcher/greedy_search_helper.mojo:116:
./gbdt/methods/greedy_subsets_searcher/kernel/hist_half_byte.mojo:310:25: warning: '__add__' is deprecated, use 'unsafe_offset' instead
    var s_ptr = stats_p + base
                ~~~~~~~~^~~~~~
<unknown>:0: note: '__add__' declared here
Imported from /Users/andrewhendel/CascadeProjects/mojolearn/bindings/_mojolearn_gbdt.mojo:59:
Imported from ./gbdt/estimator.mojo:67:
Imported from ./gbdt/methods/doc_parallel_boosting.mojo:48:
Imported from ./gbdt/methods/greedy_subsets_searcher/greedy_search_helper.mojo:116:
./gbdt/methods/greedy_subsets_searcher/kernel/hist_half_byte.mojo:329:9: warning: '@parameter for' is deprecated; use 'comptime for'
        @parameter
        ^~~~~~~~~~
        comptime 
Imported from /Users/andrewhendel/CascadeProjects/mojolearn/bindings/_mojolearn_gbdt.mojo:59:
Imported from ./gbdt/estimator.mojo:67:
Imported from ./gbdt/methods/doc_parallel_boosting.mojo:48:
Imported from ./gbdt/methods/greedy_subsets_searcher/greedy_search_helper.mojo:116:
./gbdt/methods/greedy_subsets_searcher/kernel/hist_half_byte.mojo:342:27: warning: '__add__' is deprecated, use 'unsafe_offset' instead
                    b_ptr + LANE_WIDTH * LOAD_SIZE * k
                    ~~~~~~^~~~~~~~~~~~~~~~~~~~~~~~~~~~
<unknown>:0: note: '__add__' declared here
Imported from /Users/andrewhendel/CascadeProjects/mojolearn/bindings/_mojolearn_gbdt.mojo:59:
Imported from ./gbdt/estimator.mojo:67:
Imported from ./gbdt/methods/doc_parallel_boosting.mojo:48:
Imported from ./gbdt/methods/greedy_subsets_searcher/greedy_search_helper.mojo:116:
./gbdt/methods/greedy_subsets_searcher/kernel/hist_half_byte.mojo:345:27: warning: '__add__' is deprecated, use 'unsafe_offset' instead
                    s_ptr + LANE_WIDTH * LOAD_SIZE * k
                    ~~~~~~^~~~~~~~~~~~~~~~~~~~~~~~~~~~
<unknown>:0: note: '__add__' declared here
Imported from /Users/andrewhendel/CascadeProjects/mojolearn/bindings/_mojolearn_gbdt.mojo:59:
Imported from ./gbdt/estimator.mojo:67:
Imported from ./gbdt/methods/doc_parallel_boosting.mojo:48:
Imported from ./gbdt/methods/greedy_subsets_searcher/greedy_search_helper.mojo:116:
./gbdt/methods/greedy_subsets_searcher/kernel/hist_half_byte.mojo:348:17: warning: '@parameter for' is deprecated; use 'comptime for'
                @parameter
                ^~~~~~~~~~
                comptime 
Imported from /Users/andrewhendel/CascadeProjects/mojolearn/bindings/_mojolearn_gbdt.mojo:59:
Imported from ./gbdt/estimator.mojo:67:
Imported from ./gbdt/methods/doc_parallel_boosting.mojo:48:
Imported from ./gbdt/methods/greedy_subsets_searcher/greedy_search_helper.mojo:116:
./gbdt/methods/greedy_subsets_searcher/kernel/hist_half_byte.mojo:356:17: warning: '@parameter for' is deprecated; use 'comptime for'
                @parameter
                ^~~~~~~~~~
                comptime 
Imported from /Users/andrewhendel/CascadeProjects/mojolearn/bindings/_mojolearn_gbdt.mojo:59:
Imported from ./gbdt/estimator.mojo:67:
Imported from ./gbdt/methods/doc_parallel_boosting.mojo:48:
Imported from ./gbdt/methods/greedy_subsets_searcher/greedy_search_helper.mojo:116:
./gbdt/methods/greedy_subsets_searcher/kernel/hist_half_byte.mojo:377:9: warning: '@parameter for' is deprecated; use 'comptime for'
        @parameter
        ^~~~~~~~~~
        comptime 
Imported from /Users/andrewhendel/CascadeProjects/mojolearn/bindings/_mojolearn_gbdt.mojo:59:
Imported from ./gbdt/estimator.mojo:67:
Imported from ./gbdt/methods/doc_parallel_boosting.mojo:48:
Imported from ./gbdt/methods/greedy_subsets_searcher/greedy_search_helper.mojo:116:
./gbdt/methods/greedy_subsets_searcher/kernel/hist_half_byte.mojo:380:13: warning: '@parameter for' is deprecated; use 'comptime for'
            @parameter
            ^~~~~~~~~~
            comptime 
Imported from /Users/andrewhendel/CascadeProjects/mojolearn/bindings/_mojolearn_gbdt.mojo:59:
Imported from ./gbdt/estimator.mojo:67:
Imported from ./gbdt/methods/doc_parallel_boosting.mojo:48:
Imported from ./gbdt/methods/greedy_subsets_searcher/greedy_search_helper.mojo:116:
./gbdt/methods/greedy_subsets_searcher/kernel/hist_half_byte.mojo:383:17: warning: '@parameter for' is deprecated; use 'comptime for'
                @parameter
                ^~~~~~~~~~
                comptime 
Imported from /Users/andrewhendel/CascadeProjects/mojolearn/bindings/_mojolearn_gbdt.mojo:59:
Imported from ./gbdt/estimator.mojo:67:
Imported from ./gbdt/methods/doc_parallel_boosting.mojo:48:
Imported from ./gbdt/methods/greedy_subsets_searcher/greedy_search_helper.mojo:116:
./gbdt/methods/greedy_subsets_searcher/kernel/hist_half_byte.mojo:392:25: warning: positional `__getitem__` is deprecated, use `unsafe_offset=` instead
                    smem[slot] = ftz(smem[slot] + t)
                    ~~~~^~~~~~
<unknown>:0: note: '__getitem__' declared here
Imported from /Users/andrewhendel/CascadeProjects/mojolearn/bindings/_mojolearn_gbdt.mojo:59:
Imported from ./gbdt/estimator.mojo:67:
Imported from ./gbdt/methods/doc_parallel_boosting.mojo:48:
Imported from ./gbdt/methods/greedy_subsets_searcher/greedy_search_helper.mojo:116:
./gbdt/methods/greedy_subsets_searcher/kernel/hist_half_byte.mojo:392:42: warning: positional `__getitem__` is deprecated, use `unsafe_offset=` instead
                    smem[slot] = ftz(smem[slot] + t)
                                     ~~~~^~~~~~
<unknown>:0: note: '__getitem__' declared here
Imported from /Users/andrewhendel/CascadeProjects/mojolearn/bindings/_mojolearn_gbdt.mojo:59:
Imported from ./gbdt/estimator.mojo:67:
Imported from ./gbdt/methods/doc_parallel_boosting.mojo:48:
Imported from ./gbdt/methods/greedy_subsets_searcher/greedy_search_helper.mojo:116:
./gbdt/methods/greedy_subsets_searcher/kernel/hist_half_byte.mojo:401:15: warning: '__iadd__' is deprecated, use 'unsafe_offset' instead
        b_ptr += stripe_size
        ~~~~~~^~~~~~~~~~~~~~
<unknown>:0: note: '__iadd__' declared here
Imported from /Users/andrewhendel/CascadeProjects/mojolearn/bindings/_mojolearn_gbdt.mojo:59:
Imported from ./gbdt/estimator.mojo:67:
Imported from ./gbdt/methods/doc_parallel_boosting.mojo:48:
Imported from ./gbdt/methods/greedy_subsets_searcher/greedy_search_helper.mojo:116:
./gbdt/methods/greedy_subsets_searcher/kernel/hist_half_byte.mojo:402:15: warning: '__iadd__' is deprecated, use 'unsafe_offset' instead
        s_ptr += stripe_size
        ~~~~~~^~~~~~~~~~~~~~
<unknown>:0: note: '__iadd__' declared here
Imported from /Users/andrewhendel/CascadeProjects/mojolearn/bindings/_mojolearn_gbdt.mojo:59:
Imported from ./gbdt/estimator.mojo:67:
Imported from ./gbdt/methods/doc_parallel_boosting.mojo:48:
Imported from ./gbdt/methods/greedy_subsets_searcher/greedy_search_helper.mojo:116:
./gbdt/methods/greedy_subsets_searcher/kernel/hist_half_byte.mojo:415:33: warning: positional `__getitem__` is deprecated, use `unsafe_offset=` instead
            acc = ftz(acc + smem[i2])
                            ~~~~^~~~
<unknown>:0: note: '__getitem__' declared here
Imported from /Users/andrewhendel/CascadeProjects/mojolearn/bindings/_mojolearn_gbdt.mojo:59:
Imported from ./gbdt/estimator.mojo:67:
Imported from ./gbdt/methods/doc_parallel_boosting.mojo:48:
Imported from ./gbdt/methods/greedy_subsets_searcher/greedy_search_helper.mojo:116:
./gbdt/methods/greedy_subsets_searcher/kernel/hist_half_byte.mojo:418:13: warning: positional `__getitem__` is deprecated, use `unsafe_offset=` instead
        smem[slot_i] = acc
        ~~~~^~~~~~~~
<unknown>:0: note: '__getitem__' declared here
Imported from /Users/andrewhendel/CascadeProjects/mojolearn/bindings/_mojolearn_gbdt.mojo:59:
Imported from ./gbdt/estimator.mojo:67:
Imported from ./gbdt/methods/doc_parallel_boosting.mojo:48:
Imported from ./gbdt/methods/greedy_subsets_searcher/greedy_search_helper.mojo:116:
./gbdt/methods/greedy_subsets_searcher/kernel/hist_half_byte.mojo:424:9: warning: '@parameter for' is deprecated; use 'comptime for'
        @parameter
        ^~~~~~~~~~
        comptime 
Imported from /Users/andrewhendel/CascadeProjects/mojolearn/bindings/_mojolearn_gbdt.mojo:59:
Imported from ./gbdt/estimator.mojo:67:
Imported from ./gbdt/methods/doc_parallel_boosting.mojo:48:
Imported from ./gbdt/methods/greedy_subsets_searcher/greedy_search_helper.mojo:116:
./gbdt/methods/greedy_subsets_searcher/kernel/hist_half_byte.mojo:428:35: warning: positional `__getitem__` is deprecated, use `unsafe_offset=` instead
            acc2 = ftz(acc2 + smem[reduce_stage2_slot(tid, group)])
                              ~~~~^~~~~~~~~~~~~~~~~~~~~~~~~~~~~~~~
<unknown>:0: note: '__getitem__' declared here
Imported from /Users/andrewhendel/CascadeProjects/mojolearn/bindings/_mojolearn_gbdt.mojo:59:
Imported from ./gbdt/estimator.mojo:67:
Imported from ./gbdt/methods/doc_parallel_boosting.mojo:48:
Imported from ./gbdt/methods/greedy_subsets_searcher/greedy_search_helper.mojo:116:
./gbdt/methods/greedy_subsets_searcher/kernel/hist_half_byte.mojo:431:13: warning: positional `__getitem__` is deprecated, use `unsafe_offset=` instead
        smem[tid] = acc2
        ~~~~^~~~~
<unknown>:0: note: '__getitem__' declared here
Imported from /Users/andrewhendel/CascadeProjects/mojolearn/bindings/_mojolearn_gbdt.mojo:59:
Imported from ./gbdt/estimator.mojo:67:
Imported from ./gbdt/methods/doc_parallel_boosting.mojo:48:
Imported from ./gbdt/methods/greedy_subsets_searcher/greedy_search_helper.mojo:116:
./gbdt/methods/greedy_subsets_searcher/kernel/hist_half_byte.mojo:456:17: warning: '__add__' is deprecated, use 'unsafe_offset' instead
                + device_offset
~~~~~~~~~~~~~~~~^~~~~~~~~~~~~~~
<unknown>:0: note: '__add__' declared here
Imported from /Users/andrewhendel/CascadeProjects/mojolearn/bindings/_mojolearn_gbdt.mojo:59:
Imported from ./gbdt/estimator.mojo:67:
Imported from ./gbdt/methods/doc_parallel_boosting.mojo:48:
Imported from ./gbdt/methods/greedy_subsets_searcher/greedy_search_helper.mojo:116:
./gbdt/methods/greedy_subsets_searcher/kernel/hist_half_byte.mojo:459:17: warning: '__add__' is deprecated, use 'unsafe_offset' instead
                + Int(block_idx.y) * entries_per_leaf
~~~~~~~~~~~~~~~~^~~~~~~~~~~~~~~~~~~~~~~~~~~~~~~~~~~~~
<unknown>:0: note: '__add__' declared here
Imported from /Users/andrewhendel/CascadeProjects/mojolearn/bindings/_mojolearn_gbdt.mojo:59:
Imported from ./gbdt/estimator.mojo:67:
Imported from ./gbdt/methods/doc_parallel_boosting.mojo:48:
Imported from ./gbdt/methods/greedy_subsets_searcher/greedy_search_helper.mojo:116:
./gbdt/methods/greedy_subsets_searcher/kernel/hist_half_byte.mojo:460:17: warning: '__add__' is deprecated, use 'unsafe_offset' instead
                + Int(block_idx.z) * group_size
~~~~~~~~~~~~~~~~^~~~~~~~~~~~~~~~~~~~~~~~~~~~~~~
<unknown>:0: note: '__add__' declared here
Imported from /Users/andrewhendel/CascadeProjects/mojolearn/bindings/_mojolearn_gbdt.mojo:59:
Imported from ./gbdt/estimator.mojo:67:
Imported from ./gbdt/methods/doc_parallel_boosting.mojo:48:
Imported from ./gbdt/methods/greedy_subsets_searcher/greedy_search_helper.mojo:116:
./gbdt/methods/greedy_subsets_searcher/kernel/hist_half_byte.mojo:461:17: warning: '__add__' is deprecated, use 'unsafe_offset' instead
                + Int(feature_fold_offset.unsafe_load(feature_offset + fid))
~~~~~~~~~~~~~~~~^~~~~~~~~~~~~~~~~~~~~~~~~~~~~~~~~~~~~~~~~~~~~~~~~~~~~~~~~~~~
<unknown>:0: note: '__add__' declared here
Imported from /Users/andrewhendel/CascadeProjects/mojolearn/bindings/_mojolearn_gbdt.mojo:59:
Imported from ./gbdt/estimator.mojo:67:
Imported from ./gbdt/methods/doc_parallel_boosting.mojo:48:
Imported from ./gbdt/methods/greedy_subsets_searcher/greedy_search_helper.mojo:116:
./gbdt/methods/greedy_subsets_searcher/kernel/hist_half_byte.mojo:463:27: warning: positional `__getitem__` is deprecated, use `unsafe_offset=` instead
            var val = smem[fid + 8 * fold]
                      ~~~~^~~~~~~~~~~~~~~~
<unknown>:0: note: '__getitem__' declared here
Imported from /Users/andrewhendel/CascadeProjects/mojolearn/bindings/_mojolearn_gbdt.mojo:59:
Imported from ./gbdt/estimator.mojo:67:
Imported from ./gbdt/methods/doc_parallel_boosting.mojo:48:
Imported from ./gbdt/methods/greedy_subsets_searcher/greedy_search_helper.mojo:116:
./gbdt/methods/greedy_subsets_searcher/kernel/hist_half_byte.mojo:504:17: warning: '@parameter if' is deprecated; use 'comptime if'
                @parameter
                ^~~~~~~~~~
                comptime 
Imported from /Users/andrewhendel/CascadeProjects/mojolearn/bindings/_mojolearn_gbdt.mojo:59:
Imported from ./gbdt/estimator.mojo:67:
Imported from ./gbdt/methods/doc_parallel_boosting.mojo:48:
Imported from ./gbdt/methods/greedy_subsets_searcher/greedy_search_helper.mojo:116:
./gbdt/methods/greedy_subsets_searcher/kernel/hist_half_byte.mojo:602:27: warning: '__add__' is deprecated, use 'unsafe_offset' instead
    var cindex_p = cindex + Int(cindex_base_in) + bins_line_size * (
                   ~~~~~~~^~~~~~~~~~~~~~~~~~~~~
<unknown>:0: note: '__add__' declared here
Imported from /Users/andrewhendel/CascadeProjects/mojolearn/bindings/_mojolearn_gbdt.mojo:59:
Imported from ./gbdt/estimator.mojo:67:
Imported from ./gbdt/methods/doc_parallel_boosting.mojo:48:
Imported from ./gbdt/methods/greedy_subsets_searcher/greedy_search_helper.mojo:116:
./gbdt/methods/greedy_subsets_searcher/kernel/hist_half_byte.mojo:602:49: warning: '__add__' is deprecated, use 'unsafe_offset' instead
    var cindex_p = cindex + Int(cindex_base_in) + bins_line_size * (
                   ~~~~~~~~~~~~~~~~~~~~~~~~~~~~~^~~~~~~~~~~~~~~~~~~~
<unknown>:0: note: '__add__' declared here
Imported from /Users/andrewhendel/CascadeProjects/mojolearn/bindings/_mojolearn_gbdt.mojo:59:
Imported from ./gbdt/estimator.mojo:67:
Imported from ./gbdt/methods/doc_parallel_boosting.mojo:48:
Imported from ./gbdt/methods/greedy_subsets_searcher/greedy_search_helper.mojo:116:
./gbdt/methods/greedy_subsets_searcher/kernel/hist_half_byte.mojo:622:25: warning: '__add__' is deprecated, use 'unsafe_offset' instead
    var stats_p = stats + Int(block_idx.z) * stat_line_size
                  ~~~~~~^~~~~~~~~~~~~~~~~~~~~~~~~~~~~~~~~~~
<unknown>:0: note: '__add__' declared here
Imported from /Users/andrewhendel/CascadeProjects/mojolearn/bindings/_mojolearn_gbdt.mojo:59:
Imported from ./gbdt/estimator.mojo:67:
Imported from ./gbdt/methods/doc_parallel_boosting.mojo:48:
Imported from ./gbdt/methods/greedy_subsets_searcher/greedy_search_helper.mojo:116:
./gbdt/methods/greedy_subsets_searcher/kernel/hist_half_byte.mojo:635:13: warning: positional `__getitem__` is deprecated, use `unsafe_offset=` instead
        smem[z] = Float32(0.0)
        ~~~~^~~
<unknown>:0: note: '__getitem__' declared here
Imported from /Users/andrewhendel/CascadeProjects/mojolearn/bindings/_mojolearn_gbdt.mojo:59:
Imported from ./gbdt/estimator.mojo:67:
Imported from ./gbdt/methods/doc_parallel_boosting.mojo:48:
Imported from ./gbdt/methods/greedy_subsets_searcher/greedy_search_helper.mojo:116:
./gbdt/methods/greedy_subsets_searcher/kernel/hist_half_byte.mojo:689:40: warning: '__add__' is deprecated, use 'unsafe_offset' instead
            var hrow = Int(ldg(indices + (p_offset + pe)))
                               ~~~~~~~~^~~~~~~~~~~~~~~~~
<unknown>:0: note: '__add__' declared here
Imported from /Users/andrewhendel/CascadeProjects/mojolearn/bindings/_mojolearn_gbdt.mojo:59:
Imported from ./gbdt/estimator.mojo:67:
Imported from ./gbdt/methods/doc_parallel_boosting.mojo:48:
Imported from ./gbdt/methods/greedy_subsets_searcher/greedy_search_helper.mojo:116:
./gbdt/methods/greedy_subsets_searcher/kernel/hist_half_byte.mojo:690:31: warning: '__add__' is deprecated, use 'unsafe_offset' instead
            hb = ldg(cindex_p + hrow)
                     ~~~~~~~~~^~~~~~
<unknown>:0: note: '__add__' declared here
Imported from /Users/andrewhendel/CascadeProjects/mojolearn/bindings/_mojolearn_gbdt.mojo:59:
Imported from ./gbdt/estimator.mojo:67:
Imported from ./gbdt/methods/doc_parallel_boosting.mojo:48:
Imported from ./gbdt/methods/greedy_subsets_searcher/greedy_search_helper.mojo:116:
./gbdt/methods/greedy_subsets_searcher/kernel/hist_half_byte.mojo:692:13: warning: '@parameter if' is deprecated; use 'comptime if'
            @parameter
            ^~~~~~~~~~
            comptime 
Imported from /Users/andrewhendel/CascadeProjects/mojolearn/bindings/_mojolearn_gbdt.mojo:59:
Imported from ./gbdt/estimator.mojo:67:
Imported from ./gbdt/methods/doc_parallel_boosting.mojo:48:
Imported from ./gbdt/methods/greedy_subsets_searcher/greedy_search_helper.mojo:116:
./gbdt/methods/greedy_subsets_searcher/kernel/hist_half_byte.mojo:697:34: warning: '__add__' is deprecated, use 'unsafe_offset' instead
                hs = ldg(stats_p + hrow)
                         ~~~~~~~~^~~~~~
<unknown>:0: note: '__add__' declared here
Imported from /Users/andrewhendel/CascadeProjects/mojolearn/bindings/_mojolearn_gbdt.mojo:59:
Imported from ./gbdt/estimator.mojo:67:
Imported from ./gbdt/methods/doc_parallel_boosting.mojo:48:
Imported from ./gbdt/methods/greedy_subsets_searcher/greedy_search_helper.mojo:116:
./gbdt/methods/greedy_subsets_searcher/kernel/hist_half_byte.mojo:699:34: warning: '__add__' is deprecated, use 'unsafe_offset' instead
                hs = ldg(stats_p + (p_offset + pe))
                         ~~~~~~~~^~~~~~~~~~~~~~~~~
<unknown>:0: note: '__add__' declared here
Imported from /Users/andrewhendel/CascadeProjects/mojolearn/bindings/_mojolearn_gbdt.mojo:59:
Imported from ./gbdt/estimator.mojo:67:
Imported from ./gbdt/methods/doc_parallel_boosting.mojo:48:
Imported from ./gbdt/methods/greedy_subsets_searcher/greedy_search_helper.mojo:116:
./gbdt/methods/greedy_subsets_searcher/kernel/hist_half_byte.mojo:708:40: warning: '__add__' is deprecated, use 'unsafe_offset' instead
            var trow = Int(ldg(indices + (tail_start + pe)))
                               ~~~~~~~~^~~~~~~~~~~~~~~~~~~
<unknown>:0: note: '__add__' declared here
Imported from /Users/andrewhendel/CascadeProjects/mojolearn/bindings/_mojolearn_gbdt.mojo:59:
Imported from ./gbdt/estimator.mojo:67:
Imported from ./gbdt/methods/doc_parallel_boosting.mojo:48:
Imported from ./gbdt/methods/greedy_subsets_searcher/greedy_search_helper.mojo:116:
./gbdt/methods/greedy_subsets_searcher/kernel/hist_half_byte.mojo:709:31: warning: '__add__' is deprecated, use 'unsafe_offset' instead
            tb = ldg(cindex_p + trow)
                     ~~~~~~~~~^~~~~~
<unknown>:0: note: '__add__' declared here
Imported from /Users/andrewhendel/CascadeProjects/mojolearn/bindings/_mojolearn_gbdt.mojo:59:
Imported from ./gbdt/estimator.mojo:67:
Imported from ./gbdt/methods/doc_parallel_boosting.mojo:48:
Imported from ./gbdt/methods/greedy_subsets_searcher/greedy_search_helper.mojo:116:
./gbdt/methods/greedy_subsets_searcher/kernel/hist_half_byte.mojo:711:13: warning: '@parameter if' is deprecated; use 'comptime if'
            @parameter
            ^~~~~~~~~~
            comptime 
Imported from /Users/andrewhendel/CascadeProjects/mojolearn/bindings/_mojolearn_gbdt.mojo:59:
Imported from ./gbdt/estimator.mojo:67:
Imported from ./gbdt/methods/doc_parallel_boosting.mojo:48:
Imported from ./gbdt/methods/greedy_subsets_searcher/greedy_search_helper.mojo:116:
./gbdt/methods/greedy_subsets_searcher/kernel/hist_half_byte.mojo:714:34: warning: '__add__' is deprecated, use 'unsafe_offset' instead
                ts = ldg(stats_p + trow)
                         ~~~~~~~~^~~~~~
<unknown>:0: note: '__add__' declared here
Imported from /Users/andrewhendel/CascadeProjects/mojolearn/bindings/_mojolearn_gbdt.mojo:59:
Imported from ./gbdt/estimator.mojo:67:
Imported from ./gbdt/methods/doc_parallel_boosting.mojo:48:
Imported from ./gbdt/methods/greedy_subsets_searcher/greedy_search_helper.mojo:116:
./gbdt/methods/greedy_subsets_searcher/kernel/hist_half_byte.mojo:716:34: warning: '__add__' is deprecated, use 'unsafe_offset' instead
                ts = ldg(stats_p + (tail_start + pe))
                         ~~~~~~~~^~~~~~~~~~~~~~~~~~~
<unknown>:0: note: '__add__' declared here
Imported from /Users/andrewhendel/CascadeProjects/mojolearn/bindings/_mojolearn_gbdt.mojo:59:
Imported from ./gbdt/estimator.mojo:67:
Imported from ./gbdt/methods/doc_parallel_boosting.mojo:48:
Imported from ./gbdt/methods/greedy_subsets_searcher/greedy_search_helper.mojo:116:
./gbdt/methods/greedy_subsets_searcher/kernel/hist_half_byte.mojo:740:5: warning: '@parameter if' is deprecated; use 'comptime if'
    @parameter
    ^~~~~~~~~~
    comptime 
Imported from /Users/andrewhendel/CascadeProjects/mojolearn/bindings/_mojolearn_gbdt.mojo:59:
Imported from ./gbdt/estimator.mojo:67:
Imported from ./gbdt/methods/doc_parallel_boosting.mojo:48:
Imported from ./gbdt/methods/greedy_subsets_searcher/greedy_search_helper.mojo:116:
./gbdt/methods/greedy_subsets_searcher/kernel/hist_half_byte.mojo:766:23: warning: '__add__' is deprecated, use 'unsafe_offset' instead
    var i_ptr = idx_p + base
                ~~~~~~^~~~~~
<unknown>:0: note: '__add__' declared here
Imported from /Users/andrewhendel/CascadeProjects/mojolearn/bindings/_mojolearn_gbdt.mojo:59:
Imported from ./gbdt/estimator.mojo:67:
Imported from ./gbdt/methods/doc_parallel_boosting.mojo:48:
Imported from ./gbdt/methods/greedy_subsets_searcher/greedy_search_helper.mojo:116:
./gbdt/methods/greedy_subsets_searcher/kernel/hist_half_byte.mojo:767:25: warning: '__add__' is deprecated, use 'unsafe_offset' instead
    var s_ptr = stats_p + base
                ~~~~~~~~^~~~~~
<unknown>:0: note: '__add__' declared here
Imported from /Users/andrewhendel/CascadeProjects/mojolearn/bindings/_mojolearn_gbdt.mojo:59:
Imported from ./gbdt/estimator.mojo:67:
Imported from ./gbdt/methods/doc_parallel_boosting.mojo:48:
Imported from ./gbdt/methods/greedy_subsets_searcher/greedy_search_helper.mojo:116:
./gbdt/methods/greedy_subsets_searcher/kernel/hist_half_byte.mojo:789:9: warning: '@parameter for' is deprecated; use 'comptime for'
        @parameter
        ^~~~~~~~~~
        comptime 
Imported from /Users/andrewhendel/CascadeProjects/mojolearn/bindings/_mojolearn_gbdt.mojo:59:
Imported from ./gbdt/estimator.mojo:67:
Imported from ./gbdt/methods/doc_parallel_boosting.mojo:48:
Imported from ./gbdt/methods/greedy_subsets_searcher/greedy_search_helper.mojo:116:
./gbdt/methods/greedy_subsets_searcher/kernel/hist_half_byte.mojo:802:27: warning: '__add__' is deprecated, use 'unsafe_offset' instead
                    i_ptr + LANE_WIDTH * LOAD_SIZE * k
                    ~~~~~~^~~~~~~~~~~~~~~~~~~~~~~~~~~~
<unknown>:0: note: '__add__' declared here
Imported from /Users/andrewhendel/CascadeProjects/mojolearn/bindings/_mojolearn_gbdt.mojo:59:
Imported from ./gbdt/estimator.mojo:67:
Imported from ./gbdt/methods/doc_parallel_boosting.mojo:48:
Imported from ./gbdt/methods/greedy_subsets_searcher/greedy_search_helper.mojo:116:
./gbdt/methods/greedy_subsets_searcher/kernel/hist_half_byte.mojo:806:17: warning: '@parameter if' is deprecated; use 'comptime if'
                @parameter
                ^~~~~~~~~~
                comptime 
Imported from /Users/andrewhendel/CascadeProjects/mojolearn/bindings/_mojolearn_gbdt.mojo:59:
Imported from ./gbdt/estimator.mojo:67:
Imported from ./gbdt/methods/doc_parallel_boosting.mojo:48:
Imported from ./gbdt/methods/greedy_subsets_searcher/greedy_search_helper.mojo:116:
./gbdt/methods/greedy_subsets_searcher/kernel/hist_half_byte.mojo:809:31: warning: '__add__' is deprecated, use 'unsafe_offset' instead
                        s_ptr + LANE_WIDTH * LOAD_SIZE * k
                        ~~~~~~^~~~~~~~~~~~~~~~~~~~~~~~~~~~
<unknown>:0: note: '__add__' declared here
Imported from /Users/andrewhendel/CascadeProjects/mojolearn/bindings/_mojolearn_gbdt.mojo:59:
Imported from ./gbdt/estimator.mojo:67:
Imported from ./gbdt/methods/doc_parallel_boosting.mojo:48:
Imported from ./gbdt/methods/greedy_subsets_searcher/greedy_search_helper.mojo:116:
./gbdt/methods/greedy_subsets_searcher/kernel/hist_half_byte.mojo:812:17: warning: '@parameter for' is deprecated; use 'comptime for'
                @parameter
                ^~~~~~~~~~
                comptime 
Imported from /Users/andrewhendel/CascadeProjects/mojolearn/bindings/_mojolearn_gbdt.mojo:59:
Imported from ./gbdt/estimator.mojo:67:
Imported from ./gbdt/methods/doc_parallel_boosting.mojo:48:
Imported from ./gbdt/methods/greedy_subsets_searcher/greedy_search_helper.mojo:116:
./gbdt/methods/greedy_subsets_searcher/kernel/hist_half_byte.mojo:822:34: warning: '__add__' is deprecated, use 'unsafe_offset' instead
                        cindex_p + Int(vi[e])
                        ~~~~~~~~~^~~~~~~~~~~~
<unknown>:0: note: '__add__' declared here
Imported from /Users/andrewhendel/CascadeProjects/mojolearn/bindings/_mojolearn_gbdt.mojo:59:
Imported from ./gbdt/estimator.mojo:67:
Imported from ./gbdt/methods/doc_parallel_boosting.mojo:48:
Imported from ./gbdt/methods/greedy_subsets_searcher/greedy_search_helper.mojo:116:
./gbdt/methods/greedy_subsets_searcher/kernel/hist_half_byte.mojo:825:21: warning: '@parameter if' is deprecated; use 'comptime if'
                    @parameter
                    ^~~~~~~~~~
                    comptime 
Imported from /Users/andrewhendel/CascadeProjects/mojolearn/bindings/_mojolearn_gbdt.mojo:59:
Imported from ./gbdt/estimator.mojo:67:
Imported from ./gbdt/methods/doc_parallel_boosting.mojo:48:
Imported from ./gbdt/methods/greedy_subsets_searcher/greedy_search_helper.mojo:116:
./gbdt/methods/greedy_subsets_searcher/kernel/hist_half_byte.mojo:830:45: warning: '__add__' is deprecated, use 'unsafe_offset' instead
                        vs[e] = ldg(stats_p + Int(vi[e]))
                                    ~~~~~~~~^~~~~~~~~~~~
<unknown>:0: note: '__add__' declared here
Imported from /Users/andrewhendel/CascadeProjects/mojolearn/bindings/_mojolearn_gbdt.mojo:59:
Imported from ./gbdt/estimator.mojo:67:
Imported from ./gbdt/methods/doc_parallel_boosting.mojo:48:
Imported from ./gbdt/methods/greedy_subsets_searcher/greedy_search_helper.mojo:116:
./gbdt/methods/greedy_subsets_searcher/kernel/hist_half_byte.mojo:836:17: warning: '@parameter for' is deprecated; use 'comptime for'
                @parameter
                ^~~~~~~~~~
                comptime 
Imported from /Users/andrewhendel/CascadeProjects/mojolearn/bindings/_mojolearn_gbdt.mojo:59:
Imported from ./gbdt/estimator.mojo:67:
Imported from ./gbdt/methods/doc_parallel_boosting.mojo:48:
Imported from ./gbdt/methods/greedy_subsets_searcher/greedy_search_helper.mojo:116:
./gbdt/methods/greedy_subsets_searcher/kernel/hist_half_byte.mojo:857:9: warning: '@parameter for' is deprecated; use 'comptime for'
        @parameter
        ^~~~~~~~~~
        comptime 
Imported from /Users/andrewhendel/CascadeProjects/mojolearn/bindings/_mojolearn_gbdt.mojo:59:
Imported from ./gbdt/estimator.mojo:67:
Imported from ./gbdt/methods/doc_parallel_boosting.mojo:48:
Imported from ./gbdt/methods/greedy_subsets_searcher/greedy_search_helper.mojo:116:
./gbdt/methods/greedy_subsets_searcher/kernel/hist_half_byte.mojo:860:13: warning: '@parameter for' is deprecated; use 'comptime for'
            @parameter
            ^~~~~~~~~~
            comptime 
Imported from /Users/andrewhendel/CascadeProjects/mojolearn/bindings/_mojolearn_gbdt.mojo:59:
Imported from ./gbdt/estimator.mojo:67:
Imported from ./gbdt/methods/doc_parallel_boosting.mojo:48:
Imported from ./gbdt/methods/greedy_subsets_searcher/greedy_search_helper.mojo:116:
./gbdt/methods/greedy_subsets_searcher/kernel/hist_half_byte.mojo:863:17: warning: '@parameter for' is deprecated; use 'comptime for'
                @parameter
                ^~~~~~~~~~
                comptime 
Imported from /Users/andrewhendel/CascadeProjects/mojolearn/bindings/_mojolearn_gbdt.mojo:59:
Imported from ./gbdt/estimator.mojo:67:
Imported from ./gbdt/methods/doc_parallel_boosting.mojo:48:
Imported from ./gbdt/methods/greedy_subsets_searcher/greedy_search_helper.mojo:116:
./gbdt/methods/greedy_subsets_searcher/kernel/hist_half_byte.mojo:872:25: warning: positional `__getitem__` is deprecated, use `unsafe_offset=` instead
                    smem[slot] = ftz(smem[slot] + t)
                    ~~~~^~~~~~
<unknown>:0: note: '__getitem__' declared here
Imported from /Users/andrewhendel/CascadeProjects/mojolearn/bindings/_mojolearn_gbdt.mojo:59:
Imported from ./gbdt/estimator.mojo:67:
Imported from ./gbdt/methods/doc_parallel_boosting.mojo:48:
Imported from ./gbdt/methods/greedy_subsets_searcher/greedy_search_helper.mojo:116:
./gbdt/methods/greedy_subsets_searcher/kernel/hist_half_byte.mojo:872:42: warning: positional `__getitem__` is deprecated, use `unsafe_offset=` instead
                    smem[slot] = ftz(smem[slot] + t)
                                     ~~~~^~~~~~
<unknown>:0: note: '__getitem__' declared here
Imported from /Users/andrewhendel/CascadeProjects/mojolearn/bindings/_mojolearn_gbdt.mojo:59:
Imported from ./gbdt/estimator.mojo:67:
Imported from ./gbdt/methods/doc_parallel_boosting.mojo:48:
Imported from ./gbdt/methods/greedy_subsets_searcher/greedy_search_helper.mojo:116:
./gbdt/methods/greedy_subsets_searcher/kernel/hist_half_byte.mojo:881:15: warning: '__iadd__' is deprecated, use 'unsafe_offset' instead
        i_ptr += stripe_size
        ~~~~~~^~~~~~~~~~~~~~
<unknown>:0: note: '__iadd__' declared here
Imported from /Users/andrewhendel/CascadeProjects/mojolearn/bindings/_mojolearn_gbdt.mojo:59:
Imported from ./gbdt/estimator.mojo:67:
Imported from ./gbdt/methods/doc_parallel_boosting.mojo:48:
Imported from ./gbdt/methods/greedy_subsets_searcher/greedy_search_helper.mojo:116:
./gbdt/methods/greedy_subsets_searcher/kernel/hist_half_byte.mojo:882:15: warning: '__iadd__' is deprecated, use 'unsafe_offset' instead
        s_ptr += stripe_size
        ~~~~~~^~~~~~~~~~~~~~
<unknown>:0: note: '__iadd__' declared here
Imported from /Users/andrewhendel/CascadeProjects/mojolearn/bindings/_mojolearn_gbdt.mojo:59:
Imported from ./gbdt/estimator.mojo:67:
Imported from ./gbdt/methods/doc_parallel_boosting.mojo:48:
Imported from ./gbdt/methods/greedy_subsets_searcher/greedy_search_helper.mojo:116:
./gbdt/methods/greedy_subsets_searcher/kernel/hist_half_byte.mojo:895:33: warning: positional `__getitem__` is deprecated, use `unsafe_offset=` instead
            acc = ftz(acc + smem[i2])
                            ~~~~^~~~
<unknown>:0: note: '__getitem__' declared here
Imported from /Users/andrewhendel/CascadeProjects/mojolearn/bindings/_mojolearn_gbdt.mojo:59:
Imported from ./gbdt/estimator.mojo:67:
Imported from ./gbdt/methods/doc_parallel_boosting.mojo:48:
Imported from ./gbdt/methods/greedy_subsets_searcher/greedy_search_helper.mojo:116:
./gbdt/methods/greedy_subsets_searcher/kernel/hist_half_byte.mojo:898:13: warning: positional `__getitem__` is deprecated, use `unsafe_offset=` instead
        smem[slot_i] = acc
        ~~~~^~~~~~~~
<unknown>:0: note: '__getitem__' declared here
Imported from /Users/andrewhendel/CascadeProjects/mojolearn/bindings/_mojolearn_gbdt.mojo:59:
Imported from ./gbdt/estimator.mojo:67:
Imported from ./gbdt/methods/doc_parallel_boosting.mojo:48:
Imported from ./gbdt/methods/greedy_subsets_searcher/greedy_search_helper.mojo:116:
./gbdt/methods/greedy_subsets_searcher/kernel/hist_half_byte.mojo:904:9: warning: '@parameter for' is deprecated; use 'comptime for'
        @parameter
        ^~~~~~~~~~
        comptime 
Imported from /Users/andrewhendel/CascadeProjects/mojolearn/bindings/_mojolearn_gbdt.mojo:59:
Imported from ./gbdt/estimator.mojo:67:
Imported from ./gbdt/methods/doc_parallel_boosting.mojo:48:
Imported from ./gbdt/methods/greedy_subsets_searcher/greedy_search_helper.mojo:116:
./gbdt/methods/greedy_subsets_searcher/kernel/hist_half_byte.mojo:908:35: warning: positional `__getitem__` is deprecated, use `unsafe_offset=` instead
            acc2 = ftz(acc2 + smem[reduce_stage2_slot(tid, group)])
                              ~~~~^~~~~~~~~~~~~~~~~~~~~~~~~~~~~~~~
<unknown>:0: note: '__getitem__' declared here
Imported from /Users/andrewhendel/CascadeProjects/mojolearn/bindings/_mojolearn_gbdt.mojo:59:
Imported from ./gbdt/estimator.mojo:67:
Imported from ./gbdt/methods/doc_parallel_boosting.mojo:48:
Imported from ./gbdt/methods/greedy_subsets_searcher/greedy_search_helper.mojo:116:
./gbdt/methods/greedy_subsets_searcher/kernel/hist_half_byte.mojo:911:13: warning: positional `__getitem__` is deprecated, use `unsafe_offset=` instead
        smem[tid] = acc2
        ~~~~^~~~~
<unknown>:0: note: '__getitem__' declared here
Imported from /Users/andrewhendel/CascadeProjects/mojolearn/bindings/_mojolearn_gbdt.mojo:59:
Imported from ./gbdt/estimator.mojo:67:
Imported from ./gbdt/methods/doc_parallel_boosting.mojo:48:
Imported from ./gbdt/methods/greedy_subsets_searcher/greedy_search_helper.mojo:116:
./gbdt/methods/greedy_subsets_searcher/kernel/hist_half_byte.mojo:936:17: warning: '__add__' is deprecated, use 'unsafe_offset' instead
                + device_offset
~~~~~~~~~~~~~~~~^~~~~~~~~~~~~~~
<unknown>:0: note: '__add__' declared here
Imported from /Users/andrewhendel/CascadeProjects/mojolearn/bindings/_mojolearn_gbdt.mojo:59:
Imported from ./gbdt/estimator.mojo:67:
Imported from ./gbdt/methods/doc_parallel_boosting.mojo:48:
Imported from ./gbdt/methods/greedy_subsets_searcher/greedy_search_helper.mojo:116:
./gbdt/methods/greedy_subsets_searcher/kernel/hist_half_byte.mojo:939:17: warning: '__add__' is deprecated, use 'unsafe_offset' instead
                + Int(block_idx.y) * entries_per_leaf
~~~~~~~~~~~~~~~~^~~~~~~~~~~~~~~~~~~~~~~~~~~~~~~~~~~~~
<unknown>:0: note: '__add__' declared here
Imported from /Users/andrewhendel/CascadeProjects/mojolearn/bindings/_mojolearn_gbdt.mojo:59:
Imported from ./gbdt/estimator.mojo:67:
Imported from ./gbdt/methods/doc_parallel_boosting.mojo:48:
Imported from ./gbdt/methods/greedy_subsets_searcher/greedy_search_helper.mojo:116:
./gbdt/methods/greedy_subsets_searcher/kernel/hist_half_byte.mojo:940:17: warning: '__add__' is deprecated, use 'unsafe_offset' instead
                + Int(block_idx.z) * group_size
~~~~~~~~~~~~~~~~^~~~~~~~~~~~~~~~~~~~~~~~~~~~~~~
<unknown>:0: note: '__add__' declared here
Imported from /Users/andrewhendel/CascadeProjects/mojolearn/bindings/_mojolearn_gbdt.mojo:59:
Imported from ./gbdt/estimator.mojo:67:
Imported from ./gbdt/methods/doc_parallel_boosting.mojo:48:
Imported from ./gbdt/methods/greedy_subsets_searcher/greedy_search_helper.mojo:116:
./gbdt/methods/greedy_subsets_searcher/kernel/hist_half_byte.mojo:941:17: warning: '__add__' is deprecated, use 'unsafe_offset' instead
                + Int(feature_fold_offset.unsafe_load(feature_offset + fid))
~~~~~~~~~~~~~~~~^~~~~~~~~~~~~~~~~~~~~~~~~~~~~~~~~~~~~~~~~~~~~~~~~~~~~~~~~~~~
<unknown>:0: note: '__add__' declared here
Imported from /Users/andrewhendel/CascadeProjects/mojolearn/bindings/_mojolearn_gbdt.mojo:59:
Imported from ./gbdt/estimator.mojo:67:
Imported from ./gbdt/methods/doc_parallel_boosting.mojo:48:
Imported from ./gbdt/methods/greedy_subsets_searcher/greedy_search_helper.mojo:116:
./gbdt/methods/greedy_subsets_searcher/kernel/hist_half_byte.mojo:943:27: warning: positional `__getitem__` is deprecated, use `unsafe_offset=` instead
            var val = smem[fid + 8 * fold]
                      ~~~~^~~~~~~~~~~~~~~~
<unknown>:0: note: '__getitem__' declared here
Imported from /Users/andrewhendel/CascadeProjects/mojolearn/bindings/_mojolearn_gbdt.mojo:59:
Imported from ./gbdt/estimator.mojo:67:
Imported from ./gbdt/methods/doc_parallel_boosting.mojo:48:
Imported from ./gbdt/methods/greedy_subsets_searcher/greedy_search_helper.mojo:116:
./gbdt/methods/greedy_subsets_searcher/kernel/hist_half_byte.mojo:984:17: warning: '@parameter if' is deprecated; use 'comptime if'
                @parameter
                ^~~~~~~~~~
                comptime 
Imported from /Users/andrewhendel/CascadeProjects/mojolearn/bindings/_mojolearn_gbdt.mojo:59:
Imported from ./gbdt/estimator.mojo:67:
Imported from ./gbdt/methods/doc_parallel_boosting.mojo:48:
Imported from ./gbdt/methods/greedy_subsets_searcher/greedy_search_helper.mojo:56:
./gbdt/methods/greedy_subsets_searcher/kernel/split_resolve.mojo:148:25: warning: 'bitcast' is deprecated, use 'unsafe_bitcast' instead
    var feats = sp_feats.bitcast[CFeature]()
                ~~~~~~~~^~~~~~~~
                         unsafe_bitcast
<unknown>:0: note: 'bitcast' declared here
Imported from /Users/andrewhendel/CascadeProjects/mojolearn/bindings/_mojolearn_gbdt.mojo:59:
Imported from ./gbdt/estimator.mojo:67:
Imported from ./gbdt/methods/doc_parallel_boosting.mojo:48:
Imported from ./gbdt/methods/greedy_subsets_searcher/greedy_search_helper.mojo:61:
./gbdt/methods/greedy_subsets_searcher/kernel/hist_2_one_byte_8bit.mojo:224:23: warning: '__add__' is deprecated, use 'unsafe_offset' instead
    var bins_p = bins + Int(cindex_base_in) + bins_line_size * (
                 ~~~~~^~~~~~~~~~~~~~~~~~~~~
<unknown>:0: note: '__add__' declared here
Imported from /Users/andrewhendel/CascadeProjects/mojolearn/bindings/_mojolearn_gbdt.mojo:59:
Imported from ./gbdt/estimator.mojo:67:
Imported from ./gbdt/methods/doc_parallel_boosting.mojo:48:
Imported from ./gbdt/methods/greedy_subsets_searcher/greedy_search_helper.mojo:61:
./gbdt/methods/greedy_subsets_searcher/kernel/hist_2_one_byte_8bit.mojo:224:45: warning: '__add__' is deprecated, use 'unsafe_offset' instead
    var bins_p = bins + Int(cindex_base_in) + bins_line_size * (
                 ~~~~~~~~~~~~~~~~~~~~~~~~~~~^~~~~~~~~~~~~~~~~~~~
<unknown>:0: note: '__add__' declared here
Imported from /Users/andrewhendel/CascadeProjects/mojolearn/bindings/_mojolearn_gbdt.mojo:59:
Imported from ./gbdt/estimator.mojo:67:
Imported from ./gbdt/methods/doc_parallel_boosting.mojo:48:
Imported from ./gbdt/methods/greedy_subsets_searcher/greedy_search_helper.mojo:61:
./gbdt/methods/greedy_subsets_searcher/kernel/hist_2_one_byte_8bit.mojo:242:13: warning: positional `__getitem__` is deprecated, use `unsafe_offset=` instead
        smem[z] = Int32(0)
        ~~~~^~~
<unknown>:0: note: '__getitem__' declared here
Imported from /Users/andrewhendel/CascadeProjects/mojolearn/bindings/_mojolearn_gbdt.mojo:59:
Imported from ./gbdt/estimator.mojo:67:
Imported from ./gbdt/methods/doc_parallel_boosting.mojo:48:
Imported from ./gbdt/methods/greedy_subsets_searcher/greedy_search_helper.mojo:61:
./gbdt/methods/greedy_subsets_searcher/kernel/hist_2_one_byte_8bit.mojo:263:33: warning: '__add__' is deprecated, use 'unsafe_offset' instead
            var hb = ldg(bins_p + (p_offset + pe))
                         ~~~~~~~^~~~~~~~~~~~~~~~~
<unknown>:0: note: '__add__' declared here
Imported from /Users/andrewhendel/CascadeProjects/mojolearn/bindings/_mojolearn_gbdt.mojo:59:
Imported from ./gbdt/estimator.mojo:67:
Imported from ./gbdt/methods/doc_parallel_boosting.mojo:48:
Imported from ./gbdt/methods/greedy_subsets_searcher/greedy_search_helper.mojo:61:
./gbdt/methods/greedy_subsets_searcher/kernel/hist_2_one_byte_8bit.mojo:266:27: warning: '__add__' is deprecated, use 'unsafe_offset' instead
                ldg(stats + (p_offset + pe)), fixed_scale, u
                    ~~~~~~^~~~~~~~~~~~~~~~~
<unknown>:0: note: '__add__' declared here
Imported from /Users/andrewhendel/CascadeProjects/mojolearn/bindings/_mojolearn_gbdt.mojo:59:
Imported from ./gbdt/estimator.mojo:67:
Imported from ./gbdt/methods/doc_parallel_boosting.mojo:48:
Imported from ./gbdt/methods/greedy_subsets_searcher/greedy_search_helper.mojo:61:
./gbdt/methods/greedy_subsets_searcher/kernel/hist_2_one_byte_8bit.mojo:269:27: warning: '__add__' is deprecated, use 'unsafe_offset' instead
                ldg(stats + (stat_line_size + p_offset + pe)),
                    ~~~~~~^~~~~~~~~~~~~~~~~~~~~~~~~~~~~~~~~~
<unknown>:0: note: '__add__' declared here
Imported from /Users/andrewhendel/CascadeProjects/mojolearn/bindings/_mojolearn_gbdt.mojo:59:
Imported from ./gbdt/estimator.mojo:67:
Imported from ./gbdt/methods/doc_parallel_boosting.mojo:48:
Imported from ./gbdt/methods/greedy_subsets_searcher/greedy_search_helper.mojo:61:
./gbdt/methods/greedy_subsets_searcher/kernel/hist_2_one_byte_8bit.mojo:83:11: warning: 'UnsafePointer' is deprecated, use 'Pointer' instead
    smem: UnsafePointer[
          ^~~~~~~~~~~~~
          Pointer
<unknown>:0: note: 'UnsafePointer' declared here
Imported from /Users/andrewhendel/CascadeProjects/mojolearn/bindings/_mojolearn_gbdt.mojo:59:
Imported from ./gbdt/estimator.mojo:67:
Imported from ./gbdt/methods/doc_parallel_boosting.mojo:48:
Imported from ./gbdt/methods/greedy_subsets_searcher/greedy_search_helper.mojo:61:
./gbdt/methods/greedy_subsets_searcher/kernel/hist_2_one_byte_8bit.mojo:274:33: warning: '__add__' is deprecated, use 'unsafe_offset' instead
            var tb = ldg(bins_p + (tail_start + pe))
                         ~~~~~~~^~~~~~~~~~~~~~~~~~~
<unknown>:0: note: '__add__' declared here
Imported from /Users/andrewhendel/CascadeProjects/mojolearn/bindings/_mojolearn_gbdt.mojo:59:
Imported from ./gbdt/estimator.mojo:67:
Imported from ./gbdt/methods/doc_parallel_boosting.mojo:48:
Imported from ./gbdt/methods/greedy_subsets_searcher/greedy_search_helper.mojo:61:
./gbdt/methods/greedy_subsets_searcher/kernel/hist_2_one_byte_8bit.mojo:277:27: warning: '__add__' is deprecated, use 'unsafe_offset' instead
                ldg(stats + (tail_start + pe)), fixed_scale, u
                    ~~~~~~^~~~~~~~~~~~~~~~~~~
<unknown>:0: note: '__add__' declared here
Imported from /Users/andrewhendel/CascadeProjects/mojolearn/bindings/_mojolearn_gbdt.mojo:59:
Imported from ./gbdt/estimator.mojo:67:
Imported from ./gbdt/methods/doc_parallel_boosting.mojo:48:
Imported from ./gbdt/methods/greedy_subsets_searcher/greedy_search_helper.mojo:61:
./gbdt/methods/greedy_subsets_searcher/kernel/hist_2_one_byte_8bit.mojo:280:27: warning: '__add__' is deprecated, use 'unsafe_offset' instead
                ldg(stats + (stat_line_size + tail_start + pe)),
                    ~~~~~~^~~~~~~~~~~~~~~~~~~~~~~~~~~~~~~~~~~~
<unknown>:0: note: '__add__' declared here
Imported from /Users/andrewhendel/CascadeProjects/mojolearn/bindings/_mojolearn_gbdt.mojo:59:
Imported from ./gbdt/estimator.mojo:67:
Imported from ./gbdt/methods/doc_parallel_boosting.mojo:48:
Imported from ./gbdt/methods/greedy_subsets_searcher/greedy_search_helper.mojo:61:
./gbdt/methods/greedy_subsets_searcher/kernel/hist_2_one_byte_8bit.mojo:302:24: warning: '__add__' is deprecated, use 'unsafe_offset' instead
    var b_ptr = bins_p + base
                ~~~~~~~^~~~~~
<unknown>:0: note: '__add__' declared here
Imported from /Users/andrewhendel/CascadeProjects/mojolearn/bindings/_mojolearn_gbdt.mojo:59:
Imported from ./gbdt/estimator.mojo:67:
Imported from ./gbdt/methods/doc_parallel_boosting.mojo:48:
Imported from ./gbdt/methods/greedy_subsets_searcher/greedy_search_helper.mojo:61:
./gbdt/methods/greedy_subsets_searcher/kernel/hist_2_one_byte_8bit.mojo:303:24: warning: '__add__' is deprecated, use 'unsafe_offset' instead
    var s1_ptr = stats + base
                 ~~~~~~^~~~~~
<unknown>:0: note: '__add__' declared here
Imported from /Users/andrewhendel/CascadeProjects/mojolearn/bindings/_mojolearn_gbdt.mojo:59:
Imported from ./gbdt/estimator.mojo:67:
Imported from ./gbdt/methods/doc_parallel_boosting.mojo:48:
Imported from ./gbdt/methods/greedy_subsets_searcher/greedy_search_helper.mojo:61:
./gbdt/methods/greedy_subsets_searcher/kernel/hist_2_one_byte_8bit.mojo:304:24: warning: '__add__' is deprecated, use 'unsafe_offset' instead
    var s2_ptr = stats + (stat_line_size + base)
                 ~~~~~~^~~~~~~~~~~~~~~~~~~~~~~~~
<unknown>:0: note: '__add__' declared here
Imported from /Users/andrewhendel/CascadeProjects/mojolearn/bindings/_mojolearn_gbdt.mojo:59:
Imported from ./gbdt/estimator.mojo:67:
Imported from ./gbdt/methods/doc_parallel_boosting.mojo:48:
Imported from ./gbdt/methods/greedy_subsets_searcher/greedy_search_helper.mojo:61:
./gbdt/methods/greedy_subsets_searcher/kernel/hist_2_one_byte_8bit.mojo:313:9: warning: '@parameter for' is deprecated; use 'comptime for'
        @parameter
        ^~~~~~~~~~
        comptime 
Imported from /Users/andrewhendel/CascadeProjects/mojolearn/bindings/_mojolearn_gbdt.mojo:59:
Imported from ./gbdt/estimator.mojo:67:
Imported from ./gbdt/methods/doc_parallel_boosting.mojo:48:
Imported from ./gbdt/methods/greedy_subsets_searcher/greedy_search_helper.mojo:61:
./gbdt/methods/greedy_subsets_searcher/kernel/hist_2_one_byte_8bit.mojo:317:27: warning: '__add__' is deprecated, use 'unsafe_offset' instead
                    b_ptr + H8_LANE * H8_LOAD * k
                    ~~~~~~^~~~~~~~~~~~~~~~~~~~~~~
<unknown>:0: note: '__add__' declared here
Imported from /Users/andrewhendel/CascadeProjects/mojolearn/bindings/_mojolearn_gbdt.mojo:59:
Imported from ./gbdt/estimator.mojo:67:
Imported from ./gbdt/methods/doc_parallel_boosting.mojo:48:
Imported from ./gbdt/methods/greedy_subsets_searcher/greedy_search_helper.mojo:61:
./gbdt/methods/greedy_subsets_searcher/kernel/hist_2_one_byte_8bit.mojo:320:28: warning: '__add__' is deprecated, use 'unsafe_offset' instead
                    s1_ptr + H8_LANE * H8_LOAD * k
                    ~~~~~~~^~~~~~~~~~~~~~~~~~~~~~~
<unknown>:0: note: '__add__' declared here
Imported from /Users/andrewhendel/CascadeProjects/mojolearn/bindings/_mojolearn_gbdt.mojo:59:
Imported from ./gbdt/estimator.mojo:67:
Imported from ./gbdt/methods/doc_parallel_boosting.mojo:48:
Imported from ./gbdt/methods/greedy_subsets_searcher/greedy_search_helper.mojo:61:
./gbdt/methods/greedy_subsets_searcher/kernel/hist_2_one_byte_8bit.mojo:323:28: warning: '__add__' is deprecated, use 'unsafe_offset' instead
                    s2_ptr + H8_LANE * H8_LOAD * k
                    ~~~~~~~^~~~~~~~~~~~~~~~~~~~~~~
<unknown>:0: note: '__add__' declared here
Imported from /Users/andrewhendel/CascadeProjects/mojolearn/bindings/_mojolearn_gbdt.mojo:59:
Imported from ./gbdt/estimator.mojo:67:
Imported from ./gbdt/methods/doc_parallel_boosting.mojo:48:
Imported from ./gbdt/methods/greedy_subsets_searcher/greedy_search_helper.mojo:61:
./gbdt/methods/greedy_subsets_searcher/kernel/hist_2_one_byte_8bit.mojo:326:17: warning: '@parameter for' is deprecated; use 'comptime for'
                @parameter
                ^~~~~~~~~~
                comptime 
Imported from /Users/andrewhendel/CascadeProjects/mojolearn/bindings/_mojolearn_gbdt.mojo:59:
Imported from ./gbdt/estimator.mojo:67:
Imported from ./gbdt/methods/doc_parallel_boosting.mojo:48:
Imported from ./gbdt/methods/greedy_subsets_searcher/greedy_search_helper.mojo:61:
./gbdt/methods/greedy_subsets_searcher/kernel/hist_2_one_byte_8bit.mojo:341:13: warning: '@parameter for' is deprecated; use 'comptime for'
            @parameter
            ^~~~~~~~~~
            comptime 
Imported from /Users/andrewhendel/CascadeProjects/mojolearn/bindings/_mojolearn_gbdt.mojo:59:
Imported from ./gbdt/estimator.mojo:67:
Imported from ./gbdt/methods/doc_parallel_boosting.mojo:48:
Imported from ./gbdt/methods/greedy_subsets_searcher/greedy_search_helper.mojo:61:
./gbdt/methods/greedy_subsets_searcher/kernel/hist_2_one_byte_8bit.mojo:344:15: warning: '__iadd__' is deprecated, use 'unsafe_offset' instead
        b_ptr += stripe_size
        ~~~~~~^~~~~~~~~~~~~~
<unknown>:0: note: '__iadd__' declared here
Imported from /Users/andrewhendel/CascadeProjects/mojolearn/bindings/_mojolearn_gbdt.mojo:59:
Imported from ./gbdt/estimator.mojo:67:
Imported from ./gbdt/methods/doc_parallel_boosting.mojo:48:
Imported from ./gbdt/methods/greedy_subsets_searcher/greedy_search_helper.mojo:61:
./gbdt/methods/greedy_subsets_searcher/kernel/hist_2_one_byte_8bit.mojo:345:16: warning: '__iadd__' is deprecated, use 'unsafe_offset' instead
        s1_ptr += stripe_size
        ~~~~~~~^~~~~~~~~~~~~~
<unknown>:0: note: '__iadd__' declared here
Imported from /Users/andrewhendel/CascadeProjects/mojolearn/bindings/_mojolearn_gbdt.mojo:59:
Imported from ./gbdt/estimator.mojo:67:
Imported from ./gbdt/methods/doc_parallel_boosting.mojo:48:
Imported from ./gbdt/methods/greedy_subsets_searcher/greedy_search_helper.mojo:61:
./gbdt/methods/greedy_subsets_searcher/kernel/hist_2_one_byte_8bit.mojo:346:16: warning: '__iadd__' is deprecated, use 'unsafe_offset' instead
        s2_ptr += stripe_size
        ~~~~~~~^~~~~~~~~~~~~~
<unknown>:0: note: '__iadd__' declared here
Imported from /Users/andrewhendel/CascadeProjects/mojolearn/bindings/_mojolearn_gbdt.mojo:59:
Imported from ./gbdt/estimator.mojo:67:
Imported from ./gbdt/methods/doc_parallel_boosting.mojo:48:
Imported from ./gbdt/methods/greedy_subsets_searcher/greedy_search_helper.mojo:61:
./gbdt/methods/greedy_subsets_searcher/kernel/hist_2_one_byte_8bit.mojo:123:11: warning: 'UnsafePointer' is deprecated, use 'Pointer' instead
    smem: UnsafePointer[
          ^~~~~~~~~~~~~
          Pointer
<unknown>:0: note: 'UnsafePointer' declared here
Imported from /Users/andrewhendel/CascadeProjects/mojolearn/bindings/_mojolearn_gbdt.mojo:59:
Imported from ./gbdt/estimator.mojo:67:
Imported from ./gbdt/methods/doc_parallel_boosting.mojo:48:
Imported from ./gbdt/methods/greedy_subsets_searcher/greedy_search_helper.mojo:61:
./gbdt/methods/greedy_subsets_searcher/kernel/hist_2_one_byte_8bit.mojo:399:27: warning: '__add__' is deprecated, use 'unsafe_offset' instead
    var cindex_p = cindex + Int(cindex_base_in) + bins_line_size * (
                   ~~~~~~~^~~~~~~~~~~~~~~~~~~~~
<unknown>:0: note: '__add__' declared here
Imported from /Users/andrewhendel/CascadeProjects/mojolearn/bindings/_mojolearn_gbdt.mojo:59:
Imported from ./gbdt/estimator.mojo:67:
Imported from ./gbdt/methods/doc_parallel_boosting.mojo:48:
Imported from ./gbdt/methods/greedy_subsets_searcher/greedy_search_helper.mojo:61:
./gbdt/methods/greedy_subsets_searcher/kernel/hist_2_one_byte_8bit.mojo:399:49: warning: '__add__' is deprecated, use 'unsafe_offset' instead
    var cindex_p = cindex + Int(cindex_base_in) + bins_line_size * (
                   ~~~~~~~~~~~~~~~~~~~~~~~~~~~~~^~~~~~~~~~~~~~~~~~~~
<unknown>:0: note: '__add__' declared here
Imported from /Users/andrewhendel/CascadeProjects/mojolearn/bindings/_mojolearn_gbdt.mojo:59:
Imported from ./gbdt/estimator.mojo:67:
Imported from ./gbdt/methods/doc_parallel_boosting.mojo:48:
Imported from ./gbdt/methods/greedy_subsets_searcher/greedy_search_helper.mojo:61:
./gbdt/methods/greedy_subsets_searcher/kernel/hist_2_one_byte_8bit.mojo:417:13: warning: positional `__getitem__` is deprecated, use `unsafe_offset=` instead
        smem[z] = Int32(0)
        ~~~~^~~
<unknown>:0: note: '__getitem__' declared here
Imported from /Users/andrewhendel/CascadeProjects/mojolearn/bindings/_mojolearn_gbdt.mojo:59:
Imported from ./gbdt/estimator.mojo:67:
Imported from ./gbdt/methods/doc_parallel_boosting.mojo:48:
Imported from ./gbdt/methods/greedy_subsets_searcher/greedy_search_helper.mojo:61:
./gbdt/methods/greedy_subsets_searcher/kernel/hist_2_one_byte_8bit.mojo:438:40: warning: '__add__' is deprecated, use 'unsafe_offset' instead
            var hrow = Int(ldg(indices + (p_offset + pe)))
                               ~~~~~~~~^~~~~~~~~~~~~~~~~
<unknown>:0: note: '__add__' declared here
Imported from /Users/andrewhendel/CascadeProjects/mojolearn/bindings/_mojolearn_gbdt.mojo:59:
Imported from ./gbdt/estimator.mojo:67:
Imported from ./gbdt/methods/doc_parallel_boosting.mojo:48:
Imported from ./gbdt/methods/greedy_subsets_searcher/greedy_search_helper.mojo:61:
./gbdt/methods/greedy_subsets_searcher/kernel/hist_2_one_byte_8bit.mojo:439:35: warning: '__add__' is deprecated, use 'unsafe_offset' instead
            var hb = ldg(cindex_p + hrow)
                         ~~~~~~~~~^~~~~~
<unknown>:0: note: '__add__' declared here
Imported from /Users/andrewhendel/CascadeProjects/mojolearn/bindings/_mojolearn_gbdt.mojo:59:
Imported from ./gbdt/estimator.mojo:67:
Imported from ./gbdt/methods/doc_parallel_boosting.mojo:48:
Imported from ./gbdt/methods/greedy_subsets_searcher/greedy_search_helper.mojo:61:
./gbdt/methods/greedy_subsets_searcher/kernel/hist_2_one_byte_8bit.mojo:448:13: warning: '@parameter if' is deprecated; use 'comptime if'
            @parameter
            ^~~~~~~~~~
            comptime 
Imported from /Users/andrewhendel/CascadeProjects/mojolearn/bindings/_mojolearn_gbdt.mojo:59:
Imported from ./gbdt/estimator.mojo:67:
Imported from ./gbdt/methods/doc_parallel_boosting.mojo:48:
Imported from ./gbdt/methods/greedy_subsets_searcher/greedy_search_helper.mojo:61:
./gbdt/methods/greedy_subsets_searcher/kernel/hist_2_one_byte_8bit.mojo:450:33: warning: '__add__' is deprecated, use 'unsafe_offset' instead
                hs1 = ldg(stats + hrow)
                          ~~~~~~^~~~~~
<unknown>:0: note: '__add__' declared here
Imported from /Users/andrewhendel/CascadeProjects/mojolearn/bindings/_mojolearn_gbdt.mojo:59:
Imported from ./gbdt/estimator.mojo:67:
Imported from ./gbdt/methods/doc_parallel_boosting.mojo:48:
Imported from ./gbdt/methods/greedy_subsets_searcher/greedy_search_helper.mojo:61:
./gbdt/methods/greedy_subsets_searcher/kernel/hist_2_one_byte_8bit.mojo:451:33: warning: '__add__' is deprecated, use 'unsafe_offset' instead
                hs2 = ldg(stats + (stat_line_size + hrow))
                          ~~~~~~^~~~~~~~~~~~~~~~~~~~~~~~~
<unknown>:0: note: '__add__' declared here
Imported from /Users/andrewhendel/CascadeProjects/mojolearn/bindings/_mojolearn_gbdt.mojo:59:
Imported from ./gbdt/estimator.mojo:67:
Imported from ./gbdt/methods/doc_parallel_boosting.mojo:48:
Imported from ./gbdt/methods/greedy_subsets_searcher/greedy_search_helper.mojo:61:
./gbdt/methods/greedy_subsets_searcher/kernel/hist_2_one_byte_8bit.mojo:453:33: warning: '__add__' is deprecated, use 'unsafe_offset' instead
                hs1 = ldg(stats + (p_offset + pe))
                          ~~~~~~^~~~~~~~~~~~~~~~~
<unknown>:0: note: '__add__' declared here
Imported from /Users/andrewhendel/CascadeProjects/mojolearn/bindings/_mojolearn_gbdt.mojo:59:
Imported from ./gbdt/estimator.mojo:67:
Imported from ./gbdt/methods/doc_parallel_boosting.mojo:48:
Imported from ./gbdt/methods/greedy_subsets_searcher/greedy_search_helper.mojo:61:
./gbdt/methods/greedy_subsets_searcher/kernel/hist_2_one_byte_8bit.mojo:454:33: warning: '__add__' is deprecated, use 'unsafe_offset' instead
                hs2 = ldg(stats + (stat_line_size + p_offset + pe))
                          ~~~~~~^~~~~~~~~~~~~~~~~~~~~~~~~~~~~~~~~~
<unknown>:0: note: '__add__' declared here
Imported from /Users/andrewhendel/CascadeProjects/mojolearn/bindings/_mojolearn_gbdt.mojo:59:
Imported from ./gbdt/estimator.mojo:67:
Imported from ./gbdt/methods/doc_parallel_boosting.mojo:48:
Imported from ./gbdt/methods/greedy_subsets_searcher/greedy_search_helper.mojo:61:
./gbdt/methods/greedy_subsets_searcher/kernel/hist_2_one_byte_8bit.mojo:459:40: warning: '__add__' is deprecated, use 'unsafe_offset' instead
            var trow = Int(ldg(indices + (tail_start + pe)))
                               ~~~~~~~~^~~~~~~~~~~~~~~~~~~
<unknown>:0: note: '__add__' declared here
Imported from /Users/andrewhendel/CascadeProjects/mojolearn/bindings/_mojolearn_gbdt.mojo:59:
Imported from ./gbdt/estimator.mojo:67:
Imported from ./gbdt/methods/doc_parallel_boosting.mojo:48:
Imported from ./gbdt/methods/greedy_subsets_searcher/greedy_search_helper.mojo:61:
./gbdt/methods/greedy_subsets_searcher/kernel/hist_2_one_byte_8bit.mojo:460:35: warning: '__add__' is deprecated, use 'unsafe_offset' instead
            var tb = ldg(cindex_p + trow)
                         ~~~~~~~~~^~~~~~
<unknown>:0: note: '__add__' declared here
Imported from /Users/andrewhendel/CascadeProjects/mojolearn/bindings/_mojolearn_gbdt.mojo:59:
Imported from ./gbdt/estimator.mojo:67:
Imported from ./gbdt/methods/doc_parallel_boosting.mojo:48:
Imported from ./gbdt/methods/greedy_subsets_searcher/greedy_search_helper.mojo:61:
./gbdt/methods/greedy_subsets_searcher/kernel/hist_2_one_byte_8bit.mojo:465:13: warning: '@parameter if' is deprecated; use 'comptime if'
            @parameter
            ^~~~~~~~~~
            comptime 
Imported from /Users/andrewhendel/CascadeProjects/mojolearn/bindings/_mojolearn_gbdt.mojo:59:
Imported from ./gbdt/estimator.mojo:67:
Imported from ./gbdt/methods/doc_parallel_boosting.mojo:48:
Imported from ./gbdt/methods/greedy_subsets_searcher/greedy_search_helper.mojo:61:
./gbdt/methods/greedy_subsets_searcher/kernel/hist_2_one_byte_8bit.mojo:468:33: warning: '__add__' is deprecated, use 'unsafe_offset' instead
                ts1 = ldg(stats + trow)
                          ~~~~~~^~~~~~
<unknown>:0: note: '__add__' declared here
Imported from /Users/andrewhendel/CascadeProjects/mojolearn/bindings/_mojolearn_gbdt.mojo:59:
Imported from ./gbdt/estimator.mojo:67:
Imported from ./gbdt/methods/doc_parallel_boosting.mojo:48:
Imported from ./gbdt/methods/greedy_subsets_searcher/greedy_search_helper.mojo:61:
./gbdt/methods/greedy_subsets_searcher/kernel/hist_2_one_byte_8bit.mojo:469:33: warning: '__add__' is deprecated, use 'unsafe_offset' instead
                ts2 = ldg(stats + (stat_line_size + trow))
                          ~~~~~~^~~~~~~~~~~~~~~~~~~~~~~~~
<unknown>:0: note: '__add__' declared here
Imported from /Users/andrewhendel/CascadeProjects/mojolearn/bindings/_mojolearn_gbdt.mojo:59:
Imported from ./gbdt/estimator.mojo:67:
Imported from ./gbdt/methods/doc_parallel_boosting.mojo:48:
Imported from ./gbdt/methods/greedy_subsets_searcher/greedy_search_helper.mojo:61:
./gbdt/methods/greedy_subsets_searcher/kernel/hist_2_one_byte_8bit.mojo:471:33: warning: '__add__' is deprecated, use 'unsafe_offset' instead
                ts1 = ldg(stats + (tail_start + pe))
                          ~~~~~~^~~~~~~~~~~~~~~~~~~
<unknown>:0: note: '__add__' declared here
Imported from /Users/andrewhendel/CascadeProjects/mojolearn/bindings/_mojolearn_gbdt.mojo:59:
Imported from ./gbdt/estimator.mojo:67:
Imported from ./gbdt/methods/doc_parallel_boosting.mojo:48:
Imported from ./gbdt/methods/greedy_subsets_searcher/greedy_search_helper.mojo:61:
./gbdt/methods/greedy_subsets_searcher/kernel/hist_2_one_byte_8bit.mojo:472:33: warning: '__add__' is deprecated, use 'unsafe_offset' instead
                ts2 = ldg(stats + (stat_line_size + tail_start + pe))
                          ~~~~~~^~~~~~~~~~~~~~~~~~~~~~~~~~~~~~~~~~~~
<unknown>:0: note: '__add__' declared here
Imported from /Users/andrewhendel/CascadeProjects/mojolearn/bindings/_mojolearn_gbdt.mojo:59:
Imported from ./gbdt/estimator.mojo:67:
Imported from ./gbdt/methods/doc_parallel_boosting.mojo:48:
Imported from ./gbdt/methods/greedy_subsets_searcher/greedy_search_helper.mojo:61:
./gbdt/methods/greedy_subsets_searcher/kernel/hist_2_one_byte_8bit.mojo:494:25: warning: '__add__' is deprecated, use 'unsafe_offset' instead
    var i_ptr = indices + base
                ~~~~~~~~^~~~~~
<unknown>:0: note: '__add__' declared here
Imported from /Users/andrewhendel/CascadeProjects/mojolearn/bindings/_mojolearn_gbdt.mojo:59:
Imported from ./gbdt/estimator.mojo:67:
Imported from ./gbdt/methods/doc_parallel_boosting.mojo:48:
Imported from ./gbdt/methods/greedy_subsets_searcher/greedy_search_helper.mojo:61:
./gbdt/methods/greedy_subsets_searcher/kernel/hist_2_one_byte_8bit.mojo:495:24: warning: '__add__' is deprecated, use 'unsafe_offset' instead
    var s1_ptr = stats + base
                 ~~~~~~^~~~~~
<unknown>:0: note: '__add__' declared here
Imported from /Users/andrewhendel/CascadeProjects/mojolearn/bindings/_mojolearn_gbdt.mojo:59:
Imported from ./gbdt/estimator.mojo:67:
Imported from ./gbdt/methods/doc_parallel_boosting.mojo:48:
Imported from ./gbdt/methods/greedy_subsets_searcher/greedy_search_helper.mojo:61:
./gbdt/methods/greedy_subsets_searcher/kernel/hist_2_one_byte_8bit.mojo:496:24: warning: '__add__' is deprecated, use 'unsafe_offset' instead
    var s2_ptr = stats + (stat_line_size + base)
                 ~~~~~~^~~~~~~~~~~~~~~~~~~~~~~~~
<unknown>:0: note: '__add__' declared here
Imported from /Users/andrewhendel/CascadeProjects/mojolearn/bindings/_mojolearn_gbdt.mojo:59:
Imported from ./gbdt/estimator.mojo:67:
Imported from ./gbdt/methods/doc_parallel_boosting.mojo:48:
Imported from ./gbdt/methods/greedy_subsets_searcher/greedy_search_helper.mojo:61:
./gbdt/methods/greedy_subsets_searcher/kernel/hist_2_one_byte_8bit.mojo:505:9: warning: '@parameter for' is deprecated; use 'comptime for'
        @parameter
        ^~~~~~~~~~
        comptime 
Imported from /Users/andrewhendel/CascadeProjects/mojolearn/bindings/_mojolearn_gbdt.mojo:59:
Imported from ./gbdt/estimator.mojo:67:
Imported from ./gbdt/methods/doc_parallel_boosting.mojo:48:
Imported from ./gbdt/methods/greedy_subsets_searcher/greedy_search_helper.mojo:61:
./gbdt/methods/greedy_subsets_searcher/kernel/hist_2_one_byte_8bit.mojo:509:27: warning: '__add__' is deprecated, use 'unsafe_offset' instead
                    i_ptr + H8_LANE * H8_LOAD * k
                    ~~~~~~^~~~~~~~~~~~~~~~~~~~~~~
<unknown>:0: note: '__add__' declared here
Imported from /Users/andrewhendel/CascadeProjects/mojolearn/bindings/_mojolearn_gbdt.mojo:59:
Imported from ./gbdt/estimator.mojo:67:
Imported from ./gbdt/methods/doc_parallel_boosting.mojo:48:
Imported from ./gbdt/methods/greedy_subsets_searcher/greedy_search_helper.mojo:61:
./gbdt/methods/greedy_subsets_searcher/kernel/hist_2_one_byte_8bit.mojo:514:17: warning: '@parameter if' is deprecated; use 'comptime if'
                @parameter
                ^~~~~~~~~~
                comptime 
Imported from /Users/andrewhendel/CascadeProjects/mojolearn/bindings/_mojolearn_gbdt.mojo:59:
Imported from ./gbdt/estimator.mojo:67:
Imported from ./gbdt/methods/doc_parallel_boosting.mojo:48:
Imported from ./gbdt/methods/greedy_subsets_searcher/greedy_search_helper.mojo:61:
./gbdt/methods/greedy_subsets_searcher/kernel/hist_2_one_byte_8bit.mojo:517:32: warning: '__add__' is deprecated, use 'unsafe_offset' instead
                        s1_ptr + H8_LANE * H8_LOAD * k
                        ~~~~~~~^~~~~~~~~~~~~~~~~~~~~~~
<unknown>:0: note: '__add__' declared here
Imported from /Users/andrewhendel/CascadeProjects/mojolearn/bindings/_mojolearn_gbdt.mojo:59:
Imported from ./gbdt/estimator.mojo:67:
Imported from ./gbdt/methods/doc_parallel_boosting.mojo:48:
Imported from ./gbdt/methods/greedy_subsets_searcher/greedy_search_helper.mojo:61:
./gbdt/methods/greedy_subsets_searcher/kernel/hist_2_one_byte_8bit.mojo:520:32: warning: '__add__' is deprecated, use 'unsafe_offset' instead
                        s2_ptr + H8_LANE * H8_LOAD * k
                        ~~~~~~~^~~~~~~~~~~~~~~~~~~~~~~
<unknown>:0: note: '__add__' declared here
Imported from /Users/andrewhendel/CascadeProjects/mojolearn/bindings/_mojolearn_gbdt.mojo:59:
Imported from ./gbdt/estimator.mojo:67:
Imported from ./gbdt/methods/doc_parallel_boosting.mojo:48:
Imported from ./gbdt/methods/greedy_subsets_searcher/greedy_search_helper.mojo:61:
./gbdt/methods/greedy_subsets_searcher/kernel/hist_2_one_byte_8bit.mojo:523:17: warning: '@parameter for' is deprecated; use 'comptime for'
                @parameter
                ^~~~~~~~~~
                comptime 
Imported from /Users/andrewhendel/CascadeProjects/mojolearn/bindings/_mojolearn_gbdt.mojo:59:
Imported from ./gbdt/estimator.mojo:67:
Imported from ./gbdt/methods/doc_parallel_boosting.mojo:48:
Imported from ./gbdt/methods/greedy_subsets_searcher/greedy_search_helper.mojo:61:
./gbdt/methods/greedy_subsets_searcher/kernel/hist_2_one_byte_8bit.mojo:528:56: warning: '__add__' is deprecated, use 'unsafe_offset' instead
                    lb[k * H8_LOAD + e] = ldg(cindex_p + Int(vi[e]))
                                              ~~~~~~~~~^~~~~~~~~~~~
<unknown>:0: note: '__add__' declared here
Imported from /Users/andrewhendel/CascadeProjects/mojolearn/bindings/_mojolearn_gbdt.mojo:59:
Imported from ./gbdt/estimator.mojo:67:
Imported from ./gbdt/methods/doc_parallel_boosting.mojo:48:
Imported from ./gbdt/methods/greedy_subsets_searcher/greedy_search_helper.mojo:61:
./gbdt/methods/greedy_subsets_searcher/kernel/hist_2_one_byte_8bit.mojo:530:21: warning: '@parameter if' is deprecated; use 'comptime if'
                    @parameter
                    ^~~~~~~~~~
                    comptime 
Imported from /Users/andrewhendel/CascadeProjects/mojolearn/bindings/_mojolearn_gbdt.mojo:59:
Imported from ./gbdt/estimator.mojo:67:
Imported from ./gbdt/methods/doc_parallel_boosting.mojo:48:
Imported from ./gbdt/methods/greedy_subsets_searcher/greedy_search_helper.mojo:61:
./gbdt/methods/greedy_subsets_searcher/kernel/hist_2_one_byte_8bit.mojo:535:43: warning: '__add__' is deprecated, use 'unsafe_offset' instead
                        v1[e] = ldg(stats + Int(vi[e]))
                                    ~~~~~~^~~~~~~~~~~~
<unknown>:0: note: '__add__' declared here
Imported from /Users/andrewhendel/CascadeProjects/mojolearn/bindings/_mojolearn_gbdt.mojo:59:
Imported from ./gbdt/estimator.mojo:67:
Imported from ./gbdt/methods/doc_parallel_boosting.mojo:48:
Imported from ./gbdt/methods/greedy_subsets_searcher/greedy_search_helper.mojo:61:
./gbdt/methods/greedy_subsets_searcher/kernel/hist_2_one_byte_8bit.mojo:537:35: warning: '__add__' is deprecated, use 'unsafe_offset' instead
                            stats + (stat_line_size + Int(vi[e]))
                            ~~~~~~^~~~~~~~~~~~~~~~~~~~~~~~~~~~~~~
<unknown>:0: note: '__add__' declared here
Imported from /Users/andrewhendel/CascadeProjects/mojolearn/bindings/_mojolearn_gbdt.mojo:59:
Imported from ./gbdt/estimator.mojo:67:
Imported from ./gbdt/methods/doc_parallel_boosting.mojo:48:
Imported from ./gbdt/methods/greedy_subsets_searcher/greedy_search_helper.mojo:61:
./gbdt/methods/greedy_subsets_searcher/kernel/hist_2_one_byte_8bit.mojo:548:13: warning: '@parameter for' is deprecated; use 'comptime for'
            @parameter
            ^~~~~~~~~~
            comptime 
Imported from /Users/andrewhendel/CascadeProjects/mojolearn/bindings/_mojolearn_gbdt.mojo:59:
Imported from ./gbdt/estimator.mojo:67:
Imported from ./gbdt/methods/doc_parallel_boosting.mojo:48:
Imported from ./gbdt/methods/greedy_subsets_searcher/greedy_search_helper.mojo:61:
./gbdt/methods/greedy_subsets_searcher/kernel/hist_2_one_byte_8bit.mojo:551:15: warning: '__iadd__' is deprecated, use 'unsafe_offset' instead
        i_ptr += stripe_size
        ~~~~~~^~~~~~~~~~~~~~
<unknown>:0: note: '__iadd__' declared here
Imported from /Users/andrewhendel/CascadeProjects/mojolearn/bindings/_mojolearn_gbdt.mojo:59:
Imported from ./gbdt/estimator.mojo:67:
Imported from ./gbdt/methods/doc_parallel_boosting.mojo:48:
Imported from ./gbdt/methods/greedy_subsets_searcher/greedy_search_helper.mojo:61:
./gbdt/methods/greedy_subsets_searcher/kernel/hist_2_one_byte_8bit.mojo:552:16: warning: '__iadd__' is deprecated, use 'unsafe_offset' instead
        s1_ptr += stripe_size
        ~~~~~~~^~~~~~~~~~~~~~
<unknown>:0: note: '__iadd__' declared here
Imported from /Users/andrewhendel/CascadeProjects/mojolearn/bindings/_mojolearn_gbdt.mojo:59:
Imported from ./gbdt/estimator.mojo:67:
Imported from ./gbdt/methods/doc_parallel_boosting.mojo:48:
Imported from ./gbdt/methods/greedy_subsets_searcher/greedy_search_helper.mojo:61:
./gbdt/methods/greedy_subsets_searcher/kernel/hist_2_one_byte_8bit.mojo:553:16: warning: '__iadd__' is deprecated, use 'unsafe_offset' instead
        s2_ptr += stripe_size
        ~~~~~~~^~~~~~~~~~~~~~
<unknown>:0: note: '__iadd__' declared here
Imported from /Users/andrewhendel/CascadeProjects/mojolearn/bindings/_mojolearn_gbdt.mojo:59:
Imported from ./gbdt/estimator.mojo:67:
Imported from ./gbdt/methods/doc_parallel_boosting.mojo:48:
Imported from ./gbdt/methods/greedy_subsets_searcher/greedy_search_helper.mojo:189:
Imported from ./gbdt/methods/greedy_subsets_searcher/kernel/hist_2_one_byte_base.mojo:116:
./gbdt/methods/greedy_subsets_searcher/kernel/hist_2_one_byte_5bit.mojo:109:5: warning: '@parameter for' is deprecated; use 'comptime for'
    @parameter
    ^~~~~~~~~~
    comptime 
Imported from /Users/andrewhendel/CascadeProjects/mojolearn/bindings/_mojolearn_gbdt.mojo:59:
Imported from ./gbdt/estimator.mojo:67:
Imported from ./gbdt/methods/doc_parallel_boosting.mojo:48:
Imported from ./gbdt/methods/greedy_subsets_searcher/greedy_search_helper.mojo:189:
Imported from ./gbdt/methods/greedy_subsets_searcher/kernel/hist_2_one_byte_base.mojo:116:
./gbdt/methods/greedy_subsets_searcher/kernel/hist_2_one_byte_5bit.mojo:122:5: warning: '@parameter for' is deprecated; use 'comptime for'
    @parameter
    ^~~~~~~~~~
    comptime 
Imported from /Users/andrewhendel/CascadeProjects/mojolearn/bindings/_mojolearn_gbdt.mojo:59:
Imported from ./gbdt/estimator.mojo:67:
Imported from ./gbdt/methods/doc_parallel_boosting.mojo:48:
Imported from ./gbdt/methods/greedy_subsets_searcher/greedy_search_helper.mojo:189:
Imported from ./gbdt/methods/greedy_subsets_searcher/kernel/hist_2_one_byte_base.mojo:116:
./gbdt/methods/greedy_subsets_searcher/kernel/hist_2_one_byte_5bit.mojo:129:9: warning: '@parameter for' is deprecated; use 'comptime for'
        @parameter
        ^~~~~~~~~~
        comptime 
Imported from /Users/andrewhendel/CascadeProjects/mojolearn/bindings/_mojolearn_gbdt.mojo:59:
Imported from ./gbdt/estimator.mojo:67:
Imported from ./gbdt/methods/doc_parallel_boosting.mojo:48:
Imported from ./gbdt/methods/greedy_subsets_searcher/greedy_search_helper.mojo:189:
Imported from ./gbdt/methods/greedy_subsets_searcher/kernel/hist_2_one_byte_base.mojo:116:
./gbdt/methods/greedy_subsets_searcher/kernel/hist_2_one_byte_5bit.mojo:139:9: warning: '@parameter for' is deprecated; use 'comptime for'
        @parameter
        ^~~~~~~~~~
        comptime 
Imported from /Users/andrewhendel/CascadeProjects/mojolearn/bindings/_mojolearn_gbdt.mojo:59:
Imported from ./gbdt/estimator.mojo:67:
Imported from ./gbdt/methods/doc_parallel_boosting.mojo:48:
Imported from ./gbdt/methods/greedy_subsets_searcher/greedy_search_helper.mojo:52:
./gbdt/methods/greedy_subsets_searcher/kernel/histogram_utils.mojo:103:11: warning: 'UnsafePointer' is deprecated, use 'Pointer' instead
    smem: UnsafePointer[
          ^~~~~~~~~~~~~
          Pointer
<unknown>:0: note: 'UnsafePointer' declared here
Imported from /Users/andrewhendel/CascadeProjects/mojolearn/bindings/_mojolearn_gbdt.mojo:59:
Imported from ./gbdt/estimator.mojo:67:
Imported from ./gbdt/methods/doc_parallel_boosting.mojo:48:
Imported from ./gbdt/methods/greedy_subsets_searcher/greedy_search_helper.mojo:189:
Imported from ./gbdt/methods/greedy_subsets_searcher/kernel/hist_2_one_byte_base.mojo:116:
./gbdt/methods/greedy_subsets_searcher/kernel/hist_2_one_byte_5bit.mojo:151:9: warning: '@parameter for' is deprecated; use 'comptime for'
        @parameter
        ^~~~~~~~~~
        comptime 
Imported from /Users/andrewhendel/CascadeProjects/mojolearn/bindings/_mojolearn_gbdt.mojo:59:
Imported from ./gbdt/estimator.mojo:67:
Imported from ./gbdt/methods/doc_parallel_boosting.mojo:48:
Imported from ./gbdt/methods/greedy_subsets_searcher/greedy_search_helper.mojo:189:
Imported from ./gbdt/methods/greedy_subsets_searcher/kernel/hist_2_one_byte_base.mojo:116:
./gbdt/methods/greedy_subsets_searcher/kernel/hist_2_one_byte_5bit.mojo:192:13: warning: '@parameter for' is deprecated; use 'comptime for'
            @parameter
            ^~~~~~~~~~
            comptime 
Imported from /Users/andrewhendel/CascadeProjects/mojolearn/bindings/_mojolearn_gbdt.mojo:59:
Imported from ./gbdt/estimator.mojo:67:
Imported from ./gbdt/methods/doc_parallel_boosting.mojo:48:
Imported from ./gbdt/methods/greedy_subsets_searcher/greedy_search_helper.mojo:189:
Imported from ./gbdt/methods/greedy_subsets_searcher/kernel/hist_2_one_byte_base.mojo:116:
./gbdt/methods/greedy_subsets_searcher/kernel/hist_2_one_byte_5bit.mojo:194:28: warning: positional `__getitem__` is deprecated, use `unsafe_offset=` instead
                acc += smem[src + (in_warp_hist << 3)]
                       ~~~~^~~~~~~~~~~~~~~~~~~~~~~~~~~
<unknown>:0: note: '__getitem__' declared here
Imported from /Users/andrewhendel/CascadeProjects/mojolearn/bindings/_mojolearn_gbdt.mojo:59:
Imported from ./gbdt/estimator.mojo:67:
Imported from ./gbdt/methods/doc_parallel_boosting.mojo:48:
Imported from ./gbdt/methods/greedy_subsets_searcher/greedy_search_helper.mojo:189:
Imported from ./gbdt/methods/greedy_subsets_searcher/kernel/hist_2_one_byte_base.mojo:116:
./gbdt/methods/greedy_subsets_searcher/kernel/hist_2_one_byte_5bit.mojo:196:17: warning: positional `__getitem__` is deprecated, use `unsafe_offset=` instead
            smem[max_fold_count * 4 * is_second_stat + max_fold_count * f + fold] = acc
            ~~~~^~~~~~~~~~~~~~~~~~~~~~~~~~~~~~~~~~~~~~~~~~~~~~~~~~~~~~~~~~~~~~~~~
<unknown>:0: note: '__getitem__' declared here
Imported from /Users/andrewhendel/CascadeProjects/mojolearn/bindings/_mojolearn_gbdt.mojo:59:
Imported from ./gbdt/estimator.mojo:67:
Imported from ./gbdt/methods/doc_parallel_boosting.mojo:48:
Imported from ./gbdt/methods/greedy_subsets_searcher/greedy_search_helper.mojo:189:
Imported from ./gbdt/methods/greedy_subsets_searcher/kernel/hist_2_one_byte_base.mojo:121:
./gbdt/methods/greedy_subsets_searcher/kernel/hist_2_one_byte_6bit.mojo:97:5: warning: '@parameter for' is deprecated; use 'comptime for'
    @parameter
    ^~~~~~~~~~
    comptime 
Imported from /Users/andrewhendel/CascadeProjects/mojolearn/bindings/_mojolearn_gbdt.mojo:59:
Imported from ./gbdt/estimator.mojo:67:
Imported from ./gbdt/methods/doc_parallel_boosting.mojo:48:
Imported from ./gbdt/methods/greedy_subsets_searcher/greedy_search_helper.mojo:189:
Imported from ./gbdt/methods/greedy_subsets_searcher/kernel/hist_2_one_byte_base.mojo:121:
./gbdt/methods/greedy_subsets_searcher/kernel/hist_2_one_byte_6bit.mojo:116:5: warning: '@parameter for' is deprecated; use 'comptime for'
    @parameter
    ^~~~~~~~~~
    comptime 
Imported from /Users/andrewhendel/CascadeProjects/mojolearn/bindings/_mojolearn_gbdt.mojo:59:
Imported from ./gbdt/estimator.mojo:67:
Imported from ./gbdt/methods/doc_parallel_boosting.mojo:48:
Imported from ./gbdt/methods/greedy_subsets_searcher/greedy_search_helper.mojo:189:
Imported from ./gbdt/methods/greedy_subsets_searcher/kernel/hist_2_one_byte_base.mojo:121:
./gbdt/methods/greedy_subsets_searcher/kernel/hist_2_one_byte_6bit.mojo:120:9: warning: '@parameter for' is deprecated; use 'comptime for'
        @parameter
        ^~~~~~~~~~
        comptime 
Imported from /Users/andrewhendel/CascadeProjects/mojolearn/bindings/_mojolearn_gbdt.mojo:59:
Imported from ./gbdt/estimator.mojo:67:
Imported from ./gbdt/methods/doc_parallel_boosting.mojo:48:
Imported from ./gbdt/methods/greedy_subsets_searcher/greedy_search_helper.mojo:189:
Imported from ./gbdt/methods/greedy_subsets_searcher/kernel/hist_2_one_byte_base.mojo:121:
./gbdt/methods/greedy_subsets_searcher/kernel/hist_2_one_byte_6bit.mojo:145:13: warning: '@parameter for' is deprecated; use 'comptime for'
            @parameter
            ^~~~~~~~~~
            comptime 
Imported from /Users/andrewhendel/CascadeProjects/mojolearn/bindings/_mojolearn_gbdt.mojo:59:
Imported from ./gbdt/estimator.mojo:67:
Imported from ./gbdt/methods/doc_parallel_boosting.mojo:48:
Imported from ./gbdt/methods/greedy_subsets_searcher/greedy_search_helper.mojo:189:
Imported from ./gbdt/methods/greedy_subsets_searcher/kernel/hist_2_one_byte_base.mojo:121:
./gbdt/methods/greedy_subsets_searcher/kernel/hist_2_one_byte_6bit.mojo:153:13: warning: '@parameter for' is deprecated; use 'comptime for'
            @parameter
            ^~~~~~~~~~
            comptime 
Imported from /Users/andrewhendel/CascadeProjects/mojolearn/bindings/_mojolearn_gbdt.mojo:59:
Imported from ./gbdt/estimator.mojo:67:
Imported from ./gbdt/methods/doc_parallel_boosting.mojo:48:
Imported from ./gbdt/methods/greedy_subsets_searcher/greedy_search_helper.mojo:189:
Imported from ./gbdt/methods/greedy_subsets_searcher/kernel/hist_2_one_byte_base.mojo:121:
./gbdt/methods/greedy_subsets_searcher/kernel/hist_2_one_byte_6bit.mojo:162:9: warning: '@parameter for' is deprecated; use 'comptime for'
        @parameter
        ^~~~~~~~~~
        comptime 
Imported from /Users/andrewhendel/CascadeProjects/mojolearn/bindings/_mojolearn_gbdt.mojo:59:
Imported from ./gbdt/estimator.mojo:67:
Imported from ./gbdt/methods/doc_parallel_boosting.mojo:48:
Imported from ./gbdt/methods/greedy_subsets_searcher/greedy_search_helper.mojo:189:
Imported from ./gbdt/methods/greedy_subsets_searcher/kernel/hist_2_one_byte_base.mojo:121:
./gbdt/methods/greedy_subsets_searcher/kernel/hist_2_one_byte_6bit.mojo:170:13: warning: '@parameter for' is deprecated; use 'comptime for'
            @parameter
            ^~~~~~~~~~
            comptime 
Imported from /Users/andrewhendel/CascadeProjects/mojolearn/bindings/_mojolearn_gbdt.mojo:59:
Imported from ./gbdt/estimator.mojo:67:
Imported from ./gbdt/methods/doc_parallel_boosting.mojo:48:
Imported from ./gbdt/methods/greedy_subsets_searcher/greedy_search_helper.mojo:189:
Imported from ./gbdt/methods/greedy_subsets_searcher/kernel/hist_2_one_byte_base.mojo:121:
./gbdt/methods/greedy_subsets_searcher/kernel/hist_2_one_byte_6bit.mojo:178:13: warning: '@parameter for' is deprecated; use 'comptime for'
            @parameter
            ^~~~~~~~~~
            comptime 
Imported from /Users/andrewhendel/CascadeProjects/mojolearn/bindings/_mojolearn_gbdt.mojo:59:
Imported from ./gbdt/estimator.mojo:67:
Imported from ./gbdt/methods/doc_parallel_boosting.mojo:48:
Imported from ./gbdt/methods/greedy_subsets_searcher/greedy_search_helper.mojo:189:
Imported from ./gbdt/methods/greedy_subsets_searcher/kernel/hist_2_one_byte_base.mojo:121:
./gbdt/methods/greedy_subsets_searcher/kernel/hist_2_one_byte_6bit.mojo:218:9: warning: '@parameter for' is deprecated; use 'comptime for'
        @parameter
        ^~~~~~~~~~
        comptime 
Imported from /Users/andrewhendel/CascadeProjects/mojolearn/bindings/_mojolearn_gbdt.mojo:59:
Imported from ./gbdt/estimator.mojo:67:
Imported from ./gbdt/methods/doc_parallel_boosting.mojo:48:
Imported from ./gbdt/methods/greedy_subsets_searcher/greedy_search_helper.mojo:189:
Imported from ./gbdt/methods/greedy_subsets_searcher/kernel/hist_2_one_byte_base.mojo:121:
./gbdt/methods/greedy_subsets_searcher/kernel/hist_2_one_byte_6bit.mojo:220:25: warning: positional `__getitem__` is deprecated, use `unsafe_offset=` instead
            sum0 += smem[src + (in_warp_hist << 4)]
                    ~~~~^~~~~~~~~~~~~~~~~~~~~~~~~~~
<unknown>:0: note: '__getitem__' declared here
Imported from /Users/andrewhendel/CascadeProjects/mojolearn/bindings/_mojolearn_gbdt.mojo:59:
Imported from ./gbdt/estimator.mojo:67:
Imported from ./gbdt/methods/doc_parallel_boosting.mojo:48:
Imported from ./gbdt/methods/greedy_subsets_searcher/greedy_search_helper.mojo:189:
Imported from ./gbdt/methods/greedy_subsets_searcher/kernel/hist_2_one_byte_base.mojo:121:
./gbdt/methods/greedy_subsets_searcher/kernel/hist_2_one_byte_6bit.mojo:221:25: warning: positional `__getitem__` is deprecated, use `unsafe_offset=` instead
            sum1 += smem[src + (in_warp_hist << 4) + 512]
                    ~~~~^~~~~~~~~~~~~~~~~~~~~~~~~~~~~~~~~
<unknown>:0: note: '__getitem__' declared here
Imported from /Users/andrewhendel/CascadeProjects/mojolearn/bindings/_mojolearn_gbdt.mojo:59:
Imported from ./gbdt/estimator.mojo:67:
Imported from ./gbdt/methods/doc_parallel_boosting.mojo:48:
Imported from ./gbdt/methods/greedy_subsets_searcher/greedy_search_helper.mojo:189:
Imported from ./gbdt/methods/greedy_subsets_searcher/kernel/hist_2_one_byte_base.mojo:121:
./gbdt/methods/greedy_subsets_searcher/kernel/hist_2_one_byte_6bit.mojo:223:13: warning: positional `__getitem__` is deprecated, use `unsafe_offset=` instead
        smem[
        ~~~~^
<unknown>:0: note: '__getitem__' declared here
Imported from /Users/andrewhendel/CascadeProjects/mojolearn/bindings/_mojolearn_gbdt.mojo:59:
Imported from ./gbdt/estimator.mojo:67:
Imported from ./gbdt/methods/doc_parallel_boosting.mojo:48:
Imported from ./gbdt/methods/greedy_subsets_searcher/greedy_search_helper.mojo:189:
Imported from ./gbdt/methods/greedy_subsets_searcher/kernel/hist_2_one_byte_base.mojo:121:
./gbdt/methods/greedy_subsets_searcher/kernel/hist_2_one_byte_6bit.mojo:226:13: warning: positional `__getitem__` is deprecated, use `unsafe_offset=` instead
        smem[
        ~~~~^
<unknown>:0: note: '__getitem__' declared here
Imported from /Users/andrewhendel/CascadeProjects/mojolearn/bindings/_mojolearn_gbdt.mojo:59:
Imported from ./gbdt/estimator.mojo:67:
Imported from ./gbdt/methods/doc_parallel_boosting.mojo:48:
Imported from ./gbdt/methods/greedy_subsets_searcher/greedy_search_helper.mojo:189:
Imported from ./gbdt/methods/greedy_subsets_searcher/kernel/hist_2_one_byte_base.mojo:126:
./gbdt/methods/greedy_subsets_searcher/kernel/hist_2_one_byte_7bit.mojo:95:5: warning: '@parameter for' is deprecated; use 'comptime for'
    @parameter
    ^~~~~~~~~~
    comptime 
Imported from /Users/andrewhendel/CascadeProjects/mojolearn/bindings/_mojolearn_gbdt.mojo:59:
Imported from ./gbdt/estimator.mojo:67:
Imported from ./gbdt/methods/doc_parallel_boosting.mojo:48:
Imported from ./gbdt/methods/greedy_subsets_searcher/greedy_search_helper.mojo:189:
Imported from ./gbdt/methods/greedy_subsets_searcher/kernel/hist_2_one_byte_base.mojo:126:
./gbdt/methods/greedy_subsets_searcher/kernel/hist_2_one_byte_7bit.mojo:114:5: warning: '@parameter for' is deprecated; use 'comptime for'
    @parameter
    ^~~~~~~~~~
    comptime 
Imported from /Users/andrewhendel/CascadeProjects/mojolearn/bindings/_mojolearn_gbdt.mojo:59:
Imported from ./gbdt/estimator.mojo:67:
Imported from ./gbdt/methods/doc_parallel_boosting.mojo:48:
Imported from ./gbdt/methods/greedy_subsets_searcher/greedy_search_helper.mojo:189:
Imported from ./gbdt/methods/greedy_subsets_searcher/kernel/hist_2_one_byte_base.mojo:126:
./gbdt/methods/greedy_subsets_searcher/kernel/hist_2_one_byte_7bit.mojo:118:9: warning: '@parameter for' is deprecated; use 'comptime for'
        @parameter
        ^~~~~~~~~~
        comptime 
Imported from /Users/andrewhendel/CascadeProjects/mojolearn/bindings/_mojolearn_gbdt.mojo:59:
Imported from ./gbdt/estimator.mojo:67:
Imported from ./gbdt/methods/doc_parallel_boosting.mojo:48:
Imported from ./gbdt/methods/greedy_subsets_searcher/greedy_search_helper.mojo:189:
Imported from ./gbdt/methods/greedy_subsets_searcher/kernel/hist_2_one_byte_base.mojo:126:
./gbdt/methods/greedy_subsets_searcher/kernel/hist_2_one_byte_7bit.mojo:146:9: warning: '@parameter if' is deprecated; use 'comptime if'
        @parameter
        ^~~~~~~~~~
        comptime 
Imported from /Users/andrewhendel/CascadeProjects/mojolearn/bindings/_mojolearn_gbdt.mojo:59:
Imported from ./gbdt/estimator.mojo:67:
Imported from ./gbdt/methods/doc_parallel_boosting.mojo:48:
Imported from ./gbdt/methods/greedy_subsets_searcher/greedy_search_helper.mojo:189:
Imported from ./gbdt/methods/greedy_subsets_searcher/kernel/hist_2_one_byte_base.mojo:126:
./gbdt/methods/greedy_subsets_searcher/kernel/hist_2_one_byte_7bit.mojo:149:13: warning: '@parameter for' is deprecated; use 'comptime for'
            @parameter
            ^~~~~~~~~~
            comptime 
Imported from /Users/andrewhendel/CascadeProjects/mojolearn/bindings/_mojolearn_gbdt.mojo:59:
Imported from ./gbdt/estimator.mojo:67:
Imported from ./gbdt/methods/doc_parallel_boosting.mojo:48:
Imported from ./gbdt/methods/greedy_subsets_searcher/greedy_search_helper.mojo:189:
Imported from ./gbdt/methods/greedy_subsets_searcher/kernel/hist_2_one_byte_base.mojo:126:
./gbdt/methods/greedy_subsets_searcher/kernel/hist_2_one_byte_7bit.mojo:154:13: warning: '@parameter for' is deprecated; use 'comptime for'
            @parameter
            ^~~~~~~~~~
            comptime 
Imported from /Users/andrewhendel/CascadeProjects/mojolearn/bindings/_mojolearn_gbdt.mojo:59:
Imported from ./gbdt/estimator.mojo:67:
Imported from ./gbdt/methods/doc_parallel_boosting.mojo:48:
Imported from ./gbdt/methods/greedy_subsets_searcher/greedy_search_helper.mojo:189:
Imported from ./gbdt/methods/greedy_subsets_searcher/kernel/hist_2_one_byte_base.mojo:126:
./gbdt/methods/greedy_subsets_searcher/kernel/hist_2_one_byte_7bit.mojo:160:21: warning: '@parameter for' is deprecated; use 'comptime for'
                    @parameter
                    ^~~~~~~~~~
                    comptime 
Imported from /Users/andrewhendel/CascadeProjects/mojolearn/bindings/_mojolearn_gbdt.mojo:59:
Imported from ./gbdt/estimator.mojo:67:
Imported from ./gbdt/methods/doc_parallel_boosting.mojo:48:
Imported from ./gbdt/methods/greedy_subsets_searcher/greedy_search_helper.mojo:189:
Imported from ./gbdt/methods/greedy_subsets_searcher/kernel/hist_2_one_byte_base.mojo:126:
./gbdt/methods/greedy_subsets_searcher/kernel/hist_2_one_byte_7bit.mojo:171:9: warning: '@parameter for' is deprecated; use 'comptime for'
        @parameter
        ^~~~~~~~~~
        comptime 
Imported from /Users/andrewhendel/CascadeProjects/mojolearn/bindings/_mojolearn_gbdt.mojo:59:
Imported from ./gbdt/estimator.mojo:67:
Imported from ./gbdt/methods/doc_parallel_boosting.mojo:48:
Imported from ./gbdt/methods/greedy_subsets_searcher/greedy_search_helper.mojo:189:
Imported from ./gbdt/methods/greedy_subsets_searcher/kernel/hist_2_one_byte_base.mojo:126:
./gbdt/methods/greedy_subsets_searcher/kernel/hist_2_one_byte_7bit.mojo:175:9: warning: '@parameter if' is deprecated; use 'comptime if'
        @parameter
        ^~~~~~~~~~
        comptime 
Imported from /Users/andrewhendel/CascadeProjects/mojolearn/bindings/_mojolearn_gbdt.mojo:59:
Imported from ./gbdt/estimator.mojo:67:
Imported from ./gbdt/methods/doc_parallel_boosting.mojo:48:
Imported from ./gbdt/methods/greedy_subsets_searcher/greedy_search_helper.mojo:189:
Imported from ./gbdt/methods/greedy_subsets_searcher/kernel/hist_2_one_byte_base.mojo:126:
./gbdt/methods/greedy_subsets_searcher/kernel/hist_2_one_byte_7bit.mojo:178:13: warning: '@parameter for' is deprecated; use 'comptime for'
            @parameter
            ^~~~~~~~~~
            comptime 
Imported from /Users/andrewhendel/CascadeProjects/mojolearn/bindings/_mojolearn_gbdt.mojo:59:
Imported from ./gbdt/estimator.mojo:67:
Imported from ./gbdt/methods/doc_parallel_boosting.mojo:48:
Imported from ./gbdt/methods/greedy_subsets_searcher/greedy_search_helper.mojo:189:
Imported from ./gbdt/methods/greedy_subsets_searcher/kernel/hist_2_one_byte_base.mojo:126:
./gbdt/methods/greedy_subsets_searcher/kernel/hist_2_one_byte_7bit.mojo:184:13: warning: '@parameter for' is deprecated; use 'comptime for'
            @parameter
            ^~~~~~~~~~
            comptime 
Imported from /Users/andrewhendel/CascadeProjects/mojolearn/bindings/_mojolearn_gbdt.mojo:59:
Imported from ./gbdt/estimator.mojo:67:
Imported from ./gbdt/methods/doc_parallel_boosting.mojo:48:
Imported from ./gbdt/methods/greedy_subsets_searcher/greedy_search_helper.mojo:189:
Imported from ./gbdt/methods/greedy_subsets_searcher/kernel/hist_2_one_byte_base.mojo:126:
./gbdt/methods/greedy_subsets_searcher/kernel/hist_2_one_byte_7bit.mojo:188:21: warning: '@parameter for' is deprecated; use 'comptime for'
                    @parameter
                    ^~~~~~~~~~
                    comptime 
Imported from /Users/andrewhendel/CascadeProjects/mojolearn/bindings/_mojolearn_gbdt.mojo:59:
Imported from ./gbdt/estimator.mojo:67:
Imported from ./gbdt/methods/doc_parallel_boosting.mojo:48:
Imported from ./gbdt/methods/greedy_subsets_searcher/greedy_search_helper.mojo:189:
Imported from ./gbdt/methods/greedy_subsets_searcher/kernel/hist_2_one_byte_base.mojo:126:
./gbdt/methods/greedy_subsets_searcher/kernel/hist_2_one_byte_7bit.mojo:224:9: warning: '@parameter for' is deprecated; use 'comptime for'
        @parameter
        ^~~~~~~~~~
        comptime 
Imported from /Users/andrewhendel/CascadeProjects/mojolearn/bindings/_mojolearn_gbdt.mojo:59:
Imported from ./gbdt/estimator.mojo:67:
Imported from ./gbdt/methods/doc_parallel_boosting.mojo:48:
Imported from ./gbdt/methods/greedy_subsets_searcher/greedy_search_helper.mojo:189:
Imported from ./gbdt/methods/greedy_subsets_searcher/kernel/hist_2_one_byte_base.mojo:126:
./gbdt/methods/greedy_subsets_searcher/kernel/hist_2_one_byte_7bit.mojo:227:17: warning: positional `__getitem__` is deprecated, use `unsafe_offset=` instead
            smem[
            ~~~~^
<unknown>:0: note: '__getitem__' declared here
Imported from /Users/andrewhendel/CascadeProjects/mojolearn/bindings/_mojolearn_gbdt.mojo:59:
Imported from ./gbdt/estimator.mojo:67:
Imported from ./gbdt/methods/doc_parallel_boosting.mojo:48:
Imported from ./gbdt/methods/greedy_subsets_searcher/greedy_search_helper.mojo:189:
Imported from ./gbdt/methods/greedy_subsets_searcher/kernel/hist_2_one_byte_base.mojo:126:
./gbdt/methods/greedy_subsets_searcher/kernel/hist_2_one_byte_7bit.mojo:231:21: warning: positional `__getitem__` is deprecated, use `unsafe_offset=` instead
            ] = smem[src + 8 * fold]
                ~~~~^~~~~~~~~~~~~~~~
<unknown>:0: note: '__getitem__' declared here
Imported from /Users/andrewhendel/CascadeProjects/mojolearn/bindings/_mojolearn_gbdt.mojo:59:
Imported from ./gbdt/estimator.mojo:67:
Imported from ./gbdt/methods/doc_parallel_boosting.mojo:48:
Imported from ./gbdt/methods/greedy_subsets_searcher/greedy_search_helper.mojo:87:
Imported from ./gbdt/methods/greedy_subsets_searcher/kernel/hist_binary.mojo:50:
./gbdt/methods/greedy_subsets_searcher/kernel/lane_sync.mojo:70:5: warning: '@parameter if' is deprecated; use 'comptime if'
    @parameter
    ^~~~~~~~~~
    comptime 
Imported from /Users/andrewhendel/CascadeProjects/mojolearn/bindings/_mojolearn_gbdt.mojo:59:
Imported from ./gbdt/estimator.mojo:67:
Imported from ./gbdt/methods/doc_parallel_boosting.mojo:61:
Imported from ./gbdt/methods/greedy_subsets_searcher/greedy_search_helper_depthwise.mojo:36:
Imported from ./gbdt/methods/greedy_subsets_searcher/quantized_hist_launcher.mojo:37:
./gbdt/methods/greedy_subsets_searcher/kernel/hist_quantized_shared.mojo:185:9: warning: '@parameter if' is deprecated; use 'comptime if'
        @parameter
        ^~~~~~~~~~
        comptime 
Imported from /Users/andrewhendel/CascadeProjects/mojolearn/bindings/_mojolearn_gbdt.mojo:59:
Imported from ./gbdt/estimator.mojo:67:
Imported from ./gbdt/methods/doc_parallel_boosting.mojo:61:
Imported from ./gbdt/methods/greedy_subsets_searcher/greedy_search_helper_depthwise.mojo:36:
Imported from ./gbdt/methods/greedy_subsets_searcher/quantized_hist_launcher.mojo:37:
./gbdt/methods/greedy_subsets_searcher/kernel/hist_quantized_shared.mojo:195:35: warning: '__add__' is deprecated, use 'unsafe_offset' instead
            src = Int(ldg(indices + pos))
                          ~~~~~~~~^~~~~
<unknown>:0: note: '__add__' declared here
Imported from /Users/andrewhendel/CascadeProjects/mojolearn/bindings/_mojolearn_gbdt.mojo:59:
Imported from ./gbdt/estimator.mojo:67:
Imported from ./gbdt/methods/doc_parallel_boosting.mojo:61:
Imported from ./gbdt/methods/greedy_subsets_searcher/greedy_search_helper_depthwise.mojo:36:
Imported from ./gbdt/methods/greedy_subsets_searcher/quantized_hist_launcher.mojo:37:
./gbdt/methods/greedy_subsets_searcher/kernel/hist_quantized_shared.mojo:196:43: warning: '__add__' is deprecated, use 'unsafe_offset' instead
        var q1 = hist2_quantize(ldg(stats + src), fixed_scale, u)
                                    ~~~~~~^~~~~
<unknown>:0: note: '__add__' declared here
Imported from /Users/andrewhendel/CascadeProjects/mojolearn/bindings/_mojolearn_gbdt.mojo:59:
Imported from ./gbdt/estimator.mojo:67:
Imported from ./gbdt/methods/doc_parallel_boosting.mojo:61:
Imported from ./gbdt/methods/greedy_subsets_searcher/greedy_search_helper_depthwise.mojo:36:
Imported from ./gbdt/methods/greedy_subsets_searcher/quantized_hist_launcher.mojo:37:
./gbdt/methods/greedy_subsets_searcher/kernel/hist_quantized_shared.mojo:198:23: warning: '__add__' is deprecated, use 'unsafe_offset' instead
            ldg(stats + (stat_line_size + src)), fixed_scale, u
                ~~~~~~^~~~~~~~~~~~~~~~~~~~~~~~
<unknown>:0: note: '__add__' declared here
Imported from /Users/andrewhendel/CascadeProjects/mojolearn/bindings/_mojolearn_gbdt.mojo:59:
Imported from ./gbdt/estimator.mojo:67:
Imported from ./gbdt/methods/doc_parallel_boosting.mojo:61:
Imported from ./gbdt/methods/greedy_subsets_searcher/greedy_search_helper_depthwise.mojo:36:
Imported from ./gbdt/methods/greedy_subsets_searcher/quantized_hist_launcher.mojo:37:
./gbdt/methods/greedy_subsets_searcher/kernel/hist_quantized_shared.mojo:332:23: warning: '__add__' is deprecated, use 'unsafe_offset' instead
    var bins_p = bins + Int(cindex_base_in) + bins_line_size * (
                 ~~~~~^~~~~~~~~~~~~~~~~~~~~
<unknown>:0: note: '__add__' declared here
Imported from /Users/andrewhendel/CascadeProjects/mojolearn/bindings/_mojolearn_gbdt.mojo:59:
Imported from ./gbdt/estimator.mojo:67:
Imported from ./gbdt/methods/doc_parallel_boosting.mojo:61:
Imported from ./gbdt/methods/greedy_subsets_searcher/greedy_search_helper_depthwise.mojo:36:
Imported from ./gbdt/methods/greedy_subsets_searcher/quantized_hist_launcher.mojo:37:
./gbdt/methods/greedy_subsets_searcher/kernel/hist_quantized_shared.mojo:332:45: warning: '__add__' is deprecated, use 'unsafe_offset' instead
    var bins_p = bins + Int(cindex_base_in) + bins_line_size * (
                 ~~~~~~~~~~~~~~~~~~~~~~~~~~~^~~~~~~~~~~~~~~~~~~~
<unknown>:0: note: '__add__' declared here
Imported from /Users/andrewhendel/CascadeProjects/mojolearn/bindings/_mojolearn_gbdt.mojo:59:
Imported from ./gbdt/estimator.mojo:67:
Imported from ./gbdt/methods/doc_parallel_boosting.mojo:61:
Imported from ./gbdt/methods/greedy_subsets_searcher/greedy_search_helper_depthwise.mojo:36:
Imported from ./gbdt/methods/greedy_subsets_searcher/quantized_hist_launcher.mojo:37:
./gbdt/methods/greedy_subsets_searcher/kernel/hist_quantized_shared.mojo:355:13: warning: positional `__getitem__` is deprecated, use `unsafe_offset=` instead
        smem[z] = Int32(0)
        ~~~~^~~
<unknown>:0: note: '__getitem__' declared here
Imported from /Users/andrewhendel/CascadeProjects/mojolearn/bindings/_mojolearn_gbdt.mojo:59:
Imported from ./gbdt/estimator.mojo:67:
Imported from ./gbdt/methods/doc_parallel_boosting.mojo:61:
Imported from ./gbdt/methods/greedy_subsets_searcher/greedy_search_helper_depthwise.mojo:36:
Imported from ./gbdt/methods/greedy_subsets_searcher/quantized_hist_launcher.mojo:37:
./gbdt/methods/greedy_subsets_searcher/kernel/hist_quantized_shared.mojo:363:56: warning: '__add__' is deprecated, use 'unsafe_offset' instead
        var pair = bitcast[DType.int32, 2](ldg(q_stats + pos))
                                               ~~~~~~~~^~~~~
<unknown>:0: note: '__add__' declared here
Imported from /Users/andrewhendel/CascadeProjects/mojolearn/bindings/_mojolearn_gbdt.mojo:59:
Imported from ./gbdt/estimator.mojo:67:
Imported from ./gbdt/methods/doc_parallel_boosting.mojo:61:
Imported from ./gbdt/methods/greedy_subsets_searcher/greedy_search_helper_depthwise.mojo:36:
Imported from ./gbdt/methods/greedy_subsets_searcher/quantized_hist_launcher.mojo:37:
./gbdt/methods/greedy_subsets_searcher/kernel/hist_quantized_shared.mojo:213:11: warning: 'UnsafePointer' is deprecated, use 'Pointer' instead
    smem: UnsafePointer[
          ^~~~~~~~~~~~~
          Pointer
<unknown>:0: note: 'UnsafePointer' declared here
Imported from /Users/andrewhendel/CascadeProjects/mojolearn/bindings/_mojolearn_gbdt.mojo:59:
Imported from ./gbdt/estimator.mojo:67:
Imported from ./gbdt/methods/doc_parallel_boosting.mojo:61:
Imported from ./gbdt/methods/greedy_subsets_searcher/greedy_search_helper_depthwise.mojo:36:
Imported from ./gbdt/methods/greedy_subsets_searcher/quantized_hist_launcher.mojo:37:
./gbdt/methods/greedy_subsets_searcher/kernel/hist_quantized_shared.mojo:253:11: warning: 'UnsafePointer' is deprecated, use 'Pointer' instead
    smem: UnsafePointer[
          ^~~~~~~~~~~~~
          Pointer
<unknown>:0: note: 'UnsafePointer' declared here
Imported from /Users/andrewhendel/CascadeProjects/mojolearn/bindings/_mojolearn_gbdt.mojo:59:
Imported from ./gbdt/estimator.mojo:67:
Imported from ./gbdt/methods/doc_parallel_boosting.mojo:61:
Imported from ./gbdt/methods/greedy_subsets_searcher/greedy_search_helper_depthwise.mojo:36:
Imported from ./gbdt/methods/greedy_subsets_searcher/quantized_hist_launcher.mojo:37:
./gbdt/methods/greedy_subsets_searcher/kernel/hist_quantized_shared.mojo:412:25: warning: '__add__' is deprecated, use 'unsafe_offset' instead
    var bins_p = cindex + Int(cindex_base_in) + bins_line_size * (
                 ~~~~~~~^~~~~~~~~~~~~~~~~~~~~
<unknown>:0: note: '__add__' declared here
Imported from /Users/andrewhendel/CascadeProjects/mojolearn/bindings/_mojolearn_gbdt.mojo:59:
Imported from ./gbdt/estimator.mojo:67:
Imported from ./gbdt/methods/doc_parallel_boosting.mojo:61:
Imported from ./gbdt/methods/greedy_subsets_searcher/greedy_search_helper_depthwise.mojo:36:
Imported from ./gbdt/methods/greedy_subsets_searcher/quantized_hist_launcher.mojo:37:
./gbdt/methods/greedy_subsets_searcher/kernel/hist_quantized_shared.mojo:412:47: warning: '__add__' is deprecated, use 'unsafe_offset' instead
    var bins_p = cindex + Int(cindex_base_in) + bins_line_size * (
                 ~~~~~~~~~~~~~~~~~~~~~~~~~~~~~^~~~~~~~~~~~~~~~~~~~
<unknown>:0: note: '__add__' declared here
Imported from /Users/andrewhendel/CascadeProjects/mojolearn/bindings/_mojolearn_gbdt.mojo:59:
Imported from ./gbdt/estimator.mojo:67:
Imported from ./gbdt/methods/doc_parallel_boosting.mojo:61:
Imported from ./gbdt/methods/greedy_subsets_searcher/greedy_search_helper_depthwise.mojo:36:
Imported from ./gbdt/methods/greedy_subsets_searcher/quantized_hist_launcher.mojo:37:
./gbdt/methods/greedy_subsets_searcher/kernel/hist_quantized_shared.mojo:433:13: warning: positional `__getitem__` is deprecated, use `unsafe_offset=` instead
        smem[z] = Int32(0)
        ~~~~^~~
<unknown>:0: note: '__getitem__' declared here
Imported from /Users/andrewhendel/CascadeProjects/mojolearn/bindings/_mojolearn_gbdt.mojo:59:
Imported from ./gbdt/estimator.mojo:67:
Imported from ./gbdt/methods/doc_parallel_boosting.mojo:61:
Imported from ./gbdt/methods/greedy_subsets_searcher/greedy_search_helper_depthwise.mojo:36:
Imported from ./gbdt/methods/greedy_subsets_searcher/quantized_hist_launcher.mojo:37:
./gbdt/methods/greedy_subsets_searcher/kernel/hist_quantized_shared.mojo:441:35: warning: '__add__' is deprecated, use 'unsafe_offset' instead
        var row = Int(ldg(indices + pos))
                          ~~~~~~~~^~~~~
<unknown>:0: note: '__add__' declared here
Imported from /Users/andrewhendel/CascadeProjects/mojolearn/bindings/_mojolearn_gbdt.mojo:59:
Imported from ./gbdt/estimator.mojo:67:
Imported from ./gbdt/methods/doc_parallel_boosting.mojo:61:
Imported from ./gbdt/methods/greedy_subsets_searcher/greedy_search_helper_depthwise.mojo:36:
Imported from ./gbdt/methods/greedy_subsets_searcher/quantized_hist_launcher.mojo:37:
./gbdt/methods/greedy_subsets_searcher/kernel/hist_quantized_shared.mojo:442:56: warning: '__add__' is deprecated, use 'unsafe_offset' instead
        var pair = bitcast[DType.int32, 2](ldg(q_stats + pos))
                                               ~~~~~~~~^~~~~
<unknown>:0: note: '__add__' declared here
Imported from /Users/andrewhendel/CascadeProjects/mojolearn/bindings/_mojolearn_gbdt.mojo:59:
Imported from ./gbdt/estimator.mojo:67:
Imported from ./gbdt/methods/doc_parallel_boosting.mojo:48:
Imported from ./gbdt/methods/greedy_subsets_searcher/greedy_search_helper.mojo:209:
./gbdt/methods/greedy_subsets_searcher/kernel/split_points.mojo:215:42: warning: '__add__' is deprecated, use 'unsafe_offset' instead
            flag0 = Int(ldg(sorted_flags + (offset + i)))
                            ~~~~~~~~~~~~~^~~~~~~~~~~~~~
<unknown>:0: note: '__add__' declared here
Imported from /Users/andrewhendel/CascadeProjects/mojolearn/bindings/_mojolearn_gbdt.mojo:59:
Imported from ./gbdt/estimator.mojo:67:
Imported from ./gbdt/methods/doc_parallel_boosting.mojo:48:
Imported from ./gbdt/methods/greedy_subsets_searcher/greedy_search_helper.mojo:209:
./gbdt/methods/greedy_subsets_searcher/kernel/split_points.mojo:218:42: warning: '__add__' is deprecated, use 'unsafe_offset' instead
            flag1 = Int(ldg(sorted_flags + (offset + i - 1)))
                            ~~~~~~~~~~~~~^~~~~~~~~~~~~~~~~~
<unknown>:0: note: '__add__' declared here
Imported from /Users/andrewhendel/CascadeProjects/mojolearn/bindings/_mojolearn_gbdt.mojo:59:
Imported from ./gbdt/estimator.mojo:67:
Imported from ./gbdt/methods/doc_parallel_boosting.mojo:137:
./gbdt/targets/kernel/multilogit.mojo:233:5: warning: '@parameter for' is deprecated; use 'comptime for'
    @parameter
    ^~~~~~~~~~
    comptime 
Imported from /Users/andrewhendel/CascadeProjects/mojolearn/bindings/_mojolearn_gbdt.mojo:59:
Imported from ./gbdt/estimator.mojo:67:
Imported from ./gbdt/methods/doc_parallel_boosting.mojo:137:
./gbdt/targets/kernel/multilogit.mojo:279:5: warning: '@parameter for' is deprecated; use 'comptime for'
    @parameter
    ^~~~~~~~~~
    comptime 
Imported from /Users/andrewhendel/CascadeProjects/mojolearn/bindings/_mojolearn_gbdt.mojo:59:
Imported from ./gbdt/estimator.mojo:67:
Imported from ./gbdt/methods/doc_parallel_boosting.mojo:137:
./gbdt/targets/kernel/multilogit.mojo:294:5: warning: '@parameter for' is deprecated; use 'comptime for'
    @parameter
    ^~~~~~~~~~
    comptime 
Imported from /Users/andrewhendel/CascadeProjects/mojolearn/bindings/_mojolearn_gbdt.mojo:59:
Imported from ./gbdt/estimator.mojo:67:
Imported from ./gbdt/methods/doc_parallel_boosting.mojo:137:
./gbdt/targets/kernel/multilogit.mojo:706:5: warning: '@parameter for' is deprecated; use 'comptime for'
    @parameter
    ^~~~~~~~~~
    comptime 
Imported from /Users/andrewhendel/CascadeProjects/mojolearn/bindings/_mojolearn_gbdt.mojo:59:
Imported from ./gbdt/estimator.mojo:67:
Imported from ./gbdt/methods/doc_parallel_boosting.mojo:137:
./gbdt/targets/kernel/multilogit.mojo:739:9: warning: '@parameter for' is deprecated; use 'comptime for'
        @parameter
        ^~~~~~~~~~
        comptime 
Imported from /Users/andrewhendel/CascadeProjects/mojolearn/bindings/_mojolearn_gbdt.mojo:59:
Imported from ./gbdt/estimator.mojo:67:
Imported from ./gbdt/methods/doc_parallel_boosting.mojo:137:
./gbdt/targets/kernel/multilogit.mojo:779:5: warning: '@parameter for' is deprecated; use 'comptime for'
    @parameter
    ^~~~~~~~~~
    comptime 
Imported from /Users/andrewhendel/CascadeProjects/mojolearn/bindings/_mojolearn_gbdt.mojo:59:
Imported from ./gbdt/estimator.mojo:67:
Imported from ./gbdt/methods/doc_parallel_boosting.mojo:108:
./gbdt/methods/greedy_subsets_searcher/kernel/hist_one_byte.mojo:234:5: warning: '@parameter if' is deprecated; use 'comptime if'
    @parameter
    ^~~~~~~~~~
    comptime 
Imported from /Users/andrewhendel/CascadeProjects/mojolearn/bindings/_mojolearn_gbdt.mojo:59:
Imported from ./gbdt/estimator.mojo:67:
Imported from ./gbdt/methods/doc_parallel_boosting.mojo:108:
./gbdt/methods/greedy_subsets_searcher/kernel/hist_one_byte.mojo:335:5: warning: '@parameter for' is deprecated; use 'comptime for'
    @parameter
    ^~~~~~~~~~
    comptime 
Imported from /Users/andrewhendel/CascadeProjects/mojolearn/bindings/_mojolearn_gbdt.mojo:59:
Imported from ./gbdt/estimator.mojo:67:
Imported from ./gbdt/methods/doc_parallel_boosting.mojo:108:
./gbdt/methods/greedy_subsets_searcher/kernel/hist_one_byte.mojo:375:9: warning: '@parameter if' is deprecated; use 'comptime if'
        @parameter
        ^~~~~~~~~~
        comptime 
Imported from /Users/andrewhendel/CascadeProjects/mojolearn/bindings/_mojolearn_gbdt.mojo:59:
Imported from ./gbdt/estimator.mojo:67:
Imported from ./gbdt/methods/doc_parallel_boosting.mojo:108:
./gbdt/methods/greedy_subsets_searcher/kernel/hist_one_byte.mojo:388:13: warning: '@parameter for' is deprecated; use 'comptime for'
            @parameter
            ^~~~~~~~~~
            comptime 
Imported from /Users/andrewhendel/CascadeProjects/mojolearn/bindings/_mojolearn_gbdt.mojo:59:
Imported from ./gbdt/estimator.mojo:67:
Imported from ./gbdt/methods/doc_parallel_boosting.mojo:48:
Imported from ./gbdt/methods/greedy_subsets_searcher/greedy_search_helper.mojo:52:
./gbdt/methods/greedy_subsets_searcher/kernel/histogram_utils.mojo:146:5: warning: '@parameter if' is deprecated; use 'comptime if'
    @parameter
    ^~~~~~~~~~
    comptime 
Imported from /Users/andrewhendel/CascadeProjects/mojolearn/bindings/_mojolearn_gbdt.mojo:59:
Imported from ./gbdt/estimator.mojo:67:
Imported from ./gbdt/methods/doc_parallel_boosting.mojo:48:
Imported from ./gbdt/methods/greedy_subsets_searcher/greedy_search_helper.mojo:52:
./gbdt/methods/greedy_subsets_searcher/kernel/histogram_utils.mojo:154:13: warning: positional `__getitem__` is deprecated, use `unsafe_offset=` instead
        smem[offset] = smem[offset] + rebind[Scalar[dt]](val)
        ~~~~^~~~~~~~
<unknown>:0: note: '__getitem__' declared here
Imported from /Users/andrewhendel/CascadeProjects/mojolearn/bindings/_mojolearn_gbdt.mojo:59:
Imported from ./gbdt/estimator.mojo:67:
Imported from ./gbdt/methods/doc_parallel_boosting.mojo:48:
Imported from ./gbdt/methods/greedy_subsets_searcher/greedy_search_helper.mojo:52:
./gbdt/methods/greedy_subsets_searcher/kernel/histogram_utils.mojo:154:28: warning: positional `__getitem__` is deprecated, use `unsafe_offset=` instead
        smem[offset] = smem[offset] + rebind[Scalar[dt]](val)
                       ~~~~^~~~~~~~
<unknown>:0: note: '__getitem__' declared here
Imported from /Users/andrewhendel/CascadeProjects/mojolearn/bindings/_mojolearn_gbdt.mojo:59:
Imported from ./gbdt/estimator.mojo:67:
Imported from ./gbdt/methods/doc_parallel_boosting.mojo:48:
Imported from ./gbdt/methods/greedy_subsets_searcher/greedy_search_helper.mojo:78:
./gbdt/methods/greedy_subsets_searcher/kernel/compute_scores.mojo:385:42: warning: '__add__' is deprecated, use 'unsafe_offset' instead
        var part_weight = ldg(part_stats + this_part_id * stat_count)
                              ~~~~~~~~~~~^~~~~~~~~~~~~~~~~~~~~~~~~~~
<unknown>:0: note: '__add__' declared here
Imported from /Users/andrewhendel/CascadeProjects/mojolearn/bindings/_mojolearn_gbdt.mojo:59:
Imported from ./gbdt/estimator.mojo:67:
Imported from ./gbdt/methods/doc_parallel_boosting.mojo:48:
Imported from ./gbdt/methods/greedy_subsets_searcher/greedy_search_helper.mojo:78:
./gbdt/methods/greedy_subsets_searcher/kernel/compute_scores.mojo:387:28: warning: '__add__' is deprecated, use 'unsafe_offset' instead
            ldg(histograms + (leaf_base + bin_feature_id)), Float32(0.0)
                ~~~~~~~~~~~^~~~~~~~~~~~~~~~~~~~~~~~~~~~~~
<unknown>:0: note: '__add__' declared here
Imported from /Users/andrewhendel/CascadeProjects/mojolearn/bindings/_mojolearn_gbdt.mojo:59:
Imported from ./gbdt/estimator.mojo:67:
Imported from ./gbdt/methods/doc_parallel_boosting.mojo:48:
Imported from ./gbdt/methods/greedy_subsets_searcher/greedy_search_helper.mojo:78:
./gbdt/methods/greedy_subsets_searcher/kernel/compute_scores.mojo:402:43: warning: '__add__' is deprecated, use 'unsafe_offset' instead
            var sum_left = ldg(histograms + stat_slot)
                               ~~~~~~~~~~~^~~~~~~~~~~
<unknown>:0: note: '__add__' declared here
Imported from /Users/andrewhendel/CascadeProjects/mojolearn/bindings/_mojolearn_gbdt.mojo:59:
Imported from ./gbdt/estimator.mojo:67:
Imported from ./gbdt/methods/doc_parallel_boosting.mojo:48:
Imported from ./gbdt/methods/greedy_subsets_searcher/greedy_search_helper.mojo:78:
./gbdt/methods/greedy_subsets_searcher/kernel/compute_scores.mojo:404:28: warning: '__add__' is deprecated, use 'unsafe_offset' instead
                part_stats + (this_part_id * stat_count + stat_id)
                ~~~~~~~~~~~^~~~~~~~~~~~~~~~~~~~~~~~~~~~~~~~~~~~~~~
<unknown>:0: note: '__add__' declared here
Imported from /Users/andrewhendel/CascadeProjects/mojolearn/bindings/_mojolearn_gbdt.mojo:59:
Imported from ./gbdt/estimator.mojo:67:
Imported from ./gbdt/methods/doc_parallel_boosting.mojo:48:
Imported from ./gbdt/methods/greedy_subsets_searcher/greedy_search_helper.mojo:78:
./gbdt/methods/greedy_subsets_searcher/kernel/compute_scores.mojo:471:47: warning: '__add__' is deprecated, use 'unsafe_offset' instead
        gain = ftz(gain * ldg(feature_weights + feature_id))
                              ~~~~~~~~~~~~~~~~^~~~~~~~~~~~
<unknown>:0: note: '__add__' declared here
Imported from /Users/andrewhendel/CascadeProjects/mojolearn/bindings/_mojolearn_gbdt.mojo:59:
Imported from ./gbdt/estimator.mojo:67:
Imported from ./gbdt/methods/doc_parallel_boosting.mojo:48:
Imported from ./gbdt/methods/greedy_subsets_searcher/greedy_search_helper.mojo:78:
./gbdt/methods/greedy_subsets_searcher/kernel/compute_scores.mojo:503:12: warning: positional `__getitem__` is deprecated, use `unsafe_offset=` instead
    s_score[tid] = best_gain
    ~~~~~~~^~~~~
<unknown>:0: note: '__getitem__' declared here
Imported from /Users/andrewhendel/CascadeProjects/mojolearn/bindings/_mojolearn_gbdt.mojo:59:
Imported from ./gbdt/estimator.mojo:67:
Imported from ./gbdt/methods/doc_parallel_boosting.mojo:48:
Imported from ./gbdt/methods/greedy_subsets_searcher/greedy_search_helper.mojo:78:
./gbdt/methods/greedy_subsets_searcher/kernel/compute_scores.mojo:504:10: warning: positional `__getitem__` is deprecated, use `unsafe_offset=` instead
    s_bin[tid] = best_bin
    ~~~~~^~~~~
<unknown>:0: note: '__getitem__' declared here
Imported from /Users/andrewhendel/CascadeProjects/mojolearn/bindings/_mojolearn_gbdt.mojo:59:
Imported from ./gbdt/estimator.mojo:67:
Imported from ./gbdt/methods/doc_parallel_boosting.mojo:48:
Imported from ./gbdt/methods/greedy_subsets_searcher/greedy_search_helper.mojo:78:
./gbdt/methods/greedy_subsets_searcher/kernel/compute_scores.mojo:510:31: warning: positional `__getitem__` is deprecated, use `unsafe_offset=` instead
            var take = s_score[tid + stride] > s_score[tid]
                       ~~~~~~~^~~~~~~~~~~~~~
<unknown>:0: note: '__getitem__' declared here
Imported from /Users/andrewhendel/CascadeProjects/mojolearn/bindings/_mojolearn_gbdt.mojo:59:
Imported from ./gbdt/estimator.mojo:67:
Imported from ./gbdt/methods/doc_parallel_boosting.mojo:48:
Imported from ./gbdt/methods/greedy_subsets_searcher/greedy_search_helper.mojo:78:
./gbdt/methods/greedy_subsets_searcher/kernel/compute_scores.mojo:510:55: warning: positional `__getitem__` is deprecated, use `unsafe_offset=` instead
            var take = s_score[tid + stride] > s_score[tid]
                                               ~~~~~~~^~~~~
<unknown>:0: note: '__getitem__' declared here
Imported from /Users/andrewhendel/CascadeProjects/mojolearn/bindings/_mojolearn_gbdt.mojo:59:
Imported from ./gbdt/estimator.mojo:67:
Imported from ./gbdt/methods/doc_parallel_boosting.mojo:48:
Imported from ./gbdt/methods/greedy_subsets_searcher/greedy_search_helper.mojo:78:
./gbdt/methods/greedy_subsets_searcher/kernel/compute_scores.mojo:511:23: warning: positional `__getitem__` is deprecated, use `unsafe_offset=` instead
            if s_score[tid + stride] == s_score[tid]:
               ~~~~~~~^~~~~~~~~~~~~~
<unknown>:0: note: '__getitem__' declared here
Imported from /Users/andrewhendel/CascadeProjects/mojolearn/bindings/_mojolearn_gbdt.mojo:59:
Imported from ./gbdt/estimator.mojo:67:
Imported from ./gbdt/methods/doc_parallel_boosting.mojo:48:
Imported from ./gbdt/methods/greedy_subsets_searcher/greedy_search_helper.mojo:78:
./gbdt/methods/greedy_subsets_searcher/kernel/compute_scores.mojo:511:48: warning: positional `__getitem__` is deprecated, use `unsafe_offset=` instead
            if s_score[tid + stride] == s_score[tid]:
                                        ~~~~~~~^~~~~
<unknown>:0: note: '__getitem__' declared here
Imported from /Users/andrewhendel/CascadeProjects/mojolearn/bindings/_mojolearn_gbdt.mojo:59:
Imported from ./gbdt/estimator.mojo:67:
Imported from ./gbdt/methods/doc_parallel_boosting.mojo:48:
Imported from ./gbdt/methods/greedy_subsets_searcher/greedy_search_helper.mojo:78:
./gbdt/methods/greedy_subsets_searcher/kernel/compute_scores.mojo:512:25: warning: positional `__getitem__` is deprecated, use `unsafe_offset=` instead
                if s_bin[tid + stride] < s_bin[tid]:
                   ~~~~~^~~~~~~~~~~~~~
<unknown>:0: note: '__getitem__' declared here
Imported from /Users/andrewhendel/CascadeProjects/mojolearn/bindings/_mojolearn_gbdt.mojo:59:
Imported from ./gbdt/estimator.mojo:67:
Imported from ./gbdt/methods/doc_parallel_boosting.mojo:48:
Imported from ./gbdt/methods/greedy_subsets_searcher/greedy_search_helper.mojo:78:
./gbdt/methods/greedy_subsets_searcher/kernel/compute_scores.mojo:512:47: warning: positional `__getitem__` is deprecated, use `unsafe_offset=` instead
                if s_bin[tid + stride] < s_bin[tid]:
                                         ~~~~~^~~~~
<unknown>:0: note: '__getitem__' declared here
Imported from /Users/andrewhendel/CascadeProjects/mojolearn/bindings/_mojolearn_gbdt.mojo:59:
Imported from ./gbdt/estimator.mojo:67:
Imported from ./gbdt/methods/doc_parallel_boosting.mojo:48:
Imported from ./gbdt/methods/greedy_subsets_searcher/greedy_search_helper.mojo:78:
./gbdt/methods/greedy_subsets_searcher/kernel/compute_scores.mojo:515:24: warning: positional `__getitem__` is deprecated, use `unsafe_offset=` instead
                s_score[tid] = s_score[tid + stride]
                ~~~~~~~^~~~~
<unknown>:0: note: '__getitem__' declared here
Imported from /Users/andrewhendel/CascadeProjects/mojolearn/bindings/_mojolearn_gbdt.mojo:59:
Imported from ./gbdt/estimator.mojo:67:
Imported from ./gbdt/methods/doc_parallel_boosting.mojo:48:
Imported from ./gbdt/methods/greedy_subsets_searcher/greedy_search_helper.mojo:78:
./gbdt/methods/greedy_subsets_searcher/kernel/compute_scores.mojo:515:39: warning: positional `__getitem__` is deprecated, use `unsafe_offset=` instead
                s_score[tid] = s_score[tid + stride]
                               ~~~~~~~^~~~~~~~~~~~~~
<unknown>:0: note: '__getitem__' declared here
Imported from /Users/andrewhendel/CascadeProjects/mojolearn/bindings/_mojolearn_gbdt.mojo:59:
Imported from ./gbdt/estimator.mojo:67:
Imported from ./gbdt/methods/doc_parallel_boosting.mojo:48:
Imported from ./gbdt/methods/greedy_subsets_searcher/greedy_search_helper.mojo:78:
./gbdt/methods/greedy_subsets_searcher/kernel/compute_scores.mojo:516:22: warning: positional `__getitem__` is deprecated, use `unsafe_offset=` instead
                s_bin[tid] = s_bin[tid + stride]
                ~~~~~^~~~~
<unknown>:0: note: '__getitem__' declared here
Imported from /Users/andrewhendel/CascadeProjects/mojolearn/bindings/_mojolearn_gbdt.mojo:59:
Imported from ./gbdt/estimator.mojo:67:
Imported from ./gbdt/methods/doc_parallel_boosting.mojo:48:
Imported from ./gbdt/methods/greedy_subsets_searcher/greedy_search_helper.mojo:78:
./gbdt/methods/greedy_subsets_searcher/kernel/compute_scores.mojo:516:35: warning: positional `__getitem__` is deprecated, use `unsafe_offset=` instead
                s_bin[tid] = s_bin[tid + stride]
                             ~~~~~^~~~~~~~~~~~~~
<unknown>:0: note: '__getitem__' declared here
Imported from /Users/andrewhendel/CascadeProjects/mojolearn/bindings/_mojolearn_gbdt.mojo:59:
Imported from ./gbdt/estimator.mojo:67:
Imported from ./gbdt/methods/doc_parallel_boosting.mojo:48:
Imported from ./gbdt/methods/greedy_subsets_searcher/greedy_search_helper.mojo:78:
./gbdt/methods/greedy_subsets_searcher/kernel/compute_scores.mojo:521:26: warning: positional `__getitem__` is deprecated, use `unsafe_offset=` instead
        var index = s_bin[0]
                    ~~~~~^~~
<unknown>:0: note: '__getitem__' declared here
Imported from /Users/andrewhendel/CascadeProjects/mojolearn/bindings/_mojolearn_gbdt.mojo:59:
Imported from ./gbdt/estimator.mojo:67:
Imported from ./gbdt/methods/doc_parallel_boosting.mojo:48:
Imported from ./gbdt/methods/greedy_subsets_searcher/greedy_search_helper.mojo:78:
./gbdt/methods/greedy_subsets_searcher/kernel/compute_scores.mojo:523:57: warning: positional `__getitem__` is deprecated, use `unsafe_offset=` instead
            out_score.unsafe_store(out_slot, ftz(s_score[0]))
                                                 ~~~~~~~^~~
<unknown>:0: note: '__getitem__' declared here
Imported from /Users/andrewhendel/CascadeProjects/mojolearn/bindings/_mojolearn_gbdt.mojo:59:
Imported from ./gbdt/estimator.mojo:67:
Imported from ./gbdt/methods/doc_parallel_boosting.mojo:30:
./gbdt/methods/leaves_estimation/pointwise_oracle.mojo:357:9: warning: '@parameter if' is deprecated; use 'comptime if'
        @parameter
        ^~~~~~~~~~
        comptime 
Imported from /Users/andrewhendel/CascadeProjects/mojolearn/bindings/_mojolearn_gbdt.mojo:59:
Imported from ./gbdt/estimator.mojo:67:
Imported from ./gbdt/methods/doc_parallel_boosting.mojo:30:
./gbdt/methods/leaves_estimation/pointwise_oracle.mojo:382:9: warning: '@parameter if' is deprecated; use 'comptime if'
        @parameter
        ^~~~~~~~~~
        comptime 
Imported from /Users/andrewhendel/CascadeProjects/mojolearn/bindings/_mojolearn_gbdt.mojo:59:
Imported from ./gbdt/estimator.mojo:67:
Imported from ./gbdt/methods/doc_parallel_boosting.mojo:48:
Imported from ./gbdt/methods/greedy_subsets_searcher/greedy_search_helper.mojo:61:
./gbdt/methods/greedy_subsets_searcher/kernel/hist_2_one_byte_8bit.mojo:94:5: warning: '@parameter for' is deprecated; use 'comptime for'
    @parameter
    ^~~~~~~~~~
    comptime 
Imported from /Users/andrewhendel/CascadeProjects/mojolearn/bindings/_mojolearn_gbdt.mojo:59:
Imported from ./gbdt/estimator.mojo:67:
Imported from ./gbdt/methods/doc_parallel_boosting.mojo:48:
Imported from ./gbdt/methods/greedy_subsets_searcher/greedy_search_helper.mojo:61:
./gbdt/methods/greedy_subsets_searcher/kernel/hist_2_one_byte_8bit.mojo:136:23: warning: positional `__getitem__` is deprecated, use `unsafe_offset=` instead
        var acc = smem[start]
                  ~~~~^~~~~~~
<unknown>:0: note: '__getitem__' declared here
Imported from /Users/andrewhendel/CascadeProjects/mojolearn/bindings/_mojolearn_gbdt.mojo:59:
Imported from ./gbdt/estimator.mojo:67:
Imported from ./gbdt/methods/doc_parallel_boosting.mojo:48:
Imported from ./gbdt/methods/greedy_subsets_searcher/greedy_search_helper.mojo:61:
./gbdt/methods/greedy_subsets_searcher/kernel/hist_2_one_byte_8bit.mojo:138:9: warning: '@parameter for' is deprecated; use 'comptime for'
        @parameter
        ^~~~~~~~~~
        comptime 
Imported from /Users/andrewhendel/CascadeProjects/mojolearn/bindings/_mojolearn_gbdt.mojo:59:
Imported from ./gbdt/estimator.mojo:67:
Imported from ./gbdt/methods/doc_parallel_boosting.mojo:48:
Imported from ./gbdt/methods/greedy_subsets_searcher/greedy_search_helper.mojo:61:
./gbdt/methods/greedy_subsets_searcher/kernel/hist_2_one_byte_8bit.mojo:140:24: warning: positional `__getitem__` is deprecated, use `unsafe_offset=` instead
            acc += smem[start + s * H8_SLICE]
                   ~~~~^~~~~~~~~~~~~~~~~~~~~~
<unknown>:0: note: '__getitem__' declared here
Imported from /Users/andrewhendel/CascadeProjects/mojolearn/bindings/_mojolearn_gbdt.mojo:59:
Imported from ./gbdt/estimator.mojo:67:
Imported from ./gbdt/methods/doc_parallel_boosting.mojo:48:
Imported from ./gbdt/methods/greedy_subsets_searcher/greedy_search_helper.mojo:61:
./gbdt/methods/greedy_subsets_searcher/kernel/hist_2_one_byte_8bit.mojo:141:13: warning: positional `__getitem__` is deprecated, use `unsafe_offset=` instead
        smem[start] = acc
        ~~~~^~~~~~~
<unknown>:0: note: '__getitem__' declared here
Imported from /Users/andrewhendel/CascadeProjects/mojolearn/bindings/_mojolearn_gbdt.mojo:59:
Imported from ./gbdt/estimator.mojo:67:
Imported from ./gbdt/methods/doc_parallel_boosting.mojo:48:
Imported from ./gbdt/methods/greedy_subsets_searcher/greedy_search_helper.mojo:61:
./gbdt/methods/greedy_subsets_searcher/kernel/hist_2_one_byte_8bit.mojo:161:13: warning: '@parameter for' is deprecated; use 'comptime for'
            @parameter
            ^~~~~~~~~~
            comptime 
Imported from /Users/andrewhendel/CascadeProjects/mojolearn/bindings/_mojolearn_gbdt.mojo:59:
Imported from ./gbdt/estimator.mojo:67:
Imported from ./gbdt/methods/doc_parallel_boosting.mojo:48:
Imported from ./gbdt/methods/greedy_subsets_searcher/greedy_search_helper.mojo:61:
./gbdt/methods/greedy_subsets_searcher/kernel/hist_2_one_byte_8bit.mojo:163:29: warning: positional `__getitem__` is deprecated, use `unsafe_offset=` instead
                var q = smem[(fold << 3) + (fid << 1) + stat]
                        ~~~~^~~~~~~~~~~~~~~~~~~~~~~~~~~~~~~~~
<unknown>:0: note: '__getitem__' declared here
Imported from /Users/andrewhendel/CascadeProjects/mojolearn/bindings/_mojolearn_gbdt.mojo:59:
Imported from ./gbdt/estimator.mojo:67:
Imported from ./gbdt/methods/doc_parallel_boosting.mojo:61:
Imported from ./gbdt/methods/greedy_subsets_searcher/greedy_search_helper_depthwise.mojo:36:
Imported from ./gbdt/methods/greedy_subsets_searcher/quantized_hist_launcher.mojo:37:
./gbdt/methods/greedy_subsets_searcher/kernel/hist_quantized_shared.mojo:227:29: warning: '__add__' is deprecated, use 'unsafe_offset' instead
        var ci = ldg(bins_p + (w * bins_line_size + row))
                     ~~~~~~~^~~~~~~~~~~~~~~~~~~~~~~~~~~~
<unknown>:0: note: '__add__' declared here
Imported from /Users/andrewhendel/CascadeProjects/mojolearn/bindings/_mojolearn_gbdt.mojo:59:
Imported from ./gbdt/estimator.mojo:67:
Imported from ./gbdt/methods/doc_parallel_boosting.mojo:61:
Imported from ./gbdt/methods/greedy_subsets_searcher/greedy_search_helper_depthwise.mojo:36:
Imported from ./gbdt/methods/greedy_subsets_searcher/quantized_hist_launcher.mojo:37:
./gbdt/methods/greedy_subsets_searcher/kernel/hist_quantized_shared.mojo:269:21: warning: positional `__getitem__` is deprecated, use `unsafe_offset=` instead
        var q = smem[idx]
                ~~~~^~~~~
<unknown>:0: note: '__getitem__' declared here
Imported from /Users/andrewhendel/CascadeProjects/mojolearn/bindings/_mojolearn_gbdt.mojo:59:
Imported from ./gbdt/estimator.mojo:67:
Imported from ./gbdt/methods/doc_parallel_boosting.mojo:137:
./gbdt/targets/kernel/multilogit.mojo:410:5: warning: '@parameter for' is deprecated; use 'comptime for'
    @parameter
    ^~~~~~~~~~
    comptime 
Imported from /Users/andrewhendel/CascadeProjects/mojolearn/bindings/_mojolearn_gbdt.mojo:59:
Imported from ./gbdt/estimator.mojo:67:
Imported from ./gbdt/methods/doc_parallel_boosting.mojo:137:
./gbdt/targets/kernel/multilogit.mojo:432:5: warning: '@parameter for' is deprecated; use 'comptime for'
    @parameter
    ^~~~~~~~~~
    comptime 
Imported from /Users/andrewhendel/CascadeProjects/mojolearn/bindings/_mojolearn_gbdt.mojo:59:
Imported from ./gbdt/estimator.mojo:67:
Imported from ./gbdt/methods/doc_parallel_boosting.mojo:137:
./gbdt/targets/kernel/multilogit.mojo:440:5: warning: '@parameter for' is deprecated; use 'comptime for'
    @parameter
    ^~~~~~~~~~
    comptime 
Imported from /Users/andrewhendel/CascadeProjects/mojolearn/bindings/_mojolearn_gbdt.mojo:59:
Imported from ./gbdt/estimator.mojo:67:
Imported from ./gbdt/methods/doc_parallel_boosting.mojo:137:
./gbdt/targets/kernel/multilogit.mojo:838:5: warning: '@parameter for' is deprecated; use 'comptime for'
    @parameter
    ^~~~~~~~~~
    comptime 
Imported from /Users/andrewhendel/CascadeProjects/mojolearn/bindings/_mojolearn_gbdt.mojo:59:
Imported from ./gbdt/estimator.mojo:67:
Imported from ./gbdt/methods/doc_parallel_boosting.mojo:137:
./gbdt/targets/kernel/multilogit.mojo:848:9: warning: '@parameter for' is deprecated; use 'comptime for'
        @parameter
        ^~~~~~~~~~
        comptime 
Included from /Users/andrewhendel/CascadeProjects/mojolearn/bindings/_mojolearn_gbdt.mojo:59:
Included from ./gbdt/estimator.mojo:67:
Included from ./gbdt/methods/doc_parallel_boosting.mojo:48:
Included from ./gbdt/methods/greedy_subsets_searcher/greedy_search_helper.mojo:213:
./gbdt/gpu_util/kernel/reorder_single_pass.mojo:408:27: warning: assignment to 'dst' was never used; assign to '_' instead?
                var dst = 0
                          ^
Included from /Users/andrewhendel/CascadeProjects/mojolearn/bindings/_mojolearn_gbdt.mojo:59:
Included from ./gbdt/estimator.mojo:67:
./gbdt/methods/doc_parallel_boosting.mojo:1335:25: warning: assignment to 'not_pd_blocks' was never used; assign to '_' instead?
    var not_pd_blocks = 0
                        ^
Included from /Users/andrewhendel/CascadeProjects/mojolearn/bindings/_mojolearn_gbdt.mojo:59:
Included from ./gbdt/estimator.mojo:67:
Included from ./gbdt/methods/doc_parallel_boosting.mojo:48:
./gbdt/methods/greedy_subsets_searcher/greedy_search_helper.mojo:3759:32: warning: assignment to 'reorder_launches' was never used; assign to '_' instead?
        var reorder_launches = 0
                               ^
Included from /Users/andrewhendel/CascadeProjects/mojolearn/bindings/_mojolearn_gbdt.mojo:59:
Included from ./gbdt/estimator.mojo:67:
Included from ./gbdt/methods/doc_parallel_boosting.mojo:48:
./gbdt/methods/greedy_subsets_searcher/greedy_search_helper.mojo:4802:32: warning: assignment to 'reorder_launches' was never used; assign to '_' instead?
        var reorder_launches = 0
                               ^
Included from /Users/andrewhendel/CascadeProjects/mojolearn/bindings/_mojolearn_gbdt.mojo:59:
Included from ./gbdt/estimator.mojo:67:
Included from ./gbdt/methods/doc_parallel_boosting.mojo:61:
./gbdt/methods/greedy_subsets_searcher/greedy_search_helper_depthwise.mojo:2160:36: warning: assignment to 'reorder_launches' was never used; assign to '_' instead?
            var reorder_launches = 0
                                   ^
Included from /Users/andrewhendel/CascadeProjects/mojolearn/bindings/_mojolearn_gbdt.mojo:59:
Included from ./gbdt/estimator.mojo:67:
Included from ./gbdt/methods/doc_parallel_boosting.mojo:48:
Included from ./gbdt/methods/greedy_subsets_searcher/greedy_search_helper.mojo:209:
./gbdt/methods/greedy_subsets_searcher/kernel/split_points.mojo:1242:23: warning: assignment to 'dst' was never used; assign to '_' instead?
            var dst = 0
                      ^
Included from /Users/andrewhendel/CascadeProjects/mojolearn/bindings/_mojolearn_gbdt.mojo:59:
Included from ./gbdt/estimator.mojo:67:
Included from ./gbdt/methods/doc_parallel_boosting.mojo:42:
Included from ./gbdt/methods/oblivious_tree_doc_parallel_structure_searcher.mojo:102:
./gbdt/methods/pointwise_optimization_subsets.mojo:481:24: warning: assignment to 'adapt_blocks' was never used; assign to '_' instead?
        adapt_blocks = 1
                       ^
ld: warning: passed two min versions (26.0, 11.0) for platform macOS. Using 11.0.
ld: warning: object file (/private/var/folders/hy/_ylqg90n5lz20fd6tsrwg0cw0000gn/T/mojo_archive-7b4f626.a) was built for newer 'macOS' version (26.0) than being linked (11.0)
built python/mojolearn/_mojolearn_gbdt.so (179 AIR blobs, minos 11.0)
