Imported from /root/mojolearn/umap/checks/sparse_estimator_check.mojo:28:
Imported from ./umap/spectral_init.mojo:8:
/root/mojolearn/./core/identity_trace.mojo:376:14: warning: 'UnsafePointer' is deprecated, use 'Pointer' instead
        ptr: UnsafePointer[Scalar[dt], o],
             ^~~~~~~~~~~~~
             Pointer
<unknown>:0: note: 'UnsafePointer' declared here
Imported from /root/mojolearn/umap/checks/sparse_estimator_check.mojo:28:
Imported from ./umap/spectral_init.mojo:8:
/root/mojolearn/./core/identity_trace.mojo:248:14: warning: 'UnsafePointer' is deprecated, use 'Pointer' instead
        raw: UnsafePointer[UInt8, o],
             ^~~~~~~~~~~~~
             Pointer
<unknown>:0: note: 'UnsafePointer' declared here
Imported from /root/mojolearn/umap/checks/sparse_estimator_check.mojo:28:
Imported from ./umap/spectral_init.mojo:8:
/root/mojolearn/./core/identity_trace.mojo:362:14: warning: 'bitcast' is deprecated, use 'unsafe_bitcast' instead
            p.bitcast[UInt8](),
            ~^~~~~~~~
              unsafe_bitcast
<unknown>:0: note: 'bitcast' declared here
Imported from /root/mojolearn/umap/checks/sparse_estimator_check.mojo:28:
Imported from ./umap/spectral_init.mojo:8:
/root/mojolearn/./core/identity_trace.mojo:386:16: warning: 'bitcast' is deprecated, use 'unsafe_bitcast' instead
            ptr.bitcast[UInt8](),
            ~~~^~~~~~~~
                unsafe_bitcast
<unknown>:0: note: 'bitcast' declared here
Imported from /root/mojolearn/umap/checks/sparse_estimator_check.mojo:14:
Imported from ./umap/estimator.mojo:7:
Imported from /root/mojolearn/./neighbors/estimator.mojo:151:
Imported from /root/mojolearn/./neighbors/impl/distance/detail/distance_ops.mojo:191:
/root/mojolearn/./core/pinned_reduce.mojo:99:12: warning: positional `__getitem__` is deprecated, use `unsafe_offset=` instead
        red[tid] = value
        ~~~^~~~~
<unknown>:0: note: '__getitem__' declared here
Imported from /root/mojolearn/umap/checks/sparse_estimator_check.mojo:14:
Imported from ./umap/estimator.mojo:7:
Imported from /root/mojolearn/./neighbors/estimator.mojo:151:
Imported from /root/mojolearn/./neighbors/impl/distance/detail/distance_ops.mojo:191:
/root/mojolearn/./core/pinned_reduce.mojo:104:20: warning: positional `__getitem__` is deprecated, use `unsafe_offset=` instead
                red[tid] = red[tid] + red[tid + step]
                ~~~^~~~~
<unknown>:0: note: '__getitem__' declared here
Imported from /root/mojolearn/umap/checks/sparse_estimator_check.mojo:14:
Imported from ./umap/estimator.mojo:7:
Imported from /root/mojolearn/./neighbors/estimator.mojo:151:
Imported from /root/mojolearn/./neighbors/impl/distance/detail/distance_ops.mojo:191:
/root/mojolearn/./core/pinned_reduce.mojo:104:31: warning: positional `__getitem__` is deprecated, use `unsafe_offset=` instead
                red[tid] = red[tid] + red[tid + step]
                           ~~~^~~~~
<unknown>:0: note: '__getitem__' declared here
Imported from /root/mojolearn/umap/checks/sparse_estimator_check.mojo:14:
Imported from ./umap/estimator.mojo:7:
Imported from /root/mojolearn/./neighbors/estimator.mojo:151:
Imported from /root/mojolearn/./neighbors/impl/distance/detail/distance_ops.mojo:191:
/root/mojolearn/./core/pinned_reduce.mojo:104:42: warning: positional `__getitem__` is deprecated, use `unsafe_offset=` instead
                red[tid] = red[tid] + red[tid + step]
                                      ~~~^~~~~~~~~~~~
<unknown>:0: note: '__getitem__' declared here
Imported from /root/mojolearn/umap/checks/sparse_estimator_check.mojo:14:
Imported from ./umap/estimator.mojo:7:
Imported from /root/mojolearn/./neighbors/estimator.mojo:151:
Imported from /root/mojolearn/./neighbors/impl/distance/detail/distance_ops.mojo:191:
/root/mojolearn/./core/pinned_reduce.mojo:107:24: warning: positional `__getitem__` is deprecated, use `unsafe_offset=` instead
        var total = red[0]
                    ~~~^~~
<unknown>:0: note: '__getitem__' declared here
Imported from /root/mojolearn/umap/checks/sparse_estimator_check.mojo:28:
Imported from ./umap/spectral_init.mojo:8:
/root/mojolearn/./core/identity_trace.mojo:103:22: warning: 'UnsafePointer' is deprecated, use 'Pointer' instead
](seed: UInt64, ptr: UnsafePointer[UInt8, o], n: Int) -> UInt64:
                     ^~~~~~~~~~~~~
                     Pointer
<unknown>:0: note: 'UnsafePointer' declared here
Imported from /root/mojolearn/umap/checks/sparse_estimator_check.mojo:14:
Imported from ./umap/estimator.mojo:7:
Imported from /root/mojolearn/./neighbors/estimator.mojo:130:
Imported from /root/mojolearn/./neighbors/impl/neighbors/detail/knn_brute_force.mojo:124:
/root/mojolearn/./neighbors/impl/neighbors/detail/fused_l2_knn.mojo:441:23: warning: positional `__getitem__` is deprecated, use `unsafe_offset=` instead
                    sx[r * FKNN_SMEM_STRIDE + c] = v
                    ~~^~~~~~~~~~~~~~~~~~~~~~~~~~
<unknown>:0: note: '__getitem__' declared here
Imported from /root/mojolearn/umap/checks/sparse_estimator_check.mojo:14:
Imported from ./umap/estimator.mojo:7:
Imported from /root/mojolearn/./neighbors/estimator.mojo:130:
Imported from /root/mojolearn/./neighbors/impl/neighbors/detail/knn_brute_force.mojo:124:
/root/mojolearn/./neighbors/impl/neighbors/detail/fused_l2_knn.mojo:450:23: warning: positional `__getitem__` is deprecated, use `unsafe_offset=` instead
                    sy[r2 * FKNN_SMEM_STRIDE + c2] = v2
                    ~~^~~~~~~~~~~~~~~~~~~~~~~~~~~~
<unknown>:0: note: '__getitem__' declared here
Imported from /root/mojolearn/umap/checks/sparse_estimator_check.mojo:14:
Imported from ./umap/estimator.mojo:7:
Imported from /root/mojolearn/./neighbors/estimator.mojo:130:
Imported from /root/mojolearn/./neighbors/impl/neighbors/detail/knn_brute_force.mojo:124:
/root/mojolearn/./neighbors/impl/neighbors/detail/fused_l2_knn.mojo:464:21: warning: '@parameter for' is deprecated; use 'comptime for'
                    @parameter
                    ^~~~~~~~~~
                    comptime 
Imported from /root/mojolearn/umap/checks/sparse_estimator_check.mojo:14:
Imported from ./umap/estimator.mojo:7:
Imported from /root/mojolearn/./neighbors/estimator.mojo:130:
Imported from /root/mojolearn/./neighbors/impl/neighbors/detail/knn_brute_force.mojo:124:
/root/mojolearn/./neighbors/impl/neighbors/detail/fused_l2_knn.mojo:466:37: warning: positional `__getitem__` is deprecated, use `unsafe_offset=` instead
                        regy[j] = sy[
                                  ~~^
<unknown>:0: note: '__getitem__' declared here
Imported from /root/mojolearn/umap/checks/sparse_estimator_check.mojo:14:
Imported from ./umap/estimator.mojo:7:
Imported from /root/mojolearn/./neighbors/estimator.mojo:130:
Imported from /root/mojolearn/./neighbors/impl/neighbors/detail/knn_brute_force.mojo:124:
/root/mojolearn/./neighbors/impl/neighbors/detail/fused_l2_knn.mojo:480:39: warning: positional `__getitem__` is deprecated, use `unsafe_offset=` instead
                                    sx[(tr + 0) * FKNN_SMEM_STRIDE + kk]
                                    ~~^~~~~~~~~~~~~~~~~~~~~~~~~~~~~~~~~~
<unknown>:0: note: '__getitem__' declared here
Imported from /root/mojolearn/umap/checks/sparse_estimator_check.mojo:14:
Imported from ./umap/estimator.mojo:7:
Imported from /root/mojolearn/./neighbors/estimator.mojo:130:
Imported from /root/mojolearn/./neighbors/impl/neighbors/detail/knn_brute_force.mojo:124:
/root/mojolearn/./neighbors/impl/neighbors/detail/fused_l2_knn.mojo:491:39: warning: positional `__getitem__` is deprecated, use `unsafe_offset=` instead
                                    sx[
                                    ~~^
<unknown>:0: note: '__getitem__' declared here
Imported from /root/mojolearn/umap/checks/sparse_estimator_check.mojo:14:
Imported from ./umap/estimator.mojo:7:
Imported from /root/mojolearn/./neighbors/estimator.mojo:130:
Imported from /root/mojolearn/./neighbors/impl/neighbors/detail/knn_brute_force.mojo:124:
/root/mojolearn/./neighbors/impl/neighbors/detail/fused_l2_knn.mojo:513:13: warning: '@parameter for' is deprecated; use 'comptime for'
            @parameter
            ^~~~~~~~~~
            comptime 
Imported from /root/mojolearn/umap/checks/sparse_estimator_check.mojo:14:
Imported from ./umap/estimator.mojo:7:
Imported from /root/mojolearn/./neighbors/estimator.mojo:130:
Imported from /root/mojolearn/./neighbors/impl/neighbors/detail/knn_brute_force.mojo:124:
/root/mojolearn/./neighbors/impl/neighbors/detail/fused_l2_knn.mojo:523:17: warning: '@parameter for' is deprecated; use 'comptime for'
                @parameter
                ^~~~~~~~~~
                comptime 
Imported from /root/mojolearn/umap/checks/sparse_estimator_check.mojo:14:
Imported from ./umap/estimator.mojo:7:
Imported from /root/mojolearn/./neighbors/estimator.mojo:130:
Imported from /root/mojolearn/./neighbors/impl/neighbors/detail/knn_brute_force.mojo:124:
/root/mojolearn/./neighbors/impl/neighbors/detail/fused_l2_knn.mojo:537:17: warning: '@parameter for' is deprecated; use 'comptime for'
                @parameter
                ^~~~~~~~~~
                comptime 
Imported from /root/mojolearn/umap/checks/sparse_estimator_check.mojo:14:
Imported from ./umap/estimator.mojo:7:
Imported from /root/mojolearn/./neighbors/estimator.mojo:130:
Imported from /root/mojolearn/./neighbors/impl/neighbors/detail/knn_brute_force.mojo:124:
/root/mojolearn/./neighbors/impl/neighbors/detail/fused_l2_knn.mojo:638:21: warning: '@parameter for' is deprecated; use 'comptime for'
                    @parameter
                    ^~~~~~~~~~
                    comptime 
Imported from /root/mojolearn/umap/checks/sparse_estimator_check.mojo:14:
Imported from ./umap/estimator.mojo:7:
Imported from /root/mojolearn/./neighbors/estimator.mojo:130:
Imported from /root/mojolearn/./neighbors/impl/neighbors/detail/knn_brute_force.mojo:124:
/root/mojolearn/./neighbors/impl/neighbors/detail/fused_l2_knn.mojo:669:25: warning: '@parameter for' is deprecated; use 'comptime for'
                        @parameter
                        ^~~~~~~~~~
                        comptime 
Imported from /root/mojolearn/umap/checks/sparse_estimator_check.mojo:14:
Imported from ./umap/estimator.mojo:7:
Imported from /root/mojolearn/./neighbors/estimator.mojo:130:
Imported from /root/mojolearn/./neighbors/impl/neighbors/detail/knn_brute_force.mojo:124:
/root/mojolearn/./neighbors/impl/neighbors/detail/fused_l2_knn.mojo:674:25: warning: '@parameter for' is deprecated; use 'comptime for'
                        @parameter
                        ^~~~~~~~~~
                        comptime 
Imported from /root/mojolearn/umap/checks/sparse_estimator_check.mojo:14:
Imported from ./umap/estimator.mojo:7:
Imported from /root/mojolearn/./neighbors/estimator.mojo:130:
Imported from /root/mojolearn/./neighbors/impl/neighbors/detail/knn_brute_force.mojo:124:
/root/mojolearn/./neighbors/impl/neighbors/detail/fused_l2_knn.mojo:744:21: warning: '@parameter for' is deprecated; use 'comptime for'
                    @parameter
                    ^~~~~~~~~~
                    comptime 
Imported from /root/mojolearn/umap/checks/sparse_estimator_check.mojo:14:
Imported from ./umap/estimator.mojo:7:
Imported from /root/mojolearn/./neighbors/estimator.mojo:130:
Imported from /root/mojolearn/./neighbors/impl/neighbors/detail/knn_brute_force.mojo:114:
/root/mojolearn/./neighbors/impl/matrix/detail/select_radix.mojo:222:12: warning: positional `__getitem__` is deprecated, use `unsafe_offset=` instead
        ctr[CTR_K] = Int32(k)
        ~~~^~~~~~~
<unknown>:0: note: '__getitem__' declared here
Imported from /root/mojolearn/umap/checks/sparse_estimator_check.mojo:14:
Imported from ./umap/estimator.mojo:7:
Imported from /root/mojolearn/./neighbors/estimator.mojo:130:
Imported from /root/mojolearn/./neighbors/impl/neighbors/detail/knn_brute_force.mojo:114:
/root/mojolearn/./neighbors/impl/matrix/detail/select_radix.mojo:223:12: warning: positional `__getitem__` is deprecated, use `unsafe_offset=` instead
        ctr[CTR_LEN] = Int32(length)
        ~~~^~~~~~~~~
<unknown>:0: note: '__getitem__' declared here
Imported from /root/mojolearn/umap/checks/sparse_estimator_check.mojo:14:
Imported from ./umap/estimator.mojo:7:
Imported from /root/mojolearn/./neighbors/estimator.mojo:130:
Imported from /root/mojolearn/./neighbors/impl/neighbors/detail/knn_brute_force.mojo:114:
/root/mojolearn/./neighbors/impl/matrix/detail/select_radix.mojo:224:12: warning: positional `__getitem__` is deprecated, use `unsafe_offset=` instead
        ctr[CTR_PREVIOUS_LEN] = Int32(length)
        ~~~^~~~~~~~~~~~~~~~~~
<unknown>:0: note: '__getitem__' declared here
Imported from /root/mojolearn/umap/checks/sparse_estimator_check.mojo:14:
Imported from ./umap/estimator.mojo:7:
Imported from /root/mojolearn/./neighbors/estimator.mojo:130:
Imported from /root/mojolearn/./neighbors/impl/neighbors/detail/knn_brute_force.mojo:114:
/root/mojolearn/./neighbors/impl/matrix/detail/select_radix.mojo:225:12: warning: positional `__getitem__` is deprecated, use `unsafe_offset=` instead
        ctr[CTR_OUT_CNT] = Int32(0)
        ~~~^~~~~~~~~~~~~
<unknown>:0: note: '__getitem__' declared here
Imported from /root/mojolearn/umap/checks/sparse_estimator_check.mojo:14:
Imported from ./umap/estimator.mojo:7:
Imported from /root/mojolearn/./neighbors/estimator.mojo:130:
Imported from /root/mojolearn/./neighbors/impl/neighbors/detail/knn_brute_force.mojo:114:
/root/mojolearn/./neighbors/impl/matrix/detail/select_radix.mojo:226:12: warning: positional `__getitem__` is deprecated, use `unsafe_offset=` instead
        ctr[CTR_OUT_BACK_CNT] = Int32(0)
        ~~~^~~~~~~~~~~~~~~~~~
<unknown>:0: note: '__getitem__' declared here
Imported from /root/mojolearn/umap/checks/sparse_estimator_check.mojo:14:
Imported from ./umap/estimator.mojo:7:
Imported from /root/mojolearn/./neighbors/estimator.mojo:130:
Imported from /root/mojolearn/./neighbors/impl/neighbors/detail/knn_brute_force.mojo:114:
/root/mojolearn/./neighbors/impl/matrix/detail/select_radix.mojo:227:17: warning: positional `__getitem__` is deprecated, use `unsafe_offset=` instead
        kth_bits[0] = UInt32(0)
        ~~~~~~~~^~~
<unknown>:0: note: '__getitem__' declared here
Imported from /root/mojolearn/umap/checks/sparse_estimator_check.mojo:14:
Imported from ./umap/estimator.mojo:7:
Imported from /root/mojolearn/./neighbors/estimator.mojo:130:
Imported from /root/mojolearn/./neighbors/impl/neighbors/detail/knn_brute_force.mojo:114:
/root/mojolearn/./neighbors/impl/matrix/detail/select_radix.mojo:253:34: warning: positional `__getitem__` is deprecated, use `unsafe_offset=` instead
        var current_len = Int(ctr[CTR_LEN])
                              ~~~^~~~~~~~~
<unknown>:0: note: '__getitem__' declared here
Imported from /root/mojolearn/umap/checks/sparse_estimator_check.mojo:14:
Imported from ./umap/estimator.mojo:7:
Imported from /root/mojolearn/./neighbors/estimator.mojo:130:
Imported from /root/mojolearn/./neighbors/impl/neighbors/detail/knn_brute_force.mojo:114:
/root/mojolearn/./neighbors/impl/matrix/detail/select_radix.mojo:254:32: warning: positional `__getitem__` is deprecated, use `unsafe_offset=` instead
        var current_k = Int(ctr[CTR_K])
                            ~~~^~~~~~~
<unknown>:0: note: '__getitem__' declared here
Imported from /root/mojolearn/umap/checks/sparse_estimator_check.mojo:14:
Imported from ./umap/estimator.mojo:7:
Imported from /root/mojolearn/./neighbors/estimator.mojo:130:
Imported from /root/mojolearn/./neighbors/impl/neighbors/detail/knn_brute_force.mojo:114:
/root/mojolearn/./neighbors/impl/matrix/detail/select_radix.mojo:255:35: warning: positional `__getitem__` is deprecated, use `unsafe_offset=` instead
        var previous_len = Int(ctr[CTR_PREVIOUS_LEN])
                               ~~~^~~~~~~~~~~~~~~~~~
<unknown>:0: note: '__getitem__' declared here
Imported from /root/mojolearn/umap/checks/sparse_estimator_check.mojo:14:
Imported from ./umap/estimator.mojo:7:
Imported from /root/mojolearn/./neighbors/estimator.mojo:130:
Imported from /root/mojolearn/./neighbors/impl/neighbors/detail/knn_brute_force.mojo:114:
/root/mojolearn/./neighbors/impl/matrix/detail/select_radix.mojo:267:13: warning: positional `__getitem__` is deprecated, use `unsafe_offset=` instead
        hist[tid] = Int32(0)
        ~~~~^~~~~
<unknown>:0: note: '__getitem__' declared here
Imported from /root/mojolearn/umap/checks/sparse_estimator_check.mojo:14:
Imported from ./umap/estimator.mojo:7:
Imported from /root/mojolearn/./neighbors/estimator.mojo:130:
Imported from /root/mojolearn/./neighbors/impl/neighbors/detail/knn_brute_force.mojo:114:
/root/mojolearn/./neighbors/impl/matrix/detail/select_radix.mojo:269:16: warning: positional `__getitem__` is deprecated, use `unsafe_offset=` instead
            ctr[CTR_FILTER_CNT] = Int32(0)
            ~~~^~~~~~~~~~~~~~~~
<unknown>:0: note: '__getitem__' declared here
Imported from /root/mojolearn/umap/checks/sparse_estimator_check.mojo:14:
Imported from ./umap/estimator.mojo:7:
Imported from /root/mojolearn/./neighbors/estimator.mojo:130:
Imported from /root/mojolearn/./neighbors/impl/neighbors/detail/knn_brute_force.mojo:114:
/root/mojolearn/./neighbors/impl/matrix/detail/select_radix.mojo:274:27: warning: positional `__getitem__` is deprecated, use `unsafe_offset=` instead
        var kth = kth_bits[0]
                  ~~~~~~~~^~~
<unknown>:0: note: '__getitem__' declared here
Imported from /root/mojolearn/umap/checks/sparse_estimator_check.mojo:14:
Imported from ./umap/estimator.mojo:7:
Imported from /root/mojolearn/./neighbors/estimator.mojo:130:
Imported from /root/mojolearn/./neighbors/impl/neighbors/detail/knn_brute_force.mojo:114:
/root/mojolearn/./neighbors/impl/matrix/detail/select_radix.mojo:332:69: warning: positional `__getitem__` is deprecated, use `unsafe_offset=` instead
        var scanned = block_prefix_sum[block_size=SELECT_BLOCK](hist[tid])
                                                                ~~~~^~~~~
<unknown>:0: note: '__getitem__' declared here
Imported from /root/mojolearn/umap/checks/sparse_estimator_check.mojo:14:
Imported from ./umap/estimator.mojo:7:
Imported from /root/mojolearn/./neighbors/estimator.mojo:130:
Imported from /root/mojolearn/./neighbors/impl/neighbors/detail/knn_brute_force.mojo:114:
/root/mojolearn/./neighbors/impl/matrix/detail/select_radix.mojo:333:13: warning: positional `__getitem__` is deprecated, use `unsafe_offset=` instead
        hist[tid] = scanned
        ~~~~^~~~~
<unknown>:0: note: '__getitem__' declared here
Imported from /root/mojolearn/umap/checks/sparse_estimator_check.mojo:14:
Imported from ./umap/estimator.mojo:7:
Imported from /root/mojolearn/./neighbors/estimator.mojo:130:
Imported from /root/mojolearn/./neighbors/impl/neighbors/detail/knn_brute_force.mojo:114:
/root/mojolearn/./neighbors/impl/matrix/detail/select_radix.mojo:339:30: warning: positional `__getitem__` is deprecated, use `unsafe_offset=` instead
            prev_count = hist[tid - 1]
                         ~~~~^~~~~~~~~
<unknown>:0: note: '__getitem__' declared here
Imported from /root/mojolearn/umap/checks/sparse_estimator_check.mojo:14:
Imported from ./umap/estimator.mojo:7:
Imported from /root/mojolearn/./neighbors/estimator.mojo:130:
Imported from /root/mojolearn/./neighbors/impl/neighbors/detail/knn_brute_force.mojo:114:
/root/mojolearn/./neighbors/impl/matrix/detail/select_radix.mojo:340:29: warning: positional `__getitem__` is deprecated, use `unsafe_offset=` instead
        var cur_count = hist[tid]
                        ~~~~^~~~~
<unknown>:0: note: '__getitem__' declared here
Imported from /root/mojolearn/umap/checks/sparse_estimator_check.mojo:14:
Imported from ./umap/estimator.mojo:7:
Imported from /root/mojolearn/./neighbors/estimator.mojo:130:
Imported from /root/mojolearn/./neighbors/impl/neighbors/detail/knn_brute_force.mojo:114:
/root/mojolearn/./neighbors/impl/matrix/detail/select_radix.mojo:344:16: warning: positional `__getitem__` is deprecated, use `unsafe_offset=` instead
            ctr[CTR_K] = Int32(current_k - Int(prev_count))
            ~~~^~~~~~~
<unknown>:0: note: '__getitem__' declared here
Imported from /root/mojolearn/umap/checks/sparse_estimator_check.mojo:14:
Imported from ./umap/estimator.mojo:7:
Imported from /root/mojolearn/./neighbors/estimator.mojo:130:
Imported from /root/mojolearn/./neighbors/impl/neighbors/detail/knn_brute_force.mojo:114:
/root/mojolearn/./neighbors/impl/matrix/detail/select_radix.mojo:345:16: warning: positional `__getitem__` is deprecated, use `unsafe_offset=` instead
            ctr[CTR_LEN] = Int32(Int(cur_count) - Int(prev_count))
            ~~~^~~~~~~~~
<unknown>:0: note: '__getitem__' declared here
Imported from /root/mojolearn/umap/checks/sparse_estimator_check.mojo:14:
Imported from ./umap/estimator.mojo:7:
Imported from /root/mojolearn/./neighbors/estimator.mojo:130:
Imported from /root/mojolearn/./neighbors/impl/neighbors/detail/knn_brute_force.mojo:114:
/root/mojolearn/./neighbors/impl/matrix/detail/select_radix.mojo:346:21: warning: positional `__getitem__` is deprecated, use `unsafe_offset=` instead
            kth_bits[0] = kth_bits[0] | (UInt32(tid) << UInt32(start_bit))
            ~~~~~~~~^~~
<unknown>:0: note: '__getitem__' declared here
Imported from /root/mojolearn/umap/checks/sparse_estimator_check.mojo:14:
Imported from ./umap/estimator.mojo:7:
Imported from /root/mojolearn/./neighbors/estimator.mojo:130:
Imported from /root/mojolearn/./neighbors/impl/neighbors/detail/knn_brute_force.mojo:114:
/root/mojolearn/./neighbors/impl/matrix/detail/select_radix.mojo:346:35: warning: positional `__getitem__` is deprecated, use `unsafe_offset=` instead
            kth_bits[0] = kth_bits[0] | (UInt32(tid) << UInt32(start_bit))
                          ~~~~~~~~^~~
<unknown>:0: note: '__getitem__' declared here
Imported from /root/mojolearn/umap/checks/sparse_estimator_check.mojo:14:
Imported from ./umap/estimator.mojo:7:
Imported from /root/mojolearn/./neighbors/estimator.mojo:130:
Imported from /root/mojolearn/./neighbors/impl/neighbors/detail/knn_brute_force.mojo:114:
/root/mojolearn/./neighbors/impl/matrix/detail/select_radix.mojo:349:16: warning: positional `__getitem__` is deprecated, use `unsafe_offset=` instead
            ctr[CTR_PREVIOUS_LEN] = Int32(current_len)
            ~~~^~~~~~~~~~~~~~~~~~
<unknown>:0: note: '__getitem__' declared here
Imported from /root/mojolearn/umap/checks/sparse_estimator_check.mojo:14:
Imported from ./umap/estimator.mojo:7:
Imported from /root/mojolearn/./neighbors/estimator.mojo:130:
Imported from /root/mojolearn/./neighbors/impl/neighbors/detail/knn_brute_force.mojo:114:
/root/mojolearn/./neighbors/impl/matrix/detail/select_radix.mojo:353:19: warning: positional `__getitem__` is deprecated, use `unsafe_offset=` instead
        if Int(ctr[CTR_LEN]) == Int(ctr[CTR_K]) or pass_id == NUM_PASSES - 1:
               ~~~^~~~~~~~~
<unknown>:0: note: '__getitem__' declared here
Imported from /root/mojolearn/umap/checks/sparse_estimator_check.mojo:14:
Imported from ./umap/estimator.mojo:7:
Imported from /root/mojolearn/./neighbors/estimator.mojo:130:
Imported from /root/mojolearn/./neighbors/impl/neighbors/detail/knn_brute_force.mojo:114:
/root/mojolearn/./neighbors/impl/matrix/detail/select_radix.mojo:353:40: warning: positional `__getitem__` is deprecated, use `unsafe_offset=` instead
        if Int(ctr[CTR_LEN]) == Int(ctr[CTR_K]) or pass_id == NUM_PASSES - 1:
                                    ~~~^~~~~~~
<unknown>:0: note: '__getitem__' declared here
Imported from /root/mojolearn/umap/checks/sparse_estimator_check.mojo:14:
Imported from ./umap/estimator.mojo:7:
Imported from /root/mojolearn/./neighbors/estimator.mojo:130:
Imported from /root/mojolearn/./neighbors/impl/neighbors/detail/knn_brute_force.mojo:114:
/root/mojolearn/./neighbors/impl/matrix/detail/select_radix.mojo:355:34: warning: positional `__getitem__` is deprecated, use `unsafe_offset=` instead
            var lf_kth = kth_bits[0]
                         ~~~~~~~~^~~
<unknown>:0: note: '__getitem__' declared here
Imported from /root/mojolearn/umap/checks/sparse_estimator_check.mojo:14:
Imported from ./umap/estimator.mojo:7:
Imported from /root/mojolearn/./neighbors/estimator.mojo:130:
Imported from /root/mojolearn/./neighbors/impl/neighbors/detail/knn_brute_force.mojo:114:
/root/mojolearn/./neighbors/impl/matrix/detail/select_radix.mojo:357:33: warning: positional `__getitem__` is deprecated, use `unsafe_offset=` instead
            var needed = Int(ctr[CTR_K])
                             ~~~^~~~~~~
<unknown>:0: note: '__getitem__' declared here
Imported from /root/mojolearn/umap/checks/sparse_estimator_check.mojo:14:
Imported from ./umap/estimator.mojo:7:
Imported from /root/mojolearn/./neighbors/estimator.mojo:130:
Imported from /root/mojolearn/./neighbors/impl/neighbors/detail/knn_brute_force.mojo:98:
/root/mojolearn/./neighbors/checks/select_smallk_identical_candidate.mojo:113:14: warning: positional `__getitem__` is deprecated, use `unsafe_offset=` instead
        heads[tid] = mine
        ~~~~~^~~~~
<unknown>:0: note: '__getitem__' declared here
Imported from /root/mojolearn/umap/checks/sparse_estimator_check.mojo:14:
Imported from ./umap/estimator.mojo:7:
Imported from /root/mojolearn/./neighbors/estimator.mojo:130:
Imported from /root/mojolearn/./neighbors/impl/neighbors/detail/knn_brute_force.mojo:98:
/root/mojolearn/./neighbors/checks/select_smallk_identical_candidate.mojo:118:34: warning: positional `__getitem__` is deprecated, use `unsafe_offset=` instead
                var other = heads[tid + stride]
                            ~~~~~^~~~~~~~~~~~~~
<unknown>:0: note: '__getitem__' declared here
Imported from /root/mojolearn/umap/checks/sparse_estimator_check.mojo:14:
Imported from ./umap/estimator.mojo:7:
Imported from /root/mojolearn/./neighbors/estimator.mojo:130:
Imported from /root/mojolearn/./neighbors/impl/neighbors/detail/knn_brute_force.mojo:98:
/root/mojolearn/./neighbors/checks/select_smallk_identical_candidate.mojo:119:33: warning: positional `__getitem__` is deprecated, use `unsafe_offset=` instead
                if other < heads[tid]:
                           ~~~~~^~~~~
<unknown>:0: note: '__getitem__' declared here
Imported from /root/mojolearn/umap/checks/sparse_estimator_check.mojo:14:
Imported from ./umap/estimator.mojo:7:
Imported from /root/mojolearn/./neighbors/estimator.mojo:130:
Imported from /root/mojolearn/./neighbors/impl/neighbors/detail/knn_brute_force.mojo:98:
/root/mojolearn/./neighbors/checks/select_smallk_identical_candidate.mojo:120:26: warning: positional `__getitem__` is deprecated, use `unsafe_offset=` instead
                    heads[tid] = other
                    ~~~~~^~~~~
<unknown>:0: note: '__getitem__' declared here
Imported from /root/mojolearn/umap/checks/sparse_estimator_check.mojo:14:
Imported from ./umap/estimator.mojo:7:
Imported from /root/mojolearn/./neighbors/estimator.mojo:130:
Imported from /root/mojolearn/./neighbors/impl/neighbors/detail/knn_brute_force.mojo:98:
/root/mojolearn/./neighbors/checks/select_smallk_identical_candidate.mojo:123:27: warning: positional `__getitem__` is deprecated, use `unsafe_offset=` instead
        var winner = heads[0]
                     ~~~~~^~~
<unknown>:0: note: '__getitem__' declared here
Imported from /root/mojolearn/umap/checks/sparse_estimator_check.mojo:14:
Imported from ./umap/estimator.mojo:7:
Imported from /root/mojolearn/./neighbors/estimator.mojo:130:
Imported from /root/mojolearn/./neighbors/impl/neighbors/detail/knn_brute_force.mojo:94:
/root/mojolearn/./neighbors/checks/select_radix_identical.mojo:199:12: warning: positional `__getitem__` is deprecated, use `unsafe_offset=` instead
        ctr[CTR_K] = Int32(k)
        ~~~^~~~~~~
<unknown>:0: note: '__getitem__' declared here
Imported from /root/mojolearn/umap/checks/sparse_estimator_check.mojo:14:
Imported from ./umap/estimator.mojo:7:
Imported from /root/mojolearn/./neighbors/estimator.mojo:130:
Imported from /root/mojolearn/./neighbors/impl/neighbors/detail/knn_brute_force.mojo:94:
/root/mojolearn/./neighbors/checks/select_radix_identical.mojo:200:12: warning: positional `__getitem__` is deprecated, use `unsafe_offset=` instead
        ctr[CTR_LEN] = Int32(length)
        ~~~^~~~~~~~~
<unknown>:0: note: '__getitem__' declared here
Imported from /root/mojolearn/umap/checks/sparse_estimator_check.mojo:14:
Imported from ./umap/estimator.mojo:7:
Imported from /root/mojolearn/./neighbors/estimator.mojo:130:
Imported from /root/mojolearn/./neighbors/impl/neighbors/detail/knn_brute_force.mojo:94:
/root/mojolearn/./neighbors/checks/select_radix_identical.mojo:201:12: warning: positional `__getitem__` is deprecated, use `unsafe_offset=` instead
        ctr[CTR_PREVIOUS_LEN] = Int32(length)
        ~~~^~~~~~~~~~~~~~~~~~
<unknown>:0: note: '__getitem__' declared here
Imported from /root/mojolearn/umap/checks/sparse_estimator_check.mojo:14:
Imported from ./umap/estimator.mojo:7:
Imported from /root/mojolearn/./neighbors/estimator.mojo:130:
Imported from /root/mojolearn/./neighbors/impl/neighbors/detail/knn_brute_force.mojo:94:
/root/mojolearn/./neighbors/checks/select_radix_identical.mojo:202:12: warning: positional `__getitem__` is deprecated, use `unsafe_offset=` instead
        ctr[CTR_OUT_CNT] = Int32(0)
        ~~~^~~~~~~~~~~~~
<unknown>:0: note: '__getitem__' declared here
Imported from /root/mojolearn/umap/checks/sparse_estimator_check.mojo:14:
Imported from ./umap/estimator.mojo:7:
Imported from /root/mojolearn/./neighbors/estimator.mojo:130:
Imported from /root/mojolearn/./neighbors/impl/neighbors/detail/knn_brute_force.mojo:94:
/root/mojolearn/./neighbors/checks/select_radix_identical.mojo:203:17: warning: positional `__getitem__` is deprecated, use `unsafe_offset=` instead
        kth_bits[0] = UInt64(0)
        ~~~~~~~~^~~
<unknown>:0: note: '__getitem__' declared here
Imported from /root/mojolearn/umap/checks/sparse_estimator_check.mojo:14:
Imported from ./umap/estimator.mojo:7:
Imported from /root/mojolearn/./neighbors/estimator.mojo:130:
Imported from /root/mojolearn/./neighbors/impl/neighbors/detail/knn_brute_force.mojo:94:
/root/mojolearn/./neighbors/checks/select_radix_identical.mojo:227:34: warning: positional `__getitem__` is deprecated, use `unsafe_offset=` instead
        var current_len = Int(ctr[CTR_LEN])
                              ~~~^~~~~~~~~
<unknown>:0: note: '__getitem__' declared here
Imported from /root/mojolearn/umap/checks/sparse_estimator_check.mojo:14:
Imported from ./umap/estimator.mojo:7:
Imported from /root/mojolearn/./neighbors/estimator.mojo:130:
Imported from /root/mojolearn/./neighbors/impl/neighbors/detail/knn_brute_force.mojo:94:
/root/mojolearn/./neighbors/checks/select_radix_identical.mojo:228:32: warning: positional `__getitem__` is deprecated, use `unsafe_offset=` instead
        var current_k = Int(ctr[CTR_K])
                            ~~~^~~~~~~
<unknown>:0: note: '__getitem__' declared here
Imported from /root/mojolearn/umap/checks/sparse_estimator_check.mojo:14:
Imported from ./umap/estimator.mojo:7:
Imported from /root/mojolearn/./neighbors/estimator.mojo:130:
Imported from /root/mojolearn/./neighbors/impl/neighbors/detail/knn_brute_force.mojo:94:
/root/mojolearn/./neighbors/checks/select_radix_identical.mojo:229:35: warning: positional `__getitem__` is deprecated, use `unsafe_offset=` instead
        var previous_len = Int(ctr[CTR_PREVIOUS_LEN])
                               ~~~^~~~~~~~~~~~~~~~~~
<unknown>:0: note: '__getitem__' declared here
Imported from /root/mojolearn/umap/checks/sparse_estimator_check.mojo:14:
Imported from ./umap/estimator.mojo:7:
Imported from /root/mojolearn/./neighbors/estimator.mojo:130:
Imported from /root/mojolearn/./neighbors/impl/neighbors/detail/knn_brute_force.mojo:94:
/root/mojolearn/./neighbors/checks/select_radix_identical.mojo:239:13: warning: positional `__getitem__` is deprecated, use `unsafe_offset=` instead
        hist[tid] = Int32(0)
        ~~~~^~~~~
<unknown>:0: note: '__getitem__' declared here
Imported from /root/mojolearn/umap/checks/sparse_estimator_check.mojo:14:
Imported from ./umap/estimator.mojo:7:
Imported from /root/mojolearn/./neighbors/estimator.mojo:130:
Imported from /root/mojolearn/./neighbors/impl/neighbors/detail/knn_brute_force.mojo:94:
/root/mojolearn/./neighbors/checks/select_radix_identical.mojo:241:16: warning: positional `__getitem__` is deprecated, use `unsafe_offset=` instead
            ctr[CTR_FILTER_CNT] = Int32(0)
            ~~~^~~~~~~~~~~~~~~~
<unknown>:0: note: '__getitem__' declared here
Imported from /root/mojolearn/umap/checks/sparse_estimator_check.mojo:14:
Imported from ./umap/estimator.mojo:7:
Imported from /root/mojolearn/./neighbors/estimator.mojo:130:
Imported from /root/mojolearn/./neighbors/impl/neighbors/detail/knn_brute_force.mojo:94:
/root/mojolearn/./neighbors/checks/select_radix_identical.mojo:246:27: warning: positional `__getitem__` is deprecated, use `unsafe_offset=` instead
        var kth = kth_bits[0]
                  ~~~~~~~~^~~
<unknown>:0: note: '__getitem__' declared here
Imported from /root/mojolearn/umap/checks/sparse_estimator_check.mojo:14:
Imported from ./umap/estimator.mojo:7:
Imported from /root/mojolearn/./neighbors/estimator.mojo:130:
Imported from /root/mojolearn/./neighbors/impl/neighbors/detail/knn_brute_force.mojo:94:
/root/mojolearn/./neighbors/checks/select_radix_identical.mojo:290:69: warning: positional `__getitem__` is deprecated, use `unsafe_offset=` instead
        var scanned = block_prefix_sum[block_size=SELECT_BLOCK](hist[tid])
                                                                ~~~~^~~~~
<unknown>:0: note: '__getitem__' declared here
Imported from /root/mojolearn/umap/checks/sparse_estimator_check.mojo:14:
Imported from ./umap/estimator.mojo:7:
Imported from /root/mojolearn/./neighbors/estimator.mojo:130:
Imported from /root/mojolearn/./neighbors/impl/neighbors/detail/knn_brute_force.mojo:94:
/root/mojolearn/./neighbors/checks/select_radix_identical.mojo:291:13: warning: positional `__getitem__` is deprecated, use `unsafe_offset=` instead
        hist[tid] = scanned
        ~~~~^~~~~
<unknown>:0: note: '__getitem__' declared here
Imported from /root/mojolearn/umap/checks/sparse_estimator_check.mojo:14:
Imported from ./umap/estimator.mojo:7:
Imported from /root/mojolearn/./neighbors/estimator.mojo:130:
Imported from /root/mojolearn/./neighbors/impl/neighbors/detail/knn_brute_force.mojo:94:
/root/mojolearn/./neighbors/checks/select_radix_identical.mojo:296:30: warning: positional `__getitem__` is deprecated, use `unsafe_offset=` instead
            prev_count = hist[tid - 1]
                         ~~~~^~~~~~~~~
<unknown>:0: note: '__getitem__' declared here
Imported from /root/mojolearn/umap/checks/sparse_estimator_check.mojo:14:
Imported from ./umap/estimator.mojo:7:
Imported from /root/mojolearn/./neighbors/estimator.mojo:130:
Imported from /root/mojolearn/./neighbors/impl/neighbors/detail/knn_brute_force.mojo:94:
/root/mojolearn/./neighbors/checks/select_radix_identical.mojo:297:29: warning: positional `__getitem__` is deprecated, use `unsafe_offset=` instead
        var cur_count = hist[tid]
                        ~~~~^~~~~
<unknown>:0: note: '__getitem__' declared here
Imported from /root/mojolearn/umap/checks/sparse_estimator_check.mojo:14:
Imported from ./umap/estimator.mojo:7:
Imported from /root/mojolearn/./neighbors/estimator.mojo:130:
Imported from /root/mojolearn/./neighbors/impl/neighbors/detail/knn_brute_force.mojo:94:
/root/mojolearn/./neighbors/checks/select_radix_identical.mojo:299:16: warning: positional `__getitem__` is deprecated, use `unsafe_offset=` instead
            ctr[CTR_K] = Int32(current_k - Int(prev_count))
            ~~~^~~~~~~
<unknown>:0: note: '__getitem__' declared here
Imported from /root/mojolearn/umap/checks/sparse_estimator_check.mojo:14:
Imported from ./umap/estimator.mojo:7:
Imported from /root/mojolearn/./neighbors/estimator.mojo:130:
Imported from /root/mojolearn/./neighbors/impl/neighbors/detail/knn_brute_force.mojo:94:
/root/mojolearn/./neighbors/checks/select_radix_identical.mojo:300:16: warning: positional `__getitem__` is deprecated, use `unsafe_offset=` instead
            ctr[CTR_LEN] = Int32(Int(cur_count) - Int(prev_count))
            ~~~^~~~~~~~~
<unknown>:0: note: '__getitem__' declared here
Imported from /root/mojolearn/umap/checks/sparse_estimator_check.mojo:14:
Imported from ./umap/estimator.mojo:7:
Imported from /root/mojolearn/./neighbors/estimator.mojo:130:
Imported from /root/mojolearn/./neighbors/impl/neighbors/detail/knn_brute_force.mojo:94:
/root/mojolearn/./neighbors/checks/select_radix_identical.mojo:301:21: warning: positional `__getitem__` is deprecated, use `unsafe_offset=` instead
            kth_bits[0] = kth_bits[0] | (
            ~~~~~~~~^~~
<unknown>:0: note: '__getitem__' declared here
Imported from /root/mojolearn/umap/checks/sparse_estimator_check.mojo:14:
Imported from ./umap/estimator.mojo:7:
Imported from /root/mojolearn/./neighbors/estimator.mojo:130:
Imported from /root/mojolearn/./neighbors/impl/neighbors/detail/knn_brute_force.mojo:94:
/root/mojolearn/./neighbors/checks/select_radix_identical.mojo:301:35: warning: positional `__getitem__` is deprecated, use `unsafe_offset=` instead
            kth_bits[0] = kth_bits[0] | (
                          ~~~~~~~~^~~
<unknown>:0: note: '__getitem__' declared here
Imported from /root/mojolearn/umap/checks/sparse_estimator_check.mojo:14:
Imported from ./umap/estimator.mojo:7:
Imported from /root/mojolearn/./neighbors/estimator.mojo:130:
Imported from /root/mojolearn/./neighbors/impl/neighbors/detail/knn_brute_force.mojo:94:
/root/mojolearn/./neighbors/checks/select_radix_identical.mojo:306:16: warning: positional `__getitem__` is deprecated, use `unsafe_offset=` instead
            ctr[CTR_PREVIOUS_LEN] = Int32(current_len)
            ~~~^~~~~~~~~~~~~~~~~~
<unknown>:0: note: '__getitem__' declared here
Imported from /root/mojolearn/umap/checks/sparse_estimator_check.mojo:14:
Imported from ./umap/estimator.mojo:7:
Imported from /root/mojolearn/./neighbors/estimator.mojo:130:
Imported from /root/mojolearn/./neighbors/impl/neighbors/detail/knn_brute_force.mojo:94:
/root/mojolearn/./neighbors/checks/select_radix_identical.mojo:309:19: warning: positional `__getitem__` is deprecated, use `unsafe_offset=` instead
        if Int(ctr[CTR_LEN]) == Int(ctr[CTR_K]) or pass_id == NUM_PASSES_64 - 1:
               ~~~^~~~~~~~~
<unknown>:0: note: '__getitem__' declared here
Imported from /root/mojolearn/umap/checks/sparse_estimator_check.mojo:14:
Imported from ./umap/estimator.mojo:7:
Imported from /root/mojolearn/./neighbors/estimator.mojo:130:
Imported from /root/mojolearn/./neighbors/impl/neighbors/detail/knn_brute_force.mojo:94:
/root/mojolearn/./neighbors/checks/select_radix_identical.mojo:309:40: warning: positional `__getitem__` is deprecated, use `unsafe_offset=` instead
        if Int(ctr[CTR_LEN]) == Int(ctr[CTR_K]) or pass_id == NUM_PASSES_64 - 1:
                                    ~~~^~~~~~~
<unknown>:0: note: '__getitem__' declared here
Imported from /root/mojolearn/umap/checks/sparse_estimator_check.mojo:14:
Imported from ./umap/estimator.mojo:7:
Imported from /root/mojolearn/./neighbors/estimator.mojo:130:
Imported from /root/mojolearn/./neighbors/impl/neighbors/detail/knn_brute_force.mojo:94:
/root/mojolearn/./neighbors/checks/select_radix_identical.mojo:315:34: warning: positional `__getitem__` is deprecated, use `unsafe_offset=` instead
            var lf_kth = kth_bits[0]
                         ~~~~~~~~^~~
<unknown>:0: note: '__getitem__' declared here
Imported from /root/mojolearn/umap/checks/sparse_estimator_check.mojo:14:
Imported from ./umap/estimator.mojo:7:
Imported from /root/mojolearn/./neighbors/estimator.mojo:130:
Imported from /root/mojolearn/./neighbors/impl/neighbors/detail/knn_brute_force.mojo:94:
/root/mojolearn/./neighbors/checks/select_radix_identical.mojo:356:14: warning: positional `__getitem__` is deprecated, use `unsafe_offset=` instead
        s_val[tid] = o_val.unsafe_load(tid)
        ~~~~~^~~~~
<unknown>:0: note: '__getitem__' declared here
Imported from /root/mojolearn/umap/checks/sparse_estimator_check.mojo:14:
Imported from ./umap/estimator.mojo:7:
Imported from /root/mojolearn/./neighbors/estimator.mojo:130:
Imported from /root/mojolearn/./neighbors/impl/neighbors/detail/knn_brute_force.mojo:94:
/root/mojolearn/./neighbors/checks/select_radix_identical.mojo:357:14: warning: positional `__getitem__` is deprecated, use `unsafe_offset=` instead
        s_idx[tid] = o_idx.unsafe_load(tid)
        ~~~~~^~~~~
<unknown>:0: note: '__getitem__' declared here
Imported from /root/mojolearn/umap/checks/sparse_estimator_check.mojo:14:
Imported from ./umap/estimator.mojo:7:
Imported from /root/mojolearn/./neighbors/estimator.mojo:130:
Imported from /root/mojolearn/./neighbors/impl/neighbors/detail/knn_brute_force.mojo:94:
/root/mojolearn/./neighbors/checks/select_radix_identical.mojo:360:40: warning: positional `__getitem__` is deprecated, use `unsafe_offset=` instead
        var key_t = composite_key(s_val[tid], s_idx[tid], select_min)
                                  ~~~~~^~~~~
<unknown>:0: note: '__getitem__' declared here
Imported from /root/mojolearn/umap/checks/sparse_estimator_check.mojo:14:
Imported from ./umap/estimator.mojo:7:
Imported from /root/mojolearn/./neighbors/estimator.mojo:130:
Imported from /root/mojolearn/./neighbors/impl/neighbors/detail/knn_brute_force.mojo:94:
/root/mojolearn/./neighbors/checks/select_radix_identical.mojo:360:52: warning: positional `__getitem__` is deprecated, use `unsafe_offset=` instead
        var key_t = composite_key(s_val[tid], s_idx[tid], select_min)
                                              ~~~~~^~~~~
<unknown>:0: note: '__getitem__' declared here
Imported from /root/mojolearn/umap/checks/sparse_estimator_check.mojo:14:
Imported from ./umap/estimator.mojo:7:
Imported from /root/mojolearn/./neighbors/estimator.mojo:130:
Imported from /root/mojolearn/./neighbors/impl/neighbors/detail/knn_brute_force.mojo:94:
/root/mojolearn/./neighbors/checks/select_radix_identical.mojo:363:35: warning: positional `__getitem__` is deprecated, use `unsafe_offset=` instead
            if composite_key(s_val[j], s_idx[j], select_min) < key_t:
                             ~~~~~^~~
<unknown>:0: note: '__getitem__' declared here
Imported from /root/mojolearn/umap/checks/sparse_estimator_check.mojo:14:
Imported from ./umap/estimator.mojo:7:
Imported from /root/mojolearn/./neighbors/estimator.mojo:130:
Imported from /root/mojolearn/./neighbors/impl/neighbors/detail/knn_brute_force.mojo:94:
/root/mojolearn/./neighbors/checks/select_radix_identical.mojo:363:45: warning: positional `__getitem__` is deprecated, use `unsafe_offset=` instead
            if composite_key(s_val[j], s_idx[j], select_min) < key_t:
                                       ~~~~~^~~
<unknown>:0: note: '__getitem__' declared here
Imported from /root/mojolearn/umap/checks/sparse_estimator_check.mojo:14:
Imported from ./umap/estimator.mojo:7:
Imported from /root/mojolearn/./neighbors/estimator.mojo:130:
Imported from /root/mojolearn/./neighbors/impl/neighbors/detail/knn_brute_force.mojo:94:
/root/mojolearn/./neighbors/checks/select_radix_identical.mojo:365:39: warning: positional `__getitem__` is deprecated, use `unsafe_offset=` instead
        o_val.unsafe_store(rank, s_val[tid])
                                 ~~~~~^~~~~
<unknown>:0: note: '__getitem__' declared here
Imported from /root/mojolearn/umap/checks/sparse_estimator_check.mojo:14:
Imported from ./umap/estimator.mojo:7:
Imported from /root/mojolearn/./neighbors/estimator.mojo:130:
Imported from /root/mojolearn/./neighbors/impl/neighbors/detail/knn_brute_force.mojo:94:
/root/mojolearn/./neighbors/checks/select_radix_identical.mojo:366:39: warning: positional `__getitem__` is deprecated, use `unsafe_offset=` instead
        o_idx.unsafe_store(rank, s_idx[tid])
                                 ~~~~~^~~~~
<unknown>:0: note: '__getitem__' declared here
Imported from /root/mojolearn/umap/checks/sparse_estimator_check.mojo:14:
Imported from ./umap/estimator.mojo:7:
Imported from /root/mojolearn/./neighbors/estimator.mojo:130:
Imported from /root/mojolearn/./neighbors/impl/neighbors/detail/knn_brute_force.mojo:118:
/root/mojolearn/./neighbors/impl/matrix/detail/select_warpsort.mojo:684:15: warning: 'UnsafePointer' is deprecated, use 'Pointer' instead
    val_smem: UnsafePointer[
              ^~~~~~~~~~~~~
              Pointer
<unknown>:0: note: 'UnsafePointer' declared here
Imported from /root/mojolearn/umap/checks/sparse_estimator_check.mojo:14:
Imported from ./umap/estimator.mojo:7:
Imported from /root/mojolearn/./neighbors/estimator.mojo:130:
Imported from /root/mojolearn/./neighbors/impl/neighbors/detail/knn_brute_force.mojo:118:
/root/mojolearn/./neighbors/impl/matrix/detail/select_warpsort.mojo:689:15: warning: 'UnsafePointer' is deprecated, use 'Pointer' instead
    idx_smem: UnsafePointer[
              ^~~~~~~~~~~~~
              Pointer
<unknown>:0: note: 'UnsafePointer' declared here
Imported from /root/mojolearn/umap/checks/sparse_estimator_check.mojo:14:
Imported from ./umap/estimator.mojo:7:
Imported from /root/mojolearn/./neighbors/estimator.mojo:130:
Imported from /root/mojolearn/./neighbors/impl/neighbors/detail/knn_brute_force.mojo:118:
/root/mojolearn/./neighbors/impl/matrix/detail/select_warpsort.mojo:537:9: warning: '@parameter for' is deprecated; use 'comptime for'
        @parameter
        ^~~~~~~~~~
        comptime 
Imported from /root/mojolearn/umap/checks/sparse_estimator_check.mojo:14:
Imported from ./umap/estimator.mojo:7:
Imported from /root/mojolearn/./neighbors/estimator.mojo:130:
Imported from /root/mojolearn/./neighbors/impl/neighbors/detail/knn_brute_force.mojo:118:
/root/mojolearn/./neighbors/impl/matrix/detail/select_warpsort.mojo:550:13: warning: '@parameter for' is deprecated; use 'comptime for'
            @parameter
            ^~~~~~~~~~
            comptime 
Imported from /root/mojolearn/umap/checks/sparse_estimator_check.mojo:14:
Imported from ./umap/estimator.mojo:7:
Imported from /root/mojolearn/./neighbors/estimator.mojo:130:
Imported from /root/mojolearn/./neighbors/impl/neighbors/detail/knn_brute_force.mojo:118:
/root/mojolearn/./neighbors/impl/matrix/detail/select_warpsort.mojo:301:5: warning: '@parameter if' is deprecated; use 'comptime if'
    @parameter
    ^~~~~~~~~~
    comptime 
Imported from /root/mojolearn/umap/checks/sparse_estimator_check.mojo:14:
Imported from ./umap/estimator.mojo:7:
Imported from /root/mojolearn/./neighbors/estimator.mojo:130:
Imported from /root/mojolearn/./neighbors/impl/neighbors/detail/knn_brute_force.mojo:118:
/root/mojolearn/./neighbors/impl/matrix/detail/select_warpsort.mojo:432:5: warning: '@parameter if' is deprecated; use 'comptime if'
    @parameter
    ^~~~~~~~~~
    comptime 
Imported from /root/mojolearn/umap/checks/sparse_estimator_check.mojo:14:
Imported from ./umap/estimator.mojo:7:
Imported from /root/mojolearn/./neighbors/estimator.mojo:130:
Imported from /root/mojolearn/./neighbors/impl/neighbors/detail/knn_brute_force.mojo:118:
/root/mojolearn/./neighbors/impl/matrix/detail/select_warpsort.mojo:624:18: warning: 'UnsafePointer' is deprecated, use 'Pointer' instead
        out_val: UnsafePointer[
                 ^~~~~~~~~~~~~
                 Pointer
<unknown>:0: note: 'UnsafePointer' declared here
Imported from /root/mojolearn/umap/checks/sparse_estimator_check.mojo:14:
Imported from ./umap/estimator.mojo:7:
Imported from /root/mojolearn/./neighbors/estimator.mojo:130:
Imported from /root/mojolearn/./neighbors/impl/neighbors/detail/knn_brute_force.mojo:118:
/root/mojolearn/./neighbors/impl/matrix/detail/select_warpsort.mojo:629:18: warning: 'UnsafePointer' is deprecated, use 'Pointer' instead
        out_idx: UnsafePointer[
                 ^~~~~~~~~~~~~
                 Pointer
<unknown>:0: note: 'UnsafePointer' declared here
Imported from /root/mojolearn/umap/checks/sparse_estimator_check.mojo:14:
Imported from ./umap/estimator.mojo:7:
Imported from /root/mojolearn/./neighbors/estimator.mojo:130:
Imported from /root/mojolearn/./neighbors/impl/neighbors/detail/knn_brute_force.mojo:118:
/root/mojolearn/./neighbors/impl/matrix/detail/select_warpsort.mojo:571:17: warning: 'UnsafePointer' is deprecated, use 'Pointer' instead
        in_val: UnsafePointer[
                ^~~~~~~~~~~~~
                Pointer
<unknown>:0: note: 'UnsafePointer' declared here
Imported from /root/mojolearn/umap/checks/sparse_estimator_check.mojo:14:
Imported from ./umap/estimator.mojo:7:
Imported from /root/mojolearn/./neighbors/estimator.mojo:130:
Imported from /root/mojolearn/./neighbors/impl/neighbors/detail/knn_brute_force.mojo:118:
/root/mojolearn/./neighbors/impl/matrix/detail/select_warpsort.mojo:576:17: warning: 'UnsafePointer' is deprecated, use 'Pointer' instead
        in_idx: UnsafePointer[
                ^~~~~~~~~~~~~
                Pointer
<unknown>:0: note: 'UnsafePointer' declared here
Imported from /root/mojolearn/umap/checks/sparse_estimator_check.mojo:14:
Imported from ./umap/estimator.mojo:7:
Imported from /root/mojolearn/./neighbors/estimator.mojo:130:
Imported from /root/mojolearn/./neighbors/impl/neighbors/detail/knn_brute_force.mojo:118:
/root/mojolearn/./neighbors/impl/matrix/detail/select_warpsort.mojo:518:9: warning: '@parameter for' is deprecated; use 'comptime for'
        @parameter
        ^~~~~~~~~~
        comptime 
Imported from /root/mojolearn/umap/checks/sparse_estimator_check.mojo:14:
Imported from ./umap/estimator.mojo:7:
Imported from /root/mojolearn/./neighbors/estimator.mojo:130:
Imported from /root/mojolearn/./neighbors/impl/neighbors/detail/knn_brute_force.mojo:118:
/root/mojolearn/./neighbors/impl/matrix/detail/select_warpsort.mojo:601:13: warning: '@parameter for' is deprecated; use 'comptime for'
            @parameter
            ^~~~~~~~~~
            comptime 
Imported from /root/mojolearn/umap/checks/sparse_estimator_check.mojo:14:
Imported from ./umap/estimator.mojo:7:
Imported from /root/mojolearn/./neighbors/estimator.mojo:130:
Imported from /root/mojolearn/./neighbors/impl/neighbors/detail/knn_brute_force.mojo:118:
/root/mojolearn/./neighbors/impl/matrix/detail/select_warpsort.mojo:647:9: warning: '@parameter for' is deprecated; use 'comptime for'
        @parameter
        ^~~~~~~~~~
        comptime 
Imported from /root/mojolearn/umap/checks/sparse_estimator_check.mojo:14:
Imported from ./umap/estimator.mojo:7:
Imported from /root/mojolearn/./neighbors/estimator.mojo:130:
Imported from /root/mojolearn/./neighbors/impl/neighbors/detail/knn_brute_force.mojo:118:
/root/mojolearn/./neighbors/impl/matrix/detail/select_warpsort.mojo:666:9: warning: '@parameter for' is deprecated; use 'comptime for'
        @parameter
        ^~~~~~~~~~
        comptime 
Imported from /root/mojolearn/umap/checks/sparse_estimator_check.mojo:14:
Imported from ./umap/estimator.mojo:7:
Imported from /root/mojolearn/./neighbors/estimator.mojo:130:
Imported from /root/mojolearn/./neighbors/impl/neighbors/detail/knn_brute_force.mojo:118:
/root/mojolearn/./neighbors/impl/matrix/detail/select_warpsort.mojo:283:5: warning: '@parameter if' is deprecated; use 'comptime if'
    @parameter
    ^~~~~~~~~~
    comptime 
Imported from /root/mojolearn/umap/checks/sparse_estimator_check.mojo:14:
Imported from ./umap/estimator.mojo:7:
Imported from /root/mojolearn/./neighbors/estimator.mojo:130:
Imported from /root/mojolearn/./neighbors/impl/neighbors/detail/knn_brute_force.mojo:118:
/root/mojolearn/./neighbors/impl/matrix/detail/select_warpsort.mojo:367:5: warning: '@parameter if' is deprecated; use 'comptime if'
    @parameter
    ^~~~~~~~~~
    comptime 
Imported from /root/mojolearn/umap/checks/sparse_estimator_check.mojo:14:
Imported from ./umap/estimator.mojo:7:
Imported from /root/mojolearn/./neighbors/estimator.mojo:130:
Imported from /root/mojolearn/./neighbors/impl/neighbors/detail/knn_brute_force.mojo:118:
/root/mojolearn/./neighbors/impl/matrix/detail/select_warpsort.mojo:375:9: warning: '@parameter for' is deprecated; use 'comptime for'
        @parameter
        ^~~~~~~~~~
        comptime 
Included from /root/mojolearn/umap/checks/sparse_estimator_check.mojo:28:
Included from ./umap/spectral_init.mojo:11:
Included from /root/mojolearn/./spectral/impl/spectral/spectral_embedding.mojo:25:
Included from /root/mojolearn/./spectral/impl/cuvs/preprocessing/spectral/detail/spectral_embedding.mojo:59:
Included from /root/mojolearn/./spectral/impl/sparse/linalg/detail/laplacian.mojo:58:
/root/mojolearn/./spectral/impl/sparse/op/coo_ops.mojo:114:9: warning: ref 'i' was never used, remove it?
    for i in range(n):
        ^
UMAP sparse estimator mode FAST
UMAP_SPARSE_FIT_BITS 8x1-2d-e4-seed19.rho 0 1065353216
UMAP_SPARSE_FIT_BITS 8x1-2d-e4-seed19.rho 1 1065353216
UMAP_SPARSE_FIT_BITS 8x1-2d-e4-seed19.rho 2 1067030938
UMAP_SPARSE_FIT_BITS 8x1-2d-e4-seed19.rho 3 1072064102
UMAP_SPARSE_FIT_BITS 8x1-2d-e4-seed19.rho 4 1075838976
UMAP_SPARSE_FIT_BITS 8x1-2d-e4-seed19.rho 5 1080033280
UMAP_SPARSE_FIT_BITS 8x1-2d-e4-seed19.rho 6 1083179008
UMAP_SPARSE_FIT_BITS 8x1-2d-e4-seed19.rho 7 1085276160
UMAP_SPARSE_FIT_BITS 8x1-2d-e4-seed19.sigma 0 1074739712
UMAP_SPARSE_FIT_BITS 8x1-2d-e4-seed19.sigma 1 1052702720
UMAP_SPARSE_FIT_BITS 8x1-2d-e4-seed19.sigma 2 1066351104
UMAP_SPARSE_FIT_BITS 8x1-2d-e4-seed19.sigma 3 1067915776
UMAP_SPARSE_FIT_BITS 8x1-2d-e4-seed19.sigma 4 1072609280
UMAP_SPARSE_FIT_BITS 8x1-2d-e4-seed19.sigma 5 1072609280
UMAP_SPARSE_FIT_BITS 8x1-2d-e4-seed19.sigma 6 1072609280
UMAP_SPARSE_FIT_BITS 8x1-2d-e4-seed19.sigma 7 1090930176
UMAP_SPARSE_FIT_BITS 8x1-2d-e4-seed19.initial 0 3240099825
UMAP_SPARSE_FIT_BITS 8x1-2d-e4-seed19.initial 1 3234590696
UMAP_SPARSE_FIT_BITS 8x1-2d-e4-seed19.initial 2 3239908305
UMAP_SPARSE_FIT_BITS 8x1-2d-e4-seed19.initial 3 3232958243
UMAP_SPARSE_FIT_BITS 8x1-2d-e4-seed19.initial 4 3237691386
UMAP_SPARSE_FIT_BITS 8x1-2d-e4-seed19.initial 5 1056936121
UMAP_SPARSE_FIT_BITS 8x1-2d-e4-seed19.initial 6 3224521553
UMAP_SPARSE_FIT_BITS 8x1-2d-e4-seed19.initial 7 1092616157
UMAP_SPARSE_FIT_BITS 8x1-2d-e4-seed19.initial 8 1077037959
UMAP_SPARSE_FIT_BITS 8x1-2d-e4-seed19.initial 9 1092616192
UMAP_SPARSE_FIT_BITS 8x1-2d-e4-seed19.initial 10 1090207753
UMAP_SPARSE_FIT_BITS 8x1-2d-e4-seed19.initial 11 1056936842
UMAP_SPARSE_FIT_BITS 8x1-2d-e4-seed19.initial 12 1092424671
UMAP_SPARSE_FIT_BITS 8x1-2d-e4-seed19.initial 13 3232958271
UMAP_SPARSE_FIT_BITS 8x1-2d-e4-seed19.initial 14 1092616192
UMAP_SPARSE_FIT_BITS 8x1-2d-e4-seed19.initial 15 3234590781
UMAP_SPARSE_FIT_BITS 8x1-2d-e4-seed19.layout 0 3238743625
UMAP_SPARSE_FIT_BITS 8x1-2d-e4-seed19.layout 1 3226481328
UMAP_SPARSE_FIT_BITS 8x1-2d-e4-seed19.layout 2 3239445675
UMAP_SPARSE_FIT_BITS 8x1-2d-e4-seed19.layout 3 3230550427
UMAP_SPARSE_FIT_BITS 8x1-2d-e4-seed19.layout 4 3238179775
UMAP_SPARSE_FIT_BITS 8x1-2d-e4-seed19.layout 5 3212503635
UMAP_SPARSE_FIT_BITS 8x1-2d-e4-seed19.layout 6 3214701450
UMAP_SPARSE_FIT_BITS 8x1-2d-e4-seed19.layout 7 1092056382
UMAP_SPARSE_FIT_BITS 8x1-2d-e4-seed19.layout 8 1066187282
UMAP_SPARSE_FIT_BITS 8x1-2d-e4-seed19.layout 9 1092090133
UMAP_SPARSE_FIT_BITS 8x1-2d-e4-seed19.layout 10 1090556716
UMAP_SPARSE_FIT_BITS 8x1-2d-e4-seed19.layout 11 3202160440
UMAP_SPARSE_FIT_BITS 8x1-2d-e4-seed19.layout 12 1092523251
UMAP_SPARSE_FIT_BITS 8x1-2d-e4-seed19.layout 13 3233627705
UMAP_SPARSE_FIT_BITS 8x1-2d-e4-seed19.layout 14 1092185902
UMAP_SPARSE_FIT_BITS 8x1-2d-e4-seed19.layout 15 3231522028
UMAP_SPARSE_FIT_CASE_PASS 8x1-2d-e4-seed19 graph_logical_bytes 480
UMAP_SPARSE_FIT_BITS 16x3-3d-e12-seed7.rho 0 1063552661
UMAP_SPARSE_FIT_BITS 16x3-3d-e12-seed7.rho 1 1060982919
UMAP_SPARSE_FIT_BITS 16x3-3d-e12-seed7.rho 2 1063986857
UMAP_SPARSE_FIT_BITS 16x3-3d-e12-seed7.rho 3 1058412515
UMAP_SPARSE_FIT_BITS 16x3-3d-e12-seed7.rho 4 1055881041
UMAP_SPARSE_FIT_BITS 16x3-3d-e12-seed7.rho 5 1058412515
UMAP_SPARSE_FIT_BITS 16x3-3d-e12-seed7.rho 6 1055881041
UMAP_SPARSE_FIT_BITS 16x3-3d-e12-seed7.rho 7 1059269419
UMAP_SPARSE_FIT_BITS 16x3-3d-e12-seed7.rho 8 1057222779
UMAP_SPARSE_FIT_BITS 16x3-3d-e12-seed7.rho 9 1057222779
UMAP_SPARSE_FIT_BITS 16x3-3d-e12-seed7.rho 10 1057222779
UMAP_SPARSE_FIT_BITS 16x3-3d-e12-seed7.rho 11 1057222779
UMAP_SPARSE_FIT_BITS 16x3-3d-e12-seed7.rho 12 1059269419
UMAP_SPARSE_FIT_BITS 16x3-3d-e12-seed7.rho 13 1055881041
UMAP_SPARSE_FIT_BITS 16x3-3d-e12-seed7.rho 14 1059269419
UMAP_SPARSE_FIT_BITS 16x3-3d-e12-seed7.rho 15 1055881041
UMAP_SPARSE_FIT_BITS 16x3-3d-e12-seed7.sigma 0 1050654208
UMAP_SPARSE_FIT_BITS 16x3-3d-e12-seed7.sigma 1 1042565376
UMAP_SPARSE_FIT_BITS 16x3-3d-e12-seed7.sigma 2 1036128512
UMAP_SPARSE_FIT_BITS 16x3-3d-e12-seed7.sigma 3 1052726016
UMAP_SPARSE_FIT_BITS 16x3-3d-e12-seed7.sigma 4 1058863360
UMAP_SPARSE_FIT_BITS 16x3-3d-e12-seed7.sigma 5 1040340992
UMAP_SPARSE_FIT_BITS 16x3-3d-e12-seed7.sigma 6 1057224704
UMAP_SPARSE_FIT_BITS 16x3-3d-e12-seed7.sigma 7 1054489856
UMAP_SPARSE_FIT_BITS 16x3-3d-e12-seed7.sigma 8 1042578176
UMAP_SPARSE_FIT_BITS 16x3-3d-e12-seed7.sigma 9 1051540480
UMAP_SPARSE_FIT_BITS 16x3-3d-e12-seed7.sigma 10 1053214720
UMAP_SPARSE_FIT_BITS 16x3-3d-e12-seed7.sigma 11 1046243072
UMAP_SPARSE_FIT_BITS 16x3-3d-e12-seed7.sigma 12 1051019520
UMAP_SPARSE_FIT_BITS 16x3-3d-e12-seed7.sigma 13 1060600704
UMAP_SPARSE_FIT_BITS 16x3-3d-e12-seed7.sigma 14 1040915456
UMAP_SPARSE_FIT_BITS 16x3-3d-e12-seed7.sigma 15 1065788032
UMAP_SPARSE_FIT_BITS 16x3-3d-e12-seed7.initial 0 3231378112
UMAP_SPARSE_FIT_BITS 16x3-3d-e12-seed7.initial 1 1084125421
UMAP_SPARSE_FIT_BITS 16x3-3d-e12-seed7.initial 2 3230801395
UMAP_SPARSE_FIT_BITS 16x3-3d-e12-seed7.initial 3 3210155162
UMAP_SPARSE_FIT_BITS 16x3-3d-e12-seed7.initial 4 1091723335
UMAP_SPARSE_FIT_BITS 16x3-3d-e12-seed7.initial 5 3228176166
UMAP_SPARSE_FIT_BITS 16x3-3d-e12-seed7.initial 6 1083681671
UMAP_SPARSE_FIT_BITS 16x3-3d-e12-seed7.initial 7 1082954560
UMAP_SPARSE_FIT_BITS 16x3-3d-e12-seed7.initial 8 3225297884
UMAP_SPARSE_FIT_BITS 16x3-3d-e12-seed7.initial 9 3239116882
UMAP_SPARSE_FIT_BITS 16x3-3d-e12-seed7.initial 10 3231289476
UMAP_SPARSE_FIT_BITS 16x3-3d-e12-seed7.initial 11 3224273221
UMAP_SPARSE_FIT_BITS 16x3-3d-e12-seed7.initial 12 1067604398
UMAP_SPARSE_FIT_BITS 16x3-3d-e12-seed7.initial 13 1092616192
UMAP_SPARSE_FIT_BITS 16x3-3d-e12-seed7.initial 14 3222959771
UMAP_SPARSE_FIT_BITS 16x3-3d-e12-seed7.initial 15 3239135845
UMAP_SPARSE_FIT_BITS 16x3-3d-e12-seed7.initial 16 3231234317
UMAP_SPARSE_FIT_BITS 16x3-3d-e12-seed7.initial 17 3223233433
UMAP_SPARSE_FIT_BITS 16x3-3d-e12-seed7.initial 18 3200049308
UMAP_SPARSE_FIT_BITS 16x3-3d-e12-seed7.initial 19 1092313363
UMAP_SPARSE_FIT_BITS 16x3-3d-e12-seed7.initial 20 1055156454
UMAP_SPARSE_FIT_BITS 16x3-3d-e12-seed7.initial 21 1092093322
UMAP_SPARSE_FIT_BITS 16x3-3d-e12-seed7.initial 22 3230629024
UMAP_SPARSE_FIT_BITS 16x3-3d-e12-seed7.initial 23 3213125140
UMAP_SPARSE_FIT_BITS 16x3-3d-e12-seed7.initial 24 3235845111
UMAP_SPARSE_FIT_BITS 16x3-3d-e12-seed7.initial 25 3234220714
UMAP_SPARSE_FIT_BITS 16x3-3d-e12-seed7.initial 26 3203854313
UMAP_SPARSE_FIT_BITS 16x3-3d-e12-seed7.initial 27 1088028419
UMAP_SPARSE_FIT_BITS 16x3-3d-e12-seed7.initial 28 3222053079
UMAP_SPARSE_FIT_BITS 16x3-3d-e12-seed7.initial 29 3202041344
UMAP_SPARSE_FIT_BITS 16x3-3d-e12-seed7.initial 30 3236293078
UMAP_SPARSE_FIT_BITS 16x3-3d-e12-seed7.initial 31 3231374118
UMAP_SPARSE_FIT_BITS 16x3-3d-e12-seed7.initial 32 1067665684
UMAP_SPARSE_FIT_BITS 16x3-3d-e12-seed7.initial 33 1080321905
UMAP_SPARSE_FIT_BITS 16x3-3d-e12-seed7.initial 34 3230508094
UMAP_SPARSE_FIT_BITS 16x3-3d-e12-seed7.initial 35 1070135993
UMAP_SPARSE_FIT_BITS 16x3-3d-e12-seed7.initial 36 1092616192
UMAP_SPARSE_FIT_BITS 16x3-3d-e12-seed7.initial 37 3233447221
UMAP_SPARSE_FIT_BITS 16x3-3d-e12-seed7.initial 38 3205448396
UMAP_SPARSE_FIT_BITS 16x3-3d-e12-seed7.initial 39 3223086296
UMAP_SPARSE_FIT_BITS 16x3-3d-e12-seed7.initial 40 1083587816
UMAP_SPARSE_FIT_BITS 16x3-3d-e12-seed7.initial 41 1092012234
UMAP_SPARSE_FIT_BITS 16x3-3d-e12-seed7.initial 42 1090018869
UMAP_SPARSE_FIT_BITS 16x3-3d-e12-seed7.initial 43 3232028458
UMAP_SPARSE_FIT_BITS 16x3-3d-e12-seed7.initial 44 1055392218
UMAP_SPARSE_FIT_BITS 16x3-3d-e12-seed7.initial 45 3224145507
UMAP_SPARSE_FIT_BITS 16x3-3d-e12-seed7.initial 46 1081526606
UMAP_SPARSE_FIT_BITS 16x3-3d-e12-seed7.initial 47 1092616192
UMAP_SPARSE_FIT_BITS 16x3-3d-e12-seed7.layout 0 3227671748
UMAP_SPARSE_FIT_BITS 16x3-3d-e12-seed7.layout 1 1085956490
UMAP_SPARSE_FIT_BITS 16x3-3d-e12-seed7.layout 2 3227285919
UMAP_SPARSE_FIT_BITS 16x3-3d-e12-seed7.layout 3 1063841941
UMAP_SPARSE_FIT_BITS 16x3-3d-e12-seed7.layout 4 1093142992
UMAP_SPARSE_FIT_BITS 16x3-3d-e12-seed7.layout 5 3186618562
UMAP_SPARSE_FIT_BITS 16x3-3d-e12-seed7.layout 6 1082415479
UMAP_SPARSE_FIT_BITS 16x3-3d-e12-seed7.layout 7 1083590236
UMAP_SPARSE_FIT_BITS 16x3-3d-e12-seed7.layout 8 3220782061
UMAP_SPARSE_FIT_BITS 16x3-3d-e12-seed7.layout 9 3237507163
UMAP_SPARSE_FIT_BITS 16x3-3d-e12-seed7.layout 10 3230660143
UMAP_SPARSE_FIT_BITS 16x3-3d-e12-seed7.layout 11 1058175038
UMAP_SPARSE_FIT_BITS 16x3-3d-e12-seed7.layout 12 1058884977
UMAP_SPARSE_FIT_BITS 16x3-3d-e12-seed7.layout 13 1092387356
UMAP_SPARSE_FIT_BITS 16x3-3d-e12-seed7.layout 14 3202372716
UMAP_SPARSE_FIT_BITS 16x3-3d-e12-seed7.layout 15 3236511135
UMAP_SPARSE_FIT_BITS 16x3-3d-e12-seed7.layout 16 3231584380
UMAP_SPARSE_FIT_BITS 16x3-3d-e12-seed7.layout 17 1068672357
UMAP_SPARSE_FIT_BITS 16x3-3d-e12-seed7.layout 18 3188759451
UMAP_SPARSE_FIT_BITS 16x3-3d-e12-seed7.layout 19 1092888582
UMAP_SPARSE_FIT_BITS 16x3-3d-e12-seed7.layout 20 1045770556
UMAP_SPARSE_FIT_BITS 16x3-3d-e12-seed7.layout 21 1093047274
UMAP_SPARSE_FIT_BITS 16x3-3d-e12-seed7.layout 22 3231261214
UMAP_SPARSE_FIT_BITS 16x3-3d-e12-seed7.layout 23 3222673910
UMAP_SPARSE_FIT_BITS 16x3-3d-e12-seed7.layout 24 3233561890
UMAP_SPARSE_FIT_BITS 16x3-3d-e12-seed7.layout 25 3233803112
UMAP_SPARSE_FIT_BITS 16x3-3d-e12-seed7.layout 26 1078716339
UMAP_SPARSE_FIT_BITS 16x3-3d-e12-seed7.layout 27 1087017193
UMAP_SPARSE_FIT_BITS 16x3-3d-e12-seed7.layout 28 3224421943
UMAP_SPARSE_FIT_BITS 16x3-3d-e12-seed7.layout 29 3213181511
UMAP_SPARSE_FIT_BITS 16x3-3d-e12-seed7.layout 30 3231748102
UMAP_SPARSE_FIT_BITS 16x3-3d-e12-seed7.layout 31 3235365228
UMAP_SPARSE_FIT_BITS 16x3-3d-e12-seed7.layout 32 1082702621
UMAP_SPARSE_FIT_BITS 16x3-3d-e12-seed7.layout 33 1088104318
UMAP_SPARSE_FIT_BITS 16x3-3d-e12-seed7.layout 34 3227514818
UMAP_SPARSE_FIT_BITS 16x3-3d-e12-seed7.layout 35 3200650339
UMAP_SPARSE_FIT_BITS 16x3-3d-e12-seed7.layout 36 1093730746
UMAP_SPARSE_FIT_BITS 16x3-3d-e12-seed7.layout 37 3232579470
UMAP_SPARSE_FIT_BITS 16x3-3d-e12-seed7.layout 38 3225044041
UMAP_SPARSE_FIT_BITS 16x3-3d-e12-seed7.layout 39 3226774404
UMAP_SPARSE_FIT_BITS 16x3-3d-e12-seed7.layout 40 1085401047
UMAP_SPARSE_FIT_BITS 16x3-3d-e12-seed7.layout 41 1092200324
UMAP_SPARSE_FIT_BITS 16x3-3d-e12-seed7.layout 42 1085858895
UMAP_SPARSE_FIT_BITS 16x3-3d-e12-seed7.layout 43 3224677355
UMAP_SPARSE_FIT_BITS 16x3-3d-e12-seed7.layout 44 3198199734
UMAP_SPARSE_FIT_BITS 16x3-3d-e12-seed7.layout 45 3224228438
UMAP_SPARSE_FIT_BITS 16x3-3d-e12-seed7.layout 46 1084316397
UMAP_SPARSE_FIT_BITS 16x3-3d-e12-seed7.layout 47 1091564996
UMAP_SPARSE_FIT_CASE_PASS 16x3-3d-e12-seed7 graph_logical_bytes 1536
UMAP_SPARSE_FIT_BITS optimizer-n8-d2-zerosFalse.serial 0 1072463078
UMAP_SPARSE_FIT_BITS optimizer-n8-d2-zerosFalse.serial 1 1056416594
UMAP_SPARSE_FIT_BITS optimizer-n8-d2-zerosFalse.serial 2 1076553735
UMAP_SPARSE_FIT_BITS optimizer-n8-d2-zerosFalse.serial 3 1063610340
UMAP_SPARSE_FIT_BITS optimizer-n8-d2-zerosFalse.serial 4 3196983176
UMAP_SPARSE_FIT_BITS optimizer-n8-d2-zerosFalse.serial 5 1040195656
UMAP_SPARSE_FIT_BITS optimizer-n8-d2-zerosFalse.serial 6 1064117388
UMAP_SPARSE_FIT_BITS optimizer-n8-d2-zerosFalse.serial 7 1075480412
UMAP_SPARSE_FIT_BITS optimizer-n8-d2-zerosFalse.serial 8 1070807425
UMAP_SPARSE_FIT_BITS optimizer-n8-d2-zerosFalse.serial 9 1079202965
UMAP_SPARSE_FIT_BITS optimizer-n8-d2-zerosFalse.serial 10 1054402640
UMAP_SPARSE_FIT_BITS optimizer-n8-d2-zerosFalse.serial 11 1068073529
UMAP_SPARSE_FIT_BITS optimizer-n8-d2-zerosFalse.serial 12 3212389660
UMAP_SPARSE_FIT_BITS optimizer-n8-d2-zerosFalse.serial 13 1074646180
UMAP_SPARSE_FIT_BITS optimizer-n8-d2-zerosFalse.serial 14 3219921992
UMAP_SPARSE_FIT_BITS optimizer-n8-d2-zerosFalse.serial 15 1079625211
UMAP_SPARSE_FIT_BITS optimizer-n8-d2-zerosFalse.jacobi 0 3232495391
UMAP_SPARSE_FIT_BITS optimizer-n8-d2-zerosFalse.jacobi 1 3225711518
UMAP_SPARSE_FIT_BITS optimizer-n8-d2-zerosFalse.jacobi 2 3219121836
UMAP_SPARSE_FIT_BITS optimizer-n8-d2-zerosFalse.jacobi 3 3238196147
UMAP_SPARSE_FIT_BITS optimizer-n8-d2-zerosFalse.jacobi 4 3224247420
UMAP_SPARSE_FIT_BITS optimizer-n8-d2-zerosFalse.jacobi 5 3228786931
UMAP_SPARSE_FIT_BITS optimizer-n8-d2-zerosFalse.jacobi 6 1076034306
UMAP_SPARSE_FIT_BITS optimizer-n8-d2-zerosFalse.jacobi 7 1076350333
UMAP_SPARSE_FIT_BITS optimizer-n8-d2-zerosFalse.jacobi 8 1077928604
UMAP_SPARSE_FIT_BITS optimizer-n8-d2-zerosFalse.jacobi 9 1076406957
UMAP_SPARSE_FIT_BITS optimizer-n8-d2-zerosFalse.jacobi 10 3219256305
UMAP_SPARSE_FIT_BITS optimizer-n8-d2-zerosFalse.jacobi 11 3206543212
UMAP_SPARSE_FIT_BITS optimizer-n8-d2-zerosFalse.jacobi 12 1092344156
UMAP_SPARSE_FIT_BITS optimizer-n8-d2-zerosFalse.jacobi 13 1092440021
UMAP_SPARSE_FIT_BITS optimizer-n8-d2-zerosFalse.jacobi 14 1095109212
UMAP_SPARSE_FIT_BITS optimizer-n8-d2-zerosFalse.jacobi 15 1094815048
UMAP_SPARSE_FIT_BITS optimizer-n8-d2-zerosFalse.dispatch 0 1060626324
UMAP_SPARSE_FIT_BITS optimizer-n8-d2-zerosFalse.dispatch 1 1066590326
UMAP_SPARSE_FIT_BITS optimizer-n8-d2-zerosFalse.dispatch 2 1052086492
UMAP_SPARSE_FIT_BITS optimizer-n8-d2-zerosFalse.dispatch 3 1025088890
UMAP_SPARSE_FIT_BITS optimizer-n8-d2-zerosFalse.dispatch 4 3213857645
UMAP_SPARSE_FIT_BITS optimizer-n8-d2-zerosFalse.dispatch 5 3205584401
UMAP_SPARSE_FIT_BITS optimizer-n8-d2-zerosFalse.dispatch 6 3223119393
UMAP_SPARSE_FIT_BITS optimizer-n8-d2-zerosFalse.dispatch 7 1072194299
UMAP_SPARSE_FIT_BITS optimizer-n8-d2-zerosFalse.dispatch 8 3220769670
UMAP_SPARSE_FIT_BITS optimizer-n8-d2-zerosFalse.dispatch 9 1057500184
UMAP_SPARSE_FIT_BITS optimizer-n8-d2-zerosFalse.dispatch 10 1073016178
UMAP_SPARSE_FIT_BITS optimizer-n8-d2-zerosFalse.dispatch 11 1070455460
UMAP_SPARSE_FIT_BITS optimizer-n8-d2-zerosFalse.dispatch 12 1071529073
UMAP_SPARSE_FIT_BITS optimizer-n8-d2-zerosFalse.dispatch 13 1072567685
UMAP_SPARSE_FIT_BITS optimizer-n8-d2-zerosFalse.dispatch 14 1040802797
UMAP_SPARSE_FIT_BITS optimizer-n8-d2-zerosFalse.dispatch 15 1074477019
UMAP_SPARSE_OPTIMIZER_PASS optimizer-n8-d2-zerosFalse
UMAP_SPARSE_FIT_BITS optimizer-n8-d3-zerosTrue.serial 0 1055086770
UMAP_SPARSE_FIT_BITS optimizer-n8-d3-zerosTrue.serial 1 1032373724
UMAP_SPARSE_FIT_BITS optimizer-n8-d3-zerosTrue.serial 2 1065238119
UMAP_SPARSE_FIT_BITS optimizer-n8-d3-zerosTrue.serial 3 1082214757
UMAP_SPARSE_FIT_BITS optimizer-n8-d3-zerosTrue.serial 4 1064226382
UMAP_SPARSE_FIT_BITS optimizer-n8-d3-zerosTrue.serial 5 1067534361
UMAP_SPARSE_FIT_BITS optimizer-n8-d3-zerosTrue.serial 6 1080647360
UMAP_SPARSE_FIT_BITS optimizer-n8-d3-zerosTrue.serial 7 1061665932
UMAP_SPARSE_FIT_BITS optimizer-n8-d3-zerosTrue.serial 8 1067936357
UMAP_SPARSE_FIT_BITS optimizer-n8-d3-zerosTrue.serial 9 1082973789
UMAP_SPARSE_FIT_BITS optimizer-n8-d3-zerosTrue.serial 10 1044976784
UMAP_SPARSE_FIT_BITS optimizer-n8-d3-zerosTrue.serial 11 1066272696
UMAP_SPARSE_FIT_BITS optimizer-n8-d3-zerosTrue.serial 12 1073411295
UMAP_SPARSE_FIT_BITS optimizer-n8-d3-zerosTrue.serial 13 1067252286
UMAP_SPARSE_FIT_BITS optimizer-n8-d3-zerosTrue.serial 14 1064970451
UMAP_SPARSE_FIT_BITS optimizer-n8-d3-zerosTrue.serial 15 1077175842
UMAP_SPARSE_FIT_BITS optimizer-n8-d3-zerosTrue.serial 16 1074546460
UMAP_SPARSE_FIT_BITS optimizer-n8-d3-zerosTrue.serial 17 3169569437
UMAP_SPARSE_FIT_BITS optimizer-n8-d3-zerosTrue.serial 18 1057399545
UMAP_SPARSE_FIT_BITS optimizer-n8-d3-zerosTrue.serial 19 1009108944
UMAP_SPARSE_FIT_BITS optimizer-n8-d3-zerosTrue.serial 20 1064935346
UMAP_SPARSE_FIT_BITS optimizer-n8-d3-zerosTrue.serial 21 1067276182
UMAP_SPARSE_FIT_BITS optimizer-n8-d3-zerosTrue.serial 22 3207587448
UMAP_SPARSE_FIT_BITS optimizer-n8-d3-zerosTrue.serial 23 1068388648
UMAP_SPARSE_FIT_BITS optimizer-n8-d3-zerosTrue.jacobi 0 1060542274
UMAP_SPARSE_FIT_BITS optimizer-n8-d3-zerosTrue.jacobi 1 1056380934
UMAP_SPARSE_FIT_BITS optimizer-n8-d3-zerosTrue.jacobi 2 1068317378
UMAP_SPARSE_FIT_BITS optimizer-n8-d3-zerosTrue.jacobi 3 3214497399
UMAP_SPARSE_FIT_BITS optimizer-n8-d3-zerosTrue.jacobi 4 3219740016
UMAP_SPARSE_FIT_BITS optimizer-n8-d3-zerosTrue.jacobi 5 3215978880
UMAP_SPARSE_FIT_BITS optimizer-n8-d3-zerosTrue.jacobi 6 1061432890
UMAP_SPARSE_FIT_BITS optimizer-n8-d3-zerosTrue.jacobi 7 3214756237
UMAP_SPARSE_FIT_BITS optimizer-n8-d3-zerosTrue.jacobi 8 3202849638
UMAP_SPARSE_FIT_BITS optimizer-n8-d3-zerosTrue.jacobi 9 1060031899
UMAP_SPARSE_FIT_BITS optimizer-n8-d3-zerosTrue.jacobi 10 3205613596
UMAP_SPARSE_FIT_BITS optimizer-n8-d3-zerosTrue.jacobi 11 3200100430
UMAP_SPARSE_FIT_BITS optimizer-n8-d3-zerosTrue.jacobi 12 3198335875
UMAP_SPARSE_FIT_BITS optimizer-n8-d3-zerosTrue.jacobi 13 1058611398
UMAP_SPARSE_FIT_BITS optimizer-n8-d3-zerosTrue.jacobi 14 1039117346
UMAP_SPARSE_FIT_BITS optimizer-n8-d3-zerosTrue.jacobi 15 3216520122
UMAP_SPARSE_FIT_BITS optimizer-n8-d3-zerosTrue.jacobi 16 1071635772
UMAP_SPARSE_FIT_BITS optimizer-n8-d3-zerosTrue.jacobi 17 1059829265
UMAP_SPARSE_FIT_BITS optimizer-n8-d3-zerosTrue.jacobi 18 1070697317
UMAP_SPARSE_FIT_BITS optimizer-n8-d3-zerosTrue.jacobi 19 1072758609
UMAP_SPARSE_FIT_BITS optimizer-n8-d3-zerosTrue.jacobi 20 1074286355
UMAP_SPARSE_FIT_BITS optimizer-n8-d3-zerosTrue.jacobi 21 1095693510
UMAP_SPARSE_FIT_BITS optimizer-n8-d3-zerosTrue.jacobi 22 1095006336
UMAP_SPARSE_FIT_BITS optimizer-n8-d3-zerosTrue.jacobi 23 1095400769
UMAP_SPARSE_FIT_BITS optimizer-n8-d3-zerosTrue.dispatch 0 3215840321
UMAP_SPARSE_FIT_BITS optimizer-n8-d3-zerosTrue.dispatch 1 1046133004
UMAP_SPARSE_FIT_BITS optimizer-n8-d3-zerosTrue.dispatch 2 1068610376
UMAP_SPARSE_FIT_BITS optimizer-n8-d3-zerosTrue.dispatch 3 1071403272
UMAP_SPARSE_FIT_BITS optimizer-n8-d3-zerosTrue.dispatch 4 3185093131
UMAP_SPARSE_FIT_BITS optimizer-n8-d3-zerosTrue.dispatch 5 1065867788
UMAP_SPARSE_FIT_BITS optimizer-n8-d3-zerosTrue.dispatch 6 1068264155
UMAP_SPARSE_FIT_BITS optimizer-n8-d3-zerosTrue.dispatch 7 3214901783
UMAP_SPARSE_FIT_BITS optimizer-n8-d3-zerosTrue.dispatch 8 3202015729
UMAP_SPARSE_FIT_BITS optimizer-n8-d3-zerosTrue.dispatch 9 1064016600
UMAP_SPARSE_FIT_BITS optimizer-n8-d3-zerosTrue.dispatch 10 1068973369
UMAP_SPARSE_FIT_BITS optimizer-n8-d3-zerosTrue.dispatch 11 3196904707
UMAP_SPARSE_FIT_BITS optimizer-n8-d3-zerosTrue.dispatch 12 1074070057
UMAP_SPARSE_FIT_BITS optimizer-n8-d3-zerosTrue.dispatch 13 1079363525
UMAP_SPARSE_FIT_BITS optimizer-n8-d3-zerosTrue.dispatch 14 3214566196
UMAP_SPARSE_FIT_BITS optimizer-n8-d3-zerosTrue.dispatch 15 1074484975
UMAP_SPARSE_FIT_BITS optimizer-n8-d3-zerosTrue.dispatch 16 1078080432
UMAP_SPARSE_FIT_BITS optimizer-n8-d3-zerosTrue.dispatch 17 3207912679
UMAP_SPARSE_FIT_BITS optimizer-n8-d3-zerosTrue.dispatch 18 3190952272
UMAP_SPARSE_FIT_BITS optimizer-n8-d3-zerosTrue.dispatch 19 1061449680
UMAP_SPARSE_FIT_BITS optimizer-n8-d3-zerosTrue.dispatch 20 1069174391
UMAP_SPARSE_FIT_BITS optimizer-n8-d3-zerosTrue.dispatch 21 1064780174
UMAP_SPARSE_FIT_BITS optimizer-n8-d3-zerosTrue.dispatch 22 1064076444
UMAP_SPARSE_FIT_BITS optimizer-n8-d3-zerosTrue.dispatch 23 1075847909
UMAP_SPARSE_OPTIMIZER_PASS optimizer-n8-d3-zerosTrue
UMAP_SPARSE_FIT_BITS optimizer-n1024-d2-zerosTrue.serial 0 1082552264
UMAP_SPARSE_FIT_BITS optimizer-n1024-d2-zerosTrue.serial 1 1083558750
UMAP_SPARSE_FIT_BITS optimizer-n1024-d2-zerosTrue.serial 2 1078110872
UMAP_SPARSE_FIT_BITS optimizer-n1024-d2-zerosTrue.serial 3 3209905189
UMAP_SPARSE_FIT_BITS optimizer-n1024-d2-zerosTrue.serial 4 1080786030
UMAP_SPARSE_FIT_BITS optimizer-n1024-d2-zerosTrue.serial 5 3183552173
UMAP_SPARSE_FIT_BITS optimizer-n1024-d2-zerosTrue.serial 6 1075032690
UMAP_SPARSE_FIT_BITS optimizer-n1024-d2-zerosTrue.serial 7 1078002003
UMAP_SPARSE_FIT_BITS optimizer-n1024-d2-zerosTrue.serial 8 1076147081
UMAP_SPARSE_FIT_BITS optimizer-n1024-d2-zerosTrue.serial 9 1080291427
UMAP_SPARSE_FIT_BITS optimizer-n1024-d2-zerosTrue.serial 10 1075773273
UMAP_SPARSE_FIT_BITS optimizer-n1024-d2-zerosTrue.serial 11 1078410157
UMAP_SPARSE_FIT_BITS optimizer-n1024-d2-zerosTrue.serial 12 1071411449
UMAP_SPARSE_FIT_BITS optimizer-n1024-d2-zerosTrue.serial 13 1073924384
UMAP_SPARSE_FIT_BITS optimizer-n1024-d2-zerosTrue.serial 14 1082368310
UMAP_SPARSE_FIT_BITS optimizer-n1024-d2-zerosTrue.serial 15 1065211808
UMAP_SPARSE_FIT_BITS optimizer-n1024-d2-zerosTrue.serial 16 3170008960
UMAP_SPARSE_FIT_BITS optimizer-n1024-d2-zerosTrue.serial 17 1071029423
UMAP_SPARSE_FIT_BITS optimizer-n1024-d2-zerosTrue.serial 18 3218091106
UMAP_SPARSE_FIT_BITS optimizer-n1024-d2-zerosTrue.serial 19 1060742950
UMAP_SPARSE_FIT_BITS optimizer-n1024-d2-zerosTrue.serial 20 3212612723
UMAP_SPARSE_FIT_BITS optimizer-n1024-d2-zerosTrue.serial 21 1077096819
UMAP_SPARSE_FIT_BITS optimizer-n1024-d2-zerosTrue.serial 22 3222549001
UMAP_SPARSE_FIT_BITS optimizer-n1024-d2-zerosTrue.serial 23 1083153909
UMAP_SPARSE_FIT_BITS optimizer-n1024-d2-zerosTrue.serial 24 1074805024
UMAP_SPARSE_FIT_BITS optimizer-n1024-d2-zerosTrue.serial 25 3206870054
UMAP_SPARSE_FIT_BITS optimizer-n1024-d2-zerosTrue.serial 26 1076543296
UMAP_SPARSE_FIT_BITS optimizer-n1024-d2-zerosTrue.serial 27 1060741420
UMAP_SPARSE_FIT_BITS optimizer-n1024-d2-zerosTrue.serial 28 1076184541
UMAP_SPARSE_FIT_BITS optimizer-n1024-d2-zerosTrue.serial 29 1067514970
UMAP_SPARSE_FIT_BITS optimizer-n1024-d2-zerosTrue.serial 30 1075488363
UMAP_SPARSE_FIT_BITS optimizer-n1024-d2-zerosTrue.serial 31 1071998926
UMAP_SPARSE_FIT_BITS optimizer-n1024-d2-zerosTrue.serial 32 1082738363
UMAP_SPARSE_FIT_BITS optimizer-n1024-d2-zerosTrue.serial 33 1082717378
UMAP_SPARSE_FIT_BITS optimizer-n1024-d2-zerosTrue.serial 34 1067969677
UMAP_SPARSE_FIT_BITS optimizer-n1024-d2-zerosTrue.serial 35 3214339069
UMAP_SPARSE_FIT_BITS optimizer-n1024-d2-zerosTrue.serial 36 1069262611
UMAP_SPARSE_FIT_BITS optimizer-n1024-d2-zerosTrue.serial 37 3214972036
UMAP_SPARSE_FIT_BITS optimizer-n1024-d2-zerosTrue.serial 38 1072686093
UMAP_SPARSE_FIT_BITS optimizer-n1024-d2-zerosTrue.serial 39 3217631268
UMAP_SPARSE_FIT_BITS optimizer-n1024-d2-zerosTrue.serial 40 1074135934
UMAP_SPARSE_FIT_BITS optimizer-n1024-d2-zerosTrue.serial 41 3216122458
UMAP_SPARSE_FIT_BITS optimizer-n1024-d2-zerosTrue.serial 42 1075546025
UMAP_SPARSE_FIT_BITS optimizer-n1024-d2-zerosTrue.serial 43 3205195090
UMAP_SPARSE_FIT_BITS optimizer-n1024-d2-zerosTrue.serial 44 1075632608
UMAP_SPARSE_FIT_BITS optimizer-n1024-d2-zerosTrue.serial 45 3220745395
UMAP_SPARSE_FIT_BITS optimizer-n1024-d2-zerosTrue.serial 46 1073109958
UMAP_SPARSE_FIT_BITS optimizer-n1024-d2-zerosTrue.serial 47 3214150779
UMAP_SPARSE_FIT_BITS optimizer-n1024-d2-zerosTrue.serial 48 1072003587
UMAP_SPARSE_FIT_BITS optimizer-n1024-d2-zerosTrue.serial 49 3217017761
UMAP_SPARSE_FIT_BITS optimizer-n1024-d2-zerosTrue.serial 50 1072711246
UMAP_SPARSE_FIT_BITS optimizer-n1024-d2-zerosTrue.serial 51 3218314007
UMAP_SPARSE_FIT_BITS optimizer-n1024-d2-zerosTrue.serial 52 1074709572
UMAP_SPARSE_FIT_BITS optimizer-n1024-d2-zerosTrue.serial 53 3217748757
UMAP_SPARSE_FIT_BITS optimizer-n1024-d2-zerosTrue.serial 54 1083440156
UMAP_SPARSE_FIT_BITS optimizer-n1024-d2-zerosTrue.serial 55 1073843639
UMAP_SPARSE_FIT_BITS optimizer-n1024-d2-zerosTrue.serial 56 1082658662
UMAP_SPARSE_FIT_BITS optimizer-n1024-d2-zerosTrue.serial 57 1073534047
UMAP_SPARSE_FIT_BITS optimizer-n1024-d2-zerosTrue.serial 58 1080350454
UMAP_SPARSE_FIT_BITS optimizer-n1024-d2-zerosTrue.serial 59 1073427057
UMAP_SPARSE_FIT_BITS optimizer-n1024-d2-zerosTrue.serial 60 1076631747
UMAP_SPARSE_FIT_BITS optimizer-n1024-d2-zerosTrue.serial 61 1073643914
UMAP_SPARSE_FIT_BITS optimizer-n1024-d2-zerosTrue.serial 62 1076966343
UMAP_SPARSE_FIT_BITS optimizer-n1024-d2-zerosTrue.serial 63 1076640169
UMAP_SPARSE_FIT_BITS optimizer-n1024-d2-zerosTrue.serial 64 1077926415
UMAP_SPARSE_FIT_BITS optimizer-n1024-d2-zerosTrue.serial 65 1078185975
UMAP_SPARSE_FIT_BITS optimizer-n1024-d2-zerosTrue.serial 66 1076519502
UMAP_SPARSE_FIT_BITS optimizer-n1024-d2-zerosTrue.serial 67 1078116972
UMAP_SPARSE_FIT_BITS optimizer-n1024-d2-zerosTrue.serial 68 3199700802
UMAP_SPARSE_FIT_BITS optimizer-n1024-d2-zerosTrue.serial 69 1070808045
UMAP_SPARSE_FIT_BITS optimizer-n1024-d2-zerosTrue.serial 70 1074826727
UMAP_SPARSE_FIT_BITS optimizer-n1024-d2-zerosTrue.serial 71 1061528487
UMAP_SPARSE_FIT_BITS optimizer-n1024-d2-zerosTrue.serial 72 1080698680
UMAP_SPARSE_FIT_BITS optimizer-n1024-d2-zerosTrue.serial 73 1069718802
UMAP_SPARSE_FIT_BITS optimizer-n1024-d2-zerosTrue.serial 74 1080546374
UMAP_SPARSE_FIT_BITS optimizer-n1024-d2-zerosTrue.serial 75 1061714256
UMAP_SPARSE_FIT_BITS optimizer-n1024-d2-zerosTrue.serial 76 1082403015
UMAP_SPARSE_FIT_BITS optimizer-n1024-d2-zerosTrue.serial 77 1054090070
UMAP_SPARSE_FIT_BITS optimizer-n1024-d2-zerosTrue.serial 78 1079355207
UMAP_SPARSE_FIT_BITS optimizer-n1024-d2-zerosTrue.serial 79 3200908139
UMAP_SPARSE_FIT_BITS optimizer-n1024-d2-zerosTrue.serial 80 1078713630
UMAP_SPARSE_FIT_BITS optimizer-n1024-d2-zerosTrue.serial 81 3192837739
UMAP_SPARSE_FIT_BITS optimizer-n1024-d2-zerosTrue.serial 82 1078165918
UMAP_SPARSE_FIT_BITS optimizer-n1024-d2-zerosTrue.serial 83 3181919451
UMAP_SPARSE_FIT_BITS optimizer-n1024-d2-zerosTrue.serial 84 1081076188
UMAP_SPARSE_FIT_BITS optimizer-n1024-d2-zerosTrue.serial 85 3205053403
UMAP_SPARSE_FIT_BITS optimizer-n1024-d2-zerosTrue.serial 86 1082250823
UMAP_SPARSE_FIT_BITS optimizer-n1024-d2-zerosTrue.serial 87 3209302296
UMAP_SPARSE_FIT_BITS optimizer-n1024-d2-zerosTrue.serial 88 1081204427
UMAP_SPARSE_FIT_BITS optimizer-n1024-d2-zerosTrue.serial 89 3204365150
UMAP_SPARSE_FIT_BITS optimizer-n1024-d2-zerosTrue.serial 90 1080091443
UMAP_SPARSE_FIT_BITS optimizer-n1024-d2-zerosTrue.serial 91 1059604282
UMAP_SPARSE_FIT_BITS optimizer-n1024-d2-zerosTrue.serial 92 1079937238
UMAP_SPARSE_FIT_BITS optimizer-n1024-d2-zerosTrue.serial 93 1060109870
UMAP_SPARSE_FIT_BITS optimizer-n1024-d2-zerosTrue.serial 94 1078154789
UMAP_SPARSE_FIT_BITS optimizer-n1024-d2-zerosTrue.serial 95 1061526831
UMAP_SPARSE_FIT_BITS optimizer-n1024-d2-zerosTrue.serial 96 1078436313
UMAP_SPARSE_FIT_BITS optimizer-n1024-d2-zerosTrue.serial 97 1065470261
UMAP_SPARSE_FIT_BITS optimizer-n1024-d2-zerosTrue.serial 98 1076659289
UMAP_SPARSE_FIT_BITS optimizer-n1024-d2-zerosTrue.serial 99 1068483293
UMAP_SPARSE_FIT_BITS optimizer-n1024-d2-zerosTrue.serial 100 1076475115
UMAP_SPARSE_FIT_BITS optimizer-n1024-d2-zerosTrue.serial 101 1073944568
UMAP_SPARSE_FIT_BITS optimizer-n1024-d2-zerosTrue.serial 102 1076462273
UMAP_SPARSE_FIT_BITS optimizer-n1024-d2-zerosTrue.serial 103 1073814677
UMAP_SPARSE_FIT_BITS optimizer-n1024-d2-zerosTrue.serial 104 1067657297
UMAP_SPARSE_FIT_BITS optimizer-n1024-d2-zerosTrue.serial 105 3215150358
UMAP_SPARSE_FIT_BITS optimizer-n1024-d2-zerosTrue.serial 106 1065897275
UMAP_SPARSE_FIT_BITS optimizer-n1024-d2-zerosTrue.serial 107 3215934613
UMAP_SPARSE_FIT_BITS optimizer-n1024-d2-zerosTrue.serial 108 1063947887
UMAP_SPARSE_FIT_BITS optimizer-n1024-d2-zerosTrue.serial 109 3215890872
UMAP_SPARSE_FIT_BITS optimizer-n1024-d2-zerosTrue.serial 110 1063437463
UMAP_SPARSE_FIT_BITS optimizer-n1024-d2-zerosTrue.serial 111 1058935510
UMAP_SPARSE_FIT_BITS optimizer-n1024-d2-zerosTrue.serial 112 1058865422
UMAP_SPARSE_FIT_BITS optimizer-n1024-d2-zerosTrue.serial 113 1052480488
UMAP_SPARSE_FIT_BITS optimizer-n1024-d2-zerosTrue.serial 114 1067189489
UMAP_SPARSE_FIT_BITS optimizer-n1024-d2-zerosTrue.serial 115 1058434841
UMAP_SPARSE_FIT_BITS optimizer-n1024-d2-zerosTrue.serial 116 1075610002
UMAP_SPARSE_FIT_BITS optimizer-n1024-d2-zerosTrue.serial 117 1069803040
UMAP_SPARSE_FIT_BITS optimizer-n1024-d2-zerosTrue.serial 118 1063048084
UMAP_SPARSE_FIT_BITS optimizer-n1024-d2-zerosTrue.serial 119 3222002340
UMAP_SPARSE_FIT_BITS optimizer-n1024-d2-zerosTrue.serial 120 3225298659
UMAP_SPARSE_FIT_BITS optimizer-n1024-d2-zerosTrue.serial 121 1077731714
UMAP_SPARSE_FIT_BITS optimizer-n1024-d2-zerosTrue.serial 122 3217233706
UMAP_SPARSE_FIT_BITS optimizer-n1024-d2-zerosTrue.serial 123 1060883934
UMAP_SPARSE_FIT_BITS optimizer-n1024-d2-zerosTrue.serial 124 3215880494
UMAP_SPARSE_FIT_BITS optimizer-n1024-d2-zerosTrue.serial 125 1060959402
UMAP_SPARSE_FIT_BITS optimizer-n1024-d2-zerosTrue.serial 126 1071815564
UMAP_SPARSE_FIT_BITS optimizer-n1024-d2-zerosTrue.serial 127 3196740588
UMAP_SPARSE_FIT_BITS optimizer-n1024-d2-zerosTrue.serial 128 1072502932
UMAP_SPARSE_FIT_BITS optimizer-n1024-d2-zerosTrue.serial 129 3155220976
UMAP_SPARSE_FIT_BITS optimizer-n1024-d2-zerosTrue.serial 130 1070658872
UMAP_SPARSE_FIT_BITS optimizer-n1024-d2-zerosTrue.serial 131 1036827786
UMAP_SPARSE_FIT_BITS optimizer-n1024-d2-zerosTrue.serial 132 3208860594
UMAP_SPARSE_FIT_BITS optimizer-n1024-d2-zerosTrue.serial 133 1068263071
UMAP_SPARSE_FIT_BITS optimizer-n1024-d2-zerosTrue.serial 134 1070764823
UMAP_SPARSE_FIT_BITS optimizer-n1024-d2-zerosTrue.serial 135 3208010038
UMAP_SPARSE_FIT_BITS optimizer-n1024-d2-zerosTrue.serial 136 1070601529
UMAP_SPARSE_FIT_BITS optimizer-n1024-d2-zerosTrue.serial 137 3215582991
UMAP_SPARSE_FIT_BITS optimizer-n1024-d2-zerosTrue.serial 138 1073764563
UMAP_SPARSE_FIT_BITS optimizer-n1024-d2-zerosTrue.serial 139 3214541173
UMAP_SPARSE_FIT_BITS optimizer-n1024-d2-zerosTrue.serial 140 1075865118
UMAP_SPARSE_FIT_BITS optimizer-n1024-d2-zerosTrue.serial 141 3214826237
UMAP_SPARSE_FIT_BITS optimizer-n1024-d2-zerosTrue.serial 142 1083093044
UMAP_SPARSE_FIT_BITS optimizer-n1024-d2-zerosTrue.serial 143 3221301191
UMAP_SPARSE_FIT_BITS optimizer-n1024-d2-zerosTrue.serial 144 1069778960
UMAP_SPARSE_FIT_BITS optimizer-n1024-d2-zerosTrue.serial 145 3217252220
UMAP_SPARSE_FIT_BITS optimizer-n1024-d2-zerosTrue.serial 146 1068470440
UMAP_SPARSE_FIT_BITS optimizer-n1024-d2-zerosTrue.serial 147 3217491452
UMAP_SPARSE_FIT_BITS optimizer-n1024-d2-zerosTrue.serial 148 1065468651
UMAP_SPARSE_FIT_BITS optimizer-n1024-d2-zerosTrue.serial 149 3219959890
UMAP_SPARSE_FIT_BITS optimizer-n1024-d2-zerosTrue.serial 150 1055926484
UMAP_SPARSE_FIT_BITS optimizer-n1024-d2-zerosTrue.serial 151 3225189413
UMAP_SPARSE_FIT_BITS optimizer-n1024-d2-zerosTrue.serial 152 1065950686
UMAP_SPARSE_FIT_BITS optimizer-n1024-d2-zerosTrue.serial 153 3224919982
UMAP_SPARSE_FIT_BITS optimizer-n1024-d2-zerosTrue.serial 154 1063455312
UMAP_SPARSE_FIT_BITS optimizer-n1024-d2-zerosTrue.serial 155 3224957491
UMAP_SPARSE_FIT_BITS optimizer-n1024-d2-zerosTrue.serial 156 3216285149
UMAP_SPARSE_FIT_BITS optimizer-n1024-d2-zerosTrue.serial 157 1078690989
UMAP_SPARSE_FIT_BITS optimizer-n1024-d2-zerosTrue.serial 158 3216773041
UMAP_SPARSE_FIT_BITS optimizer-n1024-d2-zerosTrue.serial 159 1078511823
UMAP_SPARSE_FIT_BITS optimizer-n1024-d2-zerosTrue.serial 160 1078660496
UMAP_SPARSE_FIT_BITS optimizer-n1024-d2-zerosTrue.serial 161 1076956461
UMAP_SPARSE_FIT_BITS optimizer-n1024-d2-zerosTrue.serial 162 1078573398
UMAP_SPARSE_FIT_BITS optimizer-n1024-d2-zerosTrue.serial 163 1076617648
UMAP_SPARSE_FIT_BITS optimizer-n1024-d2-zerosTrue.serial 164 1078924882
UMAP_SPARSE_FIT_BITS optimizer-n1024-d2-zerosTrue.serial 165 1076882199
UMAP_SPARSE_FIT_BITS optimizer-n1024-d2-zerosTrue.serial 166 1058539324
UMAP_SPARSE_FIT_BITS optimizer-n1024-d2-zerosTrue.serial 167 1066809230
UMAP_SPARSE_FIT_BITS optimizer-n1024-d2-zerosTrue.serial 168 1061390487
UMAP_SPARSE_FIT_BITS optimizer-n1024-d2-zerosTrue.serial 169 1068611192
UMAP_SPARSE_FIT_BITS optimizer-n1024-d2-zerosTrue.serial 170 1066092747
UMAP_SPARSE_FIT_BITS optimizer-n1024-d2-zerosTrue.serial 171 1067779526
UMAP_SPARSE_FIT_BITS optimizer-n1024-d2-zerosTrue.serial 172 1074845162
UMAP_SPARSE_FIT_BITS optimizer-n1024-d2-zerosTrue.serial 173 3170168720
UMAP_SPARSE_FIT_BITS optimizer-n1024-d2-zerosTrue.serial 174 1067668142
UMAP_SPARSE_FIT_BITS optimizer-n1024-d2-zerosTrue.serial 175 3214486378
UMAP_SPARSE_FIT_BITS optimizer-n1024-d2-zerosTrue.serial 176 3204311916
UMAP_SPARSE_FIT_BITS optimizer-n1024-d2-zerosTrue.serial 177 999800544
UMAP_SPARSE_FIT_BITS optimizer-n1024-d2-zerosTrue.serial 178 3219603020
UMAP_SPARSE_FIT_BITS optimizer-n1024-d2-zerosTrue.serial 179 1058569837
UMAP_SPARSE_FIT_BITS optimizer-n1024-d2-zerosTrue.serial 180 3215459653
UMAP_SPARSE_FIT_BITS optimizer-n1024-d2-zerosTrue.serial 181 1050130150
UMAP_SPARSE_FIT_BITS optimizer-n1024-d2-zerosTrue.serial 182 3200445182
UMAP_SPARSE_FIT_BITS optimizer-n1024-d2-zerosTrue.serial 183 3192014931
UMAP_SPARSE_FIT_BITS optimizer-n1024-d2-zerosTrue.serial 184 3196758272
UMAP_SPARSE_FIT_BITS optimizer-n1024-d2-zerosTrue.serial 185 1041416105
UMAP_SPARSE_FIT_BITS optimizer-n1024-d2-zerosTrue.serial 186 3197291859
UMAP_SPARSE_FIT_BITS optimizer-n1024-d2-zerosTrue.serial 187 1067213792
UMAP_SPARSE_FIT_BITS optimizer-n1024-d2-zerosTrue.serial 188 3183727327
UMAP_SPARSE_FIT_BITS optimizer-n1024-d2-zerosTrue.serial 189 1078071008
UMAP_SPARSE_FIT_BITS optimizer-n1024-d2-zerosTrue.serial 190 3183260450
UMAP_SPARSE_FIT_BITS optimizer-n1024-d2-zerosTrue.serial 191 1078409166
UMAP_SPARSE_FIT_BITS optimizer-n1024-d2-zerosTrue.serial 192 1040229502
UMAP_SPARSE_FIT_BITS optimizer-n1024-d2-zerosTrue.serial 193 1078854438
UMAP_SPARSE_FIT_BITS optimizer-n1024-d2-zerosTrue.serial 194 1080923584
UMAP_SPARSE_FIT_BITS optimizer-n1024-d2-zerosTrue.serial 195 1065893255
UMAP_SPARSE_FIT_BITS optimizer-n1024-d2-zerosTrue.serial 196 1070807257
UMAP_SPARSE_FIT_BITS optimizer-n1024-d2-zerosTrue.serial 197 1059738702
UMAP_SPARSE_FIT_BITS optimizer-n1024-d2-zerosTrue.serial 198 1076578070
UMAP_SPARSE_FIT_BITS optimizer-n1024-d2-zerosTrue.serial 199 1078913240
UMAP_SPARSE_FIT_BITS optimizer-n1024-d2-zerosTrue.serial 200 1077524427
UMAP_SPARSE_FIT_BITS optimizer-n1024-d2-zerosTrue.serial 201 1080491272
UMAP_SPARSE_FIT_BITS optimizer-n1024-d2-zerosTrue.serial 202 1077105778
UMAP_SPARSE_FIT_BITS optimizer-n1024-d2-zerosTrue.serial 203 1080174140
UMAP_SPARSE_FIT_BITS optimizer-n1024-d2-zerosTrue.serial 204 3216889775
UMAP_SPARSE_FIT_BITS optimizer-n1024-d2-zerosTrue.serial 205 3214212095
UMAP_SPARSE_FIT_BITS optimizer-n1024-d2-zerosTrue.serial 206 3218664957
UMAP_SPARSE_FIT_BITS optimizer-n1024-d2-zerosTrue.serial 207 3212947353
UMAP_SPARSE_FIT_BITS optimizer-n1024-d2-zerosTrue.serial 208 3218499901
UMAP_SPARSE_FIT_BITS optimizer-n1024-d2-zerosTrue.serial 209 3215072597
UMAP_SPARSE_FIT_BITS optimizer-n1024-d2-zerosTrue.serial 210 3214965586
UMAP_SPARSE_FIT_BITS optimizer-n1024-d2-zerosTrue.serial 211 3211764436
UMAP_SPARSE_FIT_BITS optimizer-n1024-d2-zerosTrue.serial 212 1043381154
UMAP_SPARSE_FIT_BITS optimizer-n1024-d2-zerosTrue.serial 213 1056110583
UMAP_SPARSE_FIT_BITS optimizer-n1024-d2-zerosTrue.serial 214 1055301737
UMAP_SPARSE_FIT_BITS optimizer-n1024-d2-zerosTrue.serial 215 1058635484
UMAP_SPARSE_FIT_BITS optimizer-n1024-d2-zerosTrue.serial 216 1061715666
UMAP_SPARSE_FIT_BITS optimizer-n1024-d2-zerosTrue.serial 217 1062026052
UMAP_SPARSE_FIT_BITS optimizer-n1024-d2-zerosTrue.serial 218 1056980504
UMAP_SPARSE_FIT_BITS optimizer-n1024-d2-zerosTrue.serial 219 1055173650
UMAP_SPARSE_FIT_BITS optimizer-n1024-d2-zerosTrue.serial 220 3204799178
UMAP_SPARSE_FIT_BITS optimizer-n1024-d2-zerosTrue.serial 221 3215219939
UMAP_SPARSE_FIT_BITS optimizer-n1024-d2-zerosTrue.serial 222 1071614305
UMAP_SPARSE_FIT_BITS optimizer-n1024-d2-zerosTrue.serial 223 1050953058
UMAP_SPARSE_FIT_BITS optimizer-n1024-d2-zerosTrue.serial 224 1071594223
UMAP_SPARSE_FIT_BITS optimizer-n1024-d2-zerosTrue.serial 225 3192900972
UMAP_SPARSE_FIT_BITS optimizer-n1024-d2-zerosTrue.serial 226 1069838113
UMAP_SPARSE_FIT_BITS optimizer-n1024-d2-zerosTrue.serial 227 3206116854
UMAP_SPARSE_FIT_BITS optimizer-n1024-d2-zerosTrue.serial 228 1058397298
UMAP_SPARSE_FIT_BITS optimizer-n1024-d2-zerosTrue.serial 229 3218628904
UMAP_SPARSE_FIT_BITS optimizer-n1024-d2-zerosTrue.serial 230 1065515047
UMAP_SPARSE_FIT_BITS optimizer-n1024-d2-zerosTrue.serial 231 3205383688
UMAP_SPARSE_FIT_BITS optimizer-n1024-d2-zerosTrue.serial 232 1072243009
UMAP_SPARSE_FIT_BITS optimizer-n1024-d2-zerosTrue.serial 233 1049290116
UMAP_SPARSE_FIT_BITS optimizer-n1024-d2-zerosTrue.serial 234 1074429393
UMAP_SPARSE_FIT_BITS optimizer-n1024-d2-zerosTrue.serial 235 3187039255
UMAP_SPARSE_FIT_BITS optimizer-n1024-d2-zerosTrue.serial 236 1076401590
UMAP_SPARSE_FIT_BITS optimizer-n1024-d2-zerosTrue.serial 237 3213291603
UMAP_SPARSE_FIT_BITS optimizer-n1024-d2-zerosTrue.serial 238 1072409646
UMAP_SPARSE_FIT_BITS optimizer-n1024-d2-zerosTrue.serial 239 3199048540
UMAP_SPARSE_FIT_BITS optimizer-n1024-d2-zerosTrue.serial 240 3213457145
UMAP_SPARSE_FIT_BITS optimizer-n1024-d2-zerosTrue.serial 241 3180887466
UMAP_SPARSE_FIT_BITS optimizer-n1024-d2-zerosTrue.serial 242 3214637825
UMAP_SPARSE_FIT_BITS optimizer-n1024-d2-zerosTrue.serial 243 1057340788
UMAP_SPARSE_FIT_BITS optimizer-n1024-d2-zerosTrue.serial 244 1038822406
UMAP_SPARSE_FIT_BITS optimizer-n1024-d2-zerosTrue.serial 245 3205597682
UMAP_SPARSE_FIT_BITS optimizer-n1024-d2-zerosTrue.serial 246 1068824679
UMAP_SPARSE_FIT_BITS optimizer-n1024-d2-zerosTrue.serial 247 3220271184
UMAP_SPARSE_FIT_BITS optimizer-n1024-d2-zerosTrue.serial 248 1071310780
UMAP_SPARSE_FIT_BITS optimizer-n1024-d2-zerosTrue.serial 249 3222135036
UMAP_SPARSE_FIT_BITS optimizer-n1024-d2-zerosTrue.serial 250 1055106197
UMAP_SPARSE_FIT_BITS optimizer-n1024-d2-zerosTrue.serial 251 3220626339
UMAP_SPARSE_FIT_BITS optimizer-n1024-d2-zerosTrue.serial 252 1035464925
UMAP_SPARSE_FIT_BITS optimizer-n1024-d2-zerosTrue.serial 253 3221082256
UMAP_SPARSE_FIT_BITS optimizer-n1024-d2-zerosTrue.serial 254 1045062162
UMAP_SPARSE_FIT_BITS optimizer-n1024-d2-zerosTrue.serial 255 3222185908
UMAP_SPARSE_FIT_BITS optimizer-n1024-d2-zerosTrue.serial 256 1045732464
UMAP_SPARSE_FIT_BITS optimizer-n1024-d2-zerosTrue.serial 257 3222560565
UMAP_SPARSE_FIT_BITS optimizer-n1024-d2-zerosTrue.serial 258 1078548430
UMAP_SPARSE_FIT_BITS optimizer-n1024-d2-zerosTrue.serial 259 3194401601
UMAP_SPARSE_FIT_BITS optimizer-n1024-d2-zerosTrue.serial 260 1078390857
UMAP_SPARSE_FIT_BITS optimizer-n1024-d2-zerosTrue.serial 261 3195331064
UMAP_SPARSE_FIT_BITS optimizer-n1024-d2-zerosTrue.serial 262 1078817847
UMAP_SPARSE_FIT_BITS optimizer-n1024-d2-zerosTrue.serial 263 3201536980
UMAP_SPARSE_FIT_BITS optimizer-n1024-d2-zerosTrue.serial 264 3213176076
UMAP_SPARSE_FIT_BITS optimizer-n1024-d2-zerosTrue.serial 265 1075734792
UMAP_SPARSE_FIT_BITS optimizer-n1024-d2-zerosTrue.serial 266 3214257034
UMAP_SPARSE_FIT_BITS optimizer-n1024-d2-zerosTrue.serial 267 1042846630
UMAP_SPARSE_FIT_BITS optimizer-n1024-d2-zerosTrue.serial 268 3213348639
UMAP_SPARSE_FIT_BITS optimizer-n1024-d2-zerosTrue.serial 269 3184853280
UMAP_SPARSE_FIT_BITS optimizer-n1024-d2-zerosTrue.serial 270 3208282681
UMAP_SPARSE_FIT_BITS optimizer-n1024-d2-zerosTrue.serial 271 3206354604
UMAP_SPARSE_FIT_BITS optimizer-n1024-d2-zerosTrue.serial 272 3205473121
UMAP_SPARSE_FIT_BITS optimizer-n1024-d2-zerosTrue.serial 273 3210468046
UMAP_SPARSE_FIT_BITS optimizer-n1024-d2-zerosTrue.serial 274 3206447784
UMAP_SPARSE_FIT_BITS optimizer-n1024-d2-zerosTrue.serial 275 3217346302
UMAP_SPARSE_FIT_BITS optimizer-n1024-d2-zerosTrue.serial 276 3215383570
UMAP_SPARSE_FIT_BITS optimizer-n1024-d2-zerosTrue.serial 277 3218643101
UMAP_SPARSE_FIT_BITS optimizer-n1024-d2-zerosTrue.serial 278 3216932166
UMAP_SPARSE_FIT_BITS optimizer-n1024-d2-zerosTrue.serial 279 3219225253
UMAP_SPARSE_FIT_BITS optimizer-n1024-d2-zerosTrue.serial 280 3214317421
UMAP_SPARSE_FIT_BITS optimizer-n1024-d2-zerosTrue.serial 281 3218553711
UMAP_SPARSE_FIT_BITS optimizer-n1024-d2-zerosTrue.serial 282 3167883944
UMAP_SPARSE_FIT_BITS optimizer-n1024-d2-zerosTrue.serial 283 3213358115
UMAP_SPARSE_FIT_BITS optimizer-n1024-d2-zerosTrue.serial 284 1071783568
UMAP_SPARSE_FIT_BITS optimizer-n1024-d2-zerosTrue.serial 285 3202845368
UMAP_SPARSE_FIT_BITS optimizer-n1024-d2-zerosTrue.serial 286 1075857125
UMAP_SPARSE_FIT_BITS optimizer-n1024-d2-zerosTrue.serial 287 3199797611
UMAP_SPARSE_FIT_BITS optimizer-n1024-d2-zerosTrue.serial 288 1077141273
UMAP_SPARSE_FIT_BITS optimizer-n1024-d2-zerosTrue.serial 289 3204540778
UMAP_SPARSE_FIT_BITS optimizer-n1024-d2-zerosTrue.serial 290 1081645065
UMAP_SPARSE_FIT_BITS optimizer-n1024-d2-zerosTrue.serial 291 3219070055
UMAP_SPARSE_FIT_BITS optimizer-n1024-d2-zerosTrue.serial 292 1079422151
UMAP_SPARSE_FIT_BITS optimizer-n1024-d2-zerosTrue.serial 293 1063853148
UMAP_SPARSE_FIT_BITS optimizer-n1024-d2-zerosTrue.serial 294 1079963866
UMAP_SPARSE_FIT_BITS optimizer-n1024-d2-zerosTrue.serial 295 1063789631
UMAP_SPARSE_FIT_BITS optimizer-n1024-d2-zerosTrue.serial 296 1079004204
UMAP_SPARSE_FIT_BITS optimizer-n1024-d2-zerosTrue.serial 297 1063423600
UMAP_SPARSE_FIT_BITS optimizer-n1024-d2-zerosTrue.serial 298 1077753506
UMAP_SPARSE_FIT_BITS optimizer-n1024-d2-zerosTrue.serial 299 1066150831
UMAP_SPARSE_FIT_BITS optimizer-n1024-d2-zerosTrue.serial 300 1078747290
UMAP_SPARSE_FIT_BITS optimizer-n1024-d2-zerosTrue.serial 301 1076105287
UMAP_SPARSE_FIT_BITS optimizer-n1024-d2-zerosTrue.serial 302 1070488355
UMAP_SPARSE_FIT_BITS optimizer-n1024-d2-zerosTrue.serial 303 1076631743
UMAP_SPARSE_FIT_BITS optimizer-n1024-d2-zerosTrue.serial 304 1046701594
UMAP_SPARSE_FIT_BITS optimizer-n1024-d2-zerosTrue.serial 305 3203186800
UMAP_SPARSE_FIT_BITS optimizer-n1024-d2-zerosTrue.serial 306 3190922008
UMAP_SPARSE_FIT_BITS optimizer-n1024-d2-zerosTrue.serial 307 3206053389
UMAP_SPARSE_FIT_BITS optimizer-n1024-d2-zerosTrue.serial 308 1039012503
UMAP_SPARSE_FIT_BITS optimizer-n1024-d2-zerosTrue.serial 309 3207516610
UMAP_SPARSE_FIT_BITS optimizer-n1024-d2-zerosTrue.serial 310 1049289388
UMAP_SPARSE_FIT_BITS optimizer-n1024-d2-zerosTrue.serial 311 3209490262
UMAP_SPARSE_FIT_BITS optimizer-n1024-d2-zerosTrue.serial 312 1071810048
UMAP_SPARSE_FIT_BITS optimizer-n1024-d2-zerosTrue.serial 313 3179712156
UMAP_SPARSE_FIT_BITS optimizer-n1024-d2-zerosTrue.serial 314 1069415967
UMAP_SPARSE_FIT_BITS optimizer-n1024-d2-zerosTrue.serial 315 3202104074
UMAP_SPARSE_FIT_BITS optimizer-n1024-d2-zerosTrue.serial 316 1072881879
UMAP_SPARSE_FIT_BITS optimizer-n1024-d2-zerosTrue.serial 317 3203426624
UMAP_SPARSE_FIT_BITS optimizer-n1024-d2-zerosTrue.serial 318 1070023444
UMAP_SPARSE_FIT_BITS optimizer-n1024-d2-zerosTrue.serial 319 3206282633
UMAP_SPARSE_FIT_BITS optimizer-n1024-d2-zerosTrue.serial 320 1066406807
UMAP_SPARSE_FIT_BITS optimizer-n1024-d2-zerosTrue.serial 321 3212612725
UMAP_SPARSE_FIT_BITS optimizer-n1024-d2-zerosTrue.serial 322 1065469117
UMAP_SPARSE_FIT_BITS optimizer-n1024-d2-zerosTrue.serial 323 3209494078
UMAP_SPARSE_FIT_BITS optimizer-n1024-d2-zerosTrue.serial 324 3221910150
UMAP_SPARSE_FIT_BITS optimizer-n1024-d2-zerosTrue.serial 325 1066707094
UMAP_SPARSE_FIT_BITS optimizer-n1024-d2-zerosTrue.serial 326 3221536914
UMAP_SPARSE_FIT_BITS optimizer-n1024-d2-zerosTrue.serial 327 1066528660
UMAP_SPARSE_FIT_BITS optimizer-n1024-d2-zerosTrue.serial 328 1069826570
UMAP_SPARSE_FIT_BITS optimizer-n1024-d2-zerosTrue.serial 329 1076206052
UMAP_SPARSE_FIT_BITS optimizer-n1024-d2-zerosTrue.serial 330 1073808143
UMAP_SPARSE_FIT_BITS optimizer-n1024-d2-zerosTrue.serial 331 1075138095
UMAP_SPARSE_FIT_BITS optimizer-n1024-d2-zerosTrue.serial 332 1078550874
UMAP_SPARSE_FIT_BITS optimizer-n1024-d2-zerosTrue.serial 333 1071028189
UMAP_SPARSE_FIT_BITS optimizer-n1024-d2-zerosTrue.serial 334 1079791760
UMAP_SPARSE_FIT_BITS optimizer-n1024-d2-zerosTrue.serial 335 1068184654
UMAP_SPARSE_FIT_BITS optimizer-n1024-d2-zerosTrue.serial 336 1080278534
UMAP_SPARSE_FIT_BITS optimizer-n1024-d2-zerosTrue.serial 337 1067069119
UMAP_SPARSE_FIT_BITS optimizer-n1024-d2-zerosTrue.serial 338 1078126303
UMAP_SPARSE_FIT_BITS optimizer-n1024-d2-zerosTrue.serial 339 1073814137
UMAP_SPARSE_FIT_BITS optimizer-n1024-d2-zerosTrue.serial 340 3215082396
UMAP_SPARSE_FIT_BITS optimizer-n1024-d2-zerosTrue.serial 341 1049670477
UMAP_SPARSE_FIT_BITS optimizer-n1024-d2-zerosTrue.serial 342 3214190636
UMAP_SPARSE_FIT_BITS optimizer-n1024-d2-zerosTrue.serial 343 3172439180
UMAP_SPARSE_FIT_BITS optimizer-n1024-d2-zerosTrue.serial 344 3212256683
UMAP_SPARSE_FIT_BITS optimizer-n1024-d2-zerosTrue.serial 345 3216711766
UMAP_SPARSE_FIT_BITS optimizer-n1024-d2-zerosTrue.serial 346 3205338143
UMAP_SPARSE_FIT_BITS optimizer-n1024-d2-zerosTrue.serial 347 3216162927
UMAP_SPARSE_FIT_BITS optimizer-n1024-d2-zerosTrue.serial 348 1050872028
UMAP_SPARSE_FIT_BITS optimizer-n1024-d2-zerosTrue.serial 349 3214499773
UMAP_SPARSE_FIT_BITS optimizer-n1024-d2-zerosTrue.serial 350 1056836586
UMAP_SPARSE_FIT_BITS optimizer-n1024-d2-zerosTrue.serial 351 3215627881
UMAP_SPARSE_FIT_BITS optimizer-n1024-d2-zerosTrue.serial 352 1046421933
UMAP_SPARSE_FIT_BITS optimizer-n1024-d2-zerosTrue.serial 353 3215505606
UMAP_SPARSE_FIT_BITS optimizer-n1024-d2-zerosTrue.serial 354 1060197120
UMAP_SPARSE_FIT_BITS optimizer-n1024-d2-zerosTrue.serial 355 3218168082
UMAP_SPARSE_FIT_BITS optimizer-n1024-d2-zerosTrue.serial 356 1069902547
UMAP_SPARSE_FIT_BITS optimizer-n1024-d2-zerosTrue.serial 357 3217573767
UMAP_SPARSE_FIT_BITS optimizer-n1024-d2-zerosTrue.serial 358 1070533343
UMAP_SPARSE_FIT_BITS optimizer-n1024-d2-zerosTrue.serial 359 3217742852
UMAP_SPARSE_FIT_BITS optimizer-n1024-d2-zerosTrue.serial 360 1069520572
UMAP_SPARSE_FIT_BITS optimizer-n1024-d2-zerosTrue.serial 361 3218788792
UMAP_SPARSE_FIT_BITS optimizer-n1024-d2-zerosTrue.serial 362 1068971419
UMAP_SPARSE_FIT_BITS optimizer-n1024-d2-zerosTrue.serial 363 3219206280
UMAP_SPARSE_FIT_BITS optimizer-n1024-d2-zerosTrue.serial 364 1064170307
UMAP_SPARSE_FIT_BITS optimizer-n1024-d2-zerosTrue.serial 365 3221255655
UMAP_SPARSE_FIT_BITS optimizer-n1024-d2-zerosTrue.serial 366 1064243561
UMAP_SPARSE_FIT_BITS optimizer-n1024-d2-zerosTrue.serial 367 3221429132
UMAP_SPARSE_FIT_BITS optimizer-n1024-d2-zerosTrue.serial 368 3206121888
UMAP_SPARSE_FIT_BITS optimizer-n1024-d2-zerosTrue.serial 369 1074358718
UMAP_SPARSE_FIT_BITS optimizer-n1024-d2-zerosTrue.serial 370 3226747710
UMAP_SPARSE_FIT_BITS optimizer-n1024-d2-zerosTrue.serial 371 3205560711
UMAP_SPARSE_FIT_BITS optimizer-n1024-d2-zerosTrue.serial 372 3154889880
UMAP_SPARSE_FIT_BITS optimizer-n1024-d2-zerosTrue.serial 373 1074050822
UMAP_SPARSE_FIT_BITS optimizer-n1024-d2-zerosTrue.serial 374 1032441499
UMAP_SPARSE_FIT_BITS optimizer-n1024-d2-zerosTrue.serial 375 1076413765
UMAP_SPARSE_FIT_BITS optimizer-n1024-d2-zerosTrue.serial 376 3179530557
UMAP_SPARSE_FIT_BITS optimizer-n1024-d2-zerosTrue.serial 377 1071076166
UMAP_SPARSE_FIT_BITS optimizer-n1024-d2-zerosTrue.serial 378 3214753515
UMAP_SPARSE_FIT_BITS optimizer-n1024-d2-zerosTrue.serial 379 1066529888
UMAP_SPARSE_FIT_BITS optimizer-n1024-d2-zerosTrue.serial 380 3214884269
UMAP_SPARSE_FIT_BITS optimizer-n1024-d2-zerosTrue.serial 381 1069973769
UMAP_SPARSE_FIT_BITS optimizer-n1024-d2-zerosTrue.serial 382 3218762390
UMAP_SPARSE_FIT_BITS optimizer-n1024-d2-zerosTrue.serial 383 1070346465
UMAP_SPARSE_FIT_BITS optimizer-n1024-d2-zerosTrue.serial 384 3215862632
UMAP_SPARSE_FIT_BITS optimizer-n1024-d2-zerosTrue.serial 385 1070351510
UMAP_SPARSE_FIT_BITS optimizer-n1024-d2-zerosTrue.serial 386 3212865267
UMAP_SPARSE_FIT_BITS optimizer-n1024-d2-zerosTrue.serial 387 1068745138
UMAP_SPARSE_FIT_BITS optimizer-n1024-d2-zerosTrue.serial 388 1057247430
UMAP_SPARSE_FIT_BITS optimizer-n1024-d2-zerosTrue.serial 389 1046055501
UMAP_SPARSE_FIT_BITS optimizer-n1024-d2-zerosTrue.serial 390 1071969969
UMAP_SPARSE_FIT_BITS optimizer-n1024-d2-zerosTrue.serial 391 1057477583
UMAP_SPARSE_FIT_BITS optimizer-n1024-d2-zerosTrue.serial 392 1074461726
UMAP_SPARSE_FIT_BITS optimizer-n1024-d2-zerosTrue.serial 393 1048063420
UMAP_SPARSE_FIT_BITS optimizer-n1024-d2-zerosTrue.serial 394 1078860114
UMAP_SPARSE_FIT_BITS optimizer-n1024-d2-zerosTrue.serial 395 3195763159
UMAP_SPARSE_FIT_BITS optimizer-n1024-d2-zerosTrue.serial 396 1079376947
UMAP_SPARSE_FIT_BITS optimizer-n1024-d2-zerosTrue.serial 397 3188822270
UMAP_SPARSE_FIT_BITS optimizer-n1024-d2-zerosTrue.serial 398 1079723530
UMAP_SPARSE_FIT_BITS optimizer-n1024-d2-zerosTrue.serial 399 1072484723
UMAP_SPARSE_FIT_BITS optimizer-n1024-d2-zerosTrue.serial 400 1079714675
UMAP_SPARSE_FIT_BITS optimizer-n1024-d2-zerosTrue.serial 401 1075593767
UMAP_SPARSE_FIT_BITS optimizer-n1024-d2-zerosTrue.serial 402 1079046216
UMAP_SPARSE_FIT_BITS optimizer-n1024-d2-zerosTrue.serial 403 1075362560
UMAP_SPARSE_FIT_BITS optimizer-n1024-d2-zerosTrue.serial 404 3216759778
UMAP_SPARSE_FIT_BITS optimizer-n1024-d2-zerosTrue.serial 405 1063544684
UMAP_SPARSE_FIT_BITS optimizer-n1024-d2-zerosTrue.serial 406 1063385167
UMAP_SPARSE_FIT_BITS optimizer-n1024-d2-zerosTrue.serial 407 1076177114
UMAP_SPARSE_FIT_BITS optimizer-n1024-d2-zerosTrue.serial 408 1054843624
UMAP_SPARSE_FIT_BITS optimizer-n1024-d2-zerosTrue.serial 409 1074816420
UMAP_SPARSE_FIT_BITS optimizer-n1024-d2-zerosTrue.serial 410 1059097723
UMAP_SPARSE_FIT_BITS optimizer-n1024-d2-zerosTrue.serial 411 1072507209
UMAP_SPARSE_FIT_BITS optimizer-n1024-d2-zerosTrue.serial 412 1066533825
UMAP_SPARSE_FIT_BITS optimizer-n1024-d2-zerosTrue.serial 413 1058497219
UMAP_SPARSE_FIT_BITS optimizer-n1024-d2-zerosTrue.serial 414 1054728048
UMAP_SPARSE_FIT_BITS optimizer-n1024-d2-zerosTrue.serial 415 3205327435
UMAP_SPARSE_FIT_BITS optimizer-n1024-d2-zerosTrue.serial 416 1056791548
UMAP_SPARSE_FIT_BITS optimizer-n1024-d2-zerosTrue.serial 417 1075956125
UMAP_SPARSE_FIT_BITS optimizer-n1024-d2-zerosTrue.serial 418 1061831063
UMAP_SPARSE_FIT_BITS optimizer-n1024-d2-zerosTrue.serial 419 1076808350
UMAP_SPARSE_FIT_BITS optimizer-n1024-d2-zerosTrue.serial 420 1070852810
UMAP_SPARSE_FIT_BITS optimizer-n1024-d2-zerosTrue.serial 421 1075531541
UMAP_SPARSE_FIT_BITS optimizer-n1024-d2-zerosTrue.serial 422 1077326390
UMAP_SPARSE_FIT_BITS optimizer-n1024-d2-zerosTrue.serial 423 1078185462
UMAP_SPARSE_FIT_BITS optimizer-n1024-d2-zerosTrue.serial 424 1079237594
UMAP_SPARSE_FIT_BITS optimizer-n1024-d2-zerosTrue.serial 425 1075643631
UMAP_SPARSE_FIT_BITS optimizer-n1024-d2-zerosTrue.serial 426 1079435665
UMAP_SPARSE_FIT_BITS optimizer-n1024-d2-zerosTrue.serial 427 1070493961
UMAP_SPARSE_FIT_BITS optimizer-n1024-d2-zerosTrue.serial 428 1079830210
UMAP_SPARSE_FIT_BITS optimizer-n1024-d2-zerosTrue.serial 429 1069407147
UMAP_SPARSE_FIT_BITS optimizer-n1024-d2-zerosTrue.serial 430 1079075893
UMAP_SPARSE_FIT_BITS optimizer-n1024-d2-zerosTrue.serial 431 1071502903
UMAP_SPARSE_FIT_BITS optimizer-n1024-d2-zerosTrue.serial 432 1080224309
UMAP_SPARSE_FIT_BITS optimizer-n1024-d2-zerosTrue.serial 433 1076414626
UMAP_SPARSE_FIT_BITS optimizer-n1024-d2-zerosTrue.serial 434 1082294465
UMAP_SPARSE_FIT_BITS optimizer-n1024-d2-zerosTrue.serial 435 1066399245
UMAP_SPARSE_FIT_BITS optimizer-n1024-d2-zerosTrue.serial 436 1082574100
UMAP_SPARSE_FIT_BITS optimizer-n1024-d2-zerosTrue.serial 437 1066874167
UMAP_SPARSE_FIT_BITS optimizer-n1024-d2-zerosTrue.serial 438 3222056716
UMAP_SPARSE_FIT_BITS optimizer-n1024-d2-zerosTrue.serial 439 3214520591
UMAP_SPARSE_FIT_BITS optimizer-n1024-d2-zerosTrue.serial 440 3221304262
UMAP_SPARSE_FIT_BITS optimizer-n1024-d2-zerosTrue.serial 441 1075578453
UMAP_SPARSE_FIT_BITS optimizer-n1024-d2-zerosTrue.serial 442 3218564262
UMAP_SPARSE_FIT_BITS optimizer-n1024-d2-zerosTrue.serial 443 1071276089
UMAP_SPARSE_FIT_BITS optimizer-n1024-d2-zerosTrue.serial 444 3210284111
UMAP_SPARSE_FIT_BITS optimizer-n1024-d2-zerosTrue.serial 445 1074399591
UMAP_SPARSE_FIT_BITS optimizer-n1024-d2-zerosTrue.serial 446 3212322991
UMAP_SPARSE_FIT_BITS optimizer-n1024-d2-zerosTrue.serial 447 1070767455
UMAP_SPARSE_FIT_BITS optimizer-n1024-d2-zerosTrue.serial 448 1059221536
UMAP_SPARSE_FIT_BITS optimizer-n1024-d2-zerosTrue.serial 449 3197864600
UMAP_SPARSE_FIT_BITS optimizer-n1024-d2-zerosTrue.serial 450 1070726622
UMAP_SPARSE_FIT_BITS optimizer-n1024-d2-zerosTrue.serial 451 3219987426
UMAP_SPARSE_FIT_BITS optimizer-n1024-d2-zerosTrue.serial 452 1067964456
UMAP_SPARSE_FIT_BITS optimizer-n1024-d2-zerosTrue.serial 453 3222543728
UMAP_SPARSE_FIT_BITS optimizer-n1024-d2-zerosTrue.serial 454 1060696156
UMAP_SPARSE_FIT_BITS optimizer-n1024-d2-zerosTrue.serial 455 3223646447
UMAP_SPARSE_FIT_BITS optimizer-n1024-d2-zerosTrue.serial 456 1075454779
UMAP_SPARSE_FIT_BITS optimizer-n1024-d2-zerosTrue.serial 457 3202238458
UMAP_SPARSE_FIT_BITS optimizer-n1024-d2-zerosTrue.serial 458 1076052651
UMAP_SPARSE_FIT_BITS optimizer-n1024-d2-zerosTrue.serial 459 3157928272
UMAP_SPARSE_FIT_BITS optimizer-n1024-d2-zerosTrue.serial 460 1075353727
UMAP_SPARSE_FIT_BITS optimizer-n1024-d2-zerosTrue.serial 461 3175165224
UMAP_SPARSE_FIT_BITS optimizer-n1024-d2-zerosTrue.serial 462 3201472148
UMAP_SPARSE_FIT_BITS optimizer-n1024-d2-zerosTrue.serial 463 1080978962
UMAP_SPARSE_FIT_BITS optimizer-n1024-d2-zerosTrue.serial 464 3194455711
UMAP_SPARSE_FIT_BITS optimizer-n1024-d2-zerosTrue.serial 465 1080249359
UMAP_SPARSE_FIT_BITS optimizer-n1024-d2-zerosTrue.serial 466 1073820989
UMAP_SPARSE_FIT_BITS optimizer-n1024-d2-zerosTrue.serial 467 3200060402
UMAP_SPARSE_FIT_BITS optimizer-n1024-d2-zerosTrue.serial 468 1073182181
UMAP_SPARSE_FIT_BITS optimizer-n1024-d2-zerosTrue.serial 469 3199959322
UMAP_SPARSE_FIT_BITS optimizer-n1024-d2-zerosTrue.serial 470 1083336213
UMAP_SPARSE_FIT_BITS optimizer-n1024-d2-zerosTrue.serial 471 3221368305
UMAP_SPARSE_FIT_BITS optimizer-n1024-d2-zerosTrue.serial 472 1081007490
UMAP_SPARSE_FIT_BITS optimizer-n1024-d2-zerosTrue.serial 473 1078187267
UMAP_SPARSE_FIT_BITS optimizer-n1024-d2-zerosTrue.serial 474 1081809762
UMAP_SPARSE_FIT_BITS optimizer-n1024-d2-zerosTrue.serial 475 1078201567
UMAP_SPARSE_FIT_BITS optimizer-n1024-d2-zerosTrue.serial 476 1082797478
UMAP_SPARSE_FIT_BITS optimizer-n1024-d2-zerosTrue.serial 477 1078304720
UMAP_SPARSE_FIT_BITS optimizer-n1024-d2-zerosTrue.serial 478 1082945807
UMAP_SPARSE_FIT_BITS optimizer-n1024-d2-zerosTrue.serial 479 1077840155
UMAP_SPARSE_FIT_BITS optimizer-n1024-d2-zerosTrue.serial 480 1078941941
UMAP_SPARSE_FIT_BITS optimizer-n1024-d2-zerosTrue.serial 481 3217853603
UMAP_SPARSE_FIT_BITS optimizer-n1024-d2-zerosTrue.serial 482 1077255529
UMAP_SPARSE_FIT_BITS optimizer-n1024-d2-zerosTrue.serial 483 1083333086
UMAP_SPARSE_FIT_BITS optimizer-n1024-d2-zerosTrue.serial 484 1077584655
UMAP_SPARSE_FIT_BITS optimizer-n1024-d2-zerosTrue.serial 485 1084414965
UMAP_SPARSE_FIT_BITS optimizer-n1024-d2-zerosTrue.serial 486 1064457728
UMAP_SPARSE_FIT_BITS optimizer-n1024-d2-zerosTrue.serial 487 1081233561
UMAP_SPARSE_FIT_BITS optimizer-n1024-d2-zerosTrue.serial 488 1031311758
UMAP_SPARSE_FIT_BITS optimizer-n1024-d2-zerosTrue.serial 489 1078927216
UMAP_SPARSE_FIT_BITS optimizer-n1024-d2-zerosTrue.serial 490 1054151008
UMAP_SPARSE_FIT_BITS optimizer-n1024-d2-zerosTrue.serial 491 3194716319
UMAP_SPARSE_FIT_BITS optimizer-n1024-d2-zerosTrue.serial 492 1056738899
UMAP_SPARSE_FIT_BITS optimizer-n1024-d2-zerosTrue.serial 493 1035670664
UMAP_SPARSE_FIT_BITS optimizer-n1024-d2-zerosTrue.serial 494 1065652902
UMAP_SPARSE_FIT_BITS optimizer-n1024-d2-zerosTrue.serial 495 1070053484
UMAP_SPARSE_FIT_BITS optimizer-n1024-d2-zerosTrue.serial 496 1064352309
UMAP_SPARSE_FIT_BITS optimizer-n1024-d2-zerosTrue.serial 497 1069975757
UMAP_SPARSE_FIT_BITS optimizer-n1024-d2-zerosTrue.serial 498 1061826900
UMAP_SPARSE_FIT_BITS optimizer-n1024-d2-zerosTrue.serial 499 1068728406
UMAP_SPARSE_FIT_BITS optimizer-n1024-d2-zerosTrue.serial 500 1061370285
UMAP_SPARSE_FIT_BITS optimizer-n1024-d2-zerosTrue.serial 501 1067082969
UMAP_SPARSE_FIT_BITS optimizer-n1024-d2-zerosTrue.serial 502 1047804620
UMAP_SPARSE_FIT_BITS optimizer-n1024-d2-zerosTrue.serial 503 3220777622
UMAP_SPARSE_FIT_BITS optimizer-n1024-d2-zerosTrue.serial 504 1075732259
UMAP_SPARSE_FIT_BITS optimizer-n1024-d2-zerosTrue.serial 505 1071926830
UMAP_SPARSE_FIT_BITS optimizer-n1024-d2-zerosTrue.serial 506 1075163990
UMAP_SPARSE_FIT_BITS optimizer-n1024-d2-zerosTrue.serial 507 1075144504
UMAP_SPARSE_FIT_BITS optimizer-n1024-d2-zerosTrue.serial 508 1071328972
UMAP_SPARSE_FIT_BITS optimizer-n1024-d2-zerosTrue.serial 509 1077227575
UMAP_SPARSE_FIT_BITS optimizer-n1024-d2-zerosTrue.serial 510 1071152060
UMAP_SPARSE_FIT_BITS optimizer-n1024-d2-zerosTrue.serial 511 1078450311
UMAP_SPARSE_FIT_BITS optimizer-n1024-d2-zerosTrue.serial 512 1071478200
UMAP_SPARSE_FIT_BITS optimizer-n1024-d2-zerosTrue.serial 513 1077996836
UMAP_SPARSE_FIT_BITS optimizer-n1024-d2-zerosTrue.serial 514 1071104809
UMAP_SPARSE_FIT_BITS optimizer-n1024-d2-zerosTrue.serial 515 1082209539
UMAP_SPARSE_FIT_BITS optimizer-n1024-d2-zerosTrue.serial 516 1082515669
UMAP_SPARSE_FIT_BITS optimizer-n1024-d2-zerosTrue.serial 517 3208661099
UMAP_SPARSE_FIT_BITS optimizer-n1024-d2-zerosTrue.serial 518 1078425726
UMAP_SPARSE_FIT_BITS optimizer-n1024-d2-zerosTrue.serial 519 1071782197
UMAP_SPARSE_FIT_BITS optimizer-n1024-d2-zerosTrue.serial 520 1081162129
UMAP_SPARSE_FIT_BITS optimizer-n1024-d2-zerosTrue.serial 521 1068967421
UMAP_SPARSE_FIT_BITS optimizer-n1024-d2-zerosTrue.serial 522 1081020567
UMAP_SPARSE_FIT_BITS optimizer-n1024-d2-zerosTrue.serial 523 1068769684
UMAP_SPARSE_FIT_BITS optimizer-n1024-d2-zerosTrue.serial 524 1078565756
UMAP_SPARSE_FIT_BITS optimizer-n1024-d2-zerosTrue.serial 525 1070394522
UMAP_SPARSE_FIT_BITS optimizer-n1024-d2-zerosTrue.serial 526 1077391194
UMAP_SPARSE_FIT_BITS optimizer-n1024-d2-zerosTrue.serial 527 1064264382
UMAP_SPARSE_FIT_BITS optimizer-n1024-d2-zerosTrue.serial 528 1077431888
UMAP_SPARSE_FIT_BITS optimizer-n1024-d2-zerosTrue.serial 529 1066263377
UMAP_SPARSE_FIT_BITS optimizer-n1024-d2-zerosTrue.serial 530 1075494033
UMAP_SPARSE_FIT_BITS optimizer-n1024-d2-zerosTrue.serial 531 1073247300
UMAP_SPARSE_FIT_BITS optimizer-n1024-d2-zerosTrue.serial 532 1075679875
UMAP_SPARSE_FIT_BITS optimizer-n1024-d2-zerosTrue.serial 533 1074921716
UMAP_SPARSE_FIT_BITS optimizer-n1024-d2-zerosTrue.serial 534 1076681943
UMAP_SPARSE_FIT_BITS optimizer-n1024-d2-zerosTrue.serial 535 1076583787
UMAP_SPARSE_FIT_BITS optimizer-n1024-d2-zerosTrue.serial 536 1075552155
UMAP_SPARSE_FIT_BITS optimizer-n1024-d2-zerosTrue.serial 537 1077449475
UMAP_SPARSE_FIT_BITS optimizer-n1024-d2-zerosTrue.serial 538 1075317011
UMAP_SPARSE_FIT_BITS optimizer-n1024-d2-zerosTrue.serial 539 1077910874
UMAP_SPARSE_FIT_BITS optimizer-n1024-d2-zerosTrue.serial 540 3215743561
UMAP_SPARSE_FIT_BITS optimizer-n1024-d2-zerosTrue.serial 541 1056196414
UMAP_SPARSE_FIT_BITS optimizer-n1024-d2-zerosTrue.serial 542 3218065189
UMAP_SPARSE_FIT_BITS optimizer-n1024-d2-zerosTrue.serial 543 1059277887
UMAP_SPARSE_FIT_BITS optimizer-n1024-d2-zerosTrue.serial 544 3219280317
UMAP_SPARSE_FIT_BITS optimizer-n1024-d2-zerosTrue.serial 545 1064654593
UMAP_SPARSE_FIT_BITS optimizer-n1024-d2-zerosTrue.serial 546 3217045306
UMAP_SPARSE_FIT_BITS optimizer-n1024-d2-zerosTrue.serial 547 1080479248
UMAP_SPARSE_FIT_BITS optimizer-n1024-d2-zerosTrue.serial 548 1062262811
UMAP_SPARSE_FIT_BITS optimizer-n1024-d2-zerosTrue.serial 549 1072985138
UMAP_SPARSE_FIT_BITS optimizer-n1024-d2-zerosTrue.serial 550 1041688967
UMAP_SPARSE_FIT_BITS optimizer-n1024-d2-zerosTrue.serial 551 1073996408
UMAP_SPARSE_FIT_BITS optimizer-n1024-d2-zerosTrue.serial 552 3200993450
UMAP_SPARSE_FIT_BITS optimizer-n1024-d2-zerosTrue.serial 553 1076424497
UMAP_SPARSE_FIT_BITS optimizer-n1024-d2-zerosTrue.serial 554 3209986286
UMAP_SPARSE_FIT_BITS optimizer-n1024-d2-zerosTrue.serial 555 1078030241
UMAP_SPARSE_FIT_BITS optimizer-n1024-d2-zerosTrue.serial 556 3209315133
UMAP_SPARSE_FIT_BITS optimizer-n1024-d2-zerosTrue.serial 557 1076710089
UMAP_SPARSE_FIT_BITS optimizer-n1024-d2-zerosTrue.serial 558 3216308594
UMAP_SPARSE_FIT_BITS optimizer-n1024-d2-zerosTrue.serial 559 3165441408
UMAP_SPARSE_FIT_BITS optimizer-n1024-d2-zerosTrue.serial 560 3203252453
UMAP_SPARSE_FIT_BITS optimizer-n1024-d2-zerosTrue.serial 561 3220750663
UMAP_SPARSE_FIT_BITS optimizer-n1024-d2-zerosTrue.serial 562 3212047279
UMAP_SPARSE_FIT_BITS optimizer-n1024-d2-zerosTrue.serial 563 3222482723
UMAP_SPARSE_FIT_BITS optimizer-n1024-d2-zerosTrue.serial 564 3215154329
UMAP_SPARSE_FIT_BITS optimizer-n1024-d2-zerosTrue.serial 565 3221503605
UMAP_SPARSE_FIT_BITS optimizer-n1024-d2-zerosTrue.serial 566 3213334614
UMAP_SPARSE_FIT_BITS optimizer-n1024-d2-zerosTrue.serial 567 3220728085
UMAP_SPARSE_FIT_BITS optimizer-n1024-d2-zerosTrue.serial 568 1058241500
UMAP_SPARSE_FIT_BITS optimizer-n1024-d2-zerosTrue.serial 569 1058018132
UMAP_SPARSE_FIT_BITS optimizer-n1024-d2-zerosTrue.serial 570 1069828571
UMAP_SPARSE_FIT_BITS optimizer-n1024-d2-zerosTrue.serial 571 1058903308
UMAP_SPARSE_FIT_BITS optimizer-n1024-d2-zerosTrue.serial 572 3198232296
UMAP_SPARSE_FIT_BITS optimizer-n1024-d2-zerosTrue.serial 573 1062065283
UMAP_SPARSE_FIT_BITS optimizer-n1024-d2-zerosTrue.serial 574 3218353305
UMAP_SPARSE_FIT_BITS optimizer-n1024-d2-zerosTrue.serial 575 1073210007
UMAP_SPARSE_FIT_BITS optimizer-n1024-d2-zerosTrue.serial 576 1059919128
UMAP_SPARSE_FIT_BITS optimizer-n1024-d2-zerosTrue.serial 577 1075772601
UMAP_SPARSE_FIT_BITS optimizer-n1024-d2-zerosTrue.serial 578 1031526712
UMAP_SPARSE_FIT_BITS optimizer-n1024-d2-zerosTrue.serial 579 1073063799
UMAP_SPARSE_FIT_BITS optimizer-n1024-d2-zerosTrue.serial 580 3197060622
UMAP_SPARSE_FIT_BITS optimizer-n1024-d2-zerosTrue.serial 581 1080260788
UMAP_SPARSE_FIT_BITS optimizer-n1024-d2-zerosTrue.serial 582 1024474120
UMAP_SPARSE_FIT_BITS optimizer-n1024-d2-zerosTrue.serial 583 3197996438
UMAP_SPARSE_FIT_BITS optimizer-n1024-d2-zerosTrue.serial 584 1040495623
UMAP_SPARSE_FIT_BITS optimizer-n1024-d2-zerosTrue.serial 585 3206842830
UMAP_SPARSE_FIT_BITS optimizer-n1024-d2-zerosTrue.serial 586 3193625322
UMAP_SPARSE_FIT_BITS optimizer-n1024-d2-zerosTrue.serial 587 3203144938
UMAP_SPARSE_FIT_BITS optimizer-n1024-d2-zerosTrue.serial 588 3203942059
UMAP_SPARSE_FIT_BITS optimizer-n1024-d2-zerosTrue.serial 589 3207298377
UMAP_SPARSE_FIT_BITS optimizer-n1024-d2-zerosTrue.serial 590 3190130863
UMAP_SPARSE_FIT_BITS optimizer-n1024-d2-zerosTrue.serial 591 3203213042
UMAP_SPARSE_FIT_BITS optimizer-n1024-d2-zerosTrue.serial 592 1024671116
UMAP_SPARSE_FIT_BITS optimizer-n1024-d2-zerosTrue.serial 593 3193172835
UMAP_SPARSE_FIT_BITS optimizer-n1024-d2-zerosTrue.serial 594 1048327240
UMAP_SPARSE_FIT_BITS optimizer-n1024-d2-zerosTrue.serial 595 3198216132
UMAP_SPARSE_FIT_BITS optimizer-n1024-d2-zerosTrue.serial 596 1074983845
UMAP_SPARSE_FIT_BITS optimizer-n1024-d2-zerosTrue.serial 597 1065421540
UMAP_SPARSE_FIT_BITS optimizer-n1024-d2-zerosTrue.serial 598 1078025865
UMAP_SPARSE_FIT_BITS optimizer-n1024-d2-zerosTrue.serial 599 1066674690
UMAP_SPARSE_FIT_BITS optimizer-n1024-d2-zerosTrue.serial 600 1078185330
UMAP_SPARSE_FIT_BITS optimizer-n1024-d2-zerosTrue.serial 601 1066273582
UMAP_SPARSE_FIT_BITS optimizer-n1024-d2-zerosTrue.serial 602 1077733079
UMAP_SPARSE_FIT_BITS optimizer-n1024-d2-zerosTrue.serial 603 1067766499
UMAP_SPARSE_FIT_BITS optimizer-n1024-d2-zerosTrue.serial 604 1074607492
UMAP_SPARSE_FIT_BITS optimizer-n1024-d2-zerosTrue.serial 605 1076907514
UMAP_SPARSE_FIT_BITS optimizer-n1024-d2-zerosTrue.serial 606 1080399957
UMAP_SPARSE_FIT_BITS optimizer-n1024-d2-zerosTrue.serial 607 1076226983
UMAP_SPARSE_FIT_BITS optimizer-n1024-d2-zerosTrue.serial 608 1078749198
UMAP_SPARSE_FIT_BITS optimizer-n1024-d2-zerosTrue.serial 609 1076274457
UMAP_SPARSE_FIT_BITS optimizer-n1024-d2-zerosTrue.serial 610 1077947673
UMAP_SPARSE_FIT_BITS optimizer-n1024-d2-zerosTrue.serial 611 1076731533
UMAP_SPARSE_FIT_BITS optimizer-n1024-d2-zerosTrue.serial 612 3217010455
UMAP_SPARSE_FIT_BITS optimizer-n1024-d2-zerosTrue.serial 613 1079183579
UMAP_SPARSE_FIT_BITS optimizer-n1024-d2-zerosTrue.serial 614 3216139412
UMAP_SPARSE_FIT_BITS optimizer-n1024-d2-zerosTrue.serial 615 1078407484
UMAP_SPARSE_FIT_BITS optimizer-n1024-d2-zerosTrue.serial 616 3202768936
UMAP_SPARSE_FIT_BITS optimizer-n1024-d2-zerosTrue.serial 617 1074204656
UMAP_SPARSE_FIT_BITS optimizer-n1024-d2-zerosTrue.serial 618 3190391819
UMAP_SPARSE_FIT_BITS optimizer-n1024-d2-zerosTrue.serial 619 1071682788
UMAP_SPARSE_FIT_BITS optimizer-n1024-d2-zerosTrue.serial 620 3205327398
UMAP_SPARSE_FIT_BITS optimizer-n1024-d2-zerosTrue.serial 621 1072461361
UMAP_SPARSE_FIT_BITS optimizer-n1024-d2-zerosTrue.serial 622 3204640756
UMAP_SPARSE_FIT_BITS optimizer-n1024-d2-zerosTrue.serial 623 1068795440
UMAP_SPARSE_FIT_BITS optimizer-n1024-d2-zerosTrue.serial 624 3205991062
UMAP_SPARSE_FIT_BITS optimizer-n1024-d2-zerosTrue.serial 625 1068240620
UMAP_SPARSE_FIT_BITS optimizer-n1024-d2-zerosTrue.serial 626 1071985101
UMAP_SPARSE_FIT_BITS optimizer-n1024-d2-zerosTrue.serial 627 3202957837
UMAP_SPARSE_FIT_BITS optimizer-n1024-d2-zerosTrue.serial 628 1075188895
UMAP_SPARSE_FIT_BITS optimizer-n1024-d2-zerosTrue.serial 629 3214887516
UMAP_SPARSE_FIT_BITS optimizer-n1024-d2-zerosTrue.serial 630 1055768002
UMAP_SPARSE_FIT_BITS optimizer-n1024-d2-zerosTrue.serial 631 1071224637
UMAP_SPARSE_FIT_BITS optimizer-n1024-d2-zerosTrue.serial 632 1057239918
UMAP_SPARSE_FIT_BITS optimizer-n1024-d2-zerosTrue.serial 633 1071070219
UMAP_SPARSE_FIT_BITS optimizer-n1024-d2-zerosTrue.serial 634 1066657867
UMAP_SPARSE_FIT_BITS optimizer-n1024-d2-zerosTrue.serial 635 1076977657
UMAP_SPARSE_FIT_BITS optimizer-n1024-d2-zerosTrue.serial 636 1074967028
UMAP_SPARSE_FIT_BITS optimizer-n1024-d2-zerosTrue.serial 637 1073981779
UMAP_SPARSE_FIT_BITS optimizer-n1024-d2-zerosTrue.serial 638 1083302527
UMAP_SPARSE_FIT_BITS optimizer-n1024-d2-zerosTrue.serial 639 1078937305
UMAP_SPARSE_FIT_BITS optimizer-n1024-d2-zerosTrue.serial 640 1071043326
UMAP_SPARSE_FIT_BITS optimizer-n1024-d2-zerosTrue.serial 641 1069795345
UMAP_SPARSE_FIT_BITS optimizer-n1024-d2-zerosTrue.serial 642 1072468694
UMAP_SPARSE_FIT_BITS optimizer-n1024-d2-zerosTrue.serial 643 1074284205
UMAP_SPARSE_FIT_BITS optimizer-n1024-d2-zerosTrue.serial 644 1069965564
UMAP_SPARSE_FIT_BITS optimizer-n1024-d2-zerosTrue.serial 645 1055974284
UMAP_SPARSE_FIT_BITS optimizer-n1024-d2-zerosTrue.serial 646 1077658686
UMAP_SPARSE_FIT_BITS optimizer-n1024-d2-zerosTrue.serial 647 1065325410
UMAP_SPARSE_FIT_BITS optimizer-n1024-d2-zerosTrue.serial 648 1064489935
UMAP_SPARSE_FIT_BITS optimizer-n1024-d2-zerosTrue.serial 649 1076594340
UMAP_SPARSE_FIT_BITS optimizer-n1024-d2-zerosTrue.serial 650 1049765512
UMAP_SPARSE_FIT_BITS optimizer-n1024-d2-zerosTrue.serial 651 1076834817
UMAP_SPARSE_FIT_BITS optimizer-n1024-d2-zerosTrue.serial 652 1053646058
UMAP_SPARSE_FIT_BITS optimizer-n1024-d2-zerosTrue.serial 653 1075308565
UMAP_SPARSE_FIT_BITS optimizer-n1024-d2-zerosTrue.serial 654 1048433602
UMAP_SPARSE_FIT_BITS optimizer-n1024-d2-zerosTrue.serial 655 1051269651
UMAP_SPARSE_FIT_BITS optimizer-n1024-d2-zerosTrue.serial 656 1035713814
UMAP_SPARSE_FIT_BITS optimizer-n1024-d2-zerosTrue.serial 657 1058205575
UMAP_SPARSE_FIT_BITS optimizer-n1024-d2-zerosTrue.serial 658 1030155647
UMAP_SPARSE_FIT_BITS optimizer-n1024-d2-zerosTrue.serial 659 1051862088
UMAP_SPARSE_FIT_BITS optimizer-n1024-d2-zerosTrue.serial 660 1038870046
UMAP_SPARSE_FIT_BITS optimizer-n1024-d2-zerosTrue.serial 661 1056693209
UMAP_SPARSE_FIT_BITS optimizer-n1024-d2-zerosTrue.serial 662 1052682598
UMAP_SPARSE_FIT_BITS optimizer-n1024-d2-zerosTrue.serial 663 1057821420
UMAP_SPARSE_FIT_BITS optimizer-n1024-d2-zerosTrue.serial 664 1066849769
UMAP_SPARSE_FIT_BITS optimizer-n1024-d2-zerosTrue.serial 665 1068901240
UMAP_SPARSE_FIT_BITS optimizer-n1024-d2-zerosTrue.serial 666 1073876337
UMAP_SPARSE_FIT_BITS optimizer-n1024-d2-zerosTrue.serial 667 1071733547
UMAP_SPARSE_FIT_BITS optimizer-n1024-d2-zerosTrue.serial 668 1074537885
UMAP_SPARSE_FIT_BITS optimizer-n1024-d2-zerosTrue.serial 669 1070035608
UMAP_SPARSE_FIT_BITS optimizer-n1024-d2-zerosTrue.serial 670 1070889593
UMAP_SPARSE_FIT_BITS optimizer-n1024-d2-zerosTrue.serial 671 1075348946
UMAP_SPARSE_FIT_BITS optimizer-n1024-d2-zerosTrue.serial 672 1067480389
UMAP_SPARSE_FIT_BITS optimizer-n1024-d2-zerosTrue.serial 673 1080121375
UMAP_SPARSE_FIT_BITS optimizer-n1024-d2-zerosTrue.serial 674 1062671524
UMAP_SPARSE_FIT_BITS optimizer-n1024-d2-zerosTrue.serial 675 1080345176
UMAP_SPARSE_FIT_BITS optimizer-n1024-d2-zerosTrue.serial 676 1054776304
UMAP_SPARSE_FIT_BITS optimizer-n1024-d2-zerosTrue.serial 677 1082128112
UMAP_SPARSE_FIT_BITS optimizer-n1024-d2-zerosTrue.serial 678 3168361792
UMAP_SPARSE_FIT_BITS optimizer-n1024-d2-zerosTrue.serial 679 1082038104
UMAP_SPARSE_FIT_BITS optimizer-n1024-d2-zerosTrue.serial 680 3208239599
UMAP_SPARSE_FIT_BITS optimizer-n1024-d2-zerosTrue.serial 681 1079931628
UMAP_SPARSE_FIT_BITS optimizer-n1024-d2-zerosTrue.serial 682 1050521008
UMAP_SPARSE_FIT_BITS optimizer-n1024-d2-zerosTrue.serial 683 1077659603
UMAP_SPARSE_FIT_BITS optimizer-n1024-d2-zerosTrue.serial 684 1069149072
UMAP_SPARSE_FIT_BITS optimizer-n1024-d2-zerosTrue.serial 685 1082375767
UMAP_SPARSE_FIT_BITS optimizer-n1024-d2-zerosTrue.serial 686 1066536671
UMAP_SPARSE_FIT_BITS optimizer-n1024-d2-zerosTrue.serial 687 1082559490
UMAP_SPARSE_FIT_BITS optimizer-n1024-d2-zerosTrue.serial 688 1083838757
UMAP_SPARSE_FIT_BITS optimizer-n1024-d2-zerosTrue.serial 689 3221789125
UMAP_SPARSE_FIT_BITS optimizer-n1024-d2-zerosTrue.serial 690 1062131706
UMAP_SPARSE_FIT_BITS optimizer-n1024-d2-zerosTrue.serial 691 3212933334
UMAP_SPARSE_FIT_BITS optimizer-n1024-d2-zerosTrue.serial 692 1058980918
UMAP_SPARSE_FIT_BITS optimizer-n1024-d2-zerosTrue.serial 693 3207066603
UMAP_SPARSE_FIT_BITS optimizer-n1024-d2-zerosTrue.serial 694 1061612748
UMAP_SPARSE_FIT_BITS optimizer-n1024-d2-zerosTrue.serial 695 3196835970
UMAP_SPARSE_FIT_BITS optimizer-n1024-d2-zerosTrue.serial 696 1073706653
UMAP_SPARSE_FIT_BITS optimizer-n1024-d2-zerosTrue.serial 697 1032633178
UMAP_SPARSE_FIT_BITS optimizer-n1024-d2-zerosTrue.serial 698 1078629080
UMAP_SPARSE_FIT_BITS optimizer-n1024-d2-zerosTrue.serial 699 1048297096
UMAP_SPARSE_FIT_BITS optimizer-n1024-d2-zerosTrue.serial 700 1078882037
UMAP_SPARSE_FIT_BITS optimizer-n1024-d2-zerosTrue.serial 701 1018002456
UMAP_SPARSE_FIT_BITS optimizer-n1024-d2-zerosTrue.serial 702 1073308526
UMAP_SPARSE_FIT_BITS optimizer-n1024-d2-zerosTrue.serial 703 3199139301
UMAP_SPARSE_FIT_BITS optimizer-n1024-d2-zerosTrue.serial 704 1071808307
UMAP_SPARSE_FIT_BITS optimizer-n1024-d2-zerosTrue.serial 705 3202326988
UMAP_SPARSE_FIT_BITS optimizer-n1024-d2-zerosTrue.serial 706 1081134331
UMAP_SPARSE_FIT_BITS optimizer-n1024-d2-zerosTrue.serial 707 1052731764
UMAP_SPARSE_FIT_BITS optimizer-n1024-d2-zerosTrue.serial 708 1081803610
UMAP_SPARSE_FIT_BITS optimizer-n1024-d2-zerosTrue.serial 709 3163464608
UMAP_SPARSE_FIT_BITS optimizer-n1024-d2-zerosTrue.serial 710 1081949772
UMAP_SPARSE_FIT_BITS optimizer-n1024-d2-zerosTrue.serial 711 3204293158
UMAP_SPARSE_FIT_BITS optimizer-n1024-d2-zerosTrue.serial 712 1082164141
UMAP_SPARSE_FIT_BITS optimizer-n1024-d2-zerosTrue.serial 713 3208812103
UMAP_SPARSE_FIT_BITS optimizer-n1024-d2-zerosTrue.serial 714 1080588976
UMAP_SPARSE_FIT_BITS optimizer-n1024-d2-zerosTrue.serial 715 3222068782
UMAP_SPARSE_FIT_BITS optimizer-n1024-d2-zerosTrue.serial 716 1080749978
UMAP_SPARSE_FIT_BITS optimizer-n1024-d2-zerosTrue.serial 717 3222460452
UMAP_SPARSE_FIT_BITS optimizer-n1024-d2-zerosTrue.serial 718 1075438355
UMAP_SPARSE_FIT_BITS optimizer-n1024-d2-zerosTrue.serial 719 3213671483
UMAP_SPARSE_FIT_BITS optimizer-n1024-d2-zerosTrue.serial 720 1076168772
UMAP_SPARSE_FIT_BITS optimizer-n1024-d2-zerosTrue.serial 721 3217849349
UMAP_SPARSE_FIT_BITS optimizer-n1024-d2-zerosTrue.serial 722 1078675682
UMAP_SPARSE_FIT_BITS optimizer-n1024-d2-zerosTrue.serial 723 1073334728
UMAP_SPARSE_FIT_BITS optimizer-n1024-d2-zerosTrue.serial 724 1077979110
UMAP_SPARSE_FIT_BITS optimizer-n1024-d2-zerosTrue.serial 725 1075710023
UMAP_SPARSE_FIT_BITS optimizer-n1024-d2-zerosTrue.serial 726 1078580544
UMAP_SPARSE_FIT_BITS optimizer-n1024-d2-zerosTrue.serial 727 1075618777
UMAP_SPARSE_FIT_BITS optimizer-n1024-d2-zerosTrue.serial 728 1079499348
UMAP_SPARSE_FIT_BITS optimizer-n1024-d2-zerosTrue.serial 729 1077045671
UMAP_SPARSE_FIT_BITS optimizer-n1024-d2-zerosTrue.serial 730 1079075841
UMAP_SPARSE_FIT_BITS optimizer-n1024-d2-zerosTrue.serial 731 1076856647
UMAP_SPARSE_FIT_BITS optimizer-n1024-d2-zerosTrue.serial 732 1079021920
UMAP_SPARSE_FIT_BITS optimizer-n1024-d2-zerosTrue.serial 733 1077112909
UMAP_SPARSE_FIT_BITS optimizer-n1024-d2-zerosTrue.serial 734 1063118831
UMAP_SPARSE_FIT_BITS optimizer-n1024-d2-zerosTrue.serial 735 3216919533
UMAP_SPARSE_FIT_BITS optimizer-n1024-d2-zerosTrue.serial 736 1076495841
UMAP_SPARSE_FIT_BITS optimizer-n1024-d2-zerosTrue.serial 737 3215832417
UMAP_SPARSE_FIT_BITS optimizer-n1024-d2-zerosTrue.serial 738 1074516571
UMAP_SPARSE_FIT_BITS optimizer-n1024-d2-zerosTrue.serial 739 3204593616
UMAP_SPARSE_FIT_BITS optimizer-n1024-d2-zerosTrue.serial 740 1075747958
UMAP_SPARSE_FIT_BITS optimizer-n1024-d2-zerosTrue.serial 741 3205206707
UMAP_SPARSE_FIT_BITS optimizer-n1024-d2-zerosTrue.serial 742 1076556377
UMAP_SPARSE_FIT_BITS optimizer-n1024-d2-zerosTrue.serial 743 1050280293
UMAP_SPARSE_FIT_BITS optimizer-n1024-d2-zerosTrue.serial 744 1076202280
UMAP_SPARSE_FIT_BITS optimizer-n1024-d2-zerosTrue.serial 745 1044172532
UMAP_SPARSE_FIT_BITS optimizer-n1024-d2-zerosTrue.serial 746 3210176700
UMAP_SPARSE_FIT_BITS optimizer-n1024-d2-zerosTrue.serial 747 3220502344
UMAP_SPARSE_FIT_BITS optimizer-n1024-d2-zerosTrue.serial 748 3212989313
UMAP_SPARSE_FIT_BITS optimizer-n1024-d2-zerosTrue.serial 749 3200872606
UMAP_SPARSE_FIT_BITS optimizer-n1024-d2-zerosTrue.serial 750 1058496189
UMAP_SPARSE_FIT_BITS optimizer-n1024-d2-zerosTrue.serial 751 3216363037
UMAP_SPARSE_FIT_BITS optimizer-n1024-d2-zerosTrue.serial 752 1028031776
UMAP_SPARSE_FIT_BITS optimizer-n1024-d2-zerosTrue.serial 753 3207402395
UMAP_SPARSE_FIT_BITS optimizer-n1024-d2-zerosTrue.serial 754 1051611830
UMAP_SPARSE_FIT_BITS optimizer-n1024-d2-zerosTrue.serial 755 3205645380
UMAP_SPARSE_FIT_BITS optimizer-n1024-d2-zerosTrue.serial 756 1073650574
UMAP_SPARSE_FIT_BITS optimizer-n1024-d2-zerosTrue.serial 757 1081987622
UMAP_SPARSE_FIT_BITS optimizer-n1024-d2-zerosTrue.serial 758 1074037004
UMAP_SPARSE_FIT_BITS optimizer-n1024-d2-zerosTrue.serial 759 1082442850
UMAP_SPARSE_FIT_BITS optimizer-n1024-d2-zerosTrue.serial 760 1074499154
UMAP_SPARSE_FIT_BITS optimizer-n1024-d2-zerosTrue.serial 761 1083699916
UMAP_SPARSE_FIT_BITS optimizer-n1024-d2-zerosTrue.serial 762 1075712725
UMAP_SPARSE_FIT_BITS optimizer-n1024-d2-zerosTrue.serial 763 1080376523
UMAP_SPARSE_FIT_BITS optimizer-n1024-d2-zerosTrue.serial 764 1071571409
UMAP_SPARSE_FIT_BITS optimizer-n1024-d2-zerosTrue.serial 765 1078812713
UMAP_SPARSE_FIT_BITS optimizer-n1024-d2-zerosTrue.serial 766 1060003288
UMAP_SPARSE_FIT_BITS optimizer-n1024-d2-zerosTrue.serial 767 1078873228
UMAP_SPARSE_FIT_BITS optimizer-n1024-d2-zerosTrue.serial 768 3185482432
UMAP_SPARSE_FIT_BITS optimizer-n1024-d2-zerosTrue.serial 769 1081365084
UMAP_SPARSE_FIT_BITS optimizer-n1024-d2-zerosTrue.serial 770 3199017642
UMAP_SPARSE_FIT_BITS optimizer-n1024-d2-zerosTrue.serial 771 1080537201
UMAP_SPARSE_FIT_BITS optimizer-n1024-d2-zerosTrue.serial 772 3179678310
UMAP_SPARSE_FIT_BITS optimizer-n1024-d2-zerosTrue.serial 773 1078969371
UMAP_SPARSE_FIT_BITS optimizer-n1024-d2-zerosTrue.serial 774 1023734990
UMAP_SPARSE_FIT_BITS optimizer-n1024-d2-zerosTrue.serial 775 1078740122
UMAP_SPARSE_FIT_BITS optimizer-n1024-d2-zerosTrue.serial 776 1001008360
UMAP_SPARSE_FIT_BITS optimizer-n1024-d2-zerosTrue.serial 777 1078075266
UMAP_SPARSE_FIT_BITS optimizer-n1024-d2-zerosTrue.serial 778 1016090643
UMAP_SPARSE_FIT_BITS optimizer-n1024-d2-zerosTrue.serial 779 1078598649
UMAP_SPARSE_FIT_BITS optimizer-n1024-d2-zerosTrue.serial 780 1050507843
UMAP_SPARSE_FIT_BITS optimizer-n1024-d2-zerosTrue.serial 781 1077039463
UMAP_SPARSE_FIT_BITS optimizer-n1024-d2-zerosTrue.serial 782 1041720647
UMAP_SPARSE_FIT_BITS optimizer-n1024-d2-zerosTrue.serial 783 1077030398
UMAP_SPARSE_FIT_BITS optimizer-n1024-d2-zerosTrue.serial 784 1078141421
UMAP_SPARSE_FIT_BITS optimizer-n1024-d2-zerosTrue.serial 785 3215574137
UMAP_SPARSE_FIT_BITS optimizer-n1024-d2-zerosTrue.serial 786 1077522611
UMAP_SPARSE_FIT_BITS optimizer-n1024-d2-zerosTrue.serial 787 3213784276
UMAP_SPARSE_FIT_BITS optimizer-n1024-d2-zerosTrue.serial 788 1078508221
UMAP_SPARSE_FIT_BITS optimizer-n1024-d2-zerosTrue.serial 789 3208433439
UMAP_SPARSE_FIT_BITS optimizer-n1024-d2-zerosTrue.serial 790 1074896797
UMAP_SPARSE_FIT_BITS optimizer-n1024-d2-zerosTrue.serial 791 1035211184
UMAP_SPARSE_FIT_BITS optimizer-n1024-d2-zerosTrue.serial 792 1073680439
UMAP_SPARSE_FIT_BITS optimizer-n1024-d2-zerosTrue.serial 793 3183784376
UMAP_SPARSE_FIT_BITS optimizer-n1024-d2-zerosTrue.serial 794 1075318567
UMAP_SPARSE_FIT_BITS optimizer-n1024-d2-zerosTrue.serial 795 3200145056
UMAP_SPARSE_FIT_BITS optimizer-n1024-d2-zerosTrue.serial 796 1075500890
UMAP_SPARSE_FIT_BITS optimizer-n1024-d2-zerosTrue.serial 797 3189552900
UMAP_SPARSE_FIT_BITS optimizer-n1024-d2-zerosTrue.serial 798 1080538325
UMAP_SPARSE_FIT_BITS optimizer-n1024-d2-zerosTrue.serial 799 1078595406
UMAP_SPARSE_FIT_BITS optimizer-n1024-d2-zerosTrue.serial 800 1080840630
UMAP_SPARSE_FIT_BITS optimizer-n1024-d2-zerosTrue.serial 801 1078185601
UMAP_SPARSE_FIT_BITS optimizer-n1024-d2-zerosTrue.serial 802 3211535045
UMAP_SPARSE_FIT_BITS optimizer-n1024-d2-zerosTrue.serial 803 3217658498
UMAP_SPARSE_FIT_BITS optimizer-n1024-d2-zerosTrue.serial 804 3202526114
UMAP_SPARSE_FIT_BITS optimizer-n1024-d2-zerosTrue.serial 805 3220947848
UMAP_SPARSE_FIT_BITS optimizer-n1024-d2-zerosTrue.serial 806 1049015981
UMAP_SPARSE_FIT_BITS optimizer-n1024-d2-zerosTrue.serial 807 3219925961
UMAP_SPARSE_FIT_BITS optimizer-n1024-d2-zerosTrue.serial 808 1073129058
UMAP_SPARSE_FIT_BITS optimizer-n1024-d2-zerosTrue.serial 809 1048770806
UMAP_SPARSE_FIT_BITS optimizer-n1024-d2-zerosTrue.serial 810 1074513508
UMAP_SPARSE_FIT_BITS optimizer-n1024-d2-zerosTrue.serial 811 1064410885
UMAP_SPARSE_FIT_BITS optimizer-n1024-d2-zerosTrue.serial 812 1074892113
UMAP_SPARSE_FIT_BITS optimizer-n1024-d2-zerosTrue.serial 813 1070831661
UMAP_SPARSE_FIT_BITS optimizer-n1024-d2-zerosTrue.serial 814 1075734485
UMAP_SPARSE_FIT_BITS optimizer-n1024-d2-zerosTrue.serial 815 1066240070
UMAP_SPARSE_FIT_BITS optimizer-n1024-d2-zerosTrue.serial 816 1076992993
UMAP_SPARSE_FIT_BITS optimizer-n1024-d2-zerosTrue.serial 817 1061851738
UMAP_SPARSE_FIT_BITS optimizer-n1024-d2-zerosTrue.serial 818 1076513950
UMAP_SPARSE_FIT_BITS optimizer-n1024-d2-zerosTrue.serial 819 1061889068
UMAP_SPARSE_FIT_BITS optimizer-n1024-d2-zerosTrue.serial 820 1075695315
UMAP_SPARSE_FIT_BITS optimizer-n1024-d2-zerosTrue.serial 821 1063441474
UMAP_SPARSE_FIT_BITS optimizer-n1024-d2-zerosTrue.serial 822 1070044372
UMAP_SPARSE_FIT_BITS optimizer-n1024-d2-zerosTrue.serial 823 1065894621
UMAP_SPARSE_FIT_BITS optimizer-n1024-d2-zerosTrue.serial 824 1068353283
UMAP_SPARSE_FIT_BITS optimizer-n1024-d2-zerosTrue.serial 825 1065668864
UMAP_SPARSE_FIT_BITS optimizer-n1024-d2-zerosTrue.serial 826 1053082524
UMAP_SPARSE_FIT_BITS optimizer-n1024-d2-zerosTrue.serial 827 3196861645
UMAP_SPARSE_FIT_BITS optimizer-n1024-d2-zerosTrue.serial 828 1046944069
UMAP_SPARSE_FIT_BITS optimizer-n1024-d2-zerosTrue.serial 829 3206628544
UMAP_SPARSE_FIT_BITS optimizer-n1024-d2-zerosTrue.serial 830 1065249284
UMAP_SPARSE_FIT_BITS optimizer-n1024-d2-zerosTrue.serial 831 3206448183
UMAP_SPARSE_FIT_BITS optimizer-n1024-d2-zerosTrue.serial 832 1064618611
UMAP_SPARSE_FIT_BITS optimizer-n1024-d2-zerosTrue.serial 833 3212173551
UMAP_SPARSE_FIT_BITS optimizer-n1024-d2-zerosTrue.serial 834 1063660654
UMAP_SPARSE_FIT_BITS optimizer-n1024-d2-zerosTrue.serial 835 3206608792
UMAP_SPARSE_FIT_BITS optimizer-n1024-d2-zerosTrue.serial 836 1082995090
UMAP_SPARSE_FIT_BITS optimizer-n1024-d2-zerosTrue.serial 837 3224318481
UMAP_SPARSE_FIT_BITS optimizer-n1024-d2-zerosTrue.serial 838 1067867491
UMAP_SPARSE_FIT_BITS optimizer-n1024-d2-zerosTrue.serial 839 3201341253
UMAP_SPARSE_FIT_BITS optimizer-n1024-d2-zerosTrue.serial 840 1074314100
UMAP_SPARSE_FIT_BITS optimizer-n1024-d2-zerosTrue.serial 841 1052810748
UMAP_SPARSE_FIT_BITS optimizer-n1024-d2-zerosTrue.serial 842 1076566167
UMAP_SPARSE_FIT_BITS optimizer-n1024-d2-zerosTrue.serial 843 1064544456
UMAP_SPARSE_FIT_BITS optimizer-n1024-d2-zerosTrue.serial 844 1076110071
UMAP_SPARSE_FIT_BITS optimizer-n1024-d2-zerosTrue.serial 845 1069483062
UMAP_SPARSE_FIT_BITS optimizer-n1024-d2-zerosTrue.serial 846 1069499017
UMAP_SPARSE_FIT_BITS optimizer-n1024-d2-zerosTrue.serial 847 1073683632
UMAP_SPARSE_FIT_BITS optimizer-n1024-d2-zerosTrue.serial 848 1068408087
UMAP_SPARSE_FIT_BITS optimizer-n1024-d2-zerosTrue.serial 849 1076488114
UMAP_SPARSE_FIT_BITS optimizer-n1024-d2-zerosTrue.serial 850 1067023230
UMAP_SPARSE_FIT_BITS optimizer-n1024-d2-zerosTrue.serial 851 1076105155
UMAP_SPARSE_FIT_BITS optimizer-n1024-d2-zerosTrue.serial 852 1049114485
UMAP_SPARSE_FIT_BITS optimizer-n1024-d2-zerosTrue.serial 853 1076978673
UMAP_SPARSE_FIT_BITS optimizer-n1024-d2-zerosTrue.serial 854 1072123544
UMAP_SPARSE_FIT_BITS optimizer-n1024-d2-zerosTrue.serial 855 1043170256
UMAP_SPARSE_FIT_BITS optimizer-n1024-d2-zerosTrue.serial 856 1074767824
UMAP_SPARSE_FIT_BITS optimizer-n1024-d2-zerosTrue.serial 857 3164369556
UMAP_SPARSE_FIT_BITS optimizer-n1024-d2-zerosTrue.serial 858 1076709209
UMAP_SPARSE_FIT_BITS optimizer-n1024-d2-zerosTrue.serial 859 3192689742
UMAP_SPARSE_FIT_BITS optimizer-n1024-d2-zerosTrue.serial 860 1079159288
UMAP_SPARSE_FIT_BITS optimizer-n1024-d2-zerosTrue.serial 861 3202528855
UMAP_SPARSE_FIT_BITS optimizer-n1024-d2-zerosTrue.serial 862 1077755329
UMAP_SPARSE_FIT_BITS optimizer-n1024-d2-zerosTrue.serial 863 3213138210
UMAP_SPARSE_FIT_BITS optimizer-n1024-d2-zerosTrue.serial 864 1077088665
UMAP_SPARSE_FIT_BITS optimizer-n1024-d2-zerosTrue.serial 865 3213380233
UMAP_SPARSE_FIT_BITS optimizer-n1024-d2-zerosTrue.serial 866 1075672488
UMAP_SPARSE_FIT_BITS optimizer-n1024-d2-zerosTrue.serial 867 3214472684
UMAP_SPARSE_FIT_BITS optimizer-n1024-d2-zerosTrue.serial 868 1075116979
UMAP_SPARSE_FIT_BITS optimizer-n1024-d2-zerosTrue.serial 869 3214559384
UMAP_SPARSE_FIT_BITS optimizer-n1024-d2-zerosTrue.serial 870 1076834072
UMAP_SPARSE_FIT_BITS optimizer-n1024-d2-zerosTrue.serial 871 3211355714
UMAP_SPARSE_FIT_BITS optimizer-n1024-d2-zerosTrue.serial 872 1080884276
UMAP_SPARSE_FIT_BITS optimizer-n1024-d2-zerosTrue.serial 873 1045386025
UMAP_SPARSE_FIT_BITS optimizer-n1024-d2-zerosTrue.serial 874 1079759259
UMAP_SPARSE_FIT_BITS optimizer-n1024-d2-zerosTrue.serial 875 1046501276
UMAP_SPARSE_FIT_BITS optimizer-n1024-d2-zerosTrue.serial 876 1075518098
UMAP_SPARSE_FIT_BITS optimizer-n1024-d2-zerosTrue.serial 877 1060738787
UMAP_SPARSE_FIT_BITS optimizer-n1024-d2-zerosTrue.serial 878 1073658855
UMAP_SPARSE_FIT_BITS optimizer-n1024-d2-zerosTrue.serial 879 1049509114
UMAP_SPARSE_FIT_BITS optimizer-n1024-d2-zerosTrue.serial 880 1066695745
UMAP_SPARSE_FIT_BITS optimizer-n1024-d2-zerosTrue.serial 881 3206542174
UMAP_SPARSE_FIT_BITS optimizer-n1024-d2-zerosTrue.serial 882 3177906850
UMAP_SPARSE_FIT_BITS optimizer-n1024-d2-zerosTrue.serial 883 3221220012
UMAP_SPARSE_FIT_BITS optimizer-n1024-d2-zerosTrue.serial 884 3208474060
UMAP_SPARSE_FIT_BITS optimizer-n1024-d2-zerosTrue.serial 885 3225177613
UMAP_SPARSE_FIT_BITS optimizer-n1024-d2-zerosTrue.serial 886 1064667748
UMAP_SPARSE_FIT_BITS optimizer-n1024-d2-zerosTrue.serial 887 3216212431
UMAP_SPARSE_FIT_BITS optimizer-n1024-d2-zerosTrue.serial 888 1070439818
UMAP_SPARSE_FIT_BITS optimizer-n1024-d2-zerosTrue.serial 889 3222252929
UMAP_SPARSE_FIT_BITS optimizer-n1024-d2-zerosTrue.serial 890 1069048025
UMAP_SPARSE_FIT_BITS optimizer-n1024-d2-zerosTrue.serial 891 3221985533
UMAP_SPARSE_FIT_BITS optimizer-n1024-d2-zerosTrue.serial 892 1069190506
UMAP_SPARSE_FIT_BITS optimizer-n1024-d2-zerosTrue.serial 893 3219343340
UMAP_SPARSE_FIT_BITS optimizer-n1024-d2-zerosTrue.serial 894 1066684833
UMAP_SPARSE_FIT_BITS optimizer-n1024-d2-zerosTrue.serial 895 3216295336
UMAP_SPARSE_FIT_BITS optimizer-n1024-d2-zerosTrue.serial 896 1064963633
UMAP_SPARSE_FIT_BITS optimizer-n1024-d2-zerosTrue.serial 897 3221928499
UMAP_SPARSE_FIT_BITS optimizer-n1024-d2-zerosTrue.serial 898 1067521200
UMAP_SPARSE_FIT_BITS optimizer-n1024-d2-zerosTrue.serial 899 3218696958
UMAP_SPARSE_FIT_BITS optimizer-n1024-d2-zerosTrue.serial 900 1067169058
UMAP_SPARSE_FIT_BITS optimizer-n1024-d2-zerosTrue.serial 901 3198738828
UMAP_SPARSE_FIT_BITS optimizer-n1024-d2-zerosTrue.serial 902 1063955932
UMAP_SPARSE_FIT_BITS optimizer-n1024-d2-zerosTrue.serial 903 3212134552
UMAP_SPARSE_FIT_BITS optimizer-n1024-d2-zerosTrue.serial 904 1065407720
UMAP_SPARSE_FIT_BITS optimizer-n1024-d2-zerosTrue.serial 905 3215128234
UMAP_SPARSE_FIT_BITS optimizer-n1024-d2-zerosTrue.serial 906 1058723477
UMAP_SPARSE_FIT_BITS optimizer-n1024-d2-zerosTrue.serial 907 3217356380
UMAP_SPARSE_FIT_BITS optimizer-n1024-d2-zerosTrue.serial 908 1066183421
UMAP_SPARSE_FIT_BITS optimizer-n1024-d2-zerosTrue.serial 909 3215989323
UMAP_SPARSE_FIT_BITS optimizer-n1024-d2-zerosTrue.serial 910 1061874467
UMAP_SPARSE_FIT_BITS optimizer-n1024-d2-zerosTrue.serial 911 3213257082
UMAP_SPARSE_FIT_BITS optimizer-n1024-d2-zerosTrue.serial 912 1057257779
UMAP_SPARSE_FIT_BITS optimizer-n1024-d2-zerosTrue.serial 913 1074271287
UMAP_SPARSE_FIT_BITS optimizer-n1024-d2-zerosTrue.serial 914 1068598819
UMAP_SPARSE_FIT_BITS optimizer-n1024-d2-zerosTrue.serial 915 3214863324
UMAP_SPARSE_FIT_BITS optimizer-n1024-d2-zerosTrue.serial 916 3200686788
UMAP_SPARSE_FIT_BITS optimizer-n1024-d2-zerosTrue.serial 917 3227760144
UMAP_SPARSE_FIT_BITS optimizer-n1024-d2-zerosTrue.serial 918 3197240262
UMAP_SPARSE_FIT_BITS optimizer-n1024-d2-zerosTrue.serial 919 3219350825
UMAP_SPARSE_FIT_BITS optimizer-n1024-d2-zerosTrue.serial 920 3196801333
UMAP_SPARSE_FIT_BITS optimizer-n1024-d2-zerosTrue.serial 921 3216270427
UMAP_SPARSE_FIT_BITS optimizer-n1024-d2-zerosTrue.serial 922 1050338385
UMAP_SPARSE_FIT_BITS optimizer-n1024-d2-zerosTrue.serial 923 3216801160
UMAP_SPARSE_FIT_BITS optimizer-n1024-d2-zerosTrue.serial 924 1082808590
UMAP_SPARSE_FIT_BITS optimizer-n1024-d2-zerosTrue.serial 925 1074373421
UMAP_SPARSE_FIT_BITS optimizer-n1024-d2-zerosTrue.serial 926 3220788447
UMAP_SPARSE_FIT_BITS optimizer-n1024-d2-zerosTrue.serial 927 1053352752
UMAP_SPARSE_FIT_BITS optimizer-n1024-d2-zerosTrue.serial 928 3223046867
UMAP_SPARSE_FIT_BITS optimizer-n1024-d2-zerosTrue.serial 929 1057851578
UMAP_SPARSE_FIT_BITS optimizer-n1024-d2-zerosTrue.serial 930 3226365828
UMAP_SPARSE_FIT_BITS optimizer-n1024-d2-zerosTrue.serial 931 1063568221
UMAP_SPARSE_FIT_BITS optimizer-n1024-d2-zerosTrue.serial 932 1063457586
UMAP_SPARSE_FIT_BITS optimizer-n1024-d2-zerosTrue.serial 933 3189275612
UMAP_SPARSE_FIT_BITS optimizer-n1024-d2-zerosTrue.serial 934 1033352446
UMAP_SPARSE_FIT_BITS optimizer-n1024-d2-zerosTrue.serial 935 3197244638
UMAP_SPARSE_FIT_BITS optimizer-n1024-d2-zerosTrue.serial 936 3161423376
UMAP_SPARSE_FIT_BITS optimizer-n1024-d2-zerosTrue.serial 937 3195129725
UMAP_SPARSE_FIT_BITS optimizer-n1024-d2-zerosTrue.serial 938 1034009295
UMAP_SPARSE_FIT_BITS optimizer-n1024-d2-zerosTrue.serial 939 1055317164
UMAP_SPARSE_FIT_BITS optimizer-n1024-d2-zerosTrue.serial 940 1076375302
UMAP_SPARSE_FIT_BITS optimizer-n1024-d2-zerosTrue.serial 941 1062013192
UMAP_SPARSE_FIT_BITS optimizer-n1024-d2-zerosTrue.serial 942 1077070265
UMAP_SPARSE_FIT_BITS optimizer-n1024-d2-zerosTrue.serial 943 1067049943
UMAP_SPARSE_FIT_BITS optimizer-n1024-d2-zerosTrue.serial 944 1077149462
UMAP_SPARSE_FIT_BITS optimizer-n1024-d2-zerosTrue.serial 945 1073240892
UMAP_SPARSE_FIT_BITS optimizer-n1024-d2-zerosTrue.serial 946 1077647432
UMAP_SPARSE_FIT_BITS optimizer-n1024-d2-zerosTrue.serial 947 1073903838
UMAP_SPARSE_FIT_BITS optimizer-n1024-d2-zerosTrue.serial 948 1076308497
UMAP_SPARSE_FIT_BITS optimizer-n1024-d2-zerosTrue.serial 949 1074459738
UMAP_SPARSE_FIT_BITS optimizer-n1024-d2-zerosTrue.serial 950 1078275064
UMAP_SPARSE_FIT_BITS optimizer-n1024-d2-zerosTrue.serial 951 1076416697
UMAP_SPARSE_FIT_BITS optimizer-n1024-d2-zerosTrue.serial 952 1071471929
UMAP_SPARSE_FIT_BITS optimizer-n1024-d2-zerosTrue.serial 953 1075833704
UMAP_SPARSE_FIT_BITS optimizer-n1024-d2-zerosTrue.serial 954 1075471241
UMAP_SPARSE_FIT_BITS optimizer-n1024-d2-zerosTrue.serial 955 1075127424
UMAP_SPARSE_FIT_BITS optimizer-n1024-d2-zerosTrue.serial 956 1080861184
UMAP_SPARSE_FIT_BITS optimizer-n1024-d2-zerosTrue.serial 957 1048670665
UMAP_SPARSE_FIT_BITS optimizer-n1024-d2-zerosTrue.serial 958 1080604759
UMAP_SPARSE_FIT_BITS optimizer-n1024-d2-zerosTrue.serial 959 1053438724
UMAP_SPARSE_FIT_BITS optimizer-n1024-d2-zerosTrue.serial 960 3215234822
UMAP_SPARSE_FIT_BITS optimizer-n1024-d2-zerosTrue.serial 961 1068177869
UMAP_SPARSE_FIT_BITS optimizer-n1024-d2-zerosTrue.serial 962 3213683721
UMAP_SPARSE_FIT_BITS optimizer-n1024-d2-zerosTrue.serial 963 1067205037
UMAP_SPARSE_FIT_BITS optimizer-n1024-d2-zerosTrue.serial 964 3209224532
UMAP_SPARSE_FIT_BITS optimizer-n1024-d2-zerosTrue.serial 965 3221116736
UMAP_SPARSE_FIT_BITS optimizer-n1024-d2-zerosTrue.serial 966 3200506394
UMAP_SPARSE_FIT_BITS optimizer-n1024-d2-zerosTrue.serial 967 3221424640
UMAP_SPARSE_FIT_BITS optimizer-n1024-d2-zerosTrue.serial 968 3202624040
UMAP_SPARSE_FIT_BITS optimizer-n1024-d2-zerosTrue.serial 969 3221369442
UMAP_SPARSE_FIT_BITS optimizer-n1024-d2-zerosTrue.serial 970 1082150545
UMAP_SPARSE_FIT_BITS optimizer-n1024-d2-zerosTrue.serial 971 1056297164
UMAP_SPARSE_FIT_BITS optimizer-n1024-d2-zerosTrue.serial 972 1084319146
UMAP_SPARSE_FIT_BITS optimizer-n1024-d2-zerosTrue.serial 973 3190680079
UMAP_SPARSE_FIT_BITS optimizer-n1024-d2-zerosTrue.serial 974 1083135811
UMAP_SPARSE_FIT_BITS optimizer-n1024-d2-zerosTrue.serial 975 1066230204
UMAP_SPARSE_FIT_BITS optimizer-n1024-d2-zerosTrue.serial 976 1080895541
UMAP_SPARSE_FIT_BITS optimizer-n1024-d2-zerosTrue.serial 977 1071255967
UMAP_SPARSE_FIT_BITS optimizer-n1024-d2-zerosTrue.serial 978 1062165260
UMAP_SPARSE_FIT_BITS optimizer-n1024-d2-zerosTrue.serial 979 3224823188
UMAP_SPARSE_FIT_BITS optimizer-n1024-d2-zerosTrue.serial 980 1080691652
UMAP_SPARSE_FIT_BITS optimizer-n1024-d2-zerosTrue.serial 981 3181870974
UMAP_SPARSE_FIT_BITS optimizer-n1024-d2-zerosTrue.serial 982 1081485701
UMAP_SPARSE_FIT_BITS optimizer-n1024-d2-zerosTrue.serial 983 3158111904
UMAP_SPARSE_FIT_BITS optimizer-n1024-d2-zerosTrue.serial 984 1075090996
UMAP_SPARSE_FIT_BITS optimizer-n1024-d2-zerosTrue.serial 985 1078386159
UMAP_SPARSE_FIT_BITS optimizer-n1024-d2-zerosTrue.serial 986 1077861992
UMAP_SPARSE_FIT_BITS optimizer-n1024-d2-zerosTrue.serial 987 1078663660
UMAP_SPARSE_FIT_BITS optimizer-n1024-d2-zerosTrue.serial 988 1077743005
UMAP_SPARSE_FIT_BITS optimizer-n1024-d2-zerosTrue.serial 989 1076765871
UMAP_SPARSE_FIT_BITS optimizer-n1024-d2-zerosTrue.serial 990 1074071148
UMAP_SPARSE_FIT_BITS optimizer-n1024-d2-zerosTrue.serial 991 1077698932
UMAP_SPARSE_FIT_BITS optimizer-n1024-d2-zerosTrue.serial 992 1072151877
UMAP_SPARSE_FIT_BITS optimizer-n1024-d2-zerosTrue.serial 993 1078113783
UMAP_SPARSE_FIT_BITS optimizer-n1024-d2-zerosTrue.serial 994 3201359688
UMAP_SPARSE_FIT_BITS optimizer-n1024-d2-zerosTrue.serial 995 1079122198
UMAP_SPARSE_FIT_BITS optimizer-n1024-d2-zerosTrue.serial 996 3194105210
UMAP_SPARSE_FIT_BITS optimizer-n1024-d2-zerosTrue.serial 997 1076932304
UMAP_SPARSE_FIT_BITS optimizer-n1024-d2-zerosTrue.serial 998 1042173430
UMAP_SPARSE_FIT_BITS optimizer-n1024-d2-zerosTrue.serial 999 1075626474
UMAP_SPARSE_FIT_BITS optimizer-n1024-d2-zerosTrue.serial 1000 1049709183
UMAP_SPARSE_FIT_BITS optimizer-n1024-d2-zerosTrue.serial 1001 1075909365
UMAP_SPARSE_FIT_BITS optimizer-n1024-d2-zerosTrue.serial 1002 1078566956
UMAP_SPARSE_FIT_BITS optimizer-n1024-d2-zerosTrue.serial 1003 1063536490
UMAP_SPARSE_FIT_BITS optimizer-n1024-d2-zerosTrue.serial 1004 1081695339
UMAP_SPARSE_FIT_BITS optimizer-n1024-d2-zerosTrue.serial 1005 3194285737
UMAP_SPARSE_FIT_BITS optimizer-n1024-d2-zerosTrue.serial 1006 1082056787
UMAP_SPARSE_FIT_BITS optimizer-n1024-d2-zerosTrue.serial 1007 3198311516
UMAP_SPARSE_FIT_BITS optimizer-n1024-d2-zerosTrue.serial 1008 1082470556
UMAP_SPARSE_FIT_BITS optimizer-n1024-d2-zerosTrue.serial 1009 3212853324
UMAP_SPARSE_FIT_BITS optimizer-n1024-d2-zerosTrue.serial 1010 1084547934
UMAP_SPARSE_FIT_BITS optimizer-n1024-d2-zerosTrue.serial 1011 3196515659
UMAP_SPARSE_FIT_BITS optimizer-n1024-d2-zerosTrue.serial 1012 1082964305
UMAP_SPARSE_FIT_BITS optimizer-n1024-d2-zerosTrue.serial 1013 3218559507
UMAP_SPARSE_FIT_BITS optimizer-n1024-d2-zerosTrue.serial 1014 1082245239
UMAP_SPARSE_FIT_BITS optimizer-n1024-d2-zerosTrue.serial 1015 3218322575
UMAP_SPARSE_FIT_BITS optimizer-n1024-d2-zerosTrue.serial 1016 1082236624
UMAP_SPARSE_FIT_BITS optimizer-n1024-d2-zerosTrue.serial 1017 3219128974
UMAP_SPARSE_FIT_BITS optimizer-n1024-d2-zerosTrue.serial 1018 1081005967
UMAP_SPARSE_FIT_BITS optimizer-n1024-d2-zerosTrue.serial 1019 3218793384
UMAP_SPARSE_FIT_BITS optimizer-n1024-d2-zerosTrue.serial 1020 1071347454
UMAP_SPARSE_FIT_BITS optimizer-n1024-d2-zerosTrue.serial 1021 3211512646
UMAP_SPARSE_FIT_BITS optimizer-n1024-d2-zerosTrue.serial 1022 1054540578
UMAP_SPARSE_FIT_BITS optimizer-n1024-d2-zerosTrue.serial 1023 3174076736
UMAP_SPARSE_FIT_BITS optimizer-n1024-d2-zerosTrue.serial 1024 3214418638
UMAP_SPARSE_FIT_BITS optimizer-n1024-d2-zerosTrue.serial 1025 1055619827
UMAP_SPARSE_FIT_BITS optimizer-n1024-d2-zerosTrue.serial 1026 3211568221
UMAP_SPARSE_FIT_BITS optimizer-n1024-d2-zerosTrue.serial 1027 1061798365
UMAP_SPARSE_FIT_BITS optimizer-n1024-d2-zerosTrue.serial 1028 3220817240
UMAP_SPARSE_FIT_BITS optimizer-n1024-d2-zerosTrue.serial 1029 3206596477
UMAP_SPARSE_FIT_BITS optimizer-n1024-d2-zerosTrue.serial 1030 1066276168
UMAP_SPARSE_FIT_BITS optimizer-n1024-d2-zerosTrue.serial 1031 1075457180
UMAP_SPARSE_FIT_BITS optimizer-n1024-d2-zerosTrue.serial 1032 1067942685
UMAP_SPARSE_FIT_BITS optimizer-n1024-d2-zerosTrue.serial 1033 1078297460
UMAP_SPARSE_FIT_BITS optimizer-n1024-d2-zerosTrue.serial 1034 1068085240
UMAP_SPARSE_FIT_BITS optimizer-n1024-d2-zerosTrue.serial 1035 1078195021
UMAP_SPARSE_FIT_BITS optimizer-n1024-d2-zerosTrue.serial 1036 1066070881
UMAP_SPARSE_FIT_BITS optimizer-n1024-d2-zerosTrue.serial 1037 1078819142
UMAP_SPARSE_FIT_BITS optimizer-n1024-d2-zerosTrue.serial 1038 1065735618
UMAP_SPARSE_FIT_BITS optimizer-n1024-d2-zerosTrue.serial 1039 1078683743
UMAP_SPARSE_FIT_BITS optimizer-n1024-d2-zerosTrue.serial 1040 1067320184
UMAP_SPARSE_FIT_BITS optimizer-n1024-d2-zerosTrue.serial 1041 1077801802
UMAP_SPARSE_FIT_BITS optimizer-n1024-d2-zerosTrue.serial 1042 1082083950
UMAP_SPARSE_FIT_BITS optimizer-n1024-d2-zerosTrue.serial 1043 3216015451
UMAP_SPARSE_FIT_BITS optimizer-n1024-d2-zerosTrue.serial 1044 1079886991
UMAP_SPARSE_FIT_BITS optimizer-n1024-d2-zerosTrue.serial 1045 3213253293
UMAP_SPARSE_FIT_BITS optimizer-n1024-d2-zerosTrue.serial 1046 1080606478
UMAP_SPARSE_FIT_BITS optimizer-n1024-d2-zerosTrue.serial 1047 1062339824
UMAP_SPARSE_FIT_BITS optimizer-n1024-d2-zerosTrue.serial 1048 1079447936
UMAP_SPARSE_FIT_BITS optimizer-n1024-d2-zerosTrue.serial 1049 1064305265
UMAP_SPARSE_FIT_BITS optimizer-n1024-d2-zerosTrue.serial 1050 1079334476
UMAP_SPARSE_FIT_BITS optimizer-n1024-d2-zerosTrue.serial 1051 1069838188
UMAP_SPARSE_FIT_BITS optimizer-n1024-d2-zerosTrue.serial 1052 1078406563
UMAP_SPARSE_FIT_BITS optimizer-n1024-d2-zerosTrue.serial 1053 1075110667
UMAP_SPARSE_FIT_BITS optimizer-n1024-d2-zerosTrue.serial 1054 1059136098
UMAP_SPARSE_FIT_BITS optimizer-n1024-d2-zerosTrue.serial 1055 3155207652
UMAP_SPARSE_FIT_BITS optimizer-n1024-d2-zerosTrue.serial 1056 1074561195
UMAP_SPARSE_FIT_BITS optimizer-n1024-d2-zerosTrue.serial 1057 3183769288
UMAP_SPARSE_FIT_BITS optimizer-n1024-d2-zerosTrue.serial 1058 1072822745
UMAP_SPARSE_FIT_BITS optimizer-n1024-d2-zerosTrue.serial 1059 3205875626
UMAP_SPARSE_FIT_BITS optimizer-n1024-d2-zerosTrue.serial 1060 1067826606
UMAP_SPARSE_FIT_BITS optimizer-n1024-d2-zerosTrue.serial 1061 3214361796
UMAP_SPARSE_FIT_BITS optimizer-n1024-d2-zerosTrue.serial 1062 1076966012
UMAP_SPARSE_FIT_BITS optimizer-n1024-d2-zerosTrue.serial 1063 1058714376
UMAP_SPARSE_FIT_BITS optimizer-n1024-d2-zerosTrue.serial 1064 1077289421
UMAP_SPARSE_FIT_BITS optimizer-n1024-d2-zerosTrue.serial 1065 1051635910
UMAP_SPARSE_FIT_BITS optimizer-n1024-d2-zerosTrue.serial 1066 1078202021
UMAP_SPARSE_FIT_BITS optimizer-n1024-d2-zerosTrue.serial 1067 1050793129
UMAP_SPARSE_FIT_BITS optimizer-n1024-d2-zerosTrue.serial 1068 1076927152
UMAP_SPARSE_FIT_BITS optimizer-n1024-d2-zerosTrue.serial 1069 1058651284
UMAP_SPARSE_FIT_BITS optimizer-n1024-d2-zerosTrue.serial 1070 1076566706
UMAP_SPARSE_FIT_BITS optimizer-n1024-d2-zerosTrue.serial 1071 1067925989
UMAP_SPARSE_FIT_BITS optimizer-n1024-d2-zerosTrue.serial 1072 1075803233
UMAP_SPARSE_FIT_BITS optimizer-n1024-d2-zerosTrue.serial 1073 1076433483
UMAP_SPARSE_FIT_BITS optimizer-n1024-d2-zerosTrue.serial 1074 1077507427
UMAP_SPARSE_FIT_BITS optimizer-n1024-d2-zerosTrue.serial 1075 1075481024
UMAP_SPARSE_FIT_BITS optimizer-n1024-d2-zerosTrue.serial 1076 1073290884
UMAP_SPARSE_FIT_BITS optimizer-n1024-d2-zerosTrue.serial 1077 1045207994
UMAP_SPARSE_FIT_BITS optimizer-n1024-d2-zerosTrue.serial 1078 1076077273
UMAP_SPARSE_FIT_BITS optimizer-n1024-d2-zerosTrue.serial 1079 1057140884
UMAP_SPARSE_FIT_BITS optimizer-n1024-d2-zerosTrue.serial 1080 1074371696
UMAP_SPARSE_FIT_BITS optimizer-n1024-d2-zerosTrue.serial 1081 3166751976
UMAP_SPARSE_FIT_BITS optimizer-n1024-d2-zerosTrue.serial 1082 1078309064
UMAP_SPARSE_FIT_BITS optimizer-n1024-d2-zerosTrue.serial 1083 1060439146
UMAP_SPARSE_FIT_BITS optimizer-n1024-d2-zerosTrue.serial 1084 1077815736
UMAP_SPARSE_FIT_BITS optimizer-n1024-d2-zerosTrue.serial 1085 1065614569
UMAP_SPARSE_FIT_BITS optimizer-n1024-d2-zerosTrue.serial 1086 1082257093
UMAP_SPARSE_FIT_BITS optimizer-n1024-d2-zerosTrue.serial 1087 1072503442
UMAP_SPARSE_FIT_BITS optimizer-n1024-d2-zerosTrue.serial 1088 1079673993
UMAP_SPARSE_FIT_BITS optimizer-n1024-d2-zerosTrue.serial 1089 3213211567
UMAP_SPARSE_FIT_BITS optimizer-n1024-d2-zerosTrue.serial 1090 1057907583
UMAP_SPARSE_FIT_BITS optimizer-n1024-d2-zerosTrue.serial 1091 1074799336
UMAP_SPARSE_FIT_BITS optimizer-n1024-d2-zerosTrue.serial 1092 1040772694
UMAP_SPARSE_FIT_BITS optimizer-n1024-d2-zerosTrue.serial 1093 1066450434
UMAP_SPARSE_FIT_BITS optimizer-n1024-d2-zerosTrue.serial 1094 1038078410
UMAP_SPARSE_FIT_BITS optimizer-n1024-d2-zerosTrue.serial 1095 1069663896
UMAP_SPARSE_FIT_BITS optimizer-n1024-d2-zerosTrue.serial 1096 3196228538
UMAP_SPARSE_FIT_BITS optimizer-n1024-d2-zerosTrue.serial 1097 1074298298
UMAP_SPARSE_FIT_BITS optimizer-n1024-d2-zerosTrue.serial 1098 3196986001
UMAP_SPARSE_FIT_BITS optimizer-n1024-d2-zerosTrue.serial 1099 1073114126
UMAP_SPARSE_FIT_BITS optimizer-n1024-d2-zerosTrue.serial 1100 3198632007
UMAP_SPARSE_FIT_BITS optimizer-n1024-d2-zerosTrue.serial 1101 1067429288
UMAP_SPARSE_FIT_BITS optimizer-n1024-d2-zerosTrue.serial 1102 1046802584
UMAP_SPARSE_FIT_BITS optimizer-n1024-d2-zerosTrue.serial 1103 3211408624
UMAP_SPARSE_FIT_BITS optimizer-n1024-d2-zerosTrue.serial 1104 1043082822
UMAP_SPARSE_FIT_BITS optimizer-n1024-d2-zerosTrue.serial 1105 3200640510
UMAP_SPARSE_FIT_BITS optimizer-n1024-d2-zerosTrue.serial 1106 3184095266
UMAP_SPARSE_FIT_BITS optimizer-n1024-d2-zerosTrue.serial 1107 3205370708
UMAP_SPARSE_FIT_BITS optimizer-n1024-d2-zerosTrue.serial 1108 3199234931
UMAP_SPARSE_FIT_BITS optimizer-n1024-d2-zerosTrue.serial 1109 3205355386
UMAP_SPARSE_FIT_BITS optimizer-n1024-d2-zerosTrue.serial 1110 3215372103
UMAP_SPARSE_FIT_BITS optimizer-n1024-d2-zerosTrue.serial 1111 3209716364
UMAP_SPARSE_FIT_BITS optimizer-n1024-d2-zerosTrue.serial 1112 3216067673
UMAP_SPARSE_FIT_BITS optimizer-n1024-d2-zerosTrue.serial 1113 3209206165
UMAP_SPARSE_FIT_BITS optimizer-n1024-d2-zerosTrue.serial 1114 3215023945
UMAP_SPARSE_FIT_BITS optimizer-n1024-d2-zerosTrue.serial 1115 3201538914
UMAP_SPARSE_FIT_BITS optimizer-n1024-d2-zerosTrue.serial 1116 3213568678
UMAP_SPARSE_FIT_BITS optimizer-n1024-d2-zerosTrue.serial 1117 3177681516
UMAP_SPARSE_FIT_BITS optimizer-n1024-d2-zerosTrue.serial 1118 3213851965
UMAP_SPARSE_FIT_BITS optimizer-n1024-d2-zerosTrue.serial 1119 1052228369
UMAP_SPARSE_FIT_BITS optimizer-n1024-d2-zerosTrue.serial 1120 3212605798
UMAP_SPARSE_FIT_BITS optimizer-n1024-d2-zerosTrue.serial 1121 1049609235
UMAP_SPARSE_FIT_BITS optimizer-n1024-d2-zerosTrue.serial 1122 3210191234
UMAP_SPARSE_FIT_BITS optimizer-n1024-d2-zerosTrue.serial 1123 1053787554
UMAP_SPARSE_FIT_BITS optimizer-n1024-d2-zerosTrue.serial 1124 3197246592
UMAP_SPARSE_FIT_BITS optimizer-n1024-d2-zerosTrue.serial 1125 1038618638
UMAP_SPARSE_FIT_BITS optimizer-n1024-d2-zerosTrue.serial 1126 1041238119
UMAP_SPARSE_FIT_BITS optimizer-n1024-d2-zerosTrue.serial 1127 1058573490
UMAP_SPARSE_FIT_BITS optimizer-n1024-d2-zerosTrue.serial 1128 1081292720
UMAP_SPARSE_FIT_BITS optimizer-n1024-d2-zerosTrue.serial 1129 3222753171
UMAP_SPARSE_FIT_BITS optimizer-n1024-d2-zerosTrue.serial 1130 1063338239
UMAP_SPARSE_FIT_BITS optimizer-n1024-d2-zerosTrue.serial 1131 1059654272
UMAP_SPARSE_FIT_BITS optimizer-n1024-d2-zerosTrue.serial 1132 1061316570
UMAP_SPARSE_FIT_BITS optimizer-n1024-d2-zerosTrue.serial 1133 3214191081
UMAP_SPARSE_FIT_BITS optimizer-n1024-d2-zerosTrue.serial 1134 1076118640
UMAP_SPARSE_FIT_BITS optimizer-n1024-d2-zerosTrue.serial 1135 3214451769
UMAP_SPARSE_FIT_BITS optimizer-n1024-d2-zerosTrue.serial 1136 1067635250
UMAP_SPARSE_FIT_BITS optimizer-n1024-d2-zerosTrue.serial 1137 3187087740
UMAP_SPARSE_FIT_BITS optimizer-n1024-d2-zerosTrue.serial 1138 1066470749
UMAP_SPARSE_FIT_BITS optimizer-n1024-d2-zerosTrue.serial 1139 1050841506
UMAP_SPARSE_FIT_BITS optimizer-n1024-d2-zerosTrue.serial 1140 1043747104
UMAP_SPARSE_FIT_BITS optimizer-n1024-d2-zerosTrue.serial 1141 1064523010
UMAP_SPARSE_FIT_BITS optimizer-n1024-d2-zerosTrue.serial 1142 3218210809
UMAP_SPARSE_FIT_BITS optimizer-n1024-d2-zerosTrue.serial 1143 1077813488
UMAP_SPARSE_FIT_BITS optimizer-n1024-d2-zerosTrue.serial 1144 3207142475
UMAP_SPARSE_FIT_BITS optimizer-n1024-d2-zerosTrue.serial 1145 1078771745
UMAP_SPARSE_FIT_BITS optimizer-n1024-d2-zerosTrue.serial 1146 1071241920
UMAP_SPARSE_FIT_BITS optimizer-n1024-d2-zerosTrue.serial 1147 1069302917
UMAP_SPARSE_FIT_BITS optimizer-n1024-d2-zerosTrue.serial 1148 1066526512
UMAP_SPARSE_FIT_BITS optimizer-n1024-d2-zerosTrue.serial 1149 1068038707
UMAP_SPARSE_FIT_BITS optimizer-n1024-d2-zerosTrue.serial 1150 1066547773
UMAP_SPARSE_FIT_BITS optimizer-n1024-d2-zerosTrue.serial 1151 1064966377
UMAP_SPARSE_FIT_BITS optimizer-n1024-d2-zerosTrue.serial 1152 1062914126
UMAP_SPARSE_FIT_BITS optimizer-n1024-d2-zerosTrue.serial 1153 1060229319
UMAP_SPARSE_FIT_BITS optimizer-n1024-d2-zerosTrue.serial 1154 3198330818
UMAP_SPARSE_FIT_BITS optimizer-n1024-d2-zerosTrue.serial 1155 3210102980
UMAP_SPARSE_FIT_BITS optimizer-n1024-d2-zerosTrue.serial 1156 1054676350
UMAP_SPARSE_FIT_BITS optimizer-n1024-d2-zerosTrue.serial 1157 1075943088
UMAP_SPARSE_FIT_BITS optimizer-n1024-d2-zerosTrue.serial 1158 1065042399
UMAP_SPARSE_FIT_BITS optimizer-n1024-d2-zerosTrue.serial 1159 1079808786
UMAP_SPARSE_FIT_BITS optimizer-n1024-d2-zerosTrue.serial 1160 1073248855
UMAP_SPARSE_FIT_BITS optimizer-n1024-d2-zerosTrue.serial 1161 1075926741
UMAP_SPARSE_FIT_BITS optimizer-n1024-d2-zerosTrue.serial 1162 1071185707
UMAP_SPARSE_FIT_BITS optimizer-n1024-d2-zerosTrue.serial 1163 1075467207
UMAP_SPARSE_FIT_BITS optimizer-n1024-d2-zerosTrue.serial 1164 1070216827
UMAP_SPARSE_FIT_BITS optimizer-n1024-d2-zerosTrue.serial 1165 1075256259
UMAP_SPARSE_FIT_BITS optimizer-n1024-d2-zerosTrue.serial 1166 1065812581
UMAP_SPARSE_FIT_BITS optimizer-n1024-d2-zerosTrue.serial 1167 3204169152
UMAP_SPARSE_FIT_BITS optimizer-n1024-d2-zerosTrue.serial 1168 1074000723
UMAP_SPARSE_FIT_BITS optimizer-n1024-d2-zerosTrue.serial 1169 1068976889
UMAP_SPARSE_FIT_BITS optimizer-n1024-d2-zerosTrue.serial 1170 1071261453
UMAP_SPARSE_FIT_BITS optimizer-n1024-d2-zerosTrue.serial 1171 1058084110
UMAP_SPARSE_FIT_BITS optimizer-n1024-d2-zerosTrue.serial 1172 1046786768
UMAP_SPARSE_FIT_BITS optimizer-n1024-d2-zerosTrue.serial 1173 3205802666
UMAP_SPARSE_FIT_BITS optimizer-n1024-d2-zerosTrue.serial 1174 3201694566
UMAP_SPARSE_FIT_BITS optimizer-n1024-d2-zerosTrue.serial 1175 3208409560
UMAP_SPARSE_FIT_BITS optimizer-n1024-d2-zerosTrue.serial 1176 1024133840
UMAP_SPARSE_FIT_BITS optimizer-n1024-d2-zerosTrue.serial 1177 1062387478
UMAP_SPARSE_FIT_BITS optimizer-n1024-d2-zerosTrue.serial 1178 3183894492
UMAP_SPARSE_FIT_BITS optimizer-n1024-d2-zerosTrue.serial 1179 1061071637
UMAP_SPARSE_FIT_BITS optimizer-n1024-d2-zerosTrue.serial 1180 1030775970
UMAP_SPARSE_FIT_BITS optimizer-n1024-d2-zerosTrue.serial 1181 1060788855
UMAP_SPARSE_FIT_BITS optimizer-n1024-d2-zerosTrue.serial 1182 1076321280
UMAP_SPARSE_FIT_BITS optimizer-n1024-d2-zerosTrue.serial 1183 3194995935
UMAP_SPARSE_FIT_BITS optimizer-n1024-d2-zerosTrue.serial 1184 1077371600
UMAP_SPARSE_FIT_BITS optimizer-n1024-d2-zerosTrue.serial 1185 1046022494
UMAP_SPARSE_FIT_BITS optimizer-n1024-d2-zerosTrue.serial 1186 1076063248
UMAP_SPARSE_FIT_BITS optimizer-n1024-d2-zerosTrue.serial 1187 1060172478
UMAP_SPARSE_FIT_BITS optimizer-n1024-d2-zerosTrue.serial 1188 1069399199
UMAP_SPARSE_FIT_BITS optimizer-n1024-d2-zerosTrue.serial 1189 1070335617
UMAP_SPARSE_FIT_BITS optimizer-n1024-d2-zerosTrue.serial 1190 1066312190
UMAP_SPARSE_FIT_BITS optimizer-n1024-d2-zerosTrue.serial 1191 1070613672
UMAP_SPARSE_FIT_BITS optimizer-n1024-d2-zerosTrue.serial 1192 1064004773
UMAP_SPARSE_FIT_BITS optimizer-n1024-d2-zerosTrue.serial 1193 1072418254
UMAP_SPARSE_FIT_BITS optimizer-n1024-d2-zerosTrue.serial 1194 1059874737
UMAP_SPARSE_FIT_BITS optimizer-n1024-d2-zerosTrue.serial 1195 1071899153
UMAP_SPARSE_FIT_BITS optimizer-n1024-d2-zerosTrue.serial 1196 1059271496
UMAP_SPARSE_FIT_BITS optimizer-n1024-d2-zerosTrue.serial 1197 1077859105
UMAP_SPARSE_FIT_BITS optimizer-n1024-d2-zerosTrue.serial 1198 1072054957
UMAP_SPARSE_FIT_BITS optimizer-n1024-d2-zerosTrue.serial 1199 1080256393
UMAP_SPARSE_FIT_BITS optimizer-n1024-d2-zerosTrue.serial 1200 1068431141
UMAP_SPARSE_FIT_BITS optimizer-n1024-d2-zerosTrue.serial 1201 1078942728
UMAP_SPARSE_FIT_BITS optimizer-n1024-d2-zerosTrue.serial 1202 1066653082
UMAP_SPARSE_FIT_BITS optimizer-n1024-d2-zerosTrue.serial 1203 1076546447
UMAP_SPARSE_FIT_BITS optimizer-n1024-d2-zerosTrue.serial 1204 1064155666
UMAP_SPARSE_FIT_BITS optimizer-n1024-d2-zerosTrue.serial 1205 1076404690
UMAP_SPARSE_FIT_BITS optimizer-n1024-d2-zerosTrue.serial 1206 3213337156
UMAP_SPARSE_FIT_BITS optimizer-n1024-d2-zerosTrue.serial 1207 3212405761
UMAP_SPARSE_FIT_BITS optimizer-n1024-d2-zerosTrue.serial 1208 3215454547
UMAP_SPARSE_FIT_BITS optimizer-n1024-d2-zerosTrue.serial 1209 3211275905
UMAP_SPARSE_FIT_BITS optimizer-n1024-d2-zerosTrue.serial 1210 3217531072
UMAP_SPARSE_FIT_BITS optimizer-n1024-d2-zerosTrue.serial 1211 3220115983
UMAP_SPARSE_FIT_BITS optimizer-n1024-d2-zerosTrue.serial 1212 3217561656
UMAP_SPARSE_FIT_BITS optimizer-n1024-d2-zerosTrue.serial 1213 3220678398
UMAP_SPARSE_FIT_BITS optimizer-n1024-d2-zerosTrue.serial 1214 3218079372
UMAP_SPARSE_FIT_BITS optimizer-n1024-d2-zerosTrue.serial 1215 3218377575
UMAP_SPARSE_FIT_BITS optimizer-n1024-d2-zerosTrue.serial 1216 3204599665
UMAP_SPARSE_FIT_BITS optimizer-n1024-d2-zerosTrue.serial 1217 1010246256
UMAP_SPARSE_FIT_BITS optimizer-n1024-d2-zerosTrue.serial 1218 3204379736
UMAP_SPARSE_FIT_BITS optimizer-n1024-d2-zerosTrue.serial 1219 3205604850
UMAP_SPARSE_FIT_BITS optimizer-n1024-d2-zerosTrue.serial 1220 3213728404
UMAP_SPARSE_FIT_BITS optimizer-n1024-d2-zerosTrue.serial 1221 3197865374
UMAP_SPARSE_FIT_BITS optimizer-n1024-d2-zerosTrue.serial 1222 3209801454
UMAP_SPARSE_FIT_BITS optimizer-n1024-d2-zerosTrue.serial 1223 3209086248
UMAP_SPARSE_FIT_BITS optimizer-n1024-d2-zerosTrue.serial 1224 3207125151
UMAP_SPARSE_FIT_BITS optimizer-n1024-d2-zerosTrue.serial 1225 3208810076
UMAP_SPARSE_FIT_BITS optimizer-n1024-d2-zerosTrue.serial 1226 1074715914
UMAP_SPARSE_FIT_BITS optimizer-n1024-d2-zerosTrue.serial 1227 1071062008
UMAP_SPARSE_FIT_BITS optimizer-n1024-d2-zerosTrue.serial 1228 1069816787
UMAP_SPARSE_FIT_BITS optimizer-n1024-d2-zerosTrue.serial 1229 1071594686
UMAP_SPARSE_FIT_BITS optimizer-n1024-d2-zerosTrue.serial 1230 1070725193
UMAP_SPARSE_FIT_BITS optimizer-n1024-d2-zerosTrue.serial 1231 1068768381
UMAP_SPARSE_FIT_BITS optimizer-n1024-d2-zerosTrue.serial 1232 3218975554
UMAP_SPARSE_FIT_BITS optimizer-n1024-d2-zerosTrue.serial 1233 1080217795
UMAP_SPARSE_FIT_BITS optimizer-n1024-d2-zerosTrue.serial 1234 3210374457
UMAP_SPARSE_FIT_BITS optimizer-n1024-d2-zerosTrue.serial 1235 1072704772
UMAP_SPARSE_FIT_BITS optimizer-n1024-d2-zerosTrue.serial 1236 3219867621
UMAP_SPARSE_FIT_BITS optimizer-n1024-d2-zerosTrue.serial 1237 1067546654
UMAP_SPARSE_FIT_BITS optimizer-n1024-d2-zerosTrue.serial 1238 3218406368
UMAP_SPARSE_FIT_BITS optimizer-n1024-d2-zerosTrue.serial 1239 1050527350
UMAP_SPARSE_FIT_BITS optimizer-n1024-d2-zerosTrue.serial 1240 3206047365
UMAP_SPARSE_FIT_BITS optimizer-n1024-d2-zerosTrue.serial 1241 3213345522
UMAP_SPARSE_FIT_BITS optimizer-n1024-d2-zerosTrue.serial 1242 3202564040
UMAP_SPARSE_FIT_BITS optimizer-n1024-d2-zerosTrue.serial 1243 3214075136
UMAP_SPARSE_FIT_BITS optimizer-n1024-d2-zerosTrue.serial 1244 1066921012
UMAP_SPARSE_FIT_BITS optimizer-n1024-d2-zerosTrue.serial 1245 3220356454
UMAP_SPARSE_FIT_BITS optimizer-n1024-d2-zerosTrue.serial 1246 3188847562
UMAP_SPARSE_FIT_BITS optimizer-n1024-d2-zerosTrue.serial 1247 1057471013
UMAP_SPARSE_FIT_BITS optimizer-n1024-d2-zerosTrue.serial 1248 1063999120
UMAP_SPARSE_FIT_BITS optimizer-n1024-d2-zerosTrue.serial 1249 1071468861
UMAP_SPARSE_FIT_BITS optimizer-n1024-d2-zerosTrue.serial 1250 1068763480
UMAP_SPARSE_FIT_BITS optimizer-n1024-d2-zerosTrue.serial 1251 1070846441
UMAP_SPARSE_FIT_BITS optimizer-n1024-d2-zerosTrue.serial 1252 1075938486
UMAP_SPARSE_FIT_BITS optimizer-n1024-d2-zerosTrue.serial 1253 1068449723
UMAP_SPARSE_FIT_BITS optimizer-n1024-d2-zerosTrue.serial 1254 1073278045
UMAP_SPARSE_FIT_BITS optimizer-n1024-d2-zerosTrue.serial 1255 1071545753
UMAP_SPARSE_FIT_BITS optimizer-n1024-d2-zerosTrue.serial 1256 1072533981
UMAP_SPARSE_FIT_BITS optimizer-n1024-d2-zerosTrue.serial 1257 1070831013
UMAP_SPARSE_FIT_BITS optimizer-n1024-d2-zerosTrue.serial 1258 1050032554
UMAP_SPARSE_FIT_BITS optimizer-n1024-d2-zerosTrue.serial 1259 1061637620
UMAP_SPARSE_FIT_BITS optimizer-n1024-d2-zerosTrue.serial 1260 1039426864
UMAP_SPARSE_FIT_BITS optimizer-n1024-d2-zerosTrue.serial 1261 1063963639
UMAP_SPARSE_FIT_BITS optimizer-n1024-d2-zerosTrue.serial 1262 3215195592
UMAP_SPARSE_FIT_BITS optimizer-n1024-d2-zerosTrue.serial 1263 1073972486
UMAP_SPARSE_FIT_BITS optimizer-n1024-d2-zerosTrue.serial 1264 3221687965
UMAP_SPARSE_FIT_BITS optimizer-n1024-d2-zerosTrue.serial 1265 1073270278
UMAP_SPARSE_FIT_BITS optimizer-n1024-d2-zerosTrue.serial 1266 3221882523
UMAP_SPARSE_FIT_BITS optimizer-n1024-d2-zerosTrue.serial 1267 1072772668
UMAP_SPARSE_FIT_BITS optimizer-n1024-d2-zerosTrue.serial 1268 3223678555
UMAP_SPARSE_FIT_BITS optimizer-n1024-d2-zerosTrue.serial 1269 3217798872
UMAP_SPARSE_FIT_BITS optimizer-n1024-d2-zerosTrue.serial 1270 3223353518
UMAP_SPARSE_FIT_BITS optimizer-n1024-d2-zerosTrue.serial 1271 3216213737
UMAP_SPARSE_FIT_BITS optimizer-n1024-d2-zerosTrue.serial 1272 3204710598
UMAP_SPARSE_FIT_BITS optimizer-n1024-d2-zerosTrue.serial 1273 1066004420
UMAP_SPARSE_FIT_BITS optimizer-n1024-d2-zerosTrue.serial 1274 3217193942
UMAP_SPARSE_FIT_BITS optimizer-n1024-d2-zerosTrue.serial 1275 1058449482
UMAP_SPARSE_FIT_BITS optimizer-n1024-d2-zerosTrue.serial 1276 3221629257
UMAP_SPARSE_FIT_BITS optimizer-n1024-d2-zerosTrue.serial 1277 1066278315
UMAP_SPARSE_FIT_BITS optimizer-n1024-d2-zerosTrue.serial 1278 3212918903
UMAP_SPARSE_FIT_BITS optimizer-n1024-d2-zerosTrue.serial 1279 1057758178
UMAP_SPARSE_FIT_BITS optimizer-n1024-d2-zerosTrue.serial 1280 3217915655
UMAP_SPARSE_FIT_BITS optimizer-n1024-d2-zerosTrue.serial 1281 1064042294
UMAP_SPARSE_FIT_BITS optimizer-n1024-d2-zerosTrue.serial 1282 3219351959
UMAP_SPARSE_FIT_BITS optimizer-n1024-d2-zerosTrue.serial 1283 1061429775
UMAP_SPARSE_FIT_BITS optimizer-n1024-d2-zerosTrue.serial 1284 3225461092
UMAP_SPARSE_FIT_BITS optimizer-n1024-d2-zerosTrue.serial 1285 3224053159
UMAP_SPARSE_FIT_BITS optimizer-n1024-d2-zerosTrue.serial 1286 3191133004
UMAP_SPARSE_FIT_BITS optimizer-n1024-d2-zerosTrue.serial 1287 3220641693
UMAP_SPARSE_FIT_BITS optimizer-n1024-d2-zerosTrue.serial 1288 3188642447
UMAP_SPARSE_FIT_BITS optimizer-n1024-d2-zerosTrue.serial 1289 3218310510
UMAP_SPARSE_FIT_BITS optimizer-n1024-d2-zerosTrue.serial 1290 3202168943
UMAP_SPARSE_FIT_BITS optimizer-n1024-d2-zerosTrue.serial 1291 3213056249
UMAP_SPARSE_FIT_BITS optimizer-n1024-d2-zerosTrue.serial 1292 3214159792
UMAP_SPARSE_FIT_BITS optimizer-n1024-d2-zerosTrue.serial 1293 3204898143
UMAP_SPARSE_FIT_BITS optimizer-n1024-d2-zerosTrue.serial 1294 1063133270
UMAP_SPARSE_FIT_BITS optimizer-n1024-d2-zerosTrue.serial 1295 1053130264
UMAP_SPARSE_FIT_BITS optimizer-n1024-d2-zerosTrue.serial 1296 1068147851
UMAP_SPARSE_FIT_BITS optimizer-n1024-d2-zerosTrue.serial 1297 1074890565
UMAP_SPARSE_FIT_BITS optimizer-n1024-d2-zerosTrue.serial 1298 1073698030
UMAP_SPARSE_FIT_BITS optimizer-n1024-d2-zerosTrue.serial 1299 1075488956
UMAP_SPARSE_FIT_BITS optimizer-n1024-d2-zerosTrue.serial 1300 1081241701
UMAP_SPARSE_FIT_BITS optimizer-n1024-d2-zerosTrue.serial 1301 1082548164
UMAP_SPARSE_FIT_BITS optimizer-n1024-d2-zerosTrue.serial 1302 1071544408
UMAP_SPARSE_FIT_BITS optimizer-n1024-d2-zerosTrue.serial 1303 1075591498
UMAP_SPARSE_FIT_BITS optimizer-n1024-d2-zerosTrue.serial 1304 1069420032
UMAP_SPARSE_FIT_BITS optimizer-n1024-d2-zerosTrue.serial 1305 1077274339
UMAP_SPARSE_FIT_BITS optimizer-n1024-d2-zerosTrue.serial 1306 1057026230
UMAP_SPARSE_FIT_BITS optimizer-n1024-d2-zerosTrue.serial 1307 1080051763
UMAP_SPARSE_FIT_BITS optimizer-n1024-d2-zerosTrue.serial 1308 3158528148
UMAP_SPARSE_FIT_BITS optimizer-n1024-d2-zerosTrue.serial 1309 1080986871
UMAP_SPARSE_FIT_BITS optimizer-n1024-d2-zerosTrue.serial 1310 1080602436
UMAP_SPARSE_FIT_BITS optimizer-n1024-d2-zerosTrue.serial 1311 3212320636
UMAP_SPARSE_FIT_BITS optimizer-n1024-d2-zerosTrue.serial 1312 3214551820
UMAP_SPARSE_FIT_BITS optimizer-n1024-d2-zerosTrue.serial 1313 1069947023
UMAP_SPARSE_FIT_BITS optimizer-n1024-d2-zerosTrue.serial 1314 3194326855
UMAP_SPARSE_FIT_BITS optimizer-n1024-d2-zerosTrue.serial 1315 1066978503
UMAP_SPARSE_FIT_BITS optimizer-n1024-d2-zerosTrue.serial 1316 1043756271
UMAP_SPARSE_FIT_BITS optimizer-n1024-d2-zerosTrue.serial 1317 1079111986
UMAP_SPARSE_FIT_BITS optimizer-n1024-d2-zerosTrue.serial 1318 1059927425
UMAP_SPARSE_FIT_BITS optimizer-n1024-d2-zerosTrue.serial 1319 1076142623
UMAP_SPARSE_FIT_BITS optimizer-n1024-d2-zerosTrue.serial 1320 1060249308
UMAP_SPARSE_FIT_BITS optimizer-n1024-d2-zerosTrue.serial 1321 1077126746
UMAP_SPARSE_FIT_BITS optimizer-n1024-d2-zerosTrue.serial 1322 1059467845
UMAP_SPARSE_FIT_BITS optimizer-n1024-d2-zerosTrue.serial 1323 1076402780
UMAP_SPARSE_FIT_BITS optimizer-n1024-d2-zerosTrue.serial 1324 3176242040
UMAP_SPARSE_FIT_BITS optimizer-n1024-d2-zerosTrue.serial 1325 1072139659
UMAP_SPARSE_FIT_BITS optimizer-n1024-d2-zerosTrue.serial 1326 3189631052
UMAP_SPARSE_FIT_BITS optimizer-n1024-d2-zerosTrue.serial 1327 1058587538
UMAP_SPARSE_FIT_BITS optimizer-n1024-d2-zerosTrue.serial 1328 3199931243
UMAP_SPARSE_FIT_BITS optimizer-n1024-d2-zerosTrue.serial 1329 1041011834
UMAP_SPARSE_FIT_BITS optimizer-n1024-d2-zerosTrue.serial 1330 1043297542
UMAP_SPARSE_FIT_BITS optimizer-n1024-d2-zerosTrue.serial 1331 3216577011
UMAP_SPARSE_FIT_BITS optimizer-n1024-d2-zerosTrue.serial 1332 3204915660
UMAP_SPARSE_FIT_BITS optimizer-n1024-d2-zerosTrue.serial 1333 3218278094
UMAP_SPARSE_FIT_BITS optimizer-n1024-d2-zerosTrue.serial 1334 3216500548
UMAP_SPARSE_FIT_BITS optimizer-n1024-d2-zerosTrue.serial 1335 3222507947
UMAP_SPARSE_FIT_BITS optimizer-n1024-d2-zerosTrue.serial 1336 3215167325
UMAP_SPARSE_FIT_BITS optimizer-n1024-d2-zerosTrue.serial 1337 3221543855
UMAP_SPARSE_FIT_BITS optimizer-n1024-d2-zerosTrue.serial 1338 1065914468
UMAP_SPARSE_FIT_BITS optimizer-n1024-d2-zerosTrue.serial 1339 1063224393
UMAP_SPARSE_FIT_BITS optimizer-n1024-d2-zerosTrue.serial 1340 1070586233
UMAP_SPARSE_FIT_BITS optimizer-n1024-d2-zerosTrue.serial 1341 1059945183
UMAP_SPARSE_FIT_BITS optimizer-n1024-d2-zerosTrue.serial 1342 1077065309
UMAP_SPARSE_FIT_BITS optimizer-n1024-d2-zerosTrue.serial 1343 1057084864
UMAP_SPARSE_FIT_BITS optimizer-n1024-d2-zerosTrue.serial 1344 1073773404
UMAP_SPARSE_FIT_BITS optimizer-n1024-d2-zerosTrue.serial 1345 1052478939
UMAP_SPARSE_FIT_BITS optimizer-n1024-d2-zerosTrue.serial 1346 1057414685
UMAP_SPARSE_FIT_BITS optimizer-n1024-d2-zerosTrue.serial 1347 3197774298
UMAP_SPARSE_FIT_BITS optimizer-n1024-d2-zerosTrue.serial 1348 3213212560
UMAP_SPARSE_FIT_BITS optimizer-n1024-d2-zerosTrue.serial 1349 1074067433
UMAP_SPARSE_FIT_BITS optimizer-n1024-d2-zerosTrue.serial 1350 1074122183
UMAP_SPARSE_FIT_BITS optimizer-n1024-d2-zerosTrue.serial 1351 3214703481
UMAP_SPARSE_FIT_BITS optimizer-n1024-d2-zerosTrue.serial 1352 1074221831
UMAP_SPARSE_FIT_BITS optimizer-n1024-d2-zerosTrue.serial 1353 3214525044
UMAP_SPARSE_FIT_BITS optimizer-n1024-d2-zerosTrue.serial 1354 1065026466
UMAP_SPARSE_FIT_BITS optimizer-n1024-d2-zerosTrue.serial 1355 1075566278
UMAP_SPARSE_FIT_BITS optimizer-n1024-d2-zerosTrue.serial 1356 1059393763
UMAP_SPARSE_FIT_BITS optimizer-n1024-d2-zerosTrue.serial 1357 1074116406
UMAP_SPARSE_FIT_BITS optimizer-n1024-d2-zerosTrue.serial 1358 1053379867
UMAP_SPARSE_FIT_BITS optimizer-n1024-d2-zerosTrue.serial 1359 1075015983
UMAP_SPARSE_FIT_BITS optimizer-n1024-d2-zerosTrue.serial 1360 1042888048
UMAP_SPARSE_FIT_BITS optimizer-n1024-d2-zerosTrue.serial 1361 1076753241
UMAP_SPARSE_FIT_BITS optimizer-n1024-d2-zerosTrue.serial 1362 1053903154
UMAP_SPARSE_FIT_BITS optimizer-n1024-d2-zerosTrue.serial 1363 1075931846
UMAP_SPARSE_FIT_BITS optimizer-n1024-d2-zerosTrue.serial 1364 1075959073
UMAP_SPARSE_FIT_BITS optimizer-n1024-d2-zerosTrue.serial 1365 1061659958
UMAP_SPARSE_FIT_BITS optimizer-n1024-d2-zerosTrue.serial 1366 1051430331
UMAP_SPARSE_FIT_BITS optimizer-n1024-d2-zerosTrue.serial 1367 3199704519
UMAP_SPARSE_FIT_BITS optimizer-n1024-d2-zerosTrue.serial 1368 1058944844
UMAP_SPARSE_FIT_BITS optimizer-n1024-d2-zerosTrue.serial 1369 3198917418
UMAP_SPARSE_FIT_BITS optimizer-n1024-d2-zerosTrue.serial 1370 1075291647
UMAP_SPARSE_FIT_BITS optimizer-n1024-d2-zerosTrue.serial 1371 3195996442
UMAP_SPARSE_FIT_BITS optimizer-n1024-d2-zerosTrue.serial 1372 1076661264
UMAP_SPARSE_FIT_BITS optimizer-n1024-d2-zerosTrue.serial 1373 1041396074
UMAP_SPARSE_FIT_BITS optimizer-n1024-d2-zerosTrue.serial 1374 1080780697
UMAP_SPARSE_FIT_BITS optimizer-n1024-d2-zerosTrue.serial 1375 1029517480
UMAP_SPARSE_FIT_BITS optimizer-n1024-d2-zerosTrue.serial 1376 1081455008
UMAP_SPARSE_FIT_BITS optimizer-n1024-d2-zerosTrue.serial 1377 1059014518
UMAP_SPARSE_FIT_BITS optimizer-n1024-d2-zerosTrue.serial 1378 1081563266
UMAP_SPARSE_FIT_BITS optimizer-n1024-d2-zerosTrue.serial 1379 1056490181
UMAP_SPARSE_FIT_BITS optimizer-n1024-d2-zerosTrue.serial 1380 3216122691
UMAP_SPARSE_FIT_BITS optimizer-n1024-d2-zerosTrue.serial 1381 1066459941
UMAP_SPARSE_FIT_BITS optimizer-n1024-d2-zerosTrue.serial 1382 3198784651
UMAP_SPARSE_FIT_BITS optimizer-n1024-d2-zerosTrue.serial 1383 1042353322
UMAP_SPARSE_FIT_BITS optimizer-n1024-d2-zerosTrue.serial 1384 1071172610
UMAP_SPARSE_FIT_BITS optimizer-n1024-d2-zerosTrue.serial 1385 1080538130
UMAP_SPARSE_FIT_BITS optimizer-n1024-d2-zerosTrue.serial 1386 1080978635
UMAP_SPARSE_FIT_BITS optimizer-n1024-d2-zerosTrue.serial 1387 3212458677
UMAP_SPARSE_FIT_BITS optimizer-n1024-d2-zerosTrue.serial 1388 1080193964
UMAP_SPARSE_FIT_BITS optimizer-n1024-d2-zerosTrue.serial 1389 3208143557
UMAP_SPARSE_FIT_BITS optimizer-n1024-d2-zerosTrue.serial 1390 1078124297
UMAP_SPARSE_FIT_BITS optimizer-n1024-d2-zerosTrue.serial 1391 1043397250
UMAP_SPARSE_FIT_BITS optimizer-n1024-d2-zerosTrue.serial 1392 1078739922
UMAP_SPARSE_FIT_BITS optimizer-n1024-d2-zerosTrue.serial 1393 1048750379
UMAP_SPARSE_FIT_BITS optimizer-n1024-d2-zerosTrue.serial 1394 1057299823
UMAP_SPARSE_FIT_BITS optimizer-n1024-d2-zerosTrue.serial 1395 1077768011
UMAP_SPARSE_FIT_BITS optimizer-n1024-d2-zerosTrue.serial 1396 1059130686
UMAP_SPARSE_FIT_BITS optimizer-n1024-d2-zerosTrue.serial 1397 1076877824
UMAP_SPARSE_FIT_BITS optimizer-n1024-d2-zerosTrue.serial 1398 1080975939
UMAP_SPARSE_FIT_BITS optimizer-n1024-d2-zerosTrue.serial 1399 3215064218
UMAP_SPARSE_FIT_BITS optimizer-n1024-d2-zerosTrue.serial 1400 1081859944
UMAP_SPARSE_FIT_BITS optimizer-n1024-d2-zerosTrue.serial 1401 3222341655
UMAP_SPARSE_FIT_BITS optimizer-n1024-d2-zerosTrue.serial 1402 1081725838
UMAP_SPARSE_FIT_BITS optimizer-n1024-d2-zerosTrue.serial 1403 3219132888
UMAP_SPARSE_FIT_BITS optimizer-n1024-d2-zerosTrue.serial 1404 1082029899
UMAP_SPARSE_FIT_BITS optimizer-n1024-d2-zerosTrue.serial 1405 3216019762
UMAP_SPARSE_FIT_BITS optimizer-n1024-d2-zerosTrue.serial 1406 1082161705
UMAP_SPARSE_FIT_BITS optimizer-n1024-d2-zerosTrue.serial 1407 3217251422
UMAP_SPARSE_FIT_BITS optimizer-n1024-d2-zerosTrue.serial 1408 1078732855
UMAP_SPARSE_FIT_BITS optimizer-n1024-d2-zerosTrue.serial 1409 1074769941
UMAP_SPARSE_FIT_BITS optimizer-n1024-d2-zerosTrue.serial 1410 1076449043
UMAP_SPARSE_FIT_BITS optimizer-n1024-d2-zerosTrue.serial 1411 1075630678
UMAP_SPARSE_FIT_BITS optimizer-n1024-d2-zerosTrue.serial 1412 1045452912
UMAP_SPARSE_FIT_BITS optimizer-n1024-d2-zerosTrue.serial 1413 1082071317
UMAP_SPARSE_FIT_BITS optimizer-n1024-d2-zerosTrue.serial 1414 1075543534
UMAP_SPARSE_FIT_BITS optimizer-n1024-d2-zerosTrue.serial 1415 1075918332
UMAP_SPARSE_FIT_BITS optimizer-n1024-d2-zerosTrue.serial 1416 1061789192
UMAP_SPARSE_FIT_BITS optimizer-n1024-d2-zerosTrue.serial 1417 1078015420
UMAP_SPARSE_FIT_BITS optimizer-n1024-d2-zerosTrue.serial 1418 3171911776
UMAP_SPARSE_FIT_BITS optimizer-n1024-d2-zerosTrue.serial 1419 1077480736
UMAP_SPARSE_FIT_BITS optimizer-n1024-d2-zerosTrue.serial 1420 1045410184
UMAP_SPARSE_FIT_BITS optimizer-n1024-d2-zerosTrue.serial 1421 1079231719
UMAP_SPARSE_FIT_BITS optimizer-n1024-d2-zerosTrue.serial 1422 1055867312
UMAP_SPARSE_FIT_BITS optimizer-n1024-d2-zerosTrue.serial 1423 1077911418
UMAP_SPARSE_FIT_BITS optimizer-n1024-d2-zerosTrue.serial 1424 1060426822
UMAP_SPARSE_FIT_BITS optimizer-n1024-d2-zerosTrue.serial 1425 1077789092
UMAP_SPARSE_FIT_BITS optimizer-n1024-d2-zerosTrue.serial 1426 1063421928
UMAP_SPARSE_FIT_BITS optimizer-n1024-d2-zerosTrue.serial 1427 1078321267
UMAP_SPARSE_FIT_BITS optimizer-n1024-d2-zerosTrue.serial 1428 1062547072
UMAP_SPARSE_FIT_BITS optimizer-n1024-d2-zerosTrue.serial 1429 1079400410
UMAP_SPARSE_FIT_BITS optimizer-n1024-d2-zerosTrue.serial 1430 1082904369
UMAP_SPARSE_FIT_BITS optimizer-n1024-d2-zerosTrue.serial 1431 3224827477
UMAP_SPARSE_FIT_BITS optimizer-n1024-d2-zerosTrue.serial 1432 1059415866
UMAP_SPARSE_FIT_BITS optimizer-n1024-d2-zerosTrue.serial 1433 3215771706
UMAP_SPARSE_FIT_BITS optimizer-n1024-d2-zerosTrue.serial 1434 1060600535
UMAP_SPARSE_FIT_BITS optimizer-n1024-d2-zerosTrue.serial 1435 3217194765
UMAP_SPARSE_FIT_BITS optimizer-n1024-d2-zerosTrue.serial 1436 1059936520
UMAP_SPARSE_FIT_BITS optimizer-n1024-d2-zerosTrue.serial 1437 3217778716
UMAP_SPARSE_FIT_BITS optimizer-n1024-d2-zerosTrue.serial 1438 1080653990
UMAP_SPARSE_FIT_BITS optimizer-n1024-d2-zerosTrue.serial 1439 1067432522
UMAP_SPARSE_FIT_BITS optimizer-n1024-d2-zerosTrue.serial 1440 1079830660
UMAP_SPARSE_FIT_BITS optimizer-n1024-d2-zerosTrue.serial 1441 1070063242
UMAP_SPARSE_FIT_BITS optimizer-n1024-d2-zerosTrue.serial 1442 1077970513
UMAP_SPARSE_FIT_BITS optimizer-n1024-d2-zerosTrue.serial 1443 1073624822
UMAP_SPARSE_FIT_BITS optimizer-n1024-d2-zerosTrue.serial 1444 1076548390
UMAP_SPARSE_FIT_BITS optimizer-n1024-d2-zerosTrue.serial 1445 1073120672
UMAP_SPARSE_FIT_BITS optimizer-n1024-d2-zerosTrue.serial 1446 1075270731
UMAP_SPARSE_FIT_BITS optimizer-n1024-d2-zerosTrue.serial 1447 1072908830
UMAP_SPARSE_FIT_BITS optimizer-n1024-d2-zerosTrue.serial 1448 1074561556
UMAP_SPARSE_FIT_BITS optimizer-n1024-d2-zerosTrue.serial 1449 1075567301
UMAP_SPARSE_FIT_BITS optimizer-n1024-d2-zerosTrue.serial 1450 1075038561
UMAP_SPARSE_FIT_BITS optimizer-n1024-d2-zerosTrue.serial 1451 1071677211
UMAP_SPARSE_FIT_BITS optimizer-n1024-d2-zerosTrue.serial 1452 1072842815
UMAP_SPARSE_FIT_BITS optimizer-n1024-d2-zerosTrue.serial 1453 1070893347
UMAP_SPARSE_FIT_BITS optimizer-n1024-d2-zerosTrue.serial 1454 3129260032
UMAP_SPARSE_FIT_BITS optimizer-n1024-d2-zerosTrue.serial 1455 1068324842
UMAP_SPARSE_FIT_BITS optimizer-n1024-d2-zerosTrue.serial 1456 1067598167
UMAP_SPARSE_FIT_BITS optimizer-n1024-d2-zerosTrue.serial 1457 1072835801
UMAP_SPARSE_FIT_BITS optimizer-n1024-d2-zerosTrue.serial 1458 1078870357
UMAP_SPARSE_FIT_BITS optimizer-n1024-d2-zerosTrue.serial 1459 1075080360
UMAP_SPARSE_FIT_BITS optimizer-n1024-d2-zerosTrue.serial 1460 1080656572
UMAP_SPARSE_FIT_BITS optimizer-n1024-d2-zerosTrue.serial 1461 1075071883
UMAP_SPARSE_FIT_BITS optimizer-n1024-d2-zerosTrue.serial 1462 3214688469
UMAP_SPARSE_FIT_BITS optimizer-n1024-d2-zerosTrue.serial 1463 1071024246
UMAP_SPARSE_FIT_BITS optimizer-n1024-d2-zerosTrue.serial 1464 3230703826
UMAP_SPARSE_FIT_BITS optimizer-n1024-d2-zerosTrue.serial 1465 1066986775
UMAP_SPARSE_FIT_BITS optimizer-n1024-d2-zerosTrue.serial 1466 3211820334
UMAP_SPARSE_FIT_BITS optimizer-n1024-d2-zerosTrue.serial 1467 1066642618
UMAP_SPARSE_FIT_BITS optimizer-n1024-d2-zerosTrue.serial 1468 3170939184
UMAP_SPARSE_FIT_BITS optimizer-n1024-d2-zerosTrue.serial 1469 1068815022
UMAP_SPARSE_FIT_BITS optimizer-n1024-d2-zerosTrue.serial 1470 1066347898
UMAP_SPARSE_FIT_BITS optimizer-n1024-d2-zerosTrue.serial 1471 1068921434
UMAP_SPARSE_FIT_BITS optimizer-n1024-d2-zerosTrue.serial 1472 1066449432
UMAP_SPARSE_FIT_BITS optimizer-n1024-d2-zerosTrue.serial 1473 1063636306
UMAP_SPARSE_FIT_BITS optimizer-n1024-d2-zerosTrue.serial 1474 1055289358
UMAP_SPARSE_FIT_BITS optimizer-n1024-d2-zerosTrue.serial 1475 1066023626
UMAP_SPARSE_FIT_BITS optimizer-n1024-d2-zerosTrue.serial 1476 1055247494
UMAP_SPARSE_FIT_BITS optimizer-n1024-d2-zerosTrue.serial 1477 1064600761
UMAP_SPARSE_FIT_BITS optimizer-n1024-d2-zerosTrue.serial 1478 1057832582
UMAP_SPARSE_FIT_BITS optimizer-n1024-d2-zerosTrue.serial 1479 1066736943
UMAP_SPARSE_FIT_BITS optimizer-n1024-d2-zerosTrue.serial 1480 1058101169
UMAP_SPARSE_FIT_BITS optimizer-n1024-d2-zerosTrue.serial 1481 1069209020
UMAP_SPARSE_FIT_BITS optimizer-n1024-d2-zerosTrue.serial 1482 1057327059
UMAP_SPARSE_FIT_BITS optimizer-n1024-d2-zerosTrue.serial 1483 1067217143
UMAP_SPARSE_FIT_BITS optimizer-n1024-d2-zerosTrue.serial 1484 1062520966
UMAP_SPARSE_FIT_BITS optimizer-n1024-d2-zerosTrue.serial 1485 1067955361
UMAP_SPARSE_FIT_BITS optimizer-n1024-d2-zerosTrue.serial 1486 1053825285
UMAP_SPARSE_FIT_BITS optimizer-n1024-d2-zerosTrue.serial 1487 1067533965
UMAP_SPARSE_FIT_BITS optimizer-n1024-d2-zerosTrue.serial 1488 3202589560
UMAP_SPARSE_FIT_BITS optimizer-n1024-d2-zerosTrue.serial 1489 1068699086
UMAP_SPARSE_FIT_BITS optimizer-n1024-d2-zerosTrue.serial 1490 3212994981
UMAP_SPARSE_FIT_BITS optimizer-n1024-d2-zerosTrue.serial 1491 1066801653
UMAP_SPARSE_FIT_BITS optimizer-n1024-d2-zerosTrue.serial 1492 3214180357
UMAP_SPARSE_FIT_BITS optimizer-n1024-d2-zerosTrue.serial 1493 1066817340
UMAP_SPARSE_FIT_BITS optimizer-n1024-d2-zerosTrue.serial 1494 3216163257
UMAP_SPARSE_FIT_BITS optimizer-n1024-d2-zerosTrue.serial 1495 1074127620
UMAP_SPARSE_FIT_BITS optimizer-n1024-d2-zerosTrue.serial 1496 3218613622
UMAP_SPARSE_FIT_BITS optimizer-n1024-d2-zerosTrue.serial 1497 1076149872
UMAP_SPARSE_FIT_BITS optimizer-n1024-d2-zerosTrue.serial 1498 3227127469
UMAP_SPARSE_FIT_BITS optimizer-n1024-d2-zerosTrue.serial 1499 1084452328
UMAP_SPARSE_FIT_BITS optimizer-n1024-d2-zerosTrue.serial 1500 1071592623
UMAP_SPARSE_FIT_BITS optimizer-n1024-d2-zerosTrue.serial 1501 1051183016
UMAP_SPARSE_FIT_BITS optimizer-n1024-d2-zerosTrue.serial 1502 1069828333
UMAP_SPARSE_FIT_BITS optimizer-n1024-d2-zerosTrue.serial 1503 1035618887
UMAP_SPARSE_FIT_BITS optimizer-n1024-d2-zerosTrue.serial 1504 1067867500
UMAP_SPARSE_FIT_BITS optimizer-n1024-d2-zerosTrue.serial 1505 1052259877
UMAP_SPARSE_FIT_BITS optimizer-n1024-d2-zerosTrue.serial 1506 3208514879
UMAP_SPARSE_FIT_BITS optimizer-n1024-d2-zerosTrue.serial 1507 1066805780
UMAP_SPARSE_FIT_BITS optimizer-n1024-d2-zerosTrue.serial 1508 1065895132
UMAP_SPARSE_FIT_BITS optimizer-n1024-d2-zerosTrue.serial 1509 3209161152
UMAP_SPARSE_FIT_BITS optimizer-n1024-d2-zerosTrue.serial 1510 1067340874
UMAP_SPARSE_FIT_BITS optimizer-n1024-d2-zerosTrue.serial 1511 3210289238
UMAP_SPARSE_FIT_BITS optimizer-n1024-d2-zerosTrue.serial 1512 1063749507
UMAP_SPARSE_FIT_BITS optimizer-n1024-d2-zerosTrue.serial 1513 3207212969
UMAP_SPARSE_FIT_BITS optimizer-n1024-d2-zerosTrue.serial 1514 1052934752
UMAP_SPARSE_FIT_BITS optimizer-n1024-d2-zerosTrue.serial 1515 3196713318
UMAP_SPARSE_FIT_BITS optimizer-n1024-d2-zerosTrue.serial 1516 1060648759
UMAP_SPARSE_FIT_BITS optimizer-n1024-d2-zerosTrue.serial 1517 1039663904
UMAP_SPARSE_FIT_BITS optimizer-n1024-d2-zerosTrue.serial 1518 1065062014
UMAP_SPARSE_FIT_BITS optimizer-n1024-d2-zerosTrue.serial 1519 1048023288
UMAP_SPARSE_FIT_BITS optimizer-n1024-d2-zerosTrue.serial 1520 1066635354
UMAP_SPARSE_FIT_BITS optimizer-n1024-d2-zerosTrue.serial 1521 1049962922
UMAP_SPARSE_FIT_BITS optimizer-n1024-d2-zerosTrue.serial 1522 1060284314
UMAP_SPARSE_FIT_BITS optimizer-n1024-d2-zerosTrue.serial 1523 1059916453
UMAP_SPARSE_FIT_BITS optimizer-n1024-d2-zerosTrue.serial 1524 3207571124
UMAP_SPARSE_FIT_BITS optimizer-n1024-d2-zerosTrue.serial 1525 1056047637
UMAP_SPARSE_FIT_BITS optimizer-n1024-d2-zerosTrue.serial 1526 3208533211
UMAP_SPARSE_FIT_BITS optimizer-n1024-d2-zerosTrue.serial 1527 1063044152
UMAP_SPARSE_FIT_BITS optimizer-n1024-d2-zerosTrue.serial 1528 3210670607
UMAP_SPARSE_FIT_BITS optimizer-n1024-d2-zerosTrue.serial 1529 1064696940
UMAP_SPARSE_FIT_BITS optimizer-n1024-d2-zerosTrue.serial 1530 3207188303
UMAP_SPARSE_FIT_BITS optimizer-n1024-d2-zerosTrue.serial 1531 1058009944
UMAP_SPARSE_FIT_BITS optimizer-n1024-d2-zerosTrue.serial 1532 1070727034
UMAP_SPARSE_FIT_BITS optimizer-n1024-d2-zerosTrue.serial 1533 1022946696
UMAP_SPARSE_FIT_BITS optimizer-n1024-d2-zerosTrue.serial 1534 1078510585
UMAP_SPARSE_FIT_BITS optimizer-n1024-d2-zerosTrue.serial 1535 1045321505
UMAP_SPARSE_FIT_BITS optimizer-n1024-d2-zerosTrue.serial 1536 1082472716
UMAP_SPARSE_FIT_BITS optimizer-n1024-d2-zerosTrue.serial 1537 1068262716
UMAP_SPARSE_FIT_BITS optimizer-n1024-d2-zerosTrue.serial 1538 1068513641
UMAP_SPARSE_FIT_BITS optimizer-n1024-d2-zerosTrue.serial 1539 1054149563
UMAP_SPARSE_FIT_BITS optimizer-n1024-d2-zerosTrue.serial 1540 1074583237
UMAP_SPARSE_FIT_BITS optimizer-n1024-d2-zerosTrue.serial 1541 1036729982
UMAP_SPARSE_FIT_BITS optimizer-n1024-d2-zerosTrue.serial 1542 1072840980
UMAP_SPARSE_FIT_BITS optimizer-n1024-d2-zerosTrue.serial 1543 1050448368
UMAP_SPARSE_FIT_BITS optimizer-n1024-d2-zerosTrue.serial 1544 1071814442
UMAP_SPARSE_FIT_BITS optimizer-n1024-d2-zerosTrue.serial 1545 1063893158
UMAP_SPARSE_FIT_BITS optimizer-n1024-d2-zerosTrue.serial 1546 1067361338
UMAP_SPARSE_FIT_BITS optimizer-n1024-d2-zerosTrue.serial 1547 1066323527
UMAP_SPARSE_FIT_BITS optimizer-n1024-d2-zerosTrue.serial 1548 3208449437
UMAP_SPARSE_FIT_BITS optimizer-n1024-d2-zerosTrue.serial 1549 3207609238
UMAP_SPARSE_FIT_BITS optimizer-n1024-d2-zerosTrue.serial 1550 3215463590
UMAP_SPARSE_FIT_BITS optimizer-n1024-d2-zerosTrue.serial 1551 1076225325
UMAP_SPARSE_FIT_BITS optimizer-n1024-d2-zerosTrue.serial 1552 3216720875
UMAP_SPARSE_FIT_BITS optimizer-n1024-d2-zerosTrue.serial 1553 1075706952
UMAP_SPARSE_FIT_BITS optimizer-n1024-d2-zerosTrue.serial 1554 1084221053
UMAP_SPARSE_FIT_BITS optimizer-n1024-d2-zerosTrue.serial 1555 3217214658
UMAP_SPARSE_FIT_BITS optimizer-n1024-d2-zerosTrue.serial 1556 1077127467
UMAP_SPARSE_FIT_BITS optimizer-n1024-d2-zerosTrue.serial 1557 1077378567
UMAP_SPARSE_FIT_BITS optimizer-n1024-d2-zerosTrue.serial 1558 1081893395
UMAP_SPARSE_FIT_BITS optimizer-n1024-d2-zerosTrue.serial 1559 1079071164
UMAP_SPARSE_FIT_BITS optimizer-n1024-d2-zerosTrue.serial 1560 1076835669
UMAP_SPARSE_FIT_BITS optimizer-n1024-d2-zerosTrue.serial 1561 1078633681
UMAP_SPARSE_FIT_BITS optimizer-n1024-d2-zerosTrue.serial 1562 1081461604
UMAP_SPARSE_FIT_BITS optimizer-n1024-d2-zerosTrue.serial 1563 1072426716
UMAP_SPARSE_FIT_BITS optimizer-n1024-d2-zerosTrue.serial 1564 1080976656
UMAP_SPARSE_FIT_BITS optimizer-n1024-d2-zerosTrue.serial 1565 3210965350
UMAP_SPARSE_FIT_BITS optimizer-n1024-d2-zerosTrue.serial 1566 1082449331
UMAP_SPARSE_FIT_BITS optimizer-n1024-d2-zerosTrue.serial 1567 3210538536
UMAP_SPARSE_FIT_BITS optimizer-n1024-d2-zerosTrue.serial 1568 1074826753
UMAP_SPARSE_FIT_BITS optimizer-n1024-d2-zerosTrue.serial 1569 3220881736
UMAP_SPARSE_FIT_BITS optimizer-n1024-d2-zerosTrue.serial 1570 1075356812
UMAP_SPARSE_FIT_BITS optimizer-n1024-d2-zerosTrue.serial 1571 3219938000
UMAP_SPARSE_FIT_BITS optimizer-n1024-d2-zerosTrue.serial 1572 1077732894
UMAP_SPARSE_FIT_BITS optimizer-n1024-d2-zerosTrue.serial 1573 1064230003
UMAP_SPARSE_FIT_BITS optimizer-n1024-d2-zerosTrue.serial 1574 3191040068
UMAP_SPARSE_FIT_BITS optimizer-n1024-d2-zerosTrue.serial 1575 1074296935
UMAP_SPARSE_FIT_BITS optimizer-n1024-d2-zerosTrue.serial 1576 3195171784
UMAP_SPARSE_FIT_BITS optimizer-n1024-d2-zerosTrue.serial 1577 1053825648
UMAP_SPARSE_FIT_BITS optimizer-n1024-d2-zerosTrue.serial 1578 3193648956
UMAP_SPARSE_FIT_BITS optimizer-n1024-d2-zerosTrue.serial 1579 1053754688
UMAP_SPARSE_FIT_BITS optimizer-n1024-d2-zerosTrue.serial 1580 1024072152
UMAP_SPARSE_FIT_BITS optimizer-n1024-d2-zerosTrue.serial 1581 1049578208
UMAP_SPARSE_FIT_BITS optimizer-n1024-d2-zerosTrue.serial 1582 1062976150
UMAP_SPARSE_FIT_BITS optimizer-n1024-d2-zerosTrue.serial 1583 1066048239
UMAP_SPARSE_FIT_BITS optimizer-n1024-d2-zerosTrue.serial 1584 1066858400
UMAP_SPARSE_FIT_BITS optimizer-n1024-d2-zerosTrue.serial 1585 1061142231
UMAP_SPARSE_FIT_BITS optimizer-n1024-d2-zerosTrue.serial 1586 1068759668
UMAP_SPARSE_FIT_BITS optimizer-n1024-d2-zerosTrue.serial 1587 1063519410
UMAP_SPARSE_FIT_BITS optimizer-n1024-d2-zerosTrue.serial 1588 1073801069
UMAP_SPARSE_FIT_BITS optimizer-n1024-d2-zerosTrue.serial 1589 1070435583
UMAP_SPARSE_FIT_BITS optimizer-n1024-d2-zerosTrue.serial 1590 1075611916
UMAP_SPARSE_FIT_BITS optimizer-n1024-d2-zerosTrue.serial 1591 1079874874
UMAP_SPARSE_FIT_BITS optimizer-n1024-d2-zerosTrue.serial 1592 1074254858
UMAP_SPARSE_FIT_BITS optimizer-n1024-d2-zerosTrue.serial 1593 1079849699
UMAP_SPARSE_FIT_BITS optimizer-n1024-d2-zerosTrue.serial 1594 1070909635
UMAP_SPARSE_FIT_BITS optimizer-n1024-d2-zerosTrue.serial 1595 1079794447
UMAP_SPARSE_FIT_BITS optimizer-n1024-d2-zerosTrue.serial 1596 1049699598
UMAP_SPARSE_FIT_BITS optimizer-n1024-d2-zerosTrue.serial 1597 1077343518
UMAP_SPARSE_FIT_BITS optimizer-n1024-d2-zerosTrue.serial 1598 3204213672
UMAP_SPARSE_FIT_BITS optimizer-n1024-d2-zerosTrue.serial 1599 1074156568
UMAP_SPARSE_FIT_BITS optimizer-n1024-d2-zerosTrue.serial 1600 3207125988
UMAP_SPARSE_FIT_BITS optimizer-n1024-d2-zerosTrue.serial 1601 1069313987
UMAP_SPARSE_FIT_BITS optimizer-n1024-d2-zerosTrue.serial 1602 3204819919
UMAP_SPARSE_FIT_BITS optimizer-n1024-d2-zerosTrue.serial 1603 1069980286
UMAP_SPARSE_FIT_BITS optimizer-n1024-d2-zerosTrue.serial 1604 1080439758
UMAP_SPARSE_FIT_BITS optimizer-n1024-d2-zerosTrue.serial 1605 1080194548
UMAP_SPARSE_FIT_BITS optimizer-n1024-d2-zerosTrue.serial 1606 1061577245
UMAP_SPARSE_FIT_BITS optimizer-n1024-d2-zerosTrue.serial 1607 3221128706
UMAP_SPARSE_FIT_BITS optimizer-n1024-d2-zerosTrue.serial 1608 1053117071
UMAP_SPARSE_FIT_BITS optimizer-n1024-d2-zerosTrue.serial 1609 3211762025
UMAP_SPARSE_FIT_BITS optimizer-n1024-d2-zerosTrue.serial 1610 1008494432
UMAP_SPARSE_FIT_BITS optimizer-n1024-d2-zerosTrue.serial 1611 3210205484
UMAP_SPARSE_FIT_BITS optimizer-n1024-d2-zerosTrue.serial 1612 1042677694
UMAP_SPARSE_FIT_BITS optimizer-n1024-d2-zerosTrue.serial 1613 3210006046
UMAP_SPARSE_FIT_BITS optimizer-n1024-d2-zerosTrue.serial 1614 3203634650
UMAP_SPARSE_FIT_BITS optimizer-n1024-d2-zerosTrue.serial 1615 3209745445
UMAP_SPARSE_FIT_BITS optimizer-n1024-d2-zerosTrue.serial 1616 1053859092
UMAP_SPARSE_FIT_BITS optimizer-n1024-d2-zerosTrue.serial 1617 1064399206
UMAP_SPARSE_FIT_BITS optimizer-n1024-d2-zerosTrue.serial 1618 1050116982
UMAP_SPARSE_FIT_BITS optimizer-n1024-d2-zerosTrue.serial 1619 1065803076
UMAP_SPARSE_FIT_BITS optimizer-n1024-d2-zerosTrue.serial 1620 1072312177
UMAP_SPARSE_FIT_BITS optimizer-n1024-d2-zerosTrue.serial 1621 1075936445
UMAP_SPARSE_FIT_BITS optimizer-n1024-d2-zerosTrue.serial 1622 1066050404
UMAP_SPARSE_FIT_BITS optimizer-n1024-d2-zerosTrue.serial 1623 1077471077
UMAP_SPARSE_FIT_BITS optimizer-n1024-d2-zerosTrue.serial 1624 1062297767
UMAP_SPARSE_FIT_BITS optimizer-n1024-d2-zerosTrue.serial 1625 1076634206
UMAP_SPARSE_FIT_BITS optimizer-n1024-d2-zerosTrue.serial 1626 1005793856
UMAP_SPARSE_FIT_BITS optimizer-n1024-d2-zerosTrue.serial 1627 1076058087
UMAP_SPARSE_FIT_BITS optimizer-n1024-d2-zerosTrue.serial 1628 3194172275
UMAP_SPARSE_FIT_BITS optimizer-n1024-d2-zerosTrue.serial 1629 1073712971
UMAP_SPARSE_FIT_BITS optimizer-n1024-d2-zerosTrue.serial 1630 1063884128
UMAP_SPARSE_FIT_BITS optimizer-n1024-d2-zerosTrue.serial 1631 1079175564
UMAP_SPARSE_FIT_BITS optimizer-n1024-d2-zerosTrue.serial 1632 1057897246
UMAP_SPARSE_FIT_BITS optimizer-n1024-d2-zerosTrue.serial 1633 1077359308
UMAP_SPARSE_FIT_BITS optimizer-n1024-d2-zerosTrue.serial 1634 3211183401
UMAP_SPARSE_FIT_BITS optimizer-n1024-d2-zerosTrue.serial 1635 1064019209
UMAP_SPARSE_FIT_BITS optimizer-n1024-d2-zerosTrue.serial 1636 3208746784
UMAP_SPARSE_FIT_BITS optimizer-n1024-d2-zerosTrue.serial 1637 1059543372
UMAP_SPARSE_FIT_BITS optimizer-n1024-d2-zerosTrue.serial 1638 1069498582
UMAP_SPARSE_FIT_BITS optimizer-n1024-d2-zerosTrue.serial 1639 1043172542
UMAP_SPARSE_FIT_BITS optimizer-n1024-d2-zerosTrue.serial 1640 1074732107
UMAP_SPARSE_FIT_BITS optimizer-n1024-d2-zerosTrue.serial 1641 3207015095
UMAP_SPARSE_FIT_BITS optimizer-n1024-d2-zerosTrue.serial 1642 1074504066
UMAP_SPARSE_FIT_BITS optimizer-n1024-d2-zerosTrue.serial 1643 3193762592
UMAP_SPARSE_FIT_BITS optimizer-n1024-d2-zerosTrue.serial 1644 1079584131
UMAP_SPARSE_FIT_BITS optimizer-n1024-d2-zerosTrue.serial 1645 3206948041
UMAP_SPARSE_FIT_BITS optimizer-n1024-d2-zerosTrue.serial 1646 1077904547
UMAP_SPARSE_FIT_BITS optimizer-n1024-d2-zerosTrue.serial 1647 3191374460
UMAP_SPARSE_FIT_BITS optimizer-n1024-d2-zerosTrue.serial 1648 1074306428
UMAP_SPARSE_FIT_BITS optimizer-n1024-d2-zerosTrue.serial 1649 1059625759
UMAP_SPARSE_FIT_BITS optimizer-n1024-d2-zerosTrue.serial 1650 1071749300
UMAP_SPARSE_FIT_BITS optimizer-n1024-d2-zerosTrue.serial 1651 1067887413
UMAP_SPARSE_FIT_BITS optimizer-n1024-d2-zerosTrue.serial 1652 1073069591
UMAP_SPARSE_FIT_BITS optimizer-n1024-d2-zerosTrue.serial 1653 1073122322
UMAP_SPARSE_FIT_BITS optimizer-n1024-d2-zerosTrue.serial 1654 1075124553
UMAP_SPARSE_FIT_BITS optimizer-n1024-d2-zerosTrue.serial 1655 1072807529
UMAP_SPARSE_FIT_BITS optimizer-n1024-d2-zerosTrue.serial 1656 1073916715
UMAP_SPARSE_FIT_BITS optimizer-n1024-d2-zerosTrue.serial 1657 1075236062
UMAP_SPARSE_FIT_BITS optimizer-n1024-d2-zerosTrue.serial 1658 1073094086
UMAP_SPARSE_FIT_BITS optimizer-n1024-d2-zerosTrue.serial 1659 1074711768
UMAP_SPARSE_FIT_BITS optimizer-n1024-d2-zerosTrue.serial 1660 1067170312
UMAP_SPARSE_FIT_BITS optimizer-n1024-d2-zerosTrue.serial 1661 1074745515
UMAP_SPARSE_FIT_BITS optimizer-n1024-d2-zerosTrue.serial 1662 1041465646
UMAP_SPARSE_FIT_BITS optimizer-n1024-d2-zerosTrue.serial 1663 1077130788
UMAP_SPARSE_FIT_BITS optimizer-n1024-d2-zerosTrue.serial 1664 3184191013
UMAP_SPARSE_FIT_BITS optimizer-n1024-d2-zerosTrue.serial 1665 1072885319
UMAP_SPARSE_FIT_BITS optimizer-n1024-d2-zerosTrue.serial 1666 3218802943
UMAP_SPARSE_FIT_BITS optimizer-n1024-d2-zerosTrue.serial 1667 1064842571
UMAP_SPARSE_FIT_BITS optimizer-n1024-d2-zerosTrue.serial 1668 3218798366
UMAP_SPARSE_FIT_BITS optimizer-n1024-d2-zerosTrue.serial 1669 1058535324
UMAP_SPARSE_FIT_BITS optimizer-n1024-d2-zerosTrue.serial 1670 3199313559
UMAP_SPARSE_FIT_BITS optimizer-n1024-d2-zerosTrue.serial 1671 3216729868
UMAP_SPARSE_FIT_BITS optimizer-n1024-d2-zerosTrue.serial 1672 3204676434
UMAP_SPARSE_FIT_BITS optimizer-n1024-d2-zerosTrue.serial 1673 3162576816
UMAP_SPARSE_FIT_BITS optimizer-n1024-d2-zerosTrue.serial 1674 3207443945
UMAP_SPARSE_FIT_BITS optimizer-n1024-d2-zerosTrue.serial 1675 1040789025
UMAP_SPARSE_FIT_BITS optimizer-n1024-d2-zerosTrue.serial 1676 3217725864
UMAP_SPARSE_FIT_BITS optimizer-n1024-d2-zerosTrue.serial 1677 1058916430
UMAP_SPARSE_FIT_BITS optimizer-n1024-d2-zerosTrue.serial 1678 3201255939
UMAP_SPARSE_FIT_BITS optimizer-n1024-d2-zerosTrue.serial 1679 3208565359
UMAP_SPARSE_FIT_BITS optimizer-n1024-d2-zerosTrue.serial 1680 3208926353
UMAP_SPARSE_FIT_BITS optimizer-n1024-d2-zerosTrue.serial 1681 3206865753
UMAP_SPARSE_FIT_BITS optimizer-n1024-d2-zerosTrue.serial 1682 3214210756
UMAP_SPARSE_FIT_BITS optimizer-n1024-d2-zerosTrue.serial 1683 3188009023
UMAP_SPARSE_FIT_BITS optimizer-n1024-d2-zerosTrue.serial 1684 3220029363
UMAP_SPARSE_FIT_BITS optimizer-n1024-d2-zerosTrue.serial 1685 1075102422
UMAP_SPARSE_FIT_BITS optimizer-n1024-d2-zerosTrue.serial 1686 3218422522
UMAP_SPARSE_FIT_BITS optimizer-n1024-d2-zerosTrue.serial 1687 1075319018
UMAP_SPARSE_FIT_BITS optimizer-n1024-d2-zerosTrue.serial 1688 1076675750
UMAP_SPARSE_FIT_BITS optimizer-n1024-d2-zerosTrue.serial 1689 1060544246
UMAP_SPARSE_FIT_BITS optimizer-n1024-d2-zerosTrue.serial 1690 1083202800
UMAP_SPARSE_FIT_BITS optimizer-n1024-d2-zerosTrue.serial 1691 1045094766
UMAP_SPARSE_FIT_BITS optimizer-n1024-d2-zerosTrue.serial 1692 1065397390
UMAP_SPARSE_FIT_BITS optimizer-n1024-d2-zerosTrue.serial 1693 1070509013
UMAP_SPARSE_FIT_BITS optimizer-n1024-d2-zerosTrue.serial 1694 1065384358
UMAP_SPARSE_FIT_BITS optimizer-n1024-d2-zerosTrue.serial 1695 1071870962
UMAP_SPARSE_FIT_BITS optimizer-n1024-d2-zerosTrue.serial 1696 1064930285
UMAP_SPARSE_FIT_BITS optimizer-n1024-d2-zerosTrue.serial 1697 1073540908
UMAP_SPARSE_FIT_BITS optimizer-n1024-d2-zerosTrue.serial 1698 1054463540
UMAP_SPARSE_FIT_BITS optimizer-n1024-d2-zerosTrue.serial 1699 1072485934
UMAP_SPARSE_FIT_BITS optimizer-n1024-d2-zerosTrue.serial 1700 1065763019
UMAP_SPARSE_FIT_BITS optimizer-n1024-d2-zerosTrue.serial 1701 1062339545
UMAP_SPARSE_FIT_BITS optimizer-n1024-d2-zerosTrue.serial 1702 1066433549
UMAP_SPARSE_FIT_BITS optimizer-n1024-d2-zerosTrue.serial 1703 1065524356
UMAP_SPARSE_FIT_BITS optimizer-n1024-d2-zerosTrue.serial 1704 1075793165
UMAP_SPARSE_FIT_BITS optimizer-n1024-d2-zerosTrue.serial 1705 1067845867
UMAP_SPARSE_FIT_BITS optimizer-n1024-d2-zerosTrue.serial 1706 1069998246
UMAP_SPARSE_FIT_BITS optimizer-n1024-d2-zerosTrue.serial 1707 1055675833
UMAP_SPARSE_FIT_BITS optimizer-n1024-d2-zerosTrue.serial 1708 1074568896
UMAP_SPARSE_FIT_BITS optimizer-n1024-d2-zerosTrue.serial 1709 1033340094
UMAP_SPARSE_FIT_BITS optimizer-n1024-d2-zerosTrue.serial 1710 1075239004
UMAP_SPARSE_FIT_BITS optimizer-n1024-d2-zerosTrue.serial 1711 3171846656
UMAP_SPARSE_FIT_BITS optimizer-n1024-d2-zerosTrue.serial 1712 1074371663
UMAP_SPARSE_FIT_BITS optimizer-n1024-d2-zerosTrue.serial 1713 1049491651
UMAP_SPARSE_FIT_BITS optimizer-n1024-d2-zerosTrue.serial 1714 1077953900
UMAP_SPARSE_FIT_BITS optimizer-n1024-d2-zerosTrue.serial 1715 1060641849
UMAP_SPARSE_FIT_BITS optimizer-n1024-d2-zerosTrue.serial 1716 1079392660
UMAP_SPARSE_FIT_BITS optimizer-n1024-d2-zerosTrue.serial 1717 1067355929
UMAP_SPARSE_FIT_BITS optimizer-n1024-d2-zerosTrue.serial 1718 1080699387
UMAP_SPARSE_FIT_BITS optimizer-n1024-d2-zerosTrue.serial 1719 1070691842
UMAP_SPARSE_FIT_BITS optimizer-n1024-d2-zerosTrue.serial 1720 1080731468
UMAP_SPARSE_FIT_BITS optimizer-n1024-d2-zerosTrue.serial 1721 3210892055
UMAP_SPARSE_FIT_BITS optimizer-n1024-d2-zerosTrue.serial 1722 1078148976
UMAP_SPARSE_FIT_BITS optimizer-n1024-d2-zerosTrue.serial 1723 1053689010
UMAP_SPARSE_FIT_BITS optimizer-n1024-d2-zerosTrue.serial 1724 1080542668
UMAP_SPARSE_FIT_BITS optimizer-n1024-d2-zerosTrue.serial 1725 1056743051
UMAP_SPARSE_FIT_BITS optimizer-n1024-d2-zerosTrue.serial 1726 1080584148
UMAP_SPARSE_FIT_BITS optimizer-n1024-d2-zerosTrue.serial 1727 1060586186
UMAP_SPARSE_FIT_BITS optimizer-n1024-d2-zerosTrue.serial 1728 1080826846
UMAP_SPARSE_FIT_BITS optimizer-n1024-d2-zerosTrue.serial 1729 1059445742
UMAP_SPARSE_FIT_BITS optimizer-n1024-d2-zerosTrue.serial 1730 1082126505
UMAP_SPARSE_FIT_BITS optimizer-n1024-d2-zerosTrue.serial 1731 1056384490
UMAP_SPARSE_FIT_BITS optimizer-n1024-d2-zerosTrue.serial 1732 1082492276
UMAP_SPARSE_FIT_BITS optimizer-n1024-d2-zerosTrue.serial 1733 1054126266
UMAP_SPARSE_FIT_BITS optimizer-n1024-d2-zerosTrue.serial 1734 1082243468
UMAP_SPARSE_FIT_BITS optimizer-n1024-d2-zerosTrue.serial 1735 1047774498
UMAP_SPARSE_FIT_BITS optimizer-n1024-d2-zerosTrue.serial 1736 1076902536
UMAP_SPARSE_FIT_BITS optimizer-n1024-d2-zerosTrue.serial 1737 3150897616
UMAP_SPARSE_FIT_BITS optimizer-n1024-d2-zerosTrue.serial 1738 1075482770
UMAP_SPARSE_FIT_BITS optimizer-n1024-d2-zerosTrue.serial 1739 1033006135
UMAP_SPARSE_FIT_BITS optimizer-n1024-d2-zerosTrue.serial 1740 1071007458
UMAP_SPARSE_FIT_BITS optimizer-n1024-d2-zerosTrue.serial 1741 3172554520
UMAP_SPARSE_FIT_BITS optimizer-n1024-d2-zerosTrue.serial 1742 1068359298
UMAP_SPARSE_FIT_BITS optimizer-n1024-d2-zerosTrue.serial 1743 1047525479
UMAP_SPARSE_FIT_BITS optimizer-n1024-d2-zerosTrue.serial 1744 1076298048
UMAP_SPARSE_FIT_BITS optimizer-n1024-d2-zerosTrue.serial 1745 3191998198
UMAP_SPARSE_FIT_BITS optimizer-n1024-d2-zerosTrue.serial 1746 1074094332
UMAP_SPARSE_FIT_BITS optimizer-n1024-d2-zerosTrue.serial 1747 1064163112
UMAP_SPARSE_FIT_BITS optimizer-n1024-d2-zerosTrue.serial 1748 1075598238
UMAP_SPARSE_FIT_BITS optimizer-n1024-d2-zerosTrue.serial 1749 1069573690
UMAP_SPARSE_FIT_BITS optimizer-n1024-d2-zerosTrue.serial 1750 1079915724
UMAP_SPARSE_FIT_BITS optimizer-n1024-d2-zerosTrue.serial 1751 1077720236
UMAP_SPARSE_FIT_BITS optimizer-n1024-d2-zerosTrue.serial 1752 1077996037
UMAP_SPARSE_FIT_BITS optimizer-n1024-d2-zerosTrue.serial 1753 1080161148
UMAP_SPARSE_FIT_BITS optimizer-n1024-d2-zerosTrue.serial 1754 1082268415
UMAP_SPARSE_FIT_BITS optimizer-n1024-d2-zerosTrue.serial 1755 1071759015
UMAP_SPARSE_FIT_BITS optimizer-n1024-d2-zerosTrue.serial 1756 1077860078
UMAP_SPARSE_FIT_BITS optimizer-n1024-d2-zerosTrue.serial 1757 1076088331
UMAP_SPARSE_FIT_BITS optimizer-n1024-d2-zerosTrue.serial 1758 1078180742
UMAP_SPARSE_FIT_BITS optimizer-n1024-d2-zerosTrue.serial 1759 1075542187
UMAP_SPARSE_FIT_BITS optimizer-n1024-d2-zerosTrue.serial 1760 1078167012
UMAP_SPARSE_FIT_BITS optimizer-n1024-d2-zerosTrue.serial 1761 1074731562
UMAP_SPARSE_FIT_BITS optimizer-n1024-d2-zerosTrue.serial 1762 1077570459
UMAP_SPARSE_FIT_BITS optimizer-n1024-d2-zerosTrue.serial 1763 1071668855
UMAP_SPARSE_FIT_BITS optimizer-n1024-d2-zerosTrue.serial 1764 1075465433
UMAP_SPARSE_FIT_BITS optimizer-n1024-d2-zerosTrue.serial 1765 1069725195
UMAP_SPARSE_FIT_BITS optimizer-n1024-d2-zerosTrue.serial 1766 1067378241
UMAP_SPARSE_FIT_BITS optimizer-n1024-d2-zerosTrue.serial 1767 1069164748
UMAP_SPARSE_FIT_BITS optimizer-n1024-d2-zerosTrue.serial 1768 3191551560
UMAP_SPARSE_FIT_BITS optimizer-n1024-d2-zerosTrue.serial 1769 1069669484
UMAP_SPARSE_FIT_BITS optimizer-n1024-d2-zerosTrue.serial 1770 3216119998
UMAP_SPARSE_FIT_BITS optimizer-n1024-d2-zerosTrue.serial 1771 1075029447
UMAP_SPARSE_FIT_BITS optimizer-n1024-d2-zerosTrue.serial 1772 3207141016
UMAP_SPARSE_FIT_BITS optimizer-n1024-d2-zerosTrue.serial 1773 1061665736
UMAP_SPARSE_FIT_BITS optimizer-n1024-d2-zerosTrue.serial 1774 3214814978
UMAP_SPARSE_FIT_BITS optimizer-n1024-d2-zerosTrue.serial 1775 3220142560
UMAP_SPARSE_FIT_BITS optimizer-n1024-d2-zerosTrue.serial 1776 3214173705
UMAP_SPARSE_FIT_BITS optimizer-n1024-d2-zerosTrue.serial 1777 1075501954
UMAP_SPARSE_FIT_BITS optimizer-n1024-d2-zerosTrue.serial 1778 3212687574
UMAP_SPARSE_FIT_BITS optimizer-n1024-d2-zerosTrue.serial 1779 1077734557
UMAP_SPARSE_FIT_BITS optimizer-n1024-d2-zerosTrue.serial 1780 3209184628
UMAP_SPARSE_FIT_BITS optimizer-n1024-d2-zerosTrue.serial 1781 1077669900
UMAP_SPARSE_FIT_BITS optimizer-n1024-d2-zerosTrue.serial 1782 1041848684
UMAP_SPARSE_FIT_BITS optimizer-n1024-d2-zerosTrue.serial 1783 1078052440
UMAP_SPARSE_FIT_BITS optimizer-n1024-d2-zerosTrue.serial 1784 3199545874
UMAP_SPARSE_FIT_BITS optimizer-n1024-d2-zerosTrue.serial 1785 1079717917
UMAP_SPARSE_FIT_BITS optimizer-n1024-d2-zerosTrue.serial 1786 1084026321
UMAP_SPARSE_FIT_BITS optimizer-n1024-d2-zerosTrue.serial 1787 1033180688
UMAP_SPARSE_FIT_BITS optimizer-n1024-d2-zerosTrue.serial 1788 1079134772
UMAP_SPARSE_FIT_BITS optimizer-n1024-d2-zerosTrue.serial 1789 1082297979
UMAP_SPARSE_FIT_BITS optimizer-n1024-d2-zerosTrue.serial 1790 1071124626
UMAP_SPARSE_FIT_BITS optimizer-n1024-d2-zerosTrue.serial 1791 3200383624
UMAP_SPARSE_FIT_BITS optimizer-n1024-d2-zerosTrue.serial 1792 1071616366
UMAP_SPARSE_FIT_BITS optimizer-n1024-d2-zerosTrue.serial 1793 3205297813
UMAP_SPARSE_FIT_BITS optimizer-n1024-d2-zerosTrue.serial 1794 1068778094
UMAP_SPARSE_FIT_BITS optimizer-n1024-d2-zerosTrue.serial 1795 3201370828
UMAP_SPARSE_FIT_BITS optimizer-n1024-d2-zerosTrue.serial 1796 1067717337
UMAP_SPARSE_FIT_BITS optimizer-n1024-d2-zerosTrue.serial 1797 3196932328
UMAP_SPARSE_FIT_BITS optimizer-n1024-d2-zerosTrue.serial 1798 3187146582
UMAP_SPARSE_FIT_BITS optimizer-n1024-d2-zerosTrue.serial 1799 3176358016
UMAP_SPARSE_FIT_BITS optimizer-n1024-d2-zerosTrue.serial 1800 1036114621
UMAP_SPARSE_FIT_BITS optimizer-n1024-d2-zerosTrue.serial 1801 3202072141
UMAP_SPARSE_FIT_BITS optimizer-n1024-d2-zerosTrue.serial 1802 3172870977
UMAP_SPARSE_FIT_BITS optimizer-n1024-d2-zerosTrue.serial 1803 3200933617
UMAP_SPARSE_FIT_BITS optimizer-n1024-d2-zerosTrue.serial 1804 3203896576
UMAP_SPARSE_FIT_BITS optimizer-n1024-d2-zerosTrue.serial 1805 3207704337
UMAP_SPARSE_FIT_BITS optimizer-n1024-d2-zerosTrue.serial 1806 3219261129
UMAP_SPARSE_FIT_BITS optimizer-n1024-d2-zerosTrue.serial 1807 3221383978
UMAP_SPARSE_FIT_BITS optimizer-n1024-d2-zerosTrue.serial 1808 1054187749
UMAP_SPARSE_FIT_BITS optimizer-n1024-d2-zerosTrue.serial 1809 3173203134
UMAP_SPARSE_FIT_BITS optimizer-n1024-d2-zerosTrue.serial 1810 1074170135
UMAP_SPARSE_FIT_BITS optimizer-n1024-d2-zerosTrue.serial 1811 1067044838
UMAP_SPARSE_FIT_BITS optimizer-n1024-d2-zerosTrue.serial 1812 3210661871
UMAP_SPARSE_FIT_BITS optimizer-n1024-d2-zerosTrue.serial 1813 3215434487
UMAP_SPARSE_FIT_BITS optimizer-n1024-d2-zerosTrue.serial 1814 1067112647
UMAP_SPARSE_FIT_BITS optimizer-n1024-d2-zerosTrue.serial 1815 1067110520
UMAP_SPARSE_FIT_BITS optimizer-n1024-d2-zerosTrue.serial 1816 1064614085
UMAP_SPARSE_FIT_BITS optimizer-n1024-d2-zerosTrue.serial 1817 1070838686
UMAP_SPARSE_FIT_BITS optimizer-n1024-d2-zerosTrue.serial 1818 1055143568
UMAP_SPARSE_FIT_BITS optimizer-n1024-d2-zerosTrue.serial 1819 1064521218
UMAP_SPARSE_FIT_BITS optimizer-n1024-d2-zerosTrue.serial 1820 1056804415
UMAP_SPARSE_FIT_BITS optimizer-n1024-d2-zerosTrue.serial 1821 1074392394
UMAP_SPARSE_FIT_BITS optimizer-n1024-d2-zerosTrue.serial 1822 1055341358
UMAP_SPARSE_FIT_BITS optimizer-n1024-d2-zerosTrue.serial 1823 1071684283
UMAP_SPARSE_FIT_BITS optimizer-n1024-d2-zerosTrue.serial 1824 1058962610
UMAP_SPARSE_FIT_BITS optimizer-n1024-d2-zerosTrue.serial 1825 1070957521
UMAP_SPARSE_FIT_BITS optimizer-n1024-d2-zerosTrue.serial 1826 1081990623
UMAP_SPARSE_FIT_BITS optimizer-n1024-d2-zerosTrue.serial 1827 3197334782
UMAP_SPARSE_FIT_BITS optimizer-n1024-d2-zerosTrue.serial 1828 1074567354
UMAP_SPARSE_FIT_BITS optimizer-n1024-d2-zerosTrue.serial 1829 1062510426
UMAP_SPARSE_FIT_BITS optimizer-n1024-d2-zerosTrue.serial 1830 1076366511
UMAP_SPARSE_FIT_BITS optimizer-n1024-d2-zerosTrue.serial 1831 1061685658
UMAP_SPARSE_FIT_BITS optimizer-n1024-d2-zerosTrue.serial 1832 1075282571
UMAP_SPARSE_FIT_BITS optimizer-n1024-d2-zerosTrue.serial 1833 1040270010
UMAP_SPARSE_FIT_BITS optimizer-n1024-d2-zerosTrue.serial 1834 1073882377
UMAP_SPARSE_FIT_BITS optimizer-n1024-d2-zerosTrue.serial 1835 3191014678
UMAP_SPARSE_FIT_BITS optimizer-n1024-d2-zerosTrue.serial 1836 1076898057
UMAP_SPARSE_FIT_BITS optimizer-n1024-d2-zerosTrue.serial 1837 1047308394
UMAP_SPARSE_FIT_BITS optimizer-n1024-d2-zerosTrue.serial 1838 1078814264
UMAP_SPARSE_FIT_BITS optimizer-n1024-d2-zerosTrue.serial 1839 1053867052
UMAP_SPARSE_FIT_BITS optimizer-n1024-d2-zerosTrue.serial 1840 1070445069
UMAP_SPARSE_FIT_BITS optimizer-n1024-d2-zerosTrue.serial 1841 1065672575
UMAP_SPARSE_FIT_BITS optimizer-n1024-d2-zerosTrue.serial 1842 1062530762
UMAP_SPARSE_FIT_BITS optimizer-n1024-d2-zerosTrue.serial 1843 1043484070
UMAP_SPARSE_FIT_BITS optimizer-n1024-d2-zerosTrue.serial 1844 3199783532
UMAP_SPARSE_FIT_BITS optimizer-n1024-d2-zerosTrue.serial 1845 3204816898
UMAP_SPARSE_FIT_BITS optimizer-n1024-d2-zerosTrue.serial 1846 3199440248
UMAP_SPARSE_FIT_BITS optimizer-n1024-d2-zerosTrue.serial 1847 3198956681
UMAP_SPARSE_FIT_BITS optimizer-n1024-d2-zerosTrue.serial 1848 1040512332
UMAP_SPARSE_FIT_BITS optimizer-n1024-d2-zerosTrue.serial 1849 3186989239
UMAP_SPARSE_FIT_BITS optimizer-n1024-d2-zerosTrue.serial 1850 1073094748
UMAP_SPARSE_FIT_BITS optimizer-n1024-d2-zerosTrue.serial 1851 3220032881
UMAP_SPARSE_FIT_BITS optimizer-n1024-d2-zerosTrue.serial 1852 1071338678
UMAP_SPARSE_FIT_BITS optimizer-n1024-d2-zerosTrue.serial 1853 3216280274
UMAP_SPARSE_FIT_BITS optimizer-n1024-d2-zerosTrue.serial 1854 3189729445
UMAP_SPARSE_FIT_BITS optimizer-n1024-d2-zerosTrue.serial 1855 1065635717
UMAP_SPARSE_FIT_BITS optimizer-n1024-d2-zerosTrue.serial 1856 3179881936
UMAP_SPARSE_FIT_BITS optimizer-n1024-d2-zerosTrue.serial 1857 1073244569
UMAP_SPARSE_FIT_BITS optimizer-n1024-d2-zerosTrue.serial 1858 1075636104
UMAP_SPARSE_FIT_BITS optimizer-n1024-d2-zerosTrue.serial 1859 1067484431
UMAP_SPARSE_FIT_BITS optimizer-n1024-d2-zerosTrue.serial 1860 1076275303
UMAP_SPARSE_FIT_BITS optimizer-n1024-d2-zerosTrue.serial 1861 1065664837
UMAP_SPARSE_FIT_BITS optimizer-n1024-d2-zerosTrue.serial 1862 1076844907
UMAP_SPARSE_FIT_BITS optimizer-n1024-d2-zerosTrue.serial 1863 1065534115
UMAP_SPARSE_FIT_BITS optimizer-n1024-d2-zerosTrue.serial 1864 1075826923
UMAP_SPARSE_FIT_BITS optimizer-n1024-d2-zerosTrue.serial 1865 1063555352
UMAP_SPARSE_FIT_BITS optimizer-n1024-d2-zerosTrue.serial 1866 1073597453
UMAP_SPARSE_FIT_BITS optimizer-n1024-d2-zerosTrue.serial 1867 1062382705
UMAP_SPARSE_FIT_BITS optimizer-n1024-d2-zerosTrue.serial 1868 1066560944
UMAP_SPARSE_FIT_BITS optimizer-n1024-d2-zerosTrue.serial 1869 1063398215
UMAP_SPARSE_FIT_BITS optimizer-n1024-d2-zerosTrue.serial 1870 1062491651
UMAP_SPARSE_FIT_BITS optimizer-n1024-d2-zerosTrue.serial 1871 1065447206
UMAP_SPARSE_FIT_BITS optimizer-n1024-d2-zerosTrue.serial 1872 3206906538
UMAP_SPARSE_FIT_BITS optimizer-n1024-d2-zerosTrue.serial 1873 1066285825
UMAP_SPARSE_FIT_BITS optimizer-n1024-d2-zerosTrue.serial 1874 3205744666
UMAP_SPARSE_FIT_BITS optimizer-n1024-d2-zerosTrue.serial 1875 1063053855
UMAP_SPARSE_FIT_BITS optimizer-n1024-d2-zerosTrue.serial 1876 3215116890
UMAP_SPARSE_FIT_BITS optimizer-n1024-d2-zerosTrue.serial 1877 1064724762
UMAP_SPARSE_FIT_BITS optimizer-n1024-d2-zerosTrue.serial 1878 3218693701
UMAP_SPARSE_FIT_BITS optimizer-n1024-d2-zerosTrue.serial 1879 1059726997
UMAP_SPARSE_FIT_BITS optimizer-n1024-d2-zerosTrue.serial 1880 3217626393
UMAP_SPARSE_FIT_BITS optimizer-n1024-d2-zerosTrue.serial 1881 1052186909
UMAP_SPARSE_FIT_BITS optimizer-n1024-d2-zerosTrue.serial 1882 3219668769
UMAP_SPARSE_FIT_BITS optimizer-n1024-d2-zerosTrue.serial 1883 1057785454
UMAP_SPARSE_FIT_BITS optimizer-n1024-d2-zerosTrue.serial 1884 1068971169
UMAP_SPARSE_FIT_BITS optimizer-n1024-d2-zerosTrue.serial 1885 1062229626
UMAP_SPARSE_FIT_BITS optimizer-n1024-d2-zerosTrue.serial 1886 1068420570
UMAP_SPARSE_FIT_BITS optimizer-n1024-d2-zerosTrue.serial 1887 1075044746
UMAP_SPARSE_FIT_BITS optimizer-n1024-d2-zerosTrue.serial 1888 1070953313
UMAP_SPARSE_FIT_BITS optimizer-n1024-d2-zerosTrue.serial 1889 1076234719
UMAP_SPARSE_FIT_BITS optimizer-n1024-d2-zerosTrue.serial 1890 1070799824
UMAP_SPARSE_FIT_BITS optimizer-n1024-d2-zerosTrue.serial 1891 1076940234
UMAP_SPARSE_FIT_BITS optimizer-n1024-d2-zerosTrue.serial 1892 1072286229
UMAP_SPARSE_FIT_BITS optimizer-n1024-d2-zerosTrue.serial 1893 1076988953
UMAP_SPARSE_FIT_BITS optimizer-n1024-d2-zerosTrue.serial 1894 1069338353
UMAP_SPARSE_FIT_BITS optimizer-n1024-d2-zerosTrue.serial 1895 1076656836
UMAP_SPARSE_FIT_BITS optimizer-n1024-d2-zerosTrue.serial 1896 1063786925
UMAP_SPARSE_FIT_BITS optimizer-n1024-d2-zerosTrue.serial 1897 1075230093
UMAP_SPARSE_FIT_BITS optimizer-n1024-d2-zerosTrue.serial 1898 1060414177
UMAP_SPARSE_FIT_BITS optimizer-n1024-d2-zerosTrue.serial 1899 1076135168
UMAP_SPARSE_FIT_BITS optimizer-n1024-d2-zerosTrue.serial 1900 1026387612
UMAP_SPARSE_FIT_BITS optimizer-n1024-d2-zerosTrue.serial 1901 1077689800
UMAP_SPARSE_FIT_BITS optimizer-n1024-d2-zerosTrue.serial 1902 3194980104
UMAP_SPARSE_FIT_BITS optimizer-n1024-d2-zerosTrue.serial 1903 1077356672
UMAP_SPARSE_FIT_BITS optimizer-n1024-d2-zerosTrue.serial 1904 3185066538
UMAP_SPARSE_FIT_BITS optimizer-n1024-d2-zerosTrue.serial 1905 1077117767
UMAP_SPARSE_FIT_BITS optimizer-n1024-d2-zerosTrue.serial 1906 1037609648
UMAP_SPARSE_FIT_BITS optimizer-n1024-d2-zerosTrue.serial 1907 1075500360
UMAP_SPARSE_FIT_BITS optimizer-n1024-d2-zerosTrue.serial 1908 1063352151
UMAP_SPARSE_FIT_BITS optimizer-n1024-d2-zerosTrue.serial 1909 1070059719
UMAP_SPARSE_FIT_BITS optimizer-n1024-d2-zerosTrue.serial 1910 1063419948
UMAP_SPARSE_FIT_BITS optimizer-n1024-d2-zerosTrue.serial 1911 1067015007
UMAP_SPARSE_FIT_BITS optimizer-n1024-d2-zerosTrue.serial 1912 998432384
UMAP_SPARSE_FIT_BITS optimizer-n1024-d2-zerosTrue.serial 1913 1070432821
UMAP_SPARSE_FIT_BITS optimizer-n1024-d2-zerosTrue.serial 1914 1068394912
UMAP_SPARSE_FIT_BITS optimizer-n1024-d2-zerosTrue.serial 1915 1073880150
UMAP_SPARSE_FIT_BITS optimizer-n1024-d2-zerosTrue.serial 1916 1074873157
UMAP_SPARSE_FIT_BITS optimizer-n1024-d2-zerosTrue.serial 1917 1075751057
UMAP_SPARSE_FIT_BITS optimizer-n1024-d2-zerosTrue.serial 1918 1072704977
UMAP_SPARSE_FIT_BITS optimizer-n1024-d2-zerosTrue.serial 1919 1075243851
UMAP_SPARSE_FIT_BITS optimizer-n1024-d2-zerosTrue.serial 1920 1069944784
UMAP_SPARSE_FIT_BITS optimizer-n1024-d2-zerosTrue.serial 1921 1079667891
UMAP_SPARSE_FIT_BITS optimizer-n1024-d2-zerosTrue.serial 1922 1064148445
UMAP_SPARSE_FIT_BITS optimizer-n1024-d2-zerosTrue.serial 1923 1070907073
UMAP_SPARSE_FIT_BITS optimizer-n1024-d2-zerosTrue.serial 1924 1068119828
UMAP_SPARSE_FIT_BITS optimizer-n1024-d2-zerosTrue.serial 1925 1070645126
UMAP_SPARSE_FIT_BITS optimizer-n1024-d2-zerosTrue.serial 1926 1069831784
UMAP_SPARSE_FIT_BITS optimizer-n1024-d2-zerosTrue.serial 1927 1069296939
UMAP_SPARSE_FIT_BITS optimizer-n1024-d2-zerosTrue.serial 1928 1068135713
UMAP_SPARSE_FIT_BITS optimizer-n1024-d2-zerosTrue.serial 1929 1073412958
UMAP_SPARSE_FIT_BITS optimizer-n1024-d2-zerosTrue.serial 1930 1072804123
UMAP_SPARSE_FIT_BITS optimizer-n1024-d2-zerosTrue.serial 1931 1074740887
UMAP_SPARSE_FIT_BITS optimizer-n1024-d2-zerosTrue.serial 1932 1074632310
UMAP_SPARSE_FIT_BITS optimizer-n1024-d2-zerosTrue.serial 1933 1076830152
UMAP_SPARSE_FIT_BITS optimizer-n1024-d2-zerosTrue.serial 1934 1074654254
UMAP_SPARSE_FIT_BITS optimizer-n1024-d2-zerosTrue.serial 1935 1076664507
UMAP_SPARSE_FIT_BITS optimizer-n1024-d2-zerosTrue.serial 1936 3199972666
UMAP_SPARSE_FIT_BITS optimizer-n1024-d2-zerosTrue.serial 1937 3169020696
UMAP_SPARSE_FIT_BITS optimizer-n1024-d2-zerosTrue.serial 1938 3209853198
UMAP_SPARSE_FIT_BITS optimizer-n1024-d2-zerosTrue.serial 1939 3184906092
UMAP_SPARSE_FIT_BITS optimizer-n1024-d2-zerosTrue.serial 1940 3216530006
UMAP_SPARSE_FIT_BITS optimizer-n1024-d2-zerosTrue.serial 1941 3172795128
UMAP_SPARSE_FIT_BITS optimizer-n1024-d2-zerosTrue.serial 1942 3216002466
UMAP_SPARSE_FIT_BITS optimizer-n1024-d2-zerosTrue.serial 1943 1073985264
UMAP_SPARSE_FIT_BITS optimizer-n1024-d2-zerosTrue.serial 1944 3216953796
UMAP_SPARSE_FIT_BITS optimizer-n1024-d2-zerosTrue.serial 1945 1074305778
UMAP_SPARSE_FIT_BITS optimizer-n1024-d2-zerosTrue.serial 1946 3214525926
UMAP_SPARSE_FIT_BITS optimizer-n1024-d2-zerosTrue.serial 1947 1073391693
UMAP_SPARSE_FIT_BITS optimizer-n1024-d2-zerosTrue.serial 1948 3211301713
UMAP_SPARSE_FIT_BITS optimizer-n1024-d2-zerosTrue.serial 1949 1072993225
UMAP_SPARSE_FIT_BITS optimizer-n1024-d2-zerosTrue.serial 1950 3210142280
UMAP_SPARSE_FIT_BITS optimizer-n1024-d2-zerosTrue.serial 1951 1073581486
UMAP_SPARSE_FIT_BITS optimizer-n1024-d2-zerosTrue.serial 1952 3206423446
UMAP_SPARSE_FIT_BITS optimizer-n1024-d2-zerosTrue.serial 1953 1073013198
UMAP_SPARSE_FIT_BITS optimizer-n1024-d2-zerosTrue.serial 1954 1062551614
UMAP_SPARSE_FIT_BITS optimizer-n1024-d2-zerosTrue.serial 1955 1055489070
UMAP_SPARSE_FIT_BITS optimizer-n1024-d2-zerosTrue.serial 1956 1033973093
UMAP_SPARSE_FIT_BITS optimizer-n1024-d2-zerosTrue.serial 1957 1064772202
UMAP_SPARSE_FIT_BITS optimizer-n1024-d2-zerosTrue.serial 1958 1038770221
UMAP_SPARSE_FIT_BITS optimizer-n1024-d2-zerosTrue.serial 1959 1065682091
UMAP_SPARSE_FIT_BITS optimizer-n1024-d2-zerosTrue.serial 1960 1079748385
UMAP_SPARSE_FIT_BITS optimizer-n1024-d2-zerosTrue.serial 1961 3203617890
UMAP_SPARSE_FIT_BITS optimizer-n1024-d2-zerosTrue.serial 1962 1078611854
UMAP_SPARSE_FIT_BITS optimizer-n1024-d2-zerosTrue.serial 1963 3203305517
UMAP_SPARSE_FIT_BITS optimizer-n1024-d2-zerosTrue.serial 1964 1062303416
UMAP_SPARSE_FIT_BITS optimizer-n1024-d2-zerosTrue.serial 1965 1033609315
UMAP_SPARSE_FIT_BITS optimizer-n1024-d2-zerosTrue.serial 1966 3196074395
UMAP_SPARSE_FIT_BITS optimizer-n1024-d2-zerosTrue.serial 1967 1080594431
UMAP_SPARSE_FIT_BITS optimizer-n1024-d2-zerosTrue.serial 1968 3205807623
UMAP_SPARSE_FIT_BITS optimizer-n1024-d2-zerosTrue.serial 1969 1079379468
UMAP_SPARSE_FIT_BITS optimizer-n1024-d2-zerosTrue.serial 1970 1033316270
UMAP_SPARSE_FIT_BITS optimizer-n1024-d2-zerosTrue.serial 1971 1075540802
UMAP_SPARSE_FIT_BITS optimizer-n1024-d2-zerosTrue.serial 1972 1070334113
UMAP_SPARSE_FIT_BITS optimizer-n1024-d2-zerosTrue.serial 1973 1059426596
UMAP_SPARSE_FIT_BITS optimizer-n1024-d2-zerosTrue.serial 1974 3219106913
UMAP_SPARSE_FIT_BITS optimizer-n1024-d2-zerosTrue.serial 1975 3175594382
UMAP_SPARSE_FIT_BITS optimizer-n1024-d2-zerosTrue.serial 1976 3217096994
UMAP_SPARSE_FIT_BITS optimizer-n1024-d2-zerosTrue.serial 1977 3204697778
UMAP_SPARSE_FIT_BITS optimizer-n1024-d2-zerosTrue.serial 1978 3214480560
UMAP_SPARSE_FIT_BITS optimizer-n1024-d2-zerosTrue.serial 1979 3207067105
UMAP_SPARSE_FIT_BITS optimizer-n1024-d2-zerosTrue.serial 1980 3209958328
UMAP_SPARSE_FIT_BITS optimizer-n1024-d2-zerosTrue.serial 1981 3207270316
UMAP_SPARSE_FIT_BITS optimizer-n1024-d2-zerosTrue.serial 1982 3205151440
UMAP_SPARSE_FIT_BITS optimizer-n1024-d2-zerosTrue.serial 1983 3206824767
UMAP_SPARSE_FIT_BITS optimizer-n1024-d2-zerosTrue.serial 1984 3182381964
UMAP_SPARSE_FIT_BITS optimizer-n1024-d2-zerosTrue.serial 1985 3210653642
UMAP_SPARSE_FIT_BITS optimizer-n1024-d2-zerosTrue.serial 1986 1060473840
UMAP_SPARSE_FIT_BITS optimizer-n1024-d2-zerosTrue.serial 1987 3200806852
UMAP_SPARSE_FIT_BITS optimizer-n1024-d2-zerosTrue.serial 1988 1067150543
UMAP_SPARSE_FIT_BITS optimizer-n1024-d2-zerosTrue.serial 1989 3188970711
UMAP_SPARSE_FIT_BITS optimizer-n1024-d2-zerosTrue.serial 1990 1074546085
UMAP_SPARSE_FIT_BITS optimizer-n1024-d2-zerosTrue.serial 1991 1062807448
UMAP_SPARSE_FIT_BITS optimizer-n1024-d2-zerosTrue.serial 1992 1074330250
UMAP_SPARSE_FIT_BITS optimizer-n1024-d2-zerosTrue.serial 1993 1065818585
UMAP_SPARSE_FIT_BITS optimizer-n1024-d2-zerosTrue.serial 1994 1067961849
UMAP_SPARSE_FIT_BITS optimizer-n1024-d2-zerosTrue.serial 1995 1080791413
UMAP_SPARSE_FIT_BITS optimizer-n1024-d2-zerosTrue.serial 1996 1062778937
UMAP_SPARSE_FIT_BITS optimizer-n1024-d2-zerosTrue.serial 1997 1079488862
UMAP_SPARSE_FIT_BITS optimizer-n1024-d2-zerosTrue.serial 1998 1061654314
UMAP_SPARSE_FIT_BITS optimizer-n1024-d2-zerosTrue.serial 1999 1078409436
UMAP_SPARSE_FIT_BITS optimizer-n1024-d2-zerosTrue.serial 2000 1044264134
UMAP_SPARSE_FIT_BITS optimizer-n1024-d2-zerosTrue.serial 2001 1071550699
UMAP_SPARSE_FIT_BITS optimizer-n1024-d2-zerosTrue.serial 2002 1058314154
UMAP_SPARSE_FIT_BITS optimizer-n1024-d2-zerosTrue.serial 2003 1067083116
UMAP_SPARSE_FIT_BITS optimizer-n1024-d2-zerosTrue.serial 2004 1067987636
UMAP_SPARSE_FIT_BITS optimizer-n1024-d2-zerosTrue.serial 2005 1066758225
UMAP_SPARSE_FIT_BITS optimizer-n1024-d2-zerosTrue.serial 2006 1075685873
UMAP_SPARSE_FIT_BITS optimizer-n1024-d2-zerosTrue.serial 2007 1063909007
UMAP_SPARSE_FIT_BITS optimizer-n1024-d2-zerosTrue.serial 2008 1078898913
UMAP_SPARSE_FIT_BITS optimizer-n1024-d2-zerosTrue.serial 2009 1081949332
UMAP_SPARSE_FIT_BITS optimizer-n1024-d2-zerosTrue.serial 2010 1078354531
UMAP_SPARSE_FIT_BITS optimizer-n1024-d2-zerosTrue.serial 2011 1081855970
UMAP_SPARSE_FIT_BITS optimizer-n1024-d2-zerosTrue.serial 2012 1057237199
UMAP_SPARSE_FIT_BITS optimizer-n1024-d2-zerosTrue.serial 2013 1076489134
UMAP_SPARSE_FIT_BITS optimizer-n1024-d2-zerosTrue.serial 2014 1058796092
UMAP_SPARSE_FIT_BITS optimizer-n1024-d2-zerosTrue.serial 2015 1077633060
UMAP_SPARSE_FIT_BITS optimizer-n1024-d2-zerosTrue.serial 2016 1070134674
UMAP_SPARSE_FIT_BITS optimizer-n1024-d2-zerosTrue.serial 2017 1080922419
UMAP_SPARSE_FIT_BITS optimizer-n1024-d2-zerosTrue.serial 2018 1065821865
UMAP_SPARSE_FIT_BITS optimizer-n1024-d2-zerosTrue.serial 2019 1072976510
UMAP_SPARSE_FIT_BITS optimizer-n1024-d2-zerosTrue.serial 2020 1059108613
UMAP_SPARSE_FIT_BITS optimizer-n1024-d2-zerosTrue.serial 2021 1071962596
UMAP_SPARSE_FIT_BITS optimizer-n1024-d2-zerosTrue.serial 2022 1065916549
UMAP_SPARSE_FIT_BITS optimizer-n1024-d2-zerosTrue.serial 2023 1071430969
UMAP_SPARSE_FIT_BITS optimizer-n1024-d2-zerosTrue.serial 2024 1063113247
UMAP_SPARSE_FIT_BITS optimizer-n1024-d2-zerosTrue.serial 2025 1068520404
UMAP_SPARSE_FIT_BITS optimizer-n1024-d2-zerosTrue.serial 2026 1077302048
UMAP_SPARSE_FIT_BITS optimizer-n1024-d2-zerosTrue.serial 2027 3188667222
UMAP_SPARSE_FIT_BITS optimizer-n1024-d2-zerosTrue.serial 2028 1078644470
UMAP_SPARSE_FIT_BITS optimizer-n1024-d2-zerosTrue.serial 2029 1072168475
UMAP_SPARSE_FIT_BITS optimizer-n1024-d2-zerosTrue.serial 2030 1069595664
UMAP_SPARSE_FIT_BITS optimizer-n1024-d2-zerosTrue.serial 2031 1078269679
UMAP_SPARSE_FIT_BITS optimizer-n1024-d2-zerosTrue.serial 2032 1069872172
UMAP_SPARSE_FIT_BITS optimizer-n1024-d2-zerosTrue.serial 2033 1078657826
UMAP_SPARSE_FIT_BITS optimizer-n1024-d2-zerosTrue.serial 2034 1070101931
UMAP_SPARSE_FIT_BITS optimizer-n1024-d2-zerosTrue.serial 2035 1078945637
UMAP_SPARSE_FIT_BITS optimizer-n1024-d2-zerosTrue.serial 2036 3213524442
UMAP_SPARSE_FIT_BITS optimizer-n1024-d2-zerosTrue.serial 2037 1076343688
UMAP_SPARSE_FIT_BITS optimizer-n1024-d2-zerosTrue.serial 2038 3222630741
UMAP_SPARSE_FIT_BITS optimizer-n1024-d2-zerosTrue.serial 2039 1022368604
UMAP_SPARSE_FIT_BITS optimizer-n1024-d2-zerosTrue.serial 2040 3222501460
UMAP_SPARSE_FIT_BITS optimizer-n1024-d2-zerosTrue.serial 2041 3199245737
UMAP_SPARSE_FIT_BITS optimizer-n1024-d2-zerosTrue.serial 2042 1064417773
UMAP_SPARSE_FIT_BITS optimizer-n1024-d2-zerosTrue.serial 2043 3221930589
UMAP_SPARSE_FIT_BITS optimizer-n1024-d2-zerosTrue.serial 2044 3216901512
UMAP_SPARSE_FIT_BITS optimizer-n1024-d2-zerosTrue.serial 2045 3191024725
UMAP_SPARSE_FIT_BITS optimizer-n1024-d2-zerosTrue.serial 2046 3218999992
UMAP_SPARSE_FIT_BITS optimizer-n1024-d2-zerosTrue.serial 2047 3197731279
UMAP_SPARSE_FIT_BITS optimizer-n1024-d2-zerosTrue.jacobi 0 3210769160
UMAP_SPARSE_FIT_BITS optimizer-n1024-d2-zerosTrue.jacobi 1 3215865213
UMAP_SPARSE_FIT_BITS optimizer-n1024-d2-zerosTrue.jacobi 2 1082588800
UMAP_SPARSE_FIT_BITS optimizer-n1024-d2-zerosTrue.jacobi 3 1078314098
UMAP_SPARSE_FIT_BITS optimizer-n1024-d2-zerosTrue.jacobi 4 3243064790
UMAP_SPARSE_FIT_BITS optimizer-n1024-d2-zerosTrue.jacobi 5 3242651764
UMAP_SPARSE_FIT_BITS optimizer-n1024-d2-zerosTrue.jacobi 6 3213926237
UMAP_SPARSE_FIT_BITS optimizer-n1024-d2-zerosTrue.jacobi 7 3208714842
UMAP_SPARSE_FIT_BITS optimizer-n1024-d2-zerosTrue.jacobi 8 3211236670
UMAP_SPARSE_FIT_BITS optimizer-n1024-d2-zerosTrue.jacobi 9 3203683581
UMAP_SPARSE_FIT_BITS optimizer-n1024-d2-zerosTrue.jacobi 10 3214306928
UMAP_SPARSE_FIT_BITS optimizer-n1024-d2-zerosTrue.jacobi 11 1047100303
UMAP_SPARSE_FIT_BITS optimizer-n1024-d2-zerosTrue.jacobi 12 3233386186
UMAP_SPARSE_FIT_BITS optimizer-n1024-d2-zerosTrue.jacobi 13 3233880913
UMAP_SPARSE_FIT_BITS optimizer-n1024-d2-zerosTrue.jacobi 14 1077868812
UMAP_SPARSE_FIT_BITS optimizer-n1024-d2-zerosTrue.jacobi 15 1063196119
UMAP_SPARSE_FIT_BITS optimizer-n1024-d2-zerosTrue.jacobi 16 1082296058
UMAP_SPARSE_FIT_BITS optimizer-n1024-d2-zerosTrue.jacobi 17 1076343646
UMAP_SPARSE_FIT_BITS optimizer-n1024-d2-zerosTrue.jacobi 18 1032295572
UMAP_SPARSE_FIT_BITS optimizer-n1024-d2-zerosTrue.jacobi 19 1066289712
UMAP_SPARSE_FIT_BITS optimizer-n1024-d2-zerosTrue.jacobi 20 3229986392
UMAP_SPARSE_FIT_BITS optimizer-n1024-d2-zerosTrue.jacobi 21 3227539008
UMAP_SPARSE_FIT_BITS optimizer-n1024-d2-zerosTrue.jacobi 22 1083396359
UMAP_SPARSE_FIT_BITS optimizer-n1024-d2-zerosTrue.jacobi 23 1085617238
UMAP_SPARSE_FIT_BITS optimizer-n1024-d2-zerosTrue.jacobi 24 1084602405
UMAP_SPARSE_FIT_BITS optimizer-n1024-d2-zerosTrue.jacobi 25 1084851686
UMAP_SPARSE_FIT_BITS optimizer-n1024-d2-zerosTrue.jacobi 26 1083502003
UMAP_SPARSE_FIT_BITS optimizer-n1024-d2-zerosTrue.jacobi 27 1079297149
UMAP_SPARSE_FIT_BITS optimizer-n1024-d2-zerosTrue.jacobi 28 1078881870
UMAP_SPARSE_FIT_BITS optimizer-n1024-d2-zerosTrue.jacobi 29 1089957112
UMAP_SPARSE_FIT_BITS optimizer-n1024-d2-zerosTrue.jacobi 30 1074744220
UMAP_SPARSE_FIT_BITS optimizer-n1024-d2-zerosTrue.jacobi 31 1073123389
UMAP_SPARSE_FIT_BITS optimizer-n1024-d2-zerosTrue.jacobi 32 1057256415
UMAP_SPARSE_FIT_BITS optimizer-n1024-d2-zerosTrue.jacobi 33 3190742096
UMAP_SPARSE_FIT_BITS optimizer-n1024-d2-zerosTrue.jacobi 34 1054758498
UMAP_SPARSE_FIT_BITS optimizer-n1024-d2-zerosTrue.jacobi 35 1060535348
UMAP_SPARSE_FIT_BITS optimizer-n1024-d2-zerosTrue.jacobi 36 3207848471
UMAP_SPARSE_FIT_BITS optimizer-n1024-d2-zerosTrue.jacobi 37 3194647832
UMAP_SPARSE_FIT_BITS optimizer-n1024-d2-zerosTrue.jacobi 38 3179194580
UMAP_SPARSE_FIT_BITS optimizer-n1024-d2-zerosTrue.jacobi 39 3207190121
UMAP_SPARSE_FIT_BITS optimizer-n1024-d2-zerosTrue.jacobi 40 1057229478
UMAP_SPARSE_FIT_BITS optimizer-n1024-d2-zerosTrue.jacobi 41 1055974265
UMAP_SPARSE_FIT_BITS optimizer-n1024-d2-zerosTrue.jacobi 42 1058571777
UMAP_SPARSE_FIT_BITS optimizer-n1024-d2-zerosTrue.jacobi 43 1058260479
UMAP_SPARSE_FIT_BITS optimizer-n1024-d2-zerosTrue.jacobi 44 1040394446
UMAP_SPARSE_FIT_BITS optimizer-n1024-d2-zerosTrue.jacobi 45 1057179022
UMAP_SPARSE_FIT_BITS optimizer-n1024-d2-zerosTrue.jacobi 46 1057956014
UMAP_SPARSE_FIT_BITS optimizer-n1024-d2-zerosTrue.jacobi 47 1059014804
UMAP_SPARSE_FIT_BITS optimizer-n1024-d2-zerosTrue.jacobi 48 3210011795
UMAP_SPARSE_FIT_BITS optimizer-n1024-d2-zerosTrue.jacobi 49 3225276207
UMAP_SPARSE_FIT_BITS optimizer-n1024-d2-zerosTrue.jacobi 50 1050980742
UMAP_SPARSE_FIT_BITS optimizer-n1024-d2-zerosTrue.jacobi 51 3214153720
UMAP_SPARSE_FIT_BITS optimizer-n1024-d2-zerosTrue.jacobi 52 3208924617
UMAP_SPARSE_FIT_BITS optimizer-n1024-d2-zerosTrue.jacobi 53 3220305200
UMAP_SPARSE_FIT_BITS optimizer-n1024-d2-zerosTrue.jacobi 54 1072706042
UMAP_SPARSE_FIT_BITS optimizer-n1024-d2-zerosTrue.jacobi 55 1069844338
UMAP_SPARSE_FIT_BITS optimizer-n1024-d2-zerosTrue.jacobi 56 1074213549
UMAP_SPARSE_FIT_BITS optimizer-n1024-d2-zerosTrue.jacobi 57 1072521445
UMAP_SPARSE_FIT_BITS optimizer-n1024-d2-zerosTrue.jacobi 58 1077576116
UMAP_SPARSE_FIT_BITS optimizer-n1024-d2-zerosTrue.jacobi 59 1073517098
UMAP_SPARSE_FIT_BITS optimizer-n1024-d2-zerosTrue.jacobi 60 1084057260
UMAP_SPARSE_FIT_BITS optimizer-n1024-d2-zerosTrue.jacobi 61 1084641028
UMAP_SPARSE_FIT_BITS optimizer-n1024-d2-zerosTrue.jacobi 62 1083304729
UMAP_SPARSE_FIT_BITS optimizer-n1024-d2-zerosTrue.jacobi 63 1085577738
UMAP_SPARSE_FIT_BITS optimizer-n1024-d2-zerosTrue.jacobi 64 3222567134
UMAP_SPARSE_FIT_BITS optimizer-n1024-d2-zerosTrue.jacobi 65 3215123755
UMAP_SPARSE_FIT_BITS optimizer-n1024-d2-zerosTrue.jacobi 66 3233555881
UMAP_SPARSE_FIT_BITS optimizer-n1024-d2-zerosTrue.jacobi 67 3231865523
UMAP_SPARSE_FIT_BITS optimizer-n1024-d2-zerosTrue.jacobi 68 3213880048
UMAP_SPARSE_FIT_BITS optimizer-n1024-d2-zerosTrue.jacobi 69 3225488499
UMAP_SPARSE_FIT_BITS optimizer-n1024-d2-zerosTrue.jacobi 70 1060029405
UMAP_SPARSE_FIT_BITS optimizer-n1024-d2-zerosTrue.jacobi 71 3213266841
UMAP_SPARSE_FIT_BITS optimizer-n1024-d2-zerosTrue.jacobi 72 1057484809
UMAP_SPARSE_FIT_BITS optimizer-n1024-d2-zerosTrue.jacobi 73 3209422115
UMAP_SPARSE_FIT_BITS optimizer-n1024-d2-zerosTrue.jacobi 74 1059145294
UMAP_SPARSE_FIT_BITS optimizer-n1024-d2-zerosTrue.jacobi 75 3210659928
UMAP_SPARSE_FIT_BITS optimizer-n1024-d2-zerosTrue.jacobi 76 1065876346
UMAP_SPARSE_FIT_BITS optimizer-n1024-d2-zerosTrue.jacobi 77 1068587437
UMAP_SPARSE_FIT_BITS optimizer-n1024-d2-zerosTrue.jacobi 78 3229641768
UMAP_SPARSE_FIT_BITS optimizer-n1024-d2-zerosTrue.jacobi 79 3228462071
UMAP_SPARSE_FIT_BITS optimizer-n1024-d2-zerosTrue.jacobi 80 1060633671
UMAP_SPARSE_FIT_BITS optimizer-n1024-d2-zerosTrue.jacobi 81 3214653819
UMAP_SPARSE_FIT_BITS optimizer-n1024-d2-zerosTrue.jacobi 82 1083051706
UMAP_SPARSE_FIT_BITS optimizer-n1024-d2-zerosTrue.jacobi 83 1081823512
UMAP_SPARSE_FIT_BITS optimizer-n1024-d2-zerosTrue.jacobi 84 3205120251
UMAP_SPARSE_FIT_BITS optimizer-n1024-d2-zerosTrue.jacobi 85 3232335894
UMAP_SPARSE_FIT_BITS optimizer-n1024-d2-zerosTrue.jacobi 86 1070846100
UMAP_SPARSE_FIT_BITS optimizer-n1024-d2-zerosTrue.jacobi 87 1079202643
UMAP_SPARSE_FIT_BITS optimizer-n1024-d2-zerosTrue.jacobi 88 1088368193
UMAP_SPARSE_FIT_BITS optimizer-n1024-d2-zerosTrue.jacobi 89 1089776061
UMAP_SPARSE_FIT_BITS optimizer-n1024-d2-zerosTrue.jacobi 90 3239814073
UMAP_SPARSE_FIT_BITS optimizer-n1024-d2-zerosTrue.jacobi 91 3240740489
UMAP_SPARSE_FIT_BITS optimizer-n1024-d2-zerosTrue.jacobi 92 1076061642
UMAP_SPARSE_FIT_BITS optimizer-n1024-d2-zerosTrue.jacobi 93 1060750128
UMAP_SPARSE_FIT_BITS optimizer-n1024-d2-zerosTrue.jacobi 94 1090658829
UMAP_SPARSE_FIT_BITS optimizer-n1024-d2-zerosTrue.jacobi 95 1088685074
UMAP_SPARSE_FIT_BITS optimizer-n1024-d2-zerosTrue.jacobi 96 3204651707
UMAP_SPARSE_FIT_BITS optimizer-n1024-d2-zerosTrue.jacobi 97 1068263938
UMAP_SPARSE_FIT_BITS optimizer-n1024-d2-zerosTrue.jacobi 98 3222790135
UMAP_SPARSE_FIT_BITS optimizer-n1024-d2-zerosTrue.jacobi 99 3221713620
UMAP_SPARSE_FIT_BITS optimizer-n1024-d2-zerosTrue.jacobi 100 1046411546
UMAP_SPARSE_FIT_BITS optimizer-n1024-d2-zerosTrue.jacobi 101 1075841984
UMAP_SPARSE_FIT_BITS optimizer-n1024-d2-zerosTrue.jacobi 102 1068942372
UMAP_SPARSE_FIT_BITS optimizer-n1024-d2-zerosTrue.jacobi 103 1067377641
UMAP_SPARSE_FIT_BITS optimizer-n1024-d2-zerosTrue.jacobi 104 1067224206
UMAP_SPARSE_FIT_BITS optimizer-n1024-d2-zerosTrue.jacobi 105 1053222306
UMAP_SPARSE_FIT_BITS optimizer-n1024-d2-zerosTrue.jacobi 106 3192564744
UMAP_SPARSE_FIT_BITS optimizer-n1024-d2-zerosTrue.jacobi 107 3205113383
UMAP_SPARSE_FIT_BITS optimizer-n1024-d2-zerosTrue.jacobi 108 3160726944
UMAP_SPARSE_FIT_BITS optimizer-n1024-d2-zerosTrue.jacobi 109 3206373901
UMAP_SPARSE_FIT_BITS optimizer-n1024-d2-zerosTrue.jacobi 110 1081505910
UMAP_SPARSE_FIT_BITS optimizer-n1024-d2-zerosTrue.jacobi 111 1084491591
UMAP_SPARSE_FIT_BITS optimizer-n1024-d2-zerosTrue.jacobi 112 3219545643
UMAP_SPARSE_FIT_BITS optimizer-n1024-d2-zerosTrue.jacobi 113 3207924816
UMAP_SPARSE_FIT_BITS optimizer-n1024-d2-zerosTrue.jacobi 114 1090541287
UMAP_SPARSE_FIT_BITS optimizer-n1024-d2-zerosTrue.jacobi 115 1090304945
UMAP_SPARSE_FIT_BITS optimizer-n1024-d2-zerosTrue.jacobi 116 1082432181
UMAP_SPARSE_FIT_BITS optimizer-n1024-d2-zerosTrue.jacobi 117 1047679289
UMAP_SPARSE_FIT_BITS optimizer-n1024-d2-zerosTrue.jacobi 118 3228265149
UMAP_SPARSE_FIT_BITS optimizer-n1024-d2-zerosTrue.jacobi 119 3231932045
UMAP_SPARSE_FIT_BITS optimizer-n1024-d2-zerosTrue.jacobi 120 1084695341
UMAP_SPARSE_FIT_BITS optimizer-n1024-d2-zerosTrue.jacobi 121 1086253977
UMAP_SPARSE_FIT_BITS optimizer-n1024-d2-zerosTrue.jacobi 122 3225897778
UMAP_SPARSE_FIT_BITS optimizer-n1024-d2-zerosTrue.jacobi 123 3220041678
UMAP_SPARSE_FIT_BITS optimizer-n1024-d2-zerosTrue.jacobi 124 3184694758
UMAP_SPARSE_FIT_BITS optimizer-n1024-d2-zerosTrue.jacobi 125 1074408712
UMAP_SPARSE_FIT_BITS optimizer-n1024-d2-zerosTrue.jacobi 126 1076278059
UMAP_SPARSE_FIT_BITS optimizer-n1024-d2-zerosTrue.jacobi 127 1070815993
UMAP_SPARSE_FIT_BITS optimizer-n1024-d2-zerosTrue.jacobi 128 1088740217
UMAP_SPARSE_FIT_BITS optimizer-n1024-d2-zerosTrue.jacobi 129 1088162412
UMAP_SPARSE_FIT_BITS optimizer-n1024-d2-zerosTrue.jacobi 130 1088562499
UMAP_SPARSE_FIT_BITS optimizer-n1024-d2-zerosTrue.jacobi 131 1089619346
UMAP_SPARSE_FIT_BITS optimizer-n1024-d2-zerosTrue.jacobi 132 1083239336
UMAP_SPARSE_FIT_BITS optimizer-n1024-d2-zerosTrue.jacobi 133 1084444787
UMAP_SPARSE_FIT_BITS optimizer-n1024-d2-zerosTrue.jacobi 134 3223943348
UMAP_SPARSE_FIT_BITS optimizer-n1024-d2-zerosTrue.jacobi 135 3223464055
UMAP_SPARSE_FIT_BITS optimizer-n1024-d2-zerosTrue.jacobi 136 1066523071
UMAP_SPARSE_FIT_BITS optimizer-n1024-d2-zerosTrue.jacobi 137 1067443122
UMAP_SPARSE_FIT_BITS optimizer-n1024-d2-zerosTrue.jacobi 138 3196720797
UMAP_SPARSE_FIT_BITS optimizer-n1024-d2-zerosTrue.jacobi 139 3222311798
UMAP_SPARSE_FIT_BITS optimizer-n1024-d2-zerosTrue.jacobi 140 1071274050
UMAP_SPARSE_FIT_BITS optimizer-n1024-d2-zerosTrue.jacobi 141 1063094789
UMAP_SPARSE_FIT_BITS optimizer-n1024-d2-zerosTrue.jacobi 142 1080093101
UMAP_SPARSE_FIT_BITS optimizer-n1024-d2-zerosTrue.jacobi 143 1078452452
UMAP_SPARSE_FIT_BITS optimizer-n1024-d2-zerosTrue.jacobi 144 3221246232
UMAP_SPARSE_FIT_BITS optimizer-n1024-d2-zerosTrue.jacobi 145 1076285068
UMAP_SPARSE_FIT_BITS optimizer-n1024-d2-zerosTrue.jacobi 146 1052785427
UMAP_SPARSE_FIT_BITS optimizer-n1024-d2-zerosTrue.jacobi 147 1057324045
UMAP_SPARSE_FIT_BITS optimizer-n1024-d2-zerosTrue.jacobi 148 1054247292
UMAP_SPARSE_FIT_BITS optimizer-n1024-d2-zerosTrue.jacobi 149 1041987601
UMAP_SPARSE_FIT_BITS optimizer-n1024-d2-zerosTrue.jacobi 150 1075698076
UMAP_SPARSE_FIT_BITS optimizer-n1024-d2-zerosTrue.jacobi 151 1061259179
UMAP_SPARSE_FIT_BITS optimizer-n1024-d2-zerosTrue.jacobi 152 1075788932
UMAP_SPARSE_FIT_BITS optimizer-n1024-d2-zerosTrue.jacobi 153 1075294600
UMAP_SPARSE_FIT_BITS optimizer-n1024-d2-zerosTrue.jacobi 154 1075108185
UMAP_SPARSE_FIT_BITS optimizer-n1024-d2-zerosTrue.jacobi 155 1075411034
UMAP_SPARSE_FIT_BITS optimizer-n1024-d2-zerosTrue.jacobi 156 3230430544
UMAP_SPARSE_FIT_BITS optimizer-n1024-d2-zerosTrue.jacobi 157 3227585253
UMAP_SPARSE_FIT_BITS optimizer-n1024-d2-zerosTrue.jacobi 158 3218443232
UMAP_SPARSE_FIT_BITS optimizer-n1024-d2-zerosTrue.jacobi 159 1046291168
UMAP_SPARSE_FIT_BITS optimizer-n1024-d2-zerosTrue.jacobi 160 1084171102
UMAP_SPARSE_FIT_BITS optimizer-n1024-d2-zerosTrue.jacobi 161 1080626347
UMAP_SPARSE_FIT_BITS optimizer-n1024-d2-zerosTrue.jacobi 162 1083909331
UMAP_SPARSE_FIT_BITS optimizer-n1024-d2-zerosTrue.jacobi 163 1081165476
UMAP_SPARSE_FIT_BITS optimizer-n1024-d2-zerosTrue.jacobi 164 1091499130
UMAP_SPARSE_FIT_BITS optimizer-n1024-d2-zerosTrue.jacobi 165 1092162184
UMAP_SPARSE_FIT_BITS optimizer-n1024-d2-zerosTrue.jacobi 166 1091353175
UMAP_SPARSE_FIT_BITS optimizer-n1024-d2-zerosTrue.jacobi 167 1092231104
UMAP_SPARSE_FIT_BITS optimizer-n1024-d2-zerosTrue.jacobi 168 3225313929
UMAP_SPARSE_FIT_BITS optimizer-n1024-d2-zerosTrue.jacobi 169 1067083161
UMAP_SPARSE_FIT_BITS optimizer-n1024-d2-zerosTrue.jacobi 170 3217742919
UMAP_SPARSE_FIT_BITS optimizer-n1024-d2-zerosTrue.jacobi 171 3202776567
UMAP_SPARSE_FIT_BITS optimizer-n1024-d2-zerosTrue.jacobi 172 3216939860
UMAP_SPARSE_FIT_BITS optimizer-n1024-d2-zerosTrue.jacobi 173 3214329360
UMAP_SPARSE_FIT_BITS optimizer-n1024-d2-zerosTrue.jacobi 174 1046205420
UMAP_SPARSE_FIT_BITS optimizer-n1024-d2-zerosTrue.jacobi 175 3211521156
UMAP_SPARSE_FIT_BITS optimizer-n1024-d2-zerosTrue.jacobi 176 3205832334
UMAP_SPARSE_FIT_BITS optimizer-n1024-d2-zerosTrue.jacobi 177 3223189825
UMAP_SPARSE_FIT_BITS optimizer-n1024-d2-zerosTrue.jacobi 178 1092579761
UMAP_SPARSE_FIT_BITS optimizer-n1024-d2-zerosTrue.jacobi 179 1093192758
UMAP_SPARSE_FIT_BITS optimizer-n1024-d2-zerosTrue.jacobi 180 1084197339
UMAP_SPARSE_FIT_BITS optimizer-n1024-d2-zerosTrue.jacobi 181 1079137181
UMAP_SPARSE_FIT_BITS optimizer-n1024-d2-zerosTrue.jacobi 182 1086094648
UMAP_SPARSE_FIT_BITS optimizer-n1024-d2-zerosTrue.jacobi 183 1084413461
UMAP_SPARSE_FIT_BITS optimizer-n1024-d2-zerosTrue.jacobi 184 3220827051
UMAP_SPARSE_FIT_BITS optimizer-n1024-d2-zerosTrue.jacobi 185 3224112420
UMAP_SPARSE_FIT_BITS optimizer-n1024-d2-zerosTrue.jacobi 186 1093171759
UMAP_SPARSE_FIT_BITS optimizer-n1024-d2-zerosTrue.jacobi 187 1092916702
UMAP_SPARSE_FIT_BITS optimizer-n1024-d2-zerosTrue.jacobi 188 1085647383
UMAP_SPARSE_FIT_BITS optimizer-n1024-d2-zerosTrue.jacobi 189 1092888240
UMAP_SPARSE_FIT_BITS optimizer-n1024-d2-zerosTrue.jacobi 190 1053135399
UMAP_SPARSE_FIT_BITS optimizer-n1024-d2-zerosTrue.jacobi 191 1076745101
UMAP_SPARSE_FIT_BITS optimizer-n1024-d2-zerosTrue.jacobi 192 1093750004
UMAP_SPARSE_FIT_BITS optimizer-n1024-d2-zerosTrue.jacobi 193 1092839018
UMAP_SPARSE_FIT_BITS optimizer-n1024-d2-zerosTrue.jacobi 194 1072551782
UMAP_SPARSE_FIT_BITS optimizer-n1024-d2-zerosTrue.jacobi 195 1044969175
UMAP_SPARSE_FIT_BITS optimizer-n1024-d2-zerosTrue.jacobi 196 1071898718
UMAP_SPARSE_FIT_BITS optimizer-n1024-d2-zerosTrue.jacobi 197 3203418680
UMAP_SPARSE_FIT_BITS optimizer-n1024-d2-zerosTrue.jacobi 198 1049012859
UMAP_SPARSE_FIT_BITS optimizer-n1024-d2-zerosTrue.jacobi 199 1062134673
UMAP_SPARSE_FIT_BITS optimizer-n1024-d2-zerosTrue.jacobi 200 3223365091
UMAP_SPARSE_FIT_BITS optimizer-n1024-d2-zerosTrue.jacobi 201 3221238810
UMAP_SPARSE_FIT_BITS optimizer-n1024-d2-zerosTrue.jacobi 202 3224896127
UMAP_SPARSE_FIT_BITS optimizer-n1024-d2-zerosTrue.jacobi 203 3221367886
UMAP_SPARSE_FIT_BITS optimizer-n1024-d2-zerosTrue.jacobi 204 3228471199
UMAP_SPARSE_FIT_BITS optimizer-n1024-d2-zerosTrue.jacobi 205 3211944162
UMAP_SPARSE_FIT_BITS optimizer-n1024-d2-zerosTrue.jacobi 206 3229649417
UMAP_SPARSE_FIT_BITS optimizer-n1024-d2-zerosTrue.jacobi 207 3230669090
UMAP_SPARSE_FIT_BITS optimizer-n1024-d2-zerosTrue.jacobi 208 3219832055
UMAP_SPARSE_FIT_BITS optimizer-n1024-d2-zerosTrue.jacobi 209 1063370777
UMAP_SPARSE_FIT_BITS optimizer-n1024-d2-zerosTrue.jacobi 210 3222353496
UMAP_SPARSE_FIT_BITS optimizer-n1024-d2-zerosTrue.jacobi 211 3231054572
UMAP_SPARSE_FIT_BITS optimizer-n1024-d2-zerosTrue.jacobi 212 1058194719
UMAP_SPARSE_FIT_BITS optimizer-n1024-d2-zerosTrue.jacobi 213 1061307603
UMAP_SPARSE_FIT_BITS optimizer-n1024-d2-zerosTrue.jacobi 214 1058914767
UMAP_SPARSE_FIT_BITS optimizer-n1024-d2-zerosTrue.jacobi 215 1058476968
UMAP_SPARSE_FIT_BITS optimizer-n1024-d2-zerosTrue.jacobi 216 1087278142
UMAP_SPARSE_FIT_BITS optimizer-n1024-d2-zerosTrue.jacobi 217 1037117233
UMAP_SPARSE_FIT_BITS optimizer-n1024-d2-zerosTrue.jacobi 218 1071264963
UMAP_SPARSE_FIT_BITS optimizer-n1024-d2-zerosTrue.jacobi 219 3202167627
UMAP_SPARSE_FIT_BITS optimizer-n1024-d2-zerosTrue.jacobi 220 1054440174
UMAP_SPARSE_FIT_BITS optimizer-n1024-d2-zerosTrue.jacobi 221 3209010351
UMAP_SPARSE_FIT_BITS optimizer-n1024-d2-zerosTrue.jacobi 222 1085851213
UMAP_SPARSE_FIT_BITS optimizer-n1024-d2-zerosTrue.jacobi 223 1087779591
UMAP_SPARSE_FIT_BITS optimizer-n1024-d2-zerosTrue.jacobi 224 1066404050
UMAP_SPARSE_FIT_BITS optimizer-n1024-d2-zerosTrue.jacobi 225 1080194175
UMAP_SPARSE_FIT_BITS optimizer-n1024-d2-zerosTrue.jacobi 226 3217922506
UMAP_SPARSE_FIT_BITS optimizer-n1024-d2-zerosTrue.jacobi 227 3218820989
UMAP_SPARSE_FIT_BITS optimizer-n1024-d2-zerosTrue.jacobi 228 1061496842
UMAP_SPARSE_FIT_BITS optimizer-n1024-d2-zerosTrue.jacobi 229 3209297556
UMAP_SPARSE_FIT_BITS optimizer-n1024-d2-zerosTrue.jacobi 230 1075778912
UMAP_SPARSE_FIT_BITS optimizer-n1024-d2-zerosTrue.jacobi 231 1080705541
UMAP_SPARSE_FIT_BITS optimizer-n1024-d2-zerosTrue.jacobi 232 1082918208
UMAP_SPARSE_FIT_BITS optimizer-n1024-d2-zerosTrue.jacobi 233 1085542477
UMAP_SPARSE_FIT_BITS optimizer-n1024-d2-zerosTrue.jacobi 234 1082850638
UMAP_SPARSE_FIT_BITS optimizer-n1024-d2-zerosTrue.jacobi 235 1084530696
UMAP_SPARSE_FIT_BITS optimizer-n1024-d2-zerosTrue.jacobi 236 1083298619
UMAP_SPARSE_FIT_BITS optimizer-n1024-d2-zerosTrue.jacobi 237 1078765217
UMAP_SPARSE_FIT_BITS optimizer-n1024-d2-zerosTrue.jacobi 238 1058039882
UMAP_SPARSE_FIT_BITS optimizer-n1024-d2-zerosTrue.jacobi 239 1074050754
UMAP_SPARSE_FIT_BITS optimizer-n1024-d2-zerosTrue.jacobi 240 3230559876
UMAP_SPARSE_FIT_BITS optimizer-n1024-d2-zerosTrue.jacobi 241 3231899968
UMAP_SPARSE_FIT_BITS optimizer-n1024-d2-zerosTrue.jacobi 242 3230541119
UMAP_SPARSE_FIT_BITS optimizer-n1024-d2-zerosTrue.jacobi 243 3231957101
UMAP_SPARSE_FIT_BITS optimizer-n1024-d2-zerosTrue.jacobi 244 1069170349
UMAP_SPARSE_FIT_BITS optimizer-n1024-d2-zerosTrue.jacobi 245 1072218448
UMAP_SPARSE_FIT_BITS optimizer-n1024-d2-zerosTrue.jacobi 246 1069538252
UMAP_SPARSE_FIT_BITS optimizer-n1024-d2-zerosTrue.jacobi 247 1071742391
UMAP_SPARSE_FIT_BITS optimizer-n1024-d2-zerosTrue.jacobi 248 3227107748
UMAP_SPARSE_FIT_BITS optimizer-n1024-d2-zerosTrue.jacobi 249 3222517782
UMAP_SPARSE_FIT_BITS optimizer-n1024-d2-zerosTrue.jacobi 250 1070081501
UMAP_SPARSE_FIT_BITS optimizer-n1024-d2-zerosTrue.jacobi 251 1068708389
UMAP_SPARSE_FIT_BITS optimizer-n1024-d2-zerosTrue.jacobi 252 1073304568
UMAP_SPARSE_FIT_BITS optimizer-n1024-d2-zerosTrue.jacobi 253 1069005932
UMAP_SPARSE_FIT_BITS optimizer-n1024-d2-zerosTrue.jacobi 254 1072779224
UMAP_SPARSE_FIT_BITS optimizer-n1024-d2-zerosTrue.jacobi 255 1074128379
UMAP_SPARSE_FIT_BITS optimizer-n1024-d2-zerosTrue.jacobi 256 1071651910
UMAP_SPARSE_FIT_BITS optimizer-n1024-d2-zerosTrue.jacobi 257 1073825758
UMAP_SPARSE_FIT_BITS optimizer-n1024-d2-zerosTrue.jacobi 258 3199548007
UMAP_SPARSE_FIT_BITS optimizer-n1024-d2-zerosTrue.jacobi 259 1058430486
UMAP_SPARSE_FIT_BITS optimizer-n1024-d2-zerosTrue.jacobi 260 1088357274
UMAP_SPARSE_FIT_BITS optimizer-n1024-d2-zerosTrue.jacobi 261 1086631774
UMAP_SPARSE_FIT_BITS optimizer-n1024-d2-zerosTrue.jacobi 262 1083619247
UMAP_SPARSE_FIT_BITS optimizer-n1024-d2-zerosTrue.jacobi 263 1079486936
UMAP_SPARSE_FIT_BITS optimizer-n1024-d2-zerosTrue.jacobi 264 1082531680
UMAP_SPARSE_FIT_BITS optimizer-n1024-d2-zerosTrue.jacobi 265 1025626606
UMAP_SPARSE_FIT_BITS optimizer-n1024-d2-zerosTrue.jacobi 266 1084795069
UMAP_SPARSE_FIT_BITS optimizer-n1024-d2-zerosTrue.jacobi 267 1085744512
UMAP_SPARSE_FIT_BITS optimizer-n1024-d2-zerosTrue.jacobi 268 1085422468
UMAP_SPARSE_FIT_BITS optimizer-n1024-d2-zerosTrue.jacobi 269 1087907479
UMAP_SPARSE_FIT_BITS optimizer-n1024-d2-zerosTrue.jacobi 270 1083792812
UMAP_SPARSE_FIT_BITS optimizer-n1024-d2-zerosTrue.jacobi 271 1084659026
UMAP_SPARSE_FIT_BITS optimizer-n1024-d2-zerosTrue.jacobi 272 3236817141
UMAP_SPARSE_FIT_BITS optimizer-n1024-d2-zerosTrue.jacobi 273 3235037873
UMAP_SPARSE_FIT_BITS optimizer-n1024-d2-zerosTrue.jacobi 274 1073313504
UMAP_SPARSE_FIT_BITS optimizer-n1024-d2-zerosTrue.jacobi 275 3192783395
UMAP_SPARSE_FIT_BITS optimizer-n1024-d2-zerosTrue.jacobi 276 1078840589
UMAP_SPARSE_FIT_BITS optimizer-n1024-d2-zerosTrue.jacobi 277 3227637106
UMAP_SPARSE_FIT_BITS optimizer-n1024-d2-zerosTrue.jacobi 278 1059667639
UMAP_SPARSE_FIT_BITS optimizer-n1024-d2-zerosTrue.jacobi 279 3223583766
UMAP_SPARSE_FIT_BITS optimizer-n1024-d2-zerosTrue.jacobi 280 1085844994
UMAP_SPARSE_FIT_BITS optimizer-n1024-d2-zerosTrue.jacobi 281 1087389630
UMAP_SPARSE_FIT_BITS optimizer-n1024-d2-zerosTrue.jacobi 282 3221603813
UMAP_SPARSE_FIT_BITS optimizer-n1024-d2-zerosTrue.jacobi 283 3215386456
UMAP_SPARSE_FIT_BITS optimizer-n1024-d2-zerosTrue.jacobi 284 1088961891
UMAP_SPARSE_FIT_BITS optimizer-n1024-d2-zerosTrue.jacobi 285 1085679080
UMAP_SPARSE_FIT_BITS optimizer-n1024-d2-zerosTrue.jacobi 286 1083612274
UMAP_SPARSE_FIT_BITS optimizer-n1024-d2-zerosTrue.jacobi 287 1075173566
UMAP_SPARSE_FIT_BITS optimizer-n1024-d2-zerosTrue.jacobi 288 1083305926
UMAP_SPARSE_FIT_BITS optimizer-n1024-d2-zerosTrue.jacobi 289 1077260428
UMAP_SPARSE_FIT_BITS optimizer-n1024-d2-zerosTrue.jacobi 290 1084375121
UMAP_SPARSE_FIT_BITS optimizer-n1024-d2-zerosTrue.jacobi 291 1084703707
UMAP_SPARSE_FIT_BITS optimizer-n1024-d2-zerosTrue.jacobi 292 3239906739
UMAP_SPARSE_FIT_BITS optimizer-n1024-d2-zerosTrue.jacobi 293 3239292986
UMAP_SPARSE_FIT_BITS optimizer-n1024-d2-zerosTrue.jacobi 294 1085320742
UMAP_SPARSE_FIT_BITS optimizer-n1024-d2-zerosTrue.jacobi 295 1083310976
UMAP_SPARSE_FIT_BITS optimizer-n1024-d2-zerosTrue.jacobi 296 1078448626
UMAP_SPARSE_FIT_BITS optimizer-n1024-d2-zerosTrue.jacobi 297 3209930392
UMAP_SPARSE_FIT_BITS optimizer-n1024-d2-zerosTrue.jacobi 298 1078625504
UMAP_SPARSE_FIT_BITS optimizer-n1024-d2-zerosTrue.jacobi 299 3202022373
UMAP_SPARSE_FIT_BITS optimizer-n1024-d2-zerosTrue.jacobi 300 1084755447
UMAP_SPARSE_FIT_BITS optimizer-n1024-d2-zerosTrue.jacobi 301 1088368305
UMAP_SPARSE_FIT_BITS optimizer-n1024-d2-zerosTrue.jacobi 302 3228185371
UMAP_SPARSE_FIT_BITS optimizer-n1024-d2-zerosTrue.jacobi 303 3218910825
UMAP_SPARSE_FIT_BITS optimizer-n1024-d2-zerosTrue.jacobi 304 1060292333
UMAP_SPARSE_FIT_BITS optimizer-n1024-d2-zerosTrue.jacobi 305 1070159786
UMAP_SPARSE_FIT_BITS optimizer-n1024-d2-zerosTrue.jacobi 306 3233122811
UMAP_SPARSE_FIT_BITS optimizer-n1024-d2-zerosTrue.jacobi 307 3231778942
UMAP_SPARSE_FIT_BITS optimizer-n1024-d2-zerosTrue.jacobi 308 3227682655
UMAP_SPARSE_FIT_BITS optimizer-n1024-d2-zerosTrue.jacobi 309 3226740933
UMAP_SPARSE_FIT_BITS optimizer-n1024-d2-zerosTrue.jacobi 310 3221563569
UMAP_SPARSE_FIT_BITS optimizer-n1024-d2-zerosTrue.jacobi 311 3205098866
UMAP_SPARSE_FIT_BITS optimizer-n1024-d2-zerosTrue.jacobi 312 1091115769
UMAP_SPARSE_FIT_BITS optimizer-n1024-d2-zerosTrue.jacobi 313 1090393976
UMAP_SPARSE_FIT_BITS optimizer-n1024-d2-zerosTrue.jacobi 314 1088115245
UMAP_SPARSE_FIT_BITS optimizer-n1024-d2-zerosTrue.jacobi 315 1083312707
UMAP_SPARSE_FIT_BITS optimizer-n1024-d2-zerosTrue.jacobi 316 3214050726
UMAP_SPARSE_FIT_BITS optimizer-n1024-d2-zerosTrue.jacobi 317 3217263743
UMAP_SPARSE_FIT_BITS optimizer-n1024-d2-zerosTrue.jacobi 318 3222428958
UMAP_SPARSE_FIT_BITS optimizer-n1024-d2-zerosTrue.jacobi 319 3228256191
UMAP_SPARSE_FIT_BITS optimizer-n1024-d2-zerosTrue.jacobi 320 3219534676
UMAP_SPARSE_FIT_BITS optimizer-n1024-d2-zerosTrue.jacobi 321 3226409155
UMAP_SPARSE_FIT_BITS optimizer-n1024-d2-zerosTrue.jacobi 322 1026181892
UMAP_SPARSE_FIT_BITS optimizer-n1024-d2-zerosTrue.jacobi 323 3229964842
UMAP_SPARSE_FIT_BITS optimizer-n1024-d2-zerosTrue.jacobi 324 1065717831
UMAP_SPARSE_FIT_BITS optimizer-n1024-d2-zerosTrue.jacobi 325 1076934384
UMAP_SPARSE_FIT_BITS optimizer-n1024-d2-zerosTrue.jacobi 326 1081859242
UMAP_SPARSE_FIT_BITS optimizer-n1024-d2-zerosTrue.jacobi 327 1084817121
UMAP_SPARSE_FIT_BITS optimizer-n1024-d2-zerosTrue.jacobi 328 3232169426
UMAP_SPARSE_FIT_BITS optimizer-n1024-d2-zerosTrue.jacobi 329 3234072704
UMAP_SPARSE_FIT_BITS optimizer-n1024-d2-zerosTrue.jacobi 330 1087089016
UMAP_SPARSE_FIT_BITS optimizer-n1024-d2-zerosTrue.jacobi 331 1045147407
UMAP_SPARSE_FIT_BITS optimizer-n1024-d2-zerosTrue.jacobi 332 3217319053
UMAP_SPARSE_FIT_BITS optimizer-n1024-d2-zerosTrue.jacobi 333 3227455245
UMAP_SPARSE_FIT_BITS optimizer-n1024-d2-zerosTrue.jacobi 334 1080352894
UMAP_SPARSE_FIT_BITS optimizer-n1024-d2-zerosTrue.jacobi 335 1082390798
UMAP_SPARSE_FIT_BITS optimizer-n1024-d2-zerosTrue.jacobi 336 3216083057
UMAP_SPARSE_FIT_BITS optimizer-n1024-d2-zerosTrue.jacobi 337 3189257300
UMAP_SPARSE_FIT_BITS optimizer-n1024-d2-zerosTrue.jacobi 338 3214929878
UMAP_SPARSE_FIT_BITS optimizer-n1024-d2-zerosTrue.jacobi 339 1052432101
UMAP_SPARSE_FIT_BITS optimizer-n1024-d2-zerosTrue.jacobi 340 1046245518
UMAP_SPARSE_FIT_BITS optimizer-n1024-d2-zerosTrue.jacobi 341 1066165597
UMAP_SPARSE_FIT_BITS optimizer-n1024-d2-zerosTrue.jacobi 342 1091652321
UMAP_SPARSE_FIT_BITS optimizer-n1024-d2-zerosTrue.jacobi 343 1090753766
UMAP_SPARSE_FIT_BITS optimizer-n1024-d2-zerosTrue.jacobi 344 1067643922
UMAP_SPARSE_FIT_BITS optimizer-n1024-d2-zerosTrue.jacobi 345 1061584932
UMAP_SPARSE_FIT_BITS optimizer-n1024-d2-zerosTrue.jacobi 346 1070888071
UMAP_SPARSE_FIT_BITS optimizer-n1024-d2-zerosTrue.jacobi 347 1062527177
UMAP_SPARSE_FIT_BITS optimizer-n1024-d2-zerosTrue.jacobi 348 3194582864
UMAP_SPARSE_FIT_BITS optimizer-n1024-d2-zerosTrue.jacobi 349 3209924841
UMAP_SPARSE_FIT_BITS optimizer-n1024-d2-zerosTrue.jacobi 350 1091904167
UMAP_SPARSE_FIT_BITS optimizer-n1024-d2-zerosTrue.jacobi 351 1091566609
UMAP_SPARSE_FIT_BITS optimizer-n1024-d2-zerosTrue.jacobi 352 1091801510
UMAP_SPARSE_FIT_BITS optimizer-n1024-d2-zerosTrue.jacobi 353 1091641722
UMAP_SPARSE_FIT_BITS optimizer-n1024-d2-zerosTrue.jacobi 354 3235558972
UMAP_SPARSE_FIT_BITS optimizer-n1024-d2-zerosTrue.jacobi 355 3236315801
UMAP_SPARSE_FIT_BITS optimizer-n1024-d2-zerosTrue.jacobi 356 1092043623
UMAP_SPARSE_FIT_BITS optimizer-n1024-d2-zerosTrue.jacobi 357 1091313595
UMAP_SPARSE_FIT_BITS optimizer-n1024-d2-zerosTrue.jacobi 358 1088143658
UMAP_SPARSE_FIT_BITS optimizer-n1024-d2-zerosTrue.jacobi 359 1089381885
UMAP_SPARSE_FIT_BITS optimizer-n1024-d2-zerosTrue.jacobi 360 1080104108
UMAP_SPARSE_FIT_BITS optimizer-n1024-d2-zerosTrue.jacobi 361 1082669235
UMAP_SPARSE_FIT_BITS optimizer-n1024-d2-zerosTrue.jacobi 362 3224866105
UMAP_SPARSE_FIT_BITS optimizer-n1024-d2-zerosTrue.jacobi 363 3234543371
UMAP_SPARSE_FIT_BITS optimizer-n1024-d2-zerosTrue.jacobi 364 1042208845
UMAP_SPARSE_FIT_BITS optimizer-n1024-d2-zerosTrue.jacobi 365 1075400575
UMAP_SPARSE_FIT_BITS optimizer-n1024-d2-zerosTrue.jacobi 366 1088528207
UMAP_SPARSE_FIT_BITS optimizer-n1024-d2-zerosTrue.jacobi 367 1079761770
UMAP_SPARSE_FIT_BITS optimizer-n1024-d2-zerosTrue.jacobi 368 1077919297
UMAP_SPARSE_FIT_BITS optimizer-n1024-d2-zerosTrue.jacobi 369 1079730619
UMAP_SPARSE_FIT_BITS optimizer-n1024-d2-zerosTrue.jacobi 370 3224787973
UMAP_SPARSE_FIT_BITS optimizer-n1024-d2-zerosTrue.jacobi 371 1050847553
UMAP_SPARSE_FIT_BITS optimizer-n1024-d2-zerosTrue.jacobi 372 1068638915
UMAP_SPARSE_FIT_BITS optimizer-n1024-d2-zerosTrue.jacobi 373 1070223684
UMAP_SPARSE_FIT_BITS optimizer-n1024-d2-zerosTrue.jacobi 374 3197246532
UMAP_SPARSE_FIT_BITS optimizer-n1024-d2-zerosTrue.jacobi 375 3203975286
UMAP_SPARSE_FIT_BITS optimizer-n1024-d2-zerosTrue.jacobi 376 3213692764
UMAP_SPARSE_FIT_BITS optimizer-n1024-d2-zerosTrue.jacobi 377 1049789926
UMAP_SPARSE_FIT_BITS optimizer-n1024-d2-zerosTrue.jacobi 378 3229364969
UMAP_SPARSE_FIT_BITS optimizer-n1024-d2-zerosTrue.jacobi 379 3230891903
UMAP_SPARSE_FIT_BITS optimizer-n1024-d2-zerosTrue.jacobi 380 1075417295
UMAP_SPARSE_FIT_BITS optimizer-n1024-d2-zerosTrue.jacobi 381 1075501300
UMAP_SPARSE_FIT_BITS optimizer-n1024-d2-zerosTrue.jacobi 382 1076123190
UMAP_SPARSE_FIT_BITS optimizer-n1024-d2-zerosTrue.jacobi 383 1075281041
UMAP_SPARSE_FIT_BITS optimizer-n1024-d2-zerosTrue.jacobi 384 3218775864
UMAP_SPARSE_FIT_BITS optimizer-n1024-d2-zerosTrue.jacobi 385 3217750079
UMAP_SPARSE_FIT_BITS optimizer-n1024-d2-zerosTrue.jacobi 386 3215958287
UMAP_SPARSE_FIT_BITS optimizer-n1024-d2-zerosTrue.jacobi 387 3217739593
UMAP_SPARSE_FIT_BITS optimizer-n1024-d2-zerosTrue.jacobi 388 1060125206
UMAP_SPARSE_FIT_BITS optimizer-n1024-d2-zerosTrue.jacobi 389 3203697736
UMAP_SPARSE_FIT_BITS optimizer-n1024-d2-zerosTrue.jacobi 390 1065480627
UMAP_SPARSE_FIT_BITS optimizer-n1024-d2-zerosTrue.jacobi 391 3188437394
UMAP_SPARSE_FIT_BITS optimizer-n1024-d2-zerosTrue.jacobi 392 1071698774
UMAP_SPARSE_FIT_BITS optimizer-n1024-d2-zerosTrue.jacobi 393 1069654519
UMAP_SPARSE_FIT_BITS optimizer-n1024-d2-zerosTrue.jacobi 394 1078101173
UMAP_SPARSE_FIT_BITS optimizer-n1024-d2-zerosTrue.jacobi 395 1082407483
UMAP_SPARSE_FIT_BITS optimizer-n1024-d2-zerosTrue.jacobi 396 1074080313
UMAP_SPARSE_FIT_BITS optimizer-n1024-d2-zerosTrue.jacobi 397 1067499979
UMAP_SPARSE_FIT_BITS optimizer-n1024-d2-zerosTrue.jacobi 398 1072276407
UMAP_SPARSE_FIT_BITS optimizer-n1024-d2-zerosTrue.jacobi 399 1065799265
UMAP_SPARSE_FIT_BITS optimizer-n1024-d2-zerosTrue.jacobi 400 3211428207
UMAP_SPARSE_FIT_BITS optimizer-n1024-d2-zerosTrue.jacobi 401 3209943449
UMAP_SPARSE_FIT_BITS optimizer-n1024-d2-zerosTrue.jacobi 402 1092749047
UMAP_SPARSE_FIT_BITS optimizer-n1024-d2-zerosTrue.jacobi 403 1093140516
UMAP_SPARSE_FIT_BITS optimizer-n1024-d2-zerosTrue.jacobi 404 1078458796
UMAP_SPARSE_FIT_BITS optimizer-n1024-d2-zerosTrue.jacobi 405 1080147198
UMAP_SPARSE_FIT_BITS optimizer-n1024-d2-zerosTrue.jacobi 406 1083285806
UMAP_SPARSE_FIT_BITS optimizer-n1024-d2-zerosTrue.jacobi 407 1084241446
UMAP_SPARSE_FIT_BITS optimizer-n1024-d2-zerosTrue.jacobi 408 3224411635
UMAP_SPARSE_FIT_BITS optimizer-n1024-d2-zerosTrue.jacobi 409 3226502886
UMAP_SPARSE_FIT_BITS optimizer-n1024-d2-zerosTrue.jacobi 410 1092125394
UMAP_SPARSE_FIT_BITS optimizer-n1024-d2-zerosTrue.jacobi 411 1091195042
UMAP_SPARSE_FIT_BITS optimizer-n1024-d2-zerosTrue.jacobi 412 3222719390
UMAP_SPARSE_FIT_BITS optimizer-n1024-d2-zerosTrue.jacobi 413 3230049395
UMAP_SPARSE_FIT_BITS optimizer-n1024-d2-zerosTrue.jacobi 414 3230893020
UMAP_SPARSE_FIT_BITS optimizer-n1024-d2-zerosTrue.jacobi 415 3232297717
UMAP_SPARSE_FIT_BITS optimizer-n1024-d2-zerosTrue.jacobi 416 3214056266
UMAP_SPARSE_FIT_BITS optimizer-n1024-d2-zerosTrue.jacobi 417 3216335850
UMAP_SPARSE_FIT_BITS optimizer-n1024-d2-zerosTrue.jacobi 418 3199210168
UMAP_SPARSE_FIT_BITS optimizer-n1024-d2-zerosTrue.jacobi 419 3214684611
UMAP_SPARSE_FIT_BITS optimizer-n1024-d2-zerosTrue.jacobi 420 1050076136
UMAP_SPARSE_FIT_BITS optimizer-n1024-d2-zerosTrue.jacobi 421 3212137964
UMAP_SPARSE_FIT_BITS optimizer-n1024-d2-zerosTrue.jacobi 422 1059757230
UMAP_SPARSE_FIT_BITS optimizer-n1024-d2-zerosTrue.jacobi 423 3207362654
UMAP_SPARSE_FIT_BITS optimizer-n1024-d2-zerosTrue.jacobi 424 1090908911
UMAP_SPARSE_FIT_BITS optimizer-n1024-d2-zerosTrue.jacobi 425 1082643049
UMAP_SPARSE_FIT_BITS optimizer-n1024-d2-zerosTrue.jacobi 426 1084493615
UMAP_SPARSE_FIT_BITS optimizer-n1024-d2-zerosTrue.jacobi 427 1070547041
UMAP_SPARSE_FIT_BITS optimizer-n1024-d2-zerosTrue.jacobi 428 3223923478
UMAP_SPARSE_FIT_BITS optimizer-n1024-d2-zerosTrue.jacobi 429 3217257341
UMAP_SPARSE_FIT_BITS optimizer-n1024-d2-zerosTrue.jacobi 430 1084149166
UMAP_SPARSE_FIT_BITS optimizer-n1024-d2-zerosTrue.jacobi 431 1085111521
UMAP_SPARSE_FIT_BITS optimizer-n1024-d2-zerosTrue.jacobi 432 1090865780
UMAP_SPARSE_FIT_BITS optimizer-n1024-d2-zerosTrue.jacobi 433 1087962959
UMAP_SPARSE_FIT_BITS optimizer-n1024-d2-zerosTrue.jacobi 434 1070339307
UMAP_SPARSE_FIT_BITS optimizer-n1024-d2-zerosTrue.jacobi 435 1065619229
UMAP_SPARSE_FIT_BITS optimizer-n1024-d2-zerosTrue.jacobi 436 1084113166
UMAP_SPARSE_FIT_BITS optimizer-n1024-d2-zerosTrue.jacobi 437 1088339328
UMAP_SPARSE_FIT_BITS optimizer-n1024-d2-zerosTrue.jacobi 438 3235523028
UMAP_SPARSE_FIT_BITS optimizer-n1024-d2-zerosTrue.jacobi 439 3234724361
UMAP_SPARSE_FIT_BITS optimizer-n1024-d2-zerosTrue.jacobi 440 1077321164
UMAP_SPARSE_FIT_BITS optimizer-n1024-d2-zerosTrue.jacobi 441 1080737777
UMAP_SPARSE_FIT_BITS optimizer-n1024-d2-zerosTrue.jacobi 442 3231138275
UMAP_SPARSE_FIT_BITS optimizer-n1024-d2-zerosTrue.jacobi 443 3229149726
UMAP_SPARSE_FIT_BITS optimizer-n1024-d2-zerosTrue.jacobi 444 3230398491
UMAP_SPARSE_FIT_BITS optimizer-n1024-d2-zerosTrue.jacobi 445 3230009236
UMAP_SPARSE_FIT_BITS optimizer-n1024-d2-zerosTrue.jacobi 446 3215283962
UMAP_SPARSE_FIT_BITS optimizer-n1024-d2-zerosTrue.jacobi 447 1039165116
UMAP_SPARSE_FIT_BITS optimizer-n1024-d2-zerosTrue.jacobi 448 3225301146
UMAP_SPARSE_FIT_BITS optimizer-n1024-d2-zerosTrue.jacobi 449 3231439268
UMAP_SPARSE_FIT_BITS optimizer-n1024-d2-zerosTrue.jacobi 450 3240276362
UMAP_SPARSE_FIT_BITS optimizer-n1024-d2-zerosTrue.jacobi 451 3239643276
UMAP_SPARSE_FIT_BITS optimizer-n1024-d2-zerosTrue.jacobi 452 3229342478
UMAP_SPARSE_FIT_BITS optimizer-n1024-d2-zerosTrue.jacobi 453 3230297590
UMAP_SPARSE_FIT_BITS optimizer-n1024-d2-zerosTrue.jacobi 454 1078566492
UMAP_SPARSE_FIT_BITS optimizer-n1024-d2-zerosTrue.jacobi 455 1049174104
UMAP_SPARSE_FIT_BITS optimizer-n1024-d2-zerosTrue.jacobi 456 1091504383
UMAP_SPARSE_FIT_BITS optimizer-n1024-d2-zerosTrue.jacobi 457 1091120050
UMAP_SPARSE_FIT_BITS optimizer-n1024-d2-zerosTrue.jacobi 458 3232871582
UMAP_SPARSE_FIT_BITS optimizer-n1024-d2-zerosTrue.jacobi 459 3233804938
UMAP_SPARSE_FIT_BITS optimizer-n1024-d2-zerosTrue.jacobi 460 3212822857
UMAP_SPARSE_FIT_BITS optimizer-n1024-d2-zerosTrue.jacobi 461 1050892576
UMAP_SPARSE_FIT_BITS optimizer-n1024-d2-zerosTrue.jacobi 462 3230402983
UMAP_SPARSE_FIT_BITS optimizer-n1024-d2-zerosTrue.jacobi 463 3227928766
UMAP_SPARSE_FIT_BITS optimizer-n1024-d2-zerosTrue.jacobi 464 3224057728
UMAP_SPARSE_FIT_BITS optimizer-n1024-d2-zerosTrue.jacobi 465 3224105170
UMAP_SPARSE_FIT_BITS optimizer-n1024-d2-zerosTrue.jacobi 466 1074218371
UMAP_SPARSE_FIT_BITS optimizer-n1024-d2-zerosTrue.jacobi 467 1074933043
UMAP_SPARSE_FIT_BITS optimizer-n1024-d2-zerosTrue.jacobi 468 1073839637
UMAP_SPARSE_FIT_BITS optimizer-n1024-d2-zerosTrue.jacobi 469 1070312913
UMAP_SPARSE_FIT_BITS optimizer-n1024-d2-zerosTrue.jacobi 470 1070991034
UMAP_SPARSE_FIT_BITS optimizer-n1024-d2-zerosTrue.jacobi 471 1077076958
UMAP_SPARSE_FIT_BITS optimizer-n1024-d2-zerosTrue.jacobi 472 1085262295
UMAP_SPARSE_FIT_BITS optimizer-n1024-d2-zerosTrue.jacobi 473 1089882701
UMAP_SPARSE_FIT_BITS optimizer-n1024-d2-zerosTrue.jacobi 474 3207497928
UMAP_SPARSE_FIT_BITS optimizer-n1024-d2-zerosTrue.jacobi 475 1065499018
UMAP_SPARSE_FIT_BITS optimizer-n1024-d2-zerosTrue.jacobi 476 3213000666
UMAP_SPARSE_FIT_BITS optimizer-n1024-d2-zerosTrue.jacobi 477 1026937456
UMAP_SPARSE_FIT_BITS optimizer-n1024-d2-zerosTrue.jacobi 478 1093761046
UMAP_SPARSE_FIT_BITS optimizer-n1024-d2-zerosTrue.jacobi 479 1093247725
UMAP_SPARSE_FIT_BITS optimizer-n1024-d2-zerosTrue.jacobi 480 1076792303
UMAP_SPARSE_FIT_BITS optimizer-n1024-d2-zerosTrue.jacobi 481 1066963512
UMAP_SPARSE_FIT_BITS optimizer-n1024-d2-zerosTrue.jacobi 482 1086294670
UMAP_SPARSE_FIT_BITS optimizer-n1024-d2-zerosTrue.jacobi 483 1086014296
UMAP_SPARSE_FIT_BITS optimizer-n1024-d2-zerosTrue.jacobi 484 3206729336
UMAP_SPARSE_FIT_BITS optimizer-n1024-d2-zerosTrue.jacobi 485 1057891641
UMAP_SPARSE_FIT_BITS optimizer-n1024-d2-zerosTrue.jacobi 486 3218767639
UMAP_SPARSE_FIT_BITS optimizer-n1024-d2-zerosTrue.jacobi 487 3178296440
UMAP_SPARSE_FIT_BITS optimizer-n1024-d2-zerosTrue.jacobi 488 3235962668
UMAP_SPARSE_FIT_BITS optimizer-n1024-d2-zerosTrue.jacobi 489 3237730568
UMAP_SPARSE_FIT_BITS optimizer-n1024-d2-zerosTrue.jacobi 490 1072130266
UMAP_SPARSE_FIT_BITS optimizer-n1024-d2-zerosTrue.jacobi 491 1061424970
UMAP_SPARSE_FIT_BITS optimizer-n1024-d2-zerosTrue.jacobi 492 1084667823
UMAP_SPARSE_FIT_BITS optimizer-n1024-d2-zerosTrue.jacobi 493 1090449855
UMAP_SPARSE_FIT_BITS optimizer-n1024-d2-zerosTrue.jacobi 494 1083976316
UMAP_SPARSE_FIT_BITS optimizer-n1024-d2-zerosTrue.jacobi 495 1088831706
UMAP_SPARSE_FIT_BITS optimizer-n1024-d2-zerosTrue.jacobi 496 1081911108
UMAP_SPARSE_FIT_BITS optimizer-n1024-d2-zerosTrue.jacobi 497 1083551654
UMAP_SPARSE_FIT_BITS optimizer-n1024-d2-zerosTrue.jacobi 498 1078669383
UMAP_SPARSE_FIT_BITS optimizer-n1024-d2-zerosTrue.jacobi 499 1076510371
UMAP_SPARSE_FIT_BITS optimizer-n1024-d2-zerosTrue.jacobi 500 1076372700
UMAP_SPARSE_FIT_BITS optimizer-n1024-d2-zerosTrue.jacobi 501 1076007973
UMAP_SPARSE_FIT_BITS optimizer-n1024-d2-zerosTrue.jacobi 502 1083009479
UMAP_SPARSE_FIT_BITS optimizer-n1024-d2-zerosTrue.jacobi 503 3217494588
UMAP_SPARSE_FIT_BITS optimizer-n1024-d2-zerosTrue.jacobi 504 1080718340
UMAP_SPARSE_FIT_BITS optimizer-n1024-d2-zerosTrue.jacobi 505 1059998115
UMAP_SPARSE_FIT_BITS optimizer-n1024-d2-zerosTrue.jacobi 506 1073464163
UMAP_SPARSE_FIT_BITS optimizer-n1024-d2-zerosTrue.jacobi 507 1075843171
UMAP_SPARSE_FIT_BITS optimizer-n1024-d2-zerosTrue.jacobi 508 3220230174
UMAP_SPARSE_FIT_BITS optimizer-n1024-d2-zerosTrue.jacobi 509 3209074599
UMAP_SPARSE_FIT_BITS optimizer-n1024-d2-zerosTrue.jacobi 510 3232719147
UMAP_SPARSE_FIT_BITS optimizer-n1024-d2-zerosTrue.jacobi 511 3231913721
UMAP_SPARSE_FIT_BITS optimizer-n1024-d2-zerosTrue.jacobi 512 3228257074
UMAP_SPARSE_FIT_BITS optimizer-n1024-d2-zerosTrue.jacobi 513 3229775726
UMAP_SPARSE_FIT_BITS optimizer-n1024-d2-zerosTrue.jacobi 514 3224298613
UMAP_SPARSE_FIT_BITS optimizer-n1024-d2-zerosTrue.jacobi 515 3225207547
UMAP_SPARSE_FIT_BITS optimizer-n1024-d2-zerosTrue.jacobi 516 3219004011
UMAP_SPARSE_FIT_BITS optimizer-n1024-d2-zerosTrue.jacobi 517 3225178171
UMAP_SPARSE_FIT_BITS optimizer-n1024-d2-zerosTrue.jacobi 518 3234094833
UMAP_SPARSE_FIT_BITS optimizer-n1024-d2-zerosTrue.jacobi 519 3231901488
UMAP_SPARSE_FIT_BITS optimizer-n1024-d2-zerosTrue.jacobi 520 3234323597
UMAP_SPARSE_FIT_BITS optimizer-n1024-d2-zerosTrue.jacobi 521 3231990264
UMAP_SPARSE_FIT_BITS optimizer-n1024-d2-zerosTrue.jacobi 522 1090580244
UMAP_SPARSE_FIT_BITS optimizer-n1024-d2-zerosTrue.jacobi 523 1088637886
UMAP_SPARSE_FIT_BITS optimizer-n1024-d2-zerosTrue.jacobi 524 1083088050
UMAP_SPARSE_FIT_BITS optimizer-n1024-d2-zerosTrue.jacobi 525 3223478029
UMAP_SPARSE_FIT_BITS optimizer-n1024-d2-zerosTrue.jacobi 526 3221405268
UMAP_SPARSE_FIT_BITS optimizer-n1024-d2-zerosTrue.jacobi 527 3224824165
UMAP_SPARSE_FIT_BITS optimizer-n1024-d2-zerosTrue.jacobi 528 1084130558
UMAP_SPARSE_FIT_BITS optimizer-n1024-d2-zerosTrue.jacobi 529 1077392299
UMAP_SPARSE_FIT_BITS optimizer-n1024-d2-zerosTrue.jacobi 530 1034601548
UMAP_SPARSE_FIT_BITS optimizer-n1024-d2-zerosTrue.jacobi 531 1077432698
UMAP_SPARSE_FIT_BITS optimizer-n1024-d2-zerosTrue.jacobi 532 1075977280
UMAP_SPARSE_FIT_BITS optimizer-n1024-d2-zerosTrue.jacobi 533 1083083383
UMAP_SPARSE_FIT_BITS optimizer-n1024-d2-zerosTrue.jacobi 534 1061123300
UMAP_SPARSE_FIT_BITS optimizer-n1024-d2-zerosTrue.jacobi 535 1067294214
UMAP_SPARSE_FIT_BITS optimizer-n1024-d2-zerosTrue.jacobi 536 1077387097
UMAP_SPARSE_FIT_BITS optimizer-n1024-d2-zerosTrue.jacobi 537 1070276896
UMAP_SPARSE_FIT_BITS optimizer-n1024-d2-zerosTrue.jacobi 538 3219477460
UMAP_SPARSE_FIT_BITS optimizer-n1024-d2-zerosTrue.jacobi 539 1082400694
UMAP_SPARSE_FIT_BITS optimizer-n1024-d2-zerosTrue.jacobi 540 3212331986
UMAP_SPARSE_FIT_BITS optimizer-n1024-d2-zerosTrue.jacobi 541 1065734794
UMAP_SPARSE_FIT_BITS optimizer-n1024-d2-zerosTrue.jacobi 542 1074715834
UMAP_SPARSE_FIT_BITS optimizer-n1024-d2-zerosTrue.jacobi 543 1076947332
UMAP_SPARSE_FIT_BITS optimizer-n1024-d2-zerosTrue.jacobi 544 3225623061
UMAP_SPARSE_FIT_BITS optimizer-n1024-d2-zerosTrue.jacobi 545 3225914928
UMAP_SPARSE_FIT_BITS optimizer-n1024-d2-zerosTrue.jacobi 546 3227196660
UMAP_SPARSE_FIT_BITS optimizer-n1024-d2-zerosTrue.jacobi 547 3223829046
UMAP_SPARSE_FIT_BITS optimizer-n1024-d2-zerosTrue.jacobi 548 1074511838
UMAP_SPARSE_FIT_BITS optimizer-n1024-d2-zerosTrue.jacobi 549 3200540688
UMAP_SPARSE_FIT_BITS optimizer-n1024-d2-zerosTrue.jacobi 550 1081633887
UMAP_SPARSE_FIT_BITS optimizer-n1024-d2-zerosTrue.jacobi 551 1078820648
UMAP_SPARSE_FIT_BITS optimizer-n1024-d2-zerosTrue.jacobi 552 1081611482
UMAP_SPARSE_FIT_BITS optimizer-n1024-d2-zerosTrue.jacobi 553 1083814994
UMAP_SPARSE_FIT_BITS optimizer-n1024-d2-zerosTrue.jacobi 554 1088405367
UMAP_SPARSE_FIT_BITS optimizer-n1024-d2-zerosTrue.jacobi 555 1089493871
UMAP_SPARSE_FIT_BITS optimizer-n1024-d2-zerosTrue.jacobi 556 3210562996
UMAP_SPARSE_FIT_BITS optimizer-n1024-d2-zerosTrue.jacobi 557 1078553626
UMAP_SPARSE_FIT_BITS optimizer-n1024-d2-zerosTrue.jacobi 558 3171559700
UMAP_SPARSE_FIT_BITS optimizer-n1024-d2-zerosTrue.jacobi 559 1057890537
UMAP_SPARSE_FIT_BITS optimizer-n1024-d2-zerosTrue.jacobi 560 1071111490
UMAP_SPARSE_FIT_BITS optimizer-n1024-d2-zerosTrue.jacobi 561 1077537189
UMAP_SPARSE_FIT_BITS optimizer-n1024-d2-zerosTrue.jacobi 562 1076877062
UMAP_SPARSE_FIT_BITS optimizer-n1024-d2-zerosTrue.jacobi 563 1080412386
UMAP_SPARSE_FIT_BITS optimizer-n1024-d2-zerosTrue.jacobi 564 1076974404
UMAP_SPARSE_FIT_BITS optimizer-n1024-d2-zerosTrue.jacobi 565 1081210923
UMAP_SPARSE_FIT_BITS optimizer-n1024-d2-zerosTrue.jacobi 566 3224322346
UMAP_SPARSE_FIT_BITS optimizer-n1024-d2-zerosTrue.jacobi 567 3229092578
UMAP_SPARSE_FIT_BITS optimizer-n1024-d2-zerosTrue.jacobi 568 1093242340
UMAP_SPARSE_FIT_BITS optimizer-n1024-d2-zerosTrue.jacobi 569 1093591631
UMAP_SPARSE_FIT_BITS optimizer-n1024-d2-zerosTrue.jacobi 570 3214584190
UMAP_SPARSE_FIT_BITS optimizer-n1024-d2-zerosTrue.jacobi 571 3229221024
UMAP_SPARSE_FIT_BITS optimizer-n1024-d2-zerosTrue.jacobi 572 1059662511
UMAP_SPARSE_FIT_BITS optimizer-n1024-d2-zerosTrue.jacobi 573 1075613117
UMAP_SPARSE_FIT_BITS optimizer-n1024-d2-zerosTrue.jacobi 574 1066416342
UMAP_SPARSE_FIT_BITS optimizer-n1024-d2-zerosTrue.jacobi 575 1077485824
UMAP_SPARSE_FIT_BITS optimizer-n1024-d2-zerosTrue.jacobi 576 1082965051
UMAP_SPARSE_FIT_BITS optimizer-n1024-d2-zerosTrue.jacobi 577 1086176041
UMAP_SPARSE_FIT_BITS optimizer-n1024-d2-zerosTrue.jacobi 578 3205285432
UMAP_SPARSE_FIT_BITS optimizer-n1024-d2-zerosTrue.jacobi 579 3207211964
UMAP_SPARSE_FIT_BITS optimizer-n1024-d2-zerosTrue.jacobi 580 3223810106
UMAP_SPARSE_FIT_BITS optimizer-n1024-d2-zerosTrue.jacobi 581 3233288238
UMAP_SPARSE_FIT_BITS optimizer-n1024-d2-zerosTrue.jacobi 582 1069806519
UMAP_SPARSE_FIT_BITS optimizer-n1024-d2-zerosTrue.jacobi 583 3204683593
UMAP_SPARSE_FIT_BITS optimizer-n1024-d2-zerosTrue.jacobi 584 1090291682
UMAP_SPARSE_FIT_BITS optimizer-n1024-d2-zerosTrue.jacobi 585 1089680773
UMAP_SPARSE_FIT_BITS optimizer-n1024-d2-zerosTrue.jacobi 586 1089781564
UMAP_SPARSE_FIT_BITS optimizer-n1024-d2-zerosTrue.jacobi 587 1090020393
UMAP_SPARSE_FIT_BITS optimizer-n1024-d2-zerosTrue.jacobi 588 3231511669
UMAP_SPARSE_FIT_BITS optimizer-n1024-d2-zerosTrue.jacobi 589 3224907883
UMAP_SPARSE_FIT_BITS optimizer-n1024-d2-zerosTrue.jacobi 590 3232770478
UMAP_SPARSE_FIT_BITS optimizer-n1024-d2-zerosTrue.jacobi 591 3223205539
UMAP_SPARSE_FIT_BITS optimizer-n1024-d2-zerosTrue.jacobi 592 1085572975
UMAP_SPARSE_FIT_BITS optimizer-n1024-d2-zerosTrue.jacobi 593 1080012790
UMAP_SPARSE_FIT_BITS optimizer-n1024-d2-zerosTrue.jacobi 594 3196209639
UMAP_SPARSE_FIT_BITS optimizer-n1024-d2-zerosTrue.jacobi 595 3212945649
UMAP_SPARSE_FIT_BITS optimizer-n1024-d2-zerosTrue.jacobi 596 1060564847
UMAP_SPARSE_FIT_BITS optimizer-n1024-d2-zerosTrue.jacobi 597 1075357566
UMAP_SPARSE_FIT_BITS optimizer-n1024-d2-zerosTrue.jacobi 598 1082350613
UMAP_SPARSE_FIT_BITS optimizer-n1024-d2-zerosTrue.jacobi 599 1080405404
UMAP_SPARSE_FIT_BITS optimizer-n1024-d2-zerosTrue.jacobi 600 3220566445
UMAP_SPARSE_FIT_BITS optimizer-n1024-d2-zerosTrue.jacobi 601 3213559658
UMAP_SPARSE_FIT_BITS optimizer-n1024-d2-zerosTrue.jacobi 602 1090409213
UMAP_SPARSE_FIT_BITS optimizer-n1024-d2-zerosTrue.jacobi 603 1089627838
UMAP_SPARSE_FIT_BITS optimizer-n1024-d2-zerosTrue.jacobi 604 1033857504
UMAP_SPARSE_FIT_BITS optimizer-n1024-d2-zerosTrue.jacobi 605 1068299119
UMAP_SPARSE_FIT_BITS optimizer-n1024-d2-zerosTrue.jacobi 606 1073226626
UMAP_SPARSE_FIT_BITS optimizer-n1024-d2-zerosTrue.jacobi 607 1074959511
UMAP_SPARSE_FIT_BITS optimizer-n1024-d2-zerosTrue.jacobi 608 1089724100
UMAP_SPARSE_FIT_BITS optimizer-n1024-d2-zerosTrue.jacobi 609 1090944713
UMAP_SPARSE_FIT_BITS optimizer-n1024-d2-zerosTrue.jacobi 610 1089506663
UMAP_SPARSE_FIT_BITS optimizer-n1024-d2-zerosTrue.jacobi 611 1090918226
UMAP_SPARSE_FIT_BITS optimizer-n1024-d2-zerosTrue.jacobi 612 3233636685
UMAP_SPARSE_FIT_BITS optimizer-n1024-d2-zerosTrue.jacobi 613 1051494262
UMAP_SPARSE_FIT_BITS optimizer-n1024-d2-zerosTrue.jacobi 614 1088720986
UMAP_SPARSE_FIT_BITS optimizer-n1024-d2-zerosTrue.jacobi 615 1087780899
UMAP_SPARSE_FIT_BITS optimizer-n1024-d2-zerosTrue.jacobi 616 3239661545
UMAP_SPARSE_FIT_BITS optimizer-n1024-d2-zerosTrue.jacobi 617 3239604487
UMAP_SPARSE_FIT_BITS optimizer-n1024-d2-zerosTrue.jacobi 618 3233030469
UMAP_SPARSE_FIT_BITS optimizer-n1024-d2-zerosTrue.jacobi 619 3235791587
UMAP_SPARSE_FIT_BITS optimizer-n1024-d2-zerosTrue.jacobi 620 1076433738
UMAP_SPARSE_FIT_BITS optimizer-n1024-d2-zerosTrue.jacobi 621 1077089042
UMAP_SPARSE_FIT_BITS optimizer-n1024-d2-zerosTrue.jacobi 622 1073167556
UMAP_SPARSE_FIT_BITS optimizer-n1024-d2-zerosTrue.jacobi 623 1074716151
UMAP_SPARSE_FIT_BITS optimizer-n1024-d2-zerosTrue.jacobi 624 3234969879
UMAP_SPARSE_FIT_BITS optimizer-n1024-d2-zerosTrue.jacobi 625 3229982179
UMAP_SPARSE_FIT_BITS optimizer-n1024-d2-zerosTrue.jacobi 626 1074333083
UMAP_SPARSE_FIT_BITS optimizer-n1024-d2-zerosTrue.jacobi 627 1086957913
UMAP_SPARSE_FIT_BITS optimizer-n1024-d2-zerosTrue.jacobi 628 1060318716
UMAP_SPARSE_FIT_BITS optimizer-n1024-d2-zerosTrue.jacobi 629 3198605276
UMAP_SPARSE_FIT_BITS optimizer-n1024-d2-zerosTrue.jacobi 630 1066107442
UMAP_SPARSE_FIT_BITS optimizer-n1024-d2-zerosTrue.jacobi 631 1068260106
UMAP_SPARSE_FIT_BITS optimizer-n1024-d2-zerosTrue.jacobi 632 1056493504
UMAP_SPARSE_FIT_BITS optimizer-n1024-d2-zerosTrue.jacobi 633 1074020114
UMAP_SPARSE_FIT_BITS optimizer-n1024-d2-zerosTrue.jacobi 634 1066418330
UMAP_SPARSE_FIT_BITS optimizer-n1024-d2-zerosTrue.jacobi 635 1063189932
UMAP_SPARSE_FIT_BITS optimizer-n1024-d2-zerosTrue.jacobi 636 1066630157
UMAP_SPARSE_FIT_BITS optimizer-n1024-d2-zerosTrue.jacobi 637 1064436570
UMAP_SPARSE_FIT_BITS optimizer-n1024-d2-zerosTrue.jacobi 638 1084999568
UMAP_SPARSE_FIT_BITS optimizer-n1024-d2-zerosTrue.jacobi 639 1083734436
UMAP_SPARSE_FIT_BITS optimizer-n1024-d2-zerosTrue.jacobi 640 1076875279
UMAP_SPARSE_FIT_BITS optimizer-n1024-d2-zerosTrue.jacobi 641 1075526844
UMAP_SPARSE_FIT_BITS optimizer-n1024-d2-zerosTrue.jacobi 642 3222299881
UMAP_SPARSE_FIT_BITS optimizer-n1024-d2-zerosTrue.jacobi 643 3201061281
UMAP_SPARSE_FIT_BITS optimizer-n1024-d2-zerosTrue.jacobi 644 1087629945
UMAP_SPARSE_FIT_BITS optimizer-n1024-d2-zerosTrue.jacobi 645 1088471426
UMAP_SPARSE_FIT_BITS optimizer-n1024-d2-zerosTrue.jacobi 646 3225844957
UMAP_SPARSE_FIT_BITS optimizer-n1024-d2-zerosTrue.jacobi 647 3214116070
UMAP_SPARSE_FIT_BITS optimizer-n1024-d2-zerosTrue.jacobi 648 1080058461
UMAP_SPARSE_FIT_BITS optimizer-n1024-d2-zerosTrue.jacobi 649 1071383735
UMAP_SPARSE_FIT_BITS optimizer-n1024-d2-zerosTrue.jacobi 650 3211341032
UMAP_SPARSE_FIT_BITS optimizer-n1024-d2-zerosTrue.jacobi 651 3213763507
UMAP_SPARSE_FIT_BITS optimizer-n1024-d2-zerosTrue.jacobi 652 3209189050
UMAP_SPARSE_FIT_BITS optimizer-n1024-d2-zerosTrue.jacobi 653 3213918092
UMAP_SPARSE_FIT_BITS optimizer-n1024-d2-zerosTrue.jacobi 654 3241548341
UMAP_SPARSE_FIT_BITS optimizer-n1024-d2-zerosTrue.jacobi 655 3240885131
UMAP_SPARSE_FIT_BITS optimizer-n1024-d2-zerosTrue.jacobi 656 3207027738
UMAP_SPARSE_FIT_BITS optimizer-n1024-d2-zerosTrue.jacobi 657 1070464314
UMAP_SPARSE_FIT_BITS optimizer-n1024-d2-zerosTrue.jacobi 658 3229714672
UMAP_SPARSE_FIT_BITS optimizer-n1024-d2-zerosTrue.jacobi 659 3229826012
UMAP_SPARSE_FIT_BITS optimizer-n1024-d2-zerosTrue.jacobi 660 3192014630
UMAP_SPARSE_FIT_BITS optimizer-n1024-d2-zerosTrue.jacobi 661 1079956310
UMAP_SPARSE_FIT_BITS optimizer-n1024-d2-zerosTrue.jacobi 662 1078068620
UMAP_SPARSE_FIT_BITS optimizer-n1024-d2-zerosTrue.jacobi 663 1077633287
UMAP_SPARSE_FIT_BITS optimizer-n1024-d2-zerosTrue.jacobi 664 1087227597
UMAP_SPARSE_FIT_BITS optimizer-n1024-d2-zerosTrue.jacobi 665 1088391246
UMAP_SPARSE_FIT_BITS optimizer-n1024-d2-zerosTrue.jacobi 666 1087223598
UMAP_SPARSE_FIT_BITS optimizer-n1024-d2-zerosTrue.jacobi 667 1088367680
UMAP_SPARSE_FIT_BITS optimizer-n1024-d2-zerosTrue.jacobi 668 1080777048
UMAP_SPARSE_FIT_BITS optimizer-n1024-d2-zerosTrue.jacobi 669 1075105319
UMAP_SPARSE_FIT_BITS optimizer-n1024-d2-zerosTrue.jacobi 670 1091573992
UMAP_SPARSE_FIT_BITS optimizer-n1024-d2-zerosTrue.jacobi 671 1091401424
UMAP_SPARSE_FIT_BITS optimizer-n1024-d2-zerosTrue.jacobi 672 1084677935
UMAP_SPARSE_FIT_BITS optimizer-n1024-d2-zerosTrue.jacobi 673 1083678632
UMAP_SPARSE_FIT_BITS optimizer-n1024-d2-zerosTrue.jacobi 674 1050877217
UMAP_SPARSE_FIT_BITS optimizer-n1024-d2-zerosTrue.jacobi 675 1059901268
UMAP_SPARSE_FIT_BITS optimizer-n1024-d2-zerosTrue.jacobi 676 3227455077
UMAP_SPARSE_FIT_BITS optimizer-n1024-d2-zerosTrue.jacobi 677 3222229879
UMAP_SPARSE_FIT_BITS optimizer-n1024-d2-zerosTrue.jacobi 678 3213532229
UMAP_SPARSE_FIT_BITS optimizer-n1024-d2-zerosTrue.jacobi 679 1072501598
UMAP_SPARSE_FIT_BITS optimizer-n1024-d2-zerosTrue.jacobi 680 1071444477
UMAP_SPARSE_FIT_BITS optimizer-n1024-d2-zerosTrue.jacobi 681 1071840994
UMAP_SPARSE_FIT_BITS optimizer-n1024-d2-zerosTrue.jacobi 682 3234891182
UMAP_SPARSE_FIT_BITS optimizer-n1024-d2-zerosTrue.jacobi 683 3236262668
UMAP_SPARSE_FIT_BITS optimizer-n1024-d2-zerosTrue.jacobi 684 1076622698
UMAP_SPARSE_FIT_BITS optimizer-n1024-d2-zerosTrue.jacobi 685 3223041066
UMAP_SPARSE_FIT_BITS optimizer-n1024-d2-zerosTrue.jacobi 686 1076717343
UMAP_SPARSE_FIT_BITS optimizer-n1024-d2-zerosTrue.jacobi 687 3223111731
UMAP_SPARSE_FIT_BITS optimizer-n1024-d2-zerosTrue.jacobi 688 3231900307
UMAP_SPARSE_FIT_BITS optimizer-n1024-d2-zerosTrue.jacobi 689 3229854784
UMAP_SPARSE_FIT_BITS optimizer-n1024-d2-zerosTrue.jacobi 690 3232054552
UMAP_SPARSE_FIT_BITS optimizer-n1024-d2-zerosTrue.jacobi 691 3229865673
UMAP_SPARSE_FIT_BITS optimizer-n1024-d2-zerosTrue.jacobi 692 1091495255
UMAP_SPARSE_FIT_BITS optimizer-n1024-d2-zerosTrue.jacobi 693 1090276451
UMAP_SPARSE_FIT_BITS optimizer-n1024-d2-zerosTrue.jacobi 694 1068147062
UMAP_SPARSE_FIT_BITS optimizer-n1024-d2-zerosTrue.jacobi 695 3184124728
UMAP_SPARSE_FIT_BITS optimizer-n1024-d2-zerosTrue.jacobi 696 3230138850
UMAP_SPARSE_FIT_BITS optimizer-n1024-d2-zerosTrue.jacobi 697 3233158713
UMAP_SPARSE_FIT_BITS optimizer-n1024-d2-zerosTrue.jacobi 698 3189845679
UMAP_SPARSE_FIT_BITS optimizer-n1024-d2-zerosTrue.jacobi 699 3221022750
UMAP_SPARSE_FIT_BITS optimizer-n1024-d2-zerosTrue.jacobi 700 3225427026
UMAP_SPARSE_FIT_BITS optimizer-n1024-d2-zerosTrue.jacobi 701 3222898592
UMAP_SPARSE_FIT_BITS optimizer-n1024-d2-zerosTrue.jacobi 702 1077702310
UMAP_SPARSE_FIT_BITS optimizer-n1024-d2-zerosTrue.jacobi 703 1075449351
UMAP_SPARSE_FIT_BITS optimizer-n1024-d2-zerosTrue.jacobi 704 1081240276
UMAP_SPARSE_FIT_BITS optimizer-n1024-d2-zerosTrue.jacobi 705 1080457451
UMAP_SPARSE_FIT_BITS optimizer-n1024-d2-zerosTrue.jacobi 706 1085862715
UMAP_SPARSE_FIT_BITS optimizer-n1024-d2-zerosTrue.jacobi 707 1086010365
UMAP_SPARSE_FIT_BITS optimizer-n1024-d2-zerosTrue.jacobi 708 1084349927
UMAP_SPARSE_FIT_BITS optimizer-n1024-d2-zerosTrue.jacobi 709 1085946025
UMAP_SPARSE_FIT_BITS optimizer-n1024-d2-zerosTrue.jacobi 710 1080318434
UMAP_SPARSE_FIT_BITS optimizer-n1024-d2-zerosTrue.jacobi 711 1082920839
UMAP_SPARSE_FIT_BITS optimizer-n1024-d2-zerosTrue.jacobi 712 1078025071
UMAP_SPARSE_FIT_BITS optimizer-n1024-d2-zerosTrue.jacobi 713 1082562694
UMAP_SPARSE_FIT_BITS optimizer-n1024-d2-zerosTrue.jacobi 714 3202067818
UMAP_SPARSE_FIT_BITS optimizer-n1024-d2-zerosTrue.jacobi 715 1075448833
UMAP_SPARSE_FIT_BITS optimizer-n1024-d2-zerosTrue.jacobi 716 1090815420
UMAP_SPARSE_FIT_BITS optimizer-n1024-d2-zerosTrue.jacobi 717 1088109720
UMAP_SPARSE_FIT_BITS optimizer-n1024-d2-zerosTrue.jacobi 718 3216734918
UMAP_SPARSE_FIT_BITS optimizer-n1024-d2-zerosTrue.jacobi 719 3223173911
UMAP_SPARSE_FIT_BITS optimizer-n1024-d2-zerosTrue.jacobi 720 3217903215
UMAP_SPARSE_FIT_BITS optimizer-n1024-d2-zerosTrue.jacobi 721 3223317331
UMAP_SPARSE_FIT_BITS optimizer-n1024-d2-zerosTrue.jacobi 722 1083100793
UMAP_SPARSE_FIT_BITS optimizer-n1024-d2-zerosTrue.jacobi 723 1090718315
UMAP_SPARSE_FIT_BITS optimizer-n1024-d2-zerosTrue.jacobi 724 3231548304
UMAP_SPARSE_FIT_BITS optimizer-n1024-d2-zerosTrue.jacobi 725 3231021809
UMAP_SPARSE_FIT_BITS optimizer-n1024-d2-zerosTrue.jacobi 726 3232723136
UMAP_SPARSE_FIT_BITS optimizer-n1024-d2-zerosTrue.jacobi 727 3232308426
UMAP_SPARSE_FIT_BITS optimizer-n1024-d2-zerosTrue.jacobi 728 3217359107
UMAP_SPARSE_FIT_BITS optimizer-n1024-d2-zerosTrue.jacobi 729 1074603910
UMAP_SPARSE_FIT_BITS optimizer-n1024-d2-zerosTrue.jacobi 730 3231086713
UMAP_SPARSE_FIT_BITS optimizer-n1024-d2-zerosTrue.jacobi 731 3219056681
UMAP_SPARSE_FIT_BITS optimizer-n1024-d2-zerosTrue.jacobi 732 1081544280
UMAP_SPARSE_FIT_BITS optimizer-n1024-d2-zerosTrue.jacobi 733 1083496694
UMAP_SPARSE_FIT_BITS optimizer-n1024-d2-zerosTrue.jacobi 734 1081095831
UMAP_SPARSE_FIT_BITS optimizer-n1024-d2-zerosTrue.jacobi 735 1083640070
UMAP_SPARSE_FIT_BITS optimizer-n1024-d2-zerosTrue.jacobi 736 3235273840
UMAP_SPARSE_FIT_BITS optimizer-n1024-d2-zerosTrue.jacobi 737 3235277079
UMAP_SPARSE_FIT_BITS optimizer-n1024-d2-zerosTrue.jacobi 738 1074031521
UMAP_SPARSE_FIT_BITS optimizer-n1024-d2-zerosTrue.jacobi 739 1058012331
UMAP_SPARSE_FIT_BITS optimizer-n1024-d2-zerosTrue.jacobi 740 1093247390
UMAP_SPARSE_FIT_BITS optimizer-n1024-d2-zerosTrue.jacobi 741 1092750630
UMAP_SPARSE_FIT_BITS optimizer-n1024-d2-zerosTrue.jacobi 742 1067101368
UMAP_SPARSE_FIT_BITS optimizer-n1024-d2-zerosTrue.jacobi 743 1077599369
UMAP_SPARSE_FIT_BITS optimizer-n1024-d2-zerosTrue.jacobi 744 3216352501
UMAP_SPARSE_FIT_BITS optimizer-n1024-d2-zerosTrue.jacobi 745 3207076260
UMAP_SPARSE_FIT_BITS optimizer-n1024-d2-zerosTrue.jacobi 746 1082080417
UMAP_SPARSE_FIT_BITS optimizer-n1024-d2-zerosTrue.jacobi 747 1083897988
UMAP_SPARSE_FIT_BITS optimizer-n1024-d2-zerosTrue.jacobi 748 3235267225
UMAP_SPARSE_FIT_BITS optimizer-n1024-d2-zerosTrue.jacobi 749 3233885286
UMAP_SPARSE_FIT_BITS optimizer-n1024-d2-zerosTrue.jacobi 750 3233465531
UMAP_SPARSE_FIT_BITS optimizer-n1024-d2-zerosTrue.jacobi 751 3233302959
UMAP_SPARSE_FIT_BITS optimizer-n1024-d2-zerosTrue.jacobi 752 1070146897
UMAP_SPARSE_FIT_BITS optimizer-n1024-d2-zerosTrue.jacobi 753 1076277975
UMAP_SPARSE_FIT_BITS optimizer-n1024-d2-zerosTrue.jacobi 754 3213966884
UMAP_SPARSE_FIT_BITS optimizer-n1024-d2-zerosTrue.jacobi 755 3201567312
UMAP_SPARSE_FIT_BITS optimizer-n1024-d2-zerosTrue.jacobi 756 1035263054
UMAP_SPARSE_FIT_BITS optimizer-n1024-d2-zerosTrue.jacobi 757 3192998826
UMAP_SPARSE_FIT_BITS optimizer-n1024-d2-zerosTrue.jacobi 758 3231785562
UMAP_SPARSE_FIT_BITS optimizer-n1024-d2-zerosTrue.jacobi 759 3231347755
UMAP_SPARSE_FIT_BITS optimizer-n1024-d2-zerosTrue.jacobi 760 3230935451
UMAP_SPARSE_FIT_BITS optimizer-n1024-d2-zerosTrue.jacobi 761 3230853243
UMAP_SPARSE_FIT_BITS optimizer-n1024-d2-zerosTrue.jacobi 762 1084677530
UMAP_SPARSE_FIT_BITS optimizer-n1024-d2-zerosTrue.jacobi 763 1082545370
UMAP_SPARSE_FIT_BITS optimizer-n1024-d2-zerosTrue.jacobi 764 1059105648
UMAP_SPARSE_FIT_BITS optimizer-n1024-d2-zerosTrue.jacobi 765 1075389768
UMAP_SPARSE_FIT_BITS optimizer-n1024-d2-zerosTrue.jacobi 766 1081577264
UMAP_SPARSE_FIT_BITS optimizer-n1024-d2-zerosTrue.jacobi 767 1083313496
UMAP_SPARSE_FIT_BITS optimizer-n1024-d2-zerosTrue.jacobi 768 3225844046
UMAP_SPARSE_FIT_BITS optimizer-n1024-d2-zerosTrue.jacobi 769 3222721323
UMAP_SPARSE_FIT_BITS optimizer-n1024-d2-zerosTrue.jacobi 770 1056170060
UMAP_SPARSE_FIT_BITS optimizer-n1024-d2-zerosTrue.jacobi 771 3214102999
UMAP_SPARSE_FIT_BITS optimizer-n1024-d2-zerosTrue.jacobi 772 1080518203
UMAP_SPARSE_FIT_BITS optimizer-n1024-d2-zerosTrue.jacobi 773 1076532120
UMAP_SPARSE_FIT_BITS optimizer-n1024-d2-zerosTrue.jacobi 774 1066340856
UMAP_SPARSE_FIT_BITS optimizer-n1024-d2-zerosTrue.jacobi 775 1051650225
UMAP_SPARSE_FIT_BITS optimizer-n1024-d2-zerosTrue.jacobi 776 1084796590
UMAP_SPARSE_FIT_BITS optimizer-n1024-d2-zerosTrue.jacobi 777 1086074557
UMAP_SPARSE_FIT_BITS optimizer-n1024-d2-zerosTrue.jacobi 778 3240082213
UMAP_SPARSE_FIT_BITS optimizer-n1024-d2-zerosTrue.jacobi 779 3239299303
UMAP_SPARSE_FIT_BITS optimizer-n1024-d2-zerosTrue.jacobi 780 3226527778
UMAP_SPARSE_FIT_BITS optimizer-n1024-d2-zerosTrue.jacobi 781 3214969609
UMAP_SPARSE_FIT_BITS optimizer-n1024-d2-zerosTrue.jacobi 782 3212705512
UMAP_SPARSE_FIT_BITS optimizer-n1024-d2-zerosTrue.jacobi 783 3229570867
UMAP_SPARSE_FIT_BITS optimizer-n1024-d2-zerosTrue.jacobi 784 1078770470
UMAP_SPARSE_FIT_BITS optimizer-n1024-d2-zerosTrue.jacobi 785 3204488866
UMAP_SPARSE_FIT_BITS optimizer-n1024-d2-zerosTrue.jacobi 786 3213099870
UMAP_SPARSE_FIT_BITS optimizer-n1024-d2-zerosTrue.jacobi 787 1076298997
UMAP_SPARSE_FIT_BITS optimizer-n1024-d2-zerosTrue.jacobi 788 1074869083
UMAP_SPARSE_FIT_BITS optimizer-n1024-d2-zerosTrue.jacobi 789 1067685839
UMAP_SPARSE_FIT_BITS optimizer-n1024-d2-zerosTrue.jacobi 790 3209657969
UMAP_SPARSE_FIT_BITS optimizer-n1024-d2-zerosTrue.jacobi 791 1056983512
UMAP_SPARSE_FIT_BITS optimizer-n1024-d2-zerosTrue.jacobi 792 3236152431
UMAP_SPARSE_FIT_BITS optimizer-n1024-d2-zerosTrue.jacobi 793 3232780253
UMAP_SPARSE_FIT_BITS optimizer-n1024-d2-zerosTrue.jacobi 794 3236360148
UMAP_SPARSE_FIT_BITS optimizer-n1024-d2-zerosTrue.jacobi 795 3237114630
UMAP_SPARSE_FIT_BITS optimizer-n1024-d2-zerosTrue.jacobi 796 1065239579
UMAP_SPARSE_FIT_BITS optimizer-n1024-d2-zerosTrue.jacobi 797 1073766297
UMAP_SPARSE_FIT_BITS optimizer-n1024-d2-zerosTrue.jacobi 798 1093629792
UMAP_SPARSE_FIT_BITS optimizer-n1024-d2-zerosTrue.jacobi 799 1093104393
UMAP_SPARSE_FIT_BITS optimizer-n1024-d2-zerosTrue.jacobi 800 1076553054
UMAP_SPARSE_FIT_BITS optimizer-n1024-d2-zerosTrue.jacobi 801 1083508870
UMAP_SPARSE_FIT_BITS optimizer-n1024-d2-zerosTrue.jacobi 802 1080660181
UMAP_SPARSE_FIT_BITS optimizer-n1024-d2-zerosTrue.jacobi 803 1080619238
UMAP_SPARSE_FIT_BITS optimizer-n1024-d2-zerosTrue.jacobi 804 1090652822
UMAP_SPARSE_FIT_BITS optimizer-n1024-d2-zerosTrue.jacobi 805 1089742205
UMAP_SPARSE_FIT_BITS optimizer-n1024-d2-zerosTrue.jacobi 806 1087858306
UMAP_SPARSE_FIT_BITS optimizer-n1024-d2-zerosTrue.jacobi 807 1086397339
UMAP_SPARSE_FIT_BITS optimizer-n1024-d2-zerosTrue.jacobi 808 1087661614
UMAP_SPARSE_FIT_BITS optimizer-n1024-d2-zerosTrue.jacobi 809 1086308368
UMAP_SPARSE_FIT_BITS optimizer-n1024-d2-zerosTrue.jacobi 810 1082937647
UMAP_SPARSE_FIT_BITS optimizer-n1024-d2-zerosTrue.jacobi 811 1085127614
UMAP_SPARSE_FIT_BITS optimizer-n1024-d2-zerosTrue.jacobi 812 3221317528
UMAP_SPARSE_FIT_BITS optimizer-n1024-d2-zerosTrue.jacobi 813 3208813396
UMAP_SPARSE_FIT_BITS optimizer-n1024-d2-zerosTrue.jacobi 814 1048743929
UMAP_SPARSE_FIT_BITS optimizer-n1024-d2-zerosTrue.jacobi 815 1084408011
UMAP_SPARSE_FIT_BITS optimizer-n1024-d2-zerosTrue.jacobi 816 3226813933
UMAP_SPARSE_FIT_BITS optimizer-n1024-d2-zerosTrue.jacobi 817 3225791660
UMAP_SPARSE_FIT_BITS optimizer-n1024-d2-zerosTrue.jacobi 818 3199979922
UMAP_SPARSE_FIT_BITS optimizer-n1024-d2-zerosTrue.jacobi 819 3219160752
UMAP_SPARSE_FIT_BITS optimizer-n1024-d2-zerosTrue.jacobi 820 1074787600
UMAP_SPARSE_FIT_BITS optimizer-n1024-d2-zerosTrue.jacobi 821 3196922236
UMAP_SPARSE_FIT_BITS optimizer-n1024-d2-zerosTrue.jacobi 822 3230866607
UMAP_SPARSE_FIT_BITS optimizer-n1024-d2-zerosTrue.jacobi 823 3232539855
UMAP_SPARSE_FIT_BITS optimizer-n1024-d2-zerosTrue.jacobi 824 3225371237
UMAP_SPARSE_FIT_BITS optimizer-n1024-d2-zerosTrue.jacobi 825 3215553522
UMAP_SPARSE_FIT_BITS optimizer-n1024-d2-zerosTrue.jacobi 826 3224447049
UMAP_SPARSE_FIT_BITS optimizer-n1024-d2-zerosTrue.jacobi 827 3214889767
UMAP_SPARSE_FIT_BITS optimizer-n1024-d2-zerosTrue.jacobi 828 1087426816
UMAP_SPARSE_FIT_BITS optimizer-n1024-d2-zerosTrue.jacobi 829 1086829122
UMAP_SPARSE_FIT_BITS optimizer-n1024-d2-zerosTrue.jacobi 830 3218364872
UMAP_SPARSE_FIT_BITS optimizer-n1024-d2-zerosTrue.jacobi 831 3229062769
UMAP_SPARSE_FIT_BITS optimizer-n1024-d2-zerosTrue.jacobi 832 1082164292
UMAP_SPARSE_FIT_BITS optimizer-n1024-d2-zerosTrue.jacobi 833 1080635531
UMAP_SPARSE_FIT_BITS optimizer-n1024-d2-zerosTrue.jacobi 834 1081780989
UMAP_SPARSE_FIT_BITS optimizer-n1024-d2-zerosTrue.jacobi 835 1086134364
UMAP_SPARSE_FIT_BITS optimizer-n1024-d2-zerosTrue.jacobi 836 3237650645
UMAP_SPARSE_FIT_BITS optimizer-n1024-d2-zerosTrue.jacobi 837 3236405778
UMAP_SPARSE_FIT_BITS optimizer-n1024-d2-zerosTrue.jacobi 838 3207343004
UMAP_SPARSE_FIT_BITS optimizer-n1024-d2-zerosTrue.jacobi 839 3221925468
UMAP_SPARSE_FIT_BITS optimizer-n1024-d2-zerosTrue.jacobi 840 1085062979
UMAP_SPARSE_FIT_BITS optimizer-n1024-d2-zerosTrue.jacobi 841 1081086226
UMAP_SPARSE_FIT_BITS optimizer-n1024-d2-zerosTrue.jacobi 842 1065997079
UMAP_SPARSE_FIT_BITS optimizer-n1024-d2-zerosTrue.jacobi 843 1069993185
UMAP_SPARSE_FIT_BITS optimizer-n1024-d2-zerosTrue.jacobi 844 1091497969
UMAP_SPARSE_FIT_BITS optimizer-n1024-d2-zerosTrue.jacobi 845 1091758463
UMAP_SPARSE_FIT_BITS optimizer-n1024-d2-zerosTrue.jacobi 846 1092516522
UMAP_SPARSE_FIT_BITS optimizer-n1024-d2-zerosTrue.jacobi 847 1092925791
UMAP_SPARSE_FIT_BITS optimizer-n1024-d2-zerosTrue.jacobi 848 3220604760
UMAP_SPARSE_FIT_BITS optimizer-n1024-d2-zerosTrue.jacobi 849 3213167033
UMAP_SPARSE_FIT_BITS optimizer-n1024-d2-zerosTrue.jacobi 850 3225508505
UMAP_SPARSE_FIT_BITS optimizer-n1024-d2-zerosTrue.jacobi 851 3225794318
UMAP_SPARSE_FIT_BITS optimizer-n1024-d2-zerosTrue.jacobi 852 1088410705
UMAP_SPARSE_FIT_BITS optimizer-n1024-d2-zerosTrue.jacobi 853 1085297089
UMAP_SPARSE_FIT_BITS optimizer-n1024-d2-zerosTrue.jacobi 854 1074296412
UMAP_SPARSE_FIT_BITS optimizer-n1024-d2-zerosTrue.jacobi 855 1045151525
UMAP_SPARSE_FIT_BITS optimizer-n1024-d2-zerosTrue.jacobi 856 3236561345
UMAP_SPARSE_FIT_BITS optimizer-n1024-d2-zerosTrue.jacobi 857 3238206210
UMAP_SPARSE_FIT_BITS optimizer-n1024-d2-zerosTrue.jacobi 858 1063290442
UMAP_SPARSE_FIT_BITS optimizer-n1024-d2-zerosTrue.jacobi 859 1073930879
UMAP_SPARSE_FIT_BITS optimizer-n1024-d2-zerosTrue.jacobi 860 3208684012
UMAP_SPARSE_FIT_BITS optimizer-n1024-d2-zerosTrue.jacobi 861 3170897372
UMAP_SPARSE_FIT_BITS optimizer-n1024-d2-zerosTrue.jacobi 862 3226413006
UMAP_SPARSE_FIT_BITS optimizer-n1024-d2-zerosTrue.jacobi 863 3200590614
UMAP_SPARSE_FIT_BITS optimizer-n1024-d2-zerosTrue.jacobi 864 1068860601
UMAP_SPARSE_FIT_BITS optimizer-n1024-d2-zerosTrue.jacobi 865 3229128335
UMAP_SPARSE_FIT_BITS optimizer-n1024-d2-zerosTrue.jacobi 866 3221421268
UMAP_SPARSE_FIT_BITS optimizer-n1024-d2-zerosTrue.jacobi 867 3227862482
UMAP_SPARSE_FIT_BITS optimizer-n1024-d2-zerosTrue.jacobi 868 1087078901
UMAP_SPARSE_FIT_BITS optimizer-n1024-d2-zerosTrue.jacobi 869 1088249765
UMAP_SPARSE_FIT_BITS optimizer-n1024-d2-zerosTrue.jacobi 870 1082287530
UMAP_SPARSE_FIT_BITS optimizer-n1024-d2-zerosTrue.jacobi 871 1085933326
UMAP_SPARSE_FIT_BITS optimizer-n1024-d2-zerosTrue.jacobi 872 1081038358
UMAP_SPARSE_FIT_BITS optimizer-n1024-d2-zerosTrue.jacobi 873 1079650254
UMAP_SPARSE_FIT_BITS optimizer-n1024-d2-zerosTrue.jacobi 874 1083977053
UMAP_SPARSE_FIT_BITS optimizer-n1024-d2-zerosTrue.jacobi 875 1081104989
UMAP_SPARSE_FIT_BITS optimizer-n1024-d2-zerosTrue.jacobi 876 1073755207
UMAP_SPARSE_FIT_BITS optimizer-n1024-d2-zerosTrue.jacobi 877 1069822395
UMAP_SPARSE_FIT_BITS optimizer-n1024-d2-zerosTrue.jacobi 878 1089659664
UMAP_SPARSE_FIT_BITS optimizer-n1024-d2-zerosTrue.jacobi 879 1090442710
UMAP_SPARSE_FIT_BITS optimizer-n1024-d2-zerosTrue.jacobi 880 3214819339
UMAP_SPARSE_FIT_BITS optimizer-n1024-d2-zerosTrue.jacobi 881 1074047764
UMAP_SPARSE_FIT_BITS optimizer-n1024-d2-zerosTrue.jacobi 882 1075634704
UMAP_SPARSE_FIT_BITS optimizer-n1024-d2-zerosTrue.jacobi 883 1080564493
UMAP_SPARSE_FIT_BITS optimizer-n1024-d2-zerosTrue.jacobi 884 1057752187
UMAP_SPARSE_FIT_BITS optimizer-n1024-d2-zerosTrue.jacobi 885 3234062018
UMAP_SPARSE_FIT_BITS optimizer-n1024-d2-zerosTrue.jacobi 886 1081740030
UMAP_SPARSE_FIT_BITS optimizer-n1024-d2-zerosTrue.jacobi 887 1074738871
UMAP_SPARSE_FIT_BITS optimizer-n1024-d2-zerosTrue.jacobi 888 3224065162
UMAP_SPARSE_FIT_BITS optimizer-n1024-d2-zerosTrue.jacobi 889 3230212431
UMAP_SPARSE_FIT_BITS optimizer-n1024-d2-zerosTrue.jacobi 890 3231637962
UMAP_SPARSE_FIT_BITS optimizer-n1024-d2-zerosTrue.jacobi 891 3233384969
UMAP_SPARSE_FIT_BITS optimizer-n1024-d2-zerosTrue.jacobi 892 1084482468
UMAP_SPARSE_FIT_BITS optimizer-n1024-d2-zerosTrue.jacobi 893 1085590714
UMAP_SPARSE_FIT_BITS optimizer-n1024-d2-zerosTrue.jacobi 894 3230802619
UMAP_SPARSE_FIT_BITS optimizer-n1024-d2-zerosTrue.jacobi 895 3228796140
UMAP_SPARSE_FIT_BITS optimizer-n1024-d2-zerosTrue.jacobi 896 1070673146
UMAP_SPARSE_FIT_BITS optimizer-n1024-d2-zerosTrue.jacobi 897 1078668023
UMAP_SPARSE_FIT_BITS optimizer-n1024-d2-zerosTrue.jacobi 898 1084256614
UMAP_SPARSE_FIT_BITS optimizer-n1024-d2-zerosTrue.jacobi 899 1081399658
UMAP_SPARSE_FIT_BITS optimizer-n1024-d2-zerosTrue.jacobi 900 3219899564
UMAP_SPARSE_FIT_BITS optimizer-n1024-d2-zerosTrue.jacobi 901 3222451210
UMAP_SPARSE_FIT_BITS optimizer-n1024-d2-zerosTrue.jacobi 902 1083251947
UMAP_SPARSE_FIT_BITS optimizer-n1024-d2-zerosTrue.jacobi 903 1084557993
UMAP_SPARSE_FIT_BITS optimizer-n1024-d2-zerosTrue.jacobi 904 1082468643
UMAP_SPARSE_FIT_BITS optimizer-n1024-d2-zerosTrue.jacobi 905 1086169053
UMAP_SPARSE_FIT_BITS optimizer-n1024-d2-zerosTrue.jacobi 906 3192903412
UMAP_SPARSE_FIT_BITS optimizer-n1024-d2-zerosTrue.jacobi 907 3217706483
UMAP_SPARSE_FIT_BITS optimizer-n1024-d2-zerosTrue.jacobi 908 1080326943
UMAP_SPARSE_FIT_BITS optimizer-n1024-d2-zerosTrue.jacobi 909 1072325743
UMAP_SPARSE_FIT_BITS optimizer-n1024-d2-zerosTrue.jacobi 910 1088839677
UMAP_SPARSE_FIT_BITS optimizer-n1024-d2-zerosTrue.jacobi 911 1086569697
UMAP_SPARSE_FIT_BITS optimizer-n1024-d2-zerosTrue.jacobi 912 1089835652
UMAP_SPARSE_FIT_BITS optimizer-n1024-d2-zerosTrue.jacobi 913 1089452107
UMAP_SPARSE_FIT_BITS optimizer-n1024-d2-zerosTrue.jacobi 914 3228062715
UMAP_SPARSE_FIT_BITS optimizer-n1024-d2-zerosTrue.jacobi 915 3217653305
UMAP_SPARSE_FIT_BITS optimizer-n1024-d2-zerosTrue.jacobi 916 1087141296
UMAP_SPARSE_FIT_BITS optimizer-n1024-d2-zerosTrue.jacobi 917 1088759030
UMAP_SPARSE_FIT_BITS optimizer-n1024-d2-zerosTrue.jacobi 918 3218162459
UMAP_SPARSE_FIT_BITS optimizer-n1024-d2-zerosTrue.jacobi 919 1044017302
UMAP_SPARSE_FIT_BITS optimizer-n1024-d2-zerosTrue.jacobi 920 1076402662
UMAP_SPARSE_FIT_BITS optimizer-n1024-d2-zerosTrue.jacobi 921 1080380378
UMAP_SPARSE_FIT_BITS optimizer-n1024-d2-zerosTrue.jacobi 922 3221530319
UMAP_SPARSE_FIT_BITS optimizer-n1024-d2-zerosTrue.jacobi 923 3224078298
UMAP_SPARSE_FIT_BITS optimizer-n1024-d2-zerosTrue.jacobi 924 3220789655
UMAP_SPARSE_FIT_BITS optimizer-n1024-d2-zerosTrue.jacobi 925 3225786557
UMAP_SPARSE_FIT_BITS optimizer-n1024-d2-zerosTrue.jacobi 926 1062070732
UMAP_SPARSE_FIT_BITS optimizer-n1024-d2-zerosTrue.jacobi 927 1072534870
UMAP_SPARSE_FIT_BITS optimizer-n1024-d2-zerosTrue.jacobi 928 1073786580
UMAP_SPARSE_FIT_BITS optimizer-n1024-d2-zerosTrue.jacobi 929 1077320656
UMAP_SPARSE_FIT_BITS optimizer-n1024-d2-zerosTrue.jacobi 930 1055233720
UMAP_SPARSE_FIT_BITS optimizer-n1024-d2-zerosTrue.jacobi 931 3200021212
UMAP_SPARSE_FIT_BITS optimizer-n1024-d2-zerosTrue.jacobi 932 1056564100
UMAP_SPARSE_FIT_BITS optimizer-n1024-d2-zerosTrue.jacobi 933 1074356850
UMAP_SPARSE_FIT_BITS optimizer-n1024-d2-zerosTrue.jacobi 934 3209830272
UMAP_SPARSE_FIT_BITS optimizer-n1024-d2-zerosTrue.jacobi 935 3223007783
UMAP_SPARSE_FIT_BITS optimizer-n1024-d2-zerosTrue.jacobi 936 3195279576
UMAP_SPARSE_FIT_BITS optimizer-n1024-d2-zerosTrue.jacobi 937 3205262893
UMAP_SPARSE_FIT_BITS optimizer-n1024-d2-zerosTrue.jacobi 938 3194135772
UMAP_SPARSE_FIT_BITS optimizer-n1024-d2-zerosTrue.jacobi 939 3208445486
UMAP_SPARSE_FIT_BITS optimizer-n1024-d2-zerosTrue.jacobi 940 3204585140
UMAP_SPARSE_FIT_BITS optimizer-n1024-d2-zerosTrue.jacobi 941 3211565004
UMAP_SPARSE_FIT_BITS optimizer-n1024-d2-zerosTrue.jacobi 942 1091453873
UMAP_SPARSE_FIT_BITS optimizer-n1024-d2-zerosTrue.jacobi 943 1091019389
UMAP_SPARSE_FIT_BITS optimizer-n1024-d2-zerosTrue.jacobi 944 1087238706
UMAP_SPARSE_FIT_BITS optimizer-n1024-d2-zerosTrue.jacobi 945 1087053336
UMAP_SPARSE_FIT_BITS optimizer-n1024-d2-zerosTrue.jacobi 946 1086319608
UMAP_SPARSE_FIT_BITS optimizer-n1024-d2-zerosTrue.jacobi 947 1086846966
UMAP_SPARSE_FIT_BITS optimizer-n1024-d2-zerosTrue.jacobi 948 1083722614
UMAP_SPARSE_FIT_BITS optimizer-n1024-d2-zerosTrue.jacobi 949 1084965693
UMAP_SPARSE_FIT_BITS optimizer-n1024-d2-zerosTrue.jacobi 950 3238678755
UMAP_SPARSE_FIT_BITS optimizer-n1024-d2-zerosTrue.jacobi 951 3238369183
UMAP_SPARSE_FIT_BITS optimizer-n1024-d2-zerosTrue.jacobi 952 3217491154
UMAP_SPARSE_FIT_BITS optimizer-n1024-d2-zerosTrue.jacobi 953 3209798216
UMAP_SPARSE_FIT_BITS optimizer-n1024-d2-zerosTrue.jacobi 954 3227624993
UMAP_SPARSE_FIT_BITS optimizer-n1024-d2-zerosTrue.jacobi 955 3230339436
UMAP_SPARSE_FIT_BITS optimizer-n1024-d2-zerosTrue.jacobi 956 1056482252
UMAP_SPARSE_FIT_BITS optimizer-n1024-d2-zerosTrue.jacobi 957 1057797084
UMAP_SPARSE_FIT_BITS optimizer-n1024-d2-zerosTrue.jacobi 958 1080629777
UMAP_SPARSE_FIT_BITS optimizer-n1024-d2-zerosTrue.jacobi 959 1082423898
UMAP_SPARSE_FIT_BITS optimizer-n1024-d2-zerosTrue.jacobi 960 1065834471
UMAP_SPARSE_FIT_BITS optimizer-n1024-d2-zerosTrue.jacobi 961 1073837060
UMAP_SPARSE_FIT_BITS optimizer-n1024-d2-zerosTrue.jacobi 962 1067640661
UMAP_SPARSE_FIT_BITS optimizer-n1024-d2-zerosTrue.jacobi 963 1071738690
UMAP_SPARSE_FIT_BITS optimizer-n1024-d2-zerosTrue.jacobi 964 1060819098
UMAP_SPARSE_FIT_BITS optimizer-n1024-d2-zerosTrue.jacobi 965 1066352000
UMAP_SPARSE_FIT_BITS optimizer-n1024-d2-zerosTrue.jacobi 966 1060404628
UMAP_SPARSE_FIT_BITS optimizer-n1024-d2-zerosTrue.jacobi 967 1065113758
UMAP_SPARSE_FIT_BITS optimizer-n1024-d2-zerosTrue.jacobi 968 1093374490
UMAP_SPARSE_FIT_BITS optimizer-n1024-d2-zerosTrue.jacobi 969 1092214983
UMAP_SPARSE_FIT_BITS optimizer-n1024-d2-zerosTrue.jacobi 970 1052835254
UMAP_SPARSE_FIT_BITS optimizer-n1024-d2-zerosTrue.jacobi 971 1064005822
UMAP_SPARSE_FIT_BITS optimizer-n1024-d2-zerosTrue.jacobi 972 3224966642
UMAP_SPARSE_FIT_BITS optimizer-n1024-d2-zerosTrue.jacobi 973 3222667813
UMAP_SPARSE_FIT_BITS optimizer-n1024-d2-zerosTrue.jacobi 974 3203478944
UMAP_SPARSE_FIT_BITS optimizer-n1024-d2-zerosTrue.jacobi 975 3215683746
UMAP_SPARSE_FIT_BITS optimizer-n1024-d2-zerosTrue.jacobi 976 1079217584
UMAP_SPARSE_FIT_BITS optimizer-n1024-d2-zerosTrue.jacobi 977 1086070088
UMAP_SPARSE_FIT_BITS optimizer-n1024-d2-zerosTrue.jacobi 978 1078922866
UMAP_SPARSE_FIT_BITS optimizer-n1024-d2-zerosTrue.jacobi 979 1082345290
UMAP_SPARSE_FIT_BITS optimizer-n1024-d2-zerosTrue.jacobi 980 1057897648
UMAP_SPARSE_FIT_BITS optimizer-n1024-d2-zerosTrue.jacobi 981 1085717827
UMAP_SPARSE_FIT_BITS optimizer-n1024-d2-zerosTrue.jacobi 982 3232912297
UMAP_SPARSE_FIT_BITS optimizer-n1024-d2-zerosTrue.jacobi 983 3231188013
UMAP_SPARSE_FIT_BITS optimizer-n1024-d2-zerosTrue.jacobi 984 3212696185
UMAP_SPARSE_FIT_BITS optimizer-n1024-d2-zerosTrue.jacobi 985 1073843234
UMAP_SPARSE_FIT_BITS optimizer-n1024-d2-zerosTrue.jacobi 986 3223860160
UMAP_SPARSE_FIT_BITS optimizer-n1024-d2-zerosTrue.jacobi 987 3206605065
UMAP_SPARSE_FIT_BITS optimizer-n1024-d2-zerosTrue.jacobi 988 3212691066
UMAP_SPARSE_FIT_BITS optimizer-n1024-d2-zerosTrue.jacobi 989 3220614632
UMAP_SPARSE_FIT_BITS optimizer-n1024-d2-zerosTrue.jacobi 990 3213553061
UMAP_SPARSE_FIT_BITS optimizer-n1024-d2-zerosTrue.jacobi 991 3221256440
UMAP_SPARSE_FIT_BITS optimizer-n1024-d2-zerosTrue.jacobi 992 3208847910
UMAP_SPARSE_FIT_BITS optimizer-n1024-d2-zerosTrue.jacobi 993 1082628059
UMAP_SPARSE_FIT_BITS optimizer-n1024-d2-zerosTrue.jacobi 994 1068188152
UMAP_SPARSE_FIT_BITS optimizer-n1024-d2-zerosTrue.jacobi 995 1065572655
UMAP_SPARSE_FIT_BITS optimizer-n1024-d2-zerosTrue.jacobi 996 3225135577
UMAP_SPARSE_FIT_BITS optimizer-n1024-d2-zerosTrue.jacobi 997 3225918687
UMAP_SPARSE_FIT_BITS optimizer-n1024-d2-zerosTrue.jacobi 998 3236258590
UMAP_SPARSE_FIT_BITS optimizer-n1024-d2-zerosTrue.jacobi 999 3237922720
UMAP_SPARSE_FIT_BITS optimizer-n1024-d2-zerosTrue.jacobi 1000 3213636032
UMAP_SPARSE_FIT_BITS optimizer-n1024-d2-zerosTrue.jacobi 1001 3161790048
UMAP_SPARSE_FIT_BITS optimizer-n1024-d2-zerosTrue.jacobi 1002 1066083059
UMAP_SPARSE_FIT_BITS optimizer-n1024-d2-zerosTrue.jacobi 1003 1060715308
UMAP_SPARSE_FIT_BITS optimizer-n1024-d2-zerosTrue.jacobi 1004 1091056995
UMAP_SPARSE_FIT_BITS optimizer-n1024-d2-zerosTrue.jacobi 1005 1091943737
UMAP_SPARSE_FIT_BITS optimizer-n1024-d2-zerosTrue.jacobi 1006 3224306336
UMAP_SPARSE_FIT_BITS optimizer-n1024-d2-zerosTrue.jacobi 1007 3226812818
UMAP_SPARSE_FIT_BITS optimizer-n1024-d2-zerosTrue.jacobi 1008 3227758819
UMAP_SPARSE_FIT_BITS optimizer-n1024-d2-zerosTrue.jacobi 1009 3226163845
UMAP_SPARSE_FIT_BITS optimizer-n1024-d2-zerosTrue.jacobi 1010 1079775641
UMAP_SPARSE_FIT_BITS optimizer-n1024-d2-zerosTrue.jacobi 1011 1075813649
UMAP_SPARSE_FIT_BITS optimizer-n1024-d2-zerosTrue.jacobi 1012 1079818365
UMAP_SPARSE_FIT_BITS optimizer-n1024-d2-zerosTrue.jacobi 1013 1078382661
UMAP_SPARSE_FIT_BITS optimizer-n1024-d2-zerosTrue.jacobi 1014 1076573338
UMAP_SPARSE_FIT_BITS optimizer-n1024-d2-zerosTrue.jacobi 1015 1077042530
UMAP_SPARSE_FIT_BITS optimizer-n1024-d2-zerosTrue.jacobi 1016 3226075448
UMAP_SPARSE_FIT_BITS optimizer-n1024-d2-zerosTrue.jacobi 1017 3213733965
UMAP_SPARSE_FIT_BITS optimizer-n1024-d2-zerosTrue.jacobi 1018 1066699379
UMAP_SPARSE_FIT_BITS optimizer-n1024-d2-zerosTrue.jacobi 1019 1074725892
UMAP_SPARSE_FIT_BITS optimizer-n1024-d2-zerosTrue.jacobi 1020 1063419508
UMAP_SPARSE_FIT_BITS optimizer-n1024-d2-zerosTrue.jacobi 1021 1070321534
UMAP_SPARSE_FIT_BITS optimizer-n1024-d2-zerosTrue.jacobi 1022 1080371114
UMAP_SPARSE_FIT_BITS optimizer-n1024-d2-zerosTrue.jacobi 1023 1090096566
UMAP_SPARSE_FIT_BITS optimizer-n1024-d2-zerosTrue.jacobi 1024 3221856978
UMAP_SPARSE_FIT_BITS optimizer-n1024-d2-zerosTrue.jacobi 1025 3219282579
UMAP_SPARSE_FIT_BITS optimizer-n1024-d2-zerosTrue.jacobi 1026 3220834983
UMAP_SPARSE_FIT_BITS optimizer-n1024-d2-zerosTrue.jacobi 1027 3217610241
UMAP_SPARSE_FIT_BITS optimizer-n1024-d2-zerosTrue.jacobi 1028 3221957702
UMAP_SPARSE_FIT_BITS optimizer-n1024-d2-zerosTrue.jacobi 1029 3219723559
UMAP_SPARSE_FIT_BITS optimizer-n1024-d2-zerosTrue.jacobi 1030 3239811127
UMAP_SPARSE_FIT_BITS optimizer-n1024-d2-zerosTrue.jacobi 1031 3239219034
UMAP_SPARSE_FIT_BITS optimizer-n1024-d2-zerosTrue.jacobi 1032 3168276748
UMAP_SPARSE_FIT_BITS optimizer-n1024-d2-zerosTrue.jacobi 1033 3206399200
UMAP_SPARSE_FIT_BITS optimizer-n1024-d2-zerosTrue.jacobi 1034 3227036977
UMAP_SPARSE_FIT_BITS optimizer-n1024-d2-zerosTrue.jacobi 1035 3221743530
UMAP_SPARSE_FIT_BITS optimizer-n1024-d2-zerosTrue.jacobi 1036 1031998168
UMAP_SPARSE_FIT_BITS optimizer-n1024-d2-zerosTrue.jacobi 1037 1070676480
UMAP_SPARSE_FIT_BITS optimizer-n1024-d2-zerosTrue.jacobi 1038 1063979553
UMAP_SPARSE_FIT_BITS optimizer-n1024-d2-zerosTrue.jacobi 1039 1069725880
UMAP_SPARSE_FIT_BITS optimizer-n1024-d2-zerosTrue.jacobi 1040 3225456891
UMAP_SPARSE_FIT_BITS optimizer-n1024-d2-zerosTrue.jacobi 1041 3225604894
UMAP_SPARSE_FIT_BITS optimizer-n1024-d2-zerosTrue.jacobi 1042 3225664244
UMAP_SPARSE_FIT_BITS optimizer-n1024-d2-zerosTrue.jacobi 1043 3226443467
UMAP_SPARSE_FIT_BITS optimizer-n1024-d2-zerosTrue.jacobi 1044 1071171637
UMAP_SPARSE_FIT_BITS optimizer-n1024-d2-zerosTrue.jacobi 1045 1072681162
UMAP_SPARSE_FIT_BITS optimizer-n1024-d2-zerosTrue.jacobi 1046 1079854985
UMAP_SPARSE_FIT_BITS optimizer-n1024-d2-zerosTrue.jacobi 1047 1078955617
UMAP_SPARSE_FIT_BITS optimizer-n1024-d2-zerosTrue.jacobi 1048 1093961806
UMAP_SPARSE_FIT_BITS optimizer-n1024-d2-zerosTrue.jacobi 1049 1094479962
UMAP_SPARSE_FIT_BITS optimizer-n1024-d2-zerosTrue.jacobi 1050 3230044836
UMAP_SPARSE_FIT_BITS optimizer-n1024-d2-zerosTrue.jacobi 1051 3227190438
UMAP_SPARSE_FIT_BITS optimizer-n1024-d2-zerosTrue.jacobi 1052 3225898473
UMAP_SPARSE_FIT_BITS optimizer-n1024-d2-zerosTrue.jacobi 1053 3221694407
UMAP_SPARSE_FIT_BITS optimizer-n1024-d2-zerosTrue.jacobi 1054 3224551302
UMAP_SPARSE_FIT_BITS optimizer-n1024-d2-zerosTrue.jacobi 1055 3221440648
UMAP_SPARSE_FIT_BITS optimizer-n1024-d2-zerosTrue.jacobi 1056 1078699352
UMAP_SPARSE_FIT_BITS optimizer-n1024-d2-zerosTrue.jacobi 1057 1072467542
UMAP_SPARSE_FIT_BITS optimizer-n1024-d2-zerosTrue.jacobi 1058 1065914524
UMAP_SPARSE_FIT_BITS optimizer-n1024-d2-zerosTrue.jacobi 1059 1053808992
UMAP_SPARSE_FIT_BITS optimizer-n1024-d2-zerosTrue.jacobi 1060 3219582101
UMAP_SPARSE_FIT_BITS optimizer-n1024-d2-zerosTrue.jacobi 1061 3221179786
UMAP_SPARSE_FIT_BITS optimizer-n1024-d2-zerosTrue.jacobi 1062 1060030907
UMAP_SPARSE_FIT_BITS optimizer-n1024-d2-zerosTrue.jacobi 1063 1071843021
UMAP_SPARSE_FIT_BITS optimizer-n1024-d2-zerosTrue.jacobi 1064 3224247987
UMAP_SPARSE_FIT_BITS optimizer-n1024-d2-zerosTrue.jacobi 1065 3221594112
UMAP_SPARSE_FIT_BITS optimizer-n1024-d2-zerosTrue.jacobi 1066 1082316427
UMAP_SPARSE_FIT_BITS optimizer-n1024-d2-zerosTrue.jacobi 1067 1080416687
UMAP_SPARSE_FIT_BITS optimizer-n1024-d2-zerosTrue.jacobi 1068 1082635860
UMAP_SPARSE_FIT_BITS optimizer-n1024-d2-zerosTrue.jacobi 1069 1078804431
UMAP_SPARSE_FIT_BITS optimizer-n1024-d2-zerosTrue.jacobi 1070 1081827860
UMAP_SPARSE_FIT_BITS optimizer-n1024-d2-zerosTrue.jacobi 1071 1078756629
UMAP_SPARSE_FIT_BITS optimizer-n1024-d2-zerosTrue.jacobi 1072 1070319410
UMAP_SPARSE_FIT_BITS optimizer-n1024-d2-zerosTrue.jacobi 1073 1066646340
UMAP_SPARSE_FIT_BITS optimizer-n1024-d2-zerosTrue.jacobi 1074 3227572120
UMAP_SPARSE_FIT_BITS optimizer-n1024-d2-zerosTrue.jacobi 1075 3233184807
UMAP_SPARSE_FIT_BITS optimizer-n1024-d2-zerosTrue.jacobi 1076 3231758118
UMAP_SPARSE_FIT_BITS optimizer-n1024-d2-zerosTrue.jacobi 1077 3233400873
UMAP_SPARSE_FIT_BITS optimizer-n1024-d2-zerosTrue.jacobi 1078 1078539216
UMAP_SPARSE_FIT_BITS optimizer-n1024-d2-zerosTrue.jacobi 1079 1057266822
UMAP_SPARSE_FIT_BITS optimizer-n1024-d2-zerosTrue.jacobi 1080 1087835338
UMAP_SPARSE_FIT_BITS optimizer-n1024-d2-zerosTrue.jacobi 1081 1085725604
UMAP_SPARSE_FIT_BITS optimizer-n1024-d2-zerosTrue.jacobi 1082 1049280622
UMAP_SPARSE_FIT_BITS optimizer-n1024-d2-zerosTrue.jacobi 1083 1071348180
UMAP_SPARSE_FIT_BITS optimizer-n1024-d2-zerosTrue.jacobi 1084 3214665327
UMAP_SPARSE_FIT_BITS optimizer-n1024-d2-zerosTrue.jacobi 1085 1036517768
UMAP_SPARSE_FIT_BITS optimizer-n1024-d2-zerosTrue.jacobi 1086 3220743446
UMAP_SPARSE_FIT_BITS optimizer-n1024-d2-zerosTrue.jacobi 1087 3205154384
UMAP_SPARSE_FIT_BITS optimizer-n1024-d2-zerosTrue.jacobi 1088 3215682712
UMAP_SPARSE_FIT_BITS optimizer-n1024-d2-zerosTrue.jacobi 1089 3205472282
UMAP_SPARSE_FIT_BITS optimizer-n1024-d2-zerosTrue.jacobi 1090 3213744386
UMAP_SPARSE_FIT_BITS optimizer-n1024-d2-zerosTrue.jacobi 1091 3206732622
UMAP_SPARSE_FIT_BITS optimizer-n1024-d2-zerosTrue.jacobi 1092 1066467521
UMAP_SPARSE_FIT_BITS optimizer-n1024-d2-zerosTrue.jacobi 1093 1049931491
UMAP_SPARSE_FIT_BITS optimizer-n1024-d2-zerosTrue.jacobi 1094 1077852098
UMAP_SPARSE_FIT_BITS optimizer-n1024-d2-zerosTrue.jacobi 1095 1069966136
UMAP_SPARSE_FIT_BITS optimizer-n1024-d2-zerosTrue.jacobi 1096 3210696682
UMAP_SPARSE_FIT_BITS optimizer-n1024-d2-zerosTrue.jacobi 1097 1044186261
UMAP_SPARSE_FIT_BITS optimizer-n1024-d2-zerosTrue.jacobi 1098 3213915837
UMAP_SPARSE_FIT_BITS optimizer-n1024-d2-zerosTrue.jacobi 1099 1036280504
UMAP_SPARSE_FIT_BITS optimizer-n1024-d2-zerosTrue.jacobi 1100 1088708252
UMAP_SPARSE_FIT_BITS optimizer-n1024-d2-zerosTrue.jacobi 1101 1086704582
UMAP_SPARSE_FIT_BITS optimizer-n1024-d2-zerosTrue.jacobi 1102 1065797413
UMAP_SPARSE_FIT_BITS optimizer-n1024-d2-zerosTrue.jacobi 1103 3232520249
UMAP_SPARSE_FIT_BITS optimizer-n1024-d2-zerosTrue.jacobi 1104 1081187033
UMAP_SPARSE_FIT_BITS optimizer-n1024-d2-zerosTrue.jacobi 1105 1081147362
UMAP_SPARSE_FIT_BITS optimizer-n1024-d2-zerosTrue.jacobi 1106 1079789841
UMAP_SPARSE_FIT_BITS optimizer-n1024-d2-zerosTrue.jacobi 1107 1080396239
UMAP_SPARSE_FIT_BITS optimizer-n1024-d2-zerosTrue.jacobi 1108 3227266041
UMAP_SPARSE_FIT_BITS optimizer-n1024-d2-zerosTrue.jacobi 1109 3226320030
UMAP_SPARSE_FIT_BITS optimizer-n1024-d2-zerosTrue.jacobi 1110 1042281960
UMAP_SPARSE_FIT_BITS optimizer-n1024-d2-zerosTrue.jacobi 1111 3214774748
UMAP_SPARSE_FIT_BITS optimizer-n1024-d2-zerosTrue.jacobi 1112 1087728547
UMAP_SPARSE_FIT_BITS optimizer-n1024-d2-zerosTrue.jacobi 1113 1087751617
UMAP_SPARSE_FIT_BITS optimizer-n1024-d2-zerosTrue.jacobi 1114 3222355935
UMAP_SPARSE_FIT_BITS optimizer-n1024-d2-zerosTrue.jacobi 1115 3226413420
UMAP_SPARSE_FIT_BITS optimizer-n1024-d2-zerosTrue.jacobi 1116 1085279460
UMAP_SPARSE_FIT_BITS optimizer-n1024-d2-zerosTrue.jacobi 1117 1085918293
UMAP_SPARSE_FIT_BITS optimizer-n1024-d2-zerosTrue.jacobi 1118 1083460185
UMAP_SPARSE_FIT_BITS optimizer-n1024-d2-zerosTrue.jacobi 1119 1082250719
UMAP_SPARSE_FIT_BITS optimizer-n1024-d2-zerosTrue.jacobi 1120 3213560274
UMAP_SPARSE_FIT_BITS optimizer-n1024-d2-zerosTrue.jacobi 1121 3207721447
UMAP_SPARSE_FIT_BITS optimizer-n1024-d2-zerosTrue.jacobi 1122 3211277138
UMAP_SPARSE_FIT_BITS optimizer-n1024-d2-zerosTrue.jacobi 1123 3214344825
UMAP_SPARSE_FIT_BITS optimizer-n1024-d2-zerosTrue.jacobi 1124 3180094924
UMAP_SPARSE_FIT_BITS optimizer-n1024-d2-zerosTrue.jacobi 1125 3212453434
UMAP_SPARSE_FIT_BITS optimizer-n1024-d2-zerosTrue.jacobi 1126 1061670021
UMAP_SPARSE_FIT_BITS optimizer-n1024-d2-zerosTrue.jacobi 1127 3218105918
UMAP_SPARSE_FIT_BITS optimizer-n1024-d2-zerosTrue.jacobi 1128 1092671065
UMAP_SPARSE_FIT_BITS optimizer-n1024-d2-zerosTrue.jacobi 1129 1090993824
UMAP_SPARSE_FIT_BITS optimizer-n1024-d2-zerosTrue.jacobi 1130 1046815235
UMAP_SPARSE_FIT_BITS optimizer-n1024-d2-zerosTrue.jacobi 1131 1066788034
UMAP_SPARSE_FIT_BITS optimizer-n1024-d2-zerosTrue.jacobi 1132 3226536875
UMAP_SPARSE_FIT_BITS optimizer-n1024-d2-zerosTrue.jacobi 1133 3230677393
UMAP_SPARSE_FIT_BITS optimizer-n1024-d2-zerosTrue.jacobi 1134 3223550504
UMAP_SPARSE_FIT_BITS optimizer-n1024-d2-zerosTrue.jacobi 1135 3234616564
UMAP_SPARSE_FIT_BITS optimizer-n1024-d2-zerosTrue.jacobi 1136 3221661743
UMAP_SPARSE_FIT_BITS optimizer-n1024-d2-zerosTrue.jacobi 1137 3226397972
UMAP_SPARSE_FIT_BITS optimizer-n1024-d2-zerosTrue.jacobi 1138 3220482550
UMAP_SPARSE_FIT_BITS optimizer-n1024-d2-zerosTrue.jacobi 1139 3224808905
UMAP_SPARSE_FIT_BITS optimizer-n1024-d2-zerosTrue.jacobi 1140 1075900387
UMAP_SPARSE_FIT_BITS optimizer-n1024-d2-zerosTrue.jacobi 1141 1080400310
UMAP_SPARSE_FIT_BITS optimizer-n1024-d2-zerosTrue.jacobi 1142 3222672506
UMAP_SPARSE_FIT_BITS optimizer-n1024-d2-zerosTrue.jacobi 1143 3218596910
UMAP_SPARSE_FIT_BITS optimizer-n1024-d2-zerosTrue.jacobi 1144 1080981976
UMAP_SPARSE_FIT_BITS optimizer-n1024-d2-zerosTrue.jacobi 1145 1076960849
UMAP_SPARSE_FIT_BITS optimizer-n1024-d2-zerosTrue.jacobi 1146 1082449596
UMAP_SPARSE_FIT_BITS optimizer-n1024-d2-zerosTrue.jacobi 1147 1074346811
UMAP_SPARSE_FIT_BITS optimizer-n1024-d2-zerosTrue.jacobi 1148 1078997660
UMAP_SPARSE_FIT_BITS optimizer-n1024-d2-zerosTrue.jacobi 1149 1057103068
UMAP_SPARSE_FIT_BITS optimizer-n1024-d2-zerosTrue.jacobi 1150 1085214994
UMAP_SPARSE_FIT_BITS optimizer-n1024-d2-zerosTrue.jacobi 1151 1085850976
UMAP_SPARSE_FIT_BITS optimizer-n1024-d2-zerosTrue.jacobi 1152 3225003697
UMAP_SPARSE_FIT_BITS optimizer-n1024-d2-zerosTrue.jacobi 1153 1048147514
UMAP_SPARSE_FIT_BITS optimizer-n1024-d2-zerosTrue.jacobi 1154 3215997823
UMAP_SPARSE_FIT_BITS optimizer-n1024-d2-zerosTrue.jacobi 1155 1045238826
UMAP_SPARSE_FIT_BITS optimizer-n1024-d2-zerosTrue.jacobi 1156 3204263006
UMAP_SPARSE_FIT_BITS optimizer-n1024-d2-zerosTrue.jacobi 1157 1046680534
UMAP_SPARSE_FIT_BITS optimizer-n1024-d2-zerosTrue.jacobi 1158 3224722399
UMAP_SPARSE_FIT_BITS optimizer-n1024-d2-zerosTrue.jacobi 1159 3228893266
UMAP_SPARSE_FIT_BITS optimizer-n1024-d2-zerosTrue.jacobi 1160 3224200930
UMAP_SPARSE_FIT_BITS optimizer-n1024-d2-zerosTrue.jacobi 1161 3226827444
UMAP_SPARSE_FIT_BITS optimizer-n1024-d2-zerosTrue.jacobi 1162 3206848005
UMAP_SPARSE_FIT_BITS optimizer-n1024-d2-zerosTrue.jacobi 1163 1076597098
UMAP_SPARSE_FIT_BITS optimizer-n1024-d2-zerosTrue.jacobi 1164 3234707251
UMAP_SPARSE_FIT_BITS optimizer-n1024-d2-zerosTrue.jacobi 1165 3232699222
UMAP_SPARSE_FIT_BITS optimizer-n1024-d2-zerosTrue.jacobi 1166 3220881832
UMAP_SPARSE_FIT_BITS optimizer-n1024-d2-zerosTrue.jacobi 1167 3217048471
UMAP_SPARSE_FIT_BITS optimizer-n1024-d2-zerosTrue.jacobi 1168 1072164554
UMAP_SPARSE_FIT_BITS optimizer-n1024-d2-zerosTrue.jacobi 1169 1067541995
UMAP_SPARSE_FIT_BITS optimizer-n1024-d2-zerosTrue.jacobi 1170 3223618043
UMAP_SPARSE_FIT_BITS optimizer-n1024-d2-zerosTrue.jacobi 1171 3227723212
UMAP_SPARSE_FIT_BITS optimizer-n1024-d2-zerosTrue.jacobi 1172 1049725457
UMAP_SPARSE_FIT_BITS optimizer-n1024-d2-zerosTrue.jacobi 1173 3216963924
UMAP_SPARSE_FIT_BITS optimizer-n1024-d2-zerosTrue.jacobi 1174 1075888624
UMAP_SPARSE_FIT_BITS optimizer-n1024-d2-zerosTrue.jacobi 1175 1073406666
UMAP_SPARSE_FIT_BITS optimizer-n1024-d2-zerosTrue.jacobi 1176 1071855678
UMAP_SPARSE_FIT_BITS optimizer-n1024-d2-zerosTrue.jacobi 1177 1067927579
UMAP_SPARSE_FIT_BITS optimizer-n1024-d2-zerosTrue.jacobi 1178 1067771168
UMAP_SPARSE_FIT_BITS optimizer-n1024-d2-zerosTrue.jacobi 1179 1059796750
UMAP_SPARSE_FIT_BITS optimizer-n1024-d2-zerosTrue.jacobi 1180 1082564038
UMAP_SPARSE_FIT_BITS optimizer-n1024-d2-zerosTrue.jacobi 1181 1073173218
UMAP_SPARSE_FIT_BITS optimizer-n1024-d2-zerosTrue.jacobi 1182 3208092470
UMAP_SPARSE_FIT_BITS optimizer-n1024-d2-zerosTrue.jacobi 1183 3215454948
UMAP_SPARSE_FIT_BITS optimizer-n1024-d2-zerosTrue.jacobi 1184 1083678383
UMAP_SPARSE_FIT_BITS optimizer-n1024-d2-zerosTrue.jacobi 1185 1086311724
UMAP_SPARSE_FIT_BITS optimizer-n1024-d2-zerosTrue.jacobi 1186 1083111496
UMAP_SPARSE_FIT_BITS optimizer-n1024-d2-zerosTrue.jacobi 1187 1085475887
UMAP_SPARSE_FIT_BITS optimizer-n1024-d2-zerosTrue.jacobi 1188 3209026377
UMAP_SPARSE_FIT_BITS optimizer-n1024-d2-zerosTrue.jacobi 1189 1071498707
UMAP_SPARSE_FIT_BITS optimizer-n1024-d2-zerosTrue.jacobi 1190 3230386053
UMAP_SPARSE_FIT_BITS optimizer-n1024-d2-zerosTrue.jacobi 1191 3228418351
UMAP_SPARSE_FIT_BITS optimizer-n1024-d2-zerosTrue.jacobi 1192 1078818655
UMAP_SPARSE_FIT_BITS optimizer-n1024-d2-zerosTrue.jacobi 1193 1078516579
UMAP_SPARSE_FIT_BITS optimizer-n1024-d2-zerosTrue.jacobi 1194 3231967453
UMAP_SPARSE_FIT_BITS optimizer-n1024-d2-zerosTrue.jacobi 1195 3232803931
UMAP_SPARSE_FIT_BITS optimizer-n1024-d2-zerosTrue.jacobi 1196 3231657598
UMAP_SPARSE_FIT_BITS optimizer-n1024-d2-zerosTrue.jacobi 1197 3232025169
UMAP_SPARSE_FIT_BITS optimizer-n1024-d2-zerosTrue.jacobi 1198 3231173244
UMAP_SPARSE_FIT_BITS optimizer-n1024-d2-zerosTrue.jacobi 1199 3231054118
UMAP_SPARSE_FIT_BITS optimizer-n1024-d2-zerosTrue.jacobi 1200 3230797767
UMAP_SPARSE_FIT_BITS optimizer-n1024-d2-zerosTrue.jacobi 1201 3228077064
UMAP_SPARSE_FIT_BITS optimizer-n1024-d2-zerosTrue.jacobi 1202 1093868302
UMAP_SPARSE_FIT_BITS optimizer-n1024-d2-zerosTrue.jacobi 1203 1093346259
UMAP_SPARSE_FIT_BITS optimizer-n1024-d2-zerosTrue.jacobi 1204 1084854169
UMAP_SPARSE_FIT_BITS optimizer-n1024-d2-zerosTrue.jacobi 1205 1082132282
UMAP_SPARSE_FIT_BITS optimizer-n1024-d2-zerosTrue.jacobi 1206 3228585405
UMAP_SPARSE_FIT_BITS optimizer-n1024-d2-zerosTrue.jacobi 1207 3234394588
UMAP_SPARSE_FIT_BITS optimizer-n1024-d2-zerosTrue.jacobi 1208 3181095404
UMAP_SPARSE_FIT_BITS optimizer-n1024-d2-zerosTrue.jacobi 1209 1063220862
UMAP_SPARSE_FIT_BITS optimizer-n1024-d2-zerosTrue.jacobi 1210 3212266022
UMAP_SPARSE_FIT_BITS optimizer-n1024-d2-zerosTrue.jacobi 1211 3177864384
UMAP_SPARSE_FIT_BITS optimizer-n1024-d2-zerosTrue.jacobi 1212 3173682318
UMAP_SPARSE_FIT_BITS optimizer-n1024-d2-zerosTrue.jacobi 1213 1044214688
UMAP_SPARSE_FIT_BITS optimizer-n1024-d2-zerosTrue.jacobi 1214 1082783750
UMAP_SPARSE_FIT_BITS optimizer-n1024-d2-zerosTrue.jacobi 1215 1078745110
UMAP_SPARSE_FIT_BITS optimizer-n1024-d2-zerosTrue.jacobi 1216 1093516161
UMAP_SPARSE_FIT_BITS optimizer-n1024-d2-zerosTrue.jacobi 1217 1093522347
UMAP_SPARSE_FIT_BITS optimizer-n1024-d2-zerosTrue.jacobi 1218 1092819076
UMAP_SPARSE_FIT_BITS optimizer-n1024-d2-zerosTrue.jacobi 1219 1093091037
UMAP_SPARSE_FIT_BITS optimizer-n1024-d2-zerosTrue.jacobi 1220 1092479030
UMAP_SPARSE_FIT_BITS optimizer-n1024-d2-zerosTrue.jacobi 1221 1092991920
UMAP_SPARSE_FIT_BITS optimizer-n1024-d2-zerosTrue.jacobi 1222 3211947863
UMAP_SPARSE_FIT_BITS optimizer-n1024-d2-zerosTrue.jacobi 1223 1062563346
UMAP_SPARSE_FIT_BITS optimizer-n1024-d2-zerosTrue.jacobi 1224 3230709540
UMAP_SPARSE_FIT_BITS optimizer-n1024-d2-zerosTrue.jacobi 1225 3226874159
UMAP_SPARSE_FIT_BITS optimizer-n1024-d2-zerosTrue.jacobi 1226 3235110455
UMAP_SPARSE_FIT_BITS optimizer-n1024-d2-zerosTrue.jacobi 1227 3235864672
UMAP_SPARSE_FIT_BITS optimizer-n1024-d2-zerosTrue.jacobi 1228 1086682599
UMAP_SPARSE_FIT_BITS optimizer-n1024-d2-zerosTrue.jacobi 1229 1069545698
UMAP_SPARSE_FIT_BITS optimizer-n1024-d2-zerosTrue.jacobi 1230 3218727963
UMAP_SPARSE_FIT_BITS optimizer-n1024-d2-zerosTrue.jacobi 1231 3228448326
UMAP_SPARSE_FIT_BITS optimizer-n1024-d2-zerosTrue.jacobi 1232 3204969960
UMAP_SPARSE_FIT_BITS optimizer-n1024-d2-zerosTrue.jacobi 1233 1077794907
UMAP_SPARSE_FIT_BITS optimizer-n1024-d2-zerosTrue.jacobi 1234 3223474370
UMAP_SPARSE_FIT_BITS optimizer-n1024-d2-zerosTrue.jacobi 1235 3217756875
UMAP_SPARSE_FIT_BITS optimizer-n1024-d2-zerosTrue.jacobi 1236 1085971069
UMAP_SPARSE_FIT_BITS optimizer-n1024-d2-zerosTrue.jacobi 1237 1084567452
UMAP_SPARSE_FIT_BITS optimizer-n1024-d2-zerosTrue.jacobi 1238 1067918090
UMAP_SPARSE_FIT_BITS optimizer-n1024-d2-zerosTrue.jacobi 1239 3215718047
UMAP_SPARSE_FIT_BITS optimizer-n1024-d2-zerosTrue.jacobi 1240 1091266807
UMAP_SPARSE_FIT_BITS optimizer-n1024-d2-zerosTrue.jacobi 1241 1088632336
UMAP_SPARSE_FIT_BITS optimizer-n1024-d2-zerosTrue.jacobi 1242 1075424964
UMAP_SPARSE_FIT_BITS optimizer-n1024-d2-zerosTrue.jacobi 1243 1082338030
UMAP_SPARSE_FIT_BITS optimizer-n1024-d2-zerosTrue.jacobi 1244 3231029837
UMAP_SPARSE_FIT_BITS optimizer-n1024-d2-zerosTrue.jacobi 1245 3230540175
UMAP_SPARSE_FIT_BITS optimizer-n1024-d2-zerosTrue.jacobi 1246 3235633531
UMAP_SPARSE_FIT_BITS optimizer-n1024-d2-zerosTrue.jacobi 1247 3237349017
UMAP_SPARSE_FIT_BITS optimizer-n1024-d2-zerosTrue.jacobi 1248 1082159420
UMAP_SPARSE_FIT_BITS optimizer-n1024-d2-zerosTrue.jacobi 1249 1079842691
UMAP_SPARSE_FIT_BITS optimizer-n1024-d2-zerosTrue.jacobi 1250 3238178972
UMAP_SPARSE_FIT_BITS optimizer-n1024-d2-zerosTrue.jacobi 1251 3239488431
UMAP_SPARSE_FIT_BITS optimizer-n1024-d2-zerosTrue.jacobi 1252 1084294063
UMAP_SPARSE_FIT_BITS optimizer-n1024-d2-zerosTrue.jacobi 1253 1084526833
UMAP_SPARSE_FIT_BITS optimizer-n1024-d2-zerosTrue.jacobi 1254 1084900603
UMAP_SPARSE_FIT_BITS optimizer-n1024-d2-zerosTrue.jacobi 1255 1085885600
UMAP_SPARSE_FIT_BITS optimizer-n1024-d2-zerosTrue.jacobi 1256 3232130484
UMAP_SPARSE_FIT_BITS optimizer-n1024-d2-zerosTrue.jacobi 1257 3226408721
UMAP_SPARSE_FIT_BITS optimizer-n1024-d2-zerosTrue.jacobi 1258 3232592683
UMAP_SPARSE_FIT_BITS optimizer-n1024-d2-zerosTrue.jacobi 1259 3225183226
UMAP_SPARSE_FIT_BITS optimizer-n1024-d2-zerosTrue.jacobi 1260 1057390609
UMAP_SPARSE_FIT_BITS optimizer-n1024-d2-zerosTrue.jacobi 1261 3214317998
UMAP_SPARSE_FIT_BITS optimizer-n1024-d2-zerosTrue.jacobi 1262 3205964545
UMAP_SPARSE_FIT_BITS optimizer-n1024-d2-zerosTrue.jacobi 1263 3208826723
UMAP_SPARSE_FIT_BITS optimizer-n1024-d2-zerosTrue.jacobi 1264 1086179552
UMAP_SPARSE_FIT_BITS optimizer-n1024-d2-zerosTrue.jacobi 1265 1085190797
UMAP_SPARSE_FIT_BITS optimizer-n1024-d2-zerosTrue.jacobi 1266 1069033870
UMAP_SPARSE_FIT_BITS optimizer-n1024-d2-zerosTrue.jacobi 1267 1076030038
UMAP_SPARSE_FIT_BITS optimizer-n1024-d2-zerosTrue.jacobi 1268 1067017082
UMAP_SPARSE_FIT_BITS optimizer-n1024-d2-zerosTrue.jacobi 1269 1074645505
UMAP_SPARSE_FIT_BITS optimizer-n1024-d2-zerosTrue.jacobi 1270 3230976580
UMAP_SPARSE_FIT_BITS optimizer-n1024-d2-zerosTrue.jacobi 1271 3232714175
UMAP_SPARSE_FIT_BITS optimizer-n1024-d2-zerosTrue.jacobi 1272 1077689474
UMAP_SPARSE_FIT_BITS optimizer-n1024-d2-zerosTrue.jacobi 1273 1071252696
UMAP_SPARSE_FIT_BITS optimizer-n1024-d2-zerosTrue.jacobi 1274 1078532981
UMAP_SPARSE_FIT_BITS optimizer-n1024-d2-zerosTrue.jacobi 1275 1075710787
UMAP_SPARSE_FIT_BITS optimizer-n1024-d2-zerosTrue.jacobi 1276 1078665625
UMAP_SPARSE_FIT_BITS optimizer-n1024-d2-zerosTrue.jacobi 1277 1081336836
UMAP_SPARSE_FIT_BITS optimizer-n1024-d2-zerosTrue.jacobi 1278 1078534179
UMAP_SPARSE_FIT_BITS optimizer-n1024-d2-zerosTrue.jacobi 1279 1080428760
UMAP_SPARSE_FIT_BITS optimizer-n1024-d2-zerosTrue.jacobi 1280 3223311377
UMAP_SPARSE_FIT_BITS optimizer-n1024-d2-zerosTrue.jacobi 1281 3219372088
UMAP_SPARSE_FIT_BITS optimizer-n1024-d2-zerosTrue.jacobi 1282 1085217267
UMAP_SPARSE_FIT_BITS optimizer-n1024-d2-zerosTrue.jacobi 1283 1077851522
UMAP_SPARSE_FIT_BITS optimizer-n1024-d2-zerosTrue.jacobi 1284 1058380978
UMAP_SPARSE_FIT_BITS optimizer-n1024-d2-zerosTrue.jacobi 1285 1052262816
UMAP_SPARSE_FIT_BITS optimizer-n1024-d2-zerosTrue.jacobi 1286 3214359913
UMAP_SPARSE_FIT_BITS optimizer-n1024-d2-zerosTrue.jacobi 1287 3207746604
UMAP_SPARSE_FIT_BITS optimizer-n1024-d2-zerosTrue.jacobi 1288 3197207875
UMAP_SPARSE_FIT_BITS optimizer-n1024-d2-zerosTrue.jacobi 1289 1050637301
UMAP_SPARSE_FIT_BITS optimizer-n1024-d2-zerosTrue.jacobi 1290 1056652326
UMAP_SPARSE_FIT_BITS optimizer-n1024-d2-zerosTrue.jacobi 1291 1065908828
UMAP_SPARSE_FIT_BITS optimizer-n1024-d2-zerosTrue.jacobi 1292 1078166286
UMAP_SPARSE_FIT_BITS optimizer-n1024-d2-zerosTrue.jacobi 1293 3206966293
UMAP_SPARSE_FIT_BITS optimizer-n1024-d2-zerosTrue.jacobi 1294 1073760044
UMAP_SPARSE_FIT_BITS optimizer-n1024-d2-zerosTrue.jacobi 1295 3198367725
UMAP_SPARSE_FIT_BITS optimizer-n1024-d2-zerosTrue.jacobi 1296 3232963996
UMAP_SPARSE_FIT_BITS optimizer-n1024-d2-zerosTrue.jacobi 1297 3233180483
UMAP_SPARSE_FIT_BITS optimizer-n1024-d2-zerosTrue.jacobi 1298 3198162511
UMAP_SPARSE_FIT_BITS optimizer-n1024-d2-zerosTrue.jacobi 1299 3213545101
UMAP_SPARSE_FIT_BITS optimizer-n1024-d2-zerosTrue.jacobi 1300 1092377193
UMAP_SPARSE_FIT_BITS optimizer-n1024-d2-zerosTrue.jacobi 1301 1093654632
UMAP_SPARSE_FIT_BITS optimizer-n1024-d2-zerosTrue.jacobi 1302 1069973193
UMAP_SPARSE_FIT_BITS optimizer-n1024-d2-zerosTrue.jacobi 1303 1076224456
UMAP_SPARSE_FIT_BITS optimizer-n1024-d2-zerosTrue.jacobi 1304 1083172245
UMAP_SPARSE_FIT_BITS optimizer-n1024-d2-zerosTrue.jacobi 1305 1082723726
UMAP_SPARSE_FIT_BITS optimizer-n1024-d2-zerosTrue.jacobi 1306 1066687483
UMAP_SPARSE_FIT_BITS optimizer-n1024-d2-zerosTrue.jacobi 1307 3212385194
UMAP_SPARSE_FIT_BITS optimizer-n1024-d2-zerosTrue.jacobi 1308 1068938704
UMAP_SPARSE_FIT_BITS optimizer-n1024-d2-zerosTrue.jacobi 1309 1035930046
UMAP_SPARSE_FIT_BITS optimizer-n1024-d2-zerosTrue.jacobi 1310 1071887395
UMAP_SPARSE_FIT_BITS optimizer-n1024-d2-zerosTrue.jacobi 1311 1074589416
UMAP_SPARSE_FIT_BITS optimizer-n1024-d2-zerosTrue.jacobi 1312 1066676038
UMAP_SPARSE_FIT_BITS optimizer-n1024-d2-zerosTrue.jacobi 1313 1089623552
UMAP_SPARSE_FIT_BITS optimizer-n1024-d2-zerosTrue.jacobi 1314 1074414803
UMAP_SPARSE_FIT_BITS optimizer-n1024-d2-zerosTrue.jacobi 1315 1071580537
UMAP_SPARSE_FIT_BITS optimizer-n1024-d2-zerosTrue.jacobi 1316 1078048262
UMAP_SPARSE_FIT_BITS optimizer-n1024-d2-zerosTrue.jacobi 1317 1075303071
UMAP_SPARSE_FIT_BITS optimizer-n1024-d2-zerosTrue.jacobi 1318 1075486807
UMAP_SPARSE_FIT_BITS optimizer-n1024-d2-zerosTrue.jacobi 1319 1070811463
UMAP_SPARSE_FIT_BITS optimizer-n1024-d2-zerosTrue.jacobi 1320 1086137279
UMAP_SPARSE_FIT_BITS optimizer-n1024-d2-zerosTrue.jacobi 1321 1087349067
UMAP_SPARSE_FIT_BITS optimizer-n1024-d2-zerosTrue.jacobi 1322 1081981390
UMAP_SPARSE_FIT_BITS optimizer-n1024-d2-zerosTrue.jacobi 1323 1076139140
UMAP_SPARSE_FIT_BITS optimizer-n1024-d2-zerosTrue.jacobi 1324 1089192527
UMAP_SPARSE_FIT_BITS optimizer-n1024-d2-zerosTrue.jacobi 1325 1086934369
UMAP_SPARSE_FIT_BITS optimizer-n1024-d2-zerosTrue.jacobi 1326 3222910344
UMAP_SPARSE_FIT_BITS optimizer-n1024-d2-zerosTrue.jacobi 1327 3224477738
UMAP_SPARSE_FIT_BITS optimizer-n1024-d2-zerosTrue.jacobi 1328 3226234743
UMAP_SPARSE_FIT_BITS optimizer-n1024-d2-zerosTrue.jacobi 1329 3231339227
UMAP_SPARSE_FIT_BITS optimizer-n1024-d2-zerosTrue.jacobi 1330 3217403423
UMAP_SPARSE_FIT_BITS optimizer-n1024-d2-zerosTrue.jacobi 1331 3225837687
UMAP_SPARSE_FIT_BITS optimizer-n1024-d2-zerosTrue.jacobi 1332 1091920623
UMAP_SPARSE_FIT_BITS optimizer-n1024-d2-zerosTrue.jacobi 1333 1091130647
UMAP_SPARSE_FIT_BITS optimizer-n1024-d2-zerosTrue.jacobi 1334 3241810137
UMAP_SPARSE_FIT_BITS optimizer-n1024-d2-zerosTrue.jacobi 1335 3241404448
UMAP_SPARSE_FIT_BITS optimizer-n1024-d2-zerosTrue.jacobi 1336 3232273354
UMAP_SPARSE_FIT_BITS optimizer-n1024-d2-zerosTrue.jacobi 1337 3230643801
UMAP_SPARSE_FIT_BITS optimizer-n1024-d2-zerosTrue.jacobi 1338 1076209031
UMAP_SPARSE_FIT_BITS optimizer-n1024-d2-zerosTrue.jacobi 1339 1064528386
UMAP_SPARSE_FIT_BITS optimizer-n1024-d2-zerosTrue.jacobi 1340 1083144702
UMAP_SPARSE_FIT_BITS optimizer-n1024-d2-zerosTrue.jacobi 1341 1068395470
UMAP_SPARSE_FIT_BITS optimizer-n1024-d2-zerosTrue.jacobi 1342 3239375769
UMAP_SPARSE_FIT_BITS optimizer-n1024-d2-zerosTrue.jacobi 1343 3239910319
UMAP_SPARSE_FIT_BITS optimizer-n1024-d2-zerosTrue.jacobi 1344 1064025250
UMAP_SPARSE_FIT_BITS optimizer-n1024-d2-zerosTrue.jacobi 1345 1075799158
UMAP_SPARSE_FIT_BITS optimizer-n1024-d2-zerosTrue.jacobi 1346 1065948115
UMAP_SPARSE_FIT_BITS optimizer-n1024-d2-zerosTrue.jacobi 1347 1076062455
UMAP_SPARSE_FIT_BITS optimizer-n1024-d2-zerosTrue.jacobi 1348 1059493442
UMAP_SPARSE_FIT_BITS optimizer-n1024-d2-zerosTrue.jacobi 1349 1063098374
UMAP_SPARSE_FIT_BITS optimizer-n1024-d2-zerosTrue.jacobi 1350 1051351710
UMAP_SPARSE_FIT_BITS optimizer-n1024-d2-zerosTrue.jacobi 1351 1067134631
UMAP_SPARSE_FIT_BITS optimizer-n1024-d2-zerosTrue.jacobi 1352 1064047552
UMAP_SPARSE_FIT_BITS optimizer-n1024-d2-zerosTrue.jacobi 1353 1054252224
UMAP_SPARSE_FIT_BITS optimizer-n1024-d2-zerosTrue.jacobi 1354 1091228175
UMAP_SPARSE_FIT_BITS optimizer-n1024-d2-zerosTrue.jacobi 1355 1092056519
UMAP_SPARSE_FIT_BITS optimizer-n1024-d2-zerosTrue.jacobi 1356 1056786546
UMAP_SPARSE_FIT_BITS optimizer-n1024-d2-zerosTrue.jacobi 1357 1082206714
UMAP_SPARSE_FIT_BITS optimizer-n1024-d2-zerosTrue.jacobi 1358 1082776343
UMAP_SPARSE_FIT_BITS optimizer-n1024-d2-zerosTrue.jacobi 1359 1084241326
UMAP_SPARSE_FIT_BITS optimizer-n1024-d2-zerosTrue.jacobi 1360 3224497683
UMAP_SPARSE_FIT_BITS optimizer-n1024-d2-zerosTrue.jacobi 1361 3218687608
UMAP_SPARSE_FIT_BITS optimizer-n1024-d2-zerosTrue.jacobi 1362 1076517886
UMAP_SPARSE_FIT_BITS optimizer-n1024-d2-zerosTrue.jacobi 1363 1078255158
UMAP_SPARSE_FIT_BITS optimizer-n1024-d2-zerosTrue.jacobi 1364 3196072174
UMAP_SPARSE_FIT_BITS optimizer-n1024-d2-zerosTrue.jacobi 1365 3227239383
UMAP_SPARSE_FIT_BITS optimizer-n1024-d2-zerosTrue.jacobi 1366 3231568073
UMAP_SPARSE_FIT_BITS optimizer-n1024-d2-zerosTrue.jacobi 1367 3234080176
UMAP_SPARSE_FIT_BITS optimizer-n1024-d2-zerosTrue.jacobi 1368 3207546054
UMAP_SPARSE_FIT_BITS optimizer-n1024-d2-zerosTrue.jacobi 1369 1065432716
UMAP_SPARSE_FIT_BITS optimizer-n1024-d2-zerosTrue.jacobi 1370 1063451244
UMAP_SPARSE_FIT_BITS optimizer-n1024-d2-zerosTrue.jacobi 1371 1069276764
UMAP_SPARSE_FIT_BITS optimizer-n1024-d2-zerosTrue.jacobi 1372 1075741728
UMAP_SPARSE_FIT_BITS optimizer-n1024-d2-zerosTrue.jacobi 1373 1068089538
UMAP_SPARSE_FIT_BITS optimizer-n1024-d2-zerosTrue.jacobi 1374 1084178118
UMAP_SPARSE_FIT_BITS optimizer-n1024-d2-zerosTrue.jacobi 1375 1082553380
UMAP_SPARSE_FIT_BITS optimizer-n1024-d2-zerosTrue.jacobi 1376 3226200945
UMAP_SPARSE_FIT_BITS optimizer-n1024-d2-zerosTrue.jacobi 1377 3229769864
UMAP_SPARSE_FIT_BITS optimizer-n1024-d2-zerosTrue.jacobi 1378 1065625878
UMAP_SPARSE_FIT_BITS optimizer-n1024-d2-zerosTrue.jacobi 1379 1082210844
UMAP_SPARSE_FIT_BITS optimizer-n1024-d2-zerosTrue.jacobi 1380 1063257650
UMAP_SPARSE_FIT_BITS optimizer-n1024-d2-zerosTrue.jacobi 1381 1082372746
UMAP_SPARSE_FIT_BITS optimizer-n1024-d2-zerosTrue.jacobi 1382 3229815156
UMAP_SPARSE_FIT_BITS optimizer-n1024-d2-zerosTrue.jacobi 1383 3232757815
UMAP_SPARSE_FIT_BITS optimizer-n1024-d2-zerosTrue.jacobi 1384 1088961104
UMAP_SPARSE_FIT_BITS optimizer-n1024-d2-zerosTrue.jacobi 1385 1088134382
UMAP_SPARSE_FIT_BITS optimizer-n1024-d2-zerosTrue.jacobi 1386 1086268677
UMAP_SPARSE_FIT_BITS optimizer-n1024-d2-zerosTrue.jacobi 1387 1085499331
UMAP_SPARSE_FIT_BITS optimizer-n1024-d2-zerosTrue.jacobi 1388 1062435458
UMAP_SPARSE_FIT_BITS optimizer-n1024-d2-zerosTrue.jacobi 1389 1074501483
UMAP_SPARSE_FIT_BITS optimizer-n1024-d2-zerosTrue.jacobi 1390 1059704449
UMAP_SPARSE_FIT_BITS optimizer-n1024-d2-zerosTrue.jacobi 1391 1070337281
UMAP_SPARSE_FIT_BITS optimizer-n1024-d2-zerosTrue.jacobi 1392 3187738940
UMAP_SPARSE_FIT_BITS optimizer-n1024-d2-zerosTrue.jacobi 1393 1062969005
UMAP_SPARSE_FIT_BITS optimizer-n1024-d2-zerosTrue.jacobi 1394 3228938155
UMAP_SPARSE_FIT_BITS optimizer-n1024-d2-zerosTrue.jacobi 1395 3222205537
UMAP_SPARSE_FIT_BITS optimizer-n1024-d2-zerosTrue.jacobi 1396 3227899849
UMAP_SPARSE_FIT_BITS optimizer-n1024-d2-zerosTrue.jacobi 1397 3229852029
UMAP_SPARSE_FIT_BITS optimizer-n1024-d2-zerosTrue.jacobi 1398 1049511359
UMAP_SPARSE_FIT_BITS optimizer-n1024-d2-zerosTrue.jacobi 1399 3205461932
UMAP_SPARSE_FIT_BITS optimizer-n1024-d2-zerosTrue.jacobi 1400 3218616421
UMAP_SPARSE_FIT_BITS optimizer-n1024-d2-zerosTrue.jacobi 1401 3218952749
UMAP_SPARSE_FIT_BITS optimizer-n1024-d2-zerosTrue.jacobi 1402 1091111742
UMAP_SPARSE_FIT_BITS optimizer-n1024-d2-zerosTrue.jacobi 1403 1093235085
UMAP_SPARSE_FIT_BITS optimizer-n1024-d2-zerosTrue.jacobi 1404 3228908014
UMAP_SPARSE_FIT_BITS optimizer-n1024-d2-zerosTrue.jacobi 1405 3230865211
UMAP_SPARSE_FIT_BITS optimizer-n1024-d2-zerosTrue.jacobi 1406 3230473972
UMAP_SPARSE_FIT_BITS optimizer-n1024-d2-zerosTrue.jacobi 1407 3231652484
UMAP_SPARSE_FIT_BITS optimizer-n1024-d2-zerosTrue.jacobi 1408 3201788324
UMAP_SPARSE_FIT_BITS optimizer-n1024-d2-zerosTrue.jacobi 1409 3211491174
UMAP_SPARSE_FIT_BITS optimizer-n1024-d2-zerosTrue.jacobi 1410 3207232182
UMAP_SPARSE_FIT_BITS optimizer-n1024-d2-zerosTrue.jacobi 1411 3212010837
UMAP_SPARSE_FIT_BITS optimizer-n1024-d2-zerosTrue.jacobi 1412 1083334468
UMAP_SPARSE_FIT_BITS optimizer-n1024-d2-zerosTrue.jacobi 1413 1086486880
UMAP_SPARSE_FIT_BITS optimizer-n1024-d2-zerosTrue.jacobi 1414 3227267035
UMAP_SPARSE_FIT_BITS optimizer-n1024-d2-zerosTrue.jacobi 1415 3217159924
UMAP_SPARSE_FIT_BITS optimizer-n1024-d2-zerosTrue.jacobi 1416 1085627694
UMAP_SPARSE_FIT_BITS optimizer-n1024-d2-zerosTrue.jacobi 1417 1084516052
UMAP_SPARSE_FIT_BITS optimizer-n1024-d2-zerosTrue.jacobi 1418 1068829743
UMAP_SPARSE_FIT_BITS optimizer-n1024-d2-zerosTrue.jacobi 1419 1063286751
UMAP_SPARSE_FIT_BITS optimizer-n1024-d2-zerosTrue.jacobi 1420 1069792232
UMAP_SPARSE_FIT_BITS optimizer-n1024-d2-zerosTrue.jacobi 1421 1066405928
UMAP_SPARSE_FIT_BITS optimizer-n1024-d2-zerosTrue.jacobi 1422 1080666076
UMAP_SPARSE_FIT_BITS optimizer-n1024-d2-zerosTrue.jacobi 1423 1082294198
UMAP_SPARSE_FIT_BITS optimizer-n1024-d2-zerosTrue.jacobi 1424 3217059617
UMAP_SPARSE_FIT_BITS optimizer-n1024-d2-zerosTrue.jacobi 1425 3208177554
UMAP_SPARSE_FIT_BITS optimizer-n1024-d2-zerosTrue.jacobi 1426 1090656633
UMAP_SPARSE_FIT_BITS optimizer-n1024-d2-zerosTrue.jacobi 1427 1091228020
UMAP_SPARSE_FIT_BITS optimizer-n1024-d2-zerosTrue.jacobi 1428 3174058992
UMAP_SPARSE_FIT_BITS optimizer-n1024-d2-zerosTrue.jacobi 1429 3217819573
UMAP_SPARSE_FIT_BITS optimizer-n1024-d2-zerosTrue.jacobi 1430 3180495824
UMAP_SPARSE_FIT_BITS optimizer-n1024-d2-zerosTrue.jacobi 1431 1072603820
UMAP_SPARSE_FIT_BITS optimizer-n1024-d2-zerosTrue.jacobi 1432 3227420711
UMAP_SPARSE_FIT_BITS optimizer-n1024-d2-zerosTrue.jacobi 1433 1057077682
UMAP_SPARSE_FIT_BITS optimizer-n1024-d2-zerosTrue.jacobi 1434 3217829969
UMAP_SPARSE_FIT_BITS optimizer-n1024-d2-zerosTrue.jacobi 1435 1078847573
UMAP_SPARSE_FIT_BITS optimizer-n1024-d2-zerosTrue.jacobi 1436 3223460363
UMAP_SPARSE_FIT_BITS optimizer-n1024-d2-zerosTrue.jacobi 1437 3217075988
UMAP_SPARSE_FIT_BITS optimizer-n1024-d2-zerosTrue.jacobi 1438 3222909011
UMAP_SPARSE_FIT_BITS optimizer-n1024-d2-zerosTrue.jacobi 1439 3218922730
UMAP_SPARSE_FIT_BITS optimizer-n1024-d2-zerosTrue.jacobi 1440 1091520379
UMAP_SPARSE_FIT_BITS optimizer-n1024-d2-zerosTrue.jacobi 1441 1091011498
UMAP_SPARSE_FIT_BITS optimizer-n1024-d2-zerosTrue.jacobi 1442 3223532089
UMAP_SPARSE_FIT_BITS optimizer-n1024-d2-zerosTrue.jacobi 1443 3225513166
UMAP_SPARSE_FIT_BITS optimizer-n1024-d2-zerosTrue.jacobi 1444 3226747089
UMAP_SPARSE_FIT_BITS optimizer-n1024-d2-zerosTrue.jacobi 1445 3227418783
UMAP_SPARSE_FIT_BITS optimizer-n1024-d2-zerosTrue.jacobi 1446 3238297501
UMAP_SPARSE_FIT_BITS optimizer-n1024-d2-zerosTrue.jacobi 1447 3237550949
UMAP_SPARSE_FIT_BITS optimizer-n1024-d2-zerosTrue.jacobi 1448 3237398548
UMAP_SPARSE_FIT_BITS optimizer-n1024-d2-zerosTrue.jacobi 1449 3236507071
UMAP_SPARSE_FIT_BITS optimizer-n1024-d2-zerosTrue.jacobi 1450 3224027495
UMAP_SPARSE_FIT_BITS optimizer-n1024-d2-zerosTrue.jacobi 1451 3225846680
UMAP_SPARSE_FIT_BITS optimizer-n1024-d2-zerosTrue.jacobi 1452 1085251642
UMAP_SPARSE_FIT_BITS optimizer-n1024-d2-zerosTrue.jacobi 1453 1085352867
UMAP_SPARSE_FIT_BITS optimizer-n1024-d2-zerosTrue.jacobi 1454 1087380940
UMAP_SPARSE_FIT_BITS optimizer-n1024-d2-zerosTrue.jacobi 1455 1083464068
UMAP_SPARSE_FIT_BITS optimizer-n1024-d2-zerosTrue.jacobi 1456 1084860423
UMAP_SPARSE_FIT_BITS optimizer-n1024-d2-zerosTrue.jacobi 1457 1085432754
UMAP_SPARSE_FIT_BITS optimizer-n1024-d2-zerosTrue.jacobi 1458 3226089180
UMAP_SPARSE_FIT_BITS optimizer-n1024-d2-zerosTrue.jacobi 1459 3222607906
UMAP_SPARSE_FIT_BITS optimizer-n1024-d2-zerosTrue.jacobi 1460 3233893732
UMAP_SPARSE_FIT_BITS optimizer-n1024-d2-zerosTrue.jacobi 1461 3231633412
UMAP_SPARSE_FIT_BITS optimizer-n1024-d2-zerosTrue.jacobi 1462 3229464413
UMAP_SPARSE_FIT_BITS optimizer-n1024-d2-zerosTrue.jacobi 1463 3228651150
UMAP_SPARSE_FIT_BITS optimizer-n1024-d2-zerosTrue.jacobi 1464 1085736410
UMAP_SPARSE_FIT_BITS optimizer-n1024-d2-zerosTrue.jacobi 1465 1088536454
UMAP_SPARSE_FIT_BITS optimizer-n1024-d2-zerosTrue.jacobi 1466 3226772070
UMAP_SPARSE_FIT_BITS optimizer-n1024-d2-zerosTrue.jacobi 1467 3228853120
UMAP_SPARSE_FIT_BITS optimizer-n1024-d2-zerosTrue.jacobi 1468 3226871658
UMAP_SPARSE_FIT_BITS optimizer-n1024-d2-zerosTrue.jacobi 1469 3228958063
UMAP_SPARSE_FIT_BITS optimizer-n1024-d2-zerosTrue.jacobi 1470 3213442479
UMAP_SPARSE_FIT_BITS optimizer-n1024-d2-zerosTrue.jacobi 1471 1047372130
UMAP_SPARSE_FIT_BITS optimizer-n1024-d2-zerosTrue.jacobi 1472 3211516222
UMAP_SPARSE_FIT_BITS optimizer-n1024-d2-zerosTrue.jacobi 1473 1050146543
UMAP_SPARSE_FIT_BITS optimizer-n1024-d2-zerosTrue.jacobi 1474 3237016776
UMAP_SPARSE_FIT_BITS optimizer-n1024-d2-zerosTrue.jacobi 1475 3238052012
UMAP_SPARSE_FIT_BITS optimizer-n1024-d2-zerosTrue.jacobi 1476 1068671152
UMAP_SPARSE_FIT_BITS optimizer-n1024-d2-zerosTrue.jacobi 1477 1054649440
UMAP_SPARSE_FIT_BITS optimizer-n1024-d2-zerosTrue.jacobi 1478 1071286697
UMAP_SPARSE_FIT_BITS optimizer-n1024-d2-zerosTrue.jacobi 1479 1061797688
UMAP_SPARSE_FIT_BITS optimizer-n1024-d2-zerosTrue.jacobi 1480 1077054339
UMAP_SPARSE_FIT_BITS optimizer-n1024-d2-zerosTrue.jacobi 1481 1080140550
UMAP_SPARSE_FIT_BITS optimizer-n1024-d2-zerosTrue.jacobi 1482 1045055598
UMAP_SPARSE_FIT_BITS optimizer-n1024-d2-zerosTrue.jacobi 1483 1069244986
UMAP_SPARSE_FIT_BITS optimizer-n1024-d2-zerosTrue.jacobi 1484 3234805355
UMAP_SPARSE_FIT_BITS optimizer-n1024-d2-zerosTrue.jacobi 1485 3234705477
UMAP_SPARSE_FIT_BITS optimizer-n1024-d2-zerosTrue.jacobi 1486 1077998213
UMAP_SPARSE_FIT_BITS optimizer-n1024-d2-zerosTrue.jacobi 1487 1061516220
UMAP_SPARSE_FIT_BITS optimizer-n1024-d2-zerosTrue.jacobi 1488 1091940076
UMAP_SPARSE_FIT_BITS optimizer-n1024-d2-zerosTrue.jacobi 1489 1090722817
UMAP_SPARSE_FIT_BITS optimizer-n1024-d2-zerosTrue.jacobi 1490 1089193217
UMAP_SPARSE_FIT_BITS optimizer-n1024-d2-zerosTrue.jacobi 1491 1089966542
UMAP_SPARSE_FIT_BITS optimizer-n1024-d2-zerosTrue.jacobi 1492 3230809811
UMAP_SPARSE_FIT_BITS optimizer-n1024-d2-zerosTrue.jacobi 1493 3213874836
UMAP_SPARSE_FIT_BITS optimizer-n1024-d2-zerosTrue.jacobi 1494 3222824121
UMAP_SPARSE_FIT_BITS optimizer-n1024-d2-zerosTrue.jacobi 1495 3214987738
UMAP_SPARSE_FIT_BITS optimizer-n1024-d2-zerosTrue.jacobi 1496 3225027825
UMAP_SPARSE_FIT_BITS optimizer-n1024-d2-zerosTrue.jacobi 1497 3222494025
UMAP_SPARSE_FIT_BITS optimizer-n1024-d2-zerosTrue.jacobi 1498 3234309072
UMAP_SPARSE_FIT_BITS optimizer-n1024-d2-zerosTrue.jacobi 1499 3235278101
UMAP_SPARSE_FIT_BITS optimizer-n1024-d2-zerosTrue.jacobi 1500 3228791717
UMAP_SPARSE_FIT_BITS optimizer-n1024-d2-zerosTrue.jacobi 1501 3230691854
UMAP_SPARSE_FIT_BITS optimizer-n1024-d2-zerosTrue.jacobi 1502 3184854907
UMAP_SPARSE_FIT_BITS optimizer-n1024-d2-zerosTrue.jacobi 1503 3218321890
UMAP_SPARSE_FIT_BITS optimizer-n1024-d2-zerosTrue.jacobi 1504 3239017806
UMAP_SPARSE_FIT_BITS optimizer-n1024-d2-zerosTrue.jacobi 1505 3238378226
UMAP_SPARSE_FIT_BITS optimizer-n1024-d2-zerosTrue.jacobi 1506 1067917998
UMAP_SPARSE_FIT_BITS optimizer-n1024-d2-zerosTrue.jacobi 1507 1079480972
UMAP_SPARSE_FIT_BITS optimizer-n1024-d2-zerosTrue.jacobi 1508 3214490992
UMAP_SPARSE_FIT_BITS optimizer-n1024-d2-zerosTrue.jacobi 1509 3198632161
UMAP_SPARSE_FIT_BITS optimizer-n1024-d2-zerosTrue.jacobi 1510 1083794546
UMAP_SPARSE_FIT_BITS optimizer-n1024-d2-zerosTrue.jacobi 1511 1081836900
UMAP_SPARSE_FIT_BITS optimizer-n1024-d2-zerosTrue.jacobi 1512 3221910733
UMAP_SPARSE_FIT_BITS optimizer-n1024-d2-zerosTrue.jacobi 1513 3225667696
UMAP_SPARSE_FIT_BITS optimizer-n1024-d2-zerosTrue.jacobi 1514 3233695761
UMAP_SPARSE_FIT_BITS optimizer-n1024-d2-zerosTrue.jacobi 1515 3232868509
UMAP_SPARSE_FIT_BITS optimizer-n1024-d2-zerosTrue.jacobi 1516 1045643251
UMAP_SPARSE_FIT_BITS optimizer-n1024-d2-zerosTrue.jacobi 1517 1060308383
UMAP_SPARSE_FIT_BITS optimizer-n1024-d2-zerosTrue.jacobi 1518 1064127300
UMAP_SPARSE_FIT_BITS optimizer-n1024-d2-zerosTrue.jacobi 1519 3183607032
UMAP_SPARSE_FIT_BITS optimizer-n1024-d2-zerosTrue.jacobi 1520 1076393041
UMAP_SPARSE_FIT_BITS optimizer-n1024-d2-zerosTrue.jacobi 1521 1081331182
UMAP_SPARSE_FIT_BITS optimizer-n1024-d2-zerosTrue.jacobi 1522 1084030106
UMAP_SPARSE_FIT_BITS optimizer-n1024-d2-zerosTrue.jacobi 1523 1084402231
UMAP_SPARSE_FIT_BITS optimizer-n1024-d2-zerosTrue.jacobi 1524 1036767191
UMAP_SPARSE_FIT_BITS optimizer-n1024-d2-zerosTrue.jacobi 1525 1067443345
UMAP_SPARSE_FIT_BITS optimizer-n1024-d2-zerosTrue.jacobi 1526 1046839645
UMAP_SPARSE_FIT_BITS optimizer-n1024-d2-zerosTrue.jacobi 1527 1067685323
UMAP_SPARSE_FIT_BITS optimizer-n1024-d2-zerosTrue.jacobi 1528 1082155629
UMAP_SPARSE_FIT_BITS optimizer-n1024-d2-zerosTrue.jacobi 1529 1084356970
UMAP_SPARSE_FIT_BITS optimizer-n1024-d2-zerosTrue.jacobi 1530 3216014690
UMAP_SPARSE_FIT_BITS optimizer-n1024-d2-zerosTrue.jacobi 1531 1074738974
UMAP_SPARSE_FIT_BITS optimizer-n1024-d2-zerosTrue.jacobi 1532 1083218460
UMAP_SPARSE_FIT_BITS optimizer-n1024-d2-zerosTrue.jacobi 1533 1079932289
UMAP_SPARSE_FIT_BITS optimizer-n1024-d2-zerosTrue.jacobi 1534 3206254991
UMAP_SPARSE_FIT_BITS optimizer-n1024-d2-zerosTrue.jacobi 1535 3220302190
UMAP_SPARSE_FIT_BITS optimizer-n1024-d2-zerosTrue.jacobi 1536 1075150675
UMAP_SPARSE_FIT_BITS optimizer-n1024-d2-zerosTrue.jacobi 1537 1057341591
UMAP_SPARSE_FIT_BITS optimizer-n1024-d2-zerosTrue.jacobi 1538 1095529984
UMAP_SPARSE_FIT_BITS optimizer-n1024-d2-zerosTrue.jacobi 1539 1095913219
UMAP_SPARSE_FIT_BITS optimizer-n1024-d2-zerosTrue.jacobi 1540 3226808309
UMAP_SPARSE_FIT_BITS optimizer-n1024-d2-zerosTrue.jacobi 1541 3226217654
UMAP_SPARSE_FIT_BITS optimizer-n1024-d2-zerosTrue.jacobi 1542 3224919890
UMAP_SPARSE_FIT_BITS optimizer-n1024-d2-zerosTrue.jacobi 1543 3229783619
UMAP_SPARSE_FIT_BITS optimizer-n1024-d2-zerosTrue.jacobi 1544 3225264965
UMAP_SPARSE_FIT_BITS optimizer-n1024-d2-zerosTrue.jacobi 1545 3229821403
UMAP_SPARSE_FIT_BITS optimizer-n1024-d2-zerosTrue.jacobi 1546 1084246490
UMAP_SPARSE_FIT_BITS optimizer-n1024-d2-zerosTrue.jacobi 1547 1083750619
UMAP_SPARSE_FIT_BITS optimizer-n1024-d2-zerosTrue.jacobi 1548 3225523823
UMAP_SPARSE_FIT_BITS optimizer-n1024-d2-zerosTrue.jacobi 1549 3217836967
UMAP_SPARSE_FIT_BITS optimizer-n1024-d2-zerosTrue.jacobi 1550 3224949910
UMAP_SPARSE_FIT_BITS optimizer-n1024-d2-zerosTrue.jacobi 1551 3208975519
UMAP_SPARSE_FIT_BITS optimizer-n1024-d2-zerosTrue.jacobi 1552 3194497292
UMAP_SPARSE_FIT_BITS optimizer-n1024-d2-zerosTrue.jacobi 1553 1033721832
UMAP_SPARSE_FIT_BITS optimizer-n1024-d2-zerosTrue.jacobi 1554 1082030553
UMAP_SPARSE_FIT_BITS optimizer-n1024-d2-zerosTrue.jacobi 1555 1076914172
UMAP_SPARSE_FIT_BITS optimizer-n1024-d2-zerosTrue.jacobi 1556 1079805953
UMAP_SPARSE_FIT_BITS optimizer-n1024-d2-zerosTrue.jacobi 1557 1081646111
UMAP_SPARSE_FIT_BITS optimizer-n1024-d2-zerosTrue.jacobi 1558 1079439714
UMAP_SPARSE_FIT_BITS optimizer-n1024-d2-zerosTrue.jacobi 1559 1078020501
UMAP_SPARSE_FIT_BITS optimizer-n1024-d2-zerosTrue.jacobi 1560 1068276811
UMAP_SPARSE_FIT_BITS optimizer-n1024-d2-zerosTrue.jacobi 1561 1075102236
UMAP_SPARSE_FIT_BITS optimizer-n1024-d2-zerosTrue.jacobi 1562 3206748212
UMAP_SPARSE_FIT_BITS optimizer-n1024-d2-zerosTrue.jacobi 1563 1050070733
UMAP_SPARSE_FIT_BITS optimizer-n1024-d2-zerosTrue.jacobi 1564 3206745344
UMAP_SPARSE_FIT_BITS optimizer-n1024-d2-zerosTrue.jacobi 1565 1051527470
UMAP_SPARSE_FIT_BITS optimizer-n1024-d2-zerosTrue.jacobi 1566 1086882199
UMAP_SPARSE_FIT_BITS optimizer-n1024-d2-zerosTrue.jacobi 1567 1085654706
UMAP_SPARSE_FIT_BITS optimizer-n1024-d2-zerosTrue.jacobi 1568 1057373923
UMAP_SPARSE_FIT_BITS optimizer-n1024-d2-zerosTrue.jacobi 1569 3221686713
UMAP_SPARSE_FIT_BITS optimizer-n1024-d2-zerosTrue.jacobi 1570 3233905470
UMAP_SPARSE_FIT_BITS optimizer-n1024-d2-zerosTrue.jacobi 1571 3235810696
UMAP_SPARSE_FIT_BITS optimizer-n1024-d2-zerosTrue.jacobi 1572 1082669459
UMAP_SPARSE_FIT_BITS optimizer-n1024-d2-zerosTrue.jacobi 1573 1083513059
UMAP_SPARSE_FIT_BITS optimizer-n1024-d2-zerosTrue.jacobi 1574 3235464925
UMAP_SPARSE_FIT_BITS optimizer-n1024-d2-zerosTrue.jacobi 1575 3235367799
UMAP_SPARSE_FIT_BITS optimizer-n1024-d2-zerosTrue.jacobi 1576 3235822978
UMAP_SPARSE_FIT_BITS optimizer-n1024-d2-zerosTrue.jacobi 1577 3235480239
UMAP_SPARSE_FIT_BITS optimizer-n1024-d2-zerosTrue.jacobi 1578 1067762094
UMAP_SPARSE_FIT_BITS optimizer-n1024-d2-zerosTrue.jacobi 1579 1041901758
UMAP_SPARSE_FIT_BITS optimizer-n1024-d2-zerosTrue.jacobi 1580 3236835459
UMAP_SPARSE_FIT_BITS optimizer-n1024-d2-zerosTrue.jacobi 1581 3238003921
UMAP_SPARSE_FIT_BITS optimizer-n1024-d2-zerosTrue.jacobi 1582 1083408589
UMAP_SPARSE_FIT_BITS optimizer-n1024-d2-zerosTrue.jacobi 1583 1087599298
UMAP_SPARSE_FIT_BITS optimizer-n1024-d2-zerosTrue.jacobi 1584 1083496294
UMAP_SPARSE_FIT_BITS optimizer-n1024-d2-zerosTrue.jacobi 1585 1086810377
UMAP_SPARSE_FIT_BITS optimizer-n1024-d2-zerosTrue.jacobi 1586 1082211654
UMAP_SPARSE_FIT_BITS optimizer-n1024-d2-zerosTrue.jacobi 1587 1080689347
UMAP_SPARSE_FIT_BITS optimizer-n1024-d2-zerosTrue.jacobi 1588 1083691019
UMAP_SPARSE_FIT_BITS optimizer-n1024-d2-zerosTrue.jacobi 1589 1082296243
UMAP_SPARSE_FIT_BITS optimizer-n1024-d2-zerosTrue.jacobi 1590 3220784406
UMAP_SPARSE_FIT_BITS optimizer-n1024-d2-zerosTrue.jacobi 1591 3223435474
UMAP_SPARSE_FIT_BITS optimizer-n1024-d2-zerosTrue.jacobi 1592 1084507725
UMAP_SPARSE_FIT_BITS optimizer-n1024-d2-zerosTrue.jacobi 1593 1085683412
UMAP_SPARSE_FIT_BITS optimizer-n1024-d2-zerosTrue.jacobi 1594 1074286849
UMAP_SPARSE_FIT_BITS optimizer-n1024-d2-zerosTrue.jacobi 1595 1077429216
UMAP_SPARSE_FIT_BITS optimizer-n1024-d2-zerosTrue.jacobi 1596 3234074007
UMAP_SPARSE_FIT_BITS optimizer-n1024-d2-zerosTrue.jacobi 1597 3231628490
UMAP_SPARSE_FIT_BITS optimizer-n1024-d2-zerosTrue.jacobi 1598 3208436587
UMAP_SPARSE_FIT_BITS optimizer-n1024-d2-zerosTrue.jacobi 1599 3230120720
UMAP_SPARSE_FIT_BITS optimizer-n1024-d2-zerosTrue.jacobi 1600 1062876556
UMAP_SPARSE_FIT_BITS optimizer-n1024-d2-zerosTrue.jacobi 1601 3200931054
UMAP_SPARSE_FIT_BITS optimizer-n1024-d2-zerosTrue.jacobi 1602 1067298256
UMAP_SPARSE_FIT_BITS optimizer-n1024-d2-zerosTrue.jacobi 1603 3201911146
UMAP_SPARSE_FIT_BITS optimizer-n1024-d2-zerosTrue.jacobi 1604 1091049019
UMAP_SPARSE_FIT_BITS optimizer-n1024-d2-zerosTrue.jacobi 1605 1088784417
UMAP_SPARSE_FIT_BITS optimizer-n1024-d2-zerosTrue.jacobi 1606 3225714100
UMAP_SPARSE_FIT_BITS optimizer-n1024-d2-zerosTrue.jacobi 1607 3225522152
UMAP_SPARSE_FIT_BITS optimizer-n1024-d2-zerosTrue.jacobi 1608 3211291026
UMAP_SPARSE_FIT_BITS optimizer-n1024-d2-zerosTrue.jacobi 1609 3213063827
UMAP_SPARSE_FIT_BITS optimizer-n1024-d2-zerosTrue.jacobi 1610 3208159727
UMAP_SPARSE_FIT_BITS optimizer-n1024-d2-zerosTrue.jacobi 1611 3209668384
UMAP_SPARSE_FIT_BITS optimizer-n1024-d2-zerosTrue.jacobi 1612 1090759498
UMAP_SPARSE_FIT_BITS optimizer-n1024-d2-zerosTrue.jacobi 1613 1090815131
UMAP_SPARSE_FIT_BITS optimizer-n1024-d2-zerosTrue.jacobi 1614 1077215461
UMAP_SPARSE_FIT_BITS optimizer-n1024-d2-zerosTrue.jacobi 1615 1073796658
UMAP_SPARSE_FIT_BITS optimizer-n1024-d2-zerosTrue.jacobi 1616 3210906913
UMAP_SPARSE_FIT_BITS optimizer-n1024-d2-zerosTrue.jacobi 1617 1085003212
UMAP_SPARSE_FIT_BITS optimizer-n1024-d2-zerosTrue.jacobi 1618 1081398433
UMAP_SPARSE_FIT_BITS optimizer-n1024-d2-zerosTrue.jacobi 1619 1088327932
UMAP_SPARSE_FIT_BITS optimizer-n1024-d2-zerosTrue.jacobi 1620 3193861060
UMAP_SPARSE_FIT_BITS optimizer-n1024-d2-zerosTrue.jacobi 1621 3221803520
UMAP_SPARSE_FIT_BITS optimizer-n1024-d2-zerosTrue.jacobi 1622 1066620624
UMAP_SPARSE_FIT_BITS optimizer-n1024-d2-zerosTrue.jacobi 1623 3210871280
UMAP_SPARSE_FIT_BITS optimizer-n1024-d2-zerosTrue.jacobi 1624 3230030991
UMAP_SPARSE_FIT_BITS optimizer-n1024-d2-zerosTrue.jacobi 1625 3232302318
UMAP_SPARSE_FIT_BITS optimizer-n1024-d2-zerosTrue.jacobi 1626 1086407941
UMAP_SPARSE_FIT_BITS optimizer-n1024-d2-zerosTrue.jacobi 1627 1088290650
UMAP_SPARSE_FIT_BITS optimizer-n1024-d2-zerosTrue.jacobi 1628 3235492964
UMAP_SPARSE_FIT_BITS optimizer-n1024-d2-zerosTrue.jacobi 1629 3231379844
UMAP_SPARSE_FIT_BITS optimizer-n1024-d2-zerosTrue.jacobi 1630 3229984023
UMAP_SPARSE_FIT_BITS optimizer-n1024-d2-zerosTrue.jacobi 1631 3222364170
UMAP_SPARSE_FIT_BITS optimizer-n1024-d2-zerosTrue.jacobi 1632 3229152522
UMAP_SPARSE_FIT_BITS optimizer-n1024-d2-zerosTrue.jacobi 1633 3223286737
UMAP_SPARSE_FIT_BITS optimizer-n1024-d2-zerosTrue.jacobi 1634 1077940294
UMAP_SPARSE_FIT_BITS optimizer-n1024-d2-zerosTrue.jacobi 1635 1073853721
UMAP_SPARSE_FIT_BITS optimizer-n1024-d2-zerosTrue.jacobi 1636 1080297113
UMAP_SPARSE_FIT_BITS optimizer-n1024-d2-zerosTrue.jacobi 1637 1075782089
UMAP_SPARSE_FIT_BITS optimizer-n1024-d2-zerosTrue.jacobi 1638 1090491287
UMAP_SPARSE_FIT_BITS optimizer-n1024-d2-zerosTrue.jacobi 1639 1090998002
UMAP_SPARSE_FIT_BITS optimizer-n1024-d2-zerosTrue.jacobi 1640 1093193388
UMAP_SPARSE_FIT_BITS optimizer-n1024-d2-zerosTrue.jacobi 1641 1090876497
UMAP_SPARSE_FIT_BITS optimizer-n1024-d2-zerosTrue.jacobi 1642 1065746542
UMAP_SPARSE_FIT_BITS optimizer-n1024-d2-zerosTrue.jacobi 1643 1080064793
UMAP_SPARSE_FIT_BITS optimizer-n1024-d2-zerosTrue.jacobi 1644 1090462093
UMAP_SPARSE_FIT_BITS optimizer-n1024-d2-zerosTrue.jacobi 1645 1089457630
UMAP_SPARSE_FIT_BITS optimizer-n1024-d2-zerosTrue.jacobi 1646 1074962725
UMAP_SPARSE_FIT_BITS optimizer-n1024-d2-zerosTrue.jacobi 1647 1069536396
UMAP_SPARSE_FIT_BITS optimizer-n1024-d2-zerosTrue.jacobi 1648 1069828951
UMAP_SPARSE_FIT_BITS optimizer-n1024-d2-zerosTrue.jacobi 1649 1054564346
UMAP_SPARSE_FIT_BITS optimizer-n1024-d2-zerosTrue.jacobi 1650 1081607596
UMAP_SPARSE_FIT_BITS optimizer-n1024-d2-zerosTrue.jacobi 1651 1082783603
UMAP_SPARSE_FIT_BITS optimizer-n1024-d2-zerosTrue.jacobi 1652 1074734073
UMAP_SPARSE_FIT_BITS optimizer-n1024-d2-zerosTrue.jacobi 1653 1083894467
UMAP_SPARSE_FIT_BITS optimizer-n1024-d2-zerosTrue.jacobi 1654 3224297089
UMAP_SPARSE_FIT_BITS optimizer-n1024-d2-zerosTrue.jacobi 1655 3227821178
UMAP_SPARSE_FIT_BITS optimizer-n1024-d2-zerosTrue.jacobi 1656 3216038320
UMAP_SPARSE_FIT_BITS optimizer-n1024-d2-zerosTrue.jacobi 1657 3223720537
UMAP_SPARSE_FIT_BITS optimizer-n1024-d2-zerosTrue.jacobi 1658 1093879677
UMAP_SPARSE_FIT_BITS optimizer-n1024-d2-zerosTrue.jacobi 1659 1092979228
UMAP_SPARSE_FIT_BITS optimizer-n1024-d2-zerosTrue.jacobi 1660 3216267553
UMAP_SPARSE_FIT_BITS optimizer-n1024-d2-zerosTrue.jacobi 1661 1040101744
UMAP_SPARSE_FIT_BITS optimizer-n1024-d2-zerosTrue.jacobi 1662 3230081723
UMAP_SPARSE_FIT_BITS optimizer-n1024-d2-zerosTrue.jacobi 1663 3224976568
UMAP_SPARSE_FIT_BITS optimizer-n1024-d2-zerosTrue.jacobi 1664 1084233871
UMAP_SPARSE_FIT_BITS optimizer-n1024-d2-zerosTrue.jacobi 1665 1086290897
UMAP_SPARSE_FIT_BITS optimizer-n1024-d2-zerosTrue.jacobi 1666 1050259458
UMAP_SPARSE_FIT_BITS optimizer-n1024-d2-zerosTrue.jacobi 1667 1055752110
UMAP_SPARSE_FIT_BITS optimizer-n1024-d2-zerosTrue.jacobi 1668 1068283430
UMAP_SPARSE_FIT_BITS optimizer-n1024-d2-zerosTrue.jacobi 1669 1066435536
UMAP_SPARSE_FIT_BITS optimizer-n1024-d2-zerosTrue.jacobi 1670 1067923865
UMAP_SPARSE_FIT_BITS optimizer-n1024-d2-zerosTrue.jacobi 1671 1065867265
UMAP_SPARSE_FIT_BITS optimizer-n1024-d2-zerosTrue.jacobi 1672 1084809961
UMAP_SPARSE_FIT_BITS optimizer-n1024-d2-zerosTrue.jacobi 1673 1083627621
UMAP_SPARSE_FIT_BITS optimizer-n1024-d2-zerosTrue.jacobi 1674 1080342281
UMAP_SPARSE_FIT_BITS optimizer-n1024-d2-zerosTrue.jacobi 1675 1082072766
UMAP_SPARSE_FIT_BITS optimizer-n1024-d2-zerosTrue.jacobi 1676 1081435129
UMAP_SPARSE_FIT_BITS optimizer-n1024-d2-zerosTrue.jacobi 1677 1083640461
UMAP_SPARSE_FIT_BITS optimizer-n1024-d2-zerosTrue.jacobi 1678 1083292782
UMAP_SPARSE_FIT_BITS optimizer-n1024-d2-zerosTrue.jacobi 1679 1084289825
UMAP_SPARSE_FIT_BITS optimizer-n1024-d2-zerosTrue.jacobi 1680 3223338708
UMAP_SPARSE_FIT_BITS optimizer-n1024-d2-zerosTrue.jacobi 1681 3221613900
UMAP_SPARSE_FIT_BITS optimizer-n1024-d2-zerosTrue.jacobi 1682 3223230186
UMAP_SPARSE_FIT_BITS optimizer-n1024-d2-zerosTrue.jacobi 1683 3219481001
UMAP_SPARSE_FIT_BITS optimizer-n1024-d2-zerosTrue.jacobi 1684 3223064602
UMAP_SPARSE_FIT_BITS optimizer-n1024-d2-zerosTrue.jacobi 1685 3215973911
UMAP_SPARSE_FIT_BITS optimizer-n1024-d2-zerosTrue.jacobi 1686 1036780517
UMAP_SPARSE_FIT_BITS optimizer-n1024-d2-zerosTrue.jacobi 1687 1039040388
UMAP_SPARSE_FIT_BITS optimizer-n1024-d2-zerosTrue.jacobi 1688 3218153071
UMAP_SPARSE_FIT_BITS optimizer-n1024-d2-zerosTrue.jacobi 1689 3230182909
UMAP_SPARSE_FIT_BITS optimizer-n1024-d2-zerosTrue.jacobi 1690 1081721140
UMAP_SPARSE_FIT_BITS optimizer-n1024-d2-zerosTrue.jacobi 1691 3219952294
UMAP_SPARSE_FIT_BITS optimizer-n1024-d2-zerosTrue.jacobi 1692 3205832477
UMAP_SPARSE_FIT_BITS optimizer-n1024-d2-zerosTrue.jacobi 1693 3220291173
UMAP_SPARSE_FIT_BITS optimizer-n1024-d2-zerosTrue.jacobi 1694 1071935284
UMAP_SPARSE_FIT_BITS optimizer-n1024-d2-zerosTrue.jacobi 1695 1076266848
UMAP_SPARSE_FIT_BITS optimizer-n1024-d2-zerosTrue.jacobi 1696 3231487629
UMAP_SPARSE_FIT_BITS optimizer-n1024-d2-zerosTrue.jacobi 1697 3231840223
UMAP_SPARSE_FIT_BITS optimizer-n1024-d2-zerosTrue.jacobi 1698 3230400284
UMAP_SPARSE_FIT_BITS optimizer-n1024-d2-zerosTrue.jacobi 1699 1055307289
UMAP_SPARSE_FIT_BITS optimizer-n1024-d2-zerosTrue.jacobi 1700 3238723465
UMAP_SPARSE_FIT_BITS optimizer-n1024-d2-zerosTrue.jacobi 1701 3238303068
UMAP_SPARSE_FIT_BITS optimizer-n1024-d2-zerosTrue.jacobi 1702 1094151022
UMAP_SPARSE_FIT_BITS optimizer-n1024-d2-zerosTrue.jacobi 1703 1093214307
UMAP_SPARSE_FIT_BITS optimizer-n1024-d2-zerosTrue.jacobi 1704 1064495968
UMAP_SPARSE_FIT_BITS optimizer-n1024-d2-zerosTrue.jacobi 1705 3173094526
UMAP_SPARSE_FIT_BITS optimizer-n1024-d2-zerosTrue.jacobi 1706 3221364781
UMAP_SPARSE_FIT_BITS optimizer-n1024-d2-zerosTrue.jacobi 1707 3223323009
UMAP_SPARSE_FIT_BITS optimizer-n1024-d2-zerosTrue.jacobi 1708 1082778955
UMAP_SPARSE_FIT_BITS optimizer-n1024-d2-zerosTrue.jacobi 1709 1083276547
UMAP_SPARSE_FIT_BITS optimizer-n1024-d2-zerosTrue.jacobi 1710 3224092929
UMAP_SPARSE_FIT_BITS optimizer-n1024-d2-zerosTrue.jacobi 1711 3220779391
UMAP_SPARSE_FIT_BITS optimizer-n1024-d2-zerosTrue.jacobi 1712 1088750485
UMAP_SPARSE_FIT_BITS optimizer-n1024-d2-zerosTrue.jacobi 1713 1087661739
UMAP_SPARSE_FIT_BITS optimizer-n1024-d2-zerosTrue.jacobi 1714 1077240672
UMAP_SPARSE_FIT_BITS optimizer-n1024-d2-zerosTrue.jacobi 1715 1059074289
UMAP_SPARSE_FIT_BITS optimizer-n1024-d2-zerosTrue.jacobi 1716 1090990705
UMAP_SPARSE_FIT_BITS optimizer-n1024-d2-zerosTrue.jacobi 1717 1088354757
UMAP_SPARSE_FIT_BITS optimizer-n1024-d2-zerosTrue.jacobi 1718 1079224373
UMAP_SPARSE_FIT_BITS optimizer-n1024-d2-zerosTrue.jacobi 1719 1082795851
UMAP_SPARSE_FIT_BITS optimizer-n1024-d2-zerosTrue.jacobi 1720 1074924256
UMAP_SPARSE_FIT_BITS optimizer-n1024-d2-zerosTrue.jacobi 1721 1083311114
UMAP_SPARSE_FIT_BITS optimizer-n1024-d2-zerosTrue.jacobi 1722 1082718378
UMAP_SPARSE_FIT_BITS optimizer-n1024-d2-zerosTrue.jacobi 1723 1070471069
UMAP_SPARSE_FIT_BITS optimizer-n1024-d2-zerosTrue.jacobi 1724 1084006141
UMAP_SPARSE_FIT_BITS optimizer-n1024-d2-zerosTrue.jacobi 1725 1083090364
UMAP_SPARSE_FIT_BITS optimizer-n1024-d2-zerosTrue.jacobi 1726 1086918209
UMAP_SPARSE_FIT_BITS optimizer-n1024-d2-zerosTrue.jacobi 1727 1085806679
UMAP_SPARSE_FIT_BITS optimizer-n1024-d2-zerosTrue.jacobi 1728 1066271377
UMAP_SPARSE_FIT_BITS optimizer-n1024-d2-zerosTrue.jacobi 1729 1073818877
UMAP_SPARSE_FIT_BITS optimizer-n1024-d2-zerosTrue.jacobi 1730 3228307811
UMAP_SPARSE_FIT_BITS optimizer-n1024-d2-zerosTrue.jacobi 1731 3226166562
UMAP_SPARSE_FIT_BITS optimizer-n1024-d2-zerosTrue.jacobi 1732 3236520675
UMAP_SPARSE_FIT_BITS optimizer-n1024-d2-zerosTrue.jacobi 1733 3235685871
UMAP_SPARSE_FIT_BITS optimizer-n1024-d2-zerosTrue.jacobi 1734 1002402928
UMAP_SPARSE_FIT_BITS optimizer-n1024-d2-zerosTrue.jacobi 1735 1068314348
UMAP_SPARSE_FIT_BITS optimizer-n1024-d2-zerosTrue.jacobi 1736 3233333214
UMAP_SPARSE_FIT_BITS optimizer-n1024-d2-zerosTrue.jacobi 1737 3236272013
UMAP_SPARSE_FIT_BITS optimizer-n1024-d2-zerosTrue.jacobi 1738 1074005024
UMAP_SPARSE_FIT_BITS optimizer-n1024-d2-zerosTrue.jacobi 1739 1079601069
UMAP_SPARSE_FIT_BITS optimizer-n1024-d2-zerosTrue.jacobi 1740 1077924844
UMAP_SPARSE_FIT_BITS optimizer-n1024-d2-zerosTrue.jacobi 1741 1079216897
UMAP_SPARSE_FIT_BITS optimizer-n1024-d2-zerosTrue.jacobi 1742 1076278801
UMAP_SPARSE_FIT_BITS optimizer-n1024-d2-zerosTrue.jacobi 1743 1078802052
UMAP_SPARSE_FIT_BITS optimizer-n1024-d2-zerosTrue.jacobi 1744 3236661613
UMAP_SPARSE_FIT_BITS optimizer-n1024-d2-zerosTrue.jacobi 1745 3236237510
UMAP_SPARSE_FIT_BITS optimizer-n1024-d2-zerosTrue.jacobi 1746 3230515893
UMAP_SPARSE_FIT_BITS optimizer-n1024-d2-zerosTrue.jacobi 1747 3236071964
UMAP_SPARSE_FIT_BITS optimizer-n1024-d2-zerosTrue.jacobi 1748 1065836677
UMAP_SPARSE_FIT_BITS optimizer-n1024-d2-zerosTrue.jacobi 1749 1047821520
UMAP_SPARSE_FIT_BITS optimizer-n1024-d2-zerosTrue.jacobi 1750 1062398886
UMAP_SPARSE_FIT_BITS optimizer-n1024-d2-zerosTrue.jacobi 1751 1040543381
UMAP_SPARSE_FIT_BITS optimizer-n1024-d2-zerosTrue.jacobi 1752 3225861219
UMAP_SPARSE_FIT_BITS optimizer-n1024-d2-zerosTrue.jacobi 1753 3203304856
UMAP_SPARSE_FIT_BITS optimizer-n1024-d2-zerosTrue.jacobi 1754 3223069969
UMAP_SPARSE_FIT_BITS optimizer-n1024-d2-zerosTrue.jacobi 1755 3211874166
UMAP_SPARSE_FIT_BITS optimizer-n1024-d2-zerosTrue.jacobi 1756 3231421515
UMAP_SPARSE_FIT_BITS optimizer-n1024-d2-zerosTrue.jacobi 1757 3233106156
UMAP_SPARSE_FIT_BITS optimizer-n1024-d2-zerosTrue.jacobi 1758 1082016771
UMAP_SPARSE_FIT_BITS optimizer-n1024-d2-zerosTrue.jacobi 1759 1077570266
UMAP_SPARSE_FIT_BITS optimizer-n1024-d2-zerosTrue.jacobi 1760 1042031215
UMAP_SPARSE_FIT_BITS optimizer-n1024-d2-zerosTrue.jacobi 1761 3214125715
UMAP_SPARSE_FIT_BITS optimizer-n1024-d2-zerosTrue.jacobi 1762 1081451709
UMAP_SPARSE_FIT_BITS optimizer-n1024-d2-zerosTrue.jacobi 1763 1082818933
UMAP_SPARSE_FIT_BITS optimizer-n1024-d2-zerosTrue.jacobi 1764 3229152102
UMAP_SPARSE_FIT_BITS optimizer-n1024-d2-zerosTrue.jacobi 1765 3222074857
UMAP_SPARSE_FIT_BITS optimizer-n1024-d2-zerosTrue.jacobi 1766 3229254918
UMAP_SPARSE_FIT_BITS optimizer-n1024-d2-zerosTrue.jacobi 1767 3221618114
UMAP_SPARSE_FIT_BITS optimizer-n1024-d2-zerosTrue.jacobi 1768 3229354730
UMAP_SPARSE_FIT_BITS optimizer-n1024-d2-zerosTrue.jacobi 1769 3221951988
UMAP_SPARSE_FIT_BITS optimizer-n1024-d2-zerosTrue.jacobi 1770 3232695343
UMAP_SPARSE_FIT_BITS optimizer-n1024-d2-zerosTrue.jacobi 1771 3233570166
UMAP_SPARSE_FIT_BITS optimizer-n1024-d2-zerosTrue.jacobi 1772 3202621769
UMAP_SPARSE_FIT_BITS optimizer-n1024-d2-zerosTrue.jacobi 1773 3221418330
UMAP_SPARSE_FIT_BITS optimizer-n1024-d2-zerosTrue.jacobi 1774 3229835093
UMAP_SPARSE_FIT_BITS optimizer-n1024-d2-zerosTrue.jacobi 1775 3231085220
UMAP_SPARSE_FIT_BITS optimizer-n1024-d2-zerosTrue.jacobi 1776 3230693591
UMAP_SPARSE_FIT_BITS optimizer-n1024-d2-zerosTrue.jacobi 1777 3230941639
UMAP_SPARSE_FIT_BITS optimizer-n1024-d2-zerosTrue.jacobi 1778 1076555587
UMAP_SPARSE_FIT_BITS optimizer-n1024-d2-zerosTrue.jacobi 1779 1078916826
UMAP_SPARSE_FIT_BITS optimizer-n1024-d2-zerosTrue.jacobi 1780 3198258130
UMAP_SPARSE_FIT_BITS optimizer-n1024-d2-zerosTrue.jacobi 1781 1073630618
UMAP_SPARSE_FIT_BITS optimizer-n1024-d2-zerosTrue.jacobi 1782 1083124661
UMAP_SPARSE_FIT_BITS optimizer-n1024-d2-zerosTrue.jacobi 1783 1082835665
UMAP_SPARSE_FIT_BITS optimizer-n1024-d2-zerosTrue.jacobi 1784 3216060657
UMAP_SPARSE_FIT_BITS optimizer-n1024-d2-zerosTrue.jacobi 1785 3207152225
UMAP_SPARSE_FIT_BITS optimizer-n1024-d2-zerosTrue.jacobi 1786 3228753688
UMAP_SPARSE_FIT_BITS optimizer-n1024-d2-zerosTrue.jacobi 1787 3215897568
UMAP_SPARSE_FIT_BITS optimizer-n1024-d2-zerosTrue.jacobi 1788 1076758586
UMAP_SPARSE_FIT_BITS optimizer-n1024-d2-zerosTrue.jacobi 1789 1082807191
UMAP_SPARSE_FIT_BITS optimizer-n1024-d2-zerosTrue.jacobi 1790 1094252988
UMAP_SPARSE_FIT_BITS optimizer-n1024-d2-zerosTrue.jacobi 1791 1093648272
UMAP_SPARSE_FIT_BITS optimizer-n1024-d2-zerosTrue.jacobi 1792 1080428428
UMAP_SPARSE_FIT_BITS optimizer-n1024-d2-zerosTrue.jacobi 1793 1057256895
UMAP_SPARSE_FIT_BITS optimizer-n1024-d2-zerosTrue.jacobi 1794 1082039443
UMAP_SPARSE_FIT_BITS optimizer-n1024-d2-zerosTrue.jacobi 1795 1079092242
UMAP_SPARSE_FIT_BITS optimizer-n1024-d2-zerosTrue.jacobi 1796 1090264802
UMAP_SPARSE_FIT_BITS optimizer-n1024-d2-zerosTrue.jacobi 1797 1090788349
UMAP_SPARSE_FIT_BITS optimizer-n1024-d2-zerosTrue.jacobi 1798 1061776716
UMAP_SPARSE_FIT_BITS optimizer-n1024-d2-zerosTrue.jacobi 1799 1082279452
UMAP_SPARSE_FIT_BITS optimizer-n1024-d2-zerosTrue.jacobi 1800 1083335642
UMAP_SPARSE_FIT_BITS optimizer-n1024-d2-zerosTrue.jacobi 1801 1087386055
UMAP_SPARSE_FIT_BITS optimizer-n1024-d2-zerosTrue.jacobi 1802 3207800676
UMAP_SPARSE_FIT_BITS optimizer-n1024-d2-zerosTrue.jacobi 1803 3206012793
UMAP_SPARSE_FIT_BITS optimizer-n1024-d2-zerosTrue.jacobi 1804 3192315607
UMAP_SPARSE_FIT_BITS optimizer-n1024-d2-zerosTrue.jacobi 1805 3212465533
UMAP_SPARSE_FIT_BITS optimizer-n1024-d2-zerosTrue.jacobi 1806 3235898308
UMAP_SPARSE_FIT_BITS optimizer-n1024-d2-zerosTrue.jacobi 1807 3236078443
UMAP_SPARSE_FIT_BITS optimizer-n1024-d2-zerosTrue.jacobi 1808 1088487273
UMAP_SPARSE_FIT_BITS optimizer-n1024-d2-zerosTrue.jacobi 1809 1088218027
UMAP_SPARSE_FIT_BITS optimizer-n1024-d2-zerosTrue.jacobi 1810 1084133482
UMAP_SPARSE_FIT_BITS optimizer-n1024-d2-zerosTrue.jacobi 1811 1084952420
UMAP_SPARSE_FIT_BITS optimizer-n1024-d2-zerosTrue.jacobi 1812 1074574615
UMAP_SPARSE_FIT_BITS optimizer-n1024-d2-zerosTrue.jacobi 1813 3207796970
UMAP_SPARSE_FIT_BITS optimizer-n1024-d2-zerosTrue.jacobi 1814 1074555130
UMAP_SPARSE_FIT_BITS optimizer-n1024-d2-zerosTrue.jacobi 1815 1051291178
UMAP_SPARSE_FIT_BITS optimizer-n1024-d2-zerosTrue.jacobi 1816 3234845972
UMAP_SPARSE_FIT_BITS optimizer-n1024-d2-zerosTrue.jacobi 1817 3236205611
UMAP_SPARSE_FIT_BITS optimizer-n1024-d2-zerosTrue.jacobi 1818 1082457489
UMAP_SPARSE_FIT_BITS optimizer-n1024-d2-zerosTrue.jacobi 1819 1076758364
UMAP_SPARSE_FIT_BITS optimizer-n1024-d2-zerosTrue.jacobi 1820 1082426702
UMAP_SPARSE_FIT_BITS optimizer-n1024-d2-zerosTrue.jacobi 1821 1080143195
UMAP_SPARSE_FIT_BITS optimizer-n1024-d2-zerosTrue.jacobi 1822 3217122921
UMAP_SPARSE_FIT_BITS optimizer-n1024-d2-zerosTrue.jacobi 1823 3211251993
UMAP_SPARSE_FIT_BITS optimizer-n1024-d2-zerosTrue.jacobi 1824 1075697444
UMAP_SPARSE_FIT_BITS optimizer-n1024-d2-zerosTrue.jacobi 1825 1065631718
UMAP_SPARSE_FIT_BITS optimizer-n1024-d2-zerosTrue.jacobi 1826 1078055010
UMAP_SPARSE_FIT_BITS optimizer-n1024-d2-zerosTrue.jacobi 1827 1043205944
UMAP_SPARSE_FIT_BITS optimizer-n1024-d2-zerosTrue.jacobi 1828 3224378007
UMAP_SPARSE_FIT_BITS optimizer-n1024-d2-zerosTrue.jacobi 1829 3225892918
UMAP_SPARSE_FIT_BITS optimizer-n1024-d2-zerosTrue.jacobi 1830 1080954761
UMAP_SPARSE_FIT_BITS optimizer-n1024-d2-zerosTrue.jacobi 1831 1083113317
UMAP_SPARSE_FIT_BITS optimizer-n1024-d2-zerosTrue.jacobi 1832 1084179708
UMAP_SPARSE_FIT_BITS optimizer-n1024-d2-zerosTrue.jacobi 1833 1088648638
UMAP_SPARSE_FIT_BITS optimizer-n1024-d2-zerosTrue.jacobi 1834 1087109050
UMAP_SPARSE_FIT_BITS optimizer-n1024-d2-zerosTrue.jacobi 1835 1092402853
UMAP_SPARSE_FIT_BITS optimizer-n1024-d2-zerosTrue.jacobi 1836 3221144354
UMAP_SPARSE_FIT_BITS optimizer-n1024-d2-zerosTrue.jacobi 1837 1078288052
UMAP_SPARSE_FIT_BITS optimizer-n1024-d2-zerosTrue.jacobi 1838 1080856767
UMAP_SPARSE_FIT_BITS optimizer-n1024-d2-zerosTrue.jacobi 1839 1071434592
UMAP_SPARSE_FIT_BITS optimizer-n1024-d2-zerosTrue.jacobi 1840 1078083481
UMAP_SPARSE_FIT_BITS optimizer-n1024-d2-zerosTrue.jacobi 1841 1069631650
UMAP_SPARSE_FIT_BITS optimizer-n1024-d2-zerosTrue.jacobi 1842 1086609198
UMAP_SPARSE_FIT_BITS optimizer-n1024-d2-zerosTrue.jacobi 1843 1084166392
UMAP_SPARSE_FIT_BITS optimizer-n1024-d2-zerosTrue.jacobi 1844 3196921474
UMAP_SPARSE_FIT_BITS optimizer-n1024-d2-zerosTrue.jacobi 1845 1060087604
UMAP_SPARSE_FIT_BITS optimizer-n1024-d2-zerosTrue.jacobi 1846 3200468351
UMAP_SPARSE_FIT_BITS optimizer-n1024-d2-zerosTrue.jacobi 1847 1057380827
UMAP_SPARSE_FIT_BITS optimizer-n1024-d2-zerosTrue.jacobi 1848 3215479394
UMAP_SPARSE_FIT_BITS optimizer-n1024-d2-zerosTrue.jacobi 1849 3224514723
UMAP_SPARSE_FIT_BITS optimizer-n1024-d2-zerosTrue.jacobi 1850 3215373110
UMAP_SPARSE_FIT_BITS optimizer-n1024-d2-zerosTrue.jacobi 1851 3225739553
UMAP_SPARSE_FIT_BITS optimizer-n1024-d2-zerosTrue.jacobi 1852 1087989215
UMAP_SPARSE_FIT_BITS optimizer-n1024-d2-zerosTrue.jacobi 1853 1086547279
UMAP_SPARSE_FIT_BITS optimizer-n1024-d2-zerosTrue.jacobi 1854 1091220412
UMAP_SPARSE_FIT_BITS optimizer-n1024-d2-zerosTrue.jacobi 1855 1091649913
UMAP_SPARSE_FIT_BITS optimizer-n1024-d2-zerosTrue.jacobi 1856 1031888410
UMAP_SPARSE_FIT_BITS optimizer-n1024-d2-zerosTrue.jacobi 1857 1070410908
UMAP_SPARSE_FIT_BITS optimizer-n1024-d2-zerosTrue.jacobi 1858 1060309209
UMAP_SPARSE_FIT_BITS optimizer-n1024-d2-zerosTrue.jacobi 1859 3203192306
UMAP_SPARSE_FIT_BITS optimizer-n1024-d2-zerosTrue.jacobi 1860 1084759960
UMAP_SPARSE_FIT_BITS optimizer-n1024-d2-zerosTrue.jacobi 1861 1082398226
UMAP_SPARSE_FIT_BITS optimizer-n1024-d2-zerosTrue.jacobi 1862 1083001579
UMAP_SPARSE_FIT_BITS optimizer-n1024-d2-zerosTrue.jacobi 1863 1077980301
UMAP_SPARSE_FIT_BITS optimizer-n1024-d2-zerosTrue.jacobi 1864 1073115866
UMAP_SPARSE_FIT_BITS optimizer-n1024-d2-zerosTrue.jacobi 1865 1075333185
UMAP_SPARSE_FIT_BITS optimizer-n1024-d2-zerosTrue.jacobi 1866 1068577028
UMAP_SPARSE_FIT_BITS optimizer-n1024-d2-zerosTrue.jacobi 1867 1074424286
UMAP_SPARSE_FIT_BITS optimizer-n1024-d2-zerosTrue.jacobi 1868 1042819374
UMAP_SPARSE_FIT_BITS optimizer-n1024-d2-zerosTrue.jacobi 1869 1068986016
UMAP_SPARSE_FIT_BITS optimizer-n1024-d2-zerosTrue.jacobi 1870 3224713567
UMAP_SPARSE_FIT_BITS optimizer-n1024-d2-zerosTrue.jacobi 1871 3185112460
UMAP_SPARSE_FIT_BITS optimizer-n1024-d2-zerosTrue.jacobi 1872 3235292208
UMAP_SPARSE_FIT_BITS optimizer-n1024-d2-zerosTrue.jacobi 1873 3236100163
UMAP_SPARSE_FIT_BITS optimizer-n1024-d2-zerosTrue.jacobi 1874 3235579005
UMAP_SPARSE_FIT_BITS optimizer-n1024-d2-zerosTrue.jacobi 1875 3236297694
UMAP_SPARSE_FIT_BITS optimizer-n1024-d2-zerosTrue.jacobi 1876 1047834264
UMAP_SPARSE_FIT_BITS optimizer-n1024-d2-zerosTrue.jacobi 1877 3199171800
UMAP_SPARSE_FIT_BITS optimizer-n1024-d2-zerosTrue.jacobi 1878 1067043853
UMAP_SPARSE_FIT_BITS optimizer-n1024-d2-zerosTrue.jacobi 1879 1084195322
UMAP_SPARSE_FIT_BITS optimizer-n1024-d2-zerosTrue.jacobi 1880 1076950717
UMAP_SPARSE_FIT_BITS optimizer-n1024-d2-zerosTrue.jacobi 1881 1081132785
UMAP_SPARSE_FIT_BITS optimizer-n1024-d2-zerosTrue.jacobi 1882 3225147402
UMAP_SPARSE_FIT_BITS optimizer-n1024-d2-zerosTrue.jacobi 1883 3217855941
UMAP_SPARSE_FIT_BITS optimizer-n1024-d2-zerosTrue.jacobi 1884 1065638841
UMAP_SPARSE_FIT_BITS optimizer-n1024-d2-zerosTrue.jacobi 1885 1056835082
UMAP_SPARSE_FIT_BITS optimizer-n1024-d2-zerosTrue.jacobi 1886 3175062621
UMAP_SPARSE_FIT_BITS optimizer-n1024-d2-zerosTrue.jacobi 1887 3197919383
UMAP_SPARSE_FIT_BITS optimizer-n1024-d2-zerosTrue.jacobi 1888 3220898011
UMAP_SPARSE_FIT_BITS optimizer-n1024-d2-zerosTrue.jacobi 1889 3214836478
UMAP_SPARSE_FIT_BITS optimizer-n1024-d2-zerosTrue.jacobi 1890 3224116425
UMAP_SPARSE_FIT_BITS optimizer-n1024-d2-zerosTrue.jacobi 1891 3206195068
UMAP_SPARSE_FIT_BITS optimizer-n1024-d2-zerosTrue.jacobi 1892 3229792749
UMAP_SPARSE_FIT_BITS optimizer-n1024-d2-zerosTrue.jacobi 1893 3230151661
UMAP_SPARSE_FIT_BITS optimizer-n1024-d2-zerosTrue.jacobi 1894 3220294658
UMAP_SPARSE_FIT_BITS optimizer-n1024-d2-zerosTrue.jacobi 1895 1072105343
UMAP_SPARSE_FIT_BITS optimizer-n1024-d2-zerosTrue.jacobi 1896 3227691071
UMAP_SPARSE_FIT_BITS optimizer-n1024-d2-zerosTrue.jacobi 1897 3230237966
UMAP_SPARSE_FIT_BITS optimizer-n1024-d2-zerosTrue.jacobi 1898 1085148880
UMAP_SPARSE_FIT_BITS optimizer-n1024-d2-zerosTrue.jacobi 1899 1084595592
UMAP_SPARSE_FIT_BITS optimizer-n1024-d2-zerosTrue.jacobi 1900 3235953156
UMAP_SPARSE_FIT_BITS optimizer-n1024-d2-zerosTrue.jacobi 1901 3234156866
UMAP_SPARSE_FIT_BITS optimizer-n1024-d2-zerosTrue.jacobi 1902 3166914432
UMAP_SPARSE_FIT_BITS optimizer-n1024-d2-zerosTrue.jacobi 1903 1074836101
UMAP_SPARSE_FIT_BITS optimizer-n1024-d2-zerosTrue.jacobi 1904 3235314541
UMAP_SPARSE_FIT_BITS optimizer-n1024-d2-zerosTrue.jacobi 1905 3233235635
UMAP_SPARSE_FIT_BITS optimizer-n1024-d2-zerosTrue.jacobi 1906 1070970570
UMAP_SPARSE_FIT_BITS optimizer-n1024-d2-zerosTrue.jacobi 1907 1076409494
UMAP_SPARSE_FIT_BITS optimizer-n1024-d2-zerosTrue.jacobi 1908 3233545841
UMAP_SPARSE_FIT_BITS optimizer-n1024-d2-zerosTrue.jacobi 1909 3233603489
UMAP_SPARSE_FIT_BITS optimizer-n1024-d2-zerosTrue.jacobi 1910 3213292058
UMAP_SPARSE_FIT_BITS optimizer-n1024-d2-zerosTrue.jacobi 1911 3217849954
UMAP_SPARSE_FIT_BITS optimizer-n1024-d2-zerosTrue.jacobi 1912 3230084853
UMAP_SPARSE_FIT_BITS optimizer-n1024-d2-zerosTrue.jacobi 1913 3225766436
UMAP_SPARSE_FIT_BITS optimizer-n1024-d2-zerosTrue.jacobi 1914 3232250030
UMAP_SPARSE_FIT_BITS optimizer-n1024-d2-zerosTrue.jacobi 1915 3231851540
UMAP_SPARSE_FIT_BITS optimizer-n1024-d2-zerosTrue.jacobi 1916 3232570328
UMAP_SPARSE_FIT_BITS optimizer-n1024-d2-zerosTrue.jacobi 1917 3231829668
UMAP_SPARSE_FIT_BITS optimizer-n1024-d2-zerosTrue.jacobi 1918 1084740991
UMAP_SPARSE_FIT_BITS optimizer-n1024-d2-zerosTrue.jacobi 1919 1083001924
UMAP_SPARSE_FIT_BITS optimizer-n1024-d2-zerosTrue.jacobi 1920 3196993744
UMAP_SPARSE_FIT_BITS optimizer-n1024-d2-zerosTrue.jacobi 1921 1034675731
UMAP_SPARSE_FIT_BITS optimizer-n1024-d2-zerosTrue.jacobi 1922 3185620612
UMAP_SPARSE_FIT_BITS optimizer-n1024-d2-zerosTrue.jacobi 1923 3189099898
UMAP_SPARSE_FIT_BITS optimizer-n1024-d2-zerosTrue.jacobi 1924 3226330097
UMAP_SPARSE_FIT_BITS optimizer-n1024-d2-zerosTrue.jacobi 1925 3213970724
UMAP_SPARSE_FIT_BITS optimizer-n1024-d2-zerosTrue.jacobi 1926 3221091027
UMAP_SPARSE_FIT_BITS optimizer-n1024-d2-zerosTrue.jacobi 1927 1082593819
UMAP_SPARSE_FIT_BITS optimizer-n1024-d2-zerosTrue.jacobi 1928 1083464613
UMAP_SPARSE_FIT_BITS optimizer-n1024-d2-zerosTrue.jacobi 1929 1077469854
UMAP_SPARSE_FIT_BITS optimizer-n1024-d2-zerosTrue.jacobi 1930 1078600567
UMAP_SPARSE_FIT_BITS optimizer-n1024-d2-zerosTrue.jacobi 1931 1075729924
UMAP_SPARSE_FIT_BITS optimizer-n1024-d2-zerosTrue.jacobi 1932 1070121001
UMAP_SPARSE_FIT_BITS optimizer-n1024-d2-zerosTrue.jacobi 1933 1071552561
UMAP_SPARSE_FIT_BITS optimizer-n1024-d2-zerosTrue.jacobi 1934 1073751774
UMAP_SPARSE_FIT_BITS optimizer-n1024-d2-zerosTrue.jacobi 1935 1079275119
UMAP_SPARSE_FIT_BITS optimizer-n1024-d2-zerosTrue.jacobi 1936 3239877961
UMAP_SPARSE_FIT_BITS optimizer-n1024-d2-zerosTrue.jacobi 1937 3239210900
UMAP_SPARSE_FIT_BITS optimizer-n1024-d2-zerosTrue.jacobi 1938 3232519434
UMAP_SPARSE_FIT_BITS optimizer-n1024-d2-zerosTrue.jacobi 1939 3233616314
UMAP_SPARSE_FIT_BITS optimizer-n1024-d2-zerosTrue.jacobi 1940 1079443780
UMAP_SPARSE_FIT_BITS optimizer-n1024-d2-zerosTrue.jacobi 1941 1075632265
UMAP_SPARSE_FIT_BITS optimizer-n1024-d2-zerosTrue.jacobi 1942 1050881586
UMAP_SPARSE_FIT_BITS optimizer-n1024-d2-zerosTrue.jacobi 1943 1043612242
UMAP_SPARSE_FIT_BITS optimizer-n1024-d2-zerosTrue.jacobi 1944 1051955106
UMAP_SPARSE_FIT_BITS optimizer-n1024-d2-zerosTrue.jacobi 1945 1060135108
UMAP_SPARSE_FIT_BITS optimizer-n1024-d2-zerosTrue.jacobi 1946 1086996395
UMAP_SPARSE_FIT_BITS optimizer-n1024-d2-zerosTrue.jacobi 1947 1089835682
UMAP_SPARSE_FIT_BITS optimizer-n1024-d2-zerosTrue.jacobi 1948 1050272370
UMAP_SPARSE_FIT_BITS optimizer-n1024-d2-zerosTrue.jacobi 1949 1073387975
UMAP_SPARSE_FIT_BITS optimizer-n1024-d2-zerosTrue.jacobi 1950 1075959820
UMAP_SPARSE_FIT_BITS optimizer-n1024-d2-zerosTrue.jacobi 1951 1082583965
UMAP_SPARSE_FIT_BITS optimizer-n1024-d2-zerosTrue.jacobi 1952 1075694523
UMAP_SPARSE_FIT_BITS optimizer-n1024-d2-zerosTrue.jacobi 1953 1058026256
UMAP_SPARSE_FIT_BITS optimizer-n1024-d2-zerosTrue.jacobi 1954 1085238150
UMAP_SPARSE_FIT_BITS optimizer-n1024-d2-zerosTrue.jacobi 1955 1085920335
UMAP_SPARSE_FIT_BITS optimizer-n1024-d2-zerosTrue.jacobi 1956 1086603916
UMAP_SPARSE_FIT_BITS optimizer-n1024-d2-zerosTrue.jacobi 1957 1086992223
UMAP_SPARSE_FIT_BITS optimizer-n1024-d2-zerosTrue.jacobi 1958 1087154233
UMAP_SPARSE_FIT_BITS optimizer-n1024-d2-zerosTrue.jacobi 1959 1087317878
UMAP_SPARSE_FIT_BITS optimizer-n1024-d2-zerosTrue.jacobi 1960 3221953779
UMAP_SPARSE_FIT_BITS optimizer-n1024-d2-zerosTrue.jacobi 1961 3223904824
UMAP_SPARSE_FIT_BITS optimizer-n1024-d2-zerosTrue.jacobi 1962 1093162518
UMAP_SPARSE_FIT_BITS optimizer-n1024-d2-zerosTrue.jacobi 1963 1093390338
UMAP_SPARSE_FIT_BITS optimizer-n1024-d2-zerosTrue.jacobi 1964 1084133546
UMAP_SPARSE_FIT_BITS optimizer-n1024-d2-zerosTrue.jacobi 1965 1080101185
UMAP_SPARSE_FIT_BITS optimizer-n1024-d2-zerosTrue.jacobi 1966 1070428301
UMAP_SPARSE_FIT_BITS optimizer-n1024-d2-zerosTrue.jacobi 1967 1075817591
UMAP_SPARSE_FIT_BITS optimizer-n1024-d2-zerosTrue.jacobi 1968 1068083004
UMAP_SPARSE_FIT_BITS optimizer-n1024-d2-zerosTrue.jacobi 1969 1075811826
UMAP_SPARSE_FIT_BITS optimizer-n1024-d2-zerosTrue.jacobi 1970 3218339383
UMAP_SPARSE_FIT_BITS optimizer-n1024-d2-zerosTrue.jacobi 1971 3221122217
UMAP_SPARSE_FIT_BITS optimizer-n1024-d2-zerosTrue.jacobi 1972 3216869212
UMAP_SPARSE_FIT_BITS optimizer-n1024-d2-zerosTrue.jacobi 1973 1057149186
UMAP_SPARSE_FIT_BITS optimizer-n1024-d2-zerosTrue.jacobi 1974 1093460183
UMAP_SPARSE_FIT_BITS optimizer-n1024-d2-zerosTrue.jacobi 1975 1092388619
UMAP_SPARSE_FIT_BITS optimizer-n1024-d2-zerosTrue.jacobi 1976 3232779750
UMAP_SPARSE_FIT_BITS optimizer-n1024-d2-zerosTrue.jacobi 1977 3231624989
UMAP_SPARSE_FIT_BITS optimizer-n1024-d2-zerosTrue.jacobi 1978 3232678512
UMAP_SPARSE_FIT_BITS optimizer-n1024-d2-zerosTrue.jacobi 1979 3232605419
UMAP_SPARSE_FIT_BITS optimizer-n1024-d2-zerosTrue.jacobi 1980 1089278831
UMAP_SPARSE_FIT_BITS optimizer-n1024-d2-zerosTrue.jacobi 1981 1090523234
UMAP_SPARSE_FIT_BITS optimizer-n1024-d2-zerosTrue.jacobi 1982 3225232613
UMAP_SPARSE_FIT_BITS optimizer-n1024-d2-zerosTrue.jacobi 1983 3223714948
UMAP_SPARSE_FIT_BITS optimizer-n1024-d2-zerosTrue.jacobi 1984 1061762907
UMAP_SPARSE_FIT_BITS optimizer-n1024-d2-zerosTrue.jacobi 1985 3223859488
UMAP_SPARSE_FIT_BITS optimizer-n1024-d2-zerosTrue.jacobi 1986 1076653284
UMAP_SPARSE_FIT_BITS optimizer-n1024-d2-zerosTrue.jacobi 1987 1063671833
UMAP_SPARSE_FIT_BITS optimizer-n1024-d2-zerosTrue.jacobi 1988 3226841428
UMAP_SPARSE_FIT_BITS optimizer-n1024-d2-zerosTrue.jacobi 1989 3229041258
UMAP_SPARSE_FIT_BITS optimizer-n1024-d2-zerosTrue.jacobi 1990 1044197861
UMAP_SPARSE_FIT_BITS optimizer-n1024-d2-zerosTrue.jacobi 1991 1070618846
UMAP_SPARSE_FIT_BITS optimizer-n1024-d2-zerosTrue.jacobi 1992 1062651089
UMAP_SPARSE_FIT_BITS optimizer-n1024-d2-zerosTrue.jacobi 1993 1074860816
UMAP_SPARSE_FIT_BITS optimizer-n1024-d2-zerosTrue.jacobi 1994 1067289719
UMAP_SPARSE_FIT_BITS optimizer-n1024-d2-zerosTrue.jacobi 1995 1060341248
UMAP_SPARSE_FIT_BITS optimizer-n1024-d2-zerosTrue.jacobi 1996 1064732267
UMAP_SPARSE_FIT_BITS optimizer-n1024-d2-zerosTrue.jacobi 1997 1059093930
UMAP_SPARSE_FIT_BITS optimizer-n1024-d2-zerosTrue.jacobi 1998 1086263548
UMAP_SPARSE_FIT_BITS optimizer-n1024-d2-zerosTrue.jacobi 1999 1084440744
UMAP_SPARSE_FIT_BITS optimizer-n1024-d2-zerosTrue.jacobi 2000 1094936897
UMAP_SPARSE_FIT_BITS optimizer-n1024-d2-zerosTrue.jacobi 2001 1095292895
UMAP_SPARSE_FIT_BITS optimizer-n1024-d2-zerosTrue.jacobi 2002 3232569477
UMAP_SPARSE_FIT_BITS optimizer-n1024-d2-zerosTrue.jacobi 2003 3232882173
UMAP_SPARSE_FIT_BITS optimizer-n1024-d2-zerosTrue.jacobi 2004 3226343598
UMAP_SPARSE_FIT_BITS optimizer-n1024-d2-zerosTrue.jacobi 2005 3214410748
UMAP_SPARSE_FIT_BITS optimizer-n1024-d2-zerosTrue.jacobi 2006 3220242566
UMAP_SPARSE_FIT_BITS optimizer-n1024-d2-zerosTrue.jacobi 2007 3190952660
UMAP_SPARSE_FIT_BITS optimizer-n1024-d2-zerosTrue.jacobi 2008 3231303422
UMAP_SPARSE_FIT_BITS optimizer-n1024-d2-zerosTrue.jacobi 2009 3232258074
UMAP_SPARSE_FIT_BITS optimizer-n1024-d2-zerosTrue.jacobi 2010 3231094753
UMAP_SPARSE_FIT_BITS optimizer-n1024-d2-zerosTrue.jacobi 2011 3232232442
UMAP_SPARSE_FIT_BITS optimizer-n1024-d2-zerosTrue.jacobi 2012 3216606410
UMAP_SPARSE_FIT_BITS optimizer-n1024-d2-zerosTrue.jacobi 2013 3223889140
UMAP_SPARSE_FIT_BITS optimizer-n1024-d2-zerosTrue.jacobi 2014 3225404445
UMAP_SPARSE_FIT_BITS optimizer-n1024-d2-zerosTrue.jacobi 2015 3224517858
UMAP_SPARSE_FIT_BITS optimizer-n1024-d2-zerosTrue.jacobi 2016 3228282626
UMAP_SPARSE_FIT_BITS optimizer-n1024-d2-zerosTrue.jacobi 2017 3223631299
UMAP_SPARSE_FIT_BITS optimizer-n1024-d2-zerosTrue.jacobi 2018 1048126528
UMAP_SPARSE_FIT_BITS optimizer-n1024-d2-zerosTrue.jacobi 2019 3201450984
UMAP_SPARSE_FIT_BITS optimizer-n1024-d2-zerosTrue.jacobi 2020 1061519444
UMAP_SPARSE_FIT_BITS optimizer-n1024-d2-zerosTrue.jacobi 2021 3215200780
UMAP_SPARSE_FIT_BITS optimizer-n1024-d2-zerosTrue.jacobi 2022 3225627622
UMAP_SPARSE_FIT_BITS optimizer-n1024-d2-zerosTrue.jacobi 2023 3229473608
UMAP_SPARSE_FIT_BITS optimizer-n1024-d2-zerosTrue.jacobi 2024 1040915731
UMAP_SPARSE_FIT_BITS optimizer-n1024-d2-zerosTrue.jacobi 2025 1059317440
UMAP_SPARSE_FIT_BITS optimizer-n1024-d2-zerosTrue.jacobi 2026 3217787533
UMAP_SPARSE_FIT_BITS optimizer-n1024-d2-zerosTrue.jacobi 2027 3215007409
UMAP_SPARSE_FIT_BITS optimizer-n1024-d2-zerosTrue.jacobi 2028 3221309884
UMAP_SPARSE_FIT_BITS optimizer-n1024-d2-zerosTrue.jacobi 2029 3215708616
UMAP_SPARSE_FIT_BITS optimizer-n1024-d2-zerosTrue.jacobi 2030 1085538306
UMAP_SPARSE_FIT_BITS optimizer-n1024-d2-zerosTrue.jacobi 2031 1083294443
UMAP_SPARSE_FIT_BITS optimizer-n1024-d2-zerosTrue.jacobi 2032 3157850880
UMAP_SPARSE_FIT_BITS optimizer-n1024-d2-zerosTrue.jacobi 2033 3173547840
UMAP_SPARSE_FIT_BITS optimizer-n1024-d2-zerosTrue.jacobi 2034 1065397345
UMAP_SPARSE_FIT_BITS optimizer-n1024-d2-zerosTrue.jacobi 2035 1074065657
UMAP_SPARSE_FIT_BITS optimizer-n1024-d2-zerosTrue.jacobi 2036 3229800003
UMAP_SPARSE_FIT_BITS optimizer-n1024-d2-zerosTrue.jacobi 2037 3193543290
UMAP_SPARSE_FIT_BITS optimizer-n1024-d2-zerosTrue.jacobi 2038 3219630912
UMAP_SPARSE_FIT_BITS optimizer-n1024-d2-zerosTrue.jacobi 2039 3218127524
UMAP_SPARSE_FIT_BITS optimizer-n1024-d2-zerosTrue.jacobi 2040 3215792512
UMAP_SPARSE_FIT_BITS optimizer-n1024-d2-zerosTrue.jacobi 2041 3219960543
UMAP_SPARSE_FIT_BITS optimizer-n1024-d2-zerosTrue.jacobi 2042 1092607673
UMAP_SPARSE_FIT_BITS optimizer-n1024-d2-zerosTrue.jacobi 2043 1091834371
UMAP_SPARSE_FIT_BITS optimizer-n1024-d2-zerosTrue.jacobi 2044 3222449095
UMAP_SPARSE_FIT_BITS optimizer-n1024-d2-zerosTrue.jacobi 2045 3227242246
UMAP_SPARSE_FIT_BITS optimizer-n1024-d2-zerosTrue.jacobi 2046 1090743884
UMAP_SPARSE_FIT_BITS optimizer-n1024-d2-zerosTrue.jacobi 2047 1089752662
UMAP_SPARSE_FIT_BITS optimizer-n1024-d2-zerosTrue.dispatch 0 3197796391
UMAP_SPARSE_FIT_BITS optimizer-n1024-d2-zerosTrue.dispatch 1 1052645836
UMAP_SPARSE_FIT_BITS optimizer-n1024-d2-zerosTrue.dispatch 2 1073875453
UMAP_SPARSE_FIT_BITS optimizer-n1024-d2-zerosTrue.dispatch 3 1063382508
UMAP_SPARSE_FIT_BITS optimizer-n1024-d2-zerosTrue.dispatch 4 3221578055
UMAP_SPARSE_FIT_BITS optimizer-n1024-d2-zerosTrue.dispatch 5 3228619109
UMAP_SPARSE_FIT_BITS optimizer-n1024-d2-zerosTrue.dispatch 6 1086361714
UMAP_SPARSE_FIT_BITS optimizer-n1024-d2-zerosTrue.dispatch 7 1084005635
UMAP_SPARSE_FIT_BITS optimizer-n1024-d2-zerosTrue.dispatch 8 3214048170
UMAP_SPARSE_FIT_BITS optimizer-n1024-d2-zerosTrue.dispatch 9 3214251484
UMAP_SPARSE_FIT_BITS optimizer-n1024-d2-zerosTrue.dispatch 10 3237646081
UMAP_SPARSE_FIT_BITS optimizer-n1024-d2-zerosTrue.dispatch 11 3235993379
UMAP_SPARSE_FIT_BITS optimizer-n1024-d2-zerosTrue.dispatch 12 1080969867
UMAP_SPARSE_FIT_BITS optimizer-n1024-d2-zerosTrue.dispatch 13 1074674241
UMAP_SPARSE_FIT_BITS optimizer-n1024-d2-zerosTrue.dispatch 14 1062373325
UMAP_SPARSE_FIT_BITS optimizer-n1024-d2-zerosTrue.dispatch 15 1054240794
UMAP_SPARSE_FIT_BITS optimizer-n1024-d2-zerosTrue.dispatch 16 1049581824
UMAP_SPARSE_FIT_BITS optimizer-n1024-d2-zerosTrue.dispatch 17 3190877808
UMAP_SPARSE_FIT_BITS optimizer-n1024-d2-zerosTrue.dispatch 18 3209086632
UMAP_SPARSE_FIT_BITS optimizer-n1024-d2-zerosTrue.dispatch 19 3204202833
UMAP_SPARSE_FIT_BITS optimizer-n1024-d2-zerosTrue.dispatch 20 3218081425
UMAP_SPARSE_FIT_BITS optimizer-n1024-d2-zerosTrue.dispatch 21 3213894736
UMAP_SPARSE_FIT_BITS optimizer-n1024-d2-zerosTrue.dispatch 22 1088959512
UMAP_SPARSE_FIT_BITS optimizer-n1024-d2-zerosTrue.dispatch 23 1088881777
UMAP_SPARSE_FIT_BITS optimizer-n1024-d2-zerosTrue.dispatch 24 1067245404
UMAP_SPARSE_FIT_BITS optimizer-n1024-d2-zerosTrue.dispatch 25 1077687788
UMAP_SPARSE_FIT_BITS optimizer-n1024-d2-zerosTrue.dispatch 26 1078861532
UMAP_SPARSE_FIT_BITS optimizer-n1024-d2-zerosTrue.dispatch 27 1067566533
UMAP_SPARSE_FIT_BITS optimizer-n1024-d2-zerosTrue.dispatch 28 1076197016
UMAP_SPARSE_FIT_BITS optimizer-n1024-d2-zerosTrue.dispatch 29 1078488222
UMAP_SPARSE_FIT_BITS optimizer-n1024-d2-zerosTrue.dispatch 30 1076160350
UMAP_SPARSE_FIT_BITS optimizer-n1024-d2-zerosTrue.dispatch 31 1079807100
UMAP_SPARSE_FIT_BITS optimizer-n1024-d2-zerosTrue.dispatch 32 1081464947
UMAP_SPARSE_FIT_BITS optimizer-n1024-d2-zerosTrue.dispatch 33 1088137818
UMAP_SPARSE_FIT_BITS optimizer-n1024-d2-zerosTrue.dispatch 34 3239382708
UMAP_SPARSE_FIT_BITS optimizer-n1024-d2-zerosTrue.dispatch 35 3237151384
UMAP_SPARSE_FIT_BITS optimizer-n1024-d2-zerosTrue.dispatch 36 1063169261
UMAP_SPARSE_FIT_BITS optimizer-n1024-d2-zerosTrue.dispatch 37 1084127890
UMAP_SPARSE_FIT_BITS optimizer-n1024-d2-zerosTrue.dispatch 38 1064015263
UMAP_SPARSE_FIT_BITS optimizer-n1024-d2-zerosTrue.dispatch 39 3222964597
UMAP_SPARSE_FIT_BITS optimizer-n1024-d2-zerosTrue.dispatch 40 3212214726
UMAP_SPARSE_FIT_BITS optimizer-n1024-d2-zerosTrue.dispatch 41 3217065250
UMAP_SPARSE_FIT_BITS optimizer-n1024-d2-zerosTrue.dispatch 42 3230643112
UMAP_SPARSE_FIT_BITS optimizer-n1024-d2-zerosTrue.dispatch 43 3229381778
UMAP_SPARSE_FIT_BITS optimizer-n1024-d2-zerosTrue.dispatch 44 3213617106
UMAP_SPARSE_FIT_BITS optimizer-n1024-d2-zerosTrue.dispatch 45 3198841601
UMAP_SPARSE_FIT_BITS optimizer-n1024-d2-zerosTrue.dispatch 46 3214354523
UMAP_SPARSE_FIT_BITS optimizer-n1024-d2-zerosTrue.dispatch 47 3197044572
UMAP_SPARSE_FIT_BITS optimizer-n1024-d2-zerosTrue.dispatch 48 3214153728
UMAP_SPARSE_FIT_BITS optimizer-n1024-d2-zerosTrue.dispatch 49 3230290160
UMAP_SPARSE_FIT_BITS optimizer-n1024-d2-zerosTrue.dispatch 50 1057768388
UMAP_SPARSE_FIT_BITS optimizer-n1024-d2-zerosTrue.dispatch 51 3209349252
UMAP_SPARSE_FIT_BITS optimizer-n1024-d2-zerosTrue.dispatch 52 1099036589
UMAP_SPARSE_FIT_BITS optimizer-n1024-d2-zerosTrue.dispatch 53 1099345764
UMAP_SPARSE_FIT_BITS optimizer-n1024-d2-zerosTrue.dispatch 54 1062067864
UMAP_SPARSE_FIT_BITS optimizer-n1024-d2-zerosTrue.dispatch 55 1074421668
UMAP_SPARSE_FIT_BITS optimizer-n1024-d2-zerosTrue.dispatch 56 1083028914
UMAP_SPARSE_FIT_BITS optimizer-n1024-d2-zerosTrue.dispatch 57 1074140825
UMAP_SPARSE_FIT_BITS optimizer-n1024-d2-zerosTrue.dispatch 58 1086222352
UMAP_SPARSE_FIT_BITS optimizer-n1024-d2-zerosTrue.dispatch 59 1078772005
UMAP_SPARSE_FIT_BITS optimizer-n1024-d2-zerosTrue.dispatch 60 1091332538
UMAP_SPARSE_FIT_BITS optimizer-n1024-d2-zerosTrue.dispatch 61 1090664760
UMAP_SPARSE_FIT_BITS optimizer-n1024-d2-zerosTrue.dispatch 62 1085975443
UMAP_SPARSE_FIT_BITS optimizer-n1024-d2-zerosTrue.dispatch 63 1086731425
UMAP_SPARSE_FIT_BITS optimizer-n1024-d2-zerosTrue.dispatch 64 3235003272
UMAP_SPARSE_FIT_BITS optimizer-n1024-d2-zerosTrue.dispatch 65 3232712310
UMAP_SPARSE_FIT_BITS optimizer-n1024-d2-zerosTrue.dispatch 66 1084357139
UMAP_SPARSE_FIT_BITS optimizer-n1024-d2-zerosTrue.dispatch 67 1086885528
UMAP_SPARSE_FIT_BITS optimizer-n1024-d2-zerosTrue.dispatch 68 3231237037
UMAP_SPARSE_FIT_BITS optimizer-n1024-d2-zerosTrue.dispatch 69 3229983964
UMAP_SPARSE_FIT_BITS optimizer-n1024-d2-zerosTrue.dispatch 70 3200597744
UMAP_SPARSE_FIT_BITS optimizer-n1024-d2-zerosTrue.dispatch 71 1062342263
UMAP_SPARSE_FIT_BITS optimizer-n1024-d2-zerosTrue.dispatch 72 3220514420
UMAP_SPARSE_FIT_BITS optimizer-n1024-d2-zerosTrue.dispatch 73 3232670714
UMAP_SPARSE_FIT_BITS optimizer-n1024-d2-zerosTrue.dispatch 74 3231826040
UMAP_SPARSE_FIT_BITS optimizer-n1024-d2-zerosTrue.dispatch 75 3231413782
UMAP_SPARSE_FIT_BITS optimizer-n1024-d2-zerosTrue.dispatch 76 1082129553
UMAP_SPARSE_FIT_BITS optimizer-n1024-d2-zerosTrue.dispatch 77 1088044206
UMAP_SPARSE_FIT_BITS optimizer-n1024-d2-zerosTrue.dispatch 78 3238738335
UMAP_SPARSE_FIT_BITS optimizer-n1024-d2-zerosTrue.dispatch 79 3238081351
UMAP_SPARSE_FIT_BITS optimizer-n1024-d2-zerosTrue.dispatch 80 3241150515
UMAP_SPARSE_FIT_BITS optimizer-n1024-d2-zerosTrue.dispatch 81 3241927085
UMAP_SPARSE_FIT_BITS optimizer-n1024-d2-zerosTrue.dispatch 82 1074109652
UMAP_SPARSE_FIT_BITS optimizer-n1024-d2-zerosTrue.dispatch 83 3209352824
UMAP_SPARSE_FIT_BITS optimizer-n1024-d2-zerosTrue.dispatch 84 3228795528
UMAP_SPARSE_FIT_BITS optimizer-n1024-d2-zerosTrue.dispatch 85 3230380511
UMAP_SPARSE_FIT_BITS optimizer-n1024-d2-zerosTrue.dispatch 86 1061877473
UMAP_SPARSE_FIT_BITS optimizer-n1024-d2-zerosTrue.dispatch 87 1073763166
UMAP_SPARSE_FIT_BITS optimizer-n1024-d2-zerosTrue.dispatch 88 1058947926
UMAP_SPARSE_FIT_BITS optimizer-n1024-d2-zerosTrue.dispatch 89 1074509170
UMAP_SPARSE_FIT_BITS optimizer-n1024-d2-zerosTrue.dispatch 90 1074609040
UMAP_SPARSE_FIT_BITS optimizer-n1024-d2-zerosTrue.dispatch 91 1076164904
UMAP_SPARSE_FIT_BITS optimizer-n1024-d2-zerosTrue.dispatch 92 1088472406
UMAP_SPARSE_FIT_BITS optimizer-n1024-d2-zerosTrue.dispatch 93 1085817133
UMAP_SPARSE_FIT_BITS optimizer-n1024-d2-zerosTrue.dispatch 94 1067061170
UMAP_SPARSE_FIT_BITS optimizer-n1024-d2-zerosTrue.dispatch 95 1057567936
UMAP_SPARSE_FIT_BITS optimizer-n1024-d2-zerosTrue.dispatch 96 1096330307
UMAP_SPARSE_FIT_BITS optimizer-n1024-d2-zerosTrue.dispatch 97 1096924359
UMAP_SPARSE_FIT_BITS optimizer-n1024-d2-zerosTrue.dispatch 98 3214795906
UMAP_SPARSE_FIT_BITS optimizer-n1024-d2-zerosTrue.dispatch 99 1071908922
UMAP_SPARSE_FIT_BITS optimizer-n1024-d2-zerosTrue.dispatch 100 3215866354
UMAP_SPARSE_FIT_BITS optimizer-n1024-d2-zerosTrue.dispatch 101 1050350463
UMAP_SPARSE_FIT_BITS optimizer-n1024-d2-zerosTrue.dispatch 102 3229099889
UMAP_SPARSE_FIT_BITS optimizer-n1024-d2-zerosTrue.dispatch 103 3228977938
UMAP_SPARSE_FIT_BITS optimizer-n1024-d2-zerosTrue.dispatch 104 1073049675
UMAP_SPARSE_FIT_BITS optimizer-n1024-d2-zerosTrue.dispatch 105 1067627528
UMAP_SPARSE_FIT_BITS optimizer-n1024-d2-zerosTrue.dispatch 106 3216678894
UMAP_SPARSE_FIT_BITS optimizer-n1024-d2-zerosTrue.dispatch 107 3227494150
UMAP_SPARSE_FIT_BITS optimizer-n1024-d2-zerosTrue.dispatch 108 1056354151
UMAP_SPARSE_FIT_BITS optimizer-n1024-d2-zerosTrue.dispatch 109 1053367685
UMAP_SPARSE_FIT_BITS optimizer-n1024-d2-zerosTrue.dispatch 110 1080313057
UMAP_SPARSE_FIT_BITS optimizer-n1024-d2-zerosTrue.dispatch 111 1085156741
UMAP_SPARSE_FIT_BITS optimizer-n1024-d2-zerosTrue.dispatch 112 3212069934
UMAP_SPARSE_FIT_BITS optimizer-n1024-d2-zerosTrue.dispatch 113 3212595840
UMAP_SPARSE_FIT_BITS optimizer-n1024-d2-zerosTrue.dispatch 114 1083936986
UMAP_SPARSE_FIT_BITS optimizer-n1024-d2-zerosTrue.dispatch 115 3217551590
UMAP_SPARSE_FIT_BITS optimizer-n1024-d2-zerosTrue.dispatch 116 1083296798
UMAP_SPARSE_FIT_BITS optimizer-n1024-d2-zerosTrue.dispatch 117 1080000746
UMAP_SPARSE_FIT_BITS optimizer-n1024-d2-zerosTrue.dispatch 118 1082823445
UMAP_SPARSE_FIT_BITS optimizer-n1024-d2-zerosTrue.dispatch 119 1079478241
UMAP_SPARSE_FIT_BITS optimizer-n1024-d2-zerosTrue.dispatch 120 1088102698
UMAP_SPARSE_FIT_BITS optimizer-n1024-d2-zerosTrue.dispatch 121 1090904254
UMAP_SPARSE_FIT_BITS optimizer-n1024-d2-zerosTrue.dispatch 122 3229851153
UMAP_SPARSE_FIT_BITS optimizer-n1024-d2-zerosTrue.dispatch 123 3228966060
UMAP_SPARSE_FIT_BITS optimizer-n1024-d2-zerosTrue.dispatch 124 1089953536
UMAP_SPARSE_FIT_BITS optimizer-n1024-d2-zerosTrue.dispatch 125 1086552358
UMAP_SPARSE_FIT_BITS optimizer-n1024-d2-zerosTrue.dispatch 126 1089496818
UMAP_SPARSE_FIT_BITS optimizer-n1024-d2-zerosTrue.dispatch 127 1084439327
UMAP_SPARSE_FIT_BITS optimizer-n1024-d2-zerosTrue.dispatch 128 1082916702
UMAP_SPARSE_FIT_BITS optimizer-n1024-d2-zerosTrue.dispatch 129 1083000434
UMAP_SPARSE_FIT_BITS optimizer-n1024-d2-zerosTrue.dispatch 130 1082615896
UMAP_SPARSE_FIT_BITS optimizer-n1024-d2-zerosTrue.dispatch 131 1083415022
UMAP_SPARSE_FIT_BITS optimizer-n1024-d2-zerosTrue.dispatch 132 3238618958
UMAP_SPARSE_FIT_BITS optimizer-n1024-d2-zerosTrue.dispatch 133 3235600090
UMAP_SPARSE_FIT_BITS optimizer-n1024-d2-zerosTrue.dispatch 134 3238615843
UMAP_SPARSE_FIT_BITS optimizer-n1024-d2-zerosTrue.dispatch 135 3235656994
UMAP_SPARSE_FIT_BITS optimizer-n1024-d2-zerosTrue.dispatch 136 3243966718
UMAP_SPARSE_FIT_BITS optimizer-n1024-d2-zerosTrue.dispatch 137 3243358856
UMAP_SPARSE_FIT_BITS optimizer-n1024-d2-zerosTrue.dispatch 138 1069062523
UMAP_SPARSE_FIT_BITS optimizer-n1024-d2-zerosTrue.dispatch 139 1069175646
UMAP_SPARSE_FIT_BITS optimizer-n1024-d2-zerosTrue.dispatch 140 3220730807
UMAP_SPARSE_FIT_BITS optimizer-n1024-d2-zerosTrue.dispatch 141 3225397360
UMAP_SPARSE_FIT_BITS optimizer-n1024-d2-zerosTrue.dispatch 142 3221013442
UMAP_SPARSE_FIT_BITS optimizer-n1024-d2-zerosTrue.dispatch 143 3224759657
UMAP_SPARSE_FIT_BITS optimizer-n1024-d2-zerosTrue.dispatch 144 3214639060
UMAP_SPARSE_FIT_BITS optimizer-n1024-d2-zerosTrue.dispatch 145 3171987264
UMAP_SPARSE_FIT_BITS optimizer-n1024-d2-zerosTrue.dispatch 146 3229922256
UMAP_SPARSE_FIT_BITS optimizer-n1024-d2-zerosTrue.dispatch 147 3226347393
UMAP_SPARSE_FIT_BITS optimizer-n1024-d2-zerosTrue.dispatch 148 3230149310
UMAP_SPARSE_FIT_BITS optimizer-n1024-d2-zerosTrue.dispatch 149 3226596768
UMAP_SPARSE_FIT_BITS optimizer-n1024-d2-zerosTrue.dispatch 150 1085341165
UMAP_SPARSE_FIT_BITS optimizer-n1024-d2-zerosTrue.dispatch 151 1083438710
UMAP_SPARSE_FIT_BITS optimizer-n1024-d2-zerosTrue.dispatch 152 1085175555
UMAP_SPARSE_FIT_BITS optimizer-n1024-d2-zerosTrue.dispatch 153 1083059426
UMAP_SPARSE_FIT_BITS optimizer-n1024-d2-zerosTrue.dispatch 154 3198865947
UMAP_SPARSE_FIT_BITS optimizer-n1024-d2-zerosTrue.dispatch 155 1061147716
UMAP_SPARSE_FIT_BITS optimizer-n1024-d2-zerosTrue.dispatch 156 3198760214
UMAP_SPARSE_FIT_BITS optimizer-n1024-d2-zerosTrue.dispatch 157 1059315168
UMAP_SPARSE_FIT_BITS optimizer-n1024-d2-zerosTrue.dispatch 158 3207853326
UMAP_SPARSE_FIT_BITS optimizer-n1024-d2-zerosTrue.dispatch 159 3189620632
UMAP_SPARSE_FIT_BITS optimizer-n1024-d2-zerosTrue.dispatch 160 1083789930
UMAP_SPARSE_FIT_BITS optimizer-n1024-d2-zerosTrue.dispatch 161 1080820235
UMAP_SPARSE_FIT_BITS optimizer-n1024-d2-zerosTrue.dispatch 162 1083513004
UMAP_SPARSE_FIT_BITS optimizer-n1024-d2-zerosTrue.dispatch 163 1080447679
UMAP_SPARSE_FIT_BITS optimizer-n1024-d2-zerosTrue.dispatch 164 1093067770
UMAP_SPARSE_FIT_BITS optimizer-n1024-d2-zerosTrue.dispatch 165 1093915116
UMAP_SPARSE_FIT_BITS optimizer-n1024-d2-zerosTrue.dispatch 166 3229759323
UMAP_SPARSE_FIT_BITS optimizer-n1024-d2-zerosTrue.dispatch 167 1023750252
UMAP_SPARSE_FIT_BITS optimizer-n1024-d2-zerosTrue.dispatch 168 1089521908
UMAP_SPARSE_FIT_BITS optimizer-n1024-d2-zerosTrue.dispatch 169 1091909031
UMAP_SPARSE_FIT_BITS optimizer-n1024-d2-zerosTrue.dispatch 170 3204616680
UMAP_SPARSE_FIT_BITS optimizer-n1024-d2-zerosTrue.dispatch 171 1062375603
UMAP_SPARSE_FIT_BITS optimizer-n1024-d2-zerosTrue.dispatch 172 3232193470
UMAP_SPARSE_FIT_BITS optimizer-n1024-d2-zerosTrue.dispatch 173 3233399558
UMAP_SPARSE_FIT_BITS optimizer-n1024-d2-zerosTrue.dispatch 174 3232040866
UMAP_SPARSE_FIT_BITS optimizer-n1024-d2-zerosTrue.dispatch 175 3224921805
UMAP_SPARSE_FIT_BITS optimizer-n1024-d2-zerosTrue.dispatch 176 3222296307
UMAP_SPARSE_FIT_BITS optimizer-n1024-d2-zerosTrue.dispatch 177 3229496110
UMAP_SPARSE_FIT_BITS optimizer-n1024-d2-zerosTrue.dispatch 178 1093437144
UMAP_SPARSE_FIT_BITS optimizer-n1024-d2-zerosTrue.dispatch 179 1091494782
UMAP_SPARSE_FIT_BITS optimizer-n1024-d2-zerosTrue.dispatch 180 3216347309
UMAP_SPARSE_FIT_BITS optimizer-n1024-d2-zerosTrue.dispatch 181 3216924032
UMAP_SPARSE_FIT_BITS optimizer-n1024-d2-zerosTrue.dispatch 182 3220025928
UMAP_SPARSE_FIT_BITS optimizer-n1024-d2-zerosTrue.dispatch 183 3214773659
UMAP_SPARSE_FIT_BITS optimizer-n1024-d2-zerosTrue.dispatch 184 1066734306
UMAP_SPARSE_FIT_BITS optimizer-n1024-d2-zerosTrue.dispatch 185 1068394280
UMAP_SPARSE_FIT_BITS optimizer-n1024-d2-zerosTrue.dispatch 186 1093923943
UMAP_SPARSE_FIT_BITS optimizer-n1024-d2-zerosTrue.dispatch 187 1093877131
UMAP_SPARSE_FIT_BITS optimizer-n1024-d2-zerosTrue.dispatch 188 1080320352
UMAP_SPARSE_FIT_BITS optimizer-n1024-d2-zerosTrue.dispatch 189 3218534204
UMAP_SPARSE_FIT_BITS optimizer-n1024-d2-zerosTrue.dispatch 190 3234489468
UMAP_SPARSE_FIT_BITS optimizer-n1024-d2-zerosTrue.dispatch 191 3231210841
UMAP_SPARSE_FIT_BITS optimizer-n1024-d2-zerosTrue.dispatch 192 1093261620
UMAP_SPARSE_FIT_BITS optimizer-n1024-d2-zerosTrue.dispatch 193 1093324333
UMAP_SPARSE_FIT_BITS optimizer-n1024-d2-zerosTrue.dispatch 194 1076565034
UMAP_SPARSE_FIT_BITS optimizer-n1024-d2-zerosTrue.dispatch 195 1055630260
UMAP_SPARSE_FIT_BITS optimizer-n1024-d2-zerosTrue.dispatch 196 3230492138
UMAP_SPARSE_FIT_BITS optimizer-n1024-d2-zerosTrue.dispatch 197 3233305714
UMAP_SPARSE_FIT_BITS optimizer-n1024-d2-zerosTrue.dispatch 198 1094601830
UMAP_SPARSE_FIT_BITS optimizer-n1024-d2-zerosTrue.dispatch 199 1095507539
UMAP_SPARSE_FIT_BITS optimizer-n1024-d2-zerosTrue.dispatch 200 3230226192
UMAP_SPARSE_FIT_BITS optimizer-n1024-d2-zerosTrue.dispatch 201 3225403175
UMAP_SPARSE_FIT_BITS optimizer-n1024-d2-zerosTrue.dispatch 202 1083635620
UMAP_SPARSE_FIT_BITS optimizer-n1024-d2-zerosTrue.dispatch 203 1086150701
UMAP_SPARSE_FIT_BITS optimizer-n1024-d2-zerosTrue.dispatch 204 3241890688
UMAP_SPARSE_FIT_BITS optimizer-n1024-d2-zerosTrue.dispatch 205 3241055695
UMAP_SPARSE_FIT_BITS optimizer-n1024-d2-zerosTrue.dispatch 206 1080016378
UMAP_SPARSE_FIT_BITS optimizer-n1024-d2-zerosTrue.dispatch 207 1084164934
UMAP_SPARSE_FIT_BITS optimizer-n1024-d2-zerosTrue.dispatch 208 1058184996
UMAP_SPARSE_FIT_BITS optimizer-n1024-d2-zerosTrue.dispatch 209 3221698528
UMAP_SPARSE_FIT_BITS optimizer-n1024-d2-zerosTrue.dispatch 210 1079904513
UMAP_SPARSE_FIT_BITS optimizer-n1024-d2-zerosTrue.dispatch 211 1038045014
UMAP_SPARSE_FIT_BITS optimizer-n1024-d2-zerosTrue.dispatch 212 3212737067
UMAP_SPARSE_FIT_BITS optimizer-n1024-d2-zerosTrue.dispatch 213 3154246936
UMAP_SPARSE_FIT_BITS optimizer-n1024-d2-zerosTrue.dispatch 214 1074694315
UMAP_SPARSE_FIT_BITS optimizer-n1024-d2-zerosTrue.dispatch 215 1078833530
UMAP_SPARSE_FIT_BITS optimizer-n1024-d2-zerosTrue.dispatch 216 1083035891
UMAP_SPARSE_FIT_BITS optimizer-n1024-d2-zerosTrue.dispatch 217 1078447177
UMAP_SPARSE_FIT_BITS optimizer-n1024-d2-zerosTrue.dispatch 218 3220860880
UMAP_SPARSE_FIT_BITS optimizer-n1024-d2-zerosTrue.dispatch 219 3221727359
UMAP_SPARSE_FIT_BITS optimizer-n1024-d2-zerosTrue.dispatch 220 3172358528
UMAP_SPARSE_FIT_BITS optimizer-n1024-d2-zerosTrue.dispatch 221 3217600961
UMAP_SPARSE_FIT_BITS optimizer-n1024-d2-zerosTrue.dispatch 222 3209317612
UMAP_SPARSE_FIT_BITS optimizer-n1024-d2-zerosTrue.dispatch 223 1060075536
UMAP_SPARSE_FIT_BITS optimizer-n1024-d2-zerosTrue.dispatch 224 3229848134
UMAP_SPARSE_FIT_BITS optimizer-n1024-d2-zerosTrue.dispatch 225 3222741307
UMAP_SPARSE_FIT_BITS optimizer-n1024-d2-zerosTrue.dispatch 226 3180105659
UMAP_SPARSE_FIT_BITS optimizer-n1024-d2-zerosTrue.dispatch 227 3221423012
UMAP_SPARSE_FIT_BITS optimizer-n1024-d2-zerosTrue.dispatch 228 1075245466
UMAP_SPARSE_FIT_BITS optimizer-n1024-d2-zerosTrue.dispatch 229 3215713837
UMAP_SPARSE_FIT_BITS optimizer-n1024-d2-zerosTrue.dispatch 230 1091403424
UMAP_SPARSE_FIT_BITS optimizer-n1024-d2-zerosTrue.dispatch 231 1090773973
UMAP_SPARSE_FIT_BITS optimizer-n1024-d2-zerosTrue.dispatch 232 1084367323
UMAP_SPARSE_FIT_BITS optimizer-n1024-d2-zerosTrue.dispatch 233 1086924574
UMAP_SPARSE_FIT_BITS optimizer-n1024-d2-zerosTrue.dispatch 234 3229154222
UMAP_SPARSE_FIT_BITS optimizer-n1024-d2-zerosTrue.dispatch 235 999672768
UMAP_SPARSE_FIT_BITS optimizer-n1024-d2-zerosTrue.dispatch 236 1089015848
UMAP_SPARSE_FIT_BITS optimizer-n1024-d2-zerosTrue.dispatch 237 1090963667
UMAP_SPARSE_FIT_BITS optimizer-n1024-d2-zerosTrue.dispatch 238 3217139848
UMAP_SPARSE_FIT_BITS optimizer-n1024-d2-zerosTrue.dispatch 239 3221474931
UMAP_SPARSE_FIT_BITS optimizer-n1024-d2-zerosTrue.dispatch 240 3240750726
UMAP_SPARSE_FIT_BITS optimizer-n1024-d2-zerosTrue.dispatch 241 3240894210
UMAP_SPARSE_FIT_BITS optimizer-n1024-d2-zerosTrue.dispatch 242 3206014470
UMAP_SPARSE_FIT_BITS optimizer-n1024-d2-zerosTrue.dispatch 243 3223000847
UMAP_SPARSE_FIT_BITS optimizer-n1024-d2-zerosTrue.dispatch 244 1070574770
UMAP_SPARSE_FIT_BITS optimizer-n1024-d2-zerosTrue.dispatch 245 1064984283
UMAP_SPARSE_FIT_BITS optimizer-n1024-d2-zerosTrue.dispatch 246 1072538557
UMAP_SPARSE_FIT_BITS optimizer-n1024-d2-zerosTrue.dispatch 247 1064742235
UMAP_SPARSE_FIT_BITS optimizer-n1024-d2-zerosTrue.dispatch 248 1075027240
UMAP_SPARSE_FIT_BITS optimizer-n1024-d2-zerosTrue.dispatch 249 1067000567
UMAP_SPARSE_FIT_BITS optimizer-n1024-d2-zerosTrue.dispatch 250 1083633564
UMAP_SPARSE_FIT_BITS optimizer-n1024-d2-zerosTrue.dispatch 251 1092175375
UMAP_SPARSE_FIT_BITS optimizer-n1024-d2-zerosTrue.dispatch 252 1091574122
UMAP_SPARSE_FIT_BITS optimizer-n1024-d2-zerosTrue.dispatch 253 1090005868
UMAP_SPARSE_FIT_BITS optimizer-n1024-d2-zerosTrue.dispatch 254 1067537459
UMAP_SPARSE_FIT_BITS optimizer-n1024-d2-zerosTrue.dispatch 255 1067837594
UMAP_SPARSE_FIT_BITS optimizer-n1024-d2-zerosTrue.dispatch 256 3227191187
UMAP_SPARSE_FIT_BITS optimizer-n1024-d2-zerosTrue.dispatch 257 1069630357
UMAP_SPARSE_FIT_BITS optimizer-n1024-d2-zerosTrue.dispatch 258 3222166954
UMAP_SPARSE_FIT_BITS optimizer-n1024-d2-zerosTrue.dispatch 259 1067825037
UMAP_SPARSE_FIT_BITS optimizer-n1024-d2-zerosTrue.dispatch 260 1082340390
UMAP_SPARSE_FIT_BITS optimizer-n1024-d2-zerosTrue.dispatch 261 1086091139
UMAP_SPARSE_FIT_BITS optimizer-n1024-d2-zerosTrue.dispatch 262 1095372014
UMAP_SPARSE_FIT_BITS optimizer-n1024-d2-zerosTrue.dispatch 263 1093940989
UMAP_SPARSE_FIT_BITS optimizer-n1024-d2-zerosTrue.dispatch 264 3242634849
UMAP_SPARSE_FIT_BITS optimizer-n1024-d2-zerosTrue.dispatch 265 3242851420
UMAP_SPARSE_FIT_BITS optimizer-n1024-d2-zerosTrue.dispatch 266 1070922841
UMAP_SPARSE_FIT_BITS optimizer-n1024-d2-zerosTrue.dispatch 267 1075743760
UMAP_SPARSE_FIT_BITS optimizer-n1024-d2-zerosTrue.dispatch 268 3225209846
UMAP_SPARSE_FIT_BITS optimizer-n1024-d2-zerosTrue.dispatch 269 3215873936
UMAP_SPARSE_FIT_BITS optimizer-n1024-d2-zerosTrue.dispatch 270 1060369371
UMAP_SPARSE_FIT_BITS optimizer-n1024-d2-zerosTrue.dispatch 271 1078635473
UMAP_SPARSE_FIT_BITS optimizer-n1024-d2-zerosTrue.dispatch 272 3225749806
UMAP_SPARSE_FIT_BITS optimizer-n1024-d2-zerosTrue.dispatch 273 3228561202
UMAP_SPARSE_FIT_BITS optimizer-n1024-d2-zerosTrue.dispatch 274 3221595606
UMAP_SPARSE_FIT_BITS optimizer-n1024-d2-zerosTrue.dispatch 275 1045958475
UMAP_SPARSE_FIT_BITS optimizer-n1024-d2-zerosTrue.dispatch 276 3242798162
UMAP_SPARSE_FIT_BITS optimizer-n1024-d2-zerosTrue.dispatch 277 3243238577
UMAP_SPARSE_FIT_BITS optimizer-n1024-d2-zerosTrue.dispatch 278 1093009899
UMAP_SPARSE_FIT_BITS optimizer-n1024-d2-zerosTrue.dispatch 279 1092079798
UMAP_SPARSE_FIT_BITS optimizer-n1024-d2-zerosTrue.dispatch 280 1082802911
UMAP_SPARSE_FIT_BITS optimizer-n1024-d2-zerosTrue.dispatch 281 1086256784
UMAP_SPARSE_FIT_BITS optimizer-n1024-d2-zerosTrue.dispatch 282 3236017185
UMAP_SPARSE_FIT_BITS optimizer-n1024-d2-zerosTrue.dispatch 283 3232944380
UMAP_SPARSE_FIT_BITS optimizer-n1024-d2-zerosTrue.dispatch 284 1081394556
UMAP_SPARSE_FIT_BITS optimizer-n1024-d2-zerosTrue.dispatch 285 1078522723
UMAP_SPARSE_FIT_BITS optimizer-n1024-d2-zerosTrue.dispatch 286 1083941403
UMAP_SPARSE_FIT_BITS optimizer-n1024-d2-zerosTrue.dispatch 287 1079289915
UMAP_SPARSE_FIT_BITS optimizer-n1024-d2-zerosTrue.dispatch 288 1060394770
UMAP_SPARSE_FIT_BITS optimizer-n1024-d2-zerosTrue.dispatch 289 3179191312
UMAP_SPARSE_FIT_BITS optimizer-n1024-d2-zerosTrue.dispatch 290 1078624832
UMAP_SPARSE_FIT_BITS optimizer-n1024-d2-zerosTrue.dispatch 291 1082953220
UMAP_SPARSE_FIT_BITS optimizer-n1024-d2-zerosTrue.dispatch 292 3180114218
UMAP_SPARSE_FIT_BITS optimizer-n1024-d2-zerosTrue.dispatch 293 1080037910
UMAP_SPARSE_FIT_BITS optimizer-n1024-d2-zerosTrue.dispatch 294 1083742230
UMAP_SPARSE_FIT_BITS optimizer-n1024-d2-zerosTrue.dispatch 295 1081542549
UMAP_SPARSE_FIT_BITS optimizer-n1024-d2-zerosTrue.dispatch 296 1074945453
UMAP_SPARSE_FIT_BITS optimizer-n1024-d2-zerosTrue.dispatch 297 3215304200
UMAP_SPARSE_FIT_BITS optimizer-n1024-d2-zerosTrue.dispatch 298 1091476006
UMAP_SPARSE_FIT_BITS optimizer-n1024-d2-zerosTrue.dispatch 299 1090822797
UMAP_SPARSE_FIT_BITS optimizer-n1024-d2-zerosTrue.dispatch 300 1093974273
UMAP_SPARSE_FIT_BITS optimizer-n1024-d2-zerosTrue.dispatch 301 1096582189
UMAP_SPARSE_FIT_BITS optimizer-n1024-d2-zerosTrue.dispatch 302 3237736960
UMAP_SPARSE_FIT_BITS optimizer-n1024-d2-zerosTrue.dispatch 303 3236002453
UMAP_SPARSE_FIT_BITS optimizer-n1024-d2-zerosTrue.dispatch 304 3228345529
UMAP_SPARSE_FIT_BITS optimizer-n1024-d2-zerosTrue.dispatch 305 3213285778
UMAP_SPARSE_FIT_BITS optimizer-n1024-d2-zerosTrue.dispatch 306 3241276410
UMAP_SPARSE_FIT_BITS optimizer-n1024-d2-zerosTrue.dispatch 307 3240639266
UMAP_SPARSE_FIT_BITS optimizer-n1024-d2-zerosTrue.dispatch 308 3204511047
UMAP_SPARSE_FIT_BITS optimizer-n1024-d2-zerosTrue.dispatch 309 3208822957
UMAP_SPARSE_FIT_BITS optimizer-n1024-d2-zerosTrue.dispatch 310 3206916650
UMAP_SPARSE_FIT_BITS optimizer-n1024-d2-zerosTrue.dispatch 311 3212556664
UMAP_SPARSE_FIT_BITS optimizer-n1024-d2-zerosTrue.dispatch 312 3206425550
UMAP_SPARSE_FIT_BITS optimizer-n1024-d2-zerosTrue.dispatch 313 3210876492
UMAP_SPARSE_FIT_BITS optimizer-n1024-d2-zerosTrue.dispatch 314 1074822302
UMAP_SPARSE_FIT_BITS optimizer-n1024-d2-zerosTrue.dispatch 315 1078945703
UMAP_SPARSE_FIT_BITS optimizer-n1024-d2-zerosTrue.dispatch 316 3237767884
UMAP_SPARSE_FIT_BITS optimizer-n1024-d2-zerosTrue.dispatch 317 3236918706
UMAP_SPARSE_FIT_BITS optimizer-n1024-d2-zerosTrue.dispatch 318 1061831196
UMAP_SPARSE_FIT_BITS optimizer-n1024-d2-zerosTrue.dispatch 319 1065529157
UMAP_SPARSE_FIT_BITS optimizer-n1024-d2-zerosTrue.dispatch 320 1086053444
UMAP_SPARSE_FIT_BITS optimizer-n1024-d2-zerosTrue.dispatch 321 1075207855
UMAP_SPARSE_FIT_BITS optimizer-n1024-d2-zerosTrue.dispatch 322 1061223877
UMAP_SPARSE_FIT_BITS optimizer-n1024-d2-zerosTrue.dispatch 323 1062299931
UMAP_SPARSE_FIT_BITS optimizer-n1024-d2-zerosTrue.dispatch 324 1090070842
UMAP_SPARSE_FIT_BITS optimizer-n1024-d2-zerosTrue.dispatch 325 1091034467
UMAP_SPARSE_FIT_BITS optimizer-n1024-d2-zerosTrue.dispatch 326 1079114901
UMAP_SPARSE_FIT_BITS optimizer-n1024-d2-zerosTrue.dispatch 327 1088468779
UMAP_SPARSE_FIT_BITS optimizer-n1024-d2-zerosTrue.dispatch 328 1080754154
UMAP_SPARSE_FIT_BITS optimizer-n1024-d2-zerosTrue.dispatch 329 1086102597
UMAP_SPARSE_FIT_BITS optimizer-n1024-d2-zerosTrue.dispatch 330 1091019684
UMAP_SPARSE_FIT_BITS optimizer-n1024-d2-zerosTrue.dispatch 331 1088453598
UMAP_SPARSE_FIT_BITS optimizer-n1024-d2-zerosTrue.dispatch 332 3233573432
UMAP_SPARSE_FIT_BITS optimizer-n1024-d2-zerosTrue.dispatch 333 3236078753
UMAP_SPARSE_FIT_BITS optimizer-n1024-d2-zerosTrue.dispatch 334 1073540612
UMAP_SPARSE_FIT_BITS optimizer-n1024-d2-zerosTrue.dispatch 335 1084641853
UMAP_SPARSE_FIT_BITS optimizer-n1024-d2-zerosTrue.dispatch 336 1094567285
UMAP_SPARSE_FIT_BITS optimizer-n1024-d2-zerosTrue.dispatch 337 1095449943
UMAP_SPARSE_FIT_BITS optimizer-n1024-d2-zerosTrue.dispatch 338 1088411830
UMAP_SPARSE_FIT_BITS optimizer-n1024-d2-zerosTrue.dispatch 339 1087689819
UMAP_SPARSE_FIT_BITS optimizer-n1024-d2-zerosTrue.dispatch 340 3236285580
UMAP_SPARSE_FIT_BITS optimizer-n1024-d2-zerosTrue.dispatch 341 3234194822
UMAP_SPARSE_FIT_BITS optimizer-n1024-d2-zerosTrue.dispatch 342 1080963446
UMAP_SPARSE_FIT_BITS optimizer-n1024-d2-zerosTrue.dispatch 343 1084591202
UMAP_SPARSE_FIT_BITS optimizer-n1024-d2-zerosTrue.dispatch 344 3236694230
UMAP_SPARSE_FIT_BITS optimizer-n1024-d2-zerosTrue.dispatch 345 3240358045
UMAP_SPARSE_FIT_BITS optimizer-n1024-d2-zerosTrue.dispatch 346 1054519763
UMAP_SPARSE_FIT_BITS optimizer-n1024-d2-zerosTrue.dispatch 347 1063521212
UMAP_SPARSE_FIT_BITS optimizer-n1024-d2-zerosTrue.dispatch 348 1067518665
UMAP_SPARSE_FIT_BITS optimizer-n1024-d2-zerosTrue.dispatch 349 1077366135
UMAP_SPARSE_FIT_BITS optimizer-n1024-d2-zerosTrue.dispatch 350 3238890845
UMAP_SPARSE_FIT_BITS optimizer-n1024-d2-zerosTrue.dispatch 351 3230593747
UMAP_SPARSE_FIT_BITS optimizer-n1024-d2-zerosTrue.dispatch 352 1045452964
UMAP_SPARSE_FIT_BITS optimizer-n1024-d2-zerosTrue.dispatch 353 3208992882
UMAP_SPARSE_FIT_BITS optimizer-n1024-d2-zerosTrue.dispatch 354 3214476701
UMAP_SPARSE_FIT_BITS optimizer-n1024-d2-zerosTrue.dispatch 355 1065221270
UMAP_SPARSE_FIT_BITS optimizer-n1024-d2-zerosTrue.dispatch 356 1078871696
UMAP_SPARSE_FIT_BITS optimizer-n1024-d2-zerosTrue.dispatch 357 3199334785
UMAP_SPARSE_FIT_BITS optimizer-n1024-d2-zerosTrue.dispatch 358 1087530158
UMAP_SPARSE_FIT_BITS optimizer-n1024-d2-zerosTrue.dispatch 359 1086534358
UMAP_SPARSE_FIT_BITS optimizer-n1024-d2-zerosTrue.dispatch 360 3220087686
UMAP_SPARSE_FIT_BITS optimizer-n1024-d2-zerosTrue.dispatch 361 3211715798
UMAP_SPARSE_FIT_BITS optimizer-n1024-d2-zerosTrue.dispatch 362 3218897096
UMAP_SPARSE_FIT_BITS optimizer-n1024-d2-zerosTrue.dispatch 363 3213656368
UMAP_SPARSE_FIT_BITS optimizer-n1024-d2-zerosTrue.dispatch 364 1091389429
UMAP_SPARSE_FIT_BITS optimizer-n1024-d2-zerosTrue.dispatch 365 1088480978
UMAP_SPARSE_FIT_BITS optimizer-n1024-d2-zerosTrue.dispatch 366 3237257018
UMAP_SPARSE_FIT_BITS optimizer-n1024-d2-zerosTrue.dispatch 367 3238287574
UMAP_SPARSE_FIT_BITS optimizer-n1024-d2-zerosTrue.dispatch 368 1082493400
UMAP_SPARSE_FIT_BITS optimizer-n1024-d2-zerosTrue.dispatch 369 1083595362
UMAP_SPARSE_FIT_BITS optimizer-n1024-d2-zerosTrue.dispatch 370 1066578312
UMAP_SPARSE_FIT_BITS optimizer-n1024-d2-zerosTrue.dispatch 371 1076720201
UMAP_SPARSE_FIT_BITS optimizer-n1024-d2-zerosTrue.dispatch 372 3223738367
UMAP_SPARSE_FIT_BITS optimizer-n1024-d2-zerosTrue.dispatch 373 3215587652
UMAP_SPARSE_FIT_BITS optimizer-n1024-d2-zerosTrue.dispatch 374 3225140466
UMAP_SPARSE_FIT_BITS optimizer-n1024-d2-zerosTrue.dispatch 375 3230934077
UMAP_SPARSE_FIT_BITS optimizer-n1024-d2-zerosTrue.dispatch 376 3196350972
UMAP_SPARSE_FIT_BITS optimizer-n1024-d2-zerosTrue.dispatch 377 3196931876
UMAP_SPARSE_FIT_BITS optimizer-n1024-d2-zerosTrue.dispatch 378 3212781383
UMAP_SPARSE_FIT_BITS optimizer-n1024-d2-zerosTrue.dispatch 379 3222381477
UMAP_SPARSE_FIT_BITS optimizer-n1024-d2-zerosTrue.dispatch 380 3230311926
UMAP_SPARSE_FIT_BITS optimizer-n1024-d2-zerosTrue.dispatch 381 3232968876
UMAP_SPARSE_FIT_BITS optimizer-n1024-d2-zerosTrue.dispatch 382 1082117630
UMAP_SPARSE_FIT_BITS optimizer-n1024-d2-zerosTrue.dispatch 383 1084991450
UMAP_SPARSE_FIT_BITS optimizer-n1024-d2-zerosTrue.dispatch 384 3231439112
UMAP_SPARSE_FIT_BITS optimizer-n1024-d2-zerosTrue.dispatch 385 3224976037
UMAP_SPARSE_FIT_BITS optimizer-n1024-d2-zerosTrue.dispatch 386 1088746948
UMAP_SPARSE_FIT_BITS optimizer-n1024-d2-zerosTrue.dispatch 387 1085993122
UMAP_SPARSE_FIT_BITS optimizer-n1024-d2-zerosTrue.dispatch 388 1084868054
UMAP_SPARSE_FIT_BITS optimizer-n1024-d2-zerosTrue.dispatch 389 1080628933
UMAP_SPARSE_FIT_BITS optimizer-n1024-d2-zerosTrue.dispatch 390 1083525756
UMAP_SPARSE_FIT_BITS optimizer-n1024-d2-zerosTrue.dispatch 391 1075030726
UMAP_SPARSE_FIT_BITS optimizer-n1024-d2-zerosTrue.dispatch 392 1090345426
UMAP_SPARSE_FIT_BITS optimizer-n1024-d2-zerosTrue.dispatch 393 1091653986
UMAP_SPARSE_FIT_BITS optimizer-n1024-d2-zerosTrue.dispatch 394 3237018963
UMAP_SPARSE_FIT_BITS optimizer-n1024-d2-zerosTrue.dispatch 395 3235483142
UMAP_SPARSE_FIT_BITS optimizer-n1024-d2-zerosTrue.dispatch 396 1086495280
UMAP_SPARSE_FIT_BITS optimizer-n1024-d2-zerosTrue.dispatch 397 1084098813
UMAP_SPARSE_FIT_BITS optimizer-n1024-d2-zerosTrue.dispatch 398 1087089338
UMAP_SPARSE_FIT_BITS optimizer-n1024-d2-zerosTrue.dispatch 399 1084526451
UMAP_SPARSE_FIT_BITS optimizer-n1024-d2-zerosTrue.dispatch 400 1064513620
UMAP_SPARSE_FIT_BITS optimizer-n1024-d2-zerosTrue.dispatch 401 1075044357
UMAP_SPARSE_FIT_BITS optimizer-n1024-d2-zerosTrue.dispatch 402 1082982757
UMAP_SPARSE_FIT_BITS optimizer-n1024-d2-zerosTrue.dispatch 403 1085156856
UMAP_SPARSE_FIT_BITS optimizer-n1024-d2-zerosTrue.dispatch 404 3233044713
UMAP_SPARSE_FIT_BITS optimizer-n1024-d2-zerosTrue.dispatch 405 3230908601
UMAP_SPARSE_FIT_BITS optimizer-n1024-d2-zerosTrue.dispatch 406 3203999856
UMAP_SPARSE_FIT_BITS optimizer-n1024-d2-zerosTrue.dispatch 407 1067884728
UMAP_SPARSE_FIT_BITS optimizer-n1024-d2-zerosTrue.dispatch 408 3237649518
UMAP_SPARSE_FIT_BITS optimizer-n1024-d2-zerosTrue.dispatch 409 3235891118
UMAP_SPARSE_FIT_BITS optimizer-n1024-d2-zerosTrue.dispatch 410 1066202134
UMAP_SPARSE_FIT_BITS optimizer-n1024-d2-zerosTrue.dispatch 411 3234033805
UMAP_SPARSE_FIT_BITS optimizer-n1024-d2-zerosTrue.dispatch 412 1055013386
UMAP_SPARSE_FIT_BITS optimizer-n1024-d2-zerosTrue.dispatch 413 3231172090
UMAP_SPARSE_FIT_BITS optimizer-n1024-d2-zerosTrue.dispatch 414 1085417406
UMAP_SPARSE_FIT_BITS optimizer-n1024-d2-zerosTrue.dispatch 415 1083019710
UMAP_SPARSE_FIT_BITS optimizer-n1024-d2-zerosTrue.dispatch 416 3224421915
UMAP_SPARSE_FIT_BITS optimizer-n1024-d2-zerosTrue.dispatch 417 3221879252
UMAP_SPARSE_FIT_BITS optimizer-n1024-d2-zerosTrue.dispatch 418 3240342093
UMAP_SPARSE_FIT_BITS optimizer-n1024-d2-zerosTrue.dispatch 419 3239837107
UMAP_SPARSE_FIT_BITS optimizer-n1024-d2-zerosTrue.dispatch 420 3235419750
UMAP_SPARSE_FIT_BITS optimizer-n1024-d2-zerosTrue.dispatch 421 3237212223
UMAP_SPARSE_FIT_BITS optimizer-n1024-d2-zerosTrue.dispatch 422 1089168808
UMAP_SPARSE_FIT_BITS optimizer-n1024-d2-zerosTrue.dispatch 423 1076062492
UMAP_SPARSE_FIT_BITS optimizer-n1024-d2-zerosTrue.dispatch 424 1088184501
UMAP_SPARSE_FIT_BITS optimizer-n1024-d2-zerosTrue.dispatch 425 1088024463
UMAP_SPARSE_FIT_BITS optimizer-n1024-d2-zerosTrue.dispatch 426 1081934977
UMAP_SPARSE_FIT_BITS optimizer-n1024-d2-zerosTrue.dispatch 427 1084097772
UMAP_SPARSE_FIT_BITS optimizer-n1024-d2-zerosTrue.dispatch 428 1080012295
UMAP_SPARSE_FIT_BITS optimizer-n1024-d2-zerosTrue.dispatch 429 1084070136
UMAP_SPARSE_FIT_BITS optimizer-n1024-d2-zerosTrue.dispatch 430 1087453235
UMAP_SPARSE_FIT_BITS optimizer-n1024-d2-zerosTrue.dispatch 431 1086721119
UMAP_SPARSE_FIT_BITS optimizer-n1024-d2-zerosTrue.dispatch 432 1077791367
UMAP_SPARSE_FIT_BITS optimizer-n1024-d2-zerosTrue.dispatch 433 1060945588
UMAP_SPARSE_FIT_BITS optimizer-n1024-d2-zerosTrue.dispatch 434 1077669902
UMAP_SPARSE_FIT_BITS optimizer-n1024-d2-zerosTrue.dispatch 435 1062585884
UMAP_SPARSE_FIT_BITS optimizer-n1024-d2-zerosTrue.dispatch 436 3210132426
UMAP_SPARSE_FIT_BITS optimizer-n1024-d2-zerosTrue.dispatch 437 1078560359
UMAP_SPARSE_FIT_BITS optimizer-n1024-d2-zerosTrue.dispatch 438 3209872813
UMAP_SPARSE_FIT_BITS optimizer-n1024-d2-zerosTrue.dispatch 439 1078200096
UMAP_SPARSE_FIT_BITS optimizer-n1024-d2-zerosTrue.dispatch 440 1075185582
UMAP_SPARSE_FIT_BITS optimizer-n1024-d2-zerosTrue.dispatch 441 1079683777
UMAP_SPARSE_FIT_BITS optimizer-n1024-d2-zerosTrue.dispatch 442 3237021180
UMAP_SPARSE_FIT_BITS optimizer-n1024-d2-zerosTrue.dispatch 443 3236230966
UMAP_SPARSE_FIT_BITS optimizer-n1024-d2-zerosTrue.dispatch 444 1080056445
UMAP_SPARSE_FIT_BITS optimizer-n1024-d2-zerosTrue.dispatch 445 1078726477
UMAP_SPARSE_FIT_BITS optimizer-n1024-d2-zerosTrue.dispatch 446 3192197545
UMAP_SPARSE_FIT_BITS optimizer-n1024-d2-zerosTrue.dispatch 447 3222566469
UMAP_SPARSE_FIT_BITS optimizer-n1024-d2-zerosTrue.dispatch 448 1074144750
UMAP_SPARSE_FIT_BITS optimizer-n1024-d2-zerosTrue.dispatch 449 1081568058
UMAP_SPARSE_FIT_BITS optimizer-n1024-d2-zerosTrue.dispatch 450 1089929563
UMAP_SPARSE_FIT_BITS optimizer-n1024-d2-zerosTrue.dispatch 451 1090861144
UMAP_SPARSE_FIT_BITS optimizer-n1024-d2-zerosTrue.dispatch 452 3239189007
UMAP_SPARSE_FIT_BITS optimizer-n1024-d2-zerosTrue.dispatch 453 3239096246
UMAP_SPARSE_FIT_BITS optimizer-n1024-d2-zerosTrue.dispatch 454 3237275315
UMAP_SPARSE_FIT_BITS optimizer-n1024-d2-zerosTrue.dispatch 455 3239604751
UMAP_SPARSE_FIT_BITS optimizer-n1024-d2-zerosTrue.dispatch 456 3220552051
UMAP_SPARSE_FIT_BITS optimizer-n1024-d2-zerosTrue.dispatch 457 3232025746
UMAP_SPARSE_FIT_BITS optimizer-n1024-d2-zerosTrue.dispatch 458 1088571590
UMAP_SPARSE_FIT_BITS optimizer-n1024-d2-zerosTrue.dispatch 459 1085230584
UMAP_SPARSE_FIT_BITS optimizer-n1024-d2-zerosTrue.dispatch 460 1092022177
UMAP_SPARSE_FIT_BITS optimizer-n1024-d2-zerosTrue.dispatch 461 1092431223
UMAP_SPARSE_FIT_BITS optimizer-n1024-d2-zerosTrue.dispatch 462 1094181774
UMAP_SPARSE_FIT_BITS optimizer-n1024-d2-zerosTrue.dispatch 463 1097723728
UMAP_SPARSE_FIT_BITS optimizer-n1024-d2-zerosTrue.dispatch 464 3239105667
UMAP_SPARSE_FIT_BITS optimizer-n1024-d2-zerosTrue.dispatch 465 3239694548
UMAP_SPARSE_FIT_BITS optimizer-n1024-d2-zerosTrue.dispatch 466 1081772160
UMAP_SPARSE_FIT_BITS optimizer-n1024-d2-zerosTrue.dispatch 467 3212151809
UMAP_SPARSE_FIT_BITS optimizer-n1024-d2-zerosTrue.dispatch 468 1081976154
UMAP_SPARSE_FIT_BITS optimizer-n1024-d2-zerosTrue.dispatch 469 1079762694
UMAP_SPARSE_FIT_BITS optimizer-n1024-d2-zerosTrue.dispatch 470 1081183756
UMAP_SPARSE_FIT_BITS optimizer-n1024-d2-zerosTrue.dispatch 471 1078574237
UMAP_SPARSE_FIT_BITS optimizer-n1024-d2-zerosTrue.dispatch 472 1067177608
UMAP_SPARSE_FIT_BITS optimizer-n1024-d2-zerosTrue.dispatch 473 1074216257
UMAP_SPARSE_FIT_BITS optimizer-n1024-d2-zerosTrue.dispatch 474 1085858031
UMAP_SPARSE_FIT_BITS optimizer-n1024-d2-zerosTrue.dispatch 475 1089448907
UMAP_SPARSE_FIT_BITS optimizer-n1024-d2-zerosTrue.dispatch 476 3229923309
UMAP_SPARSE_FIT_BITS optimizer-n1024-d2-zerosTrue.dispatch 477 3185770980
UMAP_SPARSE_FIT_BITS optimizer-n1024-d2-zerosTrue.dispatch 478 3220777065
UMAP_SPARSE_FIT_BITS optimizer-n1024-d2-zerosTrue.dispatch 479 3224377391
UMAP_SPARSE_FIT_BITS optimizer-n1024-d2-zerosTrue.dispatch 480 3222185233
UMAP_SPARSE_FIT_BITS optimizer-n1024-d2-zerosTrue.dispatch 481 3222627110
UMAP_SPARSE_FIT_BITS optimizer-n1024-d2-zerosTrue.dispatch 482 1062796954
UMAP_SPARSE_FIT_BITS optimizer-n1024-d2-zerosTrue.dispatch 483 1065213506
UMAP_SPARSE_FIT_BITS optimizer-n1024-d2-zerosTrue.dispatch 484 1061330949
UMAP_SPARSE_FIT_BITS optimizer-n1024-d2-zerosTrue.dispatch 485 1065860025
UMAP_SPARSE_FIT_BITS optimizer-n1024-d2-zerosTrue.dispatch 486 3236730080
UMAP_SPARSE_FIT_BITS optimizer-n1024-d2-zerosTrue.dispatch 487 3235485008
UMAP_SPARSE_FIT_BITS optimizer-n1024-d2-zerosTrue.dispatch 488 3231914863
UMAP_SPARSE_FIT_BITS optimizer-n1024-d2-zerosTrue.dispatch 489 3234565257
UMAP_SPARSE_FIT_BITS optimizer-n1024-d2-zerosTrue.dispatch 490 1079986125
UMAP_SPARSE_FIT_BITS optimizer-n1024-d2-zerosTrue.dispatch 491 1068663572
UMAP_SPARSE_FIT_BITS optimizer-n1024-d2-zerosTrue.dispatch 492 3209283662
UMAP_SPARSE_FIT_BITS optimizer-n1024-d2-zerosTrue.dispatch 493 3208181697
UMAP_SPARSE_FIT_BITS optimizer-n1024-d2-zerosTrue.dispatch 494 1089568765
UMAP_SPARSE_FIT_BITS optimizer-n1024-d2-zerosTrue.dispatch 495 1091214978
UMAP_SPARSE_FIT_BITS optimizer-n1024-d2-zerosTrue.dispatch 496 1073750895
UMAP_SPARSE_FIT_BITS optimizer-n1024-d2-zerosTrue.dispatch 497 1082471435
UMAP_SPARSE_FIT_BITS optimizer-n1024-d2-zerosTrue.dispatch 498 1085757942
UMAP_SPARSE_FIT_BITS optimizer-n1024-d2-zerosTrue.dispatch 499 1084932325
UMAP_SPARSE_FIT_BITS optimizer-n1024-d2-zerosTrue.dispatch 500 1081898010
UMAP_SPARSE_FIT_BITS optimizer-n1024-d2-zerosTrue.dispatch 501 1067969768
UMAP_SPARSE_FIT_BITS optimizer-n1024-d2-zerosTrue.dispatch 502 3205484080
UMAP_SPARSE_FIT_BITS optimizer-n1024-d2-zerosTrue.dispatch 503 1031518088
UMAP_SPARSE_FIT_BITS optimizer-n1024-d2-zerosTrue.dispatch 504 1087511972
UMAP_SPARSE_FIT_BITS optimizer-n1024-d2-zerosTrue.dispatch 505 1087608824
UMAP_SPARSE_FIT_BITS optimizer-n1024-d2-zerosTrue.dispatch 506 3230019245
UMAP_SPARSE_FIT_BITS optimizer-n1024-d2-zerosTrue.dispatch 507 3221062934
UMAP_SPARSE_FIT_BITS optimizer-n1024-d2-zerosTrue.dispatch 508 3230173156
UMAP_SPARSE_FIT_BITS optimizer-n1024-d2-zerosTrue.dispatch 509 3222043622
UMAP_SPARSE_FIT_BITS optimizer-n1024-d2-zerosTrue.dispatch 510 3232224340
UMAP_SPARSE_FIT_BITS optimizer-n1024-d2-zerosTrue.dispatch 511 3229910806
UMAP_SPARSE_FIT_BITS optimizer-n1024-d2-zerosTrue.dispatch 512 3232027181
UMAP_SPARSE_FIT_BITS optimizer-n1024-d2-zerosTrue.dispatch 513 3236170296
UMAP_SPARSE_FIT_BITS optimizer-n1024-d2-zerosTrue.dispatch 514 3232386180
UMAP_SPARSE_FIT_BITS optimizer-n1024-d2-zerosTrue.dispatch 515 3236034095
UMAP_SPARSE_FIT_BITS optimizer-n1024-d2-zerosTrue.dispatch 516 3242054153
UMAP_SPARSE_FIT_BITS optimizer-n1024-d2-zerosTrue.dispatch 517 3241794246
UMAP_SPARSE_FIT_BITS optimizer-n1024-d2-zerosTrue.dispatch 518 1085806605
UMAP_SPARSE_FIT_BITS optimizer-n1024-d2-zerosTrue.dispatch 519 1084994808
UMAP_SPARSE_FIT_BITS optimizer-n1024-d2-zerosTrue.dispatch 520 1081849445
UMAP_SPARSE_FIT_BITS optimizer-n1024-d2-zerosTrue.dispatch 521 1072242569
UMAP_SPARSE_FIT_BITS optimizer-n1024-d2-zerosTrue.dispatch 522 1081262651
UMAP_SPARSE_FIT_BITS optimizer-n1024-d2-zerosTrue.dispatch 523 1073568483
UMAP_SPARSE_FIT_BITS optimizer-n1024-d2-zerosTrue.dispatch 524 1079052125
UMAP_SPARSE_FIT_BITS optimizer-n1024-d2-zerosTrue.dispatch 525 1070405124
UMAP_SPARSE_FIT_BITS optimizer-n1024-d2-zerosTrue.dispatch 526 1087551267
UMAP_SPARSE_FIT_BITS optimizer-n1024-d2-zerosTrue.dispatch 527 1085393247
UMAP_SPARSE_FIT_BITS optimizer-n1024-d2-zerosTrue.dispatch 528 3232567322
UMAP_SPARSE_FIT_BITS optimizer-n1024-d2-zerosTrue.dispatch 529 3228332498
UMAP_SPARSE_FIT_BITS optimizer-n1024-d2-zerosTrue.dispatch 530 1069814642
UMAP_SPARSE_FIT_BITS optimizer-n1024-d2-zerosTrue.dispatch 531 1074737164
UMAP_SPARSE_FIT_BITS optimizer-n1024-d2-zerosTrue.dispatch 532 3230631224
UMAP_SPARSE_FIT_BITS optimizer-n1024-d2-zerosTrue.dispatch 533 3229137277
UMAP_SPARSE_FIT_BITS optimizer-n1024-d2-zerosTrue.dispatch 534 1087556524
UMAP_SPARSE_FIT_BITS optimizer-n1024-d2-zerosTrue.dispatch 535 1080254595
UMAP_SPARSE_FIT_BITS optimizer-n1024-d2-zerosTrue.dispatch 536 3241480217
UMAP_SPARSE_FIT_BITS optimizer-n1024-d2-zerosTrue.dispatch 537 3243107545
UMAP_SPARSE_FIT_BITS optimizer-n1024-d2-zerosTrue.dispatch 538 1085849771
UMAP_SPARSE_FIT_BITS optimizer-n1024-d2-zerosTrue.dispatch 539 1090376592
UMAP_SPARSE_FIT_BITS optimizer-n1024-d2-zerosTrue.dispatch 540 1046889564
UMAP_SPARSE_FIT_BITS optimizer-n1024-d2-zerosTrue.dispatch 541 1077958208
UMAP_SPARSE_FIT_BITS optimizer-n1024-d2-zerosTrue.dispatch 542 1034984177
UMAP_SPARSE_FIT_BITS optimizer-n1024-d2-zerosTrue.dispatch 543 1081295412
UMAP_SPARSE_FIT_BITS optimizer-n1024-d2-zerosTrue.dispatch 544 3217390207
UMAP_SPARSE_FIT_BITS optimizer-n1024-d2-zerosTrue.dispatch 545 3221107040
UMAP_SPARSE_FIT_BITS optimizer-n1024-d2-zerosTrue.dispatch 546 3213370860
UMAP_SPARSE_FIT_BITS optimizer-n1024-d2-zerosTrue.dispatch 547 3222114469
UMAP_SPARSE_FIT_BITS optimizer-n1024-d2-zerosTrue.dispatch 548 3193660280
UMAP_SPARSE_FIT_BITS optimizer-n1024-d2-zerosTrue.dispatch 549 3222449078
UMAP_SPARSE_FIT_BITS optimizer-n1024-d2-zerosTrue.dispatch 550 1081994615
UMAP_SPARSE_FIT_BITS optimizer-n1024-d2-zerosTrue.dispatch 551 1080058715
UMAP_SPARSE_FIT_BITS optimizer-n1024-d2-zerosTrue.dispatch 552 3217186470
UMAP_SPARSE_FIT_BITS optimizer-n1024-d2-zerosTrue.dispatch 553 1057685296
UMAP_SPARSE_FIT_BITS optimizer-n1024-d2-zerosTrue.dispatch 554 3214685434
UMAP_SPARSE_FIT_BITS optimizer-n1024-d2-zerosTrue.dispatch 555 1055677240
UMAP_SPARSE_FIT_BITS optimizer-n1024-d2-zerosTrue.dispatch 556 3234586467
UMAP_SPARSE_FIT_BITS optimizer-n1024-d2-zerosTrue.dispatch 557 3235243804
UMAP_SPARSE_FIT_BITS optimizer-n1024-d2-zerosTrue.dispatch 558 3226280917
UMAP_SPARSE_FIT_BITS optimizer-n1024-d2-zerosTrue.dispatch 559 3206057311
UMAP_SPARSE_FIT_BITS optimizer-n1024-d2-zerosTrue.dispatch 560 1079038836
UMAP_SPARSE_FIT_BITS optimizer-n1024-d2-zerosTrue.dispatch 561 1067723789
UMAP_SPARSE_FIT_BITS optimizer-n1024-d2-zerosTrue.dispatch 562 1078747679
UMAP_SPARSE_FIT_BITS optimizer-n1024-d2-zerosTrue.dispatch 563 1077449928
UMAP_SPARSE_FIT_BITS optimizer-n1024-d2-zerosTrue.dispatch 564 3229765290
UMAP_SPARSE_FIT_BITS optimizer-n1024-d2-zerosTrue.dispatch 565 3230210537
UMAP_SPARSE_FIT_BITS optimizer-n1024-d2-zerosTrue.dispatch 566 3228258944
UMAP_SPARSE_FIT_BITS optimizer-n1024-d2-zerosTrue.dispatch 567 3230272336
UMAP_SPARSE_FIT_BITS optimizer-n1024-d2-zerosTrue.dispatch 568 1085463376
UMAP_SPARSE_FIT_BITS optimizer-n1024-d2-zerosTrue.dispatch 569 1077468984
UMAP_SPARSE_FIT_BITS optimizer-n1024-d2-zerosTrue.dispatch 570 3230378951
UMAP_SPARSE_FIT_BITS optimizer-n1024-d2-zerosTrue.dispatch 571 3231374730
UMAP_SPARSE_FIT_BITS optimizer-n1024-d2-zerosTrue.dispatch 572 1087555431
UMAP_SPARSE_FIT_BITS optimizer-n1024-d2-zerosTrue.dispatch 573 1089849874
UMAP_SPARSE_FIT_BITS optimizer-n1024-d2-zerosTrue.dispatch 574 3233770028
UMAP_SPARSE_FIT_BITS optimizer-n1024-d2-zerosTrue.dispatch 575 3226028204
UMAP_SPARSE_FIT_BITS optimizer-n1024-d2-zerosTrue.dispatch 576 1078872239
UMAP_SPARSE_FIT_BITS optimizer-n1024-d2-zerosTrue.dispatch 577 1086316673
UMAP_SPARSE_FIT_BITS optimizer-n1024-d2-zerosTrue.dispatch 578 3235295242
UMAP_SPARSE_FIT_BITS optimizer-n1024-d2-zerosTrue.dispatch 579 3235934557
UMAP_SPARSE_FIT_BITS optimizer-n1024-d2-zerosTrue.dispatch 580 3238633456
UMAP_SPARSE_FIT_BITS optimizer-n1024-d2-zerosTrue.dispatch 581 3239291081
UMAP_SPARSE_FIT_BITS optimizer-n1024-d2-zerosTrue.dispatch 582 3238531955
UMAP_SPARSE_FIT_BITS optimizer-n1024-d2-zerosTrue.dispatch 583 3239310291
UMAP_SPARSE_FIT_BITS optimizer-n1024-d2-zerosTrue.dispatch 584 3211483767
UMAP_SPARSE_FIT_BITS optimizer-n1024-d2-zerosTrue.dispatch 585 3214637336
UMAP_SPARSE_FIT_BITS optimizer-n1024-d2-zerosTrue.dispatch 586 1082157792
UMAP_SPARSE_FIT_BITS optimizer-n1024-d2-zerosTrue.dispatch 587 1086702650
UMAP_SPARSE_FIT_BITS optimizer-n1024-d2-zerosTrue.dispatch 588 3214836417
UMAP_SPARSE_FIT_BITS optimizer-n1024-d2-zerosTrue.dispatch 589 1055539312
UMAP_SPARSE_FIT_BITS optimizer-n1024-d2-zerosTrue.dispatch 590 1087948195
UMAP_SPARSE_FIT_BITS optimizer-n1024-d2-zerosTrue.dispatch 591 1086430516
UMAP_SPARSE_FIT_BITS optimizer-n1024-d2-zerosTrue.dispatch 592 1086224942
UMAP_SPARSE_FIT_BITS optimizer-n1024-d2-zerosTrue.dispatch 593 1082947966
UMAP_SPARSE_FIT_BITS optimizer-n1024-d2-zerosTrue.dispatch 594 1070525971
UMAP_SPARSE_FIT_BITS optimizer-n1024-d2-zerosTrue.dispatch 595 1069937514
UMAP_SPARSE_FIT_BITS optimizer-n1024-d2-zerosTrue.dispatch 596 1094514159
UMAP_SPARSE_FIT_BITS optimizer-n1024-d2-zerosTrue.dispatch 597 1095537881
UMAP_SPARSE_FIT_BITS optimizer-n1024-d2-zerosTrue.dispatch 598 1084360301
UMAP_SPARSE_FIT_BITS optimizer-n1024-d2-zerosTrue.dispatch 599 1086351209
UMAP_SPARSE_FIT_BITS optimizer-n1024-d2-zerosTrue.dispatch 600 3229627359
UMAP_SPARSE_FIT_BITS optimizer-n1024-d2-zerosTrue.dispatch 601 3231777051
UMAP_SPARSE_FIT_BITS optimizer-n1024-d2-zerosTrue.dispatch 602 1091982736
UMAP_SPARSE_FIT_BITS optimizer-n1024-d2-zerosTrue.dispatch 603 1088956941
UMAP_SPARSE_FIT_BITS optimizer-n1024-d2-zerosTrue.dispatch 604 3236191290
UMAP_SPARSE_FIT_BITS optimizer-n1024-d2-zerosTrue.dispatch 605 3235136247
UMAP_SPARSE_FIT_BITS optimizer-n1024-d2-zerosTrue.dispatch 606 1096526459
UMAP_SPARSE_FIT_BITS optimizer-n1024-d2-zerosTrue.dispatch 607 1096923021
UMAP_SPARSE_FIT_BITS optimizer-n1024-d2-zerosTrue.dispatch 608 3237557133
UMAP_SPARSE_FIT_BITS optimizer-n1024-d2-zerosTrue.dispatch 609 3235636035
UMAP_SPARSE_FIT_BITS optimizer-n1024-d2-zerosTrue.dispatch 610 1092771140
UMAP_SPARSE_FIT_BITS optimizer-n1024-d2-zerosTrue.dispatch 611 1093851569
UMAP_SPARSE_FIT_BITS optimizer-n1024-d2-zerosTrue.dispatch 612 3202376352
UMAP_SPARSE_FIT_BITS optimizer-n1024-d2-zerosTrue.dispatch 613 1053005124
UMAP_SPARSE_FIT_BITS optimizer-n1024-d2-zerosTrue.dispatch 614 3164801888
UMAP_SPARSE_FIT_BITS optimizer-n1024-d2-zerosTrue.dispatch 615 1057312754
UMAP_SPARSE_FIT_BITS optimizer-n1024-d2-zerosTrue.dispatch 616 3241959297
UMAP_SPARSE_FIT_BITS optimizer-n1024-d2-zerosTrue.dispatch 617 3243135018
UMAP_SPARSE_FIT_BITS optimizer-n1024-d2-zerosTrue.dispatch 618 3243916460
UMAP_SPARSE_FIT_BITS optimizer-n1024-d2-zerosTrue.dispatch 619 3244605786
UMAP_SPARSE_FIT_BITS optimizer-n1024-d2-zerosTrue.dispatch 620 1081856161
UMAP_SPARSE_FIT_BITS optimizer-n1024-d2-zerosTrue.dispatch 621 1083310438
UMAP_SPARSE_FIT_BITS optimizer-n1024-d2-zerosTrue.dispatch 622 1074923009
UMAP_SPARSE_FIT_BITS optimizer-n1024-d2-zerosTrue.dispatch 623 1077128497
UMAP_SPARSE_FIT_BITS optimizer-n1024-d2-zerosTrue.dispatch 624 1058662822
UMAP_SPARSE_FIT_BITS optimizer-n1024-d2-zerosTrue.dispatch 625 3218688001
UMAP_SPARSE_FIT_BITS optimizer-n1024-d2-zerosTrue.dispatch 626 1074110410
UMAP_SPARSE_FIT_BITS optimizer-n1024-d2-zerosTrue.dispatch 627 1046341962
UMAP_SPARSE_FIT_BITS optimizer-n1024-d2-zerosTrue.dispatch 628 1066209758
UMAP_SPARSE_FIT_BITS optimizer-n1024-d2-zerosTrue.dispatch 629 1038014192
UMAP_SPARSE_FIT_BITS optimizer-n1024-d2-zerosTrue.dispatch 630 1040622954
UMAP_SPARSE_FIT_BITS optimizer-n1024-d2-zerosTrue.dispatch 631 1061177671
UMAP_SPARSE_FIT_BITS optimizer-n1024-d2-zerosTrue.dispatch 632 3223828942
UMAP_SPARSE_FIT_BITS optimizer-n1024-d2-zerosTrue.dispatch 633 3222399740
UMAP_SPARSE_FIT_BITS optimizer-n1024-d2-zerosTrue.dispatch 634 1081006293
UMAP_SPARSE_FIT_BITS optimizer-n1024-d2-zerosTrue.dispatch 635 1076684830
UMAP_SPARSE_FIT_BITS optimizer-n1024-d2-zerosTrue.dispatch 636 1069913220
UMAP_SPARSE_FIT_BITS optimizer-n1024-d2-zerosTrue.dispatch 637 1057722904
UMAP_SPARSE_FIT_BITS optimizer-n1024-d2-zerosTrue.dispatch 638 3213844538
UMAP_SPARSE_FIT_BITS optimizer-n1024-d2-zerosTrue.dispatch 639 1023762160
UMAP_SPARSE_FIT_BITS optimizer-n1024-d2-zerosTrue.dispatch 640 1063247526
UMAP_SPARSE_FIT_BITS optimizer-n1024-d2-zerosTrue.dispatch 641 1075052682
UMAP_SPARSE_FIT_BITS optimizer-n1024-d2-zerosTrue.dispatch 642 3229250391
UMAP_SPARSE_FIT_BITS optimizer-n1024-d2-zerosTrue.dispatch 643 3223430705
UMAP_SPARSE_FIT_BITS optimizer-n1024-d2-zerosTrue.dispatch 644 3227624435
UMAP_SPARSE_FIT_BITS optimizer-n1024-d2-zerosTrue.dispatch 645 3215090342
UMAP_SPARSE_FIT_BITS optimizer-n1024-d2-zerosTrue.dispatch 646 3228545669
UMAP_SPARSE_FIT_BITS optimizer-n1024-d2-zerosTrue.dispatch 647 3220627037
UMAP_SPARSE_FIT_BITS optimizer-n1024-d2-zerosTrue.dispatch 648 1066736016
UMAP_SPARSE_FIT_BITS optimizer-n1024-d2-zerosTrue.dispatch 649 3162694088
UMAP_SPARSE_FIT_BITS optimizer-n1024-d2-zerosTrue.dispatch 650 1061903761
UMAP_SPARSE_FIT_BITS optimizer-n1024-d2-zerosTrue.dispatch 651 3200292950
UMAP_SPARSE_FIT_BITS optimizer-n1024-d2-zerosTrue.dispatch 652 1061606424
UMAP_SPARSE_FIT_BITS optimizer-n1024-d2-zerosTrue.dispatch 653 3204955062
UMAP_SPARSE_FIT_BITS optimizer-n1024-d2-zerosTrue.dispatch 654 1091942771
UMAP_SPARSE_FIT_BITS optimizer-n1024-d2-zerosTrue.dispatch 655 1092457940
UMAP_SPARSE_FIT_BITS optimizer-n1024-d2-zerosTrue.dispatch 656 3235860414
UMAP_SPARSE_FIT_BITS optimizer-n1024-d2-zerosTrue.dispatch 657 3234548680
UMAP_SPARSE_FIT_BITS optimizer-n1024-d2-zerosTrue.dispatch 658 3237183190
UMAP_SPARSE_FIT_BITS optimizer-n1024-d2-zerosTrue.dispatch 659 3235869329
UMAP_SPARSE_FIT_BITS optimizer-n1024-d2-zerosTrue.dispatch 660 1080309751
UMAP_SPARSE_FIT_BITS optimizer-n1024-d2-zerosTrue.dispatch 661 1070010330
UMAP_SPARSE_FIT_BITS optimizer-n1024-d2-zerosTrue.dispatch 662 3228413710
UMAP_SPARSE_FIT_BITS optimizer-n1024-d2-zerosTrue.dispatch 663 3222995975
UMAP_SPARSE_FIT_BITS optimizer-n1024-d2-zerosTrue.dispatch 664 1091411760
UMAP_SPARSE_FIT_BITS optimizer-n1024-d2-zerosTrue.dispatch 665 1092423549
UMAP_SPARSE_FIT_BITS optimizer-n1024-d2-zerosTrue.dispatch 666 1091569629
UMAP_SPARSE_FIT_BITS optimizer-n1024-d2-zerosTrue.dispatch 667 1092115011
UMAP_SPARSE_FIT_BITS optimizer-n1024-d2-zerosTrue.dispatch 668 1091921510
UMAP_SPARSE_FIT_BITS optimizer-n1024-d2-zerosTrue.dispatch 669 1092017451
UMAP_SPARSE_FIT_BITS optimizer-n1024-d2-zerosTrue.dispatch 670 1081804461
UMAP_SPARSE_FIT_BITS optimizer-n1024-d2-zerosTrue.dispatch 671 1057468262
UMAP_SPARSE_FIT_BITS optimizer-n1024-d2-zerosTrue.dispatch 672 3230288524
UMAP_SPARSE_FIT_BITS optimizer-n1024-d2-zerosTrue.dispatch 673 3230279066
UMAP_SPARSE_FIT_BITS optimizer-n1024-d2-zerosTrue.dispatch 674 1094406802
UMAP_SPARSE_FIT_BITS optimizer-n1024-d2-zerosTrue.dispatch 675 1095447215
UMAP_SPARSE_FIT_BITS optimizer-n1024-d2-zerosTrue.dispatch 676 3234509198
UMAP_SPARSE_FIT_BITS optimizer-n1024-d2-zerosTrue.dispatch 677 3233056082
UMAP_SPARSE_FIT_BITS optimizer-n1024-d2-zerosTrue.dispatch 678 3230204999
UMAP_SPARSE_FIT_BITS optimizer-n1024-d2-zerosTrue.dispatch 679 3227685201
UMAP_SPARSE_FIT_BITS optimizer-n1024-d2-zerosTrue.dispatch 680 1053326396
UMAP_SPARSE_FIT_BITS optimizer-n1024-d2-zerosTrue.dispatch 681 3193565874
UMAP_SPARSE_FIT_BITS optimizer-n1024-d2-zerosTrue.dispatch 682 1082338544
UMAP_SPARSE_FIT_BITS optimizer-n1024-d2-zerosTrue.dispatch 683 3205138286
UMAP_SPARSE_FIT_BITS optimizer-n1024-d2-zerosTrue.dispatch 684 3219697949
UMAP_SPARSE_FIT_BITS optimizer-n1024-d2-zerosTrue.dispatch 685 3228917404
UMAP_SPARSE_FIT_BITS optimizer-n1024-d2-zerosTrue.dispatch 686 1064174336
UMAP_SPARSE_FIT_BITS optimizer-n1024-d2-zerosTrue.dispatch 687 1059791311
UMAP_SPARSE_FIT_BITS optimizer-n1024-d2-zerosTrue.dispatch 688 1050753048
UMAP_SPARSE_FIT_BITS optimizer-n1024-d2-zerosTrue.dispatch 689 1068288047
UMAP_SPARSE_FIT_BITS optimizer-n1024-d2-zerosTrue.dispatch 690 3232064662
UMAP_SPARSE_FIT_BITS optimizer-n1024-d2-zerosTrue.dispatch 691 3233662275
UMAP_SPARSE_FIT_BITS optimizer-n1024-d2-zerosTrue.dispatch 692 3231812859
UMAP_SPARSE_FIT_BITS optimizer-n1024-d2-zerosTrue.dispatch 693 3233563554
UMAP_SPARSE_FIT_BITS optimizer-n1024-d2-zerosTrue.dispatch 694 1078743464
UMAP_SPARSE_FIT_BITS optimizer-n1024-d2-zerosTrue.dispatch 695 3204961574
UMAP_SPARSE_FIT_BITS optimizer-n1024-d2-zerosTrue.dispatch 696 3234072643
UMAP_SPARSE_FIT_BITS optimizer-n1024-d2-zerosTrue.dispatch 697 3225479931
UMAP_SPARSE_FIT_BITS optimizer-n1024-d2-zerosTrue.dispatch 698 1082437751
UMAP_SPARSE_FIT_BITS optimizer-n1024-d2-zerosTrue.dispatch 699 1083394757
UMAP_SPARSE_FIT_BITS optimizer-n1024-d2-zerosTrue.dispatch 700 3231258650
UMAP_SPARSE_FIT_BITS optimizer-n1024-d2-zerosTrue.dispatch 701 3229877720
UMAP_SPARSE_FIT_BITS optimizer-n1024-d2-zerosTrue.dispatch 702 1089899537
UMAP_SPARSE_FIT_BITS optimizer-n1024-d2-zerosTrue.dispatch 703 1087575286
UMAP_SPARSE_FIT_BITS optimizer-n1024-d2-zerosTrue.dispatch 704 1088577554
UMAP_SPARSE_FIT_BITS optimizer-n1024-d2-zerosTrue.dispatch 705 1085547195
UMAP_SPARSE_FIT_BITS optimizer-n1024-d2-zerosTrue.dispatch 706 1090857558
UMAP_SPARSE_FIT_BITS optimizer-n1024-d2-zerosTrue.dispatch 707 1089688930
UMAP_SPARSE_FIT_BITS optimizer-n1024-d2-zerosTrue.dispatch 708 1092510755
UMAP_SPARSE_FIT_BITS optimizer-n1024-d2-zerosTrue.dispatch 709 1092365326
UMAP_SPARSE_FIT_BITS optimizer-n1024-d2-zerosTrue.dispatch 710 3232747049
UMAP_SPARSE_FIT_BITS optimizer-n1024-d2-zerosTrue.dispatch 711 3229831326
UMAP_SPARSE_FIT_BITS optimizer-n1024-d2-zerosTrue.dispatch 712 3238473725
UMAP_SPARSE_FIT_BITS optimizer-n1024-d2-zerosTrue.dispatch 713 3236841922
UMAP_SPARSE_FIT_BITS optimizer-n1024-d2-zerosTrue.dispatch 714 3238399133
UMAP_SPARSE_FIT_BITS optimizer-n1024-d2-zerosTrue.dispatch 715 3237352758
UMAP_SPARSE_FIT_BITS optimizer-n1024-d2-zerosTrue.dispatch 716 3231701307
UMAP_SPARSE_FIT_BITS optimizer-n1024-d2-zerosTrue.dispatch 717 3234591164
UMAP_SPARSE_FIT_BITS optimizer-n1024-d2-zerosTrue.dispatch 718 3227105848
UMAP_SPARSE_FIT_BITS optimizer-n1024-d2-zerosTrue.dispatch 719 3233046294
UMAP_SPARSE_FIT_BITS optimizer-n1024-d2-zerosTrue.dispatch 720 3239249684
UMAP_SPARSE_FIT_BITS optimizer-n1024-d2-zerosTrue.dispatch 721 3239954068
UMAP_SPARSE_FIT_BITS optimizer-n1024-d2-zerosTrue.dispatch 722 1083724660
UMAP_SPARSE_FIT_BITS optimizer-n1024-d2-zerosTrue.dispatch 723 1086717165
UMAP_SPARSE_FIT_BITS optimizer-n1024-d2-zerosTrue.dispatch 724 3222984866
UMAP_SPARSE_FIT_BITS optimizer-n1024-d2-zerosTrue.dispatch 725 3225414641
UMAP_SPARSE_FIT_BITS optimizer-n1024-d2-zerosTrue.dispatch 726 3222092566
UMAP_SPARSE_FIT_BITS optimizer-n1024-d2-zerosTrue.dispatch 727 3228838012
UMAP_SPARSE_FIT_BITS optimizer-n1024-d2-zerosTrue.dispatch 728 3221556095
UMAP_SPARSE_FIT_BITS optimizer-n1024-d2-zerosTrue.dispatch 729 3230057055
UMAP_SPARSE_FIT_BITS optimizer-n1024-d2-zerosTrue.dispatch 730 1098661525
UMAP_SPARSE_FIT_BITS optimizer-n1024-d2-zerosTrue.dispatch 731 1098103267
UMAP_SPARSE_FIT_BITS optimizer-n1024-d2-zerosTrue.dispatch 732 1073048168
UMAP_SPARSE_FIT_BITS optimizer-n1024-d2-zerosTrue.dispatch 733 1078252060
UMAP_SPARSE_FIT_BITS optimizer-n1024-d2-zerosTrue.dispatch 734 3240913265
UMAP_SPARSE_FIT_BITS optimizer-n1024-d2-zerosTrue.dispatch 735 3235736568
UMAP_SPARSE_FIT_BITS optimizer-n1024-d2-zerosTrue.dispatch 736 3238414159
UMAP_SPARSE_FIT_BITS optimizer-n1024-d2-zerosTrue.dispatch 737 3237789847
UMAP_SPARSE_FIT_BITS optimizer-n1024-d2-zerosTrue.dispatch 738 1084711457
UMAP_SPARSE_FIT_BITS optimizer-n1024-d2-zerosTrue.dispatch 739 1073803524
UMAP_SPARSE_FIT_BITS optimizer-n1024-d2-zerosTrue.dispatch 740 1042356880
UMAP_SPARSE_FIT_BITS optimizer-n1024-d2-zerosTrue.dispatch 741 3212367328
UMAP_SPARSE_FIT_BITS optimizer-n1024-d2-zerosTrue.dispatch 742 1090804801
UMAP_SPARSE_FIT_BITS optimizer-n1024-d2-zerosTrue.dispatch 743 1088817794
UMAP_SPARSE_FIT_BITS optimizer-n1024-d2-zerosTrue.dispatch 744 3228436584
UMAP_SPARSE_FIT_BITS optimizer-n1024-d2-zerosTrue.dispatch 745 3224389604
UMAP_SPARSE_FIT_BITS optimizer-n1024-d2-zerosTrue.dispatch 746 3231256043
UMAP_SPARSE_FIT_BITS optimizer-n1024-d2-zerosTrue.dispatch 747 3222511935
UMAP_SPARSE_FIT_BITS optimizer-n1024-d2-zerosTrue.dispatch 748 3239634530
UMAP_SPARSE_FIT_BITS optimizer-n1024-d2-zerosTrue.dispatch 749 3238033519
UMAP_SPARSE_FIT_BITS optimizer-n1024-d2-zerosTrue.dispatch 750 1092432362
UMAP_SPARSE_FIT_BITS optimizer-n1024-d2-zerosTrue.dispatch 751 1092836355
UMAP_SPARSE_FIT_BITS optimizer-n1024-d2-zerosTrue.dispatch 752 3240256150
UMAP_SPARSE_FIT_BITS optimizer-n1024-d2-zerosTrue.dispatch 753 3241707352
UMAP_SPARSE_FIT_BITS optimizer-n1024-d2-zerosTrue.dispatch 754 1082178907
UMAP_SPARSE_FIT_BITS optimizer-n1024-d2-zerosTrue.dispatch 755 1082189534
UMAP_SPARSE_FIT_BITS optimizer-n1024-d2-zerosTrue.dispatch 756 1092587759
UMAP_SPARSE_FIT_BITS optimizer-n1024-d2-zerosTrue.dispatch 757 1093346741
UMAP_SPARSE_FIT_BITS optimizer-n1024-d2-zerosTrue.dispatch 758 3226825531
UMAP_SPARSE_FIT_BITS optimizer-n1024-d2-zerosTrue.dispatch 759 3222973009
UMAP_SPARSE_FIT_BITS optimizer-n1024-d2-zerosTrue.dispatch 760 3218463953
UMAP_SPARSE_FIT_BITS optimizer-n1024-d2-zerosTrue.dispatch 761 3223101597
UMAP_SPARSE_FIT_BITS optimizer-n1024-d2-zerosTrue.dispatch 762 1091308812
UMAP_SPARSE_FIT_BITS optimizer-n1024-d2-zerosTrue.dispatch 763 1089177237
UMAP_SPARSE_FIT_BITS optimizer-n1024-d2-zerosTrue.dispatch 764 1050077580
UMAP_SPARSE_FIT_BITS optimizer-n1024-d2-zerosTrue.dispatch 765 1052142456
UMAP_SPARSE_FIT_BITS optimizer-n1024-d2-zerosTrue.dispatch 766 3210549248
UMAP_SPARSE_FIT_BITS optimizer-n1024-d2-zerosTrue.dispatch 767 1085432461
UMAP_SPARSE_FIT_BITS optimizer-n1024-d2-zerosTrue.dispatch 768 3238964150
UMAP_SPARSE_FIT_BITS optimizer-n1024-d2-zerosTrue.dispatch 769 3235518560
UMAP_SPARSE_FIT_BITS optimizer-n1024-d2-zerosTrue.dispatch 770 1084464929
UMAP_SPARSE_FIT_BITS optimizer-n1024-d2-zerosTrue.dispatch 771 1082453103
UMAP_SPARSE_FIT_BITS optimizer-n1024-d2-zerosTrue.dispatch 772 1077314540
UMAP_SPARSE_FIT_BITS optimizer-n1024-d2-zerosTrue.dispatch 773 1065514111
UMAP_SPARSE_FIT_BITS optimizer-n1024-d2-zerosTrue.dispatch 774 1092858163
UMAP_SPARSE_FIT_BITS optimizer-n1024-d2-zerosTrue.dispatch 775 1092345754
UMAP_SPARSE_FIT_BITS optimizer-n1024-d2-zerosTrue.dispatch 776 1083900574
UMAP_SPARSE_FIT_BITS optimizer-n1024-d2-zerosTrue.dispatch 777 1083661797
UMAP_SPARSE_FIT_BITS optimizer-n1024-d2-zerosTrue.dispatch 778 3223028843
UMAP_SPARSE_FIT_BITS optimizer-n1024-d2-zerosTrue.dispatch 779 3217646213
UMAP_SPARSE_FIT_BITS optimizer-n1024-d2-zerosTrue.dispatch 780 1096272018
UMAP_SPARSE_FIT_BITS optimizer-n1024-d2-zerosTrue.dispatch 781 1097253770
UMAP_SPARSE_FIT_BITS optimizer-n1024-d2-zerosTrue.dispatch 782 3239167651
UMAP_SPARSE_FIT_BITS optimizer-n1024-d2-zerosTrue.dispatch 783 3238608073
UMAP_SPARSE_FIT_BITS optimizer-n1024-d2-zerosTrue.dispatch 784 1065879368
UMAP_SPARSE_FIT_BITS optimizer-n1024-d2-zerosTrue.dispatch 785 3193470543
UMAP_SPARSE_FIT_BITS optimizer-n1024-d2-zerosTrue.dispatch 786 3204183932
UMAP_SPARSE_FIT_BITS optimizer-n1024-d2-zerosTrue.dispatch 787 3197546012
UMAP_SPARSE_FIT_BITS optimizer-n1024-d2-zerosTrue.dispatch 788 1088159014
UMAP_SPARSE_FIT_BITS optimizer-n1024-d2-zerosTrue.dispatch 789 1086649921
UMAP_SPARSE_FIT_BITS optimizer-n1024-d2-zerosTrue.dispatch 790 1091001903
UMAP_SPARSE_FIT_BITS optimizer-n1024-d2-zerosTrue.dispatch 791 1091686296
UMAP_SPARSE_FIT_BITS optimizer-n1024-d2-zerosTrue.dispatch 792 3234262091
UMAP_SPARSE_FIT_BITS optimizer-n1024-d2-zerosTrue.dispatch 793 3231390589
UMAP_SPARSE_FIT_BITS optimizer-n1024-d2-zerosTrue.dispatch 794 3235440282
UMAP_SPARSE_FIT_BITS optimizer-n1024-d2-zerosTrue.dispatch 795 3237466396
UMAP_SPARSE_FIT_BITS optimizer-n1024-d2-zerosTrue.dispatch 796 3192099150
UMAP_SPARSE_FIT_BITS optimizer-n1024-d2-zerosTrue.dispatch 797 3228774842
UMAP_SPARSE_FIT_BITS optimizer-n1024-d2-zerosTrue.dispatch 798 3206139706
UMAP_SPARSE_FIT_BITS optimizer-n1024-d2-zerosTrue.dispatch 799 3216639101
UMAP_SPARSE_FIT_BITS optimizer-n1024-d2-zerosTrue.dispatch 800 1086944519
UMAP_SPARSE_FIT_BITS optimizer-n1024-d2-zerosTrue.dispatch 801 1090202039
UMAP_SPARSE_FIT_BITS optimizer-n1024-d2-zerosTrue.dispatch 802 1087030871
UMAP_SPARSE_FIT_BITS optimizer-n1024-d2-zerosTrue.dispatch 803 1090055964
UMAP_SPARSE_FIT_BITS optimizer-n1024-d2-zerosTrue.dispatch 804 1074833300
UMAP_SPARSE_FIT_BITS optimizer-n1024-d2-zerosTrue.dispatch 805 1067482288
UMAP_SPARSE_FIT_BITS optimizer-n1024-d2-zerosTrue.dispatch 806 1074248092
UMAP_SPARSE_FIT_BITS optimizer-n1024-d2-zerosTrue.dispatch 807 1056203980
UMAP_SPARSE_FIT_BITS optimizer-n1024-d2-zerosTrue.dispatch 808 3238259937
UMAP_SPARSE_FIT_BITS optimizer-n1024-d2-zerosTrue.dispatch 809 3239551838
UMAP_SPARSE_FIT_BITS optimizer-n1024-d2-zerosTrue.dispatch 810 1089466909
UMAP_SPARSE_FIT_BITS optimizer-n1024-d2-zerosTrue.dispatch 811 1091008092
UMAP_SPARSE_FIT_BITS optimizer-n1024-d2-zerosTrue.dispatch 812 1065067522
UMAP_SPARSE_FIT_BITS optimizer-n1024-d2-zerosTrue.dispatch 813 1081580541
UMAP_SPARSE_FIT_BITS optimizer-n1024-d2-zerosTrue.dispatch 814 1084788133
UMAP_SPARSE_FIT_BITS optimizer-n1024-d2-zerosTrue.dispatch 815 1078190351
UMAP_SPARSE_FIT_BITS optimizer-n1024-d2-zerosTrue.dispatch 816 3236293653
UMAP_SPARSE_FIT_BITS optimizer-n1024-d2-zerosTrue.dispatch 817 3216979372
UMAP_SPARSE_FIT_BITS optimizer-n1024-d2-zerosTrue.dispatch 818 3234328434
UMAP_SPARSE_FIT_BITS optimizer-n1024-d2-zerosTrue.dispatch 819 3233434978
UMAP_SPARSE_FIT_BITS optimizer-n1024-d2-zerosTrue.dispatch 820 3223581337
UMAP_SPARSE_FIT_BITS optimizer-n1024-d2-zerosTrue.dispatch 821 3230911783
UMAP_SPARSE_FIT_BITS optimizer-n1024-d2-zerosTrue.dispatch 822 1091384062
UMAP_SPARSE_FIT_BITS optimizer-n1024-d2-zerosTrue.dispatch 823 1089355498
UMAP_SPARSE_FIT_BITS optimizer-n1024-d2-zerosTrue.dispatch 824 3190966452
UMAP_SPARSE_FIT_BITS optimizer-n1024-d2-zerosTrue.dispatch 825 1081041956
UMAP_SPARSE_FIT_BITS optimizer-n1024-d2-zerosTrue.dispatch 826 3219890995
UMAP_SPARSE_FIT_BITS optimizer-n1024-d2-zerosTrue.dispatch 827 3221909406
UMAP_SPARSE_FIT_BITS optimizer-n1024-d2-zerosTrue.dispatch 828 1093031034
UMAP_SPARSE_FIT_BITS optimizer-n1024-d2-zerosTrue.dispatch 829 1092435475
UMAP_SPARSE_FIT_BITS optimizer-n1024-d2-zerosTrue.dispatch 830 1063798758
UMAP_SPARSE_FIT_BITS optimizer-n1024-d2-zerosTrue.dispatch 831 3204955648
UMAP_SPARSE_FIT_BITS optimizer-n1024-d2-zerosTrue.dispatch 832 1055748532
UMAP_SPARSE_FIT_BITS optimizer-n1024-d2-zerosTrue.dispatch 833 3214702123
UMAP_SPARSE_FIT_BITS optimizer-n1024-d2-zerosTrue.dispatch 834 3202184101
UMAP_SPARSE_FIT_BITS optimizer-n1024-d2-zerosTrue.dispatch 835 3209103401
UMAP_SPARSE_FIT_BITS optimizer-n1024-d2-zerosTrue.dispatch 836 1080335017
UMAP_SPARSE_FIT_BITS optimizer-n1024-d2-zerosTrue.dispatch 837 1082355144
UMAP_SPARSE_FIT_BITS optimizer-n1024-d2-zerosTrue.dispatch 838 1081284989
UMAP_SPARSE_FIT_BITS optimizer-n1024-d2-zerosTrue.dispatch 839 1082464048
UMAP_SPARSE_FIT_BITS optimizer-n1024-d2-zerosTrue.dispatch 840 1082286904
UMAP_SPARSE_FIT_BITS optimizer-n1024-d2-zerosTrue.dispatch 841 1081260069
UMAP_SPARSE_FIT_BITS optimizer-n1024-d2-zerosTrue.dispatch 842 1082480017
UMAP_SPARSE_FIT_BITS optimizer-n1024-d2-zerosTrue.dispatch 843 1081761658
UMAP_SPARSE_FIT_BITS optimizer-n1024-d2-zerosTrue.dispatch 844 1093608605
UMAP_SPARSE_FIT_BITS optimizer-n1024-d2-zerosTrue.dispatch 845 1094790518
UMAP_SPARSE_FIT_BITS optimizer-n1024-d2-zerosTrue.dispatch 846 1094730666
UMAP_SPARSE_FIT_BITS optimizer-n1024-d2-zerosTrue.dispatch 847 1096818731
UMAP_SPARSE_FIT_BITS optimizer-n1024-d2-zerosTrue.dispatch 848 3192769454
UMAP_SPARSE_FIT_BITS optimizer-n1024-d2-zerosTrue.dispatch 849 3212598596
UMAP_SPARSE_FIT_BITS optimizer-n1024-d2-zerosTrue.dispatch 850 3238722820
UMAP_SPARSE_FIT_BITS optimizer-n1024-d2-zerosTrue.dispatch 851 3238077049
UMAP_SPARSE_FIT_BITS optimizer-n1024-d2-zerosTrue.dispatch 852 3212758299
UMAP_SPARSE_FIT_BITS optimizer-n1024-d2-zerosTrue.dispatch 853 3220257589
UMAP_SPARSE_FIT_BITS optimizer-n1024-d2-zerosTrue.dispatch 854 3234805940
UMAP_SPARSE_FIT_BITS optimizer-n1024-d2-zerosTrue.dispatch 855 3237130712
UMAP_SPARSE_FIT_BITS optimizer-n1024-d2-zerosTrue.dispatch 856 1078086443
UMAP_SPARSE_FIT_BITS optimizer-n1024-d2-zerosTrue.dispatch 857 1076239114
UMAP_SPARSE_FIT_BITS optimizer-n1024-d2-zerosTrue.dispatch 858 3196677273
UMAP_SPARSE_FIT_BITS optimizer-n1024-d2-zerosTrue.dispatch 859 1056877272
UMAP_SPARSE_FIT_BITS optimizer-n1024-d2-zerosTrue.dispatch 860 3200582576
UMAP_SPARSE_FIT_BITS optimizer-n1024-d2-zerosTrue.dispatch 861 1055026465
UMAP_SPARSE_FIT_BITS optimizer-n1024-d2-zerosTrue.dispatch 862 1087875411
UMAP_SPARSE_FIT_BITS optimizer-n1024-d2-zerosTrue.dispatch 863 1090189440
UMAP_SPARSE_FIT_BITS optimizer-n1024-d2-zerosTrue.dispatch 864 3200831064
UMAP_SPARSE_FIT_BITS optimizer-n1024-d2-zerosTrue.dispatch 865 3223492003
UMAP_SPARSE_FIT_BITS optimizer-n1024-d2-zerosTrue.dispatch 866 3221476663
UMAP_SPARSE_FIT_BITS optimizer-n1024-d2-zerosTrue.dispatch 867 3226355499
UMAP_SPARSE_FIT_BITS optimizer-n1024-d2-zerosTrue.dispatch 868 1091723853
UMAP_SPARSE_FIT_BITS optimizer-n1024-d2-zerosTrue.dispatch 869 1095483206
UMAP_SPARSE_FIT_BITS optimizer-n1024-d2-zerosTrue.dispatch 870 1080468427
UMAP_SPARSE_FIT_BITS optimizer-n1024-d2-zerosTrue.dispatch 871 1083216694
UMAP_SPARSE_FIT_BITS optimizer-n1024-d2-zerosTrue.dispatch 872 3216908323
UMAP_SPARSE_FIT_BITS optimizer-n1024-d2-zerosTrue.dispatch 873 1066181648
UMAP_SPARSE_FIT_BITS optimizer-n1024-d2-zerosTrue.dispatch 874 1090575156
UMAP_SPARSE_FIT_BITS optimizer-n1024-d2-zerosTrue.dispatch 875 1086330926
UMAP_SPARSE_FIT_BITS optimizer-n1024-d2-zerosTrue.dispatch 876 1094159510
UMAP_SPARSE_FIT_BITS optimizer-n1024-d2-zerosTrue.dispatch 877 1093895241
UMAP_SPARSE_FIT_BITS optimizer-n1024-d2-zerosTrue.dispatch 878 1091070276
UMAP_SPARSE_FIT_BITS optimizer-n1024-d2-zerosTrue.dispatch 879 1091761692
UMAP_SPARSE_FIT_BITS optimizer-n1024-d2-zerosTrue.dispatch 880 1067498102
UMAP_SPARSE_FIT_BITS optimizer-n1024-d2-zerosTrue.dispatch 881 1075049654
UMAP_SPARSE_FIT_BITS optimizer-n1024-d2-zerosTrue.dispatch 882 1070783578
UMAP_SPARSE_FIT_BITS optimizer-n1024-d2-zerosTrue.dispatch 883 1075489776
UMAP_SPARSE_FIT_BITS optimizer-n1024-d2-zerosTrue.dispatch 884 3237096768
UMAP_SPARSE_FIT_BITS optimizer-n1024-d2-zerosTrue.dispatch 885 3237104467
UMAP_SPARSE_FIT_BITS optimizer-n1024-d2-zerosTrue.dispatch 886 3231983603
UMAP_SPARSE_FIT_BITS optimizer-n1024-d2-zerosTrue.dispatch 887 3235601542
UMAP_SPARSE_FIT_BITS optimizer-n1024-d2-zerosTrue.dispatch 888 3225307353
UMAP_SPARSE_FIT_BITS optimizer-n1024-d2-zerosTrue.dispatch 889 3231389847
UMAP_SPARSE_FIT_BITS optimizer-n1024-d2-zerosTrue.dispatch 890 1074703005
UMAP_SPARSE_FIT_BITS optimizer-n1024-d2-zerosTrue.dispatch 891 1073818869
UMAP_SPARSE_FIT_BITS optimizer-n1024-d2-zerosTrue.dispatch 892 1078711890
UMAP_SPARSE_FIT_BITS optimizer-n1024-d2-zerosTrue.dispatch 893 1081702170
UMAP_SPARSE_FIT_BITS optimizer-n1024-d2-zerosTrue.dispatch 894 1079930830
UMAP_SPARSE_FIT_BITS optimizer-n1024-d2-zerosTrue.dispatch 895 1082644492
UMAP_SPARSE_FIT_BITS optimizer-n1024-d2-zerosTrue.dispatch 896 1072630454
UMAP_SPARSE_FIT_BITS optimizer-n1024-d2-zerosTrue.dispatch 897 3210880762
UMAP_SPARSE_FIT_BITS optimizer-n1024-d2-zerosTrue.dispatch 898 1072137807
UMAP_SPARSE_FIT_BITS optimizer-n1024-d2-zerosTrue.dispatch 899 3208755694
UMAP_SPARSE_FIT_BITS optimizer-n1024-d2-zerosTrue.dispatch 900 1067399529
UMAP_SPARSE_FIT_BITS optimizer-n1024-d2-zerosTrue.dispatch 901 1071287742
UMAP_SPARSE_FIT_BITS optimizer-n1024-d2-zerosTrue.dispatch 902 3233012214
UMAP_SPARSE_FIT_BITS optimizer-n1024-d2-zerosTrue.dispatch 903 3227246686
UMAP_SPARSE_FIT_BITS optimizer-n1024-d2-zerosTrue.dispatch 904 1075527884
UMAP_SPARSE_FIT_BITS optimizer-n1024-d2-zerosTrue.dispatch 905 1082216596
UMAP_SPARSE_FIT_BITS optimizer-n1024-d2-zerosTrue.dispatch 906 1057071032
UMAP_SPARSE_FIT_BITS optimizer-n1024-d2-zerosTrue.dispatch 907 3212043400
UMAP_SPARSE_FIT_BITS optimizer-n1024-d2-zerosTrue.dispatch 908 1092607960
UMAP_SPARSE_FIT_BITS optimizer-n1024-d2-zerosTrue.dispatch 909 1090658129
UMAP_SPARSE_FIT_BITS optimizer-n1024-d2-zerosTrue.dispatch 910 3207989843
UMAP_SPARSE_FIT_BITS optimizer-n1024-d2-zerosTrue.dispatch 911 3231721743
UMAP_SPARSE_FIT_BITS optimizer-n1024-d2-zerosTrue.dispatch 912 1088096350
UMAP_SPARSE_FIT_BITS optimizer-n1024-d2-zerosTrue.dispatch 913 1090236786
UMAP_SPARSE_FIT_BITS optimizer-n1024-d2-zerosTrue.dispatch 914 3196148937
UMAP_SPARSE_FIT_BITS optimizer-n1024-d2-zerosTrue.dispatch 915 1066488894
UMAP_SPARSE_FIT_BITS optimizer-n1024-d2-zerosTrue.dispatch 916 1038934881
UMAP_SPARSE_FIT_BITS optimizer-n1024-d2-zerosTrue.dispatch 917 1073297399
UMAP_SPARSE_FIT_BITS optimizer-n1024-d2-zerosTrue.dispatch 918 3247888602
UMAP_SPARSE_FIT_BITS optimizer-n1024-d2-zerosTrue.dispatch 919 3247484409
UMAP_SPARSE_FIT_BITS optimizer-n1024-d2-zerosTrue.dispatch 920 1077887685
UMAP_SPARSE_FIT_BITS optimizer-n1024-d2-zerosTrue.dispatch 921 1076722560
UMAP_SPARSE_FIT_BITS optimizer-n1024-d2-zerosTrue.dispatch 922 3215499941
UMAP_SPARSE_FIT_BITS optimizer-n1024-d2-zerosTrue.dispatch 923 3224496219
UMAP_SPARSE_FIT_BITS optimizer-n1024-d2-zerosTrue.dispatch 924 3213664391
UMAP_SPARSE_FIT_BITS optimizer-n1024-d2-zerosTrue.dispatch 925 3225350162
UMAP_SPARSE_FIT_BITS optimizer-n1024-d2-zerosTrue.dispatch 926 1094524033
UMAP_SPARSE_FIT_BITS optimizer-n1024-d2-zerosTrue.dispatch 927 1095854340
UMAP_SPARSE_FIT_BITS optimizer-n1024-d2-zerosTrue.dispatch 928 1084425991
UMAP_SPARSE_FIT_BITS optimizer-n1024-d2-zerosTrue.dispatch 929 1085625935
UMAP_SPARSE_FIT_BITS optimizer-n1024-d2-zerosTrue.dispatch 930 1084448365
UMAP_SPARSE_FIT_BITS optimizer-n1024-d2-zerosTrue.dispatch 931 1082681685
UMAP_SPARSE_FIT_BITS optimizer-n1024-d2-zerosTrue.dispatch 932 1084794308
UMAP_SPARSE_FIT_BITS optimizer-n1024-d2-zerosTrue.dispatch 933 1082509317
UMAP_SPARSE_FIT_BITS optimizer-n1024-d2-zerosTrue.dispatch 934 3215043999
UMAP_SPARSE_FIT_BITS optimizer-n1024-d2-zerosTrue.dispatch 935 3228028716
UMAP_SPARSE_FIT_BITS optimizer-n1024-d2-zerosTrue.dispatch 936 1084234732
UMAP_SPARSE_FIT_BITS optimizer-n1024-d2-zerosTrue.dispatch 937 1086788230
UMAP_SPARSE_FIT_BITS optimizer-n1024-d2-zerosTrue.dispatch 938 3222843030
UMAP_SPARSE_FIT_BITS optimizer-n1024-d2-zerosTrue.dispatch 939 3213565104
UMAP_SPARSE_FIT_BITS optimizer-n1024-d2-zerosTrue.dispatch 940 3234481971
UMAP_SPARSE_FIT_BITS optimizer-n1024-d2-zerosTrue.dispatch 941 3234056443
UMAP_SPARSE_FIT_BITS optimizer-n1024-d2-zerosTrue.dispatch 942 1091912126
UMAP_SPARSE_FIT_BITS optimizer-n1024-d2-zerosTrue.dispatch 943 1091452550
UMAP_SPARSE_FIT_BITS optimizer-n1024-d2-zerosTrue.dispatch 944 1082341730
UMAP_SPARSE_FIT_BITS optimizer-n1024-d2-zerosTrue.dispatch 945 1082604944
UMAP_SPARSE_FIT_BITS optimizer-n1024-d2-zerosTrue.dispatch 946 1081506226
UMAP_SPARSE_FIT_BITS optimizer-n1024-d2-zerosTrue.dispatch 947 1083212745
UMAP_SPARSE_FIT_BITS optimizer-n1024-d2-zerosTrue.dispatch 948 3218721846
UMAP_SPARSE_FIT_BITS optimizer-n1024-d2-zerosTrue.dispatch 949 1059596832
UMAP_SPARSE_FIT_BITS optimizer-n1024-d2-zerosTrue.dispatch 950 3219733888
UMAP_SPARSE_FIT_BITS optimizer-n1024-d2-zerosTrue.dispatch 951 1051718792
UMAP_SPARSE_FIT_BITS optimizer-n1024-d2-zerosTrue.dispatch 952 3230749738
UMAP_SPARSE_FIT_BITS optimizer-n1024-d2-zerosTrue.dispatch 953 3227442431
UMAP_SPARSE_FIT_BITS optimizer-n1024-d2-zerosTrue.dispatch 954 1078638433
UMAP_SPARSE_FIT_BITS optimizer-n1024-d2-zerosTrue.dispatch 955 1077749417
UMAP_SPARSE_FIT_BITS optimizer-n1024-d2-zerosTrue.dispatch 956 3204636363
UMAP_SPARSE_FIT_BITS optimizer-n1024-d2-zerosTrue.dispatch 957 3223177286
UMAP_SPARSE_FIT_BITS optimizer-n1024-d2-zerosTrue.dispatch 958 1091186776
UMAP_SPARSE_FIT_BITS optimizer-n1024-d2-zerosTrue.dispatch 959 1092108323
UMAP_SPARSE_FIT_BITS optimizer-n1024-d2-zerosTrue.dispatch 960 3197502980
UMAP_SPARSE_FIT_BITS optimizer-n1024-d2-zerosTrue.dispatch 961 1061321342
UMAP_SPARSE_FIT_BITS optimizer-n1024-d2-zerosTrue.dispatch 962 3235747136
UMAP_SPARSE_FIT_BITS optimizer-n1024-d2-zerosTrue.dispatch 963 3235704501
UMAP_SPARSE_FIT_BITS optimizer-n1024-d2-zerosTrue.dispatch 964 1091066451
UMAP_SPARSE_FIT_BITS optimizer-n1024-d2-zerosTrue.dispatch 965 1091209097
UMAP_SPARSE_FIT_BITS optimizer-n1024-d2-zerosTrue.dispatch 966 1088177639
UMAP_SPARSE_FIT_BITS optimizer-n1024-d2-zerosTrue.dispatch 967 1085936072
UMAP_SPARSE_FIT_BITS optimizer-n1024-d2-zerosTrue.dispatch 968 1088726985
UMAP_SPARSE_FIT_BITS optimizer-n1024-d2-zerosTrue.dispatch 969 1089335950
UMAP_SPARSE_FIT_BITS optimizer-n1024-d2-zerosTrue.dispatch 970 1088879228
UMAP_SPARSE_FIT_BITS optimizer-n1024-d2-zerosTrue.dispatch 971 1089401464
UMAP_SPARSE_FIT_BITS optimizer-n1024-d2-zerosTrue.dispatch 972 3241064458
UMAP_SPARSE_FIT_BITS optimizer-n1024-d2-zerosTrue.dispatch 973 3240057324
UMAP_SPARSE_FIT_BITS optimizer-n1024-d2-zerosTrue.dispatch 974 3215566444
UMAP_SPARSE_FIT_BITS optimizer-n1024-d2-zerosTrue.dispatch 975 3219991099
UMAP_SPARSE_FIT_BITS optimizer-n1024-d2-zerosTrue.dispatch 976 1091145338
UMAP_SPARSE_FIT_BITS optimizer-n1024-d2-zerosTrue.dispatch 977 1087746413
UMAP_SPARSE_FIT_BITS optimizer-n1024-d2-zerosTrue.dispatch 978 3231654996
UMAP_SPARSE_FIT_BITS optimizer-n1024-d2-zerosTrue.dispatch 979 3233624479
UMAP_SPARSE_FIT_BITS optimizer-n1024-d2-zerosTrue.dispatch 980 3190893862
UMAP_SPARSE_FIT_BITS optimizer-n1024-d2-zerosTrue.dispatch 981 1074589455
UMAP_SPARSE_FIT_BITS optimizer-n1024-d2-zerosTrue.dispatch 982 1090154418
UMAP_SPARSE_FIT_BITS optimizer-n1024-d2-zerosTrue.dispatch 983 1089653944
UMAP_SPARSE_FIT_BITS optimizer-n1024-d2-zerosTrue.dispatch 984 3226128563
UMAP_SPARSE_FIT_BITS optimizer-n1024-d2-zerosTrue.dispatch 985 3226569875
UMAP_SPARSE_FIT_BITS optimizer-n1024-d2-zerosTrue.dispatch 986 3238380964
UMAP_SPARSE_FIT_BITS optimizer-n1024-d2-zerosTrue.dispatch 987 3239048033
UMAP_SPARSE_FIT_BITS optimizer-n1024-d2-zerosTrue.dispatch 988 1081665183
UMAP_SPARSE_FIT_BITS optimizer-n1024-d2-zerosTrue.dispatch 989 1084558530
UMAP_SPARSE_FIT_BITS optimizer-n1024-d2-zerosTrue.dispatch 990 3239457855
UMAP_SPARSE_FIT_BITS optimizer-n1024-d2-zerosTrue.dispatch 991 3237085776
UMAP_SPARSE_FIT_BITS optimizer-n1024-d2-zerosTrue.dispatch 992 3230935055
UMAP_SPARSE_FIT_BITS optimizer-n1024-d2-zerosTrue.dispatch 993 3231204977
UMAP_SPARSE_FIT_BITS optimizer-n1024-d2-zerosTrue.dispatch 994 1084048015
UMAP_SPARSE_FIT_BITS optimizer-n1024-d2-zerosTrue.dispatch 995 1085683073
UMAP_SPARSE_FIT_BITS optimizer-n1024-d2-zerosTrue.dispatch 996 3237502752
UMAP_SPARSE_FIT_BITS optimizer-n1024-d2-zerosTrue.dispatch 997 1039616017
UMAP_SPARSE_FIT_BITS optimizer-n1024-d2-zerosTrue.dispatch 998 1093948953
UMAP_SPARSE_FIT_BITS optimizer-n1024-d2-zerosTrue.dispatch 999 1093168059
UMAP_SPARSE_FIT_BITS optimizer-n1024-d2-zerosTrue.dispatch 1000 1086144516
UMAP_SPARSE_FIT_BITS optimizer-n1024-d2-zerosTrue.dispatch 1001 1081550497
UMAP_SPARSE_FIT_BITS optimizer-n1024-d2-zerosTrue.dispatch 1002 3227780810
UMAP_SPARSE_FIT_BITS optimizer-n1024-d2-zerosTrue.dispatch 1003 3228000095
UMAP_SPARSE_FIT_BITS optimizer-n1024-d2-zerosTrue.dispatch 1004 3227847689
UMAP_SPARSE_FIT_BITS optimizer-n1024-d2-zerosTrue.dispatch 1005 3228372313
UMAP_SPARSE_FIT_BITS optimizer-n1024-d2-zerosTrue.dispatch 1006 1074074321
UMAP_SPARSE_FIT_BITS optimizer-n1024-d2-zerosTrue.dispatch 1007 1080421723
UMAP_SPARSE_FIT_BITS optimizer-n1024-d2-zerosTrue.dispatch 1008 1093903607
UMAP_SPARSE_FIT_BITS optimizer-n1024-d2-zerosTrue.dispatch 1009 1093155495
UMAP_SPARSE_FIT_BITS optimizer-n1024-d2-zerosTrue.dispatch 1010 1091455917
UMAP_SPARSE_FIT_BITS optimizer-n1024-d2-zerosTrue.dispatch 1011 1089278679
UMAP_SPARSE_FIT_BITS optimizer-n1024-d2-zerosTrue.dispatch 1012 1079406339
UMAP_SPARSE_FIT_BITS optimizer-n1024-d2-zerosTrue.dispatch 1013 1071660686
UMAP_SPARSE_FIT_BITS optimizer-n1024-d2-zerosTrue.dispatch 1014 1088815085
UMAP_SPARSE_FIT_BITS optimizer-n1024-d2-zerosTrue.dispatch 1015 1090610656
UMAP_SPARSE_FIT_BITS optimizer-n1024-d2-zerosTrue.dispatch 1016 1087544132
UMAP_SPARSE_FIT_BITS optimizer-n1024-d2-zerosTrue.dispatch 1017 1086626366
UMAP_SPARSE_FIT_BITS optimizer-n1024-d2-zerosTrue.dispatch 1018 1086453609
UMAP_SPARSE_FIT_BITS optimizer-n1024-d2-zerosTrue.dispatch 1019 1080328292
UMAP_SPARSE_FIT_BITS optimizer-n1024-d2-zerosTrue.dispatch 1020 3232580286
UMAP_SPARSE_FIT_BITS optimizer-n1024-d2-zerosTrue.dispatch 1021 3227247849
UMAP_SPARSE_FIT_BITS optimizer-n1024-d2-zerosTrue.dispatch 1022 3236179422
UMAP_SPARSE_FIT_BITS optimizer-n1024-d2-zerosTrue.dispatch 1023 3236085693
UMAP_SPARSE_FIT_BITS optimizer-n1024-d2-zerosTrue.dispatch 1024 3236247130
UMAP_SPARSE_FIT_BITS optimizer-n1024-d2-zerosTrue.dispatch 1025 3237155792
UMAP_SPARSE_FIT_BITS optimizer-n1024-d2-zerosTrue.dispatch 1026 3235992505
UMAP_SPARSE_FIT_BITS optimizer-n1024-d2-zerosTrue.dispatch 1027 3237231367
UMAP_SPARSE_FIT_BITS optimizer-n1024-d2-zerosTrue.dispatch 1028 3228568596
UMAP_SPARSE_FIT_BITS optimizer-n1024-d2-zerosTrue.dispatch 1029 3227679228
UMAP_SPARSE_FIT_BITS optimizer-n1024-d2-zerosTrue.dispatch 1030 3236159882
UMAP_SPARSE_FIT_BITS optimizer-n1024-d2-zerosTrue.dispatch 1031 3230940728
UMAP_SPARSE_FIT_BITS optimizer-n1024-d2-zerosTrue.dispatch 1032 3203850846
UMAP_SPARSE_FIT_BITS optimizer-n1024-d2-zerosTrue.dispatch 1033 3207920370
UMAP_SPARSE_FIT_BITS optimizer-n1024-d2-zerosTrue.dispatch 1034 3234347427
UMAP_SPARSE_FIT_BITS optimizer-n1024-d2-zerosTrue.dispatch 1035 3237871200
UMAP_SPARSE_FIT_BITS optimizer-n1024-d2-zerosTrue.dispatch 1036 1075913136
UMAP_SPARSE_FIT_BITS optimizer-n1024-d2-zerosTrue.dispatch 1037 1076976569
UMAP_SPARSE_FIT_BITS optimizer-n1024-d2-zerosTrue.dispatch 1038 1095274846
UMAP_SPARSE_FIT_BITS optimizer-n1024-d2-zerosTrue.dispatch 1039 1092365396
UMAP_SPARSE_FIT_BITS optimizer-n1024-d2-zerosTrue.dispatch 1040 1082828899
UMAP_SPARSE_FIT_BITS optimizer-n1024-d2-zerosTrue.dispatch 1041 1082432253
UMAP_SPARSE_FIT_BITS optimizer-n1024-d2-zerosTrue.dispatch 1042 1082759018
UMAP_SPARSE_FIT_BITS optimizer-n1024-d2-zerosTrue.dispatch 1043 1081557676
UMAP_SPARSE_FIT_BITS optimizer-n1024-d2-zerosTrue.dispatch 1044 1071105250
UMAP_SPARSE_FIT_BITS optimizer-n1024-d2-zerosTrue.dispatch 1045 1070274766
UMAP_SPARSE_FIT_BITS optimizer-n1024-d2-zerosTrue.dispatch 1046 1071734950
UMAP_SPARSE_FIT_BITS optimizer-n1024-d2-zerosTrue.dispatch 1047 1062059959
UMAP_SPARSE_FIT_BITS optimizer-n1024-d2-zerosTrue.dispatch 1048 1080367262
UMAP_SPARSE_FIT_BITS optimizer-n1024-d2-zerosTrue.dispatch 1049 1077483447
UMAP_SPARSE_FIT_BITS optimizer-n1024-d2-zerosTrue.dispatch 1050 3237013579
UMAP_SPARSE_FIT_BITS optimizer-n1024-d2-zerosTrue.dispatch 1051 3232700128
UMAP_SPARSE_FIT_BITS optimizer-n1024-d2-zerosTrue.dispatch 1052 1083903671
UMAP_SPARSE_FIT_BITS optimizer-n1024-d2-zerosTrue.dispatch 1053 1084861075
UMAP_SPARSE_FIT_BITS optimizer-n1024-d2-zerosTrue.dispatch 1054 3215452064
UMAP_SPARSE_FIT_BITS optimizer-n1024-d2-zerosTrue.dispatch 1055 3208186559
UMAP_SPARSE_FIT_BITS optimizer-n1024-d2-zerosTrue.dispatch 1056 1095810991
UMAP_SPARSE_FIT_BITS optimizer-n1024-d2-zerosTrue.dispatch 1057 1094935524
UMAP_SPARSE_FIT_BITS optimizer-n1024-d2-zerosTrue.dispatch 1058 3224911711
UMAP_SPARSE_FIT_BITS optimizer-n1024-d2-zerosTrue.dispatch 1059 3222545144
UMAP_SPARSE_FIT_BITS optimizer-n1024-d2-zerosTrue.dispatch 1060 3224428468
UMAP_SPARSE_FIT_BITS optimizer-n1024-d2-zerosTrue.dispatch 1061 3224879639
UMAP_SPARSE_FIT_BITS optimizer-n1024-d2-zerosTrue.dispatch 1062 1088565572
UMAP_SPARSE_FIT_BITS optimizer-n1024-d2-zerosTrue.dispatch 1063 1088807405
UMAP_SPARSE_FIT_BITS optimizer-n1024-d2-zerosTrue.dispatch 1064 3229886885
UMAP_SPARSE_FIT_BITS optimizer-n1024-d2-zerosTrue.dispatch 1065 3226550474
UMAP_SPARSE_FIT_BITS optimizer-n1024-d2-zerosTrue.dispatch 1066 1086605729
UMAP_SPARSE_FIT_BITS optimizer-n1024-d2-zerosTrue.dispatch 1067 1080866705
UMAP_SPARSE_FIT_BITS optimizer-n1024-d2-zerosTrue.dispatch 1068 3224624711
UMAP_SPARSE_FIT_BITS optimizer-n1024-d2-zerosTrue.dispatch 1069 3220976392
UMAP_SPARSE_FIT_BITS optimizer-n1024-d2-zerosTrue.dispatch 1070 3226810167
UMAP_SPARSE_FIT_BITS optimizer-n1024-d2-zerosTrue.dispatch 1071 3217509888
UMAP_SPARSE_FIT_BITS optimizer-n1024-d2-zerosTrue.dispatch 1072 3215360849
UMAP_SPARSE_FIT_BITS optimizer-n1024-d2-zerosTrue.dispatch 1073 1057045847
UMAP_SPARSE_FIT_BITS optimizer-n1024-d2-zerosTrue.dispatch 1074 3213795945
UMAP_SPARSE_FIT_BITS optimizer-n1024-d2-zerosTrue.dispatch 1075 1059736532
UMAP_SPARSE_FIT_BITS optimizer-n1024-d2-zerosTrue.dispatch 1076 1082706307
UMAP_SPARSE_FIT_BITS optimizer-n1024-d2-zerosTrue.dispatch 1077 1077277656
UMAP_SPARSE_FIT_BITS optimizer-n1024-d2-zerosTrue.dispatch 1078 1089671792
UMAP_SPARSE_FIT_BITS optimizer-n1024-d2-zerosTrue.dispatch 1079 1087428855
UMAP_SPARSE_FIT_BITS optimizer-n1024-d2-zerosTrue.dispatch 1080 1088390301
UMAP_SPARSE_FIT_BITS optimizer-n1024-d2-zerosTrue.dispatch 1081 1087210206
UMAP_SPARSE_FIT_BITS optimizer-n1024-d2-zerosTrue.dispatch 1082 1066793127
UMAP_SPARSE_FIT_BITS optimizer-n1024-d2-zerosTrue.dispatch 1083 1088444992
UMAP_SPARSE_FIT_BITS optimizer-n1024-d2-zerosTrue.dispatch 1084 3230672711
UMAP_SPARSE_FIT_BITS optimizer-n1024-d2-zerosTrue.dispatch 1085 3227409664
UMAP_SPARSE_FIT_BITS optimizer-n1024-d2-zerosTrue.dispatch 1086 1091555905
UMAP_SPARSE_FIT_BITS optimizer-n1024-d2-zerosTrue.dispatch 1087 1092284134
UMAP_SPARSE_FIT_BITS optimizer-n1024-d2-zerosTrue.dispatch 1088 3230572508
UMAP_SPARSE_FIT_BITS optimizer-n1024-d2-zerosTrue.dispatch 1089 1080104502
UMAP_SPARSE_FIT_BITS optimizer-n1024-d2-zerosTrue.dispatch 1090 1056313766
UMAP_SPARSE_FIT_BITS optimizer-n1024-d2-zerosTrue.dispatch 1091 1075731602
UMAP_SPARSE_FIT_BITS optimizer-n1024-d2-zerosTrue.dispatch 1092 3231849161
UMAP_SPARSE_FIT_BITS optimizer-n1024-d2-zerosTrue.dispatch 1093 3214314859
UMAP_SPARSE_FIT_BITS optimizer-n1024-d2-zerosTrue.dispatch 1094 3231231566
UMAP_SPARSE_FIT_BITS optimizer-n1024-d2-zerosTrue.dispatch 1095 3231542206
UMAP_SPARSE_FIT_BITS optimizer-n1024-d2-zerosTrue.dispatch 1096 1090567250
UMAP_SPARSE_FIT_BITS optimizer-n1024-d2-zerosTrue.dispatch 1097 1090590518
UMAP_SPARSE_FIT_BITS optimizer-n1024-d2-zerosTrue.dispatch 1098 3235222295
UMAP_SPARSE_FIT_BITS optimizer-n1024-d2-zerosTrue.dispatch 1099 3220754209
UMAP_SPARSE_FIT_BITS optimizer-n1024-d2-zerosTrue.dispatch 1100 3240549690
UMAP_SPARSE_FIT_BITS optimizer-n1024-d2-zerosTrue.dispatch 1101 3240291664
UMAP_SPARSE_FIT_BITS optimizer-n1024-d2-zerosTrue.dispatch 1102 1085268775
UMAP_SPARSE_FIT_BITS optimizer-n1024-d2-zerosTrue.dispatch 1103 1064342726
UMAP_SPARSE_FIT_BITS optimizer-n1024-d2-zerosTrue.dispatch 1104 3227717264
UMAP_SPARSE_FIT_BITS optimizer-n1024-d2-zerosTrue.dispatch 1105 3229012353
UMAP_SPARSE_FIT_BITS optimizer-n1024-d2-zerosTrue.dispatch 1106 1081141777
UMAP_SPARSE_FIT_BITS optimizer-n1024-d2-zerosTrue.dispatch 1107 1084239359
UMAP_SPARSE_FIT_BITS optimizer-n1024-d2-zerosTrue.dispatch 1108 3238287611
UMAP_SPARSE_FIT_BITS optimizer-n1024-d2-zerosTrue.dispatch 1109 3235264347
UMAP_SPARSE_FIT_BITS optimizer-n1024-d2-zerosTrue.dispatch 1110 3232336241
UMAP_SPARSE_FIT_BITS optimizer-n1024-d2-zerosTrue.dispatch 1111 3230617774
UMAP_SPARSE_FIT_BITS optimizer-n1024-d2-zerosTrue.dispatch 1112 1072885473
UMAP_SPARSE_FIT_BITS optimizer-n1024-d2-zerosTrue.dispatch 1113 1064365324
UMAP_SPARSE_FIT_BITS optimizer-n1024-d2-zerosTrue.dispatch 1114 1069740370
UMAP_SPARSE_FIT_BITS optimizer-n1024-d2-zerosTrue.dispatch 1115 3212030702
UMAP_SPARSE_FIT_BITS optimizer-n1024-d2-zerosTrue.dispatch 1116 1091370167
UMAP_SPARSE_FIT_BITS optimizer-n1024-d2-zerosTrue.dispatch 1117 1092228372
UMAP_SPARSE_FIT_BITS optimizer-n1024-d2-zerosTrue.dispatch 1118 1082651545
UMAP_SPARSE_FIT_BITS optimizer-n1024-d2-zerosTrue.dispatch 1119 1086551659
UMAP_SPARSE_FIT_BITS optimizer-n1024-d2-zerosTrue.dispatch 1120 3211280629
UMAP_SPARSE_FIT_BITS optimizer-n1024-d2-zerosTrue.dispatch 1121 1065437054
UMAP_SPARSE_FIT_BITS optimizer-n1024-d2-zerosTrue.dispatch 1122 3231906066
UMAP_SPARSE_FIT_BITS optimizer-n1024-d2-zerosTrue.dispatch 1123 3229847525
UMAP_SPARSE_FIT_BITS optimizer-n1024-d2-zerosTrue.dispatch 1124 1068653499
UMAP_SPARSE_FIT_BITS optimizer-n1024-d2-zerosTrue.dispatch 1125 1039647654
UMAP_SPARSE_FIT_BITS optimizer-n1024-d2-zerosTrue.dispatch 1126 1082878173
UMAP_SPARSE_FIT_BITS optimizer-n1024-d2-zerosTrue.dispatch 1127 3222809151
UMAP_SPARSE_FIT_BITS optimizer-n1024-d2-zerosTrue.dispatch 1128 1079692825
UMAP_SPARSE_FIT_BITS optimizer-n1024-d2-zerosTrue.dispatch 1129 1082191723
UMAP_SPARSE_FIT_BITS optimizer-n1024-d2-zerosTrue.dispatch 1130 1088583825
UMAP_SPARSE_FIT_BITS optimizer-n1024-d2-zerosTrue.dispatch 1131 1093080279
UMAP_SPARSE_FIT_BITS optimizer-n1024-d2-zerosTrue.dispatch 1132 3234998470
UMAP_SPARSE_FIT_BITS optimizer-n1024-d2-zerosTrue.dispatch 1133 3231364667
UMAP_SPARSE_FIT_BITS optimizer-n1024-d2-zerosTrue.dispatch 1134 3241599338
UMAP_SPARSE_FIT_BITS optimizer-n1024-d2-zerosTrue.dispatch 1135 3241680634
UMAP_SPARSE_FIT_BITS optimizer-n1024-d2-zerosTrue.dispatch 1136 1087384149
UMAP_SPARSE_FIT_BITS optimizer-n1024-d2-zerosTrue.dispatch 1137 3198395476
UMAP_SPARSE_FIT_BITS optimizer-n1024-d2-zerosTrue.dispatch 1138 3210070742
UMAP_SPARSE_FIT_BITS optimizer-n1024-d2-zerosTrue.dispatch 1139 3218956532
UMAP_SPARSE_FIT_BITS optimizer-n1024-d2-zerosTrue.dispatch 1140 1086054870
UMAP_SPARSE_FIT_BITS optimizer-n1024-d2-zerosTrue.dispatch 1141 1088036287
UMAP_SPARSE_FIT_BITS optimizer-n1024-d2-zerosTrue.dispatch 1142 3224404184
UMAP_SPARSE_FIT_BITS optimizer-n1024-d2-zerosTrue.dispatch 1143 3222674106
UMAP_SPARSE_FIT_BITS optimizer-n1024-d2-zerosTrue.dispatch 1144 3226558807
UMAP_SPARSE_FIT_BITS optimizer-n1024-d2-zerosTrue.dispatch 1145 1051288171
UMAP_SPARSE_FIT_BITS optimizer-n1024-d2-zerosTrue.dispatch 1146 1085919902
UMAP_SPARSE_FIT_BITS optimizer-n1024-d2-zerosTrue.dispatch 1147 1080903168
UMAP_SPARSE_FIT_BITS optimizer-n1024-d2-zerosTrue.dispatch 1148 1081136154
UMAP_SPARSE_FIT_BITS optimizer-n1024-d2-zerosTrue.dispatch 1149 1065030271
UMAP_SPARSE_FIT_BITS optimizer-n1024-d2-zerosTrue.dispatch 1150 1081135496
UMAP_SPARSE_FIT_BITS optimizer-n1024-d2-zerosTrue.dispatch 1151 1083586049
UMAP_SPARSE_FIT_BITS optimizer-n1024-d2-zerosTrue.dispatch 1152 1080629487
UMAP_SPARSE_FIT_BITS optimizer-n1024-d2-zerosTrue.dispatch 1153 1084044485
UMAP_SPARSE_FIT_BITS optimizer-n1024-d2-zerosTrue.dispatch 1154 1094195969
UMAP_SPARSE_FIT_BITS optimizer-n1024-d2-zerosTrue.dispatch 1155 1097542062
UMAP_SPARSE_FIT_BITS optimizer-n1024-d2-zerosTrue.dispatch 1156 3242046206
UMAP_SPARSE_FIT_BITS optimizer-n1024-d2-zerosTrue.dispatch 1157 3241432237
UMAP_SPARSE_FIT_BITS optimizer-n1024-d2-zerosTrue.dispatch 1158 1100171236
UMAP_SPARSE_FIT_BITS optimizer-n1024-d2-zerosTrue.dispatch 1159 1099902229
UMAP_SPARSE_FIT_BITS optimizer-n1024-d2-zerosTrue.dispatch 1160 3227941682
UMAP_SPARSE_FIT_BITS optimizer-n1024-d2-zerosTrue.dispatch 1161 3235631246
UMAP_SPARSE_FIT_BITS optimizer-n1024-d2-zerosTrue.dispatch 1162 3240037076
UMAP_SPARSE_FIT_BITS optimizer-n1024-d2-zerosTrue.dispatch 1163 3241015079
UMAP_SPARSE_FIT_BITS optimizer-n1024-d2-zerosTrue.dispatch 1164 3167279381
UMAP_SPARSE_FIT_BITS optimizer-n1024-d2-zerosTrue.dispatch 1165 3215926537
UMAP_SPARSE_FIT_BITS optimizer-n1024-d2-zerosTrue.dispatch 1166 3237728290
UMAP_SPARSE_FIT_BITS optimizer-n1024-d2-zerosTrue.dispatch 1167 3238046023
UMAP_SPARSE_FIT_BITS optimizer-n1024-d2-zerosTrue.dispatch 1168 1094535692
UMAP_SPARSE_FIT_BITS optimizer-n1024-d2-zerosTrue.dispatch 1169 1094210549
UMAP_SPARSE_FIT_BITS optimizer-n1024-d2-zerosTrue.dispatch 1170 1067322228
UMAP_SPARSE_FIT_BITS optimizer-n1024-d2-zerosTrue.dispatch 1171 1075017460
UMAP_SPARSE_FIT_BITS optimizer-n1024-d2-zerosTrue.dispatch 1172 1075922084
UMAP_SPARSE_FIT_BITS optimizer-n1024-d2-zerosTrue.dispatch 1173 1076229948
UMAP_SPARSE_FIT_BITS optimizer-n1024-d2-zerosTrue.dispatch 1174 3239922306
UMAP_SPARSE_FIT_BITS optimizer-n1024-d2-zerosTrue.dispatch 1175 3238564478
UMAP_SPARSE_FIT_BITS optimizer-n1024-d2-zerosTrue.dispatch 1176 3239806434
UMAP_SPARSE_FIT_BITS optimizer-n1024-d2-zerosTrue.dispatch 1177 3238668007
UMAP_SPARSE_FIT_BITS optimizer-n1024-d2-zerosTrue.dispatch 1178 1072596191
UMAP_SPARSE_FIT_BITS optimizer-n1024-d2-zerosTrue.dispatch 1179 1058379835
UMAP_SPARSE_FIT_BITS optimizer-n1024-d2-zerosTrue.dispatch 1180 1093846152
UMAP_SPARSE_FIT_BITS optimizer-n1024-d2-zerosTrue.dispatch 1181 1093004601
UMAP_SPARSE_FIT_BITS optimizer-n1024-d2-zerosTrue.dispatch 1182 1085413925
UMAP_SPARSE_FIT_BITS optimizer-n1024-d2-zerosTrue.dispatch 1183 1083371543
UMAP_SPARSE_FIT_BITS optimizer-n1024-d2-zerosTrue.dispatch 1184 1093026520
UMAP_SPARSE_FIT_BITS optimizer-n1024-d2-zerosTrue.dispatch 1185 1093749684
UMAP_SPARSE_FIT_BITS optimizer-n1024-d2-zerosTrue.dispatch 1186 1077559087
UMAP_SPARSE_FIT_BITS optimizer-n1024-d2-zerosTrue.dispatch 1187 1083276931
UMAP_SPARSE_FIT_BITS optimizer-n1024-d2-zerosTrue.dispatch 1188 1088506702
UMAP_SPARSE_FIT_BITS optimizer-n1024-d2-zerosTrue.dispatch 1189 1088399976
UMAP_SPARSE_FIT_BITS optimizer-n1024-d2-zerosTrue.dispatch 1190 3203504438
UMAP_SPARSE_FIT_BITS optimizer-n1024-d2-zerosTrue.dispatch 1191 3225608795
UMAP_SPARSE_FIT_BITS optimizer-n1024-d2-zerosTrue.dispatch 1192 3218769366
UMAP_SPARSE_FIT_BITS optimizer-n1024-d2-zerosTrue.dispatch 1193 3223608587
UMAP_SPARSE_FIT_BITS optimizer-n1024-d2-zerosTrue.dispatch 1194 1071795794
UMAP_SPARSE_FIT_BITS optimizer-n1024-d2-zerosTrue.dispatch 1195 3213820251
UMAP_SPARSE_FIT_BITS optimizer-n1024-d2-zerosTrue.dispatch 1196 1081692190
UMAP_SPARSE_FIT_BITS optimizer-n1024-d2-zerosTrue.dispatch 1197 1084837943
UMAP_SPARSE_FIT_BITS optimizer-n1024-d2-zerosTrue.dispatch 1198 1091758371
UMAP_SPARSE_FIT_BITS optimizer-n1024-d2-zerosTrue.dispatch 1199 1093089262
UMAP_SPARSE_FIT_BITS optimizer-n1024-d2-zerosTrue.dispatch 1200 3234318208
UMAP_SPARSE_FIT_BITS optimizer-n1024-d2-zerosTrue.dispatch 1201 3232350944
UMAP_SPARSE_FIT_BITS optimizer-n1024-d2-zerosTrue.dispatch 1202 3230707498
UMAP_SPARSE_FIT_BITS optimizer-n1024-d2-zerosTrue.dispatch 1203 3225921409
UMAP_SPARSE_FIT_BITS optimizer-n1024-d2-zerosTrue.dispatch 1204 1076713835
UMAP_SPARSE_FIT_BITS optimizer-n1024-d2-zerosTrue.dispatch 1205 3183218183
UMAP_SPARSE_FIT_BITS optimizer-n1024-d2-zerosTrue.dispatch 1206 1082017220
UMAP_SPARSE_FIT_BITS optimizer-n1024-d2-zerosTrue.dispatch 1207 3184270526
UMAP_SPARSE_FIT_BITS optimizer-n1024-d2-zerosTrue.dispatch 1208 3210414208
UMAP_SPARSE_FIT_BITS optimizer-n1024-d2-zerosTrue.dispatch 1209 1065192150
UMAP_SPARSE_FIT_BITS optimizer-n1024-d2-zerosTrue.dispatch 1210 1075456327
UMAP_SPARSE_FIT_BITS optimizer-n1024-d2-zerosTrue.dispatch 1211 1082480336
UMAP_SPARSE_FIT_BITS optimizer-n1024-d2-zerosTrue.dispatch 1212 1092903678
UMAP_SPARSE_FIT_BITS optimizer-n1024-d2-zerosTrue.dispatch 1213 1091448169
UMAP_SPARSE_FIT_BITS optimizer-n1024-d2-zerosTrue.dispatch 1214 1092470928
UMAP_SPARSE_FIT_BITS optimizer-n1024-d2-zerosTrue.dispatch 1215 1091885663
UMAP_SPARSE_FIT_BITS optimizer-n1024-d2-zerosTrue.dispatch 1216 1078367061
UMAP_SPARSE_FIT_BITS optimizer-n1024-d2-zerosTrue.dispatch 1217 1077164535
UMAP_SPARSE_FIT_BITS optimizer-n1024-d2-zerosTrue.dispatch 1218 1077700416
UMAP_SPARSE_FIT_BITS optimizer-n1024-d2-zerosTrue.dispatch 1219 1077988727
UMAP_SPARSE_FIT_BITS optimizer-n1024-d2-zerosTrue.dispatch 1220 1062556024
UMAP_SPARSE_FIT_BITS optimizer-n1024-d2-zerosTrue.dispatch 1221 3223763770
UMAP_SPARSE_FIT_BITS optimizer-n1024-d2-zerosTrue.dispatch 1222 3235798135
UMAP_SPARSE_FIT_BITS optimizer-n1024-d2-zerosTrue.dispatch 1223 3234019033
UMAP_SPARSE_FIT_BITS optimizer-n1024-d2-zerosTrue.dispatch 1224 3235799602
UMAP_SPARSE_FIT_BITS optimizer-n1024-d2-zerosTrue.dispatch 1225 3234256741
UMAP_SPARSE_FIT_BITS optimizer-n1024-d2-zerosTrue.dispatch 1226 1091338025
UMAP_SPARSE_FIT_BITS optimizer-n1024-d2-zerosTrue.dispatch 1227 1089268306
UMAP_SPARSE_FIT_BITS optimizer-n1024-d2-zerosTrue.dispatch 1228 3188324115
UMAP_SPARSE_FIT_BITS optimizer-n1024-d2-zerosTrue.dispatch 1229 1075349873
UMAP_SPARSE_FIT_BITS optimizer-n1024-d2-zerosTrue.dispatch 1230 1069871458
UMAP_SPARSE_FIT_BITS optimizer-n1024-d2-zerosTrue.dispatch 1231 1075293353
UMAP_SPARSE_FIT_BITS optimizer-n1024-d2-zerosTrue.dispatch 1232 1071084184
UMAP_SPARSE_FIT_BITS optimizer-n1024-d2-zerosTrue.dispatch 1233 1075875376
UMAP_SPARSE_FIT_BITS optimizer-n1024-d2-zerosTrue.dispatch 1234 3231348115
UMAP_SPARSE_FIT_BITS optimizer-n1024-d2-zerosTrue.dispatch 1235 3229287749
UMAP_SPARSE_FIT_BITS optimizer-n1024-d2-zerosTrue.dispatch 1236 1082433768
UMAP_SPARSE_FIT_BITS optimizer-n1024-d2-zerosTrue.dispatch 1237 1084121366
UMAP_SPARSE_FIT_BITS optimizer-n1024-d2-zerosTrue.dispatch 1238 1091633026
UMAP_SPARSE_FIT_BITS optimizer-n1024-d2-zerosTrue.dispatch 1239 1089912134
UMAP_SPARSE_FIT_BITS optimizer-n1024-d2-zerosTrue.dispatch 1240 1034049826
UMAP_SPARSE_FIT_BITS optimizer-n1024-d2-zerosTrue.dispatch 1241 3212894551
UMAP_SPARSE_FIT_BITS optimizer-n1024-d2-zerosTrue.dispatch 1242 1074839838
UMAP_SPARSE_FIT_BITS optimizer-n1024-d2-zerosTrue.dispatch 1243 1085072625
UMAP_SPARSE_FIT_BITS optimizer-n1024-d2-zerosTrue.dispatch 1244 3239444070
UMAP_SPARSE_FIT_BITS optimizer-n1024-d2-zerosTrue.dispatch 1245 3238801457
UMAP_SPARSE_FIT_BITS optimizer-n1024-d2-zerosTrue.dispatch 1246 1081430244
UMAP_SPARSE_FIT_BITS optimizer-n1024-d2-zerosTrue.dispatch 1247 1069958553
UMAP_SPARSE_FIT_BITS optimizer-n1024-d2-zerosTrue.dispatch 1248 1081120734
UMAP_SPARSE_FIT_BITS optimizer-n1024-d2-zerosTrue.dispatch 1249 1071073588
UMAP_SPARSE_FIT_BITS optimizer-n1024-d2-zerosTrue.dispatch 1250 1081138932
UMAP_SPARSE_FIT_BITS optimizer-n1024-d2-zerosTrue.dispatch 1251 1082462997
UMAP_SPARSE_FIT_BITS optimizer-n1024-d2-zerosTrue.dispatch 1252 1087701854
UMAP_SPARSE_FIT_BITS optimizer-n1024-d2-zerosTrue.dispatch 1253 1091704705
UMAP_SPARSE_FIT_BITS optimizer-n1024-d2-zerosTrue.dispatch 1254 3224247650
UMAP_SPARSE_FIT_BITS optimizer-n1024-d2-zerosTrue.dispatch 1255 1072377342
UMAP_SPARSE_FIT_BITS optimizer-n1024-d2-zerosTrue.dispatch 1256 1092578335
UMAP_SPARSE_FIT_BITS optimizer-n1024-d2-zerosTrue.dispatch 1257 1094995930
UMAP_SPARSE_FIT_BITS optimizer-n1024-d2-zerosTrue.dispatch 1258 3236312455
UMAP_SPARSE_FIT_BITS optimizer-n1024-d2-zerosTrue.dispatch 1259 3234708830
UMAP_SPARSE_FIT_BITS optimizer-n1024-d2-zerosTrue.dispatch 1260 1082398951
UMAP_SPARSE_FIT_BITS optimizer-n1024-d2-zerosTrue.dispatch 1261 1083038542
UMAP_SPARSE_FIT_BITS optimizer-n1024-d2-zerosTrue.dispatch 1262 3221882424
UMAP_SPARSE_FIT_BITS optimizer-n1024-d2-zerosTrue.dispatch 1263 3232745935
UMAP_SPARSE_FIT_BITS optimizer-n1024-d2-zerosTrue.dispatch 1264 1077426090
UMAP_SPARSE_FIT_BITS optimizer-n1024-d2-zerosTrue.dispatch 1265 1077470606
UMAP_SPARSE_FIT_BITS optimizer-n1024-d2-zerosTrue.dispatch 1266 1076804962
UMAP_SPARSE_FIT_BITS optimizer-n1024-d2-zerosTrue.dispatch 1267 1077803864
UMAP_SPARSE_FIT_BITS optimizer-n1024-d2-zerosTrue.dispatch 1268 3217951229
UMAP_SPARSE_FIT_BITS optimizer-n1024-d2-zerosTrue.dispatch 1269 3202968462
UMAP_SPARSE_FIT_BITS optimizer-n1024-d2-zerosTrue.dispatch 1270 1032014973
UMAP_SPARSE_FIT_BITS optimizer-n1024-d2-zerosTrue.dispatch 1271 3204614155
UMAP_SPARSE_FIT_BITS optimizer-n1024-d2-zerosTrue.dispatch 1272 1085511144
UMAP_SPARSE_FIT_BITS optimizer-n1024-d2-zerosTrue.dispatch 1273 1070850265
UMAP_SPARSE_FIT_BITS optimizer-n1024-d2-zerosTrue.dispatch 1274 1077418733
UMAP_SPARSE_FIT_BITS optimizer-n1024-d2-zerosTrue.dispatch 1275 1073979167
UMAP_SPARSE_FIT_BITS optimizer-n1024-d2-zerosTrue.dispatch 1276 1074981353
UMAP_SPARSE_FIT_BITS optimizer-n1024-d2-zerosTrue.dispatch 1277 1084614402
UMAP_SPARSE_FIT_BITS optimizer-n1024-d2-zerosTrue.dispatch 1278 3225998440
UMAP_SPARSE_FIT_BITS optimizer-n1024-d2-zerosTrue.dispatch 1279 3227126284
UMAP_SPARSE_FIT_BITS optimizer-n1024-d2-zerosTrue.dispatch 1280 1050395064
UMAP_SPARSE_FIT_BITS optimizer-n1024-d2-zerosTrue.dispatch 1281 1068533531
UMAP_SPARSE_FIT_BITS optimizer-n1024-d2-zerosTrue.dispatch 1282 1099263894
UMAP_SPARSE_FIT_BITS optimizer-n1024-d2-zerosTrue.dispatch 1283 1097983099
UMAP_SPARSE_FIT_BITS optimizer-n1024-d2-zerosTrue.dispatch 1284 1086976608
UMAP_SPARSE_FIT_BITS optimizer-n1024-d2-zerosTrue.dispatch 1285 1082078200
UMAP_SPARSE_FIT_BITS optimizer-n1024-d2-zerosTrue.dispatch 1286 1088115520
UMAP_SPARSE_FIT_BITS optimizer-n1024-d2-zerosTrue.dispatch 1287 1089056273
UMAP_SPARSE_FIT_BITS optimizer-n1024-d2-zerosTrue.dispatch 1288 1092787510
UMAP_SPARSE_FIT_BITS optimizer-n1024-d2-zerosTrue.dispatch 1289 1093526799
UMAP_SPARSE_FIT_BITS optimizer-n1024-d2-zerosTrue.dispatch 1290 3231014862
UMAP_SPARSE_FIT_BITS optimizer-n1024-d2-zerosTrue.dispatch 1291 1061312744
UMAP_SPARSE_FIT_BITS optimizer-n1024-d2-zerosTrue.dispatch 1292 3245566052
UMAP_SPARSE_FIT_BITS optimizer-n1024-d2-zerosTrue.dispatch 1293 3244967157
UMAP_SPARSE_FIT_BITS optimizer-n1024-d2-zerosTrue.dispatch 1294 1080280007
UMAP_SPARSE_FIT_BITS optimizer-n1024-d2-zerosTrue.dispatch 1295 1076790280
UMAP_SPARSE_FIT_BITS optimizer-n1024-d2-zerosTrue.dispatch 1296 3234789903
UMAP_SPARSE_FIT_BITS optimizer-n1024-d2-zerosTrue.dispatch 1297 3238005363
UMAP_SPARSE_FIT_BITS optimizer-n1024-d2-zerosTrue.dispatch 1298 3226016025
UMAP_SPARSE_FIT_BITS optimizer-n1024-d2-zerosTrue.dispatch 1299 3225776739
UMAP_SPARSE_FIT_BITS optimizer-n1024-d2-zerosTrue.dispatch 1300 3229945725
UMAP_SPARSE_FIT_BITS optimizer-n1024-d2-zerosTrue.dispatch 1301 3228748190
UMAP_SPARSE_FIT_BITS optimizer-n1024-d2-zerosTrue.dispatch 1302 1068543372
UMAP_SPARSE_FIT_BITS optimizer-n1024-d2-zerosTrue.dispatch 1303 1067619402
UMAP_SPARSE_FIT_BITS optimizer-n1024-d2-zerosTrue.dispatch 1304 1072341884
UMAP_SPARSE_FIT_BITS optimizer-n1024-d2-zerosTrue.dispatch 1305 1058312916
UMAP_SPARSE_FIT_BITS optimizer-n1024-d2-zerosTrue.dispatch 1306 1073915622
UMAP_SPARSE_FIT_BITS optimizer-n1024-d2-zerosTrue.dispatch 1307 1065498684
UMAP_SPARSE_FIT_BITS optimizer-n1024-d2-zerosTrue.dispatch 1308 3214101788
UMAP_SPARSE_FIT_BITS optimizer-n1024-d2-zerosTrue.dispatch 1309 3227959009
UMAP_SPARSE_FIT_BITS optimizer-n1024-d2-zerosTrue.dispatch 1310 1065638148
UMAP_SPARSE_FIT_BITS optimizer-n1024-d2-zerosTrue.dispatch 1311 1067191378
UMAP_SPARSE_FIT_BITS optimizer-n1024-d2-zerosTrue.dispatch 1312 3228047660
UMAP_SPARSE_FIT_BITS optimizer-n1024-d2-zerosTrue.dispatch 1313 3226997680
UMAP_SPARSE_FIT_BITS optimizer-n1024-d2-zerosTrue.dispatch 1314 1076868528
UMAP_SPARSE_FIT_BITS optimizer-n1024-d2-zerosTrue.dispatch 1315 1072926601
UMAP_SPARSE_FIT_BITS optimizer-n1024-d2-zerosTrue.dispatch 1316 1081540009
UMAP_SPARSE_FIT_BITS optimizer-n1024-d2-zerosTrue.dispatch 1317 1079610547
UMAP_SPARSE_FIT_BITS optimizer-n1024-d2-zerosTrue.dispatch 1318 1072954231
UMAP_SPARSE_FIT_BITS optimizer-n1024-d2-zerosTrue.dispatch 1319 1071267719
UMAP_SPARSE_FIT_BITS optimizer-n1024-d2-zerosTrue.dispatch 1320 1089977774
UMAP_SPARSE_FIT_BITS optimizer-n1024-d2-zerosTrue.dispatch 1321 1091293975
UMAP_SPARSE_FIT_BITS optimizer-n1024-d2-zerosTrue.dispatch 1322 1064067786
UMAP_SPARSE_FIT_BITS optimizer-n1024-d2-zerosTrue.dispatch 1323 1071748843
UMAP_SPARSE_FIT_BITS optimizer-n1024-d2-zerosTrue.dispatch 1324 3223250664
UMAP_SPARSE_FIT_BITS optimizer-n1024-d2-zerosTrue.dispatch 1325 3214853242
UMAP_SPARSE_FIT_BITS optimizer-n1024-d2-zerosTrue.dispatch 1326 3223446451
UMAP_SPARSE_FIT_BITS optimizer-n1024-d2-zerosTrue.dispatch 1327 3191316257
UMAP_SPARSE_FIT_BITS optimizer-n1024-d2-zerosTrue.dispatch 1328 1092892394
UMAP_SPARSE_FIT_BITS optimizer-n1024-d2-zerosTrue.dispatch 1329 1092017842
UMAP_SPARSE_FIT_BITS optimizer-n1024-d2-zerosTrue.dispatch 1330 3222869646
UMAP_SPARSE_FIT_BITS optimizer-n1024-d2-zerosTrue.dispatch 1331 3230068611
UMAP_SPARSE_FIT_BITS optimizer-n1024-d2-zerosTrue.dispatch 1332 3223647663
UMAP_SPARSE_FIT_BITS optimizer-n1024-d2-zerosTrue.dispatch 1333 3229471378
UMAP_SPARSE_FIT_BITS optimizer-n1024-d2-zerosTrue.dispatch 1334 1095613351
UMAP_SPARSE_FIT_BITS optimizer-n1024-d2-zerosTrue.dispatch 1335 1096502070
UMAP_SPARSE_FIT_BITS optimizer-n1024-d2-zerosTrue.dispatch 1336 3240129651
UMAP_SPARSE_FIT_BITS optimizer-n1024-d2-zerosTrue.dispatch 1337 3238458464
UMAP_SPARSE_FIT_BITS optimizer-n1024-d2-zerosTrue.dispatch 1338 1085771186
UMAP_SPARSE_FIT_BITS optimizer-n1024-d2-zerosTrue.dispatch 1339 1088120924
UMAP_SPARSE_FIT_BITS optimizer-n1024-d2-zerosTrue.dispatch 1340 1080391398
UMAP_SPARSE_FIT_BITS optimizer-n1024-d2-zerosTrue.dispatch 1341 3222248088
UMAP_SPARSE_FIT_BITS optimizer-n1024-d2-zerosTrue.dispatch 1342 3231079934
UMAP_SPARSE_FIT_BITS optimizer-n1024-d2-zerosTrue.dispatch 1343 3232684839
UMAP_SPARSE_FIT_BITS optimizer-n1024-d2-zerosTrue.dispatch 1344 1072013690
UMAP_SPARSE_FIT_BITS optimizer-n1024-d2-zerosTrue.dispatch 1345 1078076368
UMAP_SPARSE_FIT_BITS optimizer-n1024-d2-zerosTrue.dispatch 1346 1090786249
UMAP_SPARSE_FIT_BITS optimizer-n1024-d2-zerosTrue.dispatch 1347 1091790106
UMAP_SPARSE_FIT_BITS optimizer-n1024-d2-zerosTrue.dispatch 1348 1071183559
UMAP_SPARSE_FIT_BITS optimizer-n1024-d2-zerosTrue.dispatch 1349 1075635579
UMAP_SPARSE_FIT_BITS optimizer-n1024-d2-zerosTrue.dispatch 1350 1072802983
UMAP_SPARSE_FIT_BITS optimizer-n1024-d2-zerosTrue.dispatch 1351 1061393014
UMAP_SPARSE_FIT_BITS optimizer-n1024-d2-zerosTrue.dispatch 1352 1082719093
UMAP_SPARSE_FIT_BITS optimizer-n1024-d2-zerosTrue.dispatch 1353 1082655206
UMAP_SPARSE_FIT_BITS optimizer-n1024-d2-zerosTrue.dispatch 1354 1080578225
UMAP_SPARSE_FIT_BITS optimizer-n1024-d2-zerosTrue.dispatch 1355 1083294388
UMAP_SPARSE_FIT_BITS optimizer-n1024-d2-zerosTrue.dispatch 1356 1080259121
UMAP_SPARSE_FIT_BITS optimizer-n1024-d2-zerosTrue.dispatch 1357 1083537186
UMAP_SPARSE_FIT_BITS optimizer-n1024-d2-zerosTrue.dispatch 1358 3242875609
UMAP_SPARSE_FIT_BITS optimizer-n1024-d2-zerosTrue.dispatch 1359 3241190807
UMAP_SPARSE_FIT_BITS optimizer-n1024-d2-zerosTrue.dispatch 1360 3241750324
UMAP_SPARSE_FIT_BITS optimizer-n1024-d2-zerosTrue.dispatch 1361 3240865989
UMAP_SPARSE_FIT_BITS optimizer-n1024-d2-zerosTrue.dispatch 1362 1092338038
UMAP_SPARSE_FIT_BITS optimizer-n1024-d2-zerosTrue.dispatch 1363 1092630032
UMAP_SPARSE_FIT_BITS optimizer-n1024-d2-zerosTrue.dispatch 1364 3227909181
UMAP_SPARSE_FIT_BITS optimizer-n1024-d2-zerosTrue.dispatch 1365 3233890193
UMAP_SPARSE_FIT_BITS optimizer-n1024-d2-zerosTrue.dispatch 1366 1084064317
UMAP_SPARSE_FIT_BITS optimizer-n1024-d2-zerosTrue.dispatch 1367 1084001817
UMAP_SPARSE_FIT_BITS optimizer-n1024-d2-zerosTrue.dispatch 1368 1075601485
UMAP_SPARSE_FIT_BITS optimizer-n1024-d2-zerosTrue.dispatch 1369 1080698798
UMAP_SPARSE_FIT_BITS optimizer-n1024-d2-zerosTrue.dispatch 1370 3229835617
UMAP_SPARSE_FIT_BITS optimizer-n1024-d2-zerosTrue.dispatch 1371 3221905599
UMAP_SPARSE_FIT_BITS optimizer-n1024-d2-zerosTrue.dispatch 1372 3226951773
UMAP_SPARSE_FIT_BITS optimizer-n1024-d2-zerosTrue.dispatch 1373 3223488186
UMAP_SPARSE_FIT_BITS optimizer-n1024-d2-zerosTrue.dispatch 1374 1065876808
UMAP_SPARSE_FIT_BITS optimizer-n1024-d2-zerosTrue.dispatch 1375 3181319993
UMAP_SPARSE_FIT_BITS optimizer-n1024-d2-zerosTrue.dispatch 1376 1064134326
UMAP_SPARSE_FIT_BITS optimizer-n1024-d2-zerosTrue.dispatch 1377 1036074731
UMAP_SPARSE_FIT_BITS optimizer-n1024-d2-zerosTrue.dispatch 1378 1084746634
UMAP_SPARSE_FIT_BITS optimizer-n1024-d2-zerosTrue.dispatch 1379 1085151866
UMAP_SPARSE_FIT_BITS optimizer-n1024-d2-zerosTrue.dispatch 1380 1084571586
UMAP_SPARSE_FIT_BITS optimizer-n1024-d2-zerosTrue.dispatch 1381 1085818496
UMAP_SPARSE_FIT_BITS optimizer-n1024-d2-zerosTrue.dispatch 1382 1084480288
UMAP_SPARSE_FIT_BITS optimizer-n1024-d2-zerosTrue.dispatch 1383 1083149056
UMAP_SPARSE_FIT_BITS optimizer-n1024-d2-zerosTrue.dispatch 1384 1085464558
UMAP_SPARSE_FIT_BITS optimizer-n1024-d2-zerosTrue.dispatch 1385 1084956404
UMAP_SPARSE_FIT_BITS optimizer-n1024-d2-zerosTrue.dispatch 1386 1085847945
UMAP_SPARSE_FIT_BITS optimizer-n1024-d2-zerosTrue.dispatch 1387 1085882469
UMAP_SPARSE_FIT_BITS optimizer-n1024-d2-zerosTrue.dispatch 1388 1089106921
UMAP_SPARSE_FIT_BITS optimizer-n1024-d2-zerosTrue.dispatch 1389 1088828588
UMAP_SPARSE_FIT_BITS optimizer-n1024-d2-zerosTrue.dispatch 1390 3235457862
UMAP_SPARSE_FIT_BITS optimizer-n1024-d2-zerosTrue.dispatch 1391 3230203308
UMAP_SPARSE_FIT_BITS optimizer-n1024-d2-zerosTrue.dispatch 1392 1058568190
UMAP_SPARSE_FIT_BITS optimizer-n1024-d2-zerosTrue.dispatch 1393 1075812002
UMAP_SPARSE_FIT_BITS optimizer-n1024-d2-zerosTrue.dispatch 1394 3228331749
UMAP_SPARSE_FIT_BITS optimizer-n1024-d2-zerosTrue.dispatch 1395 3225888746
UMAP_SPARSE_FIT_BITS optimizer-n1024-d2-zerosTrue.dispatch 1396 3238680358
UMAP_SPARSE_FIT_BITS optimizer-n1024-d2-zerosTrue.dispatch 1397 3238090941
UMAP_SPARSE_FIT_BITS optimizer-n1024-d2-zerosTrue.dispatch 1398 3222393425
UMAP_SPARSE_FIT_BITS optimizer-n1024-d2-zerosTrue.dispatch 1399 3229926080
UMAP_SPARSE_FIT_BITS optimizer-n1024-d2-zerosTrue.dispatch 1400 3204629448
UMAP_SPARSE_FIT_BITS optimizer-n1024-d2-zerosTrue.dispatch 1401 3223462602
UMAP_SPARSE_FIT_BITS optimizer-n1024-d2-zerosTrue.dispatch 1402 1094579641
UMAP_SPARSE_FIT_BITS optimizer-n1024-d2-zerosTrue.dispatch 1403 1095283284
UMAP_SPARSE_FIT_BITS optimizer-n1024-d2-zerosTrue.dispatch 1404 3221710922
UMAP_SPARSE_FIT_BITS optimizer-n1024-d2-zerosTrue.dispatch 1405 3208756228
UMAP_SPARSE_FIT_BITS optimizer-n1024-d2-zerosTrue.dispatch 1406 3228280662
UMAP_SPARSE_FIT_BITS optimizer-n1024-d2-zerosTrue.dispatch 1407 3224878618
UMAP_SPARSE_FIT_BITS optimizer-n1024-d2-zerosTrue.dispatch 1408 1092774891
UMAP_SPARSE_FIT_BITS optimizer-n1024-d2-zerosTrue.dispatch 1409 1089155776
UMAP_SPARSE_FIT_BITS optimizer-n1024-d2-zerosTrue.dispatch 1410 1078487421
UMAP_SPARSE_FIT_BITS optimizer-n1024-d2-zerosTrue.dispatch 1411 1078770826
UMAP_SPARSE_FIT_BITS optimizer-n1024-d2-zerosTrue.dispatch 1412 1077266104
UMAP_SPARSE_FIT_BITS optimizer-n1024-d2-zerosTrue.dispatch 1413 1077076323
UMAP_SPARSE_FIT_BITS optimizer-n1024-d2-zerosTrue.dispatch 1414 3231648817
UMAP_SPARSE_FIT_BITS optimizer-n1024-d2-zerosTrue.dispatch 1415 3230482745
UMAP_SPARSE_FIT_BITS optimizer-n1024-d2-zerosTrue.dispatch 1416 1087361251
UMAP_SPARSE_FIT_BITS optimizer-n1024-d2-zerosTrue.dispatch 1417 1087663809
UMAP_SPARSE_FIT_BITS optimizer-n1024-d2-zerosTrue.dispatch 1418 1090826996
UMAP_SPARSE_FIT_BITS optimizer-n1024-d2-zerosTrue.dispatch 1419 1088435765
UMAP_SPARSE_FIT_BITS optimizer-n1024-d2-zerosTrue.dispatch 1420 1096240212
UMAP_SPARSE_FIT_BITS optimizer-n1024-d2-zerosTrue.dispatch 1421 1096482017
UMAP_SPARSE_FIT_BITS optimizer-n1024-d2-zerosTrue.dispatch 1422 1089903705
UMAP_SPARSE_FIT_BITS optimizer-n1024-d2-zerosTrue.dispatch 1423 1090909491
UMAP_SPARSE_FIT_BITS optimizer-n1024-d2-zerosTrue.dispatch 1424 1046913353
UMAP_SPARSE_FIT_BITS optimizer-n1024-d2-zerosTrue.dispatch 1425 1072519612
UMAP_SPARSE_FIT_BITS optimizer-n1024-d2-zerosTrue.dispatch 1426 1076900335
UMAP_SPARSE_FIT_BITS optimizer-n1024-d2-zerosTrue.dispatch 1427 1084041569
UMAP_SPARSE_FIT_BITS optimizer-n1024-d2-zerosTrue.dispatch 1428 3244123381
UMAP_SPARSE_FIT_BITS optimizer-n1024-d2-zerosTrue.dispatch 1429 3243349333
UMAP_SPARSE_FIT_BITS optimizer-n1024-d2-zerosTrue.dispatch 1430 1090574971
UMAP_SPARSE_FIT_BITS optimizer-n1024-d2-zerosTrue.dispatch 1431 1089389744
UMAP_SPARSE_FIT_BITS optimizer-n1024-d2-zerosTrue.dispatch 1432 3213814316
UMAP_SPARSE_FIT_BITS optimizer-n1024-d2-zerosTrue.dispatch 1433 3226781032
UMAP_SPARSE_FIT_BITS optimizer-n1024-d2-zerosTrue.dispatch 1434 1062463288
UMAP_SPARSE_FIT_BITS optimizer-n1024-d2-zerosTrue.dispatch 1435 1068017648
UMAP_SPARSE_FIT_BITS optimizer-n1024-d2-zerosTrue.dispatch 1436 1060777083
UMAP_SPARSE_FIT_BITS optimizer-n1024-d2-zerosTrue.dispatch 1437 1070714147
UMAP_SPARSE_FIT_BITS optimizer-n1024-d2-zerosTrue.dispatch 1438 3241764834
UMAP_SPARSE_FIT_BITS optimizer-n1024-d2-zerosTrue.dispatch 1439 3240859667
UMAP_SPARSE_FIT_BITS optimizer-n1024-d2-zerosTrue.dispatch 1440 1091436132
UMAP_SPARSE_FIT_BITS optimizer-n1024-d2-zerosTrue.dispatch 1441 1086875516
UMAP_SPARSE_FIT_BITS optimizer-n1024-d2-zerosTrue.dispatch 1442 3224267834
UMAP_SPARSE_FIT_BITS optimizer-n1024-d2-zerosTrue.dispatch 1443 3230559433
UMAP_SPARSE_FIT_BITS optimizer-n1024-d2-zerosTrue.dispatch 1444 3223232828
UMAP_SPARSE_FIT_BITS optimizer-n1024-d2-zerosTrue.dispatch 1445 3232319081
UMAP_SPARSE_FIT_BITS optimizer-n1024-d2-zerosTrue.dispatch 1446 1088038579
UMAP_SPARSE_FIT_BITS optimizer-n1024-d2-zerosTrue.dispatch 1447 1089159092
UMAP_SPARSE_FIT_BITS optimizer-n1024-d2-zerosTrue.dispatch 1448 3222105049
UMAP_SPARSE_FIT_BITS optimizer-n1024-d2-zerosTrue.dispatch 1449 3217638058
UMAP_SPARSE_FIT_BITS optimizer-n1024-d2-zerosTrue.dispatch 1450 1082548659
UMAP_SPARSE_FIT_BITS optimizer-n1024-d2-zerosTrue.dispatch 1451 1080992554
UMAP_SPARSE_FIT_BITS optimizer-n1024-d2-zerosTrue.dispatch 1452 1084388112
UMAP_SPARSE_FIT_BITS optimizer-n1024-d2-zerosTrue.dispatch 1453 1082633115
UMAP_SPARSE_FIT_BITS optimizer-n1024-d2-zerosTrue.dispatch 1454 1085063662
UMAP_SPARSE_FIT_BITS optimizer-n1024-d2-zerosTrue.dispatch 1455 1084473624
UMAP_SPARSE_FIT_BITS optimizer-n1024-d2-zerosTrue.dispatch 1456 1083171972
UMAP_SPARSE_FIT_BITS optimizer-n1024-d2-zerosTrue.dispatch 1457 1088563075
UMAP_SPARSE_FIT_BITS optimizer-n1024-d2-zerosTrue.dispatch 1458 1081267631
UMAP_SPARSE_FIT_BITS optimizer-n1024-d2-zerosTrue.dispatch 1459 1086545912
UMAP_SPARSE_FIT_BITS optimizer-n1024-d2-zerosTrue.dispatch 1460 3230447618
UMAP_SPARSE_FIT_BITS optimizer-n1024-d2-zerosTrue.dispatch 1461 3207280192
UMAP_SPARSE_FIT_BITS optimizer-n1024-d2-zerosTrue.dispatch 1462 3240278752
UMAP_SPARSE_FIT_BITS optimizer-n1024-d2-zerosTrue.dispatch 1463 3239537495
UMAP_SPARSE_FIT_BITS optimizer-n1024-d2-zerosTrue.dispatch 1464 1086973596
UMAP_SPARSE_FIT_BITS optimizer-n1024-d2-zerosTrue.dispatch 1465 1086336094
UMAP_SPARSE_FIT_BITS optimizer-n1024-d2-zerosTrue.dispatch 1466 1084531248
UMAP_SPARSE_FIT_BITS optimizer-n1024-d2-zerosTrue.dispatch 1467 1075307686
UMAP_SPARSE_FIT_BITS optimizer-n1024-d2-zerosTrue.dispatch 1468 3235418082
UMAP_SPARSE_FIT_BITS optimizer-n1024-d2-zerosTrue.dispatch 1469 3237250076
UMAP_SPARSE_FIT_BITS optimizer-n1024-d2-zerosTrue.dispatch 1470 1078165495
UMAP_SPARSE_FIT_BITS optimizer-n1024-d2-zerosTrue.dispatch 1471 1083319576
UMAP_SPARSE_FIT_BITS optimizer-n1024-d2-zerosTrue.dispatch 1472 3234070597
UMAP_SPARSE_FIT_BITS optimizer-n1024-d2-zerosTrue.dispatch 1473 3233108265
UMAP_SPARSE_FIT_BITS optimizer-n1024-d2-zerosTrue.dispatch 1474 3240117882
UMAP_SPARSE_FIT_BITS optimizer-n1024-d2-zerosTrue.dispatch 1475 3241768368
UMAP_SPARSE_FIT_BITS optimizer-n1024-d2-zerosTrue.dispatch 1476 3222107573
UMAP_SPARSE_FIT_BITS optimizer-n1024-d2-zerosTrue.dispatch 1477 3230384487
UMAP_SPARSE_FIT_BITS optimizer-n1024-d2-zerosTrue.dispatch 1478 1083109731
UMAP_SPARSE_FIT_BITS optimizer-n1024-d2-zerosTrue.dispatch 1479 1081629577
UMAP_SPARSE_FIT_BITS optimizer-n1024-d2-zerosTrue.dispatch 1480 3205049199
UMAP_SPARSE_FIT_BITS optimizer-n1024-d2-zerosTrue.dispatch 1481 1051676229
UMAP_SPARSE_FIT_BITS optimizer-n1024-d2-zerosTrue.dispatch 1482 1077292285
UMAP_SPARSE_FIT_BITS optimizer-n1024-d2-zerosTrue.dispatch 1483 1061768894
UMAP_SPARSE_FIT_BITS optimizer-n1024-d2-zerosTrue.dispatch 1484 1075919835
UMAP_SPARSE_FIT_BITS optimizer-n1024-d2-zerosTrue.dispatch 1485 1056694622
UMAP_SPARSE_FIT_BITS optimizer-n1024-d2-zerosTrue.dispatch 1486 1091253761
UMAP_SPARSE_FIT_BITS optimizer-n1024-d2-zerosTrue.dispatch 1487 1088706739
UMAP_SPARSE_FIT_BITS optimizer-n1024-d2-zerosTrue.dispatch 1488 3238875891
UMAP_SPARSE_FIT_BITS optimizer-n1024-d2-zerosTrue.dispatch 1489 3240567523
UMAP_SPARSE_FIT_BITS optimizer-n1024-d2-zerosTrue.dispatch 1490 1065513619
UMAP_SPARSE_FIT_BITS optimizer-n1024-d2-zerosTrue.dispatch 1491 1082478602
UMAP_SPARSE_FIT_BITS optimizer-n1024-d2-zerosTrue.dispatch 1492 1053362261
UMAP_SPARSE_FIT_BITS optimizer-n1024-d2-zerosTrue.dispatch 1493 3224681715
UMAP_SPARSE_FIT_BITS optimizer-n1024-d2-zerosTrue.dispatch 1494 1086529398
UMAP_SPARSE_FIT_BITS optimizer-n1024-d2-zerosTrue.dispatch 1495 1090957606
UMAP_SPARSE_FIT_BITS optimizer-n1024-d2-zerosTrue.dispatch 1496 3240241631
UMAP_SPARSE_FIT_BITS optimizer-n1024-d2-zerosTrue.dispatch 1497 3238474854
UMAP_SPARSE_FIT_BITS optimizer-n1024-d2-zerosTrue.dispatch 1498 1064545918
UMAP_SPARSE_FIT_BITS optimizer-n1024-d2-zerosTrue.dispatch 1499 1032255720
UMAP_SPARSE_FIT_BITS optimizer-n1024-d2-zerosTrue.dispatch 1500 3230000893
UMAP_SPARSE_FIT_BITS optimizer-n1024-d2-zerosTrue.dispatch 1501 3234729143
UMAP_SPARSE_FIT_BITS optimizer-n1024-d2-zerosTrue.dispatch 1502 3223207674
UMAP_SPARSE_FIT_BITS optimizer-n1024-d2-zerosTrue.dispatch 1503 3236569267
UMAP_SPARSE_FIT_BITS optimizer-n1024-d2-zerosTrue.dispatch 1504 1085834063
UMAP_SPARSE_FIT_BITS optimizer-n1024-d2-zerosTrue.dispatch 1505 1089527076
UMAP_SPARSE_FIT_BITS optimizer-n1024-d2-zerosTrue.dispatch 1506 3223480695
UMAP_SPARSE_FIT_BITS optimizer-n1024-d2-zerosTrue.dispatch 1507 3221863156
UMAP_SPARSE_FIT_BITS optimizer-n1024-d2-zerosTrue.dispatch 1508 3199869770
UMAP_SPARSE_FIT_BITS optimizer-n1024-d2-zerosTrue.dispatch 1509 3209085851
UMAP_SPARSE_FIT_BITS optimizer-n1024-d2-zerosTrue.dispatch 1510 3240046795
UMAP_SPARSE_FIT_BITS optimizer-n1024-d2-zerosTrue.dispatch 1511 3241596216
UMAP_SPARSE_FIT_BITS optimizer-n1024-d2-zerosTrue.dispatch 1512 1084341269
UMAP_SPARSE_FIT_BITS optimizer-n1024-d2-zerosTrue.dispatch 1513 1084320161
UMAP_SPARSE_FIT_BITS optimizer-n1024-d2-zerosTrue.dispatch 1514 1081871490
UMAP_SPARSE_FIT_BITS optimizer-n1024-d2-zerosTrue.dispatch 1515 1083561842
UMAP_SPARSE_FIT_BITS optimizer-n1024-d2-zerosTrue.dispatch 1516 3235895383
UMAP_SPARSE_FIT_BITS optimizer-n1024-d2-zerosTrue.dispatch 1517 3233270743
UMAP_SPARSE_FIT_BITS optimizer-n1024-d2-zerosTrue.dispatch 1518 1055263032
UMAP_SPARSE_FIT_BITS optimizer-n1024-d2-zerosTrue.dispatch 1519 3189510782
UMAP_SPARSE_FIT_BITS optimizer-n1024-d2-zerosTrue.dispatch 1520 1091351711
UMAP_SPARSE_FIT_BITS optimizer-n1024-d2-zerosTrue.dispatch 1521 1088377995
UMAP_SPARSE_FIT_BITS optimizer-n1024-d2-zerosTrue.dispatch 1522 3219625816
UMAP_SPARSE_FIT_BITS optimizer-n1024-d2-zerosTrue.dispatch 1523 3218528503
UMAP_SPARSE_FIT_BITS optimizer-n1024-d2-zerosTrue.dispatch 1524 3185021626
UMAP_SPARSE_FIT_BITS optimizer-n1024-d2-zerosTrue.dispatch 1525 1071850836
UMAP_SPARSE_FIT_BITS optimizer-n1024-d2-zerosTrue.dispatch 1526 3224734144
UMAP_SPARSE_FIT_BITS optimizer-n1024-d2-zerosTrue.dispatch 1527 3211812973
UMAP_SPARSE_FIT_BITS optimizer-n1024-d2-zerosTrue.dispatch 1528 1096696021
UMAP_SPARSE_FIT_BITS optimizer-n1024-d2-zerosTrue.dispatch 1529 1096182239
UMAP_SPARSE_FIT_BITS optimizer-n1024-d2-zerosTrue.dispatch 1530 3232758350
UMAP_SPARSE_FIT_BITS optimizer-n1024-d2-zerosTrue.dispatch 1531 3229975195
UMAP_SPARSE_FIT_BITS optimizer-n1024-d2-zerosTrue.dispatch 1532 3224485475
UMAP_SPARSE_FIT_BITS optimizer-n1024-d2-zerosTrue.dispatch 1533 3229258020
UMAP_SPARSE_FIT_BITS optimizer-n1024-d2-zerosTrue.dispatch 1534 3223694174
UMAP_SPARSE_FIT_BITS optimizer-n1024-d2-zerosTrue.dispatch 1535 3228508123
UMAP_SPARSE_FIT_BITS optimizer-n1024-d2-zerosTrue.dispatch 1536 1087363348
UMAP_SPARSE_FIT_BITS optimizer-n1024-d2-zerosTrue.dispatch 1537 1083987980
UMAP_SPARSE_FIT_BITS optimizer-n1024-d2-zerosTrue.dispatch 1538 1086129758
UMAP_SPARSE_FIT_BITS optimizer-n1024-d2-zerosTrue.dispatch 1539 1087641531
UMAP_SPARSE_FIT_BITS optimizer-n1024-d2-zerosTrue.dispatch 1540 3226985478
UMAP_SPARSE_FIT_BITS optimizer-n1024-d2-zerosTrue.dispatch 1541 3227019996
UMAP_SPARSE_FIT_BITS optimizer-n1024-d2-zerosTrue.dispatch 1542 3227183467
UMAP_SPARSE_FIT_BITS optimizer-n1024-d2-zerosTrue.dispatch 1543 3233102415
UMAP_SPARSE_FIT_BITS optimizer-n1024-d2-zerosTrue.dispatch 1544 3224186187
UMAP_SPARSE_FIT_BITS optimizer-n1024-d2-zerosTrue.dispatch 1545 3226538602
UMAP_SPARSE_FIT_BITS optimizer-n1024-d2-zerosTrue.dispatch 1546 1046018553
UMAP_SPARSE_FIT_BITS optimizer-n1024-d2-zerosTrue.dispatch 1547 3229015131
UMAP_SPARSE_FIT_BITS optimizer-n1024-d2-zerosTrue.dispatch 1548 1083205890
UMAP_SPARSE_FIT_BITS optimizer-n1024-d2-zerosTrue.dispatch 1549 1086544656
UMAP_SPARSE_FIT_BITS optimizer-n1024-d2-zerosTrue.dispatch 1550 3213913004
UMAP_SPARSE_FIT_BITS optimizer-n1024-d2-zerosTrue.dispatch 1551 1052914793
UMAP_SPARSE_FIT_BITS optimizer-n1024-d2-zerosTrue.dispatch 1552 1091883082
UMAP_SPARSE_FIT_BITS optimizer-n1024-d2-zerosTrue.dispatch 1553 1090867238
UMAP_SPARSE_FIT_BITS optimizer-n1024-d2-zerosTrue.dispatch 1554 1087546744
UMAP_SPARSE_FIT_BITS optimizer-n1024-d2-zerosTrue.dispatch 1555 1082445618
UMAP_SPARSE_FIT_BITS optimizer-n1024-d2-zerosTrue.dispatch 1556 3229002411
UMAP_SPARSE_FIT_BITS optimizer-n1024-d2-zerosTrue.dispatch 1557 3231310640
UMAP_SPARSE_FIT_BITS optimizer-n1024-d2-zerosTrue.dispatch 1558 1083946007
UMAP_SPARSE_FIT_BITS optimizer-n1024-d2-zerosTrue.dispatch 1559 1081893372
UMAP_SPARSE_FIT_BITS optimizer-n1024-d2-zerosTrue.dispatch 1560 1082611339
UMAP_SPARSE_FIT_BITS optimizer-n1024-d2-zerosTrue.dispatch 1561 1048738144
UMAP_SPARSE_FIT_BITS optimizer-n1024-d2-zerosTrue.dispatch 1562 3227341128
UMAP_SPARSE_FIT_BITS optimizer-n1024-d2-zerosTrue.dispatch 1563 3232699702
UMAP_SPARSE_FIT_BITS optimizer-n1024-d2-zerosTrue.dispatch 1564 3238579838
UMAP_SPARSE_FIT_BITS optimizer-n1024-d2-zerosTrue.dispatch 1565 3238615864
UMAP_SPARSE_FIT_BITS optimizer-n1024-d2-zerosTrue.dispatch 1566 1084539401
UMAP_SPARSE_FIT_BITS optimizer-n1024-d2-zerosTrue.dispatch 1567 1084618820
UMAP_SPARSE_FIT_BITS optimizer-n1024-d2-zerosTrue.dispatch 1568 3222789145
UMAP_SPARSE_FIT_BITS optimizer-n1024-d2-zerosTrue.dispatch 1569 3232476936
UMAP_SPARSE_FIT_BITS optimizer-n1024-d2-zerosTrue.dispatch 1570 3222716627
UMAP_SPARSE_FIT_BITS optimizer-n1024-d2-zerosTrue.dispatch 1571 3230783058
UMAP_SPARSE_FIT_BITS optimizer-n1024-d2-zerosTrue.dispatch 1572 3219561505
UMAP_SPARSE_FIT_BITS optimizer-n1024-d2-zerosTrue.dispatch 1573 1033425498
UMAP_SPARSE_FIT_BITS optimizer-n1024-d2-zerosTrue.dispatch 1574 1078330154
UMAP_SPARSE_FIT_BITS optimizer-n1024-d2-zerosTrue.dispatch 1575 1083264268
UMAP_SPARSE_FIT_BITS optimizer-n1024-d2-zerosTrue.dispatch 1576 1093383409
UMAP_SPARSE_FIT_BITS optimizer-n1024-d2-zerosTrue.dispatch 1577 1092782574
UMAP_SPARSE_FIT_BITS optimizer-n1024-d2-zerosTrue.dispatch 1578 3216950472
UMAP_SPARSE_FIT_BITS optimizer-n1024-d2-zerosTrue.dispatch 1579 3225629297
UMAP_SPARSE_FIT_BITS optimizer-n1024-d2-zerosTrue.dispatch 1580 3206356431
UMAP_SPARSE_FIT_BITS optimizer-n1024-d2-zerosTrue.dispatch 1581 3202817518
UMAP_SPARSE_FIT_BITS optimizer-n1024-d2-zerosTrue.dispatch 1582 1075519487
UMAP_SPARSE_FIT_BITS optimizer-n1024-d2-zerosTrue.dispatch 1583 1081231714
UMAP_SPARSE_FIT_BITS optimizer-n1024-d2-zerosTrue.dispatch 1584 3238583598
UMAP_SPARSE_FIT_BITS optimizer-n1024-d2-zerosTrue.dispatch 1585 3236040893
UMAP_SPARSE_FIT_BITS optimizer-n1024-d2-zerosTrue.dispatch 1586 1091586586
UMAP_SPARSE_FIT_BITS optimizer-n1024-d2-zerosTrue.dispatch 1587 1090675145
UMAP_SPARSE_FIT_BITS optimizer-n1024-d2-zerosTrue.dispatch 1588 1091642744
UMAP_SPARSE_FIT_BITS optimizer-n1024-d2-zerosTrue.dispatch 1589 1090530302
UMAP_SPARSE_FIT_BITS optimizer-n1024-d2-zerosTrue.dispatch 1590 1048880842
UMAP_SPARSE_FIT_BITS optimizer-n1024-d2-zerosTrue.dispatch 1591 1079691279
UMAP_SPARSE_FIT_BITS optimizer-n1024-d2-zerosTrue.dispatch 1592 1084190275
UMAP_SPARSE_FIT_BITS optimizer-n1024-d2-zerosTrue.dispatch 1593 1088102258
UMAP_SPARSE_FIT_BITS optimizer-n1024-d2-zerosTrue.dispatch 1594 3233948752
UMAP_SPARSE_FIT_BITS optimizer-n1024-d2-zerosTrue.dispatch 1595 3231491854
UMAP_SPARSE_FIT_BITS optimizer-n1024-d2-zerosTrue.dispatch 1596 3239852765
UMAP_SPARSE_FIT_BITS optimizer-n1024-d2-zerosTrue.dispatch 1597 3233508812
UMAP_SPARSE_FIT_BITS optimizer-n1024-d2-zerosTrue.dispatch 1598 3229944155
UMAP_SPARSE_FIT_BITS optimizer-n1024-d2-zerosTrue.dispatch 1599 3226280384
UMAP_SPARSE_FIT_BITS optimizer-n1024-d2-zerosTrue.dispatch 1600 1093128828
UMAP_SPARSE_FIT_BITS optimizer-n1024-d2-zerosTrue.dispatch 1601 1091597353
UMAP_SPARSE_FIT_BITS optimizer-n1024-d2-zerosTrue.dispatch 1602 1072493899
UMAP_SPARSE_FIT_BITS optimizer-n1024-d2-zerosTrue.dispatch 1603 3226465757
UMAP_SPARSE_FIT_BITS optimizer-n1024-d2-zerosTrue.dispatch 1604 1061455798
UMAP_SPARSE_FIT_BITS optimizer-n1024-d2-zerosTrue.dispatch 1605 3217907696
UMAP_SPARSE_FIT_BITS optimizer-n1024-d2-zerosTrue.dispatch 1606 1090773566
UMAP_SPARSE_FIT_BITS optimizer-n1024-d2-zerosTrue.dispatch 1607 1093537428
UMAP_SPARSE_FIT_BITS optimizer-n1024-d2-zerosTrue.dispatch 1608 1065639980
UMAP_SPARSE_FIT_BITS optimizer-n1024-d2-zerosTrue.dispatch 1609 1082685590
UMAP_SPARSE_FIT_BITS optimizer-n1024-d2-zerosTrue.dispatch 1610 3223987827
UMAP_SPARSE_FIT_BITS optimizer-n1024-d2-zerosTrue.dispatch 1611 3221775627
UMAP_SPARSE_FIT_BITS optimizer-n1024-d2-zerosTrue.dispatch 1612 1083987097
UMAP_SPARSE_FIT_BITS optimizer-n1024-d2-zerosTrue.dispatch 1613 1050421457
UMAP_SPARSE_FIT_BITS optimizer-n1024-d2-zerosTrue.dispatch 1614 3229848875
UMAP_SPARSE_FIT_BITS optimizer-n1024-d2-zerosTrue.dispatch 1615 3228564297
UMAP_SPARSE_FIT_BITS optimizer-n1024-d2-zerosTrue.dispatch 1616 1099729146
UMAP_SPARSE_FIT_BITS optimizer-n1024-d2-zerosTrue.dispatch 1617 1100067920
UMAP_SPARSE_FIT_BITS optimizer-n1024-d2-zerosTrue.dispatch 1618 1089260429
UMAP_SPARSE_FIT_BITS optimizer-n1024-d2-zerosTrue.dispatch 1619 1091742629
UMAP_SPARSE_FIT_BITS optimizer-n1024-d2-zerosTrue.dispatch 1620 3228829436
UMAP_SPARSE_FIT_BITS optimizer-n1024-d2-zerosTrue.dispatch 1621 3224910813
UMAP_SPARSE_FIT_BITS optimizer-n1024-d2-zerosTrue.dispatch 1622 1092330539
UMAP_SPARSE_FIT_BITS optimizer-n1024-d2-zerosTrue.dispatch 1623 1089457047
UMAP_SPARSE_FIT_BITS optimizer-n1024-d2-zerosTrue.dispatch 1624 3226368257
UMAP_SPARSE_FIT_BITS optimizer-n1024-d2-zerosTrue.dispatch 1625 3232015454
UMAP_SPARSE_FIT_BITS optimizer-n1024-d2-zerosTrue.dispatch 1626 1085838143
UMAP_SPARSE_FIT_BITS optimizer-n1024-d2-zerosTrue.dispatch 1627 1085936217
UMAP_SPARSE_FIT_BITS optimizer-n1024-d2-zerosTrue.dispatch 1628 1090581031
UMAP_SPARSE_FIT_BITS optimizer-n1024-d2-zerosTrue.dispatch 1629 1081338208
UMAP_SPARSE_FIT_BITS optimizer-n1024-d2-zerosTrue.dispatch 1630 1082337348
UMAP_SPARSE_FIT_BITS optimizer-n1024-d2-zerosTrue.dispatch 1631 1085650994
UMAP_SPARSE_FIT_BITS optimizer-n1024-d2-zerosTrue.dispatch 1632 3232752031
UMAP_SPARSE_FIT_BITS optimizer-n1024-d2-zerosTrue.dispatch 1633 1065890233
UMAP_SPARSE_FIT_BITS optimizer-n1024-d2-zerosTrue.dispatch 1634 3225225655
UMAP_SPARSE_FIT_BITS optimizer-n1024-d2-zerosTrue.dispatch 1635 3223858058
UMAP_SPARSE_FIT_BITS optimizer-n1024-d2-zerosTrue.dispatch 1636 3222109086
UMAP_SPARSE_FIT_BITS optimizer-n1024-d2-zerosTrue.dispatch 1637 3227060969
UMAP_SPARSE_FIT_BITS optimizer-n1024-d2-zerosTrue.dispatch 1638 3214108279
UMAP_SPARSE_FIT_BITS optimizer-n1024-d2-zerosTrue.dispatch 1639 1042305344
UMAP_SPARSE_FIT_BITS optimizer-n1024-d2-zerosTrue.dispatch 1640 1086993551
UMAP_SPARSE_FIT_BITS optimizer-n1024-d2-zerosTrue.dispatch 1641 1088242506
UMAP_SPARSE_FIT_BITS optimizer-n1024-d2-zerosTrue.dispatch 1642 1067166113
UMAP_SPARSE_FIT_BITS optimizer-n1024-d2-zerosTrue.dispatch 1643 3223400823
UMAP_SPARSE_FIT_BITS optimizer-n1024-d2-zerosTrue.dispatch 1644 1087659281
UMAP_SPARSE_FIT_BITS optimizer-n1024-d2-zerosTrue.dispatch 1645 1085263354
UMAP_SPARSE_FIT_BITS optimizer-n1024-d2-zerosTrue.dispatch 1646 1080811578
UMAP_SPARSE_FIT_BITS optimizer-n1024-d2-zerosTrue.dispatch 1647 1073883073
UMAP_SPARSE_FIT_BITS optimizer-n1024-d2-zerosTrue.dispatch 1648 3214058251
UMAP_SPARSE_FIT_BITS optimizer-n1024-d2-zerosTrue.dispatch 1649 3220459939
UMAP_SPARSE_FIT_BITS optimizer-n1024-d2-zerosTrue.dispatch 1650 3225593465
UMAP_SPARSE_FIT_BITS optimizer-n1024-d2-zerosTrue.dispatch 1651 1030648004
UMAP_SPARSE_FIT_BITS optimizer-n1024-d2-zerosTrue.dispatch 1652 3241425477
UMAP_SPARSE_FIT_BITS optimizer-n1024-d2-zerosTrue.dispatch 1653 3240704325
UMAP_SPARSE_FIT_BITS optimizer-n1024-d2-zerosTrue.dispatch 1654 1078817449
UMAP_SPARSE_FIT_BITS optimizer-n1024-d2-zerosTrue.dispatch 1655 1076409852
UMAP_SPARSE_FIT_BITS optimizer-n1024-d2-zerosTrue.dispatch 1656 1090079942
UMAP_SPARSE_FIT_BITS optimizer-n1024-d2-zerosTrue.dispatch 1657 1084026712
UMAP_SPARSE_FIT_BITS optimizer-n1024-d2-zerosTrue.dispatch 1658 3228297589
UMAP_SPARSE_FIT_BITS optimizer-n1024-d2-zerosTrue.dispatch 1659 3230980688
UMAP_SPARSE_FIT_BITS optimizer-n1024-d2-zerosTrue.dispatch 1660 1095763630
UMAP_SPARSE_FIT_BITS optimizer-n1024-d2-zerosTrue.dispatch 1661 1096184554
UMAP_SPARSE_FIT_BITS optimizer-n1024-d2-zerosTrue.dispatch 1662 3192994150
UMAP_SPARSE_FIT_BITS optimizer-n1024-d2-zerosTrue.dispatch 1663 1073070620
UMAP_SPARSE_FIT_BITS optimizer-n1024-d2-zerosTrue.dispatch 1664 3192362785
UMAP_SPARSE_FIT_BITS optimizer-n1024-d2-zerosTrue.dispatch 1665 1071376502
UMAP_SPARSE_FIT_BITS optimizer-n1024-d2-zerosTrue.dispatch 1666 3209785483
UMAP_SPARSE_FIT_BITS optimizer-n1024-d2-zerosTrue.dispatch 1667 3232982964
UMAP_SPARSE_FIT_BITS optimizer-n1024-d2-zerosTrue.dispatch 1668 1077925398
UMAP_SPARSE_FIT_BITS optimizer-n1024-d2-zerosTrue.dispatch 1669 1064762184
UMAP_SPARSE_FIT_BITS optimizer-n1024-d2-zerosTrue.dispatch 1670 3231396257
UMAP_SPARSE_FIT_BITS optimizer-n1024-d2-zerosTrue.dispatch 1671 3235943352
UMAP_SPARSE_FIT_BITS optimizer-n1024-d2-zerosTrue.dispatch 1672 1053694644
UMAP_SPARSE_FIT_BITS optimizer-n1024-d2-zerosTrue.dispatch 1673 3204444648
UMAP_SPARSE_FIT_BITS optimizer-n1024-d2-zerosTrue.dispatch 1674 1091792120
UMAP_SPARSE_FIT_BITS optimizer-n1024-d2-zerosTrue.dispatch 1675 1093023297
UMAP_SPARSE_FIT_BITS optimizer-n1024-d2-zerosTrue.dispatch 1676 3241512597
UMAP_SPARSE_FIT_BITS optimizer-n1024-d2-zerosTrue.dispatch 1677 3240942476
UMAP_SPARSE_FIT_BITS optimizer-n1024-d2-zerosTrue.dispatch 1678 3192824493
UMAP_SPARSE_FIT_BITS optimizer-n1024-d2-zerosTrue.dispatch 1679 3218383120
UMAP_SPARSE_FIT_BITS optimizer-n1024-d2-zerosTrue.dispatch 1680 1083440945
UMAP_SPARSE_FIT_BITS optimizer-n1024-d2-zerosTrue.dispatch 1681 1079095038
UMAP_SPARSE_FIT_BITS optimizer-n1024-d2-zerosTrue.dispatch 1682 1083121339
UMAP_SPARSE_FIT_BITS optimizer-n1024-d2-zerosTrue.dispatch 1683 1078181833
UMAP_SPARSE_FIT_BITS optimizer-n1024-d2-zerosTrue.dispatch 1684 1074427113
UMAP_SPARSE_FIT_BITS optimizer-n1024-d2-zerosTrue.dispatch 1685 1070378673
UMAP_SPARSE_FIT_BITS optimizer-n1024-d2-zerosTrue.dispatch 1686 1090511312
UMAP_SPARSE_FIT_BITS optimizer-n1024-d2-zerosTrue.dispatch 1687 1090772559
UMAP_SPARSE_FIT_BITS optimizer-n1024-d2-zerosTrue.dispatch 1688 1088642676
UMAP_SPARSE_FIT_BITS optimizer-n1024-d2-zerosTrue.dispatch 1689 1088688235
UMAP_SPARSE_FIT_BITS optimizer-n1024-d2-zerosTrue.dispatch 1690 1075750747
UMAP_SPARSE_FIT_BITS optimizer-n1024-d2-zerosTrue.dispatch 1691 1054940973
UMAP_SPARSE_FIT_BITS optimizer-n1024-d2-zerosTrue.dispatch 1692 3227317050
UMAP_SPARSE_FIT_BITS optimizer-n1024-d2-zerosTrue.dispatch 1693 3228379826
UMAP_SPARSE_FIT_BITS optimizer-n1024-d2-zerosTrue.dispatch 1694 1092175779
UMAP_SPARSE_FIT_BITS optimizer-n1024-d2-zerosTrue.dispatch 1695 1092927026
UMAP_SPARSE_FIT_BITS optimizer-n1024-d2-zerosTrue.dispatch 1696 1071161120
UMAP_SPARSE_FIT_BITS optimizer-n1024-d2-zerosTrue.dispatch 1697 1078095390
UMAP_SPARSE_FIT_BITS optimizer-n1024-d2-zerosTrue.dispatch 1698 1085810094
UMAP_SPARSE_FIT_BITS optimizer-n1024-d2-zerosTrue.dispatch 1699 1089376204
UMAP_SPARSE_FIT_BITS optimizer-n1024-d2-zerosTrue.dispatch 1700 3238731364
UMAP_SPARSE_FIT_BITS optimizer-n1024-d2-zerosTrue.dispatch 1701 3238373348
UMAP_SPARSE_FIT_BITS optimizer-n1024-d2-zerosTrue.dispatch 1702 1063995681
UMAP_SPARSE_FIT_BITS optimizer-n1024-d2-zerosTrue.dispatch 1703 3207142932
UMAP_SPARSE_FIT_BITS optimizer-n1024-d2-zerosTrue.dispatch 1704 1057425355
UMAP_SPARSE_FIT_BITS optimizer-n1024-d2-zerosTrue.dispatch 1705 3210340830
UMAP_SPARSE_FIT_BITS optimizer-n1024-d2-zerosTrue.dispatch 1706 3212610130
UMAP_SPARSE_FIT_BITS optimizer-n1024-d2-zerosTrue.dispatch 1707 3218425373
UMAP_SPARSE_FIT_BITS optimizer-n1024-d2-zerosTrue.dispatch 1708 3220745994
UMAP_SPARSE_FIT_BITS optimizer-n1024-d2-zerosTrue.dispatch 1709 3218578263
UMAP_SPARSE_FIT_BITS optimizer-n1024-d2-zerosTrue.dispatch 1710 1071985385
UMAP_SPARSE_FIT_BITS optimizer-n1024-d2-zerosTrue.dispatch 1711 1075940539
UMAP_SPARSE_FIT_BITS optimizer-n1024-d2-zerosTrue.dispatch 1712 3220068881
UMAP_SPARSE_FIT_BITS optimizer-n1024-d2-zerosTrue.dispatch 1713 3223221081
UMAP_SPARSE_FIT_BITS optimizer-n1024-d2-zerosTrue.dispatch 1714 1083713635
UMAP_SPARSE_FIT_BITS optimizer-n1024-d2-zerosTrue.dispatch 1715 1087662371
UMAP_SPARSE_FIT_BITS optimizer-n1024-d2-zerosTrue.dispatch 1716 3225359679
UMAP_SPARSE_FIT_BITS optimizer-n1024-d2-zerosTrue.dispatch 1717 1064234067
UMAP_SPARSE_FIT_BITS optimizer-n1024-d2-zerosTrue.dispatch 1718 3185371427
UMAP_SPARSE_FIT_BITS optimizer-n1024-d2-zerosTrue.dispatch 1719 1081592786
UMAP_SPARSE_FIT_BITS optimizer-n1024-d2-zerosTrue.dispatch 1720 3235463945
UMAP_SPARSE_FIT_BITS optimizer-n1024-d2-zerosTrue.dispatch 1721 3234609448
UMAP_SPARSE_FIT_BITS optimizer-n1024-d2-zerosTrue.dispatch 1722 1096008699
UMAP_SPARSE_FIT_BITS optimizer-n1024-d2-zerosTrue.dispatch 1723 1095080552
UMAP_SPARSE_FIT_BITS optimizer-n1024-d2-zerosTrue.dispatch 1724 1074065691
UMAP_SPARSE_FIT_BITS optimizer-n1024-d2-zerosTrue.dispatch 1725 1062107172
UMAP_SPARSE_FIT_BITS optimizer-n1024-d2-zerosTrue.dispatch 1726 1075038977
UMAP_SPARSE_FIT_BITS optimizer-n1024-d2-zerosTrue.dispatch 1727 1074397574
UMAP_SPARSE_FIT_BITS optimizer-n1024-d2-zerosTrue.dispatch 1728 1074139376
UMAP_SPARSE_FIT_BITS optimizer-n1024-d2-zerosTrue.dispatch 1729 1080420192
UMAP_SPARSE_FIT_BITS optimizer-n1024-d2-zerosTrue.dispatch 1730 1072317212
UMAP_SPARSE_FIT_BITS optimizer-n1024-d2-zerosTrue.dispatch 1731 1082311648
UMAP_SPARSE_FIT_BITS optimizer-n1024-d2-zerosTrue.dispatch 1732 3232474954
UMAP_SPARSE_FIT_BITS optimizer-n1024-d2-zerosTrue.dispatch 1733 3229757433
UMAP_SPARSE_FIT_BITS optimizer-n1024-d2-zerosTrue.dispatch 1734 3232117037
UMAP_SPARSE_FIT_BITS optimizer-n1024-d2-zerosTrue.dispatch 1735 3230077428
UMAP_SPARSE_FIT_BITS optimizer-n1024-d2-zerosTrue.dispatch 1736 1089411726
UMAP_SPARSE_FIT_BITS optimizer-n1024-d2-zerosTrue.dispatch 1737 1087504850
UMAP_SPARSE_FIT_BITS optimizer-n1024-d2-zerosTrue.dispatch 1738 3232142327
UMAP_SPARSE_FIT_BITS optimizer-n1024-d2-zerosTrue.dispatch 1739 3234503767
UMAP_SPARSE_FIT_BITS optimizer-n1024-d2-zerosTrue.dispatch 1740 3233946128
UMAP_SPARSE_FIT_BITS optimizer-n1024-d2-zerosTrue.dispatch 1741 3235240002
UMAP_SPARSE_FIT_BITS optimizer-n1024-d2-zerosTrue.dispatch 1742 1091034668
UMAP_SPARSE_FIT_BITS optimizer-n1024-d2-zerosTrue.dispatch 1743 1092361268
UMAP_SPARSE_FIT_BITS optimizer-n1024-d2-zerosTrue.dispatch 1744 1088453490
UMAP_SPARSE_FIT_BITS optimizer-n1024-d2-zerosTrue.dispatch 1745 1088540978
UMAP_SPARSE_FIT_BITS optimizer-n1024-d2-zerosTrue.dispatch 1746 1066824286
UMAP_SPARSE_FIT_BITS optimizer-n1024-d2-zerosTrue.dispatch 1747 1074612199
UMAP_SPARSE_FIT_BITS optimizer-n1024-d2-zerosTrue.dispatch 1748 1067845450
UMAP_SPARSE_FIT_BITS optimizer-n1024-d2-zerosTrue.dispatch 1749 1046318409
UMAP_SPARSE_FIT_BITS optimizer-n1024-d2-zerosTrue.dispatch 1750 3201373095
UMAP_SPARSE_FIT_BITS optimizer-n1024-d2-zerosTrue.dispatch 1751 3199954458
UMAP_SPARSE_FIT_BITS optimizer-n1024-d2-zerosTrue.dispatch 1752 3212634093
UMAP_SPARSE_FIT_BITS optimizer-n1024-d2-zerosTrue.dispatch 1753 3204793176
UMAP_SPARSE_FIT_BITS optimizer-n1024-d2-zerosTrue.dispatch 1754 3217683195
UMAP_SPARSE_FIT_BITS optimizer-n1024-d2-zerosTrue.dispatch 1755 3155159792
UMAP_SPARSE_FIT_BITS optimizer-n1024-d2-zerosTrue.dispatch 1756 3216827728
UMAP_SPARSE_FIT_BITS optimizer-n1024-d2-zerosTrue.dispatch 1757 1064792485
UMAP_SPARSE_FIT_BITS optimizer-n1024-d2-zerosTrue.dispatch 1758 1083798005
UMAP_SPARSE_FIT_BITS optimizer-n1024-d2-zerosTrue.dispatch 1759 1091454107
UMAP_SPARSE_FIT_BITS optimizer-n1024-d2-zerosTrue.dispatch 1760 1092137018
UMAP_SPARSE_FIT_BITS optimizer-n1024-d2-zerosTrue.dispatch 1761 1092257056
UMAP_SPARSE_FIT_BITS optimizer-n1024-d2-zerosTrue.dispatch 1762 1091353803
UMAP_SPARSE_FIT_BITS optimizer-n1024-d2-zerosTrue.dispatch 1763 1091606073
UMAP_SPARSE_FIT_BITS optimizer-n1024-d2-zerosTrue.dispatch 1764 3233297462
UMAP_SPARSE_FIT_BITS optimizer-n1024-d2-zerosTrue.dispatch 1765 3220533376
UMAP_SPARSE_FIT_BITS optimizer-n1024-d2-zerosTrue.dispatch 1766 3242367658
UMAP_SPARSE_FIT_BITS optimizer-n1024-d2-zerosTrue.dispatch 1767 3242446390
UMAP_SPARSE_FIT_BITS optimizer-n1024-d2-zerosTrue.dispatch 1768 3233888914
UMAP_SPARSE_FIT_BITS optimizer-n1024-d2-zerosTrue.dispatch 1769 3233772251
UMAP_SPARSE_FIT_BITS optimizer-n1024-d2-zerosTrue.dispatch 1770 3225767448
UMAP_SPARSE_FIT_BITS optimizer-n1024-d2-zerosTrue.dispatch 1771 3226288433
UMAP_SPARSE_FIT_BITS optimizer-n1024-d2-zerosTrue.dispatch 1772 3225221601
UMAP_SPARSE_FIT_BITS optimizer-n1024-d2-zerosTrue.dispatch 1773 3227261394
UMAP_SPARSE_FIT_BITS optimizer-n1024-d2-zerosTrue.dispatch 1774 1090767325
UMAP_SPARSE_FIT_BITS optimizer-n1024-d2-zerosTrue.dispatch 1775 1090542964
UMAP_SPARSE_FIT_BITS optimizer-n1024-d2-zerosTrue.dispatch 1776 1075811308
UMAP_SPARSE_FIT_BITS optimizer-n1024-d2-zerosTrue.dispatch 1777 1089180267
UMAP_SPARSE_FIT_BITS optimizer-n1024-d2-zerosTrue.dispatch 1778 3229940701
UMAP_SPARSE_FIT_BITS optimizer-n1024-d2-zerosTrue.dispatch 1779 3223355994
UMAP_SPARSE_FIT_BITS optimizer-n1024-d2-zerosTrue.dispatch 1780 1091711000
UMAP_SPARSE_FIT_BITS optimizer-n1024-d2-zerosTrue.dispatch 1781 1091370106
UMAP_SPARSE_FIT_BITS optimizer-n1024-d2-zerosTrue.dispatch 1782 1076393764
UMAP_SPARSE_FIT_BITS optimizer-n1024-d2-zerosTrue.dispatch 1783 1051457053
UMAP_SPARSE_FIT_BITS optimizer-n1024-d2-zerosTrue.dispatch 1784 1087724361
UMAP_SPARSE_FIT_BITS optimizer-n1024-d2-zerosTrue.dispatch 1785 1083046311
UMAP_SPARSE_FIT_BITS optimizer-n1024-d2-zerosTrue.dispatch 1786 3223834286
UMAP_SPARSE_FIT_BITS optimizer-n1024-d2-zerosTrue.dispatch 1787 1058955975
UMAP_SPARSE_FIT_BITS optimizer-n1024-d2-zerosTrue.dispatch 1788 3223780535
UMAP_SPARSE_FIT_BITS optimizer-n1024-d2-zerosTrue.dispatch 1789 3210394812
UMAP_SPARSE_FIT_BITS optimizer-n1024-d2-zerosTrue.dispatch 1790 1098113018
UMAP_SPARSE_FIT_BITS optimizer-n1024-d2-zerosTrue.dispatch 1791 1097849976
UMAP_SPARSE_FIT_BITS optimizer-n1024-d2-zerosTrue.dispatch 1792 1088887879
UMAP_SPARSE_FIT_BITS optimizer-n1024-d2-zerosTrue.dispatch 1793 1084722672
UMAP_SPARSE_FIT_BITS optimizer-n1024-d2-zerosTrue.dispatch 1794 1082256225
UMAP_SPARSE_FIT_BITS optimizer-n1024-d2-zerosTrue.dispatch 1795 1081705485
UMAP_SPARSE_FIT_BITS optimizer-n1024-d2-zerosTrue.dispatch 1796 1079786257
UMAP_SPARSE_FIT_BITS optimizer-n1024-d2-zerosTrue.dispatch 1797 1082200420
UMAP_SPARSE_FIT_BITS optimizer-n1024-d2-zerosTrue.dispatch 1798 1073614396
UMAP_SPARSE_FIT_BITS optimizer-n1024-d2-zerosTrue.dispatch 1799 1082499232
UMAP_SPARSE_FIT_BITS optimizer-n1024-d2-zerosTrue.dispatch 1800 1072929470
UMAP_SPARSE_FIT_BITS optimizer-n1024-d2-zerosTrue.dispatch 1801 1077761255
UMAP_SPARSE_FIT_BITS optimizer-n1024-d2-zerosTrue.dispatch 1802 3217594718
UMAP_SPARSE_FIT_BITS optimizer-n1024-d2-zerosTrue.dispatch 1803 3213463080
UMAP_SPARSE_FIT_BITS optimizer-n1024-d2-zerosTrue.dispatch 1804 3213718530
UMAP_SPARSE_FIT_BITS optimizer-n1024-d2-zerosTrue.dispatch 1805 3217840366
UMAP_SPARSE_FIT_BITS optimizer-n1024-d2-zerosTrue.dispatch 1806 3196147249
UMAP_SPARSE_FIT_BITS optimizer-n1024-d2-zerosTrue.dispatch 1807 3220379399
UMAP_SPARSE_FIT_BITS optimizer-n1024-d2-zerosTrue.dispatch 1808 3193726008
UMAP_SPARSE_FIT_BITS optimizer-n1024-d2-zerosTrue.dispatch 1809 3217352694
UMAP_SPARSE_FIT_BITS optimizer-n1024-d2-zerosTrue.dispatch 1810 3206489554
UMAP_SPARSE_FIT_BITS optimizer-n1024-d2-zerosTrue.dispatch 1811 999648948
UMAP_SPARSE_FIT_BITS optimizer-n1024-d2-zerosTrue.dispatch 1812 3215870755
UMAP_SPARSE_FIT_BITS optimizer-n1024-d2-zerosTrue.dispatch 1813 1073939674
UMAP_SPARSE_FIT_BITS optimizer-n1024-d2-zerosTrue.dispatch 1814 3244307431
UMAP_SPARSE_FIT_BITS optimizer-n1024-d2-zerosTrue.dispatch 1815 3243033297
UMAP_SPARSE_FIT_BITS optimizer-n1024-d2-zerosTrue.dispatch 1816 3222179472
UMAP_SPARSE_FIT_BITS optimizer-n1024-d2-zerosTrue.dispatch 1817 3230426668
UMAP_SPARSE_FIT_BITS optimizer-n1024-d2-zerosTrue.dispatch 1818 3240807725
UMAP_SPARSE_FIT_BITS optimizer-n1024-d2-zerosTrue.dispatch 1819 3241360737
UMAP_SPARSE_FIT_BITS optimizer-n1024-d2-zerosTrue.dispatch 1820 1065073460
UMAP_SPARSE_FIT_BITS optimizer-n1024-d2-zerosTrue.dispatch 1821 1075941443
UMAP_SPARSE_FIT_BITS optimizer-n1024-d2-zerosTrue.dispatch 1822 1059338148
UMAP_SPARSE_FIT_BITS optimizer-n1024-d2-zerosTrue.dispatch 1823 1073464694
UMAP_SPARSE_FIT_BITS optimizer-n1024-d2-zerosTrue.dispatch 1824 3234349216
UMAP_SPARSE_FIT_BITS optimizer-n1024-d2-zerosTrue.dispatch 1825 3234716726
UMAP_SPARSE_FIT_BITS optimizer-n1024-d2-zerosTrue.dispatch 1826 1089744793
UMAP_SPARSE_FIT_BITS optimizer-n1024-d2-zerosTrue.dispatch 1827 1086085622
UMAP_SPARSE_FIT_BITS optimizer-n1024-d2-zerosTrue.dispatch 1828 3226670154
UMAP_SPARSE_FIT_BITS optimizer-n1024-d2-zerosTrue.dispatch 1829 3238088469
UMAP_SPARSE_FIT_BITS optimizer-n1024-d2-zerosTrue.dispatch 1830 1088127221
UMAP_SPARSE_FIT_BITS optimizer-n1024-d2-zerosTrue.dispatch 1831 1075537979
UMAP_SPARSE_FIT_BITS optimizer-n1024-d2-zerosTrue.dispatch 1832 3215562205
UMAP_SPARSE_FIT_BITS optimizer-n1024-d2-zerosTrue.dispatch 1833 3183031419
UMAP_SPARSE_FIT_BITS optimizer-n1024-d2-zerosTrue.dispatch 1834 1076382155
UMAP_SPARSE_FIT_BITS optimizer-n1024-d2-zerosTrue.dispatch 1835 1081967379
UMAP_SPARSE_FIT_BITS optimizer-n1024-d2-zerosTrue.dispatch 1836 3247301704
UMAP_SPARSE_FIT_BITS optimizer-n1024-d2-zerosTrue.dispatch 1837 3246937083
UMAP_SPARSE_FIT_BITS optimizer-n1024-d2-zerosTrue.dispatch 1838 1074767114
UMAP_SPARSE_FIT_BITS optimizer-n1024-d2-zerosTrue.dispatch 1839 1065066617
UMAP_SPARSE_FIT_BITS optimizer-n1024-d2-zerosTrue.dispatch 1840 3239168719
UMAP_SPARSE_FIT_BITS optimizer-n1024-d2-zerosTrue.dispatch 1841 3240048712
UMAP_SPARSE_FIT_BITS optimizer-n1024-d2-zerosTrue.dispatch 1842 3233391706
UMAP_SPARSE_FIT_BITS optimizer-n1024-d2-zerosTrue.dispatch 1843 3231844111
UMAP_SPARSE_FIT_BITS optimizer-n1024-d2-zerosTrue.dispatch 1844 3233228836
UMAP_SPARSE_FIT_BITS optimizer-n1024-d2-zerosTrue.dispatch 1845 3232420715
UMAP_SPARSE_FIT_BITS optimizer-n1024-d2-zerosTrue.dispatch 1846 3233418446
UMAP_SPARSE_FIT_BITS optimizer-n1024-d2-zerosTrue.dispatch 1847 3232466355
UMAP_SPARSE_FIT_BITS optimizer-n1024-d2-zerosTrue.dispatch 1848 1072399994
UMAP_SPARSE_FIT_BITS optimizer-n1024-d2-zerosTrue.dispatch 1849 1070113420
UMAP_SPARSE_FIT_BITS optimizer-n1024-d2-zerosTrue.dispatch 1850 3219086896
UMAP_SPARSE_FIT_BITS optimizer-n1024-d2-zerosTrue.dispatch 1851 1085336617
UMAP_SPARSE_FIT_BITS optimizer-n1024-d2-zerosTrue.dispatch 1852 3236469361
UMAP_SPARSE_FIT_BITS optimizer-n1024-d2-zerosTrue.dispatch 1853 3238257638
UMAP_SPARSE_FIT_BITS optimizer-n1024-d2-zerosTrue.dispatch 1854 1089765583
UMAP_SPARSE_FIT_BITS optimizer-n1024-d2-zerosTrue.dispatch 1855 1090619269
UMAP_SPARSE_FIT_BITS optimizer-n1024-d2-zerosTrue.dispatch 1856 3230948764
UMAP_SPARSE_FIT_BITS optimizer-n1024-d2-zerosTrue.dispatch 1857 3227180442
UMAP_SPARSE_FIT_BITS optimizer-n1024-d2-zerosTrue.dispatch 1858 1085550630
UMAP_SPARSE_FIT_BITS optimizer-n1024-d2-zerosTrue.dispatch 1859 1083883486
UMAP_SPARSE_FIT_BITS optimizer-n1024-d2-zerosTrue.dispatch 1860 1080058303
UMAP_SPARSE_FIT_BITS optimizer-n1024-d2-zerosTrue.dispatch 1861 1057011029
UMAP_SPARSE_FIT_BITS optimizer-n1024-d2-zerosTrue.dispatch 1862 1087339069
UMAP_SPARSE_FIT_BITS optimizer-n1024-d2-zerosTrue.dispatch 1863 1087583318
UMAP_SPARSE_FIT_BITS optimizer-n1024-d2-zerosTrue.dispatch 1864 1075473665
UMAP_SPARSE_FIT_BITS optimizer-n1024-d2-zerosTrue.dispatch 1865 1079898141
UMAP_SPARSE_FIT_BITS optimizer-n1024-d2-zerosTrue.dispatch 1866 1074976987
UMAP_SPARSE_FIT_BITS optimizer-n1024-d2-zerosTrue.dispatch 1867 1078358847
UMAP_SPARSE_FIT_BITS optimizer-n1024-d2-zerosTrue.dispatch 1868 3224992848
UMAP_SPARSE_FIT_BITS optimizer-n1024-d2-zerosTrue.dispatch 1869 3231377614
UMAP_SPARSE_FIT_BITS optimizer-n1024-d2-zerosTrue.dispatch 1870 3225078204
UMAP_SPARSE_FIT_BITS optimizer-n1024-d2-zerosTrue.dispatch 1871 3222200382
UMAP_SPARSE_FIT_BITS optimizer-n1024-d2-zerosTrue.dispatch 1872 1095188073
UMAP_SPARSE_FIT_BITS optimizer-n1024-d2-zerosTrue.dispatch 1873 1095063672
UMAP_SPARSE_FIT_BITS optimizer-n1024-d2-zerosTrue.dispatch 1874 3234192386
UMAP_SPARSE_FIT_BITS optimizer-n1024-d2-zerosTrue.dispatch 1875 3238043126
UMAP_SPARSE_FIT_BITS optimizer-n1024-d2-zerosTrue.dispatch 1876 1096157831
UMAP_SPARSE_FIT_BITS optimizer-n1024-d2-zerosTrue.dispatch 1877 1095942860
UMAP_SPARSE_FIT_BITS optimizer-n1024-d2-zerosTrue.dispatch 1878 1087315437
UMAP_SPARSE_FIT_BITS optimizer-n1024-d2-zerosTrue.dispatch 1879 1086677377
UMAP_SPARSE_FIT_BITS optimizer-n1024-d2-zerosTrue.dispatch 1880 3228123444
UMAP_SPARSE_FIT_BITS optimizer-n1024-d2-zerosTrue.dispatch 1881 3220544631
UMAP_SPARSE_FIT_BITS optimizer-n1024-d2-zerosTrue.dispatch 1882 3230209070
UMAP_SPARSE_FIT_BITS optimizer-n1024-d2-zerosTrue.dispatch 1883 3231705498
UMAP_SPARSE_FIT_BITS optimizer-n1024-d2-zerosTrue.dispatch 1884 3235410809
UMAP_SPARSE_FIT_BITS optimizer-n1024-d2-zerosTrue.dispatch 1885 3237416532
UMAP_SPARSE_FIT_BITS optimizer-n1024-d2-zerosTrue.dispatch 1886 3237777192
UMAP_SPARSE_FIT_BITS optimizer-n1024-d2-zerosTrue.dispatch 1887 3238523296
UMAP_SPARSE_FIT_BITS optimizer-n1024-d2-zerosTrue.dispatch 1888 3203565698
UMAP_SPARSE_FIT_BITS optimizer-n1024-d2-zerosTrue.dispatch 1889 3215077088
UMAP_SPARSE_FIT_BITS optimizer-n1024-d2-zerosTrue.dispatch 1890 3222611055
UMAP_SPARSE_FIT_BITS optimizer-n1024-d2-zerosTrue.dispatch 1891 3213684996
UMAP_SPARSE_FIT_BITS optimizer-n1024-d2-zerosTrue.dispatch 1892 1049122138
UMAP_SPARSE_FIT_BITS optimizer-n1024-d2-zerosTrue.dispatch 1893 1034891834
UMAP_SPARSE_FIT_BITS optimizer-n1024-d2-zerosTrue.dispatch 1894 1088064475
UMAP_SPARSE_FIT_BITS optimizer-n1024-d2-zerosTrue.dispatch 1895 1069742732
UMAP_SPARSE_FIT_BITS optimizer-n1024-d2-zerosTrue.dispatch 1896 1085991584
UMAP_SPARSE_FIT_BITS optimizer-n1024-d2-zerosTrue.dispatch 1897 1087430138
UMAP_SPARSE_FIT_BITS optimizer-n1024-d2-zerosTrue.dispatch 1898 1086014368
UMAP_SPARSE_FIT_BITS optimizer-n1024-d2-zerosTrue.dispatch 1899 1087275482
UMAP_SPARSE_FIT_BITS optimizer-n1024-d2-zerosTrue.dispatch 1900 3208241839
UMAP_SPARSE_FIT_BITS optimizer-n1024-d2-zerosTrue.dispatch 1901 1058812942
UMAP_SPARSE_FIT_BITS optimizer-n1024-d2-zerosTrue.dispatch 1902 1075194083
UMAP_SPARSE_FIT_BITS optimizer-n1024-d2-zerosTrue.dispatch 1903 1085897318
UMAP_SPARSE_FIT_BITS optimizer-n1024-d2-zerosTrue.dispatch 1904 3234719646
UMAP_SPARSE_FIT_BITS optimizer-n1024-d2-zerosTrue.dispatch 1905 3233116826
UMAP_SPARSE_FIT_BITS optimizer-n1024-d2-zerosTrue.dispatch 1906 1074202506
UMAP_SPARSE_FIT_BITS optimizer-n1024-d2-zerosTrue.dispatch 1907 1060726140
UMAP_SPARSE_FIT_BITS optimizer-n1024-d2-zerosTrue.dispatch 1908 1067528890
UMAP_SPARSE_FIT_BITS optimizer-n1024-d2-zerosTrue.dispatch 1909 3213344083
UMAP_SPARSE_FIT_BITS optimizer-n1024-d2-zerosTrue.dispatch 1910 3227408857
UMAP_SPARSE_FIT_BITS optimizer-n1024-d2-zerosTrue.dispatch 1911 1068730421
UMAP_SPARSE_FIT_BITS optimizer-n1024-d2-zerosTrue.dispatch 1912 1094780023
UMAP_SPARSE_FIT_BITS optimizer-n1024-d2-zerosTrue.dispatch 1913 1095234204
UMAP_SPARSE_FIT_BITS optimizer-n1024-d2-zerosTrue.dispatch 1914 3225844088
UMAP_SPARSE_FIT_BITS optimizer-n1024-d2-zerosTrue.dispatch 1915 1086992948
UMAP_SPARSE_FIT_BITS optimizer-n1024-d2-zerosTrue.dispatch 1916 3188869053
UMAP_SPARSE_FIT_BITS optimizer-n1024-d2-zerosTrue.dispatch 1917 3205330188
UMAP_SPARSE_FIT_BITS optimizer-n1024-d2-zerosTrue.dispatch 1918 1023260616
UMAP_SPARSE_FIT_BITS optimizer-n1024-d2-zerosTrue.dispatch 1919 3206424190
UMAP_SPARSE_FIT_BITS optimizer-n1024-d2-zerosTrue.dispatch 1920 1053994548
UMAP_SPARSE_FIT_BITS optimizer-n1024-d2-zerosTrue.dispatch 1921 3204942485
UMAP_SPARSE_FIT_BITS optimizer-n1024-d2-zerosTrue.dispatch 1922 1087172371
UMAP_SPARSE_FIT_BITS optimizer-n1024-d2-zerosTrue.dispatch 1923 1092108878
UMAP_SPARSE_FIT_BITS optimizer-n1024-d2-zerosTrue.dispatch 1924 3235269230
UMAP_SPARSE_FIT_BITS optimizer-n1024-d2-zerosTrue.dispatch 1925 3231955472
UMAP_SPARSE_FIT_BITS optimizer-n1024-d2-zerosTrue.dispatch 1926 1087773477
UMAP_SPARSE_FIT_BITS optimizer-n1024-d2-zerosTrue.dispatch 1927 1082503478
UMAP_SPARSE_FIT_BITS optimizer-n1024-d2-zerosTrue.dispatch 1928 1087675821
UMAP_SPARSE_FIT_BITS optimizer-n1024-d2-zerosTrue.dispatch 1929 1082395555
UMAP_SPARSE_FIT_BITS optimizer-n1024-d2-zerosTrue.dispatch 1930 3222954334
UMAP_SPARSE_FIT_BITS optimizer-n1024-d2-zerosTrue.dispatch 1931 3224957512
UMAP_SPARSE_FIT_BITS optimizer-n1024-d2-zerosTrue.dispatch 1932 1077262341
UMAP_SPARSE_FIT_BITS optimizer-n1024-d2-zerosTrue.dispatch 1933 1087151276
UMAP_SPARSE_FIT_BITS optimizer-n1024-d2-zerosTrue.dispatch 1934 3228841554
UMAP_SPARSE_FIT_BITS optimizer-n1024-d2-zerosTrue.dispatch 1935 3217067506
UMAP_SPARSE_FIT_BITS optimizer-n1024-d2-zerosTrue.dispatch 1936 3230983569
UMAP_SPARSE_FIT_BITS optimizer-n1024-d2-zerosTrue.dispatch 1937 1055544738
UMAP_SPARSE_FIT_BITS optimizer-n1024-d2-zerosTrue.dispatch 1938 3240674970
UMAP_SPARSE_FIT_BITS optimizer-n1024-d2-zerosTrue.dispatch 1939 3237120369
UMAP_SPARSE_FIT_BITS optimizer-n1024-d2-zerosTrue.dispatch 1940 1074967414
UMAP_SPARSE_FIT_BITS optimizer-n1024-d2-zerosTrue.dispatch 1941 1057431083
UMAP_SPARSE_FIT_BITS optimizer-n1024-d2-zerosTrue.dispatch 1942 3224024975
UMAP_SPARSE_FIT_BITS optimizer-n1024-d2-zerosTrue.dispatch 1943 3222811421
UMAP_SPARSE_FIT_BITS optimizer-n1024-d2-zerosTrue.dispatch 1944 3225487891
UMAP_SPARSE_FIT_BITS optimizer-n1024-d2-zerosTrue.dispatch 1945 3227300757
UMAP_SPARSE_FIT_BITS optimizer-n1024-d2-zerosTrue.dispatch 1946 3233209099
UMAP_SPARSE_FIT_BITS optimizer-n1024-d2-zerosTrue.dispatch 1947 3225019808
UMAP_SPARSE_FIT_BITS optimizer-n1024-d2-zerosTrue.dispatch 1948 3233644006
UMAP_SPARSE_FIT_BITS optimizer-n1024-d2-zerosTrue.dispatch 1949 3225655087
UMAP_SPARSE_FIT_BITS optimizer-n1024-d2-zerosTrue.dispatch 1950 1075502497
UMAP_SPARSE_FIT_BITS optimizer-n1024-d2-zerosTrue.dispatch 1951 1076681127
UMAP_SPARSE_FIT_BITS optimizer-n1024-d2-zerosTrue.dispatch 1952 1085677790
UMAP_SPARSE_FIT_BITS optimizer-n1024-d2-zerosTrue.dispatch 1953 1080888613
UMAP_SPARSE_FIT_BITS optimizer-n1024-d2-zerosTrue.dispatch 1954 3224501120
UMAP_SPARSE_FIT_BITS optimizer-n1024-d2-zerosTrue.dispatch 1955 3226710947
UMAP_SPARSE_FIT_BITS optimizer-n1024-d2-zerosTrue.dispatch 1956 1075483074
UMAP_SPARSE_FIT_BITS optimizer-n1024-d2-zerosTrue.dispatch 1957 1083982043
UMAP_SPARSE_FIT_BITS optimizer-n1024-d2-zerosTrue.dispatch 1958 1070942422
UMAP_SPARSE_FIT_BITS optimizer-n1024-d2-zerosTrue.dispatch 1959 1085032817
UMAP_SPARSE_FIT_BITS optimizer-n1024-d2-zerosTrue.dispatch 1960 1061830212
UMAP_SPARSE_FIT_BITS optimizer-n1024-d2-zerosTrue.dispatch 1961 1082805841
UMAP_SPARSE_FIT_BITS optimizer-n1024-d2-zerosTrue.dispatch 1962 1082357049
UMAP_SPARSE_FIT_BITS optimizer-n1024-d2-zerosTrue.dispatch 1963 1070923252
UMAP_SPARSE_FIT_BITS optimizer-n1024-d2-zerosTrue.dispatch 1964 3231314416
UMAP_SPARSE_FIT_BITS optimizer-n1024-d2-zerosTrue.dispatch 1965 3232484671
UMAP_SPARSE_FIT_BITS optimizer-n1024-d2-zerosTrue.dispatch 1966 3196677649
UMAP_SPARSE_FIT_BITS optimizer-n1024-d2-zerosTrue.dispatch 1967 1073746444
UMAP_SPARSE_FIT_BITS optimizer-n1024-d2-zerosTrue.dispatch 1968 3225107355
UMAP_SPARSE_FIT_BITS optimizer-n1024-d2-zerosTrue.dispatch 1969 3200851638
UMAP_SPARSE_FIT_BITS optimizer-n1024-d2-zerosTrue.dispatch 1970 1083466986
UMAP_SPARSE_FIT_BITS optimizer-n1024-d2-zerosTrue.dispatch 1971 1085180915
UMAP_SPARSE_FIT_BITS optimizer-n1024-d2-zerosTrue.dispatch 1972 3233879553
UMAP_SPARSE_FIT_BITS optimizer-n1024-d2-zerosTrue.dispatch 1973 3232174145
UMAP_SPARSE_FIT_BITS optimizer-n1024-d2-zerosTrue.dispatch 1974 1083336019
UMAP_SPARSE_FIT_BITS optimizer-n1024-d2-zerosTrue.dispatch 1975 1083612298
UMAP_SPARSE_FIT_BITS optimizer-n1024-d2-zerosTrue.dispatch 1976 3213038136
UMAP_SPARSE_FIT_BITS optimizer-n1024-d2-zerosTrue.dispatch 1977 3224875782
UMAP_SPARSE_FIT_BITS optimizer-n1024-d2-zerosTrue.dispatch 1978 1058575326
UMAP_SPARSE_FIT_BITS optimizer-n1024-d2-zerosTrue.dispatch 1979 3232245326
UMAP_SPARSE_FIT_BITS optimizer-n1024-d2-zerosTrue.dispatch 1980 1093370853
UMAP_SPARSE_FIT_BITS optimizer-n1024-d2-zerosTrue.dispatch 1981 1094304431
UMAP_SPARSE_FIT_BITS optimizer-n1024-d2-zerosTrue.dispatch 1982 3239399998
UMAP_SPARSE_FIT_BITS optimizer-n1024-d2-zerosTrue.dispatch 1983 3222625670
UMAP_SPARSE_FIT_BITS optimizer-n1024-d2-zerosTrue.dispatch 1984 3199856134
UMAP_SPARSE_FIT_BITS optimizer-n1024-d2-zerosTrue.dispatch 1985 3210994057
UMAP_SPARSE_FIT_BITS optimizer-n1024-d2-zerosTrue.dispatch 1986 1084843719
UMAP_SPARSE_FIT_BITS optimizer-n1024-d2-zerosTrue.dispatch 1987 1081309231
UMAP_SPARSE_FIT_BITS optimizer-n1024-d2-zerosTrue.dispatch 1988 3212850933
UMAP_SPARSE_FIT_BITS optimizer-n1024-d2-zerosTrue.dispatch 1989 3220246803
UMAP_SPARSE_FIT_BITS optimizer-n1024-d2-zerosTrue.dispatch 1990 1084701988
UMAP_SPARSE_FIT_BITS optimizer-n1024-d2-zerosTrue.dispatch 1991 1087426588
UMAP_SPARSE_FIT_BITS optimizer-n1024-d2-zerosTrue.dispatch 1992 3221320573
UMAP_SPARSE_FIT_BITS optimizer-n1024-d2-zerosTrue.dispatch 1993 3213157370
UMAP_SPARSE_FIT_BITS optimizer-n1024-d2-zerosTrue.dispatch 1994 1084665687
UMAP_SPARSE_FIT_BITS optimizer-n1024-d2-zerosTrue.dispatch 1995 1074966056
UMAP_SPARSE_FIT_BITS optimizer-n1024-d2-zerosTrue.dispatch 1996 1084811295
UMAP_SPARSE_FIT_BITS optimizer-n1024-d2-zerosTrue.dispatch 1997 1074530340
UMAP_SPARSE_FIT_BITS optimizer-n1024-d2-zerosTrue.dispatch 1998 3232479907
UMAP_SPARSE_FIT_BITS optimizer-n1024-d2-zerosTrue.dispatch 1999 3232510719
UMAP_SPARSE_FIT_BITS optimizer-n1024-d2-zerosTrue.dispatch 2000 1069530643
UMAP_SPARSE_FIT_BITS optimizer-n1024-d2-zerosTrue.dispatch 2001 1088740017
UMAP_SPARSE_FIT_BITS optimizer-n1024-d2-zerosTrue.dispatch 2002 1089075513
UMAP_SPARSE_FIT_BITS optimizer-n1024-d2-zerosTrue.dispatch 2003 1089106830
UMAP_SPARSE_FIT_BITS optimizer-n1024-d2-zerosTrue.dispatch 2004 1089499747
UMAP_SPARSE_FIT_BITS optimizer-n1024-d2-zerosTrue.dispatch 2005 1089948408
UMAP_SPARSE_FIT_BITS optimizer-n1024-d2-zerosTrue.dispatch 2006 3231058894
UMAP_SPARSE_FIT_BITS optimizer-n1024-d2-zerosTrue.dispatch 2007 3235211166
UMAP_SPARSE_FIT_BITS optimizer-n1024-d2-zerosTrue.dispatch 2008 1080945484
UMAP_SPARSE_FIT_BITS optimizer-n1024-d2-zerosTrue.dispatch 2009 1080956806
UMAP_SPARSE_FIT_BITS optimizer-n1024-d2-zerosTrue.dispatch 2010 3234213880
UMAP_SPARSE_FIT_BITS optimizer-n1024-d2-zerosTrue.dispatch 2011 3236177997
UMAP_SPARSE_FIT_BITS optimizer-n1024-d2-zerosTrue.dispatch 2012 3234122973
UMAP_SPARSE_FIT_BITS optimizer-n1024-d2-zerosTrue.dispatch 2013 3236829647
UMAP_SPARSE_FIT_BITS optimizer-n1024-d2-zerosTrue.dispatch 2014 1093837431
UMAP_SPARSE_FIT_BITS optimizer-n1024-d2-zerosTrue.dispatch 2015 1093149735
UMAP_SPARSE_FIT_BITS optimizer-n1024-d2-zerosTrue.dispatch 2016 3227021684
UMAP_SPARSE_FIT_BITS optimizer-n1024-d2-zerosTrue.dispatch 2017 3226519296
UMAP_SPARSE_FIT_BITS optimizer-n1024-d2-zerosTrue.dispatch 2018 1091622853
UMAP_SPARSE_FIT_BITS optimizer-n1024-d2-zerosTrue.dispatch 2019 1085545158
UMAP_SPARSE_FIT_BITS optimizer-n1024-d2-zerosTrue.dispatch 2020 1083866882
UMAP_SPARSE_FIT_BITS optimizer-n1024-d2-zerosTrue.dispatch 2021 3226095305
UMAP_SPARSE_FIT_BITS optimizer-n1024-d2-zerosTrue.dispatch 2022 3230705942
UMAP_SPARSE_FIT_BITS optimizer-n1024-d2-zerosTrue.dispatch 2023 3232323004
UMAP_SPARSE_FIT_BITS optimizer-n1024-d2-zerosTrue.dispatch 2024 1086737651
UMAP_SPARSE_FIT_BITS optimizer-n1024-d2-zerosTrue.dispatch 2025 1088617640
UMAP_SPARSE_FIT_BITS optimizer-n1024-d2-zerosTrue.dispatch 2026 1070882211
UMAP_SPARSE_FIT_BITS optimizer-n1024-d2-zerosTrue.dispatch 2027 1076886570
UMAP_SPARSE_FIT_BITS optimizer-n1024-d2-zerosTrue.dispatch 2028 1081158400
UMAP_SPARSE_FIT_BITS optimizer-n1024-d2-zerosTrue.dispatch 2029 1077022360
UMAP_SPARSE_FIT_BITS optimizer-n1024-d2-zerosTrue.dispatch 2030 1081555891
UMAP_SPARSE_FIT_BITS optimizer-n1024-d2-zerosTrue.dispatch 2031 1076693953
UMAP_SPARSE_FIT_BITS optimizer-n1024-d2-zerosTrue.dispatch 2032 3226211498
UMAP_SPARSE_FIT_BITS optimizer-n1024-d2-zerosTrue.dispatch 2033 3199896295
UMAP_SPARSE_FIT_BITS optimizer-n1024-d2-zerosTrue.dispatch 2034 1079645961
UMAP_SPARSE_FIT_BITS optimizer-n1024-d2-zerosTrue.dispatch 2035 1082754967
UMAP_SPARSE_FIT_BITS optimizer-n1024-d2-zerosTrue.dispatch 2036 1072608728
UMAP_SPARSE_FIT_BITS optimizer-n1024-d2-zerosTrue.dispatch 2037 1082605300
UMAP_SPARSE_FIT_BITS optimizer-n1024-d2-zerosTrue.dispatch 2038 3211793419
UMAP_SPARSE_FIT_BITS optimizer-n1024-d2-zerosTrue.dispatch 2039 1082465472
UMAP_SPARSE_FIT_BITS optimizer-n1024-d2-zerosTrue.dispatch 2040 3238076127
UMAP_SPARSE_FIT_BITS optimizer-n1024-d2-zerosTrue.dispatch 2041 3234768280
UMAP_SPARSE_FIT_BITS optimizer-n1024-d2-zerosTrue.dispatch 2042 3239436692
UMAP_SPARSE_FIT_BITS optimizer-n1024-d2-zerosTrue.dispatch 2043 3239179827
UMAP_SPARSE_FIT_BITS optimizer-n1024-d2-zerosTrue.dispatch 2044 1066567914
UMAP_SPARSE_FIT_BITS optimizer-n1024-d2-zerosTrue.dispatch 2045 3198886107
UMAP_SPARSE_FIT_BITS optimizer-n1024-d2-zerosTrue.dispatch 2046 3227358286
UMAP_SPARSE_FIT_BITS optimizer-n1024-d2-zerosTrue.dispatch 2047 3231658495
UMAP_SPARSE_OPTIMIZER_PASS optimizer-n1024-d2-zerosTrue
UMAP sparse estimator PASS
