step	lr_f32_hex	loss_mean	seconds	hash_seconds	state_sha256	gradient_sha256	losses_sha256_16	hash_scheme	label
1	36210fb0	10.950774	32.852	6.851	c0aecdc11b2205fb16a16e0c64d34f243cc25e1ddc6b1c9e32b2e26a0ce59174	0b7ff121dc4759035c072eb5e57ab59059c1bc0a48cb4899b73bf7933a8f28c1	4402c83f37d3e587	sliced-sha256-8.v2	nvidia-A-1
2	36a10fb0	10.924198	19.519	7.880	6d017e7659166d9f8e08e06cd0be0964c40c10f3bea2a4e7c30b90786e757468	009593e3674896e4576a2254ea292344ab4a4abd9801d2b637cddeb6462047d3	a603a09b1f531442	sliced-sha256-8.v2	nvidia-A-1
3	36f19787	10.860572	19.482	6.807	8a34229ccb81be8628762d997d8792cf72a788e0205386212bcea17db0cb286a	5917bdd4f83b65027574c01ebaa08338bb0333a47740141d72bb490424cc01c8	7685208144a0817b	sliced-sha256-8.v2	nvidia-A-1
4	37210fb0	10.764768	19.497	6.688	d08896cfa2ec6c14162a0b02363676b91df1cb77c853304a64acb8109bca7f17	36d8a27c1821b646c1e55fd0efa9593db0e5e9c785f805a8eb6d926b6ef2fb6f	e5b8cb23ef352a02	sliced-sha256-8.v2	nvidia-A-1
5	3749539c	10.669936	19.491	6.471	4048a07157dae6a389f5d73f5e6e816d6a7de764e934322b16f54c1b55694f8c	998e0d89d27ba3876ebf27f7db7d05f7b00083318007e6007c002bbe120f4d07	aa5cfe29ff1f2e88	sliced-sha256-8.v2	nvidia-A-1
6	37719787	10.516347	19.486	7.026	72c35480f1e37075a4bc9a2ea913b274f1370e6036faab00e24cfe3324c82619	92bba37415a738cc02f6a9fd829d4539a29021fd79137d2792911fbaa026b413	6d88d4ed6074a764	sliced-sha256-8.v2	nvidia-A-1
7	378cedba	10.360834	19.498	6.675	e666ea9164b6b30bbfd94f48fe25a6265739088845339e474b644c9f18a50c14	4210fa9b4165c82c23df1801b7da4bb9f97c7cedbab326f8885c57c36a95ada8	ac7390d79f0b2492	sliced-sha256-8.v2	nvidia-A-1
8	37a10fb0	10.179967	19.484	6.611	a46498d6c2f142a7ded7f2eb0f821fd44ac0bc5c8ee2de538bc65cc4c725ae02	31e6475ee4cfdc93fe9ae1f27bb5b56c8d98d2b5d2732ef9de9720524d129aa1	4eaab71893fd2601	sliced-sha256-8.v2	nvidia-A-1
9	37b531a6	9.966893	19.486	7.018	f7727e2e508a95f1fd7bf96218d8700db4fafcd5a1ef0e5febf76209fe5ec4d1	bd5f6e950a13240a056f881a10d9fa0c06260d79bebe0e0b207393bf837257e7	c82463a74694e11a	sliced-sha256-8.v2	nvidia-A-1
10	37c9539c	9.738619	19.494	6.671	a1d81e12fdf06d5bf21988d253ba4c130e90c24125955d73f3cd854f0f05e146	28c616fc6cf283f32a40446b5934e44277c2085d029362aa59fa061bd83529ce	6421ef0e26f285bf	sliced-sha256-8.v2	nvidia-A-1
11	37dd7591	9.634976	19.487	6.602	a25b7cc780df40a5f072c59cbd4524e0cb05d575c143a26cced2f440b75b7193	c3b2a38406625cd7532bc4faad0021380440aa3f2a5abb189abd778736e693a1	ad96ea11f7c6a3e6	sliced-sha256-8.v2	nvidia-A-1
12	37f19787	9.590021	19.485	6.531	6906f15cedd68cd6e9b3c5d9dc601e8f4dc91b6d5ccd7db9882ee4010981ae8e	7f880ca76b7ed09d36899fd29b7fa3176525185cf83f68ef018a5abc7e8e5016	6ebf7dce72df7868	sliced-sha256-8.v2	nvidia-A-1
13	3802dcbf	9.436721	19.484	7.246	a686171b53a9a52469f6f5f0ec86e07eed0f4ddefc345604269a568dda084b7b	de803de854b2c44a11045995ab544b20bcfa8f20bc2e315fc9854f4a1d76c487	5a8dba6f2a6727b5	sliced-sha256-8.v2	nvidia-A-1
14	380cedba	9.368906	19.475	6.558	e1d28532dc08eb33ced4eb3513dc8223be1f1c5a2a73fe30193659b9a6c79681	c1a302cea0c259c00022ff4a89f6279bf143f18cf2928bdfba7067c9a6828387	321aa618334c799c	sliced-sha256-8.v2	nvidia-A-1
15	3816feb5	9.299326	19.492	6.542	f69966189311463ee2639f812d477084cea2692f8887d623aca21f275d9735a0	9cc2f41846e966593cb584dd99523282fc52e6e445999a778403f23939997d15	85816fe1d596fda1	sliced-sha256-8.v2	nvidia-A-1
16	38210fb0	9.245916	19.485	6.592	6bbdd128d035008cd2a5b2ef55a70e8ae82bceef96317a868d2aa514fe1b3685	a165e598cd6a3aaeb3a554b87ca637dd68dbf5d99d5670873d7ba066d5909a69	45c005a82bb84197	sliced-sha256-8.v2	nvidia-A-1
17	382b20ab	9.107135	19.475	6.630	eb69abb41b12627f78ba663848fc1b71fc6431191e12e3964d45528daf9d05bb	d692eeadb3566bd4d81df4197e12b5eae4ee231117a07db6f1f39eb6820cc6a1	d6f80a37ad5dbb87	sliced-sha256-8.v2	nvidia-A-1
18	383531a6	9.080238	19.487	6.583	ac675e2e748a3f21dfa40446fd645d2c836efc4ff622864c91173cffccfb2393	f361ba90d2b4b032bb8e711cf2dfd4768c04bd79f6bc1a7657ac2e1fd5a9717d	527cca450def3001	sliced-sha256-8.v2	nvidia-A-1
19	383f42a1	8.992551	19.489	6.692	ba8c4042a5e858a7bf61db2b6d719da9c36abf7dba28a127d0cb4a63aa4ecf6e	84f1a95bf5fc3bf0a8aca6c1917483ca8cd66192b7571c9d22e52fa4dec6e616	bf0c3c409fb42b53	sliced-sha256-8.v2	nvidia-A-1
20	3849539c	8.933879	19.506	7.180	1b8732b25cdc8f2ea763eeb91827f286810d6672fd41158e2620a874cd0b52f7	3bef3124a956e986fe638c547653bd40b52594e2828f4fda0ec87b4ca6e657b0	86d64f554440bf7c	sliced-sha256-8.v2	nvidia-A-1
21	38536497	8.837939	19.475	6.619	f687152a3a75f13300d7ca615ede2d862463803e44e303b4a474ff68cd90a586	7531130116f807d0982b7933079abdd6de71626a92a79dfcd102e267ef22b2c8	ba46990773353e83	sliced-sha256-8.v2	nvidia-A-1
22	385d7591	8.766659	19.487	6.561	4fe7dd8b0a45d4f94bb232ee5da82370cceeb9c3c7c4dc4270c6b30dbe198619	0c9fecbed756b587e4aae8e41e24c61a8973b70b6b1dec3531c2dd2970037058	b346e8c408946d0f	sliced-sha256-8.v2	nvidia-A-1
23	3867868c	8.686160	19.485	6.627	58fb8a418ae368cdefe9a2af2bb2a2175c57b58116c889d94217fabcf1fba44f	0768d2888eff8450747953d503aa833fb9d311a283c53dff2f11989008686c65	2588e1515c59fa2b	sliced-sha256-8.v2	nvidia-A-1
24	38719787	8.618403	19.476	7.119	50a7ff4b7b564affdaf938c5bde9eae1ed18accd6dfdd3d3a3ed4fa3a193c57e	83a05ca657f787fc4d02a5f7c0fdf5bd0d415cd663924330071a4af0117fc345	31386bda0332fbcb	sliced-sha256-8.v2	nvidia-A-1
25	387ba882	8.513196	19.476	6.931	5ed3dc5a87735ece166d55de5f186e45e9bb3d800b6b2758e134b8d13175403a	7fad9c7376562ad4cdde3c0c17ffaeff7a0e6b05b5777b4de79e790a5fff06dd	1d1e338eec513c81	sliced-sha256-8.v2	nvidia-A-1
26	3882dcbf	8.431491	19.487	6.545	99557350c7e3ed7111442644a2a85cd8d2fab66c1a9390aca391a9d13774ff3e	a8f209b884d6c98e8f34a16eda549843a929c7c3ed11c449ff28e407857b27c0	98a1266ff8903b65	sliced-sha256-8.v2	nvidia-A-1
27	3887e53c	8.409094	19.485	6.571	654706aec9c0708a867ce2226fb3c8baf70631a7412b22dc31aafd63a40d8771	86536d985e9d10ad45490010d71d54c4a0a351fafd8bcd5d5b2b20f5a69041d9	3b1257efc52584ab	sliced-sha256-8.v2	nvidia-A-1
28	388cedba	8.272386	19.477	6.680	a91515d84ab33f2eaa2b772e217553c7289430734ea1715ecfdc62439444573f	87a740104147e0e0d5e9ba98e2778578adc5fa1e0dbfed85d730b3895bb8e894	0e524317ebb1494a	sliced-sha256-8.v2	nvidia-A-1
29	3891f637	8.197694	19.484	6.589	d00a93aa0136a52857f45bea3983db8ab6dcd48fa23d3f7ff5e6bce16fcfbdb6	064ea7445ded8ab0ae9b2366254de3c002ace6c28b221240c8bc339bb4a12525	9981d912ff897d8b	sliced-sha256-8.v2	nvidia-A-1
30	3896feb5	8.181844	19.486	6.614	d2ca71e05afd96fa3324128bbb750a6483a34e9a90d8cb7a97dd449e88a36f91	7e8fbdced1ad93695cc10003b2dfe62078083233f432c185cd92c2baa9e462c3	c068a566d48966ae	sliced-sha256-8.v2	nvidia-A-1
31	389c0732	8.088935	19.479	6.984	f3a2e07a4b28bebee6e057dc837fde4a2ba838a4b2d79c364ffd5dca1da16efc	3c97dd2125ee2426869a8acd09b2cecedebc45abd888ce3e1c4c64a44d007b8c	9f912f8e907f8a87	sliced-sha256-8.v2	nvidia-A-1
32	38a10fb0	8.005398	19.481	6.638	953647bd8ca7b24e4b18a37803af132a73ae0a256c8fb29e268248b7b0549389	732585c22fe2bbd9baef3d1b1a8e4a7bf3fbebb15b93e12d956fe93a114ae2ec	5d03a5b82b4a49e9	sliced-sha256-8.v2	nvidia-A-1
33	38a6182d	7.989112	19.484	6.565	a8e98f01974084d43ab8353ece0b2efe05efebdba40b51a7c02ed5830fded692	9f77f3181163e4c61bb9b2567c32bd251f4dac359a2e73dbeca95644e0abc8cd	3917c3d0dae8720e	sliced-sha256-8.v2	nvidia-A-1
34	38ab20ab	7.959075	19.491	6.494	1c130fb5fe1678141a2d3fc8af148f315e2cbb0800f897c06d5a545efb918b8d	95dda353fe8784f16385b24d010ab570981e50bf8f02c2f0cc799270832b19b1	c1102b2ece33c543	sliced-sha256-8.v2	nvidia-A-1
35	38b02928	7.842679	19.477	7.057	98094e79cbac53eca68bd14d04687c3428980ca7c4d34cefe908b0a62dff574b	5cd1e0ea012bba079387e30d1a514d298571a58cc039db97109debccab2af9c0	d12a580bf4992dfb	sliced-sha256-8.v2	nvidia-A-1
36	38b531a6	7.804183	19.480	6.640	7e9f35712e7d5322b97700db7fbd25931a6c3e6d21f9f071d048926fd40cfc00	232041baf8fac410a8cd6eb58740709c5a75cad99270123d832c0fa0c4db5afb	fa1efa376eb4bb03	sliced-sha256-8.v2	nvidia-A-1
37	38ba3a23	7.875500	19.490	6.771	ad317be5e61e862689ca6dbc57dea1411dd2716651195f6d82e3d13166acc505	cb02ea68cfe0f09b37eec56751f99696f8170a7a12653304a31f132ed6492203	dde188b01a114d9b	sliced-sha256-8.v2	nvidia-A-1
38	38bf42a1	7.749014	19.597	6.847	14f5931abcc0f5400fa56c361469d38150780120432e31c0344ba0ee37051472	1ef0c169c6986dd0009645d8c103aafc62cc11c498e1c31de0099c219153a1cf	66715dbf690b3648	sliced-sha256-8.v2	nvidia-A-1
39	38c44b1e	7.765035	19.475	6.718	e03b3d1df401bdad5b856d4894de8b9b914c1274c24f408cf1b2bc9e7807e200	8b68070e4cd0364e4019f080e10025acba6a58bb2d2d1ac210ee97f2bed534b9	93ae1417c35f7705	sliced-sha256-8.v2	nvidia-A-1
40	38c9539c	7.771218	19.519	6.729	7ce8a1926965fea12b8dad41b2ba475d139af9788bdbf509670223e84ca2d56e	44e709a154d653df20d56f9c0b35b9b524ab375ef1c906a6625e21f91add7903	d0fc7872195e4641	sliced-sha256-8.v2	nvidia-A-1
41	38ce5c19	7.675306	19.505	6.733	05f6749c026a97242099ef81c531ded394758d428da139057080b0192c7a72b5	1473d049fd5cdb221aa1121b2a8d1e0e24a21ad3e6b64d7327ec71c48dc16302	3c1242ca950707c3	sliced-sha256-8.v2	nvidia-A-1
42	38d36497	7.745921	19.491	7.474	4cf8a2028137747217ad1d3dc82b22a7cb3c5756b74b625a4a73495bdd6eed9f	1c10ee76203c5a03548470949571b57d2da5c038ad4f1694a0a4645262b8537c	8038736a5b4a21f2	sliced-sha256-8.v2	nvidia-A-1
43	38d86d14	7.692973	19.480	7.063	3e6f9648041ab5b034cd9ba5c2f232fcba01c1e78dc8f54a005ec3beaa25af1e	2fe62dec308e00c43774ea23811720a83c9c7a0cc9f7fa2a78901679847b44f1	503f0ebc29c87416	sliced-sha256-8.v2	nvidia-A-1
44	38dd7591	7.639780	19.512	7.328	1ca6f9a71f19a2ddaf168935dc39de2a81976fe1b6698a4b50c40af1f3c28461	0f2321034c4a1acf7987d66bce0fccea3ba1db400163c00e8e1f0f37415017bd	8e4c819d6a6ec4f3	sliced-sha256-8.v2	nvidia-A-1
45	38e27e0f	7.561934	19.627	6.856	9d520549b1a13740e92104c1bb9c1573b7115577393dfac2a28e10d9bc628ae0	733289614102877d3e19e83a247c83d8a7cc5693ccd6527dbb77cd9b55b21deb	0c6f9a575722edb7	sliced-sha256-8.v2	nvidia-A-1
46	38e7868c	7.618842	19.477	7.313	16e4192a39f7f41ac7b98962a373d81deafb5b639801da2a5ca57096ef83ed5b	011632971068b3805e236a74c02b87ce2b3aa56c7e41c5e4d753d687640e1779	80620d7b9a24de3b	sliced-sha256-8.v2	nvidia-A-1
47	38ec8f0a	7.587928	19.513	6.895	3058b70c23f7fb02a645b6f5841df06c57cd69689b047d186cdc3e89dd33f610	3fa5052626be74ed2c46f39fdfb286822ffbb4b74b53d9d1436abd8686f80900	704a0f832336be08	sliced-sha256-8.v2	nvidia-A-1
48	38f19787	7.674729	19.495	6.644	966a3a3851c4dc1372e2e288683e548cf3c0b357d47b70f1349e5111496e722f	5a21c073bd83ec761ed92d90e8a3d6f88cebe653068e340e6b0529ba212d1589	09f85b78254ddeba	sliced-sha256-8.v2	nvidia-A-1
49	38f6a005	7.646413	19.496	6.636	9ab348db4f68894f3ade19fd0d4af76637fe83838a2779edea85f9ee50c7296e	3a7050c473d655b3a78b22e063d88e32c382e42f5a08c38c2e5cdcbfaeceb818	ed234ed1b832fc83	sliced-sha256-8.v2	nvidia-A-1
50	38fba882	7.701427	19.501	7.004	b7d3a1b1d7d7a3abd870b8f655f3e2ff6969f5837629c2f5a8e5e934076f56e9	e0210d5862398d1b98e5e5da171cfd98d3a09c05d5433cbca57a94c97c53ab22	a2eb15e288fd3117	sliced-sha256-8.v2	nvidia-A-1
51	39005880	7.616036	19.516	6.689	39e447811248f2488708f5a2f2eb344f39aec0f11cd5e8f3e02b7decd4782da6	35d0ee4eaa6e11198392bab695ed3661a61f7e7899fe6ee6ed110efb3214ab2c	73dc34f6769b07b6	sliced-sha256-8.v2	nvidia-A-1
52	3902dcbf	7.753018	19.509	6.539	207958c5fdf77c9a68953b0f4302b35d1cc73781a777e155ec00dfb25e06255d	5885c9ad9292bd9069e5975fb1440d3fb774dc39b1a6835e483a316281a6816e	d4e66fd08a37839d	sliced-sha256-8.v2	nvidia-A-1
53	390560fd	7.752255	19.500	6.638	acdfd6ffa1ee1c8875b653209a38dc5c12b8ba79e55726f67fe451e13a4e59f3	ca28e3e54d40e2814e5f65eedaf246e40c007f1481250932a03d67d3d78f8329	b14fba1cea9d00dd	sliced-sha256-8.v2	nvidia-A-1
54	3907e53c	7.830913	19.511	6.745	b8e446ef942200cd8deaf3fe7910d578ecbb235c8d6746810f8efd8fbe63e322	20bdf4018aa3b6c268f8f6c783b60675e5f7b9d791901c107cf6b7fd120b0c33	a0e3154e08faa3e2	sliced-sha256-8.v2	nvidia-A-1
55	390a697b	7.816108	19.496	6.568	003d4a4b0289abaf9d821582dbdb47872abf08ddb710e20fa67c48be135d0aa7	f2279913997d0a93aff6f0569873af53cb6a34e030e350211fde48cfa5775014	b0520cb22d6f67ae	sliced-sha256-8.v2	nvidia-A-1
56	390cedba	7.658852	19.496	6.678	ffeb6dc817d1fecb59b68cef17a622f3b090512ed161e8aea0bf73bd626a6eaf	9b033bd2adf6d025fa076596d3802a24373cbe14a426fa4ad473d1f438908362	207a35384b36b057	sliced-sha256-8.v2	nvidia-A-1
57	390f71f8	7.619008	19.492	6.941	7075a20e5eb7d676d83b9fb792b65860151aa5792bdf482e13b77cd2237f2f5d	ccb0ac8f90ac8027b216c92e85a42401eee9a573745f3277e392dfb0275578ed	d59ac7008f6cca1e	sliced-sha256-8.v2	nvidia-A-1
58	3911f637	7.703674	19.487	6.669	9af8b188be07c5cfb1c86b3a9787f3311ebe4a15ae4ace23ddab8c85357c37ea	ea368856e819bf167f285ec97ee0ae3770aac92ae29941bbc6cbec2c579bb198	569c0b83ce329773	sliced-sha256-8.v2	nvidia-A-1
59	39147a76	7.658284	19.504	6.593	abd701187789936bcd0538fb8cf70fa2805b0d5fb81d02d517e9817cb3292a82	acd721e0813d42578acc6ccd6992171fd67d9672a24e63b8525372c1d9791fd3	7d275672d9805f5a	sliced-sha256-8.v2	nvidia-A-1
60	3916feb5	7.660332	19.515	6.547	430be3adf03cf9def5afa29ffeb8cb978da43936eefac5ca528199590c0de692	45f65dd275f6a77cd8259da41ac2675f4997e380f50f902279f28d52b7c13c3c	b0330099e34d1d82	sliced-sha256-8.v2	nvidia-A-1
61	391982f3	7.705003	19.490	7.128	fe53a621f4c0d6ae784a5e9077e62768eda30a681be087d8d2e02a3bece0d0aa	6aa70b36091f304398eec06fe2c9260f793f07cdedf7219fe95ee81f90e0a407	eac0f5d2e7a1db2d	sliced-sha256-8.v2	nvidia-A-1
62	391c0732	7.644353	19.490	6.605	64ae9718911a0c14503dc8f8402f309df2b1db9f211a31c1e1a578621b76c484	9441b47c47f20926cec9b2a5c8456dd3d689ebe0388fcf0e0f75ce21dcd2ec7a	dfae5e6ca660b230	sliced-sha256-8.v2	nvidia-A-1
63	391e8b71	7.602415	19.501	6.496	e4cf738918792cac56c67b747f3e55fe257132eb213eebcf4ce13a3af9f99be4	ffc17eb7d38e0b175445bb58b231b0060d335f2f0dd0b307f568404b871605c7	fbf2bb89afcd575b	sliced-sha256-8.v2	nvidia-A-1
64	39210fb0	7.457430	19.503	6.590	6b929de1ca1e5e2f689c4c5c82eeaa555ded8eda485cb960fa24368c5e6ac3e5	9ff42cc5682a3feeb4684026689675829955926ccaa20e475933333a04ff7702	f6759164fb90c2eb	sliced-sha256-8.v2	nvidia-A-1
65	392393ee	7.406100	19.485	7.087	5c57b48dc3fb3aefe655ca42ab9e9a614a3d6a65d65f125d93a8813d9003915a	3f1424554a42bdcf0a86a1ed933ad2e6c804e3e922b20b8c00a870f11da57742	26e7a806e4ea2cac	sliced-sha256-8.v2	nvidia-A-1
66	3926182d	7.532875	19.486	7.121	954c1c4abe990d2048d2abb15dacf5a191dd79d9216e8ff0c6dc9c32fad5f0dc	5e0399d75a6356268516b8d23d8d973e33f18f63aed11f81dceedd6fbfb9b7fa	637453441a446afd	sliced-sha256-8.v2	nvidia-A-1
67	39289c6c	7.447839	19.500	6.686	8844c295f22b49ed31d2a75546e199a8a1a5982418251aed9d94429544045b74	25a0ce8875349f35602825d42a935986c2820f0e8b030cd78f32b701b1467843	9ba17b7ae81b68d9	sliced-sha256-8.v2	nvidia-A-1
68	392b20ab	7.394320	19.488	7.502	b740932946e733fbd4e5005c0cfa2052ccfe1c05e065cf7291cbc36a6ca5365e	ceffe7e21e193bc2983cfe675a43299b6313ec5a5e274c21da85060cbb590268	f25ea72ba3690d3f	sliced-sha256-8.v2	nvidia-A-1
69	392da4e9	7.448282	19.481	6.912	b9cb7f5a2140b61df8d5940e57ccac241ffdf23556308dc6e37e1ab7af96924c	73e1d57d79a8548a967e57cbcc795fbfbcd3653bfaff61d83df1ed7de73e8013	df10f9eb0ede8d55	sliced-sha256-8.v2	nvidia-A-1
70	39302928	7.397432	19.489	6.586	c806536de5532bb07e3c6ad2150309b8909b7e9fe7d9162c1f0de77647c12eed	3dce8ceed9f381567e94729dd78903a36513cdefe5355c94d8a56d35d0387438	3260107d7541d0cd	sliced-sha256-8.v2	nvidia-A-1
71	3932ad67	7.430421	19.488	6.489	b15fcd726b88c95e1c38f26fdb21f6d46cd72b9ab263ab4b012a442afd866d6d	fcd4a6be013483bddbea3449772bc53eb2976fb412e4b615eb6cfba0529ab70f	f2f3ce08925e2848	sliced-sha256-8.v2	nvidia-A-1
72	393531a6	7.317146	19.478	6.909	b2b8941f95444a73d2864e64f1b13f349e512c963598372634a4f8161cb49ba3	c298fdd79540431ec0475573aa8bda62292765544389c85a059b99fb4fd8d0a8	c08859fadbf8c8e7	sliced-sha256-8.v2	nvidia-A-1
73	3937b5e4	7.214337	19.482	6.490	a604b2412b771475b54afa2daae74218ee0314e5ee399ab4553e2ccf45b758a0	5732bc720ef2f58f0825c006f27535f13b3a7720b5561ae7dbb9c48a7e32fcc0	468ad31d65f5e813	sliced-sha256-8.v2	nvidia-A-1
74	393a3a23	7.215938	19.481	6.501	e2b7ed790565df5ae193b01282f9152dca9cd1e0c54a962ada58f5a29a629cf2	c612f0d3f4dc9926712463e0fbc485feb385de90722698d7b9261f9ce488df48	52215069c44d2dcd	sliced-sha256-8.v2	nvidia-A-1
75	393cbe62	7.288003	19.484	6.856	fa5797a74877bd49986f68722f043da237b373e60e28b2b3e756d1a485d40079	b46e28e09fdd3a4ecb8edcafeb7d97f27abce9c4ee67b84886632f080b2cce71	897c605b8ee8f45d	sliced-sha256-8.v2	nvidia-A-1
76	393f42a1	7.172540	19.478	7.827	348acde33513fb3695994565c6be8d4d5ff921acdbb7e368832240446ad63cf5	6a8ca30e2f36bf78ff37e5d5513ec81a030033eb08d78e2a69cab6799068fd1b	619745078959f0c4	sliced-sha256-8.v2	nvidia-A-1
77	3941c6df	7.162824	19.474	6.615	20767c01c3a351798b3678aced4c3958a199dd0dfc10d823e74a2f97dfb77de1	436c2385075edec934d8855257940b9fc0f599f9205709634aece47783aa5648	85c43081fadd7e34	sliced-sha256-8.v2	nvidia-A-1
78	39444b1e	7.182382	19.482	6.442	1b9d83863846d4b3937eb75734ad8b3f3aa886d25f3c98150644f563b0aa5b43	459602467c287dd0a7d4ff1060d636518905d07ee4ae4c59aa7430b00ea17442	8ee1efcf82356c84	sliced-sha256-8.v2	nvidia-A-1
79	3946cf5d	7.178914	19.482	6.472	2074a4b1c0018e78cbe5f543517e13c47913c950296f3296e1be52eb0c722ae0	1e56cc8422aea446ebc2ee70da008957fc21cb262c60fcfb7a75642f0c819ad7	e19ff54c77006c3e	sliced-sha256-8.v2	nvidia-A-1
80	3949539c	7.137303	19.484	7.125	2a6973a06b0d28936789440cdbd85dc3d94f84e97c434fae6fbeac809a2f814a	a169e3c0daed7ddf7a710525cfc31835435b8a197e7c491bc772f5cf36e5b4cc	87f3efd686b4e023	sliced-sha256-8.v2	nvidia-A-1
81	394bd7da	7.128410	19.478	6.339	593ca02c623afe9e8669e8574a5b1968cb878b5256a71a4d85ca911369e224e3	62a22efc9f6904a48e5f235dbcd92b69faee620f422fcd178f3d29786bba06d2	ca591c65e43d718c	sliced-sha256-8.v2	nvidia-A-1
82	394e5c19	7.088290	19.493	6.659	887b854be8cf079e3dd63d76f4a70acb836c0a2096c5bebb23038aef9b49a9b7	c225553c35806d423cbac223434b5efbbfd253d088d06e9467715259c979232b	c7f750f51f1572e4	sliced-sha256-8.v2	nvidia-A-1
83	3950e058	7.017672	19.479	6.650	2da2ea0f1b2e7385fb390ef13a6ebe03848cf5444842e19d1454c567b337c9d5	21914707c18e9800dc4fb1e4065d9607de340bd5874087e7998574b1b20197f6	a94aaffb066829c7	sliced-sha256-8.v2	nvidia-A-1
84	39536497	7.037732	19.476	7.336	f292c3b88bbc864295d957cbaf6d9912215576a86326b033a8be5c5bc49c5ae0	64a343fae0cf19e1180cd53950f94b1170b40b798d54147c2f8a34d6aa227dc4	9adfcac593e3112b	sliced-sha256-8.v2	nvidia-A-1
85	3955e8d5	6.959351	19.484	7.098	b9cac97080ae2a8e5e4bac08311779cc92b5db43a423bc51c5e8619055b9cd21	829430fc755a780e2b85510992a3fc52d776afbceb4810ec0e8428445d6c32c6	835c4b8ef9654285	sliced-sha256-8.v2	nvidia-A-1
86	39586d14	7.009087	19.496	6.283	a5b35f4b54f2fb52b04e80ab36e2aec3009ee9425e02b18dcce7003f2a057983	c742a751ed2f2787de8e47e73b4ab291254b2e14e7ccf5bdfe3f73816ced4385	24e88c08eee4c84a	sliced-sha256-8.v2	nvidia-A-1
87	395af153	6.974364	19.496	6.106	3647fdb97e5a624acbbe48fce88b8ad3f5048a35d427f6b86741234b93eb9fa4	73f75fddb98f2b7981e47c6a19e3cf19e3dce1943c92a7c842dd9b00e1a472ee	2b7ee3ce9b79e4e7	sliced-sha256-8.v2	nvidia-A-1
88	395d7591	6.949035	19.497	6.865	014d6d5c06748926c1d1286bd2c697bec626caf362991ec3402b16059984b149	22e31b3c49b736d099731e6e3c8039ea4830d9ecc4b9f6d2d969d4bfe02660a4	938c7f9d73821b59	sliced-sha256-8.v2	nvidia-A-1
89	395ff9d0	6.868498	19.479	6.636	4ea111e30d014a642adf787628b0263de0204f9aedfe9ff58565ec7468a7953f	478a0932f47f4a5653fb501cf90d4281aada4e0bd80860687773c47cfdffe1cc	7a5b1c1d29ee8d40	sliced-sha256-8.v2	nvidia-A-1
90	39627e0f	6.851883	19.486	6.628	4acaede118a5b42a53622bc5981a5d24eb3c41542d5e44bac5073d0e8ff67d84	b43dd9682aab9a0df10e38c0128f60c45e7088a7b275d1bd61a94325cff4185a	a4a7c6265e9fa1b2	sliced-sha256-8.v2	nvidia-A-1
91	3965024e	6.867302	19.485	6.649	c5cc82d917e411d823d280ec8b76d817e9bbebcf89e48159be815b3a406cdf54	df8ca7926d7f641bd5f8b3f0115bbe6625f0f9fd4f827cd7d7780691ad44bb5e	0ee75254571a28b2	sliced-sha256-8.v2	nvidia-A-1
92	3967868c	6.834232	19.484	6.574	0d2574b39c32c08ae02840c56eeaac46c167afc4c87194f46b365751559a97fc	074e98908fb6780e507bd3e72a8efc3768d823ecb10523937e6b961999f529a3	d1f53a1be40926b0	sliced-sha256-8.v2	nvidia-A-1
93	396a0acb	6.778746	19.491	6.648	b1edf2c12056b20aa77ef0da4ea1b80c53cb21c96b3c0915f32f8961f7589dc0	e1e8d4e5945012c45621a78cdef6ca029af847ef3068e37f8945bfa3ff5b4ce1	1d1e347d4510496a	sliced-sha256-8.v2	nvidia-A-1
94	396c8f0a	6.887917	19.489	6.805	3fbcdb8b8ef3f0184b8e970496d646eedac4338f57dc4ce312bf341eae5264e4	1a89c59371fb987135ae66b7207939407bff30a422273d467845e1dab494d0b8	56877d2a9179283e	sliced-sha256-8.v2	nvidia-A-1
95	396f1349	7.009772	19.479	7.160	8d3521752cbf81403109e4e8455e7c669f941cdde2822dfe8b4d797607533cde	9bbfee61f0c27695e3a1325c53ef490990f4bc495827ecaa8b7f0789c803880d	812f58844a5a0f80	sliced-sha256-8.v2	nvidia-A-1
96	39719787	7.228839	19.478	6.617	8a30a2d363199055d62bfc10f69f16a5662aa05b7a36ea5ec1a69331d2174284	5994cdba64acb6436e7d04a1626d02dae4b4630a250adc9d2376f6e1339b30a7	dd8b1878bd7466f3	sliced-sha256-8.v2	nvidia-A-1
97	39741bc6	6.992848	19.491	6.735	6d72bed7cda0596176f5d428234294213ef31c1a0da9ef9c120c298660149a09	4f764835ddc0a1071888bbbd9e42050fa1c4608d065f92e18840e22bc8c59ab5	702837cdc30c0b7b	sliced-sha256-8.v2	nvidia-A-1
98	3976a005	7.029501	19.481	6.236	27c07bcbc69f85e21889f1f456f7d546ec96110f92a0f1b05ecd2d8d7907f045	ce1e505f8a94df55c2b36e7605fbd5ede4b4882439e8571aa4bc37ede4b9e3c2	76683bf376c279bf	sliced-sha256-8.v2	nvidia-A-1
99	39792444	6.918116	19.478	7.088	9451077c207d49c8455cb2da4b6a2e875292d5a1db860b295020ae82b73f7cc7	f13f278074a75e2e724e40d9f3e1a0efe6547ad5dae5c1a894b12cf400d515da	d586ab5b85fd0410	sliced-sha256-8.v2	nvidia-A-1
100	397ba882	6.884224	19.479	7.239	2b37e85edfd701eb0deb8b3cb960722ce2dbc92ff7fa93c9b4d40df4767d1942	7748a140c65eb65645fdba548997d9231c0f71940db63a2a7581dcdaf1d50b04	bbbf16fa44d90d78	sliced-sha256-8.v2	nvidia-A-1
101	397e2cc1	6.900444	19.497	6.788	abc8b816b5c3fb1509b5ba1edcbbcb288404fd9db707114ab27fb5736f76d2d9	25830bfc2016dc14371c3f2bc72b099bcf6a859ce706ff3c96cf4254bc5759e6	bc2f28878465e6e6	sliced-sha256-8.v2	nvidia-A-1
102	39805880	6.858466	19.505	6.724	a9421f91b947f82cef29bd338ed15a3a89bc71adce1239045bb32ab60a3c712b	94c40a6e3d5ec5aa8c0e601253c26ef68549f82a902151a7d5f84d3c6b7d4c16	801820b25c94588b	sliced-sha256-8.v2	nvidia-A-1
103	39819a9f	6.837346	19.514	6.855	fcdb48b8ab51f2ef2486b3f26e1c316d8f6e034f0972c25a65651ae029ce2ba0	19a43804ef4065de72899d6a7272b9530679029d63d8a93157aedb8a43836b5f	c331dd34833a79a6	sliced-sha256-8.v2	nvidia-A-1
104	3982dcbf	6.810542	19.491	6.965	64ca50a4cb8adaa776c838791b8f264bb623ac24677975cf7b0a4fe087ed9763	88dc6074614bae718b32d1bfa030a99ce2a4c7193864dee0b888f2e25fa73128	035bfb2bfd941f32	sliced-sha256-8.v2	nvidia-A-1
105	39841ede	6.773325	19.491	6.755	d1e5bb8778c0b2a86c6e376dd7d535b7e98812fa77a16103635d6aae8d0718c7	ea62cef5ad7d41bb167bcb13454cea51ab9a928f5320ed15fb8948d1cfe77c04	8b46d32c52d348c2	sliced-sha256-8.v2	nvidia-A-1
106	398560fd	6.874768	19.485	6.691	575ba19c183c5d9a93dadffdfa60e148d9b35bee052decbac4e89a1da3cfedad	ebbcef53fe391824fc284fcd2c448fabab714c391827e7a6884ee0c575a8c60d	78e1e6cacca6021f	sliced-sha256-8.v2	nvidia-A-1
107	3986a31d	6.727015	19.484	6.672	9fd0a0e722a228a608ab4551b90bd1c0a16cba33893f08dae9824da427b25388	d6ff20b520a780e3bc4e15b4e10bfda5b4c2ababeaf0e7cf8e0164307dac7532	1616c47d1287e4f9	sliced-sha256-8.v2	nvidia-A-1
108	3987e53c	6.735409	19.476	6.628	5b64448d53f3514bae9e1daa02a417e40f4b37480b85d0d921969f7648beb6e2	c9c54884c49e587d075002613382d889e14365cb36ee927db9d5cc99aae65e79	3ae908ec293bd17e	sliced-sha256-8.v2	nvidia-A-1
109	3989275c	6.710045	19.480	6.678	cbac80b8dc7dcff899f07055f743766a9f44e758122527eb386e7f9a51742e99	2a8ec4697838552eedb429d9aefd688b3ad443b38581e8a33e6ab416368b01e6	b024d1debcad2ff6	sliced-sha256-8.v2	nvidia-A-1
110	398a697b	6.720700	19.502	6.615	d375ad503ca933254b629799c8044bbcc32903925065ca4bb6d6b4996f760729	1664e407f97bebc483b855a43fb09669b9012a5736abca9d1f61e77738844bfb	e07b9264fc8182d4	sliced-sha256-8.v2	nvidia-A-1
111	398bab9a	6.661860	19.487	7.077	e116effe8452e5291d735822d451ae5cd28560f6e4432504a86df7bb04a10bef	959bf7fd79b9c018cbe775fb17f7f547b693f9b9cb7d0dfa758acc3847cfe737	5555ad51c4cf6401	sliced-sha256-8.v2	nvidia-A-1
112	398cedba	6.587062	19.480	6.604	c7ba676bfbb1a32e5cf45518bdac27c2daf145a99fd8e5fa411ba5f1fd605acb	b945adc2016db7a6c89211b2790d22ceb0e9d5cb3dbb85f8cc0c4c46c3e64066	3f00167719c66111	sliced-sha256-8.v2	nvidia-A-1
113	398e2fd9	6.488727	19.490	6.587	a8599640ce52f6ae44f3b86a6baa0f332d7215b52ad229b74377eaf34bcccb4f	82293d6064376ac4346f0b8afec6dcf298072e0aa394af153383e943000b900d	bff739c6b7fc7c45	sliced-sha256-8.v2	nvidia-A-1
114	398f71f8	6.673482	19.484	6.570	39adbfe843b7dfe75114c9bf395d7ff006858dfa21421478c6a5b63bcf4c316b	12e0cf62fa7740903fb117143ff17f26477b095c9191cb60f912841bd6e0c160	28aba6012b43a33f	sliced-sha256-8.v2	nvidia-A-1
115	3990b418	6.646617	19.477	6.965	13c674a475ae2a39895f52a3505f18c84ee0a84bbaecbe7ceeb694697a599f9a	adcd71b81a046910e91b2dc7a59d3ccb13e7b487521413ee283f9f0231a6dab0	2f9e12fa91c37cfb	sliced-sha256-8.v2	nvidia-A-1
116	3991f637	6.668104	19.478	6.563	db18ba5b6a0ea426227e3a826b2759c15b969b7aedfabfa97ee8d62a218b6787	a816254e68e1348d99a33fc75b88ca9abff988c44bff57e6ef1472c21d10d880	922a6f29fd2c1b34	sliced-sha256-8.v2	nvidia-A-1
117	39933857	6.572748	19.511	6.693	798403ea8de4721a6ee411871c0474b0773f28a8098e08d0488ef85a3eec559e	43a04f505f3a97b35a5139a17aa95295016939761a3149c3975d49066867e0bd	c7f0a79d82705f4c	sliced-sha256-8.v2	nvidia-A-1
118	39947a76	6.486221	19.500	6.903	e89f6e5a1083bb499b00db046a3330a2edaa129823bc3529aa6a796bb645c768	71de1d957c59c79c53cca2431063cb8b73597c74151a575a9ab8305c4a2152e2	6a15836f6b39e814	sliced-sha256-8.v2	nvidia-A-1
119	3995bc95	6.499602	19.477	6.783	ede8e508ad0183a6211e1a2ca009ce95bb7f0b99fb765842534186cea2e7e471	cb3d07021096dceaca0127de35553ace3a04ec9c92bf67c6c48d2b4a4649571e	f75f74101e56790c	sliced-sha256-8.v2	nvidia-A-1
120	3996feb5	6.539975	19.484	6.736	4e29ffcf165a0e62d4ac06bfb4f26152e3c63798d8165471ca99568398d1725c	6b5a3f2752d2b72b311131fad00b39b2ac5be5b29340c8b40cdd9fb4c706bff2	4710ccf54dbe46ed	sliced-sha256-8.v2	nvidia-A-1
121	399840d4	6.487800	19.492	6.779	9b4cf3f2de927fbad2459c2c8247812c8ecb8ff41b0f2431ff1a87c04ac63a55	3be54cbbaf8a6bd49f1664c56b740af0207a1459acda574cebb2448eb8655421	d9a2c7311fb9ca39	sliced-sha256-8.v2	nvidia-A-1
122	399982f3	6.540654	19.476	7.193	b3dff967d764402e1d844ccc772bf309eada7dc825d79596abc50389ed4ff83e	2553f4dba8970b468b86774a4a4eb22c9b6e1685f6a7e1c7202bd7e5f9936a62	1e33aa69c81bec0c	sliced-sha256-8.v2	nvidia-A-1
123	399ac513	6.510883	19.480	6.675	d0250f5e9d82f2dbd718aa4f761af1ecc5369fbf7e622486dd02641eb2bea921	2af7a2749786e1f021373cb95c4bf250d375204d1a5839fe9127382c85e6f2da	222ead8ef3b83a71	sliced-sha256-8.v2	nvidia-A-1
124	399c0732	6.455015	19.497	6.820	9d085e9aa6f6ba3a90d2f04d52cc1c0206a28012f82893db5dda7528ef90f6c9	bae13afa257aa4f1ec49625dca635b06bdcc4b12d0f2ab333a5329fe862ff35f	50f3d7f4dadbf255	sliced-sha256-8.v2	nvidia-A-1
125	399d4952	6.449908	19.487	6.782	62b80090d349cd0d787a2cea28efb3f6d1ac2bcd2d564d313648c8c83135c8ba	730e3dfbe9ac6255f3f55c88d679081cba7318ac37fb90de3970af4613554403	a3950549e0647f0d	sliced-sha256-8.v2	nvidia-A-1
126	399e8b71	6.441027	19.475	7.211	f9ec25717beebcdc4a6ef7d2c832bfa800b83a75713cbe866c7cbc8e26fb21bc	121fe6e2ff386c6956502b9910a98546657d5206bf874ca967f8110096dc4133	d78bcd01775ce0b8	sliced-sha256-8.v2	nvidia-A-1
127	399fcd90	6.452158	19.478	6.616	eca1e03c2710c72b783f44b6d874f67938d6b8582521cf0d1f855832d354f4ea	97b5c64c63c59ab133a740131ed078dd0f73d00bd4a653a305aed47184f991c4	c281c5c67d8ffe7e	sliced-sha256-8.v2	nvidia-A-1
128	39a10fb0	6.418611	19.485	6.608	19e0b978487197819b16857ddc7b9353a590994e6b53131886ba5a9f22ba436e	98760b37aed5ceb8e8946f7cfeb75de9ff1ecacee46943602d5fb83886fd394c	a416aca32c7e2362	sliced-sha256-8.v2	nvidia-A-1
129	39a251cf	6.348549	19.486	6.597	517fa843ce1c07ed2daf4d73565f1959826f6e971085b48dc7b85dabb9a9a9a3	5d84a398c07d7740e42fb798078f40d84802d6328db06b43e176e8d486494976	a4f5517ed767f501	sliced-sha256-8.v2	nvidia-A-1
130	39a393ee	6.276978	19.477	6.985	0850e1cb956149124fd07ec82a98b462799e6b31521770b325d3ae7bf6fc317c	c1864570f16297578c24aba007cb1a8085f31fba4303f1d222d34e7f530d1ed4	9edea12951bdcb43	sliced-sha256-8.v2	nvidia-A-1
131	39a4d60e	6.276715	19.477	6.646	f5006bb1a60fab244fe13fa8c69494861ac16f8c316e65b03a36b6f1d931d806	5e3363e766a20e53fd863db78f3c871b62f3c84309acfbdade8127e27f6a4ef4	e942eb651b3e74aa	sliced-sha256-8.v2	nvidia-A-1
132	39a6182d	6.290126	19.486	6.648	48415d1ee1e6e54e4ccb64e90075217447c1e2cd8a32f73339acee8b7e5cd7c8	dd873b5b961de221c6378440fddc9edd111b7fd655e5a987735e4c2cd17d4d16	a5011109adb10362	sliced-sha256-8.v2	nvidia-A-1
133	39a75a4c	6.272411	19.486	6.614	6a9edf6a1937fd906ecda4e00b399c4e41bf4e543eb34228b16c9485145a4f48	a8b104b3de3fe69eaed0d6f4945f2bd4588cad5abddcbf44267f9d2f9ad65a10	b1202623f4486008	sliced-sha256-8.v2	nvidia-A-1
134	39a89c6c	6.256920	19.488	6.851	d9949db227254499c329773d1e44eaafc894cde9339becfa8b91a49de4ba69d6	1abaacc60292b83094604b56e8e53db421c2eb5a13db14114559c1258eec9efc	2222553067b22c12	sliced-sha256-8.v2	nvidia-A-1
135	39a9de8b	6.264487	19.505	6.903	9d2c9eb2626a09d7b1c0fb63eae45bc6cde8bbae070844f7ba7aa5a9db167dc3	4fba98be30beeb598186931bda4cf348cecdd12456def383be77cb62f028fd7c	4bf13383294b0ae3	sliced-sha256-8.v2	nvidia-A-1
136	39ab20ab	6.464719	19.509	6.812	a5396911feb42bbec5150b2e9267301a32da023533b7a594bb4a5b2f5c15f845	5fc14af27c9305de34485d363cc930cdb413e9eb92a79026c63b2354d407d77b	291e85b9e1b280a9	sliced-sha256-8.v2	nvidia-A-1
137	39ac62ca	6.296072	19.491	7.233	2e77b1fada51d3557915767a85d3fa4c927a1d992e5948c28f0b3e4e3042db6d	59c12d36319f5c3fd2cd2bd43efe6d15d6d7cb5db443eb02813089792372d71d	b9106752cc494d3d	sliced-sha256-8.v2	nvidia-A-1
138	39ada4e9	6.287830	19.502	6.761	62ab3415b39fb5d7f286b8a3c5cf4f2b1bf79d0edaf2947526d3e6d54cdc167d	a7eaaa22c7502cdc3d035d322556884206b8270b1e6e30a588fd183ead8900b6	0a38e6031a06c5d5	sliced-sha256-8.v2	nvidia-A-1
139	39aee709	6.458986	19.529	6.684	0eadf4fbc77ee00841cecdcc36824177f8701e8b55807a1fa75733213891736d	ceabaa070e4f389b85b01463c7206756b611d7298458c617074d1eb9e9577e78	1dca10eaec4bcf3e	sliced-sha256-8.v2	nvidia-A-1
140	39b02928	6.391730	19.527	6.656	07100894f562bf53e3af37bb853b82676a06428106ab49244303e30f8d42597c	22edb7e40c0684058f7b06e5de90f426f9846139a0f7eda589ab142d352c8d9f	5a9ef04880f5c474	sliced-sha256-8.v2	nvidia-A-1
141	39b16b47	6.554044	19.500	6.789	81e78e35c0fb5fc3739c6dcc427dab6da8e6942ff91eb489c4ea3371c0c5656c	6cba9641573a3460d2a35ed94931445e12ac545ab2f9c191d463d4aa503c8c49	f7f59637e5b01a02	sliced-sha256-8.v2	nvidia-A-1
142	39b2ad67	6.560275	19.502	6.511	896941081db028506c71f705850cb11492103921ae359cba4ecf5b0bb2a91779	1f15a112a081328fae8ea0f2ab2e4f5da64660da8c24c74e39d4d0f30bca4b72	2756513259b494fe	sliced-sha256-8.v2	nvidia-A-1
143	39b3ef86	6.456924	19.506	6.519	818cc5e3141b2a18f4b638964d362054af444cb76c8c9d490a52c7bd8ac7aa19	e3b230338e4e52c7e1ed65e0a6b4263332d9b2d6cd7568a46f048317231f5469	1b617071a7117b7e	sliced-sha256-8.v2	nvidia-A-1
144	39b531a6	6.465502	19.504	6.494	4500ef3915ded9945cd87a579db05cfa2358d85008c85ab2a5d2469f2dc5329a	ed6645b5ef072b30df8853f7cff8ee1a4596a98e5f747bff125c552ffea874c3	54b68627dab9973d	sliced-sha256-8.v2	nvidia-A-1
145	39b673c5	6.431402	19.500	6.806	7ef43a64b473df0076f617959b382597a82d1002758faa6985d82affcc983ced	dd1b3b7dbb74afbc0e62a523c3c3380b4daff2f35d6132303ddab789f2462e4c	1865b2249dfa30e8	sliced-sha256-8.v2	nvidia-A-1
146	39b7b5e4	6.401696	19.504	6.467	e79e54a2c6da44be93d2e48803506a816113d87a0b8d1bccc096df9e9c67a251	480b6a390f1ab1358d7fdf0ce82088437023b426345afa596749452c7929af2f	f7e24c79fcd5ce49	sliced-sha256-8.v2	nvidia-A-1
147	39b8f804	6.399759	19.505	6.542	797a3682fddfe4f72e29b409b8c414c7e854fb586bcdda6155df6eba3d98dd34	16b1f897c877a3a11d685be2dff1f02c4e07378313c85ea6ce74ebdf666e9610	a9720e67f09bc592	sliced-sha256-8.v2	nvidia-A-1
148	39ba3a23	6.354995	19.512	6.552	0740a4445d2234b87232e3cbc052b92e3a674ecb513ba282956c7cc0cfdbac85	a4ee5bb531fc9d86041a99ef6678c46a96fa1f57f31a5752c6993de47ee7630b	0e42c85c68d974c9	sliced-sha256-8.v2	nvidia-A-1
149	39bb7c42	6.318908	19.508	6.415	8b1dbb349a4ca1a79f50b1f1b6a3c903998c0e66da26aea1cfcacfad0dee351f	e5086a3bfaa918c08506b38087dc5338b3c6843c28a87782af23e83953424e99	0480bd066e828994	sliced-sha256-8.v2	nvidia-A-1
150	39bcbe62	6.320243	19.520	6.447	9c7c1f4afa051adb35dffde800c89c9cf5e0561d3e3b40b43cb2ebc4e1dd7e48	c3f3b295ddd7e474caa8fb4a12b081b9c133332ccab2c3cffc4da514a2fcd1d7	f5d56453bdaf1065	sliced-sha256-8.v2	nvidia-A-1
151	39be0081	6.328056	19.526	6.491	37a86b0ec0c71ac378a8bd12f70bd638b3fa4d207f0c0eaac0d3971d9b073449	eed345db342203a1dd468aaf7e058715b1c1ed415f2abcbe8e9ee49e42f0ba22	733382a3b72581c3	sliced-sha256-8.v2	nvidia-A-1
152	39bf42a1	6.280546	19.503	6.807	508ef62e713a4331379e16f4122e6d18aa77c2cd06e872a5d012bc394947adbc	dff9f8f7e4dbaf959f7770dc48dfb261592b2636c167f9f384ba16ed848fd38a	680f00e2e9fd6dae	sliced-sha256-8.v2	nvidia-A-1
153	39c084c0	6.268790	19.504	6.508	d036a17b2d0dc60ded517d77094f37c4198a5a7340926d1ef45fcdd69bb5f226	ac2e720a625e683726d6fb6cee56f71e32a3303bc39d59fdbad648aa701eb77e	425a3f9d24ae3622	sliced-sha256-8.v2	nvidia-A-1
154	39c1c6df	6.242833	19.508	6.465	d3937f04345135f8578f3f610be4bf307e4abc4ab8f38eaa44289f31bc7c9431	fe1332eb3a76185816ab0021cf4983145b041f812633cb9f9c200d0d20fc5af7	5635a74432af38a4	sliced-sha256-8.v2	nvidia-A-1
155	39c308ff	6.209294	19.491	6.442	c5e83446811d8838984b11ad28bba46a9ebd0eb1c063a30412f04d181deb474f	4b62b866d53e1655e1c88d00c1508ffe8c02af662a49bbd6d0648dfddfd7a078	35719127a08d9cff	sliced-sha256-8.v2	nvidia-A-1
156	39c44b1e	6.242274	19.485	6.866	ac8e6d89e128c947f380c87c2bf080637cd0b9c0a1cdffe624d8abd94a839cab	371b54700c91cb45e76cf6ed1fdd49556a2c075363b50c41c6924a0656222108	6a097be32b8551cf	sliced-sha256-8.v2	nvidia-A-1
157	39c58d3d	6.210680	19.484	6.402	f5a54f9b044ecf08a681b5d6b65d355be83a9b410f71373ae601567ca9d4533b	c0f28a3243b573d11e78645254f6c82b23b3cb170b08673753d8e29c80774d66	17e0a01ffbc1c833	sliced-sha256-8.v2	nvidia-A-1
158	39c6cf5d	6.252837	19.490	6.504	3863e7b01f634ea3ff9aa98bca4c6ffd0d3346e810c750726192e2cd8c284e86	c8a4cf57ffb1adc78e9eafa40e5caaafab9e52e680591ab5e933ba02a1d0f7b0	668df0b6fcff998a	sliced-sha256-8.v2	nvidia-A-1
159	39c8117c	6.132971	19.494	6.639	6814b0450eb47eb8263535f48f386692134a931ec6a3a41114694962279731fc	4579f836c5efaf1d4cf5ca63aaaa11928fb28426bd31c33509a594b27895e4b7	68fdc58145eeb9c3	sliced-sha256-8.v2	nvidia-A-1
160	39c9539c	6.143316	19.497	7.152	4091873e41aa3c8b06f79ef3d008c5c2aa135a377e01e717bfd88d5beedc2904	12c871aaddea251cb7ee6667aefcf086a1dbd34c82bc9a822405edac3848b13e	a7be827a0610104d	sliced-sha256-8.v2	nvidia-A-1
161	39ca95bb	6.214981	19.489	6.366	acaa53f97acb010e741c3136d985fa28a3360bd52659a6ff01ac14f350395f6c	35d9445b3f02eee84c6afd75ff88f5c4a3e3937f772a3f2fb556e00d32d3327e	d50702e60de1516e	sliced-sha256-8.v2	nvidia-A-1
162	39cbd7da	6.249898	19.494	6.347	489e2f079480e1ef4550993128a802cfd3dcb56ca95ff4ca21fdebf28636e5e5	979ce7e6e96e490094230204badd3f4dde2e93fa3299a80688e7f739d5a15c27	97bc42d2af39e346	sliced-sha256-8.v2	nvidia-A-1
163	39cd19fa	6.112201	19.494	6.358	631b8f4e0a06a73208a2fabd38290f356b04a7bd8bc24d1bb1a38f9f9dcc1afb	1f7f1c472d7ae16efe44e94abe38a743b998d9d63e6c0a37596d0ba64f099c2d	fda6dd51d263d1fa	sliced-sha256-8.v2	nvidia-A-1
164	39ce5c19	6.081274	19.488	6.657	7f16ca2707535c95d092944136e771480dfa102ff3d707b6f12916a135f445b9	7f55c539c9b792d31460f8e2d487b1994ef24adc51c4ea4484dcc7249d240fc5	0da7bc5e555291eb	sliced-sha256-8.v2	nvidia-A-1
165	39cf9e38	6.038077	19.486	6.427	ec0295cc6f3f6941369294c72792454bd042709901fe58a713ed2f4b58fa0bb2	e6d8fd6cb08eadaad054c637482c12b8af681586348ddcff608d9f0a9a4a492e	6bf1ba081e99b473	sliced-sha256-8.v2	nvidia-A-1
166	39d0e058	6.105641	19.491	6.396	ad50f129593930de316c6bddea2242df0526c78cb2e5f0c48418248474927b68	1dd4e13d6b6ef58c757003c1bbf59bcd7ae60f516df7d910d8e9af65088cca99	dd9a7ea951c6e732	sliced-sha256-8.v2	nvidia-A-1
167	39d22277	6.081766	19.494	6.379	e7780641b15705cd70fbc4ef9613c49e99f0222486f9a59677b156a19a08643c	0877a97885fae49352e323f930725428bcc65f0fbb51e25fc5ee37b1806a84e6	0e03e88b6aca0b09	sliced-sha256-8.v2	nvidia-A-1
168	39d36497	6.173906	19.486	6.557	f938a138428dbb24d760427efd18d631c949876b423c60660103378269c2cdf8	f08dc619d87bb74d219a5a6289228fa665f834a961f8ea8563593d29b1d4e36a	21cd84e91335241d	sliced-sha256-8.v2	nvidia-A-1
169	39d4a6b6	6.081240	19.489	6.323	82ee35d10130cc7e8d4439bfe974e0ecc297c504dfab97da7e0d8f2517053fe6	b56696762de14026a4ef3a171197003653fb2cc868f592075c307ace27b610c0	44df17284ded92ce	sliced-sha256-8.v2	nvidia-A-1
170	39d5e8d5	6.025041	19.492	6.390	46d0646bc5685a10b595ff8d6a8d9fccd2579f79989bc945b58b7060c91684ac	f3adbaa8cc3c0bfec6dedc70ba8a48aca1c846824967caede44bda66efdfa132	c83e24b0a08cf1f7	sliced-sha256-8.v2	nvidia-A-1
171	39d72af5	6.064266	19.490	6.540	bc82675faab814d4c9ce3225a8d3266437413196829f2a10e2445353c2ef25b4	d131e805d748af100d76c2932b0b61eddb93f9582a00d6ba474a6e9160793010	af934686958eaf23	sliced-sha256-8.v2	nvidia-A-1
172	39d86d14	6.020729	19.479	6.961	fa485bcd9dfbe7c6dcb2487f22f4347448b28359d374f0b194b3fc878bb92266	9b8a28acf56b8a4f2ea29502cc5c7a17e8bab337e305b52ca2ef86bf186d0396	e60eb1fb086fbb2f	sliced-sha256-8.v2	nvidia-A-1
173	39d9af33	6.034678	19.489	6.511	aad0247422c38e8d67795240188ee8047e2717440b75587625202f54a8a03a3e	f59264898d404725d41be78cc3b9adc5d062c1fce0b320606d22921536e85f65	1e3c0e646e3f66b9	sliced-sha256-8.v2	nvidia-A-1
174	39daf153	6.063259	19.495	6.423	1c8d1817737b8fbcc02192dd1a77a592dcc7b5bf6a63d0cd5f1a3e0428a23d59	ce2cb19c8b160c42cbdbf22271e4711c5b41fc07d2ffba6c345db7b58130dd9b	f9206451451e9261	sliced-sha256-8.v2	nvidia-A-1
175	39dc3372	6.060269	19.489	6.829	b382883112e5f0ec57aaa81491a3899f98300e00b344f1a3925888457285242c	2fe78d9720b19cefda91f5c9059fe8635348a36bd7803ebc1fe031686ec85584	65386481fe8967b4	sliced-sha256-8.v2	nvidia-A-1
176	39dd7591	5.963238	19.495	6.448	8f26917bb5a414fc8ba1efbac3a61ac2304b88b22a3c4e96f20eeb9d102dfe67	23d1458a4a4867d1f5b9a89b456650ddf2e2c585c61fa1d8a3e09d99c91b6abd	696734cf8778d476	sliced-sha256-8.v2	nvidia-A-1
177	39deb7b1	5.988986	19.499	6.378	46d09849ae6b0872d8f5e35e4912f3e29c09336cd2b7b479c22e0847d180719c	59c9c6f62fde48697947df253ff113d3a5c12550a74e49e342151af4021e981a	355475a15fe4250d	sliced-sha256-8.v2	nvidia-A-1
178	39dff9d0	5.988416	19.496	6.334	e863a2b958b911520a8baf510fb8585b2a60881533d5b2daa5b48608569b3eac	132867a8bb8a7953e2fca490973b397f6b81db3a220302c2ca44360a048b329d	3eb0974b9448cc34	sliced-sha256-8.v2	nvidia-A-1
179	39e13bf0	5.944784	19.492	6.599	a5f7eec7b84f4c1577a11539557b346e845b7b46e269aecc68cb0dc835f17d55	af5d915cd1ed0fe84d497593ec26b391e82a0a1d06ff6aa723311c6c321e123d	2ff5267709758b90	sliced-sha256-8.v2	nvidia-A-1
180	39e27e0f	5.938524	19.488	6.436	b2b884d8b14cdc5477035c1507ac56c6de4084a07907aeb237c576cb73ab2b3f	a59e78ba54beb19fd526fd1cd45b6f4c959fc7d4284a23137dd8e39f680890c3	0cd23ae3ac794ab4	sliced-sha256-8.v2	nvidia-A-1
181	39e3c02e	5.935870	19.494	6.412	dad793fddf87fe537c4f21adf7cf1522278fe0d38a35ac81fcb8f822e0753409	c3e0fb075a370e9107ad45acce543b654829441a742616669e40fcbf809d708a	7cfcfaf6dc8e4312	sliced-sha256-8.v2	nvidia-A-1
182	39e5024e	5.932925	19.495	6.342	3e521d55ef524c9adb8f281703d50c7c8ca1985a3037f916b4d23848d0d3d66c	72d6ea55a5011273cedca9680a9e488cefe2731705c7c3c16dba39f51e508bd3	f46d1d1df36993ab	sliced-sha256-8.v2	nvidia-A-1
183	39e6446d	5.881407	19.489	6.814	12c761459d2b76efda93bd98058dd30d99fbb0863e143585514c74b11e23d55e	28b0a51c6ce275f393854a2e3a11ed9c3b55f1b7cb457e36cd953f38a2802ffd	af4e828f6c3f64e3	sliced-sha256-8.v2	nvidia-A-1
184	39e7868c	5.876202	19.487	6.385	3d0fbfb374b0abd506f7c3278784fdf6e8338be30fb15addf2d30108dbdac2e4	355f4caf84021ef11cbe4b7a5abf3aca1bcd60ae851ef99d7d39d3e78f29a49a	cb2ecc882f8daa31	sliced-sha256-8.v2	nvidia-A-1
185	39e8c8ac	5.905897	19.493	6.408	eb6285af7d81633b006fbfb9f8ce6fcc8916ecd5273859fe95bb82d18361aae1	dbb459dda46fa846b17350b13b525a19c932a365a115f7a3b1f57af19d818af3	7d8361eb036070e8	sliced-sha256-8.v2	nvidia-A-1
186	39ea0acb	6.047755	19.523	6.413	4cd158ba211f674c9ac5214913b84399102bb3c732f444875a395c0f32203d7c	76e3f40e0eb3688c0214d93b54e1679f1bac94963d11a5b2f922f368ab3c6d4a	6589d53159c92d34	sliced-sha256-8.v2	nvidia-A-1
187	39eb4ceb	5.997741	19.487	6.741	e82f0a0b75443e9c95f483adc8b98d4026ff9fd5507dc92fa3546027d8d47095	6fb1949637126c8612799b46d641803c8c6d56192f3e791d02b3ae6e9fb9964b	9dfd00e79c9d1184	sliced-sha256-8.v2	nvidia-A-1
188	39ec8f0a	6.032188	19.487	6.498	c1c37c55ce1bb6321763e1b3fe23dd5bd848ded0168319fd7d2cd54fbacd6d9b	9655ded0b4bfc681b0cef40d764705396896d9ba7806cd8e68d1670b63d5f741	b461d0e76023214d	sliced-sha256-8.v2	nvidia-A-1
189	39edd129	5.986748	19.494	6.490	f1aabef0b3ad00d8a909de72d1870379099873f181acd89681419e46d0e47319	630ee12ca5371dc83d9713d3f9fe149379a790dfc81556bdd302d445ce086a90	134c888cd3986e4b	sliced-sha256-8.v2	nvidia-A-1
190	39ef1349	5.932296	19.492	6.697	71be58c50e4928b43b9cc5b2d6d3cb9f42c1205eab9dcbb76a64fb4f5bb73c91	767aba2a1464c70edc0197467170fbb29120c4f7a7cf49a66f6c413d6df442fb	df4c945a914c7fb7	sliced-sha256-8.v2	nvidia-A-1
191	39f05568	5.930287	19.494	7.347	f1bceb7a93794b2bd3946eecd9f32a0c86aad8a7aee1509a6afa1725cf95b7ef	9e817873cd473fd49cc3a66ee78befa2d7e0b0d6d0ff807f0e41a58d90aa00be	49fc323ca0f024f7	sliced-sha256-8.v2	nvidia-A-1
192	39f19787	6.074201	19.489	6.741	7fdce7b43dd0605a5830dfde606b97b8a89bddd70f96219d29069bebb2129bff	0d7caaf3e0657d8ec3cfea202fe4b834c50aae99e55fe4c0fdadeb92eae0f216	deb108e9bf061374	sliced-sha256-8.v2	nvidia-A-1
193	39f2d9a7	6.001191	19.504	6.721	08af0d0b3a01991f475340a134fc1603d68b9d8ea9278f043619b0876418ba34	10dd7b56190d3023457f04196e19e73de0bc02883f41149520125789f4028836	8061b899e1eb90ec	sliced-sha256-8.v2	nvidia-A-1
194	39f41bc6	6.036335	19.506	6.692	494b22f343371e4586c85ca2cd1477e6e7286545c5b3dc7e8715129293e3a76a	78d144b09c41a9dbf9cb6b103a2160937170d9118014a0897f6ccc53803fec4e	b0e0625149a2a540	sliced-sha256-8.v2	nvidia-A-1
195	39f55de6	5.997364	19.489	7.169	c99d3421a744878380e24053d089911ca5884782c9fbc669923d9cd6b9685e09	a1abcecbb953b369d04b8cb8a4b8153094a8455559ab9ff10481be9045e32b0b	98c2815c532c6200	sliced-sha256-8.v2	nvidia-A-1
196	39f6a005	5.955213	19.490	7.158	6c3f26e43bfcc0a69f8938489cec9b4f88559fe580f3415dcf7d6b2182bae9bc	238aac2ddb91ca4582b34f8ac4c5bdd7aeae9a2284ba655860012ecb645ecc09	9c06b2a8a093a2e1	sliced-sha256-8.v2	nvidia-A-1
197	39f7e224	5.955899	19.496	6.658	fd1e09c71d8e4342b7d19a325ea2a90d69da4eea1c9d9c65e3be339e067bce48	2ca1148de985047fd62275cbd6bdf63d813921240e56ed893af8fd329d40a34b	ba279d859e771c3e	sliced-sha256-8.v2	nvidia-A-1
198	39f92444	5.943171	19.491	6.624	15ca185773aabf7b8dfbc6865946283ee2659384122d31aca24596677665eed8	dc75ebd3dc889adddd0253f51db4dd024c713525b9cc860599a44bdb417a0cab	fe2cafe5a7d61273	sliced-sha256-8.v2	nvidia-A-1
199	39fa6663	6.002773	19.491	6.980	0252b360668657434006f95667dbbac08ab2f877a04eb5c3db7f1570751afd9f	2ae05b9132fff8421f532b21f0f723614e2e6c91bcba8d359f936de11d365c02	8441abc5472eefc7	sliced-sha256-8.v2	nvidia-A-1
200	39fba882	6.055137	19.488	6.583	67534f637c561d2db1e6ebb8136b75cbbfc1a8d72e8bd662b92223a1cff20de0	c5e7b9ff2c6c960b977664f9b5e23e3af529a80f3ece11af403e157a9ea532e3	6287ff1db8fa0642	sliced-sha256-8.v2	nvidia-A-1
201	39fceaa2	5.888681	19.492	6.617	3a1740e989e42e9e57f146ab62193306f0d97bf029804d7f791b4f0573606022	c3decdbcf72fad6f66ee613d7b1987ad3a19dd79f784947673ffbdc9f1006819	c6c0f1301d0af98b	sliced-sha256-8.v2	nvidia-A-1
202	39fe2cc1	5.995248	19.485	6.467	b951f0f9569b7e8cf830b7b16393d6675e7463117f8092b4c16f5544f81653b7	3c75f5ac43406a9de0cf6e66936c89bb8aa75a3838dea09123acbf558cb29e8a	aed93eb47e79330e	sliced-sha256-8.v2	nvidia-A-1
203	39ff6ee1	5.951405	19.478	6.535	09bcb38e17a670b8295897915f58afec8292ea2bfd28c482a011c483df51a0da	5bc006722ca14628a7a8afb1c93af3c3bd5892633af09b18b2098a411318b030	f8728cbbc5b3121e	sliced-sha256-8.v2	nvidia-A-1
204	3a005880	5.918043	19.476	6.883	e8e64d32eb099b85b5a519a2e506f34788d0f2e7c97393611cb759dc8d09b43d	21ad6e2d23f28e9b579c3aef1e655db061a0d597c9b498e0acda4d03e81e9700	94511e4ed6853446	sliced-sha256-8.v2	nvidia-A-1
205	3a00f990	6.232695	19.475	6.511	9b480d7acb9968e06a55f66335fd7fc351a9afe9216748124fe9fb76130b4324	7bd49a627142184f48dc7e0939ba9b4067c4549a250dac413b5505b9185a889a	4f0c4bdc60c785f5	sliced-sha256-8.v2	nvidia-A-1
206	3a019a9f	5.881284	19.478	6.510	f48e2de9262b331641938f8ab4385027745d2faa6603287ba0fd4d552fac3ace	938113d49b35b3322656e1d95dae1219342feffc93ea1747b23998c2f4813f15	ca32de450ee2691c	sliced-sha256-8.v2	nvidia-A-1
207	3a023baf	5.876949	19.484	6.538	9091362c79c19ae6d305e7c922c4546022c30e78558a5ffa14d2caea75120c17	af13a3ff36e5ec66771f71da05a928ae89bbb07eef80cf38051bac219bc54605	4c9388d6e744f110	sliced-sha256-8.v2	nvidia-A-1
208	3a02dcbf	5.878444	19.490	6.604	09ffffca4ddbcc33c563960fa59fa295f87545c366daa0685acf5804b7d0f9e4	6eae944d534e9907c9a699359b41dbe774687354e8a26f257b3d9a1911807d45	f4b689096cfb7b87	sliced-sha256-8.v2	nvidia-A-1
209	3a037dce	5.871525	19.489	6.387	e10ccefe3a5112b9936ab6969e4ef35a6667d27042ce68c6013a75c82209175e	959e67c33dcdf142d69eba2b0cfa211fa04396b7d7cf7d7600dd81dc4ac13a1d	1772a678b0b7d454	sliced-sha256-8.v2	nvidia-A-1
210	3a041ede	5.820031	19.495	6.436	f8262a0d1c2a8ae3e27cd1605d158bc6d8ec6a5dabfc4289be87115e2b8f1957	a0c16514c7a858ada3ef580c83bceab17ddb2a47ec4d33fcb0ac9d69b6608441	ec0aae96f17f0385	sliced-sha256-8.v2	nvidia-A-1
211	3a04bfee	5.744325	19.487	6.442	7bf1e9a3dbc0872c9fff87565f0d1f9dda7d383820eb4e211c1e8ce8ee2750be	16fd9c9f0010250c582174f5c57f8adddd6652bc3909acfac55fa198fa542d50	b88069bdbeec12b5	sliced-sha256-8.v2	nvidia-A-1
212	3a0560fd	5.787101	19.491	6.466	7cd20da3231d61ea76cd4decf3c317f1a2a7abc9b2096bd4035b44b56b08a458	6f242d4a13c5a4918358bb31faad961cc90223875aed0d6625b1a124c2e1964d	f8c6b587eb90f66e	sliced-sha256-8.v2	nvidia-A-1
213	3a06020d	5.723724	19.484	6.497	b09fe164372185b9d85a965fd7e45f92e1ed79360ca33ca1530e2dda871e7872	083662712d6d03a910be66f6927753787db1661add5415e03a99f15781178db9	2546b7714fc082a1	sliced-sha256-8.v2	nvidia-A-1
214	3a06a31d	5.746121	19.509	6.549	48ea9bf30941fa28208c2c067ba7f55f4da9e23784755a57d1f2fec883e97116	a1d067ba20ec193eded04cab437c3a53d6db86d64ea59de2f96ed11537ddf8a9	e246534caa9446d8	sliced-sha256-8.v2	nvidia-A-1
215	3a07442c	5.666066	19.491	6.458	b1a5b13ccaaee4b434f02829c94ba2d4f54574e90f100bb26bcf964ebd8c436d	aebfc338a6f5b58119f3693245913d35d7075d48a3f160cc8d998c25222e5803	39b2c1fa0d4d3a22	sliced-sha256-8.v2	nvidia-A-1
216	3a07e53c	5.764685	19.491	6.469	dd18d0a72ae381fa129bc6a5be5bffd311c15d8c08ecccee8fe80fb6c30d9815	004eae90897cb0ff7faf95daeb2bf5414a343c4901057f53e93a54de978ee2a4	d26d329cc7ff13fb	sliced-sha256-8.v2	nvidia-A-1
217	3a08864c	5.705942	19.488	6.831	202a977caddc75b2bb6135d9cbcfad9b8ee670ac6852fd698d23623f3ccca941	92f743b8ce2ff68e4b26286f279d6d6c154564320fb6fe9e9a0a8dcf4accad0c	37ce15e5350c2ef6	sliced-sha256-8.v2	nvidia-A-1
218	3a09275c	5.764728	19.490	6.480	4f59169c4f9502b54504aa7f10f98ec4e4795337657b760c17fb8d644cd25e32	63288e0ec9693c7295f28aded07d250bd6e598f0128af80164ab9c440bc6e1f9	2a9340f9216ce69a	sliced-sha256-8.v2	nvidia-A-1
219	3a09c86b	5.726938	19.488	6.557	8e193ed4f6efea3738f2f0b6725a5c24bcd4959d901fd3adf89d960341aa7a76	1db8cf02647fa2e306a984a16b03cd40e55321b49e654a3445d8d59c8d44cf0e	d2cacfba1a2ea419	sliced-sha256-8.v2	nvidia-A-1
220	3a0a697b	5.634714	19.498	6.442	37b959661d2ce5a9d5fd5015edb9ff92978e52b5a7bc5e10135dbb3cf4275293	8772797124171454f423a47ea38a6a245806bf3b62b7531c7563004275d28a06	e9a8c3c7965c56a9	sliced-sha256-8.v2	nvidia-A-1
221	3a0b0a8b	5.601642	19.485	6.625	dff25c3543bd03e5ecf24da0325a97e0bdf2891abfbf145f0dd1380159a6fbf4	47e10ad926671bb68013595389ecd0b74e2f11de05c5786f5d4607ff03072ec5	c7de6af3cacca4f2	sliced-sha256-8.v2	nvidia-A-1
222	3a0bab9a	5.677027	19.486	6.525	cef33505b01fae7f5500d4fb609f53d76e0c00181388bb7421c89d80963c45d5	397d901f6d72166dfe83d6cdc3758d96b40fba744d88d2524424225775dd887d	5a1e3740947a33ed	sliced-sha256-8.v2	nvidia-A-1
223	3a0c4caa	5.589326	19.490	6.347	627b7ab6372893422203af0751f767a1e6b1067c106a4f946fda347bbab179a0	52b133a60cbaf7d811674ae0492086eb4b744594b67b709885e8df7aeec7a3c3	5c6dac6f1c19a3c5	sliced-sha256-8.v2	nvidia-A-1
224	3a0cedba	5.646329	19.494	6.327	f90670ed0c926650b10dbb1eb6d597a7d9c848bab275e4036201257e93eb6024	4111fc618e3d263a87ee7fda2f2a2ea0e4b3d5d2814b866a92332ce9b28735dc	1333724379f105fc	sliced-sha256-8.v2	nvidia-A-1
225	3a0d8ec9	5.705357	19.489	6.414	886c560a1e8d364aac5542b86c7bbe57974a59f8903e58bacd3ec64d9ca1172e	71a571230035d75d455e9c04e37898cfeb807c62bde47824b101b7b6ec525b1e	466fee27693ea12f	sliced-sha256-8.v2	nvidia-A-1
226	3a0e2fd9	5.701220	19.488	6.558	8a972e1d5d08e3f3e5dbaf7bbe008c98b88bedd87a76072e25ed11a91a0dd45a	800192f8d290163db4f42e7ae433ffe1ce5aa069d224d8e076c3f95741704c2f	cda1ee830d63f0d5	sliced-sha256-8.v2	nvidia-A-1
227	3a0ed0e9	5.659794	19.497	6.417	6fcb4bd17258aa10f9b523733a5e973ab202a225ebfcc9203a348763a1530f40	b2a9d6280b45de68006fc0b5b730b4f487a490e28ee99faa4b595101a6fcf21e	b031420985debf82	sliced-sha256-8.v2	nvidia-A-1
228	3a0f71f8	5.658847	19.489	6.406	4e8d073bc38ce469c87e5e17e93acd59583ed73f5ea369a682defb8eb16db574	3cd962bb15432a397daeab19cd1db97c8e2bf53087ecd814df731900384910d4	b82dab8e55fc4042	sliced-sha256-8.v2	nvidia-A-1
229	3a101308	5.717749	19.487	6.437	4fad31a5070aa8028ecd8e56870e71b66e20a9d9240fcf80ae88a522a1172b70	dc397f8c6640e22528eb42e9a3955ec6520dd747687008c5cac9ff89d02a8c09	f59988bc9a089b0f	sliced-sha256-8.v2	nvidia-A-1
230	3a10b418	5.644465	19.487	6.563	4d6e0c9d24ab1b9e4bda58076b61193a79e4c1d56220c35ca0aeb57f9fa71029	317ea0402bcef17d1f504594f17071d2283704a2cc30880a2ab7a744940276bf	048c484e13dd752a	sliced-sha256-8.v2	nvidia-A-1
231	3a115527	5.635699	19.471	6.459	bad4353653d85f8dab0090c69882f7b744382a5d3e9a721310beb51f8e46f4b8	789bfa6609033f6ba24f8efdfcd6b6180cb9efce2ba53eacb62f97b9b7e042a5	38c708335353bfcc	sliced-sha256-8.v2	nvidia-A-1
232	3a11f637	5.721488	19.474	6.480	e6501906ef71b9433d78d2e8e051756b4b622251c296c091626473f76f2e4037	b01b049be8cbefe2b48d524f81f453d4a8894a6bb6b806443bad3f619f532c37	862de0f99b1e72b3	sliced-sha256-8.v2	nvidia-A-1
233	3a129747	5.753997	19.474	6.510	934b4a61579ea5281330c6a0941ee5ed0e09399a3eaa1f83930e5333eb0cca12	718b7d447bd29259fddffddbbd65eb7bebdfcf53cbfaf43e564fff9798efeb42	a1c9c598948435be	sliced-sha256-8.v2	nvidia-A-1
234	3a133857	5.749447	19.483	6.928	606295af72d43888415297796d56ad9f18babe2002e1888a792f9750d246952e	9cb00ba8e960af6cf3e22742b69dd625e1a7ad8ab246cdeb020ca34975a45b5e	c2be10d69d8db058	sliced-sha256-8.v2	nvidia-A-1
235	3a13d966	5.742158	19.478	6.795	9e9cd3118715dfad3c7d0eccbf68d1cf715acebc80a38d3d569a84067968ed5b	0268c3eeac8c46ac2ef75bc500b6c55f1e6c532576a31c6916048c2bfa07e834	b46e08aea10cb05c	sliced-sha256-8.v2	nvidia-A-1
236	3a147a76	5.763842	19.503	6.668	d4d35af2e0dc05ee35f8d166a9bbc9f657fa468aaddf439047afa2d3f63e958f	7f0d85bb3d1a644ae016b31eb743bda01b4f30dbe6a07275206dfff78ba16549	7710105ec849cc6e	sliced-sha256-8.v2	nvidia-A-1
237	3a151b86	5.754963	19.477	6.804	e9f802714aa7f606b4c3463db61face32b61f0b40d94d86046e479c20ab56bdb	dc9d601ef77311a5d5dbc7612d2be3e58dc414a13d8c29c2285450fd49ad0d68	5528b1a47565956a	sliced-sha256-8.v2	nvidia-A-1
238	3a15bc95	5.708898	19.478	6.751	b3ac151cc141d6658a2dd11ac79abb679f460a8547d8e27c7233279673e59365	ecd771babf0b2408305c36597fb721382cbdb56bbf32fc3fe8ea40b37fde7f7f	7576ff184516c831	sliced-sha256-8.v2	nvidia-A-1
239	3a165da5	5.640363	19.495	6.760	8fd9aadbb3c6964159afee202067f02560079f880d9e9033cf0b5aa763a43029	268390228e2f6a2b688d3640faa4e01f3d427e310ecba0edb3a93c733d6f8e97	026c5bbbf5f8d1ea	sliced-sha256-8.v2	nvidia-A-1
240	3a16feb5	5.706188	19.502	6.745	65142ee29f4c26d66f0c491ed2c0256043793c018c943eda14fd330585c9cffc	91596205e01088417efe8b4f8625862226acb6d4aa0e0fb315d41b51b8d67588	e023ab27d5cf75d2	sliced-sha256-8.v2	nvidia-A-1
241	3a179fc4	5.670564	19.475	7.091	1498736c6cf55d410f75b5cfb57cb2fda6b7903f4b6ec1a0fd202558dc76082e	384904b3aa5b9759d1d561ca05b5d4046716733406f6bdfbb635674e5afd5c1c	f3ff951695edcb5f	sliced-sha256-8.v2	nvidia-A-1
242	3a1840d4	5.670893	19.477	7.120	555057f40c4ae9eaf93a5cbd7a6eb1c2b096790c36d662ae404fa08438c9e437	5a4e02a6f9d970a0c0c794632c32d499ff94e31d758cb2cc8d07e6baf3a1ddea	75fafc9426d74fe8	sliced-sha256-8.v2	nvidia-A-1
243	3a18e1e4	5.616862	19.482	6.672	8e94d83a53dfc3a94c5f182d24c82c11d2ac339852fc0555f111a06ae469ec08	81c76d1778ca1cd4e5e4264aa4a5112d855e5c7c559f0c13180d427f36607050	9330f2760196ae43	sliced-sha256-8.v2	nvidia-A-1
244	3a1982f3	5.626807	19.480	6.696	4a30616e0006aa0522968ff1104a3b28d0e18eb01b2b173e2aa61b38d0d40098	de08ac247f6c07a497910e96e95f938a1105e39b158040ff9c2d5e5759d9f3a4	f82acd84abea4f96	sliced-sha256-8.v2	nvidia-A-1
245	3a1a2403	5.636567	19.478	7.159	da06a8a3368276936b1b3c4f0f39f3717dcebddd3d034c42f5387341b58714c5	dadb91bbe928b2e412c1ca2911271f3dcaf45aad8a13fee5853618a4032e08d2	e87ea6683add9750	sliced-sha256-8.v2	nvidia-A-1
246	3a1ac513	5.573205	19.486	6.934	7c233848937fd6463ecbabd8e7f5e88fda16407b3487e406941d916ebcb7e375	214ce385cb74d01d3dabb330b3df0ac634efde51635b689986d393be8c1139d0	8a747c5fafa7097a	sliced-sha256-8.v2	nvidia-A-1
247	3a1b6622	5.575943	19.484	6.690	74b2e97e848bdad529ba22d1d5ce10aef3e4421f019146f6c9bee094b75b6882	5467a32d8bf7487eb976c1d10aadf31cec5783a046f6ddc46bc3163fd8463c2b	ac79d73f339b9830	sliced-sha256-8.v2	nvidia-A-1
248	3a1c0732	5.552704	19.515	6.597	35a7bf33494f147bd352ed2605e5dd54df7521b2b8102763855ecac93ab5fb09	413f2675c81d8f67fe318c3b290718a7607342771e7d59ffb4f5bc57ba6db2f0	3c451da33f5e09cb	sliced-sha256-8.v2	nvidia-A-1
249	3a1ca842	5.529703	19.475	7.100	556ae715713579efb0a62ac9bb34fc1d5e8bd7e14cd9803c60e9bf15aa93a452	bbdddea3d819f4555bc85d02be34a9459e74ce9b2af822ff995fd03c8d9b0305	5a6b3b6b7ac4b5ac	sliced-sha256-8.v2	nvidia-A-1
250	3a1d4952	5.579639	19.476	6.643	1cf0b6427e07fad149ba0b1744b52708621f981996bddab1bcd69420d2483a85	3c98b24d0232f383bdd458543306fa0aa9788a28d5daae7fb13f0445cf79a733	9b18b24094a00754	sliced-sha256-8.v2	nvidia-A-1
251	3a1d4950	5.535282	19.478	6.583	5429e4e0c95301a1594998ab846dd7bd04f7083283630882476f731ab15b05d2	20214d4b0a18755f9f1bc530e79501af239187502fc8337195065640567d3c97	949da3345300dca8	sliced-sha256-8.v2	nvidia-A-1
252	3a1d494d	5.594027	19.480	6.663	40ac3df4581ee6050c8825baea3e03187a4989451293599f55f347cb3a27cefa	f44688ef26aa0c4e437946ecd5e2a1285b611750c71a7ff18e0adf6a4e0ed7ac	f0c85336c6dc01d6	sliced-sha256-8.v2	nvidia-A-1
253	3a1d4948	5.552470	19.477	7.424	13aa4e1a6ff86abceee621bc71efc9ea1940c20125244c1777d88d327d804257	bab4008c52bbff04c865cdab29db977a62e4b823a849e727932620b9a9c0c91a	802ae4097d83d3c9	sliced-sha256-8.v2	nvidia-A-1
254	3a1d4941	5.435249	19.488	6.802	6bd0c02f7903f4c2924b7b08ac5f48581533b59bbb6b916c484b20bf10435931	1289aaa82e48f94e0983ce2e7f574232747ab4e579b277eea8cbeadf99b2792a	c07ef64c99eac34e	sliced-sha256-8.v2	nvidia-A-1
255	3a1d4938	5.455864	19.486	6.581	29acdab973d52ed533132e4b0123a9d14ec3fe4f219125a3fc7e78a3cb31368b	bb36bef857b94fc159fc16eb560a344a09e32435a99cb4d2ff3473f9768dbf16	9b8467cbad90e1b8	sliced-sha256-8.v2	nvidia-A-1
256	3a1d492d	5.471516	19.499	6.586	3c8190f6392fc53a8c47955f2a4fb65fe813fb861f78fd7269004e2946175477	18e8f4c5b8ea43a4e4c9b60d1b526915750ac1dab64560f3b6dd978881b0662a	de59e3d9bfc33f47	sliced-sha256-8.v2	nvidia-A-1
257	3a1d4920	5.442762	19.478	6.996	261f38278a5e37f9978aadf9f748ce44cbd8e5d8575dea2cb383094f3a651c2c	566ab65279ccc94196b9d59460ad10cacf8a31dcd57558b47ca9dc44cd8dd81e	cc3c82f6b16e988c	sliced-sha256-8.v2	nvidia-A-1
258	3a1d4911	5.469919	19.474	6.866	99e0744c3ce9ae2bedaae3e6207c659ac85b309caf89fbdbb0877377f1970d90	4fc528a965722b1973e89d3e64fbefc5dd8655669f164144862b91d669b15958	d6f3b3e147aacf23	sliced-sha256-8.v2	nvidia-A-1
259	3a1d48ff	5.426854	19.484	6.573	0ffef756adc3173b2c3d5ad1ce58cd1656c40c54e9f571d37aaa3465eab3de94	6db8da669695f2db8f9c3e845c9581f08948ca2f63f2b33b0cc2b14850071b6e	8ca1c9ad6d3a0939	sliced-sha256-8.v2	nvidia-A-1
260	3a1d48ec	5.486502	19.479	6.603	6e32d5f52bebb23c50cf99459143eab9ee5bd18d5965d0a1e3bf11d614400978	b82077882dc91952398266c4809f10b002ceffc83322409ec862ab610f092ced	0e4f1722ae2614df	sliced-sha256-8.v2	nvidia-A-1
261	3a1d48d7	5.461588	19.475	6.950	6eeaea54fa58fbfd453bb5d2dbfd7cea5cd342af5582537114ecf95be206ef68	dcd1a947d28d420589757e0a9ab8af483135fb3ea13e10cb94adc76d7b49f688	4f11f10f13870538	sliced-sha256-8.v2	nvidia-A-1
262	3a1d48bf	5.527426	19.477	6.642	0997aeaac800e515248bbeb7f0b1a64c53c77bf1231976cd469b4bba94549c9c	8e865d7b95354d1281f9df680adf1a5781957e0428912eabd89d8bbe3f1c9f77	1ccea87f016e2f8a	sliced-sha256-8.v2	nvidia-A-1
263	3a1d48a6	5.456682	19.482	6.623	f6a0110cd53f87de77429ea31ada749ba3078402e8aef62f90eace37e57cf501	63960fffe0c151fe369227d4625476a7c6ed47a158575ceccdc29f7e7a7b1640	6d574e845ddde2b9	sliced-sha256-8.v2	nvidia-A-1
264	3a1d488b	5.518863	19.483	6.573	cc4258ed566d7102e336f27c81b21ceaf20aa81e604588a4fb016e0d2eef8b1c	691fce7860cf8ae82e0b5c79d9b35f9e10174ae7c1a673d07c3ce7d9904ae250	5a4a6bde7cdf3ea3	sliced-sha256-8.v2	nvidia-A-1
265	3a1d486d	5.545021	19.478	6.784	cca14c71b03c6c03753e1bf6c66879da7238f72525c44a95bae49d59581b1e21	26593cf110404a29641fad2620b190a9f14bc9342e2497f7e9d6d6d830964db0	ce6d4c4e35d9eaa2	sliced-sha256-8.v2	nvidia-A-1
266	3a1d484e	5.573168	19.473	6.572	a63e3f0a8ee6aeba3a59259baa2aa7884253978d60a2c56411a68a92a2f5000d	bbb3a5c3f6c44fcbeff3c160bfd8f7c473bbe62a8494e3eb3c393f16b309a892	dbd99f13dea663d2	sliced-sha256-8.v2	nvidia-A-1
267	3a1d482c	5.421691	19.480	6.509	fafb85a703222c60e9437b4db340ec8a1a5ce04e8a20c4dc225e309068c93fbc	73ed1b96c857e5b8708ff4ca2450bc6be8459ebfb32c645a39f069139ffabcae	f2d7a4bba76c77b4	sliced-sha256-8.v2	nvidia-A-1
268	3a1d4809	5.416767	19.479	6.540	8c90900fef0d8c0b9ddcef00cd6580c0a4523620c6db0656c90d9659fb714424	9e461e1ef85ce7014212e742eda68a07a4bcec122a0ca3b29b371699d2686239	1bf81775fb18bd37	sliced-sha256-8.v2	nvidia-A-1
269	3a1d47e3	5.376941	19.482	6.518	a587c10622bbb03ac9d7b8b7eed9ea97280513c243be91ebbb0508a8070d4ca1	4bb374b887816e6d30575ab36a8b2763176fe02bdadd808166aad18709bf4567	6688aad019a83913	sliced-sha256-8.v2	nvidia-A-1
270	3a1d47bc	5.367586	19.474	6.554	bdd09df3c24fb71d41fde56afcde47d49472e70ac2af740025df2ac0acfd3abe	8f0aa8f8d9bbbbf9fc76aee8301da67947f430beece0cfb47e2ae8f7a459baa8	5299d4b7b93d7a46	sliced-sha256-8.v2	nvidia-A-1
271	3a1d4792	5.385373	19.482	6.506	7fa83a6fd6a60b4c5ae83a1300f5e5a90e68a68a6975f4086f18315a63d04cf0	cd5cf595e7d4f52f056913710adf917527daa92052557c93ae8db16495d66a92	e908d26c6e9da8e1	sliced-sha256-8.v2	nvidia-A-1
272	3a1d4766	5.411182	19.492	6.551	24f55b0fc6b9407f121078dfa64576a69b422465e1d4142414cdf3339791153f	6b0a403b2cc1448070b1dfd4b2853b6f2dae01f07e03f8515a08cb8a11909366	dc64a1803339b19e	sliced-sha256-8.v2	nvidia-A-1
273	3a1d4739	5.388484	19.481	6.538	f3ee1a2889e87439e18a37db44405cb88ebcaf8c2c4e4778430d8f0faa3c41c5	2f0948764b2fa27edd7eaca037ff6c14c6376e40bdd625c24adc50d132a0baf0	d858c8dd1122c78a	sliced-sha256-8.v2	nvidia-A-1
274	3a1d4709	5.374743	19.477	6.639	a5201eb49239a0ae5e166e041752839476f60617bf39b4dd8abc1b4b34ada730	780c9098a4c1bdb919f4d441b320a49772dc74c348cb9b36ed3309e10f319288	60e61aa595dcec60	sliced-sha256-8.v2	nvidia-A-1
275	3a1d46d7	5.339412	19.477	6.521	cbb1ba64e28bd7227614e5681fc70baefd266eee86239f606febf449faf38f3c	00eeb8ad904594e27be19845a61483500cb187da9080aeab056f98df152d03b5	16bb5b84e3d54db5	sliced-sha256-8.v2	nvidia-A-1
276	3a1d46a4	5.371876	19.481	6.418	9e1335d5797c9d6ab578914cc28ac4c510081cf4c00a679cdf72713f1150ed6a	b1b73aca64af1cb17cf69603eeb0e8a5538ecd1cb62b99dd1e3a5912e1987339	80dc66f4609f2356	sliced-sha256-8.v2	nvidia-A-1
277	3a1d466e	5.422847	19.477	6.625	5bfba1d31bf20a56742fc4e9d9d862082c5b7ae05388d8bf1497707a30be5f02	40b19a1c0287cb61b7fefdd805cedda629bc0a63bdecc355969eedc8c75eafb7	5f427fc42ba2fad2	sliced-sha256-8.v2	nvidia-A-1
278	3a1d4636	5.479181	19.477	6.706	461994cc20c19230252b55f458fdb4bfb2713b507a07295f9e71d13fe1d55524	e9ce9fa992ccbd682a146390733cce89540e32a4a21ea3fa9b0a1cc2fb0b0b53	5b6012761371716e	sliced-sha256-8.v2	nvidia-A-1
279	3a1d45fc	5.490876	19.478	6.564	8ca53b8d4cb3efb2055c8783d3fb254d0c2662af2620d816a9d001bbf61e7e5f	dda12e808c21a1527d2cc1586db807dfaee25b13614c2219a114c9b4e1cd5188	bb5eb068adfcc072	sliced-sha256-8.v2	nvidia-A-1
280	3a1d45c0	5.429469	19.483	6.481	225ebfccf918c5796deba2d778abd984217f7e39e4985ee05c62687880a02dbd	b3712cce34d5a25bf1d163224fd68afd5438744d6b3dcc8d3d93c99daf109416	efd731cce2e854b1	sliced-sha256-8.v2	nvidia-A-1
281	3a1d4583	5.381485	19.477	6.516	8248c45c70bb7a0f87a90d165a9c7065bc72380a7e2a06e1c56d1d5277c748e0	3bfdf62f20653d43753b9988beb0cbd3541c5b7139403132082f54621cc7024f	0f6ec652d03a847c	sliced-sha256-8.v2	nvidia-A-1
282	3a1d4543	5.394817	19.481	6.609	3b80978fa8b235068d6c5f49031f88bd2059b4200e538b25e53fb1f015bf6cd6	3fa2f87ef6a6489245eea7bb5b88122789fc43875b368d3e5e6fc91c69300c9f	79a04d45abfa1f48	sliced-sha256-8.v2	nvidia-A-1
283	3a1d4501	5.401189	19.477	6.515	90fdec1ee1dca555f17da8a45d647600f13edf4500f941bcd77f16da7c43364a	943d41ed7c3c1e757a878499024abf0ca4e66b510496048d9b24487696c5b593	b0f5160164ffad29	sliced-sha256-8.v2	nvidia-A-1
284	3a1d44bd	5.408441	19.478	6.501	ca0e12b7b458b47f9f3c630a97ef7f7a90b3c53f8c43d34c2554c00579432ead	9bc40b017f04e58226fb4d70e60f2c68da9b08cf78433d43805fbc74deb90d08	7f4bfbb534beb6d5	sliced-sha256-8.v2	nvidia-A-1
285	3a1d4477	5.382889	19.480	6.411	40d154502d1fc04f227eb23ee501c2a2a1368d5e6b44dfa001bf581a424e7d95	89f2ffe26a32fabc25866f639209a395542a8317fb08e539adb7715f355337ef	4af2fdd24d39e077	sliced-sha256-8.v2	nvidia-A-1
286	3a1d442f	5.332330	19.479	7.013	48a927f1a47f1ab52870244d855cc67554c411a114e863dfe6d9327193b9cde0	c18841e17ff20e95453d092a818972eedd2aac270728e59f6e32dee4a3a66c7c	d17804095de1a644	sliced-sha256-8.v2	nvidia-A-1
287	3a1d43e5	5.315790	19.477	6.531	ce147ebecdf5b4234a0b8519f73434d34543d9e9078bf2592de79c836bbba360	ca1102d3ba5624882e9be9a314821c5e53f400ba510d59bd3302797c34fbde7e	2c58b53ca0aad993	sliced-sha256-8.v2	nvidia-A-1
288	3a1d4399	5.352264	19.478	6.743	5142c1a31bf68483be9d0bcf83a8e56af2a0ebe3cac47389bd064ac69c46ab53	90e19c5299ddeaa01ce6b51799bb8ca2f76a6d5f40c4a72c2112c00999c51677	55361ce68d7550c9	sliced-sha256-8.v2	nvidia-A-1
289	3a1d434a	5.345126	19.492	6.775	ba4e55b76dca6851fb4a211152ab895e9e3f22a50cee5448f6b6e410c21a78e8	01bd42259d635f3b0aa77d07930602e4a9b0e7b29875a68d09e993090b7e8758	d76bc030f8992060	sliced-sha256-8.v2	nvidia-A-1
290	3a1d42fa	5.328476	19.486	7.144	57869910b0875d1a30ebf593f24323cb4bdfd03afb043ca4fb9a98db645d1802	4c85bd24a4b83cb0f2920c2ca1dc0f87ddccdf018c7ea0af9465d1fb8e56ecf8	a27f4a8040bbc5c9	sliced-sha256-8.v2	nvidia-A-1
291	3a1d42a8	5.290683	19.484	6.769	befd1241438e82959427a4dae0f7ddc943c019f3350a23e3b4dfc6e508c77944	5323952c38827713cd1a3b50f3d4663a5e8d67264b0a650ff41e53b188e3e172	967e800e5afafcda	sliced-sha256-8.v2	nvidia-A-1
292	3a1d4254	5.325454	19.485	6.763	99b1d379ea34071fdac6b3d307501de3df09133caffa5c08344d6942e20d41b7	fbe6f8fd6022b3550412005a2706e5151082634cc04a4d5ee3bec664d4217f14	43725746fa18acec	sliced-sha256-8.v2	nvidia-A-1
293	3a1d41fe	5.324410	19.489	6.777	64ef8e73b61e8f481a94a3dfee8cfa60c62cfa325f3fb800495f23292ba06066	c2db0271dcf37ecf432ff465237eac9137a51f7c32f375c855f94449628f7c7c	bedf88eb103eecfc	sliced-sha256-8.v2	nvidia-A-1
294	3a1d41a6	5.322309	19.497	6.791	e7efa65a9476f13b246dae8b2a3fdadd562009ec1db41e5a631131aeaa59eed6	e1e5a8f44a1e886f1b56bde9e773199a8aed8b63f6f8d9bb4347f20af7301f36	2648405927afad4c	sliced-sha256-8.v2	nvidia-A-1
295	3a1d414b	5.296232	19.480	6.667	f952bfe822c05500149392c2b667b91a5c03504fd3cce2c39dd67e82652cd804	758a808379c656792a7dfeb9132aeb2c393aecc6fa68e7dbd33fe4fe97656fa1	e069aedd735b3205	sliced-sha256-8.v2	nvidia-A-1
296	3a1d40ef	5.253573	19.482	6.700	1630f591c38c2843a0854fde90329187343cf357a79679ad713728369b1ecad6	ddf17daaf23e37dc288239c1c23080af1c2e649dbd11437f06a15bfa71184f0c	cca9f3189bb952bd	sliced-sha256-8.v2	nvidia-A-1
297	3a1d4091	5.306714	19.482	6.598	794922e44bebdd22d7ad2740d39f81d3a10e76d5098e5872c6fcb010d9a91a13	2993e10cf5eb9bc52552802c220688975ae6821d8ec8db8da3d6d4b093e43b78	64b9767c3c998f62	sliced-sha256-8.v2	nvidia-A-1
298	3a1d4030	5.378233	19.480	6.708	f48b995126829f305a04f8635d8f1242c933047666bbe14257017f803f92bb1e	688eb3f59091c18d7758d38f37647e99de8eebeac26f5a652847cf9fd0b49ec7	c76f077f5c6f51e3	sliced-sha256-8.v2	nvidia-A-1
299	3a1d3fce	5.392373	19.480	6.877	b69fbfecc3b444654ef1ba55320e390e5675f8f2c71d504d7da7e8f27abbc6d3	7cb8b6cdb37bc82eaba5172896de434f8e78dd2fdc14cec0ced6a5da051cf6c7	f969e43ab414e67e	sliced-sha256-8.v2	nvidia-A-1
300	3a1d3f69	5.258934	19.480	6.614	34715bcd2621ec7d032456ffdf202278f5ff691bb2b024a4919c214645b4c9d6	7dae67c4d00591d0b92c042925d311fdd0775c5c215d25e518b6ef40db20d2b7	cf75097de5431f22	sliced-sha256-8.v2	nvidia-A-1
301	3a1d3f03	5.275024	19.489	6.772	391c083322201403a2bccf6bc5981f9cd08e887fcdea084bc01d56477a2552c7	a4349c6a932c2c52a98950f727c84ff7d6c4fa0c1dfd3a641c7e491957456faa	731c348f54a94d88	sliced-sha256-8.v2	nvidia-A-1
302	3a1d3e9a	5.236869	19.495	6.498	b63937fc8d64d86fcda876075df6332b4a2a4fd6848226a9d9341577e64e3745	f353c13cdc3b3a8589d8c4fe2045b9cb740dcd0c70d5257552d68e8a0ee89d12	7340aebde0e2910e	sliced-sha256-8.v2	nvidia-A-1
303	3a1d3e30	5.256742	19.492	6.558	15d071c5f7e5cefb2db249eee954db325b9fbc6081bae1a6626fae11e13145db	f3329ab4d1b3db0b83772bab6f67d5e42fb0b54b6c71e78f7b05bb1ba0f25764	3e54d50974c920ad	sliced-sha256-8.v2	nvidia-A-1
304	3a1d3dc3	5.255443	19.483	6.528	e5810ad6c0e53538b50919b4eaec7677be753eeb6108f857a0bf75f0d7d950d5	1d848117d6c7ea1dd0fa53c95eee84d55c8c8e9c24ec464b129018256e8c1bea	caa8a8c2b3fc5bbd	sliced-sha256-8.v2	nvidia-A-1
305	3a1d3d55	5.214545	19.481	6.947	996f977108d1e827df4ddabc7491f30d4c2588011ca0a5c69938f3911ea2738d	52900b42ad3d28e9b2b5335eb7d4f07b26fb631a705df890d2ad983007b369ca	3bd4fe012887ca57	sliced-sha256-8.v2	nvidia-A-1
306	3a1d3ce4	5.280420	19.490	6.853	76adf208f16aba48135b71e13a7e51b9fba1be621b98e56965ef6bd37407bd07	8b3c5a97815688c830d1caa2b211295fe79fb923350c7d804f10181c866223fa	dde92367dc5b8b33	sliced-sha256-8.v2	nvidia-A-1
307	3a1d3c72	5.197775	19.491	6.741	939fed84837000a74aa15a58583f898074830c71834df60d705d4d6180370e13	1b270717efc44331df17b334f1890a81fa94760d97a64031f3369f646bd4cfb5	0eacd32adc14079b	sliced-sha256-8.v2	nvidia-A-1
308	3a1d3bfd	5.247135	19.488	6.656	b4f1da499baec3ba0f2df4e77a0e119db3d15bfa442ff4d285686ec708617f3b	d68df233916c8779e1739d574bcff87d4dcdfab305f7dd25945956debc59cd22	d9e7ad51b2c1f4ab	sliced-sha256-8.v2	nvidia-A-1
309	3a1d3b86	5.217048	19.478	6.545	2216f981260d9cf7d45f3ad0a060326202f28871db6a165166a29c44cf970df3	4cb53fd4ace774cfdfb2502315a860f6165692b9c884e27bd40fa07f5d600d6b	6a80c155848998df	sliced-sha256-8.v2	nvidia-A-1
310	3a1d3b0e	5.184684	19.479	6.702	5618d0d4b0bc87c86eb8f6ae3f576638697359ffb4c091d5c58e949777d02859	25682bdae5b2ac49c9e9a37de6eed9eb7c03edabac45c61491e914390063be87	baca963f679fe2e8	sliced-sha256-8.v2	nvidia-A-1
311	3a1d3a93	5.160497	19.481	6.702	38b27eb8a2f74ff3e254012350e27daa0ebcbbf106a0afd0646e11c18a9cdfce	0427ee35b6f103a1ea42acf91c575cdfb57ba325bf85373a43357060f491fcc0	7cc4363cae24a8ef	sliced-sha256-8.v2	nvidia-A-1
312	3a1d3a16	5.055793	19.478	6.922	db511729cca38758fd0a368c7788a95e8c21819173b105d4e82c18fb6b35aa60	92d5335730ba8c99a30fa08d782c9c6fe93b106623e3ca335959b9f8dddf9d8a	2a173eef35147682	sliced-sha256-8.v2	nvidia-A-1
313	3a1d3997	5.150399	19.500	6.630	8f2222ae47f2ed899297ff3aba90124320b857409aef2c1ab1b3d20e421cb296	bc3da01bfe0baa74ef8e8e1ef0fb0493ea9961c085f74ac69054cbb761feba89	554ee1e2b34171cf	sliced-sha256-8.v2	nvidia-A-1
314	3a1d3917	5.075107	19.479	6.618	6cb2f4b985a1e7af10eae908065e0bfcb1c86843562ffe806bc95573724df73f	093f20e9797c2a4647590af3f762856f03866d4be978994fefbe425684241f69	f7b526fc3386da57	sliced-sha256-8.v2	nvidia-A-1
315	3a1d3894	5.085824	19.478	6.620	3d36c504a858bfef1030f08fb13777f873a3fb1a3feb18b16a996167ddde88fa	35d554502e9a8fcd8d66082e2ec2d2023a2b09aa4df4613837d091566749aae6	04b83e82d021624c	sliced-sha256-8.v2	nvidia-A-1
316	3a1d380f	5.112176	19.475	6.574	6dc2bf3787a3d43cb7d85ab00f825840d2d52a395c7da7ae1ab69c962c19d597	5cd8d649a46d553ab46595b88ad00a9344034519085c9cac82d5f620070e187f	dffb940e6d8396f5	sliced-sha256-8.v2	nvidia-A-1
317	3a1d3788	5.075320	19.475	6.534	5f814f786112406c1020f987aa8b6f887c83ff65e098bfccd6b41aa699a282bf	6fa57bc366bfb67580e91796159616773e5eeb1a87fde2eda11f126312807376	a7b48e834f15c739	sliced-sha256-8.v2	nvidia-A-1
318	3a1d36ff	5.115012	19.473	6.588	cc72af00cb84e2986efff2b4b993ace2097a3c62f13fb8ef46849daad99fad8c	72b4fd2fa450b32f21d6f1b451c0660d561e6352c6ae14dfd49038f33bf5715e	56ac4135a4b4783e	sliced-sha256-8.v2	nvidia-A-1
319	3a1d3674	5.063074	19.479	6.866	2c5c47bc8f57713be7391659f589cc63450ecf9688f02f701b83ed3b140bb5b9	707f3350cd3cc20b192798b6cd6b5dc96d6838e7620e590e6c94ab5f1921f04a	ce829f702676c1ae	sliced-sha256-8.v2	nvidia-A-1
320	3a1d35e7	5.088914	19.484	6.481	d9cb1e8a558637cef55b1e63cb5919289bd6c69cae9d8e8311289dc2a9e00a19	fa5d44edaa1eb58653f66c647240487aec87b22f5ef0086b49fecd86ee658a69	4d7e2795f4b0ac03	sliced-sha256-8.v2	nvidia-A-1
321	3a1d3558	5.079071	19.480	6.442	6f0bacb6bb9ca45f4b2e90b51b07d4ef66d2101ddef0acfafda6a5d598332cf5	f576881af25ec34192cb8ad433c38f6895d6ae2df70d0f2d79600997da1af2d2	bed3dde74ba96dfd	sliced-sha256-8.v2	nvidia-A-1
322	3a1d34c7	5.112066	19.482	6.446	ab48012cbc1edefbfe5ef369266fe4b00629f5f0d0a80224d89ffce2fbb7a36c	f6fa87528a25d97f2235c66081fbf7c73397eb2f8bf799cbe4b711f341acafe5	3ab891054bf6746c	sliced-sha256-8.v2	nvidia-A-1
323	3a1d3434	5.294280	19.478	6.463	3bf7dc978085d2c63f676e46a5d0ad171240d57791d7881d9a68761f701e098a	229a2dab4d93306b46585b9f00bc5fbb495ec591558ddafdff929c4f3f91a327	f37376ef43d7b732	sliced-sha256-8.v2	nvidia-A-1
324	3a1d339f	5.220052	19.480	6.515	cdbc53742a2eed9a16da8fb66ecd4f51127025c15fda516de6cb51b3341d30cd	a8ddbf843e54a30aa0fd9d6b4471ebd6b320ad902b3480d3bb6fb88c53cefea1	3a072f5c5f9bc79d	sliced-sha256-8.v2	nvidia-A-1
325	3a1d3308	5.282138	19.477	6.495	b985d9058dacae028775a2496934f507d991d93c0f3d44b93b34c314d6e0b9d0	b5d98f773614e9ef372ee3553da0a10c40c7946796e2a483008d68e098a427ef	ef51e10913f7fdfb	sliced-sha256-8.v2	nvidia-A-1
326	3a1d326f	5.206637	19.478	6.500	a0e2113d5725f023c95ba27dff840e6f69289151c4c6081a99849d2eded28d40	76b4b45be156c3184687973387a1c304267605e0eae8ef545991bd491c21219e	03ec17c4d408ea09	sliced-sha256-8.v2	nvidia-A-1
327	3a1d31d4	5.177948	19.480	6.441	5cf86e011fe4b478c5e5eb6853d5aeab570bc313635fe7c66dcd93f7d466dd6f	d866550c392e5956e08833efd4ddc5522181973be1e87dc71b16dd5e5988c34b	d44024bf8a62b787	sliced-sha256-8.v2	nvidia-A-1
328	3a1d3136	5.137159	19.481	6.413	da62925f7c2b997f8f77dbe5afc49d07beaec698ff1d6fdfc321ed281c5cbb40	55dab98709fdfcd8672d9399c4b9bb629367bb4c77dda131d859d0e4758db4f2	c55a8a854fb75b3c	sliced-sha256-8.v2	nvidia-A-1
329	3a1d3097	5.152926	19.477	6.385	cf00bbc0d75fc38dda6a6ca7e0f0a7f70ea3393a59c7484591158579861ef76a	676c61b05e2e4a3f16f085596900c2e727e26249549285bc37df013e7a0da890	c3c7d107b8a5464c	sliced-sha256-8.v2	nvidia-A-1
330	3a1d2ff6	5.181880	19.484	6.415	c0ee174f15c48e79702ac03ebfbe1414d16ad31cd31550ea9c32a634815a475c	15d7ba642dba89b6e8266dbaa0ab143844cfd2ce93a54b0c578e7d7d3a1d8872	eacb892bbf6d227f	sliced-sha256-8.v2	nvidia-A-1
331	3a1d2f53	5.189000	19.482	6.422	edb7d921bbeab19e8bd6a3c615cff2f0cd3749daf3f38d60c9935b9c67f2c6ae	a496a916ab344b76213e011dd11f594296cca8a9a69378727eec1647779c0f66	0a8a7c1bd83a9fd3	sliced-sha256-8.v2	nvidia-A-1
332	3a1d2ead	5.167077	19.485	6.454	9a1a4e561ec6be160490fbb946fd5f679ba281f43b7eef8ced5a82b851b56200	4f355548395f3435599da5720da5a073826be809271eb4c79fa3ad346e38a9f4	cf3ae102400c4c5d	sliced-sha256-8.v2	nvidia-A-1
333	3a1d2e06	5.130929	19.483	6.687	5bee138a7b5e4d1258fefb2884810b065abca2c352d1425be653d6f9172d44f4	7b379bdbb67cb51cfbd0e7573731dc4b32e02739485b0490277e0dba97788a8a	facc2f369892f996	sliced-sha256-8.v2	nvidia-A-1
334	3a1d2d5d	5.086462	19.482	6.596	fd377d74bf6c3d63f4ab33c45c450e62568e1230db367c7b9930a1c479129f2e	16a53af283661e31243cf41687e3345c5d09c0b3dd1babcca2532eddcf4b5a4f	b948cc41928f9336	sliced-sha256-8.v2	nvidia-A-1
335	3a1d2cb1	5.121701	19.478	6.672	13793a69c4561edbd4b4d0e9b81710829bfbdba785b296ca8c504e3f29156b84	f67b71a071f8c1a0a7918d5aa163c54202ccc431af5a34e391271468c4556dee	15a0988b0d1abedf	sliced-sha256-8.v2	nvidia-A-1
336	3a1d2c04	5.155618	19.480	7.423	d4e77b44b76f5d6c6fe8cb86a6f2ab4ba363c32a872351cf029e3aa76e3fb1dc	0111d6feaecd2badc7d88120ef94779fe45cfc68a93464031f034c5e71fc5bc5	ab985cadcc0b554d	sliced-sha256-8.v2	nvidia-A-1
337	3a1d2b55	5.057123	19.482	7.487	13d49744c56a0d9f60ef901340b4b1acf7263d61342736ed2fd18a95ad6331e2	42d521664a9679e0e6e04989771982a6cdbde945a1d096093b6a03b805e8c75b	65ac87e9026e5d40	sliced-sha256-8.v2	nvidia-A-1
338	3a1d2aa3	5.071029	19.487	7.929	8fd3848e7cc80b35acd80744daf0e67ba6f0eab53b3fc67b6f8060e698d40df9	de47dd9d161a50d868ad6cd585e032cdab438141d8fa23d7acff0b7551ce1d72	b92f34813afa6d95	sliced-sha256-8.v2	nvidia-A-1
339	3a1d29f0	5.089623	19.486	8.223	af3e70031856b5bbb7fd4aaf414f86d85f215a52fbab05c35337cc0814045b5b	689c20df0d033a3e258ed116e372edec64ec7e116dae75ab2f3e8cb89209c076	1a4415fb21c2117d	sliced-sha256-8.v2	nvidia-A-1
340	3a1d293a	5.197933	19.480	8.208	f695d4452a192491ffb4833e24c4d7c662f67298a916d4df849f7c9879b10a19	36f138e7e75645866bee756d0ae5d9917d0061a630f848341d8c1837c0d9c229	c4b3b3b4efd53159	sliced-sha256-8.v2	nvidia-A-1
341	3a1d2883	5.112995	19.481	8.157	bea8632411bcbb7531d0d1cafc5fe5c9853ffdacdea4d0333a57047ebedeecea	239ab21da26fac73bc5ca8a4de0bbc53f8393c900031d1f7dbb8377119cdc09d	cd534ea1d9493611	sliced-sha256-8.v2	nvidia-A-1
342	3a1d27c9	5.042905	19.477	8.167	16af99e0b0b2f0e2d4edb7ea3ab25d4cadb9098696c9e2764d5613445157bcb0	185da2b7715ea02a76f5dacb42a2d011bee2f8cdd86f5e61bf4ba2f67b3e195d	72d8f60ef8be6722	sliced-sha256-8.v2	nvidia-A-1
343	3a1d270e	5.094166	19.481	8.270	44fad669fcefc163f2b86923ca12101521486891f04154b5a16be7617439bf3f	aa7e756f99ad5959b93ce071dcb4919ac1c9ec4d66fae9b01f67faed2285c235	084db1c52e344bab	sliced-sha256-8.v2	nvidia-A-1
344	3a1d2650	5.116528	19.481	8.480	3e8f2affb5e183943454a38c065504c68b9617d5e8880025f24b5b8920bb483a	dae02a297a5119c0ce93ab8cf91a48d31162726e7953e6047395fe52c6a280e8	17eab36a022078b3	sliced-sha256-8.v2	nvidia-A-1
345	3a1d2590	5.046889	19.481	8.413	1f7eeb4fb601574efc4577a791508785b53e66b240822593a414039b76c0fb23	e787c2bc0141c73882d8588c75facaad2f7749abc4dd4dcfac5875895771b019	9b3fe91d59c1a441	sliced-sha256-8.v2	nvidia-A-1
346	3a1d24cf	5.016563	19.480	8.257	14631ca26b4d46e287558f79ee4290704ca7c80bc9ccd3734d21218532a72097	6cf10bbb972aa03603df71634bcea99909c03bfd995b5ef1ec345b589e32ec7f	08fc780becac291c	sliced-sha256-8.v2	nvidia-A-1
347	3a1d240b	5.072867	19.477	8.518	3b030b1a8bdf9f74c5c29d0e3fae38b6d3f496b1b10bb27c3c6c70ca40425dbe	a63ebe7c8d3b54781b3076da23dd58478e4c637a9eb81a9fa4a0eecd0cf58e68	f6fdce6ca2db6e02	sliced-sha256-8.v2	nvidia-A-1
348	3a1d2345	5.056276	19.479	8.358	90e7b08495ce7cb74a66115b675bb4a642413b2cf27a764140e35f8dab7d90b5	27b94ece6e602296eff5f7217c736b3b733c6883bdc01d9b340d888f73d7f537	68befd74cae42fd7	sliced-sha256-8.v2	nvidia-A-1
349	3a1d227e	5.050293	19.478	8.446	34ca8609482298d4c639864a03d62530ae32d903d059343d1b8103067a3f5ae7	3f5c169ae75bf9e9357bcf012712ad2832a48b92171ec19ed142a22e6eb610cd	86ca50b34774d7c5	sliced-sha256-8.v2	nvidia-A-1
350	3a1d21b4	5.071594	19.476	8.160	dc8c66240687f884bb3154093d27ad972824f5f451fd39b3c2517150ac712640	c5582febd62a63875e2803673f9eb6f4358237d4cb8a3e287157380e7e965dfb	934f68df9d57a49f	sliced-sha256-8.v2	nvidia-A-1
351	3a1d20e8	5.035001	19.477	8.228	41be89954a5a254cb8c108d5c66b6c0bb650bd3074240d517d9e1f5dbe36cd76	c484bc047e4c57535f8ce182745940cc3454512bc615c32ff8c354ead4a209d6	31b3b199f0afce0b	sliced-sha256-8.v2	nvidia-A-1
352	3a1d201a	5.023024	19.486	8.569	08e11a32250893a6dfbcef2b0203f77d489150d3fd5b59021e0fb718545022b8	a9c3b569a0f3d58adc4922f86f887dc9380d845886b23da4dc02f2b2fae3b04a	d6c6b323f0e3be01	sliced-sha256-8.v2	nvidia-A-1
353	3a1d1f4a	5.013312	19.481	8.409	dceae5a5d86a354236318848b27fda6d67a8d30b510f4fa01dc6f8beb7b3daf0	681cca5f661c3dfa0ecead73e10ea4c80ccd57554ebaf09069500b15986384ef	ad4dd234b0cb0d2f	sliced-sha256-8.v2	nvidia-A-1
354	3a1d1e79	5.020613	19.483	8.172	bce11710a6597b64560f51eceb6f64bacc9c9c0d98d841c378993f26dbad15c6	cf3608bb6702bbee96d2674f322a0b09a23a37848e65ccd7550e9b947bd6956b	df34d81fb8a70d4d	sliced-sha256-8.v2	nvidia-A-1
355	3a1d1da5	4.996530	19.480	8.454	64760fae93e635922d955a5ced2cb1cec222c0fcf5c2f2a1368f6c3dad84c36c	37dcbea215d0bdf97dae6a47d27d9983e6ad7237c8014dcb099adb959e010299	909826f2e68d8d0c	sliced-sha256-8.v2	nvidia-A-1
356	3a1d1ccf	4.923337	19.485	7.088	ee984bebab84aefc7e0878f942fb66c7773136610af699b9ab12dca8858372de	3ada021d9a5e05ec1baa5a8197d50e8cdef8172ecc29b11bf407df59b0890db3	53ed091fe9371574	sliced-sha256-8.v2	nvidia-A-1
357	3a1d1bf7	4.956188	19.499	6.668	4c863f92e72ea6642ad21ce209c2fbb5045c572c5da3dd591a8b437ce0eb2ddf	dd1697e0c3f5d5462fa7215edabf90f5ce56bea6c0f96cfab95c001af6c49195	c003554c66bffd07	sliced-sha256-8.v2	nvidia-A-1
358	3a1d1b1d	4.930506	19.489	6.310	a11178053be8a53a37d352789909732c35704ebd5a1d70e82442c79966d24470	20aca10854433b617118be6d2de44080183d066b095b101712f552eae24ed55f	6102321f192babd3	sliced-sha256-8.v2	nvidia-A-1
359	3a1d1a41	4.963925	19.485	6.467	d8e2cc11dc7369f52c4bfe0c32416c57c4f3927fb287a51d341ad9cae97681e1	5dfc68f9e7a916e309d7429d258a279af7c0dfedce50a039fe2cef31a6af9b33	8fbd1e6d97b0bd7b	sliced-sha256-8.v2	nvidia-A-1
360	3a1d1963	4.909504	19.497	6.850	5ffabf4a8994e2a4c1015eb6ac523c6937535d97a577cf9eaee82cf655eac2b7	5439182e70794c25183140bd1a9a073e4867fbcf09e4ada1d2bb2e0a0a03baf1	ed0a2e7badf65651	sliced-sha256-8.v2	nvidia-A-1
361	3a1d1883	4.869499	19.490	6.457	cf954079a4e280f395fcf4ffe7a34071a2819ec0f92f1a8e10dabfb7996fb3f5	a494329f8b83ca3d412da65a8834d6bba26708c76079b4ccf8f6a159ab0a3501	079bfe720c3cf14c	sliced-sha256-8.v2	nvidia-A-1
362	3a1d17a1	4.808929	19.497	6.867	07a3a79dfd8d0b4263051414cbdd2559435277b8cae6aacbfc0d6f77322c047b	998bd992793206f5ade0df81487e4ec384472f5002846565985115b3562ffdd7	0cb86bfd6cc1e86e	sliced-sha256-8.v2	nvidia-A-1
363	3a1d16bd	4.884689	19.491	6.877	02ab43cd7911361acb07f5db6ea6aed2325a5bfd3038713bc621c82db6f235d0	55e5b9c21ea156ddeed7cd631694f36d348b30c30df540c5a41c71cd3acf7089	d9417ebdfea3faac	sliced-sha256-8.v2	nvidia-A-1
364	3a1d15d7	4.873357	19.488	6.855	4c9699f0c790b19bec654bee5c093451619c09fb194db0c7662ca8f9b8e5ead2	dcf1faa86a06c657a1e8656117702c9402cfa93c2330d3fcb5b22a3274ff3ffa	1cd23d1ae718674e	sliced-sha256-8.v2	nvidia-A-1
365	3a1d14ef	4.879018	19.487	7.126	840f74d7d94208d2a2d2681da924d3ebe70614a811d950fec32fefab2e9ef098	2a1b35e0ce22afc551d2cbf3fd738f9c9a2255ac77c0502ec8d592352be29254	9030b39ea8e6b5cb	sliced-sha256-8.v2	nvidia-A-1
366	3a1d1405	4.891983	19.501	6.680	584f339a87e161f104fefdd328d71c509973767f6d9f4e7e13409508fc1bb307	5feed9c5237557dc74991fe52a02a011a60b8caa09cedfbf3a7a7d7927768d3f	a12fbfe97d779aed	sliced-sha256-8.v2	nvidia-A-1
367	3a1d1318	4.952750	19.492	6.806	a4179b3ff83e54a09ee80d8f93b4358613cb9e7b3db2c514bf387fc342569ee5	3720e3359f9b76c95a387c0ea9bc2463d2a88b4e18c66cf08338e63ed99b228f	50f4c824d0d8941e	sliced-sha256-8.v2	nvidia-A-1
368	3a1d122a	4.983426	19.488	6.492	8ae081bbad8d174550a125f2143b584b2712964a8aa917a60d83612c2315d192	942653fe386cde6e08f69d82ac242e002e6cd35a989fec9bd1fae5a776499594	e27b6771136ca04b	sliced-sha256-8.v2	nvidia-A-1
369	3a1d113a	5.031762	19.484	6.918	463df2f1f2ca93d25fa483c35b6a9af4b80f51bd36fb2c1c744cb35856b1f107	40e05e485a5a1347ee0d24c313a20e7c3fad21706d2c936db95c8d60e79dc26b	336003a1b0ce0a26	sliced-sha256-8.v2	nvidia-A-1
370	3a1d1048	5.006004	19.485	6.941	d6746c7aa968a66c83045cdc79309bde47e0aa83c58636e361ed15d46e0d3874	825259a78ebf1c7eff2dd10446b3fd32eb0b1b3f7d8c68399db0b67764631835	05c58497cd9a85e8	sliced-sha256-8.v2	nvidia-A-1
371	3a1d0f54	5.000862	19.491	7.002	1ce9459a4c626bda28f4f6b0c9ecbe5435ba52038a8a3d4ee71861bdbedba391	d37a02de4f0f4772c8e4f8ee418523b103cea7d7812dc7432d47f3405122185f	e7c1a383c99321dd	sliced-sha256-8.v2	nvidia-A-1
372	3a1d0e5d	5.037659	19.506	7.152	3db7c3926fab98d97340ada9eb31acaa1ade0cf59e8df18ed437e641b1e93abb	18e5194a6586b5d788e14219be739daf7d9bddad7ba279999ad6000e9a24ca28	4e25a10b2b96f706	sliced-sha256-8.v2	nvidia-A-1
373	3a1d0d65	4.991189	19.492	7.040	0503a1541f3849754cab78809b6ced84ea0c7f067ff5a1d47d3ebb6e2de272d8	c1bc17914f6dcfe8a6c86ba9a5968936e148429a94f773cc74066da84001a9df	10b21fce57fd1c28	sliced-sha256-8.v2	nvidia-A-1
374	3a1d0c6b	4.991782	19.486	7.220	a8dc909d68c76d8c55d2080c5fbe725c2aea9484b2e3b60dd7d765ff35afc9f3	1ec7b39016d7710fb844be73f4e32e11307c512da09d95989e6cf71177ed32b5	734a314caac2e425	sliced-sha256-8.v2	nvidia-A-1
375	3a1d0b6e	4.946447	19.486	7.258	db2292c2346ac64c94c24efadb8c32a9df4c7cf96884089261063e6195fa3f88	94f03457d62ed0ece7ef3bc064cf68b04e493ee00b343b83eaf53243ce647313	d7c18534103eeccc	sliced-sha256-8.v2	nvidia-A-1
376	3a1d0a70	4.954594	19.488	6.979	ce871e5d190ead319d0388fbe2a78d2edcfd2c604fe0e592b0cdc435416b88cd	e8d094812b267a2ee4f4d305649d265ab3e4465c28849e74230e3032ba61c662	b9274c4a1551ad15	sliced-sha256-8.v2	nvidia-A-1
377	3a1d0970	4.964769	19.491	6.850	28f3fe36ba2a43dffa0f6797376829884371cc11c487d191c424e5f1721b9042	aacd7fdc027f065acca9324da177159e2bb5956fab2be19bd477a2b9dbe95219	b943b561c050cd22	sliced-sha256-8.v2	nvidia-A-1
378	3a1d086d	4.944414	19.505	7.018	f077cdc6c450123b6ff57a6198758bf40f52b36046ffa0b87d09c4734bf6609b	04503baa528e6197ebb153d6c5789077d8d79c1015625a0aba92c0fcca879ac5	20d12fb6e374a7e2	sliced-sha256-8.v2	nvidia-A-1
379	3a1d0769	4.951948	19.482	6.965	cd8650d9f63c2ae386bb5ee0391d18335176c83e54aeffb849c26e85bad53d3b	f186adc07b811f1e08d20d6e6ee7a7c6911de76511996dd9a20fc3b887432c43	f39bcc8caf1b966e	sliced-sha256-8.v2	nvidia-A-1
380	3a1d0662	4.899361	19.516	6.864	ef229975d381c8b057f7a596a27becfbcbbee9ea1696be517a98890af68c5fe5	5ad32c6cfd59bb9a400f715f8eec15f66c38c161fde73335403c375ef70b2e7b	b9735bb07cab9895	sliced-sha256-8.v2	nvidia-A-1
381	3a1d055a	4.939463	19.485	6.942	b06f9bd7d1a6132583ed4b2b892d91d4ca10d5bc92904e27c693bff78a44b76d	2f004f398044540605e5bc21011be2d9b0f40a030ef79cbb5b5d14fed6378038	b9ed025d10a0c00f	sliced-sha256-8.v2	nvidia-A-1
382	3a1d0450	4.948833	19.483	6.981	10a2b14808705d87e3deaf01313e7dd37a1c820236c9b4b8c7971734c115d0c6	eb31390f64997164a26ffa412c9a6c4208121471db80268a4f722a4a531f2bbe	bd16af26929729af	sliced-sha256-8.v2	nvidia-A-1
383	3a1d0343	4.947034	19.484	6.685	1b4c65d6bb18ed31664dce44b17675c8398aa1c826efac7c255e541244ddc0be	b0e14e83a213f7d747def2fb79418cd21fb373d10b26326bd79679144ec8bd23	57782418a2f336b2	sliced-sha256-8.v2	nvidia-A-1
384	3a1d0234	4.918717	19.496	6.597	f41c6d3513ee6393fd96e90473080a8b08e7ae56d69829dd5259257718a053b2	a010b840c2955581ff450ad4902156cecf00558a9b4d7e2e2e92d228d9346676	0f7869003edbf853	sliced-sha256-8.v2	nvidia-A-1
385	3a1d0124	4.931829	19.496	6.839	54cae1e3ff1dbc57305cb0e64c3c5b3e36d8c4a5bdfb8c8b1e29a9b3edf095a5	57f9d60c8408a58621b628de44491d0d7d84c73038229bcc69b3609c7cf40dd0	562dd9a539c44294	sliced-sha256-8.v2	nvidia-A-1
386	3a1d0011	4.997921	19.497	6.814	7dda8366bc67bd467ec1549d8ec17012afa959d46d8d52e57a4129385381d9ae	c897718eb2730edfe4c358e2fd43d4bb78171deef9894b281a69b5efac5ee9ce	01c1f1aa7780bbfa	sliced-sha256-8.v2	nvidia-A-1
387	3a1cfefd	4.918343	19.487	6.589	ee352c9b6877ad7e5fb77b529f41c624780e3f66e341d1d225cc53ecc32474ab	17ee952b00aad74a50f1fbe34e582c44f44dcd06635058724c7ded3a1116286b	f51dad13d7155e05	sliced-sha256-8.v2	nvidia-A-1
388	3a1cfde6	4.942149	19.486	6.469	132d623800498fabc18a49f036c42aa425f06be5a142307d07b7319b66414023	541a1d4f7c2c808575af803e03ae513777c0ab806df9462ebc731738560ecd0a	cd2a01a43b06d7b1	sliced-sha256-8.v2	nvidia-A-1
389	3a1cfcce	4.911335	19.484	6.770	a0a88220e30cfca4a8c1472ee4749530e1b6ae179ead61736380ecb199058de9	9f5456607d7ef82fd15c711cf4422bb9eb65e2a4f216a4a68e705db63427b9ce	53818a5885f3495a	sliced-sha256-8.v2	nvidia-A-1
390	3a1cfbb3	4.808584	19.486	6.762	dc79e9e6a618c7382ec89e1d04561f5173dfb3c3b56b6ba4044bb0b83d1bc91d	657f82a337445ebb608e087436d0586fe0042d157fb697ad57b1b7c96e99cbcc	84a80db23eed6f0e	sliced-sha256-8.v2	nvidia-A-1
391	3a1cfa96	4.850113	19.494	6.922	e803315b1bbf255392721e06a27b491cfa52dbc05a05c438bf9743d2ba33b48f	48a0c503d3c8d9b06f6969a820268e16a1977542501eb0ce8c0bfaaadaae7f2c	0c4b13d512f715fa	sliced-sha256-8.v2	nvidia-A-1
392	3a1cf978	4.916483	19.496	6.947	a7008f34260852d12a9956d98d31fca6113c3b9b9799f092a388b6a5363b840c	d76c8bef119d1691701cc1cbdd489b643e5ce551e84a8084a00b4e979ba124de	1da8e76879d2481e	sliced-sha256-8.v2	nvidia-A-1
393	3a1cf857	4.827447	19.494	7.078	f5c8c62869725884e52b20cd7ea2d16c85105ce24e91cab4702eb32bbc717a8b	6f39d75e339b28fa2d32c1e58572cc898362263d8c6b6bec3cd02f2baf11c84c	a53579b7b7b11270	sliced-sha256-8.v2	nvidia-A-1
394	3a1cf734	4.929862	19.508	6.785	07c30bc7cfd0606c12c39ea2d07b3f8ec77dda42548c29215b5ce2ac481e9e7d	fca5310ae08f44daf1b6c0a0b1b61938fd057b8e1f7debd99498283282c7ac13	160130d7d2d6988d	sliced-sha256-8.v2	nvidia-A-1
395	3a1cf60f	4.860758	19.490	6.798	49ebbebfb15c5ff929792ee7874cac84f66f48de063491e72909bfd68b227e76	bbf2da7aaa5982dc168bd7b53f8d9b8f91eedb5735efc8b22a2f38f1d6b46a8e	5c5d4d0e2f5bdfbd	sliced-sha256-8.v2	nvidia-A-1
396	3a1cf4e9	4.907562	19.489	6.627	0393ab800e385bcb9672a6cc001bfc2542a1b864938dc88a756942512a0c3ca2	51b9f6c21a4bc98d574959ef6c0e1d848e21ec001a527876a79da60e83974a2b	878327a5a834f133	sliced-sha256-8.v2	nvidia-A-1
397	3a1cf3c0	4.793349	19.488	6.808	8793cf5e51901098fb1559a69bfd399d4fd31c64783131c6354be67d29ab6b16	b69ae433b665e22c0bc937a5c692095648723a0c42ee226723bb6e087e96eb5c	18554b277fe29faa	sliced-sha256-8.v2	nvidia-A-1
398	3a1cf295	4.875419	19.488	6.661	600c7e67b1e8ce3f74b7cebb2c702b2156bcdf653065363e056e0ebe39af352c	ab84583eec76fd3090ee58f7af9607dabbc7b6776280da8cf95447afb6583cde	c428f9d07db53b1c	sliced-sha256-8.v2	nvidia-A-1
399	3a1cf168	4.850924	19.499	6.974	acffb50c15e1ed9d5ceb5aef2bec1eda571d0a56ed1eb6252c2b59e6f6749cdc	000438e143dd2ca2c0c6dad90eb730cc573718d32acde59e120ed97b3ad67caa	14afecf16a47c667	sliced-sha256-8.v2	nvidia-A-1
400	3a1cf039	4.850037	19.499	6.683	43fda3bf05a696325524eabeedc27cc6ec7c7e278cd7dfd8564be25d709e7fc5	42c8eb64c996a5b961ba8a34fb4d40a4156d7f534e97bb002ff0790d61e15182	471644683642e187	sliced-sha256-8.v2	nvidia-A-1
401	3a1cef08	4.792749	19.505	7.308	ca9c7964404756c0345cf16875c1037c6df49e189bba9eba9f6b5f9f76c2e188	3c29bd49b01edfd7cf044c0a10725804b87475da6b8b422811fb0b2c6e01f6e0	96f531d04621c690	sliced-sha256-8.v2	nvidia-A-1
402	3a1cedd5	4.777144	19.517	7.175	78091cf0c741a2c76b0e04beb03346576bf4cfbcfa1d0bb41bfebb28e8c2e96d	1352e9968c15a715c2faf55a33cac42b77e8c29e384e32cdb75e0eb67ce321ae	1ee5d92c013f207d	sliced-sha256-8.v2	nvidia-A-1
403	3a1ceca1	4.798771	19.519	6.818	442097230b13d1b2b3b5fddc6a20e28908ebabf385cfe8aa2b45ec026b142dc1	2fb15ef99eb1eed0a63b389179296b06572ece5133c6ea965e2dd9647d9f7860	f7f19a54e7aa8d95	sliced-sha256-8.v2	nvidia-A-1
404	3a1ceb6a	4.768222	19.517	6.886	1a03ac56fef52e28c061fc8987009665380b2d93ed4d3189374f6c82a8adb807	d27f6c26efe5bdd40091844a23d5da81966c486cc9511200f4d9f4faab5e3e3f	016df6628f94c906	sliced-sha256-8.v2	nvidia-A-1
405	3a1cea31	4.771322	19.498	6.513	5d65962a0a8b672b20099d0b81676489a7998f5927f0ef47d82c298afea14d6c	9142f418e845140fd120294402c9c1e34a19467836f5502061bada2f046610d9	fd68c8f6fdc34c8b	sliced-sha256-8.v2	nvidia-A-1
406	3a1ce8f6	4.765468	19.502	6.805	7170059cdd4d37d97a0c4749537ab496f519005c68e42e006b14f6e42ef03910	adeacd963274df42d60f3b0dbb537a44652ac73f169b08b06dda6c0c0e42efcd	73645fc30e92925e	sliced-sha256-8.v2	nvidia-A-1
407	3a1ce7b9	4.695876	19.503	6.873	3b31f3bac011ed0c2057eb228d50face745ef041fc92f54752287772a2ce07f1	ad379ee10801760f90c2e79973605bb373a5d426d50ad77d07dd8a800e7950a2	53d91a80da12f692	sliced-sha256-8.v2	nvidia-A-1
408	3a1ce67a	4.826239	19.506	6.972	754dc88b70fd5bfdf1a027af95c76b95d6320815902c7acd199416578ed923c1	9d4c75b9e2d09989f518100901bbb464254acaf85ec359561820308f9fd537af	af7abfb4c1f573cb	sliced-sha256-8.v2	nvidia-A-1
409	3a1ce539	4.721889	19.511	6.941	dddacc32f5ca08ea2458bd8432dfac06b78fc64b3249ccf0b7507cfeb75f8c22	f7ee47dfa10d503ebe7e7b2246d9dd500f9a0eda9bfbf692639d1e5f043457f8	8eb128267e3123ff	sliced-sha256-8.v2	nvidia-A-1
410	3a1ce3f6	4.708853	19.528	6.528	eee6b336ea626ab1085ff620f43fb1ab0ba84ca04e55397b88ce08b27384d665	041951c3a49d2cd17167b05f76969ea680893243577534803b5926df467c7ba7	40e0ae44cdcaab3e	sliced-sha256-8.v2	nvidia-A-1
411	3a1ce2b1	4.699090	19.499	6.800	2c6bd4caf4eea636032302301415353f263c2a102d2f3c52ed6d6c9bc463b3b1	d5121afeb8feebd8c50cbd637a7c6edc4001a70e84d36b1e7659e558af28d563	ee82ea4735b03261	sliced-sha256-8.v2	nvidia-A-1
412	3a1ce16a	4.729802	19.517	6.886	098e7a2c3350b143babb24b69d42097d22b3ded9ca31f0802c112e978f0bd946	58fccd888c627726f5739ae045abb11ab25ec618172998bd9be690bc7526fe0c	1c05e7ec575e64e0	sliced-sha256-8.v2	nvidia-A-1
413	3a1ce020	4.886273	19.502	6.674	2ac4fa88aa9bb6f9fcc839c12be6df4ea508e1f608e752c08b6b4ab70d254ea9	8e5feb66c5cab03163bc35da387accaaa52a266cf5a7fff25eb73e724e3a9ccc	cf13582ae75538f0	sliced-sha256-8.v2	nvidia-A-1
414	3a1cded5	4.853441	19.523	6.850	1a5363961410ec17ebe7bb688e6818d28b45fcb2ae1134660eab544d9e81c435	1ad4f4652db1817fb7b1be1411a22811c0516194c15074be375930711ad172f3	75b647a8b490838e	sliced-sha256-8.v2	nvidia-A-1
415	3a1cdd88	4.864931	19.502	6.910	801ea9ce9266f23451402a580adad02415bd7ef46d83305c6ce6a20421f8a851	4fe24fa396cf70e1b06d5aef0c4a00973c2ebe78a5cb14a4c1866935c227cdeb	70fe89e22787fb39	sliced-sha256-8.v2	nvidia-A-1
416	3a1cdc39	4.902790	19.500	6.514	972a9761d5ca4adee74f921767487144cc1d8190936c57a2ecc87f5d241369f5	ec54233707e1377ef3be1073cbe7ba47a0bbfe80df714ef65d3881fc936a4196	5d2bde0c057583b5	sliced-sha256-8.v2	nvidia-A-1
417	3a1cdae8	4.888162	19.502	6.764	d5956513b5b76f1ad1e0e652d79eef49e5617184f367c90c8c78a35a4663ed54	5632b7e52b7401da324d8769a3963bbe08048e5f94a3952e4a6b1218682f2a9a	4d33c07c4a2bfdae	sliced-sha256-8.v2	nvidia-A-1
418	3a1cd995	4.859813	19.503	6.836	ca2572a2aa422a0658952ecdf89f211a6801b4fbdf26ff42a80d43afc16d54f8	1e8628c0080c9afa521cb07878bbcec4a1cd82dd35a32b6c3e4c8f1da8c4bdc1	9a4eafb03115d6c9	sliced-sha256-8.v2	nvidia-A-1
419	3a1cd840	4.822253	19.502	6.629	0211950107367a2480d453658b850a217cc3e6dbbcc6b2f321da7c51155df7ce	1c6bccb79d8733e349cdbfb30281947773e6c81b7c64d7608e6dc1a5dfb40e8e	f5bc58dbd7ae6337	sliced-sha256-8.v2	nvidia-A-1
420	3a1cd6e8	4.806721	19.517	6.765	b81933d342420f20047c2178dc35c394b617d3e4fe753961791331f9141f6961	019a6cecfcb99ae39fbda937ec4847fb5f6e0b3952137665cdb054009e0f8db6	88cc467f1ea6a7aa	sliced-sha256-8.v2	nvidia-A-1
421	3a1cd58f	4.867267	19.520	6.616	6ae03ea26ad2e731f571589f1e6baaa23cdcb5a30ae3c67c739770fb4b8c9256	eaaf2c9a3847f713d16fe1d8ef211fedac9c59f57907b6b888a53628f10d1ec3	8fe2fe45d0437b7c	sliced-sha256-8.v2	nvidia-A-1
422	3a1cd434	4.829357	19.512	6.839	b64eba9cc03304c89e223ff6882d262c11e268a1cd8ac62897e76773c19996da	f275fdd82ac644db60c606330fa1a4bbc8b7f4057583ee350bc950f199264277	9eb2882fbcd7a9a1	sliced-sha256-8.v2	nvidia-A-1
423	3a1cd2d7	4.855898	19.505	6.580	ae55ce5de81c83df2750d1f5077b281c1ea2fcbb95432e5f3cd91f62c33528a8	93de5b95672ddd8f0b84d78601e1b2638597235a65cf827258432c4a12cc3aed	e5643367ef41cba2	sliced-sha256-8.v2	nvidia-A-1
424	3a1cd177	4.835471	19.500	6.789	8598bdaadd1cf4ae24c182b6a8c15c10298fc0054f28ff780f58b520d3cbf7fd	48cc5b98dac32d23011e92152295992464abacb7cfe716d1b38deba21be9d98d	46975351cf1940d4	sliced-sha256-8.v2	nvidia-A-1
425	3a1cd016	4.764900	19.505	6.877	f4b8745b888448c646b9327d524efed5e709f267472f8e18712ab1eac490d889	6ec70eef9f0df01f14e884afc6d941efe2f9ca9d910a10f6abd675b7a12c3e3b	4a3eef9b288a9aef	sliced-sha256-8.v2	nvidia-A-1
426	3a1cceb3	4.778386	19.488	7.001	157353649dfb750153b9c2b424946afc255251290047141e732034640d094cb4	ba8c2c5351b5b729df4d727492afc44455143e9f90d76e79495189ea3b25384d	19e4a4e472f229d2	sliced-sha256-8.v2	nvidia-A-1
427	3a1ccd4d	4.818304	19.485	7.217	e5fd1d276d7679ed577ec76bc6326ac5e26cc2eee19b5f13f3e2f155f1a775f6	760e0801c8630f22dd9a495c3532a6c8e02351ba4bd04811fb9ec14014b61dc7	637b20a4fad2ee05	sliced-sha256-8.v2	nvidia-A-1
428	3a1ccbe6	4.789914	19.484	7.327	4a02281b928dc13c7bddbb088f592025eb7af06981b59a73f7f25b3d0d878f16	aab963a7ca96bc38423e8496db543c1f1644aaef2968a5c37e4aa1c8559a74b1	c53162bb39debdf5	sliced-sha256-8.v2	nvidia-A-1
429	3a1cca7d	4.777376	19.486	7.127	04a846bfd798e586c374e6700a83a9b97f82cd0a9bc41460e3d4217202f91bb8	8e65160c55f569056b129675773de182e5fc20d3c00df4b0af4eb858db4d90a6	ac6bdc23ef64a301	sliced-sha256-8.v2	nvidia-A-1
430	3a1cc911	4.797324	19.483	6.878	f7bbcdb274af97656811efd1bfcf6ce73bb9d298c82a02004515e28e5a1521fb	d80da54e5a0db5565811b84e2cc01dc67983a0a776e47c5105326dae6f8016d4	8664bd85afe9d377	sliced-sha256-8.v2	nvidia-A-1
431	3a1cc7a4	4.822420	19.493	6.817	552eb093dc284bb5a3cea325481a10ec547b5d465c308f7f94e23e2c1b7a0ec8	9b7887813c92d4d2df47c818dec5879014a1dfb2f2582e68f3174de2e1d44501	d192bdf6cf43c7e9	sliced-sha256-8.v2	nvidia-A-1
432	3a1cc635	4.793541	19.487	6.947	82aede010ab33cb1c3673397ef0f16cf9fa7cec38a94975f0fb9ca89693d3dde	bfd0ebeabe3aa5b39d682422039621960c60e179bb8fc6172d86fa89fa7ca877	1c3e4cb3204ffd34	sliced-sha256-8.v2	nvidia-A-1
433	3a1cc4c3	4.806702	19.496	6.990	e04498aaa860a1aed6f461c87ffa47c0cdcf9fd95b0a904f995bfc4aa5d6944d	a5acce5652f00220a0f7612acf7e8416c07fa74c4f65c19ea6b4048880873b52	429699ca8d4367d8	sliced-sha256-8.v2	nvidia-A-1
434	3a1cc350	4.849312	19.487	7.446	ca53de3d1d07f57a1756668271d267a917dc29e9e7eabbb27f4390f0b5500d87	2121df6486ffdf4324197115ec853f94bb318a55dffc6a1212b8e0eccd11f2f7	4e3a124e576527cb	sliced-sha256-8.v2	nvidia-A-1
435	3a1cc1da	4.723683	19.487	7.034	9fcb5195f6a50af97b1acc7bed6234f647b51c86726e56a1f20d361febf85b28	14949887683d6f411a9b60ed886e54808772be05c6025a23c9a766e963ae07fe	3386792866db6a92	sliced-sha256-8.v2	nvidia-A-1
436	3a1cc063	4.729211	19.496	6.752	2eed00a3ff256d4fc507282078d195991ca769f249f2cb2d2bc8d4234cd9ccc7	22460911e7ef3ddb1f78e5d76f55e6d54bcf4f49b7937dc3357e6c8de8c9ca56	4ccba0edaf3e9dd7	sliced-sha256-8.v2	nvidia-A-1
437	3a1cbeea	4.731704	19.488	6.423	3095328bb68d49c7824bb2e6c72b8a957afc66d00de34d7e11d6c0401ee1393d	397d3259468b79954598323f9879c4fb73fb28b262e7064cf18c2cac84de849d	6b3d76ad30bc2f18	sliced-sha256-8.v2	nvidia-A-1
438	3a1cbd6e	4.736297	19.483	6.560	30d5b6f407f6625e0501ed79f15a25a07215f9e979f37b1e519fb406d288ccee	4785085ae04c58ad5e713088b2bd2158fc470bfe6ab445bea72f33b6c7e30b67	af03a71afe029827	sliced-sha256-8.v2	nvidia-A-1
439	3a1cbbf1	4.709582	19.491	6.612	b08c171254497eeb06fddeec41b365f860590acec8414fcbc7a46ed45d1b46b4	5f26e1cf8c08da31c4e656d6f22e640d4826456af9f2040de92db2ab26d0775a	3d49e44431b9c287	sliced-sha256-8.v2	nvidia-A-1
440	3a1cba71	4.689765	19.483	6.762	a3a059935229f9a21dcabf7e7f705196074c3e88ebd71ccea43d8e2ea33bcee1	b95b697b04c03d73f93531d38b4244724256448190785386477dd195179e1356	8c2e59251222cdf1	sliced-sha256-8.v2	nvidia-A-1
441	3a1cb8f0	4.715697	19.485	6.634	7e5bee9a6ecc0da0c4c7dfc5789a10dd93df5073b60328c5de99cf5544559e8c	1c78df873a5e317f51a0d1cb575c9d457d7ad7acdd21ac79e0411bbbf557daf7	86e628edb0935ad6	sliced-sha256-8.v2	nvidia-A-1
442	3a1cb76c	4.692006	19.491	6.386	5a3d142f7cf2a4c193a8ab6835a2d23b952e7e219424b8cb1151a46fb0c13e84	4183e040209b7c31fda6e94e7f36e52700110496716e0de4210586fa9b8e311f	1fed30a1a32bf188	sliced-sha256-8.v2	nvidia-A-1
443	3a1cb5e6	4.692335	19.491	6.506	715330aa9de40f5e99fec0cd7d1395b0410478a61f549ebd78fa1a01597f5dd8	d46834f67ffafb98b65f379691c33380ebd2a1f8f92931d78a9d62c86e583beb	2dc7a5008b93a7a6	sliced-sha256-8.v2	nvidia-A-1
444	3a1cb45f	4.699214	19.509	6.561	19f1e0b9003071959f913ae1a63badd5479bbd08034dab201668058137978f97	4f2a0306ef11445822f1eae5690c8c8b053e133b3866f47f11b96c961e0b0b37	180914fc7a63d371	sliced-sha256-8.v2	nvidia-A-1
445	3a1cb2d5	4.690764	19.484	6.434	3df07b6728df7fb61c6face6ff347a0d02e381f6592b9ccc8b6447b03f415629	9c520e4c507be025b7edc21d652da8ce3c73aa9dd5c72bf10f95ac1eb613af61	d8881a42094eff85	sliced-sha256-8.v2	nvidia-A-1
446	3a1cb14a	4.726723	19.485	6.576	b4e7722760a471541fd114e6b4629709096d6839793dc3dd10666429ba4c59cb	3bc401af53b779032eea6915114f0950198f66b63ef16df6fd6596963c70630b	c8e88e5f5c72acdb	sliced-sha256-8.v2	nvidia-A-1
447	3a1cafbc	4.613472	19.484	6.629	731e6b04fdc1c7b4e33d53edf84faffe816422c98bb2199aa289fc41434c02e5	e32b4abafa3a37ce336ce4a365e6df367329ceff7241f01926d7dca068c533ec	2a5df235be5bea78	sliced-sha256-8.v2	nvidia-A-1
448	3a1cae2d	4.624267	19.483	6.606	b01e8219bd66b1cd58b2bf2eb3e557b279d70a6cf671ffb314b5f49d6f768899	24cad77bb1f59b97eca9bd85a974491afba313a19d990e9c9245d0f0fd764d11	d27440a8c1e2b7fd	sliced-sha256-8.v2	nvidia-A-1
449	3a1cac9b	4.675019	19.484	6.638	44481140162c2f1bbe23d6ab550ad5c160fbb9a1ca5f9bd910f0364eb90046e5	96afc59bf5107d35bdd77e63a01a87dd2990d49296f46032057f49c071a1b5cd	b41f536fd0240068	sliced-sha256-8.v2	nvidia-A-1
450	3a1cab07	4.645511	19.493	6.540	aa035b404d251f5f621f287da21bbe310797ca1b3e89b1bd7bfcbe9483be4dce	7b020099142426e058ce1d71d4df5606d763bd7a71a3a46615dbdb9f8dbd6bd3	2f699fd3a7c49372	sliced-sha256-8.v2	nvidia-A-1
451	3a1ca972	4.623239	19.485	6.562	9e156d851a3879012309d3b86a408c7cfb0b115e7809ab864b9d5c6db61931bb	64fcb5b8317bb5e3dcdae5d8b22fe3b98820ee1a43b4d4faaf04a60cb2fbdb50	8e7e2eebea8c59c9	sliced-sha256-8.v2	nvidia-A-1
452	3a1ca7da	4.634271	19.483	6.347	8c648709f13df50e7470bc4f58bbbbab7f2125bdcd3fa7f2ca060761b45e8bc2	c6087d4f14a28ea454e37ddf663575fce64f9551076b88d9a52e18991e804772	7350265f500fd132	sliced-sha256-8.v2	nvidia-A-1
453	3a1ca640	4.581627	19.483	6.279	18629da846503543f0f37041811681f3b9ecb6d8966406a1536f9be3b1fd8c1f	4926b289bb5b35bf36da818c05fc212508002bd22f84719122e825c4a59a0214	aeddc246e6c471f4	sliced-sha256-8.v2	nvidia-A-1
454	3a1ca4a5	4.575216	19.485	6.599	ff0b19939f4af591e192cdb6758349aabdfd99da98ec03abda9ac677348ba98f	96fcf7f57f1b31c2dcbed52ce4557b6350ca23fed3d2c977d95a48cd7ea678f9	87c1e9cb6094e8b0	sliced-sha256-8.v2	nvidia-A-1
455	3a1ca307	4.688715	19.484	6.592	ba2916235a489deb49d9de6f5dbe3d509140597fca3d8550c25285e9e37b927e	d55ad385dc1f29a5ba7a6bc3548b66c26aa4e9143cca0de00306487284bf179f	faa4d128d884889d	sliced-sha256-8.v2	nvidia-A-1
456	3a1ca167	4.600991	19.488	6.590	af49ebf0fb6fb43516ecb35f056f3ac95035bd7a6c2fe397448cd6af33211580	a78c22b1d1c8775d2644f48e5bcc0bdf36731fffe8fc4f46faa5dbf046c38c17	7d16e02a512eaaeb	sliced-sha256-8.v2	nvidia-A-1
457	3a1c9fc6	4.658226	19.494	6.176	cd28e577ba48a25f391f79d4ba797f3e7748603dd68e790d63ed4e91334a410f	e90e1a3c63ccf92b1bf8922940ea3920f84225487972dfc79269e1ff3038a9e2	e9468e077ac4d607	sliced-sha256-8.v2	nvidia-A-1
458	3a1c9e22	4.749871	19.486	6.413	ef869824dd8eb267a413ce907575eaafe51f606fd134b8f1c7f121286a20de6e	4e3f264a09b54434f9c5f1fc625677eb943017c68d583bc64578769a345dfe28	6ca8b556d1dffebf	sliced-sha256-8.v2	nvidia-A-1
459	3a1c9c7c	4.761388	19.487	6.598	816d1ed616bf35db4d6a42f07477b9ff35f4478bcbaee2604ca4d3b8bb007591	73890bdac49009861d9fdb78870b64d0a42fd80d137e014744cf2381694c67f8	c221e1550b87c3a1	sliced-sha256-8.v2	nvidia-A-1
460	3a1c9ad4	4.746619	19.482	6.324	561ad27a741f0c1009a3c23df8f97a535c812316c4bffd20e93f93d9e6a919ac	81e9a453441ffaa55cb121ddda378c55bd584beaf8cde19132855bcde4c6c7ba	e2ae4066ca1c401d	sliced-sha256-8.v2	nvidia-A-1
461	3a1c992b	4.744164	19.485	6.406	ba268ea6f8257232db401abb3ab0a5b1cf7b900621ddf94b7fc0bef10e6c2dc6	3ac2639ac1174aeaa6df9aca87905322637fe2a11e913d0c8b896884343d229d	099578e6978ff215	sliced-sha256-8.v2	nvidia-A-1
462	3a1c977f	4.725746	19.491	6.428	15122546f463bd436d9fbddffcd22a98ed4ab9b527607ace570a113076416954	de1bb70d1f2765eaba8c81dcea463db1d159b82704a3f55c14fe1b4233bc39ae	da4cf4b481fda1d9	sliced-sha256-8.v2	nvidia-A-1
463	3a1c95d1	4.770320	19.484	6.383	c55489aeb9852277a2d27460651f4ee2f8876574b6d8eeb7a279a0d06cca5eab	2d852ee59d1ed9056da753a6aaee8b7600bd26ef0b9b82e6d38412b2011c1951	c36c30368066fe68	sliced-sha256-8.v2	nvidia-A-1
464	3a1c9421	4.725499	19.487	6.248	16d3bb2e97b0130e41799564be2e6e233534ec94b6fbd0a6001d5ccd1e79975e	e359aae1a576ca5e8fd4f1e43d4f9e7d35157eebac9e4ebb21e597f51ddce316	5d042b67081b68b9	sliced-sha256-8.v2	nvidia-A-1
465	3a1c9270	4.760647	19.484	6.391	e84f5db87633af93ac0c4abeb55357652ac9e3db2a75dd16bfe5b7455492e4e6	7bb4358438a72d4737fab522f28b445da1711e90db97023ed56af7da05670b0e	d86df8c6a568f352	sliced-sha256-8.v2	nvidia-A-1
466	3a1c90bc	4.687764	19.483	6.439	2a019150ef2e76533ef99e9d47643e92f47371fd15d0e2c587d02e14244ec07c	7a2d2bf78701761f888b517e99e8380e4f5aefb0cbc1fdbd8b946e38948cec29	72709f452827d1fa	sliced-sha256-8.v2	nvidia-A-1
467	3a1c8f06	4.716664	19.485	6.176	deebc52b82859b6959acd159cd81bfe938d3285fdd380a0dbe4091f380e19719	288c4d72fc278ddc974f82dd32a30eb05ba4fb5f6aca8df8a9f4f67718aba196	38ed444f4d94d8a1	sliced-sha256-8.v2	nvidia-A-1
468	3a1c8d4e	4.708720	19.485	6.110	d73fc2114acbfc2a47f31e484e663eb00db840ba8da3d6341535c988cd14c6b0	55730de619c375884ef9650590866f800cb17dfd5b1a1f4cf8778ebbe2a0fde6	69d4842de2c70f2b	sliced-sha256-8.v2	nvidia-A-1
469	3a1c8b95	4.699785	19.484	6.357	8f5481711bb15f37fffdbcdc94a78b18dba227584a7625f656187cfa380471a6	1994a1817e3c84b96f03ec99b59017531748f0d1de657b41e74a465e1b98095d	01decd1056d44889	sliced-sha256-8.v2	nvidia-A-1
470	3a1c89d9	4.695244	19.481	6.427	7959391fcb2b9cdcaabd45498e6b18847138ff6f71a9e95169e1fbc2c8c3cb1d	f88b494fc1527a22644bfc1a327223061f84f3d97cc1a8ba15932fbad21a719e	ec8d10efad07eeb0	sliced-sha256-8.v2	nvidia-A-1
471	3a1c881b	4.648167	19.495	6.491	e5d5c42116f5ab1190514413a232ec086e4dfd453f6090d6fcc9ff9e9b9a1a32	bfe5a91fb82a8d5d35fa9d82afa8eaca19f7a1e5c10a682a4836c9dc638cddf5	6035d88de6845616	sliced-sha256-8.v2	nvidia-A-1
472	3a1c865b	4.682877	19.487	6.239	ff1bb5672b9b0d384fbe5a4b2d5f35955648943de88c95080e12021de56b0e90	5310e6fe27e5be2e9eff6dfcac88d18ec72bab677433537f599ab109d0a43751	879fc0c5739f409d	sliced-sha256-8.v2	nvidia-A-1
473	3a1c8499	4.729461	19.484	6.439	712b283447811e69979b0a3bff14d72d23c9fcf6a6cd5c9cd172a73562aa5203	1c9a0ae9c69dc09804212f6c0b4fdd6034a5fbc20cbf566c28e2316eba59d459	e3988e592d96912b	sliced-sha256-8.v2	nvidia-A-1
474	3a1c82d5	4.677790	19.483	6.372	e0799f6ff98df01ae238d2a550e11abb968586f5872c9a05eeaf5e36e8dbd8f4	0df4af111f2488a9cb4c52745c81e44aa1203d619f3dea5846f22703afa96974	b0871ec2d2462c4a	sliced-sha256-8.v2	nvidia-A-1
475	3a1c810f	4.684367	19.485	6.289	a46cf70db7656fa8eb95f4a2b8a5288a20734ff2329a0cd9eefbc77c23a057b2	d2a06c18755e7edfaee0f5759ef1592b0f00224960b1bcf679d9b8a1e38f5d27	ad98b1bc51f89214	sliced-sha256-8.v2	nvidia-A-1
476	3a1c7f48	4.657228	19.483	6.336	2e028b1af931c498903e1965556a94bd7a73b1ab937aa4f49a273c23d19f92f8	ab9adb0993166cea03ee0a0d2ebbd32c571c020086b7a0c156b6812bea4a51fd	f87dd395ff71fe5f	sliced-sha256-8.v2	nvidia-A-1
477	3a1c7d7e	4.695432	19.481	6.412	8ec658ff45cc2ad09548c16780c51abe820018ed1c47c495ffc2d6f3a0d2c949	1c9e3d350e68f8311ba40976aafc5fc9516825d27c2075836c4a9099b7c3abb1	13fd71cbceabb8e1	sliced-sha256-8.v2	nvidia-A-1
478	3a1c7bb2	4.615090	19.486	6.411	d0dd23bbd43c2326b23cc13a7a95838de8e73b31fff9d64f46fb74d78e61c766	916513dbfc2b52b9574068f2ed9998580d650d810cf3f53f3ac14b82dd657552	e335bd356be94924	sliced-sha256-8.v2	nvidia-A-1
479	3a1c79e4	4.746595	19.512	6.451	159f355b072ce4145ea77a01f45a56a501cf7b8934d03c8467b4dcf68d3389c5	d3f1abaa0505c496fbf3e1ea3db727c0139ee4f0a27e2284baaf21f39d783a1c	e28279c5895b2906	sliced-sha256-8.v2	nvidia-A-1
480	3a1c7814	4.580629	19.487	6.269	b198f71c3afea26bf318f455a559f611868d3f8673dc7b35de244af3b171fb78	95de6a32c5f84267fc3541355277c6843ee1937e77d8fb5069577d707ce92edc	1c3b4419c7250227	sliced-sha256-8.v2	nvidia-A-1
481	3a1c7642	4.632820	19.487	6.918	534f2373996fe7fef2e9cff11f7fb77b43ddfe3021b1b6d8efae56d781c83d9c	f8ac06484afd2e1f8adeb22ca596d57bcd2af17e0a8935171c346a3eae056f03	7f3367c193230858	sliced-sha256-8.v2	nvidia-A-1
482	3a1c746e	4.610961	19.481	6.652	0b52dd8bd20ad31e96a15bb635627f1530a61816ce9a3522bd0edbdc95c164a0	fc6e09e9baebd961e4fdd702299d4c7cbfb7038e51b02b0df7200ad99244d886	461ba60244765016	sliced-sha256-8.v2	nvidia-A-1
483	3a1c7298	4.592725	19.496	6.592	1bb30702b36625a50569c917e6165cd1f73d163d83cc7465e0b106a0237eb78e	d33fdd9c131ee5b9ce7474eb9cefaabb6cf9e3fd99af277519364220ce95b29c	65fec23fe01721dc	sliced-sha256-8.v2	nvidia-A-1
484	3a1c70c1	4.565472	19.500	6.911	68e8fe6502490cbc11bddff39ba621d262704dceee7c582e21c14f1003cb40b4	c8ce6ea8f15243386f280dea0fbaf186d2bd76985b271568194e6b379007135c	6c728c32346f4c92	sliced-sha256-8.v2	nvidia-A-1
485	3a1c6ee7	4.569123	19.565	6.932	642113f5437d4973ebefe48cd3e00822b2c4f9073e7fd0a5c1200f064bd07e4a	debc4fe4a544bfc5ca323e56c8f785cf58b85dbcb5ddb16348092e28623b3343	a33a9f0f1ba9d127	sliced-sha256-8.v2	nvidia-A-1
486	3a1c6d0b	4.563218	19.568	8.317	84f7c557f71d1205b6e7d6f1264e17f9009a034ebe6dbdd3325e5a53f26e73f7	4cd048d8eaff0f0664d936cc4297b74216abcd888f74751a0735c19dee863540	87646bb1d8fdc412	sliced-sha256-8.v2	nvidia-A-1
487	3a1c6b2d	4.585831	19.493	6.947	a73f531b373b1d5de2abbefadcd1bd263c521e0906b4ddb45bc50c93f9b196af	47c6c711905f930a9428c0117e10a42123603ad8aedf2ea6fbc149721948caa2	b00d7ee715f6a5d3	sliced-sha256-8.v2	nvidia-A-1
488	3a1c694d	4.547814	19.510	7.174	996cf7200066a82ccc773145549e5e6027982329875cc221ce1a9e2126936bfb	17dd329f2e3a3a9732bcb34c208668cd247a34215f6b6e63876104257225d739	a9d2972dc9217a65	sliced-sha256-8.v2	nvidia-A-1
489	3a1c676b	4.562254	19.498	6.592	1939abb239720dbc538560ad70e96302f7c8564b5d5fd04f4ee577b0f70e9893	9d3ef18410a7a8ed399748848073929eacea5d9e2e7cae6dd4c480004e57926a	a5ed009098ff38d0	sliced-sha256-8.v2	nvidia-A-1
490	3a1c6587	4.543536	19.488	7.340	ac4728bbb6b920f54118e7d78a2e8d4c91f71f116df491205727373e93a6b4ed	4e61bb055e421ba1781635cfba51444728889e73aa590a0d01187596a9e67bd6	b9fc04698d36daf7	sliced-sha256-8.v2	nvidia-A-1
491	3a1c63a1	4.497027	19.488	7.077	46774aa3aa9cfb1a87a7185be2a63f25ed520f6b0ec367f7104e60c73015ed09	c30e74031061fceda7d43172a261fa9309497119ecf357db567e0960dd27e08a	8de12a08301ed37c	sliced-sha256-8.v2	nvidia-A-1
492	3a1c61b9	4.494415	19.494	6.860	65c1b87d625994007b2e4d5157ed7be6836f8a748c0854000af2fd477b9a61a3	28a59c29a465106a3fd4268f2e888858912ab88201f2202857d74d4ad2c164a5	8dad1493af21cdc7	sliced-sha256-8.v2	nvidia-A-1
493	3a1c5fcf	4.500051	19.493	6.678	7d4001ad0778a09649c25e3b06300680e2b2fd1ab5c6b15b0fb162429a2dacb0	7fc3e33412809ce67763b395a4e77e19a4d591f7330103f8d28d7715a92a81f4	8e332fa51a2b4446	sliced-sha256-8.v2	nvidia-A-1
494	3a1c5de3	4.488156	19.503	7.456	4ad69fdd7bdadabef979f6da9ce1ebfa8541c3b0f77d4cb2d8b176cbca29cd0f	346fc4bbc310c3eaaacabb79ebd6bc8c8c376f45e3c463da72e3bdefc3a8b453	3b93f5a35fa4ef9e	sliced-sha256-8.v2	nvidia-A-1
495	3a1c5bf5	4.538307	19.577	7.048	3ef2c7fdb9c655a38ae55a669ad00761a78e42cfafa1a2fcced1b53a0877ad2a	8a0fccf9d1d3a00fdf35b4c28035307c667b7d39ac034a56fa425a8ccb2583de	fe59d202ec66c3b6	sliced-sha256-8.v2	nvidia-A-1
496	3a1c5a05	4.488165	19.497	6.745	39bc6824bfd77c09bbb8d6a99b16ed753c220499c1ab63226bd421f245986eae	4f318ea47b97f4728f45d83e6f8d96e947fb7fc397688781348e689f828ed2c7	5940a9ec2384c0b8	sliced-sha256-8.v2	nvidia-A-1
497	3a1c5813	4.470227	19.510	6.963	dfdbc4a57d1a5d6805530ef972e13cd8e484f20065e74e9abd1189995fee9012	f0da43094d3d1fb1f523a09f5d9a438041dfa5ac0f4aeea65a7fc6fc16af941c	32893198260d94d2	sliced-sha256-8.v2	nvidia-A-1
498	3a1c561f	4.491327	19.542	7.290	350483dfc7eabf83d966da9643d7a86872e8a98096dbfa4d7662da21f4ba74e0	7d6e45bc6b1f58a75c44400edfa96c8f5d78ad0a04c7f9049420a2b9487a9fa2	814e9e3fd717f95b	sliced-sha256-8.v2	nvidia-A-1
499	3a1c5429	4.462457	19.497	9.525	9a02bb7626315dc2dd88c26fc747b81d44f2531ddd9f0321819ee5f43b0a4679	cb5d7a5a7c76fb60469ad1b610ae00eb7877a4eb0f1996080f2708702ca864c1	488bb6dde8143b81	sliced-sha256-8.v2	nvidia-A-1
500	3a1c5232	4.500803	19.548	7.452	c025e90d5f9da454158196845ba45c13dc8504db875c4f8b25b25d8178b21367	32dd628b4180fc07aa0cc7b9f28f24c7fb83d0e1d0a97b6876a0b43bfe1a6315	af79e570f90a1e2d	sliced-sha256-8.v2	nvidia-A-1
501	3a1c5038	4.460759	19.539	7.035	6da14aeb4f0267fe93efd2313d2410e2744a646244bd133a7858a565c2e79f8b	c62d1bd9790c4a7a074c8166905faf48cf55157e5db8ff6b4b2fb1fd32c6bf2a	0a76b1ad67b75941	sliced-sha256-8.v2	nvidia-A-1
502	3a1c4e3c	4.574243	19.503	7.599	2ae9f659d79504c210d036cb290b2885c0362a7e43ac4c20bdea1e6b849fdce0	d641a69ba1fb8077bb7fb3c07211a58954d21f9e87eea25840e331329f1154ae	36018f616e84b5fc	sliced-sha256-8.v2	nvidia-A-1
503	3a1c4c3e	4.634433	19.546	6.627	93fcf5f2ef026b55122dcd5393ef372b7e73bd39a05140513bd63570b08bcd1d	cc2455e68c409db9ffbfa4539a37467c38940b1a987622e309f71e2b0b694ca5	3a0e5447bc0c92b3	sliced-sha256-8.v2	nvidia-A-1
504	3a1c4a3e	4.628359	19.520	6.880	87a694db0034a0f3136537fddad2dfed9a4804eb0a8308f7f52ff322241851d7	9f70ce1df4f996cc6cb2fb7926ac8e7e0d81428fa44c4847c1b30a53ef8f659f	2acc1e2e4af66a09	sliced-sha256-8.v2	nvidia-A-1
505	3a1c483c	4.675656	19.513	6.979	3e6667f29c699051289406ca29876feb51c59fcde004ddde8995d38ed18a2151	a65ce7f22818ced002fbf019c96eb7734937a5decd52dd214f472d0508ff2aed	ddda774e4697893a	sliced-sha256-8.v2	nvidia-A-1
506	3a1c4638	4.631050	19.500	7.737	31f7f6b95d915071099364d5c09c329db42d2fe38c5875f15f26fb67c5dd37b1	128dbff5725393659e6eb02c82346f7eb0fa22e52c977dc5b9e67eea8bed59e7	c5b88a6db4e2ad33	sliced-sha256-8.v2	nvidia-A-1
507	3a1c4432	4.601893	19.500	6.992	2f17bc58d5cfaa56c29898b537592bb5dc54eebb86fb0f21dc7f4de6669d3f1d	7de7858c69e6f1b55fdf8c8df023b3341a41c87d48e942845b4a6de12fa66ec2	a55ee07f460181f8	sliced-sha256-8.v2	nvidia-A-1
508	3a1c422a	4.673205	19.508	6.737	023f0d9c1279c1ec3965bb4b7d705324f30c7c7926e6366bc87853e1dfb972ad	c8028ad44fbed077929f68c081bfb8bd15ac5fe76debcf37b75b5e60649f07fa	978967fb6ae4911d	sliced-sha256-8.v2	nvidia-A-1
509	3a1c4020	4.599802	19.508	6.957	1f8ea30ff97ed48140340040d5480ef9b3f188e34e12b0c3b2ac41275a8276e4	212e0da529e41c2b6331554d6d757c6c90b5d777402c8461680acb6e4c12481a	ba4910e68cdab3e8	sliced-sha256-8.v2	nvidia-A-1
510	3a1c3e14	4.667946	19.515	7.777	1d1755b408e4a60d928497e220bce271343fbb7e379fd1daa64bd69ec287023e	c7b7e13e1a86b02d63ce738ff5e5fa1203ea226076f2d92e77933a2d15333b8c	3af30b3370c6b858	sliced-sha256-8.v2	nvidia-A-1
511	3a1c3c06	4.598513	19.500	7.420	35977a0103fb9d31400e3ed9c815cac80573c165be013952cd41bab710ef4f4c	120d16c3249e4d980f4008ed6d6f22e96418af313c2aa603025e2dd85e785263	73b3d43fb569913d	sliced-sha256-8.v2	nvidia-A-1
512	3a1c39f6	4.612117	19.508	6.936	40f1b3231cfc2cacb27866ffb1f1a72e122dcd765e39c61c2b2c8bd679f17c53	77ba414e4f1a2e6d41c8f4ac04a44dc7d79c879fa1a531c5d664c0384747be14	6dc2796a8dec804a	sliced-sha256-8.v2	nvidia-A-1
513	3a1c37e4	4.634885	19.521	6.799	1cee7aefb4c56758336a132247a02d38c476edf352d3326262d32e97159ce7df	25d3797ed61c2653f44522a1f23f09b39eeb9e02eccdc124da0682e125809edb	7998f1beb21aeebc	sliced-sha256-8.v2	nvidia-A-1
514	3a1c35d0	4.566853	19.547	7.513	e614c520587a4990fbd0c689279b07d954c5bb25a4536536b31609d8a8769b45	6d767d39969bcaadfb35b24b29181c25123569f1038013faf78880f2862be2c5	5ca72f7eb6d2044a	sliced-sha256-8.v2	nvidia-A-1
515	3a1c33ba	4.562375	19.503	7.536	76dbd229b291521e8701f937dc08d639c317b181fdaaa459031a3c9370c15e62	9633d4a96f7ed794f0962a8c9a55856bc22f8b0ca646998c17f0c1d2c1afebb1	c16add59a1a05495	sliced-sha256-8.v2	nvidia-A-1
516	3a1c31a2	4.632095	19.522	6.642	df831afd41f02981d527557c06065bc0df84733e0bb8932c1cccc00733621a16	1d2f3179aa26854e4952937c6ef06fb79c5fcc1bc3a90963c21c137ef154eb46	e6cec2426eb7ba79	sliced-sha256-8.v2	nvidia-A-1
517	3a1c2f88	4.570994	19.518	7.102	09ddfc68875e53d1989e76407a73b0b1bdcf8e105be48e3dbc4c749da7cca7e2	f3fd8c5793b39286c1e9dbf38e60d3e2c4f98212bc34c702985654c8125beda1	6d0ea845fe8ad4f4	sliced-sha256-8.v2	nvidia-A-1
518	3a1c2d6c	4.595330	19.501	6.892	98862c071ec27c2a43384aa30a6fa33f61eea7c696af19d173b94c3148c19350	96ac118e80fab344cd7afe880499c344f1d7f469c902d5252cc3b716cefde004	5e3109591d7775a4	sliced-sha256-8.v2	nvidia-A-1
519	3a1c2b4e	4.557533	19.510	7.017	97dc0143c1457d7440e6b166f6971895d24644e1770d59180bdaf2b644d9d550	42ac0cb77f6a9bf58b2e6329d614e8c0d851134004c7e0546e909372591bfa19	8398f179c3ae98f1	sliced-sha256-8.v2	nvidia-A-1
520	3a1c292e	4.653712	19.506	6.966	54d5463decf7a3b38ad485a097f87cc77f6221c4cb23eca6e58dbe8e3ad7a02a	300becbd3820324891c696c011b0c4e215b217f812823bc6393c78dffc5d10b1	76568a2f57d1ed07	sliced-sha256-8.v2	nvidia-A-1
521	3a1c270c	4.487543	19.500	7.846	52f3dbfb130eb4fab89fd64207f57ee70990d06f1acd0864cd341c78dca32bb5	475e83bd2a9adac06a39f16631bee8f018858493829347093bc4d0e0435f904d	60f6aeb95f2bc3a8	sliced-sha256-8.v2	nvidia-A-1
522	3a1c24e9	4.554963	19.499	7.268	03c8013e7da587b4720631cf30d3174c5ee99bcc6f9a27b80a58e7bf9d027510	e6e28690556491c303cdae58c4f97dc2b5b64414092ced6087799955305cdb86	93ae8bea6ae58dac	sliced-sha256-8.v2	nvidia-A-1
523	3a1c22c3	4.478037	19.529	6.969	616fcc472c7b7604b0846974528faf309bac275e89dbc22180453b71ce3e9ffe	2246c5ff2ff8f53496d49f2a604c46c7f165283ffa2fdf2c5f8b170511961f1e	c34f78edfd5fbad1	sliced-sha256-8.v2	nvidia-A-1
524	3a1c209b	4.519304	19.531	6.950	5ed4dbd125bdb0e71c117eeffa599ae0b1ccbf9c07e284f11544e39e12201050	7b414e6bdf7965391a13f023e6e8948e43048d9c444c806142f362d9bdab18b0	19d2e6d401cc3ca9	sliced-sha256-8.v2	nvidia-A-1
525	3a1c1e71	4.505757	19.510	7.805	2f22089560f8c915cd1001e7a095d2636f017b32797bbd970580809a593a848a	8ba6d57728043272d626e1598c4c84d8edb13bfacb083b708dcbea9b31342358	fc198638e0e66895	sliced-sha256-8.v2	nvidia-A-1
526	3a1c1c45	4.477915	19.520	6.798	e36747f709b866fd2207fcc1e16efa9c3324051865ed483d2fb9cfe8c18baffe	487f4ba4f26847034fd61f8319586bfe527b3daec36bed6c6278088e478cf62a	cbeecc5fbfc8a6b0	sliced-sha256-8.v2	nvidia-A-1
527	3a1c1a17	4.504130	19.493	7.620	82ca5f0e22780432aa7908f1ca77418820e17d660102a7dac7ef14a2d30d9503	10913db46dd1dd6e7b3a534158d9c2782f570249a597030cad4ecfa42180db4f	2e6faccf1d44474c	sliced-sha256-8.v2	nvidia-A-1
528	3a1c17e7	4.488075	19.540	6.978	afaf922997075e683e978808d661dd3c8eb63ff81d7651721a531c1f8a799999	bf88496ad0062aee927b93ca30ef77a02ee7bb6d82b73924d245749d1352e44c	b4ceb5fe96b7e846	sliced-sha256-8.v2	nvidia-A-1
529	3a1c15b5	4.513327	19.497	7.378	c553e9ddff4e9e8c09dc225b9e48505d6377ac6dd0094a527b699c958c2620cb	cc939a33b30b9f11dcc965e6071391fce61ad05f2339598074586a813275e389	01af15cd187a9007	sliced-sha256-8.v2	nvidia-A-1
530	3a1c1381	4.470991	19.497	6.789	7f5e1e03bdac698225516d932ec59432479bfea38a8d5a3a0b3b343dd212eb2e	86d6d1cef45975b56b76c9ff85e21e3405c1f38df6cfd2dc7736cefe37b8f51c	6ee10ac5c02800be	sliced-sha256-8.v2	nvidia-A-1
531	3a1c114b	4.484767	19.502	6.661	b5741b5261e5093cce29f331e5b1f32219f4c34102d60b8c1e6a8ecda3e2b04b	7fb6dc584059f2b0fb7321c7ae5c7f3e2d1f5c32f906786f69162b9ff06b5e10	8a058e4098f4b241	sliced-sha256-8.v2	nvidia-A-1
532	3a1c0f13	4.529817	19.504	6.553	321f809292f199bc2176e7a76468b5712f4af42997bbad88830e90fa763cbb6b	431a5b56ecb64d9ea770d890f3d55b3ca271df05623a17950a916ae3c3ba4731	c2306a8a54e62381	sliced-sha256-8.v2	nvidia-A-1
533	3a1c0cda	4.485319	19.485	6.794	38c75966e625329e996cb4545740671bafe70d89a424ab244bf3a98ebec03ca3	af75d6ffd6b5e4f81b2f2d3b2609a4c25dfa25972640f7ece2413355e2e9adee	0980f9692d345afb	sliced-sha256-8.v2	nvidia-A-1
534	3a1c0a9e	4.415305	19.508	6.556	3fc8d0357a81415494a2fe9476632a542014645560af028c6e7e40b0b1aa79bd	48804c4e3947f18a9b7866210f87a3d8191654a050a1a54673522a30b2e6f848	dfce6cbf23607f2f	sliced-sha256-8.v2	nvidia-A-1
535	3a1c0860	4.450753	19.499	6.552	358ac60d07927488da033998e59fad819bd45504a291b375f572c63e29d49cef	ae6e40304bcdac19940c8cc4dde61d5b34470831c0096f1fda0009830638ea03	fe36f270651c248b	sliced-sha256-8.v2	nvidia-A-1
536	3a1c0620	4.413503	19.495	6.811	e722bfd4152b47ca71003aff4cd88080edc3e68cb2de4f40689e7d01e1393a98	ed76f33dea41c77637a7b71080c50300d1d1b8100288fda09a4b187fd96f2d7c	5860cf013ff6fb28	sliced-sha256-8.v2	nvidia-A-1
537	3a1c03de	4.381123	19.528	6.459	940efc105c3392952b715d878d6d3a6f9ab9073fb08df573dc752f4976261577	74e54d51f27ab28e8f24ab114696bb3ca26585ee5dc8503a992b196c4f3b367a	6f771c238baff42d	sliced-sha256-8.v2	nvidia-A-1
538	3a1c019a	4.398005	19.497	6.480	044dbaee95b936e0434c752fb12104724077be07bba9f7b0446be18315d60a1e	aa82156454c779e4c55ebfa3940b772037c57ff3b5aa1c244526dffc9330aa34	92eccd60f2c4eba3	sliced-sha256-8.v2	nvidia-A-1
539	3a1bff54	4.413559	19.497	6.511	e87c4aeb590523b84d34acdc5a998d786fa144f1a05fd0041dd41f24aa14d2d6	8d13cbe5c327217f8558b6a0c0c64d12fb34ec2b341f19b74b9650c3aaa303c6	121fbabd6279dd1c	sliced-sha256-8.v2	nvidia-A-1
540	3a1bfd0d	4.406248	19.489	6.985	2da2f9c82870c88dc2e859f971f5728c012c982037634732664a448ccf1e9109	87f4b8ea8ebedbb9bac67d406972667979761b811961835d4464208d4763b456	3ed2f641e992b0ce	sliced-sha256-8.v2	nvidia-A-1
541	3a1bfac3	4.372142	19.494	6.462	39e866dce9c38163b97ed0d6cbd2310f0a5a728ac79e892b0272624c875c87f8	34e1b4cffcfddb06fe8e04e121047d78060397ec4360526284942fcecbf681a8	9c655e69fb080643	sliced-sha256-8.v2	nvidia-A-1
542	3a1bf877	4.372408	19.499	6.601	f9664f49b1b9a41c834c8c5b55aa72ba474a10181a52f08f23ac2d424c3b0057	4dc760a2e26e28399975794de4fe6996f9e84b7891aa0552ebe77c0817153b50	6ad3a65d61cfe3f7	sliced-sha256-8.v2	nvidia-A-1
543	3a1bf629	4.332089	19.512	6.604	2864a16ba1a46c73ca0d7d23ac97f3c4960632f211bb92112050fa8a25cb48ff	01f4bcdae30501b6f6093a5ccaf8ff1b02d5314c8e4ae7e86f8fa20dfcc1337b	d57539b0e7e50043	sliced-sha256-8.v2	nvidia-A-1
544	3a1bf3d9	4.405885	19.494	6.735	f4d4ad8099322364d2a2aa583064ec2e3776e5033ed1f78cc6d4100fc4649475	1916e82ea11135b5b0d6d936ce6bc885dac175dbce387497c2a06f0a747b5aec	3ece789578e053d7	sliced-sha256-8.v2	nvidia-A-1
545	3a1bf188	4.388614	19.492	6.685	9759c03785d973c1796b8cb25a66c714dd1922c2ecbeaf21b17e1fd39a544e54	7ca26fde3434cb6d91bd2e38096428180111dd226e2d322d231017e6ebdf423c	164ec443a078695f	sliced-sha256-8.v2	nvidia-A-1
546	3a1bef34	4.308524	19.494	6.546	6bf42f5a5bdff6d824f09c83215fbae120e6e687bf3e8ce1cffb903c9013ac7e	d2e63c6130bba7a0b5d394db4c2e1823166ecdec84d5bf9fb6bd88fdd6df1cca	48f4f0ee9ba5adfa	sliced-sha256-8.v2	nvidia-A-1
547	3a1becde	4.365856	19.486	6.792	52ba15892872100b7b494198c997a294567174e1562313048f6c64cc1fe321e9	e27ef2fb8043a41ce672e582e0ffa54a9562be1ad379dd71420f636cba3c5517	903f5b97ba65e85c	sliced-sha256-8.v2	nvidia-A-1
548	3a1bea86	4.488130	19.491	6.699	73bb110ba711d10856bf112344c26bac5347f7fea3b744f4e0860c639541aeed	8615319d906abaffa889abdd416cbaff9599718e111d1334d93395c55dc527a3	2960067c3caea541	sliced-sha256-8.v2	nvidia-A-1
549	3a1be82c	4.571412	19.509	6.608	787db05a133a6806c8f0d615b51ad4bc5add47e9b627b4937ba27d908733e2fd	304ad47bf54a781200de7e9018008153688104cf0a99bc59c9526eff8e793c37	c20368584195f161	sliced-sha256-8.v2	nvidia-A-1
550	3a1be5d1	4.470645	19.516	6.609	117bb412f5b7c1572850ba2d783886d3a77249436ca464cc42ff008f759e1e73	918050b599c6de6f335b55aa1abe313b9c32d131c619c6211437b74770f92232	cb959086879c0722	sliced-sha256-8.v2	nvidia-A-1
551	3a1be373	4.471789	19.494	6.982	709c2a6da5d41d53b636d9723a4db437942fb76fe2bd18571441d378c002b73d	582c727f133731cbcb7dbf6f69411f1a6ac1c7a8764eb082815d75ed68149395	32367d0e4169004f	sliced-sha256-8.v2	nvidia-A-1
552	3a1be113	4.490673	19.499	6.605	d81aeeb0179aa2f6e1f49fc582a497884532ae2d0da430ffb2872ab3561e2b44	3c79d7df14bcc55f4780cc4737754e7326eb31e5550cce6866d0e5a957a7d40b	02313550fd323461	sliced-sha256-8.v2	nvidia-A-1
553	3a1bdeb2	4.515284	19.496	6.303	6946e6bff769ceca0418b048fe763e20735cf5e2c30fad6e86d89edf20233ba1	f3f10f531b5fd3122a4bf2fbf0d34ad580dce051f916857b2f0302b16fbbc9ca	db30ea82bf8f9262	sliced-sha256-8.v2	nvidia-A-1
554	3a1bdc4e	4.504675	19.493	6.513	465f768aceff7aecda866124cd76f5623f97b24a3d23b0d701d401f6b1659868	1930f5d126fff77d37839e4e72879bc5b3a0abbb68fd29b579886c7ea32f8d5a	2174a36b6f3b12fc	sliced-sha256-8.v2	nvidia-A-1
555	3a1bd9e8	4.531909	19.490	7.028	f4037a55966c1be6647fe5fae4e3b18cd0cdfd047a85e6e320c9c4d26b022285	0b6ba18735fe8204ffe6c0897bde7b3186ab2d7fc5e979751694cb10882c4852	269d10a9b3059b58	sliced-sha256-8.v2	nvidia-A-1
556	3a1bd781	4.446449	19.494	6.987	8db3658329d2a3d4081b30f16775e0a6e6ca5027f6de1036993305ffe98f4f1e	6c2a5ddd25d981478c97dd1274f33a76410e412f1e1385ae8f76c1de6c61d244	29d978657fc6eb11	sliced-sha256-8.v2	nvidia-A-1
557	3a1bd517	4.492360	19.503	6.583	e3fdd5f70e8a7f0326b482b82732d8d6ef0eda054db212839131f1aed1eb5410	93a2e5faa4b63255e3802c8e3d312fdd1002b384612a120932794c9c13cee8df	9f6e727291559ea0	sliced-sha256-8.v2	nvidia-A-1
558	3a1bd2ab	4.510924	19.495	6.616	4b5570bf150c39becd2f488aa256a7f884f47a0f2570d6efd23d60337d1ca09a	c217b4539c1de6250d7c36ada0b227b2c955a3fd9a1e66588b2459fe691e0b26	d9f8102b23dccbf1	sliced-sha256-8.v2	nvidia-A-1
559	3a1bd03e	4.467135	19.489	6.706	6b2bc7a6eba6d27a58fa2611cc0474ee113fbd85b7cfdf70379ed4dd6860e0be	62f80eeea7d3d298f3511c364be0a431cb550e41e53710f9bfdc6406e13e4d90	0e2c8adb8033f2ea	sliced-sha256-8.v2	nvidia-A-1
560	3a1bcdce	4.491286	19.500	6.559	3696837241f0e6ca9528652fc94a57d20239c9c63710bd2007b5f9a1591f70aa	389792eb612e094df3c95f70d1990c2795e3cce48d2b55a3bd0cf95fb07c7f93	1e99f072342250e6	sliced-sha256-8.v2	nvidia-A-1
561	3a1bcb5c	4.456431	19.506	6.610	c1098c1e025757e6b8f88ab5962f09f2cf29fc7a9f95d0ad720dad6511708cde	fe1d9f0c5624695df6255fca285ebecadf23beec25bb9758a7dbf6d9c59d78ce	793d8deb97349946	sliced-sha256-8.v2	nvidia-A-1
562	3a1bc8e9	4.513909	19.494	6.857	510ee4cc11e24af7ebf18f41165d087f9849436ae2ef4fd9babb4dbf2e7f486a	c9fc97a19ee84e02d49c5a3b3b533da42d84ae1d8eed8421b3e198c934f38269	1c43aee68e122cc0	sliced-sha256-8.v2	nvidia-A-1
563	3a1bc673	4.625044	19.493	6.698	426ce4e4684334a60ef20d969f0583df8ff376b68ead8b12a78e7110505a8071	1dd8ec0181bef347279c05ef72b0777662144d6f6309bb1db4f2735a487c3c80	6b5aba7007ae6a4d	sliced-sha256-8.v2	nvidia-A-1
564	3a1bc3fc	4.478650	19.505	6.565	d6a9de27c2150f22181b050be413d2e50b5a7ab3ea683ac779d01fe7d2810019	80904b3922ae24c9613bb609277f6d3b27a7ac9de85a4e2d99a6f4cf6d459187	38a8c0349ec62fe2	sliced-sha256-8.v2	nvidia-A-1
565	3a1bc182	4.503241	19.497	6.570	11dafe0d30ab495ab7b241c8b3692311955efba02ca678ebc324852ce23b7d6e	428f1413367fbfdcf9b7c0455593594e87ca6db3361f74d20326c5504da81eb1	6f0035e7012f7abb	sliced-sha256-8.v2	nvidia-A-1
566	3a1bbf07	4.474703	19.490	6.900	98dc1f837c3798977a319f21eabc995ecfdff6bfb27ea488d286af104f854971	644b37f7781990cd725808cc0e366783f1127b0a029700f517f5ea1dadb48259	d0542c7b5fb19fdb	sliced-sha256-8.v2	nvidia-A-1
567	3a1bbc89	4.448238	19.485	6.522	de24ee2a053c9def5a76aad8639130d318cb2dc9f8222474e0b662b37835817e	7dd77712c6c7b3c82270893d38d89ecd177106e9ca81de00dc46fc3aab2bcce7	faa9479e54a5cdda	sliced-sha256-8.v2	nvidia-A-1
568	3a1bba0a	4.417810	19.499	6.633	c2c0c002cd3d278550ce602cf4d27f4df2e319b2ebdfbf62a0fc04bc0c394544	339edaf74ce9d07a92eb4694e365d3f78797ec0751ddb9028152d49691c4c784	252f209385f53d65	sliced-sha256-8.v2	nvidia-A-1
569	3a1bb788	4.437580	19.498	6.648	b1a61e3c48d85b13b61641e4b71eaaff0c8cdab6699c299fc46f2163924ff021	66f0a534fd9ca2fa34fbaec00eaf0c901ec827cadd825a78e408185fef610ecc	5e3ff3ae2fb13713	sliced-sha256-8.v2	nvidia-A-1
570	3a1bb505	4.423927	19.488	7.122	65fecf54ae8bdead6627d2c5c7c6ff2b3eedee1efc875e926b0b5dc1d588b584	839e03da83bde4da35b49ca2c7c0aec84eb93a3817266bfeabf03892a86d2f3d	98de031c5ed9820f	sliced-sha256-8.v2	nvidia-A-1
571	3a1bb27f	4.338357	19.488	6.658	d721842d776e33b6405f7f048e5039b811035373530fcce79ce88b04b1068dcc	d22b3a172662244133036de77d0961fff603b7daff6fb16e4c58932169d535b0	7014683eb5433568	sliced-sha256-8.v2	nvidia-A-1
572	3a1baff8	4.387129	19.494	6.615	dcab0e07406dfab5ae7d13631d15877eea5c5502708cf621edab1eeeb3d9da8f	e4620786db006b9d9bdf87a84bdd4098b5e008ea4f98fce2250aa234f81263d1	78eee2e5d43260e5	sliced-sha256-8.v2	nvidia-A-1
573	3a1bad6e	4.378587	19.495	6.554	62ed59dcecb6b5e457e79aba585a14c183844fc7eaa42b006b4c9a1a85a1e2a6	fd26115e8706d76da317f7557b56fab9d0c60ac6ff1554808a15800e566b6dcd	c50afa09e35a2616	sliced-sha256-8.v2	nvidia-A-1
574	3a1baae3	4.384765	19.490	6.846	174e025e4fe0f2275a231c5c8f88cdd6954609f65960434e3726ee7a3791a16c	a18866210bb402ced05b68309d78d334904ab0f2f9d1bc234214525d02ca215e	12705f4683eb4347	sliced-sha256-8.v2	nvidia-A-1
575	3a1ba855	4.360436	19.494	6.588	b2f6319abebe8373e7a5b53349c0c4e5aeeabae9121c80b7ee830493c4d372cc	19e322115823342e278df3a958d371e6a1a640335c22297f96d4bf6291cad96d	e5da976361edf56d	sliced-sha256-8.v2	nvidia-A-1
576	3a1ba5c6	4.404333	19.508	6.580	82213af6b49b3ee03c01eb620aa57e87cc9866873babd60aa57d529311e51747	be30dad3753f5cf9d50c5f8cb0590429cd09fa0c3b7eeb0ee1d434ad8176be55	93bff5b1e8ce9364	sliced-sha256-8.v2	nvidia-A-1
577	3a1ba335	4.332367	19.496	6.700	7f95101e6c8a10ca9b4dcd349a35c69926c5bceb9a61d08b2bee4bec589193f8	271ec6102b8075d60669e2b894b6b2bfbdcce7050d2f7488c4bb5c5bb0407a24	38512bcade461f4c	sliced-sha256-8.v2	nvidia-A-1
578	3a1ba0a1	4.363124	19.486	6.646	66357ba7f61d76718351bc62a1bdd3e8270eabea5f86fe5e009a89cacfe919c2	5b15416e860730b0ce4da925bc67da3500e70522291a8f7b2ba76b0a4b2618e4	1868a32b66b90476	sliced-sha256-8.v2	nvidia-A-1
579	3a1b9e0c	4.363093	19.505	6.513	16af4ef046141a86f9a5daca5e2aa24bd6bc10fc34c2437b0138654d1d4916d1	e13bbc21d74cf66fdef107a3120cee10d81511b5e5ef915da2257ea7ad03db60	d6b29679edae0042	sliced-sha256-8.v2	nvidia-A-1
580	3a1b9b75	4.358297	19.506	6.485	1ff915bb9c08b83050054ed32970264cc9e302a997cc584c023f1c61e7dd212a	e000d780e530eeb8d23c58fd30a5a641f0d19548cface7d7f068e57d256c7a91	e31b72bed691378c	sliced-sha256-8.v2	nvidia-A-1
581	3a1b98db	4.307763	19.505	7.005	6af18296f1773a83d6995089295f4d6db10a4935f0ce2972ef85400f35d02f81	ab1e2bba0b520bbb777f7834c6d1168ad2ac6fe42e59f84027b7cdebffd40170	31f9c280fd2ffca9	sliced-sha256-8.v2	nvidia-A-1
582	3a1b9640	4.241787	19.489	6.541	0060caa69faa67b1228a8e691a3995b319b8cb364047965a0b2da8fbda4617dc	2e6f61ed38b4502742e9d750903be1453cf31a2778bc695cee6c7d04be9c63e9	56eed549349d9593	sliced-sha256-8.v2	nvidia-A-1
583	3a1b93a3	4.232750	19.499	6.501	489f59cd486fef8250ba98e578961a3392846ad16f46d9218519c71df507a6ce	d2d0b4a1042c4eff078d0128dd5e966ac0e1fb2da88a6f0709f9066d2e57e1e8	a395cddcdba160e1	sliced-sha256-8.v2	nvidia-A-1
584	3a1b9104	4.264535	19.499	6.471	274db2bcd9ead5c5ad6fdaf193d6877f5df76b2fc64d87308357d9fcc719b59c	fec6067425311e3bae11559799d626d072f2fd925d060c4834772d81d7f10484	ff374a5faa8da9a4	sliced-sha256-8.v2	nvidia-A-1
585	3a1b8e63	4.240874	19.488	6.595	b7780fd7bd125ddcabdd1d77889820c4cd04551aa5f7774e0026e3e2445ddfec	511e64dee8b9a4645b7321a962693db1699d034cab71ea1068b04922abe4d620	aae8f24155c1eb57	sliced-sha256-8.v2	nvidia-A-1
586	3a1b8bbf	4.281748	19.495	6.475	c10a959781554ed22fdcb802ee091571a5229232ef8c813b4ca139348cfa4803	dd94f2955e3e251c6e9b88626a3e9355f02397ef0f9bc3e32e7885ececd17642	cabce216241919e5	sliced-sha256-8.v2	nvidia-A-1
587	3a1b891a	4.270621	19.499	6.609	cee85300b4ef2e1aa85edaf8df07cdc66c315e5ead1e298ea15fbf8e367339ec	04443f705d60c0facb30cd4fd2922ce1744d63fe86e33387115f45cd468ad031	bd456298b01fc9e1	sliced-sha256-8.v2	nvidia-A-1
588	3a1b8673	4.288656	19.496	6.640	121f7ad4021903b0c7d879ec11e82c7531d592a0f0aa5ff10a19eac07b9fc763	f18a027433162832e08d5bdb02bc1675c33aeede13abec37c297e59871a522ef	ccd88b83a3feee23	sliced-sha256-8.v2	nvidia-A-1
589	3a1b83ca	4.284464	19.489	6.594	3e901a8290db5d27afde566b58a2f9766f549c118bc6fd60a75d99a9bb74fa40	29ca6c840f0655aa6f9b373591c9f873584d02ad11dfad0bef527810d3d7472f	14a9ed9deafb1525	sliced-sha256-8.v2	nvidia-A-1
590	3a1b811f	4.268598	19.496	6.496	385cc7fd3d752b623f8066e35c1f993a1f9c7374d172917fd8109c30769f857a	9cd55f3bc703ac40a7677d9fd019955be875d9deefc983fcbf6dd74f4485c8da	03db3705ce73fa97	sliced-sha256-8.v2	nvidia-A-1
591	3a1b7e72	4.266024	19.495	6.413	5962b9da271f1166a072419dd2e6a865c67906f1e70cb047d32230527080ad15	52d1bde3ad02acc80380f72d2b8577abbba2ec36a83a434e2b7ec24b69f79aac	57140d46e0000908	sliced-sha256-8.v2	nvidia-A-1
592	3a1b7bc3	4.322330	19.490	6.713	bee0233ce1d893e8f8c1edf8fc2cf67ff299d07a3b4c3e8117522daf712ee1c6	0b4c57a80b4b8b4fc0ed0d5a43bb64f67c5bf771398a22018ed75a2e18debf7c	bd1717212ce1464a	sliced-sha256-8.v2	nvidia-A-1
593	3a1b7912	4.477352	19.490	6.493	ad57756c2a11b3661179b30fea19a2b34d72e25fb5cad9a7973e83f2d61d1d8e	3eb85cdc9e2a3aeedbc75410ec423a863dd3a72efc8690c2eb8f40af4ef7c42c	74819ed68575a4b3	sliced-sha256-8.v2	nvidia-A-1
594	3a1b765f	4.454362	19.501	6.480	c8e497026fe054c5c08585aba0592aa77837f0548b81237b3554d9973c4bbac4	6d7e27c7ec33bb9f8e80878f296a3f2642c8931b8b2f9d6883a5fd1822c0fe41	302007be0489aa5a	sliced-sha256-8.v2	nvidia-A-1
595	3a1b73aa	4.440225	19.504	6.549	7de075bab5266b91c2077cc8fa6855667e5a01170beab9f9ebab26fb56ec75ad	58ebf13a3dc49254a97520182d8b296bf4f7e456b6adf9a971c9e47152a49ff4	d5aacc249eb5d197	sliced-sha256-8.v2	nvidia-A-1
596	3a1b70f3	4.418822	19.496	6.767	50b91b79823fa618771742e2a74505d1023246eec5964cac73f7c3540e3f559a	e4356d617b712f8577fffea6775e575a8600c84575aa74d21a46b1d85f59a7d4	842c0cca9dd5a322	sliced-sha256-8.v2	nvidia-A-1
597	3a1b6e3a	4.494706	19.490	6.603	d55232e8be5dc1313b1f15bb8a6656437666d1d33170e0e3fae0d9730b70670e	f38159cd0c663c1997566cd0dcf34e908389e708699ee987e3eb72a63544e1c2	3172e034d6dd63aa	sliced-sha256-8.v2	nvidia-A-1
598	3a1b6b7f	4.379608	19.503	6.455	3aacebfd0aba283860ed2dee4b4fa0ed41eba0f89d7582cf8d30d6e92671912b	d965f186c6110edce8b57fe531a7e45eff845321e037ebbf4220cc4839c26aa2	a13b56b9a295f38a	sliced-sha256-8.v2	nvidia-A-1
599	3a1b68c2	4.497699	19.499	6.527	4e4413ad727d58a50459891ac069302bfad81c60cce50a466aa81faf5d285891	79f96b5b230376493ff7b6aed9a6bfbbe30eaea193d7a99cd14067badd4dd6a1	a2a2b32c22b9bcb0	sliced-sha256-8.v2	nvidia-A-1
600	3a1b6603	4.404506	19.539	7.559	8e54edf92c1fb4c70e99fddeeac670524eb24ce8b019ebcd188e51574c71f1ae	5d621ea7af095289301db1122bf920ea1008a2839c32ebefa415cc3a9e68303b	fecd22cf30f6f7e4	sliced-sha256-8.v2	nvidia-A-1
601	3a1b6342	4.385517	19.507	6.604	79866bb8fc1c6f5deb543616c1ded3ca4cf1578fce81496014ec28a73dd8e203	279d9830540a143b40451799691cce4f52a40fdb9afb104a0d735e8a4bbedc17	9d9fe9c5d8556e6e	sliced-sha256-8.v2	nvidia-A-1
602	3a1b6080	4.333059	19.515	6.571	164b8baba73ea7483701b04aa2680551693025721fea973783af2c074e94445e	13077a3b57dcc12d18f50b5d3848bb6776e45bdf67e15aa3de26ec48170c7248	70dd5a550421b3f0	sliced-sha256-8.v2	nvidia-A-1
603	3a1b5dbb	4.389264	19.517	6.543	37c238ad43e3b7d4dad7d5b832196b34f131d5ebb627f376b897018f9b6e655f	c1272b30359ebac1340ac536e84f75321c8641917143c319999c231be82d86dc	11b1b813ed7922dd	sliced-sha256-8.v2	nvidia-A-1
604	3a1b5af4	4.371183	19.497	6.785	7c7899b376a697101c8ce44ef0b3387662592c8128a835f1d53873feeb345943	e6eeb4f10af1a1b5b1dd6b07e1ecfd756d8db6dd9d3eeba5a501561e2123ce4c	d069a8c73dbd9df0	sliced-sha256-8.v2	nvidia-A-1
605	3a1b582b	4.443900	19.571	6.522	7096ab2f92087cbafea7db6e80a759478274d704a34910f0b31f30776a686327	6fce89f98b264d48fe8e9e3e85e49da94771f4fb72a4669f42b786b01b3ab9f0	9f98bf8634d44eab	sliced-sha256-8.v2	nvidia-A-1
606	3a1b5561	4.394096	19.503	6.568	b1d658895354952134cee7405815994c0381a586c8a28e2997b98dd7f2f8dfaf	46dedf33510478763cec535c56fa7aabc42f14de4581623fc9cd5e3c8b918926	d19333a91c5052cf	sliced-sha256-8.v2	nvidia-A-1
607	3a1b5294	4.445469	19.527	6.607	9f70bbe4db24f8df284ba59ce2b6812cc17344a589c2bc9e1ca05e2ab9a0e245	9046f93321868efc790014aed9c3b3b7961505f31b503237a180d0b4a93f86b7	c08e1e8a0d54e68a	sliced-sha256-8.v2	nvidia-A-1
608	3a1b4fc5	4.361918	19.537	7.591	01e6a0773fb41d603afb6aa145e227c321b3c4ecf8291a53c4615a6368e9d705	0cbc8f900ba94f37b8e66f4573aec761e65d2738037876ae6fb03418b7839b5f	325669db89405f5b	sliced-sha256-8.v2	nvidia-A-1
609	3a1b4cf5	4.445130	19.513	7.716	818483a62a54045346ea9fc66ddf766d160ff631eb92b3ef067cfe5f4f36f600	f9daa1a271112902acb27089ab69512dd46db046f9cb3537ab606ce94761d5ed	d6f4d1c339c599fd	sliced-sha256-8.v2	nvidia-A-1
610	3a1b4a22	4.346731	19.567	7.164	57836ad53ab55e80d85bb3ce8b3bad7d20a775be208553ff4ea0caabb11a7ed9	fcb084c0cf9ff208202d73d8658f30345ea6044675364b647316793f9531a375	af50488d843c4c38	sliced-sha256-8.v2	nvidia-A-1
611	3a1b474d	4.360986	19.505	6.668	c7c9d9fd6792fb3a0392a3344c742004d2db2bb1aac4b13cdd6d9e6284fa4c1b	a35f0aca18aefa9e930b44a8b47d9e608b9278b871ffaa4c788e34336a0f979c	5a68be15879f3030	sliced-sha256-8.v2	nvidia-A-1
612	3a1b4477	4.352826	19.507	7.152	cb0eddb5393cf477675857dc271a4a5676a7985db97e560d14e1d0ccc5aa2663	65dca4b0e15c8e5f3988ce8a63adf44c0f8f62bb7c0bfef8db2882b68e3d97a6	108e48337df716ae	sliced-sha256-8.v2	nvidia-A-1
613	3a1b419e	4.460202	19.512	6.718	e50bbfb83b3d2388b2941efe50f5698af1e2a5112156c2e502d499f85bbcbde2	a09e8dc2e0a146b039b5931184fa50baafd465303b1f261bded4d2858dc0fae9	5c01c013d2cf7e7c	sliced-sha256-8.v2	nvidia-A-1
614	3a1b3ec4	4.395801	19.506	6.905	3c2579e4c61512a8edfdd289c063eea24eca7ea22b97c6273bc5fd059328ebb1	e6602192f27e33bcbc5b77362db9e2c581ba50c0ec321e18bc9c618533034841	2e1c693e8903339b	sliced-sha256-8.v2	nvidia-A-1
615	3a1b3be7	4.281142	19.507	6.538	f136e14c1f9d785db2ad47815d807f20f18eb678d78de0fb188e19e46ee6b134	6747659dfb00ecbfbf311df95c6a83bdd6f35ea4a6feb0f50aa645f3acd5f619	075ddd13ab164506	sliced-sha256-8.v2	nvidia-A-1
616	3a1b3909	4.263310	19.497	7.083	22303a936bbdb5d10cc06a30dd87063976c9db78ee09f9001cbaa0c728c07c97	3f361bbbf1c7618ac5c75ba9674e19b2f7ee7ae53288de9f0c58ad9d1a3d7d8a	150c5d40c95ce11f	sliced-sha256-8.v2	nvidia-A-1
617	3a1b3629	4.313457	19.509	6.725	3f14193248cba259f62c613a18879790e6df999cacf999ebc8789dd696747d13	7369e36f6ee3390793254c8e0dbc036a14081d8cd7e95614279b1eaa2bd1c436	4f6e285b35148ee9	sliced-sha256-8.v2	nvidia-A-1
618	3a1b3346	4.275739	19.497	6.750	fd9683dd3f23e7df3cb38340c043da0bee0e06452a74accd1ea6553c5be2a191	bdac1231c04896bf4de9538f19a915fa39765c69f8bb13ed591cee114068b61b	90f2efcecc7d1a01	sliced-sha256-8.v2	nvidia-A-1
619	3a1b3062	4.288859	19.486	7.148	e12b28c5ec58354fe5ac8c94f08fbeb7b65d274f83907ab3a6678010ef114b93	e67c51b32846e28fbf02270b2d6885ab30a66135f3c72f7c7a90416d6b10a74e	be5a676b40efadbc	sliced-sha256-8.v2	nvidia-A-1
620	3a1b2d7c	4.289611	19.486	6.760	5f725d216bfc99cb866aaac678e088ae359a980a3a04a2e10021ce74c3f51ff0	da9ee5269fb5cb190240100712b24dee6df9333c0e31470270bb4a5b69621833	318994733e5a7dd1	sliced-sha256-8.v2	nvidia-A-1
621	3a1b2a93	4.270850	19.494	6.862	bce725ac6d357d807ee89710e63a1e4d62286920b6ac8a5e59074e82ba95fd5c	d03b855315ff3a82d9e15697d8517d4d9b025f95a40ca2314815b6ee454c0ced	4fa334122aeeb5bc	sliced-sha256-8.v2	nvidia-A-1
622	3a1b27a9	4.321142	19.522	6.751	492c82f1dd30559654c0e3908ec95fab1ff7d50d3bd605e3731a60d47bdbba65	655dda0401d9c5250555cf6003e912b20349d3d1de6c26cad7872c30826e86f7	f62fd22541579887	sliced-sha256-8.v2	nvidia-A-1
623	3a1b24bd	4.333901	19.485	7.118	9346ba0d93e716193af2ad039c94e5cb08c521f6d45dc6e5b7df8a8282b9335e	6c657405349bbfdacbf38d200525b056e6bd5d712791dee73515648dc535458f	2e5d563d379031bd	sliced-sha256-8.v2	nvidia-A-1
624	3a1b21cf	4.273903	19.479	6.639	cc438338755b4b5151a91c368eedaa0afe69172d47faf7902678dccc36f3c520	35d6383230b55f46c5f224a345247f1f100a6786f8f1d99dd7a93d265eebed22	1d446632882e94c2	sliced-sha256-8.v2	nvidia-A-1
625	3a1b1edf	4.275455	19.485	6.705	240047d08923500c834f17f6d4157f107b071162aec7e72feffd9c6603cf0d3e	817c4ce32b1a87992b6432d3521094a2af54cadb09cdb3cf03c9958d6e8f7639	8751c9d94b6267b7	sliced-sha256-8.v2	nvidia-A-1
626	3a1b1bed	4.283387	19.488	6.645	d3f431593fee29bc09058f91545f3e091e04a06014c19f18ab2f8778fbd9782b	7d8134a470185a38b3c959e979fb6931a201f59140f79a68a1d8d036fdfa1939	0d4e79427e35d28c	sliced-sha256-8.v2	nvidia-A-1
627	3a1b18f8	4.173947	19.471	7.106	f6dcd01a25137922a1ba8bfb8afcf2d17c0e307501cc3b7b2ba4a2e7f6584af5	60f109f9f9ac7f5d8d46970e5e67fd417619c49abb02833d9c58eb0a7cbfd41a	46237e24eed33568	sliced-sha256-8.v2	nvidia-A-1
628	3a1b1602	4.205588	19.482	6.695	10c77673145eb1827bea8fb53fb002f6f03fa370a7fdf6c4c282fa0ed1471eec	4857421fa7f75a540227e1585a812dc3ec17cbd1b79c70754963c088cb7c5869	ea4c7d477ebb79a9	sliced-sha256-8.v2	nvidia-A-1
629	3a1b130a	4.203049	19.480	6.850	2bc07a97a3826f79bb312dc50201beb1923cfd03d16759693bb4145c851afa10	bfccf2743af4534dfb787c70fee9c17272139d726e619814e9cfe0830dd2d85b	95b97d7e6535677e	sliced-sha256-8.v2	nvidia-A-1
630	3a1b1010	4.128131	19.492	6.948	01beeb6f148f93ba4bd72285d8e31a93abe0a85085305ebcbb66b9fcba3e18c7	f283ee07ef55b8c9083e4289285ffdfcd62b6677c19f13bbf7c245b871bcdbd5	ae5e4903e0c844f7	sliced-sha256-8.v2	nvidia-A-1
631	3a1b0d15	4.213960	19.471	7.128	4e722e1085f58a71ebd6426438aa2c805c1dd2e2642a2372fa9137f563790f1f	3ea39bfbd5e34a33c10f8b4dcfe8e9b86870878704c797dbdb8c5f5175f6d97d	0cc960d8c553dfab	sliced-sha256-8.v2	nvidia-A-1
632	3a1b0a17	4.179676	19.470	6.693	1b126c8a0e7baed08b88a7c871f17c4aabb8bcdd3d0f716ef23bac8428e6b24a	8e2aed3f3cbce16d6d1304020114fcfdae0d32f35be4732bcbbe316d0799ab71	fc41f6f80dd7b7b7	sliced-sha256-8.v2	nvidia-A-1
633	3a1b0717	4.199953	19.480	6.698	b6bab2b03c2c26b9bdcdb619973dbfe927d743229f2843560936a93874406b6d	0086b7f22fb6d7ff8dad0f6a4d4714b68e722866983a4fac6f0322559dd78552	f8985ba28b72cf52	sliced-sha256-8.v2	nvidia-A-1
634	3a1b0415	4.236389	19.480	6.653	cdab9508f91018138eff6db629f1a4f35f782c5af003b771924a237660d87d1a	e18e13f500488964f00b240fcb3ed3db47f087f0ccf9ce6f67c23fa9e1a8f294	60114d535d17a09b	sliced-sha256-8.v2	nvidia-A-1
635	3a1b0111	4.181912	19.510	7.120	c5222a07b5c4e95edc3a0bbfc6d35c5f91328f93c01e4414a6d00141bbd14268	b093e47bae4695beb8b9f4ddaf01d69dcd4c46283dd1c149e5898586e52d0569	28ba122c251a28b0	sliced-sha256-8.v2	nvidia-A-1
636	3a1afe0b	4.151546	19.500	6.682	ad4f00c876f8bbf74ffdada5670de15404665dd50c391de469454633b8e98bee	890bb2a35fdb51525fc003706da99596e9ba7b882bab61cdf95a85e936606f5b	3de5cc722dc1c58c	sliced-sha256-8.v2	nvidia-A-1
637	3a1afb04	4.147603	19.479	6.653	a6ce0e8a3daaeac77b2c9e3ca64147cdd8b60d60186cd92fb6b4e586d48c324d	8642edd209f7c592c5056e81911059f007d38af430b702a5bb375b87ef158c5f	b82b5f77fa9493ef	sliced-sha256-8.v2	nvidia-A-1
638	3a1af7fa	4.207789	19.482	6.719	23d5e6fe95b226090ea8bf7ef658903488840a4b188217ada6c131dbf391ecc0	ad35a0d288931f0ba56b90367b3f080e24c203f0bb53f73ffe776462ddea9d75	660e3c0c45084081	sliced-sha256-8.v2	nvidia-A-1
639	3a1af4ee	4.302296	19.493	7.125	37be2bfc7f83f5487ed12615efff052d90b546fec9e456253c7a9e02fd171c57	00fda09d87d0c983e7d678dbd97fc0119a9904e4221a3605ee39f99ab3fd39a7	1868f8d8d3cfc202	sliced-sha256-8.v2	nvidia-A-1
640	3a1af1e1	4.274048	19.512	6.790	f9f85c655f35ffea22b45db698c6746e84a81504b4717fb602f225688b17ae38	4f67c8edc7adb0d254c256101dc057c5cf4168f94ca5461ab2cc5fa35150571f	4a0337fa2b28ac30	sliced-sha256-8.v2	nvidia-A-1
641	3a1aeed1	4.416274	19.477	6.635	3ea3824bd7cd688409943c0328c80566df387bf4603bd3ac97365764488379f5	7e6fc3814d0ca9debc6cd403f8cf1f3a6ebd2d513c8df978e79ad3b492557b6e	d5638863723ee2df	sliced-sha256-8.v2	nvidia-A-1
642	3a1aebc0	4.270562	19.477	6.659	fd4dfc69be3e0f6a2c567ac4cc4330a1d661105263e1105eb2033877e6386980	3d645dd555598bc7a4f11e8c2f4776297773057a83bdcd705aa0c57869fb5a03	985bd06cff7d8a45	sliced-sha256-8.v2	nvidia-A-1
643	3a1ae8ac	4.293125	19.470	7.158	44bc12d0999910ca1e671f246ce80b54ba64c20a3729101cf2e06315c78061e5	e1ccd289008aa3a233790706e7aa833a5168c5812019fc00e00a30b78c3d46a6	faeb90ae32dd041f	sliced-sha256-8.v2	nvidia-A-1
644	3a1ae597	4.279945	19.482	6.824	e4c8ba98a56743e641f359c569433d35a76b6f55897cff75fad6eb01dae31ab5	d97a2aca569f0b9f4de1d1b942df07458d14fc841e29211356a2d21807380ca4	66ac4a69b84e96f7	sliced-sha256-8.v2	nvidia-A-1
645	3a1ae27f	4.269394	19.479	6.672	5742e4aa82b9d8d030b5b8167eab2bc53e171b73ae2b951fabcf20de80c47ce5	85fe251b76b44b96f608ad840b8ea91549d89f1f34f325563154ad9b09029bf2	e05f92d6f7926ebd	sliced-sha256-8.v2	nvidia-A-1
646	3a1adf66	4.225898	19.478	6.668	ced4e4d6e81cb65ca3723f1b6f07a19b873280a017f9959a793bf134267b690e	a54dbbccadb114318bdc85f2f85d8b19742d555c59a5288fff36590364289a0c	d2c4ebfee466aa8d	sliced-sha256-8.v2	nvidia-A-1
647	3a1adc4b	4.320049	19.474	6.945	a92d6a7ab1b234c1c5d03b3752671ea51e0e53cb6fd2e33704021abd8091600b	69ffd73d801d1228227b81195b788eadb9813e9536439a045cdf51cf59cc7084	ffff8ce508c566fc	sliced-sha256-8.v2	nvidia-A-1
648	3a1ad92d	4.311246	19.493	6.629	a2a97f0a9594e16ede613f0e0cf5f7d66521c7ae81b86373e465627cfaaf3cea	4043d5f39e1d6eb3611cad9a82599a6d2a6fec9984c52cb7745e4b90f6a2e88d	13f4a9a73ecea69e	sliced-sha256-8.v2	nvidia-A-1
649	3a1ad60e	4.300192	19.483	6.624	e90422c8f4e337b87aff0436785993c582725f367a1c151738fb9c39417950f8	1cbc3c127ff0ce7afac2a52327c3beeb4e20869c36c30f100f4ab7eeeb0bbc53	878256619a5293b3	sliced-sha256-8.v2	nvidia-A-1
650	3a1ad2ed	4.276099	19.488	6.758	106ee75eab2f7a76157791d08f04a0159055cf8d7d27ca4d219523f28591d946	e2c2a99b8338e6e49ee389f1664e96547de767b7affbacd6f1f2ca91602f2f8c	3a7e8e576c9e2dcf	sliced-sha256-8.v2	nvidia-A-1
651	3a1acfca	4.339078	19.491	7.019	9e6d22020bbcd4b135a17a4ee416471a6d388ec91be5fcb7b0e0d42c4333ead9	c89915669bcd0bc5561300e1f9f8380ae3fa7de672bdaabbba481cc665916f88	66f6747e0a52cc6f	sliced-sha256-8.v2	nvidia-A-1
652	3a1acca4	4.314164	19.492	6.679	8273c40747494af18c662a427683ad94ec4359b6cc77c8b332bdf8e7b33736b2	7c78a3c48108740824d36e29943e2f620e9b6019a276aabab9b610a87a96ed2e	2619e73f687dc15b	sliced-sha256-8.v2	nvidia-A-1
653	3a1ac97d	4.291888	19.487	6.669	8aed2d1cedeee073b49107b9c0f0939b52b285fd404e81594020fdd0bfa9de92	e5524b26c495a7a2f5f810b528f422a809e54ca511a6da9b95b45a9bb5dd9615	bada6ab9fa9eb5eb	sliced-sha256-8.v2	nvidia-A-1
654	3a1ac654	4.299589	19.488	6.700	793c429df4dadcd2c957ab4c26d71367a8f21d001d172ce35df2a010de9808f0	74e2e74bcdec47f06a996a8ec0aeeac96a10f5eb767208bfc8822e5e7374438f	fb85f7566388a203	sliced-sha256-8.v2	nvidia-A-1
655	3a1ac329	4.285889	19.480	7.141	8de283f261f38548fa46029a7c5dcc66a05f3dfd665890b857be3043600bf0df	a31a2925bc2c3f8f10930dd5197684eff6774fff43606c7982540abe23af4133	6188b2e3a5fa174c	sliced-sha256-8.v2	nvidia-A-1
656	3a1abffc	4.264146	19.479	6.699	7022a7eed730ed665f57d50344dca49a96ebeddab874882d6a2ba45cc507ef27	f3e03f9426ca2417bab48ed53c2b55760a2cf9e8c7ba5b8ba3ee8d6c0690527b	e6b61bb4a1b73798	sliced-sha256-8.v2	nvidia-A-1
657	3a1abccd	4.335281	19.501	6.781	9d01c3c955cfdbbe2410f5aae6a236f76c3c81ad463681cad0a961bc1a892931	d6be2a4191a9fb98dd1002f871219e589026ae2128a731803534927f3ccb32c9	25fff620e07d9a23	sliced-sha256-8.v2	nvidia-A-1
658	3a1ab99d	4.278144	19.495	6.985	7a4bacca55fb15b3764d353e5684c3cfef051a0e5d76aaa1b50bade1b8ad9b6e	0df017bf03bad0f827564f17ddc226c159f9273db697a9013776c04d436c65a3	019d6c18048ffdf1	sliced-sha256-8.v2	nvidia-A-1
659	3a1ab66a	4.312622	19.483	7.318	f3b3ec5fe171be4bf40ad46a2b4eae0d29be8c234993d16aec995c0c31514bc7	cca761bdae59ee7906eccbd1d216c44ea92f89b222396951ebec4c91e41b5829	c6bf8b97f5a7af70	sliced-sha256-8.v2	nvidia-A-1
660	3a1ab335	4.251498	19.480	7.371	eae6995cf4938b244ecd923bfebb034ff21ac142f3fd5d1a1d8f5699191c201a	8ff8ef41538f1a6942d9314ec8c23415cad59ca6d2d2520b9ed05d4ddb010a89	eb3a0d3d7c37db91	sliced-sha256-8.v2	nvidia-A-1
661	3a1aaffe	4.296526	19.487	7.373	0ff37ffa22c12a6651e546a2d79a9848a2e06ab852c9d9e70d1468d88cada0f0	d143167334f430542b5a08ee5bdc2ac664db59e371fbc71e861de169d7437d10	58461534801b6b43	sliced-sha256-8.v2	nvidia-A-1
662	3a1aacc6	4.240442	19.491	6.662	b3f37934d988ec9ab80ad660a16a10dae31933c9bbd8bb770cfd8d6f01b26c94	aad64e7c8c4006342e844ebae4142a207f086adee401b027a403e594bf354191	170acaffd04b1938	sliced-sha256-8.v2	nvidia-A-1
663	3a1aa98b	4.192192	19.490	6.645	9fbd4355cea91bf6a4ea1383326a62b4badbecd9e7498ae51c9800fabaa096dd	5d95e26f1c8e38d42d6a961bae9ed41ab9e392ffc99de61dc9e980309b809e9e	d64c4aa099237f8f	sliced-sha256-8.v2	nvidia-A-1
664	3a1aa64e	4.209142	19.496	6.623	3afe8233e31af125878a948d23f12a303fec21e71ad6a59daf115e571d32de08	8db49a794f832a39e5da3f791d3a9f14f3e40c00df106035935867cedabf51fb	296786b49858871f	sliced-sha256-8.v2	nvidia-A-1
665	3a1aa310	4.214004	19.509	6.776	9fb61a86820714b370556c891464acbc31bb70e7f6114eaa572bf8b2076b3937	a54c803c657e606376ab359f22720b9305a02e9a249167ffdf9fd8ae9a489128	503d9b4eada493f3	sliced-sha256-8.v2	nvidia-A-1
666	3a1a9fcf	4.223367	19.522	6.736	2dc66ae053da9648e2602b75c198016ce822f1f6d3c362f197efbb47be7c3318	68de44928ef48d0cb524b86d6b0cd846a875a6b8fd44fbaf59561062c65371ef	a68eb60c515d00c1	sliced-sha256-8.v2	nvidia-A-1
667	3a1a9c8d	4.179248	19.487	7.074	ef37d21b507be96ca47ff2a3cda24b25084ed32a63dec0bbaeb6cba22af3fa1c	17d5c903a38ee8defd9ba37748dcd3270d149428f4f5e105b458a066ff256089	b4651127c32858d3	sliced-sha256-8.v2	nvidia-A-1
668	3a1a9948	4.214468	19.484	6.682	b44e7d8b7bc740d08aa0f7073d4162031c0b7145b30335f41a5d4d6791153d5c	43eb229c67749b99a0343599e251e343b8897a6c5f21383622b4126b9bceeace	314bb4b2c267a48c	sliced-sha256-8.v2	nvidia-A-1
669	3a1a9602	4.207712	19.516	6.674	3808ba47ce9141e28a0704adb0dbcbb464b2765446a70993fdd78af35fbb0bd8	5d413569b58d3db4a38ed59744dea68f8eb1b38fd0759aa6eecbf639e9ee71ea	0afc2e442a8fd3e7	sliced-sha256-8.v2	nvidia-A-1
670	3a1a92ba	4.239099	19.490	6.555	9d0966acc58681b7bf22dafe7a503eb3520ab02d52759fb3eb8ead81ffa8aa1b	c2ca061706578f9a8f5e0d018a5ee547752c34b73056549803a9d7fff715fb46	d6655397481f55e7	sliced-sha256-8.v2	nvidia-A-1
671	3a1a8f6f	4.201013	19.488	6.839	1e43fee822170e65581d57867d3949d76dc4bf6092c9c52065d8f895f8eb45e1	7910fc0d99370a8ea0ba8d7710cd818a3a28932c6bbd119b974740dd78ed9019	5179158d2aa91175	sliced-sha256-8.v2	nvidia-A-1
672	3a1a8c23	4.158708	19.499	6.896	6f63734f9478e4ab7e2c0e3cfebba78474dffe1f5da0ba96db05d2c764b8c243	fbe6f0a7645b4fc574c17d42d3fa2c088eb5af4e4a33781b72e6248ed501bfdd	02795b498eb931c0	sliced-sha256-8.v2	nvidia-A-1
673	3a1a88d5	4.121143	19.491	6.838	1acb0ec5481fa34fd56300b0f63a9ad1374adfcc69a0e9d67833e5be26d4af37	8a00056ae05dbb359732dcc6550881c062eb6dabe54c46713f575c12417a4295	85263cdcf8e659f0	sliced-sha256-8.v2	nvidia-A-1
674	3a1a8585	4.193320	19.493	6.701	c5b5e788735b9a8e678bbe5474caf308a6d86216fd3d6085d983c00801ee948a	a0b6f91d7e039d99400dddc0d22c3322459f8aeecec937055717b712f92fa6d2	c74b368ee20be87a	sliced-sha256-8.v2	nvidia-A-1
675	3a1a8233	4.108862	19.486	7.043	be7fe010d9b33d4ab9f10c61f813219d468405b34feeeec6a59c70cf1529f121	8080b9a895b03df4d3f9b1d4c0521e2837c7ede6e5f7e6831a3f301c149759d1	60d741d3be9f1ad1	sliced-sha256-8.v2	nvidia-A-1
676	3a1a7edf	4.113588	19.482	6.751	259b882fa1f50ae8bd0b2aa99ebfb5a9fa4c52bc96ca3e2aa9c5f4582c0df2df	d28e2a4f611f51e9cbbb920d507a3cc621f67b0323e2644114f098f585f7af29	c941c50ccc484f74	sliced-sha256-8.v2	nvidia-A-1
677	3a1a7b89	4.113778	19.490	6.722	945f434a373b520d16e18ea7608c3b21f8b6e8bb8bc33bf90a81d5c013a21315	badec7a29c5b1841420785f3d47423149eb8b977dacf69799ecfa033921b6579	c33d5c1d582caebe	sliced-sha256-8.v2	nvidia-A-1
678	3a1a7831	4.148100	19.489	6.715	5dc5552f4983fba151da07c3491b907258123a8c7c9df35d339c5a30781e466f	f1ded0e291a016e9e0a1735a7847e97d12843d976c9f9bab0e90bab910f647b2	3b346f28e2604a2f	sliced-sha256-8.v2	nvidia-A-1
679	3a1a74d7	4.123613	19.489	6.822	645383cb9ec7c1c8b66a97905745b51d643e798a4f7b2c59cf1d3bb637ad0c3e	c0560409eb1b7c98fc342dce4e1d14d69676d66880db99a55a9c9f5fcfd08a47	35d04433ea82e306	sliced-sha256-8.v2	nvidia-A-1
680	3a1a717b	4.205607	19.483	6.623	fe79ea0cd9209a7be5e22d73b14cc584cf7419afa20d723ab33767eb2ac39898	644eb73969b038ae0f48117dfea1d8fd25de1d7c5311e3561e667836659afef0	fd48e7faaa62c423	sliced-sha256-8.v2	nvidia-A-1
681	3a1a6e1e	3.997526	19.490	6.613	17e3a47d3b1c0466b7021aafeb585f50f0a83d1740c285cf3fdf6e54fd42fddf	e2ffdb59fa4bbd7c86203c51bc2eaa4bd688d3cdc5d645ffd783b4d97a99b029	d06f87f3ea1e5bb1	sliced-sha256-8.v2	nvidia-A-1
682	3a1a6abe	4.073736	19.512	6.627	7f769bb60b261742418c91b5903f6dc0ac7822138fcab2caabe0db777e47c26a	587a975b92e90d86a3848ddb469023c0a33ceb6f8f47cdf514e6473055d3861f	5c394786ca8c162e	sliced-sha256-8.v2	nvidia-A-1
683	3a1a675c	4.127575	19.506	6.828	a87a1f367cbbc96cf69f54aa388cb3945abe0c9369a06972eadf1c48e9bb6045	4d790cafecc9df44f2b23d24c5836f20350205e25953aebe7d3be6e5c932b2ce	145239075421a208	sliced-sha256-8.v2	nvidia-A-1
684	3a1a63f9	4.264273	19.481	6.744	dac49e7bbf7fc13e7ee0fceed93cf84598fc3a7b620753af446be00b9dd225aa	2621d3db7f316d3daffe0021faf294a037b9e8edc2c5d60bf4a110558b2f09be	f44d9aa5bb9f407f	sliced-sha256-8.v2	nvidia-A-1
685	3a1a6093	4.235560	19.494	6.649	4c1bcbb3768fd42789e4682cc8d0ad70fa79f3a67bd09b0285ea0668edb0b16a	b51b69219ccb535f86fe0cb9ac12c10631457aeb23805e7d808f3adcf483533e	8b0288507c907fb7	sliced-sha256-8.v2	nvidia-A-1
686	3a1a5d2c	4.239258	19.512	6.615	3a0e24fcb64856b68f19cab52bde0ccd3189309fe25132fc610d8113f9234710	a122f00dfddf62aea11f99e810c7b5bd5e4ecd05f032da76abae181a0750ab41	dc2a066f52e2d4e3	sliced-sha256-8.v2	nvidia-A-1
687	3a1a59c2	4.236560	19.505	6.964	ee27a09d075a124699982086a1b6e8fe13e70d5fbc9598b2f02fe33e22b55f95	ac116aa380c9ae5687219beee04605ab6f6133c2cb81ddd37000311e6d9702a1	c24cfd1f03415f96	sliced-sha256-8.v2	nvidia-A-1
688	3a1a5657	4.185566	19.494	6.773	f76e92ee164a4cdd7f916ef2e4d1c76ca314bca10519610795a736bb99b3593a	5c646eebc83c23edd5514d44771d4a9edf877850263773ab0e47e239463b98cc	36b9bbe639e9f444	sliced-sha256-8.v2	nvidia-A-1
689	3a1a52e9	4.433030	19.490	6.728	5fcbc98c7b5693bd06e5e101f95e91e35eb27b1915df090ded6ba4119fb92df2	f8b17169d25a753d5f9a884b11f571bb9beb9adb289fb8c18423e652f0e17158	6b7af4f6996eb1be	sliced-sha256-8.v2	nvidia-A-1
690	3a1a4f7a	4.257580	19.488	6.752	cb707ef5ae36b79d142de9be607d182f2b69d16c413c384c57d0d07e078787d4	e30324a08e98c652f62ea08c123a67d12388b85995432175a0380883e4d043e4	2f3120714a619436	sliced-sha256-8.v2	nvidia-A-1
691	3a1a4c09	4.226151	19.504	7.028	45bb9ee041230d69fdf3db2b9042dc25c3f6dc40972fbd970c99226225791059	956cfc648528e9668ca83725dad6a2e1eedc8e3dc13edd3f895825bb4c43cd8c	0cc491395007b6d0	sliced-sha256-8.v2	nvidia-A-1
692	3a1a4896	4.301672	19.511	6.758	9e4dbb886b055ea5e9f963d3ae9625c396bbe5945ddb1fcbd3c7b55d8380a29c	57953b4f38cff38349e5f911fbfe1cb9693475321e805a4f311e484b28af0ef2	5929b08544f8edfc	sliced-sha256-8.v2	nvidia-A-1
693	3a1a4521	4.271656	19.489	6.742	792713299c3f8a91ca539778e14e5ee006d8d0f8588ba347ea44b2d97d37b916	1cb8d7aad40639f4bbd58f67dbbcc4c5585defd9a1e144356bc4c9c25c8326e0	d82e452682af7c52	sliced-sha256-8.v2	nvidia-A-1
694	3a1a41aa	4.250343	19.497	6.754	4c505b343e86d7e192ef82d38a72386b0bb0c7dbaa00404be1426f0009ffb108	7d50e1f77d8b5fc7fae60ff162f706ef70e072348912b4d4bc95025e9c1ce04a	0284b7926667d606	sliced-sha256-8.v2	nvidia-A-1
695	3a1a3e31	4.229319	19.493	6.894	0b77fe181ee33a477da47cc7a6de464750264b3d9ff3fe33cfd5212bcd79716f	569627bf8ff8358d4dc91a4565b834ebe6093cf23214256d55e8b519513d004a	44e27ef42c705c63	sliced-sha256-8.v2	nvidia-A-1
696	3a1a3ab6	4.229858	19.487	6.765	17050339fd7fb3579c819d9dd385488c1fb05411bc7586e4e84ff7144153fae8	5469023a13e20aadd7e3b542febfa8c7940a9374039ca7244477ef4b5b154fe7	2bfe875846ff85cf	sliced-sha256-8.v2	nvidia-A-1
697	3a1a3739	4.220042	19.492	6.774	3a32f93fcf75b2695697cc8c0a00b7f7c197b1db455d4e5527423fcc81272a8f	800c46266e8e36004551409236677c93140cd457a6b4abc3dd67ac9e17044081	4d89dbb329c34fe8	sliced-sha256-8.v2	nvidia-A-1
698	3a1a33ba	4.220652	19.495	6.710	83408414ff78d9858227eff04629ce260e5a392419e77c29afac992b0952a168	cc5e855a60a9aa6a6c7ce4129d7bb6b0842cf47925be026b8628dca1e57c633e	f0160362b355819a	sliced-sha256-8.v2	nvidia-A-1
699	3a1a3039	4.206830	19.489	7.107	928a0a7da1fdc8396a4d56cb316fd2a6ee8b9faa8cd7b433eabd432754f44293	a3b459d8697d34e22624e5db103e58b7571e6c3c5c2ef76e00d2a917cd123225	0e3dbd240258b37a	sliced-sha256-8.v2	nvidia-A-1
700	3a1a2cb7	4.259392	19.483	6.796	983700bf6fedbe790123cc930f28f4ded36da65d4a8d0e8998dc0726049d4696	3a1e8e28cae3c963649182bd34c65eef982b9dd64810f43e867c0d5ad6e8e81b	0d9a6bc7978b5490	sliced-sha256-8.v2	nvidia-A-1
701	3a1a2932	4.214910	19.491	6.922	ef76e37192b5f257f2177050c312210abf09f6e63ace9ca8e50b716f02718e52	508922af7f524b35e6d61046b86fe6203e0cc27926792f904d87ad09efdf0d9b	a6159ae4988b6364	sliced-sha256-8.v2	nvidia-A-1
702	3a1a25ab	4.220839	19.495	7.487	5e9da4556eca6655892db754c93378007f870c32f34c1d7009ab4b1cd597a723	0400790598106f48529143ec805d3dac2a384aba48cd06ee71e2bf4b3690af3a	0bd76a6c81dd875b	sliced-sha256-8.v2	nvidia-A-1
703	3a1a2223	4.203443	19.486	7.003	2cf2c5a2a4a03562dfe1cec2db5985bbefc9c7186e3f85cbe4445eeba8affcc6	66351c59e9223ece957cad89b037190dfdf7120304b08765a0910f60a25c8696	3a0e349e6dfd675f	sliced-sha256-8.v2	nvidia-A-1
704	3a1a1e98	4.224717	19.492	6.796	77e3d61a78c2068f22322589c12707948d4c5ab28a02e342bd2655408cfd9403	36bb2cb27c430301cff686b7f2d4fbcf028ce4023a9622c309f9e942dd873cd0	dd050c75725f6609	sliced-sha256-8.v2	nvidia-A-1
705	3a1a1b0c	4.164588	19.492	6.868	1a2427a45abb6e1d83a302d7bc816fbeb6b0fdb702ea2bcc3c29ead8435e1615	064119f6c791c0afa80dcf3865e3f9049936bac454c0db5a8979986f58472e24	689cb73727f379be	sliced-sha256-8.v2	nvidia-A-1
706	3a1a177e	4.216677	19.486	7.642	3a87f62f19fbcb4562a32d249d5ef0eca0731ca11be26d0218479c5d6b24058b	81e00cf18f41ceef0c7a97bc6b7bda2b7e3bb00fd21d4245bcaba267eea46a24	a2baa77349d79b5c	sliced-sha256-8.v2	nvidia-A-1
707	3a1a13ee	4.147318	19.488	6.916	0d6ca6a47ae1baffbbf725feafe16b95c6d4c14c16fd81003fe30d473f9daf43	22cf71765e5dc3d9baae0e4864e295e3ed119846912a6eff6c4b9db798d365a0	4aeeba43081d36c2	sliced-sha256-8.v2	nvidia-A-1
708	3a1a105b	4.155628	19.504	7.165	c8f6708006c37a3ab79e479e2bfadcd70903d9fb48b29436c238129b6210e9d5	5e0c2aaef2d2fa56731c617e460b2bc3270aaaf755a02cb2ba8e8c7afbcae45b	baf26f862ccdc2f1	sliced-sha256-8.v2	nvidia-A-1
709	3a1a0cc7	4.201096	19.504	6.859	4ace2717962d351c7dd00ff1e9cbb2ee926785cb16ec3450acfc9e819d947ef2	0a049f97ec7da8ad0a80cb19eca55b280917fd041fe11d681eacb4a2b4dfebb0	e9ac0fce18376c6c	sliced-sha256-8.v2	nvidia-A-1
710	3a1a0931	4.148070	19.508	7.200	5c6d301219076ad2d824c0a34dcb15284b71baac795745d21fce2eca9222dd0f	4fe2e0467b63f3f80a77d8c9e352855af484a846e72b16f6867f7c7d7ef68ea1	62195ff63aae4337	sliced-sha256-8.v2	nvidia-A-1
711	3a1a0599	4.170301	19.518	6.958	b2778bb588cad1c8b12d7a9b40525d81e22bc8707d8746126b0deff82a229150	9adb6d5023568d1f3680f836402a6d1a731c0d699df53643e78ffb452f529705	74e4bfa1e10c3dc2	sliced-sha256-8.v2	nvidia-A-1
712	3a1a01ff	4.168033	19.549	7.000	e6fc3df80e0ce6c6207a5db1dbb4a364d258baa1480bacd9b93383a08d08e0d0	141bb5a6c1ebca106812a99781315bfaf455fcedbf2e174d30f32276196b6a9a	0eeb7106f2e64e52	sliced-sha256-8.v2	nvidia-A-1
713	3a19fe63	4.107279	19.535	6.963	529892c50d1f209dae14298aac5269888f0f493ff67dd2f904b09194a0f54cfc	31b89e0a7c74d16a68ace164a2448ef65c702e8ee8bf9afff8afbecff49cdc66	24e1db5811c9f876	sliced-sha256-8.v2	nvidia-A-1
714	3a19fac5	4.142567	19.495	6.912	a369a27b6b1008633dc966b80cd20e105a774e2c4ec42005996f00b45e3464f8	b7aecae9ae1250ed8975e6f5ccf8b980be4eb8503ba72a72a7798b1740f305f6	4862175530f7e393	sliced-sha256-8.v2	nvidia-A-1
715	3a19f726	4.193714	19.493	6.561	28f3f4df6b8b261fae0c6425315f13f059cf8a299868dd908e9c607bd5d03923	6a423265a34ca91ea6b936e22a35843f91b6a3ce53d2653cecc2c96056793f5f	8d27bfd39ab721a5	sliced-sha256-8.v2	nvidia-A-1
716	3a19f384	4.148800	19.500	6.545	7fcfa880f6c2ee92a7e8f249597fcec7615c60ee463c5f0fbfa3920f82d78c1f	0ca3dbc71779ec7084d75665b0152247ab9fd56ae4c9dfa8b8727aeb7eab4be7	ac75d3e9f1dbda0e	sliced-sha256-8.v2	nvidia-A-1
717	3a19efe0	4.150750	19.488	6.592	1fe0351ca121a3180130854d277c28190f9da2a9e2c01072c3aef77d5eb3bf21	20ab423b4553f4b72aa448ce0ed2bcc2b8e67d665d519c1d35b219b3ef69f667	fb84e6d2604058ea	sliced-sha256-8.v2	nvidia-A-1
718	3a19ec3b	4.009198	19.489	6.732	8832e08195b58b73326c36b56137638a3bbe2899c3e747517965400b65e5183b	38d608b119d971d8548f3210cce4da232a578a7828debb91ccf999457289d2fc	3d0909d650ed6fe2	sliced-sha256-8.v2	nvidia-A-1
719	3a19e893	4.076118	19.485	6.689	5b6e9d1bbeedfe8d73c7d59ac875a70660869317c3511eebecadab81f908e51c	7d642a93122468849205bc068a56001544cb2b473c7cdb2848610d5ae76a9d53	764f4ea85cddcca0	sliced-sha256-8.v2	nvidia-A-1
720	3a19e4ea	4.021613	19.498	6.591	c662861713fc9a28613e5c07c017e8ecbcc3c9a80fc20a567c0e546abfe959f1	5b6afb28a252ca643eaf8ca2261c530525fe0bfa8c170df70af431d3bb5daa55	29d16e8a2dfa48b5	sliced-sha256-8.v2	nvidia-A-1
721	3a19e13f	4.070854	19.520	6.655	a6092133af42ecf435d9350c5cd948b785bb0b143acb566a57518ff469346f67	0d8261aba0b4bffd1631dd36caba4473130e358e8a4d5b302119bdf9bdbbfecc	faffe649d93fa968	sliced-sha256-8.v2	nvidia-A-1
722	3a19dd91	4.065557	19.552	7.051	135a349b2ec3ee56436ef5b5fff304fb8e137145100ae4901c10b0116dd55ede	ba827112b26488f3b65bcab89e01bd93960e80696ff84f254173b4618129f11b	14885b9bc5c943f7	sliced-sha256-8.v2	nvidia-A-1
723	3a19d9e2	4.066010	19.547	6.571	3d84f7b4e8bf08619ef090704ccd40110fb41123f1bd7b7418f023d3d4b6ca08	9d2be91bee66e12046f0ddaae18c303b9ba91c4d6e9d5b31eccd38e0f70b7b78	91a386866bedd2da	sliced-sha256-8.v2	nvidia-A-1
724	3a19d631	4.021529	19.525	6.566	c1d646b24df2220b4fd87884a8e6c217340d0903febbf88efc47e03de32fbb4f	69059940adfbabc135ed77a0e0f4018aa5e9f9e6f16eb67f7469dfd88c5cc812	88985f6a73e6c67f	sliced-sha256-8.v2	nvidia-A-1
725	3a19d27e	4.066817	19.524	6.596	72740df0e2d073bf7efcf27b67e4b367a8eb23f503b056d5673b6a4799ba39de	d3e2392ed0189507fdfc4e87001ef1defe33c544e54a20a90f0ed01697219215	3f7b893bfe09ff7e	sliced-sha256-8.v2	nvidia-A-1
726	3a19cec9	4.075585	19.511	7.012	5dc8a4df26696447b3a835dacdc126fc31267b107f2ad077930315d7f32dde00	1745da87097c3943e8fec76d6dd9381160422a66e29a449355cec28d85a268ca	0b5e1137468f92e7	sliced-sha256-8.v2	nvidia-A-1
727	3a19cb12	4.039668	19.494	6.534	54b451f02fc9e33de297d8b53eac1e582ebfc1a9bbaf4ed7dbf945adbe183ac8	8fbe83936539f57277e679401f8e13e5598691c926fef0193c3dc1d0f48e1b8f	bbb545e60b1a2dbd	sliced-sha256-8.v2	nvidia-A-1
728	3a19c759	4.053005	19.516	6.619	d638b2adb2c07089c9ceaaa61414626f4e4bc02d63758352e7fcd1ec95c6339f	12501e3de130797464f3f8ef34154a689335b9cd2a459a16cbcc139fb9131d75	e9d16e5021d19a2b	sliced-sha256-8.v2	nvidia-A-1
729	3a19c39e	4.085128	19.512	6.637	1d05bd952261469e51dceaa44aca8552cde550da1a9740a2746afffaecd8f7a6	4f840baa62b7b7c3096d40744d0a34d9d95f05255f7a2d3bc4b902c9fb5cb58b	f1fee68e607b245a	sliced-sha256-8.v2	nvidia-A-1
730	3a19bfe2	4.205944	19.502	7.010	1ef5122568fa0dc282b2e0f7001ab80d93c736def426fe3633f37e0f4957b3b0	e4d9b799bdb45aa9d32b41b22a2ab3dcfab06365fafb5a6cc18d02b119382902	9f3869c1f289e845	sliced-sha256-8.v2	nvidia-A-1
731	3a19bc23	4.120590	19.488	6.647	1e1d7c7add8c5a15a71196423a3224c0ecf70a6d121f0ebbc3db5db5eacfe068	ce1cbdc22f32e119187618d94c7b01ddc6b7a6368ae7665672a1a1c7d1bf2f19	8325c5c6027fee2b	sliced-sha256-8.v2	nvidia-A-1
732	3a19b863	4.163903	19.523	6.666	7441a77782c5f3e31d1fc9c8d5882ad4793547278ff3a1bf5871e908e07d1a92	5fae89d07fb0d80355b916e05abcc972760b7f9a18fee672cbd43f20c33920a4	a59ad524e9194e43	sliced-sha256-8.v2	nvidia-A-1
733	3a19b4a0	4.174617	19.490	6.666	e2065cd463aa9d40410a232b8a11c8f6f92ebd689d9c7eaa6fdfbed973329360	644aef10430c30e63618e471a1e87a1afdff0888d67720dd90e17d9255e48ca1	7f1979f9c6b1f614	sliced-sha256-8.v2	nvidia-A-1
734	3a19b0dc	4.200390	19.489	7.197	d5ac7ec04fe8b5a7dc4e9a207ebffa391c7ebb0cef2fcbfe730dfe3bb7f34c78	aa97d913cf41ae00da4c1da9f401cbab800485d9d690ea3d2210e976cd5e6a47	a2ab5cf3859014d9	sliced-sha256-8.v2	nvidia-A-1
735	3a19ad15	4.154614	19.499	6.682	02ca22ce09583f15746daa6bbfae2c4a036ba264c7eb6a78ac7837f7f187dcf9	cf41775176faf7ba65db52b523c2c6ee839c791215bb2eb8db9b54e9642f9189	326840ec4b8f973b	sliced-sha256-8.v2	nvidia-A-1
736	3a19a94d	4.172520	19.518	6.709	29f2e0e57d43e66880300e41dd5e583a02a0adfe2cbbfef17ddaa3e680fbed64	92469b86c38bf559f88bfd15898584b57e88350ce8c13970f771322b2d502951	05c719ce50341c5a	sliced-sha256-8.v2	nvidia-A-1
737	3a19a583	4.196021	19.495	6.712	589fa06af44c83b3467e582b0636909d9186289cb5a6edad8d9bd924ada3cfd3	3bb67640ffdae4a258c2c6bc3bbac17c5b63fecc221bef0be830aafbb75db675	f693530e7c4e72e2	sliced-sha256-8.v2	nvidia-A-1
738	3a19a1b7	4.129757	19.488	7.080	a1c12b58e1ce2fc2715bed65a87730a8457d41fa54f04815067d28d51dea5332	c1768e6472f7ec25db3c870734a1cfd72e97982852a7e45f121b7efd77268f07	5f6b97606e21745b	sliced-sha256-8.v2	nvidia-A-1
739	3a199de9	4.199845	19.486	6.742	cd3ef1c7f78c4d8785d87b20d472e0c241c2cf13735f7e2910ad739668a20046	b9b0d1aec1af84440b5089d996c30f92b863c6124bfb344c0da1b781399c92b8	dc414129f05e5ed4	sliced-sha256-8.v2	nvidia-A-1
740	3a199a19	4.170576	19.496	6.707	e790acae699ceb7c77f81d257cc0455fc57eaea1843e3df98dc6fd549f6c5b40	6d39a883510ffd6998dc6bbee93c407ba838ab47c4d9e2a6c8514d05f945c621	d95892e0406cc9ca	sliced-sha256-8.v2	nvidia-A-1
741	3a199647	4.180573	19.498	6.733	87d1217bbbcd3ecfd46988b4df4a97893fbfe2e1514208b4091967046244dc8b	38342241616610e54ec745526481bf86f8b8fd8eb73836350e0cfa882d733a5b	7268044fd2eb3afd	sliced-sha256-8.v2	nvidia-A-1
742	3a199273	4.165214	19.488	7.155	86c071ec49831821fee462164878c51c776368653de3a15b51972554a61c7f05	a72087ed381b9e870d38e253324130bd8b5c904234741a9f7fce52afa4cd8c65	24fd37a7a268373e	sliced-sha256-8.v2	nvidia-A-1
743	3a198e9d	4.158353	19.497	6.667	db622c22345fc2f934e12a26021f45aeaf1c34fc02cc9e2971d3efafff5e20b0	d8f5d2d2272ef363f7e96d05f4f604f62e14226629853d3507afd38801ca4990	893484997c453978	sliced-sha256-8.v2	nvidia-A-1
744	3a198ac6	4.193370	19.512	6.612	e368cd54fc8bd8475b1d6ff7c0fa6393bbd35330e24d0db81da395633f1f8abf	95f09ad0aa0e5e7760249f2d1eb3f779cf8916da76e04f789c066c599dde6d15	919efec2452272c8	sliced-sha256-8.v2	nvidia-A-1
745	3a1986ec	4.150889	19.503	6.684	cb7936a50238ed858d7f50019f8c0dbcd7ea355f30b58facefb3060ef519e0eb	ed72d93c6a0df55de4b6ccfe5569059a82a8f8d4285b78115fa7ad4685272353	806a452bc606e12b	sliced-sha256-8.v2	nvidia-A-1
746	3a198310	4.124266	19.486	7.089	bc85108e8da2d279fd5f87246d99017893fc5dbe1c5ec295f84e10764c59991c	ba2a7fa37f5b153cf4dc51f22c32f6ae7c792432c2dd9421c3406ca2e9054f49	3fc5bdf1926b49c4	sliced-sha256-8.v2	nvidia-A-1
747	3a197f33	4.123166	19.489	6.693	77ffd721a6299064d7f55acde639380017e87746255dc011f49c599f68e773ce	557688d6b98b25a6d4cf907bf85254ada6dbff8d8a3b97d4a473617a14bb3e6c	6b946aa43e987c70	sliced-sha256-8.v2	nvidia-A-1
748	3a197b54	4.143919	19.499	6.610	4e13ee7633ca2cda98fbc2024fdb2973d984932d2ee89affb2eed0a19cf0cbae	ee20ddbd60e3d7e3f31f9b612594418b9cf2c15120a5d565b8d3f66d686bcae9	dd5b3c47c8461a03	sliced-sha256-8.v2	nvidia-A-1
749	3a197772	4.192238	19.497	6.610	dde85f2a7e894950b4dcaaa110b939bab09d5d160a9bfaa5331300f864217394	8b8fa3f695939646491fb40b362e0de9015c612fa3617356428983a8ff2da3b6	e7ab6cc34b619a9d	sliced-sha256-8.v2	nvidia-A-1
750	3a19738f	4.167259	19.500	6.932	50b92c29a783b8836012cf2725b41f6f467eefbc9ec2481dea94774b074f44d2	2f13e30f8b7e83c107bb7c7370939f75df19eaa7f3cc09ef15b3d9af7d7bb343	6b3eeafe2a5b7843	sliced-sha256-8.v2	nvidia-A-1
751	3a196faa	4.126094	19.492	6.607	bca93ca4b0b893e280c581d2d729d095b8b9aae6608a738169c2ee9a97982f69	f9c1c39a4294a0e8f4c9d78a277dd0c01f4729ffdccc73e6ece60f3c8a7fe49d	d4616138f98cdd7f	sliced-sha256-8.v2	nvidia-A-1
752	3a196bc3	4.095412	19.494	6.631	6725774b0f3c5c43580ad4f5bba3cbb6f8d5543c7c9e0e910db8bb4c681a8cfb	0abab18c0a9e7b26f1978ff877eb0c75820825fe3f32c88eee0fcfb53bce3e56	503f61cbf459bffc	sliced-sha256-8.v2	nvidia-A-1
753	3a1967da	4.112464	19.499	6.706	c619cf0662bc252eb20a691bc02e65d9e3c58dbc18b3b483b422ed1c018510c9	8f9609cc37cdf69d938cc937804759263db47366d5df65fbc9a25a2b4af38471	c7811497e1ca9ba1	sliced-sha256-8.v2	nvidia-A-1
754	3a1963ef	4.054021	19.485	6.696	8a5dea258204fe09927c615ff73b0b1d4c428e950e4fbfe64663940e061c49c0	9f643c295b6c13a62e81b0dd7c6c5d4ec5655e5edf8548e04aad83947a589589	b324bfa73e7c1b53	sliced-sha256-8.v2	nvidia-A-1
755	3a196003	4.086195	19.491	6.740	4f5978f8aba2bac505ce7f9a3c88087a4fa15c65d4b25127050cea4b844d4498	4bd79b631a40a6fbc11523e7b4e909c5b09d7e4c8c9e6661f64ac314e643dcf8	2ead4e75696f5109	sliced-sha256-8.v2	nvidia-A-1
756	3a195c14	4.091129	19.495	6.691	a7cd30b69aa0634412a3f3acab9b3a14df013dc86b44cb012732ead5c1eb758c	f5c8c132e02b769a3eee72ced7f8d33c914f80ca91b598fa11ced3ce3d51b5f9	0ef8a9ae8b2cae5c	sliced-sha256-8.v2	nvidia-A-1
757	3a195823	4.085645	19.489	7.142	725f87685777101e336cd3cc3c4e3a3827e63b98fe6250248984ca0b6356a7f0	74f9a564ae595b10763153479540f13e8eaa824b0538c164ae8c72f0ee6d517f	0cf1b39d53ac11c6	sliced-sha256-8.v2	nvidia-A-1
758	3a195431	4.085418	19.499	6.692	8bfed9db7c4ed16737d679ad541e6f687ca589693ef62ef1af8868d2cce2d45d	a9f2cd3ffea9ae7a5cd370b4c47d24a7376b435a2c56c9c195324c5b7944e274	d396f25974fd3455	sliced-sha256-8.v2	nvidia-A-1
759	3a19503c	4.132557	19.499	6.780	e417a7afb5afe393d03810259a8a4a5b7afdc77880903e1db583529d9153fc43	7d38abace6ba7b7abe722a2357fe39e91d4079386d22cd99fc9c8146fe52ac12	399d2f5a49cf4b47	sliced-sha256-8.v2	nvidia-A-1
760	3a194c46	4.118697	19.499	6.692	bbe3e21a8746cd6f8dfac368f97393b2e1e391e650db625e5267ab27e432169d	8cde812337c59e0156335d68c93c08bc3f9f695ab77dfd00d14b14cde4c35b5f	609629798e070227	sliced-sha256-8.v2	nvidia-A-1
761	3a19484e	4.130107	19.495	7.031	d74297ab92b2dab2f86e57169b5428b0b34604bb8389a05c95991d84df350327	e1d4e8b7693a9a684536d36df98cf802b5774227754325e9c1931820d67ea128	e0c4cbe352d3c9b1	sliced-sha256-8.v2	nvidia-A-1
762	3a194454	4.122756	19.490	6.602	1caf1eb5b64b0adf67887ae56cf97352718b24a9e1a8e97747b26fd64c4fd97f	0c78c4fd74c302ce807f1bd61b8a6fa6aa028b47683f19718f0900cb9083eaf4	d639ef15f385f747	sliced-sha256-8.v2	nvidia-A-1
763	3a194057	4.018335	19.497	6.685	c921d2bf3100d11b8c9c15b579d0a20e270045b4ce0bf1e35ff0f2ebb2097281	a71a8f007616bf187fd48828692df5651c504d5958a812d3459d932e4ad882e7	2aff3bab2c2a6dfa	sliced-sha256-8.v2	nvidia-A-1
764	3a193c59	3.969070	19.496	6.598	19798fc2b826dede38e690a2aa21e3b44866a6c6a4f4fb1d61054001faf80fab	80915d90191c6644375d20b91f2842df8be6232cdd7e83803a4e5a9aa47f2eec	b1e5b7be60317fd1	sliced-sha256-8.v2	nvidia-A-1
765	3a193859	4.012000	19.506	7.055	e07d4a0d011279d898ed2b9365572186585906b85fbdcaf04deec68f4895fb55	d9a4e0973dd2ba621d06bb50d0aaade2c1e8603f93a8a117c0feb1bddf15a347	fb90442206a74e5e	sliced-sha256-8.v2	nvidia-A-1
766	3a193458	4.020214	19.501	6.738	b1c4cc7e56dfe193c73427dc1cba65037de9ff11a2e0e9019fa367ec7832fd3e	82cc62a7b65fd69aef4fdb8c75d2b4b765db1aee22d449de1fc2c2c6bd22bcc3	4eab2eb5245a7293	sliced-sha256-8.v2	nvidia-A-1
767	3a193054	3.971196	19.493	6.675	6b32501309605433f331533fbcc855a2cc7e98167b09e0d733c236af4c74478b	e1e2c2e522b1276d829f825d72a674f770bdef43921e2dd7aabbcf4311cf862e	8d0e93b96167bb14	sliced-sha256-8.v2	nvidia-A-1
768	3a192c4e	4.003371	19.497	6.674	a7585b4da85d1ec1cd1e1741be12452cdd7f5f5624d19b9a1a3ebc73ac2c0d5e	f96674027e5616504550e678e590269c9348e4a92089245ae070cecac43bd59a	db5b039986a9af9d	sliced-sha256-8.v2	nvidia-A-1
769	3a192847	4.055991	19.488	7.125	28b8668449f860ba1d52295b650eb15224f2d2f469accfe5a13137147457d2ac	20f243e52266c417b9a0993ab7f15a8d300aef777f1014d021f7ffa62bae085e	868a2a1128ef9174	sliced-sha256-8.v2	nvidia-A-1
770	3a19243d	3.983726	19.493	6.671	e06bb81b927fbca6be5962dfb9841787b1a6053008a461f78402cf0175456e3a	9f25cb5d512e537d66a6927c0530b6711764ad8e2020e9144b28143a56f4c72b	cfbc87a911d636ba	sliced-sha256-8.v2	nvidia-A-1
771	3a192032	3.999171	19.496	6.856	676030f79f72bacd26968cfeb82b46cc80cccbed68e54124c55bea088a89a391	d1f3f40650fe7868f9a897c9c99e7544fadf5f8a7a076d59736867364e116ad6	a0562b97d2df46c9	sliced-sha256-8.v2	nvidia-A-1
772	3a191c25	3.945462	19.503	7.094	8cf1f0c4331fec0f346d56170d0cb45f1d0a988b782fbd0846865d9eb2b3e7d1	6deb45633526aeda3a9af7fd68ce492ff75725dd3d732b38d1339e21fd110203	c90b1303386bde42	sliced-sha256-8.v2	nvidia-A-1
773	3a191815	3.954306	19.494	8.155	75fbb5ac4508858eaf0c2a11701ea6e16b10770b113ef910ea54581e125c7d3a	17d4a4270055aded29f0acb563dcc76ba38e568adf896f9ddf08afed33e4d1e4	52885b4ab6db5b3f	sliced-sha256-8.v2	nvidia-A-1
774	3a191404	4.035370	19.541	6.823	cec1e76a09b48daf09f7dcadaeb7e2d33ced01e858c62b9b4a672e49302fdee4	86b4a9d984cbe4bf2d259f03a4af8671a4ed30db772b5e49c41dc32e5c40e93f	c3fe3f8f94e096a4	sliced-sha256-8.v2	nvidia-A-1
775	3a190ff1	4.129180	19.544	6.640	88354dead6ad21cdfe1108aa35b865b969b33215cb5dc6a7d108ed980039eb21	2ef48db9e8a0388f105ff4b81696aff9949ac5fe30c57a240c9743844ce06c24	d39f60cc74c8b7b2	sliced-sha256-8.v2	nvidia-A-1
776	3a190bdc	4.122951	19.525	6.917	dea198275068fa9f675b142b91eee76483e0c07b65dea8484f86e18d48eecfb6	d58b715aa318091c8f929195178e4b1f0d9a0ec0801c0f4664f42753085a5709	3afb12dcf1bf2314	sliced-sha256-8.v2	nvidia-A-1
777	3a1907c5	4.093371	19.510	7.422	3cb814389287909a88a38aeaf6598061ebf197faf638dc6afff6e2d14433bc2e	66fef71b4a6f1c898db1a31bd3cf57bcae8274d586233cd299930c74a1cce5f7	066eae1088a323b9	sliced-sha256-8.v2	nvidia-A-1
778	3a1903ad	4.125198	19.509	6.904	0daf67475ed4977635b152e49940eee3ca14d12ff2c70a0aea946920deef2703	ebfdc89ed7d8538e0c7597ed9180debd6a8b2c5cae544236f92d6c2c6078697e	8b1e3533c86557e4	sliced-sha256-8.v2	nvidia-A-1
779	3a18ff92	4.115463	19.525	7.847	fac2c6d58d228e78fbff5ca624dac956588f4688759fca76f328b9b00612a467	852f409f9a87814f8f77aae6b7f3d5db8e4ef09b0ad56dbb8e0c23b37b552163	30a5a57a6d141e64	sliced-sha256-8.v2	nvidia-A-1
780	3a18fb75	4.090451	19.491	6.780	5b19c2be16c7bc64fa62bdd0c00f75ec0a612ed6f515948e2a7ae6be2092e0c5	e434d790941518bae24b67e41275eb257f8fd4ef646e5f5384ef6529e5c418a6	a3307a7ea7d0dde8	sliced-sha256-8.v2	nvidia-A-1
781	3a18f757	4.075217	19.491	6.901	e67b6dff29dbbfe4cecc5ab7724c2f94f7c1aacb11662aefd6bf0b9504e8cab5	e56809d73df93e117da4bf53c5cab1456e5b11e3d71cc78cefb79830ec876cb7	a48a754366836181	sliced-sha256-8.v2	nvidia-A-1
782	3a18f337	4.133041	19.522	6.851	b856e7c46faaf06b8114c2f04501242109a81dccca94466a103660295a46070d	57e105df9ef0ad6dd85994a0d9be1df9d2cf4b9c2891d18c199551d615dd23ce	86199a9279ba6802	sliced-sha256-8.v2	nvidia-A-1
783	3a18ef14	4.094202	19.517	7.190	4aae64c9d8c6a67be53867249b22060c6247f06987f7259ca8af8c1bf6c89a1b	b8d369d6a1f0716b91b76008f9d4e9959a417479f759d9dd448f668123a50337	6b032e548ff0cc6b	sliced-sha256-8.v2	nvidia-A-1
784	3a18eaf0	4.054998	19.497	7.183	7306dce8e4043053834e9a58ed419b3976f4520c88fcc46c83362430c9ed2144	12777a9c756e7bbf0f587656b6f260ea0c858acc02dfb31e56e7ee1d5c13e3e5	04874d6b31ece831	sliced-sha256-8.v2	nvidia-A-1
785	3a18e6ca	4.116680	19.514	7.407	d0fb84a500540a39a6732d2a97c18426e895a06f5b081cef6c6535860ec173bc	1e50c869d4851c9342d79aefc9eda9c4a27e14c51936b5f9925851fa2bd06ebb	aff37aff673387ed	sliced-sha256-8.v2	nvidia-A-1
786	3a18e2a2	4.153805	19.510	6.919	c0464b5f690d621b49023915eafc7ef333c633513ea92b2ad1e96590d507253a	3ac50f849ad1538d3e468dabad6c3a1d845bb7cfcfed73b59cca0be1605ee364	95bee7bca8106dc3	sliced-sha256-8.v2	nvidia-A-1
787	3a18de78	4.111491	19.526	6.732	03125fafd692883c82219c3cbe5a309e48fb8ae9caea23cffdfe3612651c1387	d41f44a754d91c481240bd002689d37b6733bdee66557375e95d4fbcc98e36f5	ac985f963f82bc0e	sliced-sha256-8.v2	nvidia-A-1
788	3a18da4c	4.117306	19.540	6.715	43ded82b92d02f471cf4fe426ed508c47d3b28b5d68fa4aef722f434b76bfdb3	7f69e400fe518f5e98ffb4c0cfe6f9ea492ace2ae8184fd5b1ccaf7ba1aa8c10	6768ae7bc2b60d12	sliced-sha256-8.v2	nvidia-A-1
789	3a18d61f	4.075195	19.516	7.099	e38eb1f083e6bc16b17a9501405c1908e11dc1963f0ad0cf639a28fc128588d0	61a3f655e92188df2424818a9aa467aece3523a66190b544eb46b184da8af917	af22f211697b5d73	sliced-sha256-8.v2	nvidia-A-1
790	3a18d1ef	4.081799	19.505	6.480	3fc811e241c3a8d02bbb9bcab0f5aac561a75a77536a1837a589e35973d87462	8b5600cdca3bd66041d6a59821fc2aa2b7b92466e018d68f33c01783bf5bbee9	03224374deeb61ed	sliced-sha256-8.v2	nvidia-A-1
791	3a18cdbe	4.123284	19.515	6.588	0b42413c6d5e9b009c64f19a74c8a0f75ef37926ec8b3c769a6abab79802520e	40c062ced4ca3eb48c6c285e465674f5ccef051fc3e4a26dbd0027ae0ce05fbc	b0679ec612bdb33f	sliced-sha256-8.v2	nvidia-A-1
792	3a18c98a	4.078056	19.513	6.412	374525247f92de0a8590335435ff84fafdf348fcbff569534419505df6ba2460	4a652ed6f6ad49ba5d2bd8bbf14c1c2d303e939914c6d609cf404f5f90c51135	0c29f5af21b77004	sliced-sha256-8.v2	nvidia-A-1
793	3a18c555	4.115486	19.509	7.298	e7f4cde155b3ee6730076f6cf9cbf1babc2d393fcbea931c9049a34cb6052eca	dd9a61b27ded59e177ed49b29cc141d6e283269625989477e68cfd3dfb830769	ceaabf4a9fba200e	sliced-sha256-8.v2	nvidia-A-1
794	3a18c11e	4.089928	19.511	6.713	5f015ab0a0e3303f70f58f2674bc1ac561e46d7b060c8f0896c1b51599ad7d28	f7d3ab506b33e5833896146aa7cb162bcabd2c70e780166e74b807c2dcc6a238	d57859228384b23a	sliced-sha256-8.v2	nvidia-A-1
795	3a18bce5	4.070177	19.518	6.484	36700d30310a5cf4caf9a17267ddc4b38476b61373d834a9b8ddb1c284a89e0b	23417399c3fd96830f39ffa4812f0556609f6d65948736c52c073fad9c8d522c	06bae704e3f77ebd	sliced-sha256-8.v2	nvidia-A-1
796	3a18b8aa	4.092693	19.518	6.584	cc756de110b1377bccf0e8f631b3e7e91dd9b2575639e50a310dca0231cd450c	f9418d5ff5c10a0c2ca989562f8565947e0ef82e5faf990b3eb5b5bd01be733b	e37216b4c9f62651	sliced-sha256-8.v2	nvidia-A-1
797	3a18b46d	4.061997	19.517	6.931	4e74fc17c2feaa9b3c68dec18e65cb6dbe2cead943c3d9aef9603f1436f4aaad	8890e498d3635e5c0f9f3505d618535618a7a5ff902301ae379925f7e1df4909	eda24df2fe5ace18	sliced-sha256-8.v2	nvidia-A-1
798	3a18b02e	4.069854	19.507	6.325	27902bd0c21d05e4f831ec0e80511110b130f32aae4f47f84a6c0addfff60372	179ca466f34a73a0dbde6a73269fbf38cccd05d34468fbfcac9cabe034a2b890	32865bf3c0173798	sliced-sha256-8.v2	nvidia-A-1
799	3a18abed	4.037918	19.509	6.572	de7d4603e2996a1daf0fafe200c5ea785d08a8f8be2ff80148dfc128d47891da	d507ed141a538af4fb0bebd8a0152cfbd877929a10d39bc9157b2bec787d5c69	7bd8479ba39c0cf4	sliced-sha256-8.v2	nvidia-A-1
800	3a18a7ab	4.053963	19.517	6.492	6e70cf84d90fe694491623e429247a14ffaca94d78ab61e623267c3f5cd44fd0	74c98bea03419de57aa1949e317ae21e424dbb83fc283f6e2d01e7a463c59eec	e15ae48dae22ef2d	sliced-sha256-8.v2	nvidia-A-1
801	3a18a366	4.054811	19.505	6.869	62e67405dee4b204f1f96f4cc1529781a2ddcc7031bc888748328fc2cb15e6de	6e38d371695393999e683619fe6cd2a8400facfe39db0f40a0c204b9804ba912	61b2ae5a1185c7ab	sliced-sha256-8.v2	nvidia-A-1
802	3a189f20	4.086878	19.508	6.877	b781a644625ec4bfe35641be03b3bd2bed46dd50a56b0b5e822a1e4e00dfb6b6	96b355d862c246988398028ff559547d53b861a8523d86d674aec208267953e4	f2d93e46d1721132	sliced-sha256-8.v2	nvidia-A-1
803	3a189ad7	4.024177	19.512	6.855	c09bed8739926a57ae78d857738f74ce667ca602b6b9efd2b071809f5763ec47	5e255f74fa329adac7d1eadaa3e58b647c689a31a579e7ffcd2eaa2f47fec7e6	65d9c399275861ca	sliced-sha256-8.v2	nvidia-A-1
804	3a18968d	4.069955	19.507	6.957	f4f25a3178c454f0285a1dd456ada78ca01cbe19fd30ede8841dbc428649547b	f3bacade0a1fbe6bf64136f95f784d6fa1a72624d8a35a381893539d9630dc4b	8bfc20e39fe9e51f	sliced-sha256-8.v2	nvidia-A-1
805	3a189241	4.087858	19.503	6.839	934a6610cb046ad517bb2c6a18ece8102c2a8265b85ce227df3c2466aceab158	b6568b183ce72fad8e40615e8c626e0ef61a6305da439aff8a4899e5abe1c7f5	5b1f4442f18efa6d	sliced-sha256-8.v2	nvidia-A-1
806	3a188df3	4.064664	19.505	6.722	5795249c25d82e8994f6e240e46237c76b287f68ec686b7dcee62cb68c607a94	cc83d3e0795f2dee80262982eefb3e2f124110936f2986580a54091e23c3956b	d54e192373421770	sliced-sha256-8.v2	nvidia-A-1
807	3a1889a3	4.141948	19.508	6.592	e688a70e3f186b18802885c300a70bc4778e59e23403cb9be687a24b517d4d03	491ec3036f04e1beb6ae5c9431f18736625ec1fe5ee2c3644fbb010684e45712	887a01a9781cb148	sliced-sha256-8.v2	nvidia-A-1
808	3a188552	4.208346	19.509	6.458	786d9a1dec66cb7ad12e285aec5409ca42c766ddbd3d6b6e7c1d6a137add14ee	48bab56ccc81d4fb3a21a40c93a2e4cf91aaa1879fcbfd3dc1368e5fcc341f9d	7d20cf06ba50d164	sliced-sha256-8.v2	nvidia-A-1
809	3a1880fe	3.969998	19.502	6.796	6979bcfc422593eb63019493face774cf246d82eada002e09d0fa4cad9a9b411	395b80010b8a0c554e66780b0a5bf4e34c3df7baf9eddb75eb4f9cb7de0bcf5a	376412e29774924b	sliced-sha256-8.v2	nvidia-A-1
810	3a187ca8	3.980104	19.505	6.623	e6b199810a6bb1868b27a332b12f645c5d10c532dedbdeb75016735b2964e22e	499fae0ecf5241ec399ea06a7f528ec5b18dd35b74c09baa1b9af3f4b031e4d3	b645533c972a1402	sliced-sha256-8.v2	nvidia-A-1
811	3a187851	3.965255	19.503	6.714	dd91c17f40b4969094c3c8b8c10ac6b04f974d50bbe03367c072656402b1af86	c681694b9bdc04ec1f34f0926abcd4ae7d23e8a9f4c4417080c3ed07060a4b22	7072cd9381eeef93	sliced-sha256-8.v2	nvidia-A-1
812	3a1873f8	3.996682	19.509	6.468	86f9d440d7e269f030d752d47ca68d0d969f646073fd7a6a1d0c18134e0b4bb9	0a2a76666161125a01fb80916b25f039affdaa1d861be26725ba935125b2ae39	d460c9714b31fc27	sliced-sha256-8.v2	nvidia-A-1
813	3a186f9d	3.988675	19.501	6.908	c2f43cbd453fd3298b6f9075edfe4bdf1b408eb3e9bbbaa97795f3067a0db6b6	e94ed7efec3c7db8e7e8a1c3e176428f7c2f8e34177ce984cdc270aa25c68e27	d93c806f452e393f	sliced-sha256-8.v2	nvidia-A-1
814	3a186b3f	3.972739	19.499	6.714	140dcd28f050d86e25a87f0ce16d2f9dde71e408e9351d21a5d2a8c63095a72b	b834f105d1571e21b68ba99037419096423ac269d1f5eacf08e1018cd0cba355	61eb67eda50eece1	sliced-sha256-8.v2	nvidia-A-1
815	3a1866e0	3.965877	19.509	6.728	f1e31d4734c09faf60c1d9d49fd176d9ff84d123103d08fcdec37370322cd5bf	59cd1ac4b94d019ef2c19e574c73a438da398d0bd108a7d5ca04e99f6d2b326a	1ec7f9672fb30182	sliced-sha256-8.v2	nvidia-A-1
816	3a186280	3.976896	19.512	6.470	3405fffe7aa4c4dab14f444ca3681c8258c6b3e3c8894f91a2ca2e55921fe53d	cfd7312d8d2a43a41be2ba4bcc8e52f6ba56465a48278356f225232e83b347db	713a0fa4539d0606	sliced-sha256-8.v2	nvidia-A-1
817	3a185e1d	3.997032	19.506	6.742	b097af4435a632215c87e09fb66862062adf9781cc1c882772dc5abcfe2a76b3	014667318253b4baf7cc1b954bd20eaa466165fde2b9c839feac71d374bb534c	45ad4810405cef49	sliced-sha256-8.v2	nvidia-A-1
818	3a1859b8	3.978016	19.506	6.825	e0afb1949a52c0f9bdecea8eafba25e63fd4a3f44e86604814bc7d7aea279887	21e47f45c9184e71d3033117b5aaa9022f2cc652727114b65885b82cbef3a89e	197edb657dc6c5da	sliced-sha256-8.v2	nvidia-A-1
819	3a185552	3.948438	19.509	6.779	00bfbfee3e024c8d21f5d6ed3fa372906791e455aa881a01e0fe9628017334c2	efb61f256a6e6b9a72fb1834b3132c61f8ba97676f6e06c0d51f073ce81be3d0	e0ffeade6313f324	sliced-sha256-8.v2	nvidia-A-1
820	3a1850e9	4.047947	19.513	6.725	ffbaa93f11d1a5ed80e8ffe4b7e6e29346d7210d5b310a43eae9baa1b7b4e013	4827098a067765335a4285de3b692b863c7d8132a909a5b81b1b6e6d18bc0e78	026d2bbc50c0a69b	sliced-sha256-8.v2	nvidia-A-1
821	3a184c7f	4.091326	19.507	6.702	2ed08d595ebff4568357802ff172ded9c23a3850f84629261e95c9c2aa371669	2adf7b044c6c3400b65c5b661cff13261b89b35ccb0a65ab290fd2a5e113c491	296c24840ec7193b	sliced-sha256-8.v2	nvidia-A-1
822	3a184813	4.176978	19.505	6.562	9d32bd44d1db8649dfc820a25dd12ff4ee28fa208ddaf6f944b97bcd978ee0a4	a4602c0b664d433cadca4a4db3f8ffdd0ac09d7681e3777482ff4dbad46ab617	1c319afbac797895	sliced-sha256-8.v2	nvidia-A-1
823	3a1843a5	4.088696	19.499	6.657	483f932f3d328c1666c5c599e93ae62f526fa12e50e36cf92b98b74f3657a508	e83a89edd8701d07d8d3310b6a1f4cf4f4210099bba906ba2f698bd2b4b8461b	cf14752fa5fc4ed2	sliced-sha256-8.v2	nvidia-A-1
824	3a183f35	4.034006	19.502	6.670	acb3a6b5678ea66aa8aa4c3e9657f73cb3908b9fce6a21d2ae62f04c08c77bd1	28847cc982aa9561900724139598c04d8fd127c26c63ce137967a1eff5299bf9	408d1f974115f33c	sliced-sha256-8.v2	nvidia-A-1
825	3a183ac3	4.101294	19.503	6.724	6bddd8e5fbbec15a32c6a27bf17c2943d22e7e5e60b49d81b09d90cceeaebef0	40decdca91c26145cc080bb54205910421c86c9c385daab0b6afb8d952aa626a	230d40d6da0efd71	sliced-sha256-8.v2	nvidia-A-1
826	3a18364f	4.093758	19.501	6.483	363c3491f6b16cb34002e2e2c8bbf4c795482c191d05c9f0e8fd0fc30a024ac0	144c74f651274b3635faddac8b59a39de7888f762758308d84cce8ed05f907e1	356ab073a0b61a9a	sliced-sha256-8.v2	nvidia-A-1
827	3a1831d9	4.056899	19.501	6.596	48bcd8c420964886cda878626d3ac1dab05bb5719133009a9dff417ec1e97447	2b6630249f7c5dea45c3f3ef48d7b16122fba29b71dda6272ec894fd91b312eb	58cbccbaaf40acee	sliced-sha256-8.v2	nvidia-A-1
828	3a182d62	4.051397	19.503	6.610	e6c2607c7e7145666cdc5e2b650bac35f46e213a56fe7a4690d4fe8c3d661344	7f689c2341d56d76adc904aba5083095b14ff6c493c51f3cc2be6cc12bebbf64	3376379006db2a1f	sliced-sha256-8.v2	nvidia-A-1
829	3a1828e9	4.094704	19.507	6.713	a561f38dbb897d4f6874f0c07b83ba0e6f6b8404e2c3032c6e911edf834ea507	ac31abe8965cea24f8de6c768b9e5d99a35bd113000e32e9863b26e575d2a5a5	0009bb56535aa3e1	sliced-sha256-8.v2	nvidia-A-1
830	3a18246d	4.062834	19.513	6.764	ea29decad0812536adfadbfadb4bb18287d2e853ccfb777994de97e3e3a08fef	16c270c7f0f748a86ca86c92dcce7b28a97b4fa340674cb4966b66c928540676	81be402d9438c33f	sliced-sha256-8.v2	nvidia-A-1
831	3a181ff0	4.058826	19.503	6.763	7980658337390d64454f558814eb06aa9ab667285e6faa6fe9ffda94681a7d49	8dc7eab0bdee949658cf87de2ce9b5fd2a4d01ab46c7ba7e744650ca9e7b5f0c	76075ebc05ebae5d	sliced-sha256-8.v2	nvidia-A-1
832	3a181b71	4.039489	19.501	6.497	cdfb6a87af0c6f087f0f04cdb0971bf9c5d2c4454d891dc910675c60bb3dc968	fb162e5f7ec767fdcb76b8b90f9c8d3691b1426a71b255f35b904333bd76963c	6a4c14d29600ed84	sliced-sha256-8.v2	nvidia-A-1
833	3a1816f0	4.062365	19.503	6.632	84cd23256a7c6b952a4bedd9580db5f4173080de4ae09cc8b85c0233ec80f529	47f4a1b1a0069a08aee58450b4c6c62c31c0445c65ad72b82feedaf8880ed439	f9a25da03d68a882	sliced-sha256-8.v2	nvidia-A-1
834	3a18126d	4.033473	19.500	6.295	fb4f03c21f9b47ef96466ea8a3bd2fdbfde60b59a15c30445f278fcc30d6e379	6721e6284e07d9730cf5a6206051a0daa9aa1e3d35cedb801be8806a581285f2	1a4a41480fa800be	sliced-sha256-8.v2	nvidia-A-1
835	3a180de9	4.018824	19.499	6.585	0b8d1127d0becba77c1e155fae7e755fe3a30ea372138dc6bb38a6913b4f59a9	782b13924885845890abf3aea5c600b837146f3fdd48385f1920e1e25e5ba92e	5d199a40805d5810	sliced-sha256-8.v2	nvidia-A-1
836	3a180962	4.094317	19.501	6.418	3421a51f050541e177593377334ef58593cab5b26e138f1c3cb26f3bc49cfe2f	19cd9cefc023a8fce9e5615545cf3334428af276c35077954e75840945a8ef4c	1f959e46148d8788	sliced-sha256-8.v2	nvidia-A-1
837	3a1804da	4.008016	19.505	6.604	c59ed39ad58ccdc25d099310b8af3cd71b79155a54c7a67c4cae3d5ff1c9d64f	59de09375b9f3e99a0651a1588f291d036339e2b80897ecbf36641400957057e	ef1f95d0c28efeb1	sliced-sha256-8.v2	nvidia-A-1
838	3a18004f	4.036610	19.526	6.674	79835e292b11a9a0eea71ca35bddd65f3eca21a0c137f7a760e1e27f753161a2	4a7aca09ce66dfb6c54b10e79b266982ef9e272998bd22e2a81e89c29f533e8b	3ac2ad7a4cde95a6	sliced-sha256-8.v2	nvidia-A-1
839	3a17fbc3	4.056452	19.502	6.767	5376ecef577540790f04c0e4fbb58ae4ff55fb39d24e0c58dc7da29b981bfc54	3d688a69c0510da845e706a77b16700b23a6491476e4f6caa48884cecee1ffb5	021fa97b0985829b	sliced-sha256-8.v2	nvidia-A-1
840	3a17f735	4.040246	19.506	6.760	9b6523390b1b8b57275d4f47c2d010bbbb4adef95949b93e8b058ebb05f987d6	7bb7a4cd763404f94f7c459e011f9a301cbac2d2ac732923d88c5e5923fa5424	fa5a75daad080a4d	sliced-sha256-8.v2	nvidia-A-1
841	3a17f2a5	4.057697	19.505	6.621	4194f4858152509dc501c9a5434d37dc87c6d5eb14d9d9d7a96d6d8a04ea319c	3801a903cf9acf7a3e0ae325049b653db967b08a1199527f7a84f95e49eb153e	564ad47c0cbff1bf	sliced-sha256-8.v2	nvidia-A-1
842	3a17ee13	4.017478	19.504	6.591	60d62f18f17b6fe3f902ead2962c93bf4ec812f3ca251dec5f3582b749195447	8ecb5f8846c8b655ec0bb47bbb8c7b509247ee3c97fcb659bfde02f0e664224b	735b1103fd9747b3	sliced-sha256-8.v2	nvidia-A-1
843	3a17e980	4.006106	19.505	6.667	fddcffd9270261af79d305ddd9fa8486e778aa78acaac1b653125ca67b8e926d	59e068dcde27ff0e277a2ea4814544bea93cabb8667c04f26e099a2afad15964	2e0b7b189b923ca0	sliced-sha256-8.v2	nvidia-A-1
844	3a17e4ea	4.017401	19.510	6.357	cd305346120b6ae4e51bb549507742e05c4d1deb9f91e8bd6fc1b5d0d5576e89	ac1a96d715a21d48853a819511c27995ef69419fb016b83d0e6d7ba493b93306	b7bee0ee60a68810	sliced-sha256-8.v2	nvidia-A-1
845	3a17e053	4.044475	19.513	6.286	521dafb03143d39062e689f39588bbf2e2e36c91e069550b7c38e516e25aa12b	0ca64a2e848ccc3439727c32201c42144975136eef7d947acce4356f8894deea	f1228bb62aca75b0	sliced-sha256-8.v2	nvidia-A-1
846	3a17dbb9	4.006751	19.518	6.495	890698b234fd9becbf60b5796ab93e5773a9c05205c011b7a043cd5edd042a77	18bad15fe4427c3eefe79496905f639c7a0473378b507f85c789570eac0288f6	889c9d74bbaef840	sliced-sha256-8.v2	nvidia-A-1
847	3a17d71e	4.086641	19.510	6.614	1d7fd547dc9c8f5f27f292e6fe6ddcd9c8f45839f73fbe4d6f63f12dae79a9b7	38e6adde430f71e5ff56faa42a3a5aaea1289ffbee0afdf59d2fecb0bc7a1769	e4638c5b9513f1fb	sliced-sha256-8.v2	nvidia-A-1
848	3a17d281	3.997251	19.504	6.919	6a1ed6c2fa5547479abb6b6c31367fa6185d7cff180fda48840d01a39c0b33b9	5a99ad6edaeb67452906b0cd2762d1fdb8345273bbfdd99fce66228c87c5a419	080aed339ab469d3	sliced-sha256-8.v2	nvidia-A-1
849	3a17cde2	4.016801	19.500	6.536	bac7bce2ed1522135d29d4f0a0a94c063c0b3bbec043af4f030e5cea8661af59	2ac862229c4589c9a315e0909129dbc9e828700833f1bf39630eccd03c28c1e3	a06662348829d795	sliced-sha256-8.v2	nvidia-A-1
850	3a17c942	4.003079	19.500	6.366	e16fb2ed5b5a537c60fe2af428499c7a84c14f666b29384268e74aa17e2d1845	a52edc32c7bb84e5850839eced750131dca1d97f14a0c5aef26d0006e55ab1eb	cce19197f487e799	sliced-sha256-8.v2	nvidia-A-1
851	3a17c49f	4.048684	19.525	6.708	4cd7377c6c4e080fabdf44100c17b144abf1aed269a2f27ec1f291441d0b1391	c5ef6a05d0f7a0283e0ec7c16e2fafa086f62e6791aef78e955b74ee0017151d	a0ee187b0fd35a4b	sliced-sha256-8.v2	nvidia-A-1
852	3a17bffa	4.009224	19.529	6.471	773cff8526ca4a35626cb4483e82c408e80a1e80cd5e01e1bda6072a23d180c0	5e96f522e88ec3cfa0b94bb9dff989a8dde33c4a71ff1458b58619b466ccf6b7	528a0e225ec98e6e	sliced-sha256-8.v2	nvidia-A-1
853	3a17bb54	3.987240	19.504	6.224	b2436bd1a75fb413a73f5278752526de6c0a3fe0ac277b39e0270358dc4763d2	37fe70e8f005a881e425b1ee72173a60eb1764e78ce0e3b50bf6e0e27c6bcdae	eb3dd5741820bfc7	sliced-sha256-8.v2	nvidia-A-1
854	3a17b6ac	3.896143	19.504	6.571	4ab912ff4828a9f956f1c15414665318f4e818bf54883ab1cedf1c930933c0aa	339e210a6a8fc0d58238705f17d2bfe9bd175155b6dae72cd6d097850d0aee1c	4dfa1ffc92040c34	sliced-sha256-8.v2	nvidia-A-1
855	3a17b201	3.898496	19.504	6.554	6d3dbdc89d508a9962c53516f83cb069e90618d97f3fead471dd766463a6d417	8d3907c126614dc3b3fa6bb3e7d9ab1b50d5ad0ce35efa89e879d090cb95088b	69d9b6143b27ab18	sliced-sha256-8.v2	nvidia-A-1
856	3a17ad55	3.926921	19.501	6.544	ae5775c4977c33f53dc3363704ab4620e8c51d8e74ccce87a50ea4bd7dcb9657	0cdc914d6bea4b2ca1a65d8127344ed355f5521068ab6fb920bd911944142c2f	80fb5e87e176be71	sliced-sha256-8.v2	nvidia-A-1
857	3a17a8a8	3.918302	19.498	6.674	8fa76fbb46e05981f9313d7c194174bf3a045399a8ed43ccde3e50cd37be49da	3f2a72a7292b1a2fc4930c1ac88079ed435465c02e9f2377c68a6695e9560700	e47a4fc6369b2787	sliced-sha256-8.v2	nvidia-A-1
858	3a17a3f8	3.906551	19.505	6.529	f30ad6941e8a3181c215a5f36d83eaf0460a7093fe842d38c01aae380bb83762	c3f45a0e5cc5759b5886c3a9e2e285fa60bceb8214095e18dcd0f0b6a5c2098c	8a90f9792d923a65	sliced-sha256-8.v2	nvidia-A-1
859	3a179f46	3.928745	19.501	6.563	d382c84f5cbe0ec0f3ae09fba3a687881dbd55efaf8a0f9f84dc12ce799e0dc2	5d080486442dd5997ac04ef10a37bcdd62e12edc3e52d5e6f886d1a3a7f158cd	a117c1e7984b4d5d	sliced-sha256-8.v2	nvidia-A-1
860	3a179a93	3.926727	19.495	6.652	03352bd42e6b8c27197df10bbaec6ec25f6abcb3a1bb303854a5d00e07cefd40	8c549cff77b00a617216dc81fdf81107df7cf4b0108abaaa26dea48dd047a31d	1cd638f549757e81	sliced-sha256-8.v2	nvidia-A-1
861	3a1795dd	3.956195	19.497	6.442	b3a4f35fa1ea0fce89354a63decd7a67c7252535b58a6b97df7f04462d582a16	74c5e124296c44d6e332eecd61aeb7526ae8ce81bbf23294ca4acf3f5a65d16a	2f30f30881585ecd	sliced-sha256-8.v2	nvidia-A-1
862	3a179126	3.909881	19.500	6.618	013759a45e134cead20fae7680ef316d5b681065f2f73d56ad2208757e5a417f	ca8a911e8e335aea95ffb28439ea8cf3deb26d485ab625c270092ea000599e84	8cb57745be3b48ae	sliced-sha256-8.v2	nvidia-A-1
863	3a178c6d	3.907057	19.502	6.698	c4cf2e851ece91a9b988e784bd48d6651c4ede0219260cf71dce23f4f9eccd19	1cf393a8f2b82a0fc314f950009d23f302900adff198fa9ea3b3cac02c98e93c	efa0921b2826a993	sliced-sha256-8.v2	nvidia-A-1
864	3a1787b2	3.884908	19.504	6.568	6eb0cf1f261961c3d0ee38802cb86804f8868e443aea524aba299936577d30d0	ecfa85ae6a1d5d1897ae020ef9bcd74d03d360b843a595960fe6ae8ccfa8e328	08c47789c1f8cebe	sliced-sha256-8.v2	nvidia-A-1
865	3a1782f5	4.018108	19.536	6.615	e24a01ccd2931a24e513d86807889970b3572e19b0729dd0019c74e7b906b6ab	64843ed743d51bfd49288446f29792fcdf864536e7663cd93338dd7b086f17ff	be483fd1af6c9bd3	sliced-sha256-8.v2	nvidia-A-1
866	3a177e37	4.199632	19.504	6.600	c8a1c0804b3408554ef95525daa68b862165d661433d7c1e8e4b4a1e8831b8d9	9099fb3006c73a2e5f362d3e496b888eec593387260154960685a7debe93235b	69dab3d6909f78d4	sliced-sha256-8.v2	nvidia-A-1
867	3a177976	4.034228	19.500	6.615	de249a1f8b46ff4bb2a815d49b82fbc54e999ae6b4e78eceeb7e2e7bbaf9cc33	b52343d4a4a87f1b7a2c67a0f29e6140dc4317e4768789240b408156ddc9c225	0ec44be4831c8727	sliced-sha256-8.v2	nvidia-A-1
868	3a1774b4	4.030803	19.498	6.601	36015ad053c42ec0ea71f13799f490c146a5e9762bd55336842b15fd6a35d5d3	7106fedc8f5ce4eccbbfa6d5ebc6f124539279c613da5d3c6cacf6c5d823d845	f35ab70532006c1d	sliced-sha256-8.v2	nvidia-A-1
869	3a176fef	4.023032	19.503	6.633	277da7a1278943813faf543db6cbcecfd2142f846c2129601a468430b4111bab	4b48347132eabc1599d56943d7fc923ff6b92c7894d97041ced7e0d32fccb08e	b90d227288875ff5	sliced-sha256-8.v2	nvidia-A-1
870	3a176b29	3.990652	19.503	6.370	7b529dd93a22e2171532046dab6ab872682f3cc5e164877ab4f49f0b93caa4e4	03e738bcd877c158f1c2b349de7c7fc0ebf4629172515f432e9be64f760e740e	b84dcc42cc28fb67	sliced-sha256-8.v2	nvidia-A-1
871	3a176661	4.014336	19.506	6.474	c3434ee96ef038d4f0cb5acb78135ea36e31e94d9538da545efcc95fd8814e49	d19fc9426eb4eb003ddab55a9bc0a45fb02122d27354ff9ead1ca499a07a4ea4	29552715a313317a	sliced-sha256-8.v2	nvidia-A-1
872	3a176197	4.031212	19.503	6.579	177138698d00c728d208e058ba96dff6111fa3bdc3d2bc05a07cdfa75adfe70a	114ea3117ce0aecaf41a5fa35e885171eea814b9979dc1abb95b68bc3d408263	5f050b59119c10fa	sliced-sha256-8.v2	nvidia-A-1
873	3a175ccc	4.031597	19.508	6.235	77aa48a0ede3a6fed085449e05b675035eda60a30187bf27637636ee6b3384da	46d80c3e661c552e5deb1e07b7a6f82ae9fb97a92195c76fd679bdc73644f5f1	65d101b28f58202c	sliced-sha256-8.v2	nvidia-A-1
874	3a1757fe	3.993699	19.505	6.510	8c953110da97344a9e721e9590b9b56b6441bbd9e0d8f9211fe2fdfdf5eec0d3	60fa50c31890b67324468625ffa154d311ca69c8f2a3b6264519a80fd7aea371	6484da81c85ef2b1	sliced-sha256-8.v2	nvidia-A-1
875	3a17532f	4.057093	19.498	6.320	1abafef0204edb9b82c2816c8c82bb0fb8a536103f51521652e140d6c18ad832	d4eb321ca891fd09012c0f0552779b0c8e37cf4cacf346e6efdd9f29eb96838e	8022d3e14365b091	sliced-sha256-8.v2	nvidia-A-1
876	3a174e5d	4.054597	19.502	6.355	5199627e7556290f7f3d65b23bf34177c20d2a7f5729d46bafe75d1791cb6b69	cea5c712432e158a4f65a566b6ba75b8e9ba7b5c1c7b68093bbfa8e456dc2d83	691be52b69cc47e4	sliced-sha256-8.v2	nvidia-A-1
877	3a17498a	4.057366	19.502	6.562	71fb48f982bd6312bec516768c89407b431dc747c638382a2b5058721c0658b9	027b0499a6d853d7623135a631803dc374108826bb081816467c0b8bddbdcbc5	87884a2be852f507	sliced-sha256-8.v2	nvidia-A-1
878	3a1744b5	4.074431	19.500	6.285	c153965ebfe89fb13cf59910de1fb4f9258d7e080579f6fd29f75dc2f022156e	0f54ae2b7b2c5a56b3e69f4a9e5d8938f496af1b11225c27525e6a1badd3f8c7	1875ae84e256744e	sliced-sha256-8.v2	nvidia-A-1
879	3a173fde	4.026734	19.500	6.643	756c2ef32097e5a6bfc5b4d1786b74c7a551d7c8d9c9e5ecd4cad4ce5bcda0d5	2d34c703e0acc1e17ab9dae277365013d81fe2e04a6a0960a9f156925bada92e	aba0f1c2a5a95447	sliced-sha256-8.v2	nvidia-A-1
880	3a173b06	4.034240	19.503	6.719	4a5a8bc04ecd8e6a62165a463519ef5db735cbea8a31a63182543d2e9da7cf84	0a124b470baa33f258aaa921e14dd3f90fb2864a677c0544b8bb9020ead19eb2	6ebbe965a2d065c4	sliced-sha256-8.v2	nvidia-A-1
881	3a17362b	3.999752	19.506	6.762	0a73081dd38108c1a09cf6bc4cf027682164c80da1f58e67a7643cff1db52582	67160c25f6c1a35c9b03f5d0efdd51e171bc6c0942c2bcff6957490a5d53a229	db1e7cce61936747	sliced-sha256-8.v2	nvidia-A-1
882	3a17314f	3.992494	19.522	6.729	075003f979c04916f24240e586f29f6c870db85ba55861f1c97cbc17419f637c	25b0cd2b12c2fa39abc9ee0c7b79f1601625beaec4faf3602c39c66dcc8c7485	9b315494086e3a06	sliced-sha256-8.v2	nvidia-A-1
883	3a172c70	4.040834	19.509	6.689	73658b78cfb1b4992b951e4a648d3ba2614dd1ba1b1b9971509fdbc60122a900	bc474b4606184d0f13c1436d38376202929a522a84a3ca6debd5591e162ee82d	60b08a6e6cea62d3	sliced-sha256-8.v2	nvidia-A-1
884	3a172790	4.023112	19.505	6.497	ab04c93825f63f8f15ee14e0ea0b187f6451946c8da02ab066ebd3fa394b33be	b93c10ab28a246fd6e0c9c80851ebe208c1e64b88c58e07c8360ca2ef6b6251b	568aab576d00ad69	sliced-sha256-8.v2	nvidia-A-1
885	3a1722ae	4.068704	19.504	6.516	7e1abd13b28da22d069acfc3f896f3bd71c4313d903b01bf6b9d14415585c172	b675eda5d566194f5d7251ad2edf7a6b907e88b719e1ebf66419df3459491b32	7284c633be41231d	sliced-sha256-8.v2	nvidia-A-1
886	3a171dca	4.040289	19.504	6.796	b4b32c362ec82e9e0a154744e758360a6370efd71ce4632764975e65e2510d37	9baee5ab5a8e6c62e7092a9645f314c9b49cda9b54c1101ce25499964227495d	6677a1afcf1de0d3	sliced-sha256-8.v2	nvidia-A-1
887	3a1718e5	4.095124	19.514	6.635	9ec229248f999458e460759760a3f48e7466a72ba7b452babe9a4f66e8abd988	719f290ed5bf4a7660c2655c98f76a8b610574e475516827737c502534b55275	dc8227c9644c46cc	sliced-sha256-8.v2	nvidia-A-1
888	3a1713fd	4.026401	19.514	6.522	279f58f77d0b9496a561b253edf6cc4c84b56c18ba6523c4c7301e4d87cc11d1	caa6bc69b645fc85c57130e4a96e11b0c2dd8f2e07c9c70b3e2b52b6cbc23873	5df493d046b66ca5	sliced-sha256-8.v2	nvidia-A-1
889	3a170f14	3.968777	19.503	6.591	c2c1b18c3d3d3745cab54032fa3ce87b7cc3ac9feed90dd9db0b72d7ffd05da8	1bd8b046cf982907d7be23ea42960ea640e0f0d8a32cdf9aa06fcc2a5bcf4f8c	126a9fb099983ae0	sliced-sha256-8.v2	nvidia-A-1
890	3a170a29	3.971159	19.506	6.686	6d8a8bd35e42cb91f50190b526e8db2531bcc678809e4549acf02fac608eb5a2	e798a72fd55658bce77e8f013db0444f2c32ab116b0dba230a6714bb7a2253a2	7b94695d852c7c63	sliced-sha256-8.v2	nvidia-A-1
891	3a17053b	3.980217	19.502	6.697	2bdb1a1f454be7076a294b97765816905e5f9989c8e9be18b1375f6b0ed18d58	b820cdac417632a48744cd0244f4d92da4bf920bd9f07ff5989e464590c50763	7e4bcaf597b03bd8	sliced-sha256-8.v2	nvidia-A-1
892	3a17004c	4.000827	19.510	6.745	26980305252931b879e5911c81d3a9aef6077c7c52942520913c84be7fdbdc05	adee987261da6a7f2442b42d4932786a6c0ed8c5f3af4c6c7e6a4aa05bcf8341	21d50c81c4ad9aaf	sliced-sha256-8.v2	nvidia-A-1
893	3a16fb5c	4.001379	19.505	6.472	0657d2a1bc5ef4acf7210cc020a08615d0cd144a8eec4d104ebafdb816b66ee6	2cacc22746aa92def8104eb4a29fc02c9f5c6e495f35f95f07ee15c3442642d2	8c76f7de209166e9	sliced-sha256-8.v2	nvidia-A-1
894	3a16f669	4.062689	19.517	6.631	551f6d2847c10e9f950731796a057fdb7cf6146bc04b7d6dcac9ebe1c0ddaca3	7c7e1c621826c981d323846f64a5a6efdf64409a8897ace6d6f8eb25bf94286f	047c3195dadb8fa2	sliced-sha256-8.v2	nvidia-A-1
895	3a16f175	3.966289	19.502	6.418	0538af70a9ac3cb7b4db57785428e4047cac35fe3fd432719e7b95ba2692630f	d21cc8597099db0b2b8ddcd86eacdc7645df5c19403a80a1ed69f4bb584e0be7	ab0377cc3171533a	sliced-sha256-8.v2	nvidia-A-1
896	3a16ec7e	3.970611	19.505	6.232	bbcaadf5c4070fe00d64de980b9ca6b246b7be005ada2c3096c8a1f1ec3c3e72	84fe7c4fc879982a8b5c0242841c3994101017178a64993832746bad77c8f635	f2207ad719e0d7ea	sliced-sha256-8.v2	nvidia-A-1
897	3a16e786	3.960493	19.501	6.178	0cc31e81fb2b015613f5610276fe1b1c41dc0025499e4253a8db89e4fe4c267c	fce0a648c98bc810c3f4100357ad10e1fe9eecffaff7df069fa50ea20b239d81	bc3c2043bdb40b65	sliced-sha256-8.v2	nvidia-A-1
898	3a16e28c	3.957000	19.503	6.545	1d5a9c0f1e925184796566c6a598734a249d7a8f0b17173a860d9200964588c8	a0846e0a641dc7fee26977edf1ecd8d9adc227fbe11433365cfb3de456cf8d9a	a249872060f06882	sliced-sha256-8.v2	nvidia-A-1
899	3a16dd90	3.990438	19.508	6.597	bf829fbbcafba307af1090409a7304cbe2dd64412cfdd263b1da45a65a3579dd	3bf189d3d6529dcae05efa6cbcff7a4229954af42316b77c4e2d031a2d0c7272	48f612fd24384371	sliced-sha256-8.v2	nvidia-A-1
900	3a16d892	3.893721	19.509	6.542	7fe571203519f4ba28c3e78f9161995db115cc75f18428c043d2b5843de3d11a	7c6631f451494ee0ebeb710747bbbbe33a1a06c4fcb228948e110227c29fa4cb	bdcd97850a19d09f	sliced-sha256-8.v2	nvidia-A-1
901	3a16d393	3.893206	19.500	6.213	0cebe4f9ab730ea9816641f958b5cc4e3bae65d449a5a00c4a1a84d0cec74805	3fc38fac705f03ef07c9fbac5a208eaad3932d16a7e8d4193ce4acb85426e13b	116810abc6e73dd2	sliced-sha256-8.v2	nvidia-A-1
902	3a16ce91	3.872726	19.513	6.409	283620afa28adf21ab678276f2c6494447519ab6abfe4d6a72cb3f7f372fbb57	cf96ef27a0018727bf2c6a5a2554980b1c3ef961ef985a80fb72a4e4c1071c14	c297c1cd568477fb	sliced-sha256-8.v2	nvidia-A-1
903	3a16c98e	3.871615	19.524	6.690	286e9a873bbe40cf2d70317612db4abc1f068483539cc1ed3cb8656d61b90ac1	175e0209ae0a009d4f21480852add5d723a65823e40f6c3ab379e69a49203323	5e7628448b3e1ae0	sliced-sha256-8.v2	nvidia-A-1
904	3a16c489	3.873214	19.509	6.750	7e4f6e8da7c8687432e3f274074778a1e85647303b5f4fe754643315b3c1a491	4d7fd65c96f57cddf2d0ad088484167417e1d08f052ae39997b47b762e6124fb	12c4c5e7e2705a08	sliced-sha256-8.v2	nvidia-A-1
905	3a16bf82	3.878047	19.512	6.332	c2634ca7ec0967ba81971538c972493013145b75de800c8bf63ddc41070dd682	bdaed319dfebd4540dec91afc4406eda065ffe9885ac08e24f228887282bedf8	44d6e13498bd82be	sliced-sha256-8.v2	nvidia-A-1
906	3a16ba79	3.886926	19.506	6.372	16008f04a690f17ac85649e0ef6c370fbf7fc39941db29e94b79b2315c82d1dc	fbb03ade3bf0eda4f06688a3242b7ab073a700538fc705e3faca035a131fffed	5de55c15d49ab09d	sliced-sha256-8.v2	nvidia-A-1
907	3a16b56f	3.913632	19.504	6.612	968ca023415492f4979bd3e849a72724181c24c10b1c29df0c2083e0a946ba64	7bff896790a0b8355d4f35aee40f7550013887973a2804880ee85fe0465b017d	aa9264f045304716	sliced-sha256-8.v2	nvidia-A-1
908	3a16b062	3.871356	19.509	6.387	5695498ec477351fe6f22e553156f6f05a09f5659e53df85cc10c9241e2b678e	657295e64fe1efc181f6b9e3b5bcebe78e3ea112fd26c6070aedfeff39cbe8e9	30e7b7f263a1cb5c	sliced-sha256-8.v2	nvidia-A-1
909	3a16ab54	3.850383	19.510	6.585	d0cd945549ffe1ff12e83b9d914bad2535a56d796038d91b5bb56a281fcdc615	6093c89909457321a70701271d5437e080f0f0d76fb9adea22e043fe40143c27	8015a9173f296f69	sliced-sha256-8.v2	nvidia-A-1
910	3a16a644	3.830147	19.509	6.482	b107bb8d83e89609dac006ece61a7dd151d1327f7086711c9a6b8d3f360fa505	801696520ff6b2396ffb982dcf797abfc4bba960972747288884caf589b48dc2	a1ee9a73b006f0b0	sliced-sha256-8.v2	nvidia-A-1
911	3a16a132	3.925554	19.524	6.351	743ddfddf0f73de0646e220da730369b7f76b95bbb012dd90cdecaca684b702d	641511134fc2a3d6f7503dc25ad44ba3b854c1a588b1a6b3a4448194b6bdf354	82748f9c92ee2b44	sliced-sha256-8.v2	nvidia-A-1
912	3a169c1e	3.963479	19.511	6.542	3304d2a97be3ece22472b8ee3cb044122609fe67785c007613bcea94f03a5ceb	053521360874c883e3fbf5c17cf6b4b32c381cbf13e631f5d9fecb09c8ed140c	818d46b1a797b012	sliced-sha256-8.v2	nvidia-A-1
913	3a169708	4.023397	19.506	6.514	3bb12086a262f13168b3103365a7b076be98af037e7afb8c9c15bd4b55cf5694	49a17bce28a69527d5f5239ecbb6eb0d5474f9dc16ea7693578665d81fd8e40a	dc0c10ccd51c32e2	sliced-sha256-8.v2	nvidia-A-1
914	3a1691f1	4.013756	19.512	6.501	c829e0036888b78453dc9c47f6a6f6e7e9ceef02302778b4c12ad366183161fa	8db54bf8a684993b4369de745ab15de776baf76a1ac81c42a428793c5abd0f08	f99c3e6e4a7eed8f	sliced-sha256-8.v2	nvidia-A-1
915	3a168cd8	4.019356	19.529	9.215	841c750cd1ba421d766505577734ffd77b669b71bb1251a872a728ca78ec83fa	cc2d83b0cf4bbdf68e1661e9ee382c6f9b10c72c07b50dcb6aab7c00dcbda5f0	63afc8c27f29a28f	sliced-sha256-8.v2	nvidia-A-1
916	3a1687bc	3.971829	19.581	8.074	9b4fb60744cf13e6ab9a5057e77bee70363cf767dad4579dd9d788654422226c	943f506a47b8067676bbeb6ae6aa044cd6b41ead609c458bdb9788b471216be5	5067eb51f9b9cb06	sliced-sha256-8.v2	nvidia-A-1
917	3a16829f	4.016818	19.518	6.834	8f316df99774012d97ea23c16b3d3c839310766ef35600e4c126d1d99d3fb3f3	28d90e0e61295d635e836e0f7c36b357bd0706fac59680f61f223ec822e305b4	c1d80158e6184d87	sliced-sha256-8.v2	nvidia-A-1
918	3a167d81	4.078363	19.528	6.907	ed77d4176da6a2cc602e9955b2fc8f4e22c33d3dec352d639f06217e355a01aa	162c4768a6034654b312e9d7cd16e69393380cdfaa084fedf0807e505fd9e353	aad3497b9c7c66b1	sliced-sha256-8.v2	nvidia-A-1
919	3a167860	4.000352	19.515	6.699	70123a42b00daa9fb67d98401d727bfca668e5a2646ee3c115563f58282478de	ef3d7f772e4287298f23bc4440e32b1c50b2f517390ba1f5cb4a1ea74ba037e6	30ec3ad07bab6421	sliced-sha256-8.v2	nvidia-A-1
920	3a16733d	4.071836	19.513	7.065	9053c98dfd9cd25115eb6edc790eaebb5d35a7b0a53399b1bb5b10f7515e3051	e6732c3a579471e0854413705c76d85e91c675e4df8ac1c5370aa4d93efcade5	5d50777d33c38c7c	sliced-sha256-8.v2	nvidia-A-1
921	3a166e19	3.959978	19.505	6.878	e4121b85b08da50026dd7b57ba62dfa4a4a1d06ab0bc12a6d3c98e8850072bbd	bdcfc0ed409337d1051a387327a77e93577b3150a54ecf9ca132cf3a87fbb644	0cd2e4ea6354c49d	sliced-sha256-8.v2	nvidia-A-1
922	3a1668f3	4.019849	19.526	6.547	4e3a51a23023c97ea78d68520fa18d5af3f57908d46de9e586bccf7cb862636d	3f1fe60cad3d7bb54fcee36e8d0d7b572c3f665a875ce47ee286e878930c801b	744c642b8b94ae45	sliced-sha256-8.v2	nvidia-A-1
923	3a1663cb	4.008917	19.523	6.643	33f80f90fa6853353661acdea84e8b9808b5c497bacc50465bbfd19bcb56497c	2c752ea88abd89d04e15c9550ba1967ce75c127d3ac40d7a3b115c8894463386	f0260b48c8898c40	sliced-sha256-8.v2	nvidia-A-1
924	3a165ea1	4.006741	19.526	6.704	f20dbbbfea2788b84b2d211dd1edacf8b2b9b45ace79eefc2e8d155306b4e65a	ff0df6906c79b92683c73508a4cb9b27d4c5967a61ec0de67ec46b3cf2a3187e	dbdff95b8abf02a8	sliced-sha256-8.v2	nvidia-A-1
925	3a165975	3.985173	19.506	6.803	b531608ce722cc699d3f520dd6b328ad55ee1096f3673dd8d13e13500961f014	bdf2787eed50d559f40ef924ad17bb09ac1069232fed6a7216efa0318cd6834d	6d6bd3874992df96	sliced-sha256-8.v2	nvidia-A-1
926	3a165448	4.022492	19.515	6.543	ecf771447273f0418cf3f40495675d4812e13a37a26a20e481bc112e37fbdfd2	d789c8101759806422cce5ebdb7a4b86b8df502593d237146e32ef88789d1735	814e036d32499476	sliced-sha256-8.v2	nvidia-A-1
927	3a164f19	4.015020	19.517	6.777	535c682efa0185a4fe965383f7ad038fef4c810108c634f077971d25a2c993bd	2a0c713f8aeace0ebd3dacdaa3ee75165475032f9b5ede93f9ff4875d2692d94	4b20334cb0de8115	sliced-sha256-8.v2	nvidia-A-1
928	3a1649e8	4.033305	19.514	7.601	91fe98ec40381a1a871095e400dfa843d8d2223f4a4b918718c43ab3a937f4e2	ebeebc5ac1d3f603becdd6a02250d013060e3eaab141f438cb3806117754afce	284803d68c16e161	sliced-sha256-8.v2	nvidia-A-1
929	3a1644b5	4.024115	19.565	7.341	547ef2af1500fe2d397e5e1c415bc2128827b750602961c91fd6858c44ef02d4	0f726e57185b036c81afbddb6e855fa8b76977b1ed751f4fd32233398518f034	d7132a8d0e1dca7f	sliced-sha256-8.v2	nvidia-A-1
930	3a163f80	3.999372	19.519	6.917	4f126ba520e4168397d187efb40dc4ee27dab9dab1a7587ae82c946063990143	e7c693c0bf2589db6aa778aede93b22984461daa0ea3edbc0907b2b8ff8e06c0	6d0f4ff84f5e0282	sliced-sha256-8.v2	nvidia-A-1
931	3a163a49	3.992261	19.500	6.789	9a11a59c7ae7d2081c3c9fe5fb12fc1fe5a62bc5adf8028a5b15a88f8f02cfb9	e4de4908e254b1bdc57279fc83a873322d479412a74a7b2e5d5345fbdd95fed8	9bbc882740475234	sliced-sha256-8.v2	nvidia-A-1
932	3a163511	4.015086	19.505	7.808	f40d67d9924486b7badddab0da8f04ef0c912a9f674b3a67903d65920ab68710	94d661cbd71617e6d6e5c843c6b1543eaee35819b25c52c1ea049a73693f888f	cf8d493791ef491d	sliced-sha256-8.v2	nvidia-A-1
933	3a162fd6	3.989141	19.488	7.098	9bc509eadc0679cd8763edea16c41222d9b244f90628cd4d80224c0030f874e7	e57c62e643415c8bd88a8fa2f9d3c5bad77608f396e1f560d230f8c9f03476ee	125e76a8f582d70a	sliced-sha256-8.v2	nvidia-A-1
934	3a162a9a	3.973339	19.495	6.743	9c8e79695f0f19dffb34ce18555efd6a2e6ef76a94384faf0228bfc6d751770a	b78c55e676db91968e2034974dfab41918f70cc398de5c7185bc60d963d11a31	f64cc2759a99af12	sliced-sha256-8.v2	nvidia-A-1
935	3a16255c	3.943881	19.493	6.659	eefe470140a9935b6f8e3bdc821ca07dcc74f712334aaeadd090e4249715a837	54eb082f2b8f390f95a54d7fcc06ad728d8c0963192098c9e909d065f16b84f0	109dcde6b3e0ee05	sliced-sha256-8.v2	nvidia-A-1
936	3a16201d	3.933928	19.507	7.171	434b3d8fffb0d51f05c1648bf86db85456e9ff834e9228a561ff903365caa94a	06386db2e4fc51dfa5d6ed22bf2385986dccb91e22e91b4e5e637bcc3f1eacb0	d6afbcd97a3e521e	sliced-sha256-8.v2	nvidia-A-1
937	3a161adb	3.989196	19.489	6.625	a7a660c63733e4cdf6a7f04a3c900e84d6b17753ad6cb70f7ed036f8e4cc7752	d09b70f83d2355a790ea56116ead8ed849fe3ea55d020e9bf5dd35fa04c054c9	ded64911a935c604	sliced-sha256-8.v2	nvidia-A-1
938	3a161598	3.955616	19.506	6.721	02ca3a62ff62f0cb4cd3962968922faec8d06a0734663372b83d05a62a593c48	b282016478d8208208967108e787048061e07ae0e3d3745b4a3f5d969d1d930f	447cdb17d976c021	sliced-sha256-8.v2	nvidia-A-1
939	3a161052	3.999990	19.502	6.745	ecd58eda3ae2c0e1b42748d9940bdaacdb826e58382016d0992b7c47e9861190	28b98e34db3a449b2791e4403aa8a88ab5edbb863b6a8022e7b10eab4f9fd7e6	f8f29e1c6ee1ff4d	sliced-sha256-8.v2	nvidia-A-1
940	3a160b0b	3.971950	19.490	7.150	3d4370e58b454699244520f46c8c54909b9037302b399751e4ba65ebfa884219	d34c2c9f18d57e576fa77c6c8ee8f557bfbe6f03fc6f62393458a161d81c9684	99d993bfb03de146	sliced-sha256-8.v2	nvidia-A-1
941	3a1605c2	3.962972	19.490	6.767	f43a725ed8cb22a5d89395bfe541d182982779bde08cc4a6e5f911b81299f52b	3b588129abbd03da458e5027c321ab338cbbbf54bf836aca9b0d4a501c0c2bd8	d92fbe38224901a4	sliced-sha256-8.v2	nvidia-A-1
942	3a160078	3.933428	19.500	6.666	93536f21c332b84ea699cca1e4b37c077034f06d479ef1b5fd18de948220cbbe	270ac3f7e873831868e837cbd02796e2d8fb7d4b944d340827cf5329986e8a18	0d00d9bc1aa0092b	sliced-sha256-8.v2	nvidia-A-1
943	3a15fb2b	3.959595	19.498	6.733	4a14324143af8a478acb009840fc07fb176295be96b933c92a6dcbe613ae27c5	4d0815b6042652ed513f6e4cb2847ec239172e1ac549371dc88a7b85d190109d	2b94d00749839bec	sliced-sha256-8.v2	nvidia-A-1
944	3a15f5dd	3.929165	19.494	6.892	f0fbc5fefdd097177e218bd304b8c8556a07e756f91b6f95bbbc5bfa8d3b5096	5e0783b6da0e6bceaacb917dc5b155adbf90d6101f784ae6c8314d7e965f1c75	1458c59b8b50287c	sliced-sha256-8.v2	nvidia-A-1
945	3a15f08d	3.878439	19.486	6.677	ee4228c8869292437a012c6844651df3d7ad91ed55087536444fc1c079c66b85	0cb5e79e9436f8606fe362f25e320152016d282fc9e3ac1288738f4f935e68b2	9d97fa03378d857b	sliced-sha256-8.v2	nvidia-A-1
946	3a15eb3b	3.950122	19.508	6.719	3fa0505361261d7d3e0944bd8f8e900fe2e47508d3d63e05a9af4ae7ca38eb71	c753efa6e55cb4e7c568a38f241bdb0757d3f0d6b0603fdc007e7774a5f1c206	d750d975a6395e7e	sliced-sha256-8.v2	nvidia-A-1
947	3a15e5e7	3.879412	19.500	6.827	cb3c9f3fd17dd8ec2a1b4ed8e129738d970c9d9387729af4aac7b63c5bffda43	bb67b584fd03a8357b7a954eb8e56f785728298770245a335be893602d8386db	050e038fa7778112	sliced-sha256-8.v2	nvidia-A-1
948	3a15e091	3.834433	19.505	6.727	ece2be00773aae1329e74b1d401510db70b406dd6df904409c4a3a031d4bb713	19f02a539866a3402e61430079d532bb3f161998d333e4b2cecf30f3ec07412b	f3b6682a334d566d	sliced-sha256-8.v2	nvidia-A-1
949	3a15db3a	3.800712	19.506	6.710	de105eb0b85a916175380dbd82bfb194370a254d27b92b5c062259c0d8a85fae	6950c5c546fdaad1292e79f630a4421959ca013a23b0bc8b465b184bbdee26d4	8100de3e04229a41	sliced-sha256-8.v2	nvidia-A-1
950	3a15d5e1	3.822189	19.514	6.831	30eb9db03ebff271f8acf72a1899bedae04076fd0fdde0d810880c07c744bd91	70d3a037c24764337d135bf710211db90d992f58fff078858def59261d0cf5f6	cdb9cf21293ab26a	sliced-sha256-8.v2	nvidia-A-1
951	3a15d086	3.873592	19.505	7.103	2cb070c5c60bb10aeabc7bf14cca72e639c801d66197918b39858bcce0666357	63c6dfbaeaa4ca22941d777d9d67945c2ed9f42197f2eb0921f456d75d917750	09cd36a5071aa6e7	sliced-sha256-8.v2	nvidia-A-1
952	3a15cb29	3.924140	19.492	6.834	e6f6eea713db6c0f25430f38dbc1c2dd717d2a3a3fda88f3e14addeef2acf983	f24b45c17d7a1cebc016c9ecb425ac88bb2bd9af64ca78697829056fa08265a5	3a2206310fd2f354	sliced-sha256-8.v2	nvidia-A-1
953	3a15c5ca	3.854728	19.506	6.755	6f0a7762d7a2945e462abb991eb2063227216c1a6d087bb45a0c729baf551879	844aec6e77320d465279d42b5367961f8174381cca8b259a1367bd661db67188	02cf10e6ba0d14c3	sliced-sha256-8.v2	nvidia-A-1
954	3a15c06a	3.890247	19.512	6.832	c1919f9cc717d5c735ece8ffe6851cddf154e60a0385869e5bc92eb3873a5969	3e29905af4fc3d72c830b26a96e0e2ed172fba3e77cb11bc5eace1211258603f	8c49340c424d0bb8	sliced-sha256-8.v2	nvidia-A-1
955	3a15bb07	3.865807	19.493	7.769	b21148d6b870c74bd2fbb30b587924971eb4c252d565cbb97c7d52a6c5f8852e	8e38261f3abc3bdd8446901433ca730c95a9044e3b18435591c3777e4963adf2	54b086801b388a50	sliced-sha256-8.v2	nvidia-A-1
956	3a15b5a3	3.916247	19.489	6.971	4ace47f5432540fa33e177516b94bcc4ccfbc8259212818ba7a04b106ed75868	c84afeeff0ed25ae413deba309fff7b542eacb405c06c6daf120188d1c230dee	ab61438c2f5d52fc	sliced-sha256-8.v2	nvidia-A-1
957	3a15b03d	3.957153	19.495	6.659	fc012d5fc7b5c2e1bd7e9d869f55df596aa97c6ef3d011be055a9e7b7a3288d8	56641e4338d11c6ef962385a9fad3a422badc12f1a3ab96e4a361e6d155ebc65	c4673c4ecaab9b0c	sliced-sha256-8.v2	nvidia-A-1
958	3a15aad5	3.980943	19.500	6.755	95334c75eaf72dd58d6d82237391e6a9a46b8dffbe4aa2426588f38b110b3090	197b753c262ba18813487928cc7b252677a306f338a7df8fe99a10dfda54a36d	6b8b5494d4a1973a	sliced-sha256-8.v2	nvidia-A-1
959	3a15a56c	3.993361	19.489	6.979	7bfdb5b21eab14bc669414c0afb2864fcf5e480c25543f8f40159c2568927672	7ae99d136fbf46c4294bf3f821c589caf67db88503b2c9d8ed66c551b5087fb9	2db984444a624ad3	sliced-sha256-8.v2	nvidia-A-1
960	3a15a001	3.964205	19.499	6.748	a2287828cc4e48080338f8d0ef349a124ebe6ea2b0ed88a7dfee9c12dd6445ee	fa62e0f983aa36361f26d99a628ed53f9d799a792112a324e5f3123fdc18c3e1	f4d7e8bfdb648c8a	sliced-sha256-8.v2	nvidia-A-1
961	3a159a93	3.995493	19.509	6.744	b0f4a81023c5e2a1a063799d162069c916ff44781ab3e616145e905f573afd11	33388f0fba37c6ba7748ec530ea87ede471112d7af7a8cc22c4ae7499e2dd831	eadcaf62cbac0047	sliced-sha256-8.v2	nvidia-A-1
962	3a159524	4.038240	19.515	6.405	5ca8a627974b8bfe102c00895083848f59b39dbad99bbd08924bf9c43ccf8c49	f056f44453b60542d67d47175074bd239aa9b8ac402a2e497ca4f4504319b472	18475f71472458d3	sliced-sha256-8.v2	nvidia-A-1
963	3a158fb4	3.968790	19.527	6.858	05040c6abe97281d597e37e08ea5d96f2f88a783d57bb578807ee1f80f75ad0a	41e58bd96852994f265ac3446219287f0d8d53ca8333e17f6adbb37af2aafaf3	bc6e8dc7a413fd44	sliced-sha256-8.v2	nvidia-A-1
964	3a158a41	3.960897	19.489	6.823	591366299f53dc1df9ca3e5536fccebfd3d1432c2798bf1b13535a91982f8274	7b5ef1c0d869cd870569163ff97f9cf848723a398f94014230579a7d60ff5f00	6d858b77387b1e19	sliced-sha256-8.v2	nvidia-A-1
965	3a1584cd	3.966554	19.497	6.862	fc1fc2d876bbb44e8c351ff0438322398356904e97c5f62fd327ccf02f1a54c8	ecb55d840980eb2556a40bd4a4dcb0531ed03116d21305bee4013a61013f5198	ff780abc3a8f5fe8	sliced-sha256-8.v2	nvidia-A-1
966	3a157f56	3.951927	19.510	6.780	173bc76e1dbc9273ff70be6086f60cd2fdb0444dceb737237be595dda3f2baed	f78acf2858faeceae1e09e34eb7ce00a8c82120aa340dd8f2f0cb2cca32b9ace	a80772fbb767eb09	sliced-sha256-8.v2	nvidia-A-1
967	3a1579de	3.967238	19.491	6.932	21f3d82024a09e621d391e2ed79d78297766ed63d86b0cb87644593f6c1f9867	4e284f18c0f4fa8afc01e2d698bda7afd683f94ed1415f9d9a6120b11ae4ff58	6e041f67a9684a00	sliced-sha256-8.v2	nvidia-A-1
968	3a157465	3.980683	19.497	6.717	8cd26534f697e4a431ba2fbdfa168437db9d5a7abed0f5fd26bb10b59924fd53	8efc08112d4d2fcfa3b88413d0036cf4ac49bea40e088c16e2a7cc8907837a2e	ab0b032da5993b87	sliced-sha256-8.v2	nvidia-A-1
969	3a156ee9	4.051394	19.496	6.617	0a1ec7070eb03af4af8094df5e921c5a2e8871cf850933ad322a2b5823e82acc	e024866f21cfe725c5f8f7e14d850caa626cd753ab2f89fd9b3d8aadf5abae00	134771c037c1db6d	sliced-sha256-8.v2	nvidia-A-1
970	3a15696b	3.991602	19.498	6.655	af1fca45be6b987e0e7ea7106165bbaca849938bb8b8fd9a1a362a2932a8127c	9e220c456b23d4d8a233b37bb2953e242c43d35f16a2cebf61ba65d4ea2fd071	234d1d1e99a9f153	sliced-sha256-8.v2	nvidia-A-1
971	3a1563ec	3.985439	19.490	6.835	1d848209455e49f88bd371b7bf4fc3c307fe9e8c44f083a44743e68925f41c58	063f99366b13a43e87f62b8811909b2dcc504f22ecfdffe8e8f43416253e85f2	9fb6352706f906d6	sliced-sha256-8.v2	nvidia-A-1
972	3a155e6b	3.960781	19.499	6.640	d9933f7e9e8c9edfae91fe10163378e62aeb96e433f798ccc35fd50a24e75a92	6632d9ac1371b012a5d079a638a199b03c0cf1f63840ff072f450ea8c0bbb964	b74996ac83bb6fd2	sliced-sha256-8.v2	nvidia-A-1
973	3a1558e8	3.973027	19.502	6.667	74e802d9a9841b2a5f1089a7f80e05c27594b7a0d61b3d414d8ec331701424b7	d58c42ef7ba36d43dbcf9aaabe54397b9cb797517d66dd6a2418cd967e8bdd03	2bbb1c6968ed055e	sliced-sha256-8.v2	nvidia-A-1
974	3a155364	3.997495	19.507	6.692	bd15f7c77a08939fda1a4379d72a849faa7576d43f2b8e09bb95e492d098ef62	22baa239c8de5def8f3e6ef1f6d8b5e8d0adad49d987c15c98368e915bb80e9c	a945f69bb470bad8	sliced-sha256-8.v2	nvidia-A-1
975	3a154ddd	3.978219	19.488	6.828	311bfea40517429e69cf46f61f06dae0c19f0e50fc2f302c16edb278218e7290	7a017eeabff0f85a73578994a7f4410860a27f3d012fe4312a3104d229ebb83b	0317c6429a1d5660	sliced-sha256-8.v2	nvidia-A-1
976	3a154855	3.964924	19.492	6.649	63d78768104f4f3220bf7210428c3e89db46f8bff9312686b0dd85fd2cb29ea2	c9e0b13c2b71645101176a9fd6796cb6ffb70347a85938643aef9800047cdadc	e080a0fec86154c2	sliced-sha256-8.v2	nvidia-A-1
977	3a1542cb	3.930832	19.478	6.654	40c5ba9730e8ef86f8eebcc6107ae310773e00d6946b992aabcdacfc23315e20	620d60ad2a7040ba2e4006469ad7ee2441a365d7c81f39079da4af9e3cd0f81f	70de3644225a5ddb	sliced-sha256-8.v2	nvidia-A-1
978	3a153d3f	3.928083	19.482	6.513	b9275bf7eb87404c78949601b643e5a6f4a3065d76794d24642bde6b08bd619f	e04c2b23dd8035a63dc165a3cd137c89c49334c3245c83c8947deb2f2feef314	150b4845801b7a44	sliced-sha256-8.v2	nvidia-A-1
979	3a1537b1	3.941854	19.483	6.711	8c8fc1b55fdbdc2b66a12d2e43cfa3f31211276eb3528346f84760037d44d4ec	72459e1e3421eb8b891b48cc5b97324d7fd6406409694c94070d52d038705c2b	4ea718819b934310	sliced-sha256-8.v2	nvidia-A-1
980	3a153222	3.949988	19.525	6.631	0d80c616d039a340e40eb7d522301b85818859b69e7c070cf6ec066d8d8d3154	ee25b65cc52166b539ab36b912d111b36c16554e526ad8e7d30b5472e401d612	0ba230fb44ca2b5f	sliced-sha256-8.v2	nvidia-A-1
981	3a152c91	3.936563	19.499	6.879	429e961385f342af728a47d5003b8e95686257df12f2087a02015fb38e6a57f5	665274cb29ff9fc2f98a78a6a81a79665efab27885c5877393e4c3676319ce0e	3942a6d1d169e714	sliced-sha256-8.v2	nvidia-A-1
982	3a1526fe	3.889608	19.525	6.942	d44463c2f59eabe55855c1eba36e0ab5f7f786f81fe77865ab99f4e46a22879d	eb67b2bd0db936498d64bf0caa72105859b48aaebe16cff823ebf31b5dcdb365	409aea9c590fba4f	sliced-sha256-8.v2	nvidia-A-1
983	3a152169	3.904295	19.493	6.761	4031627bad4f7643c0f309355f898d39ca3daa7a95bd46f93745919affe92acb	f6f8ae5e98673f4b4948a37e78f26af8dd490945fcc898b2ab54edd80798e09b	be958e045eb07a7d	sliced-sha256-8.v2	nvidia-A-1
984	3a151bd2	3.927561	19.516	6.913	d5090454270aae22c84e9a1c4cd7d6fe9144b961b49be4d9c9d70a7ad5a6d75a	c0e9664e52a8a8f3f856885f4a13b97245f7975c0f8479cce371155f464d7813	93663eeae8f6ecaf	sliced-sha256-8.v2	nvidia-A-1
985	3a15163a	3.936460	19.509	6.554	423300906fc6fcb983804663597d2f766dd7d041d6739a35ab0de5c01abb7e0c	c0a24684f1a68391ca9d0a80857d4466bdc281e3df0187476225f92da0602c6f	0d3b30fe237328f6	sliced-sha256-8.v2	nvidia-A-1
986	3a1510a0	3.926406	19.500	6.821	f8ac91d77d1f909a0d8f451a59514334ff2741c727bcd85db5d5517e5aa699f1	fb1026a95cb42c83a269119a78085be66452c2e246b406452d7b9ed743d7365c	513f5dcc77371780	sliced-sha256-8.v2	nvidia-A-1
987	3a150b04	3.942797	19.496	6.642	3740ad948856a2d94e36a64e45547a4af0c1d7117e00195b6308621033d70e1a	1224cc8f88b2b8ff75742ff97a86d7e62c68cc16ab5889ba149774cea74f643e	b987e66196d81023	sliced-sha256-8.v2	nvidia-A-1
988	3a150566	3.983004	19.495	6.659	f2db1dad4713cbc1bbc82d1b6417d8787076ea6fe7b9e1ca3c3f05c062b2d031	66b4cad22814c3220886ab505853127854936a1efb292c3a0bcbb8fcddcfa23e	6b1761c5445c1248	sliced-sha256-8.v2	nvidia-A-1
989	3a14ffc6	3.838947	19.486	6.612	f9b7b522e06cc434e45f8647be657424508e7f4921ebec182f036a8613c01539	a18455c9221555e180b0cedf525bd86468df17e22a602417b29906ac8b75c886	ab204a0d4c2d0dbc	sliced-sha256-8.v2	nvidia-A-1
990	3a14fa25	3.792858	19.486	6.598	8dd149198ebcb9cb76c8e7f78af12bbf8963b1b85a0615369b4809949b12a4a9	36bde254ee48fc8af695a6df91ea58e55d1b531eb1cdee2f679ab6c8ec2c24c7	77e20e02269113b7	sliced-sha256-8.v2	nvidia-A-1
991	3a14f482	3.827967	19.483	6.543	fe0359103ba7c48a3b636e047e1fc5ca28066a76e9cf7023881511c5c0dee21a	1fb75667448ca66433265efd3cc9e466b769224f9e21fa21d5ef019de44b0253	edb54189949a1f15	sliced-sha256-8.v2	nvidia-A-1
992	3a14eedd	3.805705	19.492	6.633	5f192ef73c976fb54644a24128a7a5ebd7d1546d54f3ade0b50bb9bdba7170f4	97756217ec888b5dc6feeb56b1ca8027dfcbd0247d5b06ba386e1e47a4e5417a	4487da14b915a950	sliced-sha256-8.v2	nvidia-A-1
993	3a14e936	3.853565	19.484	6.608	030f2d530f13688708c95e3ca333ffa134c2a682ed835c86674f86c14945a112	97be4c4bfcf06f73c8f3fd9559d37b5f0e8f35d5a3ad09b6252b816667e0db64	5f3f138b091990b6	sliced-sha256-8.v2	nvidia-A-1
994	3a14e38d	3.829520	19.489	6.661	81ace3824171fbda767bf286ad2b13f49aa69afd192eed49cd518b47909e5cab	4872a0e235176bb4b15ae9da7d10077ea573f6b20da89f93be836e2f015a7510	c27ef3b606572431	sliced-sha256-8.v2	nvidia-A-1
995	3a14dde3	3.847699	19.486	6.594	c87a11d28b9ef84990a73f5fc5535e3feb401e1f674bfd354ed7fd5dd2b66702	88a6c1fee70608732c345625245c2e9c96a1c0137849abffe3718548ed832c78	5ee8b6e2997a8124	sliced-sha256-8.v2	nvidia-A-1
996	3a14d837	3.792301	19.484	6.584	665572cabea2bff585e56de453ea00102eaf912c797c7e5b1fa8558fce9b33a3	b47cc81141e8b5e208d8bc23abc7a8cf7b2f814721af3c6017818b30280c3d61	aecdeb6d662d6c71	sliced-sha256-8.v2	nvidia-A-1
997	3a14d289	3.768057	19.485	6.576	4ab9e6e59c01f93e058c29cf140b75cac35fb18b013cf06c0ca76ed84fd489bc	6a3bc58dd5f9a5958b2c6f6f4a9969976dd77d6c8b4ad66df7368580bfd23529	ca23d3dcf7b2bae2	sliced-sha256-8.v2	nvidia-A-1
998	3a14ccd9	3.748315	19.483	6.534	b80a6eaeb39928977f0b5d6b125de8bd4371512978a37b997f07cd41440c24bf	70d3de131abafbd4cae459242fa66418fb45c7a9579f07525e60626887033fa0	3375a8d624a305dc	sliced-sha256-8.v2	nvidia-A-1
999	3a14c728	3.774592	19.483	6.913	bc1bb264e7706baa20f30eb352773b576977e41f746598b0ee056997b4ba5363	d64d8363d4138ba1611066b95adebfc13fff08f50eda7bf554811adbe0af66d6	b228365c74e9ea0a	sliced-sha256-8.v2	nvidia-A-1
1000	3a14c175	3.872499	19.485	6.702	0c4a2790bc1c9f92402fee782a3255d29ade6096e6345687fc84bd40e3d0d32e	14937136ee8bee4815e0b3472a11771c6eaad44438be9d67baa47959ac54e173	386c4e2b3b4e8617	sliced-sha256-8.v2	nvidia-A-1
