== bench/gemm_int15_price_main.mojo [IDENTICAL] ==
column amd
profiles fp32.v1, int15i64.v1
int15 dispatch: mma (lib_int8_matrix_unit_for)
sabotage: none
repeats 5  mac budget 34359738368  only 
EVERY NUMBER BELOW IS ONE BOX'S TIME ON ONE RUN. One call and one synchronize per sample; the median of the timed calls is reported and the minimum beside it.

== llama8b.qkv.t1  m=1 n=4096 k=4096  FULL  fp32 plan: SPLIT 1x256 reg1x1 KS=16 leaves on grid.y -> workspace -> fold (block per cell <= 16384, else register stack) tpb=256 hwftz=False (256 thr, 2-D grid, no swizzle)
DIGEST fp32-llama8b.qkv.t1 fp32.v1 0x920cdd138650a8bd
PRICE IDENTICAL int15.llama8b.qkv.t1.fp32.v1.device 0.05845
   device-bits int15.llama8b.qkv.t1.fp32.v1.device 0.05845/0x3faded288ce703b0
INT15 amd llama8b.qkv.t1 1 4096 4096 FULL fp32.v1 0.0585 0.0579 287.0353 GMAC/s 0x920cdd138650a8bd OP_NT,plan=13
DIGEST price-llama8b.qkv.t1 int15i64.v1.flat 0x6c0a74154145a04f
PRICE IDENTICAL int15.llama8b.qkv.t1.int15i64.v1.flat.device 1.150028
   device-bits int15.llama8b.qkv.t1.int15i64.v1.flat.device 1.150028/0x3ff26683c297bfa5
INT15 amd llama8b.qkv.t1 1 4096 4096 FULL int15i64.v1.flat 1.1500 1.1378 14.5885 GMAC/s 0x6c0a74154145a04f not-dispatched(the-column-has-the-unit)
DIGEST price-llama8b.qkv.t1 int15i64.v1.pieces 0x6c0a74154145a04f
PRICE IDENTICAL int15.llama8b.qkv.t1.int15i64.v1.pieces.device 2.130626
   device-bits int15.llama8b.qkv.t1.int15i64.v1.pieces.device 2.130626/0x40010b85a4f00ef1
INT15 amd llama8b.qkv.t1 1 4096 4096 FULL int15i64.v1.pieces 2.1306 2.1103 7.8743 GMAC/s 0x6c0a74154145a04f not-dispatched(the-column-has-the-unit)
DIGEST price-llama8b.qkv.t1 int15i64.v1.mma 0x6c0a74154145a04f
PRICE IDENTICAL int15.llama8b.qkv.t1.int15i64.v1.mma.device 0.0804
   device-bits int15.llama8b.qkv.t1.int15i64.v1.mma.device 0.0804/0x3fb495182a9930be
INT15 amd llama8b.qkv.t1 1 4096 4096 FULL int15i64.v1.mma 0.0804 0.0800 208.6718 GMAC/s 0x6c0a74154145a04f dispatched,four-unit-products
DIGEST conv-llama8b.qkv.t1 convert.int15.quantize.a 0x4bfbfd4a194dd3c3
PRICE IDENTICAL int15.llama8b.qkv.t1.convert.int15.quantize.a.device 1.322878
   device-bits int15.llama8b.qkv.t1.convert.int15.quantize.a.device 1.322878/0x3ff52a821f2990f3
INT15 amd llama8b.qkv.t1 1 4096 4096 FULL convert.int15.quantize.a 1.3229 1.3095 0.0031 Gelem/s 0x4bfbfd4a194dd3c3 per-call
DIGEST conv-llama8b.qkv.t1 convert.int15.quantize.a.parallel 0x4bfbfd4a194dd3c3
PRICE IDENTICAL int15.llama8b.qkv.t1.convert.int15.quantize.a.parallel.device 0.04726
   device-bits int15.llama8b.qkv.t1.convert.int15.quantize.a.parallel.device 0.04726/0x3fa8327674d16335
INT15 amd llama8b.qkv.t1 1 4096 4096 FULL convert.int15.quantize.a.parallel 0.0473 0.0440 0.0867 Gelem/s 0x4bfbfd4a194dd3c3 per-call
DIGEST conv-llama8b.qkv.t1 convert.int15.planes.a.parallel 0xdd1cf024338b930d
PRICE IDENTICAL int15.llama8b.qkv.t1.convert.int15.planes.a.parallel.device 0.01805
   device-bits int15.llama8b.qkv.t1.convert.int15.planes.a.parallel.device 0.01805/0x3f927bb2fec56d5d
INT15 amd llama8b.qkv.t1 1 4096 4096 FULL convert.int15.planes.a.parallel 0.0181 0.0174 0.2269 Gelem/s 0xdd1cf024338b930d per-call
DIGEST conv-llama8b.qkv.t1 convert.int15.split.a 0xdd1cf024338b930d
PRICE IDENTICAL int15.llama8b.qkv.t1.convert.int15.split.a.device 0.01546
   device-bits int15.llama8b.qkv.t1.convert.int15.split.a.device 0.01546/0x3f8fa97e132b55ef
INT15 amd llama8b.qkv.t1 1 4096 4096 FULL convert.int15.split.a 0.0155 0.0150 0.2649 Gelem/s 0xdd1cf024338b930d per-call
DIGEST conv-llama8b.qkv.t1 convert.int15.quantize.b 0xd7511d5a7d3792ec
PRICE IDENTICAL int15.llama8b.qkv.t1.convert.int15.quantize.b.device 3.932052
   device-bits int15.llama8b.qkv.t1.convert.int15.quantize.b.device 3.932052/0x400f74d7add15f03
INT15 amd llama8b.qkv.t1 1 4096 4096 FULL convert.int15.quantize.b 3.9321 3.8505 4.2668 Gelem/s 0xd7511d5a7d3792ec once-per-weight-at-inference,per-step-at-training
DIGEST conv-llama8b.qkv.t1 convert.int15.quantize.b.parallel 0xd7511d5a7d3792ec
PRICE IDENTICAL int15.llama8b.qkv.t1.convert.int15.quantize.b.parallel.device 0.192289
   device-bits int15.llama8b.qkv.t1.convert.int15.quantize.b.parallel.device 0.192289/0x3fc89ced0b30b5aa
INT15 amd llama8b.qkv.t1 1 4096 4096 FULL convert.int15.quantize.b.parallel 0.1923 0.1877 87.2500 Gelem/s 0xd7511d5a7d3792ec once-per-weight-at-inference,per-step-at-training
DIGEST conv-llama8b.qkv.t1 convert.int15.planes.b.parallel 0x3a9803f3b6c2415a
PRICE IDENTICAL int15.llama8b.qkv.t1.convert.int15.planes.b.parallel.device 0.13013
   device-bits int15.llama8b.qkv.t1.convert.int15.planes.b.parallel.device 0.13013/0x3fc0a8198f1d3ed5
INT15 amd llama8b.qkv.t1 1 4096 4096 FULL convert.int15.planes.b.parallel 0.1301 0.1284 128.9266 Gelem/s 0x3a9803f3b6c2415a once-per-weight-at-inference,per-step-at-training
DIGEST conv-llama8b.qkv.t1 convert.int15.split.b 0x3a9803f3b6c2415a
PRICE IDENTICAL int15.llama8b.qkv.t1.convert.int15.split.b.device 0.04742
   device-bits int15.llama8b.qkv.t1.convert.int15.split.b.device 0.04742/0x3fa8476f2a5a469d
INT15 amd llama8b.qkv.t1 1 4096 4096 FULL convert.int15.split.b 0.0474 0.0451 353.8004 Gelem/s 0x3a9803f3b6c2415a once-per-weight-at-inference,per-step-at-training
DIGEST price-llama8b.qkv.t1 inference.int15i64.v1.planes 0x6c0a74154145a04f
PRICE IDENTICAL int15.llama8b.qkv.t1.inference.int15i64.v1.planes.device 0.084199
   device-bits int15.llama8b.qkv.t1.inference.int15i64.v1.planes.device 0.084199/0x3fb58e10cf5b1c86
INT15 amd llama8b.qkv.t1 1 4096 4096 FULL inference.int15i64.v1.planes 0.0842 0.0834 199.2567 GMAC/s 0x6c0a74154145a04f planes.a.parallel+product
DIGEST price-llama8b.qkv.t1 inference.int15i64.v1.codes 0x6c0a74154145a04f
PRICE IDENTICAL int15.llama8b.qkv.t1.inference.int15i64.v1.codes.device 0.152659
   device-bits int15.llama8b.qkv.t1.inference.int15i64.v1.codes.device 0.152659/0x3fc38a5482385404
INT15 amd llama8b.qkv.t1 1 4096 4096 FULL inference.int15i64.v1.codes 0.1527 0.1506 109.8999 GMAC/s 0x6c0a74154145a04f quantize.a.parallel+split.a+split.b+product
DIGEST price-llama8b.qkv.t1 inference.int15i64.v1.planes.rowquant 0x6c0a74154145a04f
PRICE IDENTICAL int15.llama8b.qkv.t1.inference.int15i64.v1.planes.rowquant.device 1.394437
   device-bits int15.llama8b.qkv.t1.inference.int15i64.v1.planes.rowquant.device 1.394437/0x3ff64f9d2bf55150
INT15 amd llama8b.qkv.t1 1 4096 4096 FULL inference.int15i64.v1.planes.rowquant 1.3944 1.3774 12.0315 GMAC/s 0x6c0a74154145a04f quantize.a+split.a+product
DIGEST price-llama8b.qkv.t1 training.int15i64.v1.planes 0x6c0a74154145a04f
PRICE IDENTICAL int15.llama8b.qkv.t1.training.int15i64.v1.planes.device 0.211879
   device-bits int15.llama8b.qkv.t1.training.int15i64.v1.planes.device 0.211879/0x3fcb1ed9dfdac68b
INT15 amd llama8b.qkv.t1 1 4096 4096 FULL training.int15i64.v1.planes 0.2119 0.2088 79.1830 GMAC/s 0x6c0a74154145a04f planes.a.parallel+planes.b.parallel+product
DIGEST price-llama8b.qkv.t1 training.int15i64.v1.codes 0x6c0a74154145a04f
PRICE IDENTICAL int15.llama8b.qkv.t1.training.int15i64.v1.codes.device 0.335489
   device-bits int15.llama8b.qkv.t1.training.int15i64.v1.codes.device 0.335489/0x3fd578a6dacabc51
INT15 amd llama8b.qkv.t1 1 4096 4096 FULL training.int15i64.v1.codes 0.3355 0.3292 50.0082 GMAC/s 0x6c0a74154145a04f quantize.a.parallel+quantize.b.parallel+split.a+split.b+product
DIGEST price-llama8b.qkv.t1 training.int15i64.v1.planes.rowquant 0x6c0a74154145a04f
PRICE IDENTICAL int15.llama8b.qkv.t1.training.int15i64.v1.planes.rowquant.device 5.31999
   device-bits int15.llama8b.qkv.t1.training.int15i64.v1.planes.rowquant.device 5.31999/0x401547ab7564302b
INT15 amd llama8b.qkv.t1 1 4096 4096 FULL training.int15i64.v1.planes.rowquant 5.3200 5.2908 3.1536 GMAC/s 0x6c0a74154145a04f quantize.a+quantize.b+split.a+split.b+product
INT15-NOT-RUN amd llama8b.qkv.t1 int15i64.v1.apple.two this-column-is-not-apple
INT15-NOT-RUN amd llama8b.qkv.t1 int15i64.v1.apple.four this-column-is-not-apple
INT15-NOT-RUN amd llama8b.qkv.t1 inference.int15i64.v1.apple.two this-column-is-not-apple
INT15-NOT-RUN amd llama8b.qkv.t1 inference.int15i64.v1.apple.four this-column-is-not-apple
INT15-NOT-RUN amd llama8b.qkv.t1 training.int15i64.v1.apple.two this-column-is-not-apple
INT15-NOT-RUN amd llama8b.qkv.t1 training.int15i64.v1.apple.four this-column-is-not-apple
DIGEST price-llama8b.qkv.t1 int15i64.v1.tuned 0x6c0a74154145a04f
PRICE IDENTICAL int15.llama8b.qkv.t1.int15i64.v1.tuned.device 0.0413
   device-bits int15.llama8b.qkv.t1.int15i64.v1.tuned.device 0.0413/0x3fa525460aa64c30
INT15 amd llama8b.qkv.t1 1 4096 4096 FULL int15i64.v1.tuned 0.0413 0.0397 406.2280 GMAC/s 0x6c0a74154145a04f not-dispatched,four-products-one-staging,epilogue-at-the-store
DIGEST price-llama8b.qkv.t1 inference.int15i64.v1.tuned 0x6c0a74154145a04f
PRICE IDENTICAL int15.llama8b.qkv.t1.inference.int15i64.v1.tuned.device 0.05054
   device-bits int15.llama8b.qkv.t1.inference.int15i64.v1.tuned.device 0.05054/0x3fa9e060fe47991c
INT15 amd llama8b.qkv.t1 1 4096 4096 FULL inference.int15i64.v1.tuned 0.0505 0.0499 331.9592 GMAC/s 0x6c0a74154145a04f planes.a.parallel+four-products-one-staging,epilogue-at-the-store
DIGEST price-llama8b.qkv.t1 training.int15i64.v1.tuned 0x6c0a74154145a04f
PRICE IDENTICAL int15.llama8b.qkv.t1.training.int15i64.v1.tuned.device 0.17019
   device-bits int15.llama8b.qkv.t1.training.int15i64.v1.tuned.device 0.17019/0x3fc5c8c9320d9946
INT15 amd llama8b.qkv.t1 1 4096 4096 FULL training.int15i64.v1.tuned 0.1702 0.1685 98.5793 GMAC/s 0x6c0a74154145a04f planes.a.parallel+planes.b.parallel+four-products-one-staging,epilogue-at-the-store
DIGEST price-llama8b.qkv.t1 int15i64.v1.tuned.two_launch 0x6c0a74154145a04f
PRICE IDENTICAL int15.llama8b.qkv.t1.int15i64.v1.tuned.two_launch.device 0.106051
   device-bits int15.llama8b.qkv.t1.int15i64.v1.tuned.two_launch.device 0.106051/0x3fbb262888b545c8
INT15 amd llama8b.qkv.t1 1 4096 4096 FULL int15i64.v1.tuned.two_launch 0.1061 0.1040 158.1995 GMAC/s 0x6c0a74154145a04f not-dispatched,four-products-one-staging+epilogue-launch
DIGEST price-llama8b.qkv.t1 inference.int15i64.v1.tuned.two_launch 0x6c0a74154145a04f
PRICE IDENTICAL int15.llama8b.qkv.t1.inference.int15i64.v1.tuned.two_launch.device 0.107069
   device-bits int15.llama8b.qkv.t1.inference.int15i64.v1.tuned.two_launch.device 0.107069/0x3fbb68dfbd6a593a
INT15 amd llama8b.qkv.t1 1 4096 4096 FULL inference.int15i64.v1.tuned.two_launch 0.1071 0.1029 156.6954 GMAC/s 0x6c0a74154145a04f planes.a.parallel+four-products-one-staging+epilogue-launch
DIGEST price-llama8b.qkv.t1 training.int15i64.v1.tuned.two_launch 0x6c0a74154145a04f
PRICE IDENTICAL int15.llama8b.qkv.t1.training.int15i64.v1.tuned.two_launch.device 0.239448
   device-bits int15.llama8b.qkv.t1.training.int15i64.v1.tuned.two_launch.device 0.239448/0x3fcea63b688bda94
INT15 amd llama8b.qkv.t1 1 4096 4096 FULL training.int15i64.v1.tuned.two_launch 0.2394 0.2385 70.0662 GMAC/s 0x6c0a74154145a04f planes.a.parallel+planes.b.parallel+four-products-one-staging+epilogue-launch

== llama8b.qkv.t8  m=8 n=4096 k=4096  FULL  fp32 plan: SPLIT 8x64 reg1x2 KS=16 leaves on grid.y -> workspace -> fold (block per cell <= 16384, else register stack) tpb=256 hwftz=False (256 thr, 2-D grid, no swizzle)
DIGEST fp32-llama8b.qkv.t8 fp32.v1 0xd5677d8a13939709
PRICE IDENTICAL int15.llama8b.qkv.t8.fp32.v1.device 0.079331
   device-bits int15.llama8b.qkv.t8.fp32.v1.device 0.079331/0x3fb44f09528f190d
INT15 amd llama8b.qkv.t8 8 4096 4096 FULL fp32.v1 0.0793 0.0737 1691.8699 GMAC/s 0xd5677d8a13939709 OP_NT,plan=14
DIGEST price-llama8b.qkv.t8 int15i64.v1.flat 0x81664edfe5ebeb5a
PRICE IDENTICAL int15.llama8b.qkv.t8.int15i64.v1.flat.device 1.253168
   device-bits int15.llama8b.qkv.t8.int15i64.v1.flat.device 1.253168/0x3ff40cf9e3864cb6
INT15 amd llama8b.qkv.t8 8 4096 4096 FULL int15i64.v1.flat 1.2532 1.2469 107.1027 GMAC/s 0x81664edfe5ebeb5a not-dispatched(the-column-has-the-unit)
DIGEST price-llama8b.qkv.t8 int15i64.v1.pieces 0x81664edfe5ebeb5a
PRICE IDENTICAL int15.llama8b.qkv.t8.int15i64.v1.pieces.device 2.288695
   device-bits int15.llama8b.qkv.t8.int15i64.v1.pieces.device 2.288695/0x40024f3f52fc2657
INT15 amd llama8b.qkv.t8 8 4096 4096 FULL int15i64.v1.pieces 2.2887 2.2565 58.6438 GMAC/s 0x81664edfe5ebeb5a not-dispatched(the-column-has-the-unit)
DIGEST price-llama8b.qkv.t8 int15i64.v1.mma 0x81664edfe5ebeb5a
PRICE IDENTICAL int15.llama8b.qkv.t8.int15i64.v1.mma.device 0.085599
   device-bits int15.llama8b.qkv.t8.int15i64.v1.mma.device 0.085599/0x3fb5e9d0e991ff71
INT15 amd llama8b.qkv.t8 8 4096 4096 FULL int15i64.v1.mma 0.0856 0.0817 1567.9824 GMAC/s 0x81664edfe5ebeb5a dispatched,four-unit-products
DIGEST conv-llama8b.qkv.t8 convert.int15.quantize.a 0xb78bf34e712fc6ae
PRICE IDENTICAL int15.llama8b.qkv.t8.convert.int15.quantize.a.device 1.403767
   device-bits int15.llama8b.qkv.t8.convert.int15.quantize.a.device 1.403767/0x3ff675d462c343b7
INT15 amd llama8b.qkv.t8 8 4096 4096 FULL convert.int15.quantize.a 1.4038 1.3855 0.0233 Gelem/s 0xb78bf34e712fc6ae per-call
DIGEST conv-llama8b.qkv.t8 convert.int15.quantize.a.parallel 0xb78bf34e712fc6ae
PRICE IDENTICAL int15.llama8b.qkv.t8.convert.int15.quantize.a.parallel.device 0.063069
   device-bits int15.llama8b.qkv.t8.convert.int15.quantize.a.parallel.device 0.063069/0x3fb0254a3c64345d
INT15 amd llama8b.qkv.t8 8 4096 4096 FULL convert.int15.quantize.a.parallel 0.0631 0.0617 0.5196 Gelem/s 0xb78bf34e712fc6ae per-call
DIGEST conv-llama8b.qkv.t8 convert.int15.planes.a.parallel 0x3adff9f2d64aa749
PRICE IDENTICAL int15.llama8b.qkv.t8.convert.int15.planes.a.parallel.device 0.023
   device-bits int15.llama8b.qkv.t8.convert.int15.planes.a.parallel.device 0.023/0x3f978d4fdf3b645a
INT15 amd llama8b.qkv.t8 8 4096 4096 FULL convert.int15.planes.a.parallel 0.0230 0.0200 1.4247 Gelem/s 0x3adff9f2d64aa749 per-call
DIGEST conv-llama8b.qkv.t8 convert.int15.split.a 0x3adff9f2d64aa749
PRICE IDENTICAL int15.llama8b.qkv.t8.convert.int15.split.a.device 0.01628
   device-bits int15.llama8b.qkv.t8.convert.int15.split.a.device 0.01628/0x3f90abb44e50c5eb
INT15 amd llama8b.qkv.t8 8 4096 4096 FULL convert.int15.split.a 0.0163 0.0144 2.0128 Gelem/s 0x3adff9f2d64aa749 per-call
DIGEST conv-llama8b.qkv.t8 convert.int15.quantize.b 0x7ada9833a1c6cf07
PRICE IDENTICAL int15.llama8b.qkv.t8.convert.int15.quantize.b.device 3.907783
   device-bits int15.llama8b.qkv.t8.convert.int15.quantize.b.device 3.907783/0x400f4323bbc6eb0b
INT15 amd llama8b.qkv.t8 8 4096 4096 FULL convert.int15.quantize.b 3.9078 3.8968 4.2933 Gelem/s 0x7ada9833a1c6cf07 once-per-weight-at-inference,per-step-at-training
DIGEST conv-llama8b.qkv.t8 convert.int15.quantize.b.parallel 0x7ada9833a1c6cf07
PRICE IDENTICAL int15.llama8b.qkv.t8.convert.int15.quantize.b.parallel.device 0.195719
   device-bits int15.llama8b.qkv.t8.convert.int15.quantize.b.parallel.device 0.195719/0x3fc90d51f81a5871
INT15 amd llama8b.qkv.t8 8 4096 4096 FULL convert.int15.quantize.b.parallel 0.1957 0.1897 85.7209 Gelem/s 0x7ada9833a1c6cf07 once-per-weight-at-inference,per-step-at-training
DIGEST conv-llama8b.qkv.t8 convert.int15.planes.b.parallel 0x4f6ab0ce3273940
PRICE IDENTICAL int15.llama8b.qkv.t8.convert.int15.planes.b.parallel.device 0.13142
   device-bits int15.llama8b.qkv.t8.convert.int15.planes.b.parallel.device 0.13142/0x3fc0d25edd052935
INT15 amd llama8b.qkv.t8 8 4096 4096 FULL convert.int15.planes.b.parallel 0.1314 0.1288 127.6611 Gelem/s 0x4f6ab0ce3273940 once-per-weight-at-inference,per-step-at-training
DIGEST conv-llama8b.qkv.t8 convert.int15.split.b 0x4f6ab0ce3273940
PRICE IDENTICAL int15.llama8b.qkv.t8.convert.int15.split.b.device 0.04715
   device-bits int15.llama8b.qkv.t8.convert.int15.split.b.device 0.04715/0x3fa8240b780346dc
INT15 amd llama8b.qkv.t8 8 4096 4096 FULL convert.int15.split.b 0.0472 0.0464 355.8264 Gelem/s 0x4f6ab0ce3273940 once-per-weight-at-inference,per-step-at-training
DIGEST price-llama8b.qkv.t8 inference.int15i64.v1.planes 0x81664edfe5ebeb5a
PRICE IDENTICAL int15.llama8b.qkv.t8.inference.int15i64.v1.planes.device 0.08833
   device-bits int15.llama8b.qkv.t8.inference.int15i64.v1.planes.device 0.08833/0x3fb69ccb7d41743f
INT15 amd llama8b.qkv.t8 8 4096 4096 FULL inference.int15i64.v1.planes 0.0883 0.0870 1519.5033 GMAC/s 0x81664edfe5ebeb5a planes.a.parallel+product
DIGEST price-llama8b.qkv.t8 inference.int15i64.v1.codes 0x81664edfe5ebeb5a
PRICE IDENTICAL int15.llama8b.qkv.t8.inference.int15i64.v1.codes.device 0.172909
   device-bits int15.llama8b.qkv.t8.inference.int15i64.v1.codes.device 0.172909/0x3fc621e1d2178f69
INT15 amd llama8b.qkv.t8 8 4096 4096 FULL inference.int15i64.v1.codes 0.1729 0.1695 776.2333 GMAC/s 0x81664edfe5ebeb5a quantize.a.parallel+split.a+split.b+product
DIGEST price-llama8b.qkv.t8 inference.int15i64.v1.planes.rowquant 0x81664edfe5ebeb5a
PRICE IDENTICAL int15.llama8b.qkv.t8.inference.int15i64.v1.planes.rowquant.device 1.472007
   device-bits int15.llama8b.qkv.t8.inference.int15i64.v1.planes.rowquant.device 1.472007/0x3ff78d573647baaa
INT15 amd llama8b.qkv.t8 8 4096 4096 FULL inference.int15i64.v1.planes.rowquant 1.4720 1.4559 91.1801 GMAC/s 0x81664edfe5ebeb5a quantize.a+split.a+product
DIGEST price-llama8b.qkv.t8 training.int15i64.v1.planes 0x81664edfe5ebeb5a
PRICE IDENTICAL int15.llama8b.qkv.t8.training.int15i64.v1.planes.device 0.21215
   device-bits int15.llama8b.qkv.t8.training.int15i64.v1.planes.device 0.21215/0x3fcb27bb2fec56d6
INT15 amd llama8b.qkv.t8 8 4096 4096 FULL training.int15i64.v1.planes 0.2122 0.2102 632.6549 GMAC/s 0x81664edfe5ebeb5a planes.a.parallel+planes.b.parallel+product
DIGEST price-llama8b.qkv.t8 training.int15i64.v1.codes 0x81664edfe5ebeb5a
PRICE IDENTICAL int15.llama8b.qkv.t8.training.int15i64.v1.codes.device 0.358069
   device-bits int15.llama8b.qkv.t8.training.int15i64.v1.codes.device 0.358069/0x3fd6ea9a3d2d87f9
INT15 amd llama8b.qkv.t8 8 4096 4096 FULL training.int15i64.v1.codes 0.3581 0.3499 374.8376 GMAC/s 0x81664edfe5ebeb5a quantize.a.parallel+quantize.b.parallel+split.a+split.b+product
DIGEST price-llama8b.qkv.t8 training.int15i64.v1.planes.rowquant 0x81664edfe5ebeb5a
PRICE IDENTICAL int15.llama8b.qkv.t8.training.int15i64.v1.planes.rowquant.device 5.400199
   device-bits int15.llama8b.qkv.t8.training.int15i64.v1.planes.rowquant.device 5.400199/0x401599cdc443914f
INT15 amd llama8b.qkv.t8 8 4096 4096 FULL training.int15i64.v1.planes.rowquant 5.4002 5.3783 24.8542 GMAC/s 0x81664edfe5ebeb5a quantize.a+quantize.b+split.a+split.b+product
INT15-NOT-RUN amd llama8b.qkv.t8 int15i64.v1.apple.two this-column-is-not-apple
INT15-NOT-RUN amd llama8b.qkv.t8 int15i64.v1.apple.four this-column-is-not-apple
INT15-NOT-RUN amd llama8b.qkv.t8 inference.int15i64.v1.apple.two this-column-is-not-apple
INT15-NOT-RUN amd llama8b.qkv.t8 inference.int15i64.v1.apple.four this-column-is-not-apple
INT15-NOT-RUN amd llama8b.qkv.t8 training.int15i64.v1.apple.two this-column-is-not-apple
INT15-NOT-RUN amd llama8b.qkv.t8 training.int15i64.v1.apple.four this-column-is-not-apple
DIGEST price-llama8b.qkv.t8 int15i64.v1.tuned 0x81664edfe5ebeb5a
PRICE IDENTICAL int15.llama8b.qkv.t8.int15i64.v1.tuned.device 0.04382
   device-bits int15.llama8b.qkv.t8.int15i64.v1.tuned.device 0.04382/0x3fa66f9335d249e4
INT15 amd llama8b.qkv.t8 8 4096 4096 FULL int15i64.v1.tuned 0.0438 0.0425 3062.9331 GMAC/s 0x81664edfe5ebeb5a not-dispatched,four-products-one-staging,epilogue-at-the-store
DIGEST price-llama8b.qkv.t8 inference.int15i64.v1.tuned 0x81664edfe5ebeb5a
PRICE IDENTICAL int15.llama8b.qkv.t8.inference.int15i64.v1.tuned.device 0.05299
   device-bits int15.llama8b.qkv.t8.inference.int15i64.v1.tuned.device 0.05299/0x3fab21815a07b353
INT15 amd llama8b.qkv.t8 8 4096 4096 FULL inference.int15i64.v1.tuned 0.0530 0.0528 2532.8879 GMAC/s 0x81664edfe5ebeb5a planes.a.parallel+four-products-one-staging,epilogue-at-the-store
DIGEST price-llama8b.qkv.t8 training.int15i64.v1.tuned 0x81664edfe5ebeb5a
PRICE IDENTICAL int15.llama8b.qkv.t8.training.int15i64.v1.tuned.device 0.17337
   device-bits int15.llama8b.qkv.t8.training.int15i64.v1.tuned.device 0.17337/0x3fc630fcf80dc337
INT15 amd llama8b.qkv.t8 8 4096 4096 FULL training.int15i64.v1.tuned 0.1734 0.1725 774.1693 GMAC/s 0x81664edfe5ebeb5a planes.a.parallel+planes.b.parallel+four-products-one-staging,epilogue-at-the-store
DIGEST price-llama8b.qkv.t8 int15i64.v1.tuned.two_launch 0x81664edfe5ebeb5a
PRICE IDENTICAL int15.llama8b.qkv.t8.int15i64.v1.tuned.two_launch.device 0.11802
   device-bits int15.llama8b.qkv.t8.int15i64.v1.tuned.two_launch.device 0.11802/0x3fbe368f08461f9f
INT15 amd llama8b.qkv.t8 8 4096 4096 FULL int15i64.v1.tuned.two_launch 0.1180 0.1143 1137.2456 GMAC/s 0x81664edfe5ebeb5a not-dispatched,four-products-one-staging+epilogue-launch
DIGEST price-llama8b.qkv.t8 inference.int15i64.v1.tuned.two_launch 0x81664edfe5ebeb5a
PRICE IDENTICAL int15.llama8b.qkv.t8.inference.int15i64.v1.tuned.two_launch.device 0.112209
   device-bits int15.llama8b.qkv.t8.inference.int15i64.v1.tuned.two_launch.device 0.112209/0x3fbcb9baa1511e00
INT15 amd llama8b.qkv.t8 8 4096 4096 FULL inference.int15i64.v1.tuned.two_launch 0.1122 0.1086 1196.1405 GMAC/s 0x81664edfe5ebeb5a planes.a.parallel+four-products-one-staging+epilogue-launch
DIGEST price-llama8b.qkv.t8 training.int15i64.v1.tuned.two_launch 0x81664edfe5ebeb5a
PRICE IDENTICAL int15.llama8b.qkv.t8.training.int15i64.v1.tuned.two_launch.device 0.248899
   device-bits int15.llama8b.qkv.t8.training.int15i64.v1.tuned.two_launch.device 0.248899/0x3fcfdbec2480e8c9
INT15 amd llama8b.qkv.t8 8 4096 4096 FULL training.int15i64.v1.tuned.two_launch 0.2489 0.2489 539.2458 GMAC/s 0x81664edfe5ebeb5a planes.a.parallel+planes.b.parallel+four-products-one-staging+epilogue-launch

== llama8b.qkv.t512  m=512 n=4096 k=4096  FULL  fp32 plan: TUNED 128x128 reg8x8 KS=16 fold=16 local tpb=256 hwftz=False (1-D grid, no swizzle)
DIGEST fp32-llama8b.qkv.t512 fp32.v1 0x67d3d940546b834c
PRICE IDENTICAL int15.llama8b.qkv.t512.fp32.v1.device 0.960388
   device-bits int15.llama8b.qkv.t512.fp32.v1.device 0.960388/0x3feebb7f9d6f1130
INT15 amd llama8b.qkv.t512 512 4096 4096 FULL fp32.v1 0.9604 0.9528 8944.2336 GMAC/s 0x67d3d940546b834c OP_NT,plan=10
DIGEST price-llama8b.qkv.t512 int15i64.v1.flat 0xa9844dfadf1fd6da
PRICE IDENTICAL int15.llama8b.qkv.t512.int15i64.v1.flat.device 42.555974
   device-bits int15.llama8b.qkv.t512.int15i64.v1.flat.device 42.555974/0x4045472a27f1b691
INT15 amd llama8b.qkv.t512 512 4096 4096 FULL int15i64.v1.flat 42.5560 42.5081 201.8503 GMAC/s 0xa9844dfadf1fd6da not-dispatched(the-column-has-the-unit)
DIGEST price-llama8b.qkv.t512 int15i64.v1.pieces 0xa9844dfadf1fd6da
PRICE IDENTICAL int15.llama8b.qkv.t512.int15i64.v1.pieces.device 82.515874
   device-bits int15.llama8b.qkv.t512.int15i64.v1.pieces.device 82.515874/0x4054a1041461b6d4
INT15 amd llama8b.qkv.t512 512 4096 4096 FULL int15i64.v1.pieces 82.5159 82.2106 104.1004 GMAC/s 0xa9844dfadf1fd6da not-dispatched(the-column-has-the-unit)
DIGEST price-llama8b.qkv.t512 int15i64.v1.mma 0xa9844dfadf1fd6da
PRICE IDENTICAL int15.llama8b.qkv.t512.int15i64.v1.mma.device 0.531099
   device-bits int15.llama8b.qkv.t512.int15i64.v1.mma.device 0.531099/0x3fe0fec3547e0696
INT15 amd llama8b.qkv.t512 512 4096 4096 FULL int15i64.v1.mma 0.5311 0.5278 16173.8858 GMAC/s 0xa9844dfadf1fd6da dispatched,four-unit-products
DIGEST conv-llama8b.qkv.t512 convert.int15.quantize.a 0x96388d91a5c28f60
PRICE IDENTICAL int15.llama8b.qkv.t512.convert.int15.quantize.a.device 3.882222
   device-bits int15.llama8b.qkv.t512.convert.int15.quantize.a.device 3.882222/0x400f0eca686e7e63
INT15 amd llama8b.qkv.t512 512 4096 4096 FULL convert.int15.quantize.a 3.8822 3.6518 0.5402 Gelem/s 0x96388d91a5c28f60 per-call
DIGEST conv-llama8b.qkv.t512 convert.int15.quantize.a.parallel 0x96388d91a5c28f60
PRICE IDENTICAL int15.llama8b.qkv.t512.convert.int15.quantize.a.parallel.device 0.098279
   device-bits int15.llama8b.qkv.t512.convert.int15.quantize.a.parallel.device 0.098279/0x3fb928d002e23290
INT15 amd llama8b.qkv.t512 512 4096 4096 FULL convert.int15.quantize.a.parallel 0.0983 0.0966 21.3388 Gelem/s 0x96388d91a5c28f60 per-call
DIGEST conv-llama8b.qkv.t512 convert.int15.planes.a.parallel 0xb04426ef4d989cc2
PRICE IDENTICAL int15.llama8b.qkv.t512.convert.int15.planes.a.parallel.device 0.0309
   device-bits int15.llama8b.qkv.t512.convert.int15.planes.a.parallel.device 0.0309/0x3f9fa43fe5c91d15
INT15 amd llama8b.qkv.t512 512 4096 4096 FULL convert.int15.planes.a.parallel 0.0309 0.0285 67.8690 Gelem/s 0xb04426ef4d989cc2 per-call
DIGEST conv-llama8b.qkv.t512 convert.int15.split.a 0xb04426ef4d989cc2
PRICE IDENTICAL int15.llama8b.qkv.t512.convert.int15.split.a.device 0.01933
   device-bits int15.llama8b.qkv.t512.convert.int15.split.a.device 0.01933/0x3f93cb3e5753a3ec
INT15 amd llama8b.qkv.t512 512 4096 4096 FULL convert.int15.split.a 0.0193 0.0180 108.4921 Gelem/s 0xb04426ef4d989cc2 per-call
DIGEST conv-llama8b.qkv.t512 convert.int15.quantize.b 0x83c4a5fdce0c9ef8
PRICE IDENTICAL int15.llama8b.qkv.t512.convert.int15.quantize.b.device 3.904752
   device-bits int15.llama8b.qkv.t512.convert.int15.quantize.b.device 3.904752/0x400f3cee9dd7ecbb
INT15 amd llama8b.qkv.t512 512 4096 4096 FULL convert.int15.quantize.b 3.9048 3.8642 4.2966 Gelem/s 0x83c4a5fdce0c9ef8 once-per-weight-at-inference,per-step-at-training
DIGEST conv-llama8b.qkv.t512 convert.int15.quantize.b.parallel 0x83c4a5fdce0c9ef8
PRICE IDENTICAL int15.llama8b.qkv.t512.convert.int15.quantize.b.parallel.device 0.197009
   device-bits int15.llama8b.qkv.t512.convert.int15.quantize.b.parallel.device 0.197009/0x3fc93797460242d0
INT15 amd llama8b.qkv.t512 512 4096 4096 FULL convert.int15.quantize.b.parallel 0.1970 0.1955 85.1596 Gelem/s 0x83c4a5fdce0c9ef8 once-per-weight-at-inference,per-step-at-training
DIGEST conv-llama8b.qkv.t512 convert.int15.planes.b.parallel 0x547571ca5138fbe8
PRICE IDENTICAL int15.llama8b.qkv.t512.convert.int15.planes.b.parallel.device 0.13137
   device-bits int15.llama8b.qkv.t512.convert.int15.planes.b.parallel.device 0.13137/0x3fc0d0bb6ed67770
INT15 amd llama8b.qkv.t512 512 4096 4096 FULL convert.int15.planes.b.parallel 0.1314 0.1286 127.7096 Gelem/s 0x547571ca5138fbe8 once-per-weight-at-inference,per-step-at-training
DIGEST conv-llama8b.qkv.t512 convert.int15.split.b 0x547571ca5138fbe8
PRICE IDENTICAL int15.llama8b.qkv.t512.convert.int15.split.b.device 0.046311
   device-bits int15.llama8b.qkv.t512.convert.int15.split.b.device 0.046311/0x3fa7b6134ce3de61
INT15 amd llama8b.qkv.t512 512 4096 4096 FULL convert.int15.split.b 0.0463 0.0452 362.2728 Gelem/s 0x547571ca5138fbe8 once-per-weight-at-inference,per-step-at-training
DIGEST price-llama8b.qkv.t512 inference.int15i64.v1.planes 0xa9844dfadf1fd6da
PRICE IDENTICAL int15.llama8b.qkv.t512.inference.int15i64.v1.planes.device 0.541788
   device-bits int15.llama8b.qkv.t512.inference.int15i64.v1.planes.device 0.541788/0x3fe15653c9abb01d
INT15 amd llama8b.qkv.t512 512 4096 4096 FULL inference.int15i64.v1.planes 0.5418 0.5372 15854.7893 GMAC/s 0xa9844dfadf1fd6da planes.a.parallel+product
DIGEST price-llama8b.qkv.t512 inference.int15i64.v1.codes 0xa9844dfadf1fd6da
PRICE IDENTICAL int15.llama8b.qkv.t512.inference.int15i64.v1.codes.device 0.652208
   device-bits int15.llama8b.qkv.t512.inference.int15i64.v1.codes.device 0.652208/0x3fe4dee34fc610f1
INT15 amd llama8b.qkv.t512 512 4096 4096 FULL inference.int15i64.v1.codes 0.6522 0.6500 13170.5447 GMAC/s 0xa9844dfadf1fd6da quantize.a.parallel+split.a+split.b+product
DIGEST price-llama8b.qkv.t512 inference.int15i64.v1.planes.rowquant 0xa9844dfadf1fd6da
PRICE IDENTICAL int15.llama8b.qkv.t512.inference.int15i64.v1.planes.rowquant.device 4.396072
   device-bits int15.llama8b.qkv.t512.inference.int15i64.v1.planes.rowquant.device 4.396072/0x40119593e5fb71fc
INT15 amd llama8b.qkv.t512 512 4096 4096 FULL inference.int15i64.v1.planes.rowquant 4.3961 4.1780 1954.0023 GMAC/s 0xa9844dfadf1fd6da quantize.a+split.a+product
DIGEST price-llama8b.qkv.t512 training.int15i64.v1.planes 0xa9844dfadf1fd6da
PRICE IDENTICAL int15.llama8b.qkv.t512.training.int15i64.v1.planes.device 0.656888
   device-bits int15.llama8b.qkv.t512.training.int15i64.v1.planes.device 0.656888/0x3fe50539fba450ad
INT15 amd llama8b.qkv.t512 512 4096 4096 FULL training.int15i64.v1.planes 0.6569 0.6540 13076.7111 GMAC/s 0xa9844dfadf1fd6da planes.a.parallel+planes.b.parallel+product
DIGEST price-llama8b.qkv.t512 training.int15i64.v1.codes 0xa9844dfadf1fd6da
PRICE IDENTICAL int15.llama8b.qkv.t512.training.int15i64.v1.codes.device 0.839137
   device-bits int15.llama8b.qkv.t512.training.int15i64.v1.codes.device 0.839137/0x3feada35d67ba238
INT15 amd llama8b.qkv.t512 512 4096 4096 FULL training.int15i64.v1.codes 0.8391 0.8294 10236.6295 GMAC/s 0xa9844dfadf1fd6da quantize.a.parallel+quantize.b.parallel+split.a+split.b+product
DIGEST price-llama8b.qkv.t512 training.int15i64.v1.planes.rowquant 0xa9844dfadf1fd6da
PRICE IDENTICAL int15.llama8b.qkv.t512.training.int15i64.v1.planes.rowquant.device 8.267303
   device-bits int15.llama8b.qkv.t512.training.int15i64.v1.planes.rowquant.device 8.267303/0x402088dbf0563ed1
INT15 amd llama8b.qkv.t512 512 4096 4096 FULL training.int15i64.v1.planes.rowquant 8.2673 8.0397 1039.0250 GMAC/s 0xa9844dfadf1fd6da quantize.a+quantize.b+split.a+split.b+product
INT15-NOT-RUN amd llama8b.qkv.t512 int15i64.v1.apple.two this-column-is-not-apple
INT15-NOT-RUN amd llama8b.qkv.t512 int15i64.v1.apple.four this-column-is-not-apple
INT15-NOT-RUN amd llama8b.qkv.t512 inference.int15i64.v1.apple.two this-column-is-not-apple
INT15-NOT-RUN amd llama8b.qkv.t512 inference.int15i64.v1.apple.four this-column-is-not-apple
INT15-NOT-RUN amd llama8b.qkv.t512 training.int15i64.v1.apple.two this-column-is-not-apple
INT15-NOT-RUN amd llama8b.qkv.t512 training.int15i64.v1.apple.four this-column-is-not-apple
DIGEST price-llama8b.qkv.t512 int15i64.v1.tuned 0xa9844dfadf1fd6da
PRICE IDENTICAL int15.llama8b.qkv.t512.int15i64.v1.tuned.device 0.141648
   device-bits int15.llama8b.qkv.t512.int15i64.v1.tuned.device 0.141648/0x3fc221858bc59b80
INT15 amd llama8b.qkv.t512 512 4096 4096 FULL int15i64.v1.tuned 0.1416 0.1399 60642.8230 GMAC/s 0xa9844dfadf1fd6da not-dispatched,four-products-one-staging,epilogue-at-the-store
DIGEST price-llama8b.qkv.t512 inference.int15i64.v1.tuned 0xa9844dfadf1fd6da
PRICE IDENTICAL int15.llama8b.qkv.t512.inference.int15i64.v1.tuned.device 0.170511
   device-bits int15.llama8b.qkv.t512.inference.int15i64.v1.tuned.device 0.170511/0x3fc5d34df04ddb55
INT15 amd llama8b.qkv.t512 512 4096 4096 FULL inference.int15i64.v1.tuned 0.1705 0.1640 50377.5979 GMAC/s 0xa9844dfadf1fd6da planes.a.parallel+four-products-one-staging,epilogue-at-the-store
DIGEST price-llama8b.qkv.t512 training.int15i64.v1.tuned 0xa9844dfadf1fd6da
PRICE IDENTICAL int15.llama8b.qkv.t512.training.int15i64.v1.tuned.device 0.29746
   device-bits int15.llama8b.qkv.t512.training.int15i64.v1.tuned.device 0.29746/0x3fd30995aaf78fef
INT15 amd llama8b.qkv.t512 512 4096 4096 FULL training.int15i64.v1.tuned 0.2975 0.2925 28877.6124 GMAC/s 0xa9844dfadf1fd6da planes.a.parallel+planes.b.parallel+four-products-one-staging,epilogue-at-the-store
DIGEST price-llama8b.qkv.t512 int15i64.v1.tuned.two_launch 0xa9844dfadf1fd6da
PRICE IDENTICAL int15.llama8b.qkv.t512.int15i64.v1.tuned.two_launch.device 0.17859
   device-bits int15.llama8b.qkv.t512.int15i64.v1.tuned.two_launch.device 0.17859/0x3fc6dc0980b24207
INT15 amd llama8b.qkv.t512 512 4096 4096 FULL int15i64.v1.tuned.two_launch 0.1786 0.1778 48098.6315 GMAC/s 0xa9844dfadf1fd6da not-dispatched,four-products-one-staging+epilogue-launch
DIGEST price-llama8b.qkv.t512 inference.int15i64.v1.tuned.two_launch 0xa9844dfadf1fd6da
PRICE IDENTICAL int15.llama8b.qkv.t512.inference.int15i64.v1.tuned.two_launch.device 0.194909
   device-bits int15.llama8b.qkv.t512.inference.int15i64.v1.tuned.two_launch.device 0.194909/0x3fc8f2c7325918a0
INT15 amd llama8b.qkv.t512 512 4096 4096 FULL inference.int15i64.v1.tuned.two_launch 0.1949 0.1945 44071.5133 GMAC/s 0xa9844dfadf1fd6da planes.a.parallel+four-products-one-staging+epilogue-launch
DIGEST price-llama8b.qkv.t512 training.int15i64.v1.tuned.two_launch 0xa9844dfadf1fd6da
PRICE IDENTICAL int15.llama8b.qkv.t512.training.int15i64.v1.tuned.two_launch.device 0.31623
   device-bits int15.llama8b.qkv.t512.training.int15i64.v1.tuned.two_launch.device 0.31623/0x3fd43d1cc100e6b0
INT15 amd llama8b.qkv.t512 512 4096 4096 FULL training.int15i64.v1.tuned.two_launch 0.3162 0.3154 27163.5664 GMAC/s 0xa9844dfadf1fd6da planes.a.parallel+planes.b.parallel+four-products-one-staging+epilogue-launch

== llama8b.qkv.t512.bwd_dx  m=512 n=4096 k=4096  FULL  fp32 plan: TUNED 128x128 reg8x8 KS=16 fold=16 local tpb=256 hwftz=False (1-D grid, no swizzle)
DIGEST fp32-llama8b.qkv.t512.bwd_dx fp32.v1 0xef9cf5a7a4f7f63e
PRICE IDENTICAL int15.llama8b.qkv.t512.bwd_dx.fp32.v1.device 0.970259
   device-bits int15.llama8b.qkv.t512.bwd_dx.fp32.v1.device 0.970259/0x3fef0c5c9a34ca0c
INT15 amd llama8b.qkv.t512.bwd_dx 512 4096 4096 FULL fp32.v1 0.9703 0.9604 8853.2388 GMAC/s 0xef9cf5a7a4f7f63e OP_NN,plan=10
DIGEST price-llama8b.qkv.t512.bwd_dx int15i64.v1.flat 0x6c4eff5b0480823a
PRICE IDENTICAL int15.llama8b.qkv.t512.bwd_dx.int15i64.v1.flat.device 42.653025
   device-bits int15.llama8b.qkv.t512.bwd_dx.int15i64.v1.flat.device 42.653025/0x4045539652bd3c36
INT15 amd llama8b.qkv.t512.bwd_dx 512 4096 4096 FULL int15i64.v1.flat 42.6530 42.4322 201.3910 GMAC/s 0x6c4eff5b0480823a not-dispatched(the-column-has-the-unit)
DIGEST price-llama8b.qkv.t512.bwd_dx int15i64.v1.pieces 0x6c4eff5b0480823a
PRICE IDENTICAL int15.llama8b.qkv.t512.bwd_dx.int15i64.v1.pieces.device 82.298513
   device-bits int15.llama8b.qkv.t512.bwd_dx.int15i64.v1.pieces.device 82.298513/0x4054931ad6451b93
INT15 amd llama8b.qkv.t512.bwd_dx 512 4096 4096 FULL int15i64.v1.pieces 82.2985 82.2199 104.3753 GMAC/s 0x6c4eff5b0480823a not-dispatched(the-column-has-the-unit)
DIGEST price-llama8b.qkv.t512.bwd_dx int15i64.v1.mma 0x6c4eff5b0480823a
PRICE IDENTICAL int15.llama8b.qkv.t512.bwd_dx.int15i64.v1.mma.device 0.548999
   device-bits int15.llama8b.qkv.t512.bwd_dx.int15i64.v1.mma.device 0.548999/0x3fe1916659d12cae
INT15 amd llama8b.qkv.t512.bwd_dx 512 4096 4096 FULL int15i64.v1.mma 0.5490 0.5477 15646.5396 GMAC/s 0x6c4eff5b0480823a dispatched,four-unit-products
DIGEST conv-llama8b.qkv.t512.bwd_dx convert.int15.quantize.a 0x5412e9d77fa8f1b4
PRICE IDENTICAL int15.llama8b.qkv.t512.bwd_dx.convert.int15.quantize.a.device 3.892562
   device-bits int15.llama8b.qkv.t512.bwd_dx.convert.int15.quantize.a.device 3.892562/0x400f23f78bbd3804
INT15 amd llama8b.qkv.t512.bwd_dx 512 4096 4096 FULL convert.int15.quantize.a 3.8926 3.7527 0.5388 Gelem/s 0x5412e9d77fa8f1b4 per-call
DIGEST conv-llama8b.qkv.t512.bwd_dx convert.int15.quantize.a.parallel 0x5412e9d77fa8f1b4
PRICE IDENTICAL int15.llama8b.qkv.t512.bwd_dx.convert.int15.quantize.a.parallel.device 0.09582
   device-bits int15.llama8b.qkv.t512.bwd_dx.convert.int15.quantize.a.parallel.device 0.09582/0x3fb887a8d64d7f0f
INT15 amd llama8b.qkv.t512.bwd_dx 512 4096 4096 FULL convert.int15.quantize.a.parallel 0.0958 0.0954 21.8864 Gelem/s 0x5412e9d77fa8f1b4 per-call
DIGEST conv-llama8b.qkv.t512.bwd_dx convert.int15.planes.a.parallel 0x4d900a1071a39cb2
PRICE IDENTICAL int15.llama8b.qkv.t512.bwd_dx.convert.int15.planes.a.parallel.device 0.02955
   device-bits int15.llama8b.qkv.t512.bwd_dx.convert.int15.planes.a.parallel.device 0.02955/0x3f9e425aee631f8a
INT15 amd llama8b.qkv.t512.bwd_dx 512 4096 4096 FULL convert.int15.planes.a.parallel 0.0296 0.0292 70.9696 Gelem/s 0x4d900a1071a39cb2 per-call
DIGEST conv-llama8b.qkv.t512.bwd_dx convert.int15.split.a 0x4d900a1071a39cb2
PRICE IDENTICAL int15.llama8b.qkv.t512.bwd_dx.convert.int15.split.a.device 0.01888
   device-bits int15.llama8b.qkv.t512.bwd_dx.convert.int15.split.a.device 0.01888/0x3f9355475a31a4be
INT15 amd llama8b.qkv.t512.bwd_dx 512 4096 4096 FULL convert.int15.split.a 0.0189 0.0176 111.0780 Gelem/s 0x4d900a1071a39cb2 per-call
DIGEST conv-llama8b.qkv.t512.bwd_dx convert.int15.quantize.b 0xc57f9785ab2999c0
PRICE IDENTICAL int15.llama8b.qkv.t512.bwd_dx.convert.int15.quantize.b.device 3.784682
   device-bits int15.llama8b.qkv.t512.bwd_dx.convert.int15.quantize.b.device 3.784682/0x400e47075b3e1438
INT15 amd llama8b.qkv.t512.bwd_dx 512 4096 4096 FULL convert.int15.quantize.b 3.7847 3.7793 4.4329 Gelem/s 0xc57f9785ab2999c0 per-step,transposing
DIGEST conv-llama8b.qkv.t512.bwd_dx convert.int15.quantize.b.parallel 0xc57f9785ab2999c0
PRICE IDENTICAL int15.llama8b.qkv.t512.bwd_dx.convert.int15.quantize.b.parallel.device 0.19218
   device-bits int15.llama8b.qkv.t512.bwd_dx.convert.int15.quantize.b.parallel.device 0.19218/0x3fc8995aaf78feef
INT15 amd llama8b.qkv.t512.bwd_dx 512 4096 4096 FULL convert.int15.quantize.b.parallel 0.1922 0.1837 87.2995 Gelem/s 0xc57f9785ab2999c0 per-step,transposing
DIGEST conv-llama8b.qkv.t512.bwd_dx convert.int15.planes.b.parallel 0x22cb22fa7a9b88ff
PRICE IDENTICAL int15.llama8b.qkv.t512.bwd_dx.convert.int15.planes.b.parallel.device 0.120429
   device-bits int15.llama8b.qkv.t512.bwd_dx.convert.int15.planes.b.parallel.device 0.120429/0x3fbed46f587d6f97
INT15 amd llama8b.qkv.t512.bwd_dx 512 4096 4096 FULL convert.int15.planes.b.parallel 0.1204 0.1189 139.3121 Gelem/s 0x22cb22fa7a9b88ff per-step,transposing
DIGEST conv-llama8b.qkv.t512.bwd_dx convert.int15.split.b 0x22cb22fa7a9b88ff
PRICE IDENTICAL int15.llama8b.qkv.t512.bwd_dx.convert.int15.split.b.device 0.04744
   device-bits int15.llama8b.qkv.t512.bwd_dx.convert.int15.split.b.device 0.04744/0x3fa84a0e410b630b
INT15 amd llama8b.qkv.t512.bwd_dx 512 4096 4096 FULL convert.int15.split.b 0.0474 0.0462 353.6513 Gelem/s 0x22cb22fa7a9b88ff once-per-weight-at-inference,per-step-at-training
INT15-NOT-RUN amd llama8b.qkv.t512.bwd_dx inference.int15i64.v1.planes inference-has-no-backward-product
INT15-NOT-RUN amd llama8b.qkv.t512.bwd_dx inference.int15i64.v1.codes inference-has-no-backward-product
INT15-NOT-RUN amd llama8b.qkv.t512.bwd_dx inference.int15i64.v1.planes.rowquant inference-has-no-backward-product
DIGEST price-llama8b.qkv.t512.bwd_dx training.int15i64.v1.planes 0x6c4eff5b0480823a
PRICE IDENTICAL int15.llama8b.qkv.t512.bwd_dx.training.int15i64.v1.planes.device 0.659679
   device-bits int15.llama8b.qkv.t512.bwd_dx.training.int15i64.v1.planes.device 0.659679/0x3fe51c17225b749b
INT15 amd llama8b.qkv.t512.bwd_dx 512 4096 4096 FULL training.int15i64.v1.planes 0.6597 0.6583 13021.3855 GMAC/s 0x6c4eff5b0480823a planes.a.parallel+planes.b.parallel+product
DIGEST price-llama8b.qkv.t512.bwd_dx training.int15i64.v1.codes 0x6c4eff5b0480823a
PRICE IDENTICAL int15.llama8b.qkv.t512.bwd_dx.training.int15i64.v1.codes.device 0.804608
   device-bits int15.llama8b.qkv.t512.bwd_dx.training.int15i64.v1.codes.device 0.804608/0x3fe9bf5946c332f0
INT15 amd llama8b.qkv.t512.bwd_dx 512 4096 4096 FULL training.int15i64.v1.codes 0.8046 0.8008 10675.9249 GMAC/s 0x6c4eff5b0480823a quantize.a.parallel+quantize.b.parallel+split.a+split.b+product
DIGEST price-llama8b.qkv.t512.bwd_dx training.int15i64.v1.planes.rowquant 0x6c4eff5b0480823a
PRICE IDENTICAL int15.llama8b.qkv.t512.bwd_dx.training.int15i64.v1.planes.rowquant.device 8.215403
   device-bits int15.llama8b.qkv.t512.bwd_dx.training.int15i64.v1.planes.rowquant.device 8.215403/0x40206e494d50ebab
INT15 amd llama8b.qkv.t512.bwd_dx 512 4096 4096 FULL training.int15i64.v1.planes.rowquant 8.2154 8.0699 1045.5889 GMAC/s 0x6c4eff5b0480823a quantize.a+quantize.b+split.a+split.b+product
INT15-NOT-RUN amd llama8b.qkv.t512.bwd_dx int15i64.v1.apple.two this-column-is-not-apple
INT15-NOT-RUN amd llama8b.qkv.t512.bwd_dx int15i64.v1.apple.four this-column-is-not-apple
INT15-NOT-RUN amd llama8b.qkv.t512.bwd_dx inference.int15i64.v1.apple.two this-column-is-not-apple
INT15-NOT-RUN amd llama8b.qkv.t512.bwd_dx inference.int15i64.v1.apple.four this-column-is-not-apple
INT15-NOT-RUN amd llama8b.qkv.t512.bwd_dx training.int15i64.v1.apple.two this-column-is-not-apple
INT15-NOT-RUN amd llama8b.qkv.t512.bwd_dx training.int15i64.v1.apple.four this-column-is-not-apple
DIGEST price-llama8b.qkv.t512.bwd_dx int15i64.v1.tuned 0x6c4eff5b0480823a
PRICE IDENTICAL int15.llama8b.qkv.t512.bwd_dx.int15i64.v1.tuned.device 0.14173
   device-bits int15.llama8b.qkv.t512.bwd_dx.int15i64.v1.tuned.device 0.14173/0x3fc22435696e58a3
INT15 amd llama8b.qkv.t512.bwd_dx 512 4096 4096 FULL int15i64.v1.tuned 0.1417 0.1415 60607.7372 GMAC/s 0x6c4eff5b0480823a not-dispatched,four-products-one-staging,epilogue-at-the-store
INT15-NOT-RUN amd llama8b.qkv.t512.bwd_dx inference.int15i64.v1.tuned inference-has-no-backward-product
DIGEST price-llama8b.qkv.t512.bwd_dx training.int15i64.v1.tuned 0x6c4eff5b0480823a
PRICE IDENTICAL int15.llama8b.qkv.t512.bwd_dx.training.int15i64.v1.tuned.device 0.269339
   device-bits int15.llama8b.qkv.t512.bwd_dx.training.int15i64.v1.tuned.device 0.269339/0x3fd13cd9a52263d8
INT15 amd llama8b.qkv.t512.bwd_dx 512 4096 4096 FULL training.int15i64.v1.tuned 0.2693 0.2677 31892.6505 GMAC/s 0x6c4eff5b0480823a planes.a.parallel+planes.b.parallel+four-products-one-staging,epilogue-at-the-store
DIGEST price-llama8b.qkv.t512.bwd_dx int15i64.v1.tuned.two_launch 0x6c4eff5b0480823a
PRICE IDENTICAL int15.llama8b.qkv.t512.bwd_dx.int15i64.v1.tuned.two_launch.device 0.17852
   device-bits int15.llama8b.qkv.t512.bwd_dx.int15i64.v1.tuned.two_launch.device 0.17852/0x3fc6d9be4cd74928
INT15 amd llama8b.qkv.t512.bwd_dx 512 4096 4096 FULL int15i64.v1.tuned.two_launch 0.1785 0.1777 48117.4916 GMAC/s 0x6c4eff5b0480823a not-dispatched,four-products-one-staging+epilogue-launch
INT15-NOT-RUN amd llama8b.qkv.t512.bwd_dx inference.int15i64.v1.tuned.two_launch inference-has-no-backward-product
DIGEST price-llama8b.qkv.t512.bwd_dx training.int15i64.v1.tuned.two_launch 0x6c4eff5b0480823a
PRICE IDENTICAL int15.llama8b.qkv.t512.bwd_dx.training.int15i64.v1.tuned.two_launch.device 0.304059
   device-bits int15.llama8b.qkv.t512.bwd_dx.training.int15i64.v1.tuned.two_launch.device 0.304059/0x3fd375b3e1437c57
INT15 amd llama8b.qkv.t512.bwd_dx 512 4096 4096 FULL training.int15i64.v1.tuned.two_launch 0.3041 0.3007 28250.8809 GMAC/s 0x6c4eff5b0480823a planes.a.parallel+planes.b.parallel+four-products-one-staging+epilogue-launch

== llama8b.qkv.t512.bwd_dw  m=4096 n=4096 k=512  FULL  fp32 plan: TUNED 128x128 reg8x8 KS=16 fold=16 local tpb=256 hwftz=False (1-D grid, no swizzle)
DIGEST fp32-llama8b.qkv.t512.bwd_dw fp32.v1 0xe489aab33323c201
PRICE IDENTICAL int15.llama8b.qkv.t512.bwd_dw.fp32.v1.device 1.018838
   device-bits int15.llama8b.qkv.t512.bwd_dw.fp32.v1.device 1.018838/0x3ff04d29131ec0b5
INT15 amd llama8b.qkv.t512.bwd_dw 4096 4096 512 FULL fp32.v1 1.0188 1.0173 8431.1094 GMAC/s 0xe489aab33323c201 OP_TN,plan=10
DIGEST price-llama8b.qkv.t512.bwd_dw int15i64.v1.flat 0x8ef510e0780e450
PRICE IDENTICAL int15.llama8b.qkv.t512.bwd_dw.int15i64.v1.flat.device 41.435987
   device-bits int15.llama8b.qkv.t512.bwd_dw.int15i64.v1.flat.device 41.435987/0x4044b7ce6c093d96
INT15 amd llama8b.qkv.t512.bwd_dw 4096 4096 512 FULL int15i64.v1.flat 41.4360 41.3806 207.3061 GMAC/s 0x8ef510e0780e450 not-dispatched(the-column-has-the-unit)
DIGEST price-llama8b.qkv.t512.bwd_dw int15i64.v1.pieces 0x8ef510e0780e450
PRICE IDENTICAL int15.llama8b.qkv.t512.bwd_dw.int15i64.v1.pieces.device 77.459574
   device-bits int15.llama8b.qkv.t512.bwd_dw.int15i64.v1.pieces.device 77.459574/0x40535d69a91105e2
INT15 amd llama8b.qkv.t512.bwd_dw 4096 4096 512 FULL int15i64.v1.pieces 77.4596 77.4458 110.8957 GMAC/s 0x8ef510e0780e450 not-dispatched(the-column-has-the-unit)
DIGEST price-llama8b.qkv.t512.bwd_dw int15i64.v1.mma 0x8ef510e0780e450
PRICE IDENTICAL int15.llama8b.qkv.t512.bwd_dw.int15i64.v1.mma.device 0.47958
   device-bits int15.llama8b.qkv.t512.bwd_dw.int15i64.v1.mma.device 0.47958/0x3fdeb1704ff4341a
INT15 amd llama8b.qkv.t512.bwd_dw 4096 4096 512 FULL int15i64.v1.mma 0.4796 0.4712 17911.3695 GMAC/s 0x8ef510e0780e450 dispatched,four-unit-products
DIGEST conv-llama8b.qkv.t512.bwd_dw convert.int15.quantize.a 0xb2ac5568e254c666
PRICE IDENTICAL int15.llama8b.qkv.t512.bwd_dw.convert.int15.quantize.a.device 0.42931
   device-bits int15.llama8b.qkv.t512.bwd_dw.convert.int15.quantize.a.device 0.42931/0x3fdb79d0a67620ef
INT15 amd llama8b.qkv.t512.bwd_dw 4096 4096 512 FULL convert.int15.quantize.a 0.4293 0.3798 4.8849 Gelem/s 0xb2ac5568e254c666 per-call,transposing
DIGEST conv-llama8b.qkv.t512.bwd_dw convert.int15.quantize.a.parallel 0xb2ac5568e254c666
PRICE IDENTICAL int15.llama8b.qkv.t512.bwd_dw.convert.int15.quantize.a.parallel.device 0.10992
   device-bits int15.llama8b.qkv.t512.bwd_dw.convert.int15.quantize.a.parallel.device 0.10992/0x3fbc23b7952d234f
INT15 amd llama8b.qkv.t512.bwd_dw 4096 4096 512 FULL convert.int15.quantize.a.parallel 0.1099 0.1080 19.0789 Gelem/s 0xb2ac5568e254c666 per-call,transposing
DIGEST conv-llama8b.qkv.t512.bwd_dw convert.int15.planes.a.parallel 0x660ec1446ce3f2a1
PRICE IDENTICAL int15.llama8b.qkv.t512.bwd_dw.convert.int15.planes.a.parallel.device 0.094029
   device-bits int15.llama8b.qkv.t512.bwd_dw.convert.int15.planes.a.parallel.device 0.094029/0x3fb81248d7e02646
INT15 amd llama8b.qkv.t512.bwd_dw 4096 4096 512 FULL convert.int15.planes.a.parallel 0.0940 0.0901 22.3032 Gelem/s 0x660ec1446ce3f2a1 per-call,transposing
DIGEST conv-llama8b.qkv.t512.bwd_dw convert.int15.split.a 0x660ec1446ce3f2a1
PRICE IDENTICAL int15.llama8b.qkv.t512.bwd_dw.convert.int15.split.a.device 0.01732
   device-bits int15.llama8b.qkv.t512.bwd_dw.convert.int15.split.a.device 0.01732/0x3f91bc558644523f
INT15 amd llama8b.qkv.t512.bwd_dw 4096 4096 512 FULL convert.int15.split.a 0.0173 0.0166 121.0827 Gelem/s 0x660ec1446ce3f2a1 per-call
DIGEST conv-llama8b.qkv.t512.bwd_dw convert.int15.quantize.b 0x12961c8aff1fa754
PRICE IDENTICAL int15.llama8b.qkv.t512.bwd_dw.convert.int15.quantize.b.device 0.428159
   device-bits int15.llama8b.qkv.t512.bwd_dw.convert.int15.quantize.b.device 0.428159/0x3fdb66f5019f3c71
INT15 amd llama8b.qkv.t512.bwd_dw 4096 4096 512 FULL convert.int15.quantize.b 0.4282 0.4264 4.8981 Gelem/s 0x12961c8aff1fa754 per-step,transposing
DIGEST conv-llama8b.qkv.t512.bwd_dw convert.int15.quantize.b.parallel 0x12961c8aff1fa754
PRICE IDENTICAL int15.llama8b.qkv.t512.bwd_dw.convert.int15.quantize.b.parallel.device 0.098611
   device-bits int15.llama8b.qkv.t512.bwd_dw.convert.int15.quantize.b.parallel.device 0.098611/0x3fb93e920c069e80
INT15 amd llama8b.qkv.t512.bwd_dw 4096 4096 512 FULL convert.int15.quantize.b.parallel 0.0986 0.0973 21.2669 Gelem/s 0x12961c8aff1fa754 per-step,transposing
DIGEST conv-llama8b.qkv.t512.bwd_dw convert.int15.planes.b.parallel 0x7a7bbd8b4dfdf226
PRICE IDENTICAL int15.llama8b.qkv.t512.bwd_dw.convert.int15.planes.b.parallel.device 0.09012
   device-bits int15.llama8b.qkv.t512.bwd_dw.convert.int15.planes.b.parallel.device 0.09012/0x3fb7121ab4b72c52
INT15 amd llama8b.qkv.t512.bwd_dw 4096 4096 512 FULL convert.int15.planes.b.parallel 0.0901 0.0870 23.2707 Gelem/s 0x7a7bbd8b4dfdf226 per-step,transposing
DIGEST conv-llama8b.qkv.t512.bwd_dw convert.int15.split.b 0x7a7bbd8b4dfdf226
PRICE IDENTICAL int15.llama8b.qkv.t512.bwd_dw.convert.int15.split.b.device 0.01847
   device-bits int15.llama8b.qkv.t512.bwd_dw.convert.int15.split.b.device 0.01847/0x3f92e9ccb7d41744
INT15 amd llama8b.qkv.t512.bwd_dw 4096 4096 512 FULL convert.int15.split.b 0.0185 0.0184 113.5437 Gelem/s 0x7a7bbd8b4dfdf226 once-per-weight-at-inference,per-step-at-training
INT15-NOT-RUN amd llama8b.qkv.t512.bwd_dw inference.int15i64.v1.planes inference-has-no-backward-product
INT15-NOT-RUN amd llama8b.qkv.t512.bwd_dw inference.int15i64.v1.codes inference-has-no-backward-product
INT15-NOT-RUN amd llama8b.qkv.t512.bwd_dw inference.int15i64.v1.planes.rowquant inference-has-no-backward-product
DIGEST price-llama8b.qkv.t512.bwd_dw training.int15i64.v1.planes 0x8ef510e0780e450
PRICE IDENTICAL int15.llama8b.qkv.t512.bwd_dw.training.int15i64.v1.planes.device 0.669758
   device-bits int15.llama8b.qkv.t512.bwd_dw.training.int15i64.v1.planes.device 0.669758/0x3fe56ea854477ff1
INT15 amd llama8b.qkv.t512.bwd_dw 4096 4096 512 FULL training.int15i64.v1.planes 0.6698 0.6683 12825.4304 GMAC/s 0x8ef510e0780e450 planes.a.parallel+planes.b.parallel+product
DIGEST price-llama8b.qkv.t512.bwd_dw training.int15i64.v1.codes 0x8ef510e0780e450
PRICE IDENTICAL int15.llama8b.qkv.t512.bwd_dw.training.int15i64.v1.codes.device 0.648288
   device-bits int15.llama8b.qkv.t512.bwd_dw.training.int15i64.v1.codes.device 0.648288/0x3fe4bec679cc74b8
INT15 amd llama8b.qkv.t512.bwd_dw 4096 4096 512 FULL training.int15i64.v1.codes 0.6483 0.6467 13250.1829 GMAC/s 0x8ef510e0780e450 quantize.a.parallel+quantize.b.parallel+split.a+split.b+product
DIGEST price-llama8b.qkv.t512.bwd_dw training.int15i64.v1.planes.rowquant 0x8ef510e0780e450
PRICE IDENTICAL int15.llama8b.qkv.t512.bwd_dw.training.int15i64.v1.planes.rowquant.device 1.259747
   device-bits int15.llama8b.qkv.t512.bwd_dw.training.int15i64.v1.planes.rowquant.device 1.259747/0x3ff427ec7863beec
INT15 amd llama8b.qkv.t512.bwd_dw 4096 4096 512 FULL training.int15i64.v1.planes.rowquant 1.2597 1.2517 6818.7776 GMAC/s 0x8ef510e0780e450 quantize.a+quantize.b+split.a+split.b+product
INT15-NOT-RUN amd llama8b.qkv.t512.bwd_dw int15i64.v1.apple.two this-column-is-not-apple
INT15-NOT-RUN amd llama8b.qkv.t512.bwd_dw int15i64.v1.apple.four this-column-is-not-apple
INT15-NOT-RUN amd llama8b.qkv.t512.bwd_dw inference.int15i64.v1.apple.two this-column-is-not-apple
INT15-NOT-RUN amd llama8b.qkv.t512.bwd_dw inference.int15i64.v1.apple.four this-column-is-not-apple
INT15-NOT-RUN amd llama8b.qkv.t512.bwd_dw training.int15i64.v1.apple.two this-column-is-not-apple
INT15-NOT-RUN amd llama8b.qkv.t512.bwd_dw training.int15i64.v1.apple.four this-column-is-not-apple
DIGEST price-llama8b.qkv.t512.bwd_dw int15i64.v1.tuned 0x8ef510e0780e450
PRICE IDENTICAL int15.llama8b.qkv.t512.bwd_dw.int15i64.v1.tuned.device 0.13714
   device-bits int15.llama8b.qkv.t512.bwd_dw.int15i64.v1.tuned.device 0.13714/0x3fc18dcdb37c99af
INT15 amd llama8b.qkv.t512.bwd_dw 4096 4096 512 FULL int15i64.v1.tuned 0.1371 0.1354 62636.2447 GMAC/s 0x8ef510e0780e450 not-dispatched,four-products-one-staging,epilogue-at-the-store
INT15-NOT-RUN amd llama8b.qkv.t512.bwd_dw inference.int15i64.v1.tuned inference-has-no-backward-product
DIGEST price-llama8b.qkv.t512.bwd_dw training.int15i64.v1.tuned 0x8ef510e0780e450
PRICE IDENTICAL int15.llama8b.qkv.t512.bwd_dw.training.int15i64.v1.tuned.device 0.291729
   device-bits int15.llama8b.qkv.t512.bwd_dw.training.int15i64.v1.tuned.device 0.291729/0x3fd2abb01c92ddbe
INT15 amd llama8b.qkv.t512.bwd_dw 4096 4096 512 FULL training.int15i64.v1.tuned 0.2917 0.2875 29444.9115 GMAC/s 0x8ef510e0780e450 planes.a.parallel+planes.b.parallel+four-products-one-staging,epilogue-at-the-store
DIGEST price-llama8b.qkv.t512.bwd_dw int15i64.v1.tuned.two_launch 0x8ef510e0780e450
PRICE IDENTICAL int15.llama8b.qkv.t512.bwd_dw.int15i64.v1.tuned.two_launch.device 0.229959
   device-bits int15.llama8b.qkv.t512.bwd_dw.int15i64.v1.tuned.two_launch.device 0.229959/0x3fcd6f4be835dedf
INT15 amd llama8b.qkv.t512.bwd_dw 4096 4096 512 FULL int15i64.v1.tuned.two_launch 0.2300 0.2295 37354.2005 GMAC/s 0x8ef510e0780e450 not-dispatched,four-products-one-staging+epilogue-launch
INT15-NOT-RUN amd llama8b.qkv.t512.bwd_dw inference.int15i64.v1.tuned.two_launch inference-has-no-backward-product
DIGEST price-llama8b.qkv.t512.bwd_dw training.int15i64.v1.tuned.two_launch 0x8ef510e0780e450
PRICE IDENTICAL int15.llama8b.qkv.t512.bwd_dw.training.int15i64.v1.tuned.two_launch.device 0.440569
   device-bits int15.llama8b.qkv.t512.bwd_dw.training.int15i64.v1.tuned.two_launch.device 0.440569/0x3fdc324851a86940
INT15 amd llama8b.qkv.t512.bwd_dw 4096 4096 512 FULL training.int15i64.v1.tuned.two_launch 0.4406 0.4321 19497.3650 GMAC/s 0x8ef510e0780e450 planes.a.parallel+planes.b.parallel+four-products-one-staging+epilogue-launch

== llama8b.mlp_up.t1  m=1 n=14336 k=4096  FULL  fp32 plan: SPLIT 1x256 reg1x1 KS=16 leaves on grid.y -> workspace -> fold (block per cell <= 16384, else register stack) tpb=256 hwftz=False (256 thr, 2-D grid, no swizzle)
DIGEST fp32-llama8b.mlp_up.t1 fp32.v1 0x4965ea6af2ff5e61
PRICE IDENTICAL int15.llama8b.mlp_up.t1.fp32.v1.device 0.16949
   device-bits int15.llama8b.mlp_up.t1.fp32.v1.device 0.16949/0x3fc5b1d92b7fe08b
INT15 amd llama8b.mlp_up.t1 1 14336 4096 FULL fp32.v1 0.1695 0.1475 346.4526 GMAC/s 0x4965ea6af2ff5e61 OP_NT,plan=13
DIGEST price-llama8b.mlp_up.t1 int15i64.v1.flat 0xae35d8ef540f67ad
PRICE IDENTICAL int15.llama8b.mlp_up.t1.int15i64.v1.flat.device 1.162498
   device-bits int15.llama8b.mlp_up.t1.int15i64.v1.flat.device 1.162498/0x3ff2999780baa583
INT15 amd llama8b.mlp_up.t1 1 14336 4096 FULL int15i64.v1.flat 1.1625 1.1588 50.5121 GMAC/s 0xae35d8ef540f67ad not-dispatched(the-column-has-the-unit)
DIGEST price-llama8b.mlp_up.t1 int15i64.v1.pieces 0xae35d8ef540f67ad
PRICE IDENTICAL int15.llama8b.mlp_up.t1.int15i64.v1.pieces.device 2.572295
   device-bits int15.llama8b.mlp_up.t1.int15i64.v1.pieces.device 2.572295/0x4004940f66a55087
INT15 amd llama8b.mlp_up.t1 1 14336 4096 FULL int15i64.v1.pieces 2.5723 2.5457 22.8280 GMAC/s 0xae35d8ef540f67ad not-dispatched(the-column-has-the-unit)
DIGEST price-llama8b.mlp_up.t1 int15i64.v1.mma 0xae35d8ef540f67ad
PRICE IDENTICAL int15.llama8b.mlp_up.t1.int15i64.v1.mma.device 0.10876
   device-bits int15.llama8b.mlp_up.t1.int15i64.v1.mma.device 0.10876/0x3fbbd7b2031ceaf2
INT15 amd llama8b.mlp_up.t1 1 14336 4096 FULL int15i64.v1.mma 0.1088 0.1072 539.9067 GMAC/s 0xae35d8ef540f67ad dispatched,four-unit-products
DIGEST conv-llama8b.mlp_up.t1 convert.int15.quantize.a 0xb01c5164b78a8cd9
PRICE IDENTICAL int15.llama8b.mlp_up.t1.convert.int15.quantize.a.device 1.329007
   device-bits int15.llama8b.mlp_up.t1.convert.int15.quantize.a.device 1.329007/0x3ff5439cd8127b2d
INT15 amd llama8b.mlp_up.t1 1 14336 4096 FULL convert.int15.quantize.a 1.3290 1.3256 0.0031 Gelem/s 0xb01c5164b78a8cd9 per-call
DIGEST conv-llama8b.mlp_up.t1 convert.int15.quantize.a.parallel 0xb01c5164b78a8cd9
PRICE IDENTICAL int15.llama8b.mlp_up.t1.convert.int15.quantize.a.parallel.device 0.04846
   device-bits int15.llama8b.mlp_up.t1.convert.int15.quantize.a.parallel.device 0.04846/0x3fa8cfbfc6540cc8
INT15 amd llama8b.mlp_up.t1 1 14336 4096 FULL convert.int15.quantize.a.parallel 0.0485 0.0451 0.0845 Gelem/s 0xb01c5164b78a8cd9 per-call
DIGEST conv-llama8b.mlp_up.t1 convert.int15.planes.a.parallel 0x6ca381f7a412a406
PRICE IDENTICAL int15.llama8b.mlp_up.t1.convert.int15.planes.a.parallel.device 0.02078
   device-bits int15.llama8b.mlp_up.t1.convert.int15.planes.a.parallel.device 0.02078/0x3f95475a31a4bdba
INT15 amd llama8b.mlp_up.t1 1 14336 4096 FULL convert.int15.planes.a.parallel 0.0208 0.0174 0.1971 Gelem/s 0x6ca381f7a412a406 per-call
DIGEST conv-llama8b.mlp_up.t1 convert.int15.split.a 0x6ca381f7a412a406
PRICE IDENTICAL int15.llama8b.mlp_up.t1.convert.int15.split.a.device 0.0234
   device-bits int15.llama8b.mlp_up.t1.convert.int15.split.a.device 0.0234/0x3f97f62b6ae7d567
INT15 amd llama8b.mlp_up.t1 1 14336 4096 FULL convert.int15.split.a 0.0234 0.0145 0.1750 Gelem/s 0x6ca381f7a412a406 per-call
DIGEST conv-llama8b.mlp_up.t1 convert.int15.quantize.b 0xf305c69146315ce1
PRICE IDENTICAL int15.llama8b.mlp_up.t1.convert.int15.quantize.b.device 4.244321
   device-bits int15.llama8b.mlp_up.t1.convert.int15.quantize.b.device 4.244321/0x4010fa2f48c2e771
INT15 amd llama8b.mlp_up.t1 1 14336 4096 FULL convert.int15.quantize.b 4.2443 4.2141 13.8350 Gelem/s 0xf305c69146315ce1 once-per-weight-at-inference,per-step-at-training
DIGEST conv-llama8b.mlp_up.t1 convert.int15.quantize.b.parallel 0xf305c69146315ce1
PRICE IDENTICAL int15.llama8b.mlp_up.t1.convert.int15.quantize.b.parallel.device 1.344057
   device-bits int15.llama8b.mlp_up.t1.convert.int15.quantize.b.parallel.device 1.344057/0x3ff58141e9af5ba3
INT15 amd llama8b.mlp_up.t1 1 14336 4096 FULL convert.int15.quantize.b.parallel 1.3441 1.3294 43.6888 Gelem/s 0xf305c69146315ce1 once-per-weight-at-inference,per-step-at-training
DIGEST conv-llama8b.mlp_up.t1 convert.int15.planes.b.parallel 0x4f08c5bb8eef630f
PRICE IDENTICAL int15.llama8b.mlp_up.t1.convert.int15.planes.b.parallel.device 0.511849
   device-bits int15.llama8b.mlp_up.t1.convert.int15.planes.b.parallel.device 0.511849/0x3fe06111276fb092
INT15 amd llama8b.mlp_up.t1 1 14336 4096 FULL convert.int15.planes.b.parallel 0.5118 0.5085 114.7218 Gelem/s 0x4f08c5bb8eef630f once-per-weight-at-inference,per-step-at-training
DIGEST conv-llama8b.mlp_up.t1 convert.int15.split.b 0x4f08c5bb8eef630f
PRICE IDENTICAL int15.llama8b.mlp_up.t1.convert.int15.split.b.device 0.12683
   device-bits int15.llama8b.mlp_up.t1.convert.int15.split.b.device 0.12683/0x3fc03bf727136a40
INT15 amd llama8b.mlp_up.t1 1 14336 4096 FULL convert.int15.split.b 0.1268 0.1244 462.9840 Gelem/s 0x4f08c5bb8eef630f once-per-weight-at-inference,per-step-at-training
DIGEST price-llama8b.mlp_up.t1 inference.int15i64.v1.planes 0xae35d8ef540f67ad
PRICE IDENTICAL int15.llama8b.mlp_up.t1.inference.int15i64.v1.planes.device 0.108508
   device-bits int15.llama8b.mlp_up.t1.inference.int15i64.v1.planes.device 0.108508/0x3fbbc72e275ab7dc
INT15 amd llama8b.mlp_up.t1 1 14336 4096 FULL inference.int15i64.v1.planes 0.1085 0.1079 541.1606 GMAC/s 0xae35d8ef540f67ad planes.a.parallel+product
DIGEST price-llama8b.mlp_up.t1 inference.int15i64.v1.codes 0xae35d8ef540f67ad
PRICE IDENTICAL int15.llama8b.mlp_up.t1.inference.int15i64.v1.codes.device 0.255
   device-bits int15.llama8b.mlp_up.t1.inference.int15i64.v1.codes.device 0.255/0x3fd051eb851eb852
INT15 amd llama8b.mlp_up.t1 1 14336 4096 FULL inference.int15i64.v1.codes 0.2550 0.2511 230.2755 GMAC/s 0xae35d8ef540f67ad quantize.a.parallel+split.a+split.b+product
DIGEST price-llama8b.mlp_up.t1 inference.int15i64.v1.planes.rowquant 0xae35d8ef540f67ad
PRICE IDENTICAL int15.llama8b.mlp_up.t1.inference.int15i64.v1.planes.rowquant.device 1.438206
   device-bits int15.llama8b.mlp_up.t1.inference.int15i64.v1.planes.rowquant.device 1.438206/0x3ff702e44b6e935c
INT15 amd llama8b.mlp_up.t1 1 14336 4096 FULL inference.int15i64.v1.planes.rowquant 1.4382 1.4312 40.8288 GMAC/s 0xae35d8ef540f67ad quantize.a+split.a+product
DIGEST price-llama8b.mlp_up.t1 training.int15i64.v1.planes 0xae35d8ef540f67ad
PRICE IDENTICAL int15.llama8b.mlp_up.t1.training.int15i64.v1.planes.device 0.62829
   device-bits int15.llama8b.mlp_up.t1.training.int15i64.v1.planes.device 0.62829/0x3fe41af3a14cec42
INT15 amd llama8b.mlp_up.t1 1 14336 4096 FULL training.int15i64.v1.planes 0.6283 0.6225 93.4604 GMAC/s 0xae35d8ef540f67ad planes.a.parallel+planes.b.parallel+product
DIGEST price-llama8b.mlp_up.t1 training.int15i64.v1.codes 0xae35d8ef540f67ad
PRICE IDENTICAL int15.llama8b.mlp_up.t1.training.int15i64.v1.codes.device 1.574317
   device-bits int15.llama8b.mlp_up.t1.training.int15i64.v1.codes.device 1.574317/0x3ff9306705c896dd
INT15 amd llama8b.mlp_up.t1 1 14336 4096 FULL training.int15i64.v1.codes 1.5743 1.5600 37.2989 GMAC/s 0xae35d8ef540f67ad quantize.a.parallel+quantize.b.parallel+split.a+split.b+product
DIGEST price-llama8b.mlp_up.t1 training.int15i64.v1.planes.rowquant 0xae35d8ef540f67ad
PRICE IDENTICAL int15.llama8b.mlp_up.t1.training.int15i64.v1.planes.rowquant.device 5.771459
   device-bits int15.llama8b.mlp_up.t1.training.int15i64.v1.planes.rowquant.device 5.771459/0x401715f9591cd1c8
INT15 amd llama8b.mlp_up.t1 1 14336 4096 FULL training.int15i64.v1.planes.rowquant 5.7715 5.7491 10.1742 GMAC/s 0xae35d8ef540f67ad quantize.a+quantize.b+split.a+split.b+product
INT15-NOT-RUN amd llama8b.mlp_up.t1 int15i64.v1.apple.two this-column-is-not-apple
INT15-NOT-RUN amd llama8b.mlp_up.t1 int15i64.v1.apple.four this-column-is-not-apple
INT15-NOT-RUN amd llama8b.mlp_up.t1 inference.int15i64.v1.apple.two this-column-is-not-apple
INT15-NOT-RUN amd llama8b.mlp_up.t1 inference.int15i64.v1.apple.four this-column-is-not-apple
INT15-NOT-RUN amd llama8b.mlp_up.t1 training.int15i64.v1.apple.two this-column-is-not-apple
INT15-NOT-RUN amd llama8b.mlp_up.t1 training.int15i64.v1.apple.four this-column-is-not-apple
DIGEST price-llama8b.mlp_up.t1 int15i64.v1.tuned 0xae35d8ef540f67ad
PRICE IDENTICAL int15.llama8b.mlp_up.t1.int15i64.v1.tuned.device 0.05703
   device-bits int15.llama8b.mlp_up.t1.int15i64.v1.tuned.device 0.05703/0x3fad330941c8216c
INT15 amd llama8b.mlp_up.t1 1 14336 4096 FULL int15i64.v1.tuned 0.0570 0.0561 1029.6380 GMAC/s 0xae35d8ef540f67ad not-dispatched,four-products-one-staging,epilogue-at-the-store
DIGEST price-llama8b.mlp_up.t1 inference.int15i64.v1.tuned 0xae35d8ef540f67ad
PRICE IDENTICAL int15.llama8b.mlp_up.t1.inference.int15i64.v1.tuned.device 0.07578
   device-bits int15.llama8b.mlp_up.t1.inference.int15i64.v1.tuned.device 0.07578/0x3fb366516db0dd83
INT15 amd llama8b.mlp_up.t1 1 14336 4096 FULL inference.int15i64.v1.tuned 0.0758 0.0745 774.8780 GMAC/s 0xae35d8ef540f67ad planes.a.parallel+four-products-one-staging,epilogue-at-the-store
DIGEST price-llama8b.mlp_up.t1 training.int15i64.v1.tuned 0xae35d8ef540f67ad
PRICE IDENTICAL int15.llama8b.mlp_up.t1.training.int15i64.v1.tuned.device 0.572139
   device-bits int15.llama8b.mlp_up.t1.training.int15i64.v1.tuned.device 0.572139/0x3fe24ef672b88440
INT15 amd llama8b.mlp_up.t1 1 14336 4096 FULL training.int15i64.v1.tuned 0.5721 0.5713 102.6328 GMAC/s 0xae35d8ef540f67ad planes.a.parallel+planes.b.parallel+four-products-one-staging,epilogue-at-the-store
DIGEST price-llama8b.mlp_up.t1 int15i64.v1.tuned.two_launch 0xae35d8ef540f67ad
PRICE IDENTICAL int15.llama8b.mlp_up.t1.int15i64.v1.tuned.two_launch.device 0.119879
   device-bits int15.llama8b.mlp_up.t1.int15i64.v1.tuned.two_launch.device 0.119879/0x3fbeb063e07a28bb
INT15 amd llama8b.mlp_up.t1 1 14336 4096 FULL int15i64.v1.tuned.two_launch 0.1199 0.1189 489.8294 GMAC/s 0xae35d8ef540f67ad not-dispatched,four-products-one-staging+epilogue-launch
DIGEST price-llama8b.mlp_up.t1 inference.int15i64.v1.tuned.two_launch 0xae35d8ef540f67ad
PRICE IDENTICAL int15.llama8b.mlp_up.t1.inference.int15i64.v1.tuned.two_launch.device 0.1339
   device-bits int15.llama8b.mlp_up.t1.inference.int15i64.v1.tuned.two_launch.device 0.1339/0x3fc123a29c779a6b
INT15 amd llama8b.mlp_up.t1 1 14336 4096 FULL inference.int15i64.v1.tuned.two_launch 0.1339 0.1321 438.5381 GMAC/s 0xae35d8ef540f67ad planes.a.parallel+four-products-one-staging+epilogue-launch
DIGEST price-llama8b.mlp_up.t1 training.int15i64.v1.tuned.two_launch 0xae35d8ef540f67ad
PRICE IDENTICAL int15.llama8b.mlp_up.t1.training.int15i64.v1.tuned.two_launch.device 0.634609
   device-bits int15.llama8b.mlp_up.t1.training.int15i64.v1.tuned.two_launch.device 0.634609/0x3fe44eb78897e996
INT15 amd llama8b.mlp_up.t1 1 14336 4096 FULL training.int15i64.v1.tuned.two_launch 0.6346 0.6331 92.5298 GMAC/s 0xae35d8ef540f67ad planes.a.parallel+planes.b.parallel+four-products-one-staging+epilogue-launch

== llama8b.mlp_up.t8  m=8 n=14336 k=4096  FULL  fp32 plan: SPLIT 8x64 reg1x2 KS=16 leaves on grid.y -> workspace -> fold (block per cell <= 16384, else register stack) tpb=256 hwftz=False (256 thr, 2-D grid, no swizzle)
DIGEST fp32-llama8b.mlp_up.t8 fp32.v1 0x7b30465d325906e
PRICE IDENTICAL int15.llama8b.mlp_up.t8.fp32.v1.device 0.16899
   device-bits int15.llama8b.mlp_up.t8.fp32.v1.device 0.16899/0x3fc5a176ddaceee1
INT15 amd llama8b.mlp_up.t8 8 14336 4096 FULL fp32.v1 0.1690 0.1631 2779.8216 GMAC/s 0x7b30465d325906e OP_NT,plan=14
DIGEST price-llama8b.mlp_up.t8 int15i64.v1.flat 0x5dd8142ffbce1023
PRICE IDENTICAL int15.llama8b.mlp_up.t8.int15i64.v1.flat.device 3.017025
   device-bits int15.llama8b.mlp_up.t8.int15i64.v1.flat.device 3.017025/0x400822de00d1b717
INT15 amd llama8b.mlp_up.t8 8 14336 4096 FULL int15i64.v1.flat 3.0170 3.0013 155.7037 GMAC/s 0x5dd8142ffbce1023 not-dispatched(the-column-has-the-unit)
DIGEST price-llama8b.mlp_up.t8 int15i64.v1.pieces 0x5dd8142ffbce1023
PRICE IDENTICAL int15.llama8b.mlp_up.t8.int15i64.v1.pieces.device 8.573373
   device-bits int15.llama8b.mlp_up.t8.int15i64.v1.pieces.device 8.573373/0x402125912556d19e
INT15 amd llama8b.mlp_up.t8 8 14336 4096 FULL int15i64.v1.pieces 8.5734 8.4730 54.7931 GMAC/s 0x5dd8142ffbce1023 not-dispatched(the-column-has-the-unit)
DIGEST price-llama8b.mlp_up.t8 int15i64.v1.mma 0x5dd8142ffbce1023
PRICE IDENTICAL int15.llama8b.mlp_up.t8.int15i64.v1.mma.device 0.117831
   device-bits int15.llama8b.mlp_up.t8.int15i64.v1.mma.device 0.117831/0x3fbe2a2c2374794f
INT15 amd llama8b.mlp_up.t8 8 14336 4096 FULL int15i64.v1.mma 0.1178 0.1175 3986.7441 GMAC/s 0x5dd8142ffbce1023 dispatched,four-unit-products
DIGEST conv-llama8b.mlp_up.t8 convert.int15.quantize.a 0xc41e630721b559a8
PRICE IDENTICAL int15.llama8b.mlp_up.t8.convert.int15.quantize.a.device 1.438837
   device-bits int15.llama8b.mlp_up.t8.convert.int15.quantize.a.device 1.438837/0x3ff70579f2346562
INT15 amd llama8b.mlp_up.t8 8 14336 4096 FULL convert.int15.quantize.a 1.4388 1.4108 0.0228 Gelem/s 0xc41e630721b559a8 per-call
DIGEST conv-llama8b.mlp_up.t8 convert.int15.quantize.a.parallel 0xc41e630721b559a8
PRICE IDENTICAL int15.llama8b.mlp_up.t8.convert.int15.quantize.a.parallel.device 0.067499
   device-bits int15.llama8b.mlp_up.t8.convert.int15.quantize.a.parallel.device 0.067499/0x3fb1479d4d834092
INT15 amd llama8b.mlp_up.t8 8 14336 4096 FULL convert.int15.quantize.a.parallel 0.0675 0.0647 0.4855 Gelem/s 0xc41e630721b559a8 per-call
DIGEST conv-llama8b.mlp_up.t8 convert.int15.planes.a.parallel 0xa65514e80d97e412
PRICE IDENTICAL int15.llama8b.mlp_up.t8.convert.int15.planes.a.parallel.device 0.01975
   device-bits int15.llama8b.mlp_up.t8.convert.int15.planes.a.parallel.device 0.01975/0x3f94395810624dd3
INT15 amd llama8b.mlp_up.t8 8 14336 4096 FULL convert.int15.planes.a.parallel 0.0198 0.0194 1.6591 Gelem/s 0xa65514e80d97e412 per-call
DIGEST conv-llama8b.mlp_up.t8 convert.int15.split.a 0xa65514e80d97e412
PRICE IDENTICAL int15.llama8b.mlp_up.t8.convert.int15.split.a.device 0.01756
   device-bits int15.llama8b.mlp_up.t8.convert.int15.split.a.device 0.01756/0x3f91fb3fa6defc7a
INT15 amd llama8b.mlp_up.t8 8 14336 4096 FULL convert.int15.split.a 0.0176 0.0143 1.8661 Gelem/s 0xa65514e80d97e412 per-call
DIGEST conv-llama8b.mlp_up.t8 convert.int15.quantize.b 0x5526319a1fd404eb
PRICE IDENTICAL int15.llama8b.mlp_up.t8.convert.int15.quantize.b.device 4.206892
   device-bits int15.llama8b.mlp_up.t8.convert.int15.quantize.b.device 4.206892/0x4010d3db7f173754
INT15 amd llama8b.mlp_up.t8 8 14336 4096 FULL convert.int15.quantize.b 4.2069 4.2014 13.9581 Gelem/s 0x5526319a1fd404eb once-per-weight-at-inference,per-step-at-training
DIGEST conv-llama8b.mlp_up.t8 convert.int15.quantize.b.parallel 0x5526319a1fd404eb
PRICE IDENTICAL int15.llama8b.mlp_up.t8.convert.int15.quantize.b.parallel.device 1.345607
   device-bits int15.llama8b.mlp_up.t8.convert.int15.quantize.b.parallel.device 1.345607/0x3ff5879b34a44c7b
INT15 amd llama8b.mlp_up.t8 8 14336 4096 FULL convert.int15.quantize.b.parallel 1.3456 1.3382 43.6385 Gelem/s 0x5526319a1fd404eb once-per-weight-at-inference,per-step-at-training
DIGEST conv-llama8b.mlp_up.t8 convert.int15.planes.b.parallel 0x1a382def955ed027
PRICE IDENTICAL int15.llama8b.mlp_up.t8.convert.int15.planes.b.parallel.device 0.507069
   device-bits int15.llama8b.mlp_up.t8.convert.int15.planes.b.parallel.device 0.507069/0x3fe039e8c47a17f4
INT15 amd llama8b.mlp_up.t8 8 14336 4096 FULL convert.int15.planes.b.parallel 0.5071 0.5001 115.8033 Gelem/s 0x1a382def955ed027 once-per-weight-at-inference,per-step-at-training
DIGEST conv-llama8b.mlp_up.t8 convert.int15.split.b 0x1a382def955ed027
PRICE IDENTICAL int15.llama8b.mlp_up.t8.convert.int15.split.b.device 0.12469
   device-bits int15.llama8b.mlp_up.t8.convert.int15.split.b.device 0.12469/0x3fbfebaf102363b2
INT15 amd llama8b.mlp_up.t8 8 14336 4096 FULL convert.int15.split.b 0.1247 0.1235 470.9300 Gelem/s 0x1a382def955ed027 once-per-weight-at-inference,per-step-at-training
DIGEST price-llama8b.mlp_up.t8 inference.int15i64.v1.planes 0x5dd8142ffbce1023
PRICE IDENTICAL int15.llama8b.mlp_up.t8.inference.int15i64.v1.planes.device 0.11534
   device-bits int15.llama8b.mlp_up.t8.inference.int15i64.v1.planes.device 0.11534/0x3fbd86ec17ebaf10
INT15 amd llama8b.mlp_up.t8 8 14336 4096 FULL inference.int15i64.v1.planes 0.1153 0.1140 4072.8459 GMAC/s 0x5dd8142ffbce1023 planes.a.parallel+product
DIGEST price-llama8b.mlp_up.t8 inference.int15i64.v1.codes 0x5dd8142ffbce1023
PRICE IDENTICAL int15.llama8b.mlp_up.t8.inference.int15i64.v1.codes.device 0.277529
   device-bits int15.llama8b.mlp_up.t8.inference.int15i64.v1.codes.device 0.277529/0x3fd1c308feac42ea
INT15 amd llama8b.mlp_up.t8 8 14336 4096 FULL inference.int15i64.v1.codes 0.2775 0.2753 1692.6593 GMAC/s 0x5dd8142ffbce1023 quantize.a.parallel+split.a+split.b+product
DIGEST price-llama8b.mlp_up.t8 inference.int15i64.v1.planes.rowquant 0x5dd8142ffbce1023
PRICE IDENTICAL int15.llama8b.mlp_up.t8.inference.int15i64.v1.planes.rowquant.device 1.521977
   device-bits int15.llama8b.mlp_up.t8.inference.int15i64.v1.planes.rowquant.device 1.521977/0x3ff85a048e043a21
INT15 amd llama8b.mlp_up.t8 8 14336 4096 FULL inference.int15i64.v1.planes.rowquant 1.5220 1.4997 308.6525 GMAC/s 0x5dd8142ffbce1023 quantize.a+split.a+product
DIGEST price-llama8b.mlp_up.t8 training.int15i64.v1.planes 0x5dd8142ffbce1023
PRICE IDENTICAL int15.llama8b.mlp_up.t8.training.int15i64.v1.planes.device 0.626219
   device-bits int15.llama8b.mlp_up.t8.training.int15i64.v1.planes.device 0.626219/0x3fe409fc6da44849
INT15 amd llama8b.mlp_up.t8 8 14336 4096 FULL training.int15i64.v1.planes 0.6262 0.6213 750.1562 GMAC/s 0x5dd8142ffbce1023 planes.a.parallel+planes.b.parallel+product
DIGEST price-llama8b.mlp_up.t8 training.int15i64.v1.codes 0x5dd8142ffbce1023
PRICE IDENTICAL int15.llama8b.mlp_up.t8.training.int15i64.v1.codes.device 1.579466
   device-bits int15.llama8b.mlp_up.t8.training.int15i64.v1.codes.device 1.579466/0x3ff9457e23f24d90
INT15 amd llama8b.mlp_up.t8 8 14336 4096 FULL training.int15i64.v1.codes 1.5795 1.5767 297.4183 GMAC/s 0x5dd8142ffbce1023 quantize.a.parallel+quantize.b.parallel+split.a+split.b+product
DIGEST price-llama8b.mlp_up.t8 training.int15i64.v1.planes.rowquant 0x5dd8142ffbce1023
PRICE IDENTICAL int15.llama8b.mlp_up.t8.training.int15i64.v1.planes.rowquant.device 5.858198
   device-bits int15.llama8b.mlp_up.t8.training.int15i64.v1.planes.rowquant.device 5.858198/0x40176ecb74ddf86e
INT15 amd llama8b.mlp_up.t8 8 14336 4096 FULL training.int15i64.v1.planes.rowquant 5.8582 5.8345 80.1888 GMAC/s 0x5dd8142ffbce1023 quantize.a+quantize.b+split.a+split.b+product
INT15-NOT-RUN amd llama8b.mlp_up.t8 int15i64.v1.apple.two this-column-is-not-apple
INT15-NOT-RUN amd llama8b.mlp_up.t8 int15i64.v1.apple.four this-column-is-not-apple
INT15-NOT-RUN amd llama8b.mlp_up.t8 inference.int15i64.v1.apple.two this-column-is-not-apple
INT15-NOT-RUN amd llama8b.mlp_up.t8 inference.int15i64.v1.apple.four this-column-is-not-apple
INT15-NOT-RUN amd llama8b.mlp_up.t8 training.int15i64.v1.apple.two this-column-is-not-apple
INT15-NOT-RUN amd llama8b.mlp_up.t8 training.int15i64.v1.apple.four this-column-is-not-apple
DIGEST price-llama8b.mlp_up.t8 int15i64.v1.tuned 0x5dd8142ffbce1023
PRICE IDENTICAL int15.llama8b.mlp_up.t8.int15i64.v1.tuned.device 0.05779
   device-bits int15.llama8b.mlp_up.t8.int15i64.v1.tuned.device 0.05779/0x3fad96a6a012599f
INT15 amd llama8b.mlp_up.t8 8 14336 4096 FULL int15i64.v1.tuned 0.0578 0.0556 8128.7774 GMAC/s 0x5dd8142ffbce1023 not-dispatched,four-products-one-staging,epilogue-at-the-store
DIGEST price-llama8b.mlp_up.t8 inference.int15i64.v1.tuned 0x5dd8142ffbce1023
PRICE IDENTICAL int15.llama8b.mlp_up.t8.inference.int15i64.v1.tuned.device 0.09273
   device-bits int15.llama8b.mlp_up.t8.inference.int15i64.v1.tuned.device 0.09273/0x3fb7bd273d5bab22
INT15 amd llama8b.mlp_up.t8 8 14336 4096 FULL inference.int15i64.v1.tuned 0.0927 0.0877 5065.9123 GMAC/s 0x5dd8142ffbce1023 planes.a.parallel+four-products-one-staging,epilogue-at-the-store
DIGEST price-llama8b.mlp_up.t8 training.int15i64.v1.tuned 0x5dd8142ffbce1023
PRICE IDENTICAL int15.llama8b.mlp_up.t8.training.int15i64.v1.tuned.device 0.571149
   device-bits int15.llama8b.mlp_up.t8.training.int15i64.v1.tuned.device 0.571149/0x3fe246da4484944f
INT15 amd llama8b.mlp_up.t8 8 14336 4096 FULL training.int15i64.v1.tuned 0.5711 0.5699 822.4860 GMAC/s 0x5dd8142ffbce1023 planes.a.parallel+planes.b.parallel+four-products-one-staging,epilogue-at-the-store
DIGEST price-llama8b.mlp_up.t8 int15i64.v1.tuned.two_launch 0x5dd8142ffbce1023
PRICE IDENTICAL int15.llama8b.mlp_up.t8.int15i64.v1.tuned.two_launch.device 0.14655
   device-bits int15.llama8b.mlp_up.t8.int15i64.v1.tuned.two_launch.device 0.14655/0x3fc2c226809d4952
INT15 amd llama8b.mlp_up.t8 8 14336 4096 FULL int15i64.v1.tuned.two_launch 0.1466 0.1437 3205.4729 GMAC/s 0x5dd8142ffbce1023 not-dispatched,four-products-one-staging+epilogue-launch
DIGEST price-llama8b.mlp_up.t8 inference.int15i64.v1.tuned.two_launch 0x5dd8142ffbce1023
PRICE IDENTICAL int15.llama8b.mlp_up.t8.inference.int15i64.v1.tuned.two_launch.device 0.155861
   device-bits int15.llama8b.mlp_up.t8.inference.int15i64.v1.tuned.two_launch.device 0.155861/0x3fc3f340d4dc65c7
INT15 amd llama8b.mlp_up.t8 8 14336 4096 FULL inference.int15i64.v1.tuned.two_launch 0.1559 0.1524 3013.9807 GMAC/s 0x5dd8142ffbce1023 planes.a.parallel+four-products-one-staging+epilogue-launch
DIGEST price-llama8b.mlp_up.t8 training.int15i64.v1.tuned.two_launch 0x5dd8142ffbce1023
PRICE IDENTICAL int15.llama8b.mlp_up.t8.training.int15i64.v1.tuned.two_launch.device 0.657809
   device-bits int15.llama8b.mlp_up.t8.training.int15i64.v1.tuned.two_launch.device 0.657809/0x3fe50cc575c0767d
INT15 amd llama8b.mlp_up.t8 8 14336 4096 FULL training.int15i64.v1.tuned.two_launch 0.6578 0.6545 714.1314 GMAC/s 0x5dd8142ffbce1023 planes.a.parallel+planes.b.parallel+four-products-one-staging+epilogue-launch

== llama8b.mlp_up.t512  m=512 n=14336 k=4096  FULL  fp32 plan: TUNED 128x128 reg8x8 KS=16 fold=16 local tpb=256 hwftz=False (1-D grid, no swizzle)
DIGEST fp32-llama8b.mlp_up.t512 fp32.v1 0x27a166783c45f9f0
PRICE IDENTICAL int15.llama8b.mlp_up.t512.fp32.v1.device 2.392565
   device-bits int15.llama8b.mlp_up.t512.fp32.v1.device 2.392565/0x400323f91e646f15
INT15 amd llama8b.mlp_up.t512 512 14336 4096 FULL fp32.v1 2.3926 2.3773 12565.9161 GMAC/s 0x27a166783c45f9f0 OP_NT,plan=10
DIGEST price-llama8b.mlp_up.t512 int15i64.v1.flat 0x31746954b2b719d4
PRICE IDENTICAL int15.llama8b.mlp_up.t512.int15i64.v1.flat.device 171.771085
   device-bits int15.llama8b.mlp_up.t512.int15i64.v1.flat.device 171.771085/0x406578acba732df5
INT15 amd llama8b.mlp_up.t512 512 14336 4096 FULL int15i64.v1.flat 171.7711 170.5557 175.0281 GMAC/s 0x31746954b2b719d4 not-dispatched(the-column-has-the-unit)
DIGEST price-llama8b.mlp_up.t512 int15i64.v1.pieces 0x31746954b2b719d4
PRICE IDENTICAL int15.llama8b.mlp_up.t512.int15i64.v1.pieces.device 427.090191
   device-bits int15.llama8b.mlp_up.t512.int15i64.v1.pieces.device 427.090191/0x407ab1716c1e364c
INT15 amd llama8b.mlp_up.t512 512 14336 4096 FULL int15i64.v1.pieces 427.0902 425.8304 70.3944 GMAC/s 0x31746954b2b719d4 not-dispatched(the-column-has-the-unit)
DIGEST price-llama8b.mlp_up.t512 int15i64.v1.mma 0x31746954b2b719d4
PRICE IDENTICAL int15.llama8b.mlp_up.t512.int15i64.v1.mma.device 1.827406
   device-bits int15.llama8b.mlp_up.t512.int15i64.v1.mma.device 1.827406/0x3ffd3d0e12e83a11
INT15 amd llama8b.mlp_up.t512 512 14336 4096 FULL int15i64.v1.mma 1.8274 1.8102 16452.1574 GMAC/s 0x31746954b2b719d4 dispatched,four-unit-products
DIGEST conv-llama8b.mlp_up.t512 convert.int15.quantize.a 0xb4bf94dcc3facd06
PRICE IDENTICAL int15.llama8b.mlp_up.t512.convert.int15.quantize.a.device 3.900202
   device-bits int15.llama8b.mlp_up.t512.convert.int15.quantize.a.device 3.900202/0x400f339d1b2e59b0
INT15 amd llama8b.mlp_up.t512 512 14336 4096 FULL convert.int15.quantize.a 3.9002 3.8405 0.5377 Gelem/s 0xb4bf94dcc3facd06 per-call
DIGEST conv-llama8b.mlp_up.t512 convert.int15.quantize.a.parallel 0xb4bf94dcc3facd06
PRICE IDENTICAL int15.llama8b.mlp_up.t512.convert.int15.quantize.a.parallel.device 0.10212
   device-bits int15.llama8b.mlp_up.t512.convert.int15.quantize.a.parallel.device 0.10212/0x3fba24894c447c31
INT15 amd llama8b.mlp_up.t512 512 14336 4096 FULL convert.int15.quantize.a.parallel 0.1021 0.0998 20.5362 Gelem/s 0xb4bf94dcc3facd06 per-call
DIGEST conv-llama8b.mlp_up.t512 convert.int15.planes.a.parallel 0xa995a6c363c89d21
PRICE IDENTICAL int15.llama8b.mlp_up.t512.convert.int15.planes.a.parallel.device 0.031011
   device-bits int15.llama8b.mlp_up.t512.convert.int15.planes.a.parallel.device 0.031011/0x3f9fc158fb43d89d
INT15 amd llama8b.mlp_up.t512 512 14336 4096 FULL convert.int15.planes.a.parallel 0.0310 0.0293 67.6261 Gelem/s 0xa995a6c363c89d21 per-call
DIGEST conv-llama8b.mlp_up.t512 convert.int15.split.a 0xa995a6c363c89d21
PRICE IDENTICAL int15.llama8b.mlp_up.t512.convert.int15.split.a.device 0.02023
   device-bits int15.llama8b.mlp_up.t512.convert.int15.split.a.device 0.02023/0x3f94b72c5197a249
INT15 amd llama8b.mlp_up.t512 512 14336 4096 FULL convert.int15.split.a 0.0202 0.0194 103.6654 Gelem/s 0xa995a6c363c89d21 per-call
DIGEST conv-llama8b.mlp_up.t512 convert.int15.quantize.b 0x828a1731c89221c0
PRICE IDENTICAL int15.llama8b.mlp_up.t512.convert.int15.quantize.b.device 4.25541
   device-bits int15.llama8b.mlp_up.t512.convert.int15.quantize.b.device 4.25541/0x4011058a32f44913
INT15 amd llama8b.mlp_up.t512 512 14336 4096 FULL convert.int15.quantize.b 4.2554 4.2268 13.7990 Gelem/s 0x828a1731c89221c0 once-per-weight-at-inference,per-step-at-training
DIGEST conv-llama8b.mlp_up.t512 convert.int15.quantize.b.parallel 0x828a1731c89221c0
PRICE IDENTICAL int15.llama8b.mlp_up.t512.convert.int15.quantize.b.parallel.device 1.491527
   device-bits int15.llama8b.mlp_up.t512.convert.int15.quantize.b.parallel.device 1.491527/0x3ff7dd4b6a619daa
INT15 amd llama8b.mlp_up.t512 512 14336 4096 FULL convert.int15.quantize.b.parallel 1.4915 1.4779 39.3692 Gelem/s 0x828a1731c89221c0 once-per-weight-at-inference,per-step-at-training
DIGEST conv-llama8b.mlp_up.t512 convert.int15.planes.b.parallel 0x74a888a8034727d3
PRICE IDENTICAL int15.llama8b.mlp_up.t512.convert.int15.planes.b.parallel.device 0.509179
   device-bits int15.llama8b.mlp_up.t512.convert.int15.planes.b.parallel.device 0.509179/0x3fe04b31c219eb64
INT15 amd llama8b.mlp_up.t512 512 14336 4096 FULL convert.int15.planes.b.parallel 0.5092 0.5084 115.3234 Gelem/s 0x74a888a8034727d3 once-per-weight-at-inference,per-step-at-training
DIGEST conv-llama8b.mlp_up.t512 convert.int15.split.b 0x74a888a8034727d3
PRICE IDENTICAL int15.llama8b.mlp_up.t512.convert.int15.split.b.device 0.12617
   device-bits int15.llama8b.mlp_up.t512.convert.int15.split.b.device 0.12617/0x3fc02656abde3fbc
INT15 amd llama8b.mlp_up.t512 512 14336 4096 FULL convert.int15.split.b 0.1262 0.1240 465.4058 Gelem/s 0x74a888a8034727d3 once-per-weight-at-inference,per-step-at-training
DIGEST price-llama8b.mlp_up.t512 inference.int15i64.v1.planes 0x31746954b2b719d4
PRICE IDENTICAL int15.llama8b.mlp_up.t512.inference.int15i64.v1.planes.device 1.850576
   device-bits int15.llama8b.mlp_up.t512.inference.int15i64.v1.planes.device 1.850576/0x3ffd9bf5946c332f
INT15 amd llama8b.mlp_up.t512 512 14336 4096 FULL inference.int15i64.v1.planes 1.8506 1.8470 16246.1693 GMAC/s 0x31746954b2b719d4 planes.a.parallel+product
DIGEST price-llama8b.mlp_up.t512 inference.int15i64.v1.codes 0x31746954b2b719d4
PRICE IDENTICAL int15.llama8b.mlp_up.t512.inference.int15i64.v1.codes.device 2.003315
   device-bits int15.llama8b.mlp_up.t512.inference.int15i64.v1.codes.device 2.003315/0x400006ca03c4b09f
INT15 amd llama8b.mlp_up.t512 512 14336 4096 FULL inference.int15i64.v1.codes 2.0033 1.9994 15007.5106 GMAC/s 0x31746954b2b719d4 quantize.a.parallel+split.a+split.b+product
DIGEST price-llama8b.mlp_up.t512 inference.int15i64.v1.planes.rowquant 0x31746954b2b719d4
PRICE IDENTICAL int15.llama8b.mlp_up.t512.inference.int15i64.v1.planes.rowquant.device 5.768408
   device-bits int15.llama8b.mlp_up.t512.inference.int15i64.v1.planes.rowquant.device 5.768408/0x401712d98bf7f067
INT15 amd llama8b.mlp_up.t512 512 14336 4096 FULL inference.int15i64.v1.planes.rowquant 5.7684 5.5167 5211.9703 GMAC/s 0x31746954b2b719d4 quantize.a+split.a+product
DIGEST price-llama8b.mlp_up.t512 training.int15i64.v1.planes 0x31746954b2b719d4
PRICE IDENTICAL int15.llama8b.mlp_up.t512.training.int15i64.v1.planes.device 2.308154
   device-bits int15.llama8b.mlp_up.t512.training.int15i64.v1.planes.device 2.308154/0x4002771971c10d7c
INT15 amd llama8b.mlp_up.t512 512 14336 4096 FULL training.int15i64.v1.planes 2.3082 2.3044 13025.4615 GMAC/s 0x31746954b2b719d4 planes.a.parallel+planes.b.parallel+product
DIGEST price-llama8b.mlp_up.t512 training.int15i64.v1.codes 0x31746954b2b719d4
PRICE IDENTICAL int15.llama8b.mlp_up.t512.training.int15i64.v1.codes.device 3.337363
   device-bits int15.llama8b.mlp_up.t512.training.int15i64.v1.codes.device 3.337363/0x400ab2eb5f5f0b28
INT15 amd llama8b.mlp_up.t512 512 14336 4096 FULL training.int15i64.v1.codes 3.3374 3.3218 9008.5409 GMAC/s 0x31746954b2b719d4 quantize.a.parallel+quantize.b.parallel+split.a+split.b+product
DIGEST price-llama8b.mlp_up.t512 training.int15i64.v1.planes.rowquant 0x31746954b2b719d4
PRICE IDENTICAL int15.llama8b.mlp_up.t512.training.int15i64.v1.planes.rowquant.device 10.20468
   device-bits int15.llama8b.mlp_up.t512.training.int15i64.v1.planes.rowquant.device 10.20468/0x402468cbd1244a62
INT15 amd llama8b.mlp_up.t512 512 14336 4096 FULL training.int15i64.v1.planes.rowquant 10.2047 10.1020 2946.1748 GMAC/s 0x31746954b2b719d4 quantize.a+quantize.b+split.a+split.b+product
INT15-NOT-RUN amd llama8b.mlp_up.t512 int15i64.v1.apple.two this-column-is-not-apple
INT15-NOT-RUN amd llama8b.mlp_up.t512 int15i64.v1.apple.four this-column-is-not-apple
INT15-NOT-RUN amd llama8b.mlp_up.t512 inference.int15i64.v1.apple.two this-column-is-not-apple
INT15-NOT-RUN amd llama8b.mlp_up.t512 inference.int15i64.v1.apple.four this-column-is-not-apple
INT15-NOT-RUN amd llama8b.mlp_up.t512 training.int15i64.v1.apple.two this-column-is-not-apple
INT15-NOT-RUN amd llama8b.mlp_up.t512 training.int15i64.v1.apple.four this-column-is-not-apple
DIGEST price-llama8b.mlp_up.t512 int15i64.v1.tuned 0x31746954b2b719d4
PRICE IDENTICAL int15.llama8b.mlp_up.t512.int15i64.v1.tuned.device 0.370409
   device-bits int15.llama8b.mlp_up.t512.int15i64.v1.tuned.device 0.370409/0x3fd7b4c7f3493858
INT15 amd llama8b.mlp_up.t512 512 14336 4096 FULL int15i64.v1.tuned 0.3704 0.3641 81166.4162 GMAC/s 0x31746954b2b719d4 not-dispatched,four-products-one-staging,epilogue-at-the-store
DIGEST price-llama8b.mlp_up.t512 inference.int15i64.v1.tuned 0x31746954b2b719d4
PRICE IDENTICAL int15.llama8b.mlp_up.t512.inference.int15i64.v1.tuned.device 0.3953
   device-bits int15.llama8b.mlp_up.t512.inference.int15i64.v1.tuned.device 0.3953/0x3fd94c985f06f694
INT15 amd llama8b.mlp_up.t512 512 14336 4096 FULL inference.int15i64.v1.tuned 0.3953 0.3928 76055.5808 GMAC/s 0x31746954b2b719d4 planes.a.parallel+four-products-one-staging,epilogue-at-the-store
DIGEST price-llama8b.mlp_up.t512 training.int15i64.v1.tuned 0x31746954b2b719d4
PRICE IDENTICAL int15.llama8b.mlp_up.t512.training.int15i64.v1.tuned.device 0.915098
   device-bits int15.llama8b.mlp_up.t512.training.int15i64.v1.tuned.device 0.915098/0x3fed487b99d451fc
INT15 amd llama8b.mlp_up.t512 512 14336 4096 FULL training.int15i64.v1.tuned 0.9151 0.8998 32854.1545 GMAC/s 0x31746954b2b719d4 planes.a.parallel+planes.b.parallel+four-products-one-staging,epilogue-at-the-store
DIGEST price-llama8b.mlp_up.t512 int15i64.v1.tuned.two_launch 0x31746954b2b719d4
PRICE IDENTICAL int15.llama8b.mlp_up.t512.int15i64.v1.tuned.two_launch.device 0.459689
   device-bits int15.llama8b.mlp_up.t512.int15i64.v1.tuned.two_launch.device 0.459689/0x3fdd6b8b69552e30
INT15 amd llama8b.mlp_up.t512 512 14336 4096 FULL int15i64.v1.tuned.two_launch 0.4597 0.4561 65402.4157 GMAC/s 0x31746954b2b719d4 not-dispatched,four-products-one-staging+epilogue-launch
DIGEST price-llama8b.mlp_up.t512 inference.int15i64.v1.tuned.two_launch 0x31746954b2b719d4
PRICE IDENTICAL int15.llama8b.mlp_up.t512.inference.int15i64.v1.tuned.two_launch.device 0.489618
   device-bits int15.llama8b.mlp_up.t512.inference.int15i64.v1.tuned.two_launch.device 0.489618/0x3fdf55e6bc621b7e
INT15 amd llama8b.mlp_up.t512 512 14336 4096 FULL inference.int15i64.v1.tuned.two_launch 0.4896 0.4826 61404.5461 GMAC/s 0x31746954b2b719d4 planes.a.parallel+four-products-one-staging+epilogue-launch
DIGEST price-llama8b.mlp_up.t512 training.int15i64.v1.tuned.two_launch 0x31746954b2b719d4
PRICE IDENTICAL int15.llama8b.mlp_up.t512.training.int15i64.v1.tuned.two_launch.device 1.024429
   device-bits int15.llama8b.mlp_up.t512.training.int15i64.v1.tuned.two_launch.device 1.024429/0x3ff0640fa9c12f0a
INT15 amd llama8b.mlp_up.t512 512 14336 4096 FULL training.int15i64.v1.tuned.two_launch 1.0244 1.0089 29347.8329 GMAC/s 0x31746954b2b719d4 planes.a.parallel+planes.b.parallel+four-products-one-staging+epilogue-launch

== llama8b.mlp_up.t512.bwd_dx  m=512 n=4096 k=14336  FULL  fp32 plan: TUNED 128x128 reg8x8 KS=16 fold=16 local tpb=256 hwftz=False (1-D grid, no swizzle)
DIGEST fp32-llama8b.mlp_up.t512.bwd_dx fp32.v1 0x88081a26a7d76edd
PRICE IDENTICAL int15.llama8b.mlp_up.t512.bwd_dx.fp32.v1.device 2.437794
   device-bits int15.llama8b.mlp_up.t512.bwd_dx.fp32.v1.device 2.437794/0x4003809a24031487
INT15 amd llama8b.mlp_up.t512.bwd_dx 512 4096 14336 FULL fp32.v1 2.4378 2.4291 12332.7775 GMAC/s 0x88081a26a7d76edd OP_NN,plan=10
DIGEST price-llama8b.mlp_up.t512.bwd_dx int15i64.v1.flat 0xd25adc12f122f248
PRICE IDENTICAL int15.llama8b.mlp_up.t512.bwd_dx.int15i64.v1.flat.device 143.085983
   device-bits int15.llama8b.mlp_up.t512.bwd_dx.int15i64.v1.flat.device 143.085983/0x4061e2c05f6ba062
INT15 amd llama8b.mlp_up.t512.bwd_dx 512 4096 14336 FULL int15i64.v1.flat 143.0860 142.4095 210.1168 GMAC/s 0xd25adc12f122f248 not-dispatched(the-column-has-the-unit)
DIGEST price-llama8b.mlp_up.t512.bwd_dx int15i64.v1.pieces 0xd25adc12f122f248
PRICE IDENTICAL int15.llama8b.mlp_up.t512.bwd_dx.int15i64.v1.pieces.device 313.336501
   device-bits int15.llama8b.mlp_up.t512.bwd_dx.int15i64.v1.pieces.device 313.336501/0x407395624edf6124
INT15 amd llama8b.mlp_up.t512.bwd_dx 512 4096 14336 FULL int15i64.v1.pieces 313.3365 310.1451 95.9504 GMAC/s 0xd25adc12f122f248 not-dispatched(the-column-has-the-unit)
DIGEST price-llama8b.mlp_up.t512.bwd_dx int15i64.v1.mma 0xd25adc12f122f248
PRICE IDENTICAL int15.llama8b.mlp_up.t512.bwd_dx.int15i64.v1.mma.device 1.791508
   device-bits int15.llama8b.mlp_up.t512.bwd_dx.int15i64.v1.mma.device 1.791508/0x3ffcaa044ae85b9f
INT15 amd llama8b.mlp_up.t512.bwd_dx 512 4096 14336 FULL int15i64.v1.mma 1.7915 1.7651 16781.8235 GMAC/s 0xd25adc12f122f248 dispatched,four-unit-products
DIGEST conv-llama8b.mlp_up.t512.bwd_dx convert.int15.quantize.a 0x702c87e35b5a7ee8
PRICE IDENTICAL int15.llama8b.mlp_up.t512.bwd_dx.convert.int15.quantize.a.device 13.206344
   device-bits int15.llama8b.mlp_up.t512.bwd_dx.convert.int15.quantize.a.device 13.206344/0x402a69a5ebb7739f
INT15 amd llama8b.mlp_up.t512.bwd_dx 512 4096 14336 FULL convert.int15.quantize.a 13.2063 13.1009 0.5558 Gelem/s 0x702c87e35b5a7ee8 per-call
DIGEST conv-llama8b.mlp_up.t512.bwd_dx convert.int15.quantize.a.parallel 0x702c87e35b5a7ee8
PRICE IDENTICAL int15.llama8b.mlp_up.t512.bwd_dx.convert.int15.quantize.a.parallel.device 0.12471
   device-bits int15.llama8b.mlp_up.t512.bwd_dx.convert.int15.quantize.a.parallel.device 0.12471/0x3fbfecfe9b7bf1e9
INT15 amd llama8b.mlp_up.t512.bwd_dx 512 4096 14336 FULL convert.int15.quantize.a.parallel 0.1247 0.1204 58.8568 Gelem/s 0x702c87e35b5a7ee8 per-call
DIGEST conv-llama8b.mlp_up.t512.bwd_dx convert.int15.planes.a.parallel 0x99df5fc34d66c8af
PRICE IDENTICAL int15.llama8b.mlp_up.t512.bwd_dx.convert.int15.planes.a.parallel.device 0.11729
   device-bits int15.llama8b.mlp_up.t512.bwd_dx.convert.int15.planes.a.parallel.device 0.11729/0x3fbe06b7aa25d8d8
INT15 amd llama8b.mlp_up.t512.bwd_dx 512 4096 14336 FULL convert.int15.planes.a.parallel 0.1173 0.1152 62.5802 Gelem/s 0x99df5fc34d66c8af per-call
DIGEST conv-llama8b.mlp_up.t512.bwd_dx convert.int15.split.a 0x99df5fc34d66c8af
PRICE IDENTICAL int15.llama8b.mlp_up.t512.bwd_dx.convert.int15.split.a.device 0.0304
   device-bits int15.llama8b.mlp_up.t512.bwd_dx.convert.int15.split.a.device 0.0304/0x3f9f212d77318fc5
INT15 amd llama8b.mlp_up.t512.bwd_dx 512 4096 14336 FULL convert.int15.split.a 0.0304 0.0268 241.4484 Gelem/s 0x99df5fc34d66c8af per-call
DIGEST conv-llama8b.mlp_up.t512.bwd_dx convert.int15.quantize.b 0xda60585d9b0dc19d
PRICE IDENTICAL int15.llama8b.mlp_up.t512.bwd_dx.convert.int15.quantize.b.device 19.282542
   device-bits int15.llama8b.mlp_up.t512.bwd_dx.convert.int15.quantize.b.device 19.282542/0x40334854ac29bf16
INT15 amd llama8b.mlp_up.t512.bwd_dx 512 4096 14336 FULL convert.int15.quantize.b 19.2825 17.6997 3.0453 Gelem/s 0xda60585d9b0dc19d per-step,transposing
DIGEST conv-llama8b.mlp_up.t512.bwd_dx convert.int15.quantize.b.parallel 0xda60585d9b0dc19d
PRICE IDENTICAL int15.llama8b.mlp_up.t512.bwd_dx.convert.int15.quantize.b.parallel.device 0.467399
   device-bits int15.llama8b.mlp_up.t512.bwd_dx.convert.int15.quantize.b.parallel.device 0.467399/0x3fdde9dd7ecbb7fa
INT15 amd llama8b.mlp_up.t512.bwd_dx 512 4096 14336 FULL convert.int15.quantize.b.parallel 0.4674 0.4634 125.6320 Gelem/s 0xda60585d9b0dc19d per-step,transposing
DIGEST conv-llama8b.mlp_up.t512.bwd_dx convert.int15.planes.b.parallel 0xad29fb7fad789398
PRICE IDENTICAL int15.llama8b.mlp_up.t512.bwd_dx.convert.int15.planes.b.parallel.device 0.267579
   device-bits int15.llama8b.mlp_up.t512.bwd_dx.convert.int15.planes.b.parallel.device 0.267579/0x3fd12003ab862b28
INT15 amd llama8b.mlp_up.t512.bwd_dx 512 4096 14336 FULL convert.int15.planes.b.parallel 0.2676 0.2649 219.4502 Gelem/s 0xad29fb7fad789398 per-step,transposing
DIGEST conv-llama8b.mlp_up.t512.bwd_dx convert.int15.split.b 0xad29fb7fad789398
PRICE IDENTICAL int15.llama8b.mlp_up.t512.bwd_dx.convert.int15.split.b.device 0.124739
   device-bits int15.llama8b.mlp_up.t512.bwd_dx.convert.int15.split.b.device 0.124739/0x3fbfeee525892685
INT15 amd llama8b.mlp_up.t512.bwd_dx 512 4096 14336 FULL convert.int15.split.b 0.1247 0.1235 470.7450 Gelem/s 0xad29fb7fad789398 once-per-weight-at-inference,per-step-at-training
INT15-NOT-RUN amd llama8b.mlp_up.t512.bwd_dx inference.int15i64.v1.planes inference-has-no-backward-product
INT15-NOT-RUN amd llama8b.mlp_up.t512.bwd_dx inference.int15i64.v1.codes inference-has-no-backward-product
INT15-NOT-RUN amd llama8b.mlp_up.t512.bwd_dx inference.int15i64.v1.planes.rowquant inference-has-no-backward-product
DIGEST price-llama8b.mlp_up.t512.bwd_dx training.int15i64.v1.planes 0xd25adc12f122f248
PRICE IDENTICAL int15.llama8b.mlp_up.t512.bwd_dx.training.int15i64.v1.planes.device 2.137045
   device-bits int15.llama8b.mlp_up.t512.bwd_dx.training.int15i64.v1.planes.device 2.137045/0x400118ab0c88a47f
INT15 amd llama8b.mlp_up.t512.bwd_dx 512 4096 14336 FULL training.int15i64.v1.planes 2.1370 2.1359 14068.3846 GMAC/s 0xd25adc12f122f248 planes.a.parallel+planes.b.parallel+product
DIGEST price-llama8b.mlp_up.t512.bwd_dx training.int15i64.v1.codes 0xd25adc12f122f248
PRICE IDENTICAL int15.llama8b.mlp_up.t512.bwd_dx.training.int15i64.v1.codes.device 2.423465
   device-bits int15.llama8b.mlp_up.t512.bwd_dx.training.int15i64.v1.codes.device 2.423465/0x400363419e300150
INT15 amd llama8b.mlp_up.t512.bwd_dx 512 4096 14336 FULL training.int15i64.v1.codes 2.4235 2.4179 12405.6964 GMAC/s 0xd25adc12f122f248 quantize.a.parallel+quantize.b.parallel+split.a+split.b+product
DIGEST price-llama8b.mlp_up.t512.bwd_dx training.int15i64.v1.planes.rowquant 0xd25adc12f122f248
PRICE IDENTICAL int15.llama8b.mlp_up.t512.bwd_dx.training.int15i64.v1.planes.rowquant.device 34.079541
   device-bits int15.llama8b.mlp_up.t512.bwd_dx.training.int15i64.v1.planes.rowquant.device 34.079541/0x40410a2e6644d877
INT15 amd llama8b.mlp_up.t512.bwd_dx 512 4096 14336 FULL training.int15i64.v1.planes.rowquant 34.0795 32.4637 882.1941 GMAC/s 0xd25adc12f122f248 quantize.a+quantize.b+split.a+split.b+product
INT15-NOT-RUN amd llama8b.mlp_up.t512.bwd_dx int15i64.v1.apple.two this-column-is-not-apple
INT15-NOT-RUN amd llama8b.mlp_up.t512.bwd_dx int15i64.v1.apple.four this-column-is-not-apple
INT15-NOT-RUN amd llama8b.mlp_up.t512.bwd_dx inference.int15i64.v1.apple.two this-column-is-not-apple
INT15-NOT-RUN amd llama8b.mlp_up.t512.bwd_dx inference.int15i64.v1.apple.four this-column-is-not-apple
INT15-NOT-RUN amd llama8b.mlp_up.t512.bwd_dx training.int15i64.v1.apple.two this-column-is-not-apple
INT15-NOT-RUN amd llama8b.mlp_up.t512.bwd_dx training.int15i64.v1.apple.four this-column-is-not-apple
DIGEST price-llama8b.mlp_up.t512.bwd_dx int15i64.v1.tuned 0xd25adc12f122f248
PRICE IDENTICAL int15.llama8b.mlp_up.t512.bwd_dx.int15i64.v1.tuned.device 0.429738
   device-bits int15.llama8b.mlp_up.t512.bwd_dx.int15i64.v1.tuned.device 0.429738/0x3fdb80d3cff64cf9
INT15 amd llama8b.mlp_up.t512.bwd_dx 512 4096 14336 FULL int15i64.v1.tuned 0.4297 0.4269 69960.6995 GMAC/s 0xd25adc12f122f248 not-dispatched,four-products-one-staging,epilogue-at-the-store
INT15-NOT-RUN amd llama8b.mlp_up.t512.bwd_dx inference.int15i64.v1.tuned inference-has-no-backward-product
DIGEST price-llama8b.mlp_up.t512.bwd_dx training.int15i64.v1.tuned 0xd25adc12f122f248
PRICE IDENTICAL int15.llama8b.mlp_up.t512.bwd_dx.training.int15i64.v1.tuned.device 0.872539
   device-bits int15.llama8b.mlp_up.t512.bwd_dx.training.int15i64.v1.tuned.device 0.872539/0x3febebd6e8af8162
INT15 amd llama8b.mlp_up.t512.bwd_dx 512 4096 14336 FULL training.int15i64.v1.tuned 0.8725 0.8621 34456.6502 GMAC/s 0xd25adc12f122f248 planes.a.parallel+planes.b.parallel+four-products-one-staging,epilogue-at-the-store
DIGEST price-llama8b.mlp_up.t512.bwd_dx int15i64.v1.tuned.two_launch 0xd25adc12f122f248
PRICE IDENTICAL int15.llama8b.mlp_up.t512.bwd_dx.int15i64.v1.tuned.two_launch.device 0.542189
   device-bits int15.llama8b.mlp_up.t512.bwd_dx.int15i64.v1.tuned.two_launch.device 0.542189/0x3fe1599cbee807bc
INT15 amd llama8b.mlp_up.t512.bwd_dx 512 4096 14336 FULL int15i64.v1.tuned.two_launch 0.5422 0.5384 55450.7212 GMAC/s 0xd25adc12f122f248 not-dispatched,four-products-one-staging+epilogue-launch
INT15-NOT-RUN amd llama8b.mlp_up.t512.bwd_dx inference.int15i64.v1.tuned.two_launch inference-has-no-backward-product
DIGEST price-llama8b.mlp_up.t512.bwd_dx training.int15i64.v1.tuned.two_launch 0xd25adc12f122f248
PRICE IDENTICAL int15.llama8b.mlp_up.t512.bwd_dx.training.int15i64.v1.tuned.two_launch.device 0.967179
   device-bits int15.llama8b.mlp_up.t512.bwd_dx.training.int15i64.v1.tuned.two_launch.device 0.967179/0x3feef3215fcc1872
INT15 amd llama8b.mlp_up.t512.bwd_dx 512 4096 14336 FULL training.int15i64.v1.tuned.two_launch 0.9672 0.9590 31085.0123 GMAC/s 0xd25adc12f122f248 planes.a.parallel+planes.b.parallel+four-products-one-staging+epilogue-launch

== llama8b.mlp_up.t512.bwd_dw  m=14336 n=4096 k=512  FULL  fp32 plan: TUNED 128x128 reg8x8 KS=16 fold=16 local tpb=256 hwftz=False (1-D grid, no swizzle)
DIGEST fp32-llama8b.mlp_up.t512.bwd_dw fp32.v1 0x64a7d4375083cf3f
PRICE IDENTICAL int15.llama8b.mlp_up.t512.bwd_dw.fp32.v1.device 2.328205
   device-bits int15.llama8b.mlp_up.t512.bwd_dw.fp32.v1.device 2.328205/0x4002a029f16b11c7
INT15 amd llama8b.mlp_up.t512.bwd_dw 14336 4096 512 FULL fp32.v1 2.3282 2.3171 12913.2834 GMAC/s 0x64a7d4375083cf3f OP_TN,plan=10
DIGEST price-llama8b.mlp_up.t512.bwd_dw int15i64.v1.flat 0x7f5a1c9a4096e46d
PRICE IDENTICAL int15.llama8b.mlp_up.t512.bwd_dw.int15i64.v1.flat.device 144.416939
   device-bits int15.llama8b.mlp_up.t512.bwd_dw.int15i64.v1.flat.device 144.416939/0x40620d5790752daa
INT15 amd llama8b.mlp_up.t512.bwd_dw 14336 4096 512 FULL int15i64.v1.flat 144.4169 144.2449 208.1804 GMAC/s 0x7f5a1c9a4096e46d not-dispatched(the-column-has-the-unit)
DIGEST price-llama8b.mlp_up.t512.bwd_dw int15i64.v1.pieces 0x7f5a1c9a4096e46d
PRICE IDENTICAL int15.llama8b.mlp_up.t512.bwd_dw.int15i64.v1.pieces.device 270.946486
   device-bits int15.llama8b.mlp_up.t512.bwd_dw.int15i64.v1.pieces.device 270.946486/0x4070ef24ce8101f3
INT15 amd llama8b.mlp_up.t512.bwd_dw 14336 4096 512 FULL int15i64.v1.pieces 270.9465 270.8000 110.9620 GMAC/s 0x7f5a1c9a4096e46d not-dispatched(the-column-has-the-unit)
DIGEST price-llama8b.mlp_up.t512.bwd_dw int15i64.v1.mma 0x7f5a1c9a4096e46d
PRICE IDENTICAL int15.llama8b.mlp_up.t512.bwd_dw.int15i64.v1.mma.device 1.587387
   device-bits int15.llama8b.mlp_up.t512.bwd_dw.int15i64.v1.mma.device 1.587387/0x3ff965efe9318762
INT15 amd llama8b.mlp_up.t512.bwd_dw 14336 4096 512 FULL int15i64.v1.mma 1.5874 1.5804 18939.7866 GMAC/s 0x7f5a1c9a4096e46d dispatched,four-unit-products
DIGEST conv-llama8b.mlp_up.t512.bwd_dw convert.int15.quantize.a 0xb5be61f74714be0b
PRICE IDENTICAL int15.llama8b.mlp_up.t512.bwd_dw.convert.int15.quantize.a.device 0.556378
   device-bits int15.llama8b.mlp_up.t512.bwd_dw.convert.int15.quantize.a.device 0.556378/0x3fe1cdd93c46d82c
INT15 amd llama8b.mlp_up.t512.bwd_dw 14336 4096 512 FULL convert.int15.quantize.a 0.5564 0.5050 13.1925 Gelem/s 0xb5be61f74714be0b per-call,transposing
DIGEST conv-llama8b.mlp_up.t512.bwd_dw convert.int15.quantize.a.parallel 0xb5be61f74714be0b
PRICE IDENTICAL int15.llama8b.mlp_up.t512.bwd_dw.convert.int15.quantize.a.parallel.device 0.1663
   device-bits int15.llama8b.mlp_up.t512.bwd_dw.convert.int15.quantize.a.parallel.device 0.1663/0x3fc5495182a9930c
INT15 amd llama8b.mlp_up.t512.bwd_dw 14336 4096 512 FULL convert.int15.quantize.a.parallel 0.1663 0.1593 44.1373 Gelem/s 0xb5be61f74714be0b per-call,transposing
DIGEST conv-llama8b.mlp_up.t512.bwd_dw convert.int15.planes.a.parallel 0xeb86f345a0f5c39a
PRICE IDENTICAL int15.llama8b.mlp_up.t512.bwd_dw.convert.int15.planes.a.parallel.device 0.102179
   device-bits int15.llama8b.mlp_up.t512.bwd_dw.convert.int15.planes.a.parallel.device 0.102179/0x3fba28672756861f
INT15 amd llama8b.mlp_up.t512.bwd_dw 14336 4096 512 FULL convert.int15.planes.a.parallel 0.1022 0.1000 71.8350 Gelem/s 0xeb86f345a0f5c39a per-call,transposing
DIGEST conv-llama8b.mlp_up.t512.bwd_dw convert.int15.split.a 0xeb86f345a0f5c39a
PRICE IDENTICAL int15.llama8b.mlp_up.t512.bwd_dw.convert.int15.split.a.device 0.03067
   device-bits int15.llama8b.mlp_up.t512.bwd_dw.convert.int15.split.a.device 0.03067/0x3f9f67f4dbdf8f47
INT15 amd llama8b.mlp_up.t512.bwd_dw 14336 4096 512 FULL convert.int15.split.a 0.0307 0.0288 239.3229 Gelem/s 0xeb86f345a0f5c39a per-call
DIGEST conv-llama8b.mlp_up.t512.bwd_dw convert.int15.quantize.b 0x4020b24addf55360
PRICE IDENTICAL int15.llama8b.mlp_up.t512.bwd_dw.convert.int15.quantize.b.device 0.4709
   device-bits int15.llama8b.mlp_up.t512.bwd_dw.convert.int15.quantize.b.device 0.4709/0x3fde2339c0ebedfa
INT15 amd llama8b.mlp_up.t512.bwd_dw 14336 4096 512 FULL convert.int15.quantize.b 0.4709 0.4386 4.4535 Gelem/s 0x4020b24addf55360 per-step,transposing
DIGEST conv-llama8b.mlp_up.t512.bwd_dw convert.int15.quantize.b.parallel 0x4020b24addf55360
PRICE IDENTICAL int15.llama8b.mlp_up.t512.bwd_dw.convert.int15.quantize.b.parallel.device 0.125499
   device-bits int15.llama8b.mlp_up.t512.bwd_dw.convert.int15.quantize.b.parallel.device 0.125499/0x3fc01059ea57214f
INT15 amd llama8b.mlp_up.t512.bwd_dw 14336 4096 512 FULL convert.int15.quantize.b.parallel 0.1255 0.1238 16.7105 Gelem/s 0x4020b24addf55360 per-step,transposing
DIGEST conv-llama8b.mlp_up.t512.bwd_dw convert.int15.planes.b.parallel 0xe2e3bcc68ceb9073
PRICE IDENTICAL int15.llama8b.mlp_up.t512.bwd_dw.convert.int15.planes.b.parallel.device 0.09374
   device-bits int15.llama8b.mlp_up.t512.bwd_dw.convert.int15.planes.b.parallel.device 0.09374/0x3fb7ff583a53b8e5
INT15 amd llama8b.mlp_up.t512.bwd_dw 14336 4096 512 FULL convert.int15.planes.b.parallel 0.0937 0.0879 22.3720 Gelem/s 0xe2e3bcc68ceb9073 per-step,transposing
DIGEST conv-llama8b.mlp_up.t512.bwd_dw convert.int15.split.b 0xe2e3bcc68ceb9073
PRICE IDENTICAL int15.llama8b.mlp_up.t512.bwd_dw.convert.int15.split.b.device 0.01839
   device-bits int15.llama8b.mlp_up.t512.bwd_dw.convert.int15.split.b.device 0.01839/0x3f92d4d4024b33db
INT15 amd llama8b.mlp_up.t512.bwd_dw 14336 4096 512 FULL convert.int15.split.b 0.0184 0.0173 114.0376 Gelem/s 0xe2e3bcc68ceb9073 once-per-weight-at-inference,per-step-at-training
INT15-NOT-RUN amd llama8b.mlp_up.t512.bwd_dw inference.int15i64.v1.planes inference-has-no-backward-product
INT15-NOT-RUN amd llama8b.mlp_up.t512.bwd_dw inference.int15i64.v1.codes inference-has-no-backward-product
INT15-NOT-RUN amd llama8b.mlp_up.t512.bwd_dw inference.int15i64.v1.planes.rowquant inference-has-no-backward-product
DIGEST price-llama8b.mlp_up.t512.bwd_dw training.int15i64.v1.planes 0x7f5a1c9a4096e46d
PRICE IDENTICAL int15.llama8b.mlp_up.t512.bwd_dw.training.int15i64.v1.planes.device 1.862946
   device-bits int15.llama8b.mlp_up.t512.bwd_dw.training.int15i64.v1.planes.device 1.862946/0x3ffdcea077036c9c
INT15 amd llama8b.mlp_up.t512.bwd_dw 14336 4096 512 FULL training.int15i64.v1.planes 1.8629 1.8463 16138.2944 GMAC/s 0x7f5a1c9a4096e46d planes.a.parallel+planes.b.parallel+product
DIGEST price-llama8b.mlp_up.t512.bwd_dw training.int15i64.v1.codes 0x7f5a1c9a4096e46d
PRICE IDENTICAL int15.llama8b.mlp_up.t512.bwd_dw.training.int15i64.v1.codes.device 1.831677
   device-bits int15.llama8b.mlp_up.t512.bwd_dw.training.int15i64.v1.codes.device 1.831677/0x3ffd4e8c8abd5dc4
INT15 amd llama8b.mlp_up.t512.bwd_dw 14336 4096 512 FULL training.int15i64.v1.codes 1.8317 1.8293 16413.7952 GMAC/s 0x7f5a1c9a4096e46d quantize.a.parallel+quantize.b.parallel+split.a+split.b+product
DIGEST price-llama8b.mlp_up.t512.bwd_dw training.int15i64.v1.planes.rowquant 0x7f5a1c9a4096e46d
PRICE IDENTICAL int15.llama8b.mlp_up.t512.bwd_dw.training.int15i64.v1.planes.rowquant.device 2.522784
   device-bits int15.llama8b.mlp_up.t512.bwd_dw.training.int15i64.v1.planes.rowquant.device 2.522784/0x40042ea960b6f9fd
INT15 amd llama8b.mlp_up.t512.bwd_dw 14336 4096 512 FULL training.int15i64.v1.planes.rowquant 2.5228 2.5096 11917.2989 GMAC/s 0x7f5a1c9a4096e46d quantize.a+quantize.b+split.a+split.b+product
INT15-NOT-RUN amd llama8b.mlp_up.t512.bwd_dw int15i64.v1.apple.two this-column-is-not-apple
INT15-NOT-RUN amd llama8b.mlp_up.t512.bwd_dw int15i64.v1.apple.four this-column-is-not-apple
INT15-NOT-RUN amd llama8b.mlp_up.t512.bwd_dw inference.int15i64.v1.apple.two this-column-is-not-apple
INT15-NOT-RUN amd llama8b.mlp_up.t512.bwd_dw inference.int15i64.v1.apple.four this-column-is-not-apple
INT15-NOT-RUN amd llama8b.mlp_up.t512.bwd_dw training.int15i64.v1.apple.two this-column-is-not-apple
INT15-NOT-RUN amd llama8b.mlp_up.t512.bwd_dw training.int15i64.v1.apple.four this-column-is-not-apple
DIGEST price-llama8b.mlp_up.t512.bwd_dw int15i64.v1.tuned 0x7f5a1c9a4096e46d
PRICE IDENTICAL int15.llama8b.mlp_up.t512.bwd_dw.int15i64.v1.tuned.device 0.42023
   device-bits int15.llama8b.mlp_up.t512.bwd_dw.int15i64.v1.tuned.device 0.42023/0x3fdae50c5eb313be
INT15 amd llama8b.mlp_up.t512.bwd_dw 14336 4096 512 FULL int15i64.v1.tuned 0.4202 0.4131 71543.6096 GMAC/s 0x7f5a1c9a4096e46d not-dispatched,four-products-one-staging,epilogue-at-the-store
INT15-NOT-RUN amd llama8b.mlp_up.t512.bwd_dw inference.int15i64.v1.tuned inference-has-no-backward-product
DIGEST price-llama8b.mlp_up.t512.bwd_dw training.int15i64.v1.tuned 0x7f5a1c9a4096e46d
PRICE IDENTICAL int15.llama8b.mlp_up.t512.bwd_dw.training.int15i64.v1.tuned.device 0.576728
   device-bits int15.llama8b.mlp_up.t512.bwd_dw.training.int15i64.v1.tuned.device 0.576728/0x3fe2748e4755ffe7
INT15 amd llama8b.mlp_up.t512.bwd_dw 14336 4096 512 FULL training.int15i64.v1.tuned 0.5767 0.5748 52129.8967 GMAC/s 0x7f5a1c9a4096e46d planes.a.parallel+planes.b.parallel+four-products-one-staging,epilogue-at-the-store
DIGEST price-llama8b.mlp_up.t512.bwd_dw int15i64.v1.tuned.two_launch 0x7f5a1c9a4096e46d
PRICE IDENTICAL int15.llama8b.mlp_up.t512.bwd_dw.int15i64.v1.tuned.two_launch.device 0.823538
   device-bits int15.llama8b.mlp_up.t512.bwd_dw.int15i64.v1.tuned.two_launch.device 0.823538/0x3fea5a6c5d206c87
INT15 amd llama8b.mlp_up.t512.bwd_dw 14336 4096 512 FULL int15i64.v1.tuned.two_launch 0.8235 0.8165 36506.8413 GMAC/s 0x7f5a1c9a4096e46d not-dispatched,four-products-one-staging+epilogue-launch
INT15-NOT-RUN amd llama8b.mlp_up.t512.bwd_dw inference.int15i64.v1.tuned.two_launch inference-has-no-backward-product
DIGEST price-llama8b.mlp_up.t512.bwd_dw training.int15i64.v1.tuned.two_launch 0x7f5a1c9a4096e46d
PRICE IDENTICAL int15.llama8b.mlp_up.t512.bwd_dw.training.int15i64.v1.tuned.two_launch.device 1.059878
   device-bits int15.llama8b.mlp_up.t512.bwd_dw.training.int15i64.v1.tuned.two_launch.device 1.059878/0x3ff0f542a23bff8b
INT15 amd llama8b.mlp_up.t512.bwd_dw 14336 4096 512 FULL training.int15i64.v1.tuned.two_launch 1.0599 1.0511 28366.2564 GMAC/s 0x7f5a1c9a4096e46d planes.a.parallel+planes.b.parallel+four-products-one-staging+epilogue-launch

== llama8b.mlp_down.t1  m=1 n=4096 k=14336  FULL  fp32 plan: SPLIT 1x256 reg1x1 KS=16 leaves on grid.y -> workspace -> fold (block per cell <= 16384, else register stack) tpb=256 hwftz=False (256 thr, 2-D grid, no swizzle)
DIGEST fp32-llama8b.mlp_down.t1 fp32.v1 0x4efb8e54c724fa9
PRICE IDENTICAL int15.llama8b.mlp_down.t1.fp32.v1.device 0.16236
   device-bits int15.llama8b.mlp_down.t1.fp32.v1.device 0.16236/0x3fc4c8366516db0e
INT15 amd llama8b.mlp_down.t1 1 4096 14336 FULL fp32.v1 0.1624 0.1416 361.6670 GMAC/s 0x4efb8e54c724fa9 OP_NT,plan=13
DIGEST price-llama8b.mlp_down.t1 int15i64.v1.flat 0xbad9a98c45aa8707
PRICE IDENTICAL int15.llama8b.mlp_down.t1.int15i64.v1.flat.device 3.802462
   device-bits int15.llama8b.mlp_down.t1.int15i64.v1.flat.device 3.802462/0x400e6b7132724313
INT15 amd llama8b.mlp_down.t1 1 4096 14336 FULL int15i64.v1.flat 3.8025 3.7159 15.4427 GMAC/s 0xbad9a98c45aa8707 not-dispatched(the-column-has-the-unit)
DIGEST price-llama8b.mlp_down.t1 int15i64.v1.pieces 0xbad9a98c45aa8707
PRICE IDENTICAL int15.llama8b.mlp_down.t1.int15i64.v1.pieces.device 7.441575
   device-bits int15.llama8b.mlp_down.t1.int15i64.v1.pieces.device 7.441575/0x401dc42c3c9eecc0
INT15 amd llama8b.mlp_down.t1 1 4096 14336 FULL int15i64.v1.pieces 7.4416 7.3266 7.8908 GMAC/s 0xbad9a98c45aa8707 not-dispatched(the-column-has-the-unit)
DIGEST price-llama8b.mlp_down.t1 int15i64.v1.mma 0xbad9a98c45aa8707
PRICE IDENTICAL int15.llama8b.mlp_down.t1.int15i64.v1.mma.device 0.28698
   device-bits int15.llama8b.mlp_down.t1.int15i64.v1.mma.device 0.28698/0x3fd25de15ca6ca04
INT15 amd llama8b.mlp_down.t1 1 4096 14336 FULL int15i64.v1.mma 0.2870 0.2839 204.6145 GMAC/s 0xbad9a98c45aa8707 dispatched,four-unit-products
DIGEST conv-llama8b.mlp_down.t1 convert.int15.quantize.a 0x1eb5f3ac580f624a
PRICE IDENTICAL int15.llama8b.mlp_down.t1.convert.int15.quantize.a.device 4.682741
   device-bits int15.llama8b.mlp_down.t1.convert.int15.quantize.a.device 4.682741/0x4012bb2074ea8da8
INT15 amd llama8b.mlp_down.t1 1 4096 14336 FULL convert.int15.quantize.a 4.6827 4.4863 0.0031 Gelem/s 0x1eb5f3ac580f624a per-call
DIGEST conv-llama8b.mlp_down.t1 convert.int15.quantize.a.parallel 0x1eb5f3ac580f624a
PRICE IDENTICAL int15.llama8b.mlp_down.t1.convert.int15.quantize.a.parallel.device 0.056
   device-bits int15.llama8b.mlp_down.t1.convert.int15.quantize.a.parallel.device 0.056/0x3facac083126e979
INT15 amd llama8b.mlp_down.t1 1 4096 14336 FULL convert.int15.quantize.a.parallel 0.0560 0.0533 0.2560 Gelem/s 0x1eb5f3ac580f624a per-call
DIGEST conv-llama8b.mlp_down.t1 convert.int15.planes.a.parallel 0x582710daad02888
PRICE IDENTICAL int15.llama8b.mlp_down.t1.convert.int15.planes.a.parallel.device 0.05296
   device-bits int15.llama8b.mlp_down.t1.convert.int15.planes.a.parallel.device 0.05296/0x3fab1d92b7fe08af
INT15 amd llama8b.mlp_down.t1 1 4096 14336 FULL convert.int15.planes.a.parallel 0.0530 0.0508 0.2707 Gelem/s 0x582710daad02888 per-call
DIGEST conv-llama8b.mlp_down.t1 convert.int15.split.a 0x582710daad02888
PRICE IDENTICAL int15.llama8b.mlp_down.t1.convert.int15.split.a.device 0.02414
   device-bits int15.llama8b.mlp_down.t1.convert.int15.split.a.device 0.02414/0x3f98b827fa1a0cf2
INT15 amd llama8b.mlp_down.t1 1 4096 14336 FULL convert.int15.split.a 0.0241 0.0152 0.5939 Gelem/s 0x582710daad02888 per-call
DIGEST conv-llama8b.mlp_down.t1 convert.int15.quantize.b 0xa7c3c54a8d0b275e
PRICE IDENTICAL int15.llama8b.mlp_down.t1.convert.int15.quantize.b.device 14.129441
   device-bits int15.llama8b.mlp_down.t1.convert.int15.quantize.b.device 14.129441/0x402c4246173b85e8
INT15 amd llama8b.mlp_down.t1 1 4096 14336 FULL convert.int15.quantize.b 14.1294 14.0310 4.1559 Gelem/s 0xa7c3c54a8d0b275e once-per-weight-at-inference,per-step-at-training
DIGEST conv-llama8b.mlp_down.t1 convert.int15.quantize.b.parallel 0xa7c3c54a8d0b275e
PRICE IDENTICAL int15.llama8b.mlp_down.t1.convert.int15.quantize.b.parallel.device 1.350407
   device-bits int15.llama8b.mlp_down.t1.convert.int15.quantize.b.parallel.device 1.350407/0x3ff59b445ed4a1ad
INT15 amd llama8b.mlp_down.t1 1 4096 14336 FULL convert.int15.quantize.b.parallel 1.3504 1.3379 43.4834 Gelem/s 0xa7c3c54a8d0b275e once-per-weight-at-inference,per-step-at-training
DIGEST conv-llama8b.mlp_down.t1 convert.int15.planes.b.parallel 0x43dfc5a2a3228278
PRICE IDENTICAL int15.llama8b.mlp_down.t1.convert.int15.planes.b.parallel.device 1.335598
   device-bits int15.llama8b.mlp_down.t1.convert.int15.planes.b.parallel.device 1.335598/0x3ff55e9c0229a5ec
INT15 amd llama8b.mlp_down.t1 1 4096 14336 FULL convert.int15.planes.b.parallel 1.3356 1.3271 43.9655 Gelem/s 0x43dfc5a2a3228278 once-per-weight-at-inference,per-step-at-training
DIGEST conv-llama8b.mlp_down.t1 convert.int15.split.b 0x43dfc5a2a3228278
PRICE IDENTICAL int15.llama8b.mlp_down.t1.convert.int15.split.b.device 0.133759
   device-bits int15.llama8b.mlp_down.t1.convert.int15.split.b.device 0.133759/0x3fc11f03d145d851
INT15 amd llama8b.mlp_down.t1 1 4096 14336 FULL convert.int15.split.b 0.1338 0.1232 439.0004 Gelem/s 0x43dfc5a2a3228278 once-per-weight-at-inference,per-step-at-training
DIGEST price-llama8b.mlp_down.t1 inference.int15i64.v1.planes 0xbad9a98c45aa8707
PRICE IDENTICAL int15.llama8b.mlp_down.t1.inference.int15i64.v1.planes.device 0.276569
   device-bits int15.llama8b.mlp_down.t1.inference.int15i64.v1.planes.device 0.276569/0x3fd1b34e7685985b
INT15 amd llama8b.mlp_down.t1 1 4096 14336 FULL inference.int15i64.v1.planes 0.2766 0.2745 212.3168 GMAC/s 0xbad9a98c45aa8707 planes.a.parallel+product
DIGEST price-llama8b.mlp_down.t1 inference.int15i64.v1.codes 0xbad9a98c45aa8707
PRICE IDENTICAL int15.llama8b.mlp_down.t1.inference.int15i64.v1.codes.device 0.438959
   device-bits int15.llama8b.mlp_down.t1.inference.int15i64.v1.codes.device 0.438959/0x3fdc17e77d523b36
INT15 amd llama8b.mlp_down.t1 1 4096 14336 FULL inference.int15i64.v1.codes 0.4390 0.4341 133.7716 GMAC/s 0xbad9a98c45aa8707 quantize.a.parallel+split.a+split.b+product
DIGEST price-llama8b.mlp_down.t1 inference.int15i64.v1.planes.rowquant 0xbad9a98c45aa8707
PRICE IDENTICAL int15.llama8b.mlp_down.t1.inference.int15i64.v1.planes.rowquant.device 4.93439
   device-bits int15.llama8b.mlp_down.t1.inference.int15i64.v1.planes.rowquant.device 4.93439/0x4013bcd0bb6ed677
INT15 amd llama8b.mlp_down.t1 1 4096 14336 FULL inference.int15i64.v1.planes.rowquant 4.9344 4.8640 11.9002 GMAC/s 0xbad9a98c45aa8707 quantize.a+split.a+product
DIGEST price-llama8b.mlp_down.t1 training.int15i64.v1.planes 0xbad9a98c45aa8707
PRICE IDENTICAL int15.llama8b.mlp_down.t1.training.int15i64.v1.planes.device 1.670347
   device-bits int15.llama8b.mlp_down.t1.training.int15i64.v1.planes.device 1.670347/0x3ffab9bdc69f8c22
INT15 amd llama8b.mlp_down.t1 1 4096 14336 FULL training.int15i64.v1.planes 1.6703 1.6620 35.1545 GMAC/s 0xbad9a98c45aa8707 planes.a.parallel+planes.b.parallel+product
DIGEST price-llama8b.mlp_down.t1 training.int15i64.v1.codes 0xbad9a98c45aa8707
PRICE IDENTICAL int15.llama8b.mlp_down.t1.training.int15i64.v1.codes.device 1.746786
   device-bits int15.llama8b.mlp_down.t1.training.int15i64.v1.codes.device 1.746786/0x3ffbf2d5e071c53f
INT15 amd llama8b.mlp_down.t1 1 4096 14336 FULL training.int15i64.v1.codes 1.7468 1.7318 33.6162 GMAC/s 0xbad9a98c45aa8707 quantize.a.parallel+quantize.b.parallel+split.a+split.b+product
DIGEST price-llama8b.mlp_down.t1 training.int15i64.v1.planes.rowquant 0xbad9a98c45aa8707
PRICE IDENTICAL int15.llama8b.mlp_down.t1.training.int15i64.v1.planes.rowquant.device 19.081632
   device-bits int15.llama8b.mlp_down.t1.training.int15i64.v1.planes.rowquant.device 19.081632/0x403314e5d5b24e9c
INT15 amd llama8b.mlp_down.t1 1 4096 14336 FULL training.int15i64.v1.planes.rowquant 19.0816 18.8108 3.0773 GMAC/s 0xbad9a98c45aa8707 quantize.a+quantize.b+split.a+split.b+product
INT15-NOT-RUN amd llama8b.mlp_down.t1 int15i64.v1.apple.two this-column-is-not-apple
INT15-NOT-RUN amd llama8b.mlp_down.t1 int15i64.v1.apple.four this-column-is-not-apple
INT15-NOT-RUN amd llama8b.mlp_down.t1 inference.int15i64.v1.apple.two this-column-is-not-apple
INT15-NOT-RUN amd llama8b.mlp_down.t1 inference.int15i64.v1.apple.four this-column-is-not-apple
INT15-NOT-RUN amd llama8b.mlp_down.t1 training.int15i64.v1.apple.two this-column-is-not-apple
INT15-NOT-RUN amd llama8b.mlp_down.t1 training.int15i64.v1.apple.four this-column-is-not-apple
DIGEST price-llama8b.mlp_down.t1 int15i64.v1.tuned 0xbad9a98c45aa8707
PRICE IDENTICAL int15.llama8b.mlp_down.t1.int15i64.v1.tuned.device 0.10864
   device-bits int15.llama8b.mlp_down.t1.int15i64.v1.tuned.device 0.10864/0x3fbbcfd4bf0995ab
INT15 amd llama8b.mlp_down.t1 1 4096 14336 FULL int15i64.v1.tuned 0.1086 0.1069 540.5031 GMAC/s 0xbad9a98c45aa8707 not-dispatched,four-products-one-staging,epilogue-at-the-store
DIGEST price-llama8b.mlp_down.t1 inference.int15i64.v1.tuned 0xbad9a98c45aa8707
PRICE IDENTICAL int15.llama8b.mlp_down.t1.inference.int15i64.v1.tuned.device 0.16166
   device-bits int15.llama8b.mlp_down.t1.inference.int15i64.v1.tuned.device 0.16166/0x3fc4b1465e892253
INT15 amd llama8b.mlp_down.t1 1 4096 14336 FULL inference.int15i64.v1.tuned 0.1617 0.1586 363.2331 GMAC/s 0xbad9a98c45aa8707 planes.a.parallel+four-products-one-staging,epilogue-at-the-store
DIGEST price-llama8b.mlp_down.t1 training.int15i64.v1.tuned 0xbad9a98c45aa8707
PRICE IDENTICAL int15.llama8b.mlp_down.t1.training.int15i64.v1.tuned.device 1.489057
   device-bits int15.llama8b.mlp_down.t1.training.int15i64.v1.tuned.device 1.489057/0x3ff7d32d6ece13f5
INT15 amd llama8b.mlp_down.t1 1 4096 14336 FULL training.int15i64.v1.tuned 1.4891 1.4764 39.4345 GMAC/s 0xbad9a98c45aa8707 planes.a.parallel+planes.b.parallel+four-products-one-staging,epilogue-at-the-store
DIGEST price-llama8b.mlp_down.t1 int15i64.v1.tuned.two_launch 0xbad9a98c45aa8707
PRICE IDENTICAL int15.llama8b.mlp_down.t1.int15i64.v1.tuned.two_launch.device 0.324959
   device-bits int15.llama8b.mlp_down.t1.int15i64.v1.tuned.two_launch.device 0.324959/0x3fd4cc20d5629d84
INT15 amd llama8b.mlp_down.t1 1 4096 14336 FULL int15i64.v1.tuned.two_launch 0.3250 0.3185 180.7005 GMAC/s 0xbad9a98c45aa8707 not-dispatched,four-products-one-staging+epilogue-launch
DIGEST price-llama8b.mlp_down.t1 inference.int15i64.v1.tuned.two_launch 0xbad9a98c45aa8707
PRICE IDENTICAL int15.llama8b.mlp_down.t1.inference.int15i64.v1.tuned.two_launch.device 0.365339
   device-bits int15.llama8b.mlp_down.t1.inference.int15i64.v1.tuned.two_launch.device 0.365339/0x3fd761b6d43d0397
INT15 amd llama8b.mlp_down.t1 1 4096 14336 FULL inference.int15i64.v1.tuned.two_launch 0.3653 0.3618 160.7281 GMAC/s 0xbad9a98c45aa8707 planes.a.parallel+four-products-one-staging+epilogue-launch
DIGEST price-llama8b.mlp_down.t1 training.int15i64.v1.tuned.two_launch 0xbad9a98c45aa8707
PRICE IDENTICAL int15.llama8b.mlp_down.t1.training.int15i64.v1.tuned.two_launch.device 1.723085
   device-bits int15.llama8b.mlp_down.t1.training.int15i64.v1.tuned.two_launch.device 1.723085/0x3ffb91c193b3a68b
INT15 amd llama8b.mlp_down.t1 1 4096 14336 FULL training.int15i64.v1.tuned.two_launch 1.7231 1.7182 34.0786 GMAC/s 0xbad9a98c45aa8707 planes.a.parallel+planes.b.parallel+four-products-one-staging+epilogue-launch

== llama8b.mlp_down.t8  m=8 n=4096 k=14336  FULL  fp32 plan: SPLIT 8x64 reg1x2 KS=16 leaves on grid.y -> workspace -> fold (block per cell <= 16384, else register stack) tpb=256 hwftz=False (256 thr, 2-D grid, no swizzle)
DIGEST fp32-llama8b.mlp_down.t8 fp32.v1 0xfb21004541ae3e8e
PRICE IDENTICAL int15.llama8b.mlp_down.t8.fp32.v1.device 0.196979
   device-bits int15.llama8b.mlp_down.t8.fp32.v1.device 0.196979/0x3fc9369b9d7fd827
INT15 amd llama8b.mlp_down.t8 8 4096 14336 FULL fp32.v1 0.1970 0.1939 2384.8331 GMAC/s 0xfb21004541ae3e8e OP_NT,plan=14
DIGEST price-llama8b.mlp_down.t8 int15i64.v1.flat 0x5d341feda0541b7c
PRICE IDENTICAL int15.llama8b.mlp_down.t8.int15i64.v1.flat.device 3.744542
   device-bits int15.llama8b.mlp_down.t8.int15i64.v1.flat.device 3.744542/0x400df4d26fa3fcca
INT15 amd llama8b.mlp_down.t8 8 4096 14336 FULL int15i64.v1.flat 3.7445 3.7419 125.4525 GMAC/s 0x5d341feda0541b7c not-dispatched(the-column-has-the-unit)
DIGEST price-llama8b.mlp_down.t8 int15i64.v1.pieces 0x5d341feda0541b7c
PRICE IDENTICAL int15.llama8b.mlp_down.t8.int15i64.v1.pieces.device 7.481656
   device-bits int15.llama8b.mlp_down.t8.int15i64.v1.pieces.device 7.481656/0x401ded373affb04f
INT15 amd llama8b.mlp_down.t8 8 4096 14336 FULL int15i64.v1.pieces 7.4817 7.4735 62.7885 GMAC/s 0x5d341feda0541b7c not-dispatched(the-column-has-the-unit)
DIGEST price-llama8b.mlp_down.t8 int15i64.v1.mma 0x5d341feda0541b7c
PRICE IDENTICAL int15.llama8b.mlp_down.t8.int15i64.v1.mma.device 0.28168
   device-bits int15.llama8b.mlp_down.t8.int15i64.v1.mma.device 0.28168/0x3fd2070b8cfbfc65
INT15 amd llama8b.mlp_down.t8 8 4096 14336 FULL int15i64.v1.mma 0.2817 0.2779 1667.7153 GMAC/s 0x5d341feda0541b7c dispatched,four-unit-products
DIGEST conv-llama8b.mlp_down.t8 convert.int15.quantize.a 0xf9ccba3820fc369f
PRICE IDENTICAL int15.llama8b.mlp_down.t8.convert.int15.quantize.a.device 5.106609
   device-bits int15.llama8b.mlp_down.t8.convert.int15.quantize.a.device 5.106609/0x40146d2ae8e1d649
INT15 amd llama8b.mlp_down.t8 8 4096 14336 FULL convert.int15.quantize.a 5.1066 4.9998 0.0225 Gelem/s 0xf9ccba3820fc369f per-call
DIGEST conv-llama8b.mlp_down.t8 convert.int15.quantize.a.parallel 0xf9ccba3820fc369f
PRICE IDENTICAL int15.llama8b.mlp_down.t8.convert.int15.quantize.a.parallel.device 0.09375
   device-bits int15.llama8b.mlp_down.t8.convert.int15.quantize.a.parallel.device 0.09375/0x3fb8000000000000
INT15 amd llama8b.mlp_down.t8 8 4096 14336 FULL convert.int15.quantize.a.parallel 0.0938 0.0867 1.2233 Gelem/s 0xf9ccba3820fc369f per-call
DIGEST conv-llama8b.mlp_down.t8 convert.int15.planes.a.parallel 0xaaaac9d17ce8bc07
PRICE IDENTICAL int15.llama8b.mlp_down.t8.convert.int15.planes.a.parallel.device 0.08738
   device-bits int15.llama8b.mlp_down.t8.convert.int15.planes.a.parallel.device 0.08738/0x3fb65e892253111f
INT15 amd llama8b.mlp_down.t8 8 4096 14336 FULL convert.int15.planes.a.parallel 0.0874 0.0783 1.3125 Gelem/s 0xaaaac9d17ce8bc07 per-call
DIGEST conv-llama8b.mlp_down.t8 convert.int15.split.a 0xaaaac9d17ce8bc07
PRICE IDENTICAL int15.llama8b.mlp_down.t8.convert.int15.split.a.device 0.01632
   device-bits int15.llama8b.mlp_down.t8.convert.int15.split.a.device 0.01632/0x3f90b630a91537a0
INT15 amd llama8b.mlp_down.t8 8 4096 14336 FULL convert.int15.split.a 0.0163 0.0154 7.0275 Gelem/s 0xaaaac9d17ce8bc07 per-call
DIGEST conv-llama8b.mlp_down.t8 convert.int15.quantize.b 0xf292ee1fa4d75016
PRICE IDENTICAL int15.llama8b.mlp_down.t8.convert.int15.quantize.b.device 14.056992
   device-bits int15.llama8b.mlp_down.t8.convert.int15.quantize.b.device 14.056992/0x402c1d2e0e30446b
INT15 amd llama8b.mlp_down.t8 8 4096 14336 FULL convert.int15.quantize.b 14.0570 14.0275 4.1773 Gelem/s 0xf292ee1fa4d75016 once-per-weight-at-inference,per-step-at-training
DIGEST conv-llama8b.mlp_down.t8 convert.int15.quantize.b.parallel 0xf292ee1fa4d75016
PRICE IDENTICAL int15.llama8b.mlp_down.t8.convert.int15.quantize.b.parallel.device 1.354147
   device-bits int15.llama8b.mlp_down.t8.convert.int15.quantize.b.parallel.device 1.354147/0x3ff5aa960b6f9fcb
INT15 amd llama8b.mlp_down.t8 8 4096 14336 FULL convert.int15.quantize.b.parallel 1.3541 1.3418 43.3633 Gelem/s 0xf292ee1fa4d75016 once-per-weight-at-inference,per-step-at-training
DIGEST conv-llama8b.mlp_down.t8 convert.int15.planes.b.parallel 0x7c10177c2322eed
PRICE IDENTICAL int15.llama8b.mlp_down.t8.convert.int15.planes.b.parallel.device 1.332168
   device-bits int15.llama8b.mlp_down.t8.convert.int15.planes.b.parallel.device 1.332168/0x3ff5508f648c7193
INT15 amd llama8b.mlp_down.t8 8 4096 14336 FULL convert.int15.planes.b.parallel 1.3322 1.3209 44.0787 Gelem/s 0x7c10177c2322eed once-per-weight-at-inference,per-step-at-training
DIGEST conv-llama8b.mlp_down.t8 convert.int15.split.b 0x7c10177c2322eed
PRICE IDENTICAL int15.llama8b.mlp_down.t8.convert.int15.split.b.device 0.125799
   device-bits int15.llama8b.mlp_down.t8.convert.int15.split.b.device 0.125799/0x3fc01a2e7f6f4be8
INT15 amd llama8b.mlp_down.t8 8 4096 14336 FULL convert.int15.split.b 0.1258 0.1235 466.7784 Gelem/s 0x7c10177c2322eed once-per-weight-at-inference,per-step-at-training
DIGEST price-llama8b.mlp_down.t8 inference.int15i64.v1.planes 0x5d341feda0541b7c
PRICE IDENTICAL int15.llama8b.mlp_down.t8.inference.int15i64.v1.planes.device 0.32998
   device-bits int15.llama8b.mlp_down.t8.inference.int15i64.v1.planes.device 0.32998/0x3fd51e646f156191
INT15 amd llama8b.mlp_down.t8 8 4096 14336 FULL inference.int15i64.v1.planes 0.3300 0.3253 1423.6076 GMAC/s 0x5d341feda0541b7c planes.a.parallel+product
DIGEST price-llama8b.mlp_down.t8 inference.int15i64.v1.codes 0x5d341feda0541b7c
PRICE IDENTICAL int15.llama8b.mlp_down.t8.inference.int15i64.v1.codes.device 0.448599
   device-bits int15.llama8b.mlp_down.t8.inference.int15i64.v1.codes.device 0.448599/0x3fdcb5d894812be5
INT15 amd llama8b.mlp_down.t8 8 4096 14336 FULL inference.int15i64.v1.codes 0.4486 0.4468 1047.1759 GMAC/s 0x5d341feda0541b7c quantize.a.parallel+split.a+split.b+product
DIGEST price-llama8b.mlp_down.t8 inference.int15i64.v1.planes.rowquant 0x5d341feda0541b7c
PRICE IDENTICAL int15.llama8b.mlp_down.t8.inference.int15i64.v1.planes.rowquant.device 5.370179
   device-bits int15.llama8b.mlp_down.t8.inference.int15i64.v1.planes.rowquant.device 5.370179/0x40157b10342aa9f8
INT15 amd llama8b.mlp_down.t8 8 4096 14336 FULL inference.int15i64.v1.planes.rowquant 5.3702 5.2995 87.4761 GMAC/s 0x5d341feda0541b7c quantize.a+split.a+product
DIGEST price-llama8b.mlp_down.t8 training.int15i64.v1.planes 0x5d341feda0541b7c
PRICE IDENTICAL int15.llama8b.mlp_down.t8.training.int15i64.v1.planes.device 1.686727
   device-bits int15.llama8b.mlp_down.t8.training.int15i64.v1.planes.device 1.686727/0x3ffafcd573647bab
INT15 amd llama8b.mlp_down.t8 8 4096 14336 FULL training.int15i64.v1.planes 1.6867 1.6827 278.5051 GMAC/s 0x5d341feda0541b7c planes.a.parallel+planes.b.parallel+product
DIGEST price-llama8b.mlp_down.t8 training.int15i64.v1.codes 0x5d341feda0541b7c
PRICE IDENTICAL int15.llama8b.mlp_down.t8.training.int15i64.v1.codes.device 1.766287
   device-bits int15.llama8b.mlp_down.t8.training.int15i64.v1.codes.device 1.766287/0x3ffc42b628459967
INT15 amd llama8b.mlp_down.t8 8 4096 14336 FULL training.int15i64.v1.codes 1.7663 1.7592 265.9602 GMAC/s 0x5d341feda0541b7c quantize.a.parallel+quantize.b.parallel+split.a+split.b+product
DIGEST price-llama8b.mlp_down.t8 training.int15i64.v1.planes.rowquant 0x5d341feda0541b7c
PRICE IDENTICAL int15.llama8b.mlp_down.t8.training.int15i64.v1.planes.rowquant.device 19.33868
   device-bits int15.llama8b.mlp_down.t8.training.int15i64.v1.planes.rowquant.device 19.33868/0x403356b3bb83cf2d
INT15 amd llama8b.mlp_down.t8 8 4096 14336 FULL training.int15i64.v1.planes.rowquant 19.3387 19.1980 24.2913 GMAC/s 0x5d341feda0541b7c quantize.a+quantize.b+split.a+split.b+product
INT15-NOT-RUN amd llama8b.mlp_down.t8 int15i64.v1.apple.two this-column-is-not-apple
INT15-NOT-RUN amd llama8b.mlp_down.t8 int15i64.v1.apple.four this-column-is-not-apple
INT15-NOT-RUN amd llama8b.mlp_down.t8 inference.int15i64.v1.apple.two this-column-is-not-apple
INT15-NOT-RUN amd llama8b.mlp_down.t8 inference.int15i64.v1.apple.four this-column-is-not-apple
INT15-NOT-RUN amd llama8b.mlp_down.t8 training.int15i64.v1.apple.two this-column-is-not-apple
INT15-NOT-RUN amd llama8b.mlp_down.t8 training.int15i64.v1.apple.four this-column-is-not-apple
DIGEST price-llama8b.mlp_down.t8 int15i64.v1.tuned 0x5d341feda0541b7c
PRICE IDENTICAL int15.llama8b.mlp_down.t8.int15i64.v1.tuned.device 0.11329
   device-bits int15.llama8b.mlp_down.t8.int15i64.v1.tuned.device 0.11329/0x3fbd0092ccf6be38
INT15 amd llama8b.mlp_down.t8 8 4096 14336 FULL int15i64.v1.tuned 0.1133 0.1095 4146.5447 GMAC/s 0x5d341feda0541b7c not-dispatched,four-products-one-staging,epilogue-at-the-store
DIGEST price-llama8b.mlp_down.t8 inference.int15i64.v1.tuned 0x5d341feda0541b7c
PRICE IDENTICAL int15.llama8b.mlp_down.t8.inference.int15i64.v1.tuned.device 0.19952
   device-bits int15.llama8b.mlp_down.t8.inference.int15i64.v1.tuned.device 0.19952/0x3fc989df1172ef0b
INT15 amd llama8b.mlp_down.t8 8 4096 14336 FULL inference.int15i64.v1.tuned 0.1995 0.1955 2354.4609 GMAC/s 0x5d341feda0541b7c planes.a.parallel+four-products-one-staging,epilogue-at-the-store
DIGEST price-llama8b.mlp_down.t8 training.int15i64.v1.tuned 0x5d341feda0541b7c
PRICE IDENTICAL int15.llama8b.mlp_down.t8.training.int15i64.v1.tuned.device 1.529357
   device-bits int15.llama8b.mlp_down.t8.training.int15i64.v1.tuned.device 1.529357/0x3ff8783f0bae89ec
INT15 amd llama8b.mlp_down.t8 8 4096 14336 FULL training.int15i64.v1.tuned 1.5294 1.5141 307.1631 GMAC/s 0x5d341feda0541b7c planes.a.parallel+planes.b.parallel+four-products-one-staging,epilogue-at-the-store
DIGEST price-llama8b.mlp_down.t8 int15i64.v1.tuned.two_launch 0x5d341feda0541b7c
PRICE IDENTICAL int15.llama8b.mlp_down.t8.int15i64.v1.tuned.two_launch.device 0.337499
   device-bits int15.llama8b.mlp_down.t8.int15i64.v1.tuned.two_launch.device 0.337499/0x3fd5999567dbb16c
INT15 amd llama8b.mlp_down.t8 8 4096 14336 FULL int15i64.v1.tuned.two_launch 0.3375 0.3363 1391.8917 GMAC/s 0x5d341feda0541b7c not-dispatched,four-products-one-staging+epilogue-launch
DIGEST price-llama8b.mlp_down.t8 inference.int15i64.v1.tuned.two_launch 0x5d341feda0541b7c
PRICE IDENTICAL int15.llama8b.mlp_down.t8.inference.int15i64.v1.tuned.two_launch.device 0.426508
   device-bits int15.llama8b.mlp_down.t8.inference.int15i64.v1.tuned.two_launch.device 0.426508/0x3fdb4be835dedf1e
INT15 amd llama8b.mlp_down.t8 8 4096 14336 FULL inference.int15i64.v1.tuned.two_launch 0.4265 0.4164 1101.4144 GMAC/s 0x5d341feda0541b7c planes.a.parallel+four-products-one-staging+epilogue-launch
DIGEST price-llama8b.mlp_down.t8 training.int15i64.v1.tuned.two_launch 0x5d341feda0541b7c
PRICE IDENTICAL int15.llama8b.mlp_down.t8.training.int15i64.v1.tuned.two_launch.device 1.771836
   device-bits int15.llama8b.mlp_down.t8.training.int15i64.v1.tuned.two_launch.device 1.771836/0x3ffc5970b49e01de
INT15 amd llama8b.mlp_down.t8 8 4096 14336 FULL training.int15i64.v1.tuned.two_launch 1.7718 1.7634 265.1273 GMAC/s 0x5d341feda0541b7c planes.a.parallel+planes.b.parallel+four-products-one-staging+epilogue-launch

== llama8b.mlp_down.t512  m=512 n=4096 k=14336  FULL  fp32 plan: TUNED 128x128 reg8x8 KS=16 fold=16 local tpb=256 hwftz=False (1-D grid, no swizzle)
DIGEST fp32-llama8b.mlp_down.t512 fp32.v1 0x4743c97cb961339e
PRICE IDENTICAL int15.llama8b.mlp_down.t512.fp32.v1.device 2.442954
   device-bits int15.llama8b.mlp_down.t512.fp32.v1.device 2.442954/0x40038b2b777d0f1f
INT15 amd llama8b.mlp_down.t512 512 4096 14336 FULL fp32.v1 2.4430 2.4314 12306.7283 GMAC/s 0x4743c97cb961339e OP_NT,plan=10
DIGEST price-llama8b.mlp_down.t512 int15i64.v1.flat 0x29a5b58e07315db6
PRICE IDENTICAL int15.llama8b.mlp_down.t512.int15i64.v1.flat.device 143.327882
   device-bits int15.llama8b.mlp_down.t512.int15i64.v1.flat.device 143.327882/0x4061ea7e02645e4e
INT15 amd llama8b.mlp_down.t512 512 4096 14336 FULL int15i64.v1.flat 143.3279 142.7387 209.7622 GMAC/s 0x29a5b58e07315db6 not-dispatched(the-column-has-the-unit)
DIGEST price-llama8b.mlp_down.t512 int15i64.v1.pieces 0x29a5b58e07315db6
PRICE IDENTICAL int15.llama8b.mlp_down.t512.int15i64.v1.pieces.device 318.660492
   device-bits int15.llama8b.mlp_down.t512.int15i64.v1.pieces.device 318.660492/0x4073ea91600f3450
INT15 amd llama8b.mlp_down.t512 512 4096 14336 FULL int15i64.v1.pieces 318.6605 315.0240 94.3473 GMAC/s 0x29a5b58e07315db6 not-dispatched(the-column-has-the-unit)
DIGEST price-llama8b.mlp_down.t512 int15i64.v1.mma 0x29a5b58e07315db6
PRICE IDENTICAL int15.llama8b.mlp_down.t512.int15i64.v1.mma.device 1.784037
   device-bits int15.llama8b.mlp_down.t512.int15i64.v1.mma.device 1.784037/0x3ffc8b6a619da9ca
INT15 amd llama8b.mlp_down.t512 512 4096 14336 FULL int15i64.v1.mma 1.7840 1.7711 16852.1006 GMAC/s 0x29a5b58e07315db6 dispatched,four-unit-products
DIGEST conv-llama8b.mlp_down.t512 convert.int15.quantize.a 0x3f6f13fd8bf5bc70
PRICE IDENTICAL int15.llama8b.mlp_down.t512.convert.int15.quantize.a.device 13.291263
   device-bits int15.llama8b.mlp_down.t512.convert.int15.quantize.a.device 13.291263/0x402a95206c8711d8
INT15 amd llama8b.mlp_down.t512 512 4096 14336 FULL convert.int15.quantize.a 13.2913 12.9204 0.5522 Gelem/s 0x3f6f13fd8bf5bc70 per-call
DIGEST conv-llama8b.mlp_down.t512 convert.int15.quantize.a.parallel 0x3f6f13fd8bf5bc70
PRICE IDENTICAL int15.llama8b.mlp_down.t512.convert.int15.quantize.a.parallel.device 0.1226
   device-bits int15.llama8b.mlp_down.t512.convert.int15.quantize.a.parallel.device 0.1226/0x3fbf62b6ae7d566d
INT15 amd llama8b.mlp_down.t512 512 4096 14336 FULL convert.int15.quantize.a.parallel 0.1226 0.1224 59.8698 Gelem/s 0x3f6f13fd8bf5bc70 per-call
DIGEST conv-llama8b.mlp_down.t512 convert.int15.planes.a.parallel 0xcf3c04152197ad4f
PRICE IDENTICAL int15.llama8b.mlp_down.t512.convert.int15.planes.a.parallel.device 0.116569
   device-bits int15.llama8b.mlp_down.t512.convert.int15.planes.a.parallel.device 0.116569/0x3fbdd7774aba3876
INT15 amd llama8b.mlp_down.t512 512 4096 14336 FULL convert.int15.planes.a.parallel 0.1166 0.1149 62.9673 Gelem/s 0xcf3c04152197ad4f per-call
DIGEST conv-llama8b.mlp_down.t512 convert.int15.split.a 0xcf3c04152197ad4f
PRICE IDENTICAL int15.llama8b.mlp_down.t512.convert.int15.split.a.device 0.03046
   device-bits int15.llama8b.mlp_down.t512.convert.int15.split.a.device 0.03046/0x3f9f30e7ff583a54
INT15 amd llama8b.mlp_down.t512 512 4096 14336 FULL convert.int15.split.a 0.0305 0.0279 240.9728 Gelem/s 0xcf3c04152197ad4f per-call
DIGEST conv-llama8b.mlp_down.t512 convert.int15.quantize.b 0xc9ac78579ce12a0f
PRICE IDENTICAL int15.llama8b.mlp_down.t512.convert.int15.quantize.b.device 14.154462
   device-bits int15.llama8b.mlp_down.t512.convert.int15.quantize.b.device 14.154462/0x402c4f15a4acf313
INT15 amd llama8b.mlp_down.t512 512 4096 14336 FULL convert.int15.quantize.b 14.1545 14.0953 4.1485 Gelem/s 0xc9ac78579ce12a0f once-per-weight-at-inference,per-step-at-training
DIGEST conv-llama8b.mlp_down.t512 convert.int15.quantize.b.parallel 0xc9ac78579ce12a0f
PRICE IDENTICAL int15.llama8b.mlp_down.t512.convert.int15.quantize.b.parallel.device 1.488287
   device-bits int15.llama8b.mlp_down.t512.convert.int15.quantize.b.parallel.device 1.488287/0x3ff7d0060780fdc1
INT15 amd llama8b.mlp_down.t512 512 4096 14336 FULL convert.int15.quantize.b.parallel 1.4883 1.4795 39.4549 Gelem/s 0xc9ac78579ce12a0f once-per-weight-at-inference,per-step-at-training
DIGEST conv-llama8b.mlp_down.t512 convert.int15.planes.b.parallel 0xed9bafdc9a6f7b8d
PRICE IDENTICAL int15.llama8b.mlp_down.t512.convert.int15.planes.b.parallel.device 1.466857
   device-bits int15.llama8b.mlp_down.t512.convert.int15.planes.b.parallel.device 1.466857/0x3ff7783f0bae89ec
INT15 amd llama8b.mlp_down.t512 512 4096 14336 FULL convert.int15.planes.b.parallel 1.4669 1.4565 40.0313 Gelem/s 0xed9bafdc9a6f7b8d once-per-weight-at-inference,per-step-at-training
DIGEST conv-llama8b.mlp_down.t512 convert.int15.split.b 0xed9bafdc9a6f7b8d
PRICE IDENTICAL int15.llama8b.mlp_down.t512.convert.int15.split.b.device 0.12565
   device-bits int15.llama8b.mlp_down.t512.convert.int15.split.b.device 0.12565/0x3fc0154c985f06f7
INT15 amd llama8b.mlp_down.t512 512 4096 14336 FULL convert.int15.split.b 0.1257 0.1246 467.3319 Gelem/s 0xed9bafdc9a6f7b8d once-per-weight-at-inference,per-step-at-training
DIGEST price-llama8b.mlp_down.t512 inference.int15i64.v1.planes 0x29a5b58e07315db6
PRICE IDENTICAL int15.llama8b.mlp_down.t512.inference.int15i64.v1.planes.device 1.833397
   device-bits int15.llama8b.mlp_down.t512.inference.int15i64.v1.planes.device 1.833397/0x3ffd559817b95a29
INT15 amd llama8b.mlp_down.t512 512 4096 14336 FULL inference.int15i64.v1.planes 1.8334 1.8322 16398.3966 GMAC/s 0x29a5b58e07315db6 planes.a.parallel+product
DIGEST price-llama8b.mlp_down.t512 inference.int15i64.v1.codes 0x29a5b58e07315db6
PRICE IDENTICAL int15.llama8b.mlp_down.t512.inference.int15i64.v1.codes.device 1.975357
   device-bits int15.llama8b.mlp_down.t512.inference.int15i64.v1.codes.device 1.975357/0x3fff9b0ff10ecb75
INT15 amd llama8b.mlp_down.t512 512 4096 14336 FULL inference.int15i64.v1.codes 1.9754 1.9705 15219.9178 GMAC/s 0x29a5b58e07315db6 quantize.a.parallel+split.a+split.b+product
DIGEST price-llama8b.mlp_down.t512 inference.int15i64.v1.planes.rowquant 0x29a5b58e07315db6
PRICE IDENTICAL int15.llama8b.mlp_down.t512.inference.int15i64.v1.planes.rowquant.device 15.640029
   device-bits int15.llama8b.mlp_down.t512.inference.int15i64.v1.planes.rowquant.device 15.640029/0x402f47b1e18efbb1
INT15 amd llama8b.mlp_down.t512 512 4096 14336 FULL inference.int15i64.v1.planes.rowquant 15.6400 14.9619 1922.2964 GMAC/s 0x29a5b58e07315db6 quantize.a+split.a+product
DIGEST price-llama8b.mlp_down.t512 training.int15i64.v1.planes 0x29a5b58e07315db6
PRICE IDENTICAL int15.llama8b.mlp_down.t512.training.int15i64.v1.planes.device 3.198314
   device-bits int15.llama8b.mlp_down.t512.training.int15i64.v1.planes.device 3.198314/0x40099625a682b628
INT15 amd llama8b.mlp_down.t512 512 4096 14336 FULL training.int15i64.v1.planes 3.1983 3.1826 9400.1937 GMAC/s 0x29a5b58e07315db6 planes.a.parallel+planes.b.parallel+product
DIGEST price-llama8b.mlp_down.t512 training.int15i64.v1.codes 0x29a5b58e07315db6
PRICE IDENTICAL int15.llama8b.mlp_down.t512.training.int15i64.v1.codes.device 3.306833
   device-bits int15.llama8b.mlp_down.t512.training.int15i64.v1.codes.device 3.306833/0x400a7464dc22ab26
INT15 amd llama8b.mlp_down.t512 512 4096 14336 FULL training.int15i64.v1.codes 3.3068 3.3019 9091.7113 GMAC/s 0x29a5b58e07315db6 quantize.a.parallel+quantize.b.parallel+split.a+split.b+product
DIGEST price-llama8b.mlp_down.t512 training.int15i64.v1.planes.rowquant 0x29a5b58e07315db6
PRICE IDENTICAL int15.llama8b.mlp_down.t512.training.int15i64.v1.planes.rowquant.device 29.054122
   device-bits int15.llama8b.mlp_down.t512.training.int15i64.v1.planes.rowquant.device 29.054122/0x403d0ddaf07bfe7e
INT15 amd llama8b.mlp_down.t512 512 4096 14336 FULL training.int15i64.v1.planes.rowquant 29.0541 28.8676 1034.7850 GMAC/s 0x29a5b58e07315db6 quantize.a+quantize.b+split.a+split.b+product
INT15-NOT-RUN amd llama8b.mlp_down.t512 int15i64.v1.apple.two this-column-is-not-apple
INT15-NOT-RUN amd llama8b.mlp_down.t512 int15i64.v1.apple.four this-column-is-not-apple
INT15-NOT-RUN amd llama8b.mlp_down.t512 inference.int15i64.v1.apple.two this-column-is-not-apple
INT15-NOT-RUN amd llama8b.mlp_down.t512 inference.int15i64.v1.apple.four this-column-is-not-apple
INT15-NOT-RUN amd llama8b.mlp_down.t512 training.int15i64.v1.apple.two this-column-is-not-apple
INT15-NOT-RUN amd llama8b.mlp_down.t512 training.int15i64.v1.apple.four this-column-is-not-apple
DIGEST price-llama8b.mlp_down.t512 int15i64.v1.tuned 0x29a5b58e07315db6
PRICE IDENTICAL int15.llama8b.mlp_down.t512.int15i64.v1.tuned.device 0.426119
   device-bits int15.llama8b.mlp_down.t512.int15i64.v1.tuned.device 0.426119/0x3fdb4588a04d1202
INT15 amd llama8b.mlp_down.t512 512 4096 14336 FULL int15i64.v1.tuned 0.4261 0.4252 70554.8710 GMAC/s 0x29a5b58e07315db6 not-dispatched,four-products-one-staging,epilogue-at-the-store
DIGEST price-llama8b.mlp_down.t512 inference.int15i64.v1.tuned 0x29a5b58e07315db6
PRICE IDENTICAL int15.llama8b.mlp_down.t512.inference.int15i64.v1.tuned.device 0.633188
   device-bits int15.llama8b.mlp_down.t512.inference.int15i64.v1.tuned.device 0.633188/0x3fe443137b07075b
INT15 amd llama8b.mlp_down.t512 512 4096 14336 FULL inference.int15i64.v1.tuned 0.6332 0.6265 47481.5869 GMAC/s 0x29a5b58e07315db6 planes.a.parallel+four-products-one-staging,epilogue-at-the-store
DIGEST price-llama8b.mlp_down.t512 training.int15i64.v1.tuned 0x29a5b58e07315db6
PRICE IDENTICAL int15.llama8b.mlp_down.t512.training.int15i64.v1.tuned.device 2.078536
   device-bits int15.llama8b.mlp_down.t512.training.int15i64.v1.tuned.device 2.078536/0x4000a0d77b7c7821
INT15 amd llama8b.mlp_down.t512 512 4096 14336 FULL training.int15i64.v1.tuned 2.0785 2.0537 14464.3976 GMAC/s 0x29a5b58e07315db6 planes.a.parallel+planes.b.parallel+four-products-one-staging,epilogue-at-the-store
DIGEST price-llama8b.mlp_down.t512 int15i64.v1.tuned.two_launch 0x29a5b58e07315db6
PRICE IDENTICAL int15.llama8b.mlp_down.t512.int15i64.v1.tuned.two_launch.device 0.53768
   device-bits int15.llama8b.mlp_down.t512.int15i64.v1.tuned.two_launch.device 0.53768/0x3fe134acaff6d331
INT15 amd llama8b.mlp_down.t512 512 4096 14336 FULL int15i64.v1.tuned.two_launch 0.5377 0.5345 55915.7325 GMAC/s 0x29a5b58e07315db6 not-dispatched,four-products-one-staging+epilogue-launch
DIGEST price-llama8b.mlp_down.t512 inference.int15i64.v1.tuned.two_launch 0x29a5b58e07315db6
PRICE IDENTICAL int15.llama8b.mlp_down.t512.inference.int15i64.v1.tuned.two_launch.device 0.642058
   device-bits int15.llama8b.mlp_down.t512.inference.int15i64.v1.tuned.two_launch.device 0.642058/0x3fe48bbd3804534c
INT15 amd llama8b.mlp_down.t512 512 4096 14336 FULL inference.int15i64.v1.tuned.two_launch 0.6421 0.6403 46825.6311 GMAC/s 0x29a5b58e07315db6 planes.a.parallel+four-products-one-staging+epilogue-launch
DIGEST price-llama8b.mlp_down.t512 training.int15i64.v1.tuned.two_launch 0x29a5b58e07315db6
PRICE IDENTICAL int15.llama8b.mlp_down.t512.training.int15i64.v1.tuned.two_launch.device 2.022466
   device-bits int15.llama8b.mlp_down.t512.training.int15i64.v1.tuned.two_launch.device 2.022466/0x40002e02a77a2ced
INT15 amd llama8b.mlp_down.t512 512 4096 14336 FULL training.int15i64.v1.tuned.two_launch 2.0225 2.0158 14865.4025 GMAC/s 0x29a5b58e07315db6 planes.a.parallel+planes.b.parallel+four-products-one-staging+epilogue-launch

== llama8b.mlp_down.t512.bwd_dx  m=512 n=14336 k=4096  FULL  fp32 plan: TUNED 128x128 reg8x8 KS=16 fold=16 local tpb=256 hwftz=False (1-D grid, no swizzle)
DIGEST fp32-llama8b.mlp_down.t512.bwd_dx fp32.v1 0x530556760e570c80
PRICE IDENTICAL int15.llama8b.mlp_down.t512.bwd_dx.fp32.v1.device 2.397596
   device-bits int15.llama8b.mlp_down.t512.bwd_dx.fp32.v1.device 2.397596/0x40032e46cfc829d0
INT15 amd llama8b.mlp_down.t512.bwd_dx 512 14336 4096 FULL fp32.v1 2.3976 2.3861 12539.5484 GMAC/s 0x530556760e570c80 OP_NN,plan=10
DIGEST price-llama8b.mlp_down.t512.bwd_dx int15i64.v1.flat 0xf02913c8e388c6f0
PRICE IDENTICAL int15.llama8b.mlp_down.t512.bwd_dx.int15i64.v1.flat.device 171.680005
   device-bits int15.llama8b.mlp_down.t512.bwd_dx.int15i64.v1.flat.device 171.680005/0x406575c299d883ba
INT15 amd llama8b.mlp_down.t512.bwd_dx 512 14336 4096 FULL int15i64.v1.flat 171.6800 170.4469 175.1210 GMAC/s 0xf02913c8e388c6f0 not-dispatched(the-column-has-the-unit)
DIGEST price-llama8b.mlp_down.t512.bwd_dx int15i64.v1.pieces 0xf02913c8e388c6f0
PRICE IDENTICAL int15.llama8b.mlp_down.t512.bwd_dx.int15i64.v1.pieces.device 428.2237
   device-bits int15.llama8b.mlp_down.t512.bwd_dx.int15i64.v1.pieces.device 428.2237/0x407ac394467381d8
INT15 amd llama8b.mlp_down.t512.bwd_dx 512 14336 4096 FULL int15i64.v1.pieces 428.2237 427.1665 70.2081 GMAC/s 0xf02913c8e388c6f0 not-dispatched(the-column-has-the-unit)
DIGEST price-llama8b.mlp_down.t512.bwd_dx int15i64.v1.mma 0xf02913c8e388c6f0
PRICE IDENTICAL int15.llama8b.mlp_down.t512.bwd_dx.int15i64.v1.mma.device 1.837127
   device-bits int15.llama8b.mlp_down.t512.bwd_dx.int15i64.v1.mma.device 1.837127/0x3ffd64df47f993d5
INT15 amd llama8b.mlp_down.t512.bwd_dx 512 14336 4096 FULL int15i64.v1.mma 1.8371 1.8200 16365.1022 GMAC/s 0xf02913c8e388c6f0 dispatched,four-unit-products
DIGEST conv-llama8b.mlp_down.t512.bwd_dx convert.int15.quantize.a 0x641e827791a67e8e
PRICE IDENTICAL int15.llama8b.mlp_down.t512.bwd_dx.convert.int15.quantize.a.device 3.897053
   device-bits int15.llama8b.mlp_down.t512.bwd_dx.convert.int15.quantize.a.device 3.897053/0x400f2d2a1f8e3ac1
INT15 amd llama8b.mlp_down.t512.bwd_dx 512 14336 4096 FULL convert.int15.quantize.a 3.8971 3.7982 0.5381 Gelem/s 0x641e827791a67e8e per-call
DIGEST conv-llama8b.mlp_down.t512.bwd_dx convert.int15.quantize.a.parallel 0x641e827791a67e8e
PRICE IDENTICAL int15.llama8b.mlp_down.t512.bwd_dx.convert.int15.quantize.a.parallel.device 0.10378
   device-bits int15.llama8b.mlp_down.t512.bwd_dx.convert.int15.quantize.a.parallel.device 0.10378/0x3fba915379fa97e1
INT15 amd llama8b.mlp_down.t512.bwd_dx 512 14336 4096 FULL convert.int15.quantize.a.parallel 0.1038 0.1021 20.2077 Gelem/s 0x641e827791a67e8e per-call
DIGEST conv-llama8b.mlp_down.t512.bwd_dx convert.int15.planes.a.parallel 0xaa13c116215e42ec
PRICE IDENTICAL int15.llama8b.mlp_down.t512.bwd_dx.convert.int15.planes.a.parallel.device 0.03254
   device-bits int15.llama8b.mlp_down.t512.bwd_dx.convert.int15.planes.a.parallel.device 0.03254/0x3fa0a915379fa97e
INT15 amd llama8b.mlp_down.t512.bwd_dx 512 14336 4096 FULL convert.int15.planes.a.parallel 0.0325 0.0289 64.4484 Gelem/s 0xaa13c116215e42ec per-call
DIGEST conv-llama8b.mlp_down.t512.bwd_dx convert.int15.split.a 0xaa13c116215e42ec
PRICE IDENTICAL int15.llama8b.mlp_down.t512.bwd_dx.convert.int15.split.a.device 0.01947
   device-bits int15.llama8b.mlp_down.t512.bwd_dx.convert.int15.split.a.device 0.01947/0x3f93eff1950331e4
INT15 amd llama8b.mlp_down.t512.bwd_dx 512 14336 4096 FULL convert.int15.split.a 0.0195 0.0188 107.7120 Gelem/s 0xaa13c116215e42ec per-call
DIGEST conv-llama8b.mlp_down.t512.bwd_dx convert.int15.quantize.b 0xec3851bf8dee716b
PRICE IDENTICAL int15.llama8b.mlp_down.t512.bwd_dx.convert.int15.quantize.b.device 6.055528
   device-bits int15.llama8b.mlp_down.t512.bwd_dx.convert.int15.quantize.b.device 6.055528/0x401838dc55000c95
INT15 amd llama8b.mlp_down.t512.bwd_dx 512 14336 4096 FULL convert.int15.quantize.b 6.0555 5.9308 9.6970 Gelem/s 0xec3851bf8dee716b per-step,transposing
DIGEST conv-llama8b.mlp_down.t512.bwd_dx convert.int15.quantize.b.parallel 0xec3851bf8dee716b
PRICE IDENTICAL int15.llama8b.mlp_down.t512.bwd_dx.convert.int15.quantize.b.parallel.device 0.463369
   device-bits int15.llama8b.mlp_down.t512.bwd_dx.convert.int15.quantize.b.parallel.device 0.463369/0x3fdda7d6733ebbfd
INT15 amd llama8b.mlp_down.t512.bwd_dx 512 14336 4096 FULL convert.int15.quantize.b.parallel 0.4634 0.4609 126.7246 Gelem/s 0xec3851bf8dee716b per-step,transposing
DIGEST conv-llama8b.mlp_down.t512.bwd_dx convert.int15.planes.b.parallel 0xef6837087a440a32
PRICE IDENTICAL int15.llama8b.mlp_down.t512.bwd_dx.convert.int15.planes.b.parallel.device 0.302319
   device-bits int15.llama8b.mlp_down.t512.bwd_dx.convert.int15.planes.b.parallel.device 0.302319/0x3fd35931ca7d6734
INT15 amd llama8b.mlp_down.t512.bwd_dx 512 14336 4096 FULL convert.int15.planes.b.parallel 0.3023 0.2957 194.2328 Gelem/s 0xef6837087a440a32 per-step,transposing
DIGEST conv-llama8b.mlp_down.t512.bwd_dx convert.int15.split.b 0xef6837087a440a32
PRICE IDENTICAL int15.llama8b.mlp_down.t512.bwd_dx.convert.int15.split.b.device 0.129749
   device-bits int15.llama8b.mlp_down.t512.bwd_dx.convert.int15.split.b.device 0.129749/0x3fc09b9d7fd82774
INT15 amd llama8b.mlp_down.t512.bwd_dx 512 14336 4096 FULL convert.int15.split.b 0.1297 0.1274 452.5681 Gelem/s 0xef6837087a440a32 once-per-weight-at-inference,per-step-at-training
INT15-NOT-RUN amd llama8b.mlp_down.t512.bwd_dx inference.int15i64.v1.planes inference-has-no-backward-product
INT15-NOT-RUN amd llama8b.mlp_down.t512.bwd_dx inference.int15i64.v1.codes inference-has-no-backward-product
INT15-NOT-RUN amd llama8b.mlp_down.t512.bwd_dx inference.int15i64.v1.planes.rowquant inference-has-no-backward-product
DIGEST price-llama8b.mlp_down.t512.bwd_dx training.int15i64.v1.planes 0xf02913c8e388c6f0
PRICE IDENTICAL int15.llama8b.mlp_down.t512.bwd_dx.training.int15i64.v1.planes.device 2.239905
   device-bits int15.llama8b.mlp_down.t512.bwd_dx.training.int15i64.v1.planes.device 2.239905/0x4001eb5350092ccf
INT15 amd llama8b.mlp_down.t512.bwd_dx 512 14336 4096 FULL training.int15i64.v1.planes 2.2399 2.2207 13422.3421 GMAC/s 0xf02913c8e388c6f0 planes.a.parallel+planes.b.parallel+product
DIGEST price-llama8b.mlp_down.t512.bwd_dx training.int15i64.v1.codes 0xf02913c8e388c6f0
PRICE IDENTICAL int15.llama8b.mlp_down.t512.bwd_dx.training.int15i64.v1.codes.device 2.457425
   device-bits int15.llama8b.mlp_down.t512.bwd_dx.training.int15i64.v1.codes.device 2.457425/0x4003a8ce703afb7f
INT15 amd llama8b.mlp_down.t512.bwd_dx 512 14336 4096 FULL training.int15i64.v1.codes 2.4574 2.4484 12234.2578 GMAC/s 0xf02913c8e388c6f0 quantize.a.parallel+quantize.b.parallel+split.a+split.b+product
DIGEST price-llama8b.mlp_down.t512.bwd_dx training.int15i64.v1.planes.rowquant 0xf02913c8e388c6f0
PRICE IDENTICAL int15.llama8b.mlp_down.t512.bwd_dx.training.int15i64.v1.planes.rowquant.device 11.487337
   device-bits int15.llama8b.mlp_down.t512.bwd_dx.training.int15i64.v1.planes.rowquant.device 11.487337/0x4026f9843c3a42f2
INT15 amd llama8b.mlp_down.t512.bwd_dx 512 14336 4096 FULL training.int15i64.v1.planes.rowquant 11.4873 11.2945 2617.2098 GMAC/s 0xf02913c8e388c6f0 quantize.a+quantize.b+split.a+split.b+product
INT15-NOT-RUN amd llama8b.mlp_down.t512.bwd_dx int15i64.v1.apple.two this-column-is-not-apple
INT15-NOT-RUN amd llama8b.mlp_down.t512.bwd_dx int15i64.v1.apple.four this-column-is-not-apple
INT15-NOT-RUN amd llama8b.mlp_down.t512.bwd_dx inference.int15i64.v1.apple.two this-column-is-not-apple
INT15-NOT-RUN amd llama8b.mlp_down.t512.bwd_dx inference.int15i64.v1.apple.four this-column-is-not-apple
INT15-NOT-RUN amd llama8b.mlp_down.t512.bwd_dx training.int15i64.v1.apple.two this-column-is-not-apple
INT15-NOT-RUN amd llama8b.mlp_down.t512.bwd_dx training.int15i64.v1.apple.four this-column-is-not-apple
DIGEST price-llama8b.mlp_down.t512.bwd_dx int15i64.v1.tuned 0xf02913c8e388c6f0
PRICE IDENTICAL int15.llama8b.mlp_down.t512.bwd_dx.int15i64.v1.tuned.device 0.367689
   device-bits int15.llama8b.mlp_down.t512.bwd_dx.int15i64.v1.tuned.device 0.367689/0x3fd7883771865519
INT15 amd llama8b.mlp_down.t512.bwd_dx 512 14336 4096 FULL int15i64.v1.tuned 0.3677 0.3651 81766.8494 GMAC/s 0xf02913c8e388c6f0 not-dispatched,four-products-one-staging,epilogue-at-the-store
INT15-NOT-RUN amd llama8b.mlp_down.t512.bwd_dx inference.int15i64.v1.tuned inference-has-no-backward-product
DIGEST price-llama8b.mlp_down.t512.bwd_dx training.int15i64.v1.tuned 0xf02913c8e388c6f0
PRICE IDENTICAL int15.llama8b.mlp_down.t512.bwd_dx.training.int15i64.v1.tuned.device 0.700229
   device-bits int15.llama8b.mlp_down.t512.bwd_dx.training.int15i64.v1.tuned.device 0.700229/0x3fe66846a5d6bebe
INT15 amd llama8b.mlp_down.t512.bwd_dx 512 14336 4096 FULL training.int15i64.v1.tuned 0.7002 0.6952 42935.6269 GMAC/s 0xf02913c8e388c6f0 planes.a.parallel+planes.b.parallel+four-products-one-staging,epilogue-at-the-store
DIGEST price-llama8b.mlp_down.t512.bwd_dx int15i64.v1.tuned.two_launch 0xf02913c8e388c6f0
PRICE IDENTICAL int15.llama8b.mlp_down.t512.bwd_dx.int15i64.v1.tuned.two_launch.device 0.470438
   device-bits int15.llama8b.mlp_down.t512.bwd_dx.int15i64.v1.tuned.two_launch.device 0.470438/0x3fde1ba7fc32ebe6
INT15 amd llama8b.mlp_down.t512.bwd_dx 512 14336 4096 FULL int15i64.v1.tuned.two_launch 0.4704 0.4626 63908.0412 GMAC/s 0xf02913c8e388c6f0 not-dispatched,four-products-one-staging+epilogue-launch
INT15-NOT-RUN amd llama8b.mlp_down.t512.bwd_dx inference.int15i64.v1.tuned.two_launch inference-has-no-backward-product
DIGEST price-llama8b.mlp_down.t512.bwd_dx training.int15i64.v1.tuned.two_launch 0xf02913c8e388c6f0
PRICE IDENTICAL int15.llama8b.mlp_down.t512.bwd_dx.training.int15i64.v1.tuned.two_launch.device 0.801108
   device-bits int15.llama8b.mlp_down.t512.bwd_dx.training.int15i64.v1.tuned.two_launch.device 0.801108/0x3fe9a2ad3e920c07
INT15 amd llama8b.mlp_down.t512.bwd_dx 512 14336 4096 FULL training.int15i64.v1.tuned.two_launch 0.8011 0.7934 37528.9862 GMAC/s 0xf02913c8e388c6f0 planes.a.parallel+planes.b.parallel+four-products-one-staging+epilogue-launch

== llama8b.mlp_down.t512.bwd_dw  m=4096 n=14336 k=512  FULL  fp32 plan: TUNED 128x128 reg8x8 KS=16 fold=16 local tpb=256 hwftz=False (1-D grid, no swizzle)
DIGEST fp32-llama8b.mlp_down.t512.bwd_dw fp32.v1 0x57cdff62332dd579
PRICE IDENTICAL int15.llama8b.mlp_down.t512.bwd_dw.fp32.v1.device 2.300605
   device-bits int15.llama8b.mlp_down.t512.bwd_dw.fp32.v1.device 2.300605/0x400267a398201cd6
INT15 amd llama8b.mlp_down.t512.bwd_dw 4096 14336 512 FULL fp32.v1 2.3006 2.2956 13068.2021 GMAC/s 0x57cdff62332dd579 OP_TN,plan=10
DIGEST price-llama8b.mlp_down.t512.bwd_dw int15i64.v1.flat 0x648fb9758841ed0f
PRICE IDENTICAL int15.llama8b.mlp_down.t512.bwd_dw.int15i64.v1.flat.device 144.449921
   device-bits int15.llama8b.mlp_down.t512.bwd_dw.int15i64.v1.flat.device 144.449921/0x40620e65c0b99913
INT15 amd llama8b.mlp_down.t512.bwd_dw 4096 14336 512 FULL int15i64.v1.flat 144.4499 144.3669 208.1328 GMAC/s 0x648fb9758841ed0f not-dispatched(the-column-has-the-unit)
DIGEST price-llama8b.mlp_down.t512.bwd_dw int15i64.v1.pieces 0x648fb9758841ed0f
PRICE IDENTICAL int15.llama8b.mlp_down.t512.bwd_dw.int15i64.v1.pieces.device 272.458703
   device-bits int15.llama8b.mlp_down.t512.bwd_dw.int15i64.v1.pieces.device 272.458703/0x40710756d8f4f93c
INT15 amd llama8b.mlp_down.t512.bwd_dw 4096 14336 512 FULL int15i64.v1.pieces 272.4587 272.1145 110.3462 GMAC/s 0x648fb9758841ed0f not-dispatched(the-column-has-the-unit)
DIGEST price-llama8b.mlp_down.t512.bwd_dw int15i64.v1.mma 0x648fb9758841ed0f
PRICE IDENTICAL int15.llama8b.mlp_down.t512.bwd_dw.int15i64.v1.mma.device 1.576427
   device-bits int15.llama8b.mlp_down.t512.bwd_dw.int15i64.v1.mma.device 1.576427/0x3ff9390b84988095
INT15 amd llama8b.mlp_down.t512.bwd_dw 4096 14336 512 FULL int15i64.v1.mma 1.5764 1.5724 19071.4642 GMAC/s 0x648fb9758841ed0f dispatched,four-unit-products
DIGEST conv-llama8b.mlp_down.t512.bwd_dw convert.int15.quantize.a 0x1dbcacc74a82c682
PRICE IDENTICAL int15.llama8b.mlp_down.t512.bwd_dw.convert.int15.quantize.a.device 0.467098
   device-bits int15.llama8b.mlp_down.t512.bwd_dw.convert.int15.quantize.a.device 0.467098/0x3fdde4ef0281ba80
INT15 amd llama8b.mlp_down.t512.bwd_dw 4096 14336 512 FULL convert.int15.quantize.a 0.4671 0.3774 4.4897 Gelem/s 0x1dbcacc74a82c682 per-call,transposing
DIGEST conv-llama8b.mlp_down.t512.bwd_dw convert.int15.quantize.a.parallel 0x1dbcacc74a82c682
PRICE IDENTICAL int15.llama8b.mlp_down.t512.bwd_dw.convert.int15.quantize.a.parallel.device 0.12494
   device-bits int15.llama8b.mlp_down.t512.bwd_dw.convert.int15.quantize.a.parallel.device 0.12494/0x3fbffc115df6555c
INT15 amd llama8b.mlp_down.t512.bwd_dw 4096 14336 512 FULL convert.int15.quantize.a.parallel 0.1249 0.1243 16.7853 Gelem/s 0x1dbcacc74a82c682 per-call,transposing
DIGEST conv-llama8b.mlp_down.t512.bwd_dw convert.int15.planes.a.parallel 0x6054e7041e529e7d
PRICE IDENTICAL int15.llama8b.mlp_down.t512.bwd_dw.convert.int15.planes.a.parallel.device 0.089629
   device-bits int15.llama8b.mlp_down.t512.bwd_dw.convert.int15.planes.a.parallel.device 0.089629/0x3fb6f1ed17c5ef63
INT15 amd llama8b.mlp_down.t512.bwd_dw 4096 14336 512 FULL convert.int15.planes.a.parallel 0.0896 0.0879 23.3981 Gelem/s 0x6054e7041e529e7d per-call,transposing
DIGEST conv-llama8b.mlp_down.t512.bwd_dw convert.int15.split.a 0x6054e7041e529e7d
PRICE IDENTICAL int15.llama8b.mlp_down.t512.bwd_dw.convert.int15.split.a.device 0.02006
   device-bits int15.llama8b.mlp_down.t512.bwd_dw.convert.int15.split.a.device 0.02006/0x3f948a9bcfd4bf0a
INT15 amd llama8b.mlp_down.t512.bwd_dw 4096 14336 512 FULL convert.int15.split.a 0.0201 0.0179 104.5440 Gelem/s 0x6054e7041e529e7d per-call
DIGEST conv-llama8b.mlp_down.t512.bwd_dw convert.int15.quantize.b 0xeca44c0da5a995a0
PRICE IDENTICAL int15.llama8b.mlp_down.t512.bwd_dw.convert.int15.quantize.b.device 0.550829
   device-bits int15.llama8b.mlp_down.t512.bwd_dw.convert.int15.quantize.b.device 0.550829/0x3fe1a0642396073e
INT15 amd llama8b.mlp_down.t512.bwd_dw 4096 14336 512 FULL convert.int15.quantize.b 0.5508 0.5270 13.3254 Gelem/s 0xeca44c0da5a995a0 per-step,transposing
DIGEST conv-llama8b.mlp_down.t512.bwd_dw convert.int15.quantize.b.parallel 0xeca44c0da5a995a0
PRICE IDENTICAL int15.llama8b.mlp_down.t512.bwd_dw.convert.int15.quantize.b.parallel.device 0.16261
   device-bits int15.llama8b.mlp_down.t512.bwd_dw.convert.int15.quantize.b.parallel.device 0.16261/0x3fc4d0678c0053e3
INT15 amd llama8b.mlp_down.t512.bwd_dw 4096 14336 512 FULL convert.int15.quantize.b.parallel 0.1626 0.1584 45.1389 Gelem/s 0xeca44c0da5a995a0 per-step,transposing
DIGEST conv-llama8b.mlp_down.t512.bwd_dw convert.int15.planes.b.parallel 0xb0e2c0513a836af7
PRICE IDENTICAL int15.llama8b.mlp_down.t512.bwd_dw.convert.int15.planes.b.parallel.device 0.10642
   device-bits int15.llama8b.mlp_down.t512.bwd_dw.convert.int15.planes.b.parallel.device 0.10642/0x3fbb3e5753a3ec03
INT15 amd llama8b.mlp_down.t512.bwd_dw 4096 14336 512 FULL convert.int15.planes.b.parallel 0.1064 0.0988 68.9723 Gelem/s 0xb0e2c0513a836af7 per-step,transposing
DIGEST conv-llama8b.mlp_down.t512.bwd_dw convert.int15.split.b 0xb0e2c0513a836af7
PRICE IDENTICAL int15.llama8b.mlp_down.t512.bwd_dw.convert.int15.split.b.device 0.0297
   device-bits int15.llama8b.mlp_down.t512.bwd_dw.convert.int15.split.b.device 0.0297/0x3f9e69ad42c3c9ef
INT15 amd llama8b.mlp_down.t512.bwd_dw 4096 14336 512 FULL convert.int15.split.b 0.0297 0.0267 247.1391 Gelem/s 0xb0e2c0513a836af7 once-per-weight-at-inference,per-step-at-training
INT15-NOT-RUN amd llama8b.mlp_down.t512.bwd_dw inference.int15i64.v1.planes inference-has-no-backward-product
INT15-NOT-RUN amd llama8b.mlp_down.t512.bwd_dw inference.int15i64.v1.codes inference-has-no-backward-product
INT15-NOT-RUN amd llama8b.mlp_down.t512.bwd_dw inference.int15i64.v1.planes.rowquant inference-has-no-backward-product
DIGEST price-llama8b.mlp_down.t512.bwd_dw training.int15i64.v1.planes 0x648fb9758841ed0f
PRICE IDENTICAL int15.llama8b.mlp_down.t512.bwd_dw.training.int15i64.v1.planes.device 1.969717
   device-bits int15.llama8b.mlp_down.t512.bwd_dw.training.int15i64.v1.planes.device 1.969717/0x3fff83f5f91600f3
INT15 amd llama8b.mlp_down.t512.bwd_dw 4096 14336 512 FULL training.int15i64.v1.planes 1.9697 1.9234 15263.4978 GMAC/s 0x648fb9758841ed0f planes.a.parallel+planes.b.parallel+product
DIGEST price-llama8b.mlp_down.t512.bwd_dw training.int15i64.v1.codes 0x648fb9758841ed0f
PRICE IDENTICAL int15.llama8b.mlp_down.t512.bwd_dw.training.int15i64.v1.codes.device 1.825596
   device-bits int15.llama8b.mlp_down.t512.bwd_dw.training.int15i64.v1.codes.device 1.825596/0x3ffd35a426bb55ac
INT15 amd llama8b.mlp_down.t512.bwd_dw 4096 14336 512 FULL training.int15i64.v1.codes 1.8256 1.8240 16468.4690 GMAC/s 0x648fb9758841ed0f quantize.a.parallel+quantize.b.parallel+split.a+split.b+product
DIGEST price-llama8b.mlp_down.t512.bwd_dw training.int15i64.v1.planes.rowquant 0x648fb9758841ed0f
PRICE IDENTICAL int15.llama8b.mlp_down.t512.bwd_dw.training.int15i64.v1.planes.rowquant.device 2.507544
   device-bits int15.llama8b.mlp_down.t512.bwd_dw.training.int15i64.v1.planes.rowquant.device 2.507544/0x40040f733a8a3f8a
INT15 amd llama8b.mlp_down.t512.bwd_dw 4096 14336 512 FULL training.int15i64.v1.planes.rowquant 2.5075 2.4976 11989.7282 GMAC/s 0x648fb9758841ed0f quantize.a+quantize.b+split.a+split.b+product
INT15-NOT-RUN amd llama8b.mlp_down.t512.bwd_dw int15i64.v1.apple.two this-column-is-not-apple
INT15-NOT-RUN amd llama8b.mlp_down.t512.bwd_dw int15i64.v1.apple.four this-column-is-not-apple
INT15-NOT-RUN amd llama8b.mlp_down.t512.bwd_dw inference.int15i64.v1.apple.two this-column-is-not-apple
INT15-NOT-RUN amd llama8b.mlp_down.t512.bwd_dw inference.int15i64.v1.apple.four this-column-is-not-apple
INT15-NOT-RUN amd llama8b.mlp_down.t512.bwd_dw training.int15i64.v1.apple.two this-column-is-not-apple
INT15-NOT-RUN amd llama8b.mlp_down.t512.bwd_dw training.int15i64.v1.apple.four this-column-is-not-apple
DIGEST price-llama8b.mlp_down.t512.bwd_dw int15i64.v1.tuned 0x648fb9758841ed0f
PRICE IDENTICAL int15.llama8b.mlp_down.t512.bwd_dw.int15i64.v1.tuned.device 0.634388
   device-bits int15.llama8b.mlp_down.t512.bwd_dw.int15i64.v1.tuned.device 0.634388/0x3fe44ce8101f31f4
INT15 amd llama8b.mlp_down.t512.bwd_dw 4096 14336 512 FULL int15i64.v1.tuned 0.6344 0.6266 47391.7714 GMAC/s 0x648fb9758841ed0f not-dispatched,four-products-one-staging,epilogue-at-the-store
INT15-NOT-RUN amd llama8b.mlp_down.t512.bwd_dw inference.int15i64.v1.tuned inference-has-no-backward-product
DIGEST price-llama8b.mlp_down.t512.bwd_dw training.int15i64.v1.tuned 0x648fb9758841ed0f
PRICE IDENTICAL int15.llama8b.mlp_down.t512.bwd_dw.training.int15i64.v1.tuned.device 0.812788
   device-bits int15.llama8b.mlp_down.t512.bwd_dw.training.int15i64.v1.tuned.device 0.812788/0x3fea025bfad29995
INT15 amd llama8b.mlp_down.t512.bwd_dw 4096 14336 512 FULL training.int15i64.v1.tuned 0.8128 0.7970 36989.6837 GMAC/s 0x648fb9758841ed0f planes.a.parallel+planes.b.parallel+four-products-one-staging,epilogue-at-the-store
DIGEST price-llama8b.mlp_down.t512.bwd_dw int15i64.v1.tuned.two_launch 0x648fb9758841ed0f
PRICE IDENTICAL int15.llama8b.mlp_down.t512.bwd_dw.int15i64.v1.tuned.two_launch.device 0.959508
   device-bits int15.llama8b.mlp_down.t512.bwd_dw.int15i64.v1.tuned.two_launch.device 0.959508/0x3feeb44a1f080304
INT15 amd llama8b.mlp_down.t512.bwd_dw 4096 14336 512 FULL int15i64.v1.tuned.two_launch 0.9595 0.9512 31333.5283 GMAC/s 0x648fb9758841ed0f not-dispatched,four-products-one-staging+epilogue-launch
INT15-NOT-RUN amd llama8b.mlp_down.t512.bwd_dw inference.int15i64.v1.tuned.two_launch inference-has-no-backward-product
DIGEST price-llama8b.mlp_down.t512.bwd_dw training.int15i64.v1.tuned.two_launch 0x648fb9758841ed0f
PRICE IDENTICAL int15.llama8b.mlp_down.t512.bwd_dw.training.int15i64.v1.tuned.two_launch.device 1.185058
   device-bits int15.llama8b.mlp_down.t512.bwd_dw.training.int15i64.v1.tuned.two_launch.device 1.185058/0x3ff2f5ff609dcf89
INT15 amd llama8b.mlp_down.t512.bwd_dw 4096 14336 512 FULL training.int15i64.v1.tuned.two_launch 1.1851 1.1798 25369.8731 GMAC/s 0x648fb9758841ed0f planes.a.parallel+planes.b.parallel+four-products-one-staging+epilogue-launch

== llama8b.lm_head.t1  m=1 n=128256 k=4096  FULL  fp32 plan: SPLIT 1x256 reg1x1 KS=16 leaves on grid.y -> workspace -> fold (block per cell <= 16384, else register stack) tpb=256 hwftz=False (256 thr, 2-D grid, no swizzle)
DIGEST fp32-llama8b.lm_head.t1 fp32.v1 0xcdc134cbce391535
PRICE IDENTICAL int15.llama8b.lm_head.t1.fp32.v1.device 1.410257
   device-bits int15.llama8b.lm_head.t1.fp32.v1.device 1.410257/0x3ff69069a4df47fa
INT15 amd llama8b.lm_head.t1 1 128256 4096 FULL fp32.v1 1.4103 1.3304 372.5112 GMAC/s 0xcdc134cbce391535 OP_NT,plan=13
DIGEST price-llama8b.lm_head.t1 int15i64.v1.flat 0x18d3d46aaa413329
PRICE IDENTICAL int15.llama8b.lm_head.t1.int15i64.v1.flat.device 5.55887
   device-bits int15.llama8b.lm_head.t1.int15i64.v1.flat.device 5.55887/0x40163c486ad2dcb1
INT15 amd llama8b.lm_head.t1 1 128256 4096 FULL int15i64.v1.flat 5.5589 5.4463 94.5042 GMAC/s 0x18d3d46aaa413329 not-dispatched(the-column-has-the-unit)
DIGEST price-llama8b.lm_head.t1 int15i64.v1.pieces 0x18d3d46aaa413329
PRICE IDENTICAL int15.llama8b.lm_head.t1.int15i64.v1.pieces.device 18.064723
   device-bits int15.llama8b.lm_head.t1.int15i64.v1.pieces.device 18.064723/0x40321091afc04c8c
INT15 amd llama8b.lm_head.t1 1 128256 4096 FULL int15i64.v1.pieces 18.0647 18.0002 29.0808 GMAC/s 0x18d3d46aaa413329 not-dispatched(the-column-has-the-unit)
DIGEST price-llama8b.lm_head.t1 int15i64.v1.mma 0x18d3d46aaa413329
PRICE IDENTICAL int15.llama8b.lm_head.t1.int15i64.v1.mma.device 0.60615
   device-bits int15.llama8b.lm_head.t1.int15i64.v1.mma.device 0.60615/0x3fe36594af4f0d84
INT15 amd llama8b.lm_head.t1 1 128256 4096 FULL int15i64.v1.mma 0.6062 0.6000 866.6775 GMAC/s 0x18d3d46aaa413329 dispatched,four-unit-products
DIGEST conv-llama8b.lm_head.t1 convert.int15.quantize.a 0x6707375da9d66f3
PRICE IDENTICAL int15.llama8b.lm_head.t1.convert.int15.quantize.a.device 1.334548
   device-bits int15.llama8b.lm_head.t1.convert.int15.quantize.a.device 1.334548/0x3ff55a4f00ef1349
INT15 amd llama8b.lm_head.t1 1 128256 4096 FULL convert.int15.quantize.a 1.3345 1.3270 0.0031 Gelem/s 0x6707375da9d66f3 per-call
DIGEST conv-llama8b.lm_head.t1 convert.int15.quantize.a.parallel 0x6707375da9d66f3
PRICE IDENTICAL int15.llama8b.lm_head.t1.convert.int15.quantize.a.parallel.device 0.0473
   device-bits int15.llama8b.lm_head.t1.convert.int15.quantize.a.parallel.device 0.0473/0x3fa837b4a2339c0f
INT15 amd llama8b.lm_head.t1 1 128256 4096 FULL convert.int15.quantize.a.parallel 0.0473 0.0469 0.0866 Gelem/s 0x6707375da9d66f3 per-call
DIGEST conv-llama8b.lm_head.t1 convert.int15.planes.a.parallel 0x421b169685b8e06f
PRICE IDENTICAL int15.llama8b.lm_head.t1.convert.int15.planes.a.parallel.device 0.017949
   device-bits int15.llama8b.lm_head.t1.convert.int15.planes.a.parallel.device 0.017949/0x3f926138fffbce42
INT15 amd llama8b.lm_head.t1 1 128256 4096 FULL convert.int15.planes.a.parallel 0.0179 0.0177 0.2282 Gelem/s 0x421b169685b8e06f per-call
DIGEST conv-llama8b.lm_head.t1 convert.int15.split.a 0x421b169685b8e06f
PRICE IDENTICAL int15.llama8b.lm_head.t1.convert.int15.split.a.device 0.01662
   device-bits int15.llama8b.lm_head.t1.convert.int15.split.a.device 0.01662/0x3f9104d551d68c69
INT15 amd llama8b.lm_head.t1 1 128256 4096 FULL convert.int15.split.a 0.0166 0.0160 0.2465 Gelem/s 0x421b169685b8e06f per-call
DIGEST conv-llama8b.lm_head.t1 convert.int15.quantize.b 0x504628acd6e3fdcd
PRICE IDENTICAL int15.llama8b.lm_head.t1.convert.int15.quantize.b.device 16.192207
   device-bits int15.llama8b.lm_head.t1.convert.int15.quantize.b.device 16.192207/0x403031347a5b0ff1
INT15 amd llama8b.lm_head.t1 1 128256 4096 FULL convert.int15.quantize.b 16.1922 15.8798 32.4438 Gelem/s 0x504628acd6e3fdcd once-per-weight-at-inference,per-step-at-training
DIGEST conv-llama8b.lm_head.t1 convert.int15.quantize.b.parallel 0x504628acd6e3fdcd
PRICE IDENTICAL int15.llama8b.lm_head.t1.convert.int15.quantize.b.parallel.device 10.473379
   device-bits int15.llama8b.lm_head.t1.convert.int15.quantize.b.parallel.device 10.473379/0x4024f25ebb7739f3
INT15 amd llama8b.lm_head.t1 1 128256 4096 FULL convert.int15.quantize.b.parallel 10.4734 10.4228 50.1592 Gelem/s 0x504628acd6e3fdcd once-per-weight-at-inference,per-step-at-training
DIGEST conv-llama8b.lm_head.t1 convert.int15.planes.b.parallel 0x36f96c5bbb978213
PRICE IDENTICAL int15.llama8b.lm_head.t1.convert.int15.planes.b.parallel.device 4.578181
   device-bits int15.llama8b.lm_head.t1.convert.int15.planes.b.parallel.device 4.578181/0x4012500eae18ac9f
INT15 amd llama8b.lm_head.t1 1 128256 4096 FULL convert.int15.planes.b.parallel 4.5782 4.5303 114.7479 Gelem/s 0x36f96c5bbb978213 once-per-weight-at-inference,per-step-at-training
DIGEST conv-llama8b.lm_head.t1 convert.int15.split.b 0x36f96c5bbb978213
PRICE IDENTICAL int15.llama8b.lm_head.t1.convert.int15.split.b.device 1.010337
   device-bits int15.llama8b.lm_head.t1.convert.int15.split.b.device 1.010337/0x3ff02a57214f0521
INT15 amd llama8b.lm_head.t1 1 128256 4096 FULL convert.int15.split.b 1.0103 1.0090 519.9617 Gelem/s 0x36f96c5bbb978213 once-per-weight-at-inference,per-step-at-training
DIGEST price-llama8b.lm_head.t1 inference.int15i64.v1.planes 0x18d3d46aaa413329
PRICE IDENTICAL int15.llama8b.lm_head.t1.inference.int15i64.v1.planes.device 0.604298
   device-bits int15.llama8b.lm_head.t1.inference.int15i64.v1.planes.device 0.604298/0x3fe35668c2613900
INT15 amd llama8b.lm_head.t1 1 128256 4096 FULL inference.int15i64.v1.planes 0.6043 0.6013 869.3336 GMAC/s 0x18d3d46aaa413329 planes.a.parallel+product
DIGEST price-llama8b.lm_head.t1 inference.int15i64.v1.codes 0x18d3d46aaa413329
PRICE IDENTICAL int15.llama8b.lm_head.t1.inference.int15i64.v1.codes.device 1.657157
   device-bits int15.llama8b.lm_head.t1.inference.int15i64.v1.codes.device 1.657157/0x3ffa83b70ef56649
INT15 amd llama8b.lm_head.t1 1 128256 4096 FULL inference.int15i64.v1.codes 1.6572 1.6298 317.0107 GMAC/s 0x18d3d46aaa413329 quantize.a.parallel+split.a+split.b+product
DIGEST price-llama8b.lm_head.t1 inference.int15i64.v1.planes.rowquant 0x18d3d46aaa413329
PRICE IDENTICAL int15.llama8b.lm_head.t1.inference.int15i64.v1.planes.rowquant.device 1.920506
   device-bits int15.llama8b.lm_head.t1.inference.int15i64.v1.planes.rowquant.device 1.920506/0x3ffeba647fdc5932
INT15 amd llama8b.lm_head.t1 1 128256 4096 FULL inference.int15i64.v1.planes.rowquant 1.9205 1.9149 273.5407 GMAC/s 0x18d3d46aaa413329 quantize.a+split.a+product
DIGEST price-llama8b.lm_head.t1 training.int15i64.v1.planes 0x18d3d46aaa413329
PRICE IDENTICAL int15.llama8b.lm_head.t1.training.int15i64.v1.planes.device 5.102589
   device-bits int15.llama8b.lm_head.t1.training.int15i64.v1.planes.device 5.102589/0x4014690d173fb7a6
INT15 amd llama8b.lm_head.t1 1 128256 4096 FULL training.int15i64.v1.planes 5.1026 5.1000 102.9549 GMAC/s 0x18d3d46aaa413329 planes.a.parallel+planes.b.parallel+product
DIGEST price-llama8b.lm_head.t1 training.int15i64.v1.codes 0x18d3d46aaa413329
PRICE IDENTICAL int15.llama8b.lm_head.t1.training.int15i64.v1.codes.device 12.267836
   device-bits int15.llama8b.lm_head.t1.training.int15i64.v1.codes.device 12.267836/0x40288921ccd96207
INT15 amd llama8b.lm_head.t1 1 128256 4096 FULL training.int15i64.v1.codes 12.2678 12.0604 42.8223 GMAC/s 0x18d3d46aaa413329 quantize.a.parallel+quantize.b.parallel+split.a+split.b+product
DIGEST price-llama8b.lm_head.t1 training.int15i64.v1.planes.rowquant 0x18d3d46aaa413329
PRICE IDENTICAL int15.llama8b.lm_head.t1.training.int15i64.v1.planes.rowquant.device 18.906012
   device-bits int15.llama8b.lm_head.t1.training.int15i64.v1.planes.rowquant.device 18.906012/0x4032e7f06705c897
INT15 amd llama8b.lm_head.t1 1 128256 4096 FULL training.int15i64.v1.planes.rowquant 18.9060 18.7619 27.7867 GMAC/s 0x18d3d46aaa413329 quantize.a+quantize.b+split.a+split.b+product
INT15-NOT-RUN amd llama8b.lm_head.t1 int15i64.v1.apple.two this-column-is-not-apple
INT15-NOT-RUN amd llama8b.lm_head.t1 int15i64.v1.apple.four this-column-is-not-apple
INT15-NOT-RUN amd llama8b.lm_head.t1 inference.int15i64.v1.apple.two this-column-is-not-apple
INT15-NOT-RUN amd llama8b.lm_head.t1 inference.int15i64.v1.apple.four this-column-is-not-apple
INT15-NOT-RUN amd llama8b.lm_head.t1 training.int15i64.v1.apple.two this-column-is-not-apple
INT15-NOT-RUN amd llama8b.lm_head.t1 training.int15i64.v1.apple.four this-column-is-not-apple
DIGEST price-llama8b.lm_head.t1 int15i64.v1.tuned 0x18d3d46aaa413329
PRICE IDENTICAL int15.llama8b.lm_head.t1.int15i64.v1.tuned.device 0.336529
   device-bits int15.llama8b.lm_head.t1.int15i64.v1.tuned.device 0.336529/0x3fd589b0ee49f517
INT15 amd llama8b.lm_head.t1 1 128256 4096 FULL int15i64.v1.tuned 0.3365 0.3349 1561.0440 GMAC/s 0x18d3d46aaa413329 not-dispatched,four-products-one-staging,epilogue-at-the-store
DIGEST price-llama8b.lm_head.t1 inference.int15i64.v1.tuned 0x18d3d46aaa413329
PRICE IDENTICAL int15.llama8b.lm_head.t1.inference.int15i64.v1.tuned.device 0.34996
   device-bits int15.llama8b.lm_head.t1.inference.int15i64.v1.tuned.device 0.34996/0x3fd665bea0ba1f4b
INT15 amd llama8b.lm_head.t1 1 128256 4096 FULL inference.int15i64.v1.tuned 0.3500 0.3466 1501.1332 GMAC/s 0x18d3d46aaa413329 planes.a.parallel+four-products-one-staging,epilogue-at-the-store
DIGEST price-llama8b.lm_head.t1 training.int15i64.v1.tuned 0x18d3d46aaa413329
PRICE IDENTICAL int15.llama8b.lm_head.t1.training.int15i64.v1.tuned.device 4.80493
   device-bits int15.llama8b.lm_head.t1.training.int15i64.v1.tuned.device 4.80493/0x4013383f91e646f1
INT15 amd llama8b.lm_head.t1 1 128256 4096 FULL training.int15i64.v1.tuned 4.8049 4.7959 109.3328 GMAC/s 0x18d3d46aaa413329 planes.a.parallel+planes.b.parallel+four-products-one-staging,epilogue-at-the-store
DIGEST price-llama8b.lm_head.t1 int15i64.v1.tuned.two_launch 0x18d3d46aaa413329
PRICE IDENTICAL int15.llama8b.lm_head.t1.int15i64.v1.tuned.two_launch.device 0.505589
   device-bits int15.llama8b.lm_head.t1.int15i64.v1.tuned.two_launch.device 0.505589/0x3fe02dc8fb86f47b
INT15 amd llama8b.lm_head.t1 1 128256 4096 FULL int15i64.v1.tuned.two_launch 0.5056 0.5022 1039.0586 GMAC/s 0x18d3d46aaa413329 not-dispatched,four-products-one-staging+epilogue-launch
DIGEST price-llama8b.lm_head.t1 inference.int15i64.v1.tuned.two_launch 0x18d3d46aaa413329
PRICE IDENTICAL int15.llama8b.lm_head.t1.inference.int15i64.v1.tuned.two_launch.device 0.51722
   device-bits int15.llama8b.lm_head.t1.inference.int15i64.v1.tuned.two_launch.device 0.51722/0x3fe08d10f51ac9b0
INT15 amd llama8b.lm_head.t1 1 128256 4096 FULL inference.int15i64.v1.tuned.two_launch 0.5172 0.5119 1015.6927 GMAC/s 0x18d3d46aaa413329 planes.a.parallel+four-products-one-staging+epilogue-launch
DIGEST price-llama8b.lm_head.t1 training.int15i64.v1.tuned.two_launch 0x18d3d46aaa413329
PRICE IDENTICAL int15.llama8b.lm_head.t1.training.int15i64.v1.tuned.two_launch.device 5.00361
   device-bits int15.llama8b.lm_head.t1.training.int15i64.v1.tuned.two_launch.device 5.00361/0x401403b256ffc116
INT15 amd llama8b.lm_head.t1 1 128256 4096 FULL training.int15i64.v1.tuned.two_launch 5.0036 4.9983 104.9915 GMAC/s 0x18d3d46aaa413329 planes.a.parallel+planes.b.parallel+four-products-one-staging+epilogue-launch

== llama8b.lm_head.t8  m=8 n=128256 k=4096  FULL  fp32 plan: SPLIT 8x64 reg1x2 KS=16 leaves on grid.y -> workspace -> fold (block per cell <= 16384, else register stack) tpb=256 hwftz=False (256 thr, 2-D grid, no swizzle)
DIGEST fp32-llama8b.lm_head.t8 fp32.v1 0x3ebab59d0da21444
PRICE IDENTICAL int15.llama8b.lm_head.t8.fp32.v1.device 1.368857
   device-bits int15.llama8b.lm_head.t8.fp32.v1.device 1.368857/0x3ff5e6d698fe6927
INT15 amd llama8b.lm_head.t8 8 128256 4096 FULL fp32.v1 1.3689 1.3621 3070.2203 GMAC/s 0x3ebab59d0da21444 OP_NT,plan=14
DIGEST price-llama8b.lm_head.t8 int15i64.v1.flat 0x4a40a5e39d7bbdce
PRICE IDENTICAL int15.llama8b.lm_head.t8.int15i64.v1.flat.device 40.567139
   device-bits int15.llama8b.lm_head.t8.int15i64.v1.flat.device 40.567139/0x4044489802c0a4a0
INT15 amd llama8b.lm_head.t8 8 128256 4096 FULL int15i64.v1.flat 40.5671 39.9979 103.5984 GMAC/s 0x4a40a5e39d7bbdce not-dispatched(the-column-has-the-unit)
DIGEST price-llama8b.lm_head.t8 int15i64.v1.pieces 0x4a40a5e39d7bbdce
PRICE IDENTICAL int15.llama8b.lm_head.t8.int15i64.v1.pieces.device 120.923487
   device-bits int15.llama8b.lm_head.t8.int15i64.v1.pieces.device 120.923487/0x405e3b1a6937d1fe
INT15 amd llama8b.lm_head.t8 8 128256 4096 FULL int15i64.v1.pieces 120.9235 115.7912 34.7550 GMAC/s 0x4a40a5e39d7bbdce not-dispatched(the-column-has-the-unit)
DIGEST price-llama8b.lm_head.t8 int15i64.v1.mma 0x4a40a5e39d7bbdce
PRICE IDENTICAL int15.llama8b.lm_head.t8.int15i64.v1.mma.device 0.707789
   device-bits int15.llama8b.lm_head.t8.int15i64.v1.mma.device 0.707789/0x3fe6a6351deefe50
INT15 amd llama8b.lm_head.t8 8 128256 4096 FULL int15i64.v1.mma 0.7078 0.7039 5937.7761 GMAC/s 0x4a40a5e39d7bbdce dispatched,four-unit-products
DIGEST conv-llama8b.lm_head.t8 convert.int15.quantize.a 0x2f87955adcc70c86
PRICE IDENTICAL int15.llama8b.lm_head.t8.convert.int15.quantize.a.device 1.421657
   device-bits int15.llama8b.lm_head.t8.convert.int15.quantize.a.device 1.421657/0x3ff6bf1b69121251
INT15 amd llama8b.lm_head.t8 8 128256 4096 FULL convert.int15.quantize.a 1.4217 1.4121 0.0230 Gelem/s 0x2f87955adcc70c86 per-call
DIGEST conv-llama8b.lm_head.t8 convert.int15.quantize.a.parallel 0x2f87955adcc70c86
PRICE IDENTICAL int15.llama8b.lm_head.t8.convert.int15.quantize.a.parallel.device 0.077179
   device-bits int15.llama8b.lm_head.t8.convert.int15.quantize.a.parallel.device 0.077179/0x3fb3c200c0f01fb8
INT15 amd llama8b.lm_head.t8 8 128256 4096 FULL convert.int15.quantize.a.parallel 0.0772 0.0759 0.4246 Gelem/s 0x2f87955adcc70c86 per-call
DIGEST conv-llama8b.lm_head.t8 convert.int15.planes.a.parallel 0x3d2b9462e8adae61
PRICE IDENTICAL int15.llama8b.lm_head.t8.convert.int15.planes.a.parallel.device 0.023151
   device-bits int15.llama8b.lm_head.t8.convert.int15.planes.a.parallel.device 0.023151/0x3f97b4e54f7a9197
INT15 amd llama8b.lm_head.t8 8 128256 4096 FULL convert.int15.planes.a.parallel 0.0232 0.0208 1.4154 Gelem/s 0x3d2b9462e8adae61 per-call
DIGEST conv-llama8b.lm_head.t8 convert.int15.split.a 0x3d2b9462e8adae61
PRICE IDENTICAL int15.llama8b.lm_head.t8.convert.int15.split.a.device 0.01809
   device-bits int15.llama8b.lm_head.t8.convert.int15.split.a.device 0.01809/0x3f92862f5989df11
INT15 amd llama8b.lm_head.t8 8 128256 4096 FULL convert.int15.split.a 0.0181 0.0178 1.8114 Gelem/s 0x3d2b9462e8adae61 per-call
DIGEST conv-llama8b.lm_head.t8 convert.int15.quantize.b 0xbbc8066c3f80c566
PRICE IDENTICAL int15.llama8b.lm_head.t8.convert.int15.quantize.b.device 16.765367
   device-bits int15.llama8b.lm_head.t8.convert.int15.quantize.b.device 16.765367/0x4030c3ef177a7009
INT15 amd llama8b.lm_head.t8 8 128256 4096 FULL convert.int15.quantize.b 16.7654 16.7150 31.3346 Gelem/s 0xbbc8066c3f80c566 once-per-weight-at-inference,per-step-at-training
DIGEST conv-llama8b.lm_head.t8 convert.int15.quantize.b.parallel 0xbbc8066c3f80c566
PRICE IDENTICAL int15.llama8b.lm_head.t8.convert.int15.quantize.b.parallel.device 10.528289
   device-bits int15.llama8b.lm_head.t8.convert.int15.quantize.b.parallel.device 10.528289/0x40250e7be553ac4f
INT15 amd llama8b.lm_head.t8 8 128256 4096 FULL convert.int15.quantize.b.parallel 10.5283 10.4238 49.8976 Gelem/s 0xbbc8066c3f80c566 once-per-weight-at-inference,per-step-at-training
DIGEST conv-llama8b.lm_head.t8 convert.int15.planes.b.parallel 0x2e7c3b24b2073f13
PRICE IDENTICAL int15.llama8b.lm_head.t8.convert.int15.planes.b.parallel.device 4.57693
   device-bits int15.llama8b.lm_head.t8.convert.int15.planes.b.parallel.device 4.57693/0x40124ec6bce8533b
INT15 amd llama8b.lm_head.t8 8 128256 4096 FULL convert.int15.planes.b.parallel 4.5769 4.5361 114.7792 Gelem/s 0x2e7c3b24b2073f13 once-per-weight-at-inference,per-step-at-training
DIGEST conv-llama8b.lm_head.t8 convert.int15.split.b 0x2e7c3b24b2073f13
PRICE IDENTICAL int15.llama8b.lm_head.t8.convert.int15.split.b.device 1.006197
   device-bits int15.llama8b.lm_head.t8.convert.int15.split.b.device 1.006197/0x3ff019620685553f
INT15 amd llama8b.lm_head.t8 8 128256 4096 FULL convert.int15.split.b 1.0062 1.0036 522.1011 Gelem/s 0x2e7c3b24b2073f13 once-per-weight-at-inference,per-step-at-training
DIGEST price-llama8b.lm_head.t8 inference.int15i64.v1.planes 0x4a40a5e39d7bbdce
PRICE IDENTICAL int15.llama8b.lm_head.t8.inference.int15i64.v1.planes.device 0.684469
   device-bits int15.llama8b.lm_head.t8.inference.int15i64.v1.planes.device 0.684469/0x3fe5e72b884406c0
INT15 amd llama8b.lm_head.t8 8 128256 4096 FULL inference.int15i64.v1.planes 0.6845 0.6804 6140.0774 GMAC/s 0x4a40a5e39d7bbdce planes.a.parallel+product
DIGEST price-llama8b.lm_head.t8 inference.int15i64.v1.codes 0x4a40a5e39d7bbdce
PRICE IDENTICAL int15.llama8b.lm_head.t8.inference.int15i64.v1.codes.device 1.804047
   device-bits int15.llama8b.lm_head.t8.inference.int15i64.v1.codes.device 1.804047/0x3ffcdd606317268d
INT15 amd llama8b.lm_head.t8 8 128256 4096 FULL inference.int15i64.v1.codes 1.8040 1.7681 2329.5915 GMAC/s 0x4a40a5e39d7bbdce quantize.a.parallel+split.a+split.b+product
DIGEST price-llama8b.lm_head.t8 inference.int15i64.v1.planes.rowquant 0x4a40a5e39d7bbdce
PRICE IDENTICAL int15.llama8b.lm_head.t8.inference.int15i64.v1.planes.rowquant.device 2.093036
   device-bits int15.llama8b.lm_head.t8.inference.int15i64.v1.planes.rowquant.device 2.093036/0x4000be89a88ace25
INT15 amd llama8b.lm_head.t8 8 128256 4096 FULL inference.int15i64.v1.planes.rowquant 2.0930 2.0676 2007.9409 GMAC/s 0x4a40a5e39d7bbdce quantize.a+split.a+product
DIGEST price-llama8b.lm_head.t8 training.int15i64.v1.planes 0x4a40a5e39d7bbdce
PRICE IDENTICAL int15.llama8b.lm_head.t8.training.int15i64.v1.planes.device 5.178329
   device-bits int15.llama8b.lm_head.t8.training.int15i64.v1.planes.device 5.178329/0x4014b69be09bb6aa
INT15 amd llama8b.lm_head.t8 8 128256 4096 FULL training.int15i64.v1.planes 5.1783 5.1740 811.5924 GMAC/s 0x4a40a5e39d7bbdce planes.a.parallel+planes.b.parallel+product
DIGEST price-llama8b.lm_head.t8 training.int15i64.v1.codes 0x4a40a5e39d7bbdce
PRICE IDENTICAL int15.llama8b.lm_head.t8.training.int15i64.v1.codes.device 12.458126
   device-bits int15.llama8b.lm_head.t8.training.int15i64.v1.codes.device 12.458126/0x4028ea8f7db6e504
INT15 amd llama8b.lm_head.t8 8 128256 4096 FULL training.int15i64.v1.codes 12.4581 12.3281 337.3455 GMAC/s 0x4a40a5e39d7bbdce quantize.a.parallel+quantize.b.parallel+split.a+split.b+product
DIGEST price-llama8b.lm_head.t8 training.int15i64.v1.planes.rowquant 0x4a40a5e39d7bbdce
PRICE IDENTICAL int15.llama8b.lm_head.t8.training.int15i64.v1.planes.rowquant.device 19.548091
   device-bits int15.llama8b.lm_head.t8.training.int15i64.v1.planes.rowquant.device 19.548091/0x40338c4fb1183b60
INT15 amd llama8b.lm_head.t8 8 128256 4096 FULL training.int15i64.v1.planes.rowquant 19.5481 19.3198 214.9925 GMAC/s 0x4a40a5e39d7bbdce quantize.a+quantize.b+split.a+split.b+product
INT15-NOT-RUN amd llama8b.lm_head.t8 int15i64.v1.apple.two this-column-is-not-apple
INT15-NOT-RUN amd llama8b.lm_head.t8 int15i64.v1.apple.four this-column-is-not-apple
INT15-NOT-RUN amd llama8b.lm_head.t8 inference.int15i64.v1.apple.two this-column-is-not-apple
INT15-NOT-RUN amd llama8b.lm_head.t8 inference.int15i64.v1.apple.four this-column-is-not-apple
INT15-NOT-RUN amd llama8b.lm_head.t8 training.int15i64.v1.apple.two this-column-is-not-apple
INT15-NOT-RUN amd llama8b.lm_head.t8 training.int15i64.v1.apple.four this-column-is-not-apple
DIGEST price-llama8b.lm_head.t8 int15i64.v1.tuned 0x4a40a5e39d7bbdce
PRICE IDENTICAL int15.llama8b.lm_head.t8.int15i64.v1.tuned.device 0.388609
   device-bits int15.llama8b.lm_head.t8.int15i64.v1.tuned.device 0.388609/0x3fd8def8487b99d4
INT15 amd llama8b.lm_head.t8 8 128256 4096 FULL int15i64.v1.tuned 0.3886 0.3834 10814.7073 GMAC/s 0x4a40a5e39d7bbdce not-dispatched,four-products-one-staging,epilogue-at-the-store
DIGEST price-llama8b.lm_head.t8 inference.int15i64.v1.tuned 0x4a40a5e39d7bbdce
PRICE IDENTICAL int15.llama8b.lm_head.t8.inference.int15i64.v1.tuned.device 0.38601
   device-bits int15.llama8b.lm_head.t8.inference.int15i64.v1.tuned.device 0.38601/0x3fd8b463497b7415
INT15 amd llama8b.lm_head.t8 8 128256 4096 FULL inference.int15i64.v1.tuned 0.3860 0.3771 10887.5226 GMAC/s 0x4a40a5e39d7bbdce planes.a.parallel+four-products-one-staging,epilogue-at-the-store
DIGEST price-llama8b.lm_head.t8 training.int15i64.v1.tuned 0x4a40a5e39d7bbdce
PRICE IDENTICAL int15.llama8b.lm_head.t8.training.int15i64.v1.tuned.device 4.835711
   device-bits int15.llama8b.lm_head.t8.training.int15i64.v1.tuned.device 4.835711/0x401357c49fd7a13c
INT15 amd llama8b.lm_head.t8 8 128256 4096 FULL training.int15i64.v1.tuned 4.8357 4.8335 869.0951 GMAC/s 0x4a40a5e39d7bbdce planes.a.parallel+planes.b.parallel+four-products-one-staging,epilogue-at-the-store
DIGEST price-llama8b.lm_head.t8 int15i64.v1.tuned.two_launch 0x4a40a5e39d7bbdce
PRICE IDENTICAL int15.llama8b.lm_head.t8.int15i64.v1.tuned.two_launch.device 0.493289
   device-bits int15.llama8b.lm_head.t8.int15i64.v1.tuned.two_launch.device 0.493289/0x3fdf920c069e7fb2
INT15 amd llama8b.lm_head.t8 8 128256 4096 FULL int15i64.v1.tuned.two_launch 0.4933 0.4894 8519.7371 GMAC/s 0x4a40a5e39d7bbdce not-dispatched,four-products-one-staging+epilogue-launch
DIGEST price-llama8b.lm_head.t8 inference.int15i64.v1.tuned.two_launch 0x4a40a5e39d7bbdce
PRICE IDENTICAL int15.llama8b.lm_head.t8.inference.int15i64.v1.tuned.two_launch.device 0.507469
   device-bits int15.llama8b.lm_head.t8.inference.int15i64.v1.tuned.two_launch.device 0.507469/0x3fe03d2fa0d77b7c
INT15 amd llama8b.lm_head.t8 8 128256 4096 FULL inference.int15i64.v1.tuned.two_launch 0.5075 0.5011 8281.6736 GMAC/s 0x4a40a5e39d7bbdce planes.a.parallel+four-products-one-staging+epilogue-launch
DIGEST price-llama8b.lm_head.t8 training.int15i64.v1.tuned.two_launch 0x4a40a5e39d7bbdce
PRICE IDENTICAL int15.llama8b.lm_head.t8.training.int15i64.v1.tuned.two_launch.device 5.030409
   device-bits int15.llama8b.lm_head.t8.training.int15i64.v1.tuned.two_launch.device 5.030409/0x40141f2389720429
INT15 amd llama8b.lm_head.t8 8 128256 4096 FULL training.int15i64.v1.tuned.two_launch 5.0304 4.9969 835.4574 GMAC/s 0x4a40a5e39d7bbdce planes.a.parallel+planes.b.parallel+four-products-one-staging+epilogue-launch

== llama8b.lm_head.t512  m=512 n=16032 k=4096  CAPPED  fp32 plan: TUNED 128x128 reg8x8 KS=16 fold=16 local tpb=256 hwftz=False (1-D grid, no swizzle)
DIGEST fp32-llama8b.lm_head.t512 fp32.v1 0x84fd143bb625cf70
PRICE IDENTICAL int15.llama8b.lm_head.t512.fp32.v1.device 2.652135
   device-bits int15.llama8b.lm_head.t512.fp32.v1.device 2.652135/0x400537928e0c9d9d
INT15 amd llama8b.lm_head.t512 512 16032 4096 CAPPED fp32.v1 2.6521 2.6327 12677.1604 GMAC/s 0x84fd143bb625cf70 OP_NT,plan=10
DIGEST price-llama8b.lm_head.t512 int15i64.v1.flat 0x60f6165f74f17867
PRICE IDENTICAL int15.llama8b.lm_head.t512.int15i64.v1.flat.device 256.978696
   device-bits int15.llama8b.lm_head.t512.int15i64.v1.flat.device 256.978696/0x40700fa8bd230b9e
INT15 amd llama8b.lm_head.t512 512 16032 4096 CAPPED int15i64.v1.flat 256.9787 255.8486 130.8340 GMAC/s 0x60f6165f74f17867 not-dispatched(the-column-has-the-unit)
DIGEST price-llama8b.lm_head.t512 int15i64.v1.pieces 0x60f6165f74f17867
PRICE IDENTICAL int15.llama8b.lm_head.t512.int15i64.v1.pieces.device 703.985632
   device-bits int15.llama8b.lm_head.t512.int15i64.v1.pieces.device 703.985632/0x4085ffe29307af21
INT15 amd llama8b.lm_head.t512 512 16032 4096 CAPPED int15i64.v1.pieces 703.9856 703.1536 47.7588 GMAC/s 0x60f6165f74f17867 not-dispatched(the-column-has-the-unit)
DIGEST price-llama8b.lm_head.t512 int15i64.v1.mma 0x60f6165f74f17867
PRICE IDENTICAL int15.llama8b.lm_head.t512.int15i64.v1.mma.device 2.106727
   device-bits int15.llama8b.lm_head.t512.int15i64.v1.mma.device 2.106727/0x4000da93af74cd31
INT15 amd llama8b.lm_head.t512 512 16032 4096 CAPPED int15i64.v1.mma 2.1067 2.0877 15959.1351 GMAC/s 0x60f6165f74f17867 dispatched,four-unit-products
DIGEST conv-llama8b.lm_head.t512 convert.int15.quantize.a 0xbae59394889813d4
PRICE IDENTICAL int15.llama8b.lm_head.t512.convert.int15.quantize.a.device 3.924992
   device-bits int15.llama8b.lm_head.t512.convert.int15.quantize.a.device 3.924992/0x400f666234a87e39
INT15 amd llama8b.lm_head.t512 512 16032 4096 CAPPED convert.int15.quantize.a 3.9250 3.8636 0.5343 Gelem/s 0xbae59394889813d4 per-call
DIGEST conv-llama8b.lm_head.t512 convert.int15.quantize.a.parallel 0xbae59394889813d4
PRICE IDENTICAL int15.llama8b.lm_head.t512.convert.int15.quantize.a.parallel.device 0.10137
   device-bits int15.llama8b.lm_head.t512.convert.int15.quantize.a.parallel.device 0.10137/0x3fb9f36262cba733
INT15 amd llama8b.lm_head.t512 512 16032 4096 CAPPED convert.int15.quantize.a.parallel 0.1014 0.0993 20.6881 Gelem/s 0xbae59394889813d4 per-call
DIGEST conv-llama8b.lm_head.t512 convert.int15.planes.a.parallel 0x8e302e8f2144f554
PRICE IDENTICAL int15.llama8b.lm_head.t512.convert.int15.planes.a.parallel.device 0.03115
   device-bits int15.llama8b.lm_head.t512.convert.int15.planes.a.parallel.device 0.03115/0x3f9fe5c91d14e3bd
INT15 amd llama8b.lm_head.t512 512 16032 4096 CAPPED convert.int15.planes.a.parallel 0.0312 0.0301 67.3243 Gelem/s 0x8e302e8f2144f554 per-call
DIGEST conv-llama8b.lm_head.t512 convert.int15.split.a 0x8e302e8f2144f554
PRICE IDENTICAL int15.llama8b.lm_head.t512.convert.int15.split.a.device 0.02196
   device-bits int15.llama8b.lm_head.t512.convert.int15.split.a.device 0.02196/0x3f967caea747d806
INT15 amd llama8b.lm_head.t512 512 16032 4096 CAPPED convert.int15.split.a 0.0220 0.0199 95.4987 Gelem/s 0x8e302e8f2144f554 per-call
DIGEST conv-llama8b.lm_head.t512 convert.int15.quantize.b 0xc8dab253643ca495
PRICE IDENTICAL int15.llama8b.lm_head.t512.convert.int15.quantize.b.device 4.292932
   device-bits int15.llama8b.lm_head.t512.convert.int15.quantize.b.device 4.292932/0x40112bf65dbfceb8
INT15 amd llama8b.lm_head.t512 512 16032 4096 CAPPED convert.int15.quantize.b 4.2929 4.2585 15.2966 Gelem/s 0xc8dab253643ca495 once-per-weight-at-inference,per-step-at-training
DIGEST conv-llama8b.lm_head.t512 convert.int15.quantize.b.parallel 0xc8dab253643ca495
PRICE IDENTICAL int15.llama8b.lm_head.t512.convert.int15.quantize.b.parallel.device 1.613766
   device-bits int15.llama8b.lm_head.t512.convert.int15.quantize.b.parallel.device 1.613766/0x3ff9d1fc4c165908
INT15 amd llama8b.lm_head.t512 512 16032 4096 CAPPED convert.int15.quantize.b.parallel 1.6138 1.5904 40.6918 Gelem/s 0xc8dab253643ca495 once-per-weight-at-inference,per-step-at-training
DIGEST conv-llama8b.lm_head.t512 convert.int15.planes.b.parallel 0x856f7302c953e00d
PRICE IDENTICAL int15.llama8b.lm_head.t512.convert.int15.planes.b.parallel.device 0.575979
   device-bits int15.llama8b.lm_head.t512.convert.int15.planes.b.parallel.device 0.575979/0x3fe26e6b8305d95e
INT15 amd llama8b.lm_head.t512 512 16032 4096 CAPPED convert.int15.planes.b.parallel 0.5760 0.5715 114.0095 Gelem/s 0x856f7302c953e00d once-per-weight-at-inference,per-step-at-training
DIGEST conv-llama8b.lm_head.t512 convert.int15.split.b 0x856f7302c953e00d
PRICE IDENTICAL int15.llama8b.lm_head.t512.convert.int15.split.b.device 0.140059
   device-bits int15.llama8b.lm_head.t512.convert.int15.split.b.device 0.140059/0x3fc1ed740c4156e2
INT15 amd llama8b.lm_head.t512 512 16032 4096 CAPPED convert.int15.split.b 0.1401 0.1369 468.8529 Gelem/s 0x856f7302c953e00d once-per-weight-at-inference,per-step-at-training
DIGEST price-llama8b.lm_head.t512 inference.int15i64.v1.planes 0x60f6165f74f17867
PRICE IDENTICAL int15.llama8b.lm_head.t512.inference.int15i64.v1.planes.device 2.155126
   device-bits int15.llama8b.lm_head.t512.inference.int15i64.v1.planes.device 2.155126/0x40013db2b346130a
INT15 amd llama8b.lm_head.t512 512 16032 4096 CAPPED inference.int15i64.v1.planes 2.1551 2.1420 15600.7309 GMAC/s 0x60f6165f74f17867 planes.a.parallel+product
DIGEST price-llama8b.lm_head.t512 inference.int15i64.v1.codes 0x60f6165f74f17867
PRICE IDENTICAL int15.llama8b.lm_head.t512.inference.int15i64.v1.codes.device 2.271046
   device-bits int15.llama8b.lm_head.t512.inference.int15i64.v1.codes.device 2.271046/0x40022b1a2a4db164
INT15 amd llama8b.lm_head.t512 512 16032 4096 CAPPED inference.int15i64.v1.codes 2.2710 2.2581 14804.4297 GMAC/s 0x60f6165f74f17867 quantize.a.parallel+split.a+split.b+product
DIGEST price-llama8b.lm_head.t512 inference.int15i64.v1.planes.rowquant 0x60f6165f74f17867
PRICE IDENTICAL int15.llama8b.lm_head.t512.inference.int15i64.v1.planes.rowquant.device 6.001079
   device-bits int15.llama8b.lm_head.t512.inference.int15i64.v1.planes.rowquant.device 6.001079/0x4018011ada76d97b
INT15 amd llama8b.lm_head.t512 512 16032 4096 CAPPED inference.int15i64.v1.planes.rowquant 6.0011 5.8877 5602.5826 GMAC/s 0x60f6165f74f17867 quantize.a+split.a+product
DIGEST price-llama8b.lm_head.t512 training.int15i64.v1.planes 0x60f6165f74f17867
PRICE IDENTICAL int15.llama8b.lm_head.t512.training.int15i64.v1.planes.device 2.648384
   device-bits int15.llama8b.lm_head.t512.training.int15i64.v1.planes.device 2.648384/0x40052fe3f359ff50
INT15 amd llama8b.lm_head.t512 512 16032 4096 CAPPED training.int15i64.v1.planes 2.6484 2.6370 12695.1155 GMAC/s 0x60f6165f74f17867 planes.a.parallel+planes.b.parallel+product
DIGEST price-llama8b.lm_head.t512 training.int15i64.v1.codes 0x60f6165f74f17867
PRICE IDENTICAL int15.llama8b.lm_head.t512.training.int15i64.v1.codes.device 3.757402
   device-bits int15.llama8b.lm_head.t512.training.int15i64.v1.codes.device 3.757402/0x400e0f28c79f6662
INT15 amd llama8b.lm_head.t512 512 16032 4096 CAPPED training.int15i64.v1.codes 3.7574 3.7469 8948.0819 GMAC/s 0x60f6165f74f17867 quantize.a.parallel+quantize.b.parallel+split.a+split.b+product
DIGEST price-llama8b.lm_head.t512 training.int15i64.v1.planes.rowquant 0x60f6165f74f17867
PRICE IDENTICAL int15.llama8b.lm_head.t512.training.int15i64.v1.planes.rowquant.device 10.513679
   device-bits int15.llama8b.lm_head.t512.training.int15i64.v1.planes.rowquant.device 10.513679/0x40250700ef1348b2
INT15 amd llama8b.lm_head.t512 512 16032 4096 CAPPED training.int15i64.v1.planes.rowquant 10.5137 10.3967 3197.8854 GMAC/s 0x60f6165f74f17867 quantize.a+quantize.b+split.a+split.b+product
INT15-NOT-RUN amd llama8b.lm_head.t512 int15i64.v1.apple.two this-column-is-not-apple
INT15-NOT-RUN amd llama8b.lm_head.t512 int15i64.v1.apple.four this-column-is-not-apple
INT15-NOT-RUN amd llama8b.lm_head.t512 inference.int15i64.v1.apple.two this-column-is-not-apple
INT15-NOT-RUN amd llama8b.lm_head.t512 inference.int15i64.v1.apple.four this-column-is-not-apple
INT15-NOT-RUN amd llama8b.lm_head.t512 training.int15i64.v1.apple.two this-column-is-not-apple
INT15-NOT-RUN amd llama8b.lm_head.t512 training.int15i64.v1.apple.four this-column-is-not-apple
DIGEST price-llama8b.lm_head.t512 int15i64.v1.tuned 0x60f6165f74f17867
PRICE IDENTICAL int15.llama8b.lm_head.t512.int15i64.v1.tuned.device 0.438109
   device-bits int15.llama8b.lm_head.t512.int15i64.v1.tuned.device 0.438109/0x3fdc09fa54c55433
INT15 amd llama8b.lm_head.t512 512 16032 4096 CAPPED int15i64.v1.tuned 0.4381 0.4348 76742.4108 GMAC/s 0x60f6165f74f17867 not-dispatched,four-products-one-staging,epilogue-at-the-store
DIGEST price-llama8b.lm_head.t512 inference.int15i64.v1.tuned 0x60f6165f74f17867
PRICE IDENTICAL int15.llama8b.lm_head.t512.inference.int15i64.v1.tuned.device 0.46991
   device-bits int15.llama8b.lm_head.t512.inference.int15i64.v1.tuned.device 0.46991/0x3fde130164840e17
INT15 amd llama8b.lm_head.t512 512 16032 4096 CAPPED inference.int15i64.v1.tuned 0.4699 0.4638 71548.8942 GMAC/s 0x60f6165f74f17867 planes.a.parallel+four-products-one-staging,epilogue-at-the-store
DIGEST price-llama8b.lm_head.t512 training.int15i64.v1.tuned 0x60f6165f74f17867
PRICE IDENTICAL int15.llama8b.lm_head.t512.training.int15i64.v1.tuned.device 1.028368
   device-bits int15.llama8b.lm_head.t512.training.int15i64.v1.tuned.device 1.028368/0x3ff0743201040bfe
INT15 amd llama8b.lm_head.t512 512 16032 4096 CAPPED training.int15i64.v1.tuned 1.0284 1.0176 32694.0753 GMAC/s 0x60f6165f74f17867 planes.a.parallel+planes.b.parallel+four-products-one-staging,epilogue-at-the-store
DIGEST price-llama8b.lm_head.t512 int15i64.v1.tuned.two_launch 0x60f6165f74f17867
PRICE IDENTICAL int15.llama8b.lm_head.t512.int15i64.v1.tuned.two_launch.device 0.55355
   device-bits int15.llama8b.lm_head.t512.int15i64.v1.tuned.two_launch.device 0.55355/0x3fe1b6ae7d566cf4
INT15 amd llama8b.lm_head.t512 512 16032 4096 CAPPED int15i64.v1.tuned.two_launch 0.5536 0.5507 60738.0379 GMAC/s 0x60f6165f74f17867 not-dispatched,four-products-one-staging+epilogue-launch
DIGEST price-llama8b.lm_head.t512 inference.int15i64.v1.tuned.two_launch 0x60f6165f74f17867
PRICE IDENTICAL int15.llama8b.lm_head.t512.inference.int15i64.v1.tuned.two_launch.device 0.582928
   device-bits int15.llama8b.lm_head.t512.inference.int15i64.v1.tuned.two_launch.device 0.582928/0x3fe2a7589efd86a9
INT15 amd llama8b.lm_head.t512 512 16032 4096 CAPPED inference.int15i64.v1.tuned.two_launch 0.5829 0.5775 57677.0045 GMAC/s 0x60f6165f74f17867 planes.a.parallel+four-products-one-staging+epilogue-launch
DIGEST price-llama8b.lm_head.t512 training.int15i64.v1.tuned.two_launch 0x60f6165f74f17867
PRICE IDENTICAL int15.llama8b.lm_head.t512.training.int15i64.v1.tuned.two_launch.device 1.196887
   device-bits int15.llama8b.lm_head.t512.training.int15i64.v1.tuned.two_launch.device 1.196887/0x3ff32672fba01eef
INT15 amd llama8b.lm_head.t512 512 16032 4096 CAPPED training.int15i64.v1.tuned.two_launch 1.1969 1.1749 28090.8230 GMAC/s 0x60f6165f74f17867 planes.a.parallel+planes.b.parallel+four-products-one-staging+epilogue-launch

== llama8b.lm_head.t512.bwd_dx  m=512 n=512 k=128256  CAPPED  fp32 plan: TUNED 128x128 reg8x8 KS=16 fold=16 local tpb=256 hwftz=False (1-D grid, no swizzle)
DIGEST fp32-llama8b.lm_head.t512.bwd_dx fp32.v1 0xafccdbb3aae1fc36
PRICE IDENTICAL int15.llama8b.lm_head.t512.bwd_dx.fp32.v1.device 3.065444
   device-bits int15.llama8b.lm_head.t512.bwd_dx.fp32.v1.device 3.065444/0x4008860780fdc161
INT15 amd llama8b.lm_head.t512.bwd_dx 512 512 128256 CAPPED fp32.v1 3.0654 3.0554 10967.9188 GMAC/s 0xafccdbb3aae1fc36 OP_NN,plan=10
INT15-NOT-RUN amd llama8b.lm_head.t512.bwd_dx int15i64.v1.flat REFUSED-BY-THE-PROFILE:k=128256>INT15_MAX_K=65536
INT15-NOT-RUN amd llama8b.lm_head.t512.bwd_dx int15i64.v1.pieces REFUSED-BY-THE-PROFILE:k=128256>INT15_MAX_K=65536
INT15-NOT-RUN amd llama8b.lm_head.t512.bwd_dx int15i64.v1.mma REFUSED-BY-THE-PROFILE:k=128256>INT15_MAX_K=65536
INT15-NOT-RUN amd llama8b.lm_head.t512.bwd_dx convert.int15.quantize.a REFUSED-BY-THE-PROFILE:k=128256>INT15_MAX_K=65536
INT15-NOT-RUN amd llama8b.lm_head.t512.bwd_dx convert.int15.quantize.a.parallel REFUSED-BY-THE-PROFILE:k=128256>INT15_MAX_K=65536
INT15-NOT-RUN amd llama8b.lm_head.t512.bwd_dx convert.int15.planes.a.parallel REFUSED-BY-THE-PROFILE:k=128256>INT15_MAX_K=65536
INT15-NOT-RUN amd llama8b.lm_head.t512.bwd_dx convert.int15.split.a REFUSED-BY-THE-PROFILE:k=128256>INT15_MAX_K=65536
INT15-NOT-RUN amd llama8b.lm_head.t512.bwd_dx convert.int15.quantize.b REFUSED-BY-THE-PROFILE:k=128256>INT15_MAX_K=65536
INT15-NOT-RUN amd llama8b.lm_head.t512.bwd_dx convert.int15.quantize.b.parallel REFUSED-BY-THE-PROFILE:k=128256>INT15_MAX_K=65536
INT15-NOT-RUN amd llama8b.lm_head.t512.bwd_dx convert.int15.planes.b.parallel REFUSED-BY-THE-PROFILE:k=128256>INT15_MAX_K=65536
INT15-NOT-RUN amd llama8b.lm_head.t512.bwd_dx convert.int15.split.b REFUSED-BY-THE-PROFILE:k=128256>INT15_MAX_K=65536
INT15-NOT-RUN amd llama8b.lm_head.t512.bwd_dx inference.int15i64.v1.planes REFUSED-BY-THE-PROFILE:k=128256>INT15_MAX_K=65536
INT15-NOT-RUN amd llama8b.lm_head.t512.bwd_dx inference.int15i64.v1.codes REFUSED-BY-THE-PROFILE:k=128256>INT15_MAX_K=65536
INT15-NOT-RUN amd llama8b.lm_head.t512.bwd_dx inference.int15i64.v1.planes.rowquant REFUSED-BY-THE-PROFILE:k=128256>INT15_MAX_K=65536
INT15-NOT-RUN amd llama8b.lm_head.t512.bwd_dx training.int15i64.v1.planes REFUSED-BY-THE-PROFILE:k=128256>INT15_MAX_K=65536
INT15-NOT-RUN amd llama8b.lm_head.t512.bwd_dx training.int15i64.v1.codes REFUSED-BY-THE-PROFILE:k=128256>INT15_MAX_K=65536
INT15-NOT-RUN amd llama8b.lm_head.t512.bwd_dx training.int15i64.v1.planes.rowquant REFUSED-BY-THE-PROFILE:k=128256>INT15_MAX_K=65536
INT15-NOT-RUN amd llama8b.lm_head.t512.bwd_dx int15i64.v1.apple.two REFUSED-BY-THE-PROFILE:k=128256>INT15_MAX_K=65536
INT15-NOT-RUN amd llama8b.lm_head.t512.bwd_dx int15i64.v1.apple.four REFUSED-BY-THE-PROFILE:k=128256>INT15_MAX_K=65536
INT15-NOT-RUN amd llama8b.lm_head.t512.bwd_dx inference.int15i64.v1.apple.two REFUSED-BY-THE-PROFILE:k=128256>INT15_MAX_K=65536
INT15-NOT-RUN amd llama8b.lm_head.t512.bwd_dx inference.int15i64.v1.apple.four REFUSED-BY-THE-PROFILE:k=128256>INT15_MAX_K=65536
INT15-NOT-RUN amd llama8b.lm_head.t512.bwd_dx training.int15i64.v1.apple.two REFUSED-BY-THE-PROFILE:k=128256>INT15_MAX_K=65536
INT15-NOT-RUN amd llama8b.lm_head.t512.bwd_dx training.int15i64.v1.apple.four REFUSED-BY-THE-PROFILE:k=128256>INT15_MAX_K=65536
INT15-NOT-RUN amd llama8b.lm_head.t512.bwd_dx int15i64.v1.tuned REFUSED-BY-THE-PROFILE:k=128256>INT15_MAX_K=65536
INT15-NOT-RUN amd llama8b.lm_head.t512.bwd_dx inference.int15i64.v1.tuned REFUSED-BY-THE-PROFILE:k=128256>INT15_MAX_K=65536
INT15-NOT-RUN amd llama8b.lm_head.t512.bwd_dx training.int15i64.v1.tuned REFUSED-BY-THE-PROFILE:k=128256>INT15_MAX_K=65536
INT15-NOT-RUN amd llama8b.lm_head.t512.bwd_dx int15i64.v1.tuned.two_launch REFUSED-BY-THE-PROFILE:k=128256>INT15_MAX_K=65536
INT15-NOT-RUN amd llama8b.lm_head.t512.bwd_dx inference.int15i64.v1.tuned.two_launch REFUSED-BY-THE-PROFILE:k=128256>INT15_MAX_K=65536
INT15-NOT-RUN amd llama8b.lm_head.t512.bwd_dx training.int15i64.v1.tuned.two_launch REFUSED-BY-THE-PROFILE:k=128256>INT15_MAX_K=65536

== llama8b.lm_head.t512.bwd_dw  m=16032 n=4096 k=512  CAPPED  fp32 plan: TUNED 128x128 reg8x8 KS=16 fold=16 local tpb=256 hwftz=False (1-D grid, no swizzle)
DIGEST fp32-llama8b.lm_head.t512.bwd_dw fp32.v1 0xdb68419e4a2093b7
PRICE IDENTICAL int15.llama8b.lm_head.t512.bwd_dw.fp32.v1.device 2.681406
   device-bits int15.llama8b.lm_head.t512.bwd_dw.fp32.v1.device 2.681406/0x40057384fd2a62aa
INT15 amd llama8b.lm_head.t512.bwd_dw 16032 4096 512 CAPPED fp32.v1 2.6814 2.6664 12538.7729 GMAC/s 0xdb68419e4a2093b7 OP_TN,plan=10
DIGEST price-llama8b.lm_head.t512.bwd_dw int15i64.v1.flat 0x97ac9bb1c8a6a3b4
PRICE IDENTICAL int15.llama8b.lm_head.t512.bwd_dw.int15i64.v1.flat.device 161.352838
   device-bits int15.llama8b.lm_head.t512.bwd_dw.int15i64.v1.flat.device 161.352838/0x40642b4a72ead927
INT15 amd llama8b.lm_head.t512.bwd_dw 16032 4096 512 CAPPED int15i64.v1.flat 161.3528 161.1436 208.3728 GMAC/s 0x97ac9bb1c8a6a3b4 not-dispatched(the-column-has-the-unit)
DIGEST price-llama8b.lm_head.t512.bwd_dw int15i64.v1.pieces 0x97ac9bb1c8a6a3b4
PRICE IDENTICAL int15.llama8b.lm_head.t512.bwd_dw.int15i64.v1.pieces.device 303.542774
   device-bits int15.llama8b.lm_head.t512.bwd_dw.int15i64.v1.pieces.device 303.542774/0x4072f8af33ca31e8
INT15 amd llama8b.lm_head.t512.bwd_dw 16032 4096 512 CAPPED int15i64.v1.pieces 303.5428 303.4257 110.7638 GMAC/s 0x97ac9bb1c8a6a3b4 not-dispatched(the-column-has-the-unit)
DIGEST price-llama8b.lm_head.t512.bwd_dw int15i64.v1.mma 0x97ac9bb1c8a6a3b4
PRICE IDENTICAL int15.llama8b.lm_head.t512.bwd_dw.int15i64.v1.mma.device 1.763776
   device-bits int15.llama8b.lm_head.t512.bwd_dw.int15i64.v1.mma.device 1.763776/0x3ffc386d2ed783e0
INT15 amd llama8b.lm_head.t512.bwd_dw 16032 4096 512 CAPPED int15i64.v1.mma 1.7638 1.7611 19062.2510 GMAC/s 0x97ac9bb1c8a6a3b4 dispatched,four-unit-products
DIGEST conv-llama8b.lm_head.t512.bwd_dw convert.int15.quantize.a 0xbd776d10a4327b97
PRICE IDENTICAL int15.llama8b.lm_head.t512.bwd_dw.convert.int15.quantize.a.device 0.539679
   device-bits int15.llama8b.lm_head.t512.bwd_dw.convert.int15.quantize.a.device 0.539679/0x3fe1450ce4ead0c4
INT15 amd llama8b.lm_head.t512.bwd_dw 16032 4096 512 CAPPED convert.int15.quantize.a 0.5397 0.4654 15.2098 Gelem/s 0xbd776d10a4327b97 per-call,transposing
DIGEST conv-llama8b.lm_head.t512.bwd_dw convert.int15.quantize.a.parallel 0xbd776d10a4327b97
PRICE IDENTICAL int15.llama8b.lm_head.t512.bwd_dw.convert.int15.quantize.a.parallel.device 0.157819
   device-bits int15.llama8b.lm_head.t512.bwd_dw.convert.int15.quantize.a.parallel.device 0.157819/0x3fc43369b9d7fd82
INT15 amd llama8b.lm_head.t512.bwd_dw 16032 4096 512 CAPPED convert.int15.quantize.a.parallel 0.1578 0.1571 52.0114 Gelem/s 0xbd776d10a4327b97 per-call,transposing
DIGEST conv-llama8b.lm_head.t512.bwd_dw convert.int15.planes.a.parallel 0xe10b55c37d468a96
PRICE IDENTICAL int15.llama8b.lm_head.t512.bwd_dw.convert.int15.planes.a.parallel.device 0.10271
   device-bits int15.llama8b.lm_head.t512.bwd_dw.convert.int15.planes.a.parallel.device 0.10271/0x3fba4b33daf8df7a
INT15 amd llama8b.lm_head.t512.bwd_dw 16032 4096 512 CAPPED convert.int15.planes.a.parallel 0.1027 0.1012 79.9181 Gelem/s 0xe10b55c37d468a96 per-call,transposing
DIGEST conv-llama8b.lm_head.t512.bwd_dw convert.int15.split.a 0xe10b55c37d468a96
PRICE IDENTICAL int15.llama8b.lm_head.t512.bwd_dw.convert.int15.split.a.device 0.032059
   device-bits int15.llama8b.lm_head.t512.bwd_dw.convert.int15.split.a.device 0.032059/0x3fa06a098915bdd7
INT15 amd llama8b.lm_head.t512.bwd_dw 16032 4096 512 CAPPED convert.int15.split.a 0.0321 0.0289 256.0399 Gelem/s 0xe10b55c37d468a96 per-call
DIGEST conv-llama8b.lm_head.t512.bwd_dw convert.int15.quantize.b 0x97f820265d8cb72
PRICE IDENTICAL int15.llama8b.lm_head.t512.bwd_dw.convert.int15.quantize.b.device 0.462689
   device-bits int15.llama8b.lm_head.t512.bwd_dw.convert.int15.quantize.b.device 0.462689/0x3fdd9cb252ce032e
INT15 amd llama8b.lm_head.t512.bwd_dw 16032 4096 512 CAPPED convert.int15.quantize.b 0.4627 0.4518 4.5325 Gelem/s 0x97f820265d8cb72 per-step,transposing
DIGEST conv-llama8b.lm_head.t512.bwd_dw convert.int15.quantize.b.parallel 0x97f820265d8cb72
PRICE IDENTICAL int15.llama8b.lm_head.t512.bwd_dw.convert.int15.quantize.b.parallel.device 0.12893
   device-bits int15.llama8b.lm_head.t512.bwd_dw.convert.int15.quantize.b.parallel.device 0.12893/0x3fc080c73abc9470
INT15 amd llama8b.lm_head.t512.bwd_dw 16032 4096 512 CAPPED convert.int15.quantize.b.parallel 0.1289 0.1252 16.2658 Gelem/s 0x97f820265d8cb72 per-step,transposing
DIGEST conv-llama8b.lm_head.t512.bwd_dw convert.int15.planes.b.parallel 0x90f880954a62bcd5
PRICE IDENTICAL int15.llama8b.lm_head.t512.bwd_dw.convert.int15.planes.b.parallel.device 0.092089
   device-bits int15.llama8b.lm_head.t512.bwd_dw.convert.int15.planes.b.parallel.device 0.092089/0x3fb793250b52439a
INT15 amd llama8b.lm_head.t512.bwd_dw 16032 4096 512 CAPPED convert.int15.planes.b.parallel 0.0921 0.0885 22.7731 Gelem/s 0x90f880954a62bcd5 per-step,transposing
DIGEST conv-llama8b.lm_head.t512.bwd_dw convert.int15.split.b 0x90f880954a62bcd5
PRICE IDENTICAL int15.llama8b.lm_head.t512.bwd_dw.convert.int15.split.b.device 0.01826
   device-bits int15.llama8b.lm_head.t512.bwd_dw.convert.int15.split.b.device 0.01826/0x3f92b2bfdb4cc250
INT15 amd llama8b.lm_head.t512.bwd_dw 16032 4096 512 CAPPED convert.int15.split.b 0.0183 0.0172 114.8495 Gelem/s 0x90f880954a62bcd5 once-per-weight-at-inference,per-step-at-training
INT15-NOT-RUN amd llama8b.lm_head.t512.bwd_dw inference.int15i64.v1.planes inference-has-no-backward-product
INT15-NOT-RUN amd llama8b.lm_head.t512.bwd_dw inference.int15i64.v1.codes inference-has-no-backward-product
INT15-NOT-RUN amd llama8b.lm_head.t512.bwd_dw inference.int15i64.v1.planes.rowquant inference-has-no-backward-product
DIGEST price-llama8b.lm_head.t512.bwd_dw training.int15i64.v1.planes 0x97ac9bb1c8a6a3b4
PRICE IDENTICAL int15.llama8b.lm_head.t512.bwd_dw.training.int15i64.v1.planes.device 2.085177
   device-bits int15.llama8b.lm_head.t512.bwd_dw.training.int15i64.v1.planes.device 2.085177/0x4000ae71476af89c
INT15 amd llama8b.lm_head.t512.bwd_dw 16032 4096 512 CAPPED training.int15i64.v1.planes 2.0852 2.0664 16124.0705 GMAC/s 0x97ac9bb1c8a6a3b4 planes.a.parallel+planes.b.parallel+product
DIGEST price-llama8b.lm_head.t512.bwd_dw training.int15i64.v1.codes 0x97ac9bb1c8a6a3b4
PRICE IDENTICAL int15.llama8b.lm_head.t512.bwd_dw.training.int15i64.v1.codes.device 2.020816
   device-bits int15.llama8b.lm_head.t512.bwd_dw.training.int15i64.v1.codes.device 2.020816/0x40002aa19439de48
INT15 amd llama8b.lm_head.t512.bwd_dw 16032 4096 512 CAPPED training.int15i64.v1.codes 2.0208 2.0190 16637.6062 GMAC/s 0x97ac9bb1c8a6a3b4 quantize.a.parallel+quantize.b.parallel+split.a+split.b+product
DIGEST price-llama8b.lm_head.t512.bwd_dw training.int15i64.v1.planes.rowquant 0x97ac9bb1c8a6a3b4
PRICE IDENTICAL int15.llama8b.lm_head.t512.bwd_dw.training.int15i64.v1.planes.rowquant.device 2.668625
   device-bits int15.llama8b.lm_head.t512.bwd_dw.training.int15i64.v1.planes.rowquant.device 2.668625/0x4005595810624dd3
INT15 amd llama8b.lm_head.t512.bwd_dw 16032 4096 512 CAPPED training.int15i64.v1.planes.rowquant 2.6686 2.6624 12598.8256 GMAC/s 0x97ac9bb1c8a6a3b4 quantize.a+quantize.b+split.a+split.b+product
INT15-NOT-RUN amd llama8b.lm_head.t512.bwd_dw int15i64.v1.apple.two this-column-is-not-apple
INT15-NOT-RUN amd llama8b.lm_head.t512.bwd_dw int15i64.v1.apple.four this-column-is-not-apple
INT15-NOT-RUN amd llama8b.lm_head.t512.bwd_dw inference.int15i64.v1.apple.two this-column-is-not-apple
INT15-NOT-RUN amd llama8b.lm_head.t512.bwd_dw inference.int15i64.v1.apple.four this-column-is-not-apple
INT15-NOT-RUN amd llama8b.lm_head.t512.bwd_dw training.int15i64.v1.apple.two this-column-is-not-apple
INT15-NOT-RUN amd llama8b.lm_head.t512.bwd_dw training.int15i64.v1.apple.four this-column-is-not-apple
DIGEST price-llama8b.lm_head.t512.bwd_dw int15i64.v1.tuned 0x97ac9bb1c8a6a3b4
PRICE IDENTICAL int15.llama8b.lm_head.t512.bwd_dw.int15i64.v1.tuned.device 0.455339
   device-bits int15.llama8b.lm_head.t512.bwd_dw.int15i64.v1.tuned.device 0.455339/0x3fdd24463065f959
INT15 amd llama8b.lm_head.t512.bwd_dw 16032 4096 512 CAPPED int15i64.v1.tuned 0.4553 0.4551 73838.4827 GMAC/s 0x97ac9bb1c8a6a3b4 not-dispatched,four-products-one-staging,epilogue-at-the-store
INT15-NOT-RUN amd llama8b.lm_head.t512.bwd_dw inference.int15i64.v1.tuned inference-has-no-backward-product
DIGEST price-llama8b.lm_head.t512.bwd_dw training.int15i64.v1.tuned 0x97ac9bb1c8a6a3b4
PRICE IDENTICAL int15.llama8b.lm_head.t512.bwd_dw.training.int15i64.v1.tuned.device 0.64439
   device-bits int15.llama8b.lm_head.t512.bwd_dw.training.int15i64.v1.tuned.device 0.64439/0x3fe49ed7c6fbd274
INT15 amd llama8b.lm_head.t512.bwd_dw 16032 4096 512 CAPPED training.int15i64.v1.tuned 0.6444 0.6237 52175.7645 GMAC/s 0x97ac9bb1c8a6a3b4 planes.a.parallel+planes.b.parallel+four-products-one-staging,epilogue-at-the-store
DIGEST price-llama8b.lm_head.t512.bwd_dw int15i64.v1.tuned.two_launch 0x97ac9bb1c8a6a3b4
PRICE IDENTICAL int15.llama8b.lm_head.t512.bwd_dw.int15i64.v1.tuned.two_launch.device 0.917858
   device-bits int15.llama8b.lm_head.t512.bwd_dw.int15i64.v1.tuned.two_launch.device 0.917858/0x3fed5f17bd8be729
INT15 amd llama8b.lm_head.t512.bwd_dw 16032 4096 512 CAPPED int15i64.v1.tuned.two_launch 0.9179 0.9043 36630.4383 GMAC/s 0x97ac9bb1c8a6a3b4 not-dispatched,four-products-one-staging+epilogue-launch
INT15-NOT-RUN amd llama8b.lm_head.t512.bwd_dw inference.int15i64.v1.tuned.two_launch inference-has-no-backward-product
DIGEST price-llama8b.lm_head.t512.bwd_dw training.int15i64.v1.tuned.two_launch 0x97ac9bb1c8a6a3b4
PRICE IDENTICAL int15.llama8b.lm_head.t512.bwd_dw.training.int15i64.v1.tuned.two_launch.device 1.156487
   device-bits int15.llama8b.lm_head.t512.bwd_dw.training.int15i64.v1.tuned.two_launch.device 1.156487/0x3ff280f88333fc87
INT15 amd llama8b.lm_head.t512.bwd_dw 16032 4096 512 CAPPED training.int15i64.v1.tuned.two_launch 1.1565 1.1244 29072.1304 GMAC/s 0x97ac9bb1c8a6a3b4 planes.a.parallel+planes.b.parallel+four-products-one-staging+epilogue-launch

== done [IDENTICAL]: 20 rows ==
