{"event": "setup", "schema": "mojolearn.lm-step-memory-probe.v3", "shape": {"batch": 1, "length": 2048, "d_model": 768, "n_heads": 12, "n_kv": 12, "head_dim": 64, "intermediate": 2048, "n_layers": 12, "vocab_size": 50257}, "profile": "mojolearn.byte-lm.b1-l2048-d768-h12-kv12-hd64-ff2048-v50257-blocks12.fp32.v3", "parameters": 162147840, "n_tensors": 110, "tokens_per_step": 2048, "seed": 93261, "budget_seconds": 300.0, "resident": true, "step_result": "lean", "witness_every_step": true, "witness_source": "export_gradients(named=False) + export_state() after every step (outside the timed boundary)", "corpus": {"path": "training/corpus/pile_github/input.txt", "sha256": "52a5b4c36ab9119c15505331c10e3b23690377d40fbac3e598c7fafe13a324df", "manifest_sha256": "e3f46ca3870913aabd179647f5ab7e66b829c30c3cbcbf4b2862e2790d94cda5", "bytes": 97124565, "source_url": "https://huggingface.co/datasets/monology/pile-uncopyrighted/resolve/3be90335b66f24456a5d6659d9c8d208c0357119/val.jsonl.zst", "schedule": "step k row b: bytes[(k*batch*length + b*length) % (bytes - length - 1) : +length+1] as int32; targets shifted one byte"}, "attention_arm": "stash_tiled_fgrid_r32_qres_pf_estash_dres_kvgrid_r32", "attention_arm_source": "binding", "attention_arm_requested": null, "attention_arm_default": "stash_tiled_fgrid_r32_qres_pf_estash_dres_kvgrid_r32", "attention_arm_is_default": true, "attention_arm_resolved_hd64": "stash_tiled_fgrid_r32_qres_pf_estash_dres_kvgrid_r32", "attention_arm_trial_build": false, "gemm_arm": null, "gemm_plan": null, "step_glue_arm": "optskip_noshadow_rows16", "step_glue_arm_requested": null, "step_glue_trial_build": false, "gemm_arm_requested": null, "attention_path_requested": null, "numeric_mode_env": "identical", "runtime": {"binding_file": "/root/mojolearn/python/mojolearn/identical/_mojolearn_byte_lm.so", "binding_sha256": "2804a40d1a76f6b7be87d29b6a318fc3f81c9f1badcba90af7aeb0a864ae9124", "native_attention_arm": {"arm": "stash_tiled_fgrid_r32_qres_pf_estash_dres_kvgrid_r32", "default": "stash_tiled_fgrid_r32_qres_pf_estash_dres_kvgrid_r32", "resolved_hd64": "stash_tiled_fgrid_r32_qres_pf_estash_dres_kvgrid_r32", "trial_build": false}, "native_numeric_mode": 1, "native_profile": "mojolearn.byte-lm.b2-l32-d32-h4-kv2-ff64-v256-blocks2.fp32.v1", "native_step_glue_arm": {"arm": "optskip_noshadow_rows16", "trial_build": false}, "native_vendor": "hip", "source_scope": "available direct source files; binding SHA identifies the compiled artifact", "source_sha256": {"bindings/_mojolearn_byte_lm.mojo": "7d683e6817e84791ee70b753ca1937eb6d9e7a6eda8020f13a727090fc6dba55", "loaded_python_wrapper": "a6062292958ec97a620ce2eb3327e0826782eb98ff14057bdf302c0b2e8f2031", "python/mojolearn/_byte_lm_config.py": "440ca11e33cfed741c8a812a8dac74ad4e938ab8e16f84ed2af5b61d3fbe56b8", "python/mojolearn/_byte_lm_impl.py": "a6062292958ec97a620ce2eb3327e0826782eb98ff14057bdf302c0b2e8f2031", "python/mojolearn/language_model.py": "4e84ad0955cfc7b7dc0c884d1abcae7f59943d93bee337ac4a16b92be9718925", "training/byte_lm.mojo": "ae2c5e7ccf3d0e216a1a9128efeb973592a311c1d0cc73fbe95a20f7417b8b55", "training/byte_lm_config.mojo": "bc5c9a9502793359fbbdd50c94e02b7bcd3f5c4295e1c35871efc774524a69b1"}, "schema": "small-byte-lm.run-metadata.v1", "qualification": "authored/unqualified", "profile": "mojolearn.byte-lm.b1-l2048-d768-h12-kv12-hd64-ff2048-v50257-blocks12.fp32.v3", "device_state_lifetime": "resident", "step_result": "lean", "last_export_step": 0, "config": {"lr": 0.0010000000474974513, "beta1": 0.8999999761581421, "beta2": 0.9990000128746033, "eps": 9.99999993922529e-09, "weight_decay": 0.009999999776482582, "kind": 2, "momentum": 0.0, "dampening": 0.0, "nesterov": false, "max_norm": 0.0}, "data_schedule": {"batches": "pinned corpus 52a5b4c36ab9119c15505331c10e3b23690377d40fbac3e598c7fafe13a324df", "fixture": "lm step memory probe", "seed": 93261}, "completed_steps": 0, "next_batch_index": 0}, "initial_parameters_sha256": "0e36d8d036d8c4cf9704babd096061006e48071187c793c6ee471e05b449572e", "host_before_first_call": {"vm_rss_bytes": 2747617280, "vm_hwm_bytes": 3395928064, "ru_maxrss_bytes": 3395928064, "boundary": "process host memory (Python + native + pinned staging); not device memory"}, "device_tool": "rocm-smi", "qualification": "complete-step probe at the named shape; not an opponent ratio, not a default gate", "t": 1789695936.6453676}
{"event": "step_start", "step": 1, "first_call_includes_setup": true, "ids_sha256": "7626015c8a8cb90b13e0d44eff53262a36025184a4adfb88591a93ba18857518", "t": 1789695936.6456437}
{"event": "step_end", "step": 1, "seconds": 11.729574883996975, "tokens_per_second": 174.60138327725332, "first_call_includes_setup": true, "timing_boundary": "public train_step call; native binding synchronizes the context before publishing outputs; includes host readbacks, validation and gradient copies", "step_result": "lean", "witnessed": true, "witness_export_seconds": 11.168790051000542, "loss": 11.12025260925293, "sha256": {"loss": "fb1bfea4e8daa3b31227ff49a404e36a58fe27b98856af4d27a24872b0e9abf2", "gradients": "85d053a482668fd958df0e32325fc47f9ba10ec630ff63557c7b79c5bd85b0e3", "parameters": "1b32246046a72ada00e3c8ec04d079beb629d8e314f860bc7106d42c5996a8ca", "m": "8dbf0dfcb08f29687241a6586a7ef8224fde5877a7aeb490b9701d24d5812524", "v": "227d2c36dbd16e9acf0556ec491d8b6431a8e4cc5b235b8d81011996a9bc05be", "flags": "360d579dbd14759b41afdf7fb5e80c0101e15150ae401d59f92a1e32d129f7cb"}, "completed_steps": 1, "host": {"vm_rss_bytes": 4287610880, "vm_hwm_bytes": 8827445248, "ru_maxrss_bytes": 8827445248, "boundary": "process host memory (Python + native + pinned staging); not device memory"}, "device": {"tool": "rocm-smi", "peak_process_bytes": "unavailable", "peak_device_bytes": 192545050624, "device_total_bytes": 205822885888, "sample_interval_seconds": 0.2, "samples_total": 46, "errors_total": 0, "boundary": "vendor tool polled at the interval; peaks shorter than one interval are missed; device-wide used memory includes other processes; torch.cuda allocator statistics do not cover Mojo allocations and are not used"}, "t": 1789695959.5442417}
{"event": "component_timing_step_start", "timing_step": 1, "note": "MOJOLEARN_TRANSFORMER_TIMING=1; not a timing sample", "t": 1789695959.5444143}
timing step.py_tokens 0.17936600124812685 ms
timing step.py_tokens_bytes 8196 bytes
timing step.bind_scalar_admission 0.005397 ms
timing step.upload_inputs 0.16109 ms
timing step.upload_inputs_bytes 16384 bytes
timing step.unpack_weights 0.732079 ms
timing step.unpack_weights_bytes 648591360 bytes
timing step.embedding_forward 0.065288 ms
timing fwd.refuse_call 0.081997 ms
timing launches.fwd.refuse_call 2 count
timing syncs.fwd.refuse_call 2 count
timing fwd.norm1 0.307344 ms
timing launches.fwd.norm1 1 count
timing syncs.fwd.norm1 0 count
timing block.norm1 0.397793 ms
timing fwd.q_proj 1.004515 ms
timing launches.fwd.q_proj 1 count
timing syncs.fwd.q_proj 0 count
timing gemm.proj_fwd 1.004515 ms
timing launches.gemm.proj_fwd 1 count
timing syncs.gemm.proj_fwd 0 count
timing fwd.k_proj 1.003339 ms
timing launches.fwd.k_proj 1 count
timing syncs.fwd.k_proj 0 count
timing gemm.proj_fwd 1.003339 ms
timing launches.gemm.proj_fwd 1 count
timing syncs.gemm.proj_fwd 0 count
timing fwd.v_proj 1.12585 ms
timing launches.fwd.v_proj 1 count
timing syncs.fwd.v_proj 0 count
timing gemm.proj_fwd 1.12585 ms
timing launches.gemm.proj_fwd 1 count
timing syncs.gemm.proj_fwd 0 count
timing attn.qkv_proj 3.150808 ms
timing attn.rope_and_cache 0.066364 ms
timing attn.fwd_regime_scan 0.185435 ms
timing attn.fwd_r2_keep_kernel 2.163644 ms
timing attn.fwd_corner_flag 0.043043 ms
timing attn.core 2.407166 ms
timing fwd.o_proj 0.876066 ms
timing launches.fwd.o_proj 1 count
timing syncs.fwd.o_proj 0 count
timing gemm.proj_fwd 0.876066 ms
timing launches.gemm.proj_fwd 1 count
timing syncs.gemm.proj_fwd 0 count
timing attn.o_proj 0.883546 ms
timing block.attention_total 6.511366 ms
timing fwd.residual1_add 0.021531 ms
timing launches.fwd.residual1_add 1 count
timing syncs.fwd.residual1_add 0 count
timing fwd.norm2 0.301252 ms
timing launches.fwd.norm2 1 count
timing syncs.fwd.norm2 0 count
timing fwd.gate_proj 2.579466 ms
timing launches.fwd.gate_proj 0 count
timing syncs.fwd.gate_proj 0 count
timing gemm.gateup_fwd 2.579466 ms
timing launches.gemm.gateup_fwd 0 count
timing syncs.gemm.gateup_fwd 0 count
timing fwd.up_proj 2.633434 ms
timing launches.fwd.up_proj 0 count
timing syncs.fwd.up_proj 0 count
timing gemm.gateup_fwd 2.633434 ms
timing launches.gemm.gateup_fwd 0 count
timing syncs.gemm.gateup_fwd 0 count
timing fwd.silu 0.033578 ms
timing launches.fwd.silu 1 count
timing syncs.fwd.silu 0 count
timing fwd.gate_mul 0.032321 ms
timing launches.fwd.gate_mul 1 count
timing syncs.fwd.gate_mul 0 count
timing fwd.down_proj 2.486635 ms
timing launches.fwd.down_proj 1 count
timing syncs.fwd.down_proj 0 count
timing gemm.down_fwd 2.486635 ms
timing launches.gemm.down_fwd 1 count
timing syncs.gemm.down_fwd 0 count
timing fwd.residual2_add 0.020202 ms
timing launches.fwd.residual2_add 1 count
timing syncs.fwd.residual2_add 0 count
timing block.mlp_and_residuals 8.149781 ms
timing fwd.refuse_call 0.071075 ms
timing launches.fwd.refuse_call 2 count
timing syncs.fwd.refuse_call 2 count
timing fwd.norm1 0.31425 ms
timing launches.fwd.norm1 1 count
timing syncs.fwd.norm1 0 count
timing block.norm1 0.392295 ms
timing fwd.q_proj 0.886349 ms
timing launches.fwd.q_proj 1 count
timing syncs.fwd.q_proj 0 count
timing gemm.proj_fwd 0.886349 ms
timing launches.gemm.proj_fwd 1 count
timing syncs.gemm.proj_fwd 0 count
timing fwd.k_proj 0.884648 ms
timing launches.fwd.k_proj 1 count
timing syncs.fwd.k_proj 0 count
timing gemm.proj_fwd 0.884648 ms
timing launches.gemm.proj_fwd 1 count
timing syncs.gemm.proj_fwd 0 count
timing fwd.v_proj 0.876483 ms
timing launches.fwd.v_proj 1 count
timing syncs.fwd.v_proj 0 count
timing gemm.proj_fwd 0.876483 ms
timing launches.gemm.proj_fwd 1 count
timing syncs.gemm.proj_fwd 0 count
timing attn.qkv_proj 2.663163 ms
timing attn.rope_and_cache 0.063129 ms
timing attn.fwd_regime_scan 0.175103 ms
timing attn.fwd_r2_keep_kernel 2.024982 ms
timing attn.fwd_corner_flag 0.043868 ms
timing attn.core 2.256682 ms
timing fwd.o_proj 0.883007 ms
timing launches.fwd.o_proj 1 count
timing syncs.fwd.o_proj 0 count
timing gemm.proj_fwd 0.883007 ms
timing launches.gemm.proj_fwd 1 count
timing syncs.gemm.proj_fwd 0 count
timing attn.o_proj 0.890215 ms
timing block.attention_total 5.875652 ms
timing fwd.residual1_add 0.019804 ms
timing launches.fwd.residual1_add 1 count
timing syncs.fwd.residual1_add 0 count
timing fwd.norm2 0.30261 ms
timing launches.fwd.norm2 1 count
timing syncs.fwd.norm2 0 count
timing fwd.gate_proj 2.556583 ms
timing launches.fwd.gate_proj 0 count
timing syncs.fwd.gate_proj 0 count
timing gemm.gateup_fwd 2.556583 ms
timing launches.gemm.gateup_fwd 0 count
timing syncs.gemm.gateup_fwd 0 count
timing fwd.up_proj 2.577409 ms
timing launches.fwd.up_proj 0 count
timing syncs.fwd.up_proj 0 count
timing gemm.gateup_fwd 2.577409 ms
timing launches.gemm.gateup_fwd 0 count
timing syncs.gemm.gateup_fwd 0 count
timing fwd.silu 0.031752 ms
timing launches.fwd.silu 1 count
timing syncs.fwd.silu 0 count
timing fwd.gate_mul 0.031792 ms
timing launches.fwd.gate_mul 1 count
timing syncs.fwd.gate_mul 0 count
timing fwd.down_proj 2.455732 ms
timing launches.fwd.down_proj 1 count
timing syncs.fwd.down_proj 0 count
timing gemm.down_fwd 2.455732 ms
timing launches.gemm.down_fwd 1 count
timing syncs.gemm.down_fwd 0 count
timing fwd.residual2_add 0.020608 ms
timing launches.fwd.residual2_add 1 count
timing syncs.fwd.residual2_add 0 count
timing block.mlp_and_residuals 8.027606 ms
timing fwd.refuse_call 0.074066 ms
timing launches.fwd.refuse_call 2 count
timing syncs.fwd.refuse_call 2 count
timing fwd.norm1 0.327158 ms
timing launches.fwd.norm1 1 count
timing syncs.fwd.norm1 0 count
timing block.norm1 0.407194 ms
timing fwd.q_proj 0.869861 ms
timing launches.fwd.q_proj 1 count
timing syncs.fwd.q_proj 0 count
timing gemm.proj_fwd 0.869861 ms
timing launches.gemm.proj_fwd 1 count
timing syncs.gemm.proj_fwd 0 count
timing fwd.k_proj 0.87175 ms
timing launches.fwd.k_proj 1 count
timing syncs.fwd.k_proj 0 count
timing gemm.proj_fwd 0.87175 ms
timing launches.gemm.proj_fwd 1 count
timing syncs.gemm.proj_fwd 0 count
timing fwd.v_proj 0.871759 ms
timing launches.fwd.v_proj 1 count
timing syncs.fwd.v_proj 0 count
timing gemm.proj_fwd 0.871759 ms
timing launches.gemm.proj_fwd 1 count
timing syncs.gemm.proj_fwd 0 count
timing attn.qkv_proj 2.631528 ms
timing attn.rope_and_cache 0.063243 ms
timing attn.fwd_regime_scan 0.165408 ms
timing attn.fwd_r2_keep_kernel 2.041751 ms
timing attn.fwd_corner_flag 0.043507 ms
timing attn.core 2.262689 ms
timing fwd.o_proj 0.884398 ms
timing launches.fwd.o_proj 1 count
timing syncs.fwd.o_proj 0 count
timing gemm.proj_fwd 0.884398 ms
timing launches.gemm.proj_fwd 1 count
timing syncs.gemm.proj_fwd 0 count
timing attn.o_proj 0.891576 ms
timing block.attention_total 5.851374 ms
timing fwd.residual1_add 0.019642 ms
timing launches.fwd.residual1_add 1 count
timing syncs.fwd.residual1_add 0 count
timing fwd.norm2 0.304147 ms
timing launches.fwd.norm2 1 count
timing syncs.fwd.norm2 0 count
timing fwd.gate_proj 2.559952 ms
timing launches.fwd.gate_proj 0 count
timing syncs.fwd.gate_proj 0 count
timing gemm.gateup_fwd 2.559952 ms
timing launches.gemm.gateup_fwd 0 count
timing syncs.gemm.gateup_fwd 0 count
timing fwd.up_proj 2.57964 ms
timing launches.fwd.up_proj 0 count
timing syncs.fwd.up_proj 0 count
timing gemm.gateup_fwd 2.57964 ms
timing launches.gemm.gateup_fwd 0 count
timing syncs.gemm.gateup_fwd 0 count
timing fwd.silu 0.031537 ms
timing launches.fwd.silu 1 count
timing syncs.fwd.silu 0 count
timing fwd.gate_mul 0.030143 ms
timing launches.fwd.gate_mul 1 count
timing syncs.fwd.gate_mul 0 count
timing fwd.down_proj 2.406916 ms
timing launches.fwd.down_proj 1 count
timing syncs.fwd.down_proj 0 count
timing gemm.down_fwd 2.406916 ms
timing launches.gemm.down_fwd 1 count
timing syncs.gemm.down_fwd 0 count
timing fwd.residual2_add 0.02004 ms
timing launches.fwd.residual2_add 1 count
timing syncs.fwd.residual2_add 0 count
timing block.mlp_and_residuals 7.985421 ms
timing fwd.refuse_call 0.072176 ms
timing launches.fwd.refuse_call 2 count
timing syncs.fwd.refuse_call 2 count
timing fwd.norm1 0.322635 ms
timing launches.fwd.norm1 1 count
timing syncs.fwd.norm1 0 count
timing block.norm1 0.401728 ms
timing fwd.q_proj 0.863358 ms
timing launches.fwd.q_proj 1 count
timing syncs.fwd.q_proj 0 count
timing gemm.proj_fwd 0.863358 ms
timing launches.gemm.proj_fwd 1 count
timing syncs.gemm.proj_fwd 0 count
timing fwd.k_proj 0.869603 ms
timing launches.fwd.k_proj 1 count
timing syncs.fwd.k_proj 0 count
timing gemm.proj_fwd 0.869603 ms
timing launches.gemm.proj_fwd 1 count
timing syncs.gemm.proj_fwd 0 count
timing fwd.v_proj 0.877965 ms
timing launches.fwd.v_proj 1 count
timing syncs.fwd.v_proj 0 count
timing gemm.proj_fwd 0.877965 ms
timing launches.gemm.proj_fwd 1 count
timing syncs.gemm.proj_fwd 0 count
timing attn.qkv_proj 2.626615 ms
timing attn.rope_and_cache 0.06407 ms
timing attn.fwd_regime_scan 0.17503 ms
timing attn.fwd_r2_keep_kernel 2.044988 ms
timing attn.fwd_corner_flag 0.043098 ms
timing attn.core 2.275732 ms
timing fwd.o_proj 0.86658 ms
timing launches.fwd.o_proj 1 count
timing syncs.fwd.o_proj 0 count
timing gemm.proj_fwd 0.86658 ms
timing launches.gemm.proj_fwd 1 count
timing syncs.gemm.proj_fwd 0 count
timing attn.o_proj 0.873126 ms
timing block.attention_total 5.841855 ms
timing fwd.residual1_add 0.019557 ms
timing launches.fwd.residual1_add 1 count
timing syncs.fwd.residual1_add 0 count
timing fwd.norm2 0.302435 ms
timing launches.fwd.norm2 1 count
timing syncs.fwd.norm2 0 count
timing fwd.gate_proj 2.569012 ms
timing launches.fwd.gate_proj 0 count
timing syncs.fwd.gate_proj 0 count
timing gemm.gateup_fwd 2.569012 ms
timing launches.gemm.gateup_fwd 0 count
timing syncs.gemm.gateup_fwd 0 count
timing fwd.up_proj 2.592224 ms
timing launches.fwd.up_proj 0 count
timing syncs.fwd.up_proj 0 count
timing gemm.gateup_fwd 2.592224 ms
timing launches.gemm.gateup_fwd 0 count
timing syncs.gemm.gateup_fwd 0 count
timing fwd.silu 0.030851 ms
timing launches.fwd.silu 1 count
timing syncs.fwd.silu 0 count
timing fwd.gate_mul 0.030014 ms
timing launches.fwd.gate_mul 1 count
timing syncs.fwd.gate_mul 0 count
timing fwd.down_proj 2.40548 ms
timing launches.fwd.down_proj 1 count
timing syncs.fwd.down_proj 0 count
timing gemm.down_fwd 2.40548 ms
timing launches.gemm.down_fwd 1 count
timing syncs.gemm.down_fwd 0 count
timing fwd.residual2_add 0.019638 ms
timing launches.fwd.residual2_add 1 count
timing syncs.fwd.residual2_add 0 count
timing block.mlp_and_residuals 8.002088 ms
timing fwd.refuse_call 0.075473 ms
timing launches.fwd.refuse_call 2 count
timing syncs.fwd.refuse_call 2 count
timing fwd.norm1 0.306373 ms
timing launches.fwd.norm1 1 count
timing syncs.fwd.norm1 0 count
timing block.norm1 0.388547 ms
timing fwd.q_proj 0.871185 ms
timing launches.fwd.q_proj 1 count
timing syncs.fwd.q_proj 0 count
timing gemm.proj_fwd 0.871185 ms
timing launches.gemm.proj_fwd 1 count
timing syncs.gemm.proj_fwd 0 count
timing fwd.k_proj 0.869242 ms
timing launches.fwd.k_proj 1 count
timing syncs.fwd.k_proj 0 count
timing gemm.proj_fwd 0.869242 ms
timing launches.gemm.proj_fwd 1 count
timing syncs.gemm.proj_fwd 0 count
timing fwd.v_proj 0.883272 ms
timing launches.fwd.v_proj 1 count
timing syncs.fwd.v_proj 0 count
timing gemm.proj_fwd 0.883272 ms
timing launches.gemm.proj_fwd 1 count
timing syncs.gemm.proj_fwd 0 count
timing attn.qkv_proj 2.639374 ms
timing attn.rope_and_cache 0.065013 ms
timing attn.fwd_regime_scan 0.168714 ms
timing attn.fwd_r2_keep_kernel 2.059599 ms
timing attn.fwd_corner_flag 0.041062 ms
timing attn.core 2.281143 ms
timing fwd.o_proj 0.877489 ms
timing launches.fwd.o_proj 1 count
timing syncs.fwd.o_proj 0 count
timing gemm.proj_fwd 0.877489 ms
timing launches.gemm.proj_fwd 1 count
timing syncs.gemm.proj_fwd 0 count
timing attn.o_proj 0.884447 ms
timing block.attention_total 5.872306 ms
timing fwd.residual1_add 0.019162 ms
timing launches.fwd.residual1_add 1 count
timing syncs.fwd.residual1_add 0 count
timing fwd.norm2 0.304268 ms
timing launches.fwd.norm2 1 count
timing syncs.fwd.norm2 0 count
timing fwd.gate_proj 2.565231 ms
timing launches.fwd.gate_proj 0 count
timing syncs.fwd.gate_proj 0 count
timing gemm.gateup_fwd 2.565231 ms
timing launches.gemm.gateup_fwd 0 count
timing syncs.gemm.gateup_fwd 0 count
timing fwd.up_proj 2.608277 ms
timing launches.fwd.up_proj 0 count
timing syncs.fwd.up_proj 0 count
timing gemm.gateup_fwd 2.608277 ms
timing launches.gemm.gateup_fwd 0 count
timing syncs.gemm.gateup_fwd 0 count
timing fwd.silu 0.03089 ms
timing launches.fwd.silu 1 count
timing syncs.fwd.silu 0 count
timing fwd.gate_mul 0.03068 ms
timing launches.fwd.gate_mul 1 count
timing syncs.fwd.gate_mul 0 count
timing fwd.down_proj 2.432533 ms
timing launches.fwd.down_proj 1 count
timing syncs.fwd.down_proj 0 count
timing gemm.down_fwd 2.432533 ms
timing launches.gemm.down_fwd 1 count
timing syncs.gemm.down_fwd 0 count
timing fwd.residual2_add 0.01925 ms
timing launches.fwd.residual2_add 1 count
timing syncs.fwd.residual2_add 0 count
timing block.mlp_and_residuals 8.04146 ms
timing fwd.refuse_call 0.071114 ms
timing launches.fwd.refuse_call 2 count
timing syncs.fwd.refuse_call 2 count
timing fwd.norm1 0.307552 ms
timing launches.fwd.norm1 1 count
timing syncs.fwd.norm1 0 count
timing block.norm1 0.384758 ms
timing fwd.q_proj 0.878982 ms
timing launches.fwd.q_proj 1 count
timing syncs.fwd.q_proj 0 count
timing gemm.proj_fwd 0.878982 ms
timing launches.gemm.proj_fwd 1 count
timing syncs.gemm.proj_fwd 0 count
timing fwd.k_proj 0.863518 ms
timing launches.fwd.k_proj 1 count
timing syncs.fwd.k_proj 0 count
timing gemm.proj_fwd 0.863518 ms
timing launches.gemm.proj_fwd 1 count
timing syncs.gemm.proj_fwd 0 count
timing fwd.v_proj 0.880128 ms
timing launches.fwd.v_proj 1 count
timing syncs.fwd.v_proj 0 count
timing gemm.proj_fwd 0.880128 ms
timing launches.gemm.proj_fwd 1 count
timing syncs.gemm.proj_fwd 0 count
timing attn.qkv_proj 2.638134 ms
timing attn.rope_and_cache 0.063032 ms
timing attn.fwd_regime_scan 0.17178 ms
timing attn.fwd_r2_keep_kernel 2.03162 ms
timing attn.fwd_corner_flag 0.040133 ms
timing attn.core 2.255778 ms
timing fwd.o_proj 0.882721 ms
timing launches.fwd.o_proj 1 count
timing syncs.fwd.o_proj 0 count
timing gemm.proj_fwd 0.882721 ms
timing launches.gemm.proj_fwd 1 count
timing syncs.gemm.proj_fwd 0 count
timing attn.o_proj 0.891745 ms
timing block.attention_total 5.851068 ms
timing fwd.residual1_add 0.019668 ms
timing launches.fwd.residual1_add 1 count
timing syncs.fwd.residual1_add 0 count
timing fwd.norm2 0.302774 ms
timing launches.fwd.norm2 1 count
timing syncs.fwd.norm2 0 count
timing fwd.gate_proj 2.589464 ms
timing launches.fwd.gate_proj 0 count
timing syncs.fwd.gate_proj 0 count
timing gemm.gateup_fwd 2.589464 ms
timing launches.gemm.gateup_fwd 0 count
timing syncs.gemm.gateup_fwd 0 count
timing fwd.up_proj 2.640691 ms
timing launches.fwd.up_proj 0 count
timing syncs.fwd.up_proj 0 count
timing gemm.gateup_fwd 2.640691 ms
timing launches.gemm.gateup_fwd 0 count
timing syncs.gemm.gateup_fwd 0 count
timing fwd.silu 0.031188 ms
timing launches.fwd.silu 1 count
timing syncs.fwd.silu 0 count
timing fwd.gate_mul 0.030774 ms
timing launches.fwd.gate_mul 1 count
timing syncs.fwd.gate_mul 0 count
timing fwd.down_proj 2.402229 ms
timing launches.fwd.down_proj 1 count
timing syncs.fwd.down_proj 0 count
timing gemm.down_fwd 2.402229 ms
timing launches.gemm.down_fwd 1 count
timing syncs.gemm.down_fwd 0 count
timing fwd.residual2_add 0.019429 ms
timing launches.fwd.residual2_add 1 count
timing syncs.fwd.residual2_add 0 count
timing block.mlp_and_residuals 8.066475 ms
timing fwd.refuse_call 0.071325 ms
timing launches.fwd.refuse_call 2 count
timing syncs.fwd.refuse_call 2 count
timing fwd.norm1 0.323467 ms
timing launches.fwd.norm1 1 count
timing syncs.fwd.norm1 0 count
timing block.norm1 0.400555 ms
timing fwd.q_proj 0.88278 ms
timing launches.fwd.q_proj 1 count
timing syncs.fwd.q_proj 0 count
timing gemm.proj_fwd 0.88278 ms
timing launches.gemm.proj_fwd 1 count
timing syncs.gemm.proj_fwd 0 count
timing fwd.k_proj 0.8798 ms
timing launches.fwd.k_proj 1 count
timing syncs.fwd.k_proj 0 count
timing gemm.proj_fwd 0.8798 ms
timing launches.gemm.proj_fwd 1 count
timing syncs.gemm.proj_fwd 0 count
timing fwd.v_proj 0.87343 ms
timing launches.fwd.v_proj 1 count
timing syncs.fwd.v_proj 0 count
timing gemm.proj_fwd 0.87343 ms
timing launches.gemm.proj_fwd 1 count
timing syncs.gemm.proj_fwd 0 count
timing attn.qkv_proj 2.656264 ms
timing attn.rope_and_cache 0.062494 ms
timing attn.fwd_regime_scan 0.163451 ms
timing attn.fwd_r2_keep_kernel 2.044645 ms
timing attn.fwd_corner_flag 0.040755 ms
timing attn.core 2.26112 ms
timing fwd.o_proj 0.877235 ms
timing launches.fwd.o_proj 1 count
timing syncs.fwd.o_proj 0 count
timing gemm.proj_fwd 0.877235 ms
timing launches.gemm.proj_fwd 1 count
timing syncs.gemm.proj_fwd 0 count
timing attn.o_proj 0.884302 ms
timing block.attention_total 5.866613 ms
timing fwd.residual1_add 0.019567 ms
timing launches.fwd.residual1_add 1 count
timing syncs.fwd.residual1_add 0 count
timing fwd.norm2 0.303562 ms
timing launches.fwd.norm2 1 count
timing syncs.fwd.norm2 0 count
timing fwd.gate_proj 2.599601 ms
timing launches.fwd.gate_proj 0 count
timing syncs.fwd.gate_proj 0 count
timing gemm.gateup_fwd 2.599601 ms
timing launches.gemm.gateup_fwd 0 count
timing syncs.gemm.gateup_fwd 0 count
timing fwd.up_proj 2.581874 ms
timing launches.fwd.up_proj 0 count
timing syncs.fwd.up_proj 0 count
timing gemm.gateup_fwd 2.581874 ms
timing launches.gemm.gateup_fwd 0 count
timing syncs.gemm.gateup_fwd 0 count
timing fwd.silu 0.03123 ms
timing launches.fwd.silu 1 count
timing syncs.fwd.silu 0 count
timing fwd.gate_mul 0.029722 ms
timing launches.fwd.gate_mul 1 count
timing syncs.fwd.gate_mul 0 count
timing fwd.down_proj 2.462736 ms
timing launches.fwd.down_proj 1 count
timing syncs.fwd.down_proj 0 count
timing gemm.down_fwd 2.462736 ms
timing launches.gemm.down_fwd 1 count
timing syncs.gemm.down_fwd 0 count
timing fwd.residual2_add 0.019747 ms
timing launches.fwd.residual2_add 1 count
timing syncs.fwd.residual2_add 0 count
timing block.mlp_and_residuals 8.079019 ms
timing fwd.refuse_call 0.074804 ms
timing launches.fwd.refuse_call 2 count
timing syncs.fwd.refuse_call 2 count
timing fwd.norm1 0.315816 ms
timing launches.fwd.norm1 1 count
timing syncs.fwd.norm1 0 count
timing block.norm1 0.399231 ms
timing fwd.q_proj 0.878957 ms
timing launches.fwd.q_proj 1 count
timing syncs.fwd.q_proj 0 count
timing gemm.proj_fwd 0.878957 ms
timing launches.gemm.proj_fwd 1 count
timing syncs.gemm.proj_fwd 0 count
timing fwd.k_proj 0.871025 ms
timing launches.fwd.k_proj 1 count
timing syncs.fwd.k_proj 0 count
timing gemm.proj_fwd 0.871025 ms
timing launches.gemm.proj_fwd 1 count
timing syncs.gemm.proj_fwd 0 count
timing fwd.v_proj 0.888149 ms
timing launches.fwd.v_proj 1 count
timing syncs.fwd.v_proj 0 count
timing gemm.proj_fwd 0.888149 ms
timing launches.gemm.proj_fwd 1 count
timing syncs.gemm.proj_fwd 0 count
timing attn.qkv_proj 2.653213 ms
timing attn.rope_and_cache 0.068372 ms
timing attn.fwd_regime_scan 0.159035 ms
timing attn.fwd_r2_keep_kernel 2.028851 ms
timing attn.fwd_corner_flag 0.040197 ms
timing attn.core 2.240349 ms
timing fwd.o_proj 0.864529 ms
timing launches.fwd.o_proj 1 count
timing syncs.fwd.o_proj 0 count
timing gemm.proj_fwd 0.864529 ms
timing launches.gemm.proj_fwd 1 count
timing syncs.gemm.proj_fwd 0 count
timing attn.o_proj 0.871632 ms
timing block.attention_total 5.835936 ms
timing fwd.residual1_add 0.019441 ms
timing launches.fwd.residual1_add 1 count
timing syncs.fwd.residual1_add 0 count
timing fwd.norm2 0.302978 ms
timing launches.fwd.norm2 1 count
timing syncs.fwd.norm2 0 count
timing fwd.gate_proj 2.560016 ms
timing launches.fwd.gate_proj 0 count
timing syncs.fwd.gate_proj 0 count
timing gemm.gateup_fwd 2.560016 ms
timing launches.gemm.gateup_fwd 0 count
timing syncs.gemm.gateup_fwd 0 count
timing fwd.up_proj 2.634224 ms
timing launches.fwd.up_proj 0 count
timing syncs.fwd.up_proj 0 count
timing gemm.gateup_fwd 2.634224 ms
timing launches.gemm.gateup_fwd 0 count
timing syncs.gemm.gateup_fwd 0 count
timing fwd.silu 0.03063 ms
timing launches.fwd.silu 1 count
timing syncs.fwd.silu 0 count
timing fwd.gate_mul 0.029 ms
timing launches.fwd.gate_mul 1 count
timing syncs.fwd.gate_mul 0 count
timing fwd.down_proj 2.397032 ms
timing launches.fwd.down_proj 1 count
timing syncs.fwd.down_proj 0 count
timing gemm.down_fwd 2.397032 ms
timing launches.gemm.down_fwd 1 count
timing syncs.gemm.down_fwd 0 count
timing fwd.residual2_add 0.018776 ms
timing launches.fwd.residual2_add 1 count
timing syncs.fwd.residual2_add 0 count
timing block.mlp_and_residuals 8.022092 ms
timing fwd.refuse_call 0.072968 ms
timing launches.fwd.refuse_call 2 count
timing syncs.fwd.refuse_call 2 count
timing fwd.norm1 0.311751 ms
timing launches.fwd.norm1 1 count
timing syncs.fwd.norm1 0 count
timing block.norm1 0.390954 ms
timing fwd.q_proj 0.885047 ms
timing launches.fwd.q_proj 1 count
timing syncs.fwd.q_proj 0 count
timing gemm.proj_fwd 0.885047 ms
timing launches.gemm.proj_fwd 1 count
timing syncs.gemm.proj_fwd 0 count
timing fwd.k_proj 0.869038 ms
timing launches.fwd.k_proj 1 count
timing syncs.fwd.k_proj 0 count
timing gemm.proj_fwd 0.869038 ms
timing launches.gemm.proj_fwd 1 count
timing syncs.gemm.proj_fwd 0 count
timing fwd.v_proj 0.889946 ms
timing launches.fwd.v_proj 1 count
timing syncs.fwd.v_proj 0 count
timing gemm.proj_fwd 0.889946 ms
timing launches.gemm.proj_fwd 1 count
timing syncs.gemm.proj_fwd 0 count
timing attn.qkv_proj 2.659326 ms
timing attn.rope_and_cache 0.063108 ms
timing attn.fwd_regime_scan 0.16463 ms
timing attn.fwd_r2_keep_kernel 2.038623 ms
timing attn.fwd_corner_flag 0.040965 ms
timing attn.core 2.256523 ms
timing fwd.o_proj 0.887362 ms
timing launches.fwd.o_proj 1 count
timing syncs.fwd.o_proj 0 count
timing gemm.proj_fwd 0.887362 ms
timing launches.gemm.proj_fwd 1 count
timing syncs.gemm.proj_fwd 0 count
timing attn.o_proj 0.894361 ms
timing block.attention_total 5.87575 ms
timing fwd.residual1_add 0.019059 ms
timing launches.fwd.residual1_add 1 count
timing syncs.fwd.residual1_add 0 count
timing fwd.norm2 0.302517 ms
timing launches.fwd.norm2 1 count
timing syncs.fwd.norm2 0 count
timing fwd.gate_proj 2.619484 ms
timing launches.fwd.gate_proj 0 count
timing syncs.fwd.gate_proj 0 count
timing gemm.gateup_fwd 2.619484 ms
timing launches.gemm.gateup_fwd 0 count
timing syncs.gemm.gateup_fwd 0 count
timing fwd.up_proj 2.624204 ms
timing launches.fwd.up_proj 0 count
timing syncs.fwd.up_proj 0 count
timing gemm.gateup_fwd 2.624204 ms
timing launches.gemm.gateup_fwd 0 count
timing syncs.gemm.gateup_fwd 0 count
timing fwd.silu 0.036007 ms
timing launches.fwd.silu 1 count
timing syncs.fwd.silu 0 count
timing fwd.gate_mul 0.029407 ms
timing launches.fwd.gate_mul 1 count
timing syncs.fwd.gate_mul 0 count
timing fwd.down_proj 2.42081 ms
timing launches.fwd.down_proj 1 count
timing syncs.fwd.down_proj 0 count
timing gemm.down_fwd 2.42081 ms
timing launches.gemm.down_fwd 1 count
timing syncs.gemm.down_fwd 0 count
timing fwd.residual2_add 0.019167 ms
timing launches.fwd.residual2_add 1 count
timing syncs.fwd.residual2_add 0 count
timing block.mlp_and_residuals 8.102306 ms
timing fwd.refuse_call 0.071089 ms
timing launches.fwd.refuse_call 2 count
timing syncs.fwd.refuse_call 2 count
timing fwd.norm1 0.314247 ms
timing launches.fwd.norm1 1 count
timing syncs.fwd.norm1 0 count
timing block.norm1 0.390969 ms
timing fwd.q_proj 0.877621 ms
timing launches.fwd.q_proj 1 count
timing syncs.fwd.q_proj 0 count
timing gemm.proj_fwd 0.877621 ms
timing launches.gemm.proj_fwd 1 count
timing syncs.gemm.proj_fwd 0 count
timing fwd.k_proj 0.879483 ms
timing launches.fwd.k_proj 1 count
timing syncs.fwd.k_proj 0 count
timing gemm.proj_fwd 0.879483 ms
timing launches.gemm.proj_fwd 1 count
timing syncs.gemm.proj_fwd 0 count
timing fwd.v_proj 0.873372 ms
timing launches.fwd.v_proj 1 count
timing syncs.fwd.v_proj 0 count
timing gemm.proj_fwd 0.873372 ms
timing launches.gemm.proj_fwd 1 count
timing syncs.gemm.proj_fwd 0 count
timing attn.qkv_proj 2.64603 ms
timing attn.rope_and_cache 0.06312 ms
timing attn.fwd_regime_scan 0.160352 ms
timing attn.fwd_r2_keep_kernel 2.027157 ms
timing attn.fwd_corner_flag 0.041966 ms
timing attn.core 2.242098 ms
timing fwd.o_proj 0.885337 ms
timing launches.fwd.o_proj 1 count
timing syncs.fwd.o_proj 0 count
timing gemm.proj_fwd 0.885337 ms
timing launches.gemm.proj_fwd 1 count
timing syncs.gemm.proj_fwd 0 count
timing attn.o_proj 0.892439 ms
timing block.attention_total 5.845998 ms
timing fwd.residual1_add 0.019521 ms
timing launches.fwd.residual1_add 1 count
timing syncs.fwd.residual1_add 0 count
timing fwd.norm2 0.302836 ms
timing launches.fwd.norm2 1 count
timing syncs.fwd.norm2 0 count
timing fwd.gate_proj 2.534362 ms
timing launches.fwd.gate_proj 0 count
timing syncs.fwd.gate_proj 0 count
timing gemm.gateup_fwd 2.534362 ms
timing launches.gemm.gateup_fwd 0 count
timing syncs.gemm.gateup_fwd 0 count
timing fwd.up_proj 2.611343 ms
timing launches.fwd.up_proj 0 count
timing syncs.fwd.up_proj 0 count
timing gemm.gateup_fwd 2.611343 ms
timing launches.gemm.gateup_fwd 0 count
timing syncs.gemm.gateup_fwd 0 count
timing fwd.silu 0.031398 ms
timing launches.fwd.silu 1 count
timing syncs.fwd.silu 0 count
timing fwd.gate_mul 0.029539 ms
timing launches.fwd.gate_mul 1 count
timing syncs.fwd.gate_mul 0 count
timing fwd.down_proj 2.449947 ms
timing launches.fwd.down_proj 1 count
timing syncs.fwd.down_proj 0 count
timing gemm.down_fwd 2.449947 ms
timing launches.gemm.down_fwd 1 count
timing syncs.gemm.down_fwd 0 count
timing fwd.residual2_add 0.019524 ms
timing launches.fwd.residual2_add 1 count
timing syncs.fwd.residual2_add 0 count
timing block.mlp_and_residuals 8.028979 ms
timing fwd.refuse_call 0.070035 ms
timing launches.fwd.refuse_call 2 count
timing syncs.fwd.refuse_call 2 count
timing fwd.norm1 0.320721 ms
timing launches.fwd.norm1 1 count
timing syncs.fwd.norm1 0 count
timing block.norm1 0.397632 ms
timing fwd.q_proj 0.873389 ms
timing launches.fwd.q_proj 1 count
timing syncs.fwd.q_proj 0 count
timing gemm.proj_fwd 0.873389 ms
timing launches.gemm.proj_fwd 1 count
timing syncs.gemm.proj_fwd 0 count
timing fwd.k_proj 0.863269 ms
timing launches.fwd.k_proj 1 count
timing syncs.fwd.k_proj 0 count
timing gemm.proj_fwd 0.863269 ms
timing launches.gemm.proj_fwd 1 count
timing syncs.gemm.proj_fwd 0 count
timing fwd.v_proj 0.875351 ms
timing launches.fwd.v_proj 1 count
timing syncs.fwd.v_proj 0 count
timing gemm.proj_fwd 0.875351 ms
timing launches.gemm.proj_fwd 1 count
timing syncs.gemm.proj_fwd 0 count
timing attn.qkv_proj 2.628661 ms
timing attn.rope_and_cache 0.06321 ms
timing attn.fwd_regime_scan 0.163302 ms
timing attn.fwd_r2_keep_kernel 2.041649 ms
timing attn.fwd_corner_flag 0.041171 ms
timing attn.core 2.258792 ms
timing fwd.o_proj 0.872912 ms
timing launches.fwd.o_proj 1 count
timing syncs.fwd.o_proj 0 count
timing gemm.proj_fwd 0.872912 ms
timing launches.gemm.proj_fwd 1 count
timing syncs.gemm.proj_fwd 0 count
timing attn.o_proj 0.88006 ms
timing block.attention_total 5.833275 ms
timing fwd.residual1_add 0.01916 ms
timing launches.fwd.residual1_add 1 count
timing syncs.fwd.residual1_add 0 count
timing fwd.norm2 0.302123 ms
timing launches.fwd.norm2 1 count
timing syncs.fwd.norm2 0 count
timing fwd.gate_proj 2.600131 ms
timing launches.fwd.gate_proj 0 count
timing syncs.fwd.gate_proj 0 count
timing gemm.gateup_fwd 2.600131 ms
timing launches.gemm.gateup_fwd 0 count
timing syncs.gemm.gateup_fwd 0 count
timing fwd.up_proj 2.649258 ms
timing launches.fwd.up_proj 0 count
timing syncs.fwd.up_proj 0 count
timing gemm.gateup_fwd 2.649258 ms
timing launches.gemm.gateup_fwd 0 count
timing syncs.gemm.gateup_fwd 0 count
timing fwd.silu 0.031036 ms
timing launches.fwd.silu 1 count
timing syncs.fwd.silu 0 count
timing fwd.gate_mul 0.02948 ms
timing launches.fwd.gate_mul 1 count
timing syncs.fwd.gate_mul 0 count
timing fwd.down_proj 2.441024 ms
timing launches.fwd.down_proj 1 count
timing syncs.fwd.down_proj 0 count
timing gemm.down_fwd 2.441024 ms
timing launches.gemm.down_fwd 1 count
timing syncs.gemm.down_fwd 0 count
timing fwd.residual2_add 0.019647 ms
timing launches.fwd.residual2_add 1 count
timing syncs.fwd.residual2_add 0 count
timing block.mlp_and_residuals 8.121685 ms
timing fwd.refuse_call 0.074218 ms
timing launches.fwd.refuse_call 2 count
timing syncs.fwd.refuse_call 2 count
timing fwd.norm1 0.309586 ms
timing launches.fwd.norm1 1 count
timing syncs.fwd.norm1 0 count
timing block.norm1 0.389931 ms
timing fwd.q_proj 0.891144 ms
timing launches.fwd.q_proj 1 count
timing syncs.fwd.q_proj 0 count
timing gemm.proj_fwd 0.891144 ms
timing launches.gemm.proj_fwd 1 count
timing syncs.gemm.proj_fwd 0 count
timing fwd.k_proj 0.875553 ms
timing launches.fwd.k_proj 1 count
timing syncs.fwd.k_proj 0 count
timing gemm.proj_fwd 0.875553 ms
timing launches.gemm.proj_fwd 1 count
timing syncs.gemm.proj_fwd 0 count
timing fwd.v_proj 0.887307 ms
timing launches.fwd.v_proj 1 count
timing syncs.fwd.v_proj 0 count
timing gemm.proj_fwd 0.887307 ms
timing launches.gemm.proj_fwd 1 count
timing syncs.gemm.proj_fwd 0 count
timing attn.qkv_proj 2.669332 ms
timing attn.rope_and_cache 0.063117 ms
timing attn.fwd_regime_scan 0.162162 ms
timing attn.fwd_r2_keep_kernel 2.026878 ms
timing attn.fwd_corner_flag 0.041173 ms
timing attn.core 2.242605 ms
timing fwd.o_proj 0.877134 ms
timing launches.fwd.o_proj 1 count
timing syncs.fwd.o_proj 0 count
timing gemm.proj_fwd 0.877134 ms
timing launches.gemm.proj_fwd 1 count
timing syncs.gemm.proj_fwd 0 count
timing attn.o_proj 0.884248 ms
timing block.attention_total 5.861613 ms
timing fwd.residual1_add 0.01896 ms
timing launches.fwd.residual1_add 1 count
timing syncs.fwd.residual1_add 0 count
timing fwd.norm2 0.302341 ms
timing launches.fwd.norm2 1 count
timing syncs.fwd.norm2 0 count
timing fwd.gate_proj 2.604259 ms
timing launches.fwd.gate_proj 0 count
timing syncs.fwd.gate_proj 0 count
timing gemm.gateup_fwd 2.604259 ms
timing launches.gemm.gateup_fwd 0 count
timing syncs.gemm.gateup_fwd 0 count
timing fwd.up_proj 2.618648 ms
timing launches.fwd.up_proj 0 count
timing syncs.fwd.up_proj 0 count
timing gemm.gateup_fwd 2.618648 ms
timing launches.gemm.gateup_fwd 0 count
timing syncs.gemm.gateup_fwd 0 count
timing fwd.silu 0.031324 ms
timing launches.fwd.silu 1 count
timing syncs.fwd.silu 0 count
timing fwd.gate_mul 0.029319 ms
timing launches.fwd.gate_mul 1 count
timing syncs.fwd.gate_mul 0 count
timing fwd.down_proj 2.431127 ms
timing launches.fwd.down_proj 1 count
timing syncs.fwd.down_proj 0 count
timing gemm.down_fwd 2.431127 ms
timing launches.gemm.down_fwd 1 count
timing syncs.gemm.down_fwd 0 count
timing fwd.residual2_add 0.019193 ms
timing launches.fwd.residual2_add 1 count
timing syncs.fwd.residual2_add 0 count
timing block.mlp_and_residuals 8.087444 ms
timing envelope.blocks_forward 172.408727 ms
timing gemm.head_fwd 56.86805 ms
timing launches.gemm.head_fwd 0 count
timing syncs.gemm.head_fwd 0 count
timing step.head_forward 56.874598 ms
timing step.ce_refuse_scan 0.424831 ms
timing step.ce_refuse_scan_bytes 411705344 bytes
timing step.ce_refuse_scan_download_bytes 8192 bytes
timing step.ce_forward 1.494907 ms
timing step.loss_download 0.035704 ms
timing step.loss_download_bytes 4 bytes
timing step.ce_backward 0.739698 ms
timing gemm.head_dA 56.78741 ms
timing launches.gemm.head_dA 1 count
timing syncs.gemm.head_dA 0 count
timing step.head_backward_da 56.795782 ms
timing gemm.head_dB 59.410201 ms
timing launches.gemm.head_dB 0 count
timing syncs.gemm.head_dB 0 count
timing step.head_backward_db 59.415616 ms
timing grad.refuse_scan 0.046139 ms
timing launches.grad.refuse_scan 1 count
timing syncs.grad.refuse_scan 1 count
timing grad.residual2_copy 0.029509 ms
timing launches.grad.residual2_copy 2 count
timing syncs.grad.residual2_copy 0 count
timing grad.down_dA 2.552382 ms
timing launches.grad.down_dA 0 count
timing syncs.grad.down_dA 0 count
timing gemm.down_dA 2.552382 ms
timing launches.gemm.down_dA 0 count
timing syncs.gemm.down_dA 0 count
timing grad.down_dB 2.413822 ms
timing launches.grad.down_dB 1 count
timing syncs.grad.down_dB 0 count
timing gemm.down_dB 2.413822 ms
timing launches.gemm.down_dB 1 count
timing syncs.gemm.down_dB 0 count
timing grad.gate_mul 0.050795 ms
timing launches.grad.gate_mul 2 count
timing syncs.grad.gate_mul 0 count
timing grad.silu 0.037729 ms
timing launches.grad.silu 1 count
timing syncs.grad.silu 0 count
timing grad.gate_dB 2.371635 ms
timing launches.grad.gate_dB 1 count
timing syncs.grad.gate_dB 0 count
timing gemm.gateup_dB 2.371635 ms
timing launches.gemm.gateup_dB 1 count
timing syncs.gemm.gateup_dB 0 count
timing grad.up_dB 2.427865 ms
timing launches.grad.up_dB 1 count
timing syncs.grad.up_dB 0 count
timing gemm.gateup_dB 2.427865 ms
timing launches.gemm.gateup_dB 1 count
timing syncs.gemm.gateup_dB 0 count
timing grad.gate_dA 2.429969 ms
timing launches.grad.gate_dA 1 count
timing syncs.grad.gate_dA 0 count
timing gemm.gateup_dA 2.429969 ms
timing launches.gemm.gateup_dA 1 count
timing syncs.gemm.gateup_dA 0 count
timing grad.up_dA 2.372183 ms
timing launches.grad.up_dA 1 count
timing syncs.grad.up_dA 0 count
timing gemm.gateup_dA 2.372183 ms
timing launches.gemm.gateup_dA 1 count
timing syncs.gemm.gateup_dA 0 count
timing grad.gateup_fanin 0.021474 ms
timing launches.grad.gateup_fanin 1 count
timing syncs.grad.gateup_fanin 0 count
timing grad.norm2_kernels 0.156098 ms
timing launches.grad.norm2_kernels 3 count
timing syncs.grad.norm2_kernels 0 count
timing grad.norm2_dW 0.076429 ms
timing launches.grad.norm2_dW 2 count
timing syncs.grad.norm2_dW 1 count
timing gemm.norm_dW 0.076429 ms
timing launches.gemm.norm_dW 2 count
timing syncs.gemm.norm_dW 1 count
timing grad.residual1_add 0.019185 ms
timing launches.grad.residual1_add 1 count
timing syncs.grad.residual1_add 0 count
timing grad.o_copy 0.019215 ms
timing launches.grad.o_copy 1 count
timing syncs.grad.o_copy 0 count
timing grad.o_dA 0.890724 ms
timing launches.grad.o_dA 1 count
timing syncs.grad.o_dA 0 count
timing gemm.proj_dA 0.890724 ms
timing launches.gemm.proj_dA 1 count
timing syncs.gemm.proj_dA 0 count
timing grad.o_dB 0.847107 ms
timing launches.grad.o_dB 1 count
timing syncs.grad.o_dB 0 count
timing gemm.proj_dB 0.847107 ms
timing launches.gemm.proj_dB 1 count
timing syncs.gemm.proj_dB 0 count
timing bwd.mlp_through_oproj 16.829845 ms
timing launches.bwd.mlp_through_oproj 21 count
timing syncs.bwd.mlp_through_oproj 2 count
timing bwd.before_attention 0.000605 ms
timing attn.bwd_regime_scan 0.215692 ms
timing attn.bwd_scratch_alloc 0.018011 ms
timing attn.bwd_zdot_estash_dres_pf 1.077773 ms
timing attn.bwd_dq_tiled_pf 2.293615 ms
timing attn.bwd_kvgrid_dkdv_pf 1.773406 ms
timing attn.bwd_corner_flag 0.056729 ms
timing bwd.attention 5.448826 ms
timing grad.kv_slice 0.035397 ms
timing launches.grad.kv_slice 2 count
timing syncs.grad.kv_slice 0 count
timing grad.rope 0.036267 ms
timing launches.grad.rope 2 count
timing syncs.grad.rope 0 count
timing grad.q_dB 0.875988 ms
timing launches.grad.q_dB 1 count
timing syncs.grad.q_dB 0 count
timing gemm.proj_dB 0.875988 ms
timing launches.gemm.proj_dB 1 count
timing syncs.gemm.proj_dB 0 count
timing grad.k_dB 0.840169 ms
timing launches.grad.k_dB 1 count
timing syncs.grad.k_dB 0 count
timing gemm.proj_dB 0.840169 ms
timing launches.gemm.proj_dB 1 count
timing syncs.gemm.proj_dB 0 count
timing grad.v_dB 0.852691 ms
timing launches.grad.v_dB 1 count
timing syncs.grad.v_dB 0 count
timing gemm.proj_dB 0.852691 ms
timing launches.gemm.proj_dB 1 count
timing syncs.gemm.proj_dB 0 count
timing grad.q_dA 0.893053 ms
timing launches.grad.q_dA 1 count
timing syncs.grad.q_dA 0 count
timing gemm.proj_dA 0.893053 ms
timing launches.gemm.proj_dA 1 count
timing syncs.gemm.proj_dA 0 count
timing grad.k_dA 0.889738 ms
timing launches.grad.k_dA 1 count
timing syncs.grad.k_dA 0 count
timing gemm.proj_dA 0.889738 ms
timing launches.gemm.proj_dA 1 count
timing syncs.gemm.proj_dA 0 count
timing grad.v_dA 0.900288 ms
timing launches.grad.v_dA 1 count
timing syncs.grad.v_dA 0 count
timing gemm.proj_dA 0.900288 ms
timing launches.gemm.proj_dA 1 count
timing syncs.gemm.proj_dA 0 count
timing grad.qkv_fanin 0.021046 ms
timing launches.grad.qkv_fanin 1 count
timing syncs.grad.qkv_fanin 0 count
timing grad.norm1_kernels 0.152509 ms
timing launches.grad.norm1_kernels 3 count
timing syncs.grad.norm1_kernels 0 count
timing grad.norm1_dW 0.071917 ms
timing launches.grad.norm1_dW 2 count
timing syncs.grad.norm1_dW 1 count
timing gemm.norm_dW 0.071917 ms
timing launches.gemm.norm_dW 2 count
timing syncs.gemm.norm_dW 1 count
timing grad.x_add 0.019202 ms
timing launches.grad.x_add 1 count
timing syncs.grad.x_add 0 count
timing bwd.after_attention 5.637155 ms
timing grad.refuse_scan 0.041082 ms
timing launches.grad.refuse_scan 1 count
timing syncs.grad.refuse_scan 1 count
timing grad.residual2_copy 0.027075 ms
timing launches.grad.residual2_copy 2 count
timing syncs.grad.residual2_copy 0 count
timing grad.down_dA 2.554521 ms
timing launches.grad.down_dA 0 count
timing syncs.grad.down_dA 0 count
timing gemm.down_dA 2.554521 ms
timing launches.gemm.down_dA 0 count
timing syncs.gemm.down_dA 0 count
timing grad.down_dB 2.418933 ms
timing launches.grad.down_dB 1 count
timing syncs.grad.down_dB 0 count
timing gemm.down_dB 2.418933 ms
timing launches.gemm.down_dB 1 count
timing syncs.gemm.down_dB 0 count
timing grad.gate_mul 0.049947 ms
timing launches.grad.gate_mul 2 count
timing syncs.grad.gate_mul 0 count
timing grad.silu 0.034501 ms
timing launches.grad.silu 1 count
timing syncs.grad.silu 0 count
timing grad.gate_dB 2.417625 ms
timing launches.grad.gate_dB 1 count
timing syncs.grad.gate_dB 0 count
timing gemm.gateup_dB 2.417625 ms
timing launches.gemm.gateup_dB 1 count
timing syncs.gemm.gateup_dB 0 count
timing grad.up_dB 2.390408 ms
timing launches.grad.up_dB 1 count
timing syncs.grad.up_dB 0 count
timing gemm.gateup_dB 2.390408 ms
timing launches.gemm.gateup_dB 1 count
timing syncs.gemm.gateup_dB 0 count
timing grad.gate_dA 2.404126 ms
timing launches.grad.gate_dA 1 count
timing syncs.grad.gate_dA 0 count
timing gemm.gateup_dA 2.404126 ms
timing launches.gemm.gateup_dA 1 count
timing syncs.gemm.gateup_dA 0 count
timing grad.up_dA 2.394842 ms
timing launches.grad.up_dA 1 count
timing syncs.grad.up_dA 0 count
timing gemm.gateup_dA 2.394842 ms
timing launches.gemm.gateup_dA 1 count
timing syncs.gemm.gateup_dA 0 count
timing grad.gateup_fanin 0.020104 ms
timing launches.grad.gateup_fanin 1 count
timing syncs.grad.gateup_fanin 0 count
timing grad.norm2_kernels 0.151608 ms
timing launches.grad.norm2_kernels 3 count
timing syncs.grad.norm2_kernels 0 count
timing grad.norm2_dW 0.071916 ms
timing launches.grad.norm2_dW 2 count
timing syncs.grad.norm2_dW 1 count
timing gemm.norm_dW 0.071916 ms
timing launches.gemm.norm_dW 2 count
timing syncs.gemm.norm_dW 1 count
timing grad.residual1_add 0.019176 ms
timing launches.grad.residual1_add 1 count
timing syncs.grad.residual1_add 0 count
timing grad.o_copy 0.019142 ms
timing launches.grad.o_copy 1 count
timing syncs.grad.o_copy 0 count
timing grad.o_dA 0.889468 ms
timing launches.grad.o_dA 1 count
timing syncs.grad.o_dA 0 count
timing gemm.proj_dA 0.889468 ms
timing launches.gemm.proj_dA 1 count
timing syncs.gemm.proj_dA 0 count
timing grad.o_dB 0.850041 ms
timing launches.grad.o_dB 1 count
timing syncs.grad.o_dB 0 count
timing gemm.proj_dB 0.850041 ms
timing launches.gemm.proj_dB 1 count
timing syncs.gemm.proj_dB 0 count
timing bwd.mlp_through_oproj 16.821746 ms
timing launches.bwd.mlp_through_oproj 21 count
timing syncs.bwd.mlp_through_oproj 2 count
timing bwd.before_attention 0.000603 ms
timing attn.bwd_regime_scan 0.215431 ms
timing attn.bwd_scratch_alloc 0.016568 ms
timing attn.bwd_zdot_estash_dres_pf 1.058248 ms
timing attn.bwd_dq_tiled_pf 2.279923 ms
timing attn.bwd_kvgrid_dkdv_pf 1.782363 ms
timing attn.bwd_corner_flag 0.056594 ms
timing bwd.attention 5.42176 ms
timing grad.kv_slice 0.031224 ms
timing launches.grad.kv_slice 2 count
timing syncs.grad.kv_slice 0 count
timing grad.rope 0.032654 ms
timing launches.grad.rope 2 count
timing syncs.grad.rope 0 count
timing grad.q_dB 0.899367 ms
timing launches.grad.q_dB 1 count
timing syncs.grad.q_dB 0 count
timing gemm.proj_dB 0.899367 ms
timing launches.gemm.proj_dB 1 count
timing syncs.gemm.proj_dB 0 count
timing grad.k_dB 0.8491 ms
timing launches.grad.k_dB 1 count
timing syncs.grad.k_dB 0 count
timing gemm.proj_dB 0.8491 ms
timing launches.gemm.proj_dB 1 count
timing syncs.gemm.proj_dB 0 count
timing grad.v_dB 0.865361 ms
timing launches.grad.v_dB 1 count
timing syncs.grad.v_dB 0 count
timing gemm.proj_dB 0.865361 ms
timing launches.gemm.proj_dB 1 count
timing syncs.gemm.proj_dB 0 count
timing grad.q_dA 0.89147 ms
timing launches.grad.q_dA 1 count
timing syncs.grad.q_dA 0 count
timing gemm.proj_dA 0.89147 ms
timing launches.gemm.proj_dA 1 count
timing syncs.gemm.proj_dA 0 count
timing grad.k_dA 0.908422 ms
timing launches.grad.k_dA 1 count
timing syncs.grad.k_dA 0 count
timing gemm.proj_dA 0.908422 ms
timing launches.gemm.proj_dA 1 count
timing syncs.gemm.proj_dA 0 count
timing grad.v_dA 0.899236 ms
timing launches.grad.v_dA 1 count
timing syncs.grad.v_dA 0 count
timing gemm.proj_dA 0.899236 ms
timing launches.gemm.proj_dA 1 count
timing syncs.gemm.proj_dA 0 count
timing grad.qkv_fanin 0.020227 ms
timing launches.grad.qkv_fanin 1 count
timing syncs.grad.qkv_fanin 0 count
timing grad.norm1_kernels 0.152082 ms
timing launches.grad.norm1_kernels 3 count
timing syncs.grad.norm1_kernels 0 count
timing grad.norm1_dW 0.072284 ms
timing launches.grad.norm1_dW 2 count
timing syncs.grad.norm1_dW 1 count
timing gemm.norm_dW 0.072284 ms
timing launches.gemm.norm_dW 2 count
timing syncs.gemm.norm_dW 1 count
timing grad.x_add 0.01933 ms
timing launches.grad.x_add 1 count
timing syncs.grad.x_add 0 count
timing bwd.after_attention 5.689669 ms
timing grad.refuse_scan 0.043345 ms
timing launches.grad.refuse_scan 1 count
timing syncs.grad.refuse_scan 1 count
timing grad.residual2_copy 0.026683 ms
timing launches.grad.residual2_copy 2 count
timing syncs.grad.residual2_copy 0 count
timing grad.down_dA 2.562822 ms
timing launches.grad.down_dA 0 count
timing syncs.grad.down_dA 0 count
timing gemm.down_dA 2.562822 ms
timing launches.gemm.down_dA 0 count
timing syncs.gemm.down_dA 0 count
timing grad.down_dB 2.404974 ms
timing launches.grad.down_dB 1 count
timing syncs.grad.down_dB 0 count
timing gemm.down_dB 2.404974 ms
timing launches.gemm.down_dB 1 count
timing syncs.gemm.down_dB 0 count
timing grad.gate_mul 0.050618 ms
timing launches.grad.gate_mul 2 count
timing syncs.grad.gate_mul 0 count
timing grad.silu 0.034587 ms
timing launches.grad.silu 1 count
timing syncs.grad.silu 0 count
timing grad.gate_dB 2.427842 ms
timing launches.grad.gate_dB 1 count
timing syncs.grad.gate_dB 0 count
timing gemm.gateup_dB 2.427842 ms
timing launches.gemm.gateup_dB 1 count
timing syncs.gemm.gateup_dB 0 count
timing grad.up_dB 2.380351 ms
timing launches.grad.up_dB 1 count
timing syncs.grad.up_dB 0 count
timing gemm.gateup_dB 2.380351 ms
timing launches.gemm.gateup_dB 1 count
timing syncs.gemm.gateup_dB 0 count
timing grad.gate_dA 2.399074 ms
timing launches.grad.gate_dA 1 count
timing syncs.grad.gate_dA 0 count
timing gemm.gateup_dA 2.399074 ms
timing launches.gemm.gateup_dA 1 count
timing syncs.gemm.gateup_dA 0 count
timing grad.up_dA 2.423296 ms
timing launches.grad.up_dA 1 count
timing syncs.grad.up_dA 0 count
timing gemm.gateup_dA 2.423296 ms
timing launches.gemm.gateup_dA 1 count
timing syncs.gemm.gateup_dA 0 count
timing grad.gateup_fanin 0.019823 ms
timing launches.grad.gateup_fanin 1 count
timing syncs.grad.gateup_fanin 0 count
timing grad.norm2_kernels 0.149964 ms
timing launches.grad.norm2_kernels 3 count
timing syncs.grad.norm2_kernels 0 count
timing grad.norm2_dW 0.071838 ms
timing launches.grad.norm2_dW 2 count
timing syncs.grad.norm2_dW 1 count
timing gemm.norm_dW 0.071838 ms
timing launches.gemm.norm_dW 2 count
timing syncs.gemm.norm_dW 1 count
timing grad.residual1_add 0.018856 ms
timing launches.grad.residual1_add 1 count
timing syncs.grad.residual1_add 0 count
timing grad.o_copy 0.018454 ms
timing launches.grad.o_copy 1 count
timing syncs.grad.o_copy 0 count
timing grad.o_dA 0.867404 ms
timing launches.grad.o_dA 1 count
timing syncs.grad.o_dA 0 count
timing gemm.proj_dA 0.867404 ms
timing launches.gemm.proj_dA 1 count
timing syncs.gemm.proj_dA 0 count
timing grad.o_dB 0.861498 ms
timing launches.grad.o_dB 1 count
timing syncs.grad.o_dB 0 count
timing gemm.proj_dB 0.861498 ms
timing launches.gemm.proj_dB 1 count
timing syncs.gemm.proj_dB 0 count
timing bwd.mlp_through_oproj 16.82768 ms
timing launches.bwd.mlp_through_oproj 21 count
timing syncs.bwd.mlp_through_oproj 2 count
timing bwd.before_attention 0.000624 ms
timing attn.bwd_regime_scan 0.214523 ms
timing attn.bwd_scratch_alloc 0.01662 ms
timing attn.bwd_zdot_estash_dres_pf 1.067135 ms
timing attn.bwd_dq_tiled_pf 2.283686 ms
timing attn.bwd_kvgrid_dkdv_pf 1.808102 ms
timing attn.bwd_corner_flag 0.055872 ms
timing bwd.attention 5.458501 ms
timing grad.kv_slice 0.031261 ms
timing launches.grad.kv_slice 2 count
timing syncs.grad.kv_slice 0 count
timing grad.rope 0.033207 ms
timing launches.grad.rope 2 count
timing syncs.grad.rope 0 count
timing grad.q_dB 0.883846 ms
timing launches.grad.q_dB 1 count
timing syncs.grad.q_dB 0 count
timing gemm.proj_dB 0.883846 ms
timing launches.gemm.proj_dB 1 count
timing syncs.gemm.proj_dB 0 count
timing grad.k_dB 0.851434 ms
timing launches.grad.k_dB 1 count
timing syncs.grad.k_dB 0 count
timing gemm.proj_dB 0.851434 ms
timing launches.gemm.proj_dB 1 count
timing syncs.gemm.proj_dB 0 count
timing grad.v_dB 0.861174 ms
timing launches.grad.v_dB 1 count
timing syncs.grad.v_dB 0 count
timing gemm.proj_dB 0.861174 ms
timing launches.gemm.proj_dB 1 count
timing syncs.gemm.proj_dB 0 count
timing grad.q_dA 0.887902 ms
timing launches.grad.q_dA 1 count
timing syncs.grad.q_dA 0 count
timing gemm.proj_dA 0.887902 ms
timing launches.gemm.proj_dA 1 count
timing syncs.gemm.proj_dA 0 count
timing grad.k_dA 0.874451 ms
timing launches.grad.k_dA 1 count
timing syncs.grad.k_dA 0 count
timing gemm.proj_dA 0.874451 ms
timing launches.gemm.proj_dA 1 count
timing syncs.gemm.proj_dA 0 count
timing grad.v_dA 0.89213 ms
timing launches.grad.v_dA 1 count
timing syncs.grad.v_dA 0 count
timing gemm.proj_dA 0.89213 ms
timing launches.gemm.proj_dA 1 count
timing syncs.gemm.proj_dA 0 count
timing grad.qkv_fanin 0.020167 ms
timing launches.grad.qkv_fanin 1 count
timing syncs.grad.qkv_fanin 0 count
timing grad.norm1_kernels 0.153155 ms
timing launches.grad.norm1_kernels 3 count
timing syncs.grad.norm1_kernels 0 count
timing grad.norm1_dW 0.072762 ms
timing launches.grad.norm1_dW 2 count
timing syncs.grad.norm1_dW 1 count
timing gemm.norm_dW 0.072762 ms
timing launches.gemm.norm_dW 2 count
timing syncs.gemm.norm_dW 1 count
timing grad.x_add 0.019185 ms
timing launches.grad.x_add 1 count
timing syncs.grad.x_add 0 count
timing bwd.after_attention 5.629537 ms
timing grad.refuse_scan 0.041662 ms
timing launches.grad.refuse_scan 1 count
timing syncs.grad.refuse_scan 1 count
timing grad.residual2_copy 0.027893 ms
timing launches.grad.residual2_copy 2 count
timing syncs.grad.residual2_copy 0 count
timing grad.down_dA 2.577254 ms
timing launches.grad.down_dA 0 count
timing syncs.grad.down_dA 0 count
timing gemm.down_dA 2.577254 ms
timing launches.gemm.down_dA 0 count
timing syncs.gemm.down_dA 0 count
timing grad.down_dB 2.422096 ms
timing launches.grad.down_dB 1 count
timing syncs.grad.down_dB 0 count
timing gemm.down_dB 2.422096 ms
timing launches.gemm.down_dB 1 count
timing syncs.gemm.down_dB 0 count
timing grad.gate_mul 0.049305 ms
timing launches.grad.gate_mul 2 count
timing syncs.grad.gate_mul 0 count
timing grad.silu 0.03537 ms
timing launches.grad.silu 1 count
timing syncs.grad.silu 0 count
timing grad.gate_dB 2.383007 ms
timing launches.grad.gate_dB 1 count
timing syncs.grad.gate_dB 0 count
timing gemm.gateup_dB 2.383007 ms
timing launches.gemm.gateup_dB 1 count
timing syncs.gemm.gateup_dB 0 count
timing grad.up_dB 2.382382 ms
timing launches.grad.up_dB 1 count
timing syncs.grad.up_dB 0 count
timing gemm.gateup_dB 2.382382 ms
timing launches.gemm.gateup_dB 1 count
timing syncs.gemm.gateup_dB 0 count
timing grad.gate_dA 2.405776 ms
timing launches.grad.gate_dA 1 count
timing syncs.grad.gate_dA 0 count
timing gemm.gateup_dA 2.405776 ms
timing launches.gemm.gateup_dA 1 count
timing syncs.gemm.gateup_dA 0 count
timing grad.up_dA 2.377708 ms
timing launches.grad.up_dA 1 count
timing syncs.grad.up_dA 0 count
timing gemm.gateup_dA 2.377708 ms
timing launches.gemm.gateup_dA 1 count
timing syncs.gemm.gateup_dA 0 count
timing grad.gateup_fanin 0.019797 ms
timing launches.grad.gateup_fanin 1 count
timing syncs.grad.gateup_fanin 0 count
timing grad.norm2_kernels 0.153742 ms
timing launches.grad.norm2_kernels 3 count
timing syncs.grad.norm2_kernels 0 count
timing grad.norm2_dW 0.072101 ms
timing launches.grad.norm2_dW 2 count
timing syncs.grad.norm2_dW 1 count
timing gemm.norm_dW 0.072101 ms
timing launches.gemm.norm_dW 2 count
timing syncs.gemm.norm_dW 1 count
timing grad.residual1_add 0.018685 ms
timing launches.grad.residual1_add 1 count
timing syncs.grad.residual1_add 0 count
timing grad.o_copy 0.019077 ms
timing launches.grad.o_copy 1 count
timing syncs.grad.o_copy 0 count
timing grad.o_dA 0.886191 ms
timing launches.grad.o_dA 1 count
timing syncs.grad.o_dA 0 count
timing gemm.proj_dA 0.886191 ms
timing launches.gemm.proj_dA 1 count
timing syncs.gemm.proj_dA 0 count
timing grad.o_dB 0.862722 ms
timing launches.grad.o_dB 1 count
timing syncs.grad.o_dB 0 count
timing gemm.proj_dB 0.862722 ms
timing launches.gemm.proj_dB 1 count
timing syncs.gemm.proj_dB 0 count
timing bwd.mlp_through_oproj 16.798142 ms
timing launches.bwd.mlp_through_oproj 21 count
timing syncs.bwd.mlp_through_oproj 2 count
timing bwd.before_attention 0.000627 ms
timing attn.bwd_regime_scan 0.218499 ms
timing attn.bwd_scratch_alloc 0.017902 ms
timing attn.bwd_zdot_estash_dres_pf 1.062555 ms
timing attn.bwd_dq_tiled_pf 2.278989 ms
timing attn.bwd_kvgrid_dkdv_pf 1.785491 ms
timing attn.bwd_corner_flag 0.0556 ms
timing bwd.attention 5.43136 ms
timing grad.kv_slice 0.030587 ms
timing launches.grad.kv_slice 2 count
timing syncs.grad.kv_slice 0 count
timing grad.rope 0.032584 ms
timing launches.grad.rope 2 count
timing syncs.grad.rope 0 count
timing grad.q_dB 0.893023 ms
timing launches.grad.q_dB 1 count
timing syncs.grad.q_dB 0 count
timing gemm.proj_dB 0.893023 ms
timing launches.gemm.proj_dB 1 count
timing syncs.gemm.proj_dB 0 count
timing grad.k_dB 0.85266 ms
timing launches.grad.k_dB 1 count
timing syncs.grad.k_dB 0 count
timing gemm.proj_dB 0.85266 ms
timing launches.gemm.proj_dB 1 count
timing syncs.gemm.proj_dB 0 count
timing grad.v_dB 0.862857 ms
timing launches.grad.v_dB 1 count
timing syncs.grad.v_dB 0 count
timing gemm.proj_dB 0.862857 ms
timing launches.gemm.proj_dB 1 count
timing syncs.gemm.proj_dB 0 count
timing grad.q_dA 0.89618 ms
timing launches.grad.q_dA 1 count
timing syncs.grad.q_dA 0 count
timing gemm.proj_dA 0.89618 ms
timing launches.gemm.proj_dA 1 count
timing syncs.gemm.proj_dA 0 count
timing grad.k_dA 0.903408 ms
timing launches.grad.k_dA 1 count
timing syncs.grad.k_dA 0 count
timing gemm.proj_dA 0.903408 ms
timing launches.gemm.proj_dA 1 count
timing syncs.gemm.proj_dA 0 count
timing grad.v_dA 0.887371 ms
timing launches.grad.v_dA 1 count
timing syncs.grad.v_dA 0 count
timing gemm.proj_dA 0.887371 ms
timing launches.gemm.proj_dA 1 count
timing syncs.gemm.proj_dA 0 count
timing grad.qkv_fanin 0.020071 ms
timing launches.grad.qkv_fanin 1 count
timing syncs.grad.qkv_fanin 0 count
timing grad.norm1_kernels 0.15277 ms
timing launches.grad.norm1_kernels 3 count
timing syncs.grad.norm1_kernels 0 count
timing grad.norm1_dW 0.071194 ms
timing launches.grad.norm1_dW 2 count
timing syncs.grad.norm1_dW 1 count
timing gemm.norm_dW 0.071194 ms
timing launches.gemm.norm_dW 2 count
timing syncs.gemm.norm_dW 1 count
timing grad.x_add 0.024603 ms
timing launches.grad.x_add 1 count
timing syncs.grad.x_add 0 count
timing bwd.after_attention 5.676959 ms
timing grad.refuse_scan 0.041987 ms
timing launches.grad.refuse_scan 1 count
timing syncs.grad.refuse_scan 1 count
timing grad.residual2_copy 0.027017 ms
timing launches.grad.residual2_copy 2 count
timing syncs.grad.residual2_copy 0 count
timing grad.down_dA 2.550567 ms
timing launches.grad.down_dA 0 count
timing syncs.grad.down_dA 0 count
timing gemm.down_dA 2.550567 ms
timing launches.gemm.down_dA 0 count
timing syncs.gemm.down_dA 0 count
timing grad.down_dB 2.410032 ms
timing launches.grad.down_dB 1 count
timing syncs.grad.down_dB 0 count
timing gemm.down_dB 2.410032 ms
timing launches.gemm.down_dB 1 count
timing syncs.gemm.down_dB 0 count
timing grad.gate_mul 0.049605 ms
timing launches.grad.gate_mul 2 count
timing syncs.grad.gate_mul 0 count
timing grad.silu 0.035322 ms
timing launches.grad.silu 1 count
timing syncs.grad.silu 0 count
timing grad.gate_dB 2.3956 ms
timing launches.grad.gate_dB 1 count
timing syncs.grad.gate_dB 0 count
timing gemm.gateup_dB 2.3956 ms
timing launches.gemm.gateup_dB 1 count
timing syncs.gemm.gateup_dB 0 count
timing grad.up_dB 2.386846 ms
timing launches.grad.up_dB 1 count
timing syncs.grad.up_dB 0 count
timing gemm.gateup_dB 2.386846 ms
timing launches.gemm.gateup_dB 1 count
timing syncs.gemm.gateup_dB 0 count
timing grad.gate_dA 2.383057 ms
timing launches.grad.gate_dA 1 count
timing syncs.grad.gate_dA 0 count
timing gemm.gateup_dA 2.383057 ms
timing launches.gemm.gateup_dA 1 count
timing syncs.gemm.gateup_dA 0 count
timing grad.up_dA 2.43094 ms
timing launches.grad.up_dA 1 count
timing syncs.grad.up_dA 0 count
timing gemm.gateup_dA 2.43094 ms
timing launches.gemm.gateup_dA 1 count
timing syncs.gemm.gateup_dA 0 count
timing grad.gateup_fanin 0.019234 ms
timing launches.grad.gateup_fanin 1 count
timing syncs.grad.gateup_fanin 0 count
timing grad.norm2_kernels 0.152579 ms
timing launches.grad.norm2_kernels 3 count
timing syncs.grad.norm2_kernels 0 count
timing grad.norm2_dW 0.071954 ms
timing launches.grad.norm2_dW 2 count
timing syncs.grad.norm2_dW 1 count
timing gemm.norm_dW 0.071954 ms
timing launches.gemm.norm_dW 2 count
timing syncs.gemm.norm_dW 1 count
timing grad.residual1_add 0.020178 ms
timing launches.grad.residual1_add 1 count
timing syncs.grad.residual1_add 0 count
timing grad.o_copy 0.018654 ms
timing launches.grad.o_copy 1 count
timing syncs.grad.o_copy 0 count
timing grad.o_dA 0.884293 ms
timing launches.grad.o_dA 1 count
timing syncs.grad.o_dA 0 count
timing gemm.proj_dA 0.884293 ms
timing launches.gemm.proj_dA 1 count
timing syncs.gemm.proj_dA 0 count
timing grad.o_dB 0.854927 ms
timing launches.grad.o_dB 1 count
timing syncs.grad.o_dB 0 count
timing gemm.proj_dB 0.854927 ms
timing launches.gemm.proj_dB 1 count
timing syncs.gemm.proj_dB 0 count
timing bwd.mlp_through_oproj 16.796647 ms
timing launches.bwd.mlp_through_oproj 21 count
timing syncs.bwd.mlp_through_oproj 2 count
timing bwd.before_attention 0.000633 ms
timing attn.bwd_regime_scan 0.22692 ms
timing attn.bwd_scratch_alloc 0.018288 ms
timing attn.bwd_zdot_estash_dres_pf 1.068342 ms
timing attn.bwd_dq_tiled_pf 2.278516 ms
timing attn.bwd_kvgrid_dkdv_pf 1.756599 ms
timing attn.bwd_corner_flag 0.054789 ms
timing bwd.attention 5.41573 ms
timing grad.kv_slice 0.030773 ms
timing launches.grad.kv_slice 2 count
timing syncs.grad.kv_slice 0 count
timing grad.rope 0.035325 ms
timing launches.grad.rope 2 count
timing syncs.grad.rope 0 count
timing grad.q_dB 0.872452 ms
timing launches.grad.q_dB 1 count
timing syncs.grad.q_dB 0 count
timing gemm.proj_dB 0.872452 ms
timing launches.gemm.proj_dB 1 count
timing syncs.gemm.proj_dB 0 count
timing grad.k_dB 0.846845 ms
timing launches.grad.k_dB 1 count
timing syncs.grad.k_dB 0 count
timing gemm.proj_dB 0.846845 ms
timing launches.gemm.proj_dB 1 count
timing syncs.gemm.proj_dB 0 count
timing grad.v_dB 0.861433 ms
timing launches.grad.v_dB 1 count
timing syncs.grad.v_dB 0 count
timing gemm.proj_dB 0.861433 ms
timing launches.gemm.proj_dB 1 count
timing syncs.gemm.proj_dB 0 count
timing grad.q_dA 0.906691 ms
timing launches.grad.q_dA 1 count
timing syncs.grad.q_dA 0 count
timing gemm.proj_dA 0.906691 ms
timing launches.gemm.proj_dA 1 count
timing syncs.gemm.proj_dA 0 count
timing grad.k_dA 0.88276 ms
timing launches.grad.k_dA 1 count
timing syncs.grad.k_dA 0 count
timing gemm.proj_dA 0.88276 ms
timing launches.gemm.proj_dA 1 count
timing syncs.gemm.proj_dA 0 count
timing grad.v_dA 0.874084 ms
timing launches.grad.v_dA 1 count
timing syncs.grad.v_dA 0 count
timing gemm.proj_dA 0.874084 ms
timing launches.gemm.proj_dA 1 count
timing syncs.gemm.proj_dA 0 count
timing grad.qkv_fanin 0.019666 ms
timing launches.grad.qkv_fanin 1 count
timing syncs.grad.qkv_fanin 0 count
timing grad.norm1_kernels 0.15044 ms
timing launches.grad.norm1_kernels 3 count
timing syncs.grad.norm1_kernels 0 count
timing grad.norm1_dW 0.070892 ms
timing launches.grad.norm1_dW 2 count
timing syncs.grad.norm1_dW 1 count
timing gemm.norm_dW 0.070892 ms
timing launches.gemm.norm_dW 2 count
timing syncs.gemm.norm_dW 1 count
timing grad.x_add 0.018863 ms
timing launches.grad.x_add 1 count
timing syncs.grad.x_add 0 count
timing bwd.after_attention 5.61683 ms
timing grad.refuse_scan 0.041444 ms
timing launches.grad.refuse_scan 1 count
timing syncs.grad.refuse_scan 1 count
timing grad.residual2_copy 0.029132 ms
timing launches.grad.residual2_copy 2 count
timing syncs.grad.residual2_copy 0 count
timing grad.down_dA 2.549563 ms
timing launches.grad.down_dA 0 count
timing syncs.grad.down_dA 0 count
timing gemm.down_dA 2.549563 ms
timing launches.gemm.down_dA 0 count
timing syncs.gemm.down_dA 0 count
timing grad.down_dB 2.387086 ms
timing launches.grad.down_dB 1 count
timing syncs.grad.down_dB 0 count
timing gemm.down_dB 2.387086 ms
timing launches.gemm.down_dB 1 count
timing syncs.gemm.down_dB 0 count
timing grad.gate_mul 0.051957 ms
timing launches.grad.gate_mul 2 count
timing syncs.grad.gate_mul 0 count
timing grad.silu 0.035304 ms
timing launches.grad.silu 1 count
timing syncs.grad.silu 0 count
timing grad.gate_dB 2.390085 ms
timing launches.grad.gate_dB 1 count
timing syncs.grad.gate_dB 0 count
timing gemm.gateup_dB 2.390085 ms
timing launches.gemm.gateup_dB 1 count
timing syncs.gemm.gateup_dB 0 count
timing grad.up_dB 2.403869 ms
timing launches.grad.up_dB 1 count
timing syncs.grad.up_dB 0 count
timing gemm.gateup_dB 2.403869 ms
timing launches.gemm.gateup_dB 1 count
timing syncs.gemm.gateup_dB 0 count
timing grad.gate_dA 2.405681 ms
timing launches.grad.gate_dA 1 count
timing syncs.grad.gate_dA 0 count
timing gemm.gateup_dA 2.405681 ms
timing launches.gemm.gateup_dA 1 count
timing syncs.gemm.gateup_dA 0 count
timing grad.up_dA 2.402707 ms
timing launches.grad.up_dA 1 count
timing syncs.grad.up_dA 0 count
timing gemm.gateup_dA 2.402707 ms
timing launches.gemm.gateup_dA 1 count
timing syncs.gemm.gateup_dA 0 count
timing grad.gateup_fanin 0.019662 ms
timing launches.grad.gateup_fanin 1 count
timing syncs.grad.gateup_fanin 0 count
timing grad.norm2_kernels 0.150442 ms
timing launches.grad.norm2_kernels 3 count
timing syncs.grad.norm2_kernels 0 count
timing grad.norm2_dW 0.070822 ms
timing launches.grad.norm2_dW 2 count
timing syncs.grad.norm2_dW 1 count
timing gemm.norm_dW 0.070822 ms
timing launches.gemm.norm_dW 2 count
timing syncs.gemm.norm_dW 1 count
timing grad.residual1_add 0.019051 ms
timing launches.grad.residual1_add 1 count
timing syncs.grad.residual1_add 0 count
timing grad.o_copy 0.018547 ms
timing launches.grad.o_copy 1 count
timing syncs.grad.o_copy 0 count
timing grad.o_dA 0.864445 ms
timing launches.grad.o_dA 1 count
timing syncs.grad.o_dA 0 count
timing gemm.proj_dA 0.864445 ms
timing launches.gemm.proj_dA 1 count
timing syncs.gemm.proj_dA 0 count
timing grad.o_dB 0.87065 ms
timing launches.grad.o_dB 1 count
timing syncs.grad.o_dB 0 count
timing gemm.proj_dB 0.87065 ms
timing launches.gemm.proj_dB 1 count
timing syncs.gemm.proj_dB 0 count
timing bwd.mlp_through_oproj 16.777181 ms
timing launches.bwd.mlp_through_oproj 21 count
timing syncs.bwd.mlp_through_oproj 2 count
timing bwd.before_attention 0.0006 ms
timing attn.bwd_regime_scan 0.215308 ms
timing attn.bwd_scratch_alloc 0.01632 ms
timing attn.bwd_zdot_estash_dres_pf 1.06447 ms
timing attn.bwd_dq_tiled_pf 2.296221 ms
timing attn.bwd_kvgrid_dkdv_pf 1.763452 ms
timing attn.bwd_corner_flag 0.054776 ms
timing bwd.attention 5.422898 ms
timing grad.kv_slice 0.029913 ms
timing launches.grad.kv_slice 2 count
timing syncs.grad.kv_slice 0 count
timing grad.rope 0.036942 ms
timing launches.grad.rope 2 count
timing syncs.grad.rope 0 count
timing grad.q_dB 0.878307 ms
timing launches.grad.q_dB 1 count
timing syncs.grad.q_dB 0 count
timing gemm.proj_dB 0.878307 ms
timing launches.gemm.proj_dB 1 count
timing syncs.gemm.proj_dB 0 count
timing grad.k_dB 0.849302 ms
timing launches.grad.k_dB 1 count
timing syncs.grad.k_dB 0 count
timing gemm.proj_dB 0.849302 ms
timing launches.gemm.proj_dB 1 count
timing syncs.gemm.proj_dB 0 count
timing grad.v_dB 0.863362 ms
timing launches.grad.v_dB 1 count
timing syncs.grad.v_dB 0 count
timing gemm.proj_dB 0.863362 ms
timing launches.gemm.proj_dB 1 count
timing syncs.gemm.proj_dB 0 count
timing grad.q_dA 0.884653 ms
timing launches.grad.q_dA 1 count
timing syncs.grad.q_dA 0 count
timing gemm.proj_dA 0.884653 ms
timing launches.gemm.proj_dA 1 count
timing syncs.gemm.proj_dA 0 count
timing grad.k_dA 0.877294 ms
timing launches.grad.k_dA 1 count
timing syncs.grad.k_dA 0 count
timing gemm.proj_dA 0.877294 ms
timing launches.gemm.proj_dA 1 count
timing syncs.gemm.proj_dA 0 count
timing grad.v_dA 0.903846 ms
timing launches.grad.v_dA 1 count
timing syncs.grad.v_dA 0 count
timing gemm.proj_dA 0.903846 ms
timing launches.gemm.proj_dA 1 count
timing syncs.gemm.proj_dA 0 count
timing grad.qkv_fanin 0.02043 ms
timing launches.grad.qkv_fanin 1 count
timing syncs.grad.qkv_fanin 0 count
timing grad.norm1_kernels 0.153611 ms
timing launches.grad.norm1_kernels 3 count
timing syncs.grad.norm1_kernels 0 count
timing grad.norm1_dW 0.072669 ms
timing launches.grad.norm1_dW 2 count
timing syncs.grad.norm1_dW 1 count
timing gemm.norm_dW 0.072669 ms
timing launches.gemm.norm_dW 2 count
timing syncs.gemm.norm_dW 1 count
timing grad.x_add 0.018995 ms
timing launches.grad.x_add 1 count
timing syncs.grad.x_add 0 count
timing bwd.after_attention 5.636032 ms
timing grad.refuse_scan 0.042694 ms
timing launches.grad.refuse_scan 1 count
timing syncs.grad.refuse_scan 1 count
timing grad.residual2_copy 0.027148 ms
timing launches.grad.residual2_copy 2 count
timing syncs.grad.residual2_copy 0 count
timing grad.down_dA 2.594766 ms
timing launches.grad.down_dA 0 count
timing syncs.grad.down_dA 0 count
timing gemm.down_dA 2.594766 ms
timing launches.gemm.down_dA 0 count
timing syncs.gemm.down_dA 0 count
timing grad.down_dB 2.405014 ms
timing launches.grad.down_dB 1 count
timing syncs.grad.down_dB 0 count
timing gemm.down_dB 2.405014 ms
timing launches.gemm.down_dB 1 count
timing syncs.gemm.down_dB 0 count
timing grad.gate_mul 0.049672 ms
timing launches.grad.gate_mul 2 count
timing syncs.grad.gate_mul 0 count
timing grad.silu 0.034891 ms
timing launches.grad.silu 1 count
timing syncs.grad.silu 0 count
timing grad.gate_dB 2.36812 ms
timing launches.grad.gate_dB 1 count
timing syncs.grad.gate_dB 0 count
timing gemm.gateup_dB 2.36812 ms
timing launches.gemm.gateup_dB 1 count
timing syncs.gemm.gateup_dB 0 count
timing grad.up_dB 2.371128 ms
timing launches.grad.up_dB 1 count
timing syncs.grad.up_dB 0 count
timing gemm.gateup_dB 2.371128 ms
timing launches.gemm.gateup_dB 1 count
timing syncs.gemm.gateup_dB 0 count
timing grad.gate_dA 2.406533 ms
timing launches.grad.gate_dA 1 count
timing syncs.grad.gate_dA 0 count
timing gemm.gateup_dA 2.406533 ms
timing launches.gemm.gateup_dA 1 count
timing syncs.gemm.gateup_dA 0 count
timing grad.up_dA 2.403509 ms
timing launches.grad.up_dA 1 count
timing syncs.grad.up_dA 0 count
timing gemm.gateup_dA 2.403509 ms
timing launches.gemm.gateup_dA 1 count
timing syncs.gemm.gateup_dA 0 count
timing grad.gateup_fanin 0.0197 ms
timing launches.grad.gateup_fanin 1 count
timing syncs.grad.gateup_fanin 0 count
timing grad.norm2_kernels 0.153996 ms
timing launches.grad.norm2_kernels 3 count
timing syncs.grad.norm2_kernels 0 count
timing grad.norm2_dW 0.07226 ms
timing launches.grad.norm2_dW 2 count
timing syncs.grad.norm2_dW 1 count
timing gemm.norm_dW 0.07226 ms
timing launches.gemm.norm_dW 2 count
timing syncs.gemm.norm_dW 1 count
timing grad.residual1_add 0.019129 ms
timing launches.grad.residual1_add 1 count
timing syncs.grad.residual1_add 0 count
timing grad.o_copy 0.018747 ms
timing launches.grad.o_copy 1 count
timing syncs.grad.o_copy 0 count
timing grad.o_dA 0.909541 ms
timing launches.grad.o_dA 1 count
timing syncs.grad.o_dA 0 count
timing gemm.proj_dA 0.909541 ms
timing launches.gemm.proj_dA 1 count
timing syncs.gemm.proj_dA 0 count
timing grad.o_dB 0.864037 ms
timing launches.grad.o_dB 1 count
timing syncs.grad.o_dB 0 count
timing gemm.proj_dB 0.864037 ms
timing launches.gemm.proj_dB 1 count
timing syncs.gemm.proj_dB 0 count
timing bwd.mlp_through_oproj 16.825677 ms
timing launches.bwd.mlp_through_oproj 21 count
timing syncs.bwd.mlp_through_oproj 2 count
timing bwd.before_attention 0.000604 ms
timing attn.bwd_regime_scan 0.211952 ms
timing attn.bwd_scratch_alloc 0.016425 ms
timing attn.bwd_zdot_estash_dres_pf 1.067402 ms
timing attn.bwd_dq_tiled_pf 2.277569 ms
timing attn.bwd_kvgrid_dkdv_pf 1.787744 ms
timing attn.bwd_corner_flag 0.054639 ms
timing bwd.attention 5.428155 ms
timing grad.kv_slice 0.03002 ms
timing launches.grad.kv_slice 2 count
timing syncs.grad.kv_slice 0 count
timing grad.rope 0.039701 ms
timing launches.grad.rope 2 count
timing syncs.grad.rope 0 count
timing grad.q_dB 0.879053 ms
timing launches.grad.q_dB 1 count
timing syncs.grad.q_dB 0 count
timing gemm.proj_dB 0.879053 ms
timing launches.gemm.proj_dB 1 count
timing syncs.gemm.proj_dB 0 count
timing grad.k_dB 0.852117 ms
timing launches.grad.k_dB 1 count
timing syncs.grad.k_dB 0 count
timing gemm.proj_dB 0.852117 ms
timing launches.gemm.proj_dB 1 count
timing syncs.gemm.proj_dB 0 count
timing grad.v_dB 0.866566 ms
timing launches.grad.v_dB 1 count
timing syncs.grad.v_dB 0 count
timing gemm.proj_dB 0.866566 ms
timing launches.gemm.proj_dB 1 count
timing syncs.gemm.proj_dB 0 count
timing grad.q_dA 0.900666 ms
timing launches.grad.q_dA 1 count
timing syncs.grad.q_dA 0 count
timing gemm.proj_dA 0.900666 ms
timing launches.gemm.proj_dA 1 count
timing syncs.gemm.proj_dA 0 count
timing grad.k_dA 0.902457 ms
timing launches.grad.k_dA 1 count
timing syncs.grad.k_dA 0 count
timing gemm.proj_dA 0.902457 ms
timing launches.gemm.proj_dA 1 count
timing syncs.gemm.proj_dA 0 count
timing grad.v_dA 0.881308 ms
timing launches.grad.v_dA 1 count
timing syncs.grad.v_dA 0 count
timing gemm.proj_dA 0.881308 ms
timing launches.gemm.proj_dA 1 count
timing syncs.gemm.proj_dA 0 count
timing grad.qkv_fanin 0.019951 ms
timing launches.grad.qkv_fanin 1 count
timing syncs.grad.qkv_fanin 0 count
timing grad.norm1_kernels 0.151577 ms
timing launches.grad.norm1_kernels 3 count
timing syncs.grad.norm1_kernels 0 count
timing grad.norm1_dW 0.07276 ms
timing launches.grad.norm1_dW 2 count
timing syncs.grad.norm1_dW 1 count
timing gemm.norm_dW 0.07276 ms
timing launches.gemm.norm_dW 2 count
timing syncs.gemm.norm_dW 1 count
timing grad.x_add 0.019069 ms
timing launches.grad.x_add 1 count
timing syncs.grad.x_add 0 count
timing bwd.after_attention 5.668463 ms
timing grad.refuse_scan 0.040899 ms
timing launches.grad.refuse_scan 1 count
timing syncs.grad.refuse_scan 1 count
timing grad.residual2_copy 0.027067 ms
timing launches.grad.residual2_copy 2 count
timing syncs.grad.residual2_copy 0 count
timing grad.down_dA 2.546794 ms
timing launches.grad.down_dA 0 count
timing syncs.grad.down_dA 0 count
timing gemm.down_dA 2.546794 ms
timing launches.gemm.down_dA 0 count
timing syncs.gemm.down_dA 0 count
timing grad.down_dB 2.444295 ms
timing launches.grad.down_dB 1 count
timing syncs.grad.down_dB 0 count
timing gemm.down_dB 2.444295 ms
timing launches.gemm.down_dB 1 count
timing syncs.gemm.down_dB 0 count
timing grad.gate_mul 0.049814 ms
timing launches.grad.gate_mul 2 count
timing syncs.grad.gate_mul 0 count
timing grad.silu 0.034705 ms
timing launches.grad.silu 1 count
timing syncs.grad.silu 0 count
timing grad.gate_dB 2.4125 ms
timing launches.grad.gate_dB 1 count
timing syncs.grad.gate_dB 0 count
timing gemm.gateup_dB 2.4125 ms
timing launches.gemm.gateup_dB 1 count
timing syncs.gemm.gateup_dB 0 count
timing grad.up_dB 2.405309 ms
timing launches.grad.up_dB 1 count
timing syncs.grad.up_dB 0 count
timing gemm.gateup_dB 2.405309 ms
timing launches.gemm.gateup_dB 1 count
timing syncs.gemm.gateup_dB 0 count
timing grad.gate_dA 2.409368 ms
timing launches.grad.gate_dA 1 count
timing syncs.grad.gate_dA 0 count
timing gemm.gateup_dA 2.409368 ms
timing launches.gemm.gateup_dA 1 count
timing syncs.gemm.gateup_dA 0 count
timing grad.up_dA 2.370329 ms
timing launches.grad.up_dA 1 count
timing syncs.grad.up_dA 0 count
timing gemm.gateup_dA 2.370329 ms
timing launches.gemm.gateup_dA 1 count
timing syncs.gemm.gateup_dA 0 count
timing grad.gateup_fanin 0.020251 ms
timing launches.grad.gateup_fanin 1 count
timing syncs.grad.gateup_fanin 0 count
timing grad.norm2_kernels 0.148862 ms
timing launches.grad.norm2_kernels 3 count
timing syncs.grad.norm2_kernels 0 count
timing grad.norm2_dW 0.071826 ms
timing launches.grad.norm2_dW 2 count
timing syncs.grad.norm2_dW 1 count
timing gemm.norm_dW 0.071826 ms
timing launches.gemm.norm_dW 2 count
timing syncs.gemm.norm_dW 1 count
timing grad.residual1_add 0.018674 ms
timing launches.grad.residual1_add 1 count
timing syncs.grad.residual1_add 0 count
timing grad.o_copy 0.018144 ms
timing launches.grad.o_copy 1 count
timing syncs.grad.o_copy 0 count
timing grad.o_dA 0.871707 ms
timing launches.grad.o_dA 1 count
timing syncs.grad.o_dA 0 count
timing gemm.proj_dA 0.871707 ms
timing launches.gemm.proj_dA 1 count
timing syncs.gemm.proj_dA 0 count
timing grad.o_dB 0.855401 ms
timing launches.grad.o_dB 1 count
timing syncs.grad.o_dB 0 count
timing gemm.proj_dB 0.855401 ms
timing launches.gemm.proj_dB 1 count
timing syncs.gemm.proj_dB 0 count
timing bwd.mlp_through_oproj 16.809232 ms
timing launches.bwd.mlp_through_oproj 21 count
timing syncs.bwd.mlp_through_oproj 2 count
timing bwd.before_attention 0.000598 ms
timing attn.bwd_regime_scan 0.212709 ms
timing attn.bwd_scratch_alloc 0.016536 ms
timing attn.bwd_zdot_estash_dres_pf 1.06562 ms
timing attn.bwd_dq_tiled_pf 2.289268 ms
timing attn.bwd_kvgrid_dkdv_pf 1.79292 ms
timing attn.bwd_corner_flag 0.055986 ms
timing bwd.attention 5.445869 ms
timing grad.kv_slice 0.033375 ms
timing launches.grad.kv_slice 2 count
timing syncs.grad.kv_slice 0 count
timing grad.rope 0.033426 ms
timing launches.grad.rope 2 count
timing syncs.grad.rope 0 count
timing grad.q_dB 0.888748 ms
timing launches.grad.q_dB 1 count
timing syncs.grad.q_dB 0 count
timing gemm.proj_dB 0.888748 ms
timing launches.gemm.proj_dB 1 count
timing syncs.gemm.proj_dB 0 count
timing grad.k_dB 0.866784 ms
timing launches.grad.k_dB 1 count
timing syncs.grad.k_dB 0 count
timing gemm.proj_dB 0.866784 ms
timing launches.gemm.proj_dB 1 count
timing syncs.gemm.proj_dB 0 count
timing grad.v_dB 0.862394 ms
timing launches.grad.v_dB 1 count
timing syncs.grad.v_dB 0 count
timing gemm.proj_dB 0.862394 ms
timing launches.gemm.proj_dB 1 count
timing syncs.gemm.proj_dB 0 count
timing grad.q_dA 0.89822 ms
timing launches.grad.q_dA 1 count
timing syncs.grad.q_dA 0 count
timing gemm.proj_dA 0.89822 ms
timing launches.gemm.proj_dA 1 count
timing syncs.gemm.proj_dA 0 count
timing grad.k_dA 0.906955 ms
timing launches.grad.k_dA 1 count
timing syncs.grad.k_dA 0 count
timing gemm.proj_dA 0.906955 ms
timing launches.gemm.proj_dA 1 count
timing syncs.gemm.proj_dA 0 count
timing grad.v_dA 0.915752 ms
timing launches.grad.v_dA 1 count
timing syncs.grad.v_dA 0 count
timing gemm.proj_dA 0.915752 ms
timing launches.gemm.proj_dA 1 count
timing syncs.gemm.proj_dA 0 count
timing grad.qkv_fanin 0.020359 ms
timing launches.grad.qkv_fanin 1 count
timing syncs.grad.qkv_fanin 0 count
timing grad.norm1_kernels 0.153288 ms
timing launches.grad.norm1_kernels 3 count
timing syncs.grad.norm1_kernels 0 count
timing grad.norm1_dW 0.073742 ms
timing launches.grad.norm1_dW 2 count
timing syncs.grad.norm1_dW 1 count
timing gemm.norm_dW 0.073742 ms
timing launches.gemm.norm_dW 2 count
timing syncs.gemm.norm_dW 1 count
timing grad.x_add 0.019011 ms
timing launches.grad.x_add 1 count
timing syncs.grad.x_add 0 count
timing bwd.after_attention 5.721096 ms
timing grad.refuse_scan 0.042984 ms
timing launches.grad.refuse_scan 1 count
timing syncs.grad.refuse_scan 1 count
timing grad.residual2_copy 0.027057 ms
timing launches.grad.residual2_copy 2 count
timing syncs.grad.residual2_copy 0 count
timing grad.down_dA 2.553227 ms
timing launches.grad.down_dA 0 count
timing syncs.grad.down_dA 0 count
timing gemm.down_dA 2.553227 ms
timing launches.gemm.down_dA 0 count
timing syncs.gemm.down_dA 0 count
timing grad.down_dB 2.412046 ms
timing launches.grad.down_dB 1 count
timing syncs.grad.down_dB 0 count
timing gemm.down_dB 2.412046 ms
timing launches.gemm.down_dB 1 count
timing syncs.gemm.down_dB 0 count
timing grad.gate_mul 0.050331 ms
timing launches.grad.gate_mul 2 count
timing syncs.grad.gate_mul 0 count
timing grad.silu 0.034719 ms
timing launches.grad.silu 1 count
timing syncs.grad.silu 0 count
timing grad.gate_dB 2.404618 ms
timing launches.grad.gate_dB 1 count
timing syncs.grad.gate_dB 0 count
timing gemm.gateup_dB 2.404618 ms
timing launches.gemm.gateup_dB 1 count
timing syncs.gemm.gateup_dB 0 count
timing grad.up_dB 2.386002 ms
timing launches.grad.up_dB 1 count
timing syncs.grad.up_dB 0 count
timing gemm.gateup_dB 2.386002 ms
timing launches.gemm.gateup_dB 1 count
timing syncs.gemm.gateup_dB 0 count
timing grad.gate_dA 2.395279 ms
timing launches.grad.gate_dA 1 count
timing syncs.grad.gate_dA 0 count
timing gemm.gateup_dA 2.395279 ms
timing launches.gemm.gateup_dA 1 count
timing syncs.gemm.gateup_dA 0 count
timing grad.up_dA 2.397966 ms
timing launches.grad.up_dA 1 count
timing syncs.grad.up_dA 0 count
timing gemm.gateup_dA 2.397966 ms
timing launches.gemm.gateup_dA 1 count
timing syncs.gemm.gateup_dA 0 count
timing grad.gateup_fanin 0.019471 ms
timing launches.grad.gateup_fanin 1 count
timing syncs.grad.gateup_fanin 0 count
timing grad.norm2_kernels 0.150826 ms
timing launches.grad.norm2_kernels 3 count
timing syncs.grad.norm2_kernels 0 count
timing grad.norm2_dW 0.072802 ms
timing launches.grad.norm2_dW 2 count
timing syncs.grad.norm2_dW 1 count
timing gemm.norm_dW 0.072802 ms
timing launches.gemm.norm_dW 2 count
timing syncs.gemm.norm_dW 1 count
timing grad.residual1_add 0.018771 ms
timing launches.grad.residual1_add 1 count
timing syncs.grad.residual1_add 0 count
timing grad.o_copy 0.018462 ms
timing launches.grad.o_copy 1 count
timing syncs.grad.o_copy 0 count
timing grad.o_dA 0.877176 ms
timing launches.grad.o_dA 1 count
timing syncs.grad.o_dA 0 count
timing gemm.proj_dA 0.877176 ms
timing launches.gemm.proj_dA 1 count
timing syncs.gemm.proj_dA 0 count
timing grad.o_dB 0.872108 ms
timing launches.grad.o_dB 1 count
timing syncs.grad.o_dB 0 count
timing gemm.proj_dB 0.872108 ms
timing launches.gemm.proj_dB 1 count
timing syncs.gemm.proj_dB 0 count
timing bwd.mlp_through_oproj 16.798835 ms
timing launches.bwd.mlp_through_oproj 21 count
timing syncs.bwd.mlp_through_oproj 2 count
timing bwd.before_attention 0.000599 ms
timing attn.bwd_regime_scan 0.21626 ms
timing attn.bwd_scratch_alloc 0.016693 ms
timing attn.bwd_zdot_estash_dres_pf 1.065193 ms
timing attn.bwd_dq_tiled_pf 2.291829 ms
timing attn.bwd_kvgrid_dkdv_pf 1.795871 ms
timing attn.bwd_corner_flag 0.056143 ms
timing bwd.attention 5.454482 ms
timing grad.kv_slice 0.031637 ms
timing launches.grad.kv_slice 2 count
timing syncs.grad.kv_slice 0 count
timing grad.rope 0.03363 ms
timing launches.grad.rope 2 count
timing syncs.grad.rope 0 count
timing grad.q_dB 0.897836 ms
timing launches.grad.q_dB 1 count
timing syncs.grad.q_dB 0 count
timing gemm.proj_dB 0.897836 ms
timing launches.gemm.proj_dB 1 count
timing syncs.gemm.proj_dB 0 count
timing grad.k_dB 0.845521 ms
timing launches.grad.k_dB 1 count
timing syncs.grad.k_dB 0 count
timing gemm.proj_dB 0.845521 ms
timing launches.gemm.proj_dB 1 count
timing syncs.gemm.proj_dB 0 count
timing grad.v_dB 0.851114 ms
timing launches.grad.v_dB 1 count
timing syncs.grad.v_dB 0 count
timing gemm.proj_dB 0.851114 ms
timing launches.gemm.proj_dB 1 count
timing syncs.gemm.proj_dB 0 count
timing grad.q_dA 0.894015 ms
timing launches.grad.q_dA 1 count
timing syncs.grad.q_dA 0 count
timing gemm.proj_dA 0.894015 ms
timing launches.gemm.proj_dA 1 count
timing syncs.gemm.proj_dA 0 count
timing grad.k_dA 0.904639 ms
timing launches.grad.k_dA 1 count
timing syncs.grad.k_dA 0 count
timing gemm.proj_dA 0.904639 ms
timing launches.gemm.proj_dA 1 count
timing syncs.gemm.proj_dA 0 count
timing grad.v_dA 0.901581 ms
timing launches.grad.v_dA 1 count
timing syncs.grad.v_dA 0 count
timing gemm.proj_dA 0.901581 ms
timing launches.gemm.proj_dA 1 count
timing syncs.gemm.proj_dA 0 count
timing grad.qkv_fanin 0.019814 ms
timing launches.grad.qkv_fanin 1 count
timing syncs.grad.qkv_fanin 0 count
timing grad.norm1_kernels 0.154289 ms
timing launches.grad.norm1_kernels 3 count
timing syncs.grad.norm1_kernels 0 count
timing grad.norm1_dW 0.072301 ms
timing launches.grad.norm1_dW 2 count
timing syncs.grad.norm1_dW 1 count
timing gemm.norm_dW 0.072301 ms
timing launches.gemm.norm_dW 2 count
timing syncs.gemm.norm_dW 1 count
timing grad.x_add 0.018974 ms
timing launches.grad.x_add 1 count
timing syncs.grad.x_add 0 count
timing bwd.after_attention 5.67274 ms
timing grad.refuse_scan 0.041566 ms
timing launches.grad.refuse_scan 1 count
timing syncs.grad.refuse_scan 1 count
timing grad.residual2_copy 0.026727 ms
timing launches.grad.residual2_copy 2 count
timing syncs.grad.residual2_copy 0 count
timing grad.down_dA 2.605246 ms
timing launches.grad.down_dA 0 count
timing syncs.grad.down_dA 0 count
timing gemm.down_dA 2.605246 ms
timing launches.gemm.down_dA 0 count
timing syncs.gemm.down_dA 0 count
timing grad.down_dB 2.405233 ms
timing launches.grad.down_dB 1 count
timing syncs.grad.down_dB 0 count
timing gemm.down_dB 2.405233 ms
timing launches.gemm.down_dB 1 count
timing syncs.gemm.down_dB 0 count
timing grad.gate_mul 0.049373 ms
timing launches.grad.gate_mul 2 count
timing syncs.grad.gate_mul 0 count
timing grad.silu 0.03653 ms
timing launches.grad.silu 1 count
timing syncs.grad.silu 0 count
timing grad.gate_dB 2.385949 ms
timing launches.grad.gate_dB 1 count
timing syncs.grad.gate_dB 0 count
timing gemm.gateup_dB 2.385949 ms
timing launches.gemm.gateup_dB 1 count
timing syncs.gemm.gateup_dB 0 count
timing grad.up_dB 2.378433 ms
timing launches.grad.up_dB 1 count
timing syncs.grad.up_dB 0 count
timing gemm.gateup_dB 2.378433 ms
timing launches.gemm.gateup_dB 1 count
timing syncs.gemm.gateup_dB 0 count
timing grad.gate_dA 2.414642 ms
timing launches.grad.gate_dA 1 count
timing syncs.grad.gate_dA 0 count
timing gemm.gateup_dA 2.414642 ms
timing launches.gemm.gateup_dA 1 count
timing syncs.gemm.gateup_dA 0 count
timing grad.up_dA 2.420865 ms
timing launches.grad.up_dA 1 count
timing syncs.grad.up_dA 0 count
timing gemm.gateup_dA 2.420865 ms
timing launches.gemm.gateup_dA 1 count
timing syncs.gemm.gateup_dA 0 count
timing grad.gateup_fanin 0.020736 ms
timing launches.grad.gateup_fanin 1 count
timing syncs.grad.gateup_fanin 0 count
timing grad.norm2_kernels 0.153365 ms
timing launches.grad.norm2_kernels 3 count
timing syncs.grad.norm2_kernels 0 count
timing grad.norm2_dW 0.072182 ms
timing launches.grad.norm2_dW 2 count
timing syncs.grad.norm2_dW 1 count
timing gemm.norm_dW 0.072182 ms
timing launches.gemm.norm_dW 2 count
timing syncs.gemm.norm_dW 1 count
timing grad.residual1_add 0.019295 ms
timing launches.grad.residual1_add 1 count
timing syncs.grad.residual1_add 0 count
timing grad.o_copy 0.018684 ms
timing launches.grad.o_copy 1 count
timing syncs.grad.o_copy 0 count
timing grad.o_dA 0.882085 ms
timing launches.grad.o_dA 1 count
timing syncs.grad.o_dA 0 count
timing gemm.proj_dA 0.882085 ms
timing launches.gemm.proj_dA 1 count
timing syncs.gemm.proj_dA 0 count
timing grad.o_dB 0.855357 ms
timing launches.grad.o_dB 1 count
timing syncs.grad.o_dB 0 count
timing gemm.proj_dB 0.855357 ms
timing launches.gemm.proj_dB 1 count
timing syncs.gemm.proj_dB 0 count
timing bwd.mlp_through_oproj 16.851419 ms
timing launches.bwd.mlp_through_oproj 21 count
timing syncs.bwd.mlp_through_oproj 2 count
timing bwd.before_attention 0.006428 ms
timing attn.bwd_regime_scan 0.215966 ms
timing attn.bwd_scratch_alloc 0.016332 ms
timing attn.bwd_zdot_estash_dres_pf 1.069009 ms
timing attn.bwd_dq_tiled_pf 2.2917 ms
timing attn.bwd_kvgrid_dkdv_pf 1.784379 ms
timing attn.bwd_corner_flag 0.056439 ms
timing bwd.attention 5.446811 ms
timing grad.kv_slice 0.031716 ms
timing launches.grad.kv_slice 2 count
timing syncs.grad.kv_slice 0 count
timing grad.rope 0.033307 ms
timing launches.grad.rope 2 count
timing syncs.grad.rope 0 count
timing grad.q_dB 0.905347 ms
timing launches.grad.q_dB 1 count
timing syncs.grad.q_dB 0 count
timing gemm.proj_dB 0.905347 ms
timing launches.gemm.proj_dB 1 count
timing syncs.gemm.proj_dB 0 count
timing grad.k_dB 0.85714 ms
timing launches.grad.k_dB 1 count
timing syncs.grad.k_dB 0 count
timing gemm.proj_dB 0.85714 ms
timing launches.gemm.proj_dB 1 count
timing syncs.gemm.proj_dB 0 count
timing grad.v_dB 0.849385 ms
timing launches.grad.v_dB 1 count
timing syncs.grad.v_dB 0 count
timing gemm.proj_dB 0.849385 ms
timing launches.gemm.proj_dB 1 count
timing syncs.gemm.proj_dB 0 count
timing grad.q_dA 0.887899 ms
timing launches.grad.q_dA 1 count
timing syncs.grad.q_dA 0 count
timing gemm.proj_dA 0.887899 ms
timing launches.gemm.proj_dA 1 count
timing syncs.gemm.proj_dA 0 count
timing grad.k_dA 0.895131 ms
timing launches.grad.k_dA 1 count
timing syncs.grad.k_dA 0 count
timing gemm.proj_dA 0.895131 ms
timing launches.gemm.proj_dA 1 count
timing syncs.gemm.proj_dA 0 count
timing grad.v_dA 0.896648 ms
timing launches.grad.v_dA 1 count
timing syncs.grad.v_dA 0 count
timing gemm.proj_dA 0.896648 ms
timing launches.gemm.proj_dA 1 count
timing syncs.gemm.proj_dA 0 count
timing grad.qkv_fanin 0.020167 ms
timing launches.grad.qkv_fanin 1 count
timing syncs.grad.qkv_fanin 0 count
timing grad.norm1_kernels 0.151638 ms
timing launches.grad.norm1_kernels 3 count
timing syncs.grad.norm1_kernels 0 count
timing grad.norm1_dW 0.072092 ms
timing launches.grad.norm1_dW 2 count
timing syncs.grad.norm1_dW 1 count
timing gemm.norm_dW 0.072092 ms
timing launches.gemm.norm_dW 2 count
timing syncs.gemm.norm_dW 1 count
timing grad.x_add 0.01919 ms
timing launches.grad.x_add 1 count
timing syncs.grad.x_add 0 count
timing bwd.after_attention 5.667084 ms
timing grad.refuse_scan 0.041627 ms
timing launches.grad.refuse_scan 1 count
timing syncs.grad.refuse_scan 1 count
timing grad.residual2_copy 0.027125 ms
timing launches.grad.residual2_copy 2 count
timing syncs.grad.residual2_copy 0 count
timing grad.down_dA 2.604101 ms
timing launches.grad.down_dA 0 count
timing syncs.grad.down_dA 0 count
timing gemm.down_dA 2.604101 ms
timing launches.gemm.down_dA 0 count
timing syncs.gemm.down_dA 0 count
timing grad.down_dB 2.413625 ms
timing launches.grad.down_dB 1 count
timing syncs.grad.down_dB 0 count
timing gemm.down_dB 2.413625 ms
timing launches.gemm.down_dB 1 count
timing syncs.gemm.down_dB 0 count
timing grad.gate_mul 0.05002 ms
timing launches.grad.gate_mul 2 count
timing syncs.grad.gate_mul 0 count
timing grad.silu 0.035313 ms
timing launches.grad.silu 1 count
timing syncs.grad.silu 0 count
timing grad.gate_dB 2.412295 ms
timing launches.grad.gate_dB 1 count
timing syncs.grad.gate_dB 0 count
timing gemm.gateup_dB 2.412295 ms
timing launches.gemm.gateup_dB 1 count
timing syncs.gemm.gateup_dB 0 count
timing grad.up_dB 2.38053 ms
timing launches.grad.up_dB 1 count
timing syncs.grad.up_dB 0 count
timing gemm.gateup_dB 2.38053 ms
timing launches.gemm.gateup_dB 1 count
timing syncs.gemm.gateup_dB 0 count
timing grad.gate_dA 2.412941 ms
timing launches.grad.gate_dA 1 count
timing syncs.grad.gate_dA 0 count
timing gemm.gateup_dA 2.412941 ms
timing launches.gemm.gateup_dA 1 count
timing syncs.gemm.gateup_dA 0 count
timing grad.up_dA 2.411917 ms
timing launches.grad.up_dA 1 count
timing syncs.grad.up_dA 0 count
timing gemm.gateup_dA 2.411917 ms
timing launches.gemm.gateup_dA 1 count
timing syncs.gemm.gateup_dA 0 count
timing grad.gateup_fanin 0.019995 ms
timing launches.grad.gateup_fanin 1 count
timing syncs.grad.gateup_fanin 0 count
timing grad.norm2_kernels 0.149724 ms
timing launches.grad.norm2_kernels 3 count
timing syncs.grad.norm2_kernels 0 count
timing grad.norm2_dW 0.070706 ms
timing launches.grad.norm2_dW 2 count
timing syncs.grad.norm2_dW 1 count
timing gemm.norm_dW 0.070706 ms
timing launches.gemm.norm_dW 2 count
timing syncs.gemm.norm_dW 1 count
timing grad.residual1_add 0.018841 ms
timing launches.grad.residual1_add 1 count
timing syncs.grad.residual1_add 0 count
timing grad.o_copy 0.018892 ms
timing launches.grad.o_copy 1 count
timing syncs.grad.o_copy 0 count
timing grad.o_dA 0.868749 ms
timing launches.grad.o_dA 1 count
timing syncs.grad.o_dA 0 count
timing gemm.proj_dA 0.868749 ms
timing launches.gemm.proj_dA 1 count
timing syncs.gemm.proj_dA 0 count
timing grad.o_dB 0.856109 ms
timing launches.grad.o_dB 1 count
timing syncs.grad.o_dB 0 count
timing gemm.proj_dB 0.856109 ms
timing launches.gemm.proj_dB 1 count
timing syncs.gemm.proj_dB 0 count
timing bwd.mlp_through_oproj 16.858943 ms
timing launches.bwd.mlp_through_oproj 21 count
timing syncs.bwd.mlp_through_oproj 2 count
timing bwd.before_attention 0.000578 ms
timing attn.bwd_regime_scan 0.21712 ms
timing attn.bwd_scratch_alloc 0.016648 ms
timing attn.bwd_zdot_estash_dres_pf 1.090605 ms
timing attn.bwd_dq_tiled_pf 2.305742 ms
timing attn.bwd_kvgrid_dkdv_pf 1.795851 ms
timing attn.bwd_corner_flag 0.055254 ms
timing bwd.attention 5.493558 ms
timing grad.kv_slice 0.031126 ms
timing launches.grad.kv_slice 2 count
timing syncs.grad.kv_slice 0 count
timing grad.rope 0.032524 ms
timing launches.grad.rope 2 count
timing syncs.grad.rope 0 count
timing grad.q_dB 0.886355 ms
timing launches.grad.q_dB 1 count
timing syncs.grad.q_dB 0 count
timing gemm.proj_dB 0.886355 ms
timing launches.gemm.proj_dB 1 count
timing syncs.gemm.proj_dB 0 count
timing grad.k_dB 0.848208 ms
timing launches.grad.k_dB 1 count
timing syncs.grad.k_dB 0 count
timing gemm.proj_dB 0.848208 ms
timing launches.gemm.proj_dB 1 count
timing syncs.gemm.proj_dB 0 count
timing grad.v_dB 0.864394 ms
timing launches.grad.v_dB 1 count
timing syncs.grad.v_dB 0 count
timing gemm.proj_dB 0.864394 ms
timing launches.gemm.proj_dB 1 count
timing syncs.gemm.proj_dB 0 count
timing grad.q_dA 0.902945 ms
timing launches.grad.q_dA 1 count
timing syncs.grad.q_dA 0 count
timing gemm.proj_dA 0.902945 ms
timing launches.gemm.proj_dA 1 count
timing syncs.gemm.proj_dA 0 count
timing grad.k_dA 0.903775 ms
timing launches.grad.k_dA 1 count
timing syncs.grad.k_dA 0 count
timing gemm.proj_dA 0.903775 ms
timing launches.gemm.proj_dA 1 count
timing syncs.gemm.proj_dA 0 count
timing grad.v_dA 0.888912 ms
timing launches.grad.v_dA 1 count
timing syncs.grad.v_dA 0 count
timing gemm.proj_dA 0.888912 ms
timing launches.gemm.proj_dA 1 count
timing syncs.gemm.proj_dA 0 count
timing grad.qkv_fanin 0.020131 ms
timing launches.grad.qkv_fanin 1 count
timing syncs.grad.qkv_fanin 0 count
timing grad.norm1_kernels 0.153708 ms
timing launches.grad.norm1_kernels 3 count
timing syncs.grad.norm1_kernels 0 count
timing grad.norm1_dW 0.073997 ms
timing launches.grad.norm1_dW 2 count
timing syncs.grad.norm1_dW 1 count
timing gemm.norm_dW 0.073997 ms
timing launches.gemm.norm_dW 2 count
timing syncs.gemm.norm_dW 1 count
timing grad.x_add 0.019151 ms
timing launches.grad.x_add 1 count
timing syncs.grad.x_add 0 count
timing bwd.after_attention 5.67438 ms
timing grad.refuse_scan 0.04285 ms
timing launches.grad.refuse_scan 1 count
timing syncs.grad.refuse_scan 1 count
timing grad.residual2_copy 0.027183 ms
timing launches.grad.residual2_copy 2 count
timing syncs.grad.residual2_copy 0 count
timing grad.down_dA 2.613821 ms
timing launches.grad.down_dA 0 count
timing syncs.grad.down_dA 0 count
timing gemm.down_dA 2.613821 ms
timing launches.gemm.down_dA 0 count
timing syncs.gemm.down_dA 0 count
timing grad.down_dB 2.431703 ms
timing launches.grad.down_dB 1 count
timing syncs.grad.down_dB 0 count
timing gemm.down_dB 2.431703 ms
timing launches.gemm.down_dB 1 count
timing syncs.gemm.down_dB 0 count
timing grad.gate_mul 0.04948 ms
timing launches.grad.gate_mul 2 count
timing syncs.grad.gate_mul 0 count
timing grad.silu 0.035436 ms
timing launches.grad.silu 1 count
timing syncs.grad.silu 0 count
timing grad.gate_dB 2.402811 ms
timing launches.grad.gate_dB 1 count
timing syncs.grad.gate_dB 0 count
timing gemm.gateup_dB 2.402811 ms
timing launches.gemm.gateup_dB 1 count
timing syncs.gemm.gateup_dB 0 count
timing grad.up_dB 2.406558 ms
timing launches.grad.up_dB 1 count
timing syncs.grad.up_dB 0 count
timing gemm.gateup_dB 2.406558 ms
timing launches.gemm.gateup_dB 1 count
timing syncs.gemm.gateup_dB 0 count
timing grad.gate_dA 2.403625 ms
timing launches.grad.gate_dA 1 count
timing syncs.grad.gate_dA 0 count
timing gemm.gateup_dA 2.403625 ms
timing launches.gemm.gateup_dA 1 count
timing syncs.gemm.gateup_dA 0 count
timing grad.up_dA 2.409898 ms
timing launches.grad.up_dA 1 count
timing syncs.grad.up_dA 0 count
timing gemm.gateup_dA 2.409898 ms
timing launches.gemm.gateup_dA 1 count
timing syncs.gemm.gateup_dA 0 count
timing grad.gateup_fanin 0.020421 ms
timing launches.grad.gateup_fanin 1 count
timing syncs.grad.gateup_fanin 0 count
timing grad.norm2_kernels 0.151856 ms
timing launches.grad.norm2_kernels 3 count
timing syncs.grad.norm2_kernels 0 count
timing grad.norm2_dW 0.072987 ms
timing launches.grad.norm2_dW 2 count
timing syncs.grad.norm2_dW 1 count
timing gemm.norm_dW 0.072987 ms
timing launches.gemm.norm_dW 2 count
timing syncs.gemm.norm_dW 1 count
timing grad.residual1_add 0.01977 ms
timing launches.grad.residual1_add 1 count
timing syncs.grad.residual1_add 0 count
timing grad.o_copy 0.018918 ms
timing launches.grad.o_copy 1 count
timing syncs.grad.o_copy 0 count
timing grad.o_dA 0.874175 ms
timing launches.grad.o_dA 1 count
timing syncs.grad.o_dA 0 count
timing gemm.proj_dA 0.874175 ms
timing launches.gemm.proj_dA 1 count
timing syncs.gemm.proj_dA 0 count
timing grad.o_dB 0.860091 ms
timing launches.grad.o_dB 1 count
timing syncs.grad.o_dB 0 count
timing gemm.proj_dB 0.860091 ms
timing launches.gemm.proj_dB 1 count
timing syncs.gemm.proj_dB 0 count
timing bwd.mlp_through_oproj 16.906331 ms
timing launches.bwd.mlp_through_oproj 21 count
timing syncs.bwd.mlp_through_oproj 2 count
timing bwd.before_attention 0.000615 ms
timing attn.bwd_regime_scan 0.226777 ms
timing attn.bwd_scratch_alloc 0.017118 ms
timing attn.bwd_zdot_estash_dres_pf 1.072556 ms
timing attn.bwd_dq_tiled_pf 2.293085 ms
timing attn.bwd_kvgrid_dkdv_pf 1.793352 ms
timing attn.bwd_corner_flag 0.064673 ms
timing bwd.attention 5.479984 ms
timing grad.kv_slice 0.03141 ms
timing launches.grad.kv_slice 2 count
timing syncs.grad.kv_slice 0 count
timing grad.rope 0.035616 ms
timing launches.grad.rope 2 count
timing syncs.grad.rope 0 count
timing grad.q_dB 0.885151 ms
timing launches.grad.q_dB 1 count
timing syncs.grad.q_dB 0 count
timing gemm.proj_dB 0.885151 ms
timing launches.gemm.proj_dB 1 count
timing syncs.gemm.proj_dB 0 count
timing grad.k_dB 0.853219 ms
timing launches.grad.k_dB 1 count
timing syncs.grad.k_dB 0 count
timing gemm.proj_dB 0.853219 ms
timing launches.gemm.proj_dB 1 count
timing syncs.gemm.proj_dB 0 count
timing grad.v_dB 0.847913 ms
timing launches.grad.v_dB 1 count
timing syncs.grad.v_dB 0 count
timing gemm.proj_dB 0.847913 ms
timing launches.gemm.proj_dB 1 count
timing syncs.gemm.proj_dB 0 count
timing grad.q_dA 0.910011 ms
timing launches.grad.q_dA 1 count
timing syncs.grad.q_dA 0 count
timing gemm.proj_dA 0.910011 ms
timing launches.gemm.proj_dA 1 count
timing syncs.gemm.proj_dA 0 count
timing grad.k_dA 0.88456 ms
timing launches.grad.k_dA 1 count
timing syncs.grad.k_dA 0 count
timing gemm.proj_dA 0.88456 ms
timing launches.gemm.proj_dA 1 count
timing syncs.gemm.proj_dA 0 count
timing grad.v_dA 0.894844 ms
timing launches.grad.v_dA 1 count
timing syncs.grad.v_dA 0 count
timing gemm.proj_dA 0.894844 ms
timing launches.gemm.proj_dA 1 count
timing syncs.gemm.proj_dA 0 count
timing grad.qkv_fanin 0.020611 ms
timing launches.grad.qkv_fanin 1 count
timing syncs.grad.qkv_fanin 0 count
timing grad.norm1_kernels 0.152215 ms
timing launches.grad.norm1_kernels 3 count
timing syncs.grad.norm1_kernels 0 count
timing grad.norm1_dW 0.073292 ms
timing launches.grad.norm1_dW 2 count
timing syncs.grad.norm1_dW 1 count
timing gemm.norm_dW 0.073292 ms
timing launches.gemm.norm_dW 2 count
timing syncs.gemm.norm_dW 1 count
timing grad.x_add 0.019815 ms
timing launches.grad.x_add 1 count
timing syncs.grad.x_add 0 count
timing bwd.after_attention 5.658201 ms
timing envelope.blocks_backward 335.286147 ms
timing step.embedding_backward 7.728645 ms
timing step.pack_grads 0.698948 ms
timing step.pack_grads_bytes 648591360 bytes
timing step.validate_grads_scan 0.58322 ms
timing step.validate_grads_scan_bytes 648591360 bytes
timing step.optimizer 1.678743 ms
timing step.validate_after_scan 2.560533 ms
timing step.validate_after_scan_bytes 2594365440 bytes
timing step.bind_final_sync 0.001425 ms
timing count.launches 870 count
timing count.synchronizes 594 count
timing count.copies_h2d 2 count
timing count.copies_d2h 154 count
timing count.copies_d2d 24 count
timing count.device_allocs 193 count
timing count.host_allocs 151 count
timing count.native_steps 1 count
timing step.bind_publish 0.008852 ms
timing step.bind_publish_bytes 444 bytes
timing envelope.native_call 697.9281950007135 ms
timing step.py_flags 0.09726499774842523 ms
timing step.py_flags_bytes 440 bytes
{"event": "component_timing_step_end", "timing_step": 1, "seconds": 0.6983173869994062, "loss": 8.354198455810547, "witness_export_seconds": 10.941611439000553, "step": 2, "completed_steps": 2, "sha256": {"loss": "ddb267519e68048079f2a5320ecdd60baeb59036301a115827a9dced054ff2bd", "gradients": "defa184dcfcf29c7650972fa5372f463679eb4c46daa463aef108a2882a169f5", "parameters": "33e2bad344f1f355e40abeff6165ce36d1a74004ec0ce5d405254cf971dd412f", "m": "abe0098ba41bcb6298497c575d2768d6486d514bd41d2a7a72b7592c8cd3455c", "v": "8ef9e39530fd6f585c23d30dbd3e846af65da81262d0b303d216a178e4905035", "flags": "360d579dbd14759b41afdf7fb5e80c0101e15150ae401d59f92a1e32d129f7cb"}, "t": 1789695971.1844249}
{"event": "component_timing_step_start", "timing_step": 2, "note": "MOJOLEARN_TRANSFORMER_TIMING=1; not a timing sample", "t": 1789695971.1846151}
timing step.py_tokens 0.1901300020108465 ms
timing step.py_tokens_bytes 8196 bytes
timing step.bind_scalar_admission 0.005778 ms
timing step.upload_inputs 0.171864 ms
timing step.upload_inputs_bytes 16384 bytes
timing step.unpack_weights 0.734825 ms
timing step.unpack_weights_bytes 648591360 bytes
timing step.embedding_forward 0.059158 ms
timing fwd.refuse_call 0.09409 ms
timing launches.fwd.refuse_call 2 count
timing syncs.fwd.refuse_call 2 count
timing fwd.norm1 0.308241 ms
timing launches.fwd.norm1 1 count
timing syncs.fwd.norm1 0 count
timing block.norm1 0.412915 ms
timing fwd.q_proj 1.001889 ms
timing launches.fwd.q_proj 1 count
timing syncs.fwd.q_proj 0 count
timing gemm.proj_fwd 1.001889 ms
timing launches.gemm.proj_fwd 1 count
timing syncs.gemm.proj_fwd 0 count
timing fwd.k_proj 1.001711 ms
timing launches.fwd.k_proj 1 count
timing syncs.fwd.k_proj 0 count
timing gemm.proj_fwd 1.001711 ms
timing launches.gemm.proj_fwd 1 count
timing syncs.gemm.proj_fwd 0 count
timing fwd.v_proj 1.084449 ms
timing launches.fwd.v_proj 1 count
timing syncs.fwd.v_proj 0 count
timing gemm.proj_fwd 1.084449 ms
timing launches.gemm.proj_fwd 1 count
timing syncs.gemm.proj_fwd 0 count
timing attn.qkv_proj 3.115631 ms
timing attn.rope_and_cache 0.067058 ms
timing attn.fwd_regime_scan 0.183214 ms
timing attn.fwd_r2_keep_kernel 2.166295 ms
timing attn.fwd_corner_flag 0.042773 ms
timing attn.core 2.405986 ms
timing fwd.o_proj 0.885736 ms
timing launches.fwd.o_proj 1 count
timing syncs.fwd.o_proj 0 count
timing gemm.proj_fwd 0.885736 ms
timing launches.gemm.proj_fwd 1 count
timing syncs.gemm.proj_fwd 0 count
timing attn.o_proj 0.893226 ms
timing block.attention_total 6.485186 ms
timing fwd.residual1_add 0.020706 ms
timing launches.fwd.residual1_add 1 count
timing syncs.fwd.residual1_add 0 count
timing fwd.norm2 0.302879 ms
timing launches.fwd.norm2 1 count
timing syncs.fwd.norm2 0 count
timing fwd.gate_proj 2.609688 ms
timing launches.fwd.gate_proj 0 count
timing syncs.fwd.gate_proj 0 count
timing gemm.gateup_fwd 2.609688 ms
timing launches.gemm.gateup_fwd 0 count
timing syncs.gemm.gateup_fwd 0 count
timing fwd.up_proj 2.595216 ms
timing launches.fwd.up_proj 0 count
timing syncs.fwd.up_proj 0 count
timing gemm.gateup_fwd 2.595216 ms
timing launches.gemm.gateup_fwd 0 count
timing syncs.gemm.gateup_fwd 0 count
timing fwd.silu 0.033452 ms
timing launches.fwd.silu 1 count
timing syncs.fwd.silu 0 count
timing fwd.gate_mul 0.031844 ms
timing launches.fwd.gate_mul 1 count
timing syncs.fwd.gate_mul 0 count
timing fwd.down_proj 2.465693 ms
timing launches.fwd.down_proj 1 count
timing syncs.fwd.down_proj 0 count
timing gemm.down_fwd 2.465693 ms
timing launches.gemm.down_fwd 1 count
timing syncs.gemm.down_fwd 0 count
timing fwd.residual2_add 0.019361 ms
timing launches.fwd.residual2_add 1 count
timing syncs.fwd.residual2_add 0 count
timing block.mlp_and_residuals 8.110868 ms
timing fwd.refuse_call 0.072096 ms
timing launches.fwd.refuse_call 2 count
timing syncs.fwd.refuse_call 2 count
timing fwd.norm1 0.319848 ms
timing launches.fwd.norm1 1 count
timing syncs.fwd.norm1 0 count
timing block.norm1 0.398212 ms
timing fwd.q_proj 0.878113 ms
timing launches.fwd.q_proj 1 count
timing syncs.fwd.q_proj 0 count
timing gemm.proj_fwd 0.878113 ms
timing launches.gemm.proj_fwd 1 count
timing syncs.gemm.proj_fwd 0 count
timing fwd.k_proj 0.880349 ms
timing launches.fwd.k_proj 1 count
timing syncs.fwd.k_proj 0 count
timing gemm.proj_fwd 0.880349 ms
timing launches.gemm.proj_fwd 1 count
timing syncs.gemm.proj_fwd 0 count
timing fwd.v_proj 0.871411 ms
timing launches.fwd.v_proj 1 count
timing syncs.fwd.v_proj 0 count
timing gemm.proj_fwd 0.871411 ms
timing launches.gemm.proj_fwd 1 count
timing syncs.gemm.proj_fwd 0 count
timing attn.qkv_proj 2.645552 ms
timing attn.rope_and_cache 0.064311 ms
timing attn.fwd_regime_scan 0.164954 ms
timing attn.fwd_r2_keep_kernel 2.057634 ms
timing attn.fwd_corner_flag 0.048076 ms
timing attn.core 2.287116 ms
timing fwd.o_proj 0.881434 ms
timing launches.fwd.o_proj 1 count
timing syncs.fwd.o_proj 0 count
timing gemm.proj_fwd 0.881434 ms
timing launches.gemm.proj_fwd 1 count
timing syncs.gemm.proj_fwd 0 count
timing attn.o_proj 0.888671 ms
timing block.attention_total 5.888051 ms
timing fwd.residual1_add 0.018803 ms
timing launches.fwd.residual1_add 1 count
timing syncs.fwd.residual1_add 0 count
timing fwd.norm2 0.305024 ms
timing launches.fwd.norm2 1 count
timing syncs.fwd.norm2 0 count
timing fwd.gate_proj 2.560164 ms
timing launches.fwd.gate_proj 0 count
timing syncs.fwd.gate_proj 0 count
timing gemm.gateup_fwd 2.560164 ms
timing launches.gemm.gateup_fwd 0 count
timing syncs.gemm.gateup_fwd 0 count
timing fwd.up_proj 2.599116 ms
timing launches.fwd.up_proj 0 count
timing syncs.fwd.up_proj 0 count
timing gemm.gateup_fwd 2.599116 ms
timing launches.gemm.gateup_fwd 0 count
timing syncs.gemm.gateup_fwd 0 count
timing fwd.silu 0.03207 ms
timing launches.fwd.silu 1 count
timing syncs.fwd.silu 0 count
timing fwd.gate_mul 0.030245 ms
timing launches.fwd.gate_mul 1 count
timing syncs.fwd.gate_mul 0 count
timing fwd.down_proj 2.431778 ms
timing launches.fwd.down_proj 1 count
timing syncs.fwd.down_proj 0 count
timing gemm.down_fwd 2.431778 ms
timing launches.gemm.down_fwd 1 count
timing syncs.gemm.down_fwd 0 count
timing fwd.residual2_add 0.019482 ms
timing launches.fwd.residual2_add 1 count
timing syncs.fwd.residual2_add 0 count
timing block.mlp_and_residuals 8.02998 ms
timing fwd.refuse_call 0.074354 ms
timing launches.fwd.refuse_call 2 count
timing syncs.fwd.refuse_call 2 count
timing fwd.norm1 0.318359 ms
timing launches.fwd.norm1 1 count
timing syncs.fwd.norm1 0 count
timing block.norm1 0.399475 ms
timing fwd.q_proj 0.882787 ms
timing launches.fwd.q_proj 1 count
timing syncs.fwd.q_proj 0 count
timing gemm.proj_fwd 0.882787 ms
timing launches.gemm.proj_fwd 1 count
timing syncs.gemm.proj_fwd 0 count
timing fwd.k_proj 0.855399 ms
timing launches.fwd.k_proj 1 count
timing syncs.fwd.k_proj 0 count
timing gemm.proj_fwd 0.855399 ms
timing launches.gemm.proj_fwd 1 count
timing syncs.gemm.proj_fwd 0 count
timing fwd.v_proj 0.868266 ms
timing launches.fwd.v_proj 1 count
timing syncs.fwd.v_proj 0 count
timing gemm.proj_fwd 0.868266 ms
timing launches.gemm.proj_fwd 1 count
timing syncs.gemm.proj_fwd 0 count
timing attn.qkv_proj 2.622195 ms
timing attn.rope_and_cache 0.064574 ms
timing attn.fwd_regime_scan 0.169398 ms
timing attn.fwd_r2_keep_kernel 2.042179 ms
timing attn.fwd_corner_flag 0.049078 ms
timing attn.core 2.274314 ms
timing fwd.o_proj 0.885375 ms
timing launches.fwd.o_proj 1 count
timing syncs.fwd.o_proj 0 count
timing gemm.proj_fwd 0.885375 ms
timing launches.gemm.proj_fwd 1 count
timing syncs.gemm.proj_fwd 0 count
timing attn.o_proj 0.89173 ms
timing block.attention_total 5.8554 ms
timing fwd.residual1_add 0.018632 ms
timing launches.fwd.residual1_add 1 count
timing syncs.fwd.residual1_add 0 count
timing fwd.norm2 0.303982 ms
timing launches.fwd.norm2 1 count
timing syncs.fwd.norm2 0 count
timing fwd.gate_proj 2.60896 ms
timing launches.fwd.gate_proj 0 count
timing syncs.fwd.gate_proj 0 count
timing gemm.gateup_fwd 2.60896 ms
timing launches.gemm.gateup_fwd 0 count
timing syncs.gemm.gateup_fwd 0 count
timing fwd.up_proj 2.595228 ms
timing launches.fwd.up_proj 0 count
timing syncs.fwd.up_proj 0 count
timing gemm.gateup_fwd 2.595228 ms
timing launches.gemm.gateup_fwd 0 count
timing syncs.gemm.gateup_fwd 0 count
timing fwd.silu 0.031465 ms
timing launches.fwd.silu 1 count
timing syncs.fwd.silu 0 count
timing fwd.gate_mul 0.031303 ms
timing launches.fwd.gate_mul 1 count
timing syncs.fwd.gate_mul 0 count
timing fwd.down_proj 2.386651 ms
timing launches.fwd.down_proj 1 count
timing syncs.fwd.down_proj 0 count
timing gemm.down_fwd 2.386651 ms
timing launches.gemm.down_fwd 1 count
timing syncs.gemm.down_fwd 0 count
timing fwd.residual2_add 0.022142 ms
timing launches.fwd.residual2_add 1 count
timing syncs.fwd.residual2_add 0 count
timing block.mlp_and_residuals 8.029509 ms
timing fwd.refuse_call 0.078095 ms
timing launches.fwd.refuse_call 2 count
timing syncs.fwd.refuse_call 2 count
timing fwd.norm1 0.31098 ms
timing launches.fwd.norm1 1 count
timing syncs.fwd.norm1 0 count
timing block.norm1 0.395888 ms
timing fwd.q_proj 0.88691 ms
timing launches.fwd.q_proj 1 count
timing syncs.fwd.q_proj 0 count
timing gemm.proj_fwd 0.88691 ms
timing launches.gemm.proj_fwd 1 count
timing syncs.gemm.proj_fwd 0 count
timing fwd.k_proj 0.868713 ms
timing launches.fwd.k_proj 1 count
timing syncs.fwd.k_proj 0 count
timing gemm.proj_fwd 0.868713 ms
timing launches.gemm.proj_fwd 1 count
timing syncs.gemm.proj_fwd 0 count
timing fwd.v_proj 0.881499 ms
timing launches.fwd.v_proj 1 count
timing syncs.fwd.v_proj 0 count
timing gemm.proj_fwd 0.881499 ms
timing launches.gemm.proj_fwd 1 count
timing syncs.gemm.proj_fwd 0 count
timing attn.qkv_proj 2.652932 ms
timing attn.rope_and_cache 0.06375 ms
timing attn.fwd_regime_scan 0.168035 ms
timing attn.fwd_r2_keep_kernel 2.019336 ms
timing attn.fwd_corner_flag 0.040653 ms
timing attn.core 2.241428 ms
timing fwd.o_proj 0.87769 ms
timing launches.fwd.o_proj 1 count
timing syncs.fwd.o_proj 0 count
timing gemm.proj_fwd 0.87769 ms
timing launches.gemm.proj_fwd 1 count
timing syncs.gemm.proj_fwd 0 count
timing attn.o_proj 0.884917 ms
timing block.attention_total 5.845376 ms
timing fwd.residual1_add 0.018775 ms
timing launches.fwd.residual1_add 1 count
timing syncs.fwd.residual1_add 0 count
timing fwd.norm2 0.303487 ms
timing launches.fwd.norm2 1 count
timing syncs.fwd.norm2 0 count
timing fwd.gate_proj 2.575548 ms
timing launches.fwd.gate_proj 0 count
timing syncs.fwd.gate_proj 0 count
timing gemm.gateup_fwd 2.575548 ms
timing launches.gemm.gateup_fwd 0 count
timing syncs.gemm.gateup_fwd 0 count
timing fwd.up_proj 2.598417 ms
timing launches.fwd.up_proj 0 count
timing syncs.fwd.up_proj 0 count
timing gemm.gateup_fwd 2.598417 ms
timing launches.gemm.gateup_fwd 0 count
timing syncs.gemm.gateup_fwd 0 count
timing fwd.silu 0.031289 ms
timing launches.fwd.silu 1 count
timing syncs.fwd.silu 0 count
timing fwd.gate_mul 0.029443 ms
timing launches.fwd.gate_mul 1 count
timing syncs.fwd.gate_mul 0 count
timing fwd.down_proj 2.454303 ms
timing launches.fwd.down_proj 1 count
timing syncs.fwd.down_proj 0 count
timing gemm.down_fwd 2.454303 ms
timing launches.gemm.down_fwd 1 count
timing syncs.gemm.down_fwd 0 count
timing fwd.residual2_add 0.019183 ms
timing launches.fwd.residual2_add 1 count
timing syncs.fwd.residual2_add 0 count
timing block.mlp_and_residuals 8.06065 ms
timing fwd.refuse_call 0.07175 ms
timing launches.fwd.refuse_call 2 count
timing syncs.fwd.refuse_call 2 count
timing fwd.norm1 0.313592 ms
timing launches.fwd.norm1 1 count
timing syncs.fwd.norm1 0 count
timing block.norm1 0.391637 ms
timing fwd.q_proj 0.891584 ms
timing launches.fwd.q_proj 1 count
timing syncs.fwd.q_proj 0 count
timing gemm.proj_fwd 0.891584 ms
timing launches.gemm.proj_fwd 1 count
timing syncs.gemm.proj_fwd 0 count
timing fwd.k_proj 0.874107 ms
timing launches.fwd.k_proj 1 count
timing syncs.fwd.k_proj 0 count
timing gemm.proj_fwd 0.874107 ms
timing launches.gemm.proj_fwd 1 count
timing syncs.gemm.proj_fwd 0 count
timing fwd.v_proj 0.871393 ms
timing launches.fwd.v_proj 1 count
timing syncs.fwd.v_proj 0 count
timing gemm.proj_fwd 0.871393 ms
timing launches.gemm.proj_fwd 1 count
timing syncs.gemm.proj_fwd 0 count
timing attn.qkv_proj 2.652907 ms
timing attn.rope_and_cache 0.062855 ms
timing attn.fwd_regime_scan 0.173655 ms
timing attn.fwd_r2_keep_kernel 2.056293 ms
timing attn.fwd_corner_flag 0.040876 ms
timing attn.core 2.282408 ms
timing fwd.o_proj 0.899538 ms
timing launches.fwd.o_proj 1 count
timing syncs.fwd.o_proj 0 count
timing gemm.proj_fwd 0.899538 ms
timing launches.gemm.proj_fwd 1 count
timing syncs.gemm.proj_fwd 0 count
timing attn.o_proj 0.906455 ms
timing block.attention_total 5.906996 ms
timing fwd.residual1_add 0.018809 ms
timing launches.fwd.residual1_add 1 count
timing syncs.fwd.residual1_add 0 count
timing fwd.norm2 0.302933 ms
timing launches.fwd.norm2 1 count
timing syncs.fwd.norm2 0 count
timing fwd.gate_proj 2.54036 ms
timing launches.fwd.gate_proj 0 count
timing syncs.fwd.gate_proj 0 count
timing gemm.gateup_fwd 2.54036 ms
timing launches.gemm.gateup_fwd 0 count
timing syncs.gemm.gateup_fwd 0 count
timing fwd.up_proj 2.589393 ms
timing launches.fwd.up_proj 0 count
timing syncs.fwd.up_proj 0 count
timing gemm.gateup_fwd 2.589393 ms
timing launches.gemm.gateup_fwd 0 count
timing syncs.gemm.gateup_fwd 0 count
timing fwd.silu 0.031424 ms
timing launches.fwd.silu 1 count
timing syncs.fwd.silu 0 count
timing fwd.gate_mul 0.030084 ms
timing launches.fwd.gate_mul 1 count
timing syncs.fwd.gate_mul 0 count
timing fwd.down_proj 2.450959 ms
timing launches.fwd.down_proj 1 count
timing syncs.fwd.down_proj 0 count
timing gemm.down_fwd 2.450959 ms
timing launches.gemm.down_fwd 1 count
timing syncs.gemm.down_fwd 0 count
timing fwd.residual2_add 0.019104 ms
timing launches.fwd.residual2_add 1 count
timing syncs.fwd.residual2_add 0 count
timing block.mlp_and_residuals 8.015888 ms
timing fwd.refuse_call 0.072989 ms
timing launches.fwd.refuse_call 2 count
timing syncs.fwd.refuse_call 2 count
timing fwd.norm1 0.323712 ms
timing launches.fwd.norm1 1 count
timing syncs.fwd.norm1 0 count
timing block.norm1 0.402379 ms
timing fwd.q_proj 0.884611 ms
timing launches.fwd.q_proj 1 count
timing syncs.fwd.q_proj 0 count
timing gemm.proj_fwd 0.884611 ms
timing launches.gemm.proj_fwd 1 count
timing syncs.gemm.proj_fwd 0 count
timing fwd.k_proj 0.869783 ms
timing launches.fwd.k_proj 1 count
timing syncs.fwd.k_proj 0 count
timing gemm.proj_fwd 0.869783 ms
timing launches.gemm.proj_fwd 1 count
timing syncs.gemm.proj_fwd 0 count
timing fwd.v_proj 0.879922 ms
timing launches.fwd.v_proj 1 count
timing syncs.fwd.v_proj 0 count
timing gemm.proj_fwd 0.879922 ms
timing launches.gemm.proj_fwd 1 count
timing syncs.gemm.proj_fwd 0 count
timing attn.qkv_proj 2.649888 ms
timing attn.rope_and_cache 0.06294 ms
timing attn.fwd_regime_scan 0.171766 ms
timing attn.fwd_r2_keep_kernel 2.039934 ms
timing attn.fwd_corner_flag 0.041574 ms
timing attn.core 2.265965 ms
timing fwd.o_proj 0.869828 ms
timing launches.fwd.o_proj 1 count
timing syncs.fwd.o_proj 0 count
timing gemm.proj_fwd 0.869828 ms
timing launches.gemm.proj_fwd 1 count
timing syncs.gemm.proj_fwd 0 count
timing attn.o_proj 0.876893 ms
timing block.attention_total 5.857959 ms
timing fwd.residual1_add 0.02333 ms
timing launches.fwd.residual1_add 1 count
timing syncs.fwd.residual1_add 0 count
timing fwd.norm2 0.30324 ms
timing launches.fwd.norm2 1 count
timing syncs.fwd.norm2 0 count
timing fwd.gate_proj 2.595834 ms
timing launches.fwd.gate_proj 0 count
timing syncs.fwd.gate_proj 0 count
timing gemm.gateup_fwd 2.595834 ms
timing launches.gemm.gateup_fwd 0 count
timing syncs.gemm.gateup_fwd 0 count
timing fwd.up_proj 2.603765 ms
timing launches.fwd.up_proj 0 count
timing syncs.fwd.up_proj 0 count
timing gemm.gateup_fwd 2.603765 ms
timing launches.gemm.gateup_fwd 0 count
timing syncs.gemm.gateup_fwd 0 count
timing fwd.silu 0.031403 ms
timing launches.fwd.silu 1 count
timing syncs.fwd.silu 0 count
timing fwd.gate_mul 0.029722 ms
timing launches.fwd.gate_mul 1 count
timing syncs.fwd.gate_mul 0 count
timing fwd.down_proj 2.419734 ms
timing launches.fwd.down_proj 1 count
timing syncs.fwd.down_proj 0 count
timing gemm.down_fwd 2.419734 ms
timing launches.gemm.down_fwd 1 count
timing syncs.gemm.down_fwd 0 count
timing fwd.residual2_add 0.020184 ms
timing launches.fwd.residual2_add 1 count
timing syncs.fwd.residual2_add 0 count
timing block.mlp_and_residuals 8.058049 ms
timing fwd.refuse_call 0.072429 ms
timing launches.fwd.refuse_call 2 count
timing syncs.fwd.refuse_call 2 count
timing fwd.norm1 0.310497 ms
timing launches.fwd.norm1 1 count
timing syncs.fwd.norm1 0 count
timing block.norm1 0.389671 ms
timing fwd.q_proj 0.880101 ms
timing launches.fwd.q_proj 1 count
timing syncs.fwd.q_proj 0 count
timing gemm.proj_fwd 0.880101 ms
timing launches.gemm.proj_fwd 1 count
timing syncs.gemm.proj_fwd 0 count
timing fwd.k_proj 0.878165 ms
timing launches.fwd.k_proj 1 count
timing syncs.fwd.k_proj 0 count
timing gemm.proj_fwd 0.878165 ms
timing launches.gemm.proj_fwd 1 count
timing syncs.gemm.proj_fwd 0 count
timing fwd.v_proj 0.878049 ms
timing launches.fwd.v_proj 1 count
timing syncs.fwd.v_proj 0 count
timing gemm.proj_fwd 0.878049 ms
timing launches.gemm.proj_fwd 1 count
timing syncs.gemm.proj_fwd 0 count
timing attn.qkv_proj 2.651491 ms
timing attn.rope_and_cache 0.062931 ms
timing attn.fwd_regime_scan 0.162493 ms
timing attn.fwd_r2_keep_kernel 2.042266 ms
timing attn.fwd_corner_flag 0.040325 ms
timing attn.core 2.259063 ms
timing fwd.o_proj 0.872548 ms
timing launches.fwd.o_proj 1 count
timing syncs.fwd.o_proj 0 count
timing gemm.proj_fwd 0.872548 ms
timing launches.gemm.proj_fwd 1 count
timing syncs.gemm.proj_fwd 0 count
timing attn.o_proj 0.879568 ms
timing block.attention_total 5.855442 ms
timing fwd.residual1_add 0.018972 ms
timing launches.fwd.residual1_add 1 count
timing syncs.fwd.residual1_add 0 count
timing fwd.norm2 0.303786 ms
timing launches.fwd.norm2 1 count
timing syncs.fwd.norm2 0 count
timing fwd.gate_proj 2.604895 ms
timing launches.fwd.gate_proj 0 count
timing syncs.fwd.gate_proj 0 count
timing gemm.gateup_fwd 2.604895 ms
timing launches.gemm.gateup_fwd 0 count
timing syncs.gemm.gateup_fwd 0 count
timing fwd.up_proj 2.603905 ms
timing launches.fwd.up_proj 0 count
timing syncs.fwd.up_proj 0 count
timing gemm.gateup_fwd 2.603905 ms
timing launches.gemm.gateup_fwd 0 count
timing syncs.gemm.gateup_fwd 0 count
timing fwd.silu 0.031015 ms
timing launches.fwd.silu 1 count
timing syncs.fwd.silu 0 count
timing fwd.gate_mul 0.029251 ms
timing launches.fwd.gate_mul 1 count
timing syncs.fwd.gate_mul 0 count
timing fwd.down_proj 2.410709 ms
timing launches.fwd.down_proj 1 count
timing syncs.fwd.down_proj 0 count
timing gemm.down_fwd 2.410709 ms
timing launches.gemm.down_fwd 1 count
timing syncs.gemm.down_fwd 0 count
timing fwd.residual2_add 0.019289 ms
timing launches.fwd.residual2_add 1 count
timing syncs.fwd.residual2_add 0 count
timing block.mlp_and_residuals 8.053634 ms
timing fwd.refuse_call 0.072794 ms
timing launches.fwd.refuse_call 2 count
timing syncs.fwd.refuse_call 2 count
timing fwd.norm1 0.309914 ms
timing launches.fwd.norm1 1 count
timing syncs.fwd.norm1 0 count
timing block.norm1 0.388833 ms
timing fwd.q_proj 0.876842 ms
timing launches.fwd.q_proj 1 count
timing syncs.fwd.q_proj 0 count
timing gemm.proj_fwd 0.876842 ms
timing launches.gemm.proj_fwd 1 count
timing syncs.gemm.proj_fwd 0 count
timing fwd.k_proj 0.874519 ms
timing launches.fwd.k_proj 1 count
timing syncs.fwd.k_proj 0 count
timing gemm.proj_fwd 0.874519 ms
timing launches.gemm.proj_fwd 1 count
timing syncs.gemm.proj_fwd 0 count
timing fwd.v_proj 0.869134 ms
timing launches.fwd.v_proj 1 count
timing syncs.fwd.v_proj 0 count
timing gemm.proj_fwd 0.869134 ms
timing launches.gemm.proj_fwd 1 count
timing syncs.gemm.proj_fwd 0 count
timing attn.qkv_proj 2.635738 ms
timing attn.rope_and_cache 0.062533 ms
timing attn.fwd_regime_scan 0.169177 ms
timing attn.fwd_r2_keep_kernel 2.023226 ms
timing attn.fwd_corner_flag 0.040272 ms
timing attn.core 2.244865 ms
timing fwd.o_proj 0.885775 ms
timing launches.fwd.o_proj 1 count
timing syncs.fwd.o_proj 0 count
timing gemm.proj_fwd 0.885775 ms
timing launches.gemm.proj_fwd 1 count
timing syncs.gemm.proj_fwd 0 count
timing attn.o_proj 0.892949 ms
timing block.attention_total 5.838519 ms
timing fwd.residual1_add 0.019274 ms
timing launches.fwd.residual1_add 1 count
timing syncs.fwd.residual1_add 0 count
timing fwd.norm2 0.304052 ms
timing launches.fwd.norm2 1 count
timing syncs.fwd.norm2 0 count
timing fwd.gate_proj 2.619771 ms
timing launches.fwd.gate_proj 0 count
timing syncs.fwd.gate_proj 0 count
timing gemm.gateup_fwd 2.619771 ms
timing launches.gemm.gateup_fwd 0 count
timing syncs.gemm.gateup_fwd 0 count
timing fwd.up_proj 2.613825 ms
timing launches.fwd.up_proj 0 count
timing syncs.fwd.up_proj 0 count
timing gemm.gateup_fwd 2.613825 ms
timing launches.gemm.gateup_fwd 0 count
timing syncs.gemm.gateup_fwd 0 count
timing fwd.silu 0.030687 ms
timing launches.fwd.silu 1 count
timing syncs.fwd.silu 0 count
timing fwd.gate_mul 0.029117 ms
timing launches.fwd.gate_mul 1 count
timing syncs.fwd.gate_mul 0 count
timing fwd.down_proj 2.441366 ms
timing launches.fwd.down_proj 1 count
timing syncs.fwd.down_proj 0 count
timing gemm.down_fwd 2.441366 ms
timing launches.gemm.down_fwd 1 count
timing syncs.gemm.down_fwd 0 count
timing fwd.residual2_add 0.01906 ms
timing launches.fwd.residual2_add 1 count
timing syncs.fwd.residual2_add 0 count
timing block.mlp_and_residuals 8.110992 ms
timing fwd.refuse_call 0.073354 ms
timing launches.fwd.refuse_call 2 count
timing syncs.fwd.refuse_call 2 count
timing fwd.norm1 0.325005 ms
timing launches.fwd.norm1 1 count
timing syncs.fwd.norm1 0 count
timing block.norm1 0.404248 ms
timing fwd.q_proj 0.877714 ms
timing launches.fwd.q_proj 1 count
timing syncs.fwd.q_proj 0 count
timing gemm.proj_fwd 0.877714 ms
timing launches.gemm.proj_fwd 1 count
timing syncs.gemm.proj_fwd 0 count
timing fwd.k_proj 0.865089 ms
timing launches.fwd.k_proj 1 count
timing syncs.fwd.k_proj 0 count
timing gemm.proj_fwd 0.865089 ms
timing launches.gemm.proj_fwd 1 count
timing syncs.gemm.proj_fwd 0 count
timing fwd.v_proj 0.870891 ms
timing launches.fwd.v_proj 1 count
timing syncs.fwd.v_proj 0 count
timing gemm.proj_fwd 0.870891 ms
timing launches.gemm.proj_fwd 1 count
timing syncs.gemm.proj_fwd 0 count
timing attn.qkv_proj 2.631022 ms
timing attn.rope_and_cache 0.062845 ms
timing attn.fwd_regime_scan 0.159899 ms
timing attn.fwd_r2_keep_kernel 2.037133 ms
timing attn.fwd_corner_flag 0.040453 ms
timing attn.core 2.249817 ms
timing fwd.o_proj 0.875001 ms
timing launches.fwd.o_proj 1 count
timing syncs.fwd.o_proj 0 count
timing gemm.proj_fwd 0.875001 ms
timing launches.gemm.proj_fwd 1 count
timing syncs.gemm.proj_fwd 0 count
timing attn.o_proj 0.882223 ms
timing block.attention_total 5.828251 ms
timing fwd.residual1_add 0.018957 ms
timing launches.fwd.residual1_add 1 count
timing syncs.fwd.residual1_add 0 count
timing fwd.norm2 0.302347 ms
timing launches.fwd.norm2 1 count
timing syncs.fwd.norm2 0 count
timing fwd.gate_proj 2.56706 ms
timing launches.fwd.gate_proj 0 count
timing syncs.fwd.gate_proj 0 count
timing gemm.gateup_fwd 2.56706 ms
timing launches.gemm.gateup_fwd 0 count
timing syncs.gemm.gateup_fwd 0 count
timing fwd.up_proj 2.614713 ms
timing launches.fwd.up_proj 0 count
timing syncs.fwd.up_proj 0 count
timing gemm.gateup_fwd 2.614713 ms
timing launches.gemm.gateup_fwd 0 count
timing syncs.gemm.gateup_fwd 0 count
timing fwd.silu 0.030986 ms
timing launches.fwd.silu 1 count
timing syncs.fwd.silu 0 count
timing fwd.gate_mul 0.028963 ms
timing launches.fwd.gate_mul 1 count
timing syncs.fwd.gate_mul 0 count
timing fwd.down_proj 2.453635 ms
timing launches.fwd.down_proj 1 count
timing syncs.fwd.down_proj 0 count
timing gemm.down_fwd 2.453635 ms
timing launches.gemm.down_fwd 1 count
timing syncs.gemm.down_fwd 0 count
timing fwd.residual2_add 0.019017 ms
timing launches.fwd.residual2_add 1 count
timing syncs.fwd.residual2_add 0 count
timing block.mlp_and_residuals 8.066161 ms
timing fwd.refuse_call 0.072255 ms
timing launches.fwd.refuse_call 2 count
timing syncs.fwd.refuse_call 2 count
timing fwd.norm1 0.316919 ms
timing launches.fwd.norm1 1 count
timing syncs.fwd.norm1 0 count
timing block.norm1 0.396016 ms
timing fwd.q_proj 0.862008 ms
timing launches.fwd.q_proj 1 count
timing syncs.fwd.q_proj 0 count
timing gemm.proj_fwd 0.862008 ms
timing launches.gemm.proj_fwd 1 count
timing syncs.gemm.proj_fwd 0 count
timing fwd.k_proj 0.875985 ms
timing launches.fwd.k_proj 1 count
timing syncs.fwd.k_proj 0 count
timing gemm.proj_fwd 0.875985 ms
timing launches.gemm.proj_fwd 1 count
timing syncs.gemm.proj_fwd 0 count
timing fwd.v_proj 0.868824 ms
timing launches.fwd.v_proj 1 count
timing syncs.fwd.v_proj 0 count
timing gemm.proj_fwd 0.868824 ms
timing launches.gemm.proj_fwd 1 count
timing syncs.gemm.proj_fwd 0 count
timing attn.qkv_proj 2.621657 ms
timing attn.rope_and_cache 0.062975 ms
timing attn.fwd_regime_scan 0.172034 ms
timing attn.fwd_r2_keep_kernel 2.061011 ms
timing attn.fwd_corner_flag 0.040539 ms
timing attn.core 2.285994 ms
timing fwd.o_proj 0.862335 ms
timing launches.fwd.o_proj 1 count
timing syncs.fwd.o_proj 0 count
timing gemm.proj_fwd 0.862335 ms
timing launches.gemm.proj_fwd 1 count
timing syncs.gemm.proj_fwd 0 count
timing attn.o_proj 0.869311 ms
timing block.attention_total 5.842388 ms
timing fwd.residual1_add 0.01874 ms
timing launches.fwd.residual1_add 1 count
timing syncs.fwd.residual1_add 0 count
timing fwd.norm2 0.304569 ms
timing launches.fwd.norm2 1 count
timing syncs.fwd.norm2 0 count
timing fwd.gate_proj 2.619187 ms
timing launches.fwd.gate_proj 0 count
timing syncs.fwd.gate_proj 0 count
timing gemm.gateup_fwd 2.619187 ms
timing launches.gemm.gateup_fwd 0 count
timing syncs.gemm.gateup_fwd 0 count
timing fwd.up_proj 2.541792 ms
timing launches.fwd.up_proj 0 count
timing syncs.fwd.up_proj 0 count
timing gemm.gateup_fwd 2.541792 ms
timing launches.gemm.gateup_fwd 0 count
timing syncs.gemm.gateup_fwd 0 count
timing fwd.silu 0.031107 ms
timing launches.fwd.silu 1 count
timing syncs.fwd.silu 0 count
timing fwd.gate_mul 0.029263 ms
timing launches.fwd.gate_mul 1 count
timing syncs.fwd.gate_mul 0 count
timing fwd.down_proj 2.463792 ms
timing launches.fwd.down_proj 1 count
timing syncs.fwd.down_proj 0 count
timing gemm.down_fwd 2.463792 ms
timing launches.gemm.down_fwd 1 count
timing syncs.gemm.down_fwd 0 count
timing fwd.residual2_add 0.019058 ms
timing launches.fwd.residual2_add 1 count
timing syncs.fwd.residual2_add 0 count
timing block.mlp_and_residuals 8.062374 ms
timing fwd.refuse_call 0.072713 ms
timing launches.fwd.refuse_call 2 count
timing syncs.fwd.refuse_call 2 count
timing fwd.norm1 0.309438 ms
timing launches.fwd.norm1 1 count
timing syncs.fwd.norm1 0 count
timing block.norm1 0.388187 ms
timing fwd.q_proj 0.894068 ms
timing launches.fwd.q_proj 1 count
timing syncs.fwd.q_proj 0 count
timing gemm.proj_fwd 0.894068 ms
timing launches.gemm.proj_fwd 1 count
timing syncs.gemm.proj_fwd 0 count
timing fwd.k_proj 0.869196 ms
timing launches.fwd.k_proj 1 count
timing syncs.fwd.k_proj 0 count
timing gemm.proj_fwd 0.869196 ms
timing launches.gemm.proj_fwd 1 count
timing syncs.gemm.proj_fwd 0 count
timing fwd.v_proj 0.890036 ms
timing launches.fwd.v_proj 1 count
timing syncs.fwd.v_proj 0 count
timing gemm.proj_fwd 0.890036 ms
timing launches.gemm.proj_fwd 1 count
timing syncs.gemm.proj_fwd 0 count
timing attn.qkv_proj 2.668844 ms
timing attn.rope_and_cache 0.063563 ms
timing attn.fwd_regime_scan 0.163735 ms
timing attn.fwd_r2_keep_kernel 2.100977 ms
timing attn.fwd_corner_flag 0.040605 ms
timing attn.core 2.317609 ms
timing fwd.o_proj 0.879607 ms
timing launches.fwd.o_proj 1 count
timing syncs.fwd.o_proj 0 count
timing gemm.proj_fwd 0.879607 ms
timing launches.gemm.proj_fwd 1 count
timing syncs.gemm.proj_fwd 0 count
timing attn.o_proj 0.886691 ms
timing block.attention_total 5.93905 ms
timing fwd.residual1_add 0.018979 ms
timing launches.fwd.residual1_add 1 count
timing syncs.fwd.residual1_add 0 count
timing fwd.norm2 0.303958 ms
timing launches.fwd.norm2 1 count
timing syncs.fwd.norm2 0 count
timing fwd.gate_proj 2.614428 ms
timing launches.fwd.gate_proj 0 count
timing syncs.fwd.gate_proj 0 count
timing gemm.gateup_fwd 2.614428 ms
timing launches.gemm.gateup_fwd 0 count
timing syncs.gemm.gateup_fwd 0 count
timing fwd.up_proj 2.609776 ms
timing launches.fwd.up_proj 0 count
timing syncs.fwd.up_proj 0 count
timing gemm.gateup_fwd 2.609776 ms
timing launches.gemm.gateup_fwd 0 count
timing syncs.gemm.gateup_fwd 0 count
timing fwd.silu 0.031039 ms
timing launches.fwd.silu 1 count
timing syncs.fwd.silu 0 count
timing fwd.gate_mul 0.029106 ms
timing launches.fwd.gate_mul 1 count
timing syncs.fwd.gate_mul 0 count
timing fwd.down_proj 2.445117 ms
timing launches.fwd.down_proj 1 count
timing syncs.fwd.down_proj 0 count
timing gemm.down_fwd 2.445117 ms
timing launches.gemm.down_fwd 1 count
timing syncs.gemm.down_fwd 0 count
timing fwd.residual2_add 0.019304 ms
timing launches.fwd.residual2_add 1 count
timing syncs.fwd.residual2_add 0 count
timing block.mlp_and_residuals 8.101286 ms
timing fwd.refuse_call 0.072731 ms
timing launches.fwd.refuse_call 2 count
timing syncs.fwd.refuse_call 2 count
timing fwd.norm1 0.316763 ms
timing launches.fwd.norm1 1 count
timing syncs.fwd.norm1 0 count
timing block.norm1 0.395109 ms
timing fwd.q_proj 0.876892 ms
timing launches.fwd.q_proj 1 count
timing syncs.fwd.q_proj 0 count
timing gemm.proj_fwd 0.876892 ms
timing launches.gemm.proj_fwd 1 count
timing syncs.gemm.proj_fwd 0 count
timing fwd.k_proj 0.868863 ms
timing launches.fwd.k_proj 1 count
timing syncs.fwd.k_proj 0 count
timing gemm.proj_fwd 0.868863 ms
timing launches.gemm.proj_fwd 1 count
timing syncs.gemm.proj_fwd 0 count
timing fwd.v_proj 0.874651 ms
timing launches.fwd.v_proj 1 count
timing syncs.fwd.v_proj 0 count
timing gemm.proj_fwd 0.874651 ms
timing launches.gemm.proj_fwd 1 count
timing syncs.gemm.proj_fwd 0 count
timing attn.qkv_proj 2.635694 ms
timing attn.rope_and_cache 0.063184 ms
timing attn.fwd_regime_scan 0.160438 ms
timing attn.fwd_r2_keep_kernel 2.030421 ms
timing attn.fwd_corner_flag 0.040299 ms
timing attn.core 2.245431 ms
timing fwd.o_proj 0.883901 ms
timing launches.fwd.o_proj 1 count
timing syncs.fwd.o_proj 0 count
timing gemm.proj_fwd 0.883901 ms
timing launches.gemm.proj_fwd 1 count
timing syncs.gemm.proj_fwd 0 count
timing attn.o_proj 0.890979 ms
timing block.attention_total 5.83764 ms
timing fwd.residual1_add 0.018826 ms
timing launches.fwd.residual1_add 1 count
timing syncs.fwd.residual1_add 0 count
timing fwd.norm2 0.304537 ms
timing launches.fwd.norm2 1 count
timing syncs.fwd.norm2 0 count
timing fwd.gate_proj 2.564623 ms
timing launches.fwd.gate_proj 0 count
timing syncs.fwd.gate_proj 0 count
timing gemm.gateup_fwd 2.564623 ms
timing launches.gemm.gateup_fwd 0 count
timing syncs.gemm.gateup_fwd 0 count
timing fwd.up_proj 2.587906 ms
timing launches.fwd.up_proj 0 count
timing syncs.fwd.up_proj 0 count
timing gemm.gateup_fwd 2.587906 ms
timing launches.gemm.gateup_fwd 0 count
timing syncs.gemm.gateup_fwd 0 count
timing fwd.silu 0.031447 ms
timing launches.fwd.silu 1 count
timing syncs.fwd.silu 0 count
timing fwd.gate_mul 0.029409 ms
timing launches.fwd.gate_mul 1 count
timing syncs.fwd.gate_mul 0 count
timing fwd.down_proj 2.42979 ms
timing launches.fwd.down_proj 1 count
timing syncs.fwd.down_proj 0 count
timing gemm.down_fwd 2.42979 ms
timing launches.gemm.down_fwd 1 count
timing syncs.gemm.down_fwd 0 count
timing fwd.residual2_add 0.019056 ms
timing launches.fwd.residual2_add 1 count
timing syncs.fwd.residual2_add 0 count
timing block.mlp_and_residuals 8.016223 ms
timing envelope.blocks_forward 172.488375 ms
timing gemm.head_fwd 57.058669 ms
timing launches.gemm.head_fwd 0 count
timing syncs.gemm.head_fwd 0 count
timing step.head_forward 57.06541 ms
timing step.ce_refuse_scan 0.430145 ms
timing step.ce_refuse_scan_bytes 411705344 bytes
timing step.ce_refuse_scan_download_bytes 8192 bytes
timing step.ce_forward 1.486724 ms
timing step.loss_download 0.036389 ms
timing step.loss_download_bytes 4 bytes
timing step.ce_backward 0.756803 ms
timing gemm.head_dA 56.686961 ms
timing launches.gemm.head_dA 1 count
timing syncs.gemm.head_dA 0 count
timing step.head_backward_da 56.694634 ms
timing gemm.head_dB 59.137559 ms
timing launches.gemm.head_dB 0 count
timing syncs.gemm.head_dB 0 count
timing step.head_backward_db 59.142602 ms
timing grad.refuse_scan 0.05623 ms
timing launches.grad.refuse_scan 1 count
timing syncs.grad.refuse_scan 1 count
timing grad.residual2_copy 0.028665 ms
timing launches.grad.residual2_copy 2 count
timing syncs.grad.residual2_copy 0 count
timing grad.down_dA 2.570496 ms
timing launches.grad.down_dA 0 count
timing syncs.grad.down_dA 0 count
timing gemm.down_dA 2.570496 ms
timing launches.gemm.down_dA 0 count
timing syncs.gemm.down_dA 0 count
timing grad.down_dB 2.413044 ms
timing launches.grad.down_dB 1 count
timing syncs.grad.down_dB 0 count
timing gemm.down_dB 2.413044 ms
timing launches.gemm.down_dB 1 count
timing syncs.gemm.down_dB 0 count
timing grad.gate_mul 0.050763 ms
timing launches.grad.gate_mul 2 count
timing syncs.grad.gate_mul 0 count
timing grad.silu 0.036852 ms
timing launches.grad.silu 1 count
timing syncs.grad.silu 0 count
timing grad.gate_dB 2.355017 ms
timing launches.grad.gate_dB 1 count
timing syncs.grad.gate_dB 0 count
timing gemm.gateup_dB 2.355017 ms
timing launches.gemm.gateup_dB 1 count
timing syncs.gemm.gateup_dB 0 count
timing grad.up_dB 2.441893 ms
timing launches.grad.up_dB 1 count
timing syncs.grad.up_dB 0 count
timing gemm.gateup_dB 2.441893 ms
timing launches.gemm.gateup_dB 1 count
timing syncs.gemm.gateup_dB 0 count
timing grad.gate_dA 2.366643 ms
timing launches.grad.gate_dA 1 count
timing syncs.grad.gate_dA 0 count
timing gemm.gateup_dA 2.366643 ms
timing launches.gemm.gateup_dA 1 count
timing syncs.gemm.gateup_dA 0 count
timing grad.up_dA 2.413556 ms
timing launches.grad.up_dA 1 count
timing syncs.grad.up_dA 0 count
timing gemm.gateup_dA 2.413556 ms
timing launches.gemm.gateup_dA 1 count
timing syncs.gemm.gateup_dA 0 count
timing grad.gateup_fanin 0.021282 ms
timing launches.grad.gateup_fanin 1 count
timing syncs.grad.gateup_fanin 0 count
timing grad.norm2_kernels 0.155 ms
timing launches.grad.norm2_kernels 3 count
timing syncs.grad.norm2_kernels 0 count
timing grad.norm2_dW 0.080407 ms
timing launches.grad.norm2_dW 2 count
timing syncs.grad.norm2_dW 1 count
timing gemm.norm_dW 0.080407 ms
timing launches.gemm.norm_dW 2 count
timing syncs.gemm.norm_dW 1 count
timing grad.residual1_add 0.018983 ms
timing launches.grad.residual1_add 1 count
timing syncs.grad.residual1_add 0 count
timing grad.o_copy 0.020616 ms
timing launches.grad.o_copy 1 count
timing syncs.grad.o_copy 0 count
timing grad.o_dA 0.87715 ms
timing launches.grad.o_dA 1 count
timing syncs.grad.o_dA 0 count
timing gemm.proj_dA 0.87715 ms
timing launches.gemm.proj_dA 1 count
timing syncs.gemm.proj_dA 0 count
timing grad.o_dB 0.852474 ms
timing launches.grad.o_dB 1 count
timing syncs.grad.o_dB 0 count
timing gemm.proj_dB 0.852474 ms
timing launches.gemm.proj_dB 1 count
timing syncs.gemm.proj_dB 0 count
timing bwd.mlp_through_oproj 16.8291 ms
timing launches.bwd.mlp_through_oproj 21 count
timing syncs.bwd.mlp_through_oproj 2 count
timing bwd.before_attention 0.000605 ms
timing attn.bwd_regime_scan 0.220813 ms
timing attn.bwd_scratch_alloc 0.018193 ms
timing attn.bwd_zdot_estash_dres_pf 1.072772 ms
timing attn.bwd_dq_tiled_pf 2.319535 ms
timing attn.bwd_kvgrid_dkdv_pf 1.763587 ms
timing attn.bwd_corner_flag 0.056786 ms
timing bwd.attention 5.465343 ms
timing grad.kv_slice 0.031259 ms
timing launches.grad.kv_slice 2 count
timing syncs.grad.kv_slice 0 count
timing grad.rope 0.036326 ms
timing launches.grad.rope 2 count
timing syncs.grad.rope 0 count
timing grad.q_dB 0.87772 ms
timing launches.grad.q_dB 1 count
timing syncs.grad.q_dB 0 count
timing gemm.proj_dB 0.87772 ms
timing launches.gemm.proj_dB 1 count
timing syncs.gemm.proj_dB 0 count
timing grad.k_dB 0.859299 ms
timing launches.grad.k_dB 1 count
timing syncs.grad.k_dB 0 count
timing gemm.proj_dB 0.859299 ms
timing launches.gemm.proj_dB 1 count
timing syncs.gemm.proj_dB 0 count
timing grad.v_dB 0.864504 ms
timing launches.grad.v_dB 1 count
timing syncs.grad.v_dB 0 count
timing gemm.proj_dB 0.864504 ms
timing launches.gemm.proj_dB 1 count
timing syncs.gemm.proj_dB 0 count
timing grad.q_dA 0.900547 ms
timing launches.grad.q_dA 1 count
timing syncs.grad.q_dA 0 count
timing gemm.proj_dA 0.900547 ms
timing launches.gemm.proj_dA 1 count
timing syncs.gemm.proj_dA 0 count
timing grad.k_dA 0.902161 ms
timing launches.grad.k_dA 1 count
timing syncs.grad.k_dA 0 count
timing gemm.proj_dA 0.902161 ms
timing launches.gemm.proj_dA 1 count
timing syncs.gemm.proj_dA 0 count
timing grad.v_dA 0.898431 ms
timing launches.grad.v_dA 1 count
timing syncs.grad.v_dA 0 count
timing gemm.proj_dA 0.898431 ms
timing launches.gemm.proj_dA 1 count
timing syncs.gemm.proj_dA 0 count
timing grad.qkv_fanin 0.020902 ms
timing launches.grad.qkv_fanin 1 count
timing syncs.grad.qkv_fanin 0 count
timing grad.norm1_kernels 0.152656 ms
timing launches.grad.norm1_kernels 3 count
timing syncs.grad.norm1_kernels 0 count
timing grad.norm1_dW 0.072509 ms
timing launches.grad.norm1_dW 2 count
timing syncs.grad.norm1_dW 1 count
timing gemm.norm_dW 0.072509 ms
timing launches.gemm.norm_dW 2 count
timing syncs.gemm.norm_dW 1 count
timing grad.x_add 0.019684 ms
timing launches.grad.x_add 1 count
timing syncs.grad.x_add 0 count
timing bwd.after_attention 5.687537 ms
timing grad.refuse_scan 0.04241 ms
timing launches.grad.refuse_scan 1 count
timing syncs.grad.refuse_scan 1 count
timing grad.residual2_copy 0.026839 ms
timing launches.grad.residual2_copy 2 count
timing syncs.grad.residual2_copy 0 count
timing grad.down_dA 2.546782 ms
timing launches.grad.down_dA 0 count
timing syncs.grad.down_dA 0 count
timing gemm.down_dA 2.546782 ms
timing launches.gemm.down_dA 0 count
timing syncs.gemm.down_dA 0 count
timing grad.down_dB 2.457028 ms
timing launches.grad.down_dB 1 count
timing syncs.grad.down_dB 0 count
timing gemm.down_dB 2.457028 ms
timing launches.gemm.down_dB 1 count
timing syncs.gemm.down_dB 0 count
timing grad.gate_mul 0.049298 ms
timing launches.grad.gate_mul 2 count
timing syncs.grad.gate_mul 0 count
timing grad.silu 0.034626 ms
timing launches.grad.silu 1 count
timing syncs.grad.silu 0 count
timing grad.gate_dB 2.403056 ms
timing launches.grad.gate_dB 1 count
timing syncs.grad.gate_dB 0 count
timing gemm.gateup_dB 2.403056 ms
timing launches.gemm.gateup_dB 1 count
timing syncs.gemm.gateup_dB 0 count
timing grad.up_dB 2.395256 ms
timing launches.grad.up_dB 1 count
timing syncs.grad.up_dB 0 count
timing gemm.gateup_dB 2.395256 ms
timing launches.gemm.gateup_dB 1 count
timing syncs.gemm.gateup_dB 0 count
timing grad.gate_dA 2.395129 ms
timing launches.grad.gate_dA 1 count
timing syncs.grad.gate_dA 0 count
timing gemm.gateup_dA 2.395129 ms
timing launches.gemm.gateup_dA 1 count
timing syncs.gemm.gateup_dA 0 count
timing grad.up_dA 2.416061 ms
timing launches.grad.up_dA 1 count
timing syncs.grad.up_dA 0 count
timing gemm.gateup_dA 2.416061 ms
timing launches.gemm.gateup_dA 1 count
timing syncs.gemm.gateup_dA 0 count
timing grad.gateup_fanin 0.019928 ms
timing launches.grad.gateup_fanin 1 count
timing syncs.grad.gateup_fanin 0 count
timing grad.norm2_kernels 0.153429 ms
timing launches.grad.norm2_kernels 3 count
timing syncs.grad.norm2_kernels 0 count
timing grad.norm2_dW 0.072875 ms
timing launches.grad.norm2_dW 2 count
timing syncs.grad.norm2_dW 1 count
timing gemm.norm_dW 0.072875 ms
timing launches.gemm.norm_dW 2 count
timing syncs.gemm.norm_dW 1 count
timing grad.residual1_add 0.0191 ms
timing launches.grad.residual1_add 1 count
timing syncs.grad.residual1_add 0 count
timing grad.o_copy 0.019465 ms
timing launches.grad.o_copy 1 count
timing syncs.grad.o_copy 0 count
timing grad.o_dA 0.880251 ms
timing launches.grad.o_dA 1 count
timing syncs.grad.o_dA 0 count
timing gemm.proj_dA 0.880251 ms
timing launches.gemm.proj_dA 1 count
timing syncs.gemm.proj_dA 0 count
timing grad.o_dB 0.858618 ms
timing launches.grad.o_dB 1 count
timing syncs.grad.o_dB 0 count
timing gemm.proj_dB 0.858618 ms
timing launches.gemm.proj_dB 1 count
timing syncs.gemm.proj_dB 0 count
timing bwd.mlp_through_oproj 16.870323 ms
timing launches.bwd.mlp_through_oproj 21 count
timing syncs.bwd.mlp_through_oproj 2 count
timing bwd.before_attention 0.000581 ms
timing attn.bwd_regime_scan 0.217605 ms
timing attn.bwd_scratch_alloc 0.01751 ms
timing attn.bwd_zdot_estash_dres_pf 1.081053 ms
timing attn.bwd_dq_tiled_pf 2.285844 ms
timing attn.bwd_kvgrid_dkdv_pf 1.765445 ms
timing attn.bwd_corner_flag 0.056012 ms
timing bwd.attention 5.436077 ms
timing grad.kv_slice 0.031318 ms
timing launches.grad.kv_slice 2 count
timing syncs.grad.kv_slice 0 count
timing grad.rope 0.034969 ms
timing launches.grad.rope 2 count
timing syncs.grad.rope 0 count
timing grad.q_dB 0.878847 ms
timing launches.grad.q_dB 1 count
timing syncs.grad.q_dB 0 count
timing gemm.proj_dB 0.878847 ms
timing launches.gemm.proj_dB 1 count
timing syncs.gemm.proj_dB 0 count
timing grad.k_dB 0.846895 ms
timing launches.grad.k_dB 1 count
timing syncs.grad.k_dB 0 count
timing gemm.proj_dB 0.846895 ms
timing launches.gemm.proj_dB 1 count
timing syncs.gemm.proj_dB 0 count
timing grad.v_dB 0.872809 ms
timing launches.grad.v_dB 1 count
timing syncs.grad.v_dB 0 count
timing gemm.proj_dB 0.872809 ms
timing launches.gemm.proj_dB 1 count
timing syncs.gemm.proj_dB 0 count
timing grad.q_dA 0.898517 ms
timing launches.grad.q_dA 1 count
timing syncs.grad.q_dA 0 count
timing gemm.proj_dA 0.898517 ms
timing launches.gemm.proj_dA 1 count
timing syncs.gemm.proj_dA 0 count
timing grad.k_dA 0.883702 ms
timing launches.grad.k_dA 1 count
timing syncs.grad.k_dA 0 count
timing gemm.proj_dA 0.883702 ms
timing launches.gemm.proj_dA 1 count
timing syncs.gemm.proj_dA 0 count
timing grad.v_dA 0.893394 ms
timing launches.grad.v_dA 1 count
timing syncs.grad.v_dA 0 count
timing gemm.proj_dA 0.893394 ms
timing launches.gemm.proj_dA 1 count
timing syncs.gemm.proj_dA 0 count
timing grad.qkv_fanin 0.019724 ms
timing launches.grad.qkv_fanin 1 count
timing syncs.grad.qkv_fanin 0 count
timing grad.norm1_kernels 0.150376 ms
timing launches.grad.norm1_kernels 3 count
timing syncs.grad.norm1_kernels 0 count
timing grad.norm1_dW 0.070995 ms
timing launches.grad.norm1_dW 2 count
timing syncs.grad.norm1_dW 1 count
timing gemm.norm_dW 0.070995 ms
timing launches.gemm.norm_dW 2 count
timing syncs.gemm.norm_dW 1 count
timing grad.x_add 0.018836 ms
timing launches.grad.x_add 1 count
timing syncs.grad.x_add 0 count
timing bwd.after_attention 5.64954 ms
timing grad.refuse_scan 0.044021 ms
timing launches.grad.refuse_scan 1 count
timing syncs.grad.refuse_scan 1 count
timing grad.residual2_copy 0.026695 ms
timing launches.grad.residual2_copy 2 count
timing syncs.grad.residual2_copy 0 count
timing grad.down_dA 2.558082 ms
timing launches.grad.down_dA 0 count
timing syncs.grad.down_dA 0 count
timing gemm.down_dA 2.558082 ms
timing launches.gemm.down_dA 0 count
timing syncs.gemm.down_dA 0 count
timing grad.down_dB 2.428354 ms
timing launches.grad.down_dB 1 count
timing syncs.grad.down_dB 0 count
timing gemm.down_dB 2.428354 ms
timing launches.gemm.down_dB 1 count
timing syncs.gemm.down_dB 0 count
timing grad.gate_mul 0.04992 ms
timing launches.grad.gate_mul 2 count
timing syncs.grad.gate_mul 0 count
timing grad.silu 0.034858 ms
timing launches.grad.silu 1 count
timing syncs.grad.silu 0 count
timing grad.gate_dB 2.389443 ms
timing launches.grad.gate_dB 1 count
timing syncs.grad.gate_dB 0 count
timing gemm.gateup_dB 2.389443 ms
timing launches.gemm.gateup_dB 1 count
timing syncs.gemm.gateup_dB 0 count
timing grad.up_dB 2.405141 ms
timing launches.grad.up_dB 1 count
timing syncs.grad.up_dB 0 count
timing gemm.gateup_dB 2.405141 ms
timing launches.gemm.gateup_dB 1 count
timing syncs.gemm.gateup_dB 0 count
timing grad.gate_dA 2.404324 ms
timing launches.grad.gate_dA 1 count
timing syncs.grad.gate_dA 0 count
timing gemm.gateup_dA 2.404324 ms
timing launches.gemm.gateup_dA 1 count
timing syncs.gemm.gateup_dA 0 count
timing grad.up_dA 2.389261 ms
timing launches.grad.up_dA 1 count
timing syncs.grad.up_dA 0 count
timing gemm.gateup_dA 2.389261 ms
timing launches.gemm.gateup_dA 1 count
timing syncs.gemm.gateup_dA 0 count
timing grad.gateup_fanin 0.019737 ms
timing launches.grad.gateup_fanin 1 count
timing syncs.grad.gateup_fanin 0 count
timing grad.norm2_kernels 0.153995 ms
timing launches.grad.norm2_kernels 3 count
timing syncs.grad.norm2_kernels 0 count
timing grad.norm2_dW 0.077326 ms
timing launches.grad.norm2_dW 2 count
timing syncs.grad.norm2_dW 1 count
timing gemm.norm_dW 0.077326 ms
timing launches.gemm.norm_dW 2 count
timing syncs.gemm.norm_dW 1 count
timing grad.residual1_add 0.019244 ms
timing launches.grad.residual1_add 1 count
timing syncs.grad.residual1_add 0 count
timing grad.o_copy 0.019028 ms
timing launches.grad.o_copy 1 count
timing syncs.grad.o_copy 0 count
timing grad.o_dA 0.884164 ms
timing launches.grad.o_dA 1 count
timing syncs.grad.o_dA 0 count
timing gemm.proj_dA 0.884164 ms
timing launches.gemm.proj_dA 1 count
timing syncs.gemm.proj_dA 0 count
timing grad.o_dB 0.848405 ms
timing launches.grad.o_dB 1 count
timing syncs.grad.o_dB 0 count
timing gemm.proj_dB 0.848405 ms
timing launches.gemm.proj_dB 1 count
timing syncs.gemm.proj_dB 0 count
timing bwd.mlp_through_oproj 16.815956 ms
timing launches.bwd.mlp_through_oproj 21 count
timing syncs.bwd.mlp_through_oproj 2 count
timing bwd.before_attention 0.000661 ms
timing attn.bwd_regime_scan 0.215738 ms
timing attn.bwd_scratch_alloc 0.017498 ms
timing attn.bwd_zdot_estash_dres_pf 1.062263 ms
timing attn.bwd_dq_tiled_pf 2.294477 ms
timing attn.bwd_kvgrid_dkdv_pf 1.780351 ms
timing attn.bwd_corner_flag 0.056221 ms
timing bwd.attention 5.439059 ms
timing grad.kv_slice 0.029968 ms
timing launches.grad.kv_slice 2 count
timing syncs.grad.kv_slice 0 count
timing grad.rope 0.034507 ms
timing launches.grad.rope 2 count
timing syncs.grad.rope 0 count
timing grad.q_dB 0.867444 ms
timing launches.grad.q_dB 1 count
timing syncs.grad.q_dB 0 count
timing gemm.proj_dB 0.867444 ms
timing launches.gemm.proj_dB 1 count
timing syncs.gemm.proj_dB 0 count
timing grad.k_dB 0.846741 ms
timing launches.grad.k_dB 1 count
timing syncs.grad.k_dB 0 count
timing gemm.proj_dB 0.846741 ms
timing launches.gemm.proj_dB 1 count
timing syncs.gemm.proj_dB 0 count
timing grad.v_dB 0.853816 ms
timing launches.grad.v_dB 1 count
timing syncs.grad.v_dB 0 count
timing gemm.proj_dB 0.853816 ms
timing launches.gemm.proj_dB 1 count
timing syncs.gemm.proj_dB 0 count
timing grad.q_dA 0.892382 ms
timing launches.grad.q_dA 1 count
timing syncs.grad.q_dA 0 count
timing gemm.proj_dA 0.892382 ms
timing launches.gemm.proj_dA 1 count
timing syncs.gemm.proj_dA 0 count
timing grad.k_dA 0.883193 ms
timing launches.grad.k_dA 1 count
timing syncs.grad.k_dA 0 count
timing gemm.proj_dA 0.883193 ms
timing launches.gemm.proj_dA 1 count
timing syncs.gemm.proj_dA 0 count
timing grad.v_dA 0.878852 ms
timing launches.grad.v_dA 1 count
timing syncs.grad.v_dA 0 count
timing gemm.proj_dA 0.878852 ms
timing launches.gemm.proj_dA 1 count
timing syncs.gemm.proj_dA 0 count
timing grad.qkv_fanin 0.021444 ms
timing launches.grad.qkv_fanin 1 count
timing syncs.grad.qkv_fanin 0 count
timing grad.norm1_kernels 0.153768 ms
timing launches.grad.norm1_kernels 3 count
timing syncs.grad.norm1_kernels 0 count
timing grad.norm1_dW 0.071913 ms
timing launches.grad.norm1_dW 2 count
timing syncs.grad.norm1_dW 1 count
timing gemm.norm_dW 0.071913 ms
timing launches.gemm.norm_dW 2 count
timing syncs.gemm.norm_dW 1 count
timing grad.x_add 0.019198 ms
timing launches.grad.x_add 1 count
timing syncs.grad.x_add 0 count
timing bwd.after_attention 5.601887 ms
timing grad.refuse_scan 0.041913 ms
timing launches.grad.refuse_scan 1 count
timing syncs.grad.refuse_scan 1 count
timing grad.residual2_copy 0.026863 ms
timing launches.grad.residual2_copy 2 count
timing syncs.grad.residual2_copy 0 count
timing grad.down_dA 2.568061 ms
timing launches.grad.down_dA 0 count
timing syncs.grad.down_dA 0 count
timing gemm.down_dA 2.568061 ms
timing launches.gemm.down_dA 0 count
timing syncs.gemm.down_dA 0 count
timing grad.down_dB 2.399521 ms
timing launches.grad.down_dB 1 count
timing syncs.grad.down_dB 0 count
timing gemm.down_dB 2.399521 ms
timing launches.gemm.down_dB 1 count
timing syncs.gemm.down_dB 0 count
timing grad.gate_mul 0.049145 ms
timing launches.grad.gate_mul 2 count
timing syncs.grad.gate_mul 0 count
timing grad.silu 0.034989 ms
timing launches.grad.silu 1 count
timing syncs.grad.silu 0 count
timing grad.gate_dB 2.411794 ms
timing launches.grad.gate_dB 1 count
timing syncs.grad.gate_dB 0 count
timing gemm.gateup_dB 2.411794 ms
timing launches.gemm.gateup_dB 1 count
timing syncs.gemm.gateup_dB 0 count
timing grad.up_dB 2.37039 ms
timing launches.grad.up_dB 1 count
timing syncs.grad.up_dB 0 count
timing gemm.gateup_dB 2.37039 ms
timing launches.gemm.gateup_dB 1 count
timing syncs.gemm.gateup_dB 0 count
timing grad.gate_dA 2.412184 ms
timing launches.grad.gate_dA 1 count
timing syncs.grad.gate_dA 0 count
timing gemm.gateup_dA 2.412184 ms
timing launches.gemm.gateup_dA 1 count
timing syncs.gemm.gateup_dA 0 count
timing grad.up_dA 2.376525 ms
timing launches.grad.up_dA 1 count
timing syncs.grad.up_dA 0 count
timing gemm.gateup_dA 2.376525 ms
timing launches.gemm.gateup_dA 1 count
timing syncs.gemm.gateup_dA 0 count
timing grad.gateup_fanin 0.019599 ms
timing launches.grad.gateup_fanin 1 count
timing syncs.grad.gateup_fanin 0 count
timing grad.norm2_kernels 0.150637 ms
timing launches.grad.norm2_kernels 3 count
timing syncs.grad.norm2_kernels 0 count
timing grad.norm2_dW 0.070909 ms
timing launches.grad.norm2_dW 2 count
timing syncs.grad.norm2_dW 1 count
timing gemm.norm_dW 0.070909 ms
timing launches.gemm.norm_dW 2 count
timing syncs.gemm.norm_dW 1 count
timing grad.residual1_add 0.018625 ms
timing launches.grad.residual1_add 1 count
timing syncs.grad.residual1_add 0 count
timing grad.o_copy 0.018445 ms
timing launches.grad.o_copy 1 count
timing syncs.grad.o_copy 0 count
timing grad.o_dA 0.882681 ms
timing launches.grad.o_dA 1 count
timing syncs.grad.o_dA 0 count
timing gemm.proj_dA 0.882681 ms
timing launches.gemm.proj_dA 1 count
timing syncs.gemm.proj_dA 0 count
timing grad.o_dB 0.861864 ms
timing launches.grad.o_dB 1 count
timing syncs.grad.o_dB 0 count
timing gemm.proj_dB 0.861864 ms
timing launches.gemm.proj_dB 1 count
timing syncs.gemm.proj_dB 0 count
timing bwd.mlp_through_oproj 16.779794 ms
timing launches.bwd.mlp_through_oproj 21 count
timing syncs.bwd.mlp_through_oproj 2 count
timing bwd.before_attention 0.000596 ms
timing attn.bwd_regime_scan 0.215569 ms
timing attn.bwd_scratch_alloc 0.016258 ms
timing attn.bwd_zdot_estash_dres_pf 1.063077 ms
timing attn.bwd_dq_tiled_pf 2.283308 ms
timing attn.bwd_kvgrid_dkdv_pf 1.804313 ms
timing attn.bwd_corner_flag 0.055592 ms
timing bwd.attention 5.4507 ms
timing grad.kv_slice 0.030933 ms
timing launches.grad.kv_slice 2 count
timing syncs.grad.kv_slice 0 count
timing grad.rope 0.033096 ms
timing launches.grad.rope 2 count
timing syncs.grad.rope 0 count
timing grad.q_dB 0.879666 ms
timing launches.grad.q_dB 1 count
timing syncs.grad.q_dB 0 count
timing gemm.proj_dB 0.879666 ms
timing launches.gemm.proj_dB 1 count
timing syncs.gemm.proj_dB 0 count
timing grad.k_dB 0.857218 ms
timing launches.grad.k_dB 1 count
timing syncs.grad.k_dB 0 count
timing gemm.proj_dB 0.857218 ms
timing launches.gemm.proj_dB 1 count
timing syncs.gemm.proj_dB 0 count
timing grad.v_dB 0.870301 ms
timing launches.grad.v_dB 1 count
timing syncs.grad.v_dB 0 count
timing gemm.proj_dB 0.870301 ms
timing launches.gemm.proj_dB 1 count
timing syncs.gemm.proj_dB 0 count
timing grad.q_dA 0.902863 ms
timing launches.grad.q_dA 1 count
timing syncs.grad.q_dA 0 count
timing gemm.proj_dA 0.902863 ms
timing launches.gemm.proj_dA 1 count
timing syncs.gemm.proj_dA 0 count
timing grad.k_dA 0.893547 ms
timing launches.grad.k_dA 1 count
timing syncs.grad.k_dA 0 count
timing gemm.proj_dA 0.893547 ms
timing launches.gemm.proj_dA 1 count
timing syncs.gemm.proj_dA 0 count
timing grad.v_dA 0.909836 ms
timing launches.grad.v_dA 1 count
timing syncs.grad.v_dA 0 count
timing gemm.proj_dA 0.909836 ms
timing launches.gemm.proj_dA 1 count
timing syncs.gemm.proj_dA 0 count
timing grad.qkv_fanin 0.020111 ms
timing launches.grad.qkv_fanin 1 count
timing syncs.grad.qkv_fanin 0 count
timing grad.norm1_kernels 0.155317 ms
timing launches.grad.norm1_kernels 3 count
timing syncs.grad.norm1_kernels 0 count
timing grad.norm1_dW 0.074965 ms
timing launches.grad.norm1_dW 2 count
timing syncs.grad.norm1_dW 1 count
timing gemm.norm_dW 0.074965 ms
timing launches.gemm.norm_dW 2 count
timing syncs.gemm.norm_dW 1 count
timing grad.x_add 0.019418 ms
timing launches.grad.x_add 1 count
timing syncs.grad.x_add 0 count
timing bwd.after_attention 5.694526 ms
timing grad.refuse_scan 0.045032 ms
timing launches.grad.refuse_scan 1 count
timing syncs.grad.refuse_scan 1 count
timing grad.residual2_copy 0.026909 ms
timing launches.grad.residual2_copy 2 count
timing syncs.grad.residual2_copy 0 count
timing grad.down_dA 2.604487 ms
timing launches.grad.down_dA 0 count
timing syncs.grad.down_dA 0 count
timing gemm.down_dA 2.604487 ms
timing launches.gemm.down_dA 0 count
timing syncs.gemm.down_dA 0 count
timing grad.down_dB 2.409879 ms
timing launches.grad.down_dB 1 count
timing syncs.grad.down_dB 0 count
timing gemm.down_dB 2.409879 ms
timing launches.gemm.down_dB 1 count
timing syncs.gemm.down_dB 0 count
timing grad.gate_mul 0.049654 ms
timing launches.grad.gate_mul 2 count
timing syncs.grad.gate_mul 0 count
timing grad.silu 0.03426 ms
timing launches.grad.silu 1 count
timing syncs.grad.silu 0 count
timing grad.gate_dB 2.425826 ms
timing launches.grad.gate_dB 1 count
timing syncs.grad.gate_dB 0 count
timing gemm.gateup_dB 2.425826 ms
timing launches.gemm.gateup_dB 1 count
timing syncs.gemm.gateup_dB 0 count
timing grad.up_dB 2.40473 ms
timing launches.grad.up_dB 1 count
timing syncs.grad.up_dB 0 count
timing gemm.gateup_dB 2.40473 ms
timing launches.gemm.gateup_dB 1 count
timing syncs.gemm.gateup_dB 0 count
timing grad.gate_dA 2.436602 ms
timing launches.grad.gate_dA 1 count
timing syncs.grad.gate_dA 0 count
timing gemm.gateup_dA 2.436602 ms
timing launches.gemm.gateup_dA 1 count
timing syncs.gemm.gateup_dA 0 count
timing grad.up_dA 2.393874 ms
timing launches.grad.up_dA 1 count
timing syncs.grad.up_dA 0 count
timing gemm.gateup_dA 2.393874 ms
timing launches.gemm.gateup_dA 1 count
timing syncs.gemm.gateup_dA 0 count
timing grad.gateup_fanin 0.019231 ms
timing launches.grad.gateup_fanin 1 count
timing syncs.grad.gateup_fanin 0 count
timing grad.norm2_kernels 0.152846 ms
timing launches.grad.norm2_kernels 3 count
timing syncs.grad.norm2_kernels 0 count
timing grad.norm2_dW 0.072351 ms
timing launches.grad.norm2_dW 2 count
timing syncs.grad.norm2_dW 1 count
timing gemm.norm_dW 0.072351 ms
timing launches.gemm.norm_dW 2 count
timing syncs.gemm.norm_dW 1 count
timing grad.residual1_add 0.018704 ms
timing launches.grad.residual1_add 1 count
timing syncs.grad.residual1_add 0 count
timing grad.o_copy 0.018678 ms
timing launches.grad.o_copy 1 count
timing syncs.grad.o_copy 0 count
timing grad.o_dA 0.89674 ms
timing launches.grad.o_dA 1 count
timing syncs.grad.o_dA 0 count
timing gemm.proj_dA 0.89674 ms
timing launches.gemm.proj_dA 1 count
timing syncs.gemm.proj_dA 0 count
timing grad.o_dB 0.853852 ms
timing launches.grad.o_dB 1 count
timing syncs.grad.o_dB 0 count
timing gemm.proj_dB 0.853852 ms
timing launches.gemm.proj_dB 1 count
timing syncs.gemm.proj_dB 0 count
timing bwd.mlp_through_oproj 16.927999 ms
timing launches.bwd.mlp_through_oproj 21 count
timing syncs.bwd.mlp_through_oproj 2 count
timing bwd.before_attention 0.000605 ms
timing attn.bwd_regime_scan 0.216439 ms
timing attn.bwd_scratch_alloc 0.01686 ms
timing attn.bwd_zdot_estash_dres_pf 1.063187 ms
timing attn.bwd_dq_tiled_pf 2.296099 ms
timing attn.bwd_kvgrid_dkdv_pf 1.785764 ms
timing attn.bwd_corner_flag 0.055488 ms
timing bwd.attention 5.446298 ms
timing grad.kv_slice 0.030796 ms
timing launches.grad.kv_slice 2 count
timing syncs.grad.kv_slice 0 count
timing grad.rope 0.033124 ms
timing launches.grad.rope 2 count
timing syncs.grad.rope 0 count
timing grad.q_dB 0.883638 ms
timing launches.grad.q_dB 1 count
timing syncs.grad.q_dB 0 count
timing gemm.proj_dB 0.883638 ms
timing launches.gemm.proj_dB 1 count
timing syncs.gemm.proj_dB 0 count
timing grad.k_dB 0.857815 ms
timing launches.grad.k_dB 1 count
timing syncs.grad.k_dB 0 count
timing gemm.proj_dB 0.857815 ms
timing launches.gemm.proj_dB 1 count
timing syncs.gemm.proj_dB 0 count
timing grad.v_dB 0.880579 ms
timing launches.grad.v_dB 1 count
timing syncs.grad.v_dB 0 count
timing gemm.proj_dB 0.880579 ms
timing launches.gemm.proj_dB 1 count
timing syncs.gemm.proj_dB 0 count
timing grad.q_dA 0.915079 ms
timing launches.grad.q_dA 1 count
timing syncs.grad.q_dA 0 count
timing gemm.proj_dA 0.915079 ms
timing launches.gemm.proj_dA 1 count
timing syncs.gemm.proj_dA 0 count
timing grad.k_dA 0.904728 ms
timing launches.grad.k_dA 1 count
timing syncs.grad.k_dA 0 count
timing gemm.proj_dA 0.904728 ms
timing launches.gemm.proj_dA 1 count
timing syncs.gemm.proj_dA 0 count
timing grad.v_dA 0.896022 ms
timing launches.grad.v_dA 1 count
timing syncs.grad.v_dA 0 count
timing gemm.proj_dA 0.896022 ms
timing launches.gemm.proj_dA 1 count
timing syncs.gemm.proj_dA 0 count
timing grad.qkv_fanin 0.019883 ms
timing launches.grad.qkv_fanin 1 count
timing syncs.grad.qkv_fanin 0 count
timing grad.norm1_kernels 0.1527 ms
timing launches.grad.norm1_kernels 3 count
timing syncs.grad.norm1_kernels 0 count
timing grad.norm1_dW 0.072893 ms
timing launches.grad.norm1_dW 2 count
timing syncs.grad.norm1_dW 1 count
timing gemm.norm_dW 0.072893 ms
timing launches.gemm.norm_dW 2 count
timing syncs.gemm.norm_dW 1 count
timing grad.x_add 0.019274 ms
timing launches.grad.x_add 1 count
timing syncs.grad.x_add 0 count
timing bwd.after_attention 5.713517 ms
timing grad.refuse_scan 0.042457 ms
timing launches.grad.refuse_scan 1 count
timing syncs.grad.refuse_scan 1 count
timing grad.residual2_copy 0.026664 ms
timing launches.grad.residual2_copy 2 count
timing syncs.grad.residual2_copy 0 count
timing grad.down_dA 2.602938 ms
timing launches.grad.down_dA 0 count
timing syncs.grad.down_dA 0 count
timing gemm.down_dA 2.602938 ms
timing launches.gemm.down_dA 0 count
timing syncs.gemm.down_dA 0 count
timing grad.down_dB 2.388232 ms
timing launches.grad.down_dB 1 count
timing syncs.grad.down_dB 0 count
timing gemm.down_dB 2.388232 ms
timing launches.gemm.down_dB 1 count
timing syncs.gemm.down_dB 0 count
timing grad.gate_mul 0.049824 ms
timing launches.grad.gate_mul 2 count
timing syncs.grad.gate_mul 0 count
timing grad.silu 0.035586 ms
timing launches.grad.silu 1 count
timing syncs.grad.silu 0 count
timing grad.gate_dB 2.390103 ms
timing launches.grad.gate_dB 1 count
timing syncs.grad.gate_dB 0 count
timing gemm.gateup_dB 2.390103 ms
timing launches.gemm.gateup_dB 1 count
timing syncs.gemm.gateup_dB 0 count
timing grad.up_dB 2.379382 ms
timing launches.grad.up_dB 1 count
timing syncs.grad.up_dB 0 count
timing gemm.gateup_dB 2.379382 ms
timing launches.gemm.gateup_dB 1 count
timing syncs.gemm.gateup_dB 0 count
timing grad.gate_dA 2.383078 ms
timing launches.grad.gate_dA 1 count
timing syncs.grad.gate_dA 0 count
timing gemm.gateup_dA 2.383078 ms
timing launches.gemm.gateup_dA 1 count
timing syncs.gemm.gateup_dA 0 count
timing grad.up_dA 2.394534 ms
timing launches.grad.up_dA 1 count
timing syncs.grad.up_dA 0 count
timing gemm.gateup_dA 2.394534 ms
timing launches.gemm.gateup_dA 1 count
timing syncs.gemm.gateup_dA 0 count
timing grad.gateup_fanin 0.019666 ms
timing launches.grad.gateup_fanin 1 count
timing syncs.grad.gateup_fanin 0 count
timing grad.norm2_kernels 0.150956 ms
timing launches.grad.norm2_kernels 3 count
timing syncs.grad.norm2_kernels 0 count
timing grad.norm2_dW 0.071198 ms
timing launches.grad.norm2_dW 2 count
timing syncs.grad.norm2_dW 1 count
timing gemm.norm_dW 0.071198 ms
timing launches.gemm.norm_dW 2 count
timing syncs.gemm.norm_dW 1 count
timing grad.residual1_add 0.018871 ms
timing launches.grad.residual1_add 1 count
timing syncs.grad.residual1_add 0 count
timing grad.o_copy 0.018898 ms
timing launches.grad.o_copy 1 count
timing syncs.grad.o_copy 0 count
timing grad.o_dA 0.881813 ms
timing launches.grad.o_dA 1 count
timing syncs.grad.o_dA 0 count
timing gemm.proj_dA 0.881813 ms
timing launches.gemm.proj_dA 1 count
timing syncs.gemm.proj_dA 0 count
timing grad.o_dB 0.861145 ms
timing launches.grad.o_dB 1 count
timing syncs.grad.o_dB 0 count
timing gemm.proj_dB 0.861145 ms
timing launches.gemm.proj_dB 1 count
timing syncs.gemm.proj_dB 0 count
timing bwd.mlp_through_oproj 16.781762 ms
timing launches.bwd.mlp_through_oproj 21 count
timing syncs.bwd.mlp_through_oproj 2 count
timing bwd.before_attention 0.000611 ms
timing attn.bwd_regime_scan 0.21673 ms
timing attn.bwd_scratch_alloc 0.016802 ms
timing attn.bwd_zdot_estash_dres_pf 1.067569 ms
timing attn.bwd_dq_tiled_pf 2.296619 ms
timing attn.bwd_kvgrid_dkdv_pf 1.793617 ms
timing attn.bwd_corner_flag 0.056599 ms
timing bwd.attention 5.460503 ms
timing grad.kv_slice 0.031357 ms
timing launches.grad.kv_slice 2 count
timing syncs.grad.kv_slice 0 count
timing grad.rope 0.033561 ms
timing launches.grad.rope 2 count
timing syncs.grad.rope 0 count
timing grad.q_dB 0.901866 ms
timing launches.grad.q_dB 1 count
timing syncs.grad.q_dB 0 count
timing gemm.proj_dB 0.901866 ms
timing launches.gemm.proj_dB 1 count
timing syncs.gemm.proj_dB 0 count
timing grad.k_dB 0.855547 ms
timing launches.grad.k_dB 1 count
timing syncs.grad.k_dB 0 count
timing gemm.proj_dB 0.855547 ms
timing launches.gemm.proj_dB 1 count
timing syncs.gemm.proj_dB 0 count
timing grad.v_dB 0.858079 ms
timing launches.grad.v_dB 1 count
timing syncs.grad.v_dB 0 count
timing gemm.proj_dB 0.858079 ms
timing launches.gemm.proj_dB 1 count
timing syncs.gemm.proj_dB 0 count
timing grad.q_dA 0.882262 ms
timing launches.grad.q_dA 1 count
timing syncs.grad.q_dA 0 count
timing gemm.proj_dA 0.882262 ms
timing launches.gemm.proj_dA 1 count
timing syncs.gemm.proj_dA 0 count
timing grad.k_dA 0.885528 ms
timing launches.grad.k_dA 1 count
timing syncs.grad.k_dA 0 count
timing gemm.proj_dA 0.885528 ms
timing launches.gemm.proj_dA 1 count
timing syncs.gemm.proj_dA 0 count
timing grad.v_dA 0.911319 ms
timing launches.grad.v_dA 1 count
timing syncs.grad.v_dA 0 count
timing gemm.proj_dA 0.911319 ms
timing launches.gemm.proj_dA 1 count
timing syncs.gemm.proj_dA 0 count
timing grad.qkv_fanin 0.022303 ms
timing launches.grad.qkv_fanin 1 count
timing syncs.grad.qkv_fanin 0 count
timing grad.norm1_kernels 0.158838 ms
timing launches.grad.norm1_kernels 3 count
timing syncs.grad.norm1_kernels 0 count
timing grad.norm1_dW 0.073264 ms
timing launches.grad.norm1_dW 2 count
timing syncs.grad.norm1_dW 1 count
timing gemm.norm_dW 0.073264 ms
timing launches.gemm.norm_dW 2 count
timing syncs.gemm.norm_dW 1 count
timing grad.x_add 0.019132 ms
timing launches.grad.x_add 1 count
timing syncs.grad.x_add 0 count
timing bwd.after_attention 5.682146 ms
timing grad.refuse_scan 0.042967 ms
timing launches.grad.refuse_scan 1 count
timing syncs.grad.refuse_scan 1 count
timing grad.residual2_copy 0.027019 ms
timing launches.grad.residual2_copy 2 count
timing syncs.grad.residual2_copy 0 count
timing grad.down_dA 2.60589 ms
timing launches.grad.down_dA 0 count
timing syncs.grad.down_dA 0 count
timing gemm.down_dA 2.60589 ms
timing launches.gemm.down_dA 0 count
timing syncs.gemm.down_dA 0 count
timing grad.down_dB 2.406046 ms
timing launches.grad.down_dB 1 count
timing syncs.grad.down_dB 0 count
timing gemm.down_dB 2.406046 ms
timing launches.gemm.down_dB 1 count
timing syncs.gemm.down_dB 0 count
timing grad.gate_mul 0.049668 ms
timing launches.grad.gate_mul 2 count
timing syncs.grad.gate_mul 0 count
timing grad.silu 0.034859 ms
timing launches.grad.silu 1 count
timing syncs.grad.silu 0 count
timing grad.gate_dB 2.393741 ms
timing launches.grad.gate_dB 1 count
timing syncs.grad.gate_dB 0 count
timing gemm.gateup_dB 2.393741 ms
timing launches.gemm.gateup_dB 1 count
timing syncs.gemm.gateup_dB 0 count
timing grad.up_dB 2.382633 ms
timing launches.grad.up_dB 1 count
timing syncs.grad.up_dB 0 count
timing gemm.gateup_dB 2.382633 ms
timing launches.gemm.gateup_dB 1 count
timing syncs.gemm.gateup_dB 0 count
timing grad.gate_dA 2.394274 ms
timing launches.grad.gate_dA 1 count
timing syncs.grad.gate_dA 0 count
timing gemm.gateup_dA 2.394274 ms
timing launches.gemm.gateup_dA 1 count
timing syncs.gemm.gateup_dA 0 count
timing grad.up_dA 2.400854 ms
timing launches.grad.up_dA 1 count
timing syncs.grad.up_dA 0 count
timing gemm.gateup_dA 2.400854 ms
timing launches.gemm.gateup_dA 1 count
timing syncs.gemm.gateup_dA 0 count
timing grad.gateup_fanin 0.02362 ms
timing launches.grad.gateup_fanin 1 count
timing syncs.grad.gateup_fanin 0 count
timing grad.norm2_kernels 0.152737 ms
timing launches.grad.norm2_kernels 3 count
timing syncs.grad.norm2_kernels 0 count
timing grad.norm2_dW 0.072927 ms
timing launches.grad.norm2_dW 2 count
timing syncs.grad.norm2_dW 1 count
timing gemm.norm_dW 0.072927 ms
timing launches.gemm.norm_dW 2 count
timing syncs.gemm.norm_dW 1 count
timing grad.residual1_add 0.01869 ms
timing launches.grad.residual1_add 1 count
timing syncs.grad.residual1_add 0 count
timing grad.o_copy 0.018856 ms
timing launches.grad.o_copy 1 count
timing syncs.grad.o_copy 0 count
timing grad.o_dA 0.8928 ms
timing launches.grad.o_dA 1 count
timing syncs.grad.o_dA 0 count
timing gemm.proj_dA 0.8928 ms
timing launches.gemm.proj_dA 1 count
timing syncs.gemm.proj_dA 0 count
timing grad.o_dB 0.853409 ms
timing launches.grad.o_dB 1 count
timing syncs.grad.o_dB 0 count
timing gemm.proj_dB 0.853409 ms
timing launches.gemm.proj_dB 1 count
timing syncs.gemm.proj_dB 0 count
timing bwd.mlp_through_oproj 16.835111 ms
timing launches.bwd.mlp_through_oproj 21 count
timing syncs.bwd.mlp_through_oproj 2 count
timing bwd.before_attention 0.000603 ms
timing attn.bwd_regime_scan 0.216044 ms
timing attn.bwd_scratch_alloc 0.016718 ms
timing attn.bwd_zdot_estash_dres_pf 1.047814 ms
timing attn.bwd_dq_tiled_pf 2.291274 ms
timing attn.bwd_kvgrid_dkdv_pf 1.790855 ms
timing attn.bwd_corner_flag 0.054918 ms
timing bwd.attention 5.430466 ms
timing grad.kv_slice 0.030559 ms
timing launches.grad.kv_slice 2 count
timing syncs.grad.kv_slice 0 count
timing grad.rope 0.032938 ms
timing launches.grad.rope 2 count
timing syncs.grad.rope 0 count
timing grad.q_dB 0.882462 ms
timing launches.grad.q_dB 1 count
timing syncs.grad.q_dB 0 count
timing gemm.proj_dB 0.882462 ms
timing launches.gemm.proj_dB 1 count
timing syncs.gemm.proj_dB 0 count
timing grad.k_dB 0.845626 ms
timing launches.grad.k_dB 1 count
timing syncs.grad.k_dB 0 count
timing gemm.proj_dB 0.845626 ms
timing launches.gemm.proj_dB 1 count
timing syncs.gemm.proj_dB 0 count
timing grad.v_dB 0.853449 ms
timing launches.grad.v_dB 1 count
timing syncs.grad.v_dB 0 count
timing gemm.proj_dB 0.853449 ms
timing launches.gemm.proj_dB 1 count
timing syncs.gemm.proj_dB 0 count
timing grad.q_dA 0.893914 ms
timing launches.grad.q_dA 1 count
timing syncs.grad.q_dA 0 count
timing gemm.proj_dA 0.893914 ms
timing launches.gemm.proj_dA 1 count
timing syncs.gemm.proj_dA 0 count
timing grad.k_dA 0.890963 ms
timing launches.grad.k_dA 1 count
timing syncs.grad.k_dA 0 count
timing gemm.proj_dA 0.890963 ms
timing launches.gemm.proj_dA 1 count
timing syncs.gemm.proj_dA 0 count
timing grad.v_dA 0.888945 ms
timing launches.grad.v_dA 1 count
timing syncs.grad.v_dA 0 count
timing gemm.proj_dA 0.888945 ms
timing launches.gemm.proj_dA 1 count
timing syncs.gemm.proj_dA 0 count
timing grad.qkv_fanin 0.019812 ms
timing launches.grad.qkv_fanin 1 count
timing syncs.grad.qkv_fanin 0 count
timing grad.norm1_kernels 0.152577 ms
timing launches.grad.norm1_kernels 3 count
timing syncs.grad.norm1_kernels 0 count
timing grad.norm1_dW 0.072968 ms
timing launches.grad.norm1_dW 2 count
timing syncs.grad.norm1_dW 1 count
timing gemm.norm_dW 0.072968 ms
timing launches.gemm.norm_dW 2 count
timing syncs.gemm.norm_dW 1 count
timing grad.x_add 0.018995 ms
timing launches.grad.x_add 1 count
timing syncs.grad.x_add 0 count
timing bwd.after_attention 5.632147 ms
timing grad.refuse_scan 0.043866 ms
timing launches.grad.refuse_scan 1 count
timing syncs.grad.refuse_scan 1 count
timing grad.residual2_copy 0.027154 ms
timing launches.grad.residual2_copy 2 count
timing syncs.grad.residual2_copy 0 count
timing grad.down_dA 2.614667 ms
timing launches.grad.down_dA 0 count
timing syncs.grad.down_dA 0 count
timing gemm.down_dA 2.614667 ms
timing launches.gemm.down_dA 0 count
timing syncs.gemm.down_dA 0 count
timing grad.down_dB 2.406461 ms
timing launches.grad.down_dB 1 count
timing syncs.grad.down_dB 0 count
timing gemm.down_dB 2.406461 ms
timing launches.gemm.down_dB 1 count
timing syncs.gemm.down_dB 0 count
timing grad.gate_mul 0.050182 ms
timing launches.grad.gate_mul 2 count
timing syncs.grad.gate_mul 0 count
timing grad.silu 0.034784 ms
timing launches.grad.silu 1 count
timing syncs.grad.silu 0 count
timing grad.gate_dB 2.407108 ms
timing launches.grad.gate_dB 1 count
timing syncs.grad.gate_dB 0 count
timing gemm.gateup_dB 2.407108 ms
timing launches.gemm.gateup_dB 1 count
timing syncs.gemm.gateup_dB 0 count
timing grad.up_dB 2.368967 ms
timing launches.grad.up_dB 1 count
timing syncs.grad.up_dB 0 count
timing gemm.gateup_dB 2.368967 ms
timing launches.gemm.gateup_dB 1 count
timing syncs.gemm.gateup_dB 0 count
timing grad.gate_dA 2.419879 ms
timing launches.grad.gate_dA 1 count
timing syncs.grad.gate_dA 0 count
timing gemm.gateup_dA 2.419879 ms
timing launches.gemm.gateup_dA 1 count
timing syncs.gemm.gateup_dA 0 count
timing grad.up_dA 2.40321 ms
timing launches.grad.up_dA 1 count
timing syncs.grad.up_dA 0 count
timing gemm.gateup_dA 2.40321 ms
timing launches.gemm.gateup_dA 1 count
timing syncs.gemm.gateup_dA 0 count
timing grad.gateup_fanin 0.019829 ms
timing launches.grad.gateup_fanin 1 count
timing syncs.grad.gateup_fanin 0 count
timing grad.norm2_kernels 0.152442 ms
timing launches.grad.norm2_kernels 3 count
timing syncs.grad.norm2_kernels 0 count
timing grad.norm2_dW 0.072875 ms
timing launches.grad.norm2_dW 2 count
timing syncs.grad.norm2_dW 1 count
timing gemm.norm_dW 0.072875 ms
timing launches.gemm.norm_dW 2 count
timing syncs.gemm.norm_dW 1 count
timing grad.residual1_add 0.018615 ms
timing launches.grad.residual1_add 1 count
timing syncs.grad.residual1_add 0 count
timing grad.o_copy 0.018653 ms
timing launches.grad.o_copy 1 count
timing syncs.grad.o_copy 0 count
timing grad.o_dA 0.864061 ms
timing launches.grad.o_dA 1 count
timing syncs.grad.o_dA 0 count
timing gemm.proj_dA 0.864061 ms
timing launches.gemm.proj_dA 1 count
timing syncs.gemm.proj_dA 0 count
timing grad.o_dB 0.853772 ms
timing launches.grad.o_dB 1 count
timing syncs.grad.o_dB 0 count
timing gemm.proj_dB 0.853772 ms
timing launches.gemm.proj_dB 1 count
timing syncs.gemm.proj_dB 0 count
timing bwd.mlp_through_oproj 16.84685 ms
timing launches.bwd.mlp_through_oproj 21 count
timing syncs.bwd.mlp_through_oproj 2 count
timing bwd.before_attention 0.000594 ms
timing attn.bwd_regime_scan 0.22195 ms
timing attn.bwd_scratch_alloc 0.017341 ms
timing attn.bwd_zdot_estash_dres_pf 1.057173 ms
timing attn.bwd_dq_tiled_pf 2.290052 ms
timing attn.bwd_kvgrid_dkdv_pf 1.780004 ms
timing attn.bwd_corner_flag 0.056488 ms
timing bwd.attention 5.439527 ms
timing grad.kv_slice 0.030648 ms
timing launches.grad.kv_slice 2 count
timing syncs.grad.kv_slice 0 count
timing grad.rope 0.034059 ms
timing launches.grad.rope 2 count
timing syncs.grad.rope 0 count
timing grad.q_dB 0.860806 ms
timing launches.grad.q_dB 1 count
timing syncs.grad.q_dB 0 count
timing gemm.proj_dB 0.860806 ms
timing launches.gemm.proj_dB 1 count
timing syncs.gemm.proj_dB 0 count
timing grad.k_dB 0.847511 ms
timing launches.grad.k_dB 1 count
timing syncs.grad.k_dB 0 count
timing gemm.proj_dB 0.847511 ms
timing launches.gemm.proj_dB 1 count
timing syncs.gemm.proj_dB 0 count
timing grad.v_dB 0.883124 ms
timing launches.grad.v_dB 1 count
timing syncs.grad.v_dB 0 count
timing gemm.proj_dB 0.883124 ms
timing launches.gemm.proj_dB 1 count
timing syncs.gemm.proj_dB 0 count
timing grad.q_dA 0.905293 ms
timing launches.grad.q_dA 1 count
timing syncs.grad.q_dA 0 count
timing gemm.proj_dA 0.905293 ms
timing launches.gemm.proj_dA 1 count
timing syncs.gemm.proj_dA 0 count
timing grad.k_dA 0.913402 ms
timing launches.grad.k_dA 1 count
timing syncs.grad.k_dA 0 count
timing gemm.proj_dA 0.913402 ms
timing launches.gemm.proj_dA 1 count
timing syncs.gemm.proj_dA 0 count
timing grad.v_dA 0.898434 ms
timing launches.grad.v_dA 1 count
timing syncs.grad.v_dA 0 count
timing gemm.proj_dA 0.898434 ms
timing launches.gemm.proj_dA 1 count
timing syncs.gemm.proj_dA 0 count
timing grad.qkv_fanin 0.020058 ms
timing launches.grad.qkv_fanin 1 count
timing syncs.grad.qkv_fanin 0 count
timing grad.norm1_kernels 0.156404 ms
timing launches.grad.norm1_kernels 3 count
timing syncs.grad.norm1_kernels 0 count
timing grad.norm1_dW 0.077115 ms
timing launches.grad.norm1_dW 2 count
timing syncs.grad.norm1_dW 1 count
timing gemm.norm_dW 0.077115 ms
timing launches.gemm.norm_dW 2 count
timing syncs.gemm.norm_dW 1 count
timing grad.x_add 0.019377 ms
timing launches.grad.x_add 1 count
timing syncs.grad.x_add 0 count
timing bwd.after_attention 5.698385 ms
timing grad.refuse_scan 0.041774 ms
timing launches.grad.refuse_scan 1 count
timing syncs.grad.refuse_scan 1 count
timing grad.residual2_copy 0.027021 ms
timing launches.grad.residual2_copy 2 count
timing syncs.grad.residual2_copy 0 count
timing grad.down_dA 2.576531 ms
timing launches.grad.down_dA 0 count
timing syncs.grad.down_dA 0 count
timing gemm.down_dA 2.576531 ms
timing launches.gemm.down_dA 0 count
timing syncs.gemm.down_dA 0 count
timing grad.down_dB 2.417954 ms
timing launches.grad.down_dB 1 count
timing syncs.grad.down_dB 0 count
timing gemm.down_dB 2.417954 ms
timing launches.gemm.down_dB 1 count
timing syncs.gemm.down_dB 0 count
timing grad.gate_mul 0.048471 ms
timing launches.grad.gate_mul 2 count
timing syncs.grad.gate_mul 0 count
timing grad.silu 0.03528 ms
timing launches.grad.silu 1 count
timing syncs.grad.silu 0 count
timing grad.gate_dB 2.399314 ms
timing launches.grad.gate_dB 1 count
timing syncs.grad.gate_dB 0 count
timing gemm.gateup_dB 2.399314 ms
timing launches.gemm.gateup_dB 1 count
timing syncs.gemm.gateup_dB 0 count
timing grad.up_dB 2.42493 ms
timing launches.grad.up_dB 1 count
timing syncs.grad.up_dB 0 count
timing gemm.gateup_dB 2.42493 ms
timing launches.gemm.gateup_dB 1 count
timing syncs.gemm.gateup_dB 0 count
timing grad.gate_dA 2.409272 ms
timing launches.grad.gate_dA 1 count
timing syncs.grad.gate_dA 0 count
timing gemm.gateup_dA 2.409272 ms
timing launches.gemm.gateup_dA 1 count
timing syncs.gemm.gateup_dA 0 count
timing grad.up_dA 2.483309 ms
timing launches.grad.up_dA 1 count
timing syncs.grad.up_dA 0 count
timing gemm.gateup_dA 2.483309 ms
timing launches.gemm.gateup_dA 1 count
timing syncs.gemm.gateup_dA 0 count
timing grad.gateup_fanin 0.020848 ms
timing launches.grad.gateup_fanin 1 count
timing syncs.grad.gateup_fanin 0 count
timing grad.norm2_kernels 0.153047 ms
timing launches.grad.norm2_kernels 3 count
timing syncs.grad.norm2_kernels 0 count
timing grad.norm2_dW 0.070907 ms
timing launches.grad.norm2_dW 2 count
timing syncs.grad.norm2_dW 1 count
timing gemm.norm_dW 0.070907 ms
timing launches.gemm.norm_dW 2 count
timing syncs.gemm.norm_dW 1 count
timing grad.residual1_add 0.018819 ms
timing launches.grad.residual1_add 1 count
timing syncs.grad.residual1_add 0 count
timing grad.o_copy 0.018863 ms
timing launches.grad.o_copy 1 count
timing syncs.grad.o_copy 0 count
timing grad.o_dA 0.869435 ms
timing launches.grad.o_dA 1 count
timing syncs.grad.o_dA 0 count
timing gemm.proj_dA 0.869435 ms
timing launches.gemm.proj_dA 1 count
timing syncs.gemm.proj_dA 0 count
timing grad.o_dB 0.850897 ms
timing launches.grad.o_dB 1 count
timing syncs.grad.o_dB 0 count
timing gemm.proj_dB 0.850897 ms
timing launches.gemm.proj_dB 1 count
timing syncs.gemm.proj_dB 0 count
timing bwd.mlp_through_oproj 16.931383 ms
timing launches.bwd.mlp_through_oproj 21 count
timing syncs.bwd.mlp_through_oproj 2 count
timing bwd.before_attention 0.000599 ms
timing attn.bwd_regime_scan 0.216413 ms
timing attn.bwd_scratch_alloc 0.017351 ms
timing attn.bwd_zdot_estash_dres_pf 1.073321 ms
timing attn.bwd_dq_tiled_pf 2.289443 ms
timing attn.bwd_kvgrid_dkdv_pf 1.761296 ms
timing attn.bwd_corner_flag 0.059121 ms
timing bwd.attention 5.429417 ms
timing grad.kv_slice 0.030317 ms
timing launches.grad.kv_slice 2 count
timing syncs.grad.kv_slice 0 count
timing grad.rope 0.034029 ms
timing launches.grad.rope 2 count
timing syncs.grad.rope 0 count
timing grad.q_dB 0.892309 ms
timing launches.grad.q_dB 1 count
timing syncs.grad.q_dB 0 count
timing gemm.proj_dB 0.892309 ms
timing launches.gemm.proj_dB 1 count
timing syncs.gemm.proj_dB 0 count
timing grad.k_dB 0.850921 ms
timing launches.grad.k_dB 1 count
timing syncs.grad.k_dB 0 count
timing gemm.proj_dB 0.850921 ms
timing launches.gemm.proj_dB 1 count
timing syncs.gemm.proj_dB 0 count
timing grad.v_dB 0.874918 ms
timing launches.grad.v_dB 1 count
timing syncs.grad.v_dB 0 count
timing gemm.proj_dB 0.874918 ms
timing launches.gemm.proj_dB 1 count
timing syncs.gemm.proj_dB 0 count
timing grad.q_dA 0.890752 ms
timing launches.grad.q_dA 1 count
timing syncs.grad.q_dA 0 count
timing gemm.proj_dA 0.890752 ms
timing launches.gemm.proj_dA 1 count
timing syncs.gemm.proj_dA 0 count
timing grad.k_dA 0.897234 ms
timing launches.grad.k_dA 1 count
timing syncs.grad.k_dA 0 count
timing gemm.proj_dA 0.897234 ms
timing launches.gemm.proj_dA 1 count
timing syncs.gemm.proj_dA 0 count
timing grad.v_dA 0.88725 ms
timing launches.grad.v_dA 1 count
timing syncs.grad.v_dA 0 count
timing gemm.proj_dA 0.88725 ms
timing launches.gemm.proj_dA 1 count
timing syncs.gemm.proj_dA 0 count
timing grad.qkv_fanin 0.0196 ms
timing launches.grad.qkv_fanin 1 count
timing syncs.grad.qkv_fanin 0 count
timing grad.norm1_kernels 0.154535 ms
timing launches.grad.norm1_kernels 3 count
timing syncs.grad.norm1_kernels 0 count
timing grad.norm1_dW 0.073915 ms
timing launches.grad.norm1_dW 2 count
timing syncs.grad.norm1_dW 1 count
timing gemm.norm_dW 0.073915 ms
timing launches.gemm.norm_dW 2 count
timing syncs.gemm.norm_dW 1 count
timing grad.x_add 0.019031 ms
timing launches.grad.x_add 1 count
timing syncs.grad.x_add 0 count
timing bwd.after_attention 5.671715 ms
timing grad.refuse_scan 0.042227 ms
timing launches.grad.refuse_scan 1 count
timing syncs.grad.refuse_scan 1 count
timing grad.residual2_copy 0.027578 ms
timing launches.grad.residual2_copy 2 count
timing syncs.grad.residual2_copy 0 count
timing grad.down_dA 2.60342 ms
timing launches.grad.down_dA 0 count
timing syncs.grad.down_dA 0 count
timing gemm.down_dA 2.60342 ms
timing launches.gemm.down_dA 0 count
timing syncs.gemm.down_dA 0 count
timing grad.down_dB 2.402397 ms
timing launches.grad.down_dB 1 count
timing syncs.grad.down_dB 0 count
timing gemm.down_dB 2.402397 ms
timing launches.gemm.down_dB 1 count
timing syncs.gemm.down_dB 0 count
timing grad.gate_mul 0.048725 ms
timing launches.grad.gate_mul 2 count
timing syncs.grad.gate_mul 0 count
timing grad.silu 0.035397 ms
timing launches.grad.silu 1 count
timing syncs.grad.silu 0 count
timing grad.gate_dB 2.402308 ms
timing launches.grad.gate_dB 1 count
timing syncs.grad.gate_dB 0 count
timing gemm.gateup_dB 2.402308 ms
timing launches.gemm.gateup_dB 1 count
timing syncs.gemm.gateup_dB 0 count
timing grad.up_dB 2.410278 ms
timing launches.grad.up_dB 1 count
timing syncs.grad.up_dB 0 count
timing gemm.gateup_dB 2.410278 ms
timing launches.gemm.gateup_dB 1 count
timing syncs.gemm.gateup_dB 0 count
timing grad.gate_dA 2.410771 ms
timing launches.grad.gate_dA 1 count
timing syncs.grad.gate_dA 0 count
timing gemm.gateup_dA 2.410771 ms
timing launches.gemm.gateup_dA 1 count
timing syncs.gemm.gateup_dA 0 count
timing grad.up_dA 2.406299 ms
timing launches.grad.up_dA 1 count
timing syncs.grad.up_dA 0 count
timing gemm.gateup_dA 2.406299 ms
timing launches.gemm.gateup_dA 1 count
timing syncs.gemm.gateup_dA 0 count
timing grad.gateup_fanin 0.020017 ms
timing launches.grad.gateup_fanin 1 count
timing syncs.grad.gateup_fanin 0 count
timing grad.norm2_kernels 0.153908 ms
timing launches.grad.norm2_kernels 3 count
timing syncs.grad.norm2_kernels 0 count
timing grad.norm2_dW 0.071883 ms
timing launches.grad.norm2_dW 2 count
timing syncs.grad.norm2_dW 1 count
timing gemm.norm_dW 0.071883 ms
timing launches.gemm.norm_dW 2 count
timing syncs.gemm.norm_dW 1 count
timing grad.residual1_add 0.019297 ms
timing launches.grad.residual1_add 1 count
timing syncs.grad.residual1_add 0 count
timing grad.o_copy 0.019762 ms
timing launches.grad.o_copy 1 count
timing syncs.grad.o_copy 0 count
timing grad.o_dA 0.866017 ms
timing launches.grad.o_dA 1 count
timing syncs.grad.o_dA 0 count
timing gemm.proj_dA 0.866017 ms
timing launches.gemm.proj_dA 1 count
timing syncs.gemm.proj_dA 0 count
timing grad.o_dB 0.850652 ms
timing launches.grad.o_dB 1 count
timing syncs.grad.o_dB 0 count
timing gemm.proj_dB 0.850652 ms
timing launches.gemm.proj_dB 1 count
timing syncs.gemm.proj_dB 0 count
timing bwd.mlp_through_oproj 16.857133 ms
timing launches.bwd.mlp_through_oproj 21 count
timing syncs.bwd.mlp_through_oproj 2 count
timing bwd.before_attention 0.00061 ms
timing attn.bwd_regime_scan 0.223287 ms
timing attn.bwd_scratch_alloc 0.016385 ms
timing attn.bwd_zdot_estash_dres_pf 1.074707 ms
timing attn.bwd_dq_tiled_pf 2.304472 ms
timing attn.bwd_kvgrid_dkdv_pf 1.762809 ms
timing attn.bwd_corner_flag 0.058437 ms
timing bwd.attention 5.452826 ms
timing grad.kv_slice 0.031219 ms
timing launches.grad.kv_slice 2 count
timing syncs.grad.kv_slice 0 count
timing grad.rope 0.034949 ms
timing launches.grad.rope 2 count
timing syncs.grad.rope 0 count
timing grad.q_dB 0.877028 ms
timing launches.grad.q_dB 1 count
timing syncs.grad.q_dB 0 count
timing gemm.proj_dB 0.877028 ms
timing launches.gemm.proj_dB 1 count
timing syncs.gemm.proj_dB 0 count
timing grad.k_dB 0.855667 ms
timing launches.grad.k_dB 1 count
timing syncs.grad.k_dB 0 count
timing gemm.proj_dB 0.855667 ms
timing launches.gemm.proj_dB 1 count
timing syncs.gemm.proj_dB 0 count
timing grad.v_dB 0.870709 ms
timing launches.grad.v_dB 1 count
timing syncs.grad.v_dB 0 count
timing gemm.proj_dB 0.870709 ms
timing launches.gemm.proj_dB 1 count
timing syncs.gemm.proj_dB 0 count
timing grad.q_dA 0.907595 ms
timing launches.grad.q_dA 1 count
timing syncs.grad.q_dA 0 count
timing gemm.proj_dA 0.907595 ms
timing launches.gemm.proj_dA 1 count
timing syncs.gemm.proj_dA 0 count
timing grad.k_dA 0.904361 ms
timing launches.grad.k_dA 1 count
timing syncs.grad.k_dA 0 count
timing gemm.proj_dA 0.904361 ms
timing launches.gemm.proj_dA 1 count
timing syncs.gemm.proj_dA 0 count
timing grad.v_dA 0.903069 ms
timing launches.grad.v_dA 1 count
timing syncs.grad.v_dA 0 count
timing gemm.proj_dA 0.903069 ms
timing launches.gemm.proj_dA 1 count
timing syncs.gemm.proj_dA 0 count
timing grad.qkv_fanin 0.020639 ms
timing launches.grad.qkv_fanin 1 count
timing syncs.grad.qkv_fanin 0 count
timing grad.norm1_kernels 0.157328 ms
timing launches.grad.norm1_kernels 3 count
timing syncs.grad.norm1_kernels 0 count
timing grad.norm1_dW 0.082316 ms
timing launches.grad.norm1_dW 2 count
timing syncs.grad.norm1_dW 1 count
timing gemm.norm_dW 0.082316 ms
timing launches.gemm.norm_dW 2 count
timing syncs.gemm.norm_dW 1 count
timing grad.x_add 0.019341 ms
timing launches.grad.x_add 1 count
timing syncs.grad.x_add 0 count
timing bwd.after_attention 5.713904 ms
timing grad.refuse_scan 0.043385 ms
timing launches.grad.refuse_scan 1 count
timing syncs.grad.refuse_scan 1 count
timing grad.residual2_copy 0.027889 ms
timing launches.grad.residual2_copy 2 count
timing syncs.grad.residual2_copy 0 count
timing grad.down_dA 2.604078 ms
timing launches.grad.down_dA 0 count
timing syncs.grad.down_dA 0 count
timing gemm.down_dA 2.604078 ms
timing launches.gemm.down_dA 0 count
timing syncs.gemm.down_dA 0 count
timing grad.down_dB 2.389118 ms
timing launches.grad.down_dB 1 count
timing syncs.grad.down_dB 0 count
timing gemm.down_dB 2.389118 ms
timing launches.gemm.down_dB 1 count
timing syncs.gemm.down_dB 0 count
timing grad.gate_mul 0.049807 ms
timing launches.grad.gate_mul 2 count
timing syncs.grad.gate_mul 0 count
timing grad.silu 0.035512 ms
timing launches.grad.silu 1 count
timing syncs.grad.silu 0 count
timing grad.gate_dB 2.422851 ms
timing launches.grad.gate_dB 1 count
timing syncs.grad.gate_dB 0 count
timing gemm.gateup_dB 2.422851 ms
timing launches.gemm.gateup_dB 1 count
timing syncs.gemm.gateup_dB 0 count
timing grad.up_dB 2.411214 ms
timing launches.grad.up_dB 1 count
timing syncs.grad.up_dB 0 count
timing gemm.gateup_dB 2.411214 ms
timing launches.gemm.gateup_dB 1 count
timing syncs.gemm.gateup_dB 0 count
timing grad.gate_dA 2.386956 ms
timing launches.grad.gate_dA 1 count
timing syncs.grad.gate_dA 0 count
timing gemm.gateup_dA 2.386956 ms
timing launches.gemm.gateup_dA 1 count
timing syncs.gemm.gateup_dA 0 count
timing grad.up_dA 2.416102 ms
timing launches.grad.up_dA 1 count
timing syncs.grad.up_dA 0 count
timing gemm.gateup_dA 2.416102 ms
timing launches.gemm.gateup_dA 1 count
timing syncs.gemm.gateup_dA 0 count
timing grad.gateup_fanin 0.020405 ms
timing launches.grad.gateup_fanin 1 count
timing syncs.grad.gateup_fanin 0 count
timing grad.norm2_kernels 0.155074 ms
timing launches.grad.norm2_kernels 3 count
timing syncs.grad.norm2_kernels 0 count
timing grad.norm2_dW 0.072404 ms
timing launches.grad.norm2_dW 2 count
timing syncs.grad.norm2_dW 1 count
timing gemm.norm_dW 0.072404 ms
timing launches.gemm.norm_dW 2 count
timing syncs.gemm.norm_dW 1 count
timing grad.residual1_add 0.018991 ms
timing launches.grad.residual1_add 1 count
timing syncs.grad.residual1_add 0 count
timing grad.o_copy 0.019059 ms
timing launches.grad.o_copy 1 count
timing syncs.grad.o_copy 0 count
timing grad.o_dA 0.888965 ms
timing launches.grad.o_dA 1 count
timing syncs.grad.o_dA 0 count
timing gemm.proj_dA 0.888965 ms
timing launches.gemm.proj_dA 1 count
timing syncs.gemm.proj_dA 0 count
timing grad.o_dB 0.856643 ms
timing launches.grad.o_dB 1 count
timing syncs.grad.o_dB 0 count
timing gemm.proj_dB 0.856643 ms
timing launches.gemm.proj_dB 1 count
timing syncs.gemm.proj_dB 0 count
timing bwd.mlp_through_oproj 16.882093 ms
timing launches.bwd.mlp_through_oproj 21 count
timing syncs.bwd.mlp_through_oproj 2 count
timing bwd.before_attention 0.000594 ms
timing attn.bwd_regime_scan 0.220224 ms
timing attn.bwd_scratch_alloc 0.016794 ms
timing attn.bwd_zdot_estash_dres_pf 1.086993 ms
timing attn.bwd_dq_tiled_pf 2.312911 ms
timing attn.bwd_kvgrid_dkdv_pf 1.779646 ms
timing attn.bwd_corner_flag 0.055904 ms
timing bwd.attention 5.485007 ms
timing grad.kv_slice 0.029674 ms
timing launches.grad.kv_slice 2 count
timing syncs.grad.kv_slice 0 count
timing grad.rope 0.034139 ms
timing launches.grad.rope 2 count
timing syncs.grad.rope 0 count
timing grad.q_dB 0.858152 ms
timing launches.grad.q_dB 1 count
timing syncs.grad.q_dB 0 count
timing gemm.proj_dB 0.858152 ms
timing launches.gemm.proj_dB 1 count
timing syncs.gemm.proj_dB 0 count
timing grad.k_dB 0.845192 ms
timing launches.grad.k_dB 1 count
timing syncs.grad.k_dB 0 count
timing gemm.proj_dB 0.845192 ms
timing launches.gemm.proj_dB 1 count
timing syncs.gemm.proj_dB 0 count
timing grad.v_dB 0.883901 ms
timing launches.grad.v_dB 1 count
timing syncs.grad.v_dB 0 count
timing gemm.proj_dB 0.883901 ms
timing launches.gemm.proj_dB 1 count
timing syncs.gemm.proj_dB 0 count
timing grad.q_dA 0.892782 ms
timing launches.grad.q_dA 1 count
timing syncs.grad.q_dA 0 count
timing gemm.proj_dA 0.892782 ms
timing launches.gemm.proj_dA 1 count
timing syncs.gemm.proj_dA 0 count
timing grad.k_dA 0.893837 ms
timing launches.grad.k_dA 1 count
timing syncs.grad.k_dA 0 count
timing gemm.proj_dA 0.893837 ms
timing launches.gemm.proj_dA 1 count
timing syncs.gemm.proj_dA 0 count
timing grad.v_dA 0.879882 ms
timing launches.grad.v_dA 1 count
timing syncs.grad.v_dA 0 count
timing gemm.proj_dA 0.879882 ms
timing launches.gemm.proj_dA 1 count
timing syncs.gemm.proj_dA 0 count
timing grad.qkv_fanin 0.01993 ms
timing launches.grad.qkv_fanin 1 count
timing syncs.grad.qkv_fanin 0 count
timing grad.norm1_kernels 0.153044 ms
timing launches.grad.norm1_kernels 3 count
timing syncs.grad.norm1_kernels 0 count
timing grad.norm1_dW 0.072965 ms
timing launches.grad.norm1_dW 2 count
timing syncs.grad.norm1_dW 1 count
timing gemm.norm_dW 0.072965 ms
timing launches.gemm.norm_dW 2 count
timing syncs.gemm.norm_dW 1 count
timing grad.x_add 0.019068 ms
timing launches.grad.x_add 1 count
timing syncs.grad.x_add 0 count
timing bwd.after_attention 5.631654 ms
timing grad.refuse_scan 0.045101 ms
timing launches.grad.refuse_scan 1 count
timing syncs.grad.refuse_scan 1 count
timing grad.residual2_copy 0.026754 ms
timing launches.grad.residual2_copy 2 count
timing syncs.grad.residual2_copy 0 count
timing grad.down_dA 2.599662 ms
timing launches.grad.down_dA 0 count
timing syncs.grad.down_dA 0 count
timing gemm.down_dA 2.599662 ms
timing launches.gemm.down_dA 0 count
timing syncs.gemm.down_dA 0 count
timing grad.down_dB 2.436722 ms
timing launches.grad.down_dB 1 count
timing syncs.grad.down_dB 0 count
timing gemm.down_dB 2.436722 ms
timing launches.gemm.down_dB 1 count
timing syncs.gemm.down_dB 0 count
timing grad.gate_mul 0.049431 ms
timing launches.grad.gate_mul 2 count
timing syncs.grad.gate_mul 0 count
timing grad.silu 0.03495 ms
timing launches.grad.silu 1 count
timing syncs.grad.silu 0 count
timing grad.gate_dB 2.390064 ms
timing launches.grad.gate_dB 1 count
timing syncs.grad.gate_dB 0 count
timing gemm.gateup_dB 2.390064 ms
timing launches.gemm.gateup_dB 1 count
timing syncs.gemm.gateup_dB 0 count
timing grad.up_dB 2.385802 ms
timing launches.grad.up_dB 1 count
timing syncs.grad.up_dB 0 count
timing gemm.gateup_dB 2.385802 ms
timing launches.gemm.gateup_dB 1 count
timing syncs.gemm.gateup_dB 0 count
timing grad.gate_dA 2.406792 ms
timing launches.grad.gate_dA 1 count
timing syncs.grad.gate_dA 0 count
timing gemm.gateup_dA 2.406792 ms
timing launches.gemm.gateup_dA 1 count
timing syncs.gemm.gateup_dA 0 count
timing grad.up_dA 2.387097 ms
timing launches.grad.up_dA 1 count
timing syncs.grad.up_dA 0 count
timing gemm.gateup_dA 2.387097 ms
timing launches.gemm.gateup_dA 1 count
timing syncs.gemm.gateup_dA 0 count
timing grad.gateup_fanin 0.019629 ms
timing launches.grad.gateup_fanin 1 count
timing syncs.grad.gateup_fanin 0 count
timing grad.norm2_kernels 0.152768 ms
timing launches.grad.norm2_kernels 3 count
timing syncs.grad.norm2_kernels 0 count
timing grad.norm2_dW 0.07999 ms
timing launches.grad.norm2_dW 2 count
timing syncs.grad.norm2_dW 1 count
timing gemm.norm_dW 0.07999 ms
timing launches.gemm.norm_dW 2 count
timing syncs.gemm.norm_dW 1 count
timing grad.residual1_add 0.01873 ms
timing launches.grad.residual1_add 1 count
timing syncs.grad.residual1_add 0 count
timing grad.o_copy 0.021437 ms
timing launches.grad.o_copy 1 count
timing syncs.grad.o_copy 0 count
timing grad.o_dA 0.87321 ms
timing launches.grad.o_dA 1 count
timing syncs.grad.o_dA 0 count
timing gemm.proj_dA 0.87321 ms
timing launches.gemm.proj_dA 1 count
timing syncs.gemm.proj_dA 0 count
timing grad.o_dB 0.853323 ms
timing launches.grad.o_dB 1 count
timing syncs.grad.o_dB 0 count
timing gemm.proj_dB 0.853323 ms
timing launches.gemm.proj_dB 1 count
timing syncs.gemm.proj_dB 0 count
timing bwd.mlp_through_oproj 16.849044 ms
timing launches.bwd.mlp_through_oproj 21 count
timing syncs.bwd.mlp_through_oproj 2 count
timing bwd.before_attention 0.000636 ms
timing attn.bwd_regime_scan 0.222589 ms
timing attn.bwd_scratch_alloc 0.016613 ms
timing attn.bwd_zdot_estash_dres_pf 1.09487 ms
timing attn.bwd_dq_tiled_pf 2.315677 ms
timing attn.bwd_kvgrid_dkdv_pf 1.779641 ms
timing attn.bwd_corner_flag 0.056455 ms
timing bwd.attention 5.498057 ms
timing grad.kv_slice 0.030048 ms
timing launches.grad.kv_slice 2 count
timing syncs.grad.kv_slice 0 count
timing grad.rope 0.035316 ms
timing launches.grad.rope 2 count
timing syncs.grad.rope 0 count
timing grad.q_dB 0.870631 ms
timing launches.grad.q_dB 1 count
timing syncs.grad.q_dB 0 count
timing gemm.proj_dB 0.870631 ms
timing launches.gemm.proj_dB 1 count
timing syncs.gemm.proj_dB 0 count
timing grad.k_dB 0.854008 ms
timing launches.grad.k_dB 1 count
timing syncs.grad.k_dB 0 count
timing gemm.proj_dB 0.854008 ms
timing launches.gemm.proj_dB 1 count
timing syncs.gemm.proj_dB 0 count
timing grad.v_dB 0.877961 ms
timing launches.grad.v_dB 1 count
timing syncs.grad.v_dB 0 count
timing gemm.proj_dB 0.877961 ms
timing launches.gemm.proj_dB 1 count
timing syncs.gemm.proj_dB 0 count
timing grad.q_dA 0.887405 ms
timing launches.grad.q_dA 1 count
timing syncs.grad.q_dA 0 count
timing gemm.proj_dA 0.887405 ms
timing launches.gemm.proj_dA 1 count
timing syncs.gemm.proj_dA 0 count
timing grad.k_dA 0.899994 ms
timing launches.grad.k_dA 1 count
timing syncs.grad.k_dA 0 count
timing gemm.proj_dA 0.899994 ms
timing launches.gemm.proj_dA 1 count
timing syncs.gemm.proj_dA 0 count
timing grad.v_dA 0.901896 ms
timing launches.grad.v_dA 1 count
timing syncs.grad.v_dA 0 count
timing gemm.proj_dA 0.901896 ms
timing launches.gemm.proj_dA 1 count
timing syncs.gemm.proj_dA 0 count
timing grad.qkv_fanin 0.020275 ms
timing launches.grad.qkv_fanin 1 count
timing syncs.grad.qkv_fanin 0 count
timing grad.norm1_kernels 0.156127 ms
timing launches.grad.norm1_kernels 3 count
timing syncs.grad.norm1_kernels 0 count
timing grad.norm1_dW 0.073899 ms
timing launches.grad.norm1_dW 2 count
timing syncs.grad.norm1_dW 1 count
timing gemm.norm_dW 0.073899 ms
timing launches.gemm.norm_dW 2 count
timing syncs.gemm.norm_dW 1 count
timing grad.x_add 0.019702 ms
timing launches.grad.x_add 1 count
timing syncs.grad.x_add 0 count
timing bwd.after_attention 5.675411 ms
timing envelope.blocks_backward 335.77208 ms
timing step.embedding_backward 7.807242 ms
timing step.pack_grads 0.696404 ms
timing step.pack_grads_bytes 648591360 bytes
timing step.validate_grads_scan 0.57917 ms
timing step.validate_grads_scan_bytes 648591360 bytes
timing step.optimizer 1.623082 ms
timing step.validate_after_scan 2.62962 ms
timing step.validate_after_scan_bytes 2594365440 bytes
timing step.bind_final_sync 0.001007 ms
timing count.launches 870 count
timing count.synchronizes 594 count
timing count.copies_h2d 2 count
timing count.copies_d2h 154 count
timing count.copies_d2d 24 count
timing count.device_allocs 193 count
timing count.host_allocs 151 count
timing count.native_steps 1 count
timing step.bind_publish 0.008758 ms
timing step.bind_publish_bytes 444 bytes
timing envelope.native_call 698.4033859989722 ms
timing step.py_flags 0.10091800140799023 ms
timing step.py_flags_bytes 440 bytes
{"event": "component_timing_step_end", "timing_step": 2, "seconds": 0.6987904389970936, "loss": 14.83674144744873, "witness_export_seconds": 10.933242077000614, "step": 3, "completed_steps": 3, "sha256": {"loss": "5aa104f9260207f9e1eec2787cddbc7cc83096d02f0010439df163e3e18ce443", "gradients": "a736cdce5bb28a804c2e28abd2b2b561598bac2cd93b051e7535f32cbdab3a67", "parameters": "4185581a78053257fc376373ba15a99ce705437ada726ec604f990cc96211dcc", "m": "dbcce767d3558558631d631862966e6a37c6cf0eeb0132fa49e4175e25549ca3", "v": "accb7ae950dc3c72b04b96e3df10b2c9850b27fee86deafdc0069ac74ea7f26d", "flags": "360d579dbd14759b41afdf7fb5e80c0101e15150ae401d59f92a1e32d129f7cb"}, "t": 1789695982.8167417}
{"event": "component_timing_step_start", "timing_step": 3, "note": "MOJOLEARN_TRANSFORMER_TIMING=1; not a timing sample", "t": 1789695982.8169327}
timing step.py_tokens 0.18332900071982294 ms
timing step.py_tokens_bytes 8196 bytes
timing step.bind_scalar_admission 0.005712 ms
timing step.upload_inputs 0.163878 ms
timing step.upload_inputs_bytes 16384 bytes
timing step.unpack_weights 0.73445 ms
timing step.unpack_weights_bytes 648591360 bytes
timing step.embedding_forward 0.066113 ms
timing fwd.refuse_call 0.085224 ms
timing launches.fwd.refuse_call 2 count
timing syncs.fwd.refuse_call 2 count
timing fwd.norm1 0.308916 ms
timing launches.fwd.norm1 1 count
timing syncs.fwd.norm1 0 count
timing block.norm1 0.403255 ms
timing fwd.q_proj 0.999597 ms
timing launches.fwd.q_proj 1 count
timing syncs.fwd.q_proj 0 count
timing gemm.proj_fwd 0.999597 ms
timing launches.gemm.proj_fwd 1 count
timing syncs.gemm.proj_fwd 0 count
timing fwd.k_proj 0.998055 ms
timing launches.fwd.k_proj 1 count
timing syncs.fwd.k_proj 0 count
timing gemm.proj_fwd 0.998055 ms
timing launches.gemm.proj_fwd 1 count
timing syncs.gemm.proj_fwd 0 count
timing fwd.v_proj 1.059433 ms
timing launches.fwd.v_proj 1 count
timing syncs.fwd.v_proj 0 count
timing gemm.proj_fwd 1.059433 ms
timing launches.gemm.proj_fwd 1 count
timing syncs.gemm.proj_fwd 0 count
timing attn.qkv_proj 3.074232 ms
timing attn.rope_and_cache 0.134134 ms
timing attn.fwd_regime_scan 0.184651 ms
timing attn.fwd_r2_keep_kernel 2.175633 ms
timing attn.fwd_corner_flag 0.047284 ms
timing attn.core 2.420868 ms
timing fwd.o_proj 0.884114 ms
timing launches.fwd.o_proj 1 count
timing syncs.fwd.o_proj 0 count
timing gemm.proj_fwd 0.884114 ms
timing launches.gemm.proj_fwd 1 count
timing syncs.gemm.proj_fwd 0 count
timing attn.o_proj 0.891413 ms
timing block.attention_total 6.523695 ms
timing fwd.residual1_add 0.021245 ms
timing launches.fwd.residual1_add 1 count
timing syncs.fwd.residual1_add 0 count
timing fwd.norm2 0.303831 ms
timing launches.fwd.norm2 1 count
timing syncs.fwd.norm2 0 count
timing fwd.gate_proj 2.533579 ms
timing launches.fwd.gate_proj 0 count
timing syncs.fwd.gate_proj 0 count
timing gemm.gateup_fwd 2.533579 ms
timing launches.gemm.gateup_fwd 0 count
timing syncs.gemm.gateup_fwd 0 count
timing fwd.up_proj 2.623475 ms
timing launches.fwd.up_proj 0 count
timing syncs.fwd.up_proj 0 count
timing gemm.gateup_fwd 2.623475 ms
timing launches.gemm.gateup_fwd 0 count
timing syncs.gemm.gateup_fwd 0 count
timing fwd.silu 0.033087 ms
timing launches.fwd.silu 1 count
timing syncs.fwd.silu 0 count
timing fwd.gate_mul 0.032265 ms
timing launches.fwd.gate_mul 1 count
timing syncs.fwd.gate_mul 0 count
timing fwd.down_proj 2.444915 ms
timing launches.fwd.down_proj 1 count
timing syncs.fwd.down_proj 0 count
timing gemm.down_fwd 2.444915 ms
timing launches.gemm.down_fwd 1 count
timing syncs.gemm.down_fwd 0 count
timing fwd.residual2_add 0.019863 ms
timing launches.fwd.residual2_add 1 count
timing syncs.fwd.residual2_add 0 count
timing block.mlp_and_residuals 8.044318 ms
timing fwd.refuse_call 0.074141 ms
timing launches.fwd.refuse_call 2 count
timing syncs.fwd.refuse_call 2 count
timing fwd.norm1 0.313962 ms
timing launches.fwd.norm1 1 count
timing syncs.fwd.norm1 0 count
timing block.norm1 0.395083 ms
timing fwd.q_proj 0.879845 ms
timing launches.fwd.q_proj 1 count
timing syncs.fwd.q_proj 0 count
timing gemm.proj_fwd 0.879845 ms
timing launches.gemm.proj_fwd 1 count
timing syncs.gemm.proj_fwd 0 count
timing fwd.k_proj 0.870912 ms
timing launches.fwd.k_proj 1 count
timing syncs.fwd.k_proj 0 count
timing gemm.proj_fwd 0.870912 ms
timing launches.gemm.proj_fwd 1 count
timing syncs.gemm.proj_fwd 0 count
timing fwd.v_proj 0.878469 ms
timing launches.fwd.v_proj 1 count
timing syncs.fwd.v_proj 0 count
timing gemm.proj_fwd 0.878469 ms
timing launches.gemm.proj_fwd 1 count
timing syncs.gemm.proj_fwd 0 count
timing attn.qkv_proj 2.649627 ms
timing attn.rope_and_cache 0.063576 ms
timing attn.fwd_regime_scan 0.1718 ms
timing attn.fwd_r2_keep_kernel 2.024234 ms
timing attn.fwd_corner_flag 0.044507 ms
timing attn.core 2.252769 ms
timing fwd.o_proj 0.876355 ms
timing launches.fwd.o_proj 1 count
timing syncs.fwd.o_proj 0 count
timing gemm.proj_fwd 0.876355 ms
timing launches.gemm.proj_fwd 1 count
timing syncs.gemm.proj_fwd 0 count
timing attn.o_proj 0.883942 ms
timing block.attention_total 5.852338 ms
timing fwd.residual1_add 0.019747 ms
timing launches.fwd.residual1_add 1 count
timing syncs.fwd.residual1_add 0 count
timing fwd.norm2 0.304376 ms
timing launches.fwd.norm2 1 count
timing syncs.fwd.norm2 0 count
timing fwd.gate_proj 2.567169 ms
timing launches.fwd.gate_proj 0 count
timing syncs.fwd.gate_proj 0 count
timing gemm.gateup_fwd 2.567169 ms
timing launches.gemm.gateup_fwd 0 count
timing syncs.gemm.gateup_fwd 0 count
timing fwd.up_proj 2.603031 ms
timing launches.fwd.up_proj 0 count
timing syncs.fwd.up_proj 0 count
timing gemm.gateup_fwd 2.603031 ms
timing launches.gemm.gateup_fwd 0 count
timing syncs.gemm.gateup_fwd 0 count
timing fwd.silu 0.031098 ms
timing launches.fwd.silu 1 count
timing syncs.fwd.silu 0 count
timing fwd.gate_mul 0.034309 ms
timing launches.fwd.gate_mul 1 count
timing syncs.fwd.gate_mul 0 count
timing fwd.down_proj 2.42534 ms
timing launches.fwd.down_proj 1 count
timing syncs.fwd.down_proj 0 count
timing gemm.down_fwd 2.42534 ms
timing launches.gemm.down_fwd 1 count
timing syncs.gemm.down_fwd 0 count
timing fwd.residual2_add 0.020155 ms
timing launches.fwd.residual2_add 1 count
timing syncs.fwd.residual2_add 0 count
timing block.mlp_and_residuals 8.038344 ms
timing fwd.refuse_call 0.073534 ms
timing launches.fwd.refuse_call 2 count
timing syncs.fwd.refuse_call 2 count
timing fwd.norm1 0.317459 ms
timing launches.fwd.norm1 1 count
timing syncs.fwd.norm1 0 count
timing block.norm1 0.397752 ms
timing fwd.q_proj 0.891169 ms
timing launches.fwd.q_proj 1 count
timing syncs.fwd.q_proj 0 count
timing gemm.proj_fwd 0.891169 ms
timing launches.gemm.proj_fwd 1 count
timing syncs.gemm.proj_fwd 0 count
timing fwd.k_proj 0.880756 ms
timing launches.fwd.k_proj 1 count
timing syncs.fwd.k_proj 0 count
timing gemm.proj_fwd 0.880756 ms
timing launches.gemm.proj_fwd 1 count
timing syncs.gemm.proj_fwd 0 count
timing fwd.v_proj 0.874421 ms
timing launches.fwd.v_proj 1 count
timing syncs.fwd.v_proj 0 count
timing gemm.proj_fwd 0.874421 ms
timing launches.gemm.proj_fwd 1 count
timing syncs.gemm.proj_fwd 0 count
timing attn.qkv_proj 2.661579 ms
timing attn.rope_and_cache 0.063152 ms
timing attn.fwd_regime_scan 0.17106 ms
timing attn.fwd_r2_keep_kernel 2.034465 ms
timing attn.fwd_corner_flag 0.043803 ms
timing attn.core 2.262391 ms
timing fwd.o_proj 0.880348 ms
timing launches.fwd.o_proj 1 count
timing syncs.fwd.o_proj 0 count
timing gemm.proj_fwd 0.880348 ms
timing launches.gemm.proj_fwd 1 count
timing syncs.gemm.proj_fwd 0 count
timing attn.o_proj 0.887513 ms
timing block.attention_total 5.877035 ms
timing fwd.residual1_add 0.019968 ms
timing launches.fwd.residual1_add 1 count
timing syncs.fwd.residual1_add 0 count
timing fwd.norm2 0.304174 ms
timing launches.fwd.norm2 1 count
timing syncs.fwd.norm2 0 count
timing fwd.gate_proj 2.571896 ms
timing launches.fwd.gate_proj 0 count
timing syncs.fwd.gate_proj 0 count
timing gemm.gateup_fwd 2.571896 ms
timing launches.gemm.gateup_fwd 0 count
timing syncs.gemm.gateup_fwd 0 count
timing fwd.up_proj 2.600408 ms
timing launches.fwd.up_proj 0 count
timing syncs.fwd.up_proj 0 count
timing gemm.gateup_fwd 2.600408 ms
timing launches.gemm.gateup_fwd 0 count
timing syncs.gemm.gateup_fwd 0 count
timing fwd.silu 0.032947 ms
timing launches.fwd.silu 1 count
timing syncs.fwd.silu 0 count
timing fwd.gate_mul 0.029555 ms
timing launches.fwd.gate_mul 1 count
timing syncs.fwd.gate_mul 0 count
timing fwd.down_proj 2.427501 ms
timing launches.fwd.down_proj 1 count
timing syncs.fwd.down_proj 0 count
timing gemm.down_fwd 2.427501 ms
timing launches.gemm.down_fwd 1 count
timing syncs.gemm.down_fwd 0 count
timing fwd.residual2_add 0.020353 ms
timing launches.fwd.residual2_add 1 count
timing syncs.fwd.residual2_add 0 count
timing block.mlp_and_residuals 8.040008 ms
timing fwd.refuse_call 0.070242 ms
timing launches.fwd.refuse_call 2 count
timing syncs.fwd.refuse_call 2 count
timing fwd.norm1 0.323149 ms
timing launches.fwd.norm1 1 count
timing syncs.fwd.norm1 0 count
timing block.norm1 0.399877 ms
timing fwd.q_proj 0.874791 ms
timing launches.fwd.q_proj 1 count
timing syncs.fwd.q_proj 0 count
timing gemm.proj_fwd 0.874791 ms
timing launches.gemm.proj_fwd 1 count
timing syncs.gemm.proj_fwd 0 count
timing fwd.k_proj 0.864451 ms
timing launches.fwd.k_proj 1 count
timing syncs.fwd.k_proj 0 count
timing gemm.proj_fwd 0.864451 ms
timing launches.gemm.proj_fwd 1 count
timing syncs.gemm.proj_fwd 0 count
timing fwd.v_proj 0.870051 ms
timing launches.fwd.v_proj 1 count
timing syncs.fwd.v_proj 0 count
timing gemm.proj_fwd 0.870051 ms
timing launches.gemm.proj_fwd 1 count
timing syncs.gemm.proj_fwd 0 count
timing attn.qkv_proj 2.624899 ms
timing attn.rope_and_cache 0.063459 ms
timing attn.fwd_regime_scan 0.167321 ms
timing attn.fwd_r2_keep_kernel 2.034225 ms
timing attn.fwd_corner_flag 0.044517 ms
timing attn.core 2.258555 ms
timing fwd.o_proj 0.886473 ms
timing launches.fwd.o_proj 1 count
timing syncs.fwd.o_proj 0 count
timing gemm.proj_fwd 0.886473 ms
timing launches.gemm.proj_fwd 1 count
timing syncs.gemm.proj_fwd 0 count
timing attn.o_proj 0.893588 ms
timing block.attention_total 5.842898 ms
timing fwd.residual1_add 0.01971 ms
timing launches.fwd.residual1_add 1 count
timing syncs.fwd.residual1_add 0 count
timing fwd.norm2 0.302207 ms
timing launches.fwd.norm2 1 count
timing syncs.fwd.norm2 0 count
timing fwd.gate_proj 2.548394 ms
timing launches.fwd.gate_proj 0 count
timing syncs.fwd.gate_proj 0 count
timing gemm.gateup_fwd 2.548394 ms
timing launches.gemm.gateup_fwd 0 count
timing syncs.gemm.gateup_fwd 0 count
timing fwd.up_proj 2.604834 ms
timing launches.fwd.up_proj 0 count
timing syncs.fwd.up_proj 0 count
timing gemm.gateup_fwd 2.604834 ms
timing launches.gemm.gateup_fwd 0 count
timing syncs.gemm.gateup_fwd 0 count
timing fwd.silu 0.031843 ms
timing launches.fwd.silu 1 count
timing syncs.fwd.silu 0 count
timing fwd.gate_mul 0.030223 ms
timing launches.fwd.gate_mul 1 count
timing syncs.fwd.gate_mul 0 count
timing fwd.down_proj 2.436273 ms
timing launches.fwd.down_proj 1 count
timing syncs.fwd.down_proj 0 count
timing gemm.down_fwd 2.436273 ms
timing launches.gemm.down_fwd 1 count
timing syncs.gemm.down_fwd 0 count
timing fwd.residual2_add 0.020141 ms
timing launches.fwd.residual2_add 1 count
timing syncs.fwd.residual2_add 0 count
timing block.mlp_and_residuals 8.024932 ms
timing fwd.refuse_call 0.071066 ms
timing launches.fwd.refuse_call 2 count
timing syncs.fwd.refuse_call 2 count
timing fwd.norm1 0.323567 ms
timing launches.fwd.norm1 1 count
timing syncs.fwd.norm1 0 count
timing block.norm1 0.401006 ms
timing fwd.q_proj 0.864331 ms
timing launches.fwd.q_proj 1 count
timing syncs.fwd.q_proj 0 count
timing gemm.proj_fwd 0.864331 ms
timing launches.gemm.proj_fwd 1 count
timing syncs.gemm.proj_fwd 0 count
timing fwd.k_proj 0.87009 ms
timing launches.fwd.k_proj 1 count
timing syncs.fwd.k_proj 0 count
timing gemm.proj_fwd 0.87009 ms
timing launches.gemm.proj_fwd 1 count
timing syncs.gemm.proj_fwd 0 count
timing fwd.v_proj 0.869096 ms
timing launches.fwd.v_proj 1 count
timing syncs.fwd.v_proj 0 count
timing gemm.proj_fwd 0.869096 ms
timing launches.gemm.proj_fwd 1 count
timing syncs.gemm.proj_fwd 0 count
timing attn.qkv_proj 2.619631 ms
timing attn.rope_and_cache 0.063545 ms
timing attn.fwd_regime_scan 0.167795 ms
timing attn.fwd_r2_keep_kernel 2.035093 ms
timing attn.fwd_corner_flag 0.041041 ms
timing attn.core 2.255694 ms
timing fwd.o_proj 0.882804 ms
timing launches.fwd.o_proj 1 count
timing syncs.fwd.o_proj 0 count
timing gemm.proj_fwd 0.882804 ms
timing launches.gemm.proj_fwd 1 count
timing syncs.gemm.proj_fwd 0 count
timing attn.o_proj 0.889801 ms
timing block.attention_total 5.832836 ms
timing fwd.residual1_add 0.019261 ms
timing launches.fwd.residual1_add 1 count
timing syncs.fwd.residual1_add 0 count
timing fwd.norm2 0.301861 ms
timing launches.fwd.norm2 1 count
timing syncs.fwd.norm2 0 count
timing fwd.gate_proj 2.564272 ms
timing launches.fwd.gate_proj 0 count
timing syncs.fwd.gate_proj 0 count
timing gemm.gateup_fwd 2.564272 ms
timing launches.gemm.gateup_fwd 0 count
timing syncs.gemm.gateup_fwd 0 count
timing fwd.up_proj 2.631971 ms
timing launches.fwd.up_proj 0 count
timing syncs.fwd.up_proj 0 count
timing gemm.gateup_fwd 2.631971 ms
timing launches.gemm.gateup_fwd 0 count
timing syncs.gemm.gateup_fwd 0 count
timing fwd.silu 0.030142 ms
timing launches.fwd.silu 1 count
timing syncs.fwd.silu 0 count
timing fwd.gate_mul 0.029535 ms
timing launches.fwd.gate_mul 1 count
timing syncs.fwd.gate_mul 0 count
timing fwd.down_proj 2.386816 ms
timing launches.fwd.down_proj 1 count
timing syncs.fwd.down_proj 0 count
timing gemm.down_fwd 2.386816 ms
timing launches.gemm.down_fwd 1 count
timing syncs.gemm.down_fwd 0 count
timing fwd.residual2_add 0.023691 ms
timing launches.fwd.residual2_add 1 count
timing syncs.fwd.residual2_add 0 count
timing block.mlp_and_residuals 8.018911 ms
timing fwd.refuse_call 0.070195 ms
timing launches.fwd.refuse_call 2 count
timing syncs.fwd.refuse_call 2 count
timing fwd.norm1 0.310841 ms
timing launches.fwd.norm1 1 count
timing syncs.fwd.norm1 0 count
timing block.norm1 0.387849 ms
timing fwd.q_proj 0.886301 ms
timing launches.fwd.q_proj 1 count
timing syncs.fwd.q_proj 0 count
timing gemm.proj_fwd 0.886301 ms
timing launches.gemm.proj_fwd 1 count
timing syncs.gemm.proj_fwd 0 count
timing fwd.k_proj 0.876419 ms
timing launches.fwd.k_proj 1 count
timing syncs.fwd.k_proj 0 count
timing gemm.proj_fwd 0.876419 ms
timing launches.gemm.proj_fwd 1 count
timing syncs.gemm.proj_fwd 0 count
timing fwd.v_proj 0.88672 ms
timing launches.fwd.v_proj 1 count
timing syncs.fwd.v_proj 0 count
timing gemm.proj_fwd 0.88672 ms
timing launches.gemm.proj_fwd 1 count
timing syncs.gemm.proj_fwd 0 count
timing attn.qkv_proj 2.664454 ms
timing attn.rope_and_cache 0.063246 ms
timing attn.fwd_regime_scan 0.164313 ms
timing attn.fwd_r2_keep_kernel 2.049887 ms
timing attn.fwd_corner_flag 0.041239 ms
timing attn.core 2.267992 ms
timing fwd.o_proj 0.884275 ms
timing launches.fwd.o_proj 1 count
timing syncs.fwd.o_proj 0 count
timing gemm.proj_fwd 0.884275 ms
timing launches.gemm.proj_fwd 1 count
timing syncs.gemm.proj_fwd 0 count
timing attn.o_proj 0.891369 ms
timing block.attention_total 5.889426 ms
timing fwd.residual1_add 0.019532 ms
timing launches.fwd.residual1_add 1 count
timing syncs.fwd.residual1_add 0 count
timing fwd.norm2 0.303174 ms
timing launches.fwd.norm2 1 count
timing syncs.fwd.norm2 0 count
timing fwd.gate_proj 2.609109 ms
timing launches.fwd.gate_proj 0 count
timing syncs.fwd.gate_proj 0 count
timing gemm.gateup_fwd 2.609109 ms
timing launches.gemm.gateup_fwd 0 count
timing syncs.gemm.gateup_fwd 0 count
timing fwd.up_proj 2.589937 ms
timing launches.fwd.up_proj 0 count
timing syncs.fwd.up_proj 0 count
timing gemm.gateup_fwd 2.589937 ms
timing launches.gemm.gateup_fwd 0 count
timing syncs.gemm.gateup_fwd 0 count
timing fwd.silu 0.030984 ms
timing launches.fwd.silu 1 count
timing syncs.fwd.silu 0 count
timing fwd.gate_mul 0.029521 ms
timing launches.fwd.gate_mul 1 count
timing syncs.fwd.gate_mul 0 count
timing fwd.down_proj 2.446504 ms
timing launches.fwd.down_proj 1 count
timing syncs.fwd.down_proj 0 count
timing gemm.down_fwd 2.446504 ms
timing launches.gemm.down_fwd 1 count
timing syncs.gemm.down_fwd 0 count
timing fwd.residual2_add 0.019545 ms
timing launches.fwd.residual2_add 1 count
timing syncs.fwd.residual2_add 0 count
timing block.mlp_and_residuals 8.078266 ms
timing fwd.refuse_call 0.07097 ms
timing launches.fwd.refuse_call 2 count
timing syncs.fwd.refuse_call 2 count
timing fwd.norm1 0.314713 ms
timing launches.fwd.norm1 1 count
timing syncs.fwd.norm1 0 count
timing block.norm1 0.391946 ms
timing fwd.q_proj 0.886498 ms
timing launches.fwd.q_proj 1 count
timing syncs.fwd.q_proj 0 count
timing gemm.proj_fwd 0.886498 ms
timing launches.gemm.proj_fwd 1 count
timing syncs.gemm.proj_fwd 0 count
timing fwd.k_proj 0.867108 ms
timing launches.fwd.k_proj 1 count
timing syncs.fwd.k_proj 0 count
timing gemm.proj_fwd 0.867108 ms
timing launches.gemm.proj_fwd 1 count
timing syncs.gemm.proj_fwd 0 count
timing fwd.v_proj 0.871455 ms
timing launches.fwd.v_proj 1 count
timing syncs.fwd.v_proj 0 count
timing gemm.proj_fwd 0.871455 ms
timing launches.gemm.proj_fwd 1 count
timing syncs.gemm.proj_fwd 0 count
timing attn.qkv_proj 2.641953 ms
timing attn.rope_and_cache 0.062687 ms
timing attn.fwd_regime_scan 0.15987 ms
timing attn.fwd_r2_keep_kernel 2.037186 ms
timing attn.fwd_corner_flag 0.041744 ms
timing attn.core 2.251215 ms
timing fwd.o_proj 0.885156 ms
timing launches.fwd.o_proj 1 count
timing syncs.fwd.o_proj 0 count
timing gemm.proj_fwd 0.885156 ms
timing launches.gemm.proj_fwd 1 count
timing syncs.gemm.proj_fwd 0 count
timing attn.o_proj 0.892116 ms
timing block.attention_total 5.850337 ms
timing fwd.residual1_add 0.019111 ms
timing launches.fwd.residual1_add 1 count
timing syncs.fwd.residual1_add 0 count
timing fwd.norm2 0.304217 ms
timing launches.fwd.norm2 1 count
timing syncs.fwd.norm2 0 count
timing fwd.gate_proj 2.550283 ms
timing launches.fwd.gate_proj 0 count
timing syncs.fwd.gate_proj 0 count
timing gemm.gateup_fwd 2.550283 ms
timing launches.gemm.gateup_fwd 0 count
timing syncs.gemm.gateup_fwd 0 count
timing fwd.up_proj 2.596573 ms
timing launches.fwd.up_proj 0 count
timing syncs.fwd.up_proj 0 count
timing gemm.gateup_fwd 2.596573 ms
timing launches.gemm.gateup_fwd 0 count
timing syncs.gemm.gateup_fwd 0 count
timing fwd.silu 0.031076 ms
timing launches.fwd.silu 1 count
timing syncs.fwd.silu 0 count
timing fwd.gate_mul 0.029515 ms
timing launches.fwd.gate_mul 1 count
timing syncs.fwd.gate_mul 0 count
timing fwd.down_proj 2.447198 ms
timing launches.fwd.down_proj 1 count
timing syncs.fwd.down_proj 0 count
timing gemm.down_fwd 2.447198 ms
timing launches.gemm.down_fwd 1 count
timing syncs.gemm.down_fwd 0 count
timing fwd.residual2_add 0.01976 ms
timing launches.fwd.residual2_add 1 count
timing syncs.fwd.residual2_add 0 count
timing block.mlp_and_residuals 8.028226 ms
timing fwd.refuse_call 0.087955 ms
timing launches.fwd.refuse_call 2 count
timing syncs.fwd.refuse_call 2 count
timing fwd.norm1 0.321148 ms
timing launches.fwd.norm1 1 count
timing syncs.fwd.norm1 0 count
timing block.norm1 0.415371 ms
timing fwd.q_proj 0.884106 ms
timing launches.fwd.q_proj 1 count
timing syncs.fwd.q_proj 0 count
timing gemm.proj_fwd 0.884106 ms
timing launches.gemm.proj_fwd 1 count
timing syncs.gemm.proj_fwd 0 count
timing fwd.k_proj 0.873269 ms
timing launches.fwd.k_proj 1 count
timing syncs.fwd.k_proj 0 count
timing gemm.proj_fwd 0.873269 ms
timing launches.gemm.proj_fwd 1 count
timing syncs.gemm.proj_fwd 0 count
timing fwd.v_proj 0.871211 ms
timing launches.fwd.v_proj 1 count
timing syncs.fwd.v_proj 0 count
timing gemm.proj_fwd 0.871211 ms
timing launches.gemm.proj_fwd 1 count
timing syncs.gemm.proj_fwd 0 count
timing attn.qkv_proj 2.643877 ms
timing attn.rope_and_cache 0.063318 ms
timing attn.fwd_regime_scan 0.157086 ms
timing attn.fwd_r2_keep_kernel 2.029488 ms
timing attn.fwd_corner_flag 0.041275 ms
timing attn.core 2.240263 ms
timing fwd.o_proj 0.877034 ms
timing launches.fwd.o_proj 1 count
timing syncs.fwd.o_proj 0 count
timing gemm.proj_fwd 0.877034 ms
timing launches.gemm.proj_fwd 1 count
timing syncs.gemm.proj_fwd 0 count
timing attn.o_proj 0.884018 ms
timing block.attention_total 5.833815 ms
timing fwd.residual1_add 0.019381 ms
timing launches.fwd.residual1_add 1 count
timing syncs.fwd.residual1_add 0 count
timing fwd.norm2 0.302632 ms
timing launches.fwd.norm2 1 count
timing syncs.fwd.norm2 0 count
timing fwd.gate_proj 2.575258 ms
timing launches.fwd.gate_proj 0 count
timing syncs.fwd.gate_proj 0 count
timing gemm.gateup_fwd 2.575258 ms
timing launches.gemm.gateup_fwd 0 count
timing syncs.gemm.gateup_fwd 0 count
timing fwd.up_proj 2.608883 ms
timing launches.fwd.up_proj 0 count
timing syncs.fwd.up_proj 0 count
timing gemm.gateup_fwd 2.608883 ms
timing launches.gemm.gateup_fwd 0 count
timing syncs.gemm.gateup_fwd 0 count
timing fwd.silu 0.031101 ms
timing launches.fwd.silu 1 count
timing syncs.fwd.silu 0 count
timing fwd.gate_mul 0.030182 ms
timing launches.fwd.gate_mul 1 count
timing syncs.fwd.gate_mul 0 count
timing fwd.down_proj 2.436483 ms
timing launches.fwd.down_proj 1 count
timing syncs.fwd.down_proj 0 count
timing gemm.down_fwd 2.436483 ms
timing launches.gemm.down_fwd 1 count
timing syncs.gemm.down_fwd 0 count
timing fwd.residual2_add 0.019283 ms
timing launches.fwd.residual2_add 1 count
timing syncs.fwd.residual2_add 0 count
timing block.mlp_and_residuals 8.054393 ms
timing fwd.refuse_call 0.07087 ms
timing launches.fwd.refuse_call 2 count
timing syncs.fwd.refuse_call 2 count
timing fwd.norm1 0.319139 ms
timing launches.fwd.norm1 1 count
timing syncs.fwd.norm1 0 count
timing block.norm1 0.396783 ms
timing fwd.q_proj 0.865446 ms
timing launches.fwd.q_proj 1 count
timing syncs.fwd.q_proj 0 count
timing gemm.proj_fwd 0.865446 ms
timing launches.gemm.proj_fwd 1 count
timing syncs.gemm.proj_fwd 0 count
timing fwd.k_proj 0.876615 ms
timing launches.fwd.k_proj 1 count
timing syncs.fwd.k_proj 0 count
timing gemm.proj_fwd 0.876615 ms
timing launches.gemm.proj_fwd 1 count
timing syncs.gemm.proj_fwd 0 count
timing fwd.v_proj 0.873014 ms
timing launches.fwd.v_proj 1 count
timing syncs.fwd.v_proj 0 count
timing gemm.proj_fwd 0.873014 ms
timing launches.gemm.proj_fwd 1 count
timing syncs.gemm.proj_fwd 0 count
timing attn.qkv_proj 2.629885 ms
timing attn.rope_and_cache 0.06335 ms
timing attn.fwd_regime_scan 0.166632 ms
timing attn.fwd_r2_keep_kernel 2.044814 ms
timing attn.fwd_corner_flag 0.041526 ms
timing attn.core 2.265931 ms
timing fwd.o_proj 0.8748 ms
timing launches.fwd.o_proj 1 count
timing syncs.fwd.o_proj 0 count
timing gemm.proj_fwd 0.8748 ms
timing launches.gemm.proj_fwd 1 count
timing syncs.gemm.proj_fwd 0 count
timing attn.o_proj 0.881304 ms
timing block.attention_total 5.842889 ms
timing fwd.residual1_add 0.019083 ms
timing launches.fwd.residual1_add 1 count
timing syncs.fwd.residual1_add 0 count
timing fwd.norm2 0.302931 ms
timing launches.fwd.norm2 1 count
timing syncs.fwd.norm2 0 count
timing fwd.gate_proj 2.570614 ms
timing launches.fwd.gate_proj 0 count
timing syncs.fwd.gate_proj 0 count
timing gemm.gateup_fwd 2.570614 ms
timing launches.gemm.gateup_fwd 0 count
timing syncs.gemm.gateup_fwd 0 count
timing fwd.up_proj 2.591844 ms
timing launches.fwd.up_proj 0 count
timing syncs.fwd.up_proj 0 count
timing gemm.gateup_fwd 2.591844 ms
timing launches.gemm.gateup_fwd 0 count
timing syncs.gemm.gateup_fwd 0 count
timing fwd.silu 0.030706 ms
timing launches.fwd.silu 1 count
timing syncs.fwd.silu 0 count
timing fwd.gate_mul 0.029141 ms
timing launches.fwd.gate_mul 1 count
timing syncs.fwd.gate_mul 0 count
timing fwd.down_proj 2.417683 ms
timing launches.fwd.down_proj 1 count
timing syncs.fwd.down_proj 0 count
timing gemm.down_fwd 2.417683 ms
timing launches.gemm.down_fwd 1 count
timing syncs.gemm.down_fwd 0 count
timing fwd.residual2_add 0.01902 ms
timing launches.fwd.residual2_add 1 count
timing syncs.fwd.residual2_add 0 count
timing block.mlp_and_residuals 8.011412 ms
timing fwd.refuse_call 0.073179 ms
timing launches.fwd.refuse_call 2 count
timing syncs.fwd.refuse_call 2 count
timing fwd.norm1 0.31181 ms
timing launches.fwd.norm1 1 count
timing syncs.fwd.norm1 0 count
timing block.norm1 0.391504 ms
timing fwd.q_proj 0.892027 ms
timing launches.fwd.q_proj 1 count
timing syncs.fwd.q_proj 0 count
timing gemm.proj_fwd 0.892027 ms
timing launches.gemm.proj_fwd 1 count
timing syncs.gemm.proj_fwd 0 count
timing fwd.k_proj 0.866245 ms
timing launches.fwd.k_proj 1 count
timing syncs.fwd.k_proj 0 count
timing gemm.proj_fwd 0.866245 ms
timing launches.gemm.proj_fwd 1 count
timing syncs.gemm.proj_fwd 0 count
timing fwd.v_proj 0.877685 ms
timing launches.fwd.v_proj 1 count
timing syncs.fwd.v_proj 0 count
timing gemm.proj_fwd 0.877685 ms
timing launches.gemm.proj_fwd 1 count
timing syncs.gemm.proj_fwd 0 count
timing attn.qkv_proj 2.652189 ms
timing attn.rope_and_cache 0.06292 ms
timing attn.fwd_regime_scan 0.160228 ms
timing attn.fwd_r2_keep_kernel 2.059332 ms
timing attn.fwd_corner_flag 0.039911 ms
timing attn.core 2.27242 ms
timing fwd.o_proj 0.871803 ms
timing launches.fwd.o_proj 1 count
timing syncs.fwd.o_proj 0 count
timing gemm.proj_fwd 0.871803 ms
timing launches.gemm.proj_fwd 1 count
timing syncs.gemm.proj_fwd 0 count
timing attn.o_proj 0.879006 ms
timing block.attention_total 5.868962 ms
timing fwd.residual1_add 0.019075 ms
timing launches.fwd.residual1_add 1 count
timing syncs.fwd.residual1_add 0 count
timing fwd.norm2 0.3022 ms
timing launches.fwd.norm2 1 count
timing syncs.fwd.norm2 0 count
timing fwd.gate_proj 2.591589 ms
timing launches.fwd.gate_proj 0 count
timing syncs.fwd.gate_proj 0 count
timing gemm.gateup_fwd 2.591589 ms
timing launches.gemm.gateup_fwd 0 count
timing syncs.gemm.gateup_fwd 0 count
timing fwd.up_proj 2.632226 ms
timing launches.fwd.up_proj 0 count
timing syncs.fwd.up_proj 0 count
timing gemm.gateup_fwd 2.632226 ms
timing launches.gemm.gateup_fwd 0 count
timing syncs.gemm.gateup_fwd 0 count
timing fwd.silu 0.030445 ms
timing launches.fwd.silu 1 count
timing syncs.fwd.silu 0 count
timing fwd.gate_mul 0.028815 ms
timing launches.fwd.gate_mul 1 count
timing syncs.fwd.gate_mul 0 count
timing fwd.down_proj 2.381756 ms
timing launches.fwd.down_proj 1 count
timing syncs.fwd.down_proj 0 count
timing gemm.down_fwd 2.381756 ms
timing launches.gemm.down_fwd 1 count
timing syncs.gemm.down_fwd 0 count
timing fwd.residual2_add 0.019055 ms
timing launches.fwd.residual2_add 1 count
timing syncs.fwd.residual2_add 0 count
timing block.mlp_and_residuals 8.034988 ms
timing fwd.refuse_call 0.069584 ms
timing launches.fwd.refuse_call 2 count
timing syncs.fwd.refuse_call 2 count
timing fwd.norm1 0.308657 ms
timing launches.fwd.norm1 1 count
timing syncs.fwd.norm1 0 count
timing block.norm1 0.384442 ms
timing fwd.q_proj 0.880141 ms
timing launches.fwd.q_proj 1 count
timing syncs.fwd.q_proj 0 count
timing gemm.proj_fwd 0.880141 ms
timing launches.gemm.proj_fwd 1 count
timing syncs.gemm.proj_fwd 0 count
timing fwd.k_proj 0.877183 ms
timing launches.fwd.k_proj 1 count
timing syncs.fwd.k_proj 0 count
timing gemm.proj_fwd 0.877183 ms
timing launches.gemm.proj_fwd 1 count
timing syncs.gemm.proj_fwd 0 count
timing fwd.v_proj 0.885131 ms
timing launches.fwd.v_proj 1 count
timing syncs.fwd.v_proj 0 count
timing gemm.proj_fwd 0.885131 ms
timing launches.gemm.proj_fwd 1 count
timing syncs.gemm.proj_fwd 0 count
timing attn.qkv_proj 2.657692 ms
timing attn.rope_and_cache 0.062938 ms
timing attn.fwd_regime_scan 0.163172 ms
timing attn.fwd_r2_keep_kernel 2.068413 ms
timing attn.fwd_corner_flag 0.040079 ms
timing attn.core 2.284092 ms
timing fwd.o_proj 0.874912 ms
timing launches.fwd.o_proj 1 count
timing syncs.fwd.o_proj 0 count
timing gemm.proj_fwd 0.874912 ms
timing launches.gemm.proj_fwd 1 count
timing syncs.gemm.proj_fwd 0 count
timing attn.o_proj 0.88225 ms
timing block.attention_total 5.88939 ms
timing fwd.residual1_add 0.019249 ms
timing launches.fwd.residual1_add 1 count
timing syncs.fwd.residual1_add 0 count
timing fwd.norm2 0.303431 ms
timing launches.fwd.norm2 1 count
timing syncs.fwd.norm2 0 count
timing fwd.gate_proj 2.61526 ms
timing launches.fwd.gate_proj 0 count
timing syncs.fwd.gate_proj 0 count
timing gemm.gateup_fwd 2.61526 ms
timing launches.gemm.gateup_fwd 0 count
timing syncs.gemm.gateup_fwd 0 count
timing fwd.up_proj 2.584315 ms
timing launches.fwd.up_proj 0 count
timing syncs.fwd.up_proj 0 count
timing gemm.gateup_fwd 2.584315 ms
timing launches.gemm.gateup_fwd 0 count
timing syncs.gemm.gateup_fwd 0 count
timing fwd.silu 0.032683 ms
timing launches.fwd.silu 1 count
timing syncs.fwd.silu 0 count
timing fwd.gate_mul 0.029522 ms
timing launches.fwd.gate_mul 1 count
timing syncs.fwd.gate_mul 0 count
timing fwd.down_proj 2.45442 ms
timing launches.fwd.down_proj 1 count
timing syncs.fwd.down_proj 0 count
timing gemm.down_fwd 2.45442 ms
timing launches.gemm.down_fwd 1 count
timing syncs.gemm.down_fwd 0 count
timing fwd.residual2_add 0.019378 ms
timing launches.fwd.residual2_add 1 count
timing syncs.fwd.residual2_add 0 count
timing block.mlp_and_residuals 8.089395 ms
timing fwd.refuse_call 0.069967 ms
timing launches.fwd.refuse_call 2 count
timing syncs.fwd.refuse_call 2 count
timing fwd.norm1 0.316496 ms
timing launches.fwd.norm1 1 count
timing syncs.fwd.norm1 0 count
timing block.norm1 0.392239 ms
timing fwd.q_proj 0.884013 ms
timing launches.fwd.q_proj 1 count
timing syncs.fwd.q_proj 0 count
timing gemm.proj_fwd 0.884013 ms
timing launches.gemm.proj_fwd 1 count
timing syncs.gemm.proj_fwd 0 count
timing fwd.k_proj 0.879773 ms
timing launches.fwd.k_proj 1 count
timing syncs.fwd.k_proj 0 count
timing gemm.proj_fwd 0.879773 ms
timing launches.gemm.proj_fwd 1 count
timing syncs.gemm.proj_fwd 0 count
timing fwd.v_proj 0.868967 ms
timing launches.fwd.v_proj 1 count
timing syncs.fwd.v_proj 0 count
timing gemm.proj_fwd 0.868967 ms
timing launches.gemm.proj_fwd 1 count
timing syncs.gemm.proj_fwd 0 count
timing attn.qkv_proj 2.648024 ms
timing attn.rope_and_cache 0.063459 ms
timing attn.fwd_regime_scan 0.157405 ms
timing attn.fwd_r2_keep_kernel 2.018103 ms
timing attn.fwd_corner_flag 0.040218 ms
timing attn.core 2.231906 ms
timing fwd.o_proj 0.888244 ms
timing launches.fwd.o_proj 1 count
timing syncs.fwd.o_proj 0 count
timing gemm.proj_fwd 0.888244 ms
timing launches.gemm.proj_fwd 1 count
timing syncs.gemm.proj_fwd 0 count
timing attn.o_proj 0.895395 ms
timing block.attention_total 5.841047 ms
timing fwd.residual1_add 0.019301 ms
timing launches.fwd.residual1_add 1 count
timing syncs.fwd.residual1_add 0 count
timing fwd.norm2 0.302518 ms
timing launches.fwd.norm2 1 count
timing syncs.fwd.norm2 0 count
timing fwd.gate_proj 2.59082 ms
timing launches.fwd.gate_proj 0 count
timing syncs.fwd.gate_proj 0 count
timing gemm.gateup_fwd 2.59082 ms
timing launches.gemm.gateup_fwd 0 count
timing syncs.gemm.gateup_fwd 0 count
timing fwd.up_proj 2.593199 ms
timing launches.fwd.up_proj 0 count
timing syncs.fwd.up_proj 0 count
timing gemm.gateup_fwd 2.593199 ms
timing launches.gemm.gateup_fwd 0 count
timing syncs.gemm.gateup_fwd 0 count
timing fwd.silu 0.030657 ms
timing launches.fwd.silu 1 count
timing syncs.fwd.silu 0 count
timing fwd.gate_mul 0.029534 ms
timing launches.fwd.gate_mul 1 count
timing syncs.fwd.gate_mul 0 count
timing fwd.down_proj 2.435786 ms
timing launches.fwd.down_proj 1 count
timing syncs.fwd.down_proj 0 count
timing gemm.down_fwd 2.435786 ms
timing launches.gemm.down_fwd 1 count
timing syncs.gemm.down_fwd 0 count
timing fwd.residual2_add 0.019395 ms
timing launches.fwd.residual2_add 1 count
timing syncs.fwd.residual2_add 0 count
timing block.mlp_and_residuals 8.052014 ms
timing envelope.blocks_forward 172.245736 ms
timing gemm.head_fwd 56.993989 ms
timing launches.gemm.head_fwd 0 count
timing syncs.gemm.head_fwd 0 count
timing step.head_forward 57.000271 ms
timing step.ce_refuse_scan 0.427366 ms
timing step.ce_refuse_scan_bytes 411705344 bytes
timing step.ce_refuse_scan_download_bytes 8192 bytes
timing step.ce_forward 1.473619 ms
timing step.loss_download 0.035255 ms
timing step.loss_download_bytes 4 bytes
timing step.ce_backward 0.769449 ms
timing gemm.head_dA 58.1768 ms
timing launches.gemm.head_dA 1 count
timing syncs.gemm.head_dA 0 count
timing step.head_backward_da 58.18544 ms
timing gemm.head_dB 59.070347 ms
timing launches.gemm.head_dB 0 count
timing syncs.gemm.head_dB 0 count
timing step.head_backward_db 59.0777 ms
timing grad.refuse_scan 0.047669 ms
timing launches.grad.refuse_scan 1 count
timing syncs.grad.refuse_scan 1 count
timing grad.residual2_copy 0.028325 ms
timing launches.grad.residual2_copy 2 count
timing syncs.grad.residual2_copy 0 count
timing grad.down_dA 2.562831 ms
timing launches.grad.down_dA 0 count
timing syncs.grad.down_dA 0 count
timing gemm.down_dA 2.562831 ms
timing launches.gemm.down_dA 0 count
timing syncs.gemm.down_dA 0 count
timing grad.down_dB 2.368438 ms
timing launches.grad.down_dB 1 count
timing syncs.grad.down_dB 0 count
timing gemm.down_dB 2.368438 ms
timing launches.gemm.down_dB 1 count
timing syncs.gemm.down_dB 0 count
timing grad.gate_mul 0.051132 ms
timing launches.grad.gate_mul 2 count
timing syncs.grad.gate_mul 0 count
timing grad.silu 0.037021 ms
timing launches.grad.silu 1 count
timing syncs.grad.silu 0 count
timing grad.gate_dB 2.417426 ms
timing launches.grad.gate_dB 1 count
timing syncs.grad.gate_dB 0 count
timing gemm.gateup_dB 2.417426 ms
timing launches.gemm.gateup_dB 1 count
timing syncs.gemm.gateup_dB 0 count
timing grad.up_dB 2.368453 ms
timing launches.grad.up_dB 1 count
timing syncs.grad.up_dB 0 count
timing gemm.gateup_dB 2.368453 ms
timing launches.gemm.gateup_dB 1 count
timing syncs.gemm.gateup_dB 0 count
timing grad.gate_dA 2.409446 ms
timing launches.grad.gate_dA 1 count
timing syncs.grad.gate_dA 0 count
timing gemm.gateup_dA 2.409446 ms
timing launches.gemm.gateup_dA 1 count
timing syncs.gemm.gateup_dA 0 count
timing grad.up_dA 2.378392 ms
timing launches.grad.up_dA 1 count
timing syncs.grad.up_dA 0 count
timing gemm.gateup_dA 2.378392 ms
timing launches.gemm.gateup_dA 1 count
timing syncs.gemm.gateup_dA 0 count
timing grad.gateup_fanin 0.021431 ms
timing launches.grad.gateup_fanin 1 count
timing syncs.grad.gateup_fanin 0 count
timing grad.norm2_kernels 0.153413 ms
timing launches.grad.norm2_kernels 3 count
timing syncs.grad.norm2_kernels 0 count
timing grad.norm2_dW 0.074005 ms
timing launches.grad.norm2_dW 2 count
timing syncs.grad.norm2_dW 1 count
timing gemm.norm_dW 0.074005 ms
timing launches.gemm.norm_dW 2 count
timing syncs.gemm.norm_dW 1 count
timing grad.residual1_add 0.018958 ms
timing launches.grad.residual1_add 1 count
timing syncs.grad.residual1_add 0 count
timing grad.o_copy 0.018828 ms
timing launches.grad.o_copy 1 count
timing syncs.grad.o_copy 0 count
timing grad.o_dA 0.886705 ms
timing launches.grad.o_dA 1 count
timing syncs.grad.o_dA 0 count
timing gemm.proj_dA 0.886705 ms
timing launches.gemm.proj_dA 1 count
timing syncs.gemm.proj_dA 0 count
timing grad.o_dB 0.851603 ms
timing launches.grad.o_dB 1 count
timing syncs.grad.o_dB 0 count
timing gemm.proj_dB 0.851603 ms
timing launches.gemm.proj_dB 1 count
timing syncs.gemm.proj_dB 0 count
timing bwd.mlp_through_oproj 16.76666 ms
timing launches.bwd.mlp_through_oproj 21 count
timing syncs.bwd.mlp_through_oproj 2 count
timing bwd.before_attention 0.000585 ms
timing attn.bwd_regime_scan 0.216366 ms
timing attn.bwd_scratch_alloc 0.018303 ms
timing attn.bwd_zdot_estash_dres_pf 1.069503 ms
timing attn.bwd_dq_tiled_pf 2.283112 ms
timing attn.bwd_kvgrid_dkdv_pf 1.79268 ms
timing attn.bwd_corner_flag 0.05736 ms
timing bwd.attention 5.45102 ms
timing grad.kv_slice 0.032617 ms
timing launches.grad.kv_slice 2 count
timing syncs.grad.kv_slice 0 count
timing grad.rope 0.034715 ms
timing launches.grad.rope 2 count
timing syncs.grad.rope 0 count
timing grad.q_dB 0.898373 ms
timing launches.grad.q_dB 1 count
timing syncs.grad.q_dB 0 count
timing gemm.proj_dB 0.898373 ms
timing launches.gemm.proj_dB 1 count
timing syncs.gemm.proj_dB 0 count
timing grad.k_dB 0.849914 ms
timing launches.grad.k_dB 1 count
timing syncs.grad.k_dB 0 count
timing gemm.proj_dB 0.849914 ms
timing launches.gemm.proj_dB 1 count
timing syncs.gemm.proj_dB 0 count
timing grad.v_dB 0.886732 ms
timing launches.grad.v_dB 1 count
timing syncs.grad.v_dB 0 count
timing gemm.proj_dB 0.886732 ms
timing launches.gemm.proj_dB 1 count
timing syncs.gemm.proj_dB 0 count
timing grad.q_dA 0.909421 ms
timing launches.grad.q_dA 1 count
timing syncs.grad.q_dA 0 count
timing gemm.proj_dA 0.909421 ms
timing launches.gemm.proj_dA 1 count
timing syncs.gemm.proj_dA 0 count
timing grad.k_dA 0.898308 ms
timing launches.grad.k_dA 1 count
timing syncs.grad.k_dA 0 count
timing gemm.proj_dA 0.898308 ms
timing launches.gemm.proj_dA 1 count
timing syncs.gemm.proj_dA 0 count
timing grad.v_dA 0.901817 ms
timing launches.grad.v_dA 1 count
timing syncs.grad.v_dA 0 count
timing gemm.proj_dA 0.901817 ms
timing launches.gemm.proj_dA 1 count
timing syncs.gemm.proj_dA 0 count
timing grad.qkv_fanin 0.021519 ms
timing launches.grad.qkv_fanin 1 count
timing syncs.grad.qkv_fanin 0 count
timing grad.norm1_kernels 0.154183 ms
timing launches.grad.norm1_kernels 3 count
timing syncs.grad.norm1_kernels 0 count
timing grad.norm1_dW 0.072709 ms
timing launches.grad.norm1_dW 2 count
timing syncs.grad.norm1_dW 1 count
timing gemm.norm_dW 0.072709 ms
timing launches.gemm.norm_dW 2 count
timing syncs.gemm.norm_dW 1 count
timing grad.x_add 0.019226 ms
timing launches.grad.x_add 1 count
timing syncs.grad.x_add 0 count
timing bwd.after_attention 5.729013 ms
timing grad.refuse_scan 0.041616 ms
timing launches.grad.refuse_scan 1 count
timing syncs.grad.refuse_scan 1 count
timing grad.residual2_copy 0.026658 ms
timing launches.grad.residual2_copy 2 count
timing syncs.grad.residual2_copy 0 count
timing grad.down_dA 2.595075 ms
timing launches.grad.down_dA 0 count
timing syncs.grad.down_dA 0 count
timing gemm.down_dA 2.595075 ms
timing launches.gemm.down_dA 0 count
timing syncs.gemm.down_dA 0 count
timing grad.down_dB 2.381564 ms
timing launches.grad.down_dB 1 count
timing syncs.grad.down_dB 0 count
timing gemm.down_dB 2.381564 ms
timing launches.gemm.down_dB 1 count
timing syncs.gemm.down_dB 0 count
timing grad.gate_mul 0.050039 ms
timing launches.grad.gate_mul 2 count
timing syncs.grad.gate_mul 0 count
timing grad.silu 0.03628 ms
timing launches.grad.silu 1 count
timing syncs.grad.silu 0 count
timing grad.gate_dB 2.393973 ms
timing launches.grad.gate_dB 1 count
timing syncs.grad.gate_dB 0 count
timing gemm.gateup_dB 2.393973 ms
timing launches.gemm.gateup_dB 1 count
timing syncs.gemm.gateup_dB 0 count
timing grad.up_dB 2.350649 ms
timing launches.grad.up_dB 1 count
timing syncs.grad.up_dB 0 count
timing gemm.gateup_dB 2.350649 ms
timing launches.gemm.gateup_dB 1 count
timing syncs.gemm.gateup_dB 0 count
timing grad.gate_dA 2.40989 ms
timing launches.grad.gate_dA 1 count
timing syncs.grad.gate_dA 0 count
timing gemm.gateup_dA 2.40989 ms
timing launches.gemm.gateup_dA 1 count
timing syncs.gemm.gateup_dA 0 count
timing grad.up_dA 2.43758 ms
timing launches.grad.up_dA 1 count
timing syncs.grad.up_dA 0 count
timing gemm.gateup_dA 2.43758 ms
timing launches.gemm.gateup_dA 1 count
timing syncs.gemm.gateup_dA 0 count
timing grad.gateup_fanin 0.020295 ms
timing launches.grad.gateup_fanin 1 count
timing syncs.grad.gateup_fanin 0 count
timing grad.norm2_kernels 0.152814 ms
timing launches.grad.norm2_kernels 3 count
timing syncs.grad.norm2_kernels 0 count
timing grad.norm2_dW 0.071444 ms
timing launches.grad.norm2_dW 2 count
timing syncs.grad.norm2_dW 1 count
timing gemm.norm_dW 0.071444 ms
timing launches.gemm.norm_dW 2 count
timing syncs.gemm.norm_dW 1 count
timing grad.residual1_add 0.019204 ms
timing launches.grad.residual1_add 1 count
timing syncs.grad.residual1_add 0 count
timing grad.o_copy 0.018449 ms
timing launches.grad.o_copy 1 count
timing syncs.grad.o_copy 0 count
timing grad.o_dA 0.883375 ms
timing launches.grad.o_dA 1 count
timing syncs.grad.o_dA 0 count
timing gemm.proj_dA 0.883375 ms
timing launches.gemm.proj_dA 1 count
timing syncs.gemm.proj_dA 0 count
timing grad.o_dB 0.856031 ms
timing launches.grad.o_dB 1 count
timing syncs.grad.o_dB 0 count
timing gemm.proj_dB 0.856031 ms
timing launches.gemm.proj_dB 1 count
timing syncs.gemm.proj_dB 0 count
timing bwd.mlp_through_oproj 16.808456 ms
timing launches.bwd.mlp_through_oproj 21 count
timing syncs.bwd.mlp_through_oproj 2 count
timing bwd.before_attention 0.000605 ms
timing attn.bwd_regime_scan 0.214474 ms
timing attn.bwd_scratch_alloc 0.016658 ms
timing attn.bwd_zdot_estash_dres_pf 1.085321 ms
timing attn.bwd_dq_tiled_pf 2.30727 ms
timing attn.bwd_kvgrid_dkdv_pf 1.781306 ms
timing attn.bwd_corner_flag 0.055812 ms
timing bwd.attention 5.473397 ms
timing grad.kv_slice 0.0315 ms
timing launches.grad.kv_slice 2 count
timing syncs.grad.kv_slice 0 count
timing grad.rope 0.032612 ms
timing launches.grad.rope 2 count
timing syncs.grad.rope 0 count
timing grad.q_dB 0.891634 ms
timing launches.grad.q_dB 1 count
timing syncs.grad.q_dB 0 count
timing gemm.proj_dB 0.891634 ms
timing launches.gemm.proj_dB 1 count
timing syncs.gemm.proj_dB 0 count
timing grad.k_dB 0.850663 ms
timing launches.grad.k_dB 1 count
timing syncs.grad.k_dB 0 count
timing gemm.proj_dB 0.850663 ms
timing launches.gemm.proj_dB 1 count
timing syncs.gemm.proj_dB 0 count
timing grad.v_dB 0.859865 ms
timing launches.grad.v_dB 1 count
timing syncs.grad.v_dB 0 count
timing gemm.proj_dB 0.859865 ms
timing launches.gemm.proj_dB 1 count
timing syncs.gemm.proj_dB 0 count
timing grad.q_dA 0.885757 ms
timing launches.grad.q_dA 1 count
timing syncs.grad.q_dA 0 count
timing gemm.proj_dA 0.885757 ms
timing launches.gemm.proj_dA 1 count
timing syncs.gemm.proj_dA 0 count
timing grad.k_dA 0.905477 ms
timing launches.grad.k_dA 1 count
timing syncs.grad.k_dA 0 count
timing gemm.proj_dA 0.905477 ms
timing launches.gemm.proj_dA 1 count
timing syncs.gemm.proj_dA 0 count
timing grad.v_dA 0.917877 ms
timing launches.grad.v_dA 1 count
timing syncs.grad.v_dA 0 count
timing gemm.proj_dA 0.917877 ms
timing launches.gemm.proj_dA 1 count
timing syncs.gemm.proj_dA 0 count
timing grad.qkv_fanin 0.020447 ms
timing launches.grad.qkv_fanin 1 count
timing syncs.grad.qkv_fanin 0 count
timing grad.norm1_kernels 0.155886 ms
timing launches.grad.norm1_kernels 3 count
timing syncs.grad.norm1_kernels 0 count
timing grad.norm1_dW 0.073619 ms
timing launches.grad.norm1_dW 2 count
timing syncs.grad.norm1_dW 1 count
timing gemm.norm_dW 0.073619 ms
timing launches.gemm.norm_dW 2 count
timing syncs.gemm.norm_dW 1 count
timing grad.x_add 0.019438 ms
timing launches.grad.x_add 1 count
timing syncs.grad.x_add 0 count
timing bwd.after_attention 5.693124 ms
timing grad.refuse_scan 0.041475 ms
timing launches.grad.refuse_scan 1 count
timing syncs.grad.refuse_scan 1 count
timing grad.residual2_copy 0.02746 ms
timing launches.grad.residual2_copy 2 count
timing syncs.grad.residual2_copy 0 count
timing grad.down_dA 2.590456 ms
timing launches.grad.down_dA 0 count
timing syncs.grad.down_dA 0 count
timing gemm.down_dA 2.590456 ms
timing launches.gemm.down_dA 0 count
timing syncs.gemm.down_dA 0 count
timing grad.down_dB 2.432883 ms
timing launches.grad.down_dB 1 count
timing syncs.grad.down_dB 0 count
timing gemm.down_dB 2.432883 ms
timing launches.gemm.down_dB 1 count
timing syncs.gemm.down_dB 0 count
timing grad.gate_mul 0.050209 ms
timing launches.grad.gate_mul 2 count
timing syncs.grad.gate_mul 0 count
timing grad.silu 0.035467 ms
timing launches.grad.silu 1 count
timing syncs.grad.silu 0 count
timing grad.gate_dB 2.425737 ms
timing launches.grad.gate_dB 1 count
timing syncs.grad.gate_dB 0 count
timing gemm.gateup_dB 2.425737 ms
timing launches.gemm.gateup_dB 1 count
timing syncs.gemm.gateup_dB 0 count
timing grad.up_dB 2.359169 ms
timing launches.grad.up_dB 1 count
timing syncs.grad.up_dB 0 count
timing gemm.gateup_dB 2.359169 ms
timing launches.gemm.gateup_dB 1 count
timing syncs.gemm.gateup_dB 0 count
timing grad.gate_dA 2.4012 ms
timing launches.grad.gate_dA 1 count
timing syncs.grad.gate_dA 0 count
timing gemm.gateup_dA 2.4012 ms
timing launches.gemm.gateup_dA 1 count
timing syncs.gemm.gateup_dA 0 count
timing grad.up_dA 2.413398 ms
timing launches.grad.up_dA 1 count
timing syncs.grad.up_dA 0 count
timing gemm.gateup_dA 2.413398 ms
timing launches.gemm.gateup_dA 1 count
timing syncs.gemm.gateup_dA 0 count
timing grad.gateup_fanin 0.019503 ms
timing launches.grad.gateup_fanin 1 count
timing syncs.grad.gateup_fanin 0 count
timing grad.norm2_kernels 0.150871 ms
timing launches.grad.norm2_kernels 3 count
timing syncs.grad.norm2_kernels 0 count
timing grad.norm2_dW 0.07106 ms
timing launches.grad.norm2_dW 2 count
timing syncs.grad.norm2_dW 1 count
timing gemm.norm_dW 0.07106 ms
timing launches.gemm.norm_dW 2 count
timing syncs.gemm.norm_dW 1 count
timing grad.residual1_add 0.018558 ms
timing launches.grad.residual1_add 1 count
timing syncs.grad.residual1_add 0 count
timing grad.o_copy 0.018215 ms
timing launches.grad.o_copy 1 count
timing syncs.grad.o_copy 0 count
timing grad.o_dA 0.883839 ms
timing launches.grad.o_dA 1 count
timing syncs.grad.o_dA 0 count
timing gemm.proj_dA 0.883839 ms
timing launches.gemm.proj_dA 1 count
timing syncs.gemm.proj_dA 0 count
timing grad.o_dB 0.845762 ms
timing launches.grad.o_dB 1 count
timing syncs.grad.o_dB 0 count
timing gemm.proj_dB 0.845762 ms
timing launches.gemm.proj_dB 1 count
timing syncs.gemm.proj_dB 0 count
timing bwd.mlp_through_oproj 16.850308 ms
timing launches.bwd.mlp_through_oproj 21 count
timing syncs.bwd.mlp_through_oproj 2 count
timing bwd.before_attention 0.000628 ms
timing attn.bwd_regime_scan 0.216939 ms
timing attn.bwd_scratch_alloc 0.016837 ms
timing attn.bwd_zdot_estash_dres_pf 1.061199 ms
timing attn.bwd_dq_tiled_pf 2.290595 ms
timing attn.bwd_kvgrid_dkdv_pf 1.793667 ms
timing attn.bwd_corner_flag 0.055157 ms
timing bwd.attention 5.446983 ms
timing grad.kv_slice 0.031219 ms
timing launches.grad.kv_slice 2 count
timing syncs.grad.kv_slice 0 count
timing grad.rope 0.03282 ms
timing launches.grad.rope 2 count
timing syncs.grad.rope 0 count
timing grad.q_dB 0.898314 ms
timing launches.grad.q_dB 1 count
timing syncs.grad.q_dB 0 count
timing gemm.proj_dB 0.898314 ms
timing launches.gemm.proj_dB 1 count
timing syncs.gemm.proj_dB 0 count
timing grad.k_dB 0.851938 ms
timing launches.grad.k_dB 1 count
timing syncs.grad.k_dB 0 count
timing gemm.proj_dB 0.851938 ms
timing launches.gemm.proj_dB 1 count
timing syncs.gemm.proj_dB 0 count
timing grad.v_dB 0.867794 ms
timing launches.grad.v_dB 1 count
timing syncs.grad.v_dB 0 count
timing gemm.proj_dB 0.867794 ms
timing launches.gemm.proj_dB 1 count
timing syncs.gemm.proj_dB 0 count
timing grad.q_dA 0.900121 ms
timing launches.grad.q_dA 1 count
timing syncs.grad.q_dA 0 count
timing gemm.proj_dA 0.900121 ms
timing launches.gemm.proj_dA 1 count
timing syncs.gemm.proj_dA 0 count
timing grad.k_dA 0.889391 ms
timing launches.grad.k_dA 1 count
timing syncs.grad.k_dA 0 count
timing gemm.proj_dA 0.889391 ms
timing launches.gemm.proj_dA 1 count
timing syncs.gemm.proj_dA 0 count
timing grad.v_dA 0.890519 ms
timing launches.grad.v_dA 1 count
timing syncs.grad.v_dA 0 count
timing gemm.proj_dA 0.890519 ms
timing launches.gemm.proj_dA 1 count
timing syncs.gemm.proj_dA 0 count
timing grad.qkv_fanin 0.020304 ms
timing launches.grad.qkv_fanin 1 count
timing syncs.grad.qkv_fanin 0 count
timing grad.norm1_kernels 0.1544 ms
timing launches.grad.norm1_kernels 3 count
timing syncs.grad.norm1_kernels 0 count
timing grad.norm1_dW 0.072566 ms
timing launches.grad.norm1_dW 2 count
timing syncs.grad.norm1_dW 1 count
timing gemm.norm_dW 0.072566 ms
timing launches.gemm.norm_dW 2 count
timing syncs.gemm.norm_dW 1 count
timing grad.x_add 0.01945 ms
timing launches.grad.x_add 1 count
timing syncs.grad.x_add 0 count
timing bwd.after_attention 5.675304 ms
timing grad.refuse_scan 0.041521 ms
timing launches.grad.refuse_scan 1 count
timing syncs.grad.refuse_scan 1 count
timing grad.residual2_copy 0.027555 ms
timing launches.grad.residual2_copy 2 count
timing syncs.grad.residual2_copy 0 count
timing grad.down_dA 2.608709 ms
timing launches.grad.down_dA 0 count
timing syncs.grad.down_dA 0 count
timing gemm.down_dA 2.608709 ms
timing launches.gemm.down_dA 0 count
timing syncs.gemm.down_dA 0 count
timing grad.down_dB 2.409048 ms
timing launches.grad.down_dB 1 count
timing syncs.grad.down_dB 0 count
timing gemm.down_dB 2.409048 ms
timing launches.gemm.down_dB 1 count
timing syncs.gemm.down_dB 0 count
timing grad.gate_mul 0.048562 ms
timing launches.grad.gate_mul 2 count
timing syncs.grad.gate_mul 0 count
timing grad.silu 0.035751 ms
timing launches.grad.silu 1 count
timing syncs.grad.silu 0 count
timing grad.gate_dB 2.388901 ms
timing launches.grad.gate_dB 1 count
timing syncs.grad.gate_dB 0 count
timing gemm.gateup_dB 2.388901 ms
timing launches.gemm.gateup_dB 1 count
timing syncs.gemm.gateup_dB 0 count
timing grad.up_dB 2.394593 ms
timing launches.grad.up_dB 1 count
timing syncs.grad.up_dB 0 count
timing gemm.gateup_dB 2.394593 ms
timing launches.gemm.gateup_dB 1 count
timing syncs.gemm.gateup_dB 0 count
timing grad.gate_dA 2.418401 ms
timing launches.grad.gate_dA 1 count
timing syncs.grad.gate_dA 0 count
timing gemm.gateup_dA 2.418401 ms
timing launches.gemm.gateup_dA 1 count
timing syncs.gemm.gateup_dA 0 count
timing grad.up_dA 2.428476 ms
timing launches.grad.up_dA 1 count
timing syncs.grad.up_dA 0 count
timing gemm.gateup_dA 2.428476 ms
timing launches.gemm.gateup_dA 1 count
timing syncs.gemm.gateup_dA 0 count
timing grad.gateup_fanin 0.019254 ms
timing launches.grad.gateup_fanin 1 count
timing syncs.grad.gateup_fanin 0 count
timing grad.norm2_kernels 0.150129 ms
timing launches.grad.norm2_kernels 3 count
timing syncs.grad.norm2_kernels 0 count
timing grad.norm2_dW 0.07028 ms
timing launches.grad.norm2_dW 2 count
timing syncs.grad.norm2_dW 1 count
timing gemm.norm_dW 0.07028 ms
timing launches.gemm.norm_dW 2 count
timing syncs.gemm.norm_dW 1 count
timing grad.residual1_add 0.018926 ms
timing launches.grad.residual1_add 1 count
timing syncs.grad.residual1_add 0 count
timing grad.o_copy 0.01798 ms
timing launches.grad.o_copy 1 count
timing syncs.grad.o_copy 0 count
timing grad.o_dA 0.865912 ms
timing launches.grad.o_dA 1 count
timing syncs.grad.o_dA 0 count
timing gemm.proj_dA 0.865912 ms
timing launches.gemm.proj_dA 1 count
timing syncs.gemm.proj_dA 0 count
timing grad.o_dB 0.85131 ms
timing launches.grad.o_dB 1 count
timing syncs.grad.o_dB 0 count
timing gemm.proj_dB 0.85131 ms
timing launches.gemm.proj_dB 1 count
timing syncs.gemm.proj_dB 0 count
timing bwd.mlp_through_oproj 16.860191 ms
timing launches.bwd.mlp_through_oproj 21 count
timing syncs.bwd.mlp_through_oproj 2 count
timing bwd.before_attention 0.000617 ms
timing attn.bwd_regime_scan 0.215843 ms
timing attn.bwd_scratch_alloc 0.016882 ms
timing attn.bwd_zdot_estash_dres_pf 1.075515 ms
timing attn.bwd_dq_tiled_pf 2.301819 ms
timing attn.bwd_kvgrid_dkdv_pf 1.790029 ms
timing attn.bwd_corner_flag 0.056791 ms
timing bwd.attention 5.469477 ms
timing grad.kv_slice 0.031387 ms
timing launches.grad.kv_slice 2 count
timing syncs.grad.kv_slice 0 count
timing grad.rope 0.033012 ms
timing launches.grad.rope 2 count
timing syncs.grad.rope 0 count
timing grad.q_dB 0.895682 ms
timing launches.grad.q_dB 1 count
timing syncs.grad.q_dB 0 count
timing gemm.proj_dB 0.895682 ms
timing launches.gemm.proj_dB 1 count
timing syncs.gemm.proj_dB 0 count
timing grad.k_dB 0.843671 ms
timing launches.grad.k_dB 1 count
timing syncs.grad.k_dB 0 count
timing gemm.proj_dB 0.843671 ms
timing launches.gemm.proj_dB 1 count
timing syncs.gemm.proj_dB 0 count
timing grad.v_dB 0.856587 ms
timing launches.grad.v_dB 1 count
timing syncs.grad.v_dB 0 count
timing gemm.proj_dB 0.856587 ms
timing launches.gemm.proj_dB 1 count
timing syncs.gemm.proj_dB 0 count
timing grad.q_dA 0.905009 ms
timing launches.grad.q_dA 1 count
timing syncs.grad.q_dA 0 count
timing gemm.proj_dA 0.905009 ms
timing launches.gemm.proj_dA 1 count
timing syncs.gemm.proj_dA 0 count
timing grad.k_dA 0.924104 ms
timing launches.grad.k_dA 1 count
timing syncs.grad.k_dA 0 count
timing gemm.proj_dA 0.924104 ms
timing launches.gemm.proj_dA 1 count
timing syncs.gemm.proj_dA 0 count
timing grad.v_dA 0.908096 ms
timing launches.grad.v_dA 1 count
timing syncs.grad.v_dA 0 count
timing gemm.proj_dA 0.908096 ms
timing launches.gemm.proj_dA 1 count
timing syncs.gemm.proj_dA 0 count
timing grad.qkv_fanin 0.019929 ms
timing launches.grad.qkv_fanin 1 count
timing syncs.grad.qkv_fanin 0 count
timing grad.norm1_kernels 0.154296 ms
timing launches.grad.norm1_kernels 3 count
timing syncs.grad.norm1_kernels 0 count
timing grad.norm1_dW 0.073044 ms
timing launches.grad.norm1_dW 2 count
timing syncs.grad.norm1_dW 1 count
timing gemm.norm_dW 0.073044 ms
timing launches.gemm.norm_dW 2 count
timing syncs.gemm.norm_dW 1 count
timing grad.x_add 0.01949 ms
timing launches.grad.x_add 1 count
timing syncs.grad.x_add 0 count
timing bwd.after_attention 5.710677 ms
timing grad.refuse_scan 0.041792 ms
timing launches.grad.refuse_scan 1 count
timing syncs.grad.refuse_scan 1 count
timing grad.residual2_copy 0.026991 ms
timing launches.grad.residual2_copy 2 count
timing syncs.grad.residual2_copy 0 count
timing grad.down_dA 2.60252 ms
timing launches.grad.down_dA 0 count
timing syncs.grad.down_dA 0 count
timing gemm.down_dA 2.60252 ms
timing launches.gemm.down_dA 0 count
timing syncs.gemm.down_dA 0 count
timing grad.down_dB 2.435276 ms
timing launches.grad.down_dB 1 count
timing syncs.grad.down_dB 0 count
timing gemm.down_dB 2.435276 ms
timing launches.gemm.down_dB 1 count
timing syncs.gemm.down_dB 0 count
timing grad.gate_mul 0.053252 ms
timing launches.grad.gate_mul 2 count
timing syncs.grad.gate_mul 0 count
timing grad.silu 0.035355 ms
timing launches.grad.silu 1 count
timing syncs.grad.silu 0 count
timing grad.gate_dB 2.416663 ms
timing launches.grad.gate_dB 1 count
timing syncs.grad.gate_dB 0 count
timing gemm.gateup_dB 2.416663 ms
timing launches.gemm.gateup_dB 1 count
timing syncs.gemm.gateup_dB 0 count
timing grad.up_dB 2.393999 ms
timing launches.grad.up_dB 1 count
timing syncs.grad.up_dB 0 count
timing gemm.gateup_dB 2.393999 ms
timing launches.gemm.gateup_dB 1 count
timing syncs.gemm.gateup_dB 0 count
timing grad.gate_dA 2.410943 ms
timing launches.grad.gate_dA 1 count
timing syncs.grad.gate_dA 0 count
timing gemm.gateup_dA 2.410943 ms
timing launches.gemm.gateup_dA 1 count
timing syncs.gemm.gateup_dA 0 count
timing grad.up_dA 2.420933 ms
timing launches.grad.up_dA 1 count
timing syncs.grad.up_dA 0 count
timing gemm.gateup_dA 2.420933 ms
timing launches.gemm.gateup_dA 1 count
timing syncs.gemm.gateup_dA 0 count
timing grad.gateup_fanin 0.019932 ms
timing launches.grad.gateup_fanin 1 count
timing syncs.grad.gateup_fanin 0 count
timing grad.norm2_kernels 0.150891 ms
timing launches.grad.norm2_kernels 3 count
timing syncs.grad.norm2_kernels 0 count
timing grad.norm2_dW 0.070443 ms
timing launches.grad.norm2_dW 2 count
timing syncs.grad.norm2_dW 1 count
timing gemm.norm_dW 0.070443 ms
timing launches.gemm.norm_dW 2 count
timing syncs.gemm.norm_dW 1 count
timing grad.residual1_add 0.018456 ms
timing launches.grad.residual1_add 1 count
timing syncs.grad.residual1_add 0 count
timing grad.o_copy 0.018135 ms
timing launches.grad.o_copy 1 count
timing syncs.grad.o_copy 0 count
timing grad.o_dA 0.877336 ms
timing launches.grad.o_dA 1 count
timing syncs.grad.o_dA 0 count
timing gemm.proj_dA 0.877336 ms
timing launches.gemm.proj_dA 1 count
timing syncs.gemm.proj_dA 0 count
timing grad.o_dB 0.858513 ms
timing launches.grad.o_dB 1 count
timing syncs.grad.o_dB 0 count
timing gemm.proj_dB 0.858513 ms
timing launches.gemm.proj_dB 1 count
timing syncs.gemm.proj_dB 0 count
timing bwd.mlp_through_oproj 16.923368 ms
timing launches.bwd.mlp_through_oproj 21 count
timing syncs.bwd.mlp_through_oproj 2 count
timing bwd.before_attention 0.000588 ms
timing attn.bwd_regime_scan 0.214447 ms
timing attn.bwd_scratch_alloc 0.016422 ms
timing attn.bwd_zdot_estash_dres_pf 1.073277 ms
timing attn.bwd_dq_tiled_pf 2.275198 ms
timing attn.bwd_kvgrid_dkdv_pf 1.767128 ms
timing attn.bwd_corner_flag 0.055325 ms
timing bwd.attention 5.414207 ms
timing grad.kv_slice 0.030724 ms
timing launches.grad.kv_slice 2 count
timing syncs.grad.kv_slice 0 count
timing grad.rope 0.032919 ms
timing launches.grad.rope 2 count
timing syncs.grad.rope 0 count
timing grad.q_dB 0.8774 ms
timing launches.grad.q_dB 1 count
timing syncs.grad.q_dB 0 count
timing gemm.proj_dB 0.8774 ms
timing launches.gemm.proj_dB 1 count
timing syncs.gemm.proj_dB 0 count
timing grad.k_dB 0.842119 ms
timing launches.grad.k_dB 1 count
timing syncs.grad.k_dB 0 count
timing gemm.proj_dB 0.842119 ms
timing launches.gemm.proj_dB 1 count
timing syncs.gemm.proj_dB 0 count
timing grad.v_dB 0.868074 ms
timing launches.grad.v_dB 1 count
timing syncs.grad.v_dB 0 count
timing gemm.proj_dB 0.868074 ms
timing launches.gemm.proj_dB 1 count
timing syncs.gemm.proj_dB 0 count
timing grad.q_dA 0.892297 ms
timing launches.grad.q_dA 1 count
timing syncs.grad.q_dA 0 count
timing gemm.proj_dA 0.892297 ms
timing launches.gemm.proj_dA 1 count
timing syncs.gemm.proj_dA 0 count
timing grad.k_dA 0.907215 ms
timing launches.grad.k_dA 1 count
timing syncs.grad.k_dA 0 count
timing gemm.proj_dA 0.907215 ms
timing launches.gemm.proj_dA 1 count
timing syncs.gemm.proj_dA 0 count
timing grad.v_dA 0.89107 ms
timing launches.grad.v_dA 1 count
timing syncs.grad.v_dA 0 count
timing gemm.proj_dA 0.89107 ms
timing launches.gemm.proj_dA 1 count
timing syncs.gemm.proj_dA 0 count
timing grad.qkv_fanin 0.019999 ms
timing launches.grad.qkv_fanin 1 count
timing syncs.grad.qkv_fanin 0 count
timing grad.norm1_kernels 0.154254 ms
timing launches.grad.norm1_kernels 3 count
timing syncs.grad.norm1_kernels 0 count
timing grad.norm1_dW 0.07206 ms
timing launches.grad.norm1_dW 2 count
timing syncs.grad.norm1_dW 1 count
timing gemm.norm_dW 0.07206 ms
timing launches.gemm.norm_dW 2 count
timing syncs.gemm.norm_dW 1 count
timing grad.x_add 0.019379 ms
timing launches.grad.x_add 1 count
timing syncs.grad.x_add 0 count
timing bwd.after_attention 5.655628 ms
timing grad.refuse_scan 0.04229 ms
timing launches.grad.refuse_scan 1 count
timing syncs.grad.refuse_scan 1 count
timing grad.residual2_copy 0.027336 ms
timing launches.grad.residual2_copy 2 count
timing syncs.grad.residual2_copy 0 count
timing grad.down_dA 2.591962 ms
timing launches.grad.down_dA 0 count
timing syncs.grad.down_dA 0 count
timing gemm.down_dA 2.591962 ms
timing launches.gemm.down_dA 0 count
timing syncs.gemm.down_dA 0 count
timing grad.down_dB 2.418565 ms
timing launches.grad.down_dB 1 count
timing syncs.grad.down_dB 0 count
timing gemm.down_dB 2.418565 ms
timing launches.gemm.down_dB 1 count
timing syncs.gemm.down_dB 0 count
timing grad.gate_mul 0.049079 ms
timing launches.grad.gate_mul 2 count
timing syncs.grad.gate_mul 0 count
timing grad.silu 0.035591 ms
timing launches.grad.silu 1 count
timing syncs.grad.silu 0 count
timing grad.gate_dB 2.381806 ms
timing launches.grad.gate_dB 1 count
timing syncs.grad.gate_dB 0 count
timing gemm.gateup_dB 2.381806 ms
timing launches.gemm.gateup_dB 1 count
timing syncs.gemm.gateup_dB 0 count
timing grad.up_dB 2.349484 ms
timing launches.grad.up_dB 1 count
timing syncs.grad.up_dB 0 count
timing gemm.gateup_dB 2.349484 ms
timing launches.gemm.gateup_dB 1 count
timing syncs.gemm.gateup_dB 0 count
timing grad.gate_dA 2.404585 ms
timing launches.grad.gate_dA 1 count
timing syncs.grad.gate_dA 0 count
timing gemm.gateup_dA 2.404585 ms
timing launches.gemm.gateup_dA 1 count
timing syncs.gemm.gateup_dA 0 count
timing grad.up_dA 2.436716 ms
timing launches.grad.up_dA 1 count
timing syncs.grad.up_dA 0 count
timing gemm.gateup_dA 2.436716 ms
timing launches.gemm.gateup_dA 1 count
timing syncs.gemm.gateup_dA 0 count
timing grad.gateup_fanin 0.019998 ms
timing launches.grad.gateup_fanin 1 count
timing syncs.grad.gateup_fanin 0 count
timing grad.norm2_kernels 0.154535 ms
timing launches.grad.norm2_kernels 3 count
timing syncs.grad.norm2_kernels 0 count
timing grad.norm2_dW 0.073604 ms
timing launches.grad.norm2_dW 2 count
timing syncs.grad.norm2_dW 1 count
timing gemm.norm_dW 0.073604 ms
timing launches.gemm.norm_dW 2 count
timing syncs.gemm.norm_dW 1 count
timing grad.residual1_add 0.019035 ms
timing launches.grad.residual1_add 1 count
timing syncs.grad.residual1_add 0 count
timing grad.o_copy 0.018586 ms
timing launches.grad.o_copy 1 count
timing syncs.grad.o_copy 0 count
timing grad.o_dA 0.876152 ms
timing launches.grad.o_dA 1 count
timing syncs.grad.o_dA 0 count
timing gemm.proj_dA 0.876152 ms
timing launches.gemm.proj_dA 1 count
timing syncs.gemm.proj_dA 0 count
timing grad.o_dB 0.857705 ms
timing launches.grad.o_dB 1 count
timing syncs.grad.o_dB 0 count
timing gemm.proj_dB 0.857705 ms
timing launches.gemm.proj_dB 1 count
timing syncs.gemm.proj_dB 0 count
timing bwd.mlp_through_oproj 16.820895 ms
timing launches.bwd.mlp_through_oproj 21 count
timing syncs.bwd.mlp_through_oproj 2 count
timing bwd.before_attention 0.00059 ms
timing attn.bwd_regime_scan 0.2189 ms
timing attn.bwd_scratch_alloc 0.016978 ms
timing attn.bwd_zdot_estash_dres_pf 1.075651 ms
timing attn.bwd_dq_tiled_pf 2.305217 ms
timing attn.bwd_kvgrid_dkdv_pf 1.762641 ms
timing attn.bwd_corner_flag 0.055356 ms
timing bwd.attention 5.447269 ms
timing grad.kv_slice 0.03036 ms
timing launches.grad.kv_slice 2 count
timing syncs.grad.kv_slice 0 count
timing grad.rope 0.034024 ms
timing launches.grad.rope 2 count
timing syncs.grad.rope 0 count
timing grad.q_dB 0.87222 ms
timing launches.grad.q_dB 1 count
timing syncs.grad.q_dB 0 count
timing gemm.proj_dB 0.87222 ms
timing launches.gemm.proj_dB 1 count
timing syncs.gemm.proj_dB 0 count
timing grad.k_dB 0.859865 ms
timing launches.grad.k_dB 1 count
timing syncs.grad.k_dB 0 count
timing gemm.proj_dB 0.859865 ms
timing launches.gemm.proj_dB 1 count
timing syncs.gemm.proj_dB 0 count
timing grad.v_dB 0.884717 ms
timing launches.grad.v_dB 1 count
timing syncs.grad.v_dB 0 count
timing gemm.proj_dB 0.884717 ms
timing launches.gemm.proj_dB 1 count
timing syncs.gemm.proj_dB 0 count
timing grad.q_dA 0.903144 ms
timing launches.grad.q_dA 1 count
timing syncs.grad.q_dA 0 count
timing gemm.proj_dA 0.903144 ms
timing launches.gemm.proj_dA 1 count
timing syncs.gemm.proj_dA 0 count
timing grad.k_dA 0.900639 ms
timing launches.grad.k_dA 1 count
timing syncs.grad.k_dA 0 count
timing gemm.proj_dA 0.900639 ms
timing launches.gemm.proj_dA 1 count
timing syncs.gemm.proj_dA 0 count
timing grad.v_dA 0.899152 ms
timing launches.grad.v_dA 1 count
timing syncs.grad.v_dA 0 count
timing gemm.proj_dA 0.899152 ms
timing launches.gemm.proj_dA 1 count
timing syncs.gemm.proj_dA 0 count
timing grad.qkv_fanin 0.02007 ms
timing launches.grad.qkv_fanin 1 count
timing syncs.grad.qkv_fanin 0 count
timing grad.norm1_kernels 0.154426 ms
timing launches.grad.norm1_kernels 3 count
timing syncs.grad.norm1_kernels 0 count
timing grad.norm1_dW 0.078383 ms
timing launches.grad.norm1_dW 2 count
timing syncs.grad.norm1_dW 1 count
timing gemm.norm_dW 0.078383 ms
timing launches.gemm.norm_dW 2 count
timing syncs.gemm.norm_dW 1 count
timing grad.x_add 0.019247 ms
timing launches.grad.x_add 1 count
timing syncs.grad.x_add 0 count
timing bwd.after_attention 5.704272 ms
timing grad.refuse_scan 0.042053 ms
timing launches.grad.refuse_scan 1 count
timing syncs.grad.refuse_scan 1 count
timing grad.residual2_copy 0.027232 ms
timing launches.grad.residual2_copy 2 count
timing syncs.grad.residual2_copy 0 count
timing grad.down_dA 2.549084 ms
timing launches.grad.down_dA 0 count
timing syncs.grad.down_dA 0 count
timing gemm.down_dA 2.549084 ms
timing launches.gemm.down_dA 0 count
timing syncs.gemm.down_dA 0 count
timing grad.down_dB 2.397759 ms
timing launches.grad.down_dB 1 count
timing syncs.grad.down_dB 0 count
timing gemm.down_dB 2.397759 ms
timing launches.gemm.down_dB 1 count
timing syncs.gemm.down_dB 0 count
timing grad.gate_mul 0.049189 ms
timing launches.grad.gate_mul 2 count
timing syncs.grad.gate_mul 0 count
timing grad.silu 0.036487 ms
timing launches.grad.silu 1 count
timing syncs.grad.silu 0 count
timing grad.gate_dB 2.396866 ms
timing launches.grad.gate_dB 1 count
timing syncs.grad.gate_dB 0 count
timing gemm.gateup_dB 2.396866 ms
timing launches.gemm.gateup_dB 1 count
timing syncs.gemm.gateup_dB 0 count
timing grad.up_dB 2.390866 ms
timing launches.grad.up_dB 1 count
timing syncs.grad.up_dB 0 count
timing gemm.gateup_dB 2.390866 ms
timing launches.gemm.gateup_dB 1 count
timing syncs.gemm.gateup_dB 0 count
timing grad.gate_dA 2.406688 ms
timing launches.grad.gate_dA 1 count
timing syncs.grad.gate_dA 0 count
timing gemm.gateup_dA 2.406688 ms
timing launches.gemm.gateup_dA 1 count
timing syncs.gemm.gateup_dA 0 count
timing grad.up_dA 2.408491 ms
timing launches.grad.up_dA 1 count
timing syncs.grad.up_dA 0 count
timing gemm.gateup_dA 2.408491 ms
timing launches.gemm.gateup_dA 1 count
timing syncs.gemm.gateup_dA 0 count
timing grad.gateup_fanin 0.019634 ms
timing launches.grad.gateup_fanin 1 count
timing syncs.grad.gateup_fanin 0 count
timing grad.norm2_kernels 0.151509 ms
timing launches.grad.norm2_kernels 3 count
timing syncs.grad.norm2_kernels 0 count
timing grad.norm2_dW 0.080365 ms
timing launches.grad.norm2_dW 2 count
timing syncs.grad.norm2_dW 1 count
timing gemm.norm_dW 0.080365 ms
timing launches.gemm.norm_dW 2 count
timing syncs.gemm.norm_dW 1 count
timing grad.residual1_add 0.0189 ms
timing launches.grad.residual1_add 1 count
timing syncs.grad.residual1_add 0 count
timing grad.o_copy 0.01943 ms
timing launches.grad.o_copy 1 count
timing syncs.grad.o_copy 0 count
timing grad.o_dA 0.875711 ms
timing launches.grad.o_dA 1 count
timing syncs.grad.o_dA 0 count
timing gemm.proj_dA 0.875711 ms
timing launches.gemm.proj_dA 1 count
timing syncs.gemm.proj_dA 0 count
timing grad.o_dB 0.860369 ms
timing launches.grad.o_dB 1 count
timing syncs.grad.o_dB 0 count
timing gemm.proj_dB 0.860369 ms
timing launches.gemm.proj_dB 1 count
timing syncs.gemm.proj_dB 0 count
timing bwd.mlp_through_oproj 16.797368 ms
timing launches.bwd.mlp_through_oproj 21 count
timing syncs.bwd.mlp_through_oproj 2 count
timing bwd.before_attention 0.00059 ms
timing attn.bwd_regime_scan 0.224753 ms
timing attn.bwd_scratch_alloc 0.016645 ms
timing attn.bwd_zdot_estash_dres_pf 1.080491 ms
timing attn.bwd_dq_tiled_pf 2.298298 ms
timing attn.bwd_kvgrid_dkdv_pf 1.777949 ms
timing attn.bwd_corner_flag 0.055229 ms
timing bwd.attention 5.465642 ms
timing grad.kv_slice 0.029683 ms
timing launches.grad.kv_slice 2 count
timing syncs.grad.kv_slice 0 count
timing grad.rope 0.034459 ms
timing launches.grad.rope 2 count
timing syncs.grad.rope 0 count
timing grad.q_dB 0.865638 ms
timing launches.grad.q_dB 1 count
timing syncs.grad.q_dB 0 count
timing gemm.proj_dB 0.865638 ms
timing launches.gemm.proj_dB 1 count
timing syncs.gemm.proj_dB 0 count
timing grad.k_dB 0.856844 ms
timing launches.grad.k_dB 1 count
timing syncs.grad.k_dB 0 count
timing gemm.proj_dB 0.856844 ms
timing launches.gemm.proj_dB 1 count
timing syncs.gemm.proj_dB 0 count
timing grad.v_dB 0.870464 ms
timing launches.grad.v_dB 1 count
timing syncs.grad.v_dB 0 count
timing gemm.proj_dB 0.870464 ms
timing launches.gemm.proj_dB 1 count
timing syncs.gemm.proj_dB 0 count
timing grad.q_dA 0.886408 ms
timing launches.grad.q_dA 1 count
timing syncs.grad.q_dA 0 count
timing gemm.proj_dA 0.886408 ms
timing launches.gemm.proj_dA 1 count
timing syncs.gemm.proj_dA 0 count
timing grad.k_dA 0.908395 ms
timing launches.grad.k_dA 1 count
timing syncs.grad.k_dA 0 count
timing gemm.proj_dA 0.908395 ms
timing launches.gemm.proj_dA 1 count
timing syncs.gemm.proj_dA 0 count
timing grad.v_dA 0.896258 ms
timing launches.grad.v_dA 1 count
timing syncs.grad.v_dA 0 count
timing gemm.proj_dA 0.896258 ms
timing launches.gemm.proj_dA 1 count
timing syncs.gemm.proj_dA 0 count
timing grad.qkv_fanin 0.019917 ms
timing launches.grad.qkv_fanin 1 count
timing syncs.grad.qkv_fanin 0 count
timing grad.norm1_kernels 0.152731 ms
timing launches.grad.norm1_kernels 3 count
timing syncs.grad.norm1_kernels 0 count
timing grad.norm1_dW 0.071958 ms
timing launches.grad.norm1_dW 2 count
timing syncs.grad.norm1_dW 1 count
timing gemm.norm_dW 0.071958 ms
timing launches.gemm.norm_dW 2 count
timing syncs.gemm.norm_dW 1 count
timing grad.x_add 0.018864 ms
timing launches.grad.x_add 1 count
timing syncs.grad.x_add 0 count
timing bwd.after_attention 5.658356 ms
timing grad.refuse_scan 0.041267 ms
timing launches.grad.refuse_scan 1 count
timing syncs.grad.refuse_scan 1 count
timing grad.residual2_copy 0.02709 ms
timing launches.grad.residual2_copy 2 count
timing syncs.grad.residual2_copy 0 count
timing grad.down_dA 2.597742 ms
timing launches.grad.down_dA 0 count
timing syncs.grad.down_dA 0 count
timing gemm.down_dA 2.597742 ms
timing launches.gemm.down_dA 0 count
timing syncs.gemm.down_dA 0 count
timing grad.down_dB 2.420621 ms
timing launches.grad.down_dB 1 count
timing syncs.grad.down_dB 0 count
timing gemm.down_dB 2.420621 ms
timing launches.gemm.down_dB 1 count
timing syncs.gemm.down_dB 0 count
timing grad.gate_mul 0.04906 ms
timing launches.grad.gate_mul 2 count
timing syncs.grad.gate_mul 0 count
timing grad.silu 0.035396 ms
timing launches.grad.silu 1 count
timing syncs.grad.silu 0 count
timing grad.gate_dB 2.404212 ms
timing launches.grad.gate_dB 1 count
timing syncs.grad.gate_dB 0 count
timing gemm.gateup_dB 2.404212 ms
timing launches.gemm.gateup_dB 1 count
timing syncs.gemm.gateup_dB 0 count
timing grad.up_dB 2.371103 ms
timing launches.grad.up_dB 1 count
timing syncs.grad.up_dB 0 count
timing gemm.gateup_dB 2.371103 ms
timing launches.gemm.gateup_dB 1 count
timing syncs.gemm.gateup_dB 0 count
timing grad.gate_dA 2.392637 ms
timing launches.grad.gate_dA 1 count
timing syncs.grad.gate_dA 0 count
timing gemm.gateup_dA 2.392637 ms
timing launches.gemm.gateup_dA 1 count
timing syncs.gemm.gateup_dA 0 count
timing grad.up_dA 2.385401 ms
timing launches.grad.up_dA 1 count
timing syncs.grad.up_dA 0 count
timing gemm.gateup_dA 2.385401 ms
timing launches.gemm.gateup_dA 1 count
timing syncs.gemm.gateup_dA 0 count
timing grad.gateup_fanin 0.019634 ms
timing launches.grad.gateup_fanin 1 count
timing syncs.grad.gateup_fanin 0 count
timing grad.norm2_kernels 0.151639 ms
timing launches.grad.norm2_kernels 3 count
timing syncs.grad.norm2_kernels 0 count
timing grad.norm2_dW 0.071621 ms
timing launches.grad.norm2_dW 2 count
timing syncs.grad.norm2_dW 1 count
timing gemm.norm_dW 0.071621 ms
timing launches.gemm.norm_dW 2 count
timing syncs.gemm.norm_dW 1 count
timing grad.residual1_add 0.019008 ms
timing launches.grad.residual1_add 1 count
timing syncs.grad.residual1_add 0 count
timing grad.o_copy 0.01857 ms
timing launches.grad.o_copy 1 count
timing syncs.grad.o_copy 0 count
timing grad.o_dA 0.862693 ms
timing launches.grad.o_dA 1 count
timing syncs.grad.o_dA 0 count
timing gemm.proj_dA 0.862693 ms
timing launches.gemm.proj_dA 1 count
timing syncs.gemm.proj_dA 0 count
timing grad.o_dB 0.86085 ms
timing launches.grad.o_dB 1 count
timing syncs.grad.o_dB 0 count
timing gemm.proj_dB 0.86085 ms
timing launches.gemm.proj_dB 1 count
timing syncs.gemm.proj_dB 0 count
timing bwd.mlp_through_oproj 16.794243 ms
timing launches.bwd.mlp_through_oproj 21 count
timing syncs.bwd.mlp_through_oproj 2 count
timing bwd.before_attention 0.000601 ms
timing attn.bwd_regime_scan 0.215302 ms
timing attn.bwd_scratch_alloc 0.017222 ms
timing attn.bwd_zdot_estash_dres_pf 1.06187 ms
timing attn.bwd_dq_tiled_pf 2.302717 ms
timing attn.bwd_kvgrid_dkdv_pf 1.779695 ms
timing attn.bwd_corner_flag 0.054315 ms
timing bwd.attention 5.443691 ms
timing grad.kv_slice 0.03049 ms
timing launches.grad.kv_slice 2 count
timing syncs.grad.kv_slice 0 count
timing grad.rope 0.034806 ms
timing launches.grad.rope 2 count
timing syncs.grad.rope 0 count
timing grad.q_dB 0.876276 ms
timing launches.grad.q_dB 1 count
timing syncs.grad.q_dB 0 count
timing gemm.proj_dB 0.876276 ms
timing launches.gemm.proj_dB 1 count
timing syncs.gemm.proj_dB 0 count
timing grad.k_dB 0.858618 ms
timing launches.grad.k_dB 1 count
timing syncs.grad.k_dB 0 count
timing gemm.proj_dB 0.858618 ms
timing launches.gemm.proj_dB 1 count
timing syncs.gemm.proj_dB 0 count
timing grad.v_dB 0.845474 ms
timing launches.grad.v_dB 1 count
timing syncs.grad.v_dB 0 count
timing gemm.proj_dB 0.845474 ms
timing launches.gemm.proj_dB 1 count
timing syncs.gemm.proj_dB 0 count
timing grad.q_dA 0.886574 ms
timing launches.grad.q_dA 1 count
timing syncs.grad.q_dA 0 count
timing gemm.proj_dA 0.886574 ms
timing launches.gemm.proj_dA 1 count
timing syncs.gemm.proj_dA 0 count
timing grad.k_dA 0.903816 ms
timing launches.grad.k_dA 1 count
timing syncs.grad.k_dA 0 count
timing gemm.proj_dA 0.903816 ms
timing launches.gemm.proj_dA 1 count
timing syncs.gemm.proj_dA 0 count
timing grad.v_dA 0.89047 ms
timing launches.grad.v_dA 1 count
timing syncs.grad.v_dA 0 count
timing gemm.proj_dA 0.89047 ms
timing launches.gemm.proj_dA 1 count
timing syncs.gemm.proj_dA 0 count
timing grad.qkv_fanin 0.020351 ms
timing launches.grad.qkv_fanin 1 count
timing syncs.grad.qkv_fanin 0 count
timing grad.norm1_kernels 0.154834 ms
timing launches.grad.norm1_kernels 3 count
timing syncs.grad.norm1_kernels 0 count
timing grad.norm1_dW 0.073601 ms
timing launches.grad.norm1_dW 2 count
timing syncs.grad.norm1_dW 1 count
timing gemm.norm_dW 0.073601 ms
timing launches.gemm.norm_dW 2 count
timing syncs.gemm.norm_dW 1 count
timing grad.x_add 0.019114 ms
timing launches.grad.x_add 1 count
timing syncs.grad.x_add 0 count
timing bwd.after_attention 5.641994 ms
timing grad.refuse_scan 0.041369 ms
timing launches.grad.refuse_scan 1 count
timing syncs.grad.refuse_scan 1 count
timing grad.residual2_copy 0.027364 ms
timing launches.grad.residual2_copy 2 count
timing syncs.grad.residual2_copy 0 count
timing grad.down_dA 2.589371 ms
timing launches.grad.down_dA 0 count
timing syncs.grad.down_dA 0 count
timing gemm.down_dA 2.589371 ms
timing launches.gemm.down_dA 0 count
timing syncs.gemm.down_dA 0 count
timing grad.down_dB 2.410734 ms
timing launches.grad.down_dB 1 count
timing syncs.grad.down_dB 0 count
timing gemm.down_dB 2.410734 ms
timing launches.gemm.down_dB 1 count
timing syncs.gemm.down_dB 0 count
timing grad.gate_mul 0.049625 ms
timing launches.grad.gate_mul 2 count
timing syncs.grad.gate_mul 0 count
timing grad.silu 0.035156 ms
timing launches.grad.silu 1 count
timing syncs.grad.silu 0 count
timing grad.gate_dB 2.410464 ms
timing launches.grad.gate_dB 1 count
timing syncs.grad.gate_dB 0 count
timing gemm.gateup_dB 2.410464 ms
timing launches.gemm.gateup_dB 1 count
timing syncs.gemm.gateup_dB 0 count
timing grad.up_dB 2.406639 ms
timing launches.grad.up_dB 1 count
timing syncs.grad.up_dB 0 count
timing gemm.gateup_dB 2.406639 ms
timing launches.gemm.gateup_dB 1 count
timing syncs.gemm.gateup_dB 0 count
timing grad.gate_dA 2.409013 ms
timing launches.grad.gate_dA 1 count
timing syncs.grad.gate_dA 0 count
timing gemm.gateup_dA 2.409013 ms
timing launches.gemm.gateup_dA 1 count
timing syncs.gemm.gateup_dA 0 count
timing grad.up_dA 2.401053 ms
timing launches.grad.up_dA 1 count
timing syncs.grad.up_dA 0 count
timing gemm.gateup_dA 2.401053 ms
timing launches.gemm.gateup_dA 1 count
timing syncs.gemm.gateup_dA 0 count
timing grad.gateup_fanin 0.019379 ms
timing launches.grad.gateup_fanin 1 count
timing syncs.grad.gateup_fanin 0 count
timing grad.norm2_kernels 0.151826 ms
timing launches.grad.norm2_kernels 3 count
timing syncs.grad.norm2_kernels 0 count
timing grad.norm2_dW 0.072648 ms
timing launches.grad.norm2_dW 2 count
timing syncs.grad.norm2_dW 1 count
timing gemm.norm_dW 0.072648 ms
timing launches.gemm.norm_dW 2 count
timing syncs.gemm.norm_dW 1 count
timing grad.residual1_add 0.01917 ms
timing launches.grad.residual1_add 1 count
timing syncs.grad.residual1_add 0 count
timing grad.o_copy 0.018752 ms
timing launches.grad.o_copy 1 count
timing syncs.grad.o_copy 0 count
timing grad.o_dA 0.871808 ms
timing launches.grad.o_dA 1 count
timing syncs.grad.o_dA 0 count
timing gemm.proj_dA 0.871808 ms
timing launches.gemm.proj_dA 1 count
timing syncs.gemm.proj_dA 0 count
timing grad.o_dB 0.861712 ms
timing launches.grad.o_dB 1 count
timing syncs.grad.o_dB 0 count
timing gemm.proj_dB 0.861712 ms
timing launches.gemm.proj_dB 1 count
timing syncs.gemm.proj_dB 0 count
timing bwd.mlp_through_oproj 16.862252 ms
timing launches.bwd.mlp_through_oproj 21 count
timing syncs.bwd.mlp_through_oproj 2 count
timing bwd.before_attention 0.000591 ms
timing attn.bwd_regime_scan 0.21508 ms
timing attn.bwd_scratch_alloc 0.016646 ms
timing attn.bwd_zdot_estash_dres_pf 1.062753 ms
timing attn.bwd_dq_tiled_pf 2.302157 ms
timing attn.bwd_kvgrid_dkdv_pf 1.760706 ms
timing attn.bwd_corner_flag 0.055842 ms
timing bwd.attention 5.426067 ms
timing grad.kv_slice 0.032806 ms
timing launches.grad.kv_slice 2 count
timing syncs.grad.kv_slice 0 count
timing grad.rope 0.034915 ms
timing launches.grad.rope 2 count
timing syncs.grad.rope 0 count
timing grad.q_dB 0.880132 ms
timing launches.grad.q_dB 1 count
timing syncs.grad.q_dB 0 count
timing gemm.proj_dB 0.880132 ms
timing launches.gemm.proj_dB 1 count
timing syncs.gemm.proj_dB 0 count
timing grad.k_dB 0.852304 ms
timing launches.grad.k_dB 1 count
timing syncs.grad.k_dB 0 count
timing gemm.proj_dB 0.852304 ms
timing launches.gemm.proj_dB 1 count
timing syncs.gemm.proj_dB 0 count
timing grad.v_dB 0.847629 ms
timing launches.grad.v_dB 1 count
timing syncs.grad.v_dB 0 count
timing gemm.proj_dB 0.847629 ms
timing launches.gemm.proj_dB 1 count
timing syncs.gemm.proj_dB 0 count
timing grad.q_dA 0.884626 ms
timing launches.grad.q_dA 1 count
timing syncs.grad.q_dA 0 count
timing gemm.proj_dA 0.884626 ms
timing launches.gemm.proj_dA 1 count
timing syncs.gemm.proj_dA 0 count
timing grad.k_dA 0.892721 ms
timing launches.grad.k_dA 1 count
timing syncs.grad.k_dA 0 count
timing gemm.proj_dA 0.892721 ms
timing launches.gemm.proj_dA 1 count
timing syncs.gemm.proj_dA 0 count
timing grad.v_dA 0.8959 ms
timing launches.grad.v_dA 1 count
timing syncs.grad.v_dA 0 count
timing gemm.proj_dA 0.8959 ms
timing launches.gemm.proj_dA 1 count
timing syncs.gemm.proj_dA 0 count
timing grad.qkv_fanin 0.019738 ms
timing launches.grad.qkv_fanin 1 count
timing syncs.grad.qkv_fanin 0 count
timing grad.norm1_kernels 0.149698 ms
timing launches.grad.norm1_kernels 3 count
timing syncs.grad.norm1_kernels 0 count
timing grad.norm1_dW 0.071352 ms
timing launches.grad.norm1_dW 2 count
timing syncs.grad.norm1_dW 1 count
timing gemm.norm_dW 0.071352 ms
timing launches.gemm.norm_dW 2 count
timing syncs.gemm.norm_dW 1 count
timing grad.x_add 0.018906 ms
timing launches.grad.x_add 1 count
timing syncs.grad.x_add 0 count
timing bwd.after_attention 5.630095 ms
timing grad.refuse_scan 0.041085 ms
timing launches.grad.refuse_scan 1 count
timing syncs.grad.refuse_scan 1 count
timing grad.residual2_copy 0.026711 ms
timing launches.grad.residual2_copy 2 count
timing syncs.grad.residual2_copy 0 count
timing grad.down_dA 2.601602 ms
timing launches.grad.down_dA 0 count
timing syncs.grad.down_dA 0 count
timing gemm.down_dA 2.601602 ms
timing launches.gemm.down_dA 0 count
timing syncs.gemm.down_dA 0 count
timing grad.down_dB 2.422268 ms
timing launches.grad.down_dB 1 count
timing syncs.grad.down_dB 0 count
timing gemm.down_dB 2.422268 ms
timing launches.gemm.down_dB 1 count
timing syncs.gemm.down_dB 0 count
timing grad.gate_mul 0.050079 ms
timing launches.grad.gate_mul 2 count
timing syncs.grad.gate_mul 0 count
timing grad.silu 0.036773 ms
timing launches.grad.silu 1 count
timing syncs.grad.silu 0 count
timing grad.gate_dB 2.430405 ms
timing launches.grad.gate_dB 1 count
timing syncs.grad.gate_dB 0 count
timing gemm.gateup_dB 2.430405 ms
timing launches.gemm.gateup_dB 1 count
timing syncs.gemm.gateup_dB 0 count
timing grad.up_dB 2.396637 ms
timing launches.grad.up_dB 1 count
timing syncs.grad.up_dB 0 count
timing gemm.gateup_dB 2.396637 ms
timing launches.gemm.gateup_dB 1 count
timing syncs.gemm.gateup_dB 0 count
timing grad.gate_dA 2.405859 ms
timing launches.grad.gate_dA 1 count
timing syncs.grad.gate_dA 0 count
timing gemm.gateup_dA 2.405859 ms
timing launches.gemm.gateup_dA 1 count
timing syncs.gemm.gateup_dA 0 count
timing grad.up_dA 2.399439 ms
timing launches.grad.up_dA 1 count
timing syncs.grad.up_dA 0 count
timing gemm.gateup_dA 2.399439 ms
timing launches.gemm.gateup_dA 1 count
timing syncs.gemm.gateup_dA 0 count
timing grad.gateup_fanin 0.019843 ms
timing launches.grad.gateup_fanin 1 count
timing syncs.grad.gateup_fanin 0 count
timing grad.norm2_kernels 0.152155 ms
timing launches.grad.norm2_kernels 3 count
timing syncs.grad.norm2_kernels 0 count
timing grad.norm2_dW 0.072081 ms
timing launches.grad.norm2_dW 2 count
timing syncs.grad.norm2_dW 1 count
timing gemm.norm_dW 0.072081 ms
timing launches.gemm.norm_dW 2 count
timing syncs.gemm.norm_dW 1 count
timing grad.residual1_add 0.019081 ms
timing launches.grad.residual1_add 1 count
timing syncs.grad.residual1_add 0 count
timing grad.o_copy 0.018302 ms
timing launches.grad.o_copy 1 count
timing syncs.grad.o_copy 0 count
timing grad.o_dA 0.892378 ms
timing launches.grad.o_dA 1 count
timing syncs.grad.o_dA 0 count
timing gemm.proj_dA 0.892378 ms
timing launches.gemm.proj_dA 1 count
timing syncs.gemm.proj_dA 0 count
timing grad.o_dB 0.851639 ms
timing launches.grad.o_dB 1 count
timing syncs.grad.o_dB 0 count
timing gemm.proj_dB 0.851639 ms
timing launches.gemm.proj_dB 1 count
timing syncs.gemm.proj_dB 0 count
timing bwd.mlp_through_oproj 16.902762 ms
timing launches.bwd.mlp_through_oproj 21 count
timing syncs.bwd.mlp_through_oproj 2 count
timing bwd.before_attention 0.000584 ms
timing attn.bwd_regime_scan 0.212183 ms
timing attn.bwd_scratch_alloc 0.01646 ms
timing attn.bwd_zdot_estash_dres_pf 1.069794 ms
timing attn.bwd_dq_tiled_pf 2.284848 ms
timing attn.bwd_kvgrid_dkdv_pf 1.780154 ms
timing attn.bwd_corner_flag 0.055381 ms
timing bwd.attention 5.431219 ms
timing grad.kv_slice 0.030491 ms
timing launches.grad.kv_slice 2 count
timing syncs.grad.kv_slice 0 count
timing grad.rope 0.033172 ms
timing launches.grad.rope 2 count
timing syncs.grad.rope 0 count
timing grad.q_dB 0.873803 ms
timing launches.grad.q_dB 1 count
timing syncs.grad.q_dB 0 count
timing gemm.proj_dB 0.873803 ms
timing launches.gemm.proj_dB 1 count
timing syncs.gemm.proj_dB 0 count
timing grad.k_dB 0.848258 ms
timing launches.grad.k_dB 1 count
timing syncs.grad.k_dB 0 count
timing gemm.proj_dB 0.848258 ms
timing launches.gemm.proj_dB 1 count
timing syncs.gemm.proj_dB 0 count
timing grad.v_dB 0.863519 ms
timing launches.grad.v_dB 1 count
timing syncs.grad.v_dB 0 count
timing gemm.proj_dB 0.863519 ms
timing launches.gemm.proj_dB 1 count
timing syncs.gemm.proj_dB 0 count
timing grad.q_dA 0.894053 ms
timing launches.grad.q_dA 1 count
timing syncs.grad.q_dA 0 count
timing gemm.proj_dA 0.894053 ms
timing launches.gemm.proj_dA 1 count
timing syncs.gemm.proj_dA 0 count
timing grad.k_dA 0.895457 ms
timing launches.grad.k_dA 1 count
timing syncs.grad.k_dA 0 count
timing gemm.proj_dA 0.895457 ms
timing launches.gemm.proj_dA 1 count
timing syncs.gemm.proj_dA 0 count
timing grad.v_dA 0.891466 ms
timing launches.grad.v_dA 1 count
timing syncs.grad.v_dA 0 count
timing gemm.proj_dA 0.891466 ms
timing launches.gemm.proj_dA 1 count
timing syncs.gemm.proj_dA 0 count
timing grad.qkv_fanin 0.020058 ms
timing launches.grad.qkv_fanin 1 count
timing syncs.grad.qkv_fanin 0 count
timing grad.norm1_kernels 0.153656 ms
timing launches.grad.norm1_kernels 3 count
timing syncs.grad.norm1_kernels 0 count
timing grad.norm1_dW 0.0741 ms
timing launches.grad.norm1_dW 2 count
timing syncs.grad.norm1_dW 1 count
timing gemm.norm_dW 0.0741 ms
timing launches.gemm.norm_dW 2 count
timing syncs.gemm.norm_dW 1 count
timing grad.x_add 0.019634 ms
timing launches.grad.x_add 1 count
timing syncs.grad.x_add 0 count
timing bwd.after_attention 5.646958 ms
timing grad.refuse_scan 0.041481 ms
timing launches.grad.refuse_scan 1 count
timing syncs.grad.refuse_scan 1 count
timing grad.residual2_copy 0.027077 ms
timing launches.grad.residual2_copy 2 count
timing syncs.grad.residual2_copy 0 count
timing grad.down_dA 2.587081 ms
timing launches.grad.down_dA 0 count
timing syncs.grad.down_dA 0 count
timing gemm.down_dA 2.587081 ms
timing launches.gemm.down_dA 0 count
timing syncs.gemm.down_dA 0 count
timing grad.down_dB 2.389613 ms
timing launches.grad.down_dB 1 count
timing syncs.grad.down_dB 0 count
timing gemm.down_dB 2.389613 ms
timing launches.gemm.down_dB 1 count
timing syncs.gemm.down_dB 0 count
timing grad.gate_mul 0.049162 ms
timing launches.grad.gate_mul 2 count
timing syncs.grad.gate_mul 0 count
timing grad.silu 0.035518 ms
timing launches.grad.silu 1 count
timing syncs.grad.silu 0 count
timing grad.gate_dB 2.383482 ms
timing launches.grad.gate_dB 1 count
timing syncs.grad.gate_dB 0 count
timing gemm.gateup_dB 2.383482 ms
timing launches.gemm.gateup_dB 1 count
timing syncs.gemm.gateup_dB 0 count
timing grad.up_dB 2.365726 ms
timing launches.grad.up_dB 1 count
timing syncs.grad.up_dB 0 count
timing gemm.gateup_dB 2.365726 ms
timing launches.gemm.gateup_dB 1 count
timing syncs.gemm.gateup_dB 0 count
timing grad.gate_dA 2.429457 ms
timing launches.grad.gate_dA 1 count
timing syncs.grad.gate_dA 0 count
timing gemm.gateup_dA 2.429457 ms
timing launches.gemm.gateup_dA 1 count
timing syncs.gemm.gateup_dA 0 count
timing grad.up_dA 2.42431 ms
timing launches.grad.up_dA 1 count
timing syncs.grad.up_dA 0 count
timing gemm.gateup_dA 2.42431 ms
timing launches.gemm.gateup_dA 1 count
timing syncs.gemm.gateup_dA 0 count
timing grad.gateup_fanin 0.019901 ms
timing launches.grad.gateup_fanin 1 count
timing syncs.grad.gateup_fanin 0 count
timing grad.norm2_kernels 0.152391 ms
timing launches.grad.norm2_kernels 3 count
timing syncs.grad.norm2_kernels 0 count
timing grad.norm2_dW 0.072184 ms
timing launches.grad.norm2_dW 2 count
timing syncs.grad.norm2_dW 1 count
timing gemm.norm_dW 0.072184 ms
timing launches.gemm.norm_dW 2 count
timing syncs.gemm.norm_dW 1 count
timing grad.residual1_add 0.018675 ms
timing launches.grad.residual1_add 1 count
timing syncs.grad.residual1_add 0 count
timing grad.o_copy 0.018406 ms
timing launches.grad.o_copy 1 count
timing syncs.grad.o_copy 0 count
timing grad.o_dA 0.885813 ms
timing launches.grad.o_dA 1 count
timing syncs.grad.o_dA 0 count
timing gemm.proj_dA 0.885813 ms
timing launches.gemm.proj_dA 1 count
timing syncs.gemm.proj_dA 0 count
timing grad.o_dB 0.859613 ms
timing launches.grad.o_dB 1 count
timing syncs.grad.o_dB 0 count
timing gemm.proj_dB 0.859613 ms
timing launches.gemm.proj_dB 1 count
timing syncs.gemm.proj_dB 0 count
timing bwd.mlp_through_oproj 16.827952 ms
timing launches.bwd.mlp_through_oproj 21 count
timing syncs.bwd.mlp_through_oproj 2 count
timing bwd.before_attention 0.000609 ms
timing attn.bwd_regime_scan 0.219243 ms
timing attn.bwd_scratch_alloc 0.016975 ms
timing attn.bwd_zdot_estash_dres_pf 1.07242 ms
timing attn.bwd_dq_tiled_pf 2.287211 ms
timing attn.bwd_kvgrid_dkdv_pf 1.805536 ms
timing attn.bwd_corner_flag 0.055635 ms
timing bwd.attention 5.469398 ms
timing grad.kv_slice 0.031242 ms
timing launches.grad.kv_slice 2 count
timing syncs.grad.kv_slice 0 count
timing grad.rope 0.032749 ms
timing launches.grad.rope 2 count
timing syncs.grad.rope 0 count
timing grad.q_dB 0.883137 ms
timing launches.grad.q_dB 1 count
timing syncs.grad.q_dB 0 count
timing gemm.proj_dB 0.883137 ms
timing launches.gemm.proj_dB 1 count
timing syncs.gemm.proj_dB 0 count
timing grad.k_dB 0.853351 ms
timing launches.grad.k_dB 1 count
timing syncs.grad.k_dB 0 count
timing gemm.proj_dB 0.853351 ms
timing launches.gemm.proj_dB 1 count
timing syncs.gemm.proj_dB 0 count
timing grad.v_dB 0.870924 ms
timing launches.grad.v_dB 1 count
timing syncs.grad.v_dB 0 count
timing gemm.proj_dB 0.870924 ms
timing launches.gemm.proj_dB 1 count
timing syncs.gemm.proj_dB 0 count
timing grad.q_dA 0.8762 ms
timing launches.grad.q_dA 1 count
timing syncs.grad.q_dA 0 count
timing gemm.proj_dA 0.8762 ms
timing launches.gemm.proj_dA 1 count
timing syncs.gemm.proj_dA 0 count
timing grad.k_dA 0.897195 ms
timing launches.grad.k_dA 1 count
timing syncs.grad.k_dA 0 count
timing gemm.proj_dA 0.897195 ms
timing launches.gemm.proj_dA 1 count
timing syncs.gemm.proj_dA 0 count
timing grad.v_dA 0.918213 ms
timing launches.grad.v_dA 1 count
timing syncs.grad.v_dA 0 count
timing gemm.proj_dA 0.918213 ms
timing launches.gemm.proj_dA 1 count
timing syncs.gemm.proj_dA 0 count
timing grad.qkv_fanin 0.02073 ms
timing launches.grad.qkv_fanin 1 count
timing syncs.grad.qkv_fanin 0 count
timing grad.norm1_kernels 0.152532 ms
timing launches.grad.norm1_kernels 3 count
timing syncs.grad.norm1_kernels 0 count
timing grad.norm1_dW 0.072562 ms
timing launches.grad.norm1_dW 2 count
timing syncs.grad.norm1_dW 1 count
timing gemm.norm_dW 0.072562 ms
timing launches.gemm.norm_dW 2 count
timing syncs.gemm.norm_dW 1 count
timing grad.x_add 0.019268 ms
timing launches.grad.x_add 1 count
timing syncs.grad.x_add 0 count
timing bwd.after_attention 5.675901 ms
timing grad.refuse_scan 0.041679 ms
timing launches.grad.refuse_scan 1 count
timing syncs.grad.refuse_scan 1 count
timing grad.residual2_copy 0.026672 ms
timing launches.grad.residual2_copy 2 count
timing syncs.grad.residual2_copy 0 count
timing grad.down_dA 2.567414 ms
timing launches.grad.down_dA 0 count
timing syncs.grad.down_dA 0 count
timing gemm.down_dA 2.567414 ms
timing launches.gemm.down_dA 0 count
timing syncs.gemm.down_dA 0 count
timing grad.down_dB 2.463225 ms
timing launches.grad.down_dB 1 count
timing syncs.grad.down_dB 0 count
timing gemm.down_dB 2.463225 ms
timing launches.gemm.down_dB 1 count
timing syncs.gemm.down_dB 0 count
timing grad.gate_mul 0.050935 ms
timing launches.grad.gate_mul 2 count
timing syncs.grad.gate_mul 0 count
timing grad.silu 0.034839 ms
timing launches.grad.silu 1 count
timing syncs.grad.silu 0 count
timing grad.gate_dB 2.429776 ms
timing launches.grad.gate_dB 1 count
timing syncs.grad.gate_dB 0 count
timing gemm.gateup_dB 2.429776 ms
timing launches.gemm.gateup_dB 1 count
timing syncs.gemm.gateup_dB 0 count
timing grad.up_dB 2.417607 ms
timing launches.grad.up_dB 1 count
timing syncs.grad.up_dB 0 count
timing gemm.gateup_dB 2.417607 ms
timing launches.gemm.gateup_dB 1 count
timing syncs.gemm.gateup_dB 0 count
timing grad.gate_dA 2.443071 ms
timing launches.grad.gate_dA 1 count
timing syncs.grad.gate_dA 0 count
timing gemm.gateup_dA 2.443071 ms
timing launches.gemm.gateup_dA 1 count
timing syncs.gemm.gateup_dA 0 count
timing grad.up_dA 2.400283 ms
timing launches.grad.up_dA 1 count
timing syncs.grad.up_dA 0 count
timing gemm.gateup_dA 2.400283 ms
timing launches.gemm.gateup_dA 1 count
timing syncs.gemm.gateup_dA 0 count
timing grad.gateup_fanin 0.019515 ms
timing launches.grad.gateup_fanin 1 count
timing syncs.grad.gateup_fanin 0 count
timing grad.norm2_kernels 0.15072 ms
timing launches.grad.norm2_kernels 3 count
timing syncs.grad.norm2_kernels 0 count
timing grad.norm2_dW 0.071448 ms
timing launches.grad.norm2_dW 2 count
timing syncs.grad.norm2_dW 1 count
timing gemm.norm_dW 0.071448 ms
timing launches.gemm.norm_dW 2 count
timing syncs.gemm.norm_dW 1 count
timing grad.residual1_add 0.019106 ms
timing launches.grad.residual1_add 1 count
timing syncs.grad.residual1_add 0 count
timing grad.o_copy 0.018292 ms
timing launches.grad.o_copy 1 count
timing syncs.grad.o_copy 0 count
timing grad.o_dA 0.883084 ms
timing launches.grad.o_dA 1 count
timing syncs.grad.o_dA 0 count
timing gemm.proj_dA 0.883084 ms
timing launches.gemm.proj_dA 1 count
timing syncs.gemm.proj_dA 0 count
timing grad.o_dB 0.860009 ms
timing launches.grad.o_dB 1 count
timing syncs.grad.o_dB 0 count
timing gemm.proj_dB 0.860009 ms
timing launches.gemm.proj_dB 1 count
timing syncs.gemm.proj_dB 0 count
timing bwd.mlp_through_oproj 16.964143 ms
timing launches.bwd.mlp_through_oproj 21 count
timing syncs.bwd.mlp_through_oproj 2 count
timing bwd.before_attention 0.000584 ms
timing attn.bwd_regime_scan 0.214724 ms
timing attn.bwd_scratch_alloc 0.016552 ms
timing attn.bwd_zdot_estash_dres_pf 1.063896 ms
timing attn.bwd_dq_tiled_pf 2.273262 ms
timing attn.bwd_kvgrid_dkdv_pf 1.811428 ms
timing attn.bwd_corner_flag 0.055308 ms
timing bwd.attention 5.448487 ms
timing grad.kv_slice 0.031435 ms
timing launches.grad.kv_slice 2 count
timing syncs.grad.kv_slice 0 count
timing grad.rope 0.033036 ms
timing launches.grad.rope 2 count
timing syncs.grad.rope 0 count
timing grad.q_dB 0.884411 ms
timing launches.grad.q_dB 1 count
timing syncs.grad.q_dB 0 count
timing gemm.proj_dB 0.884411 ms
timing launches.gemm.proj_dB 1 count
timing syncs.gemm.proj_dB 0 count
timing grad.k_dB 0.854134 ms
timing launches.grad.k_dB 1 count
timing syncs.grad.k_dB 0 count
timing gemm.proj_dB 0.854134 ms
timing launches.gemm.proj_dB 1 count
timing syncs.gemm.proj_dB 0 count
timing grad.v_dB 0.861249 ms
timing launches.grad.v_dB 1 count
timing syncs.grad.v_dB 0 count
timing gemm.proj_dB 0.861249 ms
timing launches.gemm.proj_dB 1 count
timing syncs.gemm.proj_dB 0 count
timing grad.q_dA 0.882774 ms
timing launches.grad.q_dA 1 count
timing syncs.grad.q_dA 0 count
timing gemm.proj_dA 0.882774 ms
timing launches.gemm.proj_dA 1 count
timing syncs.gemm.proj_dA 0 count
timing grad.k_dA 0.878783 ms
timing launches.grad.k_dA 1 count
timing syncs.grad.k_dA 0 count
timing gemm.proj_dA 0.878783 ms
timing launches.gemm.proj_dA 1 count
timing syncs.gemm.proj_dA 0 count
timing grad.v_dA 0.893949 ms
timing launches.grad.v_dA 1 count
timing syncs.grad.v_dA 0 count
timing gemm.proj_dA 0.893949 ms
timing launches.gemm.proj_dA 1 count
timing syncs.gemm.proj_dA 0 count
timing grad.qkv_fanin 0.020143 ms
timing launches.grad.qkv_fanin 1 count
timing syncs.grad.qkv_fanin 0 count
timing grad.norm1_kernels 0.1525 ms
timing launches.grad.norm1_kernels 3 count
timing syncs.grad.norm1_kernels 0 count
timing grad.norm1_dW 0.073253 ms
timing launches.grad.norm1_dW 2 count
timing syncs.grad.norm1_dW 1 count
timing gemm.norm_dW 0.073253 ms
timing launches.gemm.norm_dW 2 count
timing syncs.gemm.norm_dW 1 count
timing grad.x_add 0.01893 ms
timing launches.grad.x_add 1 count
timing syncs.grad.x_add 0 count
timing bwd.after_attention 5.632488 ms
timing envelope.blocks_backward 335.699215 ms
timing step.embedding_backward 7.675325 ms
timing step.pack_grads 0.696283 ms
timing step.pack_grads_bytes 648591360 bytes
timing step.validate_grads_scan 0.577506 ms
timing step.validate_grads_scan_bytes 648591360 bytes
timing step.optimizer 1.670028 ms
timing step.validate_after_scan 2.539763 ms
timing step.validate_after_scan_bytes 2594365440 bytes
timing step.bind_final_sync 0.001171 ms
timing count.launches 870 count
timing count.synchronizes 594 count
timing count.copies_h2d 2 count
timing count.copies_d2h 154 count
timing count.copies_d2d 24 count
timing count.device_allocs 193 count
timing count.host_allocs 151 count
timing count.native_steps 1 count
timing step.bind_publish 0.009002 ms
timing step.bind_publish_bytes 444 bytes
timing envelope.native_call 699.2618099975516 ms
timing step.py_flags 0.09634000161895528 ms
timing step.py_flags_bytes 440 bytes
{"event": "component_timing_step_end", "timing_step": 3, "seconds": 0.6996331139998802, "loss": 9.718921661376953, "witness_export_seconds": 10.935340097003063, "step": 4, "completed_steps": 4, "sha256": {"loss": "8ffbc8e67f8d3ac27e95bd808422a067110763f21020e5e61bf168d7e13eeb8a", "gradients": "d5e4a03a6c54ffd92c01b9ee5875436ebb38bf68f79ad0d583f136d566584f90", "parameters": "f6fff86bc1236453dd91cdaf7c31da10cbe703c3c6e948aa4c54e2c461d72637", "m": "c2498413c9742309fd1b1093b52fedb4c95b3fc2e1b20e6e0021d5ec07ca9fc2", "v": "09323102fd12360ee80a9bdbc2905d930053f9fd06d57b822f3e1d31c8d857b6", "flags": "360d579dbd14759b41afdf7fb5e80c0101e15150ae401d59f92a1e32d129f7cb"}, "t": 1789695994.4519825}
